Timestamp,RecipeId,JobId,RunId,Active_State_General_StaOperatingState,Name,Text,Severity,Active_ActProcVal_All_MainDrive_ActSpeed,Active_ActProcVal_All_MainDrive_ActTorquePercent,Active_ActProcVal_All_MainDrive_ActThroughput,Active_ActProcVal_All_MainDrive_ActPower,Active_ActProcVal_All_MainDrive_ActSME,Active_ActProcVal_All_Endplate_ActPressure
2025-12-16T17:37:26.948738,Recipe_A,a717ca67-edd7-4f3d-81bc-b95bafc99df1,15,0.0,,,,0.0,0.0,0.0,0.0,0.0,0.0
2025-12-16T17:37:27.948738,Recipe_A,a717ca67-edd7-4f3d-81bc-b95bafc99df1,15,0.0,,,,0.0,0.0,0.0,0.0,0.0,0.0
2025-12-16T17:37:28.948738,Recipe_A,a717ca67-edd7-4f3d-81bc-b95bafc99df1,15,0.0,,,,0.0,0.0,0.0,0.0,0.0,0.0
2025-12-16T17:37:29.948738,Recipe_A,a717ca67-edd7-4f3d-81bc-b95bafc99df1,15,0.0,,,,0.0,0.0,0.0,0.0,0.0,0.0
2025-12-16T17:37:30.948738,Recipe_A,a717ca67-edd7-4f3d-81bc-b95bafc99df1,15,0.0,,,,0.0,0.0,0.0,0.0,0.0,0.0
2025-12-16T17:37:31.948738,Recipe_A,a717ca67-edd7-4f3d-81bc-b95bafc99df1,15,0.0,,,,0.0,0.0,0.0,0.0,0.0,0.0
2025-12-16T17:37:32.948738,Recipe_A,a717ca67-edd7-4f3d-81bc-b95bafc99df1,15,0.0,,,,0.0,0.0,0.0,0.0,0.0,0.0
2025-12-16T17:37:32.948738,Recipe_A,a717ca67-edd7-4f3d-81bc-b95bafc99df1,15,0.0,Error_9,Simulated Error occurred,Error,,,,,,
2025-12-16T17:37:33.948738,Recipe_A,a717ca67-edd7-4f3d-81bc-b95bafc99df1,15,0.0,,,,0.0,0.0,0.0,0.0,0.0,0.0
2025-12-16T17:37:34.948738,Recipe_A,a717ca67-edd7-4f3d-81bc-b95bafc99df1,15,2.0,,,,10.3,8.19,5.71,7.51,10.35,10.48
2025-12-16T17:37:35.948738,Recipe_A,a717ca67-edd7-4f3d-81bc-b95bafc99df1,15,2.0,,,,6.59,8.75,7.35,13.54,10.46,12.33
2025-12-16T17:37:36.948738,Recipe_A,a717ca67-edd7-4f3d-81bc-b95bafc99df1,15,0.0,,,,0.0,0.0,0.0,0.0,0.0,0.0
2025-12-16T17:37:36.948738,Recipe_A,a717ca67-edd7-4f3d-81bc-b95bafc99df1,15,0.0,Warning_6,Simulated Warning occurred,Warning,,,,,,
2025-12-16T17:37:37.948738,Recipe_A,a717ca67-edd7-4f3d-81bc-b95bafc99df1,15,0.0,,,,0.0,0.0,0.0,0.0,0.0,0.0
2025-12-16T17:37:38.948738,Recipe_A,a717ca67-edd7-4f3d-81bc-b95bafc99df1,15,0.0,,,,0.0,0.0,0.0,0.0,0.0,0.0
2025-12-16T17:37:39.948738,Recipe_A,a717ca67-edd7-4f3d-81bc-b95bafc99df1,15,0.0,,,,0.0,0.0,0.0,0.0,0.0,0.0
2025-12-16T17:37:39.948738,Recipe_A,a717ca67-edd7-4f3d-81bc-b95bafc99df1,15,0.0,Warning_2,Simulated Warning occurred,Warning,,,,,,
2025-12-16T17:37:40.948738,Recipe_A,a717ca67-edd7-4f3d-81bc-b95bafc99df1,15,0.0,,,,0.0,0.0,0.0,0.0,0.0,0.0
2025-12-16T17:37:41.948738,Recipe_A,a717ca67-edd7-4f3d-81bc-b95bafc99df1,15,0.0,,,,0.0,0.0,0.0,0.0,0.0,0.0
2025-12-16T17:37:42.948738,Recipe_A,a717ca67-edd7-4f3d-81bc-b95bafc99df1,15,0.0,,,,0.0,0.0,0.0,0.0,0.0,0.0
2025-12-16T17:37:43.948738,Recipe_A,a717ca67-edd7-4f3d-81bc-b95bafc99df1,15,0.0,,,,0.0,0.0,0.0,0.0,0.0,0.0
2025-12-16T17:37:44.948738,Recipe_A,a717ca67-edd7-4f3d-81bc-b95bafc99df1,15,0.0,,,,0.0,0.0,0.0,0.0,0.0,0.0
2025-12-16T17:37:45.948738,Recipe_A,a717ca67-edd7-4f3d-81bc-b95bafc99df1,15,0.0,,,,0.0,0.0,0.0,0.0,0.0,0.0
2025-12-16T17:37:46.948738,Recipe_A,a717ca67-edd7-4f3d-81bc-b95bafc99df1,15,0.0,,,,0.0,0.0,0.0,0.0,0.0,0.0
2025-12-16T17:37:47.948738,Recipe_A,a717ca67-edd7-4f3d-81bc-b95bafc99df1,15,0.0,,,,0.0,0.0,0.0,0.0,0.0,0.0
2025-12-16T17:37:48.948738,Recipe_A,a717ca67-edd7-4f3d-81bc-b95bafc99df1,15,0.0,,,,0.0,0.0,0.0,0.0,0.0,0.0
2025-12-16T17:37:49.948738,Recipe_A,a717ca67-edd7-4f3d-81bc-b95bafc99df1,15,0.0,,,,0.0,0.0,0.0,0.0,0.0,0.0
2025-12-16T17:37:50.948738,Recipe_A,a717ca67-edd7-4f3d-81bc-b95bafc99df1,15,0.0,,,,0.0,0.0,0.0,0.0,0.0,0.0
2025-12-16T17:37:51.948738,Recipe_A,a717ca67-edd7-4f3d-81bc-b95bafc99df1,15,0.0,,,,0.0,0.0,0.0,0.0,0.0,0.0
2025-12-16T17:37:52.948738,Recipe_A,a717ca67-edd7-4f3d-81bc-b95bafc99df1,15,0.0,,,,0.0,0.0,0.0,0.0,0.0,0.0
2025-12-16T17:37:53.948738,Recipe_A,a717ca67-edd7-4f3d-81bc-b95bafc99df1,15,0.0,,,,0.0,0.0,0.0,0.0,0.0,0.0
2025-12-16T17:37:54.948738,Recipe_A,a717ca67-edd7-4f3d-81bc-b95bafc99df1,15,0.0,,,,0.0,0.0,0.0,0.0,0.0,0.0
2025-12-16T17:37:55.948738,Recipe_A,a717ca67-edd7-4f3d-81bc-b95bafc99df1,15,0.0,,,,0.0,0.0,0.0,0.0,0.0,0.0
2025-12-16T17:37:56.948738,Recipe_A,a717ca67-edd7-4f3d-81bc-b95bafc99df1,15,0.0,,,,0.0,0.0,0.0,0.0,0.0,0.0
2025-12-16T17:37:57.948738,Recipe_A,a717ca67-edd7-4f3d-81bc-b95bafc99df1,15,0.0,,,,0.0,0.0,0.0,0.0,0.0,0.0
2025-12-16T17:37:58.948738,Recipe_A,a717ca67-edd7-4f3d-81bc-b95bafc99df1,15,0.0,,,,0.0,0.0,0.0,0.0,0.0,0.0
2025-12-16T17:37:59.948738,Recipe_A,a717ca67-edd7-4f3d-81bc-b95bafc99df1,15,0.0,,,,0.0,0.0,0.0,0.0,0.0,0.0
2025-12-16T17:38:00.948738,Recipe_A,a717ca67-edd7-4f3d-81bc-b95bafc99df1,15,0.0,,,,0.0,0.0,0.0,0.0,0.0,0.0
2025-12-16T17:38:01.948738,Recipe_A,a717ca67-edd7-4f3d-81bc-b95bafc99df1,15,0.0,,,,0.0,0.0,0.0,0.0,0.0,0.0
2025-12-16T17:38:02.948738,Recipe_A,a717ca67-edd7-4f3d-81bc-b95bafc99df1,15,0.0,,,,0.0,0.0,0.0,0.0,0.0,0.0
2025-12-16T17:38:03.948738,Recipe_A,a717ca67-edd7-4f3d-81bc-b95bafc99df1,15,0.0,,,,0.0,0.0,0.0,0.0,0.0,0.0
2025-12-16T17:38:04.948738,Recipe_A,a717ca67-edd7-4f3d-81bc-b95bafc99df1,15,0.0,,,,0.0,0.0,0.0,0.0,0.0,0.0
2025-12-16T17:38:05.948738,Recipe_A,a717ca67-edd7-4f3d-81bc-b95bafc99df1,15,0.0,,,,0.0,0.0,0.0,0.0,0.0,0.0
2025-12-16T17:38:06.948738,Recipe_A,a717ca67-edd7-4f3d-81bc-b95bafc99df1,15,0.0,,,,0.0,0.0,0.0,0.0,0.0,0.0
2025-12-16T17:38:07.948738,Recipe_A,a717ca67-edd7-4f3d-81bc-b95bafc99df1,15,0.0,,,,0.0,0.0,0.0,0.0,0.0,0.0
2025-12-16T17:38:08.948738,Recipe_A,a717ca67-edd7-4f3d-81bc-b95bafc99df1,15,0.0,,,,0.0,0.0,0.0,0.0,0.0,0.0
2025-12-16T17:38:09.948738,Recipe_A,a717ca67-edd7-4f3d-81bc-b95bafc99df1,15,0.0,,,,0.0,0.0,0.0,0.0,0.0,0.0
2025-12-16T17:38:10.948738,Recipe_A,a717ca67-edd7-4f3d-81bc-b95bafc99df1,15,0.0,,,,0.0,0.0,0.0,0.0,0.0,0.0
2025-12-16T17:38:11.948738,Recipe_A,a717ca67-edd7-4f3d-81bc-b95bafc99df1,15,0.0,,,,0.0,0.0,0.0,0.0,0.0,0.0
2025-12-16T17:38:12.948738,Recipe_A,a717ca67-edd7-4f3d-81bc-b95bafc99df1,15,0.0,,,,0.0,0.0,0.0,0.0,0.0,0.0
2025-12-16T17:38:13.948738,Recipe_A,a717ca67-edd7-4f3d-81bc-b95bafc99df1,15,0.0,,,,0.0,0.0,0.0,0.0,0.0,0.0
2025-12-16T17:38:14.948738,Recipe_A,a717ca67-edd7-4f3d-81bc-b95bafc99df1,15,0.0,,,,0.0,0.0,0.0,0.0,0.0,0.0
2025-12-16T17:38:15.948738,Recipe_A,a717ca67-edd7-4f3d-81bc-b95bafc99df1,15,0.0,,,,0.0,0.0,0.0,0.0,0.0,0.0
2025-12-16T17:38:16.948738,Recipe_A,a717ca67-edd7-4f3d-81bc-b95bafc99df1,15,0.0,,,,0.0,0.0,0.0,0.0,0.0,0.0
2025-12-16T17:38:17.948738,Recipe_A,a717ca67-edd7-4f3d-81bc-b95bafc99df1,15,0.0,,,,0.0,0.0,0.0,0.0,0.0,0.0
2025-12-16T17:38:18.948738,Recipe_A,a717ca67-edd7-4f3d-81bc-b95bafc99df1,15,0.0,,,,0.0,0.0,0.0,0.0,0.0,0.0
2025-12-16T17:38:19.948738,Recipe_A,a717ca67-edd7-4f3d-81bc-b95bafc99df1,15,0.0,,,,0.0,0.0,0.0,0.0,0.0,0.0
2025-12-16T17:38:20.948738,Recipe_A,a717ca67-edd7-4f3d-81bc-b95bafc99df1,15,0.0,,,,0.0,0.0,0.0,0.0,0.0,0.0
2025-12-16T17:38:21.948738,Recipe_A,a717ca67-edd7-4f3d-81bc-b95bafc99df1,15,0.0,,,,0.0,0.0,0.0,0.0,0.0,0.0
2025-12-16T17:38:22.948738,Recipe_A,a717ca67-edd7-4f3d-81bc-b95bafc99df1,15,0.0,,,,0.0,0.0,0.0,0.0,0.0,0.0
2025-12-16T17:38:23.948738,Recipe_A,a717ca67-edd7-4f3d-81bc-b95bafc99df1,15,0.0,,,,0.0,0.0,0.0,0.0,0.0,0.0
2025-12-16T17:38:24.948738,Recipe_A,a717ca67-edd7-4f3d-81bc-b95bafc99df1,15,0.0,,,,0.0,0.0,0.0,0.0,0.0,0.0
2025-12-16T17:38:25.948738,Recipe_A,a717ca67-edd7-4f3d-81bc-b95bafc99df1,15,0.0,,,,0.0,0.0,0.0,0.0,0.0,0.0
2025-12-16T17:38:26.948738,Recipe_A,a717ca67-edd7-4f3d-81bc-b95bafc99df1,15,0.0,,,,0.0,0.0,0.0,0.0,0.0,0.0
2025-12-16T17:38:27.948738,Recipe_A,a717ca67-edd7-4f3d-81bc-b95bafc99df1,15,0.0,,,,0.0,0.0,0.0,0.0,0.0,0.0
2025-12-16T17:38:28.948738,Recipe_A,a717ca67-edd7-4f3d-81bc-b95bafc99df1,15,0.0,,,,0.0,0.0,0.0,0.0,0.0,0.0
2025-12-16T17:38:29.948738,Recipe_A,a717ca67-edd7-4f3d-81bc-b95bafc99df1,15,0.0,,,,0.0,0.0,0.0,0.0,0.0,0.0
2025-12-16T17:38:30.948738,Recipe_A,a717ca67-edd7-4f3d-81bc-b95bafc99df1,15,0.0,,,,0.0,0.0,0.0,0.0,0.0,0.0
2025-12-16T17:38:31.948738,Recipe_A,a717ca67-edd7-4f3d-81bc-b95bafc99df1,15,0.0,,,,0.0,0.0,0.0,0.0,0.0,0.0
2025-12-16T17:38:32.948738,Recipe_A,a717ca67-edd7-4f3d-81bc-b95bafc99df1,15,0.0,,,,0.0,0.0,0.0,0.0,0.0,0.0
2025-12-16T17:38:33.948738,Recipe_A,a717ca67-edd7-4f3d-81bc-b95bafc99df1,15,0.0,,,,0.0,0.0,0.0,0.0,0.0,0.0
2025-12-16T17:38:34.948738,Recipe_A,a717ca67-edd7-4f3d-81bc-b95bafc99df1,15,0.0,,,,0.0,0.0,0.0,0.0,0.0,0.0
2025-12-16T17:38:35.948738,Recipe_A,a717ca67-edd7-4f3d-81bc-b95bafc99df1,15,0.0,,,,0.0,0.0,0.0,0.0,0.0,0.0
2025-12-16T17:38:36.948738,Recipe_A,a717ca67-edd7-4f3d-81bc-b95bafc99df1,15,0.0,,,,0.0,0.0,0.0,0.0,0.0,0.0
2025-12-16T17:38:37.948738,Recipe_A,a717ca67-edd7-4f3d-81bc-b95bafc99df1,15,0.0,,,,0.0,0.0,0.0,0.0,0.0,0.0
2025-12-16T17:38:38.948738,Recipe_A,a717ca67-edd7-4f3d-81bc-b95bafc99df1,15,0.0,,,,0.0,0.0,0.0,0.0,0.0,0.0
2025-12-16T17:38:39.948738,Recipe_A,a717ca67-edd7-4f3d-81bc-b95bafc99df1,15,0.0,,,,0.0,0.0,0.0,0.0,0.0,0.0
2025-12-16T17:38:40.948738,Recipe_A,a717ca67-edd7-4f3d-81bc-b95bafc99df1,15,0.0,,,,0.0,0.0,0.0,0.0,0.0,0.0
2025-12-16T17:38:41.948738,Recipe_A,a717ca67-edd7-4f3d-81bc-b95bafc99df1,15,0.0,,,,0.0,0.0,0.0,0.0,0.0,0.0
2025-12-16T17:38:42.948738,Recipe_A,a717ca67-edd7-4f3d-81bc-b95bafc99df1,15,0.0,,,,0.0,0.0,0.0,0.0,0.0,0.0
2025-12-16T17:38:43.948738,Recipe_A,a717ca67-edd7-4f3d-81bc-b95bafc99df1,15,0.0,,,,0.0,0.0,0.0,0.0,0.0,0.0
2025-12-16T17:38:44.948738,Recipe_A,a717ca67-edd7-4f3d-81bc-b95bafc99df1,15,0.0,,,,0.0,0.0,0.0,0.0,0.0,0.0
2025-12-16T17:38:45.948738,Recipe_A,a717ca67-edd7-4f3d-81bc-b95bafc99df1,15,0.0,,,,0.0,0.0,0.0,0.0,0.0,0.0
2025-12-16T17:38:46.948738,Recipe_A,a717ca67-edd7-4f3d-81bc-b95bafc99df1,15,0.0,,,,0.0,0.0,0.0,0.0,0.0,0.0
2025-12-16T17:38:47.948738,Recipe_A,a717ca67-edd7-4f3d-81bc-b95bafc99df1,15,0.0,,,,0.0,0.0,0.0,0.0,0.0,0.0
2025-12-16T17:38:48.948738,Recipe_A,a717ca67-edd7-4f3d-81bc-b95bafc99df1,15,4.0,,,,98.34,53.28,50.39,39.76,49.86,46.86
2025-12-16T17:38:49.948738,Recipe_A,a717ca67-edd7-4f3d-81bc-b95bafc99df1,15,4.0,,,,105.75,50.49,48.15,47.45,46.97,56.38
2025-12-16T17:38:50.948738,Recipe_A,a717ca67-edd7-4f3d-81bc-b95bafc99df1,15,4.0,,,,108.85,52.9,38.44,61.43,48.34,48.83
2025-12-16T17:38:51.948738,Recipe_A,a717ca67-edd7-4f3d-81bc-b95bafc99df1,15,4.0,,,,93.75,50.46,42.13,52.58,56.56,43.83
2025-12-16T17:38:52.948738,Recipe_A,a717ca67-edd7-4f3d-81bc-b95bafc99df1,15,4.0,,,,95.1,53.9,54.08,50.5,54.03,42.24
2025-12-16T17:38:53.948738,Recipe_A,a717ca67-edd7-4f3d-81bc-b95bafc99df1,15,4.0,,,,98.42,51.18,47.76,61.98,51.51,55.04
2025-12-16T17:38:54.948738,Recipe_A,a717ca67-edd7-4f3d-81bc-b95bafc99df1,15,4.0,,,,108.06,49.61,48.3,43.85,53.81,52.46
2025-12-16T17:38:55.948738,Recipe_A,a717ca67-edd7-4f3d-81bc-b95bafc99df1,15,4.0,,,,97.72,50.88,49.79,55.23,50.03,56.45
2025-12-16T17:38:56.948738,Recipe_A,a717ca67-edd7-4f3d-81bc-b95bafc99df1,15,4.0,,,,96.42,49.31,48.73,48.57,47.08,44.59
2025-12-16T17:38:57.948738,Recipe_A,a717ca67-edd7-4f3d-81bc-b95bafc99df1,15,4.0,,,,98.36,50.41,52.6,58.01,57.35,46.59
2025-12-16T17:38:58.948738,Recipe_A,a717ca67-edd7-4f3d-81bc-b95bafc99df1,15,4.0,,,,98.4,55.58,51.16,47.82,47.33,50.62
2025-12-16T17:38:59.948738,Recipe_A,a717ca67-edd7-4f3d-81bc-b95bafc99df1,15,4.0,,,,102.16,51.05,47.1,51.83,43.89,48.05
2025-12-16T17:39:00.948738,Recipe_A,a717ca67-edd7-4f3d-81bc-b95bafc99df1,15,4.0,,,,99.56,51.75,49.08,41.5,48.9,54.8
2025-12-16T17:39:01.948738,Recipe_A,a717ca67-edd7-4f3d-81bc-b95bafc99df1,15,4.0,,,,97.16,56.97,49.76,55.07,51.79,44.84
2025-12-16T17:39:02.948738,Recipe_A,a717ca67-edd7-4f3d-81bc-b95bafc99df1,15,4.0,,,,102.25,44.97,50.58,37.51,56.57,51.27
2025-12-16T17:39:03.948738,Recipe_A,a717ca67-edd7-4f3d-81bc-b95bafc99df1,15,4.0,,,,102.36,50.33,56.19,38.93,61.42,52.19
2025-12-16T17:39:04.948738,Recipe_A,a717ca67-edd7-4f3d-81bc-b95bafc99df1,15,4.0,,,,94.12,50.08,53.6,50.69,44.75,48.25
2025-12-16T17:39:05.948738,Recipe_A,a717ca67-edd7-4f3d-81bc-b95bafc99df1,15,4.0,,,,105.51,52.07,56.49,57.05,52.09,56.3
2025-12-16T17:39:06.948738,Recipe_A,a717ca67-edd7-4f3d-81bc-b95bafc99df1,15,4.0,,,,98.51,46.31,53.23,42.43,42.95,44.06
2025-12-16T17:39:07.948738,Recipe_A,a717ca67-edd7-4f3d-81bc-b95bafc99df1,15,4.0,,,,102.98,53.44,47.38,43.02,41.8,49.58
2025-12-16T17:39:08.948738,Recipe_A,a717ca67-edd7-4f3d-81bc-b95bafc99df1,15,4.0,,,,104.01,49.22,52.96,54.23,49.99,58.23
2025-12-16T17:39:09.948738,Recipe_A,a717ca67-edd7-4f3d-81bc-b95bafc99df1,15,4.0,,,,102.05,49.5,48.04,44.11,48.28,57.29
2025-12-16T17:39:10.948738,Recipe_A,a717ca67-edd7-4f3d-81bc-b95bafc99df1,15,4.0,,,,98.94,47.68,42.26,54.06,51.46,46.38
2025-12-16T17:39:11.948738,Recipe_A,a717ca67-edd7-4f3d-81bc-b95bafc99df1,15,4.0,,,,98.28,44.89,48.5,52.78,44.13,49.13
2025-12-16T17:39:12.948738,Recipe_A,a717ca67-edd7-4f3d-81bc-b95bafc99df1,15,4.0,,,,101.34,42.8,55.02,51.8,62.91,55.02
2025-12-16T17:39:13.948738,Recipe_A,a717ca67-edd7-4f3d-81bc-b95bafc99df1,15,4.0,,,,110.84,51.08,51.49,47.04,52.96,48.75
2025-12-16T17:39:14.948738,Recipe_A,a717ca67-edd7-4f3d-81bc-b95bafc99df1,15,4.0,,,,96.43,54.47,46.55,47.19,48.73,49.8
2025-12-16T17:39:15.948738,Recipe_A,a717ca67-edd7-4f3d-81bc-b95bafc99df1,15,4.0,,,,94.84,49.03,55.44,53.07,51.21,51.49
2025-12-16T17:39:16.948738,Recipe_A,a717ca67-edd7-4f3d-81bc-b95bafc99df1,15,4.0,,,,95.11,44.49,52.17,53.22,42.74,43.99
2025-12-16T17:39:17.948738,Recipe_A,a717ca67-edd7-4f3d-81bc-b95bafc99df1,15,4.0,,,,104.25,51.51,48.82,43.49,52.1,54.06
2025-12-16T17:39:18.948738,Recipe_A,a717ca67-edd7-4f3d-81bc-b95bafc99df1,15,4.0,,,,104.11,60.73,44.79,50.43,51.56,50.49
2025-12-16T17:39:19.948738,Recipe_A,a717ca67-edd7-4f3d-81bc-b95bafc99df1,15,4.0,,,,108.67,54.81,54.36,57.07,41.17,52.6
2025-12-16T17:39:20.948738,Recipe_A,a717ca67-edd7-4f3d-81bc-b95bafc99df1,15,4.0,,,,95.76,44.91,53.36,59.34,48.02,43.24
2025-12-16T17:39:21.948738,Recipe_A,a717ca67-edd7-4f3d-81bc-b95bafc99df1,15,4.0,,,,99.81,46.27,58.82,48.98,43.17,45.52
2025-12-16T17:39:22.948738,Recipe_A,a717ca67-edd7-4f3d-81bc-b95bafc99df1,15,4.0,,,,97.83,49.27,40.62,36.98,47.99,54.82
2025-12-16T17:39:23.948738,Recipe_A,a717ca67-edd7-4f3d-81bc-b95bafc99df1,15,4.0,,,,107.88,50.8,46.82,51.73,54.42,56.59
2025-12-16T17:39:24.948738,Recipe_A,a717ca67-edd7-4f3d-81bc-b95bafc99df1,15,4.0,,,,85.53,45.56,51.07,47.31,42.58,49.98
2025-12-16T17:39:25.948738,Recipe_A,a717ca67-edd7-4f3d-81bc-b95bafc99df1,15,4.0,,,,98.79,42.57,50.46,48.7,49.35,48.31
2025-12-16T17:39:26.948738,Recipe_A,a717ca67-edd7-4f3d-81bc-b95bafc99df1,15,4.0,,,,98.57,47.7,46.3,50.44,40.25,54.35
2025-12-16T17:39:27.948738,Recipe_A,a717ca67-edd7-4f3d-81bc-b95bafc99df1,15,4.0,,,,108.51,49.87,43.4,50.62,60.89,52.47
2025-12-16T17:39:28.948738,Recipe_A,a717ca67-edd7-4f3d-81bc-b95bafc99df1,15,4.0,,,,108.09,56.22,58.28,50.13,41.71,46.27
2025-12-16T17:39:29.948738,Recipe_A,a717ca67-edd7-4f3d-81bc-b95bafc99df1,15,4.0,,,,106.93,43.09,54.39,42.79,48.65,53.58
2025-12-16T17:39:30.948738,Recipe_A,a717ca67-edd7-4f3d-81bc-b95bafc99df1,15,4.0,,,,105.64,50.14,45.84,49.09,55.11,49.25
2025-12-16T17:39:31.948738,Recipe_A,a717ca67-edd7-4f3d-81bc-b95bafc99df1,15,4.0,,,,94.89,49.85,52.99,57.12,44.65,46.85
2025-12-16T17:39:32.948738,Recipe_A,a717ca67-edd7-4f3d-81bc-b95bafc99df1,15,4.0,,,,90.55,55.36,59.07,58.52,52.95,56.9
2025-12-16T17:39:33.948738,Recipe_A,a717ca67-edd7-4f3d-81bc-b95bafc99df1,15,4.0,,,,95.54,53.84,45.86,47.38,48.76,47.99
2025-12-16T17:39:34.948738,Recipe_A,a717ca67-edd7-4f3d-81bc-b95bafc99df1,15,4.0,,,,91.77,50.87,43.29,55.54,53.39,53.24
2025-12-16T17:39:35.948738,Recipe_A,a717ca67-edd7-4f3d-81bc-b95bafc99df1,15,4.0,,,,90.43,53.71,56.23,41.45,49.55,57.86
2025-12-16T17:39:36.948738,Recipe_A,a717ca67-edd7-4f3d-81bc-b95bafc99df1,15,4.0,,,,98.66,48.21,44.08,47.5,59.48,48.93
2025-12-16T17:39:37.948738,Recipe_A,a717ca67-edd7-4f3d-81bc-b95bafc99df1,15,4.0,,,,103.63,51.11,56.53,54.35,51.68,51.9
2025-12-16T17:39:38.948738,Recipe_A,a717ca67-edd7-4f3d-81bc-b95bafc99df1,15,4.0,,,,94.77,55.39,50.39,40.81,50.16,55.32
2025-12-16T17:39:39.948738,Recipe_A,a717ca67-edd7-4f3d-81bc-b95bafc99df1,15,4.0,,,,101.12,50.35,57.63,55.45,46.64,51.44
2025-12-16T17:39:40.948738,Recipe_A,a717ca67-edd7-4f3d-81bc-b95bafc99df1,15,4.0,,,,108.23,53.44,50.99,52.63,52.15,54.0
2025-12-16T17:39:41.948738,Recipe_A,a717ca67-edd7-4f3d-81bc-b95bafc99df1,15,4.0,,,,103.55,49.09,52.28,51.05,51.46,46.78
2025-12-16T17:39:42.948738,Recipe_A,a717ca67-edd7-4f3d-81bc-b95bafc99df1,15,2.0,,,,9.96,8.28,11.43,10.98,9.58,7.4
2025-12-16T17:39:43.948738,Recipe_A,a717ca67-edd7-4f3d-81bc-b95bafc99df1,15,2.0,,,,9.43,8.59,11.07,10.9,8.31,10.59
2025-12-16T17:39:44.948738,Recipe_A,a717ca67-edd7-4f3d-81bc-b95bafc99df1,15,2.0,,,,9.86,7.6,6.81,9.6,11.25,7.75
2025-12-16T17:39:45.948738,Recipe_A,a717ca67-edd7-4f3d-81bc-b95bafc99df1,15,2.0,,,,10.31,11.93,9.35,9.8,13.21,12.37
2025-12-16T17:39:46.948738,Recipe_A,a717ca67-edd7-4f3d-81bc-b95bafc99df1,15,2.0,,,,9.89,12.13,10.78,9.58,12.83,7.13
2025-12-16T17:39:47.948738,Recipe_A,a717ca67-edd7-4f3d-81bc-b95bafc99df1,15,2.0,,,,8.76,12.42,11.0,10.76,10.52,12.37
2025-12-16T17:39:48.948738,Recipe_A,a717ca67-edd7-4f3d-81bc-b95bafc99df1,15,1.0,,,,10.77,7.57,9.66,6.27,11.32,8.77
2025-12-16T17:39:49.948738,Recipe_A,a717ca67-edd7-4f3d-81bc-b95bafc99df1,15,1.0,,,,8.66,11.38,8.53,5.21,9.72,9.8
2025-12-16T17:39:50.948738,Recipe_A,a717ca67-edd7-4f3d-81bc-b95bafc99df1,15,1.0,,,,10.34,13.85,8.84,13.19,12.01,9.08
2025-12-16T17:39:51.948738,Recipe_A,a717ca67-edd7-4f3d-81bc-b95bafc99df1,15,1.0,,,,6.67,8.77,6.51,10.42,8.8,10.56
2025-12-16T17:39:52.948738,Recipe_A,a717ca67-edd7-4f3d-81bc-b95bafc99df1,15,1.0,,,,10.7,9.9,12.33,13.78,9.06,12.25
2025-12-16T17:39:53.948738,Recipe_A,a717ca67-edd7-4f3d-81bc-b95bafc99df1,15,1.0,,,,13.0,10.56,10.01,10.77,5.88,9.86
2025-12-16T17:39:54.948738,Recipe_A,a717ca67-edd7-4f3d-81bc-b95bafc99df1,15,1.0,,,,10.3,8.68,10.6,10.04,12.86,12.22
2025-12-16T17:39:55.948738,Recipe_A,a717ca67-edd7-4f3d-81bc-b95bafc99df1,15,1.0,,,,12.71,8.29,8.71,14.23,12.86,8.28
2025-12-16T17:39:56.948738,Recipe_A,a717ca67-edd7-4f3d-81bc-b95bafc99df1,15,1.0,,,,11.05,12.82,10.07,9.8,9.36,6.68
2025-12-16T17:39:57.948738,Recipe_A,a717ca67-edd7-4f3d-81bc-b95bafc99df1,15,1.0,,,,7.59,11.9,11.15,9.32,8.51,10.41
2025-12-16T17:39:58.948738,Recipe_A,a717ca67-edd7-4f3d-81bc-b95bafc99df1,15,1.0,,,,6.35,8.66,12.65,11.08,13.88,11.12
2025-12-16T17:39:59.948738,Recipe_A,a717ca67-edd7-4f3d-81bc-b95bafc99df1,15,1.0,,,,9.89,8.13,10.66,8.73,10.66,10.74
2025-12-16T17:40:00.948738,Recipe_A,a717ca67-edd7-4f3d-81bc-b95bafc99df1,15,1.0,,,,11.32,9.26,15.35,9.09,5.05,7.93
2025-12-16T17:40:01.948738,Recipe_A,a717ca67-edd7-4f3d-81bc-b95bafc99df1,15,2.0,,,,9.58,10.99,10.3,11.99,8.94,10.14
2025-12-16T17:40:02.948738,Recipe_A,a717ca67-edd7-4f3d-81bc-b95bafc99df1,15,2.0,,,,6.68,9.55,5.78,10.05,8.73,13.13
2025-12-16T17:40:03.948738,Recipe_A,a717ca67-edd7-4f3d-81bc-b95bafc99df1,15,2.0,,,,6.7,6.6,8.67,13.26,7.65,10.57
2025-12-16T17:40:04.948738,Recipe_A,a717ca67-edd7-4f3d-81bc-b95bafc99df1,15,2.0,,,,9.97,8.44,9.92,9.92,12.02,7.73
2025-12-16T17:40:05.948738,Recipe_A,a717ca67-edd7-4f3d-81bc-b95bafc99df1,15,2.0,,,,9.38,10.33,9.11,11.6,5.47,7.1
2025-12-16T17:40:06.948738,Recipe_A,a717ca67-edd7-4f3d-81bc-b95bafc99df1,15,2.0,,,,4.91,8.51,10.43,12.24,9.6,11.53
2025-12-16T17:40:07.948738,Recipe_A,a717ca67-edd7-4f3d-81bc-b95bafc99df1,15,2.0,,,,7.56,11.04,9.11,11.74,14.05,11.47
2025-12-16T17:40:08.948738,Recipe_A,a717ca67-edd7-4f3d-81bc-b95bafc99df1,15,3.0,,,,8.31,8.98,8.03,10.67,11.48,11.3
2025-12-16T17:40:09.948738,Recipe_A,a717ca67-edd7-4f3d-81bc-b95bafc99df1,15,3.0,,,,7.89,10.62,8.36,11.99,11.47,7.15
2025-12-16T17:40:10.948738,Recipe_A,a717ca67-edd7-4f3d-81bc-b95bafc99df1,15,3.0,,,,9.95,10.5,9.66,10.4,11.67,9.58
2025-12-16T17:40:11.948738,Recipe_A,a717ca67-edd7-4f3d-81bc-b95bafc99df1,15,3.0,,,,9.61,9.95,10.84,10.29,11.99,7.38
2025-12-16T17:40:12.948738,Recipe_A,a717ca67-edd7-4f3d-81bc-b95bafc99df1,15,3.0,,,,9.14,10.7,8.95,12.5,9.94,11.04
2025-12-16T17:40:13.948738,Recipe_A,a717ca67-edd7-4f3d-81bc-b95bafc99df1,15,3.0,,,,14.01,10.94,11.86,10.7,12.54,14.56
2025-12-16T17:40:14.948738,Recipe_A,a717ca67-edd7-4f3d-81bc-b95bafc99df1,15,3.0,,,,11.14,9.43,10.09,11.04,8.89,6.41
2025-12-16T17:40:15.948738,Recipe_A,a717ca67-edd7-4f3d-81bc-b95bafc99df1,15,3.0,,,,11.35,12.86,11.84,8.34,5.31,11.3
2025-12-16T17:40:16.948738,Recipe_A,a717ca67-edd7-4f3d-81bc-b95bafc99df1,15,3.0,,,,7.72,10.26,10.95,10.12,7.42,13.36
2025-12-16T17:40:17.948738,Recipe_A,a717ca67-edd7-4f3d-81bc-b95bafc99df1,15,3.0,,,,12.81,9.24,12.5,8.83,7.81,9.5
2025-12-16T17:40:18.948738,Recipe_A,a717ca67-edd7-4f3d-81bc-b95bafc99df1,15,3.0,,,,9.31,6.75,10.69,6.97,11.95,11.15
2025-12-16T17:40:19.948738,Recipe_A,a717ca67-edd7-4f3d-81bc-b95bafc99df1,15,3.0,,,,9.54,12.33,11.43,9.59,7.33,8.22
2025-12-16T17:40:20.948738,Recipe_A,a717ca67-edd7-4f3d-81bc-b95bafc99df1,15,3.0,,,,9.19,8.84,9.87,9.51,11.34,6.63
2025-12-16T17:40:21.948738,Recipe_A,a717ca67-edd7-4f3d-81bc-b95bafc99df1,15,3.0,,,,11.22,6.34,10.73,10.27,11.97,7.28
2025-12-16T17:40:22.948738,Recipe_A,a717ca67-edd7-4f3d-81bc-b95bafc99df1,15,3.0,,,,12.39,13.39,11.34,5.25,11.69,12.61
2025-12-16T17:40:23.948738,Recipe_A,a717ca67-edd7-4f3d-81bc-b95bafc99df1,15,3.0,,,,11.0,9.44,12.4,8.4,11.7,9.75
2025-12-16T17:40:24.948738,Recipe_A,a717ca67-edd7-4f3d-81bc-b95bafc99df1,15,3.0,,,,9.74,9.12,13.05,7.44,11.32,11.44
2025-12-16T17:40:25.948738,Recipe_A,a717ca67-edd7-4f3d-81bc-b95bafc99df1,15,3.0,,,,9.0,7.81,8.0,8.68,9.13,10.1
2025-12-16T17:40:26.948738,Recipe_A,a717ca67-edd7-4f3d-81bc-b95bafc99df1,15,3.0,,,,10.29,7.95,8.31,7.52,11.09,12.72
2025-12-16T17:40:27.948738,Recipe_A,a717ca67-edd7-4f3d-81bc-b95bafc99df1,15,3.0,,,,9.32,9.32,9.7,11.65,14.63,12.22
2025-12-16T17:40:28.948738,Recipe_A,a717ca67-edd7-4f3d-81bc-b95bafc99df1,15,3.0,,,,11.67,6.99,9.11,5.27,5.96,10.59
2025-12-16T17:40:29.948738,Recipe_A,a717ca67-edd7-4f3d-81bc-b95bafc99df1,15,3.0,,,,10.5,10.68,12.19,8.92,11.56,9.61
2025-12-16T17:40:30.948738,Recipe_A,a717ca67-edd7-4f3d-81bc-b95bafc99df1,15,3.0,,,,12.57,8.47,9.94,12.63,10.69,9.21
2025-12-16T17:40:31.948738,Recipe_A,a717ca67-edd7-4f3d-81bc-b95bafc99df1,15,3.0,,,,8.69,11.44,9.15,9.51,9.39,8.22
2025-12-16T17:40:32.948738,Recipe_A,a717ca67-edd7-4f3d-81bc-b95bafc99df1,15,3.0,,,,13.11,11.86,10.23,7.3,10.71,9.0
2025-12-16T17:40:33.948738,Recipe_A,a717ca67-edd7-4f3d-81bc-b95bafc99df1,15,3.0,,,,10.0,11.08,9.33,8.52,9.29,11.0
2025-12-16T17:40:34.948738,Recipe_A,a717ca67-edd7-4f3d-81bc-b95bafc99df1,15,3.0,,,,10.02,10.32,9.53,10.25,12.0,8.18
2025-12-16T17:40:35.948738,Recipe_A,a717ca67-edd7-4f3d-81bc-b95bafc99df1,15,3.0,,,,10.36,12.19,9.19,11.62,6.17,9.51
2025-12-16T17:40:36.948738,Recipe_A,a717ca67-edd7-4f3d-81bc-b95bafc99df1,15,3.0,,,,10.39,9.25,9.08,10.14,9.55,14.47
2025-12-16T17:40:37.948738,Recipe_A,a717ca67-edd7-4f3d-81bc-b95bafc99df1,15,3.0,,,,11.36,10.15,6.58,10.05,13.86,12.76
2025-12-16T17:40:38.948738,Recipe_A,a717ca67-edd7-4f3d-81bc-b95bafc99df1,15,3.0,,,,10.74,11.15,13.69,8.64,9.89,8.42
2025-12-16T17:40:39.948738,Recipe_A,a717ca67-edd7-4f3d-81bc-b95bafc99df1,15,5.0,,,,10.62,13.07,8.59,12.39,6.22,10.68
2025-12-16T17:40:40.948738,Recipe_A,a717ca67-edd7-4f3d-81bc-b95bafc99df1,15,5.0,,,,9.94,7.38,14.05,10.25,6.18,12.84
2025-12-16T17:40:41.948738,Recipe_A,a717ca67-edd7-4f3d-81bc-b95bafc99df1,15,5.0,,,,8.43,11.91,11.31,11.6,8.97,12.24
2025-12-16T17:40:42.948738,Recipe_A,a717ca67-edd7-4f3d-81bc-b95bafc99df1,15,5.0,,,,8.85,11.2,7.69,11.19,7.44,8.97
2025-12-16T17:40:43.948738,Recipe_A,a717ca67-edd7-4f3d-81bc-b95bafc99df1,15,5.0,,,,14.3,9.7,13.09,6.91,7.69,9.5
2025-12-16T17:40:44.948738,Recipe_A,a717ca67-edd7-4f3d-81bc-b95bafc99df1,15,5.0,,,,8.63,12.34,9.68,8.71,8.6,10.06
2025-12-16T17:40:45.948738,Recipe_A,a717ca67-edd7-4f3d-81bc-b95bafc99df1,15,5.0,,,,11.09,8.51,12.17,8.81,7.55,9.9
2025-12-16T17:40:46.948738,Recipe_A,a717ca67-edd7-4f3d-81bc-b95bafc99df1,15,5.0,,,,10.19,9.77,8.2,7.32,10.36,11.39
2025-12-16T17:40:47.948738,Recipe_A,a717ca67-edd7-4f3d-81bc-b95bafc99df1,15,5.0,,,,9.57,10.53,11.88,10.84,10.44,12.41
2025-12-16T17:40:48.948738,Recipe_A,a717ca67-edd7-4f3d-81bc-b95bafc99df1,15,5.0,,,,9.43,9.88,10.85,11.91,11.26,10.82
2025-12-16T17:40:49.948738,Recipe_A,a717ca67-edd7-4f3d-81bc-b95bafc99df1,15,5.0,,,,9.12,9.68,9.98,12.34,11.11,11.57
2025-12-16T17:40:50.948738,Recipe_A,a717ca67-edd7-4f3d-81bc-b95bafc99df1,15,5.0,,,,9.25,11.59,6.97,13.07,10.02,9.61
2025-12-16T17:40:51.948738,Recipe_A,a717ca67-edd7-4f3d-81bc-b95bafc99df1,15,5.0,,,,9.86,11.1,7.32,9.72,11.69,7.11
2025-12-16T17:40:52.948738,Recipe_A,a717ca67-edd7-4f3d-81bc-b95bafc99df1,15,5.0,,,,8.52,10.16,10.52,10.73,8.08,11.83
2025-12-16T17:40:53.948738,Recipe_A,a717ca67-edd7-4f3d-81bc-b95bafc99df1,15,5.0,,,,9.51,9.08,11.09,8.24,8.42,8.83
2025-12-16T17:40:54.948738,Recipe_A,a717ca67-edd7-4f3d-81bc-b95bafc99df1,15,5.0,,,,7.56,6.86,12.02,9.81,9.08,8.39
2025-12-16T17:40:55.948738,Recipe_A,a717ca67-edd7-4f3d-81bc-b95bafc99df1,15,5.0,,,,13.98,8.13,3.77,13.73,11.91,7.45
2025-12-16T17:40:56.948738,Recipe_A,a717ca67-edd7-4f3d-81bc-b95bafc99df1,15,5.0,,,,11.3,7.67,10.35,11.46,6.95,10.74
2025-12-16T17:40:57.948738,Recipe_A,a717ca67-edd7-4f3d-81bc-b95bafc99df1,15,5.0,,,,10.41,11.68,12.14,10.04,9.32,7.35
2025-12-16T17:40:58.948738,Recipe_A,a717ca67-edd7-4f3d-81bc-b95bafc99df1,15,5.0,,,,6.98,8.44,13.1,7.14,11.57,12.67
2025-12-16T17:40:59.948738,Recipe_A,a717ca67-edd7-4f3d-81bc-b95bafc99df1,15,5.0,,,,7.75,10.28,7.3,11.59,12.27,10.29
2025-12-16T17:41:00.948738,Recipe_A,a717ca67-edd7-4f3d-81bc-b95bafc99df1,15,5.0,,,,8.41,9.71,6.75,8.15,9.41,7.74
2025-12-16T17:41:01.948738,Recipe_A,a717ca67-edd7-4f3d-81bc-b95bafc99df1,15,5.0,,,,10.25,9.37,7.19,9.97,8.04,9.05
2025-12-16T17:41:02.948738,Recipe_A,a717ca67-edd7-4f3d-81bc-b95bafc99df1,15,1.0,,,,7.8,9.42,12.03,8.54,12.51,12.68
2025-12-16T17:41:03.948738,Recipe_A,a717ca67-edd7-4f3d-81bc-b95bafc99df1,15,1.0,,,,10.2,9.36,12.13,7.76,12.15,11.09
2025-12-16T17:41:04.948738,Recipe_A,a717ca67-edd7-4f3d-81bc-b95bafc99df1,15,1.0,,,,8.16,12.31,8.96,10.9,9.69,12.75
2025-12-16T17:41:05.948738,Recipe_A,a717ca67-edd7-4f3d-81bc-b95bafc99df1,15,1.0,,,,8.19,9.58,10.16,8.41,10.49,5.53
2025-12-16T17:41:06.948738,Recipe_A,a717ca67-edd7-4f3d-81bc-b95bafc99df1,15,1.0,,,,13.24,8.24,10.8,7.6,5.49,7.49
2025-12-16T17:41:07.948738,Recipe_A,a717ca67-edd7-4f3d-81bc-b95bafc99df1,15,1.0,,,,13.61,10.53,9.63,12.03,11.52,9.89
2025-12-16T17:41:08.948738,Recipe_A,a717ca67-edd7-4f3d-81bc-b95bafc99df1,15,1.0,,,,9.79,9.19,8.48,10.93,9.19,9.95
2025-12-16T17:41:09.948738,Recipe_A,a717ca67-edd7-4f3d-81bc-b95bafc99df1,15,1.0,,,,9.68,9.32,7.77,9.78,7.33,12.08
2025-12-16T17:41:10.948738,Recipe_A,a717ca67-edd7-4f3d-81bc-b95bafc99df1,15,1.0,,,,11.42,9.23,8.86,9.36,9.86,9.98
2025-12-16T17:41:11.948738,Recipe_A,a717ca67-edd7-4f3d-81bc-b95bafc99df1,15,1.0,,,,13.08,10.08,8.62,8.36,11.56,11.87
2025-12-16T17:41:12.948738,Recipe_A,a717ca67-edd7-4f3d-81bc-b95bafc99df1,15,1.0,,,,10.88,10.9,8.37,10.93,9.13,6.31
2025-12-16T17:41:13.948738,Recipe_A,a717ca67-edd7-4f3d-81bc-b95bafc99df1,15,1.0,,,,7.75,11.49,8.46,11.56,9.79,7.2
2025-12-16T17:41:14.948738,Recipe_A,a717ca67-edd7-4f3d-81bc-b95bafc99df1,15,1.0,,,,15.76,8.25,5.44,13.71,8.77,6.23
2025-12-16T17:41:15.948738,Recipe_A,a717ca67-edd7-4f3d-81bc-b95bafc99df1,15,1.0,,,,10.08,7.81,9.34,8.92,10.8,12.2
2025-12-16T17:41:16.948738,Recipe_A,a717ca67-edd7-4f3d-81bc-b95bafc99df1,15,1.0,,,,9.75,7.1,12.56,9.26,10.46,12.26
2025-12-16T17:41:17.948738,Recipe_A,a717ca67-edd7-4f3d-81bc-b95bafc99df1,15,1.0,,,,10.74,5.33,10.58,9.89,11.48,9.85
2025-12-16T17:41:18.948738,Recipe_A,a717ca67-edd7-4f3d-81bc-b95bafc99df1,15,1.0,,,,7.5,10.35,6.67,10.35,6.36,14.61
2025-12-16T17:41:19.948738,Recipe_A,a717ca67-edd7-4f3d-81bc-b95bafc99df1,15,1.0,,,,7.91,12.34,9.23,11.61,10.44,11.57
2025-12-16T17:41:20.948738,Recipe_A,a717ca67-edd7-4f3d-81bc-b95bafc99df1,15,1.0,,,,11.09,9.76,9.91,8.12,9.97,8.57
2025-12-16T17:41:21.948738,Recipe_A,a717ca67-edd7-4f3d-81bc-b95bafc99df1,15,1.0,,,,9.43,7.97,9.5,8.29,13.83,11.08
2025-12-16T17:41:22.948738,Recipe_A,a717ca67-edd7-4f3d-81bc-b95bafc99df1,15,1.0,,,,7.61,12.69,8.48,12.0,9.65,9.5
2025-12-16T17:41:23.948738,Recipe_A,a717ca67-edd7-4f3d-81bc-b95bafc99df1,15,1.0,,,,6.62,6.72,10.06,9.12,10.74,4.84
2025-12-16T17:41:24.948738,Recipe_A,a717ca67-edd7-4f3d-81bc-b95bafc99df1,15,1.0,,,,9.14,10.43,10.32,12.7,8.4,10.49
2025-12-16T17:41:25.948738,Recipe_A,a717ca67-edd7-4f3d-81bc-b95bafc99df1,15,1.0,,,,9.58,10.87,8.25,10.86,9.67,7.5
2025-12-16T17:41:26.948738,Recipe_A,a717ca67-edd7-4f3d-81bc-b95bafc99df1,15,1.0,,,,10.02,8.52,8.66,10.93,11.89,10.15
2025-12-16T17:41:27.948738,Recipe_A,a717ca67-edd7-4f3d-81bc-b95bafc99df1,15,1.0,,,,11.42,14.02,8.59,10.09,9.18,8.92
2025-12-16T17:41:28.948738,Recipe_A,a717ca67-edd7-4f3d-81bc-b95bafc99df1,15,1.0,,,,10.11,8.8,9.83,10.21,7.3,10.5
2025-12-16T17:41:29.948738,Recipe_A,a717ca67-edd7-4f3d-81bc-b95bafc99df1,15,1.0,,,,7.75,6.78,8.28,9.46,9.37,9.45
2025-12-16T17:41:30.948738,Recipe_A,a717ca67-edd7-4f3d-81bc-b95bafc99df1,15,1.0,,,,9.49,11.78,13.84,9.19,10.2,11.07
2025-12-16T17:41:31.948738,Recipe_A,a717ca67-edd7-4f3d-81bc-b95bafc99df1,15,0.0,,,,0.0,0.0,0.0,0.0,0.0,0.0
2025-12-16T17:41:32.948738,Recipe_A,a717ca67-edd7-4f3d-81bc-b95bafc99df1,15,0.0,,,,0.0,0.0,0.0,0.0,0.0,0.0
2025-12-16T17:41:33.948738,Recipe_A,a717ca67-edd7-4f3d-81bc-b95bafc99df1,15,0.0,,,,0.0,0.0,0.0,0.0,0.0,0.0
2025-12-16T17:41:34.948738,Recipe_A,a717ca67-edd7-4f3d-81bc-b95bafc99df1,15,0.0,,,,0.0,0.0,0.0,0.0,0.0,0.0
2025-12-16T17:41:35.948738,Recipe_A,a717ca67-edd7-4f3d-81bc-b95bafc99df1,15,0.0,,,,0.0,0.0,0.0,0.0,0.0,0.0
2025-12-16T17:41:36.948738,Recipe_A,a717ca67-edd7-4f3d-81bc-b95bafc99df1,15,0.0,,,,0.0,0.0,0.0,0.0,0.0,0.0
2025-12-16T17:41:37.948738,Recipe_A,a717ca67-edd7-4f3d-81bc-b95bafc99df1,15,0.0,,,,0.0,0.0,0.0,0.0,0.0,0.0
2025-12-16T17:41:38.948738,Recipe_A,a717ca67-edd7-4f3d-81bc-b95bafc99df1,15,0.0,,,,0.0,0.0,0.0,0.0,0.0,0.0
2025-12-16T17:41:39.948738,Recipe_A,a717ca67-edd7-4f3d-81bc-b95bafc99df1,15,0.0,,,,0.0,0.0,0.0,0.0,0.0,0.0
2025-12-16T17:41:40.948738,Recipe_A,a717ca67-edd7-4f3d-81bc-b95bafc99df1,15,0.0,,,,0.0,0.0,0.0,0.0,0.0,0.0
2025-12-16T17:41:41.948738,Recipe_A,a717ca67-edd7-4f3d-81bc-b95bafc99df1,15,0.0,,,,0.0,0.0,0.0,0.0,0.0,0.0
2025-12-16T17:41:42.948738,Recipe_A,a717ca67-edd7-4f3d-81bc-b95bafc99df1,15,0.0,,,,0.0,0.0,0.0,0.0,0.0,0.0
2025-12-16T17:41:43.948738,Recipe_A,a717ca67-edd7-4f3d-81bc-b95bafc99df1,15,0.0,,,,0.0,0.0,0.0,0.0,0.0,0.0
2025-12-16T17:41:44.948738,Recipe_A,a717ca67-edd7-4f3d-81bc-b95bafc99df1,15,0.0,,,,0.0,0.0,0.0,0.0,0.0,0.0
2025-12-16T17:41:45.948738,Recipe_A,a717ca67-edd7-4f3d-81bc-b95bafc99df1,15,0.0,,,,0.0,0.0,0.0,0.0,0.0,0.0
2025-12-16T17:41:46.948738,Recipe_A,a717ca67-edd7-4f3d-81bc-b95bafc99df1,15,0.0,,,,0.0,0.0,0.0,0.0,0.0,0.0
2025-12-16T17:41:47.948738,Recipe_A,a717ca67-edd7-4f3d-81bc-b95bafc99df1,15,0.0,,,,0.0,0.0,0.0,0.0,0.0,0.0
2025-12-16T17:41:48.948738,Recipe_A,a717ca67-edd7-4f3d-81bc-b95bafc99df1,15,0.0,,,,0.0,0.0,0.0,0.0,0.0,0.0
2025-12-16T17:41:49.948738,Recipe_A,a717ca67-edd7-4f3d-81bc-b95bafc99df1,15,0.0,,,,0.0,0.0,0.0,0.0,0.0,0.0
2025-12-16T17:41:50.948738,Recipe_A,a717ca67-edd7-4f3d-81bc-b95bafc99df1,15,0.0,,,,0.0,0.0,0.0,0.0,0.0,0.0
2025-12-16T17:41:51.948738,Recipe_A,a717ca67-edd7-4f3d-81bc-b95bafc99df1,15,0.0,,,,0.0,0.0,0.0,0.0,0.0,0.0
2025-12-16T17:41:52.948738,Recipe_A,a717ca67-edd7-4f3d-81bc-b95bafc99df1,15,0.0,,,,0.0,0.0,0.0,0.0,0.0,0.0
2025-12-16T17:41:53.948738,Recipe_A,a717ca67-edd7-4f3d-81bc-b95bafc99df1,15,0.0,,,,0.0,0.0,0.0,0.0,0.0,0.0
2025-12-16T17:41:54.948738,Recipe_A,a717ca67-edd7-4f3d-81bc-b95bafc99df1,15,0.0,,,,0.0,0.0,0.0,0.0,0.0,0.0
2025-12-16T17:41:55.948738,Recipe_A,a717ca67-edd7-4f3d-81bc-b95bafc99df1,15,0.0,,,,0.0,0.0,0.0,0.0,0.0,0.0
2025-12-16T17:41:56.948738,Recipe_A,a717ca67-edd7-4f3d-81bc-b95bafc99df1,15,0.0,,,,0.0,0.0,0.0,0.0,0.0,0.0
2025-12-16T17:41:57.948738,Recipe_A,a717ca67-edd7-4f3d-81bc-b95bafc99df1,15,0.0,,,,0.0,0.0,0.0,0.0,0.0,0.0
2025-12-16T17:41:58.948738,Recipe_A,a717ca67-edd7-4f3d-81bc-b95bafc99df1,15,0.0,,,,0.0,0.0,0.0,0.0,0.0,0.0
2025-12-16T17:41:59.948738,Recipe_A,a717ca67-edd7-4f3d-81bc-b95bafc99df1,15,5.0,,,,9.18,11.75,9.26,7.33,11.96,13.04
2025-12-16T17:42:00.948738,Recipe_A,a717ca67-edd7-4f3d-81bc-b95bafc99df1,15,2.0,,,,10.93,5.11,13.58,9.42,11.42,12.28
2025-12-16T17:42:01.948738,Recipe_A,a717ca67-edd7-4f3d-81bc-b95bafc99df1,15,2.0,,,,12.92,6.28,9.29,8.11,12.32,7.11
2025-12-16T17:42:02.948738,Recipe_A,a717ca67-edd7-4f3d-81bc-b95bafc99df1,15,2.0,,,,15.32,7.01,10.36,4.94,7.34,7.95
2025-12-16T17:42:03.948738,Recipe_A,a717ca67-edd7-4f3d-81bc-b95bafc99df1,15,2.0,,,,11.49,11.05,8.11,10.38,11.86,7.41
2025-12-16T17:42:04.948738,Recipe_A,a717ca67-edd7-4f3d-81bc-b95bafc99df1,15,2.0,,,,11.12,9.29,8.35,11.04,8.1,7.88
2025-12-16T17:42:05.948738,Recipe_A,a717ca67-edd7-4f3d-81bc-b95bafc99df1,15,2.0,,,,12.96,11.35,10.84,11.5,10.89,6.83
2025-12-16T17:42:06.948738,Recipe_A,a717ca67-edd7-4f3d-81bc-b95bafc99df1,15,5.0,,,,9.39,7.44,8.61,11.8,9.99,8.5
2025-12-16T17:42:07.948738,Recipe_A,a717ca67-edd7-4f3d-81bc-b95bafc99df1,15,3.0,,,,9.77,9.87,8.13,13.92,8.61,6.7
2025-12-16T17:42:08.948738,Recipe_A,a717ca67-edd7-4f3d-81bc-b95bafc99df1,15,3.0,,,,10.24,6.04,13.34,13.81,9.88,7.97
2025-12-16T17:42:09.948738,Recipe_A,a717ca67-edd7-4f3d-81bc-b95bafc99df1,15,3.0,,,,11.53,10.44,12.93,11.27,10.78,11.94
2025-12-16T17:42:10.948738,Recipe_A,a717ca67-edd7-4f3d-81bc-b95bafc99df1,15,3.0,,,,10.29,11.52,9.96,9.51,8.51,14.32
2025-12-16T17:42:11.948738,Recipe_A,a717ca67-edd7-4f3d-81bc-b95bafc99df1,15,3.0,,,,11.65,11.17,11.32,10.59,10.04,8.37
2025-12-16T17:42:12.948738,Recipe_A,a717ca67-edd7-4f3d-81bc-b95bafc99df1,15,3.0,,,,8.15,7.78,8.33,10.1,12.4,9.64
2025-12-16T17:42:13.948738,Recipe_A,a717ca67-edd7-4f3d-81bc-b95bafc99df1,15,3.0,,,,9.09,9.25,7.83,8.02,10.79,11.28
2025-12-16T17:42:14.948738,Recipe_A,a717ca67-edd7-4f3d-81bc-b95bafc99df1,15,3.0,,,,11.2,12.41,7.86,11.82,9.91,9.46
2025-12-16T17:42:15.948738,Recipe_A,a717ca67-edd7-4f3d-81bc-b95bafc99df1,15,3.0,,,,12.52,8.31,8.79,10.25,7.68,10.13
2025-12-16T17:42:16.948738,Recipe_A,a717ca67-edd7-4f3d-81bc-b95bafc99df1,15,3.0,,,,13.84,8.4,10.2,15.02,13.32,12.24
2025-12-16T17:42:17.948738,Recipe_A,a717ca67-edd7-4f3d-81bc-b95bafc99df1,15,3.0,,,,7.9,8.82,12.59,11.29,10.37,5.92
2025-12-16T17:42:18.948738,Recipe_A,a717ca67-edd7-4f3d-81bc-b95bafc99df1,15,3.0,,,,10.76,9.06,9.66,12.65,8.95,8.28
2025-12-16T17:42:19.948738,Recipe_A,a717ca67-edd7-4f3d-81bc-b95bafc99df1,15,3.0,,,,10.2,9.19,10.21,6.49,8.48,13.21
2025-12-16T17:42:20.948738,Recipe_A,a717ca67-edd7-4f3d-81bc-b95bafc99df1,15,3.0,,,,12.23,9.28,10.65,11.22,10.6,6.06
2025-12-16T17:42:21.948738,Recipe_A,a717ca67-edd7-4f3d-81bc-b95bafc99df1,15,0.0,,,,0.0,0.0,0.0,0.0,0.0,0.0
2025-12-16T17:42:22.948738,Recipe_A,a717ca67-edd7-4f3d-81bc-b95bafc99df1,15,0.0,,,,0.0,0.0,0.0,0.0,0.0,0.0
2025-12-16T17:42:23.948738,Recipe_A,a717ca67-edd7-4f3d-81bc-b95bafc99df1,15,0.0,,,,0.0,0.0,0.0,0.0,0.0,0.0
2025-12-16T17:42:24.948738,Recipe_A,a717ca67-edd7-4f3d-81bc-b95bafc99df1,15,0.0,,,,0.0,0.0,0.0,0.0,0.0,0.0
2025-12-16T17:42:25.948738,Recipe_A,a717ca67-edd7-4f3d-81bc-b95bafc99df1,15,0.0,,,,0.0,0.0,0.0,0.0,0.0,0.0
2025-12-16T17:42:26.948738,Recipe_A,a717ca67-edd7-4f3d-81bc-b95bafc99df1,15,0.0,,,,0.0,0.0,0.0,0.0,0.0,0.0
2025-12-16T17:42:27.948738,Recipe_A,a717ca67-edd7-4f3d-81bc-b95bafc99df1,15,0.0,,,,0.0,0.0,0.0,0.0,0.0,0.0
2025-12-16T17:42:28.948738,Recipe_A,a717ca67-edd7-4f3d-81bc-b95bafc99df1,15,0.0,,,,0.0,0.0,0.0,0.0,0.0,0.0
2025-12-16T17:42:29.948738,Recipe_A,a717ca67-edd7-4f3d-81bc-b95bafc99df1,15,0.0,,,,0.0,0.0,0.0,0.0,0.0,0.0
2025-12-16T17:42:30.948738,Recipe_A,a717ca67-edd7-4f3d-81bc-b95bafc99df1,15,0.0,,,,0.0,0.0,0.0,0.0,0.0,0.0
2025-12-16T17:42:31.948738,Recipe_A,a717ca67-edd7-4f3d-81bc-b95bafc99df1,15,0.0,,,,0.0,0.0,0.0,0.0,0.0,0.0
2025-12-16T17:42:32.948738,Recipe_A,a717ca67-edd7-4f3d-81bc-b95bafc99df1,15,0.0,,,,0.0,0.0,0.0,0.0,0.0,0.0
2025-12-16T17:42:33.948738,Recipe_A,a717ca67-edd7-4f3d-81bc-b95bafc99df1,15,0.0,,,,0.0,0.0,0.0,0.0,0.0,0.0
2025-12-16T17:42:34.948738,Recipe_A,a717ca67-edd7-4f3d-81bc-b95bafc99df1,15,0.0,,,,0.0,0.0,0.0,0.0,0.0,0.0
2025-12-16T17:42:35.948738,Recipe_A,a717ca67-edd7-4f3d-81bc-b95bafc99df1,15,0.0,,,,0.0,0.0,0.0,0.0,0.0,0.0
2025-12-16T17:42:36.948738,Recipe_A,a717ca67-edd7-4f3d-81bc-b95bafc99df1,15,0.0,,,,0.0,0.0,0.0,0.0,0.0,0.0
2025-12-16T17:42:37.948738,Recipe_A,a717ca67-edd7-4f3d-81bc-b95bafc99df1,15,0.0,,,,0.0,0.0,0.0,0.0,0.0,0.0
2025-12-16T17:42:38.948738,Recipe_A,a717ca67-edd7-4f3d-81bc-b95bafc99df1,15,0.0,,,,0.0,0.0,0.0,0.0,0.0,0.0
2025-12-16T17:42:39.948738,Recipe_A,a717ca67-edd7-4f3d-81bc-b95bafc99df1,15,0.0,,,,0.0,0.0,0.0,0.0,0.0,0.0
2025-12-16T17:42:40.948738,Recipe_A,a717ca67-edd7-4f3d-81bc-b95bafc99df1,15,0.0,,,,0.0,0.0,0.0,0.0,0.0,0.0
2025-12-16T17:42:41.948738,Recipe_A,a717ca67-edd7-4f3d-81bc-b95bafc99df1,15,0.0,,,,0.0,0.0,0.0,0.0,0.0,0.0
2025-12-16T17:42:42.948738,Recipe_A,a717ca67-edd7-4f3d-81bc-b95bafc99df1,15,0.0,,,,0.0,0.0,0.0,0.0,0.0,0.0
2025-12-16T17:42:43.948738,Recipe_A,a717ca67-edd7-4f3d-81bc-b95bafc99df1,15,0.0,,,,0.0,0.0,0.0,0.0,0.0,0.0
2025-12-16T17:42:44.948738,Recipe_A,a717ca67-edd7-4f3d-81bc-b95bafc99df1,15,0.0,,,,0.0,0.0,0.0,0.0,0.0,0.0
2025-12-16T17:42:45.948738,Recipe_A,a717ca67-edd7-4f3d-81bc-b95bafc99df1,15,0.0,,,,0.0,0.0,0.0,0.0,0.0,0.0
2025-12-16T17:42:46.948738,Recipe_A,a717ca67-edd7-4f3d-81bc-b95bafc99df1,15,0.0,,,,0.0,0.0,0.0,0.0,0.0,0.0
2025-12-16T17:42:47.948738,Recipe_A,a717ca67-edd7-4f3d-81bc-b95bafc99df1,15,0.0,,,,0.0,0.0,0.0,0.0,0.0,0.0
2025-12-16T17:42:48.948738,Recipe_A,a717ca67-edd7-4f3d-81bc-b95bafc99df1,15,0.0,,,,0.0,0.0,0.0,0.0,0.0,0.0
2025-12-16T17:42:49.948738,Recipe_A,a717ca67-edd7-4f3d-81bc-b95bafc99df1,15,2.0,,,,8.82,8.76,7.64,9.8,8.33,9.96
2025-12-16T17:42:50.948738,Recipe_A,a717ca67-edd7-4f3d-81bc-b95bafc99df1,15,2.0,,,,9.47,7.94,11.41,9.84,12.99,6.53
2025-12-16T17:42:51.948738,Recipe_A,a717ca67-edd7-4f3d-81bc-b95bafc99df1,15,2.0,,,,14.14,10.51,12.09,11.97,8.64,8.99
2025-12-16T17:42:52.948738,Recipe_A,a717ca67-edd7-4f3d-81bc-b95bafc99df1,15,1.0,,,,12.89,8.66,8.63,15.06,9.97,7.56
2025-12-16T17:42:53.948738,Recipe_A,a717ca67-edd7-4f3d-81bc-b95bafc99df1,15,5.0,,,,10.25,8.7,7.04,10.17,13.27,10.71
2025-12-16T17:42:54.948738,Recipe_A,a717ca67-edd7-4f3d-81bc-b95bafc99df1,15,5.0,,,,9.36,10.0,10.67,8.42,10.84,7.95
2025-12-16T17:42:55.948738,Recipe_A,a717ca67-edd7-4f3d-81bc-b95bafc99df1,15,5.0,,,,4.63,10.92,7.78,8.67,9.08,10.96
2025-12-16T17:42:56.948738,Recipe_A,a717ca67-edd7-4f3d-81bc-b95bafc99df1,15,5.0,,,,13.11,9.27,10.83,8.08,7.36,11.3
2025-12-16T17:42:57.948738,Recipe_A,a717ca67-edd7-4f3d-81bc-b95bafc99df1,15,5.0,,,,7.73,9.98,9.02,8.9,10.47,8.58
2025-12-16T17:42:58.948738,Recipe_A,a717ca67-edd7-4f3d-81bc-b95bafc99df1,15,5.0,,,,8.28,10.95,7.3,13.14,9.48,8.01
2025-12-16T17:42:59.948738,Recipe_A,a717ca67-edd7-4f3d-81bc-b95bafc99df1,15,5.0,,,,11.29,11.63,8.76,8.81,10.79,8.87
2025-12-16T17:43:00.948738,Recipe_A,a717ca67-edd7-4f3d-81bc-b95bafc99df1,15,5.0,,,,6.21,10.73,12.89,7.81,11.46,10.79
2025-12-16T17:43:01.948738,Recipe_A,a717ca67-edd7-4f3d-81bc-b95bafc99df1,15,5.0,,,,9.78,10.3,10.0,12.48,9.14,11.42
2025-12-16T17:43:02.948738,Recipe_A,a717ca67-edd7-4f3d-81bc-b95bafc99df1,15,5.0,,,,11.38,7.64,6.71,10.01,8.41,12.95
2025-12-16T17:43:03.948738,Recipe_A,a717ca67-edd7-4f3d-81bc-b95bafc99df1,15,5.0,,,,8.63,12.59,7.54,10.13,7.49,9.45
2025-12-16T17:43:04.948738,Recipe_A,a717ca67-edd7-4f3d-81bc-b95bafc99df1,15,5.0,,,,11.66,10.75,8.81,8.34,11.85,9.0
2025-12-16T17:43:05.948738,Recipe_A,a717ca67-edd7-4f3d-81bc-b95bafc99df1,15,5.0,,,,13.03,8.55,9.82,13.34,9.0,10.77
2025-12-16T17:43:06.948738,Recipe_A,a717ca67-edd7-4f3d-81bc-b95bafc99df1,15,5.0,,,,9.85,11.14,10.68,10.44,11.45,8.71
2025-12-16T17:43:07.948738,Recipe_A,a717ca67-edd7-4f3d-81bc-b95bafc99df1,15,5.0,,,,9.08,10.42,8.83,9.72,9.68,7.73
2025-12-16T17:43:08.948738,Recipe_A,a717ca67-edd7-4f3d-81bc-b95bafc99df1,15,5.0,,,,9.87,7.8,10.32,8.12,6.55,7.42
2025-12-16T17:43:09.948738,Recipe_A,a717ca67-edd7-4f3d-81bc-b95bafc99df1,15,5.0,,,,12.15,13.17,16.8,7.07,12.0,8.97
2025-12-16T17:43:10.948738,Recipe_A,a717ca67-edd7-4f3d-81bc-b95bafc99df1,15,5.0,,,,11.92,10.15,8.73,12.41,7.39,10.28
2025-12-16T17:43:11.948738,Recipe_A,a717ca67-edd7-4f3d-81bc-b95bafc99df1,15,5.0,,,,8.18,10.15,11.2,8.69,8.71,10.88
2025-12-16T17:43:12.948738,Recipe_A,a717ca67-edd7-4f3d-81bc-b95bafc99df1,15,5.0,,,,10.24,11.19,10.23,9.24,9.98,9.54
2025-12-16T17:43:13.948738,Recipe_A,a717ca67-edd7-4f3d-81bc-b95bafc99df1,15,5.0,,,,11.55,7.83,7.59,11.04,8.43,12.27
2025-12-16T17:43:14.948738,Recipe_A,a717ca67-edd7-4f3d-81bc-b95bafc99df1,15,5.0,,,,11.29,4.85,12.86,10.59,8.68,11.53
2025-12-16T17:43:15.948738,Recipe_A,a717ca67-edd7-4f3d-81bc-b95bafc99df1,15,5.0,,,,11.55,10.53,9.36,7.85,8.03,8.82
2025-12-16T17:43:16.948738,Recipe_A,a717ca67-edd7-4f3d-81bc-b95bafc99df1,15,5.0,,,,12.03,9.68,11.04,10.98,11.04,16.1
2025-12-16T17:43:17.948738,Recipe_A,a717ca67-edd7-4f3d-81bc-b95bafc99df1,15,5.0,,,,8.41,8.3,10.8,8.0,12.67,8.95
2025-12-16T17:43:18.948738,Recipe_A,a717ca67-edd7-4f3d-81bc-b95bafc99df1,15,5.0,,,,10.74,7.26,11.01,10.02,9.41,7.5
2025-12-16T17:43:19.948738,Recipe_A,a717ca67-edd7-4f3d-81bc-b95bafc99df1,15,5.0,,,,9.46,9.56,9.21,8.32,12.38,6.58
2025-12-16T17:43:20.948738,Recipe_A,a717ca67-edd7-4f3d-81bc-b95bafc99df1,15,5.0,,,,10.16,10.5,10.34,7.51,6.42,6.83
2025-12-16T17:43:21.948738,Recipe_A,a717ca67-edd7-4f3d-81bc-b95bafc99df1,15,5.0,,,,8.72,7.53,10.03,9.35,8.52,11.17
2025-12-16T17:43:22.948738,Recipe_A,a717ca67-edd7-4f3d-81bc-b95bafc99df1,15,5.0,,,,9.06,10.85,9.85,12.85,10.66,8.42
2025-12-16T17:43:23.948738,Recipe_A,a717ca67-edd7-4f3d-81bc-b95bafc99df1,15,5.0,,,,12.83,9.99,9.28,9.88,11.37,6.13
2025-12-16T17:43:24.948738,Recipe_A,a717ca67-edd7-4f3d-81bc-b95bafc99df1,15,5.0,,,,9.79,12.5,11.69,11.38,10.23,11.89
2025-12-16T17:43:25.948738,Recipe_A,a717ca67-edd7-4f3d-81bc-b95bafc99df1,15,5.0,,,,8.98,12.02,9.73,11.88,12.85,10.16
2025-12-16T17:43:26.948738,Recipe_A,a717ca67-edd7-4f3d-81bc-b95bafc99df1,15,5.0,,,,7.05,7.63,11.62,4.29,8.58,9.97
2025-12-16T17:43:26.948738,Recipe_A,a717ca67-edd7-4f3d-81bc-b95bafc99df1,15,5.0,Warning_4,Simulated Warning occurred,Warning,,,,,,
2025-12-16T17:43:27.948738,Recipe_A,a717ca67-edd7-4f3d-81bc-b95bafc99df1,15,5.0,,,,13.18,4.69,13.12,5.55,8.77,7.88
2025-12-16T17:43:28.948738,Recipe_A,a717ca67-edd7-4f3d-81bc-b95bafc99df1,15,5.0,,,,12.15,11.39,10.93,7.66,7.91,11.08
2025-12-16T17:43:28.948738,Recipe_A,a717ca67-edd7-4f3d-81bc-b95bafc99df1,15,5.0,Warning_7,Simulated Warning occurred,Warning,,,,,,
2025-12-16T17:43:29.948738,Recipe_A,a717ca67-edd7-4f3d-81bc-b95bafc99df1,15,5.0,,,,13.06,7.62,9.68,9.37,6.54,8.26
2025-12-16T17:43:30.948738,Recipe_A,a717ca67-edd7-4f3d-81bc-b95bafc99df1,15,5.0,,,,9.04,12.42,13.55,10.88,12.95,6.44
2025-12-16T17:43:31.948738,Recipe_A,a717ca67-edd7-4f3d-81bc-b95bafc99df1,15,5.0,,,,12.27,11.64,10.61,8.52,7.53,10.28
2025-12-16T17:43:32.948738,Recipe_A,a717ca67-edd7-4f3d-81bc-b95bafc99df1,15,5.0,,,,7.53,9.17,9.18,7.15,7.58,9.48
2025-12-16T17:43:33.948738,Recipe_A,a717ca67-edd7-4f3d-81bc-b95bafc99df1,15,5.0,,,,11.21,10.62,9.2,10.78,8.31,8.44
2025-12-16T17:43:34.948738,Recipe_A,a717ca67-edd7-4f3d-81bc-b95bafc99df1,15,5.0,,,,9.97,11.6,10.17,13.01,9.09,6.38
2025-12-16T17:43:35.948738,Recipe_A,a717ca67-edd7-4f3d-81bc-b95bafc99df1,15,5.0,,,,10.87,12.04,10.27,8.22,13.47,8.85
2025-12-16T17:43:36.948738,Recipe_A,a717ca67-edd7-4f3d-81bc-b95bafc99df1,15,5.0,,,,7.51,7.86,8.32,8.33,10.08,11.48
2025-12-16T17:43:37.948738,Recipe_A,a717ca67-edd7-4f3d-81bc-b95bafc99df1,15,5.0,,,,9.51,10.03,11.66,7.43,8.76,11.42
2025-12-16T17:43:38.948738,Recipe_A,a717ca67-edd7-4f3d-81bc-b95bafc99df1,15,5.0,,,,9.29,8.34,7.54,8.2,11.54,8.88
2025-12-16T17:43:39.948738,Recipe_A,a717ca67-edd7-4f3d-81bc-b95bafc99df1,15,5.0,,,,12.57,10.08,9.23,9.49,11.93,8.68
2025-12-16T17:43:40.948738,Recipe_A,a717ca67-edd7-4f3d-81bc-b95bafc99df1,15,5.0,,,,10.99,6.68,11.86,4.59,10.51,16.09
2025-12-16T17:43:41.948738,Recipe_A,a717ca67-edd7-4f3d-81bc-b95bafc99df1,15,5.0,,,,8.01,10.72,7.02,11.39,10.8,7.05
2025-12-16T17:43:42.948738,Recipe_A,a717ca67-edd7-4f3d-81bc-b95bafc99df1,15,5.0,,,,10.48,6.11,12.14,11.34,9.31,8.14
2025-12-16T17:43:43.948738,Recipe_A,a717ca67-edd7-4f3d-81bc-b95bafc99df1,15,5.0,,,,13.6,7.97,13.05,10.13,11.07,10.15
2025-12-16T17:43:44.948738,Recipe_A,a717ca67-edd7-4f3d-81bc-b95bafc99df1,15,4.0,,,,97.48,47.79,58.91,52.86,52.33,39.78
2025-12-16T17:43:45.948738,Recipe_A,a717ca67-edd7-4f3d-81bc-b95bafc99df1,15,4.0,,,,110.91,44.79,62.74,59.98,49.35,42.99
2025-12-16T17:43:46.948738,Recipe_A,a717ca67-edd7-4f3d-81bc-b95bafc99df1,15,4.0,,,,93.52,55.97,50.8,49.08,51.85,52.48
2025-12-16T17:43:47.948738,Recipe_A,a717ca67-edd7-4f3d-81bc-b95bafc99df1,15,4.0,,,,105.83,44.38,41.57,56.56,52.27,44.94
2025-12-16T17:43:48.948738,Recipe_A,a717ca67-edd7-4f3d-81bc-b95bafc99df1,15,4.0,,,,107.53,60.12,61.3,43.38,53.56,52.78
2025-12-16T17:43:49.948738,Recipe_A,a717ca67-edd7-4f3d-81bc-b95bafc99df1,15,4.0,,,,103.34,44.87,55.22,51.41,54.73,41.14
2025-12-16T17:43:50.948738,Recipe_A,a717ca67-edd7-4f3d-81bc-b95bafc99df1,15,4.0,,,,97.62,48.52,45.9,40.65,45.21,47.36
2025-12-16T17:43:51.948738,Recipe_A,a717ca67-edd7-4f3d-81bc-b95bafc99df1,15,4.0,,,,96.04,43.91,45.0,55.8,48.74,46.58
2025-12-16T17:43:52.948738,Recipe_A,a717ca67-edd7-4f3d-81bc-b95bafc99df1,15,4.0,,,,97.82,48.55,47.16,52.64,37.0,53.66
2025-12-16T17:43:53.948738,Recipe_A,a717ca67-edd7-4f3d-81bc-b95bafc99df1,15,4.0,,,,92.45,43.66,49.46,49.24,58.38,47.47
2025-12-16T17:43:54.948738,Recipe_A,a717ca67-edd7-4f3d-81bc-b95bafc99df1,15,4.0,,,,102.61,48.21,51.29,47.91,39.05,43.48
2025-12-16T17:43:55.948738,Recipe_A,a717ca67-edd7-4f3d-81bc-b95bafc99df1,15,4.0,,,,94.13,36.62,39.26,49.15,43.72,56.94
2025-12-16T17:43:56.948738,Recipe_A,a717ca67-edd7-4f3d-81bc-b95bafc99df1,15,4.0,,,,106.26,53.09,46.57,49.86,44.68,52.24
2025-12-16T17:43:57.948738,Recipe_A,a717ca67-edd7-4f3d-81bc-b95bafc99df1,15,4.0,,,,100.75,43.4,53.0,39.59,51.83,54.5
2025-12-16T17:43:58.948738,Recipe_A,a717ca67-edd7-4f3d-81bc-b95bafc99df1,15,4.0,,,,96.99,41.13,50.96,53.88,48.97,56.73
2025-12-16T17:43:59.948738,Recipe_A,a717ca67-edd7-4f3d-81bc-b95bafc99df1,15,4.0,,,,100.04,54.01,49.61,48.72,48.12,52.39
2025-12-16T17:44:00.948738,Recipe_A,a717ca67-edd7-4f3d-81bc-b95bafc99df1,15,4.0,,,,97.79,50.87,55.28,53.87,51.09,48.06
2025-12-16T17:44:01.948738,Recipe_A,a717ca67-edd7-4f3d-81bc-b95bafc99df1,15,4.0,,,,105.97,53.85,54.06,44.74,49.62,53.92
2025-12-16T17:44:02.948738,Recipe_A,a717ca67-edd7-4f3d-81bc-b95bafc99df1,15,4.0,,,,98.28,49.03,53.83,43.15,58.16,43.05
2025-12-16T17:44:03.948738,Recipe_A,a717ca67-edd7-4f3d-81bc-b95bafc99df1,15,4.0,,,,99.02,52.48,52.36,54.89,45.58,43.5
2025-12-16T17:44:04.948738,Recipe_A,a717ca67-edd7-4f3d-81bc-b95bafc99df1,15,4.0,,,,96.41,49.81,53.82,49.13,54.55,50.0
2025-12-16T17:44:05.948738,Recipe_A,a717ca67-edd7-4f3d-81bc-b95bafc99df1,15,4.0,,,,102.71,59.36,48.47,51.4,51.19,44.13
2025-12-16T17:44:06.948738,Recipe_A,a717ca67-edd7-4f3d-81bc-b95bafc99df1,15,4.0,,,,92.22,52.9,53.89,49.14,50.91,50.34
2025-12-16T17:44:07.948738,Recipe_A,a717ca67-edd7-4f3d-81bc-b95bafc99df1,15,4.0,,,,94.77,48.96,42.54,55.61,58.08,59.56
2025-12-16T17:44:08.948738,Recipe_A,a717ca67-edd7-4f3d-81bc-b95bafc99df1,15,4.0,,,,99.69,52.41,47.61,46.05,54.93,47.72
2025-12-16T17:44:09.948738,Recipe_A,a717ca67-edd7-4f3d-81bc-b95bafc99df1,15,4.0,,,,95.52,53.82,49.02,53.44,45.54,44.97
2025-12-16T17:44:10.948738,Recipe_A,a717ca67-edd7-4f3d-81bc-b95bafc99df1,15,4.0,,,,90.45,50.56,55.8,37.62,50.0,36.17
2025-12-16T17:44:11.948738,Recipe_A,a717ca67-edd7-4f3d-81bc-b95bafc99df1,15,4.0,,,,106.36,53.49,58.36,46.38,56.96,44.41
2025-12-16T17:44:12.948738,Recipe_A,a717ca67-edd7-4f3d-81bc-b95bafc99df1,15,4.0,,,,98.09,54.07,51.57,55.07,43.72,49.95
2025-12-16T17:44:13.948738,Recipe_A,a717ca67-edd7-4f3d-81bc-b95bafc99df1,15,4.0,,,,104.44,62.74,58.15,49.9,57.66,49.01
2025-12-16T17:44:14.948738,Recipe_A,a717ca67-edd7-4f3d-81bc-b95bafc99df1,15,4.0,,,,106.29,50.5,46.88,55.48,47.0,55.03
2025-12-16T17:44:15.948738,Recipe_A,a717ca67-edd7-4f3d-81bc-b95bafc99df1,15,4.0,,,,104.25,53.02,51.12,46.59,56.79,47.43
2025-12-16T17:44:16.948738,Recipe_A,a717ca67-edd7-4f3d-81bc-b95bafc99df1,15,4.0,,,,97.62,45.56,49.01,54.78,47.04,46.5
2025-12-16T17:44:17.948738,Recipe_A,a717ca67-edd7-4f3d-81bc-b95bafc99df1,15,4.0,,,,96.62,49.94,49.74,56.2,50.09,50.02
2025-12-16T17:44:18.948738,Recipe_A,a717ca67-edd7-4f3d-81bc-b95bafc99df1,15,4.0,,,,97.55,43.26,59.17,43.35,50.07,51.66
2025-12-16T17:44:19.948738,Recipe_A,a717ca67-edd7-4f3d-81bc-b95bafc99df1,15,4.0,,,,98.63,57.47,48.44,44.28,41.31,43.57
2025-12-16T17:44:20.948738,Recipe_A,a717ca67-edd7-4f3d-81bc-b95bafc99df1,15,4.0,,,,107.7,42.16,44.84,51.97,45.31,51.73
2025-12-16T17:44:21.948738,Recipe_A,a717ca67-edd7-4f3d-81bc-b95bafc99df1,15,4.0,,,,105.71,46.8,52.56,48.04,46.95,39.63
2025-12-16T17:44:22.948738,Recipe_A,a717ca67-edd7-4f3d-81bc-b95bafc99df1,15,5.0,,,,11.06,8.81,7.54,12.31,11.75,9.7
2025-12-16T17:44:23.948738,Recipe_A,a717ca67-edd7-4f3d-81bc-b95bafc99df1,15,5.0,,,,10.09,10.29,14.07,9.8,6.93,11.01
2025-12-16T17:44:24.948738,Recipe_A,a717ca67-edd7-4f3d-81bc-b95bafc99df1,15,5.0,,,,10.31,9.0,11.06,5.24,8.65,10.04
2025-12-16T17:44:25.948738,Recipe_A,a717ca67-edd7-4f3d-81bc-b95bafc99df1,15,5.0,,,,10.99,10.05,13.07,10.79,11.8,7.5
2025-12-16T17:44:26.948738,Recipe_A,a717ca67-edd7-4f3d-81bc-b95bafc99df1,15,5.0,,,,8.51,9.41,9.33,9.63,6.83,9.04
2025-12-16T17:44:27.948738,Recipe_A,a717ca67-edd7-4f3d-81bc-b95bafc99df1,15,5.0,,,,10.62,10.53,11.24,9.39,10.23,10.36
2025-12-16T17:44:28.948738,Recipe_A,a717ca67-edd7-4f3d-81bc-b95bafc99df1,15,5.0,,,,9.21,13.39,8.1,7.37,7.37,10.36
2025-12-16T17:44:28.948738,Recipe_A,a717ca67-edd7-4f3d-81bc-b95bafc99df1,15,5.0,Error_4,Simulated Error occurred,Error,,,,,,
2025-12-16T17:44:29.948738,Recipe_A,a717ca67-edd7-4f3d-81bc-b95bafc99df1,15,5.0,,,,13.69,12.86,10.95,7.52,7.67,12.29
2025-12-16T17:44:30.948738,Recipe_A,a717ca67-edd7-4f3d-81bc-b95bafc99df1,15,5.0,,,,9.83,6.92,8.99,12.18,6.5,7.58
2025-12-16T17:44:31.948738,Recipe_A,a717ca67-edd7-4f3d-81bc-b95bafc99df1,15,5.0,,,,10.33,11.02,10.48,6.94,12.33,8.95
2025-12-16T17:44:32.948738,Recipe_A,a717ca67-edd7-4f3d-81bc-b95bafc99df1,15,5.0,,,,7.06,8.32,7.91,8.91,11.44,13.19
2025-12-16T17:44:33.948738,Recipe_A,a717ca67-edd7-4f3d-81bc-b95bafc99df1,15,5.0,,,,8.0,15.06,8.53,5.28,10.46,8.28
2025-12-16T17:44:34.948738,Recipe_A,a717ca67-edd7-4f3d-81bc-b95bafc99df1,15,5.0,,,,10.37,10.72,9.53,4.74,11.64,10.64
2025-12-16T17:44:35.948738,Recipe_A,a717ca67-edd7-4f3d-81bc-b95bafc99df1,15,5.0,,,,9.25,10.24,9.54,10.51,11.62,5.86
2025-12-16T17:44:36.948738,Recipe_A,a717ca67-edd7-4f3d-81bc-b95bafc99df1,15,5.0,,,,11.87,11.39,10.88,10.06,8.11,10.95
2025-12-16T17:44:37.948738,Recipe_A,a717ca67-edd7-4f3d-81bc-b95bafc99df1,15,5.0,,,,11.2,8.92,9.73,14.32,7.45,11.44
2025-12-16T17:44:38.948738,Recipe_A,a717ca67-edd7-4f3d-81bc-b95bafc99df1,15,5.0,,,,9.76,10.29,9.96,11.15,10.01,8.23
2025-12-16T17:44:39.948738,Recipe_A,a717ca67-edd7-4f3d-81bc-b95bafc99df1,15,5.0,,,,9.69,15.06,11.01,11.99,9.4,9.06
2025-12-16T17:44:40.948738,Recipe_A,a717ca67-edd7-4f3d-81bc-b95bafc99df1,15,5.0,,,,10.78,10.59,10.95,11.66,10.08,14.84
2025-12-16T17:44:41.948738,Recipe_A,a717ca67-edd7-4f3d-81bc-b95bafc99df1,15,5.0,,,,7.9,7.17,10.06,13.56,9.98,9.62
2025-12-16T17:44:42.948738,Recipe_A,a717ca67-edd7-4f3d-81bc-b95bafc99df1,15,5.0,,,,6.81,8.33,14.09,8.6,7.53,10.53
2025-12-16T17:44:43.948738,Recipe_A,a717ca67-edd7-4f3d-81bc-b95bafc99df1,15,5.0,,,,14.67,10.8,11.46,8.56,10.25,7.9
2025-12-16T17:44:44.948738,Recipe_A,a717ca67-edd7-4f3d-81bc-b95bafc99df1,15,5.0,,,,9.86,10.65,8.01,6.58,9.16,9.9
2025-12-16T17:44:45.948738,Recipe_A,a717ca67-edd7-4f3d-81bc-b95bafc99df1,15,5.0,,,,9.69,11.51,13.21,10.41,13.17,8.25
2025-12-16T17:44:46.948738,Recipe_A,a717ca67-edd7-4f3d-81bc-b95bafc99df1,15,5.0,,,,7.27,8.47,6.05,10.36,10.89,10.61
2025-12-16T17:44:47.948738,Recipe_A,a717ca67-edd7-4f3d-81bc-b95bafc99df1,15,5.0,,,,9.22,9.39,6.38,13.59,9.61,7.65
2025-12-16T17:44:48.948738,Recipe_A,a717ca67-edd7-4f3d-81bc-b95bafc99df1,15,5.0,,,,9.55,8.66,9.94,12.88,14.05,8.28
2025-12-16T17:44:49.948738,Recipe_A,a717ca67-edd7-4f3d-81bc-b95bafc99df1,15,5.0,,,,10.89,7.99,12.17,10.86,9.33,7.64
2025-12-16T17:44:50.948738,Recipe_A,a717ca67-edd7-4f3d-81bc-b95bafc99df1,15,5.0,,,,9.13,8.53,8.2,6.33,12.7,8.42
2025-12-16T17:44:51.948738,Recipe_A,a717ca67-edd7-4f3d-81bc-b95bafc99df1,15,5.0,,,,11.46,7.76,15.05,12.15,9.53,8.96
2025-12-16T17:44:52.948738,Recipe_A,a717ca67-edd7-4f3d-81bc-b95bafc99df1,15,5.0,,,,13.76,9.62,10.8,9.59,9.06,9.88
2025-12-16T17:44:53.948738,Recipe_A,a717ca67-edd7-4f3d-81bc-b95bafc99df1,15,5.0,,,,14.4,10.7,7.83,9.74,7.06,10.33
2025-12-16T17:44:54.948738,Recipe_A,a717ca67-edd7-4f3d-81bc-b95bafc99df1,15,5.0,,,,9.8,11.31,10.91,9.89,13.01,10.35
2025-12-16T17:44:55.948738,Recipe_A,a717ca67-edd7-4f3d-81bc-b95bafc99df1,15,5.0,,,,9.35,8.73,10.65,11.32,11.47,12.69
2025-12-16T17:44:56.948738,Recipe_A,a717ca67-edd7-4f3d-81bc-b95bafc99df1,15,5.0,,,,9.7,11.4,8.91,11.54,11.19,8.65
2025-12-16T17:44:57.948738,Recipe_A,a717ca67-edd7-4f3d-81bc-b95bafc99df1,15,5.0,,,,9.44,11.88,9.22,7.59,6.27,10.07
2025-12-16T17:44:58.948738,Recipe_A,a717ca67-edd7-4f3d-81bc-b95bafc99df1,15,5.0,,,,8.7,14.28,9.27,9.69,9.63,6.77
2025-12-16T17:44:59.948738,Recipe_A,a717ca67-edd7-4f3d-81bc-b95bafc99df1,15,5.0,,,,8.68,9.71,12.94,9.78,10.43,9.27
2025-12-16T17:45:00.948738,Recipe_A,a717ca67-edd7-4f3d-81bc-b95bafc99df1,15,5.0,,,,12.35,8.36,12.89,11.01,9.38,10.3
2025-12-16T17:45:01.948738,Recipe_A,a717ca67-edd7-4f3d-81bc-b95bafc99df1,15,5.0,,,,13.46,7.8,8.83,10.93,8.05,11.53
2025-12-16T17:45:02.948738,Recipe_A,a717ca67-edd7-4f3d-81bc-b95bafc99df1,15,5.0,,,,10.18,11.05,12.07,9.39,10.02,13.38
2025-12-16T17:45:03.948738,Recipe_A,a717ca67-edd7-4f3d-81bc-b95bafc99df1,15,5.0,,,,9.25,9.68,8.96,10.25,11.21,8.62
2025-12-16T17:45:03.948738,Recipe_A,a717ca67-edd7-4f3d-81bc-b95bafc99df1,15,5.0,Warning_9,Simulated Warning occurred,Warning,,,,,,
2025-12-16T17:45:04.948738,Recipe_A,a717ca67-edd7-4f3d-81bc-b95bafc99df1,15,5.0,,,,8.42,9.55,11.3,10.25,9.9,11.88
2025-12-16T17:45:05.948738,Recipe_A,a717ca67-edd7-4f3d-81bc-b95bafc99df1,15,5.0,,,,9.58,10.64,13.24,7.91,8.64,9.1
2025-12-16T17:45:06.948738,Recipe_A,a717ca67-edd7-4f3d-81bc-b95bafc99df1,15,5.0,,,,7.91,11.48,12.68,9.59,12.94,12.55
2025-12-16T17:45:07.948738,Recipe_A,a717ca67-edd7-4f3d-81bc-b95bafc99df1,15,5.0,,,,8.16,6.72,9.27,8.77,9.94,8.67
2025-12-16T17:45:08.948738,Recipe_A,a717ca67-edd7-4f3d-81bc-b95bafc99df1,15,5.0,,,,7.84,14.87,10.33,9.02,13.01,2.2
2025-12-16T17:45:09.948738,Recipe_A,a717ca67-edd7-4f3d-81bc-b95bafc99df1,15,5.0,,,,8.29,13.88,10.6,8.73,7.58,10.7
2025-12-16T17:45:10.948738,Recipe_A,a717ca67-edd7-4f3d-81bc-b95bafc99df1,15,5.0,,,,8.1,7.99,12.12,9.27,12.6,10.61
2025-12-16T17:45:11.948738,Recipe_A,a717ca67-edd7-4f3d-81bc-b95bafc99df1,15,5.0,,,,11.06,10.76,6.22,11.16,10.62,9.72
2025-12-16T17:45:12.948738,Recipe_A,a717ca67-edd7-4f3d-81bc-b95bafc99df1,15,5.0,,,,6.14,7.87,11.63,10.6,9.86,9.68
2025-12-16T17:45:13.948738,Recipe_A,a717ca67-edd7-4f3d-81bc-b95bafc99df1,15,5.0,,,,10.26,9.69,7.76,13.35,8.16,12.58
2025-12-16T17:45:14.948738,Recipe_A,a717ca67-edd7-4f3d-81bc-b95bafc99df1,15,5.0,,,,9.24,8.4,9.9,8.03,9.2,11.4
2025-12-16T17:45:15.948738,Recipe_A,a717ca67-edd7-4f3d-81bc-b95bafc99df1,15,5.0,,,,7.53,9.83,7.95,10.29,9.03,10.42
2025-12-16T17:45:16.948738,Recipe_A,a717ca67-edd7-4f3d-81bc-b95bafc99df1,15,5.0,,,,7.8,11.54,10.85,10.31,7.36,10.54
2025-12-16T17:45:17.948738,Recipe_A,a717ca67-edd7-4f3d-81bc-b95bafc99df1,15,5.0,,,,13.88,9.11,11.02,10.53,9.42,6.67
2025-12-16T17:45:18.948738,Recipe_A,a717ca67-edd7-4f3d-81bc-b95bafc99df1,15,5.0,,,,10.52,12.3,10.08,13.24,8.75,10.87
2025-12-16T17:45:19.948738,Recipe_A,a717ca67-edd7-4f3d-81bc-b95bafc99df1,15,5.0,,,,12.99,12.51,11.24,10.05,8.42,11.84
2025-12-16T17:45:20.948738,Recipe_A,a717ca67-edd7-4f3d-81bc-b95bafc99df1,15,5.0,,,,9.4,11.0,10.17,10.68,8.33,11.34
2025-12-16T17:45:21.948738,Recipe_A,a717ca67-edd7-4f3d-81bc-b95bafc99df1,15,5.0,,,,11.78,7.18,9.86,8.62,10.32,6.75
2025-12-16T17:45:22.948738,Recipe_A,a717ca67-edd7-4f3d-81bc-b95bafc99df1,15,5.0,,,,9.25,7.8,13.96,11.23,9.69,8.0
2025-12-16T17:45:23.948738,Recipe_A,a717ca67-edd7-4f3d-81bc-b95bafc99df1,15,5.0,,,,8.37,13.41,9.79,8.68,10.68,7.39
2025-12-16T17:45:24.948738,Recipe_A,a717ca67-edd7-4f3d-81bc-b95bafc99df1,15,5.0,,,,7.84,6.96,7.92,8.7,11.18,12.09
2025-12-16T17:45:25.948738,Recipe_A,a717ca67-edd7-4f3d-81bc-b95bafc99df1,15,5.0,,,,14.53,10.28,9.95,9.87,8.28,9.28
2025-12-16T17:45:26.948738,Recipe_A,a717ca67-edd7-4f3d-81bc-b95bafc99df1,15,5.0,,,,13.96,9.98,7.45,12.04,11.12,9.5
2025-12-16T17:45:27.948738,Recipe_A,a717ca67-edd7-4f3d-81bc-b95bafc99df1,15,5.0,,,,7.6,11.16,6.95,12.4,10.46,9.25
2025-12-16T17:45:28.948738,Recipe_A,a717ca67-edd7-4f3d-81bc-b95bafc99df1,15,5.0,,,,6.52,8.65,9.47,8.55,15.43,14.31
2025-12-16T17:45:28.948738,Recipe_A,a717ca67-edd7-4f3d-81bc-b95bafc99df1,15,5.0,Warning_6,Simulated Warning occurred,Warning,,,,,,
2025-12-16T17:45:29.948738,Recipe_A,a717ca67-edd7-4f3d-81bc-b95bafc99df1,15,5.0,,,,9.42,5.89,8.96,11.54,10.36,8.39
2025-12-16T17:45:30.948738,Recipe_A,a717ca67-edd7-4f3d-81bc-b95bafc99df1,15,5.0,,,,10.23,8.56,15.16,9.96,8.61,9.79
2025-12-16T17:45:31.948738,Recipe_A,a717ca67-edd7-4f3d-81bc-b95bafc99df1,15,5.0,,,,6.78,9.66,9.52,11.65,7.74,9.01
2025-12-16T17:45:32.948738,Recipe_A,a717ca67-edd7-4f3d-81bc-b95bafc99df1,15,5.0,,,,7.79,9.39,7.11,9.07,14.42,9.88
2025-12-16T17:45:33.948738,Recipe_A,a717ca67-edd7-4f3d-81bc-b95bafc99df1,15,5.0,,,,11.7,11.0,11.0,13.16,7.24,7.6
2025-12-16T17:45:34.948738,Recipe_A,a717ca67-edd7-4f3d-81bc-b95bafc99df1,15,5.0,,,,12.53,9.0,14.28,7.68,11.55,5.77
2025-12-16T17:45:35.948738,Recipe_A,a717ca67-edd7-4f3d-81bc-b95bafc99df1,15,5.0,,,,5.76,8.02,9.77,11.89,10.41,8.41
2025-12-16T17:45:36.948738,Recipe_A,a717ca67-edd7-4f3d-81bc-b95bafc99df1,15,5.0,,,,9.54,11.38,10.32,8.72,8.04,7.79
2025-12-16T17:45:37.948738,Recipe_A,a717ca67-edd7-4f3d-81bc-b95bafc99df1,15,5.0,,,,9.23,12.91,9.55,9.46,10.89,9.62
2025-12-16T17:45:38.948738,Recipe_A,a717ca67-edd7-4f3d-81bc-b95bafc99df1,15,5.0,,,,12.16,8.04,8.84,9.31,12.86,7.1
2025-12-16T17:45:39.948738,Recipe_A,a717ca67-edd7-4f3d-81bc-b95bafc99df1,15,5.0,,,,8.65,7.45,10.03,6.89,10.07,8.58
2025-12-16T17:45:40.948738,Recipe_A,a717ca67-edd7-4f3d-81bc-b95bafc99df1,15,5.0,,,,13.02,11.42,14.82,11.44,9.07,5.04
2025-12-16T17:45:41.948738,Recipe_A,a717ca67-edd7-4f3d-81bc-b95bafc99df1,15,5.0,,,,11.99,10.7,12.09,12.03,7.66,13.5
2025-12-16T17:45:42.948738,Recipe_A,a717ca67-edd7-4f3d-81bc-b95bafc99df1,15,5.0,,,,8.92,7.18,9.66,9.73,10.25,9.96
2025-12-16T17:45:43.948738,Recipe_A,a717ca67-edd7-4f3d-81bc-b95bafc99df1,15,5.0,,,,8.33,8.32,8.08,9.79,9.71,9.07
2025-12-16T17:45:44.948738,Recipe_A,a717ca67-edd7-4f3d-81bc-b95bafc99df1,15,5.0,,,,12.11,14.34,6.29,7.12,8.65,8.99
2025-12-16T17:45:45.948738,Recipe_A,a717ca67-edd7-4f3d-81bc-b95bafc99df1,15,5.0,,,,9.42,13.31,11.11,12.75,14.34,8.34
2025-12-16T17:45:46.948738,Recipe_A,a717ca67-edd7-4f3d-81bc-b95bafc99df1,15,2.0,,,,9.04,10.44,8.77,9.38,7.39,9.03
2025-12-16T17:45:47.948738,Recipe_A,a717ca67-edd7-4f3d-81bc-b95bafc99df1,15,2.0,,,,13.82,7.59,12.4,9.47,10.49,13.02
2025-12-16T17:45:48.948738,Recipe_A,a717ca67-edd7-4f3d-81bc-b95bafc99df1,15,2.0,,,,13.29,9.72,11.68,9.71,8.9,10.76
2025-12-16T17:45:49.948738,Recipe_A,a717ca67-edd7-4f3d-81bc-b95bafc99df1,15,2.0,,,,14.3,8.52,8.74,12.02,10.91,8.81
2025-12-16T17:45:49.948738,Recipe_A,a717ca67-edd7-4f3d-81bc-b95bafc99df1,15,2.0,Warning_2,Simulated Warning occurred,Warning,,,,,,
2025-12-16T17:45:50.948738,Recipe_A,a717ca67-edd7-4f3d-81bc-b95bafc99df1,15,2.0,,,,9.33,10.8,6.37,11.75,10.3,7.51
2025-12-16T17:45:51.948738,Recipe_A,a717ca67-edd7-4f3d-81bc-b95bafc99df1,15,2.0,,,,11.62,12.55,11.26,10.78,13.68,8.68
2025-12-16T17:45:52.948738,Recipe_A,a717ca67-edd7-4f3d-81bc-b95bafc99df1,15,2.0,,,,1.95,5.24,11.8,9.89,9.74,10.36
2025-12-16T17:45:53.948738,Recipe_A,a717ca67-edd7-4f3d-81bc-b95bafc99df1,15,2.0,,,,12.78,10.23,8.0,8.87,9.42,6.28
2025-12-16T17:45:54.948738,Recipe_A,a717ca67-edd7-4f3d-81bc-b95bafc99df1,15,2.0,,,,11.65,8.23,6.76,10.61,9.6,8.41
2025-12-16T17:45:55.948738,Recipe_A,a717ca67-edd7-4f3d-81bc-b95bafc99df1,15,2.0,,,,8.23,9.59,11.7,10.87,11.67,11.97
2025-12-16T17:45:56.948738,Recipe_A,a717ca67-edd7-4f3d-81bc-b95bafc99df1,15,2.0,,,,9.47,11.88,8.65,10.86,9.86,6.23
2025-12-16T17:45:57.948738,Recipe_A,a717ca67-edd7-4f3d-81bc-b95bafc99df1,15,2.0,,,,12.18,9.89,10.82,9.27,9.58,7.58
2025-12-16T17:45:58.948738,Recipe_A,a717ca67-edd7-4f3d-81bc-b95bafc99df1,15,2.0,,,,10.45,10.38,12.35,7.69,12.4,8.59
2025-12-16T17:45:59.948738,Recipe_A,a717ca67-edd7-4f3d-81bc-b95bafc99df1,15,2.0,,,,11.36,10.65,10.38,12.19,8.75,10.31
2025-12-16T17:46:00.948738,Recipe_A,a717ca67-edd7-4f3d-81bc-b95bafc99df1,15,2.0,,,,12.39,7.32,13.08,9.2,10.8,9.88
2025-12-16T17:46:01.948738,Recipe_A,a717ca67-edd7-4f3d-81bc-b95bafc99df1,15,2.0,,,,6.88,11.39,10.97,11.94,10.14,12.01
2025-12-16T17:46:02.948738,Recipe_A,a717ca67-edd7-4f3d-81bc-b95bafc99df1,15,2.0,,,,10.32,11.67,11.55,9.95,8.41,9.47
2025-12-16T17:46:03.948738,Recipe_A,a717ca67-edd7-4f3d-81bc-b95bafc99df1,15,0.0,,,,0.0,0.0,0.0,0.0,0.0,0.0
2025-12-16T17:46:04.948738,Recipe_A,a717ca67-edd7-4f3d-81bc-b95bafc99df1,15,0.0,,,,0.0,0.0,0.0,0.0,0.0,0.0
2025-12-16T17:46:05.948738,Recipe_A,a717ca67-edd7-4f3d-81bc-b95bafc99df1,15,0.0,,,,0.0,0.0,0.0,0.0,0.0,0.0
2025-12-16T17:46:06.948738,Recipe_A,a717ca67-edd7-4f3d-81bc-b95bafc99df1,15,0.0,,,,0.0,0.0,0.0,0.0,0.0,0.0
2025-12-16T17:46:07.948738,Recipe_A,a717ca67-edd7-4f3d-81bc-b95bafc99df1,15,0.0,,,,0.0,0.0,0.0,0.0,0.0,0.0
2025-12-16T17:46:08.948738,Recipe_A,a717ca67-edd7-4f3d-81bc-b95bafc99df1,15,0.0,,,,0.0,0.0,0.0,0.0,0.0,0.0
2025-12-16T17:46:09.948738,Recipe_A,a717ca67-edd7-4f3d-81bc-b95bafc99df1,15,0.0,,,,0.0,0.0,0.0,0.0,0.0,0.0
2025-12-16T17:46:10.948738,Recipe_A,a717ca67-edd7-4f3d-81bc-b95bafc99df1,15,0.0,,,,0.0,0.0,0.0,0.0,0.0,0.0
2025-12-16T17:46:11.948738,Recipe_A,a717ca67-edd7-4f3d-81bc-b95bafc99df1,15,0.0,,,,0.0,0.0,0.0,0.0,0.0,0.0
2025-12-16T17:46:12.948738,Recipe_A,a717ca67-edd7-4f3d-81bc-b95bafc99df1,15,0.0,,,,0.0,0.0,0.0,0.0,0.0,0.0
2025-12-16T17:46:13.948738,Recipe_A,a717ca67-edd7-4f3d-81bc-b95bafc99df1,15,0.0,,,,0.0,0.0,0.0,0.0,0.0,0.0
2025-12-16T17:46:14.948738,Recipe_A,a717ca67-edd7-4f3d-81bc-b95bafc99df1,15,0.0,,,,0.0,0.0,0.0,0.0,0.0,0.0
2025-12-16T17:46:15.948738,Recipe_A,a717ca67-edd7-4f3d-81bc-b95bafc99df1,15,0.0,,,,0.0,0.0,0.0,0.0,0.0,0.0
2025-12-16T17:46:16.948738,Recipe_A,a717ca67-edd7-4f3d-81bc-b95bafc99df1,15,0.0,,,,0.0,0.0,0.0,0.0,0.0,0.0
2025-12-16T17:46:17.948738,Recipe_A,a717ca67-edd7-4f3d-81bc-b95bafc99df1,15,0.0,,,,0.0,0.0,0.0,0.0,0.0,0.0
2025-12-16T17:46:18.948738,Recipe_A,a717ca67-edd7-4f3d-81bc-b95bafc99df1,15,0.0,,,,0.0,0.0,0.0,0.0,0.0,0.0
2025-12-16T17:46:19.948738,Recipe_A,a717ca67-edd7-4f3d-81bc-b95bafc99df1,15,0.0,,,,0.0,0.0,0.0,0.0,0.0,0.0
2025-12-16T17:46:20.948738,Recipe_A,a717ca67-edd7-4f3d-81bc-b95bafc99df1,15,0.0,,,,0.0,0.0,0.0,0.0,0.0,0.0
2025-12-16T17:46:21.948738,Recipe_A,a717ca67-edd7-4f3d-81bc-b95bafc99df1,15,0.0,,,,0.0,0.0,0.0,0.0,0.0,0.0
2025-12-16T17:46:22.948738,Recipe_A,a717ca67-edd7-4f3d-81bc-b95bafc99df1,15,0.0,,,,0.0,0.0,0.0,0.0,0.0,0.0
2025-12-16T17:46:23.948738,Recipe_A,a717ca67-edd7-4f3d-81bc-b95bafc99df1,15,0.0,,,,0.0,0.0,0.0,0.0,0.0,0.0
2025-12-16T17:46:24.948738,Recipe_A,a717ca67-edd7-4f3d-81bc-b95bafc99df1,15,0.0,,,,0.0,0.0,0.0,0.0,0.0,0.0
2025-12-16T17:46:25.948738,Recipe_A,a717ca67-edd7-4f3d-81bc-b95bafc99df1,15,0.0,,,,0.0,0.0,0.0,0.0,0.0,0.0
2025-12-16T17:46:26.948738,Recipe_A,a717ca67-edd7-4f3d-81bc-b95bafc99df1,15,0.0,,,,0.0,0.0,0.0,0.0,0.0,0.0
2025-12-16T17:46:27.948738,Recipe_A,a717ca67-edd7-4f3d-81bc-b95bafc99df1,15,0.0,,,,0.0,0.0,0.0,0.0,0.0,0.0
2025-12-16T17:46:28.948738,Recipe_A,a717ca67-edd7-4f3d-81bc-b95bafc99df1,15,0.0,,,,0.0,0.0,0.0,0.0,0.0,0.0
2025-12-16T17:46:29.948738,Recipe_A,a717ca67-edd7-4f3d-81bc-b95bafc99df1,15,0.0,,,,0.0,0.0,0.0,0.0,0.0,0.0
2025-12-16T17:46:30.948738,Recipe_A,a717ca67-edd7-4f3d-81bc-b95bafc99df1,15,0.0,,,,0.0,0.0,0.0,0.0,0.0,0.0
2025-12-16T17:46:31.948738,Recipe_A,a717ca67-edd7-4f3d-81bc-b95bafc99df1,15,0.0,,,,0.0,0.0,0.0,0.0,0.0,0.0
2025-12-16T17:46:32.948738,Recipe_A,a717ca67-edd7-4f3d-81bc-b95bafc99df1,15,0.0,,,,0.0,0.0,0.0,0.0,0.0,0.0
2025-12-16T17:46:33.948738,Recipe_A,a717ca67-edd7-4f3d-81bc-b95bafc99df1,15,0.0,,,,0.0,0.0,0.0,0.0,0.0,0.0
2025-12-16T17:46:34.948738,Recipe_A,a717ca67-edd7-4f3d-81bc-b95bafc99df1,15,0.0,,,,0.0,0.0,0.0,0.0,0.0,0.0
2025-12-16T17:46:35.948738,Recipe_A,a717ca67-edd7-4f3d-81bc-b95bafc99df1,15,0.0,,,,0.0,0.0,0.0,0.0,0.0,0.0
2025-12-16T17:46:36.948738,Recipe_A,a717ca67-edd7-4f3d-81bc-b95bafc99df1,15,0.0,,,,0.0,0.0,0.0,0.0,0.0,0.0
2025-12-16T17:46:37.948738,Recipe_A,a717ca67-edd7-4f3d-81bc-b95bafc99df1,15,0.0,,,,0.0,0.0,0.0,0.0,0.0,0.0
2025-12-16T17:46:38.948738,Recipe_A,a717ca67-edd7-4f3d-81bc-b95bafc99df1,15,0.0,,,,0.0,0.0,0.0,0.0,0.0,0.0
2025-12-16T17:46:39.948738,Recipe_A,a717ca67-edd7-4f3d-81bc-b95bafc99df1,15,0.0,,,,0.0,0.0,0.0,0.0,0.0,0.0
2025-12-16T17:46:40.948738,Recipe_A,a717ca67-edd7-4f3d-81bc-b95bafc99df1,15,0.0,,,,0.0,0.0,0.0,0.0,0.0,0.0
2025-12-16T17:46:41.948738,Recipe_A,a717ca67-edd7-4f3d-81bc-b95bafc99df1,15,0.0,,,,0.0,0.0,0.0,0.0,0.0,0.0
2025-12-16T17:46:42.948738,Recipe_A,a717ca67-edd7-4f3d-81bc-b95bafc99df1,15,0.0,,,,0.0,0.0,0.0,0.0,0.0,0.0
2025-12-16T17:46:43.948738,Recipe_A,a717ca67-edd7-4f3d-81bc-b95bafc99df1,15,0.0,,,,0.0,0.0,0.0,0.0,0.0,0.0
2025-12-16T17:46:44.948738,Recipe_A,a717ca67-edd7-4f3d-81bc-b95bafc99df1,15,0.0,,,,0.0,0.0,0.0,0.0,0.0,0.0
2025-12-16T17:46:45.948738,Recipe_A,a717ca67-edd7-4f3d-81bc-b95bafc99df1,15,0.0,,,,0.0,0.0,0.0,0.0,0.0,0.0
2025-12-16T17:46:45.948738,Recipe_A,a717ca67-edd7-4f3d-81bc-b95bafc99df1,15,0.0,Warning_4,Simulated Warning occurred,Warning,,,,,,
2025-12-16T17:46:46.948738,Recipe_A,a717ca67-edd7-4f3d-81bc-b95bafc99df1,15,0.0,,,,0.0,0.0,0.0,0.0,0.0,0.0
2025-12-16T17:46:47.948738,Recipe_A,a717ca67-edd7-4f3d-81bc-b95bafc99df1,15,0.0,,,,0.0,0.0,0.0,0.0,0.0,0.0
2025-12-16T17:46:48.948738,Recipe_A,a717ca67-edd7-4f3d-81bc-b95bafc99df1,15,0.0,,,,0.0,0.0,0.0,0.0,0.0,0.0
2025-12-16T17:46:49.948738,Recipe_A,a717ca67-edd7-4f3d-81bc-b95bafc99df1,15,0.0,,,,0.0,0.0,0.0,0.0,0.0,0.0
2025-12-16T17:46:50.948738,Recipe_A,a717ca67-edd7-4f3d-81bc-b95bafc99df1,15,0.0,,,,0.0,0.0,0.0,0.0,0.0,0.0
2025-12-16T17:46:51.948738,Recipe_A,a717ca67-edd7-4f3d-81bc-b95bafc99df1,15,0.0,,,,0.0,0.0,0.0,0.0,0.0,0.0
2025-12-16T17:46:52.948738,Recipe_A,a717ca67-edd7-4f3d-81bc-b95bafc99df1,15,0.0,,,,0.0,0.0,0.0,0.0,0.0,0.0
2025-12-16T17:46:53.948738,Recipe_A,a717ca67-edd7-4f3d-81bc-b95bafc99df1,15,0.0,,,,0.0,0.0,0.0,0.0,0.0,0.0
2025-12-16T17:46:54.948738,Recipe_A,a717ca67-edd7-4f3d-81bc-b95bafc99df1,15,0.0,,,,0.0,0.0,0.0,0.0,0.0,0.0
2025-12-16T17:46:55.948738,Recipe_A,a717ca67-edd7-4f3d-81bc-b95bafc99df1,15,0.0,,,,0.0,0.0,0.0,0.0,0.0,0.0
2025-12-16T17:46:56.948738,Recipe_A,a717ca67-edd7-4f3d-81bc-b95bafc99df1,15,0.0,,,,0.0,0.0,0.0,0.0,0.0,0.0
2025-12-16T17:46:57.948738,Recipe_A,a717ca67-edd7-4f3d-81bc-b95bafc99df1,15,0.0,,,,0.0,0.0,0.0,0.0,0.0,0.0
2025-12-16T17:46:58.948738,Recipe_A,a717ca67-edd7-4f3d-81bc-b95bafc99df1,15,0.0,,,,0.0,0.0,0.0,0.0,0.0,0.0
2025-12-16T17:46:59.948738,Recipe_A,a717ca67-edd7-4f3d-81bc-b95bafc99df1,15,0.0,,,,0.0,0.0,0.0,0.0,0.0,0.0
2025-12-16T17:47:00.948738,Recipe_A,a717ca67-edd7-4f3d-81bc-b95bafc99df1,15,3.0,,,,7.65,13.79,10.16,11.12,8.43,8.75
2025-12-16T17:47:01.948738,Recipe_A,a717ca67-edd7-4f3d-81bc-b95bafc99df1,15,3.0,,,,9.49,12.49,5.71,11.37,11.78,12.1
2025-12-16T17:47:02.948738,Recipe_A,a717ca67-edd7-4f3d-81bc-b95bafc99df1,15,3.0,,,,8.27,10.34,11.37,11.72,9.62,10.24
2025-12-16T17:47:03.948738,Recipe_A,a717ca67-edd7-4f3d-81bc-b95bafc99df1,15,3.0,,,,10.82,11.33,10.07,8.07,11.79,9.83
2025-12-16T17:47:04.948738,Recipe_A,a717ca67-edd7-4f3d-81bc-b95bafc99df1,15,3.0,,,,11.77,11.81,13.54,9.87,11.86,5.13
2025-12-16T17:47:05.948738,Recipe_A,a717ca67-edd7-4f3d-81bc-b95bafc99df1,15,3.0,,,,10.13,8.63,9.26,10.28,10.8,9.95
2025-12-16T17:47:06.948738,Recipe_A,a717ca67-edd7-4f3d-81bc-b95bafc99df1,15,3.0,,,,10.22,9.47,9.04,10.1,8.37,12.11
2025-12-16T17:47:07.948738,Recipe_A,a717ca67-edd7-4f3d-81bc-b95bafc99df1,15,3.0,,,,9.89,10.07,8.94,5.94,6.53,6.91
2025-12-16T17:47:08.948738,Recipe_A,a717ca67-edd7-4f3d-81bc-b95bafc99df1,15,3.0,,,,8.98,9.54,10.85,5.19,9.88,10.88
2025-12-16T17:47:09.948738,Recipe_A,a717ca67-edd7-4f3d-81bc-b95bafc99df1,15,3.0,,,,10.29,13.03,10.1,11.28,10.06,11.6
2025-12-16T17:47:10.948738,Recipe_A,a717ca67-edd7-4f3d-81bc-b95bafc99df1,15,3.0,,,,11.15,8.62,12.9,6.31,12.24,11.22
2025-12-16T17:47:11.948738,Recipe_A,a717ca67-edd7-4f3d-81bc-b95bafc99df1,15,3.0,,,,8.62,4.8,9.76,10.82,8.27,9.58
2025-12-16T17:47:12.948738,Recipe_A,a717ca67-edd7-4f3d-81bc-b95bafc99df1,15,3.0,,,,10.56,9.67,11.58,9.7,10.4,9.69
2025-12-16T17:47:13.948738,Recipe_A,a717ca67-edd7-4f3d-81bc-b95bafc99df1,15,3.0,,,,12.44,12.03,10.17,5.83,12.47,9.35
2025-12-16T17:47:14.948738,Recipe_A,a717ca67-edd7-4f3d-81bc-b95bafc99df1,15,3.0,,,,10.51,10.72,11.63,10.06,8.8,9.91
2025-12-16T17:47:15.948738,Recipe_A,a717ca67-edd7-4f3d-81bc-b95bafc99df1,15,0.0,,,,0.0,0.0,0.0,0.0,0.0,0.0
2025-12-16T17:47:16.948738,Recipe_A,a717ca67-edd7-4f3d-81bc-b95bafc99df1,15,0.0,,,,0.0,0.0,0.0,0.0,0.0,0.0
2025-12-16T17:47:17.948738,Recipe_A,a717ca67-edd7-4f3d-81bc-b95bafc99df1,15,0.0,,,,0.0,0.0,0.0,0.0,0.0,0.0
2025-12-16T17:47:18.948738,Recipe_A,a717ca67-edd7-4f3d-81bc-b95bafc99df1,15,0.0,,,,0.0,0.0,0.0,0.0,0.0,0.0
2025-12-16T17:47:19.948738,Recipe_A,a717ca67-edd7-4f3d-81bc-b95bafc99df1,15,0.0,,,,0.0,0.0,0.0,0.0,0.0,0.0
2025-12-16T17:47:20.948738,Recipe_A,a717ca67-edd7-4f3d-81bc-b95bafc99df1,15,0.0,,,,0.0,0.0,0.0,0.0,0.0,0.0
2025-12-16T17:47:21.948738,Recipe_A,a717ca67-edd7-4f3d-81bc-b95bafc99df1,15,0.0,,,,0.0,0.0,0.0,0.0,0.0,0.0
2025-12-16T17:47:22.948738,Recipe_A,a717ca67-edd7-4f3d-81bc-b95bafc99df1,15,0.0,,,,0.0,0.0,0.0,0.0,0.0,0.0
2025-12-16T17:47:23.948738,Recipe_A,a717ca67-edd7-4f3d-81bc-b95bafc99df1,15,0.0,,,,0.0,0.0,0.0,0.0,0.0,0.0
2025-12-16T17:47:24.948738,Recipe_A,a717ca67-edd7-4f3d-81bc-b95bafc99df1,15,0.0,,,,0.0,0.0,0.0,0.0,0.0,0.0
2025-12-16T17:47:25.948738,Recipe_A,a717ca67-edd7-4f3d-81bc-b95bafc99df1,15,0.0,,,,0.0,0.0,0.0,0.0,0.0,0.0
2025-12-16T17:47:26.948738,Recipe_A,a717ca67-edd7-4f3d-81bc-b95bafc99df1,15,0.0,,,,0.0,0.0,0.0,0.0,0.0,0.0
2025-12-16T17:47:27.948738,Recipe_A,a717ca67-edd7-4f3d-81bc-b95bafc99df1,15,0.0,,,,0.0,0.0,0.0,0.0,0.0,0.0
2025-12-16T17:47:28.948738,Recipe_A,a717ca67-edd7-4f3d-81bc-b95bafc99df1,15,0.0,,,,0.0,0.0,0.0,0.0,0.0,0.0
2025-12-16T17:47:29.948738,Recipe_A,a717ca67-edd7-4f3d-81bc-b95bafc99df1,15,0.0,,,,0.0,0.0,0.0,0.0,0.0,0.0
2025-12-16T17:47:30.948738,Recipe_A,a717ca67-edd7-4f3d-81bc-b95bafc99df1,15,0.0,,,,0.0,0.0,0.0,0.0,0.0,0.0
2025-12-16T17:47:31.948738,Recipe_A,a717ca67-edd7-4f3d-81bc-b95bafc99df1,15,0.0,,,,0.0,0.0,0.0,0.0,0.0,0.0
2025-12-16T17:47:32.948738,Recipe_A,a717ca67-edd7-4f3d-81bc-b95bafc99df1,15,0.0,,,,0.0,0.0,0.0,0.0,0.0,0.0
2025-12-16T17:47:33.948738,Recipe_A,a717ca67-edd7-4f3d-81bc-b95bafc99df1,15,0.0,,,,0.0,0.0,0.0,0.0,0.0,0.0
2025-12-16T17:47:34.948738,Recipe_A,a717ca67-edd7-4f3d-81bc-b95bafc99df1,15,0.0,,,,0.0,0.0,0.0,0.0,0.0,0.0
2025-12-16T17:47:35.948738,Recipe_A,a717ca67-edd7-4f3d-81bc-b95bafc99df1,15,0.0,,,,0.0,0.0,0.0,0.0,0.0,0.0
2025-12-16T17:47:36.948738,Recipe_A,a717ca67-edd7-4f3d-81bc-b95bafc99df1,15,0.0,,,,0.0,0.0,0.0,0.0,0.0,0.0
2025-12-16T17:47:37.948738,Recipe_A,a717ca67-edd7-4f3d-81bc-b95bafc99df1,15,0.0,,,,0.0,0.0,0.0,0.0,0.0,0.0
2025-12-16T17:47:38.948738,Recipe_A,a717ca67-edd7-4f3d-81bc-b95bafc99df1,15,0.0,,,,0.0,0.0,0.0,0.0,0.0,0.0
2025-12-16T17:47:39.948738,Recipe_A,a717ca67-edd7-4f3d-81bc-b95bafc99df1,15,0.0,,,,0.0,0.0,0.0,0.0,0.0,0.0
2025-12-16T17:47:40.948738,Recipe_A,a717ca67-edd7-4f3d-81bc-b95bafc99df1,15,0.0,,,,0.0,0.0,0.0,0.0,0.0,0.0
2025-12-16T17:47:41.948738,Recipe_A,a717ca67-edd7-4f3d-81bc-b95bafc99df1,15,0.0,,,,0.0,0.0,0.0,0.0,0.0,0.0
2025-12-16T17:47:42.948738,Recipe_A,a717ca67-edd7-4f3d-81bc-b95bafc99df1,15,0.0,,,,0.0,0.0,0.0,0.0,0.0,0.0
2025-12-16T17:47:43.948738,Recipe_A,a717ca67-edd7-4f3d-81bc-b95bafc99df1,15,0.0,,,,0.0,0.0,0.0,0.0,0.0,0.0
2025-12-16T17:47:44.948738,Recipe_A,a717ca67-edd7-4f3d-81bc-b95bafc99df1,15,0.0,,,,0.0,0.0,0.0,0.0,0.0,0.0
2025-12-16T17:47:45.948738,Recipe_A,a717ca67-edd7-4f3d-81bc-b95bafc99df1,15,0.0,,,,0.0,0.0,0.0,0.0,0.0,0.0
2025-12-16T17:47:46.948738,Recipe_A,a717ca67-edd7-4f3d-81bc-b95bafc99df1,15,0.0,,,,0.0,0.0,0.0,0.0,0.0,0.0
2025-12-16T17:47:47.948738,Recipe_A,a717ca67-edd7-4f3d-81bc-b95bafc99df1,15,0.0,,,,0.0,0.0,0.0,0.0,0.0,0.0
2025-12-16T17:47:48.948738,Recipe_A,a717ca67-edd7-4f3d-81bc-b95bafc99df1,15,0.0,,,,0.0,0.0,0.0,0.0,0.0,0.0
2025-12-16T17:47:49.948738,Recipe_A,a717ca67-edd7-4f3d-81bc-b95bafc99df1,15,0.0,,,,0.0,0.0,0.0,0.0,0.0,0.0
2025-12-16T17:47:50.948738,Recipe_A,a717ca67-edd7-4f3d-81bc-b95bafc99df1,15,0.0,,,,0.0,0.0,0.0,0.0,0.0,0.0
2025-12-16T17:47:51.948738,Recipe_A,a717ca67-edd7-4f3d-81bc-b95bafc99df1,15,0.0,,,,0.0,0.0,0.0,0.0,0.0,0.0
2025-12-16T17:47:52.948738,Recipe_A,a717ca67-edd7-4f3d-81bc-b95bafc99df1,15,0.0,,,,0.0,0.0,0.0,0.0,0.0,0.0
2025-12-16T17:47:53.948738,Recipe_A,a717ca67-edd7-4f3d-81bc-b95bafc99df1,15,0.0,,,,0.0,0.0,0.0,0.0,0.0,0.0
2025-12-16T17:47:54.948738,Recipe_A,a717ca67-edd7-4f3d-81bc-b95bafc99df1,15,0.0,,,,0.0,0.0,0.0,0.0,0.0,0.0
2025-12-16T17:47:55.948738,Recipe_A,a717ca67-edd7-4f3d-81bc-b95bafc99df1,15,0.0,,,,0.0,0.0,0.0,0.0,0.0,0.0
2025-12-16T17:47:56.948738,Recipe_A,a717ca67-edd7-4f3d-81bc-b95bafc99df1,15,0.0,,,,0.0,0.0,0.0,0.0,0.0,0.0
2025-12-16T17:47:57.948738,Recipe_A,a717ca67-edd7-4f3d-81bc-b95bafc99df1,15,0.0,,,,0.0,0.0,0.0,0.0,0.0,0.0
2025-12-16T17:47:58.948738,Recipe_A,a717ca67-edd7-4f3d-81bc-b95bafc99df1,15,3.0,,,,8.89,9.81,8.63,10.73,10.96,9.0
2025-12-16T17:47:59.948738,Recipe_A,a717ca67-edd7-4f3d-81bc-b95bafc99df1,15,3.0,,,,12.53,9.29,8.99,11.55,10.04,6.04
2025-12-16T17:48:00.948738,Recipe_A,a717ca67-edd7-4f3d-81bc-b95bafc99df1,15,3.0,,,,12.09,9.48,6.51,12.24,9.86,14.34
2025-12-16T17:48:01.948738,Recipe_A,a717ca67-edd7-4f3d-81bc-b95bafc99df1,15,3.0,,,,10.13,10.83,9.96,10.2,12.3,9.51
2025-12-16T17:48:02.948738,Recipe_A,a717ca67-edd7-4f3d-81bc-b95bafc99df1,15,3.0,,,,11.94,13.71,9.09,8.54,9.17,5.72
2025-12-16T17:48:03.948738,Recipe_A,a717ca67-edd7-4f3d-81bc-b95bafc99df1,15,3.0,,,,10.03,9.3,5.79,7.89,9.31,6.01
2025-12-16T17:48:04.948738,Recipe_A,a717ca67-edd7-4f3d-81bc-b95bafc99df1,15,3.0,,,,7.14,10.67,6.77,9.22,9.6,9.08
2025-12-16T17:48:05.948738,Recipe_A,a717ca67-edd7-4f3d-81bc-b95bafc99df1,15,2.0,,,,7.75,13.7,9.59,9.88,8.87,10.14
2025-12-16T17:48:06.948738,Recipe_A,a717ca67-edd7-4f3d-81bc-b95bafc99df1,15,2.0,,,,8.02,9.92,9.68,13.0,8.64,6.25
2025-12-16T17:48:07.948738,Recipe_A,a717ca67-edd7-4f3d-81bc-b95bafc99df1,15,2.0,,,,12.49,8.23,11.0,12.59,9.96,7.43
2025-12-16T17:48:08.948738,Recipe_A,a717ca67-edd7-4f3d-81bc-b95bafc99df1,15,2.0,,,,9.16,7.8,11.39,7.49,11.79,13.39
2025-12-16T17:48:09.948738,Recipe_A,a717ca67-edd7-4f3d-81bc-b95bafc99df1,15,2.0,,,,8.97,11.39,14.83,12.42,15.28,10.25
2025-12-16T17:48:10.948738,Recipe_A,a717ca67-edd7-4f3d-81bc-b95bafc99df1,15,2.0,,,,9.39,9.97,9.2,9.29,10.17,12.33
2025-12-16T17:48:11.948738,Recipe_A,a717ca67-edd7-4f3d-81bc-b95bafc99df1,15,2.0,,,,9.37,10.17,9.2,8.28,10.9,8.39
2025-12-16T17:48:12.948738,Recipe_A,a717ca67-edd7-4f3d-81bc-b95bafc99df1,15,2.0,,,,10.99,9.65,8.44,13.13,13.44,11.4
2025-12-16T17:48:13.948738,Recipe_A,a717ca67-edd7-4f3d-81bc-b95bafc99df1,15,2.0,,,,10.49,7.58,8.95,8.72,9.2,9.05
2025-12-16T17:48:14.948738,Recipe_A,a717ca67-edd7-4f3d-81bc-b95bafc99df1,15,2.0,,,,14.15,11.94,10.29,10.68,11.32,8.95
2025-12-16T17:48:15.948738,Recipe_A,a717ca67-edd7-4f3d-81bc-b95bafc99df1,15,2.0,,,,12.72,10.75,8.75,8.74,10.39,12.31
2025-12-16T17:48:16.948738,Recipe_A,a717ca67-edd7-4f3d-81bc-b95bafc99df1,15,2.0,,,,9.89,5.53,12.12,7.05,10.83,8.56
2025-12-16T17:48:17.948738,Recipe_A,a717ca67-edd7-4f3d-81bc-b95bafc99df1,15,2.0,,,,7.3,13.42,8.58,10.01,8.05,12.65
2025-12-16T17:48:18.948738,Recipe_A,a717ca67-edd7-4f3d-81bc-b95bafc99df1,15,2.0,,,,6.68,9.05,10.0,7.98,9.25,11.88
2025-12-16T17:48:19.948738,Recipe_A,a717ca67-edd7-4f3d-81bc-b95bafc99df1,15,4.0,,,,100.73,48.86,52.76,51.21,48.12,50.23
2025-12-16T17:48:20.948738,Recipe_A,a717ca67-edd7-4f3d-81bc-b95bafc99df1,15,4.0,,,,110.38,51.21,49.04,44.65,41.88,52.3
2025-12-16T17:48:21.948738,Recipe_A,a717ca67-edd7-4f3d-81bc-b95bafc99df1,15,5.0,,,,5.5,11.72,7.97,8.31,9.56,14.65
2025-12-16T17:48:22.948738,Recipe_A,a717ca67-edd7-4f3d-81bc-b95bafc99df1,15,5.0,,,,9.82,10.93,7.71,12.89,10.15,11.64
2025-12-16T17:48:23.948738,Recipe_A,a717ca67-edd7-4f3d-81bc-b95bafc99df1,15,5.0,,,,9.01,11.17,7.08,9.13,9.66,6.2
2025-12-16T17:48:24.948738,Recipe_A,a717ca67-edd7-4f3d-81bc-b95bafc99df1,15,5.0,,,,9.47,10.34,11.99,9.75,9.94,7.96
2025-12-16T17:48:25.948738,Recipe_A,a717ca67-edd7-4f3d-81bc-b95bafc99df1,15,5.0,,,,6.91,7.54,10.88,8.48,7.61,5.63
2025-12-16T17:48:26.948738,Recipe_A,a717ca67-edd7-4f3d-81bc-b95bafc99df1,15,5.0,,,,11.65,6.34,7.66,8.55,9.84,10.87
2025-12-16T17:48:27.948738,Recipe_A,a717ca67-edd7-4f3d-81bc-b95bafc99df1,15,2.0,,,,12.12,7.35,10.52,9.76,10.72,11.08
2025-12-16T17:48:28.948738,Recipe_A,a717ca67-edd7-4f3d-81bc-b95bafc99df1,15,2.0,,,,6.48,11.99,9.58,14.18,9.12,9.08
2025-12-16T17:48:28.948738,Recipe_A,a717ca67-edd7-4f3d-81bc-b95bafc99df1,15,2.0,Warning_3,Simulated Warning occurred,Warning,,,,,,
2025-12-16T17:48:29.948738,Recipe_A,a717ca67-edd7-4f3d-81bc-b95bafc99df1,15,2.0,,,,10.25,9.85,10.04,8.24,14.98,9.81
2025-12-16T17:48:30.948738,Recipe_A,a717ca67-edd7-4f3d-81bc-b95bafc99df1,15,2.0,,,,8.9,8.1,6.31,9.53,7.21,12.43
2025-12-16T17:48:31.948738,Recipe_A,a717ca67-edd7-4f3d-81bc-b95bafc99df1,15,2.0,,,,7.43,12.68,8.45,8.59,9.8,14.21
2025-12-16T17:48:32.948738,Recipe_A,a717ca67-edd7-4f3d-81bc-b95bafc99df1,15,2.0,,,,11.33,12.05,7.32,10.64,9.12,6.01
2025-12-16T17:48:33.948738,Recipe_A,a717ca67-edd7-4f3d-81bc-b95bafc99df1,15,2.0,,,,8.13,6.95,10.07,12.6,10.9,13.43
2025-12-16T17:48:34.948738,Recipe_A,a717ca67-edd7-4f3d-81bc-b95bafc99df1,15,2.0,,,,12.15,12.17,7.1,9.25,7.92,12.72
2025-12-16T17:48:35.948738,Recipe_A,a717ca67-edd7-4f3d-81bc-b95bafc99df1,15,2.0,,,,10.0,10.94,7.59,9.49,12.7,9.07
2025-12-16T17:48:36.948738,Recipe_A,a717ca67-edd7-4f3d-81bc-b95bafc99df1,15,2.0,,,,11.54,5.08,8.3,8.58,10.57,11.76
2025-12-16T17:48:37.948738,Recipe_A,a717ca67-edd7-4f3d-81bc-b95bafc99df1,15,2.0,,,,10.73,9.15,7.07,10.55,9.32,8.54
2025-12-16T17:48:38.948738,Recipe_A,a717ca67-edd7-4f3d-81bc-b95bafc99df1,15,2.0,,,,11.33,10.29,10.86,10.45,8.79,11.86
2025-12-16T17:48:39.948738,Recipe_A,a717ca67-edd7-4f3d-81bc-b95bafc99df1,15,2.0,,,,8.92,14.01,10.48,7.9,13.95,10.22
2025-12-16T17:48:40.948738,Recipe_A,a717ca67-edd7-4f3d-81bc-b95bafc99df1,15,2.0,,,,7.35,10.69,9.02,10.09,11.21,11.49
2025-12-16T17:48:41.948738,Recipe_A,a717ca67-edd7-4f3d-81bc-b95bafc99df1,15,2.0,,,,5.07,7.78,7.92,10.94,12.27,10.45
2025-12-16T17:48:42.948738,Recipe_A,a717ca67-edd7-4f3d-81bc-b95bafc99df1,15,2.0,,,,7.42,15.2,11.17,13.71,11.16,10.73
2025-12-16T17:48:43.948738,Recipe_A,a717ca67-edd7-4f3d-81bc-b95bafc99df1,15,2.0,,,,8.75,11.69,8.31,7.49,5.4,7.92
2025-12-16T17:48:44.948738,Recipe_A,a717ca67-edd7-4f3d-81bc-b95bafc99df1,15,2.0,,,,10.82,6.51,7.38,10.93,11.57,10.66
2025-12-16T17:48:45.948738,Recipe_A,a717ca67-edd7-4f3d-81bc-b95bafc99df1,15,2.0,,,,11.15,10.72,7.53,10.7,12.88,9.38
2025-12-16T17:48:46.948738,Recipe_A,a717ca67-edd7-4f3d-81bc-b95bafc99df1,15,2.0,,,,10.15,8.73,11.09,7.81,10.14,8.95
2025-12-16T17:48:47.948738,Recipe_A,a717ca67-edd7-4f3d-81bc-b95bafc99df1,15,2.0,,,,12.97,12.72,8.43,7.21,5.11,11.95
2025-12-16T17:48:48.948738,Recipe_A,a717ca67-edd7-4f3d-81bc-b95bafc99df1,15,2.0,,,,8.98,8.75,9.33,10.79,10.38,8.26
2025-12-16T17:48:49.948738,Recipe_A,a717ca67-edd7-4f3d-81bc-b95bafc99df1,15,2.0,,,,8.35,10.83,9.94,7.53,7.73,10.75
2025-12-16T17:48:50.948738,Recipe_A,a717ca67-edd7-4f3d-81bc-b95bafc99df1,15,1.0,,,,6.6,9.81,9.04,9.77,8.46,11.86
2025-12-16T17:48:51.948738,Recipe_A,a717ca67-edd7-4f3d-81bc-b95bafc99df1,15,1.0,,,,9.93,9.79,11.53,10.57,11.13,10.23
2025-12-16T17:48:52.948738,Recipe_A,a717ca67-edd7-4f3d-81bc-b95bafc99df1,15,1.0,,,,6.65,11.4,12.05,8.76,11.4,11.46
2025-12-16T17:48:53.948738,Recipe_A,a717ca67-edd7-4f3d-81bc-b95bafc99df1,15,1.0,,,,9.76,10.14,6.28,6.75,7.1,10.58
2025-12-16T17:48:54.948738,Recipe_A,a717ca67-edd7-4f3d-81bc-b95bafc99df1,15,1.0,,,,7.92,6.51,11.42,9.7,11.27,10.58
2025-12-16T17:48:55.948738,Recipe_A,a717ca67-edd7-4f3d-81bc-b95bafc99df1,15,1.0,,,,9.17,9.05,10.07,12.54,9.78,12.4
2025-12-16T17:48:56.948738,Recipe_A,a717ca67-edd7-4f3d-81bc-b95bafc99df1,15,1.0,,,,10.04,9.02,12.58,12.25,5.99,11.06
2025-12-16T17:48:57.948738,Recipe_A,a717ca67-edd7-4f3d-81bc-b95bafc99df1,15,1.0,,,,12.25,9.29,8.39,6.54,10.96,7.88
2025-12-16T17:48:58.948738,Recipe_A,a717ca67-edd7-4f3d-81bc-b95bafc99df1,15,1.0,,,,10.7,9.54,11.69,10.56,9.0,9.54
2025-12-16T17:48:59.948738,Recipe_A,a717ca67-edd7-4f3d-81bc-b95bafc99df1,15,1.0,,,,12.48,10.42,10.41,4.89,10.67,10.93
2025-12-16T17:49:00.948738,Recipe_A,a717ca67-edd7-4f3d-81bc-b95bafc99df1,15,1.0,,,,10.54,10.6,13.96,11.59,10.21,11.85
2025-12-16T17:49:01.948738,Recipe_A,a717ca67-edd7-4f3d-81bc-b95bafc99df1,15,1.0,,,,8.5,8.57,10.39,8.42,9.21,8.41
2025-12-16T17:49:02.948738,Recipe_A,a717ca67-edd7-4f3d-81bc-b95bafc99df1,15,1.0,,,,10.12,9.95,7.16,12.15,6.52,10.1
2025-12-16T17:49:03.948738,Recipe_A,a717ca67-edd7-4f3d-81bc-b95bafc99df1,15,1.0,,,,11.82,13.3,9.44,10.01,9.73,9.98
2025-12-16T17:49:04.948738,Recipe_A,a717ca67-edd7-4f3d-81bc-b95bafc99df1,15,1.0,,,,10.69,11.82,7.31,8.84,8.08,12.53
2025-12-16T17:49:05.948738,Recipe_A,a717ca67-edd7-4f3d-81bc-b95bafc99df1,15,1.0,,,,9.68,8.59,9.9,10.68,9.87,8.52
2025-12-16T17:49:06.948738,Recipe_A,a717ca67-edd7-4f3d-81bc-b95bafc99df1,15,1.0,,,,8.2,10.74,10.09,7.28,9.3,9.93
2025-12-16T17:49:07.948738,Recipe_A,a717ca67-edd7-4f3d-81bc-b95bafc99df1,15,1.0,,,,8.26,10.34,7.11,8.99,8.32,6.22
2025-12-16T17:49:08.948738,Recipe_A,a717ca67-edd7-4f3d-81bc-b95bafc99df1,15,1.0,,,,15.11,8.62,10.88,9.77,9.45,9.73
2025-12-16T17:49:09.948738,Recipe_A,a717ca67-edd7-4f3d-81bc-b95bafc99df1,15,1.0,,,,10.16,7.97,12.04,9.06,12.97,10.85
2025-12-16T17:49:10.948738,Recipe_A,a717ca67-edd7-4f3d-81bc-b95bafc99df1,15,1.0,,,,12.01,11.23,7.21,15.37,8.98,6.5
2025-12-16T17:49:11.948738,Recipe_A,a717ca67-edd7-4f3d-81bc-b95bafc99df1,15,1.0,,,,8.4,10.56,7.97,12.11,6.74,10.8
2025-12-16T17:49:12.948738,Recipe_A,a717ca67-edd7-4f3d-81bc-b95bafc99df1,15,1.0,,,,7.8,12.58,6.05,9.38,9.71,10.42
2025-12-16T17:49:13.948738,Recipe_A,a717ca67-edd7-4f3d-81bc-b95bafc99df1,15,1.0,,,,10.66,8.4,12.27,10.1,11.31,7.85
2025-12-16T17:49:14.948738,Recipe_A,a717ca67-edd7-4f3d-81bc-b95bafc99df1,15,1.0,,,,8.79,10.3,8.28,9.34,5.94,9.14
2025-12-16T17:49:15.948738,Recipe_A,a717ca67-edd7-4f3d-81bc-b95bafc99df1,15,1.0,,,,8.29,9.17,7.26,11.83,11.09,8.83
2025-12-16T17:49:16.948738,Recipe_A,a717ca67-edd7-4f3d-81bc-b95bafc99df1,15,1.0,,,,10.62,12.69,12.25,10.85,8.32,13.94
2025-12-16T17:49:17.948738,Recipe_A,a717ca67-edd7-4f3d-81bc-b95bafc99df1,15,1.0,,,,10.8,11.26,5.64,8.5,14.58,10.66
2025-12-16T17:49:18.948738,Recipe_A,a717ca67-edd7-4f3d-81bc-b95bafc99df1,15,1.0,,,,9.15,9.13,6.05,5.33,10.34,11.06
2025-12-16T17:49:19.948738,Recipe_A,a717ca67-edd7-4f3d-81bc-b95bafc99df1,15,1.0,,,,12.04,11.92,6.64,9.43,8.59,7.27
2025-12-16T17:49:20.948738,Recipe_A,a717ca67-edd7-4f3d-81bc-b95bafc99df1,15,1.0,,,,11.89,9.55,10.02,7.09,9.89,7.24
2025-12-16T17:49:21.948738,Recipe_A,a717ca67-edd7-4f3d-81bc-b95bafc99df1,15,1.0,,,,10.2,7.78,12.06,11.04,7.99,12.25
2025-12-16T17:49:22.948738,Recipe_A,a717ca67-edd7-4f3d-81bc-b95bafc99df1,15,1.0,,,,8.51,9.96,9.04,12.92,8.68,7.56
2025-12-16T17:49:23.948738,Recipe_A,a717ca67-edd7-4f3d-81bc-b95bafc99df1,15,1.0,,,,10.61,13.14,10.88,6.72,7.91,10.9
2025-12-16T17:49:24.948738,Recipe_A,a717ca67-edd7-4f3d-81bc-b95bafc99df1,15,1.0,,,,9.8,9.9,6.51,12.25,11.54,15.74
2025-12-16T17:49:25.948738,Recipe_A,a717ca67-edd7-4f3d-81bc-b95bafc99df1,15,1.0,,,,9.45,10.09,12.1,11.37,6.32,12.33
2025-12-16T17:49:26.948738,Recipe_A,a717ca67-edd7-4f3d-81bc-b95bafc99df1,15,1.0,,,,14.58,9.42,7.43,7.66,10.88,10.41
2025-12-16T17:49:27.948738,Recipe_A,a717ca67-edd7-4f3d-81bc-b95bafc99df1,15,1.0,,,,8.07,11.14,8.46,8.99,11.72,10.21
2025-12-16T17:49:28.948738,Recipe_A,a717ca67-edd7-4f3d-81bc-b95bafc99df1,15,1.0,,,,9.22,10.77,5.51,8.21,10.29,10.27
2025-12-16T17:49:29.948738,Recipe_A,a717ca67-edd7-4f3d-81bc-b95bafc99df1,15,1.0,,,,13.6,6.62,7.61,10.07,11.2,12.9
2025-12-16T17:49:30.948738,Recipe_A,a717ca67-edd7-4f3d-81bc-b95bafc99df1,15,1.0,,,,10.56,6.77,8.57,11.84,8.64,9.42
2025-12-16T17:49:31.948738,Recipe_A,a717ca67-edd7-4f3d-81bc-b95bafc99df1,15,1.0,,,,11.1,13.58,11.09,11.88,11.73,9.49
2025-12-16T17:49:32.948738,Recipe_A,a717ca67-edd7-4f3d-81bc-b95bafc99df1,15,1.0,,,,10.74,9.67,7.97,9.14,9.44,10.79
2025-12-16T17:49:33.948738,Recipe_A,a717ca67-edd7-4f3d-81bc-b95bafc99df1,15,1.0,,,,10.99,13.93,11.32,9.35,11.41,6.81
2025-12-16T17:49:34.948738,Recipe_A,a717ca67-edd7-4f3d-81bc-b95bafc99df1,15,1.0,,,,13.13,11.11,4.95,10.63,9.0,11.65
2025-12-16T17:49:35.948738,Recipe_A,a717ca67-edd7-4f3d-81bc-b95bafc99df1,15,1.0,,,,10.28,6.56,8.97,13.57,7.73,11.17
2025-12-16T17:49:36.948738,Recipe_A,a717ca67-edd7-4f3d-81bc-b95bafc99df1,15,1.0,,,,10.39,11.34,7.75,10.98,7.73,10.9
2025-12-16T17:49:36.948738,Recipe_A,a717ca67-edd7-4f3d-81bc-b95bafc99df1,15,1.0,Error_5,Simulated Error occurred,Error,,,,,,
2025-12-16T17:49:37.948738,Recipe_A,a717ca67-edd7-4f3d-81bc-b95bafc99df1,15,1.0,,,,8.74,9.04,11.78,10.76,8.82,9.06
2025-12-16T17:49:38.948738,Recipe_A,a717ca67-edd7-4f3d-81bc-b95bafc99df1,15,1.0,,,,12.38,10.72,11.31,9.19,7.86,8.59
2025-12-16T17:49:39.948738,Recipe_A,a717ca67-edd7-4f3d-81bc-b95bafc99df1,15,1.0,,,,8.95,12.72,13.31,9.23,7.43,12.7
2025-12-16T17:49:40.948738,Recipe_A,a717ca67-edd7-4f3d-81bc-b95bafc99df1,15,1.0,,,,9.87,9.69,11.4,9.95,10.27,8.12
2025-12-16T17:49:41.948738,Recipe_A,a717ca67-edd7-4f3d-81bc-b95bafc99df1,15,1.0,,,,9.31,9.23,6.8,8.89,8.7,10.84
2025-12-16T17:49:42.948738,Recipe_A,a717ca67-edd7-4f3d-81bc-b95bafc99df1,15,1.0,,,,8.4,7.98,11.07,10.22,10.97,10.21
2025-12-16T17:49:43.948738,Recipe_A,a717ca67-edd7-4f3d-81bc-b95bafc99df1,15,1.0,,,,9.5,7.99,9.27,10.37,7.87,7.0
2025-12-16T17:49:44.948738,Recipe_A,a717ca67-edd7-4f3d-81bc-b95bafc99df1,15,1.0,,,,6.09,10.18,13.05,12.43,9.66,10.9
2025-12-16T17:49:45.948738,Recipe_A,a717ca67-edd7-4f3d-81bc-b95bafc99df1,15,1.0,,,,5.99,12.09,8.38,12.98,13.16,4.83
2025-12-16T17:49:46.948738,Recipe_A,a717ca67-edd7-4f3d-81bc-b95bafc99df1,15,1.0,,,,10.44,11.83,7.76,9.36,10.96,7.25
2025-12-16T17:49:47.948738,Recipe_A,a717ca67-edd7-4f3d-81bc-b95bafc99df1,15,1.0,,,,9.94,10.27,10.19,7.74,8.96,9.69
2025-12-16T17:49:48.948738,Recipe_A,a717ca67-edd7-4f3d-81bc-b95bafc99df1,15,1.0,,,,9.55,10.01,5.88,9.11,8.01,14.71
2025-12-16T17:49:49.948738,Recipe_A,a717ca67-edd7-4f3d-81bc-b95bafc99df1,15,1.0,,,,8.84,13.09,9.1,10.74,10.08,9.99
2025-12-16T17:49:50.948738,Recipe_A,a717ca67-edd7-4f3d-81bc-b95bafc99df1,15,1.0,,,,9.45,9.7,9.08,10.36,11.35,9.04
2025-12-16T17:49:51.948738,Recipe_A,a717ca67-edd7-4f3d-81bc-b95bafc99df1,15,1.0,,,,9.37,6.65,10.86,12.22,9.94,10.9
2025-12-16T17:49:52.948738,Recipe_A,a717ca67-edd7-4f3d-81bc-b95bafc99df1,15,0.0,,,,0.0,0.0,0.0,0.0,0.0,0.0
2025-12-16T17:49:53.948738,Recipe_A,a717ca67-edd7-4f3d-81bc-b95bafc99df1,15,0.0,,,,0.0,0.0,0.0,0.0,0.0,0.0
2025-12-16T17:49:54.948738,Recipe_A,a717ca67-edd7-4f3d-81bc-b95bafc99df1,15,0.0,,,,0.0,0.0,0.0,0.0,0.0,0.0
2025-12-16T17:49:55.948738,Recipe_A,a717ca67-edd7-4f3d-81bc-b95bafc99df1,15,0.0,,,,0.0,0.0,0.0,0.0,0.0,0.0
2025-12-16T17:49:56.948738,Recipe_A,a717ca67-edd7-4f3d-81bc-b95bafc99df1,15,0.0,,,,0.0,0.0,0.0,0.0,0.0,0.0
2025-12-16T17:49:57.948738,Recipe_A,a717ca67-edd7-4f3d-81bc-b95bafc99df1,15,0.0,,,,0.0,0.0,0.0,0.0,0.0,0.0
2025-12-16T17:49:58.948738,Recipe_A,a717ca67-edd7-4f3d-81bc-b95bafc99df1,15,0.0,,,,0.0,0.0,0.0,0.0,0.0,0.0
2025-12-16T17:49:59.948738,Recipe_A,a717ca67-edd7-4f3d-81bc-b95bafc99df1,15,0.0,,,,0.0,0.0,0.0,0.0,0.0,0.0
2025-12-16T17:50:00.948738,Recipe_A,a717ca67-edd7-4f3d-81bc-b95bafc99df1,15,0.0,,,,0.0,0.0,0.0,0.0,0.0,0.0
2025-12-16T17:50:01.948738,Recipe_A,a717ca67-edd7-4f3d-81bc-b95bafc99df1,15,0.0,,,,0.0,0.0,0.0,0.0,0.0,0.0
2025-12-16T17:50:02.948738,Recipe_A,a717ca67-edd7-4f3d-81bc-b95bafc99df1,15,0.0,,,,0.0,0.0,0.0,0.0,0.0,0.0
2025-12-16T17:50:03.948738,Recipe_A,a717ca67-edd7-4f3d-81bc-b95bafc99df1,15,0.0,,,,0.0,0.0,0.0,0.0,0.0,0.0
2025-12-16T17:50:04.948738,Recipe_A,a717ca67-edd7-4f3d-81bc-b95bafc99df1,15,0.0,,,,0.0,0.0,0.0,0.0,0.0,0.0
2025-12-16T17:50:05.948738,Recipe_A,a717ca67-edd7-4f3d-81bc-b95bafc99df1,15,0.0,,,,0.0,0.0,0.0,0.0,0.0,0.0
2025-12-16T17:50:06.948738,Recipe_A,a717ca67-edd7-4f3d-81bc-b95bafc99df1,15,3.0,,,,12.01,12.04,10.57,10.18,8.17,8.78
2025-12-16T17:50:07.948738,Recipe_A,a717ca67-edd7-4f3d-81bc-b95bafc99df1,15,3.0,,,,8.27,14.12,9.92,10.33,12.92,12.83
2025-12-16T17:50:08.948738,Recipe_A,a717ca67-edd7-4f3d-81bc-b95bafc99df1,15,3.0,,,,10.92,8.23,12.9,11.1,10.72,8.59
2025-12-16T17:50:09.948738,Recipe_A,a717ca67-edd7-4f3d-81bc-b95bafc99df1,15,3.0,,,,8.16,12.22,9.02,11.29,10.38,13.43
2025-12-16T17:50:10.948738,Recipe_A,a717ca67-edd7-4f3d-81bc-b95bafc99df1,15,3.0,,,,11.74,15.09,9.09,10.34,11.27,11.27
2025-12-16T17:50:11.948738,Recipe_A,a717ca67-edd7-4f3d-81bc-b95bafc99df1,15,3.0,,,,9.52,7.73,10.26,8.34,9.21,8.95
2025-12-16T17:50:12.948738,Recipe_A,a717ca67-edd7-4f3d-81bc-b95bafc99df1,15,5.0,,,,10.72,10.96,6.04,8.08,12.23,3.91
2025-12-16T17:50:13.948738,Recipe_A,a717ca67-edd7-4f3d-81bc-b95bafc99df1,15,5.0,,,,10.37,10.57,10.05,11.7,13.94,9.32
2025-12-16T17:50:14.948738,Recipe_A,a717ca67-edd7-4f3d-81bc-b95bafc99df1,15,5.0,,,,8.51,9.44,9.02,13.17,11.39,10.89
2025-12-16T17:50:15.948738,Recipe_A,a717ca67-edd7-4f3d-81bc-b95bafc99df1,15,5.0,,,,13.49,8.39,6.38,9.65,8.08,9.25
2025-12-16T17:50:16.948738,Recipe_A,a717ca67-edd7-4f3d-81bc-b95bafc99df1,15,5.0,,,,12.94,11.04,6.44,11.21,9.87,9.13
2025-12-16T17:50:17.948738,Recipe_A,a717ca67-edd7-4f3d-81bc-b95bafc99df1,15,5.0,,,,13.97,12.05,8.9,12.16,12.42,6.54
2025-12-16T17:50:18.948738,Recipe_A,a717ca67-edd7-4f3d-81bc-b95bafc99df1,15,5.0,,,,8.15,9.71,6.79,9.91,8.31,8.55
2025-12-16T17:50:19.948738,Recipe_A,a717ca67-edd7-4f3d-81bc-b95bafc99df1,15,5.0,,,,9.18,8.25,10.31,10.52,12.11,9.3
2025-12-16T17:50:20.948738,Recipe_A,a717ca67-edd7-4f3d-81bc-b95bafc99df1,15,5.0,,,,11.19,7.84,12.81,13.14,10.94,8.54
2025-12-16T17:50:21.948738,Recipe_A,a717ca67-edd7-4f3d-81bc-b95bafc99df1,15,5.0,,,,11.57,10.92,10.16,11.47,10.44,9.94
2025-12-16T17:50:22.948738,Recipe_A,a717ca67-edd7-4f3d-81bc-b95bafc99df1,15,5.0,,,,9.19,12.24,11.22,7.91,11.5,9.88
2025-12-16T17:50:23.948738,Recipe_A,a717ca67-edd7-4f3d-81bc-b95bafc99df1,15,5.0,,,,10.33,10.93,10.04,8.38,8.67,8.95
2025-12-16T17:50:24.948738,Recipe_A,a717ca67-edd7-4f3d-81bc-b95bafc99df1,15,1.0,,,,10.08,10.16,6.81,11.16,9.05,9.75
2025-12-16T17:50:25.948738,Recipe_A,a717ca67-edd7-4f3d-81bc-b95bafc99df1,15,5.0,,,,9.44,9.58,10.88,9.08,12.24,10.05
2025-12-16T17:50:26.948738,Recipe_A,a717ca67-edd7-4f3d-81bc-b95bafc99df1,15,5.0,,,,6.8,10.87,11.92,14.51,8.68,11.14
2025-12-16T17:50:27.948738,Recipe_A,a717ca67-edd7-4f3d-81bc-b95bafc99df1,15,5.0,,,,9.54,9.82,7.73,11.12,11.25,14.38
2025-12-16T17:50:28.948738,Recipe_A,a717ca67-edd7-4f3d-81bc-b95bafc99df1,15,5.0,,,,5.87,11.98,9.19,8.26,6.72,11.98
2025-12-16T17:50:29.948738,Recipe_A,a717ca67-edd7-4f3d-81bc-b95bafc99df1,15,5.0,,,,13.07,12.0,7.93,10.61,7.94,8.74
2025-12-16T17:50:30.948738,Recipe_A,a717ca67-edd7-4f3d-81bc-b95bafc99df1,15,5.0,,,,11.07,12.82,9.12,10.77,8.59,8.97
2025-12-16T17:50:31.948738,Recipe_A,a717ca67-edd7-4f3d-81bc-b95bafc99df1,15,5.0,,,,8.92,7.09,9.6,10.57,9.55,11.21
2025-12-16T17:50:32.948738,Recipe_A,a717ca67-edd7-4f3d-81bc-b95bafc99df1,15,5.0,,,,10.47,12.66,7.13,9.19,10.72,10.06
2025-12-16T17:50:33.948738,Recipe_A,a717ca67-edd7-4f3d-81bc-b95bafc99df1,15,5.0,,,,10.43,11.16,9.16,12.85,7.4,9.65
2025-12-16T17:50:34.948738,Recipe_A,a717ca67-edd7-4f3d-81bc-b95bafc99df1,15,5.0,,,,13.74,11.69,11.23,8.58,9.46,10.07
2025-12-16T17:50:35.948738,Recipe_A,a717ca67-edd7-4f3d-81bc-b95bafc99df1,15,1.0,,,,9.39,10.94,11.41,9.11,10.16,8.71
2025-12-16T17:50:36.948738,Recipe_A,a717ca67-edd7-4f3d-81bc-b95bafc99df1,15,1.0,,,,11.89,8.79,7.57,9.52,10.31,9.69
2025-12-16T17:50:37.948738,Recipe_A,a717ca67-edd7-4f3d-81bc-b95bafc99df1,15,1.0,,,,11.25,7.26,8.99,8.85,9.19,10.53
2025-12-16T17:50:38.948738,Recipe_A,a717ca67-edd7-4f3d-81bc-b95bafc99df1,15,1.0,,,,9.22,6.79,11.94,9.42,12.3,10.18
2025-12-16T17:50:39.948738,Recipe_A,a717ca67-edd7-4f3d-81bc-b95bafc99df1,15,1.0,,,,9.63,12.28,9.34,7.29,15.24,10.69
2025-12-16T17:50:40.948738,Recipe_A,a717ca67-edd7-4f3d-81bc-b95bafc99df1,15,1.0,,,,7.84,10.05,13.69,8.25,13.33,10.79
2025-12-16T17:50:41.948738,Recipe_A,a717ca67-edd7-4f3d-81bc-b95bafc99df1,15,1.0,,,,5.33,10.71,10.86,7.64,11.97,8.5
2025-12-16T17:50:42.948738,Recipe_A,a717ca67-edd7-4f3d-81bc-b95bafc99df1,15,1.0,,,,12.58,10.36,10.64,10.06,7.83,9.8
2025-12-16T17:50:43.948738,Recipe_A,a717ca67-edd7-4f3d-81bc-b95bafc99df1,15,1.0,,,,9.06,13.32,9.34,11.07,15.88,8.51
2025-12-16T17:50:44.948738,Recipe_A,a717ca67-edd7-4f3d-81bc-b95bafc99df1,15,1.0,,,,10.26,7.21,12.6,8.79,11.78,9.13
2025-12-16T17:50:45.948738,Recipe_A,a717ca67-edd7-4f3d-81bc-b95bafc99df1,15,1.0,,,,13.91,9.15,10.37,6.84,9.02,12.66
2025-12-16T17:50:46.948738,Recipe_A,a717ca67-edd7-4f3d-81bc-b95bafc99df1,15,1.0,,,,7.11,12.16,11.2,12.12,8.66,10.35
2025-12-16T17:50:47.948738,Recipe_A,a717ca67-edd7-4f3d-81bc-b95bafc99df1,15,1.0,,,,6.15,14.46,9.14,9.2,9.15,10.59
2025-12-16T17:50:48.948738,Recipe_A,a717ca67-edd7-4f3d-81bc-b95bafc99df1,15,1.0,,,,12.57,9.58,8.24,9.59,10.89,9.47
2025-12-16T17:50:49.948738,Recipe_A,a717ca67-edd7-4f3d-81bc-b95bafc99df1,15,1.0,,,,12.25,7.09,10.29,8.71,9.87,9.29
2025-12-16T17:50:50.948738,Recipe_A,a717ca67-edd7-4f3d-81bc-b95bafc99df1,15,5.0,,,,7.23,11.18,7.41,9.33,11.33,11.35
2025-12-16T17:50:51.948738,Recipe_A,a717ca67-edd7-4f3d-81bc-b95bafc99df1,15,5.0,,,,8.94,8.79,9.25,10.83,10.55,9.98
2025-12-16T17:50:52.948738,Recipe_A,a717ca67-edd7-4f3d-81bc-b95bafc99df1,15,5.0,,,,5.03,7.54,13.34,7.96,8.7,12.24
2025-12-16T17:50:53.948738,Recipe_A,a717ca67-edd7-4f3d-81bc-b95bafc99df1,15,5.0,,,,10.55,9.76,9.79,8.27,8.05,4.76
2025-12-16T17:50:54.948738,Recipe_A,a717ca67-edd7-4f3d-81bc-b95bafc99df1,15,5.0,,,,7.81,8.42,12.0,7.25,7.87,10.9
2025-12-16T17:50:55.948738,Recipe_A,a717ca67-edd7-4f3d-81bc-b95bafc99df1,15,5.0,,,,8.12,10.05,10.11,10.65,6.37,11.46
2025-12-16T17:50:56.948738,Recipe_A,a717ca67-edd7-4f3d-81bc-b95bafc99df1,15,5.0,,,,8.96,9.13,12.11,12.14,11.41,8.2
2025-12-16T17:50:57.948738,Recipe_A,a717ca67-edd7-4f3d-81bc-b95bafc99df1,15,5.0,,,,8.74,9.66,9.18,6.13,9.56,9.47
2025-12-16T17:50:58.948738,Recipe_A,a717ca67-edd7-4f3d-81bc-b95bafc99df1,15,5.0,,,,13.82,8.06,9.14,7.45,11.04,12.62
2025-12-16T17:50:59.948738,Recipe_A,a717ca67-edd7-4f3d-81bc-b95bafc99df1,15,5.0,,,,10.49,9.52,13.2,10.2,9.75,16.05
2025-12-16T17:51:00.948738,Recipe_A,a717ca67-edd7-4f3d-81bc-b95bafc99df1,15,5.0,,,,7.12,9.98,13.62,11.14,9.2,9.47
2025-12-16T17:51:01.948738,Recipe_A,a717ca67-edd7-4f3d-81bc-b95bafc99df1,15,5.0,,,,12.57,10.37,12.21,10.78,9.44,10.2
2025-12-16T17:51:02.948738,Recipe_A,a717ca67-edd7-4f3d-81bc-b95bafc99df1,15,5.0,,,,10.48,8.96,9.2,8.68,7.14,14.56
2025-12-16T17:51:03.948738,Recipe_A,a717ca67-edd7-4f3d-81bc-b95bafc99df1,15,5.0,,,,8.85,9.91,9.35,9.67,9.42,11.24
2025-12-16T17:51:04.948738,Recipe_A,a717ca67-edd7-4f3d-81bc-b95bafc99df1,15,5.0,,,,9.92,10.28,11.08,9.98,7.59,6.17
2025-12-16T17:51:05.948738,Recipe_A,a717ca67-edd7-4f3d-81bc-b95bafc99df1,15,5.0,,,,9.86,9.17,13.43,8.53,11.19,11.58
2025-12-16T17:51:06.948738,Recipe_A,a717ca67-edd7-4f3d-81bc-b95bafc99df1,15,5.0,,,,11.48,8.69,7.73,10.3,7.99,11.11
2025-12-16T17:51:07.948738,Recipe_A,a717ca67-edd7-4f3d-81bc-b95bafc99df1,15,5.0,,,,11.16,8.78,8.29,11.17,11.07,6.32
2025-12-16T17:51:08.948738,Recipe_A,a717ca67-edd7-4f3d-81bc-b95bafc99df1,15,5.0,,,,9.12,8.39,10.74,9.73,9.85,11.27
2025-12-16T17:51:09.948738,Recipe_A,a717ca67-edd7-4f3d-81bc-b95bafc99df1,15,5.0,,,,9.64,11.3,7.39,7.71,6.83,11.02
2025-12-16T17:51:10.948738,Recipe_A,a717ca67-edd7-4f3d-81bc-b95bafc99df1,15,5.0,,,,6.16,8.97,9.31,10.42,8.52,10.66
2025-12-16T17:51:11.948738,Recipe_A,a717ca67-edd7-4f3d-81bc-b95bafc99df1,15,5.0,,,,9.98,14.22,6.63,7.4,11.36,7.75
2025-12-16T17:51:12.948738,Recipe_A,a717ca67-edd7-4f3d-81bc-b95bafc99df1,15,5.0,,,,10.6,6.28,7.84,5.21,10.83,13.06
2025-12-16T17:51:13.948738,Recipe_A,a717ca67-edd7-4f3d-81bc-b95bafc99df1,15,5.0,,,,9.56,13.35,10.15,12.26,6.71,11.26
2025-12-16T17:51:14.948738,Recipe_A,a717ca67-edd7-4f3d-81bc-b95bafc99df1,15,5.0,,,,10.02,10.69,9.15,7.26,8.22,10.41
2025-12-16T17:51:15.948738,Recipe_A,a717ca67-edd7-4f3d-81bc-b95bafc99df1,15,5.0,,,,6.32,9.27,6.47,11.54,9.83,7.48
2025-12-16T17:51:16.948738,Recipe_A,a717ca67-edd7-4f3d-81bc-b95bafc99df1,15,5.0,,,,10.82,10.35,6.49,14.87,9.81,11.54
2025-12-16T17:51:17.948738,Recipe_A,a717ca67-edd7-4f3d-81bc-b95bafc99df1,15,5.0,,,,11.06,8.77,11.83,5.24,10.22,8.62
2025-12-16T17:51:18.948738,Recipe_A,a717ca67-edd7-4f3d-81bc-b95bafc99df1,15,2.0,,,,9.62,11.57,9.54,9.33,10.7,12.81
2025-12-16T17:51:19.948738,Recipe_A,a717ca67-edd7-4f3d-81bc-b95bafc99df1,15,2.0,,,,14.05,9.45,7.89,10.81,12.54,10.85
2025-12-16T17:51:20.948738,Recipe_A,a717ca67-edd7-4f3d-81bc-b95bafc99df1,15,2.0,,,,10.09,10.76,7.62,12.5,7.34,8.53
2025-12-16T17:51:21.948738,Recipe_A,a717ca67-edd7-4f3d-81bc-b95bafc99df1,15,2.0,,,,9.76,12.0,11.95,9.42,9.25,12.69
2025-12-16T17:51:22.948738,Recipe_A,a717ca67-edd7-4f3d-81bc-b95bafc99df1,15,2.0,,,,9.69,10.6,7.0,12.06,8.87,9.33
2025-12-16T17:51:23.948738,Recipe_A,a717ca67-edd7-4f3d-81bc-b95bafc99df1,15,2.0,,,,15.19,7.14,10.91,7.85,9.24,10.11
2025-12-16T17:51:24.948738,Recipe_A,a717ca67-edd7-4f3d-81bc-b95bafc99df1,15,2.0,,,,13.03,14.23,13.35,6.44,8.32,12.14
2025-12-16T17:51:25.948738,Recipe_A,a717ca67-edd7-4f3d-81bc-b95bafc99df1,15,2.0,,,,12.77,8.37,6.75,10.2,10.61,8.92
2025-12-16T17:51:26.948738,Recipe_A,a717ca67-edd7-4f3d-81bc-b95bafc99df1,15,2.0,,,,12.0,11.69,12.05,8.93,9.98,10.91
2025-12-16T17:51:27.948738,Recipe_A,a717ca67-edd7-4f3d-81bc-b95bafc99df1,15,2.0,,,,10.67,11.02,10.44,9.01,10.84,8.68
2025-12-16T17:51:28.948738,Recipe_A,a717ca67-edd7-4f3d-81bc-b95bafc99df1,15,2.0,,,,11.86,10.35,7.58,8.28,10.21,8.08
2025-12-16T17:51:29.948738,Recipe_A,a717ca67-edd7-4f3d-81bc-b95bafc99df1,15,2.0,,,,10.3,8.57,13.57,13.6,11.59,9.45
2025-12-16T17:51:30.948738,Recipe_A,a717ca67-edd7-4f3d-81bc-b95bafc99df1,15,2.0,,,,11.08,9.0,7.94,11.24,7.12,12.68
2025-12-16T17:51:31.948738,Recipe_A,a717ca67-edd7-4f3d-81bc-b95bafc99df1,15,2.0,,,,9.45,9.98,10.95,10.04,7.58,13.3
2025-12-16T17:51:32.948738,Recipe_A,a717ca67-edd7-4f3d-81bc-b95bafc99df1,15,2.0,,,,11.09,11.77,7.72,10.93,10.94,10.15
2025-12-16T17:51:33.948738,Recipe_A,a717ca67-edd7-4f3d-81bc-b95bafc99df1,15,2.0,,,,8.42,8.92,9.46,10.74,8.38,11.56
2025-12-16T17:51:34.948738,Recipe_A,a717ca67-edd7-4f3d-81bc-b95bafc99df1,15,2.0,,,,10.61,10.03,8.28,9.89,10.56,11.85
2025-12-16T17:51:35.948738,Recipe_A,a717ca67-edd7-4f3d-81bc-b95bafc99df1,15,2.0,,,,9.71,11.66,11.81,10.9,6.72,7.97
2025-12-16T17:51:36.948738,Recipe_A,a717ca67-edd7-4f3d-81bc-b95bafc99df1,15,2.0,,,,10.82,11.03,8.93,11.79,8.08,8.93
2025-12-16T17:51:37.948738,Recipe_A,a717ca67-edd7-4f3d-81bc-b95bafc99df1,15,2.0,,,,10.49,14.3,10.25,10.74,12.89,10.19
2025-12-16T17:51:38.948738,Recipe_A,a717ca67-edd7-4f3d-81bc-b95bafc99df1,15,2.0,,,,10.91,11.07,8.12,8.2,12.54,9.18
2025-12-16T17:51:39.948738,Recipe_A,a717ca67-edd7-4f3d-81bc-b95bafc99df1,15,2.0,,,,13.31,5.47,14.53,12.95,8.73,8.81
2025-12-16T17:51:40.948738,Recipe_A,a717ca67-edd7-4f3d-81bc-b95bafc99df1,15,2.0,,,,9.44,8.33,7.1,5.98,11.33,8.62
2025-12-16T17:51:41.948738,Recipe_A,a717ca67-edd7-4f3d-81bc-b95bafc99df1,15,2.0,,,,11.27,10.68,10.22,11.26,12.88,11.32
2025-12-16T17:51:42.948738,Recipe_A,a717ca67-edd7-4f3d-81bc-b95bafc99df1,15,2.0,,,,5.74,13.18,12.29,11.46,9.12,8.86
2025-12-16T17:51:43.948738,Recipe_A,a717ca67-edd7-4f3d-81bc-b95bafc99df1,15,2.0,,,,10.6,13.26,12.02,12.94,8.03,8.19
2025-12-16T17:51:44.948738,Recipe_A,a717ca67-edd7-4f3d-81bc-b95bafc99df1,15,2.0,,,,6.72,9.45,9.74,9.61,7.34,10.72
2025-12-16T17:51:45.948738,Recipe_A,a717ca67-edd7-4f3d-81bc-b95bafc99df1,15,2.0,,,,10.85,12.26,9.2,11.14,11.73,10.54
2025-12-16T17:51:46.948738,Recipe_A,a717ca67-edd7-4f3d-81bc-b95bafc99df1,15,2.0,,,,7.82,7.2,6.21,11.72,9.07,13.12
2025-12-16T17:51:47.948738,Recipe_A,a717ca67-edd7-4f3d-81bc-b95bafc99df1,15,2.0,,,,11.15,12.41,8.43,7.45,8.35,11.51
2025-12-16T17:51:48.948738,Recipe_A,a717ca67-edd7-4f3d-81bc-b95bafc99df1,15,2.0,,,,8.99,9.03,9.39,8.21,9.7,7.49
2025-12-16T17:51:49.948738,Recipe_A,a717ca67-edd7-4f3d-81bc-b95bafc99df1,15,2.0,,,,9.79,10.75,9.96,6.08,11.38,9.1
2025-12-16T17:51:50.948738,Recipe_A,a717ca67-edd7-4f3d-81bc-b95bafc99df1,15,2.0,,,,8.46,12.95,11.23,10.86,9.24,10.23
2025-12-16T17:51:51.948738,Recipe_A,a717ca67-edd7-4f3d-81bc-b95bafc99df1,15,2.0,,,,11.91,12.19,10.27,11.58,9.87,8.56
2025-12-16T17:51:52.948738,Recipe_A,a717ca67-edd7-4f3d-81bc-b95bafc99df1,15,2.0,,,,9.94,11.99,7.69,6.98,6.23,8.03
2025-12-16T17:51:53.948738,Recipe_A,a717ca67-edd7-4f3d-81bc-b95bafc99df1,15,2.0,,,,9.24,11.77,13.59,10.15,9.34,9.14
2025-12-16T17:51:54.948738,Recipe_A,a717ca67-edd7-4f3d-81bc-b95bafc99df1,15,2.0,,,,13.4,9.88,9.66,13.53,6.42,11.74
2025-12-16T17:51:55.948738,Recipe_A,a717ca67-edd7-4f3d-81bc-b95bafc99df1,15,2.0,,,,9.42,10.67,11.45,11.04,6.71,9.25
2025-12-16T17:51:56.948738,Recipe_A,a717ca67-edd7-4f3d-81bc-b95bafc99df1,15,2.0,,,,13.33,7.63,10.72,9.99,12.78,9.62
2025-12-16T17:51:57.948738,Recipe_A,a717ca67-edd7-4f3d-81bc-b95bafc99df1,15,2.0,,,,7.2,11.6,10.88,10.5,10.84,8.45
2025-12-16T17:51:58.948738,Recipe_A,a717ca67-edd7-4f3d-81bc-b95bafc99df1,15,2.0,,,,11.93,12.23,8.96,8.14,11.03,9.16
2025-12-16T17:51:59.948738,Recipe_A,a717ca67-edd7-4f3d-81bc-b95bafc99df1,15,2.0,,,,12.07,8.59,10.66,13.25,8.56,11.86
2025-12-16T17:52:00.948738,Recipe_A,a717ca67-edd7-4f3d-81bc-b95bafc99df1,15,2.0,,,,8.79,9.76,10.96,11.61,11.7,10.06
2025-12-16T17:52:01.948738,Recipe_A,a717ca67-edd7-4f3d-81bc-b95bafc99df1,15,2.0,,,,9.8,8.92,9.07,8.14,12.17,13.71
2025-12-16T17:52:02.948738,Recipe_A,a717ca67-edd7-4f3d-81bc-b95bafc99df1,15,5.0,,,,11.14,7.79,10.18,9.97,10.03,12.27
2025-12-16T17:52:03.948738,Recipe_A,a717ca67-edd7-4f3d-81bc-b95bafc99df1,15,5.0,,,,11.56,10.01,11.16,8.9,7.65,9.1
2025-12-16T17:52:04.948738,Recipe_A,a717ca67-edd7-4f3d-81bc-b95bafc99df1,15,2.0,,,,12.61,7.06,8.8,12.01,11.16,12.82
2025-12-16T17:52:05.948738,Recipe_A,a717ca67-edd7-4f3d-81bc-b95bafc99df1,15,2.0,,,,14.84,8.24,12.12,10.47,8.34,10.36
2025-12-16T17:52:06.948738,Recipe_A,a717ca67-edd7-4f3d-81bc-b95bafc99df1,15,2.0,,,,10.92,7.35,9.6,7.19,12.01,8.93
2025-12-16T17:52:07.948738,Recipe_A,a717ca67-edd7-4f3d-81bc-b95bafc99df1,15,2.0,,,,11.74,11.31,6.55,9.4,9.76,10.15
2025-12-16T17:52:08.948738,Recipe_A,a717ca67-edd7-4f3d-81bc-b95bafc99df1,15,2.0,,,,10.35,7.5,14.21,5.56,14.34,7.48
2025-12-16T17:52:09.948738,Recipe_A,a717ca67-edd7-4f3d-81bc-b95bafc99df1,15,2.0,,,,11.12,8.53,8.82,9.56,5.79,9.53
2025-12-16T17:52:10.948738,Recipe_A,a717ca67-edd7-4f3d-81bc-b95bafc99df1,15,2.0,,,,10.01,8.62,9.15,9.31,6.46,10.64
2025-12-16T17:52:11.948738,Recipe_A,a717ca67-edd7-4f3d-81bc-b95bafc99df1,15,2.0,,,,7.8,11.01,8.99,13.71,12.13,6.41
2025-12-16T17:52:12.948738,Recipe_A,a717ca67-edd7-4f3d-81bc-b95bafc99df1,15,2.0,,,,9.8,11.56,9.58,10.51,13.55,7.8
2025-12-16T17:52:13.948738,Recipe_A,a717ca67-edd7-4f3d-81bc-b95bafc99df1,15,2.0,,,,11.07,7.58,6.92,8.36,10.31,11.9
2025-12-16T17:52:14.948738,Recipe_A,a717ca67-edd7-4f3d-81bc-b95bafc99df1,15,2.0,,,,9.49,7.24,10.42,9.78,10.3,4.82
2025-12-16T17:52:15.948738,Recipe_A,a717ca67-edd7-4f3d-81bc-b95bafc99df1,15,2.0,,,,9.21,11.17,10.44,8.41,8.94,8.35
2025-12-16T17:52:16.948738,Recipe_A,a717ca67-edd7-4f3d-81bc-b95bafc99df1,15,2.0,,,,13.16,7.63,9.91,6.24,10.67,7.52
2025-12-16T17:52:17.948738,Recipe_A,a717ca67-edd7-4f3d-81bc-b95bafc99df1,15,5.0,,,,9.4,9.96,8.82,12.09,10.01,10.94
2025-12-16T17:52:18.948738,Recipe_A,a717ca67-edd7-4f3d-81bc-b95bafc99df1,15,5.0,,,,13.69,10.03,12.74,6.55,10.59,9.86
2025-12-16T17:52:19.948738,Recipe_A,a717ca67-edd7-4f3d-81bc-b95bafc99df1,15,5.0,,,,8.72,13.16,3.96,5.49,10.12,7.74
2025-12-16T17:52:20.948738,Recipe_A,a717ca67-edd7-4f3d-81bc-b95bafc99df1,15,5.0,,,,10.6,7.05,11.57,10.22,8.58,8.67
2025-12-16T17:52:21.948738,Recipe_A,a717ca67-edd7-4f3d-81bc-b95bafc99df1,15,5.0,,,,10.58,5.22,9.95,10.65,10.13,9.77
2025-12-16T17:52:21.948738,Recipe_A,a717ca67-edd7-4f3d-81bc-b95bafc99df1,15,5.0,Warning_8,Simulated Warning occurred,Warning,,,,,,
2025-12-16T17:52:22.948738,Recipe_A,a717ca67-edd7-4f3d-81bc-b95bafc99df1,15,5.0,,,,8.68,9.69,11.3,5.85,12.95,7.18
2025-12-16T17:52:23.948738,Recipe_A,a717ca67-edd7-4f3d-81bc-b95bafc99df1,15,5.0,,,,8.64,9.14,11.59,8.4,9.78,8.12
2025-12-16T17:52:24.948738,Recipe_A,a717ca67-edd7-4f3d-81bc-b95bafc99df1,15,5.0,,,,10.42,9.77,12.98,10.87,11.73,12.43
2025-12-16T17:52:25.948738,Recipe_A,a717ca67-edd7-4f3d-81bc-b95bafc99df1,15,5.0,,,,9.13,12.63,9.08,9.78,8.39,10.11
2025-12-16T17:52:26.948738,Recipe_A,a717ca67-edd7-4f3d-81bc-b95bafc99df1,15,5.0,,,,12.18,11.67,9.2,6.38,8.73,13.85
2025-12-16T17:52:27.948738,Recipe_A,a717ca67-edd7-4f3d-81bc-b95bafc99df1,15,5.0,,,,5.15,8.61,12.5,8.2,9.77,12.81
2025-12-16T17:52:28.948738,Recipe_A,a717ca67-edd7-4f3d-81bc-b95bafc99df1,15,5.0,,,,10.62,9.34,13.64,6.6,10.21,12.97
2025-12-16T17:52:29.948738,Recipe_A,a717ca67-edd7-4f3d-81bc-b95bafc99df1,15,5.0,,,,12.2,6.63,7.83,5.82,9.28,6.19
2025-12-16T17:52:30.948738,Recipe_A,a717ca67-edd7-4f3d-81bc-b95bafc99df1,15,5.0,,,,8.32,9.39,12.76,6.45,8.49,12.32
2025-12-16T17:52:31.948738,Recipe_A,a717ca67-edd7-4f3d-81bc-b95bafc99df1,15,5.0,,,,8.58,10.55,10.39,6.75,13.29,12.51
2025-12-16T17:52:31.948738,Recipe_A,a717ca67-edd7-4f3d-81bc-b95bafc99df1,15,5.0,Warning_9,Simulated Warning occurred,Warning,,,,,,
2025-12-16T17:52:32.948738,Recipe_A,a717ca67-edd7-4f3d-81bc-b95bafc99df1,15,5.0,,,,12.01,9.46,9.62,1.52,11.18,9.63
2025-12-16T17:52:33.948738,Recipe_A,a717ca67-edd7-4f3d-81bc-b95bafc99df1,15,5.0,,,,8.59,6.52,10.2,10.4,10.52,8.08
2025-12-16T17:52:34.948738,Recipe_A,a717ca67-edd7-4f3d-81bc-b95bafc99df1,15,5.0,,,,9.54,12.23,10.43,8.99,7.8,11.43
2025-12-16T17:52:35.948738,Recipe_A,a717ca67-edd7-4f3d-81bc-b95bafc99df1,15,5.0,,,,10.81,8.1,9.21,7.46,8.42,7.54
2025-12-16T17:52:36.948738,Recipe_A,a717ca67-edd7-4f3d-81bc-b95bafc99df1,15,5.0,,,,10.66,2.89,9.97,8.17,9.34,9.08
2025-12-16T17:52:37.948738,Recipe_A,a717ca67-edd7-4f3d-81bc-b95bafc99df1,15,5.0,,,,12.56,11.58,9.83,12.04,6.87,11.99
2025-12-16T17:52:38.948738,Recipe_A,a717ca67-edd7-4f3d-81bc-b95bafc99df1,15,5.0,,,,7.61,9.62,10.3,10.68,9.42,11.22
2025-12-16T17:52:39.948738,Recipe_A,a717ca67-edd7-4f3d-81bc-b95bafc99df1,15,5.0,,,,10.58,11.77,6.45,11.35,13.08,7.98
2025-12-16T17:52:40.948738,Recipe_A,a717ca67-edd7-4f3d-81bc-b95bafc99df1,15,5.0,,,,11.74,10.53,12.17,8.15,7.61,9.67
2025-12-16T17:52:41.948738,Recipe_A,a717ca67-edd7-4f3d-81bc-b95bafc99df1,15,5.0,,,,12.1,10.45,13.32,8.52,10.19,12.14
2025-12-16T17:52:42.948738,Recipe_A,a717ca67-edd7-4f3d-81bc-b95bafc99df1,15,5.0,,,,11.54,11.67,8.24,9.67,9.82,11.06
2025-12-16T17:52:43.948738,Recipe_A,a717ca67-edd7-4f3d-81bc-b95bafc99df1,15,5.0,,,,10.86,12.46,8.35,8.73,7.05,11.79
2025-12-16T17:52:44.948738,Recipe_A,a717ca67-edd7-4f3d-81bc-b95bafc99df1,15,5.0,,,,5.23,8.96,9.17,11.06,9.95,8.49
2025-12-16T17:52:45.948738,Recipe_A,a717ca67-edd7-4f3d-81bc-b95bafc99df1,15,5.0,,,,8.35,7.41,12.37,8.51,11.94,14.55
2025-12-16T17:52:46.948738,Recipe_A,a717ca67-edd7-4f3d-81bc-b95bafc99df1,15,5.0,,,,10.4,10.92,9.05,8.89,12.18,8.51
2025-12-16T17:52:47.948738,Recipe_A,a717ca67-edd7-4f3d-81bc-b95bafc99df1,15,5.0,,,,7.95,9.04,11.62,8.82,10.92,10.45
2025-12-16T17:52:48.948738,Recipe_A,a717ca67-edd7-4f3d-81bc-b95bafc99df1,15,5.0,,,,9.82,12.51,10.3,11.64,10.08,9.38
2025-12-16T17:52:49.948738,Recipe_A,a717ca67-edd7-4f3d-81bc-b95bafc99df1,15,5.0,,,,8.68,13.6,7.22,10.38,8.03,9.32
2025-12-16T17:52:50.948738,Recipe_A,a717ca67-edd7-4f3d-81bc-b95bafc99df1,15,5.0,,,,12.1,10.62,11.0,9.07,10.16,11.78
2025-12-16T17:52:51.948738,Recipe_A,a717ca67-edd7-4f3d-81bc-b95bafc99df1,15,5.0,,,,10.03,12.08,7.76,13.36,8.37,8.17
2025-12-16T17:52:52.948738,Recipe_A,a717ca67-edd7-4f3d-81bc-b95bafc99df1,15,5.0,,,,14.9,9.81,8.89,9.44,10.6,10.43
2025-12-16T17:52:53.948738,Recipe_A,a717ca67-edd7-4f3d-81bc-b95bafc99df1,15,5.0,,,,9.23,9.54,11.96,6.19,11.55,9.69
2025-12-16T17:52:54.948738,Recipe_A,a717ca67-edd7-4f3d-81bc-b95bafc99df1,15,5.0,,,,8.62,10.53,7.9,8.78,11.69,5.36
2025-12-16T17:52:55.948738,Recipe_A,a717ca67-edd7-4f3d-81bc-b95bafc99df1,15,5.0,,,,10.69,8.22,11.51,10.17,9.95,7.26
2025-12-16T17:52:56.948738,Recipe_A,a717ca67-edd7-4f3d-81bc-b95bafc99df1,15,5.0,,,,13.06,12.01,15.91,8.78,8.79,9.95
2025-12-16T17:52:57.948738,Recipe_A,a717ca67-edd7-4f3d-81bc-b95bafc99df1,15,5.0,,,,10.21,4.39,11.12,7.59,10.57,8.34
2025-12-16T17:52:58.948738,Recipe_A,a717ca67-edd7-4f3d-81bc-b95bafc99df1,15,5.0,,,,10.78,7.61,12.14,11.43,8.21,12.96
2025-12-16T17:52:59.948738,Recipe_A,a717ca67-edd7-4f3d-81bc-b95bafc99df1,15,5.0,,,,8.86,8.43,14.78,7.52,7.96,8.38
2025-12-16T17:53:00.948738,Recipe_A,a717ca67-edd7-4f3d-81bc-b95bafc99df1,15,5.0,,,,11.29,2.72,11.17,8.25,8.92,8.24
2025-12-16T17:53:01.948738,Recipe_A,a717ca67-edd7-4f3d-81bc-b95bafc99df1,15,5.0,,,,10.93,9.85,13.42,11.14,9.81,7.48
2025-12-16T17:53:02.948738,Recipe_A,a717ca67-edd7-4f3d-81bc-b95bafc99df1,15,5.0,,,,9.81,11.59,11.49,9.51,9.92,12.91
2025-12-16T17:53:03.948738,Recipe_A,a717ca67-edd7-4f3d-81bc-b95bafc99df1,15,5.0,,,,7.87,15.93,9.85,9.25,11.94,11.34
2025-12-16T17:53:04.948738,Recipe_A,a717ca67-edd7-4f3d-81bc-b95bafc99df1,15,5.0,,,,12.07,7.76,7.77,9.17,10.72,11.84
2025-12-16T17:53:05.948738,Recipe_A,a717ca67-edd7-4f3d-81bc-b95bafc99df1,15,5.0,,,,6.64,9.56,8.9,9.88,9.39,10.5
2025-12-16T17:53:06.948738,Recipe_A,a717ca67-edd7-4f3d-81bc-b95bafc99df1,15,5.0,,,,8.82,5.82,9.72,5.73,10.24,12.36
2025-12-16T17:53:07.948738,Recipe_A,a717ca67-edd7-4f3d-81bc-b95bafc99df1,15,5.0,,,,11.65,9.05,15.44,8.23,10.1,10.06
2025-12-16T17:53:08.948738,Recipe_A,a717ca67-edd7-4f3d-81bc-b95bafc99df1,15,5.0,,,,10.23,6.52,8.25,11.2,10.98,10.06
2025-12-16T17:53:09.948738,Recipe_A,a717ca67-edd7-4f3d-81bc-b95bafc99df1,15,5.0,,,,9.83,9.31,8.49,7.32,12.31,7.88
2025-12-16T17:53:10.948738,Recipe_A,a717ca67-edd7-4f3d-81bc-b95bafc99df1,15,5.0,,,,7.22,9.83,6.33,10.94,10.69,6.16
2025-12-16T17:53:11.948738,Recipe_A,a717ca67-edd7-4f3d-81bc-b95bafc99df1,15,5.0,,,,12.61,12.68,9.57,12.79,8.75,9.73
2025-12-16T17:53:12.948738,Recipe_A,a717ca67-edd7-4f3d-81bc-b95bafc99df1,15,5.0,,,,9.89,8.37,9.94,8.52,11.14,8.47
2025-12-16T17:53:13.948738,Recipe_A,a717ca67-edd7-4f3d-81bc-b95bafc99df1,15,5.0,,,,10.13,10.88,10.98,11.54,10.61,7.79
2025-12-16T17:53:14.948738,Recipe_A,a717ca67-edd7-4f3d-81bc-b95bafc99df1,15,5.0,,,,11.87,10.64,9.01,12.36,8.5,12.64
2025-12-16T17:53:15.948738,Recipe_A,a717ca67-edd7-4f3d-81bc-b95bafc99df1,15,2.0,,,,10.59,8.73,8.6,9.91,9.14,10.98
2025-12-16T17:53:16.948738,Recipe_A,a717ca67-edd7-4f3d-81bc-b95bafc99df1,15,2.0,,,,9.7,11.81,10.69,9.85,11.8,10.6
2025-12-16T17:53:17.948738,Recipe_A,a717ca67-edd7-4f3d-81bc-b95bafc99df1,15,2.0,,,,10.09,13.04,9.85,10.87,9.16,11.35
2025-12-16T17:53:18.948738,Recipe_A,a717ca67-edd7-4f3d-81bc-b95bafc99df1,15,2.0,,,,10.29,13.46,10.0,11.08,12.98,9.66
2025-12-16T17:53:19.948738,Recipe_A,a717ca67-edd7-4f3d-81bc-b95bafc99df1,15,2.0,,,,6.95,9.45,14.78,7.68,12.63,10.23
2025-12-16T17:53:20.948738,Recipe_A,a717ca67-edd7-4f3d-81bc-b95bafc99df1,15,2.0,,,,7.22,11.41,10.63,10.0,9.94,10.55
2025-12-16T17:53:21.948738,Recipe_A,a717ca67-edd7-4f3d-81bc-b95bafc99df1,15,2.0,,,,7.6,10.33,8.85,11.27,6.52,9.55
2025-12-16T17:53:22.948738,Recipe_A,a717ca67-edd7-4f3d-81bc-b95bafc99df1,15,2.0,,,,9.11,8.91,8.46,8.18,8.05,10.92
2025-12-16T17:53:23.948738,Recipe_A,a717ca67-edd7-4f3d-81bc-b95bafc99df1,15,2.0,,,,11.22,10.08,7.34,12.97,10.12,9.6
2025-12-16T17:53:24.948738,Recipe_A,a717ca67-edd7-4f3d-81bc-b95bafc99df1,15,2.0,,,,12.13,10.52,8.4,11.3,11.09,6.97
2025-12-16T17:53:25.948738,Recipe_A,a717ca67-edd7-4f3d-81bc-b95bafc99df1,15,2.0,,,,11.92,10.37,12.27,11.51,11.46,8.86
2025-12-16T17:53:26.948738,Recipe_A,a717ca67-edd7-4f3d-81bc-b95bafc99df1,15,2.0,,,,10.23,6.91,10.22,9.46,10.21,9.63
2025-12-16T17:53:27.948738,Recipe_A,a717ca67-edd7-4f3d-81bc-b95bafc99df1,15,2.0,,,,9.65,10.51,12.5,11.35,8.74,9.07
2025-12-16T17:53:28.948738,Recipe_A,a717ca67-edd7-4f3d-81bc-b95bafc99df1,15,2.0,,,,12.83,13.57,7.12,7.86,10.04,9.3
2025-12-16T17:53:29.948738,Recipe_A,a717ca67-edd7-4f3d-81bc-b95bafc99df1,15,2.0,,,,9.25,9.39,9.09,6.07,10.98,9.49
2025-12-16T17:53:30.948738,Recipe_A,a717ca67-edd7-4f3d-81bc-b95bafc99df1,15,2.0,,,,9.23,8.34,7.18,7.3,7.3,12.77
2025-12-16T17:53:31.948738,Recipe_A,a717ca67-edd7-4f3d-81bc-b95bafc99df1,15,2.0,,,,12.16,8.14,8.78,8.06,8.78,13.15
2025-12-16T17:53:32.948738,Recipe_A,a717ca67-edd7-4f3d-81bc-b95bafc99df1,15,2.0,,,,8.45,7.58,9.68,11.5,5.32,12.61
2025-12-16T17:53:33.948738,Recipe_A,a717ca67-edd7-4f3d-81bc-b95bafc99df1,15,2.0,,,,11.91,10.75,11.34,9.48,13.15,11.66
2025-12-16T17:53:34.948738,Recipe_A,a717ca67-edd7-4f3d-81bc-b95bafc99df1,15,2.0,,,,6.44,9.14,10.99,8.94,7.85,9.05
2025-12-16T17:53:35.948738,Recipe_A,a717ca67-edd7-4f3d-81bc-b95bafc99df1,15,2.0,,,,12.03,9.21,12.7,12.46,9.03,9.11
2025-12-16T17:53:36.948738,Recipe_A,a717ca67-edd7-4f3d-81bc-b95bafc99df1,15,2.0,,,,14.01,7.07,8.95,10.76,10.15,6.85
2025-12-16T17:53:37.948738,Recipe_A,a717ca67-edd7-4f3d-81bc-b95bafc99df1,15,2.0,,,,10.32,6.11,8.8,9.16,8.99,9.12
2025-12-16T17:53:38.948738,Recipe_A,a717ca67-edd7-4f3d-81bc-b95bafc99df1,15,2.0,,,,12.67,9.38,9.78,6.61,9.39,10.91
2025-12-16T17:53:39.948738,Recipe_A,a717ca67-edd7-4f3d-81bc-b95bafc99df1,15,2.0,,,,9.99,7.46,12.16,7.37,10.61,11.89
2025-12-16T17:53:40.948738,Recipe_A,a717ca67-edd7-4f3d-81bc-b95bafc99df1,15,2.0,,,,8.78,9.96,9.01,8.17,10.52,7.27
2025-12-16T17:53:41.948738,Recipe_A,a717ca67-edd7-4f3d-81bc-b95bafc99df1,15,2.0,,,,14.38,6.55,9.46,11.43,12.45,7.71
2025-12-16T17:53:42.948738,Recipe_A,a717ca67-edd7-4f3d-81bc-b95bafc99df1,15,5.0,,,,6.64,12.85,10.63,9.89,8.22,9.82
2025-12-16T17:53:43.948738,Recipe_A,a717ca67-edd7-4f3d-81bc-b95bafc99df1,15,5.0,,,,12.64,12.22,6.22,7.09,8.5,7.3
2025-12-16T17:53:44.948738,Recipe_A,a717ca67-edd7-4f3d-81bc-b95bafc99df1,15,5.0,,,,10.21,8.14,11.42,8.01,9.18,8.32
2025-12-16T17:53:45.948738,Recipe_A,a717ca67-edd7-4f3d-81bc-b95bafc99df1,15,5.0,,,,7.11,9.34,13.19,14.68,11.34,7.37
2025-12-16T17:53:46.948738,Recipe_A,a717ca67-edd7-4f3d-81bc-b95bafc99df1,15,0.0,,,,0.0,0.0,0.0,0.0,0.0,0.0
2025-12-16T17:53:47.948738,Recipe_A,a717ca67-edd7-4f3d-81bc-b95bafc99df1,15,0.0,,,,0.0,0.0,0.0,0.0,0.0,0.0
2025-12-16T17:53:48.948738,Recipe_A,a717ca67-edd7-4f3d-81bc-b95bafc99df1,15,0.0,,,,0.0,0.0,0.0,0.0,0.0,0.0
2025-12-16T17:53:48.948738,Recipe_A,a717ca67-edd7-4f3d-81bc-b95bafc99df1,15,0.0,Warning_9,Simulated Warning occurred,Warning,,,,,,
2025-12-16T17:53:49.948738,Recipe_A,a717ca67-edd7-4f3d-81bc-b95bafc99df1,15,0.0,,,,0.0,0.0,0.0,0.0,0.0,0.0
2025-12-16T17:53:50.948738,Recipe_A,a717ca67-edd7-4f3d-81bc-b95bafc99df1,15,0.0,,,,0.0,0.0,0.0,0.0,0.0,0.0
2025-12-16T17:53:51.948738,Recipe_A,a717ca67-edd7-4f3d-81bc-b95bafc99df1,15,0.0,,,,0.0,0.0,0.0,0.0,0.0,0.0
2025-12-16T17:53:52.948738,Recipe_A,a717ca67-edd7-4f3d-81bc-b95bafc99df1,15,0.0,,,,0.0,0.0,0.0,0.0,0.0,0.0
2025-12-16T17:53:53.948738,Recipe_A,a717ca67-edd7-4f3d-81bc-b95bafc99df1,15,0.0,,,,0.0,0.0,0.0,0.0,0.0,0.0
2025-12-16T17:53:54.948738,Recipe_A,a717ca67-edd7-4f3d-81bc-b95bafc99df1,15,0.0,,,,0.0,0.0,0.0,0.0,0.0,0.0
2025-12-16T17:53:55.948738,Recipe_A,a717ca67-edd7-4f3d-81bc-b95bafc99df1,15,0.0,,,,0.0,0.0,0.0,0.0,0.0,0.0
2025-12-16T17:53:56.948738,Recipe_A,a717ca67-edd7-4f3d-81bc-b95bafc99df1,15,0.0,,,,0.0,0.0,0.0,0.0,0.0,0.0
2025-12-16T17:53:57.948738,Recipe_A,a717ca67-edd7-4f3d-81bc-b95bafc99df1,15,0.0,,,,0.0,0.0,0.0,0.0,0.0,0.0
2025-12-16T17:53:58.948738,Recipe_A,a717ca67-edd7-4f3d-81bc-b95bafc99df1,15,0.0,,,,0.0,0.0,0.0,0.0,0.0,0.0
2025-12-16T17:53:59.948738,Recipe_A,a717ca67-edd7-4f3d-81bc-b95bafc99df1,15,0.0,,,,0.0,0.0,0.0,0.0,0.0,0.0
2025-12-16T17:54:00.948738,Recipe_A,a717ca67-edd7-4f3d-81bc-b95bafc99df1,15,0.0,,,,0.0,0.0,0.0,0.0,0.0,0.0
2025-12-16T17:54:01.948738,Recipe_A,a717ca67-edd7-4f3d-81bc-b95bafc99df1,15,0.0,,,,0.0,0.0,0.0,0.0,0.0,0.0
2025-12-16T17:54:02.948738,Recipe_A,a717ca67-edd7-4f3d-81bc-b95bafc99df1,15,0.0,,,,0.0,0.0,0.0,0.0,0.0,0.0
2025-12-16T17:54:03.948738,Recipe_A,a717ca67-edd7-4f3d-81bc-b95bafc99df1,15,0.0,,,,0.0,0.0,0.0,0.0,0.0,0.0
2025-12-16T17:54:04.948738,Recipe_A,a717ca67-edd7-4f3d-81bc-b95bafc99df1,15,0.0,,,,0.0,0.0,0.0,0.0,0.0,0.0
2025-12-16T17:54:05.948738,Recipe_A,a717ca67-edd7-4f3d-81bc-b95bafc99df1,15,0.0,,,,0.0,0.0,0.0,0.0,0.0,0.0
2025-12-16T17:54:06.948738,Recipe_A,a717ca67-edd7-4f3d-81bc-b95bafc99df1,15,0.0,,,,0.0,0.0,0.0,0.0,0.0,0.0
2025-12-16T17:54:07.948738,Recipe_A,a717ca67-edd7-4f3d-81bc-b95bafc99df1,15,0.0,,,,0.0,0.0,0.0,0.0,0.0,0.0
2025-12-16T17:54:08.948738,Recipe_A,a717ca67-edd7-4f3d-81bc-b95bafc99df1,15,2.0,,,,9.67,14.11,7.23,11.13,11.9,7.95
2025-12-16T17:54:09.948738,Recipe_A,a717ca67-edd7-4f3d-81bc-b95bafc99df1,15,2.0,,,,9.48,9.64,11.68,9.97,12.32,9.22
2025-12-16T17:54:10.948738,Recipe_A,a717ca67-edd7-4f3d-81bc-b95bafc99df1,15,2.0,,,,11.51,8.98,13.62,6.9,10.49,9.72
2025-12-16T17:54:11.948738,Recipe_A,a717ca67-edd7-4f3d-81bc-b95bafc99df1,15,2.0,,,,12.27,10.24,11.53,9.56,3.72,9.45
2025-12-16T17:54:12.948738,Recipe_A,a717ca67-edd7-4f3d-81bc-b95bafc99df1,15,2.0,,,,9.14,13.11,12.92,12.33,8.55,12.15
2025-12-16T17:54:13.948738,Recipe_A,a717ca67-edd7-4f3d-81bc-b95bafc99df1,15,2.0,,,,12.48,9.41,12.46,12.51,10.62,12.83
2025-12-16T17:54:14.948738,Recipe_A,a717ca67-edd7-4f3d-81bc-b95bafc99df1,15,2.0,,,,5.98,11.1,12.72,6.22,9.26,12.46
2025-12-16T17:54:15.948738,Recipe_A,a717ca67-edd7-4f3d-81bc-b95bafc99df1,15,2.0,,,,9.45,11.25,6.36,7.57,6.84,9.4
2025-12-16T17:54:16.948738,Recipe_A,a717ca67-edd7-4f3d-81bc-b95bafc99df1,15,2.0,,,,8.16,10.69,12.16,9.17,10.2,6.15
2025-12-16T17:54:17.948738,Recipe_A,a717ca67-edd7-4f3d-81bc-b95bafc99df1,15,2.0,,,,8.83,12.61,12.38,14.52,7.7,3.97
2025-12-16T17:54:18.948738,Recipe_A,a717ca67-edd7-4f3d-81bc-b95bafc99df1,15,2.0,,,,8.36,12.43,6.48,8.91,9.85,11.64
2025-12-16T17:54:19.948738,Recipe_A,a717ca67-edd7-4f3d-81bc-b95bafc99df1,15,2.0,,,,9.62,10.76,8.89,5.22,11.38,9.14
2025-12-16T17:54:20.948738,Recipe_A,a717ca67-edd7-4f3d-81bc-b95bafc99df1,15,2.0,,,,12.38,12.32,8.99,4.95,10.61,9.29
2025-12-16T17:54:21.948738,Recipe_A,a717ca67-edd7-4f3d-81bc-b95bafc99df1,15,2.0,,,,9.45,8.62,12.19,13.6,9.16,13.76
2025-12-16T17:54:22.948738,Recipe_A,a717ca67-edd7-4f3d-81bc-b95bafc99df1,15,2.0,,,,6.34,11.79,8.49,10.67,12.16,8.01
2025-12-16T17:54:23.948738,Recipe_A,a717ca67-edd7-4f3d-81bc-b95bafc99df1,15,2.0,,,,9.3,12.59,10.33,10.2,11.74,8.57
2025-12-16T17:54:24.948738,Recipe_A,a717ca67-edd7-4f3d-81bc-b95bafc99df1,15,2.0,,,,9.3,13.33,7.87,7.5,11.45,8.36
2025-12-16T17:54:25.948738,Recipe_A,a717ca67-edd7-4f3d-81bc-b95bafc99df1,15,2.0,,,,9.26,9.06,9.64,8.9,8.71,11.12
2025-12-16T17:54:26.948738,Recipe_A,a717ca67-edd7-4f3d-81bc-b95bafc99df1,15,2.0,,,,8.0,12.67,10.01,11.06,9.52,11.58
2025-12-16T17:54:27.948738,Recipe_A,a717ca67-edd7-4f3d-81bc-b95bafc99df1,15,2.0,,,,12.91,12.57,7.72,9.4,9.79,10.38
2025-12-16T17:54:28.948738,Recipe_A,a717ca67-edd7-4f3d-81bc-b95bafc99df1,15,1.0,,,,8.86,10.27,10.21,10.15,12.11,10.94
2025-12-16T17:54:29.948738,Recipe_A,a717ca67-edd7-4f3d-81bc-b95bafc99df1,15,1.0,,,,6.82,8.79,11.0,10.02,12.54,11.62
2025-12-16T17:54:30.948738,Recipe_A,a717ca67-edd7-4f3d-81bc-b95bafc99df1,15,1.0,,,,7.39,9.35,7.48,9.11,2.38,10.53
2025-12-16T17:54:31.948738,Recipe_A,a717ca67-edd7-4f3d-81bc-b95bafc99df1,15,1.0,,,,8.28,5.33,8.56,9.47,11.86,8.17
2025-12-16T17:54:32.948738,Recipe_A,a717ca67-edd7-4f3d-81bc-b95bafc99df1,15,1.0,,,,11.99,10.53,9.42,7.8,9.22,10.03
2025-12-16T17:54:33.948738,Recipe_A,a717ca67-edd7-4f3d-81bc-b95bafc99df1,15,1.0,,,,11.28,12.46,7.68,10.17,9.75,11.3
2025-12-16T17:54:34.948738,Recipe_A,a717ca67-edd7-4f3d-81bc-b95bafc99df1,15,1.0,,,,11.43,10.43,8.12,9.35,7.37,13.54
2025-12-16T17:54:35.948738,Recipe_A,a717ca67-edd7-4f3d-81bc-b95bafc99df1,15,1.0,,,,11.76,8.98,8.39,11.16,7.58,9.66
2025-12-16T17:54:36.948738,Recipe_A,a717ca67-edd7-4f3d-81bc-b95bafc99df1,15,1.0,,,,12.22,10.92,10.16,10.71,10.53,10.8
2025-12-16T17:54:37.948738,Recipe_A,a717ca67-edd7-4f3d-81bc-b95bafc99df1,15,1.0,,,,10.39,15.65,8.87,10.11,9.7,11.78
2025-12-16T17:54:38.948738,Recipe_A,a717ca67-edd7-4f3d-81bc-b95bafc99df1,15,1.0,,,,11.56,9.09,9.32,9.89,12.02,10.55
2025-12-16T17:54:39.948738,Recipe_A,a717ca67-edd7-4f3d-81bc-b95bafc99df1,15,1.0,,,,8.89,10.76,11.27,8.26,9.07,9.6
2025-12-16T17:54:40.948738,Recipe_A,a717ca67-edd7-4f3d-81bc-b95bafc99df1,15,1.0,,,,10.6,10.59,13.15,9.45,9.85,11.5
2025-12-16T17:54:41.948738,Recipe_A,a717ca67-edd7-4f3d-81bc-b95bafc99df1,15,1.0,,,,10.85,7.88,12.5,9.5,8.91,9.26
2025-12-16T17:54:42.948738,Recipe_A,a717ca67-edd7-4f3d-81bc-b95bafc99df1,15,1.0,,,,6.09,11.31,8.58,9.54,9.11,11.04
2025-12-16T17:54:43.948738,Recipe_A,a717ca67-edd7-4f3d-81bc-b95bafc99df1,15,0.0,,,,0.0,0.0,0.0,0.0,0.0,0.0
2025-12-16T17:54:44.948738,Recipe_A,a717ca67-edd7-4f3d-81bc-b95bafc99df1,15,0.0,,,,0.0,0.0,0.0,0.0,0.0,0.0
2025-12-16T17:54:45.948738,Recipe_A,a717ca67-edd7-4f3d-81bc-b95bafc99df1,15,0.0,,,,0.0,0.0,0.0,0.0,0.0,0.0
2025-12-16T17:54:46.948738,Recipe_A,a717ca67-edd7-4f3d-81bc-b95bafc99df1,15,0.0,,,,0.0,0.0,0.0,0.0,0.0,0.0
2025-12-16T17:54:47.948738,Recipe_A,a717ca67-edd7-4f3d-81bc-b95bafc99df1,15,0.0,,,,0.0,0.0,0.0,0.0,0.0,0.0
2025-12-16T17:54:48.948738,Recipe_A,a717ca67-edd7-4f3d-81bc-b95bafc99df1,15,0.0,,,,0.0,0.0,0.0,0.0,0.0,0.0
2025-12-16T17:54:49.948738,Recipe_A,a717ca67-edd7-4f3d-81bc-b95bafc99df1,15,0.0,,,,0.0,0.0,0.0,0.0,0.0,0.0
2025-12-16T17:54:50.948738,Recipe_A,a717ca67-edd7-4f3d-81bc-b95bafc99df1,15,0.0,,,,0.0,0.0,0.0,0.0,0.0,0.0
2025-12-16T17:54:51.948738,Recipe_A,a717ca67-edd7-4f3d-81bc-b95bafc99df1,15,0.0,,,,0.0,0.0,0.0,0.0,0.0,0.0
2025-12-16T17:54:52.948738,Recipe_A,a717ca67-edd7-4f3d-81bc-b95bafc99df1,15,0.0,,,,0.0,0.0,0.0,0.0,0.0,0.0
2025-12-16T17:54:53.948738,Recipe_A,a717ca67-edd7-4f3d-81bc-b95bafc99df1,15,0.0,,,,0.0,0.0,0.0,0.0,0.0,0.0
2025-12-16T17:54:54.948738,Recipe_A,a717ca67-edd7-4f3d-81bc-b95bafc99df1,15,0.0,,,,0.0,0.0,0.0,0.0,0.0,0.0
2025-12-16T17:54:55.948738,Recipe_A,a717ca67-edd7-4f3d-81bc-b95bafc99df1,15,0.0,,,,0.0,0.0,0.0,0.0,0.0,0.0
2025-12-16T17:54:56.948738,Recipe_A,a717ca67-edd7-4f3d-81bc-b95bafc99df1,15,0.0,,,,0.0,0.0,0.0,0.0,0.0,0.0
2025-12-16T17:54:57.948738,Recipe_A,a717ca67-edd7-4f3d-81bc-b95bafc99df1,15,0.0,,,,0.0,0.0,0.0,0.0,0.0,0.0
2025-12-16T17:54:58.948738,Recipe_A,a717ca67-edd7-4f3d-81bc-b95bafc99df1,15,0.0,,,,0.0,0.0,0.0,0.0,0.0,0.0
2025-12-16T17:54:59.948738,Recipe_A,a717ca67-edd7-4f3d-81bc-b95bafc99df1,15,0.0,,,,0.0,0.0,0.0,0.0,0.0,0.0
2025-12-16T17:55:00.948738,Recipe_A,a717ca67-edd7-4f3d-81bc-b95bafc99df1,15,0.0,,,,0.0,0.0,0.0,0.0,0.0,0.0
2025-12-16T17:55:01.948738,Recipe_A,a717ca67-edd7-4f3d-81bc-b95bafc99df1,15,0.0,,,,0.0,0.0,0.0,0.0,0.0,0.0
2025-12-16T17:55:02.948738,Recipe_A,a717ca67-edd7-4f3d-81bc-b95bafc99df1,15,0.0,,,,0.0,0.0,0.0,0.0,0.0,0.0
2025-12-16T17:55:03.948738,Recipe_A,a717ca67-edd7-4f3d-81bc-b95bafc99df1,15,0.0,,,,0.0,0.0,0.0,0.0,0.0,0.0
2025-12-16T17:55:04.948738,Recipe_A,a717ca67-edd7-4f3d-81bc-b95bafc99df1,15,0.0,,,,0.0,0.0,0.0,0.0,0.0,0.0
2025-12-16T17:55:05.948738,Recipe_A,a717ca67-edd7-4f3d-81bc-b95bafc99df1,15,0.0,,,,0.0,0.0,0.0,0.0,0.0,0.0
2025-12-16T17:55:06.948738,Recipe_A,a717ca67-edd7-4f3d-81bc-b95bafc99df1,15,0.0,,,,0.0,0.0,0.0,0.0,0.0,0.0
2025-12-16T17:55:07.948738,Recipe_A,a717ca67-edd7-4f3d-81bc-b95bafc99df1,15,0.0,,,,0.0,0.0,0.0,0.0,0.0,0.0
2025-12-16T17:55:08.948738,Recipe_A,a717ca67-edd7-4f3d-81bc-b95bafc99df1,15,0.0,,,,0.0,0.0,0.0,0.0,0.0,0.0
2025-12-16T17:55:09.948738,Recipe_A,a717ca67-edd7-4f3d-81bc-b95bafc99df1,15,0.0,,,,0.0,0.0,0.0,0.0,0.0,0.0
2025-12-16T17:55:10.948738,Recipe_A,a717ca67-edd7-4f3d-81bc-b95bafc99df1,15,0.0,,,,0.0,0.0,0.0,0.0,0.0,0.0
2025-12-16T17:55:11.948738,Recipe_A,a717ca67-edd7-4f3d-81bc-b95bafc99df1,15,0.0,,,,0.0,0.0,0.0,0.0,0.0,0.0
2025-12-16T17:55:12.948738,Recipe_A,a717ca67-edd7-4f3d-81bc-b95bafc99df1,15,0.0,,,,0.0,0.0,0.0,0.0,0.0,0.0
2025-12-16T17:55:13.948738,Recipe_A,a717ca67-edd7-4f3d-81bc-b95bafc99df1,15,5.0,,,,12.81,8.83,9.92,15.5,9.11,8.41
2025-12-16T17:55:14.948738,Recipe_A,a717ca67-edd7-4f3d-81bc-b95bafc99df1,15,5.0,,,,9.05,11.15,6.65,11.14,7.57,10.01
2025-12-16T17:55:15.948738,Recipe_A,a717ca67-edd7-4f3d-81bc-b95bafc99df1,15,5.0,,,,11.06,12.03,8.54,11.34,8.34,9.15
2025-12-16T17:55:16.948738,Recipe_A,a717ca67-edd7-4f3d-81bc-b95bafc99df1,15,5.0,,,,7.97,12.0,11.88,10.91,11.29,9.17
2025-12-16T17:55:17.948738,Recipe_A,a717ca67-edd7-4f3d-81bc-b95bafc99df1,15,5.0,,,,10.78,12.77,9.76,8.35,13.31,11.03
2025-12-16T17:55:18.948738,Recipe_A,a717ca67-edd7-4f3d-81bc-b95bafc99df1,15,5.0,,,,6.0,6.18,11.34,12.33,10.48,9.31
2025-12-16T17:55:19.948738,Recipe_A,a717ca67-edd7-4f3d-81bc-b95bafc99df1,15,5.0,,,,9.17,11.18,9.84,7.72,14.51,9.23
2025-12-16T17:55:20.948738,Recipe_A,a717ca67-edd7-4f3d-81bc-b95bafc99df1,15,5.0,,,,12.12,6.11,9.61,8.11,9.12,12.52
2025-12-16T17:55:21.948738,Recipe_A,a717ca67-edd7-4f3d-81bc-b95bafc99df1,15,5.0,,,,12.19,10.26,11.18,9.04,10.01,9.49
2025-12-16T17:55:22.948738,Recipe_A,a717ca67-edd7-4f3d-81bc-b95bafc99df1,15,5.0,,,,8.9,8.7,8.16,10.04,10.67,4.51
2025-12-16T17:55:23.948738,Recipe_A,a717ca67-edd7-4f3d-81bc-b95bafc99df1,15,5.0,,,,9.26,11.47,9.55,7.85,8.95,9.88
2025-12-16T17:55:24.948738,Recipe_A,a717ca67-edd7-4f3d-81bc-b95bafc99df1,15,5.0,,,,8.65,7.91,8.31,8.97,6.63,12.08
2025-12-16T17:55:25.948738,Recipe_A,a717ca67-edd7-4f3d-81bc-b95bafc99df1,15,5.0,,,,6.2,11.41,10.2,7.46,9.52,11.84
2025-12-16T17:55:26.948738,Recipe_A,a717ca67-edd7-4f3d-81bc-b95bafc99df1,15,5.0,,,,12.2,10.15,9.52,10.73,9.62,7.06
2025-12-16T17:55:27.948738,Recipe_A,a717ca67-edd7-4f3d-81bc-b95bafc99df1,15,5.0,,,,10.51,9.46,7.9,7.12,9.07,7.98
2025-12-16T17:55:28.948738,Recipe_A,a717ca67-edd7-4f3d-81bc-b95bafc99df1,15,5.0,,,,10.26,8.24,7.1,9.6,10.96,9.25
2025-12-16T17:55:29.948738,Recipe_A,a717ca67-edd7-4f3d-81bc-b95bafc99df1,15,5.0,,,,8.91,9.55,9.87,5.85,7.52,8.65
2025-12-16T17:55:30.948738,Recipe_A,a717ca67-edd7-4f3d-81bc-b95bafc99df1,15,5.0,,,,8.01,8.52,12.52,9.15,11.89,14.01
2025-12-16T17:55:31.948738,Recipe_A,a717ca67-edd7-4f3d-81bc-b95bafc99df1,15,5.0,,,,8.21,7.73,7.74,12.12,6.33,6.88
2025-12-16T17:55:32.948738,Recipe_A,a717ca67-edd7-4f3d-81bc-b95bafc99df1,15,5.0,,,,10.3,11.11,9.69,13.19,11.46,10.47
2025-12-16T17:55:33.948738,Recipe_A,a717ca67-edd7-4f3d-81bc-b95bafc99df1,15,5.0,,,,8.68,8.83,10.88,10.37,9.05,7.96
2025-12-16T17:55:34.948738,Recipe_A,a717ca67-edd7-4f3d-81bc-b95bafc99df1,15,5.0,,,,8.42,13.91,10.61,8.84,10.38,10.47
2025-12-16T17:55:35.948738,Recipe_A,a717ca67-edd7-4f3d-81bc-b95bafc99df1,15,5.0,,,,10.44,9.79,9.99,10.66,12.58,10.17
2025-12-16T17:55:36.948738,Recipe_A,a717ca67-edd7-4f3d-81bc-b95bafc99df1,15,5.0,,,,9.29,10.63,9.29,9.79,11.0,7.88
2025-12-16T17:55:37.948738,Recipe_A,a717ca67-edd7-4f3d-81bc-b95bafc99df1,15,5.0,,,,9.62,10.4,9.36,10.07,8.18,10.63
2025-12-16T17:55:38.948738,Recipe_A,a717ca67-edd7-4f3d-81bc-b95bafc99df1,15,5.0,,,,9.85,6.93,11.88,10.63,7.23,10.62
2025-12-16T17:55:39.948738,Recipe_A,a717ca67-edd7-4f3d-81bc-b95bafc99df1,15,5.0,,,,8.84,11.2,13.76,8.54,11.11,7.52
2025-12-16T17:55:40.948738,Recipe_A,a717ca67-edd7-4f3d-81bc-b95bafc99df1,15,3.0,,,,9.27,13.43,10.09,9.74,6.45,9.27
2025-12-16T17:55:41.948738,Recipe_A,a717ca67-edd7-4f3d-81bc-b95bafc99df1,15,0.0,,,,0.0,0.0,0.0,0.0,0.0,0.0
2025-12-16T17:55:42.948738,Recipe_A,a717ca67-edd7-4f3d-81bc-b95bafc99df1,15,0.0,,,,0.0,0.0,0.0,0.0,0.0,0.0
2025-12-16T17:55:43.948738,Recipe_A,a717ca67-edd7-4f3d-81bc-b95bafc99df1,15,0.0,,,,0.0,0.0,0.0,0.0,0.0,0.0
2025-12-16T17:55:44.948738,Recipe_A,a717ca67-edd7-4f3d-81bc-b95bafc99df1,15,0.0,,,,0.0,0.0,0.0,0.0,0.0,0.0
2025-12-16T17:55:45.948738,Recipe_A,a717ca67-edd7-4f3d-81bc-b95bafc99df1,15,0.0,,,,0.0,0.0,0.0,0.0,0.0,0.0
2025-12-16T17:55:46.948738,Recipe_A,a717ca67-edd7-4f3d-81bc-b95bafc99df1,15,0.0,,,,0.0,0.0,0.0,0.0,0.0,0.0
2025-12-16T17:55:47.948738,Recipe_A,a717ca67-edd7-4f3d-81bc-b95bafc99df1,15,0.0,,,,0.0,0.0,0.0,0.0,0.0,0.0
2025-12-16T17:55:48.948738,Recipe_A,a717ca67-edd7-4f3d-81bc-b95bafc99df1,15,0.0,,,,0.0,0.0,0.0,0.0,0.0,0.0
2025-12-16T17:55:49.948738,Recipe_A,a717ca67-edd7-4f3d-81bc-b95bafc99df1,15,0.0,,,,0.0,0.0,0.0,0.0,0.0,0.0
2025-12-16T17:55:50.948738,Recipe_A,a717ca67-edd7-4f3d-81bc-b95bafc99df1,15,0.0,,,,0.0,0.0,0.0,0.0,0.0,0.0
2025-12-16T17:55:51.948738,Recipe_A,a717ca67-edd7-4f3d-81bc-b95bafc99df1,15,0.0,,,,0.0,0.0,0.0,0.0,0.0,0.0
2025-12-16T17:55:52.948738,Recipe_A,a717ca67-edd7-4f3d-81bc-b95bafc99df1,15,0.0,,,,0.0,0.0,0.0,0.0,0.0,0.0
2025-12-16T17:55:53.948738,Recipe_A,a717ca67-edd7-4f3d-81bc-b95bafc99df1,15,3.0,,,,9.79,13.67,12.99,10.28,7.35,11.98
2025-12-16T17:55:54.948738,Recipe_A,a717ca67-edd7-4f3d-81bc-b95bafc99df1,15,3.0,,,,11.52,10.79,7.45,7.59,8.74,10.61
2025-12-16T17:55:54.948738,Recipe_A,a717ca67-edd7-4f3d-81bc-b95bafc99df1,15,3.0,Warning_10,Simulated Warning occurred,Warning,,,,,,
2025-12-16T17:55:55.948738,Recipe_A,a717ca67-edd7-4f3d-81bc-b95bafc99df1,15,3.0,,,,10.67,9.7,12.88,12.72,9.37,10.1
2025-12-16T17:55:56.948738,Recipe_A,a717ca67-edd7-4f3d-81bc-b95bafc99df1,15,3.0,,,,10.99,7.6,10.03,12.98,9.39,9.74
2025-12-16T17:55:57.948738,Recipe_A,a717ca67-edd7-4f3d-81bc-b95bafc99df1,15,3.0,,,,10.47,11.48,8.28,9.16,11.29,11.43
2025-12-16T17:55:58.948738,Recipe_A,a717ca67-edd7-4f3d-81bc-b95bafc99df1,15,3.0,,,,10.96,11.62,9.96,6.66,10.44,10.2
2025-12-16T17:55:59.948738,Recipe_A,a717ca67-edd7-4f3d-81bc-b95bafc99df1,15,3.0,,,,9.11,8.29,12.46,9.32,8.64,8.07
2025-12-16T17:56:00.948738,Recipe_A,a717ca67-edd7-4f3d-81bc-b95bafc99df1,15,3.0,,,,10.42,8.32,6.88,9.26,11.47,8.53
2025-12-16T17:56:01.948738,Recipe_A,a717ca67-edd7-4f3d-81bc-b95bafc99df1,15,3.0,,,,8.96,11.41,11.5,9.01,11.16,7.8
2025-12-16T17:56:02.948738,Recipe_A,a717ca67-edd7-4f3d-81bc-b95bafc99df1,15,3.0,,,,13.53,12.01,10.05,5.87,9.23,10.79
2025-12-16T17:56:03.948738,Recipe_A,a717ca67-edd7-4f3d-81bc-b95bafc99df1,15,3.0,,,,9.86,13.07,6.83,8.37,9.42,5.08
2025-12-16T17:56:04.948738,Recipe_A,a717ca67-edd7-4f3d-81bc-b95bafc99df1,15,3.0,,,,7.98,11.79,10.55,12.27,8.11,10.58
2025-12-16T17:56:05.948738,Recipe_A,a717ca67-edd7-4f3d-81bc-b95bafc99df1,15,3.0,,,,12.05,11.28,8.49,9.97,10.94,9.58
2025-12-16T17:56:06.948738,Recipe_A,a717ca67-edd7-4f3d-81bc-b95bafc99df1,15,3.0,,,,5.27,8.25,8.37,10.68,10.06,11.79
2025-12-16T17:56:07.948738,Recipe_A,a717ca67-edd7-4f3d-81bc-b95bafc99df1,15,3.0,,,,9.02,7.25,9.7,10.9,11.34,10.9
2025-12-16T17:56:08.948738,Recipe_A,a717ca67-edd7-4f3d-81bc-b95bafc99df1,15,3.0,,,,11.14,6.04,9.24,11.33,5.13,11.52
2025-12-16T17:56:09.948738,Recipe_A,a717ca67-edd7-4f3d-81bc-b95bafc99df1,15,3.0,,,,10.2,7.8,11.11,13.16,10.67,7.63
2025-12-16T17:56:10.948738,Recipe_A,a717ca67-edd7-4f3d-81bc-b95bafc99df1,15,3.0,,,,15.92,13.78,12.07,14.02,13.45,11.94
2025-12-16T17:56:11.948738,Recipe_A,a717ca67-edd7-4f3d-81bc-b95bafc99df1,15,3.0,,,,9.66,9.76,14.83,11.25,11.07,8.97
2025-12-16T17:56:12.948738,Recipe_A,a717ca67-edd7-4f3d-81bc-b95bafc99df1,15,3.0,,,,9.32,11.23,10.51,6.71,10.32,11.61
2025-12-16T17:56:13.948738,Recipe_A,a717ca67-edd7-4f3d-81bc-b95bafc99df1,15,3.0,,,,9.6,11.33,7.36,9.21,11.11,14.96
2025-12-16T17:56:14.948738,Recipe_A,a717ca67-edd7-4f3d-81bc-b95bafc99df1,15,3.0,,,,7.18,10.14,9.0,10.19,8.29,9.67
2025-12-16T17:56:15.948738,Recipe_A,a717ca67-edd7-4f3d-81bc-b95bafc99df1,15,3.0,,,,6.69,13.1,10.88,9.18,12.59,12.3
2025-12-16T17:56:16.948738,Recipe_A,a717ca67-edd7-4f3d-81bc-b95bafc99df1,15,3.0,,,,8.28,12.41,11.84,10.85,5.17,7.61
2025-12-16T17:56:17.948738,Recipe_A,a717ca67-edd7-4f3d-81bc-b95bafc99df1,15,3.0,,,,11.35,5.97,13.13,10.04,11.06,11.22
2025-12-16T17:56:18.948738,Recipe_A,a717ca67-edd7-4f3d-81bc-b95bafc99df1,15,3.0,,,,8.1,11.73,11.89,8.14,6.45,11.57
2025-12-16T17:56:19.948738,Recipe_A,a717ca67-edd7-4f3d-81bc-b95bafc99df1,15,3.0,,,,11.33,10.34,6.47,12.64,11.73,10.74
2025-12-16T17:56:20.948738,Recipe_A,a717ca67-edd7-4f3d-81bc-b95bafc99df1,15,3.0,,,,9.01,8.05,14.44,10.79,11.42,9.36
2025-12-16T17:56:21.948738,Recipe_A,a717ca67-edd7-4f3d-81bc-b95bafc99df1,15,3.0,,,,10.3,10.32,11.34,11.24,7.43,9.25
2025-12-16T17:56:22.948738,Recipe_A,a717ca67-edd7-4f3d-81bc-b95bafc99df1,15,3.0,,,,10.19,12.53,13.1,9.78,8.42,9.27
2025-12-16T17:56:23.948738,Recipe_A,a717ca67-edd7-4f3d-81bc-b95bafc99df1,15,3.0,,,,5.83,6.79,10.08,8.42,11.26,13.08
2025-12-16T17:56:24.948738,Recipe_A,a717ca67-edd7-4f3d-81bc-b95bafc99df1,15,3.0,,,,10.95,12.94,9.17,9.89,11.78,8.67
2025-12-16T17:56:25.948738,Recipe_A,a717ca67-edd7-4f3d-81bc-b95bafc99df1,15,3.0,,,,10.61,11.28,11.08,6.71,7.26,7.14
2025-12-16T17:56:26.948738,Recipe_A,a717ca67-edd7-4f3d-81bc-b95bafc99df1,15,3.0,,,,8.42,12.7,11.26,9.48,9.89,13.07
2025-12-16T17:56:27.948738,Recipe_A,a717ca67-edd7-4f3d-81bc-b95bafc99df1,15,3.0,,,,8.47,10.65,12.48,11.89,9.21,13.83
2025-12-16T17:56:28.948738,Recipe_A,a717ca67-edd7-4f3d-81bc-b95bafc99df1,15,3.0,,,,11.77,14.65,7.14,10.5,10.63,8.59
2025-12-16T17:56:29.948738,Recipe_A,a717ca67-edd7-4f3d-81bc-b95bafc99df1,15,3.0,,,,10.82,5.06,12.43,7.61,10.22,13.21
2025-12-16T17:56:30.948738,Recipe_A,a717ca67-edd7-4f3d-81bc-b95bafc99df1,15,3.0,,,,10.33,10.6,7.0,9.97,10.01,10.46
2025-12-16T17:56:31.948738,Recipe_A,a717ca67-edd7-4f3d-81bc-b95bafc99df1,15,3.0,,,,12.18,9.88,9.77,7.38,12.02,11.01
2025-12-16T17:56:32.948738,Recipe_A,a717ca67-edd7-4f3d-81bc-b95bafc99df1,15,3.0,,,,12.59,10.19,14.72,10.43,10.39,10.7
2025-12-16T17:56:33.948738,Recipe_A,a717ca67-edd7-4f3d-81bc-b95bafc99df1,15,3.0,,,,5.1,8.16,14.35,8.52,9.94,12.03
2025-12-16T17:56:34.948738,Recipe_A,a717ca67-edd7-4f3d-81bc-b95bafc99df1,15,3.0,,,,10.68,11.6,6.8,10.54,7.12,12.09
2025-12-16T17:56:35.948738,Recipe_A,a717ca67-edd7-4f3d-81bc-b95bafc99df1,15,3.0,,,,14.47,11.62,8.2,8.6,10.38,15.68
2025-12-16T17:56:36.948738,Recipe_A,a717ca67-edd7-4f3d-81bc-b95bafc99df1,15,3.0,,,,7.71,10.89,8.04,13.01,9.23,9.19
2025-12-16T17:56:37.948738,Recipe_A,a717ca67-edd7-4f3d-81bc-b95bafc99df1,15,3.0,,,,14.22,10.46,9.81,12.42,10.33,12.24
2025-12-16T17:56:38.948738,Recipe_A,a717ca67-edd7-4f3d-81bc-b95bafc99df1,15,3.0,,,,12.19,5.69,12.75,8.01,8.51,13.0
2025-12-16T17:56:39.948738,Recipe_A,a717ca67-edd7-4f3d-81bc-b95bafc99df1,15,3.0,,,,7.74,9.46,12.78,11.44,8.63,7.69
2025-12-16T17:56:40.948738,Recipe_A,a717ca67-edd7-4f3d-81bc-b95bafc99df1,15,3.0,,,,9.43,10.59,8.55,8.45,4.5,10.35
2025-12-16T17:56:41.948738,Recipe_A,a717ca67-edd7-4f3d-81bc-b95bafc99df1,15,3.0,,,,8.51,12.74,11.43,13.03,11.18,10.22
2025-12-16T17:56:42.948738,Recipe_A,a717ca67-edd7-4f3d-81bc-b95bafc99df1,15,3.0,,,,12.01,10.01,8.49,10.01,6.37,13.22
2025-12-16T17:56:43.948738,Recipe_A,a717ca67-edd7-4f3d-81bc-b95bafc99df1,15,3.0,,,,9.08,9.27,10.13,7.19,7.94,13.87
2025-12-16T17:56:44.948738,Recipe_A,a717ca67-edd7-4f3d-81bc-b95bafc99df1,15,3.0,,,,14.34,9.18,11.4,7.99,14.58,10.89
2025-12-16T17:56:45.948738,Recipe_A,a717ca67-edd7-4f3d-81bc-b95bafc99df1,15,3.0,,,,9.84,8.87,10.2,10.06,5.88,5.75
2025-12-16T17:56:46.948738,Recipe_A,a717ca67-edd7-4f3d-81bc-b95bafc99df1,15,4.0,,,,96.4,50.03,51.55,51.01,57.45,45.42
2025-12-16T17:56:47.948738,Recipe_A,a717ca67-edd7-4f3d-81bc-b95bafc99df1,15,4.0,,,,94.71,53.75,43.28,46.13,46.54,57.67
2025-12-16T17:56:48.948738,Recipe_A,a717ca67-edd7-4f3d-81bc-b95bafc99df1,15,4.0,,,,97.33,49.89,45.55,51.35,48.73,49.29
2025-12-16T17:56:49.948738,Recipe_A,a717ca67-edd7-4f3d-81bc-b95bafc99df1,15,4.0,,,,113.58,49.36,52.55,47.68,55.13,52.12
2025-12-16T17:56:50.948738,Recipe_A,a717ca67-edd7-4f3d-81bc-b95bafc99df1,15,4.0,,,,107.94,51.06,53.29,51.82,55.82,48.57
2025-12-16T17:56:51.948738,Recipe_A,a717ca67-edd7-4f3d-81bc-b95bafc99df1,15,4.0,,,,101.42,46.87,56.08,42.75,42.64,44.77
2025-12-16T17:56:52.948738,Recipe_A,a717ca67-edd7-4f3d-81bc-b95bafc99df1,15,4.0,,,,95.3,46.38,37.58,51.76,54.47,48.57
2025-12-16T17:56:53.948738,Recipe_A,a717ca67-edd7-4f3d-81bc-b95bafc99df1,15,4.0,,,,102.37,50.03,43.29,48.0,48.77,52.32
2025-12-16T17:56:54.948738,Recipe_A,a717ca67-edd7-4f3d-81bc-b95bafc99df1,15,4.0,,,,102.03,48.28,45.82,50.7,50.54,47.17
2025-12-16T17:56:55.948738,Recipe_A,a717ca67-edd7-4f3d-81bc-b95bafc99df1,15,1.0,,,,9.7,8.38,6.37,10.19,12.62,9.91
2025-12-16T17:56:56.948738,Recipe_A,a717ca67-edd7-4f3d-81bc-b95bafc99df1,15,1.0,,,,12.95,9.16,9.94,11.59,9.55,9.11
2025-12-16T17:56:57.948738,Recipe_A,a717ca67-edd7-4f3d-81bc-b95bafc99df1,15,1.0,,,,10.41,11.67,13.93,10.38,13.76,7.84
2025-12-16T17:56:58.948738,Recipe_A,a717ca67-edd7-4f3d-81bc-b95bafc99df1,15,1.0,,,,8.29,9.48,9.13,10.47,12.79,7.87
2025-12-16T17:56:59.948738,Recipe_A,a717ca67-edd7-4f3d-81bc-b95bafc99df1,15,1.0,,,,11.43,12.22,10.39,10.51,11.07,10.35
2025-12-16T17:57:00.948738,Recipe_A,a717ca67-edd7-4f3d-81bc-b95bafc99df1,15,1.0,,,,10.32,8.37,14.59,7.41,11.01,11.7
2025-12-16T17:57:01.948738,Recipe_A,a717ca67-edd7-4f3d-81bc-b95bafc99df1,15,1.0,,,,10.48,8.13,9.51,7.43,12.58,14.05
2025-12-16T17:57:02.948738,Recipe_A,a717ca67-edd7-4f3d-81bc-b95bafc99df1,15,1.0,,,,6.76,10.94,10.19,11.61,10.5,11.02
2025-12-16T17:57:03.948738,Recipe_A,a717ca67-edd7-4f3d-81bc-b95bafc99df1,15,1.0,,,,7.22,11.14,8.17,7.78,3.25,8.07
2025-12-16T17:57:04.948738,Recipe_A,a717ca67-edd7-4f3d-81bc-b95bafc99df1,15,1.0,,,,6.08,7.49,12.21,11.0,7.94,7.42
2025-12-16T17:57:05.948738,Recipe_A,a717ca67-edd7-4f3d-81bc-b95bafc99df1,15,1.0,,,,10.19,14.1,11.61,11.28,5.31,12.99
2025-12-16T17:57:06.948738,Recipe_A,a717ca67-edd7-4f3d-81bc-b95bafc99df1,15,1.0,,,,11.39,7.63,9.63,8.99,11.37,10.01
2025-12-16T17:57:07.948738,Recipe_A,a717ca67-edd7-4f3d-81bc-b95bafc99df1,15,1.0,,,,11.52,6.78,12.27,6.73,9.97,10.45
2025-12-16T17:57:08.948738,Recipe_A,a717ca67-edd7-4f3d-81bc-b95bafc99df1,15,1.0,,,,10.64,8.32,6.75,9.17,9.95,9.65
2025-12-16T17:57:09.948738,Recipe_A,a717ca67-edd7-4f3d-81bc-b95bafc99df1,15,1.0,,,,10.06,11.63,6.46,10.52,12.16,13.47
2025-12-16T17:57:10.948738,Recipe_A,a717ca67-edd7-4f3d-81bc-b95bafc99df1,15,4.0,,,,99.74,52.38,47.26,46.97,55.98,56.62
2025-12-16T17:57:11.948738,Recipe_A,a717ca67-edd7-4f3d-81bc-b95bafc99df1,15,4.0,,,,105.26,47.24,45.33,42.5,45.34,45.04
2025-12-16T17:57:12.948738,Recipe_A,a717ca67-edd7-4f3d-81bc-b95bafc99df1,15,4.0,,,,101.96,49.11,42.65,50.35,42.17,41.27
2025-12-16T17:57:13.948738,Recipe_A,a717ca67-edd7-4f3d-81bc-b95bafc99df1,15,4.0,,,,91.7,51.82,48.97,39.9,49.8,52.03
2025-12-16T17:57:14.948738,Recipe_A,a717ca67-edd7-4f3d-81bc-b95bafc99df1,15,4.0,,,,104.89,53.23,51.67,55.3,45.97,40.02
2025-12-16T17:57:15.948738,Recipe_A,a717ca67-edd7-4f3d-81bc-b95bafc99df1,15,4.0,,,,99.36,52.74,45.44,52.38,52.82,59.23
2025-12-16T17:57:16.948738,Recipe_A,a717ca67-edd7-4f3d-81bc-b95bafc99df1,15,4.0,,,,106.49,50.73,46.09,48.19,56.32,52.81
2025-12-16T17:57:17.948738,Recipe_A,a717ca67-edd7-4f3d-81bc-b95bafc99df1,15,4.0,,,,107.67,49.05,50.63,44.27,45.42,50.01
2025-12-16T17:57:18.948738,Recipe_A,a717ca67-edd7-4f3d-81bc-b95bafc99df1,15,4.0,,,,95.58,54.14,47.99,52.54,53.25,45.42
2025-12-16T17:57:19.948738,Recipe_A,a717ca67-edd7-4f3d-81bc-b95bafc99df1,15,4.0,,,,104.24,45.74,47.25,44.68,59.36,45.56
2025-12-16T17:57:20.948738,Recipe_A,a717ca67-edd7-4f3d-81bc-b95bafc99df1,15,4.0,,,,100.1,52.65,53.48,47.5,53.9,51.86
2025-12-16T17:57:21.948738,Recipe_A,a717ca67-edd7-4f3d-81bc-b95bafc99df1,15,4.0,,,,98.81,48.52,48.38,51.62,45.21,50.38
2025-12-16T17:57:22.948738,Recipe_A,a717ca67-edd7-4f3d-81bc-b95bafc99df1,15,4.0,,,,98.4,43.15,48.28,52.37,45.86,50.2
2025-12-16T17:57:23.948738,Recipe_A,a717ca67-edd7-4f3d-81bc-b95bafc99df1,15,3.0,,,,7.12,9.84,12.35,13.48,12.31,12.87
2025-12-16T17:57:24.948738,Recipe_A,a717ca67-edd7-4f3d-81bc-b95bafc99df1,15,3.0,,,,8.61,9.66,10.28,14.16,8.2,8.23
2025-12-16T17:57:25.948738,Recipe_A,a717ca67-edd7-4f3d-81bc-b95bafc99df1,15,3.0,,,,9.23,10.16,9.85,9.16,7.37,6.56
2025-12-16T17:57:26.948738,Recipe_A,a717ca67-edd7-4f3d-81bc-b95bafc99df1,15,3.0,,,,9.07,10.86,7.58,6.14,11.37,9.05
2025-12-16T17:57:27.948738,Recipe_A,a717ca67-edd7-4f3d-81bc-b95bafc99df1,15,3.0,,,,10.29,11.12,11.45,10.35,8.58,7.9
2025-12-16T17:57:28.948738,Recipe_A,a717ca67-edd7-4f3d-81bc-b95bafc99df1,15,3.0,,,,13.08,11.81,10.36,10.11,8.63,11.58
2025-12-16T17:57:29.948738,Recipe_A,a717ca67-edd7-4f3d-81bc-b95bafc99df1,15,3.0,,,,9.34,9.82,9.48,9.61,9.85,9.35
2025-12-16T17:57:30.948738,Recipe_A,a717ca67-edd7-4f3d-81bc-b95bafc99df1,15,3.0,,,,11.17,11.16,9.97,8.54,11.32,5.16
2025-12-16T17:57:31.948738,Recipe_A,a717ca67-edd7-4f3d-81bc-b95bafc99df1,15,3.0,,,,8.95,13.1,10.51,13.42,8.26,9.25
2025-12-16T17:57:32.948738,Recipe_A,a717ca67-edd7-4f3d-81bc-b95bafc99df1,15,3.0,,,,8.34,6.57,12.33,5.61,9.12,13.59
2025-12-16T17:57:33.948738,Recipe_A,a717ca67-edd7-4f3d-81bc-b95bafc99df1,15,3.0,,,,12.86,7.86,12.06,10.04,12.31,11.08
2025-12-16T17:57:34.948738,Recipe_A,a717ca67-edd7-4f3d-81bc-b95bafc99df1,15,3.0,,,,9.69,12.72,6.67,8.41,7.74,9.61
2025-12-16T17:57:35.948738,Recipe_A,a717ca67-edd7-4f3d-81bc-b95bafc99df1,15,3.0,,,,9.22,7.06,7.16,12.19,10.47,12.06
2025-12-16T17:57:36.948738,Recipe_A,a717ca67-edd7-4f3d-81bc-b95bafc99df1,15,3.0,,,,7.38,8.38,7.31,8.52,6.47,13.17
2025-12-16T17:57:37.948738,Recipe_A,a717ca67-edd7-4f3d-81bc-b95bafc99df1,15,3.0,,,,8.96,12.02,11.57,10.91,11.64,14.58
2025-12-16T17:57:38.948738,Recipe_A,a717ca67-edd7-4f3d-81bc-b95bafc99df1,15,3.0,,,,12.56,10.99,14.61,8.5,13.35,11.13
2025-12-16T17:57:39.948738,Recipe_A,a717ca67-edd7-4f3d-81bc-b95bafc99df1,15,3.0,,,,9.24,10.47,12.06,9.16,12.25,11.65
2025-12-16T17:57:40.948738,Recipe_A,a717ca67-edd7-4f3d-81bc-b95bafc99df1,15,3.0,,,,8.3,10.38,7.57,9.88,12.43,7.82
2025-12-16T17:57:41.948738,Recipe_A,a717ca67-edd7-4f3d-81bc-b95bafc99df1,15,3.0,,,,8.26,8.87,9.97,10.38,11.41,11.6
2025-12-16T17:57:42.948738,Recipe_A,a717ca67-edd7-4f3d-81bc-b95bafc99df1,15,3.0,,,,8.31,10.36,11.01,11.54,8.05,10.79
2025-12-16T17:57:43.948738,Recipe_A,a717ca67-edd7-4f3d-81bc-b95bafc99df1,15,3.0,,,,11.63,5.88,8.34,10.92,11.83,13.13
2025-12-16T17:57:44.948738,Recipe_A,a717ca67-edd7-4f3d-81bc-b95bafc99df1,15,3.0,,,,10.04,8.58,7.96,11.28,11.95,7.4
2025-12-16T17:57:45.948738,Recipe_A,a717ca67-edd7-4f3d-81bc-b95bafc99df1,15,3.0,,,,12.0,11.62,10.46,7.94,12.63,11.99
2025-12-16T17:57:46.948738,Recipe_A,a717ca67-edd7-4f3d-81bc-b95bafc99df1,15,3.0,,,,12.65,10.02,11.29,9.3,8.89,7.96
2025-12-16T17:57:47.948738,Recipe_A,a717ca67-edd7-4f3d-81bc-b95bafc99df1,15,3.0,,,,8.18,13.28,11.05,9.47,12.88,11.32
2025-12-16T17:57:48.948738,Recipe_A,a717ca67-edd7-4f3d-81bc-b95bafc99df1,15,3.0,,,,11.32,9.37,9.66,11.51,5.36,10.83
2025-12-16T17:57:49.948738,Recipe_A,a717ca67-edd7-4f3d-81bc-b95bafc99df1,15,3.0,,,,13.41,8.31,10.16,8.74,8.12,9.52
2025-12-16T17:57:50.948738,Recipe_A,a717ca67-edd7-4f3d-81bc-b95bafc99df1,15,3.0,,,,9.25,11.49,12.44,12.06,9.74,9.5
2025-12-16T17:57:51.948738,Recipe_A,a717ca67-edd7-4f3d-81bc-b95bafc99df1,15,3.0,,,,11.5,9.83,10.15,10.47,11.35,11.42
2025-12-16T17:57:52.948738,Recipe_A,a717ca67-edd7-4f3d-81bc-b95bafc99df1,15,3.0,,,,7.99,8.91,9.83,10.99,8.54,11.47
2025-12-16T17:57:53.948738,Recipe_A,a717ca67-edd7-4f3d-81bc-b95bafc99df1,15,3.0,,,,9.12,7.76,10.92,10.18,9.06,8.79
2025-12-16T17:57:54.948738,Recipe_A,a717ca67-edd7-4f3d-81bc-b95bafc99df1,15,3.0,,,,9.26,11.6,12.04,12.37,6.87,7.82
2025-12-16T17:57:55.948738,Recipe_A,a717ca67-edd7-4f3d-81bc-b95bafc99df1,15,3.0,,,,9.96,10.27,8.26,9.47,7.85,9.75
2025-12-16T17:57:56.948738,Recipe_A,a717ca67-edd7-4f3d-81bc-b95bafc99df1,15,3.0,,,,6.39,9.61,12.53,9.02,8.22,9.2
2025-12-16T17:57:57.948738,Recipe_A,a717ca67-edd7-4f3d-81bc-b95bafc99df1,15,3.0,,,,8.69,10.85,11.6,10.78,8.29,8.63
2025-12-16T17:57:58.948738,Recipe_A,a717ca67-edd7-4f3d-81bc-b95bafc99df1,15,3.0,,,,6.88,11.26,12.93,11.36,11.83,9.68
2025-12-16T17:57:59.948738,Recipe_A,a717ca67-edd7-4f3d-81bc-b95bafc99df1,15,3.0,,,,7.05,12.19,12.68,11.16,9.68,13.4
2025-12-16T17:58:00.948738,Recipe_A,a717ca67-edd7-4f3d-81bc-b95bafc99df1,15,3.0,,,,6.04,8.37,11.36,8.55,5.85,8.22
2025-12-16T17:58:01.948738,Recipe_A,a717ca67-edd7-4f3d-81bc-b95bafc99df1,15,3.0,,,,11.22,10.09,9.92,9.34,12.68,10.31
2025-12-16T17:58:02.948738,Recipe_A,a717ca67-edd7-4f3d-81bc-b95bafc99df1,15,3.0,,,,5.06,9.42,11.12,10.56,11.06,10.62
2025-12-16T17:58:03.948738,Recipe_A,a717ca67-edd7-4f3d-81bc-b95bafc99df1,15,3.0,,,,6.69,10.1,6.95,10.91,9.18,8.63
2025-12-16T17:58:04.948738,Recipe_A,a717ca67-edd7-4f3d-81bc-b95bafc99df1,15,3.0,,,,11.62,10.34,11.23,12.07,8.5,9.61
2025-12-16T17:58:05.948738,Recipe_A,a717ca67-edd7-4f3d-81bc-b95bafc99df1,15,3.0,,,,11.52,12.68,9.92,9.48,8.61,10.99
2025-12-16T17:58:06.948738,Recipe_A,a717ca67-edd7-4f3d-81bc-b95bafc99df1,15,3.0,,,,15.21,11.2,9.75,7.14,9.36,9.63
2025-12-16T17:58:07.948738,Recipe_A,a717ca67-edd7-4f3d-81bc-b95bafc99df1,15,3.0,,,,9.74,7.98,10.92,11.22,11.26,8.73
2025-12-16T17:58:08.948738,Recipe_A,a717ca67-edd7-4f3d-81bc-b95bafc99df1,15,3.0,,,,5.64,9.53,12.36,9.47,8.29,12.7
2025-12-16T17:58:09.948738,Recipe_A,a717ca67-edd7-4f3d-81bc-b95bafc99df1,15,0.0,,,,0.0,0.0,0.0,0.0,0.0,0.0
2025-12-16T17:58:10.948738,Recipe_A,a717ca67-edd7-4f3d-81bc-b95bafc99df1,15,0.0,,,,0.0,0.0,0.0,0.0,0.0,0.0
2025-12-16T17:58:11.948738,Recipe_A,a717ca67-edd7-4f3d-81bc-b95bafc99df1,15,0.0,,,,0.0,0.0,0.0,0.0,0.0,0.0
2025-12-16T17:58:12.948738,Recipe_A,a717ca67-edd7-4f3d-81bc-b95bafc99df1,15,0.0,,,,0.0,0.0,0.0,0.0,0.0,0.0
2025-12-16T17:58:13.948738,Recipe_A,a717ca67-edd7-4f3d-81bc-b95bafc99df1,15,0.0,,,,0.0,0.0,0.0,0.0,0.0,0.0
2025-12-16T17:58:14.948738,Recipe_A,a717ca67-edd7-4f3d-81bc-b95bafc99df1,15,0.0,,,,0.0,0.0,0.0,0.0,0.0,0.0
2025-12-16T17:58:15.948738,Recipe_A,a717ca67-edd7-4f3d-81bc-b95bafc99df1,15,0.0,,,,0.0,0.0,0.0,0.0,0.0,0.0
2025-12-16T17:58:16.948738,Recipe_A,a717ca67-edd7-4f3d-81bc-b95bafc99df1,15,0.0,,,,0.0,0.0,0.0,0.0,0.0,0.0
2025-12-16T17:58:17.948738,Recipe_A,a717ca67-edd7-4f3d-81bc-b95bafc99df1,15,0.0,,,,0.0,0.0,0.0,0.0,0.0,0.0
2025-12-16T17:58:18.948738,Recipe_A,a717ca67-edd7-4f3d-81bc-b95bafc99df1,15,0.0,,,,0.0,0.0,0.0,0.0,0.0,0.0
2025-12-16T17:58:19.948738,Recipe_A,a717ca67-edd7-4f3d-81bc-b95bafc99df1,15,0.0,,,,0.0,0.0,0.0,0.0,0.0,0.0
2025-12-16T17:58:20.948738,Recipe_A,a717ca67-edd7-4f3d-81bc-b95bafc99df1,15,0.0,,,,0.0,0.0,0.0,0.0,0.0,0.0
2025-12-16T17:58:21.948738,Recipe_A,a717ca67-edd7-4f3d-81bc-b95bafc99df1,15,0.0,,,,0.0,0.0,0.0,0.0,0.0,0.0
2025-12-16T17:58:22.948738,Recipe_A,a717ca67-edd7-4f3d-81bc-b95bafc99df1,15,0.0,,,,0.0,0.0,0.0,0.0,0.0,0.0
2025-12-16T17:58:23.948738,Recipe_A,a717ca67-edd7-4f3d-81bc-b95bafc99df1,15,0.0,,,,0.0,0.0,0.0,0.0,0.0,0.0
2025-12-16T17:58:24.948738,Recipe_A,a717ca67-edd7-4f3d-81bc-b95bafc99df1,15,0.0,,,,0.0,0.0,0.0,0.0,0.0,0.0
2025-12-16T17:58:25.948738,Recipe_A,a717ca67-edd7-4f3d-81bc-b95bafc99df1,15,0.0,,,,0.0,0.0,0.0,0.0,0.0,0.0
2025-12-16T17:58:26.948738,Recipe_A,a717ca67-edd7-4f3d-81bc-b95bafc99df1,15,0.0,,,,0.0,0.0,0.0,0.0,0.0,0.0
2025-12-16T17:58:27.948738,Recipe_A,a717ca67-edd7-4f3d-81bc-b95bafc99df1,15,0.0,,,,0.0,0.0,0.0,0.0,0.0,0.0
2025-12-16T17:58:28.948738,Recipe_A,a717ca67-edd7-4f3d-81bc-b95bafc99df1,15,0.0,,,,0.0,0.0,0.0,0.0,0.0,0.0
2025-12-16T17:58:29.948738,Recipe_A,a717ca67-edd7-4f3d-81bc-b95bafc99df1,15,0.0,,,,0.0,0.0,0.0,0.0,0.0,0.0
2025-12-16T17:58:30.948738,Recipe_A,a717ca67-edd7-4f3d-81bc-b95bafc99df1,15,0.0,,,,0.0,0.0,0.0,0.0,0.0,0.0
2025-12-16T17:58:31.948738,Recipe_A,a717ca67-edd7-4f3d-81bc-b95bafc99df1,15,0.0,,,,0.0,0.0,0.0,0.0,0.0,0.0
2025-12-16T17:58:32.948738,Recipe_A,a717ca67-edd7-4f3d-81bc-b95bafc99df1,15,0.0,,,,0.0,0.0,0.0,0.0,0.0,0.0
2025-12-16T17:58:33.948738,Recipe_A,a717ca67-edd7-4f3d-81bc-b95bafc99df1,15,0.0,,,,0.0,0.0,0.0,0.0,0.0,0.0
2025-12-16T17:58:34.948738,Recipe_A,a717ca67-edd7-4f3d-81bc-b95bafc99df1,15,0.0,,,,0.0,0.0,0.0,0.0,0.0,0.0
2025-12-16T17:58:35.948738,Recipe_A,a717ca67-edd7-4f3d-81bc-b95bafc99df1,15,2.0,,,,8.17,12.03,8.49,8.95,11.25,12.75
2025-12-16T17:58:36.948738,Recipe_A,a717ca67-edd7-4f3d-81bc-b95bafc99df1,15,2.0,,,,11.56,9.24,13.54,8.1,11.05,6.35
2025-12-16T17:58:36.948738,Recipe_A,a717ca67-edd7-4f3d-81bc-b95bafc99df1,15,2.0,Warning_1,Simulated Warning occurred,Warning,,,,,,
2025-12-16T17:58:37.948738,Recipe_A,a717ca67-edd7-4f3d-81bc-b95bafc99df1,15,2.0,,,,8.95,6.53,7.45,8.43,6.0,11.82
2025-12-16T17:58:38.948738,Recipe_A,a717ca67-edd7-4f3d-81bc-b95bafc99df1,15,2.0,,,,9.2,9.93,12.3,10.13,7.97,13.93
2025-12-16T17:58:39.948738,Recipe_A,a717ca67-edd7-4f3d-81bc-b95bafc99df1,15,2.0,,,,8.08,7.53,12.4,9.81,10.08,8.95
2025-12-16T17:58:40.948738,Recipe_A,a717ca67-edd7-4f3d-81bc-b95bafc99df1,15,2.0,,,,8.84,12.53,11.37,10.93,9.36,12.69
2025-12-16T17:58:41.948738,Recipe_A,a717ca67-edd7-4f3d-81bc-b95bafc99df1,15,2.0,,,,8.66,5.87,12.49,11.65,10.6,9.02
2025-12-16T17:58:42.948738,Recipe_A,a717ca67-edd7-4f3d-81bc-b95bafc99df1,15,2.0,,,,8.47,10.38,8.43,11.87,8.13,12.61
2025-12-16T17:58:43.948738,Recipe_A,a717ca67-edd7-4f3d-81bc-b95bafc99df1,15,2.0,,,,8.27,10.81,9.25,7.22,12.52,8.67
2025-12-16T17:58:44.948738,Recipe_A,a717ca67-edd7-4f3d-81bc-b95bafc99df1,15,2.0,,,,8.87,6.78,13.87,7.82,10.78,13.11
2025-12-16T17:58:45.948738,Recipe_A,a717ca67-edd7-4f3d-81bc-b95bafc99df1,15,2.0,,,,8.6,9.12,7.73,10.09,10.41,6.98
2025-12-16T17:58:46.948738,Recipe_A,a717ca67-edd7-4f3d-81bc-b95bafc99df1,15,2.0,,,,6.96,13.1,7.23,10.24,11.93,8.08
2025-12-16T17:58:47.948738,Recipe_A,a717ca67-edd7-4f3d-81bc-b95bafc99df1,15,2.0,,,,10.35,10.92,11.19,9.27,8.17,6.59
2025-12-16T17:58:48.948738,Recipe_A,a717ca67-edd7-4f3d-81bc-b95bafc99df1,15,2.0,,,,6.61,7.65,9.77,6.73,11.54,9.01
2025-12-16T17:58:49.948738,Recipe_A,a717ca67-edd7-4f3d-81bc-b95bafc99df1,15,2.0,,,,10.05,10.06,8.76,9.92,7.6,9.98
2025-12-16T17:58:50.948738,Recipe_A,a717ca67-edd7-4f3d-81bc-b95bafc99df1,15,2.0,,,,8.15,8.2,9.15,8.29,13.19,9.21
2025-12-16T17:58:51.948738,Recipe_A,a717ca67-edd7-4f3d-81bc-b95bafc99df1,15,2.0,,,,10.78,13.33,6.84,14.68,9.06,11.38
2025-12-16T17:58:52.948738,Recipe_A,a717ca67-edd7-4f3d-81bc-b95bafc99df1,15,2.0,,,,11.92,10.23,9.93,8.47,7.72,11.92
2025-12-16T17:58:53.948738,Recipe_A,a717ca67-edd7-4f3d-81bc-b95bafc99df1,15,2.0,,,,11.38,13.02,11.31,10.59,11.52,11.38
2025-12-16T17:58:54.948738,Recipe_A,a717ca67-edd7-4f3d-81bc-b95bafc99df1,15,2.0,,,,8.8,11.01,11.73,6.75,7.62,8.75
2025-12-16T17:58:55.948738,Recipe_A,a717ca67-edd7-4f3d-81bc-b95bafc99df1,15,2.0,,,,8.24,10.69,9.69,11.35,12.57,9.67
2025-12-16T17:58:56.948738,Recipe_A,a717ca67-edd7-4f3d-81bc-b95bafc99df1,15,2.0,,,,10.76,12.03,4.76,12.59,7.15,10.47
2025-12-16T17:58:57.948738,Recipe_A,a717ca67-edd7-4f3d-81bc-b95bafc99df1,15,2.0,,,,10.76,6.67,9.9,11.89,7.49,8.67
2025-12-16T17:58:58.948738,Recipe_A,a717ca67-edd7-4f3d-81bc-b95bafc99df1,15,4.0,,,,106.9,41.2,40.0,50.34,43.96,50.7
2025-12-16T17:58:59.948738,Recipe_A,a717ca67-edd7-4f3d-81bc-b95bafc99df1,15,4.0,,,,95.73,44.1,37.28,44.48,51.79,54.47
2025-12-16T17:59:00.948738,Recipe_A,a717ca67-edd7-4f3d-81bc-b95bafc99df1,15,4.0,,,,95.72,54.5,44.08,49.93,53.08,44.81
2025-12-16T17:59:01.948738,Recipe_A,a717ca67-edd7-4f3d-81bc-b95bafc99df1,15,4.0,,,,97.44,54.71,49.25,52.72,54.24,51.38
2025-12-16T17:59:02.948738,Recipe_A,a717ca67-edd7-4f3d-81bc-b95bafc99df1,15,4.0,,,,105.46,42.2,43.23,52.72,44.56,54.21
2025-12-16T17:59:03.948738,Recipe_A,a717ca67-edd7-4f3d-81bc-b95bafc99df1,15,4.0,,,,94.72,48.17,52.76,54.08,53.35,49.16
2025-12-16T17:59:04.948738,Recipe_A,a717ca67-edd7-4f3d-81bc-b95bafc99df1,15,4.0,,,,103.1,46.01,52.46,51.31,52.63,46.89
2025-12-16T17:59:05.948738,Recipe_A,a717ca67-edd7-4f3d-81bc-b95bafc99df1,15,0.0,,,,0.0,0.0,0.0,0.0,0.0,0.0
2025-12-16T17:59:06.948738,Recipe_A,a717ca67-edd7-4f3d-81bc-b95bafc99df1,15,0.0,,,,0.0,0.0,0.0,0.0,0.0,0.0
2025-12-16T17:59:07.948738,Recipe_A,a717ca67-edd7-4f3d-81bc-b95bafc99df1,15,0.0,,,,0.0,0.0,0.0,0.0,0.0,0.0
2025-12-16T17:59:08.948738,Recipe_A,a717ca67-edd7-4f3d-81bc-b95bafc99df1,15,4.0,,,,106.51,54.65,53.78,41.85,47.79,51.73
2025-12-16T17:59:09.948738,Recipe_A,a717ca67-edd7-4f3d-81bc-b95bafc99df1,15,4.0,,,,94.68,60.07,53.48,44.91,45.72,43.56
2025-12-16T17:59:10.948738,Recipe_A,a717ca67-edd7-4f3d-81bc-b95bafc99df1,15,4.0,,,,96.31,45.95,48.55,52.96,58.32,57.14
2025-12-16T17:59:11.948738,Recipe_A,a717ca67-edd7-4f3d-81bc-b95bafc99df1,15,4.0,,,,101.98,50.21,50.51,50.62,52.36,46.66
2025-12-16T17:59:12.948738,Recipe_A,a717ca67-edd7-4f3d-81bc-b95bafc99df1,15,2.0,,,,6.51,15.15,10.46,7.42,11.16,5.95
2025-12-16T17:59:12.948738,Recipe_A,a717ca67-edd7-4f3d-81bc-b95bafc99df1,15,2.0,Warning_10,Simulated Warning occurred,Warning,,,,,,
2025-12-16T17:59:13.948738,Recipe_A,a717ca67-edd7-4f3d-81bc-b95bafc99df1,15,2.0,,,,10.52,8.55,9.91,8.81,13.09,9.28
2025-12-16T17:59:14.948738,Recipe_A,a717ca67-edd7-4f3d-81bc-b95bafc99df1,15,2.0,,,,11.3,11.73,10.64,10.7,8.55,7.48
2025-12-16T17:59:15.948738,Recipe_A,a717ca67-edd7-4f3d-81bc-b95bafc99df1,15,2.0,,,,8.05,11.72,7.91,8.68,10.91,12.05
2025-12-16T17:59:16.948738,Recipe_A,a717ca67-edd7-4f3d-81bc-b95bafc99df1,15,2.0,,,,6.84,11.56,11.33,6.82,12.89,14.02
2025-12-16T17:59:17.948738,Recipe_A,a717ca67-edd7-4f3d-81bc-b95bafc99df1,15,2.0,,,,9.12,9.57,12.18,8.44,9.68,12.17
2025-12-16T17:59:18.948738,Recipe_A,a717ca67-edd7-4f3d-81bc-b95bafc99df1,15,2.0,,,,10.72,8.53,7.0,5.65,11.98,7.23
2025-12-16T17:59:19.948738,Recipe_A,a717ca67-edd7-4f3d-81bc-b95bafc99df1,15,2.0,,,,8.29,12.82,12.63,7.37,7.63,11.81
2025-12-16T17:59:20.948738,Recipe_A,a717ca67-edd7-4f3d-81bc-b95bafc99df1,15,2.0,,,,7.8,12.17,11.36,11.38,13.39,13.17
2025-12-16T17:59:21.948738,Recipe_A,a717ca67-edd7-4f3d-81bc-b95bafc99df1,15,2.0,,,,12.3,6.48,8.81,9.75,6.94,11.16
2025-12-16T17:59:22.948738,Recipe_A,a717ca67-edd7-4f3d-81bc-b95bafc99df1,15,2.0,,,,11.12,6.14,10.32,8.15,13.14,12.7
2025-12-16T17:59:23.948738,Recipe_A,a717ca67-edd7-4f3d-81bc-b95bafc99df1,15,2.0,,,,12.13,12.06,7.75,9.5,9.83,9.4
2025-12-16T17:59:24.948738,Recipe_A,a717ca67-edd7-4f3d-81bc-b95bafc99df1,15,4.0,,,,101.05,55.55,58.04,50.14,47.49,54.34
2025-12-16T17:59:25.948738,Recipe_A,a717ca67-edd7-4f3d-81bc-b95bafc99df1,15,4.0,,,,99.94,46.36,49.56,48.59,53.78,50.47
2025-12-16T17:59:26.948738,Recipe_A,a717ca67-edd7-4f3d-81bc-b95bafc99df1,15,4.0,,,,89.65,51.15,47.71,50.89,41.68,50.68
2025-12-16T17:59:27.948738,Recipe_A,a717ca67-edd7-4f3d-81bc-b95bafc99df1,15,4.0,,,,103.37,46.27,52.19,53.96,42.44,49.05
2025-12-16T17:59:28.948738,Recipe_A,a717ca67-edd7-4f3d-81bc-b95bafc99df1,15,4.0,,,,100.98,53.16,42.96,50.5,49.31,56.8
2025-12-16T17:59:29.948738,Recipe_A,a717ca67-edd7-4f3d-81bc-b95bafc99df1,15,4.0,,,,94.15,46.91,47.83,53.2,49.03,54.34
2025-12-16T17:59:30.948738,Recipe_A,a717ca67-edd7-4f3d-81bc-b95bafc99df1,15,4.0,,,,97.98,52.45,50.56,51.18,48.12,56.0
2025-12-16T17:59:31.948738,Recipe_A,a717ca67-edd7-4f3d-81bc-b95bafc99df1,15,4.0,,,,104.39,46.85,48.07,45.59,44.53,57.26
2025-12-16T17:59:32.948738,Recipe_A,a717ca67-edd7-4f3d-81bc-b95bafc99df1,15,4.0,,,,99.36,60.16,58.72,56.66,54.32,48.32
2025-12-16T17:59:33.948738,Recipe_A,a717ca67-edd7-4f3d-81bc-b95bafc99df1,15,4.0,,,,94.95,51.08,55.32,54.52,51.16,51.65
2025-12-16T17:59:34.948738,Recipe_A,a717ca67-edd7-4f3d-81bc-b95bafc99df1,15,4.0,,,,92.91,47.44,51.56,46.18,54.83,50.41
2025-12-16T17:59:35.948738,Recipe_A,a717ca67-edd7-4f3d-81bc-b95bafc99df1,15,4.0,,,,98.16,52.02,51.87,55.84,47.24,46.12
2025-12-16T17:59:36.948738,Recipe_A,a717ca67-edd7-4f3d-81bc-b95bafc99df1,15,4.0,,,,105.02,41.45,45.38,56.49,49.55,50.28
2025-12-16T17:59:37.948738,Recipe_A,a717ca67-edd7-4f3d-81bc-b95bafc99df1,15,4.0,,,,93.71,60.96,51.12,49.65,50.22,43.07
2025-12-16T17:59:38.948738,Recipe_A,a717ca67-edd7-4f3d-81bc-b95bafc99df1,15,2.0,,,,8.85,6.81,6.9,14.25,11.33,9.3
2025-12-16T17:59:39.948738,Recipe_A,a717ca67-edd7-4f3d-81bc-b95bafc99df1,15,2.0,,,,9.49,7.69,9.69,12.78,9.99,10.87
2025-12-16T17:59:40.948738,Recipe_A,a717ca67-edd7-4f3d-81bc-b95bafc99df1,15,2.0,,,,9.2,8.59,8.85,11.27,10.06,12.29
2025-12-16T17:59:41.948738,Recipe_A,a717ca67-edd7-4f3d-81bc-b95bafc99df1,15,2.0,,,,9.24,10.88,8.19,13.24,8.41,8.83
2025-12-16T17:59:42.948738,Recipe_A,a717ca67-edd7-4f3d-81bc-b95bafc99df1,15,2.0,,,,7.32,11.18,11.37,9.71,9.04,5.47
2025-12-16T17:59:43.948738,Recipe_A,a717ca67-edd7-4f3d-81bc-b95bafc99df1,15,2.0,,,,12.76,9.97,8.83,8.36,10.9,10.73
2025-12-16T17:59:44.948738,Recipe_A,a717ca67-edd7-4f3d-81bc-b95bafc99df1,15,2.0,,,,10.07,8.72,9.52,8.2,7.53,10.91
2025-12-16T17:59:45.948738,Recipe_A,a717ca67-edd7-4f3d-81bc-b95bafc99df1,15,2.0,,,,12.59,10.11,12.91,9.31,9.5,11.15
2025-12-16T17:59:46.948738,Recipe_A,a717ca67-edd7-4f3d-81bc-b95bafc99df1,15,2.0,,,,7.92,7.57,10.59,11.55,8.4,7.25
2025-12-16T17:59:47.948738,Recipe_A,a717ca67-edd7-4f3d-81bc-b95bafc99df1,15,2.0,,,,9.69,9.89,11.58,9.62,10.23,5.17
2025-12-16T17:59:48.948738,Recipe_A,a717ca67-edd7-4f3d-81bc-b95bafc99df1,15,2.0,,,,10.76,10.45,9.22,10.91,9.76,15.83
2025-12-16T17:59:49.948738,Recipe_A,a717ca67-edd7-4f3d-81bc-b95bafc99df1,15,2.0,,,,12.64,8.52,8.42,10.95,7.4,9.48
2025-12-16T17:59:50.948738,Recipe_A,a717ca67-edd7-4f3d-81bc-b95bafc99df1,15,2.0,,,,9.03,6.56,10.26,10.81,10.16,9.5
2025-12-16T17:59:51.948738,Recipe_A,a717ca67-edd7-4f3d-81bc-b95bafc99df1,15,2.0,,,,11.2,10.67,10.68,11.04,9.66,11.45
2025-12-16T17:59:52.948738,Recipe_A,a717ca67-edd7-4f3d-81bc-b95bafc99df1,15,2.0,,,,10.01,12.05,12.69,8.01,6.88,8.16
2025-12-16T17:59:53.948738,Recipe_A,a717ca67-edd7-4f3d-81bc-b95bafc99df1,15,5.0,,,,9.17,10.93,10.55,8.25,6.28,11.56
2025-12-16T17:59:54.948738,Recipe_A,a717ca67-edd7-4f3d-81bc-b95bafc99df1,15,5.0,,,,12.85,10.09,10.41,6.43,8.76,9.66
2025-12-16T17:59:55.948738,Recipe_A,a717ca67-edd7-4f3d-81bc-b95bafc99df1,15,5.0,,,,6.26,12.63,9.37,11.08,7.63,12.74
2025-12-16T17:59:56.948738,Recipe_A,a717ca67-edd7-4f3d-81bc-b95bafc99df1,15,5.0,,,,9.16,7.58,11.72,12.93,13.24,10.21
2025-12-16T17:59:57.948738,Recipe_A,a717ca67-edd7-4f3d-81bc-b95bafc99df1,15,5.0,,,,13.15,7.73,11.03,11.75,11.2,7.77
2025-12-16T17:59:58.948738,Recipe_A,a717ca67-edd7-4f3d-81bc-b95bafc99df1,15,5.0,,,,12.97,7.88,7.94,11.63,9.59,10.95
2025-12-16T17:59:59.948738,Recipe_A,a717ca67-edd7-4f3d-81bc-b95bafc99df1,15,5.0,,,,10.25,8.28,9.14,7.76,10.86,9.49
2025-12-16T18:00:00.948738,Recipe_A,a717ca67-edd7-4f3d-81bc-b95bafc99df1,15,5.0,,,,11.13,10.47,8.31,12.15,6.47,10.18
2025-12-16T18:00:01.948738,Recipe_A,a717ca67-edd7-4f3d-81bc-b95bafc99df1,15,5.0,,,,11.16,12.77,11.77,11.68,12.62,8.75
2025-12-16T18:00:02.948738,Recipe_A,a717ca67-edd7-4f3d-81bc-b95bafc99df1,15,5.0,,,,7.32,12.8,11.61,11.62,11.84,6.21
2025-12-16T18:00:03.948738,Recipe_A,a717ca67-edd7-4f3d-81bc-b95bafc99df1,15,5.0,,,,9.63,11.66,11.28,10.91,8.12,8.99
2025-12-16T18:00:04.948738,Recipe_A,a717ca67-edd7-4f3d-81bc-b95bafc99df1,15,5.0,,,,8.64,11.65,11.94,11.56,9.62,7.28
2025-12-16T18:00:05.948738,Recipe_A,a717ca67-edd7-4f3d-81bc-b95bafc99df1,15,5.0,,,,13.52,7.97,11.11,10.9,10.48,11.16
2025-12-16T18:00:06.948738,Recipe_A,a717ca67-edd7-4f3d-81bc-b95bafc99df1,15,5.0,,,,15.13,14.27,11.12,11.12,12.58,10.32
2025-12-16T18:00:07.948738,Recipe_A,a717ca67-edd7-4f3d-81bc-b95bafc99df1,15,5.0,,,,9.75,9.98,7.63,9.74,9.49,9.32
2025-12-16T18:00:08.948738,Recipe_A,a717ca67-edd7-4f3d-81bc-b95bafc99df1,15,5.0,,,,9.0,13.21,9.38,12.62,11.38,6.66
2025-12-16T18:00:09.948738,Recipe_A,a717ca67-edd7-4f3d-81bc-b95bafc99df1,15,5.0,,,,9.59,11.49,8.58,4.86,5.45,9.38
2025-12-16T18:00:10.948738,Recipe_A,a717ca67-edd7-4f3d-81bc-b95bafc99df1,15,5.0,,,,7.89,11.26,12.76,10.47,12.44,11.23
2025-12-16T18:00:11.948738,Recipe_A,a717ca67-edd7-4f3d-81bc-b95bafc99df1,15,5.0,,,,7.15,11.39,8.15,7.7,10.38,8.97
2025-12-16T18:00:12.948738,Recipe_A,a717ca67-edd7-4f3d-81bc-b95bafc99df1,15,5.0,,,,7.22,8.35,7.32,11.86,11.19,8.67
2025-12-16T18:00:13.948738,Recipe_A,a717ca67-edd7-4f3d-81bc-b95bafc99df1,15,0.0,,,,0.0,0.0,0.0,0.0,0.0,0.0
2025-12-16T18:00:14.948738,Recipe_A,a717ca67-edd7-4f3d-81bc-b95bafc99df1,15,0.0,,,,0.0,0.0,0.0,0.0,0.0,0.0
2025-12-16T18:00:15.948738,Recipe_A,a717ca67-edd7-4f3d-81bc-b95bafc99df1,15,0.0,,,,0.0,0.0,0.0,0.0,0.0,0.0
2025-12-16T18:00:16.948738,Recipe_A,a717ca67-edd7-4f3d-81bc-b95bafc99df1,15,0.0,,,,0.0,0.0,0.0,0.0,0.0,0.0
2025-12-16T18:00:17.948738,Recipe_A,a717ca67-edd7-4f3d-81bc-b95bafc99df1,15,0.0,,,,0.0,0.0,0.0,0.0,0.0,0.0
2025-12-16T18:00:18.948738,Recipe_A,a717ca67-edd7-4f3d-81bc-b95bafc99df1,15,0.0,,,,0.0,0.0,0.0,0.0,0.0,0.0
2025-12-16T18:00:19.948738,Recipe_A,a717ca67-edd7-4f3d-81bc-b95bafc99df1,15,0.0,,,,0.0,0.0,0.0,0.0,0.0,0.0
2025-12-16T18:00:20.948738,Recipe_A,a717ca67-edd7-4f3d-81bc-b95bafc99df1,15,0.0,,,,0.0,0.0,0.0,0.0,0.0,0.0
2025-12-16T18:00:21.948738,Recipe_A,a717ca67-edd7-4f3d-81bc-b95bafc99df1,15,0.0,,,,0.0,0.0,0.0,0.0,0.0,0.0
2025-12-16T18:00:22.948738,Recipe_A,a717ca67-edd7-4f3d-81bc-b95bafc99df1,15,0.0,,,,0.0,0.0,0.0,0.0,0.0,0.0
2025-12-16T18:00:23.948738,Recipe_A,a717ca67-edd7-4f3d-81bc-b95bafc99df1,15,0.0,,,,0.0,0.0,0.0,0.0,0.0,0.0
2025-12-16T18:00:24.948738,Recipe_A,a717ca67-edd7-4f3d-81bc-b95bafc99df1,15,0.0,,,,0.0,0.0,0.0,0.0,0.0,0.0
2025-12-16T18:00:25.948738,Recipe_A,a717ca67-edd7-4f3d-81bc-b95bafc99df1,15,0.0,,,,0.0,0.0,0.0,0.0,0.0,0.0
2025-12-16T18:00:26.948738,Recipe_A,a717ca67-edd7-4f3d-81bc-b95bafc99df1,15,0.0,,,,0.0,0.0,0.0,0.0,0.0,0.0
2025-12-16T18:00:27.948738,Recipe_A,a717ca67-edd7-4f3d-81bc-b95bafc99df1,15,0.0,,,,0.0,0.0,0.0,0.0,0.0,0.0
2025-12-16T18:00:28.948738,Recipe_A,a717ca67-edd7-4f3d-81bc-b95bafc99df1,15,0.0,,,,0.0,0.0,0.0,0.0,0.0,0.0
2025-12-16T18:00:29.948738,Recipe_A,a717ca67-edd7-4f3d-81bc-b95bafc99df1,15,0.0,,,,0.0,0.0,0.0,0.0,0.0,0.0
2025-12-16T18:00:30.948738,Recipe_A,a717ca67-edd7-4f3d-81bc-b95bafc99df1,15,0.0,,,,0.0,0.0,0.0,0.0,0.0,0.0
2025-12-16T18:00:31.948738,Recipe_A,a717ca67-edd7-4f3d-81bc-b95bafc99df1,15,0.0,,,,0.0,0.0,0.0,0.0,0.0,0.0
2025-12-16T18:00:32.948738,Recipe_A,a717ca67-edd7-4f3d-81bc-b95bafc99df1,15,0.0,,,,0.0,0.0,0.0,0.0,0.0,0.0
2025-12-16T18:00:33.948738,Recipe_A,a717ca67-edd7-4f3d-81bc-b95bafc99df1,15,0.0,,,,0.0,0.0,0.0,0.0,0.0,0.0
2025-12-16T18:00:34.948738,Recipe_A,a717ca67-edd7-4f3d-81bc-b95bafc99df1,15,0.0,,,,0.0,0.0,0.0,0.0,0.0,0.0
2025-12-16T18:00:35.948738,Recipe_A,a717ca67-edd7-4f3d-81bc-b95bafc99df1,15,0.0,,,,0.0,0.0,0.0,0.0,0.0,0.0
2025-12-16T18:00:36.948738,Recipe_A,a717ca67-edd7-4f3d-81bc-b95bafc99df1,15,0.0,,,,0.0,0.0,0.0,0.0,0.0,0.0
2025-12-16T18:00:37.948738,Recipe_A,a717ca67-edd7-4f3d-81bc-b95bafc99df1,15,0.0,,,,0.0,0.0,0.0,0.0,0.0,0.0
2025-12-16T18:00:38.948738,Recipe_A,a717ca67-edd7-4f3d-81bc-b95bafc99df1,15,0.0,,,,0.0,0.0,0.0,0.0,0.0,0.0
2025-12-16T18:00:39.948738,Recipe_A,a717ca67-edd7-4f3d-81bc-b95bafc99df1,15,0.0,,,,0.0,0.0,0.0,0.0,0.0,0.0
2025-12-16T18:00:40.948738,Recipe_A,a717ca67-edd7-4f3d-81bc-b95bafc99df1,15,0.0,,,,0.0,0.0,0.0,0.0,0.0,0.0
2025-12-16T18:00:41.948738,Recipe_A,a717ca67-edd7-4f3d-81bc-b95bafc99df1,15,0.0,,,,0.0,0.0,0.0,0.0,0.0,0.0
2025-12-16T18:00:42.948738,Recipe_A,a717ca67-edd7-4f3d-81bc-b95bafc99df1,15,0.0,,,,0.0,0.0,0.0,0.0,0.0,0.0
2025-12-16T18:00:43.948738,Recipe_A,a717ca67-edd7-4f3d-81bc-b95bafc99df1,15,0.0,,,,0.0,0.0,0.0,0.0,0.0,0.0
2025-12-16T18:00:43.948738,Recipe_A,a717ca67-edd7-4f3d-81bc-b95bafc99df1,15,0.0,Warning_5,Simulated Warning occurred,Warning,,,,,,
2025-12-16T18:00:44.948738,Recipe_A,a717ca67-edd7-4f3d-81bc-b95bafc99df1,15,0.0,,,,0.0,0.0,0.0,0.0,0.0,0.0
2025-12-16T18:00:45.948738,Recipe_A,a717ca67-edd7-4f3d-81bc-b95bafc99df1,15,0.0,,,,0.0,0.0,0.0,0.0,0.0,0.0
2025-12-16T18:00:46.948738,Recipe_A,a717ca67-edd7-4f3d-81bc-b95bafc99df1,15,0.0,,,,0.0,0.0,0.0,0.0,0.0,0.0
2025-12-16T18:00:47.948738,Recipe_A,a717ca67-edd7-4f3d-81bc-b95bafc99df1,15,0.0,,,,0.0,0.0,0.0,0.0,0.0,0.0
2025-12-16T18:00:48.948738,Recipe_A,a717ca67-edd7-4f3d-81bc-b95bafc99df1,15,0.0,,,,0.0,0.0,0.0,0.0,0.0,0.0
2025-12-16T18:00:49.948738,Recipe_A,a717ca67-edd7-4f3d-81bc-b95bafc99df1,15,0.0,,,,0.0,0.0,0.0,0.0,0.0,0.0
2025-12-16T18:00:50.948738,Recipe_A,a717ca67-edd7-4f3d-81bc-b95bafc99df1,15,0.0,,,,0.0,0.0,0.0,0.0,0.0,0.0
2025-12-16T18:00:51.948738,Recipe_A,a717ca67-edd7-4f3d-81bc-b95bafc99df1,15,0.0,,,,0.0,0.0,0.0,0.0,0.0,0.0
2025-12-16T18:00:52.948738,Recipe_A,a717ca67-edd7-4f3d-81bc-b95bafc99df1,15,0.0,,,,0.0,0.0,0.0,0.0,0.0,0.0
2025-12-16T18:00:53.948738,Recipe_A,a717ca67-edd7-4f3d-81bc-b95bafc99df1,15,0.0,,,,0.0,0.0,0.0,0.0,0.0,0.0
2025-12-16T18:00:54.948738,Recipe_A,a717ca67-edd7-4f3d-81bc-b95bafc99df1,15,0.0,,,,0.0,0.0,0.0,0.0,0.0,0.0
2025-12-16T18:00:55.948738,Recipe_A,a717ca67-edd7-4f3d-81bc-b95bafc99df1,15,0.0,,,,0.0,0.0,0.0,0.0,0.0,0.0
2025-12-16T18:00:56.948738,Recipe_A,a717ca67-edd7-4f3d-81bc-b95bafc99df1,15,0.0,,,,0.0,0.0,0.0,0.0,0.0,0.0
2025-12-16T18:00:57.948738,Recipe_A,a717ca67-edd7-4f3d-81bc-b95bafc99df1,15,0.0,,,,0.0,0.0,0.0,0.0,0.0,0.0
2025-12-16T18:00:58.948738,Recipe_A,a717ca67-edd7-4f3d-81bc-b95bafc99df1,15,0.0,,,,0.0,0.0,0.0,0.0,0.0,0.0
2025-12-16T18:00:59.948738,Recipe_A,a717ca67-edd7-4f3d-81bc-b95bafc99df1,15,0.0,,,,0.0,0.0,0.0,0.0,0.0,0.0
2025-12-16T18:01:00.948738,Recipe_A,a717ca67-edd7-4f3d-81bc-b95bafc99df1,15,0.0,,,,0.0,0.0,0.0,0.0,0.0,0.0
2025-12-16T18:01:01.948738,Recipe_A,a717ca67-edd7-4f3d-81bc-b95bafc99df1,15,0.0,,,,0.0,0.0,0.0,0.0,0.0,0.0
2025-12-16T18:01:02.948738,Recipe_A,a717ca67-edd7-4f3d-81bc-b95bafc99df1,15,0.0,,,,0.0,0.0,0.0,0.0,0.0,0.0
2025-12-16T18:01:03.948738,Recipe_A,a717ca67-edd7-4f3d-81bc-b95bafc99df1,15,0.0,,,,0.0,0.0,0.0,0.0,0.0,0.0
2025-12-16T18:01:04.948738,Recipe_A,a717ca67-edd7-4f3d-81bc-b95bafc99df1,15,0.0,,,,0.0,0.0,0.0,0.0,0.0,0.0
2025-12-16T18:01:05.948738,Recipe_A,a717ca67-edd7-4f3d-81bc-b95bafc99df1,15,0.0,,,,0.0,0.0,0.0,0.0,0.0,0.0
2025-12-16T18:01:06.948738,Recipe_A,a717ca67-edd7-4f3d-81bc-b95bafc99df1,15,0.0,,,,0.0,0.0,0.0,0.0,0.0,0.0
2025-12-16T18:01:07.948738,Recipe_A,a717ca67-edd7-4f3d-81bc-b95bafc99df1,15,0.0,,,,0.0,0.0,0.0,0.0,0.0,0.0
2025-12-16T18:01:08.948738,Recipe_A,a717ca67-edd7-4f3d-81bc-b95bafc99df1,15,0.0,,,,0.0,0.0,0.0,0.0,0.0,0.0
2025-12-16T18:01:09.948738,Recipe_A,a717ca67-edd7-4f3d-81bc-b95bafc99df1,15,0.0,,,,0.0,0.0,0.0,0.0,0.0,0.0
2025-12-16T18:01:10.948738,Recipe_A,a717ca67-edd7-4f3d-81bc-b95bafc99df1,15,0.0,,,,0.0,0.0,0.0,0.0,0.0,0.0
2025-12-16T18:01:11.948738,Recipe_A,a717ca67-edd7-4f3d-81bc-b95bafc99df1,15,0.0,,,,0.0,0.0,0.0,0.0,0.0,0.0
2025-12-16T18:01:12.948738,Recipe_A,a717ca67-edd7-4f3d-81bc-b95bafc99df1,15,0.0,,,,0.0,0.0,0.0,0.0,0.0,0.0
2025-12-16T18:01:13.948738,Recipe_A,a717ca67-edd7-4f3d-81bc-b95bafc99df1,15,0.0,,,,0.0,0.0,0.0,0.0,0.0,0.0
2025-12-16T18:01:14.948738,Recipe_A,a717ca67-edd7-4f3d-81bc-b95bafc99df1,15,0.0,,,,0.0,0.0,0.0,0.0,0.0,0.0
2025-12-16T18:01:15.948738,Recipe_A,a717ca67-edd7-4f3d-81bc-b95bafc99df1,15,3.0,,,,13.15,11.09,10.11,5.53,9.59,10.68
2025-12-16T18:01:16.948738,Recipe_A,a717ca67-edd7-4f3d-81bc-b95bafc99df1,15,3.0,,,,9.46,7.81,6.12,7.93,9.15,8.39
2025-12-16T18:01:17.948738,Recipe_A,a717ca67-edd7-4f3d-81bc-b95bafc99df1,15,3.0,,,,10.52,12.68,9.41,8.33,8.71,7.36
2025-12-16T18:01:18.948738,Recipe_A,a717ca67-edd7-4f3d-81bc-b95bafc99df1,15,3.0,,,,8.49,8.24,8.65,8.85,14.45,11.5
2025-12-16T18:01:19.948738,Recipe_A,a717ca67-edd7-4f3d-81bc-b95bafc99df1,15,3.0,,,,13.03,10.48,12.28,9.43,9.39,9.57
2025-12-16T18:01:20.948738,Recipe_A,a717ca67-edd7-4f3d-81bc-b95bafc99df1,15,3.0,,,,9.15,7.17,11.51,8.52,8.27,8.06
2025-12-16T18:01:21.948738,Recipe_A,a717ca67-edd7-4f3d-81bc-b95bafc99df1,15,3.0,,,,8.62,14.33,11.94,6.8,6.9,8.8
2025-12-16T18:01:22.948738,Recipe_A,a717ca67-edd7-4f3d-81bc-b95bafc99df1,15,0.0,,,,0.0,0.0,0.0,0.0,0.0,0.0
2025-12-16T18:01:23.948738,Recipe_A,a717ca67-edd7-4f3d-81bc-b95bafc99df1,15,0.0,,,,0.0,0.0,0.0,0.0,0.0,0.0
2025-12-16T18:01:24.948738,Recipe_A,a717ca67-edd7-4f3d-81bc-b95bafc99df1,15,0.0,,,,0.0,0.0,0.0,0.0,0.0,0.0
2025-12-16T18:01:24.948738,Recipe_A,a717ca67-edd7-4f3d-81bc-b95bafc99df1,15,0.0,Warning_7,Simulated Warning occurred,Warning,,,,,,
2025-12-16T18:01:25.948738,Recipe_A,a717ca67-edd7-4f3d-81bc-b95bafc99df1,15,0.0,,,,0.0,0.0,0.0,0.0,0.0,0.0
2025-12-16T18:01:26.948738,Recipe_A,a717ca67-edd7-4f3d-81bc-b95bafc99df1,15,0.0,,,,0.0,0.0,0.0,0.0,0.0,0.0
2025-12-16T18:01:27.948738,Recipe_A,a717ca67-edd7-4f3d-81bc-b95bafc99df1,15,0.0,,,,0.0,0.0,0.0,0.0,0.0,0.0
2025-12-16T18:01:28.948738,Recipe_A,a717ca67-edd7-4f3d-81bc-b95bafc99df1,15,0.0,,,,0.0,0.0,0.0,0.0,0.0,0.0
2025-12-16T18:01:29.948738,Recipe_A,a717ca67-edd7-4f3d-81bc-b95bafc99df1,15,0.0,,,,0.0,0.0,0.0,0.0,0.0,0.0
2025-12-16T18:01:30.948738,Recipe_A,a717ca67-edd7-4f3d-81bc-b95bafc99df1,15,0.0,,,,0.0,0.0,0.0,0.0,0.0,0.0
2025-12-16T18:01:31.948738,Recipe_A,a717ca67-edd7-4f3d-81bc-b95bafc99df1,15,0.0,,,,0.0,0.0,0.0,0.0,0.0,0.0
2025-12-16T18:01:32.948738,Recipe_A,a717ca67-edd7-4f3d-81bc-b95bafc99df1,15,0.0,,,,0.0,0.0,0.0,0.0,0.0,0.0
2025-12-16T18:01:33.948738,Recipe_A,a717ca67-edd7-4f3d-81bc-b95bafc99df1,15,0.0,,,,0.0,0.0,0.0,0.0,0.0,0.0
2025-12-16T18:01:34.948738,Recipe_A,a717ca67-edd7-4f3d-81bc-b95bafc99df1,15,0.0,,,,0.0,0.0,0.0,0.0,0.0,0.0
2025-12-16T18:01:35.948738,Recipe_A,a717ca67-edd7-4f3d-81bc-b95bafc99df1,15,4.0,,,,100.41,52.24,46.92,49.37,52.14,51.35
2025-12-16T18:01:36.948738,Recipe_A,a717ca67-edd7-4f3d-81bc-b95bafc99df1,15,4.0,,,,88.87,55.15,43.46,56.22,47.82,53.55
2025-12-16T18:01:37.948738,Recipe_A,a717ca67-edd7-4f3d-81bc-b95bafc99df1,15,4.0,,,,107.47,39.83,44.99,53.5,57.98,51.97
2025-12-16T18:01:38.948738,Recipe_A,a717ca67-edd7-4f3d-81bc-b95bafc99df1,15,4.0,,,,101.08,50.07,55.08,50.32,52.72,54.52
2025-12-16T18:01:39.948738,Recipe_A,a717ca67-edd7-4f3d-81bc-b95bafc99df1,15,4.0,,,,100.31,45.93,50.83,57.44,49.95,52.6
2025-12-16T18:01:40.948738,Recipe_A,a717ca67-edd7-4f3d-81bc-b95bafc99df1,15,4.0,,,,96.85,43.26,51.22,43.59,55.47,42.94
2025-12-16T18:01:41.948738,Recipe_A,a717ca67-edd7-4f3d-81bc-b95bafc99df1,15,4.0,,,,95.44,45.94,48.51,49.3,54.51,45.79
2025-12-16T18:01:42.948738,Recipe_A,a717ca67-edd7-4f3d-81bc-b95bafc99df1,15,4.0,,,,88.86,57.54,48.57,56.95,56.67,47.34
2025-12-16T18:01:43.948738,Recipe_A,a717ca67-edd7-4f3d-81bc-b95bafc99df1,15,4.0,,,,102.55,42.76,56.56,51.33,43.75,44.65
2025-12-16T18:01:44.948738,Recipe_A,a717ca67-edd7-4f3d-81bc-b95bafc99df1,15,4.0,,,,103.12,46.59,57.79,52.6,56.5,55.95
2025-12-16T18:01:45.948738,Recipe_A,a717ca67-edd7-4f3d-81bc-b95bafc99df1,15,4.0,,,,98.53,50.71,51.9,48.23,37.03,42.86
2025-12-16T18:01:46.948738,Recipe_A,a717ca67-edd7-4f3d-81bc-b95bafc99df1,15,4.0,,,,97.3,47.81,42.88,40.57,54.18,39.93
2025-12-16T18:01:47.948738,Recipe_A,a717ca67-edd7-4f3d-81bc-b95bafc99df1,15,4.0,,,,101.91,59.48,49.82,44.77,52.63,53.93
2025-12-16T18:01:48.948738,Recipe_A,a717ca67-edd7-4f3d-81bc-b95bafc99df1,15,4.0,,,,94.38,54.59,52.27,54.38,50.05,52.21
2025-12-16T18:01:49.948738,Recipe_A,a717ca67-edd7-4f3d-81bc-b95bafc99df1,15,2.0,,,,9.52,7.57,6.71,7.8,11.36,9.58
2025-12-16T18:01:50.948738,Recipe_A,a717ca67-edd7-4f3d-81bc-b95bafc99df1,15,5.0,,,,10.72,11.19,13.89,11.83,8.13,8.77
2025-12-16T18:01:51.948738,Recipe_A,a717ca67-edd7-4f3d-81bc-b95bafc99df1,15,5.0,,,,8.1,9.35,10.91,5.37,9.85,10.28
2025-12-16T18:01:52.948738,Recipe_A,a717ca67-edd7-4f3d-81bc-b95bafc99df1,15,5.0,,,,7.66,13.32,11.01,12.32,12.09,10.5
2025-12-16T18:01:53.948738,Recipe_A,a717ca67-edd7-4f3d-81bc-b95bafc99df1,15,5.0,,,,6.69,8.35,6.95,12.78,7.08,11.84
2025-12-16T18:01:54.948738,Recipe_A,a717ca67-edd7-4f3d-81bc-b95bafc99df1,15,5.0,,,,10.72,6.57,12.18,11.59,7.15,11.41
2025-12-16T18:01:55.948738,Recipe_A,a717ca67-edd7-4f3d-81bc-b95bafc99df1,15,5.0,,,,10.01,12.11,10.86,15.48,11.31,13.44
2025-12-16T18:01:56.948738,Recipe_A,a717ca67-edd7-4f3d-81bc-b95bafc99df1,15,5.0,,,,8.48,7.61,13.4,12.33,9.18,10.23
2025-12-16T18:01:57.948738,Recipe_A,a717ca67-edd7-4f3d-81bc-b95bafc99df1,15,5.0,,,,14.67,10.21,5.62,7.65,14.28,12.45
2025-12-16T18:01:58.948738,Recipe_A,a717ca67-edd7-4f3d-81bc-b95bafc99df1,15,5.0,,,,9.46,8.21,7.95,11.72,8.41,9.66
2025-12-16T18:01:59.948738,Recipe_A,a717ca67-edd7-4f3d-81bc-b95bafc99df1,15,5.0,,,,11.67,11.32,6.27,10.76,11.66,6.82
2025-12-16T18:02:00.948738,Recipe_A,a717ca67-edd7-4f3d-81bc-b95bafc99df1,15,5.0,,,,9.6,9.88,6.25,10.55,9.82,14.07
2025-12-16T18:02:01.948738,Recipe_A,a717ca67-edd7-4f3d-81bc-b95bafc99df1,15,5.0,,,,12.56,14.3,6.64,12.31,8.5,10.47
2025-12-16T18:02:02.948738,Recipe_A,a717ca67-edd7-4f3d-81bc-b95bafc99df1,15,5.0,,,,9.23,4.22,10.37,10.29,9.33,10.46
2025-12-16T18:02:03.948738,Recipe_A,a717ca67-edd7-4f3d-81bc-b95bafc99df1,15,5.0,,,,9.57,9.91,9.98,7.68,11.94,10.19
2025-12-16T18:02:04.948738,Recipe_A,a717ca67-edd7-4f3d-81bc-b95bafc99df1,15,0.0,,,,0.0,0.0,0.0,0.0,0.0,0.0
2025-12-16T18:02:05.948738,Recipe_A,a717ca67-edd7-4f3d-81bc-b95bafc99df1,15,0.0,,,,0.0,0.0,0.0,0.0,0.0,0.0
2025-12-16T18:02:06.948738,Recipe_A,a717ca67-edd7-4f3d-81bc-b95bafc99df1,15,4.0,,,,97.49,54.27,60.38,45.82,42.67,46.66
2025-12-16T18:02:07.948738,Recipe_A,a717ca67-edd7-4f3d-81bc-b95bafc99df1,15,4.0,,,,101.33,46.09,60.73,48.26,53.02,44.65
2025-12-16T18:02:08.948738,Recipe_A,a717ca67-edd7-4f3d-81bc-b95bafc99df1,15,4.0,,,,90.58,42.76,60.73,48.96,49.75,48.04
2025-12-16T18:02:09.948738,Recipe_A,a717ca67-edd7-4f3d-81bc-b95bafc99df1,15,4.0,,,,102.79,46.74,47.95,47.07,46.05,48.93
2025-12-16T18:02:10.948738,Recipe_A,a717ca67-edd7-4f3d-81bc-b95bafc99df1,15,4.0,,,,97.68,39.64,46.36,46.77,47.03,40.98
2025-12-16T18:02:11.948738,Recipe_A,a717ca67-edd7-4f3d-81bc-b95bafc99df1,15,4.0,,,,98.78,48.63,51.3,43.09,53.48,49.66
2025-12-16T18:02:12.948738,Recipe_A,a717ca67-edd7-4f3d-81bc-b95bafc99df1,15,4.0,,,,100.94,50.19,42.9,53.21,45.49,42.22
2025-12-16T18:02:13.948738,Recipe_A,a717ca67-edd7-4f3d-81bc-b95bafc99df1,15,4.0,,,,98.49,48.97,52.67,51.65,48.91,44.61
2025-12-16T18:02:14.948738,Recipe_A,a717ca67-edd7-4f3d-81bc-b95bafc99df1,15,4.0,,,,97.9,54.83,53.27,55.18,39.21,41.43
2025-12-16T18:02:15.948738,Recipe_A,a717ca67-edd7-4f3d-81bc-b95bafc99df1,15,4.0,,,,105.63,49.08,48.17,51.95,45.49,51.87
2025-12-16T18:02:16.948738,Recipe_A,a717ca67-edd7-4f3d-81bc-b95bafc99df1,15,0.0,,,,0.0,0.0,0.0,0.0,0.0,0.0
2025-12-16T18:02:17.948738,Recipe_A,a717ca67-edd7-4f3d-81bc-b95bafc99df1,15,0.0,,,,0.0,0.0,0.0,0.0,0.0,0.0
2025-12-16T18:02:17.948738,Recipe_A,a717ca67-edd7-4f3d-81bc-b95bafc99df1,15,0.0,Warning_8,Simulated Warning occurred,Warning,,,,,,
2025-12-16T18:02:18.948738,Recipe_A,a717ca67-edd7-4f3d-81bc-b95bafc99df1,15,0.0,,,,0.0,0.0,0.0,0.0,0.0,0.0
2025-12-16T18:02:19.948738,Recipe_A,a717ca67-edd7-4f3d-81bc-b95bafc99df1,15,0.0,,,,0.0,0.0,0.0,0.0,0.0,0.0
2025-12-16T18:02:20.948738,Recipe_A,a717ca67-edd7-4f3d-81bc-b95bafc99df1,15,0.0,,,,0.0,0.0,0.0,0.0,0.0,0.0
2025-12-16T18:02:21.948738,Recipe_A,a717ca67-edd7-4f3d-81bc-b95bafc99df1,15,0.0,,,,0.0,0.0,0.0,0.0,0.0,0.0
2025-12-16T18:02:22.948738,Recipe_A,a717ca67-edd7-4f3d-81bc-b95bafc99df1,15,0.0,,,,0.0,0.0,0.0,0.0,0.0,0.0
2025-12-16T18:02:23.948738,Recipe_A,a717ca67-edd7-4f3d-81bc-b95bafc99df1,15,0.0,,,,0.0,0.0,0.0,0.0,0.0,0.0
2025-12-16T18:02:24.948738,Recipe_A,a717ca67-edd7-4f3d-81bc-b95bafc99df1,15,0.0,,,,0.0,0.0,0.0,0.0,0.0,0.0
2025-12-16T18:02:25.948738,Recipe_A,a717ca67-edd7-4f3d-81bc-b95bafc99df1,15,0.0,,,,0.0,0.0,0.0,0.0,0.0,0.0
2025-12-16T18:02:26.948738,Recipe_A,a717ca67-edd7-4f3d-81bc-b95bafc99df1,15,0.0,,,,0.0,0.0,0.0,0.0,0.0,0.0
2025-12-16T18:02:27.948738,Recipe_A,a717ca67-edd7-4f3d-81bc-b95bafc99df1,15,0.0,,,,0.0,0.0,0.0,0.0,0.0,0.0
2025-12-16T18:02:28.948738,Recipe_A,a717ca67-edd7-4f3d-81bc-b95bafc99df1,15,0.0,,,,0.0,0.0,0.0,0.0,0.0,0.0
2025-12-16T18:02:29.948738,Recipe_A,a717ca67-edd7-4f3d-81bc-b95bafc99df1,15,0.0,,,,0.0,0.0,0.0,0.0,0.0,0.0
2025-12-16T18:02:30.948738,Recipe_A,a717ca67-edd7-4f3d-81bc-b95bafc99df1,15,0.0,,,,0.0,0.0,0.0,0.0,0.0,0.0
2025-12-16T18:02:31.948738,Recipe_A,a717ca67-edd7-4f3d-81bc-b95bafc99df1,15,0.0,,,,0.0,0.0,0.0,0.0,0.0,0.0
2025-12-16T18:02:32.948738,Recipe_A,a717ca67-edd7-4f3d-81bc-b95bafc99df1,15,0.0,,,,0.0,0.0,0.0,0.0,0.0,0.0
2025-12-16T18:02:33.948738,Recipe_A,a717ca67-edd7-4f3d-81bc-b95bafc99df1,15,0.0,,,,0.0,0.0,0.0,0.0,0.0,0.0
2025-12-16T18:02:34.948738,Recipe_A,a717ca67-edd7-4f3d-81bc-b95bafc99df1,15,0.0,,,,0.0,0.0,0.0,0.0,0.0,0.0
2025-12-16T18:02:35.948738,Recipe_A,a717ca67-edd7-4f3d-81bc-b95bafc99df1,15,0.0,,,,0.0,0.0,0.0,0.0,0.0,0.0
2025-12-16T18:02:36.948738,Recipe_A,a717ca67-edd7-4f3d-81bc-b95bafc99df1,15,0.0,,,,0.0,0.0,0.0,0.0,0.0,0.0
2025-12-16T18:02:37.948738,Recipe_A,a717ca67-edd7-4f3d-81bc-b95bafc99df1,15,0.0,,,,0.0,0.0,0.0,0.0,0.0,0.0
2025-12-16T18:02:38.948738,Recipe_A,a717ca67-edd7-4f3d-81bc-b95bafc99df1,15,0.0,,,,0.0,0.0,0.0,0.0,0.0,0.0
2025-12-16T18:02:39.948738,Recipe_A,a717ca67-edd7-4f3d-81bc-b95bafc99df1,15,0.0,,,,0.0,0.0,0.0,0.0,0.0,0.0
2025-12-16T18:02:40.948738,Recipe_A,a717ca67-edd7-4f3d-81bc-b95bafc99df1,15,0.0,,,,0.0,0.0,0.0,0.0,0.0,0.0
2025-12-16T18:02:41.948738,Recipe_A,a717ca67-edd7-4f3d-81bc-b95bafc99df1,15,0.0,,,,0.0,0.0,0.0,0.0,0.0,0.0
2025-12-16T18:02:42.948738,Recipe_A,a717ca67-edd7-4f3d-81bc-b95bafc99df1,15,0.0,,,,0.0,0.0,0.0,0.0,0.0,0.0
2025-12-16T18:02:43.948738,Recipe_A,a717ca67-edd7-4f3d-81bc-b95bafc99df1,15,0.0,,,,0.0,0.0,0.0,0.0,0.0,0.0
2025-12-16T18:02:44.948738,Recipe_A,a717ca67-edd7-4f3d-81bc-b95bafc99df1,15,0.0,,,,0.0,0.0,0.0,0.0,0.0,0.0
2025-12-16T18:02:45.948738,Recipe_A,a717ca67-edd7-4f3d-81bc-b95bafc99df1,15,0.0,,,,0.0,0.0,0.0,0.0,0.0,0.0
2025-12-16T18:02:46.948738,Recipe_A,a717ca67-edd7-4f3d-81bc-b95bafc99df1,15,0.0,,,,0.0,0.0,0.0,0.0,0.0,0.0
2025-12-16T18:02:47.948738,Recipe_A,a717ca67-edd7-4f3d-81bc-b95bafc99df1,15,0.0,,,,0.0,0.0,0.0,0.0,0.0,0.0
2025-12-16T18:02:48.948738,Recipe_A,a717ca67-edd7-4f3d-81bc-b95bafc99df1,15,0.0,,,,0.0,0.0,0.0,0.0,0.0,0.0
2025-12-16T18:02:49.948738,Recipe_A,a717ca67-edd7-4f3d-81bc-b95bafc99df1,15,0.0,,,,0.0,0.0,0.0,0.0,0.0,0.0
2025-12-16T18:02:50.948738,Recipe_A,a717ca67-edd7-4f3d-81bc-b95bafc99df1,15,0.0,,,,0.0,0.0,0.0,0.0,0.0,0.0
2025-12-16T18:02:51.948738,Recipe_A,a717ca67-edd7-4f3d-81bc-b95bafc99df1,15,4.0,,,,101.0,50.34,48.61,40.38,57.51,54.13
2025-12-16T18:02:52.948738,Recipe_A,a717ca67-edd7-4f3d-81bc-b95bafc99df1,15,4.0,,,,94.96,48.67,43.3,46.82,53.01,45.67
2025-12-16T18:02:53.948738,Recipe_A,a717ca67-edd7-4f3d-81bc-b95bafc99df1,15,4.0,,,,105.19,52.33,47.55,47.06,46.4,42.71
2025-12-16T18:02:54.948738,Recipe_A,a717ca67-edd7-4f3d-81bc-b95bafc99df1,15,4.0,,,,103.9,54.75,51.88,47.49,52.11,50.46
2025-12-16T18:02:55.948738,Recipe_A,a717ca67-edd7-4f3d-81bc-b95bafc99df1,15,4.0,,,,101.34,57.37,60.71,58.2,48.32,55.38
2025-12-16T18:02:56.948738,Recipe_A,a717ca67-edd7-4f3d-81bc-b95bafc99df1,15,4.0,,,,103.1,40.36,51.03,56.81,52.84,54.41
2025-12-16T18:02:57.948738,Recipe_A,a717ca67-edd7-4f3d-81bc-b95bafc99df1,15,4.0,,,,105.74,55.91,57.29,50.57,42.56,50.38
2025-12-16T18:02:58.948738,Recipe_A,a717ca67-edd7-4f3d-81bc-b95bafc99df1,15,4.0,,,,97.54,50.58,40.78,54.95,46.13,56.2
2025-12-16T18:02:59.948738,Recipe_A,a717ca67-edd7-4f3d-81bc-b95bafc99df1,15,4.0,,,,96.81,55.51,51.64,45.35,47.39,54.05
2025-12-16T18:03:00.948738,Recipe_A,a717ca67-edd7-4f3d-81bc-b95bafc99df1,15,4.0,,,,102.4,57.01,50.96,52.34,45.59,48.14
2025-12-16T18:03:01.948738,Recipe_A,a717ca67-edd7-4f3d-81bc-b95bafc99df1,15,4.0,,,,107.61,49.12,46.61,52.25,53.85,47.71
2025-12-16T18:03:02.948738,Recipe_A,a717ca67-edd7-4f3d-81bc-b95bafc99df1,15,4.0,,,,98.19,45.09,52.75,44.4,45.61,49.62
2025-12-16T18:03:03.948738,Recipe_A,a717ca67-edd7-4f3d-81bc-b95bafc99df1,15,4.0,,,,104.09,51.79,61.33,41.37,50.52,46.16
2025-12-16T18:03:04.948738,Recipe_A,a717ca67-edd7-4f3d-81bc-b95bafc99df1,15,4.0,,,,98.14,58.97,47.27,45.5,51.92,46.95
2025-12-16T18:03:05.948738,Recipe_A,a717ca67-edd7-4f3d-81bc-b95bafc99df1,15,4.0,,,,103.76,36.9,49.28,52.59,53.87,43.55
2025-12-16T18:03:06.948738,Recipe_A,a717ca67-edd7-4f3d-81bc-b95bafc99df1,15,4.0,,,,101.56,56.73,51.89,50.87,44.7,50.69
2025-12-16T18:03:07.948738,Recipe_A,a717ca67-edd7-4f3d-81bc-b95bafc99df1,15,4.0,,,,110.29,40.78,47.3,57.26,56.06,52.51
2025-12-16T18:03:08.948738,Recipe_A,a717ca67-edd7-4f3d-81bc-b95bafc99df1,15,4.0,,,,100.04,50.1,44.57,39.24,45.08,51.91
2025-12-16T18:03:09.948738,Recipe_A,a717ca67-edd7-4f3d-81bc-b95bafc99df1,15,4.0,,,,99.14,44.39,44.42,47.12,43.49,54.83
2025-12-16T18:03:10.948738,Recipe_A,a717ca67-edd7-4f3d-81bc-b95bafc99df1,15,4.0,,,,98.84,59.44,47.35,51.56,47.04,47.96
2025-12-16T18:03:11.948738,Recipe_A,a717ca67-edd7-4f3d-81bc-b95bafc99df1,15,4.0,,,,100.23,46.31,47.5,54.77,45.97,43.55
2025-12-16T18:03:12.948738,Recipe_A,a717ca67-edd7-4f3d-81bc-b95bafc99df1,15,4.0,,,,103.77,35.57,49.55,60.45,53.57,54.57
2025-12-16T18:03:13.948738,Recipe_A,a717ca67-edd7-4f3d-81bc-b95bafc99df1,15,4.0,,,,99.94,48.93,40.67,50.48,37.02,38.27
2025-12-16T18:03:14.948738,Recipe_A,a717ca67-edd7-4f3d-81bc-b95bafc99df1,15,4.0,,,,107.21,42.26,57.73,54.31,61.1,46.48
2025-12-16T18:03:15.948738,Recipe_A,a717ca67-edd7-4f3d-81bc-b95bafc99df1,15,4.0,,,,97.78,50.69,50.91,57.02,51.74,52.56
2025-12-16T18:03:16.948738,Recipe_A,a717ca67-edd7-4f3d-81bc-b95bafc99df1,15,4.0,,,,109.73,49.6,60.11,52.3,46.3,53.48
2025-12-16T18:03:17.948738,Recipe_A,a717ca67-edd7-4f3d-81bc-b95bafc99df1,15,4.0,,,,100.58,48.08,51.71,49.18,45.08,45.33
2025-12-16T18:03:18.948738,Recipe_A,a717ca67-edd7-4f3d-81bc-b95bafc99df1,15,4.0,,,,93.9,47.95,53.01,46.62,53.35,47.39
2025-12-16T18:03:19.948738,Recipe_A,a717ca67-edd7-4f3d-81bc-b95bafc99df1,15,4.0,,,,97.52,56.45,54.67,52.02,48.01,48.53
2025-12-16T18:03:20.948738,Recipe_A,a717ca67-edd7-4f3d-81bc-b95bafc99df1,15,4.0,,,,92.69,49.8,50.19,47.75,49.58,53.94
2025-12-16T18:03:21.948738,Recipe_A,a717ca67-edd7-4f3d-81bc-b95bafc99df1,15,4.0,,,,102.55,53.44,50.86,56.16,49.86,41.54
2025-12-16T18:03:22.948738,Recipe_A,a717ca67-edd7-4f3d-81bc-b95bafc99df1,15,4.0,,,,100.11,53.57,43.56,52.68,52.7,50.85
2025-12-16T18:03:23.948738,Recipe_A,a717ca67-edd7-4f3d-81bc-b95bafc99df1,15,4.0,,,,97.27,50.08,56.96,55.74,55.19,54.98
2025-12-16T18:03:24.948738,Recipe_A,a717ca67-edd7-4f3d-81bc-b95bafc99df1,15,4.0,,,,99.89,50.71,58.43,54.65,41.33,38.55
2025-12-16T18:03:25.948738,Recipe_A,a717ca67-edd7-4f3d-81bc-b95bafc99df1,15,4.0,,,,97.46,55.08,49.91,45.57,44.98,41.61
2025-12-16T18:03:26.948738,Recipe_A,a717ca67-edd7-4f3d-81bc-b95bafc99df1,15,4.0,,,,104.41,53.84,55.29,62.4,60.11,50.14
2025-12-16T18:03:27.948738,Recipe_A,a717ca67-edd7-4f3d-81bc-b95bafc99df1,15,4.0,,,,96.85,45.5,44.02,46.31,44.54,46.73
2025-12-16T18:03:28.948738,Recipe_A,a717ca67-edd7-4f3d-81bc-b95bafc99df1,15,4.0,,,,99.47,46.57,45.1,52.13,50.98,40.89
2025-12-16T18:03:29.948738,Recipe_A,a717ca67-edd7-4f3d-81bc-b95bafc99df1,15,4.0,,,,108.52,45.7,54.67,53.85,46.81,54.97
2025-12-16T18:03:30.948738,Recipe_A,a717ca67-edd7-4f3d-81bc-b95bafc99df1,15,4.0,,,,102.11,38.99,55.38,47.26,39.21,51.31
2025-12-16T18:03:31.948738,Recipe_A,a717ca67-edd7-4f3d-81bc-b95bafc99df1,15,2.0,,,,7.66,10.75,7.83,9.5,9.25,13.3
2025-12-16T18:03:32.948738,Recipe_A,a717ca67-edd7-4f3d-81bc-b95bafc99df1,15,2.0,,,,7.81,12.86,9.25,9.6,9.95,7.71
2025-12-16T18:03:33.948738,Recipe_A,a717ca67-edd7-4f3d-81bc-b95bafc99df1,15,2.0,,,,9.05,8.9,13.08,6.01,9.02,10.77
2025-12-16T18:03:34.948738,Recipe_A,a717ca67-edd7-4f3d-81bc-b95bafc99df1,15,2.0,,,,12.01,8.82,8.11,9.31,8.37,12.99
2025-12-16T18:03:35.948738,Recipe_A,a717ca67-edd7-4f3d-81bc-b95bafc99df1,15,1.0,,,,7.08,12.35,10.78,13.47,10.51,12.3
2025-12-16T18:03:36.948738,Recipe_A,a717ca67-edd7-4f3d-81bc-b95bafc99df1,15,1.0,,,,9.34,10.44,9.53,9.89,12.32,8.9
2025-12-16T18:03:37.948738,Recipe_A,a717ca67-edd7-4f3d-81bc-b95bafc99df1,15,1.0,,,,13.97,10.7,7.52,9.45,7.65,10.22
2025-12-16T18:03:38.948738,Recipe_A,a717ca67-edd7-4f3d-81bc-b95bafc99df1,15,1.0,,,,9.65,7.19,8.1,7.42,9.72,7.9
2025-12-16T18:03:39.948738,Recipe_A,a717ca67-edd7-4f3d-81bc-b95bafc99df1,15,1.0,,,,10.93,9.19,8.58,12.35,7.83,9.96
2025-12-16T18:03:40.948738,Recipe_A,a717ca67-edd7-4f3d-81bc-b95bafc99df1,15,1.0,,,,9.24,6.56,10.34,13.75,9.23,11.03
2025-12-16T18:03:41.948738,Recipe_A,a717ca67-edd7-4f3d-81bc-b95bafc99df1,15,1.0,,,,8.41,6.92,9.36,6.18,15.62,9.58
2025-12-16T18:03:42.948738,Recipe_A,a717ca67-edd7-4f3d-81bc-b95bafc99df1,15,1.0,,,,8.05,8.03,8.56,13.07,8.52,13.03
2025-12-16T18:03:43.948738,Recipe_A,a717ca67-edd7-4f3d-81bc-b95bafc99df1,15,1.0,,,,10.11,9.7,10.67,9.53,10.66,11.28
2025-12-16T18:03:44.948738,Recipe_A,a717ca67-edd7-4f3d-81bc-b95bafc99df1,15,1.0,,,,8.4,10.21,13.17,11.69,5.81,13.21
2025-12-16T18:03:45.948738,Recipe_A,a717ca67-edd7-4f3d-81bc-b95bafc99df1,15,1.0,,,,9.34,11.25,12.2,12.1,8.79,10.69
2025-12-16T18:03:46.948738,Recipe_A,a717ca67-edd7-4f3d-81bc-b95bafc99df1,15,1.0,,,,7.97,11.25,11.62,8.35,10.63,8.46
2025-12-16T18:03:47.948738,Recipe_A,a717ca67-edd7-4f3d-81bc-b95bafc99df1,15,1.0,,,,11.76,11.08,9.26,7.17,7.87,10.23
2025-12-16T18:03:47.948738,Recipe_A,a717ca67-edd7-4f3d-81bc-b95bafc99df1,15,1.0,Warning_8,Simulated Warning occurred,Warning,,,,,,
2025-12-16T18:03:48.948738,Recipe_A,a717ca67-edd7-4f3d-81bc-b95bafc99df1,15,1.0,,,,7.17,8.12,9.81,8.28,8.91,6.77
2025-12-16T18:03:49.948738,Recipe_A,a717ca67-edd7-4f3d-81bc-b95bafc99df1,15,1.0,,,,9.31,8.9,7.31,10.36,9.24,8.83
2025-12-16T18:03:50.948738,Recipe_A,a717ca67-edd7-4f3d-81bc-b95bafc99df1,15,1.0,,,,7.08,11.25,9.12,9.95,10.66,13.14
2025-12-16T18:03:51.948738,Recipe_A,a717ca67-edd7-4f3d-81bc-b95bafc99df1,15,1.0,,,,8.6,9.4,11.72,9.14,10.96,9.71
2025-12-16T18:03:52.948738,Recipe_A,a717ca67-edd7-4f3d-81bc-b95bafc99df1,15,1.0,,,,10.7,8.3,12.03,10.25,11.5,10.67
2025-12-16T18:03:53.948738,Recipe_A,a717ca67-edd7-4f3d-81bc-b95bafc99df1,15,1.0,,,,10.51,11.27,11.75,13.94,10.6,10.34
2025-12-16T18:03:54.948738,Recipe_A,a717ca67-edd7-4f3d-81bc-b95bafc99df1,15,1.0,,,,5.0,9.91,8.51,10.21,9.28,8.53
2025-12-16T18:03:55.948738,Recipe_A,a717ca67-edd7-4f3d-81bc-b95bafc99df1,15,1.0,,,,6.79,11.7,12.05,11.49,7.87,10.34
2025-12-16T18:03:56.948738,Recipe_A,a717ca67-edd7-4f3d-81bc-b95bafc99df1,15,1.0,,,,8.31,11.39,8.58,9.43,10.82,8.77
2025-12-16T18:03:57.948738,Recipe_A,a717ca67-edd7-4f3d-81bc-b95bafc99df1,15,1.0,,,,10.69,11.46,14.51,6.87,6.24,10.28
2025-12-16T18:03:58.948738,Recipe_A,a717ca67-edd7-4f3d-81bc-b95bafc99df1,15,1.0,,,,6.5,7.68,10.46,5.83,11.05,8.02
2025-12-16T18:03:59.948738,Recipe_A,a717ca67-edd7-4f3d-81bc-b95bafc99df1,15,1.0,,,,12.52,11.73,13.58,8.41,12.53,11.72
2025-12-16T18:04:00.948738,Recipe_A,a717ca67-edd7-4f3d-81bc-b95bafc99df1,15,0.0,,,,0.0,0.0,0.0,0.0,0.0,0.0
2025-12-16T18:04:01.948738,Recipe_A,a717ca67-edd7-4f3d-81bc-b95bafc99df1,15,0.0,,,,0.0,0.0,0.0,0.0,0.0,0.0
2025-12-16T18:04:02.948738,Recipe_A,a717ca67-edd7-4f3d-81bc-b95bafc99df1,15,0.0,,,,0.0,0.0,0.0,0.0,0.0,0.0
2025-12-16T18:04:03.948738,Recipe_A,a717ca67-edd7-4f3d-81bc-b95bafc99df1,15,0.0,,,,0.0,0.0,0.0,0.0,0.0,0.0
2025-12-16T18:04:04.948738,Recipe_A,a717ca67-edd7-4f3d-81bc-b95bafc99df1,15,0.0,,,,0.0,0.0,0.0,0.0,0.0,0.0
2025-12-16T18:04:05.948738,Recipe_A,a717ca67-edd7-4f3d-81bc-b95bafc99df1,15,0.0,,,,0.0,0.0,0.0,0.0,0.0,0.0
2025-12-16T18:04:06.948738,Recipe_A,a717ca67-edd7-4f3d-81bc-b95bafc99df1,15,0.0,,,,0.0,0.0,0.0,0.0,0.0,0.0
2025-12-16T18:04:07.948738,Recipe_A,a717ca67-edd7-4f3d-81bc-b95bafc99df1,15,0.0,,,,0.0,0.0,0.0,0.0,0.0,0.0
2025-12-16T18:04:08.948738,Recipe_A,a717ca67-edd7-4f3d-81bc-b95bafc99df1,15,0.0,,,,0.0,0.0,0.0,0.0,0.0,0.0
2025-12-16T18:04:09.948738,Recipe_A,a717ca67-edd7-4f3d-81bc-b95bafc99df1,15,0.0,,,,0.0,0.0,0.0,0.0,0.0,0.0
2025-12-16T18:04:10.948738,Recipe_A,a717ca67-edd7-4f3d-81bc-b95bafc99df1,15,0.0,,,,0.0,0.0,0.0,0.0,0.0,0.0
2025-12-16T18:04:11.948738,Recipe_A,a717ca67-edd7-4f3d-81bc-b95bafc99df1,15,0.0,,,,0.0,0.0,0.0,0.0,0.0,0.0
2025-12-16T18:04:12.948738,Recipe_A,a717ca67-edd7-4f3d-81bc-b95bafc99df1,15,0.0,,,,0.0,0.0,0.0,0.0,0.0,0.0
2025-12-16T18:04:13.948738,Recipe_A,a717ca67-edd7-4f3d-81bc-b95bafc99df1,15,0.0,,,,0.0,0.0,0.0,0.0,0.0,0.0
2025-12-16T18:04:14.948738,Recipe_A,a717ca67-edd7-4f3d-81bc-b95bafc99df1,15,0.0,,,,0.0,0.0,0.0,0.0,0.0,0.0
2025-12-16T18:04:15.948738,Recipe_A,a717ca67-edd7-4f3d-81bc-b95bafc99df1,15,0.0,,,,0.0,0.0,0.0,0.0,0.0,0.0
2025-12-16T18:04:16.948738,Recipe_A,a717ca67-edd7-4f3d-81bc-b95bafc99df1,15,0.0,,,,0.0,0.0,0.0,0.0,0.0,0.0
2025-12-16T18:04:17.948738,Recipe_A,a717ca67-edd7-4f3d-81bc-b95bafc99df1,15,0.0,,,,0.0,0.0,0.0,0.0,0.0,0.0
2025-12-16T18:04:18.948738,Recipe_A,a717ca67-edd7-4f3d-81bc-b95bafc99df1,15,0.0,,,,0.0,0.0,0.0,0.0,0.0,0.0
2025-12-16T18:04:19.948738,Recipe_A,a717ca67-edd7-4f3d-81bc-b95bafc99df1,15,0.0,,,,0.0,0.0,0.0,0.0,0.0,0.0
2025-12-16T18:04:20.948738,Recipe_A,a717ca67-edd7-4f3d-81bc-b95bafc99df1,15,0.0,,,,0.0,0.0,0.0,0.0,0.0,0.0
2025-12-16T18:04:21.948738,Recipe_A,a717ca67-edd7-4f3d-81bc-b95bafc99df1,15,0.0,,,,0.0,0.0,0.0,0.0,0.0,0.0
2025-12-16T18:04:22.948738,Recipe_A,a717ca67-edd7-4f3d-81bc-b95bafc99df1,15,0.0,,,,0.0,0.0,0.0,0.0,0.0,0.0
2025-12-16T18:04:23.948738,Recipe_A,a717ca67-edd7-4f3d-81bc-b95bafc99df1,15,0.0,,,,0.0,0.0,0.0,0.0,0.0,0.0
2025-12-16T18:04:24.948738,Recipe_A,a717ca67-edd7-4f3d-81bc-b95bafc99df1,15,0.0,,,,0.0,0.0,0.0,0.0,0.0,0.0
2025-12-16T18:04:25.948738,Recipe_A,a717ca67-edd7-4f3d-81bc-b95bafc99df1,15,0.0,,,,0.0,0.0,0.0,0.0,0.0,0.0
2025-12-16T18:04:26.948738,Recipe_A,a717ca67-edd7-4f3d-81bc-b95bafc99df1,15,0.0,,,,0.0,0.0,0.0,0.0,0.0,0.0
2025-12-16T18:04:27.948738,Recipe_A,a717ca67-edd7-4f3d-81bc-b95bafc99df1,15,0.0,,,,0.0,0.0,0.0,0.0,0.0,0.0
2025-12-16T18:04:28.948738,Recipe_A,a717ca67-edd7-4f3d-81bc-b95bafc99df1,15,0.0,,,,0.0,0.0,0.0,0.0,0.0,0.0
2025-12-16T18:04:29.948738,Recipe_A,a717ca67-edd7-4f3d-81bc-b95bafc99df1,15,0.0,,,,0.0,0.0,0.0,0.0,0.0,0.0
2025-12-16T18:04:30.948738,Recipe_A,a717ca67-edd7-4f3d-81bc-b95bafc99df1,15,0.0,,,,0.0,0.0,0.0,0.0,0.0,0.0
2025-12-16T18:04:31.948738,Recipe_A,a717ca67-edd7-4f3d-81bc-b95bafc99df1,15,0.0,,,,0.0,0.0,0.0,0.0,0.0,0.0
2025-12-16T18:04:32.948738,Recipe_A,a717ca67-edd7-4f3d-81bc-b95bafc99df1,15,0.0,,,,0.0,0.0,0.0,0.0,0.0,0.0
2025-12-16T18:04:33.948738,Recipe_A,a717ca67-edd7-4f3d-81bc-b95bafc99df1,15,0.0,,,,0.0,0.0,0.0,0.0,0.0,0.0
2025-12-16T18:04:34.948738,Recipe_A,a717ca67-edd7-4f3d-81bc-b95bafc99df1,15,0.0,,,,0.0,0.0,0.0,0.0,0.0,0.0
2025-12-16T18:04:35.948738,Recipe_A,a717ca67-edd7-4f3d-81bc-b95bafc99df1,15,0.0,,,,0.0,0.0,0.0,0.0,0.0,0.0
2025-12-16T18:04:36.948738,Recipe_A,a717ca67-edd7-4f3d-81bc-b95bafc99df1,15,0.0,,,,0.0,0.0,0.0,0.0,0.0,0.0
2025-12-16T18:04:37.948738,Recipe_A,a717ca67-edd7-4f3d-81bc-b95bafc99df1,15,0.0,,,,0.0,0.0,0.0,0.0,0.0,0.0
2025-12-16T18:04:38.948738,Recipe_A,a717ca67-edd7-4f3d-81bc-b95bafc99df1,15,0.0,,,,0.0,0.0,0.0,0.0,0.0,0.0
2025-12-16T18:04:39.948738,Recipe_A,a717ca67-edd7-4f3d-81bc-b95bafc99df1,15,0.0,,,,0.0,0.0,0.0,0.0,0.0,0.0
2025-12-16T18:04:40.948738,Recipe_A,a717ca67-edd7-4f3d-81bc-b95bafc99df1,15,0.0,,,,0.0,0.0,0.0,0.0,0.0,0.0
2025-12-16T18:04:41.948738,Recipe_A,a717ca67-edd7-4f3d-81bc-b95bafc99df1,15,0.0,,,,0.0,0.0,0.0,0.0,0.0,0.0
2025-12-16T18:04:42.948738,Recipe_A,a717ca67-edd7-4f3d-81bc-b95bafc99df1,15,0.0,,,,0.0,0.0,0.0,0.0,0.0,0.0
2025-12-16T18:04:43.948738,Recipe_A,a717ca67-edd7-4f3d-81bc-b95bafc99df1,15,0.0,,,,0.0,0.0,0.0,0.0,0.0,0.0
2025-12-16T18:04:44.948738,Recipe_A,a717ca67-edd7-4f3d-81bc-b95bafc99df1,15,0.0,,,,0.0,0.0,0.0,0.0,0.0,0.0
2025-12-16T18:04:45.948738,Recipe_A,a717ca67-edd7-4f3d-81bc-b95bafc99df1,15,0.0,,,,0.0,0.0,0.0,0.0,0.0,0.0
2025-12-16T18:04:46.948738,Recipe_A,a717ca67-edd7-4f3d-81bc-b95bafc99df1,15,0.0,,,,0.0,0.0,0.0,0.0,0.0,0.0
2025-12-16T18:04:47.948738,Recipe_A,a717ca67-edd7-4f3d-81bc-b95bafc99df1,15,0.0,,,,0.0,0.0,0.0,0.0,0.0,0.0
2025-12-16T18:04:48.948738,Recipe_A,a717ca67-edd7-4f3d-81bc-b95bafc99df1,15,0.0,,,,0.0,0.0,0.0,0.0,0.0,0.0
2025-12-16T18:04:49.948738,Recipe_A,a717ca67-edd7-4f3d-81bc-b95bafc99df1,15,0.0,,,,0.0,0.0,0.0,0.0,0.0,0.0
2025-12-16T18:04:50.948738,Recipe_A,a717ca67-edd7-4f3d-81bc-b95bafc99df1,15,0.0,,,,0.0,0.0,0.0,0.0,0.0,0.0
2025-12-16T18:04:51.948738,Recipe_A,a717ca67-edd7-4f3d-81bc-b95bafc99df1,15,0.0,,,,0.0,0.0,0.0,0.0,0.0,0.0
2025-12-16T18:04:52.948738,Recipe_A,a717ca67-edd7-4f3d-81bc-b95bafc99df1,15,0.0,,,,0.0,0.0,0.0,0.0,0.0,0.0
2025-12-16T18:04:53.948738,Recipe_A,a717ca67-edd7-4f3d-81bc-b95bafc99df1,15,0.0,,,,0.0,0.0,0.0,0.0,0.0,0.0
2025-12-16T18:04:54.948738,Recipe_A,a717ca67-edd7-4f3d-81bc-b95bafc99df1,15,0.0,,,,0.0,0.0,0.0,0.0,0.0,0.0
2025-12-16T18:04:55.948738,Recipe_A,a717ca67-edd7-4f3d-81bc-b95bafc99df1,15,0.0,,,,0.0,0.0,0.0,0.0,0.0,0.0
2025-12-16T18:04:56.948738,Recipe_A,a717ca67-edd7-4f3d-81bc-b95bafc99df1,15,0.0,,,,0.0,0.0,0.0,0.0,0.0,0.0
2025-12-16T18:04:57.948738,Recipe_A,a717ca67-edd7-4f3d-81bc-b95bafc99df1,15,0.0,,,,0.0,0.0,0.0,0.0,0.0,0.0
2025-12-16T18:04:58.948738,Recipe_A,a717ca67-edd7-4f3d-81bc-b95bafc99df1,15,0.0,,,,0.0,0.0,0.0,0.0,0.0,0.0
2025-12-16T18:04:59.948738,Recipe_A,a717ca67-edd7-4f3d-81bc-b95bafc99df1,15,0.0,,,,0.0,0.0,0.0,0.0,0.0,0.0
2025-12-16T18:05:00.948738,Recipe_A,a717ca67-edd7-4f3d-81bc-b95bafc99df1,15,0.0,,,,0.0,0.0,0.0,0.0,0.0,0.0
2025-12-16T18:05:01.948738,Recipe_A,a717ca67-edd7-4f3d-81bc-b95bafc99df1,15,0.0,,,,0.0,0.0,0.0,0.0,0.0,0.0
2025-12-16T18:05:02.948738,Recipe_A,a717ca67-edd7-4f3d-81bc-b95bafc99df1,15,0.0,,,,0.0,0.0,0.0,0.0,0.0,0.0
2025-12-16T18:05:03.948738,Recipe_A,a717ca67-edd7-4f3d-81bc-b95bafc99df1,15,0.0,,,,0.0,0.0,0.0,0.0,0.0,0.0
2025-12-16T18:05:04.948738,Recipe_A,a717ca67-edd7-4f3d-81bc-b95bafc99df1,15,0.0,,,,0.0,0.0,0.0,0.0,0.0,0.0
2025-12-16T18:05:05.948738,Recipe_A,a717ca67-edd7-4f3d-81bc-b95bafc99df1,15,0.0,,,,0.0,0.0,0.0,0.0,0.0,0.0
2025-12-16T18:05:06.948738,Recipe_A,a717ca67-edd7-4f3d-81bc-b95bafc99df1,15,0.0,,,,0.0,0.0,0.0,0.0,0.0,0.0
2025-12-16T18:05:07.948738,Recipe_A,a717ca67-edd7-4f3d-81bc-b95bafc99df1,15,0.0,,,,0.0,0.0,0.0,0.0,0.0,0.0
2025-12-16T18:05:08.948738,Recipe_A,a717ca67-edd7-4f3d-81bc-b95bafc99df1,15,0.0,,,,0.0,0.0,0.0,0.0,0.0,0.0
2025-12-16T18:05:09.948738,Recipe_A,a717ca67-edd7-4f3d-81bc-b95bafc99df1,15,0.0,,,,0.0,0.0,0.0,0.0,0.0,0.0
2025-12-16T18:05:10.948738,Recipe_A,a717ca67-edd7-4f3d-81bc-b95bafc99df1,15,0.0,,,,0.0,0.0,0.0,0.0,0.0,0.0
2025-12-16T18:05:11.948738,Recipe_A,a717ca67-edd7-4f3d-81bc-b95bafc99df1,15,0.0,,,,0.0,0.0,0.0,0.0,0.0,0.0
2025-12-16T18:05:12.948738,Recipe_A,a717ca67-edd7-4f3d-81bc-b95bafc99df1,15,0.0,,,,0.0,0.0,0.0,0.0,0.0,0.0
2025-12-16T18:05:13.948738,Recipe_A,a717ca67-edd7-4f3d-81bc-b95bafc99df1,15,0.0,,,,0.0,0.0,0.0,0.0,0.0,0.0
2025-12-16T18:05:14.948738,Recipe_A,a717ca67-edd7-4f3d-81bc-b95bafc99df1,15,0.0,,,,0.0,0.0,0.0,0.0,0.0,0.0
2025-12-16T18:05:15.948738,Recipe_A,a717ca67-edd7-4f3d-81bc-b95bafc99df1,15,0.0,,,,0.0,0.0,0.0,0.0,0.0,0.0
2025-12-16T18:05:16.948738,Recipe_A,a717ca67-edd7-4f3d-81bc-b95bafc99df1,15,0.0,,,,0.0,0.0,0.0,0.0,0.0,0.0
2025-12-16T18:05:17.948738,Recipe_A,a717ca67-edd7-4f3d-81bc-b95bafc99df1,15,0.0,,,,0.0,0.0,0.0,0.0,0.0,0.0
2025-12-16T18:05:18.948738,Recipe_A,a717ca67-edd7-4f3d-81bc-b95bafc99df1,15,0.0,,,,0.0,0.0,0.0,0.0,0.0,0.0
2025-12-16T18:05:19.948738,Recipe_A,a717ca67-edd7-4f3d-81bc-b95bafc99df1,15,0.0,,,,0.0,0.0,0.0,0.0,0.0,0.0
2025-12-16T18:05:20.948738,Recipe_A,a717ca67-edd7-4f3d-81bc-b95bafc99df1,15,0.0,,,,0.0,0.0,0.0,0.0,0.0,0.0
2025-12-16T18:05:21.948738,Recipe_A,a717ca67-edd7-4f3d-81bc-b95bafc99df1,15,0.0,,,,0.0,0.0,0.0,0.0,0.0,0.0
2025-12-16T18:05:22.948738,Recipe_A,a717ca67-edd7-4f3d-81bc-b95bafc99df1,15,0.0,,,,0.0,0.0,0.0,0.0,0.0,0.0
2025-12-16T18:05:23.948738,Recipe_A,a717ca67-edd7-4f3d-81bc-b95bafc99df1,15,0.0,,,,0.0,0.0,0.0,0.0,0.0,0.0
2025-12-16T18:05:24.948738,Recipe_A,a717ca67-edd7-4f3d-81bc-b95bafc99df1,15,0.0,,,,0.0,0.0,0.0,0.0,0.0,0.0
2025-12-16T18:05:25.948738,Recipe_A,a717ca67-edd7-4f3d-81bc-b95bafc99df1,15,0.0,,,,0.0,0.0,0.0,0.0,0.0,0.0
2025-12-16T18:05:26.948738,Recipe_A,a717ca67-edd7-4f3d-81bc-b95bafc99df1,15,0.0,,,,0.0,0.0,0.0,0.0,0.0,0.0
2025-12-16T18:05:27.948738,Recipe_A,a717ca67-edd7-4f3d-81bc-b95bafc99df1,15,0.0,,,,0.0,0.0,0.0,0.0,0.0,0.0
2025-12-16T18:05:28.948738,Recipe_A,a717ca67-edd7-4f3d-81bc-b95bafc99df1,15,0.0,,,,0.0,0.0,0.0,0.0,0.0,0.0
2025-12-16T18:05:29.948738,Recipe_A,a717ca67-edd7-4f3d-81bc-b95bafc99df1,15,0.0,,,,0.0,0.0,0.0,0.0,0.0,0.0
2025-12-16T18:05:30.948738,Recipe_A,a717ca67-edd7-4f3d-81bc-b95bafc99df1,15,0.0,,,,0.0,0.0,0.0,0.0,0.0,0.0
2025-12-16T18:05:31.948738,Recipe_A,a717ca67-edd7-4f3d-81bc-b95bafc99df1,15,0.0,,,,0.0,0.0,0.0,0.0,0.0,0.0
2025-12-16T18:05:32.948738,Recipe_A,a717ca67-edd7-4f3d-81bc-b95bafc99df1,15,0.0,,,,0.0,0.0,0.0,0.0,0.0,0.0
2025-12-16T18:05:33.948738,Recipe_A,a717ca67-edd7-4f3d-81bc-b95bafc99df1,15,0.0,,,,0.0,0.0,0.0,0.0,0.0,0.0
2025-12-16T18:05:34.948738,Recipe_A,a717ca67-edd7-4f3d-81bc-b95bafc99df1,15,0.0,,,,0.0,0.0,0.0,0.0,0.0,0.0
2025-12-16T18:05:35.948738,Recipe_A,a717ca67-edd7-4f3d-81bc-b95bafc99df1,15,0.0,,,,0.0,0.0,0.0,0.0,0.0,0.0
2025-12-16T18:05:36.948738,Recipe_A,a717ca67-edd7-4f3d-81bc-b95bafc99df1,15,0.0,,,,0.0,0.0,0.0,0.0,0.0,0.0
2025-12-16T18:05:37.948738,Recipe_A,a717ca67-edd7-4f3d-81bc-b95bafc99df1,15,0.0,,,,0.0,0.0,0.0,0.0,0.0,0.0
2025-12-16T18:05:38.948738,Recipe_A,a717ca67-edd7-4f3d-81bc-b95bafc99df1,15,0.0,,,,0.0,0.0,0.0,0.0,0.0,0.0
2025-12-16T18:05:39.948738,Recipe_A,a717ca67-edd7-4f3d-81bc-b95bafc99df1,15,0.0,,,,0.0,0.0,0.0,0.0,0.0,0.0
2025-12-16T18:05:40.948738,Recipe_A,a717ca67-edd7-4f3d-81bc-b95bafc99df1,15,0.0,,,,0.0,0.0,0.0,0.0,0.0,0.0
2025-12-16T18:05:41.948738,Recipe_A,a717ca67-edd7-4f3d-81bc-b95bafc99df1,15,0.0,,,,0.0,0.0,0.0,0.0,0.0,0.0
2025-12-16T18:05:42.948738,Recipe_A,a717ca67-edd7-4f3d-81bc-b95bafc99df1,15,2.0,,,,6.08,9.76,3.06,7.95,10.62,7.44
2025-12-16T18:05:43.948738,Recipe_A,a717ca67-edd7-4f3d-81bc-b95bafc99df1,15,2.0,,,,17.14,9.65,7.24,8.32,8.5,8.37
2025-12-16T18:05:44.948738,Recipe_A,a717ca67-edd7-4f3d-81bc-b95bafc99df1,15,2.0,,,,12.64,11.64,11.84,8.73,11.98,9.11
2025-12-16T18:05:45.948738,Recipe_A,a717ca67-edd7-4f3d-81bc-b95bafc99df1,15,2.0,,,,14.84,9.34,7.39,10.8,6.45,7.66
2025-12-16T18:05:46.948738,Recipe_A,a717ca67-edd7-4f3d-81bc-b95bafc99df1,15,2.0,,,,7.83,9.16,12.08,9.18,8.14,9.72
2025-12-16T18:05:47.948738,Recipe_A,a717ca67-edd7-4f3d-81bc-b95bafc99df1,15,2.0,,,,7.69,11.43,12.04,10.91,14.07,5.15
2025-12-16T18:05:48.948738,Recipe_A,a717ca67-edd7-4f3d-81bc-b95bafc99df1,15,2.0,,,,11.29,11.07,8.39,10.85,9.58,8.88
2025-12-16T18:05:49.948738,Recipe_A,a717ca67-edd7-4f3d-81bc-b95bafc99df1,15,2.0,,,,9.52,7.52,9.13,8.82,9.11,13.61
2025-12-16T18:05:50.948738,Recipe_A,a717ca67-edd7-4f3d-81bc-b95bafc99df1,15,2.0,,,,10.82,8.13,8.93,10.92,10.88,8.21
2025-12-16T18:05:51.948738,Recipe_A,a717ca67-edd7-4f3d-81bc-b95bafc99df1,15,2.0,,,,6.31,9.54,13.05,10.49,12.77,12.19
2025-12-16T18:05:52.948738,Recipe_A,a717ca67-edd7-4f3d-81bc-b95bafc99df1,15,2.0,,,,9.59,11.23,10.25,11.15,8.46,9.14
2025-12-16T18:05:53.948738,Recipe_A,a717ca67-edd7-4f3d-81bc-b95bafc99df1,15,2.0,,,,14.64,13.83,10.01,8.94,9.97,7.51
2025-12-16T18:05:54.948738,Recipe_A,a717ca67-edd7-4f3d-81bc-b95bafc99df1,15,2.0,,,,7.05,9.28,11.86,13.52,11.42,8.76
2025-12-16T18:05:55.948738,Recipe_A,a717ca67-edd7-4f3d-81bc-b95bafc99df1,15,2.0,,,,14.01,8.0,7.3,9.45,8.94,5.81
2025-12-16T18:05:56.948738,Recipe_A,a717ca67-edd7-4f3d-81bc-b95bafc99df1,15,2.0,,,,8.83,9.26,8.88,13.65,10.78,10.09
2025-12-16T18:05:57.948738,Recipe_A,a717ca67-edd7-4f3d-81bc-b95bafc99df1,15,2.0,,,,12.72,9.91,9.84,12.09,6.57,10.12
2025-12-16T18:05:58.948738,Recipe_A,a717ca67-edd7-4f3d-81bc-b95bafc99df1,15,2.0,,,,7.75,8.81,10.66,12.16,12.54,11.68
2025-12-16T18:05:59.948738,Recipe_A,a717ca67-edd7-4f3d-81bc-b95bafc99df1,15,2.0,,,,12.19,8.05,9.38,10.22,13.02,7.48
2025-12-16T18:06:00.948738,Recipe_A,a717ca67-edd7-4f3d-81bc-b95bafc99df1,15,2.0,,,,8.27,11.64,8.81,11.29,10.29,10.69
2025-12-16T18:06:01.948738,Recipe_A,a717ca67-edd7-4f3d-81bc-b95bafc99df1,15,2.0,,,,9.41,8.17,11.2,11.17,10.1,9.61
2025-12-16T18:06:02.948738,Recipe_A,a717ca67-edd7-4f3d-81bc-b95bafc99df1,15,2.0,,,,9.84,7.21,10.64,10.9,8.71,10.81
2025-12-16T18:06:03.948738,Recipe_A,a717ca67-edd7-4f3d-81bc-b95bafc99df1,15,2.0,,,,6.96,10.67,8.4,7.18,9.8,15.14
2025-12-16T18:06:04.948738,Recipe_A,a717ca67-edd7-4f3d-81bc-b95bafc99df1,15,2.0,,,,11.88,10.93,8.87,8.08,10.9,10.3
2025-12-16T18:06:05.948738,Recipe_A,a717ca67-edd7-4f3d-81bc-b95bafc99df1,15,2.0,,,,11.02,13.36,7.34,9.67,9.78,5.35
2025-12-16T18:06:06.948738,Recipe_A,a717ca67-edd7-4f3d-81bc-b95bafc99df1,15,2.0,,,,9.29,7.09,8.73,10.2,7.1,8.22
2025-12-16T18:06:07.948738,Recipe_A,a717ca67-edd7-4f3d-81bc-b95bafc99df1,15,2.0,,,,6.47,6.34,9.06,7.51,14.29,7.51
2025-12-16T18:06:08.948738,Recipe_A,a717ca67-edd7-4f3d-81bc-b95bafc99df1,15,2.0,,,,10.76,12.53,11.63,12.09,7.63,13.87
2025-12-16T18:06:09.948738,Recipe_A,a717ca67-edd7-4f3d-81bc-b95bafc99df1,15,2.0,,,,11.75,11.27,8.87,8.86,12.3,7.81
2025-12-16T18:06:10.948738,Recipe_A,a717ca67-edd7-4f3d-81bc-b95bafc99df1,15,2.0,,,,10.13,7.88,9.97,9.15,10.18,6.91
2025-12-16T18:06:11.948738,Recipe_A,a717ca67-edd7-4f3d-81bc-b95bafc99df1,15,2.0,,,,6.93,12.25,9.96,12.51,11.44,6.78
2025-12-16T18:06:12.948738,Recipe_A,a717ca67-edd7-4f3d-81bc-b95bafc99df1,15,2.0,,,,10.85,11.69,10.12,11.56,7.68,12.83
2025-12-16T18:06:13.948738,Recipe_A,a717ca67-edd7-4f3d-81bc-b95bafc99df1,15,2.0,,,,11.23,11.1,11.86,12.13,8.89,7.63
2025-12-16T18:06:14.948738,Recipe_A,a717ca67-edd7-4f3d-81bc-b95bafc99df1,15,2.0,,,,9.17,12.54,8.17,9.01,11.77,10.39
2025-12-16T18:06:15.948738,Recipe_A,a717ca67-edd7-4f3d-81bc-b95bafc99df1,15,2.0,,,,10.92,10.76,10.24,9.65,11.38,10.45
2025-12-16T18:06:16.948738,Recipe_A,a717ca67-edd7-4f3d-81bc-b95bafc99df1,15,2.0,,,,8.93,9.2,10.62,11.94,9.24,9.69
2025-12-16T18:06:17.948738,Recipe_A,a717ca67-edd7-4f3d-81bc-b95bafc99df1,15,2.0,,,,13.47,9.5,9.66,9.54,9.95,10.35
2025-12-16T18:06:17.948738,Recipe_A,a717ca67-edd7-4f3d-81bc-b95bafc99df1,15,2.0,Warning_4,Simulated Warning occurred,Warning,,,,,,
2025-12-16T18:06:18.948738,Recipe_A,a717ca67-edd7-4f3d-81bc-b95bafc99df1,15,2.0,,,,9.29,6.09,11.44,7.1,11.42,9.86
2025-12-16T18:06:19.948738,Recipe_A,a717ca67-edd7-4f3d-81bc-b95bafc99df1,15,2.0,,,,9.02,12.31,8.77,7.89,7.07,10.27
2025-12-16T18:06:20.948738,Recipe_A,a717ca67-edd7-4f3d-81bc-b95bafc99df1,15,2.0,,,,12.47,11.63,7.28,9.86,9.21,10.35
2025-12-16T18:06:21.948738,Recipe_A,a717ca67-edd7-4f3d-81bc-b95bafc99df1,15,2.0,,,,4.1,9.33,11.65,9.67,7.83,8.48
2025-12-16T18:06:22.948738,Recipe_A,a717ca67-edd7-4f3d-81bc-b95bafc99df1,15,2.0,,,,12.96,10.06,10.04,9.06,13.85,7.78
2025-12-16T18:06:23.948738,Recipe_A,a717ca67-edd7-4f3d-81bc-b95bafc99df1,15,2.0,,,,10.8,13.47,6.13,9.98,11.49,5.52
2025-12-16T18:06:24.948738,Recipe_A,a717ca67-edd7-4f3d-81bc-b95bafc99df1,15,2.0,,,,7.38,11.88,9.28,9.89,8.8,10.27
2025-12-16T18:06:25.948738,Recipe_A,a717ca67-edd7-4f3d-81bc-b95bafc99df1,15,2.0,,,,7.06,13.07,9.77,9.11,8.9,8.89
2025-12-16T18:06:26.948738,Recipe_A,a717ca67-edd7-4f3d-81bc-b95bafc99df1,15,2.0,,,,7.32,10.15,9.72,11.0,10.87,6.58
2025-12-16T18:06:27.948738,Recipe_A,a717ca67-edd7-4f3d-81bc-b95bafc99df1,15,2.0,,,,6.32,6.66,11.31,11.33,9.2,12.85
2025-12-16T18:06:28.948738,Recipe_A,a717ca67-edd7-4f3d-81bc-b95bafc99df1,15,4.0,,,,100.09,58.33,44.65,51.94,56.32,43.72
2025-12-16T18:06:29.948738,Recipe_A,a717ca67-edd7-4f3d-81bc-b95bafc99df1,15,4.0,,,,91.11,47.81,49.55,56.96,48.26,48.95
2025-12-16T18:06:30.948738,Recipe_A,a717ca67-edd7-4f3d-81bc-b95bafc99df1,15,4.0,,,,101.04,47.09,49.39,56.05,50.18,55.0
2025-12-16T18:06:31.948738,Recipe_A,a717ca67-edd7-4f3d-81bc-b95bafc99df1,15,4.0,,,,99.05,43.69,54.28,33.48,53.73,44.3
2025-12-16T18:06:32.948738,Recipe_A,a717ca67-edd7-4f3d-81bc-b95bafc99df1,15,4.0,,,,104.11,56.95,45.81,48.17,45.93,59.62
2025-12-16T18:06:33.948738,Recipe_A,a717ca67-edd7-4f3d-81bc-b95bafc99df1,15,4.0,,,,100.39,34.12,55.94,50.97,53.64,44.59
2025-12-16T18:06:34.948738,Recipe_A,a717ca67-edd7-4f3d-81bc-b95bafc99df1,15,4.0,,,,96.84,49.94,55.0,46.42,57.3,53.58
2025-12-16T18:06:35.948738,Recipe_A,a717ca67-edd7-4f3d-81bc-b95bafc99df1,15,4.0,,,,91.94,52.9,49.54,49.32,53.54,48.88
2025-12-16T18:06:36.948738,Recipe_A,a717ca67-edd7-4f3d-81bc-b95bafc99df1,15,4.0,,,,107.31,52.18,53.79,54.29,61.25,46.46
2025-12-16T18:06:37.948738,Recipe_A,a717ca67-edd7-4f3d-81bc-b95bafc99df1,15,4.0,,,,94.48,53.48,47.45,58.7,46.68,49.78
2025-12-16T18:06:38.948738,Recipe_A,a717ca67-edd7-4f3d-81bc-b95bafc99df1,15,4.0,,,,98.92,48.47,44.12,36.03,52.43,53.44
2025-12-16T18:06:39.948738,Recipe_A,a717ca67-edd7-4f3d-81bc-b95bafc99df1,15,4.0,,,,95.45,46.96,44.12,40.2,41.92,47.67
2025-12-16T18:06:40.948738,Recipe_A,a717ca67-edd7-4f3d-81bc-b95bafc99df1,15,4.0,,,,97.9,47.4,50.89,53.13,48.36,48.33
2025-12-16T18:06:41.948738,Recipe_A,a717ca67-edd7-4f3d-81bc-b95bafc99df1,15,3.0,,,,9.85,7.92,13.4,7.04,10.38,6.96
2025-12-16T18:06:42.948738,Recipe_A,a717ca67-edd7-4f3d-81bc-b95bafc99df1,15,3.0,,,,8.67,6.91,10.84,9.21,11.25,9.87
2025-12-16T18:06:43.948738,Recipe_A,a717ca67-edd7-4f3d-81bc-b95bafc99df1,15,3.0,,,,8.7,7.36,8.6,11.77,9.22,12.79
2025-12-16T18:06:44.948738,Recipe_A,a717ca67-edd7-4f3d-81bc-b95bafc99df1,15,3.0,,,,13.81,7.53,5.04,8.97,11.65,12.29
2025-12-16T18:06:45.948738,Recipe_A,a717ca67-edd7-4f3d-81bc-b95bafc99df1,15,3.0,,,,9.06,14.6,13.7,9.14,13.62,12.12
2025-12-16T18:06:46.948738,Recipe_A,a717ca67-edd7-4f3d-81bc-b95bafc99df1,15,3.0,,,,6.75,10.99,10.64,9.12,9.6,9.63
2025-12-16T18:06:47.948738,Recipe_A,a717ca67-edd7-4f3d-81bc-b95bafc99df1,15,3.0,,,,9.04,11.64,8.93,11.22,5.46,9.29
2025-12-16T18:06:48.948738,Recipe_A,a717ca67-edd7-4f3d-81bc-b95bafc99df1,15,3.0,,,,11.31,13.9,8.03,7.75,11.53,7.59
2025-12-16T18:06:49.948738,Recipe_A,a717ca67-edd7-4f3d-81bc-b95bafc99df1,15,4.0,,,,103.09,49.16,48.72,53.78,43.53,51.1
2025-12-16T18:06:50.948738,Recipe_A,a717ca67-edd7-4f3d-81bc-b95bafc99df1,15,4.0,,,,97.3,47.5,52.16,52.84,46.08,42.21
2025-12-16T18:06:51.948738,Recipe_A,a717ca67-edd7-4f3d-81bc-b95bafc99df1,15,4.0,,,,92.81,60.36,50.14,49.42,58.22,38.06
2025-12-16T18:06:52.948738,Recipe_A,a717ca67-edd7-4f3d-81bc-b95bafc99df1,15,4.0,,,,93.43,47.82,36.77,51.49,51.07,57.37
2025-12-16T18:06:53.948738,Recipe_A,a717ca67-edd7-4f3d-81bc-b95bafc99df1,15,4.0,,,,102.63,53.56,49.43,50.14,55.29,52.02
2025-12-16T18:06:54.948738,Recipe_A,a717ca67-edd7-4f3d-81bc-b95bafc99df1,15,4.0,,,,88.37,51.06,48.96,51.23,51.65,56.44
2025-12-16T18:06:55.948738,Recipe_A,a717ca67-edd7-4f3d-81bc-b95bafc99df1,15,4.0,,,,108.94,48.54,50.97,53.14,47.55,48.01
2025-12-16T18:06:56.948738,Recipe_A,a717ca67-edd7-4f3d-81bc-b95bafc99df1,15,4.0,,,,100.37,51.96,48.18,52.77,44.64,52.97
2025-12-16T18:06:57.948738,Recipe_A,a717ca67-edd7-4f3d-81bc-b95bafc99df1,15,4.0,,,,102.57,50.65,49.8,43.42,43.97,39.96
2025-12-16T18:06:58.948738,Recipe_A,a717ca67-edd7-4f3d-81bc-b95bafc99df1,15,4.0,,,,91.77,46.02,44.3,46.59,57.26,45.39
2025-12-16T18:06:59.948738,Recipe_A,a717ca67-edd7-4f3d-81bc-b95bafc99df1,15,4.0,,,,99.18,53.5,48.73,48.74,46.84,54.47
2025-12-16T18:07:00.948738,Recipe_A,a717ca67-edd7-4f3d-81bc-b95bafc99df1,15,4.0,,,,97.6,45.55,55.51,52.68,57.75,51.39
2025-12-16T18:07:01.948738,Recipe_A,a717ca67-edd7-4f3d-81bc-b95bafc99df1,15,4.0,,,,102.34,43.8,54.11,46.06,48.38,53.9
2025-12-16T18:07:02.948738,Recipe_A,a717ca67-edd7-4f3d-81bc-b95bafc99df1,15,4.0,,,,96.86,55.75,55.74,52.11,52.21,42.56
2025-12-16T18:07:03.948738,Recipe_A,a717ca67-edd7-4f3d-81bc-b95bafc99df1,15,4.0,,,,103.94,54.67,48.43,49.57,48.61,53.23
2025-12-16T18:07:04.948738,Recipe_A,a717ca67-edd7-4f3d-81bc-b95bafc99df1,15,4.0,,,,97.42,53.75,47.87,47.0,49.18,43.06
2025-12-16T18:07:05.948738,Recipe_A,a717ca67-edd7-4f3d-81bc-b95bafc99df1,15,4.0,,,,101.98,49.69,48.32,55.06,54.66,51.38
2025-12-16T18:07:06.948738,Recipe_A,a717ca67-edd7-4f3d-81bc-b95bafc99df1,15,4.0,,,,98.48,52.01,49.62,54.01,49.99,62.37
2025-12-16T18:07:07.948738,Recipe_A,a717ca67-edd7-4f3d-81bc-b95bafc99df1,15,4.0,,,,100.25,44.49,47.52,51.11,51.9,57.46
2025-12-16T18:07:08.948738,Recipe_A,a717ca67-edd7-4f3d-81bc-b95bafc99df1,15,4.0,,,,90.39,56.05,47.9,47.48,52.66,51.33
2025-12-16T18:07:09.948738,Recipe_A,a717ca67-edd7-4f3d-81bc-b95bafc99df1,15,4.0,,,,94.41,51.46,43.85,52.98,46.69,44.74
2025-12-16T18:07:10.948738,Recipe_A,a717ca67-edd7-4f3d-81bc-b95bafc99df1,15,4.0,,,,96.06,44.53,52.3,50.34,42.71,51.55
2025-12-16T18:07:11.948738,Recipe_A,a717ca67-edd7-4f3d-81bc-b95bafc99df1,15,1.0,,,,9.97,15.03,9.67,10.49,5.49,9.61
2025-12-16T18:07:12.948738,Recipe_A,a717ca67-edd7-4f3d-81bc-b95bafc99df1,15,1.0,,,,8.44,9.6,7.11,11.98,7.24,11.44
2025-12-16T18:07:13.948738,Recipe_A,a717ca67-edd7-4f3d-81bc-b95bafc99df1,15,1.0,,,,9.49,13.39,11.31,12.13,10.02,9.15
2025-12-16T18:07:14.948738,Recipe_A,a717ca67-edd7-4f3d-81bc-b95bafc99df1,15,1.0,,,,11.32,11.09,11.63,9.51,10.49,7.79
2025-12-16T18:07:15.948738,Recipe_A,a717ca67-edd7-4f3d-81bc-b95bafc99df1,15,1.0,,,,5.36,7.75,9.76,9.05,8.21,6.78
2025-12-16T18:07:16.948738,Recipe_A,a717ca67-edd7-4f3d-81bc-b95bafc99df1,15,1.0,,,,6.91,7.07,6.36,12.63,9.53,14.36
2025-12-16T18:07:17.948738,Recipe_A,a717ca67-edd7-4f3d-81bc-b95bafc99df1,15,1.0,,,,9.42,12.94,6.16,9.35,13.32,12.09
2025-12-16T18:07:18.948738,Recipe_A,a717ca67-edd7-4f3d-81bc-b95bafc99df1,15,1.0,,,,8.87,10.53,5.27,8.41,12.81,12.0
2025-12-16T18:07:19.948738,Recipe_A,a717ca67-edd7-4f3d-81bc-b95bafc99df1,15,1.0,,,,9.06,10.59,12.1,6.96,9.75,10.56
2025-12-16T18:07:20.948738,Recipe_A,a717ca67-edd7-4f3d-81bc-b95bafc99df1,15,1.0,,,,10.51,10.24,13.43,7.21,11.42,10.44
2025-12-16T18:07:21.948738,Recipe_A,a717ca67-edd7-4f3d-81bc-b95bafc99df1,15,1.0,,,,8.55,10.7,11.92,11.13,12.2,10.8
2025-12-16T18:07:22.948738,Recipe_A,a717ca67-edd7-4f3d-81bc-b95bafc99df1,15,1.0,,,,8.42,8.11,14.19,7.87,14.0,11.93
2025-12-16T18:07:23.948738,Recipe_A,a717ca67-edd7-4f3d-81bc-b95bafc99df1,15,1.0,,,,8.42,8.61,9.94,6.28,11.29,12.79
2025-12-16T18:07:24.948738,Recipe_A,a717ca67-edd7-4f3d-81bc-b95bafc99df1,15,1.0,,,,9.82,6.39,14.5,13.17,8.58,9.34
2025-12-16T18:07:25.948738,Recipe_A,a717ca67-edd7-4f3d-81bc-b95bafc99df1,15,1.0,,,,10.25,12.0,12.48,9.55,6.32,14.13
2025-12-16T18:07:26.948738,Recipe_A,a717ca67-edd7-4f3d-81bc-b95bafc99df1,15,1.0,,,,8.27,13.55,9.52,9.7,7.35,13.28
2025-12-16T18:07:27.948738,Recipe_A,a717ca67-edd7-4f3d-81bc-b95bafc99df1,15,1.0,,,,10.2,9.65,8.41,9.98,10.46,12.18
2025-12-16T18:07:28.948738,Recipe_A,a717ca67-edd7-4f3d-81bc-b95bafc99df1,15,1.0,,,,10.11,11.15,11.47,8.38,11.45,13.37
2025-12-16T18:07:29.948738,Recipe_A,a717ca67-edd7-4f3d-81bc-b95bafc99df1,15,1.0,,,,9.82,12.09,9.63,9.49,8.26,8.72
2025-12-16T18:07:30.948738,Recipe_A,a717ca67-edd7-4f3d-81bc-b95bafc99df1,15,1.0,,,,7.6,11.5,10.02,11.38,9.46,7.14
2025-12-16T18:07:31.948738,Recipe_A,a717ca67-edd7-4f3d-81bc-b95bafc99df1,15,1.0,,,,12.18,10.57,10.45,10.91,12.8,9.37
2025-12-16T18:07:32.948738,Recipe_A,a717ca67-edd7-4f3d-81bc-b95bafc99df1,15,1.0,,,,11.29,7.16,13.33,8.33,8.78,9.52
2025-12-16T18:07:33.948738,Recipe_A,a717ca67-edd7-4f3d-81bc-b95bafc99df1,15,1.0,,,,8.75,9.4,10.6,9.28,9.89,14.52
2025-12-16T18:07:34.948738,Recipe_A,a717ca67-edd7-4f3d-81bc-b95bafc99df1,15,1.0,,,,8.25,8.95,9.14,9.47,10.88,10.69
2025-12-16T18:07:35.948738,Recipe_A,a717ca67-edd7-4f3d-81bc-b95bafc99df1,15,1.0,,,,10.7,7.04,8.72,7.51,7.89,10.08
2025-12-16T18:07:36.948738,Recipe_A,a717ca67-edd7-4f3d-81bc-b95bafc99df1,15,1.0,,,,8.73,7.35,12.78,9.47,12.07,7.37
2025-12-16T18:07:37.948738,Recipe_A,a717ca67-edd7-4f3d-81bc-b95bafc99df1,15,1.0,,,,9.99,6.22,10.09,8.19,11.66,12.35
2025-12-16T18:07:38.948738,Recipe_A,a717ca67-edd7-4f3d-81bc-b95bafc99df1,15,1.0,,,,9.0,8.72,11.02,12.23,10.02,9.87
2025-12-16T18:07:39.948738,Recipe_A,a717ca67-edd7-4f3d-81bc-b95bafc99df1,15,1.0,,,,11.37,8.51,11.15,8.91,10.73,8.78
2025-12-16T18:07:40.948738,Recipe_A,a717ca67-edd7-4f3d-81bc-b95bafc99df1,15,1.0,,,,11.68,8.0,8.26,7.91,10.25,10.01
2025-12-16T18:07:41.948738,Recipe_A,a717ca67-edd7-4f3d-81bc-b95bafc99df1,15,1.0,,,,12.05,7.35,8.27,7.13,5.35,13.16
2025-12-16T18:07:42.948738,Recipe_A,a717ca67-edd7-4f3d-81bc-b95bafc99df1,15,1.0,,,,7.96,9.38,12.66,12.44,11.61,10.99
2025-12-16T18:07:43.948738,Recipe_A,a717ca67-edd7-4f3d-81bc-b95bafc99df1,15,1.0,,,,10.67,9.94,8.1,11.34,10.64,10.68
2025-12-16T18:07:44.948738,Recipe_A,a717ca67-edd7-4f3d-81bc-b95bafc99df1,15,1.0,,,,12.39,8.13,7.5,14.66,8.46,11.03
2025-12-16T18:07:45.948738,Recipe_A,a717ca67-edd7-4f3d-81bc-b95bafc99df1,15,1.0,,,,13.5,9.8,11.28,10.49,11.7,12.77
2025-12-16T18:07:46.948738,Recipe_A,a717ca67-edd7-4f3d-81bc-b95bafc99df1,15,1.0,,,,9.95,7.76,7.28,9.29,9.55,10.82
2025-12-16T18:07:47.948738,Recipe_A,a717ca67-edd7-4f3d-81bc-b95bafc99df1,15,1.0,,,,8.78,8.4,12.29,11.99,9.2,10.24
2025-12-16T18:07:48.948738,Recipe_A,a717ca67-edd7-4f3d-81bc-b95bafc99df1,15,1.0,,,,7.47,10.5,8.44,10.48,9.42,12.16
2025-12-16T18:07:49.948738,Recipe_A,a717ca67-edd7-4f3d-81bc-b95bafc99df1,15,1.0,,,,9.64,6.34,8.56,11.2,10.46,7.77
2025-12-16T18:07:50.948738,Recipe_A,a717ca67-edd7-4f3d-81bc-b95bafc99df1,15,1.0,,,,13.61,9.53,7.33,9.74,9.98,12.17
2025-12-16T18:07:51.948738,Recipe_A,a717ca67-edd7-4f3d-81bc-b95bafc99df1,15,1.0,,,,10.12,9.56,10.77,9.07,7.7,11.57
2025-12-16T18:07:52.948738,Recipe_A,a717ca67-edd7-4f3d-81bc-b95bafc99df1,15,3.0,,,,8.82,10.12,10.42,7.44,11.26,7.38
2025-12-16T18:07:53.948738,Recipe_A,a717ca67-edd7-4f3d-81bc-b95bafc99df1,15,3.0,,,,12.48,11.8,8.82,8.29,12.25,9.68
2025-12-16T18:07:54.948738,Recipe_A,a717ca67-edd7-4f3d-81bc-b95bafc99df1,15,3.0,,,,7.71,10.46,9.85,8.93,12.66,14.26
2025-12-16T18:07:55.948738,Recipe_A,a717ca67-edd7-4f3d-81bc-b95bafc99df1,15,3.0,,,,10.44,13.1,9.91,13.32,9.69,15.13
2025-12-16T18:07:56.948738,Recipe_A,a717ca67-edd7-4f3d-81bc-b95bafc99df1,15,3.0,,,,10.67,9.89,11.46,9.1,10.45,11.76
2025-12-16T18:07:57.948738,Recipe_A,a717ca67-edd7-4f3d-81bc-b95bafc99df1,15,3.0,,,,9.01,7.56,7.84,13.39,7.12,8.65
2025-12-16T18:07:58.948738,Recipe_A,a717ca67-edd7-4f3d-81bc-b95bafc99df1,15,3.0,,,,6.96,6.96,10.05,9.39,9.14,9.01
2025-12-16T18:07:59.948738,Recipe_A,a717ca67-edd7-4f3d-81bc-b95bafc99df1,15,3.0,,,,10.93,9.41,10.29,12.84,8.05,7.19
2025-12-16T18:08:00.948738,Recipe_A,a717ca67-edd7-4f3d-81bc-b95bafc99df1,15,3.0,,,,10.96,6.02,13.04,11.84,8.23,10.72
2025-12-16T18:08:01.948738,Recipe_A,a717ca67-edd7-4f3d-81bc-b95bafc99df1,15,3.0,,,,12.26,7.6,10.39,8.22,13.18,11.77
2025-12-16T18:08:02.948738,Recipe_A,a717ca67-edd7-4f3d-81bc-b95bafc99df1,15,3.0,,,,8.38,11.02,10.1,6.52,9.28,13.44
2025-12-16T18:08:03.948738,Recipe_A,a717ca67-edd7-4f3d-81bc-b95bafc99df1,15,3.0,,,,7.45,12.79,8.68,4.76,8.76,13.43
2025-12-16T18:08:04.948738,Recipe_A,a717ca67-edd7-4f3d-81bc-b95bafc99df1,15,3.0,,,,8.37,9.91,11.06,11.16,12.99,9.0
2025-12-16T18:08:05.948738,Recipe_A,a717ca67-edd7-4f3d-81bc-b95bafc99df1,15,3.0,,,,12.53,9.11,12.88,9.76,13.59,10.05
2025-12-16T18:08:06.948738,Recipe_A,a717ca67-edd7-4f3d-81bc-b95bafc99df1,15,3.0,,,,15.06,5.58,9.09,12.15,10.12,9.88
2025-12-16T18:08:07.948738,Recipe_A,a717ca67-edd7-4f3d-81bc-b95bafc99df1,15,3.0,,,,10.33,10.41,12.88,8.5,10.35,8.79
2025-12-16T18:08:08.948738,Recipe_A,a717ca67-edd7-4f3d-81bc-b95bafc99df1,15,3.0,,,,9.89,11.31,6.81,9.28,8.67,9.03
2025-12-16T18:08:09.948738,Recipe_A,a717ca67-edd7-4f3d-81bc-b95bafc99df1,15,3.0,,,,10.23,8.06,8.41,8.51,11.66,12.13
2025-12-16T18:08:10.948738,Recipe_A,a717ca67-edd7-4f3d-81bc-b95bafc99df1,15,3.0,,,,12.27,11.73,7.91,7.28,9.16,12.89
2025-12-16T18:08:11.948738,Recipe_A,a717ca67-edd7-4f3d-81bc-b95bafc99df1,15,3.0,,,,8.31,10.3,9.52,11.23,13.19,12.42
2025-12-16T18:08:12.948738,Recipe_A,a717ca67-edd7-4f3d-81bc-b95bafc99df1,15,3.0,,,,7.36,13.22,6.69,9.12,11.5,10.93
2025-12-16T18:08:13.948738,Recipe_A,a717ca67-edd7-4f3d-81bc-b95bafc99df1,15,3.0,,,,8.26,12.72,7.06,11.52,12.18,12.91
2025-12-16T18:08:14.948738,Recipe_A,a717ca67-edd7-4f3d-81bc-b95bafc99df1,15,3.0,,,,14.89,5.09,8.43,9.07,9.83,7.26
2025-12-16T18:08:15.948738,Recipe_A,a717ca67-edd7-4f3d-81bc-b95bafc99df1,15,3.0,,,,12.89,8.57,12.27,8.11,6.63,11.11
2025-12-16T18:08:16.948738,Recipe_A,a717ca67-edd7-4f3d-81bc-b95bafc99df1,15,3.0,,,,11.44,12.33,9.21,7.47,13.4,9.55
2025-12-16T18:08:17.948738,Recipe_A,a717ca67-edd7-4f3d-81bc-b95bafc99df1,15,3.0,,,,11.67,8.05,13.08,6.65,6.79,9.9
2025-12-16T18:08:18.948738,Recipe_A,a717ca67-edd7-4f3d-81bc-b95bafc99df1,15,3.0,,,,9.01,8.5,11.44,11.45,8.43,6.78
2025-12-16T18:08:19.948738,Recipe_A,a717ca67-edd7-4f3d-81bc-b95bafc99df1,15,3.0,,,,8.49,7.21,10.19,8.24,5.62,12.4
2025-12-16T18:08:20.948738,Recipe_A,a717ca67-edd7-4f3d-81bc-b95bafc99df1,15,3.0,,,,11.97,11.05,12.52,10.62,12.94,10.45
2025-12-16T18:08:21.948738,Recipe_A,a717ca67-edd7-4f3d-81bc-b95bafc99df1,15,3.0,,,,11.2,11.92,6.64,8.52,9.15,15.12
2025-12-16T18:08:22.948738,Recipe_A,a717ca67-edd7-4f3d-81bc-b95bafc99df1,15,0.0,,,,0.0,0.0,0.0,0.0,0.0,0.0
2025-12-16T18:08:23.948738,Recipe_A,a717ca67-edd7-4f3d-81bc-b95bafc99df1,15,0.0,,,,0.0,0.0,0.0,0.0,0.0,0.0
2025-12-16T18:08:24.948738,Recipe_A,a717ca67-edd7-4f3d-81bc-b95bafc99df1,15,0.0,,,,0.0,0.0,0.0,0.0,0.0,0.0
2025-12-16T18:08:25.948738,Recipe_A,a717ca67-edd7-4f3d-81bc-b95bafc99df1,15,0.0,,,,0.0,0.0,0.0,0.0,0.0,0.0
2025-12-16T18:08:26.948738,Recipe_A,a717ca67-edd7-4f3d-81bc-b95bafc99df1,15,0.0,,,,0.0,0.0,0.0,0.0,0.0,0.0
2025-12-16T18:08:27.948738,Recipe_A,a717ca67-edd7-4f3d-81bc-b95bafc99df1,15,0.0,,,,0.0,0.0,0.0,0.0,0.0,0.0
2025-12-16T18:08:28.948738,Recipe_A,a717ca67-edd7-4f3d-81bc-b95bafc99df1,15,0.0,,,,0.0,0.0,0.0,0.0,0.0,0.0
2025-12-16T18:08:29.948738,Recipe_A,a717ca67-edd7-4f3d-81bc-b95bafc99df1,15,0.0,,,,0.0,0.0,0.0,0.0,0.0,0.0
2025-12-16T18:08:30.948738,Recipe_A,a717ca67-edd7-4f3d-81bc-b95bafc99df1,15,0.0,,,,0.0,0.0,0.0,0.0,0.0,0.0
2025-12-16T18:08:31.948738,Recipe_A,a717ca67-edd7-4f3d-81bc-b95bafc99df1,15,4.0,,,,109.26,43.7,50.93,49.65,40.78,48.67
2025-12-16T18:08:32.948738,Recipe_A,a717ca67-edd7-4f3d-81bc-b95bafc99df1,15,4.0,,,,100.98,43.86,49.09,45.69,55.31,55.16
2025-12-16T18:08:33.948738,Recipe_A,a717ca67-edd7-4f3d-81bc-b95bafc99df1,15,4.0,,,,102.5,47.18,56.19,54.5,41.82,38.76
2025-12-16T18:08:34.948738,Recipe_A,a717ca67-edd7-4f3d-81bc-b95bafc99df1,15,4.0,,,,102.55,46.47,43.47,43.49,50.64,50.0
2025-12-16T18:08:35.948738,Recipe_A,a717ca67-edd7-4f3d-81bc-b95bafc99df1,15,4.0,,,,93.24,48.66,45.38,47.75,58.36,51.74
2025-12-16T18:08:36.948738,Recipe_A,a717ca67-edd7-4f3d-81bc-b95bafc99df1,15,4.0,,,,106.45,51.04,52.01,40.07,44.13,40.15
2025-12-16T18:08:37.948738,Recipe_A,a717ca67-edd7-4f3d-81bc-b95bafc99df1,15,4.0,,,,95.31,49.34,40.76,49.11,41.62,52.36
2025-12-16T18:08:38.948738,Recipe_A,a717ca67-edd7-4f3d-81bc-b95bafc99df1,15,4.0,,,,101.01,41.42,56.41,48.97,47.97,45.88
2025-12-16T18:08:39.948738,Recipe_A,a717ca67-edd7-4f3d-81bc-b95bafc99df1,15,4.0,,,,97.4,46.07,56.38,50.59,49.02,46.38
2025-12-16T18:08:40.948738,Recipe_A,a717ca67-edd7-4f3d-81bc-b95bafc99df1,15,4.0,,,,107.03,50.85,49.4,48.98,49.63,57.42
2025-12-16T18:08:41.948738,Recipe_A,a717ca67-edd7-4f3d-81bc-b95bafc99df1,15,4.0,,,,102.48,55.26,51.34,42.03,53.06,42.72
2025-12-16T18:08:42.948738,Recipe_A,a717ca67-edd7-4f3d-81bc-b95bafc99df1,15,4.0,,,,108.6,35.58,51.29,44.98,48.81,57.82
2025-12-16T18:08:43.948738,Recipe_A,a717ca67-edd7-4f3d-81bc-b95bafc99df1,15,4.0,,,,90.81,47.78,47.05,44.61,53.81,56.47
2025-12-16T18:08:44.948738,Recipe_A,a717ca67-edd7-4f3d-81bc-b95bafc99df1,15,4.0,,,,99.79,53.34,44.62,47.65,57.09,59.89
2025-12-16T18:08:45.948738,Recipe_A,a717ca67-edd7-4f3d-81bc-b95bafc99df1,15,4.0,,,,101.32,54.51,44.31,50.9,59.76,43.35
2025-12-16T18:08:46.948738,Recipe_A,a717ca67-edd7-4f3d-81bc-b95bafc99df1,15,4.0,,,,94.9,48.86,47.0,52.58,47.38,60.14
2025-12-16T18:08:47.948738,Recipe_A,a717ca67-edd7-4f3d-81bc-b95bafc99df1,15,5.0,,,,13.73,8.18,8.57,11.16,9.49,9.01
2025-12-16T18:08:48.948738,Recipe_A,a717ca67-edd7-4f3d-81bc-b95bafc99df1,15,5.0,,,,11.88,10.35,13.47,10.44,8.0,11.35
2025-12-16T18:08:49.948738,Recipe_A,a717ca67-edd7-4f3d-81bc-b95bafc99df1,15,5.0,,,,10.53,9.98,10.15,11.51,6.34,13.09
2025-12-16T18:08:50.948738,Recipe_A,a717ca67-edd7-4f3d-81bc-b95bafc99df1,15,5.0,,,,8.61,11.6,10.25,12.0,8.32,7.43
2025-12-16T18:08:51.948738,Recipe_A,a717ca67-edd7-4f3d-81bc-b95bafc99df1,15,5.0,,,,7.61,8.7,10.55,11.34,9.62,10.5
2025-12-16T18:08:52.948738,Recipe_A,a717ca67-edd7-4f3d-81bc-b95bafc99df1,15,5.0,,,,11.75,7.35,12.34,8.26,10.32,13.06
2025-12-16T18:08:53.948738,Recipe_A,a717ca67-edd7-4f3d-81bc-b95bafc99df1,15,5.0,,,,13.96,12.24,10.42,9.83,7.6,8.42
2025-12-16T18:08:54.948738,Recipe_A,a717ca67-edd7-4f3d-81bc-b95bafc99df1,15,5.0,,,,11.71,9.86,10.03,9.71,13.59,9.62
2025-12-16T18:08:55.948738,Recipe_A,a717ca67-edd7-4f3d-81bc-b95bafc99df1,15,5.0,,,,13.58,11.34,13.88,11.29,11.36,12.14
2025-12-16T18:08:56.948738,Recipe_A,a717ca67-edd7-4f3d-81bc-b95bafc99df1,15,5.0,,,,9.47,11.98,10.4,6.49,12.82,12.37
2025-12-16T18:08:57.948738,Recipe_A,a717ca67-edd7-4f3d-81bc-b95bafc99df1,15,5.0,,,,8.99,7.21,9.9,15.04,8.33,11.49
2025-12-16T18:08:58.948738,Recipe_A,a717ca67-edd7-4f3d-81bc-b95bafc99df1,15,5.0,,,,6.38,10.35,9.43,12.77,10.79,4.66
2025-12-16T18:08:59.948738,Recipe_A,a717ca67-edd7-4f3d-81bc-b95bafc99df1,15,5.0,,,,11.08,9.84,13.71,9.74,7.13,13.29
2025-12-16T18:09:00.948738,Recipe_A,a717ca67-edd7-4f3d-81bc-b95bafc99df1,15,5.0,,,,14.37,9.96,7.51,9.73,10.03,10.77
2025-12-16T18:09:01.948738,Recipe_A,a717ca67-edd7-4f3d-81bc-b95bafc99df1,15,5.0,,,,9.0,11.44,10.03,8.92,11.39,11.68
2025-12-16T18:09:02.948738,Recipe_A,a717ca67-edd7-4f3d-81bc-b95bafc99df1,15,5.0,,,,10.04,6.76,12.7,11.58,8.09,9.9
2025-12-16T18:09:03.948738,Recipe_A,a717ca67-edd7-4f3d-81bc-b95bafc99df1,15,5.0,,,,13.87,11.17,11.66,9.76,10.46,10.52
2025-12-16T18:09:04.948738,Recipe_A,a717ca67-edd7-4f3d-81bc-b95bafc99df1,15,5.0,,,,13.76,11.33,9.81,10.33,13.45,6.72
2025-12-16T18:09:05.948738,Recipe_A,a717ca67-edd7-4f3d-81bc-b95bafc99df1,15,5.0,,,,12.93,7.13,11.47,12.03,11.57,8.5
2025-12-16T18:09:06.948738,Recipe_A,a717ca67-edd7-4f3d-81bc-b95bafc99df1,15,5.0,,,,7.48,8.57,8.34,10.57,7.66,11.91
2025-12-16T18:09:07.948738,Recipe_A,a717ca67-edd7-4f3d-81bc-b95bafc99df1,15,5.0,,,,11.18,9.25,11.52,9.18,9.42,7.06
2025-12-16T18:09:08.948738,Recipe_A,a717ca67-edd7-4f3d-81bc-b95bafc99df1,15,5.0,,,,9.39,13.49,13.07,12.43,13.9,6.49
2025-12-16T18:09:09.948738,Recipe_A,a717ca67-edd7-4f3d-81bc-b95bafc99df1,15,5.0,,,,9.7,4.85,12.63,8.69,7.72,11.73
2025-12-16T18:09:10.948738,Recipe_A,a717ca67-edd7-4f3d-81bc-b95bafc99df1,15,5.0,,,,9.09,8.74,10.29,11.27,5.83,9.5
2025-12-16T18:09:11.948738,Recipe_A,a717ca67-edd7-4f3d-81bc-b95bafc99df1,15,5.0,,,,11.54,10.3,9.27,10.6,9.03,6.87
2025-12-16T18:09:12.948738,Recipe_A,a717ca67-edd7-4f3d-81bc-b95bafc99df1,15,5.0,,,,10.42,4.45,10.51,9.7,10.16,11.39
2025-12-16T18:09:13.948738,Recipe_A,a717ca67-edd7-4f3d-81bc-b95bafc99df1,15,5.0,,,,10.55,10.85,8.33,9.9,14.74,10.62
2025-12-16T18:09:14.948738,Recipe_A,a717ca67-edd7-4f3d-81bc-b95bafc99df1,15,5.0,,,,12.87,10.95,9.52,8.91,10.78,6.46
2025-12-16T18:09:15.948738,Recipe_A,a717ca67-edd7-4f3d-81bc-b95bafc99df1,15,5.0,,,,7.86,9.89,9.33,10.23,12.21,10.93
2025-12-16T18:09:16.948738,Recipe_A,a717ca67-edd7-4f3d-81bc-b95bafc99df1,15,5.0,,,,10.71,8.67,13.87,10.06,12.26,11.28
2025-12-16T18:09:17.948738,Recipe_A,a717ca67-edd7-4f3d-81bc-b95bafc99df1,15,5.0,,,,8.1,12.55,6.8,13.62,10.21,9.87
2025-12-16T18:09:18.948738,Recipe_A,a717ca67-edd7-4f3d-81bc-b95bafc99df1,15,5.0,,,,14.01,8.78,8.26,8.87,14.6,10.04
2025-12-16T18:09:19.948738,Recipe_A,a717ca67-edd7-4f3d-81bc-b95bafc99df1,15,5.0,,,,7.55,12.43,10.59,11.74,10.84,6.73
2025-12-16T18:09:20.948738,Recipe_A,a717ca67-edd7-4f3d-81bc-b95bafc99df1,15,5.0,,,,9.23,13.16,12.3,8.49,9.1,12.37
2025-12-16T18:09:21.948738,Recipe_A,a717ca67-edd7-4f3d-81bc-b95bafc99df1,15,5.0,,,,7.65,9.82,11.95,10.94,12.35,6.28
2025-12-16T18:09:22.948738,Recipe_A,a717ca67-edd7-4f3d-81bc-b95bafc99df1,15,5.0,,,,6.54,12.52,11.6,9.8,11.17,12.09
2025-12-16T18:09:23.948738,Recipe_A,a717ca67-edd7-4f3d-81bc-b95bafc99df1,15,5.0,,,,9.97,13.23,8.25,10.99,11.56,11.22
2025-12-16T18:09:24.948738,Recipe_A,a717ca67-edd7-4f3d-81bc-b95bafc99df1,15,5.0,,,,10.44,8.4,9.03,12.04,7.44,9.56
2025-12-16T18:09:25.948738,Recipe_A,a717ca67-edd7-4f3d-81bc-b95bafc99df1,15,5.0,,,,8.38,14.26,8.13,6.74,11.34,6.4
2025-12-16T18:09:26.948738,Recipe_A,a717ca67-edd7-4f3d-81bc-b95bafc99df1,15,5.0,,,,9.69,12.11,10.48,8.29,11.94,13.27
2025-12-16T18:09:27.948738,Recipe_A,a717ca67-edd7-4f3d-81bc-b95bafc99df1,15,5.0,,,,10.03,14.95,11.37,6.1,9.09,9.44
2025-12-16T18:09:28.948738,Recipe_A,a717ca67-edd7-4f3d-81bc-b95bafc99df1,15,5.0,,,,14.11,10.3,11.39,11.24,8.42,10.15
2025-12-16T18:09:29.948738,Recipe_A,a717ca67-edd7-4f3d-81bc-b95bafc99df1,15,5.0,,,,10.19,9.43,8.43,9.43,9.41,7.31
2025-12-16T18:09:30.948738,Recipe_A,a717ca67-edd7-4f3d-81bc-b95bafc99df1,15,5.0,,,,12.32,11.82,9.43,10.19,8.7,7.64
2025-12-16T18:09:31.948738,Recipe_A,a717ca67-edd7-4f3d-81bc-b95bafc99df1,15,5.0,,,,12.35,9.23,10.3,11.63,9.56,10.22
2025-12-16T18:09:32.948738,Recipe_A,a717ca67-edd7-4f3d-81bc-b95bafc99df1,15,5.0,,,,8.53,12.27,10.04,11.32,11.91,10.37
2025-12-16T18:09:33.948738,Recipe_A,a717ca67-edd7-4f3d-81bc-b95bafc99df1,15,5.0,,,,10.88,8.85,11.18,11.02,8.0,9.0
2025-12-16T18:09:34.948738,Recipe_A,a717ca67-edd7-4f3d-81bc-b95bafc99df1,15,4.0,,,,101.26,45.7,50.76,49.91,49.93,59.51
2025-12-16T18:09:35.948738,Recipe_A,a717ca67-edd7-4f3d-81bc-b95bafc99df1,15,4.0,,,,93.39,53.26,45.55,50.54,44.83,44.8
2025-12-16T18:09:36.948738,Recipe_A,a717ca67-edd7-4f3d-81bc-b95bafc99df1,15,0.0,,,,0.0,0.0,0.0,0.0,0.0,0.0
2025-12-16T18:09:37.948738,Recipe_A,a717ca67-edd7-4f3d-81bc-b95bafc99df1,15,0.0,,,,0.0,0.0,0.0,0.0,0.0,0.0
2025-12-16T18:09:38.948738,Recipe_A,a717ca67-edd7-4f3d-81bc-b95bafc99df1,15,0.0,,,,0.0,0.0,0.0,0.0,0.0,0.0
2025-12-16T18:09:39.948738,Recipe_A,a717ca67-edd7-4f3d-81bc-b95bafc99df1,15,0.0,,,,0.0,0.0,0.0,0.0,0.0,0.0
2025-12-16T18:09:40.948738,Recipe_A,a717ca67-edd7-4f3d-81bc-b95bafc99df1,15,0.0,,,,0.0,0.0,0.0,0.0,0.0,0.0
2025-12-16T18:09:41.948738,Recipe_A,a717ca67-edd7-4f3d-81bc-b95bafc99df1,15,0.0,,,,0.0,0.0,0.0,0.0,0.0,0.0
2025-12-16T18:09:42.948738,Recipe_A,a717ca67-edd7-4f3d-81bc-b95bafc99df1,15,0.0,,,,0.0,0.0,0.0,0.0,0.0,0.0
2025-12-16T18:09:43.948738,Recipe_A,a717ca67-edd7-4f3d-81bc-b95bafc99df1,15,0.0,,,,0.0,0.0,0.0,0.0,0.0,0.0
2025-12-16T18:09:44.948738,Recipe_A,a717ca67-edd7-4f3d-81bc-b95bafc99df1,15,0.0,,,,0.0,0.0,0.0,0.0,0.0,0.0
2025-12-16T18:09:45.948738,Recipe_A,a717ca67-edd7-4f3d-81bc-b95bafc99df1,15,0.0,,,,0.0,0.0,0.0,0.0,0.0,0.0
2025-12-16T18:09:46.948738,Recipe_A,a717ca67-edd7-4f3d-81bc-b95bafc99df1,15,0.0,,,,0.0,0.0,0.0,0.0,0.0,0.0
2025-12-16T18:09:47.948738,Recipe_A,a717ca67-edd7-4f3d-81bc-b95bafc99df1,15,0.0,,,,0.0,0.0,0.0,0.0,0.0,0.0
2025-12-16T18:09:48.948738,Recipe_A,a717ca67-edd7-4f3d-81bc-b95bafc99df1,15,0.0,,,,0.0,0.0,0.0,0.0,0.0,0.0
2025-12-16T18:09:49.948738,Recipe_A,a717ca67-edd7-4f3d-81bc-b95bafc99df1,15,0.0,,,,0.0,0.0,0.0,0.0,0.0,0.0
2025-12-16T18:09:50.948738,Recipe_A,a717ca67-edd7-4f3d-81bc-b95bafc99df1,15,0.0,,,,0.0,0.0,0.0,0.0,0.0,0.0
2025-12-16T18:09:51.948738,Recipe_A,a717ca67-edd7-4f3d-81bc-b95bafc99df1,15,0.0,,,,0.0,0.0,0.0,0.0,0.0,0.0
2025-12-16T18:09:52.948738,Recipe_A,a717ca67-edd7-4f3d-81bc-b95bafc99df1,15,0.0,,,,0.0,0.0,0.0,0.0,0.0,0.0
2025-12-16T18:09:53.948738,Recipe_A,a717ca67-edd7-4f3d-81bc-b95bafc99df1,15,0.0,,,,0.0,0.0,0.0,0.0,0.0,0.0
2025-12-16T18:09:54.948738,Recipe_A,a717ca67-edd7-4f3d-81bc-b95bafc99df1,15,0.0,,,,0.0,0.0,0.0,0.0,0.0,0.0
2025-12-16T18:09:55.948738,Recipe_A,a717ca67-edd7-4f3d-81bc-b95bafc99df1,15,0.0,,,,0.0,0.0,0.0,0.0,0.0,0.0
2025-12-16T18:09:56.948738,Recipe_A,a717ca67-edd7-4f3d-81bc-b95bafc99df1,15,0.0,,,,0.0,0.0,0.0,0.0,0.0,0.0
2025-12-16T18:09:57.948738,Recipe_A,a717ca67-edd7-4f3d-81bc-b95bafc99df1,15,0.0,,,,0.0,0.0,0.0,0.0,0.0,0.0
2025-12-16T18:09:58.948738,Recipe_A,a717ca67-edd7-4f3d-81bc-b95bafc99df1,15,0.0,,,,0.0,0.0,0.0,0.0,0.0,0.0
2025-12-16T18:09:59.948738,Recipe_A,a717ca67-edd7-4f3d-81bc-b95bafc99df1,15,0.0,,,,0.0,0.0,0.0,0.0,0.0,0.0
2025-12-16T18:10:00.948738,Recipe_A,a717ca67-edd7-4f3d-81bc-b95bafc99df1,15,0.0,,,,0.0,0.0,0.0,0.0,0.0,0.0
2025-12-16T18:10:01.948738,Recipe_A,a717ca67-edd7-4f3d-81bc-b95bafc99df1,15,0.0,,,,0.0,0.0,0.0,0.0,0.0,0.0
2025-12-16T18:10:02.948738,Recipe_A,a717ca67-edd7-4f3d-81bc-b95bafc99df1,15,0.0,,,,0.0,0.0,0.0,0.0,0.0,0.0
2025-12-16T18:10:03.948738,Recipe_A,a717ca67-edd7-4f3d-81bc-b95bafc99df1,15,0.0,,,,0.0,0.0,0.0,0.0,0.0,0.0
2025-12-16T18:10:04.948738,Recipe_A,a717ca67-edd7-4f3d-81bc-b95bafc99df1,15,0.0,,,,0.0,0.0,0.0,0.0,0.0,0.0
2025-12-16T18:10:05.948738,Recipe_A,a717ca67-edd7-4f3d-81bc-b95bafc99df1,15,0.0,,,,0.0,0.0,0.0,0.0,0.0,0.0
2025-12-16T18:10:06.948738,Recipe_A,a717ca67-edd7-4f3d-81bc-b95bafc99df1,15,0.0,,,,0.0,0.0,0.0,0.0,0.0,0.0
2025-12-16T18:10:07.948738,Recipe_A,a717ca67-edd7-4f3d-81bc-b95bafc99df1,15,0.0,,,,0.0,0.0,0.0,0.0,0.0,0.0
2025-12-16T18:10:08.948738,Recipe_A,a717ca67-edd7-4f3d-81bc-b95bafc99df1,15,0.0,,,,0.0,0.0,0.0,0.0,0.0,0.0
2025-12-16T18:10:09.948738,Recipe_A,a717ca67-edd7-4f3d-81bc-b95bafc99df1,15,0.0,,,,0.0,0.0,0.0,0.0,0.0,0.0
2025-12-16T18:10:10.948738,Recipe_A,a717ca67-edd7-4f3d-81bc-b95bafc99df1,15,0.0,,,,0.0,0.0,0.0,0.0,0.0,0.0
2025-12-16T18:10:11.948738,Recipe_A,a717ca67-edd7-4f3d-81bc-b95bafc99df1,15,0.0,,,,0.0,0.0,0.0,0.0,0.0,0.0
2025-12-16T18:10:12.948738,Recipe_A,a717ca67-edd7-4f3d-81bc-b95bafc99df1,15,0.0,,,,0.0,0.0,0.0,0.0,0.0,0.0
2025-12-16T18:10:13.948738,Recipe_A,a717ca67-edd7-4f3d-81bc-b95bafc99df1,15,0.0,,,,0.0,0.0,0.0,0.0,0.0,0.0
2025-12-16T18:10:14.948738,Recipe_A,a717ca67-edd7-4f3d-81bc-b95bafc99df1,15,0.0,,,,0.0,0.0,0.0,0.0,0.0,0.0
2025-12-16T18:10:15.948738,Recipe_A,a717ca67-edd7-4f3d-81bc-b95bafc99df1,15,0.0,,,,0.0,0.0,0.0,0.0,0.0,0.0
2025-12-16T18:10:16.948738,Recipe_A,a717ca67-edd7-4f3d-81bc-b95bafc99df1,15,0.0,,,,0.0,0.0,0.0,0.0,0.0,0.0
2025-12-16T18:10:17.948738,Recipe_A,a717ca67-edd7-4f3d-81bc-b95bafc99df1,15,0.0,,,,0.0,0.0,0.0,0.0,0.0,0.0
2025-12-16T18:10:17.948738,Recipe_A,a717ca67-edd7-4f3d-81bc-b95bafc99df1,15,0.0,Warning_6,Simulated Warning occurred,Warning,,,,,,
2025-12-16T18:10:18.948738,Recipe_A,a717ca67-edd7-4f3d-81bc-b95bafc99df1,15,0.0,,,,0.0,0.0,0.0,0.0,0.0,0.0
2025-12-16T18:10:19.948738,Recipe_A,a717ca67-edd7-4f3d-81bc-b95bafc99df1,15,0.0,,,,0.0,0.0,0.0,0.0,0.0,0.0
2025-12-16T18:10:20.948738,Recipe_A,a717ca67-edd7-4f3d-81bc-b95bafc99df1,15,0.0,,,,0.0,0.0,0.0,0.0,0.0,0.0
2025-12-16T18:10:21.948738,Recipe_A,a717ca67-edd7-4f3d-81bc-b95bafc99df1,15,0.0,,,,0.0,0.0,0.0,0.0,0.0,0.0
2025-12-16T18:10:22.948738,Recipe_A,a717ca67-edd7-4f3d-81bc-b95bafc99df1,15,0.0,,,,0.0,0.0,0.0,0.0,0.0,0.0
2025-12-16T18:10:23.948738,Recipe_A,a717ca67-edd7-4f3d-81bc-b95bafc99df1,15,0.0,,,,0.0,0.0,0.0,0.0,0.0,0.0
2025-12-16T18:10:24.948738,Recipe_A,a717ca67-edd7-4f3d-81bc-b95bafc99df1,15,0.0,,,,0.0,0.0,0.0,0.0,0.0,0.0
2025-12-16T18:10:25.948738,Recipe_A,a717ca67-edd7-4f3d-81bc-b95bafc99df1,15,0.0,,,,0.0,0.0,0.0,0.0,0.0,0.0
2025-12-16T18:10:26.948738,Recipe_A,a717ca67-edd7-4f3d-81bc-b95bafc99df1,15,0.0,,,,0.0,0.0,0.0,0.0,0.0,0.0
2025-12-16T18:10:27.948738,Recipe_A,a717ca67-edd7-4f3d-81bc-b95bafc99df1,15,0.0,,,,0.0,0.0,0.0,0.0,0.0,0.0
2025-12-16T18:10:28.948738,Recipe_A,a717ca67-edd7-4f3d-81bc-b95bafc99df1,15,0.0,,,,0.0,0.0,0.0,0.0,0.0,0.0
2025-12-16T18:10:29.948738,Recipe_A,a717ca67-edd7-4f3d-81bc-b95bafc99df1,15,0.0,,,,0.0,0.0,0.0,0.0,0.0,0.0
2025-12-16T18:10:30.948738,Recipe_A,a717ca67-edd7-4f3d-81bc-b95bafc99df1,15,0.0,,,,0.0,0.0,0.0,0.0,0.0,0.0
2025-12-16T18:10:31.948738,Recipe_A,a717ca67-edd7-4f3d-81bc-b95bafc99df1,15,0.0,,,,0.0,0.0,0.0,0.0,0.0,0.0
2025-12-16T18:10:32.948738,Recipe_A,a717ca67-edd7-4f3d-81bc-b95bafc99df1,15,0.0,,,,0.0,0.0,0.0,0.0,0.0,0.0
2025-12-16T18:10:33.948738,Recipe_A,a717ca67-edd7-4f3d-81bc-b95bafc99df1,15,0.0,,,,0.0,0.0,0.0,0.0,0.0,0.0
2025-12-16T18:10:34.948738,Recipe_A,a717ca67-edd7-4f3d-81bc-b95bafc99df1,15,0.0,,,,0.0,0.0,0.0,0.0,0.0,0.0
2025-12-16T18:10:35.948738,Recipe_A,a717ca67-edd7-4f3d-81bc-b95bafc99df1,15,0.0,,,,0.0,0.0,0.0,0.0,0.0,0.0
2025-12-16T18:10:36.948738,Recipe_A,a717ca67-edd7-4f3d-81bc-b95bafc99df1,15,0.0,,,,0.0,0.0,0.0,0.0,0.0,0.0
2025-12-16T18:10:37.948738,Recipe_A,a717ca67-edd7-4f3d-81bc-b95bafc99df1,15,0.0,,,,0.0,0.0,0.0,0.0,0.0,0.0
2025-12-16T18:10:38.948738,Recipe_A,a717ca67-edd7-4f3d-81bc-b95bafc99df1,15,0.0,,,,0.0,0.0,0.0,0.0,0.0,0.0
2025-12-16T18:10:39.948738,Recipe_A,a717ca67-edd7-4f3d-81bc-b95bafc99df1,15,0.0,,,,0.0,0.0,0.0,0.0,0.0,0.0
2025-12-16T18:10:40.948738,Recipe_A,a717ca67-edd7-4f3d-81bc-b95bafc99df1,15,0.0,,,,0.0,0.0,0.0,0.0,0.0,0.0
2025-12-16T18:10:41.948738,Recipe_A,a717ca67-edd7-4f3d-81bc-b95bafc99df1,15,0.0,,,,0.0,0.0,0.0,0.0,0.0,0.0
2025-12-16T18:10:42.948738,Recipe_A,a717ca67-edd7-4f3d-81bc-b95bafc99df1,15,0.0,,,,0.0,0.0,0.0,0.0,0.0,0.0
2025-12-16T18:10:43.948738,Recipe_A,a717ca67-edd7-4f3d-81bc-b95bafc99df1,15,0.0,,,,0.0,0.0,0.0,0.0,0.0,0.0
2025-12-16T18:10:44.948738,Recipe_A,a717ca67-edd7-4f3d-81bc-b95bafc99df1,15,0.0,,,,0.0,0.0,0.0,0.0,0.0,0.0
2025-12-16T18:10:45.948738,Recipe_A,a717ca67-edd7-4f3d-81bc-b95bafc99df1,15,0.0,,,,0.0,0.0,0.0,0.0,0.0,0.0
2025-12-16T18:10:46.948738,Recipe_A,a717ca67-edd7-4f3d-81bc-b95bafc99df1,15,0.0,,,,0.0,0.0,0.0,0.0,0.0,0.0
2025-12-16T18:10:47.948738,Recipe_A,a717ca67-edd7-4f3d-81bc-b95bafc99df1,15,0.0,,,,0.0,0.0,0.0,0.0,0.0,0.0
2025-12-16T18:10:48.948738,Recipe_A,a717ca67-edd7-4f3d-81bc-b95bafc99df1,15,0.0,,,,0.0,0.0,0.0,0.0,0.0,0.0
2025-12-16T18:10:49.948738,Recipe_A,a717ca67-edd7-4f3d-81bc-b95bafc99df1,15,3.0,,,,9.71,10.0,10.08,8.37,10.24,11.28
2025-12-16T18:10:50.948738,Recipe_A,a717ca67-edd7-4f3d-81bc-b95bafc99df1,15,4.0,,,,97.53,46.5,48.08,50.29,43.16,56.47
2025-12-16T18:10:51.948738,Recipe_A,a717ca67-edd7-4f3d-81bc-b95bafc99df1,15,3.0,,,,10.39,9.9,7.63,7.15,10.76,12.58
2025-12-16T18:10:52.948738,Recipe_A,a717ca67-edd7-4f3d-81bc-b95bafc99df1,15,3.0,,,,8.05,7.99,11.95,12.01,12.11,11.99
2025-12-16T18:10:53.948738,Recipe_A,a717ca67-edd7-4f3d-81bc-b95bafc99df1,15,3.0,,,,9.59,10.32,8.55,9.49,12.02,9.27
2025-12-16T18:10:54.948738,Recipe_A,a717ca67-edd7-4f3d-81bc-b95bafc99df1,15,3.0,,,,9.25,11.32,9.02,10.36,13.07,8.57
2025-12-16T18:10:55.948738,Recipe_A,a717ca67-edd7-4f3d-81bc-b95bafc99df1,15,3.0,,,,9.64,8.45,12.55,9.67,7.42,9.35
2025-12-16T18:10:56.948738,Recipe_A,a717ca67-edd7-4f3d-81bc-b95bafc99df1,15,3.0,,,,8.44,10.46,10.28,8.64,9.28,12.11
2025-12-16T18:10:57.948738,Recipe_A,a717ca67-edd7-4f3d-81bc-b95bafc99df1,15,3.0,,,,10.81,13.76,8.81,14.01,6.96,8.53
2025-12-16T18:10:58.948738,Recipe_A,a717ca67-edd7-4f3d-81bc-b95bafc99df1,15,3.0,,,,8.95,7.84,11.89,11.61,9.9,11.96
2025-12-16T18:10:59.948738,Recipe_A,a717ca67-edd7-4f3d-81bc-b95bafc99df1,15,3.0,,,,10.86,7.47,7.99,10.21,9.03,11.53
2025-12-16T18:11:00.948738,Recipe_A,a717ca67-edd7-4f3d-81bc-b95bafc99df1,15,3.0,,,,9.79,13.54,9.31,8.14,3.88,12.2
2025-12-16T18:11:01.948738,Recipe_A,a717ca67-edd7-4f3d-81bc-b95bafc99df1,15,3.0,,,,10.55,10.68,14.83,9.55,7.81,10.52
2025-12-16T18:11:02.948738,Recipe_A,a717ca67-edd7-4f3d-81bc-b95bafc99df1,15,3.0,,,,9.44,10.54,9.96,14.93,12.41,14.0
2025-12-16T18:11:03.948738,Recipe_A,a717ca67-edd7-4f3d-81bc-b95bafc99df1,15,3.0,,,,7.6,9.57,12.64,10.29,7.8,11.52
2025-12-16T18:11:04.948738,Recipe_A,a717ca67-edd7-4f3d-81bc-b95bafc99df1,15,3.0,,,,11.3,9.26,13.89,11.33,12.2,10.22
2025-12-16T18:11:05.948738,Recipe_A,a717ca67-edd7-4f3d-81bc-b95bafc99df1,15,3.0,,,,10.03,9.53,7.55,8.74,10.68,7.39
2025-12-16T18:11:06.948738,Recipe_A,a717ca67-edd7-4f3d-81bc-b95bafc99df1,15,3.0,,,,8.97,8.51,11.32,8.79,10.27,8.47
2025-12-16T18:11:07.948738,Recipe_A,a717ca67-edd7-4f3d-81bc-b95bafc99df1,15,3.0,,,,7.02,10.32,11.51,7.46,7.46,9.31
2025-12-16T18:11:08.948738,Recipe_A,a717ca67-edd7-4f3d-81bc-b95bafc99df1,15,3.0,,,,8.62,12.87,11.23,11.31,9.41,6.53
2025-12-16T18:11:09.948738,Recipe_A,a717ca67-edd7-4f3d-81bc-b95bafc99df1,15,3.0,,,,11.12,12.67,11.27,7.55,8.08,10.47
2025-12-16T18:11:10.948738,Recipe_A,a717ca67-edd7-4f3d-81bc-b95bafc99df1,15,3.0,,,,7.57,8.24,11.43,9.88,8.99,9.02
2025-12-16T18:11:11.948738,Recipe_A,a717ca67-edd7-4f3d-81bc-b95bafc99df1,15,3.0,,,,12.45,10.36,10.96,9.82,5.52,10.26
2025-12-16T18:11:12.948738,Recipe_A,a717ca67-edd7-4f3d-81bc-b95bafc99df1,15,3.0,,,,8.05,10.72,12.25,11.99,10.39,11.8
2025-12-16T18:11:13.948738,Recipe_A,a717ca67-edd7-4f3d-81bc-b95bafc99df1,15,3.0,,,,7.2,15.01,9.1,10.82,9.1,7.88
2025-12-16T18:11:14.948738,Recipe_A,a717ca67-edd7-4f3d-81bc-b95bafc99df1,15,3.0,,,,10.2,11.99,12.14,12.59,8.26,10.53
2025-12-16T18:11:15.948738,Recipe_A,a717ca67-edd7-4f3d-81bc-b95bafc99df1,15,3.0,,,,9.84,10.37,8.51,12.66,8.97,11.96
2025-12-16T18:11:16.948738,Recipe_A,a717ca67-edd7-4f3d-81bc-b95bafc99df1,15,3.0,,,,7.88,11.13,8.32,11.52,11.08,7.83
2025-12-16T18:11:17.948738,Recipe_A,a717ca67-edd7-4f3d-81bc-b95bafc99df1,15,3.0,,,,8.23,9.64,10.31,12.07,10.18,10.96
2025-12-16T18:11:18.948738,Recipe_A,a717ca67-edd7-4f3d-81bc-b95bafc99df1,15,3.0,,,,9.07,6.99,8.68,11.19,9.57,13.1
2025-12-16T18:11:19.948738,Recipe_A,a717ca67-edd7-4f3d-81bc-b95bafc99df1,15,3.0,,,,11.29,10.83,9.55,12.36,11.33,10.94
2025-12-16T18:11:20.948738,Recipe_A,a717ca67-edd7-4f3d-81bc-b95bafc99df1,15,3.0,,,,11.3,6.36,7.32,9.57,7.35,8.77
2025-12-16T18:11:21.948738,Recipe_A,a717ca67-edd7-4f3d-81bc-b95bafc99df1,15,3.0,,,,4.53,10.52,8.77,11.55,12.44,10.61
2025-12-16T18:11:22.948738,Recipe_A,a717ca67-edd7-4f3d-81bc-b95bafc99df1,15,3.0,,,,12.51,8.39,9.2,12.41,9.62,11.73
2025-12-16T18:11:23.948738,Recipe_A,a717ca67-edd7-4f3d-81bc-b95bafc99df1,15,3.0,,,,10.59,10.79,7.62,9.0,10.02,8.06
2025-12-16T18:11:24.948738,Recipe_A,a717ca67-edd7-4f3d-81bc-b95bafc99df1,15,3.0,,,,11.14,8.44,10.53,12.4,10.43,9.77
2025-12-16T18:11:25.948738,Recipe_A,a717ca67-edd7-4f3d-81bc-b95bafc99df1,15,3.0,,,,13.21,9.03,8.15,10.64,10.0,8.31
2025-12-16T18:11:26.948738,Recipe_A,a717ca67-edd7-4f3d-81bc-b95bafc99df1,15,3.0,,,,11.16,13.41,6.62,11.66,9.0,8.45
2025-12-16T18:11:27.948738,Recipe_A,a717ca67-edd7-4f3d-81bc-b95bafc99df1,15,3.0,,,,9.24,8.17,8.77,7.68,8.7,10.87
2025-12-16T18:11:28.948738,Recipe_A,a717ca67-edd7-4f3d-81bc-b95bafc99df1,15,3.0,,,,7.61,8.37,12.27,8.38,11.03,11.3
2025-12-16T18:11:29.948738,Recipe_A,a717ca67-edd7-4f3d-81bc-b95bafc99df1,15,3.0,,,,11.6,11.29,6.92,10.02,14.47,9.61
2025-12-16T18:11:30.948738,Recipe_A,a717ca67-edd7-4f3d-81bc-b95bafc99df1,15,3.0,,,,8.09,12.82,11.91,10.28,8.65,7.61
2025-12-16T18:11:31.948738,Recipe_A,a717ca67-edd7-4f3d-81bc-b95bafc99df1,15,3.0,,,,12.53,9.27,11.19,11.31,9.72,9.88
2025-12-16T18:11:32.948738,Recipe_A,a717ca67-edd7-4f3d-81bc-b95bafc99df1,15,3.0,,,,10.31,8.75,9.15,10.45,9.93,10.11
2025-12-16T18:11:33.948738,Recipe_A,a717ca67-edd7-4f3d-81bc-b95bafc99df1,15,3.0,,,,11.57,7.97,10.74,11.05,8.55,10.61
2025-12-16T18:11:34.948738,Recipe_A,a717ca67-edd7-4f3d-81bc-b95bafc99df1,15,3.0,,,,6.55,10.53,7.62,13.27,12.0,8.29
2025-12-16T18:11:35.948738,Recipe_A,a717ca67-edd7-4f3d-81bc-b95bafc99df1,15,3.0,,,,7.92,13.84,10.54,10.34,11.28,9.1
2025-12-16T18:11:36.948738,Recipe_A,a717ca67-edd7-4f3d-81bc-b95bafc99df1,15,3.0,,,,9.63,8.71,9.63,12.62,12.25,7.38
2025-12-16T18:11:37.948738,Recipe_A,a717ca67-edd7-4f3d-81bc-b95bafc99df1,15,3.0,,,,11.01,11.01,9.35,8.99,10.29,7.89
2025-12-16T18:11:38.948738,Recipe_A,a717ca67-edd7-4f3d-81bc-b95bafc99df1,15,3.0,,,,3.65,11.43,10.59,9.22,6.39,10.23
2025-12-16T18:11:39.948738,Recipe_A,a717ca67-edd7-4f3d-81bc-b95bafc99df1,15,3.0,,,,9.46,9.69,11.8,15.67,9.72,11.05
2025-12-16T18:11:40.948738,Recipe_A,a717ca67-edd7-4f3d-81bc-b95bafc99df1,15,3.0,,,,11.14,9.98,9.4,12.33,13.09,7.67
2025-12-16T18:11:41.948738,Recipe_A,a717ca67-edd7-4f3d-81bc-b95bafc99df1,15,3.0,,,,7.29,12.29,8.95,12.49,11.44,9.0
2025-12-16T18:11:42.948738,Recipe_A,a717ca67-edd7-4f3d-81bc-b95bafc99df1,15,3.0,,,,9.01,11.9,10.12,7.6,7.66,10.92
2025-12-16T18:11:43.948738,Recipe_A,a717ca67-edd7-4f3d-81bc-b95bafc99df1,15,3.0,,,,12.42,7.79,10.52,10.66,10.97,7.8
2025-12-16T18:11:44.948738,Recipe_A,a717ca67-edd7-4f3d-81bc-b95bafc99df1,15,0.0,,,,0.0,0.0,0.0,0.0,0.0,0.0
2025-12-16T18:11:45.948738,Recipe_A,a717ca67-edd7-4f3d-81bc-b95bafc99df1,15,5.0,,,,14.66,8.43,5.0,7.78,8.88,12.1
2025-12-16T18:11:46.948738,Recipe_A,a717ca67-edd7-4f3d-81bc-b95bafc99df1,15,5.0,,,,9.75,9.77,12.81,12.04,11.32,9.93
2025-12-16T18:11:47.948738,Recipe_A,a717ca67-edd7-4f3d-81bc-b95bafc99df1,15,5.0,,,,11.67,9.98,10.3,9.11,8.02,8.85
2025-12-16T18:11:48.948738,Recipe_A,a717ca67-edd7-4f3d-81bc-b95bafc99df1,15,5.0,,,,13.39,11.05,9.26,9.99,11.27,9.31
2025-12-16T18:11:49.948738,Recipe_A,a717ca67-edd7-4f3d-81bc-b95bafc99df1,15,5.0,,,,10.65,11.16,10.15,10.13,11.47,6.46
2025-12-16T18:11:50.948738,Recipe_A,a717ca67-edd7-4f3d-81bc-b95bafc99df1,15,5.0,,,,11.17,8.65,8.16,8.55,8.18,9.79
2025-12-16T18:11:51.948738,Recipe_A,a717ca67-edd7-4f3d-81bc-b95bafc99df1,15,5.0,,,,10.61,9.91,7.14,12.98,10.17,9.75
2025-12-16T18:11:52.948738,Recipe_A,a717ca67-edd7-4f3d-81bc-b95bafc99df1,15,5.0,,,,11.01,10.56,8.05,10.44,11.78,10.58
2025-12-16T18:11:53.948738,Recipe_A,a717ca67-edd7-4f3d-81bc-b95bafc99df1,15,5.0,,,,10.94,9.46,10.43,11.66,9.29,11.53
2025-12-16T18:11:54.948738,Recipe_A,a717ca67-edd7-4f3d-81bc-b95bafc99df1,15,5.0,,,,10.35,13.96,13.98,9.26,8.67,10.35
2025-12-16T18:11:55.948738,Recipe_A,a717ca67-edd7-4f3d-81bc-b95bafc99df1,15,5.0,,,,10.09,11.41,11.22,10.31,10.1,9.8
2025-12-16T18:11:56.948738,Recipe_A,a717ca67-edd7-4f3d-81bc-b95bafc99df1,15,5.0,,,,12.68,11.43,8.78,11.63,7.2,10.55
2025-12-16T18:11:57.948738,Recipe_A,a717ca67-edd7-4f3d-81bc-b95bafc99df1,15,5.0,,,,11.95,9.44,10.56,8.98,9.82,9.19
2025-12-16T18:11:58.948738,Recipe_A,a717ca67-edd7-4f3d-81bc-b95bafc99df1,15,5.0,,,,8.83,9.01,9.57,8.17,10.6,9.53
2025-12-16T18:11:59.948738,Recipe_A,a717ca67-edd7-4f3d-81bc-b95bafc99df1,15,5.0,,,,10.8,7.59,12.46,10.84,7.48,12.07
2025-12-16T18:12:00.948738,Recipe_A,a717ca67-edd7-4f3d-81bc-b95bafc99df1,15,5.0,,,,12.18,9.52,8.83,11.57,7.06,8.63
2025-12-16T18:12:01.948738,Recipe_A,a717ca67-edd7-4f3d-81bc-b95bafc99df1,15,5.0,,,,8.12,10.74,11.69,11.08,10.55,9.94
2025-12-16T18:12:02.948738,Recipe_A,a717ca67-edd7-4f3d-81bc-b95bafc99df1,15,5.0,,,,7.1,9.23,9.81,12.01,14.11,8.26
2025-12-16T18:12:03.948738,Recipe_A,a717ca67-edd7-4f3d-81bc-b95bafc99df1,15,5.0,,,,6.46,8.73,11.05,11.45,10.65,14.52
2025-12-16T18:12:04.948738,Recipe_A,a717ca67-edd7-4f3d-81bc-b95bafc99df1,15,5.0,,,,9.8,9.62,9.98,11.84,9.69,7.39
2025-12-16T18:12:05.948738,Recipe_A,a717ca67-edd7-4f3d-81bc-b95bafc99df1,15,5.0,,,,9.61,8.13,9.46,12.0,9.28,12.03
2025-12-16T18:12:06.948738,Recipe_A,a717ca67-edd7-4f3d-81bc-b95bafc99df1,15,5.0,,,,10.72,7.73,9.83,6.82,10.37,9.77
2025-12-16T18:12:07.948738,Recipe_A,a717ca67-edd7-4f3d-81bc-b95bafc99df1,15,5.0,,,,7.87,8.56,11.03,8.22,10.93,8.72
2025-12-16T18:12:08.948738,Recipe_A,a717ca67-edd7-4f3d-81bc-b95bafc99df1,15,5.0,,,,13.85,5.38,9.7,8.29,7.41,9.91
2025-12-16T18:12:09.948738,Recipe_A,a717ca67-edd7-4f3d-81bc-b95bafc99df1,15,2.0,,,,9.14,10.4,10.06,10.45,10.26,10.65
2025-12-16T18:12:10.948738,Recipe_A,a717ca67-edd7-4f3d-81bc-b95bafc99df1,15,2.0,,,,9.58,8.95,4.44,9.7,8.54,9.53
2025-12-16T18:12:11.948738,Recipe_A,a717ca67-edd7-4f3d-81bc-b95bafc99df1,15,2.0,,,,11.46,13.51,11.05,12.1,11.33,12.57
2025-12-16T18:12:12.948738,Recipe_A,a717ca67-edd7-4f3d-81bc-b95bafc99df1,15,2.0,,,,8.08,9.81,9.96,9.5,10.33,10.42
2025-12-16T18:12:13.948738,Recipe_A,a717ca67-edd7-4f3d-81bc-b95bafc99df1,15,2.0,,,,11.57,8.97,9.42,9.37,9.0,8.98
2025-12-16T18:12:14.948738,Recipe_A,a717ca67-edd7-4f3d-81bc-b95bafc99df1,15,2.0,,,,11.5,9.88,10.41,8.33,8.82,12.98
2025-12-16T18:12:15.948738,Recipe_A,a717ca67-edd7-4f3d-81bc-b95bafc99df1,15,2.0,,,,12.65,7.8,8.28,11.38,7.81,7.29
2025-12-16T18:12:16.948738,Recipe_A,a717ca67-edd7-4f3d-81bc-b95bafc99df1,15,2.0,,,,12.48,8.95,6.88,12.92,11.18,11.79
2025-12-16T18:12:17.948738,Recipe_A,a717ca67-edd7-4f3d-81bc-b95bafc99df1,15,2.0,,,,9.53,10.64,12.28,11.06,12.19,9.46
2025-12-16T18:12:18.948738,Recipe_A,a717ca67-edd7-4f3d-81bc-b95bafc99df1,15,2.0,,,,9.84,10.6,7.27,13.28,9.14,6.96
2025-12-16T18:12:19.948738,Recipe_A,a717ca67-edd7-4f3d-81bc-b95bafc99df1,15,2.0,,,,6.75,11.72,10.75,8.87,11.83,11.67
2025-12-16T18:12:20.948738,Recipe_A,a717ca67-edd7-4f3d-81bc-b95bafc99df1,15,2.0,,,,9.22,8.52,6.18,9.71,12.43,10.99
2025-12-16T18:12:21.948738,Recipe_A,a717ca67-edd7-4f3d-81bc-b95bafc99df1,15,2.0,,,,11.97,11.17,10.59,9.92,8.38,7.76
2025-12-16T18:12:22.948738,Recipe_A,a717ca67-edd7-4f3d-81bc-b95bafc99df1,15,2.0,,,,12.8,6.54,8.43,11.45,6.09,11.05
2025-12-16T18:12:23.948738,Recipe_A,a717ca67-edd7-4f3d-81bc-b95bafc99df1,15,2.0,,,,8.97,7.61,12.13,9.81,7.26,11.44
2025-12-16T18:12:24.948738,Recipe_A,a717ca67-edd7-4f3d-81bc-b95bafc99df1,15,2.0,,,,10.37,9.14,10.22,8.47,11.72,8.08
2025-12-16T18:12:25.948738,Recipe_A,a717ca67-edd7-4f3d-81bc-b95bafc99df1,15,2.0,,,,13.09,8.29,9.63,7.42,11.27,12.97
2025-12-16T18:12:26.948738,Recipe_A,a717ca67-edd7-4f3d-81bc-b95bafc99df1,15,2.0,,,,9.23,9.2,7.81,11.58,8.14,8.51
2025-12-16T18:12:27.948738,Recipe_A,a717ca67-edd7-4f3d-81bc-b95bafc99df1,15,2.0,,,,6.63,6.52,7.71,10.86,13.54,9.3
2025-12-16T18:12:28.948738,Recipe_A,a717ca67-edd7-4f3d-81bc-b95bafc99df1,15,2.0,,,,10.32,11.9,7.83,11.17,10.39,12.46
2025-12-16T18:12:29.948738,Recipe_A,a717ca67-edd7-4f3d-81bc-b95bafc99df1,15,2.0,,,,12.7,13.58,9.06,10.02,8.57,8.02
2025-12-16T18:12:29.948738,Recipe_A,a717ca67-edd7-4f3d-81bc-b95bafc99df1,15,2.0,Warning_1,Simulated Warning occurred,Warning,,,,,,
2025-12-16T18:12:30.948738,Recipe_A,a717ca67-edd7-4f3d-81bc-b95bafc99df1,15,2.0,,,,5.67,9.63,11.14,9.32,8.04,9.63
2025-12-16T18:12:31.948738,Recipe_A,a717ca67-edd7-4f3d-81bc-b95bafc99df1,15,2.0,,,,10.92,6.26,6.36,11.91,7.75,11.07
2025-12-16T18:12:32.948738,Recipe_A,a717ca67-edd7-4f3d-81bc-b95bafc99df1,15,2.0,,,,12.17,10.2,10.22,9.2,9.45,10.01
2025-12-16T18:12:33.948738,Recipe_A,a717ca67-edd7-4f3d-81bc-b95bafc99df1,15,2.0,,,,15.07,9.96,10.4,10.9,8.75,12.26
2025-12-16T18:12:34.948738,Recipe_A,a717ca67-edd7-4f3d-81bc-b95bafc99df1,15,2.0,,,,10.9,9.65,10.7,8.15,9.9,6.89
2025-12-16T18:12:35.948738,Recipe_A,a717ca67-edd7-4f3d-81bc-b95bafc99df1,15,2.0,,,,8.85,11.03,11.06,11.16,10.82,12.54
2025-12-16T18:12:36.948738,Recipe_A,a717ca67-edd7-4f3d-81bc-b95bafc99df1,15,2.0,,,,13.93,9.68,8.41,11.64,12.1,12.31
2025-12-16T18:12:37.948738,Recipe_A,a717ca67-edd7-4f3d-81bc-b95bafc99df1,15,2.0,,,,9.33,11.13,9.3,9.94,13.25,8.12
2025-12-16T18:12:38.948738,Recipe_A,a717ca67-edd7-4f3d-81bc-b95bafc99df1,15,2.0,,,,10.76,13.59,9.18,9.67,12.24,11.35
2025-12-16T18:12:39.948738,Recipe_A,a717ca67-edd7-4f3d-81bc-b95bafc99df1,15,2.0,,,,8.31,12.36,9.42,12.06,11.42,7.42
2025-12-16T18:12:40.948738,Recipe_A,a717ca67-edd7-4f3d-81bc-b95bafc99df1,15,2.0,,,,10.23,11.98,12.55,10.66,9.11,13.01
2025-12-16T18:12:41.948738,Recipe_A,a717ca67-edd7-4f3d-81bc-b95bafc99df1,15,2.0,,,,11.64,6.49,9.21,12.19,11.62,12.57
2025-12-16T18:12:42.948738,Recipe_A,a717ca67-edd7-4f3d-81bc-b95bafc99df1,15,2.0,,,,4.51,13.34,5.14,8.99,14.35,10.32
2025-12-16T18:12:43.948738,Recipe_A,a717ca67-edd7-4f3d-81bc-b95bafc99df1,15,4.0,,,,103.45,48.55,53.48,58.7,49.7,56.22
2025-12-16T18:12:44.948738,Recipe_A,a717ca67-edd7-4f3d-81bc-b95bafc99df1,15,4.0,,,,100.85,44.04,57.76,43.43,53.52,41.47
2025-12-16T18:12:45.948738,Recipe_A,a717ca67-edd7-4f3d-81bc-b95bafc99df1,15,4.0,,,,103.57,58.16,38.93,46.03,57.23,46.16
2025-12-16T18:12:46.948738,Recipe_A,a717ca67-edd7-4f3d-81bc-b95bafc99df1,15,4.0,,,,89.3,41.64,54.0,50.34,42.17,53.91
2025-12-16T18:12:47.948738,Recipe_A,a717ca67-edd7-4f3d-81bc-b95bafc99df1,15,4.0,,,,107.39,43.36,43.75,55.14,52.52,38.06
2025-12-16T18:12:48.948738,Recipe_A,a717ca67-edd7-4f3d-81bc-b95bafc99df1,15,4.0,,,,101.97,50.0,49.03,51.7,46.21,45.44
2025-12-16T18:12:49.948738,Recipe_A,a717ca67-edd7-4f3d-81bc-b95bafc99df1,15,4.0,,,,92.62,50.51,54.98,61.89,51.79,52.05
2025-12-16T18:12:50.948738,Recipe_A,a717ca67-edd7-4f3d-81bc-b95bafc99df1,15,4.0,,,,100.77,50.56,52.75,52.84,53.06,42.87
2025-12-16T18:12:51.948738,Recipe_A,a717ca67-edd7-4f3d-81bc-b95bafc99df1,15,4.0,,,,107.76,49.11,50.22,47.22,51.95,51.33
2025-12-16T18:12:52.948738,Recipe_A,a717ca67-edd7-4f3d-81bc-b95bafc99df1,15,4.0,,,,102.69,48.75,55.71,47.72,43.33,54.84
2025-12-16T18:12:53.948738,Recipe_A,a717ca67-edd7-4f3d-81bc-b95bafc99df1,15,1.0,,,,11.99,10.82,8.82,7.23,10.69,13.22
2025-12-16T18:12:54.948738,Recipe_A,a717ca67-edd7-4f3d-81bc-b95bafc99df1,15,1.0,,,,6.96,6.24,11.34,9.7,7.6,8.48
2025-12-16T18:12:55.948738,Recipe_A,a717ca67-edd7-4f3d-81bc-b95bafc99df1,15,1.0,,,,9.2,10.01,9.09,8.52,10.29,7.22
2025-12-16T18:12:56.948738,Recipe_A,a717ca67-edd7-4f3d-81bc-b95bafc99df1,15,1.0,,,,9.87,13.37,11.82,11.09,5.23,11.81
2025-12-16T18:12:57.948738,Recipe_A,a717ca67-edd7-4f3d-81bc-b95bafc99df1,15,1.0,,,,12.13,10.16,12.17,11.86,10.46,7.0
2025-12-16T18:12:58.948738,Recipe_A,a717ca67-edd7-4f3d-81bc-b95bafc99df1,15,1.0,,,,9.8,7.77,7.12,9.4,9.84,10.04
2025-12-16T18:12:59.948738,Recipe_A,a717ca67-edd7-4f3d-81bc-b95bafc99df1,15,1.0,,,,10.4,10.66,13.09,9.83,10.27,5.97
2025-12-16T18:13:00.948738,Recipe_A,a717ca67-edd7-4f3d-81bc-b95bafc99df1,15,1.0,,,,8.9,7.12,7.28,8.27,11.99,11.17
2025-12-16T18:13:01.948738,Recipe_A,a717ca67-edd7-4f3d-81bc-b95bafc99df1,15,1.0,,,,7.85,7.52,9.75,10.22,12.34,10.56
2025-12-16T18:13:02.948738,Recipe_A,a717ca67-edd7-4f3d-81bc-b95bafc99df1,15,1.0,,,,11.65,10.88,13.45,9.23,9.72,9.93
2025-12-16T18:13:03.948738,Recipe_A,a717ca67-edd7-4f3d-81bc-b95bafc99df1,15,1.0,,,,11.86,8.66,11.77,9.47,11.59,8.25
2025-12-16T18:13:04.948738,Recipe_A,a717ca67-edd7-4f3d-81bc-b95bafc99df1,15,1.0,,,,11.23,10.5,8.67,10.99,10.57,12.45
2025-12-16T18:13:05.948738,Recipe_A,a717ca67-edd7-4f3d-81bc-b95bafc99df1,15,1.0,,,,9.05,11.29,7.14,9.0,7.34,13.12
2025-12-16T18:13:06.948738,Recipe_A,a717ca67-edd7-4f3d-81bc-b95bafc99df1,15,1.0,,,,7.78,10.6,9.59,11.03,7.31,9.63
2025-12-16T18:13:07.948738,Recipe_A,a717ca67-edd7-4f3d-81bc-b95bafc99df1,15,1.0,,,,12.71,7.71,9.77,14.52,5.52,9.91
2025-12-16T18:13:08.948738,Recipe_A,a717ca67-edd7-4f3d-81bc-b95bafc99df1,15,1.0,,,,11.89,7.24,11.94,9.18,9.02,13.52
2025-12-16T18:13:09.948738,Recipe_A,a717ca67-edd7-4f3d-81bc-b95bafc99df1,15,1.0,,,,7.54,9.76,7.67,8.66,7.63,12.35
2025-12-16T18:13:10.948738,Recipe_A,a717ca67-edd7-4f3d-81bc-b95bafc99df1,15,1.0,,,,10.47,10.99,9.55,11.96,10.6,7.76
2025-12-16T18:13:11.948738,Recipe_A,a717ca67-edd7-4f3d-81bc-b95bafc99df1,15,1.0,,,,7.76,7.22,9.0,10.18,13.48,11.97
2025-12-16T18:13:12.948738,Recipe_A,a717ca67-edd7-4f3d-81bc-b95bafc99df1,15,1.0,,,,8.91,13.55,10.93,9.5,11.02,8.84
2025-12-16T18:13:13.948738,Recipe_A,a717ca67-edd7-4f3d-81bc-b95bafc99df1,15,1.0,,,,9.05,14.88,8.05,11.61,9.53,5.85
2025-12-16T18:13:14.948738,Recipe_A,a717ca67-edd7-4f3d-81bc-b95bafc99df1,15,1.0,,,,8.27,11.19,9.84,10.87,14.12,6.06
2025-12-16T18:13:15.948738,Recipe_A,a717ca67-edd7-4f3d-81bc-b95bafc99df1,15,1.0,,,,10.82,6.83,8.31,13.88,5.01,8.77
2025-12-16T18:13:16.948738,Recipe_A,a717ca67-edd7-4f3d-81bc-b95bafc99df1,15,1.0,,,,9.93,9.34,10.22,11.69,5.68,8.37
2025-12-16T18:13:17.948738,Recipe_A,a717ca67-edd7-4f3d-81bc-b95bafc99df1,15,1.0,,,,8.68,6.24,7.65,6.83,8.25,9.5
2025-12-16T18:13:18.948738,Recipe_A,a717ca67-edd7-4f3d-81bc-b95bafc99df1,15,1.0,,,,11.31,7.38,11.99,12.14,12.83,14.23
2025-12-16T18:13:19.948738,Recipe_A,a717ca67-edd7-4f3d-81bc-b95bafc99df1,15,1.0,,,,8.84,7.72,8.77,9.5,8.95,12.04
2025-12-16T18:13:20.948738,Recipe_A,a717ca67-edd7-4f3d-81bc-b95bafc99df1,15,1.0,,,,6.8,10.75,10.72,10.1,10.1,12.79
2025-12-16T18:13:21.948738,Recipe_A,a717ca67-edd7-4f3d-81bc-b95bafc99df1,15,5.0,,,,11.82,8.91,6.66,9.63,11.14,5.79
2025-12-16T18:13:22.948738,Recipe_A,a717ca67-edd7-4f3d-81bc-b95bafc99df1,15,5.0,,,,9.51,8.57,9.06,11.23,11.15,9.47
2025-12-16T18:13:23.948738,Recipe_A,a717ca67-edd7-4f3d-81bc-b95bafc99df1,15,5.0,,,,10.83,10.63,9.44,12.52,10.6,10.8
2025-12-16T18:13:24.948738,Recipe_A,a717ca67-edd7-4f3d-81bc-b95bafc99df1,15,5.0,,,,7.96,13.21,12.04,8.8,10.05,10.68
2025-12-16T18:13:25.948738,Recipe_A,a717ca67-edd7-4f3d-81bc-b95bafc99df1,15,5.0,,,,11.1,9.61,10.69,10.68,9.95,13.11
2025-12-16T18:13:26.948738,Recipe_A,a717ca67-edd7-4f3d-81bc-b95bafc99df1,15,2.0,,,,10.89,9.6,9.92,11.85,9.72,7.28
2025-12-16T18:13:27.948738,Recipe_A,a717ca67-edd7-4f3d-81bc-b95bafc99df1,15,2.0,,,,7.26,10.54,12.06,10.19,10.0,8.13
2025-12-16T18:13:28.948738,Recipe_A,a717ca67-edd7-4f3d-81bc-b95bafc99df1,15,2.0,,,,11.15,8.48,10.43,7.53,10.41,8.17
2025-12-16T18:13:29.948738,Recipe_A,a717ca67-edd7-4f3d-81bc-b95bafc99df1,15,2.0,,,,8.36,10.94,9.35,9.09,9.26,5.98
2025-12-16T18:13:30.948738,Recipe_A,a717ca67-edd7-4f3d-81bc-b95bafc99df1,15,2.0,,,,11.04,12.08,6.13,8.19,11.17,12.1
2025-12-16T18:13:31.948738,Recipe_A,a717ca67-edd7-4f3d-81bc-b95bafc99df1,15,2.0,,,,7.99,9.87,10.0,10.12,8.46,6.57
2025-12-16T18:13:32.948738,Recipe_A,a717ca67-edd7-4f3d-81bc-b95bafc99df1,15,2.0,,,,8.04,5.54,8.9,8.9,13.78,12.39
2025-12-16T18:13:33.948738,Recipe_A,a717ca67-edd7-4f3d-81bc-b95bafc99df1,15,2.0,,,,15.77,13.35,7.66,11.22,9.58,12.32
2025-12-16T18:13:34.948738,Recipe_A,a717ca67-edd7-4f3d-81bc-b95bafc99df1,15,2.0,,,,9.66,11.45,8.4,8.18,7.07,12.76
2025-12-16T18:13:35.948738,Recipe_A,a717ca67-edd7-4f3d-81bc-b95bafc99df1,15,2.0,,,,7.04,8.95,10.32,10.21,10.32,11.47
2025-12-16T18:13:36.948738,Recipe_A,a717ca67-edd7-4f3d-81bc-b95bafc99df1,15,2.0,,,,12.05,8.5,11.22,8.99,11.48,10.41
2025-12-16T18:13:37.948738,Recipe_A,a717ca67-edd7-4f3d-81bc-b95bafc99df1,15,2.0,,,,10.4,8.15,9.83,8.36,15.14,10.45
2025-12-16T18:13:38.948738,Recipe_A,a717ca67-edd7-4f3d-81bc-b95bafc99df1,15,2.0,,,,6.97,12.13,7.07,10.36,12.15,9.24
2025-12-16T18:13:39.948738,Recipe_A,a717ca67-edd7-4f3d-81bc-b95bafc99df1,15,2.0,,,,9.84,9.92,11.2,8.24,11.74,8.48
2025-12-16T18:13:40.948738,Recipe_A,a717ca67-edd7-4f3d-81bc-b95bafc99df1,15,2.0,,,,6.09,7.01,7.36,11.2,8.72,13.69
2025-12-16T18:13:41.948738,Recipe_A,a717ca67-edd7-4f3d-81bc-b95bafc99df1,15,2.0,,,,9.85,12.07,10.52,9.32,12.16,15.65
2025-12-16T18:13:42.948738,Recipe_A,a717ca67-edd7-4f3d-81bc-b95bafc99df1,15,2.0,,,,9.53,8.66,8.39,9.27,9.52,10.29
2025-12-16T18:13:43.948738,Recipe_A,a717ca67-edd7-4f3d-81bc-b95bafc99df1,15,1.0,,,,10.09,9.7,8.95,8.97,9.64,10.73
2025-12-16T18:13:44.948738,Recipe_A,a717ca67-edd7-4f3d-81bc-b95bafc99df1,15,1.0,,,,9.33,10.69,8.32,7.35,10.5,9.89
2025-12-16T18:13:45.948738,Recipe_A,a717ca67-edd7-4f3d-81bc-b95bafc99df1,15,1.0,,,,12.69,10.45,12.01,7.86,11.98,14.15
2025-12-16T18:13:46.948738,Recipe_A,a717ca67-edd7-4f3d-81bc-b95bafc99df1,15,1.0,,,,12.18,7.73,14.1,5.6,10.11,11.72
2025-12-16T18:13:47.948738,Recipe_A,a717ca67-edd7-4f3d-81bc-b95bafc99df1,15,1.0,,,,6.96,15.79,12.6,8.45,11.05,7.59
2025-12-16T18:13:48.948738,Recipe_A,a717ca67-edd7-4f3d-81bc-b95bafc99df1,15,1.0,,,,12.06,11.89,11.68,11.06,10.42,8.38
2025-12-16T18:13:49.948738,Recipe_A,a717ca67-edd7-4f3d-81bc-b95bafc99df1,15,4.0,,,,104.37,54.61,43.05,45.89,41.05,52.93
2025-12-16T18:13:50.948738,Recipe_A,a717ca67-edd7-4f3d-81bc-b95bafc99df1,15,4.0,,,,110.06,49.57,46.77,44.67,57.32,47.93
2025-12-16T18:13:51.948738,Recipe_A,a717ca67-edd7-4f3d-81bc-b95bafc99df1,15,4.0,,,,112.32,41.53,52.34,49.5,46.75,49.67
2025-12-16T18:13:52.948738,Recipe_A,a717ca67-edd7-4f3d-81bc-b95bafc99df1,15,4.0,,,,100.24,47.54,43.71,47.29,56.19,51.45
2025-12-16T18:13:53.948738,Recipe_A,a717ca67-edd7-4f3d-81bc-b95bafc99df1,15,4.0,,,,94.16,55.0,49.27,49.1,51.92,48.02
2025-12-16T18:13:54.948738,Recipe_A,a717ca67-edd7-4f3d-81bc-b95bafc99df1,15,4.0,,,,97.18,59.32,56.25,54.6,43.46,52.3
2025-12-16T18:13:55.948738,Recipe_A,a717ca67-edd7-4f3d-81bc-b95bafc99df1,15,3.0,,,,6.51,7.78,8.75,8.1,10.79,9.0
2025-12-16T18:13:56.948738,Recipe_A,a717ca67-edd7-4f3d-81bc-b95bafc99df1,15,3.0,,,,10.07,10.33,7.53,11.94,12.39,13.63
2025-12-16T18:13:57.948738,Recipe_A,a717ca67-edd7-4f3d-81bc-b95bafc99df1,15,3.0,,,,9.68,12.11,11.08,11.69,13.62,7.23
2025-12-16T18:13:58.948738,Recipe_A,a717ca67-edd7-4f3d-81bc-b95bafc99df1,15,3.0,,,,10.09,8.56,6.78,10.18,7.45,11.49
2025-12-16T18:13:59.948738,Recipe_A,a717ca67-edd7-4f3d-81bc-b95bafc99df1,15,3.0,,,,9.48,9.31,12.56,9.74,13.65,13.58
2025-12-16T18:14:00.948738,Recipe_A,a717ca67-edd7-4f3d-81bc-b95bafc99df1,15,3.0,,,,8.69,7.16,10.25,10.48,11.74,11.67
2025-12-16T18:14:01.948738,Recipe_A,a717ca67-edd7-4f3d-81bc-b95bafc99df1,15,3.0,,,,11.72,7.08,8.44,7.68,11.06,12.04
2025-12-16T18:14:02.948738,Recipe_A,a717ca67-edd7-4f3d-81bc-b95bafc99df1,15,3.0,,,,8.7,11.17,6.89,12.03,10.88,14.74
2025-12-16T18:14:03.948738,Recipe_A,a717ca67-edd7-4f3d-81bc-b95bafc99df1,15,3.0,,,,9.35,11.35,10.6,11.3,11.29,12.08
2025-12-16T18:14:04.948738,Recipe_A,a717ca67-edd7-4f3d-81bc-b95bafc99df1,15,3.0,,,,9.68,15.26,7.33,10.13,6.54,12.26
2025-12-16T18:14:05.948738,Recipe_A,a717ca67-edd7-4f3d-81bc-b95bafc99df1,15,3.0,,,,11.76,9.27,8.5,11.49,8.15,12.33
2025-12-16T18:14:06.948738,Recipe_A,a717ca67-edd7-4f3d-81bc-b95bafc99df1,15,3.0,,,,7.35,10.21,12.99,10.01,11.63,8.13
2025-12-16T18:14:07.948738,Recipe_A,a717ca67-edd7-4f3d-81bc-b95bafc99df1,15,3.0,,,,9.53,7.7,11.53,9.89,7.7,12.53
2025-12-16T18:14:08.948738,Recipe_A,a717ca67-edd7-4f3d-81bc-b95bafc99df1,15,3.0,,,,9.23,10.72,12.8,8.25,8.09,11.14
2025-12-16T18:14:09.948738,Recipe_A,a717ca67-edd7-4f3d-81bc-b95bafc99df1,15,3.0,,,,10.47,13.28,8.52,8.6,3.86,11.18
2025-12-16T18:14:10.948738,Recipe_A,a717ca67-edd7-4f3d-81bc-b95bafc99df1,15,3.0,,,,11.49,8.29,11.4,7.6,9.12,11.29
2025-12-16T18:14:11.948738,Recipe_A,a717ca67-edd7-4f3d-81bc-b95bafc99df1,15,3.0,,,,8.37,10.2,8.98,11.34,13.8,10.35
2025-12-16T18:14:12.948738,Recipe_A,a717ca67-edd7-4f3d-81bc-b95bafc99df1,15,3.0,,,,8.61,10.9,10.89,14.53,10.27,12.1
2025-12-16T18:14:13.948738,Recipe_A,a717ca67-edd7-4f3d-81bc-b95bafc99df1,15,3.0,,,,6.73,9.31,13.53,7.41,11.11,10.45
2025-12-16T18:14:14.948738,Recipe_A,a717ca67-edd7-4f3d-81bc-b95bafc99df1,15,3.0,,,,8.27,6.99,9.91,9.47,8.48,7.82
2025-12-16T18:14:15.948738,Recipe_A,a717ca67-edd7-4f3d-81bc-b95bafc99df1,15,5.0,,,,10.04,6.51,12.28,5.86,8.38,8.82
2025-12-16T18:14:16.948738,Recipe_A,a717ca67-edd7-4f3d-81bc-b95bafc99df1,15,5.0,,,,9.42,10.75,8.02,9.28,6.61,7.8
2025-12-16T18:14:17.948738,Recipe_A,a717ca67-edd7-4f3d-81bc-b95bafc99df1,15,5.0,,,,7.86,10.45,9.3,10.41,12.9,12.1
2025-12-16T18:14:18.948738,Recipe_A,a717ca67-edd7-4f3d-81bc-b95bafc99df1,15,5.0,,,,9.71,10.78,9.39,11.14,12.92,9.27
2025-12-16T18:14:19.948738,Recipe_A,a717ca67-edd7-4f3d-81bc-b95bafc99df1,15,5.0,,,,9.5,8.36,10.33,11.27,11.08,15.12
2025-12-16T18:14:20.948738,Recipe_A,a717ca67-edd7-4f3d-81bc-b95bafc99df1,15,5.0,,,,10.43,12.73,14.74,9.1,7.51,7.93
2025-12-16T18:14:21.948738,Recipe_A,a717ca67-edd7-4f3d-81bc-b95bafc99df1,15,5.0,,,,12.89,8.72,13.09,8.6,8.81,8.84
2025-12-16T18:14:22.948738,Recipe_A,a717ca67-edd7-4f3d-81bc-b95bafc99df1,15,5.0,,,,12.44,11.02,12.16,10.17,7.38,13.48
2025-12-16T18:14:23.948738,Recipe_A,a717ca67-edd7-4f3d-81bc-b95bafc99df1,15,5.0,,,,11.17,11.14,8.07,10.85,7.21,10.83
2025-12-16T18:14:24.948738,Recipe_A,a717ca67-edd7-4f3d-81bc-b95bafc99df1,15,3.0,,,,9.56,11.67,10.79,6.85,6.31,12.4
2025-12-16T18:14:25.948738,Recipe_A,a717ca67-edd7-4f3d-81bc-b95bafc99df1,15,3.0,,,,10.85,12.72,11.29,11.84,10.0,8.98
2025-12-16T18:14:26.948738,Recipe_A,a717ca67-edd7-4f3d-81bc-b95bafc99df1,15,3.0,,,,7.7,11.16,6.84,8.47,14.27,9.64
2025-12-16T18:14:27.948738,Recipe_A,a717ca67-edd7-4f3d-81bc-b95bafc99df1,15,3.0,,,,10.69,5.61,8.23,12.31,11.36,9.16
2025-12-16T18:14:28.948738,Recipe_A,a717ca67-edd7-4f3d-81bc-b95bafc99df1,15,3.0,,,,9.97,10.24,10.8,11.89,9.92,13.0
2025-12-16T18:14:29.948738,Recipe_A,a717ca67-edd7-4f3d-81bc-b95bafc99df1,15,3.0,,,,8.88,11.85,10.16,9.42,7.67,9.01
2025-12-16T18:14:30.948738,Recipe_A,a717ca67-edd7-4f3d-81bc-b95bafc99df1,15,3.0,,,,8.39,8.48,10.35,11.16,8.7,10.81
2025-12-16T18:14:31.948738,Recipe_A,a717ca67-edd7-4f3d-81bc-b95bafc99df1,15,3.0,,,,10.35,9.27,8.69,11.66,6.32,10.91
2025-12-16T18:14:32.948738,Recipe_A,a717ca67-edd7-4f3d-81bc-b95bafc99df1,15,1.0,,,,13.02,8.76,9.84,10.29,7.21,10.22
2025-12-16T18:14:33.948738,Recipe_A,a717ca67-edd7-4f3d-81bc-b95bafc99df1,15,1.0,,,,11.07,9.63,10.58,9.63,8.81,10.56
2025-12-16T18:14:34.948738,Recipe_A,a717ca67-edd7-4f3d-81bc-b95bafc99df1,15,1.0,,,,9.46,10.94,9.72,8.01,8.59,13.24
2025-12-16T18:14:35.948738,Recipe_A,a717ca67-edd7-4f3d-81bc-b95bafc99df1,15,1.0,,,,7.3,10.7,10.38,8.28,9.5,11.77
2025-12-16T18:14:36.948738,Recipe_A,a717ca67-edd7-4f3d-81bc-b95bafc99df1,15,1.0,,,,10.27,8.05,8.16,9.5,10.38,8.0
2025-12-16T18:14:37.948738,Recipe_A,a717ca67-edd7-4f3d-81bc-b95bafc99df1,15,1.0,,,,10.12,10.65,7.07,10.49,9.62,10.53
2025-12-16T18:14:38.948738,Recipe_A,a717ca67-edd7-4f3d-81bc-b95bafc99df1,15,1.0,,,,11.7,7.62,8.65,8.95,10.61,10.91
2025-12-16T18:14:39.948738,Recipe_A,a717ca67-edd7-4f3d-81bc-b95bafc99df1,15,1.0,,,,9.47,11.5,10.7,10.99,14.19,9.77
2025-12-16T18:14:40.948738,Recipe_A,a717ca67-edd7-4f3d-81bc-b95bafc99df1,15,1.0,,,,9.01,10.41,14.41,10.5,9.17,9.39
2025-12-16T18:14:41.948738,Recipe_A,a717ca67-edd7-4f3d-81bc-b95bafc99df1,15,1.0,,,,8.65,12.73,11.36,12.55,11.19,9.26
2025-12-16T18:14:42.948738,Recipe_A,a717ca67-edd7-4f3d-81bc-b95bafc99df1,15,1.0,,,,10.16,10.81,11.75,11.58,10.76,5.82
2025-12-16T18:14:43.948738,Recipe_A,a717ca67-edd7-4f3d-81bc-b95bafc99df1,15,1.0,,,,10.28,7.86,12.51,9.68,13.17,10.31
2025-12-16T18:14:44.948738,Recipe_A,a717ca67-edd7-4f3d-81bc-b95bafc99df1,15,2.0,,,,9.25,9.48,9.78,6.39,11.49,9.09
2025-12-16T18:14:45.948738,Recipe_A,a717ca67-edd7-4f3d-81bc-b95bafc99df1,15,2.0,,,,11.93,7.23,11.9,10.94,6.75,12.33
2025-12-16T18:14:46.948738,Recipe_A,a717ca67-edd7-4f3d-81bc-b95bafc99df1,15,2.0,,,,9.8,10.62,7.79,11.45,10.71,10.55
2025-12-16T18:14:47.948738,Recipe_A,a717ca67-edd7-4f3d-81bc-b95bafc99df1,15,2.0,,,,11.23,12.13,9.98,8.23,12.12,9.26
2025-12-16T18:14:48.948738,Recipe_A,a717ca67-edd7-4f3d-81bc-b95bafc99df1,15,2.0,,,,8.19,9.55,10.75,9.37,9.85,10.95
2025-12-16T18:14:49.948738,Recipe_A,a717ca67-edd7-4f3d-81bc-b95bafc99df1,15,2.0,,,,12.96,9.04,9.05,12.42,10.38,10.06
2025-12-16T18:14:50.948738,Recipe_A,a717ca67-edd7-4f3d-81bc-b95bafc99df1,15,2.0,,,,10.05,12.99,9.76,6.94,10.25,11.51
2025-12-16T18:14:51.948738,Recipe_A,a717ca67-edd7-4f3d-81bc-b95bafc99df1,15,2.0,,,,12.47,10.9,10.55,6.92,10.74,9.92
2025-12-16T18:14:52.948738,Recipe_A,a717ca67-edd7-4f3d-81bc-b95bafc99df1,15,2.0,,,,11.95,12.68,9.53,10.1,7.7,9.38
2025-12-16T18:14:53.948738,Recipe_A,a717ca67-edd7-4f3d-81bc-b95bafc99df1,15,2.0,,,,11.24,10.64,10.33,12.24,11.92,9.34
2025-12-16T18:14:53.948738,Recipe_A,a717ca67-edd7-4f3d-81bc-b95bafc99df1,15,2.0,Warning_5,Simulated Warning occurred,Warning,,,,,,
2025-12-16T18:14:54.948738,Recipe_A,a717ca67-edd7-4f3d-81bc-b95bafc99df1,15,2.0,,,,10.23,12.97,13.85,11.61,10.02,9.07
2025-12-16T18:14:55.948738,Recipe_A,a717ca67-edd7-4f3d-81bc-b95bafc99df1,15,5.0,,,,9.35,8.23,10.42,10.09,11.27,9.4
2025-12-16T18:14:56.948738,Recipe_A,a717ca67-edd7-4f3d-81bc-b95bafc99df1,15,5.0,,,,9.53,10.58,9.91,7.95,5.94,9.32
2025-12-16T18:14:57.948738,Recipe_A,a717ca67-edd7-4f3d-81bc-b95bafc99df1,15,5.0,,,,11.41,9.57,8.69,9.56,8.77,9.67
2025-12-16T18:14:58.948738,Recipe_A,a717ca67-edd7-4f3d-81bc-b95bafc99df1,15,5.0,,,,9.81,10.26,12.25,8.71,8.37,9.39
2025-12-16T18:14:59.948738,Recipe_A,a717ca67-edd7-4f3d-81bc-b95bafc99df1,15,5.0,,,,11.71,10.2,9.52,9.76,11.18,9.07
2025-12-16T18:15:00.948738,Recipe_A,a717ca67-edd7-4f3d-81bc-b95bafc99df1,15,5.0,,,,8.72,8.0,6.85,9.03,11.6,8.78
2025-12-16T18:15:01.948738,Recipe_A,a717ca67-edd7-4f3d-81bc-b95bafc99df1,15,5.0,,,,11.53,9.41,9.94,10.83,11.08,11.34
2025-12-16T18:15:02.948738,Recipe_A,a717ca67-edd7-4f3d-81bc-b95bafc99df1,15,5.0,,,,12.87,9.03,12.93,8.01,9.72,7.86
2025-12-16T18:15:03.948738,Recipe_A,a717ca67-edd7-4f3d-81bc-b95bafc99df1,15,5.0,,,,7.93,10.11,9.73,9.61,13.77,10.96
2025-12-16T18:15:04.948738,Recipe_A,a717ca67-edd7-4f3d-81bc-b95bafc99df1,15,5.0,,,,11.39,13.19,11.3,10.73,12.44,9.36
2025-12-16T18:15:05.948738,Recipe_A,a717ca67-edd7-4f3d-81bc-b95bafc99df1,15,5.0,,,,7.81,7.22,10.32,12.51,10.18,9.2
2025-12-16T18:15:06.948738,Recipe_A,a717ca67-edd7-4f3d-81bc-b95bafc99df1,15,5.0,,,,11.5,10.84,12.22,11.27,9.46,10.86
2025-12-16T18:15:07.948738,Recipe_A,a717ca67-edd7-4f3d-81bc-b95bafc99df1,15,5.0,,,,6.76,13.08,9.54,8.07,7.84,10.52
2025-12-16T18:15:08.948738,Recipe_A,a717ca67-edd7-4f3d-81bc-b95bafc99df1,15,1.0,,,,12.2,11.68,12.21,10.16,9.01,14.53
2025-12-16T18:15:09.948738,Recipe_A,a717ca67-edd7-4f3d-81bc-b95bafc99df1,15,1.0,,,,9.63,7.06,8.3,6.83,9.09,10.08
2025-12-16T18:15:10.948738,Recipe_A,a717ca67-edd7-4f3d-81bc-b95bafc99df1,15,1.0,,,,7.81,7.37,10.91,9.5,9.64,3.76
2025-12-16T18:15:11.948738,Recipe_A,a717ca67-edd7-4f3d-81bc-b95bafc99df1,15,1.0,,,,12.72,5.84,7.05,12.16,9.06,8.25
2025-12-16T18:15:12.948738,Recipe_A,a717ca67-edd7-4f3d-81bc-b95bafc99df1,15,1.0,,,,6.94,6.06,9.92,9.17,12.72,5.41
2025-12-16T18:15:13.948738,Recipe_A,a717ca67-edd7-4f3d-81bc-b95bafc99df1,15,1.0,,,,11.73,9.7,10.38,9.54,8.69,9.4
2025-12-16T18:15:14.948738,Recipe_A,a717ca67-edd7-4f3d-81bc-b95bafc99df1,15,1.0,,,,9.76,11.9,12.56,10.01,10.69,9.89
2025-12-16T18:15:15.948738,Recipe_A,a717ca67-edd7-4f3d-81bc-b95bafc99df1,15,1.0,,,,8.76,8.55,10.89,10.85,8.5,10.32
2025-12-16T18:15:16.948738,Recipe_A,a717ca67-edd7-4f3d-81bc-b95bafc99df1,15,4.0,,,,109.34,53.63,52.3,45.94,55.32,59.75
2025-12-16T18:15:17.948738,Recipe_A,a717ca67-edd7-4f3d-81bc-b95bafc99df1,15,4.0,,,,93.19,49.9,42.13,50.79,53.06,45.27
2025-12-16T18:15:18.948738,Recipe_A,a717ca67-edd7-4f3d-81bc-b95bafc99df1,15,4.0,,,,94.59,39.41,39.14,47.02,51.15,50.28
2025-12-16T18:15:19.948738,Recipe_A,a717ca67-edd7-4f3d-81bc-b95bafc99df1,15,4.0,,,,103.38,54.31,56.26,49.25,48.51,46.09
2025-12-16T18:15:20.948738,Recipe_A,a717ca67-edd7-4f3d-81bc-b95bafc99df1,15,4.0,,,,101.64,59.97,49.77,50.88,55.69,47.83
2025-12-16T18:15:21.948738,Recipe_A,a717ca67-edd7-4f3d-81bc-b95bafc99df1,15,4.0,,,,104.05,44.4,43.48,52.07,40.84,51.09
2025-12-16T18:15:22.948738,Recipe_A,a717ca67-edd7-4f3d-81bc-b95bafc99df1,15,4.0,,,,109.39,61.18,46.12,40.73,46.89,54.55
2025-12-16T18:15:23.948738,Recipe_A,a717ca67-edd7-4f3d-81bc-b95bafc99df1,15,2.0,,,,8.68,11.12,12.33,9.66,9.37,12.77
2025-12-16T18:15:24.948738,Recipe_A,a717ca67-edd7-4f3d-81bc-b95bafc99df1,15,4.0,,,,103.33,46.03,50.74,48.85,46.71,51.9
2025-12-16T18:15:25.948738,Recipe_A,a717ca67-edd7-4f3d-81bc-b95bafc99df1,15,4.0,,,,93.97,42.87,51.16,54.5,47.91,46.0
2025-12-16T18:15:26.948738,Recipe_A,a717ca67-edd7-4f3d-81bc-b95bafc99df1,15,4.0,,,,102.29,43.0,46.71,45.75,47.67,54.05
2025-12-16T18:15:27.948738,Recipe_A,a717ca67-edd7-4f3d-81bc-b95bafc99df1,15,4.0,,,,104.33,41.64,49.77,44.85,53.7,52.4
2025-12-16T18:15:28.948738,Recipe_A,a717ca67-edd7-4f3d-81bc-b95bafc99df1,15,4.0,,,,92.34,51.66,52.99,51.31,47.68,57.9
2025-12-16T18:15:29.948738,Recipe_A,a717ca67-edd7-4f3d-81bc-b95bafc99df1,15,4.0,,,,101.94,53.48,56.24,56.01,56.32,53.0
2025-12-16T18:15:30.948738,Recipe_A,a717ca67-edd7-4f3d-81bc-b95bafc99df1,15,4.0,,,,92.85,53.95,50.65,43.41,51.93,50.79
2025-12-16T18:15:31.948738,Recipe_A,a717ca67-edd7-4f3d-81bc-b95bafc99df1,15,4.0,,,,101.43,45.65,58.97,46.84,53.91,43.73
2025-12-16T18:15:32.948738,Recipe_A,a717ca67-edd7-4f3d-81bc-b95bafc99df1,15,4.0,,,,98.41,45.33,52.26,54.2,51.69,47.72
2025-12-16T18:15:33.948738,Recipe_A,a717ca67-edd7-4f3d-81bc-b95bafc99df1,15,4.0,,,,92.9,50.81,44.72,41.61,50.96,55.67
2025-12-16T18:15:34.948738,Recipe_A,a717ca67-edd7-4f3d-81bc-b95bafc99df1,15,4.0,,,,110.38,50.51,52.1,52.21,43.24,50.38
2025-12-16T18:15:35.948738,Recipe_A,a717ca67-edd7-4f3d-81bc-b95bafc99df1,15,4.0,,,,101.89,46.7,48.79,48.31,44.88,46.79
2025-12-16T18:15:36.948738,Recipe_A,a717ca67-edd7-4f3d-81bc-b95bafc99df1,15,5.0,,,,8.31,11.15,9.49,8.16,9.55,9.02
2025-12-16T18:15:37.948738,Recipe_A,a717ca67-edd7-4f3d-81bc-b95bafc99df1,15,5.0,,,,9.2,8.71,10.87,7.29,13.21,11.47
2025-12-16T18:15:38.948738,Recipe_A,a717ca67-edd7-4f3d-81bc-b95bafc99df1,15,5.0,,,,12.13,9.67,11.74,15.34,10.65,9.4
2025-12-16T18:15:39.948738,Recipe_A,a717ca67-edd7-4f3d-81bc-b95bafc99df1,15,5.0,,,,14.81,15.16,11.97,10.79,9.07,10.12
2025-12-16T18:15:40.948738,Recipe_A,a717ca67-edd7-4f3d-81bc-b95bafc99df1,15,5.0,,,,8.94,7.47,4.85,8.01,11.97,8.11
2025-12-16T18:15:41.948738,Recipe_A,a717ca67-edd7-4f3d-81bc-b95bafc99df1,15,5.0,,,,10.46,8.46,8.71,9.77,10.67,12.06
2025-12-16T18:15:42.948738,Recipe_A,a717ca67-edd7-4f3d-81bc-b95bafc99df1,15,5.0,,,,10.89,10.89,8.66,12.91,5.74,5.64
2025-12-16T18:15:43.948738,Recipe_A,a717ca67-edd7-4f3d-81bc-b95bafc99df1,15,5.0,,,,8.52,10.5,6.97,7.01,11.51,7.06
2025-12-16T18:15:44.948738,Recipe_A,a717ca67-edd7-4f3d-81bc-b95bafc99df1,15,5.0,,,,10.68,10.69,11.82,12.76,13.84,10.48
2025-12-16T18:15:45.948738,Recipe_A,a717ca67-edd7-4f3d-81bc-b95bafc99df1,15,5.0,,,,13.24,7.98,7.9,8.14,10.79,10.6
2025-12-16T18:15:46.948738,Recipe_A,a717ca67-edd7-4f3d-81bc-b95bafc99df1,15,5.0,,,,9.24,11.67,11.47,13.37,12.55,12.34
2025-12-16T18:15:47.948738,Recipe_A,a717ca67-edd7-4f3d-81bc-b95bafc99df1,15,5.0,,,,8.69,12.04,8.58,8.63,7.8,7.77
2025-12-16T18:15:48.948738,Recipe_A,a717ca67-edd7-4f3d-81bc-b95bafc99df1,15,5.0,,,,11.3,10.27,10.57,12.0,9.55,10.27
2025-12-16T18:15:49.948738,Recipe_A,a717ca67-edd7-4f3d-81bc-b95bafc99df1,15,5.0,,,,12.34,8.87,9.01,12.12,11.14,13.23
2025-12-16T18:15:50.948738,Recipe_A,a717ca67-edd7-4f3d-81bc-b95bafc99df1,15,5.0,,,,10.95,11.84,10.24,10.58,11.01,10.42
2025-12-16T18:15:51.948738,Recipe_A,a717ca67-edd7-4f3d-81bc-b95bafc99df1,15,5.0,,,,10.27,10.56,9.23,12.36,12.45,11.1
2025-12-16T18:15:52.948738,Recipe_A,a717ca67-edd7-4f3d-81bc-b95bafc99df1,15,5.0,,,,7.86,12.92,11.37,8.77,13.49,10.16
2025-12-16T18:15:53.948738,Recipe_A,a717ca67-edd7-4f3d-81bc-b95bafc99df1,15,5.0,,,,11.71,11.72,10.84,10.85,11.39,9.05
2025-12-16T18:15:54.948738,Recipe_A,a717ca67-edd7-4f3d-81bc-b95bafc99df1,15,5.0,,,,15.06,8.29,12.31,6.55,7.29,10.31
2025-12-16T18:15:55.948738,Recipe_A,a717ca67-edd7-4f3d-81bc-b95bafc99df1,15,5.0,,,,6.72,12.42,11.2,11.28,9.27,9.32
2025-12-16T18:15:56.948738,Recipe_A,a717ca67-edd7-4f3d-81bc-b95bafc99df1,15,5.0,,,,12.32,9.51,9.56,13.01,7.51,8.25
2025-12-16T18:15:57.948738,Recipe_A,a717ca67-edd7-4f3d-81bc-b95bafc99df1,15,5.0,,,,10.67,4.38,9.41,12.2,7.17,12.39
2025-12-16T18:15:58.948738,Recipe_A,a717ca67-edd7-4f3d-81bc-b95bafc99df1,15,5.0,,,,13.19,10.12,10.11,11.11,12.26,8.23
2025-12-16T18:15:59.948738,Recipe_A,a717ca67-edd7-4f3d-81bc-b95bafc99df1,15,5.0,,,,7.86,9.21,6.03,12.07,6.89,10.12
2025-12-16T18:16:00.948738,Recipe_A,a717ca67-edd7-4f3d-81bc-b95bafc99df1,15,5.0,,,,10.06,13.11,11.25,9.13,10.4,9.55
2025-12-16T18:16:01.948738,Recipe_A,a717ca67-edd7-4f3d-81bc-b95bafc99df1,15,5.0,,,,9.99,8.37,10.92,9.63,13.05,13.2
2025-12-16T18:16:02.948738,Recipe_A,a717ca67-edd7-4f3d-81bc-b95bafc99df1,15,5.0,,,,13.48,9.27,5.27,9.09,6.15,8.9
2025-12-16T18:16:03.948738,Recipe_A,a717ca67-edd7-4f3d-81bc-b95bafc99df1,15,5.0,,,,10.04,10.24,10.28,3.57,6.42,9.88
2025-12-16T18:16:04.948738,Recipe_A,a717ca67-edd7-4f3d-81bc-b95bafc99df1,15,5.0,,,,11.54,7.38,12.27,11.11,8.07,10.77
2025-12-16T18:16:05.948738,Recipe_A,a717ca67-edd7-4f3d-81bc-b95bafc99df1,15,5.0,,,,8.1,10.02,11.5,10.12,14.63,12.51
2025-12-16T18:16:06.948738,Recipe_A,a717ca67-edd7-4f3d-81bc-b95bafc99df1,15,5.0,,,,8.47,8.14,10.84,12.17,12.03,7.98
2025-12-16T18:16:07.948738,Recipe_A,a717ca67-edd7-4f3d-81bc-b95bafc99df1,15,5.0,,,,6.87,11.53,10.79,10.72,13.58,10.04
2025-12-16T18:16:08.948738,Recipe_A,a717ca67-edd7-4f3d-81bc-b95bafc99df1,15,5.0,,,,12.48,12.13,13.78,9.09,10.77,10.81
2025-12-16T18:16:09.948738,Recipe_A,a717ca67-edd7-4f3d-81bc-b95bafc99df1,15,5.0,,,,12.29,7.15,11.8,8.07,8.94,10.04
2025-12-16T18:16:10.948738,Recipe_A,a717ca67-edd7-4f3d-81bc-b95bafc99df1,15,5.0,,,,6.65,8.93,6.86,9.01,8.57,10.82
2025-12-16T18:16:11.948738,Recipe_A,a717ca67-edd7-4f3d-81bc-b95bafc99df1,15,5.0,,,,10.4,9.63,11.36,7.85,11.36,10.4
2025-12-16T18:16:12.948738,Recipe_A,a717ca67-edd7-4f3d-81bc-b95bafc99df1,15,5.0,,,,10.23,12.12,9.91,8.73,8.39,12.62
2025-12-16T18:16:13.948738,Recipe_A,a717ca67-edd7-4f3d-81bc-b95bafc99df1,15,5.0,,,,10.17,11.25,12.22,11.97,11.99,10.04
2025-12-16T18:16:14.948738,Recipe_A,a717ca67-edd7-4f3d-81bc-b95bafc99df1,15,5.0,,,,8.12,10.74,8.48,11.44,11.97,10.53
2025-12-16T18:16:15.948738,Recipe_A,a717ca67-edd7-4f3d-81bc-b95bafc99df1,15,5.0,,,,10.82,11.68,10.75,6.87,9.39,10.29
2025-12-16T18:16:16.948738,Recipe_A,a717ca67-edd7-4f3d-81bc-b95bafc99df1,15,5.0,,,,10.84,8.14,6.88,8.55,12.15,8.98
2025-12-16T18:16:17.948738,Recipe_A,a717ca67-edd7-4f3d-81bc-b95bafc99df1,15,5.0,,,,7.39,11.37,12.5,9.9,9.64,11.31
2025-12-16T18:16:18.948738,Recipe_A,a717ca67-edd7-4f3d-81bc-b95bafc99df1,15,5.0,,,,8.87,8.6,9.7,9.1,11.92,9.99
2025-12-16T18:16:19.948738,Recipe_A,a717ca67-edd7-4f3d-81bc-b95bafc99df1,15,5.0,,,,9.64,10.18,8.88,13.94,10.0,7.71
2025-12-16T18:16:20.948738,Recipe_A,a717ca67-edd7-4f3d-81bc-b95bafc99df1,15,5.0,,,,11.26,8.94,13.29,8.29,11.45,12.0
2025-12-16T18:16:21.948738,Recipe_A,a717ca67-edd7-4f3d-81bc-b95bafc99df1,15,5.0,,,,12.88,9.5,7.66,10.79,10.45,8.68
2025-12-16T18:16:22.948738,Recipe_A,a717ca67-edd7-4f3d-81bc-b95bafc99df1,15,5.0,,,,6.64,12.29,10.91,10.6,7.04,5.57
2025-12-16T18:16:23.948738,Recipe_A,a717ca67-edd7-4f3d-81bc-b95bafc99df1,15,5.0,,,,7.52,9.7,10.74,7.89,7.53,9.94
2025-12-16T18:16:24.948738,Recipe_A,a717ca67-edd7-4f3d-81bc-b95bafc99df1,15,5.0,,,,7.16,9.86,8.29,11.38,10.82,9.14
2025-12-16T18:16:25.948738,Recipe_A,a717ca67-edd7-4f3d-81bc-b95bafc99df1,15,5.0,,,,7.45,9.07,9.6,11.2,8.5,14.48
2025-12-16T18:16:26.948738,Recipe_A,a717ca67-edd7-4f3d-81bc-b95bafc99df1,15,5.0,,,,10.04,8.67,8.7,13.33,14.21,8.62
2025-12-16T18:16:27.948738,Recipe_A,a717ca67-edd7-4f3d-81bc-b95bafc99df1,15,5.0,,,,9.78,10.39,6.6,7.07,6.45,8.0
2025-12-16T18:16:28.948738,Recipe_A,a717ca67-edd7-4f3d-81bc-b95bafc99df1,15,5.0,,,,7.49,9.65,12.65,7.8,7.37,11.83
2025-12-16T18:16:29.948738,Recipe_A,a717ca67-edd7-4f3d-81bc-b95bafc99df1,15,5.0,,,,12.79,10.12,11.13,9.75,11.46,12.72
2025-12-16T18:16:30.948738,Recipe_A,a717ca67-edd7-4f3d-81bc-b95bafc99df1,15,5.0,,,,10.12,8.89,10.8,12.84,7.38,9.97
2025-12-16T18:16:31.948738,Recipe_A,a717ca67-edd7-4f3d-81bc-b95bafc99df1,15,5.0,,,,9.48,12.4,13.31,10.7,6.42,8.52
2025-12-16T18:16:32.948738,Recipe_A,a717ca67-edd7-4f3d-81bc-b95bafc99df1,15,5.0,,,,7.71,6.27,9.7,8.72,8.72,10.63
2025-12-16T18:16:33.948738,Recipe_A,a717ca67-edd7-4f3d-81bc-b95bafc99df1,15,5.0,,,,12.19,13.39,9.89,7.01,7.14,7.51
2025-12-16T18:16:34.948738,Recipe_A,a717ca67-edd7-4f3d-81bc-b95bafc99df1,15,5.0,,,,11.79,8.56,12.74,9.29,12.15,7.66
2025-12-16T18:16:35.948738,Recipe_A,a717ca67-edd7-4f3d-81bc-b95bafc99df1,15,5.0,,,,10.25,10.54,7.67,11.1,10.22,11.1
2025-12-16T18:16:36.948738,Recipe_A,a717ca67-edd7-4f3d-81bc-b95bafc99df1,15,5.0,,,,9.07,11.27,8.71,8.91,9.56,9.17
2025-12-16T18:16:37.948738,Recipe_A,a717ca67-edd7-4f3d-81bc-b95bafc99df1,15,5.0,,,,13.25,10.74,9.79,12.49,12.06,7.61
2025-12-16T18:16:38.948738,Recipe_A,a717ca67-edd7-4f3d-81bc-b95bafc99df1,15,5.0,,,,9.54,8.41,7.6,7.64,6.97,5.22
2025-12-16T18:16:39.948738,Recipe_A,a717ca67-edd7-4f3d-81bc-b95bafc99df1,15,5.0,,,,11.57,14.8,8.28,10.15,11.09,10.4
2025-12-16T18:16:40.948738,Recipe_A,a717ca67-edd7-4f3d-81bc-b95bafc99df1,15,5.0,,,,11.92,9.85,9.48,9.0,14.4,9.35
2025-12-16T18:16:41.948738,Recipe_A,a717ca67-edd7-4f3d-81bc-b95bafc99df1,15,5.0,,,,8.65,10.51,15.51,11.65,12.15,10.79
2025-12-16T18:16:42.948738,Recipe_A,a717ca67-edd7-4f3d-81bc-b95bafc99df1,15,5.0,,,,6.01,13.81,7.49,8.15,10.85,9.03
2025-12-16T18:16:43.948738,Recipe_A,a717ca67-edd7-4f3d-81bc-b95bafc99df1,15,5.0,,,,7.22,10.88,10.12,8.68,10.53,7.46
2025-12-16T18:16:44.948738,Recipe_A,a717ca67-edd7-4f3d-81bc-b95bafc99df1,15,5.0,,,,11.68,12.22,12.29,10.53,5.63,7.79
2025-12-16T18:16:45.948738,Recipe_A,a717ca67-edd7-4f3d-81bc-b95bafc99df1,15,5.0,,,,7.16,9.16,10.99,8.99,6.35,8.97
2025-12-16T18:16:46.948738,Recipe_A,a717ca67-edd7-4f3d-81bc-b95bafc99df1,15,5.0,,,,9.35,7.85,12.71,8.15,10.63,11.43
2025-12-16T18:16:47.948738,Recipe_A,a717ca67-edd7-4f3d-81bc-b95bafc99df1,15,5.0,,,,12.03,12.6,7.13,7.98,8.6,7.25
2025-12-16T18:16:48.948738,Recipe_A,a717ca67-edd7-4f3d-81bc-b95bafc99df1,15,5.0,,,,12.26,7.71,8.5,10.84,6.15,12.34
2025-12-16T18:16:49.948738,Recipe_A,a717ca67-edd7-4f3d-81bc-b95bafc99df1,15,0.0,,,,0.0,0.0,0.0,0.0,0.0,0.0
2025-12-16T18:16:50.948738,Recipe_A,a717ca67-edd7-4f3d-81bc-b95bafc99df1,15,0.0,,,,0.0,0.0,0.0,0.0,0.0,0.0
2025-12-16T18:16:51.948738,Recipe_A,a717ca67-edd7-4f3d-81bc-b95bafc99df1,15,0.0,,,,0.0,0.0,0.0,0.0,0.0,0.0
2025-12-16T18:16:52.948738,Recipe_A,a717ca67-edd7-4f3d-81bc-b95bafc99df1,15,0.0,,,,0.0,0.0,0.0,0.0,0.0,0.0
2025-12-16T18:16:53.948738,Recipe_A,a717ca67-edd7-4f3d-81bc-b95bafc99df1,15,0.0,,,,0.0,0.0,0.0,0.0,0.0,0.0
2025-12-16T18:16:54.948738,Recipe_A,a717ca67-edd7-4f3d-81bc-b95bafc99df1,15,0.0,,,,0.0,0.0,0.0,0.0,0.0,0.0
2025-12-16T18:16:55.948738,Recipe_A,a717ca67-edd7-4f3d-81bc-b95bafc99df1,15,0.0,,,,0.0,0.0,0.0,0.0,0.0,0.0
2025-12-16T18:16:56.948738,Recipe_A,a717ca67-edd7-4f3d-81bc-b95bafc99df1,15,0.0,,,,0.0,0.0,0.0,0.0,0.0,0.0
2025-12-16T18:16:57.948738,Recipe_A,a717ca67-edd7-4f3d-81bc-b95bafc99df1,15,0.0,,,,0.0,0.0,0.0,0.0,0.0,0.0
2025-12-16T18:16:58.948738,Recipe_A,a717ca67-edd7-4f3d-81bc-b95bafc99df1,15,0.0,,,,0.0,0.0,0.0,0.0,0.0,0.0
2025-12-16T18:16:59.948738,Recipe_A,a717ca67-edd7-4f3d-81bc-b95bafc99df1,15,0.0,,,,0.0,0.0,0.0,0.0,0.0,0.0
2025-12-16T18:17:00.948738,Recipe_A,a717ca67-edd7-4f3d-81bc-b95bafc99df1,15,0.0,,,,0.0,0.0,0.0,0.0,0.0,0.0
2025-12-16T18:17:01.948738,Recipe_A,a717ca67-edd7-4f3d-81bc-b95bafc99df1,15,0.0,,,,0.0,0.0,0.0,0.0,0.0,0.0
2025-12-16T18:17:02.948738,Recipe_A,a717ca67-edd7-4f3d-81bc-b95bafc99df1,15,0.0,,,,0.0,0.0,0.0,0.0,0.0,0.0
2025-12-16T18:17:03.948738,Recipe_A,a717ca67-edd7-4f3d-81bc-b95bafc99df1,15,0.0,,,,0.0,0.0,0.0,0.0,0.0,0.0
2025-12-16T18:17:04.948738,Recipe_A,a717ca67-edd7-4f3d-81bc-b95bafc99df1,15,0.0,,,,0.0,0.0,0.0,0.0,0.0,0.0
2025-12-16T18:17:05.948738,Recipe_A,a717ca67-edd7-4f3d-81bc-b95bafc99df1,15,0.0,,,,0.0,0.0,0.0,0.0,0.0,0.0
2025-12-16T18:17:06.948738,Recipe_A,a717ca67-edd7-4f3d-81bc-b95bafc99df1,15,0.0,,,,0.0,0.0,0.0,0.0,0.0,0.0
2025-12-16T18:17:07.948738,Recipe_A,a717ca67-edd7-4f3d-81bc-b95bafc99df1,15,0.0,,,,0.0,0.0,0.0,0.0,0.0,0.0
2025-12-16T18:17:08.948738,Recipe_A,a717ca67-edd7-4f3d-81bc-b95bafc99df1,15,0.0,,,,0.0,0.0,0.0,0.0,0.0,0.0
2025-12-16T18:17:09.948738,Recipe_A,a717ca67-edd7-4f3d-81bc-b95bafc99df1,15,0.0,,,,0.0,0.0,0.0,0.0,0.0,0.0
2025-12-16T18:17:10.948738,Recipe_A,a717ca67-edd7-4f3d-81bc-b95bafc99df1,15,0.0,,,,0.0,0.0,0.0,0.0,0.0,0.0
2025-12-16T18:17:11.948738,Recipe_A,a717ca67-edd7-4f3d-81bc-b95bafc99df1,15,0.0,,,,0.0,0.0,0.0,0.0,0.0,0.0
2025-12-16T18:17:12.948738,Recipe_A,a717ca67-edd7-4f3d-81bc-b95bafc99df1,15,0.0,,,,0.0,0.0,0.0,0.0,0.0,0.0
2025-12-16T18:17:13.948738,Recipe_A,a717ca67-edd7-4f3d-81bc-b95bafc99df1,15,0.0,,,,0.0,0.0,0.0,0.0,0.0,0.0
2025-12-16T18:17:14.948738,Recipe_A,a717ca67-edd7-4f3d-81bc-b95bafc99df1,15,0.0,,,,0.0,0.0,0.0,0.0,0.0,0.0
2025-12-16T18:17:15.948738,Recipe_A,a717ca67-edd7-4f3d-81bc-b95bafc99df1,15,0.0,,,,0.0,0.0,0.0,0.0,0.0,0.0
2025-12-16T18:17:16.948738,Recipe_A,a717ca67-edd7-4f3d-81bc-b95bafc99df1,15,0.0,,,,0.0,0.0,0.0,0.0,0.0,0.0
2025-12-16T18:17:17.948738,Recipe_A,a717ca67-edd7-4f3d-81bc-b95bafc99df1,15,0.0,,,,0.0,0.0,0.0,0.0,0.0,0.0
2025-12-16T18:17:18.948738,Recipe_A,a717ca67-edd7-4f3d-81bc-b95bafc99df1,15,0.0,,,,0.0,0.0,0.0,0.0,0.0,0.0
2025-12-16T18:17:19.948738,Recipe_A,a717ca67-edd7-4f3d-81bc-b95bafc99df1,15,0.0,,,,0.0,0.0,0.0,0.0,0.0,0.0
2025-12-16T18:17:20.948738,Recipe_A,a717ca67-edd7-4f3d-81bc-b95bafc99df1,15,0.0,,,,0.0,0.0,0.0,0.0,0.0,0.0
2025-12-16T18:17:21.948738,Recipe_A,a717ca67-edd7-4f3d-81bc-b95bafc99df1,15,0.0,,,,0.0,0.0,0.0,0.0,0.0,0.0
2025-12-16T18:17:22.948738,Recipe_A,a717ca67-edd7-4f3d-81bc-b95bafc99df1,15,1.0,,,,8.7,10.56,9.71,9.72,7.41,8.63
2025-12-16T18:17:23.948738,Recipe_A,a717ca67-edd7-4f3d-81bc-b95bafc99df1,15,1.0,,,,11.3,11.76,10.37,10.33,9.94,10.84
2025-12-16T18:17:24.948738,Recipe_A,a717ca67-edd7-4f3d-81bc-b95bafc99df1,15,1.0,,,,7.97,9.01,7.92,9.9,6.93,7.22
2025-12-16T18:17:25.948738,Recipe_A,a717ca67-edd7-4f3d-81bc-b95bafc99df1,15,1.0,,,,11.69,8.68,8.19,12.65,11.87,9.18
2025-12-16T18:17:26.948738,Recipe_A,a717ca67-edd7-4f3d-81bc-b95bafc99df1,15,1.0,,,,9.4,10.38,7.43,11.38,10.22,10.88
2025-12-16T18:17:27.948738,Recipe_A,a717ca67-edd7-4f3d-81bc-b95bafc99df1,15,1.0,,,,8.91,11.19,8.65,8.46,8.3,12.84
2025-12-16T18:17:28.948738,Recipe_A,a717ca67-edd7-4f3d-81bc-b95bafc99df1,15,1.0,,,,12.5,9.09,9.46,10.39,9.83,10.84
2025-12-16T18:17:29.948738,Recipe_A,a717ca67-edd7-4f3d-81bc-b95bafc99df1,15,1.0,,,,6.32,10.42,6.23,10.34,7.82,11.22
2025-12-16T18:17:30.948738,Recipe_A,a717ca67-edd7-4f3d-81bc-b95bafc99df1,15,1.0,,,,14.17,9.29,8.72,8.62,8.46,14.78
2025-12-16T18:17:31.948738,Recipe_A,a717ca67-edd7-4f3d-81bc-b95bafc99df1,15,1.0,,,,8.57,12.49,7.46,11.56,9.94,11.59
2025-12-16T18:17:32.948738,Recipe_A,a717ca67-edd7-4f3d-81bc-b95bafc99df1,15,1.0,,,,11.72,12.64,9.62,9.3,10.61,9.65
2025-12-16T18:17:33.948738,Recipe_A,a717ca67-edd7-4f3d-81bc-b95bafc99df1,15,1.0,,,,8.79,10.57,6.49,9.27,8.91,10.83
2025-12-16T18:17:34.948738,Recipe_A,a717ca67-edd7-4f3d-81bc-b95bafc99df1,15,1.0,,,,8.2,9.39,11.42,10.37,8.94,11.44
2025-12-16T18:17:35.948738,Recipe_A,a717ca67-edd7-4f3d-81bc-b95bafc99df1,15,1.0,,,,9.14,10.04,11.92,10.68,8.47,8.52
2025-12-16T18:17:36.948738,Recipe_A,a717ca67-edd7-4f3d-81bc-b95bafc99df1,15,5.0,,,,9.59,8.32,10.14,10.27,11.51,9.03
2025-12-16T18:17:37.948738,Recipe_A,a717ca67-edd7-4f3d-81bc-b95bafc99df1,15,5.0,,,,10.34,11.79,7.12,8.94,7.43,11.69
2025-12-16T18:17:38.948738,Recipe_A,a717ca67-edd7-4f3d-81bc-b95bafc99df1,15,5.0,,,,9.09,7.12,9.97,12.01,7.89,10.13
2025-12-16T18:17:39.948738,Recipe_A,a717ca67-edd7-4f3d-81bc-b95bafc99df1,15,5.0,,,,9.83,8.68,10.23,7.58,9.17,11.41
2025-12-16T18:17:40.948738,Recipe_A,a717ca67-edd7-4f3d-81bc-b95bafc99df1,15,5.0,,,,9.9,10.43,6.08,9.51,9.14,7.1
2025-12-16T18:17:41.948738,Recipe_A,a717ca67-edd7-4f3d-81bc-b95bafc99df1,15,5.0,,,,11.13,12.81,12.98,8.71,8.27,12.95
2025-12-16T18:17:42.948738,Recipe_A,a717ca67-edd7-4f3d-81bc-b95bafc99df1,15,5.0,,,,7.9,13.31,10.5,10.09,8.2,10.76
2025-12-16T18:17:43.948738,Recipe_A,a717ca67-edd7-4f3d-81bc-b95bafc99df1,15,5.0,,,,10.68,8.13,10.87,10.7,8.75,8.87
2025-12-16T18:17:44.948738,Recipe_A,a717ca67-edd7-4f3d-81bc-b95bafc99df1,15,5.0,,,,8.12,9.54,10.44,10.32,9.92,9.2
2025-12-16T18:17:45.948738,Recipe_A,a717ca67-edd7-4f3d-81bc-b95bafc99df1,15,5.0,,,,6.0,10.22,11.77,11.63,10.19,13.64
2025-12-16T18:17:46.948738,Recipe_A,a717ca67-edd7-4f3d-81bc-b95bafc99df1,15,5.0,,,,9.87,8.11,7.29,10.42,11.0,8.4
2025-12-16T18:17:47.948738,Recipe_A,a717ca67-edd7-4f3d-81bc-b95bafc99df1,15,5.0,,,,12.09,10.15,10.69,12.31,7.9,11.4
2025-12-16T18:17:48.948738,Recipe_A,a717ca67-edd7-4f3d-81bc-b95bafc99df1,15,5.0,,,,10.44,13.68,10.24,6.91,12.65,8.27
2025-12-16T18:17:49.948738,Recipe_A,a717ca67-edd7-4f3d-81bc-b95bafc99df1,15,5.0,,,,9.23,14.07,11.13,9.17,11.6,10.27
2025-12-16T18:17:50.948738,Recipe_A,a717ca67-edd7-4f3d-81bc-b95bafc99df1,15,5.0,,,,9.97,6.08,9.07,7.05,10.5,10.63
2025-12-16T18:17:51.948738,Recipe_A,a717ca67-edd7-4f3d-81bc-b95bafc99df1,15,5.0,,,,9.4,10.52,9.28,5.86,9.04,8.07
2025-12-16T18:17:52.948738,Recipe_A,a717ca67-edd7-4f3d-81bc-b95bafc99df1,15,5.0,,,,9.35,10.98,9.05,14.22,11.64,10.09
2025-12-16T18:17:53.948738,Recipe_A,a717ca67-edd7-4f3d-81bc-b95bafc99df1,15,0.0,,,,0.0,0.0,0.0,0.0,0.0,0.0
2025-12-16T18:17:54.948738,Recipe_A,a717ca67-edd7-4f3d-81bc-b95bafc99df1,15,0.0,,,,0.0,0.0,0.0,0.0,0.0,0.0
2025-12-16T18:17:55.948738,Recipe_A,a717ca67-edd7-4f3d-81bc-b95bafc99df1,15,0.0,,,,0.0,0.0,0.0,0.0,0.0,0.0
2025-12-16T18:17:56.948738,Recipe_A,a717ca67-edd7-4f3d-81bc-b95bafc99df1,15,2.0,,,,11.44,9.14,10.48,9.94,12.23,9.74
2025-12-16T18:17:57.948738,Recipe_A,a717ca67-edd7-4f3d-81bc-b95bafc99df1,15,2.0,,,,10.12,12.48,6.01,7.47,12.65,7.87
2025-12-16T18:17:58.948738,Recipe_A,a717ca67-edd7-4f3d-81bc-b95bafc99df1,15,2.0,,,,13.2,10.81,8.84,9.39,8.82,4.21
2025-12-16T18:17:59.948738,Recipe_A,a717ca67-edd7-4f3d-81bc-b95bafc99df1,15,2.0,,,,10.15,8.22,9.68,10.2,9.52,9.94
2025-12-16T18:18:00.948738,Recipe_A,a717ca67-edd7-4f3d-81bc-b95bafc99df1,15,2.0,,,,9.14,10.23,12.16,11.62,11.37,13.04
2025-12-16T18:18:01.948738,Recipe_A,a717ca67-edd7-4f3d-81bc-b95bafc99df1,15,2.0,,,,8.38,7.29,7.27,9.89,9.05,10.17
2025-12-16T18:18:02.948738,Recipe_A,a717ca67-edd7-4f3d-81bc-b95bafc99df1,15,2.0,,,,9.36,10.51,10.38,7.16,9.62,8.99
2025-12-16T18:18:03.948738,Recipe_A,a717ca67-edd7-4f3d-81bc-b95bafc99df1,15,2.0,,,,9.05,8.64,5.65,11.86,8.14,10.93
2025-12-16T18:18:04.948738,Recipe_A,a717ca67-edd7-4f3d-81bc-b95bafc99df1,15,2.0,,,,9.05,10.83,10.94,12.94,11.25,8.59
2025-12-16T18:18:05.948738,Recipe_A,a717ca67-edd7-4f3d-81bc-b95bafc99df1,15,2.0,,,,8.94,8.47,10.63,13.14,9.63,10.81
2025-12-16T18:18:06.948738,Recipe_A,a717ca67-edd7-4f3d-81bc-b95bafc99df1,15,2.0,,,,8.48,6.98,6.12,8.32,8.38,14.3
2025-12-16T18:18:07.948738,Recipe_A,a717ca67-edd7-4f3d-81bc-b95bafc99df1,15,2.0,,,,9.04,11.78,13.04,9.39,7.9,7.94
2025-12-16T18:18:08.948738,Recipe_A,a717ca67-edd7-4f3d-81bc-b95bafc99df1,15,2.0,,,,9.07,9.79,10.69,10.57,9.98,11.12
2025-12-16T18:18:08.948738,Recipe_A,a717ca67-edd7-4f3d-81bc-b95bafc99df1,15,2.0,Warning_7,Simulated Warning occurred,Warning,,,,,,
2025-12-16T18:18:09.948738,Recipe_A,a717ca67-edd7-4f3d-81bc-b95bafc99df1,15,2.0,,,,8.58,11.94,10.93,10.38,13.27,5.35
2025-12-16T18:18:10.948738,Recipe_A,a717ca67-edd7-4f3d-81bc-b95bafc99df1,15,2.0,,,,5.64,14.28,9.91,8.6,5.14,14.22
2025-12-16T18:18:11.948738,Recipe_A,a717ca67-edd7-4f3d-81bc-b95bafc99df1,15,2.0,,,,8.38,6.71,12.5,11.75,10.33,10.37
2025-12-16T18:18:12.948738,Recipe_A,a717ca67-edd7-4f3d-81bc-b95bafc99df1,15,2.0,,,,8.43,5.06,11.41,5.21,11.9,11.78
2025-12-16T18:18:13.948738,Recipe_A,a717ca67-edd7-4f3d-81bc-b95bafc99df1,15,2.0,,,,12.19,12.08,9.41,8.15,10.65,12.29
2025-12-16T18:18:13.948738,Recipe_A,a717ca67-edd7-4f3d-81bc-b95bafc99df1,15,2.0,Error_7,Simulated Error occurred,Error,,,,,,
2025-12-16T18:18:14.948738,Recipe_A,a717ca67-edd7-4f3d-81bc-b95bafc99df1,15,2.0,,,,12.47,10.43,9.99,9.39,7.64,11.44
2025-12-16T18:18:15.948738,Recipe_A,a717ca67-edd7-4f3d-81bc-b95bafc99df1,15,2.0,,,,12.87,7.96,8.42,10.04,12.24,14.52
2025-12-16T18:18:16.948738,Recipe_A,a717ca67-edd7-4f3d-81bc-b95bafc99df1,15,2.0,,,,12.02,9.34,9.79,6.7,9.23,8.09
2025-12-16T18:18:17.948738,Recipe_A,a717ca67-edd7-4f3d-81bc-b95bafc99df1,15,2.0,,,,5.99,8.17,9.82,10.97,10.61,7.15
2025-12-16T18:18:18.948738,Recipe_A,a717ca67-edd7-4f3d-81bc-b95bafc99df1,15,2.0,,,,11.43,11.45,12.29,8.26,12.67,6.8
2025-12-16T18:18:19.948738,Recipe_A,a717ca67-edd7-4f3d-81bc-b95bafc99df1,15,2.0,,,,12.21,11.4,7.89,10.27,10.34,9.28
2025-12-16T18:18:20.948738,Recipe_A,a717ca67-edd7-4f3d-81bc-b95bafc99df1,15,2.0,,,,11.19,7.58,8.98,7.74,11.04,11.35
2025-12-16T18:18:21.948738,Recipe_A,a717ca67-edd7-4f3d-81bc-b95bafc99df1,15,2.0,,,,8.1,6.45,10.56,8.66,8.3,11.9
2025-12-16T18:18:22.948738,Recipe_A,a717ca67-edd7-4f3d-81bc-b95bafc99df1,15,2.0,,,,9.36,7.6,8.64,9.81,11.73,9.45
2025-12-16T18:18:23.948738,Recipe_A,a717ca67-edd7-4f3d-81bc-b95bafc99df1,15,2.0,,,,9.39,7.58,9.96,11.71,11.53,7.6
2025-12-16T18:18:24.948738,Recipe_A,a717ca67-edd7-4f3d-81bc-b95bafc99df1,15,2.0,,,,8.55,7.22,11.05,9.23,11.21,8.75
2025-12-16T18:18:25.948738,Recipe_A,a717ca67-edd7-4f3d-81bc-b95bafc99df1,15,2.0,,,,12.08,13.05,14.37,11.16,12.37,7.06
2025-12-16T18:18:26.948738,Recipe_A,a717ca67-edd7-4f3d-81bc-b95bafc99df1,15,2.0,,,,9.07,10.39,12.68,11.49,9.81,9.43
2025-12-16T18:18:27.948738,Recipe_A,a717ca67-edd7-4f3d-81bc-b95bafc99df1,15,2.0,,,,10.64,11.23,9.63,10.68,12.56,9.54
2025-12-16T18:18:28.948738,Recipe_A,a717ca67-edd7-4f3d-81bc-b95bafc99df1,15,2.0,,,,10.78,10.18,9.48,10.56,10.26,10.17
2025-12-16T18:18:29.948738,Recipe_A,a717ca67-edd7-4f3d-81bc-b95bafc99df1,15,2.0,,,,9.96,13.62,9.17,7.45,8.76,9.33
2025-12-16T18:18:30.948738,Recipe_A,a717ca67-edd7-4f3d-81bc-b95bafc99df1,15,2.0,,,,9.26,12.37,12.31,8.41,8.6,12.99
2025-12-16T18:18:31.948738,Recipe_A,a717ca67-edd7-4f3d-81bc-b95bafc99df1,15,2.0,,,,11.87,8.67,10.05,8.59,9.13,9.68
2025-12-16T18:18:32.948738,Recipe_A,a717ca67-edd7-4f3d-81bc-b95bafc99df1,15,2.0,,,,12.2,10.6,7.62,11.55,8.27,8.18
2025-12-16T18:18:33.948738,Recipe_A,a717ca67-edd7-4f3d-81bc-b95bafc99df1,15,2.0,,,,6.95,11.31,14.87,7.68,10.0,11.04
2025-12-16T18:18:34.948738,Recipe_A,a717ca67-edd7-4f3d-81bc-b95bafc99df1,15,2.0,,,,11.7,7.53,8.95,8.63,11.1,11.29
2025-12-16T18:18:35.948738,Recipe_A,a717ca67-edd7-4f3d-81bc-b95bafc99df1,15,2.0,,,,10.26,8.52,9.57,9.76,7.43,7.72
2025-12-16T18:18:36.948738,Recipe_A,a717ca67-edd7-4f3d-81bc-b95bafc99df1,15,2.0,,,,10.41,9.76,10.14,7.2,10.23,11.21
2025-12-16T18:18:37.948738,Recipe_A,a717ca67-edd7-4f3d-81bc-b95bafc99df1,15,2.0,,,,3.79,8.0,9.86,9.95,8.54,6.73
2025-12-16T18:18:38.948738,Recipe_A,a717ca67-edd7-4f3d-81bc-b95bafc99df1,15,2.0,,,,10.94,10.2,4.91,11.23,8.89,6.92
2025-12-16T18:18:39.948738,Recipe_A,a717ca67-edd7-4f3d-81bc-b95bafc99df1,15,2.0,,,,9.71,10.69,13.05,9.18,7.7,10.18
2025-12-16T18:18:40.948738,Recipe_A,a717ca67-edd7-4f3d-81bc-b95bafc99df1,15,2.0,,,,7.24,10.92,9.22,11.45,8.52,12.6
2025-12-16T18:18:41.948738,Recipe_A,a717ca67-edd7-4f3d-81bc-b95bafc99df1,15,2.0,,,,10.68,12.42,8.77,9.03,11.07,11.36
2025-12-16T18:18:42.948738,Recipe_A,a717ca67-edd7-4f3d-81bc-b95bafc99df1,15,2.0,,,,10.02,9.2,11.33,10.75,9.73,11.13
2025-12-16T18:18:43.948738,Recipe_A,a717ca67-edd7-4f3d-81bc-b95bafc99df1,15,2.0,,,,9.19,9.49,9.2,10.39,14.91,8.91
2025-12-16T18:18:44.948738,Recipe_A,a717ca67-edd7-4f3d-81bc-b95bafc99df1,15,2.0,,,,7.71,9.47,12.53,8.52,8.31,9.83
2025-12-16T18:18:45.948738,Recipe_A,a717ca67-edd7-4f3d-81bc-b95bafc99df1,15,2.0,,,,9.3,9.94,7.85,10.28,12.53,11.22
2025-12-16T18:18:46.948738,Recipe_A,a717ca67-edd7-4f3d-81bc-b95bafc99df1,15,2.0,,,,10.52,15.41,10.64,6.53,12.33,12.08
2025-12-16T18:18:47.948738,Recipe_A,a717ca67-edd7-4f3d-81bc-b95bafc99df1,15,2.0,,,,10.86,8.19,12.43,12.46,9.84,9.42
2025-12-16T18:18:48.948738,Recipe_A,a717ca67-edd7-4f3d-81bc-b95bafc99df1,15,2.0,,,,9.04,11.73,10.55,9.16,8.98,11.94
2025-12-16T18:18:49.948738,Recipe_A,a717ca67-edd7-4f3d-81bc-b95bafc99df1,15,2.0,,,,11.2,11.58,10.55,12.18,8.44,8.89
2025-12-16T18:18:50.948738,Recipe_A,a717ca67-edd7-4f3d-81bc-b95bafc99df1,15,2.0,,,,9.14,11.09,9.69,8.01,9.18,11.67
2025-12-16T18:18:51.948738,Recipe_A,a717ca67-edd7-4f3d-81bc-b95bafc99df1,15,2.0,,,,6.92,9.52,10.29,7.25,9.56,10.86
2025-12-16T18:18:52.948738,Recipe_A,a717ca67-edd7-4f3d-81bc-b95bafc99df1,15,2.0,,,,9.19,11.78,7.11,8.77,10.93,8.0
2025-12-16T18:18:53.948738,Recipe_A,a717ca67-edd7-4f3d-81bc-b95bafc99df1,15,2.0,,,,11.12,10.91,9.16,10.97,11.26,9.51
2025-12-16T18:18:54.948738,Recipe_A,a717ca67-edd7-4f3d-81bc-b95bafc99df1,15,2.0,,,,9.27,12.72,10.99,9.13,13.28,11.31
2025-12-16T18:18:55.948738,Recipe_A,a717ca67-edd7-4f3d-81bc-b95bafc99df1,15,2.0,,,,8.55,11.67,12.33,11.39,11.59,8.29
2025-12-16T18:18:56.948738,Recipe_A,a717ca67-edd7-4f3d-81bc-b95bafc99df1,15,2.0,,,,6.12,10.82,10.53,6.38,10.91,12.04
2025-12-16T18:18:57.948738,Recipe_A,a717ca67-edd7-4f3d-81bc-b95bafc99df1,15,2.0,,,,9.13,9.4,10.15,8.02,14.38,13.28
2025-12-16T18:18:58.948738,Recipe_A,a717ca67-edd7-4f3d-81bc-b95bafc99df1,15,2.0,,,,7.9,12.59,7.76,10.07,10.52,6.65
2025-12-16T18:18:59.948738,Recipe_A,a717ca67-edd7-4f3d-81bc-b95bafc99df1,15,3.0,,,,9.4,11.08,8.44,8.99,13.73,7.76
2025-12-16T18:19:00.948738,Recipe_A,a717ca67-edd7-4f3d-81bc-b95bafc99df1,15,3.0,,,,13.8,10.75,8.77,9.48,8.05,11.1
2025-12-16T18:19:01.948738,Recipe_A,a717ca67-edd7-4f3d-81bc-b95bafc99df1,15,3.0,,,,10.64,10.23,10.78,10.06,9.93,11.72
2025-12-16T18:19:02.948738,Recipe_A,a717ca67-edd7-4f3d-81bc-b95bafc99df1,15,3.0,,,,10.51,10.07,9.55,8.25,7.19,9.19
2025-12-16T18:19:03.948738,Recipe_A,a717ca67-edd7-4f3d-81bc-b95bafc99df1,15,3.0,,,,7.87,10.36,5.24,9.21,7.61,6.52
2025-12-16T18:19:04.948738,Recipe_A,a717ca67-edd7-4f3d-81bc-b95bafc99df1,15,3.0,,,,9.91,9.57,7.98,6.29,7.55,11.09
2025-12-16T18:19:05.948738,Recipe_A,a717ca67-edd7-4f3d-81bc-b95bafc99df1,15,3.0,,,,11.24,8.18,10.41,6.74,9.78,6.86
2025-12-16T18:19:06.948738,Recipe_A,a717ca67-edd7-4f3d-81bc-b95bafc99df1,15,3.0,,,,9.17,10.28,8.36,11.48,12.6,9.34
2025-12-16T18:19:07.948738,Recipe_A,a717ca67-edd7-4f3d-81bc-b95bafc99df1,15,3.0,,,,9.79,11.49,10.57,9.89,9.87,11.31
2025-12-16T18:19:08.948738,Recipe_A,a717ca67-edd7-4f3d-81bc-b95bafc99df1,15,3.0,,,,9.73,7.81,9.83,12.1,8.62,9.36
2025-12-16T18:19:09.948738,Recipe_A,a717ca67-edd7-4f3d-81bc-b95bafc99df1,15,3.0,,,,8.76,8.07,10.73,9.02,10.02,7.44
2025-12-16T18:19:10.948738,Recipe_A,a717ca67-edd7-4f3d-81bc-b95bafc99df1,15,3.0,,,,7.78,11.51,11.01,9.95,9.48,10.24
2025-12-16T18:19:11.948738,Recipe_A,a717ca67-edd7-4f3d-81bc-b95bafc99df1,15,3.0,,,,10.02,9.56,10.23,9.52,9.66,10.18
2025-12-16T18:19:12.948738,Recipe_A,a717ca67-edd7-4f3d-81bc-b95bafc99df1,15,3.0,,,,10.6,10.67,9.91,9.93,13.23,11.06
2025-12-16T18:19:13.948738,Recipe_A,a717ca67-edd7-4f3d-81bc-b95bafc99df1,15,3.0,,,,9.09,7.51,10.09,12.17,7.62,12.94
2025-12-16T18:19:14.948738,Recipe_A,a717ca67-edd7-4f3d-81bc-b95bafc99df1,15,3.0,,,,9.91,6.4,9.02,9.73,4.54,7.14
2025-12-16T18:19:15.948738,Recipe_A,a717ca67-edd7-4f3d-81bc-b95bafc99df1,15,3.0,,,,9.64,9.56,9.56,7.67,9.29,12.58
2025-12-16T18:19:16.948738,Recipe_A,a717ca67-edd7-4f3d-81bc-b95bafc99df1,15,3.0,,,,9.35,11.88,8.78,8.61,9.93,12.24
2025-12-16T18:19:17.948738,Recipe_A,a717ca67-edd7-4f3d-81bc-b95bafc99df1,15,3.0,,,,8.79,12.65,7.6,9.28,8.94,12.36
2025-12-16T18:19:18.948738,Recipe_A,a717ca67-edd7-4f3d-81bc-b95bafc99df1,15,3.0,,,,11.37,13.1,10.33,10.18,11.12,6.58
2025-12-16T18:19:19.948738,Recipe_A,a717ca67-edd7-4f3d-81bc-b95bafc99df1,15,3.0,,,,9.72,10.52,9.26,10.2,8.4,11.51
2025-12-16T18:19:20.948738,Recipe_A,a717ca67-edd7-4f3d-81bc-b95bafc99df1,15,3.0,,,,14.0,7.9,8.82,9.58,13.06,8.99
2025-12-16T18:19:21.948738,Recipe_A,a717ca67-edd7-4f3d-81bc-b95bafc99df1,15,3.0,,,,10.29,11.39,9.62,10.38,9.22,9.93
2025-12-16T18:19:22.948738,Recipe_A,a717ca67-edd7-4f3d-81bc-b95bafc99df1,15,3.0,,,,10.32,9.78,9.91,9.39,11.36,10.32
2025-12-16T18:19:23.948738,Recipe_A,a717ca67-edd7-4f3d-81bc-b95bafc99df1,15,3.0,,,,10.06,11.49,12.25,10.72,10.93,14.89
2025-12-16T18:19:24.948738,Recipe_A,a717ca67-edd7-4f3d-81bc-b95bafc99df1,15,3.0,,,,6.58,10.3,11.05,14.28,7.37,7.69
2025-12-16T18:19:25.948738,Recipe_A,a717ca67-edd7-4f3d-81bc-b95bafc99df1,15,3.0,,,,10.01,10.97,8.85,10.11,11.52,12.23
2025-12-16T18:19:25.948738,Recipe_A,a717ca67-edd7-4f3d-81bc-b95bafc99df1,15,3.0,Warning_2,Simulated Warning occurred,Warning,,,,,,
2025-12-16T18:19:26.948738,Recipe_A,a717ca67-edd7-4f3d-81bc-b95bafc99df1,15,3.0,,,,9.42,9.87,7.67,10.57,7.62,8.3
2025-12-16T18:19:27.948738,Recipe_A,a717ca67-edd7-4f3d-81bc-b95bafc99df1,15,3.0,,,,8.69,8.56,12.59,10.77,6.44,7.0
2025-12-16T18:19:28.948738,Recipe_A,a717ca67-edd7-4f3d-81bc-b95bafc99df1,15,3.0,,,,11.46,7.55,11.69,8.75,10.0,9.89
2025-12-16T18:19:29.948738,Recipe_A,a717ca67-edd7-4f3d-81bc-b95bafc99df1,15,3.0,,,,10.68,10.95,8.29,7.99,8.05,7.16
2025-12-16T18:19:30.948738,Recipe_A,a717ca67-edd7-4f3d-81bc-b95bafc99df1,15,3.0,,,,11.07,10.19,8.02,10.11,10.62,9.23
2025-12-16T18:19:31.948738,Recipe_A,a717ca67-edd7-4f3d-81bc-b95bafc99df1,15,3.0,,,,9.53,10.59,12.58,9.89,12.31,12.12
2025-12-16T18:19:32.948738,Recipe_A,a717ca67-edd7-4f3d-81bc-b95bafc99df1,15,3.0,,,,10.3,14.76,11.86,10.24,8.59,6.73
2025-12-16T18:19:33.948738,Recipe_A,a717ca67-edd7-4f3d-81bc-b95bafc99df1,15,3.0,,,,8.55,10.02,8.04,11.5,12.34,8.72
2025-12-16T18:19:34.948738,Recipe_A,a717ca67-edd7-4f3d-81bc-b95bafc99df1,15,3.0,,,,10.67,10.29,8.8,13.04,7.58,6.7
2025-12-16T18:19:35.948738,Recipe_A,a717ca67-edd7-4f3d-81bc-b95bafc99df1,15,3.0,,,,10.18,7.53,12.02,11.73,10.22,14.9
2025-12-16T18:19:36.948738,Recipe_A,a717ca67-edd7-4f3d-81bc-b95bafc99df1,15,3.0,,,,6.68,8.02,5.09,10.23,12.72,10.1
2025-12-16T18:19:37.948738,Recipe_A,a717ca67-edd7-4f3d-81bc-b95bafc99df1,15,3.0,,,,11.08,10.11,6.15,10.04,14.26,10.2
2025-12-16T18:19:38.948738,Recipe_A,a717ca67-edd7-4f3d-81bc-b95bafc99df1,15,3.0,,,,10.83,9.52,8.33,10.72,12.5,8.56
2025-12-16T18:19:39.948738,Recipe_A,a717ca67-edd7-4f3d-81bc-b95bafc99df1,15,3.0,,,,9.03,10.23,10.61,10.63,8.98,15.29
2025-12-16T18:19:40.948738,Recipe_A,a717ca67-edd7-4f3d-81bc-b95bafc99df1,15,3.0,,,,9.47,9.51,13.6,11.7,13.36,9.21
2025-12-16T18:19:41.948738,Recipe_A,a717ca67-edd7-4f3d-81bc-b95bafc99df1,15,3.0,,,,10.61,12.18,12.13,13.42,9.09,11.56
2025-12-16T18:19:42.948738,Recipe_A,a717ca67-edd7-4f3d-81bc-b95bafc99df1,15,3.0,,,,5.31,9.09,8.93,10.39,9.95,12.37
2025-12-16T18:19:43.948738,Recipe_A,a717ca67-edd7-4f3d-81bc-b95bafc99df1,15,3.0,,,,7.75,8.59,10.97,7.81,8.07,10.22
2025-12-16T18:19:44.948738,Recipe_A,a717ca67-edd7-4f3d-81bc-b95bafc99df1,15,3.0,,,,10.77,10.3,11.95,9.13,8.61,8.76
2025-12-16T18:19:45.948738,Recipe_A,a717ca67-edd7-4f3d-81bc-b95bafc99df1,15,3.0,,,,8.71,14.03,7.66,11.64,9.6,9.4
2025-12-16T18:19:46.948738,Recipe_A,a717ca67-edd7-4f3d-81bc-b95bafc99df1,15,3.0,,,,11.29,8.1,8.44,9.06,12.78,11.52
2025-12-16T18:19:47.948738,Recipe_A,a717ca67-edd7-4f3d-81bc-b95bafc99df1,15,3.0,,,,11.11,10.11,10.0,10.69,10.21,7.27
2025-12-16T18:19:48.948738,Recipe_A,a717ca67-edd7-4f3d-81bc-b95bafc99df1,15,3.0,,,,8.27,8.57,10.26,10.1,8.6,11.99
2025-12-16T18:19:49.948738,Recipe_A,a717ca67-edd7-4f3d-81bc-b95bafc99df1,15,3.0,,,,10.71,12.65,8.57,12.61,9.25,10.09
2025-12-16T18:19:50.948738,Recipe_A,a717ca67-edd7-4f3d-81bc-b95bafc99df1,15,3.0,,,,10.0,10.29,9.36,8.54,8.99,11.15
2025-12-16T18:19:51.948738,Recipe_A,a717ca67-edd7-4f3d-81bc-b95bafc99df1,15,3.0,,,,11.25,10.32,11.84,9.13,9.7,8.93
2025-12-16T18:19:52.948738,Recipe_A,a717ca67-edd7-4f3d-81bc-b95bafc99df1,15,3.0,,,,6.26,10.8,10.57,10.44,10.13,9.15
2025-12-16T18:19:53.948738,Recipe_A,a717ca67-edd7-4f3d-81bc-b95bafc99df1,15,3.0,,,,11.33,8.49,10.35,6.02,10.68,10.52
2025-12-16T18:19:54.948738,Recipe_A,a717ca67-edd7-4f3d-81bc-b95bafc99df1,15,3.0,,,,9.99,5.8,10.18,8.39,5.42,9.02
2025-12-16T18:19:55.948738,Recipe_A,a717ca67-edd7-4f3d-81bc-b95bafc99df1,15,3.0,,,,10.91,8.83,6.18,9.52,10.94,12.95
2025-12-16T18:19:56.948738,Recipe_A,a717ca67-edd7-4f3d-81bc-b95bafc99df1,15,3.0,,,,8.48,9.51,7.38,9.76,9.36,3.93
2025-12-16T18:19:57.948738,Recipe_A,a717ca67-edd7-4f3d-81bc-b95bafc99df1,15,3.0,,,,12.62,8.01,10.06,7.08,12.34,5.0
2025-12-16T18:19:58.948738,Recipe_A,a717ca67-edd7-4f3d-81bc-b95bafc99df1,15,3.0,,,,11.2,10.73,7.99,6.51,13.0,8.96
2025-12-16T18:19:59.948738,Recipe_A,a717ca67-edd7-4f3d-81bc-b95bafc99df1,15,3.0,,,,9.93,9.03,12.68,9.89,9.16,10.35
2025-12-16T18:20:00.948738,Recipe_A,a717ca67-edd7-4f3d-81bc-b95bafc99df1,15,3.0,,,,8.02,11.02,10.19,8.59,10.53,9.0
2025-12-16T18:20:01.948738,Recipe_A,a717ca67-edd7-4f3d-81bc-b95bafc99df1,15,3.0,,,,10.42,7.59,7.45,10.34,13.38,10.12
2025-12-16T18:20:02.948738,Recipe_A,a717ca67-edd7-4f3d-81bc-b95bafc99df1,15,3.0,,,,11.22,10.26,8.38,12.16,9.68,13.13
2025-12-16T18:20:03.948738,Recipe_A,a717ca67-edd7-4f3d-81bc-b95bafc99df1,15,3.0,,,,9.77,10.7,12.68,5.57,10.32,8.55
2025-12-16T18:20:04.948738,Recipe_A,a717ca67-edd7-4f3d-81bc-b95bafc99df1,15,3.0,,,,8.37,12.85,10.88,10.18,6.31,11.98
2025-12-16T18:20:05.948738,Recipe_A,a717ca67-edd7-4f3d-81bc-b95bafc99df1,15,3.0,,,,13.65,11.79,11.25,8.92,11.33,11.97
2025-12-16T18:20:06.948738,Recipe_A,a717ca67-edd7-4f3d-81bc-b95bafc99df1,15,3.0,,,,12.4,8.75,7.22,9.49,12.72,12.58
2025-12-16T18:20:07.948738,Recipe_A,a717ca67-edd7-4f3d-81bc-b95bafc99df1,15,3.0,,,,7.92,8.52,10.66,12.31,10.67,10.46
2025-12-16T18:20:08.948738,Recipe_A,a717ca67-edd7-4f3d-81bc-b95bafc99df1,15,3.0,,,,11.45,9.07,9.3,11.14,6.98,9.48
2025-12-16T18:20:09.948738,Recipe_A,a717ca67-edd7-4f3d-81bc-b95bafc99df1,15,3.0,,,,10.92,10.36,9.97,10.88,8.01,8.52
2025-12-16T18:20:10.948738,Recipe_A,a717ca67-edd7-4f3d-81bc-b95bafc99df1,15,3.0,,,,11.0,10.25,8.21,9.46,10.51,11.94
2025-12-16T18:20:11.948738,Recipe_A,a717ca67-edd7-4f3d-81bc-b95bafc99df1,15,1.0,,,,7.97,11.68,6.09,11.89,9.93,6.27
2025-12-16T18:20:12.948738,Recipe_A,a717ca67-edd7-4f3d-81bc-b95bafc99df1,15,1.0,,,,9.79,8.0,9.25,11.7,10.78,10.81
2025-12-16T18:20:13.948738,Recipe_A,a717ca67-edd7-4f3d-81bc-b95bafc99df1,15,1.0,,,,13.42,9.24,8.7,6.49,11.69,8.55
2025-12-16T18:20:14.948738,Recipe_A,a717ca67-edd7-4f3d-81bc-b95bafc99df1,15,1.0,,,,9.85,12.47,8.95,9.2,9.96,9.06
2025-12-16T18:20:15.948738,Recipe_A,a717ca67-edd7-4f3d-81bc-b95bafc99df1,15,1.0,,,,8.76,12.14,9.91,6.84,10.1,8.33
2025-12-16T18:20:16.948738,Recipe_A,a717ca67-edd7-4f3d-81bc-b95bafc99df1,15,1.0,,,,13.35,4.39,8.25,7.74,9.18,10.0
2025-12-16T18:20:17.948738,Recipe_A,a717ca67-edd7-4f3d-81bc-b95bafc99df1,15,1.0,,,,10.41,9.87,11.76,11.34,7.4,12.35
2025-12-16T18:20:18.948738,Recipe_A,a717ca67-edd7-4f3d-81bc-b95bafc99df1,15,1.0,,,,9.79,8.0,9.65,10.05,4.51,8.7
2025-12-16T18:20:19.948738,Recipe_A,a717ca67-edd7-4f3d-81bc-b95bafc99df1,15,1.0,,,,9.45,7.49,9.21,14.37,11.18,13.9
2025-12-16T18:20:20.948738,Recipe_A,a717ca67-edd7-4f3d-81bc-b95bafc99df1,15,1.0,,,,7.81,14.22,12.1,3.25,11.9,5.9
2025-12-16T18:20:21.948738,Recipe_A,a717ca67-edd7-4f3d-81bc-b95bafc99df1,15,1.0,,,,8.34,9.39,9.96,12.14,10.22,10.5
2025-12-16T18:20:22.948738,Recipe_A,a717ca67-edd7-4f3d-81bc-b95bafc99df1,15,1.0,,,,9.63,9.16,12.1,8.69,10.39,6.58
2025-12-16T18:20:23.948738,Recipe_A,a717ca67-edd7-4f3d-81bc-b95bafc99df1,15,1.0,,,,13.33,12.48,10.14,9.79,11.96,9.32
2025-12-16T18:20:24.948738,Recipe_A,a717ca67-edd7-4f3d-81bc-b95bafc99df1,15,1.0,,,,8.08,7.63,11.08,12.47,11.69,14.86
2025-12-16T18:20:25.948738,Recipe_A,a717ca67-edd7-4f3d-81bc-b95bafc99df1,15,1.0,,,,9.83,9.17,10.65,10.84,9.35,4.72
2025-12-16T18:20:26.948738,Recipe_A,a717ca67-edd7-4f3d-81bc-b95bafc99df1,15,1.0,,,,9.53,10.7,8.07,11.92,9.11,9.29
2025-12-16T18:20:27.948738,Recipe_A,a717ca67-edd7-4f3d-81bc-b95bafc99df1,15,1.0,,,,9.73,8.21,12.1,12.53,10.78,9.65
2025-12-16T18:20:28.948738,Recipe_A,a717ca67-edd7-4f3d-81bc-b95bafc99df1,15,1.0,,,,7.33,9.03,8.51,12.54,10.56,8.84
2025-12-16T18:20:29.948738,Recipe_A,a717ca67-edd7-4f3d-81bc-b95bafc99df1,15,1.0,,,,8.41,9.4,8.8,9.59,9.31,5.69
2025-12-16T18:20:30.948738,Recipe_A,a717ca67-edd7-4f3d-81bc-b95bafc99df1,15,0.0,,,,0.0,0.0,0.0,0.0,0.0,0.0
2025-12-16T18:20:31.948738,Recipe_A,a717ca67-edd7-4f3d-81bc-b95bafc99df1,15,0.0,,,,0.0,0.0,0.0,0.0,0.0,0.0
2025-12-16T18:20:32.948738,Recipe_A,a717ca67-edd7-4f3d-81bc-b95bafc99df1,15,0.0,,,,0.0,0.0,0.0,0.0,0.0,0.0
2025-12-16T18:20:33.948738,Recipe_A,a717ca67-edd7-4f3d-81bc-b95bafc99df1,15,0.0,,,,0.0,0.0,0.0,0.0,0.0,0.0
2025-12-16T18:20:34.948738,Recipe_A,a717ca67-edd7-4f3d-81bc-b95bafc99df1,15,0.0,,,,0.0,0.0,0.0,0.0,0.0,0.0
2025-12-16T18:20:35.948738,Recipe_A,a717ca67-edd7-4f3d-81bc-b95bafc99df1,15,0.0,,,,0.0,0.0,0.0,0.0,0.0,0.0
2025-12-16T18:20:36.948738,Recipe_A,a717ca67-edd7-4f3d-81bc-b95bafc99df1,15,0.0,,,,0.0,0.0,0.0,0.0,0.0,0.0
2025-12-16T18:20:37.948738,Recipe_A,a717ca67-edd7-4f3d-81bc-b95bafc99df1,15,0.0,,,,0.0,0.0,0.0,0.0,0.0,0.0
2025-12-16T18:20:38.948738,Recipe_A,a717ca67-edd7-4f3d-81bc-b95bafc99df1,15,0.0,,,,0.0,0.0,0.0,0.0,0.0,0.0
2025-12-16T18:20:39.948738,Recipe_A,a717ca67-edd7-4f3d-81bc-b95bafc99df1,15,0.0,,,,0.0,0.0,0.0,0.0,0.0,0.0
2025-12-16T18:20:40.948738,Recipe_A,a717ca67-edd7-4f3d-81bc-b95bafc99df1,15,0.0,,,,0.0,0.0,0.0,0.0,0.0,0.0
2025-12-16T18:20:41.948738,Recipe_A,a717ca67-edd7-4f3d-81bc-b95bafc99df1,15,0.0,,,,0.0,0.0,0.0,0.0,0.0,0.0
2025-12-16T18:20:42.948738,Recipe_A,a717ca67-edd7-4f3d-81bc-b95bafc99df1,15,0.0,,,,0.0,0.0,0.0,0.0,0.0,0.0
2025-12-16T18:20:43.948738,Recipe_A,a717ca67-edd7-4f3d-81bc-b95bafc99df1,15,0.0,,,,0.0,0.0,0.0,0.0,0.0,0.0
2025-12-16T18:20:44.948738,Recipe_A,a717ca67-edd7-4f3d-81bc-b95bafc99df1,15,0.0,,,,0.0,0.0,0.0,0.0,0.0,0.0
2025-12-16T18:20:45.948738,Recipe_A,a717ca67-edd7-4f3d-81bc-b95bafc99df1,15,0.0,,,,0.0,0.0,0.0,0.0,0.0,0.0
2025-12-16T18:20:46.948738,Recipe_A,a717ca67-edd7-4f3d-81bc-b95bafc99df1,15,0.0,,,,0.0,0.0,0.0,0.0,0.0,0.0
2025-12-16T18:20:47.948738,Recipe_A,a717ca67-edd7-4f3d-81bc-b95bafc99df1,15,0.0,,,,0.0,0.0,0.0,0.0,0.0,0.0
2025-12-16T18:20:48.948738,Recipe_A,a717ca67-edd7-4f3d-81bc-b95bafc99df1,15,0.0,,,,0.0,0.0,0.0,0.0,0.0,0.0
2025-12-16T18:20:49.948738,Recipe_A,a717ca67-edd7-4f3d-81bc-b95bafc99df1,15,0.0,,,,0.0,0.0,0.0,0.0,0.0,0.0
2025-12-16T18:20:50.948738,Recipe_A,a717ca67-edd7-4f3d-81bc-b95bafc99df1,15,0.0,,,,0.0,0.0,0.0,0.0,0.0,0.0
2025-12-16T18:20:51.948738,Recipe_A,a717ca67-edd7-4f3d-81bc-b95bafc99df1,15,0.0,,,,0.0,0.0,0.0,0.0,0.0,0.0
2025-12-16T18:20:52.948738,Recipe_A,a717ca67-edd7-4f3d-81bc-b95bafc99df1,15,0.0,,,,0.0,0.0,0.0,0.0,0.0,0.0
2025-12-16T18:20:53.948738,Recipe_A,a717ca67-edd7-4f3d-81bc-b95bafc99df1,15,0.0,,,,0.0,0.0,0.0,0.0,0.0,0.0
2025-12-16T18:20:54.948738,Recipe_A,a717ca67-edd7-4f3d-81bc-b95bafc99df1,15,0.0,,,,0.0,0.0,0.0,0.0,0.0,0.0
2025-12-16T18:20:55.948738,Recipe_A,a717ca67-edd7-4f3d-81bc-b95bafc99df1,15,0.0,,,,0.0,0.0,0.0,0.0,0.0,0.0
2025-12-16T18:20:56.948738,Recipe_A,a717ca67-edd7-4f3d-81bc-b95bafc99df1,15,1.0,,,,11.6,9.96,6.6,6.63,7.36,13.03
2025-12-16T18:20:57.948738,Recipe_A,a717ca67-edd7-4f3d-81bc-b95bafc99df1,15,1.0,,,,10.57,10.11,10.61,11.07,10.44,9.27
2025-12-16T18:20:58.948738,Recipe_A,a717ca67-edd7-4f3d-81bc-b95bafc99df1,15,1.0,,,,11.31,8.68,8.45,5.4,10.94,11.57
2025-12-16T18:20:59.948738,Recipe_A,a717ca67-edd7-4f3d-81bc-b95bafc99df1,15,1.0,,,,9.04,7.51,8.28,12.63,11.62,10.96
2025-12-16T18:21:00.948738,Recipe_A,a717ca67-edd7-4f3d-81bc-b95bafc99df1,15,1.0,,,,11.21,8.88,8.92,8.73,9.78,13.56
2025-12-16T18:21:01.948738,Recipe_A,a717ca67-edd7-4f3d-81bc-b95bafc99df1,15,1.0,,,,9.23,10.71,9.24,9.37,11.99,11.04
2025-12-16T18:21:02.948738,Recipe_A,a717ca67-edd7-4f3d-81bc-b95bafc99df1,15,0.0,,,,0.0,0.0,0.0,0.0,0.0,0.0
2025-12-16T18:21:03.948738,Recipe_A,a717ca67-edd7-4f3d-81bc-b95bafc99df1,15,0.0,,,,0.0,0.0,0.0,0.0,0.0,0.0
2025-12-16T18:21:04.948738,Recipe_A,a717ca67-edd7-4f3d-81bc-b95bafc99df1,15,0.0,,,,0.0,0.0,0.0,0.0,0.0,0.0
2025-12-16T18:21:05.948738,Recipe_A,a717ca67-edd7-4f3d-81bc-b95bafc99df1,15,0.0,,,,0.0,0.0,0.0,0.0,0.0,0.0
2025-12-16T18:21:06.948738,Recipe_A,a717ca67-edd7-4f3d-81bc-b95bafc99df1,15,0.0,,,,0.0,0.0,0.0,0.0,0.0,0.0
2025-12-16T18:21:07.948738,Recipe_A,a717ca67-edd7-4f3d-81bc-b95bafc99df1,15,0.0,,,,0.0,0.0,0.0,0.0,0.0,0.0
2025-12-16T18:21:08.948738,Recipe_A,a717ca67-edd7-4f3d-81bc-b95bafc99df1,15,0.0,,,,0.0,0.0,0.0,0.0,0.0,0.0
2025-12-16T18:21:09.948738,Recipe_A,a717ca67-edd7-4f3d-81bc-b95bafc99df1,15,0.0,,,,0.0,0.0,0.0,0.0,0.0,0.0
2025-12-16T18:21:10.948738,Recipe_A,a717ca67-edd7-4f3d-81bc-b95bafc99df1,15,0.0,,,,0.0,0.0,0.0,0.0,0.0,0.0
2025-12-16T18:21:11.948738,Recipe_A,a717ca67-edd7-4f3d-81bc-b95bafc99df1,15,0.0,,,,0.0,0.0,0.0,0.0,0.0,0.0
2025-12-16T18:21:12.948738,Recipe_A,a717ca67-edd7-4f3d-81bc-b95bafc99df1,15,0.0,,,,0.0,0.0,0.0,0.0,0.0,0.0
2025-12-16T18:21:13.948738,Recipe_A,a717ca67-edd7-4f3d-81bc-b95bafc99df1,15,0.0,,,,0.0,0.0,0.0,0.0,0.0,0.0
2025-12-16T18:21:14.948738,Recipe_A,a717ca67-edd7-4f3d-81bc-b95bafc99df1,15,0.0,,,,0.0,0.0,0.0,0.0,0.0,0.0
2025-12-16T18:21:15.948738,Recipe_A,a717ca67-edd7-4f3d-81bc-b95bafc99df1,15,0.0,,,,0.0,0.0,0.0,0.0,0.0,0.0
2025-12-16T18:21:16.948738,Recipe_A,a717ca67-edd7-4f3d-81bc-b95bafc99df1,15,0.0,,,,0.0,0.0,0.0,0.0,0.0,0.0
2025-12-16T18:21:17.948738,Recipe_A,a717ca67-edd7-4f3d-81bc-b95bafc99df1,15,0.0,,,,0.0,0.0,0.0,0.0,0.0,0.0
2025-12-16T18:21:18.948738,Recipe_A,a717ca67-edd7-4f3d-81bc-b95bafc99df1,15,0.0,,,,0.0,0.0,0.0,0.0,0.0,0.0
2025-12-16T18:21:19.948738,Recipe_A,a717ca67-edd7-4f3d-81bc-b95bafc99df1,15,0.0,,,,0.0,0.0,0.0,0.0,0.0,0.0
2025-12-16T18:21:20.948738,Recipe_A,a717ca67-edd7-4f3d-81bc-b95bafc99df1,15,0.0,,,,0.0,0.0,0.0,0.0,0.0,0.0
2025-12-16T18:21:21.948738,Recipe_A,a717ca67-edd7-4f3d-81bc-b95bafc99df1,15,0.0,,,,0.0,0.0,0.0,0.0,0.0,0.0
2025-12-16T18:21:22.948738,Recipe_A,a717ca67-edd7-4f3d-81bc-b95bafc99df1,15,3.0,,,,7.09,10.93,7.07,9.24,11.51,10.89
2025-12-16T18:21:23.948738,Recipe_A,a717ca67-edd7-4f3d-81bc-b95bafc99df1,15,3.0,,,,10.4,8.28,11.14,13.7,10.14,9.86
2025-12-16T18:21:24.948738,Recipe_A,a717ca67-edd7-4f3d-81bc-b95bafc99df1,15,3.0,,,,9.06,11.24,10.05,8.2,10.53,9.27
2025-12-16T18:21:25.948738,Recipe_A,a717ca67-edd7-4f3d-81bc-b95bafc99df1,15,3.0,,,,9.64,6.45,10.63,8.0,8.75,10.06
2025-12-16T18:21:26.948738,Recipe_A,a717ca67-edd7-4f3d-81bc-b95bafc99df1,15,3.0,,,,11.76,12.72,11.76,9.02,9.87,11.3
2025-12-16T18:21:27.948738,Recipe_A,a717ca67-edd7-4f3d-81bc-b95bafc99df1,15,3.0,,,,6.84,8.98,9.33,12.59,11.51,8.69
2025-12-16T18:21:28.948738,Recipe_A,a717ca67-edd7-4f3d-81bc-b95bafc99df1,15,3.0,,,,12.64,12.08,10.2,9.77,11.85,11.97
2025-12-16T18:21:29.948738,Recipe_A,a717ca67-edd7-4f3d-81bc-b95bafc99df1,15,3.0,,,,10.83,9.15,12.13,11.8,10.5,10.42
2025-12-16T18:21:30.948738,Recipe_A,a717ca67-edd7-4f3d-81bc-b95bafc99df1,15,3.0,,,,8.51,9.98,9.39,11.48,9.69,12.49
2025-12-16T18:21:31.948738,Recipe_A,a717ca67-edd7-4f3d-81bc-b95bafc99df1,15,3.0,,,,12.87,10.11,8.2,10.2,9.31,10.72
2025-12-16T18:21:32.948738,Recipe_A,a717ca67-edd7-4f3d-81bc-b95bafc99df1,15,3.0,,,,9.52,9.37,11.19,10.36,9.83,9.51
2025-12-16T18:21:33.948738,Recipe_A,a717ca67-edd7-4f3d-81bc-b95bafc99df1,15,3.0,,,,9.91,11.74,10.13,9.46,6.95,9.37
2025-12-16T18:21:34.948738,Recipe_A,a717ca67-edd7-4f3d-81bc-b95bafc99df1,15,3.0,,,,9.87,9.46,11.76,7.62,13.84,12.67
2025-12-16T18:21:35.948738,Recipe_A,a717ca67-edd7-4f3d-81bc-b95bafc99df1,15,3.0,,,,11.97,9.45,10.47,11.31,10.22,5.06
2025-12-16T18:21:36.948738,Recipe_A,a717ca67-edd7-4f3d-81bc-b95bafc99df1,15,3.0,,,,12.35,11.31,8.95,10.64,10.68,10.4
2025-12-16T18:21:37.948738,Recipe_A,a717ca67-edd7-4f3d-81bc-b95bafc99df1,15,3.0,,,,10.99,9.79,11.19,10.36,8.12,9.89
2025-12-16T18:21:37.948738,Recipe_A,a717ca67-edd7-4f3d-81bc-b95bafc99df1,15,3.0,Warning_4,Simulated Warning occurred,Warning,,,,,,
2025-12-16T18:21:38.948738,Recipe_A,a717ca67-edd7-4f3d-81bc-b95bafc99df1,15,3.0,,,,9.37,10.77,7.13,10.35,11.06,12.09
2025-12-16T18:21:39.948738,Recipe_A,a717ca67-edd7-4f3d-81bc-b95bafc99df1,15,3.0,,,,9.04,6.56,10.13,14.85,14.6,10.66
2025-12-16T18:21:40.948738,Recipe_A,a717ca67-edd7-4f3d-81bc-b95bafc99df1,15,3.0,,,,10.78,10.73,11.08,10.32,11.5,13.39
2025-12-16T18:21:41.948738,Recipe_A,a717ca67-edd7-4f3d-81bc-b95bafc99df1,15,3.0,,,,13.08,11.49,10.56,13.91,10.3,13.55
2025-12-16T18:21:42.948738,Recipe_A,a717ca67-edd7-4f3d-81bc-b95bafc99df1,15,3.0,,,,8.42,8.46,10.8,4.38,11.1,11.4
2025-12-16T18:21:43.948738,Recipe_A,a717ca67-edd7-4f3d-81bc-b95bafc99df1,15,3.0,,,,9.03,8.2,8.69,8.6,13.14,9.27
2025-12-16T18:21:44.948738,Recipe_A,a717ca67-edd7-4f3d-81bc-b95bafc99df1,15,3.0,,,,13.43,12.98,8.11,11.82,13.04,7.81
2025-12-16T18:21:45.948738,Recipe_A,a717ca67-edd7-4f3d-81bc-b95bafc99df1,15,3.0,,,,5.93,11.57,8.97,14.58,10.44,7.09
2025-12-16T18:21:46.948738,Recipe_A,a717ca67-edd7-4f3d-81bc-b95bafc99df1,15,3.0,,,,10.69,8.55,12.93,7.35,11.65,10.06
2025-12-16T18:21:47.948738,Recipe_A,a717ca67-edd7-4f3d-81bc-b95bafc99df1,15,3.0,,,,7.77,8.75,12.36,9.78,7.68,5.9
2025-12-16T18:21:48.948738,Recipe_A,a717ca67-edd7-4f3d-81bc-b95bafc99df1,15,3.0,,,,7.96,8.46,7.52,9.57,13.78,8.33
2025-12-16T18:21:49.948738,Recipe_A,a717ca67-edd7-4f3d-81bc-b95bafc99df1,15,3.0,,,,12.85,10.08,11.56,6.79,7.87,10.41
2025-12-16T18:21:50.948738,Recipe_A,a717ca67-edd7-4f3d-81bc-b95bafc99df1,15,3.0,,,,9.0,8.96,9.09,12.12,7.6,6.92
2025-12-16T18:21:51.948738,Recipe_A,a717ca67-edd7-4f3d-81bc-b95bafc99df1,15,0.0,,,,0.0,0.0,0.0,0.0,0.0,0.0
2025-12-16T18:21:52.948738,Recipe_A,a717ca67-edd7-4f3d-81bc-b95bafc99df1,15,0.0,,,,0.0,0.0,0.0,0.0,0.0,0.0
2025-12-16T18:21:53.948738,Recipe_A,a717ca67-edd7-4f3d-81bc-b95bafc99df1,15,0.0,,,,0.0,0.0,0.0,0.0,0.0,0.0
2025-12-16T18:21:54.948738,Recipe_A,a717ca67-edd7-4f3d-81bc-b95bafc99df1,15,0.0,,,,0.0,0.0,0.0,0.0,0.0,0.0
2025-12-16T18:21:55.948738,Recipe_A,a717ca67-edd7-4f3d-81bc-b95bafc99df1,15,0.0,,,,0.0,0.0,0.0,0.0,0.0,0.0
2025-12-16T18:21:56.948738,Recipe_A,a717ca67-edd7-4f3d-81bc-b95bafc99df1,15,0.0,,,,0.0,0.0,0.0,0.0,0.0,0.0
2025-12-16T18:21:57.948738,Recipe_A,a717ca67-edd7-4f3d-81bc-b95bafc99df1,15,0.0,,,,0.0,0.0,0.0,0.0,0.0,0.0
2025-12-16T18:21:58.948738,Recipe_A,a717ca67-edd7-4f3d-81bc-b95bafc99df1,15,0.0,,,,0.0,0.0,0.0,0.0,0.0,0.0
2025-12-16T18:21:59.948738,Recipe_A,a717ca67-edd7-4f3d-81bc-b95bafc99df1,15,0.0,,,,0.0,0.0,0.0,0.0,0.0,0.0
2025-12-16T18:22:00.948738,Recipe_A,a717ca67-edd7-4f3d-81bc-b95bafc99df1,15,0.0,,,,0.0,0.0,0.0,0.0,0.0,0.0
2025-12-16T18:22:01.948738,Recipe_A,a717ca67-edd7-4f3d-81bc-b95bafc99df1,15,0.0,,,,0.0,0.0,0.0,0.0,0.0,0.0
2025-12-16T18:22:02.948738,Recipe_A,a717ca67-edd7-4f3d-81bc-b95bafc99df1,15,0.0,,,,0.0,0.0,0.0,0.0,0.0,0.0
2025-12-16T18:22:03.948738,Recipe_A,a717ca67-edd7-4f3d-81bc-b95bafc99df1,15,0.0,,,,0.0,0.0,0.0,0.0,0.0,0.0
2025-12-16T18:22:04.948738,Recipe_A,a717ca67-edd7-4f3d-81bc-b95bafc99df1,15,0.0,,,,0.0,0.0,0.0,0.0,0.0,0.0
2025-12-16T18:22:05.948738,Recipe_A,a717ca67-edd7-4f3d-81bc-b95bafc99df1,15,0.0,,,,0.0,0.0,0.0,0.0,0.0,0.0
2025-12-16T18:22:06.948738,Recipe_A,a717ca67-edd7-4f3d-81bc-b95bafc99df1,15,0.0,,,,0.0,0.0,0.0,0.0,0.0,0.0
2025-12-16T18:22:07.948738,Recipe_A,a717ca67-edd7-4f3d-81bc-b95bafc99df1,15,0.0,,,,0.0,0.0,0.0,0.0,0.0,0.0
2025-12-16T18:22:08.948738,Recipe_A,a717ca67-edd7-4f3d-81bc-b95bafc99df1,15,0.0,,,,0.0,0.0,0.0,0.0,0.0,0.0
2025-12-16T18:22:09.948738,Recipe_A,a717ca67-edd7-4f3d-81bc-b95bafc99df1,15,0.0,,,,0.0,0.0,0.0,0.0,0.0,0.0
2025-12-16T18:22:10.948738,Recipe_A,a717ca67-edd7-4f3d-81bc-b95bafc99df1,15,5.0,,,,9.08,8.6,8.54,9.03,9.11,9.59
2025-12-16T18:22:11.948738,Recipe_A,a717ca67-edd7-4f3d-81bc-b95bafc99df1,15,5.0,,,,10.63,7.22,10.17,9.63,9.26,14.3
2025-12-16T18:22:12.948738,Recipe_A,a717ca67-edd7-4f3d-81bc-b95bafc99df1,15,5.0,,,,14.23,13.32,8.35,11.94,11.23,8.86
2025-12-16T18:22:13.948738,Recipe_A,a717ca67-edd7-4f3d-81bc-b95bafc99df1,15,2.0,,,,8.16,14.77,7.78,9.05,11.04,10.23
2025-12-16T18:22:14.948738,Recipe_A,a717ca67-edd7-4f3d-81bc-b95bafc99df1,15,2.0,,,,8.47,8.36,8.24,6.36,12.42,7.87
2025-12-16T18:22:15.948738,Recipe_A,a717ca67-edd7-4f3d-81bc-b95bafc99df1,15,2.0,,,,14.19,7.69,12.56,7.75,8.58,10.32
2025-12-16T18:22:16.948738,Recipe_A,a717ca67-edd7-4f3d-81bc-b95bafc99df1,15,2.0,,,,10.2,9.73,11.76,6.2,8.54,13.6
2025-12-16T18:22:17.948738,Recipe_A,a717ca67-edd7-4f3d-81bc-b95bafc99df1,15,2.0,,,,6.54,10.49,10.54,8.55,10.66,7.22
2025-12-16T18:22:18.948738,Recipe_A,a717ca67-edd7-4f3d-81bc-b95bafc99df1,15,2.0,,,,10.59,11.24,10.22,10.27,13.66,12.47
2025-12-16T18:22:19.948738,Recipe_A,a717ca67-edd7-4f3d-81bc-b95bafc99df1,15,2.0,,,,9.28,6.65,10.39,9.68,11.29,9.37
2025-12-16T18:22:20.948738,Recipe_A,a717ca67-edd7-4f3d-81bc-b95bafc99df1,15,2.0,,,,8.91,9.75,10.49,13.01,8.34,9.3
2025-12-16T18:22:21.948738,Recipe_A,a717ca67-edd7-4f3d-81bc-b95bafc99df1,15,2.0,,,,12.6,10.95,9.14,7.03,7.75,7.62
2025-12-16T18:22:22.948738,Recipe_A,a717ca67-edd7-4f3d-81bc-b95bafc99df1,15,2.0,,,,7.43,5.72,10.11,10.79,8.35,12.93
2025-12-16T18:22:23.948738,Recipe_A,a717ca67-edd7-4f3d-81bc-b95bafc99df1,15,2.0,,,,10.6,12.76,11.18,7.75,10.53,8.74
2025-12-16T18:22:24.948738,Recipe_A,a717ca67-edd7-4f3d-81bc-b95bafc99df1,15,2.0,,,,9.94,13.13,7.37,7.67,11.4,8.2
2025-12-16T18:22:25.948738,Recipe_A,a717ca67-edd7-4f3d-81bc-b95bafc99df1,15,2.0,,,,8.63,13.41,11.53,8.7,5.92,11.52
2025-12-16T18:22:26.948738,Recipe_A,a717ca67-edd7-4f3d-81bc-b95bafc99df1,15,2.0,,,,9.08,11.91,10.9,6.52,8.46,11.19
2025-12-16T18:22:27.948738,Recipe_A,a717ca67-edd7-4f3d-81bc-b95bafc99df1,15,2.0,,,,10.95,8.32,7.66,11.59,7.99,11.23
2025-12-16T18:22:28.948738,Recipe_A,a717ca67-edd7-4f3d-81bc-b95bafc99df1,15,2.0,,,,12.83,7.58,9.2,7.03,9.87,9.85
2025-12-16T18:22:29.948738,Recipe_A,a717ca67-edd7-4f3d-81bc-b95bafc99df1,15,2.0,,,,9.67,10.66,9.8,11.23,9.58,8.19
2025-12-16T18:22:30.948738,Recipe_A,a717ca67-edd7-4f3d-81bc-b95bafc99df1,15,2.0,,,,13.73,8.2,9.7,14.56,9.77,7.34
2025-12-16T18:22:31.948738,Recipe_A,a717ca67-edd7-4f3d-81bc-b95bafc99df1,15,2.0,,,,12.06,7.49,6.06,10.13,9.57,11.27
2025-12-16T18:22:32.948738,Recipe_A,a717ca67-edd7-4f3d-81bc-b95bafc99df1,15,2.0,,,,10.39,10.72,7.89,9.57,11.53,10.08
2025-12-16T18:22:33.948738,Recipe_A,a717ca67-edd7-4f3d-81bc-b95bafc99df1,15,2.0,,,,9.97,9.17,8.63,12.37,7.97,9.66
2025-12-16T18:22:34.948738,Recipe_A,a717ca67-edd7-4f3d-81bc-b95bafc99df1,15,2.0,,,,9.93,9.74,9.74,8.08,11.71,5.05
2025-12-16T18:22:35.948738,Recipe_A,a717ca67-edd7-4f3d-81bc-b95bafc99df1,15,2.0,,,,11.38,4.36,9.98,8.55,8.55,6.77
2025-12-16T18:22:36.948738,Recipe_A,a717ca67-edd7-4f3d-81bc-b95bafc99df1,15,2.0,,,,11.02,9.2,11.93,8.29,10.61,7.49
2025-12-16T18:22:37.948738,Recipe_A,a717ca67-edd7-4f3d-81bc-b95bafc99df1,15,2.0,,,,10.03,10.97,8.65,12.27,9.96,10.12
2025-12-16T18:22:38.948738,Recipe_A,a717ca67-edd7-4f3d-81bc-b95bafc99df1,15,2.0,,,,9.4,9.14,12.11,10.31,7.56,7.6
2025-12-16T18:22:39.948738,Recipe_A,a717ca67-edd7-4f3d-81bc-b95bafc99df1,15,2.0,,,,11.78,10.62,12.13,8.71,7.44,13.12
2025-12-16T18:22:40.948738,Recipe_A,a717ca67-edd7-4f3d-81bc-b95bafc99df1,15,2.0,,,,8.84,12.46,6.86,13.06,12.45,11.55
2025-12-16T18:22:41.948738,Recipe_A,a717ca67-edd7-4f3d-81bc-b95bafc99df1,15,2.0,,,,5.99,12.66,7.29,7.96,12.72,5.88
2025-12-16T18:22:42.948738,Recipe_A,a717ca67-edd7-4f3d-81bc-b95bafc99df1,15,2.0,,,,7.81,13.94,9.98,5.42,4.53,11.47
2025-12-16T18:22:43.948738,Recipe_A,a717ca67-edd7-4f3d-81bc-b95bafc99df1,15,2.0,,,,7.68,9.68,10.16,8.7,7.48,11.78
2025-12-16T18:22:44.948738,Recipe_A,a717ca67-edd7-4f3d-81bc-b95bafc99df1,15,2.0,,,,7.25,9.06,12.62,8.71,11.95,9.67
2025-12-16T18:22:45.948738,Recipe_A,a717ca67-edd7-4f3d-81bc-b95bafc99df1,15,2.0,,,,10.07,11.91,6.82,9.99,8.54,11.21
2025-12-16T18:22:46.948738,Recipe_A,a717ca67-edd7-4f3d-81bc-b95bafc99df1,15,2.0,,,,13.4,10.0,12.29,13.16,13.26,9.82
2025-12-16T18:22:47.948738,Recipe_A,a717ca67-edd7-4f3d-81bc-b95bafc99df1,15,2.0,,,,11.07,11.07,7.97,11.42,10.47,14.38
2025-12-16T18:22:48.948738,Recipe_A,a717ca67-edd7-4f3d-81bc-b95bafc99df1,15,2.0,,,,12.79,9.47,13.07,8.67,11.34,9.28
2025-12-16T18:22:49.948738,Recipe_A,a717ca67-edd7-4f3d-81bc-b95bafc99df1,15,2.0,,,,10.57,10.51,9.24,10.59,10.98,7.52
2025-12-16T18:22:50.948738,Recipe_A,a717ca67-edd7-4f3d-81bc-b95bafc99df1,15,2.0,,,,10.74,10.75,7.7,10.57,7.81,8.26
2025-12-16T18:22:51.948738,Recipe_A,a717ca67-edd7-4f3d-81bc-b95bafc99df1,15,2.0,,,,13.31,8.09,12.84,8.24,8.72,9.23
2025-12-16T18:22:52.948738,Recipe_A,a717ca67-edd7-4f3d-81bc-b95bafc99df1,15,2.0,,,,12.01,7.72,11.36,7.83,10.14,11.93
2025-12-16T18:22:53.948738,Recipe_A,a717ca67-edd7-4f3d-81bc-b95bafc99df1,15,2.0,,,,7.51,11.26,6.03,9.36,14.19,9.35
2025-12-16T18:22:54.948738,Recipe_A,a717ca67-edd7-4f3d-81bc-b95bafc99df1,15,2.0,,,,9.68,9.65,12.66,8.82,12.95,11.17
2025-12-16T18:22:55.948738,Recipe_A,a717ca67-edd7-4f3d-81bc-b95bafc99df1,15,2.0,,,,12.93,11.83,10.44,7.45,8.65,10.35
2025-12-16T18:22:56.948738,Recipe_A,a717ca67-edd7-4f3d-81bc-b95bafc99df1,15,2.0,,,,9.66,11.22,9.41,6.82,7.48,12.62
2025-12-16T18:22:57.948738,Recipe_A,a717ca67-edd7-4f3d-81bc-b95bafc99df1,15,2.0,,,,10.78,8.73,9.85,7.86,9.48,7.93
2025-12-16T18:22:58.948738,Recipe_A,a717ca67-edd7-4f3d-81bc-b95bafc99df1,15,2.0,,,,10.52,10.99,9.83,8.1,9.43,9.21
2025-12-16T18:22:59.948738,Recipe_A,a717ca67-edd7-4f3d-81bc-b95bafc99df1,15,2.0,,,,9.92,11.89,12.93,9.13,9.7,11.06
2025-12-16T18:23:00.948738,Recipe_A,a717ca67-edd7-4f3d-81bc-b95bafc99df1,15,2.0,,,,12.43,11.95,13.18,9.3,7.29,12.93
2025-12-16T18:23:01.948738,Recipe_A,a717ca67-edd7-4f3d-81bc-b95bafc99df1,15,2.0,,,,13.81,12.84,8.49,10.08,8.38,12.25
2025-12-16T18:23:02.948738,Recipe_A,a717ca67-edd7-4f3d-81bc-b95bafc99df1,15,2.0,,,,10.16,10.19,8.18,12.49,9.02,11.34
2025-12-16T18:23:03.948738,Recipe_A,a717ca67-edd7-4f3d-81bc-b95bafc99df1,15,2.0,,,,13.28,9.35,9.87,12.72,7.26,9.32
2025-12-16T18:23:04.948738,Recipe_A,a717ca67-edd7-4f3d-81bc-b95bafc99df1,15,2.0,,,,11.94,6.2,11.41,12.31,10.82,9.49
2025-12-16T18:23:05.948738,Recipe_A,a717ca67-edd7-4f3d-81bc-b95bafc99df1,15,2.0,,,,5.44,7.36,11.1,10.09,12.49,10.14
2025-12-16T18:23:06.948738,Recipe_A,a717ca67-edd7-4f3d-81bc-b95bafc99df1,15,2.0,,,,7.46,11.48,9.1,7.75,11.93,9.57
2025-12-16T18:23:07.948738,Recipe_A,a717ca67-edd7-4f3d-81bc-b95bafc99df1,15,2.0,,,,10.15,9.88,11.43,12.3,6.89,8.33
2025-12-16T18:23:08.948738,Recipe_A,a717ca67-edd7-4f3d-81bc-b95bafc99df1,15,2.0,,,,9.3,10.82,8.71,8.41,9.3,10.99
2025-12-16T18:23:09.948738,Recipe_A,a717ca67-edd7-4f3d-81bc-b95bafc99df1,15,2.0,,,,12.09,9.05,10.98,11.98,11.35,8.25
2025-12-16T18:23:10.948738,Recipe_A,a717ca67-edd7-4f3d-81bc-b95bafc99df1,15,2.0,,,,12.31,9.07,11.1,12.9,10.79,11.49
2025-12-16T18:23:11.948738,Recipe_A,a717ca67-edd7-4f3d-81bc-b95bafc99df1,15,2.0,,,,6.31,12.65,8.83,11.34,11.62,9.19
2025-12-16T18:23:12.948738,Recipe_A,a717ca67-edd7-4f3d-81bc-b95bafc99df1,15,2.0,,,,9.25,7.06,9.74,12.22,11.23,8.51
2025-12-16T18:23:13.948738,Recipe_A,a717ca67-edd7-4f3d-81bc-b95bafc99df1,15,2.0,,,,9.06,14.87,9.16,8.97,9.03,7.6
2025-12-16T18:23:14.948738,Recipe_A,a717ca67-edd7-4f3d-81bc-b95bafc99df1,15,2.0,,,,11.1,6.54,10.11,10.86,7.23,9.98
2025-12-16T18:23:15.948738,Recipe_A,a717ca67-edd7-4f3d-81bc-b95bafc99df1,15,2.0,,,,10.8,9.12,7.69,9.49,10.54,5.92
2025-12-16T18:23:16.948738,Recipe_A,a717ca67-edd7-4f3d-81bc-b95bafc99df1,15,2.0,,,,10.21,10.79,10.7,8.87,13.95,8.97
2025-12-16T18:23:17.948738,Recipe_A,a717ca67-edd7-4f3d-81bc-b95bafc99df1,15,2.0,,,,6.72,13.02,13.47,11.38,11.93,13.12
2025-12-16T18:23:18.948738,Recipe_A,a717ca67-edd7-4f3d-81bc-b95bafc99df1,15,2.0,,,,9.51,10.19,6.78,11.04,11.42,9.14
2025-12-16T18:23:19.948738,Recipe_A,a717ca67-edd7-4f3d-81bc-b95bafc99df1,15,2.0,,,,11.17,9.53,12.26,9.92,9.74,7.78
2025-12-16T18:23:20.948738,Recipe_A,a717ca67-edd7-4f3d-81bc-b95bafc99df1,15,2.0,,,,13.34,9.25,13.18,12.05,8.56,11.18
2025-12-16T18:23:21.948738,Recipe_A,a717ca67-edd7-4f3d-81bc-b95bafc99df1,15,2.0,,,,11.22,7.86,6.66,5.55,14.86,13.51
2025-12-16T18:23:22.948738,Recipe_A,a717ca67-edd7-4f3d-81bc-b95bafc99df1,15,2.0,,,,6.59,10.15,11.23,8.06,10.55,8.51
2025-12-16T18:23:23.948738,Recipe_A,a717ca67-edd7-4f3d-81bc-b95bafc99df1,15,2.0,,,,8.95,9.83,12.54,11.07,11.78,9.88
2025-12-16T18:23:24.948738,Recipe_A,a717ca67-edd7-4f3d-81bc-b95bafc99df1,15,2.0,,,,11.1,9.16,9.56,9.81,10.81,8.58
2025-12-16T18:23:25.948738,Recipe_A,a717ca67-edd7-4f3d-81bc-b95bafc99df1,15,2.0,,,,10.26,10.0,10.0,10.64,10.49,9.38
2025-12-16T18:23:26.948738,Recipe_A,a717ca67-edd7-4f3d-81bc-b95bafc99df1,15,2.0,,,,11.61,7.29,10.96,9.6,8.17,7.69
2025-12-16T18:23:27.948738,Recipe_A,a717ca67-edd7-4f3d-81bc-b95bafc99df1,15,2.0,,,,12.04,11.65,8.21,9.42,10.59,13.01
2025-12-16T18:23:28.948738,Recipe_A,a717ca67-edd7-4f3d-81bc-b95bafc99df1,15,2.0,,,,10.66,5.3,10.98,9.95,3.65,12.59
2025-12-16T18:23:29.948738,Recipe_A,a717ca67-edd7-4f3d-81bc-b95bafc99df1,15,2.0,,,,10.25,12.13,11.62,9.46,12.57,11.01
2025-12-16T18:23:30.948738,Recipe_A,a717ca67-edd7-4f3d-81bc-b95bafc99df1,15,2.0,,,,12.01,14.47,9.42,11.71,9.61,9.84
2025-12-16T18:23:31.948738,Recipe_A,a717ca67-edd7-4f3d-81bc-b95bafc99df1,15,2.0,,,,11.65,11.34,10.44,7.09,10.69,11.76
2025-12-16T18:23:32.948738,Recipe_A,a717ca67-edd7-4f3d-81bc-b95bafc99df1,15,2.0,,,,5.88,10.17,10.99,10.18,10.51,10.14
2025-12-16T18:23:33.948738,Recipe_A,a717ca67-edd7-4f3d-81bc-b95bafc99df1,15,2.0,,,,10.43,11.67,7.61,12.43,7.32,11.34
2025-12-16T18:23:34.948738,Recipe_A,a717ca67-edd7-4f3d-81bc-b95bafc99df1,15,2.0,,,,8.64,9.93,7.08,7.83,11.61,7.86
2025-12-16T18:23:35.948738,Recipe_A,a717ca67-edd7-4f3d-81bc-b95bafc99df1,15,2.0,,,,11.5,8.15,9.14,7.75,12.69,10.16
2025-12-16T18:23:36.948738,Recipe_A,a717ca67-edd7-4f3d-81bc-b95bafc99df1,15,2.0,,,,11.53,10.36,8.55,6.13,8.35,10.44
2025-12-16T18:23:37.948738,Recipe_A,a717ca67-edd7-4f3d-81bc-b95bafc99df1,15,2.0,,,,11.75,5.15,9.66,6.96,8.31,10.59
2025-12-16T18:23:38.948738,Recipe_A,a717ca67-edd7-4f3d-81bc-b95bafc99df1,15,2.0,,,,10.49,13.68,11.05,9.45,9.72,6.14
2025-12-16T18:23:39.948738,Recipe_A,a717ca67-edd7-4f3d-81bc-b95bafc99df1,15,2.0,,,,13.17,9.84,9.9,8.32,8.09,9.99
2025-12-16T18:23:40.948738,Recipe_A,a717ca67-edd7-4f3d-81bc-b95bafc99df1,15,2.0,,,,12.13,12.93,8.76,7.76,6.72,8.91
2025-12-16T18:23:41.948738,Recipe_A,a717ca67-edd7-4f3d-81bc-b95bafc99df1,15,1.0,,,,11.18,10.55,9.28,13.37,6.19,11.29
2025-12-16T18:23:42.948738,Recipe_A,a717ca67-edd7-4f3d-81bc-b95bafc99df1,15,1.0,,,,8.51,7.9,8.76,7.46,7.98,11.21
2025-12-16T18:23:43.948738,Recipe_A,a717ca67-edd7-4f3d-81bc-b95bafc99df1,15,1.0,,,,9.34,10.66,10.56,8.05,9.83,9.34
2025-12-16T18:23:44.948738,Recipe_A,a717ca67-edd7-4f3d-81bc-b95bafc99df1,15,1.0,,,,9.24,12.53,9.78,10.67,11.19,6.57
2025-12-16T18:23:45.948738,Recipe_A,a717ca67-edd7-4f3d-81bc-b95bafc99df1,15,1.0,,,,8.74,10.2,10.82,11.51,10.36,14.53
2025-12-16T18:23:46.948738,Recipe_A,a717ca67-edd7-4f3d-81bc-b95bafc99df1,15,1.0,,,,7.96,9.39,9.64,12.37,10.22,9.91
2025-12-16T18:23:47.948738,Recipe_A,a717ca67-edd7-4f3d-81bc-b95bafc99df1,15,1.0,,,,9.75,10.32,10.64,10.63,9.9,7.48
2025-12-16T18:23:48.948738,Recipe_A,a717ca67-edd7-4f3d-81bc-b95bafc99df1,15,1.0,,,,10.11,8.85,12.63,10.09,4.54,10.12
2025-12-16T18:23:49.948738,Recipe_A,a717ca67-edd7-4f3d-81bc-b95bafc99df1,15,1.0,,,,10.25,7.69,11.74,6.62,9.65,11.24
2025-12-16T18:23:50.948738,Recipe_A,a717ca67-edd7-4f3d-81bc-b95bafc99df1,15,1.0,,,,8.14,9.94,11.21,12.84,12.53,6.55
2025-12-16T18:23:51.948738,Recipe_A,a717ca67-edd7-4f3d-81bc-b95bafc99df1,15,1.0,,,,11.13,6.17,8.51,9.91,9.57,11.94
2025-12-16T18:23:52.948738,Recipe_A,a717ca67-edd7-4f3d-81bc-b95bafc99df1,15,1.0,,,,5.67,9.48,10.92,8.87,10.75,8.15
2025-12-16T18:23:53.948738,Recipe_A,a717ca67-edd7-4f3d-81bc-b95bafc99df1,15,1.0,,,,13.85,8.57,10.77,9.36,11.75,9.0
2025-12-16T18:23:54.948738,Recipe_A,a717ca67-edd7-4f3d-81bc-b95bafc99df1,15,1.0,,,,10.25,13.51,6.27,10.89,11.85,10.75
2025-12-16T18:23:55.948738,Recipe_A,a717ca67-edd7-4f3d-81bc-b95bafc99df1,15,1.0,,,,8.86,8.49,9.5,9.39,9.85,10.35
2025-12-16T18:23:56.948738,Recipe_A,a717ca67-edd7-4f3d-81bc-b95bafc99df1,15,5.0,,,,6.83,8.61,13.01,9.08,11.54,7.89
2025-12-16T18:23:57.948738,Recipe_A,a717ca67-edd7-4f3d-81bc-b95bafc99df1,15,5.0,,,,8.24,11.04,12.38,8.77,12.82,6.12
2025-12-16T18:23:58.948738,Recipe_A,a717ca67-edd7-4f3d-81bc-b95bafc99df1,15,5.0,,,,5.93,13.9,14.57,12.71,11.3,9.37
2025-12-16T18:23:59.948738,Recipe_A,a717ca67-edd7-4f3d-81bc-b95bafc99df1,15,3.0,,,,8.32,8.58,11.09,7.79,8.81,8.45
2025-12-16T18:24:00.948738,Recipe_A,a717ca67-edd7-4f3d-81bc-b95bafc99df1,15,3.0,,,,9.39,9.84,9.62,10.67,15.69,11.6
2025-12-16T18:24:01.948738,Recipe_A,a717ca67-edd7-4f3d-81bc-b95bafc99df1,15,3.0,,,,12.72,7.99,8.41,11.0,10.69,11.46
2025-12-16T18:24:02.948738,Recipe_A,a717ca67-edd7-4f3d-81bc-b95bafc99df1,15,3.0,,,,10.17,10.74,10.4,7.57,10.16,11.67
2025-12-16T18:24:03.948738,Recipe_A,a717ca67-edd7-4f3d-81bc-b95bafc99df1,15,3.0,,,,7.88,9.16,9.52,9.29,10.72,9.82
2025-12-16T18:24:04.948738,Recipe_A,a717ca67-edd7-4f3d-81bc-b95bafc99df1,15,3.0,,,,9.64,8.71,8.91,11.18,10.89,10.97
2025-12-16T18:24:05.948738,Recipe_A,a717ca67-edd7-4f3d-81bc-b95bafc99df1,15,3.0,,,,7.64,12.47,7.94,8.94,15.74,11.57
2025-12-16T18:24:06.948738,Recipe_A,a717ca67-edd7-4f3d-81bc-b95bafc99df1,15,3.0,,,,9.73,8.17,13.12,13.6,9.27,11.29
2025-12-16T18:24:07.948738,Recipe_A,a717ca67-edd7-4f3d-81bc-b95bafc99df1,15,3.0,,,,9.39,10.47,6.38,12.04,10.75,9.73
2025-12-16T18:24:08.948738,Recipe_A,a717ca67-edd7-4f3d-81bc-b95bafc99df1,15,3.0,,,,9.62,8.92,10.28,10.01,9.3,9.95
2025-12-16T18:24:09.948738,Recipe_A,a717ca67-edd7-4f3d-81bc-b95bafc99df1,15,3.0,,,,11.68,10.96,11.39,6.25,6.28,13.04
2025-12-16T18:24:10.948738,Recipe_A,a717ca67-edd7-4f3d-81bc-b95bafc99df1,15,3.0,,,,12.59,8.38,6.93,8.85,8.81,9.84
2025-12-16T18:24:11.948738,Recipe_A,a717ca67-edd7-4f3d-81bc-b95bafc99df1,15,3.0,,,,12.31,6.94,5.11,8.54,8.79,12.54
2025-12-16T18:24:12.948738,Recipe_A,a717ca67-edd7-4f3d-81bc-b95bafc99df1,15,3.0,,,,9.73,7.87,9.33,8.56,7.79,10.31
2025-12-16T18:24:13.948738,Recipe_A,a717ca67-edd7-4f3d-81bc-b95bafc99df1,15,3.0,,,,9.58,9.7,9.98,12.08,9.47,6.81
2025-12-16T18:24:14.948738,Recipe_A,a717ca67-edd7-4f3d-81bc-b95bafc99df1,15,3.0,,,,12.19,9.1,8.3,9.68,4.75,9.25
2025-12-16T18:24:15.948738,Recipe_A,a717ca67-edd7-4f3d-81bc-b95bafc99df1,15,3.0,,,,10.36,8.03,10.61,11.16,10.54,10.73
2025-12-16T18:24:16.948738,Recipe_A,a717ca67-edd7-4f3d-81bc-b95bafc99df1,15,3.0,,,,11.51,11.48,9.3,7.21,12.48,7.12
2025-12-16T18:24:17.948738,Recipe_A,a717ca67-edd7-4f3d-81bc-b95bafc99df1,15,3.0,,,,10.12,8.51,12.05,13.23,14.6,9.88
2025-12-16T18:24:18.948738,Recipe_A,a717ca67-edd7-4f3d-81bc-b95bafc99df1,15,3.0,,,,7.54,7.96,5.86,9.78,7.87,9.56
2025-12-16T18:24:19.948738,Recipe_A,a717ca67-edd7-4f3d-81bc-b95bafc99df1,15,3.0,,,,8.91,9.56,8.49,12.45,11.29,8.14
2025-12-16T18:24:20.948738,Recipe_A,a717ca67-edd7-4f3d-81bc-b95bafc99df1,15,3.0,,,,9.04,8.94,15.75,7.73,11.25,9.96
2025-12-16T18:24:21.948738,Recipe_A,a717ca67-edd7-4f3d-81bc-b95bafc99df1,15,3.0,,,,11.02,11.6,9.07,9.18,12.75,9.15
2025-12-16T18:24:22.948738,Recipe_A,a717ca67-edd7-4f3d-81bc-b95bafc99df1,15,3.0,,,,13.05,13.37,9.83,12.04,6.5,11.43
2025-12-16T18:24:23.948738,Recipe_A,a717ca67-edd7-4f3d-81bc-b95bafc99df1,15,3.0,,,,6.62,6.96,10.07,8.0,6.26,11.82
2025-12-16T18:24:24.948738,Recipe_A,a717ca67-edd7-4f3d-81bc-b95bafc99df1,15,3.0,,,,8.38,8.76,14.18,9.18,12.25,9.44
2025-12-16T18:24:25.948738,Recipe_A,a717ca67-edd7-4f3d-81bc-b95bafc99df1,15,3.0,,,,8.49,8.31,8.86,9.74,8.13,10.04
2025-12-16T18:24:26.948738,Recipe_A,a717ca67-edd7-4f3d-81bc-b95bafc99df1,15,3.0,,,,6.1,14.12,8.76,9.72,6.87,12.96
2025-12-16T18:24:27.948738,Recipe_A,a717ca67-edd7-4f3d-81bc-b95bafc99df1,15,3.0,,,,10.36,9.23,10.35,11.34,10.14,7.94
2025-12-16T18:24:28.948738,Recipe_A,a717ca67-edd7-4f3d-81bc-b95bafc99df1,15,3.0,,,,9.87,7.4,7.23,8.14,10.84,10.67
2025-12-16T18:24:29.948738,Recipe_A,a717ca67-edd7-4f3d-81bc-b95bafc99df1,15,3.0,,,,8.75,6.5,10.74,9.79,13.18,10.6
2025-12-16T18:24:30.948738,Recipe_A,a717ca67-edd7-4f3d-81bc-b95bafc99df1,15,3.0,,,,10.31,9.83,7.76,8.6,8.52,9.75
2025-12-16T18:24:31.948738,Recipe_A,a717ca67-edd7-4f3d-81bc-b95bafc99df1,15,3.0,,,,11.63,7.78,11.69,10.74,7.85,10.1
2025-12-16T18:24:32.948738,Recipe_A,a717ca67-edd7-4f3d-81bc-b95bafc99df1,15,3.0,,,,12.07,14.7,9.44,11.54,10.24,9.74
2025-12-16T18:24:33.948738,Recipe_A,a717ca67-edd7-4f3d-81bc-b95bafc99df1,15,3.0,,,,10.1,10.56,10.69,5.59,9.37,8.88
2025-12-16T18:24:34.948738,Recipe_A,a717ca67-edd7-4f3d-81bc-b95bafc99df1,15,3.0,,,,8.29,10.48,7.42,9.77,10.72,8.23
2025-12-16T18:24:35.948738,Recipe_A,a717ca67-edd7-4f3d-81bc-b95bafc99df1,15,3.0,,,,11.28,13.05,8.67,7.81,13.15,8.87
2025-12-16T18:24:36.948738,Recipe_A,a717ca67-edd7-4f3d-81bc-b95bafc99df1,15,3.0,,,,8.99,7.79,9.39,9.41,9.66,12.05
2025-12-16T18:24:37.948738,Recipe_A,a717ca67-edd7-4f3d-81bc-b95bafc99df1,15,3.0,,,,9.1,10.61,10.26,10.67,9.14,9.18
2025-12-16T18:24:38.948738,Recipe_A,a717ca67-edd7-4f3d-81bc-b95bafc99df1,15,3.0,,,,12.03,12.32,10.43,11.66,10.63,9.84
2025-12-16T18:24:39.948738,Recipe_A,a717ca67-edd7-4f3d-81bc-b95bafc99df1,15,3.0,,,,8.28,12.77,10.12,10.83,12.2,8.47
2025-12-16T18:24:40.948738,Recipe_A,a717ca67-edd7-4f3d-81bc-b95bafc99df1,15,3.0,,,,11.75,10.21,11.44,9.93,5.87,12.27
2025-12-16T18:24:41.948738,Recipe_A,a717ca67-edd7-4f3d-81bc-b95bafc99df1,15,3.0,,,,10.41,5.87,8.16,11.43,9.32,13.96
2025-12-16T18:24:42.948738,Recipe_A,a717ca67-edd7-4f3d-81bc-b95bafc99df1,15,3.0,,,,4.87,8.09,9.91,6.87,8.56,10.01
2025-12-16T18:24:43.948738,Recipe_A,a717ca67-edd7-4f3d-81bc-b95bafc99df1,15,3.0,,,,11.73,11.6,10.91,8.24,9.35,13.48
2025-12-16T18:24:44.948738,Recipe_A,a717ca67-edd7-4f3d-81bc-b95bafc99df1,15,3.0,,,,10.98,8.98,6.74,8.28,12.23,8.04
2025-12-16T18:24:45.948738,Recipe_A,a717ca67-edd7-4f3d-81bc-b95bafc99df1,15,3.0,,,,6.97,12.87,11.11,10.43,8.91,10.54
2025-12-16T18:24:46.948738,Recipe_A,a717ca67-edd7-4f3d-81bc-b95bafc99df1,15,3.0,,,,11.93,7.02,9.29,9.3,8.79,10.61
2025-12-16T18:24:47.948738,Recipe_A,a717ca67-edd7-4f3d-81bc-b95bafc99df1,15,3.0,,,,9.67,10.21,12.28,8.66,10.17,11.15
2025-12-16T18:24:48.948738,Recipe_A,a717ca67-edd7-4f3d-81bc-b95bafc99df1,15,3.0,,,,8.86,5.9,6.05,15.37,11.34,8.59
2025-12-16T18:24:49.948738,Recipe_A,a717ca67-edd7-4f3d-81bc-b95bafc99df1,15,3.0,,,,11.7,13.29,9.91,6.65,8.0,7.9
2025-12-16T18:24:50.948738,Recipe_A,a717ca67-edd7-4f3d-81bc-b95bafc99df1,15,3.0,,,,10.84,10.16,9.35,9.5,10.38,10.97
2025-12-16T18:24:51.948738,Recipe_A,a717ca67-edd7-4f3d-81bc-b95bafc99df1,15,3.0,,,,7.73,13.72,11.95,8.67,5.23,8.38
2025-12-16T18:24:52.948738,Recipe_A,a717ca67-edd7-4f3d-81bc-b95bafc99df1,15,5.0,,,,10.34,9.69,12.93,9.06,9.82,10.81
2025-12-16T18:24:53.948738,Recipe_A,a717ca67-edd7-4f3d-81bc-b95bafc99df1,15,5.0,,,,10.66,10.86,11.82,13.26,9.38,12.73
2025-12-16T18:24:54.948738,Recipe_A,a717ca67-edd7-4f3d-81bc-b95bafc99df1,15,5.0,,,,8.49,11.79,10.69,5.39,10.38,12.45
2025-12-16T18:24:55.948738,Recipe_A,a717ca67-edd7-4f3d-81bc-b95bafc99df1,15,5.0,,,,10.43,6.69,10.45,10.16,10.04,10.62
2025-12-16T18:24:56.948738,Recipe_A,a717ca67-edd7-4f3d-81bc-b95bafc99df1,15,5.0,,,,6.32,10.26,9.72,12.63,10.9,11.72
2025-12-16T18:24:57.948738,Recipe_A,a717ca67-edd7-4f3d-81bc-b95bafc99df1,15,1.0,,,,11.06,11.41,11.09,8.39,12.93,11.63
2025-12-16T18:24:58.948738,Recipe_A,a717ca67-edd7-4f3d-81bc-b95bafc99df1,15,1.0,,,,8.94,6.93,9.47,11.58,9.48,15.66
2025-12-16T18:24:59.948738,Recipe_A,a717ca67-edd7-4f3d-81bc-b95bafc99df1,15,1.0,,,,12.15,8.08,10.93,8.24,8.72,13.38
2025-12-16T18:25:00.948738,Recipe_A,a717ca67-edd7-4f3d-81bc-b95bafc99df1,15,1.0,,,,9.17,9.85,10.78,7.47,6.79,9.9
2025-12-16T18:25:01.948738,Recipe_A,a717ca67-edd7-4f3d-81bc-b95bafc99df1,15,1.0,,,,12.13,10.85,14.76,8.27,6.8,10.39
2025-12-16T18:25:01.948738,Recipe_A,a717ca67-edd7-4f3d-81bc-b95bafc99df1,15,1.0,Error_5,Simulated Error occurred,Error,,,,,,
2025-12-16T18:25:02.948738,Recipe_A,a717ca67-edd7-4f3d-81bc-b95bafc99df1,15,1.0,,,,12.12,9.36,8.37,11.55,9.19,12.18
2025-12-16T18:25:03.948738,Recipe_A,a717ca67-edd7-4f3d-81bc-b95bafc99df1,15,1.0,,,,13.68,11.14,6.69,8.42,12.7,12.36
2025-12-16T18:25:04.948738,Recipe_A,a717ca67-edd7-4f3d-81bc-b95bafc99df1,15,1.0,,,,11.88,9.73,7.63,11.67,8.64,9.5
2025-12-16T18:25:05.948738,Recipe_A,a717ca67-edd7-4f3d-81bc-b95bafc99df1,15,1.0,,,,8.69,9.97,9.73,12.83,12.18,13.11
2025-12-16T18:25:06.948738,Recipe_A,a717ca67-edd7-4f3d-81bc-b95bafc99df1,15,1.0,,,,9.74,9.64,9.79,10.62,6.66,9.28
2025-12-16T18:25:07.948738,Recipe_A,a717ca67-edd7-4f3d-81bc-b95bafc99df1,15,1.0,,,,12.93,7.13,10.79,10.15,10.06,11.35
2025-12-16T18:25:08.948738,Recipe_A,a717ca67-edd7-4f3d-81bc-b95bafc99df1,15,1.0,,,,8.49,7.37,11.98,7.98,8.37,9.85
2025-12-16T18:25:09.948738,Recipe_A,a717ca67-edd7-4f3d-81bc-b95bafc99df1,15,1.0,,,,8.36,11.76,12.14,12.17,14.11,8.52
2025-12-16T18:25:10.948738,Recipe_A,a717ca67-edd7-4f3d-81bc-b95bafc99df1,15,1.0,,,,10.89,9.31,11.51,11.89,11.9,11.79
2025-12-16T18:25:11.948738,Recipe_A,a717ca67-edd7-4f3d-81bc-b95bafc99df1,15,1.0,,,,7.93,10.5,9.79,10.28,6.74,9.23
2025-12-16T18:25:12.948738,Recipe_A,a717ca67-edd7-4f3d-81bc-b95bafc99df1,15,1.0,,,,12.07,10.73,6.57,8.92,11.06,9.76
2025-12-16T18:25:13.948738,Recipe_A,a717ca67-edd7-4f3d-81bc-b95bafc99df1,15,1.0,,,,7.86,9.26,10.18,15.44,12.38,9.07
2025-12-16T18:25:14.948738,Recipe_A,a717ca67-edd7-4f3d-81bc-b95bafc99df1,15,0.0,,,,0.0,0.0,0.0,0.0,0.0,0.0
2025-12-16T18:25:14.948738,Recipe_A,a717ca67-edd7-4f3d-81bc-b95bafc99df1,15,0.0,Warning_3,Simulated Warning occurred,Warning,,,,,,
2025-12-16T18:25:15.948738,Recipe_A,a717ca67-edd7-4f3d-81bc-b95bafc99df1,15,0.0,,,,0.0,0.0,0.0,0.0,0.0,0.0
2025-12-16T18:25:16.948738,Recipe_A,a717ca67-edd7-4f3d-81bc-b95bafc99df1,15,0.0,,,,0.0,0.0,0.0,0.0,0.0,0.0
2025-12-16T18:25:17.948738,Recipe_A,a717ca67-edd7-4f3d-81bc-b95bafc99df1,15,0.0,,,,0.0,0.0,0.0,0.0,0.0,0.0
2025-12-16T18:25:18.948738,Recipe_A,a717ca67-edd7-4f3d-81bc-b95bafc99df1,15,0.0,,,,0.0,0.0,0.0,0.0,0.0,0.0
2025-12-16T18:25:19.948738,Recipe_A,a717ca67-edd7-4f3d-81bc-b95bafc99df1,15,5.0,,,,11.64,12.44,9.96,7.75,12.78,7.8
2025-12-16T18:25:20.948738,Recipe_A,a717ca67-edd7-4f3d-81bc-b95bafc99df1,15,5.0,,,,13.25,9.99,9.91,8.28,10.81,8.81
2025-12-16T18:25:21.948738,Recipe_A,a717ca67-edd7-4f3d-81bc-b95bafc99df1,15,5.0,,,,7.65,10.92,11.97,9.24,8.52,11.54
2025-12-16T18:25:22.948738,Recipe_A,a717ca67-edd7-4f3d-81bc-b95bafc99df1,15,5.0,,,,10.73,13.56,9.92,7.94,11.47,8.04
2025-12-16T18:25:23.948738,Recipe_A,a717ca67-edd7-4f3d-81bc-b95bafc99df1,15,5.0,,,,13.78,11.12,11.41,9.58,9.11,10.7
2025-12-16T18:25:24.948738,Recipe_A,a717ca67-edd7-4f3d-81bc-b95bafc99df1,15,5.0,,,,13.87,10.68,8.55,9.48,7.76,14.43
2025-12-16T18:25:25.948738,Recipe_A,a717ca67-edd7-4f3d-81bc-b95bafc99df1,15,5.0,,,,12.55,14.75,11.61,9.0,7.86,10.82
2025-12-16T18:25:26.948738,Recipe_A,a717ca67-edd7-4f3d-81bc-b95bafc99df1,15,5.0,,,,10.77,9.09,10.92,10.1,12.8,10.86
2025-12-16T18:25:27.948738,Recipe_A,a717ca67-edd7-4f3d-81bc-b95bafc99df1,15,5.0,,,,12.0,14.76,8.64,11.29,13.81,14.36
2025-12-16T18:25:28.948738,Recipe_A,a717ca67-edd7-4f3d-81bc-b95bafc99df1,15,5.0,,,,9.39,10.9,12.22,8.36,10.59,11.1
2025-12-16T18:25:29.948738,Recipe_A,a717ca67-edd7-4f3d-81bc-b95bafc99df1,15,5.0,,,,13.22,10.71,10.73,7.69,8.47,10.03
2025-12-16T18:25:30.948738,Recipe_A,a717ca67-edd7-4f3d-81bc-b95bafc99df1,15,5.0,,,,9.12,10.09,8.21,12.1,11.34,10.91
2025-12-16T18:25:31.948738,Recipe_A,a717ca67-edd7-4f3d-81bc-b95bafc99df1,15,5.0,,,,12.44,8.86,14.43,9.41,10.43,10.57
2025-12-16T18:25:32.948738,Recipe_A,a717ca67-edd7-4f3d-81bc-b95bafc99df1,15,5.0,,,,10.51,11.23,7.54,8.19,13.93,8.9
2025-12-16T18:25:33.948738,Recipe_A,a717ca67-edd7-4f3d-81bc-b95bafc99df1,15,5.0,,,,11.15,10.32,12.71,13.49,6.78,7.6
2025-12-16T18:25:34.948738,Recipe_A,a717ca67-edd7-4f3d-81bc-b95bafc99df1,15,5.0,,,,12.38,12.94,9.01,11.25,8.48,7.95
2025-12-16T18:25:35.948738,Recipe_A,a717ca67-edd7-4f3d-81bc-b95bafc99df1,15,5.0,,,,9.69,8.84,12.92,8.73,12.33,10.55
2025-12-16T18:25:36.948738,Recipe_A,a717ca67-edd7-4f3d-81bc-b95bafc99df1,15,5.0,,,,11.0,8.26,8.89,10.28,8.21,8.04
2025-12-16T18:25:37.948738,Recipe_A,a717ca67-edd7-4f3d-81bc-b95bafc99df1,15,5.0,,,,10.38,8.81,12.42,13.66,10.71,8.38
2025-12-16T18:25:38.948738,Recipe_A,a717ca67-edd7-4f3d-81bc-b95bafc99df1,15,1.0,,,,7.97,8.67,10.98,9.7,10.87,8.18
2025-12-16T18:25:39.948738,Recipe_A,a717ca67-edd7-4f3d-81bc-b95bafc99df1,15,1.0,,,,10.67,9.57,6.42,10.41,9.19,10.66
2025-12-16T18:25:40.948738,Recipe_A,a717ca67-edd7-4f3d-81bc-b95bafc99df1,15,1.0,,,,5.43,12.79,7.81,8.75,10.23,10.84
2025-12-16T18:25:41.948738,Recipe_A,a717ca67-edd7-4f3d-81bc-b95bafc99df1,15,1.0,,,,6.82,12.03,8.01,10.03,11.48,9.35
2025-12-16T18:25:42.948738,Recipe_A,a717ca67-edd7-4f3d-81bc-b95bafc99df1,15,1.0,,,,11.13,7.44,9.19,9.74,11.7,9.35
2025-12-16T18:25:43.948738,Recipe_A,a717ca67-edd7-4f3d-81bc-b95bafc99df1,15,1.0,,,,11.8,7.01,13.17,9.48,7.91,12.77
2025-12-16T18:25:44.948738,Recipe_A,a717ca67-edd7-4f3d-81bc-b95bafc99df1,15,1.0,,,,8.32,10.45,11.2,9.31,7.66,10.63
2025-12-16T18:25:45.948738,Recipe_A,a717ca67-edd7-4f3d-81bc-b95bafc99df1,15,1.0,,,,12.95,14.84,16.64,8.86,12.65,5.32
2025-12-16T18:25:46.948738,Recipe_A,a717ca67-edd7-4f3d-81bc-b95bafc99df1,15,1.0,,,,8.12,9.31,10.04,8.91,12.05,5.63
2025-12-16T18:25:47.948738,Recipe_A,a717ca67-edd7-4f3d-81bc-b95bafc99df1,15,1.0,,,,10.37,10.32,6.93,9.11,9.72,9.25
2025-12-16T18:25:48.948738,Recipe_A,a717ca67-edd7-4f3d-81bc-b95bafc99df1,15,1.0,,,,12.67,12.71,9.26,11.89,8.53,11.4
2025-12-16T18:25:49.948738,Recipe_A,a717ca67-edd7-4f3d-81bc-b95bafc99df1,15,5.0,,,,8.46,9.43,12.03,11.32,8.78,10.68
2025-12-16T18:25:50.948738,Recipe_A,a717ca67-edd7-4f3d-81bc-b95bafc99df1,15,5.0,,,,7.94,8.98,10.13,10.6,12.82,10.24
2025-12-16T18:25:51.948738,Recipe_A,a717ca67-edd7-4f3d-81bc-b95bafc99df1,15,3.0,,,,11.72,11.09,10.0,10.22,10.18,15.01
2025-12-16T18:25:52.948738,Recipe_A,a717ca67-edd7-4f3d-81bc-b95bafc99df1,15,3.0,,,,11.08,15.15,9.77,10.18,7.93,8.15
2025-12-16T18:25:53.948738,Recipe_A,a717ca67-edd7-4f3d-81bc-b95bafc99df1,15,3.0,,,,7.53,8.94,8.28,12.09,12.86,10.23
2025-12-16T18:25:54.948738,Recipe_A,a717ca67-edd7-4f3d-81bc-b95bafc99df1,15,3.0,,,,8.29,11.21,6.97,12.85,12.86,11.03
2025-12-16T18:25:55.948738,Recipe_A,a717ca67-edd7-4f3d-81bc-b95bafc99df1,15,3.0,,,,11.21,9.01,10.65,11.46,10.62,10.13
2025-12-16T18:25:56.948738,Recipe_A,a717ca67-edd7-4f3d-81bc-b95bafc99df1,15,3.0,,,,10.31,11.03,13.61,9.84,10.11,10.31
2025-12-16T18:25:57.948738,Recipe_A,a717ca67-edd7-4f3d-81bc-b95bafc99df1,15,3.0,,,,10.28,9.68,7.34,6.92,13.14,12.58
2025-12-16T18:25:58.948738,Recipe_A,a717ca67-edd7-4f3d-81bc-b95bafc99df1,15,3.0,,,,11.49,7.39,7.03,12.48,9.07,12.48
2025-12-16T18:25:59.948738,Recipe_A,a717ca67-edd7-4f3d-81bc-b95bafc99df1,15,1.0,,,,8.22,10.2,10.98,7.78,11.93,9.72
2025-12-16T18:26:00.948738,Recipe_A,a717ca67-edd7-4f3d-81bc-b95bafc99df1,15,1.0,,,,12.95,14.64,9.59,9.39,11.08,11.11
2025-12-16T18:26:01.948738,Recipe_A,a717ca67-edd7-4f3d-81bc-b95bafc99df1,15,1.0,,,,7.98,7.73,8.59,12.11,10.69,11.23
2025-12-16T18:26:02.948738,Recipe_A,a717ca67-edd7-4f3d-81bc-b95bafc99df1,15,1.0,,,,12.29,11.99,11.12,10.76,6.91,7.34
2025-12-16T18:26:03.948738,Recipe_A,a717ca67-edd7-4f3d-81bc-b95bafc99df1,15,1.0,,,,11.33,8.87,10.75,10.28,14.56,8.69
2025-12-16T18:26:04.948738,Recipe_A,a717ca67-edd7-4f3d-81bc-b95bafc99df1,15,1.0,,,,11.99,13.85,13.91,9.62,8.57,9.07
2025-12-16T18:26:05.948738,Recipe_A,a717ca67-edd7-4f3d-81bc-b95bafc99df1,15,1.0,,,,9.46,12.92,10.92,10.71,10.8,7.14
2025-12-16T18:26:06.948738,Recipe_A,a717ca67-edd7-4f3d-81bc-b95bafc99df1,15,1.0,,,,8.95,10.15,9.95,9.28,9.24,9.97
2025-12-16T18:26:07.948738,Recipe_A,a717ca67-edd7-4f3d-81bc-b95bafc99df1,15,1.0,,,,8.81,13.22,9.29,10.22,13.69,11.53
2025-12-16T18:26:08.948738,Recipe_A,a717ca67-edd7-4f3d-81bc-b95bafc99df1,15,1.0,,,,10.49,11.33,9.29,9.18,9.79,11.91
2025-12-16T18:26:09.948738,Recipe_A,a717ca67-edd7-4f3d-81bc-b95bafc99df1,15,1.0,,,,13.57,8.58,9.83,6.98,13.31,10.76
2025-12-16T18:26:10.948738,Recipe_A,a717ca67-edd7-4f3d-81bc-b95bafc99df1,15,1.0,,,,12.42,13.62,10.69,11.22,12.11,10.64
2025-12-16T18:26:11.948738,Recipe_A,a717ca67-edd7-4f3d-81bc-b95bafc99df1,15,1.0,,,,9.45,12.15,10.15,10.2,10.08,12.73
2025-12-16T18:26:12.948738,Recipe_A,a717ca67-edd7-4f3d-81bc-b95bafc99df1,15,1.0,,,,11.03,10.97,8.89,8.53,9.34,8.84
2025-12-16T18:26:13.948738,Recipe_A,a717ca67-edd7-4f3d-81bc-b95bafc99df1,15,1.0,,,,12.17,5.37,10.56,9.1,9.64,13.46
2025-12-16T18:26:14.948738,Recipe_A,a717ca67-edd7-4f3d-81bc-b95bafc99df1,15,1.0,,,,10.46,11.1,10.65,8.01,11.64,12.51
2025-12-16T18:26:15.948738,Recipe_A,a717ca67-edd7-4f3d-81bc-b95bafc99df1,15,1.0,,,,12.99,11.28,11.22,9.15,12.1,8.49
2025-12-16T18:26:16.948738,Recipe_A,a717ca67-edd7-4f3d-81bc-b95bafc99df1,15,1.0,,,,13.85,8.77,10.69,9.83,7.3,7.4
2025-12-16T18:26:17.948738,Recipe_A,a717ca67-edd7-4f3d-81bc-b95bafc99df1,15,1.0,,,,11.19,11.89,11.99,6.2,8.28,12.01
2025-12-16T18:26:18.948738,Recipe_A,a717ca67-edd7-4f3d-81bc-b95bafc99df1,15,1.0,,,,15.22,15.51,11.67,12.99,11.88,12.66
2025-12-16T18:26:19.948738,Recipe_A,a717ca67-edd7-4f3d-81bc-b95bafc99df1,15,1.0,,,,11.73,11.85,9.33,8.27,9.63,10.16
2025-12-16T18:26:20.948738,Recipe_A,a717ca67-edd7-4f3d-81bc-b95bafc99df1,15,1.0,,,,10.31,11.07,10.38,11.32,10.71,9.18
2025-12-16T18:26:21.948738,Recipe_A,a717ca67-edd7-4f3d-81bc-b95bafc99df1,15,1.0,,,,7.39,11.53,6.79,8.44,14.35,8.33
2025-12-16T18:26:22.948738,Recipe_A,a717ca67-edd7-4f3d-81bc-b95bafc99df1,15,1.0,,,,10.99,12.88,6.99,7.68,12.34,9.69
2025-12-16T18:26:23.948738,Recipe_A,a717ca67-edd7-4f3d-81bc-b95bafc99df1,15,1.0,,,,13.53,12.54,9.9,11.51,11.16,8.86
2025-12-16T18:26:24.948738,Recipe_A,a717ca67-edd7-4f3d-81bc-b95bafc99df1,15,1.0,,,,10.01,7.41,10.01,9.22,9.53,11.08
2025-12-16T18:26:25.948738,Recipe_A,a717ca67-edd7-4f3d-81bc-b95bafc99df1,15,1.0,,,,13.2,9.91,6.7,9.99,7.71,9.81
2025-12-16T18:26:26.948738,Recipe_A,a717ca67-edd7-4f3d-81bc-b95bafc99df1,15,1.0,,,,13.25,7.65,9.83,9.88,7.7,9.6
2025-12-16T18:26:27.948738,Recipe_A,a717ca67-edd7-4f3d-81bc-b95bafc99df1,15,1.0,,,,9.31,8.31,7.78,10.49,10.17,11.48
2025-12-16T18:26:28.948738,Recipe_A,a717ca67-edd7-4f3d-81bc-b95bafc99df1,15,1.0,,,,9.3,11.05,8.2,9.09,8.0,11.37
2025-12-16T18:26:29.948738,Recipe_A,a717ca67-edd7-4f3d-81bc-b95bafc99df1,15,1.0,,,,10.46,7.32,10.39,7.82,11.98,9.15
2025-12-16T18:26:30.948738,Recipe_A,a717ca67-edd7-4f3d-81bc-b95bafc99df1,15,1.0,,,,13.87,12.67,7.93,13.61,11.97,5.89
2025-12-16T18:26:31.948738,Recipe_A,a717ca67-edd7-4f3d-81bc-b95bafc99df1,15,1.0,,,,13.09,6.54,9.55,8.45,6.37,11.5
2025-12-16T18:26:32.948738,Recipe_A,a717ca67-edd7-4f3d-81bc-b95bafc99df1,15,1.0,,,,9.88,10.53,11.36,10.37,11.56,11.0
2025-12-16T18:26:33.948738,Recipe_A,a717ca67-edd7-4f3d-81bc-b95bafc99df1,15,1.0,,,,11.46,9.95,13.5,11.78,11.83,9.16
2025-12-16T18:26:34.948738,Recipe_A,a717ca67-edd7-4f3d-81bc-b95bafc99df1,15,1.0,,,,7.53,7.36,5.94,8.52,10.79,6.67
2025-12-16T18:26:35.948738,Recipe_A,a717ca67-edd7-4f3d-81bc-b95bafc99df1,15,1.0,,,,14.25,9.24,8.69,9.0,7.61,8.25
2025-12-16T18:26:36.948738,Recipe_A,a717ca67-edd7-4f3d-81bc-b95bafc99df1,15,1.0,,,,10.79,6.22,12.88,9.86,6.89,7.83
2025-12-16T18:26:37.948738,Recipe_A,a717ca67-edd7-4f3d-81bc-b95bafc99df1,15,1.0,,,,8.54,14.18,7.84,8.23,13.69,9.57
2025-12-16T18:26:38.948738,Recipe_A,a717ca67-edd7-4f3d-81bc-b95bafc99df1,15,1.0,,,,7.3,7.04,12.33,10.62,11.22,11.56
2025-12-16T18:26:39.948738,Recipe_A,a717ca67-edd7-4f3d-81bc-b95bafc99df1,15,1.0,,,,8.94,5.79,11.86,8.98,9.99,8.74
2025-12-16T18:26:40.948738,Recipe_A,a717ca67-edd7-4f3d-81bc-b95bafc99df1,15,1.0,,,,8.47,9.18,9.09,11.32,7.66,5.82
2025-12-16T18:26:41.948738,Recipe_A,a717ca67-edd7-4f3d-81bc-b95bafc99df1,15,1.0,,,,9.08,10.74,10.95,12.89,5.7,9.94
2025-12-16T18:26:42.948738,Recipe_A,a717ca67-edd7-4f3d-81bc-b95bafc99df1,15,5.0,,,,7.86,14.2,6.59,5.68,9.87,9.41
2025-12-16T18:26:43.948738,Recipe_A,a717ca67-edd7-4f3d-81bc-b95bafc99df1,15,5.0,,,,11.4,9.74,6.45,9.23,6.9,10.93
2025-12-16T18:26:44.948738,Recipe_A,a717ca67-edd7-4f3d-81bc-b95bafc99df1,15,5.0,,,,13.5,11.78,8.68,7.82,10.61,15.86
2025-12-16T18:26:45.948738,Recipe_A,a717ca67-edd7-4f3d-81bc-b95bafc99df1,15,5.0,,,,8.24,10.54,10.69,11.69,11.48,8.47
2025-12-16T18:26:46.948738,Recipe_A,a717ca67-edd7-4f3d-81bc-b95bafc99df1,15,5.0,,,,5.84,9.51,7.93,10.3,10.38,11.73
2025-12-16T18:26:47.948738,Recipe_A,a717ca67-edd7-4f3d-81bc-b95bafc99df1,15,5.0,,,,7.62,11.53,12.94,14.03,8.72,10.23
2025-12-16T18:26:48.948738,Recipe_A,a717ca67-edd7-4f3d-81bc-b95bafc99df1,15,5.0,,,,9.34,6.97,9.5,11.65,10.44,12.69
2025-12-16T18:26:49.948738,Recipe_A,a717ca67-edd7-4f3d-81bc-b95bafc99df1,15,5.0,,,,11.22,12.15,8.52,8.59,12.9,7.05
2025-12-16T18:26:50.948738,Recipe_A,a717ca67-edd7-4f3d-81bc-b95bafc99df1,15,5.0,,,,10.55,8.02,9.18,10.13,12.2,9.87
2025-12-16T18:26:51.948738,Recipe_A,a717ca67-edd7-4f3d-81bc-b95bafc99df1,15,5.0,,,,8.26,12.26,10.37,12.24,12.31,10.38
2025-12-16T18:26:52.948738,Recipe_A,a717ca67-edd7-4f3d-81bc-b95bafc99df1,15,5.0,,,,11.68,5.6,10.35,9.22,9.84,7.91
2025-12-16T18:26:53.948738,Recipe_A,a717ca67-edd7-4f3d-81bc-b95bafc99df1,15,5.0,,,,8.51,7.37,11.59,7.66,12.92,12.8
2025-12-16T18:26:54.948738,Recipe_A,a717ca67-edd7-4f3d-81bc-b95bafc99df1,15,5.0,,,,10.16,5.8,9.98,11.21,8.15,9.28
2025-12-16T18:26:55.948738,Recipe_A,a717ca67-edd7-4f3d-81bc-b95bafc99df1,15,5.0,,,,7.93,11.3,14.35,11.82,11.48,13.05
2025-12-16T18:26:56.948738,Recipe_A,a717ca67-edd7-4f3d-81bc-b95bafc99df1,15,5.0,,,,7.92,12.09,9.79,8.42,8.76,6.6
2025-12-16T18:26:57.948738,Recipe_A,a717ca67-edd7-4f3d-81bc-b95bafc99df1,15,5.0,,,,10.55,11.02,10.23,8.19,13.78,12.02
2025-12-16T18:26:58.948738,Recipe_A,a717ca67-edd7-4f3d-81bc-b95bafc99df1,15,5.0,,,,11.75,10.05,10.88,9.44,8.52,6.13
2025-12-16T18:26:58.948738,Recipe_A,a717ca67-edd7-4f3d-81bc-b95bafc99df1,15,5.0,Warning_3,Simulated Warning occurred,Warning,,,,,,
2025-12-16T18:26:59.948738,Recipe_A,a717ca67-edd7-4f3d-81bc-b95bafc99df1,15,5.0,,,,8.85,9.2,13.27,10.21,10.69,7.25
2025-12-16T18:27:00.948738,Recipe_A,a717ca67-edd7-4f3d-81bc-b95bafc99df1,15,5.0,,,,10.62,8.79,4.82,8.32,9.51,8.92
2025-12-16T18:27:01.948738,Recipe_A,a717ca67-edd7-4f3d-81bc-b95bafc99df1,15,5.0,,,,10.99,10.58,8.35,10.41,9.23,9.51
2025-12-16T18:27:02.948738,Recipe_A,a717ca67-edd7-4f3d-81bc-b95bafc99df1,15,5.0,,,,7.67,15.5,12.49,10.76,12.21,10.61
2025-12-16T18:27:03.948738,Recipe_A,a717ca67-edd7-4f3d-81bc-b95bafc99df1,15,5.0,,,,9.92,9.36,7.73,13.75,6.39,11.51
2025-12-16T18:27:04.948738,Recipe_A,a717ca67-edd7-4f3d-81bc-b95bafc99df1,15,5.0,,,,10.59,8.2,10.53,9.06,13.24,9.65
2025-12-16T18:27:05.948738,Recipe_A,a717ca67-edd7-4f3d-81bc-b95bafc99df1,15,5.0,,,,11.67,10.56,9.74,10.49,8.77,8.88
2025-12-16T18:27:06.948738,Recipe_A,a717ca67-edd7-4f3d-81bc-b95bafc99df1,15,5.0,,,,12.3,10.66,6.06,11.65,12.03,11.85
2025-12-16T18:27:07.948738,Recipe_A,a717ca67-edd7-4f3d-81bc-b95bafc99df1,15,5.0,,,,13.03,10.43,5.81,12.48,9.17,13.22
2025-12-16T18:27:08.948738,Recipe_A,a717ca67-edd7-4f3d-81bc-b95bafc99df1,15,5.0,,,,9.46,6.33,6.9,10.18,7.61,12.72
2025-12-16T18:27:09.948738,Recipe_A,a717ca67-edd7-4f3d-81bc-b95bafc99df1,15,5.0,,,,10.52,11.2,8.63,11.26,10.41,9.13
2025-12-16T18:27:10.948738,Recipe_A,a717ca67-edd7-4f3d-81bc-b95bafc99df1,15,5.0,,,,12.32,8.71,11.08,7.98,8.05,8.53
2025-12-16T18:27:11.948738,Recipe_A,a717ca67-edd7-4f3d-81bc-b95bafc99df1,15,5.0,,,,6.91,11.8,10.78,8.84,12.44,11.47
2025-12-16T18:27:12.948738,Recipe_A,a717ca67-edd7-4f3d-81bc-b95bafc99df1,15,5.0,,,,7.21,8.39,6.9,9.82,13.59,10.08
2025-12-16T18:27:13.948738,Recipe_A,a717ca67-edd7-4f3d-81bc-b95bafc99df1,15,5.0,,,,7.11,9.35,13.89,10.95,7.94,8.79
2025-12-16T18:27:14.948738,Recipe_A,a717ca67-edd7-4f3d-81bc-b95bafc99df1,15,5.0,,,,8.84,10.39,9.17,11.43,7.23,10.88
2025-12-16T18:27:15.948738,Recipe_A,a717ca67-edd7-4f3d-81bc-b95bafc99df1,15,5.0,,,,10.26,10.43,8.39,9.65,8.72,7.64
2025-12-16T18:27:16.948738,Recipe_A,a717ca67-edd7-4f3d-81bc-b95bafc99df1,15,5.0,,,,9.43,9.56,11.39,11.3,16.93,8.9
2025-12-16T18:27:17.948738,Recipe_A,a717ca67-edd7-4f3d-81bc-b95bafc99df1,15,5.0,,,,12.82,11.38,7.26,9.09,10.5,9.18
2025-12-16T18:27:18.948738,Recipe_A,a717ca67-edd7-4f3d-81bc-b95bafc99df1,15,5.0,,,,7.58,10.91,7.36,13.33,10.71,10.77
2025-12-16T18:27:19.948738,Recipe_A,a717ca67-edd7-4f3d-81bc-b95bafc99df1,15,5.0,,,,9.43,9.43,5.68,8.34,9.41,8.0
2025-12-16T18:27:20.948738,Recipe_A,a717ca67-edd7-4f3d-81bc-b95bafc99df1,15,5.0,,,,9.68,9.52,11.64,9.85,8.34,15.6
2025-12-16T18:27:21.948738,Recipe_A,a717ca67-edd7-4f3d-81bc-b95bafc99df1,15,5.0,,,,8.94,10.74,12.95,9.67,13.02,13.49
2025-12-16T18:27:22.948738,Recipe_A,a717ca67-edd7-4f3d-81bc-b95bafc99df1,15,5.0,,,,12.62,10.67,11.47,8.81,8.09,4.78
2025-12-16T18:27:23.948738,Recipe_A,a717ca67-edd7-4f3d-81bc-b95bafc99df1,15,5.0,,,,9.26,6.33,11.34,11.56,8.38,8.92
2025-12-16T18:27:24.948738,Recipe_A,a717ca67-edd7-4f3d-81bc-b95bafc99df1,15,5.0,,,,9.46,6.64,10.71,8.34,10.17,11.03
2025-12-16T18:27:25.948738,Recipe_A,a717ca67-edd7-4f3d-81bc-b95bafc99df1,15,5.0,,,,9.42,7.65,11.19,10.34,8.73,11.35
2025-12-16T18:27:26.948738,Recipe_A,a717ca67-edd7-4f3d-81bc-b95bafc99df1,15,5.0,,,,11.53,13.41,10.68,8.57,12.66,10.97
2025-12-16T18:27:27.948738,Recipe_A,a717ca67-edd7-4f3d-81bc-b95bafc99df1,15,5.0,,,,8.11,7.32,10.57,11.67,11.8,4.14
2025-12-16T18:27:28.948738,Recipe_A,a717ca67-edd7-4f3d-81bc-b95bafc99df1,15,5.0,,,,12.35,9.8,8.04,7.86,12.27,10.66
2025-12-16T18:27:29.948738,Recipe_A,a717ca67-edd7-4f3d-81bc-b95bafc99df1,15,5.0,,,,9.22,7.82,10.32,12.29,6.57,12.45
2025-12-16T18:27:30.948738,Recipe_A,a717ca67-edd7-4f3d-81bc-b95bafc99df1,15,5.0,,,,10.14,11.05,8.02,7.52,9.64,8.25
2025-12-16T18:27:31.948738,Recipe_A,a717ca67-edd7-4f3d-81bc-b95bafc99df1,15,5.0,,,,10.27,6.99,6.73,10.69,10.54,10.72
2025-12-16T18:27:32.948738,Recipe_A,a717ca67-edd7-4f3d-81bc-b95bafc99df1,15,5.0,,,,9.11,13.47,10.52,11.11,8.37,6.45
2025-12-16T18:27:33.948738,Recipe_A,a717ca67-edd7-4f3d-81bc-b95bafc99df1,15,5.0,,,,12.3,7.73,11.23,9.79,12.77,8.83
2025-12-16T18:27:34.948738,Recipe_A,a717ca67-edd7-4f3d-81bc-b95bafc99df1,15,5.0,,,,11.32,9.12,7.93,13.6,8.8,7.12
2025-12-16T18:27:35.948738,Recipe_A,a717ca67-edd7-4f3d-81bc-b95bafc99df1,15,5.0,,,,7.75,13.93,6.83,12.96,10.59,9.81
2025-12-16T18:27:36.948738,Recipe_A,a717ca67-edd7-4f3d-81bc-b95bafc99df1,15,5.0,,,,9.46,10.08,11.21,11.43,9.73,10.46
2025-12-16T18:27:37.948738,Recipe_A,a717ca67-edd7-4f3d-81bc-b95bafc99df1,15,5.0,,,,11.45,6.76,10.43,11.48,12.08,14.41
2025-12-16T18:27:38.948738,Recipe_A,a717ca67-edd7-4f3d-81bc-b95bafc99df1,15,5.0,,,,7.6,9.63,12.3,7.85,11.1,7.46
2025-12-16T18:27:39.948738,Recipe_A,a717ca67-edd7-4f3d-81bc-b95bafc99df1,15,5.0,,,,13.13,9.91,8.06,9.83,13.17,10.39
2025-12-16T18:27:40.948738,Recipe_A,a717ca67-edd7-4f3d-81bc-b95bafc99df1,15,5.0,,,,9.97,9.13,10.26,12.03,13.54,7.16
2025-12-16T18:27:41.948738,Recipe_A,a717ca67-edd7-4f3d-81bc-b95bafc99df1,15,5.0,,,,8.63,10.13,9.85,9.09,9.93,11.89
2025-12-16T18:27:42.948738,Recipe_A,a717ca67-edd7-4f3d-81bc-b95bafc99df1,15,5.0,,,,9.74,9.16,11.59,11.86,6.48,11.75
2025-12-16T18:27:43.948738,Recipe_A,a717ca67-edd7-4f3d-81bc-b95bafc99df1,15,5.0,,,,13.13,13.0,10.82,7.29,8.89,10.69
2025-12-16T18:27:44.948738,Recipe_A,a717ca67-edd7-4f3d-81bc-b95bafc99df1,15,5.0,,,,13.38,10.19,12.36,11.78,9.82,9.51
2025-12-16T18:27:45.948738,Recipe_A,a717ca67-edd7-4f3d-81bc-b95bafc99df1,15,5.0,,,,8.03,10.63,7.45,8.95,7.58,8.37
2025-12-16T18:27:46.948738,Recipe_A,a717ca67-edd7-4f3d-81bc-b95bafc99df1,15,5.0,,,,10.96,10.6,11.38,7.86,9.17,9.4
2025-12-16T18:27:47.948738,Recipe_A,a717ca67-edd7-4f3d-81bc-b95bafc99df1,15,5.0,,,,11.3,9.45,9.33,11.99,8.54,7.44
2025-12-16T18:27:48.948738,Recipe_A,a717ca67-edd7-4f3d-81bc-b95bafc99df1,15,5.0,,,,6.74,10.3,8.34,12.8,10.57,12.7
2025-12-16T18:27:49.948738,Recipe_A,a717ca67-edd7-4f3d-81bc-b95bafc99df1,15,5.0,,,,9.86,7.56,7.57,12.59,8.56,9.31
2025-12-16T18:27:50.948738,Recipe_A,a717ca67-edd7-4f3d-81bc-b95bafc99df1,15,5.0,,,,10.61,11.4,7.22,10.77,9.72,12.87
2025-12-16T18:27:51.948738,Recipe_A,a717ca67-edd7-4f3d-81bc-b95bafc99df1,15,5.0,,,,9.48,12.88,9.77,8.16,11.43,8.73
2025-12-16T18:27:52.948738,Recipe_A,a717ca67-edd7-4f3d-81bc-b95bafc99df1,15,5.0,,,,13.58,7.25,9.15,8.71,9.46,11.34
2025-12-16T18:27:53.948738,Recipe_A,a717ca67-edd7-4f3d-81bc-b95bafc99df1,15,5.0,,,,9.42,10.24,11.26,10.07,9.31,10.88
2025-12-16T18:27:54.948738,Recipe_A,a717ca67-edd7-4f3d-81bc-b95bafc99df1,15,5.0,,,,8.92,14.09,9.71,12.5,9.69,8.17
2025-12-16T18:27:55.948738,Recipe_A,a717ca67-edd7-4f3d-81bc-b95bafc99df1,15,5.0,,,,8.95,11.94,12.17,12.79,7.34,10.75
2025-12-16T18:27:56.948738,Recipe_A,a717ca67-edd7-4f3d-81bc-b95bafc99df1,15,5.0,,,,13.03,13.26,8.24,11.06,9.76,13.44
2025-12-16T18:27:57.948738,Recipe_A,a717ca67-edd7-4f3d-81bc-b95bafc99df1,15,5.0,,,,12.81,14.01,8.67,9.3,11.37,9.68
2025-12-16T18:27:58.948738,Recipe_A,a717ca67-edd7-4f3d-81bc-b95bafc99df1,15,5.0,,,,5.61,9.09,7.43,12.23,13.05,12.25
2025-12-16T18:27:59.948738,Recipe_A,a717ca67-edd7-4f3d-81bc-b95bafc99df1,15,5.0,,,,10.02,12.87,12.35,10.91,8.39,10.35
2025-12-16T18:28:00.948738,Recipe_A,a717ca67-edd7-4f3d-81bc-b95bafc99df1,15,5.0,,,,13.77,15.68,8.92,8.69,8.76,9.57
2025-12-16T18:28:01.948738,Recipe_A,a717ca67-edd7-4f3d-81bc-b95bafc99df1,15,5.0,,,,14.52,8.76,8.23,10.21,8.57,10.0
2025-12-16T18:28:02.948738,Recipe_A,a717ca67-edd7-4f3d-81bc-b95bafc99df1,15,5.0,,,,8.8,10.93,9.76,9.75,10.9,8.3
2025-12-16T18:28:03.948738,Recipe_A,a717ca67-edd7-4f3d-81bc-b95bafc99df1,15,5.0,,,,7.59,8.27,7.08,8.77,10.78,11.03
2025-12-16T18:28:04.948738,Recipe_A,a717ca67-edd7-4f3d-81bc-b95bafc99df1,15,5.0,,,,9.58,11.73,10.87,7.58,11.32,9.54
2025-12-16T18:28:05.948738,Recipe_A,a717ca67-edd7-4f3d-81bc-b95bafc99df1,15,5.0,,,,9.29,10.92,8.48,11.75,9.8,13.44
2025-12-16T18:28:06.948738,Recipe_A,a717ca67-edd7-4f3d-81bc-b95bafc99df1,15,5.0,,,,10.77,7.63,14.89,11.59,10.96,9.9
2025-12-16T18:28:07.948738,Recipe_A,a717ca67-edd7-4f3d-81bc-b95bafc99df1,15,5.0,,,,13.38,10.48,11.67,9.4,10.25,10.79
2025-12-16T18:28:08.948738,Recipe_A,a717ca67-edd7-4f3d-81bc-b95bafc99df1,15,5.0,,,,9.47,7.85,12.43,9.24,11.42,6.78
2025-12-16T18:28:09.948738,Recipe_A,a717ca67-edd7-4f3d-81bc-b95bafc99df1,15,5.0,,,,8.41,11.13,13.09,10.38,8.69,16.24
2025-12-16T18:28:10.948738,Recipe_A,a717ca67-edd7-4f3d-81bc-b95bafc99df1,15,5.0,,,,10.98,10.73,11.41,12.32,12.02,10.23
2025-12-16T18:28:11.948738,Recipe_A,a717ca67-edd7-4f3d-81bc-b95bafc99df1,15,5.0,,,,12.6,10.34,12.26,10.8,11.69,10.19
2025-12-16T18:28:12.948738,Recipe_A,a717ca67-edd7-4f3d-81bc-b95bafc99df1,15,5.0,,,,11.11,8.99,10.43,11.58,11.05,9.24
2025-12-16T18:28:13.948738,Recipe_A,a717ca67-edd7-4f3d-81bc-b95bafc99df1,15,0.0,,,,0.0,0.0,0.0,0.0,0.0,0.0
2025-12-16T18:28:14.948738,Recipe_A,a717ca67-edd7-4f3d-81bc-b95bafc99df1,15,0.0,,,,0.0,0.0,0.0,0.0,0.0,0.0
2025-12-16T18:28:15.948738,Recipe_A,a717ca67-edd7-4f3d-81bc-b95bafc99df1,15,0.0,,,,0.0,0.0,0.0,0.0,0.0,0.0
2025-12-16T18:28:16.948738,Recipe_A,a717ca67-edd7-4f3d-81bc-b95bafc99df1,15,4.0,,,,100.52,49.44,49.56,55.7,52.28,53.0
2025-12-16T18:28:17.948738,Recipe_A,a717ca67-edd7-4f3d-81bc-b95bafc99df1,15,4.0,,,,95.38,39.42,52.04,50.33,44.64,44.05
2025-12-16T18:28:18.948738,Recipe_A,a717ca67-edd7-4f3d-81bc-b95bafc99df1,15,4.0,,,,96.59,42.3,42.59,52.69,51.56,48.65
2025-12-16T18:28:19.948738,Recipe_A,a717ca67-edd7-4f3d-81bc-b95bafc99df1,15,4.0,,,,101.44,42.03,49.81,54.46,48.5,47.21
2025-12-16T18:28:20.948738,Recipe_A,a717ca67-edd7-4f3d-81bc-b95bafc99df1,15,4.0,,,,104.67,51.46,51.72,43.33,52.79,48.5
2025-12-16T18:28:21.948738,Recipe_A,a717ca67-edd7-4f3d-81bc-b95bafc99df1,15,4.0,,,,98.11,42.47,52.21,55.58,48.9,51.09
2025-12-16T18:28:22.948738,Recipe_A,a717ca67-edd7-4f3d-81bc-b95bafc99df1,15,4.0,,,,98.57,51.51,50.74,47.47,48.82,52.81
2025-12-16T18:28:23.948738,Recipe_A,a717ca67-edd7-4f3d-81bc-b95bafc99df1,15,4.0,,,,107.01,53.95,37.39,51.86,47.65,51.18
2025-12-16T18:28:24.948738,Recipe_A,a717ca67-edd7-4f3d-81bc-b95bafc99df1,15,4.0,,,,99.07,37.54,58.63,51.96,53.92,51.78
2025-12-16T18:28:25.948738,Recipe_A,a717ca67-edd7-4f3d-81bc-b95bafc99df1,15,4.0,,,,101.67,45.42,52.81,50.6,49.95,50.42
2025-12-16T18:28:26.948738,Recipe_A,a717ca67-edd7-4f3d-81bc-b95bafc99df1,15,4.0,,,,98.67,54.44,48.82,44.25,57.14,46.81
2025-12-16T18:28:27.948738,Recipe_A,a717ca67-edd7-4f3d-81bc-b95bafc99df1,15,4.0,,,,102.98,52.83,51.67,46.17,48.73,44.79
2025-12-16T18:28:28.948738,Recipe_A,a717ca67-edd7-4f3d-81bc-b95bafc99df1,15,4.0,,,,98.84,58.81,46.9,52.15,51.89,36.84
2025-12-16T18:28:29.948738,Recipe_A,a717ca67-edd7-4f3d-81bc-b95bafc99df1,15,4.0,,,,100.52,47.09,52.16,40.83,51.62,56.71
2025-12-16T18:28:30.948738,Recipe_A,a717ca67-edd7-4f3d-81bc-b95bafc99df1,15,5.0,,,,6.56,9.35,9.49,9.61,8.99,10.1
2025-12-16T18:28:31.948738,Recipe_A,a717ca67-edd7-4f3d-81bc-b95bafc99df1,15,5.0,,,,6.95,6.76,9.32,9.2,8.62,8.63
2025-12-16T18:28:32.948738,Recipe_A,a717ca67-edd7-4f3d-81bc-b95bafc99df1,15,5.0,,,,7.01,12.46,12.23,6.24,14.22,12.12
2025-12-16T18:28:33.948738,Recipe_A,a717ca67-edd7-4f3d-81bc-b95bafc99df1,15,5.0,,,,9.64,6.86,8.33,9.61,6.21,9.27
2025-12-16T18:28:34.948738,Recipe_A,a717ca67-edd7-4f3d-81bc-b95bafc99df1,15,5.0,,,,12.32,10.0,10.92,11.26,9.77,7.32
2025-12-16T18:28:35.948738,Recipe_A,a717ca67-edd7-4f3d-81bc-b95bafc99df1,15,5.0,,,,10.45,12.56,11.32,10.09,9.36,9.48
2025-12-16T18:28:36.948738,Recipe_A,a717ca67-edd7-4f3d-81bc-b95bafc99df1,15,5.0,,,,9.66,9.65,10.6,10.18,9.14,7.34
2025-12-16T18:28:37.948738,Recipe_A,a717ca67-edd7-4f3d-81bc-b95bafc99df1,15,5.0,,,,11.54,10.45,14.17,13.58,11.41,8.66
2025-12-16T18:28:38.948738,Recipe_A,a717ca67-edd7-4f3d-81bc-b95bafc99df1,15,5.0,,,,7.38,8.25,8.4,9.01,11.65,10.45
2025-12-16T18:28:39.948738,Recipe_A,a717ca67-edd7-4f3d-81bc-b95bafc99df1,15,5.0,,,,11.16,15.07,11.65,4.02,9.5,7.52
2025-12-16T18:28:40.948738,Recipe_A,a717ca67-edd7-4f3d-81bc-b95bafc99df1,15,5.0,,,,9.77,8.65,11.69,9.54,11.51,9.18
2025-12-16T18:28:41.948738,Recipe_A,a717ca67-edd7-4f3d-81bc-b95bafc99df1,15,5.0,,,,9.87,9.2,12.97,10.72,8.18,10.01
2025-12-16T18:28:42.948738,Recipe_A,a717ca67-edd7-4f3d-81bc-b95bafc99df1,15,5.0,,,,6.68,11.28,12.32,9.44,8.39,10.0
2025-12-16T18:28:43.948738,Recipe_A,a717ca67-edd7-4f3d-81bc-b95bafc99df1,15,5.0,,,,8.86,6.08,11.19,9.86,7.86,10.04
2025-12-16T18:28:44.948738,Recipe_A,a717ca67-edd7-4f3d-81bc-b95bafc99df1,15,4.0,,,,96.6,60.0,54.31,43.27,46.16,53.01
2025-12-16T18:28:45.948738,Recipe_A,a717ca67-edd7-4f3d-81bc-b95bafc99df1,15,4.0,,,,106.13,47.43,45.5,44.99,55.6,53.54
2025-12-16T18:28:46.948738,Recipe_A,a717ca67-edd7-4f3d-81bc-b95bafc99df1,15,4.0,,,,101.02,55.09,44.99,51.95,50.0,49.24
2025-12-16T18:28:47.948738,Recipe_A,a717ca67-edd7-4f3d-81bc-b95bafc99df1,15,4.0,,,,105.14,53.88,47.2,52.04,54.48,46.07
2025-12-16T18:28:48.948738,Recipe_A,a717ca67-edd7-4f3d-81bc-b95bafc99df1,15,4.0,,,,98.56,57.23,51.34,50.54,43.53,57.02
2025-12-16T18:28:49.948738,Recipe_A,a717ca67-edd7-4f3d-81bc-b95bafc99df1,15,4.0,,,,104.07,37.85,41.07,48.58,53.27,59.28
2025-12-16T18:28:50.948738,Recipe_A,a717ca67-edd7-4f3d-81bc-b95bafc99df1,15,4.0,,,,101.56,50.38,53.26,48.28,50.85,52.21
2025-12-16T18:28:51.948738,Recipe_A,a717ca67-edd7-4f3d-81bc-b95bafc99df1,15,4.0,,,,97.85,54.66,51.8,46.25,61.93,61.08
2025-12-16T18:28:52.948738,Recipe_A,a717ca67-edd7-4f3d-81bc-b95bafc99df1,15,4.0,,,,97.56,44.24,48.98,54.88,56.42,53.45
2025-12-16T18:28:53.948738,Recipe_A,a717ca67-edd7-4f3d-81bc-b95bafc99df1,15,4.0,,,,102.3,52.57,62.25,41.46,50.87,56.91
2025-12-16T18:28:54.948738,Recipe_A,a717ca67-edd7-4f3d-81bc-b95bafc99df1,15,4.0,,,,98.99,49.75,56.08,57.68,52.71,55.12
2025-12-16T18:28:55.948738,Recipe_A,a717ca67-edd7-4f3d-81bc-b95bafc99df1,15,4.0,,,,109.72,47.74,56.06,53.23,49.43,48.63
2025-12-16T18:28:56.948738,Recipe_A,a717ca67-edd7-4f3d-81bc-b95bafc99df1,15,4.0,,,,89.93,57.62,43.76,52.17,47.52,48.46
2025-12-16T18:28:57.948738,Recipe_A,a717ca67-edd7-4f3d-81bc-b95bafc99df1,15,4.0,,,,96.61,59.33,55.84,41.65,49.48,50.19
2025-12-16T18:28:58.948738,Recipe_A,a717ca67-edd7-4f3d-81bc-b95bafc99df1,15,4.0,,,,103.81,49.43,46.41,45.85,46.05,51.92
2025-12-16T18:28:59.948738,Recipe_A,a717ca67-edd7-4f3d-81bc-b95bafc99df1,15,4.0,,,,103.01,54.91,36.37,47.45,57.19,50.26
2025-12-16T18:29:00.948738,Recipe_A,a717ca67-edd7-4f3d-81bc-b95bafc99df1,15,4.0,,,,98.98,52.47,50.85,48.41,39.28,48.83
2025-12-16T18:29:01.948738,Recipe_A,a717ca67-edd7-4f3d-81bc-b95bafc99df1,15,4.0,,,,100.1,47.84,46.08,53.13,51.41,53.02
2025-12-16T18:29:02.948738,Recipe_A,a717ca67-edd7-4f3d-81bc-b95bafc99df1,15,4.0,,,,94.24,54.72,45.77,41.47,50.76,55.3
2025-12-16T18:29:03.948738,Recipe_A,a717ca67-edd7-4f3d-81bc-b95bafc99df1,15,4.0,,,,93.35,48.34,45.17,49.7,53.67,48.73
2025-12-16T18:29:04.948738,Recipe_A,a717ca67-edd7-4f3d-81bc-b95bafc99df1,15,4.0,,,,105.43,46.73,47.6,53.29,49.33,37.24
2025-12-16T18:29:05.948738,Recipe_A,a717ca67-edd7-4f3d-81bc-b95bafc99df1,15,4.0,,,,100.23,48.51,51.46,51.49,46.49,51.42
2025-12-16T18:29:06.948738,Recipe_A,a717ca67-edd7-4f3d-81bc-b95bafc99df1,15,5.0,,,,10.39,12.19,9.22,8.21,9.73,8.5
2025-12-16T18:29:07.948738,Recipe_A,a717ca67-edd7-4f3d-81bc-b95bafc99df1,15,5.0,,,,10.68,11.68,9.73,7.82,10.44,11.74
2025-12-16T18:29:08.948738,Recipe_A,a717ca67-edd7-4f3d-81bc-b95bafc99df1,15,5.0,,,,8.44,9.03,5.57,8.33,7.71,9.03
2025-12-16T18:29:09.948738,Recipe_A,a717ca67-edd7-4f3d-81bc-b95bafc99df1,15,5.0,,,,7.21,9.48,9.05,13.78,10.36,13.01
2025-12-16T18:29:10.948738,Recipe_A,a717ca67-edd7-4f3d-81bc-b95bafc99df1,15,5.0,,,,7.82,12.41,8.47,9.41,7.52,12.18
2025-12-16T18:29:11.948738,Recipe_A,a717ca67-edd7-4f3d-81bc-b95bafc99df1,15,5.0,,,,11.12,7.75,7.21,10.74,8.18,11.52
2025-12-16T18:29:12.948738,Recipe_A,a717ca67-edd7-4f3d-81bc-b95bafc99df1,15,5.0,,,,10.82,10.4,9.64,8.07,8.39,8.93
2025-12-16T18:29:13.948738,Recipe_A,a717ca67-edd7-4f3d-81bc-b95bafc99df1,15,5.0,,,,11.09,10.44,12.41,9.01,13.96,7.74
2025-12-16T18:29:14.948738,Recipe_A,a717ca67-edd7-4f3d-81bc-b95bafc99df1,15,5.0,,,,10.51,10.64,9.23,9.88,7.73,5.5
2025-12-16T18:29:15.948738,Recipe_A,a717ca67-edd7-4f3d-81bc-b95bafc99df1,15,5.0,,,,12.38,10.31,6.96,11.25,9.44,11.71
2025-12-16T18:29:16.948738,Recipe_A,a717ca67-edd7-4f3d-81bc-b95bafc99df1,15,5.0,,,,6.21,7.84,10.45,13.7,7.95,9.71
2025-12-16T18:29:17.948738,Recipe_A,a717ca67-edd7-4f3d-81bc-b95bafc99df1,15,5.0,,,,11.36,11.64,10.09,10.48,11.24,9.64
2025-12-16T18:29:18.948738,Recipe_A,a717ca67-edd7-4f3d-81bc-b95bafc99df1,15,5.0,,,,7.23,10.62,10.33,11.7,11.45,8.43
2025-12-16T18:29:19.948738,Recipe_A,a717ca67-edd7-4f3d-81bc-b95bafc99df1,15,1.0,,,,10.59,12.77,8.48,11.99,9.66,10.91
2025-12-16T18:29:20.948738,Recipe_A,a717ca67-edd7-4f3d-81bc-b95bafc99df1,15,1.0,,,,9.73,9.02,9.02,8.88,11.56,8.21
2025-12-16T18:29:21.948738,Recipe_A,a717ca67-edd7-4f3d-81bc-b95bafc99df1,15,1.0,,,,7.59,12.25,13.47,10.62,10.34,12.15
2025-12-16T18:29:22.948738,Recipe_A,a717ca67-edd7-4f3d-81bc-b95bafc99df1,15,1.0,,,,11.76,9.43,12.72,14.31,7.92,13.18
2025-12-16T18:29:23.948738,Recipe_A,a717ca67-edd7-4f3d-81bc-b95bafc99df1,15,1.0,,,,10.04,9.99,10.05,5.93,9.82,10.07
2025-12-16T18:29:23.948738,Recipe_A,a717ca67-edd7-4f3d-81bc-b95bafc99df1,15,1.0,Warning_1,Simulated Warning occurred,Warning,,,,,,
2025-12-16T18:29:24.948738,Recipe_A,a717ca67-edd7-4f3d-81bc-b95bafc99df1,15,1.0,,,,10.66,12.19,7.78,12.33,9.61,9.42
2025-12-16T18:29:25.948738,Recipe_A,a717ca67-edd7-4f3d-81bc-b95bafc99df1,15,1.0,,,,11.93,8.71,11.06,11.38,9.5,7.27
2025-12-16T18:29:26.948738,Recipe_A,a717ca67-edd7-4f3d-81bc-b95bafc99df1,15,1.0,,,,8.16,11.94,9.09,9.4,10.2,9.83
2025-12-16T18:29:27.948738,Recipe_A,a717ca67-edd7-4f3d-81bc-b95bafc99df1,15,1.0,,,,10.86,6.87,9.65,5.66,11.61,13.15
2025-12-16T18:29:28.948738,Recipe_A,a717ca67-edd7-4f3d-81bc-b95bafc99df1,15,1.0,,,,9.99,13.21,12.04,10.85,6.29,11.28
2025-12-16T18:29:29.948738,Recipe_A,a717ca67-edd7-4f3d-81bc-b95bafc99df1,15,1.0,,,,11.74,6.63,14.25,8.71,10.6,8.38
2025-12-16T18:29:30.948738,Recipe_A,a717ca67-edd7-4f3d-81bc-b95bafc99df1,15,1.0,,,,6.68,14.84,8.99,9.57,11.21,10.98
2025-12-16T18:29:31.948738,Recipe_A,a717ca67-edd7-4f3d-81bc-b95bafc99df1,15,1.0,,,,12.47,10.6,10.71,12.36,12.95,7.28
2025-12-16T18:29:32.948738,Recipe_A,a717ca67-edd7-4f3d-81bc-b95bafc99df1,15,1.0,,,,12.12,6.9,7.1,9.35,13.8,9.27
2025-12-16T18:29:33.948738,Recipe_A,a717ca67-edd7-4f3d-81bc-b95bafc99df1,15,1.0,,,,12.26,8.47,12.75,8.23,8.64,8.62
2025-12-16T18:29:34.948738,Recipe_A,a717ca67-edd7-4f3d-81bc-b95bafc99df1,15,1.0,,,,10.09,11.2,8.53,8.85,11.82,12.17
2025-12-16T18:29:35.948738,Recipe_A,a717ca67-edd7-4f3d-81bc-b95bafc99df1,15,1.0,,,,12.53,7.25,14.41,9.13,8.24,12.31
2025-12-16T18:29:36.948738,Recipe_A,a717ca67-edd7-4f3d-81bc-b95bafc99df1,15,1.0,,,,9.11,14.61,7.35,11.27,6.11,9.76
2025-12-16T18:29:37.948738,Recipe_A,a717ca67-edd7-4f3d-81bc-b95bafc99df1,15,1.0,,,,10.66,7.35,8.22,12.33,11.54,14.11
2025-12-16T18:29:38.948738,Recipe_A,a717ca67-edd7-4f3d-81bc-b95bafc99df1,15,1.0,,,,8.76,8.95,10.2,9.45,11.51,10.68
2025-12-16T18:29:38.948738,Recipe_A,a717ca67-edd7-4f3d-81bc-b95bafc99df1,15,1.0,Error_8,Simulated Error occurred,Error,,,,,,
2025-12-16T18:29:39.948738,Recipe_A,a717ca67-edd7-4f3d-81bc-b95bafc99df1,15,1.0,,,,10.66,8.15,11.57,10.64,9.61,7.49
2025-12-16T18:29:40.948738,Recipe_A,a717ca67-edd7-4f3d-81bc-b95bafc99df1,15,1.0,,,,11.56,15.49,12.0,9.15,11.31,11.11
2025-12-16T18:29:41.948738,Recipe_A,a717ca67-edd7-4f3d-81bc-b95bafc99df1,15,1.0,,,,9.48,12.02,11.17,9.1,9.37,6.45
2025-12-16T18:29:42.948738,Recipe_A,a717ca67-edd7-4f3d-81bc-b95bafc99df1,15,1.0,,,,11.4,11.85,9.82,6.02,10.64,11.58
2025-12-16T18:29:43.948738,Recipe_A,a717ca67-edd7-4f3d-81bc-b95bafc99df1,15,1.0,,,,10.85,10.84,10.63,9.06,8.77,7.73
2025-12-16T18:29:44.948738,Recipe_A,a717ca67-edd7-4f3d-81bc-b95bafc99df1,15,1.0,,,,9.94,7.79,7.38,13.98,11.8,8.31
2025-12-16T18:29:45.948738,Recipe_A,a717ca67-edd7-4f3d-81bc-b95bafc99df1,15,1.0,,,,7.43,10.89,12.36,5.56,8.49,11.37
2025-12-16T18:29:46.948738,Recipe_A,a717ca67-edd7-4f3d-81bc-b95bafc99df1,15,1.0,,,,13.32,10.2,11.62,6.94,8.04,8.67
2025-12-16T18:29:47.948738,Recipe_A,a717ca67-edd7-4f3d-81bc-b95bafc99df1,15,1.0,,,,11.34,11.62,11.85,8.73,11.73,8.12
2025-12-16T18:29:48.948738,Recipe_A,a717ca67-edd7-4f3d-81bc-b95bafc99df1,15,1.0,,,,9.75,8.85,10.13,9.76,14.34,10.05
2025-12-16T18:29:49.948738,Recipe_A,a717ca67-edd7-4f3d-81bc-b95bafc99df1,15,1.0,,,,11.15,10.07,6.55,11.21,11.29,7.28
2025-12-16T18:29:50.948738,Recipe_A,a717ca67-edd7-4f3d-81bc-b95bafc99df1,15,4.0,,,,101.16,52.17,53.36,38.16,55.04,46.54
2025-12-16T18:29:51.948738,Recipe_A,a717ca67-edd7-4f3d-81bc-b95bafc99df1,15,4.0,,,,103.13,50.52,50.18,41.21,49.89,46.32
2025-12-16T18:29:52.948738,Recipe_A,a717ca67-edd7-4f3d-81bc-b95bafc99df1,15,4.0,,,,104.37,52.38,51.74,46.31,54.85,51.52
2025-12-16T18:29:53.948738,Recipe_A,a717ca67-edd7-4f3d-81bc-b95bafc99df1,15,4.0,,,,100.17,42.71,55.35,45.24,51.92,53.0
2025-12-16T18:29:54.948738,Recipe_A,a717ca67-edd7-4f3d-81bc-b95bafc99df1,15,2.0,,,,7.57,12.65,12.9,9.64,14.67,8.29
2025-12-16T18:29:55.948738,Recipe_A,a717ca67-edd7-4f3d-81bc-b95bafc99df1,15,2.0,,,,8.78,10.06,10.28,10.64,8.57,9.09
2025-12-16T18:29:56.948738,Recipe_A,a717ca67-edd7-4f3d-81bc-b95bafc99df1,15,2.0,,,,9.61,10.19,13.65,7.24,8.03,12.32
2025-12-16T18:29:57.948738,Recipe_A,a717ca67-edd7-4f3d-81bc-b95bafc99df1,15,2.0,,,,11.79,9.94,9.86,5.53,8.35,8.48
2025-12-16T18:29:58.948738,Recipe_A,a717ca67-edd7-4f3d-81bc-b95bafc99df1,15,2.0,,,,9.82,8.82,9.37,8.89,12.88,12.29
2025-12-16T18:29:59.948738,Recipe_A,a717ca67-edd7-4f3d-81bc-b95bafc99df1,15,2.0,,,,8.25,12.1,9.96,9.64,7.73,9.17
2025-12-16T18:30:00.948738,Recipe_A,a717ca67-edd7-4f3d-81bc-b95bafc99df1,15,2.0,,,,8.93,7.53,11.33,10.87,8.24,10.94
2025-12-16T18:30:01.948738,Recipe_A,a717ca67-edd7-4f3d-81bc-b95bafc99df1,15,2.0,,,,12.71,9.84,11.8,10.2,7.86,11.27
2025-12-16T18:30:02.948738,Recipe_A,a717ca67-edd7-4f3d-81bc-b95bafc99df1,15,2.0,,,,10.41,9.63,11.59,10.66,12.16,12.88
2025-12-16T18:30:03.948738,Recipe_A,a717ca67-edd7-4f3d-81bc-b95bafc99df1,15,2.0,,,,9.56,10.86,9.33,10.84,7.36,11.04
2025-12-16T18:30:04.948738,Recipe_A,a717ca67-edd7-4f3d-81bc-b95bafc99df1,15,2.0,,,,8.63,12.14,10.75,10.24,14.04,9.53
2025-12-16T18:30:05.948738,Recipe_A,a717ca67-edd7-4f3d-81bc-b95bafc99df1,15,2.0,,,,5.97,7.94,13.24,12.12,10.96,6.94
2025-12-16T18:30:06.948738,Recipe_A,a717ca67-edd7-4f3d-81bc-b95bafc99df1,15,1.0,,,,9.24,9.15,6.21,14.93,8.65,5.09
2025-12-16T18:30:07.948738,Recipe_A,a717ca67-edd7-4f3d-81bc-b95bafc99df1,15,1.0,,,,9.14,8.44,11.34,8.0,5.54,10.33
2025-12-16T18:30:08.948738,Recipe_A,a717ca67-edd7-4f3d-81bc-b95bafc99df1,15,1.0,,,,10.73,9.14,10.84,11.15,7.22,9.63
2025-12-16T18:30:09.948738,Recipe_A,a717ca67-edd7-4f3d-81bc-b95bafc99df1,15,1.0,,,,10.16,6.68,9.01,8.49,9.97,8.65
2025-12-16T18:30:10.948738,Recipe_A,a717ca67-edd7-4f3d-81bc-b95bafc99df1,15,1.0,,,,9.5,10.4,9.42,9.47,9.16,7.9
2025-12-16T18:30:11.948738,Recipe_A,a717ca67-edd7-4f3d-81bc-b95bafc99df1,15,1.0,,,,7.58,11.25,11.16,11.34,11.35,9.85
2025-12-16T18:30:12.948738,Recipe_A,a717ca67-edd7-4f3d-81bc-b95bafc99df1,15,1.0,,,,7.75,8.95,8.13,11.14,11.89,9.76
2025-12-16T18:30:13.948738,Recipe_A,a717ca67-edd7-4f3d-81bc-b95bafc99df1,15,1.0,,,,6.35,9.79,7.82,13.47,11.13,10.82
2025-12-16T18:30:14.948738,Recipe_A,a717ca67-edd7-4f3d-81bc-b95bafc99df1,15,1.0,,,,8.15,10.94,8.68,9.03,11.63,12.04
2025-12-16T18:30:15.948738,Recipe_A,a717ca67-edd7-4f3d-81bc-b95bafc99df1,15,1.0,,,,7.91,10.87,8.87,7.72,11.48,8.79
2025-12-16T18:30:16.948738,Recipe_A,a717ca67-edd7-4f3d-81bc-b95bafc99df1,15,1.0,,,,11.14,8.47,11.57,10.99,11.92,14.03
2025-12-16T18:30:17.948738,Recipe_A,a717ca67-edd7-4f3d-81bc-b95bafc99df1,15,1.0,,,,8.08,7.82,12.41,9.59,9.15,9.84
2025-12-16T18:30:18.948738,Recipe_A,a717ca67-edd7-4f3d-81bc-b95bafc99df1,15,1.0,,,,7.67,10.72,9.66,11.99,9.62,10.01
2025-12-16T18:30:19.948738,Recipe_A,a717ca67-edd7-4f3d-81bc-b95bafc99df1,15,1.0,,,,11.15,11.53,6.53,8.87,11.12,9.7
2025-12-16T18:30:20.948738,Recipe_A,a717ca67-edd7-4f3d-81bc-b95bafc99df1,15,1.0,,,,10.17,6.73,10.12,11.05,12.67,11.39
2025-12-16T18:30:21.948738,Recipe_A,a717ca67-edd7-4f3d-81bc-b95bafc99df1,15,1.0,,,,10.51,6.57,12.66,11.52,9.84,9.96
2025-12-16T18:30:22.948738,Recipe_A,a717ca67-edd7-4f3d-81bc-b95bafc99df1,15,1.0,,,,7.72,12.29,10.93,10.53,8.01,10.72
2025-12-16T18:30:23.948738,Recipe_A,a717ca67-edd7-4f3d-81bc-b95bafc99df1,15,1.0,,,,12.65,10.11,9.15,6.16,7.29,7.42
2025-12-16T18:30:24.948738,Recipe_A,a717ca67-edd7-4f3d-81bc-b95bafc99df1,15,1.0,,,,8.61,7.52,9.61,10.79,11.66,7.54
2025-12-16T18:30:25.948738,Recipe_A,a717ca67-edd7-4f3d-81bc-b95bafc99df1,15,1.0,,,,11.47,7.76,9.7,8.96,10.74,9.16
2025-12-16T18:30:25.948738,Recipe_A,a717ca67-edd7-4f3d-81bc-b95bafc99df1,15,1.0,Warning_6,Simulated Warning occurred,Warning,,,,,,
2025-12-16T18:30:26.948738,Recipe_A,a717ca67-edd7-4f3d-81bc-b95bafc99df1,15,1.0,,,,8.15,10.86,9.63,8.74,11.89,7.16
2025-12-16T18:30:27.948738,Recipe_A,a717ca67-edd7-4f3d-81bc-b95bafc99df1,15,1.0,,,,7.3,7.93,12.18,5.43,13.62,11.28
2025-12-16T18:30:28.948738,Recipe_A,a717ca67-edd7-4f3d-81bc-b95bafc99df1,15,1.0,,,,7.8,4.82,5.81,9.62,11.26,7.16
2025-12-16T18:30:29.948738,Recipe_A,a717ca67-edd7-4f3d-81bc-b95bafc99df1,15,1.0,,,,7.66,11.76,10.89,8.76,10.36,13.91
2025-12-16T18:30:30.948738,Recipe_A,a717ca67-edd7-4f3d-81bc-b95bafc99df1,15,1.0,,,,8.96,7.95,10.68,7.12,6.93,11.46
2025-12-16T18:30:31.948738,Recipe_A,a717ca67-edd7-4f3d-81bc-b95bafc99df1,15,1.0,,,,11.09,10.81,13.61,9.07,11.17,12.16
2025-12-16T18:30:32.948738,Recipe_A,a717ca67-edd7-4f3d-81bc-b95bafc99df1,15,2.0,,,,10.7,13.71,7.86,12.83,6.36,8.89
2025-12-16T18:30:33.948738,Recipe_A,a717ca67-edd7-4f3d-81bc-b95bafc99df1,15,2.0,,,,7.78,7.88,7.82,11.95,6.56,7.38
2025-12-16T18:30:34.948738,Recipe_A,a717ca67-edd7-4f3d-81bc-b95bafc99df1,15,2.0,,,,7.47,11.17,9.81,9.32,9.15,9.35
2025-12-16T18:30:35.948738,Recipe_A,a717ca67-edd7-4f3d-81bc-b95bafc99df1,15,2.0,,,,13.27,11.12,16.29,10.73,7.83,14.52
2025-12-16T18:30:36.948738,Recipe_A,a717ca67-edd7-4f3d-81bc-b95bafc99df1,15,1.0,,,,7.4,5.93,9.31,10.28,11.34,13.26
2025-12-16T18:30:37.948738,Recipe_A,a717ca67-edd7-4f3d-81bc-b95bafc99df1,15,1.0,,,,9.22,9.44,9.3,9.21,10.69,13.22
2025-12-16T18:30:38.948738,Recipe_A,a717ca67-edd7-4f3d-81bc-b95bafc99df1,15,1.0,,,,7.66,10.57,10.03,10.96,9.69,9.63
2025-12-16T18:30:39.948738,Recipe_A,a717ca67-edd7-4f3d-81bc-b95bafc99df1,15,1.0,,,,13.9,12.6,10.51,8.34,10.22,8.97
2025-12-16T18:30:40.948738,Recipe_A,a717ca67-edd7-4f3d-81bc-b95bafc99df1,15,1.0,,,,7.24,10.55,12.42,9.56,9.09,11.85
2025-12-16T18:30:41.948738,Recipe_A,a717ca67-edd7-4f3d-81bc-b95bafc99df1,15,1.0,,,,6.11,11.85,11.08,10.55,8.81,8.98
2025-12-16T18:30:42.948738,Recipe_A,a717ca67-edd7-4f3d-81bc-b95bafc99df1,15,1.0,,,,12.76,7.64,12.77,10.76,9.53,10.4
2025-12-16T18:30:43.948738,Recipe_A,a717ca67-edd7-4f3d-81bc-b95bafc99df1,15,1.0,,,,8.95,10.04,10.77,11.0,8.26,11.03
2025-12-16T18:30:44.948738,Recipe_A,a717ca67-edd7-4f3d-81bc-b95bafc99df1,15,1.0,,,,5.64,8.98,10.07,9.92,11.48,9.82
2025-12-16T18:30:45.948738,Recipe_A,a717ca67-edd7-4f3d-81bc-b95bafc99df1,15,1.0,,,,7.49,9.49,9.93,12.7,11.24,11.38
2025-12-16T18:30:46.948738,Recipe_A,a717ca67-edd7-4f3d-81bc-b95bafc99df1,15,1.0,,,,11.56,9.83,10.24,13.29,8.15,9.9
2025-12-16T18:30:47.948738,Recipe_A,a717ca67-edd7-4f3d-81bc-b95bafc99df1,15,1.0,,,,9.48,7.93,10.36,11.39,11.24,10.9
2025-12-16T18:30:48.948738,Recipe_A,a717ca67-edd7-4f3d-81bc-b95bafc99df1,15,1.0,,,,8.31,7.15,11.43,7.04,9.97,10.29
2025-12-16T18:30:49.948738,Recipe_A,a717ca67-edd7-4f3d-81bc-b95bafc99df1,15,1.0,,,,11.75,13.33,10.54,10.6,7.4,7.99
2025-12-16T18:30:50.948738,Recipe_A,a717ca67-edd7-4f3d-81bc-b95bafc99df1,15,1.0,,,,9.02,11.26,10.31,9.63,8.26,10.85
2025-12-16T18:30:51.948738,Recipe_A,a717ca67-edd7-4f3d-81bc-b95bafc99df1,15,1.0,,,,7.82,10.94,13.84,12.45,9.4,8.71
2025-12-16T18:30:52.948738,Recipe_A,a717ca67-edd7-4f3d-81bc-b95bafc99df1,15,1.0,,,,5.5,8.84,7.25,11.23,12.15,9.85
2025-12-16T18:30:53.948738,Recipe_A,a717ca67-edd7-4f3d-81bc-b95bafc99df1,15,1.0,,,,9.97,12.73,10.61,13.11,9.76,7.87
2025-12-16T18:30:54.948738,Recipe_A,a717ca67-edd7-4f3d-81bc-b95bafc99df1,15,1.0,,,,10.88,10.15,10.34,8.61,11.85,11.2
2025-12-16T18:30:55.948738,Recipe_A,a717ca67-edd7-4f3d-81bc-b95bafc99df1,15,1.0,,,,7.12,11.01,8.06,9.05,13.02,9.86
2025-12-16T18:30:56.948738,Recipe_A,a717ca67-edd7-4f3d-81bc-b95bafc99df1,15,1.0,,,,11.95,10.19,10.31,10.84,11.6,11.15
2025-12-16T18:30:57.948738,Recipe_A,a717ca67-edd7-4f3d-81bc-b95bafc99df1,15,1.0,,,,8.31,12.81,9.58,9.23,13.08,10.35
2025-12-16T18:30:58.948738,Recipe_A,a717ca67-edd7-4f3d-81bc-b95bafc99df1,15,1.0,,,,9.39,10.47,11.11,11.15,11.75,12.98
2025-12-16T18:30:59.948738,Recipe_A,a717ca67-edd7-4f3d-81bc-b95bafc99df1,15,1.0,,,,9.42,8.2,9.26,6.38,12.13,11.5
2025-12-16T18:31:00.948738,Recipe_A,a717ca67-edd7-4f3d-81bc-b95bafc99df1,15,1.0,,,,8.67,9.6,11.57,9.11,10.11,8.83
2025-12-16T18:31:01.948738,Recipe_A,a717ca67-edd7-4f3d-81bc-b95bafc99df1,15,1.0,,,,12.28,8.54,8.96,9.76,14.2,14.21
2025-12-16T18:31:02.948738,Recipe_A,a717ca67-edd7-4f3d-81bc-b95bafc99df1,15,1.0,,,,11.54,11.23,9.37,9.74,11.45,11.44
2025-12-16T18:31:03.948738,Recipe_A,a717ca67-edd7-4f3d-81bc-b95bafc99df1,15,1.0,,,,7.5,10.77,12.96,10.98,10.5,8.28
2025-12-16T18:31:04.948738,Recipe_A,a717ca67-edd7-4f3d-81bc-b95bafc99df1,15,1.0,,,,15.37,7.62,10.41,9.2,8.25,7.99
2025-12-16T18:31:05.948738,Recipe_A,a717ca67-edd7-4f3d-81bc-b95bafc99df1,15,1.0,,,,9.26,8.47,9.87,10.52,9.45,12.89
2025-12-16T18:31:06.948738,Recipe_A,a717ca67-edd7-4f3d-81bc-b95bafc99df1,15,1.0,,,,7.86,8.46,9.98,10.98,9.33,10.99
2025-12-16T18:31:07.948738,Recipe_A,a717ca67-edd7-4f3d-81bc-b95bafc99df1,15,1.0,,,,8.91,12.47,11.99,9.43,11.9,14.06
2025-12-16T18:31:08.948738,Recipe_A,a717ca67-edd7-4f3d-81bc-b95bafc99df1,15,1.0,,,,9.1,10.27,6.47,11.72,11.0,7.48
2025-12-16T18:31:09.948738,Recipe_A,a717ca67-edd7-4f3d-81bc-b95bafc99df1,15,1.0,,,,8.88,9.19,9.61,10.73,9.92,9.37
2025-12-16T18:31:10.948738,Recipe_A,a717ca67-edd7-4f3d-81bc-b95bafc99df1,15,1.0,,,,10.6,8.0,10.7,12.48,13.04,11.04
2025-12-16T18:31:11.948738,Recipe_A,a717ca67-edd7-4f3d-81bc-b95bafc99df1,15,1.0,,,,12.29,8.65,8.26,9.39,8.01,10.77
2025-12-16T18:31:12.948738,Recipe_A,a717ca67-edd7-4f3d-81bc-b95bafc99df1,15,1.0,,,,9.51,13.77,8.13,10.83,13.59,10.24
2025-12-16T18:31:13.948738,Recipe_A,a717ca67-edd7-4f3d-81bc-b95bafc99df1,15,1.0,,,,7.62,10.7,11.01,8.18,9.85,11.66
2025-12-16T18:31:14.948738,Recipe_A,a717ca67-edd7-4f3d-81bc-b95bafc99df1,15,1.0,,,,9.39,10.5,6.49,11.54,5.13,11.22
2025-12-16T18:31:15.948738,Recipe_A,a717ca67-edd7-4f3d-81bc-b95bafc99df1,15,1.0,,,,9.74,9.82,9.47,9.14,10.66,10.18
2025-12-16T18:31:16.948738,Recipe_A,a717ca67-edd7-4f3d-81bc-b95bafc99df1,15,1.0,,,,6.45,13.44,11.36,10.73,9.02,9.8
2025-12-16T18:31:17.948738,Recipe_A,a717ca67-edd7-4f3d-81bc-b95bafc99df1,15,1.0,,,,7.83,8.07,10.67,7.96,9.62,11.61
2025-12-16T18:31:18.948738,Recipe_A,a717ca67-edd7-4f3d-81bc-b95bafc99df1,15,1.0,,,,11.22,5.86,9.48,11.28,9.81,6.85
2025-12-16T18:31:19.948738,Recipe_A,a717ca67-edd7-4f3d-81bc-b95bafc99df1,15,1.0,,,,11.3,12.33,9.67,9.59,10.59,10.31
2025-12-16T18:31:20.948738,Recipe_A,a717ca67-edd7-4f3d-81bc-b95bafc99df1,15,1.0,,,,9.25,10.47,8.28,9.57,12.65,7.5
2025-12-16T18:31:21.948738,Recipe_A,a717ca67-edd7-4f3d-81bc-b95bafc99df1,15,1.0,,,,12.33,9.9,6.88,9.64,11.95,10.79
2025-12-16T18:31:22.948738,Recipe_A,a717ca67-edd7-4f3d-81bc-b95bafc99df1,15,1.0,,,,13.52,11.43,13.48,12.59,9.81,11.87
2025-12-16T18:31:23.948738,Recipe_A,a717ca67-edd7-4f3d-81bc-b95bafc99df1,15,1.0,,,,12.15,10.48,12.67,11.51,10.06,5.87
2025-12-16T18:31:24.948738,Recipe_A,a717ca67-edd7-4f3d-81bc-b95bafc99df1,15,1.0,,,,10.72,10.04,8.98,12.58,7.49,9.96
2025-12-16T18:31:25.948738,Recipe_A,a717ca67-edd7-4f3d-81bc-b95bafc99df1,15,1.0,,,,12.26,10.79,7.38,11.74,11.38,12.96
2025-12-16T18:31:26.948738,Recipe_A,a717ca67-edd7-4f3d-81bc-b95bafc99df1,15,1.0,,,,7.39,10.88,11.19,10.24,7.31,7.52
2025-12-16T18:31:27.948738,Recipe_A,a717ca67-edd7-4f3d-81bc-b95bafc99df1,15,1.0,,,,10.55,11.7,9.12,8.68,8.63,10.58
2025-12-16T18:31:28.948738,Recipe_A,a717ca67-edd7-4f3d-81bc-b95bafc99df1,15,1.0,,,,11.86,9.6,8.58,9.26,11.71,10.3
2025-12-16T18:31:29.948738,Recipe_A,a717ca67-edd7-4f3d-81bc-b95bafc99df1,15,1.0,,,,8.67,8.24,7.88,8.17,10.08,9.72
2025-12-16T18:31:30.948738,Recipe_A,a717ca67-edd7-4f3d-81bc-b95bafc99df1,15,1.0,,,,10.83,8.82,14.42,8.05,8.9,11.11
2025-12-16T18:31:31.948738,Recipe_A,a717ca67-edd7-4f3d-81bc-b95bafc99df1,15,1.0,,,,13.64,9.09,6.18,13.37,12.46,8.85
2025-12-16T18:31:32.948738,Recipe_A,a717ca67-edd7-4f3d-81bc-b95bafc99df1,15,1.0,,,,7.62,12.79,8.89,11.31,9.79,9.83
2025-12-16T18:31:33.948738,Recipe_A,a717ca67-edd7-4f3d-81bc-b95bafc99df1,15,3.0,,,,11.03,14.13,13.03,10.04,8.1,8.52
2025-12-16T18:31:34.948738,Recipe_A,a717ca67-edd7-4f3d-81bc-b95bafc99df1,15,3.0,,,,7.63,8.56,11.55,9.71,9.71,12.93
2025-12-16T18:31:35.948738,Recipe_A,a717ca67-edd7-4f3d-81bc-b95bafc99df1,15,3.0,,,,11.28,8.43,12.95,11.1,9.08,10.12
2025-12-16T18:31:36.948738,Recipe_A,a717ca67-edd7-4f3d-81bc-b95bafc99df1,15,3.0,,,,10.65,14.44,13.32,6.35,13.37,9.28
2025-12-16T18:31:37.948738,Recipe_A,a717ca67-edd7-4f3d-81bc-b95bafc99df1,15,3.0,,,,12.96,8.08,13.79,12.81,8.66,7.31
2025-12-16T18:31:38.948738,Recipe_A,a717ca67-edd7-4f3d-81bc-b95bafc99df1,15,3.0,,,,10.47,10.87,8.66,9.38,11.29,10.39
2025-12-16T18:31:39.948738,Recipe_A,a717ca67-edd7-4f3d-81bc-b95bafc99df1,15,3.0,,,,12.61,12.47,8.71,10.47,10.0,9.74
2025-12-16T18:31:40.948738,Recipe_A,a717ca67-edd7-4f3d-81bc-b95bafc99df1,15,3.0,,,,12.11,12.07,12.53,7.33,9.96,6.4
2025-12-16T18:31:41.948738,Recipe_A,a717ca67-edd7-4f3d-81bc-b95bafc99df1,15,3.0,,,,11.57,8.84,4.94,12.29,11.31,8.35
2025-12-16T18:31:42.948738,Recipe_A,a717ca67-edd7-4f3d-81bc-b95bafc99df1,15,3.0,,,,10.35,12.54,7.7,12.4,10.01,5.68
2025-12-16T18:31:43.948738,Recipe_A,a717ca67-edd7-4f3d-81bc-b95bafc99df1,15,3.0,,,,9.99,11.74,7.14,9.82,10.95,11.34
2025-12-16T18:31:44.948738,Recipe_A,a717ca67-edd7-4f3d-81bc-b95bafc99df1,15,3.0,,,,11.33,10.3,6.5,9.63,11.15,13.49
2025-12-16T18:31:45.948738,Recipe_A,a717ca67-edd7-4f3d-81bc-b95bafc99df1,15,3.0,,,,9.85,10.58,7.35,11.36,11.21,8.41
2025-12-16T18:31:46.948738,Recipe_A,a717ca67-edd7-4f3d-81bc-b95bafc99df1,15,3.0,,,,9.43,11.51,9.11,12.75,9.42,8.57
2025-12-16T18:31:47.948738,Recipe_A,a717ca67-edd7-4f3d-81bc-b95bafc99df1,15,0.0,,,,0.0,0.0,0.0,0.0,0.0,0.0
2025-12-16T18:31:48.948738,Recipe_A,a717ca67-edd7-4f3d-81bc-b95bafc99df1,15,3.0,,,,10.12,13.98,11.37,9.19,7.51,11.53
2025-12-16T18:31:49.948738,Recipe_A,a717ca67-edd7-4f3d-81bc-b95bafc99df1,15,3.0,,,,9.12,9.23,9.64,8.53,11.24,10.31
2025-12-16T18:31:50.948738,Recipe_A,a717ca67-edd7-4f3d-81bc-b95bafc99df1,15,3.0,,,,10.96,5.94,12.63,9.09,11.76,12.15
2025-12-16T18:31:51.948738,Recipe_A,a717ca67-edd7-4f3d-81bc-b95bafc99df1,15,3.0,,,,12.24,10.43,7.96,12.96,11.88,8.34
2025-12-16T18:31:52.948738,Recipe_A,a717ca67-edd7-4f3d-81bc-b95bafc99df1,15,3.0,,,,12.25,8.67,8.6,13.16,9.6,9.24
2025-12-16T18:31:53.948738,Recipe_A,a717ca67-edd7-4f3d-81bc-b95bafc99df1,15,3.0,,,,10.88,14.05,7.92,12.62,7.22,13.28
2025-12-16T18:31:54.948738,Recipe_A,a717ca67-edd7-4f3d-81bc-b95bafc99df1,15,3.0,,,,8.54,8.97,7.37,6.23,9.25,5.14
2025-12-16T18:31:55.948738,Recipe_A,a717ca67-edd7-4f3d-81bc-b95bafc99df1,15,3.0,,,,9.05,9.78,7.18,10.05,8.71,11.87
2025-12-16T18:31:56.948738,Recipe_A,a717ca67-edd7-4f3d-81bc-b95bafc99df1,15,3.0,,,,10.16,9.71,10.0,6.87,10.31,7.48
2025-12-16T18:31:57.948738,Recipe_A,a717ca67-edd7-4f3d-81bc-b95bafc99df1,15,3.0,,,,10.03,10.97,10.41,10.72,4.77,9.06
2025-12-16T18:31:58.948738,Recipe_A,a717ca67-edd7-4f3d-81bc-b95bafc99df1,15,3.0,,,,8.35,13.3,12.9,10.65,8.77,9.51
2025-12-16T18:31:59.948738,Recipe_A,a717ca67-edd7-4f3d-81bc-b95bafc99df1,15,4.0,,,,99.42,56.94,57.26,41.62,42.74,52.18
2025-12-16T18:32:00.948738,Recipe_A,a717ca67-edd7-4f3d-81bc-b95bafc99df1,15,4.0,,,,95.11,55.33,50.05,46.11,43.48,57.93
2025-12-16T18:32:01.948738,Recipe_A,a717ca67-edd7-4f3d-81bc-b95bafc99df1,15,4.0,,,,95.14,47.82,51.18,51.25,48.71,53.28
2025-12-16T18:32:02.948738,Recipe_A,a717ca67-edd7-4f3d-81bc-b95bafc99df1,15,4.0,,,,108.32,40.68,56.86,61.52,43.41,51.03
2025-12-16T18:32:03.948738,Recipe_A,a717ca67-edd7-4f3d-81bc-b95bafc99df1,15,4.0,,,,102.53,51.43,51.18,54.72,51.86,57.29
2025-12-16T18:32:04.948738,Recipe_A,a717ca67-edd7-4f3d-81bc-b95bafc99df1,15,4.0,,,,105.2,45.77,48.18,46.67,44.55,52.27
2025-12-16T18:32:05.948738,Recipe_A,a717ca67-edd7-4f3d-81bc-b95bafc99df1,15,4.0,,,,100.59,47.77,47.6,54.33,48.08,44.91
2025-12-16T18:32:06.948738,Recipe_A,a717ca67-edd7-4f3d-81bc-b95bafc99df1,15,2.0,,,,12.51,6.87,9.07,8.42,12.94,7.38
2025-12-16T18:32:07.948738,Recipe_A,a717ca67-edd7-4f3d-81bc-b95bafc99df1,15,1.0,,,,9.35,11.29,10.41,7.19,10.1,11.58
2025-12-16T18:32:08.948738,Recipe_A,a717ca67-edd7-4f3d-81bc-b95bafc99df1,15,1.0,,,,8.29,10.04,13.59,8.91,8.48,8.12
2025-12-16T18:32:09.948738,Recipe_A,a717ca67-edd7-4f3d-81bc-b95bafc99df1,15,1.0,,,,9.91,9.76,10.81,10.54,9.85,11.48
2025-12-16T18:32:10.948738,Recipe_A,a717ca67-edd7-4f3d-81bc-b95bafc99df1,15,1.0,,,,7.09,9.31,12.77,8.43,12.34,7.82
2025-12-16T18:32:11.948738,Recipe_A,a717ca67-edd7-4f3d-81bc-b95bafc99df1,15,1.0,,,,9.34,11.78,8.4,13.72,10.61,10.38
2025-12-16T18:32:12.948738,Recipe_A,a717ca67-edd7-4f3d-81bc-b95bafc99df1,15,1.0,,,,7.47,9.72,10.12,13.91,9.62,12.54
2025-12-16T18:32:13.948738,Recipe_A,a717ca67-edd7-4f3d-81bc-b95bafc99df1,15,1.0,,,,12.89,8.34,9.93,11.25,10.71,12.29
2025-12-16T18:32:14.948738,Recipe_A,a717ca67-edd7-4f3d-81bc-b95bafc99df1,15,1.0,,,,10.58,10.8,5.73,10.04,10.16,6.43
2025-12-16T18:32:15.948738,Recipe_A,a717ca67-edd7-4f3d-81bc-b95bafc99df1,15,1.0,,,,9.27,13.0,11.04,10.99,9.73,8.75
2025-12-16T18:32:16.948738,Recipe_A,a717ca67-edd7-4f3d-81bc-b95bafc99df1,15,1.0,,,,6.95,10.38,9.33,13.26,11.98,10.44
2025-12-16T18:32:17.948738,Recipe_A,a717ca67-edd7-4f3d-81bc-b95bafc99df1,15,1.0,,,,5.92,6.63,8.24,9.61,11.91,11.11
2025-12-16T18:32:18.948738,Recipe_A,a717ca67-edd7-4f3d-81bc-b95bafc99df1,15,1.0,,,,9.94,9.18,8.26,3.4,11.71,8.41
2025-12-16T18:32:19.948738,Recipe_A,a717ca67-edd7-4f3d-81bc-b95bafc99df1,15,1.0,,,,9.83,10.51,11.43,12.14,12.75,8.27
2025-12-16T18:32:20.948738,Recipe_A,a717ca67-edd7-4f3d-81bc-b95bafc99df1,15,1.0,,,,10.39,11.29,11.89,14.22,11.96,13.56
2025-12-16T18:32:21.948738,Recipe_A,a717ca67-edd7-4f3d-81bc-b95bafc99df1,15,1.0,,,,8.19,7.34,11.18,12.4,11.13,11.62
2025-12-16T18:32:22.948738,Recipe_A,a717ca67-edd7-4f3d-81bc-b95bafc99df1,15,1.0,,,,11.68,11.41,12.58,10.04,9.0,13.31
2025-12-16T18:32:23.948738,Recipe_A,a717ca67-edd7-4f3d-81bc-b95bafc99df1,15,1.0,,,,10.67,9.7,12.02,10.55,11.91,10.8
2025-12-16T18:32:24.948738,Recipe_A,a717ca67-edd7-4f3d-81bc-b95bafc99df1,15,1.0,,,,6.45,9.55,12.38,8.81,11.47,7.7
2025-12-16T18:32:25.948738,Recipe_A,a717ca67-edd7-4f3d-81bc-b95bafc99df1,15,1.0,,,,8.99,9.53,11.29,11.71,13.03,9.92
2025-12-16T18:32:26.948738,Recipe_A,a717ca67-edd7-4f3d-81bc-b95bafc99df1,15,1.0,,,,10.6,9.29,9.35,11.49,7.18,11.31
2025-12-16T18:32:27.948738,Recipe_A,a717ca67-edd7-4f3d-81bc-b95bafc99df1,15,3.0,,,,10.13,10.48,11.12,11.32,6.8,11.42
2025-12-16T18:32:28.948738,Recipe_A,a717ca67-edd7-4f3d-81bc-b95bafc99df1,15,3.0,,,,12.13,7.01,8.87,6.51,9.83,9.58
2025-12-16T18:32:29.948738,Recipe_A,a717ca67-edd7-4f3d-81bc-b95bafc99df1,15,3.0,,,,10.24,11.18,9.19,9.04,8.38,8.7
2025-12-16T18:32:30.948738,Recipe_A,a717ca67-edd7-4f3d-81bc-b95bafc99df1,15,3.0,,,,9.39,10.4,11.79,6.84,10.23,8.44
2025-12-16T18:32:31.948738,Recipe_A,a717ca67-edd7-4f3d-81bc-b95bafc99df1,15,3.0,,,,8.92,9.5,6.35,14.01,12.66,11.88
2025-12-16T18:32:32.948738,Recipe_A,a717ca67-edd7-4f3d-81bc-b95bafc99df1,15,3.0,,,,9.06,11.78,9.23,7.12,7.71,7.93
2025-12-16T18:32:33.948738,Recipe_A,a717ca67-edd7-4f3d-81bc-b95bafc99df1,15,3.0,,,,9.16,12.73,8.56,8.52,8.49,11.51
2025-12-16T18:32:34.948738,Recipe_A,a717ca67-edd7-4f3d-81bc-b95bafc99df1,15,3.0,,,,6.57,11.62,8.56,8.59,8.41,9.87
2025-12-16T18:32:35.948738,Recipe_A,a717ca67-edd7-4f3d-81bc-b95bafc99df1,15,3.0,,,,11.11,10.48,3.95,8.88,8.63,9.16
2025-12-16T18:32:36.948738,Recipe_A,a717ca67-edd7-4f3d-81bc-b95bafc99df1,15,3.0,,,,9.95,11.13,9.61,7.9,12.52,10.87
2025-12-16T18:32:37.948738,Recipe_A,a717ca67-edd7-4f3d-81bc-b95bafc99df1,15,3.0,,,,8.42,6.2,9.77,10.94,14.03,10.74
2025-12-16T18:32:38.948738,Recipe_A,a717ca67-edd7-4f3d-81bc-b95bafc99df1,15,3.0,,,,9.88,10.86,6.86,10.44,10.35,11.57
2025-12-16T18:32:39.948738,Recipe_A,a717ca67-edd7-4f3d-81bc-b95bafc99df1,15,3.0,,,,8.78,11.37,13.13,12.55,10.67,8.25
2025-12-16T18:32:40.948738,Recipe_A,a717ca67-edd7-4f3d-81bc-b95bafc99df1,15,3.0,,,,6.88,10.29,11.76,7.81,13.09,9.43
2025-12-16T18:32:41.948738,Recipe_A,a717ca67-edd7-4f3d-81bc-b95bafc99df1,15,3.0,,,,9.92,10.0,8.53,8.61,14.34,11.19
2025-12-16T18:32:42.948738,Recipe_A,a717ca67-edd7-4f3d-81bc-b95bafc99df1,15,3.0,,,,11.03,11.63,6.88,9.6,11.67,13.44
2025-12-16T18:32:43.948738,Recipe_A,a717ca67-edd7-4f3d-81bc-b95bafc99df1,15,3.0,,,,9.12,8.02,9.64,10.63,7.48,9.26
2025-12-16T18:32:44.948738,Recipe_A,a717ca67-edd7-4f3d-81bc-b95bafc99df1,15,3.0,,,,11.27,9.96,10.68,11.83,10.85,12.9
2025-12-16T18:32:45.948738,Recipe_A,a717ca67-edd7-4f3d-81bc-b95bafc99df1,15,0.0,,,,0.0,0.0,0.0,0.0,0.0,0.0
2025-12-16T18:32:46.948738,Recipe_A,a717ca67-edd7-4f3d-81bc-b95bafc99df1,15,0.0,,,,0.0,0.0,0.0,0.0,0.0,0.0
2025-12-16T18:32:47.948738,Recipe_A,a717ca67-edd7-4f3d-81bc-b95bafc99df1,15,0.0,,,,0.0,0.0,0.0,0.0,0.0,0.0
2025-12-16T18:32:48.948738,Recipe_A,a717ca67-edd7-4f3d-81bc-b95bafc99df1,15,0.0,,,,0.0,0.0,0.0,0.0,0.0,0.0
2025-12-16T18:32:49.948738,Recipe_A,a717ca67-edd7-4f3d-81bc-b95bafc99df1,15,0.0,,,,0.0,0.0,0.0,0.0,0.0,0.0
2025-12-16T18:32:50.948738,Recipe_A,a717ca67-edd7-4f3d-81bc-b95bafc99df1,15,0.0,,,,0.0,0.0,0.0,0.0,0.0,0.0
2025-12-16T18:32:51.948738,Recipe_A,a717ca67-edd7-4f3d-81bc-b95bafc99df1,15,0.0,,,,0.0,0.0,0.0,0.0,0.0,0.0
2025-12-16T18:32:52.948738,Recipe_A,a717ca67-edd7-4f3d-81bc-b95bafc99df1,15,0.0,,,,0.0,0.0,0.0,0.0,0.0,0.0
2025-12-16T18:32:53.948738,Recipe_A,a717ca67-edd7-4f3d-81bc-b95bafc99df1,15,0.0,,,,0.0,0.0,0.0,0.0,0.0,0.0
2025-12-16T18:32:54.948738,Recipe_A,a717ca67-edd7-4f3d-81bc-b95bafc99df1,15,0.0,,,,0.0,0.0,0.0,0.0,0.0,0.0
2025-12-16T18:32:55.948738,Recipe_A,a717ca67-edd7-4f3d-81bc-b95bafc99df1,15,0.0,,,,0.0,0.0,0.0,0.0,0.0,0.0
2025-12-16T18:32:56.948738,Recipe_A,a717ca67-edd7-4f3d-81bc-b95bafc99df1,15,0.0,,,,0.0,0.0,0.0,0.0,0.0,0.0
2025-12-16T18:32:57.948738,Recipe_A,a717ca67-edd7-4f3d-81bc-b95bafc99df1,15,0.0,,,,0.0,0.0,0.0,0.0,0.0,0.0
2025-12-16T18:32:58.948738,Recipe_A,a717ca67-edd7-4f3d-81bc-b95bafc99df1,15,0.0,,,,0.0,0.0,0.0,0.0,0.0,0.0
2025-12-16T18:32:59.948738,Recipe_A,a717ca67-edd7-4f3d-81bc-b95bafc99df1,15,0.0,,,,0.0,0.0,0.0,0.0,0.0,0.0
2025-12-16T18:33:00.948738,Recipe_A,a717ca67-edd7-4f3d-81bc-b95bafc99df1,15,0.0,,,,0.0,0.0,0.0,0.0,0.0,0.0
2025-12-16T18:33:01.948738,Recipe_A,a717ca67-edd7-4f3d-81bc-b95bafc99df1,15,5.0,,,,7.24,14.45,10.16,9.65,7.41,10.84
2025-12-16T18:33:02.948738,Recipe_A,a717ca67-edd7-4f3d-81bc-b95bafc99df1,15,5.0,,,,10.46,11.47,9.65,12.02,10.67,10.36
2025-12-16T18:33:03.948738,Recipe_A,a717ca67-edd7-4f3d-81bc-b95bafc99df1,15,5.0,,,,13.51,12.23,12.01,9.65,8.05,8.54
2025-12-16T18:33:04.948738,Recipe_A,a717ca67-edd7-4f3d-81bc-b95bafc99df1,15,5.0,,,,9.8,9.63,11.64,12.45,9.67,10.16
2025-12-16T18:33:05.948738,Recipe_A,a717ca67-edd7-4f3d-81bc-b95bafc99df1,15,4.0,,,,108.31,43.48,60.06,48.26,55.52,57.53
2025-12-16T18:33:06.948738,Recipe_A,a717ca67-edd7-4f3d-81bc-b95bafc99df1,15,4.0,,,,99.12,56.01,54.17,60.0,57.24,45.64
2025-12-16T18:33:07.948738,Recipe_A,a717ca67-edd7-4f3d-81bc-b95bafc99df1,15,4.0,,,,101.34,52.47,53.54,51.04,53.49,55.32
2025-12-16T18:33:08.948738,Recipe_A,a717ca67-edd7-4f3d-81bc-b95bafc99df1,15,4.0,,,,97.99,54.18,43.68,49.99,47.71,41.37
2025-12-16T18:33:09.948738,Recipe_A,a717ca67-edd7-4f3d-81bc-b95bafc99df1,15,4.0,,,,98.53,44.75,51.31,46.03,50.39,48.55
2025-12-16T18:33:10.948738,Recipe_A,a717ca67-edd7-4f3d-81bc-b95bafc99df1,15,4.0,,,,94.77,53.21,57.4,49.15,55.46,39.86
2025-12-16T18:33:11.948738,Recipe_A,a717ca67-edd7-4f3d-81bc-b95bafc99df1,15,4.0,,,,102.02,45.94,53.75,57.74,47.92,42.17
2025-12-16T18:33:12.948738,Recipe_A,a717ca67-edd7-4f3d-81bc-b95bafc99df1,15,4.0,,,,102.58,54.34,55.47,50.8,49.52,55.17
2025-12-16T18:33:13.948738,Recipe_A,a717ca67-edd7-4f3d-81bc-b95bafc99df1,15,4.0,,,,100.73,42.47,51.92,48.25,48.65,52.08
2025-12-16T18:33:14.948738,Recipe_A,a717ca67-edd7-4f3d-81bc-b95bafc99df1,15,4.0,,,,97.05,65.78,48.44,57.87,61.52,46.21
2025-12-16T18:33:15.948738,Recipe_A,a717ca67-edd7-4f3d-81bc-b95bafc99df1,15,4.0,,,,99.97,40.54,52.21,44.77,50.07,52.03
2025-12-16T18:33:16.948738,Recipe_A,a717ca67-edd7-4f3d-81bc-b95bafc99df1,15,4.0,,,,101.19,55.6,47.03,44.94,45.25,50.43
2025-12-16T18:33:17.948738,Recipe_A,a717ca67-edd7-4f3d-81bc-b95bafc99df1,15,4.0,,,,95.61,43.1,49.75,46.98,53.36,48.11
2025-12-16T18:33:18.948738,Recipe_A,a717ca67-edd7-4f3d-81bc-b95bafc99df1,15,4.0,,,,95.21,46.42,57.29,53.26,50.56,46.18
2025-12-16T18:33:19.948738,Recipe_A,a717ca67-edd7-4f3d-81bc-b95bafc99df1,15,4.0,,,,99.07,47.11,47.44,50.33,53.14,56.0
2025-12-16T18:33:20.948738,Recipe_A,a717ca67-edd7-4f3d-81bc-b95bafc99df1,15,4.0,,,,99.56,49.09,52.76,47.62,49.26,53.32
2025-12-16T18:33:21.948738,Recipe_A,a717ca67-edd7-4f3d-81bc-b95bafc99df1,15,4.0,,,,102.45,43.44,46.05,43.05,43.91,56.64
2025-12-16T18:33:22.948738,Recipe_A,a717ca67-edd7-4f3d-81bc-b95bafc99df1,15,4.0,,,,102.73,49.01,58.6,45.5,51.01,61.83
2025-12-16T18:33:23.948738,Recipe_A,a717ca67-edd7-4f3d-81bc-b95bafc99df1,15,4.0,,,,105.28,53.05,57.07,55.22,53.09,52.46
2025-12-16T18:33:24.948738,Recipe_A,a717ca67-edd7-4f3d-81bc-b95bafc99df1,15,4.0,,,,95.81,47.38,52.93,53.33,43.42,50.19
2025-12-16T18:33:25.948738,Recipe_A,a717ca67-edd7-4f3d-81bc-b95bafc99df1,15,4.0,,,,97.14,45.44,56.55,48.08,52.28,46.01
2025-12-16T18:33:26.948738,Recipe_A,a717ca67-edd7-4f3d-81bc-b95bafc99df1,15,2.0,,,,12.04,12.52,7.15,8.13,9.33,7.07
2025-12-16T18:33:27.948738,Recipe_A,a717ca67-edd7-4f3d-81bc-b95bafc99df1,15,2.0,,,,8.02,11.26,7.82,11.56,9.82,8.87
2025-12-16T18:33:28.948738,Recipe_A,a717ca67-edd7-4f3d-81bc-b95bafc99df1,15,2.0,,,,10.42,7.5,10.59,9.43,10.97,12.73
2025-12-16T18:33:29.948738,Recipe_A,a717ca67-edd7-4f3d-81bc-b95bafc99df1,15,2.0,,,,10.06,5.71,8.42,13.04,12.11,5.16
2025-12-16T18:33:30.948738,Recipe_A,a717ca67-edd7-4f3d-81bc-b95bafc99df1,15,2.0,,,,10.98,10.3,11.73,8.7,7.78,9.31
2025-12-16T18:33:31.948738,Recipe_A,a717ca67-edd7-4f3d-81bc-b95bafc99df1,15,2.0,,,,9.17,8.31,7.27,8.88,12.33,8.35
2025-12-16T18:33:32.948738,Recipe_A,a717ca67-edd7-4f3d-81bc-b95bafc99df1,15,2.0,,,,11.5,15.76,7.93,12.08,9.43,13.34
2025-12-16T18:33:33.948738,Recipe_A,a717ca67-edd7-4f3d-81bc-b95bafc99df1,15,4.0,,,,103.81,49.29,40.12,44.68,51.99,43.44
2025-12-16T18:33:34.948738,Recipe_A,a717ca67-edd7-4f3d-81bc-b95bafc99df1,15,4.0,,,,109.52,51.26,57.45,51.08,52.63,40.92
2025-12-16T18:33:35.948738,Recipe_A,a717ca67-edd7-4f3d-81bc-b95bafc99df1,15,4.0,,,,103.61,61.79,47.77,54.14,48.7,49.89
2025-12-16T18:33:36.948738,Recipe_A,a717ca67-edd7-4f3d-81bc-b95bafc99df1,15,4.0,,,,100.63,53.7,53.45,46.46,45.03,44.29
2025-12-16T18:33:37.948738,Recipe_A,a717ca67-edd7-4f3d-81bc-b95bafc99df1,15,4.0,,,,103.22,47.57,55.57,54.47,44.2,50.68
2025-12-16T18:33:38.948738,Recipe_A,a717ca67-edd7-4f3d-81bc-b95bafc99df1,15,4.0,,,,112.43,48.22,49.46,49.99,49.97,56.45
2025-12-16T18:33:39.948738,Recipe_A,a717ca67-edd7-4f3d-81bc-b95bafc99df1,15,4.0,,,,100.92,48.45,54.89,59.67,51.48,50.25
2025-12-16T18:33:40.948738,Recipe_A,a717ca67-edd7-4f3d-81bc-b95bafc99df1,15,4.0,,,,99.74,60.34,46.33,46.74,46.11,45.55
2025-12-16T18:33:41.948738,Recipe_A,a717ca67-edd7-4f3d-81bc-b95bafc99df1,15,4.0,,,,102.19,49.17,51.02,49.7,47.65,48.57
2025-12-16T18:33:42.948738,Recipe_A,a717ca67-edd7-4f3d-81bc-b95bafc99df1,15,4.0,,,,106.62,54.59,58.65,50.43,46.42,44.27
2025-12-16T18:33:43.948738,Recipe_A,a717ca67-edd7-4f3d-81bc-b95bafc99df1,15,4.0,,,,98.11,47.05,51.42,47.75,55.04,51.65
2025-12-16T18:33:44.948738,Recipe_A,a717ca67-edd7-4f3d-81bc-b95bafc99df1,15,5.0,,,,9.92,14.18,9.74,10.69,9.56,8.96
2025-12-16T18:33:45.948738,Recipe_A,a717ca67-edd7-4f3d-81bc-b95bafc99df1,15,5.0,,,,11.62,9.43,11.15,11.04,6.53,11.49
2025-12-16T18:33:46.948738,Recipe_A,a717ca67-edd7-4f3d-81bc-b95bafc99df1,15,5.0,,,,9.34,8.64,8.41,13.64,11.08,6.34
2025-12-16T18:33:47.948738,Recipe_A,a717ca67-edd7-4f3d-81bc-b95bafc99df1,15,5.0,,,,7.81,7.41,9.46,8.93,9.66,12.24
2025-12-16T18:33:48.948738,Recipe_A,a717ca67-edd7-4f3d-81bc-b95bafc99df1,15,5.0,,,,11.86,7.4,9.29,10.52,10.7,12.92
2025-12-16T18:33:49.948738,Recipe_A,a717ca67-edd7-4f3d-81bc-b95bafc99df1,15,3.0,,,,10.82,10.59,9.09,12.63,9.22,10.34
2025-12-16T18:33:50.948738,Recipe_A,a717ca67-edd7-4f3d-81bc-b95bafc99df1,15,3.0,,,,4.8,10.24,9.87,12.5,10.1,11.51
2025-12-16T18:33:51.948738,Recipe_A,a717ca67-edd7-4f3d-81bc-b95bafc99df1,15,3.0,,,,6.81,9.71,8.97,9.49,13.72,10.16
2025-12-16T18:33:52.948738,Recipe_A,a717ca67-edd7-4f3d-81bc-b95bafc99df1,15,3.0,,,,13.08,9.46,8.69,10.06,10.49,10.29
2025-12-16T18:33:53.948738,Recipe_A,a717ca67-edd7-4f3d-81bc-b95bafc99df1,15,3.0,,,,9.61,7.69,6.73,10.31,6.19,4.63
2025-12-16T18:33:54.948738,Recipe_A,a717ca67-edd7-4f3d-81bc-b95bafc99df1,15,3.0,,,,9.91,9.89,9.93,13.27,9.42,8.96
2025-12-16T18:33:55.948738,Recipe_A,a717ca67-edd7-4f3d-81bc-b95bafc99df1,15,3.0,,,,11.87,12.99,11.68,7.91,12.34,9.46
2025-12-16T18:33:56.948738,Recipe_A,a717ca67-edd7-4f3d-81bc-b95bafc99df1,15,3.0,,,,9.25,10.79,9.5,9.77,7.74,5.47
2025-12-16T18:33:57.948738,Recipe_A,a717ca67-edd7-4f3d-81bc-b95bafc99df1,15,3.0,,,,10.73,11.06,9.21,7.66,10.1,9.23
2025-12-16T18:33:58.948738,Recipe_A,a717ca67-edd7-4f3d-81bc-b95bafc99df1,15,3.0,,,,11.21,9.99,13.17,7.17,10.14,12.03
2025-12-16T18:33:59.948738,Recipe_A,a717ca67-edd7-4f3d-81bc-b95bafc99df1,15,3.0,,,,7.89,8.4,9.85,10.32,8.03,10.59
2025-12-16T18:34:00.948738,Recipe_A,a717ca67-edd7-4f3d-81bc-b95bafc99df1,15,3.0,,,,11.63,9.62,9.24,11.75,10.01,7.69
2025-12-16T18:34:01.948738,Recipe_A,a717ca67-edd7-4f3d-81bc-b95bafc99df1,15,3.0,,,,6.83,6.96,8.16,12.95,12.01,10.3
2025-12-16T18:34:02.948738,Recipe_A,a717ca67-edd7-4f3d-81bc-b95bafc99df1,15,3.0,,,,8.66,10.96,12.95,8.15,7.15,10.16
2025-12-16T18:34:03.948738,Recipe_A,a717ca67-edd7-4f3d-81bc-b95bafc99df1,15,3.0,,,,11.38,9.3,11.76,12.35,11.65,10.09
2025-12-16T18:34:04.948738,Recipe_A,a717ca67-edd7-4f3d-81bc-b95bafc99df1,15,3.0,,,,10.69,9.75,10.0,9.73,10.41,11.64
2025-12-16T18:34:05.948738,Recipe_A,a717ca67-edd7-4f3d-81bc-b95bafc99df1,15,3.0,,,,8.88,8.1,12.14,8.78,9.81,11.52
2025-12-16T18:34:06.948738,Recipe_A,a717ca67-edd7-4f3d-81bc-b95bafc99df1,15,3.0,,,,9.8,10.72,8.89,8.02,10.38,12.82
2025-12-16T18:34:07.948738,Recipe_A,a717ca67-edd7-4f3d-81bc-b95bafc99df1,15,3.0,,,,8.9,7.11,11.81,9.76,6.43,14.0
2025-12-16T18:34:08.948738,Recipe_A,a717ca67-edd7-4f3d-81bc-b95bafc99df1,15,3.0,,,,10.59,9.91,11.51,8.65,8.36,8.54
2025-12-16T18:34:09.948738,Recipe_A,a717ca67-edd7-4f3d-81bc-b95bafc99df1,15,3.0,,,,9.84,7.7,8.1,11.36,14.14,12.74
2025-12-16T18:34:10.948738,Recipe_A,a717ca67-edd7-4f3d-81bc-b95bafc99df1,15,3.0,,,,13.37,8.69,15.15,12.38,7.95,9.1
2025-12-16T18:34:11.948738,Recipe_A,a717ca67-edd7-4f3d-81bc-b95bafc99df1,15,3.0,,,,13.88,10.66,7.1,10.78,11.08,7.05
2025-12-16T18:34:12.948738,Recipe_A,a717ca67-edd7-4f3d-81bc-b95bafc99df1,15,3.0,,,,11.5,12.12,8.3,5.54,14.17,10.45
2025-12-16T18:34:13.948738,Recipe_A,a717ca67-edd7-4f3d-81bc-b95bafc99df1,15,3.0,,,,11.33,12.65,9.42,10.67,8.25,8.53
2025-12-16T18:34:14.948738,Recipe_A,a717ca67-edd7-4f3d-81bc-b95bafc99df1,15,3.0,,,,9.1,9.06,4.98,10.89,8.93,12.91
2025-12-16T18:34:15.948738,Recipe_A,a717ca67-edd7-4f3d-81bc-b95bafc99df1,15,3.0,,,,11.52,9.6,11.79,13.91,9.45,9.28
2025-12-16T18:34:16.948738,Recipe_A,a717ca67-edd7-4f3d-81bc-b95bafc99df1,15,3.0,,,,11.35,8.99,11.54,12.8,9.82,14.25
2025-12-16T18:34:17.948738,Recipe_A,a717ca67-edd7-4f3d-81bc-b95bafc99df1,15,3.0,,,,7.24,13.05,10.78,11.63,9.37,6.52
2025-12-16T18:34:18.948738,Recipe_A,a717ca67-edd7-4f3d-81bc-b95bafc99df1,15,3.0,,,,9.14,12.2,9.22,11.82,8.33,11.7
2025-12-16T18:34:19.948738,Recipe_A,a717ca67-edd7-4f3d-81bc-b95bafc99df1,15,3.0,,,,12.53,12.14,9.85,6.0,4.22,9.03
2025-12-16T18:34:20.948738,Recipe_A,a717ca67-edd7-4f3d-81bc-b95bafc99df1,15,3.0,,,,10.27,9.33,9.84,8.18,12.82,7.47
2025-12-16T18:34:21.948738,Recipe_A,a717ca67-edd7-4f3d-81bc-b95bafc99df1,15,3.0,,,,10.73,6.66,9.59,11.7,15.0,7.56
2025-12-16T18:34:22.948738,Recipe_A,a717ca67-edd7-4f3d-81bc-b95bafc99df1,15,3.0,,,,8.26,9.5,14.43,9.62,8.72,11.31
2025-12-16T18:34:23.948738,Recipe_A,a717ca67-edd7-4f3d-81bc-b95bafc99df1,15,3.0,,,,11.8,12.99,8.99,9.18,11.19,11.54
2025-12-16T18:34:24.948738,Recipe_A,a717ca67-edd7-4f3d-81bc-b95bafc99df1,15,3.0,,,,10.99,8.36,10.97,8.4,8.28,11.68
2025-12-16T18:34:25.948738,Recipe_A,a717ca67-edd7-4f3d-81bc-b95bafc99df1,15,3.0,,,,10.44,11.72,7.9,9.56,11.67,11.49
2025-12-16T18:34:26.948738,Recipe_A,a717ca67-edd7-4f3d-81bc-b95bafc99df1,15,3.0,,,,8.45,8.18,10.77,9.78,8.94,12.19
2025-12-16T18:34:27.948738,Recipe_A,a717ca67-edd7-4f3d-81bc-b95bafc99df1,15,3.0,,,,12.02,9.89,11.51,7.82,5.84,10.27
2025-12-16T18:34:28.948738,Recipe_A,a717ca67-edd7-4f3d-81bc-b95bafc99df1,15,3.0,,,,10.03,7.47,7.02,6.89,7.94,9.83
2025-12-16T18:34:29.948738,Recipe_A,a717ca67-edd7-4f3d-81bc-b95bafc99df1,15,3.0,,,,10.01,8.29,11.33,14.21,9.96,11.73
2025-12-16T18:34:30.948738,Recipe_A,a717ca67-edd7-4f3d-81bc-b95bafc99df1,15,3.0,,,,11.95,9.89,10.54,9.6,8.86,9.68
2025-12-16T18:34:31.948738,Recipe_A,a717ca67-edd7-4f3d-81bc-b95bafc99df1,15,3.0,,,,8.54,9.96,7.3,8.01,11.68,11.06
2025-12-16T18:34:32.948738,Recipe_A,a717ca67-edd7-4f3d-81bc-b95bafc99df1,15,3.0,,,,9.3,12.31,5.86,10.83,5.61,10.66
2025-12-16T18:34:33.948738,Recipe_A,a717ca67-edd7-4f3d-81bc-b95bafc99df1,15,3.0,,,,9.04,12.75,10.35,14.22,11.91,6.16
2025-12-16T18:34:34.948738,Recipe_A,a717ca67-edd7-4f3d-81bc-b95bafc99df1,15,3.0,,,,8.81,7.31,10.0,8.0,8.07,12.85
2025-12-16T18:34:34.948738,Recipe_A,a717ca67-edd7-4f3d-81bc-b95bafc99df1,15,3.0,Error_6,Simulated Error occurred,Error,,,,,,
2025-12-16T18:34:35.948738,Recipe_A,a717ca67-edd7-4f3d-81bc-b95bafc99df1,15,3.0,,,,6.42,9.25,13.78,11.11,12.57,9.68
2025-12-16T18:34:36.948738,Recipe_A,a717ca67-edd7-4f3d-81bc-b95bafc99df1,15,3.0,,,,10.49,8.92,10.7,8.49,9.85,12.99
2025-12-16T18:34:37.948738,Recipe_A,a717ca67-edd7-4f3d-81bc-b95bafc99df1,15,3.0,,,,11.51,9.45,7.95,14.46,9.54,6.65
2025-12-16T18:34:38.948738,Recipe_A,a717ca67-edd7-4f3d-81bc-b95bafc99df1,15,3.0,,,,11.77,11.14,9.89,8.74,10.25,7.92
2025-12-16T18:34:39.948738,Recipe_A,a717ca67-edd7-4f3d-81bc-b95bafc99df1,15,1.0,,,,9.82,9.73,13.46,9.84,13.22,10.18
2025-12-16T18:34:40.948738,Recipe_A,a717ca67-edd7-4f3d-81bc-b95bafc99df1,15,1.0,,,,11.14,7.63,9.7,7.82,9.73,10.29
2025-12-16T18:34:41.948738,Recipe_A,a717ca67-edd7-4f3d-81bc-b95bafc99df1,15,1.0,,,,10.2,12.88,11.73,7.39,7.81,11.16
2025-12-16T18:34:42.948738,Recipe_A,a717ca67-edd7-4f3d-81bc-b95bafc99df1,15,1.0,,,,10.51,11.58,8.12,8.73,4.29,12.8
2025-12-16T18:34:43.948738,Recipe_A,a717ca67-edd7-4f3d-81bc-b95bafc99df1,15,1.0,,,,10.57,9.47,12.14,10.07,8.68,12.3
2025-12-16T18:34:44.948738,Recipe_A,a717ca67-edd7-4f3d-81bc-b95bafc99df1,15,1.0,,,,9.46,10.2,12.12,11.06,7.46,10.0
2025-12-16T18:34:44.948738,Recipe_A,a717ca67-edd7-4f3d-81bc-b95bafc99df1,15,1.0,Warning_3,Simulated Warning occurred,Warning,,,,,,
2025-12-16T18:34:45.948738,Recipe_A,a717ca67-edd7-4f3d-81bc-b95bafc99df1,15,1.0,,,,10.96,8.48,11.05,7.48,8.16,9.08
2025-12-16T18:34:46.948738,Recipe_A,a717ca67-edd7-4f3d-81bc-b95bafc99df1,15,1.0,,,,11.94,8.68,11.77,8.98,13.69,8.66
2025-12-16T18:34:47.948738,Recipe_A,a717ca67-edd7-4f3d-81bc-b95bafc99df1,15,1.0,,,,9.29,10.97,7.74,6.32,15.06,13.31
2025-12-16T18:34:48.948738,Recipe_A,a717ca67-edd7-4f3d-81bc-b95bafc99df1,15,1.0,,,,10.34,11.66,8.36,9.42,10.4,8.99
2025-12-16T18:34:49.948738,Recipe_A,a717ca67-edd7-4f3d-81bc-b95bafc99df1,15,1.0,,,,10.62,11.73,13.04,9.53,6.1,12.27
2025-12-16T18:34:50.948738,Recipe_A,a717ca67-edd7-4f3d-81bc-b95bafc99df1,15,1.0,,,,5.37,9.41,9.79,6.23,11.61,13.08
2025-12-16T18:34:51.948738,Recipe_A,a717ca67-edd7-4f3d-81bc-b95bafc99df1,15,1.0,,,,10.26,12.56,10.84,7.95,11.26,10.61
2025-12-16T18:34:52.948738,Recipe_A,a717ca67-edd7-4f3d-81bc-b95bafc99df1,15,1.0,,,,10.62,8.09,10.34,10.13,7.61,10.49
2025-12-16T18:34:53.948738,Recipe_A,a717ca67-edd7-4f3d-81bc-b95bafc99df1,15,1.0,,,,11.56,10.26,10.98,9.59,10.46,10.27
2025-12-16T18:34:54.948738,Recipe_A,a717ca67-edd7-4f3d-81bc-b95bafc99df1,15,1.0,,,,13.8,12.25,9.83,8.71,9.01,10.2
2025-12-16T18:34:55.948738,Recipe_A,a717ca67-edd7-4f3d-81bc-b95bafc99df1,15,1.0,,,,6.62,8.77,9.07,10.78,8.49,11.29
2025-12-16T18:34:56.948738,Recipe_A,a717ca67-edd7-4f3d-81bc-b95bafc99df1,15,1.0,,,,8.93,10.07,11.91,12.16,12.09,10.17
2025-12-16T18:34:57.948738,Recipe_A,a717ca67-edd7-4f3d-81bc-b95bafc99df1,15,1.0,,,,10.7,10.23,7.61,12.04,9.5,8.73
2025-12-16T18:34:58.948738,Recipe_A,a717ca67-edd7-4f3d-81bc-b95bafc99df1,15,1.0,,,,10.95,11.82,9.76,10.76,10.43,13.87
2025-12-16T18:34:59.948738,Recipe_A,a717ca67-edd7-4f3d-81bc-b95bafc99df1,15,1.0,,,,12.61,9.71,6.8,9.64,7.92,11.93
2025-12-16T18:35:00.948738,Recipe_A,a717ca67-edd7-4f3d-81bc-b95bafc99df1,15,1.0,,,,9.24,9.84,9.25,12.59,6.85,8.31
2025-12-16T18:35:01.948738,Recipe_A,a717ca67-edd7-4f3d-81bc-b95bafc99df1,15,1.0,,,,11.43,7.77,7.56,9.28,11.13,7.58
2025-12-16T18:35:02.948738,Recipe_A,a717ca67-edd7-4f3d-81bc-b95bafc99df1,15,1.0,,,,8.71,12.17,9.93,11.1,9.52,7.82
2025-12-16T18:35:03.948738,Recipe_A,a717ca67-edd7-4f3d-81bc-b95bafc99df1,15,1.0,,,,9.54,7.71,12.0,12.44,4.37,11.54
2025-12-16T18:35:04.948738,Recipe_A,a717ca67-edd7-4f3d-81bc-b95bafc99df1,15,1.0,,,,10.12,15.1,10.06,8.02,8.83,8.25
2025-12-16T18:35:05.948738,Recipe_A,a717ca67-edd7-4f3d-81bc-b95bafc99df1,15,1.0,,,,8.38,10.52,8.55,9.48,9.69,10.83
2025-12-16T18:35:06.948738,Recipe_A,a717ca67-edd7-4f3d-81bc-b95bafc99df1,15,1.0,,,,9.14,9.83,11.02,6.43,11.12,10.04
2025-12-16T18:35:07.948738,Recipe_A,a717ca67-edd7-4f3d-81bc-b95bafc99df1,15,1.0,,,,13.15,10.36,11.07,7.31,10.12,11.08
2025-12-16T18:35:08.948738,Recipe_A,a717ca67-edd7-4f3d-81bc-b95bafc99df1,15,1.0,,,,9.37,12.13,9.63,9.05,10.91,9.25
2025-12-16T18:35:09.948738,Recipe_A,a717ca67-edd7-4f3d-81bc-b95bafc99df1,15,1.0,,,,7.82,11.32,11.16,7.24,10.55,6.92
2025-12-16T18:35:10.948738,Recipe_A,a717ca67-edd7-4f3d-81bc-b95bafc99df1,15,1.0,,,,11.81,13.72,11.92,8.2,9.9,8.58
2025-12-16T18:35:11.948738,Recipe_A,a717ca67-edd7-4f3d-81bc-b95bafc99df1,15,1.0,,,,10.65,14.41,11.3,10.76,8.98,11.6
2025-12-16T18:35:12.948738,Recipe_A,a717ca67-edd7-4f3d-81bc-b95bafc99df1,15,1.0,,,,9.95,8.68,12.78,2.08,13.69,8.87
2025-12-16T18:35:13.948738,Recipe_A,a717ca67-edd7-4f3d-81bc-b95bafc99df1,15,1.0,,,,11.99,9.3,12.97,10.04,10.39,11.28
2025-12-16T18:35:14.948738,Recipe_A,a717ca67-edd7-4f3d-81bc-b95bafc99df1,15,2.0,,,,14.14,9.62,9.03,12.82,11.45,9.66
2025-12-16T18:35:15.948738,Recipe_A,a717ca67-edd7-4f3d-81bc-b95bafc99df1,15,2.0,,,,9.1,8.32,8.64,9.93,12.34,10.76
2025-12-16T18:35:16.948738,Recipe_A,a717ca67-edd7-4f3d-81bc-b95bafc99df1,15,2.0,,,,10.93,9.76,9.73,11.35,11.41,7.9
2025-12-16T18:35:17.948738,Recipe_A,a717ca67-edd7-4f3d-81bc-b95bafc99df1,15,2.0,,,,11.82,12.72,10.76,9.34,9.85,10.41
2025-12-16T18:35:18.948738,Recipe_A,a717ca67-edd7-4f3d-81bc-b95bafc99df1,15,2.0,,,,11.52,11.68,11.44,9.03,7.6,11.33
2025-12-16T18:35:19.948738,Recipe_A,a717ca67-edd7-4f3d-81bc-b95bafc99df1,15,2.0,,,,7.98,8.65,11.58,10.7,11.61,12.97
2025-12-16T18:35:20.948738,Recipe_A,a717ca67-edd7-4f3d-81bc-b95bafc99df1,15,2.0,,,,8.11,10.79,10.2,11.32,8.7,9.88
2025-12-16T18:35:21.948738,Recipe_A,a717ca67-edd7-4f3d-81bc-b95bafc99df1,15,2.0,,,,8.91,10.11,10.24,12.3,8.26,10.11
2025-12-16T18:35:22.948738,Recipe_A,a717ca67-edd7-4f3d-81bc-b95bafc99df1,15,2.0,,,,12.74,12.34,9.27,11.97,10.35,8.3
2025-12-16T18:35:23.948738,Recipe_A,a717ca67-edd7-4f3d-81bc-b95bafc99df1,15,2.0,,,,12.96,14.0,6.2,9.04,8.9,8.38
2025-12-16T18:35:24.948738,Recipe_A,a717ca67-edd7-4f3d-81bc-b95bafc99df1,15,2.0,,,,7.9,8.64,10.35,7.83,8.51,7.02
2025-12-16T18:35:25.948738,Recipe_A,a717ca67-edd7-4f3d-81bc-b95bafc99df1,15,2.0,,,,10.49,9.48,5.88,10.2,7.18,9.13
2025-12-16T18:35:26.948738,Recipe_A,a717ca67-edd7-4f3d-81bc-b95bafc99df1,15,2.0,,,,9.35,13.64,14.4,9.51,13.15,6.83
2025-12-16T18:35:27.948738,Recipe_A,a717ca67-edd7-4f3d-81bc-b95bafc99df1,15,2.0,,,,6.43,12.91,10.03,8.51,12.54,10.29
2025-12-16T18:35:28.948738,Recipe_A,a717ca67-edd7-4f3d-81bc-b95bafc99df1,15,2.0,,,,6.78,7.69,9.61,9.58,8.58,9.31
2025-12-16T18:35:29.948738,Recipe_A,a717ca67-edd7-4f3d-81bc-b95bafc99df1,15,2.0,,,,10.06,6.89,10.6,10.71,12.21,12.77
2025-12-16T18:35:30.948738,Recipe_A,a717ca67-edd7-4f3d-81bc-b95bafc99df1,15,2.0,,,,10.89,10.58,8.69,11.56,6.36,8.38
2025-12-16T18:35:31.948738,Recipe_A,a717ca67-edd7-4f3d-81bc-b95bafc99df1,15,2.0,,,,8.66,9.19,13.52,10.61,10.34,8.84
2025-12-16T18:35:32.948738,Recipe_A,a717ca67-edd7-4f3d-81bc-b95bafc99df1,15,2.0,,,,7.4,10.21,8.38,9.44,12.72,9.35
2025-12-16T18:35:33.948738,Recipe_A,a717ca67-edd7-4f3d-81bc-b95bafc99df1,15,2.0,,,,8.04,10.93,8.86,13.59,11.27,10.28
2025-12-16T18:35:34.948738,Recipe_A,a717ca67-edd7-4f3d-81bc-b95bafc99df1,15,2.0,,,,8.2,9.61,12.23,10.16,11.78,7.04
2025-12-16T18:35:35.948738,Recipe_A,a717ca67-edd7-4f3d-81bc-b95bafc99df1,15,2.0,,,,12.35,11.36,13.84,11.61,11.52,13.84
2025-12-16T18:35:36.948738,Recipe_A,a717ca67-edd7-4f3d-81bc-b95bafc99df1,15,2.0,,,,8.17,11.46,7.03,10.0,9.85,9.33
2025-12-16T18:35:37.948738,Recipe_A,a717ca67-edd7-4f3d-81bc-b95bafc99df1,15,2.0,,,,9.67,9.55,10.56,12.77,8.17,11.64
2025-12-16T18:35:38.948738,Recipe_A,a717ca67-edd7-4f3d-81bc-b95bafc99df1,15,5.0,,,,11.07,8.76,10.11,9.03,12.93,4.89
2025-12-16T18:35:39.948738,Recipe_A,a717ca67-edd7-4f3d-81bc-b95bafc99df1,15,5.0,,,,10.52,7.95,12.58,11.07,9.35,10.52
2025-12-16T18:35:40.948738,Recipe_A,a717ca67-edd7-4f3d-81bc-b95bafc99df1,15,5.0,,,,11.75,8.34,11.55,9.79,8.99,6.05
2025-12-16T18:35:41.948738,Recipe_A,a717ca67-edd7-4f3d-81bc-b95bafc99df1,15,5.0,,,,5.35,11.47,9.72,12.28,8.62,11.81
2025-12-16T18:35:42.948738,Recipe_A,a717ca67-edd7-4f3d-81bc-b95bafc99df1,15,5.0,,,,4.08,6.31,10.42,13.51,9.65,7.87
2025-12-16T18:35:43.948738,Recipe_A,a717ca67-edd7-4f3d-81bc-b95bafc99df1,15,5.0,,,,9.38,10.66,10.92,5.83,12.61,8.4
2025-12-16T18:35:44.948738,Recipe_A,a717ca67-edd7-4f3d-81bc-b95bafc99df1,15,5.0,,,,8.29,9.65,9.81,8.77,10.43,10.48
2025-12-16T18:35:45.948738,Recipe_A,a717ca67-edd7-4f3d-81bc-b95bafc99df1,15,5.0,,,,10.81,6.64,9.91,9.2,8.76,10.26
2025-12-16T18:35:46.948738,Recipe_A,a717ca67-edd7-4f3d-81bc-b95bafc99df1,15,3.0,,,,11.1,7.54,8.07,8.36,8.31,7.58
2025-12-16T18:35:47.948738,Recipe_A,a717ca67-edd7-4f3d-81bc-b95bafc99df1,15,3.0,,,,11.37,10.76,9.83,10.64,9.93,10.19
2025-12-16T18:35:48.948738,Recipe_A,a717ca67-edd7-4f3d-81bc-b95bafc99df1,15,3.0,,,,9.82,13.49,11.98,6.35,7.06,7.73
2025-12-16T18:35:49.948738,Recipe_A,a717ca67-edd7-4f3d-81bc-b95bafc99df1,15,3.0,,,,10.9,5.33,13.15,10.03,14.56,5.86
2025-12-16T18:35:50.948738,Recipe_A,a717ca67-edd7-4f3d-81bc-b95bafc99df1,15,3.0,,,,12.8,8.6,13.05,9.42,11.67,10.71
2025-12-16T18:35:51.948738,Recipe_A,a717ca67-edd7-4f3d-81bc-b95bafc99df1,15,3.0,,,,13.54,5.28,8.96,10.18,7.24,13.0
2025-12-16T18:35:52.948738,Recipe_A,a717ca67-edd7-4f3d-81bc-b95bafc99df1,15,3.0,,,,6.49,15.88,10.82,14.94,10.9,13.2
2025-12-16T18:35:53.948738,Recipe_A,a717ca67-edd7-4f3d-81bc-b95bafc99df1,15,3.0,,,,8.93,10.62,12.81,5.23,8.37,8.89
2025-12-16T18:35:54.948738,Recipe_A,a717ca67-edd7-4f3d-81bc-b95bafc99df1,15,3.0,,,,8.05,10.62,11.24,9.03,11.06,8.07
2025-12-16T18:35:55.948738,Recipe_A,a717ca67-edd7-4f3d-81bc-b95bafc99df1,15,3.0,,,,10.32,12.83,10.91,9.47,9.64,11.92
2025-12-16T18:35:56.948738,Recipe_A,a717ca67-edd7-4f3d-81bc-b95bafc99df1,15,3.0,,,,8.83,9.15,13.78,10.75,7.63,10.32
2025-12-16T18:35:57.948738,Recipe_A,a717ca67-edd7-4f3d-81bc-b95bafc99df1,15,3.0,,,,11.84,12.27,8.52,9.91,12.5,8.16
2025-12-16T18:35:58.948738,Recipe_A,a717ca67-edd7-4f3d-81bc-b95bafc99df1,15,3.0,,,,7.76,10.62,11.67,7.58,10.97,7.64
2025-12-16T18:35:59.948738,Recipe_A,a717ca67-edd7-4f3d-81bc-b95bafc99df1,15,3.0,,,,12.26,7.73,8.53,9.65,10.19,10.91
2025-12-16T18:36:00.948738,Recipe_A,a717ca67-edd7-4f3d-81bc-b95bafc99df1,15,3.0,,,,9.69,11.02,8.19,10.99,9.05,11.0
2025-12-16T18:36:01.948738,Recipe_A,a717ca67-edd7-4f3d-81bc-b95bafc99df1,15,3.0,,,,10.81,10.64,10.83,9.75,12.13,10.22
2025-12-16T18:36:02.948738,Recipe_A,a717ca67-edd7-4f3d-81bc-b95bafc99df1,15,3.0,,,,11.22,8.52,7.6,8.19,8.96,7.81
2025-12-16T18:36:03.948738,Recipe_A,a717ca67-edd7-4f3d-81bc-b95bafc99df1,15,3.0,,,,9.07,9.72,8.33,9.53,12.69,9.88
2025-12-16T18:36:04.948738,Recipe_A,a717ca67-edd7-4f3d-81bc-b95bafc99df1,15,3.0,,,,11.89,8.63,9.8,5.92,13.34,12.96
2025-12-16T18:36:05.948738,Recipe_A,a717ca67-edd7-4f3d-81bc-b95bafc99df1,15,3.0,,,,9.45,7.32,12.92,11.45,11.65,8.2
2025-12-16T18:36:06.948738,Recipe_A,a717ca67-edd7-4f3d-81bc-b95bafc99df1,15,3.0,,,,9.45,10.96,14.03,10.41,9.15,8.02
2025-12-16T18:36:07.948738,Recipe_A,a717ca67-edd7-4f3d-81bc-b95bafc99df1,15,3.0,,,,12.92,13.71,9.54,9.63,12.32,11.7
2025-12-16T18:36:08.948738,Recipe_A,a717ca67-edd7-4f3d-81bc-b95bafc99df1,15,3.0,,,,13.51,10.13,9.81,12.17,10.96,11.26
2025-12-16T18:36:09.948738,Recipe_A,a717ca67-edd7-4f3d-81bc-b95bafc99df1,15,3.0,,,,14.06,10.27,8.05,10.45,8.3,12.09
2025-12-16T18:36:10.948738,Recipe_A,a717ca67-edd7-4f3d-81bc-b95bafc99df1,15,3.0,,,,7.81,10.68,11.82,5.51,8.61,8.88
2025-12-16T18:36:11.948738,Recipe_A,a717ca67-edd7-4f3d-81bc-b95bafc99df1,15,3.0,,,,8.84,12.65,12.75,12.68,9.24,8.2
2025-12-16T18:36:12.948738,Recipe_A,a717ca67-edd7-4f3d-81bc-b95bafc99df1,15,3.0,,,,11.14,6.43,14.19,9.15,12.82,9.46
2025-12-16T18:36:13.948738,Recipe_A,a717ca67-edd7-4f3d-81bc-b95bafc99df1,15,3.0,,,,14.68,7.52,16.23,12.4,8.07,8.56
2025-12-16T18:36:14.948738,Recipe_A,a717ca67-edd7-4f3d-81bc-b95bafc99df1,15,3.0,,,,8.81,5.51,8.02,8.33,10.8,12.93
2025-12-16T18:36:15.948738,Recipe_A,a717ca67-edd7-4f3d-81bc-b95bafc99df1,15,3.0,,,,8.65,8.47,10.01,11.2,10.61,9.4
2025-12-16T18:36:16.948738,Recipe_A,a717ca67-edd7-4f3d-81bc-b95bafc99df1,15,3.0,,,,9.47,8.58,13.11,11.07,10.18,11.51
2025-12-16T18:36:17.948738,Recipe_A,a717ca67-edd7-4f3d-81bc-b95bafc99df1,15,3.0,,,,10.64,7.85,9.85,12.18,11.71,10.51
2025-12-16T18:36:18.948738,Recipe_A,a717ca67-edd7-4f3d-81bc-b95bafc99df1,15,3.0,,,,12.36,9.57,7.03,9.76,12.09,16.3
2025-12-16T18:36:19.948738,Recipe_A,a717ca67-edd7-4f3d-81bc-b95bafc99df1,15,3.0,,,,9.15,11.06,10.94,9.16,10.96,11.39
2025-12-16T18:36:20.948738,Recipe_A,a717ca67-edd7-4f3d-81bc-b95bafc99df1,15,3.0,,,,11.23,15.07,8.78,12.14,15.43,12.7
2025-12-16T18:36:21.948738,Recipe_A,a717ca67-edd7-4f3d-81bc-b95bafc99df1,15,3.0,,,,8.6,8.77,11.79,6.4,9.29,11.68
2025-12-16T18:36:22.948738,Recipe_A,a717ca67-edd7-4f3d-81bc-b95bafc99df1,15,3.0,,,,13.57,9.95,10.07,12.78,6.71,11.46
2025-12-16T18:36:23.948738,Recipe_A,a717ca67-edd7-4f3d-81bc-b95bafc99df1,15,3.0,,,,10.87,9.05,10.99,9.14,8.31,8.38
2025-12-16T18:36:24.948738,Recipe_A,a717ca67-edd7-4f3d-81bc-b95bafc99df1,15,3.0,,,,15.65,9.88,11.04,8.33,6.99,10.56
2025-12-16T18:36:25.948738,Recipe_A,a717ca67-edd7-4f3d-81bc-b95bafc99df1,15,3.0,,,,11.21,3.92,8.63,10.68,8.14,8.84
2025-12-16T18:36:26.948738,Recipe_A,a717ca67-edd7-4f3d-81bc-b95bafc99df1,15,3.0,,,,14.08,8.17,10.37,12.14,9.39,9.47
2025-12-16T18:36:27.948738,Recipe_A,a717ca67-edd7-4f3d-81bc-b95bafc99df1,15,3.0,,,,10.61,6.85,10.99,7.03,5.76,7.64
2025-12-16T18:36:28.948738,Recipe_A,a717ca67-edd7-4f3d-81bc-b95bafc99df1,15,3.0,,,,7.31,10.67,12.14,9.34,9.25,9.97
2025-12-16T18:36:29.948738,Recipe_A,a717ca67-edd7-4f3d-81bc-b95bafc99df1,15,3.0,,,,10.36,6.5,10.17,8.1,11.16,9.78
2025-12-16T18:36:30.948738,Recipe_A,a717ca67-edd7-4f3d-81bc-b95bafc99df1,15,3.0,,,,7.8,14.47,7.61,12.68,7.62,8.75
2025-12-16T18:36:31.948738,Recipe_A,a717ca67-edd7-4f3d-81bc-b95bafc99df1,15,3.0,,,,10.53,6.74,11.9,11.35,7.9,10.87
2025-12-16T18:36:32.948738,Recipe_A,a717ca67-edd7-4f3d-81bc-b95bafc99df1,15,3.0,,,,9.71,12.34,8.25,12.82,7.78,9.99
2025-12-16T18:36:33.948738,Recipe_A,a717ca67-edd7-4f3d-81bc-b95bafc99df1,15,3.0,,,,13.29,10.57,10.88,10.02,10.61,12.78
2025-12-16T18:36:33.948738,Recipe_A,a717ca67-edd7-4f3d-81bc-b95bafc99df1,15,3.0,Warning_3,Simulated Warning occurred,Warning,,,,,,
2025-12-16T18:36:34.948738,Recipe_A,a717ca67-edd7-4f3d-81bc-b95bafc99df1,15,3.0,,,,11.04,9.85,10.08,11.9,10.26,10.55
2025-12-16T18:36:35.948738,Recipe_A,a717ca67-edd7-4f3d-81bc-b95bafc99df1,15,3.0,,,,10.71,11.23,10.53,12.73,7.53,5.44
2025-12-16T18:36:36.948738,Recipe_A,a717ca67-edd7-4f3d-81bc-b95bafc99df1,15,3.0,,,,4.54,11.52,9.17,12.44,11.15,8.24
2025-12-16T18:36:37.948738,Recipe_A,a717ca67-edd7-4f3d-81bc-b95bafc99df1,15,3.0,,,,9.84,12.58,8.73,8.22,10.09,12.02
2025-12-16T18:36:38.948738,Recipe_A,a717ca67-edd7-4f3d-81bc-b95bafc99df1,15,3.0,,,,9.65,10.72,8.94,11.69,9.82,5.9
2025-12-16T18:36:39.948738,Recipe_A,a717ca67-edd7-4f3d-81bc-b95bafc99df1,15,3.0,,,,11.57,10.6,7.29,13.74,9.84,9.01
2025-12-16T18:36:40.948738,Recipe_A,a717ca67-edd7-4f3d-81bc-b95bafc99df1,15,3.0,,,,10.04,11.67,10.37,8.12,5.87,8.39
2025-12-16T18:36:41.948738,Recipe_A,a717ca67-edd7-4f3d-81bc-b95bafc99df1,15,3.0,,,,10.89,10.46,10.75,7.66,9.38,9.34
2025-12-16T18:36:42.948738,Recipe_A,a717ca67-edd7-4f3d-81bc-b95bafc99df1,15,3.0,,,,12.5,7.71,9.93,7.59,11.92,7.78
2025-12-16T18:36:43.948738,Recipe_A,a717ca67-edd7-4f3d-81bc-b95bafc99df1,15,3.0,,,,14.36,7.01,8.81,11.29,8.5,8.57
2025-12-16T18:36:44.948738,Recipe_A,a717ca67-edd7-4f3d-81bc-b95bafc99df1,15,3.0,,,,12.13,8.57,10.56,11.05,10.08,10.59
2025-12-16T18:36:45.948738,Recipe_A,a717ca67-edd7-4f3d-81bc-b95bafc99df1,15,3.0,,,,9.86,12.65,9.68,10.6,9.07,10.31
2025-12-16T18:36:46.948738,Recipe_A,a717ca67-edd7-4f3d-81bc-b95bafc99df1,15,3.0,,,,9.14,10.76,13.41,10.91,9.04,8.61
2025-12-16T18:36:47.948738,Recipe_A,a717ca67-edd7-4f3d-81bc-b95bafc99df1,15,3.0,,,,12.67,8.6,8.44,11.29,10.18,9.78
2025-12-16T18:36:48.948738,Recipe_A,a717ca67-edd7-4f3d-81bc-b95bafc99df1,15,3.0,,,,7.31,11.16,9.72,11.72,9.8,11.67
2025-12-16T18:36:49.948738,Recipe_A,a717ca67-edd7-4f3d-81bc-b95bafc99df1,15,3.0,,,,9.24,9.04,7.55,12.06,13.04,9.83
2025-12-16T18:36:50.948738,Recipe_A,a717ca67-edd7-4f3d-81bc-b95bafc99df1,15,3.0,,,,8.02,11.42,11.05,8.5,8.64,7.91
2025-12-16T18:36:51.948738,Recipe_A,a717ca67-edd7-4f3d-81bc-b95bafc99df1,15,3.0,,,,8.86,9.8,11.8,8.85,14.58,14.04
2025-12-16T18:36:52.948738,Recipe_A,a717ca67-edd7-4f3d-81bc-b95bafc99df1,15,3.0,,,,9.31,10.63,12.83,10.13,8.95,9.57
2025-12-16T18:36:53.948738,Recipe_A,a717ca67-edd7-4f3d-81bc-b95bafc99df1,15,3.0,,,,9.94,8.45,11.13,12.6,10.56,7.49
2025-12-16T18:36:54.948738,Recipe_A,a717ca67-edd7-4f3d-81bc-b95bafc99df1,15,3.0,,,,10.96,8.69,11.64,11.5,8.09,8.66
2025-12-16T18:36:55.948738,Recipe_A,a717ca67-edd7-4f3d-81bc-b95bafc99df1,15,3.0,,,,7.25,9.99,8.19,12.2,6.72,12.15
2025-12-16T18:36:56.948738,Recipe_A,a717ca67-edd7-4f3d-81bc-b95bafc99df1,15,3.0,,,,8.42,8.06,10.07,9.23,9.89,9.28
2025-12-16T18:36:57.948738,Recipe_A,a717ca67-edd7-4f3d-81bc-b95bafc99df1,15,3.0,,,,8.34,10.64,7.56,10.34,11.58,12.31
2025-12-16T18:36:58.948738,Recipe_A,a717ca67-edd7-4f3d-81bc-b95bafc99df1,15,3.0,,,,12.22,9.37,9.47,9.98,12.48,10.77
2025-12-16T18:36:59.948738,Recipe_A,a717ca67-edd7-4f3d-81bc-b95bafc99df1,15,3.0,,,,11.67,8.54,10.47,8.83,9.67,15.73
2025-12-16T18:37:00.948738,Recipe_A,a717ca67-edd7-4f3d-81bc-b95bafc99df1,15,3.0,,,,7.92,10.38,12.78,4.09,7.37,8.94
2025-12-16T18:37:01.948738,Recipe_A,a717ca67-edd7-4f3d-81bc-b95bafc99df1,15,3.0,,,,11.11,11.41,9.67,9.71,10.16,9.78
2025-12-16T18:37:02.948738,Recipe_A,a717ca67-edd7-4f3d-81bc-b95bafc99df1,15,3.0,,,,8.77,9.12,8.16,12.61,11.55,11.04
2025-12-16T18:37:03.948738,Recipe_A,a717ca67-edd7-4f3d-81bc-b95bafc99df1,15,3.0,,,,6.2,9.86,11.84,6.98,8.51,10.89
2025-12-16T18:37:04.948738,Recipe_A,a717ca67-edd7-4f3d-81bc-b95bafc99df1,15,3.0,,,,11.62,10.54,11.38,11.37,12.23,6.22
2025-12-16T18:37:05.948738,Recipe_A,a717ca67-edd7-4f3d-81bc-b95bafc99df1,15,3.0,,,,7.24,10.27,11.61,7.81,8.24,10.49
2025-12-16T18:37:06.948738,Recipe_A,a717ca67-edd7-4f3d-81bc-b95bafc99df1,15,3.0,,,,8.75,9.28,11.79,12.35,8.82,10.07
2025-12-16T18:37:07.948738,Recipe_A,a717ca67-edd7-4f3d-81bc-b95bafc99df1,15,3.0,,,,8.77,11.97,10.3,7.1,9.96,7.51
2025-12-16T18:37:08.948738,Recipe_A,a717ca67-edd7-4f3d-81bc-b95bafc99df1,15,3.0,,,,13.92,9.3,6.37,10.38,7.62,10.41
2025-12-16T18:37:09.948738,Recipe_A,a717ca67-edd7-4f3d-81bc-b95bafc99df1,15,3.0,,,,13.8,10.29,10.59,11.24,7.51,10.89
2025-12-16T18:37:10.948738,Recipe_A,a717ca67-edd7-4f3d-81bc-b95bafc99df1,15,3.0,,,,10.78,9.94,10.47,10.89,8.2,10.11
2025-12-16T18:37:11.948738,Recipe_A,a717ca67-edd7-4f3d-81bc-b95bafc99df1,15,3.0,,,,12.3,9.3,9.46,14.29,9.11,9.85
2025-12-16T18:37:12.948738,Recipe_A,a717ca67-edd7-4f3d-81bc-b95bafc99df1,15,3.0,,,,8.52,9.39,11.07,10.12,8.62,11.54
2025-12-16T18:37:13.948738,Recipe_A,a717ca67-edd7-4f3d-81bc-b95bafc99df1,15,3.0,,,,11.9,10.07,9.1,8.25,10.02,11.51
2025-12-16T18:37:14.948738,Recipe_A,a717ca67-edd7-4f3d-81bc-b95bafc99df1,15,3.0,,,,9.85,8.11,5.51,6.27,9.53,11.65
2025-12-16T18:37:15.948738,Recipe_A,a717ca67-edd7-4f3d-81bc-b95bafc99df1,15,3.0,,,,10.15,10.03,10.59,11.94,9.22,9.29
2025-12-16T18:37:16.948738,Recipe_A,a717ca67-edd7-4f3d-81bc-b95bafc99df1,15,3.0,,,,8.37,10.85,12.51,8.46,9.84,10.31
2025-12-16T18:37:17.948738,Recipe_A,a717ca67-edd7-4f3d-81bc-b95bafc99df1,15,3.0,,,,8.4,12.78,13.7,11.21,11.38,11.6
2025-12-16T18:37:18.948738,Recipe_A,a717ca67-edd7-4f3d-81bc-b95bafc99df1,15,3.0,,,,9.21,8.72,11.32,11.69,10.39,8.47
2025-12-16T18:37:19.948738,Recipe_A,a717ca67-edd7-4f3d-81bc-b95bafc99df1,15,3.0,,,,9.39,10.02,10.7,11.36,9.16,10.62
2025-12-16T18:37:20.948738,Recipe_A,a717ca67-edd7-4f3d-81bc-b95bafc99df1,15,3.0,,,,6.81,9.73,11.74,13.32,7.79,6.06
2025-12-16T18:37:21.948738,Recipe_A,a717ca67-edd7-4f3d-81bc-b95bafc99df1,15,3.0,,,,9.71,10.86,10.78,8.39,11.83,12.28
2025-12-16T18:37:22.948738,Recipe_A,a717ca67-edd7-4f3d-81bc-b95bafc99df1,15,3.0,,,,11.24,11.7,11.69,6.79,10.24,9.99
2025-12-16T18:37:23.948738,Recipe_A,a717ca67-edd7-4f3d-81bc-b95bafc99df1,15,1.0,,,,11.6,11.28,10.44,8.89,12.23,10.68
2025-12-16T18:37:24.948738,Recipe_A,a717ca67-edd7-4f3d-81bc-b95bafc99df1,15,1.0,,,,7.75,9.8,6.35,8.17,9.87,7.16
2025-12-16T18:37:25.948738,Recipe_A,a717ca67-edd7-4f3d-81bc-b95bafc99df1,15,1.0,,,,10.08,8.96,9.37,14.3,10.78,8.8
