Timestamp,RecipeId,JobId,RunId,Active_State_General_StaOperatingState,Name,Text,Severity,Active_ActProcVal_All_MainDrive_ActSpeed,Active_ActProcVal_All_MainDrive_ActTorquePercent,Active_ActProcVal_All_MainDrive_ActThroughput,Active_ActProcVal_All_MainDrive_ActPower,Active_ActProcVal_All_MainDrive_ActSME,Active_ActProcVal_All_Endplate_ActPressure
2025-12-16T18:29:27.638122,Recipe_A,506af462-4e57-4295-9af2-1d9f653511cc,16,0.0,,,,0.0,0.0,0.0,0.0,0.0,0.0
2025-12-16T18:29:28.638122,Recipe_A,506af462-4e57-4295-9af2-1d9f653511cc,16,0.0,,,,0.0,0.0,0.0,0.0,0.0,0.0
2025-12-16T18:29:29.638122,Recipe_A,506af462-4e57-4295-9af2-1d9f653511cc,16,0.0,,,,0.0,0.0,0.0,0.0,0.0,0.0
2025-12-16T18:29:30.638122,Recipe_A,506af462-4e57-4295-9af2-1d9f653511cc,16,0.0,,,,0.0,0.0,0.0,0.0,0.0,0.0
2025-12-16T18:29:31.638122,Recipe_A,506af462-4e57-4295-9af2-1d9f653511cc,16,0.0,,,,0.0,0.0,0.0,0.0,0.0,0.0
2025-12-16T18:29:32.638122,Recipe_A,506af462-4e57-4295-9af2-1d9f653511cc,16,0.0,,,,0.0,0.0,0.0,0.0,0.0,0.0
2025-12-16T18:29:33.638122,Recipe_A,506af462-4e57-4295-9af2-1d9f653511cc,16,0.0,,,,0.0,0.0,0.0,0.0,0.0,0.0
2025-12-16T18:29:34.638122,Recipe_A,506af462-4e57-4295-9af2-1d9f653511cc,16,0.0,,,,0.0,0.0,0.0,0.0,0.0,0.0
2025-12-16T18:29:35.638122,Recipe_A,506af462-4e57-4295-9af2-1d9f653511cc,16,0.0,,,,0.0,0.0,0.0,0.0,0.0,0.0
2025-12-16T18:29:36.638122,Recipe_A,506af462-4e57-4295-9af2-1d9f653511cc,16,0.0,,,,0.0,0.0,0.0,0.0,0.0,0.0
2025-12-16T18:29:37.638122,Recipe_A,506af462-4e57-4295-9af2-1d9f653511cc,16,0.0,,,,0.0,0.0,0.0,0.0,0.0,0.0
2025-12-16T18:29:38.638122,Recipe_A,506af462-4e57-4295-9af2-1d9f653511cc,16,0.0,,,,0.0,0.0,0.0,0.0,0.0,0.0
2025-12-16T18:29:39.638122,Recipe_A,506af462-4e57-4295-9af2-1d9f653511cc,16,0.0,,,,0.0,0.0,0.0,0.0,0.0,0.0
2025-12-16T18:29:40.638122,Recipe_A,506af462-4e57-4295-9af2-1d9f653511cc,16,0.0,,,,0.0,0.0,0.0,0.0,0.0,0.0
2025-12-16T18:29:41.638122,Recipe_A,506af462-4e57-4295-9af2-1d9f653511cc,16,0.0,,,,0.0,0.0,0.0,0.0,0.0,0.0
2025-12-16T18:29:42.638122,Recipe_A,506af462-4e57-4295-9af2-1d9f653511cc,16,0.0,,,,0.0,0.0,0.0,0.0,0.0,0.0
2025-12-16T18:29:43.638122,Recipe_A,506af462-4e57-4295-9af2-1d9f653511cc,16,0.0,,,,0.0,0.0,0.0,0.0,0.0,0.0
2025-12-16T18:29:44.638122,Recipe_A,506af462-4e57-4295-9af2-1d9f653511cc,16,0.0,,,,0.0,0.0,0.0,0.0,0.0,0.0
2025-12-16T18:29:45.638122,Recipe_A,506af462-4e57-4295-9af2-1d9f653511cc,16,0.0,,,,0.0,0.0,0.0,0.0,0.0,0.0
2025-12-16T18:29:46.638122,Recipe_A,506af462-4e57-4295-9af2-1d9f653511cc,16,0.0,,,,0.0,0.0,0.0,0.0,0.0,0.0
2025-12-16T18:29:47.638122,Recipe_A,506af462-4e57-4295-9af2-1d9f653511cc,16,0.0,,,,0.0,0.0,0.0,0.0,0.0,0.0
2025-12-16T18:29:48.638122,Recipe_A,506af462-4e57-4295-9af2-1d9f653511cc,16,0.0,,,,0.0,0.0,0.0,0.0,0.0,0.0
2025-12-16T18:29:49.638122,Recipe_A,506af462-4e57-4295-9af2-1d9f653511cc,16,0.0,,,,0.0,0.0,0.0,0.0,0.0,0.0
2025-12-16T18:29:50.638122,Recipe_A,506af462-4e57-4295-9af2-1d9f653511cc,16,0.0,,,,0.0,0.0,0.0,0.0,0.0,0.0
2025-12-16T18:29:51.638122,Recipe_A,506af462-4e57-4295-9af2-1d9f653511cc,16,0.0,,,,0.0,0.0,0.0,0.0,0.0,0.0
2025-12-16T18:29:52.638122,Recipe_A,506af462-4e57-4295-9af2-1d9f653511cc,16,0.0,,,,0.0,0.0,0.0,0.0,0.0,0.0
2025-12-16T18:29:53.638122,Recipe_A,506af462-4e57-4295-9af2-1d9f653511cc,16,0.0,,,,0.0,0.0,0.0,0.0,0.0,0.0
2025-12-16T18:29:54.638122,Recipe_A,506af462-4e57-4295-9af2-1d9f653511cc,16,0.0,,,,0.0,0.0,0.0,0.0,0.0,0.0
2025-12-16T18:29:55.638122,Recipe_A,506af462-4e57-4295-9af2-1d9f653511cc,16,0.0,,,,0.0,0.0,0.0,0.0,0.0,0.0
2025-12-16T18:29:56.638122,Recipe_A,506af462-4e57-4295-9af2-1d9f653511cc,16,0.0,,,,0.0,0.0,0.0,0.0,0.0,0.0
2025-12-16T18:29:57.638122,Recipe_A,506af462-4e57-4295-9af2-1d9f653511cc,16,0.0,,,,0.0,0.0,0.0,0.0,0.0,0.0
2025-12-16T18:29:58.638122,Recipe_A,506af462-4e57-4295-9af2-1d9f653511cc,16,0.0,,,,0.0,0.0,0.0,0.0,0.0,0.0
2025-12-16T18:29:59.638122,Recipe_A,506af462-4e57-4295-9af2-1d9f653511cc,16,0.0,,,,0.0,0.0,0.0,0.0,0.0,0.0
2025-12-16T18:30:00.638122,Recipe_A,506af462-4e57-4295-9af2-1d9f653511cc,16,0.0,,,,0.0,0.0,0.0,0.0,0.0,0.0
2025-12-16T18:30:01.638122,Recipe_A,506af462-4e57-4295-9af2-1d9f653511cc,16,0.0,,,,0.0,0.0,0.0,0.0,0.0,0.0
2025-12-16T18:30:02.638122,Recipe_A,506af462-4e57-4295-9af2-1d9f653511cc,16,0.0,,,,0.0,0.0,0.0,0.0,0.0,0.0
2025-12-16T18:30:03.638122,Recipe_A,506af462-4e57-4295-9af2-1d9f653511cc,16,0.0,,,,0.0,0.0,0.0,0.0,0.0,0.0
2025-12-16T18:30:04.638122,Recipe_A,506af462-4e57-4295-9af2-1d9f653511cc,16,0.0,,,,0.0,0.0,0.0,0.0,0.0,0.0
2025-12-16T18:30:05.638122,Recipe_A,506af462-4e57-4295-9af2-1d9f653511cc,16,0.0,,,,0.0,0.0,0.0,0.0,0.0,0.0
2025-12-16T18:30:06.638122,Recipe_A,506af462-4e57-4295-9af2-1d9f653511cc,16,0.0,,,,0.0,0.0,0.0,0.0,0.0,0.0
2025-12-16T18:30:07.638122,Recipe_A,506af462-4e57-4295-9af2-1d9f653511cc,16,0.0,,,,0.0,0.0,0.0,0.0,0.0,0.0
2025-12-16T18:30:08.638122,Recipe_A,506af462-4e57-4295-9af2-1d9f653511cc,16,0.0,,,,0.0,0.0,0.0,0.0,0.0,0.0
2025-12-16T18:30:09.638122,Recipe_A,506af462-4e57-4295-9af2-1d9f653511cc,16,0.0,,,,0.0,0.0,0.0,0.0,0.0,0.0
2025-12-16T18:30:10.638122,Recipe_A,506af462-4e57-4295-9af2-1d9f653511cc,16,0.0,,,,0.0,0.0,0.0,0.0,0.0,0.0
2025-12-16T18:30:11.638122,Recipe_A,506af462-4e57-4295-9af2-1d9f653511cc,16,0.0,,,,0.0,0.0,0.0,0.0,0.0,0.0
2025-12-16T18:30:12.638122,Recipe_A,506af462-4e57-4295-9af2-1d9f653511cc,16,0.0,,,,0.0,0.0,0.0,0.0,0.0,0.0
2025-12-16T18:30:13.638122,Recipe_A,506af462-4e57-4295-9af2-1d9f653511cc,16,0.0,,,,0.0,0.0,0.0,0.0,0.0,0.0
2025-12-16T18:30:14.638122,Recipe_A,506af462-4e57-4295-9af2-1d9f653511cc,16,0.0,,,,0.0,0.0,0.0,0.0,0.0,0.0
2025-12-16T18:30:15.638122,Recipe_A,506af462-4e57-4295-9af2-1d9f653511cc,16,0.0,,,,0.0,0.0,0.0,0.0,0.0,0.0
2025-12-16T18:30:16.638122,Recipe_A,506af462-4e57-4295-9af2-1d9f653511cc,16,0.0,,,,0.0,0.0,0.0,0.0,0.0,0.0
2025-12-16T18:30:17.638122,Recipe_A,506af462-4e57-4295-9af2-1d9f653511cc,16,0.0,,,,0.0,0.0,0.0,0.0,0.0,0.0
2025-12-16T18:30:18.638122,Recipe_A,506af462-4e57-4295-9af2-1d9f653511cc,16,0.0,,,,0.0,0.0,0.0,0.0,0.0,0.0
2025-12-16T18:30:19.638122,Recipe_A,506af462-4e57-4295-9af2-1d9f653511cc,16,3.0,,,,9.92,9.67,8.0,13.81,10.18,13.83
2025-12-16T18:30:20.638122,Recipe_A,506af462-4e57-4295-9af2-1d9f653511cc,16,3.0,,,,9.76,11.28,13.42,12.37,11.89,13.51
2025-12-16T18:30:21.638122,Recipe_A,506af462-4e57-4295-9af2-1d9f653511cc,16,3.0,,,,10.72,9.77,11.11,11.92,8.54,9.32
2025-12-16T18:30:22.638122,Recipe_A,506af462-4e57-4295-9af2-1d9f653511cc,16,3.0,,,,11.91,13.23,7.38,15.68,12.07,8.1
2025-12-16T18:30:23.638122,Recipe_A,506af462-4e57-4295-9af2-1d9f653511cc,16,3.0,,,,8.36,12.52,12.22,7.03,11.17,8.9
2025-12-16T18:30:24.638122,Recipe_A,506af462-4e57-4295-9af2-1d9f653511cc,16,3.0,,,,12.57,10.62,7.68,8.58,9.68,10.94
2025-12-16T18:30:25.638122,Recipe_A,506af462-4e57-4295-9af2-1d9f653511cc,16,3.0,,,,11.0,7.82,8.5,9.08,12.39,7.87
2025-12-16T18:30:26.638122,Recipe_A,506af462-4e57-4295-9af2-1d9f653511cc,16,3.0,,,,8.69,9.73,10.59,13.06,10.89,7.12
2025-12-16T18:30:27.638122,Recipe_A,506af462-4e57-4295-9af2-1d9f653511cc,16,3.0,,,,11.64,9.89,10.47,7.7,8.62,9.72
2025-12-16T18:30:28.638122,Recipe_A,506af462-4e57-4295-9af2-1d9f653511cc,16,3.0,,,,9.07,12.33,9.3,8.63,9.9,8.96
2025-12-16T18:30:29.638122,Recipe_A,506af462-4e57-4295-9af2-1d9f653511cc,16,3.0,,,,5.62,11.11,7.2,8.72,5.13,7.28
2025-12-16T18:30:30.638122,Recipe_A,506af462-4e57-4295-9af2-1d9f653511cc,16,3.0,,,,9.2,11.87,9.24,10.96,11.04,9.5
2025-12-16T18:30:31.638122,Recipe_A,506af462-4e57-4295-9af2-1d9f653511cc,16,3.0,,,,10.16,8.81,8.53,3.43,10.65,11.96
2025-12-16T18:30:32.638122,Recipe_A,506af462-4e57-4295-9af2-1d9f653511cc,16,3.0,,,,9.52,10.51,11.05,10.96,10.13,9.32
2025-12-16T18:30:33.638122,Recipe_A,506af462-4e57-4295-9af2-1d9f653511cc,16,3.0,,,,13.2,12.58,9.28,8.97,10.16,10.64
2025-12-16T18:30:34.638122,Recipe_A,506af462-4e57-4295-9af2-1d9f653511cc,16,3.0,,,,10.67,12.16,12.28,10.03,13.67,6.51
2025-12-16T18:30:35.638122,Recipe_A,506af462-4e57-4295-9af2-1d9f653511cc,16,3.0,,,,7.79,11.62,8.65,8.89,11.08,12.09
2025-12-16T18:30:36.638122,Recipe_A,506af462-4e57-4295-9af2-1d9f653511cc,16,3.0,,,,8.89,10.93,9.37,9.68,11.27,9.62
2025-12-16T18:30:37.638122,Recipe_A,506af462-4e57-4295-9af2-1d9f653511cc,16,3.0,,,,8.93,7.9,6.64,12.0,10.44,8.56
2025-12-16T18:30:38.638122,Recipe_A,506af462-4e57-4295-9af2-1d9f653511cc,16,3.0,,,,9.21,13.56,4.79,8.26,9.19,8.78
2025-12-16T18:30:39.638122,Recipe_A,506af462-4e57-4295-9af2-1d9f653511cc,16,3.0,,,,9.06,9.13,9.39,7.27,8.65,13.32
2025-12-16T18:30:40.638122,Recipe_A,506af462-4e57-4295-9af2-1d9f653511cc,16,3.0,,,,9.94,8.87,10.77,8.38,12.5,10.24
2025-12-16T18:30:41.638122,Recipe_A,506af462-4e57-4295-9af2-1d9f653511cc,16,3.0,,,,5.51,11.76,8.89,9.32,9.19,9.14
2025-12-16T18:30:42.638122,Recipe_A,506af462-4e57-4295-9af2-1d9f653511cc,16,3.0,,,,9.43,10.01,11.07,9.9,9.52,9.94
2025-12-16T18:30:43.638122,Recipe_A,506af462-4e57-4295-9af2-1d9f653511cc,16,3.0,,,,10.72,7.61,10.42,9.29,8.63,12.74
2025-12-16T18:30:44.638122,Recipe_A,506af462-4e57-4295-9af2-1d9f653511cc,16,3.0,,,,10.47,9.77,10.42,8.35,5.12,11.15
2025-12-16T18:30:45.638122,Recipe_A,506af462-4e57-4295-9af2-1d9f653511cc,16,3.0,,,,8.99,9.64,10.49,11.24,7.19,7.16
2025-12-16T18:30:46.638122,Recipe_A,506af462-4e57-4295-9af2-1d9f653511cc,16,3.0,,,,10.53,9.63,12.39,12.04,6.71,7.82
2025-12-16T18:30:47.638122,Recipe_A,506af462-4e57-4295-9af2-1d9f653511cc,16,3.0,,,,7.22,11.34,12.52,10.98,8.82,9.31
2025-12-16T18:30:48.638122,Recipe_A,506af462-4e57-4295-9af2-1d9f653511cc,16,3.0,,,,10.93,7.38,10.03,11.92,12.27,7.66
2025-12-16T18:30:49.638122,Recipe_A,506af462-4e57-4295-9af2-1d9f653511cc,16,3.0,,,,10.63,10.3,10.04,12.28,8.71,7.21
2025-12-16T18:30:50.638122,Recipe_A,506af462-4e57-4295-9af2-1d9f653511cc,16,3.0,,,,11.32,11.87,11.79,12.25,9.87,13.01
2025-12-16T18:30:51.638122,Recipe_A,506af462-4e57-4295-9af2-1d9f653511cc,16,3.0,,,,11.9,12.07,12.63,7.77,8.37,7.07
2025-12-16T18:30:52.638122,Recipe_A,506af462-4e57-4295-9af2-1d9f653511cc,16,3.0,,,,13.25,9.31,9.52,11.46,10.19,9.68
2025-12-16T18:30:53.638122,Recipe_A,506af462-4e57-4295-9af2-1d9f653511cc,16,3.0,,,,9.96,8.51,8.59,10.35,11.58,10.11
2025-12-16T18:30:54.638122,Recipe_A,506af462-4e57-4295-9af2-1d9f653511cc,16,3.0,,,,13.03,10.11,4.82,9.24,10.72,11.03
2025-12-16T18:30:55.638122,Recipe_A,506af462-4e57-4295-9af2-1d9f653511cc,16,3.0,,,,11.61,7.16,13.25,9.59,12.5,12.64
2025-12-16T18:30:56.638122,Recipe_A,506af462-4e57-4295-9af2-1d9f653511cc,16,3.0,,,,9.77,10.24,9.22,8.75,7.57,10.75
2025-12-16T18:30:57.638122,Recipe_A,506af462-4e57-4295-9af2-1d9f653511cc,16,3.0,,,,10.52,9.57,8.02,9.31,8.62,11.25
2025-12-16T18:30:58.638122,Recipe_A,506af462-4e57-4295-9af2-1d9f653511cc,16,3.0,,,,11.16,7.61,10.17,10.58,8.71,12.81
2025-12-16T18:30:59.638122,Recipe_A,506af462-4e57-4295-9af2-1d9f653511cc,16,3.0,,,,9.63,8.47,9.22,8.31,6.85,10.9
2025-12-16T18:31:00.638122,Recipe_A,506af462-4e57-4295-9af2-1d9f653511cc,16,3.0,,,,8.45,8.52,7.25,6.39,8.75,11.18
2025-12-16T18:31:01.638122,Recipe_A,506af462-4e57-4295-9af2-1d9f653511cc,16,3.0,,,,7.96,8.4,11.12,8.87,7.0,11.99
2025-12-16T18:31:02.638122,Recipe_A,506af462-4e57-4295-9af2-1d9f653511cc,16,3.0,,,,11.08,8.47,5.66,9.77,9.53,9.9
2025-12-16T18:31:03.638122,Recipe_A,506af462-4e57-4295-9af2-1d9f653511cc,16,3.0,,,,11.39,12.09,9.68,10.42,8.42,12.98
2025-12-16T18:31:04.638122,Recipe_A,506af462-4e57-4295-9af2-1d9f653511cc,16,3.0,,,,9.47,9.93,9.34,13.06,12.71,8.84
2025-12-16T18:31:05.638122,Recipe_A,506af462-4e57-4295-9af2-1d9f653511cc,16,3.0,,,,10.6,9.06,7.35,11.84,13.18,11.05
2025-12-16T18:31:06.638122,Recipe_A,506af462-4e57-4295-9af2-1d9f653511cc,16,3.0,,,,8.27,6.74,10.49,10.2,10.84,6.27
2025-12-16T18:31:07.638122,Recipe_A,506af462-4e57-4295-9af2-1d9f653511cc,16,3.0,,,,9.77,8.27,11.53,11.49,8.22,12.02
2025-12-16T18:31:08.638122,Recipe_A,506af462-4e57-4295-9af2-1d9f653511cc,16,3.0,,,,7.16,10.72,10.05,8.66,9.02,10.17
2025-12-16T18:31:09.638122,Recipe_A,506af462-4e57-4295-9af2-1d9f653511cc,16,3.0,,,,9.98,11.5,9.23,6.59,10.64,9.1
2025-12-16T18:31:10.638122,Recipe_A,506af462-4e57-4295-9af2-1d9f653511cc,16,3.0,,,,10.45,12.27,8.59,10.63,8.75,8.77
2025-12-16T18:31:11.638122,Recipe_A,506af462-4e57-4295-9af2-1d9f653511cc,16,3.0,,,,12.08,10.37,8.24,6.7,10.71,11.34
2025-12-16T18:31:12.638122,Recipe_A,506af462-4e57-4295-9af2-1d9f653511cc,16,3.0,,,,11.11,10.01,6.81,11.08,7.63,7.6
2025-12-16T18:31:13.638122,Recipe_A,506af462-4e57-4295-9af2-1d9f653511cc,16,3.0,,,,8.52,8.93,9.19,7.33,10.26,11.73
2025-12-16T18:31:14.638122,Recipe_A,506af462-4e57-4295-9af2-1d9f653511cc,16,3.0,,,,11.12,11.38,11.57,8.87,6.08,12.15
2025-12-16T18:31:15.638122,Recipe_A,506af462-4e57-4295-9af2-1d9f653511cc,16,3.0,,,,11.21,5.47,11.71,12.01,9.38,11.35
2025-12-16T18:31:16.638122,Recipe_A,506af462-4e57-4295-9af2-1d9f653511cc,16,3.0,,,,10.66,9.11,8.59,6.74,8.08,9.92
2025-12-16T18:31:17.638122,Recipe_A,506af462-4e57-4295-9af2-1d9f653511cc,16,3.0,,,,8.72,10.22,11.15,10.56,10.4,10.95
2025-12-16T18:31:18.638122,Recipe_A,506af462-4e57-4295-9af2-1d9f653511cc,16,3.0,,,,9.33,13.11,10.56,6.2,8.5,7.3
2025-12-16T18:31:19.638122,Recipe_A,506af462-4e57-4295-9af2-1d9f653511cc,16,3.0,,,,8.44,11.47,8.88,10.08,15.22,10.17
2025-12-16T18:31:20.638122,Recipe_A,506af462-4e57-4295-9af2-1d9f653511cc,16,3.0,,,,10.84,8.05,8.47,10.68,10.26,13.73
2025-12-16T18:31:21.638122,Recipe_A,506af462-4e57-4295-9af2-1d9f653511cc,16,3.0,,,,11.34,12.21,11.38,9.16,13.39,10.25
2025-12-16T18:31:22.638122,Recipe_A,506af462-4e57-4295-9af2-1d9f653511cc,16,3.0,,,,9.72,11.16,9.45,7.06,14.46,11.62
2025-12-16T18:31:23.638122,Recipe_A,506af462-4e57-4295-9af2-1d9f653511cc,16,3.0,,,,8.69,9.79,12.19,9.45,9.6,11.39
2025-12-16T18:31:24.638122,Recipe_A,506af462-4e57-4295-9af2-1d9f653511cc,16,3.0,,,,12.48,11.81,9.5,9.27,15.14,12.28
2025-12-16T18:31:25.638122,Recipe_A,506af462-4e57-4295-9af2-1d9f653511cc,16,0.0,,,,0.0,0.0,0.0,0.0,0.0,0.0
2025-12-16T18:31:26.638122,Recipe_A,506af462-4e57-4295-9af2-1d9f653511cc,16,0.0,,,,0.0,0.0,0.0,0.0,0.0,0.0
2025-12-16T18:31:27.638122,Recipe_A,506af462-4e57-4295-9af2-1d9f653511cc,16,0.0,,,,0.0,0.0,0.0,0.0,0.0,0.0
2025-12-16T18:31:28.638122,Recipe_A,506af462-4e57-4295-9af2-1d9f653511cc,16,0.0,,,,0.0,0.0,0.0,0.0,0.0,0.0
2025-12-16T18:31:29.638122,Recipe_A,506af462-4e57-4295-9af2-1d9f653511cc,16,0.0,,,,0.0,0.0,0.0,0.0,0.0,0.0
2025-12-16T18:31:30.638122,Recipe_A,506af462-4e57-4295-9af2-1d9f653511cc,16,2.0,,,,8.94,10.14,10.91,10.96,11.08,11.1
2025-12-16T18:31:31.638122,Recipe_A,506af462-4e57-4295-9af2-1d9f653511cc,16,2.0,,,,13.12,11.09,8.52,8.3,11.29,9.34
2025-12-16T18:31:32.638122,Recipe_A,506af462-4e57-4295-9af2-1d9f653511cc,16,2.0,,,,11.85,10.17,10.44,10.02,8.83,10.26
2025-12-16T18:31:33.638122,Recipe_A,506af462-4e57-4295-9af2-1d9f653511cc,16,2.0,,,,3.74,10.84,8.02,10.47,10.43,10.3
2025-12-16T18:31:34.638122,Recipe_A,506af462-4e57-4295-9af2-1d9f653511cc,16,2.0,,,,8.55,10.11,10.2,11.45,9.49,8.49
2025-12-16T18:31:35.638122,Recipe_A,506af462-4e57-4295-9af2-1d9f653511cc,16,2.0,,,,9.93,13.47,8.6,8.59,7.98,9.35
2025-12-16T18:31:36.638122,Recipe_A,506af462-4e57-4295-9af2-1d9f653511cc,16,2.0,,,,8.83,13.52,8.7,10.56,8.27,9.12
2025-12-16T18:31:37.638122,Recipe_A,506af462-4e57-4295-9af2-1d9f653511cc,16,2.0,,,,7.71,10.25,9.84,10.58,8.5,8.28
2025-12-16T18:31:38.638122,Recipe_A,506af462-4e57-4295-9af2-1d9f653511cc,16,2.0,,,,10.19,6.68,10.35,8.97,12.92,9.74
2025-12-16T18:31:39.638122,Recipe_A,506af462-4e57-4295-9af2-1d9f653511cc,16,2.0,,,,10.09,8.04,7.01,12.5,11.79,11.91
2025-12-16T18:31:40.638122,Recipe_A,506af462-4e57-4295-9af2-1d9f653511cc,16,2.0,,,,14.9,7.55,16.19,10.86,12.13,11.97
2025-12-16T18:31:41.638122,Recipe_A,506af462-4e57-4295-9af2-1d9f653511cc,16,2.0,,,,7.65,11.13,10.14,9.21,8.95,9.15
2025-12-16T18:31:42.638122,Recipe_A,506af462-4e57-4295-9af2-1d9f653511cc,16,2.0,,,,11.87,9.65,9.2,10.62,9.04,7.24
2025-12-16T18:31:43.638122,Recipe_A,506af462-4e57-4295-9af2-1d9f653511cc,16,2.0,,,,9.8,10.62,9.71,11.73,8.45,13.22
2025-12-16T18:31:44.638122,Recipe_A,506af462-4e57-4295-9af2-1d9f653511cc,16,2.0,,,,14.67,6.11,10.24,12.12,9.97,10.42
2025-12-16T18:31:45.638122,Recipe_A,506af462-4e57-4295-9af2-1d9f653511cc,16,2.0,,,,7.69,9.91,10.26,9.54,9.29,14.14
2025-12-16T18:31:46.638122,Recipe_A,506af462-4e57-4295-9af2-1d9f653511cc,16,2.0,,,,12.45,10.39,12.4,9.98,7.26,9.11
2025-12-16T18:31:47.638122,Recipe_A,506af462-4e57-4295-9af2-1d9f653511cc,16,2.0,,,,12.81,9.93,9.06,5.97,11.31,8.03
2025-12-16T18:31:48.638122,Recipe_A,506af462-4e57-4295-9af2-1d9f653511cc,16,2.0,,,,8.21,9.85,10.51,10.43,8.74,11.47
2025-12-16T18:31:49.638122,Recipe_A,506af462-4e57-4295-9af2-1d9f653511cc,16,2.0,,,,7.3,14.03,7.96,9.67,9.41,12.74
2025-12-16T18:31:50.638122,Recipe_A,506af462-4e57-4295-9af2-1d9f653511cc,16,2.0,,,,9.56,9.83,11.19,13.71,7.41,8.56
2025-12-16T18:31:51.638122,Recipe_A,506af462-4e57-4295-9af2-1d9f653511cc,16,2.0,,,,9.05,11.68,12.52,7.58,13.16,11.79
2025-12-16T18:31:52.638122,Recipe_A,506af462-4e57-4295-9af2-1d9f653511cc,16,2.0,,,,11.64,8.33,13.58,10.73,9.51,9.66
2025-12-16T18:31:53.638122,Recipe_A,506af462-4e57-4295-9af2-1d9f653511cc,16,2.0,,,,12.37,10.39,9.66,9.54,9.68,12.73
2025-12-16T18:31:54.638122,Recipe_A,506af462-4e57-4295-9af2-1d9f653511cc,16,2.0,,,,11.87,10.86,8.98,6.64,8.51,11.03
2025-12-16T18:31:55.638122,Recipe_A,506af462-4e57-4295-9af2-1d9f653511cc,16,2.0,,,,13.15,10.43,7.42,9.97,9.26,9.27
2025-12-16T18:31:56.638122,Recipe_A,506af462-4e57-4295-9af2-1d9f653511cc,16,2.0,,,,4.39,13.12,8.06,10.86,9.25,7.97
2025-12-16T18:31:57.638122,Recipe_A,506af462-4e57-4295-9af2-1d9f653511cc,16,2.0,,,,12.48,11.03,12.88,7.7,8.85,6.63
2025-12-16T18:31:58.638122,Recipe_A,506af462-4e57-4295-9af2-1d9f653511cc,16,1.0,,,,10.26,8.73,8.64,10.18,9.57,10.93
2025-12-16T18:31:59.638122,Recipe_A,506af462-4e57-4295-9af2-1d9f653511cc,16,1.0,,,,6.86,10.36,13.23,12.19,9.36,4.65
2025-12-16T18:32:00.638122,Recipe_A,506af462-4e57-4295-9af2-1d9f653511cc,16,1.0,,,,9.77,6.99,7.63,12.72,11.11,12.59
2025-12-16T18:32:01.638122,Recipe_A,506af462-4e57-4295-9af2-1d9f653511cc,16,1.0,,,,14.81,11.94,12.25,11.59,4.11,9.4
2025-12-16T18:32:02.638122,Recipe_A,506af462-4e57-4295-9af2-1d9f653511cc,16,1.0,,,,7.91,10.01,11.61,12.15,8.26,10.66
2025-12-16T18:32:03.638122,Recipe_A,506af462-4e57-4295-9af2-1d9f653511cc,16,1.0,,,,7.97,13.66,11.39,6.98,11.2,10.25
2025-12-16T18:32:04.638122,Recipe_A,506af462-4e57-4295-9af2-1d9f653511cc,16,1.0,,,,3.02,8.84,8.91,9.4,7.8,9.24
2025-12-16T18:32:05.638122,Recipe_A,506af462-4e57-4295-9af2-1d9f653511cc,16,1.0,,,,10.3,10.6,9.07,10.24,11.56,12.31
2025-12-16T18:32:06.638122,Recipe_A,506af462-4e57-4295-9af2-1d9f653511cc,16,1.0,,,,8.19,11.26,11.04,8.2,12.27,12.4
2025-12-16T18:32:07.638122,Recipe_A,506af462-4e57-4295-9af2-1d9f653511cc,16,1.0,,,,9.14,9.19,12.39,10.93,9.14,11.16
2025-12-16T18:32:08.638122,Recipe_A,506af462-4e57-4295-9af2-1d9f653511cc,16,1.0,,,,9.92,9.81,10.76,8.0,7.48,9.65
2025-12-16T18:32:09.638122,Recipe_A,506af462-4e57-4295-9af2-1d9f653511cc,16,1.0,,,,11.4,9.03,10.37,6.7,8.55,9.2
2025-12-16T18:32:10.638122,Recipe_A,506af462-4e57-4295-9af2-1d9f653511cc,16,1.0,,,,9.15,11.89,10.52,8.82,13.39,8.98
2025-12-16T18:32:11.638122,Recipe_A,506af462-4e57-4295-9af2-1d9f653511cc,16,1.0,,,,15.87,9.96,12.3,8.66,7.15,11.97
2025-12-16T18:32:12.638122,Recipe_A,506af462-4e57-4295-9af2-1d9f653511cc,16,1.0,,,,11.06,9.75,9.71,12.49,11.85,9.83
2025-12-16T18:32:13.638122,Recipe_A,506af462-4e57-4295-9af2-1d9f653511cc,16,1.0,,,,8.16,9.47,10.22,10.93,8.88,11.76
2025-12-16T18:32:14.638122,Recipe_A,506af462-4e57-4295-9af2-1d9f653511cc,16,1.0,,,,12.94,7.46,7.96,9.91,8.44,7.85
2025-12-16T18:32:15.638122,Recipe_A,506af462-4e57-4295-9af2-1d9f653511cc,16,1.0,,,,14.57,10.9,9.16,12.21,14.5,10.19
2025-12-16T18:32:15.638122,Recipe_A,506af462-4e57-4295-9af2-1d9f653511cc,16,1.0,Warning_7,Simulated Warning occurred,Warning,,,,,,
2025-12-16T18:32:16.638122,Recipe_A,506af462-4e57-4295-9af2-1d9f653511cc,16,1.0,,,,13.39,6.61,10.37,8.63,11.54,10.22
2025-12-16T18:32:17.638122,Recipe_A,506af462-4e57-4295-9af2-1d9f653511cc,16,1.0,,,,11.13,6.78,11.8,8.48,8.73,8.85
2025-12-16T18:32:18.638122,Recipe_A,506af462-4e57-4295-9af2-1d9f653511cc,16,1.0,,,,8.59,8.52,13.91,9.02,9.79,15.22
2025-12-16T18:32:19.638122,Recipe_A,506af462-4e57-4295-9af2-1d9f653511cc,16,1.0,,,,5.67,9.6,8.81,11.5,12.2,10.3
2025-12-16T18:32:20.638122,Recipe_A,506af462-4e57-4295-9af2-1d9f653511cc,16,1.0,,,,11.07,9.66,10.84,14.58,12.63,9.09
2025-12-16T18:32:21.638122,Recipe_A,506af462-4e57-4295-9af2-1d9f653511cc,16,1.0,,,,8.16,11.18,9.56,11.69,7.67,10.5
2025-12-16T18:32:22.638122,Recipe_A,506af462-4e57-4295-9af2-1d9f653511cc,16,1.0,,,,13.13,9.95,8.49,11.38,9.07,12.91
2025-12-16T18:32:23.638122,Recipe_A,506af462-4e57-4295-9af2-1d9f653511cc,16,1.0,,,,8.13,11.38,10.03,9.78,8.03,12.81
2025-12-16T18:32:24.638122,Recipe_A,506af462-4e57-4295-9af2-1d9f653511cc,16,1.0,,,,14.24,11.02,9.81,8.11,6.75,10.01
2025-12-16T18:32:25.638122,Recipe_A,506af462-4e57-4295-9af2-1d9f653511cc,16,1.0,,,,9.2,10.02,12.35,10.53,11.55,8.71
2025-12-16T18:32:26.638122,Recipe_A,506af462-4e57-4295-9af2-1d9f653511cc,16,1.0,,,,9.85,12.81,8.28,12.5,11.51,10.4
2025-12-16T18:32:27.638122,Recipe_A,506af462-4e57-4295-9af2-1d9f653511cc,16,1.0,,,,10.63,10.92,10.87,8.19,8.55,7.83
2025-12-16T18:32:28.638122,Recipe_A,506af462-4e57-4295-9af2-1d9f653511cc,16,1.0,,,,11.63,10.7,11.76,8.6,9.69,9.94
2025-12-16T18:32:29.638122,Recipe_A,506af462-4e57-4295-9af2-1d9f653511cc,16,1.0,,,,12.25,10.28,13.58,7.95,11.07,11.91
2025-12-16T18:32:30.638122,Recipe_A,506af462-4e57-4295-9af2-1d9f653511cc,16,1.0,,,,12.04,12.37,9.26,8.6,10.73,10.15
2025-12-16T18:32:31.638122,Recipe_A,506af462-4e57-4295-9af2-1d9f653511cc,16,1.0,,,,11.61,11.1,8.2,9.67,8.22,10.08
2025-12-16T18:32:32.638122,Recipe_A,506af462-4e57-4295-9af2-1d9f653511cc,16,4.0,,,,88.8,60.97,55.17,62.62,48.12,54.05
2025-12-16T18:32:33.638122,Recipe_A,506af462-4e57-4295-9af2-1d9f653511cc,16,4.0,,,,96.83,69.87,48.51,52.01,51.43,60.56
2025-12-16T18:32:34.638122,Recipe_A,506af462-4e57-4295-9af2-1d9f653511cc,16,4.0,,,,85.53,48.26,52.04,57.14,51.94,56.82
2025-12-16T18:32:35.638122,Recipe_A,506af462-4e57-4295-9af2-1d9f653511cc,16,4.0,,,,102.14,60.1,53.66,47.86,51.88,42.4
2025-12-16T18:32:36.638122,Recipe_A,506af462-4e57-4295-9af2-1d9f653511cc,16,4.0,,,,106.72,55.87,51.79,58.96,40.43,49.55
2025-12-16T18:32:37.638122,Recipe_A,506af462-4e57-4295-9af2-1d9f653511cc,16,4.0,,,,93.77,41.58,55.74,48.22,49.06,45.47
2025-12-16T18:32:38.638122,Recipe_A,506af462-4e57-4295-9af2-1d9f653511cc,16,4.0,,,,102.75,56.36,45.85,57.56,58.25,51.51
2025-12-16T18:32:39.638122,Recipe_A,506af462-4e57-4295-9af2-1d9f653511cc,16,4.0,,,,105.64,46.19,53.55,36.29,41.02,41.86
2025-12-16T18:32:40.638122,Recipe_A,506af462-4e57-4295-9af2-1d9f653511cc,16,4.0,,,,100.43,58.09,50.67,50.48,52.66,56.27
2025-12-16T18:32:41.638122,Recipe_A,506af462-4e57-4295-9af2-1d9f653511cc,16,4.0,,,,105.13,57.25,46.94,48.15,45.07,53.01
2025-12-16T18:32:42.638122,Recipe_A,506af462-4e57-4295-9af2-1d9f653511cc,16,4.0,,,,108.83,32.15,49.87,43.01,52.78,53.13
2025-12-16T18:32:43.638122,Recipe_A,506af462-4e57-4295-9af2-1d9f653511cc,16,4.0,,,,96.68,50.34,42.68,53.42,53.84,56.41
2025-12-16T18:32:44.638122,Recipe_A,506af462-4e57-4295-9af2-1d9f653511cc,16,4.0,,,,93.11,44.34,39.14,47.04,42.65,48.58
2025-12-16T18:32:45.638122,Recipe_A,506af462-4e57-4295-9af2-1d9f653511cc,16,4.0,,,,103.97,44.39,42.27,47.09,49.09,49.36
2025-12-16T18:32:46.638122,Recipe_A,506af462-4e57-4295-9af2-1d9f653511cc,16,4.0,,,,94.93,45.06,50.39,54.6,59.04,51.29
2025-12-16T18:32:47.638122,Recipe_A,506af462-4e57-4295-9af2-1d9f653511cc,16,4.0,,,,93.85,50.94,42.71,52.74,59.12,41.16
2025-12-16T18:32:48.638122,Recipe_A,506af462-4e57-4295-9af2-1d9f653511cc,16,4.0,,,,106.84,54.34,59.11,56.77,49.43,52.43
2025-12-16T18:32:49.638122,Recipe_A,506af462-4e57-4295-9af2-1d9f653511cc,16,4.0,,,,96.98,41.24,51.68,51.18,44.1,52.57
2025-12-16T18:32:50.638122,Recipe_A,506af462-4e57-4295-9af2-1d9f653511cc,16,4.0,,,,108.15,43.96,51.47,51.34,53.9,43.57
2025-12-16T18:32:51.638122,Recipe_A,506af462-4e57-4295-9af2-1d9f653511cc,16,4.0,,,,101.93,47.19,43.38,57.15,50.88,53.23
2025-12-16T18:32:52.638122,Recipe_A,506af462-4e57-4295-9af2-1d9f653511cc,16,4.0,,,,112.63,43.17,53.97,51.68,53.43,42.88
2025-12-16T18:32:53.638122,Recipe_A,506af462-4e57-4295-9af2-1d9f653511cc,16,4.0,,,,95.45,45.79,48.37,55.5,49.3,41.33
2025-12-16T18:32:54.638122,Recipe_A,506af462-4e57-4295-9af2-1d9f653511cc,16,4.0,,,,103.65,54.66,44.7,54.77,49.89,54.96
2025-12-16T18:32:55.638122,Recipe_A,506af462-4e57-4295-9af2-1d9f653511cc,16,4.0,,,,110.05,49.49,53.65,39.78,48.13,44.36
2025-12-16T18:32:56.638122,Recipe_A,506af462-4e57-4295-9af2-1d9f653511cc,16,4.0,,,,87.2,58.2,43.57,44.26,48.09,49.78
2025-12-16T18:32:57.638122,Recipe_A,506af462-4e57-4295-9af2-1d9f653511cc,16,4.0,,,,101.68,48.04,47.94,45.18,44.04,57.06
2025-12-16T18:32:58.638122,Recipe_A,506af462-4e57-4295-9af2-1d9f653511cc,16,4.0,,,,101.81,55.97,58.64,46.55,57.22,47.39
2025-12-16T18:32:59.638122,Recipe_A,506af462-4e57-4295-9af2-1d9f653511cc,16,4.0,,,,102.51,44.96,42.38,53.91,53.13,44.36
2025-12-16T18:33:00.638122,Recipe_A,506af462-4e57-4295-9af2-1d9f653511cc,16,4.0,,,,96.73,61.6,43.79,49.97,54.02,55.43
2025-12-16T18:33:01.638122,Recipe_A,506af462-4e57-4295-9af2-1d9f653511cc,16,4.0,,,,106.69,50.18,44.78,49.06,42.71,46.75
2025-12-16T18:33:02.638122,Recipe_A,506af462-4e57-4295-9af2-1d9f653511cc,16,4.0,,,,109.91,58.41,43.56,53.21,51.84,47.69
2025-12-16T18:33:02.638122,Recipe_A,506af462-4e57-4295-9af2-1d9f653511cc,16,4.0,Warning_2,Simulated Warning occurred,Warning,,,,,,
2025-12-16T18:33:03.638122,Recipe_A,506af462-4e57-4295-9af2-1d9f653511cc,16,4.0,,,,99.95,53.02,38.56,52.4,43.42,54.3
2025-12-16T18:33:04.638122,Recipe_A,506af462-4e57-4295-9af2-1d9f653511cc,16,1.0,,,,9.84,6.94,12.63,10.89,10.02,10.51
2025-12-16T18:33:05.638122,Recipe_A,506af462-4e57-4295-9af2-1d9f653511cc,16,1.0,,,,9.0,11.55,10.9,9.84,8.5,10.19
2025-12-16T18:33:06.638122,Recipe_A,506af462-4e57-4295-9af2-1d9f653511cc,16,1.0,,,,9.41,14.17,10.7,11.58,8.44,10.67
2025-12-16T18:33:07.638122,Recipe_A,506af462-4e57-4295-9af2-1d9f653511cc,16,1.0,,,,7.46,8.62,11.39,10.33,7.66,9.02
2025-12-16T18:33:08.638122,Recipe_A,506af462-4e57-4295-9af2-1d9f653511cc,16,1.0,,,,8.61,9.26,11.34,7.8,10.66,10.19
2025-12-16T18:33:09.638122,Recipe_A,506af462-4e57-4295-9af2-1d9f653511cc,16,1.0,,,,11.72,9.47,10.97,12.21,9.26,9.22
2025-12-16T18:33:10.638122,Recipe_A,506af462-4e57-4295-9af2-1d9f653511cc,16,1.0,,,,11.44,10.77,10.33,10.55,8.62,12.12
2025-12-16T18:33:11.638122,Recipe_A,506af462-4e57-4295-9af2-1d9f653511cc,16,1.0,,,,8.97,11.18,9.72,7.14,9.37,8.66
2025-12-16T18:33:12.638122,Recipe_A,506af462-4e57-4295-9af2-1d9f653511cc,16,4.0,,,,91.19,58.16,50.68,59.21,54.54,53.4
2025-12-16T18:33:13.638122,Recipe_A,506af462-4e57-4295-9af2-1d9f653511cc,16,4.0,,,,107.57,52.63,56.17,49.13,52.78,47.03
2025-12-16T18:33:14.638122,Recipe_A,506af462-4e57-4295-9af2-1d9f653511cc,16,4.0,,,,92.98,49.51,53.15,47.06,54.05,47.36
2025-12-16T18:33:15.638122,Recipe_A,506af462-4e57-4295-9af2-1d9f653511cc,16,4.0,,,,97.89,53.25,63.2,51.82,47.19,46.56
2025-12-16T18:33:16.638122,Recipe_A,506af462-4e57-4295-9af2-1d9f653511cc,16,4.0,,,,95.84,48.63,54.94,51.32,50.49,53.43
2025-12-16T18:33:17.638122,Recipe_A,506af462-4e57-4295-9af2-1d9f653511cc,16,4.0,,,,102.59,48.29,53.67,50.06,49.67,42.29
2025-12-16T18:33:18.638122,Recipe_A,506af462-4e57-4295-9af2-1d9f653511cc,16,4.0,,,,98.68,46.14,56.78,58.65,52.34,51.11
2025-12-16T18:33:19.638122,Recipe_A,506af462-4e57-4295-9af2-1d9f653511cc,16,4.0,,,,98.92,47.68,46.3,48.97,58.57,51.19
2025-12-16T18:33:20.638122,Recipe_A,506af462-4e57-4295-9af2-1d9f653511cc,16,4.0,,,,97.47,42.02,44.83,50.89,44.8,55.68
2025-12-16T18:33:21.638122,Recipe_A,506af462-4e57-4295-9af2-1d9f653511cc,16,4.0,,,,97.49,55.02,54.47,52.32,52.57,50.01
2025-12-16T18:33:22.638122,Recipe_A,506af462-4e57-4295-9af2-1d9f653511cc,16,4.0,,,,100.75,57.29,52.91,49.55,47.6,59.71
2025-12-16T18:33:23.638122,Recipe_A,506af462-4e57-4295-9af2-1d9f653511cc,16,4.0,,,,106.48,65.61,53.53,50.2,48.53,45.71
2025-12-16T18:33:23.638122,Recipe_A,506af462-4e57-4295-9af2-1d9f653511cc,16,4.0,Warning_3,Simulated Warning occurred,Warning,,,,,,
2025-12-16T18:33:24.638122,Recipe_A,506af462-4e57-4295-9af2-1d9f653511cc,16,4.0,,,,104.94,60.74,46.5,49.72,45.29,51.28
2025-12-16T18:33:25.638122,Recipe_A,506af462-4e57-4295-9af2-1d9f653511cc,16,4.0,,,,104.09,51.41,42.3,48.67,55.86,45.05
2025-12-16T18:33:26.638122,Recipe_A,506af462-4e57-4295-9af2-1d9f653511cc,16,4.0,,,,104.25,54.27,57.47,54.71,40.82,45.99
2025-12-16T18:33:27.638122,Recipe_A,506af462-4e57-4295-9af2-1d9f653511cc,16,4.0,,,,97.53,56.58,53.53,52.1,49.06,45.44
2025-12-16T18:33:28.638122,Recipe_A,506af462-4e57-4295-9af2-1d9f653511cc,16,4.0,,,,99.63,42.22,53.97,58.1,51.32,54.48
2025-12-16T18:33:29.638122,Recipe_A,506af462-4e57-4295-9af2-1d9f653511cc,16,4.0,,,,102.08,50.46,54.84,47.69,52.78,54.97
2025-12-16T18:33:30.638122,Recipe_A,506af462-4e57-4295-9af2-1d9f653511cc,16,4.0,,,,104.57,49.1,55.4,48.85,53.26,43.37
2025-12-16T18:33:31.638122,Recipe_A,506af462-4e57-4295-9af2-1d9f653511cc,16,4.0,,,,108.89,48.34,57.0,51.33,48.18,46.4
2025-12-16T18:33:32.638122,Recipe_A,506af462-4e57-4295-9af2-1d9f653511cc,16,4.0,,,,90.7,45.89,56.37,50.92,45.58,45.27
2025-12-16T18:33:33.638122,Recipe_A,506af462-4e57-4295-9af2-1d9f653511cc,16,4.0,,,,96.53,49.91,50.88,45.61,54.77,51.36
2025-12-16T18:33:34.638122,Recipe_A,506af462-4e57-4295-9af2-1d9f653511cc,16,4.0,,,,99.82,53.1,49.79,55.28,53.75,48.46
2025-12-16T18:33:35.638122,Recipe_A,506af462-4e57-4295-9af2-1d9f653511cc,16,4.0,,,,99.57,45.62,53.56,45.71,47.23,50.28
2025-12-16T18:33:36.638122,Recipe_A,506af462-4e57-4295-9af2-1d9f653511cc,16,4.0,,,,106.94,51.41,53.99,56.3,53.98,53.46
2025-12-16T18:33:37.638122,Recipe_A,506af462-4e57-4295-9af2-1d9f653511cc,16,4.0,,,,91.85,51.26,44.35,47.76,50.59,50.4
2025-12-16T18:33:38.638122,Recipe_A,506af462-4e57-4295-9af2-1d9f653511cc,16,4.0,,,,103.84,47.82,45.38,43.49,48.19,62.45
2025-12-16T18:33:39.638122,Recipe_A,506af462-4e57-4295-9af2-1d9f653511cc,16,4.0,,,,97.15,57.12,56.33,60.63,46.76,54.3
2025-12-16T18:33:40.638122,Recipe_A,506af462-4e57-4295-9af2-1d9f653511cc,16,4.0,,,,97.1,45.49,47.3,50.34,56.24,47.31
2025-12-16T18:33:41.638122,Recipe_A,506af462-4e57-4295-9af2-1d9f653511cc,16,4.0,,,,99.3,44.46,49.74,51.74,49.74,53.0
2025-12-16T18:33:42.638122,Recipe_A,506af462-4e57-4295-9af2-1d9f653511cc,16,4.0,,,,107.28,51.17,43.99,50.2,49.85,60.4
2025-12-16T18:33:43.638122,Recipe_A,506af462-4e57-4295-9af2-1d9f653511cc,16,4.0,,,,97.86,49.79,46.28,48.59,46.79,49.1
2025-12-16T18:33:44.638122,Recipe_A,506af462-4e57-4295-9af2-1d9f653511cc,16,4.0,,,,101.56,50.51,45.32,48.52,49.29,53.41
2025-12-16T18:33:45.638122,Recipe_A,506af462-4e57-4295-9af2-1d9f653511cc,16,4.0,,,,103.15,43.21,46.61,50.6,48.42,49.36
2025-12-16T18:33:46.638122,Recipe_A,506af462-4e57-4295-9af2-1d9f653511cc,16,4.0,,,,100.17,52.48,45.81,53.81,48.21,51.01
2025-12-16T18:33:47.638122,Recipe_A,506af462-4e57-4295-9af2-1d9f653511cc,16,4.0,,,,99.69,57.16,51.84,50.04,58.04,49.42
2025-12-16T18:33:48.638122,Recipe_A,506af462-4e57-4295-9af2-1d9f653511cc,16,4.0,,,,109.59,50.35,44.21,49.94,52.85,47.56
2025-12-16T18:33:49.638122,Recipe_A,506af462-4e57-4295-9af2-1d9f653511cc,16,4.0,,,,95.53,49.03,56.13,54.29,50.88,56.69
2025-12-16T18:33:50.638122,Recipe_A,506af462-4e57-4295-9af2-1d9f653511cc,16,4.0,,,,96.64,47.03,51.66,54.78,46.76,46.27
2025-12-16T18:33:51.638122,Recipe_A,506af462-4e57-4295-9af2-1d9f653511cc,16,4.0,,,,105.56,57.46,53.24,41.35,46.13,48.92
2025-12-16T18:33:52.638122,Recipe_A,506af462-4e57-4295-9af2-1d9f653511cc,16,4.0,,,,97.48,41.95,42.64,65.65,58.67,61.89
2025-12-16T18:33:53.638122,Recipe_A,506af462-4e57-4295-9af2-1d9f653511cc,16,4.0,,,,95.97,51.99,50.29,55.55,45.85,47.91
2025-12-16T18:33:54.638122,Recipe_A,506af462-4e57-4295-9af2-1d9f653511cc,16,4.0,,,,103.55,50.3,54.92,46.07,44.48,50.28
2025-12-16T18:33:55.638122,Recipe_A,506af462-4e57-4295-9af2-1d9f653511cc,16,4.0,,,,106.41,56.96,54.7,43.36,40.65,49.74
2025-12-16T18:33:56.638122,Recipe_A,506af462-4e57-4295-9af2-1d9f653511cc,16,4.0,,,,100.31,47.68,62.92,52.29,49.48,48.68
2025-12-16T18:33:57.638122,Recipe_A,506af462-4e57-4295-9af2-1d9f653511cc,16,4.0,,,,99.95,52.02,41.45,56.29,50.89,55.55
2025-12-16T18:33:58.638122,Recipe_A,506af462-4e57-4295-9af2-1d9f653511cc,16,4.0,,,,104.68,51.54,57.31,57.28,42.34,54.33
2025-12-16T18:33:59.638122,Recipe_A,506af462-4e57-4295-9af2-1d9f653511cc,16,4.0,,,,99.57,49.49,45.24,47.29,47.79,50.56
2025-12-16T18:34:00.638122,Recipe_A,506af462-4e57-4295-9af2-1d9f653511cc,16,4.0,,,,93.6,51.71,53.27,55.88,48.81,51.38
2025-12-16T18:34:01.638122,Recipe_A,506af462-4e57-4295-9af2-1d9f653511cc,16,4.0,,,,103.34,43.82,49.69,45.55,45.08,40.28
2025-12-16T18:34:02.638122,Recipe_A,506af462-4e57-4295-9af2-1d9f653511cc,16,4.0,,,,103.74,52.93,58.23,45.13,45.2,51.52
2025-12-16T18:34:03.638122,Recipe_A,506af462-4e57-4295-9af2-1d9f653511cc,16,4.0,,,,95.13,46.07,57.92,55.71,50.31,47.5
2025-12-16T18:34:04.638122,Recipe_A,506af462-4e57-4295-9af2-1d9f653511cc,16,4.0,,,,97.03,48.11,46.99,48.99,48.66,48.66
2025-12-16T18:34:05.638122,Recipe_A,506af462-4e57-4295-9af2-1d9f653511cc,16,4.0,,,,96.61,49.84,47.16,51.52,55.18,54.24
2025-12-16T18:34:06.638122,Recipe_A,506af462-4e57-4295-9af2-1d9f653511cc,16,4.0,,,,100.71,45.68,50.35,53.39,53.25,46.79
2025-12-16T18:34:07.638122,Recipe_A,506af462-4e57-4295-9af2-1d9f653511cc,16,4.0,,,,103.47,42.94,49.6,51.8,49.38,45.24
2025-12-16T18:34:08.638122,Recipe_A,506af462-4e57-4295-9af2-1d9f653511cc,16,4.0,,,,97.57,50.64,54.76,52.4,44.59,52.49
2025-12-16T18:34:09.638122,Recipe_A,506af462-4e57-4295-9af2-1d9f653511cc,16,4.0,,,,100.96,53.95,52.84,40.81,49.4,49.87
2025-12-16T18:34:10.638122,Recipe_A,506af462-4e57-4295-9af2-1d9f653511cc,16,4.0,,,,101.22,64.21,43.79,53.69,43.5,48.95
2025-12-16T18:34:11.638122,Recipe_A,506af462-4e57-4295-9af2-1d9f653511cc,16,4.0,,,,97.14,47.19,53.11,43.26,45.97,45.44
2025-12-16T18:34:12.638122,Recipe_A,506af462-4e57-4295-9af2-1d9f653511cc,16,1.0,,,,10.21,10.5,10.65,11.04,8.74,10.41
2025-12-16T18:34:13.638122,Recipe_A,506af462-4e57-4295-9af2-1d9f653511cc,16,1.0,,,,10.38,5.99,9.78,7.43,12.91,12.68
2025-12-16T18:34:14.638122,Recipe_A,506af462-4e57-4295-9af2-1d9f653511cc,16,1.0,,,,9.66,11.42,10.09,6.51,11.59,9.0
2025-12-16T18:34:15.638122,Recipe_A,506af462-4e57-4295-9af2-1d9f653511cc,16,3.0,,,,10.82,7.22,6.41,12.52,8.32,8.47
2025-12-16T18:34:16.638122,Recipe_A,506af462-4e57-4295-9af2-1d9f653511cc,16,3.0,,,,6.24,9.5,13.82,10.39,9.58,7.86
2025-12-16T18:34:17.638122,Recipe_A,506af462-4e57-4295-9af2-1d9f653511cc,16,3.0,,,,11.44,8.98,10.21,10.23,8.25,10.43
2025-12-16T18:34:18.638122,Recipe_A,506af462-4e57-4295-9af2-1d9f653511cc,16,3.0,,,,10.15,5.02,12.18,11.06,8.75,10.68
2025-12-16T18:34:19.638122,Recipe_A,506af462-4e57-4295-9af2-1d9f653511cc,16,3.0,,,,11.27,14.37,11.9,8.23,8.9,9.1
2025-12-16T18:34:20.638122,Recipe_A,506af462-4e57-4295-9af2-1d9f653511cc,16,3.0,,,,10.29,4.45,10.55,8.56,9.34,12.56
2025-12-16T18:34:21.638122,Recipe_A,506af462-4e57-4295-9af2-1d9f653511cc,16,3.0,,,,9.06,10.66,8.15,10.08,7.66,6.54
2025-12-16T18:34:22.638122,Recipe_A,506af462-4e57-4295-9af2-1d9f653511cc,16,3.0,,,,10.15,11.43,10.26,11.85,11.28,10.11
2025-12-16T18:34:23.638122,Recipe_A,506af462-4e57-4295-9af2-1d9f653511cc,16,3.0,,,,12.22,11.25,8.24,10.58,9.12,8.81
2025-12-16T18:34:24.638122,Recipe_A,506af462-4e57-4295-9af2-1d9f653511cc,16,3.0,,,,7.75,11.23,9.16,10.82,8.08,11.92
2025-12-16T18:34:25.638122,Recipe_A,506af462-4e57-4295-9af2-1d9f653511cc,16,3.0,,,,11.36,11.9,10.1,10.79,10.22,10.75
2025-12-16T18:34:26.638122,Recipe_A,506af462-4e57-4295-9af2-1d9f653511cc,16,3.0,,,,10.84,8.21,7.82,9.87,9.83,13.09
2025-12-16T18:34:27.638122,Recipe_A,506af462-4e57-4295-9af2-1d9f653511cc,16,3.0,,,,7.62,8.97,8.74,8.33,9.39,13.55
2025-12-16T18:34:28.638122,Recipe_A,506af462-4e57-4295-9af2-1d9f653511cc,16,3.0,,,,9.24,13.26,6.43,12.11,10.37,9.99
2025-12-16T18:34:29.638122,Recipe_A,506af462-4e57-4295-9af2-1d9f653511cc,16,3.0,,,,9.55,5.6,12.79,8.09,12.0,9.77
2025-12-16T18:34:30.638122,Recipe_A,506af462-4e57-4295-9af2-1d9f653511cc,16,3.0,,,,5.77,11.04,8.51,8.46,9.85,12.11
2025-12-16T18:34:31.638122,Recipe_A,506af462-4e57-4295-9af2-1d9f653511cc,16,3.0,,,,9.99,11.32,10.36,11.15,8.36,8.15
2025-12-16T18:34:32.638122,Recipe_A,506af462-4e57-4295-9af2-1d9f653511cc,16,3.0,,,,9.6,10.11,8.82,8.56,9.03,6.82
2025-12-16T18:34:33.638122,Recipe_A,506af462-4e57-4295-9af2-1d9f653511cc,16,3.0,,,,6.0,9.97,11.54,7.2,9.67,12.56
2025-12-16T18:34:34.638122,Recipe_A,506af462-4e57-4295-9af2-1d9f653511cc,16,3.0,,,,11.85,9.47,12.36,11.63,12.33,11.48
2025-12-16T18:34:35.638122,Recipe_A,506af462-4e57-4295-9af2-1d9f653511cc,16,3.0,,,,9.71,8.98,13.29,9.73,9.88,8.91
2025-12-16T18:34:36.638122,Recipe_A,506af462-4e57-4295-9af2-1d9f653511cc,16,3.0,,,,8.48,6.42,9.75,7.46,9.74,9.62
2025-12-16T18:34:37.638122,Recipe_A,506af462-4e57-4295-9af2-1d9f653511cc,16,3.0,,,,8.68,7.71,7.7,11.1,11.89,10.15
2025-12-16T18:34:38.638122,Recipe_A,506af462-4e57-4295-9af2-1d9f653511cc,16,3.0,,,,11.28,8.63,8.07,8.95,8.25,7.52
2025-12-16T18:34:39.638122,Recipe_A,506af462-4e57-4295-9af2-1d9f653511cc,16,3.0,,,,8.87,6.67,12.95,10.38,9.42,11.16
2025-12-16T18:34:40.638122,Recipe_A,506af462-4e57-4295-9af2-1d9f653511cc,16,3.0,,,,6.73,12.99,9.17,12.61,10.08,11.98
2025-12-16T18:34:41.638122,Recipe_A,506af462-4e57-4295-9af2-1d9f653511cc,16,3.0,,,,8.7,10.12,9.37,8.04,10.65,11.42
2025-12-16T18:34:42.638122,Recipe_A,506af462-4e57-4295-9af2-1d9f653511cc,16,3.0,,,,9.21,10.76,8.96,9.56,11.72,7.61
2025-12-16T18:34:43.638122,Recipe_A,506af462-4e57-4295-9af2-1d9f653511cc,16,3.0,,,,12.08,8.78,6.93,9.05,12.45,8.0
2025-12-16T18:34:44.638122,Recipe_A,506af462-4e57-4295-9af2-1d9f653511cc,16,3.0,,,,9.78,8.35,7.94,7.3,12.81,8.36
2025-12-16T18:34:45.638122,Recipe_A,506af462-4e57-4295-9af2-1d9f653511cc,16,3.0,,,,9.38,9.16,11.56,11.91,13.92,13.71
2025-12-16T18:34:46.638122,Recipe_A,506af462-4e57-4295-9af2-1d9f653511cc,16,3.0,,,,9.44,11.7,9.66,9.43,11.31,8.97
2025-12-16T18:34:47.638122,Recipe_A,506af462-4e57-4295-9af2-1d9f653511cc,16,3.0,,,,10.83,13.12,12.63,14.3,7.98,9.16
2025-12-16T18:34:48.638122,Recipe_A,506af462-4e57-4295-9af2-1d9f653511cc,16,3.0,,,,10.74,8.71,9.18,8.72,9.18,8.54
2025-12-16T18:34:49.638122,Recipe_A,506af462-4e57-4295-9af2-1d9f653511cc,16,3.0,,,,13.75,9.47,14.67,12.18,12.29,8.78
2025-12-16T18:34:50.638122,Recipe_A,506af462-4e57-4295-9af2-1d9f653511cc,16,3.0,,,,8.59,7.68,9.44,8.34,9.31,10.86
2025-12-16T18:34:51.638122,Recipe_A,506af462-4e57-4295-9af2-1d9f653511cc,16,3.0,,,,7.33,9.22,9.23,10.15,12.97,12.69
2025-12-16T18:34:52.638122,Recipe_A,506af462-4e57-4295-9af2-1d9f653511cc,16,3.0,,,,11.4,6.44,12.1,11.72,14.41,13.61
2025-12-16T18:34:53.638122,Recipe_A,506af462-4e57-4295-9af2-1d9f653511cc,16,3.0,,,,8.72,10.08,12.61,10.07,8.06,7.1
2025-12-16T18:34:54.638122,Recipe_A,506af462-4e57-4295-9af2-1d9f653511cc,16,3.0,,,,10.25,7.87,7.29,7.41,7.35,11.12
2025-12-16T18:34:55.638122,Recipe_A,506af462-4e57-4295-9af2-1d9f653511cc,16,3.0,,,,9.44,10.12,12.67,9.38,12.46,8.1
2025-12-16T18:34:56.638122,Recipe_A,506af462-4e57-4295-9af2-1d9f653511cc,16,3.0,,,,13.77,9.11,10.87,9.88,10.05,8.85
2025-12-16T18:34:57.638122,Recipe_A,506af462-4e57-4295-9af2-1d9f653511cc,16,1.0,,,,6.64,7.42,10.47,12.86,13.22,10.31
2025-12-16T18:34:58.638122,Recipe_A,506af462-4e57-4295-9af2-1d9f653511cc,16,1.0,,,,11.29,6.95,9.0,11.67,6.56,7.1
2025-12-16T18:34:59.638122,Recipe_A,506af462-4e57-4295-9af2-1d9f653511cc,16,1.0,,,,11.02,15.68,12.25,11.47,8.4,8.85
2025-12-16T18:35:00.638122,Recipe_A,506af462-4e57-4295-9af2-1d9f653511cc,16,1.0,,,,13.38,10.22,9.45,10.31,14.69,14.16
2025-12-16T18:35:01.638122,Recipe_A,506af462-4e57-4295-9af2-1d9f653511cc,16,1.0,,,,9.35,9.51,9.35,9.74,12.21,11.18
2025-12-16T18:35:02.638122,Recipe_A,506af462-4e57-4295-9af2-1d9f653511cc,16,1.0,,,,9.4,11.26,7.68,7.35,10.32,11.42
2025-12-16T18:35:03.638122,Recipe_A,506af462-4e57-4295-9af2-1d9f653511cc,16,1.0,,,,7.83,12.72,11.48,8.7,12.64,8.07
2025-12-16T18:35:04.638122,Recipe_A,506af462-4e57-4295-9af2-1d9f653511cc,16,0.0,,,,0.0,0.0,0.0,0.0,0.0,0.0
2025-12-16T18:35:05.638122,Recipe_A,506af462-4e57-4295-9af2-1d9f653511cc,16,0.0,,,,0.0,0.0,0.0,0.0,0.0,0.0
2025-12-16T18:35:06.638122,Recipe_A,506af462-4e57-4295-9af2-1d9f653511cc,16,0.0,,,,0.0,0.0,0.0,0.0,0.0,0.0
2025-12-16T18:35:07.638122,Recipe_A,506af462-4e57-4295-9af2-1d9f653511cc,16,0.0,,,,0.0,0.0,0.0,0.0,0.0,0.0
2025-12-16T18:35:08.638122,Recipe_A,506af462-4e57-4295-9af2-1d9f653511cc,16,0.0,,,,0.0,0.0,0.0,0.0,0.0,0.0
2025-12-16T18:35:09.638122,Recipe_A,506af462-4e57-4295-9af2-1d9f653511cc,16,0.0,,,,0.0,0.0,0.0,0.0,0.0,0.0
2025-12-16T18:35:10.638122,Recipe_A,506af462-4e57-4295-9af2-1d9f653511cc,16,0.0,,,,0.0,0.0,0.0,0.0,0.0,0.0
2025-12-16T18:35:11.638122,Recipe_A,506af462-4e57-4295-9af2-1d9f653511cc,16,0.0,,,,0.0,0.0,0.0,0.0,0.0,0.0
2025-12-16T18:35:12.638122,Recipe_A,506af462-4e57-4295-9af2-1d9f653511cc,16,0.0,,,,0.0,0.0,0.0,0.0,0.0,0.0
2025-12-16T18:35:13.638122,Recipe_A,506af462-4e57-4295-9af2-1d9f653511cc,16,0.0,,,,0.0,0.0,0.0,0.0,0.0,0.0
2025-12-16T18:35:14.638122,Recipe_A,506af462-4e57-4295-9af2-1d9f653511cc,16,0.0,,,,0.0,0.0,0.0,0.0,0.0,0.0
2025-12-16T18:35:15.638122,Recipe_A,506af462-4e57-4295-9af2-1d9f653511cc,16,0.0,,,,0.0,0.0,0.0,0.0,0.0,0.0
2025-12-16T18:35:16.638122,Recipe_A,506af462-4e57-4295-9af2-1d9f653511cc,16,0.0,,,,0.0,0.0,0.0,0.0,0.0,0.0
2025-12-16T18:35:17.638122,Recipe_A,506af462-4e57-4295-9af2-1d9f653511cc,16,0.0,,,,0.0,0.0,0.0,0.0,0.0,0.0
2025-12-16T18:35:18.638122,Recipe_A,506af462-4e57-4295-9af2-1d9f653511cc,16,0.0,,,,0.0,0.0,0.0,0.0,0.0,0.0
2025-12-16T18:35:19.638122,Recipe_A,506af462-4e57-4295-9af2-1d9f653511cc,16,0.0,,,,0.0,0.0,0.0,0.0,0.0,0.0
2025-12-16T18:35:20.638122,Recipe_A,506af462-4e57-4295-9af2-1d9f653511cc,16,0.0,,,,0.0,0.0,0.0,0.0,0.0,0.0
2025-12-16T18:35:21.638122,Recipe_A,506af462-4e57-4295-9af2-1d9f653511cc,16,0.0,,,,0.0,0.0,0.0,0.0,0.0,0.0
2025-12-16T18:35:22.638122,Recipe_A,506af462-4e57-4295-9af2-1d9f653511cc,16,0.0,,,,0.0,0.0,0.0,0.0,0.0,0.0
2025-12-16T18:35:23.638122,Recipe_A,506af462-4e57-4295-9af2-1d9f653511cc,16,0.0,,,,0.0,0.0,0.0,0.0,0.0,0.0
2025-12-16T18:35:24.638122,Recipe_A,506af462-4e57-4295-9af2-1d9f653511cc,16,0.0,,,,0.0,0.0,0.0,0.0,0.0,0.0
2025-12-16T18:35:25.638122,Recipe_A,506af462-4e57-4295-9af2-1d9f653511cc,16,0.0,,,,0.0,0.0,0.0,0.0,0.0,0.0
2025-12-16T18:35:26.638122,Recipe_A,506af462-4e57-4295-9af2-1d9f653511cc,16,0.0,,,,0.0,0.0,0.0,0.0,0.0,0.0
2025-12-16T18:35:27.638122,Recipe_A,506af462-4e57-4295-9af2-1d9f653511cc,16,0.0,,,,0.0,0.0,0.0,0.0,0.0,0.0
2025-12-16T18:35:28.638122,Recipe_A,506af462-4e57-4295-9af2-1d9f653511cc,16,0.0,,,,0.0,0.0,0.0,0.0,0.0,0.0
2025-12-16T18:35:29.638122,Recipe_A,506af462-4e57-4295-9af2-1d9f653511cc,16,0.0,,,,0.0,0.0,0.0,0.0,0.0,0.0
2025-12-16T18:35:30.638122,Recipe_A,506af462-4e57-4295-9af2-1d9f653511cc,16,0.0,,,,0.0,0.0,0.0,0.0,0.0,0.0
2025-12-16T18:35:31.638122,Recipe_A,506af462-4e57-4295-9af2-1d9f653511cc,16,0.0,,,,0.0,0.0,0.0,0.0,0.0,0.0
2025-12-16T18:35:32.638122,Recipe_A,506af462-4e57-4295-9af2-1d9f653511cc,16,0.0,,,,0.0,0.0,0.0,0.0,0.0,0.0
2025-12-16T18:35:33.638122,Recipe_A,506af462-4e57-4295-9af2-1d9f653511cc,16,0.0,,,,0.0,0.0,0.0,0.0,0.0,0.0
2025-12-16T18:35:34.638122,Recipe_A,506af462-4e57-4295-9af2-1d9f653511cc,16,0.0,,,,0.0,0.0,0.0,0.0,0.0,0.0
2025-12-16T18:35:35.638122,Recipe_A,506af462-4e57-4295-9af2-1d9f653511cc,16,0.0,,,,0.0,0.0,0.0,0.0,0.0,0.0
2025-12-16T18:35:36.638122,Recipe_A,506af462-4e57-4295-9af2-1d9f653511cc,16,0.0,,,,0.0,0.0,0.0,0.0,0.0,0.0
2025-12-16T18:35:37.638122,Recipe_A,506af462-4e57-4295-9af2-1d9f653511cc,16,0.0,,,,0.0,0.0,0.0,0.0,0.0,0.0
2025-12-16T18:35:38.638122,Recipe_A,506af462-4e57-4295-9af2-1d9f653511cc,16,0.0,,,,0.0,0.0,0.0,0.0,0.0,0.0
2025-12-16T18:35:39.638122,Recipe_A,506af462-4e57-4295-9af2-1d9f653511cc,16,0.0,,,,0.0,0.0,0.0,0.0,0.0,0.0
2025-12-16T18:35:40.638122,Recipe_A,506af462-4e57-4295-9af2-1d9f653511cc,16,0.0,,,,0.0,0.0,0.0,0.0,0.0,0.0
2025-12-16T18:35:41.638122,Recipe_A,506af462-4e57-4295-9af2-1d9f653511cc,16,0.0,,,,0.0,0.0,0.0,0.0,0.0,0.0
2025-12-16T18:35:42.638122,Recipe_A,506af462-4e57-4295-9af2-1d9f653511cc,16,0.0,,,,0.0,0.0,0.0,0.0,0.0,0.0
2025-12-16T18:35:43.638122,Recipe_A,506af462-4e57-4295-9af2-1d9f653511cc,16,0.0,,,,0.0,0.0,0.0,0.0,0.0,0.0
2025-12-16T18:35:44.638122,Recipe_A,506af462-4e57-4295-9af2-1d9f653511cc,16,0.0,,,,0.0,0.0,0.0,0.0,0.0,0.0
2025-12-16T18:35:45.638122,Recipe_A,506af462-4e57-4295-9af2-1d9f653511cc,16,0.0,,,,0.0,0.0,0.0,0.0,0.0,0.0
2025-12-16T18:35:46.638122,Recipe_A,506af462-4e57-4295-9af2-1d9f653511cc,16,0.0,,,,0.0,0.0,0.0,0.0,0.0,0.0
2025-12-16T18:35:47.638122,Recipe_A,506af462-4e57-4295-9af2-1d9f653511cc,16,0.0,,,,0.0,0.0,0.0,0.0,0.0,0.0
2025-12-16T18:35:48.638122,Recipe_A,506af462-4e57-4295-9af2-1d9f653511cc,16,0.0,,,,0.0,0.0,0.0,0.0,0.0,0.0
2025-12-16T18:35:49.638122,Recipe_A,506af462-4e57-4295-9af2-1d9f653511cc,16,0.0,,,,0.0,0.0,0.0,0.0,0.0,0.0
2025-12-16T18:35:50.638122,Recipe_A,506af462-4e57-4295-9af2-1d9f653511cc,16,0.0,,,,0.0,0.0,0.0,0.0,0.0,0.0
2025-12-16T18:35:51.638122,Recipe_A,506af462-4e57-4295-9af2-1d9f653511cc,16,0.0,,,,0.0,0.0,0.0,0.0,0.0,0.0
2025-12-16T18:35:52.638122,Recipe_A,506af462-4e57-4295-9af2-1d9f653511cc,16,0.0,,,,0.0,0.0,0.0,0.0,0.0,0.0
2025-12-16T18:35:53.638122,Recipe_A,506af462-4e57-4295-9af2-1d9f653511cc,16,0.0,,,,0.0,0.0,0.0,0.0,0.0,0.0
2025-12-16T18:35:54.638122,Recipe_A,506af462-4e57-4295-9af2-1d9f653511cc,16,0.0,,,,0.0,0.0,0.0,0.0,0.0,0.0
2025-12-16T18:35:55.638122,Recipe_A,506af462-4e57-4295-9af2-1d9f653511cc,16,0.0,,,,0.0,0.0,0.0,0.0,0.0,0.0
2025-12-16T18:35:56.638122,Recipe_A,506af462-4e57-4295-9af2-1d9f653511cc,16,0.0,,,,0.0,0.0,0.0,0.0,0.0,0.0
2025-12-16T18:35:57.638122,Recipe_A,506af462-4e57-4295-9af2-1d9f653511cc,16,0.0,,,,0.0,0.0,0.0,0.0,0.0,0.0
2025-12-16T18:35:58.638122,Recipe_A,506af462-4e57-4295-9af2-1d9f653511cc,16,0.0,,,,0.0,0.0,0.0,0.0,0.0,0.0
2025-12-16T18:35:59.638122,Recipe_A,506af462-4e57-4295-9af2-1d9f653511cc,16,5.0,,,,10.53,10.03,7.01,10.87,11.78,9.04
2025-12-16T18:36:00.638122,Recipe_A,506af462-4e57-4295-9af2-1d9f653511cc,16,5.0,,,,8.05,10.78,4.86,7.92,14.59,10.69
2025-12-16T18:36:01.638122,Recipe_A,506af462-4e57-4295-9af2-1d9f653511cc,16,5.0,,,,10.12,9.13,13.48,11.42,9.2,10.52
2025-12-16T18:36:02.638122,Recipe_A,506af462-4e57-4295-9af2-1d9f653511cc,16,5.0,,,,10.04,10.39,7.21,9.29,8.9,7.44
2025-12-16T18:36:03.638122,Recipe_A,506af462-4e57-4295-9af2-1d9f653511cc,16,5.0,,,,13.02,9.0,8.81,11.49,10.17,10.18
2025-12-16T18:36:04.638122,Recipe_A,506af462-4e57-4295-9af2-1d9f653511cc,16,2.0,,,,5.7,11.44,6.99,10.46,7.76,9.21
2025-12-16T18:36:05.638122,Recipe_A,506af462-4e57-4295-9af2-1d9f653511cc,16,2.0,,,,8.85,9.0,12.43,9.75,11.32,11.76
2025-12-16T18:36:06.638122,Recipe_A,506af462-4e57-4295-9af2-1d9f653511cc,16,2.0,,,,12.47,11.46,9.96,6.89,6.45,8.82
2025-12-16T18:36:07.638122,Recipe_A,506af462-4e57-4295-9af2-1d9f653511cc,16,2.0,,,,15.97,11.55,10.25,7.27,10.87,8.55
2025-12-16T18:36:08.638122,Recipe_A,506af462-4e57-4295-9af2-1d9f653511cc,16,2.0,,,,8.52,6.06,6.43,8.39,8.31,9.93
2025-12-16T18:36:09.638122,Recipe_A,506af462-4e57-4295-9af2-1d9f653511cc,16,2.0,,,,9.99,10.43,9.36,12.15,8.44,12.41
2025-12-16T18:36:10.638122,Recipe_A,506af462-4e57-4295-9af2-1d9f653511cc,16,2.0,,,,13.03,13.3,9.02,10.65,15.86,9.94
2025-12-16T18:36:11.638122,Recipe_A,506af462-4e57-4295-9af2-1d9f653511cc,16,2.0,,,,6.52,9.23,9.43,11.11,10.41,11.32
2025-12-16T18:36:12.638122,Recipe_A,506af462-4e57-4295-9af2-1d9f653511cc,16,2.0,,,,12.74,10.03,9.55,9.43,8.33,6.8
2025-12-16T18:36:13.638122,Recipe_A,506af462-4e57-4295-9af2-1d9f653511cc,16,2.0,,,,13.13,5.24,10.32,5.73,11.55,11.87
2025-12-16T18:36:14.638122,Recipe_A,506af462-4e57-4295-9af2-1d9f653511cc,16,2.0,,,,9.61,12.29,9.89,9.7,9.91,11.05
2025-12-16T18:36:15.638122,Recipe_A,506af462-4e57-4295-9af2-1d9f653511cc,16,2.0,,,,11.7,9.89,11.36,10.62,9.62,14.07
2025-12-16T18:36:16.638122,Recipe_A,506af462-4e57-4295-9af2-1d9f653511cc,16,2.0,,,,11.85,11.78,7.83,11.39,9.93,9.13
2025-12-16T18:36:17.638122,Recipe_A,506af462-4e57-4295-9af2-1d9f653511cc,16,2.0,,,,11.31,10.9,12.19,10.62,8.56,12.22
2025-12-16T18:36:18.638122,Recipe_A,506af462-4e57-4295-9af2-1d9f653511cc,16,2.0,,,,12.58,10.73,6.21,9.55,12.41,6.36
2025-12-16T18:36:19.638122,Recipe_A,506af462-4e57-4295-9af2-1d9f653511cc,16,2.0,,,,9.1,10.93,10.41,10.24,11.7,11.91
2025-12-16T18:36:20.638122,Recipe_A,506af462-4e57-4295-9af2-1d9f653511cc,16,2.0,,,,8.46,9.93,8.15,8.54,11.01,8.64
2025-12-16T18:36:21.638122,Recipe_A,506af462-4e57-4295-9af2-1d9f653511cc,16,2.0,,,,10.85,10.63,9.41,7.64,9.88,7.96
2025-12-16T18:36:22.638122,Recipe_A,506af462-4e57-4295-9af2-1d9f653511cc,16,2.0,,,,10.81,9.9,9.76,8.07,6.55,9.28
2025-12-16T18:36:23.638122,Recipe_A,506af462-4e57-4295-9af2-1d9f653511cc,16,2.0,,,,10.44,12.52,11.67,8.43,9.35,8.38
2025-12-16T18:36:24.638122,Recipe_A,506af462-4e57-4295-9af2-1d9f653511cc,16,2.0,,,,16.37,11.45,9.83,9.19,7.54,9.07
2025-12-16T18:36:25.638122,Recipe_A,506af462-4e57-4295-9af2-1d9f653511cc,16,2.0,,,,11.42,7.31,8.57,10.63,10.28,11.58
2025-12-16T18:36:26.638122,Recipe_A,506af462-4e57-4295-9af2-1d9f653511cc,16,2.0,,,,10.15,8.57,12.51,9.52,8.59,8.88
2025-12-16T18:36:27.638122,Recipe_A,506af462-4e57-4295-9af2-1d9f653511cc,16,2.0,,,,8.75,10.94,12.41,10.46,7.25,8.71
2025-12-16T18:36:28.638122,Recipe_A,506af462-4e57-4295-9af2-1d9f653511cc,16,2.0,,,,9.04,9.95,7.65,9.3,9.67,9.27
2025-12-16T18:36:29.638122,Recipe_A,506af462-4e57-4295-9af2-1d9f653511cc,16,2.0,,,,9.85,8.41,12.11,12.14,8.03,9.41
2025-12-16T18:36:30.638122,Recipe_A,506af462-4e57-4295-9af2-1d9f653511cc,16,2.0,,,,8.96,9.14,8.41,9.54,8.18,11.73
2025-12-16T18:36:31.638122,Recipe_A,506af462-4e57-4295-9af2-1d9f653511cc,16,2.0,,,,9.43,7.71,10.59,15.1,10.53,10.88
2025-12-16T18:36:32.638122,Recipe_A,506af462-4e57-4295-9af2-1d9f653511cc,16,2.0,,,,7.92,15.15,8.36,13.27,6.4,12.24
2025-12-16T18:36:33.638122,Recipe_A,506af462-4e57-4295-9af2-1d9f653511cc,16,4.0,,,,95.51,48.7,52.62,43.07,41.64,53.2
2025-12-16T18:36:34.638122,Recipe_A,506af462-4e57-4295-9af2-1d9f653511cc,16,4.0,,,,97.53,48.11,42.83,54.99,51.28,51.15
2025-12-16T18:36:35.638122,Recipe_A,506af462-4e57-4295-9af2-1d9f653511cc,16,4.0,,,,94.94,46.87,49.09,55.14,46.01,44.94
2025-12-16T18:36:36.638122,Recipe_A,506af462-4e57-4295-9af2-1d9f653511cc,16,4.0,,,,91.93,51.27,44.31,53.39,40.6,35.31
2025-12-16T18:36:37.638122,Recipe_A,506af462-4e57-4295-9af2-1d9f653511cc,16,4.0,,,,105.52,48.5,47.45,47.13,51.23,54.8
2025-12-16T18:36:38.638122,Recipe_A,506af462-4e57-4295-9af2-1d9f653511cc,16,4.0,,,,108.37,49.21,54.05,47.24,51.96,51.36
2025-12-16T18:36:39.638122,Recipe_A,506af462-4e57-4295-9af2-1d9f653511cc,16,4.0,,,,99.3,54.12,54.67,49.94,47.52,59.52
2025-12-16T18:36:40.638122,Recipe_A,506af462-4e57-4295-9af2-1d9f653511cc,16,4.0,,,,104.36,53.85,55.37,56.12,45.59,52.71
2025-12-16T18:36:41.638122,Recipe_A,506af462-4e57-4295-9af2-1d9f653511cc,16,4.0,,,,89.67,54.38,47.06,45.21,53.46,56.77
2025-12-16T18:36:42.638122,Recipe_A,506af462-4e57-4295-9af2-1d9f653511cc,16,4.0,,,,106.08,56.93,50.67,52.3,48.86,52.79
2025-12-16T18:36:43.638122,Recipe_A,506af462-4e57-4295-9af2-1d9f653511cc,16,4.0,,,,97.25,53.36,56.64,48.99,54.17,47.05
2025-12-16T18:36:44.638122,Recipe_A,506af462-4e57-4295-9af2-1d9f653511cc,16,4.0,,,,100.1,44.43,55.87,56.92,59.01,44.64
2025-12-16T18:36:45.638122,Recipe_A,506af462-4e57-4295-9af2-1d9f653511cc,16,4.0,,,,106.87,53.1,53.83,52.47,51.23,44.53
2025-12-16T18:36:46.638122,Recipe_A,506af462-4e57-4295-9af2-1d9f653511cc,16,4.0,,,,110.78,50.18,52.21,57.37,58.45,60.79
2025-12-16T18:36:47.638122,Recipe_A,506af462-4e57-4295-9af2-1d9f653511cc,16,4.0,,,,106.33,56.17,47.69,49.52,41.67,55.48
2025-12-16T18:36:48.638122,Recipe_A,506af462-4e57-4295-9af2-1d9f653511cc,16,4.0,,,,98.05,42.0,46.28,52.32,45.79,47.3
2025-12-16T18:36:49.638122,Recipe_A,506af462-4e57-4295-9af2-1d9f653511cc,16,4.0,,,,97.5,45.64,54.96,54.62,48.18,51.72
2025-12-16T18:36:50.638122,Recipe_A,506af462-4e57-4295-9af2-1d9f653511cc,16,4.0,,,,97.14,54.01,44.78,50.13,54.58,49.21
2025-12-16T18:36:51.638122,Recipe_A,506af462-4e57-4295-9af2-1d9f653511cc,16,4.0,,,,98.83,48.71,60.74,49.48,52.8,43.67
2025-12-16T18:36:52.638122,Recipe_A,506af462-4e57-4295-9af2-1d9f653511cc,16,4.0,,,,104.08,51.19,50.47,55.32,57.42,49.94
2025-12-16T18:36:53.638122,Recipe_A,506af462-4e57-4295-9af2-1d9f653511cc,16,4.0,,,,101.33,50.93,52.88,56.73,60.15,52.22
2025-12-16T18:36:54.638122,Recipe_A,506af462-4e57-4295-9af2-1d9f653511cc,16,4.0,,,,104.48,45.72,47.6,46.03,46.9,52.13
2025-12-16T18:36:55.638122,Recipe_A,506af462-4e57-4295-9af2-1d9f653511cc,16,4.0,,,,100.03,49.39,49.35,50.54,45.98,51.67
2025-12-16T18:36:56.638122,Recipe_A,506af462-4e57-4295-9af2-1d9f653511cc,16,4.0,,,,104.52,53.77,56.83,50.34,47.05,58.52
2025-12-16T18:36:57.638122,Recipe_A,506af462-4e57-4295-9af2-1d9f653511cc,16,4.0,,,,98.58,54.56,55.94,47.73,58.36,53.24
2025-12-16T18:36:58.638122,Recipe_A,506af462-4e57-4295-9af2-1d9f653511cc,16,4.0,,,,103.64,54.37,46.21,44.7,48.65,53.32
2025-12-16T18:36:59.638122,Recipe_A,506af462-4e57-4295-9af2-1d9f653511cc,16,4.0,,,,108.58,51.73,58.02,47.52,52.54,48.78
2025-12-16T18:37:00.638122,Recipe_A,506af462-4e57-4295-9af2-1d9f653511cc,16,4.0,,,,98.8,53.49,49.37,53.38,43.88,41.71
2025-12-16T18:37:01.638122,Recipe_A,506af462-4e57-4295-9af2-1d9f653511cc,16,4.0,,,,95.96,47.89,47.11,51.35,48.65,45.38
2025-12-16T18:37:02.638122,Recipe_A,506af462-4e57-4295-9af2-1d9f653511cc,16,4.0,,,,104.38,45.16,47.6,48.56,55.07,50.4
2025-12-16T18:37:03.638122,Recipe_A,506af462-4e57-4295-9af2-1d9f653511cc,16,4.0,,,,92.04,48.53,49.74,46.61,51.91,44.79
2025-12-16T18:37:04.638122,Recipe_A,506af462-4e57-4295-9af2-1d9f653511cc,16,4.0,,,,107.64,54.24,46.6,53.94,53.08,45.36
2025-12-16T18:37:05.638122,Recipe_A,506af462-4e57-4295-9af2-1d9f653511cc,16,4.0,,,,99.88,50.52,55.46,51.82,54.1,48.59
2025-12-16T18:37:06.638122,Recipe_A,506af462-4e57-4295-9af2-1d9f653511cc,16,4.0,,,,94.29,52.14,47.86,50.81,45.01,51.83
2025-12-16T18:37:07.638122,Recipe_A,506af462-4e57-4295-9af2-1d9f653511cc,16,4.0,,,,101.41,50.33,47.18,47.73,49.05,44.26
2025-12-16T18:37:08.638122,Recipe_A,506af462-4e57-4295-9af2-1d9f653511cc,16,4.0,,,,104.31,40.49,47.4,57.33,52.9,59.3
2025-12-16T18:37:09.638122,Recipe_A,506af462-4e57-4295-9af2-1d9f653511cc,16,4.0,,,,103.59,53.95,52.8,47.45,54.02,47.5
2025-12-16T18:37:10.638122,Recipe_A,506af462-4e57-4295-9af2-1d9f653511cc,16,4.0,,,,108.54,42.25,46.93,39.03,51.03,45.76
2025-12-16T18:37:11.638122,Recipe_A,506af462-4e57-4295-9af2-1d9f653511cc,16,4.0,,,,91.5,46.85,52.51,45.73,48.68,47.57
2025-12-16T18:37:12.638122,Recipe_A,506af462-4e57-4295-9af2-1d9f653511cc,16,4.0,,,,94.01,45.76,49.11,52.26,58.46,41.57
2025-12-16T18:37:13.638122,Recipe_A,506af462-4e57-4295-9af2-1d9f653511cc,16,4.0,,,,100.58,49.48,45.32,51.02,49.96,48.78
2025-12-16T18:37:14.638122,Recipe_A,506af462-4e57-4295-9af2-1d9f653511cc,16,4.0,,,,92.47,48.43,46.78,51.32,45.47,58.69
2025-12-16T18:37:15.638122,Recipe_A,506af462-4e57-4295-9af2-1d9f653511cc,16,4.0,,,,111.1,48.91,52.2,45.71,47.88,52.33
2025-12-16T18:37:16.638122,Recipe_A,506af462-4e57-4295-9af2-1d9f653511cc,16,4.0,,,,102.42,43.63,51.69,47.82,41.73,47.12
2025-12-16T18:37:17.638122,Recipe_A,506af462-4e57-4295-9af2-1d9f653511cc,16,4.0,,,,96.82,52.84,50.03,50.47,49.77,53.85
2025-12-16T18:37:18.638122,Recipe_A,506af462-4e57-4295-9af2-1d9f653511cc,16,4.0,,,,97.58,50.14,57.26,56.23,52.53,53.09
2025-12-16T18:37:19.638122,Recipe_A,506af462-4e57-4295-9af2-1d9f653511cc,16,4.0,,,,105.06,40.13,46.54,50.75,47.43,45.93
2025-12-16T18:37:20.638122,Recipe_A,506af462-4e57-4295-9af2-1d9f653511cc,16,4.0,,,,96.07,49.55,52.4,52.76,55.11,54.79
2025-12-16T18:37:21.638122,Recipe_A,506af462-4e57-4295-9af2-1d9f653511cc,16,4.0,,,,97.22,48.86,41.68,39.84,44.97,44.66
2025-12-16T18:37:22.638122,Recipe_A,506af462-4e57-4295-9af2-1d9f653511cc,16,4.0,,,,101.2,43.58,49.33,52.7,37.48,48.46
2025-12-16T18:37:23.638122,Recipe_A,506af462-4e57-4295-9af2-1d9f653511cc,16,4.0,,,,104.22,51.65,41.75,57.22,52.11,51.04
2025-12-16T18:37:24.638122,Recipe_A,506af462-4e57-4295-9af2-1d9f653511cc,16,4.0,,,,92.91,45.86,59.44,45.42,44.44,46.05
2025-12-16T18:37:25.638122,Recipe_A,506af462-4e57-4295-9af2-1d9f653511cc,16,4.0,,,,103.76,51.42,50.42,47.83,48.15,56.45
2025-12-16T18:37:26.638122,Recipe_A,506af462-4e57-4295-9af2-1d9f653511cc,16,4.0,,,,100.8,47.29,44.24,40.83,46.38,57.92
2025-12-16T18:37:27.638122,Recipe_A,506af462-4e57-4295-9af2-1d9f653511cc,16,4.0,,,,91.15,47.54,40.41,40.95,49.85,51.33
2025-12-16T18:37:28.638122,Recipe_A,506af462-4e57-4295-9af2-1d9f653511cc,16,4.0,,,,105.06,47.86,46.33,49.77,47.65,46.03
2025-12-16T18:37:29.638122,Recipe_A,506af462-4e57-4295-9af2-1d9f653511cc,16,4.0,,,,97.01,49.94,42.36,38.76,57.51,52.54
2025-12-16T18:37:30.638122,Recipe_A,506af462-4e57-4295-9af2-1d9f653511cc,16,4.0,,,,89.95,60.09,50.2,52.82,53.89,51.2
2025-12-16T18:37:31.638122,Recipe_A,506af462-4e57-4295-9af2-1d9f653511cc,16,4.0,,,,101.02,51.84,49.05,45.32,55.23,49.91
2025-12-16T18:37:32.638122,Recipe_A,506af462-4e57-4295-9af2-1d9f653511cc,16,4.0,,,,105.18,57.48,63.58,41.8,47.66,62.53
2025-12-16T18:37:33.638122,Recipe_A,506af462-4e57-4295-9af2-1d9f653511cc,16,4.0,,,,94.4,47.81,47.29,56.62,47.18,54.49
2025-12-16T18:37:34.638122,Recipe_A,506af462-4e57-4295-9af2-1d9f653511cc,16,4.0,,,,106.7,55.61,51.47,49.91,45.54,55.5
2025-12-16T18:37:35.638122,Recipe_A,506af462-4e57-4295-9af2-1d9f653511cc,16,4.0,,,,98.19,51.55,47.65,47.85,49.05,36.37
2025-12-16T18:37:36.638122,Recipe_A,506af462-4e57-4295-9af2-1d9f653511cc,16,1.0,,,,11.56,10.92,12.41,10.4,9.56,10.79
2025-12-16T18:37:37.638122,Recipe_A,506af462-4e57-4295-9af2-1d9f653511cc,16,1.0,,,,11.13,10.23,11.47,10.47,8.81,11.51
2025-12-16T18:37:38.638122,Recipe_A,506af462-4e57-4295-9af2-1d9f653511cc,16,1.0,,,,7.59,11.41,9.68,12.16,9.6,9.69
2025-12-16T18:37:39.638122,Recipe_A,506af462-4e57-4295-9af2-1d9f653511cc,16,1.0,,,,12.22,9.19,10.35,11.92,12.1,12.43
2025-12-16T18:37:40.638122,Recipe_A,506af462-4e57-4295-9af2-1d9f653511cc,16,1.0,,,,11.07,7.06,8.37,7.02,11.96,11.18
2025-12-16T18:37:41.638122,Recipe_A,506af462-4e57-4295-9af2-1d9f653511cc,16,1.0,,,,10.31,12.09,14.39,12.99,9.9,10.78
2025-12-16T18:37:42.638122,Recipe_A,506af462-4e57-4295-9af2-1d9f653511cc,16,1.0,,,,13.61,10.15,8.31,8.33,15.67,9.98
2025-12-16T18:37:43.638122,Recipe_A,506af462-4e57-4295-9af2-1d9f653511cc,16,1.0,,,,10.94,10.03,10.15,10.67,8.91,4.63
2025-12-16T18:37:44.638122,Recipe_A,506af462-4e57-4295-9af2-1d9f653511cc,16,1.0,,,,6.22,10.34,6.71,11.9,9.99,11.21
2025-12-16T18:37:45.638122,Recipe_A,506af462-4e57-4295-9af2-1d9f653511cc,16,1.0,,,,11.2,9.54,8.6,14.08,8.33,14.37
2025-12-16T18:37:46.638122,Recipe_A,506af462-4e57-4295-9af2-1d9f653511cc,16,1.0,,,,12.84,7.97,13.2,14.21,7.75,10.48
2025-12-16T18:37:47.638122,Recipe_A,506af462-4e57-4295-9af2-1d9f653511cc,16,4.0,,,,105.45,39.81,48.91,54.15,49.54,53.47
2025-12-16T18:37:48.638122,Recipe_A,506af462-4e57-4295-9af2-1d9f653511cc,16,4.0,,,,96.84,46.01,50.11,58.12,48.42,60.16
2025-12-16T18:37:49.638122,Recipe_A,506af462-4e57-4295-9af2-1d9f653511cc,16,4.0,,,,102.48,51.54,49.19,38.79,55.58,52.55
2025-12-16T18:37:50.638122,Recipe_A,506af462-4e57-4295-9af2-1d9f653511cc,16,4.0,,,,98.7,56.08,58.75,53.51,47.96,53.11
2025-12-16T18:37:51.638122,Recipe_A,506af462-4e57-4295-9af2-1d9f653511cc,16,0.0,,,,0.0,0.0,0.0,0.0,0.0,0.0
2025-12-16T18:37:52.638122,Recipe_A,506af462-4e57-4295-9af2-1d9f653511cc,16,0.0,,,,0.0,0.0,0.0,0.0,0.0,0.0
2025-12-16T18:37:53.638122,Recipe_A,506af462-4e57-4295-9af2-1d9f653511cc,16,0.0,,,,0.0,0.0,0.0,0.0,0.0,0.0
2025-12-16T18:37:54.638122,Recipe_A,506af462-4e57-4295-9af2-1d9f653511cc,16,0.0,,,,0.0,0.0,0.0,0.0,0.0,0.0
2025-12-16T18:37:55.638122,Recipe_A,506af462-4e57-4295-9af2-1d9f653511cc,16,0.0,,,,0.0,0.0,0.0,0.0,0.0,0.0
2025-12-16T18:37:56.638122,Recipe_A,506af462-4e57-4295-9af2-1d9f653511cc,16,0.0,,,,0.0,0.0,0.0,0.0,0.0,0.0
2025-12-16T18:37:57.638122,Recipe_A,506af462-4e57-4295-9af2-1d9f653511cc,16,0.0,,,,0.0,0.0,0.0,0.0,0.0,0.0
2025-12-16T18:37:58.638122,Recipe_A,506af462-4e57-4295-9af2-1d9f653511cc,16,4.0,,,,99.53,40.63,44.04,41.7,49.96,49.7
2025-12-16T18:37:59.638122,Recipe_A,506af462-4e57-4295-9af2-1d9f653511cc,16,4.0,,,,96.51,56.48,57.26,52.45,45.58,50.14
2025-12-16T18:38:00.638122,Recipe_A,506af462-4e57-4295-9af2-1d9f653511cc,16,4.0,,,,98.01,63.14,53.14,44.51,48.02,49.92
2025-12-16T18:38:01.638122,Recipe_A,506af462-4e57-4295-9af2-1d9f653511cc,16,4.0,,,,99.7,49.45,50.5,48.34,55.02,47.98
2025-12-16T18:38:02.638122,Recipe_A,506af462-4e57-4295-9af2-1d9f653511cc,16,4.0,,,,108.57,49.31,48.72,49.21,44.18,42.41
2025-12-16T18:38:03.638122,Recipe_A,506af462-4e57-4295-9af2-1d9f653511cc,16,4.0,,,,94.28,56.36,48.58,50.73,55.55,45.39
2025-12-16T18:38:04.638122,Recipe_A,506af462-4e57-4295-9af2-1d9f653511cc,16,4.0,,,,106.78,45.78,43.66,47.42,53.66,56.86
2025-12-16T18:38:05.638122,Recipe_A,506af462-4e57-4295-9af2-1d9f653511cc,16,4.0,,,,101.37,48.83,45.49,45.47,54.64,52.69
2025-12-16T18:38:06.638122,Recipe_A,506af462-4e57-4295-9af2-1d9f653511cc,16,4.0,,,,97.41,49.98,53.38,47.76,55.26,60.82
2025-12-16T18:38:07.638122,Recipe_A,506af462-4e57-4295-9af2-1d9f653511cc,16,5.0,,,,10.42,8.78,7.42,10.24,10.62,8.83
2025-12-16T18:38:07.638122,Recipe_A,506af462-4e57-4295-9af2-1d9f653511cc,16,5.0,Warning_8,Simulated Warning occurred,Warning,,,,,,
2025-12-16T18:38:08.638122,Recipe_A,506af462-4e57-4295-9af2-1d9f653511cc,16,5.0,,,,10.62,9.64,11.56,12.75,11.66,10.65
2025-12-16T18:38:09.638122,Recipe_A,506af462-4e57-4295-9af2-1d9f653511cc,16,5.0,,,,9.11,11.34,10.2,7.46,9.17,12.53
2025-12-16T18:38:10.638122,Recipe_A,506af462-4e57-4295-9af2-1d9f653511cc,16,5.0,,,,6.68,10.65,10.54,10.23,9.62,7.08
2025-12-16T18:38:11.638122,Recipe_A,506af462-4e57-4295-9af2-1d9f653511cc,16,5.0,,,,8.25,8.8,8.48,13.69,10.13,11.91
2025-12-16T18:38:12.638122,Recipe_A,506af462-4e57-4295-9af2-1d9f653511cc,16,5.0,,,,13.44,11.49,11.01,10.43,10.79,11.35
2025-12-16T18:38:13.638122,Recipe_A,506af462-4e57-4295-9af2-1d9f653511cc,16,5.0,,,,9.84,12.86,10.62,9.24,9.79,12.35
2025-12-16T18:38:14.638122,Recipe_A,506af462-4e57-4295-9af2-1d9f653511cc,16,5.0,,,,9.05,6.56,8.18,12.31,13.59,12.14
2025-12-16T18:38:15.638122,Recipe_A,506af462-4e57-4295-9af2-1d9f653511cc,16,5.0,,,,6.79,9.69,5.02,10.82,7.63,6.43
2025-12-16T18:38:16.638122,Recipe_A,506af462-4e57-4295-9af2-1d9f653511cc,16,5.0,,,,10.04,12.19,9.91,9.55,11.46,10.26
2025-12-16T18:38:17.638122,Recipe_A,506af462-4e57-4295-9af2-1d9f653511cc,16,5.0,,,,11.58,9.57,8.3,8.55,10.68,9.85
2025-12-16T18:38:18.638122,Recipe_A,506af462-4e57-4295-9af2-1d9f653511cc,16,5.0,,,,9.07,12.13,9.34,7.23,10.96,8.28
2025-12-16T18:38:19.638122,Recipe_A,506af462-4e57-4295-9af2-1d9f653511cc,16,5.0,,,,10.94,10.96,8.05,7.01,9.16,13.62
2025-12-16T18:38:20.638122,Recipe_A,506af462-4e57-4295-9af2-1d9f653511cc,16,5.0,,,,10.0,6.14,11.1,8.39,10.14,11.57
2025-12-16T18:38:21.638122,Recipe_A,506af462-4e57-4295-9af2-1d9f653511cc,16,5.0,,,,11.07,7.87,10.69,12.04,13.13,10.27
2025-12-16T18:38:22.638122,Recipe_A,506af462-4e57-4295-9af2-1d9f653511cc,16,5.0,,,,11.07,8.54,13.21,10.56,11.76,11.48
2025-12-16T18:38:23.638122,Recipe_A,506af462-4e57-4295-9af2-1d9f653511cc,16,5.0,,,,11.31,10.28,10.33,10.47,9.58,6.87
2025-12-16T18:38:24.638122,Recipe_A,506af462-4e57-4295-9af2-1d9f653511cc,16,5.0,,,,9.34,7.55,8.8,11.76,9.09,8.7
2025-12-16T18:38:25.638122,Recipe_A,506af462-4e57-4295-9af2-1d9f653511cc,16,5.0,,,,12.21,9.2,9.56,12.43,8.24,13.1
2025-12-16T18:38:26.638122,Recipe_A,506af462-4e57-4295-9af2-1d9f653511cc,16,5.0,,,,11.2,6.77,12.93,8.92,11.37,7.51
2025-12-16T18:38:27.638122,Recipe_A,506af462-4e57-4295-9af2-1d9f653511cc,16,5.0,,,,9.31,10.31,10.12,10.98,9.54,10.3
2025-12-16T18:38:28.638122,Recipe_A,506af462-4e57-4295-9af2-1d9f653511cc,16,5.0,,,,9.97,10.52,13.37,10.76,8.84,9.96
2025-12-16T18:38:29.638122,Recipe_A,506af462-4e57-4295-9af2-1d9f653511cc,16,5.0,,,,9.41,10.43,9.42,10.46,5.67,12.46
2025-12-16T18:38:30.638122,Recipe_A,506af462-4e57-4295-9af2-1d9f653511cc,16,5.0,,,,11.22,12.68,12.62,8.11,12.96,12.28
2025-12-16T18:38:31.638122,Recipe_A,506af462-4e57-4295-9af2-1d9f653511cc,16,0.0,,,,0.0,0.0,0.0,0.0,0.0,0.0
2025-12-16T18:38:32.638122,Recipe_A,506af462-4e57-4295-9af2-1d9f653511cc,16,0.0,,,,0.0,0.0,0.0,0.0,0.0,0.0
2025-12-16T18:38:33.638122,Recipe_A,506af462-4e57-4295-9af2-1d9f653511cc,16,0.0,,,,0.0,0.0,0.0,0.0,0.0,0.0
2025-12-16T18:38:34.638122,Recipe_A,506af462-4e57-4295-9af2-1d9f653511cc,16,0.0,,,,0.0,0.0,0.0,0.0,0.0,0.0
2025-12-16T18:38:35.638122,Recipe_A,506af462-4e57-4295-9af2-1d9f653511cc,16,0.0,,,,0.0,0.0,0.0,0.0,0.0,0.0
2025-12-16T18:38:36.638122,Recipe_A,506af462-4e57-4295-9af2-1d9f653511cc,16,0.0,,,,0.0,0.0,0.0,0.0,0.0,0.0
2025-12-16T18:38:37.638122,Recipe_A,506af462-4e57-4295-9af2-1d9f653511cc,16,0.0,,,,0.0,0.0,0.0,0.0,0.0,0.0
2025-12-16T18:38:38.638122,Recipe_A,506af462-4e57-4295-9af2-1d9f653511cc,16,0.0,,,,0.0,0.0,0.0,0.0,0.0,0.0
2025-12-16T18:38:39.638122,Recipe_A,506af462-4e57-4295-9af2-1d9f653511cc,16,0.0,,,,0.0,0.0,0.0,0.0,0.0,0.0
2025-12-16T18:38:40.638122,Recipe_A,506af462-4e57-4295-9af2-1d9f653511cc,16,0.0,,,,0.0,0.0,0.0,0.0,0.0,0.0
2025-12-16T18:38:41.638122,Recipe_A,506af462-4e57-4295-9af2-1d9f653511cc,16,0.0,,,,0.0,0.0,0.0,0.0,0.0,0.0
2025-12-16T18:38:42.638122,Recipe_A,506af462-4e57-4295-9af2-1d9f653511cc,16,0.0,,,,0.0,0.0,0.0,0.0,0.0,0.0
2025-12-16T18:38:43.638122,Recipe_A,506af462-4e57-4295-9af2-1d9f653511cc,16,0.0,,,,0.0,0.0,0.0,0.0,0.0,0.0
2025-12-16T18:38:44.638122,Recipe_A,506af462-4e57-4295-9af2-1d9f653511cc,16,0.0,,,,0.0,0.0,0.0,0.0,0.0,0.0
2025-12-16T18:38:45.638122,Recipe_A,506af462-4e57-4295-9af2-1d9f653511cc,16,0.0,,,,0.0,0.0,0.0,0.0,0.0,0.0
2025-12-16T18:38:46.638122,Recipe_A,506af462-4e57-4295-9af2-1d9f653511cc,16,0.0,,,,0.0,0.0,0.0,0.0,0.0,0.0
2025-12-16T18:38:47.638122,Recipe_A,506af462-4e57-4295-9af2-1d9f653511cc,16,0.0,,,,0.0,0.0,0.0,0.0,0.0,0.0
2025-12-16T18:38:48.638122,Recipe_A,506af462-4e57-4295-9af2-1d9f653511cc,16,0.0,,,,0.0,0.0,0.0,0.0,0.0,0.0
2025-12-16T18:38:49.638122,Recipe_A,506af462-4e57-4295-9af2-1d9f653511cc,16,0.0,,,,0.0,0.0,0.0,0.0,0.0,0.0
2025-12-16T18:38:50.638122,Recipe_A,506af462-4e57-4295-9af2-1d9f653511cc,16,0.0,,,,0.0,0.0,0.0,0.0,0.0,0.0
2025-12-16T18:38:51.638122,Recipe_A,506af462-4e57-4295-9af2-1d9f653511cc,16,0.0,,,,0.0,0.0,0.0,0.0,0.0,0.0
2025-12-16T18:38:52.638122,Recipe_A,506af462-4e57-4295-9af2-1d9f653511cc,16,0.0,,,,0.0,0.0,0.0,0.0,0.0,0.0
2025-12-16T18:38:53.638122,Recipe_A,506af462-4e57-4295-9af2-1d9f653511cc,16,0.0,,,,0.0,0.0,0.0,0.0,0.0,0.0
2025-12-16T18:38:54.638122,Recipe_A,506af462-4e57-4295-9af2-1d9f653511cc,16,0.0,,,,0.0,0.0,0.0,0.0,0.0,0.0
2025-12-16T18:38:55.638122,Recipe_A,506af462-4e57-4295-9af2-1d9f653511cc,16,0.0,,,,0.0,0.0,0.0,0.0,0.0,0.0
2025-12-16T18:38:56.638122,Recipe_A,506af462-4e57-4295-9af2-1d9f653511cc,16,0.0,,,,0.0,0.0,0.0,0.0,0.0,0.0
2025-12-16T18:38:57.638122,Recipe_A,506af462-4e57-4295-9af2-1d9f653511cc,16,0.0,,,,0.0,0.0,0.0,0.0,0.0,0.0
2025-12-16T18:38:58.638122,Recipe_A,506af462-4e57-4295-9af2-1d9f653511cc,16,0.0,,,,0.0,0.0,0.0,0.0,0.0,0.0
2025-12-16T18:38:59.638122,Recipe_A,506af462-4e57-4295-9af2-1d9f653511cc,16,0.0,,,,0.0,0.0,0.0,0.0,0.0,0.0
2025-12-16T18:39:00.638122,Recipe_A,506af462-4e57-4295-9af2-1d9f653511cc,16,0.0,,,,0.0,0.0,0.0,0.0,0.0,0.0
2025-12-16T18:39:01.638122,Recipe_A,506af462-4e57-4295-9af2-1d9f653511cc,16,0.0,,,,0.0,0.0,0.0,0.0,0.0,0.0
2025-12-16T18:39:02.638122,Recipe_A,506af462-4e57-4295-9af2-1d9f653511cc,16,0.0,,,,0.0,0.0,0.0,0.0,0.0,0.0
2025-12-16T18:39:03.638122,Recipe_A,506af462-4e57-4295-9af2-1d9f653511cc,16,0.0,,,,0.0,0.0,0.0,0.0,0.0,0.0
2025-12-16T18:39:04.638122,Recipe_A,506af462-4e57-4295-9af2-1d9f653511cc,16,0.0,,,,0.0,0.0,0.0,0.0,0.0,0.0
2025-12-16T18:39:05.638122,Recipe_A,506af462-4e57-4295-9af2-1d9f653511cc,16,0.0,,,,0.0,0.0,0.0,0.0,0.0,0.0
2025-12-16T18:39:06.638122,Recipe_A,506af462-4e57-4295-9af2-1d9f653511cc,16,0.0,,,,0.0,0.0,0.0,0.0,0.0,0.0
2025-12-16T18:39:07.638122,Recipe_A,506af462-4e57-4295-9af2-1d9f653511cc,16,0.0,,,,0.0,0.0,0.0,0.0,0.0,0.0
2025-12-16T18:39:08.638122,Recipe_A,506af462-4e57-4295-9af2-1d9f653511cc,16,0.0,,,,0.0,0.0,0.0,0.0,0.0,0.0
2025-12-16T18:39:09.638122,Recipe_A,506af462-4e57-4295-9af2-1d9f653511cc,16,0.0,,,,0.0,0.0,0.0,0.0,0.0,0.0
2025-12-16T18:39:10.638122,Recipe_A,506af462-4e57-4295-9af2-1d9f653511cc,16,0.0,,,,0.0,0.0,0.0,0.0,0.0,0.0
2025-12-16T18:39:11.638122,Recipe_A,506af462-4e57-4295-9af2-1d9f653511cc,16,0.0,,,,0.0,0.0,0.0,0.0,0.0,0.0
2025-12-16T18:39:12.638122,Recipe_A,506af462-4e57-4295-9af2-1d9f653511cc,16,0.0,,,,0.0,0.0,0.0,0.0,0.0,0.0
2025-12-16T18:39:13.638122,Recipe_A,506af462-4e57-4295-9af2-1d9f653511cc,16,0.0,,,,0.0,0.0,0.0,0.0,0.0,0.0
2025-12-16T18:39:14.638122,Recipe_A,506af462-4e57-4295-9af2-1d9f653511cc,16,0.0,,,,0.0,0.0,0.0,0.0,0.0,0.0
2025-12-16T18:39:15.638122,Recipe_A,506af462-4e57-4295-9af2-1d9f653511cc,16,0.0,,,,0.0,0.0,0.0,0.0,0.0,0.0
2025-12-16T18:39:16.638122,Recipe_A,506af462-4e57-4295-9af2-1d9f653511cc,16,0.0,,,,0.0,0.0,0.0,0.0,0.0,0.0
2025-12-16T18:39:17.638122,Recipe_A,506af462-4e57-4295-9af2-1d9f653511cc,16,0.0,,,,0.0,0.0,0.0,0.0,0.0,0.0
2025-12-16T18:39:18.638122,Recipe_A,506af462-4e57-4295-9af2-1d9f653511cc,16,0.0,,,,0.0,0.0,0.0,0.0,0.0,0.0
2025-12-16T18:39:19.638122,Recipe_A,506af462-4e57-4295-9af2-1d9f653511cc,16,0.0,,,,0.0,0.0,0.0,0.0,0.0,0.0
2025-12-16T18:39:20.638122,Recipe_A,506af462-4e57-4295-9af2-1d9f653511cc,16,0.0,,,,0.0,0.0,0.0,0.0,0.0,0.0
2025-12-16T18:39:21.638122,Recipe_A,506af462-4e57-4295-9af2-1d9f653511cc,16,0.0,,,,0.0,0.0,0.0,0.0,0.0,0.0
2025-12-16T18:39:22.638122,Recipe_A,506af462-4e57-4295-9af2-1d9f653511cc,16,0.0,,,,0.0,0.0,0.0,0.0,0.0,0.0
2025-12-16T18:39:23.638122,Recipe_A,506af462-4e57-4295-9af2-1d9f653511cc,16,0.0,,,,0.0,0.0,0.0,0.0,0.0,0.0
2025-12-16T18:39:24.638122,Recipe_A,506af462-4e57-4295-9af2-1d9f653511cc,16,0.0,,,,0.0,0.0,0.0,0.0,0.0,0.0
2025-12-16T18:39:25.638122,Recipe_A,506af462-4e57-4295-9af2-1d9f653511cc,16,0.0,,,,0.0,0.0,0.0,0.0,0.0,0.0
2025-12-16T18:39:26.638122,Recipe_A,506af462-4e57-4295-9af2-1d9f653511cc,16,0.0,,,,0.0,0.0,0.0,0.0,0.0,0.0
2025-12-16T18:39:27.638122,Recipe_A,506af462-4e57-4295-9af2-1d9f653511cc,16,0.0,,,,0.0,0.0,0.0,0.0,0.0,0.0
2025-12-16T18:39:28.638122,Recipe_A,506af462-4e57-4295-9af2-1d9f653511cc,16,0.0,,,,0.0,0.0,0.0,0.0,0.0,0.0
2025-12-16T18:39:29.638122,Recipe_A,506af462-4e57-4295-9af2-1d9f653511cc,16,1.0,,,,9.95,10.33,7.68,8.44,10.71,9.73
2025-12-16T18:39:30.638122,Recipe_A,506af462-4e57-4295-9af2-1d9f653511cc,16,1.0,,,,11.28,11.82,14.43,10.53,10.13,8.41
2025-12-16T18:39:31.638122,Recipe_A,506af462-4e57-4295-9af2-1d9f653511cc,16,1.0,,,,11.76,10.29,12.16,12.49,7.1,10.32
2025-12-16T18:39:32.638122,Recipe_A,506af462-4e57-4295-9af2-1d9f653511cc,16,1.0,,,,7.82,11.27,10.41,8.8,9.82,10.11
2025-12-16T18:39:33.638122,Recipe_A,506af462-4e57-4295-9af2-1d9f653511cc,16,1.0,,,,10.71,9.74,5.33,10.14,12.4,6.83
2025-12-16T18:39:34.638122,Recipe_A,506af462-4e57-4295-9af2-1d9f653511cc,16,1.0,,,,9.11,10.8,14.17,7.7,10.22,8.45
2025-12-16T18:39:35.638122,Recipe_A,506af462-4e57-4295-9af2-1d9f653511cc,16,1.0,,,,11.36,10.25,13.07,8.63,11.19,10.89
2025-12-16T18:39:36.638122,Recipe_A,506af462-4e57-4295-9af2-1d9f653511cc,16,1.0,,,,13.46,8.9,9.0,9.3,10.95,7.96
2025-12-16T18:39:37.638122,Recipe_A,506af462-4e57-4295-9af2-1d9f653511cc,16,1.0,,,,10.34,9.72,11.61,11.5,9.08,9.69
2025-12-16T18:39:38.638122,Recipe_A,506af462-4e57-4295-9af2-1d9f653511cc,16,1.0,,,,9.04,13.85,6.16,10.3,12.97,8.56
2025-12-16T18:39:39.638122,Recipe_A,506af462-4e57-4295-9af2-1d9f653511cc,16,1.0,,,,10.78,9.74,11.7,10.55,11.05,9.92
2025-12-16T18:39:40.638122,Recipe_A,506af462-4e57-4295-9af2-1d9f653511cc,16,1.0,,,,11.05,11.42,10.97,9.73,13.48,9.6
2025-12-16T18:39:41.638122,Recipe_A,506af462-4e57-4295-9af2-1d9f653511cc,16,1.0,,,,6.94,6.67,10.2,12.27,7.24,7.43
2025-12-16T18:39:42.638122,Recipe_A,506af462-4e57-4295-9af2-1d9f653511cc,16,1.0,,,,9.8,12.82,12.44,14.53,12.77,6.92
2025-12-16T18:39:43.638122,Recipe_A,506af462-4e57-4295-9af2-1d9f653511cc,16,4.0,,,,99.26,62.27,59.27,55.71,47.71,62.02
2025-12-16T18:39:44.638122,Recipe_A,506af462-4e57-4295-9af2-1d9f653511cc,16,4.0,,,,98.31,45.08,43.04,56.94,51.94,50.09
2025-12-16T18:39:45.638122,Recipe_A,506af462-4e57-4295-9af2-1d9f653511cc,16,4.0,,,,95.75,44.05,50.76,55.35,53.18,36.65
2025-12-16T18:39:46.638122,Recipe_A,506af462-4e57-4295-9af2-1d9f653511cc,16,4.0,,,,100.64,44.56,51.86,43.81,43.57,44.26
2025-12-16T18:39:47.638122,Recipe_A,506af462-4e57-4295-9af2-1d9f653511cc,16,4.0,,,,96.93,48.97,56.21,61.67,51.84,45.38
2025-12-16T18:39:48.638122,Recipe_A,506af462-4e57-4295-9af2-1d9f653511cc,16,4.0,,,,93.97,49.4,50.68,41.68,48.5,43.74
2025-12-16T18:39:49.638122,Recipe_A,506af462-4e57-4295-9af2-1d9f653511cc,16,4.0,,,,98.53,56.82,57.47,51.69,39.6,51.4
2025-12-16T18:39:50.638122,Recipe_A,506af462-4e57-4295-9af2-1d9f653511cc,16,4.0,,,,105.71,49.55,51.67,53.07,39.5,35.32
2025-12-16T18:39:51.638122,Recipe_A,506af462-4e57-4295-9af2-1d9f653511cc,16,4.0,,,,96.62,53.51,51.83,48.25,54.96,61.24
2025-12-16T18:39:52.638122,Recipe_A,506af462-4e57-4295-9af2-1d9f653511cc,16,4.0,,,,104.77,54.6,48.08,52.8,52.76,60.53
2025-12-16T18:39:53.638122,Recipe_A,506af462-4e57-4295-9af2-1d9f653511cc,16,4.0,,,,102.86,39.97,53.42,50.44,44.51,59.58
2025-12-16T18:39:54.638122,Recipe_A,506af462-4e57-4295-9af2-1d9f653511cc,16,4.0,,,,109.04,54.34,46.11,46.11,49.46,47.12
2025-12-16T18:39:55.638122,Recipe_A,506af462-4e57-4295-9af2-1d9f653511cc,16,4.0,,,,103.95,51.83,51.39,56.36,47.64,50.92
2025-12-16T18:39:56.638122,Recipe_A,506af462-4e57-4295-9af2-1d9f653511cc,16,4.0,,,,107.84,55.43,46.48,49.98,47.85,53.1
2025-12-16T18:39:57.638122,Recipe_A,506af462-4e57-4295-9af2-1d9f653511cc,16,4.0,,,,103.06,49.29,40.89,54.52,49.41,47.73
2025-12-16T18:39:58.638122,Recipe_A,506af462-4e57-4295-9af2-1d9f653511cc,16,4.0,,,,95.11,46.49,43.88,42.14,44.36,48.37
2025-12-16T18:39:59.638122,Recipe_A,506af462-4e57-4295-9af2-1d9f653511cc,16,4.0,,,,95.37,47.08,46.82,49.86,52.43,52.9
2025-12-16T18:40:00.638122,Recipe_A,506af462-4e57-4295-9af2-1d9f653511cc,16,4.0,,,,103.47,52.34,50.21,52.76,48.99,50.32
2025-12-16T18:40:01.638122,Recipe_A,506af462-4e57-4295-9af2-1d9f653511cc,16,4.0,,,,97.61,57.19,49.36,55.16,54.82,52.75
2025-12-16T18:40:02.638122,Recipe_A,506af462-4e57-4295-9af2-1d9f653511cc,16,4.0,,,,98.72,50.51,45.03,42.65,54.93,56.11
2025-12-16T18:40:03.638122,Recipe_A,506af462-4e57-4295-9af2-1d9f653511cc,16,4.0,,,,98.91,57.96,50.79,49.71,43.34,52.61
2025-12-16T18:40:04.638122,Recipe_A,506af462-4e57-4295-9af2-1d9f653511cc,16,4.0,,,,92.72,39.46,50.43,48.08,57.45,53.61
2025-12-16T18:40:05.638122,Recipe_A,506af462-4e57-4295-9af2-1d9f653511cc,16,4.0,,,,97.88,55.2,43.28,47.33,49.47,58.38
2025-12-16T18:40:06.638122,Recipe_A,506af462-4e57-4295-9af2-1d9f653511cc,16,4.0,,,,102.89,45.47,52.81,56.5,48.16,57.46
2025-12-16T18:40:07.638122,Recipe_A,506af462-4e57-4295-9af2-1d9f653511cc,16,4.0,,,,95.07,44.03,57.64,49.12,46.64,54.25
2025-12-16T18:40:08.638122,Recipe_A,506af462-4e57-4295-9af2-1d9f653511cc,16,4.0,,,,98.55,48.26,50.58,46.89,53.4,49.7
2025-12-16T18:40:09.638122,Recipe_A,506af462-4e57-4295-9af2-1d9f653511cc,16,4.0,,,,98.64,56.91,41.09,52.54,58.68,50.9
2025-12-16T18:40:10.638122,Recipe_A,506af462-4e57-4295-9af2-1d9f653511cc,16,4.0,,,,104.21,44.12,50.63,45.06,55.33,43.23
2025-12-16T18:40:11.638122,Recipe_A,506af462-4e57-4295-9af2-1d9f653511cc,16,4.0,,,,104.87,48.62,55.96,44.96,45.01,49.03
2025-12-16T18:40:12.638122,Recipe_A,506af462-4e57-4295-9af2-1d9f653511cc,16,4.0,,,,96.56,51.78,53.2,49.17,53.6,52.87
2025-12-16T18:40:13.638122,Recipe_A,506af462-4e57-4295-9af2-1d9f653511cc,16,4.0,,,,96.69,53.8,52.7,37.01,49.12,40.11
2025-12-16T18:40:14.638122,Recipe_A,506af462-4e57-4295-9af2-1d9f653511cc,16,4.0,,,,95.75,54.0,50.64,49.45,51.24,58.58
2025-12-16T18:40:15.638122,Recipe_A,506af462-4e57-4295-9af2-1d9f653511cc,16,4.0,,,,90.74,57.04,55.61,46.7,47.6,49.64
2025-12-16T18:40:16.638122,Recipe_A,506af462-4e57-4295-9af2-1d9f653511cc,16,4.0,,,,102.47,45.77,50.26,49.56,55.85,56.77
2025-12-16T18:40:17.638122,Recipe_A,506af462-4e57-4295-9af2-1d9f653511cc,16,4.0,,,,104.82,49.34,55.86,43.87,37.0,59.32
2025-12-16T18:40:18.638122,Recipe_A,506af462-4e57-4295-9af2-1d9f653511cc,16,4.0,,,,100.21,42.41,51.95,51.78,51.7,38.97
2025-12-16T18:40:19.638122,Recipe_A,506af462-4e57-4295-9af2-1d9f653511cc,16,4.0,,,,100.76,45.47,55.36,45.17,51.32,42.48
2025-12-16T18:40:20.638122,Recipe_A,506af462-4e57-4295-9af2-1d9f653511cc,16,4.0,,,,98.3,44.19,48.51,46.2,52.87,48.59
2025-12-16T18:40:21.638122,Recipe_A,506af462-4e57-4295-9af2-1d9f653511cc,16,4.0,,,,103.78,44.27,49.19,53.02,53.94,50.92
2025-12-16T18:40:22.638122,Recipe_A,506af462-4e57-4295-9af2-1d9f653511cc,16,4.0,,,,100.75,50.23,54.39,53.54,51.53,47.1
2025-12-16T18:40:23.638122,Recipe_A,506af462-4e57-4295-9af2-1d9f653511cc,16,4.0,,,,97.52,51.61,50.57,53.64,57.15,43.21
2025-12-16T18:40:24.638122,Recipe_A,506af462-4e57-4295-9af2-1d9f653511cc,16,4.0,,,,105.09,55.83,55.53,59.25,48.96,51.07
2025-12-16T18:40:25.638122,Recipe_A,506af462-4e57-4295-9af2-1d9f653511cc,16,4.0,,,,94.46,38.2,48.34,46.5,52.26,42.25
2025-12-16T18:40:26.638122,Recipe_A,506af462-4e57-4295-9af2-1d9f653511cc,16,4.0,,,,96.77,45.52,54.17,55.58,51.11,59.73
2025-12-16T18:40:27.638122,Recipe_A,506af462-4e57-4295-9af2-1d9f653511cc,16,4.0,,,,95.45,53.48,51.4,59.76,50.51,49.68
2025-12-16T18:40:28.638122,Recipe_A,506af462-4e57-4295-9af2-1d9f653511cc,16,4.0,,,,99.31,50.96,40.41,42.63,50.12,50.54
2025-12-16T18:40:29.638122,Recipe_A,506af462-4e57-4295-9af2-1d9f653511cc,16,4.0,,,,106.57,54.89,47.1,52.58,47.37,51.21
2025-12-16T18:40:30.638122,Recipe_A,506af462-4e57-4295-9af2-1d9f653511cc,16,4.0,,,,110.0,49.26,48.76,47.92,47.25,43.29
2025-12-16T18:40:31.638122,Recipe_A,506af462-4e57-4295-9af2-1d9f653511cc,16,4.0,,,,98.27,54.32,49.0,48.78,39.26,58.14
2025-12-16T18:40:32.638122,Recipe_A,506af462-4e57-4295-9af2-1d9f653511cc,16,4.0,,,,105.66,61.99,42.44,47.06,49.78,46.3
2025-12-16T18:40:33.638122,Recipe_A,506af462-4e57-4295-9af2-1d9f653511cc,16,4.0,,,,101.12,56.57,58.26,53.87,42.64,61.2
2025-12-16T18:40:34.638122,Recipe_A,506af462-4e57-4295-9af2-1d9f653511cc,16,4.0,,,,98.58,52.28,55.75,47.32,43.59,50.29
2025-12-16T18:40:35.638122,Recipe_A,506af462-4e57-4295-9af2-1d9f653511cc,16,4.0,,,,102.2,48.4,47.12,55.25,38.77,44.14
2025-12-16T18:40:36.638122,Recipe_A,506af462-4e57-4295-9af2-1d9f653511cc,16,4.0,,,,111.21,51.39,52.72,56.23,49.13,56.59
2025-12-16T18:40:37.638122,Recipe_A,506af462-4e57-4295-9af2-1d9f653511cc,16,4.0,,,,98.31,48.86,53.06,47.69,48.29,51.99
2025-12-16T18:40:38.638122,Recipe_A,506af462-4e57-4295-9af2-1d9f653511cc,16,4.0,,,,99.21,56.59,52.46,33.66,53.86,51.36
2025-12-16T18:40:39.638122,Recipe_A,506af462-4e57-4295-9af2-1d9f653511cc,16,5.0,,,,8.74,10.82,8.94,10.06,8.2,11.37
2025-12-16T18:40:40.638122,Recipe_A,506af462-4e57-4295-9af2-1d9f653511cc,16,5.0,,,,7.3,10.37,7.15,3.96,9.96,10.75
2025-12-16T18:40:41.638122,Recipe_A,506af462-4e57-4295-9af2-1d9f653511cc,16,5.0,,,,8.62,9.67,7.81,12.49,6.95,13.87
2025-12-16T18:40:42.638122,Recipe_A,506af462-4e57-4295-9af2-1d9f653511cc,16,5.0,,,,9.05,8.53,8.98,11.39,10.23,7.13
2025-12-16T18:40:43.638122,Recipe_A,506af462-4e57-4295-9af2-1d9f653511cc,16,5.0,,,,6.98,11.63,11.38,10.98,9.83,10.98
2025-12-16T18:40:44.638122,Recipe_A,506af462-4e57-4295-9af2-1d9f653511cc,16,5.0,,,,9.38,8.11,11.7,8.47,11.25,11.58
2025-12-16T18:40:45.638122,Recipe_A,506af462-4e57-4295-9af2-1d9f653511cc,16,5.0,,,,9.62,8.66,9.47,8.72,5.0,13.22
2025-12-16T18:40:46.638122,Recipe_A,506af462-4e57-4295-9af2-1d9f653511cc,16,5.0,,,,11.31,10.62,10.41,10.96,10.91,6.56
2025-12-16T18:40:47.638122,Recipe_A,506af462-4e57-4295-9af2-1d9f653511cc,16,5.0,,,,11.17,11.56,11.33,10.96,8.57,5.31
2025-12-16T18:40:48.638122,Recipe_A,506af462-4e57-4295-9af2-1d9f653511cc,16,5.0,,,,9.29,9.3,8.96,8.25,7.27,16.26
2025-12-16T18:40:49.638122,Recipe_A,506af462-4e57-4295-9af2-1d9f653511cc,16,5.0,,,,7.93,8.59,8.6,13.5,7.89,9.54
2025-12-16T18:40:50.638122,Recipe_A,506af462-4e57-4295-9af2-1d9f653511cc,16,5.0,,,,6.23,5.43,10.51,11.26,13.16,9.24
2025-12-16T18:40:51.638122,Recipe_A,506af462-4e57-4295-9af2-1d9f653511cc,16,5.0,,,,10.09,10.72,11.33,8.48,13.91,6.68
2025-12-16T18:40:52.638122,Recipe_A,506af462-4e57-4295-9af2-1d9f653511cc,16,5.0,,,,10.11,6.95,8.97,7.37,9.99,9.9
2025-12-16T18:40:53.638122,Recipe_A,506af462-4e57-4295-9af2-1d9f653511cc,16,5.0,,,,7.43,12.93,7.46,6.84,9.21,11.34
2025-12-16T18:40:54.638122,Recipe_A,506af462-4e57-4295-9af2-1d9f653511cc,16,5.0,,,,8.45,10.01,8.17,12.08,12.31,7.96
2025-12-16T18:40:55.638122,Recipe_A,506af462-4e57-4295-9af2-1d9f653511cc,16,5.0,,,,11.49,9.99,7.63,9.37,10.47,10.52
2025-12-16T18:40:56.638122,Recipe_A,506af462-4e57-4295-9af2-1d9f653511cc,16,5.0,,,,9.59,10.38,13.51,11.39,9.6,10.12
2025-12-16T18:40:57.638122,Recipe_A,506af462-4e57-4295-9af2-1d9f653511cc,16,5.0,,,,10.96,11.87,12.98,10.14,7.65,8.43
2025-12-16T18:40:58.638122,Recipe_A,506af462-4e57-4295-9af2-1d9f653511cc,16,5.0,,,,12.34,6.66,10.18,8.31,8.26,10.2
2025-12-16T18:40:59.638122,Recipe_A,506af462-4e57-4295-9af2-1d9f653511cc,16,0.0,,,,0.0,0.0,0.0,0.0,0.0,0.0
2025-12-16T18:41:00.638122,Recipe_A,506af462-4e57-4295-9af2-1d9f653511cc,16,0.0,,,,0.0,0.0,0.0,0.0,0.0,0.0
2025-12-16T18:41:01.638122,Recipe_A,506af462-4e57-4295-9af2-1d9f653511cc,16,0.0,,,,0.0,0.0,0.0,0.0,0.0,0.0
2025-12-16T18:41:02.638122,Recipe_A,506af462-4e57-4295-9af2-1d9f653511cc,16,0.0,,,,0.0,0.0,0.0,0.0,0.0,0.0
2025-12-16T18:41:03.638122,Recipe_A,506af462-4e57-4295-9af2-1d9f653511cc,16,0.0,,,,0.0,0.0,0.0,0.0,0.0,0.0
2025-12-16T18:41:04.638122,Recipe_A,506af462-4e57-4295-9af2-1d9f653511cc,16,0.0,,,,0.0,0.0,0.0,0.0,0.0,0.0
2025-12-16T18:41:05.638122,Recipe_A,506af462-4e57-4295-9af2-1d9f653511cc,16,0.0,,,,0.0,0.0,0.0,0.0,0.0,0.0
2025-12-16T18:41:06.638122,Recipe_A,506af462-4e57-4295-9af2-1d9f653511cc,16,0.0,,,,0.0,0.0,0.0,0.0,0.0,0.0
2025-12-16T18:41:07.638122,Recipe_A,506af462-4e57-4295-9af2-1d9f653511cc,16,0.0,,,,0.0,0.0,0.0,0.0,0.0,0.0
2025-12-16T18:41:08.638122,Recipe_A,506af462-4e57-4295-9af2-1d9f653511cc,16,0.0,,,,0.0,0.0,0.0,0.0,0.0,0.0
2025-12-16T18:41:09.638122,Recipe_A,506af462-4e57-4295-9af2-1d9f653511cc,16,0.0,,,,0.0,0.0,0.0,0.0,0.0,0.0
2025-12-16T18:41:10.638122,Recipe_A,506af462-4e57-4295-9af2-1d9f653511cc,16,0.0,,,,0.0,0.0,0.0,0.0,0.0,0.0
2025-12-16T18:41:11.638122,Recipe_A,506af462-4e57-4295-9af2-1d9f653511cc,16,1.0,,,,11.06,10.24,13.26,10.02,9.62,11.54
2025-12-16T18:41:12.638122,Recipe_A,506af462-4e57-4295-9af2-1d9f653511cc,16,1.0,,,,9.05,11.38,7.61,13.72,7.54,8.86
2025-12-16T18:41:13.638122,Recipe_A,506af462-4e57-4295-9af2-1d9f653511cc,16,1.0,,,,12.83,10.4,9.75,9.22,11.97,9.0
2025-12-16T18:41:14.638122,Recipe_A,506af462-4e57-4295-9af2-1d9f653511cc,16,1.0,,,,10.55,7.68,9.25,9.0,9.47,8.83
2025-12-16T18:41:15.638122,Recipe_A,506af462-4e57-4295-9af2-1d9f653511cc,16,1.0,,,,9.39,10.28,7.95,10.21,7.61,12.96
2025-12-16T18:41:16.638122,Recipe_A,506af462-4e57-4295-9af2-1d9f653511cc,16,1.0,,,,6.34,11.55,7.4,11.89,13.83,11.52
2025-12-16T18:41:17.638122,Recipe_A,506af462-4e57-4295-9af2-1d9f653511cc,16,1.0,,,,10.67,8.55,10.18,11.39,10.07,9.9
2025-12-16T18:41:18.638122,Recipe_A,506af462-4e57-4295-9af2-1d9f653511cc,16,1.0,,,,10.34,11.84,10.73,9.36,7.85,12.65
2025-12-16T18:41:19.638122,Recipe_A,506af462-4e57-4295-9af2-1d9f653511cc,16,1.0,,,,9.83,11.41,13.38,15.23,11.67,11.24
2025-12-16T18:41:20.638122,Recipe_A,506af462-4e57-4295-9af2-1d9f653511cc,16,1.0,,,,8.74,13.55,10.26,11.2,9.51,6.52
2025-12-16T18:41:21.638122,Recipe_A,506af462-4e57-4295-9af2-1d9f653511cc,16,1.0,,,,12.49,9.64,10.97,11.91,8.52,7.25
2025-12-16T18:41:22.638122,Recipe_A,506af462-4e57-4295-9af2-1d9f653511cc,16,1.0,,,,8.05,9.99,10.41,9.35,9.16,9.92
2025-12-16T18:41:23.638122,Recipe_A,506af462-4e57-4295-9af2-1d9f653511cc,16,1.0,,,,10.54,8.65,8.41,9.27,10.61,8.81
2025-12-16T18:41:24.638122,Recipe_A,506af462-4e57-4295-9af2-1d9f653511cc,16,1.0,,,,9.5,8.77,10.61,8.16,7.95,6.65
2025-12-16T18:41:25.638122,Recipe_A,506af462-4e57-4295-9af2-1d9f653511cc,16,1.0,,,,9.08,8.59,7.25,7.81,9.15,10.53
2025-12-16T18:41:26.638122,Recipe_A,506af462-4e57-4295-9af2-1d9f653511cc,16,1.0,,,,10.89,10.63,7.34,11.7,5.66,11.7
2025-12-16T18:41:27.638122,Recipe_A,506af462-4e57-4295-9af2-1d9f653511cc,16,1.0,,,,8.69,7.44,15.17,8.66,11.09,10.89
2025-12-16T18:41:28.638122,Recipe_A,506af462-4e57-4295-9af2-1d9f653511cc,16,1.0,,,,8.87,8.5,11.16,9.17,7.25,6.5
2025-12-16T18:41:29.638122,Recipe_A,506af462-4e57-4295-9af2-1d9f653511cc,16,1.0,,,,10.3,11.45,12.29,13.32,12.73,8.62
2025-12-16T18:41:30.638122,Recipe_A,506af462-4e57-4295-9af2-1d9f653511cc,16,1.0,,,,13.96,12.1,11.23,7.48,10.42,8.54
2025-12-16T18:41:31.638122,Recipe_A,506af462-4e57-4295-9af2-1d9f653511cc,16,1.0,,,,5.83,13.61,8.16,6.79,10.98,11.02
2025-12-16T18:41:32.638122,Recipe_A,506af462-4e57-4295-9af2-1d9f653511cc,16,1.0,,,,9.44,12.35,7.94,7.35,12.68,11.74
2025-12-16T18:41:33.638122,Recipe_A,506af462-4e57-4295-9af2-1d9f653511cc,16,1.0,,,,7.35,10.61,8.33,9.88,10.42,9.73
2025-12-16T18:41:34.638122,Recipe_A,506af462-4e57-4295-9af2-1d9f653511cc,16,1.0,,,,11.69,12.9,7.27,4.81,12.91,9.71
2025-12-16T18:41:35.638122,Recipe_A,506af462-4e57-4295-9af2-1d9f653511cc,16,1.0,,,,7.41,9.03,6.61,5.44,11.55,9.72
2025-12-16T18:41:36.638122,Recipe_A,506af462-4e57-4295-9af2-1d9f653511cc,16,1.0,,,,11.12,9.39,7.17,10.7,10.51,10.04
2025-12-16T18:41:37.638122,Recipe_A,506af462-4e57-4295-9af2-1d9f653511cc,16,1.0,,,,7.95,12.31,10.09,8.23,5.43,8.6
2025-12-16T18:41:38.638122,Recipe_A,506af462-4e57-4295-9af2-1d9f653511cc,16,1.0,,,,9.79,12.62,13.19,11.54,16.04,9.49
2025-12-16T18:41:39.638122,Recipe_A,506af462-4e57-4295-9af2-1d9f653511cc,16,1.0,,,,10.06,9.24,10.88,10.24,9.78,10.1
2025-12-16T18:41:40.638122,Recipe_A,506af462-4e57-4295-9af2-1d9f653511cc,16,1.0,,,,12.03,8.65,10.24,11.36,9.95,10.0
2025-12-16T18:41:41.638122,Recipe_A,506af462-4e57-4295-9af2-1d9f653511cc,16,1.0,,,,9.18,9.92,12.31,11.64,13.72,10.87
2025-12-16T18:41:42.638122,Recipe_A,506af462-4e57-4295-9af2-1d9f653511cc,16,1.0,,,,9.68,9.13,8.06,9.6,10.56,7.61
2025-12-16T18:41:43.638122,Recipe_A,506af462-4e57-4295-9af2-1d9f653511cc,16,1.0,,,,11.02,8.19,10.31,10.03,12.64,5.64
2025-12-16T18:41:44.638122,Recipe_A,506af462-4e57-4295-9af2-1d9f653511cc,16,1.0,,,,11.84,8.87,8.63,7.56,12.41,10.46
2025-12-16T18:41:45.638122,Recipe_A,506af462-4e57-4295-9af2-1d9f653511cc,16,1.0,,,,8.74,10.66,9.63,6.26,8.65,10.29
2025-12-16T18:41:46.638122,Recipe_A,506af462-4e57-4295-9af2-1d9f653511cc,16,1.0,,,,12.03,8.55,7.53,10.4,11.11,7.98
2025-12-16T18:41:47.638122,Recipe_A,506af462-4e57-4295-9af2-1d9f653511cc,16,1.0,,,,10.77,7.37,11.25,10.12,11.04,14.88
2025-12-16T18:41:48.638122,Recipe_A,506af462-4e57-4295-9af2-1d9f653511cc,16,1.0,,,,10.85,15.84,6.51,8.15,10.21,6.75
2025-12-16T18:41:49.638122,Recipe_A,506af462-4e57-4295-9af2-1d9f653511cc,16,1.0,,,,12.99,11.98,11.02,11.67,7.75,11.26
2025-12-16T18:41:50.638122,Recipe_A,506af462-4e57-4295-9af2-1d9f653511cc,16,1.0,,,,11.08,11.08,11.2,8.88,8.04,10.3
2025-12-16T18:41:51.638122,Recipe_A,506af462-4e57-4295-9af2-1d9f653511cc,16,1.0,,,,11.04,8.25,8.66,5.97,9.67,9.77
2025-12-16T18:41:52.638122,Recipe_A,506af462-4e57-4295-9af2-1d9f653511cc,16,2.0,,,,11.47,9.02,8.13,12.63,8.28,10.92
2025-12-16T18:41:53.638122,Recipe_A,506af462-4e57-4295-9af2-1d9f653511cc,16,2.0,,,,9.06,10.1,9.2,10.54,7.95,8.03
2025-12-16T18:41:54.638122,Recipe_A,506af462-4e57-4295-9af2-1d9f653511cc,16,2.0,,,,12.04,8.9,11.18,5.68,11.26,8.21
2025-12-16T18:41:55.638122,Recipe_A,506af462-4e57-4295-9af2-1d9f653511cc,16,2.0,,,,7.79,12.6,8.32,10.64,14.9,10.25
2025-12-16T18:41:56.638122,Recipe_A,506af462-4e57-4295-9af2-1d9f653511cc,16,2.0,,,,6.48,7.29,13.27,8.42,9.32,11.47
2025-12-16T18:41:57.638122,Recipe_A,506af462-4e57-4295-9af2-1d9f653511cc,16,2.0,,,,8.34,10.07,10.64,10.73,9.0,5.95
2025-12-16T18:41:58.638122,Recipe_A,506af462-4e57-4295-9af2-1d9f653511cc,16,2.0,,,,10.6,9.85,9.99,10.91,6.43,7.16
2025-12-16T18:41:59.638122,Recipe_A,506af462-4e57-4295-9af2-1d9f653511cc,16,4.0,,,,111.95,53.03,53.75,56.0,45.15,45.46
2025-12-16T18:42:00.638122,Recipe_A,506af462-4e57-4295-9af2-1d9f653511cc,16,4.0,,,,102.01,44.02,52.92,53.24,56.76,49.58
2025-12-16T18:42:01.638122,Recipe_A,506af462-4e57-4295-9af2-1d9f653511cc,16,4.0,,,,104.04,54.21,46.64,53.65,44.35,36.04
2025-12-16T18:42:02.638122,Recipe_A,506af462-4e57-4295-9af2-1d9f653511cc,16,4.0,,,,100.93,48.25,50.68,49.61,49.62,39.64
2025-12-16T18:42:03.638122,Recipe_A,506af462-4e57-4295-9af2-1d9f653511cc,16,3.0,,,,5.84,9.4,8.76,8.86,11.42,9.33
2025-12-16T18:42:04.638122,Recipe_A,506af462-4e57-4295-9af2-1d9f653511cc,16,3.0,,,,10.01,12.86,13.47,13.33,7.42,7.8
2025-12-16T18:42:05.638122,Recipe_A,506af462-4e57-4295-9af2-1d9f653511cc,16,3.0,,,,7.85,6.44,8.58,11.14,13.13,8.31
2025-12-16T18:42:06.638122,Recipe_A,506af462-4e57-4295-9af2-1d9f653511cc,16,3.0,,,,8.39,8.42,13.01,9.7,9.14,8.68
2025-12-16T18:42:07.638122,Recipe_A,506af462-4e57-4295-9af2-1d9f653511cc,16,3.0,,,,9.11,8.3,9.37,8.13,9.07,10.83
2025-12-16T18:42:08.638122,Recipe_A,506af462-4e57-4295-9af2-1d9f653511cc,16,3.0,,,,9.83,6.14,9.84,10.49,12.47,5.71
2025-12-16T18:42:09.638122,Recipe_A,506af462-4e57-4295-9af2-1d9f653511cc,16,3.0,,,,10.7,6.4,8.53,8.28,8.02,8.92
2025-12-16T18:42:09.638122,Recipe_A,506af462-4e57-4295-9af2-1d9f653511cc,16,3.0,Warning_9,Simulated Warning occurred,Warning,,,,,,
2025-12-16T18:42:10.638122,Recipe_A,506af462-4e57-4295-9af2-1d9f653511cc,16,3.0,,,,12.33,6.39,9.19,10.09,10.28,9.93
2025-12-16T18:42:11.638122,Recipe_A,506af462-4e57-4295-9af2-1d9f653511cc,16,3.0,,,,11.15,6.93,9.66,12.31,10.69,7.82
2025-12-16T18:42:12.638122,Recipe_A,506af462-4e57-4295-9af2-1d9f653511cc,16,3.0,,,,11.26,10.06,8.15,7.71,12.32,9.38
2025-12-16T18:42:13.638122,Recipe_A,506af462-4e57-4295-9af2-1d9f653511cc,16,3.0,,,,9.51,8.11,9.01,8.29,7.92,11.35
2025-12-16T18:42:14.638122,Recipe_A,506af462-4e57-4295-9af2-1d9f653511cc,16,3.0,,,,12.97,8.37,6.86,11.46,9.25,10.47
2025-12-16T18:42:15.638122,Recipe_A,506af462-4e57-4295-9af2-1d9f653511cc,16,3.0,,,,8.83,7.92,6.79,8.37,9.33,11.5
2025-12-16T18:42:16.638122,Recipe_A,506af462-4e57-4295-9af2-1d9f653511cc,16,3.0,,,,8.82,11.96,10.59,8.89,11.58,11.97
2025-12-16T18:42:17.638122,Recipe_A,506af462-4e57-4295-9af2-1d9f653511cc,16,3.0,,,,10.22,11.57,7.37,8.94,7.88,10.02
2025-12-16T18:42:18.638122,Recipe_A,506af462-4e57-4295-9af2-1d9f653511cc,16,3.0,,,,10.08,12.5,9.85,7.97,11.14,12.32
2025-12-16T18:42:19.638122,Recipe_A,506af462-4e57-4295-9af2-1d9f653511cc,16,3.0,,,,9.96,8.34,12.57,9.48,12.71,9.15
2025-12-16T18:42:20.638122,Recipe_A,506af462-4e57-4295-9af2-1d9f653511cc,16,3.0,,,,11.94,8.95,10.56,9.03,10.5,6.72
2025-12-16T18:42:21.638122,Recipe_A,506af462-4e57-4295-9af2-1d9f653511cc,16,3.0,,,,9.79,11.11,10.52,10.74,10.6,11.89
2025-12-16T18:42:22.638122,Recipe_A,506af462-4e57-4295-9af2-1d9f653511cc,16,3.0,,,,9.82,8.26,12.33,7.53,12.63,11.0
2025-12-16T18:42:23.638122,Recipe_A,506af462-4e57-4295-9af2-1d9f653511cc,16,3.0,,,,11.49,8.82,9.69,5.09,11.56,14.11
2025-12-16T18:42:24.638122,Recipe_A,506af462-4e57-4295-9af2-1d9f653511cc,16,3.0,,,,6.96,11.16,14.03,10.51,8.64,9.97
2025-12-16T18:42:25.638122,Recipe_A,506af462-4e57-4295-9af2-1d9f653511cc,16,3.0,,,,9.94,9.79,10.03,10.5,13.11,10.75
2025-12-16T18:42:26.638122,Recipe_A,506af462-4e57-4295-9af2-1d9f653511cc,16,3.0,,,,8.08,11.3,7.81,10.29,9.57,11.91
2025-12-16T18:42:27.638122,Recipe_A,506af462-4e57-4295-9af2-1d9f653511cc,16,3.0,,,,8.11,8.36,12.11,11.22,12.0,11.81
2025-12-16T18:42:28.638122,Recipe_A,506af462-4e57-4295-9af2-1d9f653511cc,16,2.0,,,,14.05,10.55,11.11,8.11,8.22,8.6
2025-12-16T18:42:29.638122,Recipe_A,506af462-4e57-4295-9af2-1d9f653511cc,16,2.0,,,,6.37,9.47,9.68,13.12,10.0,9.97
2025-12-16T18:42:30.638122,Recipe_A,506af462-4e57-4295-9af2-1d9f653511cc,16,2.0,,,,10.72,7.97,12.17,12.78,11.21,9.0
2025-12-16T18:42:31.638122,Recipe_A,506af462-4e57-4295-9af2-1d9f653511cc,16,2.0,,,,12.01,8.94,9.8,7.07,7.63,7.13
2025-12-16T18:42:32.638122,Recipe_A,506af462-4e57-4295-9af2-1d9f653511cc,16,2.0,,,,9.69,8.94,9.77,9.81,12.99,9.53
2025-12-16T18:42:33.638122,Recipe_A,506af462-4e57-4295-9af2-1d9f653511cc,16,2.0,,,,8.83,9.34,11.13,6.65,12.03,11.4
2025-12-16T18:42:34.638122,Recipe_A,506af462-4e57-4295-9af2-1d9f653511cc,16,2.0,,,,9.72,7.94,6.64,10.14,7.07,12.01
2025-12-16T18:42:35.638122,Recipe_A,506af462-4e57-4295-9af2-1d9f653511cc,16,2.0,,,,8.91,9.95,6.17,7.11,9.83,8.3
2025-12-16T18:42:36.638122,Recipe_A,506af462-4e57-4295-9af2-1d9f653511cc,16,2.0,,,,13.59,7.17,11.01,8.16,10.29,10.18
2025-12-16T18:42:37.638122,Recipe_A,506af462-4e57-4295-9af2-1d9f653511cc,16,2.0,,,,9.65,11.94,13.2,8.62,12.45,11.05
2025-12-16T18:42:38.638122,Recipe_A,506af462-4e57-4295-9af2-1d9f653511cc,16,2.0,,,,6.73,12.89,7.52,8.64,13.98,9.96
2025-12-16T18:42:39.638122,Recipe_A,506af462-4e57-4295-9af2-1d9f653511cc,16,2.0,,,,11.66,11.1,12.09,8.54,9.03,10.4
2025-12-16T18:42:40.638122,Recipe_A,506af462-4e57-4295-9af2-1d9f653511cc,16,2.0,,,,11.04,10.12,10.73,10.43,7.2,9.37
2025-12-16T18:42:41.638122,Recipe_A,506af462-4e57-4295-9af2-1d9f653511cc,16,2.0,,,,7.96,7.73,13.38,9.07,10.37,11.46
2025-12-16T18:42:42.638122,Recipe_A,506af462-4e57-4295-9af2-1d9f653511cc,16,2.0,,,,9.09,8.19,7.9,11.14,8.69,9.76
2025-12-16T18:42:43.638122,Recipe_A,506af462-4e57-4295-9af2-1d9f653511cc,16,2.0,,,,10.57,6.65,7.01,10.73,8.95,11.12
2025-12-16T18:42:44.638122,Recipe_A,506af462-4e57-4295-9af2-1d9f653511cc,16,2.0,,,,10.07,7.23,12.43,8.78,11.39,8.19
2025-12-16T18:42:45.638122,Recipe_A,506af462-4e57-4295-9af2-1d9f653511cc,16,2.0,,,,11.14,9.56,15.01,8.97,8.86,9.94
2025-12-16T18:42:46.638122,Recipe_A,506af462-4e57-4295-9af2-1d9f653511cc,16,2.0,,,,9.57,11.12,12.72,9.46,8.26,9.13
2025-12-16T18:42:47.638122,Recipe_A,506af462-4e57-4295-9af2-1d9f653511cc,16,2.0,,,,10.73,9.7,10.54,8.24,11.66,8.34
2025-12-16T18:42:48.638122,Recipe_A,506af462-4e57-4295-9af2-1d9f653511cc,16,2.0,,,,11.1,9.65,11.45,10.27,10.07,10.09
2025-12-16T18:42:49.638122,Recipe_A,506af462-4e57-4295-9af2-1d9f653511cc,16,2.0,,,,11.07,10.19,8.32,12.91,11.67,9.94
2025-12-16T18:42:49.638122,Recipe_A,506af462-4e57-4295-9af2-1d9f653511cc,16,2.0,Error_1,Simulated Error occurred,Error,,,,,,
2025-12-16T18:42:50.638122,Recipe_A,506af462-4e57-4295-9af2-1d9f653511cc,16,2.0,,,,10.08,9.37,11.09,11.13,11.4,7.33
2025-12-16T18:42:51.638122,Recipe_A,506af462-4e57-4295-9af2-1d9f653511cc,16,2.0,,,,14.69,11.41,8.57,11.05,12.37,7.05
2025-12-16T18:42:52.638122,Recipe_A,506af462-4e57-4295-9af2-1d9f653511cc,16,2.0,,,,12.99,8.97,8.65,12.13,11.53,8.13
2025-12-16T18:42:53.638122,Recipe_A,506af462-4e57-4295-9af2-1d9f653511cc,16,2.0,,,,9.12,16.22,11.0,9.35,9.68,9.32
2025-12-16T18:42:54.638122,Recipe_A,506af462-4e57-4295-9af2-1d9f653511cc,16,2.0,,,,8.87,11.56,11.63,11.17,9.45,11.71
2025-12-16T18:42:55.638122,Recipe_A,506af462-4e57-4295-9af2-1d9f653511cc,16,2.0,,,,9.14,10.87,7.88,9.98,7.41,7.35
2025-12-16T18:42:56.638122,Recipe_A,506af462-4e57-4295-9af2-1d9f653511cc,16,2.0,,,,9.38,11.69,11.07,9.44,8.87,10.07
2025-12-16T18:42:57.638122,Recipe_A,506af462-4e57-4295-9af2-1d9f653511cc,16,2.0,,,,9.65,9.02,12.19,7.39,7.92,6.05
2025-12-16T18:42:58.638122,Recipe_A,506af462-4e57-4295-9af2-1d9f653511cc,16,2.0,,,,6.74,10.74,6.82,10.05,8.54,8.22
2025-12-16T18:42:59.638122,Recipe_A,506af462-4e57-4295-9af2-1d9f653511cc,16,2.0,,,,10.03,12.43,9.54,10.0,12.37,11.34
2025-12-16T18:43:00.638122,Recipe_A,506af462-4e57-4295-9af2-1d9f653511cc,16,2.0,,,,6.78,13.7,9.1,6.71,8.91,11.39
2025-12-16T18:43:01.638122,Recipe_A,506af462-4e57-4295-9af2-1d9f653511cc,16,2.0,,,,4.31,8.64,11.78,8.58,9.7,12.17
2025-12-16T18:43:02.638122,Recipe_A,506af462-4e57-4295-9af2-1d9f653511cc,16,2.0,,,,8.41,11.07,11.88,11.01,11.51,11.46
2025-12-16T18:43:03.638122,Recipe_A,506af462-4e57-4295-9af2-1d9f653511cc,16,2.0,,,,6.83,12.42,6.97,9.96,5.85,5.76
2025-12-16T18:43:04.638122,Recipe_A,506af462-4e57-4295-9af2-1d9f653511cc,16,2.0,,,,8.13,11.55,10.98,8.08,7.35,10.78
2025-12-16T18:43:05.638122,Recipe_A,506af462-4e57-4295-9af2-1d9f653511cc,16,2.0,,,,8.9,10.13,10.89,9.44,12.34,11.02
2025-12-16T18:43:06.638122,Recipe_A,506af462-4e57-4295-9af2-1d9f653511cc,16,2.0,,,,9.82,8.27,7.4,8.03,11.05,5.83
2025-12-16T18:43:07.638122,Recipe_A,506af462-4e57-4295-9af2-1d9f653511cc,16,2.0,,,,13.12,8.72,8.2,10.04,11.48,9.62
2025-12-16T18:43:08.638122,Recipe_A,506af462-4e57-4295-9af2-1d9f653511cc,16,2.0,,,,14.54,9.61,9.35,8.79,10.5,15.44
2025-12-16T18:43:09.638122,Recipe_A,506af462-4e57-4295-9af2-1d9f653511cc,16,2.0,,,,6.57,10.03,9.97,10.88,10.66,9.16
2025-12-16T18:43:10.638122,Recipe_A,506af462-4e57-4295-9af2-1d9f653511cc,16,2.0,,,,11.74,10.71,6.95,10.36,6.08,10.37
2025-12-16T18:43:11.638122,Recipe_A,506af462-4e57-4295-9af2-1d9f653511cc,16,2.0,,,,5.72,10.19,14.55,10.81,10.12,12.12
2025-12-16T18:43:12.638122,Recipe_A,506af462-4e57-4295-9af2-1d9f653511cc,16,2.0,,,,9.59,10.45,9.03,10.12,12.86,10.25
2025-12-16T18:43:13.638122,Recipe_A,506af462-4e57-4295-9af2-1d9f653511cc,16,2.0,,,,9.94,9.71,8.9,11.48,12.15,5.08
2025-12-16T18:43:14.638122,Recipe_A,506af462-4e57-4295-9af2-1d9f653511cc,16,2.0,,,,7.74,4.94,13.27,8.49,11.2,6.1
2025-12-16T18:43:15.638122,Recipe_A,506af462-4e57-4295-9af2-1d9f653511cc,16,2.0,,,,11.16,8.54,9.16,10.17,10.42,10.93
2025-12-16T18:43:16.638122,Recipe_A,506af462-4e57-4295-9af2-1d9f653511cc,16,0.0,,,,0.0,0.0,0.0,0.0,0.0,0.0
2025-12-16T18:43:17.638122,Recipe_A,506af462-4e57-4295-9af2-1d9f653511cc,16,0.0,,,,0.0,0.0,0.0,0.0,0.0,0.0
2025-12-16T18:43:18.638122,Recipe_A,506af462-4e57-4295-9af2-1d9f653511cc,16,0.0,,,,0.0,0.0,0.0,0.0,0.0,0.0
2025-12-16T18:43:19.638122,Recipe_A,506af462-4e57-4295-9af2-1d9f653511cc,16,0.0,,,,0.0,0.0,0.0,0.0,0.0,0.0
2025-12-16T18:43:20.638122,Recipe_A,506af462-4e57-4295-9af2-1d9f653511cc,16,0.0,,,,0.0,0.0,0.0,0.0,0.0,0.0
2025-12-16T18:43:21.638122,Recipe_A,506af462-4e57-4295-9af2-1d9f653511cc,16,0.0,,,,0.0,0.0,0.0,0.0,0.0,0.0
2025-12-16T18:43:22.638122,Recipe_A,506af462-4e57-4295-9af2-1d9f653511cc,16,0.0,,,,0.0,0.0,0.0,0.0,0.0,0.0
2025-12-16T18:43:23.638122,Recipe_A,506af462-4e57-4295-9af2-1d9f653511cc,16,0.0,,,,0.0,0.0,0.0,0.0,0.0,0.0
2025-12-16T18:43:24.638122,Recipe_A,506af462-4e57-4295-9af2-1d9f653511cc,16,0.0,,,,0.0,0.0,0.0,0.0,0.0,0.0
2025-12-16T18:43:25.638122,Recipe_A,506af462-4e57-4295-9af2-1d9f653511cc,16,0.0,,,,0.0,0.0,0.0,0.0,0.0,0.0
2025-12-16T18:43:26.638122,Recipe_A,506af462-4e57-4295-9af2-1d9f653511cc,16,0.0,,,,0.0,0.0,0.0,0.0,0.0,0.0
2025-12-16T18:43:27.638122,Recipe_A,506af462-4e57-4295-9af2-1d9f653511cc,16,0.0,,,,0.0,0.0,0.0,0.0,0.0,0.0
2025-12-16T18:43:28.638122,Recipe_A,506af462-4e57-4295-9af2-1d9f653511cc,16,0.0,,,,0.0,0.0,0.0,0.0,0.0,0.0
2025-12-16T18:43:29.638122,Recipe_A,506af462-4e57-4295-9af2-1d9f653511cc,16,0.0,,,,0.0,0.0,0.0,0.0,0.0,0.0
2025-12-16T18:43:30.638122,Recipe_A,506af462-4e57-4295-9af2-1d9f653511cc,16,0.0,,,,0.0,0.0,0.0,0.0,0.0,0.0
2025-12-16T18:43:31.638122,Recipe_A,506af462-4e57-4295-9af2-1d9f653511cc,16,0.0,,,,0.0,0.0,0.0,0.0,0.0,0.0
2025-12-16T18:43:32.638122,Recipe_A,506af462-4e57-4295-9af2-1d9f653511cc,16,0.0,,,,0.0,0.0,0.0,0.0,0.0,0.0
2025-12-16T18:43:33.638122,Recipe_A,506af462-4e57-4295-9af2-1d9f653511cc,16,5.0,,,,10.78,9.13,8.36,11.54,10.15,8.71
2025-12-16T18:43:34.638122,Recipe_A,506af462-4e57-4295-9af2-1d9f653511cc,16,5.0,,,,12.31,11.34,11.41,9.26,12.33,13.38
2025-12-16T18:43:35.638122,Recipe_A,506af462-4e57-4295-9af2-1d9f653511cc,16,5.0,,,,8.03,10.93,5.92,9.69,10.17,10.68
2025-12-16T18:43:36.638122,Recipe_A,506af462-4e57-4295-9af2-1d9f653511cc,16,5.0,,,,9.37,10.33,12.86,12.09,8.38,12.22
2025-12-16T18:43:37.638122,Recipe_A,506af462-4e57-4295-9af2-1d9f653511cc,16,5.0,,,,7.82,8.9,8.0,6.95,9.47,7.23
2025-12-16T18:43:38.638122,Recipe_A,506af462-4e57-4295-9af2-1d9f653511cc,16,0.0,,,,0.0,0.0,0.0,0.0,0.0,0.0
2025-12-16T18:43:39.638122,Recipe_A,506af462-4e57-4295-9af2-1d9f653511cc,16,0.0,,,,0.0,0.0,0.0,0.0,0.0,0.0
2025-12-16T18:43:40.638122,Recipe_A,506af462-4e57-4295-9af2-1d9f653511cc,16,0.0,,,,0.0,0.0,0.0,0.0,0.0,0.0
2025-12-16T18:43:41.638122,Recipe_A,506af462-4e57-4295-9af2-1d9f653511cc,16,0.0,,,,0.0,0.0,0.0,0.0,0.0,0.0
2025-12-16T18:43:42.638122,Recipe_A,506af462-4e57-4295-9af2-1d9f653511cc,16,0.0,,,,0.0,0.0,0.0,0.0,0.0,0.0
2025-12-16T18:43:43.638122,Recipe_A,506af462-4e57-4295-9af2-1d9f653511cc,16,0.0,,,,0.0,0.0,0.0,0.0,0.0,0.0
2025-12-16T18:43:44.638122,Recipe_A,506af462-4e57-4295-9af2-1d9f653511cc,16,0.0,,,,0.0,0.0,0.0,0.0,0.0,0.0
2025-12-16T18:43:45.638122,Recipe_A,506af462-4e57-4295-9af2-1d9f653511cc,16,0.0,,,,0.0,0.0,0.0,0.0,0.0,0.0
2025-12-16T18:43:46.638122,Recipe_A,506af462-4e57-4295-9af2-1d9f653511cc,16,5.0,,,,10.55,8.18,8.72,10.66,7.36,9.25
2025-12-16T18:43:47.638122,Recipe_A,506af462-4e57-4295-9af2-1d9f653511cc,16,5.0,,,,10.7,9.45,11.99,9.31,6.93,12.99
2025-12-16T18:43:48.638122,Recipe_A,506af462-4e57-4295-9af2-1d9f653511cc,16,5.0,,,,11.28,13.56,11.06,10.89,9.8,8.65
2025-12-16T18:43:49.638122,Recipe_A,506af462-4e57-4295-9af2-1d9f653511cc,16,5.0,,,,10.41,6.69,11.1,14.01,10.51,10.71
2025-12-16T18:43:50.638122,Recipe_A,506af462-4e57-4295-9af2-1d9f653511cc,16,5.0,,,,11.97,7.93,12.82,7.76,11.77,11.31
2025-12-16T18:43:51.638122,Recipe_A,506af462-4e57-4295-9af2-1d9f653511cc,16,5.0,,,,9.04,12.28,8.68,11.85,12.45,10.39
2025-12-16T18:43:52.638122,Recipe_A,506af462-4e57-4295-9af2-1d9f653511cc,16,5.0,,,,10.1,10.18,8.58,8.3,8.54,9.33
2025-12-16T18:43:53.638122,Recipe_A,506af462-4e57-4295-9af2-1d9f653511cc,16,5.0,,,,8.26,12.04,10.65,7.08,4.64,9.37
2025-12-16T18:43:54.638122,Recipe_A,506af462-4e57-4295-9af2-1d9f653511cc,16,5.0,,,,10.01,8.13,11.77,10.22,11.06,9.0
2025-12-16T18:43:55.638122,Recipe_A,506af462-4e57-4295-9af2-1d9f653511cc,16,5.0,,,,7.11,10.86,6.07,9.6,8.61,12.19
2025-12-16T18:43:56.638122,Recipe_A,506af462-4e57-4295-9af2-1d9f653511cc,16,5.0,,,,10.38,10.9,7.33,11.59,9.64,13.91
2025-12-16T18:43:57.638122,Recipe_A,506af462-4e57-4295-9af2-1d9f653511cc,16,5.0,,,,7.9,10.76,10.33,7.32,9.19,13.07
2025-12-16T18:43:58.638122,Recipe_A,506af462-4e57-4295-9af2-1d9f653511cc,16,5.0,,,,7.38,8.06,8.47,8.26,10.85,7.6
2025-12-16T18:43:59.638122,Recipe_A,506af462-4e57-4295-9af2-1d9f653511cc,16,5.0,,,,12.93,10.5,10.13,11.07,8.88,12.94
2025-12-16T18:44:00.638122,Recipe_A,506af462-4e57-4295-9af2-1d9f653511cc,16,5.0,,,,11.66,11.79,10.66,12.55,10.67,11.71
2025-12-16T18:44:01.638122,Recipe_A,506af462-4e57-4295-9af2-1d9f653511cc,16,5.0,,,,7.18,8.06,10.34,4.32,7.65,10.53
2025-12-16T18:44:02.638122,Recipe_A,506af462-4e57-4295-9af2-1d9f653511cc,16,5.0,,,,7.58,12.98,11.81,9.89,10.99,7.78
2025-12-16T18:44:03.638122,Recipe_A,506af462-4e57-4295-9af2-1d9f653511cc,16,5.0,,,,8.85,10.91,9.13,9.16,9.35,7.36
2025-12-16T18:44:04.638122,Recipe_A,506af462-4e57-4295-9af2-1d9f653511cc,16,5.0,,,,9.48,8.58,9.07,13.12,6.95,11.55
2025-12-16T18:44:05.638122,Recipe_A,506af462-4e57-4295-9af2-1d9f653511cc,16,5.0,,,,6.49,12.3,11.6,8.97,5.48,10.04
2025-12-16T18:44:06.638122,Recipe_A,506af462-4e57-4295-9af2-1d9f653511cc,16,5.0,,,,9.85,12.45,12.16,7.47,6.88,10.21
2025-12-16T18:44:07.638122,Recipe_A,506af462-4e57-4295-9af2-1d9f653511cc,16,5.0,,,,9.68,13.59,13.26,12.18,8.07,9.71
2025-12-16T18:44:08.638122,Recipe_A,506af462-4e57-4295-9af2-1d9f653511cc,16,5.0,,,,9.89,12.52,9.57,7.98,7.51,6.44
2025-12-16T18:44:09.638122,Recipe_A,506af462-4e57-4295-9af2-1d9f653511cc,16,5.0,,,,11.84,10.27,11.94,10.63,12.23,8.74
2025-12-16T18:44:10.638122,Recipe_A,506af462-4e57-4295-9af2-1d9f653511cc,16,5.0,,,,10.74,10.26,12.33,11.86,11.58,10.6
2025-12-16T18:44:11.638122,Recipe_A,506af462-4e57-4295-9af2-1d9f653511cc,16,5.0,,,,8.4,9.78,9.92,11.54,12.17,7.51
2025-12-16T18:44:12.638122,Recipe_A,506af462-4e57-4295-9af2-1d9f653511cc,16,5.0,,,,8.45,8.58,14.93,14.5,11.73,11.4
2025-12-16T18:44:13.638122,Recipe_A,506af462-4e57-4295-9af2-1d9f653511cc,16,5.0,,,,7.01,13.58,8.17,8.56,14.75,9.27
2025-12-16T18:44:14.638122,Recipe_A,506af462-4e57-4295-9af2-1d9f653511cc,16,5.0,,,,10.64,9.72,11.14,9.28,8.82,4.89
2025-12-16T18:44:15.638122,Recipe_A,506af462-4e57-4295-9af2-1d9f653511cc,16,5.0,,,,8.94,8.06,8.28,10.32,9.64,13.72
2025-12-16T18:44:16.638122,Recipe_A,506af462-4e57-4295-9af2-1d9f653511cc,16,5.0,,,,10.88,10.89,12.23,10.44,11.54,11.93
2025-12-16T18:44:17.638122,Recipe_A,506af462-4e57-4295-9af2-1d9f653511cc,16,5.0,,,,9.29,9.62,9.31,10.14,9.99,8.88
2025-12-16T18:44:18.638122,Recipe_A,506af462-4e57-4295-9af2-1d9f653511cc,16,5.0,,,,9.95,13.24,15.23,10.77,11.75,9.86
2025-12-16T18:44:19.638122,Recipe_A,506af462-4e57-4295-9af2-1d9f653511cc,16,5.0,,,,10.42,14.12,11.12,12.63,10.34,6.37
2025-12-16T18:44:20.638122,Recipe_A,506af462-4e57-4295-9af2-1d9f653511cc,16,5.0,,,,7.66,14.07,5.45,13.36,8.7,8.45
2025-12-16T18:44:21.638122,Recipe_A,506af462-4e57-4295-9af2-1d9f653511cc,16,5.0,,,,8.75,6.29,12.22,13.66,10.53,12.04
2025-12-16T18:44:22.638122,Recipe_A,506af462-4e57-4295-9af2-1d9f653511cc,16,5.0,,,,8.24,10.83,13.38,12.01,10.42,12.14
2025-12-16T18:44:23.638122,Recipe_A,506af462-4e57-4295-9af2-1d9f653511cc,16,5.0,,,,9.01,10.78,9.71,9.21,10.45,9.83
2025-12-16T18:44:24.638122,Recipe_A,506af462-4e57-4295-9af2-1d9f653511cc,16,5.0,,,,10.14,9.46,10.81,10.55,9.77,8.54
2025-12-16T18:44:25.638122,Recipe_A,506af462-4e57-4295-9af2-1d9f653511cc,16,5.0,,,,6.05,9.92,8.69,12.11,9.71,8.56
2025-12-16T18:44:26.638122,Recipe_A,506af462-4e57-4295-9af2-1d9f653511cc,16,5.0,,,,10.5,10.76,11.22,12.1,6.73,10.71
2025-12-16T18:44:27.638122,Recipe_A,506af462-4e57-4295-9af2-1d9f653511cc,16,5.0,,,,10.47,6.82,9.16,11.07,8.79,10.77
2025-12-16T18:44:28.638122,Recipe_A,506af462-4e57-4295-9af2-1d9f653511cc,16,5.0,,,,7.14,13.43,11.46,8.07,7.72,7.94
2025-12-16T18:44:29.638122,Recipe_A,506af462-4e57-4295-9af2-1d9f653511cc,16,5.0,,,,11.91,9.89,7.44,5.5,12.63,9.68
2025-12-16T18:44:30.638122,Recipe_A,506af462-4e57-4295-9af2-1d9f653511cc,16,5.0,,,,10.33,6.33,10.66,6.91,8.9,5.86
2025-12-16T18:44:31.638122,Recipe_A,506af462-4e57-4295-9af2-1d9f653511cc,16,5.0,,,,7.23,11.98,12.16,9.76,13.17,11.22
2025-12-16T18:44:32.638122,Recipe_A,506af462-4e57-4295-9af2-1d9f653511cc,16,5.0,,,,10.95,10.79,10.99,10.09,12.1,13.29
2025-12-16T18:44:33.638122,Recipe_A,506af462-4e57-4295-9af2-1d9f653511cc,16,5.0,,,,11.93,10.59,10.94,10.15,6.47,7.52
2025-12-16T18:44:34.638122,Recipe_A,506af462-4e57-4295-9af2-1d9f653511cc,16,5.0,,,,13.25,10.92,11.27,10.43,8.65,7.67
2025-12-16T18:44:35.638122,Recipe_A,506af462-4e57-4295-9af2-1d9f653511cc,16,5.0,,,,10.41,7.3,9.12,10.68,14.02,7.35
2025-12-16T18:44:36.638122,Recipe_A,506af462-4e57-4295-9af2-1d9f653511cc,16,5.0,,,,11.72,9.57,8.84,7.42,7.71,11.79
2025-12-16T18:44:37.638122,Recipe_A,506af462-4e57-4295-9af2-1d9f653511cc,16,5.0,,,,9.51,8.96,9.15,7.01,9.54,8.74
2025-12-16T18:44:38.638122,Recipe_A,506af462-4e57-4295-9af2-1d9f653511cc,16,5.0,,,,11.32,4.94,9.88,11.79,10.09,10.1
2025-12-16T18:44:39.638122,Recipe_A,506af462-4e57-4295-9af2-1d9f653511cc,16,5.0,,,,9.7,9.72,6.7,10.2,9.47,12.82
2025-12-16T18:44:40.638122,Recipe_A,506af462-4e57-4295-9af2-1d9f653511cc,16,5.0,,,,7.88,10.07,8.21,10.32,7.24,13.05
2025-12-16T18:44:41.638122,Recipe_A,506af462-4e57-4295-9af2-1d9f653511cc,16,5.0,,,,10.86,10.71,7.01,11.45,11.12,8.63
2025-12-16T18:44:42.638122,Recipe_A,506af462-4e57-4295-9af2-1d9f653511cc,16,5.0,,,,7.6,10.83,8.44,12.46,10.0,7.94
2025-12-16T18:44:43.638122,Recipe_A,506af462-4e57-4295-9af2-1d9f653511cc,16,5.0,,,,8.73,12.4,11.12,13.73,12.59,15.03
2025-12-16T18:44:44.638122,Recipe_A,506af462-4e57-4295-9af2-1d9f653511cc,16,5.0,,,,9.53,10.13,12.24,7.55,11.44,13.89
2025-12-16T18:44:45.638122,Recipe_A,506af462-4e57-4295-9af2-1d9f653511cc,16,5.0,,,,10.38,11.97,10.64,8.3,9.75,12.59
2025-12-16T18:44:46.638122,Recipe_A,506af462-4e57-4295-9af2-1d9f653511cc,16,5.0,,,,10.48,8.77,9.45,10.42,12.28,6.8
2025-12-16T18:44:47.638122,Recipe_A,506af462-4e57-4295-9af2-1d9f653511cc,16,5.0,,,,7.16,11.41,12.78,10.07,7.37,4.5
2025-12-16T18:44:48.638122,Recipe_A,506af462-4e57-4295-9af2-1d9f653511cc,16,5.0,,,,8.43,8.53,7.14,11.42,8.45,10.67
2025-12-16T18:44:49.638122,Recipe_A,506af462-4e57-4295-9af2-1d9f653511cc,16,5.0,,,,9.24,11.52,8.21,10.85,9.86,11.86
2025-12-16T18:44:50.638122,Recipe_A,506af462-4e57-4295-9af2-1d9f653511cc,16,5.0,,,,9.64,11.04,7.14,11.44,11.75,11.23
2025-12-16T18:44:51.638122,Recipe_A,506af462-4e57-4295-9af2-1d9f653511cc,16,5.0,,,,10.62,9.11,11.51,10.96,14.94,14.28
2025-12-16T18:44:52.638122,Recipe_A,506af462-4e57-4295-9af2-1d9f653511cc,16,5.0,,,,10.0,12.11,12.34,9.3,8.5,11.71
2025-12-16T18:44:53.638122,Recipe_A,506af462-4e57-4295-9af2-1d9f653511cc,16,5.0,,,,9.6,11.63,8.44,10.4,11.78,6.01
2025-12-16T18:44:54.638122,Recipe_A,506af462-4e57-4295-9af2-1d9f653511cc,16,5.0,,,,9.52,10.08,8.58,8.53,6.79,13.08
2025-12-16T18:44:55.638122,Recipe_A,506af462-4e57-4295-9af2-1d9f653511cc,16,5.0,,,,5.97,6.19,13.2,9.96,6.93,8.8
2025-12-16T18:44:56.638122,Recipe_A,506af462-4e57-4295-9af2-1d9f653511cc,16,5.0,,,,10.58,7.24,14.18,12.61,10.06,10.17
2025-12-16T18:44:57.638122,Recipe_A,506af462-4e57-4295-9af2-1d9f653511cc,16,5.0,,,,7.34,12.67,6.57,9.84,11.54,9.96
2025-12-16T18:44:58.638122,Recipe_A,506af462-4e57-4295-9af2-1d9f653511cc,16,5.0,,,,11.66,9.89,11.53,5.65,9.03,11.79
2025-12-16T18:44:59.638122,Recipe_A,506af462-4e57-4295-9af2-1d9f653511cc,16,5.0,,,,10.05,12.44,6.35,7.6,8.65,8.84
2025-12-16T18:45:00.638122,Recipe_A,506af462-4e57-4295-9af2-1d9f653511cc,16,5.0,,,,12.1,9.97,8.6,10.9,11.28,7.07
2025-12-16T18:45:01.638122,Recipe_A,506af462-4e57-4295-9af2-1d9f653511cc,16,5.0,,,,10.28,9.01,11.89,8.06,6.93,12.9
2025-12-16T18:45:02.638122,Recipe_A,506af462-4e57-4295-9af2-1d9f653511cc,16,5.0,,,,11.24,12.78,11.5,9.18,9.91,10.66
2025-12-16T18:45:03.638122,Recipe_A,506af462-4e57-4295-9af2-1d9f653511cc,16,5.0,,,,7.14,10.92,10.24,10.55,11.03,9.31
2025-12-16T18:45:04.638122,Recipe_A,506af462-4e57-4295-9af2-1d9f653511cc,16,5.0,,,,8.93,10.23,10.46,13.2,11.67,8.25
2025-12-16T18:45:05.638122,Recipe_A,506af462-4e57-4295-9af2-1d9f653511cc,16,5.0,,,,11.84,12.67,9.81,11.0,10.92,8.9
2025-12-16T18:45:06.638122,Recipe_A,506af462-4e57-4295-9af2-1d9f653511cc,16,5.0,,,,8.39,9.75,6.85,15.08,10.66,6.52
2025-12-16T18:45:07.638122,Recipe_A,506af462-4e57-4295-9af2-1d9f653511cc,16,5.0,,,,11.03,10.92,11.36,8.42,8.14,10.13
2025-12-16T18:45:08.638122,Recipe_A,506af462-4e57-4295-9af2-1d9f653511cc,16,5.0,,,,7.57,11.26,11.35,10.04,7.33,8.9
2025-12-16T18:45:09.638122,Recipe_A,506af462-4e57-4295-9af2-1d9f653511cc,16,5.0,,,,10.56,7.85,7.63,11.68,10.46,8.73
2025-12-16T18:45:10.638122,Recipe_A,506af462-4e57-4295-9af2-1d9f653511cc,16,5.0,,,,9.49,9.61,9.32,9.85,10.54,11.29
2025-12-16T18:45:11.638122,Recipe_A,506af462-4e57-4295-9af2-1d9f653511cc,16,5.0,,,,9.93,10.12,10.17,6.79,11.84,9.83
2025-12-16T18:45:12.638122,Recipe_A,506af462-4e57-4295-9af2-1d9f653511cc,16,5.0,,,,11.11,8.59,11.63,9.54,10.24,9.51
2025-12-16T18:45:13.638122,Recipe_A,506af462-4e57-4295-9af2-1d9f653511cc,16,5.0,,,,9.56,9.69,10.34,9.51,12.16,9.22
2025-12-16T18:45:14.638122,Recipe_A,506af462-4e57-4295-9af2-1d9f653511cc,16,5.0,,,,8.82,9.23,12.14,9.81,10.3,7.78
2025-12-16T18:45:15.638122,Recipe_A,506af462-4e57-4295-9af2-1d9f653511cc,16,5.0,,,,13.27,8.86,11.46,11.11,11.39,10.43
2025-12-16T18:45:16.638122,Recipe_A,506af462-4e57-4295-9af2-1d9f653511cc,16,5.0,,,,12.59,7.22,10.33,11.79,11.58,7.77
2025-12-16T18:45:17.638122,Recipe_A,506af462-4e57-4295-9af2-1d9f653511cc,16,5.0,,,,11.9,7.81,9.99,8.81,12.69,12.6
2025-12-16T18:45:18.638122,Recipe_A,506af462-4e57-4295-9af2-1d9f653511cc,16,5.0,,,,14.54,9.98,4.76,11.95,11.63,13.54
2025-12-16T18:45:19.638122,Recipe_A,506af462-4e57-4295-9af2-1d9f653511cc,16,5.0,,,,10.69,10.29,9.21,5.97,6.42,7.61
2025-12-16T18:45:20.638122,Recipe_A,506af462-4e57-4295-9af2-1d9f653511cc,16,5.0,,,,8.21,10.48,10.67,12.38,11.33,13.45
2025-12-16T18:45:21.638122,Recipe_A,506af462-4e57-4295-9af2-1d9f653511cc,16,5.0,,,,10.96,7.66,14.44,11.77,7.82,12.55
2025-12-16T18:45:22.638122,Recipe_A,506af462-4e57-4295-9af2-1d9f653511cc,16,5.0,,,,8.52,10.98,10.75,9.54,7.35,11.69
2025-12-16T18:45:23.638122,Recipe_A,506af462-4e57-4295-9af2-1d9f653511cc,16,5.0,,,,7.86,8.94,8.56,8.14,12.05,11.82
2025-12-16T18:45:24.638122,Recipe_A,506af462-4e57-4295-9af2-1d9f653511cc,16,5.0,,,,10.91,11.5,12.69,9.88,12.5,8.14
2025-12-16T18:45:25.638122,Recipe_A,506af462-4e57-4295-9af2-1d9f653511cc,16,5.0,,,,6.51,8.24,12.33,4.38,10.28,10.53
2025-12-16T18:45:26.638122,Recipe_A,506af462-4e57-4295-9af2-1d9f653511cc,16,5.0,,,,10.85,10.16,9.39,9.14,11.9,10.11
2025-12-16T18:45:27.638122,Recipe_A,506af462-4e57-4295-9af2-1d9f653511cc,16,5.0,,,,14.26,8.33,12.22,8.23,7.11,9.32
2025-12-16T18:45:28.638122,Recipe_A,506af462-4e57-4295-9af2-1d9f653511cc,16,5.0,,,,9.49,8.69,12.46,9.94,9.49,9.45
2025-12-16T18:45:29.638122,Recipe_A,506af462-4e57-4295-9af2-1d9f653511cc,16,5.0,,,,12.03,8.04,10.39,10.17,6.24,11.92
2025-12-16T18:45:30.638122,Recipe_A,506af462-4e57-4295-9af2-1d9f653511cc,16,5.0,,,,10.5,8.89,9.05,8.54,10.61,8.89
2025-12-16T18:45:31.638122,Recipe_A,506af462-4e57-4295-9af2-1d9f653511cc,16,5.0,,,,8.23,6.77,10.0,9.9,10.34,11.88
2025-12-16T18:45:32.638122,Recipe_A,506af462-4e57-4295-9af2-1d9f653511cc,16,5.0,,,,10.65,6.99,9.44,7.6,9.71,13.02
2025-12-16T18:45:33.638122,Recipe_A,506af462-4e57-4295-9af2-1d9f653511cc,16,5.0,,,,8.76,13.45,11.51,7.42,9.06,11.9
2025-12-16T18:45:34.638122,Recipe_A,506af462-4e57-4295-9af2-1d9f653511cc,16,5.0,,,,8.49,12.85,10.32,10.79,11.51,9.52
2025-12-16T18:45:35.638122,Recipe_A,506af462-4e57-4295-9af2-1d9f653511cc,16,5.0,,,,10.09,11.15,13.77,16.15,6.45,11.12
2025-12-16T18:45:36.638122,Recipe_A,506af462-4e57-4295-9af2-1d9f653511cc,16,5.0,,,,13.41,9.62,10.8,9.5,9.07,13.18
2025-12-16T18:45:37.638122,Recipe_A,506af462-4e57-4295-9af2-1d9f653511cc,16,5.0,,,,11.67,7.42,9.77,8.11,13.07,8.8
2025-12-16T18:45:38.638122,Recipe_A,506af462-4e57-4295-9af2-1d9f653511cc,16,1.0,,,,7.16,13.96,10.24,6.66,5.83,11.21
2025-12-16T18:45:39.638122,Recipe_A,506af462-4e57-4295-9af2-1d9f653511cc,16,1.0,,,,7.15,10.74,8.12,9.69,10.45,9.53
2025-12-16T18:45:40.638122,Recipe_A,506af462-4e57-4295-9af2-1d9f653511cc,16,1.0,,,,10.11,10.94,9.28,10.18,10.0,12.87
2025-12-16T18:45:41.638122,Recipe_A,506af462-4e57-4295-9af2-1d9f653511cc,16,1.0,,,,13.46,14.49,11.19,8.61,9.15,9.03
2025-12-16T18:45:42.638122,Recipe_A,506af462-4e57-4295-9af2-1d9f653511cc,16,1.0,,,,10.0,10.67,12.35,10.8,8.94,11.63
2025-12-16T18:45:43.638122,Recipe_A,506af462-4e57-4295-9af2-1d9f653511cc,16,1.0,,,,5.72,7.95,11.73,7.33,14.57,9.98
2025-12-16T18:45:43.638122,Recipe_A,506af462-4e57-4295-9af2-1d9f653511cc,16,1.0,Error_8,Simulated Error occurred,Error,,,,,,
2025-12-16T18:45:44.638122,Recipe_A,506af462-4e57-4295-9af2-1d9f653511cc,16,1.0,,,,10.91,11.8,8.76,11.32,12.98,9.11
2025-12-16T18:45:45.638122,Recipe_A,506af462-4e57-4295-9af2-1d9f653511cc,16,1.0,,,,11.49,8.97,10.58,10.73,9.83,8.54
2025-12-16T18:45:46.638122,Recipe_A,506af462-4e57-4295-9af2-1d9f653511cc,16,1.0,,,,14.82,7.66,8.23,13.05,10.51,10.22
2025-12-16T18:45:47.638122,Recipe_A,506af462-4e57-4295-9af2-1d9f653511cc,16,1.0,,,,11.03,11.47,9.28,9.73,8.91,12.33
2025-12-16T18:45:48.638122,Recipe_A,506af462-4e57-4295-9af2-1d9f653511cc,16,1.0,,,,6.91,10.16,9.18,11.86,9.04,12.31
2025-12-16T18:45:49.638122,Recipe_A,506af462-4e57-4295-9af2-1d9f653511cc,16,1.0,,,,10.39,9.58,11.0,10.18,14.85,10.02
2025-12-16T18:45:50.638122,Recipe_A,506af462-4e57-4295-9af2-1d9f653511cc,16,1.0,,,,9.04,10.19,11.37,11.05,10.1,7.4
2025-12-16T18:45:51.638122,Recipe_A,506af462-4e57-4295-9af2-1d9f653511cc,16,1.0,,,,12.18,11.67,10.48,10.12,10.0,8.9
2025-12-16T18:45:52.638122,Recipe_A,506af462-4e57-4295-9af2-1d9f653511cc,16,1.0,,,,9.67,7.08,12.25,9.14,7.5,10.24
2025-12-16T18:45:53.638122,Recipe_A,506af462-4e57-4295-9af2-1d9f653511cc,16,1.0,,,,7.27,9.97,6.35,6.36,7.75,10.04
2025-12-16T18:45:54.638122,Recipe_A,506af462-4e57-4295-9af2-1d9f653511cc,16,1.0,,,,11.72,7.22,7.38,7.13,10.87,12.66
2025-12-16T18:45:55.638122,Recipe_A,506af462-4e57-4295-9af2-1d9f653511cc,16,1.0,,,,12.66,10.14,11.12,11.19,7.52,8.61
2025-12-16T18:45:56.638122,Recipe_A,506af462-4e57-4295-9af2-1d9f653511cc,16,1.0,,,,10.01,8.65,6.62,9.48,10.44,9.22
2025-12-16T18:45:57.638122,Recipe_A,506af462-4e57-4295-9af2-1d9f653511cc,16,1.0,,,,11.77,12.0,10.49,12.97,9.44,9.8
2025-12-16T18:45:58.638122,Recipe_A,506af462-4e57-4295-9af2-1d9f653511cc,16,1.0,,,,8.53,11.62,6.57,9.84,7.47,9.67
2025-12-16T18:45:59.638122,Recipe_A,506af462-4e57-4295-9af2-1d9f653511cc,16,1.0,,,,11.92,12.85,4.75,10.16,9.12,9.86
2025-12-16T18:46:00.638122,Recipe_A,506af462-4e57-4295-9af2-1d9f653511cc,16,1.0,,,,9.11,9.33,8.88,8.58,12.67,12.32
2025-12-16T18:46:01.638122,Recipe_A,506af462-4e57-4295-9af2-1d9f653511cc,16,1.0,,,,10.31,13.44,6.34,11.55,7.03,10.24
2025-12-16T18:46:02.638122,Recipe_A,506af462-4e57-4295-9af2-1d9f653511cc,16,1.0,,,,8.18,14.02,10.01,14.61,8.03,9.1
2025-12-16T18:46:03.638122,Recipe_A,506af462-4e57-4295-9af2-1d9f653511cc,16,1.0,,,,8.47,9.94,7.31,9.65,10.41,11.48
2025-12-16T18:46:04.638122,Recipe_A,506af462-4e57-4295-9af2-1d9f653511cc,16,1.0,,,,10.69,8.35,9.86,10.95,12.25,7.12
2025-12-16T18:46:05.638122,Recipe_A,506af462-4e57-4295-9af2-1d9f653511cc,16,1.0,,,,9.61,7.81,10.12,13.55,9.03,11.49
2025-12-16T18:46:06.638122,Recipe_A,506af462-4e57-4295-9af2-1d9f653511cc,16,1.0,,,,9.41,11.21,10.6,9.41,11.43,8.92
2025-12-16T18:46:07.638122,Recipe_A,506af462-4e57-4295-9af2-1d9f653511cc,16,1.0,,,,12.4,6.5,12.52,5.75,7.24,10.41
2025-12-16T18:46:08.638122,Recipe_A,506af462-4e57-4295-9af2-1d9f653511cc,16,1.0,,,,14.03,8.87,8.15,11.32,10.24,7.9
2025-12-16T18:46:09.638122,Recipe_A,506af462-4e57-4295-9af2-1d9f653511cc,16,1.0,,,,12.14,7.66,10.35,8.27,7.46,7.94
2025-12-16T18:46:10.638122,Recipe_A,506af462-4e57-4295-9af2-1d9f653511cc,16,1.0,,,,7.32,9.1,8.64,10.79,9.45,13.0
2025-12-16T18:46:11.638122,Recipe_A,506af462-4e57-4295-9af2-1d9f653511cc,16,1.0,,,,14.66,12.61,9.08,14.56,9.37,9.0
2025-12-16T18:46:12.638122,Recipe_A,506af462-4e57-4295-9af2-1d9f653511cc,16,1.0,,,,9.89,9.06,10.96,9.64,12.78,9.33
2025-12-16T18:46:13.638122,Recipe_A,506af462-4e57-4295-9af2-1d9f653511cc,16,1.0,,,,11.45,11.16,8.75,6.76,9.44,10.97
2025-12-16T18:46:14.638122,Recipe_A,506af462-4e57-4295-9af2-1d9f653511cc,16,1.0,,,,8.92,6.39,9.02,5.54,10.65,9.23
2025-12-16T18:46:15.638122,Recipe_A,506af462-4e57-4295-9af2-1d9f653511cc,16,1.0,,,,13.32,9.13,8.47,9.0,10.46,10.72
2025-12-16T18:46:16.638122,Recipe_A,506af462-4e57-4295-9af2-1d9f653511cc,16,1.0,,,,9.75,11.55,6.62,9.06,8.83,12.04
2025-12-16T18:46:17.638122,Recipe_A,506af462-4e57-4295-9af2-1d9f653511cc,16,1.0,,,,13.79,9.07,10.47,11.78,12.98,9.28
2025-12-16T18:46:18.638122,Recipe_A,506af462-4e57-4295-9af2-1d9f653511cc,16,1.0,,,,12.63,13.34,13.88,6.42,12.01,8.77
2025-12-16T18:46:19.638122,Recipe_A,506af462-4e57-4295-9af2-1d9f653511cc,16,1.0,,,,10.26,10.84,7.03,8.13,12.07,8.69
2025-12-16T18:46:20.638122,Recipe_A,506af462-4e57-4295-9af2-1d9f653511cc,16,1.0,,,,8.15,8.95,10.16,11.56,9.36,10.66
2025-12-16T18:46:21.638122,Recipe_A,506af462-4e57-4295-9af2-1d9f653511cc,16,1.0,,,,9.05,8.93,10.9,11.0,14.92,9.39
2025-12-16T18:46:22.638122,Recipe_A,506af462-4e57-4295-9af2-1d9f653511cc,16,1.0,,,,12.82,12.45,12.47,9.94,9.45,11.63
2025-12-16T18:46:23.638122,Recipe_A,506af462-4e57-4295-9af2-1d9f653511cc,16,1.0,,,,7.72,9.66,9.17,10.38,11.19,10.44
2025-12-16T18:46:24.638122,Recipe_A,506af462-4e57-4295-9af2-1d9f653511cc,16,1.0,,,,8.09,5.61,6.54,9.6,10.14,11.13
2025-12-16T18:46:25.638122,Recipe_A,506af462-4e57-4295-9af2-1d9f653511cc,16,1.0,,,,12.71,10.28,10.44,9.65,10.71,12.63
2025-12-16T18:46:26.638122,Recipe_A,506af462-4e57-4295-9af2-1d9f653511cc,16,1.0,,,,7.22,9.06,10.92,7.56,8.62,10.14
2025-12-16T18:46:27.638122,Recipe_A,506af462-4e57-4295-9af2-1d9f653511cc,16,1.0,,,,12.89,7.53,10.32,11.54,12.15,6.15
2025-12-16T18:46:28.638122,Recipe_A,506af462-4e57-4295-9af2-1d9f653511cc,16,1.0,,,,8.69,6.91,7.85,11.47,11.64,6.47
2025-12-16T18:46:29.638122,Recipe_A,506af462-4e57-4295-9af2-1d9f653511cc,16,1.0,,,,7.43,8.85,9.34,8.13,10.39,10.25
2025-12-16T18:46:30.638122,Recipe_A,506af462-4e57-4295-9af2-1d9f653511cc,16,1.0,,,,8.2,9.52,7.47,14.24,9.24,7.62
2025-12-16T18:46:31.638122,Recipe_A,506af462-4e57-4295-9af2-1d9f653511cc,16,1.0,,,,12.38,9.11,11.11,8.72,9.98,7.11
2025-12-16T18:46:32.638122,Recipe_A,506af462-4e57-4295-9af2-1d9f653511cc,16,1.0,,,,8.13,7.33,12.28,6.79,8.45,10.31
2025-12-16T18:46:33.638122,Recipe_A,506af462-4e57-4295-9af2-1d9f653511cc,16,1.0,,,,12.05,10.96,12.42,6.78,11.66,11.19
2025-12-16T18:46:34.638122,Recipe_A,506af462-4e57-4295-9af2-1d9f653511cc,16,1.0,,,,6.52,10.57,9.93,7.29,7.61,9.63
2025-12-16T18:46:35.638122,Recipe_A,506af462-4e57-4295-9af2-1d9f653511cc,16,1.0,,,,9.9,11.28,11.34,11.46,6.76,11.23
2025-12-16T18:46:36.638122,Recipe_A,506af462-4e57-4295-9af2-1d9f653511cc,16,1.0,,,,11.3,7.76,6.43,9.44,10.4,9.86
2025-12-16T18:46:37.638122,Recipe_A,506af462-4e57-4295-9af2-1d9f653511cc,16,1.0,,,,8.24,14.63,13.1,8.59,9.67,11.17
2025-12-16T18:46:38.638122,Recipe_A,506af462-4e57-4295-9af2-1d9f653511cc,16,1.0,,,,10.56,9.93,7.74,8.95,8.1,4.43
2025-12-16T18:46:39.638122,Recipe_A,506af462-4e57-4295-9af2-1d9f653511cc,16,1.0,,,,10.47,8.13,9.25,9.06,9.65,9.94
2025-12-16T18:46:40.638122,Recipe_A,506af462-4e57-4295-9af2-1d9f653511cc,16,1.0,,,,8.32,11.88,13.29,7.62,7.92,11.47
2025-12-16T18:46:41.638122,Recipe_A,506af462-4e57-4295-9af2-1d9f653511cc,16,1.0,,,,12.88,8.1,11.18,12.03,10.17,7.29
2025-12-16T18:46:42.638122,Recipe_A,506af462-4e57-4295-9af2-1d9f653511cc,16,1.0,,,,8.66,8.73,11.38,9.97,12.54,10.07
2025-12-16T18:46:43.638122,Recipe_A,506af462-4e57-4295-9af2-1d9f653511cc,16,1.0,,,,10.72,10.64,10.64,9.25,9.99,11.55
2025-12-16T18:46:44.638122,Recipe_A,506af462-4e57-4295-9af2-1d9f653511cc,16,1.0,,,,10.41,9.56,8.78,7.87,11.49,7.5
2025-12-16T18:46:45.638122,Recipe_A,506af462-4e57-4295-9af2-1d9f653511cc,16,1.0,,,,9.12,10.69,12.7,12.36,11.76,10.61
2025-12-16T18:46:46.638122,Recipe_A,506af462-4e57-4295-9af2-1d9f653511cc,16,1.0,,,,6.84,8.31,6.5,13.46,8.9,8.67
2025-12-16T18:46:46.638122,Recipe_A,506af462-4e57-4295-9af2-1d9f653511cc,16,1.0,Warning_10,Simulated Warning occurred,Warning,,,,,,
2025-12-16T18:46:47.638122,Recipe_A,506af462-4e57-4295-9af2-1d9f653511cc,16,1.0,,,,8.18,12.08,9.51,8.46,9.05,11.73
2025-12-16T18:46:48.638122,Recipe_A,506af462-4e57-4295-9af2-1d9f653511cc,16,1.0,,,,7.58,9.9,14.27,8.36,8.13,8.57
2025-12-16T18:46:49.638122,Recipe_A,506af462-4e57-4295-9af2-1d9f653511cc,16,1.0,,,,9.46,12.26,6.65,8.17,8.22,11.12
2025-12-16T18:46:50.638122,Recipe_A,506af462-4e57-4295-9af2-1d9f653511cc,16,1.0,,,,5.38,13.0,9.99,11.96,8.1,5.41
2025-12-16T18:46:51.638122,Recipe_A,506af462-4e57-4295-9af2-1d9f653511cc,16,1.0,,,,7.07,8.56,10.65,14.16,11.13,5.77
2025-12-16T18:46:52.638122,Recipe_A,506af462-4e57-4295-9af2-1d9f653511cc,16,1.0,,,,9.39,9.96,8.22,10.97,10.42,7.89
2025-12-16T18:46:53.638122,Recipe_A,506af462-4e57-4295-9af2-1d9f653511cc,16,1.0,,,,14.49,10.36,14.79,10.89,9.65,10.24
2025-12-16T18:46:54.638122,Recipe_A,506af462-4e57-4295-9af2-1d9f653511cc,16,1.0,,,,13.0,10.94,8.62,8.2,8.39,11.78
2025-12-16T18:46:55.638122,Recipe_A,506af462-4e57-4295-9af2-1d9f653511cc,16,1.0,,,,8.78,10.64,12.39,11.37,9.52,11.55
2025-12-16T18:46:56.638122,Recipe_A,506af462-4e57-4295-9af2-1d9f653511cc,16,1.0,,,,10.68,8.21,10.82,8.38,13.34,10.76
2025-12-16T18:46:57.638122,Recipe_A,506af462-4e57-4295-9af2-1d9f653511cc,16,1.0,,,,11.52,8.31,9.42,9.41,8.6,10.09
2025-12-16T18:46:58.638122,Recipe_A,506af462-4e57-4295-9af2-1d9f653511cc,16,1.0,,,,11.07,9.92,11.95,6.18,7.95,6.98
2025-12-16T18:46:59.638122,Recipe_A,506af462-4e57-4295-9af2-1d9f653511cc,16,1.0,,,,7.88,7.49,9.94,9.51,11.0,8.83
2025-12-16T18:47:00.638122,Recipe_A,506af462-4e57-4295-9af2-1d9f653511cc,16,1.0,,,,9.46,9.16,9.58,11.75,10.45,8.32
2025-12-16T18:47:01.638122,Recipe_A,506af462-4e57-4295-9af2-1d9f653511cc,16,1.0,,,,11.87,11.44,7.59,9.7,12.66,8.65
2025-12-16T18:47:02.638122,Recipe_A,506af462-4e57-4295-9af2-1d9f653511cc,16,1.0,,,,6.52,9.94,11.36,11.43,11.35,8.25
2025-12-16T18:47:03.638122,Recipe_A,506af462-4e57-4295-9af2-1d9f653511cc,16,1.0,,,,12.01,11.32,10.66,11.44,10.59,10.99
2025-12-16T18:47:04.638122,Recipe_A,506af462-4e57-4295-9af2-1d9f653511cc,16,1.0,,,,10.21,10.8,8.16,12.93,11.86,10.51
2025-12-16T18:47:05.638122,Recipe_A,506af462-4e57-4295-9af2-1d9f653511cc,16,1.0,,,,10.99,9.95,9.96,9.85,7.95,10.89
2025-12-16T18:47:06.638122,Recipe_A,506af462-4e57-4295-9af2-1d9f653511cc,16,1.0,,,,10.62,12.43,8.26,12.18,9.15,12.06
2025-12-16T18:47:07.638122,Recipe_A,506af462-4e57-4295-9af2-1d9f653511cc,16,1.0,,,,9.05,8.97,9.7,9.61,7.45,9.87
2025-12-16T18:47:08.638122,Recipe_A,506af462-4e57-4295-9af2-1d9f653511cc,16,1.0,,,,8.74,9.8,10.27,10.35,11.84,12.86
2025-12-16T18:47:09.638122,Recipe_A,506af462-4e57-4295-9af2-1d9f653511cc,16,1.0,,,,10.29,11.64,12.74,11.37,8.32,9.16
2025-12-16T18:47:10.638122,Recipe_A,506af462-4e57-4295-9af2-1d9f653511cc,16,1.0,,,,11.04,6.71,7.73,10.0,13.5,8.44
2025-12-16T18:47:11.638122,Recipe_A,506af462-4e57-4295-9af2-1d9f653511cc,16,1.0,,,,12.71,11.12,7.5,9.26,9.95,11.53
2025-12-16T18:47:12.638122,Recipe_A,506af462-4e57-4295-9af2-1d9f653511cc,16,1.0,,,,11.69,8.57,8.94,9.84,9.05,10.26
2025-12-16T18:47:13.638122,Recipe_A,506af462-4e57-4295-9af2-1d9f653511cc,16,1.0,,,,9.42,10.35,9.12,9.34,8.7,8.55
2025-12-16T18:47:14.638122,Recipe_A,506af462-4e57-4295-9af2-1d9f653511cc,16,1.0,,,,8.92,14.8,8.95,14.24,7.81,9.77
2025-12-16T18:47:15.638122,Recipe_A,506af462-4e57-4295-9af2-1d9f653511cc,16,1.0,,,,12.28,10.31,7.95,5.8,9.23,9.77
2025-12-16T18:47:16.638122,Recipe_A,506af462-4e57-4295-9af2-1d9f653511cc,16,1.0,,,,11.04,6.78,9.76,9.19,12.92,9.76
2025-12-16T18:47:17.638122,Recipe_A,506af462-4e57-4295-9af2-1d9f653511cc,16,1.0,,,,9.54,10.08,12.81,7.21,14.74,9.23
2025-12-16T18:47:18.638122,Recipe_A,506af462-4e57-4295-9af2-1d9f653511cc,16,1.0,,,,9.25,7.07,10.22,8.6,8.03,8.17
2025-12-16T18:47:19.638122,Recipe_A,506af462-4e57-4295-9af2-1d9f653511cc,16,1.0,,,,10.8,9.21,8.26,10.35,13.22,11.26
2025-12-16T18:47:20.638122,Recipe_A,506af462-4e57-4295-9af2-1d9f653511cc,16,1.0,,,,10.38,11.97,8.9,7.37,11.34,9.2
2025-12-16T18:47:21.638122,Recipe_A,506af462-4e57-4295-9af2-1d9f653511cc,16,1.0,,,,8.6,7.2,11.89,10.93,11.44,8.29
2025-12-16T18:47:22.638122,Recipe_A,506af462-4e57-4295-9af2-1d9f653511cc,16,1.0,,,,10.33,9.54,11.07,8.08,9.8,12.92
2025-12-16T18:47:23.638122,Recipe_A,506af462-4e57-4295-9af2-1d9f653511cc,16,1.0,,,,10.15,11.56,9.44,8.79,8.75,9.31
2025-12-16T18:47:24.638122,Recipe_A,506af462-4e57-4295-9af2-1d9f653511cc,16,1.0,,,,8.84,9.43,8.3,10.06,11.08,7.56
2025-12-16T18:47:25.638122,Recipe_A,506af462-4e57-4295-9af2-1d9f653511cc,16,1.0,,,,10.53,9.88,7.46,8.8,9.53,9.97
2025-12-16T18:47:26.638122,Recipe_A,506af462-4e57-4295-9af2-1d9f653511cc,16,1.0,,,,12.35,9.37,9.42,12.32,10.44,10.93
2025-12-16T18:47:27.638122,Recipe_A,506af462-4e57-4295-9af2-1d9f653511cc,16,1.0,,,,10.3,9.07,9.45,10.16,10.6,8.57
2025-12-16T18:47:28.638122,Recipe_A,506af462-4e57-4295-9af2-1d9f653511cc,16,1.0,,,,10.52,12.51,9.48,10.07,10.73,12.29
2025-12-16T18:47:29.638122,Recipe_A,506af462-4e57-4295-9af2-1d9f653511cc,16,1.0,,,,9.04,10.51,12.66,10.35,9.88,10.64
2025-12-16T18:47:30.638122,Recipe_A,506af462-4e57-4295-9af2-1d9f653511cc,16,1.0,,,,9.3,7.68,8.98,10.64,12.54,10.53
2025-12-16T18:47:31.638122,Recipe_A,506af462-4e57-4295-9af2-1d9f653511cc,16,1.0,,,,8.84,9.88,11.69,11.85,11.0,10.38
2025-12-16T18:47:32.638122,Recipe_A,506af462-4e57-4295-9af2-1d9f653511cc,16,1.0,,,,10.59,8.47,8.84,8.47,8.15,10.41
2025-12-16T18:47:33.638122,Recipe_A,506af462-4e57-4295-9af2-1d9f653511cc,16,1.0,,,,12.55,11.56,10.17,10.78,11.44,9.72
2025-12-16T18:47:34.638122,Recipe_A,506af462-4e57-4295-9af2-1d9f653511cc,16,1.0,,,,10.43,10.32,12.24,9.88,11.87,6.33
2025-12-16T18:47:35.638122,Recipe_A,506af462-4e57-4295-9af2-1d9f653511cc,16,1.0,,,,9.78,6.71,10.59,11.54,9.46,8.33
2025-12-16T18:47:36.638122,Recipe_A,506af462-4e57-4295-9af2-1d9f653511cc,16,1.0,,,,12.38,11.55,9.14,10.63,8.03,10.51
2025-12-16T18:47:37.638122,Recipe_A,506af462-4e57-4295-9af2-1d9f653511cc,16,1.0,,,,9.16,9.27,10.93,9.83,11.69,8.79
2025-12-16T18:47:38.638122,Recipe_A,506af462-4e57-4295-9af2-1d9f653511cc,16,1.0,,,,9.42,9.81,11.96,8.18,10.4,10.02
2025-12-16T18:47:39.638122,Recipe_A,506af462-4e57-4295-9af2-1d9f653511cc,16,1.0,,,,10.0,13.11,12.23,12.93,9.3,9.94
2025-12-16T18:47:40.638122,Recipe_A,506af462-4e57-4295-9af2-1d9f653511cc,16,1.0,,,,11.35,8.24,7.36,12.38,11.87,9.92
2025-12-16T18:47:41.638122,Recipe_A,506af462-4e57-4295-9af2-1d9f653511cc,16,3.0,,,,10.96,8.54,9.61,11.1,11.72,9.98
2025-12-16T18:47:42.638122,Recipe_A,506af462-4e57-4295-9af2-1d9f653511cc,16,3.0,,,,11.74,7.28,9.65,12.14,13.58,9.76
2025-12-16T18:47:43.638122,Recipe_A,506af462-4e57-4295-9af2-1d9f653511cc,16,3.0,,,,9.34,8.75,10.92,11.0,8.41,12.36
2025-12-16T18:47:44.638122,Recipe_A,506af462-4e57-4295-9af2-1d9f653511cc,16,3.0,,,,9.35,8.67,7.87,10.17,8.18,12.86
2025-12-16T18:47:45.638122,Recipe_A,506af462-4e57-4295-9af2-1d9f653511cc,16,3.0,,,,10.12,7.01,7.7,10.69,6.97,8.02
2025-12-16T18:47:46.638122,Recipe_A,506af462-4e57-4295-9af2-1d9f653511cc,16,3.0,,,,7.39,10.9,6.71,9.89,7.84,9.68
2025-12-16T18:47:47.638122,Recipe_A,506af462-4e57-4295-9af2-1d9f653511cc,16,3.0,,,,7.63,9.8,10.96,10.45,9.98,11.88
2025-12-16T18:47:47.638122,Recipe_A,506af462-4e57-4295-9af2-1d9f653511cc,16,3.0,Warning_7,Simulated Warning occurred,Warning,,,,,,
2025-12-16T18:47:48.638122,Recipe_A,506af462-4e57-4295-9af2-1d9f653511cc,16,3.0,,,,7.63,14.76,7.36,14.18,10.97,13.35
2025-12-16T18:47:49.638122,Recipe_A,506af462-4e57-4295-9af2-1d9f653511cc,16,0.0,,,,0.0,0.0,0.0,0.0,0.0,0.0
2025-12-16T18:47:50.638122,Recipe_A,506af462-4e57-4295-9af2-1d9f653511cc,16,0.0,,,,0.0,0.0,0.0,0.0,0.0,0.0
2025-12-16T18:47:51.638122,Recipe_A,506af462-4e57-4295-9af2-1d9f653511cc,16,0.0,,,,0.0,0.0,0.0,0.0,0.0,0.0
2025-12-16T18:47:52.638122,Recipe_A,506af462-4e57-4295-9af2-1d9f653511cc,16,0.0,,,,0.0,0.0,0.0,0.0,0.0,0.0
2025-12-16T18:47:53.638122,Recipe_A,506af462-4e57-4295-9af2-1d9f653511cc,16,0.0,,,,0.0,0.0,0.0,0.0,0.0,0.0
2025-12-16T18:47:54.638122,Recipe_A,506af462-4e57-4295-9af2-1d9f653511cc,16,0.0,,,,0.0,0.0,0.0,0.0,0.0,0.0
2025-12-16T18:47:55.638122,Recipe_A,506af462-4e57-4295-9af2-1d9f653511cc,16,0.0,,,,0.0,0.0,0.0,0.0,0.0,0.0
2025-12-16T18:47:56.638122,Recipe_A,506af462-4e57-4295-9af2-1d9f653511cc,16,0.0,,,,0.0,0.0,0.0,0.0,0.0,0.0
2025-12-16T18:47:57.638122,Recipe_A,506af462-4e57-4295-9af2-1d9f653511cc,16,0.0,,,,0.0,0.0,0.0,0.0,0.0,0.0
2025-12-16T18:47:58.638122,Recipe_A,506af462-4e57-4295-9af2-1d9f653511cc,16,0.0,,,,0.0,0.0,0.0,0.0,0.0,0.0
2025-12-16T18:47:59.638122,Recipe_A,506af462-4e57-4295-9af2-1d9f653511cc,16,0.0,,,,0.0,0.0,0.0,0.0,0.0,0.0
2025-12-16T18:48:00.638122,Recipe_A,506af462-4e57-4295-9af2-1d9f653511cc,16,0.0,,,,0.0,0.0,0.0,0.0,0.0,0.0
2025-12-16T18:48:01.638122,Recipe_A,506af462-4e57-4295-9af2-1d9f653511cc,16,0.0,,,,0.0,0.0,0.0,0.0,0.0,0.0
2025-12-16T18:48:02.638122,Recipe_A,506af462-4e57-4295-9af2-1d9f653511cc,16,5.0,,,,9.52,10.3,12.48,9.49,8.33,10.4
2025-12-16T18:48:03.638122,Recipe_A,506af462-4e57-4295-9af2-1d9f653511cc,16,5.0,,,,10.46,11.54,8.89,13.73,7.04,11.2
2025-12-16T18:48:04.638122,Recipe_A,506af462-4e57-4295-9af2-1d9f653511cc,16,5.0,,,,13.9,12.92,12.61,8.7,10.75,10.04
2025-12-16T18:48:05.638122,Recipe_A,506af462-4e57-4295-9af2-1d9f653511cc,16,5.0,,,,7.56,10.27,6.62,10.53,11.51,10.47
2025-12-16T18:48:06.638122,Recipe_A,506af462-4e57-4295-9af2-1d9f653511cc,16,5.0,,,,12.41,9.34,11.52,10.18,10.77,8.58
2025-12-16T18:48:07.638122,Recipe_A,506af462-4e57-4295-9af2-1d9f653511cc,16,5.0,,,,8.5,8.98,10.5,8.23,9.44,11.13
2025-12-16T18:48:08.638122,Recipe_A,506af462-4e57-4295-9af2-1d9f653511cc,16,5.0,,,,14.17,10.14,11.05,14.38,7.08,11.13
2025-12-16T18:48:09.638122,Recipe_A,506af462-4e57-4295-9af2-1d9f653511cc,16,5.0,,,,11.42,11.94,10.9,11.14,10.48,9.87
2025-12-16T18:48:10.638122,Recipe_A,506af462-4e57-4295-9af2-1d9f653511cc,16,5.0,,,,13.52,10.54,12.18,10.26,10.24,8.64
2025-12-16T18:48:11.638122,Recipe_A,506af462-4e57-4295-9af2-1d9f653511cc,16,5.0,,,,10.82,11.32,7.25,12.64,10.31,10.02
2025-12-16T18:48:12.638122,Recipe_A,506af462-4e57-4295-9af2-1d9f653511cc,16,5.0,,,,8.54,10.54,10.66,11.92,11.95,11.13
2025-12-16T18:48:13.638122,Recipe_A,506af462-4e57-4295-9af2-1d9f653511cc,16,5.0,,,,12.28,10.02,11.07,11.45,8.8,9.62
2025-12-16T18:48:14.638122,Recipe_A,506af462-4e57-4295-9af2-1d9f653511cc,16,5.0,,,,6.72,9.52,9.74,11.51,10.73,8.13
2025-12-16T18:48:15.638122,Recipe_A,506af462-4e57-4295-9af2-1d9f653511cc,16,5.0,,,,9.72,13.89,10.87,12.8,9.84,9.42
2025-12-16T18:48:16.638122,Recipe_A,506af462-4e57-4295-9af2-1d9f653511cc,16,5.0,,,,11.18,9.99,12.54,10.7,10.03,7.84
2025-12-16T18:48:17.638122,Recipe_A,506af462-4e57-4295-9af2-1d9f653511cc,16,5.0,,,,8.49,11.47,13.48,12.92,9.66,9.96
2025-12-16T18:48:18.638122,Recipe_A,506af462-4e57-4295-9af2-1d9f653511cc,16,5.0,,,,10.17,9.63,10.32,6.96,7.75,6.95
2025-12-16T18:48:19.638122,Recipe_A,506af462-4e57-4295-9af2-1d9f653511cc,16,5.0,,,,10.98,8.76,10.43,10.49,10.56,13.32
2025-12-16T18:48:20.638122,Recipe_A,506af462-4e57-4295-9af2-1d9f653511cc,16,5.0,,,,7.88,10.52,9.93,10.66,7.99,6.53
2025-12-16T18:48:21.638122,Recipe_A,506af462-4e57-4295-9af2-1d9f653511cc,16,5.0,,,,10.8,8.99,9.21,7.41,8.54,8.7
2025-12-16T18:48:22.638122,Recipe_A,506af462-4e57-4295-9af2-1d9f653511cc,16,5.0,,,,6.12,10.19,8.86,11.66,9.66,9.27
2025-12-16T18:48:23.638122,Recipe_A,506af462-4e57-4295-9af2-1d9f653511cc,16,5.0,,,,13.49,9.03,6.82,7.79,13.05,8.98
2025-12-16T18:48:24.638122,Recipe_A,506af462-4e57-4295-9af2-1d9f653511cc,16,5.0,,,,8.1,10.04,9.72,8.6,11.12,11.94
2025-12-16T18:48:25.638122,Recipe_A,506af462-4e57-4295-9af2-1d9f653511cc,16,5.0,,,,10.83,8.77,11.52,9.97,8.85,11.47
2025-12-16T18:48:26.638122,Recipe_A,506af462-4e57-4295-9af2-1d9f653511cc,16,5.0,,,,9.79,8.5,8.58,12.97,9.75,9.05
2025-12-16T18:48:27.638122,Recipe_A,506af462-4e57-4295-9af2-1d9f653511cc,16,5.0,,,,8.51,7.86,8.1,11.55,10.8,9.52
2025-12-16T18:48:28.638122,Recipe_A,506af462-4e57-4295-9af2-1d9f653511cc,16,5.0,,,,11.45,12.19,8.57,11.23,13.01,9.21
2025-12-16T18:48:29.638122,Recipe_A,506af462-4e57-4295-9af2-1d9f653511cc,16,5.0,,,,9.43,9.8,10.03,8.6,6.8,10.33
2025-12-16T18:48:30.638122,Recipe_A,506af462-4e57-4295-9af2-1d9f653511cc,16,5.0,,,,10.44,12.73,8.67,10.78,13.78,9.45
2025-12-16T18:48:31.638122,Recipe_A,506af462-4e57-4295-9af2-1d9f653511cc,16,5.0,,,,8.61,7.72,10.91,9.99,6.47,12.88
2025-12-16T18:48:32.638122,Recipe_A,506af462-4e57-4295-9af2-1d9f653511cc,16,5.0,,,,7.67,9.36,8.35,10.72,9.82,8.14
2025-12-16T18:48:33.638122,Recipe_A,506af462-4e57-4295-9af2-1d9f653511cc,16,5.0,,,,12.6,9.62,12.78,11.17,11.65,11.38
2025-12-16T18:48:34.638122,Recipe_A,506af462-4e57-4295-9af2-1d9f653511cc,16,5.0,,,,7.13,5.63,9.2,8.75,10.32,13.75
2025-12-16T18:48:35.638122,Recipe_A,506af462-4e57-4295-9af2-1d9f653511cc,16,5.0,,,,9.93,9.96,11.56,11.39,12.31,9.96
2025-12-16T18:48:36.638122,Recipe_A,506af462-4e57-4295-9af2-1d9f653511cc,16,5.0,,,,13.41,8.67,13.94,5.91,6.63,8.92
2025-12-16T18:48:37.638122,Recipe_A,506af462-4e57-4295-9af2-1d9f653511cc,16,5.0,,,,10.96,12.53,9.68,9.18,8.63,8.95
2025-12-16T18:48:38.638122,Recipe_A,506af462-4e57-4295-9af2-1d9f653511cc,16,5.0,,,,10.32,11.47,9.43,10.26,8.67,8.93
2025-12-16T18:48:39.638122,Recipe_A,506af462-4e57-4295-9af2-1d9f653511cc,16,5.0,,,,13.11,7.49,13.67,11.99,11.32,5.66
2025-12-16T18:48:40.638122,Recipe_A,506af462-4e57-4295-9af2-1d9f653511cc,16,5.0,,,,10.66,11.37,11.36,11.23,12.92,14.07
2025-12-16T18:48:41.638122,Recipe_A,506af462-4e57-4295-9af2-1d9f653511cc,16,5.0,,,,11.36,8.14,7.96,9.83,11.36,12.78
2025-12-16T18:48:42.638122,Recipe_A,506af462-4e57-4295-9af2-1d9f653511cc,16,2.0,,,,8.9,9.52,9.56,9.31,12.09,6.07
2025-12-16T18:48:43.638122,Recipe_A,506af462-4e57-4295-9af2-1d9f653511cc,16,2.0,,,,8.84,12.88,10.7,8.47,11.3,12.87
2025-12-16T18:48:44.638122,Recipe_A,506af462-4e57-4295-9af2-1d9f653511cc,16,2.0,,,,9.11,13.13,12.41,12.6,9.61,9.24
2025-12-16T18:48:45.638122,Recipe_A,506af462-4e57-4295-9af2-1d9f653511cc,16,2.0,,,,9.08,10.08,12.02,8.28,9.67,9.15
2025-12-16T18:48:46.638122,Recipe_A,506af462-4e57-4295-9af2-1d9f653511cc,16,2.0,,,,10.84,10.72,11.56,10.52,11.7,9.87
2025-12-16T18:48:47.638122,Recipe_A,506af462-4e57-4295-9af2-1d9f653511cc,16,2.0,,,,11.57,9.15,8.58,6.98,9.65,15.05
2025-12-16T18:48:48.638122,Recipe_A,506af462-4e57-4295-9af2-1d9f653511cc,16,2.0,,,,9.92,7.79,9.64,9.5,10.87,10.98
2025-12-16T18:48:49.638122,Recipe_A,506af462-4e57-4295-9af2-1d9f653511cc,16,2.0,,,,11.46,7.92,8.5,13.82,9.37,10.76
2025-12-16T18:48:50.638122,Recipe_A,506af462-4e57-4295-9af2-1d9f653511cc,16,2.0,,,,10.07,9.11,6.36,11.45,7.57,9.54
2025-12-16T18:48:51.638122,Recipe_A,506af462-4e57-4295-9af2-1d9f653511cc,16,2.0,,,,10.18,11.38,12.9,11.14,11.65,15.03
2025-12-16T18:48:52.638122,Recipe_A,506af462-4e57-4295-9af2-1d9f653511cc,16,5.0,,,,12.37,11.54,9.27,4.07,10.52,8.57
2025-12-16T18:48:53.638122,Recipe_A,506af462-4e57-4295-9af2-1d9f653511cc,16,5.0,,,,11.82,7.27,8.85,11.63,11.38,8.99
2025-12-16T18:48:54.638122,Recipe_A,506af462-4e57-4295-9af2-1d9f653511cc,16,5.0,,,,8.71,9.46,7.62,8.45,9.88,9.89
2025-12-16T18:48:55.638122,Recipe_A,506af462-4e57-4295-9af2-1d9f653511cc,16,5.0,,,,13.46,9.3,10.19,7.64,9.03,11.55
2025-12-16T18:48:56.638122,Recipe_A,506af462-4e57-4295-9af2-1d9f653511cc,16,5.0,,,,7.68,7.13,7.75,9.55,12.6,6.74
2025-12-16T18:48:57.638122,Recipe_A,506af462-4e57-4295-9af2-1d9f653511cc,16,5.0,,,,8.43,9.4,10.0,8.9,9.06,9.37
2025-12-16T18:48:58.638122,Recipe_A,506af462-4e57-4295-9af2-1d9f653511cc,16,5.0,,,,9.75,10.07,10.09,10.54,7.69,11.31
2025-12-16T18:48:59.638122,Recipe_A,506af462-4e57-4295-9af2-1d9f653511cc,16,5.0,,,,9.58,12.42,13.15,9.77,8.42,5.54
2025-12-16T18:49:00.638122,Recipe_A,506af462-4e57-4295-9af2-1d9f653511cc,16,5.0,,,,10.7,10.69,12.25,10.91,10.71,12.6
2025-12-16T18:49:01.638122,Recipe_A,506af462-4e57-4295-9af2-1d9f653511cc,16,5.0,,,,9.71,12.7,10.42,13.28,8.71,11.09
2025-12-16T18:49:02.638122,Recipe_A,506af462-4e57-4295-9af2-1d9f653511cc,16,5.0,,,,10.6,12.8,11.25,9.34,9.49,8.13
2025-12-16T18:49:03.638122,Recipe_A,506af462-4e57-4295-9af2-1d9f653511cc,16,5.0,,,,10.33,7.94,13.18,6.34,9.15,11.5
2025-12-16T18:49:04.638122,Recipe_A,506af462-4e57-4295-9af2-1d9f653511cc,16,5.0,,,,11.93,8.75,14.44,12.05,11.97,9.19
2025-12-16T18:49:05.638122,Recipe_A,506af462-4e57-4295-9af2-1d9f653511cc,16,5.0,,,,10.61,8.83,11.15,11.0,10.91,7.49
2025-12-16T18:49:06.638122,Recipe_A,506af462-4e57-4295-9af2-1d9f653511cc,16,1.0,,,,14.53,5.72,11.08,8.62,8.84,10.12
2025-12-16T18:49:07.638122,Recipe_A,506af462-4e57-4295-9af2-1d9f653511cc,16,2.0,,,,11.64,8.61,6.84,10.73,5.13,11.06
2025-12-16T18:49:08.638122,Recipe_A,506af462-4e57-4295-9af2-1d9f653511cc,16,2.0,,,,12.38,11.17,7.84,7.74,10.32,9.21
2025-12-16T18:49:09.638122,Recipe_A,506af462-4e57-4295-9af2-1d9f653511cc,16,2.0,,,,14.65,11.51,10.95,10.41,9.01,9.03
2025-12-16T18:49:10.638122,Recipe_A,506af462-4e57-4295-9af2-1d9f653511cc,16,2.0,,,,8.61,9.48,8.13,3.7,10.77,11.47
2025-12-16T18:49:11.638122,Recipe_A,506af462-4e57-4295-9af2-1d9f653511cc,16,5.0,,,,9.55,11.79,12.17,12.34,12.49,9.3
2025-12-16T18:49:12.638122,Recipe_A,506af462-4e57-4295-9af2-1d9f653511cc,16,5.0,,,,9.94,9.89,9.22,12.03,10.08,11.0
2025-12-16T18:49:13.638122,Recipe_A,506af462-4e57-4295-9af2-1d9f653511cc,16,5.0,,,,9.32,8.83,13.15,10.83,12.79,9.99
2025-12-16T18:49:14.638122,Recipe_A,506af462-4e57-4295-9af2-1d9f653511cc,16,5.0,,,,8.38,8.4,8.19,10.05,10.42,9.33
2025-12-16T18:49:15.638122,Recipe_A,506af462-4e57-4295-9af2-1d9f653511cc,16,5.0,,,,13.39,12.17,12.36,11.13,8.2,9.74
2025-12-16T18:49:16.638122,Recipe_A,506af462-4e57-4295-9af2-1d9f653511cc,16,5.0,,,,11.11,10.77,9.79,7.48,14.08,8.78
2025-12-16T18:49:17.638122,Recipe_A,506af462-4e57-4295-9af2-1d9f653511cc,16,5.0,,,,10.35,8.8,10.85,6.62,14.54,10.64
2025-12-16T18:49:18.638122,Recipe_A,506af462-4e57-4295-9af2-1d9f653511cc,16,5.0,,,,9.34,10.75,6.65,9.73,8.74,12.16
2025-12-16T18:49:19.638122,Recipe_A,506af462-4e57-4295-9af2-1d9f653511cc,16,5.0,,,,12.03,6.14,9.56,4.78,5.31,8.33
2025-12-16T18:49:20.638122,Recipe_A,506af462-4e57-4295-9af2-1d9f653511cc,16,5.0,,,,11.93,9.09,11.15,10.34,10.02,12.32
2025-12-16T18:49:21.638122,Recipe_A,506af462-4e57-4295-9af2-1d9f653511cc,16,5.0,,,,10.81,9.79,11.44,7.45,14.18,9.19
2025-12-16T18:49:22.638122,Recipe_A,506af462-4e57-4295-9af2-1d9f653511cc,16,5.0,,,,13.19,11.08,11.0,7.82,8.58,10.8
2025-12-16T18:49:23.638122,Recipe_A,506af462-4e57-4295-9af2-1d9f653511cc,16,5.0,,,,8.91,7.8,9.55,8.39,8.93,10.63
2025-12-16T18:49:24.638122,Recipe_A,506af462-4e57-4295-9af2-1d9f653511cc,16,5.0,,,,7.19,10.96,10.56,12.68,11.06,10.92
2025-12-16T18:49:25.638122,Recipe_A,506af462-4e57-4295-9af2-1d9f653511cc,16,5.0,,,,9.92,11.06,8.89,10.88,9.46,8.97
2025-12-16T18:49:26.638122,Recipe_A,506af462-4e57-4295-9af2-1d9f653511cc,16,0.0,,,,0.0,0.0,0.0,0.0,0.0,0.0
2025-12-16T18:49:27.638122,Recipe_A,506af462-4e57-4295-9af2-1d9f653511cc,16,0.0,,,,0.0,0.0,0.0,0.0,0.0,0.0
2025-12-16T18:49:28.638122,Recipe_A,506af462-4e57-4295-9af2-1d9f653511cc,16,0.0,,,,0.0,0.0,0.0,0.0,0.0,0.0
2025-12-16T18:49:29.638122,Recipe_A,506af462-4e57-4295-9af2-1d9f653511cc,16,0.0,,,,0.0,0.0,0.0,0.0,0.0,0.0
2025-12-16T18:49:30.638122,Recipe_A,506af462-4e57-4295-9af2-1d9f653511cc,16,0.0,,,,0.0,0.0,0.0,0.0,0.0,0.0
2025-12-16T18:49:31.638122,Recipe_A,506af462-4e57-4295-9af2-1d9f653511cc,16,0.0,,,,0.0,0.0,0.0,0.0,0.0,0.0
2025-12-16T18:49:31.638122,Recipe_A,506af462-4e57-4295-9af2-1d9f653511cc,16,0.0,Warning_8,Simulated Warning occurred,Warning,,,,,,
2025-12-16T18:49:32.638122,Recipe_A,506af462-4e57-4295-9af2-1d9f653511cc,16,0.0,,,,0.0,0.0,0.0,0.0,0.0,0.0
2025-12-16T18:49:33.638122,Recipe_A,506af462-4e57-4295-9af2-1d9f653511cc,16,0.0,,,,0.0,0.0,0.0,0.0,0.0,0.0
2025-12-16T18:49:34.638122,Recipe_A,506af462-4e57-4295-9af2-1d9f653511cc,16,0.0,,,,0.0,0.0,0.0,0.0,0.0,0.0
2025-12-16T18:49:35.638122,Recipe_A,506af462-4e57-4295-9af2-1d9f653511cc,16,0.0,,,,0.0,0.0,0.0,0.0,0.0,0.0
2025-12-16T18:49:36.638122,Recipe_A,506af462-4e57-4295-9af2-1d9f653511cc,16,0.0,,,,0.0,0.0,0.0,0.0,0.0,0.0
2025-12-16T18:49:37.638122,Recipe_A,506af462-4e57-4295-9af2-1d9f653511cc,16,0.0,,,,0.0,0.0,0.0,0.0,0.0,0.0
2025-12-16T18:49:38.638122,Recipe_A,506af462-4e57-4295-9af2-1d9f653511cc,16,0.0,,,,0.0,0.0,0.0,0.0,0.0,0.0
2025-12-16T18:49:38.638122,Recipe_A,506af462-4e57-4295-9af2-1d9f653511cc,16,0.0,Warning_2,Simulated Warning occurred,Warning,,,,,,
2025-12-16T18:49:39.638122,Recipe_A,506af462-4e57-4295-9af2-1d9f653511cc,16,0.0,,,,0.0,0.0,0.0,0.0,0.0,0.0
2025-12-16T18:49:40.638122,Recipe_A,506af462-4e57-4295-9af2-1d9f653511cc,16,0.0,,,,0.0,0.0,0.0,0.0,0.0,0.0
2025-12-16T18:49:41.638122,Recipe_A,506af462-4e57-4295-9af2-1d9f653511cc,16,0.0,,,,0.0,0.0,0.0,0.0,0.0,0.0
2025-12-16T18:49:42.638122,Recipe_A,506af462-4e57-4295-9af2-1d9f653511cc,16,0.0,,,,0.0,0.0,0.0,0.0,0.0,0.0
2025-12-16T18:49:43.638122,Recipe_A,506af462-4e57-4295-9af2-1d9f653511cc,16,0.0,,,,0.0,0.0,0.0,0.0,0.0,0.0
2025-12-16T18:49:44.638122,Recipe_A,506af462-4e57-4295-9af2-1d9f653511cc,16,0.0,,,,0.0,0.0,0.0,0.0,0.0,0.0
2025-12-16T18:49:45.638122,Recipe_A,506af462-4e57-4295-9af2-1d9f653511cc,16,0.0,,,,0.0,0.0,0.0,0.0,0.0,0.0
2025-12-16T18:49:46.638122,Recipe_A,506af462-4e57-4295-9af2-1d9f653511cc,16,0.0,,,,0.0,0.0,0.0,0.0,0.0,0.0
2025-12-16T18:49:47.638122,Recipe_A,506af462-4e57-4295-9af2-1d9f653511cc,16,0.0,,,,0.0,0.0,0.0,0.0,0.0,0.0
2025-12-16T18:49:48.638122,Recipe_A,506af462-4e57-4295-9af2-1d9f653511cc,16,0.0,,,,0.0,0.0,0.0,0.0,0.0,0.0
2025-12-16T18:49:49.638122,Recipe_A,506af462-4e57-4295-9af2-1d9f653511cc,16,0.0,,,,0.0,0.0,0.0,0.0,0.0,0.0
2025-12-16T18:49:50.638122,Recipe_A,506af462-4e57-4295-9af2-1d9f653511cc,16,0.0,,,,0.0,0.0,0.0,0.0,0.0,0.0
2025-12-16T18:49:51.638122,Recipe_A,506af462-4e57-4295-9af2-1d9f653511cc,16,0.0,,,,0.0,0.0,0.0,0.0,0.0,0.0
2025-12-16T18:49:52.638122,Recipe_A,506af462-4e57-4295-9af2-1d9f653511cc,16,0.0,,,,0.0,0.0,0.0,0.0,0.0,0.0
2025-12-16T18:49:53.638122,Recipe_A,506af462-4e57-4295-9af2-1d9f653511cc,16,0.0,,,,0.0,0.0,0.0,0.0,0.0,0.0
2025-12-16T18:49:54.638122,Recipe_A,506af462-4e57-4295-9af2-1d9f653511cc,16,0.0,,,,0.0,0.0,0.0,0.0,0.0,0.0
2025-12-16T18:49:55.638122,Recipe_A,506af462-4e57-4295-9af2-1d9f653511cc,16,0.0,,,,0.0,0.0,0.0,0.0,0.0,0.0
2025-12-16T18:49:56.638122,Recipe_A,506af462-4e57-4295-9af2-1d9f653511cc,16,0.0,,,,0.0,0.0,0.0,0.0,0.0,0.0
2025-12-16T18:49:57.638122,Recipe_A,506af462-4e57-4295-9af2-1d9f653511cc,16,0.0,,,,0.0,0.0,0.0,0.0,0.0,0.0
2025-12-16T18:49:58.638122,Recipe_A,506af462-4e57-4295-9af2-1d9f653511cc,16,0.0,,,,0.0,0.0,0.0,0.0,0.0,0.0
2025-12-16T18:49:59.638122,Recipe_A,506af462-4e57-4295-9af2-1d9f653511cc,16,0.0,,,,0.0,0.0,0.0,0.0,0.0,0.0
2025-12-16T18:50:00.638122,Recipe_A,506af462-4e57-4295-9af2-1d9f653511cc,16,0.0,,,,0.0,0.0,0.0,0.0,0.0,0.0
2025-12-16T18:50:01.638122,Recipe_A,506af462-4e57-4295-9af2-1d9f653511cc,16,0.0,,,,0.0,0.0,0.0,0.0,0.0,0.0
2025-12-16T18:50:02.638122,Recipe_A,506af462-4e57-4295-9af2-1d9f653511cc,16,0.0,,,,0.0,0.0,0.0,0.0,0.0,0.0
2025-12-16T18:50:03.638122,Recipe_A,506af462-4e57-4295-9af2-1d9f653511cc,16,0.0,,,,0.0,0.0,0.0,0.0,0.0,0.0
2025-12-16T18:50:04.638122,Recipe_A,506af462-4e57-4295-9af2-1d9f653511cc,16,0.0,,,,0.0,0.0,0.0,0.0,0.0,0.0
2025-12-16T18:50:05.638122,Recipe_A,506af462-4e57-4295-9af2-1d9f653511cc,16,0.0,,,,0.0,0.0,0.0,0.0,0.0,0.0
2025-12-16T18:50:06.638122,Recipe_A,506af462-4e57-4295-9af2-1d9f653511cc,16,0.0,,,,0.0,0.0,0.0,0.0,0.0,0.0
2025-12-16T18:50:07.638122,Recipe_A,506af462-4e57-4295-9af2-1d9f653511cc,16,3.0,,,,7.36,9.75,10.03,12.73,10.86,14.65
2025-12-16T18:50:08.638122,Recipe_A,506af462-4e57-4295-9af2-1d9f653511cc,16,3.0,,,,9.44,10.28,9.5,12.84,12.1,8.4
2025-12-16T18:50:09.638122,Recipe_A,506af462-4e57-4295-9af2-1d9f653511cc,16,3.0,,,,10.77,9.69,8.71,10.79,9.84,10.35
2025-12-16T18:50:10.638122,Recipe_A,506af462-4e57-4295-9af2-1d9f653511cc,16,3.0,,,,12.57,12.01,12.92,4.95,12.11,10.3
2025-12-16T18:50:11.638122,Recipe_A,506af462-4e57-4295-9af2-1d9f653511cc,16,3.0,,,,11.56,8.59,7.18,9.26,11.44,8.63
2025-12-16T18:50:12.638122,Recipe_A,506af462-4e57-4295-9af2-1d9f653511cc,16,3.0,,,,12.66,11.81,9.99,9.74,14.02,9.82
2025-12-16T18:50:13.638122,Recipe_A,506af462-4e57-4295-9af2-1d9f653511cc,16,3.0,,,,8.21,8.28,8.22,9.61,12.41,13.21
2025-12-16T18:50:14.638122,Recipe_A,506af462-4e57-4295-9af2-1d9f653511cc,16,3.0,,,,9.73,9.93,12.25,10.45,12.43,7.02
2025-12-16T18:50:15.638122,Recipe_A,506af462-4e57-4295-9af2-1d9f653511cc,16,3.0,,,,11.64,11.99,14.44,6.15,9.04,11.66
2025-12-16T18:50:16.638122,Recipe_A,506af462-4e57-4295-9af2-1d9f653511cc,16,3.0,,,,7.37,7.43,12.2,11.57,12.6,8.56
2025-12-16T18:50:17.638122,Recipe_A,506af462-4e57-4295-9af2-1d9f653511cc,16,3.0,,,,12.75,8.58,15.47,11.61,12.75,6.68
2025-12-16T18:50:18.638122,Recipe_A,506af462-4e57-4295-9af2-1d9f653511cc,16,3.0,,,,12.96,8.15,9.69,10.82,12.25,11.86
2025-12-16T18:50:19.638122,Recipe_A,506af462-4e57-4295-9af2-1d9f653511cc,16,0.0,,,,0.0,0.0,0.0,0.0,0.0,0.0
2025-12-16T18:50:20.638122,Recipe_A,506af462-4e57-4295-9af2-1d9f653511cc,16,0.0,,,,0.0,0.0,0.0,0.0,0.0,0.0
2025-12-16T18:50:21.638122,Recipe_A,506af462-4e57-4295-9af2-1d9f653511cc,16,0.0,,,,0.0,0.0,0.0,0.0,0.0,0.0
2025-12-16T18:50:22.638122,Recipe_A,506af462-4e57-4295-9af2-1d9f653511cc,16,0.0,,,,0.0,0.0,0.0,0.0,0.0,0.0
2025-12-16T18:50:23.638122,Recipe_A,506af462-4e57-4295-9af2-1d9f653511cc,16,0.0,,,,0.0,0.0,0.0,0.0,0.0,0.0
2025-12-16T18:50:24.638122,Recipe_A,506af462-4e57-4295-9af2-1d9f653511cc,16,0.0,,,,0.0,0.0,0.0,0.0,0.0,0.0
2025-12-16T18:50:25.638122,Recipe_A,506af462-4e57-4295-9af2-1d9f653511cc,16,0.0,,,,0.0,0.0,0.0,0.0,0.0,0.0
2025-12-16T18:50:26.638122,Recipe_A,506af462-4e57-4295-9af2-1d9f653511cc,16,0.0,,,,0.0,0.0,0.0,0.0,0.0,0.0
2025-12-16T18:50:27.638122,Recipe_A,506af462-4e57-4295-9af2-1d9f653511cc,16,0.0,,,,0.0,0.0,0.0,0.0,0.0,0.0
2025-12-16T18:50:28.638122,Recipe_A,506af462-4e57-4295-9af2-1d9f653511cc,16,0.0,,,,0.0,0.0,0.0,0.0,0.0,0.0
2025-12-16T18:50:29.638122,Recipe_A,506af462-4e57-4295-9af2-1d9f653511cc,16,0.0,,,,0.0,0.0,0.0,0.0,0.0,0.0
2025-12-16T18:50:30.638122,Recipe_A,506af462-4e57-4295-9af2-1d9f653511cc,16,0.0,,,,0.0,0.0,0.0,0.0,0.0,0.0
2025-12-16T18:50:31.638122,Recipe_A,506af462-4e57-4295-9af2-1d9f653511cc,16,0.0,,,,0.0,0.0,0.0,0.0,0.0,0.0
2025-12-16T18:50:32.638122,Recipe_A,506af462-4e57-4295-9af2-1d9f653511cc,16,0.0,,,,0.0,0.0,0.0,0.0,0.0,0.0
2025-12-16T18:50:33.638122,Recipe_A,506af462-4e57-4295-9af2-1d9f653511cc,16,0.0,,,,0.0,0.0,0.0,0.0,0.0,0.0
2025-12-16T18:50:34.638122,Recipe_A,506af462-4e57-4295-9af2-1d9f653511cc,16,0.0,,,,0.0,0.0,0.0,0.0,0.0,0.0
2025-12-16T18:50:35.638122,Recipe_A,506af462-4e57-4295-9af2-1d9f653511cc,16,0.0,,,,0.0,0.0,0.0,0.0,0.0,0.0
2025-12-16T18:50:36.638122,Recipe_A,506af462-4e57-4295-9af2-1d9f653511cc,16,0.0,,,,0.0,0.0,0.0,0.0,0.0,0.0
2025-12-16T18:50:37.638122,Recipe_A,506af462-4e57-4295-9af2-1d9f653511cc,16,0.0,,,,0.0,0.0,0.0,0.0,0.0,0.0
2025-12-16T18:50:38.638122,Recipe_A,506af462-4e57-4295-9af2-1d9f653511cc,16,0.0,,,,0.0,0.0,0.0,0.0,0.0,0.0
2025-12-16T18:50:39.638122,Recipe_A,506af462-4e57-4295-9af2-1d9f653511cc,16,0.0,,,,0.0,0.0,0.0,0.0,0.0,0.0
2025-12-16T18:50:40.638122,Recipe_A,506af462-4e57-4295-9af2-1d9f653511cc,16,0.0,,,,0.0,0.0,0.0,0.0,0.0,0.0
2025-12-16T18:50:41.638122,Recipe_A,506af462-4e57-4295-9af2-1d9f653511cc,16,0.0,,,,0.0,0.0,0.0,0.0,0.0,0.0
2025-12-16T18:50:42.638122,Recipe_A,506af462-4e57-4295-9af2-1d9f653511cc,16,0.0,,,,0.0,0.0,0.0,0.0,0.0,0.0
2025-12-16T18:50:43.638122,Recipe_A,506af462-4e57-4295-9af2-1d9f653511cc,16,0.0,,,,0.0,0.0,0.0,0.0,0.0,0.0
2025-12-16T18:50:44.638122,Recipe_A,506af462-4e57-4295-9af2-1d9f653511cc,16,0.0,,,,0.0,0.0,0.0,0.0,0.0,0.0
2025-12-16T18:50:45.638122,Recipe_A,506af462-4e57-4295-9af2-1d9f653511cc,16,0.0,,,,0.0,0.0,0.0,0.0,0.0,0.0
2025-12-16T18:50:46.638122,Recipe_A,506af462-4e57-4295-9af2-1d9f653511cc,16,0.0,,,,0.0,0.0,0.0,0.0,0.0,0.0
2025-12-16T18:50:47.638122,Recipe_A,506af462-4e57-4295-9af2-1d9f653511cc,16,0.0,,,,0.0,0.0,0.0,0.0,0.0,0.0
2025-12-16T18:50:48.638122,Recipe_A,506af462-4e57-4295-9af2-1d9f653511cc,16,0.0,,,,0.0,0.0,0.0,0.0,0.0,0.0
2025-12-16T18:50:49.638122,Recipe_A,506af462-4e57-4295-9af2-1d9f653511cc,16,0.0,,,,0.0,0.0,0.0,0.0,0.0,0.0
2025-12-16T18:50:49.638122,Recipe_A,506af462-4e57-4295-9af2-1d9f653511cc,16,0.0,Error_10,Simulated Error occurred,Error,,,,,,
2025-12-16T18:50:50.638122,Recipe_A,506af462-4e57-4295-9af2-1d9f653511cc,16,0.0,,,,0.0,0.0,0.0,0.0,0.0,0.0
2025-12-16T18:50:51.638122,Recipe_A,506af462-4e57-4295-9af2-1d9f653511cc,16,0.0,,,,0.0,0.0,0.0,0.0,0.0,0.0
2025-12-16T18:50:52.638122,Recipe_A,506af462-4e57-4295-9af2-1d9f653511cc,16,0.0,,,,0.0,0.0,0.0,0.0,0.0,0.0
2025-12-16T18:50:53.638122,Recipe_A,506af462-4e57-4295-9af2-1d9f653511cc,16,0.0,,,,0.0,0.0,0.0,0.0,0.0,0.0
2025-12-16T18:50:54.638122,Recipe_A,506af462-4e57-4295-9af2-1d9f653511cc,16,0.0,,,,0.0,0.0,0.0,0.0,0.0,0.0
2025-12-16T18:50:55.638122,Recipe_A,506af462-4e57-4295-9af2-1d9f653511cc,16,0.0,,,,0.0,0.0,0.0,0.0,0.0,0.0
2025-12-16T18:50:56.638122,Recipe_A,506af462-4e57-4295-9af2-1d9f653511cc,16,0.0,,,,0.0,0.0,0.0,0.0,0.0,0.0
2025-12-16T18:50:57.638122,Recipe_A,506af462-4e57-4295-9af2-1d9f653511cc,16,0.0,,,,0.0,0.0,0.0,0.0,0.0,0.0
2025-12-16T18:50:58.638122,Recipe_A,506af462-4e57-4295-9af2-1d9f653511cc,16,0.0,,,,0.0,0.0,0.0,0.0,0.0,0.0
2025-12-16T18:50:59.638122,Recipe_A,506af462-4e57-4295-9af2-1d9f653511cc,16,0.0,,,,0.0,0.0,0.0,0.0,0.0,0.0
2025-12-16T18:51:00.638122,Recipe_A,506af462-4e57-4295-9af2-1d9f653511cc,16,0.0,,,,0.0,0.0,0.0,0.0,0.0,0.0
2025-12-16T18:51:01.638122,Recipe_A,506af462-4e57-4295-9af2-1d9f653511cc,16,0.0,,,,0.0,0.0,0.0,0.0,0.0,0.0
2025-12-16T18:51:02.638122,Recipe_A,506af462-4e57-4295-9af2-1d9f653511cc,16,0.0,,,,0.0,0.0,0.0,0.0,0.0,0.0
2025-12-16T18:51:03.638122,Recipe_A,506af462-4e57-4295-9af2-1d9f653511cc,16,0.0,,,,0.0,0.0,0.0,0.0,0.0,0.0
2025-12-16T18:51:04.638122,Recipe_A,506af462-4e57-4295-9af2-1d9f653511cc,16,0.0,,,,0.0,0.0,0.0,0.0,0.0,0.0
2025-12-16T18:51:05.638122,Recipe_A,506af462-4e57-4295-9af2-1d9f653511cc,16,0.0,,,,0.0,0.0,0.0,0.0,0.0,0.0
2025-12-16T18:51:06.638122,Recipe_A,506af462-4e57-4295-9af2-1d9f653511cc,16,0.0,,,,0.0,0.0,0.0,0.0,0.0,0.0
2025-12-16T18:51:07.638122,Recipe_A,506af462-4e57-4295-9af2-1d9f653511cc,16,0.0,,,,0.0,0.0,0.0,0.0,0.0,0.0
2025-12-16T18:51:08.638122,Recipe_A,506af462-4e57-4295-9af2-1d9f653511cc,16,0.0,,,,0.0,0.0,0.0,0.0,0.0,0.0
2025-12-16T18:51:09.638122,Recipe_A,506af462-4e57-4295-9af2-1d9f653511cc,16,0.0,,,,0.0,0.0,0.0,0.0,0.0,0.0
2025-12-16T18:51:10.638122,Recipe_A,506af462-4e57-4295-9af2-1d9f653511cc,16,0.0,,,,0.0,0.0,0.0,0.0,0.0,0.0
2025-12-16T18:51:11.638122,Recipe_A,506af462-4e57-4295-9af2-1d9f653511cc,16,0.0,,,,0.0,0.0,0.0,0.0,0.0,0.0
2025-12-16T18:51:12.638122,Recipe_A,506af462-4e57-4295-9af2-1d9f653511cc,16,0.0,,,,0.0,0.0,0.0,0.0,0.0,0.0
2025-12-16T18:51:13.638122,Recipe_A,506af462-4e57-4295-9af2-1d9f653511cc,16,0.0,,,,0.0,0.0,0.0,0.0,0.0,0.0
2025-12-16T18:51:14.638122,Recipe_A,506af462-4e57-4295-9af2-1d9f653511cc,16,0.0,,,,0.0,0.0,0.0,0.0,0.0,0.0
2025-12-16T18:51:15.638122,Recipe_A,506af462-4e57-4295-9af2-1d9f653511cc,16,0.0,,,,0.0,0.0,0.0,0.0,0.0,0.0
2025-12-16T18:51:16.638122,Recipe_A,506af462-4e57-4295-9af2-1d9f653511cc,16,5.0,,,,11.95,12.14,9.6,9.66,10.19,9.32
2025-12-16T18:51:17.638122,Recipe_A,506af462-4e57-4295-9af2-1d9f653511cc,16,5.0,,,,11.75,13.92,10.95,9.36,9.44,10.69
2025-12-16T18:51:18.638122,Recipe_A,506af462-4e57-4295-9af2-1d9f653511cc,16,5.0,,,,12.03,9.26,13.21,10.53,10.32,9.92
2025-12-16T18:51:19.638122,Recipe_A,506af462-4e57-4295-9af2-1d9f653511cc,16,5.0,,,,11.29,6.45,7.46,7.55,11.94,10.16
2025-12-16T18:51:20.638122,Recipe_A,506af462-4e57-4295-9af2-1d9f653511cc,16,5.0,,,,10.07,11.76,8.31,10.52,12.6,10.87
2025-12-16T18:51:21.638122,Recipe_A,506af462-4e57-4295-9af2-1d9f653511cc,16,5.0,,,,8.39,10.22,13.08,9.19,9.58,12.76
2025-12-16T18:51:22.638122,Recipe_A,506af462-4e57-4295-9af2-1d9f653511cc,16,5.0,,,,11.45,8.61,12.71,10.98,12.13,8.95
2025-12-16T18:51:23.638122,Recipe_A,506af462-4e57-4295-9af2-1d9f653511cc,16,5.0,,,,8.9,8.71,4.24,8.09,7.55,12.82
2025-12-16T18:51:24.638122,Recipe_A,506af462-4e57-4295-9af2-1d9f653511cc,16,5.0,,,,9.77,13.4,12.61,8.5,11.79,9.36
2025-12-16T18:51:25.638122,Recipe_A,506af462-4e57-4295-9af2-1d9f653511cc,16,5.0,,,,9.78,10.25,12.23,5.41,7.67,12.4
2025-12-16T18:51:26.638122,Recipe_A,506af462-4e57-4295-9af2-1d9f653511cc,16,3.0,,,,10.82,10.82,8.85,10.47,13.39,10.45
2025-12-16T18:51:27.638122,Recipe_A,506af462-4e57-4295-9af2-1d9f653511cc,16,3.0,,,,11.46,9.99,7.89,10.37,8.5,15.23
2025-12-16T18:51:28.638122,Recipe_A,506af462-4e57-4295-9af2-1d9f653511cc,16,3.0,,,,9.04,9.48,10.97,9.49,8.87,7.87
2025-12-16T18:51:29.638122,Recipe_A,506af462-4e57-4295-9af2-1d9f653511cc,16,3.0,,,,8.76,13.5,10.09,7.81,9.12,8.77
2025-12-16T18:51:30.638122,Recipe_A,506af462-4e57-4295-9af2-1d9f653511cc,16,3.0,,,,7.92,13.94,10.46,9.92,8.27,4.75
2025-12-16T18:51:31.638122,Recipe_A,506af462-4e57-4295-9af2-1d9f653511cc,16,3.0,,,,12.07,10.22,9.19,11.9,10.4,9.56
2025-12-16T18:51:32.638122,Recipe_A,506af462-4e57-4295-9af2-1d9f653511cc,16,3.0,,,,8.98,9.76,9.82,10.04,9.17,11.19
2025-12-16T18:51:33.638122,Recipe_A,506af462-4e57-4295-9af2-1d9f653511cc,16,2.0,,,,8.86,10.13,10.6,7.8,11.51,9.33
2025-12-16T18:51:34.638122,Recipe_A,506af462-4e57-4295-9af2-1d9f653511cc,16,2.0,,,,10.5,9.09,12.12,8.73,8.92,8.53
2025-12-16T18:51:35.638122,Recipe_A,506af462-4e57-4295-9af2-1d9f653511cc,16,0.0,,,,0.0,0.0,0.0,0.0,0.0,0.0
2025-12-16T18:51:36.638122,Recipe_A,506af462-4e57-4295-9af2-1d9f653511cc,16,0.0,,,,0.0,0.0,0.0,0.0,0.0,0.0
2025-12-16T18:51:37.638122,Recipe_A,506af462-4e57-4295-9af2-1d9f653511cc,16,3.0,,,,9.55,9.39,10.94,8.97,11.66,10.0
2025-12-16T18:51:38.638122,Recipe_A,506af462-4e57-4295-9af2-1d9f653511cc,16,3.0,,,,11.83,10.91,11.23,10.02,12.37,8.77
2025-12-16T18:51:39.638122,Recipe_A,506af462-4e57-4295-9af2-1d9f653511cc,16,3.0,,,,12.87,8.2,11.43,8.91,9.5,9.28
2025-12-16T18:51:40.638122,Recipe_A,506af462-4e57-4295-9af2-1d9f653511cc,16,3.0,,,,10.94,10.43,8.06,8.06,13.21,7.56
2025-12-16T18:51:41.638122,Recipe_A,506af462-4e57-4295-9af2-1d9f653511cc,16,3.0,,,,11.39,8.0,11.68,14.41,11.81,11.22
2025-12-16T18:51:42.638122,Recipe_A,506af462-4e57-4295-9af2-1d9f653511cc,16,3.0,,,,13.08,8.32,7.7,10.88,10.3,10.26
2025-12-16T18:51:43.638122,Recipe_A,506af462-4e57-4295-9af2-1d9f653511cc,16,2.0,,,,13.49,11.06,7.58,9.2,9.2,10.5
2025-12-16T18:51:44.638122,Recipe_A,506af462-4e57-4295-9af2-1d9f653511cc,16,2.0,,,,11.17,7.56,12.7,10.58,12.42,11.48
2025-12-16T18:51:45.638122,Recipe_A,506af462-4e57-4295-9af2-1d9f653511cc,16,2.0,,,,11.2,7.38,8.77,3.34,6.94,10.11
2025-12-16T18:51:46.638122,Recipe_A,506af462-4e57-4295-9af2-1d9f653511cc,16,2.0,,,,7.01,9.66,9.18,10.03,9.15,9.34
2025-12-16T18:51:47.638122,Recipe_A,506af462-4e57-4295-9af2-1d9f653511cc,16,2.0,,,,8.77,10.03,6.81,11.43,8.36,8.45
2025-12-16T18:51:48.638122,Recipe_A,506af462-4e57-4295-9af2-1d9f653511cc,16,1.0,,,,10.41,13.57,12.64,11.58,10.78,7.21
2025-12-16T18:51:49.638122,Recipe_A,506af462-4e57-4295-9af2-1d9f653511cc,16,1.0,,,,8.28,12.68,10.08,7.41,11.65,10.04
2025-12-16T18:51:50.638122,Recipe_A,506af462-4e57-4295-9af2-1d9f653511cc,16,1.0,,,,8.68,7.3,9.46,10.15,12.09,7.28
2025-12-16T18:51:51.638122,Recipe_A,506af462-4e57-4295-9af2-1d9f653511cc,16,1.0,,,,9.39,9.49,10.92,9.82,7.8,10.77
2025-12-16T18:51:52.638122,Recipe_A,506af462-4e57-4295-9af2-1d9f653511cc,16,1.0,,,,10.47,9.81,10.71,9.08,10.39,10.27
2025-12-16T18:51:53.638122,Recipe_A,506af462-4e57-4295-9af2-1d9f653511cc,16,1.0,,,,10.04,12.28,10.21,12.46,7.3,11.88
2025-12-16T18:51:54.638122,Recipe_A,506af462-4e57-4295-9af2-1d9f653511cc,16,1.0,,,,11.31,10.82,8.37,6.46,12.68,8.84
2025-12-16T18:51:55.638122,Recipe_A,506af462-4e57-4295-9af2-1d9f653511cc,16,1.0,,,,9.7,13.32,5.74,9.02,7.28,8.46
2025-12-16T18:51:56.638122,Recipe_A,506af462-4e57-4295-9af2-1d9f653511cc,16,1.0,,,,10.74,8.3,10.76,8.78,12.28,12.72
2025-12-16T18:51:57.638122,Recipe_A,506af462-4e57-4295-9af2-1d9f653511cc,16,1.0,,,,12.89,6.34,9.53,6.3,7.57,7.55
2025-12-16T18:51:58.638122,Recipe_A,506af462-4e57-4295-9af2-1d9f653511cc,16,1.0,,,,8.02,9.75,12.71,9.49,12.6,9.15
2025-12-16T18:51:59.638122,Recipe_A,506af462-4e57-4295-9af2-1d9f653511cc,16,1.0,,,,11.32,9.12,11.63,11.17,11.46,10.72
2025-12-16T18:52:00.638122,Recipe_A,506af462-4e57-4295-9af2-1d9f653511cc,16,1.0,,,,9.02,10.98,9.55,9.29,6.94,13.78
2025-12-16T18:52:01.638122,Recipe_A,506af462-4e57-4295-9af2-1d9f653511cc,16,1.0,,,,9.71,9.2,9.64,14.76,11.69,6.3
2025-12-16T18:52:02.638122,Recipe_A,506af462-4e57-4295-9af2-1d9f653511cc,16,1.0,,,,10.25,11.23,10.31,9.74,11.85,12.88
2025-12-16T18:52:03.638122,Recipe_A,506af462-4e57-4295-9af2-1d9f653511cc,16,1.0,,,,12.75,14.32,10.28,13.38,9.28,12.28
2025-12-16T18:52:04.638122,Recipe_A,506af462-4e57-4295-9af2-1d9f653511cc,16,1.0,,,,9.49,10.51,10.42,12.6,12.05,8.43
2025-12-16T18:52:05.638122,Recipe_A,506af462-4e57-4295-9af2-1d9f653511cc,16,4.0,,,,104.3,64.33,48.77,40.19,51.68,53.02
2025-12-16T18:52:06.638122,Recipe_A,506af462-4e57-4295-9af2-1d9f653511cc,16,4.0,,,,96.82,52.58,45.97,45.95,44.71,52.45
2025-12-16T18:52:07.638122,Recipe_A,506af462-4e57-4295-9af2-1d9f653511cc,16,4.0,,,,99.32,48.36,51.99,48.26,49.3,62.21
2025-12-16T18:52:08.638122,Recipe_A,506af462-4e57-4295-9af2-1d9f653511cc,16,4.0,,,,100.97,56.1,50.98,51.3,55.28,44.56
2025-12-16T18:52:09.638122,Recipe_A,506af462-4e57-4295-9af2-1d9f653511cc,16,4.0,,,,93.43,49.63,54.02,58.23,51.9,52.2
2025-12-16T18:52:10.638122,Recipe_A,506af462-4e57-4295-9af2-1d9f653511cc,16,4.0,,,,101.53,54.16,51.56,50.47,50.87,45.63
2025-12-16T18:52:11.638122,Recipe_A,506af462-4e57-4295-9af2-1d9f653511cc,16,4.0,,,,106.88,47.49,56.97,51.44,52.5,45.57
2025-12-16T18:52:12.638122,Recipe_A,506af462-4e57-4295-9af2-1d9f653511cc,16,4.0,,,,98.24,50.84,47.74,51.81,48.88,53.36
2025-12-16T18:52:13.638122,Recipe_A,506af462-4e57-4295-9af2-1d9f653511cc,16,4.0,,,,93.8,49.89,58.18,47.18,48.71,50.36
2025-12-16T18:52:14.638122,Recipe_A,506af462-4e57-4295-9af2-1d9f653511cc,16,4.0,,,,102.45,54.0,50.63,44.76,50.25,46.75
2025-12-16T18:52:15.638122,Recipe_A,506af462-4e57-4295-9af2-1d9f653511cc,16,4.0,,,,98.56,51.1,55.3,52.64,51.14,55.33
2025-12-16T18:52:16.638122,Recipe_A,506af462-4e57-4295-9af2-1d9f653511cc,16,4.0,,,,103.52,48.14,55.86,43.19,40.99,53.73
2025-12-16T18:52:17.638122,Recipe_A,506af462-4e57-4295-9af2-1d9f653511cc,16,4.0,,,,100.55,46.23,55.15,55.14,49.27,56.62
2025-12-16T18:52:18.638122,Recipe_A,506af462-4e57-4295-9af2-1d9f653511cc,16,4.0,,,,91.1,41.58,52.19,54.69,53.15,58.87
2025-12-16T18:52:19.638122,Recipe_A,506af462-4e57-4295-9af2-1d9f653511cc,16,4.0,,,,105.0,54.57,43.89,48.31,52.12,46.67
2025-12-16T18:52:20.638122,Recipe_A,506af462-4e57-4295-9af2-1d9f653511cc,16,4.0,,,,101.75,38.5,51.02,56.86,40.97,55.03
2025-12-16T18:52:21.638122,Recipe_A,506af462-4e57-4295-9af2-1d9f653511cc,16,4.0,,,,109.78,53.86,55.11,49.82,50.87,50.87
2025-12-16T18:52:22.638122,Recipe_A,506af462-4e57-4295-9af2-1d9f653511cc,16,4.0,,,,110.3,39.77,54.16,45.26,44.92,54.2
2025-12-16T18:52:23.638122,Recipe_A,506af462-4e57-4295-9af2-1d9f653511cc,16,4.0,,,,95.45,50.34,60.87,57.29,44.81,58.88
2025-12-16T18:52:24.638122,Recipe_A,506af462-4e57-4295-9af2-1d9f653511cc,16,4.0,,,,97.72,55.73,41.69,53.69,49.82,54.06
2025-12-16T18:52:25.638122,Recipe_A,506af462-4e57-4295-9af2-1d9f653511cc,16,4.0,,,,101.0,49.45,42.28,44.08,53.16,43.75
2025-12-16T18:52:26.638122,Recipe_A,506af462-4e57-4295-9af2-1d9f653511cc,16,4.0,,,,105.35,47.63,53.38,50.78,48.3,47.19
2025-12-16T18:52:27.638122,Recipe_A,506af462-4e57-4295-9af2-1d9f653511cc,16,4.0,,,,101.92,47.13,49.79,53.5,44.03,43.8
2025-12-16T18:52:27.638122,Recipe_A,506af462-4e57-4295-9af2-1d9f653511cc,16,4.0,Warning_1,Simulated Warning occurred,Warning,,,,,,
2025-12-16T18:52:28.638122,Recipe_A,506af462-4e57-4295-9af2-1d9f653511cc,16,4.0,,,,106.31,54.84,42.44,51.62,43.14,46.53
2025-12-16T18:52:29.638122,Recipe_A,506af462-4e57-4295-9af2-1d9f653511cc,16,4.0,,,,102.42,53.71,44.07,48.09,49.41,50.21
2025-12-16T18:52:30.638122,Recipe_A,506af462-4e57-4295-9af2-1d9f653511cc,16,4.0,,,,97.25,48.94,52.21,60.15,56.49,49.49
2025-12-16T18:52:31.638122,Recipe_A,506af462-4e57-4295-9af2-1d9f653511cc,16,4.0,,,,97.1,48.85,53.08,53.67,44.23,53.67
2025-12-16T18:52:32.638122,Recipe_A,506af462-4e57-4295-9af2-1d9f653511cc,16,4.0,,,,98.38,48.4,49.21,56.07,54.91,56.26
2025-12-16T18:52:33.638122,Recipe_A,506af462-4e57-4295-9af2-1d9f653511cc,16,4.0,,,,95.7,49.44,49.8,49.44,48.45,47.66
2025-12-16T18:52:34.638122,Recipe_A,506af462-4e57-4295-9af2-1d9f653511cc,16,4.0,,,,104.31,48.81,48.95,46.58,47.46,50.85
2025-12-16T18:52:35.638122,Recipe_A,506af462-4e57-4295-9af2-1d9f653511cc,16,4.0,,,,103.68,53.65,53.97,49.42,46.16,44.17
2025-12-16T18:52:36.638122,Recipe_A,506af462-4e57-4295-9af2-1d9f653511cc,16,4.0,,,,100.21,46.15,54.9,52.98,50.44,47.35
2025-12-16T18:52:37.638122,Recipe_A,506af462-4e57-4295-9af2-1d9f653511cc,16,4.0,,,,93.44,49.62,51.15,54.94,45.89,48.4
2025-12-16T18:52:38.638122,Recipe_A,506af462-4e57-4295-9af2-1d9f653511cc,16,4.0,,,,100.4,55.97,48.88,52.56,58.6,58.88
2025-12-16T18:52:39.638122,Recipe_A,506af462-4e57-4295-9af2-1d9f653511cc,16,4.0,,,,100.36,51.76,52.85,48.8,44.52,44.98
2025-12-16T18:52:40.638122,Recipe_A,506af462-4e57-4295-9af2-1d9f653511cc,16,4.0,,,,99.78,51.59,53.67,58.49,61.19,50.28
2025-12-16T18:52:41.638122,Recipe_A,506af462-4e57-4295-9af2-1d9f653511cc,16,4.0,,,,95.6,38.44,47.33,60.56,40.5,45.14
2025-12-16T18:52:42.638122,Recipe_A,506af462-4e57-4295-9af2-1d9f653511cc,16,4.0,,,,94.8,60.42,55.31,44.39,46.53,47.09
2025-12-16T18:52:43.638122,Recipe_A,506af462-4e57-4295-9af2-1d9f653511cc,16,4.0,,,,105.51,43.27,47.29,47.88,54.64,52.65
2025-12-16T18:52:44.638122,Recipe_A,506af462-4e57-4295-9af2-1d9f653511cc,16,4.0,,,,94.95,42.09,51.63,47.2,42.57,54.46
2025-12-16T18:52:45.638122,Recipe_A,506af462-4e57-4295-9af2-1d9f653511cc,16,4.0,,,,101.86,50.81,56.35,53.26,49.33,46.41
2025-12-16T18:52:46.638122,Recipe_A,506af462-4e57-4295-9af2-1d9f653511cc,16,4.0,,,,101.52,50.95,52.82,54.55,48.71,50.4
2025-12-16T18:52:47.638122,Recipe_A,506af462-4e57-4295-9af2-1d9f653511cc,16,4.0,,,,94.69,50.21,43.63,50.78,38.47,50.1
2025-12-16T18:52:48.638122,Recipe_A,506af462-4e57-4295-9af2-1d9f653511cc,16,4.0,,,,101.7,62.03,46.26,57.13,47.07,49.59
2025-12-16T18:52:49.638122,Recipe_A,506af462-4e57-4295-9af2-1d9f653511cc,16,4.0,,,,99.89,44.33,43.58,52.35,42.51,54.4
2025-12-16T18:52:50.638122,Recipe_A,506af462-4e57-4295-9af2-1d9f653511cc,16,4.0,,,,103.8,51.17,55.58,45.01,62.55,41.72
2025-12-16T18:52:51.638122,Recipe_A,506af462-4e57-4295-9af2-1d9f653511cc,16,5.0,,,,7.21,9.19,8.03,8.67,8.01,9.58
2025-12-16T18:52:52.638122,Recipe_A,506af462-4e57-4295-9af2-1d9f653511cc,16,5.0,,,,11.66,12.27,12.94,9.51,8.68,10.18
2025-12-16T18:52:53.638122,Recipe_A,506af462-4e57-4295-9af2-1d9f653511cc,16,5.0,,,,10.11,7.29,13.8,12.41,12.07,8.03
2025-12-16T18:52:54.638122,Recipe_A,506af462-4e57-4295-9af2-1d9f653511cc,16,5.0,,,,10.68,12.51,9.17,11.12,8.16,11.92
2025-12-16T18:52:55.638122,Recipe_A,506af462-4e57-4295-9af2-1d9f653511cc,16,5.0,,,,9.19,10.59,8.51,8.8,14.19,11.64
2025-12-16T18:52:56.638122,Recipe_A,506af462-4e57-4295-9af2-1d9f653511cc,16,5.0,,,,8.47,11.37,9.12,8.05,4.48,10.08
2025-12-16T18:52:57.638122,Recipe_A,506af462-4e57-4295-9af2-1d9f653511cc,16,5.0,,,,12.85,10.25,7.92,9.17,10.91,8.52
2025-12-16T18:52:58.638122,Recipe_A,506af462-4e57-4295-9af2-1d9f653511cc,16,5.0,,,,6.4,8.48,8.12,9.3,10.35,11.03
2025-12-16T18:52:59.638122,Recipe_A,506af462-4e57-4295-9af2-1d9f653511cc,16,5.0,,,,10.42,7.78,10.62,9.09,8.64,9.13
2025-12-16T18:53:00.638122,Recipe_A,506af462-4e57-4295-9af2-1d9f653511cc,16,5.0,,,,10.26,9.77,6.41,9.96,11.0,12.2
2025-12-16T18:53:01.638122,Recipe_A,506af462-4e57-4295-9af2-1d9f653511cc,16,5.0,,,,6.37,9.3,9.11,9.16,6.21,10.17
2025-12-16T18:53:02.638122,Recipe_A,506af462-4e57-4295-9af2-1d9f653511cc,16,5.0,,,,5.23,10.61,8.76,8.22,6.31,11.03
2025-12-16T18:53:03.638122,Recipe_A,506af462-4e57-4295-9af2-1d9f653511cc,16,5.0,,,,9.52,7.61,8.04,9.69,11.61,11.6
2025-12-16T18:53:04.638122,Recipe_A,506af462-4e57-4295-9af2-1d9f653511cc,16,5.0,,,,12.13,10.49,8.51,12.07,6.9,10.91
2025-12-16T18:53:05.638122,Recipe_A,506af462-4e57-4295-9af2-1d9f653511cc,16,5.0,,,,9.19,15.43,7.81,7.18,10.15,7.16
2025-12-16T18:53:06.638122,Recipe_A,506af462-4e57-4295-9af2-1d9f653511cc,16,5.0,,,,6.17,11.53,8.52,12.33,9.15,10.56
2025-12-16T18:53:07.638122,Recipe_A,506af462-4e57-4295-9af2-1d9f653511cc,16,5.0,,,,7.03,9.24,8.79,11.79,11.43,8.84
2025-12-16T18:53:08.638122,Recipe_A,506af462-4e57-4295-9af2-1d9f653511cc,16,5.0,,,,11.68,8.75,10.54,9.33,7.37,8.54
2025-12-16T18:53:09.638122,Recipe_A,506af462-4e57-4295-9af2-1d9f653511cc,16,5.0,,,,9.55,8.88,10.69,7.69,10.71,6.05
2025-12-16T18:53:10.638122,Recipe_A,506af462-4e57-4295-9af2-1d9f653511cc,16,5.0,,,,3.06,11.75,10.38,12.87,10.0,11.98
2025-12-16T18:53:11.638122,Recipe_A,506af462-4e57-4295-9af2-1d9f653511cc,16,5.0,,,,8.72,14.82,9.61,11.03,8.81,10.07
2025-12-16T18:53:12.638122,Recipe_A,506af462-4e57-4295-9af2-1d9f653511cc,16,5.0,,,,9.05,7.81,9.7,11.6,12.32,11.1
2025-12-16T18:53:13.638122,Recipe_A,506af462-4e57-4295-9af2-1d9f653511cc,16,5.0,,,,9.63,10.45,9.99,9.17,9.3,11.02
2025-12-16T18:53:14.638122,Recipe_A,506af462-4e57-4295-9af2-1d9f653511cc,16,5.0,,,,9.86,10.2,9.77,12.66,10.27,7.91
2025-12-16T18:53:15.638122,Recipe_A,506af462-4e57-4295-9af2-1d9f653511cc,16,5.0,,,,7.97,12.39,11.18,9.81,9.03,9.91
2025-12-16T18:53:16.638122,Recipe_A,506af462-4e57-4295-9af2-1d9f653511cc,16,5.0,,,,10.45,10.1,13.11,9.71,12.32,15.74
2025-12-16T18:53:17.638122,Recipe_A,506af462-4e57-4295-9af2-1d9f653511cc,16,5.0,,,,8.3,13.17,11.49,10.27,10.27,10.14
2025-12-16T18:53:18.638122,Recipe_A,506af462-4e57-4295-9af2-1d9f653511cc,16,5.0,,,,11.32,13.83,9.66,13.06,10.33,10.19
2025-12-16T18:53:19.638122,Recipe_A,506af462-4e57-4295-9af2-1d9f653511cc,16,5.0,,,,10.11,10.37,8.69,7.76,9.41,9.73
2025-12-16T18:53:20.638122,Recipe_A,506af462-4e57-4295-9af2-1d9f653511cc,16,5.0,,,,10.37,6.31,11.5,9.27,7.31,9.79
2025-12-16T18:53:21.638122,Recipe_A,506af462-4e57-4295-9af2-1d9f653511cc,16,5.0,,,,9.91,12.04,9.68,9.88,9.98,9.64
2025-12-16T18:53:22.638122,Recipe_A,506af462-4e57-4295-9af2-1d9f653511cc,16,5.0,,,,12.67,12.2,10.49,11.05,9.4,10.55
2025-12-16T18:53:23.638122,Recipe_A,506af462-4e57-4295-9af2-1d9f653511cc,16,5.0,,,,8.89,9.59,9.74,14.5,14.45,5.06
2025-12-16T18:53:24.638122,Recipe_A,506af462-4e57-4295-9af2-1d9f653511cc,16,5.0,,,,9.28,8.69,11.67,13.49,11.42,10.19
2025-12-16T18:53:25.638122,Recipe_A,506af462-4e57-4295-9af2-1d9f653511cc,16,5.0,,,,9.18,12.7,5.86,11.05,10.71,6.97
2025-12-16T18:53:26.638122,Recipe_A,506af462-4e57-4295-9af2-1d9f653511cc,16,5.0,,,,7.14,9.14,10.43,7.93,9.37,10.03
2025-12-16T18:53:27.638122,Recipe_A,506af462-4e57-4295-9af2-1d9f653511cc,16,5.0,,,,8.36,14.18,6.0,9.15,8.47,7.01
2025-12-16T18:53:28.638122,Recipe_A,506af462-4e57-4295-9af2-1d9f653511cc,16,5.0,,,,11.32,8.76,12.45,11.36,10.87,9.24
2025-12-16T18:53:29.638122,Recipe_A,506af462-4e57-4295-9af2-1d9f653511cc,16,5.0,,,,6.18,9.08,10.62,4.91,12.69,12.67
2025-12-16T18:53:30.638122,Recipe_A,506af462-4e57-4295-9af2-1d9f653511cc,16,5.0,,,,10.17,11.96,7.53,6.14,9.05,9.3
2025-12-16T18:53:31.638122,Recipe_A,506af462-4e57-4295-9af2-1d9f653511cc,16,1.0,,,,9.86,10.5,10.55,9.85,11.6,8.38
2025-12-16T18:53:32.638122,Recipe_A,506af462-4e57-4295-9af2-1d9f653511cc,16,4.0,,,,100.5,53.53,48.36,48.8,50.7,43.54
2025-12-16T18:53:33.638122,Recipe_A,506af462-4e57-4295-9af2-1d9f653511cc,16,4.0,,,,96.49,47.53,44.67,49.77,49.69,45.59
2025-12-16T18:53:34.638122,Recipe_A,506af462-4e57-4295-9af2-1d9f653511cc,16,4.0,,,,101.56,48.39,51.13,51.38,44.9,47.41
2025-12-16T18:53:35.638122,Recipe_A,506af462-4e57-4295-9af2-1d9f653511cc,16,4.0,,,,101.96,45.53,49.88,48.77,47.19,56.11
2025-12-16T18:53:36.638122,Recipe_A,506af462-4e57-4295-9af2-1d9f653511cc,16,4.0,,,,97.95,37.48,56.14,46.51,50.37,54.15
2025-12-16T18:53:37.638122,Recipe_A,506af462-4e57-4295-9af2-1d9f653511cc,16,4.0,,,,108.97,51.93,51.54,44.55,47.3,52.14
2025-12-16T18:53:38.638122,Recipe_A,506af462-4e57-4295-9af2-1d9f653511cc,16,4.0,,,,105.32,43.59,53.22,50.31,52.84,53.02
2025-12-16T18:53:39.638122,Recipe_A,506af462-4e57-4295-9af2-1d9f653511cc,16,4.0,,,,98.78,49.65,48.9,47.76,60.78,50.29
2025-12-16T18:53:40.638122,Recipe_A,506af462-4e57-4295-9af2-1d9f653511cc,16,4.0,,,,100.5,52.92,55.97,49.5,49.83,52.19
2025-12-16T18:53:41.638122,Recipe_A,506af462-4e57-4295-9af2-1d9f653511cc,16,4.0,,,,104.4,49.37,46.24,54.21,46.0,45.5
2025-12-16T18:53:42.638122,Recipe_A,506af462-4e57-4295-9af2-1d9f653511cc,16,0.0,,,,0.0,0.0,0.0,0.0,0.0,0.0
2025-12-16T18:53:43.638122,Recipe_A,506af462-4e57-4295-9af2-1d9f653511cc,16,0.0,,,,0.0,0.0,0.0,0.0,0.0,0.0
2025-12-16T18:53:44.638122,Recipe_A,506af462-4e57-4295-9af2-1d9f653511cc,16,0.0,,,,0.0,0.0,0.0,0.0,0.0,0.0
2025-12-16T18:53:45.638122,Recipe_A,506af462-4e57-4295-9af2-1d9f653511cc,16,0.0,,,,0.0,0.0,0.0,0.0,0.0,0.0
2025-12-16T18:53:46.638122,Recipe_A,506af462-4e57-4295-9af2-1d9f653511cc,16,0.0,,,,0.0,0.0,0.0,0.0,0.0,0.0
2025-12-16T18:53:47.638122,Recipe_A,506af462-4e57-4295-9af2-1d9f653511cc,16,0.0,,,,0.0,0.0,0.0,0.0,0.0,0.0
2025-12-16T18:53:48.638122,Recipe_A,506af462-4e57-4295-9af2-1d9f653511cc,16,0.0,,,,0.0,0.0,0.0,0.0,0.0,0.0
2025-12-16T18:53:49.638122,Recipe_A,506af462-4e57-4295-9af2-1d9f653511cc,16,0.0,,,,0.0,0.0,0.0,0.0,0.0,0.0
2025-12-16T18:53:50.638122,Recipe_A,506af462-4e57-4295-9af2-1d9f653511cc,16,0.0,,,,0.0,0.0,0.0,0.0,0.0,0.0
2025-12-16T18:53:51.638122,Recipe_A,506af462-4e57-4295-9af2-1d9f653511cc,16,0.0,,,,0.0,0.0,0.0,0.0,0.0,0.0
2025-12-16T18:53:52.638122,Recipe_A,506af462-4e57-4295-9af2-1d9f653511cc,16,0.0,,,,0.0,0.0,0.0,0.0,0.0,0.0
2025-12-16T18:53:53.638122,Recipe_A,506af462-4e57-4295-9af2-1d9f653511cc,16,0.0,,,,0.0,0.0,0.0,0.0,0.0,0.0
2025-12-16T18:53:54.638122,Recipe_A,506af462-4e57-4295-9af2-1d9f653511cc,16,0.0,,,,0.0,0.0,0.0,0.0,0.0,0.0
2025-12-16T18:53:55.638122,Recipe_A,506af462-4e57-4295-9af2-1d9f653511cc,16,0.0,,,,0.0,0.0,0.0,0.0,0.0,0.0
2025-12-16T18:53:56.638122,Recipe_A,506af462-4e57-4295-9af2-1d9f653511cc,16,0.0,,,,0.0,0.0,0.0,0.0,0.0,0.0
2025-12-16T18:53:57.638122,Recipe_A,506af462-4e57-4295-9af2-1d9f653511cc,16,0.0,,,,0.0,0.0,0.0,0.0,0.0,0.0
2025-12-16T18:53:58.638122,Recipe_A,506af462-4e57-4295-9af2-1d9f653511cc,16,0.0,,,,0.0,0.0,0.0,0.0,0.0,0.0
2025-12-16T18:53:59.638122,Recipe_A,506af462-4e57-4295-9af2-1d9f653511cc,16,0.0,,,,0.0,0.0,0.0,0.0,0.0,0.0
2025-12-16T18:54:00.638122,Recipe_A,506af462-4e57-4295-9af2-1d9f653511cc,16,0.0,,,,0.0,0.0,0.0,0.0,0.0,0.0
2025-12-16T18:54:01.638122,Recipe_A,506af462-4e57-4295-9af2-1d9f653511cc,16,0.0,,,,0.0,0.0,0.0,0.0,0.0,0.0
2025-12-16T18:54:02.638122,Recipe_A,506af462-4e57-4295-9af2-1d9f653511cc,16,0.0,,,,0.0,0.0,0.0,0.0,0.0,0.0
2025-12-16T18:54:03.638122,Recipe_A,506af462-4e57-4295-9af2-1d9f653511cc,16,0.0,,,,0.0,0.0,0.0,0.0,0.0,0.0
2025-12-16T18:54:04.638122,Recipe_A,506af462-4e57-4295-9af2-1d9f653511cc,16,0.0,,,,0.0,0.0,0.0,0.0,0.0,0.0
2025-12-16T18:54:05.638122,Recipe_A,506af462-4e57-4295-9af2-1d9f653511cc,16,0.0,,,,0.0,0.0,0.0,0.0,0.0,0.0
2025-12-16T18:54:06.638122,Recipe_A,506af462-4e57-4295-9af2-1d9f653511cc,16,0.0,,,,0.0,0.0,0.0,0.0,0.0,0.0
2025-12-16T18:54:07.638122,Recipe_A,506af462-4e57-4295-9af2-1d9f653511cc,16,0.0,,,,0.0,0.0,0.0,0.0,0.0,0.0
2025-12-16T18:54:08.638122,Recipe_A,506af462-4e57-4295-9af2-1d9f653511cc,16,0.0,,,,0.0,0.0,0.0,0.0,0.0,0.0
2025-12-16T18:54:09.638122,Recipe_A,506af462-4e57-4295-9af2-1d9f653511cc,16,0.0,,,,0.0,0.0,0.0,0.0,0.0,0.0
2025-12-16T18:54:10.638122,Recipe_A,506af462-4e57-4295-9af2-1d9f653511cc,16,0.0,,,,0.0,0.0,0.0,0.0,0.0,0.0
2025-12-16T18:54:11.638122,Recipe_A,506af462-4e57-4295-9af2-1d9f653511cc,16,0.0,,,,0.0,0.0,0.0,0.0,0.0,0.0
2025-12-16T18:54:12.638122,Recipe_A,506af462-4e57-4295-9af2-1d9f653511cc,16,0.0,,,,0.0,0.0,0.0,0.0,0.0,0.0
2025-12-16T18:54:13.638122,Recipe_A,506af462-4e57-4295-9af2-1d9f653511cc,16,0.0,,,,0.0,0.0,0.0,0.0,0.0,0.0
2025-12-16T18:54:14.638122,Recipe_A,506af462-4e57-4295-9af2-1d9f653511cc,16,0.0,,,,0.0,0.0,0.0,0.0,0.0,0.0
2025-12-16T18:54:15.638122,Recipe_A,506af462-4e57-4295-9af2-1d9f653511cc,16,0.0,,,,0.0,0.0,0.0,0.0,0.0,0.0
2025-12-16T18:54:16.638122,Recipe_A,506af462-4e57-4295-9af2-1d9f653511cc,16,0.0,,,,0.0,0.0,0.0,0.0,0.0,0.0
2025-12-16T18:54:17.638122,Recipe_A,506af462-4e57-4295-9af2-1d9f653511cc,16,0.0,,,,0.0,0.0,0.0,0.0,0.0,0.0
2025-12-16T18:54:18.638122,Recipe_A,506af462-4e57-4295-9af2-1d9f653511cc,16,0.0,,,,0.0,0.0,0.0,0.0,0.0,0.0
2025-12-16T18:54:19.638122,Recipe_A,506af462-4e57-4295-9af2-1d9f653511cc,16,0.0,,,,0.0,0.0,0.0,0.0,0.0,0.0
2025-12-16T18:54:20.638122,Recipe_A,506af462-4e57-4295-9af2-1d9f653511cc,16,0.0,,,,0.0,0.0,0.0,0.0,0.0,0.0
2025-12-16T18:54:21.638122,Recipe_A,506af462-4e57-4295-9af2-1d9f653511cc,16,0.0,,,,0.0,0.0,0.0,0.0,0.0,0.0
2025-12-16T18:54:22.638122,Recipe_A,506af462-4e57-4295-9af2-1d9f653511cc,16,0.0,,,,0.0,0.0,0.0,0.0,0.0,0.0
2025-12-16T18:54:23.638122,Recipe_A,506af462-4e57-4295-9af2-1d9f653511cc,16,0.0,,,,0.0,0.0,0.0,0.0,0.0,0.0
2025-12-16T18:54:24.638122,Recipe_A,506af462-4e57-4295-9af2-1d9f653511cc,16,0.0,,,,0.0,0.0,0.0,0.0,0.0,0.0
2025-12-16T18:54:25.638122,Recipe_A,506af462-4e57-4295-9af2-1d9f653511cc,16,0.0,,,,0.0,0.0,0.0,0.0,0.0,0.0
2025-12-16T18:54:26.638122,Recipe_A,506af462-4e57-4295-9af2-1d9f653511cc,16,0.0,,,,0.0,0.0,0.0,0.0,0.0,0.0
2025-12-16T18:54:27.638122,Recipe_A,506af462-4e57-4295-9af2-1d9f653511cc,16,0.0,,,,0.0,0.0,0.0,0.0,0.0,0.0
2025-12-16T18:54:28.638122,Recipe_A,506af462-4e57-4295-9af2-1d9f653511cc,16,0.0,,,,0.0,0.0,0.0,0.0,0.0,0.0
2025-12-16T18:54:29.638122,Recipe_A,506af462-4e57-4295-9af2-1d9f653511cc,16,0.0,,,,0.0,0.0,0.0,0.0,0.0,0.0
2025-12-16T18:54:30.638122,Recipe_A,506af462-4e57-4295-9af2-1d9f653511cc,16,0.0,,,,0.0,0.0,0.0,0.0,0.0,0.0
2025-12-16T18:54:31.638122,Recipe_A,506af462-4e57-4295-9af2-1d9f653511cc,16,0.0,,,,0.0,0.0,0.0,0.0,0.0,0.0
2025-12-16T18:54:32.638122,Recipe_A,506af462-4e57-4295-9af2-1d9f653511cc,16,0.0,,,,0.0,0.0,0.0,0.0,0.0,0.0
2025-12-16T18:54:33.638122,Recipe_A,506af462-4e57-4295-9af2-1d9f653511cc,16,0.0,,,,0.0,0.0,0.0,0.0,0.0,0.0
2025-12-16T18:54:34.638122,Recipe_A,506af462-4e57-4295-9af2-1d9f653511cc,16,0.0,,,,0.0,0.0,0.0,0.0,0.0,0.0
2025-12-16T18:54:35.638122,Recipe_A,506af462-4e57-4295-9af2-1d9f653511cc,16,0.0,,,,0.0,0.0,0.0,0.0,0.0,0.0
2025-12-16T18:54:36.638122,Recipe_A,506af462-4e57-4295-9af2-1d9f653511cc,16,0.0,,,,0.0,0.0,0.0,0.0,0.0,0.0
2025-12-16T18:54:37.638122,Recipe_A,506af462-4e57-4295-9af2-1d9f653511cc,16,0.0,,,,0.0,0.0,0.0,0.0,0.0,0.0
2025-12-16T18:54:38.638122,Recipe_A,506af462-4e57-4295-9af2-1d9f653511cc,16,0.0,,,,0.0,0.0,0.0,0.0,0.0,0.0
2025-12-16T18:54:39.638122,Recipe_A,506af462-4e57-4295-9af2-1d9f653511cc,16,0.0,,,,0.0,0.0,0.0,0.0,0.0,0.0
2025-12-16T18:54:40.638122,Recipe_A,506af462-4e57-4295-9af2-1d9f653511cc,16,0.0,,,,0.0,0.0,0.0,0.0,0.0,0.0
2025-12-16T18:54:41.638122,Recipe_A,506af462-4e57-4295-9af2-1d9f653511cc,16,0.0,,,,0.0,0.0,0.0,0.0,0.0,0.0
2025-12-16T18:54:42.638122,Recipe_A,506af462-4e57-4295-9af2-1d9f653511cc,16,0.0,,,,0.0,0.0,0.0,0.0,0.0,0.0
2025-12-16T18:54:43.638122,Recipe_A,506af462-4e57-4295-9af2-1d9f653511cc,16,0.0,,,,0.0,0.0,0.0,0.0,0.0,0.0
2025-12-16T18:54:44.638122,Recipe_A,506af462-4e57-4295-9af2-1d9f653511cc,16,0.0,,,,0.0,0.0,0.0,0.0,0.0,0.0
2025-12-16T18:54:45.638122,Recipe_A,506af462-4e57-4295-9af2-1d9f653511cc,16,0.0,,,,0.0,0.0,0.0,0.0,0.0,0.0
2025-12-16T18:54:46.638122,Recipe_A,506af462-4e57-4295-9af2-1d9f653511cc,16,0.0,,,,0.0,0.0,0.0,0.0,0.0,0.0
2025-12-16T18:54:47.638122,Recipe_A,506af462-4e57-4295-9af2-1d9f653511cc,16,0.0,,,,0.0,0.0,0.0,0.0,0.0,0.0
2025-12-16T18:54:48.638122,Recipe_A,506af462-4e57-4295-9af2-1d9f653511cc,16,0.0,,,,0.0,0.0,0.0,0.0,0.0,0.0
2025-12-16T18:54:49.638122,Recipe_A,506af462-4e57-4295-9af2-1d9f653511cc,16,0.0,,,,0.0,0.0,0.0,0.0,0.0,0.0
2025-12-16T18:54:50.638122,Recipe_A,506af462-4e57-4295-9af2-1d9f653511cc,16,0.0,,,,0.0,0.0,0.0,0.0,0.0,0.0
2025-12-16T18:54:51.638122,Recipe_A,506af462-4e57-4295-9af2-1d9f653511cc,16,0.0,,,,0.0,0.0,0.0,0.0,0.0,0.0
2025-12-16T18:54:52.638122,Recipe_A,506af462-4e57-4295-9af2-1d9f653511cc,16,0.0,,,,0.0,0.0,0.0,0.0,0.0,0.0
2025-12-16T18:54:53.638122,Recipe_A,506af462-4e57-4295-9af2-1d9f653511cc,16,0.0,,,,0.0,0.0,0.0,0.0,0.0,0.0
2025-12-16T18:54:54.638122,Recipe_A,506af462-4e57-4295-9af2-1d9f653511cc,16,0.0,,,,0.0,0.0,0.0,0.0,0.0,0.0
2025-12-16T18:54:55.638122,Recipe_A,506af462-4e57-4295-9af2-1d9f653511cc,16,0.0,,,,0.0,0.0,0.0,0.0,0.0,0.0
2025-12-16T18:54:56.638122,Recipe_A,506af462-4e57-4295-9af2-1d9f653511cc,16,0.0,,,,0.0,0.0,0.0,0.0,0.0,0.0
2025-12-16T18:54:57.638122,Recipe_A,506af462-4e57-4295-9af2-1d9f653511cc,16,0.0,,,,0.0,0.0,0.0,0.0,0.0,0.0
2025-12-16T18:54:58.638122,Recipe_A,506af462-4e57-4295-9af2-1d9f653511cc,16,0.0,,,,0.0,0.0,0.0,0.0,0.0,0.0
2025-12-16T18:54:59.638122,Recipe_A,506af462-4e57-4295-9af2-1d9f653511cc,16,0.0,,,,0.0,0.0,0.0,0.0,0.0,0.0
2025-12-16T18:55:00.638122,Recipe_A,506af462-4e57-4295-9af2-1d9f653511cc,16,0.0,,,,0.0,0.0,0.0,0.0,0.0,0.0
2025-12-16T18:55:01.638122,Recipe_A,506af462-4e57-4295-9af2-1d9f653511cc,16,0.0,,,,0.0,0.0,0.0,0.0,0.0,0.0
2025-12-16T18:55:02.638122,Recipe_A,506af462-4e57-4295-9af2-1d9f653511cc,16,0.0,,,,0.0,0.0,0.0,0.0,0.0,0.0
2025-12-16T18:55:03.638122,Recipe_A,506af462-4e57-4295-9af2-1d9f653511cc,16,0.0,,,,0.0,0.0,0.0,0.0,0.0,0.0
2025-12-16T18:55:04.638122,Recipe_A,506af462-4e57-4295-9af2-1d9f653511cc,16,0.0,,,,0.0,0.0,0.0,0.0,0.0,0.0
2025-12-16T18:55:05.638122,Recipe_A,506af462-4e57-4295-9af2-1d9f653511cc,16,0.0,,,,0.0,0.0,0.0,0.0,0.0,0.0
2025-12-16T18:55:06.638122,Recipe_A,506af462-4e57-4295-9af2-1d9f653511cc,16,0.0,,,,0.0,0.0,0.0,0.0,0.0,0.0
2025-12-16T18:55:07.638122,Recipe_A,506af462-4e57-4295-9af2-1d9f653511cc,16,0.0,,,,0.0,0.0,0.0,0.0,0.0,0.0
2025-12-16T18:55:08.638122,Recipe_A,506af462-4e57-4295-9af2-1d9f653511cc,16,0.0,,,,0.0,0.0,0.0,0.0,0.0,0.0
2025-12-16T18:55:09.638122,Recipe_A,506af462-4e57-4295-9af2-1d9f653511cc,16,0.0,,,,0.0,0.0,0.0,0.0,0.0,0.0
2025-12-16T18:55:10.638122,Recipe_A,506af462-4e57-4295-9af2-1d9f653511cc,16,0.0,,,,0.0,0.0,0.0,0.0,0.0,0.0
2025-12-16T18:55:11.638122,Recipe_A,506af462-4e57-4295-9af2-1d9f653511cc,16,0.0,,,,0.0,0.0,0.0,0.0,0.0,0.0
2025-12-16T18:55:12.638122,Recipe_A,506af462-4e57-4295-9af2-1d9f653511cc,16,0.0,,,,0.0,0.0,0.0,0.0,0.0,0.0
2025-12-16T18:55:13.638122,Recipe_A,506af462-4e57-4295-9af2-1d9f653511cc,16,5.0,,,,8.51,10.9,5.24,7.19,9.25,10.13
2025-12-16T18:55:14.638122,Recipe_A,506af462-4e57-4295-9af2-1d9f653511cc,16,5.0,,,,7.65,10.51,14.48,8.91,14.91,8.95
2025-12-16T18:55:15.638122,Recipe_A,506af462-4e57-4295-9af2-1d9f653511cc,16,5.0,,,,8.3,9.48,7.67,11.33,10.44,9.98
2025-12-16T18:55:16.638122,Recipe_A,506af462-4e57-4295-9af2-1d9f653511cc,16,5.0,,,,9.35,8.15,9.45,10.5,9.3,7.12
2025-12-16T18:55:17.638122,Recipe_A,506af462-4e57-4295-9af2-1d9f653511cc,16,5.0,,,,11.29,6.51,9.7,9.98,12.81,9.74
2025-12-16T18:55:18.638122,Recipe_A,506af462-4e57-4295-9af2-1d9f653511cc,16,5.0,,,,12.1,11.02,8.99,11.64,10.03,10.49
2025-12-16T18:55:19.638122,Recipe_A,506af462-4e57-4295-9af2-1d9f653511cc,16,5.0,,,,8.18,12.21,9.22,11.16,12.67,11.67
2025-12-16T18:55:20.638122,Recipe_A,506af462-4e57-4295-9af2-1d9f653511cc,16,4.0,,,,95.78,49.09,42.99,56.86,49.85,55.07
2025-12-16T18:55:21.638122,Recipe_A,506af462-4e57-4295-9af2-1d9f653511cc,16,4.0,,,,101.9,48.98,54.32,49.27,48.89,52.88
2025-12-16T18:55:22.638122,Recipe_A,506af462-4e57-4295-9af2-1d9f653511cc,16,4.0,,,,111.9,51.15,47.13,47.87,55.17,55.27
2025-12-16T18:55:23.638122,Recipe_A,506af462-4e57-4295-9af2-1d9f653511cc,16,4.0,,,,101.53,48.36,47.46,53.7,49.24,44.19
2025-12-16T18:55:24.638122,Recipe_A,506af462-4e57-4295-9af2-1d9f653511cc,16,4.0,,,,93.98,54.62,53.15,46.7,50.3,50.52
2025-12-16T18:55:25.638122,Recipe_A,506af462-4e57-4295-9af2-1d9f653511cc,16,4.0,,,,100.84,48.9,54.22,44.82,46.09,46.99
2025-12-16T18:55:26.638122,Recipe_A,506af462-4e57-4295-9af2-1d9f653511cc,16,4.0,,,,91.18,50.78,52.37,45.87,52.75,45.78
2025-12-16T18:55:27.638122,Recipe_A,506af462-4e57-4295-9af2-1d9f653511cc,16,4.0,,,,102.24,54.7,44.24,48.71,45.33,41.18
2025-12-16T18:55:28.638122,Recipe_A,506af462-4e57-4295-9af2-1d9f653511cc,16,4.0,,,,97.76,48.45,54.01,38.64,42.01,49.38
2025-12-16T18:55:29.638122,Recipe_A,506af462-4e57-4295-9af2-1d9f653511cc,16,4.0,,,,95.89,49.83,48.93,43.4,48.75,45.09
2025-12-16T18:55:30.638122,Recipe_A,506af462-4e57-4295-9af2-1d9f653511cc,16,4.0,,,,97.7,58.04,48.07,50.52,41.02,48.29
2025-12-16T18:55:31.638122,Recipe_A,506af462-4e57-4295-9af2-1d9f653511cc,16,4.0,,,,103.42,43.91,47.39,54.59,40.61,48.39
2025-12-16T18:55:32.638122,Recipe_A,506af462-4e57-4295-9af2-1d9f653511cc,16,4.0,,,,98.8,44.76,39.09,55.59,47.54,46.61
2025-12-16T18:55:33.638122,Recipe_A,506af462-4e57-4295-9af2-1d9f653511cc,16,4.0,,,,97.68,46.4,44.98,40.0,44.94,52.91
2025-12-16T18:55:34.638122,Recipe_A,506af462-4e57-4295-9af2-1d9f653511cc,16,4.0,,,,104.52,45.1,49.47,48.32,53.12,49.18
2025-12-16T18:55:35.638122,Recipe_A,506af462-4e57-4295-9af2-1d9f653511cc,16,4.0,,,,102.52,47.29,53.84,56.18,56.58,42.13
2025-12-16T18:55:36.638122,Recipe_A,506af462-4e57-4295-9af2-1d9f653511cc,16,4.0,,,,99.94,54.35,45.26,44.0,41.56,46.65
2025-12-16T18:55:37.638122,Recipe_A,506af462-4e57-4295-9af2-1d9f653511cc,16,4.0,,,,105.08,47.02,52.29,54.57,46.33,47.53
2025-12-16T18:55:38.638122,Recipe_A,506af462-4e57-4295-9af2-1d9f653511cc,16,4.0,,,,102.33,56.71,48.5,48.58,51.6,49.63
2025-12-16T18:55:39.638122,Recipe_A,506af462-4e57-4295-9af2-1d9f653511cc,16,4.0,,,,110.31,58.12,59.34,54.91,47.34,45.76
2025-12-16T18:55:40.638122,Recipe_A,506af462-4e57-4295-9af2-1d9f653511cc,16,4.0,,,,94.74,44.81,39.38,43.08,46.86,45.58
2025-12-16T18:55:41.638122,Recipe_A,506af462-4e57-4295-9af2-1d9f653511cc,16,4.0,,,,107.28,60.23,51.31,51.96,51.5,50.57
2025-12-16T18:55:42.638122,Recipe_A,506af462-4e57-4295-9af2-1d9f653511cc,16,2.0,,,,9.87,11.46,10.34,10.19,13.83,6.63
2025-12-16T18:55:43.638122,Recipe_A,506af462-4e57-4295-9af2-1d9f653511cc,16,2.0,,,,12.44,8.96,8.54,8.64,10.89,10.93
2025-12-16T18:55:44.638122,Recipe_A,506af462-4e57-4295-9af2-1d9f653511cc,16,2.0,,,,14.7,10.29,9.63,12.43,6.51,10.52
2025-12-16T18:55:45.638122,Recipe_A,506af462-4e57-4295-9af2-1d9f653511cc,16,2.0,,,,11.75,10.48,10.62,9.19,10.71,8.58
2025-12-16T18:55:46.638122,Recipe_A,506af462-4e57-4295-9af2-1d9f653511cc,16,2.0,,,,10.01,9.47,10.17,10.85,11.53,12.01
2025-12-16T18:55:47.638122,Recipe_A,506af462-4e57-4295-9af2-1d9f653511cc,16,2.0,,,,9.27,9.08,9.71,11.15,7.61,5.84
2025-12-16T18:55:48.638122,Recipe_A,506af462-4e57-4295-9af2-1d9f653511cc,16,2.0,,,,8.12,8.43,11.73,14.9,11.45,5.67
2025-12-16T18:55:49.638122,Recipe_A,506af462-4e57-4295-9af2-1d9f653511cc,16,2.0,,,,12.31,15.11,8.66,11.5,9.18,12.43
2025-12-16T18:55:50.638122,Recipe_A,506af462-4e57-4295-9af2-1d9f653511cc,16,0.0,,,,0.0,0.0,0.0,0.0,0.0,0.0
2025-12-16T18:55:51.638122,Recipe_A,506af462-4e57-4295-9af2-1d9f653511cc,16,0.0,,,,0.0,0.0,0.0,0.0,0.0,0.0
2025-12-16T18:55:52.638122,Recipe_A,506af462-4e57-4295-9af2-1d9f653511cc,16,0.0,,,,0.0,0.0,0.0,0.0,0.0,0.0
2025-12-16T18:55:53.638122,Recipe_A,506af462-4e57-4295-9af2-1d9f653511cc,16,0.0,,,,0.0,0.0,0.0,0.0,0.0,0.0
2025-12-16T18:55:54.638122,Recipe_A,506af462-4e57-4295-9af2-1d9f653511cc,16,0.0,,,,0.0,0.0,0.0,0.0,0.0,0.0
2025-12-16T18:55:55.638122,Recipe_A,506af462-4e57-4295-9af2-1d9f653511cc,16,0.0,,,,0.0,0.0,0.0,0.0,0.0,0.0
2025-12-16T18:55:56.638122,Recipe_A,506af462-4e57-4295-9af2-1d9f653511cc,16,0.0,,,,0.0,0.0,0.0,0.0,0.0,0.0
2025-12-16T18:55:57.638122,Recipe_A,506af462-4e57-4295-9af2-1d9f653511cc,16,0.0,,,,0.0,0.0,0.0,0.0,0.0,0.0
2025-12-16T18:55:58.638122,Recipe_A,506af462-4e57-4295-9af2-1d9f653511cc,16,0.0,,,,0.0,0.0,0.0,0.0,0.0,0.0
2025-12-16T18:55:59.638122,Recipe_A,506af462-4e57-4295-9af2-1d9f653511cc,16,0.0,,,,0.0,0.0,0.0,0.0,0.0,0.0
2025-12-16T18:56:00.638122,Recipe_A,506af462-4e57-4295-9af2-1d9f653511cc,16,0.0,,,,0.0,0.0,0.0,0.0,0.0,0.0
2025-12-16T18:56:01.638122,Recipe_A,506af462-4e57-4295-9af2-1d9f653511cc,16,0.0,,,,0.0,0.0,0.0,0.0,0.0,0.0
2025-12-16T18:56:02.638122,Recipe_A,506af462-4e57-4295-9af2-1d9f653511cc,16,0.0,,,,0.0,0.0,0.0,0.0,0.0,0.0
2025-12-16T18:56:03.638122,Recipe_A,506af462-4e57-4295-9af2-1d9f653511cc,16,1.0,,,,8.98,7.75,10.24,11.46,8.75,11.38
2025-12-16T18:56:04.638122,Recipe_A,506af462-4e57-4295-9af2-1d9f653511cc,16,1.0,,,,9.68,11.36,10.37,9.5,8.42,11.53
2025-12-16T18:56:05.638122,Recipe_A,506af462-4e57-4295-9af2-1d9f653511cc,16,1.0,,,,10.39,11.86,8.81,8.87,7.19,10.09
2025-12-16T18:56:06.638122,Recipe_A,506af462-4e57-4295-9af2-1d9f653511cc,16,1.0,,,,7.43,14.76,9.6,11.72,9.54,10.86
2025-12-16T18:56:07.638122,Recipe_A,506af462-4e57-4295-9af2-1d9f653511cc,16,1.0,,,,11.68,10.06,9.62,10.76,8.07,8.2
2025-12-16T18:56:08.638122,Recipe_A,506af462-4e57-4295-9af2-1d9f653511cc,16,1.0,,,,10.43,9.45,9.67,7.74,11.07,6.29
2025-12-16T18:56:09.638122,Recipe_A,506af462-4e57-4295-9af2-1d9f653511cc,16,1.0,,,,12.05,13.63,11.27,9.48,7.83,14.9
2025-12-16T18:56:10.638122,Recipe_A,506af462-4e57-4295-9af2-1d9f653511cc,16,1.0,,,,12.8,11.16,8.99,10.53,7.77,8.4
2025-12-16T18:56:11.638122,Recipe_A,506af462-4e57-4295-9af2-1d9f653511cc,16,1.0,,,,8.84,6.9,10.55,9.81,7.58,10.25
2025-12-16T18:56:12.638122,Recipe_A,506af462-4e57-4295-9af2-1d9f653511cc,16,1.0,,,,8.32,12.35,9.51,10.33,11.02,7.92
2025-12-16T18:56:13.638122,Recipe_A,506af462-4e57-4295-9af2-1d9f653511cc,16,1.0,,,,8.06,10.15,7.92,13.74,9.57,9.8
2025-12-16T18:56:14.638122,Recipe_A,506af462-4e57-4295-9af2-1d9f653511cc,16,1.0,,,,11.65,9.74,10.02,9.34,9.48,6.42
2025-12-16T18:56:15.638122,Recipe_A,506af462-4e57-4295-9af2-1d9f653511cc,16,1.0,,,,6.97,10.11,5.85,13.78,12.96,10.67
2025-12-16T18:56:16.638122,Recipe_A,506af462-4e57-4295-9af2-1d9f653511cc,16,1.0,,,,9.41,10.47,8.55,9.23,9.13,12.25
2025-12-16T18:56:17.638122,Recipe_A,506af462-4e57-4295-9af2-1d9f653511cc,16,1.0,,,,9.3,11.79,10.43,14.31,9.96,13.85
2025-12-16T18:56:18.638122,Recipe_A,506af462-4e57-4295-9af2-1d9f653511cc,16,1.0,,,,9.57,5.42,9.94,9.95,8.42,6.46
2025-12-16T18:56:19.638122,Recipe_A,506af462-4e57-4295-9af2-1d9f653511cc,16,4.0,,,,95.11,55.0,41.98,54.79,53.26,50.8
2025-12-16T18:56:20.638122,Recipe_A,506af462-4e57-4295-9af2-1d9f653511cc,16,4.0,,,,95.85,52.72,51.33,61.54,53.9,49.54
2025-12-16T18:56:21.638122,Recipe_A,506af462-4e57-4295-9af2-1d9f653511cc,16,4.0,,,,96.97,54.32,44.4,43.11,44.85,51.41
2025-12-16T18:56:22.638122,Recipe_A,506af462-4e57-4295-9af2-1d9f653511cc,16,4.0,,,,94.57,40.47,50.89,48.86,44.44,47.93
2025-12-16T18:56:23.638122,Recipe_A,506af462-4e57-4295-9af2-1d9f653511cc,16,4.0,,,,100.66,41.81,47.94,45.62,49.07,56.8
2025-12-16T18:56:24.638122,Recipe_A,506af462-4e57-4295-9af2-1d9f653511cc,16,4.0,,,,105.25,54.45,53.14,56.44,49.25,48.74
2025-12-16T18:56:25.638122,Recipe_A,506af462-4e57-4295-9af2-1d9f653511cc,16,4.0,,,,97.77,48.92,43.63,48.35,49.11,42.08
2025-12-16T18:56:26.638122,Recipe_A,506af462-4e57-4295-9af2-1d9f653511cc,16,4.0,,,,99.07,43.68,53.87,45.85,48.98,51.85
2025-12-16T18:56:27.638122,Recipe_A,506af462-4e57-4295-9af2-1d9f653511cc,16,4.0,,,,101.18,44.52,49.74,55.29,50.37,55.05
2025-12-16T18:56:28.638122,Recipe_A,506af462-4e57-4295-9af2-1d9f653511cc,16,4.0,,,,110.95,56.24,42.7,43.3,53.9,52.82
2025-12-16T18:56:29.638122,Recipe_A,506af462-4e57-4295-9af2-1d9f653511cc,16,4.0,,,,99.12,51.76,49.53,48.03,51.85,36.39
2025-12-16T18:56:30.638122,Recipe_A,506af462-4e57-4295-9af2-1d9f653511cc,16,4.0,,,,104.09,48.91,50.28,61.02,45.86,57.18
2025-12-16T18:56:31.638122,Recipe_A,506af462-4e57-4295-9af2-1d9f653511cc,16,4.0,,,,102.86,49.72,45.18,49.01,58.77,51.84
2025-12-16T18:56:32.638122,Recipe_A,506af462-4e57-4295-9af2-1d9f653511cc,16,4.0,,,,97.24,55.96,51.07,54.28,54.64,57.37
2025-12-16T18:56:33.638122,Recipe_A,506af462-4e57-4295-9af2-1d9f653511cc,16,4.0,,,,101.87,42.18,57.17,47.34,47.78,52.21
2025-12-16T18:56:34.638122,Recipe_A,506af462-4e57-4295-9af2-1d9f653511cc,16,4.0,,,,97.23,55.83,49.47,48.03,46.02,48.14
2025-12-16T18:56:35.638122,Recipe_A,506af462-4e57-4295-9af2-1d9f653511cc,16,4.0,,,,111.25,45.46,57.6,39.39,42.98,48.57
2025-12-16T18:56:36.638122,Recipe_A,506af462-4e57-4295-9af2-1d9f653511cc,16,4.0,,,,109.68,47.69,45.33,53.84,52.02,52.38
2025-12-16T18:56:37.638122,Recipe_A,506af462-4e57-4295-9af2-1d9f653511cc,16,4.0,,,,102.58,47.53,43.01,49.82,58.1,49.41
2025-12-16T18:56:38.638122,Recipe_A,506af462-4e57-4295-9af2-1d9f653511cc,16,4.0,,,,103.0,49.07,51.52,52.68,50.06,47.47
2025-12-16T18:56:39.638122,Recipe_A,506af462-4e57-4295-9af2-1d9f653511cc,16,4.0,,,,102.17,50.17,51.22,50.06,37.42,42.19
2025-12-16T18:56:40.638122,Recipe_A,506af462-4e57-4295-9af2-1d9f653511cc,16,4.0,,,,103.21,51.98,40.01,57.3,48.01,60.5
2025-12-16T18:56:41.638122,Recipe_A,506af462-4e57-4295-9af2-1d9f653511cc,16,4.0,,,,110.05,46.54,43.31,52.33,52.75,51.27
2025-12-16T18:56:42.638122,Recipe_A,506af462-4e57-4295-9af2-1d9f653511cc,16,4.0,,,,101.13,44.61,51.12,60.02,53.58,56.08
2025-12-16T18:56:43.638122,Recipe_A,506af462-4e57-4295-9af2-1d9f653511cc,16,4.0,,,,101.01,47.97,47.64,55.58,39.72,43.99
2025-12-16T18:56:44.638122,Recipe_A,506af462-4e57-4295-9af2-1d9f653511cc,16,4.0,,,,102.01,47.32,49.97,55.66,53.89,48.46
2025-12-16T18:56:45.638122,Recipe_A,506af462-4e57-4295-9af2-1d9f653511cc,16,4.0,,,,96.9,49.43,45.42,46.42,49.75,47.31
2025-12-16T18:56:46.638122,Recipe_A,506af462-4e57-4295-9af2-1d9f653511cc,16,4.0,,,,103.15,38.91,58.3,45.61,59.92,52.85
2025-12-16T18:56:47.638122,Recipe_A,506af462-4e57-4295-9af2-1d9f653511cc,16,4.0,,,,105.15,45.75,49.8,53.24,40.83,54.9
2025-12-16T18:56:48.638122,Recipe_A,506af462-4e57-4295-9af2-1d9f653511cc,16,4.0,,,,98.48,46.75,55.04,50.02,51.44,49.36
2025-12-16T18:56:49.638122,Recipe_A,506af462-4e57-4295-9af2-1d9f653511cc,16,4.0,,,,93.8,54.94,52.89,50.63,49.32,36.29
2025-12-16T18:56:50.638122,Recipe_A,506af462-4e57-4295-9af2-1d9f653511cc,16,3.0,,,,13.98,10.27,12.12,11.44,10.75,9.54
2025-12-16T18:56:51.638122,Recipe_A,506af462-4e57-4295-9af2-1d9f653511cc,16,3.0,,,,9.28,12.01,11.1,10.86,10.14,8.8
2025-12-16T18:56:52.638122,Recipe_A,506af462-4e57-4295-9af2-1d9f653511cc,16,3.0,,,,9.0,7.45,10.64,8.72,9.28,11.16
2025-12-16T18:56:53.638122,Recipe_A,506af462-4e57-4295-9af2-1d9f653511cc,16,3.0,,,,10.09,9.8,11.68,15.83,12.87,10.79
2025-12-16T18:56:54.638122,Recipe_A,506af462-4e57-4295-9af2-1d9f653511cc,16,3.0,,,,10.66,11.96,11.35,8.55,9.51,9.55
2025-12-16T18:56:55.638122,Recipe_A,506af462-4e57-4295-9af2-1d9f653511cc,16,3.0,,,,7.34,11.82,9.15,10.32,11.97,10.35
2025-12-16T18:56:56.638122,Recipe_A,506af462-4e57-4295-9af2-1d9f653511cc,16,3.0,,,,9.34,9.71,8.56,11.5,8.15,6.82
2025-12-16T18:56:57.638122,Recipe_A,506af462-4e57-4295-9af2-1d9f653511cc,16,3.0,,,,9.14,9.48,10.77,9.08,10.23,8.35
2025-12-16T18:56:58.638122,Recipe_A,506af462-4e57-4295-9af2-1d9f653511cc,16,3.0,,,,11.05,9.79,7.88,13.78,8.55,11.75
2025-12-16T18:56:59.638122,Recipe_A,506af462-4e57-4295-9af2-1d9f653511cc,16,3.0,,,,10.91,8.76,8.83,12.54,10.36,7.58
2025-12-16T18:57:00.638122,Recipe_A,506af462-4e57-4295-9af2-1d9f653511cc,16,3.0,,,,9.74,12.47,10.4,9.32,10.24,9.02
2025-12-16T18:57:01.638122,Recipe_A,506af462-4e57-4295-9af2-1d9f653511cc,16,3.0,,,,7.29,10.93,8.57,12.88,11.47,9.87
2025-12-16T18:57:02.638122,Recipe_A,506af462-4e57-4295-9af2-1d9f653511cc,16,3.0,,,,8.17,13.07,10.31,10.8,10.57,11.69
2025-12-16T18:57:03.638122,Recipe_A,506af462-4e57-4295-9af2-1d9f653511cc,16,3.0,,,,10.71,15.61,9.47,8.31,11.82,8.88
2025-12-16T18:57:04.638122,Recipe_A,506af462-4e57-4295-9af2-1d9f653511cc,16,3.0,,,,6.54,4.9,8.78,9.65,14.53,10.28
2025-12-16T18:57:05.638122,Recipe_A,506af462-4e57-4295-9af2-1d9f653511cc,16,3.0,,,,8.7,9.73,11.29,12.57,10.23,11.02
2025-12-16T18:57:06.638122,Recipe_A,506af462-4e57-4295-9af2-1d9f653511cc,16,3.0,,,,11.51,10.39,7.66,11.28,10.14,10.86
2025-12-16T18:57:07.638122,Recipe_A,506af462-4e57-4295-9af2-1d9f653511cc,16,3.0,,,,8.79,10.36,6.64,10.17,9.78,7.26
2025-12-16T18:57:08.638122,Recipe_A,506af462-4e57-4295-9af2-1d9f653511cc,16,3.0,,,,10.94,7.43,12.32,7.51,7.4,8.27
2025-12-16T18:57:09.638122,Recipe_A,506af462-4e57-4295-9af2-1d9f653511cc,16,2.0,,,,9.4,9.6,11.44,12.65,10.67,10.34
2025-12-16T18:57:10.638122,Recipe_A,506af462-4e57-4295-9af2-1d9f653511cc,16,2.0,,,,10.96,6.23,10.87,12.24,7.91,14.56
2025-12-16T18:57:11.638122,Recipe_A,506af462-4e57-4295-9af2-1d9f653511cc,16,2.0,,,,10.46,10.89,12.07,13.0,8.86,10.17
2025-12-16T18:57:12.638122,Recipe_A,506af462-4e57-4295-9af2-1d9f653511cc,16,2.0,,,,10.08,9.9,6.99,6.91,11.01,10.22
2025-12-16T18:57:13.638122,Recipe_A,506af462-4e57-4295-9af2-1d9f653511cc,16,2.0,,,,9.08,9.71,7.11,12.04,4.49,11.65
2025-12-16T18:57:14.638122,Recipe_A,506af462-4e57-4295-9af2-1d9f653511cc,16,2.0,,,,10.32,11.2,9.75,10.88,9.14,9.99
2025-12-16T18:57:15.638122,Recipe_A,506af462-4e57-4295-9af2-1d9f653511cc,16,2.0,,,,10.62,10.04,9.46,6.81,7.82,7.93
2025-12-16T18:57:16.638122,Recipe_A,506af462-4e57-4295-9af2-1d9f653511cc,16,2.0,,,,9.79,11.32,7.14,8.62,10.86,10.42
2025-12-16T18:57:17.638122,Recipe_A,506af462-4e57-4295-9af2-1d9f653511cc,16,2.0,,,,9.75,13.72,8.37,14.1,9.27,7.7
2025-12-16T18:57:18.638122,Recipe_A,506af462-4e57-4295-9af2-1d9f653511cc,16,2.0,,,,8.78,9.58,7.97,11.11,10.89,9.49
2025-12-16T18:57:19.638122,Recipe_A,506af462-4e57-4295-9af2-1d9f653511cc,16,2.0,,,,12.59,11.37,9.19,10.72,9.4,13.63
2025-12-16T18:57:20.638122,Recipe_A,506af462-4e57-4295-9af2-1d9f653511cc,16,2.0,,,,11.51,12.13,10.61,9.15,11.14,3.82
2025-12-16T18:57:21.638122,Recipe_A,506af462-4e57-4295-9af2-1d9f653511cc,16,2.0,,,,7.59,11.89,6.59,10.3,9.04,11.22
2025-12-16T18:57:22.638122,Recipe_A,506af462-4e57-4295-9af2-1d9f653511cc,16,2.0,,,,5.09,10.45,8.87,8.17,9.07,10.62
2025-12-16T18:57:23.638122,Recipe_A,506af462-4e57-4295-9af2-1d9f653511cc,16,2.0,,,,10.53,9.93,14.05,14.71,10.3,12.61
2025-12-16T18:57:24.638122,Recipe_A,506af462-4e57-4295-9af2-1d9f653511cc,16,2.0,,,,13.13,12.05,9.79,10.95,10.76,11.47
2025-12-16T18:57:25.638122,Recipe_A,506af462-4e57-4295-9af2-1d9f653511cc,16,2.0,,,,10.85,11.81,10.65,9.75,11.31,11.58
2025-12-16T18:57:26.638122,Recipe_A,506af462-4e57-4295-9af2-1d9f653511cc,16,2.0,,,,8.1,10.92,10.4,8.96,6.54,9.98
2025-12-16T18:57:27.638122,Recipe_A,506af462-4e57-4295-9af2-1d9f653511cc,16,2.0,,,,15.92,11.74,11.49,8.2,10.6,9.51
2025-12-16T18:57:28.638122,Recipe_A,506af462-4e57-4295-9af2-1d9f653511cc,16,2.0,,,,9.67,10.28,11.18,10.01,9.39,13.35
2025-12-16T18:57:29.638122,Recipe_A,506af462-4e57-4295-9af2-1d9f653511cc,16,2.0,,,,10.82,10.61,11.49,11.13,9.91,10.14
2025-12-16T18:57:30.638122,Recipe_A,506af462-4e57-4295-9af2-1d9f653511cc,16,2.0,,,,10.25,8.17,9.28,10.29,6.63,10.61
2025-12-16T18:57:31.638122,Recipe_A,506af462-4e57-4295-9af2-1d9f653511cc,16,2.0,,,,8.65,10.24,10.33,10.79,13.0,11.36
2025-12-16T18:57:32.638122,Recipe_A,506af462-4e57-4295-9af2-1d9f653511cc,16,2.0,,,,9.44,11.44,8.14,9.42,8.78,6.61
2025-12-16T18:57:33.638122,Recipe_A,506af462-4e57-4295-9af2-1d9f653511cc,16,2.0,,,,8.38,12.29,8.79,7.05,13.66,9.85
2025-12-16T18:57:34.638122,Recipe_A,506af462-4e57-4295-9af2-1d9f653511cc,16,2.0,,,,10.36,11.44,9.88,8.35,7.6,7.63
2025-12-16T18:57:35.638122,Recipe_A,506af462-4e57-4295-9af2-1d9f653511cc,16,2.0,,,,12.16,9.84,12.22,6.86,8.47,12.83
2025-12-16T18:57:36.638122,Recipe_A,506af462-4e57-4295-9af2-1d9f653511cc,16,2.0,,,,12.14,10.99,9.79,8.62,9.03,5.47
2025-12-16T18:57:37.638122,Recipe_A,506af462-4e57-4295-9af2-1d9f653511cc,16,2.0,,,,8.02,8.81,11.63,12.02,9.5,7.73
2025-12-16T18:57:38.638122,Recipe_A,506af462-4e57-4295-9af2-1d9f653511cc,16,2.0,,,,9.84,11.83,11.05,11.46,8.93,6.1
2025-12-16T18:57:39.638122,Recipe_A,506af462-4e57-4295-9af2-1d9f653511cc,16,2.0,,,,8.4,6.62,12.28,11.61,8.46,10.07
2025-12-16T18:57:40.638122,Recipe_A,506af462-4e57-4295-9af2-1d9f653511cc,16,2.0,,,,8.88,9.63,10.16,9.03,11.18,6.78
2025-12-16T18:57:41.638122,Recipe_A,506af462-4e57-4295-9af2-1d9f653511cc,16,2.0,,,,9.68,9.28,8.82,11.42,8.66,10.85
2025-12-16T18:57:42.638122,Recipe_A,506af462-4e57-4295-9af2-1d9f653511cc,16,2.0,,,,6.34,11.01,10.78,10.21,9.48,13.73
2025-12-16T18:57:43.638122,Recipe_A,506af462-4e57-4295-9af2-1d9f653511cc,16,2.0,,,,8.12,11.89,10.15,9.86,8.52,12.0
2025-12-16T18:57:44.638122,Recipe_A,506af462-4e57-4295-9af2-1d9f653511cc,16,2.0,,,,7.31,13.19,7.85,10.89,12.33,5.7
2025-12-16T18:57:45.638122,Recipe_A,506af462-4e57-4295-9af2-1d9f653511cc,16,2.0,,,,13.23,6.78,11.45,10.23,9.88,7.59
2025-12-16T18:57:46.638122,Recipe_A,506af462-4e57-4295-9af2-1d9f653511cc,16,2.0,,,,12.45,11.31,9.3,12.34,4.5,9.08
2025-12-16T18:57:47.638122,Recipe_A,506af462-4e57-4295-9af2-1d9f653511cc,16,2.0,,,,6.08,8.22,7.48,12.45,9.86,7.24
2025-12-16T18:57:48.638122,Recipe_A,506af462-4e57-4295-9af2-1d9f653511cc,16,2.0,,,,14.33,8.59,7.34,12.39,9.06,8.99
2025-12-16T18:57:49.638122,Recipe_A,506af462-4e57-4295-9af2-1d9f653511cc,16,2.0,,,,9.52,7.04,11.5,10.79,9.96,7.43
2025-12-16T18:57:50.638122,Recipe_A,506af462-4e57-4295-9af2-1d9f653511cc,16,2.0,,,,8.92,12.6,11.54,9.31,8.94,10.55
2025-12-16T18:57:51.638122,Recipe_A,506af462-4e57-4295-9af2-1d9f653511cc,16,2.0,,,,7.67,8.63,10.26,8.49,12.21,10.69
2025-12-16T18:57:52.638122,Recipe_A,506af462-4e57-4295-9af2-1d9f653511cc,16,2.0,,,,12.74,7.7,13.34,9.51,12.96,10.08
2025-12-16T18:57:53.638122,Recipe_A,506af462-4e57-4295-9af2-1d9f653511cc,16,2.0,,,,12.81,12.15,9.55,9.78,10.72,10.27
2025-12-16T18:57:54.638122,Recipe_A,506af462-4e57-4295-9af2-1d9f653511cc,16,2.0,,,,10.6,12.67,12.77,11.12,8.82,4.46
2025-12-16T18:57:55.638122,Recipe_A,506af462-4e57-4295-9af2-1d9f653511cc,16,2.0,,,,7.26,8.38,12.75,9.06,8.46,6.96
2025-12-16T18:57:56.638122,Recipe_A,506af462-4e57-4295-9af2-1d9f653511cc,16,2.0,,,,10.02,8.3,9.39,7.05,11.79,7.48
2025-12-16T18:57:57.638122,Recipe_A,506af462-4e57-4295-9af2-1d9f653511cc,16,2.0,,,,8.71,8.0,9.93,8.49,8.61,11.46
2025-12-16T18:57:58.638122,Recipe_A,506af462-4e57-4295-9af2-1d9f653511cc,16,2.0,,,,11.18,12.39,8.61,10.69,11.73,9.43
2025-12-16T18:57:59.638122,Recipe_A,506af462-4e57-4295-9af2-1d9f653511cc,16,2.0,,,,9.94,11.72,9.0,8.1,10.97,7.67
2025-12-16T18:58:00.638122,Recipe_A,506af462-4e57-4295-9af2-1d9f653511cc,16,2.0,,,,9.99,8.83,7.82,10.24,9.91,8.19
2025-12-16T18:58:01.638122,Recipe_A,506af462-4e57-4295-9af2-1d9f653511cc,16,2.0,,,,8.96,10.47,9.58,11.22,9.01,10.56
2025-12-16T18:58:02.638122,Recipe_A,506af462-4e57-4295-9af2-1d9f653511cc,16,2.0,,,,7.34,11.27,12.05,11.66,8.97,6.92
2025-12-16T18:58:03.638122,Recipe_A,506af462-4e57-4295-9af2-1d9f653511cc,16,2.0,,,,8.01,13.22,5.94,7.09,9.85,9.91
2025-12-16T18:58:04.638122,Recipe_A,506af462-4e57-4295-9af2-1d9f653511cc,16,2.0,,,,13.31,10.02,11.26,12.7,11.86,10.41
2025-12-16T18:58:05.638122,Recipe_A,506af462-4e57-4295-9af2-1d9f653511cc,16,2.0,,,,8.99,8.43,10.87,10.95,9.42,12.75
2025-12-16T18:58:06.638122,Recipe_A,506af462-4e57-4295-9af2-1d9f653511cc,16,2.0,,,,11.85,12.01,10.72,12.36,11.49,9.43
2025-12-16T18:58:07.638122,Recipe_A,506af462-4e57-4295-9af2-1d9f653511cc,16,2.0,,,,9.0,9.48,9.25,10.74,8.32,11.13
2025-12-16T18:58:08.638122,Recipe_A,506af462-4e57-4295-9af2-1d9f653511cc,16,2.0,,,,9.55,11.3,8.25,7.65,11.49,8.05
2025-12-16T18:58:09.638122,Recipe_A,506af462-4e57-4295-9af2-1d9f653511cc,16,2.0,,,,12.25,10.03,9.09,12.29,9.39,10.02
2025-12-16T18:58:10.638122,Recipe_A,506af462-4e57-4295-9af2-1d9f653511cc,16,2.0,,,,7.72,8.28,10.42,8.75,8.97,8.72
2025-12-16T18:58:11.638122,Recipe_A,506af462-4e57-4295-9af2-1d9f653511cc,16,2.0,,,,11.74,7.56,7.54,12.25,9.47,8.3
2025-12-16T18:58:12.638122,Recipe_A,506af462-4e57-4295-9af2-1d9f653511cc,16,2.0,,,,9.48,8.4,9.33,10.66,9.63,10.88
2025-12-16T18:58:13.638122,Recipe_A,506af462-4e57-4295-9af2-1d9f653511cc,16,2.0,,,,13.09,12.44,7.59,10.8,6.79,12.25
2025-12-16T18:58:14.638122,Recipe_A,506af462-4e57-4295-9af2-1d9f653511cc,16,2.0,,,,12.51,11.98,11.03,9.22,10.51,5.67
2025-12-16T18:58:15.638122,Recipe_A,506af462-4e57-4295-9af2-1d9f653511cc,16,3.0,,,,9.87,11.09,11.94,14.33,4.84,11.64
2025-12-16T18:58:16.638122,Recipe_A,506af462-4e57-4295-9af2-1d9f653511cc,16,3.0,,,,11.23,9.77,11.04,7.91,12.24,9.34
2025-12-16T18:58:17.638122,Recipe_A,506af462-4e57-4295-9af2-1d9f653511cc,16,3.0,,,,12.58,10.23,7.22,10.01,9.11,11.63
2025-12-16T18:58:18.638122,Recipe_A,506af462-4e57-4295-9af2-1d9f653511cc,16,3.0,,,,9.26,5.88,13.7,5.6,6.74,10.72
2025-12-16T18:58:19.638122,Recipe_A,506af462-4e57-4295-9af2-1d9f653511cc,16,3.0,,,,12.27,9.75,8.54,11.93,10.94,7.57
2025-12-16T18:58:20.638122,Recipe_A,506af462-4e57-4295-9af2-1d9f653511cc,16,3.0,,,,12.28,11.42,11.39,11.0,12.53,10.27
2025-12-16T18:58:21.638122,Recipe_A,506af462-4e57-4295-9af2-1d9f653511cc,16,3.0,,,,10.93,7.56,8.99,8.74,10.59,10.99
2025-12-16T18:58:22.638122,Recipe_A,506af462-4e57-4295-9af2-1d9f653511cc,16,3.0,,,,9.82,9.03,9.39,8.23,7.2,11.51
2025-12-16T18:58:23.638122,Recipe_A,506af462-4e57-4295-9af2-1d9f653511cc,16,3.0,,,,8.16,9.74,9.48,11.53,11.95,10.04
2025-12-16T18:58:24.638122,Recipe_A,506af462-4e57-4295-9af2-1d9f653511cc,16,3.0,,,,10.93,9.89,11.33,9.86,11.93,8.82
2025-12-16T18:58:25.638122,Recipe_A,506af462-4e57-4295-9af2-1d9f653511cc,16,3.0,,,,7.99,10.05,13.65,10.17,10.12,5.32
2025-12-16T18:58:26.638122,Recipe_A,506af462-4e57-4295-9af2-1d9f653511cc,16,3.0,,,,13.66,8.58,9.99,11.46,9.47,11.07
2025-12-16T18:58:27.638122,Recipe_A,506af462-4e57-4295-9af2-1d9f653511cc,16,3.0,,,,11.77,10.4,10.47,10.33,7.99,12.64
2025-12-16T18:58:28.638122,Recipe_A,506af462-4e57-4295-9af2-1d9f653511cc,16,3.0,,,,10.29,11.97,8.79,11.28,9.64,10.72
2025-12-16T18:58:29.638122,Recipe_A,506af462-4e57-4295-9af2-1d9f653511cc,16,3.0,,,,9.32,10.14,14.32,9.45,10.95,10.72
2025-12-16T18:58:30.638122,Recipe_A,506af462-4e57-4295-9af2-1d9f653511cc,16,3.0,,,,5.68,11.16,8.85,10.69,9.06,8.96
2025-12-16T18:58:31.638122,Recipe_A,506af462-4e57-4295-9af2-1d9f653511cc,16,3.0,,,,13.25,10.11,10.48,9.15,9.48,11.13
2025-12-16T18:58:32.638122,Recipe_A,506af462-4e57-4295-9af2-1d9f653511cc,16,3.0,,,,11.28,12.05,9.15,10.85,10.0,10.43
2025-12-16T18:58:33.638122,Recipe_A,506af462-4e57-4295-9af2-1d9f653511cc,16,3.0,,,,8.41,9.06,8.15,10.23,9.63,11.12
2025-12-16T18:58:34.638122,Recipe_A,506af462-4e57-4295-9af2-1d9f653511cc,16,3.0,,,,4.73,7.3,10.6,10.09,12.18,10.89
2025-12-16T18:58:35.638122,Recipe_A,506af462-4e57-4295-9af2-1d9f653511cc,16,3.0,,,,11.94,7.84,9.54,7.9,10.25,9.46
2025-12-16T18:58:36.638122,Recipe_A,506af462-4e57-4295-9af2-1d9f653511cc,16,3.0,,,,10.63,7.68,9.19,13.09,10.39,7.38
2025-12-16T18:58:37.638122,Recipe_A,506af462-4e57-4295-9af2-1d9f653511cc,16,3.0,,,,10.81,7.64,10.77,9.46,9.05,9.86
2025-12-16T18:58:38.638122,Recipe_A,506af462-4e57-4295-9af2-1d9f653511cc,16,3.0,,,,9.24,12.92,9.97,11.27,10.94,9.65
2025-12-16T18:58:39.638122,Recipe_A,506af462-4e57-4295-9af2-1d9f653511cc,16,3.0,,,,7.67,9.56,10.89,6.9,7.09,13.26
2025-12-16T18:58:40.638122,Recipe_A,506af462-4e57-4295-9af2-1d9f653511cc,16,3.0,,,,12.31,7.34,8.72,8.6,10.54,9.04
2025-12-16T18:58:41.638122,Recipe_A,506af462-4e57-4295-9af2-1d9f653511cc,16,3.0,,,,12.78,7.46,8.72,8.93,10.57,11.96
2025-12-16T18:58:42.638122,Recipe_A,506af462-4e57-4295-9af2-1d9f653511cc,16,3.0,,,,8.87,9.27,6.68,10.4,6.97,7.16
2025-12-16T18:58:43.638122,Recipe_A,506af462-4e57-4295-9af2-1d9f653511cc,16,3.0,,,,9.77,12.14,8.4,10.48,8.68,7.18
2025-12-16T18:58:44.638122,Recipe_A,506af462-4e57-4295-9af2-1d9f653511cc,16,3.0,,,,6.12,6.57,7.91,7.96,11.45,12.66
2025-12-16T18:58:45.638122,Recipe_A,506af462-4e57-4295-9af2-1d9f653511cc,16,3.0,,,,11.86,7.33,8.68,12.71,11.77,7.81
2025-12-16T18:58:46.638122,Recipe_A,506af462-4e57-4295-9af2-1d9f653511cc,16,3.0,,,,10.56,12.77,7.7,8.81,7.53,11.74
2025-12-16T18:58:47.638122,Recipe_A,506af462-4e57-4295-9af2-1d9f653511cc,16,3.0,,,,10.43,10.03,9.17,11.92,11.72,9.92
2025-12-16T18:58:48.638122,Recipe_A,506af462-4e57-4295-9af2-1d9f653511cc,16,3.0,,,,13.18,9.72,11.04,10.88,10.83,10.06
2025-12-16T18:58:49.638122,Recipe_A,506af462-4e57-4295-9af2-1d9f653511cc,16,3.0,,,,11.88,7.08,10.51,12.6,8.65,9.14
2025-12-16T18:58:50.638122,Recipe_A,506af462-4e57-4295-9af2-1d9f653511cc,16,3.0,,,,10.19,10.53,12.44,7.84,13.16,12.92
2025-12-16T18:58:51.638122,Recipe_A,506af462-4e57-4295-9af2-1d9f653511cc,16,3.0,,,,9.96,10.4,13.35,11.28,8.76,6.68
2025-12-16T18:58:52.638122,Recipe_A,506af462-4e57-4295-9af2-1d9f653511cc,16,3.0,,,,10.38,12.13,6.26,12.09,6.62,9.44
2025-12-16T18:58:53.638122,Recipe_A,506af462-4e57-4295-9af2-1d9f653511cc,16,3.0,,,,7.98,8.04,7.39,10.67,14.5,11.91
2025-12-16T18:58:54.638122,Recipe_A,506af462-4e57-4295-9af2-1d9f653511cc,16,3.0,,,,8.74,7.82,8.48,10.59,10.25,11.05
2025-12-16T18:58:55.638122,Recipe_A,506af462-4e57-4295-9af2-1d9f653511cc,16,3.0,,,,10.46,12.22,8.55,10.56,13.22,9.35
2025-12-16T18:58:56.638122,Recipe_A,506af462-4e57-4295-9af2-1d9f653511cc,16,3.0,,,,7.03,10.15,8.7,9.07,14.24,10.19
2025-12-16T18:58:57.638122,Recipe_A,506af462-4e57-4295-9af2-1d9f653511cc,16,3.0,,,,7.53,10.58,13.24,9.3,9.94,10.01
2025-12-16T18:58:58.638122,Recipe_A,506af462-4e57-4295-9af2-1d9f653511cc,16,3.0,,,,10.7,9.81,7.49,14.12,9.43,11.91
2025-12-16T18:58:59.638122,Recipe_A,506af462-4e57-4295-9af2-1d9f653511cc,16,3.0,,,,8.94,9.08,11.35,10.79,8.64,10.57
2025-12-16T18:59:00.638122,Recipe_A,506af462-4e57-4295-9af2-1d9f653511cc,16,3.0,,,,6.19,7.81,10.67,8.7,10.21,8.06
2025-12-16T18:59:01.638122,Recipe_A,506af462-4e57-4295-9af2-1d9f653511cc,16,5.0,,,,11.33,7.03,13.7,10.26,9.89,9.31
2025-12-16T18:59:02.638122,Recipe_A,506af462-4e57-4295-9af2-1d9f653511cc,16,5.0,,,,12.16,7.17,11.3,10.75,7.53,10.32
2025-12-16T18:59:03.638122,Recipe_A,506af462-4e57-4295-9af2-1d9f653511cc,16,5.0,,,,10.75,9.09,11.12,8.95,10.37,9.4
2025-12-16T18:59:04.638122,Recipe_A,506af462-4e57-4295-9af2-1d9f653511cc,16,5.0,,,,11.14,10.96,12.58,11.24,10.47,9.48
2025-12-16T18:59:05.638122,Recipe_A,506af462-4e57-4295-9af2-1d9f653511cc,16,5.0,,,,14.02,9.29,10.57,10.25,12.5,10.18
2025-12-16T18:59:06.638122,Recipe_A,506af462-4e57-4295-9af2-1d9f653511cc,16,5.0,,,,9.68,10.8,11.23,13.59,10.77,9.95
2025-12-16T18:59:07.638122,Recipe_A,506af462-4e57-4295-9af2-1d9f653511cc,16,5.0,,,,10.59,10.26,12.85,10.55,11.72,5.64
2025-12-16T18:59:08.638122,Recipe_A,506af462-4e57-4295-9af2-1d9f653511cc,16,5.0,,,,12.45,8.74,12.89,9.76,8.18,7.38
2025-12-16T18:59:09.638122,Recipe_A,506af462-4e57-4295-9af2-1d9f653511cc,16,5.0,,,,11.18,11.46,11.65,10.42,7.49,11.13
2025-12-16T18:59:10.638122,Recipe_A,506af462-4e57-4295-9af2-1d9f653511cc,16,5.0,,,,10.73,8.97,8.09,5.67,9.24,7.73
2025-12-16T18:59:11.638122,Recipe_A,506af462-4e57-4295-9af2-1d9f653511cc,16,5.0,,,,8.15,7.99,7.99,13.14,7.69,11.18
2025-12-16T18:59:12.638122,Recipe_A,506af462-4e57-4295-9af2-1d9f653511cc,16,1.0,,,,10.5,10.87,13.71,9.82,11.49,9.98
2025-12-16T18:59:13.638122,Recipe_A,506af462-4e57-4295-9af2-1d9f653511cc,16,1.0,,,,9.86,7.63,10.37,6.33,8.35,5.47
2025-12-16T18:59:14.638122,Recipe_A,506af462-4e57-4295-9af2-1d9f653511cc,16,1.0,,,,9.04,8.46,13.34,11.15,9.84,8.61
2025-12-16T18:59:15.638122,Recipe_A,506af462-4e57-4295-9af2-1d9f653511cc,16,1.0,,,,5.18,7.42,9.25,11.0,7.71,6.76
2025-12-16T18:59:16.638122,Recipe_A,506af462-4e57-4295-9af2-1d9f653511cc,16,1.0,,,,8.75,6.58,11.27,10.05,9.65,8.89
2025-12-16T18:59:17.638122,Recipe_A,506af462-4e57-4295-9af2-1d9f653511cc,16,1.0,,,,10.52,10.81,9.37,12.74,11.68,9.43
2025-12-16T18:59:18.638122,Recipe_A,506af462-4e57-4295-9af2-1d9f653511cc,16,1.0,,,,12.7,9.65,8.01,13.1,13.72,11.63
2025-12-16T18:59:19.638122,Recipe_A,506af462-4e57-4295-9af2-1d9f653511cc,16,1.0,,,,7.99,12.43,10.82,9.95,10.6,9.75
2025-12-16T18:59:20.638122,Recipe_A,506af462-4e57-4295-9af2-1d9f653511cc,16,1.0,,,,9.4,8.98,9.62,9.66,11.77,10.82
2025-12-16T18:59:21.638122,Recipe_A,506af462-4e57-4295-9af2-1d9f653511cc,16,1.0,,,,9.13,8.85,13.24,11.95,9.16,11.09
2025-12-16T18:59:22.638122,Recipe_A,506af462-4e57-4295-9af2-1d9f653511cc,16,1.0,,,,11.33,7.87,8.81,9.33,8.85,10.24
2025-12-16T18:59:23.638122,Recipe_A,506af462-4e57-4295-9af2-1d9f653511cc,16,1.0,,,,10.35,9.16,9.75,12.1,8.77,5.56
2025-12-16T18:59:24.638122,Recipe_A,506af462-4e57-4295-9af2-1d9f653511cc,16,1.0,,,,9.93,8.76,9.28,10.15,3.87,9.61
2025-12-16T18:59:25.638122,Recipe_A,506af462-4e57-4295-9af2-1d9f653511cc,16,1.0,,,,10.12,13.04,11.49,11.74,9.3,10.91
2025-12-16T18:59:26.638122,Recipe_A,506af462-4e57-4295-9af2-1d9f653511cc,16,1.0,,,,10.6,5.39,9.27,10.86,9.51,10.73
2025-12-16T18:59:27.638122,Recipe_A,506af462-4e57-4295-9af2-1d9f653511cc,16,1.0,,,,14.43,11.42,14.66,13.25,9.07,7.48
2025-12-16T18:59:28.638122,Recipe_A,506af462-4e57-4295-9af2-1d9f653511cc,16,1.0,,,,8.95,8.99,13.06,7.28,9.31,9.61
2025-12-16T18:59:29.638122,Recipe_A,506af462-4e57-4295-9af2-1d9f653511cc,16,1.0,,,,8.77,11.32,8.96,12.57,8.73,8.48
2025-12-16T18:59:30.638122,Recipe_A,506af462-4e57-4295-9af2-1d9f653511cc,16,1.0,,,,12.38,8.22,9.29,13.16,9.8,12.83
2025-12-16T18:59:31.638122,Recipe_A,506af462-4e57-4295-9af2-1d9f653511cc,16,1.0,,,,4.07,7.53,8.74,9.44,8.27,7.02
2025-12-16T18:59:32.638122,Recipe_A,506af462-4e57-4295-9af2-1d9f653511cc,16,1.0,,,,8.02,10.41,10.44,8.73,8.51,12.97
2025-12-16T18:59:33.638122,Recipe_A,506af462-4e57-4295-9af2-1d9f653511cc,16,0.0,,,,0.0,0.0,0.0,0.0,0.0,0.0
2025-12-16T18:59:34.638122,Recipe_A,506af462-4e57-4295-9af2-1d9f653511cc,16,0.0,,,,0.0,0.0,0.0,0.0,0.0,0.0
2025-12-16T18:59:35.638122,Recipe_A,506af462-4e57-4295-9af2-1d9f653511cc,16,0.0,,,,0.0,0.0,0.0,0.0,0.0,0.0
2025-12-16T18:59:36.638122,Recipe_A,506af462-4e57-4295-9af2-1d9f653511cc,16,0.0,,,,0.0,0.0,0.0,0.0,0.0,0.0
2025-12-16T18:59:37.638122,Recipe_A,506af462-4e57-4295-9af2-1d9f653511cc,16,0.0,,,,0.0,0.0,0.0,0.0,0.0,0.0
2025-12-16T18:59:38.638122,Recipe_A,506af462-4e57-4295-9af2-1d9f653511cc,16,0.0,,,,0.0,0.0,0.0,0.0,0.0,0.0
2025-12-16T18:59:39.638122,Recipe_A,506af462-4e57-4295-9af2-1d9f653511cc,16,0.0,,,,0.0,0.0,0.0,0.0,0.0,0.0
2025-12-16T18:59:40.638122,Recipe_A,506af462-4e57-4295-9af2-1d9f653511cc,16,0.0,,,,0.0,0.0,0.0,0.0,0.0,0.0
2025-12-16T18:59:41.638122,Recipe_A,506af462-4e57-4295-9af2-1d9f653511cc,16,2.0,,,,7.67,8.94,10.25,9.56,9.26,9.81
2025-12-16T18:59:42.638122,Recipe_A,506af462-4e57-4295-9af2-1d9f653511cc,16,1.0,,,,10.4,13.34,9.65,6.5,9.66,8.56
2025-12-16T18:59:43.638122,Recipe_A,506af462-4e57-4295-9af2-1d9f653511cc,16,1.0,,,,12.07,6.64,11.59,14.8,11.04,9.58
2025-12-16T18:59:44.638122,Recipe_A,506af462-4e57-4295-9af2-1d9f653511cc,16,1.0,,,,11.04,8.46,9.75,11.98,11.4,8.7
2025-12-16T18:59:45.638122,Recipe_A,506af462-4e57-4295-9af2-1d9f653511cc,16,1.0,,,,11.59,6.77,12.05,9.29,12.57,9.63
2025-12-16T18:59:46.638122,Recipe_A,506af462-4e57-4295-9af2-1d9f653511cc,16,1.0,,,,11.85,5.47,11.08,9.16,7.89,11.62
2025-12-16T18:59:47.638122,Recipe_A,506af462-4e57-4295-9af2-1d9f653511cc,16,1.0,,,,7.35,8.54,8.59,13.18,8.67,10.59
2025-12-16T18:59:48.638122,Recipe_A,506af462-4e57-4295-9af2-1d9f653511cc,16,1.0,,,,10.41,10.64,8.7,12.19,11.43,12.07
2025-12-16T18:59:49.638122,Recipe_A,506af462-4e57-4295-9af2-1d9f653511cc,16,1.0,,,,7.53,11.21,11.8,9.24,10.04,10.9
2025-12-16T18:59:50.638122,Recipe_A,506af462-4e57-4295-9af2-1d9f653511cc,16,1.0,,,,9.22,6.54,9.59,9.72,10.53,10.71
2025-12-16T18:59:51.638122,Recipe_A,506af462-4e57-4295-9af2-1d9f653511cc,16,1.0,,,,6.95,11.47,9.87,10.72,8.8,7.93
2025-12-16T18:59:52.638122,Recipe_A,506af462-4e57-4295-9af2-1d9f653511cc,16,1.0,,,,9.71,7.04,9.55,9.98,13.82,10.21
2025-12-16T18:59:53.638122,Recipe_A,506af462-4e57-4295-9af2-1d9f653511cc,16,1.0,,,,8.17,10.65,9.38,5.88,11.33,8.96
2025-12-16T18:59:54.638122,Recipe_A,506af462-4e57-4295-9af2-1d9f653511cc,16,1.0,,,,11.06,7.62,4.76,13.44,10.45,10.01
2025-12-16T18:59:55.638122,Recipe_A,506af462-4e57-4295-9af2-1d9f653511cc,16,1.0,,,,9.5,10.13,11.1,10.41,10.0,8.14
2025-12-16T18:59:56.638122,Recipe_A,506af462-4e57-4295-9af2-1d9f653511cc,16,1.0,,,,10.24,8.17,8.33,9.69,8.29,9.2
2025-12-16T18:59:57.638122,Recipe_A,506af462-4e57-4295-9af2-1d9f653511cc,16,4.0,,,,101.96,58.46,45.0,49.56,53.97,42.25
2025-12-16T18:59:58.638122,Recipe_A,506af462-4e57-4295-9af2-1d9f653511cc,16,4.0,,,,101.96,42.15,50.61,48.74,50.0,56.71
2025-12-16T18:59:59.638122,Recipe_A,506af462-4e57-4295-9af2-1d9f653511cc,16,4.0,,,,89.04,55.48,54.63,43.95,50.11,47.18
2025-12-16T19:00:00.638122,Recipe_A,506af462-4e57-4295-9af2-1d9f653511cc,16,4.0,,,,109.21,52.03,60.44,36.71,46.73,45.21
2025-12-16T19:00:01.638122,Recipe_A,506af462-4e57-4295-9af2-1d9f653511cc,16,4.0,,,,103.91,51.68,58.69,44.22,52.32,51.62
2025-12-16T19:00:02.638122,Recipe_A,506af462-4e57-4295-9af2-1d9f653511cc,16,4.0,,,,96.6,44.94,48.36,43.61,50.56,53.53
2025-12-16T19:00:03.638122,Recipe_A,506af462-4e57-4295-9af2-1d9f653511cc,16,4.0,,,,93.67,56.51,41.7,41.62,52.97,51.93
2025-12-16T19:00:04.638122,Recipe_A,506af462-4e57-4295-9af2-1d9f653511cc,16,4.0,,,,101.26,55.47,46.81,54.05,47.5,53.09
2025-12-16T19:00:05.638122,Recipe_A,506af462-4e57-4295-9af2-1d9f653511cc,16,4.0,,,,102.98,50.43,50.66,52.09,46.97,51.14
2025-12-16T19:00:06.638122,Recipe_A,506af462-4e57-4295-9af2-1d9f653511cc,16,4.0,,,,93.33,52.73,46.65,47.28,45.19,42.72
2025-12-16T19:00:07.638122,Recipe_A,506af462-4e57-4295-9af2-1d9f653511cc,16,4.0,,,,103.92,62.54,45.02,48.04,44.93,53.34
2025-12-16T19:00:08.638122,Recipe_A,506af462-4e57-4295-9af2-1d9f653511cc,16,4.0,,,,106.71,50.26,47.95,44.38,54.94,47.57
2025-12-16T19:00:09.638122,Recipe_A,506af462-4e57-4295-9af2-1d9f653511cc,16,4.0,,,,100.94,44.63,44.41,41.99,43.79,55.68
2025-12-16T19:00:10.638122,Recipe_A,506af462-4e57-4295-9af2-1d9f653511cc,16,4.0,,,,101.39,50.34,51.21,49.71,53.14,50.8
2025-12-16T19:00:11.638122,Recipe_A,506af462-4e57-4295-9af2-1d9f653511cc,16,4.0,,,,103.78,57.34,42.12,51.81,51.64,58.96
2025-12-16T19:00:12.638122,Recipe_A,506af462-4e57-4295-9af2-1d9f653511cc,16,4.0,,,,99.3,46.24,47.57,52.14,58.86,50.84
2025-12-16T19:00:13.638122,Recipe_A,506af462-4e57-4295-9af2-1d9f653511cc,16,4.0,,,,102.81,52.13,53.41,57.9,48.88,50.82
2025-12-16T19:00:14.638122,Recipe_A,506af462-4e57-4295-9af2-1d9f653511cc,16,4.0,,,,102.42,49.64,58.38,57.82,51.77,47.03
2025-12-16T19:00:15.638122,Recipe_A,506af462-4e57-4295-9af2-1d9f653511cc,16,4.0,,,,106.46,37.31,47.23,53.46,48.21,45.74
2025-12-16T19:00:16.638122,Recipe_A,506af462-4e57-4295-9af2-1d9f653511cc,16,4.0,,,,94.35,48.56,54.94,40.57,37.09,55.02
2025-12-16T19:00:17.638122,Recipe_A,506af462-4e57-4295-9af2-1d9f653511cc,16,4.0,,,,96.66,47.28,48.17,43.44,46.51,48.19
2025-12-16T19:00:18.638122,Recipe_A,506af462-4e57-4295-9af2-1d9f653511cc,16,4.0,,,,102.36,51.11,48.83,47.94,52.98,49.18
2025-12-16T19:00:19.638122,Recipe_A,506af462-4e57-4295-9af2-1d9f653511cc,16,4.0,,,,109.19,48.14,51.31,54.08,50.97,54.44
2025-12-16T19:00:20.638122,Recipe_A,506af462-4e57-4295-9af2-1d9f653511cc,16,4.0,,,,98.41,52.2,56.0,44.52,54.84,52.3
2025-12-16T19:00:21.638122,Recipe_A,506af462-4e57-4295-9af2-1d9f653511cc,16,4.0,,,,95.13,43.78,54.47,48.92,52.31,48.14
2025-12-16T19:00:22.638122,Recipe_A,506af462-4e57-4295-9af2-1d9f653511cc,16,4.0,,,,94.65,55.58,53.91,53.46,47.39,44.86
2025-12-16T19:00:23.638122,Recipe_A,506af462-4e57-4295-9af2-1d9f653511cc,16,4.0,,,,101.91,52.97,51.41,57.35,54.12,50.9
2025-12-16T19:00:24.638122,Recipe_A,506af462-4e57-4295-9af2-1d9f653511cc,16,4.0,,,,105.41,57.6,44.76,49.31,48.66,55.62
2025-12-16T19:00:25.638122,Recipe_A,506af462-4e57-4295-9af2-1d9f653511cc,16,4.0,,,,95.54,53.93,52.59,47.97,46.54,57.42
2025-12-16T19:00:26.638122,Recipe_A,506af462-4e57-4295-9af2-1d9f653511cc,16,1.0,,,,11.64,8.63,11.52,8.69,10.29,13.81
