Timestamp,RecipeId,JobId,RunId,Active_State_General_StaOperatingState,Name,Text,Severity,Active_ActProcVal_All_MainDrive_ActSpeed,Active_ActProcVal_All_MainDrive_ActTorquePercent,Active_ActProcVal_All_MainDrive_ActThroughput,Active_ActProcVal_All_MainDrive_ActPower,Active_ActProcVal_All_MainDrive_ActSME,Active_ActProcVal_All_Endplate_ActPressure
2025-12-17T01:03:27.638122,Recipe_C,b54cb98d-8adf-48ea-80f2-5e47b13f1b38,19,0.0,,,,0.0,0.0,0.0,0.0,0.0,0.0
2025-12-17T01:03:28.638122,Recipe_C,b54cb98d-8adf-48ea-80f2-5e47b13f1b38,19,0.0,,,,0.0,0.0,0.0,0.0,0.0,0.0
2025-12-17T01:03:29.638122,Recipe_C,b54cb98d-8adf-48ea-80f2-5e47b13f1b38,19,0.0,,,,0.0,0.0,0.0,0.0,0.0,0.0
2025-12-17T01:03:30.638122,Recipe_C,b54cb98d-8adf-48ea-80f2-5e47b13f1b38,19,0.0,,,,0.0,0.0,0.0,0.0,0.0,0.0
2025-12-17T01:03:31.638122,Recipe_C,b54cb98d-8adf-48ea-80f2-5e47b13f1b38,19,0.0,,,,0.0,0.0,0.0,0.0,0.0,0.0
2025-12-17T01:03:32.638122,Recipe_C,b54cb98d-8adf-48ea-80f2-5e47b13f1b38,19,0.0,,,,0.0,0.0,0.0,0.0,0.0,0.0
2025-12-17T01:03:33.638122,Recipe_C,b54cb98d-8adf-48ea-80f2-5e47b13f1b38,19,0.0,,,,0.0,0.0,0.0,0.0,0.0,0.0
2025-12-17T01:03:34.638122,Recipe_C,b54cb98d-8adf-48ea-80f2-5e47b13f1b38,19,0.0,,,,0.0,0.0,0.0,0.0,0.0,0.0
2025-12-17T01:03:35.638122,Recipe_C,b54cb98d-8adf-48ea-80f2-5e47b13f1b38,19,0.0,,,,0.0,0.0,0.0,0.0,0.0,0.0
2025-12-17T01:03:36.638122,Recipe_C,b54cb98d-8adf-48ea-80f2-5e47b13f1b38,19,0.0,,,,0.0,0.0,0.0,0.0,0.0,0.0
2025-12-17T01:03:37.638122,Recipe_C,b54cb98d-8adf-48ea-80f2-5e47b13f1b38,19,0.0,,,,0.0,0.0,0.0,0.0,0.0,0.0
2025-12-17T01:03:38.638122,Recipe_C,b54cb98d-8adf-48ea-80f2-5e47b13f1b38,19,0.0,,,,0.0,0.0,0.0,0.0,0.0,0.0
2025-12-17T01:03:39.638122,Recipe_C,b54cb98d-8adf-48ea-80f2-5e47b13f1b38,19,0.0,,,,0.0,0.0,0.0,0.0,0.0,0.0
2025-12-17T01:03:40.638122,Recipe_C,b54cb98d-8adf-48ea-80f2-5e47b13f1b38,19,0.0,,,,0.0,0.0,0.0,0.0,0.0,0.0
2025-12-17T01:03:41.638122,Recipe_C,b54cb98d-8adf-48ea-80f2-5e47b13f1b38,19,0.0,,,,0.0,0.0,0.0,0.0,0.0,0.0
2025-12-17T01:03:42.638122,Recipe_C,b54cb98d-8adf-48ea-80f2-5e47b13f1b38,19,0.0,,,,0.0,0.0,0.0,0.0,0.0,0.0
2025-12-17T01:03:43.638122,Recipe_C,b54cb98d-8adf-48ea-80f2-5e47b13f1b38,19,0.0,,,,0.0,0.0,0.0,0.0,0.0,0.0
2025-12-17T01:03:44.638122,Recipe_C,b54cb98d-8adf-48ea-80f2-5e47b13f1b38,19,0.0,,,,0.0,0.0,0.0,0.0,0.0,0.0
2025-12-17T01:03:45.638122,Recipe_C,b54cb98d-8adf-48ea-80f2-5e47b13f1b38,19,0.0,,,,0.0,0.0,0.0,0.0,0.0,0.0
2025-12-17T01:03:46.638122,Recipe_C,b54cb98d-8adf-48ea-80f2-5e47b13f1b38,19,0.0,,,,0.0,0.0,0.0,0.0,0.0,0.0
2025-12-17T01:03:47.638122,Recipe_C,b54cb98d-8adf-48ea-80f2-5e47b13f1b38,19,0.0,,,,0.0,0.0,0.0,0.0,0.0,0.0
2025-12-17T01:03:48.638122,Recipe_C,b54cb98d-8adf-48ea-80f2-5e47b13f1b38,19,0.0,,,,0.0,0.0,0.0,0.0,0.0,0.0
2025-12-17T01:03:49.638122,Recipe_C,b54cb98d-8adf-48ea-80f2-5e47b13f1b38,19,0.0,,,,0.0,0.0,0.0,0.0,0.0,0.0
2025-12-17T01:03:50.638122,Recipe_C,b54cb98d-8adf-48ea-80f2-5e47b13f1b38,19,4.0,,,,102.09,43.7,40.21,49.11,43.66,52.49
2025-12-17T01:03:50.638122,Recipe_C,b54cb98d-8adf-48ea-80f2-5e47b13f1b38,19,4.0,Warning_8,Simulated Warning occurred,Warning,,,,,,
2025-12-17T01:03:51.638122,Recipe_C,b54cb98d-8adf-48ea-80f2-5e47b13f1b38,19,4.0,,,,99.83,44.77,49.44,54.26,52.03,46.5
2025-12-17T01:03:52.638122,Recipe_C,b54cb98d-8adf-48ea-80f2-5e47b13f1b38,19,4.0,,,,102.3,67.24,54.21,45.94,47.15,48.1
2025-12-17T01:03:53.638122,Recipe_C,b54cb98d-8adf-48ea-80f2-5e47b13f1b38,19,4.0,,,,102.64,51.16,48.71,45.76,49.18,52.15
2025-12-17T01:03:54.638122,Recipe_C,b54cb98d-8adf-48ea-80f2-5e47b13f1b38,19,4.0,,,,94.63,57.46,51.09,46.5,47.55,52.83
2025-12-17T01:03:55.638122,Recipe_C,b54cb98d-8adf-48ea-80f2-5e47b13f1b38,19,4.0,,,,104.18,48.79,52.14,49.6,54.88,45.4
2025-12-17T01:03:56.638122,Recipe_C,b54cb98d-8adf-48ea-80f2-5e47b13f1b38,19,4.0,,,,90.56,41.67,53.92,47.21,54.66,48.91
2025-12-17T01:03:57.638122,Recipe_C,b54cb98d-8adf-48ea-80f2-5e47b13f1b38,19,4.0,,,,96.82,49.95,56.02,46.99,56.0,51.45
2025-12-17T01:03:58.638122,Recipe_C,b54cb98d-8adf-48ea-80f2-5e47b13f1b38,19,2.0,,,,8.2,10.07,11.06,11.38,9.4,11.44
2025-12-17T01:03:59.638122,Recipe_C,b54cb98d-8adf-48ea-80f2-5e47b13f1b38,19,2.0,,,,5.65,12.22,9.13,11.72,10.45,10.7
2025-12-17T01:04:00.638122,Recipe_C,b54cb98d-8adf-48ea-80f2-5e47b13f1b38,19,2.0,,,,8.56,7.71,12.56,9.18,8.01,11.32
2025-12-17T01:04:01.638122,Recipe_C,b54cb98d-8adf-48ea-80f2-5e47b13f1b38,19,2.0,,,,8.04,7.22,9.78,5.83,9.29,8.84
2025-12-17T01:04:02.638122,Recipe_C,b54cb98d-8adf-48ea-80f2-5e47b13f1b38,19,2.0,,,,12.8,11.19,5.3,10.8,10.32,8.03
2025-12-17T01:04:03.638122,Recipe_C,b54cb98d-8adf-48ea-80f2-5e47b13f1b38,19,2.0,,,,8.88,11.23,10.93,10.16,10.09,8.12
2025-12-17T01:04:04.638122,Recipe_C,b54cb98d-8adf-48ea-80f2-5e47b13f1b38,19,2.0,,,,11.8,9.34,5.92,9.36,8.33,11.0
2025-12-17T01:04:05.638122,Recipe_C,b54cb98d-8adf-48ea-80f2-5e47b13f1b38,19,2.0,,,,9.4,8.35,10.53,8.39,8.93,8.58
2025-12-17T01:04:06.638122,Recipe_C,b54cb98d-8adf-48ea-80f2-5e47b13f1b38,19,2.0,,,,8.47,12.64,8.49,8.44,6.95,12.89
2025-12-17T01:04:07.638122,Recipe_C,b54cb98d-8adf-48ea-80f2-5e47b13f1b38,19,2.0,,,,5.69,9.39,10.09,12.01,7.44,7.99
2025-12-17T01:04:08.638122,Recipe_C,b54cb98d-8adf-48ea-80f2-5e47b13f1b38,19,2.0,,,,10.13,10.77,14.17,12.4,6.31,9.19
2025-12-17T01:04:09.638122,Recipe_C,b54cb98d-8adf-48ea-80f2-5e47b13f1b38,19,2.0,,,,9.98,9.4,9.01,11.48,11.06,13.71
2025-12-17T01:04:10.638122,Recipe_C,b54cb98d-8adf-48ea-80f2-5e47b13f1b38,19,2.0,,,,5.11,8.84,10.58,10.97,11.84,10.0
2025-12-17T01:04:11.638122,Recipe_C,b54cb98d-8adf-48ea-80f2-5e47b13f1b38,19,2.0,,,,7.84,10.25,10.89,12.56,7.75,11.46
2025-12-17T01:04:12.638122,Recipe_C,b54cb98d-8adf-48ea-80f2-5e47b13f1b38,19,2.0,,,,9.98,8.64,8.0,11.69,7.21,8.87
2025-12-17T01:04:13.638122,Recipe_C,b54cb98d-8adf-48ea-80f2-5e47b13f1b38,19,0.0,,,,0.0,0.0,0.0,0.0,0.0,0.0
2025-12-17T01:04:14.638122,Recipe_C,b54cb98d-8adf-48ea-80f2-5e47b13f1b38,19,0.0,,,,0.0,0.0,0.0,0.0,0.0,0.0
2025-12-17T01:04:15.638122,Recipe_C,b54cb98d-8adf-48ea-80f2-5e47b13f1b38,19,0.0,,,,0.0,0.0,0.0,0.0,0.0,0.0
2025-12-17T01:04:16.638122,Recipe_C,b54cb98d-8adf-48ea-80f2-5e47b13f1b38,19,0.0,,,,0.0,0.0,0.0,0.0,0.0,0.0
2025-12-17T01:04:17.638122,Recipe_C,b54cb98d-8adf-48ea-80f2-5e47b13f1b38,19,0.0,,,,0.0,0.0,0.0,0.0,0.0,0.0
2025-12-17T01:04:18.638122,Recipe_C,b54cb98d-8adf-48ea-80f2-5e47b13f1b38,19,0.0,,,,0.0,0.0,0.0,0.0,0.0,0.0
2025-12-17T01:04:19.638122,Recipe_C,b54cb98d-8adf-48ea-80f2-5e47b13f1b38,19,0.0,,,,0.0,0.0,0.0,0.0,0.0,0.0
2025-12-17T01:04:20.638122,Recipe_C,b54cb98d-8adf-48ea-80f2-5e47b13f1b38,19,0.0,,,,0.0,0.0,0.0,0.0,0.0,0.0
2025-12-17T01:04:21.638122,Recipe_C,b54cb98d-8adf-48ea-80f2-5e47b13f1b38,19,0.0,,,,0.0,0.0,0.0,0.0,0.0,0.0
2025-12-17T01:04:22.638122,Recipe_C,b54cb98d-8adf-48ea-80f2-5e47b13f1b38,19,0.0,,,,0.0,0.0,0.0,0.0,0.0,0.0
2025-12-17T01:04:23.638122,Recipe_C,b54cb98d-8adf-48ea-80f2-5e47b13f1b38,19,0.0,,,,0.0,0.0,0.0,0.0,0.0,0.0
2025-12-17T01:04:24.638122,Recipe_C,b54cb98d-8adf-48ea-80f2-5e47b13f1b38,19,0.0,,,,0.0,0.0,0.0,0.0,0.0,0.0
2025-12-17T01:04:25.638122,Recipe_C,b54cb98d-8adf-48ea-80f2-5e47b13f1b38,19,0.0,,,,0.0,0.0,0.0,0.0,0.0,0.0
2025-12-17T01:04:26.638122,Recipe_C,b54cb98d-8adf-48ea-80f2-5e47b13f1b38,19,0.0,,,,0.0,0.0,0.0,0.0,0.0,0.0
2025-12-17T01:04:27.638122,Recipe_C,b54cb98d-8adf-48ea-80f2-5e47b13f1b38,19,0.0,,,,0.0,0.0,0.0,0.0,0.0,0.0
2025-12-17T01:04:28.638122,Recipe_C,b54cb98d-8adf-48ea-80f2-5e47b13f1b38,19,0.0,,,,0.0,0.0,0.0,0.0,0.0,0.0
2025-12-17T01:04:29.638122,Recipe_C,b54cb98d-8adf-48ea-80f2-5e47b13f1b38,19,0.0,,,,0.0,0.0,0.0,0.0,0.0,0.0
2025-12-17T01:04:30.638122,Recipe_C,b54cb98d-8adf-48ea-80f2-5e47b13f1b38,19,0.0,,,,0.0,0.0,0.0,0.0,0.0,0.0
2025-12-17T01:04:31.638122,Recipe_C,b54cb98d-8adf-48ea-80f2-5e47b13f1b38,19,0.0,,,,0.0,0.0,0.0,0.0,0.0,0.0
2025-12-17T01:04:32.638122,Recipe_C,b54cb98d-8adf-48ea-80f2-5e47b13f1b38,19,0.0,,,,0.0,0.0,0.0,0.0,0.0,0.0
2025-12-17T01:04:33.638122,Recipe_C,b54cb98d-8adf-48ea-80f2-5e47b13f1b38,19,0.0,,,,0.0,0.0,0.0,0.0,0.0,0.0
2025-12-17T01:04:34.638122,Recipe_C,b54cb98d-8adf-48ea-80f2-5e47b13f1b38,19,0.0,,,,0.0,0.0,0.0,0.0,0.0,0.0
2025-12-17T01:04:35.638122,Recipe_C,b54cb98d-8adf-48ea-80f2-5e47b13f1b38,19,0.0,,,,0.0,0.0,0.0,0.0,0.0,0.0
2025-12-17T01:04:36.638122,Recipe_C,b54cb98d-8adf-48ea-80f2-5e47b13f1b38,19,0.0,,,,0.0,0.0,0.0,0.0,0.0,0.0
2025-12-17T01:04:37.638122,Recipe_C,b54cb98d-8adf-48ea-80f2-5e47b13f1b38,19,0.0,,,,0.0,0.0,0.0,0.0,0.0,0.0
2025-12-17T01:04:38.638122,Recipe_C,b54cb98d-8adf-48ea-80f2-5e47b13f1b38,19,0.0,,,,0.0,0.0,0.0,0.0,0.0,0.0
2025-12-17T01:04:39.638122,Recipe_C,b54cb98d-8adf-48ea-80f2-5e47b13f1b38,19,0.0,,,,0.0,0.0,0.0,0.0,0.0,0.0
2025-12-17T01:04:40.638122,Recipe_C,b54cb98d-8adf-48ea-80f2-5e47b13f1b38,19,3.0,,,,10.12,11.77,11.29,7.56,6.16,9.18
2025-12-17T01:04:41.638122,Recipe_C,b54cb98d-8adf-48ea-80f2-5e47b13f1b38,19,3.0,,,,6.71,8.34,10.12,8.09,12.59,11.04
2025-12-17T01:04:42.638122,Recipe_C,b54cb98d-8adf-48ea-80f2-5e47b13f1b38,19,3.0,,,,10.1,7.92,7.44,7.58,12.62,11.78
2025-12-17T01:04:43.638122,Recipe_C,b54cb98d-8adf-48ea-80f2-5e47b13f1b38,19,3.0,,,,10.06,7.73,9.22,10.89,6.85,6.94
2025-12-17T01:04:44.638122,Recipe_C,b54cb98d-8adf-48ea-80f2-5e47b13f1b38,19,3.0,,,,8.06,9.03,6.64,10.61,9.35,11.48
2025-12-17T01:04:45.638122,Recipe_C,b54cb98d-8adf-48ea-80f2-5e47b13f1b38,19,3.0,,,,6.78,9.18,8.49,11.86,9.77,10.63
2025-12-17T01:04:46.638122,Recipe_C,b54cb98d-8adf-48ea-80f2-5e47b13f1b38,19,3.0,,,,12.6,10.79,11.16,11.27,8.74,8.84
2025-12-17T01:04:47.638122,Recipe_C,b54cb98d-8adf-48ea-80f2-5e47b13f1b38,19,5.0,,,,10.14,9.16,10.81,10.36,11.28,9.46
2025-12-17T01:04:48.638122,Recipe_C,b54cb98d-8adf-48ea-80f2-5e47b13f1b38,19,5.0,,,,8.76,9.9,9.25,6.74,9.9,10.2
2025-12-17T01:04:49.638122,Recipe_C,b54cb98d-8adf-48ea-80f2-5e47b13f1b38,19,5.0,,,,11.21,11.88,13.19,11.6,7.77,12.5
2025-12-17T01:04:50.638122,Recipe_C,b54cb98d-8adf-48ea-80f2-5e47b13f1b38,19,5.0,,,,12.28,13.54,11.02,7.68,12.03,11.56
2025-12-17T01:04:51.638122,Recipe_C,b54cb98d-8adf-48ea-80f2-5e47b13f1b38,19,5.0,,,,6.46,12.38,11.27,11.5,10.45,11.22
2025-12-17T01:04:52.638122,Recipe_C,b54cb98d-8adf-48ea-80f2-5e47b13f1b38,19,5.0,,,,10.14,13.03,10.95,10.51,8.27,9.91
2025-12-17T01:04:53.638122,Recipe_C,b54cb98d-8adf-48ea-80f2-5e47b13f1b38,19,5.0,,,,11.98,9.71,9.93,8.2,7.26,9.92
2025-12-17T01:04:54.638122,Recipe_C,b54cb98d-8adf-48ea-80f2-5e47b13f1b38,19,5.0,,,,8.72,12.1,10.87,10.24,10.99,11.87
2025-12-17T01:04:55.638122,Recipe_C,b54cb98d-8adf-48ea-80f2-5e47b13f1b38,19,5.0,,,,9.21,12.39,8.7,10.64,8.15,9.86
2025-12-17T01:04:56.638122,Recipe_C,b54cb98d-8adf-48ea-80f2-5e47b13f1b38,19,5.0,,,,9.81,10.06,11.95,12.11,14.57,11.18
2025-12-17T01:04:57.638122,Recipe_C,b54cb98d-8adf-48ea-80f2-5e47b13f1b38,19,5.0,,,,9.57,11.46,7.14,10.3,10.52,9.89
2025-12-17T01:04:58.638122,Recipe_C,b54cb98d-8adf-48ea-80f2-5e47b13f1b38,19,5.0,,,,11.69,10.79,9.27,10.94,8.2,8.31
2025-12-17T01:04:59.638122,Recipe_C,b54cb98d-8adf-48ea-80f2-5e47b13f1b38,19,5.0,,,,9.72,9.73,8.46,9.45,8.96,9.59
2025-12-17T01:05:00.638122,Recipe_C,b54cb98d-8adf-48ea-80f2-5e47b13f1b38,19,5.0,,,,9.29,9.67,9.87,9.18,11.36,8.48
2025-12-17T01:05:01.638122,Recipe_C,b54cb98d-8adf-48ea-80f2-5e47b13f1b38,19,5.0,,,,9.55,12.66,5.2,12.16,7.6,8.26
2025-12-17T01:05:02.638122,Recipe_C,b54cb98d-8adf-48ea-80f2-5e47b13f1b38,19,5.0,,,,12.2,9.31,6.27,9.22,11.7,11.14
2025-12-17T01:05:03.638122,Recipe_C,b54cb98d-8adf-48ea-80f2-5e47b13f1b38,19,5.0,,,,11.44,5.06,8.16,8.74,10.47,9.24
2025-12-17T01:05:04.638122,Recipe_C,b54cb98d-8adf-48ea-80f2-5e47b13f1b38,19,5.0,,,,7.79,10.56,8.89,6.13,8.76,13.75
2025-12-17T01:05:05.638122,Recipe_C,b54cb98d-8adf-48ea-80f2-5e47b13f1b38,19,5.0,,,,8.42,9.63,8.96,13.86,11.36,12.63
2025-12-17T01:05:06.638122,Recipe_C,b54cb98d-8adf-48ea-80f2-5e47b13f1b38,19,5.0,,,,7.72,10.53,12.03,9.42,7.43,10.78
2025-12-17T01:05:07.638122,Recipe_C,b54cb98d-8adf-48ea-80f2-5e47b13f1b38,19,3.0,,,,9.33,12.0,10.95,11.12,10.76,11.89
2025-12-17T01:05:08.638122,Recipe_C,b54cb98d-8adf-48ea-80f2-5e47b13f1b38,19,3.0,,,,11.91,12.83,11.65,10.29,7.69,11.17
2025-12-17T01:05:09.638122,Recipe_C,b54cb98d-8adf-48ea-80f2-5e47b13f1b38,19,3.0,,,,8.43,11.6,10.02,11.95,8.63,9.49
2025-12-17T01:05:10.638122,Recipe_C,b54cb98d-8adf-48ea-80f2-5e47b13f1b38,19,3.0,,,,8.22,5.7,11.5,8.67,9.6,9.02
2025-12-17T01:05:11.638122,Recipe_C,b54cb98d-8adf-48ea-80f2-5e47b13f1b38,19,5.0,,,,10.32,6.04,12.15,6.96,10.49,12.59
2025-12-17T01:05:12.638122,Recipe_C,b54cb98d-8adf-48ea-80f2-5e47b13f1b38,19,5.0,,,,6.57,10.44,9.24,10.4,6.12,7.79
2025-12-17T01:05:13.638122,Recipe_C,b54cb98d-8adf-48ea-80f2-5e47b13f1b38,19,5.0,,,,9.51,11.32,14.55,11.26,11.51,11.29
2025-12-17T01:05:14.638122,Recipe_C,b54cb98d-8adf-48ea-80f2-5e47b13f1b38,19,5.0,,,,12.86,6.68,8.8,8.43,13.44,7.37
2025-12-17T01:05:15.638122,Recipe_C,b54cb98d-8adf-48ea-80f2-5e47b13f1b38,19,5.0,,,,10.23,9.93,9.27,10.68,13.15,10.3
2025-12-17T01:05:16.638122,Recipe_C,b54cb98d-8adf-48ea-80f2-5e47b13f1b38,19,5.0,,,,11.63,9.03,11.47,8.79,9.72,9.61
2025-12-17T01:05:17.638122,Recipe_C,b54cb98d-8adf-48ea-80f2-5e47b13f1b38,19,5.0,,,,11.08,13.11,12.14,12.77,9.25,9.07
2025-12-17T01:05:18.638122,Recipe_C,b54cb98d-8adf-48ea-80f2-5e47b13f1b38,19,5.0,,,,12.38,8.2,8.85,13.43,4.16,7.74
2025-12-17T01:05:19.638122,Recipe_C,b54cb98d-8adf-48ea-80f2-5e47b13f1b38,19,5.0,,,,9.91,8.19,12.87,10.08,14.15,10.52
2025-12-17T01:05:20.638122,Recipe_C,b54cb98d-8adf-48ea-80f2-5e47b13f1b38,19,5.0,,,,10.44,8.98,9.6,9.87,10.24,5.92
2025-12-17T01:05:21.638122,Recipe_C,b54cb98d-8adf-48ea-80f2-5e47b13f1b38,19,5.0,,,,6.54,11.51,10.41,14.42,13.06,6.03
2025-12-17T01:05:22.638122,Recipe_C,b54cb98d-8adf-48ea-80f2-5e47b13f1b38,19,5.0,,,,11.25,13.75,10.43,10.52,11.78,9.77
2025-12-17T01:05:23.638122,Recipe_C,b54cb98d-8adf-48ea-80f2-5e47b13f1b38,19,5.0,,,,8.69,10.85,7.85,8.1,9.57,11.23
2025-12-17T01:05:24.638122,Recipe_C,b54cb98d-8adf-48ea-80f2-5e47b13f1b38,19,5.0,,,,7.84,10.54,10.77,10.08,10.15,11.71
2025-12-17T01:05:25.638122,Recipe_C,b54cb98d-8adf-48ea-80f2-5e47b13f1b38,19,5.0,,,,12.68,9.3,9.09,10.63,11.74,11.48
2025-12-17T01:05:26.638122,Recipe_C,b54cb98d-8adf-48ea-80f2-5e47b13f1b38,19,5.0,,,,10.84,10.68,7.37,8.11,10.15,11.45
2025-12-17T01:05:27.638122,Recipe_C,b54cb98d-8adf-48ea-80f2-5e47b13f1b38,19,5.0,,,,11.05,10.31,9.74,10.27,9.03,10.32
2025-12-17T01:05:28.638122,Recipe_C,b54cb98d-8adf-48ea-80f2-5e47b13f1b38,19,5.0,,,,9.8,11.18,11.21,10.26,10.02,7.83
2025-12-17T01:05:28.638122,Recipe_C,b54cb98d-8adf-48ea-80f2-5e47b13f1b38,19,5.0,Warning_6,Simulated Warning occurred,Warning,,,,,,
2025-12-17T01:05:29.638122,Recipe_C,b54cb98d-8adf-48ea-80f2-5e47b13f1b38,19,5.0,,,,10.61,9.86,10.32,8.34,11.93,10.19
2025-12-17T01:05:30.638122,Recipe_C,b54cb98d-8adf-48ea-80f2-5e47b13f1b38,19,5.0,,,,9.62,12.29,7.18,8.13,12.39,9.13
2025-12-17T01:05:31.638122,Recipe_C,b54cb98d-8adf-48ea-80f2-5e47b13f1b38,19,5.0,,,,9.59,9.34,13.42,12.01,8.7,10.3
2025-12-17T01:05:32.638122,Recipe_C,b54cb98d-8adf-48ea-80f2-5e47b13f1b38,19,5.0,,,,9.7,9.08,8.63,15.38,8.51,12.99
2025-12-17T01:05:33.638122,Recipe_C,b54cb98d-8adf-48ea-80f2-5e47b13f1b38,19,5.0,,,,9.4,12.47,8.17,10.63,9.2,7.59
2025-12-17T01:05:34.638122,Recipe_C,b54cb98d-8adf-48ea-80f2-5e47b13f1b38,19,5.0,,,,12.94,10.24,7.7,7.14,11.44,7.89
2025-12-17T01:05:35.638122,Recipe_C,b54cb98d-8adf-48ea-80f2-5e47b13f1b38,19,2.0,,,,9.45,7.44,8.73,10.18,11.25,11.5
2025-12-17T01:05:36.638122,Recipe_C,b54cb98d-8adf-48ea-80f2-5e47b13f1b38,19,2.0,,,,9.37,11.6,10.53,11.37,7.31,8.31
2025-12-17T01:05:37.638122,Recipe_C,b54cb98d-8adf-48ea-80f2-5e47b13f1b38,19,2.0,,,,9.86,12.8,8.98,7.3,9.21,10.89
2025-12-17T01:05:38.638122,Recipe_C,b54cb98d-8adf-48ea-80f2-5e47b13f1b38,19,2.0,,,,10.26,9.45,8.13,9.47,14.81,6.22
2025-12-17T01:05:39.638122,Recipe_C,b54cb98d-8adf-48ea-80f2-5e47b13f1b38,19,2.0,,,,12.43,7.91,11.17,9.62,11.02,10.35
2025-12-17T01:05:40.638122,Recipe_C,b54cb98d-8adf-48ea-80f2-5e47b13f1b38,19,2.0,,,,8.9,7.03,7.96,14.02,14.01,10.67
2025-12-17T01:05:41.638122,Recipe_C,b54cb98d-8adf-48ea-80f2-5e47b13f1b38,19,2.0,,,,11.18,6.95,8.28,12.07,11.79,8.28
2025-12-17T01:05:42.638122,Recipe_C,b54cb98d-8adf-48ea-80f2-5e47b13f1b38,19,2.0,,,,7.29,9.4,10.76,13.29,8.3,7.77
2025-12-17T01:05:43.638122,Recipe_C,b54cb98d-8adf-48ea-80f2-5e47b13f1b38,19,2.0,,,,7.99,10.63,9.39,11.24,8.98,11.89
2025-12-17T01:05:44.638122,Recipe_C,b54cb98d-8adf-48ea-80f2-5e47b13f1b38,19,2.0,,,,11.2,8.52,10.05,10.95,9.34,9.12
2025-12-17T01:05:45.638122,Recipe_C,b54cb98d-8adf-48ea-80f2-5e47b13f1b38,19,2.0,,,,7.37,10.97,9.55,9.48,11.12,10.12
2025-12-17T01:05:46.638122,Recipe_C,b54cb98d-8adf-48ea-80f2-5e47b13f1b38,19,2.0,,,,8.91,12.37,8.53,10.42,6.62,7.15
2025-12-17T01:05:47.638122,Recipe_C,b54cb98d-8adf-48ea-80f2-5e47b13f1b38,19,2.0,,,,9.49,8.73,11.17,11.38,9.62,9.22
2025-12-17T01:05:48.638122,Recipe_C,b54cb98d-8adf-48ea-80f2-5e47b13f1b38,19,2.0,,,,7.15,10.39,7.02,7.65,8.18,10.06
2025-12-17T01:05:49.638122,Recipe_C,b54cb98d-8adf-48ea-80f2-5e47b13f1b38,19,2.0,,,,9.53,9.71,8.25,10.75,14.28,10.62
2025-12-17T01:05:50.638122,Recipe_C,b54cb98d-8adf-48ea-80f2-5e47b13f1b38,19,2.0,,,,11.41,10.44,10.45,10.52,9.93,8.73
2025-12-17T01:05:51.638122,Recipe_C,b54cb98d-8adf-48ea-80f2-5e47b13f1b38,19,2.0,,,,7.7,14.03,11.14,8.91,7.95,10.78
2025-12-17T01:05:52.638122,Recipe_C,b54cb98d-8adf-48ea-80f2-5e47b13f1b38,19,2.0,,,,13.05,10.38,7.34,6.86,10.89,8.55
2025-12-17T01:05:53.638122,Recipe_C,b54cb98d-8adf-48ea-80f2-5e47b13f1b38,19,2.0,,,,10.02,6.69,7.8,11.42,9.6,9.63
2025-12-17T01:05:54.638122,Recipe_C,b54cb98d-8adf-48ea-80f2-5e47b13f1b38,19,2.0,,,,10.49,11.32,9.02,12.38,8.03,10.81
2025-12-17T01:05:55.638122,Recipe_C,b54cb98d-8adf-48ea-80f2-5e47b13f1b38,19,2.0,,,,9.05,10.13,8.19,7.56,11.23,7.91
2025-12-17T01:05:56.638122,Recipe_C,b54cb98d-8adf-48ea-80f2-5e47b13f1b38,19,2.0,,,,10.33,8.73,8.62,7.1,9.8,7.86
2025-12-17T01:05:57.638122,Recipe_C,b54cb98d-8adf-48ea-80f2-5e47b13f1b38,19,2.0,,,,6.78,8.34,10.56,11.51,11.55,9.5
2025-12-17T01:05:58.638122,Recipe_C,b54cb98d-8adf-48ea-80f2-5e47b13f1b38,19,2.0,,,,10.73,10.87,8.79,6.7,5.36,10.52
2025-12-17T01:05:59.638122,Recipe_C,b54cb98d-8adf-48ea-80f2-5e47b13f1b38,19,2.0,,,,6.57,10.42,11.0,10.86,7.74,10.96
2025-12-17T01:06:00.638122,Recipe_C,b54cb98d-8adf-48ea-80f2-5e47b13f1b38,19,2.0,,,,14.31,12.94,10.83,11.44,12.13,11.5
2025-12-17T01:06:01.638122,Recipe_C,b54cb98d-8adf-48ea-80f2-5e47b13f1b38,19,2.0,,,,10.48,9.01,6.97,13.33,9.35,10.77
2025-12-17T01:06:02.638122,Recipe_C,b54cb98d-8adf-48ea-80f2-5e47b13f1b38,19,2.0,,,,9.98,8.92,10.88,10.13,8.42,11.85
2025-12-17T01:06:03.638122,Recipe_C,b54cb98d-8adf-48ea-80f2-5e47b13f1b38,19,2.0,,,,8.58,7.71,8.18,8.65,7.35,11.15
2025-12-17T01:06:04.638122,Recipe_C,b54cb98d-8adf-48ea-80f2-5e47b13f1b38,19,2.0,,,,9.75,11.36,6.95,10.59,6.2,9.09
2025-12-17T01:06:05.638122,Recipe_C,b54cb98d-8adf-48ea-80f2-5e47b13f1b38,19,2.0,,,,7.84,10.47,11.91,7.56,9.77,9.96
2025-12-17T01:06:06.638122,Recipe_C,b54cb98d-8adf-48ea-80f2-5e47b13f1b38,19,4.0,,,,97.87,57.73,38.22,48.42,63.29,39.96
2025-12-17T01:06:07.638122,Recipe_C,b54cb98d-8adf-48ea-80f2-5e47b13f1b38,19,4.0,,,,104.52,51.34,49.04,45.83,40.93,46.6
2025-12-17T01:06:08.638122,Recipe_C,b54cb98d-8adf-48ea-80f2-5e47b13f1b38,19,2.0,,,,8.42,7.88,10.24,9.56,5.45,9.55
2025-12-17T01:06:09.638122,Recipe_C,b54cb98d-8adf-48ea-80f2-5e47b13f1b38,19,2.0,,,,7.89,9.82,9.2,8.77,10.37,9.04
2025-12-17T01:06:10.638122,Recipe_C,b54cb98d-8adf-48ea-80f2-5e47b13f1b38,19,2.0,,,,6.31,8.96,9.26,8.81,11.2,9.07
2025-12-17T01:06:11.638122,Recipe_C,b54cb98d-8adf-48ea-80f2-5e47b13f1b38,19,2.0,,,,13.82,9.14,8.82,10.66,11.2,9.96
2025-12-17T01:06:12.638122,Recipe_C,b54cb98d-8adf-48ea-80f2-5e47b13f1b38,19,2.0,,,,12.16,10.18,5.74,8.79,7.89,9.09
2025-12-17T01:06:13.638122,Recipe_C,b54cb98d-8adf-48ea-80f2-5e47b13f1b38,19,2.0,,,,6.69,9.47,8.76,10.82,8.03,10.35
2025-12-17T01:06:14.638122,Recipe_C,b54cb98d-8adf-48ea-80f2-5e47b13f1b38,19,1.0,,,,6.25,10.27,10.58,11.13,9.31,12.41
2025-12-17T01:06:15.638122,Recipe_C,b54cb98d-8adf-48ea-80f2-5e47b13f1b38,19,1.0,,,,10.56,11.15,8.44,9.75,8.34,10.12
2025-12-17T01:06:16.638122,Recipe_C,b54cb98d-8adf-48ea-80f2-5e47b13f1b38,19,1.0,,,,13.33,8.41,13.22,11.97,10.02,9.46
2025-12-17T01:06:17.638122,Recipe_C,b54cb98d-8adf-48ea-80f2-5e47b13f1b38,19,1.0,,,,9.41,11.11,8.95,8.97,10.63,7.56
2025-12-17T01:06:18.638122,Recipe_C,b54cb98d-8adf-48ea-80f2-5e47b13f1b38,19,1.0,,,,9.31,6.8,12.58,12.36,10.12,10.65
2025-12-17T01:06:19.638122,Recipe_C,b54cb98d-8adf-48ea-80f2-5e47b13f1b38,19,1.0,,,,8.83,10.64,14.45,10.84,11.28,11.04
2025-12-17T01:06:20.638122,Recipe_C,b54cb98d-8adf-48ea-80f2-5e47b13f1b38,19,1.0,,,,9.43,13.16,7.91,8.15,12.88,5.62
2025-12-17T01:06:21.638122,Recipe_C,b54cb98d-8adf-48ea-80f2-5e47b13f1b38,19,1.0,,,,7.25,13.21,12.01,7.48,7.95,6.82
2025-12-17T01:06:21.638122,Recipe_C,b54cb98d-8adf-48ea-80f2-5e47b13f1b38,19,1.0,Warning_5,Simulated Warning occurred,Warning,,,,,,
2025-12-17T01:06:22.638122,Recipe_C,b54cb98d-8adf-48ea-80f2-5e47b13f1b38,19,1.0,,,,9.81,10.82,11.9,9.36,11.76,12.58
2025-12-17T01:06:23.638122,Recipe_C,b54cb98d-8adf-48ea-80f2-5e47b13f1b38,19,1.0,,,,10.12,9.48,7.76,9.87,8.8,9.24
2025-12-17T01:06:24.638122,Recipe_C,b54cb98d-8adf-48ea-80f2-5e47b13f1b38,19,1.0,,,,11.56,10.94,8.61,11.38,7.69,8.38
2025-12-17T01:06:25.638122,Recipe_C,b54cb98d-8adf-48ea-80f2-5e47b13f1b38,19,1.0,,,,7.56,10.91,9.78,10.02,9.11,13.45
2025-12-17T01:06:26.638122,Recipe_C,b54cb98d-8adf-48ea-80f2-5e47b13f1b38,19,1.0,,,,10.74,3.72,10.22,14.5,5.54,9.57
2025-12-17T01:06:27.638122,Recipe_C,b54cb98d-8adf-48ea-80f2-5e47b13f1b38,19,1.0,,,,7.81,8.04,6.45,7.88,12.05,10.66
2025-12-17T01:06:28.638122,Recipe_C,b54cb98d-8adf-48ea-80f2-5e47b13f1b38,19,1.0,,,,8.56,9.81,8.79,10.55,12.05,9.64
2025-12-17T01:06:29.638122,Recipe_C,b54cb98d-8adf-48ea-80f2-5e47b13f1b38,19,1.0,,,,8.71,10.12,10.12,8.32,7.26,11.57
2025-12-17T01:06:30.638122,Recipe_C,b54cb98d-8adf-48ea-80f2-5e47b13f1b38,19,1.0,,,,12.88,9.35,13.38,12.4,10.62,12.83
2025-12-17T01:06:31.638122,Recipe_C,b54cb98d-8adf-48ea-80f2-5e47b13f1b38,19,1.0,,,,9.32,11.22,5.22,9.53,11.63,9.8
2025-12-17T01:06:32.638122,Recipe_C,b54cb98d-8adf-48ea-80f2-5e47b13f1b38,19,1.0,,,,12.29,9.18,4.52,13.95,9.84,6.92
2025-12-17T01:06:33.638122,Recipe_C,b54cb98d-8adf-48ea-80f2-5e47b13f1b38,19,1.0,,,,10.64,11.69,9.02,9.51,8.81,9.37
2025-12-17T01:06:34.638122,Recipe_C,b54cb98d-8adf-48ea-80f2-5e47b13f1b38,19,1.0,,,,9.62,12.6,9.24,12.67,8.85,11.1
2025-12-17T01:06:35.638122,Recipe_C,b54cb98d-8adf-48ea-80f2-5e47b13f1b38,19,1.0,,,,11.24,11.48,11.85,10.43,11.97,7.45
2025-12-17T01:06:36.638122,Recipe_C,b54cb98d-8adf-48ea-80f2-5e47b13f1b38,19,1.0,,,,12.44,9.38,5.39,10.35,12.1,9.44
2025-12-17T01:06:37.638122,Recipe_C,b54cb98d-8adf-48ea-80f2-5e47b13f1b38,19,1.0,,,,9.68,14.53,8.79,7.69,7.39,13.76
2025-12-17T01:06:38.638122,Recipe_C,b54cb98d-8adf-48ea-80f2-5e47b13f1b38,19,1.0,,,,11.06,10.38,9.5,9.42,8.96,9.54
2025-12-17T01:06:39.638122,Recipe_C,b54cb98d-8adf-48ea-80f2-5e47b13f1b38,19,1.0,,,,10.96,10.63,10.86,11.45,6.28,6.27
2025-12-17T01:06:40.638122,Recipe_C,b54cb98d-8adf-48ea-80f2-5e47b13f1b38,19,0.0,,,,0.0,0.0,0.0,0.0,0.0,0.0
2025-12-17T01:06:41.638122,Recipe_C,b54cb98d-8adf-48ea-80f2-5e47b13f1b38,19,0.0,,,,0.0,0.0,0.0,0.0,0.0,0.0
2025-12-17T01:06:42.638122,Recipe_C,b54cb98d-8adf-48ea-80f2-5e47b13f1b38,19,0.0,,,,0.0,0.0,0.0,0.0,0.0,0.0
2025-12-17T01:06:43.638122,Recipe_C,b54cb98d-8adf-48ea-80f2-5e47b13f1b38,19,0.0,,,,0.0,0.0,0.0,0.0,0.0,0.0
2025-12-17T01:06:44.638122,Recipe_C,b54cb98d-8adf-48ea-80f2-5e47b13f1b38,19,0.0,,,,0.0,0.0,0.0,0.0,0.0,0.0
2025-12-17T01:06:45.638122,Recipe_C,b54cb98d-8adf-48ea-80f2-5e47b13f1b38,19,4.0,,,,103.04,49.85,48.3,51.37,49.33,40.95
2025-12-17T01:06:46.638122,Recipe_C,b54cb98d-8adf-48ea-80f2-5e47b13f1b38,19,4.0,,,,97.72,52.03,46.38,48.77,50.84,50.01
2025-12-17T01:06:47.638122,Recipe_C,b54cb98d-8adf-48ea-80f2-5e47b13f1b38,19,4.0,,,,102.11,48.33,56.07,50.43,51.89,51.49
2025-12-17T01:06:48.638122,Recipe_C,b54cb98d-8adf-48ea-80f2-5e47b13f1b38,19,4.0,,,,96.55,54.15,53.26,52.44,53.75,52.85
2025-12-17T01:06:49.638122,Recipe_C,b54cb98d-8adf-48ea-80f2-5e47b13f1b38,19,4.0,,,,110.9,60.29,46.2,50.95,53.64,59.1
2025-12-17T01:06:50.638122,Recipe_C,b54cb98d-8adf-48ea-80f2-5e47b13f1b38,19,4.0,,,,103.32,54.78,47.94,40.12,47.94,45.13
2025-12-17T01:06:51.638122,Recipe_C,b54cb98d-8adf-48ea-80f2-5e47b13f1b38,19,4.0,,,,107.01,45.71,50.22,53.84,41.25,45.76
2025-12-17T01:06:52.638122,Recipe_C,b54cb98d-8adf-48ea-80f2-5e47b13f1b38,19,4.0,,,,95.02,47.15,54.21,49.34,55.9,58.2
2025-12-17T01:06:53.638122,Recipe_C,b54cb98d-8adf-48ea-80f2-5e47b13f1b38,19,4.0,,,,94.44,44.91,43.39,58.32,53.89,43.98
2025-12-17T01:06:54.638122,Recipe_C,b54cb98d-8adf-48ea-80f2-5e47b13f1b38,19,4.0,,,,103.67,57.3,49.71,50.3,50.18,40.85
2025-12-17T01:06:55.638122,Recipe_C,b54cb98d-8adf-48ea-80f2-5e47b13f1b38,19,4.0,,,,98.37,60.37,50.87,49.8,48.88,46.82
2025-12-17T01:06:56.638122,Recipe_C,b54cb98d-8adf-48ea-80f2-5e47b13f1b38,19,4.0,,,,96.95,55.4,43.02,51.54,49.19,57.54
2025-12-17T01:06:57.638122,Recipe_C,b54cb98d-8adf-48ea-80f2-5e47b13f1b38,19,4.0,,,,97.65,56.35,59.12,54.88,48.86,50.96
2025-12-17T01:06:58.638122,Recipe_C,b54cb98d-8adf-48ea-80f2-5e47b13f1b38,19,4.0,,,,103.98,48.24,54.53,53.55,52.55,51.81
2025-12-17T01:06:59.638122,Recipe_C,b54cb98d-8adf-48ea-80f2-5e47b13f1b38,19,4.0,,,,105.64,43.75,48.19,48.87,45.7,46.38
2025-12-17T01:07:00.638122,Recipe_C,b54cb98d-8adf-48ea-80f2-5e47b13f1b38,19,4.0,,,,101.83,49.31,47.49,51.93,52.36,48.82
2025-12-17T01:07:01.638122,Recipe_C,b54cb98d-8adf-48ea-80f2-5e47b13f1b38,19,4.0,,,,105.0,57.15,53.74,41.21,51.17,48.56
2025-12-17T01:07:02.638122,Recipe_C,b54cb98d-8adf-48ea-80f2-5e47b13f1b38,19,4.0,,,,96.54,48.65,54.94,44.22,49.7,52.77
2025-12-17T01:07:03.638122,Recipe_C,b54cb98d-8adf-48ea-80f2-5e47b13f1b38,19,4.0,,,,100.65,55.72,53.41,57.35,51.14,47.86
2025-12-17T01:07:04.638122,Recipe_C,b54cb98d-8adf-48ea-80f2-5e47b13f1b38,19,4.0,,,,96.88,47.61,59.03,49.23,55.23,48.77
2025-12-17T01:07:05.638122,Recipe_C,b54cb98d-8adf-48ea-80f2-5e47b13f1b38,19,4.0,,,,102.48,47.24,49.9,45.65,46.89,49.44
2025-12-17T01:07:06.638122,Recipe_C,b54cb98d-8adf-48ea-80f2-5e47b13f1b38,19,4.0,,,,102.77,52.88,48.18,60.72,54.47,48.48
2025-12-17T01:07:07.638122,Recipe_C,b54cb98d-8adf-48ea-80f2-5e47b13f1b38,19,4.0,,,,103.68,41.33,55.2,54.35,39.87,47.24
2025-12-17T01:07:08.638122,Recipe_C,b54cb98d-8adf-48ea-80f2-5e47b13f1b38,19,2.0,,,,11.04,7.78,9.61,8.81,11.44,7.6
2025-12-17T01:07:09.638122,Recipe_C,b54cb98d-8adf-48ea-80f2-5e47b13f1b38,19,2.0,,,,8.2,10.29,10.4,10.4,5.81,7.8
2025-12-17T01:07:10.638122,Recipe_C,b54cb98d-8adf-48ea-80f2-5e47b13f1b38,19,2.0,,,,11.78,12.37,6.23,10.85,12.78,10.86
2025-12-17T01:07:11.638122,Recipe_C,b54cb98d-8adf-48ea-80f2-5e47b13f1b38,19,2.0,,,,11.39,7.9,10.52,13.54,7.13,8.07
2025-12-17T01:07:12.638122,Recipe_C,b54cb98d-8adf-48ea-80f2-5e47b13f1b38,19,2.0,,,,12.71,8.75,9.41,12.03,8.05,5.64
2025-12-17T01:07:13.638122,Recipe_C,b54cb98d-8adf-48ea-80f2-5e47b13f1b38,19,2.0,,,,11.22,8.2,9.14,12.15,8.77,6.45
2025-12-17T01:07:14.638122,Recipe_C,b54cb98d-8adf-48ea-80f2-5e47b13f1b38,19,2.0,,,,9.9,8.38,7.23,10.8,5.54,11.8
2025-12-17T01:07:15.638122,Recipe_C,b54cb98d-8adf-48ea-80f2-5e47b13f1b38,19,2.0,,,,7.35,10.73,9.36,12.47,7.4,9.7
2025-12-17T01:07:16.638122,Recipe_C,b54cb98d-8adf-48ea-80f2-5e47b13f1b38,19,2.0,,,,8.26,8.85,9.92,6.14,6.81,9.96
2025-12-17T01:07:17.638122,Recipe_C,b54cb98d-8adf-48ea-80f2-5e47b13f1b38,19,2.0,,,,8.17,9.29,10.82,12.61,10.07,8.63
2025-12-17T01:07:18.638122,Recipe_C,b54cb98d-8adf-48ea-80f2-5e47b13f1b38,19,2.0,,,,10.85,9.46,10.6,5.79,10.96,15.31
2025-12-17T01:07:19.638122,Recipe_C,b54cb98d-8adf-48ea-80f2-5e47b13f1b38,19,2.0,,,,9.93,12.55,8.35,13.19,6.47,12.09
2025-12-17T01:07:20.638122,Recipe_C,b54cb98d-8adf-48ea-80f2-5e47b13f1b38,19,2.0,,,,7.88,8.73,8.1,10.48,11.32,10.55
2025-12-17T01:07:21.638122,Recipe_C,b54cb98d-8adf-48ea-80f2-5e47b13f1b38,19,2.0,,,,10.92,12.36,6.91,8.9,10.57,11.4
2025-12-17T01:07:22.638122,Recipe_C,b54cb98d-8adf-48ea-80f2-5e47b13f1b38,19,2.0,,,,9.21,10.89,10.07,9.94,5.42,12.18
2025-12-17T01:07:23.638122,Recipe_C,b54cb98d-8adf-48ea-80f2-5e47b13f1b38,19,1.0,,,,6.6,8.5,11.0,8.96,6.23,9.59
2025-12-17T01:07:24.638122,Recipe_C,b54cb98d-8adf-48ea-80f2-5e47b13f1b38,19,1.0,,,,12.79,11.65,12.61,10.3,9.82,9.35
2025-12-17T01:07:25.638122,Recipe_C,b54cb98d-8adf-48ea-80f2-5e47b13f1b38,19,1.0,,,,9.09,9.39,9.47,12.11,13.97,6.66
2025-12-17T01:07:26.638122,Recipe_C,b54cb98d-8adf-48ea-80f2-5e47b13f1b38,19,1.0,,,,6.7,9.07,10.14,14.88,8.63,11.83
2025-12-17T01:07:27.638122,Recipe_C,b54cb98d-8adf-48ea-80f2-5e47b13f1b38,19,1.0,,,,9.57,11.35,4.89,6.28,7.97,8.22
2025-12-17T01:07:28.638122,Recipe_C,b54cb98d-8adf-48ea-80f2-5e47b13f1b38,19,1.0,,,,10.09,9.41,8.09,9.49,10.75,10.41
2025-12-17T01:07:29.638122,Recipe_C,b54cb98d-8adf-48ea-80f2-5e47b13f1b38,19,1.0,,,,8.41,9.98,10.42,10.22,7.89,10.68
2025-12-17T01:07:30.638122,Recipe_C,b54cb98d-8adf-48ea-80f2-5e47b13f1b38,19,1.0,,,,14.54,12.06,11.15,7.39,10.48,11.6
2025-12-17T01:07:31.638122,Recipe_C,b54cb98d-8adf-48ea-80f2-5e47b13f1b38,19,1.0,,,,11.56,14.61,7.53,15.34,13.0,9.35
2025-12-17T01:07:32.638122,Recipe_C,b54cb98d-8adf-48ea-80f2-5e47b13f1b38,19,1.0,,,,11.65,14.9,12.53,12.32,9.48,7.28
2025-12-17T01:07:33.638122,Recipe_C,b54cb98d-8adf-48ea-80f2-5e47b13f1b38,19,1.0,,,,10.13,11.06,9.71,9.32,10.88,8.82
2025-12-17T01:07:34.638122,Recipe_C,b54cb98d-8adf-48ea-80f2-5e47b13f1b38,19,1.0,,,,13.34,7.01,5.88,12.6,12.02,13.61
2025-12-17T01:07:35.638122,Recipe_C,b54cb98d-8adf-48ea-80f2-5e47b13f1b38,19,1.0,,,,11.27,8.22,12.88,8.82,5.96,11.01
2025-12-17T01:07:36.638122,Recipe_C,b54cb98d-8adf-48ea-80f2-5e47b13f1b38,19,1.0,,,,14.27,9.94,7.3,9.8,5.62,11.73
2025-12-17T01:07:37.638122,Recipe_C,b54cb98d-8adf-48ea-80f2-5e47b13f1b38,19,4.0,,,,102.57,44.52,50.94,46.85,46.09,52.78
2025-12-17T01:07:38.638122,Recipe_C,b54cb98d-8adf-48ea-80f2-5e47b13f1b38,19,4.0,,,,94.49,51.42,45.64,49.0,44.54,47.24
2025-12-17T01:07:39.638122,Recipe_C,b54cb98d-8adf-48ea-80f2-5e47b13f1b38,19,4.0,,,,90.51,47.92,53.79,53.96,58.68,46.65
2025-12-17T01:07:40.638122,Recipe_C,b54cb98d-8adf-48ea-80f2-5e47b13f1b38,19,4.0,,,,96.97,44.79,48.49,64.68,51.73,50.74
2025-12-17T01:07:41.638122,Recipe_C,b54cb98d-8adf-48ea-80f2-5e47b13f1b38,19,4.0,,,,99.36,48.32,42.21,46.61,41.21,50.83
2025-12-17T01:07:42.638122,Recipe_C,b54cb98d-8adf-48ea-80f2-5e47b13f1b38,19,4.0,,,,102.24,53.43,47.23,45.14,53.17,52.51
2025-12-17T01:07:43.638122,Recipe_C,b54cb98d-8adf-48ea-80f2-5e47b13f1b38,19,4.0,,,,95.83,56.33,50.14,55.68,58.69,45.33
2025-12-17T01:07:44.638122,Recipe_C,b54cb98d-8adf-48ea-80f2-5e47b13f1b38,19,4.0,,,,104.5,46.57,47.61,49.59,47.73,53.14
2025-12-17T01:07:45.638122,Recipe_C,b54cb98d-8adf-48ea-80f2-5e47b13f1b38,19,1.0,,,,9.56,7.55,6.79,12.33,12.49,10.55
2025-12-17T01:07:46.638122,Recipe_C,b54cb98d-8adf-48ea-80f2-5e47b13f1b38,19,1.0,,,,8.78,9.05,10.58,10.39,6.42,12.56
2025-12-17T01:07:47.638122,Recipe_C,b54cb98d-8adf-48ea-80f2-5e47b13f1b38,19,1.0,,,,7.8,11.3,8.46,11.39,8.44,10.07
2025-12-17T01:07:48.638122,Recipe_C,b54cb98d-8adf-48ea-80f2-5e47b13f1b38,19,1.0,,,,8.3,10.41,7.45,9.05,7.72,7.81
2025-12-17T01:07:49.638122,Recipe_C,b54cb98d-8adf-48ea-80f2-5e47b13f1b38,19,1.0,,,,10.49,7.51,11.04,10.69,11.54,7.66
2025-12-17T01:07:50.638122,Recipe_C,b54cb98d-8adf-48ea-80f2-5e47b13f1b38,19,1.0,,,,7.76,12.31,8.01,8.67,6.75,7.51
2025-12-17T01:07:51.638122,Recipe_C,b54cb98d-8adf-48ea-80f2-5e47b13f1b38,19,1.0,,,,9.68,12.47,11.31,10.41,11.87,8.89
2025-12-17T01:07:52.638122,Recipe_C,b54cb98d-8adf-48ea-80f2-5e47b13f1b38,19,1.0,,,,12.59,7.66,11.24,10.17,9.0,11.63
2025-12-17T01:07:53.638122,Recipe_C,b54cb98d-8adf-48ea-80f2-5e47b13f1b38,19,1.0,,,,9.25,8.48,11.27,9.79,10.77,8.6
2025-12-17T01:07:54.638122,Recipe_C,b54cb98d-8adf-48ea-80f2-5e47b13f1b38,19,1.0,,,,8.75,9.37,8.1,7.48,9.12,10.12
2025-12-17T01:07:55.638122,Recipe_C,b54cb98d-8adf-48ea-80f2-5e47b13f1b38,19,1.0,,,,7.47,8.12,10.11,10.03,11.6,14.62
2025-12-17T01:07:56.638122,Recipe_C,b54cb98d-8adf-48ea-80f2-5e47b13f1b38,19,1.0,,,,9.63,8.9,11.67,9.34,14.72,6.55
2025-12-17T01:07:57.638122,Recipe_C,b54cb98d-8adf-48ea-80f2-5e47b13f1b38,19,1.0,,,,5.92,11.05,6.54,6.3,5.15,10.81
2025-12-17T01:07:58.638122,Recipe_C,b54cb98d-8adf-48ea-80f2-5e47b13f1b38,19,4.0,,,,97.16,41.92,48.31,55.21,53.94,51.84
2025-12-17T01:07:59.638122,Recipe_C,b54cb98d-8adf-48ea-80f2-5e47b13f1b38,19,4.0,,,,105.82,49.33,55.68,47.62,52.1,45.92
2025-12-17T01:08:00.638122,Recipe_C,b54cb98d-8adf-48ea-80f2-5e47b13f1b38,19,4.0,,,,99.52,44.32,52.47,45.21,53.13,51.33
2025-12-17T01:08:01.638122,Recipe_C,b54cb98d-8adf-48ea-80f2-5e47b13f1b38,19,4.0,,,,108.1,47.27,51.52,49.41,56.48,45.17
2025-12-17T01:08:02.638122,Recipe_C,b54cb98d-8adf-48ea-80f2-5e47b13f1b38,19,4.0,,,,101.47,45.88,56.27,49.91,47.4,47.43
2025-12-17T01:08:03.638122,Recipe_C,b54cb98d-8adf-48ea-80f2-5e47b13f1b38,19,4.0,,,,99.79,46.52,41.97,57.3,59.42,59.3
2025-12-17T01:08:04.638122,Recipe_C,b54cb98d-8adf-48ea-80f2-5e47b13f1b38,19,4.0,,,,107.06,43.16,47.67,56.81,52.87,54.19
2025-12-17T01:08:05.638122,Recipe_C,b54cb98d-8adf-48ea-80f2-5e47b13f1b38,19,4.0,,,,102.86,40.02,59.72,59.11,46.85,49.11
2025-12-17T01:08:06.638122,Recipe_C,b54cb98d-8adf-48ea-80f2-5e47b13f1b38,19,4.0,,,,100.03,51.47,42.46,47.85,47.11,51.56
2025-12-17T01:08:07.638122,Recipe_C,b54cb98d-8adf-48ea-80f2-5e47b13f1b38,19,4.0,,,,102.98,50.11,58.66,51.03,60.71,55.21
2025-12-17T01:08:08.638122,Recipe_C,b54cb98d-8adf-48ea-80f2-5e47b13f1b38,19,4.0,,,,98.64,44.91,47.72,51.81,50.75,52.25
2025-12-17T01:08:09.638122,Recipe_C,b54cb98d-8adf-48ea-80f2-5e47b13f1b38,19,4.0,,,,97.83,49.3,52.27,55.16,43.0,52.36
2025-12-17T01:08:10.638122,Recipe_C,b54cb98d-8adf-48ea-80f2-5e47b13f1b38,19,4.0,,,,100.93,43.95,51.24,41.91,50.18,49.94
2025-12-17T01:08:11.638122,Recipe_C,b54cb98d-8adf-48ea-80f2-5e47b13f1b38,19,4.0,,,,103.23,45.8,56.63,52.61,48.05,54.31
2025-12-17T01:08:12.638122,Recipe_C,b54cb98d-8adf-48ea-80f2-5e47b13f1b38,19,4.0,,,,108.33,41.39,50.25,49.33,50.77,49.4
2025-12-17T01:08:13.638122,Recipe_C,b54cb98d-8adf-48ea-80f2-5e47b13f1b38,19,4.0,,,,102.9,50.09,47.29,46.24,52.26,60.84
2025-12-17T01:08:14.638122,Recipe_C,b54cb98d-8adf-48ea-80f2-5e47b13f1b38,19,4.0,,,,102.04,53.63,52.96,48.59,53.88,53.24
2025-12-17T01:08:15.638122,Recipe_C,b54cb98d-8adf-48ea-80f2-5e47b13f1b38,19,4.0,,,,102.44,58.89,51.72,43.97,50.55,45.22
2025-12-17T01:08:16.638122,Recipe_C,b54cb98d-8adf-48ea-80f2-5e47b13f1b38,19,4.0,,,,98.96,59.06,51.52,47.57,53.7,42.94
2025-12-17T01:08:17.638122,Recipe_C,b54cb98d-8adf-48ea-80f2-5e47b13f1b38,19,4.0,,,,100.06,57.81,51.02,51.06,53.65,50.55
2025-12-17T01:08:18.638122,Recipe_C,b54cb98d-8adf-48ea-80f2-5e47b13f1b38,19,4.0,,,,100.28,61.77,44.68,50.8,49.74,50.27
2025-12-17T01:08:19.638122,Recipe_C,b54cb98d-8adf-48ea-80f2-5e47b13f1b38,19,0.0,,,,0.0,0.0,0.0,0.0,0.0,0.0
2025-12-17T01:08:20.638122,Recipe_C,b54cb98d-8adf-48ea-80f2-5e47b13f1b38,19,0.0,,,,0.0,0.0,0.0,0.0,0.0,0.0
2025-12-17T01:08:21.638122,Recipe_C,b54cb98d-8adf-48ea-80f2-5e47b13f1b38,19,0.0,,,,0.0,0.0,0.0,0.0,0.0,0.0
2025-12-17T01:08:22.638122,Recipe_C,b54cb98d-8adf-48ea-80f2-5e47b13f1b38,19,0.0,,,,0.0,0.0,0.0,0.0,0.0,0.0
2025-12-17T01:08:23.638122,Recipe_C,b54cb98d-8adf-48ea-80f2-5e47b13f1b38,19,0.0,,,,0.0,0.0,0.0,0.0,0.0,0.0
2025-12-17T01:08:24.638122,Recipe_C,b54cb98d-8adf-48ea-80f2-5e47b13f1b38,19,0.0,,,,0.0,0.0,0.0,0.0,0.0,0.0
2025-12-17T01:08:25.638122,Recipe_C,b54cb98d-8adf-48ea-80f2-5e47b13f1b38,19,0.0,,,,0.0,0.0,0.0,0.0,0.0,0.0
2025-12-17T01:08:26.638122,Recipe_C,b54cb98d-8adf-48ea-80f2-5e47b13f1b38,19,0.0,,,,0.0,0.0,0.0,0.0,0.0,0.0
2025-12-17T01:08:27.638122,Recipe_C,b54cb98d-8adf-48ea-80f2-5e47b13f1b38,19,0.0,,,,0.0,0.0,0.0,0.0,0.0,0.0
2025-12-17T01:08:28.638122,Recipe_C,b54cb98d-8adf-48ea-80f2-5e47b13f1b38,19,0.0,,,,0.0,0.0,0.0,0.0,0.0,0.0
2025-12-17T01:08:29.638122,Recipe_C,b54cb98d-8adf-48ea-80f2-5e47b13f1b38,19,3.0,,,,11.71,8.63,9.46,8.33,11.05,8.76
2025-12-17T01:08:30.638122,Recipe_C,b54cb98d-8adf-48ea-80f2-5e47b13f1b38,19,3.0,,,,7.4,11.62,13.03,9.25,12.27,9.08
2025-12-17T01:08:31.638122,Recipe_C,b54cb98d-8adf-48ea-80f2-5e47b13f1b38,19,3.0,,,,6.65,10.94,9.48,12.52,6.93,8.87
2025-12-17T01:08:31.638122,Recipe_C,b54cb98d-8adf-48ea-80f2-5e47b13f1b38,19,3.0,Warning_2,Simulated Warning occurred,Warning,,,,,,
2025-12-17T01:08:32.638122,Recipe_C,b54cb98d-8adf-48ea-80f2-5e47b13f1b38,19,3.0,,,,8.22,12.45,9.32,10.56,8.43,10.74
2025-12-17T01:08:33.638122,Recipe_C,b54cb98d-8adf-48ea-80f2-5e47b13f1b38,19,3.0,,,,11.38,8.49,11.07,10.21,7.85,12.53
2025-12-17T01:08:34.638122,Recipe_C,b54cb98d-8adf-48ea-80f2-5e47b13f1b38,19,3.0,,,,11.62,9.26,9.17,11.42,7.56,11.09
2025-12-17T01:08:35.638122,Recipe_C,b54cb98d-8adf-48ea-80f2-5e47b13f1b38,19,3.0,,,,7.42,10.86,9.36,10.73,10.22,11.32
2025-12-17T01:08:36.638122,Recipe_C,b54cb98d-8adf-48ea-80f2-5e47b13f1b38,19,3.0,,,,10.62,9.32,14.54,11.34,9.2,11.52
2025-12-17T01:08:37.638122,Recipe_C,b54cb98d-8adf-48ea-80f2-5e47b13f1b38,19,3.0,,,,13.54,7.74,9.76,11.15,10.84,9.85
2025-12-17T01:08:38.638122,Recipe_C,b54cb98d-8adf-48ea-80f2-5e47b13f1b38,19,3.0,,,,10.3,10.48,7.24,12.93,9.4,10.74
2025-12-17T01:08:39.638122,Recipe_C,b54cb98d-8adf-48ea-80f2-5e47b13f1b38,19,3.0,,,,12.21,9.15,13.04,10.56,11.76,10.07
2025-12-17T01:08:40.638122,Recipe_C,b54cb98d-8adf-48ea-80f2-5e47b13f1b38,19,3.0,,,,8.98,6.4,11.84,14.51,7.84,12.72
2025-12-17T01:08:41.638122,Recipe_C,b54cb98d-8adf-48ea-80f2-5e47b13f1b38,19,3.0,,,,10.63,10.93,8.55,12.31,10.75,10.26
2025-12-17T01:08:42.638122,Recipe_C,b54cb98d-8adf-48ea-80f2-5e47b13f1b38,19,3.0,,,,10.51,8.4,11.72,12.64,7.97,8.69
2025-12-17T01:08:43.638122,Recipe_C,b54cb98d-8adf-48ea-80f2-5e47b13f1b38,19,3.0,,,,9.59,10.03,4.96,7.83,13.8,7.36
2025-12-17T01:08:44.638122,Recipe_C,b54cb98d-8adf-48ea-80f2-5e47b13f1b38,19,3.0,,,,8.39,10.42,12.15,13.66,12.33,10.82
2025-12-17T01:08:45.638122,Recipe_C,b54cb98d-8adf-48ea-80f2-5e47b13f1b38,19,3.0,,,,7.69,9.14,9.42,11.26,9.17,10.74
2025-12-17T01:08:46.638122,Recipe_C,b54cb98d-8adf-48ea-80f2-5e47b13f1b38,19,3.0,,,,9.31,8.84,9.49,8.92,10.17,9.49
2025-12-17T01:08:47.638122,Recipe_C,b54cb98d-8adf-48ea-80f2-5e47b13f1b38,19,3.0,,,,9.42,10.61,7.79,8.66,12.54,9.77
2025-12-17T01:08:48.638122,Recipe_C,b54cb98d-8adf-48ea-80f2-5e47b13f1b38,19,3.0,,,,10.63,10.7,9.13,6.62,7.41,8.46
2025-12-17T01:08:49.638122,Recipe_C,b54cb98d-8adf-48ea-80f2-5e47b13f1b38,19,3.0,,,,10.81,9.35,6.62,8.66,9.42,7.77
2025-12-17T01:08:50.638122,Recipe_C,b54cb98d-8adf-48ea-80f2-5e47b13f1b38,19,3.0,,,,9.89,11.39,10.68,6.08,13.02,11.28
2025-12-17T01:08:51.638122,Recipe_C,b54cb98d-8adf-48ea-80f2-5e47b13f1b38,19,3.0,,,,7.78,9.23,12.51,11.18,9.22,8.51
2025-12-17T01:08:52.638122,Recipe_C,b54cb98d-8adf-48ea-80f2-5e47b13f1b38,19,3.0,,,,10.33,11.8,12.62,8.22,10.67,8.53
2025-12-17T01:08:53.638122,Recipe_C,b54cb98d-8adf-48ea-80f2-5e47b13f1b38,19,3.0,,,,8.75,8.88,8.8,10.1,8.12,7.01
2025-12-17T01:08:54.638122,Recipe_C,b54cb98d-8adf-48ea-80f2-5e47b13f1b38,19,3.0,,,,13.14,9.94,9.35,10.17,10.25,8.43
2025-12-17T01:08:55.638122,Recipe_C,b54cb98d-8adf-48ea-80f2-5e47b13f1b38,19,3.0,,,,12.53,11.07,10.82,10.84,12.14,13.12
2025-12-17T01:08:56.638122,Recipe_C,b54cb98d-8adf-48ea-80f2-5e47b13f1b38,19,3.0,,,,9.74,11.74,10.78,7.1,12.32,11.39
2025-12-17T01:08:57.638122,Recipe_C,b54cb98d-8adf-48ea-80f2-5e47b13f1b38,19,3.0,,,,10.0,11.4,7.22,12.88,10.11,12.17
2025-12-17T01:08:58.638122,Recipe_C,b54cb98d-8adf-48ea-80f2-5e47b13f1b38,19,3.0,,,,14.92,11.98,10.18,11.13,9.8,11.51
2025-12-17T01:08:59.638122,Recipe_C,b54cb98d-8adf-48ea-80f2-5e47b13f1b38,19,3.0,,,,6.3,8.85,10.55,12.65,12.0,11.35
2025-12-17T01:09:00.638122,Recipe_C,b54cb98d-8adf-48ea-80f2-5e47b13f1b38,19,3.0,,,,9.44,7.72,11.38,9.04,12.0,16.38
2025-12-17T01:09:01.638122,Recipe_C,b54cb98d-8adf-48ea-80f2-5e47b13f1b38,19,3.0,,,,8.29,12.67,12.03,14.41,7.43,11.0
2025-12-17T01:09:02.638122,Recipe_C,b54cb98d-8adf-48ea-80f2-5e47b13f1b38,19,3.0,,,,9.03,10.59,10.3,10.71,11.95,9.68
2025-12-17T01:09:03.638122,Recipe_C,b54cb98d-8adf-48ea-80f2-5e47b13f1b38,19,3.0,,,,7.53,8.78,8.3,7.62,9.02,6.67
2025-12-17T01:09:04.638122,Recipe_C,b54cb98d-8adf-48ea-80f2-5e47b13f1b38,19,3.0,,,,11.6,10.02,7.02,13.15,7.57,7.67
2025-12-17T01:09:05.638122,Recipe_C,b54cb98d-8adf-48ea-80f2-5e47b13f1b38,19,3.0,,,,9.93,10.0,9.69,13.93,9.43,9.31
2025-12-17T01:09:06.638122,Recipe_C,b54cb98d-8adf-48ea-80f2-5e47b13f1b38,19,3.0,,,,9.8,10.44,9.69,10.86,9.04,15.05
2025-12-17T01:09:07.638122,Recipe_C,b54cb98d-8adf-48ea-80f2-5e47b13f1b38,19,3.0,,,,9.71,10.32,12.04,10.98,8.48,7.88
2025-12-17T01:09:08.638122,Recipe_C,b54cb98d-8adf-48ea-80f2-5e47b13f1b38,19,3.0,,,,13.78,10.1,14.2,10.49,9.14,9.9
2025-12-17T01:09:09.638122,Recipe_C,b54cb98d-8adf-48ea-80f2-5e47b13f1b38,19,3.0,,,,10.97,7.53,8.77,7.53,8.52,9.82
2025-12-17T01:09:10.638122,Recipe_C,b54cb98d-8adf-48ea-80f2-5e47b13f1b38,19,3.0,,,,8.85,8.15,9.53,11.29,8.7,11.7
2025-12-17T01:09:11.638122,Recipe_C,b54cb98d-8adf-48ea-80f2-5e47b13f1b38,19,3.0,,,,8.59,14.04,10.99,12.35,7.26,11.47
2025-12-17T01:09:12.638122,Recipe_C,b54cb98d-8adf-48ea-80f2-5e47b13f1b38,19,3.0,,,,9.05,11.71,9.18,8.89,9.61,10.03
2025-12-17T01:09:13.638122,Recipe_C,b54cb98d-8adf-48ea-80f2-5e47b13f1b38,19,3.0,,,,9.83,11.35,11.04,13.41,8.89,13.18
2025-12-17T01:09:14.638122,Recipe_C,b54cb98d-8adf-48ea-80f2-5e47b13f1b38,19,3.0,,,,12.75,6.6,8.14,9.72,5.19,7.78
2025-12-17T01:09:15.638122,Recipe_C,b54cb98d-8adf-48ea-80f2-5e47b13f1b38,19,1.0,,,,10.3,7.74,9.5,7.43,9.34,8.13
2025-12-17T01:09:16.638122,Recipe_C,b54cb98d-8adf-48ea-80f2-5e47b13f1b38,19,1.0,,,,8.11,13.04,11.23,10.52,8.59,8.02
2025-12-17T01:09:17.638122,Recipe_C,b54cb98d-8adf-48ea-80f2-5e47b13f1b38,19,1.0,,,,9.59,9.57,8.03,12.98,13.18,9.15
2025-12-17T01:09:18.638122,Recipe_C,b54cb98d-8adf-48ea-80f2-5e47b13f1b38,19,1.0,,,,10.83,9.83,10.7,9.93,6.78,9.64
2025-12-17T01:09:19.638122,Recipe_C,b54cb98d-8adf-48ea-80f2-5e47b13f1b38,19,1.0,,,,8.48,13.41,8.55,10.41,9.98,7.86
2025-12-17T01:09:20.638122,Recipe_C,b54cb98d-8adf-48ea-80f2-5e47b13f1b38,19,1.0,,,,11.59,10.96,12.96,7.91,10.76,13.08
2025-12-17T01:09:21.638122,Recipe_C,b54cb98d-8adf-48ea-80f2-5e47b13f1b38,19,1.0,,,,10.04,11.97,8.1,9.81,11.63,8.43
2025-12-17T01:09:22.638122,Recipe_C,b54cb98d-8adf-48ea-80f2-5e47b13f1b38,19,1.0,,,,12.28,8.28,10.38,9.33,9.14,10.27
2025-12-17T01:09:23.638122,Recipe_C,b54cb98d-8adf-48ea-80f2-5e47b13f1b38,19,1.0,,,,6.79,11.36,8.06,12.37,11.43,9.52
2025-12-17T01:09:24.638122,Recipe_C,b54cb98d-8adf-48ea-80f2-5e47b13f1b38,19,1.0,,,,12.87,10.32,13.74,11.32,10.49,7.8
2025-12-17T01:09:25.638122,Recipe_C,b54cb98d-8adf-48ea-80f2-5e47b13f1b38,19,1.0,,,,10.2,7.89,10.67,8.45,11.59,8.02
2025-12-17T01:09:26.638122,Recipe_C,b54cb98d-8adf-48ea-80f2-5e47b13f1b38,19,1.0,,,,8.51,9.64,7.71,6.6,11.63,8.27
2025-12-17T01:09:27.638122,Recipe_C,b54cb98d-8adf-48ea-80f2-5e47b13f1b38,19,1.0,,,,11.39,7.96,11.26,10.84,5.89,8.88
2025-12-17T01:09:28.638122,Recipe_C,b54cb98d-8adf-48ea-80f2-5e47b13f1b38,19,1.0,,,,12.68,8.8,8.51,15.87,8.99,13.0
2025-12-17T01:09:29.638122,Recipe_C,b54cb98d-8adf-48ea-80f2-5e47b13f1b38,19,1.0,,,,12.71,10.71,9.59,10.11,9.41,5.78
2025-12-17T01:09:30.638122,Recipe_C,b54cb98d-8adf-48ea-80f2-5e47b13f1b38,19,1.0,,,,8.19,9.49,14.93,10.07,15.72,11.57
2025-12-17T01:09:31.638122,Recipe_C,b54cb98d-8adf-48ea-80f2-5e47b13f1b38,19,1.0,,,,8.88,8.93,13.86,6.74,11.43,12.27
2025-12-17T01:09:32.638122,Recipe_C,b54cb98d-8adf-48ea-80f2-5e47b13f1b38,19,1.0,,,,9.35,10.26,10.32,13.01,9.29,11.25
2025-12-17T01:09:33.638122,Recipe_C,b54cb98d-8adf-48ea-80f2-5e47b13f1b38,19,1.0,,,,7.83,8.16,10.52,12.54,7.85,13.32
2025-12-17T01:09:34.638122,Recipe_C,b54cb98d-8adf-48ea-80f2-5e47b13f1b38,19,1.0,,,,10.95,11.32,6.65,5.86,9.09,10.0
2025-12-17T01:09:35.638122,Recipe_C,b54cb98d-8adf-48ea-80f2-5e47b13f1b38,19,1.0,,,,12.3,9.84,11.31,12.12,9.66,10.98
2025-12-17T01:09:36.638122,Recipe_C,b54cb98d-8adf-48ea-80f2-5e47b13f1b38,19,1.0,,,,8.76,13.53,9.66,11.04,5.6,8.2
2025-12-17T01:09:37.638122,Recipe_C,b54cb98d-8adf-48ea-80f2-5e47b13f1b38,19,1.0,,,,10.24,7.65,8.91,11.99,10.57,9.16
2025-12-17T01:09:38.638122,Recipe_C,b54cb98d-8adf-48ea-80f2-5e47b13f1b38,19,1.0,,,,13.35,8.79,11.18,10.11,6.78,12.4
2025-12-17T01:09:39.638122,Recipe_C,b54cb98d-8adf-48ea-80f2-5e47b13f1b38,19,1.0,,,,9.38,10.75,9.47,7.45,10.64,7.51
2025-12-17T01:09:40.638122,Recipe_C,b54cb98d-8adf-48ea-80f2-5e47b13f1b38,19,1.0,,,,7.48,13.85,7.76,6.48,8.39,5.59
2025-12-17T01:09:41.638122,Recipe_C,b54cb98d-8adf-48ea-80f2-5e47b13f1b38,19,1.0,,,,9.63,10.46,8.54,8.6,12.05,7.32
2025-12-17T01:09:42.638122,Recipe_C,b54cb98d-8adf-48ea-80f2-5e47b13f1b38,19,1.0,,,,9.65,10.73,12.39,10.49,7.42,9.87
2025-12-17T01:09:43.638122,Recipe_C,b54cb98d-8adf-48ea-80f2-5e47b13f1b38,19,1.0,,,,9.08,6.64,7.93,8.75,10.64,6.19
2025-12-17T01:09:44.638122,Recipe_C,b54cb98d-8adf-48ea-80f2-5e47b13f1b38,19,1.0,,,,13.65,8.41,11.35,7.54,10.66,10.99
2025-12-17T01:09:45.638122,Recipe_C,b54cb98d-8adf-48ea-80f2-5e47b13f1b38,19,1.0,,,,7.4,9.26,9.63,9.47,7.03,8.34
2025-12-17T01:09:46.638122,Recipe_C,b54cb98d-8adf-48ea-80f2-5e47b13f1b38,19,1.0,,,,8.72,8.66,11.27,11.68,10.46,8.68
2025-12-17T01:09:47.638122,Recipe_C,b54cb98d-8adf-48ea-80f2-5e47b13f1b38,19,1.0,,,,11.19,9.87,13.5,9.46,8.52,8.35
2025-12-17T01:09:48.638122,Recipe_C,b54cb98d-8adf-48ea-80f2-5e47b13f1b38,19,1.0,,,,9.12,9.62,8.85,11.63,12.99,10.25
2025-12-17T01:09:49.638122,Recipe_C,b54cb98d-8adf-48ea-80f2-5e47b13f1b38,19,1.0,,,,12.5,10.78,9.67,11.04,8.7,9.02
2025-12-17T01:09:50.638122,Recipe_C,b54cb98d-8adf-48ea-80f2-5e47b13f1b38,19,1.0,,,,10.47,8.82,11.21,11.85,12.16,8.76
2025-12-17T01:09:51.638122,Recipe_C,b54cb98d-8adf-48ea-80f2-5e47b13f1b38,19,1.0,,,,7.61,7.34,11.28,9.63,6.47,6.45
2025-12-17T01:09:52.638122,Recipe_C,b54cb98d-8adf-48ea-80f2-5e47b13f1b38,19,1.0,,,,13.27,8.4,7.16,10.29,8.36,9.91
2025-12-17T01:09:53.638122,Recipe_C,b54cb98d-8adf-48ea-80f2-5e47b13f1b38,19,1.0,,,,11.15,11.07,9.16,9.29,9.33,8.29
2025-12-17T01:09:54.638122,Recipe_C,b54cb98d-8adf-48ea-80f2-5e47b13f1b38,19,1.0,,,,10.58,12.29,6.72,7.41,10.31,8.86
2025-12-17T01:09:55.638122,Recipe_C,b54cb98d-8adf-48ea-80f2-5e47b13f1b38,19,1.0,,,,10.86,11.06,10.31,11.08,11.3,8.34
2025-12-17T01:09:56.638122,Recipe_C,b54cb98d-8adf-48ea-80f2-5e47b13f1b38,19,1.0,,,,7.99,6.71,14.11,7.59,10.44,10.71
2025-12-17T01:09:57.638122,Recipe_C,b54cb98d-8adf-48ea-80f2-5e47b13f1b38,19,1.0,,,,11.39,13.58,10.83,11.07,11.45,10.26
2025-12-17T01:09:58.638122,Recipe_C,b54cb98d-8adf-48ea-80f2-5e47b13f1b38,19,1.0,,,,12.54,6.67,9.79,15.73,11.48,10.02
2025-12-17T01:09:59.638122,Recipe_C,b54cb98d-8adf-48ea-80f2-5e47b13f1b38,19,1.0,,,,6.8,11.04,8.44,6.65,8.2,10.6
2025-12-17T01:10:00.638122,Recipe_C,b54cb98d-8adf-48ea-80f2-5e47b13f1b38,19,1.0,,,,8.58,10.44,11.24,10.91,12.68,9.03
2025-12-17T01:10:01.638122,Recipe_C,b54cb98d-8adf-48ea-80f2-5e47b13f1b38,19,1.0,,,,10.81,7.74,8.94,14.48,10.01,10.01
2025-12-17T01:10:02.638122,Recipe_C,b54cb98d-8adf-48ea-80f2-5e47b13f1b38,19,1.0,,,,8.71,9.85,9.23,8.33,9.5,9.84
2025-12-17T01:10:03.638122,Recipe_C,b54cb98d-8adf-48ea-80f2-5e47b13f1b38,19,1.0,,,,7.47,9.06,9.04,9.49,10.17,7.53
2025-12-17T01:10:04.638122,Recipe_C,b54cb98d-8adf-48ea-80f2-5e47b13f1b38,19,1.0,,,,9.17,9.63,10.4,8.28,11.39,10.26
2025-12-17T01:10:05.638122,Recipe_C,b54cb98d-8adf-48ea-80f2-5e47b13f1b38,19,1.0,,,,11.31,8.02,9.93,10.63,8.47,9.1
2025-12-17T01:10:06.638122,Recipe_C,b54cb98d-8adf-48ea-80f2-5e47b13f1b38,19,1.0,,,,10.0,14.45,11.41,9.24,6.78,9.35
2025-12-17T01:10:07.638122,Recipe_C,b54cb98d-8adf-48ea-80f2-5e47b13f1b38,19,1.0,,,,11.79,10.19,9.54,7.83,11.13,7.62
2025-12-17T01:10:08.638122,Recipe_C,b54cb98d-8adf-48ea-80f2-5e47b13f1b38,19,1.0,,,,8.64,5.21,8.75,11.9,10.57,11.31
2025-12-17T01:10:09.638122,Recipe_C,b54cb98d-8adf-48ea-80f2-5e47b13f1b38,19,1.0,,,,7.46,8.26,9.31,8.33,7.44,9.29
2025-12-17T01:10:10.638122,Recipe_C,b54cb98d-8adf-48ea-80f2-5e47b13f1b38,19,1.0,,,,10.51,9.21,12.86,6.51,12.07,9.1
2025-12-17T01:10:11.638122,Recipe_C,b54cb98d-8adf-48ea-80f2-5e47b13f1b38,19,1.0,,,,9.48,13.56,8.49,9.91,10.44,10.31
2025-12-17T01:10:12.638122,Recipe_C,b54cb98d-8adf-48ea-80f2-5e47b13f1b38,19,1.0,,,,11.3,6.63,9.66,11.48,11.89,10.7
2025-12-17T01:10:13.638122,Recipe_C,b54cb98d-8adf-48ea-80f2-5e47b13f1b38,19,1.0,,,,13.61,12.09,5.84,7.31,11.82,7.22
2025-12-17T01:10:14.638122,Recipe_C,b54cb98d-8adf-48ea-80f2-5e47b13f1b38,19,0.0,,,,0.0,0.0,0.0,0.0,0.0,0.0
2025-12-17T01:10:15.638122,Recipe_C,b54cb98d-8adf-48ea-80f2-5e47b13f1b38,19,0.0,,,,0.0,0.0,0.0,0.0,0.0,0.0
2025-12-17T01:10:16.638122,Recipe_C,b54cb98d-8adf-48ea-80f2-5e47b13f1b38,19,0.0,,,,0.0,0.0,0.0,0.0,0.0,0.0
2025-12-17T01:10:17.638122,Recipe_C,b54cb98d-8adf-48ea-80f2-5e47b13f1b38,19,0.0,,,,0.0,0.0,0.0,0.0,0.0,0.0
2025-12-17T01:10:18.638122,Recipe_C,b54cb98d-8adf-48ea-80f2-5e47b13f1b38,19,0.0,,,,0.0,0.0,0.0,0.0,0.0,0.0
2025-12-17T01:10:19.638122,Recipe_C,b54cb98d-8adf-48ea-80f2-5e47b13f1b38,19,0.0,,,,0.0,0.0,0.0,0.0,0.0,0.0
2025-12-17T01:10:20.638122,Recipe_C,b54cb98d-8adf-48ea-80f2-5e47b13f1b38,19,0.0,,,,0.0,0.0,0.0,0.0,0.0,0.0
2025-12-17T01:10:21.638122,Recipe_C,b54cb98d-8adf-48ea-80f2-5e47b13f1b38,19,0.0,,,,0.0,0.0,0.0,0.0,0.0,0.0
2025-12-17T01:10:22.638122,Recipe_C,b54cb98d-8adf-48ea-80f2-5e47b13f1b38,19,0.0,,,,0.0,0.0,0.0,0.0,0.0,0.0
2025-12-17T01:10:23.638122,Recipe_C,b54cb98d-8adf-48ea-80f2-5e47b13f1b38,19,0.0,,,,0.0,0.0,0.0,0.0,0.0,0.0
2025-12-17T01:10:24.638122,Recipe_C,b54cb98d-8adf-48ea-80f2-5e47b13f1b38,19,0.0,,,,0.0,0.0,0.0,0.0,0.0,0.0
2025-12-17T01:10:25.638122,Recipe_C,b54cb98d-8adf-48ea-80f2-5e47b13f1b38,19,0.0,,,,0.0,0.0,0.0,0.0,0.0,0.0
2025-12-17T01:10:26.638122,Recipe_C,b54cb98d-8adf-48ea-80f2-5e47b13f1b38,19,0.0,,,,0.0,0.0,0.0,0.0,0.0,0.0
2025-12-17T01:10:27.638122,Recipe_C,b54cb98d-8adf-48ea-80f2-5e47b13f1b38,19,0.0,,,,0.0,0.0,0.0,0.0,0.0,0.0
2025-12-17T01:10:28.638122,Recipe_C,b54cb98d-8adf-48ea-80f2-5e47b13f1b38,19,0.0,,,,0.0,0.0,0.0,0.0,0.0,0.0
2025-12-17T01:10:29.638122,Recipe_C,b54cb98d-8adf-48ea-80f2-5e47b13f1b38,19,4.0,,,,113.66,51.91,46.69,47.21,43.05,42.76
2025-12-17T01:10:30.638122,Recipe_C,b54cb98d-8adf-48ea-80f2-5e47b13f1b38,19,4.0,,,,99.54,54.09,51.75,49.4,49.03,44.76
2025-12-17T01:10:31.638122,Recipe_C,b54cb98d-8adf-48ea-80f2-5e47b13f1b38,19,4.0,,,,100.64,49.73,41.81,51.0,52.44,59.19
2025-12-17T01:10:32.638122,Recipe_C,b54cb98d-8adf-48ea-80f2-5e47b13f1b38,19,4.0,,,,103.85,46.67,49.87,50.68,46.0,58.69
2025-12-17T01:10:33.638122,Recipe_C,b54cb98d-8adf-48ea-80f2-5e47b13f1b38,19,4.0,,,,95.84,50.85,50.17,46.31,54.48,50.63
2025-12-17T01:10:34.638122,Recipe_C,b54cb98d-8adf-48ea-80f2-5e47b13f1b38,19,4.0,,,,93.54,48.66,45.66,49.28,56.02,51.19
2025-12-17T01:10:35.638122,Recipe_C,b54cb98d-8adf-48ea-80f2-5e47b13f1b38,19,4.0,,,,96.81,47.78,49.25,56.72,49.57,55.43
2025-12-17T01:10:36.638122,Recipe_C,b54cb98d-8adf-48ea-80f2-5e47b13f1b38,19,4.0,,,,97.55,44.71,41.56,54.62,50.48,53.26
2025-12-17T01:10:37.638122,Recipe_C,b54cb98d-8adf-48ea-80f2-5e47b13f1b38,19,4.0,,,,94.46,49.24,56.02,57.33,52.71,54.57
2025-12-17T01:10:38.638122,Recipe_C,b54cb98d-8adf-48ea-80f2-5e47b13f1b38,19,4.0,,,,99.35,52.16,44.32,45.83,54.43,51.1
2025-12-17T01:10:39.638122,Recipe_C,b54cb98d-8adf-48ea-80f2-5e47b13f1b38,19,4.0,,,,94.92,49.56,49.07,50.48,48.71,47.1
2025-12-17T01:10:40.638122,Recipe_C,b54cb98d-8adf-48ea-80f2-5e47b13f1b38,19,4.0,,,,109.86,54.1,45.77,49.63,55.53,46.58
2025-12-17T01:10:41.638122,Recipe_C,b54cb98d-8adf-48ea-80f2-5e47b13f1b38,19,4.0,,,,102.24,52.73,52.91,58.32,47.63,46.96
2025-12-17T01:10:42.638122,Recipe_C,b54cb98d-8adf-48ea-80f2-5e47b13f1b38,19,4.0,,,,93.35,51.48,44.87,48.16,63.4,48.82
2025-12-17T01:10:43.638122,Recipe_C,b54cb98d-8adf-48ea-80f2-5e47b13f1b38,19,4.0,,,,98.63,54.65,53.66,42.5,51.31,48.46
2025-12-17T01:10:44.638122,Recipe_C,b54cb98d-8adf-48ea-80f2-5e47b13f1b38,19,4.0,,,,101.82,60.18,48.06,49.98,58.0,51.96
2025-12-17T01:10:45.638122,Recipe_C,b54cb98d-8adf-48ea-80f2-5e47b13f1b38,19,4.0,,,,96.62,54.81,52.86,51.71,49.94,52.23
2025-12-17T01:10:46.638122,Recipe_C,b54cb98d-8adf-48ea-80f2-5e47b13f1b38,19,4.0,,,,98.14,47.7,52.72,54.25,48.98,41.49
2025-12-17T01:10:47.638122,Recipe_C,b54cb98d-8adf-48ea-80f2-5e47b13f1b38,19,4.0,,,,100.07,43.15,45.74,53.15,51.56,47.86
2025-12-17T01:10:48.638122,Recipe_C,b54cb98d-8adf-48ea-80f2-5e47b13f1b38,19,4.0,,,,102.75,44.74,53.58,51.81,48.91,54.88
2025-12-17T01:10:49.638122,Recipe_C,b54cb98d-8adf-48ea-80f2-5e47b13f1b38,19,4.0,,,,105.35,51.54,59.32,51.91,55.82,43.12
2025-12-17T01:10:50.638122,Recipe_C,b54cb98d-8adf-48ea-80f2-5e47b13f1b38,19,4.0,,,,102.7,43.75,55.6,38.02,49.28,52.7
2025-12-17T01:10:51.638122,Recipe_C,b54cb98d-8adf-48ea-80f2-5e47b13f1b38,19,4.0,,,,92.78,44.86,49.6,46.74,46.83,52.14
2025-12-17T01:10:52.638122,Recipe_C,b54cb98d-8adf-48ea-80f2-5e47b13f1b38,19,4.0,,,,96.45,51.46,57.28,50.97,53.53,51.65
2025-12-17T01:10:53.638122,Recipe_C,b54cb98d-8adf-48ea-80f2-5e47b13f1b38,19,4.0,,,,101.37,45.96,53.68,49.75,44.05,44.37
2025-12-17T01:10:54.638122,Recipe_C,b54cb98d-8adf-48ea-80f2-5e47b13f1b38,19,4.0,,,,103.85,52.25,51.29,39.43,50.39,52.21
2025-12-17T01:10:55.638122,Recipe_C,b54cb98d-8adf-48ea-80f2-5e47b13f1b38,19,4.0,,,,100.29,48.19,51.64,47.95,42.88,55.12
2025-12-17T01:10:56.638122,Recipe_C,b54cb98d-8adf-48ea-80f2-5e47b13f1b38,19,4.0,,,,107.0,50.32,53.01,49.48,48.94,53.16
2025-12-17T01:10:57.638122,Recipe_C,b54cb98d-8adf-48ea-80f2-5e47b13f1b38,19,4.0,,,,96.77,51.12,51.84,48.42,50.7,54.71
2025-12-17T01:10:58.638122,Recipe_C,b54cb98d-8adf-48ea-80f2-5e47b13f1b38,19,4.0,,,,92.87,47.8,45.48,46.8,49.49,48.53
2025-12-17T01:10:59.638122,Recipe_C,b54cb98d-8adf-48ea-80f2-5e47b13f1b38,19,3.0,,,,9.54,9.75,7.89,10.99,7.63,7.65
2025-12-17T01:11:00.638122,Recipe_C,b54cb98d-8adf-48ea-80f2-5e47b13f1b38,19,3.0,,,,11.62,11.25,10.09,11.66,12.33,6.84
2025-12-17T01:11:01.638122,Recipe_C,b54cb98d-8adf-48ea-80f2-5e47b13f1b38,19,3.0,,,,13.16,10.33,8.77,7.04,13.25,13.81
2025-12-17T01:11:02.638122,Recipe_C,b54cb98d-8adf-48ea-80f2-5e47b13f1b38,19,0.0,,,,0.0,0.0,0.0,0.0,0.0,0.0
2025-12-17T01:11:03.638122,Recipe_C,b54cb98d-8adf-48ea-80f2-5e47b13f1b38,19,0.0,,,,0.0,0.0,0.0,0.0,0.0,0.0
2025-12-17T01:11:04.638122,Recipe_C,b54cb98d-8adf-48ea-80f2-5e47b13f1b38,19,0.0,,,,0.0,0.0,0.0,0.0,0.0,0.0
2025-12-17T01:11:05.638122,Recipe_C,b54cb98d-8adf-48ea-80f2-5e47b13f1b38,19,0.0,,,,0.0,0.0,0.0,0.0,0.0,0.0
2025-12-17T01:11:06.638122,Recipe_C,b54cb98d-8adf-48ea-80f2-5e47b13f1b38,19,0.0,,,,0.0,0.0,0.0,0.0,0.0,0.0
2025-12-17T01:11:07.638122,Recipe_C,b54cb98d-8adf-48ea-80f2-5e47b13f1b38,19,0.0,,,,0.0,0.0,0.0,0.0,0.0,0.0
2025-12-17T01:11:08.638122,Recipe_C,b54cb98d-8adf-48ea-80f2-5e47b13f1b38,19,0.0,,,,0.0,0.0,0.0,0.0,0.0,0.0
2025-12-17T01:11:09.638122,Recipe_C,b54cb98d-8adf-48ea-80f2-5e47b13f1b38,19,0.0,,,,0.0,0.0,0.0,0.0,0.0,0.0
2025-12-17T01:11:10.638122,Recipe_C,b54cb98d-8adf-48ea-80f2-5e47b13f1b38,19,0.0,,,,0.0,0.0,0.0,0.0,0.0,0.0
2025-12-17T01:11:11.638122,Recipe_C,b54cb98d-8adf-48ea-80f2-5e47b13f1b38,19,0.0,,,,0.0,0.0,0.0,0.0,0.0,0.0
2025-12-17T01:11:12.638122,Recipe_C,b54cb98d-8adf-48ea-80f2-5e47b13f1b38,19,0.0,,,,0.0,0.0,0.0,0.0,0.0,0.0
2025-12-17T01:11:13.638122,Recipe_C,b54cb98d-8adf-48ea-80f2-5e47b13f1b38,19,0.0,,,,0.0,0.0,0.0,0.0,0.0,0.0
2025-12-17T01:11:14.638122,Recipe_C,b54cb98d-8adf-48ea-80f2-5e47b13f1b38,19,0.0,,,,0.0,0.0,0.0,0.0,0.0,0.0
2025-12-17T01:11:15.638122,Recipe_C,b54cb98d-8adf-48ea-80f2-5e47b13f1b38,19,0.0,,,,0.0,0.0,0.0,0.0,0.0,0.0
2025-12-17T01:11:16.638122,Recipe_C,b54cb98d-8adf-48ea-80f2-5e47b13f1b38,19,0.0,,,,0.0,0.0,0.0,0.0,0.0,0.0
2025-12-17T01:11:17.638122,Recipe_C,b54cb98d-8adf-48ea-80f2-5e47b13f1b38,19,0.0,,,,0.0,0.0,0.0,0.0,0.0,0.0
2025-12-17T01:11:18.638122,Recipe_C,b54cb98d-8adf-48ea-80f2-5e47b13f1b38,19,0.0,,,,0.0,0.0,0.0,0.0,0.0,0.0
2025-12-17T01:11:19.638122,Recipe_C,b54cb98d-8adf-48ea-80f2-5e47b13f1b38,19,0.0,,,,0.0,0.0,0.0,0.0,0.0,0.0
2025-12-17T01:11:20.638122,Recipe_C,b54cb98d-8adf-48ea-80f2-5e47b13f1b38,19,0.0,,,,0.0,0.0,0.0,0.0,0.0,0.0
2025-12-17T01:11:21.638122,Recipe_C,b54cb98d-8adf-48ea-80f2-5e47b13f1b38,19,0.0,,,,0.0,0.0,0.0,0.0,0.0,0.0
2025-12-17T01:11:22.638122,Recipe_C,b54cb98d-8adf-48ea-80f2-5e47b13f1b38,19,0.0,,,,0.0,0.0,0.0,0.0,0.0,0.0
2025-12-17T01:11:23.638122,Recipe_C,b54cb98d-8adf-48ea-80f2-5e47b13f1b38,19,0.0,,,,0.0,0.0,0.0,0.0,0.0,0.0
2025-12-17T01:11:24.638122,Recipe_C,b54cb98d-8adf-48ea-80f2-5e47b13f1b38,19,0.0,,,,0.0,0.0,0.0,0.0,0.0,0.0
2025-12-17T01:11:25.638122,Recipe_C,b54cb98d-8adf-48ea-80f2-5e47b13f1b38,19,0.0,,,,0.0,0.0,0.0,0.0,0.0,0.0
2025-12-17T01:11:26.638122,Recipe_C,b54cb98d-8adf-48ea-80f2-5e47b13f1b38,19,0.0,,,,0.0,0.0,0.0,0.0,0.0,0.0
2025-12-17T01:11:27.638122,Recipe_C,b54cb98d-8adf-48ea-80f2-5e47b13f1b38,19,0.0,,,,0.0,0.0,0.0,0.0,0.0,0.0
2025-12-17T01:11:28.638122,Recipe_C,b54cb98d-8adf-48ea-80f2-5e47b13f1b38,19,0.0,,,,0.0,0.0,0.0,0.0,0.0,0.0
2025-12-17T01:11:29.638122,Recipe_C,b54cb98d-8adf-48ea-80f2-5e47b13f1b38,19,0.0,,,,0.0,0.0,0.0,0.0,0.0,0.0
2025-12-17T01:11:30.638122,Recipe_C,b54cb98d-8adf-48ea-80f2-5e47b13f1b38,19,3.0,,,,14.08,14.44,15.79,13.88,10.5,9.03
2025-12-17T01:11:31.638122,Recipe_C,b54cb98d-8adf-48ea-80f2-5e47b13f1b38,19,3.0,,,,12.05,12.68,12.15,9.64,12.01,10.42
2025-12-17T01:11:32.638122,Recipe_C,b54cb98d-8adf-48ea-80f2-5e47b13f1b38,19,3.0,,,,10.4,10.37,11.3,11.77,12.21,4.89
2025-12-17T01:11:33.638122,Recipe_C,b54cb98d-8adf-48ea-80f2-5e47b13f1b38,19,3.0,,,,11.86,10.85,7.97,12.08,8.28,9.89
2025-12-17T01:11:34.638122,Recipe_C,b54cb98d-8adf-48ea-80f2-5e47b13f1b38,19,3.0,,,,11.45,11.39,9.27,7.49,10.4,10.11
2025-12-17T01:11:35.638122,Recipe_C,b54cb98d-8adf-48ea-80f2-5e47b13f1b38,19,3.0,,,,8.49,9.35,6.74,8.3,10.89,6.99
2025-12-17T01:11:36.638122,Recipe_C,b54cb98d-8adf-48ea-80f2-5e47b13f1b38,19,3.0,,,,12.7,9.6,9.22,11.29,7.99,8.1
2025-12-17T01:11:37.638122,Recipe_C,b54cb98d-8adf-48ea-80f2-5e47b13f1b38,19,3.0,,,,9.73,7.69,6.35,7.05,10.48,11.37
2025-12-17T01:11:38.638122,Recipe_C,b54cb98d-8adf-48ea-80f2-5e47b13f1b38,19,3.0,,,,7.69,13.49,11.32,8.32,9.45,8.41
2025-12-17T01:11:39.638122,Recipe_C,b54cb98d-8adf-48ea-80f2-5e47b13f1b38,19,3.0,,,,9.29,10.38,13.03,7.72,10.43,10.04
2025-12-17T01:11:40.638122,Recipe_C,b54cb98d-8adf-48ea-80f2-5e47b13f1b38,19,3.0,,,,5.93,7.44,7.13,7.17,8.71,10.71
2025-12-17T01:11:41.638122,Recipe_C,b54cb98d-8adf-48ea-80f2-5e47b13f1b38,19,3.0,,,,6.62,9.69,9.6,10.28,10.24,9.58
2025-12-17T01:11:42.638122,Recipe_C,b54cb98d-8adf-48ea-80f2-5e47b13f1b38,19,3.0,,,,12.0,9.53,6.91,6.13,8.84,14.43
2025-12-17T01:11:43.638122,Recipe_C,b54cb98d-8adf-48ea-80f2-5e47b13f1b38,19,3.0,,,,8.35,7.11,11.37,10.59,11.27,11.5
2025-12-17T01:11:44.638122,Recipe_C,b54cb98d-8adf-48ea-80f2-5e47b13f1b38,19,3.0,,,,9.85,12.34,5.67,10.19,10.92,11.09
2025-12-17T01:11:45.638122,Recipe_C,b54cb98d-8adf-48ea-80f2-5e47b13f1b38,19,3.0,,,,10.45,11.66,13.69,10.58,13.47,13.77
2025-12-17T01:11:46.638122,Recipe_C,b54cb98d-8adf-48ea-80f2-5e47b13f1b38,19,3.0,,,,10.92,10.78,13.14,11.62,9.94,13.03
2025-12-17T01:11:47.638122,Recipe_C,b54cb98d-8adf-48ea-80f2-5e47b13f1b38,19,3.0,,,,9.77,10.0,11.01,11.5,8.87,13.94
2025-12-17T01:11:48.638122,Recipe_C,b54cb98d-8adf-48ea-80f2-5e47b13f1b38,19,3.0,,,,9.11,11.6,9.32,12.77,12.77,12.2
2025-12-17T01:11:49.638122,Recipe_C,b54cb98d-8adf-48ea-80f2-5e47b13f1b38,19,3.0,,,,9.01,9.22,5.81,11.36,11.26,8.24
2025-12-17T01:11:50.638122,Recipe_C,b54cb98d-8adf-48ea-80f2-5e47b13f1b38,19,3.0,,,,8.78,6.57,12.4,11.68,12.86,11.62
2025-12-17T01:11:51.638122,Recipe_C,b54cb98d-8adf-48ea-80f2-5e47b13f1b38,19,3.0,,,,9.03,10.91,10.51,9.5,10.96,11.97
2025-12-17T01:11:52.638122,Recipe_C,b54cb98d-8adf-48ea-80f2-5e47b13f1b38,19,3.0,,,,8.03,11.86,10.08,9.2,10.19,9.82
2025-12-17T01:11:53.638122,Recipe_C,b54cb98d-8adf-48ea-80f2-5e47b13f1b38,19,3.0,,,,6.64,9.79,11.55,8.53,10.29,8.61
2025-12-17T01:11:54.638122,Recipe_C,b54cb98d-8adf-48ea-80f2-5e47b13f1b38,19,3.0,,,,8.89,12.55,8.92,13.22,14.21,11.37
2025-12-17T01:11:55.638122,Recipe_C,b54cb98d-8adf-48ea-80f2-5e47b13f1b38,19,3.0,,,,8.54,9.27,11.45,10.23,14.1,12.9
2025-12-17T01:11:56.638122,Recipe_C,b54cb98d-8adf-48ea-80f2-5e47b13f1b38,19,3.0,,,,11.28,6.92,10.03,11.91,13.87,11.41
2025-12-17T01:11:57.638122,Recipe_C,b54cb98d-8adf-48ea-80f2-5e47b13f1b38,19,3.0,,,,10.9,10.79,9.82,12.08,11.06,9.69
2025-12-17T01:11:58.638122,Recipe_C,b54cb98d-8adf-48ea-80f2-5e47b13f1b38,19,3.0,,,,14.31,4.45,13.41,10.28,10.1,13.47
2025-12-17T01:11:59.638122,Recipe_C,b54cb98d-8adf-48ea-80f2-5e47b13f1b38,19,3.0,,,,10.13,8.84,11.53,12.5,12.22,10.61
2025-12-17T01:12:00.638122,Recipe_C,b54cb98d-8adf-48ea-80f2-5e47b13f1b38,19,3.0,,,,12.5,6.2,12.59,10.76,10.87,9.71
2025-12-17T01:12:01.638122,Recipe_C,b54cb98d-8adf-48ea-80f2-5e47b13f1b38,19,3.0,,,,9.72,12.11,8.06,13.34,10.54,10.84
2025-12-17T01:12:02.638122,Recipe_C,b54cb98d-8adf-48ea-80f2-5e47b13f1b38,19,3.0,,,,8.07,9.28,10.33,6.97,10.78,9.91
2025-12-17T01:12:03.638122,Recipe_C,b54cb98d-8adf-48ea-80f2-5e47b13f1b38,19,3.0,,,,13.72,7.6,13.08,9.05,6.4,10.7
2025-12-17T01:12:04.638122,Recipe_C,b54cb98d-8adf-48ea-80f2-5e47b13f1b38,19,3.0,,,,7.54,10.34,10.59,9.13,9.13,11.74
2025-12-17T01:12:05.638122,Recipe_C,b54cb98d-8adf-48ea-80f2-5e47b13f1b38,19,3.0,,,,9.53,10.73,8.91,9.94,3.69,6.88
2025-12-17T01:12:06.638122,Recipe_C,b54cb98d-8adf-48ea-80f2-5e47b13f1b38,19,3.0,,,,9.97,8.23,10.46,7.17,10.1,10.94
2025-12-17T01:12:07.638122,Recipe_C,b54cb98d-8adf-48ea-80f2-5e47b13f1b38,19,3.0,,,,8.92,11.63,10.33,6.31,8.51,10.07
2025-12-17T01:12:08.638122,Recipe_C,b54cb98d-8adf-48ea-80f2-5e47b13f1b38,19,3.0,,,,12.94,10.72,9.14,9.77,12.45,10.29
2025-12-17T01:12:09.638122,Recipe_C,b54cb98d-8adf-48ea-80f2-5e47b13f1b38,19,3.0,,,,10.75,13.91,13.11,10.84,8.98,8.67
2025-12-17T01:12:10.638122,Recipe_C,b54cb98d-8adf-48ea-80f2-5e47b13f1b38,19,3.0,,,,12.57,6.92,13.12,11.67,8.18,10.11
2025-12-17T01:12:11.638122,Recipe_C,b54cb98d-8adf-48ea-80f2-5e47b13f1b38,19,3.0,,,,10.22,11.61,9.5,8.33,8.41,8.44
2025-12-17T01:12:12.638122,Recipe_C,b54cb98d-8adf-48ea-80f2-5e47b13f1b38,19,3.0,,,,9.52,11.7,12.94,11.42,11.5,10.56
2025-12-17T01:12:13.638122,Recipe_C,b54cb98d-8adf-48ea-80f2-5e47b13f1b38,19,3.0,,,,11.95,6.57,9.4,9.19,8.38,8.56
2025-12-17T01:12:14.638122,Recipe_C,b54cb98d-8adf-48ea-80f2-5e47b13f1b38,19,3.0,,,,12.48,8.75,9.99,11.06,6.69,7.06
2025-12-17T01:12:15.638122,Recipe_C,b54cb98d-8adf-48ea-80f2-5e47b13f1b38,19,3.0,,,,8.23,10.53,12.36,11.94,6.1,8.44
2025-12-17T01:12:16.638122,Recipe_C,b54cb98d-8adf-48ea-80f2-5e47b13f1b38,19,3.0,,,,10.92,7.81,9.11,7.49,10.39,10.91
2025-12-17T01:12:17.638122,Recipe_C,b54cb98d-8adf-48ea-80f2-5e47b13f1b38,19,3.0,,,,12.01,11.6,10.81,10.54,8.84,11.06
2025-12-17T01:12:18.638122,Recipe_C,b54cb98d-8adf-48ea-80f2-5e47b13f1b38,19,3.0,,,,12.86,12.92,14.18,7.61,9.33,10.57
2025-12-17T01:12:19.638122,Recipe_C,b54cb98d-8adf-48ea-80f2-5e47b13f1b38,19,3.0,,,,8.37,9.11,4.44,11.0,7.25,11.15
2025-12-17T01:12:20.638122,Recipe_C,b54cb98d-8adf-48ea-80f2-5e47b13f1b38,19,3.0,,,,11.6,9.93,8.45,8.37,10.88,8.36
2025-12-17T01:12:21.638122,Recipe_C,b54cb98d-8adf-48ea-80f2-5e47b13f1b38,19,3.0,,,,9.37,9.39,8.85,8.13,10.82,6.57
2025-12-17T01:12:22.638122,Recipe_C,b54cb98d-8adf-48ea-80f2-5e47b13f1b38,19,3.0,,,,6.96,12.04,8.57,12.06,12.91,12.15
2025-12-17T01:12:23.638122,Recipe_C,b54cb98d-8adf-48ea-80f2-5e47b13f1b38,19,3.0,,,,10.99,10.98,9.59,8.78,11.51,11.72
2025-12-17T01:12:24.638122,Recipe_C,b54cb98d-8adf-48ea-80f2-5e47b13f1b38,19,3.0,,,,11.87,8.97,7.24,10.9,4.32,13.36
2025-12-17T01:12:25.638122,Recipe_C,b54cb98d-8adf-48ea-80f2-5e47b13f1b38,19,3.0,,,,7.82,10.32,12.07,8.39,10.31,9.94
2025-12-17T01:12:26.638122,Recipe_C,b54cb98d-8adf-48ea-80f2-5e47b13f1b38,19,3.0,,,,11.7,9.15,11.23,11.42,11.29,11.65
2025-12-17T01:12:26.638122,Recipe_C,b54cb98d-8adf-48ea-80f2-5e47b13f1b38,19,3.0,Warning_5,Simulated Warning occurred,Warning,,,,,,
2025-12-17T01:12:27.638122,Recipe_C,b54cb98d-8adf-48ea-80f2-5e47b13f1b38,19,3.0,,,,8.16,10.99,7.77,8.73,10.26,8.73
2025-12-17T01:12:28.638122,Recipe_C,b54cb98d-8adf-48ea-80f2-5e47b13f1b38,19,0.0,,,,0.0,0.0,0.0,0.0,0.0,0.0
2025-12-17T01:12:29.638122,Recipe_C,b54cb98d-8adf-48ea-80f2-5e47b13f1b38,19,0.0,,,,0.0,0.0,0.0,0.0,0.0,0.0
2025-12-17T01:12:30.638122,Recipe_C,b54cb98d-8adf-48ea-80f2-5e47b13f1b38,19,0.0,,,,0.0,0.0,0.0,0.0,0.0,0.0
2025-12-17T01:12:31.638122,Recipe_C,b54cb98d-8adf-48ea-80f2-5e47b13f1b38,19,0.0,,,,0.0,0.0,0.0,0.0,0.0,0.0
2025-12-17T01:12:32.638122,Recipe_C,b54cb98d-8adf-48ea-80f2-5e47b13f1b38,19,0.0,,,,0.0,0.0,0.0,0.0,0.0,0.0
2025-12-17T01:12:33.638122,Recipe_C,b54cb98d-8adf-48ea-80f2-5e47b13f1b38,19,0.0,,,,0.0,0.0,0.0,0.0,0.0,0.0
2025-12-17T01:12:34.638122,Recipe_C,b54cb98d-8adf-48ea-80f2-5e47b13f1b38,19,0.0,,,,0.0,0.0,0.0,0.0,0.0,0.0
2025-12-17T01:12:35.638122,Recipe_C,b54cb98d-8adf-48ea-80f2-5e47b13f1b38,19,0.0,,,,0.0,0.0,0.0,0.0,0.0,0.0
2025-12-17T01:12:36.638122,Recipe_C,b54cb98d-8adf-48ea-80f2-5e47b13f1b38,19,0.0,,,,0.0,0.0,0.0,0.0,0.0,0.0
2025-12-17T01:12:36.638122,Recipe_C,b54cb98d-8adf-48ea-80f2-5e47b13f1b38,19,0.0,Warning_5,Simulated Warning occurred,Warning,,,,,,
2025-12-17T01:12:37.638122,Recipe_C,b54cb98d-8adf-48ea-80f2-5e47b13f1b38,19,0.0,,,,0.0,0.0,0.0,0.0,0.0,0.0
2025-12-17T01:12:38.638122,Recipe_C,b54cb98d-8adf-48ea-80f2-5e47b13f1b38,19,0.0,,,,0.0,0.0,0.0,0.0,0.0,0.0
2025-12-17T01:12:39.638122,Recipe_C,b54cb98d-8adf-48ea-80f2-5e47b13f1b38,19,0.0,,,,0.0,0.0,0.0,0.0,0.0,0.0
2025-12-17T01:12:40.638122,Recipe_C,b54cb98d-8adf-48ea-80f2-5e47b13f1b38,19,0.0,,,,0.0,0.0,0.0,0.0,0.0,0.0
2025-12-17T01:12:41.638122,Recipe_C,b54cb98d-8adf-48ea-80f2-5e47b13f1b38,19,0.0,,,,0.0,0.0,0.0,0.0,0.0,0.0
2025-12-17T01:12:42.638122,Recipe_C,b54cb98d-8adf-48ea-80f2-5e47b13f1b38,19,0.0,,,,0.0,0.0,0.0,0.0,0.0,0.0
2025-12-17T01:12:43.638122,Recipe_C,b54cb98d-8adf-48ea-80f2-5e47b13f1b38,19,0.0,,,,0.0,0.0,0.0,0.0,0.0,0.0
2025-12-17T01:12:44.638122,Recipe_C,b54cb98d-8adf-48ea-80f2-5e47b13f1b38,19,0.0,,,,0.0,0.0,0.0,0.0,0.0,0.0
2025-12-17T01:12:45.638122,Recipe_C,b54cb98d-8adf-48ea-80f2-5e47b13f1b38,19,0.0,,,,0.0,0.0,0.0,0.0,0.0,0.0
2025-12-17T01:12:46.638122,Recipe_C,b54cb98d-8adf-48ea-80f2-5e47b13f1b38,19,0.0,,,,0.0,0.0,0.0,0.0,0.0,0.0
2025-12-17T01:12:47.638122,Recipe_C,b54cb98d-8adf-48ea-80f2-5e47b13f1b38,19,0.0,,,,0.0,0.0,0.0,0.0,0.0,0.0
2025-12-17T01:12:48.638122,Recipe_C,b54cb98d-8adf-48ea-80f2-5e47b13f1b38,19,0.0,,,,0.0,0.0,0.0,0.0,0.0,0.0
2025-12-17T01:12:49.638122,Recipe_C,b54cb98d-8adf-48ea-80f2-5e47b13f1b38,19,0.0,,,,0.0,0.0,0.0,0.0,0.0,0.0
2025-12-17T01:12:50.638122,Recipe_C,b54cb98d-8adf-48ea-80f2-5e47b13f1b38,19,0.0,,,,0.0,0.0,0.0,0.0,0.0,0.0
2025-12-17T01:12:51.638122,Recipe_C,b54cb98d-8adf-48ea-80f2-5e47b13f1b38,19,0.0,,,,0.0,0.0,0.0,0.0,0.0,0.0
2025-12-17T01:12:52.638122,Recipe_C,b54cb98d-8adf-48ea-80f2-5e47b13f1b38,19,0.0,,,,0.0,0.0,0.0,0.0,0.0,0.0
2025-12-17T01:12:53.638122,Recipe_C,b54cb98d-8adf-48ea-80f2-5e47b13f1b38,19,0.0,,,,0.0,0.0,0.0,0.0,0.0,0.0
2025-12-17T01:12:54.638122,Recipe_C,b54cb98d-8adf-48ea-80f2-5e47b13f1b38,19,0.0,,,,0.0,0.0,0.0,0.0,0.0,0.0
2025-12-17T01:12:55.638122,Recipe_C,b54cb98d-8adf-48ea-80f2-5e47b13f1b38,19,0.0,,,,0.0,0.0,0.0,0.0,0.0,0.0
2025-12-17T01:12:56.638122,Recipe_C,b54cb98d-8adf-48ea-80f2-5e47b13f1b38,19,0.0,,,,0.0,0.0,0.0,0.0,0.0,0.0
2025-12-17T01:12:57.638122,Recipe_C,b54cb98d-8adf-48ea-80f2-5e47b13f1b38,19,0.0,,,,0.0,0.0,0.0,0.0,0.0,0.0
2025-12-17T01:12:58.638122,Recipe_C,b54cb98d-8adf-48ea-80f2-5e47b13f1b38,19,0.0,,,,0.0,0.0,0.0,0.0,0.0,0.0
2025-12-17T01:12:59.638122,Recipe_C,b54cb98d-8adf-48ea-80f2-5e47b13f1b38,19,3.0,,,,8.97,10.97,7.84,10.41,7.73,10.37
2025-12-17T01:13:00.638122,Recipe_C,b54cb98d-8adf-48ea-80f2-5e47b13f1b38,19,3.0,,,,8.15,7.46,8.73,11.4,10.59,9.6
2025-12-17T01:13:01.638122,Recipe_C,b54cb98d-8adf-48ea-80f2-5e47b13f1b38,19,3.0,,,,12.33,11.55,8.96,10.78,8.99,11.85
2025-12-17T01:13:02.638122,Recipe_C,b54cb98d-8adf-48ea-80f2-5e47b13f1b38,19,3.0,,,,9.63,7.89,7.93,8.63,12.69,10.67
2025-12-17T01:13:03.638122,Recipe_C,b54cb98d-8adf-48ea-80f2-5e47b13f1b38,19,3.0,,,,9.51,6.98,9.01,8.75,12.54,9.59
2025-12-17T01:13:04.638122,Recipe_C,b54cb98d-8adf-48ea-80f2-5e47b13f1b38,19,3.0,,,,8.74,8.06,7.21,8.21,9.3,11.07
2025-12-17T01:13:05.638122,Recipe_C,b54cb98d-8adf-48ea-80f2-5e47b13f1b38,19,3.0,,,,10.22,11.1,11.51,12.03,10.61,12.48
2025-12-17T01:13:06.638122,Recipe_C,b54cb98d-8adf-48ea-80f2-5e47b13f1b38,19,3.0,,,,10.6,11.75,10.6,12.23,10.29,10.11
2025-12-17T01:13:07.638122,Recipe_C,b54cb98d-8adf-48ea-80f2-5e47b13f1b38,19,3.0,,,,9.83,8.99,10.49,8.32,10.62,12.51
2025-12-17T01:13:08.638122,Recipe_C,b54cb98d-8adf-48ea-80f2-5e47b13f1b38,19,3.0,,,,11.75,8.87,8.07,8.56,6.9,9.24
2025-12-17T01:13:09.638122,Recipe_C,b54cb98d-8adf-48ea-80f2-5e47b13f1b38,19,3.0,,,,10.23,9.01,10.32,13.04,9.54,9.45
2025-12-17T01:13:10.638122,Recipe_C,b54cb98d-8adf-48ea-80f2-5e47b13f1b38,19,3.0,,,,9.04,8.12,9.65,10.69,11.5,10.35
2025-12-17T01:13:11.638122,Recipe_C,b54cb98d-8adf-48ea-80f2-5e47b13f1b38,19,3.0,,,,10.74,14.28,9.96,9.5,10.4,10.17
2025-12-17T01:13:12.638122,Recipe_C,b54cb98d-8adf-48ea-80f2-5e47b13f1b38,19,0.0,,,,0.0,0.0,0.0,0.0,0.0,0.0
2025-12-17T01:13:13.638122,Recipe_C,b54cb98d-8adf-48ea-80f2-5e47b13f1b38,19,0.0,,,,0.0,0.0,0.0,0.0,0.0,0.0
2025-12-17T01:13:14.638122,Recipe_C,b54cb98d-8adf-48ea-80f2-5e47b13f1b38,19,0.0,,,,0.0,0.0,0.0,0.0,0.0,0.0
2025-12-17T01:13:15.638122,Recipe_C,b54cb98d-8adf-48ea-80f2-5e47b13f1b38,19,0.0,,,,0.0,0.0,0.0,0.0,0.0,0.0
2025-12-17T01:13:16.638122,Recipe_C,b54cb98d-8adf-48ea-80f2-5e47b13f1b38,19,0.0,,,,0.0,0.0,0.0,0.0,0.0,0.0
2025-12-17T01:13:17.638122,Recipe_C,b54cb98d-8adf-48ea-80f2-5e47b13f1b38,19,0.0,,,,0.0,0.0,0.0,0.0,0.0,0.0
2025-12-17T01:13:18.638122,Recipe_C,b54cb98d-8adf-48ea-80f2-5e47b13f1b38,19,2.0,,,,9.41,9.84,8.4,8.58,12.54,14.04
2025-12-17T01:13:18.638122,Recipe_C,b54cb98d-8adf-48ea-80f2-5e47b13f1b38,19,2.0,Error_1,Simulated Error occurred,Error,,,,,,
2025-12-17T01:13:19.638122,Recipe_C,b54cb98d-8adf-48ea-80f2-5e47b13f1b38,19,0.0,,,,0.0,0.0,0.0,0.0,0.0,0.0
2025-12-17T01:13:20.638122,Recipe_C,b54cb98d-8adf-48ea-80f2-5e47b13f1b38,19,0.0,,,,0.0,0.0,0.0,0.0,0.0,0.0
2025-12-17T01:13:21.638122,Recipe_C,b54cb98d-8adf-48ea-80f2-5e47b13f1b38,19,0.0,,,,0.0,0.0,0.0,0.0,0.0,0.0
2025-12-17T01:13:22.638122,Recipe_C,b54cb98d-8adf-48ea-80f2-5e47b13f1b38,19,0.0,,,,0.0,0.0,0.0,0.0,0.0,0.0
2025-12-17T01:13:23.638122,Recipe_C,b54cb98d-8adf-48ea-80f2-5e47b13f1b38,19,0.0,,,,0.0,0.0,0.0,0.0,0.0,0.0
2025-12-17T01:13:24.638122,Recipe_C,b54cb98d-8adf-48ea-80f2-5e47b13f1b38,19,3.0,,,,11.94,12.7,11.9,11.95,9.31,7.26
2025-12-17T01:13:25.638122,Recipe_C,b54cb98d-8adf-48ea-80f2-5e47b13f1b38,19,3.0,,,,10.44,9.83,7.16,10.23,7.43,5.8
2025-12-17T01:13:26.638122,Recipe_C,b54cb98d-8adf-48ea-80f2-5e47b13f1b38,19,3.0,,,,8.49,13.32,10.57,11.46,8.85,10.38
2025-12-17T01:13:27.638122,Recipe_C,b54cb98d-8adf-48ea-80f2-5e47b13f1b38,19,3.0,,,,12.18,12.28,8.2,11.25,9.2,8.97
2025-12-17T01:13:28.638122,Recipe_C,b54cb98d-8adf-48ea-80f2-5e47b13f1b38,19,3.0,,,,8.03,11.25,10.89,10.31,8.57,10.28
2025-12-17T01:13:29.638122,Recipe_C,b54cb98d-8adf-48ea-80f2-5e47b13f1b38,19,3.0,,,,13.39,5.37,10.23,10.52,9.53,10.92
2025-12-17T01:13:30.638122,Recipe_C,b54cb98d-8adf-48ea-80f2-5e47b13f1b38,19,3.0,,,,7.51,8.62,11.45,7.52,10.8,6.8
2025-12-17T01:13:31.638122,Recipe_C,b54cb98d-8adf-48ea-80f2-5e47b13f1b38,19,3.0,,,,8.65,9.72,8.26,10.07,12.13,14.8
2025-12-17T01:13:32.638122,Recipe_C,b54cb98d-8adf-48ea-80f2-5e47b13f1b38,19,3.0,,,,11.38,9.64,11.21,9.04,10.75,6.2
2025-12-17T01:13:33.638122,Recipe_C,b54cb98d-8adf-48ea-80f2-5e47b13f1b38,19,3.0,,,,12.63,8.84,8.23,9.25,8.95,9.96
2025-12-17T01:13:34.638122,Recipe_C,b54cb98d-8adf-48ea-80f2-5e47b13f1b38,19,5.0,,,,10.22,9.88,11.19,10.23,12.79,9.29
2025-12-17T01:13:35.638122,Recipe_C,b54cb98d-8adf-48ea-80f2-5e47b13f1b38,19,5.0,,,,14.45,11.77,11.02,12.12,9.43,11.69
2025-12-17T01:13:36.638122,Recipe_C,b54cb98d-8adf-48ea-80f2-5e47b13f1b38,19,5.0,,,,7.9,7.87,12.23,12.92,8.57,11.71
2025-12-17T01:13:37.638122,Recipe_C,b54cb98d-8adf-48ea-80f2-5e47b13f1b38,19,5.0,,,,12.3,6.89,9.66,9.5,11.3,11.24
2025-12-17T01:13:38.638122,Recipe_C,b54cb98d-8adf-48ea-80f2-5e47b13f1b38,19,5.0,,,,10.48,11.82,10.04,8.1,12.78,11.91
2025-12-17T01:13:39.638122,Recipe_C,b54cb98d-8adf-48ea-80f2-5e47b13f1b38,19,5.0,,,,10.32,9.35,9.56,8.2,12.14,13.75
2025-12-17T01:13:40.638122,Recipe_C,b54cb98d-8adf-48ea-80f2-5e47b13f1b38,19,5.0,,,,12.56,8.07,8.77,10.91,9.17,7.75
2025-12-17T01:13:41.638122,Recipe_C,b54cb98d-8adf-48ea-80f2-5e47b13f1b38,19,5.0,,,,8.15,11.66,11.99,8.23,10.61,10.11
2025-12-17T01:13:42.638122,Recipe_C,b54cb98d-8adf-48ea-80f2-5e47b13f1b38,19,5.0,,,,7.93,12.17,8.01,8.42,12.23,11.64
2025-12-17T01:13:43.638122,Recipe_C,b54cb98d-8adf-48ea-80f2-5e47b13f1b38,19,5.0,,,,10.91,7.61,9.99,12.01,12.16,11.24
2025-12-17T01:13:44.638122,Recipe_C,b54cb98d-8adf-48ea-80f2-5e47b13f1b38,19,5.0,,,,9.4,12.02,10.86,12.49,11.99,10.82
2025-12-17T01:13:45.638122,Recipe_C,b54cb98d-8adf-48ea-80f2-5e47b13f1b38,19,5.0,,,,12.49,10.01,9.94,13.43,12.66,8.74
2025-12-17T01:13:46.638122,Recipe_C,b54cb98d-8adf-48ea-80f2-5e47b13f1b38,19,5.0,,,,9.84,9.02,9.36,11.87,10.94,5.35
2025-12-17T01:13:47.638122,Recipe_C,b54cb98d-8adf-48ea-80f2-5e47b13f1b38,19,5.0,,,,18.2,11.78,8.38,10.75,10.9,7.78
2025-12-17T01:13:48.638122,Recipe_C,b54cb98d-8adf-48ea-80f2-5e47b13f1b38,19,5.0,,,,14.53,10.77,11.24,7.94,8.66,11.5
2025-12-17T01:13:49.638122,Recipe_C,b54cb98d-8adf-48ea-80f2-5e47b13f1b38,19,5.0,,,,7.83,8.98,6.87,12.3,12.09,9.51
2025-12-17T01:13:50.638122,Recipe_C,b54cb98d-8adf-48ea-80f2-5e47b13f1b38,19,5.0,,,,10.65,8.73,5.71,12.49,8.2,7.46
2025-12-17T01:13:51.638122,Recipe_C,b54cb98d-8adf-48ea-80f2-5e47b13f1b38,19,5.0,,,,8.84,12.74,9.27,9.03,9.52,5.51
2025-12-17T01:13:52.638122,Recipe_C,b54cb98d-8adf-48ea-80f2-5e47b13f1b38,19,5.0,,,,8.9,10.53,10.72,8.63,11.88,8.33
2025-12-17T01:13:53.638122,Recipe_C,b54cb98d-8adf-48ea-80f2-5e47b13f1b38,19,5.0,,,,6.63,5.56,9.93,11.6,12.27,11.11
2025-12-17T01:13:54.638122,Recipe_C,b54cb98d-8adf-48ea-80f2-5e47b13f1b38,19,5.0,,,,9.7,10.12,9.4,12.39,12.68,13.26
2025-12-17T01:13:55.638122,Recipe_C,b54cb98d-8adf-48ea-80f2-5e47b13f1b38,19,5.0,,,,16.02,7.14,10.1,10.8,9.54,8.07
2025-12-17T01:13:56.638122,Recipe_C,b54cb98d-8adf-48ea-80f2-5e47b13f1b38,19,5.0,,,,8.59,10.71,8.38,6.63,11.14,13.32
2025-12-17T01:13:57.638122,Recipe_C,b54cb98d-8adf-48ea-80f2-5e47b13f1b38,19,5.0,,,,10.81,10.63,10.85,8.64,11.26,8.51
2025-12-17T01:13:58.638122,Recipe_C,b54cb98d-8adf-48ea-80f2-5e47b13f1b38,19,5.0,,,,12.84,11.66,9.82,9.05,12.6,12.23
2025-12-17T01:13:59.638122,Recipe_C,b54cb98d-8adf-48ea-80f2-5e47b13f1b38,19,5.0,,,,11.07,9.07,11.3,8.72,10.56,6.72
2025-12-17T01:14:00.638122,Recipe_C,b54cb98d-8adf-48ea-80f2-5e47b13f1b38,19,5.0,,,,9.76,7.41,6.37,12.41,8.96,10.45
2025-12-17T01:14:01.638122,Recipe_C,b54cb98d-8adf-48ea-80f2-5e47b13f1b38,19,5.0,,,,11.52,10.77,12.26,9.98,11.48,12.29
2025-12-17T01:14:02.638122,Recipe_C,b54cb98d-8adf-48ea-80f2-5e47b13f1b38,19,3.0,,,,6.51,11.14,8.8,11.25,7.53,8.02
2025-12-17T01:14:03.638122,Recipe_C,b54cb98d-8adf-48ea-80f2-5e47b13f1b38,19,3.0,,,,10.89,10.38,10.26,12.25,10.25,11.54
2025-12-17T01:14:04.638122,Recipe_C,b54cb98d-8adf-48ea-80f2-5e47b13f1b38,19,3.0,,,,10.89,8.2,10.58,10.32,10.87,9.21
2025-12-17T01:14:05.638122,Recipe_C,b54cb98d-8adf-48ea-80f2-5e47b13f1b38,19,3.0,,,,11.73,9.56,10.7,10.76,9.73,7.16
2025-12-17T01:14:06.638122,Recipe_C,b54cb98d-8adf-48ea-80f2-5e47b13f1b38,19,3.0,,,,11.6,9.75,9.85,10.88,8.6,10.38
2025-12-17T01:14:07.638122,Recipe_C,b54cb98d-8adf-48ea-80f2-5e47b13f1b38,19,3.0,,,,14.6,11.38,9.38,7.63,7.66,10.87
2025-12-17T01:14:08.638122,Recipe_C,b54cb98d-8adf-48ea-80f2-5e47b13f1b38,19,3.0,,,,11.61,13.63,10.47,10.83,9.33,9.62
2025-12-17T01:14:09.638122,Recipe_C,b54cb98d-8adf-48ea-80f2-5e47b13f1b38,19,3.0,,,,9.54,8.14,8.47,8.77,8.85,7.81
2025-12-17T01:14:10.638122,Recipe_C,b54cb98d-8adf-48ea-80f2-5e47b13f1b38,19,3.0,,,,10.82,12.95,8.64,9.02,8.85,12.53
2025-12-17T01:14:11.638122,Recipe_C,b54cb98d-8adf-48ea-80f2-5e47b13f1b38,19,3.0,,,,10.68,7.55,9.48,12.06,7.12,10.17
2025-12-17T01:14:12.638122,Recipe_C,b54cb98d-8adf-48ea-80f2-5e47b13f1b38,19,3.0,,,,6.35,5.68,15.04,9.48,9.04,9.96
2025-12-17T01:14:13.638122,Recipe_C,b54cb98d-8adf-48ea-80f2-5e47b13f1b38,19,3.0,,,,10.18,5.86,7.88,9.1,10.7,8.58
2025-12-17T01:14:14.638122,Recipe_C,b54cb98d-8adf-48ea-80f2-5e47b13f1b38,19,3.0,,,,4.63,11.09,9.32,6.11,13.15,12.69
2025-12-17T01:14:15.638122,Recipe_C,b54cb98d-8adf-48ea-80f2-5e47b13f1b38,19,3.0,,,,10.63,8.46,10.62,9.68,10.36,13.03
2025-12-17T01:14:16.638122,Recipe_C,b54cb98d-8adf-48ea-80f2-5e47b13f1b38,19,3.0,,,,9.16,11.18,9.65,9.48,7.85,8.47
2025-12-17T01:14:17.638122,Recipe_C,b54cb98d-8adf-48ea-80f2-5e47b13f1b38,19,3.0,,,,7.07,9.82,6.03,15.05,10.69,12.05
2025-12-17T01:14:18.638122,Recipe_C,b54cb98d-8adf-48ea-80f2-5e47b13f1b38,19,3.0,,,,11.89,10.3,12.18,10.87,11.62,6.25
2025-12-17T01:14:19.638122,Recipe_C,b54cb98d-8adf-48ea-80f2-5e47b13f1b38,19,3.0,,,,11.29,10.98,10.88,8.16,7.76,8.4
2025-12-17T01:14:20.638122,Recipe_C,b54cb98d-8adf-48ea-80f2-5e47b13f1b38,19,3.0,,,,6.21,12.83,12.0,8.12,11.54,7.81
2025-12-17T01:14:21.638122,Recipe_C,b54cb98d-8adf-48ea-80f2-5e47b13f1b38,19,3.0,,,,11.26,13.09,9.14,9.49,10.34,10.08
2025-12-17T01:14:22.638122,Recipe_C,b54cb98d-8adf-48ea-80f2-5e47b13f1b38,19,3.0,,,,11.56,11.77,11.08,11.89,9.81,10.16
2025-12-17T01:14:23.638122,Recipe_C,b54cb98d-8adf-48ea-80f2-5e47b13f1b38,19,3.0,,,,10.0,12.44,9.59,4.42,12.54,7.99
2025-12-17T01:14:24.638122,Recipe_C,b54cb98d-8adf-48ea-80f2-5e47b13f1b38,19,3.0,,,,7.47,7.19,6.61,9.77,10.31,4.53
2025-12-17T01:14:25.638122,Recipe_C,b54cb98d-8adf-48ea-80f2-5e47b13f1b38,19,3.0,,,,10.12,11.77,10.19,8.6,7.1,12.85
2025-12-17T01:14:26.638122,Recipe_C,b54cb98d-8adf-48ea-80f2-5e47b13f1b38,19,3.0,,,,5.68,6.45,7.86,11.25,10.26,9.46
2025-12-17T01:14:27.638122,Recipe_C,b54cb98d-8adf-48ea-80f2-5e47b13f1b38,19,3.0,,,,10.47,8.23,11.83,10.82,10.6,9.04
2025-12-17T01:14:28.638122,Recipe_C,b54cb98d-8adf-48ea-80f2-5e47b13f1b38,19,3.0,,,,10.13,10.7,11.36,10.98,8.33,9.94
2025-12-17T01:14:29.638122,Recipe_C,b54cb98d-8adf-48ea-80f2-5e47b13f1b38,19,3.0,,,,9.19,9.16,13.62,14.26,6.1,11.09
2025-12-17T01:14:30.638122,Recipe_C,b54cb98d-8adf-48ea-80f2-5e47b13f1b38,19,3.0,,,,10.51,8.73,8.01,10.54,9.74,10.85
2025-12-17T01:14:31.638122,Recipe_C,b54cb98d-8adf-48ea-80f2-5e47b13f1b38,19,3.0,,,,5.75,8.21,9.83,8.53,8.84,7.15
2025-12-17T01:14:32.638122,Recipe_C,b54cb98d-8adf-48ea-80f2-5e47b13f1b38,19,3.0,,,,9.23,10.99,9.65,9.37,7.31,7.15
2025-12-17T01:14:33.638122,Recipe_C,b54cb98d-8adf-48ea-80f2-5e47b13f1b38,19,3.0,,,,7.7,12.51,5.98,13.63,7.57,9.57
2025-12-17T01:14:34.638122,Recipe_C,b54cb98d-8adf-48ea-80f2-5e47b13f1b38,19,3.0,,,,9.18,8.74,9.85,8.1,12.41,12.2
2025-12-17T01:14:35.638122,Recipe_C,b54cb98d-8adf-48ea-80f2-5e47b13f1b38,19,3.0,,,,10.94,9.93,7.66,11.86,13.54,13.69
2025-12-17T01:14:36.638122,Recipe_C,b54cb98d-8adf-48ea-80f2-5e47b13f1b38,19,3.0,,,,10.55,10.74,11.32,9.76,13.74,13.69
2025-12-17T01:14:37.638122,Recipe_C,b54cb98d-8adf-48ea-80f2-5e47b13f1b38,19,3.0,,,,9.39,10.51,14.99,10.02,8.74,8.01
2025-12-17T01:14:38.638122,Recipe_C,b54cb98d-8adf-48ea-80f2-5e47b13f1b38,19,3.0,,,,10.57,10.42,7.72,12.66,10.96,8.83
2025-12-17T01:14:39.638122,Recipe_C,b54cb98d-8adf-48ea-80f2-5e47b13f1b38,19,3.0,,,,5.52,13.57,9.53,13.24,12.34,11.01
2025-12-17T01:14:40.638122,Recipe_C,b54cb98d-8adf-48ea-80f2-5e47b13f1b38,19,3.0,,,,10.75,13.11,10.59,7.34,12.6,9.32
2025-12-17T01:14:41.638122,Recipe_C,b54cb98d-8adf-48ea-80f2-5e47b13f1b38,19,3.0,,,,13.25,9.84,11.63,7.42,14.7,10.27
2025-12-17T01:14:42.638122,Recipe_C,b54cb98d-8adf-48ea-80f2-5e47b13f1b38,19,3.0,,,,6.72,11.39,9.87,8.99,8.93,9.47
2025-12-17T01:14:43.638122,Recipe_C,b54cb98d-8adf-48ea-80f2-5e47b13f1b38,19,3.0,,,,8.75,12.71,9.56,8.33,8.54,10.66
2025-12-17T01:14:44.638122,Recipe_C,b54cb98d-8adf-48ea-80f2-5e47b13f1b38,19,3.0,,,,10.23,8.53,8.6,10.28,8.02,7.67
2025-12-17T01:14:45.638122,Recipe_C,b54cb98d-8adf-48ea-80f2-5e47b13f1b38,19,3.0,,,,7.95,9.73,8.37,11.97,8.25,10.31
2025-12-17T01:14:46.638122,Recipe_C,b54cb98d-8adf-48ea-80f2-5e47b13f1b38,19,3.0,,,,10.22,8.94,12.21,10.58,9.58,12.46
2025-12-17T01:14:47.638122,Recipe_C,b54cb98d-8adf-48ea-80f2-5e47b13f1b38,19,3.0,,,,11.78,9.69,9.64,10.16,8.59,9.94
2025-12-17T01:14:48.638122,Recipe_C,b54cb98d-8adf-48ea-80f2-5e47b13f1b38,19,3.0,,,,9.4,10.8,10.95,9.97,10.11,7.33
2025-12-17T01:14:49.638122,Recipe_C,b54cb98d-8adf-48ea-80f2-5e47b13f1b38,19,3.0,,,,10.94,12.38,12.11,10.31,11.99,9.03
2025-12-17T01:14:50.638122,Recipe_C,b54cb98d-8adf-48ea-80f2-5e47b13f1b38,19,3.0,,,,7.73,9.92,4.24,10.62,9.5,9.94
2025-12-17T01:14:51.638122,Recipe_C,b54cb98d-8adf-48ea-80f2-5e47b13f1b38,19,3.0,,,,9.77,10.31,10.89,10.7,11.34,9.08
2025-12-17T01:14:52.638122,Recipe_C,b54cb98d-8adf-48ea-80f2-5e47b13f1b38,19,3.0,,,,10.66,8.0,11.29,10.67,8.09,8.31
2025-12-17T01:14:53.638122,Recipe_C,b54cb98d-8adf-48ea-80f2-5e47b13f1b38,19,3.0,,,,10.38,13.21,10.39,9.9,7.13,10.33
2025-12-17T01:14:54.638122,Recipe_C,b54cb98d-8adf-48ea-80f2-5e47b13f1b38,19,3.0,,,,8.02,5.75,9.11,9.79,13.94,7.49
2025-12-17T01:14:55.638122,Recipe_C,b54cb98d-8adf-48ea-80f2-5e47b13f1b38,19,3.0,,,,8.62,11.12,8.94,9.23,9.72,7.89
2025-12-17T01:14:56.638122,Recipe_C,b54cb98d-8adf-48ea-80f2-5e47b13f1b38,19,3.0,,,,8.36,7.55,10.95,6.98,9.66,12.15
2025-12-17T01:14:57.638122,Recipe_C,b54cb98d-8adf-48ea-80f2-5e47b13f1b38,19,3.0,,,,12.77,13.45,10.09,12.76,11.69,10.43
2025-12-17T01:14:58.638122,Recipe_C,b54cb98d-8adf-48ea-80f2-5e47b13f1b38,19,3.0,,,,11.51,13.38,10.6,11.47,11.15,8.38
2025-12-17T01:14:59.638122,Recipe_C,b54cb98d-8adf-48ea-80f2-5e47b13f1b38,19,3.0,,,,8.21,8.1,12.66,8.42,12.56,11.82
2025-12-17T01:15:00.638122,Recipe_C,b54cb98d-8adf-48ea-80f2-5e47b13f1b38,19,3.0,,,,9.56,10.78,11.0,10.82,8.21,12.45
2025-12-17T01:15:01.638122,Recipe_C,b54cb98d-8adf-48ea-80f2-5e47b13f1b38,19,1.0,,,,10.93,10.4,10.83,12.52,10.91,12.28
2025-12-17T01:15:02.638122,Recipe_C,b54cb98d-8adf-48ea-80f2-5e47b13f1b38,19,1.0,,,,7.13,5.66,7.97,11.84,10.81,14.14
2025-12-17T01:15:03.638122,Recipe_C,b54cb98d-8adf-48ea-80f2-5e47b13f1b38,19,1.0,,,,9.36,5.8,14.42,10.4,8.77,11.16
2025-12-17T01:15:04.638122,Recipe_C,b54cb98d-8adf-48ea-80f2-5e47b13f1b38,19,1.0,,,,9.63,11.61,2.86,10.22,8.92,8.91
2025-12-17T01:15:05.638122,Recipe_C,b54cb98d-8adf-48ea-80f2-5e47b13f1b38,19,1.0,,,,4.85,8.7,10.78,9.32,14.33,13.39
2025-12-17T01:15:06.638122,Recipe_C,b54cb98d-8adf-48ea-80f2-5e47b13f1b38,19,1.0,,,,6.55,10.81,8.11,11.46,10.18,12.52
2025-12-17T01:15:07.638122,Recipe_C,b54cb98d-8adf-48ea-80f2-5e47b13f1b38,19,3.0,,,,9.78,9.96,11.64,14.41,9.96,10.24
2025-12-17T01:15:08.638122,Recipe_C,b54cb98d-8adf-48ea-80f2-5e47b13f1b38,19,3.0,,,,9.61,7.85,10.47,10.99,12.07,8.16
2025-12-17T01:15:09.638122,Recipe_C,b54cb98d-8adf-48ea-80f2-5e47b13f1b38,19,0.0,,,,0.0,0.0,0.0,0.0,0.0,0.0
2025-12-17T01:15:10.638122,Recipe_C,b54cb98d-8adf-48ea-80f2-5e47b13f1b38,19,0.0,,,,0.0,0.0,0.0,0.0,0.0,0.0
2025-12-17T01:15:11.638122,Recipe_C,b54cb98d-8adf-48ea-80f2-5e47b13f1b38,19,0.0,,,,0.0,0.0,0.0,0.0,0.0,0.0
2025-12-17T01:15:12.638122,Recipe_C,b54cb98d-8adf-48ea-80f2-5e47b13f1b38,19,0.0,,,,0.0,0.0,0.0,0.0,0.0,0.0
2025-12-17T01:15:13.638122,Recipe_C,b54cb98d-8adf-48ea-80f2-5e47b13f1b38,19,0.0,,,,0.0,0.0,0.0,0.0,0.0,0.0
2025-12-17T01:15:14.638122,Recipe_C,b54cb98d-8adf-48ea-80f2-5e47b13f1b38,19,0.0,,,,0.0,0.0,0.0,0.0,0.0,0.0
2025-12-17T01:15:15.638122,Recipe_C,b54cb98d-8adf-48ea-80f2-5e47b13f1b38,19,0.0,,,,0.0,0.0,0.0,0.0,0.0,0.0
2025-12-17T01:15:16.638122,Recipe_C,b54cb98d-8adf-48ea-80f2-5e47b13f1b38,19,0.0,,,,0.0,0.0,0.0,0.0,0.0,0.0
2025-12-17T01:15:17.638122,Recipe_C,b54cb98d-8adf-48ea-80f2-5e47b13f1b38,19,0.0,,,,0.0,0.0,0.0,0.0,0.0,0.0
2025-12-17T01:15:18.638122,Recipe_C,b54cb98d-8adf-48ea-80f2-5e47b13f1b38,19,0.0,,,,0.0,0.0,0.0,0.0,0.0,0.0
2025-12-17T01:15:19.638122,Recipe_C,b54cb98d-8adf-48ea-80f2-5e47b13f1b38,19,0.0,,,,0.0,0.0,0.0,0.0,0.0,0.0
2025-12-17T01:15:20.638122,Recipe_C,b54cb98d-8adf-48ea-80f2-5e47b13f1b38,19,0.0,,,,0.0,0.0,0.0,0.0,0.0,0.0
2025-12-17T01:15:21.638122,Recipe_C,b54cb98d-8adf-48ea-80f2-5e47b13f1b38,19,0.0,,,,0.0,0.0,0.0,0.0,0.0,0.0
2025-12-17T01:15:22.638122,Recipe_C,b54cb98d-8adf-48ea-80f2-5e47b13f1b38,19,0.0,,,,0.0,0.0,0.0,0.0,0.0,0.0
2025-12-17T01:15:23.638122,Recipe_C,b54cb98d-8adf-48ea-80f2-5e47b13f1b38,19,0.0,,,,0.0,0.0,0.0,0.0,0.0,0.0
2025-12-17T01:15:24.638122,Recipe_C,b54cb98d-8adf-48ea-80f2-5e47b13f1b38,19,0.0,,,,0.0,0.0,0.0,0.0,0.0,0.0
2025-12-17T01:15:25.638122,Recipe_C,b54cb98d-8adf-48ea-80f2-5e47b13f1b38,19,0.0,,,,0.0,0.0,0.0,0.0,0.0,0.0
2025-12-17T01:15:26.638122,Recipe_C,b54cb98d-8adf-48ea-80f2-5e47b13f1b38,19,0.0,,,,0.0,0.0,0.0,0.0,0.0,0.0
2025-12-17T01:15:27.638122,Recipe_C,b54cb98d-8adf-48ea-80f2-5e47b13f1b38,19,0.0,,,,0.0,0.0,0.0,0.0,0.0,0.0
2025-12-17T01:15:28.638122,Recipe_C,b54cb98d-8adf-48ea-80f2-5e47b13f1b38,19,0.0,,,,0.0,0.0,0.0,0.0,0.0,0.0
2025-12-17T01:15:29.638122,Recipe_C,b54cb98d-8adf-48ea-80f2-5e47b13f1b38,19,0.0,,,,0.0,0.0,0.0,0.0,0.0,0.0
2025-12-17T01:15:30.638122,Recipe_C,b54cb98d-8adf-48ea-80f2-5e47b13f1b38,19,3.0,,,,8.11,7.93,11.21,9.89,9.18,10.66
2025-12-17T01:15:31.638122,Recipe_C,b54cb98d-8adf-48ea-80f2-5e47b13f1b38,19,3.0,,,,11.18,9.02,9.87,11.81,9.17,8.54
2025-12-17T01:15:32.638122,Recipe_C,b54cb98d-8adf-48ea-80f2-5e47b13f1b38,19,3.0,,,,9.42,8.6,9.18,8.07,12.11,8.25
2025-12-17T01:15:33.638122,Recipe_C,b54cb98d-8adf-48ea-80f2-5e47b13f1b38,19,3.0,,,,11.07,12.77,5.49,11.73,6.94,10.87
2025-12-17T01:15:34.638122,Recipe_C,b54cb98d-8adf-48ea-80f2-5e47b13f1b38,19,3.0,,,,9.13,9.45,9.48,11.74,7.76,9.89
2025-12-17T01:15:35.638122,Recipe_C,b54cb98d-8adf-48ea-80f2-5e47b13f1b38,19,1.0,,,,8.25,15.69,8.53,7.85,9.81,9.45
2025-12-17T01:15:36.638122,Recipe_C,b54cb98d-8adf-48ea-80f2-5e47b13f1b38,19,1.0,,,,7.9,12.15,10.9,10.59,7.14,8.06
2025-12-17T01:15:37.638122,Recipe_C,b54cb98d-8adf-48ea-80f2-5e47b13f1b38,19,1.0,,,,4.83,13.31,11.08,10.69,9.99,11.13
2025-12-17T01:15:38.638122,Recipe_C,b54cb98d-8adf-48ea-80f2-5e47b13f1b38,19,1.0,,,,12.06,11.56,10.35,12.85,8.1,8.46
2025-12-17T01:15:39.638122,Recipe_C,b54cb98d-8adf-48ea-80f2-5e47b13f1b38,19,1.0,,,,14.16,8.53,11.36,10.09,10.9,5.94
2025-12-17T01:15:40.638122,Recipe_C,b54cb98d-8adf-48ea-80f2-5e47b13f1b38,19,1.0,,,,12.11,9.23,11.21,9.6,9.05,12.07
2025-12-17T01:15:41.638122,Recipe_C,b54cb98d-8adf-48ea-80f2-5e47b13f1b38,19,1.0,,,,10.91,12.98,7.94,11.03,10.33,7.93
2025-12-17T01:15:42.638122,Recipe_C,b54cb98d-8adf-48ea-80f2-5e47b13f1b38,19,1.0,,,,10.5,10.19,8.26,9.28,7.86,4.58
2025-12-17T01:15:43.638122,Recipe_C,b54cb98d-8adf-48ea-80f2-5e47b13f1b38,19,1.0,,,,9.99,8.78,13.16,8.54,9.86,12.9
2025-12-17T01:15:44.638122,Recipe_C,b54cb98d-8adf-48ea-80f2-5e47b13f1b38,19,1.0,,,,13.18,9.26,9.33,13.93,9.69,8.91
2025-12-17T01:15:45.638122,Recipe_C,b54cb98d-8adf-48ea-80f2-5e47b13f1b38,19,1.0,,,,9.42,11.25,10.98,6.75,10.45,12.02
2025-12-17T01:15:46.638122,Recipe_C,b54cb98d-8adf-48ea-80f2-5e47b13f1b38,19,1.0,,,,8.33,7.72,12.88,11.18,8.52,9.74
2025-12-17T01:15:47.638122,Recipe_C,b54cb98d-8adf-48ea-80f2-5e47b13f1b38,19,1.0,,,,9.78,9.41,6.65,9.72,8.65,11.07
2025-12-17T01:15:48.638122,Recipe_C,b54cb98d-8adf-48ea-80f2-5e47b13f1b38,19,1.0,,,,11.32,11.44,6.7,7.76,9.1,9.02
2025-12-17T01:15:49.638122,Recipe_C,b54cb98d-8adf-48ea-80f2-5e47b13f1b38,19,1.0,,,,8.48,10.87,11.29,10.33,7.41,12.41
2025-12-17T01:15:50.638122,Recipe_C,b54cb98d-8adf-48ea-80f2-5e47b13f1b38,19,1.0,,,,9.68,9.26,11.73,9.27,4.78,8.35
2025-12-17T01:15:51.638122,Recipe_C,b54cb98d-8adf-48ea-80f2-5e47b13f1b38,19,1.0,,,,7.66,8.04,9.06,6.9,7.3,12.79
2025-12-17T01:15:52.638122,Recipe_C,b54cb98d-8adf-48ea-80f2-5e47b13f1b38,19,1.0,,,,3.78,9.74,9.69,10.54,11.24,8.24
2025-12-17T01:15:53.638122,Recipe_C,b54cb98d-8adf-48ea-80f2-5e47b13f1b38,19,1.0,,,,6.14,13.27,9.6,6.84,10.64,11.02
2025-12-17T01:15:54.638122,Recipe_C,b54cb98d-8adf-48ea-80f2-5e47b13f1b38,19,1.0,,,,12.93,10.31,10.2,14.03,7.44,12.64
2025-12-17T01:15:55.638122,Recipe_C,b54cb98d-8adf-48ea-80f2-5e47b13f1b38,19,1.0,,,,6.11,11.71,7.24,10.02,9.98,12.33
2025-12-17T01:15:56.638122,Recipe_C,b54cb98d-8adf-48ea-80f2-5e47b13f1b38,19,1.0,,,,12.13,9.88,9.29,6.7,9.96,11.89
2025-12-17T01:15:57.638122,Recipe_C,b54cb98d-8adf-48ea-80f2-5e47b13f1b38,19,1.0,,,,8.56,9.26,7.53,13.69,9.27,8.34
2025-12-17T01:15:58.638122,Recipe_C,b54cb98d-8adf-48ea-80f2-5e47b13f1b38,19,1.0,,,,11.59,10.13,12.01,6.06,10.02,11.6
2025-12-17T01:15:59.638122,Recipe_C,b54cb98d-8adf-48ea-80f2-5e47b13f1b38,19,1.0,,,,14.1,10.88,9.64,6.74,11.05,6.79
2025-12-17T01:16:00.638122,Recipe_C,b54cb98d-8adf-48ea-80f2-5e47b13f1b38,19,1.0,,,,6.66,10.52,8.24,9.37,12.51,8.18
2025-12-17T01:16:01.638122,Recipe_C,b54cb98d-8adf-48ea-80f2-5e47b13f1b38,19,1.0,,,,8.48,9.02,11.2,11.94,11.66,11.12
2025-12-17T01:16:02.638122,Recipe_C,b54cb98d-8adf-48ea-80f2-5e47b13f1b38,19,2.0,,,,11.34,9.3,9.07,14.26,8.54,9.76
2025-12-17T01:16:03.638122,Recipe_C,b54cb98d-8adf-48ea-80f2-5e47b13f1b38,19,2.0,,,,8.27,5.53,8.97,7.54,10.14,11.28
2025-12-17T01:16:04.638122,Recipe_C,b54cb98d-8adf-48ea-80f2-5e47b13f1b38,19,2.0,,,,8.42,7.43,9.85,10.87,9.74,8.38
2025-12-17T01:16:05.638122,Recipe_C,b54cb98d-8adf-48ea-80f2-5e47b13f1b38,19,5.0,,,,11.64,10.39,11.01,10.01,10.6,14.36
2025-12-17T01:16:06.638122,Recipe_C,b54cb98d-8adf-48ea-80f2-5e47b13f1b38,19,5.0,,,,9.89,10.41,12.84,8.85,10.08,8.97
2025-12-17T01:16:07.638122,Recipe_C,b54cb98d-8adf-48ea-80f2-5e47b13f1b38,19,5.0,,,,8.29,9.74,9.66,7.47,8.34,8.03
2025-12-17T01:16:08.638122,Recipe_C,b54cb98d-8adf-48ea-80f2-5e47b13f1b38,19,5.0,,,,11.66,12.04,8.34,9.48,10.47,7.04
2025-12-17T01:16:09.638122,Recipe_C,b54cb98d-8adf-48ea-80f2-5e47b13f1b38,19,5.0,,,,12.54,12.43,16.69,11.39,11.25,11.46
2025-12-17T01:16:10.638122,Recipe_C,b54cb98d-8adf-48ea-80f2-5e47b13f1b38,19,5.0,,,,11.98,9.01,9.67,11.9,11.76,10.35
2025-12-17T01:16:11.638122,Recipe_C,b54cb98d-8adf-48ea-80f2-5e47b13f1b38,19,5.0,,,,13.25,8.26,11.13,9.3,12.74,12.67
2025-12-17T01:16:12.638122,Recipe_C,b54cb98d-8adf-48ea-80f2-5e47b13f1b38,19,5.0,,,,11.08,7.93,8.5,14.36,14.0,10.61
2025-12-17T01:16:13.638122,Recipe_C,b54cb98d-8adf-48ea-80f2-5e47b13f1b38,19,5.0,,,,8.26,15.41,9.81,9.85,9.23,12.41
2025-12-17T01:16:14.638122,Recipe_C,b54cb98d-8adf-48ea-80f2-5e47b13f1b38,19,5.0,,,,11.92,12.34,9.61,13.69,12.35,10.08
2025-12-17T01:16:15.638122,Recipe_C,b54cb98d-8adf-48ea-80f2-5e47b13f1b38,19,5.0,,,,10.72,10.27,10.69,9.13,8.56,7.89
2025-12-17T01:16:16.638122,Recipe_C,b54cb98d-8adf-48ea-80f2-5e47b13f1b38,19,5.0,,,,12.97,11.7,11.25,6.84,12.02,8.51
2025-12-17T01:16:17.638122,Recipe_C,b54cb98d-8adf-48ea-80f2-5e47b13f1b38,19,5.0,,,,10.78,7.53,10.12,11.17,12.54,8.38
2025-12-17T01:16:18.638122,Recipe_C,b54cb98d-8adf-48ea-80f2-5e47b13f1b38,19,5.0,,,,8.52,9.61,9.3,10.13,10.73,10.77
2025-12-17T01:16:19.638122,Recipe_C,b54cb98d-8adf-48ea-80f2-5e47b13f1b38,19,5.0,,,,10.72,9.83,10.63,9.1,6.75,10.5
2025-12-17T01:16:20.638122,Recipe_C,b54cb98d-8adf-48ea-80f2-5e47b13f1b38,19,5.0,,,,10.4,10.43,6.23,11.74,11.27,10.75
2025-12-17T01:16:21.638122,Recipe_C,b54cb98d-8adf-48ea-80f2-5e47b13f1b38,19,5.0,,,,9.54,11.64,10.69,11.04,11.52,6.04
2025-12-17T01:16:22.638122,Recipe_C,b54cb98d-8adf-48ea-80f2-5e47b13f1b38,19,5.0,,,,9.42,13.52,12.27,9.69,10.11,9.37
2025-12-17T01:16:23.638122,Recipe_C,b54cb98d-8adf-48ea-80f2-5e47b13f1b38,19,5.0,,,,5.4,8.09,8.16,11.39,13.3,8.69
2025-12-17T01:16:24.638122,Recipe_C,b54cb98d-8adf-48ea-80f2-5e47b13f1b38,19,5.0,,,,6.88,12.56,9.76,12.51,11.46,11.01
2025-12-17T01:16:25.638122,Recipe_C,b54cb98d-8adf-48ea-80f2-5e47b13f1b38,19,5.0,,,,10.94,8.51,10.68,11.0,10.54,11.21
2025-12-17T01:16:26.638122,Recipe_C,b54cb98d-8adf-48ea-80f2-5e47b13f1b38,19,5.0,,,,11.12,11.42,10.57,12.41,13.29,13.2
2025-12-17T01:16:27.638122,Recipe_C,b54cb98d-8adf-48ea-80f2-5e47b13f1b38,19,5.0,,,,6.77,9.88,9.21,10.91,10.46,11.82
2025-12-17T01:16:28.638122,Recipe_C,b54cb98d-8adf-48ea-80f2-5e47b13f1b38,19,5.0,,,,8.35,10.6,9.72,11.6,5.71,9.47
2025-12-17T01:16:29.638122,Recipe_C,b54cb98d-8adf-48ea-80f2-5e47b13f1b38,19,5.0,,,,10.18,13.45,8.62,9.09,9.32,10.52
2025-12-17T01:16:30.638122,Recipe_C,b54cb98d-8adf-48ea-80f2-5e47b13f1b38,19,5.0,,,,8.2,9.78,11.36,7.63,8.42,9.55
2025-12-17T01:16:31.638122,Recipe_C,b54cb98d-8adf-48ea-80f2-5e47b13f1b38,19,5.0,,,,12.12,12.15,10.92,7.75,8.64,7.8
2025-12-17T01:16:32.638122,Recipe_C,b54cb98d-8adf-48ea-80f2-5e47b13f1b38,19,5.0,,,,10.99,7.84,9.85,8.39,11.59,8.8
2025-12-17T01:16:33.638122,Recipe_C,b54cb98d-8adf-48ea-80f2-5e47b13f1b38,19,5.0,,,,8.86,8.37,12.89,10.5,8.55,9.72
2025-12-17T01:16:34.638122,Recipe_C,b54cb98d-8adf-48ea-80f2-5e47b13f1b38,19,5.0,,,,12.22,12.05,10.01,11.64,7.8,9.68
2025-12-17T01:16:35.638122,Recipe_C,b54cb98d-8adf-48ea-80f2-5e47b13f1b38,19,5.0,,,,7.57,11.87,7.06,10.86,12.42,12.69
2025-12-17T01:16:36.638122,Recipe_C,b54cb98d-8adf-48ea-80f2-5e47b13f1b38,19,5.0,,,,10.03,10.72,12.0,5.23,11.0,11.8
2025-12-17T01:16:37.638122,Recipe_C,b54cb98d-8adf-48ea-80f2-5e47b13f1b38,19,5.0,,,,8.57,11.39,8.31,10.94,7.93,11.33
2025-12-17T01:16:38.638122,Recipe_C,b54cb98d-8adf-48ea-80f2-5e47b13f1b38,19,0.0,,,,0.0,0.0,0.0,0.0,0.0,0.0
2025-12-17T01:16:39.638122,Recipe_C,b54cb98d-8adf-48ea-80f2-5e47b13f1b38,19,0.0,,,,0.0,0.0,0.0,0.0,0.0,0.0
2025-12-17T01:16:40.638122,Recipe_C,b54cb98d-8adf-48ea-80f2-5e47b13f1b38,19,0.0,,,,0.0,0.0,0.0,0.0,0.0,0.0
2025-12-17T01:16:41.638122,Recipe_C,b54cb98d-8adf-48ea-80f2-5e47b13f1b38,19,0.0,,,,0.0,0.0,0.0,0.0,0.0,0.0
2025-12-17T01:16:42.638122,Recipe_C,b54cb98d-8adf-48ea-80f2-5e47b13f1b38,19,0.0,,,,0.0,0.0,0.0,0.0,0.0,0.0
2025-12-17T01:16:43.638122,Recipe_C,b54cb98d-8adf-48ea-80f2-5e47b13f1b38,19,0.0,,,,0.0,0.0,0.0,0.0,0.0,0.0
2025-12-17T01:16:44.638122,Recipe_C,b54cb98d-8adf-48ea-80f2-5e47b13f1b38,19,0.0,,,,0.0,0.0,0.0,0.0,0.0,0.0
2025-12-17T01:16:45.638122,Recipe_C,b54cb98d-8adf-48ea-80f2-5e47b13f1b38,19,0.0,,,,0.0,0.0,0.0,0.0,0.0,0.0
2025-12-17T01:16:46.638122,Recipe_C,b54cb98d-8adf-48ea-80f2-5e47b13f1b38,19,0.0,,,,0.0,0.0,0.0,0.0,0.0,0.0
2025-12-17T01:16:47.638122,Recipe_C,b54cb98d-8adf-48ea-80f2-5e47b13f1b38,19,3.0,,,,12.5,7.0,8.12,10.45,13.23,14.02
2025-12-17T01:16:48.638122,Recipe_C,b54cb98d-8adf-48ea-80f2-5e47b13f1b38,19,3.0,,,,10.04,10.75,9.58,9.56,12.41,10.4
2025-12-17T01:16:49.638122,Recipe_C,b54cb98d-8adf-48ea-80f2-5e47b13f1b38,19,3.0,,,,11.38,10.75,10.72,13.05,11.68,10.74
2025-12-17T01:16:50.638122,Recipe_C,b54cb98d-8adf-48ea-80f2-5e47b13f1b38,19,3.0,,,,12.74,10.73,7.06,9.28,12.08,11.32
2025-12-17T01:16:51.638122,Recipe_C,b54cb98d-8adf-48ea-80f2-5e47b13f1b38,19,3.0,,,,11.03,13.02,8.12,9.58,7.4,4.61
2025-12-17T01:16:52.638122,Recipe_C,b54cb98d-8adf-48ea-80f2-5e47b13f1b38,19,3.0,,,,11.36,10.81,9.64,8.55,10.42,10.72
2025-12-17T01:16:53.638122,Recipe_C,b54cb98d-8adf-48ea-80f2-5e47b13f1b38,19,3.0,,,,8.65,6.62,12.25,11.55,6.49,5.26
2025-12-17T01:16:54.638122,Recipe_C,b54cb98d-8adf-48ea-80f2-5e47b13f1b38,19,3.0,,,,7.04,13.58,10.41,8.67,7.48,8.79
2025-12-17T01:16:55.638122,Recipe_C,b54cb98d-8adf-48ea-80f2-5e47b13f1b38,19,3.0,,,,10.05,7.21,11.57,11.6,5.87,11.44
2025-12-17T01:16:56.638122,Recipe_C,b54cb98d-8adf-48ea-80f2-5e47b13f1b38,19,3.0,,,,10.92,10.54,6.24,11.31,10.76,9.51
2025-12-17T01:16:57.638122,Recipe_C,b54cb98d-8adf-48ea-80f2-5e47b13f1b38,19,3.0,,,,10.62,11.77,12.6,8.32,11.02,11.41
2025-12-17T01:16:58.638122,Recipe_C,b54cb98d-8adf-48ea-80f2-5e47b13f1b38,19,3.0,,,,11.25,7.86,12.91,9.14,11.22,10.26
2025-12-17T01:16:59.638122,Recipe_C,b54cb98d-8adf-48ea-80f2-5e47b13f1b38,19,3.0,,,,5.86,8.66,8.58,13.35,10.24,7.7
2025-12-17T01:17:00.638122,Recipe_C,b54cb98d-8adf-48ea-80f2-5e47b13f1b38,19,3.0,,,,7.93,8.44,11.18,12.83,8.63,6.77
2025-12-17T01:17:01.638122,Recipe_C,b54cb98d-8adf-48ea-80f2-5e47b13f1b38,19,3.0,,,,10.21,9.39,8.25,10.92,8.44,9.62
2025-12-17T01:17:02.638122,Recipe_C,b54cb98d-8adf-48ea-80f2-5e47b13f1b38,19,3.0,,,,7.79,10.44,10.03,6.8,6.9,7.39
2025-12-17T01:17:03.638122,Recipe_C,b54cb98d-8adf-48ea-80f2-5e47b13f1b38,19,3.0,,,,8.83,10.59,9.33,11.67,10.72,8.68
2025-12-17T01:17:04.638122,Recipe_C,b54cb98d-8adf-48ea-80f2-5e47b13f1b38,19,3.0,,,,11.45,9.84,13.18,11.72,9.8,13.16
2025-12-17T01:17:05.638122,Recipe_C,b54cb98d-8adf-48ea-80f2-5e47b13f1b38,19,3.0,,,,9.95,8.04,9.02,7.77,7.9,9.64
2025-12-17T01:17:06.638122,Recipe_C,b54cb98d-8adf-48ea-80f2-5e47b13f1b38,19,3.0,,,,11.13,13.59,11.28,12.61,9.85,13.41
2025-12-17T01:17:07.638122,Recipe_C,b54cb98d-8adf-48ea-80f2-5e47b13f1b38,19,3.0,,,,11.86,10.73,8.21,6.27,11.91,5.63
2025-12-17T01:17:08.638122,Recipe_C,b54cb98d-8adf-48ea-80f2-5e47b13f1b38,19,3.0,,,,8.19,11.76,11.03,6.76,11.07,7.43
2025-12-17T01:17:09.638122,Recipe_C,b54cb98d-8adf-48ea-80f2-5e47b13f1b38,19,3.0,,,,12.11,9.49,8.62,10.45,7.95,11.03
2025-12-17T01:17:10.638122,Recipe_C,b54cb98d-8adf-48ea-80f2-5e47b13f1b38,19,1.0,,,,13.1,5.88,11.64,7.87,12.67,12.66
2025-12-17T01:17:11.638122,Recipe_C,b54cb98d-8adf-48ea-80f2-5e47b13f1b38,19,1.0,,,,10.33,13.56,7.96,9.75,13.89,11.51
2025-12-17T01:17:12.638122,Recipe_C,b54cb98d-8adf-48ea-80f2-5e47b13f1b38,19,1.0,,,,10.15,10.22,11.28,5.79,8.54,12.82
2025-12-17T01:17:13.638122,Recipe_C,b54cb98d-8adf-48ea-80f2-5e47b13f1b38,19,1.0,,,,9.91,7.92,11.38,8.47,7.48,11.42
2025-12-17T01:17:14.638122,Recipe_C,b54cb98d-8adf-48ea-80f2-5e47b13f1b38,19,1.0,,,,9.8,7.4,9.49,10.78,9.85,11.5
2025-12-17T01:17:15.638122,Recipe_C,b54cb98d-8adf-48ea-80f2-5e47b13f1b38,19,1.0,,,,10.54,11.96,10.47,11.63,9.94,6.91
2025-12-17T01:17:16.638122,Recipe_C,b54cb98d-8adf-48ea-80f2-5e47b13f1b38,19,1.0,,,,10.23,10.56,9.51,7.94,11.0,12.25
2025-12-17T01:17:17.638122,Recipe_C,b54cb98d-8adf-48ea-80f2-5e47b13f1b38,19,1.0,,,,7.25,9.34,9.57,7.89,11.35,8.85
2025-12-17T01:17:18.638122,Recipe_C,b54cb98d-8adf-48ea-80f2-5e47b13f1b38,19,1.0,,,,11.01,8.37,10.11,11.46,10.99,8.36
2025-12-17T01:17:19.638122,Recipe_C,b54cb98d-8adf-48ea-80f2-5e47b13f1b38,19,1.0,,,,10.48,9.23,9.24,11.5,9.93,6.63
2025-12-17T01:17:20.638122,Recipe_C,b54cb98d-8adf-48ea-80f2-5e47b13f1b38,19,1.0,,,,10.73,10.0,5.67,10.5,10.9,14.36
2025-12-17T01:17:21.638122,Recipe_C,b54cb98d-8adf-48ea-80f2-5e47b13f1b38,19,1.0,,,,10.23,7.0,8.62,11.93,11.91,9.85
2025-12-17T01:17:22.638122,Recipe_C,b54cb98d-8adf-48ea-80f2-5e47b13f1b38,19,1.0,,,,8.68,12.92,11.59,10.09,9.88,9.51
2025-12-17T01:17:23.638122,Recipe_C,b54cb98d-8adf-48ea-80f2-5e47b13f1b38,19,1.0,,,,11.04,10.37,9.37,10.9,10.1,11.83
2025-12-17T01:17:24.638122,Recipe_C,b54cb98d-8adf-48ea-80f2-5e47b13f1b38,19,1.0,,,,7.74,10.38,11.84,11.51,9.23,6.24
2025-12-17T01:17:25.638122,Recipe_C,b54cb98d-8adf-48ea-80f2-5e47b13f1b38,19,1.0,,,,10.85,9.63,10.81,10.26,10.08,7.12
2025-12-17T01:17:26.638122,Recipe_C,b54cb98d-8adf-48ea-80f2-5e47b13f1b38,19,1.0,,,,12.35,9.92,10.75,8.82,10.16,10.8
2025-12-17T01:17:27.638122,Recipe_C,b54cb98d-8adf-48ea-80f2-5e47b13f1b38,19,1.0,,,,8.2,8.44,9.01,10.41,14.53,13.04
2025-12-17T01:17:28.638122,Recipe_C,b54cb98d-8adf-48ea-80f2-5e47b13f1b38,19,1.0,,,,12.7,10.52,11.78,8.59,9.62,10.58
2025-12-17T01:17:29.638122,Recipe_C,b54cb98d-8adf-48ea-80f2-5e47b13f1b38,19,1.0,,,,10.95,11.48,7.55,8.76,8.4,13.36
2025-12-17T01:17:30.638122,Recipe_C,b54cb98d-8adf-48ea-80f2-5e47b13f1b38,19,1.0,,,,12.4,10.5,11.52,7.74,12.0,11.58
2025-12-17T01:17:31.638122,Recipe_C,b54cb98d-8adf-48ea-80f2-5e47b13f1b38,19,1.0,,,,9.54,15.03,9.8,11.76,11.05,10.14
2025-12-17T01:17:32.638122,Recipe_C,b54cb98d-8adf-48ea-80f2-5e47b13f1b38,19,1.0,,,,6.33,11.96,12.06,13.73,10.05,11.39
2025-12-17T01:17:33.638122,Recipe_C,b54cb98d-8adf-48ea-80f2-5e47b13f1b38,19,1.0,,,,9.9,8.85,12.53,14.91,10.04,9.51
2025-12-17T01:17:34.638122,Recipe_C,b54cb98d-8adf-48ea-80f2-5e47b13f1b38,19,1.0,,,,11.54,11.47,9.56,9.26,10.15,10.41
2025-12-17T01:17:35.638122,Recipe_C,b54cb98d-8adf-48ea-80f2-5e47b13f1b38,19,1.0,,,,9.99,11.31,10.64,9.3,6.44,13.56
2025-12-17T01:17:36.638122,Recipe_C,b54cb98d-8adf-48ea-80f2-5e47b13f1b38,19,1.0,,,,10.97,12.79,7.96,8.38,12.6,10.77
2025-12-17T01:17:37.638122,Recipe_C,b54cb98d-8adf-48ea-80f2-5e47b13f1b38,19,1.0,,,,10.82,10.64,11.95,13.82,13.56,7.34
2025-12-17T01:17:38.638122,Recipe_C,b54cb98d-8adf-48ea-80f2-5e47b13f1b38,19,1.0,,,,7.58,11.0,9.24,12.02,8.07,10.94
2025-12-17T01:17:39.638122,Recipe_C,b54cb98d-8adf-48ea-80f2-5e47b13f1b38,19,1.0,,,,7.37,15.06,10.67,7.84,8.19,12.63
2025-12-17T01:17:40.638122,Recipe_C,b54cb98d-8adf-48ea-80f2-5e47b13f1b38,19,1.0,,,,12.03,7.97,7.08,9.4,11.58,13.37
2025-12-17T01:17:41.638122,Recipe_C,b54cb98d-8adf-48ea-80f2-5e47b13f1b38,19,1.0,,,,10.99,7.61,10.95,10.94,10.9,10.84
2025-12-17T01:17:42.638122,Recipe_C,b54cb98d-8adf-48ea-80f2-5e47b13f1b38,19,1.0,,,,10.25,8.52,11.62,8.41,13.07,8.0
2025-12-17T01:17:43.638122,Recipe_C,b54cb98d-8adf-48ea-80f2-5e47b13f1b38,19,1.0,,,,11.05,10.02,10.33,11.6,13.41,10.34
2025-12-17T01:17:44.638122,Recipe_C,b54cb98d-8adf-48ea-80f2-5e47b13f1b38,19,1.0,,,,11.83,10.78,5.56,12.09,5.39,12.38
2025-12-17T01:17:45.638122,Recipe_C,b54cb98d-8adf-48ea-80f2-5e47b13f1b38,19,1.0,,,,6.98,10.04,9.36,9.48,9.64,10.21
2025-12-17T01:17:46.638122,Recipe_C,b54cb98d-8adf-48ea-80f2-5e47b13f1b38,19,1.0,,,,15.76,7.48,10.78,10.48,6.4,9.53
2025-12-17T01:17:47.638122,Recipe_C,b54cb98d-8adf-48ea-80f2-5e47b13f1b38,19,1.0,,,,9.45,10.81,10.21,6.53,11.94,10.06
2025-12-17T01:17:48.638122,Recipe_C,b54cb98d-8adf-48ea-80f2-5e47b13f1b38,19,1.0,,,,11.88,10.09,7.68,9.27,12.51,13.26
2025-12-17T01:17:49.638122,Recipe_C,b54cb98d-8adf-48ea-80f2-5e47b13f1b38,19,1.0,,,,9.19,12.26,12.78,9.93,9.94,11.8
2025-12-17T01:17:50.638122,Recipe_C,b54cb98d-8adf-48ea-80f2-5e47b13f1b38,19,1.0,,,,11.04,10.94,10.35,12.55,13.33,8.45
2025-12-17T01:17:51.638122,Recipe_C,b54cb98d-8adf-48ea-80f2-5e47b13f1b38,19,1.0,,,,8.35,11.61,11.13,8.83,11.12,11.66
2025-12-17T01:17:52.638122,Recipe_C,b54cb98d-8adf-48ea-80f2-5e47b13f1b38,19,1.0,,,,5.41,13.98,6.39,7.92,8.72,10.26
2025-12-17T01:17:53.638122,Recipe_C,b54cb98d-8adf-48ea-80f2-5e47b13f1b38,19,1.0,,,,15.59,9.26,7.58,8.14,9.08,11.66
2025-12-17T01:17:54.638122,Recipe_C,b54cb98d-8adf-48ea-80f2-5e47b13f1b38,19,1.0,,,,9.25,8.54,10.98,13.33,11.1,12.24
2025-12-17T01:17:55.638122,Recipe_C,b54cb98d-8adf-48ea-80f2-5e47b13f1b38,19,1.0,,,,12.98,10.3,11.36,9.24,10.92,12.68
2025-12-17T01:17:56.638122,Recipe_C,b54cb98d-8adf-48ea-80f2-5e47b13f1b38,19,1.0,,,,10.0,8.3,10.24,11.11,8.84,12.68
2025-12-17T01:17:57.638122,Recipe_C,b54cb98d-8adf-48ea-80f2-5e47b13f1b38,19,1.0,,,,10.89,8.1,13.68,13.68,7.44,8.34
2025-12-17T01:17:58.638122,Recipe_C,b54cb98d-8adf-48ea-80f2-5e47b13f1b38,19,1.0,,,,11.28,11.14,10.51,8.04,11.12,9.71
2025-12-17T01:17:59.638122,Recipe_C,b54cb98d-8adf-48ea-80f2-5e47b13f1b38,19,1.0,,,,8.46,10.66,15.25,8.22,8.37,10.1
2025-12-17T01:18:00.638122,Recipe_C,b54cb98d-8adf-48ea-80f2-5e47b13f1b38,19,1.0,,,,11.85,11.53,9.76,9.98,6.22,11.31
2025-12-17T01:18:01.638122,Recipe_C,b54cb98d-8adf-48ea-80f2-5e47b13f1b38,19,1.0,,,,6.24,12.38,9.26,9.44,10.74,8.82
2025-12-17T01:18:02.638122,Recipe_C,b54cb98d-8adf-48ea-80f2-5e47b13f1b38,19,1.0,,,,10.18,11.14,9.85,9.91,11.56,14.42
2025-12-17T01:18:03.638122,Recipe_C,b54cb98d-8adf-48ea-80f2-5e47b13f1b38,19,1.0,,,,9.92,11.46,12.74,9.2,10.56,10.01
2025-12-17T01:18:04.638122,Recipe_C,b54cb98d-8adf-48ea-80f2-5e47b13f1b38,19,1.0,,,,11.39,9.86,8.63,8.83,11.16,10.0
2025-12-17T01:18:05.638122,Recipe_C,b54cb98d-8adf-48ea-80f2-5e47b13f1b38,19,1.0,,,,9.26,8.72,10.28,8.62,10.4,11.13
2025-12-17T01:18:06.638122,Recipe_C,b54cb98d-8adf-48ea-80f2-5e47b13f1b38,19,1.0,,,,13.65,9.86,9.8,11.23,10.89,12.61
2025-12-17T01:18:07.638122,Recipe_C,b54cb98d-8adf-48ea-80f2-5e47b13f1b38,19,1.0,,,,11.64,10.1,11.36,9.83,12.97,11.16
2025-12-17T01:18:08.638122,Recipe_C,b54cb98d-8adf-48ea-80f2-5e47b13f1b38,19,1.0,,,,11.52,9.18,10.42,11.12,9.94,6.65
2025-12-17T01:18:09.638122,Recipe_C,b54cb98d-8adf-48ea-80f2-5e47b13f1b38,19,1.0,,,,7.09,9.0,10.73,9.6,10.87,7.52
2025-12-17T01:18:10.638122,Recipe_C,b54cb98d-8adf-48ea-80f2-5e47b13f1b38,19,1.0,,,,9.17,10.37,8.01,8.37,9.64,7.43
2025-12-17T01:18:11.638122,Recipe_C,b54cb98d-8adf-48ea-80f2-5e47b13f1b38,19,1.0,,,,9.44,8.55,9.81,7.99,8.7,13.67
2025-12-17T01:18:12.638122,Recipe_C,b54cb98d-8adf-48ea-80f2-5e47b13f1b38,19,1.0,,,,11.01,7.65,15.04,11.86,8.16,12.37
2025-12-17T01:18:13.638122,Recipe_C,b54cb98d-8adf-48ea-80f2-5e47b13f1b38,19,1.0,,,,9.85,9.65,6.4,9.4,12.04,12.2
2025-12-17T01:18:14.638122,Recipe_C,b54cb98d-8adf-48ea-80f2-5e47b13f1b38,19,1.0,,,,9.11,10.39,9.31,7.45,8.23,9.76
2025-12-17T01:18:15.638122,Recipe_C,b54cb98d-8adf-48ea-80f2-5e47b13f1b38,19,1.0,,,,7.63,12.33,13.09,7.76,10.66,10.92
2025-12-17T01:18:16.638122,Recipe_C,b54cb98d-8adf-48ea-80f2-5e47b13f1b38,19,1.0,,,,8.56,9.99,9.86,8.66,9.7,9.89
2025-12-17T01:18:17.638122,Recipe_C,b54cb98d-8adf-48ea-80f2-5e47b13f1b38,19,1.0,,,,9.5,6.32,13.22,9.77,11.04,8.8
2025-12-17T01:18:18.638122,Recipe_C,b54cb98d-8adf-48ea-80f2-5e47b13f1b38,19,1.0,,,,9.29,9.3,11.5,12.7,8.53,9.17
2025-12-17T01:18:19.638122,Recipe_C,b54cb98d-8adf-48ea-80f2-5e47b13f1b38,19,1.0,,,,10.75,12.94,10.77,9.58,9.37,11.9
2025-12-17T01:18:20.638122,Recipe_C,b54cb98d-8adf-48ea-80f2-5e47b13f1b38,19,1.0,,,,9.78,10.46,8.99,11.3,10.28,9.48
2025-12-17T01:18:21.638122,Recipe_C,b54cb98d-8adf-48ea-80f2-5e47b13f1b38,19,1.0,,,,14.66,10.13,8.5,9.35,8.24,6.23
2025-12-17T01:18:22.638122,Recipe_C,b54cb98d-8adf-48ea-80f2-5e47b13f1b38,19,1.0,,,,13.38,10.06,8.09,8.45,12.9,9.44
2025-12-17T01:18:23.638122,Recipe_C,b54cb98d-8adf-48ea-80f2-5e47b13f1b38,19,1.0,,,,10.81,13.61,10.0,8.36,10.48,10.08
2025-12-17T01:18:24.638122,Recipe_C,b54cb98d-8adf-48ea-80f2-5e47b13f1b38,19,1.0,,,,11.07,9.84,11.84,11.29,10.91,6.79
2025-12-17T01:18:25.638122,Recipe_C,b54cb98d-8adf-48ea-80f2-5e47b13f1b38,19,1.0,,,,12.92,8.12,8.67,11.01,8.21,9.7
2025-12-17T01:18:26.638122,Recipe_C,b54cb98d-8adf-48ea-80f2-5e47b13f1b38,19,1.0,,,,10.12,7.06,10.03,8.99,11.48,7.03
2025-12-17T01:18:27.638122,Recipe_C,b54cb98d-8adf-48ea-80f2-5e47b13f1b38,19,1.0,,,,12.84,8.38,9.77,10.95,8.21,10.0
2025-12-17T01:18:28.638122,Recipe_C,b54cb98d-8adf-48ea-80f2-5e47b13f1b38,19,1.0,,,,8.83,6.3,11.97,8.02,10.24,12.23
2025-12-17T01:18:29.638122,Recipe_C,b54cb98d-8adf-48ea-80f2-5e47b13f1b38,19,1.0,,,,13.02,11.43,12.56,9.59,8.48,12.17
2025-12-17T01:18:30.638122,Recipe_C,b54cb98d-8adf-48ea-80f2-5e47b13f1b38,19,1.0,,,,7.41,9.34,11.3,12.11,10.38,9.05
2025-12-17T01:18:31.638122,Recipe_C,b54cb98d-8adf-48ea-80f2-5e47b13f1b38,19,1.0,,,,7.29,9.88,7.92,7.21,8.51,12.83
2025-12-17T01:18:32.638122,Recipe_C,b54cb98d-8adf-48ea-80f2-5e47b13f1b38,19,1.0,,,,9.23,13.52,12.23,12.76,11.67,9.47
2025-12-17T01:18:33.638122,Recipe_C,b54cb98d-8adf-48ea-80f2-5e47b13f1b38,19,4.0,,,,102.73,53.25,42.79,45.8,53.68,57.96
2025-12-17T01:18:34.638122,Recipe_C,b54cb98d-8adf-48ea-80f2-5e47b13f1b38,19,4.0,,,,97.66,45.54,57.24,55.51,44.19,53.91
2025-12-17T01:18:35.638122,Recipe_C,b54cb98d-8adf-48ea-80f2-5e47b13f1b38,19,4.0,,,,106.22,49.48,50.1,51.56,61.44,57.64
2025-12-17T01:18:36.638122,Recipe_C,b54cb98d-8adf-48ea-80f2-5e47b13f1b38,19,4.0,,,,91.02,54.2,51.92,54.41,43.78,46.84
2025-12-17T01:18:37.638122,Recipe_C,b54cb98d-8adf-48ea-80f2-5e47b13f1b38,19,4.0,,,,101.47,46.25,44.9,48.44,57.08,49.37
2025-12-17T01:18:38.638122,Recipe_C,b54cb98d-8adf-48ea-80f2-5e47b13f1b38,19,4.0,,,,95.51,47.91,54.92,54.08,56.83,44.57
2025-12-17T01:18:39.638122,Recipe_C,b54cb98d-8adf-48ea-80f2-5e47b13f1b38,19,4.0,,,,109.33,59.04,48.84,61.53,45.53,47.62
2025-12-17T01:18:40.638122,Recipe_C,b54cb98d-8adf-48ea-80f2-5e47b13f1b38,19,4.0,,,,94.99,46.0,52.55,53.22,49.88,45.4
2025-12-17T01:18:41.638122,Recipe_C,b54cb98d-8adf-48ea-80f2-5e47b13f1b38,19,4.0,,,,96.89,54.4,47.58,51.15,48.17,55.89
2025-12-17T01:18:42.638122,Recipe_C,b54cb98d-8adf-48ea-80f2-5e47b13f1b38,19,4.0,,,,107.16,50.79,63.09,45.94,46.94,53.93
2025-12-17T01:18:43.638122,Recipe_C,b54cb98d-8adf-48ea-80f2-5e47b13f1b38,19,4.0,,,,89.12,42.63,44.55,57.3,45.84,52.4
2025-12-17T01:18:44.638122,Recipe_C,b54cb98d-8adf-48ea-80f2-5e47b13f1b38,19,4.0,,,,96.21,46.37,53.74,56.86,49.99,49.49
2025-12-17T01:18:45.638122,Recipe_C,b54cb98d-8adf-48ea-80f2-5e47b13f1b38,19,4.0,,,,98.54,50.61,50.02,56.68,52.91,61.35
2025-12-17T01:18:46.638122,Recipe_C,b54cb98d-8adf-48ea-80f2-5e47b13f1b38,19,4.0,,,,101.17,50.75,51.39,55.4,55.18,39.51
2025-12-17T01:18:47.638122,Recipe_C,b54cb98d-8adf-48ea-80f2-5e47b13f1b38,19,4.0,,,,102.71,49.28,47.36,56.11,55.23,53.73
2025-12-17T01:18:48.638122,Recipe_C,b54cb98d-8adf-48ea-80f2-5e47b13f1b38,19,4.0,,,,87.65,55.58,59.35,49.21,46.76,50.37
2025-12-17T01:18:49.638122,Recipe_C,b54cb98d-8adf-48ea-80f2-5e47b13f1b38,19,4.0,,,,96.99,42.71,50.28,54.02,43.59,51.73
2025-12-17T01:18:50.638122,Recipe_C,b54cb98d-8adf-48ea-80f2-5e47b13f1b38,19,4.0,,,,100.38,46.65,52.29,43.7,44.41,47.06
2025-12-17T01:18:51.638122,Recipe_C,b54cb98d-8adf-48ea-80f2-5e47b13f1b38,19,4.0,,,,102.12,49.68,55.92,50.19,50.2,47.13
2025-12-17T01:18:52.638122,Recipe_C,b54cb98d-8adf-48ea-80f2-5e47b13f1b38,19,4.0,,,,101.61,55.27,50.36,49.12,47.55,45.89
2025-12-17T01:18:53.638122,Recipe_C,b54cb98d-8adf-48ea-80f2-5e47b13f1b38,19,4.0,,,,104.55,44.79,53.08,48.3,47.34,56.41
2025-12-17T01:18:54.638122,Recipe_C,b54cb98d-8adf-48ea-80f2-5e47b13f1b38,19,4.0,,,,100.59,61.26,39.41,49.71,49.27,54.13
2025-12-17T01:18:55.638122,Recipe_C,b54cb98d-8adf-48ea-80f2-5e47b13f1b38,19,4.0,,,,103.77,53.58,56.83,47.9,49.34,46.82
2025-12-17T01:18:56.638122,Recipe_C,b54cb98d-8adf-48ea-80f2-5e47b13f1b38,19,4.0,,,,102.92,56.74,45.76,58.17,53.35,46.8
2025-12-17T01:18:57.638122,Recipe_C,b54cb98d-8adf-48ea-80f2-5e47b13f1b38,19,4.0,,,,94.12,58.72,36.73,49.32,46.16,49.58
2025-12-17T01:18:58.638122,Recipe_C,b54cb98d-8adf-48ea-80f2-5e47b13f1b38,19,4.0,,,,99.01,51.32,55.33,52.08,47.2,46.08
2025-12-17T01:18:59.638122,Recipe_C,b54cb98d-8adf-48ea-80f2-5e47b13f1b38,19,4.0,,,,97.84,47.11,46.54,49.75,62.95,52.35
2025-12-17T01:18:59.638122,Recipe_C,b54cb98d-8adf-48ea-80f2-5e47b13f1b38,19,4.0,Error_2,Simulated Error occurred,Error,,,,,,
2025-12-17T01:19:00.638122,Recipe_C,b54cb98d-8adf-48ea-80f2-5e47b13f1b38,19,4.0,,,,92.11,45.48,49.23,65.32,43.47,54.46
2025-12-17T01:19:01.638122,Recipe_C,b54cb98d-8adf-48ea-80f2-5e47b13f1b38,19,4.0,,,,90.71,54.66,38.24,58.18,48.92,53.86
2025-12-17T01:19:02.638122,Recipe_C,b54cb98d-8adf-48ea-80f2-5e47b13f1b38,19,4.0,,,,93.74,53.54,44.55,42.56,49.92,46.92
2025-12-17T01:19:03.638122,Recipe_C,b54cb98d-8adf-48ea-80f2-5e47b13f1b38,19,4.0,,,,101.6,53.36,49.74,52.0,54.0,48.2
2025-12-17T01:19:04.638122,Recipe_C,b54cb98d-8adf-48ea-80f2-5e47b13f1b38,19,4.0,,,,100.45,49.08,45.9,52.13,55.59,58.48
2025-12-17T01:19:05.638122,Recipe_C,b54cb98d-8adf-48ea-80f2-5e47b13f1b38,19,4.0,,,,106.78,49.83,45.9,56.62,47.19,46.15
2025-12-17T01:19:06.638122,Recipe_C,b54cb98d-8adf-48ea-80f2-5e47b13f1b38,19,4.0,,,,100.29,41.88,53.65,44.87,39.41,54.55
2025-12-17T01:19:07.638122,Recipe_C,b54cb98d-8adf-48ea-80f2-5e47b13f1b38,19,4.0,,,,99.56,40.69,60.4,56.5,62.14,47.64
2025-12-17T01:19:08.638122,Recipe_C,b54cb98d-8adf-48ea-80f2-5e47b13f1b38,19,4.0,,,,107.58,61.44,48.63,58.24,46.65,45.74
2025-12-17T01:19:09.638122,Recipe_C,b54cb98d-8adf-48ea-80f2-5e47b13f1b38,19,4.0,,,,86.26,51.28,53.04,57.64,53.63,47.18
2025-12-17T01:19:10.638122,Recipe_C,b54cb98d-8adf-48ea-80f2-5e47b13f1b38,19,4.0,,,,99.81,49.25,54.79,49.23,43.86,48.23
2025-12-17T01:19:11.638122,Recipe_C,b54cb98d-8adf-48ea-80f2-5e47b13f1b38,19,1.0,,,,10.32,9.73,12.62,8.8,10.78,5.59
2025-12-17T01:19:12.638122,Recipe_C,b54cb98d-8adf-48ea-80f2-5e47b13f1b38,19,1.0,,,,12.89,10.21,10.61,10.6,12.34,9.8
2025-12-17T01:19:13.638122,Recipe_C,b54cb98d-8adf-48ea-80f2-5e47b13f1b38,19,1.0,,,,8.62,9.63,8.87,9.09,7.13,12.13
2025-12-17T01:19:14.638122,Recipe_C,b54cb98d-8adf-48ea-80f2-5e47b13f1b38,19,1.0,,,,8.43,11.11,14.13,9.69,9.18,8.68
2025-12-17T01:19:15.638122,Recipe_C,b54cb98d-8adf-48ea-80f2-5e47b13f1b38,19,1.0,,,,8.26,10.71,9.87,12.15,12.72,13.1
2025-12-17T01:19:16.638122,Recipe_C,b54cb98d-8adf-48ea-80f2-5e47b13f1b38,19,1.0,,,,7.72,8.8,8.18,11.42,11.06,8.53
2025-12-17T01:19:17.638122,Recipe_C,b54cb98d-8adf-48ea-80f2-5e47b13f1b38,19,1.0,,,,11.04,7.79,9.25,12.18,8.22,9.02
2025-12-17T01:19:18.638122,Recipe_C,b54cb98d-8adf-48ea-80f2-5e47b13f1b38,19,1.0,,,,10.22,10.1,13.88,9.56,11.34,10.08
2025-12-17T01:19:19.638122,Recipe_C,b54cb98d-8adf-48ea-80f2-5e47b13f1b38,19,1.0,,,,9.92,9.74,8.7,11.77,6.71,13.1
2025-12-17T01:19:20.638122,Recipe_C,b54cb98d-8adf-48ea-80f2-5e47b13f1b38,19,1.0,,,,10.22,9.06,11.24,11.6,15.58,9.52
2025-12-17T01:19:21.638122,Recipe_C,b54cb98d-8adf-48ea-80f2-5e47b13f1b38,19,1.0,,,,12.9,11.66,6.81,8.36,8.53,8.53
2025-12-17T01:19:22.638122,Recipe_C,b54cb98d-8adf-48ea-80f2-5e47b13f1b38,19,1.0,,,,9.46,13.49,13.77,8.03,8.82,9.0
2025-12-17T01:19:23.638122,Recipe_C,b54cb98d-8adf-48ea-80f2-5e47b13f1b38,19,1.0,,,,9.33,10.26,11.08,11.09,9.25,9.88
2025-12-17T01:19:24.638122,Recipe_C,b54cb98d-8adf-48ea-80f2-5e47b13f1b38,19,1.0,,,,11.5,9.56,13.64,9.09,10.78,11.47
2025-12-17T01:19:25.638122,Recipe_C,b54cb98d-8adf-48ea-80f2-5e47b13f1b38,19,1.0,,,,11.61,7.79,7.86,9.79,9.38,9.18
2025-12-17T01:19:26.638122,Recipe_C,b54cb98d-8adf-48ea-80f2-5e47b13f1b38,19,1.0,,,,9.01,11.7,10.35,8.0,14.69,12.05
2025-12-17T01:19:27.638122,Recipe_C,b54cb98d-8adf-48ea-80f2-5e47b13f1b38,19,1.0,,,,6.22,11.48,11.11,9.57,4.95,6.48
2025-12-17T01:19:28.638122,Recipe_C,b54cb98d-8adf-48ea-80f2-5e47b13f1b38,19,1.0,,,,10.02,8.94,11.66,14.17,10.12,9.06
2025-12-17T01:19:29.638122,Recipe_C,b54cb98d-8adf-48ea-80f2-5e47b13f1b38,19,1.0,,,,8.55,11.1,10.88,15.23,6.95,9.55
2025-12-17T01:19:30.638122,Recipe_C,b54cb98d-8adf-48ea-80f2-5e47b13f1b38,19,1.0,,,,10.78,10.28,8.49,10.65,11.21,6.81
2025-12-17T01:19:31.638122,Recipe_C,b54cb98d-8adf-48ea-80f2-5e47b13f1b38,19,1.0,,,,8.4,10.94,7.39,6.14,6.19,8.8
2025-12-17T01:19:32.638122,Recipe_C,b54cb98d-8adf-48ea-80f2-5e47b13f1b38,19,1.0,,,,6.38,11.62,11.96,8.18,6.01,8.21
2025-12-17T01:19:33.638122,Recipe_C,b54cb98d-8adf-48ea-80f2-5e47b13f1b38,19,4.0,,,,97.67,56.27,54.06,46.08,52.85,46.3
2025-12-17T01:19:34.638122,Recipe_C,b54cb98d-8adf-48ea-80f2-5e47b13f1b38,19,4.0,,,,93.43,41.78,50.37,52.28,49.16,40.53
2025-12-17T01:19:35.638122,Recipe_C,b54cb98d-8adf-48ea-80f2-5e47b13f1b38,19,4.0,,,,98.58,54.27,43.0,46.98,50.93,52.51
2025-12-17T01:19:36.638122,Recipe_C,b54cb98d-8adf-48ea-80f2-5e47b13f1b38,19,4.0,,,,97.66,46.0,53.84,41.77,42.95,54.87
2025-12-17T01:19:37.638122,Recipe_C,b54cb98d-8adf-48ea-80f2-5e47b13f1b38,19,4.0,,,,97.34,59.92,53.6,52.43,48.96,57.69
2025-12-17T01:19:38.638122,Recipe_C,b54cb98d-8adf-48ea-80f2-5e47b13f1b38,19,4.0,,,,96.26,46.83,52.78,43.89,42.6,56.03
2025-12-17T01:19:39.638122,Recipe_C,b54cb98d-8adf-48ea-80f2-5e47b13f1b38,19,4.0,,,,96.45,50.05,55.94,47.21,57.41,61.63
2025-12-17T01:19:40.638122,Recipe_C,b54cb98d-8adf-48ea-80f2-5e47b13f1b38,19,4.0,,,,96.48,63.13,46.7,59.33,48.28,52.37
2025-12-17T01:19:41.638122,Recipe_C,b54cb98d-8adf-48ea-80f2-5e47b13f1b38,19,4.0,,,,103.19,48.9,53.77,53.96,55.04,47.75
2025-12-17T01:19:42.638122,Recipe_C,b54cb98d-8adf-48ea-80f2-5e47b13f1b38,19,4.0,,,,98.65,49.21,52.76,51.11,52.85,46.93
2025-12-17T01:19:43.638122,Recipe_C,b54cb98d-8adf-48ea-80f2-5e47b13f1b38,19,4.0,,,,104.45,51.99,50.54,52.54,57.21,40.57
2025-12-17T01:19:44.638122,Recipe_C,b54cb98d-8adf-48ea-80f2-5e47b13f1b38,19,4.0,,,,99.87,41.97,57.84,51.83,51.21,44.27
2025-12-17T01:19:44.638122,Recipe_C,b54cb98d-8adf-48ea-80f2-5e47b13f1b38,19,4.0,Warning_1,Simulated Warning occurred,Warning,,,,,,
2025-12-17T01:19:45.638122,Recipe_C,b54cb98d-8adf-48ea-80f2-5e47b13f1b38,19,4.0,,,,92.43,58.68,44.98,52.26,58.97,46.27
2025-12-17T01:19:46.638122,Recipe_C,b54cb98d-8adf-48ea-80f2-5e47b13f1b38,19,4.0,,,,104.3,43.94,41.92,49.52,47.62,46.13
2025-12-17T01:19:47.638122,Recipe_C,b54cb98d-8adf-48ea-80f2-5e47b13f1b38,19,4.0,,,,98.46,48.16,54.69,50.99,50.13,46.34
2025-12-17T01:19:48.638122,Recipe_C,b54cb98d-8adf-48ea-80f2-5e47b13f1b38,19,4.0,,,,98.59,49.31,53.21,55.68,47.54,44.39
2025-12-17T01:19:48.638122,Recipe_C,b54cb98d-8adf-48ea-80f2-5e47b13f1b38,19,4.0,Warning_8,Simulated Warning occurred,Warning,,,,,,
2025-12-17T01:19:49.638122,Recipe_C,b54cb98d-8adf-48ea-80f2-5e47b13f1b38,19,4.0,,,,108.0,49.2,44.95,49.89,47.84,45.55
2025-12-17T01:19:50.638122,Recipe_C,b54cb98d-8adf-48ea-80f2-5e47b13f1b38,19,4.0,,,,103.91,55.04,44.21,55.99,46.52,51.76
2025-12-17T01:19:51.638122,Recipe_C,b54cb98d-8adf-48ea-80f2-5e47b13f1b38,19,4.0,,,,100.68,45.94,53.54,58.2,47.94,51.8
2025-12-17T01:19:52.638122,Recipe_C,b54cb98d-8adf-48ea-80f2-5e47b13f1b38,19,4.0,,,,97.44,41.3,41.5,43.19,57.46,50.99
2025-12-17T01:19:53.638122,Recipe_C,b54cb98d-8adf-48ea-80f2-5e47b13f1b38,19,4.0,,,,107.69,51.26,47.78,49.64,43.88,51.32
2025-12-17T01:19:54.638122,Recipe_C,b54cb98d-8adf-48ea-80f2-5e47b13f1b38,19,4.0,,,,99.55,51.61,52.7,61.09,54.7,42.92
2025-12-17T01:19:55.638122,Recipe_C,b54cb98d-8adf-48ea-80f2-5e47b13f1b38,19,4.0,,,,95.46,57.59,51.92,50.11,53.21,53.28
2025-12-17T01:19:56.638122,Recipe_C,b54cb98d-8adf-48ea-80f2-5e47b13f1b38,19,4.0,,,,98.5,51.7,51.01,46.22,51.73,49.1
2025-12-17T01:19:57.638122,Recipe_C,b54cb98d-8adf-48ea-80f2-5e47b13f1b38,19,4.0,,,,97.62,48.01,46.64,41.96,41.27,51.62
2025-12-17T01:19:58.638122,Recipe_C,b54cb98d-8adf-48ea-80f2-5e47b13f1b38,19,4.0,,,,90.47,38.8,58.54,48.32,50.34,50.84
2025-12-17T01:19:59.638122,Recipe_C,b54cb98d-8adf-48ea-80f2-5e47b13f1b38,19,4.0,,,,100.94,51.77,50.26,40.81,55.9,44.0
2025-12-17T01:20:00.638122,Recipe_C,b54cb98d-8adf-48ea-80f2-5e47b13f1b38,19,4.0,,,,99.53,49.12,56.62,46.49,46.78,46.89
2025-12-17T01:20:01.638122,Recipe_C,b54cb98d-8adf-48ea-80f2-5e47b13f1b38,19,4.0,,,,103.8,52.41,45.23,57.7,50.23,46.77
2025-12-17T01:20:02.638122,Recipe_C,b54cb98d-8adf-48ea-80f2-5e47b13f1b38,19,4.0,,,,109.65,55.05,53.04,47.19,50.36,47.06
2025-12-17T01:20:03.638122,Recipe_C,b54cb98d-8adf-48ea-80f2-5e47b13f1b38,19,4.0,,,,102.77,50.55,53.16,43.28,39.57,46.67
2025-12-17T01:20:04.638122,Recipe_C,b54cb98d-8adf-48ea-80f2-5e47b13f1b38,19,4.0,,,,106.48,56.13,51.6,48.48,54.6,44.01
2025-12-17T01:20:05.638122,Recipe_C,b54cb98d-8adf-48ea-80f2-5e47b13f1b38,19,4.0,,,,103.2,53.96,50.17,54.46,41.52,47.69
2025-12-17T01:20:06.638122,Recipe_C,b54cb98d-8adf-48ea-80f2-5e47b13f1b38,19,1.0,,,,9.69,11.46,13.2,9.86,10.65,7.55
2025-12-17T01:20:07.638122,Recipe_C,b54cb98d-8adf-48ea-80f2-5e47b13f1b38,19,1.0,,,,10.03,11.39,10.44,7.77,10.23,8.8
2025-12-17T01:20:08.638122,Recipe_C,b54cb98d-8adf-48ea-80f2-5e47b13f1b38,19,1.0,,,,7.56,10.21,9.63,8.35,10.91,11.02
2025-12-17T01:20:08.638122,Recipe_C,b54cb98d-8adf-48ea-80f2-5e47b13f1b38,19,1.0,Warning_2,Simulated Warning occurred,Warning,,,,,,
2025-12-17T01:20:09.638122,Recipe_C,b54cb98d-8adf-48ea-80f2-5e47b13f1b38,19,1.0,,,,10.29,12.1,8.69,9.57,8.87,12.02
2025-12-17T01:20:10.638122,Recipe_C,b54cb98d-8adf-48ea-80f2-5e47b13f1b38,19,1.0,,,,11.92,11.92,8.44,10.84,11.1,8.38
2025-12-17T01:20:11.638122,Recipe_C,b54cb98d-8adf-48ea-80f2-5e47b13f1b38,19,1.0,,,,9.84,10.15,7.82,11.47,9.34,7.41
2025-12-17T01:20:12.638122,Recipe_C,b54cb98d-8adf-48ea-80f2-5e47b13f1b38,19,1.0,,,,13.08,8.4,10.74,8.78,9.51,11.58
2025-12-17T01:20:13.638122,Recipe_C,b54cb98d-8adf-48ea-80f2-5e47b13f1b38,19,1.0,,,,12.09,10.65,12.84,12.2,8.76,11.67
2025-12-17T01:20:14.638122,Recipe_C,b54cb98d-8adf-48ea-80f2-5e47b13f1b38,19,1.0,,,,10.9,7.13,9.11,7.67,6.7,12.9
2025-12-17T01:20:15.638122,Recipe_C,b54cb98d-8adf-48ea-80f2-5e47b13f1b38,19,0.0,,,,0.0,0.0,0.0,0.0,0.0,0.0
2025-12-17T01:20:16.638122,Recipe_C,b54cb98d-8adf-48ea-80f2-5e47b13f1b38,19,0.0,,,,0.0,0.0,0.0,0.0,0.0,0.0
2025-12-17T01:20:17.638122,Recipe_C,b54cb98d-8adf-48ea-80f2-5e47b13f1b38,19,0.0,,,,0.0,0.0,0.0,0.0,0.0,0.0
2025-12-17T01:20:18.638122,Recipe_C,b54cb98d-8adf-48ea-80f2-5e47b13f1b38,19,0.0,,,,0.0,0.0,0.0,0.0,0.0,0.0
2025-12-17T01:20:19.638122,Recipe_C,b54cb98d-8adf-48ea-80f2-5e47b13f1b38,19,0.0,,,,0.0,0.0,0.0,0.0,0.0,0.0
2025-12-17T01:20:20.638122,Recipe_C,b54cb98d-8adf-48ea-80f2-5e47b13f1b38,19,0.0,,,,0.0,0.0,0.0,0.0,0.0,0.0
2025-12-17T01:20:21.638122,Recipe_C,b54cb98d-8adf-48ea-80f2-5e47b13f1b38,19,0.0,,,,0.0,0.0,0.0,0.0,0.0,0.0
2025-12-17T01:20:22.638122,Recipe_C,b54cb98d-8adf-48ea-80f2-5e47b13f1b38,19,0.0,,,,0.0,0.0,0.0,0.0,0.0,0.0
2025-12-17T01:20:23.638122,Recipe_C,b54cb98d-8adf-48ea-80f2-5e47b13f1b38,19,0.0,,,,0.0,0.0,0.0,0.0,0.0,0.0
2025-12-17T01:20:24.638122,Recipe_C,b54cb98d-8adf-48ea-80f2-5e47b13f1b38,19,0.0,,,,0.0,0.0,0.0,0.0,0.0,0.0
2025-12-17T01:20:25.638122,Recipe_C,b54cb98d-8adf-48ea-80f2-5e47b13f1b38,19,0.0,,,,0.0,0.0,0.0,0.0,0.0,0.0
2025-12-17T01:20:26.638122,Recipe_C,b54cb98d-8adf-48ea-80f2-5e47b13f1b38,19,0.0,,,,0.0,0.0,0.0,0.0,0.0,0.0
2025-12-17T01:20:27.638122,Recipe_C,b54cb98d-8adf-48ea-80f2-5e47b13f1b38,19,0.0,,,,0.0,0.0,0.0,0.0,0.0,0.0
2025-12-17T01:20:28.638122,Recipe_C,b54cb98d-8adf-48ea-80f2-5e47b13f1b38,19,0.0,,,,0.0,0.0,0.0,0.0,0.0,0.0
2025-12-17T01:20:29.638122,Recipe_C,b54cb98d-8adf-48ea-80f2-5e47b13f1b38,19,0.0,,,,0.0,0.0,0.0,0.0,0.0,0.0
2025-12-17T01:20:30.638122,Recipe_C,b54cb98d-8adf-48ea-80f2-5e47b13f1b38,19,0.0,,,,0.0,0.0,0.0,0.0,0.0,0.0
2025-12-17T01:20:31.638122,Recipe_C,b54cb98d-8adf-48ea-80f2-5e47b13f1b38,19,0.0,,,,0.0,0.0,0.0,0.0,0.0,0.0
2025-12-17T01:20:32.638122,Recipe_C,b54cb98d-8adf-48ea-80f2-5e47b13f1b38,19,0.0,,,,0.0,0.0,0.0,0.0,0.0,0.0
2025-12-17T01:20:33.638122,Recipe_C,b54cb98d-8adf-48ea-80f2-5e47b13f1b38,19,0.0,,,,0.0,0.0,0.0,0.0,0.0,0.0
2025-12-17T01:20:34.638122,Recipe_C,b54cb98d-8adf-48ea-80f2-5e47b13f1b38,19,0.0,,,,0.0,0.0,0.0,0.0,0.0,0.0
2025-12-17T01:20:35.638122,Recipe_C,b54cb98d-8adf-48ea-80f2-5e47b13f1b38,19,0.0,,,,0.0,0.0,0.0,0.0,0.0,0.0
2025-12-17T01:20:36.638122,Recipe_C,b54cb98d-8adf-48ea-80f2-5e47b13f1b38,19,0.0,,,,0.0,0.0,0.0,0.0,0.0,0.0
2025-12-17T01:20:37.638122,Recipe_C,b54cb98d-8adf-48ea-80f2-5e47b13f1b38,19,0.0,,,,0.0,0.0,0.0,0.0,0.0,0.0
2025-12-17T01:20:38.638122,Recipe_C,b54cb98d-8adf-48ea-80f2-5e47b13f1b38,19,0.0,,,,0.0,0.0,0.0,0.0,0.0,0.0
2025-12-17T01:20:39.638122,Recipe_C,b54cb98d-8adf-48ea-80f2-5e47b13f1b38,19,0.0,,,,0.0,0.0,0.0,0.0,0.0,0.0
2025-12-17T01:20:40.638122,Recipe_C,b54cb98d-8adf-48ea-80f2-5e47b13f1b38,19,0.0,,,,0.0,0.0,0.0,0.0,0.0,0.0
2025-12-17T01:20:41.638122,Recipe_C,b54cb98d-8adf-48ea-80f2-5e47b13f1b38,19,0.0,,,,0.0,0.0,0.0,0.0,0.0,0.0
2025-12-17T01:20:42.638122,Recipe_C,b54cb98d-8adf-48ea-80f2-5e47b13f1b38,19,0.0,,,,0.0,0.0,0.0,0.0,0.0,0.0
2025-12-17T01:20:43.638122,Recipe_C,b54cb98d-8adf-48ea-80f2-5e47b13f1b38,19,0.0,,,,0.0,0.0,0.0,0.0,0.0,0.0
2025-12-17T01:20:44.638122,Recipe_C,b54cb98d-8adf-48ea-80f2-5e47b13f1b38,19,0.0,,,,0.0,0.0,0.0,0.0,0.0,0.0
2025-12-17T01:20:45.638122,Recipe_C,b54cb98d-8adf-48ea-80f2-5e47b13f1b38,19,0.0,,,,0.0,0.0,0.0,0.0,0.0,0.0
2025-12-17T01:20:46.638122,Recipe_C,b54cb98d-8adf-48ea-80f2-5e47b13f1b38,19,0.0,,,,0.0,0.0,0.0,0.0,0.0,0.0
2025-12-17T01:20:47.638122,Recipe_C,b54cb98d-8adf-48ea-80f2-5e47b13f1b38,19,0.0,,,,0.0,0.0,0.0,0.0,0.0,0.0
2025-12-17T01:20:48.638122,Recipe_C,b54cb98d-8adf-48ea-80f2-5e47b13f1b38,19,0.0,,,,0.0,0.0,0.0,0.0,0.0,0.0
2025-12-17T01:20:49.638122,Recipe_C,b54cb98d-8adf-48ea-80f2-5e47b13f1b38,19,0.0,,,,0.0,0.0,0.0,0.0,0.0,0.0
2025-12-17T01:20:50.638122,Recipe_C,b54cb98d-8adf-48ea-80f2-5e47b13f1b38,19,0.0,,,,0.0,0.0,0.0,0.0,0.0,0.0
2025-12-17T01:20:51.638122,Recipe_C,b54cb98d-8adf-48ea-80f2-5e47b13f1b38,19,0.0,,,,0.0,0.0,0.0,0.0,0.0,0.0
2025-12-17T01:20:52.638122,Recipe_C,b54cb98d-8adf-48ea-80f2-5e47b13f1b38,19,0.0,,,,0.0,0.0,0.0,0.0,0.0,0.0
2025-12-17T01:20:53.638122,Recipe_C,b54cb98d-8adf-48ea-80f2-5e47b13f1b38,19,2.0,,,,7.16,8.22,11.91,10.32,11.33,8.36
2025-12-17T01:20:54.638122,Recipe_C,b54cb98d-8adf-48ea-80f2-5e47b13f1b38,19,2.0,,,,10.59,10.2,12.06,9.46,8.41,8.52
2025-12-17T01:20:55.638122,Recipe_C,b54cb98d-8adf-48ea-80f2-5e47b13f1b38,19,2.0,,,,13.15,10.71,8.9,8.43,9.64,7.76
2025-12-17T01:20:56.638122,Recipe_C,b54cb98d-8adf-48ea-80f2-5e47b13f1b38,19,2.0,,,,10.46,12.74,9.67,9.72,8.79,12.52
2025-12-17T01:20:57.638122,Recipe_C,b54cb98d-8adf-48ea-80f2-5e47b13f1b38,19,2.0,,,,7.1,10.27,11.99,10.67,10.43,7.77
2025-12-17T01:20:58.638122,Recipe_C,b54cb98d-8adf-48ea-80f2-5e47b13f1b38,19,2.0,,,,11.84,10.8,11.37,10.36,10.61,13.03
2025-12-17T01:20:59.638122,Recipe_C,b54cb98d-8adf-48ea-80f2-5e47b13f1b38,19,2.0,,,,6.87,11.44,10.4,9.54,7.02,9.15
2025-12-17T01:21:00.638122,Recipe_C,b54cb98d-8adf-48ea-80f2-5e47b13f1b38,19,2.0,,,,7.08,11.15,8.85,11.22,11.35,8.9
2025-12-17T01:21:01.638122,Recipe_C,b54cb98d-8adf-48ea-80f2-5e47b13f1b38,19,2.0,,,,13.92,10.95,13.85,7.34,9.89,9.6
2025-12-17T01:21:02.638122,Recipe_C,b54cb98d-8adf-48ea-80f2-5e47b13f1b38,19,2.0,,,,5.95,10.45,10.48,11.22,11.02,9.74
2025-12-17T01:21:03.638122,Recipe_C,b54cb98d-8adf-48ea-80f2-5e47b13f1b38,19,2.0,,,,10.68,10.0,8.46,10.7,11.15,11.44
2025-12-17T01:21:04.638122,Recipe_C,b54cb98d-8adf-48ea-80f2-5e47b13f1b38,19,2.0,,,,8.14,10.64,12.72,13.41,10.07,9.37
2025-12-17T01:21:05.638122,Recipe_C,b54cb98d-8adf-48ea-80f2-5e47b13f1b38,19,2.0,,,,11.5,10.3,7.45,10.7,9.07,9.76
2025-12-17T01:21:06.638122,Recipe_C,b54cb98d-8adf-48ea-80f2-5e47b13f1b38,19,2.0,,,,8.46,8.5,7.81,11.63,8.85,8.37
2025-12-17T01:21:07.638122,Recipe_C,b54cb98d-8adf-48ea-80f2-5e47b13f1b38,19,2.0,,,,9.33,8.61,9.36,10.89,12.22,12.93
2025-12-17T01:21:08.638122,Recipe_C,b54cb98d-8adf-48ea-80f2-5e47b13f1b38,19,2.0,,,,10.34,11.36,11.51,10.56,10.8,11.08
2025-12-17T01:21:09.638122,Recipe_C,b54cb98d-8adf-48ea-80f2-5e47b13f1b38,19,0.0,,,,0.0,0.0,0.0,0.0,0.0,0.0
2025-12-17T01:21:10.638122,Recipe_C,b54cb98d-8adf-48ea-80f2-5e47b13f1b38,19,0.0,,,,0.0,0.0,0.0,0.0,0.0,0.0
2025-12-17T01:21:11.638122,Recipe_C,b54cb98d-8adf-48ea-80f2-5e47b13f1b38,19,0.0,,,,0.0,0.0,0.0,0.0,0.0,0.0
2025-12-17T01:21:12.638122,Recipe_C,b54cb98d-8adf-48ea-80f2-5e47b13f1b38,19,0.0,,,,0.0,0.0,0.0,0.0,0.0,0.0
2025-12-17T01:21:13.638122,Recipe_C,b54cb98d-8adf-48ea-80f2-5e47b13f1b38,19,0.0,,,,0.0,0.0,0.0,0.0,0.0,0.0
2025-12-17T01:21:14.638122,Recipe_C,b54cb98d-8adf-48ea-80f2-5e47b13f1b38,19,0.0,,,,0.0,0.0,0.0,0.0,0.0,0.0
2025-12-17T01:21:15.638122,Recipe_C,b54cb98d-8adf-48ea-80f2-5e47b13f1b38,19,0.0,,,,0.0,0.0,0.0,0.0,0.0,0.0
2025-12-17T01:21:16.638122,Recipe_C,b54cb98d-8adf-48ea-80f2-5e47b13f1b38,19,0.0,,,,0.0,0.0,0.0,0.0,0.0,0.0
2025-12-17T01:21:17.638122,Recipe_C,b54cb98d-8adf-48ea-80f2-5e47b13f1b38,19,0.0,,,,0.0,0.0,0.0,0.0,0.0,0.0
2025-12-17T01:21:18.638122,Recipe_C,b54cb98d-8adf-48ea-80f2-5e47b13f1b38,19,0.0,,,,0.0,0.0,0.0,0.0,0.0,0.0
2025-12-17T01:21:19.638122,Recipe_C,b54cb98d-8adf-48ea-80f2-5e47b13f1b38,19,0.0,,,,0.0,0.0,0.0,0.0,0.0,0.0
2025-12-17T01:21:20.638122,Recipe_C,b54cb98d-8adf-48ea-80f2-5e47b13f1b38,19,0.0,,,,0.0,0.0,0.0,0.0,0.0,0.0
2025-12-17T01:21:21.638122,Recipe_C,b54cb98d-8adf-48ea-80f2-5e47b13f1b38,19,0.0,,,,0.0,0.0,0.0,0.0,0.0,0.0
2025-12-17T01:21:22.638122,Recipe_C,b54cb98d-8adf-48ea-80f2-5e47b13f1b38,19,0.0,,,,0.0,0.0,0.0,0.0,0.0,0.0
2025-12-17T01:21:23.638122,Recipe_C,b54cb98d-8adf-48ea-80f2-5e47b13f1b38,19,0.0,,,,0.0,0.0,0.0,0.0,0.0,0.0
2025-12-17T01:21:24.638122,Recipe_C,b54cb98d-8adf-48ea-80f2-5e47b13f1b38,19,0.0,,,,0.0,0.0,0.0,0.0,0.0,0.0
2025-12-17T01:21:25.638122,Recipe_C,b54cb98d-8adf-48ea-80f2-5e47b13f1b38,19,0.0,,,,0.0,0.0,0.0,0.0,0.0,0.0
2025-12-17T01:21:26.638122,Recipe_C,b54cb98d-8adf-48ea-80f2-5e47b13f1b38,19,0.0,,,,0.0,0.0,0.0,0.0,0.0,0.0
2025-12-17T01:21:27.638122,Recipe_C,b54cb98d-8adf-48ea-80f2-5e47b13f1b38,19,0.0,,,,0.0,0.0,0.0,0.0,0.0,0.0
2025-12-17T01:21:28.638122,Recipe_C,b54cb98d-8adf-48ea-80f2-5e47b13f1b38,19,3.0,,,,9.35,5.58,9.92,9.4,10.67,14.05
2025-12-17T01:21:29.638122,Recipe_C,b54cb98d-8adf-48ea-80f2-5e47b13f1b38,19,3.0,,,,8.08,10.31,8.59,11.1,10.89,13.8
2025-12-17T01:21:30.638122,Recipe_C,b54cb98d-8adf-48ea-80f2-5e47b13f1b38,19,3.0,,,,12.66,11.21,10.77,12.83,7.03,9.36
2025-12-17T01:21:31.638122,Recipe_C,b54cb98d-8adf-48ea-80f2-5e47b13f1b38,19,3.0,,,,15.3,10.03,10.29,6.5,6.8,12.02
2025-12-17T01:21:32.638122,Recipe_C,b54cb98d-8adf-48ea-80f2-5e47b13f1b38,19,3.0,,,,9.01,14.33,9.04,13.87,9.35,8.45
2025-12-17T01:21:33.638122,Recipe_C,b54cb98d-8adf-48ea-80f2-5e47b13f1b38,19,3.0,,,,7.35,10.52,11.58,10.98,8.22,10.36
2025-12-17T01:21:34.638122,Recipe_C,b54cb98d-8adf-48ea-80f2-5e47b13f1b38,19,3.0,,,,11.41,11.33,10.63,6.39,12.67,7.6
2025-12-17T01:21:35.638122,Recipe_C,b54cb98d-8adf-48ea-80f2-5e47b13f1b38,19,3.0,,,,12.46,13.28,11.11,9.86,8.41,7.69
2025-12-17T01:21:36.638122,Recipe_C,b54cb98d-8adf-48ea-80f2-5e47b13f1b38,19,0.0,,,,0.0,0.0,0.0,0.0,0.0,0.0
2025-12-17T01:21:37.638122,Recipe_C,b54cb98d-8adf-48ea-80f2-5e47b13f1b38,19,0.0,,,,0.0,0.0,0.0,0.0,0.0,0.0
2025-12-17T01:21:38.638122,Recipe_C,b54cb98d-8adf-48ea-80f2-5e47b13f1b38,19,0.0,,,,0.0,0.0,0.0,0.0,0.0,0.0
2025-12-17T01:21:39.638122,Recipe_C,b54cb98d-8adf-48ea-80f2-5e47b13f1b38,19,0.0,,,,0.0,0.0,0.0,0.0,0.0,0.0
2025-12-17T01:21:40.638122,Recipe_C,b54cb98d-8adf-48ea-80f2-5e47b13f1b38,19,0.0,,,,0.0,0.0,0.0,0.0,0.0,0.0
2025-12-17T01:21:41.638122,Recipe_C,b54cb98d-8adf-48ea-80f2-5e47b13f1b38,19,0.0,,,,0.0,0.0,0.0,0.0,0.0,0.0
2025-12-17T01:21:42.638122,Recipe_C,b54cb98d-8adf-48ea-80f2-5e47b13f1b38,19,0.0,,,,0.0,0.0,0.0,0.0,0.0,0.0
2025-12-17T01:21:43.638122,Recipe_C,b54cb98d-8adf-48ea-80f2-5e47b13f1b38,19,0.0,,,,0.0,0.0,0.0,0.0,0.0,0.0
2025-12-17T01:21:44.638122,Recipe_C,b54cb98d-8adf-48ea-80f2-5e47b13f1b38,19,0.0,,,,0.0,0.0,0.0,0.0,0.0,0.0
2025-12-17T01:21:44.638122,Recipe_C,b54cb98d-8adf-48ea-80f2-5e47b13f1b38,19,0.0,Warning_1,Simulated Warning occurred,Warning,,,,,,
2025-12-17T01:21:45.638122,Recipe_C,b54cb98d-8adf-48ea-80f2-5e47b13f1b38,19,0.0,,,,0.0,0.0,0.0,0.0,0.0,0.0
2025-12-17T01:21:46.638122,Recipe_C,b54cb98d-8adf-48ea-80f2-5e47b13f1b38,19,0.0,,,,0.0,0.0,0.0,0.0,0.0,0.0
2025-12-17T01:21:47.638122,Recipe_C,b54cb98d-8adf-48ea-80f2-5e47b13f1b38,19,0.0,,,,0.0,0.0,0.0,0.0,0.0,0.0
2025-12-17T01:21:48.638122,Recipe_C,b54cb98d-8adf-48ea-80f2-5e47b13f1b38,19,0.0,,,,0.0,0.0,0.0,0.0,0.0,0.0
2025-12-17T01:21:49.638122,Recipe_C,b54cb98d-8adf-48ea-80f2-5e47b13f1b38,19,0.0,,,,0.0,0.0,0.0,0.0,0.0,0.0
2025-12-17T01:21:50.638122,Recipe_C,b54cb98d-8adf-48ea-80f2-5e47b13f1b38,19,0.0,,,,0.0,0.0,0.0,0.0,0.0,0.0
2025-12-17T01:21:51.638122,Recipe_C,b54cb98d-8adf-48ea-80f2-5e47b13f1b38,19,0.0,,,,0.0,0.0,0.0,0.0,0.0,0.0
2025-12-17T01:21:52.638122,Recipe_C,b54cb98d-8adf-48ea-80f2-5e47b13f1b38,19,0.0,,,,0.0,0.0,0.0,0.0,0.0,0.0
2025-12-17T01:21:53.638122,Recipe_C,b54cb98d-8adf-48ea-80f2-5e47b13f1b38,19,0.0,,,,0.0,0.0,0.0,0.0,0.0,0.0
2025-12-17T01:21:54.638122,Recipe_C,b54cb98d-8adf-48ea-80f2-5e47b13f1b38,19,0.0,,,,0.0,0.0,0.0,0.0,0.0,0.0
2025-12-17T01:21:55.638122,Recipe_C,b54cb98d-8adf-48ea-80f2-5e47b13f1b38,19,0.0,,,,0.0,0.0,0.0,0.0,0.0,0.0
2025-12-17T01:21:56.638122,Recipe_C,b54cb98d-8adf-48ea-80f2-5e47b13f1b38,19,0.0,,,,0.0,0.0,0.0,0.0,0.0,0.0
2025-12-17T01:21:57.638122,Recipe_C,b54cb98d-8adf-48ea-80f2-5e47b13f1b38,19,0.0,,,,0.0,0.0,0.0,0.0,0.0,0.0
2025-12-17T01:21:58.638122,Recipe_C,b54cb98d-8adf-48ea-80f2-5e47b13f1b38,19,0.0,,,,0.0,0.0,0.0,0.0,0.0,0.0
2025-12-17T01:21:59.638122,Recipe_C,b54cb98d-8adf-48ea-80f2-5e47b13f1b38,19,0.0,,,,0.0,0.0,0.0,0.0,0.0,0.0
2025-12-17T01:22:00.638122,Recipe_C,b54cb98d-8adf-48ea-80f2-5e47b13f1b38,19,0.0,,,,0.0,0.0,0.0,0.0,0.0,0.0
2025-12-17T01:22:01.638122,Recipe_C,b54cb98d-8adf-48ea-80f2-5e47b13f1b38,19,0.0,,,,0.0,0.0,0.0,0.0,0.0,0.0
2025-12-17T01:22:02.638122,Recipe_C,b54cb98d-8adf-48ea-80f2-5e47b13f1b38,19,0.0,,,,0.0,0.0,0.0,0.0,0.0,0.0
2025-12-17T01:22:03.638122,Recipe_C,b54cb98d-8adf-48ea-80f2-5e47b13f1b38,19,0.0,,,,0.0,0.0,0.0,0.0,0.0,0.0
2025-12-17T01:22:04.638122,Recipe_C,b54cb98d-8adf-48ea-80f2-5e47b13f1b38,19,0.0,,,,0.0,0.0,0.0,0.0,0.0,0.0
2025-12-17T01:22:05.638122,Recipe_C,b54cb98d-8adf-48ea-80f2-5e47b13f1b38,19,0.0,,,,0.0,0.0,0.0,0.0,0.0,0.0
2025-12-17T01:22:06.638122,Recipe_C,b54cb98d-8adf-48ea-80f2-5e47b13f1b38,19,0.0,,,,0.0,0.0,0.0,0.0,0.0,0.0
2025-12-17T01:22:07.638122,Recipe_C,b54cb98d-8adf-48ea-80f2-5e47b13f1b38,19,0.0,,,,0.0,0.0,0.0,0.0,0.0,0.0
2025-12-17T01:22:08.638122,Recipe_C,b54cb98d-8adf-48ea-80f2-5e47b13f1b38,19,0.0,,,,0.0,0.0,0.0,0.0,0.0,0.0
2025-12-17T01:22:09.638122,Recipe_C,b54cb98d-8adf-48ea-80f2-5e47b13f1b38,19,0.0,,,,0.0,0.0,0.0,0.0,0.0,0.0
2025-12-17T01:22:10.638122,Recipe_C,b54cb98d-8adf-48ea-80f2-5e47b13f1b38,19,0.0,,,,0.0,0.0,0.0,0.0,0.0,0.0
2025-12-17T01:22:11.638122,Recipe_C,b54cb98d-8adf-48ea-80f2-5e47b13f1b38,19,0.0,,,,0.0,0.0,0.0,0.0,0.0,0.0
2025-12-17T01:22:12.638122,Recipe_C,b54cb98d-8adf-48ea-80f2-5e47b13f1b38,19,0.0,,,,0.0,0.0,0.0,0.0,0.0,0.0
2025-12-17T01:22:13.638122,Recipe_C,b54cb98d-8adf-48ea-80f2-5e47b13f1b38,19,0.0,,,,0.0,0.0,0.0,0.0,0.0,0.0
2025-12-17T01:22:14.638122,Recipe_C,b54cb98d-8adf-48ea-80f2-5e47b13f1b38,19,0.0,,,,0.0,0.0,0.0,0.0,0.0,0.0
2025-12-17T01:22:15.638122,Recipe_C,b54cb98d-8adf-48ea-80f2-5e47b13f1b38,19,0.0,,,,0.0,0.0,0.0,0.0,0.0,0.0
2025-12-17T01:22:16.638122,Recipe_C,b54cb98d-8adf-48ea-80f2-5e47b13f1b38,19,0.0,,,,0.0,0.0,0.0,0.0,0.0,0.0
2025-12-17T01:22:17.638122,Recipe_C,b54cb98d-8adf-48ea-80f2-5e47b13f1b38,19,2.0,,,,4.56,9.54,12.78,11.5,5.61,8.95
2025-12-17T01:22:18.638122,Recipe_C,b54cb98d-8adf-48ea-80f2-5e47b13f1b38,19,2.0,,,,9.22,13.73,9.82,9.74,7.36,8.64
2025-12-17T01:22:19.638122,Recipe_C,b54cb98d-8adf-48ea-80f2-5e47b13f1b38,19,2.0,,,,10.64,10.21,12.33,9.16,5.77,11.6
2025-12-17T01:22:20.638122,Recipe_C,b54cb98d-8adf-48ea-80f2-5e47b13f1b38,19,2.0,,,,10.59,10.55,8.31,11.39,8.64,10.22
2025-12-17T01:22:21.638122,Recipe_C,b54cb98d-8adf-48ea-80f2-5e47b13f1b38,19,2.0,,,,12.52,7.99,11.56,6.33,5.71,12.63
2025-12-17T01:22:22.638122,Recipe_C,b54cb98d-8adf-48ea-80f2-5e47b13f1b38,19,2.0,,,,11.67,11.73,10.36,6.38,11.14,13.31
2025-12-17T01:22:23.638122,Recipe_C,b54cb98d-8adf-48ea-80f2-5e47b13f1b38,19,2.0,,,,5.36,7.39,9.37,10.11,11.97,12.47
2025-12-17T01:22:24.638122,Recipe_C,b54cb98d-8adf-48ea-80f2-5e47b13f1b38,19,2.0,,,,9.31,13.08,11.47,11.2,8.09,10.42
2025-12-17T01:22:25.638122,Recipe_C,b54cb98d-8adf-48ea-80f2-5e47b13f1b38,19,2.0,,,,10.11,11.8,12.4,11.65,9.76,9.21
2025-12-17T01:22:26.638122,Recipe_C,b54cb98d-8adf-48ea-80f2-5e47b13f1b38,19,2.0,,,,11.37,7.51,10.35,8.5,5.72,13.4
2025-12-17T01:22:27.638122,Recipe_C,b54cb98d-8adf-48ea-80f2-5e47b13f1b38,19,2.0,,,,9.65,11.73,7.5,10.65,8.52,11.19
2025-12-17T01:22:28.638122,Recipe_C,b54cb98d-8adf-48ea-80f2-5e47b13f1b38,19,2.0,,,,8.52,10.52,13.35,11.73,13.09,11.11
2025-12-17T01:22:29.638122,Recipe_C,b54cb98d-8adf-48ea-80f2-5e47b13f1b38,19,2.0,,,,11.37,6.28,13.51,9.78,10.88,9.11
2025-12-17T01:22:30.638122,Recipe_C,b54cb98d-8adf-48ea-80f2-5e47b13f1b38,19,2.0,,,,9.22,7.55,12.62,7.98,9.9,8.5
2025-12-17T01:22:31.638122,Recipe_C,b54cb98d-8adf-48ea-80f2-5e47b13f1b38,19,2.0,,,,11.49,10.74,7.15,8.22,12.91,10.03
2025-12-17T01:22:32.638122,Recipe_C,b54cb98d-8adf-48ea-80f2-5e47b13f1b38,19,2.0,,,,9.79,12.33,11.53,11.48,8.14,10.87
2025-12-17T01:22:33.638122,Recipe_C,b54cb98d-8adf-48ea-80f2-5e47b13f1b38,19,2.0,,,,6.92,10.48,7.53,9.31,8.88,8.86
2025-12-17T01:22:34.638122,Recipe_C,b54cb98d-8adf-48ea-80f2-5e47b13f1b38,19,2.0,,,,8.49,6.58,11.26,10.65,10.35,8.56
2025-12-17T01:22:35.638122,Recipe_C,b54cb98d-8adf-48ea-80f2-5e47b13f1b38,19,2.0,,,,12.37,5.25,13.13,12.83,7.91,13.33
2025-12-17T01:22:36.638122,Recipe_C,b54cb98d-8adf-48ea-80f2-5e47b13f1b38,19,2.0,,,,11.59,12.65,10.84,12.19,10.88,11.66
2025-12-17T01:22:37.638122,Recipe_C,b54cb98d-8adf-48ea-80f2-5e47b13f1b38,19,2.0,,,,13.41,7.37,10.98,8.5,12.11,8.79
2025-12-17T01:22:38.638122,Recipe_C,b54cb98d-8adf-48ea-80f2-5e47b13f1b38,19,2.0,,,,13.29,8.29,8.96,11.69,13.32,11.55
2025-12-17T01:22:39.638122,Recipe_C,b54cb98d-8adf-48ea-80f2-5e47b13f1b38,19,2.0,,,,10.36,10.49,11.24,12.11,6.88,10.69
2025-12-17T01:22:40.638122,Recipe_C,b54cb98d-8adf-48ea-80f2-5e47b13f1b38,19,2.0,,,,8.12,8.77,9.22,9.61,6.76,9.94
2025-12-17T01:22:41.638122,Recipe_C,b54cb98d-8adf-48ea-80f2-5e47b13f1b38,19,2.0,,,,9.69,8.37,9.86,11.7,8.27,10.04
2025-12-17T01:22:42.638122,Recipe_C,b54cb98d-8adf-48ea-80f2-5e47b13f1b38,19,2.0,,,,7.72,11.34,7.88,9.67,8.57,7.83
2025-12-17T01:22:43.638122,Recipe_C,b54cb98d-8adf-48ea-80f2-5e47b13f1b38,19,2.0,,,,9.67,8.3,8.56,8.34,8.79,11.7
2025-12-17T01:22:44.638122,Recipe_C,b54cb98d-8adf-48ea-80f2-5e47b13f1b38,19,2.0,,,,6.75,6.66,12.05,8.26,11.62,12.92
2025-12-17T01:22:45.638122,Recipe_C,b54cb98d-8adf-48ea-80f2-5e47b13f1b38,19,2.0,,,,11.03,9.89,8.66,12.03,11.26,11.85
2025-12-17T01:22:46.638122,Recipe_C,b54cb98d-8adf-48ea-80f2-5e47b13f1b38,19,2.0,,,,10.58,8.08,8.49,9.05,11.72,9.44
2025-12-17T01:22:47.638122,Recipe_C,b54cb98d-8adf-48ea-80f2-5e47b13f1b38,19,2.0,,,,11.2,8.91,7.24,9.39,12.1,8.93
2025-12-17T01:22:48.638122,Recipe_C,b54cb98d-8adf-48ea-80f2-5e47b13f1b38,19,2.0,,,,11.65,12.09,9.98,11.76,5.35,13.82
2025-12-17T01:22:49.638122,Recipe_C,b54cb98d-8adf-48ea-80f2-5e47b13f1b38,19,2.0,,,,13.29,9.85,12.24,7.27,6.77,7.11
2025-12-17T01:22:50.638122,Recipe_C,b54cb98d-8adf-48ea-80f2-5e47b13f1b38,19,2.0,,,,11.14,13.6,10.88,9.62,9.21,10.76
2025-12-17T01:22:51.638122,Recipe_C,b54cb98d-8adf-48ea-80f2-5e47b13f1b38,19,2.0,,,,6.71,13.41,8.4,10.41,6.29,13.2
2025-12-17T01:22:52.638122,Recipe_C,b54cb98d-8adf-48ea-80f2-5e47b13f1b38,19,2.0,,,,9.85,10.21,10.41,5.73,6.68,13.49
2025-12-17T01:22:53.638122,Recipe_C,b54cb98d-8adf-48ea-80f2-5e47b13f1b38,19,2.0,,,,10.13,8.05,8.68,10.67,13.15,7.93
2025-12-17T01:22:54.638122,Recipe_C,b54cb98d-8adf-48ea-80f2-5e47b13f1b38,19,2.0,,,,10.25,9.97,8.39,6.2,9.2,10.29
2025-12-17T01:22:55.638122,Recipe_C,b54cb98d-8adf-48ea-80f2-5e47b13f1b38,19,2.0,,,,10.54,7.4,10.49,8.35,9.41,11.23
2025-12-17T01:22:56.638122,Recipe_C,b54cb98d-8adf-48ea-80f2-5e47b13f1b38,19,2.0,,,,7.23,10.12,12.72,12.36,9.72,12.18
2025-12-17T01:22:57.638122,Recipe_C,b54cb98d-8adf-48ea-80f2-5e47b13f1b38,19,5.0,,,,10.49,12.94,11.3,7.64,8.55,8.52
2025-12-17T01:22:58.638122,Recipe_C,b54cb98d-8adf-48ea-80f2-5e47b13f1b38,19,5.0,,,,9.58,4.84,9.77,9.23,9.04,9.21
2025-12-17T01:22:59.638122,Recipe_C,b54cb98d-8adf-48ea-80f2-5e47b13f1b38,19,5.0,,,,5.81,7.57,7.69,9.32,10.29,10.29
2025-12-17T01:23:00.638122,Recipe_C,b54cb98d-8adf-48ea-80f2-5e47b13f1b38,19,5.0,,,,12.69,13.18,9.39,9.74,8.52,6.26
2025-12-17T01:23:01.638122,Recipe_C,b54cb98d-8adf-48ea-80f2-5e47b13f1b38,19,5.0,,,,10.85,9.88,11.32,11.68,7.24,13.48
2025-12-17T01:23:02.638122,Recipe_C,b54cb98d-8adf-48ea-80f2-5e47b13f1b38,19,5.0,,,,7.93,8.38,10.02,6.78,7.83,7.49
2025-12-17T01:23:03.638122,Recipe_C,b54cb98d-8adf-48ea-80f2-5e47b13f1b38,19,5.0,,,,9.5,9.4,9.88,8.92,6.44,9.55
2025-12-17T01:23:04.638122,Recipe_C,b54cb98d-8adf-48ea-80f2-5e47b13f1b38,19,5.0,,,,9.32,9.29,9.27,12.8,8.87,9.44
2025-12-17T01:23:05.638122,Recipe_C,b54cb98d-8adf-48ea-80f2-5e47b13f1b38,19,5.0,,,,12.13,7.9,3.21,9.05,9.4,11.14
2025-12-17T01:23:06.638122,Recipe_C,b54cb98d-8adf-48ea-80f2-5e47b13f1b38,19,5.0,,,,10.79,8.54,9.91,12.4,12.65,11.9
2025-12-17T01:23:07.638122,Recipe_C,b54cb98d-8adf-48ea-80f2-5e47b13f1b38,19,5.0,,,,9.2,8.59,12.29,11.45,8.66,5.87
2025-12-17T01:23:08.638122,Recipe_C,b54cb98d-8adf-48ea-80f2-5e47b13f1b38,19,5.0,,,,6.79,9.36,9.11,7.39,8.71,8.95
2025-12-17T01:23:09.638122,Recipe_C,b54cb98d-8adf-48ea-80f2-5e47b13f1b38,19,5.0,,,,7.38,8.75,8.2,11.02,7.9,12.45
2025-12-17T01:23:10.638122,Recipe_C,b54cb98d-8adf-48ea-80f2-5e47b13f1b38,19,5.0,,,,8.11,7.71,11.24,12.51,6.04,9.12
2025-12-17T01:23:11.638122,Recipe_C,b54cb98d-8adf-48ea-80f2-5e47b13f1b38,19,5.0,,,,9.66,11.14,12.41,8.65,10.65,13.67
2025-12-17T01:23:12.638122,Recipe_C,b54cb98d-8adf-48ea-80f2-5e47b13f1b38,19,5.0,,,,11.94,7.44,6.8,9.42,11.0,9.42
2025-12-17T01:23:13.638122,Recipe_C,b54cb98d-8adf-48ea-80f2-5e47b13f1b38,19,5.0,,,,11.0,11.27,9.76,8.51,11.23,10.13
2025-12-17T01:23:14.638122,Recipe_C,b54cb98d-8adf-48ea-80f2-5e47b13f1b38,19,5.0,,,,11.22,11.87,9.3,10.19,13.51,10.63
2025-12-17T01:23:15.638122,Recipe_C,b54cb98d-8adf-48ea-80f2-5e47b13f1b38,19,5.0,,,,8.04,8.4,9.43,12.19,8.94,8.96
2025-12-17T01:23:16.638122,Recipe_C,b54cb98d-8adf-48ea-80f2-5e47b13f1b38,19,5.0,,,,7.63,14.19,11.25,11.58,10.86,13.1
2025-12-17T01:23:17.638122,Recipe_C,b54cb98d-8adf-48ea-80f2-5e47b13f1b38,19,5.0,,,,10.58,11.2,10.65,11.55,5.17,7.8
2025-12-17T01:23:18.638122,Recipe_C,b54cb98d-8adf-48ea-80f2-5e47b13f1b38,19,5.0,,,,6.26,9.58,11.61,14.34,10.71,11.02
2025-12-17T01:23:19.638122,Recipe_C,b54cb98d-8adf-48ea-80f2-5e47b13f1b38,19,5.0,,,,11.26,7.22,10.43,9.31,10.15,14.41
2025-12-17T01:23:20.638122,Recipe_C,b54cb98d-8adf-48ea-80f2-5e47b13f1b38,19,5.0,,,,9.72,7.02,6.17,9.71,9.17,9.03
2025-12-17T01:23:21.638122,Recipe_C,b54cb98d-8adf-48ea-80f2-5e47b13f1b38,19,5.0,,,,9.45,10.31,8.99,8.12,9.76,12.04
2025-12-17T01:23:22.638122,Recipe_C,b54cb98d-8adf-48ea-80f2-5e47b13f1b38,19,2.0,,,,7.55,11.13,11.32,7.59,11.72,9.31
2025-12-17T01:23:23.638122,Recipe_C,b54cb98d-8adf-48ea-80f2-5e47b13f1b38,19,2.0,,,,10.09,9.96,7.7,10.67,10.35,9.9
2025-12-17T01:23:24.638122,Recipe_C,b54cb98d-8adf-48ea-80f2-5e47b13f1b38,19,2.0,,,,6.83,8.97,7.02,5.6,9.79,12.77
2025-12-17T01:23:25.638122,Recipe_C,b54cb98d-8adf-48ea-80f2-5e47b13f1b38,19,2.0,,,,9.41,8.05,16.45,10.68,5.76,11.47
2025-12-17T01:23:26.638122,Recipe_C,b54cb98d-8adf-48ea-80f2-5e47b13f1b38,19,4.0,,,,97.53,50.07,50.24,41.64,48.18,50.42
2025-12-17T01:23:27.638122,Recipe_C,b54cb98d-8adf-48ea-80f2-5e47b13f1b38,19,4.0,,,,99.17,49.38,56.75,44.18,57.3,49.56
2025-12-17T01:23:28.638122,Recipe_C,b54cb98d-8adf-48ea-80f2-5e47b13f1b38,19,4.0,,,,93.23,43.27,51.95,48.91,56.47,53.77
2025-12-17T01:23:29.638122,Recipe_C,b54cb98d-8adf-48ea-80f2-5e47b13f1b38,19,4.0,,,,103.79,56.31,47.92,49.13,48.17,50.15
2025-12-17T01:23:30.638122,Recipe_C,b54cb98d-8adf-48ea-80f2-5e47b13f1b38,19,4.0,,,,95.43,50.52,48.91,53.53,46.02,58.47
2025-12-17T01:23:31.638122,Recipe_C,b54cb98d-8adf-48ea-80f2-5e47b13f1b38,19,4.0,,,,99.01,48.84,38.92,40.93,56.36,48.66
2025-12-17T01:23:32.638122,Recipe_C,b54cb98d-8adf-48ea-80f2-5e47b13f1b38,19,4.0,,,,92.6,50.78,49.54,46.85,44.04,45.57
2025-12-17T01:23:33.638122,Recipe_C,b54cb98d-8adf-48ea-80f2-5e47b13f1b38,19,4.0,,,,101.57,50.29,48.84,56.85,51.0,44.62
2025-12-17T01:23:34.638122,Recipe_C,b54cb98d-8adf-48ea-80f2-5e47b13f1b38,19,4.0,,,,100.31,52.98,53.55,50.52,65.05,46.2
2025-12-17T01:23:35.638122,Recipe_C,b54cb98d-8adf-48ea-80f2-5e47b13f1b38,19,4.0,,,,99.08,44.21,52.92,44.76,41.73,51.65
2025-12-17T01:23:36.638122,Recipe_C,b54cb98d-8adf-48ea-80f2-5e47b13f1b38,19,4.0,,,,111.37,48.61,52.16,52.65,42.7,52.98
2025-12-17T01:23:37.638122,Recipe_C,b54cb98d-8adf-48ea-80f2-5e47b13f1b38,19,4.0,,,,96.39,50.6,54.33,49.14,49.75,51.89
2025-12-17T01:23:38.638122,Recipe_C,b54cb98d-8adf-48ea-80f2-5e47b13f1b38,19,4.0,,,,96.53,46.96,54.29,51.86,52.86,58.58
2025-12-17T01:23:39.638122,Recipe_C,b54cb98d-8adf-48ea-80f2-5e47b13f1b38,19,4.0,,,,102.4,47.64,54.11,54.73,45.95,49.79
2025-12-17T01:23:40.638122,Recipe_C,b54cb98d-8adf-48ea-80f2-5e47b13f1b38,19,4.0,,,,100.24,51.84,44.3,51.7,51.85,52.9
2025-12-17T01:23:41.638122,Recipe_C,b54cb98d-8adf-48ea-80f2-5e47b13f1b38,19,5.0,,,,7.66,8.33,7.13,9.05,11.56,8.74
2025-12-17T01:23:42.638122,Recipe_C,b54cb98d-8adf-48ea-80f2-5e47b13f1b38,19,5.0,,,,8.47,10.65,15.5,7.63,9.21,11.5
2025-12-17T01:23:43.638122,Recipe_C,b54cb98d-8adf-48ea-80f2-5e47b13f1b38,19,5.0,,,,12.58,11.47,10.06,7.96,11.16,12.72
2025-12-17T01:23:44.638122,Recipe_C,b54cb98d-8adf-48ea-80f2-5e47b13f1b38,19,5.0,,,,13.74,9.37,11.08,10.22,13.57,12.24
2025-12-17T01:23:45.638122,Recipe_C,b54cb98d-8adf-48ea-80f2-5e47b13f1b38,19,5.0,,,,7.07,7.99,8.89,10.78,11.33,11.62
2025-12-17T01:23:46.638122,Recipe_C,b54cb98d-8adf-48ea-80f2-5e47b13f1b38,19,5.0,,,,9.7,9.2,12.93,9.42,4.35,11.85
2025-12-17T01:23:47.638122,Recipe_C,b54cb98d-8adf-48ea-80f2-5e47b13f1b38,19,5.0,,,,7.34,8.56,9.81,8.47,9.3,9.59
2025-12-17T01:23:48.638122,Recipe_C,b54cb98d-8adf-48ea-80f2-5e47b13f1b38,19,5.0,,,,11.68,6.6,10.56,11.88,10.67,6.44
2025-12-17T01:23:49.638122,Recipe_C,b54cb98d-8adf-48ea-80f2-5e47b13f1b38,19,5.0,,,,14.25,10.71,10.01,8.18,9.0,7.8
2025-12-17T01:23:50.638122,Recipe_C,b54cb98d-8adf-48ea-80f2-5e47b13f1b38,19,5.0,,,,11.36,11.18,9.55,11.35,10.61,11.12
2025-12-17T01:23:51.638122,Recipe_C,b54cb98d-8adf-48ea-80f2-5e47b13f1b38,19,5.0,,,,4.66,10.8,12.61,9.68,9.06,15.92
2025-12-17T01:23:52.638122,Recipe_C,b54cb98d-8adf-48ea-80f2-5e47b13f1b38,19,5.0,,,,10.79,13.44,6.65,9.75,10.59,10.1
2025-12-17T01:23:53.638122,Recipe_C,b54cb98d-8adf-48ea-80f2-5e47b13f1b38,19,5.0,,,,10.45,8.85,7.24,7.48,8.41,15.05
2025-12-17T01:23:54.638122,Recipe_C,b54cb98d-8adf-48ea-80f2-5e47b13f1b38,19,5.0,,,,10.68,7.44,8.49,6.89,9.79,9.63
2025-12-17T01:23:55.638122,Recipe_C,b54cb98d-8adf-48ea-80f2-5e47b13f1b38,19,5.0,,,,7.34,10.88,10.81,5.78,10.05,9.66
2025-12-17T01:23:56.638122,Recipe_C,b54cb98d-8adf-48ea-80f2-5e47b13f1b38,19,5.0,,,,10.39,9.82,11.67,9.27,10.84,7.22
2025-12-17T01:23:57.638122,Recipe_C,b54cb98d-8adf-48ea-80f2-5e47b13f1b38,19,5.0,,,,10.37,6.57,9.69,9.21,9.47,12.91
2025-12-17T01:23:58.638122,Recipe_C,b54cb98d-8adf-48ea-80f2-5e47b13f1b38,19,5.0,,,,10.53,9.63,11.82,10.49,8.12,9.18
2025-12-17T01:23:59.638122,Recipe_C,b54cb98d-8adf-48ea-80f2-5e47b13f1b38,19,5.0,,,,9.81,10.39,8.95,10.09,9.18,9.15
2025-12-17T01:24:00.638122,Recipe_C,b54cb98d-8adf-48ea-80f2-5e47b13f1b38,19,5.0,,,,11.88,10.71,12.12,11.86,11.61,8.79
2025-12-17T01:24:01.638122,Recipe_C,b54cb98d-8adf-48ea-80f2-5e47b13f1b38,19,5.0,,,,7.39,11.12,11.88,10.14,8.98,9.66
2025-12-17T01:24:02.638122,Recipe_C,b54cb98d-8adf-48ea-80f2-5e47b13f1b38,19,5.0,,,,8.87,11.12,10.73,10.42,9.73,13.06
2025-12-17T01:24:03.638122,Recipe_C,b54cb98d-8adf-48ea-80f2-5e47b13f1b38,19,5.0,,,,9.28,11.14,11.69,9.43,10.8,8.03
2025-12-17T01:24:04.638122,Recipe_C,b54cb98d-8adf-48ea-80f2-5e47b13f1b38,19,5.0,,,,13.93,11.98,8.92,7.96,11.11,11.2
2025-12-17T01:24:05.638122,Recipe_C,b54cb98d-8adf-48ea-80f2-5e47b13f1b38,19,5.0,,,,8.6,12.65,13.16,9.92,7.35,11.75
2025-12-17T01:24:06.638122,Recipe_C,b54cb98d-8adf-48ea-80f2-5e47b13f1b38,19,5.0,,,,7.99,10.96,9.83,10.32,9.88,8.08
2025-12-17T01:24:07.638122,Recipe_C,b54cb98d-8adf-48ea-80f2-5e47b13f1b38,19,5.0,,,,9.21,9.86,10.92,10.28,10.81,8.93
2025-12-17T01:24:08.638122,Recipe_C,b54cb98d-8adf-48ea-80f2-5e47b13f1b38,19,5.0,,,,8.9,10.15,9.71,9.5,10.76,10.89
2025-12-17T01:24:09.638122,Recipe_C,b54cb98d-8adf-48ea-80f2-5e47b13f1b38,19,5.0,,,,7.71,13.86,10.25,7.62,11.53,8.9
2025-12-17T01:24:10.638122,Recipe_C,b54cb98d-8adf-48ea-80f2-5e47b13f1b38,19,5.0,,,,13.2,9.64,9.91,13.92,11.03,13.06
2025-12-17T01:24:11.638122,Recipe_C,b54cb98d-8adf-48ea-80f2-5e47b13f1b38,19,5.0,,,,11.87,10.83,12.45,10.0,11.66,7.69
2025-12-17T01:24:12.638122,Recipe_C,b54cb98d-8adf-48ea-80f2-5e47b13f1b38,19,5.0,,,,10.85,10.72,8.33,13.5,7.99,10.74
2025-12-17T01:24:13.638122,Recipe_C,b54cb98d-8adf-48ea-80f2-5e47b13f1b38,19,5.0,,,,11.18,9.45,7.96,7.62,13.85,7.76
2025-12-17T01:24:14.638122,Recipe_C,b54cb98d-8adf-48ea-80f2-5e47b13f1b38,19,5.0,,,,10.42,8.81,8.37,12.73,13.86,8.78
2025-12-17T01:24:15.638122,Recipe_C,b54cb98d-8adf-48ea-80f2-5e47b13f1b38,19,5.0,,,,10.14,6.01,9.88,8.55,11.43,7.49
2025-12-17T01:24:16.638122,Recipe_C,b54cb98d-8adf-48ea-80f2-5e47b13f1b38,19,5.0,,,,7.11,11.26,10.13,10.06,13.51,10.03
2025-12-17T01:24:17.638122,Recipe_C,b54cb98d-8adf-48ea-80f2-5e47b13f1b38,19,5.0,,,,9.07,12.05,11.37,8.95,12.03,6.6
2025-12-17T01:24:18.638122,Recipe_C,b54cb98d-8adf-48ea-80f2-5e47b13f1b38,19,5.0,,,,11.06,13.46,9.35,11.78,11.27,6.65
2025-12-17T01:24:19.638122,Recipe_C,b54cb98d-8adf-48ea-80f2-5e47b13f1b38,19,5.0,,,,8.94,12.92,10.15,10.2,10.84,12.01
2025-12-17T01:24:20.638122,Recipe_C,b54cb98d-8adf-48ea-80f2-5e47b13f1b38,19,5.0,,,,9.62,10.57,10.3,9.39,6.71,9.83
2025-12-17T01:24:21.638122,Recipe_C,b54cb98d-8adf-48ea-80f2-5e47b13f1b38,19,0.0,,,,0.0,0.0,0.0,0.0,0.0,0.0
2025-12-17T01:24:22.638122,Recipe_C,b54cb98d-8adf-48ea-80f2-5e47b13f1b38,19,0.0,,,,0.0,0.0,0.0,0.0,0.0,0.0
2025-12-17T01:24:23.638122,Recipe_C,b54cb98d-8adf-48ea-80f2-5e47b13f1b38,19,0.0,,,,0.0,0.0,0.0,0.0,0.0,0.0
2025-12-17T01:24:24.638122,Recipe_C,b54cb98d-8adf-48ea-80f2-5e47b13f1b38,19,0.0,,,,0.0,0.0,0.0,0.0,0.0,0.0
2025-12-17T01:24:25.638122,Recipe_C,b54cb98d-8adf-48ea-80f2-5e47b13f1b38,19,0.0,,,,0.0,0.0,0.0,0.0,0.0,0.0
2025-12-17T01:24:26.638122,Recipe_C,b54cb98d-8adf-48ea-80f2-5e47b13f1b38,19,0.0,,,,0.0,0.0,0.0,0.0,0.0,0.0
2025-12-17T01:24:27.638122,Recipe_C,b54cb98d-8adf-48ea-80f2-5e47b13f1b38,19,0.0,,,,0.0,0.0,0.0,0.0,0.0,0.0
2025-12-17T01:24:28.638122,Recipe_C,b54cb98d-8adf-48ea-80f2-5e47b13f1b38,19,0.0,,,,0.0,0.0,0.0,0.0,0.0,0.0
2025-12-17T01:24:29.638122,Recipe_C,b54cb98d-8adf-48ea-80f2-5e47b13f1b38,19,0.0,,,,0.0,0.0,0.0,0.0,0.0,0.0
2025-12-17T01:24:30.638122,Recipe_C,b54cb98d-8adf-48ea-80f2-5e47b13f1b38,19,0.0,,,,0.0,0.0,0.0,0.0,0.0,0.0
2025-12-17T01:24:31.638122,Recipe_C,b54cb98d-8adf-48ea-80f2-5e47b13f1b38,19,0.0,,,,0.0,0.0,0.0,0.0,0.0,0.0
2025-12-17T01:24:32.638122,Recipe_C,b54cb98d-8adf-48ea-80f2-5e47b13f1b38,19,0.0,,,,0.0,0.0,0.0,0.0,0.0,0.0
2025-12-17T01:24:33.638122,Recipe_C,b54cb98d-8adf-48ea-80f2-5e47b13f1b38,19,0.0,,,,0.0,0.0,0.0,0.0,0.0,0.0
2025-12-17T01:24:34.638122,Recipe_C,b54cb98d-8adf-48ea-80f2-5e47b13f1b38,19,0.0,,,,0.0,0.0,0.0,0.0,0.0,0.0
2025-12-17T01:24:35.638122,Recipe_C,b54cb98d-8adf-48ea-80f2-5e47b13f1b38,19,0.0,,,,0.0,0.0,0.0,0.0,0.0,0.0
2025-12-17T01:24:36.638122,Recipe_C,b54cb98d-8adf-48ea-80f2-5e47b13f1b38,19,0.0,,,,0.0,0.0,0.0,0.0,0.0,0.0
2025-12-17T01:24:37.638122,Recipe_C,b54cb98d-8adf-48ea-80f2-5e47b13f1b38,19,0.0,,,,0.0,0.0,0.0,0.0,0.0,0.0
2025-12-17T01:24:38.638122,Recipe_C,b54cb98d-8adf-48ea-80f2-5e47b13f1b38,19,0.0,,,,0.0,0.0,0.0,0.0,0.0,0.0
2025-12-17T01:24:39.638122,Recipe_C,b54cb98d-8adf-48ea-80f2-5e47b13f1b38,19,4.0,,,,95.47,51.74,45.22,44.8,46.94,58.14
2025-12-17T01:24:40.638122,Recipe_C,b54cb98d-8adf-48ea-80f2-5e47b13f1b38,19,4.0,,,,105.07,49.51,47.83,56.11,51.53,48.09
2025-12-17T01:24:41.638122,Recipe_C,b54cb98d-8adf-48ea-80f2-5e47b13f1b38,19,4.0,,,,100.72,46.43,54.12,45.36,51.1,51.87
2025-12-17T01:24:42.638122,Recipe_C,b54cb98d-8adf-48ea-80f2-5e47b13f1b38,19,3.0,,,,10.91,6.91,6.62,7.07,11.22,13.19
2025-12-17T01:24:43.638122,Recipe_C,b54cb98d-8adf-48ea-80f2-5e47b13f1b38,19,3.0,,,,8.59,9.64,12.76,11.7,11.97,13.07
2025-12-17T01:24:44.638122,Recipe_C,b54cb98d-8adf-48ea-80f2-5e47b13f1b38,19,3.0,,,,10.65,10.93,10.9,8.53,10.15,9.32
2025-12-17T01:24:45.638122,Recipe_C,b54cb98d-8adf-48ea-80f2-5e47b13f1b38,19,3.0,,,,11.52,8.53,8.37,8.19,8.88,12.48
2025-12-17T01:24:46.638122,Recipe_C,b54cb98d-8adf-48ea-80f2-5e47b13f1b38,19,3.0,,,,10.55,11.69,9.68,9.72,8.41,7.6
2025-12-17T01:24:47.638122,Recipe_C,b54cb98d-8adf-48ea-80f2-5e47b13f1b38,19,3.0,,,,5.93,12.3,6.9,6.81,10.89,11.43
2025-12-17T01:24:48.638122,Recipe_C,b54cb98d-8adf-48ea-80f2-5e47b13f1b38,19,3.0,,,,9.58,11.36,7.63,14.3,10.71,12.6
2025-12-17T01:24:49.638122,Recipe_C,b54cb98d-8adf-48ea-80f2-5e47b13f1b38,19,3.0,,,,10.55,9.74,9.75,10.46,11.05,9.1
2025-12-17T01:24:50.638122,Recipe_C,b54cb98d-8adf-48ea-80f2-5e47b13f1b38,19,3.0,,,,3.63,9.53,9.16,9.63,10.19,7.76
2025-12-17T01:24:51.638122,Recipe_C,b54cb98d-8adf-48ea-80f2-5e47b13f1b38,19,3.0,,,,10.3,6.9,11.4,7.39,13.5,5.87
2025-12-17T01:24:52.638122,Recipe_C,b54cb98d-8adf-48ea-80f2-5e47b13f1b38,19,3.0,,,,11.72,9.36,8.8,7.68,10.6,11.61
2025-12-17T01:24:53.638122,Recipe_C,b54cb98d-8adf-48ea-80f2-5e47b13f1b38,19,3.0,,,,13.34,10.99,13.37,9.45,14.63,9.53
2025-12-17T01:24:54.638122,Recipe_C,b54cb98d-8adf-48ea-80f2-5e47b13f1b38,19,3.0,,,,12.55,10.04,7.51,13.34,11.78,11.64
2025-12-17T01:24:55.638122,Recipe_C,b54cb98d-8adf-48ea-80f2-5e47b13f1b38,19,3.0,,,,7.69,11.55,9.04,4.6,7.66,8.54
2025-12-17T01:24:56.638122,Recipe_C,b54cb98d-8adf-48ea-80f2-5e47b13f1b38,19,3.0,,,,11.99,10.67,10.36,6.05,8.06,10.15
2025-12-17T01:24:57.638122,Recipe_C,b54cb98d-8adf-48ea-80f2-5e47b13f1b38,19,3.0,,,,10.85,9.73,9.3,9.8,6.67,11.29
2025-12-17T01:24:58.638122,Recipe_C,b54cb98d-8adf-48ea-80f2-5e47b13f1b38,19,3.0,,,,9.83,9.01,11.24,8.05,10.97,10.67
2025-12-17T01:24:59.638122,Recipe_C,b54cb98d-8adf-48ea-80f2-5e47b13f1b38,19,3.0,,,,8.1,6.59,8.83,13.73,7.32,8.24
2025-12-17T01:25:00.638122,Recipe_C,b54cb98d-8adf-48ea-80f2-5e47b13f1b38,19,0.0,,,,0.0,0.0,0.0,0.0,0.0,0.0
2025-12-17T01:25:01.638122,Recipe_C,b54cb98d-8adf-48ea-80f2-5e47b13f1b38,19,0.0,,,,0.0,0.0,0.0,0.0,0.0,0.0
2025-12-17T01:25:02.638122,Recipe_C,b54cb98d-8adf-48ea-80f2-5e47b13f1b38,19,0.0,,,,0.0,0.0,0.0,0.0,0.0,0.0
2025-12-17T01:25:03.638122,Recipe_C,b54cb98d-8adf-48ea-80f2-5e47b13f1b38,19,0.0,,,,0.0,0.0,0.0,0.0,0.0,0.0
2025-12-17T01:25:04.638122,Recipe_C,b54cb98d-8adf-48ea-80f2-5e47b13f1b38,19,0.0,,,,0.0,0.0,0.0,0.0,0.0,0.0
2025-12-17T01:25:05.638122,Recipe_C,b54cb98d-8adf-48ea-80f2-5e47b13f1b38,19,0.0,,,,0.0,0.0,0.0,0.0,0.0,0.0
2025-12-17T01:25:06.638122,Recipe_C,b54cb98d-8adf-48ea-80f2-5e47b13f1b38,19,0.0,,,,0.0,0.0,0.0,0.0,0.0,0.0
2025-12-17T01:25:07.638122,Recipe_C,b54cb98d-8adf-48ea-80f2-5e47b13f1b38,19,0.0,,,,0.0,0.0,0.0,0.0,0.0,0.0
2025-12-17T01:25:08.638122,Recipe_C,b54cb98d-8adf-48ea-80f2-5e47b13f1b38,19,0.0,,,,0.0,0.0,0.0,0.0,0.0,0.0
2025-12-17T01:25:09.638122,Recipe_C,b54cb98d-8adf-48ea-80f2-5e47b13f1b38,19,0.0,,,,0.0,0.0,0.0,0.0,0.0,0.0
2025-12-17T01:25:10.638122,Recipe_C,b54cb98d-8adf-48ea-80f2-5e47b13f1b38,19,0.0,,,,0.0,0.0,0.0,0.0,0.0,0.0
2025-12-17T01:25:11.638122,Recipe_C,b54cb98d-8adf-48ea-80f2-5e47b13f1b38,19,0.0,,,,0.0,0.0,0.0,0.0,0.0,0.0
2025-12-17T01:25:12.638122,Recipe_C,b54cb98d-8adf-48ea-80f2-5e47b13f1b38,19,0.0,,,,0.0,0.0,0.0,0.0,0.0,0.0
2025-12-17T01:25:13.638122,Recipe_C,b54cb98d-8adf-48ea-80f2-5e47b13f1b38,19,0.0,,,,0.0,0.0,0.0,0.0,0.0,0.0
2025-12-17T01:25:14.638122,Recipe_C,b54cb98d-8adf-48ea-80f2-5e47b13f1b38,19,0.0,,,,0.0,0.0,0.0,0.0,0.0,0.0
2025-12-17T01:25:15.638122,Recipe_C,b54cb98d-8adf-48ea-80f2-5e47b13f1b38,19,0.0,,,,0.0,0.0,0.0,0.0,0.0,0.0
2025-12-17T01:25:16.638122,Recipe_C,b54cb98d-8adf-48ea-80f2-5e47b13f1b38,19,0.0,,,,0.0,0.0,0.0,0.0,0.0,0.0
2025-12-17T01:25:17.638122,Recipe_C,b54cb98d-8adf-48ea-80f2-5e47b13f1b38,19,0.0,,,,0.0,0.0,0.0,0.0,0.0,0.0
2025-12-17T01:25:18.638122,Recipe_C,b54cb98d-8adf-48ea-80f2-5e47b13f1b38,19,0.0,,,,0.0,0.0,0.0,0.0,0.0,0.0
2025-12-17T01:25:19.638122,Recipe_C,b54cb98d-8adf-48ea-80f2-5e47b13f1b38,19,0.0,,,,0.0,0.0,0.0,0.0,0.0,0.0
2025-12-17T01:25:20.638122,Recipe_C,b54cb98d-8adf-48ea-80f2-5e47b13f1b38,19,0.0,,,,0.0,0.0,0.0,0.0,0.0,0.0
2025-12-17T01:25:21.638122,Recipe_C,b54cb98d-8adf-48ea-80f2-5e47b13f1b38,19,0.0,,,,0.0,0.0,0.0,0.0,0.0,0.0
2025-12-17T01:25:22.638122,Recipe_C,b54cb98d-8adf-48ea-80f2-5e47b13f1b38,19,0.0,,,,0.0,0.0,0.0,0.0,0.0,0.0
2025-12-17T01:25:23.638122,Recipe_C,b54cb98d-8adf-48ea-80f2-5e47b13f1b38,19,0.0,,,,0.0,0.0,0.0,0.0,0.0,0.0
2025-12-17T01:25:24.638122,Recipe_C,b54cb98d-8adf-48ea-80f2-5e47b13f1b38,19,0.0,,,,0.0,0.0,0.0,0.0,0.0,0.0
2025-12-17T01:25:25.638122,Recipe_C,b54cb98d-8adf-48ea-80f2-5e47b13f1b38,19,2.0,,,,7.56,7.89,10.25,9.16,9.6,12.76
2025-12-17T01:25:26.638122,Recipe_C,b54cb98d-8adf-48ea-80f2-5e47b13f1b38,19,2.0,,,,8.96,12.11,8.61,9.26,6.23,9.24
2025-12-17T01:25:27.638122,Recipe_C,b54cb98d-8adf-48ea-80f2-5e47b13f1b38,19,2.0,,,,9.72,9.14,9.02,10.32,10.73,9.97
2025-12-17T01:25:28.638122,Recipe_C,b54cb98d-8adf-48ea-80f2-5e47b13f1b38,19,2.0,,,,11.89,7.74,12.5,11.7,6.16,11.12
2025-12-17T01:25:29.638122,Recipe_C,b54cb98d-8adf-48ea-80f2-5e47b13f1b38,19,2.0,,,,12.72,7.61,10.25,10.75,7.85,11.34
2025-12-17T01:25:30.638122,Recipe_C,b54cb98d-8adf-48ea-80f2-5e47b13f1b38,19,2.0,,,,8.31,9.62,10.81,8.11,10.35,12.84
2025-12-17T01:25:31.638122,Recipe_C,b54cb98d-8adf-48ea-80f2-5e47b13f1b38,19,2.0,,,,13.75,10.32,10.26,11.25,6.97,11.0
2025-12-17T01:25:32.638122,Recipe_C,b54cb98d-8adf-48ea-80f2-5e47b13f1b38,19,2.0,,,,11.7,8.92,9.4,9.18,13.6,9.3
2025-12-17T01:25:33.638122,Recipe_C,b54cb98d-8adf-48ea-80f2-5e47b13f1b38,19,2.0,,,,8.29,11.65,11.09,11.35,9.43,7.74
2025-12-17T01:25:34.638122,Recipe_C,b54cb98d-8adf-48ea-80f2-5e47b13f1b38,19,2.0,,,,9.35,8.78,10.19,8.83,10.76,10.0
2025-12-17T01:25:35.638122,Recipe_C,b54cb98d-8adf-48ea-80f2-5e47b13f1b38,19,2.0,,,,11.21,12.11,8.85,6.91,7.59,8.8
2025-12-17T01:25:36.638122,Recipe_C,b54cb98d-8adf-48ea-80f2-5e47b13f1b38,19,2.0,,,,8.21,9.0,10.19,12.2,11.56,8.82
2025-12-17T01:25:37.638122,Recipe_C,b54cb98d-8adf-48ea-80f2-5e47b13f1b38,19,2.0,,,,9.88,9.26,12.47,8.21,8.78,10.57
2025-12-17T01:25:38.638122,Recipe_C,b54cb98d-8adf-48ea-80f2-5e47b13f1b38,19,2.0,,,,6.92,11.1,5.08,9.44,10.21,8.11
2025-12-17T01:25:39.638122,Recipe_C,b54cb98d-8adf-48ea-80f2-5e47b13f1b38,19,2.0,,,,9.73,10.98,9.17,8.46,9.46,10.32
2025-12-17T01:25:40.638122,Recipe_C,b54cb98d-8adf-48ea-80f2-5e47b13f1b38,19,2.0,,,,10.13,9.42,12.28,11.2,10.36,10.21
2025-12-17T01:25:41.638122,Recipe_C,b54cb98d-8adf-48ea-80f2-5e47b13f1b38,19,2.0,,,,12.28,10.41,11.3,10.28,11.85,10.53
2025-12-17T01:25:42.638122,Recipe_C,b54cb98d-8adf-48ea-80f2-5e47b13f1b38,19,2.0,,,,14.29,9.47,8.26,11.45,8.16,11.74
2025-12-17T01:25:43.638122,Recipe_C,b54cb98d-8adf-48ea-80f2-5e47b13f1b38,19,2.0,,,,10.06,8.8,11.34,7.2,10.28,10.18
2025-12-17T01:25:44.638122,Recipe_C,b54cb98d-8adf-48ea-80f2-5e47b13f1b38,19,2.0,,,,8.45,5.28,8.65,12.62,12.2,9.07
2025-12-17T01:25:45.638122,Recipe_C,b54cb98d-8adf-48ea-80f2-5e47b13f1b38,19,2.0,,,,10.56,11.6,14.52,10.61,11.29,10.85
2025-12-17T01:25:46.638122,Recipe_C,b54cb98d-8adf-48ea-80f2-5e47b13f1b38,19,2.0,,,,10.55,7.62,11.74,11.69,8.2,9.24
2025-12-17T01:25:47.638122,Recipe_C,b54cb98d-8adf-48ea-80f2-5e47b13f1b38,19,2.0,,,,10.52,7.17,8.09,10.89,9.12,7.89
2025-12-17T01:25:48.638122,Recipe_C,b54cb98d-8adf-48ea-80f2-5e47b13f1b38,19,2.0,,,,9.35,11.4,9.63,12.19,10.0,11.53
2025-12-17T01:25:49.638122,Recipe_C,b54cb98d-8adf-48ea-80f2-5e47b13f1b38,19,2.0,,,,10.18,10.29,11.58,12.32,10.48,8.75
2025-12-17T01:25:50.638122,Recipe_C,b54cb98d-8adf-48ea-80f2-5e47b13f1b38,19,2.0,,,,10.18,6.35,7.86,9.41,10.79,9.33
2025-12-17T01:25:51.638122,Recipe_C,b54cb98d-8adf-48ea-80f2-5e47b13f1b38,19,5.0,,,,8.61,6.04,8.89,12.43,9.9,7.07
2025-12-17T01:25:52.638122,Recipe_C,b54cb98d-8adf-48ea-80f2-5e47b13f1b38,19,5.0,,,,8.67,10.2,9.97,8.9,9.57,12.1
2025-12-17T01:25:53.638122,Recipe_C,b54cb98d-8adf-48ea-80f2-5e47b13f1b38,19,5.0,,,,9.4,5.94,8.2,9.57,7.17,13.01
2025-12-17T01:25:54.638122,Recipe_C,b54cb98d-8adf-48ea-80f2-5e47b13f1b38,19,5.0,,,,15.29,11.48,12.45,9.95,12.91,14.15
2025-12-17T01:25:55.638122,Recipe_C,b54cb98d-8adf-48ea-80f2-5e47b13f1b38,19,5.0,,,,8.27,8.83,7.24,9.21,11.84,11.5
2025-12-17T01:25:56.638122,Recipe_C,b54cb98d-8adf-48ea-80f2-5e47b13f1b38,19,5.0,,,,11.05,13.31,8.52,9.65,14.44,9.37
2025-12-17T01:25:57.638122,Recipe_C,b54cb98d-8adf-48ea-80f2-5e47b13f1b38,19,5.0,,,,10.71,13.41,7.87,7.02,11.49,10.44
2025-12-17T01:25:58.638122,Recipe_C,b54cb98d-8adf-48ea-80f2-5e47b13f1b38,19,5.0,,,,10.98,7.48,9.94,11.16,13.02,6.0
2025-12-17T01:25:59.638122,Recipe_C,b54cb98d-8adf-48ea-80f2-5e47b13f1b38,19,5.0,,,,12.59,11.91,10.73,9.93,13.9,7.4
2025-12-17T01:26:00.638122,Recipe_C,b54cb98d-8adf-48ea-80f2-5e47b13f1b38,19,5.0,,,,7.43,12.18,11.11,9.2,9.21,9.78
2025-12-17T01:26:01.638122,Recipe_C,b54cb98d-8adf-48ea-80f2-5e47b13f1b38,19,5.0,,,,9.89,11.14,8.25,8.42,8.87,13.7
2025-12-17T01:26:02.638122,Recipe_C,b54cb98d-8adf-48ea-80f2-5e47b13f1b38,19,5.0,,,,8.95,5.41,11.2,2.91,8.32,9.8
2025-12-17T01:26:03.638122,Recipe_C,b54cb98d-8adf-48ea-80f2-5e47b13f1b38,19,5.0,,,,11.94,9.24,9.31,12.15,8.48,7.89
2025-12-17T01:26:04.638122,Recipe_C,b54cb98d-8adf-48ea-80f2-5e47b13f1b38,19,5.0,,,,12.44,10.28,13.09,11.71,10.82,9.31
2025-12-17T01:26:05.638122,Recipe_C,b54cb98d-8adf-48ea-80f2-5e47b13f1b38,19,5.0,,,,9.67,9.33,14.09,12.78,7.0,10.68
2025-12-17T01:26:06.638122,Recipe_C,b54cb98d-8adf-48ea-80f2-5e47b13f1b38,19,5.0,,,,7.5,9.48,12.14,8.97,7.74,9.54
2025-12-17T01:26:07.638122,Recipe_C,b54cb98d-8adf-48ea-80f2-5e47b13f1b38,19,5.0,,,,13.99,11.48,8.91,9.14,10.92,10.43
2025-12-17T01:26:08.638122,Recipe_C,b54cb98d-8adf-48ea-80f2-5e47b13f1b38,19,5.0,,,,9.36,9.28,12.36,14.01,9.34,8.12
2025-12-17T01:26:09.638122,Recipe_C,b54cb98d-8adf-48ea-80f2-5e47b13f1b38,19,5.0,,,,9.25,8.09,9.7,11.61,9.0,8.04
2025-12-17T01:26:10.638122,Recipe_C,b54cb98d-8adf-48ea-80f2-5e47b13f1b38,19,5.0,,,,11.4,10.89,10.18,11.28,11.16,13.59
2025-12-17T01:26:11.638122,Recipe_C,b54cb98d-8adf-48ea-80f2-5e47b13f1b38,19,5.0,,,,9.71,7.16,10.57,9.36,12.96,10.02
2025-12-17T01:26:12.638122,Recipe_C,b54cb98d-8adf-48ea-80f2-5e47b13f1b38,19,5.0,,,,7.89,9.32,12.97,12.32,13.96,10.11
2025-12-17T01:26:13.638122,Recipe_C,b54cb98d-8adf-48ea-80f2-5e47b13f1b38,19,5.0,,,,11.95,10.92,13.65,7.22,5.62,10.26
2025-12-17T01:26:14.638122,Recipe_C,b54cb98d-8adf-48ea-80f2-5e47b13f1b38,19,5.0,,,,12.86,9.63,8.54,12.44,8.25,8.93
2025-12-17T01:26:15.638122,Recipe_C,b54cb98d-8adf-48ea-80f2-5e47b13f1b38,19,2.0,,,,11.76,8.99,11.95,10.56,10.68,9.39
2025-12-17T01:26:16.638122,Recipe_C,b54cb98d-8adf-48ea-80f2-5e47b13f1b38,19,1.0,,,,14.34,9.51,12.39,11.87,11.68,10.2
2025-12-17T01:26:17.638122,Recipe_C,b54cb98d-8adf-48ea-80f2-5e47b13f1b38,19,1.0,,,,12.54,8.67,6.83,11.81,13.86,7.29
2025-12-17T01:26:17.638122,Recipe_C,b54cb98d-8adf-48ea-80f2-5e47b13f1b38,19,1.0,Warning_6,Simulated Warning occurred,Warning,,,,,,
2025-12-17T01:26:18.638122,Recipe_C,b54cb98d-8adf-48ea-80f2-5e47b13f1b38,19,1.0,,,,9.06,11.48,8.66,11.22,10.17,8.87
2025-12-17T01:26:19.638122,Recipe_C,b54cb98d-8adf-48ea-80f2-5e47b13f1b38,19,1.0,,,,7.37,12.09,8.64,3.25,10.57,11.8
2025-12-17T01:26:20.638122,Recipe_C,b54cb98d-8adf-48ea-80f2-5e47b13f1b38,19,1.0,,,,12.31,12.13,9.27,6.34,8.81,10.51
2025-12-17T01:26:21.638122,Recipe_C,b54cb98d-8adf-48ea-80f2-5e47b13f1b38,19,1.0,,,,12.34,13.79,12.6,9.57,9.24,10.93
2025-12-17T01:26:22.638122,Recipe_C,b54cb98d-8adf-48ea-80f2-5e47b13f1b38,19,1.0,,,,12.03,10.22,8.12,9.0,8.18,10.84
2025-12-17T01:26:23.638122,Recipe_C,b54cb98d-8adf-48ea-80f2-5e47b13f1b38,19,1.0,,,,12.17,11.25,10.48,8.16,9.46,10.96
2025-12-17T01:26:24.638122,Recipe_C,b54cb98d-8adf-48ea-80f2-5e47b13f1b38,19,1.0,,,,5.48,9.13,11.26,7.06,8.66,10.9
2025-12-17T01:26:25.638122,Recipe_C,b54cb98d-8adf-48ea-80f2-5e47b13f1b38,19,1.0,,,,10.78,9.94,10.62,11.97,11.6,10.61
2025-12-17T01:26:26.638122,Recipe_C,b54cb98d-8adf-48ea-80f2-5e47b13f1b38,19,1.0,,,,13.84,6.97,6.61,9.94,13.06,8.92
2025-12-17T01:26:27.638122,Recipe_C,b54cb98d-8adf-48ea-80f2-5e47b13f1b38,19,0.0,,,,0.0,0.0,0.0,0.0,0.0,0.0
2025-12-17T01:26:28.638122,Recipe_C,b54cb98d-8adf-48ea-80f2-5e47b13f1b38,19,0.0,,,,0.0,0.0,0.0,0.0,0.0,0.0
2025-12-17T01:26:29.638122,Recipe_C,b54cb98d-8adf-48ea-80f2-5e47b13f1b38,19,0.0,,,,0.0,0.0,0.0,0.0,0.0,0.0
2025-12-17T01:26:30.638122,Recipe_C,b54cb98d-8adf-48ea-80f2-5e47b13f1b38,19,0.0,,,,0.0,0.0,0.0,0.0,0.0,0.0
2025-12-17T01:26:31.638122,Recipe_C,b54cb98d-8adf-48ea-80f2-5e47b13f1b38,19,0.0,,,,0.0,0.0,0.0,0.0,0.0,0.0
2025-12-17T01:26:32.638122,Recipe_C,b54cb98d-8adf-48ea-80f2-5e47b13f1b38,19,0.0,,,,0.0,0.0,0.0,0.0,0.0,0.0
2025-12-17T01:26:33.638122,Recipe_C,b54cb98d-8adf-48ea-80f2-5e47b13f1b38,19,0.0,,,,0.0,0.0,0.0,0.0,0.0,0.0
2025-12-17T01:26:34.638122,Recipe_C,b54cb98d-8adf-48ea-80f2-5e47b13f1b38,19,0.0,,,,0.0,0.0,0.0,0.0,0.0,0.0
2025-12-17T01:26:35.638122,Recipe_C,b54cb98d-8adf-48ea-80f2-5e47b13f1b38,19,0.0,,,,0.0,0.0,0.0,0.0,0.0,0.0
2025-12-17T01:26:36.638122,Recipe_C,b54cb98d-8adf-48ea-80f2-5e47b13f1b38,19,0.0,,,,0.0,0.0,0.0,0.0,0.0,0.0
2025-12-17T01:26:37.638122,Recipe_C,b54cb98d-8adf-48ea-80f2-5e47b13f1b38,19,0.0,,,,0.0,0.0,0.0,0.0,0.0,0.0
2025-12-17T01:26:38.638122,Recipe_C,b54cb98d-8adf-48ea-80f2-5e47b13f1b38,19,0.0,,,,0.0,0.0,0.0,0.0,0.0,0.0
2025-12-17T01:26:39.638122,Recipe_C,b54cb98d-8adf-48ea-80f2-5e47b13f1b38,19,0.0,,,,0.0,0.0,0.0,0.0,0.0,0.0
2025-12-17T01:26:40.638122,Recipe_C,b54cb98d-8adf-48ea-80f2-5e47b13f1b38,19,0.0,,,,0.0,0.0,0.0,0.0,0.0,0.0
2025-12-17T01:26:41.638122,Recipe_C,b54cb98d-8adf-48ea-80f2-5e47b13f1b38,19,0.0,,,,0.0,0.0,0.0,0.0,0.0,0.0
2025-12-17T01:26:42.638122,Recipe_C,b54cb98d-8adf-48ea-80f2-5e47b13f1b38,19,0.0,,,,0.0,0.0,0.0,0.0,0.0,0.0
2025-12-17T01:26:43.638122,Recipe_C,b54cb98d-8adf-48ea-80f2-5e47b13f1b38,19,0.0,,,,0.0,0.0,0.0,0.0,0.0,0.0
2025-12-17T01:26:44.638122,Recipe_C,b54cb98d-8adf-48ea-80f2-5e47b13f1b38,19,0.0,,,,0.0,0.0,0.0,0.0,0.0,0.0
2025-12-17T01:26:45.638122,Recipe_C,b54cb98d-8adf-48ea-80f2-5e47b13f1b38,19,0.0,,,,0.0,0.0,0.0,0.0,0.0,0.0
2025-12-17T01:26:46.638122,Recipe_C,b54cb98d-8adf-48ea-80f2-5e47b13f1b38,19,0.0,,,,0.0,0.0,0.0,0.0,0.0,0.0
2025-12-17T01:26:47.638122,Recipe_C,b54cb98d-8adf-48ea-80f2-5e47b13f1b38,19,0.0,,,,0.0,0.0,0.0,0.0,0.0,0.0
2025-12-17T01:26:48.638122,Recipe_C,b54cb98d-8adf-48ea-80f2-5e47b13f1b38,19,0.0,,,,0.0,0.0,0.0,0.0,0.0,0.0
2025-12-17T01:26:49.638122,Recipe_C,b54cb98d-8adf-48ea-80f2-5e47b13f1b38,19,0.0,,,,0.0,0.0,0.0,0.0,0.0,0.0
2025-12-17T01:26:50.638122,Recipe_C,b54cb98d-8adf-48ea-80f2-5e47b13f1b38,19,0.0,,,,0.0,0.0,0.0,0.0,0.0,0.0
2025-12-17T01:26:51.638122,Recipe_C,b54cb98d-8adf-48ea-80f2-5e47b13f1b38,19,0.0,,,,0.0,0.0,0.0,0.0,0.0,0.0
2025-12-17T01:26:52.638122,Recipe_C,b54cb98d-8adf-48ea-80f2-5e47b13f1b38,19,0.0,,,,0.0,0.0,0.0,0.0,0.0,0.0
2025-12-17T01:26:53.638122,Recipe_C,b54cb98d-8adf-48ea-80f2-5e47b13f1b38,19,0.0,,,,0.0,0.0,0.0,0.0,0.0,0.0
2025-12-17T01:26:54.638122,Recipe_C,b54cb98d-8adf-48ea-80f2-5e47b13f1b38,19,0.0,,,,0.0,0.0,0.0,0.0,0.0,0.0
2025-12-17T01:26:55.638122,Recipe_C,b54cb98d-8adf-48ea-80f2-5e47b13f1b38,19,0.0,,,,0.0,0.0,0.0,0.0,0.0,0.0
2025-12-17T01:26:56.638122,Recipe_C,b54cb98d-8adf-48ea-80f2-5e47b13f1b38,19,1.0,,,,8.01,12.77,8.98,10.86,8.98,10.55
2025-12-17T01:26:57.638122,Recipe_C,b54cb98d-8adf-48ea-80f2-5e47b13f1b38,19,1.0,,,,9.93,10.4,10.89,9.21,7.09,10.72
2025-12-17T01:26:58.638122,Recipe_C,b54cb98d-8adf-48ea-80f2-5e47b13f1b38,19,1.0,,,,6.1,7.32,6.86,9.8,8.38,10.52
2025-12-17T01:26:59.638122,Recipe_C,b54cb98d-8adf-48ea-80f2-5e47b13f1b38,19,1.0,,,,12.64,9.73,9.41,9.72,10.74,8.47
2025-12-17T01:27:00.638122,Recipe_C,b54cb98d-8adf-48ea-80f2-5e47b13f1b38,19,1.0,,,,9.9,8.42,10.38,8.88,11.32,12.24
2025-12-17T01:27:01.638122,Recipe_C,b54cb98d-8adf-48ea-80f2-5e47b13f1b38,19,1.0,,,,9.67,11.03,12.35,10.84,9.52,10.55
2025-12-17T01:27:02.638122,Recipe_C,b54cb98d-8adf-48ea-80f2-5e47b13f1b38,19,1.0,,,,9.34,8.8,10.6,13.77,9.33,11.45
2025-12-17T01:27:03.638122,Recipe_C,b54cb98d-8adf-48ea-80f2-5e47b13f1b38,19,1.0,,,,15.31,9.51,13.12,9.44,7.05,9.41
2025-12-17T01:27:04.638122,Recipe_C,b54cb98d-8adf-48ea-80f2-5e47b13f1b38,19,1.0,,,,11.62,10.45,12.75,11.0,7.78,9.52
2025-12-17T01:27:05.638122,Recipe_C,b54cb98d-8adf-48ea-80f2-5e47b13f1b38,19,1.0,,,,7.68,11.17,12.19,13.78,8.24,9.52
2025-12-17T01:27:06.638122,Recipe_C,b54cb98d-8adf-48ea-80f2-5e47b13f1b38,19,1.0,,,,11.56,9.93,10.88,7.27,8.26,8.4
2025-12-17T01:27:07.638122,Recipe_C,b54cb98d-8adf-48ea-80f2-5e47b13f1b38,19,1.0,,,,11.2,8.38,7.19,9.81,9.44,12.33
2025-12-17T01:27:08.638122,Recipe_C,b54cb98d-8adf-48ea-80f2-5e47b13f1b38,19,1.0,,,,13.04,7.38,9.23,9.57,10.93,9.46
2025-12-17T01:27:09.638122,Recipe_C,b54cb98d-8adf-48ea-80f2-5e47b13f1b38,19,1.0,,,,9.16,9.79,11.67,8.23,9.9,13.21
2025-12-17T01:27:10.638122,Recipe_C,b54cb98d-8adf-48ea-80f2-5e47b13f1b38,19,1.0,,,,8.33,8.59,9.97,10.07,12.59,8.24
2025-12-17T01:27:11.638122,Recipe_C,b54cb98d-8adf-48ea-80f2-5e47b13f1b38,19,1.0,,,,9.42,8.25,9.77,11.84,8.95,8.94
2025-12-17T01:27:12.638122,Recipe_C,b54cb98d-8adf-48ea-80f2-5e47b13f1b38,19,1.0,,,,12.63,9.69,9.7,8.27,7.71,9.96
2025-12-17T01:27:13.638122,Recipe_C,b54cb98d-8adf-48ea-80f2-5e47b13f1b38,19,1.0,,,,10.54,12.35,9.77,7.19,6.54,9.7
2025-12-17T01:27:14.638122,Recipe_C,b54cb98d-8adf-48ea-80f2-5e47b13f1b38,19,1.0,,,,12.52,10.26,10.46,7.61,13.22,6.85
2025-12-17T01:27:15.638122,Recipe_C,b54cb98d-8adf-48ea-80f2-5e47b13f1b38,19,5.0,,,,7.35,11.62,9.86,10.02,12.99,11.03
2025-12-17T01:27:16.638122,Recipe_C,b54cb98d-8adf-48ea-80f2-5e47b13f1b38,19,5.0,,,,11.35,8.12,10.79,12.11,10.33,9.53
2025-12-17T01:27:17.638122,Recipe_C,b54cb98d-8adf-48ea-80f2-5e47b13f1b38,19,5.0,,,,10.91,10.6,11.83,9.49,12.53,10.39
2025-12-17T01:27:18.638122,Recipe_C,b54cb98d-8adf-48ea-80f2-5e47b13f1b38,19,5.0,,,,7.09,14.32,12.72,8.95,9.83,12.71
2025-12-17T01:27:19.638122,Recipe_C,b54cb98d-8adf-48ea-80f2-5e47b13f1b38,19,5.0,,,,9.79,7.71,9.16,5.85,11.95,13.86
2025-12-17T01:27:20.638122,Recipe_C,b54cb98d-8adf-48ea-80f2-5e47b13f1b38,19,5.0,,,,10.39,8.76,11.21,11.04,4.74,11.72
2025-12-17T01:27:21.638122,Recipe_C,b54cb98d-8adf-48ea-80f2-5e47b13f1b38,19,5.0,,,,7.62,8.2,10.03,6.79,9.33,13.29
2025-12-17T01:27:22.638122,Recipe_C,b54cb98d-8adf-48ea-80f2-5e47b13f1b38,19,5.0,,,,7.96,8.97,10.62,6.34,8.49,11.97
2025-12-17T01:27:23.638122,Recipe_C,b54cb98d-8adf-48ea-80f2-5e47b13f1b38,19,5.0,,,,10.24,8.74,10.69,13.43,9.47,12.5
2025-12-17T01:27:24.638122,Recipe_C,b54cb98d-8adf-48ea-80f2-5e47b13f1b38,19,5.0,,,,10.41,7.55,10.67,12.53,10.84,10.96
2025-12-17T01:27:25.638122,Recipe_C,b54cb98d-8adf-48ea-80f2-5e47b13f1b38,19,5.0,,,,7.9,9.27,11.22,11.18,8.49,8.93
2025-12-17T01:27:26.638122,Recipe_C,b54cb98d-8adf-48ea-80f2-5e47b13f1b38,19,5.0,,,,14.73,9.11,6.26,8.15,8.83,9.28
2025-12-17T01:27:26.638122,Recipe_C,b54cb98d-8adf-48ea-80f2-5e47b13f1b38,19,5.0,Error_4,Simulated Error occurred,Error,,,,,,
2025-12-17T01:27:27.638122,Recipe_C,b54cb98d-8adf-48ea-80f2-5e47b13f1b38,19,5.0,,,,9.07,9.17,8.63,10.57,8.69,10.47
2025-12-17T01:27:28.638122,Recipe_C,b54cb98d-8adf-48ea-80f2-5e47b13f1b38,19,3.0,,,,9.54,9.66,7.85,6.23,5.55,9.68
2025-12-17T01:27:29.638122,Recipe_C,b54cb98d-8adf-48ea-80f2-5e47b13f1b38,19,3.0,,,,8.04,7.87,10.68,10.37,15.99,12.44
2025-12-17T01:27:30.638122,Recipe_C,b54cb98d-8adf-48ea-80f2-5e47b13f1b38,19,3.0,,,,8.77,12.38,11.8,5.23,7.51,11.43
2025-12-17T01:27:31.638122,Recipe_C,b54cb98d-8adf-48ea-80f2-5e47b13f1b38,19,3.0,,,,10.92,9.96,9.94,7.12,10.56,9.36
2025-12-17T01:27:32.638122,Recipe_C,b54cb98d-8adf-48ea-80f2-5e47b13f1b38,19,3.0,,,,12.21,12.94,8.93,9.65,11.22,8.68
2025-12-17T01:27:33.638122,Recipe_C,b54cb98d-8adf-48ea-80f2-5e47b13f1b38,19,3.0,,,,8.46,8.6,9.94,13.35,9.3,9.36
2025-12-17T01:27:34.638122,Recipe_C,b54cb98d-8adf-48ea-80f2-5e47b13f1b38,19,3.0,,,,10.35,10.08,9.5,8.71,10.37,10.08
2025-12-17T01:27:34.638122,Recipe_C,b54cb98d-8adf-48ea-80f2-5e47b13f1b38,19,3.0,Warning_4,Simulated Warning occurred,Warning,,,,,,
2025-12-17T01:27:35.638122,Recipe_C,b54cb98d-8adf-48ea-80f2-5e47b13f1b38,19,3.0,,,,6.49,4.31,8.37,15.91,12.8,8.64
2025-12-17T01:27:36.638122,Recipe_C,b54cb98d-8adf-48ea-80f2-5e47b13f1b38,19,3.0,,,,13.16,11.63,9.03,9.24,8.8,9.6
2025-12-17T01:27:37.638122,Recipe_C,b54cb98d-8adf-48ea-80f2-5e47b13f1b38,19,3.0,,,,7.45,6.98,5.95,9.49,7.13,12.0
2025-12-17T01:27:38.638122,Recipe_C,b54cb98d-8adf-48ea-80f2-5e47b13f1b38,19,3.0,,,,9.22,8.61,9.64,7.97,12.92,10.61
2025-12-17T01:27:39.638122,Recipe_C,b54cb98d-8adf-48ea-80f2-5e47b13f1b38,19,3.0,,,,7.89,12.02,12.62,12.75,9.23,10.99
2025-12-17T01:27:40.638122,Recipe_C,b54cb98d-8adf-48ea-80f2-5e47b13f1b38,19,3.0,,,,9.34,12.71,7.97,12.56,6.07,9.9
2025-12-17T01:27:41.638122,Recipe_C,b54cb98d-8adf-48ea-80f2-5e47b13f1b38,19,3.0,,,,13.12,11.98,9.53,12.29,10.5,7.55
2025-12-17T01:27:42.638122,Recipe_C,b54cb98d-8adf-48ea-80f2-5e47b13f1b38,19,3.0,,,,8.44,9.86,5.69,6.84,12.36,12.14
2025-12-17T01:27:43.638122,Recipe_C,b54cb98d-8adf-48ea-80f2-5e47b13f1b38,19,3.0,,,,11.91,11.7,10.41,7.82,9.75,12.64
2025-12-17T01:27:44.638122,Recipe_C,b54cb98d-8adf-48ea-80f2-5e47b13f1b38,19,3.0,,,,10.5,10.81,14.51,10.52,11.12,8.62
2025-12-17T01:27:45.638122,Recipe_C,b54cb98d-8adf-48ea-80f2-5e47b13f1b38,19,3.0,,,,7.43,9.16,10.03,10.78,9.0,11.23
2025-12-17T01:27:46.638122,Recipe_C,b54cb98d-8adf-48ea-80f2-5e47b13f1b38,19,3.0,,,,6.03,8.49,8.65,9.49,9.88,12.75
2025-12-17T01:27:47.638122,Recipe_C,b54cb98d-8adf-48ea-80f2-5e47b13f1b38,19,3.0,,,,11.96,13.4,8.98,13.29,15.06,10.04
2025-12-17T01:27:48.638122,Recipe_C,b54cb98d-8adf-48ea-80f2-5e47b13f1b38,19,3.0,,,,9.09,11.19,11.48,10.16,12.44,10.86
2025-12-17T01:27:49.638122,Recipe_C,b54cb98d-8adf-48ea-80f2-5e47b13f1b38,19,3.0,,,,7.55,6.88,7.45,7.86,10.0,13.12
2025-12-17T01:27:50.638122,Recipe_C,b54cb98d-8adf-48ea-80f2-5e47b13f1b38,19,3.0,,,,11.58,10.22,7.96,5.0,8.17,9.14
2025-12-17T01:27:51.638122,Recipe_C,b54cb98d-8adf-48ea-80f2-5e47b13f1b38,19,3.0,,,,10.3,10.09,9.58,8.77,11.7,8.71
2025-12-17T01:27:52.638122,Recipe_C,b54cb98d-8adf-48ea-80f2-5e47b13f1b38,19,3.0,,,,9.11,10.32,11.39,5.78,11.02,9.61
2025-12-17T01:27:53.638122,Recipe_C,b54cb98d-8adf-48ea-80f2-5e47b13f1b38,19,3.0,,,,9.17,11.12,7.61,10.86,7.63,8.11
2025-12-17T01:27:54.638122,Recipe_C,b54cb98d-8adf-48ea-80f2-5e47b13f1b38,19,3.0,,,,7.81,12.4,11.93,8.04,10.78,10.99
2025-12-17T01:27:55.638122,Recipe_C,b54cb98d-8adf-48ea-80f2-5e47b13f1b38,19,3.0,,,,4.44,11.35,8.68,9.48,10.97,10.63
2025-12-17T01:27:56.638122,Recipe_C,b54cb98d-8adf-48ea-80f2-5e47b13f1b38,19,3.0,,,,8.47,7.42,11.36,7.09,7.79,8.17
2025-12-17T01:27:57.638122,Recipe_C,b54cb98d-8adf-48ea-80f2-5e47b13f1b38,19,3.0,,,,12.02,13.63,10.2,8.63,9.59,10.27
2025-12-17T01:27:58.638122,Recipe_C,b54cb98d-8adf-48ea-80f2-5e47b13f1b38,19,3.0,,,,11.06,9.55,10.32,8.1,10.58,10.01
2025-12-17T01:27:59.638122,Recipe_C,b54cb98d-8adf-48ea-80f2-5e47b13f1b38,19,3.0,,,,8.41,9.12,10.0,10.04,12.48,6.64
2025-12-17T01:28:00.638122,Recipe_C,b54cb98d-8adf-48ea-80f2-5e47b13f1b38,19,3.0,,,,6.4,7.61,8.69,5.43,12.82,13.04
2025-12-17T01:28:01.638122,Recipe_C,b54cb98d-8adf-48ea-80f2-5e47b13f1b38,19,3.0,,,,12.5,11.04,8.91,10.73,8.43,12.85
2025-12-17T01:28:02.638122,Recipe_C,b54cb98d-8adf-48ea-80f2-5e47b13f1b38,19,3.0,,,,10.21,8.69,7.04,14.46,9.46,11.85
2025-12-17T01:28:03.638122,Recipe_C,b54cb98d-8adf-48ea-80f2-5e47b13f1b38,19,3.0,,,,12.13,9.29,12.88,7.96,7.99,10.07
2025-12-17T01:28:04.638122,Recipe_C,b54cb98d-8adf-48ea-80f2-5e47b13f1b38,19,3.0,,,,5.06,7.98,9.89,5.83,9.67,9.53
2025-12-17T01:28:05.638122,Recipe_C,b54cb98d-8adf-48ea-80f2-5e47b13f1b38,19,3.0,,,,9.44,6.99,10.52,7.84,7.9,10.79
2025-12-17T01:28:06.638122,Recipe_C,b54cb98d-8adf-48ea-80f2-5e47b13f1b38,19,3.0,,,,9.2,10.48,11.8,9.21,9.74,7.75
2025-12-17T01:28:07.638122,Recipe_C,b54cb98d-8adf-48ea-80f2-5e47b13f1b38,19,3.0,,,,9.14,9.17,10.22,6.17,12.47,9.6
2025-12-17T01:28:08.638122,Recipe_C,b54cb98d-8adf-48ea-80f2-5e47b13f1b38,19,3.0,,,,9.05,7.97,8.28,9.34,9.92,8.04
2025-12-17T01:28:09.638122,Recipe_C,b54cb98d-8adf-48ea-80f2-5e47b13f1b38,19,3.0,,,,9.58,9.93,11.39,13.85,12.66,8.6
2025-12-17T01:28:10.638122,Recipe_C,b54cb98d-8adf-48ea-80f2-5e47b13f1b38,19,3.0,,,,6.35,7.89,9.39,11.2,9.95,8.16
2025-12-17T01:28:11.638122,Recipe_C,b54cb98d-8adf-48ea-80f2-5e47b13f1b38,19,3.0,,,,10.15,7.38,11.46,11.69,7.44,10.01
2025-12-17T01:28:12.638122,Recipe_C,b54cb98d-8adf-48ea-80f2-5e47b13f1b38,19,3.0,,,,10.43,11.93,10.45,10.88,11.86,7.06
2025-12-17T01:28:13.638122,Recipe_C,b54cb98d-8adf-48ea-80f2-5e47b13f1b38,19,3.0,,,,14.63,12.75,11.63,8.68,10.67,11.31
2025-12-17T01:28:14.638122,Recipe_C,b54cb98d-8adf-48ea-80f2-5e47b13f1b38,19,3.0,,,,10.04,13.48,12.41,7.49,11.26,7.92
2025-12-17T01:28:15.638122,Recipe_C,b54cb98d-8adf-48ea-80f2-5e47b13f1b38,19,3.0,,,,11.87,12.58,7.67,6.48,10.24,8.85
2025-12-17T01:28:16.638122,Recipe_C,b54cb98d-8adf-48ea-80f2-5e47b13f1b38,19,3.0,,,,6.49,14.42,8.29,11.53,9.46,7.63
2025-12-17T01:28:17.638122,Recipe_C,b54cb98d-8adf-48ea-80f2-5e47b13f1b38,19,3.0,,,,12.37,11.72,10.3,7.59,12.18,8.47
2025-12-17T01:28:18.638122,Recipe_C,b54cb98d-8adf-48ea-80f2-5e47b13f1b38,19,3.0,,,,10.52,8.74,10.19,9.34,7.74,9.98
2025-12-17T01:28:19.638122,Recipe_C,b54cb98d-8adf-48ea-80f2-5e47b13f1b38,19,3.0,,,,7.39,8.9,10.09,13.16,9.97,8.8
2025-12-17T01:28:20.638122,Recipe_C,b54cb98d-8adf-48ea-80f2-5e47b13f1b38,19,3.0,,,,6.99,11.32,8.89,9.03,9.45,8.38
2025-12-17T01:28:21.638122,Recipe_C,b54cb98d-8adf-48ea-80f2-5e47b13f1b38,19,3.0,,,,9.43,9.4,7.93,12.03,10.42,11.53
2025-12-17T01:28:22.638122,Recipe_C,b54cb98d-8adf-48ea-80f2-5e47b13f1b38,19,3.0,,,,8.27,6.7,6.61,14.03,9.99,9.37
2025-12-17T01:28:23.638122,Recipe_C,b54cb98d-8adf-48ea-80f2-5e47b13f1b38,19,3.0,,,,12.3,11.77,8.66,8.0,9.89,10.46
2025-12-17T01:28:24.638122,Recipe_C,b54cb98d-8adf-48ea-80f2-5e47b13f1b38,19,3.0,,,,8.58,12.02,7.51,10.28,7.32,9.88
2025-12-17T01:28:25.638122,Recipe_C,b54cb98d-8adf-48ea-80f2-5e47b13f1b38,19,3.0,,,,9.72,10.99,12.04,12.9,11.98,4.81
2025-12-17T01:28:26.638122,Recipe_C,b54cb98d-8adf-48ea-80f2-5e47b13f1b38,19,1.0,,,,12.15,9.0,9.55,11.6,11.68,9.51
2025-12-17T01:28:27.638122,Recipe_C,b54cb98d-8adf-48ea-80f2-5e47b13f1b38,19,1.0,,,,13.14,9.62,11.1,10.27,8.65,10.21
2025-12-17T01:28:28.638122,Recipe_C,b54cb98d-8adf-48ea-80f2-5e47b13f1b38,19,1.0,,,,10.43,7.49,11.46,9.58,9.75,10.77
2025-12-17T01:28:29.638122,Recipe_C,b54cb98d-8adf-48ea-80f2-5e47b13f1b38,19,1.0,,,,8.33,7.65,11.45,8.77,10.88,9.35
2025-12-17T01:28:30.638122,Recipe_C,b54cb98d-8adf-48ea-80f2-5e47b13f1b38,19,1.0,,,,8.67,10.92,9.75,8.45,10.74,8.28
2025-12-17T01:28:31.638122,Recipe_C,b54cb98d-8adf-48ea-80f2-5e47b13f1b38,19,1.0,,,,6.28,8.29,9.58,11.14,10.33,11.27
2025-12-17T01:28:32.638122,Recipe_C,b54cb98d-8adf-48ea-80f2-5e47b13f1b38,19,1.0,,,,11.05,9.75,9.47,8.74,10.1,12.04
2025-12-17T01:28:33.638122,Recipe_C,b54cb98d-8adf-48ea-80f2-5e47b13f1b38,19,1.0,,,,12.92,10.54,13.18,8.64,10.77,10.12
2025-12-17T01:28:34.638122,Recipe_C,b54cb98d-8adf-48ea-80f2-5e47b13f1b38,19,1.0,,,,9.86,5.16,8.74,10.24,9.08,8.81
2025-12-17T01:28:35.638122,Recipe_C,b54cb98d-8adf-48ea-80f2-5e47b13f1b38,19,1.0,,,,14.71,9.64,11.61,7.76,11.21,10.8
2025-12-17T01:28:36.638122,Recipe_C,b54cb98d-8adf-48ea-80f2-5e47b13f1b38,19,1.0,,,,9.35,10.4,13.34,10.94,9.38,11.78
2025-12-17T01:28:37.638122,Recipe_C,b54cb98d-8adf-48ea-80f2-5e47b13f1b38,19,1.0,,,,13.9,9.24,9.37,10.61,10.31,6.85
2025-12-17T01:28:38.638122,Recipe_C,b54cb98d-8adf-48ea-80f2-5e47b13f1b38,19,1.0,,,,4.9,13.2,9.2,10.65,10.22,8.44
2025-12-17T01:28:39.638122,Recipe_C,b54cb98d-8adf-48ea-80f2-5e47b13f1b38,19,1.0,,,,12.39,13.88,10.54,14.45,12.83,7.27
2025-12-17T01:28:40.638122,Recipe_C,b54cb98d-8adf-48ea-80f2-5e47b13f1b38,19,1.0,,,,13.37,11.14,8.75,9.94,7.75,9.6
2025-12-17T01:28:41.638122,Recipe_C,b54cb98d-8adf-48ea-80f2-5e47b13f1b38,19,1.0,,,,9.99,7.54,9.54,5.86,13.14,11.4
2025-12-17T01:28:42.638122,Recipe_C,b54cb98d-8adf-48ea-80f2-5e47b13f1b38,19,1.0,,,,10.77,8.17,12.84,9.71,9.74,9.3
2025-12-17T01:28:43.638122,Recipe_C,b54cb98d-8adf-48ea-80f2-5e47b13f1b38,19,1.0,,,,10.2,9.64,10.16,7.39,8.36,8.83
2025-12-17T01:28:44.638122,Recipe_C,b54cb98d-8adf-48ea-80f2-5e47b13f1b38,19,3.0,,,,12.21,9.25,11.54,11.16,7.69,7.53
2025-12-17T01:28:45.638122,Recipe_C,b54cb98d-8adf-48ea-80f2-5e47b13f1b38,19,3.0,,,,10.16,9.33,9.45,9.44,11.35,11.41
2025-12-17T01:28:46.638122,Recipe_C,b54cb98d-8adf-48ea-80f2-5e47b13f1b38,19,3.0,,,,11.38,11.89,8.73,11.56,10.78,8.21
2025-12-17T01:28:47.638122,Recipe_C,b54cb98d-8adf-48ea-80f2-5e47b13f1b38,19,3.0,,,,12.1,13.1,14.89,6.98,8.07,11.96
2025-12-17T01:28:48.638122,Recipe_C,b54cb98d-8adf-48ea-80f2-5e47b13f1b38,19,3.0,,,,11.38,8.63,11.21,12.68,12.51,11.42
2025-12-17T01:28:49.638122,Recipe_C,b54cb98d-8adf-48ea-80f2-5e47b13f1b38,19,3.0,,,,8.66,10.17,12.02,10.48,8.26,11.64
2025-12-17T01:28:50.638122,Recipe_C,b54cb98d-8adf-48ea-80f2-5e47b13f1b38,19,3.0,,,,9.02,14.63,10.98,11.79,9.92,11.6
2025-12-17T01:28:51.638122,Recipe_C,b54cb98d-8adf-48ea-80f2-5e47b13f1b38,19,3.0,,,,8.35,10.22,8.78,11.0,11.58,13.01
2025-12-17T01:28:52.638122,Recipe_C,b54cb98d-8adf-48ea-80f2-5e47b13f1b38,19,3.0,,,,10.45,9.22,6.11,12.74,8.36,8.82
2025-12-17T01:28:53.638122,Recipe_C,b54cb98d-8adf-48ea-80f2-5e47b13f1b38,19,3.0,,,,8.17,12.84,12.29,10.15,11.7,9.63
2025-12-17T01:28:54.638122,Recipe_C,b54cb98d-8adf-48ea-80f2-5e47b13f1b38,19,3.0,,,,9.11,10.92,9.35,12.07,9.41,9.75
2025-12-17T01:28:55.638122,Recipe_C,b54cb98d-8adf-48ea-80f2-5e47b13f1b38,19,3.0,,,,9.68,7.82,7.19,11.84,12.2,10.4
2025-12-17T01:28:56.638122,Recipe_C,b54cb98d-8adf-48ea-80f2-5e47b13f1b38,19,3.0,,,,2.65,8.29,10.14,8.55,9.15,10.77
2025-12-17T01:28:57.638122,Recipe_C,b54cb98d-8adf-48ea-80f2-5e47b13f1b38,19,3.0,,,,7.92,10.95,12.8,10.96,7.88,8.41
2025-12-17T01:28:58.638122,Recipe_C,b54cb98d-8adf-48ea-80f2-5e47b13f1b38,19,3.0,,,,9.53,6.88,7.11,11.1,14.12,5.71
2025-12-17T01:28:59.638122,Recipe_C,b54cb98d-8adf-48ea-80f2-5e47b13f1b38,19,3.0,,,,9.58,8.94,11.5,10.02,11.86,7.59
2025-12-17T01:29:00.638122,Recipe_C,b54cb98d-8adf-48ea-80f2-5e47b13f1b38,19,3.0,,,,11.2,10.61,9.26,9.82,8.37,11.53
2025-12-17T01:29:01.638122,Recipe_C,b54cb98d-8adf-48ea-80f2-5e47b13f1b38,19,3.0,,,,11.66,9.93,7.21,12.91,10.22,7.9
2025-12-17T01:29:02.638122,Recipe_C,b54cb98d-8adf-48ea-80f2-5e47b13f1b38,19,3.0,,,,10.01,10.11,11.6,10.29,9.98,8.7
2025-12-17T01:29:03.638122,Recipe_C,b54cb98d-8adf-48ea-80f2-5e47b13f1b38,19,3.0,,,,12.03,5.69,8.57,9.61,11.69,12.09
2025-12-17T01:29:04.638122,Recipe_C,b54cb98d-8adf-48ea-80f2-5e47b13f1b38,19,3.0,,,,12.37,9.68,13.24,10.01,9.19,8.97
2025-12-17T01:29:05.638122,Recipe_C,b54cb98d-8adf-48ea-80f2-5e47b13f1b38,19,3.0,,,,9.92,9.29,8.96,8.65,7.87,11.21
2025-12-17T01:29:06.638122,Recipe_C,b54cb98d-8adf-48ea-80f2-5e47b13f1b38,19,3.0,,,,11.37,13.07,10.71,10.66,10.82,7.79
2025-12-17T01:29:07.638122,Recipe_C,b54cb98d-8adf-48ea-80f2-5e47b13f1b38,19,3.0,,,,12.02,10.94,9.45,12.76,10.42,11.47
2025-12-17T01:29:08.638122,Recipe_C,b54cb98d-8adf-48ea-80f2-5e47b13f1b38,19,3.0,,,,15.31,9.45,6.58,11.41,12.48,12.89
2025-12-17T01:29:09.638122,Recipe_C,b54cb98d-8adf-48ea-80f2-5e47b13f1b38,19,3.0,,,,5.79,6.8,8.16,12.81,9.09,10.73
2025-12-17T01:29:10.638122,Recipe_C,b54cb98d-8adf-48ea-80f2-5e47b13f1b38,19,3.0,,,,9.48,10.8,10.7,9.22,10.72,11.45
2025-12-17T01:29:11.638122,Recipe_C,b54cb98d-8adf-48ea-80f2-5e47b13f1b38,19,3.0,,,,8.79,11.32,8.77,10.4,9.77,11.49
2025-12-17T01:29:12.638122,Recipe_C,b54cb98d-8adf-48ea-80f2-5e47b13f1b38,19,3.0,,,,10.17,10.05,9.98,11.31,12.56,6.27
2025-12-17T01:29:13.638122,Recipe_C,b54cb98d-8adf-48ea-80f2-5e47b13f1b38,19,3.0,,,,9.78,9.8,8.85,9.5,12.0,6.51
2025-12-17T01:29:14.638122,Recipe_C,b54cb98d-8adf-48ea-80f2-5e47b13f1b38,19,3.0,,,,11.69,6.91,11.38,11.15,9.35,12.3
2025-12-17T01:29:15.638122,Recipe_C,b54cb98d-8adf-48ea-80f2-5e47b13f1b38,19,3.0,,,,9.46,8.89,9.99,10.34,8.4,8.38
2025-12-17T01:29:16.638122,Recipe_C,b54cb98d-8adf-48ea-80f2-5e47b13f1b38,19,3.0,,,,8.42,10.77,13.23,16.25,5.39,12.79
2025-12-17T01:29:17.638122,Recipe_C,b54cb98d-8adf-48ea-80f2-5e47b13f1b38,19,3.0,,,,8.67,9.05,6.41,10.44,8.52,12.5
2025-12-17T01:29:18.638122,Recipe_C,b54cb98d-8adf-48ea-80f2-5e47b13f1b38,19,3.0,,,,8.37,10.12,12.46,8.97,8.47,7.91
2025-12-17T01:29:19.638122,Recipe_C,b54cb98d-8adf-48ea-80f2-5e47b13f1b38,19,3.0,,,,9.28,8.88,9.16,11.26,15.42,13.89
2025-12-17T01:29:20.638122,Recipe_C,b54cb98d-8adf-48ea-80f2-5e47b13f1b38,19,3.0,,,,11.82,7.51,9.22,11.1,8.31,10.31
2025-12-17T01:29:21.638122,Recipe_C,b54cb98d-8adf-48ea-80f2-5e47b13f1b38,19,3.0,,,,11.41,9.85,9.38,7.9,7.44,12.13
2025-12-17T01:29:22.638122,Recipe_C,b54cb98d-8adf-48ea-80f2-5e47b13f1b38,19,3.0,,,,6.36,11.2,10.04,8.03,10.37,8.92
2025-12-17T01:29:23.638122,Recipe_C,b54cb98d-8adf-48ea-80f2-5e47b13f1b38,19,3.0,,,,11.27,9.78,10.29,12.58,9.48,9.19
2025-12-17T01:29:24.638122,Recipe_C,b54cb98d-8adf-48ea-80f2-5e47b13f1b38,19,3.0,,,,11.68,10.39,10.07,10.05,8.24,8.11
2025-12-17T01:29:25.638122,Recipe_C,b54cb98d-8adf-48ea-80f2-5e47b13f1b38,19,1.0,,,,13.26,11.62,8.21,10.59,13.54,11.88
2025-12-17T01:29:26.638122,Recipe_C,b54cb98d-8adf-48ea-80f2-5e47b13f1b38,19,1.0,,,,10.13,9.89,10.06,12.59,8.09,9.18
2025-12-17T01:29:27.638122,Recipe_C,b54cb98d-8adf-48ea-80f2-5e47b13f1b38,19,1.0,,,,11.28,7.77,9.4,11.31,9.73,11.55
2025-12-17T01:29:28.638122,Recipe_C,b54cb98d-8adf-48ea-80f2-5e47b13f1b38,19,1.0,,,,10.94,6.35,10.62,10.21,11.62,8.53
2025-12-17T01:29:29.638122,Recipe_C,b54cb98d-8adf-48ea-80f2-5e47b13f1b38,19,1.0,,,,9.47,6.12,10.23,10.61,7.18,11.36
2025-12-17T01:29:30.638122,Recipe_C,b54cb98d-8adf-48ea-80f2-5e47b13f1b38,19,1.0,,,,9.27,7.03,12.09,9.7,10.53,15.35
2025-12-17T01:29:31.638122,Recipe_C,b54cb98d-8adf-48ea-80f2-5e47b13f1b38,19,1.0,,,,10.06,8.65,5.53,11.65,13.49,8.76
2025-12-17T01:29:32.638122,Recipe_C,b54cb98d-8adf-48ea-80f2-5e47b13f1b38,19,0.0,,,,0.0,0.0,0.0,0.0,0.0,0.0
2025-12-17T01:29:33.638122,Recipe_C,b54cb98d-8adf-48ea-80f2-5e47b13f1b38,19,0.0,,,,0.0,0.0,0.0,0.0,0.0,0.0
2025-12-17T01:29:34.638122,Recipe_C,b54cb98d-8adf-48ea-80f2-5e47b13f1b38,19,0.0,,,,0.0,0.0,0.0,0.0,0.0,0.0
2025-12-17T01:29:35.638122,Recipe_C,b54cb98d-8adf-48ea-80f2-5e47b13f1b38,19,0.0,,,,0.0,0.0,0.0,0.0,0.0,0.0
2025-12-17T01:29:36.638122,Recipe_C,b54cb98d-8adf-48ea-80f2-5e47b13f1b38,19,0.0,,,,0.0,0.0,0.0,0.0,0.0,0.0
2025-12-17T01:29:37.638122,Recipe_C,b54cb98d-8adf-48ea-80f2-5e47b13f1b38,19,0.0,,,,0.0,0.0,0.0,0.0,0.0,0.0
2025-12-17T01:29:38.638122,Recipe_C,b54cb98d-8adf-48ea-80f2-5e47b13f1b38,19,0.0,,,,0.0,0.0,0.0,0.0,0.0,0.0
2025-12-17T01:29:39.638122,Recipe_C,b54cb98d-8adf-48ea-80f2-5e47b13f1b38,19,0.0,,,,0.0,0.0,0.0,0.0,0.0,0.0
2025-12-17T01:29:40.638122,Recipe_C,b54cb98d-8adf-48ea-80f2-5e47b13f1b38,19,0.0,,,,0.0,0.0,0.0,0.0,0.0,0.0
2025-12-17T01:29:41.638122,Recipe_C,b54cb98d-8adf-48ea-80f2-5e47b13f1b38,19,0.0,,,,0.0,0.0,0.0,0.0,0.0,0.0
2025-12-17T01:29:42.638122,Recipe_C,b54cb98d-8adf-48ea-80f2-5e47b13f1b38,19,4.0,,,,106.68,55.6,46.74,52.16,52.42,45.75
2025-12-17T01:29:43.638122,Recipe_C,b54cb98d-8adf-48ea-80f2-5e47b13f1b38,19,4.0,,,,98.38,58.03,47.64,48.34,58.63,51.32
2025-12-17T01:29:44.638122,Recipe_C,b54cb98d-8adf-48ea-80f2-5e47b13f1b38,19,4.0,,,,97.37,48.86,50.75,46.34,51.17,57.2
2025-12-17T01:29:45.638122,Recipe_C,b54cb98d-8adf-48ea-80f2-5e47b13f1b38,19,4.0,,,,98.82,56.2,49.58,49.43,51.24,45.83
2025-12-17T01:29:46.638122,Recipe_C,b54cb98d-8adf-48ea-80f2-5e47b13f1b38,19,4.0,,,,100.43,44.03,43.03,40.29,46.09,58.48
2025-12-17T01:29:47.638122,Recipe_C,b54cb98d-8adf-48ea-80f2-5e47b13f1b38,19,4.0,,,,105.76,56.22,54.56,41.94,51.82,52.36
2025-12-17T01:29:48.638122,Recipe_C,b54cb98d-8adf-48ea-80f2-5e47b13f1b38,19,4.0,,,,104.76,45.89,48.39,46.07,45.81,50.33
2025-12-17T01:29:49.638122,Recipe_C,b54cb98d-8adf-48ea-80f2-5e47b13f1b38,19,4.0,,,,101.71,48.46,40.58,52.27,49.22,54.92
2025-12-17T01:29:50.638122,Recipe_C,b54cb98d-8adf-48ea-80f2-5e47b13f1b38,19,4.0,,,,112.4,50.47,46.45,40.35,51.38,53.42
2025-12-17T01:29:51.638122,Recipe_C,b54cb98d-8adf-48ea-80f2-5e47b13f1b38,19,4.0,,,,99.39,37.11,59.58,49.75,53.29,55.53
2025-12-17T01:29:52.638122,Recipe_C,b54cb98d-8adf-48ea-80f2-5e47b13f1b38,19,4.0,,,,99.23,46.62,39.67,43.55,56.96,45.66
2025-12-17T01:29:53.638122,Recipe_C,b54cb98d-8adf-48ea-80f2-5e47b13f1b38,19,4.0,,,,106.77,51.79,48.03,55.66,53.01,45.13
2025-12-17T01:29:54.638122,Recipe_C,b54cb98d-8adf-48ea-80f2-5e47b13f1b38,19,4.0,,,,95.43,43.81,46.25,41.24,51.78,39.45
2025-12-17T01:29:55.638122,Recipe_C,b54cb98d-8adf-48ea-80f2-5e47b13f1b38,19,4.0,,,,100.02,51.78,45.48,52.77,40.87,53.62
2025-12-17T01:29:56.638122,Recipe_C,b54cb98d-8adf-48ea-80f2-5e47b13f1b38,19,4.0,,,,102.01,51.64,42.71,45.04,52.54,53.29
2025-12-17T01:29:57.638122,Recipe_C,b54cb98d-8adf-48ea-80f2-5e47b13f1b38,19,4.0,,,,99.76,54.03,63.84,48.16,54.12,58.66
2025-12-17T01:29:58.638122,Recipe_C,b54cb98d-8adf-48ea-80f2-5e47b13f1b38,19,4.0,,,,95.92,56.59,54.43,47.41,50.51,53.58
2025-12-17T01:29:59.638122,Recipe_C,b54cb98d-8adf-48ea-80f2-5e47b13f1b38,19,4.0,,,,99.09,54.1,53.17,51.88,57.44,43.08
2025-12-17T01:30:00.638122,Recipe_C,b54cb98d-8adf-48ea-80f2-5e47b13f1b38,19,4.0,,,,102.37,56.08,47.15,56.66,51.72,50.81
2025-12-17T01:30:01.638122,Recipe_C,b54cb98d-8adf-48ea-80f2-5e47b13f1b38,19,4.0,,,,104.07,52.03,43.05,44.4,59.69,45.15
2025-12-17T01:30:02.638122,Recipe_C,b54cb98d-8adf-48ea-80f2-5e47b13f1b38,19,4.0,,,,100.14,57.04,45.03,52.91,48.16,56.21
2025-12-17T01:30:03.638122,Recipe_C,b54cb98d-8adf-48ea-80f2-5e47b13f1b38,19,4.0,,,,106.11,53.66,42.76,50.19,45.6,48.0
2025-12-17T01:30:04.638122,Recipe_C,b54cb98d-8adf-48ea-80f2-5e47b13f1b38,19,4.0,,,,99.28,45.83,52.18,49.53,51.4,52.36
2025-12-17T01:30:05.638122,Recipe_C,b54cb98d-8adf-48ea-80f2-5e47b13f1b38,19,4.0,,,,100.69,44.6,44.71,51.05,56.96,44.44
2025-12-17T01:30:06.638122,Recipe_C,b54cb98d-8adf-48ea-80f2-5e47b13f1b38,19,4.0,,,,103.77,48.2,53.06,52.88,50.75,59.12
2025-12-17T01:30:07.638122,Recipe_C,b54cb98d-8adf-48ea-80f2-5e47b13f1b38,19,4.0,,,,104.91,46.79,50.16,51.67,49.2,41.33
2025-12-17T01:30:08.638122,Recipe_C,b54cb98d-8adf-48ea-80f2-5e47b13f1b38,19,4.0,,,,97.13,54.58,47.67,55.39,49.81,48.7
2025-12-17T01:30:09.638122,Recipe_C,b54cb98d-8adf-48ea-80f2-5e47b13f1b38,19,4.0,,,,100.79,42.57,46.25,58.42,47.09,52.21
2025-12-17T01:30:10.638122,Recipe_C,b54cb98d-8adf-48ea-80f2-5e47b13f1b38,19,4.0,,,,99.43,54.2,48.95,45.35,53.99,56.31
2025-12-17T01:30:11.638122,Recipe_C,b54cb98d-8adf-48ea-80f2-5e47b13f1b38,19,4.0,,,,97.43,50.43,45.27,42.43,46.1,51.11
2025-12-17T01:30:12.638122,Recipe_C,b54cb98d-8adf-48ea-80f2-5e47b13f1b38,19,4.0,,,,107.02,50.59,49.2,41.62,49.72,51.22
2025-12-17T01:30:13.638122,Recipe_C,b54cb98d-8adf-48ea-80f2-5e47b13f1b38,19,4.0,,,,101.5,55.72,54.89,59.55,48.26,50.14
2025-12-17T01:30:14.638122,Recipe_C,b54cb98d-8adf-48ea-80f2-5e47b13f1b38,19,4.0,,,,96.47,42.13,47.6,44.97,45.52,55.9
2025-12-17T01:30:15.638122,Recipe_C,b54cb98d-8adf-48ea-80f2-5e47b13f1b38,19,4.0,,,,102.57,43.11,49.53,42.83,54.25,51.31
2025-12-17T01:30:16.638122,Recipe_C,b54cb98d-8adf-48ea-80f2-5e47b13f1b38,19,4.0,,,,102.77,46.11,51.15,55.05,47.51,44.07
2025-12-17T01:30:17.638122,Recipe_C,b54cb98d-8adf-48ea-80f2-5e47b13f1b38,19,4.0,,,,92.8,44.38,52.89,55.98,50.85,46.47
2025-12-17T01:30:18.638122,Recipe_C,b54cb98d-8adf-48ea-80f2-5e47b13f1b38,19,4.0,,,,98.28,55.0,46.86,46.52,56.74,54.1
2025-12-17T01:30:19.638122,Recipe_C,b54cb98d-8adf-48ea-80f2-5e47b13f1b38,19,4.0,,,,92.29,51.52,41.46,55.01,50.46,62.79
2025-12-17T01:30:20.638122,Recipe_C,b54cb98d-8adf-48ea-80f2-5e47b13f1b38,19,4.0,,,,95.74,51.96,50.97,44.23,53.8,50.42
2025-12-17T01:30:21.638122,Recipe_C,b54cb98d-8adf-48ea-80f2-5e47b13f1b38,19,4.0,,,,103.48,37.78,56.07,49.09,54.4,55.81
2025-12-17T01:30:22.638122,Recipe_C,b54cb98d-8adf-48ea-80f2-5e47b13f1b38,19,4.0,,,,102.64,43.64,50.51,57.65,52.22,46.07
2025-12-17T01:30:23.638122,Recipe_C,b54cb98d-8adf-48ea-80f2-5e47b13f1b38,19,4.0,,,,109.59,49.82,48.93,45.58,51.77,55.32
2025-12-17T01:30:24.638122,Recipe_C,b54cb98d-8adf-48ea-80f2-5e47b13f1b38,19,4.0,,,,103.57,53.4,44.34,44.51,47.88,43.96
2025-12-17T01:30:25.638122,Recipe_C,b54cb98d-8adf-48ea-80f2-5e47b13f1b38,19,4.0,,,,98.04,48.9,54.9,39.58,43.2,54.07
2025-12-17T01:30:26.638122,Recipe_C,b54cb98d-8adf-48ea-80f2-5e47b13f1b38,19,4.0,,,,99.24,51.42,55.56,53.3,44.05,54.52
2025-12-17T01:30:27.638122,Recipe_C,b54cb98d-8adf-48ea-80f2-5e47b13f1b38,19,4.0,,,,96.04,61.31,45.28,57.4,52.27,48.07
2025-12-17T01:30:28.638122,Recipe_C,b54cb98d-8adf-48ea-80f2-5e47b13f1b38,19,4.0,,,,91.83,54.35,49.42,52.16,55.09,43.01
2025-12-17T01:30:29.638122,Recipe_C,b54cb98d-8adf-48ea-80f2-5e47b13f1b38,19,4.0,,,,104.46,48.3,49.0,45.72,58.37,45.2
2025-12-17T01:30:30.638122,Recipe_C,b54cb98d-8adf-48ea-80f2-5e47b13f1b38,19,4.0,,,,101.59,42.91,53.89,43.23,44.09,45.63
2025-12-17T01:30:31.638122,Recipe_C,b54cb98d-8adf-48ea-80f2-5e47b13f1b38,19,4.0,,,,96.08,50.49,51.13,47.09,51.95,44.5
2025-12-17T01:30:32.638122,Recipe_C,b54cb98d-8adf-48ea-80f2-5e47b13f1b38,19,4.0,,,,100.87,53.23,50.69,62.23,58.88,46.73
2025-12-17T01:30:33.638122,Recipe_C,b54cb98d-8adf-48ea-80f2-5e47b13f1b38,19,4.0,,,,97.44,51.73,50.18,50.06,48.66,57.79
2025-12-17T01:30:34.638122,Recipe_C,b54cb98d-8adf-48ea-80f2-5e47b13f1b38,19,4.0,,,,105.35,43.67,47.82,48.58,43.73,42.0
2025-12-17T01:30:35.638122,Recipe_C,b54cb98d-8adf-48ea-80f2-5e47b13f1b38,19,4.0,,,,96.43,53.81,54.9,50.19,46.07,51.31
2025-12-17T01:30:36.638122,Recipe_C,b54cb98d-8adf-48ea-80f2-5e47b13f1b38,19,4.0,,,,93.51,44.85,57.91,47.99,46.67,54.74
2025-12-17T01:30:37.638122,Recipe_C,b54cb98d-8adf-48ea-80f2-5e47b13f1b38,19,4.0,,,,106.65,45.69,47.91,44.83,53.69,49.94
2025-12-17T01:30:38.638122,Recipe_C,b54cb98d-8adf-48ea-80f2-5e47b13f1b38,19,4.0,,,,93.11,47.75,46.59,57.5,42.2,51.93
2025-12-17T01:30:39.638122,Recipe_C,b54cb98d-8adf-48ea-80f2-5e47b13f1b38,19,4.0,,,,106.86,54.78,47.95,38.82,47.61,45.35
2025-12-17T01:30:40.638122,Recipe_C,b54cb98d-8adf-48ea-80f2-5e47b13f1b38,19,4.0,,,,101.18,52.85,47.01,44.15,57.29,59.47
2025-12-17T01:30:41.638122,Recipe_C,b54cb98d-8adf-48ea-80f2-5e47b13f1b38,19,4.0,,,,104.3,50.12,55.51,53.33,53.12,46.76
2025-12-17T01:30:42.638122,Recipe_C,b54cb98d-8adf-48ea-80f2-5e47b13f1b38,19,4.0,,,,103.68,39.12,49.31,45.78,47.91,57.07
2025-12-17T01:30:43.638122,Recipe_C,b54cb98d-8adf-48ea-80f2-5e47b13f1b38,19,4.0,,,,99.69,47.5,52.54,51.42,48.33,43.41
2025-12-17T01:30:44.638122,Recipe_C,b54cb98d-8adf-48ea-80f2-5e47b13f1b38,19,4.0,,,,100.66,53.5,60.25,51.01,46.35,59.21
2025-12-17T01:30:45.638122,Recipe_C,b54cb98d-8adf-48ea-80f2-5e47b13f1b38,19,4.0,,,,103.1,51.94,58.63,52.17,45.58,48.92
2025-12-17T01:30:46.638122,Recipe_C,b54cb98d-8adf-48ea-80f2-5e47b13f1b38,19,4.0,,,,104.76,43.09,54.94,50.37,43.05,48.48
2025-12-17T01:30:47.638122,Recipe_C,b54cb98d-8adf-48ea-80f2-5e47b13f1b38,19,4.0,,,,95.67,49.39,55.78,41.46,50.92,52.12
2025-12-17T01:30:48.638122,Recipe_C,b54cb98d-8adf-48ea-80f2-5e47b13f1b38,19,4.0,,,,91.76,56.63,54.01,43.05,47.59,52.01
2025-12-17T01:30:49.638122,Recipe_C,b54cb98d-8adf-48ea-80f2-5e47b13f1b38,19,4.0,,,,101.71,47.82,43.32,41.9,57.4,53.52
2025-12-17T01:30:50.638122,Recipe_C,b54cb98d-8adf-48ea-80f2-5e47b13f1b38,19,4.0,,,,101.46,44.13,44.9,44.45,48.18,51.78
2025-12-17T01:30:51.638122,Recipe_C,b54cb98d-8adf-48ea-80f2-5e47b13f1b38,19,4.0,,,,98.56,49.07,37.31,39.28,59.29,53.19
2025-12-17T01:30:52.638122,Recipe_C,b54cb98d-8adf-48ea-80f2-5e47b13f1b38,19,4.0,,,,100.1,55.85,53.26,50.62,47.39,48.59
2025-12-17T01:30:53.638122,Recipe_C,b54cb98d-8adf-48ea-80f2-5e47b13f1b38,19,4.0,,,,93.5,49.46,47.15,41.66,56.94,46.25
2025-12-17T01:30:54.638122,Recipe_C,b54cb98d-8adf-48ea-80f2-5e47b13f1b38,19,1.0,,,,7.99,7.53,11.46,8.85,6.17,10.18
2025-12-17T01:30:55.638122,Recipe_C,b54cb98d-8adf-48ea-80f2-5e47b13f1b38,19,1.0,,,,9.41,8.38,12.4,12.67,8.62,12.99
2025-12-17T01:30:56.638122,Recipe_C,b54cb98d-8adf-48ea-80f2-5e47b13f1b38,19,1.0,,,,8.63,10.8,7.44,11.63,9.3,8.37
2025-12-17T01:30:57.638122,Recipe_C,b54cb98d-8adf-48ea-80f2-5e47b13f1b38,19,1.0,,,,11.5,8.4,11.79,13.54,12.55,7.41
2025-12-17T01:30:58.638122,Recipe_C,b54cb98d-8adf-48ea-80f2-5e47b13f1b38,19,1.0,,,,9.09,11.48,7.93,11.82,13.68,7.96
2025-12-17T01:30:59.638122,Recipe_C,b54cb98d-8adf-48ea-80f2-5e47b13f1b38,19,1.0,,,,13.44,10.13,7.88,5.55,10.33,11.49
2025-12-17T01:31:00.638122,Recipe_C,b54cb98d-8adf-48ea-80f2-5e47b13f1b38,19,1.0,,,,8.78,7.2,9.16,8.64,11.83,13.26
2025-12-17T01:31:01.638122,Recipe_C,b54cb98d-8adf-48ea-80f2-5e47b13f1b38,19,1.0,,,,8.0,9.27,10.58,10.95,9.74,12.97
2025-12-17T01:31:02.638122,Recipe_C,b54cb98d-8adf-48ea-80f2-5e47b13f1b38,19,1.0,,,,11.42,10.59,8.15,11.56,9.64,11.34
2025-12-17T01:31:03.638122,Recipe_C,b54cb98d-8adf-48ea-80f2-5e47b13f1b38,19,1.0,,,,10.77,12.05,9.54,11.4,9.99,11.65
2025-12-17T01:31:04.638122,Recipe_C,b54cb98d-8adf-48ea-80f2-5e47b13f1b38,19,1.0,,,,11.6,10.64,13.55,7.77,9.27,11.91
2025-12-17T01:31:05.638122,Recipe_C,b54cb98d-8adf-48ea-80f2-5e47b13f1b38,19,1.0,,,,13.55,6.37,8.88,12.14,7.08,12.05
2025-12-17T01:31:06.638122,Recipe_C,b54cb98d-8adf-48ea-80f2-5e47b13f1b38,19,1.0,,,,10.05,12.58,9.97,7.85,10.31,11.49
2025-12-17T01:31:07.638122,Recipe_C,b54cb98d-8adf-48ea-80f2-5e47b13f1b38,19,1.0,,,,10.6,11.5,12.31,13.32,9.9,10.36
2025-12-17T01:31:07.638122,Recipe_C,b54cb98d-8adf-48ea-80f2-5e47b13f1b38,19,1.0,Warning_3,Simulated Warning occurred,Warning,,,,,,
2025-12-17T01:31:08.638122,Recipe_C,b54cb98d-8adf-48ea-80f2-5e47b13f1b38,19,3.0,,,,7.94,10.61,14.69,7.7,11.71,13.79
2025-12-17T01:31:09.638122,Recipe_C,b54cb98d-8adf-48ea-80f2-5e47b13f1b38,19,3.0,,,,12.92,11.38,8.54,10.74,10.08,10.73
2025-12-17T01:31:10.638122,Recipe_C,b54cb98d-8adf-48ea-80f2-5e47b13f1b38,19,3.0,,,,9.1,14.39,8.81,11.42,8.16,9.48
2025-12-17T01:31:11.638122,Recipe_C,b54cb98d-8adf-48ea-80f2-5e47b13f1b38,19,3.0,,,,9.8,9.65,7.93,8.44,11.43,12.29
2025-12-17T01:31:12.638122,Recipe_C,b54cb98d-8adf-48ea-80f2-5e47b13f1b38,19,2.0,,,,9.07,6.68,7.03,13.52,10.77,11.05
2025-12-17T01:31:13.638122,Recipe_C,b54cb98d-8adf-48ea-80f2-5e47b13f1b38,19,2.0,,,,7.63,9.06,7.61,12.56,8.36,10.9
2025-12-17T01:31:14.638122,Recipe_C,b54cb98d-8adf-48ea-80f2-5e47b13f1b38,19,2.0,,,,13.93,11.03,10.05,9.63,10.77,10.67
2025-12-17T01:31:15.638122,Recipe_C,b54cb98d-8adf-48ea-80f2-5e47b13f1b38,19,2.0,,,,10.65,9.66,9.61,9.51,11.1,10.28
2025-12-17T01:31:16.638122,Recipe_C,b54cb98d-8adf-48ea-80f2-5e47b13f1b38,19,2.0,,,,7.81,9.63,11.85,11.4,8.56,13.83
2025-12-17T01:31:17.638122,Recipe_C,b54cb98d-8adf-48ea-80f2-5e47b13f1b38,19,2.0,,,,10.83,10.75,9.41,10.78,12.02,10.13
2025-12-17T01:31:18.638122,Recipe_C,b54cb98d-8adf-48ea-80f2-5e47b13f1b38,19,2.0,,,,11.76,8.11,8.97,9.95,8.72,9.37
2025-12-17T01:31:19.638122,Recipe_C,b54cb98d-8adf-48ea-80f2-5e47b13f1b38,19,2.0,,,,10.36,8.63,10.91,14.08,11.44,12.45
2025-12-17T01:31:20.638122,Recipe_C,b54cb98d-8adf-48ea-80f2-5e47b13f1b38,19,2.0,,,,9.52,11.65,7.67,11.36,11.48,11.8
2025-12-17T01:31:21.638122,Recipe_C,b54cb98d-8adf-48ea-80f2-5e47b13f1b38,19,2.0,,,,9.23,9.31,10.19,9.39,9.81,9.44
2025-12-17T01:31:22.638122,Recipe_C,b54cb98d-8adf-48ea-80f2-5e47b13f1b38,19,2.0,,,,10.84,10.06,7.59,12.45,9.59,11.22
2025-12-17T01:31:23.638122,Recipe_C,b54cb98d-8adf-48ea-80f2-5e47b13f1b38,19,2.0,,,,3.09,8.78,9.6,9.06,11.66,8.64
2025-12-17T01:31:24.638122,Recipe_C,b54cb98d-8adf-48ea-80f2-5e47b13f1b38,19,2.0,,,,8.83,12.84,7.85,10.78,9.19,10.23
2025-12-17T01:31:25.638122,Recipe_C,b54cb98d-8adf-48ea-80f2-5e47b13f1b38,19,2.0,,,,7.39,7.99,10.12,9.35,10.27,7.45
2025-12-17T01:31:26.638122,Recipe_C,b54cb98d-8adf-48ea-80f2-5e47b13f1b38,19,2.0,,,,8.25,10.73,13.23,12.13,5.96,6.62
2025-12-17T01:31:27.638122,Recipe_C,b54cb98d-8adf-48ea-80f2-5e47b13f1b38,19,2.0,,,,6.86,9.57,10.51,12.04,10.34,6.12
2025-12-17T01:31:28.638122,Recipe_C,b54cb98d-8adf-48ea-80f2-5e47b13f1b38,19,2.0,,,,10.58,11.98,12.21,8.32,6.98,10.62
2025-12-17T01:31:29.638122,Recipe_C,b54cb98d-8adf-48ea-80f2-5e47b13f1b38,19,2.0,,,,9.88,7.84,11.73,9.7,8.98,5.49
2025-12-17T01:31:30.638122,Recipe_C,b54cb98d-8adf-48ea-80f2-5e47b13f1b38,19,2.0,,,,12.41,10.93,11.88,8.47,8.46,10.92
2025-12-17T01:31:31.638122,Recipe_C,b54cb98d-8adf-48ea-80f2-5e47b13f1b38,19,2.0,,,,8.33,8.65,12.14,8.85,4.88,11.01
2025-12-17T01:31:32.638122,Recipe_C,b54cb98d-8adf-48ea-80f2-5e47b13f1b38,19,2.0,,,,10.85,9.22,7.84,11.52,5.55,10.04
2025-12-17T01:31:33.638122,Recipe_C,b54cb98d-8adf-48ea-80f2-5e47b13f1b38,19,2.0,,,,9.21,10.08,9.0,9.81,7.49,6.05
2025-12-17T01:31:34.638122,Recipe_C,b54cb98d-8adf-48ea-80f2-5e47b13f1b38,19,2.0,,,,11.35,11.2,12.47,8.69,8.58,9.94
2025-12-17T01:31:35.638122,Recipe_C,b54cb98d-8adf-48ea-80f2-5e47b13f1b38,19,2.0,,,,10.42,10.44,10.73,10.18,10.19,8.12
2025-12-17T01:31:36.638122,Recipe_C,b54cb98d-8adf-48ea-80f2-5e47b13f1b38,19,2.0,,,,12.27,9.31,8.78,11.36,10.47,8.27
2025-12-17T01:31:37.638122,Recipe_C,b54cb98d-8adf-48ea-80f2-5e47b13f1b38,19,2.0,,,,6.08,10.25,12.73,10.63,11.22,9.16
2025-12-17T01:31:38.638122,Recipe_C,b54cb98d-8adf-48ea-80f2-5e47b13f1b38,19,2.0,,,,7.66,12.73,13.04,9.05,13.13,13.76
2025-12-17T01:31:39.638122,Recipe_C,b54cb98d-8adf-48ea-80f2-5e47b13f1b38,19,2.0,,,,8.52,12.6,12.18,11.02,7.23,5.59
2025-12-17T01:31:40.638122,Recipe_C,b54cb98d-8adf-48ea-80f2-5e47b13f1b38,19,2.0,,,,10.03,7.56,10.65,12.6,9.39,12.59
2025-12-17T01:31:41.638122,Recipe_C,b54cb98d-8adf-48ea-80f2-5e47b13f1b38,19,2.0,,,,8.17,12.33,9.4,11.38,11.13,13.15
2025-12-17T01:31:42.638122,Recipe_C,b54cb98d-8adf-48ea-80f2-5e47b13f1b38,19,2.0,,,,9.36,7.02,11.06,13.13,12.72,8.1
2025-12-17T01:31:43.638122,Recipe_C,b54cb98d-8adf-48ea-80f2-5e47b13f1b38,19,2.0,,,,8.82,9.26,11.07,10.71,8.43,8.84
2025-12-17T01:31:44.638122,Recipe_C,b54cb98d-8adf-48ea-80f2-5e47b13f1b38,19,2.0,,,,10.29,10.62,11.05,10.39,9.88,9.93
2025-12-17T01:31:45.638122,Recipe_C,b54cb98d-8adf-48ea-80f2-5e47b13f1b38,19,2.0,,,,11.92,9.82,10.83,9.01,8.71,9.64
2025-12-17T01:31:46.638122,Recipe_C,b54cb98d-8adf-48ea-80f2-5e47b13f1b38,19,2.0,,,,9.3,15.76,10.39,11.95,9.71,8.78
2025-12-17T01:31:47.638122,Recipe_C,b54cb98d-8adf-48ea-80f2-5e47b13f1b38,19,2.0,,,,10.18,6.78,8.29,9.51,11.69,7.83
2025-12-17T01:31:48.638122,Recipe_C,b54cb98d-8adf-48ea-80f2-5e47b13f1b38,19,2.0,,,,8.61,12.6,10.19,6.49,12.87,9.98
2025-12-17T01:31:49.638122,Recipe_C,b54cb98d-8adf-48ea-80f2-5e47b13f1b38,19,2.0,,,,9.77,11.05,11.74,12.68,6.67,8.65
2025-12-17T01:31:50.638122,Recipe_C,b54cb98d-8adf-48ea-80f2-5e47b13f1b38,19,2.0,,,,10.16,11.82,7.26,8.71,13.41,10.21
2025-12-17T01:31:51.638122,Recipe_C,b54cb98d-8adf-48ea-80f2-5e47b13f1b38,19,2.0,,,,11.66,7.28,10.62,13.09,6.96,8.61
2025-12-17T01:31:51.638122,Recipe_C,b54cb98d-8adf-48ea-80f2-5e47b13f1b38,19,2.0,Warning_6,Simulated Warning occurred,Warning,,,,,,
2025-12-17T01:31:52.638122,Recipe_C,b54cb98d-8adf-48ea-80f2-5e47b13f1b38,19,2.0,,,,8.91,9.37,9.44,11.02,10.64,10.88
2025-12-17T01:31:53.638122,Recipe_C,b54cb98d-8adf-48ea-80f2-5e47b13f1b38,19,2.0,,,,11.47,9.46,12.08,6.29,8.61,13.22
2025-12-17T01:31:54.638122,Recipe_C,b54cb98d-8adf-48ea-80f2-5e47b13f1b38,19,2.0,,,,9.45,8.02,12.17,12.9,10.41,11.86
2025-12-17T01:31:55.638122,Recipe_C,b54cb98d-8adf-48ea-80f2-5e47b13f1b38,19,2.0,,,,8.42,12.5,8.46,14.21,8.13,9.7
2025-12-17T01:31:56.638122,Recipe_C,b54cb98d-8adf-48ea-80f2-5e47b13f1b38,19,2.0,,,,7.77,6.2,8.65,7.45,10.5,10.46
2025-12-17T01:31:57.638122,Recipe_C,b54cb98d-8adf-48ea-80f2-5e47b13f1b38,19,2.0,,,,11.69,6.69,9.26,9.63,11.98,11.28
2025-12-17T01:31:58.638122,Recipe_C,b54cb98d-8adf-48ea-80f2-5e47b13f1b38,19,2.0,,,,4.3,8.62,10.68,10.56,7.74,12.94
2025-12-17T01:31:59.638122,Recipe_C,b54cb98d-8adf-48ea-80f2-5e47b13f1b38,19,2.0,,,,11.76,9.55,10.55,9.72,12.3,12.06
2025-12-17T01:32:00.638122,Recipe_C,b54cb98d-8adf-48ea-80f2-5e47b13f1b38,19,2.0,,,,10.86,10.32,8.59,10.33,8.35,12.86
2025-12-17T01:32:01.638122,Recipe_C,b54cb98d-8adf-48ea-80f2-5e47b13f1b38,19,2.0,,,,8.34,14.54,8.74,9.71,12.46,14.02
2025-12-17T01:32:02.638122,Recipe_C,b54cb98d-8adf-48ea-80f2-5e47b13f1b38,19,2.0,,,,11.72,9.16,7.77,9.97,8.68,8.17
2025-12-17T01:32:03.638122,Recipe_C,b54cb98d-8adf-48ea-80f2-5e47b13f1b38,19,2.0,,,,8.05,8.67,9.71,11.76,11.75,10.14
2025-12-17T01:32:04.638122,Recipe_C,b54cb98d-8adf-48ea-80f2-5e47b13f1b38,19,2.0,,,,9.89,9.38,7.66,10.0,10.69,10.23
2025-12-17T01:32:05.638122,Recipe_C,b54cb98d-8adf-48ea-80f2-5e47b13f1b38,19,2.0,,,,7.04,9.73,15.34,3.96,10.16,10.03
2025-12-17T01:32:06.638122,Recipe_C,b54cb98d-8adf-48ea-80f2-5e47b13f1b38,19,2.0,,,,7.56,8.74,12.25,12.79,12.08,10.41
2025-12-17T01:32:07.638122,Recipe_C,b54cb98d-8adf-48ea-80f2-5e47b13f1b38,19,2.0,,,,6.62,7.3,8.57,8.4,11.52,10.17
2025-12-17T01:32:08.638122,Recipe_C,b54cb98d-8adf-48ea-80f2-5e47b13f1b38,19,2.0,,,,12.16,11.22,13.07,9.69,9.47,6.34
2025-12-17T01:32:09.638122,Recipe_C,b54cb98d-8adf-48ea-80f2-5e47b13f1b38,19,2.0,,,,11.67,6.65,9.87,7.96,6.59,10.97
2025-12-17T01:32:10.638122,Recipe_C,b54cb98d-8adf-48ea-80f2-5e47b13f1b38,19,2.0,,,,7.52,8.65,8.38,12.64,10.88,13.25
2025-12-17T01:32:11.638122,Recipe_C,b54cb98d-8adf-48ea-80f2-5e47b13f1b38,19,2.0,,,,8.69,7.33,15.55,13.4,7.65,7.31
2025-12-17T01:32:12.638122,Recipe_C,b54cb98d-8adf-48ea-80f2-5e47b13f1b38,19,1.0,,,,9.25,11.26,10.14,11.97,10.45,10.05
2025-12-17T01:32:13.638122,Recipe_C,b54cb98d-8adf-48ea-80f2-5e47b13f1b38,19,1.0,,,,8.77,12.82,9.57,11.04,6.08,9.57
2025-12-17T01:32:14.638122,Recipe_C,b54cb98d-8adf-48ea-80f2-5e47b13f1b38,19,1.0,,,,8.45,11.19,9.45,8.21,8.98,11.23
2025-12-17T01:32:15.638122,Recipe_C,b54cb98d-8adf-48ea-80f2-5e47b13f1b38,19,1.0,,,,5.09,7.68,9.54,9.29,9.73,7.67
2025-12-17T01:32:16.638122,Recipe_C,b54cb98d-8adf-48ea-80f2-5e47b13f1b38,19,1.0,,,,6.55,15.22,10.96,7.79,10.14,9.32
2025-12-17T01:32:17.638122,Recipe_C,b54cb98d-8adf-48ea-80f2-5e47b13f1b38,19,1.0,,,,8.62,11.69,11.49,11.1,9.05,12.65
2025-12-17T01:32:18.638122,Recipe_C,b54cb98d-8adf-48ea-80f2-5e47b13f1b38,19,1.0,,,,11.5,10.33,10.06,11.46,12.12,7.48
2025-12-17T01:32:19.638122,Recipe_C,b54cb98d-8adf-48ea-80f2-5e47b13f1b38,19,1.0,,,,9.36,8.72,11.64,9.99,8.03,11.21
2025-12-17T01:32:20.638122,Recipe_C,b54cb98d-8adf-48ea-80f2-5e47b13f1b38,19,1.0,,,,13.52,11.74,13.02,9.34,8.36,13.13
2025-12-17T01:32:21.638122,Recipe_C,b54cb98d-8adf-48ea-80f2-5e47b13f1b38,19,1.0,,,,10.33,14.06,9.43,10.57,12.16,7.87
2025-12-17T01:32:22.638122,Recipe_C,b54cb98d-8adf-48ea-80f2-5e47b13f1b38,19,1.0,,,,11.62,10.49,8.86,6.73,11.46,8.6
2025-12-17T01:32:23.638122,Recipe_C,b54cb98d-8adf-48ea-80f2-5e47b13f1b38,19,1.0,,,,12.57,11.55,6.44,10.76,6.51,7.54
2025-12-17T01:32:24.638122,Recipe_C,b54cb98d-8adf-48ea-80f2-5e47b13f1b38,19,1.0,,,,11.09,11.47,8.4,9.31,9.3,12.14
2025-12-17T01:32:25.638122,Recipe_C,b54cb98d-8adf-48ea-80f2-5e47b13f1b38,19,1.0,,,,9.77,12.71,13.03,9.63,14.3,9.39
2025-12-17T01:32:26.638122,Recipe_C,b54cb98d-8adf-48ea-80f2-5e47b13f1b38,19,1.0,,,,11.52,10.25,7.5,12.22,11.35,10.39
2025-12-17T01:32:27.638122,Recipe_C,b54cb98d-8adf-48ea-80f2-5e47b13f1b38,19,1.0,,,,8.57,10.53,10.78,10.3,8.35,10.94
2025-12-17T01:32:28.638122,Recipe_C,b54cb98d-8adf-48ea-80f2-5e47b13f1b38,19,1.0,,,,10.49,8.13,12.53,9.44,9.7,11.3
2025-12-17T01:32:29.638122,Recipe_C,b54cb98d-8adf-48ea-80f2-5e47b13f1b38,19,1.0,,,,10.22,10.74,11.28,10.15,9.4,12.23
2025-12-17T01:32:30.638122,Recipe_C,b54cb98d-8adf-48ea-80f2-5e47b13f1b38,19,1.0,,,,9.06,10.82,7.95,9.45,10.75,9.08
2025-12-17T01:32:31.638122,Recipe_C,b54cb98d-8adf-48ea-80f2-5e47b13f1b38,19,1.0,,,,5.89,9.5,9.14,9.34,9.71,11.43
2025-12-17T01:32:32.638122,Recipe_C,b54cb98d-8adf-48ea-80f2-5e47b13f1b38,19,1.0,,,,9.3,11.49,7.29,9.58,9.41,8.7
2025-12-17T01:32:33.638122,Recipe_C,b54cb98d-8adf-48ea-80f2-5e47b13f1b38,19,1.0,,,,12.43,9.48,4.03,6.59,7.96,11.79
2025-12-17T01:32:34.638122,Recipe_C,b54cb98d-8adf-48ea-80f2-5e47b13f1b38,19,1.0,,,,8.44,7.49,8.11,9.23,13.12,8.79
2025-12-17T01:32:35.638122,Recipe_C,b54cb98d-8adf-48ea-80f2-5e47b13f1b38,19,1.0,,,,10.56,7.16,8.03,11.89,10.97,11.15
2025-12-17T01:32:36.638122,Recipe_C,b54cb98d-8adf-48ea-80f2-5e47b13f1b38,19,1.0,,,,13.04,8.55,11.64,10.78,11.65,9.45
2025-12-17T01:32:37.638122,Recipe_C,b54cb98d-8adf-48ea-80f2-5e47b13f1b38,19,1.0,,,,11.42,9.65,10.72,10.01,8.21,9.52
2025-12-17T01:32:38.638122,Recipe_C,b54cb98d-8adf-48ea-80f2-5e47b13f1b38,19,1.0,,,,10.95,12.03,9.33,9.84,8.05,9.22
2025-12-17T01:32:39.638122,Recipe_C,b54cb98d-8adf-48ea-80f2-5e47b13f1b38,19,1.0,,,,9.38,11.33,6.37,6.95,12.24,11.1
2025-12-17T01:32:40.638122,Recipe_C,b54cb98d-8adf-48ea-80f2-5e47b13f1b38,19,1.0,,,,8.73,10.64,12.88,14.35,12.0,8.27
2025-12-17T01:32:41.638122,Recipe_C,b54cb98d-8adf-48ea-80f2-5e47b13f1b38,19,1.0,,,,10.98,9.69,7.16,9.78,8.69,5.23
2025-12-17T01:32:42.638122,Recipe_C,b54cb98d-8adf-48ea-80f2-5e47b13f1b38,19,1.0,,,,9.78,9.39,11.87,11.09,8.58,8.88
2025-12-17T01:32:43.638122,Recipe_C,b54cb98d-8adf-48ea-80f2-5e47b13f1b38,19,1.0,,,,12.9,10.64,13.86,12.04,10.04,7.45
2025-12-17T01:32:44.638122,Recipe_C,b54cb98d-8adf-48ea-80f2-5e47b13f1b38,19,1.0,,,,9.77,9.4,10.83,7.9,8.57,5.05
2025-12-17T01:32:45.638122,Recipe_C,b54cb98d-8adf-48ea-80f2-5e47b13f1b38,19,1.0,,,,9.79,10.72,12.51,8.92,8.6,6.64
2025-12-17T01:32:46.638122,Recipe_C,b54cb98d-8adf-48ea-80f2-5e47b13f1b38,19,1.0,,,,9.86,8.8,7.76,12.84,7.82,9.79
2025-12-17T01:32:47.638122,Recipe_C,b54cb98d-8adf-48ea-80f2-5e47b13f1b38,19,1.0,,,,15.44,9.84,9.0,10.22,7.59,15.72
2025-12-17T01:32:48.638122,Recipe_C,b54cb98d-8adf-48ea-80f2-5e47b13f1b38,19,1.0,,,,12.46,10.05,14.54,10.88,14.4,7.83
2025-12-17T01:32:49.638122,Recipe_C,b54cb98d-8adf-48ea-80f2-5e47b13f1b38,19,1.0,,,,9.94,7.56,4.97,11.58,8.01,8.6
2025-12-17T01:32:50.638122,Recipe_C,b54cb98d-8adf-48ea-80f2-5e47b13f1b38,19,1.0,,,,9.02,10.98,8.3,10.96,11.23,10.62
2025-12-17T01:32:50.638122,Recipe_C,b54cb98d-8adf-48ea-80f2-5e47b13f1b38,19,1.0,Warning_6,Simulated Warning occurred,Warning,,,,,,
2025-12-17T01:32:51.638122,Recipe_C,b54cb98d-8adf-48ea-80f2-5e47b13f1b38,19,1.0,,,,10.43,7.39,10.71,9.7,11.53,10.42
2025-12-17T01:32:52.638122,Recipe_C,b54cb98d-8adf-48ea-80f2-5e47b13f1b38,19,1.0,,,,7.91,10.9,9.49,8.95,10.87,7.85
2025-12-17T01:32:53.638122,Recipe_C,b54cb98d-8adf-48ea-80f2-5e47b13f1b38,19,1.0,,,,12.43,12.09,12.28,10.05,7.82,10.04
2025-12-17T01:32:54.638122,Recipe_C,b54cb98d-8adf-48ea-80f2-5e47b13f1b38,19,1.0,,,,9.06,10.05,10.21,13.79,9.39,7.87
2025-12-17T01:32:55.638122,Recipe_C,b54cb98d-8adf-48ea-80f2-5e47b13f1b38,19,1.0,,,,10.78,9.16,11.84,10.7,8.21,12.64
2025-12-17T01:32:56.638122,Recipe_C,b54cb98d-8adf-48ea-80f2-5e47b13f1b38,19,1.0,,,,9.69,11.49,11.78,10.19,8.95,7.31
2025-12-17T01:32:57.638122,Recipe_C,b54cb98d-8adf-48ea-80f2-5e47b13f1b38,19,1.0,,,,10.8,12.52,11.77,12.65,10.03,13.54
2025-12-17T01:32:58.638122,Recipe_C,b54cb98d-8adf-48ea-80f2-5e47b13f1b38,19,1.0,,,,11.5,10.19,8.82,11.91,9.73,10.89
2025-12-17T01:32:59.638122,Recipe_C,b54cb98d-8adf-48ea-80f2-5e47b13f1b38,19,1.0,,,,10.06,10.18,8.79,8.99,11.46,10.21
2025-12-17T01:33:00.638122,Recipe_C,b54cb98d-8adf-48ea-80f2-5e47b13f1b38,19,1.0,,,,12.48,12.6,9.28,13.24,9.17,10.89
2025-12-17T01:33:01.638122,Recipe_C,b54cb98d-8adf-48ea-80f2-5e47b13f1b38,19,1.0,,,,8.13,14.01,8.08,9.52,9.4,11.77
2025-12-17T01:33:02.638122,Recipe_C,b54cb98d-8adf-48ea-80f2-5e47b13f1b38,19,2.0,,,,13.75,7.23,11.1,9.02,8.49,11.65
2025-12-17T01:33:03.638122,Recipe_C,b54cb98d-8adf-48ea-80f2-5e47b13f1b38,19,2.0,,,,11.74,12.39,10.56,11.99,7.5,14.57
2025-12-17T01:33:04.638122,Recipe_C,b54cb98d-8adf-48ea-80f2-5e47b13f1b38,19,2.0,,,,11.33,11.19,10.8,8.82,11.41,8.1
2025-12-17T01:33:05.638122,Recipe_C,b54cb98d-8adf-48ea-80f2-5e47b13f1b38,19,2.0,,,,12.54,7.56,9.67,9.29,6.17,12.14
2025-12-17T01:33:06.638122,Recipe_C,b54cb98d-8adf-48ea-80f2-5e47b13f1b38,19,2.0,,,,7.9,7.73,11.13,7.94,10.94,10.0
2025-12-17T01:33:07.638122,Recipe_C,b54cb98d-8adf-48ea-80f2-5e47b13f1b38,19,2.0,,,,7.61,10.46,10.73,11.23,10.12,9.3
2025-12-17T01:33:08.638122,Recipe_C,b54cb98d-8adf-48ea-80f2-5e47b13f1b38,19,2.0,,,,9.69,8.56,10.27,10.15,7.69,8.96
2025-12-17T01:33:09.638122,Recipe_C,b54cb98d-8adf-48ea-80f2-5e47b13f1b38,19,2.0,,,,14.05,6.66,10.76,9.6,9.38,8.03
2025-12-17T01:33:10.638122,Recipe_C,b54cb98d-8adf-48ea-80f2-5e47b13f1b38,19,2.0,,,,6.45,12.42,9.36,10.56,9.72,10.05
2025-12-17T01:33:11.638122,Recipe_C,b54cb98d-8adf-48ea-80f2-5e47b13f1b38,19,2.0,,,,8.38,10.53,7.43,13.29,10.16,10.02
2025-12-17T01:33:12.638122,Recipe_C,b54cb98d-8adf-48ea-80f2-5e47b13f1b38,19,2.0,,,,10.47,13.82,12.5,10.28,7.88,10.49
2025-12-17T01:33:13.638122,Recipe_C,b54cb98d-8adf-48ea-80f2-5e47b13f1b38,19,2.0,,,,11.52,10.18,13.81,11.48,9.49,8.18
2025-12-17T01:33:14.638122,Recipe_C,b54cb98d-8adf-48ea-80f2-5e47b13f1b38,19,2.0,,,,12.13,10.53,7.93,11.95,9.92,8.37
2025-12-17T01:33:15.638122,Recipe_C,b54cb98d-8adf-48ea-80f2-5e47b13f1b38,19,2.0,,,,9.33,9.29,5.56,8.26,10.43,11.32
2025-12-17T01:33:15.638122,Recipe_C,b54cb98d-8adf-48ea-80f2-5e47b13f1b38,19,2.0,Error_9,Simulated Error occurred,Error,,,,,,
2025-12-17T01:33:16.638122,Recipe_C,b54cb98d-8adf-48ea-80f2-5e47b13f1b38,19,2.0,,,,8.98,9.38,10.09,9.37,12.03,10.07
2025-12-17T01:33:17.638122,Recipe_C,b54cb98d-8adf-48ea-80f2-5e47b13f1b38,19,2.0,,,,9.66,9.31,13.32,6.49,8.46,10.96
2025-12-17T01:33:18.638122,Recipe_C,b54cb98d-8adf-48ea-80f2-5e47b13f1b38,19,2.0,,,,8.61,12.17,11.41,11.66,10.05,8.65
2025-12-17T01:33:19.638122,Recipe_C,b54cb98d-8adf-48ea-80f2-5e47b13f1b38,19,2.0,,,,15.87,8.67,11.23,6.21,12.43,13.42
2025-12-17T01:33:20.638122,Recipe_C,b54cb98d-8adf-48ea-80f2-5e47b13f1b38,19,2.0,,,,11.09,12.75,13.65,9.83,9.32,10.57
2025-12-17T01:33:21.638122,Recipe_C,b54cb98d-8adf-48ea-80f2-5e47b13f1b38,19,2.0,,,,12.0,8.62,11.56,9.72,7.05,11.56
2025-12-17T01:33:22.638122,Recipe_C,b54cb98d-8adf-48ea-80f2-5e47b13f1b38,19,2.0,,,,10.73,9.25,9.2,6.92,7.92,9.38
2025-12-17T01:33:23.638122,Recipe_C,b54cb98d-8adf-48ea-80f2-5e47b13f1b38,19,2.0,,,,10.52,9.96,9.81,10.84,11.7,8.31
2025-12-17T01:33:24.638122,Recipe_C,b54cb98d-8adf-48ea-80f2-5e47b13f1b38,19,2.0,,,,13.91,10.55,15.41,8.54,8.17,10.85
2025-12-17T01:33:25.638122,Recipe_C,b54cb98d-8adf-48ea-80f2-5e47b13f1b38,19,2.0,,,,14.17,8.16,14.2,10.62,11.22,13.95
2025-12-17T01:33:26.638122,Recipe_C,b54cb98d-8adf-48ea-80f2-5e47b13f1b38,19,2.0,,,,9.95,13.53,8.93,8.77,13.1,9.31
2025-12-17T01:33:27.638122,Recipe_C,b54cb98d-8adf-48ea-80f2-5e47b13f1b38,19,2.0,,,,13.09,14.19,11.21,4.97,11.43,10.18
2025-12-17T01:33:28.638122,Recipe_C,b54cb98d-8adf-48ea-80f2-5e47b13f1b38,19,2.0,,,,10.41,13.28,4.98,11.73,7.8,12.63
2025-12-17T01:33:29.638122,Recipe_C,b54cb98d-8adf-48ea-80f2-5e47b13f1b38,19,2.0,,,,10.29,10.25,7.19,10.71,10.37,11.37
2025-12-17T01:33:30.638122,Recipe_C,b54cb98d-8adf-48ea-80f2-5e47b13f1b38,19,2.0,,,,6.5,10.52,13.15,10.39,10.75,10.56
2025-12-17T01:33:31.638122,Recipe_C,b54cb98d-8adf-48ea-80f2-5e47b13f1b38,19,2.0,,,,12.13,10.14,6.57,12.47,11.58,11.69
2025-12-17T01:33:32.638122,Recipe_C,b54cb98d-8adf-48ea-80f2-5e47b13f1b38,19,2.0,,,,8.24,8.19,8.99,8.89,7.37,11.98
2025-12-17T01:33:33.638122,Recipe_C,b54cb98d-8adf-48ea-80f2-5e47b13f1b38,19,2.0,,,,10.15,10.89,8.68,8.54,9.71,9.66
2025-12-17T01:33:34.638122,Recipe_C,b54cb98d-8adf-48ea-80f2-5e47b13f1b38,19,2.0,,,,9.03,11.12,11.39,9.88,9.48,10.45
2025-12-17T01:33:35.638122,Recipe_C,b54cb98d-8adf-48ea-80f2-5e47b13f1b38,19,2.0,,,,4.59,6.63,10.4,8.68,7.42,11.02
2025-12-17T01:33:36.638122,Recipe_C,b54cb98d-8adf-48ea-80f2-5e47b13f1b38,19,2.0,,,,12.97,11.08,9.02,13.92,10.75,12.02
2025-12-17T01:33:37.638122,Recipe_C,b54cb98d-8adf-48ea-80f2-5e47b13f1b38,19,2.0,,,,8.6,10.78,13.59,9.16,8.14,11.85
2025-12-17T01:33:38.638122,Recipe_C,b54cb98d-8adf-48ea-80f2-5e47b13f1b38,19,2.0,,,,13.15,8.24,11.8,12.8,7.65,8.66
2025-12-17T01:33:39.638122,Recipe_C,b54cb98d-8adf-48ea-80f2-5e47b13f1b38,19,2.0,,,,7.18,10.0,9.75,14.41,11.14,9.43
2025-12-17T01:33:40.638122,Recipe_C,b54cb98d-8adf-48ea-80f2-5e47b13f1b38,19,2.0,,,,8.91,11.02,9.68,7.07,12.02,12.24
2025-12-17T01:33:41.638122,Recipe_C,b54cb98d-8adf-48ea-80f2-5e47b13f1b38,19,2.0,,,,9.01,9.23,15.45,9.29,10.03,7.46
2025-12-17T01:33:42.638122,Recipe_C,b54cb98d-8adf-48ea-80f2-5e47b13f1b38,19,2.0,,,,10.2,8.76,9.41,11.66,8.28,11.4
2025-12-17T01:33:43.638122,Recipe_C,b54cb98d-8adf-48ea-80f2-5e47b13f1b38,19,2.0,,,,10.22,10.23,8.07,12.3,11.64,11.88
2025-12-17T01:33:44.638122,Recipe_C,b54cb98d-8adf-48ea-80f2-5e47b13f1b38,19,2.0,,,,10.46,10.43,8.9,14.93,10.32,11.54
2025-12-17T01:33:45.638122,Recipe_C,b54cb98d-8adf-48ea-80f2-5e47b13f1b38,19,2.0,,,,9.29,7.31,14.54,7.7,9.87,9.01
2025-12-17T01:33:46.638122,Recipe_C,b54cb98d-8adf-48ea-80f2-5e47b13f1b38,19,2.0,,,,10.81,10.15,9.96,11.51,9.64,9.92
2025-12-17T01:33:47.638122,Recipe_C,b54cb98d-8adf-48ea-80f2-5e47b13f1b38,19,2.0,,,,10.87,10.44,11.32,8.73,11.69,13.73
2025-12-17T01:33:48.638122,Recipe_C,b54cb98d-8adf-48ea-80f2-5e47b13f1b38,19,2.0,,,,7.68,7.77,9.28,11.51,9.09,6.77
2025-12-17T01:33:49.638122,Recipe_C,b54cb98d-8adf-48ea-80f2-5e47b13f1b38,19,2.0,,,,11.4,5.8,10.41,10.14,11.77,9.37
2025-12-17T01:33:50.638122,Recipe_C,b54cb98d-8adf-48ea-80f2-5e47b13f1b38,19,2.0,,,,8.59,5.25,11.6,10.0,7.81,11.95
2025-12-17T01:33:51.638122,Recipe_C,b54cb98d-8adf-48ea-80f2-5e47b13f1b38,19,2.0,,,,8.4,13.0,11.76,11.83,11.75,7.86
2025-12-17T01:33:52.638122,Recipe_C,b54cb98d-8adf-48ea-80f2-5e47b13f1b38,19,2.0,,,,8.96,10.69,7.75,10.74,12.11,9.58
2025-12-17T01:33:53.638122,Recipe_C,b54cb98d-8adf-48ea-80f2-5e47b13f1b38,19,2.0,,,,7.31,10.74,6.35,10.84,11.17,13.46
2025-12-17T01:33:54.638122,Recipe_C,b54cb98d-8adf-48ea-80f2-5e47b13f1b38,19,2.0,,,,10.92,12.36,11.63,9.37,9.15,11.53
2025-12-17T01:33:55.638122,Recipe_C,b54cb98d-8adf-48ea-80f2-5e47b13f1b38,19,2.0,,,,11.21,7.25,7.34,6.84,9.55,12.86
2025-12-17T01:33:56.638122,Recipe_C,b54cb98d-8adf-48ea-80f2-5e47b13f1b38,19,2.0,,,,11.25,8.24,12.64,13.34,11.18,13.93
2025-12-17T01:33:57.638122,Recipe_C,b54cb98d-8adf-48ea-80f2-5e47b13f1b38,19,2.0,,,,12.58,9.16,12.4,8.46,7.3,9.21
2025-12-17T01:33:58.638122,Recipe_C,b54cb98d-8adf-48ea-80f2-5e47b13f1b38,19,2.0,,,,10.17,4.92,11.09,10.12,10.01,12.0
2025-12-17T01:33:59.638122,Recipe_C,b54cb98d-8adf-48ea-80f2-5e47b13f1b38,19,2.0,,,,9.2,10.67,9.31,11.02,9.53,9.8
2025-12-17T01:34:00.638122,Recipe_C,b54cb98d-8adf-48ea-80f2-5e47b13f1b38,19,2.0,,,,11.23,8.05,8.65,10.03,9.27,12.22
2025-12-17T01:34:01.638122,Recipe_C,b54cb98d-8adf-48ea-80f2-5e47b13f1b38,19,2.0,,,,12.07,8.96,11.01,12.87,9.02,7.28
2025-12-17T01:34:02.638122,Recipe_C,b54cb98d-8adf-48ea-80f2-5e47b13f1b38,19,2.0,,,,5.43,11.04,8.23,15.45,9.34,8.59
2025-12-17T01:34:03.638122,Recipe_C,b54cb98d-8adf-48ea-80f2-5e47b13f1b38,19,2.0,,,,11.69,10.83,8.21,9.87,10.43,11.09
2025-12-17T01:34:04.638122,Recipe_C,b54cb98d-8adf-48ea-80f2-5e47b13f1b38,19,2.0,,,,10.5,8.49,8.98,10.85,11.74,9.19
2025-12-17T01:34:05.638122,Recipe_C,b54cb98d-8adf-48ea-80f2-5e47b13f1b38,19,2.0,,,,13.14,12.51,8.09,10.38,8.91,11.98
2025-12-17T01:34:06.638122,Recipe_C,b54cb98d-8adf-48ea-80f2-5e47b13f1b38,19,2.0,,,,8.91,8.39,8.71,11.88,9.31,8.3
2025-12-17T01:34:07.638122,Recipe_C,b54cb98d-8adf-48ea-80f2-5e47b13f1b38,19,2.0,,,,14.35,9.02,7.63,6.01,7.04,12.86
2025-12-17T01:34:08.638122,Recipe_C,b54cb98d-8adf-48ea-80f2-5e47b13f1b38,19,2.0,,,,7.11,11.63,10.07,12.54,8.53,11.49
2025-12-17T01:34:09.638122,Recipe_C,b54cb98d-8adf-48ea-80f2-5e47b13f1b38,19,2.0,,,,11.39,8.18,9.28,7.89,11.7,10.17
2025-12-17T01:34:10.638122,Recipe_C,b54cb98d-8adf-48ea-80f2-5e47b13f1b38,19,2.0,,,,9.71,7.67,7.26,13.64,8.83,12.08
2025-12-17T01:34:11.638122,Recipe_C,b54cb98d-8adf-48ea-80f2-5e47b13f1b38,19,2.0,,,,4.98,13.4,10.55,11.51,8.15,13.22
2025-12-17T01:34:12.638122,Recipe_C,b54cb98d-8adf-48ea-80f2-5e47b13f1b38,19,2.0,,,,8.78,11.44,11.9,11.66,10.85,11.98
2025-12-17T01:34:13.638122,Recipe_C,b54cb98d-8adf-48ea-80f2-5e47b13f1b38,19,2.0,,,,10.69,9.72,10.73,11.07,9.52,8.25
2025-12-17T01:34:14.638122,Recipe_C,b54cb98d-8adf-48ea-80f2-5e47b13f1b38,19,2.0,,,,7.96,8.45,8.66,12.42,15.62,8.49
2025-12-17T01:34:15.638122,Recipe_C,b54cb98d-8adf-48ea-80f2-5e47b13f1b38,19,2.0,,,,12.13,8.57,9.56,9.29,8.78,5.47
2025-12-17T01:34:16.638122,Recipe_C,b54cb98d-8adf-48ea-80f2-5e47b13f1b38,19,2.0,,,,7.57,5.99,11.29,7.65,10.52,10.18
2025-12-17T01:34:17.638122,Recipe_C,b54cb98d-8adf-48ea-80f2-5e47b13f1b38,19,2.0,,,,9.27,5.04,8.93,12.32,10.55,9.23
2025-12-17T01:34:18.638122,Recipe_C,b54cb98d-8adf-48ea-80f2-5e47b13f1b38,19,2.0,,,,9.75,8.86,11.84,8.5,5.33,8.78
2025-12-17T01:34:19.638122,Recipe_C,b54cb98d-8adf-48ea-80f2-5e47b13f1b38,19,2.0,,,,7.65,9.26,7.31,8.91,7.28,6.03
2025-12-17T01:34:20.638122,Recipe_C,b54cb98d-8adf-48ea-80f2-5e47b13f1b38,19,2.0,,,,8.33,9.52,11.55,6.35,9.61,9.47
2025-12-17T01:34:21.638122,Recipe_C,b54cb98d-8adf-48ea-80f2-5e47b13f1b38,19,2.0,,,,14.46,8.09,9.39,13.14,12.56,11.14
2025-12-17T01:34:22.638122,Recipe_C,b54cb98d-8adf-48ea-80f2-5e47b13f1b38,19,2.0,,,,11.27,8.17,10.64,10.52,9.31,7.88
2025-12-17T01:34:23.638122,Recipe_C,b54cb98d-8adf-48ea-80f2-5e47b13f1b38,19,2.0,,,,11.46,10.16,9.64,12.64,3.85,10.25
2025-12-17T01:34:24.638122,Recipe_C,b54cb98d-8adf-48ea-80f2-5e47b13f1b38,19,2.0,,,,9.96,7.01,8.85,7.91,12.28,11.46
2025-12-17T01:34:25.638122,Recipe_C,b54cb98d-8adf-48ea-80f2-5e47b13f1b38,19,2.0,,,,9.21,14.6,8.95,11.05,14.11,6.3
2025-12-17T01:34:26.638122,Recipe_C,b54cb98d-8adf-48ea-80f2-5e47b13f1b38,19,2.0,,,,8.02,11.86,9.62,8.7,7.42,9.7
2025-12-17T01:34:27.638122,Recipe_C,b54cb98d-8adf-48ea-80f2-5e47b13f1b38,19,2.0,,,,12.18,12.82,10.73,9.94,12.26,11.54
2025-12-17T01:34:28.638122,Recipe_C,b54cb98d-8adf-48ea-80f2-5e47b13f1b38,19,2.0,,,,11.44,10.43,12.28,6.2,12.88,10.77
2025-12-17T01:34:29.638122,Recipe_C,b54cb98d-8adf-48ea-80f2-5e47b13f1b38,19,2.0,,,,11.77,9.95,10.86,8.8,9.05,7.09
2025-12-17T01:34:30.638122,Recipe_C,b54cb98d-8adf-48ea-80f2-5e47b13f1b38,19,2.0,,,,5.37,9.59,11.54,10.54,12.01,11.32
2025-12-17T01:34:31.638122,Recipe_C,b54cb98d-8adf-48ea-80f2-5e47b13f1b38,19,2.0,,,,9.11,13.52,9.96,8.31,10.2,8.67
2025-12-17T01:34:32.638122,Recipe_C,b54cb98d-8adf-48ea-80f2-5e47b13f1b38,19,2.0,,,,8.24,9.24,8.34,8.26,8.92,8.79
2025-12-17T01:34:33.638122,Recipe_C,b54cb98d-8adf-48ea-80f2-5e47b13f1b38,19,2.0,,,,9.4,12.4,5.87,9.67,10.06,9.24
2025-12-17T01:34:34.638122,Recipe_C,b54cb98d-8adf-48ea-80f2-5e47b13f1b38,19,2.0,,,,10.65,9.25,9.34,11.57,12.96,9.37
2025-12-17T01:34:35.638122,Recipe_C,b54cb98d-8adf-48ea-80f2-5e47b13f1b38,19,2.0,,,,12.48,8.75,11.68,11.5,10.42,10.06
2025-12-17T01:34:36.638122,Recipe_C,b54cb98d-8adf-48ea-80f2-5e47b13f1b38,19,2.0,,,,8.76,8.29,8.25,11.86,12.83,7.32
2025-12-17T01:34:37.638122,Recipe_C,b54cb98d-8adf-48ea-80f2-5e47b13f1b38,19,2.0,,,,12.71,8.6,9.26,11.44,10.73,10.23
2025-12-17T01:34:38.638122,Recipe_C,b54cb98d-8adf-48ea-80f2-5e47b13f1b38,19,2.0,,,,8.48,12.07,7.75,9.62,10.81,6.78
2025-12-17T01:34:39.638122,Recipe_C,b54cb98d-8adf-48ea-80f2-5e47b13f1b38,19,2.0,,,,12.55,8.82,7.51,9.59,10.66,13.26
2025-12-17T01:34:40.638122,Recipe_C,b54cb98d-8adf-48ea-80f2-5e47b13f1b38,19,2.0,,,,10.74,12.87,12.42,11.11,6.99,12.58
2025-12-17T01:34:41.638122,Recipe_C,b54cb98d-8adf-48ea-80f2-5e47b13f1b38,19,2.0,,,,10.3,13.29,8.43,11.21,12.3,11.26
2025-12-17T01:34:42.638122,Recipe_C,b54cb98d-8adf-48ea-80f2-5e47b13f1b38,19,2.0,,,,11.03,9.74,10.2,8.92,9.67,13.76
2025-12-17T01:34:43.638122,Recipe_C,b54cb98d-8adf-48ea-80f2-5e47b13f1b38,19,2.0,,,,7.88,10.26,11.32,9.07,8.05,9.06
2025-12-17T01:34:44.638122,Recipe_C,b54cb98d-8adf-48ea-80f2-5e47b13f1b38,19,2.0,,,,11.09,7.5,11.24,14.11,8.14,11.85
2025-12-17T01:34:45.638122,Recipe_C,b54cb98d-8adf-48ea-80f2-5e47b13f1b38,19,2.0,,,,9.51,12.55,6.56,6.65,6.19,8.55
2025-12-17T01:34:46.638122,Recipe_C,b54cb98d-8adf-48ea-80f2-5e47b13f1b38,19,1.0,,,,7.54,9.75,10.2,10.12,9.3,10.0
2025-12-17T01:34:47.638122,Recipe_C,b54cb98d-8adf-48ea-80f2-5e47b13f1b38,19,1.0,,,,14.27,12.06,12.22,11.46,9.85,9.41
2025-12-17T01:34:48.638122,Recipe_C,b54cb98d-8adf-48ea-80f2-5e47b13f1b38,19,1.0,,,,13.47,10.87,11.48,10.34,8.8,8.07
2025-12-17T01:34:49.638122,Recipe_C,b54cb98d-8adf-48ea-80f2-5e47b13f1b38,19,1.0,,,,6.54,10.48,9.07,6.44,6.62,7.52
2025-12-17T01:34:50.638122,Recipe_C,b54cb98d-8adf-48ea-80f2-5e47b13f1b38,19,1.0,,,,6.15,12.32,7.02,12.38,13.55,8.84
2025-12-17T01:34:51.638122,Recipe_C,b54cb98d-8adf-48ea-80f2-5e47b13f1b38,19,1.0,,,,11.5,10.19,8.02,9.64,9.24,12.75
2025-12-17T01:34:52.638122,Recipe_C,b54cb98d-8adf-48ea-80f2-5e47b13f1b38,19,1.0,,,,6.78,9.81,9.46,12.33,11.25,10.2
2025-12-17T01:34:53.638122,Recipe_C,b54cb98d-8adf-48ea-80f2-5e47b13f1b38,19,1.0,,,,13.37,9.16,12.81,9.76,10.82,11.91
2025-12-17T01:34:54.638122,Recipe_C,b54cb98d-8adf-48ea-80f2-5e47b13f1b38,19,1.0,,,,7.99,10.73,8.47,11.09,7.71,7.28
2025-12-17T01:34:55.638122,Recipe_C,b54cb98d-8adf-48ea-80f2-5e47b13f1b38,19,1.0,,,,8.14,8.32,6.87,10.11,9.74,9.29
2025-12-17T01:34:56.638122,Recipe_C,b54cb98d-8adf-48ea-80f2-5e47b13f1b38,19,1.0,,,,11.56,9.73,7.93,10.02,8.64,12.39
2025-12-17T01:34:57.638122,Recipe_C,b54cb98d-8adf-48ea-80f2-5e47b13f1b38,19,1.0,,,,7.42,8.34,11.13,9.65,16.9,10.18
2025-12-17T01:34:58.638122,Recipe_C,b54cb98d-8adf-48ea-80f2-5e47b13f1b38,19,0.0,,,,0.0,0.0,0.0,0.0,0.0,0.0
2025-12-17T01:34:59.638122,Recipe_C,b54cb98d-8adf-48ea-80f2-5e47b13f1b38,19,0.0,,,,0.0,0.0,0.0,0.0,0.0,0.0
2025-12-17T01:35:00.638122,Recipe_C,b54cb98d-8adf-48ea-80f2-5e47b13f1b38,19,0.0,,,,0.0,0.0,0.0,0.0,0.0,0.0
2025-12-17T01:35:01.638122,Recipe_C,b54cb98d-8adf-48ea-80f2-5e47b13f1b38,19,0.0,,,,0.0,0.0,0.0,0.0,0.0,0.0
2025-12-17T01:35:02.638122,Recipe_C,b54cb98d-8adf-48ea-80f2-5e47b13f1b38,19,0.0,,,,0.0,0.0,0.0,0.0,0.0,0.0
2025-12-17T01:35:03.638122,Recipe_C,b54cb98d-8adf-48ea-80f2-5e47b13f1b38,19,0.0,,,,0.0,0.0,0.0,0.0,0.0,0.0
2025-12-17T01:35:04.638122,Recipe_C,b54cb98d-8adf-48ea-80f2-5e47b13f1b38,19,0.0,,,,0.0,0.0,0.0,0.0,0.0,0.0
2025-12-17T01:35:05.638122,Recipe_C,b54cb98d-8adf-48ea-80f2-5e47b13f1b38,19,0.0,,,,0.0,0.0,0.0,0.0,0.0,0.0
2025-12-17T01:35:06.638122,Recipe_C,b54cb98d-8adf-48ea-80f2-5e47b13f1b38,19,0.0,,,,0.0,0.0,0.0,0.0,0.0,0.0
2025-12-17T01:35:07.638122,Recipe_C,b54cb98d-8adf-48ea-80f2-5e47b13f1b38,19,0.0,,,,0.0,0.0,0.0,0.0,0.0,0.0
2025-12-17T01:35:08.638122,Recipe_C,b54cb98d-8adf-48ea-80f2-5e47b13f1b38,19,0.0,,,,0.0,0.0,0.0,0.0,0.0,0.0
2025-12-17T01:35:09.638122,Recipe_C,b54cb98d-8adf-48ea-80f2-5e47b13f1b38,19,0.0,,,,0.0,0.0,0.0,0.0,0.0,0.0
2025-12-17T01:35:10.638122,Recipe_C,b54cb98d-8adf-48ea-80f2-5e47b13f1b38,19,0.0,,,,0.0,0.0,0.0,0.0,0.0,0.0
2025-12-17T01:35:11.638122,Recipe_C,b54cb98d-8adf-48ea-80f2-5e47b13f1b38,19,0.0,,,,0.0,0.0,0.0,0.0,0.0,0.0
2025-12-17T01:35:12.638122,Recipe_C,b54cb98d-8adf-48ea-80f2-5e47b13f1b38,19,0.0,,,,0.0,0.0,0.0,0.0,0.0,0.0
2025-12-17T01:35:13.638122,Recipe_C,b54cb98d-8adf-48ea-80f2-5e47b13f1b38,19,0.0,,,,0.0,0.0,0.0,0.0,0.0,0.0
2025-12-17T01:35:14.638122,Recipe_C,b54cb98d-8adf-48ea-80f2-5e47b13f1b38,19,0.0,,,,0.0,0.0,0.0,0.0,0.0,0.0
2025-12-17T01:35:15.638122,Recipe_C,b54cb98d-8adf-48ea-80f2-5e47b13f1b38,19,0.0,,,,0.0,0.0,0.0,0.0,0.0,0.0
2025-12-17T01:35:16.638122,Recipe_C,b54cb98d-8adf-48ea-80f2-5e47b13f1b38,19,0.0,,,,0.0,0.0,0.0,0.0,0.0,0.0
2025-12-17T01:35:17.638122,Recipe_C,b54cb98d-8adf-48ea-80f2-5e47b13f1b38,19,0.0,,,,0.0,0.0,0.0,0.0,0.0,0.0
2025-12-17T01:35:18.638122,Recipe_C,b54cb98d-8adf-48ea-80f2-5e47b13f1b38,19,0.0,,,,0.0,0.0,0.0,0.0,0.0,0.0
2025-12-17T01:35:19.638122,Recipe_C,b54cb98d-8adf-48ea-80f2-5e47b13f1b38,19,0.0,,,,0.0,0.0,0.0,0.0,0.0,0.0
2025-12-17T01:35:20.638122,Recipe_C,b54cb98d-8adf-48ea-80f2-5e47b13f1b38,19,0.0,,,,0.0,0.0,0.0,0.0,0.0,0.0
2025-12-17T01:35:21.638122,Recipe_C,b54cb98d-8adf-48ea-80f2-5e47b13f1b38,19,0.0,,,,0.0,0.0,0.0,0.0,0.0,0.0
2025-12-17T01:35:22.638122,Recipe_C,b54cb98d-8adf-48ea-80f2-5e47b13f1b38,19,0.0,,,,0.0,0.0,0.0,0.0,0.0,0.0
2025-12-17T01:35:23.638122,Recipe_C,b54cb98d-8adf-48ea-80f2-5e47b13f1b38,19,0.0,,,,0.0,0.0,0.0,0.0,0.0,0.0
2025-12-17T01:35:24.638122,Recipe_C,b54cb98d-8adf-48ea-80f2-5e47b13f1b38,19,0.0,,,,0.0,0.0,0.0,0.0,0.0,0.0
2025-12-17T01:35:25.638122,Recipe_C,b54cb98d-8adf-48ea-80f2-5e47b13f1b38,19,0.0,,,,0.0,0.0,0.0,0.0,0.0,0.0
2025-12-17T01:35:26.638122,Recipe_C,b54cb98d-8adf-48ea-80f2-5e47b13f1b38,19,0.0,,,,0.0,0.0,0.0,0.0,0.0,0.0
2025-12-17T01:35:27.638122,Recipe_C,b54cb98d-8adf-48ea-80f2-5e47b13f1b38,19,0.0,,,,0.0,0.0,0.0,0.0,0.0,0.0
2025-12-17T01:35:28.638122,Recipe_C,b54cb98d-8adf-48ea-80f2-5e47b13f1b38,19,0.0,,,,0.0,0.0,0.0,0.0,0.0,0.0
2025-12-17T01:35:29.638122,Recipe_C,b54cb98d-8adf-48ea-80f2-5e47b13f1b38,19,0.0,,,,0.0,0.0,0.0,0.0,0.0,0.0
2025-12-17T01:35:30.638122,Recipe_C,b54cb98d-8adf-48ea-80f2-5e47b13f1b38,19,3.0,,,,16.42,10.28,9.54,11.14,12.56,12.15
2025-12-17T01:35:31.638122,Recipe_C,b54cb98d-8adf-48ea-80f2-5e47b13f1b38,19,3.0,,,,14.09,11.79,11.8,12.36,13.42,7.6
2025-12-17T01:35:32.638122,Recipe_C,b54cb98d-8adf-48ea-80f2-5e47b13f1b38,19,3.0,,,,9.43,8.27,12.15,5.5,7.33,8.13
2025-12-17T01:35:33.638122,Recipe_C,b54cb98d-8adf-48ea-80f2-5e47b13f1b38,19,3.0,,,,12.34,11.09,13.1,9.34,8.18,8.65
2025-12-17T01:35:34.638122,Recipe_C,b54cb98d-8adf-48ea-80f2-5e47b13f1b38,19,3.0,,,,11.83,9.45,9.88,10.58,11.01,8.12
2025-12-17T01:35:35.638122,Recipe_C,b54cb98d-8adf-48ea-80f2-5e47b13f1b38,19,3.0,,,,8.22,9.13,9.33,15.12,11.43,9.44
2025-12-17T01:35:36.638122,Recipe_C,b54cb98d-8adf-48ea-80f2-5e47b13f1b38,19,3.0,,,,7.66,6.19,9.93,11.38,9.96,13.14
2025-12-17T01:35:37.638122,Recipe_C,b54cb98d-8adf-48ea-80f2-5e47b13f1b38,19,3.0,,,,7.28,11.68,7.21,8.01,8.22,12.72
2025-12-17T01:35:38.638122,Recipe_C,b54cb98d-8adf-48ea-80f2-5e47b13f1b38,19,3.0,,,,6.75,6.58,6.94,12.98,7.3,8.59
2025-12-17T01:35:39.638122,Recipe_C,b54cb98d-8adf-48ea-80f2-5e47b13f1b38,19,3.0,,,,8.37,11.59,5.14,13.14,9.94,9.36
2025-12-17T01:35:40.638122,Recipe_C,b54cb98d-8adf-48ea-80f2-5e47b13f1b38,19,3.0,,,,9.27,10.31,11.76,11.67,10.17,13.69
2025-12-17T01:35:41.638122,Recipe_C,b54cb98d-8adf-48ea-80f2-5e47b13f1b38,19,3.0,,,,9.55,11.01,10.55,11.33,11.67,9.17
2025-12-17T01:35:42.638122,Recipe_C,b54cb98d-8adf-48ea-80f2-5e47b13f1b38,19,3.0,,,,13.0,11.54,11.91,6.22,8.56,10.9
2025-12-17T01:35:43.638122,Recipe_C,b54cb98d-8adf-48ea-80f2-5e47b13f1b38,19,3.0,,,,7.27,10.44,10.07,10.97,8.22,9.26
2025-12-17T01:35:44.638122,Recipe_C,b54cb98d-8adf-48ea-80f2-5e47b13f1b38,19,3.0,,,,7.58,10.59,8.07,8.18,7.91,8.75
2025-12-17T01:35:45.638122,Recipe_C,b54cb98d-8adf-48ea-80f2-5e47b13f1b38,19,3.0,,,,9.76,9.82,9.62,9.88,9.95,10.88
2025-12-17T01:35:46.638122,Recipe_C,b54cb98d-8adf-48ea-80f2-5e47b13f1b38,19,3.0,,,,7.89,8.54,10.36,11.58,11.1,8.75
2025-12-17T01:35:47.638122,Recipe_C,b54cb98d-8adf-48ea-80f2-5e47b13f1b38,19,3.0,,,,14.21,7.11,13.98,10.87,13.19,10.33
2025-12-17T01:35:48.638122,Recipe_C,b54cb98d-8adf-48ea-80f2-5e47b13f1b38,19,3.0,,,,10.94,11.88,11.72,8.65,8.52,9.83
2025-12-17T01:35:49.638122,Recipe_C,b54cb98d-8adf-48ea-80f2-5e47b13f1b38,19,3.0,,,,13.11,14.66,9.1,6.62,10.18,9.34
2025-12-17T01:35:50.638122,Recipe_C,b54cb98d-8adf-48ea-80f2-5e47b13f1b38,19,3.0,,,,10.04,8.23,8.11,9.71,10.79,9.58
2025-12-17T01:35:51.638122,Recipe_C,b54cb98d-8adf-48ea-80f2-5e47b13f1b38,19,3.0,,,,13.13,10.18,8.03,9.9,11.03,10.67
2025-12-17T01:35:52.638122,Recipe_C,b54cb98d-8adf-48ea-80f2-5e47b13f1b38,19,3.0,,,,11.65,11.78,10.36,11.46,9.7,6.93
2025-12-17T01:35:53.638122,Recipe_C,b54cb98d-8adf-48ea-80f2-5e47b13f1b38,19,3.0,,,,8.53,8.53,10.51,8.31,11.48,7.33
2025-12-17T01:35:54.638122,Recipe_C,b54cb98d-8adf-48ea-80f2-5e47b13f1b38,19,3.0,,,,8.8,12.03,7.65,7.36,8.81,11.87
2025-12-17T01:35:55.638122,Recipe_C,b54cb98d-8adf-48ea-80f2-5e47b13f1b38,19,3.0,,,,7.83,9.28,9.15,9.11,10.77,11.04
2025-12-17T01:35:56.638122,Recipe_C,b54cb98d-8adf-48ea-80f2-5e47b13f1b38,19,3.0,,,,10.46,8.04,9.88,14.02,9.26,8.51
2025-12-17T01:35:57.638122,Recipe_C,b54cb98d-8adf-48ea-80f2-5e47b13f1b38,19,3.0,,,,9.13,13.64,11.64,10.59,10.57,8.37
2025-12-17T01:35:58.638122,Recipe_C,b54cb98d-8adf-48ea-80f2-5e47b13f1b38,19,3.0,,,,7.36,10.47,9.91,9.03,7.85,10.87
2025-12-17T01:35:59.638122,Recipe_C,b54cb98d-8adf-48ea-80f2-5e47b13f1b38,19,3.0,,,,8.18,8.74,8.39,9.04,7.58,9.58
2025-12-17T01:36:00.638122,Recipe_C,b54cb98d-8adf-48ea-80f2-5e47b13f1b38,19,3.0,,,,13.2,11.53,11.74,11.91,11.9,11.56
2025-12-17T01:36:01.638122,Recipe_C,b54cb98d-8adf-48ea-80f2-5e47b13f1b38,19,3.0,,,,12.9,6.28,11.47,9.21,10.21,13.29
2025-12-17T01:36:02.638122,Recipe_C,b54cb98d-8adf-48ea-80f2-5e47b13f1b38,19,3.0,,,,8.59,10.87,9.6,11.2,10.37,10.45
2025-12-17T01:36:03.638122,Recipe_C,b54cb98d-8adf-48ea-80f2-5e47b13f1b38,19,3.0,,,,10.41,10.05,9.06,10.02,13.33,13.03
2025-12-17T01:36:04.638122,Recipe_C,b54cb98d-8adf-48ea-80f2-5e47b13f1b38,19,5.0,,,,11.56,8.57,9.64,13.12,10.05,8.12
2025-12-17T01:36:05.638122,Recipe_C,b54cb98d-8adf-48ea-80f2-5e47b13f1b38,19,5.0,,,,8.95,8.45,10.85,4.74,10.06,10.7
2025-12-17T01:36:06.638122,Recipe_C,b54cb98d-8adf-48ea-80f2-5e47b13f1b38,19,5.0,,,,7.82,12.43,6.58,12.54,9.72,7.47
2025-12-17T01:36:07.638122,Recipe_C,b54cb98d-8adf-48ea-80f2-5e47b13f1b38,19,5.0,,,,11.9,12.18,9.84,7.17,11.27,10.36
2025-12-17T01:36:08.638122,Recipe_C,b54cb98d-8adf-48ea-80f2-5e47b13f1b38,19,5.0,,,,7.58,9.4,10.22,10.51,10.06,9.77
2025-12-17T01:36:09.638122,Recipe_C,b54cb98d-8adf-48ea-80f2-5e47b13f1b38,19,5.0,,,,8.83,7.06,11.89,9.58,11.86,9.95
2025-12-17T01:36:10.638122,Recipe_C,b54cb98d-8adf-48ea-80f2-5e47b13f1b38,19,0.0,,,,0.0,0.0,0.0,0.0,0.0,0.0
2025-12-17T01:36:11.638122,Recipe_C,b54cb98d-8adf-48ea-80f2-5e47b13f1b38,19,0.0,,,,0.0,0.0,0.0,0.0,0.0,0.0
2025-12-17T01:36:12.638122,Recipe_C,b54cb98d-8adf-48ea-80f2-5e47b13f1b38,19,0.0,,,,0.0,0.0,0.0,0.0,0.0,0.0
2025-12-17T01:36:13.638122,Recipe_C,b54cb98d-8adf-48ea-80f2-5e47b13f1b38,19,2.0,,,,9.42,8.13,9.42,10.26,9.04,6.23
2025-12-17T01:36:14.638122,Recipe_C,b54cb98d-8adf-48ea-80f2-5e47b13f1b38,19,2.0,,,,9.63,10.26,8.07,7.36,9.91,10.43
2025-12-17T01:36:15.638122,Recipe_C,b54cb98d-8adf-48ea-80f2-5e47b13f1b38,19,2.0,,,,10.27,11.7,10.26,14.75,12.77,8.94
2025-12-17T01:36:16.638122,Recipe_C,b54cb98d-8adf-48ea-80f2-5e47b13f1b38,19,2.0,,,,11.24,5.93,13.85,9.14,9.47,7.02
2025-12-17T01:36:17.638122,Recipe_C,b54cb98d-8adf-48ea-80f2-5e47b13f1b38,19,3.0,,,,9.9,10.48,5.99,8.3,10.29,8.17
2025-12-17T01:36:18.638122,Recipe_C,b54cb98d-8adf-48ea-80f2-5e47b13f1b38,19,3.0,,,,12.07,11.53,11.2,12.95,8.52,7.96
2025-12-17T01:36:19.638122,Recipe_C,b54cb98d-8adf-48ea-80f2-5e47b13f1b38,19,3.0,,,,10.05,6.88,10.3,11.72,12.09,11.66
2025-12-17T01:36:20.638122,Recipe_C,b54cb98d-8adf-48ea-80f2-5e47b13f1b38,19,3.0,,,,12.32,12.29,4.22,11.42,8.98,4.84
2025-12-17T01:36:21.638122,Recipe_C,b54cb98d-8adf-48ea-80f2-5e47b13f1b38,19,3.0,,,,11.97,11.35,13.75,10.28,8.4,8.45
2025-12-17T01:36:22.638122,Recipe_C,b54cb98d-8adf-48ea-80f2-5e47b13f1b38,19,3.0,,,,12.86,10.55,9.04,8.22,10.53,7.45
2025-12-17T01:36:23.638122,Recipe_C,b54cb98d-8adf-48ea-80f2-5e47b13f1b38,19,3.0,,,,11.38,11.7,13.43,9.23,9.2,11.85
2025-12-17T01:36:24.638122,Recipe_C,b54cb98d-8adf-48ea-80f2-5e47b13f1b38,19,3.0,,,,9.15,12.15,11.02,9.01,10.02,9.17
2025-12-17T01:36:25.638122,Recipe_C,b54cb98d-8adf-48ea-80f2-5e47b13f1b38,19,3.0,,,,7.8,6.88,12.04,11.75,7.76,7.63
2025-12-17T01:36:26.638122,Recipe_C,b54cb98d-8adf-48ea-80f2-5e47b13f1b38,19,3.0,,,,10.66,11.95,10.52,10.79,10.89,13.02
2025-12-17T01:36:27.638122,Recipe_C,b54cb98d-8adf-48ea-80f2-5e47b13f1b38,19,3.0,,,,11.58,13.74,12.09,8.73,5.97,12.88
2025-12-17T01:36:28.638122,Recipe_C,b54cb98d-8adf-48ea-80f2-5e47b13f1b38,19,5.0,,,,13.02,14.05,7.16,6.48,13.37,8.77
2025-12-17T01:36:29.638122,Recipe_C,b54cb98d-8adf-48ea-80f2-5e47b13f1b38,19,5.0,,,,9.33,11.96,12.64,9.24,12.08,11.35
2025-12-17T01:36:30.638122,Recipe_C,b54cb98d-8adf-48ea-80f2-5e47b13f1b38,19,5.0,,,,6.62,6.87,8.05,10.7,7.55,8.76
2025-12-17T01:36:31.638122,Recipe_C,b54cb98d-8adf-48ea-80f2-5e47b13f1b38,19,5.0,,,,12.38,12.57,6.23,10.09,12.43,5.63
2025-12-17T01:36:32.638122,Recipe_C,b54cb98d-8adf-48ea-80f2-5e47b13f1b38,19,5.0,,,,15.86,12.34,10.06,9.64,11.62,12.16
2025-12-17T01:36:33.638122,Recipe_C,b54cb98d-8adf-48ea-80f2-5e47b13f1b38,19,5.0,,,,9.27,11.91,9.49,11.52,11.51,8.99
2025-12-17T01:36:34.638122,Recipe_C,b54cb98d-8adf-48ea-80f2-5e47b13f1b38,19,5.0,,,,10.83,10.75,10.91,10.88,4.32,10.17
2025-12-17T01:36:35.638122,Recipe_C,b54cb98d-8adf-48ea-80f2-5e47b13f1b38,19,5.0,,,,10.21,13.2,11.32,8.27,8.92,11.92
2025-12-17T01:36:36.638122,Recipe_C,b54cb98d-8adf-48ea-80f2-5e47b13f1b38,19,5.0,,,,7.07,8.94,13.86,13.08,7.47,13.85
2025-12-17T01:36:37.638122,Recipe_C,b54cb98d-8adf-48ea-80f2-5e47b13f1b38,19,5.0,,,,7.33,11.6,10.13,10.2,9.75,10.97
2025-12-17T01:36:38.638122,Recipe_C,b54cb98d-8adf-48ea-80f2-5e47b13f1b38,19,5.0,,,,9.06,3.7,9.19,9.91,12.14,11.8
2025-12-17T01:36:39.638122,Recipe_C,b54cb98d-8adf-48ea-80f2-5e47b13f1b38,19,5.0,,,,10.34,8.95,11.56,10.13,14.71,8.58
2025-12-17T01:36:40.638122,Recipe_C,b54cb98d-8adf-48ea-80f2-5e47b13f1b38,19,5.0,,,,9.44,9.0,9.5,12.99,8.78,6.87
2025-12-17T01:36:41.638122,Recipe_C,b54cb98d-8adf-48ea-80f2-5e47b13f1b38,19,5.0,,,,9.44,9.8,13.09,10.9,9.14,8.94
2025-12-17T01:36:42.638122,Recipe_C,b54cb98d-8adf-48ea-80f2-5e47b13f1b38,19,5.0,,,,12.08,8.31,10.09,10.38,9.2,10.92
2025-12-17T01:36:43.638122,Recipe_C,b54cb98d-8adf-48ea-80f2-5e47b13f1b38,19,5.0,,,,8.87,9.9,11.6,11.48,10.65,12.01
2025-12-17T01:36:44.638122,Recipe_C,b54cb98d-8adf-48ea-80f2-5e47b13f1b38,19,5.0,,,,5.02,9.72,11.59,10.71,10.11,8.86
2025-12-17T01:36:45.638122,Recipe_C,b54cb98d-8adf-48ea-80f2-5e47b13f1b38,19,5.0,,,,10.5,9.0,10.35,9.75,10.99,9.54
2025-12-17T01:36:46.638122,Recipe_C,b54cb98d-8adf-48ea-80f2-5e47b13f1b38,19,5.0,,,,13.39,10.39,10.43,7.75,14.46,8.09
2025-12-17T01:36:47.638122,Recipe_C,b54cb98d-8adf-48ea-80f2-5e47b13f1b38,19,5.0,,,,10.97,9.6,8.91,13.19,11.46,12.56
2025-12-17T01:36:48.638122,Recipe_C,b54cb98d-8adf-48ea-80f2-5e47b13f1b38,19,5.0,,,,9.4,11.45,13.58,9.47,9.56,11.44
2025-12-17T01:36:49.638122,Recipe_C,b54cb98d-8adf-48ea-80f2-5e47b13f1b38,19,5.0,,,,13.35,9.08,11.94,10.36,9.85,9.57
2025-12-17T01:36:50.638122,Recipe_C,b54cb98d-8adf-48ea-80f2-5e47b13f1b38,19,5.0,,,,8.65,8.74,7.91,10.35,7.08,7.34
2025-12-17T01:36:51.638122,Recipe_C,b54cb98d-8adf-48ea-80f2-5e47b13f1b38,19,5.0,,,,7.33,7.6,8.8,8.98,12.48,12.12
2025-12-17T01:36:52.638122,Recipe_C,b54cb98d-8adf-48ea-80f2-5e47b13f1b38,19,5.0,,,,9.93,13.08,10.36,8.66,11.64,9.37
2025-12-17T01:36:53.638122,Recipe_C,b54cb98d-8adf-48ea-80f2-5e47b13f1b38,19,5.0,,,,10.06,9.33,10.23,7.42,10.29,11.32
2025-12-17T01:36:54.638122,Recipe_C,b54cb98d-8adf-48ea-80f2-5e47b13f1b38,19,5.0,,,,11.75,6.43,12.34,6.66,9.44,11.23
2025-12-17T01:36:55.638122,Recipe_C,b54cb98d-8adf-48ea-80f2-5e47b13f1b38,19,5.0,,,,12.79,12.49,10.75,8.65,10.44,8.26
2025-12-17T01:36:56.638122,Recipe_C,b54cb98d-8adf-48ea-80f2-5e47b13f1b38,19,5.0,,,,10.08,11.35,11.18,9.51,9.45,9.23
2025-12-17T01:36:57.638122,Recipe_C,b54cb98d-8adf-48ea-80f2-5e47b13f1b38,19,5.0,,,,10.86,8.35,12.8,12.4,11.37,11.17
2025-12-17T01:36:58.638122,Recipe_C,b54cb98d-8adf-48ea-80f2-5e47b13f1b38,19,5.0,,,,8.38,11.98,11.51,11.49,11.87,13.69
2025-12-17T01:36:59.638122,Recipe_C,b54cb98d-8adf-48ea-80f2-5e47b13f1b38,19,5.0,,,,8.38,9.45,10.16,8.4,6.78,6.3
2025-12-17T01:37:00.638122,Recipe_C,b54cb98d-8adf-48ea-80f2-5e47b13f1b38,19,5.0,,,,11.95,11.36,13.25,10.36,9.69,13.35
2025-12-17T01:37:01.638122,Recipe_C,b54cb98d-8adf-48ea-80f2-5e47b13f1b38,19,5.0,,,,10.81,8.34,8.31,10.81,8.09,11.83
2025-12-17T01:37:02.638122,Recipe_C,b54cb98d-8adf-48ea-80f2-5e47b13f1b38,19,5.0,,,,10.83,9.0,11.02,9.51,9.1,7.38
2025-12-17T01:37:03.638122,Recipe_C,b54cb98d-8adf-48ea-80f2-5e47b13f1b38,19,5.0,,,,10.78,9.48,9.33,6.95,10.79,11.84
2025-12-17T01:37:04.638122,Recipe_C,b54cb98d-8adf-48ea-80f2-5e47b13f1b38,19,5.0,,,,8.16,10.89,10.36,9.8,14.91,10.73
2025-12-17T01:37:05.638122,Recipe_C,b54cb98d-8adf-48ea-80f2-5e47b13f1b38,19,5.0,,,,9.4,12.23,7.69,9.98,12.66,9.66
2025-12-17T01:37:06.638122,Recipe_C,b54cb98d-8adf-48ea-80f2-5e47b13f1b38,19,5.0,,,,9.74,10.19,9.58,9.39,13.28,11.17
2025-12-17T01:37:07.638122,Recipe_C,b54cb98d-8adf-48ea-80f2-5e47b13f1b38,19,5.0,,,,13.68,10.79,12.03,11.63,10.46,11.46
2025-12-17T01:37:08.638122,Recipe_C,b54cb98d-8adf-48ea-80f2-5e47b13f1b38,19,5.0,,,,10.13,6.77,7.41,12.51,13.21,9.85
2025-12-17T01:37:09.638122,Recipe_C,b54cb98d-8adf-48ea-80f2-5e47b13f1b38,19,5.0,,,,9.43,16.22,11.8,9.11,10.58,11.78
2025-12-17T01:37:10.638122,Recipe_C,b54cb98d-8adf-48ea-80f2-5e47b13f1b38,19,5.0,,,,7.4,10.74,9.8,12.66,8.16,8.97
2025-12-17T01:37:11.638122,Recipe_C,b54cb98d-8adf-48ea-80f2-5e47b13f1b38,19,5.0,,,,12.65,15.12,12.15,11.1,9.37,10.9
2025-12-17T01:37:12.638122,Recipe_C,b54cb98d-8adf-48ea-80f2-5e47b13f1b38,19,5.0,,,,7.71,12.03,10.28,11.39,10.42,11.13
2025-12-17T01:37:13.638122,Recipe_C,b54cb98d-8adf-48ea-80f2-5e47b13f1b38,19,5.0,,,,9.27,10.83,11.8,11.26,8.1,8.33
2025-12-17T01:37:14.638122,Recipe_C,b54cb98d-8adf-48ea-80f2-5e47b13f1b38,19,4.0,,,,94.63,50.48,56.33,51.14,54.85,55.91
2025-12-17T01:37:15.638122,Recipe_C,b54cb98d-8adf-48ea-80f2-5e47b13f1b38,19,4.0,,,,104.64,56.36,58.1,53.46,43.53,43.25
2025-12-17T01:37:16.638122,Recipe_C,b54cb98d-8adf-48ea-80f2-5e47b13f1b38,19,4.0,,,,103.26,49.9,40.81,43.12,51.57,51.14
2025-12-17T01:37:17.638122,Recipe_C,b54cb98d-8adf-48ea-80f2-5e47b13f1b38,19,4.0,,,,110.19,51.47,52.21,51.52,48.95,41.45
2025-12-17T01:37:18.638122,Recipe_C,b54cb98d-8adf-48ea-80f2-5e47b13f1b38,19,4.0,,,,107.16,48.59,46.72,45.61,46.12,52.95
2025-12-17T01:37:19.638122,Recipe_C,b54cb98d-8adf-48ea-80f2-5e47b13f1b38,19,4.0,,,,104.65,51.72,48.32,50.38,46.27,55.94
2025-12-17T01:37:20.638122,Recipe_C,b54cb98d-8adf-48ea-80f2-5e47b13f1b38,19,4.0,,,,94.48,48.72,52.83,52.51,48.64,47.22
2025-12-17T01:37:21.638122,Recipe_C,b54cb98d-8adf-48ea-80f2-5e47b13f1b38,19,4.0,,,,97.38,53.05,56.39,46.11,46.42,44.37
2025-12-17T01:37:22.638122,Recipe_C,b54cb98d-8adf-48ea-80f2-5e47b13f1b38,19,4.0,,,,99.4,37.63,50.15,46.54,50.01,53.21
2025-12-17T01:37:23.638122,Recipe_C,b54cb98d-8adf-48ea-80f2-5e47b13f1b38,19,4.0,,,,102.35,51.11,46.1,59.54,60.18,52.49
2025-12-17T01:37:24.638122,Recipe_C,b54cb98d-8adf-48ea-80f2-5e47b13f1b38,19,4.0,,,,101.94,50.52,51.91,52.56,49.79,41.62
2025-12-17T01:37:25.638122,Recipe_C,b54cb98d-8adf-48ea-80f2-5e47b13f1b38,19,2.0,,,,10.7,13.74,8.91,7.3,10.99,9.61
2025-12-17T01:37:26.638122,Recipe_C,b54cb98d-8adf-48ea-80f2-5e47b13f1b38,19,2.0,,,,12.36,9.91,10.7,11.84,12.91,10.39
2025-12-17T01:37:27.638122,Recipe_C,b54cb98d-8adf-48ea-80f2-5e47b13f1b38,19,2.0,,,,9.61,9.12,8.86,12.1,12.7,7.7
2025-12-17T01:37:28.638122,Recipe_C,b54cb98d-8adf-48ea-80f2-5e47b13f1b38,19,2.0,,,,10.57,10.07,10.62,7.47,12.1,8.16
2025-12-17T01:37:29.638122,Recipe_C,b54cb98d-8adf-48ea-80f2-5e47b13f1b38,19,2.0,,,,11.51,8.94,8.18,11.73,11.29,11.99
2025-12-17T01:37:30.638122,Recipe_C,b54cb98d-8adf-48ea-80f2-5e47b13f1b38,19,2.0,,,,9.88,9.17,12.66,11.52,7.58,11.06
2025-12-17T01:37:31.638122,Recipe_C,b54cb98d-8adf-48ea-80f2-5e47b13f1b38,19,5.0,,,,7.93,12.31,11.34,8.66,8.87,8.09
2025-12-17T01:37:32.638122,Recipe_C,b54cb98d-8adf-48ea-80f2-5e47b13f1b38,19,5.0,,,,9.29,12.37,11.42,11.22,7.67,8.34
2025-12-17T01:37:33.638122,Recipe_C,b54cb98d-8adf-48ea-80f2-5e47b13f1b38,19,5.0,,,,13.27,10.94,10.61,7.56,8.09,11.84
2025-12-17T01:37:34.638122,Recipe_C,b54cb98d-8adf-48ea-80f2-5e47b13f1b38,19,5.0,,,,7.23,9.63,9.42,12.52,8.19,11.27
2025-12-17T01:37:35.638122,Recipe_C,b54cb98d-8adf-48ea-80f2-5e47b13f1b38,19,5.0,,,,8.38,8.8,14.19,9.5,7.49,8.81
2025-12-17T01:37:36.638122,Recipe_C,b54cb98d-8adf-48ea-80f2-5e47b13f1b38,19,5.0,,,,9.5,7.99,7.74,8.61,9.71,9.2
2025-12-17T01:37:37.638122,Recipe_C,b54cb98d-8adf-48ea-80f2-5e47b13f1b38,19,5.0,,,,11.85,12.91,13.67,10.68,10.26,9.51
2025-12-17T01:37:38.638122,Recipe_C,b54cb98d-8adf-48ea-80f2-5e47b13f1b38,19,5.0,,,,13.2,15.49,11.2,9.74,9.18,8.48
2025-12-17T01:37:39.638122,Recipe_C,b54cb98d-8adf-48ea-80f2-5e47b13f1b38,19,5.0,,,,7.45,7.49,10.63,7.24,10.11,11.07
2025-12-17T01:37:40.638122,Recipe_C,b54cb98d-8adf-48ea-80f2-5e47b13f1b38,19,5.0,,,,7.03,11.21,6.93,6.83,7.72,12.15
2025-12-17T01:37:41.638122,Recipe_C,b54cb98d-8adf-48ea-80f2-5e47b13f1b38,19,5.0,,,,9.66,7.23,12.65,7.58,9.09,8.77
2025-12-17T01:37:42.638122,Recipe_C,b54cb98d-8adf-48ea-80f2-5e47b13f1b38,19,5.0,,,,6.99,8.98,8.22,10.34,8.96,12.78
2025-12-17T01:37:43.638122,Recipe_C,b54cb98d-8adf-48ea-80f2-5e47b13f1b38,19,5.0,,,,6.34,11.89,13.77,10.84,8.24,9.85
2025-12-17T01:37:44.638122,Recipe_C,b54cb98d-8adf-48ea-80f2-5e47b13f1b38,19,5.0,,,,10.89,8.74,13.42,10.2,10.26,13.27
2025-12-17T01:37:45.638122,Recipe_C,b54cb98d-8adf-48ea-80f2-5e47b13f1b38,19,5.0,,,,6.55,9.27,12.19,8.94,8.82,14.23
2025-12-17T01:37:46.638122,Recipe_C,b54cb98d-8adf-48ea-80f2-5e47b13f1b38,19,5.0,,,,10.67,11.91,11.69,10.91,11.82,6.67
2025-12-17T01:37:47.638122,Recipe_C,b54cb98d-8adf-48ea-80f2-5e47b13f1b38,19,5.0,,,,10.32,12.38,10.31,7.99,7.06,7.86
2025-12-17T01:37:48.638122,Recipe_C,b54cb98d-8adf-48ea-80f2-5e47b13f1b38,19,5.0,,,,11.88,12.21,5.95,10.58,12.54,13.2
2025-12-17T01:37:49.638122,Recipe_C,b54cb98d-8adf-48ea-80f2-5e47b13f1b38,19,5.0,,,,11.83,10.37,7.29,13.5,8.07,8.41
2025-12-17T01:37:50.638122,Recipe_C,b54cb98d-8adf-48ea-80f2-5e47b13f1b38,19,5.0,,,,10.37,7.48,14.39,9.58,8.32,10.66
2025-12-17T01:37:51.638122,Recipe_C,b54cb98d-8adf-48ea-80f2-5e47b13f1b38,19,5.0,,,,6.79,13.19,10.71,10.02,11.6,12.1
2025-12-17T01:37:52.638122,Recipe_C,b54cb98d-8adf-48ea-80f2-5e47b13f1b38,19,5.0,,,,10.63,13.92,10.62,12.78,11.03,8.4
2025-12-17T01:37:53.638122,Recipe_C,b54cb98d-8adf-48ea-80f2-5e47b13f1b38,19,5.0,,,,9.34,14.85,11.67,11.43,12.51,6.6
2025-12-17T01:37:54.638122,Recipe_C,b54cb98d-8adf-48ea-80f2-5e47b13f1b38,19,5.0,,,,7.29,9.89,8.7,12.13,11.42,8.22
2025-12-17T01:37:55.638122,Recipe_C,b54cb98d-8adf-48ea-80f2-5e47b13f1b38,19,5.0,,,,11.35,10.46,12.48,9.7,7.6,6.9
2025-12-17T01:37:56.638122,Recipe_C,b54cb98d-8adf-48ea-80f2-5e47b13f1b38,19,5.0,,,,9.82,6.87,8.76,10.19,7.31,13.63
2025-12-17T01:37:57.638122,Recipe_C,b54cb98d-8adf-48ea-80f2-5e47b13f1b38,19,5.0,,,,10.56,11.64,10.89,11.05,11.36,13.24
2025-12-17T01:37:58.638122,Recipe_C,b54cb98d-8adf-48ea-80f2-5e47b13f1b38,19,5.0,,,,15.86,7.85,11.97,8.39,9.07,7.66
2025-12-17T01:37:59.638122,Recipe_C,b54cb98d-8adf-48ea-80f2-5e47b13f1b38,19,5.0,,,,8.91,9.74,11.22,12.76,8.24,11.53
2025-12-17T01:38:00.638122,Recipe_C,b54cb98d-8adf-48ea-80f2-5e47b13f1b38,19,5.0,,,,9.6,11.0,10.6,10.89,9.93,9.39
2025-12-17T01:38:01.638122,Recipe_C,b54cb98d-8adf-48ea-80f2-5e47b13f1b38,19,5.0,,,,8.68,9.53,10.04,10.22,10.12,9.93
2025-12-17T01:38:02.638122,Recipe_C,b54cb98d-8adf-48ea-80f2-5e47b13f1b38,19,5.0,,,,9.7,8.02,11.43,11.84,10.23,14.68
2025-12-17T01:38:03.638122,Recipe_C,b54cb98d-8adf-48ea-80f2-5e47b13f1b38,19,5.0,,,,9.55,8.87,10.72,8.9,7.04,11.23
2025-12-17T01:38:04.638122,Recipe_C,b54cb98d-8adf-48ea-80f2-5e47b13f1b38,19,5.0,,,,10.12,11.46,6.51,12.46,12.38,6.76
2025-12-17T01:38:05.638122,Recipe_C,b54cb98d-8adf-48ea-80f2-5e47b13f1b38,19,5.0,,,,7.15,8.93,13.37,7.23,9.68,11.6
2025-12-17T01:38:06.638122,Recipe_C,b54cb98d-8adf-48ea-80f2-5e47b13f1b38,19,5.0,,,,13.26,8.11,8.15,12.29,9.17,6.7
2025-12-17T01:38:07.638122,Recipe_C,b54cb98d-8adf-48ea-80f2-5e47b13f1b38,19,5.0,,,,8.91,9.42,12.31,7.57,12.51,11.06
2025-12-17T01:38:08.638122,Recipe_C,b54cb98d-8adf-48ea-80f2-5e47b13f1b38,19,5.0,,,,13.51,8.43,9.67,7.73,8.89,6.89
2025-12-17T01:38:09.638122,Recipe_C,b54cb98d-8adf-48ea-80f2-5e47b13f1b38,19,5.0,,,,9.39,9.38,9.91,9.06,11.71,5.57
2025-12-17T01:38:10.638122,Recipe_C,b54cb98d-8adf-48ea-80f2-5e47b13f1b38,19,5.0,,,,7.62,9.59,8.13,11.46,10.45,13.23
2025-12-17T01:38:11.638122,Recipe_C,b54cb98d-8adf-48ea-80f2-5e47b13f1b38,19,5.0,,,,10.97,10.33,12.34,6.98,5.98,11.05
2025-12-17T01:38:12.638122,Recipe_C,b54cb98d-8adf-48ea-80f2-5e47b13f1b38,19,5.0,,,,7.38,13.02,7.09,9.62,5.65,8.85
2025-12-17T01:38:13.638122,Recipe_C,b54cb98d-8adf-48ea-80f2-5e47b13f1b38,19,5.0,,,,9.29,10.24,12.47,6.86,9.56,10.25
2025-12-17T01:38:14.638122,Recipe_C,b54cb98d-8adf-48ea-80f2-5e47b13f1b38,19,5.0,,,,9.13,8.48,7.24,8.66,11.71,12.62
2025-12-17T01:38:15.638122,Recipe_C,b54cb98d-8adf-48ea-80f2-5e47b13f1b38,19,5.0,,,,10.52,8.1,11.12,9.19,9.51,11.6
2025-12-17T01:38:16.638122,Recipe_C,b54cb98d-8adf-48ea-80f2-5e47b13f1b38,19,5.0,,,,12.64,11.08,8.02,9.14,9.87,12.13
2025-12-17T01:38:17.638122,Recipe_C,b54cb98d-8adf-48ea-80f2-5e47b13f1b38,19,5.0,,,,8.53,7.73,7.37,8.25,8.94,11.32
2025-12-17T01:38:18.638122,Recipe_C,b54cb98d-8adf-48ea-80f2-5e47b13f1b38,19,5.0,,,,10.31,9.58,11.84,11.08,11.54,8.96
2025-12-17T01:38:19.638122,Recipe_C,b54cb98d-8adf-48ea-80f2-5e47b13f1b38,19,5.0,,,,10.17,9.09,11.39,9.28,6.39,7.7
2025-12-17T01:38:20.638122,Recipe_C,b54cb98d-8adf-48ea-80f2-5e47b13f1b38,19,5.0,,,,7.23,12.36,8.47,8.68,6.43,6.44
2025-12-17T01:38:21.638122,Recipe_C,b54cb98d-8adf-48ea-80f2-5e47b13f1b38,19,5.0,,,,12.73,8.73,11.9,9.64,8.93,9.6
2025-12-17T01:38:22.638122,Recipe_C,b54cb98d-8adf-48ea-80f2-5e47b13f1b38,19,5.0,,,,13.55,9.64,9.82,10.19,11.17,8.26
2025-12-17T01:38:23.638122,Recipe_C,b54cb98d-8adf-48ea-80f2-5e47b13f1b38,19,5.0,,,,9.83,8.38,10.63,7.16,7.36,11.25
2025-12-17T01:38:24.638122,Recipe_C,b54cb98d-8adf-48ea-80f2-5e47b13f1b38,19,5.0,,,,11.82,8.82,11.35,10.57,12.6,12.96
2025-12-17T01:38:25.638122,Recipe_C,b54cb98d-8adf-48ea-80f2-5e47b13f1b38,19,5.0,,,,10.64,7.22,8.7,7.18,6.46,11.7
2025-12-17T01:38:26.638122,Recipe_C,b54cb98d-8adf-48ea-80f2-5e47b13f1b38,19,5.0,,,,15.43,7.48,10.94,8.22,8.48,8.0
2025-12-17T01:38:27.638122,Recipe_C,b54cb98d-8adf-48ea-80f2-5e47b13f1b38,19,5.0,,,,11.72,5.59,11.47,7.75,9.1,13.07
2025-12-17T01:38:28.638122,Recipe_C,b54cb98d-8adf-48ea-80f2-5e47b13f1b38,19,5.0,,,,10.47,8.65,12.12,9.51,9.72,10.2
2025-12-17T01:38:29.638122,Recipe_C,b54cb98d-8adf-48ea-80f2-5e47b13f1b38,19,5.0,,,,12.95,10.23,7.5,9.38,8.11,9.79
2025-12-17T01:38:30.638122,Recipe_C,b54cb98d-8adf-48ea-80f2-5e47b13f1b38,19,5.0,,,,8.46,10.77,11.38,7.52,10.26,11.17
2025-12-17T01:38:31.638122,Recipe_C,b54cb98d-8adf-48ea-80f2-5e47b13f1b38,19,5.0,,,,9.68,15.65,11.01,8.75,8.34,6.45
2025-12-17T01:38:32.638122,Recipe_C,b54cb98d-8adf-48ea-80f2-5e47b13f1b38,19,5.0,,,,12.29,8.46,13.65,7.94,10.2,9.8
2025-12-17T01:38:33.638122,Recipe_C,b54cb98d-8adf-48ea-80f2-5e47b13f1b38,19,5.0,,,,10.86,6.85,12.42,8.93,6.72,11.19
2025-12-17T01:38:34.638122,Recipe_C,b54cb98d-8adf-48ea-80f2-5e47b13f1b38,19,5.0,,,,9.64,7.56,7.43,11.33,9.54,15.01
2025-12-17T01:38:35.638122,Recipe_C,b54cb98d-8adf-48ea-80f2-5e47b13f1b38,19,5.0,,,,12.95,12.32,9.34,8.76,7.24,6.84
2025-12-17T01:38:36.638122,Recipe_C,b54cb98d-8adf-48ea-80f2-5e47b13f1b38,19,5.0,,,,8.61,9.44,10.08,8.44,10.28,8.92
2025-12-17T01:38:37.638122,Recipe_C,b54cb98d-8adf-48ea-80f2-5e47b13f1b38,19,5.0,,,,9.82,11.34,5.84,10.54,7.92,13.25
2025-12-17T01:38:38.638122,Recipe_C,b54cb98d-8adf-48ea-80f2-5e47b13f1b38,19,5.0,,,,7.45,12.13,12.9,13.3,10.89,9.82
2025-12-17T01:38:39.638122,Recipe_C,b54cb98d-8adf-48ea-80f2-5e47b13f1b38,19,5.0,,,,12.84,10.91,6.91,12.22,8.29,12.85
2025-12-17T01:38:40.638122,Recipe_C,b54cb98d-8adf-48ea-80f2-5e47b13f1b38,19,5.0,,,,9.6,9.28,11.2,10.82,8.25,12.12
2025-12-17T01:38:41.638122,Recipe_C,b54cb98d-8adf-48ea-80f2-5e47b13f1b38,19,5.0,,,,8.5,8.06,7.83,11.31,10.73,12.63
2025-12-17T01:38:42.638122,Recipe_C,b54cb98d-8adf-48ea-80f2-5e47b13f1b38,19,5.0,,,,10.33,12.98,7.11,10.79,10.16,9.43
2025-12-17T01:38:43.638122,Recipe_C,b54cb98d-8adf-48ea-80f2-5e47b13f1b38,19,5.0,,,,10.01,6.85,10.21,6.1,11.32,9.53
2025-12-17T01:38:44.638122,Recipe_C,b54cb98d-8adf-48ea-80f2-5e47b13f1b38,19,5.0,,,,10.59,11.73,5.88,11.56,11.03,10.91
2025-12-17T01:38:45.638122,Recipe_C,b54cb98d-8adf-48ea-80f2-5e47b13f1b38,19,5.0,,,,10.32,9.39,10.88,10.31,11.41,7.99
2025-12-17T01:38:46.638122,Recipe_C,b54cb98d-8adf-48ea-80f2-5e47b13f1b38,19,5.0,,,,8.89,7.87,7.5,8.2,11.0,10.23
2025-12-17T01:38:47.638122,Recipe_C,b54cb98d-8adf-48ea-80f2-5e47b13f1b38,19,5.0,,,,14.65,8.97,11.56,11.15,8.95,8.46
2025-12-17T01:38:47.638122,Recipe_C,b54cb98d-8adf-48ea-80f2-5e47b13f1b38,19,5.0,Warning_1,Simulated Warning occurred,Warning,,,,,,
2025-12-17T01:38:48.638122,Recipe_C,b54cb98d-8adf-48ea-80f2-5e47b13f1b38,19,5.0,,,,5.72,11.48,10.6,14.25,10.14,9.21
2025-12-17T01:38:49.638122,Recipe_C,b54cb98d-8adf-48ea-80f2-5e47b13f1b38,19,5.0,,,,11.6,11.4,12.47,9.51,7.73,10.0
2025-12-17T01:38:50.638122,Recipe_C,b54cb98d-8adf-48ea-80f2-5e47b13f1b38,19,5.0,,,,11.22,8.37,11.93,12.49,11.25,11.0
2025-12-17T01:38:51.638122,Recipe_C,b54cb98d-8adf-48ea-80f2-5e47b13f1b38,19,5.0,,,,12.01,10.24,7.9,12.2,10.36,10.25
2025-12-17T01:38:52.638122,Recipe_C,b54cb98d-8adf-48ea-80f2-5e47b13f1b38,19,5.0,,,,13.11,7.74,9.02,13.47,9.42,11.94
2025-12-17T01:38:53.638122,Recipe_C,b54cb98d-8adf-48ea-80f2-5e47b13f1b38,19,5.0,,,,7.99,6.81,13.55,9.69,8.63,7.62
2025-12-17T01:38:54.638122,Recipe_C,b54cb98d-8adf-48ea-80f2-5e47b13f1b38,19,5.0,,,,10.33,8.57,9.03,11.57,10.18,11.47
2025-12-17T01:38:55.638122,Recipe_C,b54cb98d-8adf-48ea-80f2-5e47b13f1b38,19,5.0,,,,9.46,11.48,8.39,9.75,12.06,8.28
2025-12-17T01:38:56.638122,Recipe_C,b54cb98d-8adf-48ea-80f2-5e47b13f1b38,19,5.0,,,,8.8,12.27,9.43,9.11,10.68,10.86
2025-12-17T01:38:57.638122,Recipe_C,b54cb98d-8adf-48ea-80f2-5e47b13f1b38,19,5.0,,,,7.0,11.93,7.64,10.73,9.17,8.01
2025-12-17T01:38:58.638122,Recipe_C,b54cb98d-8adf-48ea-80f2-5e47b13f1b38,19,5.0,,,,8.12,7.07,10.62,9.15,10.06,6.51
2025-12-17T01:38:59.638122,Recipe_C,b54cb98d-8adf-48ea-80f2-5e47b13f1b38,19,5.0,,,,10.7,6.51,6.56,10.12,12.19,6.56
2025-12-17T01:39:00.638122,Recipe_C,b54cb98d-8adf-48ea-80f2-5e47b13f1b38,19,5.0,,,,12.92,10.21,13.93,9.22,10.27,9.31
2025-12-17T01:39:01.638122,Recipe_C,b54cb98d-8adf-48ea-80f2-5e47b13f1b38,19,5.0,,,,9.86,10.14,8.62,11.89,9.43,8.97
2025-12-17T01:39:02.638122,Recipe_C,b54cb98d-8adf-48ea-80f2-5e47b13f1b38,19,5.0,,,,11.87,9.25,8.57,11.06,10.89,9.94
2025-12-17T01:39:03.638122,Recipe_C,b54cb98d-8adf-48ea-80f2-5e47b13f1b38,19,5.0,,,,6.36,10.38,12.18,10.96,9.9,8.31
2025-12-17T01:39:04.638122,Recipe_C,b54cb98d-8adf-48ea-80f2-5e47b13f1b38,19,0.0,,,,0.0,0.0,0.0,0.0,0.0,0.0
2025-12-17T01:39:05.638122,Recipe_C,b54cb98d-8adf-48ea-80f2-5e47b13f1b38,19,0.0,,,,0.0,0.0,0.0,0.0,0.0,0.0
2025-12-17T01:39:06.638122,Recipe_C,b54cb98d-8adf-48ea-80f2-5e47b13f1b38,19,0.0,,,,0.0,0.0,0.0,0.0,0.0,0.0
2025-12-17T01:39:07.638122,Recipe_C,b54cb98d-8adf-48ea-80f2-5e47b13f1b38,19,0.0,,,,0.0,0.0,0.0,0.0,0.0,0.0
2025-12-17T01:39:08.638122,Recipe_C,b54cb98d-8adf-48ea-80f2-5e47b13f1b38,19,0.0,,,,0.0,0.0,0.0,0.0,0.0,0.0
2025-12-17T01:39:09.638122,Recipe_C,b54cb98d-8adf-48ea-80f2-5e47b13f1b38,19,0.0,,,,0.0,0.0,0.0,0.0,0.0,0.0
2025-12-17T01:39:10.638122,Recipe_C,b54cb98d-8adf-48ea-80f2-5e47b13f1b38,19,0.0,,,,0.0,0.0,0.0,0.0,0.0,0.0
2025-12-17T01:39:11.638122,Recipe_C,b54cb98d-8adf-48ea-80f2-5e47b13f1b38,19,0.0,,,,0.0,0.0,0.0,0.0,0.0,0.0
2025-12-17T01:39:12.638122,Recipe_C,b54cb98d-8adf-48ea-80f2-5e47b13f1b38,19,0.0,,,,0.0,0.0,0.0,0.0,0.0,0.0
2025-12-17T01:39:13.638122,Recipe_C,b54cb98d-8adf-48ea-80f2-5e47b13f1b38,19,0.0,,,,0.0,0.0,0.0,0.0,0.0,0.0
2025-12-17T01:39:14.638122,Recipe_C,b54cb98d-8adf-48ea-80f2-5e47b13f1b38,19,0.0,,,,0.0,0.0,0.0,0.0,0.0,0.0
2025-12-17T01:39:15.638122,Recipe_C,b54cb98d-8adf-48ea-80f2-5e47b13f1b38,19,0.0,,,,0.0,0.0,0.0,0.0,0.0,0.0
2025-12-17T01:39:16.638122,Recipe_C,b54cb98d-8adf-48ea-80f2-5e47b13f1b38,19,0.0,,,,0.0,0.0,0.0,0.0,0.0,0.0
2025-12-17T01:39:17.638122,Recipe_C,b54cb98d-8adf-48ea-80f2-5e47b13f1b38,19,0.0,,,,0.0,0.0,0.0,0.0,0.0,0.0
2025-12-17T01:39:18.638122,Recipe_C,b54cb98d-8adf-48ea-80f2-5e47b13f1b38,19,0.0,,,,0.0,0.0,0.0,0.0,0.0,0.0
2025-12-17T01:39:19.638122,Recipe_C,b54cb98d-8adf-48ea-80f2-5e47b13f1b38,19,0.0,,,,0.0,0.0,0.0,0.0,0.0,0.0
2025-12-17T01:39:20.638122,Recipe_C,b54cb98d-8adf-48ea-80f2-5e47b13f1b38,19,0.0,,,,0.0,0.0,0.0,0.0,0.0,0.0
2025-12-17T01:39:21.638122,Recipe_C,b54cb98d-8adf-48ea-80f2-5e47b13f1b38,19,0.0,,,,0.0,0.0,0.0,0.0,0.0,0.0
2025-12-17T01:39:22.638122,Recipe_C,b54cb98d-8adf-48ea-80f2-5e47b13f1b38,19,0.0,,,,0.0,0.0,0.0,0.0,0.0,0.0
2025-12-17T01:39:23.638122,Recipe_C,b54cb98d-8adf-48ea-80f2-5e47b13f1b38,19,0.0,,,,0.0,0.0,0.0,0.0,0.0,0.0
2025-12-17T01:39:24.638122,Recipe_C,b54cb98d-8adf-48ea-80f2-5e47b13f1b38,19,0.0,,,,0.0,0.0,0.0,0.0,0.0,0.0
2025-12-17T01:39:25.638122,Recipe_C,b54cb98d-8adf-48ea-80f2-5e47b13f1b38,19,0.0,,,,0.0,0.0,0.0,0.0,0.0,0.0
2025-12-17T01:39:26.638122,Recipe_C,b54cb98d-8adf-48ea-80f2-5e47b13f1b38,19,0.0,,,,0.0,0.0,0.0,0.0,0.0,0.0
2025-12-17T01:39:27.638122,Recipe_C,b54cb98d-8adf-48ea-80f2-5e47b13f1b38,19,0.0,,,,0.0,0.0,0.0,0.0,0.0,0.0
2025-12-17T01:39:28.638122,Recipe_C,b54cb98d-8adf-48ea-80f2-5e47b13f1b38,19,0.0,,,,0.0,0.0,0.0,0.0,0.0,0.0
2025-12-17T01:39:29.638122,Recipe_C,b54cb98d-8adf-48ea-80f2-5e47b13f1b38,19,0.0,,,,0.0,0.0,0.0,0.0,0.0,0.0
2025-12-17T01:39:30.638122,Recipe_C,b54cb98d-8adf-48ea-80f2-5e47b13f1b38,19,0.0,,,,0.0,0.0,0.0,0.0,0.0,0.0
2025-12-17T01:39:31.638122,Recipe_C,b54cb98d-8adf-48ea-80f2-5e47b13f1b38,19,0.0,,,,0.0,0.0,0.0,0.0,0.0,0.0
2025-12-17T01:39:32.638122,Recipe_C,b54cb98d-8adf-48ea-80f2-5e47b13f1b38,19,0.0,,,,0.0,0.0,0.0,0.0,0.0,0.0
2025-12-17T01:39:33.638122,Recipe_C,b54cb98d-8adf-48ea-80f2-5e47b13f1b38,19,0.0,,,,0.0,0.0,0.0,0.0,0.0,0.0
2025-12-17T01:39:34.638122,Recipe_C,b54cb98d-8adf-48ea-80f2-5e47b13f1b38,19,5.0,,,,10.35,5.69,9.65,10.31,10.02,7.97
2025-12-17T01:39:35.638122,Recipe_C,b54cb98d-8adf-48ea-80f2-5e47b13f1b38,19,5.0,,,,8.8,8.17,9.06,11.64,12.93,9.0
2025-12-17T01:39:36.638122,Recipe_C,b54cb98d-8adf-48ea-80f2-5e47b13f1b38,19,5.0,,,,12.33,11.42,13.6,10.56,13.97,9.5
2025-12-17T01:39:37.638122,Recipe_C,b54cb98d-8adf-48ea-80f2-5e47b13f1b38,19,5.0,,,,8.52,9.98,8.12,10.43,9.04,9.54
2025-12-17T01:39:38.638122,Recipe_C,b54cb98d-8adf-48ea-80f2-5e47b13f1b38,19,5.0,,,,7.49,8.24,15.73,9.87,9.2,11.26
2025-12-17T01:39:39.638122,Recipe_C,b54cb98d-8adf-48ea-80f2-5e47b13f1b38,19,5.0,,,,9.8,10.65,11.18,8.57,11.27,11.86
2025-12-17T01:39:40.638122,Recipe_C,b54cb98d-8adf-48ea-80f2-5e47b13f1b38,19,5.0,,,,13.59,7.1,8.17,9.46,9.33,7.4
2025-12-17T01:39:41.638122,Recipe_C,b54cb98d-8adf-48ea-80f2-5e47b13f1b38,19,5.0,,,,10.99,11.41,10.09,10.82,12.05,9.14
2025-12-17T01:39:42.638122,Recipe_C,b54cb98d-8adf-48ea-80f2-5e47b13f1b38,19,5.0,,,,11.67,8.5,7.71,12.12,13.02,4.73
2025-12-17T01:39:43.638122,Recipe_C,b54cb98d-8adf-48ea-80f2-5e47b13f1b38,19,5.0,,,,8.57,7.49,8.54,9.94,15.72,8.6
2025-12-17T01:39:44.638122,Recipe_C,b54cb98d-8adf-48ea-80f2-5e47b13f1b38,19,5.0,,,,8.49,6.57,9.58,8.31,8.85,12.29
2025-12-17T01:39:45.638122,Recipe_C,b54cb98d-8adf-48ea-80f2-5e47b13f1b38,19,5.0,,,,8.94,11.94,10.16,12.45,7.54,8.99
2025-12-17T01:39:46.638122,Recipe_C,b54cb98d-8adf-48ea-80f2-5e47b13f1b38,19,5.0,,,,9.63,8.67,11.6,9.95,6.69,9.85
2025-12-17T01:39:47.638122,Recipe_C,b54cb98d-8adf-48ea-80f2-5e47b13f1b38,19,0.0,,,,0.0,0.0,0.0,0.0,0.0,0.0
2025-12-17T01:39:48.638122,Recipe_C,b54cb98d-8adf-48ea-80f2-5e47b13f1b38,19,0.0,,,,0.0,0.0,0.0,0.0,0.0,0.0
2025-12-17T01:39:49.638122,Recipe_C,b54cb98d-8adf-48ea-80f2-5e47b13f1b38,19,0.0,,,,0.0,0.0,0.0,0.0,0.0,0.0
2025-12-17T01:39:50.638122,Recipe_C,b54cb98d-8adf-48ea-80f2-5e47b13f1b38,19,5.0,,,,10.38,9.23,11.77,14.16,8.18,11.38
2025-12-17T01:39:51.638122,Recipe_C,b54cb98d-8adf-48ea-80f2-5e47b13f1b38,19,5.0,,,,11.32,10.78,10.03,10.14,8.41,9.86
2025-12-17T01:39:52.638122,Recipe_C,b54cb98d-8adf-48ea-80f2-5e47b13f1b38,19,5.0,,,,11.88,12.76,5.96,11.36,9.69,10.63
2025-12-17T01:39:53.638122,Recipe_C,b54cb98d-8adf-48ea-80f2-5e47b13f1b38,19,5.0,,,,9.73,10.56,7.07,7.2,11.04,9.52
2025-12-17T01:39:54.638122,Recipe_C,b54cb98d-8adf-48ea-80f2-5e47b13f1b38,19,5.0,,,,12.17,8.27,8.16,11.69,7.2,10.27
2025-12-17T01:39:55.638122,Recipe_C,b54cb98d-8adf-48ea-80f2-5e47b13f1b38,19,5.0,,,,10.59,10.12,15.07,8.07,14.65,7.31
2025-12-17T01:39:56.638122,Recipe_C,b54cb98d-8adf-48ea-80f2-5e47b13f1b38,19,5.0,,,,6.82,11.85,8.82,8.71,5.74,11.86
2025-12-17T01:39:57.638122,Recipe_C,b54cb98d-8adf-48ea-80f2-5e47b13f1b38,19,5.0,,,,11.58,8.38,10.69,11.86,13.05,11.45
2025-12-17T01:39:58.638122,Recipe_C,b54cb98d-8adf-48ea-80f2-5e47b13f1b38,19,5.0,,,,8.3,13.2,7.75,11.18,12.24,13.22
2025-12-17T01:39:59.638122,Recipe_C,b54cb98d-8adf-48ea-80f2-5e47b13f1b38,19,4.0,,,,103.77,47.98,51.02,46.54,45.75,49.0
2025-12-17T01:40:00.638122,Recipe_C,b54cb98d-8adf-48ea-80f2-5e47b13f1b38,19,4.0,,,,99.53,42.04,51.05,55.56,48.92,51.34
2025-12-17T01:40:01.638122,Recipe_C,b54cb98d-8adf-48ea-80f2-5e47b13f1b38,19,4.0,,,,104.13,50.43,53.49,42.63,47.55,47.03
2025-12-17T01:40:02.638122,Recipe_C,b54cb98d-8adf-48ea-80f2-5e47b13f1b38,19,4.0,,,,99.43,58.38,52.09,56.39,51.72,49.31
2025-12-17T01:40:03.638122,Recipe_C,b54cb98d-8adf-48ea-80f2-5e47b13f1b38,19,4.0,,,,105.34,58.11,51.14,53.97,51.2,56.39
2025-12-17T01:40:04.638122,Recipe_C,b54cb98d-8adf-48ea-80f2-5e47b13f1b38,19,4.0,,,,98.2,52.81,57.41,51.07,42.94,57.98
2025-12-17T01:40:05.638122,Recipe_C,b54cb98d-8adf-48ea-80f2-5e47b13f1b38,19,4.0,,,,98.65,49.95,50.01,60.48,47.74,64.47
2025-12-17T01:40:06.638122,Recipe_C,b54cb98d-8adf-48ea-80f2-5e47b13f1b38,19,4.0,,,,99.35,56.26,48.16,52.98,41.13,48.56
2025-12-17T01:40:07.638122,Recipe_C,b54cb98d-8adf-48ea-80f2-5e47b13f1b38,19,4.0,,,,104.81,47.13,48.62,50.91,49.89,50.06
2025-12-17T01:40:08.638122,Recipe_C,b54cb98d-8adf-48ea-80f2-5e47b13f1b38,19,4.0,,,,94.99,55.66,55.36,50.99,50.76,46.55
2025-12-17T01:40:09.638122,Recipe_C,b54cb98d-8adf-48ea-80f2-5e47b13f1b38,19,4.0,,,,100.51,50.81,47.67,48.84,40.08,53.0
2025-12-17T01:40:10.638122,Recipe_C,b54cb98d-8adf-48ea-80f2-5e47b13f1b38,19,4.0,,,,98.94,61.98,54.7,56.25,49.09,58.3
2025-12-17T01:40:11.638122,Recipe_C,b54cb98d-8adf-48ea-80f2-5e47b13f1b38,19,4.0,,,,103.14,52.65,48.64,40.05,46.25,54.22
2025-12-17T01:40:12.638122,Recipe_C,b54cb98d-8adf-48ea-80f2-5e47b13f1b38,19,4.0,,,,105.76,43.08,53.2,48.38,52.49,52.03
2025-12-17T01:40:13.638122,Recipe_C,b54cb98d-8adf-48ea-80f2-5e47b13f1b38,19,4.0,,,,100.97,46.05,46.36,59.57,52.0,48.0
2025-12-17T01:40:14.638122,Recipe_C,b54cb98d-8adf-48ea-80f2-5e47b13f1b38,19,4.0,,,,108.29,52.46,51.07,43.64,52.09,49.15
2025-12-17T01:40:15.638122,Recipe_C,b54cb98d-8adf-48ea-80f2-5e47b13f1b38,19,4.0,,,,107.73,47.28,46.62,43.83,59.19,48.69
2025-12-17T01:40:16.638122,Recipe_C,b54cb98d-8adf-48ea-80f2-5e47b13f1b38,19,4.0,,,,105.41,57.03,47.39,47.54,48.34,53.7
2025-12-17T01:40:17.638122,Recipe_C,b54cb98d-8adf-48ea-80f2-5e47b13f1b38,19,4.0,,,,104.03,52.87,44.95,42.3,53.53,45.39
2025-12-17T01:40:18.638122,Recipe_C,b54cb98d-8adf-48ea-80f2-5e47b13f1b38,19,4.0,,,,102.36,47.23,46.91,49.19,50.16,53.74
2025-12-17T01:40:18.638122,Recipe_C,b54cb98d-8adf-48ea-80f2-5e47b13f1b38,19,4.0,Warning_2,Simulated Warning occurred,Warning,,,,,,
2025-12-17T01:40:19.638122,Recipe_C,b54cb98d-8adf-48ea-80f2-5e47b13f1b38,19,4.0,,,,99.09,56.28,54.21,44.45,55.74,48.36
2025-12-17T01:40:20.638122,Recipe_C,b54cb98d-8adf-48ea-80f2-5e47b13f1b38,19,4.0,,,,109.52,55.26,52.69,54.01,51.13,46.82
2025-12-17T01:40:21.638122,Recipe_C,b54cb98d-8adf-48ea-80f2-5e47b13f1b38,19,4.0,,,,98.96,53.8,58.41,48.29,55.05,49.86
2025-12-17T01:40:22.638122,Recipe_C,b54cb98d-8adf-48ea-80f2-5e47b13f1b38,19,4.0,,,,111.08,50.49,53.69,50.33,47.33,48.46
2025-12-17T01:40:23.638122,Recipe_C,b54cb98d-8adf-48ea-80f2-5e47b13f1b38,19,5.0,,,,10.43,10.08,11.7,8.65,10.25,11.11
2025-12-17T01:40:24.638122,Recipe_C,b54cb98d-8adf-48ea-80f2-5e47b13f1b38,19,5.0,,,,10.08,9.75,12.54,9.43,12.28,7.78
2025-12-17T01:40:25.638122,Recipe_C,b54cb98d-8adf-48ea-80f2-5e47b13f1b38,19,5.0,,,,10.6,7.91,10.14,11.77,9.47,9.46
2025-12-17T01:40:26.638122,Recipe_C,b54cb98d-8adf-48ea-80f2-5e47b13f1b38,19,5.0,,,,10.12,10.11,9.45,8.98,8.99,7.14
2025-12-17T01:40:27.638122,Recipe_C,b54cb98d-8adf-48ea-80f2-5e47b13f1b38,19,5.0,,,,7.62,13.44,9.69,9.66,9.2,11.4
2025-12-17T01:40:28.638122,Recipe_C,b54cb98d-8adf-48ea-80f2-5e47b13f1b38,19,5.0,,,,8.93,7.01,9.51,13.93,9.01,8.24
2025-12-17T01:40:29.638122,Recipe_C,b54cb98d-8adf-48ea-80f2-5e47b13f1b38,19,5.0,,,,6.85,12.29,8.48,10.69,8.75,8.33
2025-12-17T01:40:29.638122,Recipe_C,b54cb98d-8adf-48ea-80f2-5e47b13f1b38,19,5.0,Warning_7,Simulated Warning occurred,Warning,,,,,,
2025-12-17T01:40:30.638122,Recipe_C,b54cb98d-8adf-48ea-80f2-5e47b13f1b38,19,5.0,,,,10.3,8.82,11.0,12.65,13.63,11.08
2025-12-17T01:40:31.638122,Recipe_C,b54cb98d-8adf-48ea-80f2-5e47b13f1b38,19,5.0,,,,11.95,11.55,9.6,8.45,9.84,8.09
2025-12-17T01:40:32.638122,Recipe_C,b54cb98d-8adf-48ea-80f2-5e47b13f1b38,19,5.0,,,,7.1,9.92,9.96,12.83,13.15,12.95
2025-12-17T01:40:33.638122,Recipe_C,b54cb98d-8adf-48ea-80f2-5e47b13f1b38,19,5.0,,,,13.48,8.6,10.52,6.9,9.29,5.63
2025-12-17T01:40:34.638122,Recipe_C,b54cb98d-8adf-48ea-80f2-5e47b13f1b38,19,5.0,,,,9.4,10.46,6.29,10.65,8.24,7.16
2025-12-17T01:40:35.638122,Recipe_C,b54cb98d-8adf-48ea-80f2-5e47b13f1b38,19,5.0,,,,12.25,8.33,11.4,12.04,11.34,10.4
2025-12-17T01:40:36.638122,Recipe_C,b54cb98d-8adf-48ea-80f2-5e47b13f1b38,19,5.0,,,,9.46,9.85,11.29,9.45,9.37,9.66
2025-12-17T01:40:36.638122,Recipe_C,b54cb98d-8adf-48ea-80f2-5e47b13f1b38,19,5.0,Error_7,Simulated Error occurred,Error,,,,,,
2025-12-17T01:40:37.638122,Recipe_C,b54cb98d-8adf-48ea-80f2-5e47b13f1b38,19,5.0,,,,14.32,11.15,9.89,10.69,8.81,8.38
2025-12-17T01:40:38.638122,Recipe_C,b54cb98d-8adf-48ea-80f2-5e47b13f1b38,19,5.0,,,,10.5,10.3,6.78,11.5,5.64,9.51
2025-12-17T01:40:39.638122,Recipe_C,b54cb98d-8adf-48ea-80f2-5e47b13f1b38,19,5.0,,,,9.07,7.3,11.37,12.08,11.14,8.11
2025-12-17T01:40:40.638122,Recipe_C,b54cb98d-8adf-48ea-80f2-5e47b13f1b38,19,5.0,,,,12.09,9.36,10.69,12.82,8.3,8.99
2025-12-17T01:40:41.638122,Recipe_C,b54cb98d-8adf-48ea-80f2-5e47b13f1b38,19,5.0,,,,13.61,10.98,8.37,8.9,13.01,10.1
2025-12-17T01:40:42.638122,Recipe_C,b54cb98d-8adf-48ea-80f2-5e47b13f1b38,19,5.0,,,,9.7,8.67,8.89,11.09,6.59,12.02
2025-12-17T01:40:43.638122,Recipe_C,b54cb98d-8adf-48ea-80f2-5e47b13f1b38,19,5.0,,,,14.78,8.79,8.62,9.03,8.46,10.08
2025-12-17T01:40:44.638122,Recipe_C,b54cb98d-8adf-48ea-80f2-5e47b13f1b38,19,5.0,,,,13.18,12.62,12.66,12.57,12.15,8.7
2025-12-17T01:40:45.638122,Recipe_C,b54cb98d-8adf-48ea-80f2-5e47b13f1b38,19,5.0,,,,13.37,10.18,9.75,10.4,8.71,5.98
2025-12-17T01:40:46.638122,Recipe_C,b54cb98d-8adf-48ea-80f2-5e47b13f1b38,19,5.0,,,,11.52,5.23,10.0,8.92,10.99,9.52
2025-12-17T01:40:47.638122,Recipe_C,b54cb98d-8adf-48ea-80f2-5e47b13f1b38,19,5.0,,,,10.81,11.24,7.75,11.93,10.73,13.45
2025-12-17T01:40:48.638122,Recipe_C,b54cb98d-8adf-48ea-80f2-5e47b13f1b38,19,5.0,,,,6.72,10.28,8.62,8.56,9.23,8.52
2025-12-17T01:40:49.638122,Recipe_C,b54cb98d-8adf-48ea-80f2-5e47b13f1b38,19,5.0,,,,10.2,9.8,9.6,12.39,10.75,11.92
2025-12-17T01:40:50.638122,Recipe_C,b54cb98d-8adf-48ea-80f2-5e47b13f1b38,19,5.0,,,,12.71,8.55,11.59,9.6,8.92,10.12
2025-12-17T01:40:51.638122,Recipe_C,b54cb98d-8adf-48ea-80f2-5e47b13f1b38,19,5.0,,,,10.89,8.63,11.3,10.18,9.9,9.06
2025-12-17T01:40:52.638122,Recipe_C,b54cb98d-8adf-48ea-80f2-5e47b13f1b38,19,5.0,,,,10.01,13.2,9.47,11.47,7.0,7.65
2025-12-17T01:40:53.638122,Recipe_C,b54cb98d-8adf-48ea-80f2-5e47b13f1b38,19,5.0,,,,10.57,10.32,7.05,10.77,5.88,11.25
2025-12-17T01:40:54.638122,Recipe_C,b54cb98d-8adf-48ea-80f2-5e47b13f1b38,19,5.0,,,,9.42,10.52,11.02,13.11,9.47,10.18
2025-12-17T01:40:55.638122,Recipe_C,b54cb98d-8adf-48ea-80f2-5e47b13f1b38,19,5.0,,,,11.91,8.02,12.82,9.73,11.17,6.11
2025-12-17T01:40:56.638122,Recipe_C,b54cb98d-8adf-48ea-80f2-5e47b13f1b38,19,5.0,,,,10.72,10.45,12.34,10.96,9.41,10.05
2025-12-17T01:40:57.638122,Recipe_C,b54cb98d-8adf-48ea-80f2-5e47b13f1b38,19,5.0,,,,14.2,9.34,8.42,13.69,10.43,7.99
2025-12-17T01:40:58.638122,Recipe_C,b54cb98d-8adf-48ea-80f2-5e47b13f1b38,19,5.0,,,,9.65,9.72,9.66,9.78,11.18,7.09
2025-12-17T01:40:59.638122,Recipe_C,b54cb98d-8adf-48ea-80f2-5e47b13f1b38,19,5.0,,,,12.33,10.49,10.08,10.44,9.87,8.82
2025-12-17T01:41:00.638122,Recipe_C,b54cb98d-8adf-48ea-80f2-5e47b13f1b38,19,5.0,,,,12.97,7.15,10.59,8.1,9.0,12.06
2025-12-17T01:41:01.638122,Recipe_C,b54cb98d-8adf-48ea-80f2-5e47b13f1b38,19,5.0,,,,10.22,8.47,7.44,10.75,10.86,10.66
2025-12-17T01:41:02.638122,Recipe_C,b54cb98d-8adf-48ea-80f2-5e47b13f1b38,19,5.0,,,,11.12,14.59,8.38,7.48,9.24,9.56
2025-12-17T01:41:03.638122,Recipe_C,b54cb98d-8adf-48ea-80f2-5e47b13f1b38,19,5.0,,,,9.37,10.59,6.82,9.76,12.63,10.28
2025-12-17T01:41:04.638122,Recipe_C,b54cb98d-8adf-48ea-80f2-5e47b13f1b38,19,5.0,,,,7.48,9.78,6.83,9.33,8.11,7.84
2025-12-17T01:41:05.638122,Recipe_C,b54cb98d-8adf-48ea-80f2-5e47b13f1b38,19,5.0,,,,8.74,8.57,8.56,5.73,8.67,12.09
2025-12-17T01:41:06.638122,Recipe_C,b54cb98d-8adf-48ea-80f2-5e47b13f1b38,19,5.0,,,,7.38,10.39,7.91,11.14,8.47,5.54
2025-12-17T01:41:07.638122,Recipe_C,b54cb98d-8adf-48ea-80f2-5e47b13f1b38,19,5.0,,,,7.79,12.0,10.91,8.68,9.17,7.31
2025-12-17T01:41:08.638122,Recipe_C,b54cb98d-8adf-48ea-80f2-5e47b13f1b38,19,5.0,,,,14.07,12.02,11.2,10.46,8.05,10.73
2025-12-17T01:41:08.638122,Recipe_C,b54cb98d-8adf-48ea-80f2-5e47b13f1b38,19,5.0,Error_6,Simulated Error occurred,Error,,,,,,
2025-12-17T01:41:09.638122,Recipe_C,b54cb98d-8adf-48ea-80f2-5e47b13f1b38,19,5.0,,,,10.24,6.33,12.46,8.56,11.14,11.96
2025-12-17T01:41:10.638122,Recipe_C,b54cb98d-8adf-48ea-80f2-5e47b13f1b38,19,5.0,,,,11.14,9.85,12.06,9.74,9.71,12.13
2025-12-17T01:41:11.638122,Recipe_C,b54cb98d-8adf-48ea-80f2-5e47b13f1b38,19,5.0,,,,12.09,11.41,11.81,13.97,10.67,13.06
2025-12-17T01:41:12.638122,Recipe_C,b54cb98d-8adf-48ea-80f2-5e47b13f1b38,19,5.0,,,,9.74,8.84,8.75,10.62,9.79,11.61
2025-12-17T01:41:13.638122,Recipe_C,b54cb98d-8adf-48ea-80f2-5e47b13f1b38,19,5.0,,,,4.07,11.38,9.35,9.45,10.25,10.4
2025-12-17T01:41:14.638122,Recipe_C,b54cb98d-8adf-48ea-80f2-5e47b13f1b38,19,5.0,,,,9.19,12.08,7.13,7.54,6.7,12.34
2025-12-17T01:41:15.638122,Recipe_C,b54cb98d-8adf-48ea-80f2-5e47b13f1b38,19,5.0,,,,9.52,7.97,12.65,10.79,10.97,9.72
2025-12-17T01:41:16.638122,Recipe_C,b54cb98d-8adf-48ea-80f2-5e47b13f1b38,19,5.0,,,,10.39,8.18,9.8,10.86,10.39,8.2
2025-12-17T01:41:17.638122,Recipe_C,b54cb98d-8adf-48ea-80f2-5e47b13f1b38,19,5.0,,,,9.78,8.65,13.37,11.25,13.03,10.74
2025-12-17T01:41:18.638122,Recipe_C,b54cb98d-8adf-48ea-80f2-5e47b13f1b38,19,5.0,,,,10.53,11.66,9.25,10.75,9.18,9.46
2025-12-17T01:41:19.638122,Recipe_C,b54cb98d-8adf-48ea-80f2-5e47b13f1b38,19,5.0,,,,12.45,6.98,12.2,11.23,9.91,12.38
2025-12-17T01:41:20.638122,Recipe_C,b54cb98d-8adf-48ea-80f2-5e47b13f1b38,19,5.0,,,,10.9,9.72,8.63,10.82,7.86,9.81
2025-12-17T01:41:21.638122,Recipe_C,b54cb98d-8adf-48ea-80f2-5e47b13f1b38,19,5.0,,,,11.06,10.36,6.97,11.24,13.91,10.71
2025-12-17T01:41:22.638122,Recipe_C,b54cb98d-8adf-48ea-80f2-5e47b13f1b38,19,5.0,,,,8.88,9.18,7.78,10.09,12.85,9.95
2025-12-17T01:41:23.638122,Recipe_C,b54cb98d-8adf-48ea-80f2-5e47b13f1b38,19,5.0,,,,7.43,10.88,10.78,11.62,8.02,8.57
2025-12-17T01:41:24.638122,Recipe_C,b54cb98d-8adf-48ea-80f2-5e47b13f1b38,19,5.0,,,,9.83,11.91,8.51,10.07,5.78,8.14
2025-12-17T01:41:25.638122,Recipe_C,b54cb98d-8adf-48ea-80f2-5e47b13f1b38,19,5.0,,,,11.68,9.96,7.12,10.74,10.83,6.98
2025-12-17T01:41:26.638122,Recipe_C,b54cb98d-8adf-48ea-80f2-5e47b13f1b38,19,5.0,,,,10.37,9.26,12.58,9.89,7.4,12.36
2025-12-17T01:41:27.638122,Recipe_C,b54cb98d-8adf-48ea-80f2-5e47b13f1b38,19,5.0,,,,10.43,9.73,9.68,10.28,13.33,7.26
2025-12-17T01:41:28.638122,Recipe_C,b54cb98d-8adf-48ea-80f2-5e47b13f1b38,19,5.0,,,,9.63,7.97,10.7,10.02,6.91,4.67
2025-12-17T01:41:29.638122,Recipe_C,b54cb98d-8adf-48ea-80f2-5e47b13f1b38,19,2.0,,,,10.88,11.01,5.95,8.05,9.29,10.58
2025-12-17T01:41:30.638122,Recipe_C,b54cb98d-8adf-48ea-80f2-5e47b13f1b38,19,2.0,,,,11.37,12.24,13.69,14.59,9.53,7.17
2025-12-17T01:41:31.638122,Recipe_C,b54cb98d-8adf-48ea-80f2-5e47b13f1b38,19,2.0,,,,11.11,8.18,8.26,9.21,10.8,7.13
2025-12-17T01:41:32.638122,Recipe_C,b54cb98d-8adf-48ea-80f2-5e47b13f1b38,19,2.0,,,,8.88,6.81,10.79,8.7,9.58,8.57
2025-12-17T01:41:33.638122,Recipe_C,b54cb98d-8adf-48ea-80f2-5e47b13f1b38,19,2.0,,,,9.99,11.45,11.32,9.55,7.64,11.58
2025-12-17T01:41:34.638122,Recipe_C,b54cb98d-8adf-48ea-80f2-5e47b13f1b38,19,2.0,,,,9.49,10.11,8.0,10.9,10.34,11.07
2025-12-17T01:41:35.638122,Recipe_C,b54cb98d-8adf-48ea-80f2-5e47b13f1b38,19,2.0,,,,9.19,9.24,11.74,8.41,9.29,6.55
2025-12-17T01:41:36.638122,Recipe_C,b54cb98d-8adf-48ea-80f2-5e47b13f1b38,19,2.0,,,,7.23,9.85,10.47,12.91,11.98,7.62
2025-12-17T01:41:37.638122,Recipe_C,b54cb98d-8adf-48ea-80f2-5e47b13f1b38,19,2.0,,,,10.93,12.09,8.3,13.9,11.78,5.4
2025-12-17T01:41:38.638122,Recipe_C,b54cb98d-8adf-48ea-80f2-5e47b13f1b38,19,2.0,,,,11.24,11.9,9.37,9.36,10.32,11.14
2025-12-17T01:41:39.638122,Recipe_C,b54cb98d-8adf-48ea-80f2-5e47b13f1b38,19,2.0,,,,11.47,9.06,10.24,8.31,9.95,7.11
2025-12-17T01:41:40.638122,Recipe_C,b54cb98d-8adf-48ea-80f2-5e47b13f1b38,19,2.0,,,,10.86,13.08,5.99,10.8,10.28,10.05
2025-12-17T01:41:41.638122,Recipe_C,b54cb98d-8adf-48ea-80f2-5e47b13f1b38,19,2.0,,,,11.99,7.51,10.59,10.9,8.67,9.16
2025-12-17T01:41:42.638122,Recipe_C,b54cb98d-8adf-48ea-80f2-5e47b13f1b38,19,2.0,,,,12.94,8.95,10.38,10.35,9.81,9.01
2025-12-17T01:41:43.638122,Recipe_C,b54cb98d-8adf-48ea-80f2-5e47b13f1b38,19,2.0,,,,10.48,12.94,10.97,8.4,8.69,8.04
2025-12-17T01:41:44.638122,Recipe_C,b54cb98d-8adf-48ea-80f2-5e47b13f1b38,19,2.0,,,,13.27,11.34,9.39,7.63,11.01,7.22
2025-12-17T01:41:45.638122,Recipe_C,b54cb98d-8adf-48ea-80f2-5e47b13f1b38,19,2.0,,,,13.1,9.05,7.38,7.82,9.69,14.09
2025-12-17T01:41:46.638122,Recipe_C,b54cb98d-8adf-48ea-80f2-5e47b13f1b38,19,2.0,,,,9.51,9.89,7.77,5.73,9.85,8.22
2025-12-17T01:41:47.638122,Recipe_C,b54cb98d-8adf-48ea-80f2-5e47b13f1b38,19,2.0,,,,10.29,9.0,6.46,7.45,13.5,11.76
2025-12-17T01:41:48.638122,Recipe_C,b54cb98d-8adf-48ea-80f2-5e47b13f1b38,19,2.0,,,,13.85,14.73,12.88,9.93,10.18,10.75
2025-12-17T01:41:49.638122,Recipe_C,b54cb98d-8adf-48ea-80f2-5e47b13f1b38,19,2.0,,,,10.98,8.01,9.86,10.59,10.72,5.25
2025-12-17T01:41:50.638122,Recipe_C,b54cb98d-8adf-48ea-80f2-5e47b13f1b38,19,2.0,,,,8.64,11.05,9.56,6.23,7.94,8.13
2025-12-17T01:41:51.638122,Recipe_C,b54cb98d-8adf-48ea-80f2-5e47b13f1b38,19,2.0,,,,13.52,8.51,13.16,7.46,8.91,9.57
2025-12-17T01:41:52.638122,Recipe_C,b54cb98d-8adf-48ea-80f2-5e47b13f1b38,19,2.0,,,,7.22,11.84,5.2,9.1,8.5,3.42
2025-12-17T01:41:53.638122,Recipe_C,b54cb98d-8adf-48ea-80f2-5e47b13f1b38,19,2.0,,,,14.71,11.6,10.03,11.76,9.44,10.23
2025-12-17T01:41:54.638122,Recipe_C,b54cb98d-8adf-48ea-80f2-5e47b13f1b38,19,2.0,,,,10.45,9.75,10.79,9.74,11.79,11.71
2025-12-17T01:41:55.638122,Recipe_C,b54cb98d-8adf-48ea-80f2-5e47b13f1b38,19,2.0,,,,8.77,11.59,13.34,9.87,8.21,12.55
2025-12-17T01:41:56.638122,Recipe_C,b54cb98d-8adf-48ea-80f2-5e47b13f1b38,19,2.0,,,,9.76,10.29,14.4,7.53,8.11,10.12
2025-12-17T01:41:57.638122,Recipe_C,b54cb98d-8adf-48ea-80f2-5e47b13f1b38,19,2.0,,,,7.51,9.9,12.41,11.04,9.92,7.83
2025-12-17T01:41:58.638122,Recipe_C,b54cb98d-8adf-48ea-80f2-5e47b13f1b38,19,2.0,,,,9.26,9.96,14.33,10.09,6.77,8.4
2025-12-17T01:41:59.638122,Recipe_C,b54cb98d-8adf-48ea-80f2-5e47b13f1b38,19,2.0,,,,10.32,10.82,7.91,8.05,7.98,14.05
2025-12-17T01:42:00.638122,Recipe_C,b54cb98d-8adf-48ea-80f2-5e47b13f1b38,19,2.0,,,,9.11,5.58,5.57,7.4,8.28,8.64
2025-12-17T01:42:01.638122,Recipe_C,b54cb98d-8adf-48ea-80f2-5e47b13f1b38,19,2.0,,,,9.94,9.63,8.69,10.42,11.04,11.95
2025-12-17T01:42:02.638122,Recipe_C,b54cb98d-8adf-48ea-80f2-5e47b13f1b38,19,2.0,,,,10.54,11.49,11.27,9.26,11.72,6.44
2025-12-17T01:42:03.638122,Recipe_C,b54cb98d-8adf-48ea-80f2-5e47b13f1b38,19,2.0,,,,9.84,9.75,6.98,10.94,12.94,11.04
2025-12-17T01:42:04.638122,Recipe_C,b54cb98d-8adf-48ea-80f2-5e47b13f1b38,19,2.0,,,,11.27,10.25,12.93,10.05,6.47,8.96
2025-12-17T01:42:05.638122,Recipe_C,b54cb98d-8adf-48ea-80f2-5e47b13f1b38,19,2.0,,,,12.18,8.98,11.58,9.09,10.36,9.46
2025-12-17T01:42:06.638122,Recipe_C,b54cb98d-8adf-48ea-80f2-5e47b13f1b38,19,2.0,,,,11.7,11.71,8.04,6.95,8.76,9.01
2025-12-17T01:42:07.638122,Recipe_C,b54cb98d-8adf-48ea-80f2-5e47b13f1b38,19,2.0,,,,8.46,11.18,9.39,10.35,13.22,9.18
2025-12-17T01:42:08.638122,Recipe_C,b54cb98d-8adf-48ea-80f2-5e47b13f1b38,19,2.0,,,,11.09,5.86,9.38,9.81,10.69,9.04
2025-12-17T01:42:09.638122,Recipe_C,b54cb98d-8adf-48ea-80f2-5e47b13f1b38,19,2.0,,,,9.09,10.69,12.4,11.03,7.38,8.43
2025-12-17T01:42:10.638122,Recipe_C,b54cb98d-8adf-48ea-80f2-5e47b13f1b38,19,2.0,,,,8.02,12.36,11.74,10.2,7.72,12.29
2025-12-17T01:42:11.638122,Recipe_C,b54cb98d-8adf-48ea-80f2-5e47b13f1b38,19,2.0,,,,9.84,9.55,11.17,8.36,12.64,13.93
2025-12-17T01:42:12.638122,Recipe_C,b54cb98d-8adf-48ea-80f2-5e47b13f1b38,19,2.0,,,,10.04,7.38,6.84,10.92,9.14,8.95
2025-12-17T01:42:13.638122,Recipe_C,b54cb98d-8adf-48ea-80f2-5e47b13f1b38,19,2.0,,,,10.95,4.67,8.44,10.89,9.07,8.56
2025-12-17T01:42:14.638122,Recipe_C,b54cb98d-8adf-48ea-80f2-5e47b13f1b38,19,2.0,,,,9.05,10.29,10.83,9.52,13.03,9.78
2025-12-17T01:42:15.638122,Recipe_C,b54cb98d-8adf-48ea-80f2-5e47b13f1b38,19,2.0,,,,10.48,12.55,9.14,9.04,11.65,7.92
2025-12-17T01:42:16.638122,Recipe_C,b54cb98d-8adf-48ea-80f2-5e47b13f1b38,19,2.0,,,,10.94,10.59,11.46,10.9,9.79,9.51
2025-12-17T01:42:17.638122,Recipe_C,b54cb98d-8adf-48ea-80f2-5e47b13f1b38,19,2.0,,,,12.15,13.96,10.04,10.18,11.27,8.19
2025-12-17T01:42:18.638122,Recipe_C,b54cb98d-8adf-48ea-80f2-5e47b13f1b38,19,2.0,,,,8.92,7.58,8.98,8.44,11.72,13.18
2025-12-17T01:42:19.638122,Recipe_C,b54cb98d-8adf-48ea-80f2-5e47b13f1b38,19,2.0,,,,9.53,9.04,6.39,7.85,10.37,8.46
2025-12-17T01:42:20.638122,Recipe_C,b54cb98d-8adf-48ea-80f2-5e47b13f1b38,19,2.0,,,,8.96,13.79,8.75,10.7,7.32,12.51
2025-12-17T01:42:21.638122,Recipe_C,b54cb98d-8adf-48ea-80f2-5e47b13f1b38,19,2.0,,,,9.39,8.53,9.23,11.08,12.84,8.43
2025-12-17T01:42:22.638122,Recipe_C,b54cb98d-8adf-48ea-80f2-5e47b13f1b38,19,2.0,,,,5.61,8.71,9.32,9.8,10.65,8.46
2025-12-17T01:42:23.638122,Recipe_C,b54cb98d-8adf-48ea-80f2-5e47b13f1b38,19,2.0,,,,11.18,10.27,12.33,11.3,12.97,7.74
2025-12-17T01:42:24.638122,Recipe_C,b54cb98d-8adf-48ea-80f2-5e47b13f1b38,19,2.0,,,,6.76,10.95,8.77,10.59,8.13,10.78
2025-12-17T01:42:25.638122,Recipe_C,b54cb98d-8adf-48ea-80f2-5e47b13f1b38,19,2.0,,,,13.87,10.59,12.43,9.79,10.66,14.18
2025-12-17T01:42:26.638122,Recipe_C,b54cb98d-8adf-48ea-80f2-5e47b13f1b38,19,2.0,,,,7.27,7.39,10.87,11.57,10.35,10.99
2025-12-17T01:42:27.638122,Recipe_C,b54cb98d-8adf-48ea-80f2-5e47b13f1b38,19,2.0,,,,11.78,11.12,11.72,11.97,7.33,13.0
2025-12-17T01:42:28.638122,Recipe_C,b54cb98d-8adf-48ea-80f2-5e47b13f1b38,19,2.0,,,,6.85,10.41,10.43,10.41,11.47,11.08
2025-12-17T01:42:29.638122,Recipe_C,b54cb98d-8adf-48ea-80f2-5e47b13f1b38,19,2.0,,,,10.34,9.35,10.07,12.57,8.99,11.17
2025-12-17T01:42:30.638122,Recipe_C,b54cb98d-8adf-48ea-80f2-5e47b13f1b38,19,2.0,,,,9.16,10.51,10.6,10.06,10.38,5.78
2025-12-17T01:42:31.638122,Recipe_C,b54cb98d-8adf-48ea-80f2-5e47b13f1b38,19,2.0,,,,9.84,7.9,9.18,10.7,9.35,9.52
2025-12-17T01:42:32.638122,Recipe_C,b54cb98d-8adf-48ea-80f2-5e47b13f1b38,19,2.0,,,,9.63,9.91,10.61,7.51,7.17,12.91
2025-12-17T01:42:33.638122,Recipe_C,b54cb98d-8adf-48ea-80f2-5e47b13f1b38,19,2.0,,,,12.13,8.06,8.77,7.62,9.82,9.66
2025-12-17T01:42:34.638122,Recipe_C,b54cb98d-8adf-48ea-80f2-5e47b13f1b38,19,2.0,,,,11.68,9.7,10.83,11.3,9.7,10.58
2025-12-17T01:42:35.638122,Recipe_C,b54cb98d-8adf-48ea-80f2-5e47b13f1b38,19,2.0,,,,7.1,9.0,5.66,9.45,10.19,14.64
2025-12-17T01:42:36.638122,Recipe_C,b54cb98d-8adf-48ea-80f2-5e47b13f1b38,19,2.0,,,,10.93,11.02,6.93,11.15,11.63,8.51
2025-12-17T01:42:37.638122,Recipe_C,b54cb98d-8adf-48ea-80f2-5e47b13f1b38,19,2.0,,,,9.46,15.34,10.56,10.75,9.73,10.55
2025-12-17T01:42:38.638122,Recipe_C,b54cb98d-8adf-48ea-80f2-5e47b13f1b38,19,2.0,,,,12.81,11.02,11.22,7.76,11.23,10.33
2025-12-17T01:42:39.638122,Recipe_C,b54cb98d-8adf-48ea-80f2-5e47b13f1b38,19,2.0,,,,8.42,10.46,10.82,9.44,12.31,6.87
2025-12-17T01:42:40.638122,Recipe_C,b54cb98d-8adf-48ea-80f2-5e47b13f1b38,19,2.0,,,,12.19,9.65,9.59,8.69,8.37,8.13
2025-12-17T01:42:41.638122,Recipe_C,b54cb98d-8adf-48ea-80f2-5e47b13f1b38,19,2.0,,,,10.88,9.33,9.31,9.27,8.81,11.41
2025-12-17T01:42:42.638122,Recipe_C,b54cb98d-8adf-48ea-80f2-5e47b13f1b38,19,2.0,,,,8.67,9.91,11.99,9.18,11.13,8.88
2025-12-17T01:42:43.638122,Recipe_C,b54cb98d-8adf-48ea-80f2-5e47b13f1b38,19,2.0,,,,10.89,12.26,9.61,7.78,10.59,12.43
2025-12-17T01:42:44.638122,Recipe_C,b54cb98d-8adf-48ea-80f2-5e47b13f1b38,19,2.0,,,,9.75,7.59,9.91,11.84,10.38,10.2
2025-12-17T01:42:45.638122,Recipe_C,b54cb98d-8adf-48ea-80f2-5e47b13f1b38,19,2.0,,,,9.38,7.56,9.44,9.23,7.69,10.82
2025-12-17T01:42:46.638122,Recipe_C,b54cb98d-8adf-48ea-80f2-5e47b13f1b38,19,2.0,,,,6.1,9.62,8.46,10.53,9.42,11.97
2025-12-17T01:42:47.638122,Recipe_C,b54cb98d-8adf-48ea-80f2-5e47b13f1b38,19,2.0,,,,9.26,7.43,10.6,9.89,10.8,11.76
2025-12-17T01:42:48.638122,Recipe_C,b54cb98d-8adf-48ea-80f2-5e47b13f1b38,19,2.0,,,,12.16,8.43,9.9,12.22,9.24,8.81
2025-12-17T01:42:49.638122,Recipe_C,b54cb98d-8adf-48ea-80f2-5e47b13f1b38,19,2.0,,,,8.73,7.07,10.53,8.04,8.53,7.78
2025-12-17T01:42:50.638122,Recipe_C,b54cb98d-8adf-48ea-80f2-5e47b13f1b38,19,2.0,,,,8.31,10.05,6.21,7.76,10.91,9.5
2025-12-17T01:42:51.638122,Recipe_C,b54cb98d-8adf-48ea-80f2-5e47b13f1b38,19,2.0,,,,9.74,13.34,12.66,9.76,10.54,9.19
2025-12-17T01:42:52.638122,Recipe_C,b54cb98d-8adf-48ea-80f2-5e47b13f1b38,19,2.0,,,,10.33,13.53,7.29,11.0,12.44,14.58
2025-12-17T01:42:53.638122,Recipe_C,b54cb98d-8adf-48ea-80f2-5e47b13f1b38,19,2.0,,,,15.14,8.35,9.35,11.79,14.07,12.34
2025-12-17T01:42:54.638122,Recipe_C,b54cb98d-8adf-48ea-80f2-5e47b13f1b38,19,2.0,,,,10.25,10.83,12.03,11.11,7.72,11.96
2025-12-17T01:42:55.638122,Recipe_C,b54cb98d-8adf-48ea-80f2-5e47b13f1b38,19,2.0,,,,10.75,11.44,10.52,10.08,13.29,8.38
2025-12-17T01:42:55.638122,Recipe_C,b54cb98d-8adf-48ea-80f2-5e47b13f1b38,19,2.0,Warning_8,Simulated Warning occurred,Warning,,,,,,
2025-12-17T01:42:56.638122,Recipe_C,b54cb98d-8adf-48ea-80f2-5e47b13f1b38,19,2.0,,,,15.27,12.85,11.29,10.86,7.67,15.11
2025-12-17T01:42:57.638122,Recipe_C,b54cb98d-8adf-48ea-80f2-5e47b13f1b38,19,2.0,,,,8.25,12.82,8.49,11.21,9.64,8.47
2025-12-17T01:42:58.638122,Recipe_C,b54cb98d-8adf-48ea-80f2-5e47b13f1b38,19,2.0,,,,10.58,9.01,9.27,10.22,9.71,10.07
2025-12-17T01:42:59.638122,Recipe_C,b54cb98d-8adf-48ea-80f2-5e47b13f1b38,19,2.0,,,,9.38,7.07,7.34,9.74,8.76,10.59
2025-12-17T01:43:00.638122,Recipe_C,b54cb98d-8adf-48ea-80f2-5e47b13f1b38,19,2.0,,,,11.16,10.97,11.36,9.86,7.51,11.72
2025-12-17T01:43:01.638122,Recipe_C,b54cb98d-8adf-48ea-80f2-5e47b13f1b38,19,2.0,,,,9.81,6.44,5.67,9.03,7.74,11.29
2025-12-17T01:43:02.638122,Recipe_C,b54cb98d-8adf-48ea-80f2-5e47b13f1b38,19,2.0,,,,10.93,10.0,8.21,9.8,8.48,10.1
2025-12-17T01:43:03.638122,Recipe_C,b54cb98d-8adf-48ea-80f2-5e47b13f1b38,19,2.0,,,,12.53,12.96,7.37,10.44,9.11,11.89
2025-12-17T01:43:04.638122,Recipe_C,b54cb98d-8adf-48ea-80f2-5e47b13f1b38,19,2.0,,,,13.36,13.45,12.63,9.86,7.03,9.82
2025-12-17T01:43:05.638122,Recipe_C,b54cb98d-8adf-48ea-80f2-5e47b13f1b38,19,2.0,,,,10.14,10.29,11.87,13.08,7.83,11.93
2025-12-17T01:43:06.638122,Recipe_C,b54cb98d-8adf-48ea-80f2-5e47b13f1b38,19,2.0,,,,8.45,9.56,7.54,10.71,9.78,9.24
2025-12-17T01:43:07.638122,Recipe_C,b54cb98d-8adf-48ea-80f2-5e47b13f1b38,19,2.0,,,,10.29,11.74,6.73,9.31,12.46,7.24
2025-12-17T01:43:08.638122,Recipe_C,b54cb98d-8adf-48ea-80f2-5e47b13f1b38,19,2.0,,,,12.61,9.65,9.65,11.78,9.17,6.96
2025-12-17T01:43:09.638122,Recipe_C,b54cb98d-8adf-48ea-80f2-5e47b13f1b38,19,2.0,,,,10.57,9.45,8.3,9.83,12.53,9.32
2025-12-17T01:43:10.638122,Recipe_C,b54cb98d-8adf-48ea-80f2-5e47b13f1b38,19,2.0,,,,10.98,9.47,9.33,12.24,9.53,8.86
2025-12-17T01:43:11.638122,Recipe_C,b54cb98d-8adf-48ea-80f2-5e47b13f1b38,19,2.0,,,,11.0,8.88,11.21,7.5,8.6,8.84
2025-12-17T01:43:12.638122,Recipe_C,b54cb98d-8adf-48ea-80f2-5e47b13f1b38,19,4.0,,,,96.27,50.66,45.35,49.31,56.83,52.27
2025-12-17T01:43:13.638122,Recipe_C,b54cb98d-8adf-48ea-80f2-5e47b13f1b38,19,4.0,,,,100.16,50.23,43.93,48.03,49.53,53.17
2025-12-17T01:43:14.638122,Recipe_C,b54cb98d-8adf-48ea-80f2-5e47b13f1b38,19,4.0,,,,104.47,47.08,51.8,45.03,43.95,46.98
2025-12-17T01:43:15.638122,Recipe_C,b54cb98d-8adf-48ea-80f2-5e47b13f1b38,19,4.0,,,,99.41,42.18,47.87,49.02,52.53,58.56
2025-12-17T01:43:16.638122,Recipe_C,b54cb98d-8adf-48ea-80f2-5e47b13f1b38,19,4.0,,,,101.32,47.11,48.91,51.28,51.6,48.59
2025-12-17T01:43:17.638122,Recipe_C,b54cb98d-8adf-48ea-80f2-5e47b13f1b38,19,4.0,,,,103.76,53.15,44.12,51.16,43.29,56.15
2025-12-17T01:43:18.638122,Recipe_C,b54cb98d-8adf-48ea-80f2-5e47b13f1b38,19,4.0,,,,96.02,46.37,48.91,57.1,45.11,48.94
2025-12-17T01:43:19.638122,Recipe_C,b54cb98d-8adf-48ea-80f2-5e47b13f1b38,19,4.0,,,,102.63,50.31,55.69,51.43,47.2,51.91
2025-12-17T01:43:20.638122,Recipe_C,b54cb98d-8adf-48ea-80f2-5e47b13f1b38,19,4.0,,,,111.65,51.04,48.79,55.18,58.92,54.05
2025-12-17T01:43:21.638122,Recipe_C,b54cb98d-8adf-48ea-80f2-5e47b13f1b38,19,4.0,,,,101.05,57.37,48.58,43.69,52.8,49.19
2025-12-17T01:43:22.638122,Recipe_C,b54cb98d-8adf-48ea-80f2-5e47b13f1b38,19,4.0,,,,104.2,57.95,50.7,52.8,53.83,48.57
2025-12-17T01:43:23.638122,Recipe_C,b54cb98d-8adf-48ea-80f2-5e47b13f1b38,19,4.0,,,,98.3,40.08,54.09,40.87,51.65,50.12
2025-12-17T01:43:24.638122,Recipe_C,b54cb98d-8adf-48ea-80f2-5e47b13f1b38,19,4.0,,,,105.06,55.92,52.79,57.01,50.37,44.11
2025-12-17T01:43:24.638122,Recipe_C,b54cb98d-8adf-48ea-80f2-5e47b13f1b38,19,4.0,Warning_9,Simulated Warning occurred,Warning,,,,,,
2025-12-17T01:43:25.638122,Recipe_C,b54cb98d-8adf-48ea-80f2-5e47b13f1b38,19,4.0,,,,102.97,52.79,49.73,48.38,54.61,46.09
2025-12-17T01:43:26.638122,Recipe_C,b54cb98d-8adf-48ea-80f2-5e47b13f1b38,19,4.0,,,,103.12,51.46,48.24,56.64,44.18,54.38
2025-12-17T01:43:27.638122,Recipe_C,b54cb98d-8adf-48ea-80f2-5e47b13f1b38,19,4.0,,,,105.92,54.95,45.31,48.51,56.14,56.87
2025-12-17T01:43:28.638122,Recipe_C,b54cb98d-8adf-48ea-80f2-5e47b13f1b38,19,4.0,,,,94.65,53.48,48.26,41.1,53.55,41.14
2025-12-17T01:43:29.638122,Recipe_C,b54cb98d-8adf-48ea-80f2-5e47b13f1b38,19,4.0,,,,108.11,54.03,49.08,45.8,49.99,47.3
2025-12-17T01:43:30.638122,Recipe_C,b54cb98d-8adf-48ea-80f2-5e47b13f1b38,19,2.0,,,,9.87,7.04,11.82,12.91,12.11,7.63
2025-12-17T01:43:31.638122,Recipe_C,b54cb98d-8adf-48ea-80f2-5e47b13f1b38,19,2.0,,,,12.76,8.71,4.9,11.16,12.7,11.22
2025-12-17T01:43:32.638122,Recipe_C,b54cb98d-8adf-48ea-80f2-5e47b13f1b38,19,2.0,,,,7.05,10.81,9.89,10.73,10.28,9.0
2025-12-17T01:43:33.638122,Recipe_C,b54cb98d-8adf-48ea-80f2-5e47b13f1b38,19,2.0,,,,8.18,12.28,9.89,12.71,9.6,7.75
2025-12-17T01:43:34.638122,Recipe_C,b54cb98d-8adf-48ea-80f2-5e47b13f1b38,19,2.0,,,,9.28,8.49,6.87,9.14,10.01,8.09
2025-12-17T01:43:35.638122,Recipe_C,b54cb98d-8adf-48ea-80f2-5e47b13f1b38,19,2.0,,,,12.68,11.07,9.85,13.5,9.07,12.26
2025-12-17T01:43:36.638122,Recipe_C,b54cb98d-8adf-48ea-80f2-5e47b13f1b38,19,0.0,,,,0.0,0.0,0.0,0.0,0.0,0.0
2025-12-17T01:43:37.638122,Recipe_C,b54cb98d-8adf-48ea-80f2-5e47b13f1b38,19,0.0,,,,0.0,0.0,0.0,0.0,0.0,0.0
2025-12-17T01:43:38.638122,Recipe_C,b54cb98d-8adf-48ea-80f2-5e47b13f1b38,19,0.0,,,,0.0,0.0,0.0,0.0,0.0,0.0
2025-12-17T01:43:39.638122,Recipe_C,b54cb98d-8adf-48ea-80f2-5e47b13f1b38,19,0.0,,,,0.0,0.0,0.0,0.0,0.0,0.0
2025-12-17T01:43:40.638122,Recipe_C,b54cb98d-8adf-48ea-80f2-5e47b13f1b38,19,0.0,,,,0.0,0.0,0.0,0.0,0.0,0.0
2025-12-17T01:43:41.638122,Recipe_C,b54cb98d-8adf-48ea-80f2-5e47b13f1b38,19,0.0,,,,0.0,0.0,0.0,0.0,0.0,0.0
2025-12-17T01:43:42.638122,Recipe_C,b54cb98d-8adf-48ea-80f2-5e47b13f1b38,19,0.0,,,,0.0,0.0,0.0,0.0,0.0,0.0
2025-12-17T01:43:43.638122,Recipe_C,b54cb98d-8adf-48ea-80f2-5e47b13f1b38,19,0.0,,,,0.0,0.0,0.0,0.0,0.0,0.0
2025-12-17T01:43:44.638122,Recipe_C,b54cb98d-8adf-48ea-80f2-5e47b13f1b38,19,0.0,,,,0.0,0.0,0.0,0.0,0.0,0.0
2025-12-17T01:43:45.638122,Recipe_C,b54cb98d-8adf-48ea-80f2-5e47b13f1b38,19,0.0,,,,0.0,0.0,0.0,0.0,0.0,0.0
2025-12-17T01:43:46.638122,Recipe_C,b54cb98d-8adf-48ea-80f2-5e47b13f1b38,19,0.0,,,,0.0,0.0,0.0,0.0,0.0,0.0
2025-12-17T01:43:47.638122,Recipe_C,b54cb98d-8adf-48ea-80f2-5e47b13f1b38,19,0.0,,,,0.0,0.0,0.0,0.0,0.0,0.0
2025-12-17T01:43:48.638122,Recipe_C,b54cb98d-8adf-48ea-80f2-5e47b13f1b38,19,0.0,,,,0.0,0.0,0.0,0.0,0.0,0.0
2025-12-17T01:43:48.638122,Recipe_C,b54cb98d-8adf-48ea-80f2-5e47b13f1b38,19,0.0,Warning_1,Simulated Warning occurred,Warning,,,,,,
2025-12-17T01:43:49.638122,Recipe_C,b54cb98d-8adf-48ea-80f2-5e47b13f1b38,19,0.0,,,,0.0,0.0,0.0,0.0,0.0,0.0
2025-12-17T01:43:50.638122,Recipe_C,b54cb98d-8adf-48ea-80f2-5e47b13f1b38,19,0.0,,,,0.0,0.0,0.0,0.0,0.0,0.0
2025-12-17T01:43:51.638122,Recipe_C,b54cb98d-8adf-48ea-80f2-5e47b13f1b38,19,0.0,,,,0.0,0.0,0.0,0.0,0.0,0.0
2025-12-17T01:43:52.638122,Recipe_C,b54cb98d-8adf-48ea-80f2-5e47b13f1b38,19,0.0,,,,0.0,0.0,0.0,0.0,0.0,0.0
2025-12-17T01:43:53.638122,Recipe_C,b54cb98d-8adf-48ea-80f2-5e47b13f1b38,19,3.0,,,,8.06,11.42,10.62,7.7,4.92,5.77
2025-12-17T01:43:54.638122,Recipe_C,b54cb98d-8adf-48ea-80f2-5e47b13f1b38,19,3.0,,,,11.86,12.86,11.82,11.45,10.32,8.25
2025-12-17T01:43:55.638122,Recipe_C,b54cb98d-8adf-48ea-80f2-5e47b13f1b38,19,3.0,,,,7.71,9.81,11.07,11.81,14.3,7.59
2025-12-17T01:43:56.638122,Recipe_C,b54cb98d-8adf-48ea-80f2-5e47b13f1b38,19,3.0,,,,13.54,4.21,8.79,9.38,10.65,12.43
2025-12-17T01:43:57.638122,Recipe_C,b54cb98d-8adf-48ea-80f2-5e47b13f1b38,19,3.0,,,,10.13,7.25,12.74,11.28,9.89,8.94
2025-12-17T01:43:58.638122,Recipe_C,b54cb98d-8adf-48ea-80f2-5e47b13f1b38,19,3.0,,,,6.87,12.02,8.3,9.8,10.97,9.1
2025-12-17T01:43:59.638122,Recipe_C,b54cb98d-8adf-48ea-80f2-5e47b13f1b38,19,3.0,,,,11.52,12.02,9.24,9.84,7.9,9.01
2025-12-17T01:44:00.638122,Recipe_C,b54cb98d-8adf-48ea-80f2-5e47b13f1b38,19,3.0,,,,12.46,11.27,11.06,11.96,7.97,13.09
2025-12-17T01:44:01.638122,Recipe_C,b54cb98d-8adf-48ea-80f2-5e47b13f1b38,19,3.0,,,,12.01,8.44,13.35,13.41,12.51,9.04
2025-12-17T01:44:02.638122,Recipe_C,b54cb98d-8adf-48ea-80f2-5e47b13f1b38,19,3.0,,,,13.33,5.39,9.75,13.0,6.25,10.92
2025-12-17T01:44:03.638122,Recipe_C,b54cb98d-8adf-48ea-80f2-5e47b13f1b38,19,3.0,,,,10.21,11.28,6.12,7.25,10.1,10.47
2025-12-17T01:44:04.638122,Recipe_C,b54cb98d-8adf-48ea-80f2-5e47b13f1b38,19,3.0,,,,6.11,8.85,13.74,8.18,6.53,10.41
2025-12-17T01:44:05.638122,Recipe_C,b54cb98d-8adf-48ea-80f2-5e47b13f1b38,19,3.0,,,,12.89,11.32,7.65,8.88,9.72,11.32
2025-12-17T01:44:06.638122,Recipe_C,b54cb98d-8adf-48ea-80f2-5e47b13f1b38,19,3.0,,,,13.38,7.86,7.44,10.39,13.22,8.49
2025-12-17T01:44:07.638122,Recipe_C,b54cb98d-8adf-48ea-80f2-5e47b13f1b38,19,3.0,,,,12.24,6.43,10.48,9.7,10.83,12.53
2025-12-17T01:44:08.638122,Recipe_C,b54cb98d-8adf-48ea-80f2-5e47b13f1b38,19,3.0,,,,8.6,7.41,7.19,11.18,12.87,10.09
2025-12-17T01:44:09.638122,Recipe_C,b54cb98d-8adf-48ea-80f2-5e47b13f1b38,19,3.0,,,,11.01,8.36,10.01,10.68,11.37,8.91
2025-12-17T01:44:10.638122,Recipe_C,b54cb98d-8adf-48ea-80f2-5e47b13f1b38,19,3.0,,,,10.97,8.69,11.48,8.84,8.84,11.73
2025-12-17T01:44:11.638122,Recipe_C,b54cb98d-8adf-48ea-80f2-5e47b13f1b38,19,3.0,,,,9.78,10.71,14.47,12.25,11.89,11.29
2025-12-17T01:44:12.638122,Recipe_C,b54cb98d-8adf-48ea-80f2-5e47b13f1b38,19,3.0,,,,10.88,7.82,10.31,9.18,8.54,8.44
2025-12-17T01:44:13.638122,Recipe_C,b54cb98d-8adf-48ea-80f2-5e47b13f1b38,19,3.0,,,,11.04,12.48,11.98,6.91,9.39,9.99
2025-12-17T01:44:14.638122,Recipe_C,b54cb98d-8adf-48ea-80f2-5e47b13f1b38,19,3.0,,,,4.15,9.29,7.29,11.76,7.76,8.32
2025-12-17T01:44:15.638122,Recipe_C,b54cb98d-8adf-48ea-80f2-5e47b13f1b38,19,3.0,,,,13.21,10.8,9.09,11.63,10.3,11.55
2025-12-17T01:44:16.638122,Recipe_C,b54cb98d-8adf-48ea-80f2-5e47b13f1b38,19,3.0,,,,9.97,10.29,12.11,10.48,6.15,10.04
2025-12-17T01:44:17.638122,Recipe_C,b54cb98d-8adf-48ea-80f2-5e47b13f1b38,19,3.0,,,,7.35,11.26,10.66,12.52,9.73,6.65
2025-12-17T01:44:18.638122,Recipe_C,b54cb98d-8adf-48ea-80f2-5e47b13f1b38,19,3.0,,,,11.48,11.57,8.71,10.5,8.35,8.7
2025-12-17T01:44:19.638122,Recipe_C,b54cb98d-8adf-48ea-80f2-5e47b13f1b38,19,3.0,,,,9.87,13.31,13.88,11.44,8.7,12.42
2025-12-17T01:44:20.638122,Recipe_C,b54cb98d-8adf-48ea-80f2-5e47b13f1b38,19,3.0,,,,10.09,10.59,11.28,6.85,8.77,13.08
2025-12-17T01:44:21.638122,Recipe_C,b54cb98d-8adf-48ea-80f2-5e47b13f1b38,19,3.0,,,,11.78,7.13,9.54,8.43,11.58,11.96
2025-12-17T01:44:22.638122,Recipe_C,b54cb98d-8adf-48ea-80f2-5e47b13f1b38,19,3.0,,,,11.19,6.01,10.44,10.22,10.82,8.32
2025-12-17T01:44:23.638122,Recipe_C,b54cb98d-8adf-48ea-80f2-5e47b13f1b38,19,3.0,,,,8.81,8.1,13.95,10.18,11.7,6.99
2025-12-17T01:44:24.638122,Recipe_C,b54cb98d-8adf-48ea-80f2-5e47b13f1b38,19,3.0,,,,7.61,12.09,11.9,10.27,6.46,11.12
2025-12-17T01:44:25.638122,Recipe_C,b54cb98d-8adf-48ea-80f2-5e47b13f1b38,19,3.0,,,,9.0,7.59,8.39,8.98,6.61,8.11
2025-12-17T01:44:26.638122,Recipe_C,b54cb98d-8adf-48ea-80f2-5e47b13f1b38,19,3.0,,,,6.4,7.81,10.75,10.22,12.53,10.68
2025-12-17T01:44:27.638122,Recipe_C,b54cb98d-8adf-48ea-80f2-5e47b13f1b38,19,3.0,,,,6.46,3.88,8.17,11.82,7.77,9.8
2025-12-17T01:44:28.638122,Recipe_C,b54cb98d-8adf-48ea-80f2-5e47b13f1b38,19,3.0,,,,11.83,9.94,9.33,10.07,10.93,6.45
2025-12-17T01:44:29.638122,Recipe_C,b54cb98d-8adf-48ea-80f2-5e47b13f1b38,19,3.0,,,,6.76,8.11,7.39,9.74,6.33,11.88
2025-12-17T01:44:30.638122,Recipe_C,b54cb98d-8adf-48ea-80f2-5e47b13f1b38,19,3.0,,,,8.97,11.8,9.51,10.97,7.36,10.05
2025-12-17T01:44:31.638122,Recipe_C,b54cb98d-8adf-48ea-80f2-5e47b13f1b38,19,3.0,,,,9.68,11.83,11.23,11.65,8.85,7.85
2025-12-17T01:44:32.638122,Recipe_C,b54cb98d-8adf-48ea-80f2-5e47b13f1b38,19,3.0,,,,12.34,11.66,11.28,8.26,8.89,11.01
2025-12-17T01:44:33.638122,Recipe_C,b54cb98d-8adf-48ea-80f2-5e47b13f1b38,19,3.0,,,,8.39,12.33,8.37,10.03,11.13,10.3
2025-12-17T01:44:34.638122,Recipe_C,b54cb98d-8adf-48ea-80f2-5e47b13f1b38,19,3.0,,,,9.94,8.71,10.99,10.71,11.18,9.26
2025-12-17T01:44:35.638122,Recipe_C,b54cb98d-8adf-48ea-80f2-5e47b13f1b38,19,3.0,,,,9.25,9.43,10.34,7.16,6.71,13.01
2025-12-17T01:44:36.638122,Recipe_C,b54cb98d-8adf-48ea-80f2-5e47b13f1b38,19,3.0,,,,8.7,6.45,15.08,12.28,8.78,9.78
2025-12-17T01:44:37.638122,Recipe_C,b54cb98d-8adf-48ea-80f2-5e47b13f1b38,19,3.0,,,,11.83,9.61,10.15,9.01,9.99,11.49
2025-12-17T01:44:38.638122,Recipe_C,b54cb98d-8adf-48ea-80f2-5e47b13f1b38,19,3.0,,,,9.98,11.57,8.97,9.55,11.64,12.78
2025-12-17T01:44:39.638122,Recipe_C,b54cb98d-8adf-48ea-80f2-5e47b13f1b38,19,3.0,,,,9.2,8.88,11.09,11.84,11.95,10.69
2025-12-17T01:44:40.638122,Recipe_C,b54cb98d-8adf-48ea-80f2-5e47b13f1b38,19,3.0,,,,9.12,9.34,7.76,11.91,9.7,11.64
2025-12-17T01:44:41.638122,Recipe_C,b54cb98d-8adf-48ea-80f2-5e47b13f1b38,19,3.0,,,,10.96,10.13,12.79,11.13,8.06,11.1
2025-12-17T01:44:42.638122,Recipe_C,b54cb98d-8adf-48ea-80f2-5e47b13f1b38,19,3.0,,,,10.5,11.36,7.49,11.83,11.23,4.45
2025-12-17T01:44:43.638122,Recipe_C,b54cb98d-8adf-48ea-80f2-5e47b13f1b38,19,3.0,,,,10.44,6.31,10.61,11.85,9.8,14.23
2025-12-17T01:44:44.638122,Recipe_C,b54cb98d-8adf-48ea-80f2-5e47b13f1b38,19,3.0,,,,8.54,8.96,9.4,10.15,10.91,11.15
2025-12-17T01:44:45.638122,Recipe_C,b54cb98d-8adf-48ea-80f2-5e47b13f1b38,19,3.0,,,,12.96,12.92,5.9,12.31,9.62,11.37
2025-12-17T01:44:46.638122,Recipe_C,b54cb98d-8adf-48ea-80f2-5e47b13f1b38,19,3.0,,,,7.69,7.44,7.07,9.44,13.19,13.44
2025-12-17T01:44:47.638122,Recipe_C,b54cb98d-8adf-48ea-80f2-5e47b13f1b38,19,3.0,,,,8.31,9.34,12.45,8.24,14.5,15.15
2025-12-17T01:44:48.638122,Recipe_C,b54cb98d-8adf-48ea-80f2-5e47b13f1b38,19,3.0,,,,8.9,12.37,8.38,6.37,9.61,10.01
2025-12-17T01:44:49.638122,Recipe_C,b54cb98d-8adf-48ea-80f2-5e47b13f1b38,19,3.0,,,,10.8,10.68,4.87,8.87,12.01,11.52
2025-12-17T01:44:50.638122,Recipe_C,b54cb98d-8adf-48ea-80f2-5e47b13f1b38,19,0.0,,,,0.0,0.0,0.0,0.0,0.0,0.0
2025-12-17T01:44:51.638122,Recipe_C,b54cb98d-8adf-48ea-80f2-5e47b13f1b38,19,3.0,,,,12.06,10.8,10.98,10.87,11.25,11.7
2025-12-17T01:44:52.638122,Recipe_C,b54cb98d-8adf-48ea-80f2-5e47b13f1b38,19,3.0,,,,7.92,9.49,14.13,10.5,11.94,9.56
2025-12-17T01:44:53.638122,Recipe_C,b54cb98d-8adf-48ea-80f2-5e47b13f1b38,19,3.0,,,,8.16,6.33,12.66,8.4,12.21,11.51
2025-12-17T01:44:54.638122,Recipe_C,b54cb98d-8adf-48ea-80f2-5e47b13f1b38,19,3.0,,,,6.5,6.97,9.99,9.78,11.5,12.63
2025-12-17T01:44:55.638122,Recipe_C,b54cb98d-8adf-48ea-80f2-5e47b13f1b38,19,3.0,,,,9.95,12.04,11.67,11.0,9.58,13.22
2025-12-17T01:44:56.638122,Recipe_C,b54cb98d-8adf-48ea-80f2-5e47b13f1b38,19,3.0,,,,12.29,9.5,10.26,11.86,8.16,13.88
2025-12-17T01:44:57.638122,Recipe_C,b54cb98d-8adf-48ea-80f2-5e47b13f1b38,19,3.0,,,,9.49,9.72,9.01,13.46,13.32,8.03
2025-12-17T01:44:58.638122,Recipe_C,b54cb98d-8adf-48ea-80f2-5e47b13f1b38,19,3.0,,,,12.07,12.69,11.57,10.43,10.51,12.29
2025-12-17T01:44:59.638122,Recipe_C,b54cb98d-8adf-48ea-80f2-5e47b13f1b38,19,3.0,,,,9.63,8.49,8.67,14.95,11.3,11.05
2025-12-17T01:45:00.638122,Recipe_C,b54cb98d-8adf-48ea-80f2-5e47b13f1b38,19,3.0,,,,9.28,10.71,10.93,10.79,7.71,10.64
2025-12-17T01:45:01.638122,Recipe_C,b54cb98d-8adf-48ea-80f2-5e47b13f1b38,19,3.0,,,,9.15,9.71,8.72,8.51,9.44,11.9
2025-12-17T01:45:02.638122,Recipe_C,b54cb98d-8adf-48ea-80f2-5e47b13f1b38,19,3.0,,,,12.99,11.0,7.1,10.1,7.13,8.18
2025-12-17T01:45:03.638122,Recipe_C,b54cb98d-8adf-48ea-80f2-5e47b13f1b38,19,3.0,,,,10.69,9.52,9.67,10.5,14.12,8.44
2025-12-17T01:45:04.638122,Recipe_C,b54cb98d-8adf-48ea-80f2-5e47b13f1b38,19,3.0,,,,8.96,10.94,13.52,7.93,8.44,9.83
2025-12-17T01:45:05.638122,Recipe_C,b54cb98d-8adf-48ea-80f2-5e47b13f1b38,19,3.0,,,,11.33,10.53,9.55,12.36,10.32,10.86
2025-12-17T01:45:06.638122,Recipe_C,b54cb98d-8adf-48ea-80f2-5e47b13f1b38,19,3.0,,,,10.11,7.27,9.73,15.54,8.64,8.56
2025-12-17T01:45:07.638122,Recipe_C,b54cb98d-8adf-48ea-80f2-5e47b13f1b38,19,3.0,,,,9.55,12.37,10.52,11.36,9.77,10.88
2025-12-17T01:45:08.638122,Recipe_C,b54cb98d-8adf-48ea-80f2-5e47b13f1b38,19,3.0,,,,11.88,8.37,10.83,9.58,6.52,8.01
2025-12-17T01:45:09.638122,Recipe_C,b54cb98d-8adf-48ea-80f2-5e47b13f1b38,19,3.0,,,,9.65,6.89,8.34,11.19,11.44,14.36
2025-12-17T01:45:10.638122,Recipe_C,b54cb98d-8adf-48ea-80f2-5e47b13f1b38,19,3.0,,,,10.99,10.66,10.78,11.93,10.78,11.15
2025-12-17T01:45:11.638122,Recipe_C,b54cb98d-8adf-48ea-80f2-5e47b13f1b38,19,3.0,,,,10.58,9.34,9.08,10.32,12.04,11.13
2025-12-17T01:45:12.638122,Recipe_C,b54cb98d-8adf-48ea-80f2-5e47b13f1b38,19,3.0,,,,8.45,12.49,6.54,11.21,11.71,10.78
2025-12-17T01:45:13.638122,Recipe_C,b54cb98d-8adf-48ea-80f2-5e47b13f1b38,19,3.0,,,,11.46,12.39,11.59,8.47,13.27,10.89
2025-12-17T01:45:14.638122,Recipe_C,b54cb98d-8adf-48ea-80f2-5e47b13f1b38,19,3.0,,,,10.68,11.55,8.62,11.78,10.07,7.3
2025-12-17T01:45:15.638122,Recipe_C,b54cb98d-8adf-48ea-80f2-5e47b13f1b38,19,3.0,,,,11.71,10.59,9.94,12.98,10.7,7.79
2025-12-17T01:45:16.638122,Recipe_C,b54cb98d-8adf-48ea-80f2-5e47b13f1b38,19,3.0,,,,7.54,8.26,10.69,10.86,8.11,8.61
2025-12-17T01:45:17.638122,Recipe_C,b54cb98d-8adf-48ea-80f2-5e47b13f1b38,19,3.0,,,,5.03,8.11,11.17,10.03,10.93,9.9
2025-12-17T01:45:18.638122,Recipe_C,b54cb98d-8adf-48ea-80f2-5e47b13f1b38,19,3.0,,,,12.21,11.38,11.38,8.66,7.68,9.58
2025-12-17T01:45:19.638122,Recipe_C,b54cb98d-8adf-48ea-80f2-5e47b13f1b38,19,3.0,,,,13.39,11.27,7.91,12.42,7.91,5.39
2025-12-17T01:45:20.638122,Recipe_C,b54cb98d-8adf-48ea-80f2-5e47b13f1b38,19,4.0,,,,103.35,52.27,43.29,53.59,46.87,49.88
2025-12-17T01:45:21.638122,Recipe_C,b54cb98d-8adf-48ea-80f2-5e47b13f1b38,19,4.0,,,,98.3,47.56,48.29,52.8,56.41,47.53
2025-12-17T01:45:22.638122,Recipe_C,b54cb98d-8adf-48ea-80f2-5e47b13f1b38,19,4.0,,,,99.18,38.21,52.86,47.57,49.61,49.57
2025-12-17T01:45:23.638122,Recipe_C,b54cb98d-8adf-48ea-80f2-5e47b13f1b38,19,4.0,,,,94.78,49.14,47.58,54.57,45.61,52.28
2025-12-17T01:45:24.638122,Recipe_C,b54cb98d-8adf-48ea-80f2-5e47b13f1b38,19,4.0,,,,101.23,42.47,56.04,51.85,49.26,50.09
2025-12-17T01:45:25.638122,Recipe_C,b54cb98d-8adf-48ea-80f2-5e47b13f1b38,19,4.0,,,,92.08,47.55,46.95,45.85,45.96,45.75
2025-12-17T01:45:26.638122,Recipe_C,b54cb98d-8adf-48ea-80f2-5e47b13f1b38,19,4.0,,,,105.18,45.48,59.89,51.62,48.37,56.29
2025-12-17T01:45:27.638122,Recipe_C,b54cb98d-8adf-48ea-80f2-5e47b13f1b38,19,4.0,,,,99.04,39.47,59.09,52.04,52.54,46.92
2025-12-17T01:45:27.638122,Recipe_C,b54cb98d-8adf-48ea-80f2-5e47b13f1b38,19,4.0,Warning_6,Simulated Warning occurred,Warning,,,,,,
2025-12-17T01:45:28.638122,Recipe_C,b54cb98d-8adf-48ea-80f2-5e47b13f1b38,19,4.0,,,,97.92,41.58,51.0,48.05,47.52,44.31
2025-12-17T01:45:29.638122,Recipe_C,b54cb98d-8adf-48ea-80f2-5e47b13f1b38,19,4.0,,,,99.03,44.59,42.6,39.46,37.6,48.25
2025-12-17T01:45:30.638122,Recipe_C,b54cb98d-8adf-48ea-80f2-5e47b13f1b38,19,4.0,,,,98.78,53.21,48.63,53.74,43.95,49.13
2025-12-17T01:45:31.638122,Recipe_C,b54cb98d-8adf-48ea-80f2-5e47b13f1b38,19,4.0,,,,107.81,45.47,52.21,43.36,47.4,45.26
2025-12-17T01:45:32.638122,Recipe_C,b54cb98d-8adf-48ea-80f2-5e47b13f1b38,19,4.0,,,,93.61,46.8,45.95,49.41,57.01,40.13
2025-12-17T01:45:33.638122,Recipe_C,b54cb98d-8adf-48ea-80f2-5e47b13f1b38,19,4.0,,,,100.03,46.53,46.07,53.97,49.74,65.18
2025-12-17T01:45:34.638122,Recipe_C,b54cb98d-8adf-48ea-80f2-5e47b13f1b38,19,4.0,,,,92.75,48.8,59.34,50.68,48.73,49.61
2025-12-17T01:45:35.638122,Recipe_C,b54cb98d-8adf-48ea-80f2-5e47b13f1b38,19,4.0,,,,96.22,57.1,39.85,44.05,54.51,53.85
2025-12-17T01:45:36.638122,Recipe_C,b54cb98d-8adf-48ea-80f2-5e47b13f1b38,19,4.0,,,,102.39,45.05,50.84,59.04,46.76,43.5
2025-12-17T01:45:37.638122,Recipe_C,b54cb98d-8adf-48ea-80f2-5e47b13f1b38,19,4.0,,,,111.7,50.92,54.46,44.02,50.32,47.77
2025-12-17T01:45:38.638122,Recipe_C,b54cb98d-8adf-48ea-80f2-5e47b13f1b38,19,4.0,,,,95.65,42.06,44.49,49.54,43.16,57.55
2025-12-17T01:45:39.638122,Recipe_C,b54cb98d-8adf-48ea-80f2-5e47b13f1b38,19,4.0,,,,107.83,43.04,46.66,51.2,51.32,51.04
2025-12-17T01:45:40.638122,Recipe_C,b54cb98d-8adf-48ea-80f2-5e47b13f1b38,19,4.0,,,,97.68,47.99,54.2,52.78,49.74,52.95
2025-12-17T01:45:41.638122,Recipe_C,b54cb98d-8adf-48ea-80f2-5e47b13f1b38,19,4.0,,,,94.03,50.7,45.37,47.5,59.13,61.34
2025-12-17T01:45:41.638122,Recipe_C,b54cb98d-8adf-48ea-80f2-5e47b13f1b38,19,4.0,Warning_2,Simulated Warning occurred,Warning,,,,,,
2025-12-17T01:45:42.638122,Recipe_C,b54cb98d-8adf-48ea-80f2-5e47b13f1b38,19,4.0,,,,105.07,53.58,54.32,42.42,41.41,52.77
2025-12-17T01:45:43.638122,Recipe_C,b54cb98d-8adf-48ea-80f2-5e47b13f1b38,19,4.0,,,,99.11,48.24,49.63,46.5,52.02,54.28
2025-12-17T01:45:44.638122,Recipe_C,b54cb98d-8adf-48ea-80f2-5e47b13f1b38,19,4.0,,,,104.8,49.72,45.19,49.73,54.88,52.63
2025-12-17T01:45:45.638122,Recipe_C,b54cb98d-8adf-48ea-80f2-5e47b13f1b38,19,4.0,,,,99.63,54.0,53.26,48.32,48.94,48.77
2025-12-17T01:45:46.638122,Recipe_C,b54cb98d-8adf-48ea-80f2-5e47b13f1b38,19,4.0,,,,84.56,47.66,50.72,54.52,52.83,39.81
2025-12-17T01:45:47.638122,Recipe_C,b54cb98d-8adf-48ea-80f2-5e47b13f1b38,19,4.0,,,,93.95,48.76,47.73,54.75,48.23,51.42
2025-12-17T01:45:48.638122,Recipe_C,b54cb98d-8adf-48ea-80f2-5e47b13f1b38,19,4.0,,,,108.94,58.57,54.26,54.11,49.04,46.25
2025-12-17T01:45:49.638122,Recipe_C,b54cb98d-8adf-48ea-80f2-5e47b13f1b38,19,4.0,,,,101.36,57.45,43.64,50.81,44.26,51.41
2025-12-17T01:45:50.638122,Recipe_C,b54cb98d-8adf-48ea-80f2-5e47b13f1b38,19,4.0,,,,104.28,53.08,52.42,51.39,38.97,46.05
2025-12-17T01:45:51.638122,Recipe_C,b54cb98d-8adf-48ea-80f2-5e47b13f1b38,19,4.0,,,,94.18,44.04,46.95,50.49,45.12,61.93
2025-12-17T01:45:52.638122,Recipe_C,b54cb98d-8adf-48ea-80f2-5e47b13f1b38,19,4.0,,,,99.6,55.51,46.28,46.95,55.64,47.3
2025-12-17T01:45:53.638122,Recipe_C,b54cb98d-8adf-48ea-80f2-5e47b13f1b38,19,4.0,,,,101.96,49.25,48.0,46.16,41.11,49.54
2025-12-17T01:45:54.638122,Recipe_C,b54cb98d-8adf-48ea-80f2-5e47b13f1b38,19,4.0,,,,98.86,45.74,51.47,50.3,55.29,51.7
2025-12-17T01:45:55.638122,Recipe_C,b54cb98d-8adf-48ea-80f2-5e47b13f1b38,19,4.0,,,,95.31,41.64,51.32,49.36,47.91,52.66
2025-12-17T01:45:56.638122,Recipe_C,b54cb98d-8adf-48ea-80f2-5e47b13f1b38,19,4.0,,,,102.89,52.11,55.99,48.92,49.73,55.08
2025-12-17T01:45:57.638122,Recipe_C,b54cb98d-8adf-48ea-80f2-5e47b13f1b38,19,4.0,,,,99.71,50.02,49.8,53.29,52.12,45.57
2025-12-17T01:45:58.638122,Recipe_C,b54cb98d-8adf-48ea-80f2-5e47b13f1b38,19,4.0,,,,96.03,57.04,57.69,49.0,57.1,51.31
2025-12-17T01:45:59.638122,Recipe_C,b54cb98d-8adf-48ea-80f2-5e47b13f1b38,19,4.0,,,,101.84,41.0,52.01,48.84,44.46,48.27
2025-12-17T01:46:00.638122,Recipe_C,b54cb98d-8adf-48ea-80f2-5e47b13f1b38,19,4.0,,,,93.54,43.49,51.89,47.32,53.55,56.25
2025-12-17T01:46:01.638122,Recipe_C,b54cb98d-8adf-48ea-80f2-5e47b13f1b38,19,4.0,,,,90.74,50.72,54.35,56.33,47.69,47.97
2025-12-17T01:46:02.638122,Recipe_C,b54cb98d-8adf-48ea-80f2-5e47b13f1b38,19,4.0,,,,98.6,54.69,51.15,46.03,39.58,53.35
2025-12-17T01:46:03.638122,Recipe_C,b54cb98d-8adf-48ea-80f2-5e47b13f1b38,19,4.0,,,,96.96,47.45,56.46,60.31,45.61,53.73
2025-12-17T01:46:04.638122,Recipe_C,b54cb98d-8adf-48ea-80f2-5e47b13f1b38,19,4.0,,,,103.05,44.07,44.37,42.08,54.93,44.15
2025-12-17T01:46:05.638122,Recipe_C,b54cb98d-8adf-48ea-80f2-5e47b13f1b38,19,4.0,,,,104.84,53.81,51.57,47.13,49.82,50.22
2025-12-17T01:46:06.638122,Recipe_C,b54cb98d-8adf-48ea-80f2-5e47b13f1b38,19,4.0,,,,97.2,49.42,47.27,41.64,55.52,50.73
2025-12-17T01:46:07.638122,Recipe_C,b54cb98d-8adf-48ea-80f2-5e47b13f1b38,19,4.0,,,,85.35,47.05,44.94,51.03,48.29,54.38
2025-12-17T01:46:08.638122,Recipe_C,b54cb98d-8adf-48ea-80f2-5e47b13f1b38,19,4.0,,,,107.42,43.56,48.57,54.85,45.64,46.36
2025-12-17T01:46:09.638122,Recipe_C,b54cb98d-8adf-48ea-80f2-5e47b13f1b38,19,4.0,,,,96.02,49.77,55.82,47.5,57.94,41.42
2025-12-17T01:46:10.638122,Recipe_C,b54cb98d-8adf-48ea-80f2-5e47b13f1b38,19,4.0,,,,106.27,52.07,45.57,55.56,60.67,49.51
2025-12-17T01:46:11.638122,Recipe_C,b54cb98d-8adf-48ea-80f2-5e47b13f1b38,19,4.0,,,,100.1,56.21,48.56,48.19,41.78,44.6
2025-12-17T01:46:12.638122,Recipe_C,b54cb98d-8adf-48ea-80f2-5e47b13f1b38,19,4.0,,,,105.81,45.75,44.1,45.74,54.69,45.14
2025-12-17T01:46:12.638122,Recipe_C,b54cb98d-8adf-48ea-80f2-5e47b13f1b38,19,4.0,Warning_7,Simulated Warning occurred,Warning,,,,,,
2025-12-17T01:46:13.638122,Recipe_C,b54cb98d-8adf-48ea-80f2-5e47b13f1b38,19,4.0,,,,93.4,50.29,53.35,48.47,49.48,59.64
2025-12-17T01:46:14.638122,Recipe_C,b54cb98d-8adf-48ea-80f2-5e47b13f1b38,19,4.0,,,,108.45,43.74,41.37,53.91,49.54,45.97
2025-12-17T01:46:15.638122,Recipe_C,b54cb98d-8adf-48ea-80f2-5e47b13f1b38,19,4.0,,,,102.5,48.26,48.8,58.69,45.87,51.74
2025-12-17T01:46:16.638122,Recipe_C,b54cb98d-8adf-48ea-80f2-5e47b13f1b38,19,4.0,,,,101.65,53.64,47.38,45.25,57.94,53.73
2025-12-17T01:46:17.638122,Recipe_C,b54cb98d-8adf-48ea-80f2-5e47b13f1b38,19,4.0,,,,101.17,55.07,48.64,58.11,52.22,53.17
2025-12-17T01:46:18.638122,Recipe_C,b54cb98d-8adf-48ea-80f2-5e47b13f1b38,19,4.0,,,,100.02,47.26,49.22,47.1,50.31,51.73
2025-12-17T01:46:19.638122,Recipe_C,b54cb98d-8adf-48ea-80f2-5e47b13f1b38,19,4.0,,,,89.63,49.41,38.8,56.54,50.26,41.6
2025-12-17T01:46:20.638122,Recipe_C,b54cb98d-8adf-48ea-80f2-5e47b13f1b38,19,4.0,,,,109.98,53.95,46.47,54.57,49.6,54.4
2025-12-17T01:46:21.638122,Recipe_C,b54cb98d-8adf-48ea-80f2-5e47b13f1b38,19,4.0,,,,101.88,40.31,41.32,45.12,50.47,46.05
2025-12-17T01:46:22.638122,Recipe_C,b54cb98d-8adf-48ea-80f2-5e47b13f1b38,19,4.0,,,,98.85,49.77,44.49,47.13,47.11,55.0
2025-12-17T01:46:23.638122,Recipe_C,b54cb98d-8adf-48ea-80f2-5e47b13f1b38,19,4.0,,,,98.18,46.08,54.7,62.1,54.25,51.16
2025-12-17T01:46:24.638122,Recipe_C,b54cb98d-8adf-48ea-80f2-5e47b13f1b38,19,4.0,,,,98.72,48.02,50.09,50.43,43.89,49.49
2025-12-17T01:46:25.638122,Recipe_C,b54cb98d-8adf-48ea-80f2-5e47b13f1b38,19,4.0,,,,103.31,57.77,50.66,49.19,53.75,40.9
2025-12-17T01:46:26.638122,Recipe_C,b54cb98d-8adf-48ea-80f2-5e47b13f1b38,19,4.0,,,,100.22,32.93,47.02,50.4,45.38,53.34
2025-12-17T01:46:27.638122,Recipe_C,b54cb98d-8adf-48ea-80f2-5e47b13f1b38,19,3.0,,,,13.85,9.79,11.57,9.41,11.37,9.17
2025-12-17T01:46:28.638122,Recipe_C,b54cb98d-8adf-48ea-80f2-5e47b13f1b38,19,3.0,,,,9.63,12.5,10.22,12.52,9.75,7.76
2025-12-17T01:46:29.638122,Recipe_C,b54cb98d-8adf-48ea-80f2-5e47b13f1b38,19,3.0,,,,12.04,8.19,9.3,11.44,9.33,9.02
2025-12-17T01:46:30.638122,Recipe_C,b54cb98d-8adf-48ea-80f2-5e47b13f1b38,19,3.0,,,,8.81,11.6,6.4,10.68,10.25,12.59
2025-12-17T01:46:31.638122,Recipe_C,b54cb98d-8adf-48ea-80f2-5e47b13f1b38,19,3.0,,,,4.91,10.75,9.3,6.92,9.66,11.5
2025-12-17T01:46:32.638122,Recipe_C,b54cb98d-8adf-48ea-80f2-5e47b13f1b38,19,3.0,,,,9.97,10.44,10.92,11.16,9.63,7.2
2025-12-17T01:46:33.638122,Recipe_C,b54cb98d-8adf-48ea-80f2-5e47b13f1b38,19,3.0,,,,13.7,11.35,7.06,9.38,7.45,14.13
2025-12-17T01:46:34.638122,Recipe_C,b54cb98d-8adf-48ea-80f2-5e47b13f1b38,19,3.0,,,,8.21,8.96,14.86,10.95,10.44,9.09
2025-12-17T01:46:35.638122,Recipe_C,b54cb98d-8adf-48ea-80f2-5e47b13f1b38,19,4.0,,,,106.96,47.93,55.33,50.91,52.46,56.8
2025-12-17T01:46:36.638122,Recipe_C,b54cb98d-8adf-48ea-80f2-5e47b13f1b38,19,4.0,,,,100.66,50.19,45.46,43.81,42.71,47.43
2025-12-17T01:46:37.638122,Recipe_C,b54cb98d-8adf-48ea-80f2-5e47b13f1b38,19,4.0,,,,98.2,47.26,43.69,46.17,47.01,52.16
2025-12-17T01:46:38.638122,Recipe_C,b54cb98d-8adf-48ea-80f2-5e47b13f1b38,19,4.0,,,,85.82,54.76,53.0,50.72,42.38,45.09
2025-12-17T01:46:39.638122,Recipe_C,b54cb98d-8adf-48ea-80f2-5e47b13f1b38,19,4.0,,,,99.27,50.95,44.17,43.83,51.51,45.72
2025-12-17T01:46:40.638122,Recipe_C,b54cb98d-8adf-48ea-80f2-5e47b13f1b38,19,4.0,,,,105.41,51.83,52.9,51.02,49.14,50.2
2025-12-17T01:46:41.638122,Recipe_C,b54cb98d-8adf-48ea-80f2-5e47b13f1b38,19,4.0,,,,101.7,45.44,38.58,56.76,46.84,48.43
2025-12-17T01:46:42.638122,Recipe_C,b54cb98d-8adf-48ea-80f2-5e47b13f1b38,19,4.0,,,,92.73,52.84,52.51,45.0,56.68,48.2
2025-12-17T01:46:43.638122,Recipe_C,b54cb98d-8adf-48ea-80f2-5e47b13f1b38,19,4.0,,,,91.93,50.82,54.15,46.95,49.61,55.64
2025-12-17T01:46:44.638122,Recipe_C,b54cb98d-8adf-48ea-80f2-5e47b13f1b38,19,4.0,,,,101.22,59.51,35.47,37.58,49.39,49.27
2025-12-17T01:46:45.638122,Recipe_C,b54cb98d-8adf-48ea-80f2-5e47b13f1b38,19,4.0,,,,91.61,53.86,51.04,44.38,44.58,41.66
2025-12-17T01:46:46.638122,Recipe_C,b54cb98d-8adf-48ea-80f2-5e47b13f1b38,19,4.0,,,,107.47,51.65,50.43,47.52,57.47,50.95
2025-12-17T01:46:47.638122,Recipe_C,b54cb98d-8adf-48ea-80f2-5e47b13f1b38,19,4.0,,,,101.78,56.81,50.35,49.5,38.28,48.18
2025-12-17T01:46:48.638122,Recipe_C,b54cb98d-8adf-48ea-80f2-5e47b13f1b38,19,4.0,,,,103.84,54.2,45.38,47.84,42.54,52.25
2025-12-17T01:46:49.638122,Recipe_C,b54cb98d-8adf-48ea-80f2-5e47b13f1b38,19,4.0,,,,104.35,41.03,50.74,43.62,42.34,55.43
2025-12-17T01:46:50.638122,Recipe_C,b54cb98d-8adf-48ea-80f2-5e47b13f1b38,19,4.0,,,,96.06,48.44,46.23,42.44,59.47,47.21
2025-12-17T01:46:51.638122,Recipe_C,b54cb98d-8adf-48ea-80f2-5e47b13f1b38,19,4.0,,,,98.54,59.21,45.66,46.45,54.75,55.16
2025-12-17T01:46:52.638122,Recipe_C,b54cb98d-8adf-48ea-80f2-5e47b13f1b38,19,4.0,,,,107.98,52.85,44.44,37.82,48.11,52.38
2025-12-17T01:46:53.638122,Recipe_C,b54cb98d-8adf-48ea-80f2-5e47b13f1b38,19,5.0,,,,11.74,12.93,9.73,10.06,12.24,10.84
2025-12-17T01:46:54.638122,Recipe_C,b54cb98d-8adf-48ea-80f2-5e47b13f1b38,19,5.0,,,,9.13,11.6,8.49,10.57,14.85,10.43
2025-12-17T01:46:55.638122,Recipe_C,b54cb98d-8adf-48ea-80f2-5e47b13f1b38,19,5.0,,,,10.22,10.22,9.37,12.46,8.44,11.98
2025-12-17T01:46:56.638122,Recipe_C,b54cb98d-8adf-48ea-80f2-5e47b13f1b38,19,5.0,,,,10.17,10.05,8.35,10.87,9.64,8.65
2025-12-17T01:46:57.638122,Recipe_C,b54cb98d-8adf-48ea-80f2-5e47b13f1b38,19,5.0,,,,7.69,6.89,12.83,12.34,12.08,9.04
2025-12-17T01:46:58.638122,Recipe_C,b54cb98d-8adf-48ea-80f2-5e47b13f1b38,19,5.0,,,,11.7,8.59,5.72,7.16,10.15,8.74
2025-12-17T01:46:59.638122,Recipe_C,b54cb98d-8adf-48ea-80f2-5e47b13f1b38,19,5.0,,,,10.51,10.23,9.08,6.34,9.95,11.2
2025-12-17T01:47:00.638122,Recipe_C,b54cb98d-8adf-48ea-80f2-5e47b13f1b38,19,5.0,,,,9.61,9.36,8.16,10.51,5.37,8.3
2025-12-17T01:47:01.638122,Recipe_C,b54cb98d-8adf-48ea-80f2-5e47b13f1b38,19,5.0,,,,11.24,11.28,11.71,10.72,4.76,12.41
2025-12-17T01:47:02.638122,Recipe_C,b54cb98d-8adf-48ea-80f2-5e47b13f1b38,19,5.0,,,,10.68,11.75,10.59,7.55,5.93,11.91
2025-12-17T01:47:03.638122,Recipe_C,b54cb98d-8adf-48ea-80f2-5e47b13f1b38,19,5.0,,,,9.8,13.29,9.02,12.51,11.31,9.12
2025-12-17T01:47:04.638122,Recipe_C,b54cb98d-8adf-48ea-80f2-5e47b13f1b38,19,5.0,,,,8.47,8.28,8.99,11.19,12.72,11.6
2025-12-17T01:47:05.638122,Recipe_C,b54cb98d-8adf-48ea-80f2-5e47b13f1b38,19,4.0,,,,106.89,47.34,56.77,56.41,57.57,48.61
2025-12-17T01:47:06.638122,Recipe_C,b54cb98d-8adf-48ea-80f2-5e47b13f1b38,19,4.0,,,,92.9,49.89,38.28,49.52,50.9,49.66
2025-12-17T01:47:07.638122,Recipe_C,b54cb98d-8adf-48ea-80f2-5e47b13f1b38,19,4.0,,,,100.81,43.55,54.48,56.42,47.61,56.9
2025-12-17T01:47:08.638122,Recipe_C,b54cb98d-8adf-48ea-80f2-5e47b13f1b38,19,4.0,,,,94.72,41.02,61.84,52.47,49.46,56.84
2025-12-17T01:47:09.638122,Recipe_C,b54cb98d-8adf-48ea-80f2-5e47b13f1b38,19,4.0,,,,89.2,45.03,50.11,48.63,41.16,61.56
2025-12-17T01:47:10.638122,Recipe_C,b54cb98d-8adf-48ea-80f2-5e47b13f1b38,19,4.0,,,,101.88,51.32,48.65,54.36,51.57,47.99
2025-12-17T01:47:11.638122,Recipe_C,b54cb98d-8adf-48ea-80f2-5e47b13f1b38,19,4.0,,,,99.73,53.63,55.86,31.48,51.74,58.69
2025-12-17T01:47:12.638122,Recipe_C,b54cb98d-8adf-48ea-80f2-5e47b13f1b38,19,4.0,,,,106.58,55.26,37.9,45.14,59.51,54.03
2025-12-17T01:47:13.638122,Recipe_C,b54cb98d-8adf-48ea-80f2-5e47b13f1b38,19,4.0,,,,95.36,53.23,53.03,51.0,63.39,54.24
2025-12-17T01:47:14.638122,Recipe_C,b54cb98d-8adf-48ea-80f2-5e47b13f1b38,19,4.0,,,,96.44,39.84,56.32,50.6,57.65,48.17
2025-12-17T01:47:15.638122,Recipe_C,b54cb98d-8adf-48ea-80f2-5e47b13f1b38,19,4.0,,,,99.23,43.32,52.57,53.4,51.58,52.85
2025-12-17T01:47:16.638122,Recipe_C,b54cb98d-8adf-48ea-80f2-5e47b13f1b38,19,4.0,,,,105.35,48.34,50.62,55.74,50.09,48.21
2025-12-17T01:47:17.638122,Recipe_C,b54cb98d-8adf-48ea-80f2-5e47b13f1b38,19,4.0,,,,96.5,36.64,54.65,51.28,45.77,48.16
2025-12-17T01:47:18.638122,Recipe_C,b54cb98d-8adf-48ea-80f2-5e47b13f1b38,19,4.0,,,,100.14,47.52,55.78,61.86,60.73,48.49
2025-12-17T01:47:19.638122,Recipe_C,b54cb98d-8adf-48ea-80f2-5e47b13f1b38,19,4.0,,,,98.76,45.8,45.47,54.58,42.89,53.55
2025-12-17T01:47:20.638122,Recipe_C,b54cb98d-8adf-48ea-80f2-5e47b13f1b38,19,4.0,,,,107.43,55.31,49.84,42.15,54.76,46.43
2025-12-17T01:47:21.638122,Recipe_C,b54cb98d-8adf-48ea-80f2-5e47b13f1b38,19,4.0,,,,97.51,60.39,54.0,55.84,44.73,49.74
2025-12-17T01:47:22.638122,Recipe_C,b54cb98d-8adf-48ea-80f2-5e47b13f1b38,19,4.0,,,,97.65,56.56,43.33,60.15,52.31,50.97
2025-12-17T01:47:23.638122,Recipe_C,b54cb98d-8adf-48ea-80f2-5e47b13f1b38,19,4.0,,,,101.79,45.5,48.89,56.91,56.02,51.26
2025-12-17T01:47:24.638122,Recipe_C,b54cb98d-8adf-48ea-80f2-5e47b13f1b38,19,4.0,,,,102.57,54.2,44.26,50.36,50.73,44.29
2025-12-17T01:47:25.638122,Recipe_C,b54cb98d-8adf-48ea-80f2-5e47b13f1b38,19,4.0,,,,96.31,53.31,63.65,48.78,38.6,52.5
2025-12-17T01:47:26.638122,Recipe_C,b54cb98d-8adf-48ea-80f2-5e47b13f1b38,19,4.0,,,,100.4,46.99,54.21,47.65,50.15,34.87
2025-12-17T01:47:27.638122,Recipe_C,b54cb98d-8adf-48ea-80f2-5e47b13f1b38,19,4.0,,,,103.65,47.08,49.18,51.99,52.29,50.91
2025-12-17T01:47:28.638122,Recipe_C,b54cb98d-8adf-48ea-80f2-5e47b13f1b38,19,4.0,,,,87.39,51.49,48.09,48.88,52.25,52.27
2025-12-17T01:47:29.638122,Recipe_C,b54cb98d-8adf-48ea-80f2-5e47b13f1b38,19,4.0,,,,99.58,48.93,51.07,48.36,46.16,60.59
2025-12-17T01:47:30.638122,Recipe_C,b54cb98d-8adf-48ea-80f2-5e47b13f1b38,19,4.0,,,,103.17,48.73,51.26,44.31,46.7,48.25
2025-12-17T01:47:31.638122,Recipe_C,b54cb98d-8adf-48ea-80f2-5e47b13f1b38,19,5.0,,,,12.98,9.23,12.36,7.15,12.79,11.01
2025-12-17T01:47:32.638122,Recipe_C,b54cb98d-8adf-48ea-80f2-5e47b13f1b38,19,5.0,,,,12.09,8.49,10.86,10.89,12.04,11.85
2025-12-17T01:47:33.638122,Recipe_C,b54cb98d-8adf-48ea-80f2-5e47b13f1b38,19,5.0,,,,9.07,9.7,9.61,7.61,11.14,10.22
2025-12-17T01:47:34.638122,Recipe_C,b54cb98d-8adf-48ea-80f2-5e47b13f1b38,19,5.0,,,,10.45,9.62,11.81,8.89,8.74,11.58
2025-12-17T01:47:35.638122,Recipe_C,b54cb98d-8adf-48ea-80f2-5e47b13f1b38,19,5.0,,,,10.12,9.22,10.49,10.67,7.82,8.0
2025-12-17T01:47:36.638122,Recipe_C,b54cb98d-8adf-48ea-80f2-5e47b13f1b38,19,5.0,,,,9.99,10.43,10.29,9.14,8.79,11.49
2025-12-17T01:47:37.638122,Recipe_C,b54cb98d-8adf-48ea-80f2-5e47b13f1b38,19,5.0,,,,9.07,13.34,12.84,6.55,12.83,7.9
2025-12-17T01:47:38.638122,Recipe_C,b54cb98d-8adf-48ea-80f2-5e47b13f1b38,19,5.0,,,,9.14,7.62,10.46,12.18,5.63,12.22
2025-12-17T01:47:39.638122,Recipe_C,b54cb98d-8adf-48ea-80f2-5e47b13f1b38,19,5.0,,,,12.64,11.04,10.48,8.59,11.1,7.25
2025-12-17T01:47:40.638122,Recipe_C,b54cb98d-8adf-48ea-80f2-5e47b13f1b38,19,5.0,,,,6.86,10.41,15.05,9.11,11.12,10.42
2025-12-17T01:47:41.638122,Recipe_C,b54cb98d-8adf-48ea-80f2-5e47b13f1b38,19,5.0,,,,11.04,8.97,9.64,7.4,12.16,7.5
2025-12-17T01:47:42.638122,Recipe_C,b54cb98d-8adf-48ea-80f2-5e47b13f1b38,19,5.0,,,,10.9,10.34,16.34,10.08,9.98,10.19
2025-12-17T01:47:43.638122,Recipe_C,b54cb98d-8adf-48ea-80f2-5e47b13f1b38,19,5.0,,,,10.84,10.04,12.97,11.22,9.35,7.79
2025-12-17T01:47:44.638122,Recipe_C,b54cb98d-8adf-48ea-80f2-5e47b13f1b38,19,5.0,,,,8.5,10.41,10.4,10.4,8.91,15.98
2025-12-17T01:47:45.638122,Recipe_C,b54cb98d-8adf-48ea-80f2-5e47b13f1b38,19,5.0,,,,7.15,12.46,10.64,9.98,14.77,8.04
2025-12-17T01:47:46.638122,Recipe_C,b54cb98d-8adf-48ea-80f2-5e47b13f1b38,19,5.0,,,,12.34,9.35,14.7,11.21,10.7,12.05
2025-12-17T01:47:47.638122,Recipe_C,b54cb98d-8adf-48ea-80f2-5e47b13f1b38,19,5.0,,,,11.79,6.74,10.69,8.64,5.54,10.78
2025-12-17T01:47:48.638122,Recipe_C,b54cb98d-8adf-48ea-80f2-5e47b13f1b38,19,5.0,,,,13.78,6.55,9.58,6.13,8.51,6.59
2025-12-17T01:47:49.638122,Recipe_C,b54cb98d-8adf-48ea-80f2-5e47b13f1b38,19,5.0,,,,8.11,7.58,10.75,11.23,12.58,9.05
2025-12-17T01:47:50.638122,Recipe_C,b54cb98d-8adf-48ea-80f2-5e47b13f1b38,19,5.0,,,,7.92,9.69,11.94,8.37,8.2,7.49
2025-12-17T01:47:51.638122,Recipe_C,b54cb98d-8adf-48ea-80f2-5e47b13f1b38,19,5.0,,,,7.29,10.99,10.51,9.79,8.07,8.99
2025-12-17T01:47:52.638122,Recipe_C,b54cb98d-8adf-48ea-80f2-5e47b13f1b38,19,5.0,,,,14.0,10.5,9.37,12.35,9.36,10.92
2025-12-17T01:47:53.638122,Recipe_C,b54cb98d-8adf-48ea-80f2-5e47b13f1b38,19,5.0,,,,6.09,10.82,11.07,12.28,11.89,7.41
2025-12-17T01:47:54.638122,Recipe_C,b54cb98d-8adf-48ea-80f2-5e47b13f1b38,19,5.0,,,,8.7,9.95,13.35,11.25,10.38,9.4
2025-12-17T01:47:55.638122,Recipe_C,b54cb98d-8adf-48ea-80f2-5e47b13f1b38,19,5.0,,,,7.28,9.64,10.7,9.59,9.53,12.1
2025-12-17T01:47:56.638122,Recipe_C,b54cb98d-8adf-48ea-80f2-5e47b13f1b38,19,5.0,,,,8.05,10.76,8.49,5.63,6.57,8.08
2025-12-17T01:47:57.638122,Recipe_C,b54cb98d-8adf-48ea-80f2-5e47b13f1b38,19,5.0,,,,7.14,11.22,9.95,10.53,10.0,9.29
2025-12-17T01:47:58.638122,Recipe_C,b54cb98d-8adf-48ea-80f2-5e47b13f1b38,19,5.0,,,,10.92,11.1,11.03,8.43,9.52,15.14
2025-12-17T01:47:59.638122,Recipe_C,b54cb98d-8adf-48ea-80f2-5e47b13f1b38,19,5.0,,,,11.33,10.24,10.64,8.72,10.67,8.08
2025-12-17T01:48:00.638122,Recipe_C,b54cb98d-8adf-48ea-80f2-5e47b13f1b38,19,5.0,,,,10.51,6.93,9.66,8.58,9.12,7.64
2025-12-17T01:48:01.638122,Recipe_C,b54cb98d-8adf-48ea-80f2-5e47b13f1b38,19,5.0,,,,9.98,9.97,12.69,9.66,7.76,8.91
2025-12-17T01:48:02.638122,Recipe_C,b54cb98d-8adf-48ea-80f2-5e47b13f1b38,19,5.0,,,,9.13,11.76,10.15,12.62,10.72,9.43
2025-12-17T01:48:03.638122,Recipe_C,b54cb98d-8adf-48ea-80f2-5e47b13f1b38,19,5.0,,,,13.08,12.53,10.19,11.33,9.7,9.25
2025-12-17T01:48:04.638122,Recipe_C,b54cb98d-8adf-48ea-80f2-5e47b13f1b38,19,5.0,,,,12.5,11.43,11.27,9.03,14.77,7.59
2025-12-17T01:48:05.638122,Recipe_C,b54cb98d-8adf-48ea-80f2-5e47b13f1b38,19,5.0,,,,10.44,10.57,9.7,8.23,10.87,12.16
2025-12-17T01:48:06.638122,Recipe_C,b54cb98d-8adf-48ea-80f2-5e47b13f1b38,19,5.0,,,,13.49,10.35,9.65,12.94,11.7,10.97
2025-12-17T01:48:07.638122,Recipe_C,b54cb98d-8adf-48ea-80f2-5e47b13f1b38,19,5.0,,,,10.97,10.53,8.42,8.95,10.45,10.43
2025-12-17T01:48:08.638122,Recipe_C,b54cb98d-8adf-48ea-80f2-5e47b13f1b38,19,5.0,,,,11.64,7.1,9.22,8.62,9.85,10.31
2025-12-17T01:48:09.638122,Recipe_C,b54cb98d-8adf-48ea-80f2-5e47b13f1b38,19,5.0,,,,10.93,9.79,10.9,10.38,10.84,9.9
2025-12-17T01:48:10.638122,Recipe_C,b54cb98d-8adf-48ea-80f2-5e47b13f1b38,19,5.0,,,,7.01,9.37,12.66,11.96,9.57,10.87
2025-12-17T01:48:11.638122,Recipe_C,b54cb98d-8adf-48ea-80f2-5e47b13f1b38,19,5.0,,,,7.52,10.79,12.85,13.3,9.88,10.82
2025-12-17T01:48:12.638122,Recipe_C,b54cb98d-8adf-48ea-80f2-5e47b13f1b38,19,5.0,,,,7.89,9.7,11.52,10.54,10.35,7.16
2025-12-17T01:48:13.638122,Recipe_C,b54cb98d-8adf-48ea-80f2-5e47b13f1b38,19,5.0,,,,8.85,8.66,9.32,10.65,6.09,8.7
2025-12-17T01:48:14.638122,Recipe_C,b54cb98d-8adf-48ea-80f2-5e47b13f1b38,19,5.0,,,,10.35,9.24,6.17,11.18,10.25,8.61
2025-12-17T01:48:15.638122,Recipe_C,b54cb98d-8adf-48ea-80f2-5e47b13f1b38,19,5.0,,,,15.69,9.84,11.08,9.41,13.44,9.73
2025-12-17T01:48:16.638122,Recipe_C,b54cb98d-8adf-48ea-80f2-5e47b13f1b38,19,3.0,,,,12.53,11.05,13.54,11.93,12.98,13.73
2025-12-17T01:48:17.638122,Recipe_C,b54cb98d-8adf-48ea-80f2-5e47b13f1b38,19,3.0,,,,11.92,13.73,13.47,9.25,10.39,6.72
2025-12-17T01:48:18.638122,Recipe_C,b54cb98d-8adf-48ea-80f2-5e47b13f1b38,19,3.0,,,,8.74,11.87,10.06,8.97,9.93,9.87
2025-12-17T01:48:19.638122,Recipe_C,b54cb98d-8adf-48ea-80f2-5e47b13f1b38,19,3.0,,,,10.63,12.16,10.86,12.2,12.13,11.26
2025-12-17T01:48:20.638122,Recipe_C,b54cb98d-8adf-48ea-80f2-5e47b13f1b38,19,3.0,,,,9.86,10.34,11.67,8.74,11.91,6.29
2025-12-17T01:48:21.638122,Recipe_C,b54cb98d-8adf-48ea-80f2-5e47b13f1b38,19,3.0,,,,8.15,7.76,11.8,11.63,9.48,8.95
2025-12-17T01:48:22.638122,Recipe_C,b54cb98d-8adf-48ea-80f2-5e47b13f1b38,19,3.0,,,,10.43,8.21,10.3,10.91,7.46,6.59
2025-12-17T01:48:23.638122,Recipe_C,b54cb98d-8adf-48ea-80f2-5e47b13f1b38,19,3.0,,,,11.97,7.56,7.39,9.62,13.77,5.18
2025-12-17T01:48:24.638122,Recipe_C,b54cb98d-8adf-48ea-80f2-5e47b13f1b38,19,3.0,,,,10.24,11.26,8.31,9.67,12.11,11.02
2025-12-17T01:48:25.638122,Recipe_C,b54cb98d-8adf-48ea-80f2-5e47b13f1b38,19,3.0,,,,8.76,10.64,13.75,9.69,6.14,8.53
2025-12-17T01:48:26.638122,Recipe_C,b54cb98d-8adf-48ea-80f2-5e47b13f1b38,19,3.0,,,,9.75,10.54,10.41,11.64,7.5,8.4
2025-12-17T01:48:27.638122,Recipe_C,b54cb98d-8adf-48ea-80f2-5e47b13f1b38,19,3.0,,,,5.47,8.17,9.09,8.93,10.18,7.53
2025-12-17T01:48:28.638122,Recipe_C,b54cb98d-8adf-48ea-80f2-5e47b13f1b38,19,3.0,,,,8.92,8.47,13.55,9.98,11.27,7.57
2025-12-17T01:48:29.638122,Recipe_C,b54cb98d-8adf-48ea-80f2-5e47b13f1b38,19,3.0,,,,8.55,13.56,11.93,11.07,11.36,8.93
2025-12-17T01:48:30.638122,Recipe_C,b54cb98d-8adf-48ea-80f2-5e47b13f1b38,19,3.0,,,,12.34,11.55,5.84,6.56,12.43,10.4
2025-12-17T01:48:31.638122,Recipe_C,b54cb98d-8adf-48ea-80f2-5e47b13f1b38,19,3.0,,,,7.99,8.57,7.16,11.82,8.49,13.55
2025-12-17T01:48:32.638122,Recipe_C,b54cb98d-8adf-48ea-80f2-5e47b13f1b38,19,4.0,,,,102.4,44.26,47.21,52.78,46.45,58.86
2025-12-17T01:48:33.638122,Recipe_C,b54cb98d-8adf-48ea-80f2-5e47b13f1b38,19,4.0,,,,96.08,37.37,41.39,56.86,47.86,52.58
2025-12-17T01:48:34.638122,Recipe_C,b54cb98d-8adf-48ea-80f2-5e47b13f1b38,19,4.0,,,,98.18,44.9,46.73,51.79,47.57,50.5
2025-12-17T01:48:35.638122,Recipe_C,b54cb98d-8adf-48ea-80f2-5e47b13f1b38,19,4.0,,,,109.76,60.45,53.68,51.53,57.93,51.53
2025-12-17T01:48:36.638122,Recipe_C,b54cb98d-8adf-48ea-80f2-5e47b13f1b38,19,4.0,,,,101.06,49.21,49.86,43.86,50.29,52.08
2025-12-17T01:48:37.638122,Recipe_C,b54cb98d-8adf-48ea-80f2-5e47b13f1b38,19,4.0,,,,98.57,52.15,53.31,52.96,48.83,54.44
2025-12-17T01:48:38.638122,Recipe_C,b54cb98d-8adf-48ea-80f2-5e47b13f1b38,19,4.0,,,,111.47,61.99,46.82,56.43,47.94,54.98
2025-12-17T01:48:39.638122,Recipe_C,b54cb98d-8adf-48ea-80f2-5e47b13f1b38,19,2.0,,,,9.28,11.3,8.74,9.05,6.94,12.52
2025-12-17T01:48:40.638122,Recipe_C,b54cb98d-8adf-48ea-80f2-5e47b13f1b38,19,2.0,,,,11.37,9.47,10.44,10.93,11.18,13.95
2025-12-17T01:48:41.638122,Recipe_C,b54cb98d-8adf-48ea-80f2-5e47b13f1b38,19,2.0,,,,10.65,10.06,9.63,11.31,7.13,9.6
2025-12-17T01:48:42.638122,Recipe_C,b54cb98d-8adf-48ea-80f2-5e47b13f1b38,19,2.0,,,,9.52,13.36,12.8,11.55,10.13,8.71
2025-12-17T01:48:43.638122,Recipe_C,b54cb98d-8adf-48ea-80f2-5e47b13f1b38,19,0.0,,,,0.0,0.0,0.0,0.0,0.0,0.0
2025-12-17T01:48:44.638122,Recipe_C,b54cb98d-8adf-48ea-80f2-5e47b13f1b38,19,0.0,,,,0.0,0.0,0.0,0.0,0.0,0.0
2025-12-17T01:48:45.638122,Recipe_C,b54cb98d-8adf-48ea-80f2-5e47b13f1b38,19,0.0,,,,0.0,0.0,0.0,0.0,0.0,0.0
2025-12-17T01:48:46.638122,Recipe_C,b54cb98d-8adf-48ea-80f2-5e47b13f1b38,19,0.0,,,,0.0,0.0,0.0,0.0,0.0,0.0
2025-12-17T01:48:47.638122,Recipe_C,b54cb98d-8adf-48ea-80f2-5e47b13f1b38,19,0.0,,,,0.0,0.0,0.0,0.0,0.0,0.0
2025-12-17T01:48:48.638122,Recipe_C,b54cb98d-8adf-48ea-80f2-5e47b13f1b38,19,0.0,,,,0.0,0.0,0.0,0.0,0.0,0.0
2025-12-17T01:48:49.638122,Recipe_C,b54cb98d-8adf-48ea-80f2-5e47b13f1b38,19,0.0,,,,0.0,0.0,0.0,0.0,0.0,0.0
2025-12-17T01:48:50.638122,Recipe_C,b54cb98d-8adf-48ea-80f2-5e47b13f1b38,19,0.0,,,,0.0,0.0,0.0,0.0,0.0,0.0
2025-12-17T01:48:51.638122,Recipe_C,b54cb98d-8adf-48ea-80f2-5e47b13f1b38,19,0.0,,,,0.0,0.0,0.0,0.0,0.0,0.0
2025-12-17T01:48:52.638122,Recipe_C,b54cb98d-8adf-48ea-80f2-5e47b13f1b38,19,0.0,,,,0.0,0.0,0.0,0.0,0.0,0.0
2025-12-17T01:48:53.638122,Recipe_C,b54cb98d-8adf-48ea-80f2-5e47b13f1b38,19,0.0,,,,0.0,0.0,0.0,0.0,0.0,0.0
2025-12-17T01:48:54.638122,Recipe_C,b54cb98d-8adf-48ea-80f2-5e47b13f1b38,19,0.0,,,,0.0,0.0,0.0,0.0,0.0,0.0
2025-12-17T01:48:55.638122,Recipe_C,b54cb98d-8adf-48ea-80f2-5e47b13f1b38,19,0.0,,,,0.0,0.0,0.0,0.0,0.0,0.0
2025-12-17T01:48:56.638122,Recipe_C,b54cb98d-8adf-48ea-80f2-5e47b13f1b38,19,0.0,,,,0.0,0.0,0.0,0.0,0.0,0.0
2025-12-17T01:48:57.638122,Recipe_C,b54cb98d-8adf-48ea-80f2-5e47b13f1b38,19,0.0,,,,0.0,0.0,0.0,0.0,0.0,0.0
2025-12-17T01:48:58.638122,Recipe_C,b54cb98d-8adf-48ea-80f2-5e47b13f1b38,19,0.0,,,,0.0,0.0,0.0,0.0,0.0,0.0
2025-12-17T01:48:59.638122,Recipe_C,b54cb98d-8adf-48ea-80f2-5e47b13f1b38,19,0.0,,,,0.0,0.0,0.0,0.0,0.0,0.0
2025-12-17T01:49:00.638122,Recipe_C,b54cb98d-8adf-48ea-80f2-5e47b13f1b38,19,0.0,,,,0.0,0.0,0.0,0.0,0.0,0.0
2025-12-17T01:49:01.638122,Recipe_C,b54cb98d-8adf-48ea-80f2-5e47b13f1b38,19,0.0,,,,0.0,0.0,0.0,0.0,0.0,0.0
2025-12-17T01:49:02.638122,Recipe_C,b54cb98d-8adf-48ea-80f2-5e47b13f1b38,19,0.0,,,,0.0,0.0,0.0,0.0,0.0,0.0
2025-12-17T01:49:03.638122,Recipe_C,b54cb98d-8adf-48ea-80f2-5e47b13f1b38,19,0.0,,,,0.0,0.0,0.0,0.0,0.0,0.0
2025-12-17T01:49:04.638122,Recipe_C,b54cb98d-8adf-48ea-80f2-5e47b13f1b38,19,4.0,,,,91.16,48.37,47.75,47.37,53.75,37.25
2025-12-17T01:49:05.638122,Recipe_C,b54cb98d-8adf-48ea-80f2-5e47b13f1b38,19,4.0,,,,98.92,53.62,50.51,43.8,45.94,57.96
2025-12-17T01:49:06.638122,Recipe_C,b54cb98d-8adf-48ea-80f2-5e47b13f1b38,19,4.0,,,,107.38,53.29,56.27,53.92,58.06,55.77
2025-12-17T01:49:06.638122,Recipe_C,b54cb98d-8adf-48ea-80f2-5e47b13f1b38,19,4.0,Error_9,Simulated Error occurred,Error,,,,,,
2025-12-17T01:49:07.638122,Recipe_C,b54cb98d-8adf-48ea-80f2-5e47b13f1b38,19,4.0,,,,98.73,61.12,53.77,50.84,43.38,52.83
2025-12-17T01:49:08.638122,Recipe_C,b54cb98d-8adf-48ea-80f2-5e47b13f1b38,19,4.0,,,,103.41,56.58,60.38,49.36,49.64,45.61
2025-12-17T01:49:09.638122,Recipe_C,b54cb98d-8adf-48ea-80f2-5e47b13f1b38,19,4.0,,,,104.11,48.12,50.15,52.95,54.28,50.2
2025-12-17T01:49:10.638122,Recipe_C,b54cb98d-8adf-48ea-80f2-5e47b13f1b38,19,4.0,,,,102.85,56.18,37.97,52.46,45.19,47.56
2025-12-17T01:49:11.638122,Recipe_C,b54cb98d-8adf-48ea-80f2-5e47b13f1b38,19,4.0,,,,92.32,53.53,54.07,52.43,41.81,50.12
2025-12-17T01:49:12.638122,Recipe_C,b54cb98d-8adf-48ea-80f2-5e47b13f1b38,19,4.0,,,,104.37,43.25,59.32,52.45,57.59,45.57
2025-12-17T01:49:13.638122,Recipe_C,b54cb98d-8adf-48ea-80f2-5e47b13f1b38,19,4.0,,,,97.42,44.88,46.48,52.07,45.98,46.11
2025-12-17T01:49:14.638122,Recipe_C,b54cb98d-8adf-48ea-80f2-5e47b13f1b38,19,4.0,,,,100.87,39.08,58.51,52.68,53.6,49.09
2025-12-17T01:49:15.638122,Recipe_C,b54cb98d-8adf-48ea-80f2-5e47b13f1b38,19,4.0,,,,103.07,48.04,43.65,46.11,45.99,47.83
2025-12-17T01:49:16.638122,Recipe_C,b54cb98d-8adf-48ea-80f2-5e47b13f1b38,19,4.0,,,,105.18,49.46,53.58,54.06,47.61,51.15
2025-12-17T01:49:17.638122,Recipe_C,b54cb98d-8adf-48ea-80f2-5e47b13f1b38,19,4.0,,,,96.57,52.27,54.9,50.48,43.56,49.78
2025-12-17T01:49:18.638122,Recipe_C,b54cb98d-8adf-48ea-80f2-5e47b13f1b38,19,4.0,,,,96.29,63.25,56.72,49.83,47.42,50.09
2025-12-17T01:49:19.638122,Recipe_C,b54cb98d-8adf-48ea-80f2-5e47b13f1b38,19,4.0,,,,105.58,54.94,50.36,53.18,50.04,50.63
2025-12-17T01:49:20.638122,Recipe_C,b54cb98d-8adf-48ea-80f2-5e47b13f1b38,19,4.0,,,,99.36,50.14,49.11,48.62,43.59,46.7
2025-12-17T01:49:21.638122,Recipe_C,b54cb98d-8adf-48ea-80f2-5e47b13f1b38,19,4.0,,,,98.43,49.07,49.66,47.86,57.65,55.48
2025-12-17T01:49:22.638122,Recipe_C,b54cb98d-8adf-48ea-80f2-5e47b13f1b38,19,4.0,,,,91.07,40.35,39.7,57.3,53.88,44.69
2025-12-17T01:49:23.638122,Recipe_C,b54cb98d-8adf-48ea-80f2-5e47b13f1b38,19,4.0,,,,101.44,51.49,49.56,47.99,56.21,52.47
2025-12-17T01:49:24.638122,Recipe_C,b54cb98d-8adf-48ea-80f2-5e47b13f1b38,19,4.0,,,,97.05,54.78,48.6,48.83,58.18,52.19
2025-12-17T01:49:24.638122,Recipe_C,b54cb98d-8adf-48ea-80f2-5e47b13f1b38,19,4.0,Error_4,Simulated Error occurred,Error,,,,,,
2025-12-17T01:49:25.638122,Recipe_C,b54cb98d-8adf-48ea-80f2-5e47b13f1b38,19,3.0,,,,8.16,9.32,7.98,9.62,9.81,12.26
2025-12-17T01:49:26.638122,Recipe_C,b54cb98d-8adf-48ea-80f2-5e47b13f1b38,19,3.0,,,,9.88,7.12,11.93,11.44,9.64,9.49
2025-12-17T01:49:27.638122,Recipe_C,b54cb98d-8adf-48ea-80f2-5e47b13f1b38,19,3.0,,,,11.76,4.77,11.27,9.96,12.43,9.8
2025-12-17T01:49:28.638122,Recipe_C,b54cb98d-8adf-48ea-80f2-5e47b13f1b38,19,3.0,,,,12.15,11.2,6.75,10.73,8.6,11.0
2025-12-17T01:49:29.638122,Recipe_C,b54cb98d-8adf-48ea-80f2-5e47b13f1b38,19,3.0,,,,7.67,8.31,13.2,8.93,11.08,5.51
2025-12-17T01:49:30.638122,Recipe_C,b54cb98d-8adf-48ea-80f2-5e47b13f1b38,19,3.0,,,,9.87,7.94,10.7,12.91,13.18,12.76
2025-12-17T01:49:31.638122,Recipe_C,b54cb98d-8adf-48ea-80f2-5e47b13f1b38,19,3.0,,,,6.31,6.79,9.98,10.98,6.74,10.75
2025-12-17T01:49:32.638122,Recipe_C,b54cb98d-8adf-48ea-80f2-5e47b13f1b38,19,3.0,,,,11.15,11.79,10.62,10.42,9.08,12.23
2025-12-17T01:49:33.638122,Recipe_C,b54cb98d-8adf-48ea-80f2-5e47b13f1b38,19,3.0,,,,9.97,14.86,11.81,9.26,9.29,4.6
2025-12-17T01:49:34.638122,Recipe_C,b54cb98d-8adf-48ea-80f2-5e47b13f1b38,19,3.0,,,,9.67,9.27,11.33,10.12,9.15,8.84
2025-12-17T01:49:35.638122,Recipe_C,b54cb98d-8adf-48ea-80f2-5e47b13f1b38,19,3.0,,,,7.76,10.69,8.17,10.3,8.19,9.21
2025-12-17T01:49:36.638122,Recipe_C,b54cb98d-8adf-48ea-80f2-5e47b13f1b38,19,3.0,,,,11.0,8.61,8.42,11.42,10.15,10.01
2025-12-17T01:49:37.638122,Recipe_C,b54cb98d-8adf-48ea-80f2-5e47b13f1b38,19,3.0,,,,9.55,10.78,10.97,11.99,9.83,14.41
2025-12-17T01:49:38.638122,Recipe_C,b54cb98d-8adf-48ea-80f2-5e47b13f1b38,19,3.0,,,,10.52,9.95,9.74,5.72,9.18,12.67
2025-12-17T01:49:39.638122,Recipe_C,b54cb98d-8adf-48ea-80f2-5e47b13f1b38,19,3.0,,,,10.38,8.23,8.64,7.3,11.61,5.66
2025-12-17T01:49:40.638122,Recipe_C,b54cb98d-8adf-48ea-80f2-5e47b13f1b38,19,3.0,,,,7.67,10.86,9.06,12.47,8.97,9.76
2025-12-17T01:49:41.638122,Recipe_C,b54cb98d-8adf-48ea-80f2-5e47b13f1b38,19,3.0,,,,11.01,6.84,11.5,9.52,10.41,9.11
2025-12-17T01:49:42.638122,Recipe_C,b54cb98d-8adf-48ea-80f2-5e47b13f1b38,19,3.0,,,,10.81,7.48,11.47,7.87,6.44,9.49
2025-12-17T01:49:43.638122,Recipe_C,b54cb98d-8adf-48ea-80f2-5e47b13f1b38,19,3.0,,,,10.53,11.32,10.05,12.29,9.14,11.64
2025-12-17T01:49:44.638122,Recipe_C,b54cb98d-8adf-48ea-80f2-5e47b13f1b38,19,3.0,,,,10.38,9.37,9.68,9.74,10.1,11.78
2025-12-17T01:49:45.638122,Recipe_C,b54cb98d-8adf-48ea-80f2-5e47b13f1b38,19,3.0,,,,9.13,10.2,9.38,8.24,11.96,9.85
2025-12-17T01:49:46.638122,Recipe_C,b54cb98d-8adf-48ea-80f2-5e47b13f1b38,19,3.0,,,,13.22,12.85,10.24,11.12,13.58,10.58
2025-12-17T01:49:47.638122,Recipe_C,b54cb98d-8adf-48ea-80f2-5e47b13f1b38,19,3.0,,,,10.75,8.19,12.78,8.67,10.05,13.18
2025-12-17T01:49:48.638122,Recipe_C,b54cb98d-8adf-48ea-80f2-5e47b13f1b38,19,3.0,,,,8.69,10.91,8.91,9.74,10.39,14.24
2025-12-17T01:49:49.638122,Recipe_C,b54cb98d-8adf-48ea-80f2-5e47b13f1b38,19,3.0,,,,9.36,10.48,10.09,14.38,10.0,9.33
2025-12-17T01:49:50.638122,Recipe_C,b54cb98d-8adf-48ea-80f2-5e47b13f1b38,19,3.0,,,,12.16,9.01,7.76,10.48,9.02,11.43
2025-12-17T01:49:51.638122,Recipe_C,b54cb98d-8adf-48ea-80f2-5e47b13f1b38,19,3.0,,,,9.18,7.85,11.4,11.92,13.69,9.34
2025-12-17T01:49:52.638122,Recipe_C,b54cb98d-8adf-48ea-80f2-5e47b13f1b38,19,4.0,,,,96.03,48.56,51.26,43.99,46.16,47.63
2025-12-17T01:49:53.638122,Recipe_C,b54cb98d-8adf-48ea-80f2-5e47b13f1b38,19,4.0,,,,92.6,44.57,46.2,52.59,44.54,48.01
2025-12-17T01:49:54.638122,Recipe_C,b54cb98d-8adf-48ea-80f2-5e47b13f1b38,19,4.0,,,,104.63,56.18,49.74,51.77,51.49,43.41
2025-12-17T01:49:55.638122,Recipe_C,b54cb98d-8adf-48ea-80f2-5e47b13f1b38,19,2.0,,,,10.05,9.89,13.33,6.71,12.18,11.5
2025-12-17T01:49:56.638122,Recipe_C,b54cb98d-8adf-48ea-80f2-5e47b13f1b38,19,2.0,,,,9.61,11.72,9.04,8.99,11.59,11.23
2025-12-17T01:49:57.638122,Recipe_C,b54cb98d-8adf-48ea-80f2-5e47b13f1b38,19,2.0,,,,11.84,10.25,15.23,7.72,14.43,8.82
2025-12-17T01:49:58.638122,Recipe_C,b54cb98d-8adf-48ea-80f2-5e47b13f1b38,19,2.0,,,,10.79,11.01,5.15,8.16,13.25,9.33
2025-12-17T01:49:59.638122,Recipe_C,b54cb98d-8adf-48ea-80f2-5e47b13f1b38,19,2.0,,,,8.75,8.97,10.53,8.51,12.21,8.9
2025-12-17T01:50:00.638122,Recipe_C,b54cb98d-8adf-48ea-80f2-5e47b13f1b38,19,2.0,,,,9.63,8.24,10.33,7.54,11.87,7.75
2025-12-17T01:50:01.638122,Recipe_C,b54cb98d-8adf-48ea-80f2-5e47b13f1b38,19,2.0,,,,11.7,10.97,7.96,9.56,8.88,5.88
2025-12-17T01:50:02.638122,Recipe_C,b54cb98d-8adf-48ea-80f2-5e47b13f1b38,19,2.0,,,,8.08,9.63,9.11,9.87,8.26,8.88
2025-12-17T01:50:03.638122,Recipe_C,b54cb98d-8adf-48ea-80f2-5e47b13f1b38,19,2.0,,,,9.85,11.71,12.68,8.33,10.96,12.27
2025-12-17T01:50:04.638122,Recipe_C,b54cb98d-8adf-48ea-80f2-5e47b13f1b38,19,2.0,,,,10.12,8.44,8.26,8.7,12.37,13.0
2025-12-17T01:50:04.638122,Recipe_C,b54cb98d-8adf-48ea-80f2-5e47b13f1b38,19,2.0,Warning_10,Simulated Warning occurred,Warning,,,,,,
2025-12-17T01:50:05.638122,Recipe_C,b54cb98d-8adf-48ea-80f2-5e47b13f1b38,19,2.0,,,,12.79,8.88,9.44,10.06,9.16,10.32
2025-12-17T01:50:06.638122,Recipe_C,b54cb98d-8adf-48ea-80f2-5e47b13f1b38,19,2.0,,,,11.25,11.09,10.77,10.82,10.61,12.16
2025-12-17T01:50:07.638122,Recipe_C,b54cb98d-8adf-48ea-80f2-5e47b13f1b38,19,2.0,,,,12.08,11.11,9.26,8.77,8.53,10.76
2025-12-17T01:50:08.638122,Recipe_C,b54cb98d-8adf-48ea-80f2-5e47b13f1b38,19,2.0,,,,8.24,8.01,8.58,9.97,9.23,11.1
2025-12-17T01:50:09.638122,Recipe_C,b54cb98d-8adf-48ea-80f2-5e47b13f1b38,19,2.0,,,,11.29,11.98,9.68,8.36,15.4,9.47
2025-12-17T01:50:10.638122,Recipe_C,b54cb98d-8adf-48ea-80f2-5e47b13f1b38,19,2.0,,,,10.81,6.86,6.79,12.52,5.93,8.24
2025-12-17T01:50:11.638122,Recipe_C,b54cb98d-8adf-48ea-80f2-5e47b13f1b38,19,2.0,,,,12.53,9.03,9.46,11.83,12.81,11.36
2025-12-17T01:50:12.638122,Recipe_C,b54cb98d-8adf-48ea-80f2-5e47b13f1b38,19,2.0,,,,11.0,12.88,9.08,8.34,9.81,8.78
2025-12-17T01:50:13.638122,Recipe_C,b54cb98d-8adf-48ea-80f2-5e47b13f1b38,19,2.0,,,,9.42,10.98,9.68,8.33,11.72,6.87
2025-12-17T01:50:14.638122,Recipe_C,b54cb98d-8adf-48ea-80f2-5e47b13f1b38,19,2.0,,,,9.14,6.92,9.2,12.42,7.74,11.09
2025-12-17T01:50:15.638122,Recipe_C,b54cb98d-8adf-48ea-80f2-5e47b13f1b38,19,2.0,,,,8.6,9.22,10.58,8.13,12.52,11.72
2025-12-17T01:50:16.638122,Recipe_C,b54cb98d-8adf-48ea-80f2-5e47b13f1b38,19,2.0,,,,8.23,9.7,12.37,10.71,12.26,13.56
2025-12-17T01:50:17.638122,Recipe_C,b54cb98d-8adf-48ea-80f2-5e47b13f1b38,19,5.0,,,,9.22,9.39,12.23,10.86,10.63,9.93
2025-12-17T01:50:18.638122,Recipe_C,b54cb98d-8adf-48ea-80f2-5e47b13f1b38,19,3.0,,,,9.24,8.36,10.38,8.97,8.01,13.92
2025-12-17T01:50:19.638122,Recipe_C,b54cb98d-8adf-48ea-80f2-5e47b13f1b38,19,3.0,,,,7.18,8.9,9.24,9.12,9.61,10.06
2025-12-17T01:50:20.638122,Recipe_C,b54cb98d-8adf-48ea-80f2-5e47b13f1b38,19,3.0,,,,12.88,9.83,11.66,8.29,10.81,6.7
2025-12-17T01:50:21.638122,Recipe_C,b54cb98d-8adf-48ea-80f2-5e47b13f1b38,19,3.0,,,,8.83,8.88,9.22,7.52,8.87,8.41
2025-12-17T01:50:22.638122,Recipe_C,b54cb98d-8adf-48ea-80f2-5e47b13f1b38,19,3.0,,,,11.59,12.26,10.23,7.24,13.06,9.34
2025-12-17T01:50:23.638122,Recipe_C,b54cb98d-8adf-48ea-80f2-5e47b13f1b38,19,3.0,,,,12.41,11.24,6.19,9.89,7.34,10.03
2025-12-17T01:50:24.638122,Recipe_C,b54cb98d-8adf-48ea-80f2-5e47b13f1b38,19,3.0,,,,11.77,11.52,10.37,11.56,11.36,10.62
2025-12-17T01:50:25.638122,Recipe_C,b54cb98d-8adf-48ea-80f2-5e47b13f1b38,19,3.0,,,,9.45,6.4,11.52,8.95,9.09,5.58
2025-12-17T01:50:26.638122,Recipe_C,b54cb98d-8adf-48ea-80f2-5e47b13f1b38,19,3.0,,,,8.7,11.3,6.07,8.43,7.55,13.86
2025-12-17T01:50:27.638122,Recipe_C,b54cb98d-8adf-48ea-80f2-5e47b13f1b38,19,2.0,,,,9.58,9.58,11.12,8.82,12.05,11.67
2025-12-17T01:50:28.638122,Recipe_C,b54cb98d-8adf-48ea-80f2-5e47b13f1b38,19,2.0,,,,12.55,13.85,5.98,8.38,4.91,7.54
2025-12-17T01:50:29.638122,Recipe_C,b54cb98d-8adf-48ea-80f2-5e47b13f1b38,19,4.0,,,,101.17,42.25,39.01,43.38,62.86,52.87
2025-12-17T01:50:30.638122,Recipe_C,b54cb98d-8adf-48ea-80f2-5e47b13f1b38,19,4.0,,,,108.71,44.34,37.99,44.21,45.0,62.62
2025-12-17T01:50:31.638122,Recipe_C,b54cb98d-8adf-48ea-80f2-5e47b13f1b38,19,4.0,,,,108.06,42.3,45.46,39.87,52.72,46.11
2025-12-17T01:50:32.638122,Recipe_C,b54cb98d-8adf-48ea-80f2-5e47b13f1b38,19,4.0,,,,101.57,52.06,52.33,46.59,48.37,49.06
2025-12-17T01:50:33.638122,Recipe_C,b54cb98d-8adf-48ea-80f2-5e47b13f1b38,19,4.0,,,,100.3,44.89,50.17,45.12,51.25,50.35
2025-12-17T01:50:34.638122,Recipe_C,b54cb98d-8adf-48ea-80f2-5e47b13f1b38,19,4.0,,,,100.75,49.35,51.78,52.83,46.43,46.86
2025-12-17T01:50:35.638122,Recipe_C,b54cb98d-8adf-48ea-80f2-5e47b13f1b38,19,4.0,,,,97.97,52.99,41.98,55.8,47.25,41.77
2025-12-17T01:50:36.638122,Recipe_C,b54cb98d-8adf-48ea-80f2-5e47b13f1b38,19,4.0,,,,98.01,56.06,62.07,52.04,43.24,44.44
2025-12-17T01:50:37.638122,Recipe_C,b54cb98d-8adf-48ea-80f2-5e47b13f1b38,19,4.0,,,,106.27,45.97,45.88,46.46,54.08,52.53
2025-12-17T01:50:38.638122,Recipe_C,b54cb98d-8adf-48ea-80f2-5e47b13f1b38,19,4.0,,,,101.73,56.1,53.79,62.43,54.87,45.42
2025-12-17T01:50:39.638122,Recipe_C,b54cb98d-8adf-48ea-80f2-5e47b13f1b38,19,4.0,,,,98.96,51.06,45.93,46.78,44.79,60.05
2025-12-17T01:50:40.638122,Recipe_C,b54cb98d-8adf-48ea-80f2-5e47b13f1b38,19,4.0,,,,95.24,44.25,43.66,48.81,53.78,50.81
2025-12-17T01:50:41.638122,Recipe_C,b54cb98d-8adf-48ea-80f2-5e47b13f1b38,19,4.0,,,,101.63,48.09,58.08,38.12,47.8,49.71
2025-12-17T01:50:42.638122,Recipe_C,b54cb98d-8adf-48ea-80f2-5e47b13f1b38,19,4.0,,,,102.22,49.72,49.22,40.63,55.81,42.28
2025-12-17T01:50:43.638122,Recipe_C,b54cb98d-8adf-48ea-80f2-5e47b13f1b38,19,4.0,,,,107.83,48.27,42.77,46.35,43.42,52.41
2025-12-17T01:50:44.638122,Recipe_C,b54cb98d-8adf-48ea-80f2-5e47b13f1b38,19,4.0,,,,98.49,46.75,39.92,51.62,47.67,48.97
2025-12-17T01:50:45.638122,Recipe_C,b54cb98d-8adf-48ea-80f2-5e47b13f1b38,19,4.0,,,,93.66,45.57,57.58,44.55,48.87,54.94
2025-12-17T01:50:46.638122,Recipe_C,b54cb98d-8adf-48ea-80f2-5e47b13f1b38,19,4.0,,,,96.62,50.55,45.84,45.6,48.47,48.86
2025-12-17T01:50:47.638122,Recipe_C,b54cb98d-8adf-48ea-80f2-5e47b13f1b38,19,4.0,,,,92.14,43.53,41.45,55.76,55.4,43.6
2025-12-17T01:50:48.638122,Recipe_C,b54cb98d-8adf-48ea-80f2-5e47b13f1b38,19,4.0,,,,94.17,45.72,48.79,48.66,48.82,46.67
2025-12-17T01:50:49.638122,Recipe_C,b54cb98d-8adf-48ea-80f2-5e47b13f1b38,19,4.0,,,,97.18,55.97,46.88,47.86,41.96,50.98
2025-12-17T01:50:50.638122,Recipe_C,b54cb98d-8adf-48ea-80f2-5e47b13f1b38,19,4.0,,,,107.75,48.33,62.94,40.78,49.33,46.33
2025-12-17T01:50:51.638122,Recipe_C,b54cb98d-8adf-48ea-80f2-5e47b13f1b38,19,4.0,,,,96.86,57.27,51.36,45.14,48.0,44.78
2025-12-17T01:50:52.638122,Recipe_C,b54cb98d-8adf-48ea-80f2-5e47b13f1b38,19,4.0,,,,85.64,47.36,43.69,59.76,49.7,48.68
2025-12-17T01:50:53.638122,Recipe_C,b54cb98d-8adf-48ea-80f2-5e47b13f1b38,19,4.0,,,,100.3,50.06,50.44,46.89,47.67,50.09
2025-12-17T01:50:54.638122,Recipe_C,b54cb98d-8adf-48ea-80f2-5e47b13f1b38,19,4.0,,,,100.4,53.65,52.64,46.34,53.03,48.97
2025-12-17T01:50:55.638122,Recipe_C,b54cb98d-8adf-48ea-80f2-5e47b13f1b38,19,4.0,,,,98.98,48.76,51.79,58.45,49.33,49.45
2025-12-17T01:50:56.638122,Recipe_C,b54cb98d-8adf-48ea-80f2-5e47b13f1b38,19,4.0,,,,114.94,46.59,51.78,52.0,45.37,46.51
2025-12-17T01:50:57.638122,Recipe_C,b54cb98d-8adf-48ea-80f2-5e47b13f1b38,19,4.0,,,,101.4,47.02,62.76,52.42,52.58,49.26
2025-12-17T01:50:58.638122,Recipe_C,b54cb98d-8adf-48ea-80f2-5e47b13f1b38,19,4.0,,,,103.72,55.62,51.42,50.21,47.17,55.47
2025-12-17T01:50:59.638122,Recipe_C,b54cb98d-8adf-48ea-80f2-5e47b13f1b38,19,4.0,,,,92.08,46.0,52.31,51.97,52.36,54.95
2025-12-17T01:51:00.638122,Recipe_C,b54cb98d-8adf-48ea-80f2-5e47b13f1b38,19,4.0,,,,101.81,60.35,47.46,41.39,45.75,53.83
2025-12-17T01:51:01.638122,Recipe_C,b54cb98d-8adf-48ea-80f2-5e47b13f1b38,19,4.0,,,,92.8,48.48,45.16,56.34,55.4,58.58
2025-12-17T01:51:02.638122,Recipe_C,b54cb98d-8adf-48ea-80f2-5e47b13f1b38,19,4.0,,,,95.03,56.36,61.29,58.04,47.04,39.25
2025-12-17T01:51:03.638122,Recipe_C,b54cb98d-8adf-48ea-80f2-5e47b13f1b38,19,4.0,,,,104.21,48.43,46.7,55.12,52.66,57.38
2025-12-17T01:51:04.638122,Recipe_C,b54cb98d-8adf-48ea-80f2-5e47b13f1b38,19,4.0,,,,95.4,51.49,58.43,55.65,48.0,43.42
2025-12-17T01:51:05.638122,Recipe_C,b54cb98d-8adf-48ea-80f2-5e47b13f1b38,19,4.0,,,,98.51,56.48,47.03,47.85,50.41,55.69
2025-12-17T01:51:06.638122,Recipe_C,b54cb98d-8adf-48ea-80f2-5e47b13f1b38,19,4.0,,,,103.91,54.8,50.5,53.34,50.88,46.93
2025-12-17T01:51:07.638122,Recipe_C,b54cb98d-8adf-48ea-80f2-5e47b13f1b38,19,4.0,,,,98.42,55.0,47.01,57.03,49.44,44.23
2025-12-17T01:51:08.638122,Recipe_C,b54cb98d-8adf-48ea-80f2-5e47b13f1b38,19,4.0,,,,95.62,51.43,66.44,60.12,53.13,46.26
2025-12-17T01:51:09.638122,Recipe_C,b54cb98d-8adf-48ea-80f2-5e47b13f1b38,19,4.0,,,,109.88,44.41,53.01,53.77,53.22,48.51
2025-12-17T01:51:10.638122,Recipe_C,b54cb98d-8adf-48ea-80f2-5e47b13f1b38,19,1.0,,,,6.59,11.63,10.22,14.77,10.82,7.56
2025-12-17T01:51:11.638122,Recipe_C,b54cb98d-8adf-48ea-80f2-5e47b13f1b38,19,1.0,,,,9.46,7.81,9.19,10.52,9.07,8.29
2025-12-17T01:51:12.638122,Recipe_C,b54cb98d-8adf-48ea-80f2-5e47b13f1b38,19,1.0,,,,7.82,12.24,10.67,9.08,7.72,12.18
2025-12-17T01:51:13.638122,Recipe_C,b54cb98d-8adf-48ea-80f2-5e47b13f1b38,19,1.0,,,,11.29,7.52,7.83,9.98,11.3,8.88
2025-12-17T01:51:14.638122,Recipe_C,b54cb98d-8adf-48ea-80f2-5e47b13f1b38,19,5.0,,,,10.77,5.74,8.4,13.8,9.29,10.26
2025-12-17T01:51:15.638122,Recipe_C,b54cb98d-8adf-48ea-80f2-5e47b13f1b38,19,5.0,,,,9.22,9.65,14.38,6.78,9.68,11.45
2025-12-17T01:51:16.638122,Recipe_C,b54cb98d-8adf-48ea-80f2-5e47b13f1b38,19,5.0,,,,13.35,7.49,9.57,7.32,10.37,12.78
2025-12-17T01:51:17.638122,Recipe_C,b54cb98d-8adf-48ea-80f2-5e47b13f1b38,19,5.0,,,,13.08,11.21,13.23,9.42,14.69,10.27
2025-12-17T01:51:18.638122,Recipe_C,b54cb98d-8adf-48ea-80f2-5e47b13f1b38,19,5.0,,,,10.44,10.56,13.74,11.03,8.5,13.39
2025-12-17T01:51:19.638122,Recipe_C,b54cb98d-8adf-48ea-80f2-5e47b13f1b38,19,5.0,,,,11.09,7.56,10.87,12.51,11.12,8.8
2025-12-17T01:51:20.638122,Recipe_C,b54cb98d-8adf-48ea-80f2-5e47b13f1b38,19,5.0,,,,12.23,9.72,9.98,10.82,11.63,11.81
2025-12-17T01:51:21.638122,Recipe_C,b54cb98d-8adf-48ea-80f2-5e47b13f1b38,19,5.0,,,,10.0,13.19,8.25,7.12,9.29,9.23
2025-12-17T01:51:22.638122,Recipe_C,b54cb98d-8adf-48ea-80f2-5e47b13f1b38,19,5.0,,,,9.92,9.88,12.11,12.75,7.84,11.93
2025-12-17T01:51:23.638122,Recipe_C,b54cb98d-8adf-48ea-80f2-5e47b13f1b38,19,5.0,,,,6.73,9.46,12.8,7.63,6.29,12.44
2025-12-17T01:51:24.638122,Recipe_C,b54cb98d-8adf-48ea-80f2-5e47b13f1b38,19,5.0,,,,10.31,5.82,12.46,10.68,11.93,8.46
2025-12-17T01:51:25.638122,Recipe_C,b54cb98d-8adf-48ea-80f2-5e47b13f1b38,19,0.0,,,,0.0,0.0,0.0,0.0,0.0,0.0
2025-12-17T01:51:26.638122,Recipe_C,b54cb98d-8adf-48ea-80f2-5e47b13f1b38,19,0.0,,,,0.0,0.0,0.0,0.0,0.0,0.0
2025-12-17T01:51:27.638122,Recipe_C,b54cb98d-8adf-48ea-80f2-5e47b13f1b38,19,0.0,,,,0.0,0.0,0.0,0.0,0.0,0.0
2025-12-17T01:51:28.638122,Recipe_C,b54cb98d-8adf-48ea-80f2-5e47b13f1b38,19,0.0,,,,0.0,0.0,0.0,0.0,0.0,0.0
2025-12-17T01:51:28.638122,Recipe_C,b54cb98d-8adf-48ea-80f2-5e47b13f1b38,19,0.0,Warning_9,Simulated Warning occurred,Warning,,,,,,
2025-12-17T01:51:29.638122,Recipe_C,b54cb98d-8adf-48ea-80f2-5e47b13f1b38,19,0.0,,,,0.0,0.0,0.0,0.0,0.0,0.0
2025-12-17T01:51:30.638122,Recipe_C,b54cb98d-8adf-48ea-80f2-5e47b13f1b38,19,0.0,,,,0.0,0.0,0.0,0.0,0.0,0.0
2025-12-17T01:51:31.638122,Recipe_C,b54cb98d-8adf-48ea-80f2-5e47b13f1b38,19,0.0,,,,0.0,0.0,0.0,0.0,0.0,0.0
2025-12-17T01:51:32.638122,Recipe_C,b54cb98d-8adf-48ea-80f2-5e47b13f1b38,19,0.0,,,,0.0,0.0,0.0,0.0,0.0,0.0
2025-12-17T01:51:33.638122,Recipe_C,b54cb98d-8adf-48ea-80f2-5e47b13f1b38,19,0.0,,,,0.0,0.0,0.0,0.0,0.0,0.0
2025-12-17T01:51:34.638122,Recipe_C,b54cb98d-8adf-48ea-80f2-5e47b13f1b38,19,0.0,,,,0.0,0.0,0.0,0.0,0.0,0.0
2025-12-17T01:51:35.638122,Recipe_C,b54cb98d-8adf-48ea-80f2-5e47b13f1b38,19,0.0,,,,0.0,0.0,0.0,0.0,0.0,0.0
2025-12-17T01:51:36.638122,Recipe_C,b54cb98d-8adf-48ea-80f2-5e47b13f1b38,19,0.0,,,,0.0,0.0,0.0,0.0,0.0,0.0
2025-12-17T01:51:37.638122,Recipe_C,b54cb98d-8adf-48ea-80f2-5e47b13f1b38,19,0.0,,,,0.0,0.0,0.0,0.0,0.0,0.0
2025-12-17T01:51:38.638122,Recipe_C,b54cb98d-8adf-48ea-80f2-5e47b13f1b38,19,0.0,,,,0.0,0.0,0.0,0.0,0.0,0.0
2025-12-17T01:51:39.638122,Recipe_C,b54cb98d-8adf-48ea-80f2-5e47b13f1b38,19,0.0,,,,0.0,0.0,0.0,0.0,0.0,0.0
2025-12-17T01:51:40.638122,Recipe_C,b54cb98d-8adf-48ea-80f2-5e47b13f1b38,19,0.0,,,,0.0,0.0,0.0,0.0,0.0,0.0
2025-12-17T01:51:41.638122,Recipe_C,b54cb98d-8adf-48ea-80f2-5e47b13f1b38,19,0.0,,,,0.0,0.0,0.0,0.0,0.0,0.0
2025-12-17T01:51:42.638122,Recipe_C,b54cb98d-8adf-48ea-80f2-5e47b13f1b38,19,0.0,,,,0.0,0.0,0.0,0.0,0.0,0.0
2025-12-17T01:51:43.638122,Recipe_C,b54cb98d-8adf-48ea-80f2-5e47b13f1b38,19,0.0,,,,0.0,0.0,0.0,0.0,0.0,0.0
2025-12-17T01:51:44.638122,Recipe_C,b54cb98d-8adf-48ea-80f2-5e47b13f1b38,19,0.0,,,,0.0,0.0,0.0,0.0,0.0,0.0
2025-12-17T01:51:45.638122,Recipe_C,b54cb98d-8adf-48ea-80f2-5e47b13f1b38,19,0.0,,,,0.0,0.0,0.0,0.0,0.0,0.0
2025-12-17T01:51:46.638122,Recipe_C,b54cb98d-8adf-48ea-80f2-5e47b13f1b38,19,0.0,,,,0.0,0.0,0.0,0.0,0.0,0.0
2025-12-17T01:51:47.638122,Recipe_C,b54cb98d-8adf-48ea-80f2-5e47b13f1b38,19,0.0,,,,0.0,0.0,0.0,0.0,0.0,0.0
2025-12-17T01:51:48.638122,Recipe_C,b54cb98d-8adf-48ea-80f2-5e47b13f1b38,19,0.0,,,,0.0,0.0,0.0,0.0,0.0,0.0
2025-12-17T01:51:49.638122,Recipe_C,b54cb98d-8adf-48ea-80f2-5e47b13f1b38,19,4.0,,,,109.3,44.78,56.74,41.54,58.02,45.37
2025-12-17T01:51:50.638122,Recipe_C,b54cb98d-8adf-48ea-80f2-5e47b13f1b38,19,4.0,,,,104.34,49.23,53.02,47.11,50.52,57.38
2025-12-17T01:51:51.638122,Recipe_C,b54cb98d-8adf-48ea-80f2-5e47b13f1b38,19,4.0,,,,98.7,52.33,55.66,45.73,46.05,48.46
2025-12-17T01:51:52.638122,Recipe_C,b54cb98d-8adf-48ea-80f2-5e47b13f1b38,19,4.0,,,,102.23,55.94,56.83,54.06,55.78,46.53
2025-12-17T01:51:53.638122,Recipe_C,b54cb98d-8adf-48ea-80f2-5e47b13f1b38,19,4.0,,,,92.21,47.74,53.42,40.64,42.94,49.85
2025-12-17T01:51:54.638122,Recipe_C,b54cb98d-8adf-48ea-80f2-5e47b13f1b38,19,4.0,,,,98.9,51.57,54.74,50.76,51.35,54.26
2025-12-17T01:51:55.638122,Recipe_C,b54cb98d-8adf-48ea-80f2-5e47b13f1b38,19,4.0,,,,102.49,43.08,47.81,57.31,40.86,51.56
2025-12-17T01:51:56.638122,Recipe_C,b54cb98d-8adf-48ea-80f2-5e47b13f1b38,19,4.0,,,,107.29,49.7,57.72,50.26,58.63,54.32
2025-12-17T01:51:57.638122,Recipe_C,b54cb98d-8adf-48ea-80f2-5e47b13f1b38,19,4.0,,,,92.22,49.28,43.8,54.69,41.99,48.3
2025-12-17T01:51:58.638122,Recipe_C,b54cb98d-8adf-48ea-80f2-5e47b13f1b38,19,4.0,,,,95.96,46.08,42.1,50.61,46.55,49.49
2025-12-17T01:51:59.638122,Recipe_C,b54cb98d-8adf-48ea-80f2-5e47b13f1b38,19,4.0,,,,85.67,46.57,44.5,50.82,49.34,41.86
2025-12-17T01:52:00.638122,Recipe_C,b54cb98d-8adf-48ea-80f2-5e47b13f1b38,19,4.0,,,,91.18,54.92,56.14,44.78,47.17,53.16
2025-12-17T01:52:01.638122,Recipe_C,b54cb98d-8adf-48ea-80f2-5e47b13f1b38,19,4.0,,,,103.87,39.17,49.29,55.48,52.73,38.72
2025-12-17T01:52:02.638122,Recipe_C,b54cb98d-8adf-48ea-80f2-5e47b13f1b38,19,4.0,,,,109.24,49.44,45.22,40.78,44.56,50.11
2025-12-17T01:52:03.638122,Recipe_C,b54cb98d-8adf-48ea-80f2-5e47b13f1b38,19,4.0,,,,97.63,52.98,51.08,46.23,58.17,47.29
2025-12-17T01:52:04.638122,Recipe_C,b54cb98d-8adf-48ea-80f2-5e47b13f1b38,19,3.0,,,,10.72,8.41,9.89,10.08,11.22,12.95
2025-12-17T01:52:05.638122,Recipe_C,b54cb98d-8adf-48ea-80f2-5e47b13f1b38,19,3.0,,,,9.78,9.89,12.06,10.35,12.77,12.89
2025-12-17T01:52:06.638122,Recipe_C,b54cb98d-8adf-48ea-80f2-5e47b13f1b38,19,3.0,,,,9.1,12.17,8.85,8.74,7.19,11.14
2025-12-17T01:52:07.638122,Recipe_C,b54cb98d-8adf-48ea-80f2-5e47b13f1b38,19,3.0,,,,10.22,9.47,10.08,11.75,11.94,10.84
2025-12-17T01:52:08.638122,Recipe_C,b54cb98d-8adf-48ea-80f2-5e47b13f1b38,19,3.0,,,,10.82,11.82,11.89,6.09,7.24,9.82
2025-12-17T01:52:09.638122,Recipe_C,b54cb98d-8adf-48ea-80f2-5e47b13f1b38,19,3.0,,,,11.57,9.83,7.96,10.62,11.71,11.38
2025-12-17T01:52:10.638122,Recipe_C,b54cb98d-8adf-48ea-80f2-5e47b13f1b38,19,3.0,,,,10.22,11.47,8.48,10.6,8.15,9.27
2025-12-17T01:52:11.638122,Recipe_C,b54cb98d-8adf-48ea-80f2-5e47b13f1b38,19,3.0,,,,8.83,13.02,11.62,11.06,9.5,6.37
2025-12-17T01:52:12.638122,Recipe_C,b54cb98d-8adf-48ea-80f2-5e47b13f1b38,19,3.0,,,,6.9,13.07,8.43,10.53,9.49,10.71
2025-12-17T01:52:13.638122,Recipe_C,b54cb98d-8adf-48ea-80f2-5e47b13f1b38,19,3.0,,,,11.99,15.4,13.01,12.51,6.59,8.71
2025-12-17T01:52:14.638122,Recipe_C,b54cb98d-8adf-48ea-80f2-5e47b13f1b38,19,3.0,,,,10.62,5.68,6.82,11.78,12.08,9.05
2025-12-17T01:52:15.638122,Recipe_C,b54cb98d-8adf-48ea-80f2-5e47b13f1b38,19,3.0,,,,11.89,14.5,10.1,12.79,8.59,12.22
2025-12-17T01:52:16.638122,Recipe_C,b54cb98d-8adf-48ea-80f2-5e47b13f1b38,19,3.0,,,,9.74,14.28,7.72,10.93,9.12,8.56
2025-12-17T01:52:17.638122,Recipe_C,b54cb98d-8adf-48ea-80f2-5e47b13f1b38,19,3.0,,,,9.47,10.15,11.01,8.74,10.9,11.04
2025-12-17T01:52:18.638122,Recipe_C,b54cb98d-8adf-48ea-80f2-5e47b13f1b38,19,3.0,,,,10.86,8.16,12.5,9.56,10.17,7.53
2025-12-17T01:52:19.638122,Recipe_C,b54cb98d-8adf-48ea-80f2-5e47b13f1b38,19,3.0,,,,14.08,9.53,12.18,9.69,11.71,10.28
2025-12-17T01:52:20.638122,Recipe_C,b54cb98d-8adf-48ea-80f2-5e47b13f1b38,19,3.0,,,,11.85,9.42,7.06,8.95,11.8,10.03
2025-12-17T01:52:21.638122,Recipe_C,b54cb98d-8adf-48ea-80f2-5e47b13f1b38,19,3.0,,,,12.75,9.84,11.25,9.69,14.18,11.68
2025-12-17T01:52:22.638122,Recipe_C,b54cb98d-8adf-48ea-80f2-5e47b13f1b38,19,3.0,,,,11.42,12.95,8.27,8.3,9.86,10.52
2025-12-17T01:52:23.638122,Recipe_C,b54cb98d-8adf-48ea-80f2-5e47b13f1b38,19,3.0,,,,7.49,9.69,7.43,9.06,8.83,6.6
2025-12-17T01:52:24.638122,Recipe_C,b54cb98d-8adf-48ea-80f2-5e47b13f1b38,19,3.0,,,,8.1,10.69,9.52,12.34,11.32,9.97
2025-12-17T01:52:25.638122,Recipe_C,b54cb98d-8adf-48ea-80f2-5e47b13f1b38,19,3.0,,,,9.24,8.55,15.12,7.93,9.75,7.9
2025-12-17T01:52:26.638122,Recipe_C,b54cb98d-8adf-48ea-80f2-5e47b13f1b38,19,3.0,,,,10.5,7.56,10.25,11.01,6.98,11.77
2025-12-17T01:52:27.638122,Recipe_C,b54cb98d-8adf-48ea-80f2-5e47b13f1b38,19,3.0,,,,11.0,9.0,9.77,7.59,8.95,8.19
2025-12-17T01:52:28.638122,Recipe_C,b54cb98d-8adf-48ea-80f2-5e47b13f1b38,19,3.0,,,,4.36,7.61,13.35,12.51,10.06,8.35
2025-12-17T01:52:29.638122,Recipe_C,b54cb98d-8adf-48ea-80f2-5e47b13f1b38,19,1.0,,,,9.91,8.31,7.6,9.46,12.99,12.1
2025-12-17T01:52:30.638122,Recipe_C,b54cb98d-8adf-48ea-80f2-5e47b13f1b38,19,1.0,,,,9.38,10.62,12.36,11.72,11.54,12.06
2025-12-17T01:52:31.638122,Recipe_C,b54cb98d-8adf-48ea-80f2-5e47b13f1b38,19,1.0,,,,11.69,12.07,10.93,9.81,10.27,10.19
2025-12-17T01:52:32.638122,Recipe_C,b54cb98d-8adf-48ea-80f2-5e47b13f1b38,19,1.0,,,,7.8,11.09,10.46,14.02,8.97,7.76
2025-12-17T01:52:33.638122,Recipe_C,b54cb98d-8adf-48ea-80f2-5e47b13f1b38,19,1.0,,,,11.84,7.44,11.25,11.03,8.51,10.81
2025-12-17T01:52:34.638122,Recipe_C,b54cb98d-8adf-48ea-80f2-5e47b13f1b38,19,1.0,,,,10.42,9.36,9.59,9.41,9.57,8.76
2025-12-17T01:52:35.638122,Recipe_C,b54cb98d-8adf-48ea-80f2-5e47b13f1b38,19,1.0,,,,10.24,11.72,10.64,7.13,8.49,9.16
2025-12-17T01:52:36.638122,Recipe_C,b54cb98d-8adf-48ea-80f2-5e47b13f1b38,19,1.0,,,,10.1,7.07,15.59,7.97,10.89,13.02
2025-12-17T01:52:37.638122,Recipe_C,b54cb98d-8adf-48ea-80f2-5e47b13f1b38,19,1.0,,,,11.25,11.29,10.1,7.18,7.7,13.46
2025-12-17T01:52:38.638122,Recipe_C,b54cb98d-8adf-48ea-80f2-5e47b13f1b38,19,1.0,,,,7.39,9.28,12.08,12.28,9.98,7.93
2025-12-17T01:52:39.638122,Recipe_C,b54cb98d-8adf-48ea-80f2-5e47b13f1b38,19,1.0,,,,10.57,9.9,10.8,11.87,11.44,7.26
2025-12-17T01:52:40.638122,Recipe_C,b54cb98d-8adf-48ea-80f2-5e47b13f1b38,19,1.0,,,,6.86,12.95,10.31,6.52,9.13,7.11
2025-12-17T01:52:41.638122,Recipe_C,b54cb98d-8adf-48ea-80f2-5e47b13f1b38,19,1.0,,,,9.42,8.83,5.55,10.0,9.02,11.71
2025-12-17T01:52:42.638122,Recipe_C,b54cb98d-8adf-48ea-80f2-5e47b13f1b38,19,1.0,,,,12.91,10.18,9.26,11.04,11.35,9.49
2025-12-17T01:52:43.638122,Recipe_C,b54cb98d-8adf-48ea-80f2-5e47b13f1b38,19,1.0,,,,12.87,10.2,12.42,10.6,8.42,12.66
2025-12-17T01:52:44.638122,Recipe_C,b54cb98d-8adf-48ea-80f2-5e47b13f1b38,19,1.0,,,,8.86,6.9,11.49,11.15,9.17,8.3
2025-12-17T01:52:45.638122,Recipe_C,b54cb98d-8adf-48ea-80f2-5e47b13f1b38,19,1.0,,,,10.64,10.46,10.69,9.08,9.65,10.48
2025-12-17T01:52:46.638122,Recipe_C,b54cb98d-8adf-48ea-80f2-5e47b13f1b38,19,1.0,,,,10.96,9.91,10.15,11.71,9.73,9.46
2025-12-17T01:52:47.638122,Recipe_C,b54cb98d-8adf-48ea-80f2-5e47b13f1b38,19,1.0,,,,8.26,6.39,11.89,9.26,7.8,9.0
2025-12-17T01:52:48.638122,Recipe_C,b54cb98d-8adf-48ea-80f2-5e47b13f1b38,19,1.0,,,,6.87,7.58,11.04,9.28,9.83,9.15
2025-12-17T01:52:49.638122,Recipe_C,b54cb98d-8adf-48ea-80f2-5e47b13f1b38,19,1.0,,,,11.14,9.06,11.17,10.3,10.07,11.04
2025-12-17T01:52:50.638122,Recipe_C,b54cb98d-8adf-48ea-80f2-5e47b13f1b38,19,1.0,,,,5.94,9.17,10.5,8.57,11.44,10.35
2025-12-17T01:52:51.638122,Recipe_C,b54cb98d-8adf-48ea-80f2-5e47b13f1b38,19,1.0,,,,8.81,8.54,9.18,10.18,11.6,10.85
2025-12-17T01:52:52.638122,Recipe_C,b54cb98d-8adf-48ea-80f2-5e47b13f1b38,19,1.0,,,,14.54,9.89,11.83,11.5,11.88,9.48
2025-12-17T01:52:53.638122,Recipe_C,b54cb98d-8adf-48ea-80f2-5e47b13f1b38,19,1.0,,,,12.49,10.97,9.4,9.1,10.88,12.75
2025-12-17T01:52:54.638122,Recipe_C,b54cb98d-8adf-48ea-80f2-5e47b13f1b38,19,1.0,,,,10.37,9.79,13.78,10.12,10.33,9.28
2025-12-17T01:52:55.638122,Recipe_C,b54cb98d-8adf-48ea-80f2-5e47b13f1b38,19,1.0,,,,12.83,11.33,13.83,10.42,13.25,6.53
2025-12-17T01:52:56.638122,Recipe_C,b54cb98d-8adf-48ea-80f2-5e47b13f1b38,19,1.0,,,,9.91,6.63,11.95,8.45,12.6,10.9
2025-12-17T01:52:57.638122,Recipe_C,b54cb98d-8adf-48ea-80f2-5e47b13f1b38,19,1.0,,,,7.43,12.09,9.23,8.35,11.22,8.7
2025-12-17T01:52:58.638122,Recipe_C,b54cb98d-8adf-48ea-80f2-5e47b13f1b38,19,3.0,,,,11.84,10.86,9.76,7.84,12.22,11.62
2025-12-17T01:52:59.638122,Recipe_C,b54cb98d-8adf-48ea-80f2-5e47b13f1b38,19,3.0,,,,8.96,9.9,9.92,8.31,9.93,10.76
2025-12-17T01:53:00.638122,Recipe_C,b54cb98d-8adf-48ea-80f2-5e47b13f1b38,19,3.0,,,,6.94,6.93,9.47,11.97,12.24,10.8
2025-12-17T01:53:01.638122,Recipe_C,b54cb98d-8adf-48ea-80f2-5e47b13f1b38,19,3.0,,,,8.39,7.68,7.77,8.42,9.33,12.94
2025-12-17T01:53:02.638122,Recipe_C,b54cb98d-8adf-48ea-80f2-5e47b13f1b38,19,3.0,,,,10.53,11.3,8.26,9.79,10.16,8.21
2025-12-17T01:53:03.638122,Recipe_C,b54cb98d-8adf-48ea-80f2-5e47b13f1b38,19,3.0,,,,9.47,11.03,9.22,9.46,9.12,6.9
2025-12-17T01:53:04.638122,Recipe_C,b54cb98d-8adf-48ea-80f2-5e47b13f1b38,19,3.0,,,,8.82,11.77,10.66,6.33,7.91,8.11
2025-12-17T01:53:05.638122,Recipe_C,b54cb98d-8adf-48ea-80f2-5e47b13f1b38,19,3.0,,,,9.75,13.29,9.68,11.45,8.83,10.35
2025-12-17T01:53:06.638122,Recipe_C,b54cb98d-8adf-48ea-80f2-5e47b13f1b38,19,3.0,,,,10.06,11.27,10.76,10.56,9.22,7.27
2025-12-17T01:53:07.638122,Recipe_C,b54cb98d-8adf-48ea-80f2-5e47b13f1b38,19,3.0,,,,12.53,10.15,9.68,9.52,10.87,13.79
2025-12-17T01:53:08.638122,Recipe_C,b54cb98d-8adf-48ea-80f2-5e47b13f1b38,19,3.0,,,,7.52,9.15,10.02,9.71,9.26,6.69
2025-12-17T01:53:09.638122,Recipe_C,b54cb98d-8adf-48ea-80f2-5e47b13f1b38,19,3.0,,,,8.78,9.31,11.87,10.44,10.5,10.41
2025-12-17T01:53:10.638122,Recipe_C,b54cb98d-8adf-48ea-80f2-5e47b13f1b38,19,3.0,,,,11.96,11.7,10.77,10.43,9.15,10.21
2025-12-17T01:53:11.638122,Recipe_C,b54cb98d-8adf-48ea-80f2-5e47b13f1b38,19,3.0,,,,8.71,7.49,10.06,11.28,9.05,10.47
2025-12-17T01:53:12.638122,Recipe_C,b54cb98d-8adf-48ea-80f2-5e47b13f1b38,19,3.0,,,,7.24,8.51,10.66,9.76,9.15,13.28
2025-12-17T01:53:13.638122,Recipe_C,b54cb98d-8adf-48ea-80f2-5e47b13f1b38,19,3.0,,,,8.8,9.92,11.02,9.29,10.16,5.77
2025-12-17T01:53:14.638122,Recipe_C,b54cb98d-8adf-48ea-80f2-5e47b13f1b38,19,5.0,,,,11.74,11.6,9.0,6.36,13.3,7.3
2025-12-17T01:53:15.638122,Recipe_C,b54cb98d-8adf-48ea-80f2-5e47b13f1b38,19,5.0,,,,13.33,10.24,9.31,5.53,9.32,7.57
2025-12-17T01:53:16.638122,Recipe_C,b54cb98d-8adf-48ea-80f2-5e47b13f1b38,19,5.0,,,,9.97,8.99,10.39,10.64,12.59,9.31
2025-12-17T01:53:17.638122,Recipe_C,b54cb98d-8adf-48ea-80f2-5e47b13f1b38,19,5.0,,,,10.73,9.74,11.28,8.2,12.07,7.38
2025-12-17T01:53:18.638122,Recipe_C,b54cb98d-8adf-48ea-80f2-5e47b13f1b38,19,5.0,,,,8.0,8.11,9.58,12.16,9.73,11.58
2025-12-17T01:53:19.638122,Recipe_C,b54cb98d-8adf-48ea-80f2-5e47b13f1b38,19,5.0,,,,7.62,10.61,10.73,9.71,10.19,11.77
2025-12-17T01:53:20.638122,Recipe_C,b54cb98d-8adf-48ea-80f2-5e47b13f1b38,19,5.0,,,,13.93,8.57,10.5,7.11,11.74,9.54
2025-12-17T01:53:21.638122,Recipe_C,b54cb98d-8adf-48ea-80f2-5e47b13f1b38,19,5.0,,,,8.14,9.68,13.11,6.17,11.15,7.85
2025-12-17T01:53:22.638122,Recipe_C,b54cb98d-8adf-48ea-80f2-5e47b13f1b38,19,5.0,,,,12.82,12.2,10.99,7.8,6.59,9.0
2025-12-17T01:53:23.638122,Recipe_C,b54cb98d-8adf-48ea-80f2-5e47b13f1b38,19,5.0,,,,11.95,9.91,9.67,12.23,5.49,12.39
2025-12-17T01:53:24.638122,Recipe_C,b54cb98d-8adf-48ea-80f2-5e47b13f1b38,19,5.0,,,,9.7,7.86,11.31,12.8,9.93,11.32
2025-12-17T01:53:25.638122,Recipe_C,b54cb98d-8adf-48ea-80f2-5e47b13f1b38,19,5.0,,,,10.38,7.19,9.93,7.51,13.53,8.05
2025-12-17T01:53:26.638122,Recipe_C,b54cb98d-8adf-48ea-80f2-5e47b13f1b38,19,5.0,,,,12.66,13.48,10.72,9.83,9.67,9.92
