Timestamp,RecipeId,JobId,RunId,Active_State_General_StaOperatingState,Name,Text,Severity,Active_ActProcVal_All_MainDrive_ActSpeed,Active_ActProcVal_All_MainDrive_ActTorquePercent,Active_ActProcVal_All_MainDrive_ActThroughput,Active_ActProcVal_All_MainDrive_ActPower,Active_ActProcVal_All_MainDrive_ActSME,Active_ActProcVal_All_Endplate_ActPressure
2025-12-17T09:09:26.948738,Recipe_C,5cbad24a-7923-4766-93ce-efd7023b5fd8,23,0.0,,,,0.0,0.0,0.0,0.0,0.0,0.0
2025-12-17T09:09:27.948738,Recipe_C,5cbad24a-7923-4766-93ce-efd7023b5fd8,23,0.0,,,,0.0,0.0,0.0,0.0,0.0,0.0
2025-12-17T09:09:28.948738,Recipe_C,5cbad24a-7923-4766-93ce-efd7023b5fd8,23,0.0,,,,0.0,0.0,0.0,0.0,0.0,0.0
2025-12-17T09:09:29.948738,Recipe_C,5cbad24a-7923-4766-93ce-efd7023b5fd8,23,0.0,,,,0.0,0.0,0.0,0.0,0.0,0.0
2025-12-17T09:09:30.948738,Recipe_C,5cbad24a-7923-4766-93ce-efd7023b5fd8,23,0.0,,,,0.0,0.0,0.0,0.0,0.0,0.0
2025-12-17T09:09:31.948738,Recipe_C,5cbad24a-7923-4766-93ce-efd7023b5fd8,23,0.0,,,,0.0,0.0,0.0,0.0,0.0,0.0
2025-12-17T09:09:32.948738,Recipe_C,5cbad24a-7923-4766-93ce-efd7023b5fd8,23,0.0,,,,0.0,0.0,0.0,0.0,0.0,0.0
2025-12-17T09:09:33.948738,Recipe_C,5cbad24a-7923-4766-93ce-efd7023b5fd8,23,0.0,,,,0.0,0.0,0.0,0.0,0.0,0.0
2025-12-17T09:09:34.948738,Recipe_C,5cbad24a-7923-4766-93ce-efd7023b5fd8,23,0.0,,,,0.0,0.0,0.0,0.0,0.0,0.0
2025-12-17T09:09:35.948738,Recipe_C,5cbad24a-7923-4766-93ce-efd7023b5fd8,23,1.0,,,,6.02,7.19,8.89,8.51,14.35,6.01
2025-12-17T09:09:36.948738,Recipe_C,5cbad24a-7923-4766-93ce-efd7023b5fd8,23,1.0,,,,8.29,9.09,9.49,11.17,9.81,7.95
2025-12-17T09:09:37.948738,Recipe_C,5cbad24a-7923-4766-93ce-efd7023b5fd8,23,1.0,,,,5.45,11.42,9.17,12.67,11.41,7.17
2025-12-17T09:09:38.948738,Recipe_C,5cbad24a-7923-4766-93ce-efd7023b5fd8,23,1.0,,,,10.34,16.01,9.92,11.2,11.53,9.6
2025-12-17T09:09:39.948738,Recipe_C,5cbad24a-7923-4766-93ce-efd7023b5fd8,23,1.0,,,,11.64,10.51,5.51,9.07,8.42,6.08
2025-12-17T09:09:40.948738,Recipe_C,5cbad24a-7923-4766-93ce-efd7023b5fd8,23,1.0,,,,11.62,7.19,13.17,14.32,8.04,7.91
2025-12-17T09:09:41.948738,Recipe_C,5cbad24a-7923-4766-93ce-efd7023b5fd8,23,1.0,,,,6.14,13.13,6.47,7.76,12.15,11.93
2025-12-17T09:09:42.948738,Recipe_C,5cbad24a-7923-4766-93ce-efd7023b5fd8,23,1.0,,,,12.67,9.13,9.97,10.07,12.82,10.92
2025-12-17T09:09:43.948738,Recipe_C,5cbad24a-7923-4766-93ce-efd7023b5fd8,23,1.0,,,,10.44,11.48,6.16,7.92,10.52,11.15
2025-12-17T09:09:44.948738,Recipe_C,5cbad24a-7923-4766-93ce-efd7023b5fd8,23,1.0,,,,9.71,11.34,8.22,10.75,13.05,9.48
2025-12-17T09:09:45.948738,Recipe_C,5cbad24a-7923-4766-93ce-efd7023b5fd8,23,1.0,,,,9.57,11.57,9.93,8.41,6.76,9.77
2025-12-17T09:09:46.948738,Recipe_C,5cbad24a-7923-4766-93ce-efd7023b5fd8,23,1.0,,,,10.01,13.03,10.9,9.45,10.46,6.46
2025-12-17T09:09:47.948738,Recipe_C,5cbad24a-7923-4766-93ce-efd7023b5fd8,23,1.0,,,,7.59,11.88,10.95,12.17,10.31,10.2
2025-12-17T09:09:48.948738,Recipe_C,5cbad24a-7923-4766-93ce-efd7023b5fd8,23,1.0,,,,12.05,6.74,8.9,10.57,10.75,9.28
2025-12-17T09:09:49.948738,Recipe_C,5cbad24a-7923-4766-93ce-efd7023b5fd8,23,1.0,,,,10.99,9.28,7.01,6.67,7.39,10.01
2025-12-17T09:09:50.948738,Recipe_C,5cbad24a-7923-4766-93ce-efd7023b5fd8,23,0.0,,,,0.0,0.0,0.0,0.0,0.0,0.0
2025-12-17T09:09:51.948738,Recipe_C,5cbad24a-7923-4766-93ce-efd7023b5fd8,23,0.0,,,,0.0,0.0,0.0,0.0,0.0,0.0
2025-12-17T09:09:52.948738,Recipe_C,5cbad24a-7923-4766-93ce-efd7023b5fd8,23,0.0,,,,0.0,0.0,0.0,0.0,0.0,0.0
2025-12-17T09:09:53.948738,Recipe_C,5cbad24a-7923-4766-93ce-efd7023b5fd8,23,0.0,,,,0.0,0.0,0.0,0.0,0.0,0.0
2025-12-17T09:09:54.948738,Recipe_C,5cbad24a-7923-4766-93ce-efd7023b5fd8,23,0.0,,,,0.0,0.0,0.0,0.0,0.0,0.0
2025-12-17T09:09:55.948738,Recipe_C,5cbad24a-7923-4766-93ce-efd7023b5fd8,23,0.0,,,,0.0,0.0,0.0,0.0,0.0,0.0
2025-12-17T09:09:56.948738,Recipe_C,5cbad24a-7923-4766-93ce-efd7023b5fd8,23,0.0,,,,0.0,0.0,0.0,0.0,0.0,0.0
2025-12-17T09:09:57.948738,Recipe_C,5cbad24a-7923-4766-93ce-efd7023b5fd8,23,0.0,,,,0.0,0.0,0.0,0.0,0.0,0.0
2025-12-17T09:09:58.948738,Recipe_C,5cbad24a-7923-4766-93ce-efd7023b5fd8,23,0.0,,,,0.0,0.0,0.0,0.0,0.0,0.0
2025-12-17T09:09:59.948738,Recipe_C,5cbad24a-7923-4766-93ce-efd7023b5fd8,23,0.0,,,,0.0,0.0,0.0,0.0,0.0,0.0
2025-12-17T09:10:00.948738,Recipe_C,5cbad24a-7923-4766-93ce-efd7023b5fd8,23,0.0,,,,0.0,0.0,0.0,0.0,0.0,0.0
2025-12-17T09:10:01.948738,Recipe_C,5cbad24a-7923-4766-93ce-efd7023b5fd8,23,0.0,,,,0.0,0.0,0.0,0.0,0.0,0.0
2025-12-17T09:10:02.948738,Recipe_C,5cbad24a-7923-4766-93ce-efd7023b5fd8,23,0.0,,,,0.0,0.0,0.0,0.0,0.0,0.0
2025-12-17T09:10:03.948738,Recipe_C,5cbad24a-7923-4766-93ce-efd7023b5fd8,23,0.0,,,,0.0,0.0,0.0,0.0,0.0,0.0
2025-12-17T09:10:04.948738,Recipe_C,5cbad24a-7923-4766-93ce-efd7023b5fd8,23,0.0,,,,0.0,0.0,0.0,0.0,0.0,0.0
2025-12-17T09:10:05.948738,Recipe_C,5cbad24a-7923-4766-93ce-efd7023b5fd8,23,0.0,,,,0.0,0.0,0.0,0.0,0.0,0.0
2025-12-17T09:10:06.948738,Recipe_C,5cbad24a-7923-4766-93ce-efd7023b5fd8,23,0.0,,,,0.0,0.0,0.0,0.0,0.0,0.0
2025-12-17T09:10:07.948738,Recipe_C,5cbad24a-7923-4766-93ce-efd7023b5fd8,23,0.0,,,,0.0,0.0,0.0,0.0,0.0,0.0
2025-12-17T09:10:08.948738,Recipe_C,5cbad24a-7923-4766-93ce-efd7023b5fd8,23,0.0,,,,0.0,0.0,0.0,0.0,0.0,0.0
2025-12-17T09:10:09.948738,Recipe_C,5cbad24a-7923-4766-93ce-efd7023b5fd8,23,0.0,,,,0.0,0.0,0.0,0.0,0.0,0.0
2025-12-17T09:10:10.948738,Recipe_C,5cbad24a-7923-4766-93ce-efd7023b5fd8,23,0.0,,,,0.0,0.0,0.0,0.0,0.0,0.0
2025-12-17T09:10:11.948738,Recipe_C,5cbad24a-7923-4766-93ce-efd7023b5fd8,23,0.0,,,,0.0,0.0,0.0,0.0,0.0,0.0
2025-12-17T09:10:12.948738,Recipe_C,5cbad24a-7923-4766-93ce-efd7023b5fd8,23,3.0,,,,10.66,8.7,14.6,9.0,10.38,9.85
2025-12-17T09:10:13.948738,Recipe_C,5cbad24a-7923-4766-93ce-efd7023b5fd8,23,3.0,,,,8.07,12.78,12.58,11.15,8.78,9.49
2025-12-17T09:10:14.948738,Recipe_C,5cbad24a-7923-4766-93ce-efd7023b5fd8,23,3.0,,,,8.71,8.6,8.54,11.52,12.13,7.14
2025-12-17T09:10:15.948738,Recipe_C,5cbad24a-7923-4766-93ce-efd7023b5fd8,23,3.0,,,,11.56,11.12,11.07,12.13,10.96,9.19
2025-12-17T09:10:16.948738,Recipe_C,5cbad24a-7923-4766-93ce-efd7023b5fd8,23,3.0,,,,9.97,12.57,7.72,7.63,7.31,10.69
2025-12-17T09:10:17.948738,Recipe_C,5cbad24a-7923-4766-93ce-efd7023b5fd8,23,5.0,,,,12.93,10.07,8.8,5.88,10.22,10.73
2025-12-17T09:10:18.948738,Recipe_C,5cbad24a-7923-4766-93ce-efd7023b5fd8,23,5.0,,,,12.17,9.55,11.16,9.82,9.34,8.99
2025-12-17T09:10:19.948738,Recipe_C,5cbad24a-7923-4766-93ce-efd7023b5fd8,23,5.0,,,,8.71,8.64,4.86,10.95,7.17,8.15
2025-12-17T09:10:20.948738,Recipe_C,5cbad24a-7923-4766-93ce-efd7023b5fd8,23,5.0,,,,14.9,12.04,14.02,13.93,9.87,9.28
2025-12-17T09:10:21.948738,Recipe_C,5cbad24a-7923-4766-93ce-efd7023b5fd8,23,5.0,,,,10.43,12.4,10.32,11.92,12.95,11.53
2025-12-17T09:10:22.948738,Recipe_C,5cbad24a-7923-4766-93ce-efd7023b5fd8,23,5.0,,,,10.12,8.71,11.8,10.05,4.94,14.4
2025-12-17T09:10:23.948738,Recipe_C,5cbad24a-7923-4766-93ce-efd7023b5fd8,23,5.0,,,,10.12,10.3,10.25,12.73,10.35,9.51
2025-12-17T09:10:24.948738,Recipe_C,5cbad24a-7923-4766-93ce-efd7023b5fd8,23,5.0,,,,8.95,12.71,11.03,11.78,11.4,8.0
2025-12-17T09:10:25.948738,Recipe_C,5cbad24a-7923-4766-93ce-efd7023b5fd8,23,5.0,,,,7.7,7.82,9.09,10.65,9.39,6.81
2025-12-17T09:10:26.948738,Recipe_C,5cbad24a-7923-4766-93ce-efd7023b5fd8,23,5.0,,,,11.69,9.45,8.83,7.98,10.25,6.47
2025-12-17T09:10:27.948738,Recipe_C,5cbad24a-7923-4766-93ce-efd7023b5fd8,23,5.0,,,,10.56,11.19,12.45,9.44,8.65,11.89
2025-12-17T09:10:28.948738,Recipe_C,5cbad24a-7923-4766-93ce-efd7023b5fd8,23,5.0,,,,5.12,9.44,10.87,8.98,11.45,6.04
2025-12-17T09:10:29.948738,Recipe_C,5cbad24a-7923-4766-93ce-efd7023b5fd8,23,5.0,,,,11.35,11.4,12.84,9.02,9.33,10.69
2025-12-17T09:10:30.948738,Recipe_C,5cbad24a-7923-4766-93ce-efd7023b5fd8,23,5.0,,,,14.61,10.32,12.08,13.22,10.02,9.21
2025-12-17T09:10:31.948738,Recipe_C,5cbad24a-7923-4766-93ce-efd7023b5fd8,23,5.0,,,,9.3,8.36,10.15,9.47,9.57,6.16
2025-12-17T09:10:32.948738,Recipe_C,5cbad24a-7923-4766-93ce-efd7023b5fd8,23,5.0,,,,9.7,12.96,8.1,10.48,14.64,9.96
2025-12-17T09:10:33.948738,Recipe_C,5cbad24a-7923-4766-93ce-efd7023b5fd8,23,5.0,,,,12.75,12.2,9.24,12.85,13.57,13.5
2025-12-17T09:10:34.948738,Recipe_C,5cbad24a-7923-4766-93ce-efd7023b5fd8,23,5.0,,,,9.85,9.51,9.35,8.76,8.36,9.77
2025-12-17T09:10:35.948738,Recipe_C,5cbad24a-7923-4766-93ce-efd7023b5fd8,23,5.0,,,,9.34,10.51,12.97,9.79,11.43,4.36
2025-12-17T09:10:36.948738,Recipe_C,5cbad24a-7923-4766-93ce-efd7023b5fd8,23,5.0,,,,12.11,8.64,9.61,7.9,10.92,10.91
2025-12-17T09:10:37.948738,Recipe_C,5cbad24a-7923-4766-93ce-efd7023b5fd8,23,5.0,,,,13.71,9.45,11.66,10.96,6.96,8.74
2025-12-17T09:10:38.948738,Recipe_C,5cbad24a-7923-4766-93ce-efd7023b5fd8,23,5.0,,,,8.67,6.42,13.8,8.72,9.03,11.62
2025-12-17T09:10:39.948738,Recipe_C,5cbad24a-7923-4766-93ce-efd7023b5fd8,23,5.0,,,,9.82,9.26,8.94,10.67,11.97,8.39
2025-12-17T09:10:40.948738,Recipe_C,5cbad24a-7923-4766-93ce-efd7023b5fd8,23,2.0,,,,7.72,16.19,9.35,8.1,10.57,12.39
2025-12-17T09:10:41.948738,Recipe_C,5cbad24a-7923-4766-93ce-efd7023b5fd8,23,2.0,,,,12.17,10.55,13.69,8.73,12.7,12.1
2025-12-17T09:10:42.948738,Recipe_C,5cbad24a-7923-4766-93ce-efd7023b5fd8,23,2.0,,,,8.65,9.79,13.58,11.29,9.18,7.94
2025-12-17T09:10:43.948738,Recipe_C,5cbad24a-7923-4766-93ce-efd7023b5fd8,23,2.0,,,,11.53,10.39,9.78,10.29,10.1,9.28
2025-12-17T09:10:44.948738,Recipe_C,5cbad24a-7923-4766-93ce-efd7023b5fd8,23,2.0,,,,9.88,8.11,6.52,11.58,10.67,10.29
2025-12-17T09:10:45.948738,Recipe_C,5cbad24a-7923-4766-93ce-efd7023b5fd8,23,2.0,,,,11.77,10.8,9.2,10.88,10.26,12.43
2025-12-17T09:10:46.948738,Recipe_C,5cbad24a-7923-4766-93ce-efd7023b5fd8,23,2.0,,,,11.04,8.2,9.29,9.09,11.37,8.56
2025-12-17T09:10:47.948738,Recipe_C,5cbad24a-7923-4766-93ce-efd7023b5fd8,23,2.0,,,,7.74,10.78,8.84,9.38,8.78,11.95
2025-12-17T09:10:48.948738,Recipe_C,5cbad24a-7923-4766-93ce-efd7023b5fd8,23,2.0,,,,9.02,10.38,11.29,8.53,7.04,9.03
2025-12-17T09:10:49.948738,Recipe_C,5cbad24a-7923-4766-93ce-efd7023b5fd8,23,2.0,,,,10.69,7.78,9.63,5.5,9.37,7.84
2025-12-17T09:10:50.948738,Recipe_C,5cbad24a-7923-4766-93ce-efd7023b5fd8,23,2.0,,,,10.01,11.54,11.53,10.04,9.78,11.07
2025-12-17T09:10:51.948738,Recipe_C,5cbad24a-7923-4766-93ce-efd7023b5fd8,23,2.0,,,,8.72,7.75,10.57,9.38,12.05,7.87
2025-12-17T09:10:52.948738,Recipe_C,5cbad24a-7923-4766-93ce-efd7023b5fd8,23,2.0,,,,4.6,12.49,9.63,9.98,9.92,7.98
2025-12-17T09:10:53.948738,Recipe_C,5cbad24a-7923-4766-93ce-efd7023b5fd8,23,2.0,,,,10.92,11.57,10.49,10.47,9.86,9.07
2025-12-17T09:10:54.948738,Recipe_C,5cbad24a-7923-4766-93ce-efd7023b5fd8,23,2.0,,,,8.94,14.75,11.3,8.67,9.27,11.62
2025-12-17T09:10:55.948738,Recipe_C,5cbad24a-7923-4766-93ce-efd7023b5fd8,23,2.0,,,,10.67,12.79,6.88,9.66,10.82,12.2
2025-12-17T09:10:56.948738,Recipe_C,5cbad24a-7923-4766-93ce-efd7023b5fd8,23,2.0,,,,10.31,9.47,13.91,9.39,9.69,10.38
2025-12-17T09:10:57.948738,Recipe_C,5cbad24a-7923-4766-93ce-efd7023b5fd8,23,2.0,,,,11.61,11.67,11.13,11.54,11.57,9.64
2025-12-17T09:10:58.948738,Recipe_C,5cbad24a-7923-4766-93ce-efd7023b5fd8,23,2.0,,,,10.65,4.73,10.23,11.41,10.52,8.8
2025-12-17T09:10:59.948738,Recipe_C,5cbad24a-7923-4766-93ce-efd7023b5fd8,23,2.0,,,,8.6,12.73,9.87,12.76,8.83,10.16
2025-12-17T09:11:00.948738,Recipe_C,5cbad24a-7923-4766-93ce-efd7023b5fd8,23,2.0,,,,8.72,10.67,9.53,12.18,9.58,10.15
2025-12-17T09:11:01.948738,Recipe_C,5cbad24a-7923-4766-93ce-efd7023b5fd8,23,2.0,,,,9.4,12.51,11.34,8.84,8.1,8.38
2025-12-17T09:11:02.948738,Recipe_C,5cbad24a-7923-4766-93ce-efd7023b5fd8,23,2.0,,,,9.41,10.29,9.62,10.52,10.12,10.45
2025-12-17T09:11:03.948738,Recipe_C,5cbad24a-7923-4766-93ce-efd7023b5fd8,23,2.0,,,,11.02,12.44,9.81,8.76,9.52,10.98
2025-12-17T09:11:04.948738,Recipe_C,5cbad24a-7923-4766-93ce-efd7023b5fd8,23,2.0,,,,10.74,10.07,7.08,8.45,9.21,8.85
2025-12-17T09:11:05.948738,Recipe_C,5cbad24a-7923-4766-93ce-efd7023b5fd8,23,2.0,,,,10.48,11.61,12.5,9.84,9.64,7.3
2025-12-17T09:11:06.948738,Recipe_C,5cbad24a-7923-4766-93ce-efd7023b5fd8,23,2.0,,,,8.22,6.82,11.78,9.22,11.98,10.86
2025-12-17T09:11:07.948738,Recipe_C,5cbad24a-7923-4766-93ce-efd7023b5fd8,23,2.0,,,,11.04,11.42,10.27,8.92,8.83,11.68
2025-12-17T09:11:08.948738,Recipe_C,5cbad24a-7923-4766-93ce-efd7023b5fd8,23,2.0,,,,14.16,10.43,9.64,10.63,13.75,11.33
2025-12-17T09:11:09.948738,Recipe_C,5cbad24a-7923-4766-93ce-efd7023b5fd8,23,2.0,,,,7.74,11.03,9.9,11.5,12.02,10.61
2025-12-17T09:11:10.948738,Recipe_C,5cbad24a-7923-4766-93ce-efd7023b5fd8,23,2.0,,,,9.39,9.89,5.7,9.08,9.29,12.3
2025-12-17T09:11:11.948738,Recipe_C,5cbad24a-7923-4766-93ce-efd7023b5fd8,23,2.0,,,,12.92,12.35,9.83,10.55,8.73,13.37
2025-12-17T09:11:12.948738,Recipe_C,5cbad24a-7923-4766-93ce-efd7023b5fd8,23,2.0,,,,8.85,6.85,5.15,6.97,10.42,10.49
2025-12-17T09:11:13.948738,Recipe_C,5cbad24a-7923-4766-93ce-efd7023b5fd8,23,2.0,,,,11.18,11.03,11.99,10.6,7.06,8.65
2025-12-17T09:11:14.948738,Recipe_C,5cbad24a-7923-4766-93ce-efd7023b5fd8,23,2.0,,,,10.6,9.88,10.96,8.46,7.83,11.54
2025-12-17T09:11:15.948738,Recipe_C,5cbad24a-7923-4766-93ce-efd7023b5fd8,23,2.0,,,,9.74,11.61,5.31,8.93,11.17,11.89
2025-12-17T09:11:16.948738,Recipe_C,5cbad24a-7923-4766-93ce-efd7023b5fd8,23,2.0,,,,9.64,8.94,8.53,9.19,8.02,11.53
2025-12-17T09:11:17.948738,Recipe_C,5cbad24a-7923-4766-93ce-efd7023b5fd8,23,2.0,,,,9.05,14.24,11.05,7.45,11.86,11.33
2025-12-17T09:11:18.948738,Recipe_C,5cbad24a-7923-4766-93ce-efd7023b5fd8,23,2.0,,,,9.38,10.61,7.62,8.79,9.9,10.67
2025-12-17T09:11:19.948738,Recipe_C,5cbad24a-7923-4766-93ce-efd7023b5fd8,23,2.0,,,,10.32,10.36,10.42,8.89,12.96,12.87
2025-12-17T09:11:20.948738,Recipe_C,5cbad24a-7923-4766-93ce-efd7023b5fd8,23,2.0,,,,12.79,13.31,10.18,10.26,9.18,9.04
2025-12-17T09:11:21.948738,Recipe_C,5cbad24a-7923-4766-93ce-efd7023b5fd8,23,2.0,,,,11.05,11.67,10.56,13.29,10.59,8.18
2025-12-17T09:11:22.948738,Recipe_C,5cbad24a-7923-4766-93ce-efd7023b5fd8,23,2.0,,,,12.88,10.58,12.64,10.7,6.97,10.34
2025-12-17T09:11:23.948738,Recipe_C,5cbad24a-7923-4766-93ce-efd7023b5fd8,23,2.0,,,,11.34,10.39,12.75,7.82,5.85,5.83
2025-12-17T09:11:24.948738,Recipe_C,5cbad24a-7923-4766-93ce-efd7023b5fd8,23,2.0,,,,7.92,9.95,8.96,10.79,11.82,9.26
2025-12-17T09:11:25.948738,Recipe_C,5cbad24a-7923-4766-93ce-efd7023b5fd8,23,2.0,,,,8.21,5.88,12.95,8.71,5.89,11.21
2025-12-17T09:11:26.948738,Recipe_C,5cbad24a-7923-4766-93ce-efd7023b5fd8,23,2.0,,,,8.93,9.92,8.41,9.07,9.35,9.99
2025-12-17T09:11:27.948738,Recipe_C,5cbad24a-7923-4766-93ce-efd7023b5fd8,23,2.0,,,,10.45,12.05,7.5,11.42,9.55,10.52
2025-12-17T09:11:28.948738,Recipe_C,5cbad24a-7923-4766-93ce-efd7023b5fd8,23,2.0,,,,9.49,7.51,11.29,8.61,12.16,8.53
2025-12-17T09:11:29.948738,Recipe_C,5cbad24a-7923-4766-93ce-efd7023b5fd8,23,2.0,,,,9.5,10.13,8.48,11.92,9.54,11.21
2025-12-17T09:11:30.948738,Recipe_C,5cbad24a-7923-4766-93ce-efd7023b5fd8,23,2.0,,,,8.04,10.23,12.72,8.64,8.9,8.64
2025-12-17T09:11:31.948738,Recipe_C,5cbad24a-7923-4766-93ce-efd7023b5fd8,23,2.0,,,,11.51,9.5,10.12,10.02,8.8,10.98
2025-12-17T09:11:32.948738,Recipe_C,5cbad24a-7923-4766-93ce-efd7023b5fd8,23,2.0,,,,7.98,12.44,9.74,8.99,10.82,8.76
2025-12-17T09:11:33.948738,Recipe_C,5cbad24a-7923-4766-93ce-efd7023b5fd8,23,2.0,,,,5.76,7.58,10.85,7.13,6.13,9.3
2025-12-17T09:11:34.948738,Recipe_C,5cbad24a-7923-4766-93ce-efd7023b5fd8,23,2.0,,,,11.11,12.43,6.94,6.07,8.42,7.6
2025-12-17T09:11:35.948738,Recipe_C,5cbad24a-7923-4766-93ce-efd7023b5fd8,23,2.0,,,,13.54,11.19,8.98,9.85,10.06,8.57
2025-12-17T09:11:36.948738,Recipe_C,5cbad24a-7923-4766-93ce-efd7023b5fd8,23,2.0,,,,11.71,8.03,9.52,10.62,7.87,8.41
2025-12-17T09:11:37.948738,Recipe_C,5cbad24a-7923-4766-93ce-efd7023b5fd8,23,2.0,,,,10.24,10.29,8.81,10.04,12.56,12.11
2025-12-17T09:11:38.948738,Recipe_C,5cbad24a-7923-4766-93ce-efd7023b5fd8,23,2.0,,,,10.68,10.7,9.98,8.03,7.13,9.77
2025-12-17T09:11:39.948738,Recipe_C,5cbad24a-7923-4766-93ce-efd7023b5fd8,23,2.0,,,,7.65,8.48,10.9,12.3,8.52,4.99
2025-12-17T09:11:39.948738,Recipe_C,5cbad24a-7923-4766-93ce-efd7023b5fd8,23,2.0,Error_6,Simulated Error occurred,Error,,,,,,
2025-12-17T09:11:40.948738,Recipe_C,5cbad24a-7923-4766-93ce-efd7023b5fd8,23,2.0,,,,8.86,9.97,8.3,6.34,13.26,9.94
2025-12-17T09:11:41.948738,Recipe_C,5cbad24a-7923-4766-93ce-efd7023b5fd8,23,2.0,,,,8.71,2.76,8.81,11.74,10.59,9.94
2025-12-17T09:11:42.948738,Recipe_C,5cbad24a-7923-4766-93ce-efd7023b5fd8,23,2.0,,,,10.66,9.48,11.86,13.4,14.17,4.72
2025-12-17T09:11:43.948738,Recipe_C,5cbad24a-7923-4766-93ce-efd7023b5fd8,23,2.0,,,,10.38,7.95,8.08,9.82,9.86,9.51
2025-12-17T09:11:44.948738,Recipe_C,5cbad24a-7923-4766-93ce-efd7023b5fd8,23,2.0,,,,10.68,10.42,11.57,9.55,8.39,12.06
2025-12-17T09:11:45.948738,Recipe_C,5cbad24a-7923-4766-93ce-efd7023b5fd8,23,2.0,,,,10.75,10.63,8.39,9.46,10.49,11.23
2025-12-17T09:11:46.948738,Recipe_C,5cbad24a-7923-4766-93ce-efd7023b5fd8,23,2.0,,,,12.32,9.59,12.49,12.28,10.57,9.57
2025-12-17T09:11:47.948738,Recipe_C,5cbad24a-7923-4766-93ce-efd7023b5fd8,23,2.0,,,,10.85,11.41,12.32,10.16,13.54,11.84
2025-12-17T09:11:48.948738,Recipe_C,5cbad24a-7923-4766-93ce-efd7023b5fd8,23,2.0,,,,10.81,12.33,12.81,13.27,9.31,9.57
2025-12-17T09:11:49.948738,Recipe_C,5cbad24a-7923-4766-93ce-efd7023b5fd8,23,2.0,,,,8.31,8.12,9.94,7.96,11.85,9.64
2025-12-17T09:11:50.948738,Recipe_C,5cbad24a-7923-4766-93ce-efd7023b5fd8,23,5.0,,,,12.2,8.83,9.12,11.96,8.89,12.46
2025-12-17T09:11:51.948738,Recipe_C,5cbad24a-7923-4766-93ce-efd7023b5fd8,23,5.0,,,,11.89,6.73,12.93,13.41,10.42,10.04
2025-12-17T09:11:51.948738,Recipe_C,5cbad24a-7923-4766-93ce-efd7023b5fd8,23,5.0,Warning_3,Simulated Warning occurred,Warning,,,,,,
2025-12-17T09:11:52.948738,Recipe_C,5cbad24a-7923-4766-93ce-efd7023b5fd8,23,5.0,,,,9.48,9.83,10.81,11.44,12.88,6.52
2025-12-17T09:11:53.948738,Recipe_C,5cbad24a-7923-4766-93ce-efd7023b5fd8,23,5.0,,,,9.32,7.86,10.96,8.48,12.07,12.27
2025-12-17T09:11:54.948738,Recipe_C,5cbad24a-7923-4766-93ce-efd7023b5fd8,23,5.0,,,,8.94,8.93,10.88,12.05,13.09,13.2
2025-12-17T09:11:55.948738,Recipe_C,5cbad24a-7923-4766-93ce-efd7023b5fd8,23,5.0,,,,10.14,10.38,12.21,10.46,10.1,10.84
2025-12-17T09:11:56.948738,Recipe_C,5cbad24a-7923-4766-93ce-efd7023b5fd8,23,5.0,,,,8.07,12.55,10.81,9.21,7.99,13.79
2025-12-17T09:11:57.948738,Recipe_C,5cbad24a-7923-4766-93ce-efd7023b5fd8,23,5.0,,,,13.13,9.92,9.64,13.9,11.55,11.13
2025-12-17T09:11:58.948738,Recipe_C,5cbad24a-7923-4766-93ce-efd7023b5fd8,23,5.0,,,,8.82,7.82,12.63,11.19,11.77,12.62
2025-12-17T09:11:59.948738,Recipe_C,5cbad24a-7923-4766-93ce-efd7023b5fd8,23,5.0,,,,8.15,10.81,9.53,12.23,8.4,11.66
2025-12-17T09:12:00.948738,Recipe_C,5cbad24a-7923-4766-93ce-efd7023b5fd8,23,5.0,,,,12.14,9.09,12.2,11.62,11.02,6.75
2025-12-17T09:12:01.948738,Recipe_C,5cbad24a-7923-4766-93ce-efd7023b5fd8,23,5.0,,,,9.36,9.61,10.16,11.95,10.32,10.58
2025-12-17T09:12:02.948738,Recipe_C,5cbad24a-7923-4766-93ce-efd7023b5fd8,23,5.0,,,,11.29,12.2,7.8,8.13,8.02,11.64
2025-12-17T09:12:03.948738,Recipe_C,5cbad24a-7923-4766-93ce-efd7023b5fd8,23,5.0,,,,8.25,7.18,6.35,14.56,9.66,9.08
2025-12-17T09:12:04.948738,Recipe_C,5cbad24a-7923-4766-93ce-efd7023b5fd8,23,5.0,,,,9.1,14.18,11.15,10.88,9.67,6.94
2025-12-17T09:12:05.948738,Recipe_C,5cbad24a-7923-4766-93ce-efd7023b5fd8,23,3.0,,,,6.54,8.07,7.92,8.44,9.24,11.47
2025-12-17T09:12:06.948738,Recipe_C,5cbad24a-7923-4766-93ce-efd7023b5fd8,23,0.0,,,,0.0,0.0,0.0,0.0,0.0,0.0
2025-12-17T09:12:07.948738,Recipe_C,5cbad24a-7923-4766-93ce-efd7023b5fd8,23,0.0,,,,0.0,0.0,0.0,0.0,0.0,0.0
2025-12-17T09:12:08.948738,Recipe_C,5cbad24a-7923-4766-93ce-efd7023b5fd8,23,0.0,,,,0.0,0.0,0.0,0.0,0.0,0.0
2025-12-17T09:12:09.948738,Recipe_C,5cbad24a-7923-4766-93ce-efd7023b5fd8,23,1.0,,,,10.25,10.98,9.46,8.87,8.36,10.91
2025-12-17T09:12:10.948738,Recipe_C,5cbad24a-7923-4766-93ce-efd7023b5fd8,23,1.0,,,,11.44,8.74,12.29,13.55,11.67,10.59
2025-12-17T09:12:11.948738,Recipe_C,5cbad24a-7923-4766-93ce-efd7023b5fd8,23,1.0,,,,9.63,10.24,13.6,11.02,12.22,7.11
2025-12-17T09:12:12.948738,Recipe_C,5cbad24a-7923-4766-93ce-efd7023b5fd8,23,1.0,,,,9.28,11.88,9.26,9.33,8.72,13.33
2025-12-17T09:12:13.948738,Recipe_C,5cbad24a-7923-4766-93ce-efd7023b5fd8,23,4.0,,,,99.02,55.07,51.24,44.86,53.18,48.45
2025-12-17T09:12:14.948738,Recipe_C,5cbad24a-7923-4766-93ce-efd7023b5fd8,23,4.0,,,,100.8,42.13,43.68,48.15,45.5,50.31
2025-12-17T09:12:15.948738,Recipe_C,5cbad24a-7923-4766-93ce-efd7023b5fd8,23,4.0,,,,96.46,50.98,53.94,56.85,43.27,53.67
2025-12-17T09:12:16.948738,Recipe_C,5cbad24a-7923-4766-93ce-efd7023b5fd8,23,4.0,,,,104.39,56.88,55.76,51.11,51.96,53.7
2025-12-17T09:12:17.948738,Recipe_C,5cbad24a-7923-4766-93ce-efd7023b5fd8,23,0.0,,,,0.0,0.0,0.0,0.0,0.0,0.0
2025-12-17T09:12:18.948738,Recipe_C,5cbad24a-7923-4766-93ce-efd7023b5fd8,23,0.0,,,,0.0,0.0,0.0,0.0,0.0,0.0
2025-12-17T09:12:19.948738,Recipe_C,5cbad24a-7923-4766-93ce-efd7023b5fd8,23,0.0,,,,0.0,0.0,0.0,0.0,0.0,0.0
2025-12-17T09:12:20.948738,Recipe_C,5cbad24a-7923-4766-93ce-efd7023b5fd8,23,0.0,,,,0.0,0.0,0.0,0.0,0.0,0.0
2025-12-17T09:12:21.948738,Recipe_C,5cbad24a-7923-4766-93ce-efd7023b5fd8,23,0.0,,,,0.0,0.0,0.0,0.0,0.0,0.0
2025-12-17T09:12:22.948738,Recipe_C,5cbad24a-7923-4766-93ce-efd7023b5fd8,23,0.0,,,,0.0,0.0,0.0,0.0,0.0,0.0
2025-12-17T09:12:23.948738,Recipe_C,5cbad24a-7923-4766-93ce-efd7023b5fd8,23,1.0,,,,13.07,12.74,9.44,10.03,9.08,8.6
2025-12-17T09:12:24.948738,Recipe_C,5cbad24a-7923-4766-93ce-efd7023b5fd8,23,1.0,,,,11.32,9.26,11.35,10.66,7.44,9.28
2025-12-17T09:12:24.948738,Recipe_C,5cbad24a-7923-4766-93ce-efd7023b5fd8,23,1.0,Warning_3,Simulated Warning occurred,Warning,,,,,,
2025-12-17T09:12:25.948738,Recipe_C,5cbad24a-7923-4766-93ce-efd7023b5fd8,23,1.0,,,,9.58,13.17,9.65,5.62,9.64,10.83
2025-12-17T09:12:26.948738,Recipe_C,5cbad24a-7923-4766-93ce-efd7023b5fd8,23,1.0,,,,12.8,7.43,13.54,8.34,8.63,9.35
2025-12-17T09:12:27.948738,Recipe_C,5cbad24a-7923-4766-93ce-efd7023b5fd8,23,1.0,,,,10.96,9.87,13.48,8.22,8.03,13.2
2025-12-17T09:12:28.948738,Recipe_C,5cbad24a-7923-4766-93ce-efd7023b5fd8,23,1.0,,,,8.61,9.25,7.17,9.74,11.97,11.71
2025-12-17T09:12:29.948738,Recipe_C,5cbad24a-7923-4766-93ce-efd7023b5fd8,23,1.0,,,,8.14,8.62,9.83,12.04,10.17,10.45
2025-12-17T09:12:30.948738,Recipe_C,5cbad24a-7923-4766-93ce-efd7023b5fd8,23,1.0,,,,6.77,8.56,9.41,7.22,11.08,11.47
2025-12-17T09:12:31.948738,Recipe_C,5cbad24a-7923-4766-93ce-efd7023b5fd8,23,1.0,,,,9.43,10.94,8.53,7.53,8.62,6.16
2025-12-17T09:12:32.948738,Recipe_C,5cbad24a-7923-4766-93ce-efd7023b5fd8,23,1.0,,,,9.2,9.15,12.24,10.99,9.98,14.72
2025-12-17T09:12:33.948738,Recipe_C,5cbad24a-7923-4766-93ce-efd7023b5fd8,23,1.0,,,,10.36,9.13,10.43,4.79,6.64,9.67
2025-12-17T09:12:34.948738,Recipe_C,5cbad24a-7923-4766-93ce-efd7023b5fd8,23,1.0,,,,8.04,11.88,10.32,7.31,12.76,9.89
2025-12-17T09:12:35.948738,Recipe_C,5cbad24a-7923-4766-93ce-efd7023b5fd8,23,1.0,,,,8.6,11.48,9.12,7.8,8.54,11.37
2025-12-17T09:12:36.948738,Recipe_C,5cbad24a-7923-4766-93ce-efd7023b5fd8,23,1.0,,,,10.89,9.23,11.23,7.05,11.47,8.66
2025-12-17T09:12:37.948738,Recipe_C,5cbad24a-7923-4766-93ce-efd7023b5fd8,23,1.0,,,,8.41,8.01,7.84,8.77,12.34,7.74
2025-12-17T09:12:38.948738,Recipe_C,5cbad24a-7923-4766-93ce-efd7023b5fd8,23,1.0,,,,7.23,10.22,7.75,8.34,10.18,9.76
2025-12-17T09:12:39.948738,Recipe_C,5cbad24a-7923-4766-93ce-efd7023b5fd8,23,1.0,,,,10.53,10.1,8.16,11.99,10.37,10.94
2025-12-17T09:12:40.948738,Recipe_C,5cbad24a-7923-4766-93ce-efd7023b5fd8,23,1.0,,,,8.46,8.78,11.03,11.73,7.52,7.56
2025-12-17T09:12:41.948738,Recipe_C,5cbad24a-7923-4766-93ce-efd7023b5fd8,23,1.0,,,,8.04,9.28,13.92,5.77,15.06,10.33
2025-12-17T09:12:42.948738,Recipe_C,5cbad24a-7923-4766-93ce-efd7023b5fd8,23,1.0,,,,10.8,12.38,7.46,11.42,10.16,7.89
2025-12-17T09:12:43.948738,Recipe_C,5cbad24a-7923-4766-93ce-efd7023b5fd8,23,1.0,,,,8.18,11.32,13.56,11.7,13.54,12.34
2025-12-17T09:12:44.948738,Recipe_C,5cbad24a-7923-4766-93ce-efd7023b5fd8,23,1.0,,,,8.01,7.84,8.91,12.68,9.28,11.19
2025-12-17T09:12:45.948738,Recipe_C,5cbad24a-7923-4766-93ce-efd7023b5fd8,23,1.0,,,,11.48,13.93,11.73,8.79,7.5,6.24
2025-12-17T09:12:46.948738,Recipe_C,5cbad24a-7923-4766-93ce-efd7023b5fd8,23,1.0,,,,12.19,10.59,11.24,9.58,11.36,13.7
2025-12-17T09:12:47.948738,Recipe_C,5cbad24a-7923-4766-93ce-efd7023b5fd8,23,1.0,,,,12.65,9.87,9.76,8.84,8.46,10.54
2025-12-17T09:12:48.948738,Recipe_C,5cbad24a-7923-4766-93ce-efd7023b5fd8,23,1.0,,,,11.01,9.83,9.45,9.49,9.06,6.93
2025-12-17T09:12:49.948738,Recipe_C,5cbad24a-7923-4766-93ce-efd7023b5fd8,23,2.0,,,,8.13,11.17,9.6,10.71,11.71,8.28
2025-12-17T09:12:50.948738,Recipe_C,5cbad24a-7923-4766-93ce-efd7023b5fd8,23,2.0,,,,12.22,6.73,11.32,13.53,8.88,7.49
2025-12-17T09:12:51.948738,Recipe_C,5cbad24a-7923-4766-93ce-efd7023b5fd8,23,2.0,,,,12.73,13.02,10.03,10.16,10.02,10.99
2025-12-17T09:12:52.948738,Recipe_C,5cbad24a-7923-4766-93ce-efd7023b5fd8,23,2.0,,,,9.75,9.56,11.52,7.73,9.34,9.61
2025-12-17T09:12:53.948738,Recipe_C,5cbad24a-7923-4766-93ce-efd7023b5fd8,23,2.0,,,,10.9,8.57,9.68,9.77,9.92,11.49
2025-12-17T09:12:54.948738,Recipe_C,5cbad24a-7923-4766-93ce-efd7023b5fd8,23,2.0,,,,4.43,10.84,14.84,10.04,8.67,7.86
2025-12-17T09:12:55.948738,Recipe_C,5cbad24a-7923-4766-93ce-efd7023b5fd8,23,2.0,,,,9.72,10.31,7.68,9.65,8.99,12.59
2025-12-17T09:12:56.948738,Recipe_C,5cbad24a-7923-4766-93ce-efd7023b5fd8,23,2.0,,,,9.44,9.8,6.13,9.11,4.76,17.0
2025-12-17T09:12:57.948738,Recipe_C,5cbad24a-7923-4766-93ce-efd7023b5fd8,23,2.0,,,,12.17,11.57,7.84,10.01,11.04,10.06
2025-12-17T09:12:58.948738,Recipe_C,5cbad24a-7923-4766-93ce-efd7023b5fd8,23,2.0,,,,9.35,8.39,8.48,10.27,11.1,10.84
2025-12-17T09:12:59.948738,Recipe_C,5cbad24a-7923-4766-93ce-efd7023b5fd8,23,2.0,,,,7.95,8.23,13.57,10.27,8.93,9.49
2025-12-17T09:12:59.948738,Recipe_C,5cbad24a-7923-4766-93ce-efd7023b5fd8,23,2.0,Warning_1,Simulated Warning occurred,Warning,,,,,,
2025-12-17T09:13:00.948738,Recipe_C,5cbad24a-7923-4766-93ce-efd7023b5fd8,23,2.0,,,,10.72,7.44,10.35,12.16,10.79,10.71
2025-12-17T09:13:01.948738,Recipe_C,5cbad24a-7923-4766-93ce-efd7023b5fd8,23,2.0,,,,9.72,7.58,9.56,11.42,13.09,8.25
2025-12-17T09:13:02.948738,Recipe_C,5cbad24a-7923-4766-93ce-efd7023b5fd8,23,2.0,,,,9.82,7.54,8.37,12.29,9.98,8.42
2025-12-17T09:13:03.948738,Recipe_C,5cbad24a-7923-4766-93ce-efd7023b5fd8,23,2.0,,,,9.73,10.09,9.64,9.66,13.54,8.65
2025-12-17T09:13:04.948738,Recipe_C,5cbad24a-7923-4766-93ce-efd7023b5fd8,23,2.0,,,,12.3,9.0,6.78,9.28,7.25,8.56
2025-12-17T09:13:05.948738,Recipe_C,5cbad24a-7923-4766-93ce-efd7023b5fd8,23,2.0,,,,10.0,7.33,8.71,8.5,13.71,10.94
2025-12-17T09:13:06.948738,Recipe_C,5cbad24a-7923-4766-93ce-efd7023b5fd8,23,2.0,,,,10.96,7.83,8.42,10.23,14.39,12.16
2025-12-17T09:13:07.948738,Recipe_C,5cbad24a-7923-4766-93ce-efd7023b5fd8,23,2.0,,,,10.93,9.37,8.32,10.94,13.69,9.1
2025-12-17T09:13:08.948738,Recipe_C,5cbad24a-7923-4766-93ce-efd7023b5fd8,23,2.0,,,,11.52,6.87,9.8,14.38,6.19,7.51
2025-12-17T09:13:09.948738,Recipe_C,5cbad24a-7923-4766-93ce-efd7023b5fd8,23,2.0,,,,11.81,9.11,10.57,13.8,7.2,10.52
2025-12-17T09:13:10.948738,Recipe_C,5cbad24a-7923-4766-93ce-efd7023b5fd8,23,2.0,,,,8.57,8.42,13.41,9.45,10.11,7.17
2025-12-17T09:13:11.948738,Recipe_C,5cbad24a-7923-4766-93ce-efd7023b5fd8,23,2.0,,,,8.67,8.99,8.26,9.84,9.88,7.31
2025-12-17T09:13:12.948738,Recipe_C,5cbad24a-7923-4766-93ce-efd7023b5fd8,23,2.0,,,,11.86,11.08,9.83,6.7,6.68,10.5
2025-12-17T09:13:13.948738,Recipe_C,5cbad24a-7923-4766-93ce-efd7023b5fd8,23,2.0,,,,12.89,11.78,9.38,11.04,10.73,10.0
2025-12-17T09:13:14.948738,Recipe_C,5cbad24a-7923-4766-93ce-efd7023b5fd8,23,2.0,,,,8.47,10.92,10.1,9.56,7.05,8.63
2025-12-17T09:13:15.948738,Recipe_C,5cbad24a-7923-4766-93ce-efd7023b5fd8,23,2.0,,,,11.64,10.01,12.78,7.25,10.72,8.02
2025-12-17T09:13:16.948738,Recipe_C,5cbad24a-7923-4766-93ce-efd7023b5fd8,23,2.0,,,,13.75,8.59,6.29,9.39,9.52,10.75
2025-12-17T09:13:17.948738,Recipe_C,5cbad24a-7923-4766-93ce-efd7023b5fd8,23,2.0,,,,8.06,8.54,8.1,9.4,9.13,12.54
2025-12-17T09:13:18.948738,Recipe_C,5cbad24a-7923-4766-93ce-efd7023b5fd8,23,2.0,,,,10.82,9.12,11.59,8.97,12.38,9.7
2025-12-17T09:13:19.948738,Recipe_C,5cbad24a-7923-4766-93ce-efd7023b5fd8,23,2.0,,,,11.82,9.72,7.84,10.9,10.27,8.26
2025-12-17T09:13:20.948738,Recipe_C,5cbad24a-7923-4766-93ce-efd7023b5fd8,23,2.0,,,,12.19,9.41,11.16,11.77,7.39,8.76
2025-12-17T09:13:21.948738,Recipe_C,5cbad24a-7923-4766-93ce-efd7023b5fd8,23,5.0,,,,6.62,13.24,9.53,9.04,11.1,10.44
2025-12-17T09:13:22.948738,Recipe_C,5cbad24a-7923-4766-93ce-efd7023b5fd8,23,5.0,,,,9.31,13.31,8.68,10.4,9.02,8.76
2025-12-17T09:13:23.948738,Recipe_C,5cbad24a-7923-4766-93ce-efd7023b5fd8,23,5.0,,,,12.34,7.15,7.11,13.84,9.61,8.37
2025-12-17T09:13:24.948738,Recipe_C,5cbad24a-7923-4766-93ce-efd7023b5fd8,23,5.0,,,,9.63,9.23,11.81,12.4,9.34,14.64
2025-12-17T09:13:25.948738,Recipe_C,5cbad24a-7923-4766-93ce-efd7023b5fd8,23,5.0,,,,8.89,10.87,8.58,10.75,11.34,8.85
2025-12-17T09:13:26.948738,Recipe_C,5cbad24a-7923-4766-93ce-efd7023b5fd8,23,5.0,,,,8.18,10.4,6.72,8.1,9.94,11.43
2025-12-17T09:13:27.948738,Recipe_C,5cbad24a-7923-4766-93ce-efd7023b5fd8,23,5.0,,,,9.48,11.21,10.08,6.86,8.05,9.1
2025-12-17T09:13:28.948738,Recipe_C,5cbad24a-7923-4766-93ce-efd7023b5fd8,23,5.0,,,,12.07,14.64,10.71,8.41,10.49,12.25
2025-12-17T09:13:29.948738,Recipe_C,5cbad24a-7923-4766-93ce-efd7023b5fd8,23,5.0,,,,10.94,9.46,11.72,12.83,12.26,9.49
2025-12-17T09:13:30.948738,Recipe_C,5cbad24a-7923-4766-93ce-efd7023b5fd8,23,5.0,,,,8.58,5.66,12.8,11.46,11.33,11.55
2025-12-17T09:13:31.948738,Recipe_C,5cbad24a-7923-4766-93ce-efd7023b5fd8,23,5.0,,,,9.89,11.43,10.91,7.95,10.59,12.33
2025-12-17T09:13:32.948738,Recipe_C,5cbad24a-7923-4766-93ce-efd7023b5fd8,23,5.0,,,,11.37,8.78,9.73,12.98,11.47,9.55
2025-12-17T09:13:33.948738,Recipe_C,5cbad24a-7923-4766-93ce-efd7023b5fd8,23,5.0,,,,9.02,6.61,8.26,9.54,9.65,9.68
2025-12-17T09:13:34.948738,Recipe_C,5cbad24a-7923-4766-93ce-efd7023b5fd8,23,5.0,,,,11.95,9.77,11.8,8.17,8.51,12.88
2025-12-17T09:13:35.948738,Recipe_C,5cbad24a-7923-4766-93ce-efd7023b5fd8,23,5.0,,,,11.85,9.99,11.19,11.41,9.18,8.71
2025-12-17T09:13:36.948738,Recipe_C,5cbad24a-7923-4766-93ce-efd7023b5fd8,23,5.0,,,,5.83,11.12,13.57,14.61,6.85,8.76
2025-12-17T09:13:37.948738,Recipe_C,5cbad24a-7923-4766-93ce-efd7023b5fd8,23,5.0,,,,11.41,5.8,10.29,10.92,10.94,5.94
2025-12-17T09:13:38.948738,Recipe_C,5cbad24a-7923-4766-93ce-efd7023b5fd8,23,5.0,,,,10.53,10.59,8.99,10.05,7.55,10.57
2025-12-17T09:13:39.948738,Recipe_C,5cbad24a-7923-4766-93ce-efd7023b5fd8,23,5.0,,,,12.88,10.02,9.56,8.73,10.77,6.59
2025-12-17T09:13:40.948738,Recipe_C,5cbad24a-7923-4766-93ce-efd7023b5fd8,23,5.0,,,,9.94,11.85,13.45,9.46,7.85,9.15
2025-12-17T09:13:41.948738,Recipe_C,5cbad24a-7923-4766-93ce-efd7023b5fd8,23,5.0,,,,6.11,14.53,9.91,10.15,12.58,5.7
2025-12-17T09:13:42.948738,Recipe_C,5cbad24a-7923-4766-93ce-efd7023b5fd8,23,5.0,,,,10.84,10.23,8.2,10.53,5.56,10.29
2025-12-17T09:13:43.948738,Recipe_C,5cbad24a-7923-4766-93ce-efd7023b5fd8,23,5.0,,,,9.24,4.08,8.33,13.41,7.3,12.34
2025-12-17T09:13:44.948738,Recipe_C,5cbad24a-7923-4766-93ce-efd7023b5fd8,23,5.0,,,,9.93,12.95,8.9,12.99,12.64,8.82
2025-12-17T09:13:45.948738,Recipe_C,5cbad24a-7923-4766-93ce-efd7023b5fd8,23,5.0,,,,10.41,6.71,8.63,12.08,8.23,11.51
2025-12-17T09:13:46.948738,Recipe_C,5cbad24a-7923-4766-93ce-efd7023b5fd8,23,5.0,,,,9.62,8.42,10.91,8.78,8.1,10.96
2025-12-17T09:13:47.948738,Recipe_C,5cbad24a-7923-4766-93ce-efd7023b5fd8,23,5.0,,,,11.84,7.32,8.51,14.04,7.14,9.45
2025-12-17T09:13:48.948738,Recipe_C,5cbad24a-7923-4766-93ce-efd7023b5fd8,23,5.0,,,,10.88,7.98,13.09,9.43,8.48,11.39
2025-12-17T09:13:49.948738,Recipe_C,5cbad24a-7923-4766-93ce-efd7023b5fd8,23,5.0,,,,9.6,9.61,10.08,9.75,8.81,7.77
2025-12-17T09:13:50.948738,Recipe_C,5cbad24a-7923-4766-93ce-efd7023b5fd8,23,5.0,,,,10.98,12.4,7.83,10.16,11.51,5.42
2025-12-17T09:13:51.948738,Recipe_C,5cbad24a-7923-4766-93ce-efd7023b5fd8,23,5.0,,,,9.23,8.0,10.18,9.78,10.48,10.07
2025-12-17T09:13:52.948738,Recipe_C,5cbad24a-7923-4766-93ce-efd7023b5fd8,23,5.0,,,,9.65,9.17,7.61,8.38,11.09,10.91
2025-12-17T09:13:53.948738,Recipe_C,5cbad24a-7923-4766-93ce-efd7023b5fd8,23,5.0,,,,14.96,12.11,5.81,11.43,9.79,7.49
2025-12-17T09:13:54.948738,Recipe_C,5cbad24a-7923-4766-93ce-efd7023b5fd8,23,5.0,,,,8.2,10.66,8.82,9.72,8.43,5.12
2025-12-17T09:13:55.948738,Recipe_C,5cbad24a-7923-4766-93ce-efd7023b5fd8,23,5.0,,,,7.92,10.13,9.58,6.94,12.46,9.79
2025-12-17T09:13:56.948738,Recipe_C,5cbad24a-7923-4766-93ce-efd7023b5fd8,23,5.0,,,,10.23,7.95,10.78,13.77,10.28,9.94
2025-12-17T09:13:57.948738,Recipe_C,5cbad24a-7923-4766-93ce-efd7023b5fd8,23,5.0,,,,10.22,9.35,8.79,12.92,9.03,13.98
2025-12-17T09:13:58.948738,Recipe_C,5cbad24a-7923-4766-93ce-efd7023b5fd8,23,5.0,,,,9.98,9.29,9.23,11.36,11.38,11.9
2025-12-17T09:13:59.948738,Recipe_C,5cbad24a-7923-4766-93ce-efd7023b5fd8,23,1.0,,,,12.32,9.76,8.27,10.8,8.97,9.0
2025-12-17T09:14:00.948738,Recipe_C,5cbad24a-7923-4766-93ce-efd7023b5fd8,23,1.0,,,,13.01,9.07,11.34,12.12,11.51,11.32
2025-12-17T09:14:01.948738,Recipe_C,5cbad24a-7923-4766-93ce-efd7023b5fd8,23,1.0,,,,6.32,9.74,9.5,7.63,9.76,8.52
2025-12-17T09:14:02.948738,Recipe_C,5cbad24a-7923-4766-93ce-efd7023b5fd8,23,1.0,,,,9.33,9.75,10.46,7.6,13.73,6.98
2025-12-17T09:14:03.948738,Recipe_C,5cbad24a-7923-4766-93ce-efd7023b5fd8,23,1.0,,,,8.92,11.28,8.75,8.11,8.47,7.45
2025-12-17T09:14:04.948738,Recipe_C,5cbad24a-7923-4766-93ce-efd7023b5fd8,23,1.0,,,,9.15,12.15,12.28,8.49,10.59,5.22
2025-12-17T09:14:05.948738,Recipe_C,5cbad24a-7923-4766-93ce-efd7023b5fd8,23,1.0,,,,12.9,14.69,11.05,10.82,10.16,9.93
2025-12-17T09:14:06.948738,Recipe_C,5cbad24a-7923-4766-93ce-efd7023b5fd8,23,1.0,,,,12.12,9.76,11.8,6.8,7.54,8.91
2025-12-17T09:14:07.948738,Recipe_C,5cbad24a-7923-4766-93ce-efd7023b5fd8,23,1.0,,,,5.5,9.21,12.72,8.08,11.34,10.43
2025-12-17T09:14:08.948738,Recipe_C,5cbad24a-7923-4766-93ce-efd7023b5fd8,23,1.0,,,,8.52,11.85,10.64,10.21,7.74,11.14
2025-12-17T09:14:09.948738,Recipe_C,5cbad24a-7923-4766-93ce-efd7023b5fd8,23,1.0,,,,9.27,10.41,11.35,10.48,9.02,8.07
2025-12-17T09:14:10.948738,Recipe_C,5cbad24a-7923-4766-93ce-efd7023b5fd8,23,1.0,,,,8.73,8.3,10.12,13.65,11.59,13.11
2025-12-17T09:14:11.948738,Recipe_C,5cbad24a-7923-4766-93ce-efd7023b5fd8,23,1.0,,,,10.07,12.23,10.08,13.99,11.07,8.8
2025-12-17T09:14:12.948738,Recipe_C,5cbad24a-7923-4766-93ce-efd7023b5fd8,23,1.0,,,,6.64,11.94,10.01,10.3,11.36,8.07
2025-12-17T09:14:13.948738,Recipe_C,5cbad24a-7923-4766-93ce-efd7023b5fd8,23,1.0,,,,7.8,5.69,11.95,8.62,9.84,8.88
2025-12-17T09:14:14.948738,Recipe_C,5cbad24a-7923-4766-93ce-efd7023b5fd8,23,1.0,,,,9.97,11.53,9.84,10.97,5.29,8.7
2025-12-17T09:14:15.948738,Recipe_C,5cbad24a-7923-4766-93ce-efd7023b5fd8,23,1.0,,,,8.36,8.0,11.38,10.89,7.9,16.19
2025-12-17T09:14:16.948738,Recipe_C,5cbad24a-7923-4766-93ce-efd7023b5fd8,23,1.0,,,,9.84,5.68,6.3,11.52,12.03,8.14
2025-12-17T09:14:17.948738,Recipe_C,5cbad24a-7923-4766-93ce-efd7023b5fd8,23,1.0,,,,8.41,10.62,9.95,7.46,9.87,8.26
2025-12-17T09:14:18.948738,Recipe_C,5cbad24a-7923-4766-93ce-efd7023b5fd8,23,1.0,,,,9.89,7.31,11.37,10.92,11.12,8.5
2025-12-17T09:14:19.948738,Recipe_C,5cbad24a-7923-4766-93ce-efd7023b5fd8,23,1.0,,,,6.08,13.83,12.76,10.78,6.22,10.48
2025-12-17T09:14:20.948738,Recipe_C,5cbad24a-7923-4766-93ce-efd7023b5fd8,23,1.0,,,,6.14,10.19,8.31,11.49,12.5,12.72
2025-12-17T09:14:21.948738,Recipe_C,5cbad24a-7923-4766-93ce-efd7023b5fd8,23,1.0,,,,9.78,7.63,8.41,10.39,5.13,11.66
2025-12-17T09:14:22.948738,Recipe_C,5cbad24a-7923-4766-93ce-efd7023b5fd8,23,1.0,,,,6.17,9.91,13.25,10.32,12.83,10.8
2025-12-17T09:14:23.948738,Recipe_C,5cbad24a-7923-4766-93ce-efd7023b5fd8,23,1.0,,,,8.55,13.55,7.39,13.18,11.44,7.62
2025-12-17T09:14:23.948738,Recipe_C,5cbad24a-7923-4766-93ce-efd7023b5fd8,23,1.0,Warning_2,Simulated Warning occurred,Warning,,,,,,
2025-12-17T09:14:24.948738,Recipe_C,5cbad24a-7923-4766-93ce-efd7023b5fd8,23,1.0,,,,9.28,11.79,6.93,11.11,6.78,10.6
2025-12-17T09:14:25.948738,Recipe_C,5cbad24a-7923-4766-93ce-efd7023b5fd8,23,1.0,,,,8.09,7.5,13.15,11.98,9.66,10.84
2025-12-17T09:14:26.948738,Recipe_C,5cbad24a-7923-4766-93ce-efd7023b5fd8,23,1.0,,,,9.91,11.83,10.47,9.54,8.46,8.96
2025-12-17T09:14:27.948738,Recipe_C,5cbad24a-7923-4766-93ce-efd7023b5fd8,23,1.0,,,,10.22,10.83,7.11,10.1,13.6,3.25
2025-12-17T09:14:28.948738,Recipe_C,5cbad24a-7923-4766-93ce-efd7023b5fd8,23,1.0,,,,11.36,10.58,11.65,12.07,13.97,8.92
2025-12-17T09:14:29.948738,Recipe_C,5cbad24a-7923-4766-93ce-efd7023b5fd8,23,1.0,,,,8.18,7.99,6.34,11.13,8.15,10.1
2025-12-17T09:14:30.948738,Recipe_C,5cbad24a-7923-4766-93ce-efd7023b5fd8,23,1.0,,,,8.55,9.16,9.4,10.04,10.96,9.41
2025-12-17T09:14:31.948738,Recipe_C,5cbad24a-7923-4766-93ce-efd7023b5fd8,23,1.0,,,,7.5,10.55,11.48,9.76,8.6,11.41
2025-12-17T09:14:32.948738,Recipe_C,5cbad24a-7923-4766-93ce-efd7023b5fd8,23,1.0,,,,8.68,10.22,8.42,9.0,8.72,7.03
2025-12-17T09:14:33.948738,Recipe_C,5cbad24a-7923-4766-93ce-efd7023b5fd8,23,1.0,,,,7.55,8.29,9.8,10.21,9.9,7.63
2025-12-17T09:14:34.948738,Recipe_C,5cbad24a-7923-4766-93ce-efd7023b5fd8,23,1.0,,,,13.81,11.64,4.84,8.39,13.02,5.99
2025-12-17T09:14:35.948738,Recipe_C,5cbad24a-7923-4766-93ce-efd7023b5fd8,23,1.0,,,,15.64,8.15,10.56,9.7,8.74,9.6
2025-12-17T09:14:36.948738,Recipe_C,5cbad24a-7923-4766-93ce-efd7023b5fd8,23,1.0,,,,11.51,13.19,9.35,10.32,7.72,7.69
2025-12-17T09:14:37.948738,Recipe_C,5cbad24a-7923-4766-93ce-efd7023b5fd8,23,1.0,,,,8.62,11.19,9.85,11.13,10.58,7.7
2025-12-17T09:14:38.948738,Recipe_C,5cbad24a-7923-4766-93ce-efd7023b5fd8,23,5.0,,,,10.75,12.02,10.75,11.36,8.85,7.42
2025-12-17T09:14:39.948738,Recipe_C,5cbad24a-7923-4766-93ce-efd7023b5fd8,23,5.0,,,,12.32,8.88,9.43,10.77,10.28,8.79
2025-12-17T09:14:40.948738,Recipe_C,5cbad24a-7923-4766-93ce-efd7023b5fd8,23,5.0,,,,6.31,9.83,5.87,12.23,10.35,9.17
2025-12-17T09:14:41.948738,Recipe_C,5cbad24a-7923-4766-93ce-efd7023b5fd8,23,5.0,,,,11.79,6.8,10.01,10.78,12.3,9.26
2025-12-17T09:14:42.948738,Recipe_C,5cbad24a-7923-4766-93ce-efd7023b5fd8,23,5.0,,,,12.39,5.8,6.66,7.88,13.45,10.25
2025-12-17T09:14:43.948738,Recipe_C,5cbad24a-7923-4766-93ce-efd7023b5fd8,23,5.0,,,,10.04,9.35,8.63,8.12,6.37,7.7
2025-12-17T09:14:44.948738,Recipe_C,5cbad24a-7923-4766-93ce-efd7023b5fd8,23,5.0,,,,12.61,8.92,10.4,8.7,10.46,12.72
2025-12-17T09:14:45.948738,Recipe_C,5cbad24a-7923-4766-93ce-efd7023b5fd8,23,3.0,,,,11.42,10.72,13.03,11.55,8.76,7.88
2025-12-17T09:14:46.948738,Recipe_C,5cbad24a-7923-4766-93ce-efd7023b5fd8,23,3.0,,,,10.14,8.53,12.61,10.44,12.13,9.0
2025-12-17T09:14:47.948738,Recipe_C,5cbad24a-7923-4766-93ce-efd7023b5fd8,23,3.0,,,,10.03,9.27,8.13,13.03,9.05,11.11
2025-12-17T09:14:48.948738,Recipe_C,5cbad24a-7923-4766-93ce-efd7023b5fd8,23,3.0,,,,6.49,8.88,12.23,10.11,15.48,10.19
2025-12-17T09:14:49.948738,Recipe_C,5cbad24a-7923-4766-93ce-efd7023b5fd8,23,3.0,,,,12.68,11.21,6.39,8.32,8.23,7.04
2025-12-17T09:14:50.948738,Recipe_C,5cbad24a-7923-4766-93ce-efd7023b5fd8,23,3.0,,,,8.0,14.27,11.38,9.73,10.92,8.38
2025-12-17T09:14:51.948738,Recipe_C,5cbad24a-7923-4766-93ce-efd7023b5fd8,23,3.0,,,,7.8,9.17,7.76,7.84,10.54,9.81
2025-12-17T09:14:52.948738,Recipe_C,5cbad24a-7923-4766-93ce-efd7023b5fd8,23,3.0,,,,11.07,8.7,8.37,7.67,8.98,9.8
2025-12-17T09:14:53.948738,Recipe_C,5cbad24a-7923-4766-93ce-efd7023b5fd8,23,3.0,,,,9.54,10.91,14.49,13.44,8.07,11.06
2025-12-17T09:14:54.948738,Recipe_C,5cbad24a-7923-4766-93ce-efd7023b5fd8,23,3.0,,,,10.88,11.22,11.46,6.9,7.46,11.66
2025-12-17T09:14:55.948738,Recipe_C,5cbad24a-7923-4766-93ce-efd7023b5fd8,23,3.0,,,,11.08,9.15,6.52,12.76,5.93,6.78
2025-12-17T09:14:56.948738,Recipe_C,5cbad24a-7923-4766-93ce-efd7023b5fd8,23,3.0,,,,7.13,8.52,11.79,9.83,7.26,11.65
2025-12-17T09:14:57.948738,Recipe_C,5cbad24a-7923-4766-93ce-efd7023b5fd8,23,3.0,,,,7.71,11.69,11.2,7.83,7.41,5.72
2025-12-17T09:14:58.948738,Recipe_C,5cbad24a-7923-4766-93ce-efd7023b5fd8,23,3.0,,,,12.48,11.54,10.32,8.13,12.14,9.66
2025-12-17T09:14:59.948738,Recipe_C,5cbad24a-7923-4766-93ce-efd7023b5fd8,23,3.0,,,,12.23,10.47,7.16,12.19,7.71,13.36
2025-12-17T09:15:00.948738,Recipe_C,5cbad24a-7923-4766-93ce-efd7023b5fd8,23,3.0,,,,6.87,8.91,10.19,12.6,8.74,9.24
2025-12-17T09:15:01.948738,Recipe_C,5cbad24a-7923-4766-93ce-efd7023b5fd8,23,3.0,,,,9.56,10.53,8.33,11.58,3.93,9.44
2025-12-17T09:15:02.948738,Recipe_C,5cbad24a-7923-4766-93ce-efd7023b5fd8,23,3.0,,,,8.56,8.8,8.96,10.63,9.11,12.3
2025-12-17T09:15:03.948738,Recipe_C,5cbad24a-7923-4766-93ce-efd7023b5fd8,23,3.0,,,,8.93,7.97,12.6,8.45,11.14,10.18
2025-12-17T09:15:04.948738,Recipe_C,5cbad24a-7923-4766-93ce-efd7023b5fd8,23,4.0,,,,98.63,50.7,51.9,42.28,51.99,47.57
2025-12-17T09:15:05.948738,Recipe_C,5cbad24a-7923-4766-93ce-efd7023b5fd8,23,4.0,,,,98.81,44.93,42.34,45.2,52.25,59.19
2025-12-17T09:15:06.948738,Recipe_C,5cbad24a-7923-4766-93ce-efd7023b5fd8,23,4.0,,,,100.42,48.83,60.02,46.13,50.25,45.71
2025-12-17T09:15:07.948738,Recipe_C,5cbad24a-7923-4766-93ce-efd7023b5fd8,23,4.0,,,,95.05,51.5,52.63,52.98,43.29,55.33
2025-12-17T09:15:08.948738,Recipe_C,5cbad24a-7923-4766-93ce-efd7023b5fd8,23,4.0,,,,91.43,52.59,56.37,54.62,42.4,45.96
2025-12-17T09:15:09.948738,Recipe_C,5cbad24a-7923-4766-93ce-efd7023b5fd8,23,4.0,,,,106.68,56.76,53.1,53.69,43.09,51.7
2025-12-17T09:15:10.948738,Recipe_C,5cbad24a-7923-4766-93ce-efd7023b5fd8,23,4.0,,,,103.86,48.6,52.74,47.71,50.39,47.46
2025-12-17T09:15:11.948738,Recipe_C,5cbad24a-7923-4766-93ce-efd7023b5fd8,23,4.0,,,,100.89,56.17,58.55,45.93,47.88,49.31
2025-12-17T09:15:12.948738,Recipe_C,5cbad24a-7923-4766-93ce-efd7023b5fd8,23,4.0,,,,96.56,55.33,46.29,47.09,54.91,47.29
2025-12-17T09:15:13.948738,Recipe_C,5cbad24a-7923-4766-93ce-efd7023b5fd8,23,4.0,,,,92.59,46.81,59.05,44.74,55.2,54.67
2025-12-17T09:15:14.948738,Recipe_C,5cbad24a-7923-4766-93ce-efd7023b5fd8,23,4.0,,,,99.97,53.69,49.85,54.53,44.27,40.24
2025-12-17T09:15:15.948738,Recipe_C,5cbad24a-7923-4766-93ce-efd7023b5fd8,23,4.0,,,,101.11,54.09,56.86,50.44,51.25,47.78
2025-12-17T09:15:16.948738,Recipe_C,5cbad24a-7923-4766-93ce-efd7023b5fd8,23,4.0,,,,100.48,51.57,48.68,54.58,59.03,46.42
2025-12-17T09:15:17.948738,Recipe_C,5cbad24a-7923-4766-93ce-efd7023b5fd8,23,4.0,,,,105.61,47.59,54.16,47.45,49.77,49.76
2025-12-17T09:15:18.948738,Recipe_C,5cbad24a-7923-4766-93ce-efd7023b5fd8,23,4.0,,,,102.9,45.84,53.54,46.37,48.06,48.45
2025-12-17T09:15:19.948738,Recipe_C,5cbad24a-7923-4766-93ce-efd7023b5fd8,23,4.0,,,,102.56,45.15,46.99,44.15,53.35,52.74
2025-12-17T09:15:20.948738,Recipe_C,5cbad24a-7923-4766-93ce-efd7023b5fd8,23,4.0,,,,103.27,46.01,47.79,46.95,48.22,43.44
2025-12-17T09:15:21.948738,Recipe_C,5cbad24a-7923-4766-93ce-efd7023b5fd8,23,4.0,,,,97.61,56.09,49.8,52.35,52.56,55.14
2025-12-17T09:15:22.948738,Recipe_C,5cbad24a-7923-4766-93ce-efd7023b5fd8,23,4.0,,,,94.03,42.98,53.18,54.87,49.49,50.41
2025-12-17T09:15:23.948738,Recipe_C,5cbad24a-7923-4766-93ce-efd7023b5fd8,23,4.0,,,,99.84,49.21,39.44,50.75,56.8,44.25
2025-12-17T09:15:24.948738,Recipe_C,5cbad24a-7923-4766-93ce-efd7023b5fd8,23,4.0,,,,94.74,50.84,50.0,53.81,49.19,54.77
2025-12-17T09:15:25.948738,Recipe_C,5cbad24a-7923-4766-93ce-efd7023b5fd8,23,4.0,,,,106.69,48.04,50.87,42.38,49.76,55.34
2025-12-17T09:15:26.948738,Recipe_C,5cbad24a-7923-4766-93ce-efd7023b5fd8,23,4.0,,,,91.68,54.23,45.08,45.48,44.94,46.04
2025-12-17T09:15:27.948738,Recipe_C,5cbad24a-7923-4766-93ce-efd7023b5fd8,23,4.0,,,,96.08,43.02,47.51,48.62,47.57,46.6
2025-12-17T09:15:28.948738,Recipe_C,5cbad24a-7923-4766-93ce-efd7023b5fd8,23,4.0,,,,99.34,47.76,52.97,56.51,48.6,41.7
2025-12-17T09:15:29.948738,Recipe_C,5cbad24a-7923-4766-93ce-efd7023b5fd8,23,4.0,,,,105.69,44.96,54.79,56.17,50.13,38.59
2025-12-17T09:15:30.948738,Recipe_C,5cbad24a-7923-4766-93ce-efd7023b5fd8,23,4.0,,,,100.37,55.27,50.26,60.25,42.86,44.62
2025-12-17T09:15:30.948738,Recipe_C,5cbad24a-7923-4766-93ce-efd7023b5fd8,23,4.0,Warning_10,Simulated Warning occurred,Warning,,,,,,
2025-12-17T09:15:31.948738,Recipe_C,5cbad24a-7923-4766-93ce-efd7023b5fd8,23,4.0,,,,97.81,60.79,58.93,47.97,43.92,51.56
2025-12-17T09:15:32.948738,Recipe_C,5cbad24a-7923-4766-93ce-efd7023b5fd8,23,4.0,,,,100.94,56.77,47.9,49.3,53.18,43.49
2025-12-17T09:15:33.948738,Recipe_C,5cbad24a-7923-4766-93ce-efd7023b5fd8,23,4.0,,,,99.69,47.85,51.07,56.83,68.13,54.61
2025-12-17T09:15:34.948738,Recipe_C,5cbad24a-7923-4766-93ce-efd7023b5fd8,23,4.0,,,,101.38,48.16,58.86,51.21,50.75,47.58
2025-12-17T09:15:35.948738,Recipe_C,5cbad24a-7923-4766-93ce-efd7023b5fd8,23,4.0,,,,98.29,44.73,52.21,52.67,52.44,44.01
2025-12-17T09:15:36.948738,Recipe_C,5cbad24a-7923-4766-93ce-efd7023b5fd8,23,4.0,,,,101.45,51.24,45.8,53.04,46.17,49.27
2025-12-17T09:15:37.948738,Recipe_C,5cbad24a-7923-4766-93ce-efd7023b5fd8,23,4.0,,,,103.59,44.3,40.16,52.08,48.13,46.53
2025-12-17T09:15:38.948738,Recipe_C,5cbad24a-7923-4766-93ce-efd7023b5fd8,23,4.0,,,,111.6,51.77,48.43,50.52,57.36,45.89
2025-12-17T09:15:39.948738,Recipe_C,5cbad24a-7923-4766-93ce-efd7023b5fd8,23,4.0,,,,96.95,53.94,49.52,53.98,59.47,49.73
2025-12-17T09:15:40.948738,Recipe_C,5cbad24a-7923-4766-93ce-efd7023b5fd8,23,4.0,,,,95.95,47.21,46.99,56.41,45.29,46.31
2025-12-17T09:15:41.948738,Recipe_C,5cbad24a-7923-4766-93ce-efd7023b5fd8,23,4.0,,,,105.34,54.59,56.91,47.08,45.6,40.74
2025-12-17T09:15:42.948738,Recipe_C,5cbad24a-7923-4766-93ce-efd7023b5fd8,23,4.0,,,,106.22,44.33,42.88,49.29,56.2,51.84
2025-12-17T09:15:43.948738,Recipe_C,5cbad24a-7923-4766-93ce-efd7023b5fd8,23,4.0,,,,96.94,40.05,51.25,51.3,54.25,45.19
2025-12-17T09:15:44.948738,Recipe_C,5cbad24a-7923-4766-93ce-efd7023b5fd8,23,4.0,,,,95.28,46.24,37.84,53.91,49.81,51.2
2025-12-17T09:15:45.948738,Recipe_C,5cbad24a-7923-4766-93ce-efd7023b5fd8,23,4.0,,,,102.56,51.73,49.36,45.58,58.82,51.24
2025-12-17T09:15:46.948738,Recipe_C,5cbad24a-7923-4766-93ce-efd7023b5fd8,23,4.0,,,,100.03,44.08,49.67,38.72,56.22,52.93
2025-12-17T09:15:47.948738,Recipe_C,5cbad24a-7923-4766-93ce-efd7023b5fd8,23,4.0,,,,102.96,59.97,51.43,48.55,52.9,56.95
2025-12-17T09:15:48.948738,Recipe_C,5cbad24a-7923-4766-93ce-efd7023b5fd8,23,4.0,,,,92.02,45.65,43.36,50.37,49.11,53.44
2025-12-17T09:15:49.948738,Recipe_C,5cbad24a-7923-4766-93ce-efd7023b5fd8,23,4.0,,,,91.07,46.98,44.42,53.8,36.47,49.71
2025-12-17T09:15:50.948738,Recipe_C,5cbad24a-7923-4766-93ce-efd7023b5fd8,23,4.0,,,,95.08,59.98,47.35,47.5,61.21,51.89
2025-12-17T09:15:51.948738,Recipe_C,5cbad24a-7923-4766-93ce-efd7023b5fd8,23,4.0,,,,100.24,42.09,47.69,51.45,53.86,57.4
2025-12-17T09:15:52.948738,Recipe_C,5cbad24a-7923-4766-93ce-efd7023b5fd8,23,4.0,,,,94.61,53.13,52.96,54.45,53.86,48.8
2025-12-17T09:15:53.948738,Recipe_C,5cbad24a-7923-4766-93ce-efd7023b5fd8,23,4.0,,,,95.75,56.7,46.89,49.48,39.48,47.53
2025-12-17T09:15:54.948738,Recipe_C,5cbad24a-7923-4766-93ce-efd7023b5fd8,23,4.0,,,,97.77,51.32,53.37,59.61,54.0,46.1
2025-12-17T09:15:55.948738,Recipe_C,5cbad24a-7923-4766-93ce-efd7023b5fd8,23,4.0,,,,105.44,53.2,51.98,53.7,52.61,53.71
2025-12-17T09:15:56.948738,Recipe_C,5cbad24a-7923-4766-93ce-efd7023b5fd8,23,4.0,,,,104.25,49.77,47.37,46.56,52.72,44.47
2025-12-17T09:15:57.948738,Recipe_C,5cbad24a-7923-4766-93ce-efd7023b5fd8,23,4.0,,,,98.98,43.66,49.81,47.32,60.51,50.19
2025-12-17T09:15:58.948738,Recipe_C,5cbad24a-7923-4766-93ce-efd7023b5fd8,23,4.0,,,,97.24,49.58,46.54,47.23,55.99,45.86
2025-12-17T09:15:59.948738,Recipe_C,5cbad24a-7923-4766-93ce-efd7023b5fd8,23,4.0,,,,97.99,42.36,41.64,48.27,49.73,54.52
2025-12-17T09:16:00.948738,Recipe_C,5cbad24a-7923-4766-93ce-efd7023b5fd8,23,4.0,,,,105.71,46.92,49.64,50.27,50.59,44.86
2025-12-17T09:16:01.948738,Recipe_C,5cbad24a-7923-4766-93ce-efd7023b5fd8,23,4.0,,,,95.91,41.95,54.25,50.17,57.67,51.81
2025-12-17T09:16:02.948738,Recipe_C,5cbad24a-7923-4766-93ce-efd7023b5fd8,23,2.0,,,,10.43,10.23,10.65,8.01,9.05,11.71
2025-12-17T09:16:03.948738,Recipe_C,5cbad24a-7923-4766-93ce-efd7023b5fd8,23,2.0,,,,10.99,9.57,11.12,12.66,7.13,11.91
2025-12-17T09:16:04.948738,Recipe_C,5cbad24a-7923-4766-93ce-efd7023b5fd8,23,2.0,,,,8.21,14.91,12.34,13.14,12.84,6.95
2025-12-17T09:16:05.948738,Recipe_C,5cbad24a-7923-4766-93ce-efd7023b5fd8,23,2.0,,,,6.55,8.68,9.56,11.8,11.85,11.72
2025-12-17T09:16:06.948738,Recipe_C,5cbad24a-7923-4766-93ce-efd7023b5fd8,23,2.0,,,,7.89,6.76,8.27,10.66,12.61,12.39
2025-12-17T09:16:07.948738,Recipe_C,5cbad24a-7923-4766-93ce-efd7023b5fd8,23,2.0,,,,12.99,10.19,9.96,12.41,12.28,10.9
2025-12-17T09:16:08.948738,Recipe_C,5cbad24a-7923-4766-93ce-efd7023b5fd8,23,2.0,,,,6.92,9.03,10.94,8.21,9.3,9.46
2025-12-17T09:16:09.948738,Recipe_C,5cbad24a-7923-4766-93ce-efd7023b5fd8,23,2.0,,,,6.31,9.1,8.57,10.28,12.95,8.2
2025-12-17T09:16:10.948738,Recipe_C,5cbad24a-7923-4766-93ce-efd7023b5fd8,23,2.0,,,,8.24,10.08,11.17,8.29,11.6,5.76
2025-12-17T09:16:11.948738,Recipe_C,5cbad24a-7923-4766-93ce-efd7023b5fd8,23,2.0,,,,6.4,10.53,11.9,8.34,9.17,14.49
2025-12-17T09:16:12.948738,Recipe_C,5cbad24a-7923-4766-93ce-efd7023b5fd8,23,2.0,,,,8.33,13.42,11.12,9.22,11.52,8.45
2025-12-17T09:16:13.948738,Recipe_C,5cbad24a-7923-4766-93ce-efd7023b5fd8,23,2.0,,,,11.22,8.29,10.78,8.6,8.66,12.08
2025-12-17T09:16:14.948738,Recipe_C,5cbad24a-7923-4766-93ce-efd7023b5fd8,23,2.0,,,,10.39,12.22,9.45,9.63,8.25,11.82
2025-12-17T09:16:14.948738,Recipe_C,5cbad24a-7923-4766-93ce-efd7023b5fd8,23,2.0,Warning_10,Simulated Warning occurred,Warning,,,,,,
2025-12-17T09:16:15.948738,Recipe_C,5cbad24a-7923-4766-93ce-efd7023b5fd8,23,2.0,,,,12.81,12.62,9.04,8.97,11.04,10.94
2025-12-17T09:16:16.948738,Recipe_C,5cbad24a-7923-4766-93ce-efd7023b5fd8,23,2.0,,,,10.66,7.93,11.95,6.79,8.01,10.07
2025-12-17T09:16:17.948738,Recipe_C,5cbad24a-7923-4766-93ce-efd7023b5fd8,23,2.0,,,,11.08,7.87,10.76,7.2,6.08,9.54
2025-12-17T09:16:18.948738,Recipe_C,5cbad24a-7923-4766-93ce-efd7023b5fd8,23,2.0,,,,11.62,12.28,10.01,11.61,7.94,6.44
2025-12-17T09:16:19.948738,Recipe_C,5cbad24a-7923-4766-93ce-efd7023b5fd8,23,2.0,,,,11.49,10.14,10.69,11.46,4.34,6.9
2025-12-17T09:16:20.948738,Recipe_C,5cbad24a-7923-4766-93ce-efd7023b5fd8,23,2.0,,,,12.39,13.0,8.5,5.6,12.51,8.79
2025-12-17T09:16:21.948738,Recipe_C,5cbad24a-7923-4766-93ce-efd7023b5fd8,23,2.0,,,,5.69,5.61,8.86,6.7,7.77,11.17
2025-12-17T09:16:22.948738,Recipe_C,5cbad24a-7923-4766-93ce-efd7023b5fd8,23,2.0,,,,6.07,10.13,10.33,9.42,5.11,11.66
2025-12-17T09:16:23.948738,Recipe_C,5cbad24a-7923-4766-93ce-efd7023b5fd8,23,2.0,,,,8.8,8.58,11.61,10.3,12.66,10.67
2025-12-17T09:16:24.948738,Recipe_C,5cbad24a-7923-4766-93ce-efd7023b5fd8,23,2.0,,,,12.62,10.08,7.37,10.69,11.65,11.76
2025-12-17T09:16:25.948738,Recipe_C,5cbad24a-7923-4766-93ce-efd7023b5fd8,23,2.0,,,,9.8,9.38,7.27,7.47,11.97,11.46
2025-12-17T09:16:26.948738,Recipe_C,5cbad24a-7923-4766-93ce-efd7023b5fd8,23,2.0,,,,11.95,13.34,9.9,9.18,9.72,11.09
2025-12-17T09:16:27.948738,Recipe_C,5cbad24a-7923-4766-93ce-efd7023b5fd8,23,2.0,,,,10.59,9.35,11.54,10.62,7.84,8.63
2025-12-17T09:16:28.948738,Recipe_C,5cbad24a-7923-4766-93ce-efd7023b5fd8,23,2.0,,,,9.8,8.14,12.09,11.37,10.75,10.9
2025-12-17T09:16:29.948738,Recipe_C,5cbad24a-7923-4766-93ce-efd7023b5fd8,23,2.0,,,,11.89,11.52,6.88,12.3,9.87,10.03
2025-12-17T09:16:30.948738,Recipe_C,5cbad24a-7923-4766-93ce-efd7023b5fd8,23,2.0,,,,11.33,9.86,10.0,7.14,6.83,10.37
2025-12-17T09:16:31.948738,Recipe_C,5cbad24a-7923-4766-93ce-efd7023b5fd8,23,4.0,,,,99.66,51.95,54.39,54.22,43.85,39.54
2025-12-17T09:16:32.948738,Recipe_C,5cbad24a-7923-4766-93ce-efd7023b5fd8,23,4.0,,,,105.58,52.95,52.49,52.45,59.97,49.04
2025-12-17T09:16:33.948738,Recipe_C,5cbad24a-7923-4766-93ce-efd7023b5fd8,23,4.0,,,,95.46,50.29,47.15,49.77,38.37,50.48
2025-12-17T09:16:34.948738,Recipe_C,5cbad24a-7923-4766-93ce-efd7023b5fd8,23,4.0,,,,105.79,51.02,54.8,55.79,51.94,50.05
2025-12-17T09:16:35.948738,Recipe_C,5cbad24a-7923-4766-93ce-efd7023b5fd8,23,4.0,,,,99.21,59.87,45.93,48.25,57.54,44.78
2025-12-17T09:16:36.948738,Recipe_C,5cbad24a-7923-4766-93ce-efd7023b5fd8,23,4.0,,,,93.98,41.09,55.39,53.5,56.82,51.72
2025-12-17T09:16:37.948738,Recipe_C,5cbad24a-7923-4766-93ce-efd7023b5fd8,23,4.0,,,,99.85,42.28,48.71,50.03,43.39,38.45
2025-12-17T09:16:38.948738,Recipe_C,5cbad24a-7923-4766-93ce-efd7023b5fd8,23,4.0,,,,98.31,48.01,47.94,49.57,54.4,48.73
2025-12-17T09:16:39.948738,Recipe_C,5cbad24a-7923-4766-93ce-efd7023b5fd8,23,4.0,,,,105.07,52.57,46.93,51.0,45.24,47.6
2025-12-17T09:16:40.948738,Recipe_C,5cbad24a-7923-4766-93ce-efd7023b5fd8,23,4.0,,,,94.42,48.4,49.61,52.22,47.89,49.8
2025-12-17T09:16:41.948738,Recipe_C,5cbad24a-7923-4766-93ce-efd7023b5fd8,23,4.0,,,,101.73,47.36,45.09,49.05,53.71,43.75
2025-12-17T09:16:42.948738,Recipe_C,5cbad24a-7923-4766-93ce-efd7023b5fd8,23,4.0,,,,97.57,51.83,51.51,51.13,53.9,45.05
2025-12-17T09:16:43.948738,Recipe_C,5cbad24a-7923-4766-93ce-efd7023b5fd8,23,4.0,,,,90.59,43.16,50.1,56.53,60.88,45.68
2025-12-17T09:16:44.948738,Recipe_C,5cbad24a-7923-4766-93ce-efd7023b5fd8,23,4.0,,,,103.02,59.74,38.81,58.33,47.54,51.27
2025-12-17T09:16:45.948738,Recipe_C,5cbad24a-7923-4766-93ce-efd7023b5fd8,23,4.0,,,,94.13,46.06,48.14,49.11,47.42,44.96
2025-12-17T09:16:46.948738,Recipe_C,5cbad24a-7923-4766-93ce-efd7023b5fd8,23,4.0,,,,89.18,53.26,59.6,54.83,57.25,56.58
2025-12-17T09:16:47.948738,Recipe_C,5cbad24a-7923-4766-93ce-efd7023b5fd8,23,4.0,,,,101.72,53.62,47.94,48.45,48.9,47.83
2025-12-17T09:16:48.948738,Recipe_C,5cbad24a-7923-4766-93ce-efd7023b5fd8,23,4.0,,,,94.1,57.6,53.56,54.02,39.33,48.59
2025-12-17T09:16:49.948738,Recipe_C,5cbad24a-7923-4766-93ce-efd7023b5fd8,23,4.0,,,,97.43,47.63,54.53,57.97,53.13,44.36
2025-12-17T09:16:50.948738,Recipe_C,5cbad24a-7923-4766-93ce-efd7023b5fd8,23,2.0,,,,9.22,8.44,7.38,7.19,5.73,15.52
2025-12-17T09:16:51.948738,Recipe_C,5cbad24a-7923-4766-93ce-efd7023b5fd8,23,2.0,,,,10.29,7.77,7.82,10.72,11.12,9.52
2025-12-17T09:16:52.948738,Recipe_C,5cbad24a-7923-4766-93ce-efd7023b5fd8,23,2.0,,,,11.63,10.64,7.05,10.75,9.08,10.05
2025-12-17T09:16:53.948738,Recipe_C,5cbad24a-7923-4766-93ce-efd7023b5fd8,23,0.0,,,,0.0,0.0,0.0,0.0,0.0,0.0
2025-12-17T09:16:54.948738,Recipe_C,5cbad24a-7923-4766-93ce-efd7023b5fd8,23,0.0,,,,0.0,0.0,0.0,0.0,0.0,0.0
2025-12-17T09:16:55.948738,Recipe_C,5cbad24a-7923-4766-93ce-efd7023b5fd8,23,0.0,,,,0.0,0.0,0.0,0.0,0.0,0.0
2025-12-17T09:16:56.948738,Recipe_C,5cbad24a-7923-4766-93ce-efd7023b5fd8,23,0.0,,,,0.0,0.0,0.0,0.0,0.0,0.0
2025-12-17T09:16:57.948738,Recipe_C,5cbad24a-7923-4766-93ce-efd7023b5fd8,23,0.0,,,,0.0,0.0,0.0,0.0,0.0,0.0
2025-12-17T09:16:58.948738,Recipe_C,5cbad24a-7923-4766-93ce-efd7023b5fd8,23,0.0,,,,0.0,0.0,0.0,0.0,0.0,0.0
2025-12-17T09:16:59.948738,Recipe_C,5cbad24a-7923-4766-93ce-efd7023b5fd8,23,0.0,,,,0.0,0.0,0.0,0.0,0.0,0.0
2025-12-17T09:17:00.948738,Recipe_C,5cbad24a-7923-4766-93ce-efd7023b5fd8,23,0.0,,,,0.0,0.0,0.0,0.0,0.0,0.0
2025-12-17T09:17:01.948738,Recipe_C,5cbad24a-7923-4766-93ce-efd7023b5fd8,23,0.0,,,,0.0,0.0,0.0,0.0,0.0,0.0
2025-12-17T09:17:02.948738,Recipe_C,5cbad24a-7923-4766-93ce-efd7023b5fd8,23,0.0,,,,0.0,0.0,0.0,0.0,0.0,0.0
2025-12-17T09:17:03.948738,Recipe_C,5cbad24a-7923-4766-93ce-efd7023b5fd8,23,0.0,,,,0.0,0.0,0.0,0.0,0.0,0.0
2025-12-17T09:17:04.948738,Recipe_C,5cbad24a-7923-4766-93ce-efd7023b5fd8,23,0.0,,,,0.0,0.0,0.0,0.0,0.0,0.0
2025-12-17T09:17:05.948738,Recipe_C,5cbad24a-7923-4766-93ce-efd7023b5fd8,23,0.0,,,,0.0,0.0,0.0,0.0,0.0,0.0
2025-12-17T09:17:06.948738,Recipe_C,5cbad24a-7923-4766-93ce-efd7023b5fd8,23,0.0,,,,0.0,0.0,0.0,0.0,0.0,0.0
2025-12-17T09:17:07.948738,Recipe_C,5cbad24a-7923-4766-93ce-efd7023b5fd8,23,0.0,,,,0.0,0.0,0.0,0.0,0.0,0.0
2025-12-17T09:17:08.948738,Recipe_C,5cbad24a-7923-4766-93ce-efd7023b5fd8,23,0.0,,,,0.0,0.0,0.0,0.0,0.0,0.0
2025-12-17T09:17:09.948738,Recipe_C,5cbad24a-7923-4766-93ce-efd7023b5fd8,23,0.0,,,,0.0,0.0,0.0,0.0,0.0,0.0
2025-12-17T09:17:10.948738,Recipe_C,5cbad24a-7923-4766-93ce-efd7023b5fd8,23,0.0,,,,0.0,0.0,0.0,0.0,0.0,0.0
2025-12-17T09:17:11.948738,Recipe_C,5cbad24a-7923-4766-93ce-efd7023b5fd8,23,0.0,,,,0.0,0.0,0.0,0.0,0.0,0.0
2025-12-17T09:17:12.948738,Recipe_C,5cbad24a-7923-4766-93ce-efd7023b5fd8,23,0.0,,,,0.0,0.0,0.0,0.0,0.0,0.0
2025-12-17T09:17:13.948738,Recipe_C,5cbad24a-7923-4766-93ce-efd7023b5fd8,23,0.0,,,,0.0,0.0,0.0,0.0,0.0,0.0
2025-12-17T09:17:14.948738,Recipe_C,5cbad24a-7923-4766-93ce-efd7023b5fd8,23,0.0,,,,0.0,0.0,0.0,0.0,0.0,0.0
2025-12-17T09:17:15.948738,Recipe_C,5cbad24a-7923-4766-93ce-efd7023b5fd8,23,0.0,,,,0.0,0.0,0.0,0.0,0.0,0.0
2025-12-17T09:17:16.948738,Recipe_C,5cbad24a-7923-4766-93ce-efd7023b5fd8,23,0.0,,,,0.0,0.0,0.0,0.0,0.0,0.0
2025-12-17T09:17:17.948738,Recipe_C,5cbad24a-7923-4766-93ce-efd7023b5fd8,23,0.0,,,,0.0,0.0,0.0,0.0,0.0,0.0
2025-12-17T09:17:18.948738,Recipe_C,5cbad24a-7923-4766-93ce-efd7023b5fd8,23,0.0,,,,0.0,0.0,0.0,0.0,0.0,0.0
2025-12-17T09:17:19.948738,Recipe_C,5cbad24a-7923-4766-93ce-efd7023b5fd8,23,0.0,,,,0.0,0.0,0.0,0.0,0.0,0.0
2025-12-17T09:17:20.948738,Recipe_C,5cbad24a-7923-4766-93ce-efd7023b5fd8,23,0.0,,,,0.0,0.0,0.0,0.0,0.0,0.0
2025-12-17T09:17:21.948738,Recipe_C,5cbad24a-7923-4766-93ce-efd7023b5fd8,23,0.0,,,,0.0,0.0,0.0,0.0,0.0,0.0
2025-12-17T09:17:22.948738,Recipe_C,5cbad24a-7923-4766-93ce-efd7023b5fd8,23,0.0,,,,0.0,0.0,0.0,0.0,0.0,0.0
2025-12-17T09:17:23.948738,Recipe_C,5cbad24a-7923-4766-93ce-efd7023b5fd8,23,0.0,,,,0.0,0.0,0.0,0.0,0.0,0.0
2025-12-17T09:17:24.948738,Recipe_C,5cbad24a-7923-4766-93ce-efd7023b5fd8,23,0.0,,,,0.0,0.0,0.0,0.0,0.0,0.0
2025-12-17T09:17:25.948738,Recipe_C,5cbad24a-7923-4766-93ce-efd7023b5fd8,23,0.0,,,,0.0,0.0,0.0,0.0,0.0,0.0
2025-12-17T09:17:26.948738,Recipe_C,5cbad24a-7923-4766-93ce-efd7023b5fd8,23,3.0,,,,10.12,6.62,10.53,8.28,8.49,11.63
2025-12-17T09:17:27.948738,Recipe_C,5cbad24a-7923-4766-93ce-efd7023b5fd8,23,3.0,,,,9.01,8.24,5.39,9.27,12.52,6.83
2025-12-17T09:17:28.948738,Recipe_C,5cbad24a-7923-4766-93ce-efd7023b5fd8,23,3.0,,,,5.72,8.07,8.92,9.91,10.7,9.8
2025-12-17T09:17:29.948738,Recipe_C,5cbad24a-7923-4766-93ce-efd7023b5fd8,23,3.0,,,,11.44,8.22,9.74,8.29,9.2,9.33
2025-12-17T09:17:30.948738,Recipe_C,5cbad24a-7923-4766-93ce-efd7023b5fd8,23,3.0,,,,8.67,10.41,8.77,10.23,8.12,10.64
2025-12-17T09:17:31.948738,Recipe_C,5cbad24a-7923-4766-93ce-efd7023b5fd8,23,3.0,,,,10.11,10.8,9.93,8.04,9.13,9.94
2025-12-17T09:17:32.948738,Recipe_C,5cbad24a-7923-4766-93ce-efd7023b5fd8,23,3.0,,,,15.23,10.29,11.15,7.96,14.91,8.71
2025-12-17T09:17:33.948738,Recipe_C,5cbad24a-7923-4766-93ce-efd7023b5fd8,23,3.0,,,,9.07,10.85,12.8,5.75,12.85,9.75
2025-12-17T09:17:34.948738,Recipe_C,5cbad24a-7923-4766-93ce-efd7023b5fd8,23,3.0,,,,10.44,9.88,11.58,8.58,11.65,9.55
2025-12-17T09:17:35.948738,Recipe_C,5cbad24a-7923-4766-93ce-efd7023b5fd8,23,3.0,,,,9.65,10.48,12.05,7.91,13.48,10.81
2025-12-17T09:17:36.948738,Recipe_C,5cbad24a-7923-4766-93ce-efd7023b5fd8,23,3.0,,,,9.86,8.12,8.38,7.92,7.22,6.61
2025-12-17T09:17:37.948738,Recipe_C,5cbad24a-7923-4766-93ce-efd7023b5fd8,23,3.0,,,,9.81,7.83,9.35,13.38,11.2,10.46
2025-12-17T09:17:38.948738,Recipe_C,5cbad24a-7923-4766-93ce-efd7023b5fd8,23,3.0,,,,8.01,8.56,6.02,14.62,7.4,8.73
2025-12-17T09:17:39.948738,Recipe_C,5cbad24a-7923-4766-93ce-efd7023b5fd8,23,3.0,,,,9.0,9.04,14.49,10.18,7.8,12.4
2025-12-17T09:17:40.948738,Recipe_C,5cbad24a-7923-4766-93ce-efd7023b5fd8,23,3.0,,,,11.04,8.94,13.12,8.01,15.0,8.16
2025-12-17T09:17:41.948738,Recipe_C,5cbad24a-7923-4766-93ce-efd7023b5fd8,23,3.0,,,,10.28,14.78,11.29,7.75,8.77,9.21
2025-12-17T09:17:42.948738,Recipe_C,5cbad24a-7923-4766-93ce-efd7023b5fd8,23,3.0,,,,9.54,9.7,7.4,12.41,9.41,11.43
2025-12-17T09:17:43.948738,Recipe_C,5cbad24a-7923-4766-93ce-efd7023b5fd8,23,3.0,,,,11.59,12.87,8.58,9.17,7.29,8.88
2025-12-17T09:17:44.948738,Recipe_C,5cbad24a-7923-4766-93ce-efd7023b5fd8,23,3.0,,,,11.16,7.59,6.02,11.65,11.32,9.3
2025-12-17T09:17:45.948738,Recipe_C,5cbad24a-7923-4766-93ce-efd7023b5fd8,23,3.0,,,,8.13,10.54,7.79,11.31,8.12,10.7
2025-12-17T09:17:46.948738,Recipe_C,5cbad24a-7923-4766-93ce-efd7023b5fd8,23,3.0,,,,11.15,10.34,9.91,9.41,14.15,12.29
2025-12-17T09:17:47.948738,Recipe_C,5cbad24a-7923-4766-93ce-efd7023b5fd8,23,3.0,,,,9.32,10.84,11.79,10.27,10.18,12.22
2025-12-17T09:17:48.948738,Recipe_C,5cbad24a-7923-4766-93ce-efd7023b5fd8,23,3.0,,,,8.97,10.78,10.94,10.07,10.55,5.97
2025-12-17T09:17:49.948738,Recipe_C,5cbad24a-7923-4766-93ce-efd7023b5fd8,23,3.0,,,,7.78,11.45,8.14,9.15,12.61,10.93
2025-12-17T09:17:50.948738,Recipe_C,5cbad24a-7923-4766-93ce-efd7023b5fd8,23,3.0,,,,9.3,6.72,11.17,8.1,9.29,10.7
2025-12-17T09:17:51.948738,Recipe_C,5cbad24a-7923-4766-93ce-efd7023b5fd8,23,3.0,,,,9.97,12.33,11.07,9.33,10.09,7.55
2025-12-17T09:17:52.948738,Recipe_C,5cbad24a-7923-4766-93ce-efd7023b5fd8,23,3.0,,,,12.42,9.01,11.19,9.59,8.99,7.96
2025-12-17T09:17:53.948738,Recipe_C,5cbad24a-7923-4766-93ce-efd7023b5fd8,23,3.0,,,,6.23,9.3,8.89,10.64,11.38,11.41
2025-12-17T09:17:54.948738,Recipe_C,5cbad24a-7923-4766-93ce-efd7023b5fd8,23,3.0,,,,9.11,9.98,10.16,10.24,9.57,9.56
2025-12-17T09:17:55.948738,Recipe_C,5cbad24a-7923-4766-93ce-efd7023b5fd8,23,3.0,,,,8.3,10.18,10.74,9.23,7.13,12.24
2025-12-17T09:17:56.948738,Recipe_C,5cbad24a-7923-4766-93ce-efd7023b5fd8,23,3.0,,,,7.78,9.26,7.89,10.28,8.31,9.94
2025-12-17T09:17:57.948738,Recipe_C,5cbad24a-7923-4766-93ce-efd7023b5fd8,23,3.0,,,,9.29,7.89,11.44,11.61,13.13,11.59
2025-12-17T09:17:58.948738,Recipe_C,5cbad24a-7923-4766-93ce-efd7023b5fd8,23,3.0,,,,8.14,10.31,7.33,7.23,10.46,8.32
2025-12-17T09:17:59.948738,Recipe_C,5cbad24a-7923-4766-93ce-efd7023b5fd8,23,3.0,,,,11.06,8.86,6.93,10.88,10.75,8.06
2025-12-17T09:18:00.948738,Recipe_C,5cbad24a-7923-4766-93ce-efd7023b5fd8,23,3.0,,,,6.46,6.79,11.2,6.25,10.28,12.88
2025-12-17T09:18:01.948738,Recipe_C,5cbad24a-7923-4766-93ce-efd7023b5fd8,23,3.0,,,,9.37,8.33,9.48,10.08,11.02,9.61
2025-12-17T09:18:02.948738,Recipe_C,5cbad24a-7923-4766-93ce-efd7023b5fd8,23,3.0,,,,12.14,9.19,9.98,9.53,8.85,10.26
2025-12-17T09:18:03.948738,Recipe_C,5cbad24a-7923-4766-93ce-efd7023b5fd8,23,3.0,,,,11.54,8.42,11.04,11.92,9.69,12.39
2025-12-17T09:18:04.948738,Recipe_C,5cbad24a-7923-4766-93ce-efd7023b5fd8,23,3.0,,,,8.73,9.72,7.32,9.52,11.2,8.41
2025-12-17T09:18:05.948738,Recipe_C,5cbad24a-7923-4766-93ce-efd7023b5fd8,23,3.0,,,,10.56,9.31,9.14,11.64,9.2,9.39
2025-12-17T09:18:06.948738,Recipe_C,5cbad24a-7923-4766-93ce-efd7023b5fd8,23,3.0,,,,9.92,10.01,9.39,11.76,10.0,12.29
2025-12-17T09:18:07.948738,Recipe_C,5cbad24a-7923-4766-93ce-efd7023b5fd8,23,3.0,,,,8.97,9.97,10.2,9.04,8.41,8.75
2025-12-17T09:18:08.948738,Recipe_C,5cbad24a-7923-4766-93ce-efd7023b5fd8,23,3.0,,,,7.7,8.47,11.79,12.66,10.96,8.82
2025-12-17T09:18:09.948738,Recipe_C,5cbad24a-7923-4766-93ce-efd7023b5fd8,23,3.0,,,,6.2,15.45,9.37,5.77,10.72,6.41
2025-12-17T09:18:10.948738,Recipe_C,5cbad24a-7923-4766-93ce-efd7023b5fd8,23,3.0,,,,10.4,11.8,10.22,13.76,9.34,12.84
2025-12-17T09:18:11.948738,Recipe_C,5cbad24a-7923-4766-93ce-efd7023b5fd8,23,3.0,,,,8.4,11.08,9.09,13.3,13.74,11.36
2025-12-17T09:18:12.948738,Recipe_C,5cbad24a-7923-4766-93ce-efd7023b5fd8,23,3.0,,,,10.11,11.38,10.44,8.98,10.36,8.94
2025-12-17T09:18:13.948738,Recipe_C,5cbad24a-7923-4766-93ce-efd7023b5fd8,23,3.0,,,,11.59,10.84,10.84,9.32,14.57,7.49
2025-12-17T09:18:14.948738,Recipe_C,5cbad24a-7923-4766-93ce-efd7023b5fd8,23,3.0,,,,11.13,13.05,15.1,11.58,7.05,13.28
2025-12-17T09:18:15.948738,Recipe_C,5cbad24a-7923-4766-93ce-efd7023b5fd8,23,3.0,,,,10.51,13.29,8.93,7.17,10.06,5.99
2025-12-17T09:18:16.948738,Recipe_C,5cbad24a-7923-4766-93ce-efd7023b5fd8,23,3.0,,,,8.57,9.93,8.81,9.09,9.13,10.69
2025-12-17T09:18:17.948738,Recipe_C,5cbad24a-7923-4766-93ce-efd7023b5fd8,23,3.0,,,,9.69,7.47,8.14,12.22,9.46,13.35
2025-12-17T09:18:18.948738,Recipe_C,5cbad24a-7923-4766-93ce-efd7023b5fd8,23,3.0,,,,7.97,8.87,11.43,10.84,11.55,8.1
2025-12-17T09:18:19.948738,Recipe_C,5cbad24a-7923-4766-93ce-efd7023b5fd8,23,3.0,,,,13.73,9.54,10.39,10.39,12.02,7.94
2025-12-17T09:18:20.948738,Recipe_C,5cbad24a-7923-4766-93ce-efd7023b5fd8,23,3.0,,,,10.45,6.86,8.21,8.78,10.1,5.7
2025-12-17T09:18:21.948738,Recipe_C,5cbad24a-7923-4766-93ce-efd7023b5fd8,23,3.0,,,,12.18,12.35,8.12,8.4,11.19,9.9
2025-12-17T09:18:22.948738,Recipe_C,5cbad24a-7923-4766-93ce-efd7023b5fd8,23,3.0,,,,9.76,6.21,11.81,10.64,9.94,8.55
2025-12-17T09:18:23.948738,Recipe_C,5cbad24a-7923-4766-93ce-efd7023b5fd8,23,3.0,,,,12.5,10.49,9.33,6.5,9.08,6.29
2025-12-17T09:18:24.948738,Recipe_C,5cbad24a-7923-4766-93ce-efd7023b5fd8,23,3.0,,,,15.26,10.21,11.11,7.54,15.01,10.68
2025-12-17T09:18:25.948738,Recipe_C,5cbad24a-7923-4766-93ce-efd7023b5fd8,23,3.0,,,,9.64,9.58,11.85,11.45,10.28,9.34
2025-12-17T09:18:26.948738,Recipe_C,5cbad24a-7923-4766-93ce-efd7023b5fd8,23,3.0,,,,12.88,9.48,6.17,6.82,12.14,5.26
2025-12-17T09:18:27.948738,Recipe_C,5cbad24a-7923-4766-93ce-efd7023b5fd8,23,3.0,,,,10.37,9.18,6.03,10.61,9.57,7.7
2025-12-17T09:18:28.948738,Recipe_C,5cbad24a-7923-4766-93ce-efd7023b5fd8,23,3.0,,,,11.8,5.42,10.96,11.15,11.38,10.18
2025-12-17T09:18:29.948738,Recipe_C,5cbad24a-7923-4766-93ce-efd7023b5fd8,23,3.0,,,,10.03,10.17,7.46,10.58,8.63,11.55
2025-12-17T09:18:30.948738,Recipe_C,5cbad24a-7923-4766-93ce-efd7023b5fd8,23,3.0,,,,8.62,7.41,7.76,12.18,8.19,6.71
2025-12-17T09:18:31.948738,Recipe_C,5cbad24a-7923-4766-93ce-efd7023b5fd8,23,3.0,,,,12.79,14.89,9.38,9.27,14.33,7.11
2025-12-17T09:18:32.948738,Recipe_C,5cbad24a-7923-4766-93ce-efd7023b5fd8,23,3.0,,,,9.99,7.42,13.44,8.44,10.33,12.37
2025-12-17T09:18:33.948738,Recipe_C,5cbad24a-7923-4766-93ce-efd7023b5fd8,23,3.0,,,,11.48,9.17,12.15,9.15,9.27,9.17
2025-12-17T09:18:34.948738,Recipe_C,5cbad24a-7923-4766-93ce-efd7023b5fd8,23,3.0,,,,6.03,12.05,8.22,7.89,7.95,7.16
2025-12-17T09:18:35.948738,Recipe_C,5cbad24a-7923-4766-93ce-efd7023b5fd8,23,3.0,,,,8.08,10.44,10.11,12.35,7.58,9.56
2025-12-17T09:18:36.948738,Recipe_C,5cbad24a-7923-4766-93ce-efd7023b5fd8,23,3.0,,,,7.43,10.36,12.49,8.88,7.52,9.41
2025-12-17T09:18:37.948738,Recipe_C,5cbad24a-7923-4766-93ce-efd7023b5fd8,23,3.0,,,,8.02,10.71,10.19,9.4,7.16,10.73
2025-12-17T09:18:38.948738,Recipe_C,5cbad24a-7923-4766-93ce-efd7023b5fd8,23,3.0,,,,11.21,9.0,14.3,11.09,7.57,11.58
2025-12-17T09:18:39.948738,Recipe_C,5cbad24a-7923-4766-93ce-efd7023b5fd8,23,3.0,,,,9.92,9.53,9.75,8.46,10.29,11.1
2025-12-17T09:18:40.948738,Recipe_C,5cbad24a-7923-4766-93ce-efd7023b5fd8,23,3.0,,,,10.06,8.87,10.7,9.52,8.83,9.92
2025-12-17T09:18:41.948738,Recipe_C,5cbad24a-7923-4766-93ce-efd7023b5fd8,23,3.0,,,,8.74,11.1,8.38,10.36,9.73,10.83
2025-12-17T09:18:42.948738,Recipe_C,5cbad24a-7923-4766-93ce-efd7023b5fd8,23,3.0,,,,11.42,10.78,12.99,8.74,12.69,10.09
2025-12-17T09:18:43.948738,Recipe_C,5cbad24a-7923-4766-93ce-efd7023b5fd8,23,3.0,,,,11.43,10.86,10.66,8.79,9.55,7.45
2025-12-17T09:18:44.948738,Recipe_C,5cbad24a-7923-4766-93ce-efd7023b5fd8,23,3.0,,,,8.52,11.09,12.2,11.19,8.76,13.35
2025-12-17T09:18:45.948738,Recipe_C,5cbad24a-7923-4766-93ce-efd7023b5fd8,23,3.0,,,,7.61,11.04,9.15,12.69,10.05,10.07
2025-12-17T09:18:46.948738,Recipe_C,5cbad24a-7923-4766-93ce-efd7023b5fd8,23,3.0,,,,14.78,11.41,6.89,11.56,9.88,8.72
2025-12-17T09:18:47.948738,Recipe_C,5cbad24a-7923-4766-93ce-efd7023b5fd8,23,3.0,,,,7.94,8.7,7.43,10.75,8.73,7.38
2025-12-17T09:18:48.948738,Recipe_C,5cbad24a-7923-4766-93ce-efd7023b5fd8,23,3.0,,,,7.41,10.59,9.57,13.65,8.88,9.38
2025-12-17T09:18:49.948738,Recipe_C,5cbad24a-7923-4766-93ce-efd7023b5fd8,23,3.0,,,,10.96,9.2,5.95,8.43,12.08,9.24
2025-12-17T09:18:50.948738,Recipe_C,5cbad24a-7923-4766-93ce-efd7023b5fd8,23,3.0,,,,11.23,9.35,7.82,7.53,9.8,7.45
2025-12-17T09:18:51.948738,Recipe_C,5cbad24a-7923-4766-93ce-efd7023b5fd8,23,3.0,,,,9.59,13.39,8.5,9.95,10.39,11.92
2025-12-17T09:18:52.948738,Recipe_C,5cbad24a-7923-4766-93ce-efd7023b5fd8,23,3.0,,,,12.74,10.62,9.3,7.73,8.35,6.55
2025-12-17T09:18:53.948738,Recipe_C,5cbad24a-7923-4766-93ce-efd7023b5fd8,23,3.0,,,,5.47,13.49,13.21,12.48,11.58,10.58
2025-12-17T09:18:54.948738,Recipe_C,5cbad24a-7923-4766-93ce-efd7023b5fd8,23,3.0,,,,7.05,10.81,11.51,8.18,12.58,12.47
2025-12-17T09:18:55.948738,Recipe_C,5cbad24a-7923-4766-93ce-efd7023b5fd8,23,3.0,,,,7.52,9.96,11.99,9.44,9.73,10.68
2025-12-17T09:18:56.948738,Recipe_C,5cbad24a-7923-4766-93ce-efd7023b5fd8,23,3.0,,,,11.07,7.34,11.28,8.59,7.07,10.95
2025-12-17T09:18:57.948738,Recipe_C,5cbad24a-7923-4766-93ce-efd7023b5fd8,23,3.0,,,,11.04,9.38,7.74,8.65,10.14,9.71
2025-12-17T09:18:58.948738,Recipe_C,5cbad24a-7923-4766-93ce-efd7023b5fd8,23,3.0,,,,6.52,7.1,11.61,11.83,10.51,8.61
2025-12-17T09:18:59.948738,Recipe_C,5cbad24a-7923-4766-93ce-efd7023b5fd8,23,3.0,,,,8.73,8.2,11.74,9.56,9.36,7.3
2025-12-17T09:19:00.948738,Recipe_C,5cbad24a-7923-4766-93ce-efd7023b5fd8,23,5.0,,,,13.12,10.39,10.94,11.71,12.83,10.86
2025-12-17T09:19:01.948738,Recipe_C,5cbad24a-7923-4766-93ce-efd7023b5fd8,23,5.0,,,,11.77,10.09,9.83,10.49,12.1,11.19
2025-12-17T09:19:02.948738,Recipe_C,5cbad24a-7923-4766-93ce-efd7023b5fd8,23,5.0,,,,9.62,7.95,14.06,8.51,10.07,11.95
2025-12-17T09:19:03.948738,Recipe_C,5cbad24a-7923-4766-93ce-efd7023b5fd8,23,5.0,,,,11.04,8.02,11.25,11.7,8.35,8.26
2025-12-17T09:19:04.948738,Recipe_C,5cbad24a-7923-4766-93ce-efd7023b5fd8,23,5.0,,,,8.86,11.02,10.33,9.3,9.51,7.51
2025-12-17T09:19:04.948738,Recipe_C,5cbad24a-7923-4766-93ce-efd7023b5fd8,23,5.0,Warning_8,Simulated Warning occurred,Warning,,,,,,
2025-12-17T09:19:05.948738,Recipe_C,5cbad24a-7923-4766-93ce-efd7023b5fd8,23,5.0,,,,7.85,13.32,10.12,9.79,10.68,8.4
2025-12-17T09:19:06.948738,Recipe_C,5cbad24a-7923-4766-93ce-efd7023b5fd8,23,5.0,,,,11.26,10.84,10.43,9.22,12.34,9.42
2025-12-17T09:19:07.948738,Recipe_C,5cbad24a-7923-4766-93ce-efd7023b5fd8,23,5.0,,,,10.55,10.1,6.93,9.05,10.06,8.2
2025-12-17T09:19:08.948738,Recipe_C,5cbad24a-7923-4766-93ce-efd7023b5fd8,23,5.0,,,,12.24,8.47,10.74,9.72,11.02,11.75
2025-12-17T09:19:09.948738,Recipe_C,5cbad24a-7923-4766-93ce-efd7023b5fd8,23,5.0,,,,9.47,8.19,12.79,6.63,8.5,9.03
2025-12-17T09:19:10.948738,Recipe_C,5cbad24a-7923-4766-93ce-efd7023b5fd8,23,5.0,,,,12.28,7.83,8.42,12.19,9.62,10.83
2025-12-17T09:19:11.948738,Recipe_C,5cbad24a-7923-4766-93ce-efd7023b5fd8,23,2.0,,,,10.6,10.66,10.62,9.79,8.41,12.02
2025-12-17T09:19:12.948738,Recipe_C,5cbad24a-7923-4766-93ce-efd7023b5fd8,23,2.0,,,,7.03,14.88,6.99,12.47,9.25,11.57
2025-12-17T09:19:13.948738,Recipe_C,5cbad24a-7923-4766-93ce-efd7023b5fd8,23,2.0,,,,9.34,6.85,10.67,6.68,8.43,14.68
2025-12-17T09:19:14.948738,Recipe_C,5cbad24a-7923-4766-93ce-efd7023b5fd8,23,2.0,,,,5.45,8.35,8.51,9.22,10.42,12.98
2025-12-17T09:19:15.948738,Recipe_C,5cbad24a-7923-4766-93ce-efd7023b5fd8,23,2.0,,,,10.18,7.79,8.03,12.56,8.1,12.07
2025-12-17T09:19:16.948738,Recipe_C,5cbad24a-7923-4766-93ce-efd7023b5fd8,23,2.0,,,,8.63,8.21,12.24,10.02,12.27,9.37
2025-12-17T09:19:17.948738,Recipe_C,5cbad24a-7923-4766-93ce-efd7023b5fd8,23,2.0,,,,8.77,11.34,13.63,10.36,10.54,12.8
2025-12-17T09:19:18.948738,Recipe_C,5cbad24a-7923-4766-93ce-efd7023b5fd8,23,2.0,,,,10.09,8.9,10.95,9.18,12.71,10.26
2025-12-17T09:19:19.948738,Recipe_C,5cbad24a-7923-4766-93ce-efd7023b5fd8,23,2.0,,,,8.13,14.24,9.44,10.48,12.38,8.15
2025-12-17T09:19:20.948738,Recipe_C,5cbad24a-7923-4766-93ce-efd7023b5fd8,23,2.0,,,,9.83,10.25,13.25,8.74,10.73,9.28
2025-12-17T09:19:21.948738,Recipe_C,5cbad24a-7923-4766-93ce-efd7023b5fd8,23,2.0,,,,9.2,8.36,10.67,9.12,6.77,9.9
2025-12-17T09:19:22.948738,Recipe_C,5cbad24a-7923-4766-93ce-efd7023b5fd8,23,2.0,,,,10.49,11.4,9.17,10.15,13.65,9.86
2025-12-17T09:19:23.948738,Recipe_C,5cbad24a-7923-4766-93ce-efd7023b5fd8,23,2.0,,,,9.98,8.37,10.93,7.42,12.69,8.41
2025-12-17T09:19:24.948738,Recipe_C,5cbad24a-7923-4766-93ce-efd7023b5fd8,23,2.0,,,,10.12,11.23,12.04,12.14,9.19,10.87
2025-12-17T09:19:25.948738,Recipe_C,5cbad24a-7923-4766-93ce-efd7023b5fd8,23,2.0,,,,10.83,12.24,10.34,10.91,13.02,8.1
2025-12-17T09:19:26.948738,Recipe_C,5cbad24a-7923-4766-93ce-efd7023b5fd8,23,2.0,,,,9.42,6.2,7.63,8.83,8.15,11.33
2025-12-17T09:19:27.948738,Recipe_C,5cbad24a-7923-4766-93ce-efd7023b5fd8,23,0.0,,,,0.0,0.0,0.0,0.0,0.0,0.0
2025-12-17T09:19:28.948738,Recipe_C,5cbad24a-7923-4766-93ce-efd7023b5fd8,23,0.0,,,,0.0,0.0,0.0,0.0,0.0,0.0
2025-12-17T09:19:29.948738,Recipe_C,5cbad24a-7923-4766-93ce-efd7023b5fd8,23,0.0,,,,0.0,0.0,0.0,0.0,0.0,0.0
2025-12-17T09:19:30.948738,Recipe_C,5cbad24a-7923-4766-93ce-efd7023b5fd8,23,0.0,,,,0.0,0.0,0.0,0.0,0.0,0.0
2025-12-17T09:19:31.948738,Recipe_C,5cbad24a-7923-4766-93ce-efd7023b5fd8,23,0.0,,,,0.0,0.0,0.0,0.0,0.0,0.0
2025-12-17T09:19:32.948738,Recipe_C,5cbad24a-7923-4766-93ce-efd7023b5fd8,23,0.0,,,,0.0,0.0,0.0,0.0,0.0,0.0
2025-12-17T09:19:33.948738,Recipe_C,5cbad24a-7923-4766-93ce-efd7023b5fd8,23,0.0,,,,0.0,0.0,0.0,0.0,0.0,0.0
2025-12-17T09:19:34.948738,Recipe_C,5cbad24a-7923-4766-93ce-efd7023b5fd8,23,0.0,,,,0.0,0.0,0.0,0.0,0.0,0.0
2025-12-17T09:19:35.948738,Recipe_C,5cbad24a-7923-4766-93ce-efd7023b5fd8,23,0.0,,,,0.0,0.0,0.0,0.0,0.0,0.0
2025-12-17T09:19:36.948738,Recipe_C,5cbad24a-7923-4766-93ce-efd7023b5fd8,23,0.0,,,,0.0,0.0,0.0,0.0,0.0,0.0
2025-12-17T09:19:37.948738,Recipe_C,5cbad24a-7923-4766-93ce-efd7023b5fd8,23,0.0,,,,0.0,0.0,0.0,0.0,0.0,0.0
2025-12-17T09:19:38.948738,Recipe_C,5cbad24a-7923-4766-93ce-efd7023b5fd8,23,5.0,,,,11.29,9.63,7.14,12.49,10.94,12.64
2025-12-17T09:19:39.948738,Recipe_C,5cbad24a-7923-4766-93ce-efd7023b5fd8,23,5.0,,,,8.51,11.88,8.93,10.62,11.85,11.46
2025-12-17T09:19:40.948738,Recipe_C,5cbad24a-7923-4766-93ce-efd7023b5fd8,23,5.0,,,,14.36,14.82,12.32,13.71,9.99,8.09
2025-12-17T09:19:41.948738,Recipe_C,5cbad24a-7923-4766-93ce-efd7023b5fd8,23,5.0,,,,9.52,12.89,10.92,9.21,10.48,10.08
2025-12-17T09:19:42.948738,Recipe_C,5cbad24a-7923-4766-93ce-efd7023b5fd8,23,5.0,,,,14.2,10.28,6.18,12.07,12.39,9.41
2025-12-17T09:19:43.948738,Recipe_C,5cbad24a-7923-4766-93ce-efd7023b5fd8,23,5.0,,,,12.02,9.01,7.97,11.16,8.5,12.21
2025-12-17T09:19:44.948738,Recipe_C,5cbad24a-7923-4766-93ce-efd7023b5fd8,23,5.0,,,,9.27,8.28,9.88,6.93,10.99,14.04
2025-12-17T09:19:45.948738,Recipe_C,5cbad24a-7923-4766-93ce-efd7023b5fd8,23,5.0,,,,9.9,8.7,8.19,15.57,8.14,12.6
2025-12-17T09:19:46.948738,Recipe_C,5cbad24a-7923-4766-93ce-efd7023b5fd8,23,3.0,,,,12.37,8.69,7.13,10.65,10.88,9.5
2025-12-17T09:19:47.948738,Recipe_C,5cbad24a-7923-4766-93ce-efd7023b5fd8,23,3.0,,,,11.98,13.52,11.51,10.87,10.53,6.65
2025-12-17T09:19:48.948738,Recipe_C,5cbad24a-7923-4766-93ce-efd7023b5fd8,23,2.0,,,,11.28,8.17,9.24,12.8,11.37,9.29
2025-12-17T09:19:49.948738,Recipe_C,5cbad24a-7923-4766-93ce-efd7023b5fd8,23,2.0,,,,10.88,11.07,12.45,12.82,10.57,11.56
2025-12-17T09:19:50.948738,Recipe_C,5cbad24a-7923-4766-93ce-efd7023b5fd8,23,2.0,,,,9.26,9.46,10.45,12.49,10.33,10.49
2025-12-17T09:19:51.948738,Recipe_C,5cbad24a-7923-4766-93ce-efd7023b5fd8,23,2.0,,,,11.2,11.3,8.72,7.28,11.87,7.54
2025-12-17T09:19:52.948738,Recipe_C,5cbad24a-7923-4766-93ce-efd7023b5fd8,23,2.0,,,,10.79,13.95,8.38,8.16,9.78,13.19
2025-12-17T09:19:53.948738,Recipe_C,5cbad24a-7923-4766-93ce-efd7023b5fd8,23,2.0,,,,8.32,8.56,9.03,6.69,8.89,9.1
2025-12-17T09:19:54.948738,Recipe_C,5cbad24a-7923-4766-93ce-efd7023b5fd8,23,2.0,,,,7.86,10.9,6.74,9.54,11.33,10.12
2025-12-17T09:19:55.948738,Recipe_C,5cbad24a-7923-4766-93ce-efd7023b5fd8,23,2.0,,,,10.2,9.73,8.31,8.15,11.45,11.04
2025-12-17T09:19:56.948738,Recipe_C,5cbad24a-7923-4766-93ce-efd7023b5fd8,23,2.0,,,,9.64,7.52,11.43,12.65,9.28,7.57
2025-12-17T09:19:57.948738,Recipe_C,5cbad24a-7923-4766-93ce-efd7023b5fd8,23,2.0,,,,14.11,9.9,10.35,12.04,10.71,8.75
2025-12-17T09:19:58.948738,Recipe_C,5cbad24a-7923-4766-93ce-efd7023b5fd8,23,2.0,,,,10.05,10.92,9.86,11.19,10.94,7.73
2025-12-17T09:19:59.948738,Recipe_C,5cbad24a-7923-4766-93ce-efd7023b5fd8,23,2.0,,,,9.97,7.96,10.71,9.69,6.77,10.49
2025-12-17T09:19:59.948738,Recipe_C,5cbad24a-7923-4766-93ce-efd7023b5fd8,23,2.0,Warning_3,Simulated Warning occurred,Warning,,,,,,
2025-12-17T09:20:00.948738,Recipe_C,5cbad24a-7923-4766-93ce-efd7023b5fd8,23,2.0,,,,12.9,8.85,10.58,9.89,10.77,10.59
2025-12-17T09:20:01.948738,Recipe_C,5cbad24a-7923-4766-93ce-efd7023b5fd8,23,2.0,,,,7.82,9.82,11.32,12.96,13.14,10.25
2025-12-17T09:20:02.948738,Recipe_C,5cbad24a-7923-4766-93ce-efd7023b5fd8,23,2.0,,,,11.73,10.28,8.04,9.82,5.76,10.71
2025-12-17T09:20:03.948738,Recipe_C,5cbad24a-7923-4766-93ce-efd7023b5fd8,23,2.0,,,,12.91,6.62,9.85,10.62,12.1,12.21
2025-12-17T09:20:04.948738,Recipe_C,5cbad24a-7923-4766-93ce-efd7023b5fd8,23,2.0,,,,11.27,10.55,9.9,11.61,9.62,12.14
2025-12-17T09:20:05.948738,Recipe_C,5cbad24a-7923-4766-93ce-efd7023b5fd8,23,2.0,,,,10.17,12.8,13.14,6.55,12.16,10.48
2025-12-17T09:20:06.948738,Recipe_C,5cbad24a-7923-4766-93ce-efd7023b5fd8,23,2.0,,,,14.1,9.18,9.83,9.75,9.95,8.52
2025-12-17T09:20:07.948738,Recipe_C,5cbad24a-7923-4766-93ce-efd7023b5fd8,23,2.0,,,,10.17,6.46,12.45,11.15,8.98,9.59
2025-12-17T09:20:08.948738,Recipe_C,5cbad24a-7923-4766-93ce-efd7023b5fd8,23,2.0,,,,7.53,9.28,7.73,10.34,12.45,10.6
2025-12-17T09:20:09.948738,Recipe_C,5cbad24a-7923-4766-93ce-efd7023b5fd8,23,2.0,,,,10.79,10.57,7.97,8.51,6.66,8.77
2025-12-17T09:20:10.948738,Recipe_C,5cbad24a-7923-4766-93ce-efd7023b5fd8,23,2.0,,,,8.62,9.43,14.6,10.45,8.33,11.95
2025-12-17T09:20:11.948738,Recipe_C,5cbad24a-7923-4766-93ce-efd7023b5fd8,23,2.0,,,,10.5,12.67,8.43,10.36,8.59,11.04
2025-12-17T09:20:12.948738,Recipe_C,5cbad24a-7923-4766-93ce-efd7023b5fd8,23,2.0,,,,7.57,11.26,10.28,10.09,10.95,9.51
2025-12-17T09:20:13.948738,Recipe_C,5cbad24a-7923-4766-93ce-efd7023b5fd8,23,2.0,,,,10.33,8.02,11.16,10.39,11.69,8.26
2025-12-17T09:20:14.948738,Recipe_C,5cbad24a-7923-4766-93ce-efd7023b5fd8,23,2.0,,,,14.56,6.79,10.05,10.58,7.75,10.16
2025-12-17T09:20:15.948738,Recipe_C,5cbad24a-7923-4766-93ce-efd7023b5fd8,23,2.0,,,,11.15,9.65,8.28,8.79,8.12,10.7
2025-12-17T09:20:16.948738,Recipe_C,5cbad24a-7923-4766-93ce-efd7023b5fd8,23,2.0,,,,10.6,10.6,8.19,8.29,11.47,11.07
2025-12-17T09:20:17.948738,Recipe_C,5cbad24a-7923-4766-93ce-efd7023b5fd8,23,2.0,,,,9.3,8.19,10.21,14.42,9.46,8.07
2025-12-17T09:20:18.948738,Recipe_C,5cbad24a-7923-4766-93ce-efd7023b5fd8,23,2.0,,,,10.85,10.04,6.66,10.22,11.5,10.45
2025-12-17T09:20:19.948738,Recipe_C,5cbad24a-7923-4766-93ce-efd7023b5fd8,23,2.0,,,,11.79,10.23,13.76,7.12,11.19,9.22
2025-12-17T09:20:20.948738,Recipe_C,5cbad24a-7923-4766-93ce-efd7023b5fd8,23,2.0,,,,9.4,10.91,8.46,8.39,10.14,11.21
2025-12-17T09:20:21.948738,Recipe_C,5cbad24a-7923-4766-93ce-efd7023b5fd8,23,2.0,,,,8.18,10.65,8.46,7.9,8.87,11.28
2025-12-17T09:20:22.948738,Recipe_C,5cbad24a-7923-4766-93ce-efd7023b5fd8,23,5.0,,,,11.37,6.97,6.7,13.91,7.27,11.01
2025-12-17T09:20:23.948738,Recipe_C,5cbad24a-7923-4766-93ce-efd7023b5fd8,23,5.0,,,,10.19,14.02,11.85,9.35,9.81,9.39
2025-12-17T09:20:24.948738,Recipe_C,5cbad24a-7923-4766-93ce-efd7023b5fd8,23,5.0,,,,9.61,7.76,14.42,10.64,9.44,9.05
2025-12-17T09:20:25.948738,Recipe_C,5cbad24a-7923-4766-93ce-efd7023b5fd8,23,5.0,,,,10.35,9.59,12.94,6.77,8.68,12.66
2025-12-17T09:20:26.948738,Recipe_C,5cbad24a-7923-4766-93ce-efd7023b5fd8,23,5.0,,,,10.6,10.26,7.66,12.54,6.51,9.68
2025-12-17T09:20:27.948738,Recipe_C,5cbad24a-7923-4766-93ce-efd7023b5fd8,23,5.0,,,,8.05,12.46,9.47,9.78,7.13,13.63
2025-12-17T09:20:28.948738,Recipe_C,5cbad24a-7923-4766-93ce-efd7023b5fd8,23,5.0,,,,11.24,8.24,9.34,7.87,11.5,11.03
2025-12-17T09:20:29.948738,Recipe_C,5cbad24a-7923-4766-93ce-efd7023b5fd8,23,5.0,,,,9.56,13.54,10.78,10.61,10.87,5.4
2025-12-17T09:20:30.948738,Recipe_C,5cbad24a-7923-4766-93ce-efd7023b5fd8,23,5.0,,,,8.91,8.71,9.27,9.56,11.78,11.36
2025-12-17T09:20:31.948738,Recipe_C,5cbad24a-7923-4766-93ce-efd7023b5fd8,23,5.0,,,,7.13,14.16,12.46,9.45,6.83,11.46
2025-12-17T09:20:32.948738,Recipe_C,5cbad24a-7923-4766-93ce-efd7023b5fd8,23,5.0,,,,13.37,12.43,10.1,10.23,9.26,11.79
2025-12-17T09:20:33.948738,Recipe_C,5cbad24a-7923-4766-93ce-efd7023b5fd8,23,5.0,,,,12.17,11.01,10.0,9.95,8.23,7.53
2025-12-17T09:20:34.948738,Recipe_C,5cbad24a-7923-4766-93ce-efd7023b5fd8,23,1.0,,,,10.53,8.66,8.07,11.13,11.65,7.34
2025-12-17T09:20:35.948738,Recipe_C,5cbad24a-7923-4766-93ce-efd7023b5fd8,23,1.0,,,,9.0,9.1,11.09,8.8,6.47,8.83
2025-12-17T09:20:36.948738,Recipe_C,5cbad24a-7923-4766-93ce-efd7023b5fd8,23,1.0,,,,11.06,8.33,15.69,8.55,9.8,12.27
2025-12-17T09:20:37.948738,Recipe_C,5cbad24a-7923-4766-93ce-efd7023b5fd8,23,1.0,,,,10.17,9.38,12.79,11.1,6.59,6.57
2025-12-17T09:20:38.948738,Recipe_C,5cbad24a-7923-4766-93ce-efd7023b5fd8,23,1.0,,,,10.56,9.61,12.26,5.65,11.04,12.41
2025-12-17T09:20:39.948738,Recipe_C,5cbad24a-7923-4766-93ce-efd7023b5fd8,23,1.0,,,,11.09,7.75,6.78,9.05,6.57,8.66
2025-12-17T09:20:40.948738,Recipe_C,5cbad24a-7923-4766-93ce-efd7023b5fd8,23,1.0,,,,10.84,10.39,9.44,9.93,11.12,13.06
2025-12-17T09:20:41.948738,Recipe_C,5cbad24a-7923-4766-93ce-efd7023b5fd8,23,1.0,,,,13.29,10.39,5.51,11.05,8.6,8.9
2025-12-17T09:20:42.948738,Recipe_C,5cbad24a-7923-4766-93ce-efd7023b5fd8,23,1.0,,,,9.55,9.89,7.91,12.46,11.96,9.95
2025-12-17T09:20:43.948738,Recipe_C,5cbad24a-7923-4766-93ce-efd7023b5fd8,23,1.0,,,,11.52,6.14,9.37,11.61,12.9,8.22
2025-12-17T09:20:44.948738,Recipe_C,5cbad24a-7923-4766-93ce-efd7023b5fd8,23,1.0,,,,10.05,12.22,9.44,8.86,5.23,8.27
2025-12-17T09:20:45.948738,Recipe_C,5cbad24a-7923-4766-93ce-efd7023b5fd8,23,1.0,,,,9.0,11.34,12.59,7.75,9.29,7.25
2025-12-17T09:20:46.948738,Recipe_C,5cbad24a-7923-4766-93ce-efd7023b5fd8,23,1.0,,,,16.49,11.29,10.98,10.44,14.24,4.84
2025-12-17T09:20:47.948738,Recipe_C,5cbad24a-7923-4766-93ce-efd7023b5fd8,23,1.0,,,,10.77,10.45,9.32,10.58,11.2,12.01
2025-12-17T09:20:48.948738,Recipe_C,5cbad24a-7923-4766-93ce-efd7023b5fd8,23,1.0,,,,7.88,9.3,9.08,11.81,9.51,11.12
2025-12-17T09:20:49.948738,Recipe_C,5cbad24a-7923-4766-93ce-efd7023b5fd8,23,1.0,,,,12.56,10.41,10.68,9.67,7.96,9.23
2025-12-17T09:20:50.948738,Recipe_C,5cbad24a-7923-4766-93ce-efd7023b5fd8,23,1.0,,,,8.26,10.57,6.75,9.92,10.7,10.36
2025-12-17T09:20:51.948738,Recipe_C,5cbad24a-7923-4766-93ce-efd7023b5fd8,23,1.0,,,,14.32,11.5,11.2,11.55,9.7,11.62
2025-12-17T09:20:52.948738,Recipe_C,5cbad24a-7923-4766-93ce-efd7023b5fd8,23,1.0,,,,11.27,11.49,7.03,9.51,6.92,9.15
2025-12-17T09:20:53.948738,Recipe_C,5cbad24a-7923-4766-93ce-efd7023b5fd8,23,1.0,,,,10.07,12.27,8.93,12.75,9.95,8.81
2025-12-17T09:20:54.948738,Recipe_C,5cbad24a-7923-4766-93ce-efd7023b5fd8,23,1.0,,,,12.47,10.16,8.87,9.53,12.95,10.98
2025-12-17T09:20:55.948738,Recipe_C,5cbad24a-7923-4766-93ce-efd7023b5fd8,23,1.0,,,,12.37,10.03,13.57,9.75,10.24,10.71
2025-12-17T09:20:56.948738,Recipe_C,5cbad24a-7923-4766-93ce-efd7023b5fd8,23,1.0,,,,12.32,8.77,8.68,15.22,11.13,10.79
2025-12-17T09:20:57.948738,Recipe_C,5cbad24a-7923-4766-93ce-efd7023b5fd8,23,1.0,,,,10.6,8.45,14.03,9.28,12.86,11.39
2025-12-17T09:20:58.948738,Recipe_C,5cbad24a-7923-4766-93ce-efd7023b5fd8,23,1.0,,,,9.15,11.28,9.63,14.11,8.57,10.22
2025-12-17T09:20:59.948738,Recipe_C,5cbad24a-7923-4766-93ce-efd7023b5fd8,23,1.0,,,,8.95,10.92,8.25,13.61,12.6,10.0
2025-12-17T09:21:00.948738,Recipe_C,5cbad24a-7923-4766-93ce-efd7023b5fd8,23,1.0,,,,8.75,14.98,9.03,11.32,8.95,8.39
2025-12-17T09:21:01.948738,Recipe_C,5cbad24a-7923-4766-93ce-efd7023b5fd8,23,1.0,,,,10.26,9.99,8.28,8.77,11.95,12.96
2025-12-17T09:21:02.948738,Recipe_C,5cbad24a-7923-4766-93ce-efd7023b5fd8,23,1.0,,,,7.7,12.41,10.12,12.67,10.64,7.97
2025-12-17T09:21:03.948738,Recipe_C,5cbad24a-7923-4766-93ce-efd7023b5fd8,23,1.0,,,,9.36,14.89,9.69,8.74,9.21,8.81
2025-12-17T09:21:04.948738,Recipe_C,5cbad24a-7923-4766-93ce-efd7023b5fd8,23,1.0,,,,10.42,13.03,10.42,7.53,9.7,10.98
2025-12-17T09:21:05.948738,Recipe_C,5cbad24a-7923-4766-93ce-efd7023b5fd8,23,1.0,,,,10.63,9.91,6.38,10.43,10.09,10.83
2025-12-17T09:21:06.948738,Recipe_C,5cbad24a-7923-4766-93ce-efd7023b5fd8,23,1.0,,,,8.84,11.12,9.56,10.35,13.56,12.36
2025-12-17T09:21:07.948738,Recipe_C,5cbad24a-7923-4766-93ce-efd7023b5fd8,23,1.0,,,,8.54,8.27,7.49,12.18,15.78,7.73
2025-12-17T09:21:08.948738,Recipe_C,5cbad24a-7923-4766-93ce-efd7023b5fd8,23,1.0,,,,8.66,7.0,9.46,7.73,7.03,14.94
2025-12-17T09:21:09.948738,Recipe_C,5cbad24a-7923-4766-93ce-efd7023b5fd8,23,1.0,,,,11.02,7.73,11.38,8.34,10.86,9.45
2025-12-17T09:21:10.948738,Recipe_C,5cbad24a-7923-4766-93ce-efd7023b5fd8,23,1.0,,,,8.48,8.79,7.95,10.42,6.98,8.33
2025-12-17T09:21:11.948738,Recipe_C,5cbad24a-7923-4766-93ce-efd7023b5fd8,23,0.0,,,,0.0,0.0,0.0,0.0,0.0,0.0
2025-12-17T09:21:12.948738,Recipe_C,5cbad24a-7923-4766-93ce-efd7023b5fd8,23,0.0,,,,0.0,0.0,0.0,0.0,0.0,0.0
2025-12-17T09:21:13.948738,Recipe_C,5cbad24a-7923-4766-93ce-efd7023b5fd8,23,0.0,,,,0.0,0.0,0.0,0.0,0.0,0.0
2025-12-17T09:21:14.948738,Recipe_C,5cbad24a-7923-4766-93ce-efd7023b5fd8,23,0.0,,,,0.0,0.0,0.0,0.0,0.0,0.0
2025-12-17T09:21:15.948738,Recipe_C,5cbad24a-7923-4766-93ce-efd7023b5fd8,23,0.0,,,,0.0,0.0,0.0,0.0,0.0,0.0
2025-12-17T09:21:16.948738,Recipe_C,5cbad24a-7923-4766-93ce-efd7023b5fd8,23,0.0,,,,0.0,0.0,0.0,0.0,0.0,0.0
2025-12-17T09:21:17.948738,Recipe_C,5cbad24a-7923-4766-93ce-efd7023b5fd8,23,0.0,,,,0.0,0.0,0.0,0.0,0.0,0.0
2025-12-17T09:21:18.948738,Recipe_C,5cbad24a-7923-4766-93ce-efd7023b5fd8,23,0.0,,,,0.0,0.0,0.0,0.0,0.0,0.0
2025-12-17T09:21:19.948738,Recipe_C,5cbad24a-7923-4766-93ce-efd7023b5fd8,23,0.0,,,,0.0,0.0,0.0,0.0,0.0,0.0
2025-12-17T09:21:20.948738,Recipe_C,5cbad24a-7923-4766-93ce-efd7023b5fd8,23,0.0,,,,0.0,0.0,0.0,0.0,0.0,0.0
2025-12-17T09:21:21.948738,Recipe_C,5cbad24a-7923-4766-93ce-efd7023b5fd8,23,0.0,,,,0.0,0.0,0.0,0.0,0.0,0.0
2025-12-17T09:21:22.948738,Recipe_C,5cbad24a-7923-4766-93ce-efd7023b5fd8,23,5.0,,,,14.17,8.07,8.11,5.16,10.76,10.64
2025-12-17T09:21:23.948738,Recipe_C,5cbad24a-7923-4766-93ce-efd7023b5fd8,23,5.0,,,,6.51,10.92,11.03,8.48,12.58,9.68
2025-12-17T09:21:24.948738,Recipe_C,5cbad24a-7923-4766-93ce-efd7023b5fd8,23,5.0,,,,11.02,10.7,7.07,10.9,11.58,10.65
2025-12-17T09:21:25.948738,Recipe_C,5cbad24a-7923-4766-93ce-efd7023b5fd8,23,5.0,,,,12.95,9.66,7.93,10.78,10.08,9.69
2025-12-17T09:21:26.948738,Recipe_C,5cbad24a-7923-4766-93ce-efd7023b5fd8,23,5.0,,,,12.86,13.65,7.9,5.95,12.12,8.0
2025-12-17T09:21:27.948738,Recipe_C,5cbad24a-7923-4766-93ce-efd7023b5fd8,23,5.0,,,,9.73,9.25,10.8,10.68,9.37,9.92
2025-12-17T09:21:28.948738,Recipe_C,5cbad24a-7923-4766-93ce-efd7023b5fd8,23,5.0,,,,9.05,8.37,11.75,9.69,7.23,7.81
2025-12-17T09:21:29.948738,Recipe_C,5cbad24a-7923-4766-93ce-efd7023b5fd8,23,5.0,,,,10.3,13.3,13.21,9.98,12.21,11.87
2025-12-17T09:21:30.948738,Recipe_C,5cbad24a-7923-4766-93ce-efd7023b5fd8,23,5.0,,,,9.86,6.96,6.69,8.35,9.72,11.78
2025-12-17T09:21:31.948738,Recipe_C,5cbad24a-7923-4766-93ce-efd7023b5fd8,23,5.0,,,,11.92,10.0,6.91,9.09,11.73,7.72
2025-12-17T09:21:32.948738,Recipe_C,5cbad24a-7923-4766-93ce-efd7023b5fd8,23,5.0,,,,11.56,10.12,11.21,8.08,12.54,9.9
2025-12-17T09:21:33.948738,Recipe_C,5cbad24a-7923-4766-93ce-efd7023b5fd8,23,5.0,,,,8.31,10.58,11.89,13.11,12.28,9.16
2025-12-17T09:21:34.948738,Recipe_C,5cbad24a-7923-4766-93ce-efd7023b5fd8,23,5.0,,,,8.32,10.65,10.86,10.13,16.18,9.53
2025-12-17T09:21:35.948738,Recipe_C,5cbad24a-7923-4766-93ce-efd7023b5fd8,23,5.0,,,,11.6,4.95,12.86,9.93,13.14,7.67
2025-12-17T09:21:36.948738,Recipe_C,5cbad24a-7923-4766-93ce-efd7023b5fd8,23,5.0,,,,8.41,8.0,9.64,8.14,13.35,12.08
2025-12-17T09:21:37.948738,Recipe_C,5cbad24a-7923-4766-93ce-efd7023b5fd8,23,5.0,,,,9.66,14.31,8.93,12.1,8.5,9.72
2025-12-17T09:21:38.948738,Recipe_C,5cbad24a-7923-4766-93ce-efd7023b5fd8,23,5.0,,,,10.25,10.33,8.94,7.0,8.91,11.74
2025-12-17T09:21:39.948738,Recipe_C,5cbad24a-7923-4766-93ce-efd7023b5fd8,23,5.0,,,,12.08,8.95,8.65,9.0,9.43,10.67
2025-12-17T09:21:40.948738,Recipe_C,5cbad24a-7923-4766-93ce-efd7023b5fd8,23,5.0,,,,10.77,10.48,10.17,9.33,7.16,12.34
2025-12-17T09:21:41.948738,Recipe_C,5cbad24a-7923-4766-93ce-efd7023b5fd8,23,5.0,,,,11.06,12.06,5.49,7.26,9.4,10.73
2025-12-17T09:21:42.948738,Recipe_C,5cbad24a-7923-4766-93ce-efd7023b5fd8,23,5.0,,,,8.8,11.71,10.21,11.57,6.86,9.58
2025-12-17T09:21:43.948738,Recipe_C,5cbad24a-7923-4766-93ce-efd7023b5fd8,23,5.0,,,,10.68,8.91,9.76,10.72,10.25,10.48
2025-12-17T09:21:44.948738,Recipe_C,5cbad24a-7923-4766-93ce-efd7023b5fd8,23,5.0,,,,10.18,10.14,7.89,9.55,5.05,7.34
2025-12-17T09:21:45.948738,Recipe_C,5cbad24a-7923-4766-93ce-efd7023b5fd8,23,5.0,,,,12.21,11.51,13.37,9.47,11.34,12.8
2025-12-17T09:21:46.948738,Recipe_C,5cbad24a-7923-4766-93ce-efd7023b5fd8,23,5.0,,,,13.02,8.99,10.89,8.09,14.81,10.64
2025-12-17T09:21:47.948738,Recipe_C,5cbad24a-7923-4766-93ce-efd7023b5fd8,23,5.0,,,,10.38,9.91,10.02,9.63,12.18,8.67
2025-12-17T09:21:48.948738,Recipe_C,5cbad24a-7923-4766-93ce-efd7023b5fd8,23,5.0,,,,8.83,7.58,10.16,4.49,9.88,11.32
2025-12-17T09:21:49.948738,Recipe_C,5cbad24a-7923-4766-93ce-efd7023b5fd8,23,5.0,,,,6.96,11.98,7.4,9.04,9.18,8.57
2025-12-17T09:21:50.948738,Recipe_C,5cbad24a-7923-4766-93ce-efd7023b5fd8,23,5.0,,,,8.78,12.01,9.67,10.7,8.43,11.19
2025-12-17T09:21:51.948738,Recipe_C,5cbad24a-7923-4766-93ce-efd7023b5fd8,23,5.0,,,,11.38,8.72,8.09,11.2,8.7,7.98
2025-12-17T09:21:52.948738,Recipe_C,5cbad24a-7923-4766-93ce-efd7023b5fd8,23,5.0,,,,8.45,10.69,9.92,8.52,10.3,11.92
2025-12-17T09:21:53.948738,Recipe_C,5cbad24a-7923-4766-93ce-efd7023b5fd8,23,5.0,,,,10.34,8.37,13.1,8.6,8.78,7.57
2025-12-17T09:21:54.948738,Recipe_C,5cbad24a-7923-4766-93ce-efd7023b5fd8,23,5.0,,,,10.98,7.81,6.84,9.95,9.19,14.11
2025-12-17T09:21:55.948738,Recipe_C,5cbad24a-7923-4766-93ce-efd7023b5fd8,23,5.0,,,,9.3,9.17,12.61,8.58,12.12,10.7
2025-12-17T09:21:56.948738,Recipe_C,5cbad24a-7923-4766-93ce-efd7023b5fd8,23,5.0,,,,10.3,9.7,12.19,13.3,12.27,6.63
2025-12-17T09:21:57.948738,Recipe_C,5cbad24a-7923-4766-93ce-efd7023b5fd8,23,0.0,,,,0.0,0.0,0.0,0.0,0.0,0.0
2025-12-17T09:21:58.948738,Recipe_C,5cbad24a-7923-4766-93ce-efd7023b5fd8,23,0.0,,,,0.0,0.0,0.0,0.0,0.0,0.0
2025-12-17T09:21:59.948738,Recipe_C,5cbad24a-7923-4766-93ce-efd7023b5fd8,23,0.0,,,,0.0,0.0,0.0,0.0,0.0,0.0
2025-12-17T09:22:00.948738,Recipe_C,5cbad24a-7923-4766-93ce-efd7023b5fd8,23,5.0,,,,9.21,11.54,10.31,11.33,11.19,7.79
2025-12-17T09:22:01.948738,Recipe_C,5cbad24a-7923-4766-93ce-efd7023b5fd8,23,5.0,,,,9.69,8.59,8.64,13.8,9.27,11.4
2025-12-17T09:22:02.948738,Recipe_C,5cbad24a-7923-4766-93ce-efd7023b5fd8,23,5.0,,,,8.81,10.32,7.7,11.24,10.93,10.15
2025-12-17T09:22:03.948738,Recipe_C,5cbad24a-7923-4766-93ce-efd7023b5fd8,23,5.0,,,,12.0,11.68,12.71,8.88,10.5,11.04
2025-12-17T09:22:04.948738,Recipe_C,5cbad24a-7923-4766-93ce-efd7023b5fd8,23,5.0,,,,11.14,11.41,9.82,9.59,10.24,12.82
2025-12-17T09:22:05.948738,Recipe_C,5cbad24a-7923-4766-93ce-efd7023b5fd8,23,1.0,,,,9.38,9.13,11.19,7.46,8.09,13.44
2025-12-17T09:22:06.948738,Recipe_C,5cbad24a-7923-4766-93ce-efd7023b5fd8,23,4.0,,,,92.53,48.6,50.4,47.93,43.44,46.7
2025-12-17T09:22:07.948738,Recipe_C,5cbad24a-7923-4766-93ce-efd7023b5fd8,23,4.0,,,,92.08,53.77,49.69,51.1,56.8,49.25
2025-12-17T09:22:08.948738,Recipe_C,5cbad24a-7923-4766-93ce-efd7023b5fd8,23,4.0,,,,100.21,55.56,52.19,57.28,45.39,45.61
2025-12-17T09:22:09.948738,Recipe_C,5cbad24a-7923-4766-93ce-efd7023b5fd8,23,4.0,,,,110.27,53.51,52.7,44.88,49.72,46.23
2025-12-17T09:22:10.948738,Recipe_C,5cbad24a-7923-4766-93ce-efd7023b5fd8,23,4.0,,,,98.98,53.57,52.91,53.36,49.57,45.68
2025-12-17T09:22:11.948738,Recipe_C,5cbad24a-7923-4766-93ce-efd7023b5fd8,23,4.0,,,,92.07,54.37,49.25,51.29,49.6,38.29
2025-12-17T09:22:12.948738,Recipe_C,5cbad24a-7923-4766-93ce-efd7023b5fd8,23,4.0,,,,101.73,44.22,49.44,51.99,45.27,42.87
2025-12-17T09:22:13.948738,Recipe_C,5cbad24a-7923-4766-93ce-efd7023b5fd8,23,4.0,,,,103.09,56.88,47.07,52.87,61.49,51.31
2025-12-17T09:22:14.948738,Recipe_C,5cbad24a-7923-4766-93ce-efd7023b5fd8,23,4.0,,,,109.44,54.21,56.62,49.43,54.26,38.27
2025-12-17T09:22:15.948738,Recipe_C,5cbad24a-7923-4766-93ce-efd7023b5fd8,23,4.0,,,,109.12,47.17,55.28,50.14,52.19,49.0
2025-12-17T09:22:16.948738,Recipe_C,5cbad24a-7923-4766-93ce-efd7023b5fd8,23,4.0,,,,99.08,54.88,54.16,63.0,54.72,53.92
2025-12-17T09:22:17.948738,Recipe_C,5cbad24a-7923-4766-93ce-efd7023b5fd8,23,4.0,,,,92.04,52.91,48.43,49.55,48.68,49.87
2025-12-17T09:22:18.948738,Recipe_C,5cbad24a-7923-4766-93ce-efd7023b5fd8,23,4.0,,,,105.5,42.52,43.68,58.75,44.55,54.92
2025-12-17T09:22:19.948738,Recipe_C,5cbad24a-7923-4766-93ce-efd7023b5fd8,23,4.0,,,,103.95,45.05,51.63,50.41,48.18,47.94
2025-12-17T09:22:20.948738,Recipe_C,5cbad24a-7923-4766-93ce-efd7023b5fd8,23,2.0,,,,10.02,12.68,14.0,9.83,9.63,9.5
2025-12-17T09:22:21.948738,Recipe_C,5cbad24a-7923-4766-93ce-efd7023b5fd8,23,2.0,,,,7.4,5.29,11.22,10.45,12.3,10.52
2025-12-17T09:22:22.948738,Recipe_C,5cbad24a-7923-4766-93ce-efd7023b5fd8,23,2.0,,,,11.22,12.67,10.17,14.03,10.2,8.59
2025-12-17T09:22:23.948738,Recipe_C,5cbad24a-7923-4766-93ce-efd7023b5fd8,23,1.0,,,,10.27,9.76,5.95,10.63,11.6,8.52
2025-12-17T09:22:24.948738,Recipe_C,5cbad24a-7923-4766-93ce-efd7023b5fd8,23,1.0,,,,10.95,11.22,9.8,15.1,13.02,10.91
2025-12-17T09:22:25.948738,Recipe_C,5cbad24a-7923-4766-93ce-efd7023b5fd8,23,1.0,,,,8.73,6.46,11.99,10.49,9.08,11.1
2025-12-17T09:22:26.948738,Recipe_C,5cbad24a-7923-4766-93ce-efd7023b5fd8,23,1.0,,,,7.43,11.07,8.69,6.95,9.23,10.3
2025-12-17T09:22:27.948738,Recipe_C,5cbad24a-7923-4766-93ce-efd7023b5fd8,23,1.0,,,,9.59,7.06,7.03,8.75,10.86,10.35
2025-12-17T09:22:28.948738,Recipe_C,5cbad24a-7923-4766-93ce-efd7023b5fd8,23,1.0,,,,12.19,8.59,8.6,10.51,11.91,6.8
2025-12-17T09:22:29.948738,Recipe_C,5cbad24a-7923-4766-93ce-efd7023b5fd8,23,1.0,,,,9.05,11.15,9.8,12.07,8.29,8.72
2025-12-17T09:22:30.948738,Recipe_C,5cbad24a-7923-4766-93ce-efd7023b5fd8,23,1.0,,,,7.59,9.73,9.59,6.88,11.27,8.95
2025-12-17T09:22:31.948738,Recipe_C,5cbad24a-7923-4766-93ce-efd7023b5fd8,23,1.0,,,,8.91,11.96,11.27,8.14,9.4,10.25
2025-12-17T09:22:32.948738,Recipe_C,5cbad24a-7923-4766-93ce-efd7023b5fd8,23,1.0,,,,10.32,11.42,10.87,12.96,10.89,8.85
2025-12-17T09:22:33.948738,Recipe_C,5cbad24a-7923-4766-93ce-efd7023b5fd8,23,1.0,,,,12.55,8.97,9.65,11.22,7.91,7.56
2025-12-17T09:22:34.948738,Recipe_C,5cbad24a-7923-4766-93ce-efd7023b5fd8,23,1.0,,,,6.32,14.67,6.9,8.03,12.79,8.93
2025-12-17T09:22:35.948738,Recipe_C,5cbad24a-7923-4766-93ce-efd7023b5fd8,23,1.0,,,,10.84,10.45,11.3,5.27,8.63,10.03
2025-12-17T09:22:36.948738,Recipe_C,5cbad24a-7923-4766-93ce-efd7023b5fd8,23,1.0,,,,9.87,8.38,12.9,12.12,9.6,7.65
2025-12-17T09:22:37.948738,Recipe_C,5cbad24a-7923-4766-93ce-efd7023b5fd8,23,1.0,,,,8.8,9.03,10.31,9.26,8.26,12.4
2025-12-17T09:22:38.948738,Recipe_C,5cbad24a-7923-4766-93ce-efd7023b5fd8,23,1.0,,,,6.39,7.45,12.94,10.47,10.38,7.72
2025-12-17T09:22:39.948738,Recipe_C,5cbad24a-7923-4766-93ce-efd7023b5fd8,23,1.0,,,,9.79,9.5,12.4,8.09,7.97,7.67
2025-12-17T09:22:40.948738,Recipe_C,5cbad24a-7923-4766-93ce-efd7023b5fd8,23,1.0,,,,11.86,9.96,11.3,13.5,9.3,12.82
2025-12-17T09:22:41.948738,Recipe_C,5cbad24a-7923-4766-93ce-efd7023b5fd8,23,1.0,,,,11.55,8.31,9.4,8.87,7.3,11.24
2025-12-17T09:22:41.948738,Recipe_C,5cbad24a-7923-4766-93ce-efd7023b5fd8,23,1.0,Warning_6,Simulated Warning occurred,Warning,,,,,,
2025-12-17T09:22:42.948738,Recipe_C,5cbad24a-7923-4766-93ce-efd7023b5fd8,23,1.0,,,,11.39,10.05,7.97,9.2,8.04,11.01
2025-12-17T09:22:43.948738,Recipe_C,5cbad24a-7923-4766-93ce-efd7023b5fd8,23,1.0,,,,10.05,11.64,8.35,8.16,11.56,6.31
2025-12-17T09:22:44.948738,Recipe_C,5cbad24a-7923-4766-93ce-efd7023b5fd8,23,1.0,,,,11.12,10.31,9.05,11.89,8.23,9.5
2025-12-17T09:22:45.948738,Recipe_C,5cbad24a-7923-4766-93ce-efd7023b5fd8,23,1.0,,,,14.01,9.06,10.5,8.68,6.77,8.79
2025-12-17T09:22:46.948738,Recipe_C,5cbad24a-7923-4766-93ce-efd7023b5fd8,23,1.0,,,,7.93,10.54,10.26,9.24,12.11,7.54
2025-12-17T09:22:47.948738,Recipe_C,5cbad24a-7923-4766-93ce-efd7023b5fd8,23,1.0,,,,10.32,7.71,10.14,9.38,7.87,7.89
2025-12-17T09:22:48.948738,Recipe_C,5cbad24a-7923-4766-93ce-efd7023b5fd8,23,2.0,,,,12.19,4.78,13.0,11.79,11.42,10.4
2025-12-17T09:22:49.948738,Recipe_C,5cbad24a-7923-4766-93ce-efd7023b5fd8,23,2.0,,,,9.75,9.31,8.36,9.95,9.88,12.54
2025-12-17T09:22:50.948738,Recipe_C,5cbad24a-7923-4766-93ce-efd7023b5fd8,23,2.0,,,,11.75,10.07,9.1,11.54,8.18,11.32
2025-12-17T09:22:51.948738,Recipe_C,5cbad24a-7923-4766-93ce-efd7023b5fd8,23,2.0,,,,6.0,8.39,7.56,11.71,6.72,8.83
2025-12-17T09:22:52.948738,Recipe_C,5cbad24a-7923-4766-93ce-efd7023b5fd8,23,2.0,,,,10.75,10.97,6.11,8.41,6.56,9.69
2025-12-17T09:22:53.948738,Recipe_C,5cbad24a-7923-4766-93ce-efd7023b5fd8,23,2.0,,,,10.49,8.41,10.42,9.2,7.84,10.41
2025-12-17T09:22:54.948738,Recipe_C,5cbad24a-7923-4766-93ce-efd7023b5fd8,23,2.0,,,,11.14,14.39,10.42,12.02,9.69,7.02
2025-12-17T09:22:55.948738,Recipe_C,5cbad24a-7923-4766-93ce-efd7023b5fd8,23,2.0,,,,11.29,8.49,10.6,8.04,5.16,8.94
2025-12-17T09:22:56.948738,Recipe_C,5cbad24a-7923-4766-93ce-efd7023b5fd8,23,2.0,,,,8.22,6.96,11.46,11.91,7.52,10.47
2025-12-17T09:22:57.948738,Recipe_C,5cbad24a-7923-4766-93ce-efd7023b5fd8,23,2.0,,,,14.63,13.27,11.57,11.29,10.31,11.81
2025-12-17T09:22:58.948738,Recipe_C,5cbad24a-7923-4766-93ce-efd7023b5fd8,23,2.0,,,,11.51,12.35,6.63,10.35,9.28,7.94
2025-12-17T09:22:59.948738,Recipe_C,5cbad24a-7923-4766-93ce-efd7023b5fd8,23,2.0,,,,10.66,9.23,9.84,8.99,10.96,8.67
2025-12-17T09:23:00.948738,Recipe_C,5cbad24a-7923-4766-93ce-efd7023b5fd8,23,2.0,,,,11.25,12.05,10.91,8.49,8.64,8.03
2025-12-17T09:23:01.948738,Recipe_C,5cbad24a-7923-4766-93ce-efd7023b5fd8,23,2.0,,,,13.4,10.8,9.18,8.71,13.81,12.9
2025-12-17T09:23:02.948738,Recipe_C,5cbad24a-7923-4766-93ce-efd7023b5fd8,23,2.0,,,,8.23,12.58,8.34,14.23,10.42,7.15
2025-12-17T09:23:03.948738,Recipe_C,5cbad24a-7923-4766-93ce-efd7023b5fd8,23,2.0,,,,10.3,7.19,9.23,13.89,8.35,12.08
2025-12-17T09:23:04.948738,Recipe_C,5cbad24a-7923-4766-93ce-efd7023b5fd8,23,2.0,,,,7.05,11.06,12.25,10.19,10.45,10.28
2025-12-17T09:23:05.948738,Recipe_C,5cbad24a-7923-4766-93ce-efd7023b5fd8,23,2.0,,,,7.41,13.38,10.47,9.24,10.99,11.21
2025-12-17T09:23:06.948738,Recipe_C,5cbad24a-7923-4766-93ce-efd7023b5fd8,23,2.0,,,,9.71,10.29,9.79,8.91,10.49,8.18
2025-12-17T09:23:07.948738,Recipe_C,5cbad24a-7923-4766-93ce-efd7023b5fd8,23,2.0,,,,7.91,9.15,8.79,10.07,7.89,9.46
2025-12-17T09:23:08.948738,Recipe_C,5cbad24a-7923-4766-93ce-efd7023b5fd8,23,2.0,,,,5.01,10.72,4.95,13.14,5.98,9.51
2025-12-17T09:23:09.948738,Recipe_C,5cbad24a-7923-4766-93ce-efd7023b5fd8,23,2.0,,,,9.24,9.91,11.36,8.54,10.59,9.29
2025-12-17T09:23:10.948738,Recipe_C,5cbad24a-7923-4766-93ce-efd7023b5fd8,23,2.0,,,,11.07,11.9,9.1,10.31,9.24,6.9
2025-12-17T09:23:11.948738,Recipe_C,5cbad24a-7923-4766-93ce-efd7023b5fd8,23,2.0,,,,11.42,7.73,9.19,11.45,10.11,11.85
2025-12-17T09:23:12.948738,Recipe_C,5cbad24a-7923-4766-93ce-efd7023b5fd8,23,2.0,,,,11.13,7.95,12.31,8.25,11.53,8.67
2025-12-17T09:23:13.948738,Recipe_C,5cbad24a-7923-4766-93ce-efd7023b5fd8,23,2.0,,,,11.83,10.59,8.97,6.67,6.64,11.04
2025-12-17T09:23:14.948738,Recipe_C,5cbad24a-7923-4766-93ce-efd7023b5fd8,23,2.0,,,,5.3,7.63,6.44,8.51,12.35,10.36
2025-12-17T09:23:15.948738,Recipe_C,5cbad24a-7923-4766-93ce-efd7023b5fd8,23,2.0,,,,6.64,10.67,8.34,10.38,10.18,10.88
2025-12-17T09:23:16.948738,Recipe_C,5cbad24a-7923-4766-93ce-efd7023b5fd8,23,2.0,,,,9.52,10.56,11.01,7.94,8.32,10.57
2025-12-17T09:23:17.948738,Recipe_C,5cbad24a-7923-4766-93ce-efd7023b5fd8,23,2.0,,,,9.54,10.38,10.39,12.33,7.88,12.6
2025-12-17T09:23:18.948738,Recipe_C,5cbad24a-7923-4766-93ce-efd7023b5fd8,23,2.0,,,,9.92,10.58,8.92,11.27,7.23,8.29
2025-12-17T09:23:19.948738,Recipe_C,5cbad24a-7923-4766-93ce-efd7023b5fd8,23,0.0,,,,0.0,0.0,0.0,0.0,0.0,0.0
2025-12-17T09:23:20.948738,Recipe_C,5cbad24a-7923-4766-93ce-efd7023b5fd8,23,0.0,,,,0.0,0.0,0.0,0.0,0.0,0.0
2025-12-17T09:23:21.948738,Recipe_C,5cbad24a-7923-4766-93ce-efd7023b5fd8,23,0.0,,,,0.0,0.0,0.0,0.0,0.0,0.0
2025-12-17T09:23:22.948738,Recipe_C,5cbad24a-7923-4766-93ce-efd7023b5fd8,23,2.0,,,,12.44,11.09,11.89,6.53,12.7,10.42
2025-12-17T09:23:23.948738,Recipe_C,5cbad24a-7923-4766-93ce-efd7023b5fd8,23,2.0,,,,8.77,6.93,9.11,5.09,9.32,9.14
2025-12-17T09:23:24.948738,Recipe_C,5cbad24a-7923-4766-93ce-efd7023b5fd8,23,2.0,,,,6.47,11.46,11.26,11.0,10.3,9.35
2025-12-17T09:23:25.948738,Recipe_C,5cbad24a-7923-4766-93ce-efd7023b5fd8,23,2.0,,,,10.17,10.15,9.19,13.04,7.93,9.77
2025-12-17T09:23:26.948738,Recipe_C,5cbad24a-7923-4766-93ce-efd7023b5fd8,23,2.0,,,,12.29,10.99,13.08,11.16,10.06,9.75
2025-12-17T09:23:27.948738,Recipe_C,5cbad24a-7923-4766-93ce-efd7023b5fd8,23,2.0,,,,13.53,8.89,9.28,9.73,10.95,9.56
2025-12-17T09:23:28.948738,Recipe_C,5cbad24a-7923-4766-93ce-efd7023b5fd8,23,2.0,,,,12.9,7.93,10.68,12.62,10.02,9.48
2025-12-17T09:23:29.948738,Recipe_C,5cbad24a-7923-4766-93ce-efd7023b5fd8,23,2.0,,,,10.7,9.93,9.4,8.4,6.26,6.32
2025-12-17T09:23:30.948738,Recipe_C,5cbad24a-7923-4766-93ce-efd7023b5fd8,23,2.0,,,,9.41,10.77,9.4,9.31,10.36,5.82
2025-12-17T09:23:31.948738,Recipe_C,5cbad24a-7923-4766-93ce-efd7023b5fd8,23,2.0,,,,10.2,7.39,6.89,9.1,12.29,11.02
2025-12-17T09:23:32.948738,Recipe_C,5cbad24a-7923-4766-93ce-efd7023b5fd8,23,2.0,,,,12.81,10.18,10.35,12.12,10.26,9.43
2025-12-17T09:23:33.948738,Recipe_C,5cbad24a-7923-4766-93ce-efd7023b5fd8,23,2.0,,,,12.51,4.7,9.19,11.15,10.48,12.21
2025-12-17T09:23:34.948738,Recipe_C,5cbad24a-7923-4766-93ce-efd7023b5fd8,23,2.0,,,,11.94,8.15,9.97,11.96,8.79,5.6
2025-12-17T09:23:35.948738,Recipe_C,5cbad24a-7923-4766-93ce-efd7023b5fd8,23,2.0,,,,7.23,7.95,8.73,10.54,10.53,14.45
2025-12-17T09:23:36.948738,Recipe_C,5cbad24a-7923-4766-93ce-efd7023b5fd8,23,2.0,,,,12.68,8.7,10.66,12.51,10.15,10.96
2025-12-17T09:23:37.948738,Recipe_C,5cbad24a-7923-4766-93ce-efd7023b5fd8,23,2.0,,,,10.51,11.86,9.24,10.57,9.89,4.63
2025-12-17T09:23:38.948738,Recipe_C,5cbad24a-7923-4766-93ce-efd7023b5fd8,23,2.0,,,,8.74,13.39,9.09,12.0,5.53,13.37
2025-12-17T09:23:39.948738,Recipe_C,5cbad24a-7923-4766-93ce-efd7023b5fd8,23,2.0,,,,12.69,10.04,7.75,9.61,7.52,5.6
2025-12-17T09:23:40.948738,Recipe_C,5cbad24a-7923-4766-93ce-efd7023b5fd8,23,2.0,,,,13.11,8.08,7.95,8.16,13.55,11.67
2025-12-17T09:23:41.948738,Recipe_C,5cbad24a-7923-4766-93ce-efd7023b5fd8,23,2.0,,,,9.99,11.29,12.26,7.73,10.86,8.32
2025-12-17T09:23:42.948738,Recipe_C,5cbad24a-7923-4766-93ce-efd7023b5fd8,23,2.0,,,,10.31,9.32,10.81,8.27,5.45,10.43
2025-12-17T09:23:43.948738,Recipe_C,5cbad24a-7923-4766-93ce-efd7023b5fd8,23,2.0,,,,9.77,9.09,10.24,9.64,9.1,10.46
2025-12-17T09:23:44.948738,Recipe_C,5cbad24a-7923-4766-93ce-efd7023b5fd8,23,2.0,,,,10.24,9.79,7.32,10.3,7.98,6.3
2025-12-17T09:23:45.948738,Recipe_C,5cbad24a-7923-4766-93ce-efd7023b5fd8,23,2.0,,,,11.9,10.13,12.63,4.57,9.57,10.11
2025-12-17T09:23:46.948738,Recipe_C,5cbad24a-7923-4766-93ce-efd7023b5fd8,23,2.0,,,,5.59,7.7,9.35,14.62,10.31,10.7
2025-12-17T09:23:47.948738,Recipe_C,5cbad24a-7923-4766-93ce-efd7023b5fd8,23,2.0,,,,9.3,10.86,8.64,6.71,14.04,11.21
2025-12-17T09:23:48.948738,Recipe_C,5cbad24a-7923-4766-93ce-efd7023b5fd8,23,2.0,,,,8.41,13.18,10.99,8.9,12.72,9.93
2025-12-17T09:23:49.948738,Recipe_C,5cbad24a-7923-4766-93ce-efd7023b5fd8,23,2.0,,,,10.63,10.87,11.19,9.27,8.9,10.78
2025-12-17T09:23:50.948738,Recipe_C,5cbad24a-7923-4766-93ce-efd7023b5fd8,23,2.0,,,,9.93,12.53,7.83,6.72,10.33,9.81
2025-12-17T09:23:51.948738,Recipe_C,5cbad24a-7923-4766-93ce-efd7023b5fd8,23,2.0,,,,13.36,8.52,8.83,7.09,9.97,11.22
2025-12-17T09:23:52.948738,Recipe_C,5cbad24a-7923-4766-93ce-efd7023b5fd8,23,0.0,,,,0.0,0.0,0.0,0.0,0.0,0.0
2025-12-17T09:23:53.948738,Recipe_C,5cbad24a-7923-4766-93ce-efd7023b5fd8,23,0.0,,,,0.0,0.0,0.0,0.0,0.0,0.0
2025-12-17T09:23:54.948738,Recipe_C,5cbad24a-7923-4766-93ce-efd7023b5fd8,23,3.0,,,,9.85,9.85,9.26,6.22,9.53,13.85
2025-12-17T09:23:55.948738,Recipe_C,5cbad24a-7923-4766-93ce-efd7023b5fd8,23,3.0,,,,9.47,8.31,11.24,9.31,12.03,12.48
2025-12-17T09:23:56.948738,Recipe_C,5cbad24a-7923-4766-93ce-efd7023b5fd8,23,3.0,,,,8.57,7.43,9.63,7.54,11.14,7.05
2025-12-17T09:23:57.948738,Recipe_C,5cbad24a-7923-4766-93ce-efd7023b5fd8,23,3.0,,,,11.14,6.49,12.08,11.78,10.44,12.53
2025-12-17T09:23:58.948738,Recipe_C,5cbad24a-7923-4766-93ce-efd7023b5fd8,23,3.0,,,,9.45,8.24,11.75,8.84,11.05,14.33
2025-12-17T09:23:59.948738,Recipe_C,5cbad24a-7923-4766-93ce-efd7023b5fd8,23,3.0,,,,7.17,9.32,13.71,5.6,10.78,8.42
2025-12-17T09:24:00.948738,Recipe_C,5cbad24a-7923-4766-93ce-efd7023b5fd8,23,3.0,,,,10.55,13.79,11.98,10.15,11.08,8.77
2025-12-17T09:24:01.948738,Recipe_C,5cbad24a-7923-4766-93ce-efd7023b5fd8,23,3.0,,,,10.98,7.16,9.93,11.35,9.59,8.8
2025-12-17T09:24:02.948738,Recipe_C,5cbad24a-7923-4766-93ce-efd7023b5fd8,23,3.0,,,,13.3,13.17,10.68,8.74,8.49,5.16
2025-12-17T09:24:03.948738,Recipe_C,5cbad24a-7923-4766-93ce-efd7023b5fd8,23,3.0,,,,9.3,10.65,8.66,12.92,10.41,9.72
2025-12-17T09:24:04.948738,Recipe_C,5cbad24a-7923-4766-93ce-efd7023b5fd8,23,3.0,,,,11.55,12.63,10.47,8.98,12.04,9.47
2025-12-17T09:24:05.948738,Recipe_C,5cbad24a-7923-4766-93ce-efd7023b5fd8,23,3.0,,,,9.84,6.38,9.87,8.5,9.43,10.08
2025-12-17T09:24:06.948738,Recipe_C,5cbad24a-7923-4766-93ce-efd7023b5fd8,23,3.0,,,,8.95,9.09,9.54,7.7,12.93,11.37
2025-12-17T09:24:07.948738,Recipe_C,5cbad24a-7923-4766-93ce-efd7023b5fd8,23,3.0,,,,8.03,10.35,9.78,8.91,9.6,9.28
2025-12-17T09:24:08.948738,Recipe_C,5cbad24a-7923-4766-93ce-efd7023b5fd8,23,3.0,,,,6.05,6.64,10.09,9.96,10.71,7.67
2025-12-17T09:24:09.948738,Recipe_C,5cbad24a-7923-4766-93ce-efd7023b5fd8,23,3.0,,,,9.68,10.08,8.93,7.88,10.64,10.25
2025-12-17T09:24:10.948738,Recipe_C,5cbad24a-7923-4766-93ce-efd7023b5fd8,23,3.0,,,,9.29,7.41,9.7,13.16,10.79,8.82
2025-12-17T09:24:11.948738,Recipe_C,5cbad24a-7923-4766-93ce-efd7023b5fd8,23,4.0,,,,100.9,49.07,46.01,50.24,46.37,50.25
2025-12-17T09:24:12.948738,Recipe_C,5cbad24a-7923-4766-93ce-efd7023b5fd8,23,4.0,,,,99.48,49.54,54.89,44.75,53.37,50.53
2025-12-17T09:24:13.948738,Recipe_C,5cbad24a-7923-4766-93ce-efd7023b5fd8,23,4.0,,,,99.49,50.58,45.52,47.57,45.53,42.45
2025-12-17T09:24:14.948738,Recipe_C,5cbad24a-7923-4766-93ce-efd7023b5fd8,23,4.0,,,,91.87,49.37,51.19,47.85,50.86,54.69
2025-12-17T09:24:15.948738,Recipe_C,5cbad24a-7923-4766-93ce-efd7023b5fd8,23,4.0,,,,105.27,43.08,45.18,53.08,53.66,47.26
2025-12-17T09:24:16.948738,Recipe_C,5cbad24a-7923-4766-93ce-efd7023b5fd8,23,4.0,,,,101.15,58.14,48.01,48.61,48.44,47.01
2025-12-17T09:24:17.948738,Recipe_C,5cbad24a-7923-4766-93ce-efd7023b5fd8,23,4.0,,,,107.23,52.0,50.83,46.78,59.77,63.0
2025-12-17T09:24:18.948738,Recipe_C,5cbad24a-7923-4766-93ce-efd7023b5fd8,23,4.0,,,,104.08,46.77,52.09,51.76,45.98,52.79
2025-12-17T09:24:18.948738,Recipe_C,5cbad24a-7923-4766-93ce-efd7023b5fd8,23,4.0,Error_4,Simulated Error occurred,Error,,,,,,
2025-12-17T09:24:19.948738,Recipe_C,5cbad24a-7923-4766-93ce-efd7023b5fd8,23,4.0,,,,95.62,41.97,50.93,57.56,50.51,42.54
2025-12-17T09:24:20.948738,Recipe_C,5cbad24a-7923-4766-93ce-efd7023b5fd8,23,4.0,,,,96.48,60.18,53.6,48.62,52.06,53.27
2025-12-17T09:24:21.948738,Recipe_C,5cbad24a-7923-4766-93ce-efd7023b5fd8,23,4.0,,,,103.41,53.78,53.39,52.06,39.67,51.0
2025-12-17T09:24:22.948738,Recipe_C,5cbad24a-7923-4766-93ce-efd7023b5fd8,23,4.0,,,,105.32,44.04,52.69,46.87,49.67,49.0
2025-12-17T09:24:23.948738,Recipe_C,5cbad24a-7923-4766-93ce-efd7023b5fd8,23,4.0,,,,101.72,47.27,40.55,52.91,55.48,49.13
2025-12-17T09:24:24.948738,Recipe_C,5cbad24a-7923-4766-93ce-efd7023b5fd8,23,5.0,,,,12.62,11.58,9.6,9.37,10.88,7.55
2025-12-17T09:24:25.948738,Recipe_C,5cbad24a-7923-4766-93ce-efd7023b5fd8,23,5.0,,,,9.32,8.57,7.39,10.52,8.4,11.2
2025-12-17T09:24:26.948738,Recipe_C,5cbad24a-7923-4766-93ce-efd7023b5fd8,23,5.0,,,,8.96,12.07,5.25,8.67,11.85,12.51
2025-12-17T09:24:27.948738,Recipe_C,5cbad24a-7923-4766-93ce-efd7023b5fd8,23,5.0,,,,11.96,7.0,6.2,11.94,7.97,13.76
2025-12-17T09:24:28.948738,Recipe_C,5cbad24a-7923-4766-93ce-efd7023b5fd8,23,5.0,,,,11.22,11.9,10.44,10.82,5.17,10.5
2025-12-17T09:24:29.948738,Recipe_C,5cbad24a-7923-4766-93ce-efd7023b5fd8,23,5.0,,,,9.35,12.36,13.0,11.1,11.34,13.65
2025-12-17T09:24:30.948738,Recipe_C,5cbad24a-7923-4766-93ce-efd7023b5fd8,23,5.0,,,,9.77,11.69,7.81,9.42,9.9,9.55
2025-12-17T09:24:31.948738,Recipe_C,5cbad24a-7923-4766-93ce-efd7023b5fd8,23,5.0,,,,7.36,11.81,11.72,13.32,12.12,12.41
2025-12-17T09:24:32.948738,Recipe_C,5cbad24a-7923-4766-93ce-efd7023b5fd8,23,5.0,,,,13.16,6.12,11.27,8.57,13.64,8.86
2025-12-17T09:24:33.948738,Recipe_C,5cbad24a-7923-4766-93ce-efd7023b5fd8,23,5.0,,,,8.78,12.38,11.5,10.89,11.1,11.55
2025-12-17T09:24:34.948738,Recipe_C,5cbad24a-7923-4766-93ce-efd7023b5fd8,23,5.0,,,,10.57,7.22,13.02,9.9,16.3,8.52
2025-12-17T09:24:35.948738,Recipe_C,5cbad24a-7923-4766-93ce-efd7023b5fd8,23,5.0,,,,11.36,9.14,14.15,10.33,10.39,9.99
2025-12-17T09:24:36.948738,Recipe_C,5cbad24a-7923-4766-93ce-efd7023b5fd8,23,5.0,,,,11.5,10.35,11.1,10.75,13.58,12.31
2025-12-17T09:24:37.948738,Recipe_C,5cbad24a-7923-4766-93ce-efd7023b5fd8,23,3.0,,,,9.09,11.46,9.35,11.32,9.14,9.61
2025-12-17T09:24:38.948738,Recipe_C,5cbad24a-7923-4766-93ce-efd7023b5fd8,23,3.0,,,,8.43,9.82,11.66,13.06,12.61,10.68
2025-12-17T09:24:39.948738,Recipe_C,5cbad24a-7923-4766-93ce-efd7023b5fd8,23,3.0,,,,11.01,7.96,10.41,11.21,11.77,7.78
2025-12-17T09:24:40.948738,Recipe_C,5cbad24a-7923-4766-93ce-efd7023b5fd8,23,3.0,,,,9.7,11.92,7.84,9.93,7.39,10.71
2025-12-17T09:24:41.948738,Recipe_C,5cbad24a-7923-4766-93ce-efd7023b5fd8,23,3.0,,,,11.8,9.62,13.4,11.86,8.93,9.34
2025-12-17T09:24:42.948738,Recipe_C,5cbad24a-7923-4766-93ce-efd7023b5fd8,23,3.0,,,,10.16,11.95,10.78,7.05,9.63,8.68
2025-12-17T09:24:43.948738,Recipe_C,5cbad24a-7923-4766-93ce-efd7023b5fd8,23,3.0,,,,7.8,10.7,10.98,9.27,9.51,10.25
2025-12-17T09:24:44.948738,Recipe_C,5cbad24a-7923-4766-93ce-efd7023b5fd8,23,3.0,,,,8.82,12.81,9.43,9.93,12.13,8.4
2025-12-17T09:24:45.948738,Recipe_C,5cbad24a-7923-4766-93ce-efd7023b5fd8,23,3.0,,,,9.74,10.27,13.85,10.49,11.38,11.19
2025-12-17T09:24:46.948738,Recipe_C,5cbad24a-7923-4766-93ce-efd7023b5fd8,23,3.0,,,,10.91,9.42,7.82,10.21,10.42,6.14
2025-12-17T09:24:47.948738,Recipe_C,5cbad24a-7923-4766-93ce-efd7023b5fd8,23,3.0,,,,11.25,9.44,11.14,10.06,12.23,13.37
2025-12-17T09:24:48.948738,Recipe_C,5cbad24a-7923-4766-93ce-efd7023b5fd8,23,3.0,,,,10.38,7.46,9.3,7.76,6.59,8.4
2025-12-17T09:24:49.948738,Recipe_C,5cbad24a-7923-4766-93ce-efd7023b5fd8,23,2.0,,,,11.68,8.67,7.59,3.65,12.44,9.39
2025-12-17T09:24:50.948738,Recipe_C,5cbad24a-7923-4766-93ce-efd7023b5fd8,23,2.0,,,,9.4,9.8,11.2,9.91,8.72,11.1
2025-12-17T09:24:51.948738,Recipe_C,5cbad24a-7923-4766-93ce-efd7023b5fd8,23,2.0,,,,9.24,12.41,9.76,6.96,8.98,9.79
2025-12-17T09:24:52.948738,Recipe_C,5cbad24a-7923-4766-93ce-efd7023b5fd8,23,2.0,,,,8.11,7.32,13.54,6.95,12.05,10.84
2025-12-17T09:24:53.948738,Recipe_C,5cbad24a-7923-4766-93ce-efd7023b5fd8,23,2.0,,,,11.59,11.74,10.16,10.68,7.05,7.51
2025-12-17T09:24:54.948738,Recipe_C,5cbad24a-7923-4766-93ce-efd7023b5fd8,23,2.0,,,,13.83,11.92,8.65,7.96,8.11,9.13
2025-12-17T09:24:55.948738,Recipe_C,5cbad24a-7923-4766-93ce-efd7023b5fd8,23,2.0,,,,13.84,11.71,9.7,10.57,11.13,9.63
2025-12-17T09:24:56.948738,Recipe_C,5cbad24a-7923-4766-93ce-efd7023b5fd8,23,2.0,,,,6.3,11.05,7.55,10.11,10.72,9.04
2025-12-17T09:24:57.948738,Recipe_C,5cbad24a-7923-4766-93ce-efd7023b5fd8,23,2.0,,,,8.84,9.73,8.83,9.99,9.77,12.66
2025-12-17T09:24:58.948738,Recipe_C,5cbad24a-7923-4766-93ce-efd7023b5fd8,23,2.0,,,,9.95,9.78,7.97,10.65,9.98,11.41
2025-12-17T09:24:59.948738,Recipe_C,5cbad24a-7923-4766-93ce-efd7023b5fd8,23,2.0,,,,10.67,10.87,10.69,8.72,7.25,8.29
2025-12-17T09:25:00.948738,Recipe_C,5cbad24a-7923-4766-93ce-efd7023b5fd8,23,3.0,,,,7.3,9.19,11.95,10.86,9.15,9.57
2025-12-17T09:25:01.948738,Recipe_C,5cbad24a-7923-4766-93ce-efd7023b5fd8,23,3.0,,,,10.83,14.3,11.29,9.57,7.74,10.23
2025-12-17T09:25:02.948738,Recipe_C,5cbad24a-7923-4766-93ce-efd7023b5fd8,23,3.0,,,,10.31,11.26,10.48,12.17,9.34,5.24
2025-12-17T09:25:03.948738,Recipe_C,5cbad24a-7923-4766-93ce-efd7023b5fd8,23,3.0,,,,13.46,9.97,6.92,8.82,9.39,9.89
2025-12-17T09:25:04.948738,Recipe_C,5cbad24a-7923-4766-93ce-efd7023b5fd8,23,3.0,,,,9.15,11.05,11.8,8.62,6.66,7.41
2025-12-17T09:25:05.948738,Recipe_C,5cbad24a-7923-4766-93ce-efd7023b5fd8,23,3.0,,,,11.7,10.15,7.29,12.48,8.13,11.61
2025-12-17T09:25:06.948738,Recipe_C,5cbad24a-7923-4766-93ce-efd7023b5fd8,23,3.0,,,,9.23,11.36,10.84,10.62,8.85,6.6
2025-12-17T09:25:07.948738,Recipe_C,5cbad24a-7923-4766-93ce-efd7023b5fd8,23,3.0,,,,10.88,7.16,7.41,8.77,12.04,9.54
2025-12-17T09:25:08.948738,Recipe_C,5cbad24a-7923-4766-93ce-efd7023b5fd8,23,3.0,,,,8.59,10.05,9.49,9.69,5.71,8.27
2025-12-17T09:25:09.948738,Recipe_C,5cbad24a-7923-4766-93ce-efd7023b5fd8,23,3.0,,,,10.83,10.64,7.33,11.09,12.11,11.27
2025-12-17T09:25:10.948738,Recipe_C,5cbad24a-7923-4766-93ce-efd7023b5fd8,23,3.0,,,,8.78,6.83,8.16,10.25,11.24,8.09
2025-12-17T09:25:11.948738,Recipe_C,5cbad24a-7923-4766-93ce-efd7023b5fd8,23,3.0,,,,11.18,10.89,12.29,8.05,12.43,10.18
2025-12-17T09:25:12.948738,Recipe_C,5cbad24a-7923-4766-93ce-efd7023b5fd8,23,3.0,,,,8.51,12.09,10.62,12.87,10.39,9.46
2025-12-17T09:25:13.948738,Recipe_C,5cbad24a-7923-4766-93ce-efd7023b5fd8,23,3.0,,,,10.79,11.74,11.85,8.21,11.09,8.08
2025-12-17T09:25:14.948738,Recipe_C,5cbad24a-7923-4766-93ce-efd7023b5fd8,23,3.0,,,,9.12,9.79,13.51,10.6,11.83,12.56
2025-12-17T09:25:15.948738,Recipe_C,5cbad24a-7923-4766-93ce-efd7023b5fd8,23,3.0,,,,9.09,7.02,9.04,11.78,10.31,11.94
2025-12-17T09:25:16.948738,Recipe_C,5cbad24a-7923-4766-93ce-efd7023b5fd8,23,1.0,,,,11.19,7.64,12.07,9.3,3.7,11.21
2025-12-17T09:25:17.948738,Recipe_C,5cbad24a-7923-4766-93ce-efd7023b5fd8,23,1.0,,,,9.35,10.17,5.99,8.15,11.44,12.06
2025-12-17T09:25:18.948738,Recipe_C,5cbad24a-7923-4766-93ce-efd7023b5fd8,23,1.0,,,,7.74,9.02,13.1,7.25,10.61,7.96
2025-12-17T09:25:19.948738,Recipe_C,5cbad24a-7923-4766-93ce-efd7023b5fd8,23,1.0,,,,13.09,8.74,14.75,11.53,6.75,11.19
2025-12-17T09:25:20.948738,Recipe_C,5cbad24a-7923-4766-93ce-efd7023b5fd8,23,1.0,,,,10.26,10.41,12.41,10.51,14.02,10.39
2025-12-17T09:25:21.948738,Recipe_C,5cbad24a-7923-4766-93ce-efd7023b5fd8,23,1.0,,,,8.7,12.37,9.0,11.25,10.49,10.25
2025-12-17T09:25:22.948738,Recipe_C,5cbad24a-7923-4766-93ce-efd7023b5fd8,23,1.0,,,,9.36,8.22,9.99,7.95,11.39,9.56
2025-12-17T09:25:23.948738,Recipe_C,5cbad24a-7923-4766-93ce-efd7023b5fd8,23,1.0,,,,6.02,9.0,6.87,11.02,10.82,14.42
2025-12-17T09:25:24.948738,Recipe_C,5cbad24a-7923-4766-93ce-efd7023b5fd8,23,1.0,,,,10.03,4.92,10.66,9.26,11.18,8.64
2025-12-17T09:25:25.948738,Recipe_C,5cbad24a-7923-4766-93ce-efd7023b5fd8,23,1.0,,,,10.8,12.65,12.2,11.01,8.45,10.46
2025-12-17T09:25:26.948738,Recipe_C,5cbad24a-7923-4766-93ce-efd7023b5fd8,23,1.0,,,,14.31,7.32,8.3,9.35,5.35,11.8
2025-12-17T09:25:27.948738,Recipe_C,5cbad24a-7923-4766-93ce-efd7023b5fd8,23,1.0,,,,9.56,12.29,9.42,9.6,8.55,10.48
2025-12-17T09:25:28.948738,Recipe_C,5cbad24a-7923-4766-93ce-efd7023b5fd8,23,1.0,,,,11.16,9.14,11.55,10.5,9.83,12.59
2025-12-17T09:25:29.948738,Recipe_C,5cbad24a-7923-4766-93ce-efd7023b5fd8,23,1.0,,,,12.05,9.1,13.2,10.26,8.18,12.78
2025-12-17T09:25:30.948738,Recipe_C,5cbad24a-7923-4766-93ce-efd7023b5fd8,23,1.0,,,,9.76,10.13,11.18,8.78,10.29,12.44
2025-12-17T09:25:31.948738,Recipe_C,5cbad24a-7923-4766-93ce-efd7023b5fd8,23,1.0,,,,9.49,9.41,9.84,13.53,12.52,12.51
2025-12-17T09:25:32.948738,Recipe_C,5cbad24a-7923-4766-93ce-efd7023b5fd8,23,1.0,,,,13.0,13.51,9.33,10.96,6.7,8.55
2025-12-17T09:25:33.948738,Recipe_C,5cbad24a-7923-4766-93ce-efd7023b5fd8,23,1.0,,,,6.41,7.01,7.28,11.96,6.48,8.07
2025-12-17T09:25:34.948738,Recipe_C,5cbad24a-7923-4766-93ce-efd7023b5fd8,23,1.0,,,,9.94,11.88,12.78,12.77,11.32,10.12
2025-12-17T09:25:35.948738,Recipe_C,5cbad24a-7923-4766-93ce-efd7023b5fd8,23,1.0,,,,7.58,5.81,8.43,7.96,10.7,10.7
2025-12-17T09:25:36.948738,Recipe_C,5cbad24a-7923-4766-93ce-efd7023b5fd8,23,1.0,,,,11.62,12.91,8.2,11.03,10.25,9.22
2025-12-17T09:25:37.948738,Recipe_C,5cbad24a-7923-4766-93ce-efd7023b5fd8,23,1.0,,,,12.49,8.86,7.87,10.98,8.81,11.08
2025-12-17T09:25:38.948738,Recipe_C,5cbad24a-7923-4766-93ce-efd7023b5fd8,23,1.0,,,,12.13,12.22,6.89,11.99,7.14,11.42
2025-12-17T09:25:39.948738,Recipe_C,5cbad24a-7923-4766-93ce-efd7023b5fd8,23,1.0,,,,7.06,10.88,10.58,10.49,13.18,7.21
2025-12-17T09:25:40.948738,Recipe_C,5cbad24a-7923-4766-93ce-efd7023b5fd8,23,1.0,,,,12.47,11.18,10.68,10.11,9.85,10.68
2025-12-17T09:25:41.948738,Recipe_C,5cbad24a-7923-4766-93ce-efd7023b5fd8,23,1.0,,,,9.62,10.32,10.99,10.51,8.04,6.93
2025-12-17T09:25:42.948738,Recipe_C,5cbad24a-7923-4766-93ce-efd7023b5fd8,23,1.0,,,,9.47,10.56,9.73,8.99,11.43,7.93
2025-12-17T09:25:43.948738,Recipe_C,5cbad24a-7923-4766-93ce-efd7023b5fd8,23,1.0,,,,6.23,8.63,10.76,10.77,9.45,5.09
2025-12-17T09:25:44.948738,Recipe_C,5cbad24a-7923-4766-93ce-efd7023b5fd8,23,1.0,,,,12.79,11.04,13.07,13.48,12.02,7.58
2025-12-17T09:25:45.948738,Recipe_C,5cbad24a-7923-4766-93ce-efd7023b5fd8,23,1.0,,,,8.73,11.39,7.87,11.26,12.73,9.4
2025-12-17T09:25:46.948738,Recipe_C,5cbad24a-7923-4766-93ce-efd7023b5fd8,23,1.0,,,,12.93,10.43,9.9,8.41,8.27,9.13
2025-12-17T09:25:47.948738,Recipe_C,5cbad24a-7923-4766-93ce-efd7023b5fd8,23,1.0,,,,12.64,7.31,11.06,7.55,6.16,8.68
2025-12-17T09:25:48.948738,Recipe_C,5cbad24a-7923-4766-93ce-efd7023b5fd8,23,1.0,,,,3.31,10.36,8.66,11.34,10.65,8.03
2025-12-17T09:25:49.948738,Recipe_C,5cbad24a-7923-4766-93ce-efd7023b5fd8,23,1.0,,,,10.07,8.92,10.28,9.21,13.11,9.53
2025-12-17T09:25:50.948738,Recipe_C,5cbad24a-7923-4766-93ce-efd7023b5fd8,23,1.0,,,,9.63,7.52,12.6,7.44,9.88,9.38
2025-12-17T09:25:51.948738,Recipe_C,5cbad24a-7923-4766-93ce-efd7023b5fd8,23,1.0,,,,7.6,9.23,10.0,7.94,12.74,10.31
2025-12-17T09:25:52.948738,Recipe_C,5cbad24a-7923-4766-93ce-efd7023b5fd8,23,1.0,,,,11.96,10.68,12.03,10.24,7.44,13.91
2025-12-17T09:25:53.948738,Recipe_C,5cbad24a-7923-4766-93ce-efd7023b5fd8,23,1.0,,,,6.69,7.58,10.35,9.82,8.92,8.48
2025-12-17T09:25:54.948738,Recipe_C,5cbad24a-7923-4766-93ce-efd7023b5fd8,23,1.0,,,,8.68,7.26,10.89,7.84,10.87,8.1
2025-12-17T09:25:55.948738,Recipe_C,5cbad24a-7923-4766-93ce-efd7023b5fd8,23,1.0,,,,12.41,11.47,8.83,12.74,11.75,11.36
2025-12-17T09:25:56.948738,Recipe_C,5cbad24a-7923-4766-93ce-efd7023b5fd8,23,1.0,,,,9.79,9.82,10.7,8.39,10.25,10.62
2025-12-17T09:25:57.948738,Recipe_C,5cbad24a-7923-4766-93ce-efd7023b5fd8,23,1.0,,,,8.72,8.45,10.88,11.95,12.7,8.73
2025-12-17T09:25:58.948738,Recipe_C,5cbad24a-7923-4766-93ce-efd7023b5fd8,23,1.0,,,,8.97,9.4,9.51,9.72,9.84,9.32
2025-12-17T09:25:59.948738,Recipe_C,5cbad24a-7923-4766-93ce-efd7023b5fd8,23,1.0,,,,13.41,8.46,9.98,10.82,9.24,11.23
2025-12-17T09:26:00.948738,Recipe_C,5cbad24a-7923-4766-93ce-efd7023b5fd8,23,1.0,,,,10.59,10.05,9.47,10.16,11.75,8.33
2025-12-17T09:26:01.948738,Recipe_C,5cbad24a-7923-4766-93ce-efd7023b5fd8,23,1.0,,,,10.63,8.98,12.08,10.22,5.97,7.31
2025-12-17T09:26:02.948738,Recipe_C,5cbad24a-7923-4766-93ce-efd7023b5fd8,23,1.0,,,,10.75,11.18,10.33,10.34,13.06,10.38
2025-12-17T09:26:03.948738,Recipe_C,5cbad24a-7923-4766-93ce-efd7023b5fd8,23,1.0,,,,9.65,11.45,14.22,8.63,9.47,8.87
2025-12-17T09:26:04.948738,Recipe_C,5cbad24a-7923-4766-93ce-efd7023b5fd8,23,1.0,,,,11.15,10.65,8.1,10.23,14.18,9.03
2025-12-17T09:26:05.948738,Recipe_C,5cbad24a-7923-4766-93ce-efd7023b5fd8,23,1.0,,,,11.96,10.08,12.7,10.81,13.02,9.79
2025-12-17T09:26:06.948738,Recipe_C,5cbad24a-7923-4766-93ce-efd7023b5fd8,23,1.0,,,,12.72,9.19,8.34,10.52,8.85,11.05
2025-12-17T09:26:07.948738,Recipe_C,5cbad24a-7923-4766-93ce-efd7023b5fd8,23,1.0,,,,11.54,9.82,7.93,10.12,10.06,10.98
2025-12-17T09:26:08.948738,Recipe_C,5cbad24a-7923-4766-93ce-efd7023b5fd8,23,1.0,,,,8.71,4.98,11.46,11.43,7.41,7.72
2025-12-17T09:26:09.948738,Recipe_C,5cbad24a-7923-4766-93ce-efd7023b5fd8,23,1.0,,,,10.41,12.35,9.77,11.11,10.07,8.09
2025-12-17T09:26:09.948738,Recipe_C,5cbad24a-7923-4766-93ce-efd7023b5fd8,23,1.0,Error_3,Simulated Error occurred,Error,,,,,,
2025-12-17T09:26:10.948738,Recipe_C,5cbad24a-7923-4766-93ce-efd7023b5fd8,23,1.0,,,,11.9,11.59,11.26,11.06,11.0,9.84
2025-12-17T09:26:11.948738,Recipe_C,5cbad24a-7923-4766-93ce-efd7023b5fd8,23,1.0,,,,6.96,10.94,9.6,7.37,9.86,12.15
2025-12-17T09:26:12.948738,Recipe_C,5cbad24a-7923-4766-93ce-efd7023b5fd8,23,1.0,,,,15.23,8.34,9.72,8.01,10.81,12.43
2025-12-17T09:26:13.948738,Recipe_C,5cbad24a-7923-4766-93ce-efd7023b5fd8,23,1.0,,,,13.15,11.17,12.22,7.76,13.91,11.63
2025-12-17T09:26:14.948738,Recipe_C,5cbad24a-7923-4766-93ce-efd7023b5fd8,23,1.0,,,,13.56,12.27,6.79,12.64,9.52,11.62
2025-12-17T09:26:15.948738,Recipe_C,5cbad24a-7923-4766-93ce-efd7023b5fd8,23,1.0,,,,9.75,9.12,13.34,11.6,10.24,10.32
2025-12-17T09:26:16.948738,Recipe_C,5cbad24a-7923-4766-93ce-efd7023b5fd8,23,0.0,,,,0.0,0.0,0.0,0.0,0.0,0.0
2025-12-17T09:26:17.948738,Recipe_C,5cbad24a-7923-4766-93ce-efd7023b5fd8,23,0.0,,,,0.0,0.0,0.0,0.0,0.0,0.0
2025-12-17T09:26:18.948738,Recipe_C,5cbad24a-7923-4766-93ce-efd7023b5fd8,23,0.0,,,,0.0,0.0,0.0,0.0,0.0,0.0
2025-12-17T09:26:19.948738,Recipe_C,5cbad24a-7923-4766-93ce-efd7023b5fd8,23,0.0,,,,0.0,0.0,0.0,0.0,0.0,0.0
2025-12-17T09:26:20.948738,Recipe_C,5cbad24a-7923-4766-93ce-efd7023b5fd8,23,0.0,,,,0.0,0.0,0.0,0.0,0.0,0.0
2025-12-17T09:26:21.948738,Recipe_C,5cbad24a-7923-4766-93ce-efd7023b5fd8,23,0.0,,,,0.0,0.0,0.0,0.0,0.0,0.0
2025-12-17T09:26:22.948738,Recipe_C,5cbad24a-7923-4766-93ce-efd7023b5fd8,23,0.0,,,,0.0,0.0,0.0,0.0,0.0,0.0
2025-12-17T09:26:23.948738,Recipe_C,5cbad24a-7923-4766-93ce-efd7023b5fd8,23,0.0,,,,0.0,0.0,0.0,0.0,0.0,0.0
2025-12-17T09:26:24.948738,Recipe_C,5cbad24a-7923-4766-93ce-efd7023b5fd8,23,0.0,,,,0.0,0.0,0.0,0.0,0.0,0.0
2025-12-17T09:26:25.948738,Recipe_C,5cbad24a-7923-4766-93ce-efd7023b5fd8,23,0.0,,,,0.0,0.0,0.0,0.0,0.0,0.0
2025-12-17T09:26:26.948738,Recipe_C,5cbad24a-7923-4766-93ce-efd7023b5fd8,23,0.0,,,,0.0,0.0,0.0,0.0,0.0,0.0
2025-12-17T09:26:27.948738,Recipe_C,5cbad24a-7923-4766-93ce-efd7023b5fd8,23,0.0,,,,0.0,0.0,0.0,0.0,0.0,0.0
2025-12-17T09:26:28.948738,Recipe_C,5cbad24a-7923-4766-93ce-efd7023b5fd8,23,0.0,,,,0.0,0.0,0.0,0.0,0.0,0.0
2025-12-17T09:26:29.948738,Recipe_C,5cbad24a-7923-4766-93ce-efd7023b5fd8,23,0.0,,,,0.0,0.0,0.0,0.0,0.0,0.0
2025-12-17T09:26:30.948738,Recipe_C,5cbad24a-7923-4766-93ce-efd7023b5fd8,23,0.0,,,,0.0,0.0,0.0,0.0,0.0,0.0
2025-12-17T09:26:31.948738,Recipe_C,5cbad24a-7923-4766-93ce-efd7023b5fd8,23,0.0,,,,0.0,0.0,0.0,0.0,0.0,0.0
2025-12-17T09:26:32.948738,Recipe_C,5cbad24a-7923-4766-93ce-efd7023b5fd8,23,3.0,,,,8.12,12.66,11.92,6.11,9.91,11.07
2025-12-17T09:26:33.948738,Recipe_C,5cbad24a-7923-4766-93ce-efd7023b5fd8,23,3.0,,,,13.66,12.91,9.62,10.01,9.68,12.36
2025-12-17T09:26:34.948738,Recipe_C,5cbad24a-7923-4766-93ce-efd7023b5fd8,23,3.0,,,,9.27,9.25,10.69,8.51,9.89,11.78
2025-12-17T09:26:35.948738,Recipe_C,5cbad24a-7923-4766-93ce-efd7023b5fd8,23,3.0,,,,12.75,9.9,12.73,12.61,8.24,8.4
2025-12-17T09:26:36.948738,Recipe_C,5cbad24a-7923-4766-93ce-efd7023b5fd8,23,3.0,,,,10.78,11.27,5.72,10.87,6.49,9.78
2025-12-17T09:26:37.948738,Recipe_C,5cbad24a-7923-4766-93ce-efd7023b5fd8,23,3.0,,,,6.96,12.0,12.27,11.11,11.49,9.69
2025-12-17T09:26:38.948738,Recipe_C,5cbad24a-7923-4766-93ce-efd7023b5fd8,23,3.0,,,,10.02,12.3,13.8,11.87,16.84,9.47
2025-12-17T09:26:39.948738,Recipe_C,5cbad24a-7923-4766-93ce-efd7023b5fd8,23,3.0,,,,10.45,9.67,6.78,9.38,5.73,8.23
2025-12-17T09:26:40.948738,Recipe_C,5cbad24a-7923-4766-93ce-efd7023b5fd8,23,3.0,,,,10.5,12.25,11.66,11.01,10.83,8.01
2025-12-17T09:26:41.948738,Recipe_C,5cbad24a-7923-4766-93ce-efd7023b5fd8,23,3.0,,,,10.31,8.54,10.87,11.25,8.34,7.19
2025-12-17T09:26:42.948738,Recipe_C,5cbad24a-7923-4766-93ce-efd7023b5fd8,23,3.0,,,,11.43,8.86,10.77,11.35,11.76,8.19
2025-12-17T09:26:43.948738,Recipe_C,5cbad24a-7923-4766-93ce-efd7023b5fd8,23,3.0,,,,7.29,11.84,10.33,7.86,11.56,6.34
2025-12-17T09:26:44.948738,Recipe_C,5cbad24a-7923-4766-93ce-efd7023b5fd8,23,3.0,,,,10.58,7.67,12.87,9.21,11.51,10.02
2025-12-17T09:26:45.948738,Recipe_C,5cbad24a-7923-4766-93ce-efd7023b5fd8,23,3.0,,,,9.9,10.25,9.58,15.2,10.69,8.76
2025-12-17T09:26:46.948738,Recipe_C,5cbad24a-7923-4766-93ce-efd7023b5fd8,23,3.0,,,,11.85,10.9,9.76,10.3,7.77,11.3
2025-12-17T09:26:47.948738,Recipe_C,5cbad24a-7923-4766-93ce-efd7023b5fd8,23,3.0,,,,9.57,7.23,10.7,12.08,8.37,9.98
2025-12-17T09:26:48.948738,Recipe_C,5cbad24a-7923-4766-93ce-efd7023b5fd8,23,3.0,,,,9.66,11.45,9.53,14.05,13.21,10.98
2025-12-17T09:26:49.948738,Recipe_C,5cbad24a-7923-4766-93ce-efd7023b5fd8,23,3.0,,,,11.02,11.83,12.29,12.0,10.92,10.79
2025-12-17T09:26:50.948738,Recipe_C,5cbad24a-7923-4766-93ce-efd7023b5fd8,23,3.0,,,,12.65,9.65,14.07,9.71,9.92,11.4
2025-12-17T09:26:51.948738,Recipe_C,5cbad24a-7923-4766-93ce-efd7023b5fd8,23,3.0,,,,9.62,10.35,10.86,10.7,11.77,9.02
2025-12-17T09:26:52.948738,Recipe_C,5cbad24a-7923-4766-93ce-efd7023b5fd8,23,3.0,,,,7.98,10.16,8.54,9.22,10.42,10.01
2025-12-17T09:26:53.948738,Recipe_C,5cbad24a-7923-4766-93ce-efd7023b5fd8,23,3.0,,,,14.65,8.08,9.63,12.19,8.85,11.48
2025-12-17T09:26:54.948738,Recipe_C,5cbad24a-7923-4766-93ce-efd7023b5fd8,23,3.0,,,,5.12,13.75,11.45,6.68,11.92,11.88
2025-12-17T09:26:55.948738,Recipe_C,5cbad24a-7923-4766-93ce-efd7023b5fd8,23,3.0,,,,13.09,12.86,15.12,13.52,9.74,7.69
2025-12-17T09:26:56.948738,Recipe_C,5cbad24a-7923-4766-93ce-efd7023b5fd8,23,4.0,,,,105.71,52.68,55.84,51.21,51.37,49.49
2025-12-17T09:26:57.948738,Recipe_C,5cbad24a-7923-4766-93ce-efd7023b5fd8,23,4.0,,,,96.4,43.06,57.14,45.95,51.92,53.19
2025-12-17T09:26:58.948738,Recipe_C,5cbad24a-7923-4766-93ce-efd7023b5fd8,23,4.0,,,,104.17,60.35,53.31,42.09,43.6,49.16
2025-12-17T09:26:59.948738,Recipe_C,5cbad24a-7923-4766-93ce-efd7023b5fd8,23,4.0,,,,98.76,49.62,55.78,50.47,50.15,45.18
2025-12-17T09:27:00.948738,Recipe_C,5cbad24a-7923-4766-93ce-efd7023b5fd8,23,4.0,,,,99.83,46.49,46.57,50.75,49.52,42.65
2025-12-17T09:27:01.948738,Recipe_C,5cbad24a-7923-4766-93ce-efd7023b5fd8,23,4.0,,,,107.58,53.85,46.46,48.36,58.32,43.53
2025-12-17T09:27:02.948738,Recipe_C,5cbad24a-7923-4766-93ce-efd7023b5fd8,23,4.0,,,,106.29,42.77,51.5,53.96,45.85,51.96
2025-12-17T09:27:03.948738,Recipe_C,5cbad24a-7923-4766-93ce-efd7023b5fd8,23,4.0,,,,104.75,50.63,39.36,51.0,49.37,55.52
2025-12-17T09:27:04.948738,Recipe_C,5cbad24a-7923-4766-93ce-efd7023b5fd8,23,4.0,,,,103.51,47.69,53.99,45.72,52.39,49.58
2025-12-17T09:27:05.948738,Recipe_C,5cbad24a-7923-4766-93ce-efd7023b5fd8,23,4.0,,,,93.51,46.57,43.84,49.34,50.88,45.24
2025-12-17T09:27:06.948738,Recipe_C,5cbad24a-7923-4766-93ce-efd7023b5fd8,23,4.0,,,,98.71,45.91,47.06,48.26,50.37,43.0
2025-12-17T09:27:07.948738,Recipe_C,5cbad24a-7923-4766-93ce-efd7023b5fd8,23,4.0,,,,98.94,42.6,55.93,51.85,49.82,57.23
2025-12-17T09:27:08.948738,Recipe_C,5cbad24a-7923-4766-93ce-efd7023b5fd8,23,4.0,,,,107.19,44.32,50.7,55.12,52.13,34.97
2025-12-17T09:27:09.948738,Recipe_C,5cbad24a-7923-4766-93ce-efd7023b5fd8,23,4.0,,,,99.72,59.22,43.1,53.79,61.04,55.8
2025-12-17T09:27:10.948738,Recipe_C,5cbad24a-7923-4766-93ce-efd7023b5fd8,23,4.0,,,,101.98,48.15,62.44,57.69,43.86,51.68
2025-12-17T09:27:11.948738,Recipe_C,5cbad24a-7923-4766-93ce-efd7023b5fd8,23,4.0,,,,102.36,45.87,40.01,53.37,53.54,46.19
2025-12-17T09:27:12.948738,Recipe_C,5cbad24a-7923-4766-93ce-efd7023b5fd8,23,4.0,,,,97.41,51.93,44.26,47.33,59.32,39.33
2025-12-17T09:27:13.948738,Recipe_C,5cbad24a-7923-4766-93ce-efd7023b5fd8,23,4.0,,,,93.88,44.27,52.17,50.35,46.54,48.69
2025-12-17T09:27:14.948738,Recipe_C,5cbad24a-7923-4766-93ce-efd7023b5fd8,23,4.0,,,,98.99,59.42,45.5,48.51,47.53,48.08
2025-12-17T09:27:15.948738,Recipe_C,5cbad24a-7923-4766-93ce-efd7023b5fd8,23,4.0,,,,95.94,50.63,40.32,50.78,47.63,46.5
2025-12-17T09:27:16.948738,Recipe_C,5cbad24a-7923-4766-93ce-efd7023b5fd8,23,4.0,,,,99.09,41.49,46.69,44.26,46.61,45.27
2025-12-17T09:27:17.948738,Recipe_C,5cbad24a-7923-4766-93ce-efd7023b5fd8,23,4.0,,,,97.93,54.81,50.49,58.09,42.89,50.99
2025-12-17T09:27:18.948738,Recipe_C,5cbad24a-7923-4766-93ce-efd7023b5fd8,23,4.0,,,,100.14,51.56,51.0,57.98,54.25,44.24
2025-12-17T09:27:19.948738,Recipe_C,5cbad24a-7923-4766-93ce-efd7023b5fd8,23,4.0,,,,101.9,50.79,39.72,56.86,55.76,52.17
2025-12-17T09:27:20.948738,Recipe_C,5cbad24a-7923-4766-93ce-efd7023b5fd8,23,4.0,,,,97.97,52.6,57.91,57.04,43.8,40.26
2025-12-17T09:27:21.948738,Recipe_C,5cbad24a-7923-4766-93ce-efd7023b5fd8,23,4.0,,,,101.01,48.17,55.4,46.66,43.36,45.34
2025-12-17T09:27:22.948738,Recipe_C,5cbad24a-7923-4766-93ce-efd7023b5fd8,23,4.0,,,,106.49,41.57,45.74,45.78,47.21,53.32
2025-12-17T09:27:23.948738,Recipe_C,5cbad24a-7923-4766-93ce-efd7023b5fd8,23,4.0,,,,99.44,48.48,51.4,51.02,39.97,47.13
2025-12-17T09:27:24.948738,Recipe_C,5cbad24a-7923-4766-93ce-efd7023b5fd8,23,4.0,,,,100.58,48.42,36.22,52.28,51.02,56.41
2025-12-17T09:27:25.948738,Recipe_C,5cbad24a-7923-4766-93ce-efd7023b5fd8,23,4.0,,,,99.24,55.24,53.03,48.14,48.52,39.2
2025-12-17T09:27:26.948738,Recipe_C,5cbad24a-7923-4766-93ce-efd7023b5fd8,23,4.0,,,,95.13,47.19,47.47,51.34,48.11,47.97
2025-12-17T09:27:27.948738,Recipe_C,5cbad24a-7923-4766-93ce-efd7023b5fd8,23,4.0,,,,103.69,58.14,51.81,50.72,45.02,52.23
2025-12-17T09:27:28.948738,Recipe_C,5cbad24a-7923-4766-93ce-efd7023b5fd8,23,4.0,,,,99.49,56.01,48.9,49.08,48.73,58.25
2025-12-17T09:27:29.948738,Recipe_C,5cbad24a-7923-4766-93ce-efd7023b5fd8,23,4.0,,,,105.32,47.14,44.39,53.41,48.68,48.54
2025-12-17T09:27:30.948738,Recipe_C,5cbad24a-7923-4766-93ce-efd7023b5fd8,23,4.0,,,,101.86,49.79,48.8,50.56,50.32,50.26
2025-12-17T09:27:31.948738,Recipe_C,5cbad24a-7923-4766-93ce-efd7023b5fd8,23,4.0,,,,101.07,45.86,50.65,51.54,45.99,46.88
2025-12-17T09:27:32.948738,Recipe_C,5cbad24a-7923-4766-93ce-efd7023b5fd8,23,4.0,,,,105.48,50.74,50.0,44.43,55.69,57.0
2025-12-17T09:27:33.948738,Recipe_C,5cbad24a-7923-4766-93ce-efd7023b5fd8,23,4.0,,,,98.05,57.51,50.89,53.15,51.56,52.36
2025-12-17T09:27:34.948738,Recipe_C,5cbad24a-7923-4766-93ce-efd7023b5fd8,23,4.0,,,,103.54,55.47,51.85,51.17,58.64,45.99
2025-12-17T09:27:35.948738,Recipe_C,5cbad24a-7923-4766-93ce-efd7023b5fd8,23,4.0,,,,104.43,57.65,55.79,63.0,42.33,55.62
2025-12-17T09:27:36.948738,Recipe_C,5cbad24a-7923-4766-93ce-efd7023b5fd8,23,4.0,,,,98.11,35.63,49.38,50.56,54.47,44.92
2025-12-17T09:27:37.948738,Recipe_C,5cbad24a-7923-4766-93ce-efd7023b5fd8,23,4.0,,,,96.63,51.68,45.7,46.16,55.83,49.34
2025-12-17T09:27:38.948738,Recipe_C,5cbad24a-7923-4766-93ce-efd7023b5fd8,23,4.0,,,,87.97,57.35,53.96,50.84,54.53,51.8
2025-12-17T09:27:39.948738,Recipe_C,5cbad24a-7923-4766-93ce-efd7023b5fd8,23,4.0,,,,104.61,53.83,54.45,48.56,48.27,50.04
2025-12-17T09:27:40.948738,Recipe_C,5cbad24a-7923-4766-93ce-efd7023b5fd8,23,4.0,,,,91.58,49.64,48.37,55.4,47.42,51.13
2025-12-17T09:27:41.948738,Recipe_C,5cbad24a-7923-4766-93ce-efd7023b5fd8,23,4.0,,,,99.71,44.71,52.59,50.5,46.75,56.78
2025-12-17T09:27:42.948738,Recipe_C,5cbad24a-7923-4766-93ce-efd7023b5fd8,23,4.0,,,,96.39,53.44,60.72,42.9,47.92,54.12
2025-12-17T09:27:43.948738,Recipe_C,5cbad24a-7923-4766-93ce-efd7023b5fd8,23,4.0,,,,100.61,55.36,47.16,47.62,44.95,57.2
2025-12-17T09:27:44.948738,Recipe_C,5cbad24a-7923-4766-93ce-efd7023b5fd8,23,4.0,,,,100.22,48.54,46.07,57.67,48.29,47.54
2025-12-17T09:27:45.948738,Recipe_C,5cbad24a-7923-4766-93ce-efd7023b5fd8,23,4.0,,,,94.43,52.8,53.91,40.97,52.03,46.41
2025-12-17T09:27:46.948738,Recipe_C,5cbad24a-7923-4766-93ce-efd7023b5fd8,23,4.0,,,,93.0,45.7,53.57,39.85,48.3,54.35
2025-12-17T09:27:47.948738,Recipe_C,5cbad24a-7923-4766-93ce-efd7023b5fd8,23,4.0,,,,91.38,53.32,50.81,42.62,51.6,42.27
2025-12-17T09:27:48.948738,Recipe_C,5cbad24a-7923-4766-93ce-efd7023b5fd8,23,4.0,,,,95.57,40.0,58.04,48.81,50.1,37.75
2025-12-17T09:27:49.948738,Recipe_C,5cbad24a-7923-4766-93ce-efd7023b5fd8,23,4.0,,,,94.99,61.31,41.35,47.57,61.75,46.39
2025-12-17T09:27:50.948738,Recipe_C,5cbad24a-7923-4766-93ce-efd7023b5fd8,23,4.0,,,,101.83,41.71,54.08,47.28,57.76,53.0
2025-12-17T09:27:51.948738,Recipe_C,5cbad24a-7923-4766-93ce-efd7023b5fd8,23,4.0,,,,99.45,56.74,44.33,43.75,55.92,47.01
2025-12-17T09:27:52.948738,Recipe_C,5cbad24a-7923-4766-93ce-efd7023b5fd8,23,4.0,,,,91.02,40.27,47.15,45.98,48.93,45.54
2025-12-17T09:27:53.948738,Recipe_C,5cbad24a-7923-4766-93ce-efd7023b5fd8,23,4.0,,,,109.32,48.06,52.7,46.1,47.27,48.9
2025-12-17T09:27:54.948738,Recipe_C,5cbad24a-7923-4766-93ce-efd7023b5fd8,23,4.0,,,,104.13,47.1,40.72,48.99,46.83,57.39
2025-12-17T09:27:55.948738,Recipe_C,5cbad24a-7923-4766-93ce-efd7023b5fd8,23,4.0,,,,94.98,49.74,40.69,49.74,51.84,49.78
2025-12-17T09:27:56.948738,Recipe_C,5cbad24a-7923-4766-93ce-efd7023b5fd8,23,1.0,,,,8.62,14.91,6.15,10.15,9.05,10.19
2025-12-17T09:27:57.948738,Recipe_C,5cbad24a-7923-4766-93ce-efd7023b5fd8,23,1.0,,,,9.99,8.94,7.26,10.48,9.66,10.77
2025-12-17T09:27:58.948738,Recipe_C,5cbad24a-7923-4766-93ce-efd7023b5fd8,23,1.0,,,,10.1,10.78,10.65,11.29,10.37,12.6
2025-12-17T09:27:59.948738,Recipe_C,5cbad24a-7923-4766-93ce-efd7023b5fd8,23,1.0,,,,11.43,11.78,10.17,11.14,13.1,9.85
2025-12-17T09:28:00.948738,Recipe_C,5cbad24a-7923-4766-93ce-efd7023b5fd8,23,1.0,,,,8.97,7.85,10.26,10.6,7.26,10.95
2025-12-17T09:28:01.948738,Recipe_C,5cbad24a-7923-4766-93ce-efd7023b5fd8,23,1.0,,,,8.95,7.87,11.56,8.73,13.78,12.85
2025-12-17T09:28:02.948738,Recipe_C,5cbad24a-7923-4766-93ce-efd7023b5fd8,23,2.0,,,,10.48,9.63,10.96,11.33,8.89,10.7
2025-12-17T09:28:03.948738,Recipe_C,5cbad24a-7923-4766-93ce-efd7023b5fd8,23,2.0,,,,10.31,9.22,9.01,9.9,7.61,9.44
2025-12-17T09:28:04.948738,Recipe_C,5cbad24a-7923-4766-93ce-efd7023b5fd8,23,2.0,,,,10.56,8.63,7.83,8.82,12.05,15.07
2025-12-17T09:28:04.948738,Recipe_C,5cbad24a-7923-4766-93ce-efd7023b5fd8,23,2.0,Warning_8,Simulated Warning occurred,Warning,,,,,,
2025-12-17T09:28:05.948738,Recipe_C,5cbad24a-7923-4766-93ce-efd7023b5fd8,23,2.0,,,,11.76,9.2,9.21,13.5,8.91,10.39
2025-12-17T09:28:06.948738,Recipe_C,5cbad24a-7923-4766-93ce-efd7023b5fd8,23,2.0,,,,12.84,8.18,7.11,12.52,5.32,9.16
2025-12-17T09:28:07.948738,Recipe_C,5cbad24a-7923-4766-93ce-efd7023b5fd8,23,2.0,,,,11.25,9.84,9.23,12.4,10.58,13.54
2025-12-17T09:28:08.948738,Recipe_C,5cbad24a-7923-4766-93ce-efd7023b5fd8,23,2.0,,,,5.95,12.33,13.67,8.97,9.1,10.28
2025-12-17T09:28:09.948738,Recipe_C,5cbad24a-7923-4766-93ce-efd7023b5fd8,23,2.0,,,,12.1,14.75,9.13,10.54,10.49,10.0
2025-12-17T09:28:10.948738,Recipe_C,5cbad24a-7923-4766-93ce-efd7023b5fd8,23,4.0,,,,102.92,52.04,51.92,57.27,55.51,51.7
2025-12-17T09:28:11.948738,Recipe_C,5cbad24a-7923-4766-93ce-efd7023b5fd8,23,4.0,,,,94.93,46.92,47.53,47.31,45.42,46.66
2025-12-17T09:28:12.948738,Recipe_C,5cbad24a-7923-4766-93ce-efd7023b5fd8,23,4.0,,,,111.94,47.79,46.12,50.2,49.57,52.06
2025-12-17T09:28:13.948738,Recipe_C,5cbad24a-7923-4766-93ce-efd7023b5fd8,23,4.0,,,,99.91,47.6,49.93,56.28,49.61,42.39
2025-12-17T09:28:14.948738,Recipe_C,5cbad24a-7923-4766-93ce-efd7023b5fd8,23,4.0,,,,108.74,51.61,56.51,54.63,57.26,44.39
2025-12-17T09:28:15.948738,Recipe_C,5cbad24a-7923-4766-93ce-efd7023b5fd8,23,4.0,,,,97.86,45.4,55.55,49.81,42.99,53.97
2025-12-17T09:28:16.948738,Recipe_C,5cbad24a-7923-4766-93ce-efd7023b5fd8,23,4.0,,,,99.73,48.81,51.45,53.09,46.75,45.58
2025-12-17T09:28:17.948738,Recipe_C,5cbad24a-7923-4766-93ce-efd7023b5fd8,23,4.0,,,,95.4,45.65,48.13,52.85,50.95,43.85
2025-12-17T09:28:18.948738,Recipe_C,5cbad24a-7923-4766-93ce-efd7023b5fd8,23,4.0,,,,103.75,43.98,49.82,44.94,56.4,53.81
2025-12-17T09:28:19.948738,Recipe_C,5cbad24a-7923-4766-93ce-efd7023b5fd8,23,4.0,,,,102.45,55.36,55.35,50.6,49.61,46.67
2025-12-17T09:28:20.948738,Recipe_C,5cbad24a-7923-4766-93ce-efd7023b5fd8,23,4.0,,,,91.3,50.05,58.11,55.35,48.06,43.13
2025-12-17T09:28:21.948738,Recipe_C,5cbad24a-7923-4766-93ce-efd7023b5fd8,23,4.0,,,,93.66,53.23,45.99,50.87,51.35,50.0
2025-12-17T09:28:22.948738,Recipe_C,5cbad24a-7923-4766-93ce-efd7023b5fd8,23,4.0,,,,95.17,54.99,45.43,44.75,58.5,53.02
2025-12-17T09:28:23.948738,Recipe_C,5cbad24a-7923-4766-93ce-efd7023b5fd8,23,5.0,,,,9.23,8.32,12.48,8.19,12.4,10.11
2025-12-17T09:28:24.948738,Recipe_C,5cbad24a-7923-4766-93ce-efd7023b5fd8,23,5.0,,,,13.12,10.86,8.28,7.18,11.44,10.04
2025-12-17T09:28:25.948738,Recipe_C,5cbad24a-7923-4766-93ce-efd7023b5fd8,23,5.0,,,,9.08,9.14,8.58,9.19,12.06,11.45
2025-12-17T09:28:26.948738,Recipe_C,5cbad24a-7923-4766-93ce-efd7023b5fd8,23,5.0,,,,12.92,8.4,9.92,10.48,9.82,10.73
2025-12-17T09:28:27.948738,Recipe_C,5cbad24a-7923-4766-93ce-efd7023b5fd8,23,5.0,,,,8.93,11.81,12.86,9.44,7.75,8.78
2025-12-17T09:28:28.948738,Recipe_C,5cbad24a-7923-4766-93ce-efd7023b5fd8,23,5.0,,,,9.96,13.9,11.79,12.95,9.74,10.89
2025-12-17T09:28:29.948738,Recipe_C,5cbad24a-7923-4766-93ce-efd7023b5fd8,23,5.0,,,,7.9,12.09,6.35,3.52,6.05,11.72
2025-12-17T09:28:30.948738,Recipe_C,5cbad24a-7923-4766-93ce-efd7023b5fd8,23,5.0,,,,12.66,8.09,9.47,8.65,12.44,10.75
2025-12-17T09:28:31.948738,Recipe_C,5cbad24a-7923-4766-93ce-efd7023b5fd8,23,5.0,,,,11.19,8.72,6.12,11.73,12.57,7.08
2025-12-17T09:28:32.948738,Recipe_C,5cbad24a-7923-4766-93ce-efd7023b5fd8,23,5.0,,,,13.41,8.5,8.15,10.66,10.65,10.49
2025-12-17T09:28:33.948738,Recipe_C,5cbad24a-7923-4766-93ce-efd7023b5fd8,23,3.0,,,,8.05,7.33,10.95,7.49,10.74,8.33
2025-12-17T09:28:34.948738,Recipe_C,5cbad24a-7923-4766-93ce-efd7023b5fd8,23,3.0,,,,12.61,9.91,13.68,7.49,9.97,7.92
2025-12-17T09:28:35.948738,Recipe_C,5cbad24a-7923-4766-93ce-efd7023b5fd8,23,3.0,,,,7.24,10.56,12.66,10.85,10.09,8.42
2025-12-17T09:28:36.948738,Recipe_C,5cbad24a-7923-4766-93ce-efd7023b5fd8,23,3.0,,,,13.47,11.12,8.51,8.7,13.56,12.06
2025-12-17T09:28:37.948738,Recipe_C,5cbad24a-7923-4766-93ce-efd7023b5fd8,23,3.0,,,,11.02,10.87,8.6,9.23,11.66,9.65
2025-12-17T09:28:38.948738,Recipe_C,5cbad24a-7923-4766-93ce-efd7023b5fd8,23,3.0,,,,12.68,11.59,11.73,8.34,10.45,9.19
2025-12-17T09:28:39.948738,Recipe_C,5cbad24a-7923-4766-93ce-efd7023b5fd8,23,3.0,,,,9.72,13.06,10.8,11.37,10.32,11.34
2025-12-17T09:28:40.948738,Recipe_C,5cbad24a-7923-4766-93ce-efd7023b5fd8,23,3.0,,,,6.89,11.21,12.04,9.51,10.31,13.15
2025-12-17T09:28:41.948738,Recipe_C,5cbad24a-7923-4766-93ce-efd7023b5fd8,23,3.0,,,,9.91,11.45,13.35,10.73,7.55,6.95
2025-12-17T09:28:42.948738,Recipe_C,5cbad24a-7923-4766-93ce-efd7023b5fd8,23,3.0,,,,10.08,9.11,7.61,15.64,8.43,8.81
2025-12-17T09:28:43.948738,Recipe_C,5cbad24a-7923-4766-93ce-efd7023b5fd8,23,3.0,,,,8.48,10.99,10.37,9.77,7.95,11.16
2025-12-17T09:28:44.948738,Recipe_C,5cbad24a-7923-4766-93ce-efd7023b5fd8,23,3.0,,,,9.51,11.04,10.41,12.95,7.59,11.61
2025-12-17T09:28:45.948738,Recipe_C,5cbad24a-7923-4766-93ce-efd7023b5fd8,23,3.0,,,,9.59,12.55,9.77,7.6,12.47,10.89
2025-12-17T09:28:46.948738,Recipe_C,5cbad24a-7923-4766-93ce-efd7023b5fd8,23,3.0,,,,6.45,9.71,8.52,8.31,11.92,12.04
2025-12-17T09:28:47.948738,Recipe_C,5cbad24a-7923-4766-93ce-efd7023b5fd8,23,3.0,,,,10.46,11.22,7.72,13.72,8.96,11.83
2025-12-17T09:28:48.948738,Recipe_C,5cbad24a-7923-4766-93ce-efd7023b5fd8,23,3.0,,,,10.41,9.03,9.57,10.82,10.85,9.97
2025-12-17T09:28:49.948738,Recipe_C,5cbad24a-7923-4766-93ce-efd7023b5fd8,23,3.0,,,,13.96,9.16,9.56,11.08,13.11,9.37
2025-12-17T09:28:50.948738,Recipe_C,5cbad24a-7923-4766-93ce-efd7023b5fd8,23,3.0,,,,8.73,9.95,10.45,8.11,11.9,11.41
2025-12-17T09:28:51.948738,Recipe_C,5cbad24a-7923-4766-93ce-efd7023b5fd8,23,3.0,,,,12.08,5.8,9.52,10.77,10.12,11.07
2025-12-17T09:28:52.948738,Recipe_C,5cbad24a-7923-4766-93ce-efd7023b5fd8,23,3.0,,,,7.15,8.61,8.75,10.35,11.31,10.35
2025-12-17T09:28:53.948738,Recipe_C,5cbad24a-7923-4766-93ce-efd7023b5fd8,23,3.0,,,,10.98,5.91,9.27,11.77,10.73,8.19
2025-12-17T09:28:54.948738,Recipe_C,5cbad24a-7923-4766-93ce-efd7023b5fd8,23,3.0,,,,8.65,11.03,9.35,11.65,11.16,6.59
2025-12-17T09:28:55.948738,Recipe_C,5cbad24a-7923-4766-93ce-efd7023b5fd8,23,3.0,,,,9.62,9.74,10.3,14.21,13.88,8.41
2025-12-17T09:28:56.948738,Recipe_C,5cbad24a-7923-4766-93ce-efd7023b5fd8,23,3.0,,,,9.1,14.11,7.41,7.56,6.31,11.3
2025-12-17T09:28:57.948738,Recipe_C,5cbad24a-7923-4766-93ce-efd7023b5fd8,23,3.0,,,,11.83,5.3,11.89,9.88,9.04,13.24
2025-12-17T09:28:58.948738,Recipe_C,5cbad24a-7923-4766-93ce-efd7023b5fd8,23,3.0,,,,9.8,11.39,9.97,10.47,9.82,14.1
2025-12-17T09:28:59.948738,Recipe_C,5cbad24a-7923-4766-93ce-efd7023b5fd8,23,4.0,,,,108.09,48.15,46.77,48.27,54.04,46.01
2025-12-17T09:29:00.948738,Recipe_C,5cbad24a-7923-4766-93ce-efd7023b5fd8,23,4.0,,,,100.85,60.76,52.16,56.7,38.64,52.45
2025-12-17T09:29:01.948738,Recipe_C,5cbad24a-7923-4766-93ce-efd7023b5fd8,23,4.0,,,,104.54,50.77,47.75,52.05,47.01,44.66
2025-12-17T09:29:02.948738,Recipe_C,5cbad24a-7923-4766-93ce-efd7023b5fd8,23,4.0,,,,105.05,53.15,46.17,45.7,52.7,55.24
2025-12-17T09:29:03.948738,Recipe_C,5cbad24a-7923-4766-93ce-efd7023b5fd8,23,4.0,,,,91.1,42.4,46.87,50.84,46.98,55.74
2025-12-17T09:29:04.948738,Recipe_C,5cbad24a-7923-4766-93ce-efd7023b5fd8,23,4.0,,,,106.29,44.15,45.35,52.44,49.76,48.44
2025-12-17T09:29:05.948738,Recipe_C,5cbad24a-7923-4766-93ce-efd7023b5fd8,23,4.0,,,,96.99,51.17,46.84,46.04,51.68,62.6
2025-12-17T09:29:06.948738,Recipe_C,5cbad24a-7923-4766-93ce-efd7023b5fd8,23,4.0,,,,106.29,55.19,50.12,40.77,52.61,51.64
2025-12-17T09:29:07.948738,Recipe_C,5cbad24a-7923-4766-93ce-efd7023b5fd8,23,4.0,,,,99.99,49.4,51.96,50.49,46.01,51.71
2025-12-17T09:29:08.948738,Recipe_C,5cbad24a-7923-4766-93ce-efd7023b5fd8,23,4.0,,,,100.82,47.78,43.78,52.11,54.18,46.75
2025-12-17T09:29:09.948738,Recipe_C,5cbad24a-7923-4766-93ce-efd7023b5fd8,23,4.0,,,,99.49,42.12,45.46,47.97,52.24,44.43
2025-12-17T09:29:10.948738,Recipe_C,5cbad24a-7923-4766-93ce-efd7023b5fd8,23,4.0,,,,106.34,54.88,53.58,47.92,56.08,43.42
2025-12-17T09:29:11.948738,Recipe_C,5cbad24a-7923-4766-93ce-efd7023b5fd8,23,4.0,,,,109.53,51.22,47.43,51.57,53.04,52.87
2025-12-17T09:29:12.948738,Recipe_C,5cbad24a-7923-4766-93ce-efd7023b5fd8,23,4.0,,,,103.11,48.84,42.21,50.06,49.71,49.19
2025-12-17T09:29:13.948738,Recipe_C,5cbad24a-7923-4766-93ce-efd7023b5fd8,23,4.0,,,,107.48,51.49,42.16,54.82,40.64,51.29
2025-12-17T09:29:14.948738,Recipe_C,5cbad24a-7923-4766-93ce-efd7023b5fd8,23,4.0,,,,97.07,53.67,51.39,48.31,55.02,36.28
2025-12-17T09:29:15.948738,Recipe_C,5cbad24a-7923-4766-93ce-efd7023b5fd8,23,4.0,,,,101.77,47.15,47.03,44.99,47.95,44.62
2025-12-17T09:29:16.948738,Recipe_C,5cbad24a-7923-4766-93ce-efd7023b5fd8,23,4.0,,,,92.25,42.27,53.35,54.92,45.56,48.7
2025-12-17T09:29:17.948738,Recipe_C,5cbad24a-7923-4766-93ce-efd7023b5fd8,23,4.0,,,,109.03,45.02,45.83,45.73,60.65,42.36
2025-12-17T09:29:18.948738,Recipe_C,5cbad24a-7923-4766-93ce-efd7023b5fd8,23,4.0,,,,97.43,31.96,50.33,58.38,48.17,52.51
2025-12-17T09:29:19.948738,Recipe_C,5cbad24a-7923-4766-93ce-efd7023b5fd8,23,4.0,,,,99.94,53.55,55.0,42.47,56.82,46.66
2025-12-17T09:29:20.948738,Recipe_C,5cbad24a-7923-4766-93ce-efd7023b5fd8,23,4.0,,,,99.73,52.55,42.45,54.87,58.71,47.33
2025-12-17T09:29:21.948738,Recipe_C,5cbad24a-7923-4766-93ce-efd7023b5fd8,23,4.0,,,,102.82,57.18,52.75,48.59,48.74,49.25
2025-12-17T09:29:22.948738,Recipe_C,5cbad24a-7923-4766-93ce-efd7023b5fd8,23,4.0,,,,97.85,45.83,50.3,53.56,51.12,47.56
2025-12-17T09:29:23.948738,Recipe_C,5cbad24a-7923-4766-93ce-efd7023b5fd8,23,4.0,,,,106.32,58.58,48.07,49.95,52.31,48.64
2025-12-17T09:29:24.948738,Recipe_C,5cbad24a-7923-4766-93ce-efd7023b5fd8,23,4.0,,,,101.3,53.14,57.18,47.36,56.4,46.38
2025-12-17T09:29:25.948738,Recipe_C,5cbad24a-7923-4766-93ce-efd7023b5fd8,23,4.0,,,,100.74,56.79,55.87,48.6,48.77,44.44
2025-12-17T09:29:26.948738,Recipe_C,5cbad24a-7923-4766-93ce-efd7023b5fd8,23,4.0,,,,100.69,47.13,50.36,58.6,37.18,40.32
2025-12-17T09:29:27.948738,Recipe_C,5cbad24a-7923-4766-93ce-efd7023b5fd8,23,4.0,,,,98.94,44.71,56.29,43.67,56.14,52.58
2025-12-17T09:29:28.948738,Recipe_C,5cbad24a-7923-4766-93ce-efd7023b5fd8,23,4.0,,,,89.58,55.64,49.25,52.2,41.29,50.65
2025-12-17T09:29:29.948738,Recipe_C,5cbad24a-7923-4766-93ce-efd7023b5fd8,23,4.0,,,,108.01,51.65,55.86,48.28,46.55,48.7
2025-12-17T09:29:30.948738,Recipe_C,5cbad24a-7923-4766-93ce-efd7023b5fd8,23,4.0,,,,99.59,54.64,50.52,47.73,38.07,43.51
2025-12-17T09:29:31.948738,Recipe_C,5cbad24a-7923-4766-93ce-efd7023b5fd8,23,4.0,,,,95.95,50.96,48.89,49.39,48.93,53.28
2025-12-17T09:29:32.948738,Recipe_C,5cbad24a-7923-4766-93ce-efd7023b5fd8,23,4.0,,,,104.86,54.89,49.23,59.17,42.26,59.88
2025-12-17T09:29:33.948738,Recipe_C,5cbad24a-7923-4766-93ce-efd7023b5fd8,23,4.0,,,,97.74,51.54,45.25,45.17,40.44,49.47
2025-12-17T09:29:34.948738,Recipe_C,5cbad24a-7923-4766-93ce-efd7023b5fd8,23,4.0,,,,95.22,49.53,55.36,54.65,55.84,55.62
2025-12-17T09:29:35.948738,Recipe_C,5cbad24a-7923-4766-93ce-efd7023b5fd8,23,4.0,,,,96.81,59.14,54.37,47.36,54.05,52.81
2025-12-17T09:29:36.948738,Recipe_C,5cbad24a-7923-4766-93ce-efd7023b5fd8,23,4.0,,,,101.38,42.63,59.44,52.71,49.62,49.38
2025-12-17T09:29:37.948738,Recipe_C,5cbad24a-7923-4766-93ce-efd7023b5fd8,23,4.0,,,,100.98,54.15,44.35,55.17,44.7,44.29
2025-12-17T09:29:38.948738,Recipe_C,5cbad24a-7923-4766-93ce-efd7023b5fd8,23,4.0,,,,100.12,46.58,46.08,56.73,43.18,51.24
2025-12-17T09:29:39.948738,Recipe_C,5cbad24a-7923-4766-93ce-efd7023b5fd8,23,4.0,,,,99.83,52.26,49.91,57.07,48.24,53.98
2025-12-17T09:29:40.948738,Recipe_C,5cbad24a-7923-4766-93ce-efd7023b5fd8,23,4.0,,,,99.77,44.27,47.86,46.05,47.57,53.72
2025-12-17T09:29:41.948738,Recipe_C,5cbad24a-7923-4766-93ce-efd7023b5fd8,23,4.0,,,,101.38,52.25,57.17,52.8,47.62,59.59
2025-12-17T09:29:42.948738,Recipe_C,5cbad24a-7923-4766-93ce-efd7023b5fd8,23,4.0,,,,109.2,55.11,48.16,51.22,39.58,47.65
2025-12-17T09:29:43.948738,Recipe_C,5cbad24a-7923-4766-93ce-efd7023b5fd8,23,4.0,,,,100.03,45.05,51.9,49.42,56.93,44.02
2025-12-17T09:29:44.948738,Recipe_C,5cbad24a-7923-4766-93ce-efd7023b5fd8,23,4.0,,,,101.03,48.26,47.61,48.2,44.21,55.01
2025-12-17T09:29:45.948738,Recipe_C,5cbad24a-7923-4766-93ce-efd7023b5fd8,23,3.0,,,,5.49,9.04,10.95,14.17,10.85,8.9
2025-12-17T09:29:46.948738,Recipe_C,5cbad24a-7923-4766-93ce-efd7023b5fd8,23,3.0,,,,9.85,9.55,10.05,7.78,11.38,9.05
2025-12-17T09:29:47.948738,Recipe_C,5cbad24a-7923-4766-93ce-efd7023b5fd8,23,3.0,,,,10.88,9.1,8.54,13.84,10.73,11.6
2025-12-17T09:29:48.948738,Recipe_C,5cbad24a-7923-4766-93ce-efd7023b5fd8,23,3.0,,,,7.66,11.77,10.99,9.83,7.67,11.75
2025-12-17T09:29:49.948738,Recipe_C,5cbad24a-7923-4766-93ce-efd7023b5fd8,23,2.0,,,,12.36,10.49,11.83,9.76,10.99,11.06
2025-12-17T09:29:50.948738,Recipe_C,5cbad24a-7923-4766-93ce-efd7023b5fd8,23,2.0,,,,13.24,8.94,13.78,7.12,15.02,11.83
2025-12-17T09:29:51.948738,Recipe_C,5cbad24a-7923-4766-93ce-efd7023b5fd8,23,2.0,,,,8.56,10.58,11.89,10.54,9.56,12.78
2025-12-17T09:29:52.948738,Recipe_C,5cbad24a-7923-4766-93ce-efd7023b5fd8,23,2.0,,,,13.42,10.96,10.55,13.91,6.16,10.48
2025-12-17T09:29:53.948738,Recipe_C,5cbad24a-7923-4766-93ce-efd7023b5fd8,23,2.0,,,,9.75,6.33,5.29,10.43,10.34,9.42
2025-12-17T09:29:54.948738,Recipe_C,5cbad24a-7923-4766-93ce-efd7023b5fd8,23,2.0,,,,9.34,14.25,8.68,9.51,11.49,8.21
2025-12-17T09:29:55.948738,Recipe_C,5cbad24a-7923-4766-93ce-efd7023b5fd8,23,2.0,,,,12.29,9.21,10.01,14.1,9.73,9.42
2025-12-17T09:29:56.948738,Recipe_C,5cbad24a-7923-4766-93ce-efd7023b5fd8,23,2.0,,,,11.26,11.62,13.04,8.9,8.27,9.26
2025-12-17T09:29:57.948738,Recipe_C,5cbad24a-7923-4766-93ce-efd7023b5fd8,23,2.0,,,,9.79,9.26,9.45,6.21,12.56,11.97
2025-12-17T09:29:58.948738,Recipe_C,5cbad24a-7923-4766-93ce-efd7023b5fd8,23,2.0,,,,8.98,9.49,12.54,9.08,8.64,11.59
2025-12-17T09:29:59.948738,Recipe_C,5cbad24a-7923-4766-93ce-efd7023b5fd8,23,2.0,,,,12.47,9.82,11.66,11.11,10.25,11.78
2025-12-17T09:30:00.948738,Recipe_C,5cbad24a-7923-4766-93ce-efd7023b5fd8,23,2.0,,,,7.96,10.34,8.49,12.13,11.73,10.01
2025-12-17T09:30:01.948738,Recipe_C,5cbad24a-7923-4766-93ce-efd7023b5fd8,23,2.0,,,,7.71,10.81,8.82,8.22,9.44,14.13
2025-12-17T09:30:02.948738,Recipe_C,5cbad24a-7923-4766-93ce-efd7023b5fd8,23,2.0,,,,7.09,10.96,9.47,9.55,11.12,7.75
2025-12-17T09:30:03.948738,Recipe_C,5cbad24a-7923-4766-93ce-efd7023b5fd8,23,2.0,,,,11.21,11.48,12.23,13.55,9.89,8.33
2025-12-17T09:30:04.948738,Recipe_C,5cbad24a-7923-4766-93ce-efd7023b5fd8,23,2.0,,,,6.82,11.36,10.26,9.03,11.53,12.68
2025-12-17T09:30:05.948738,Recipe_C,5cbad24a-7923-4766-93ce-efd7023b5fd8,23,2.0,,,,14.8,7.41,8.77,8.21,10.01,8.01
2025-12-17T09:30:06.948738,Recipe_C,5cbad24a-7923-4766-93ce-efd7023b5fd8,23,2.0,,,,12.61,13.59,8.55,7.86,7.13,9.82
2025-12-17T09:30:07.948738,Recipe_C,5cbad24a-7923-4766-93ce-efd7023b5fd8,23,2.0,,,,9.93,12.05,7.3,11.79,7.52,10.07
2025-12-17T09:30:08.948738,Recipe_C,5cbad24a-7923-4766-93ce-efd7023b5fd8,23,2.0,,,,11.47,14.52,13.11,9.33,8.69,11.51
2025-12-17T09:30:09.948738,Recipe_C,5cbad24a-7923-4766-93ce-efd7023b5fd8,23,2.0,,,,10.0,12.16,11.21,10.96,11.34,11.21
2025-12-17T09:30:10.948738,Recipe_C,5cbad24a-7923-4766-93ce-efd7023b5fd8,23,2.0,,,,9.99,12.85,8.83,7.83,9.83,8.16
2025-12-17T09:30:11.948738,Recipe_C,5cbad24a-7923-4766-93ce-efd7023b5fd8,23,2.0,,,,9.06,10.03,13.62,9.44,8.69,12.95
2025-12-17T09:30:12.948738,Recipe_C,5cbad24a-7923-4766-93ce-efd7023b5fd8,23,2.0,,,,6.9,9.55,10.45,11.76,8.98,8.83
2025-12-17T09:30:13.948738,Recipe_C,5cbad24a-7923-4766-93ce-efd7023b5fd8,23,2.0,,,,10.66,10.77,10.37,10.01,9.89,9.26
2025-12-17T09:30:14.948738,Recipe_C,5cbad24a-7923-4766-93ce-efd7023b5fd8,23,2.0,,,,11.52,8.99,9.77,13.59,10.48,8.7
2025-12-17T09:30:15.948738,Recipe_C,5cbad24a-7923-4766-93ce-efd7023b5fd8,23,2.0,,,,9.85,8.29,10.13,7.69,9.73,11.41
2025-12-17T09:30:16.948738,Recipe_C,5cbad24a-7923-4766-93ce-efd7023b5fd8,23,2.0,,,,7.79,8.27,10.41,11.95,8.78,10.08
2025-12-17T09:30:17.948738,Recipe_C,5cbad24a-7923-4766-93ce-efd7023b5fd8,23,2.0,,,,12.36,8.01,11.92,9.95,12.28,9.51
2025-12-17T09:30:18.948738,Recipe_C,5cbad24a-7923-4766-93ce-efd7023b5fd8,23,2.0,,,,11.06,11.44,9.55,9.57,11.33,9.92
2025-12-17T09:30:19.948738,Recipe_C,5cbad24a-7923-4766-93ce-efd7023b5fd8,23,2.0,,,,11.76,11.61,9.63,14.75,10.53,8.43
2025-12-17T09:30:20.948738,Recipe_C,5cbad24a-7923-4766-93ce-efd7023b5fd8,23,2.0,,,,11.85,11.66,9.89,8.05,12.89,9.52
2025-12-17T09:30:21.948738,Recipe_C,5cbad24a-7923-4766-93ce-efd7023b5fd8,23,2.0,,,,9.44,8.88,11.15,12.86,8.8,9.94
2025-12-17T09:30:22.948738,Recipe_C,5cbad24a-7923-4766-93ce-efd7023b5fd8,23,0.0,,,,0.0,0.0,0.0,0.0,0.0,0.0
2025-12-17T09:30:23.948738,Recipe_C,5cbad24a-7923-4766-93ce-efd7023b5fd8,23,0.0,,,,0.0,0.0,0.0,0.0,0.0,0.0
2025-12-17T09:30:24.948738,Recipe_C,5cbad24a-7923-4766-93ce-efd7023b5fd8,23,0.0,,,,0.0,0.0,0.0,0.0,0.0,0.0
2025-12-17T09:30:25.948738,Recipe_C,5cbad24a-7923-4766-93ce-efd7023b5fd8,23,0.0,,,,0.0,0.0,0.0,0.0,0.0,0.0
2025-12-17T09:30:26.948738,Recipe_C,5cbad24a-7923-4766-93ce-efd7023b5fd8,23,0.0,,,,0.0,0.0,0.0,0.0,0.0,0.0
2025-12-17T09:30:27.948738,Recipe_C,5cbad24a-7923-4766-93ce-efd7023b5fd8,23,0.0,,,,0.0,0.0,0.0,0.0,0.0,0.0
2025-12-17T09:30:28.948738,Recipe_C,5cbad24a-7923-4766-93ce-efd7023b5fd8,23,0.0,,,,0.0,0.0,0.0,0.0,0.0,0.0
2025-12-17T09:30:29.948738,Recipe_C,5cbad24a-7923-4766-93ce-efd7023b5fd8,23,0.0,,,,0.0,0.0,0.0,0.0,0.0,0.0
2025-12-17T09:30:30.948738,Recipe_C,5cbad24a-7923-4766-93ce-efd7023b5fd8,23,0.0,,,,0.0,0.0,0.0,0.0,0.0,0.0
2025-12-17T09:30:31.948738,Recipe_C,5cbad24a-7923-4766-93ce-efd7023b5fd8,23,0.0,,,,0.0,0.0,0.0,0.0,0.0,0.0
2025-12-17T09:30:32.948738,Recipe_C,5cbad24a-7923-4766-93ce-efd7023b5fd8,23,0.0,,,,0.0,0.0,0.0,0.0,0.0,0.0
2025-12-17T09:30:33.948738,Recipe_C,5cbad24a-7923-4766-93ce-efd7023b5fd8,23,0.0,,,,0.0,0.0,0.0,0.0,0.0,0.0
2025-12-17T09:30:34.948738,Recipe_C,5cbad24a-7923-4766-93ce-efd7023b5fd8,23,0.0,,,,0.0,0.0,0.0,0.0,0.0,0.0
2025-12-17T09:30:35.948738,Recipe_C,5cbad24a-7923-4766-93ce-efd7023b5fd8,23,0.0,,,,0.0,0.0,0.0,0.0,0.0,0.0
2025-12-17T09:30:36.948738,Recipe_C,5cbad24a-7923-4766-93ce-efd7023b5fd8,23,0.0,,,,0.0,0.0,0.0,0.0,0.0,0.0
2025-12-17T09:30:37.948738,Recipe_C,5cbad24a-7923-4766-93ce-efd7023b5fd8,23,0.0,,,,0.0,0.0,0.0,0.0,0.0,0.0
2025-12-17T09:30:38.948738,Recipe_C,5cbad24a-7923-4766-93ce-efd7023b5fd8,23,0.0,,,,0.0,0.0,0.0,0.0,0.0,0.0
2025-12-17T09:30:39.948738,Recipe_C,5cbad24a-7923-4766-93ce-efd7023b5fd8,23,0.0,,,,0.0,0.0,0.0,0.0,0.0,0.0
2025-12-17T09:30:40.948738,Recipe_C,5cbad24a-7923-4766-93ce-efd7023b5fd8,23,0.0,,,,0.0,0.0,0.0,0.0,0.0,0.0
2025-12-17T09:30:41.948738,Recipe_C,5cbad24a-7923-4766-93ce-efd7023b5fd8,23,0.0,,,,0.0,0.0,0.0,0.0,0.0,0.0
2025-12-17T09:30:42.948738,Recipe_C,5cbad24a-7923-4766-93ce-efd7023b5fd8,23,0.0,,,,0.0,0.0,0.0,0.0,0.0,0.0
2025-12-17T09:30:43.948738,Recipe_C,5cbad24a-7923-4766-93ce-efd7023b5fd8,23,0.0,,,,0.0,0.0,0.0,0.0,0.0,0.0
2025-12-17T09:30:44.948738,Recipe_C,5cbad24a-7923-4766-93ce-efd7023b5fd8,23,0.0,,,,0.0,0.0,0.0,0.0,0.0,0.0
2025-12-17T09:30:45.948738,Recipe_C,5cbad24a-7923-4766-93ce-efd7023b5fd8,23,0.0,,,,0.0,0.0,0.0,0.0,0.0,0.0
2025-12-17T09:30:46.948738,Recipe_C,5cbad24a-7923-4766-93ce-efd7023b5fd8,23,0.0,,,,0.0,0.0,0.0,0.0,0.0,0.0
2025-12-17T09:30:47.948738,Recipe_C,5cbad24a-7923-4766-93ce-efd7023b5fd8,23,0.0,,,,0.0,0.0,0.0,0.0,0.0,0.0
2025-12-17T09:30:48.948738,Recipe_C,5cbad24a-7923-4766-93ce-efd7023b5fd8,23,0.0,,,,0.0,0.0,0.0,0.0,0.0,0.0
2025-12-17T09:30:49.948738,Recipe_C,5cbad24a-7923-4766-93ce-efd7023b5fd8,23,0.0,,,,0.0,0.0,0.0,0.0,0.0,0.0
2025-12-17T09:30:50.948738,Recipe_C,5cbad24a-7923-4766-93ce-efd7023b5fd8,23,0.0,,,,0.0,0.0,0.0,0.0,0.0,0.0
2025-12-17T09:30:51.948738,Recipe_C,5cbad24a-7923-4766-93ce-efd7023b5fd8,23,0.0,,,,0.0,0.0,0.0,0.0,0.0,0.0
2025-12-17T09:30:52.948738,Recipe_C,5cbad24a-7923-4766-93ce-efd7023b5fd8,23,0.0,,,,0.0,0.0,0.0,0.0,0.0,0.0
2025-12-17T09:30:53.948738,Recipe_C,5cbad24a-7923-4766-93ce-efd7023b5fd8,23,0.0,,,,0.0,0.0,0.0,0.0,0.0,0.0
2025-12-17T09:30:54.948738,Recipe_C,5cbad24a-7923-4766-93ce-efd7023b5fd8,23,0.0,,,,0.0,0.0,0.0,0.0,0.0,0.0
2025-12-17T09:30:55.948738,Recipe_C,5cbad24a-7923-4766-93ce-efd7023b5fd8,23,0.0,,,,0.0,0.0,0.0,0.0,0.0,0.0
2025-12-17T09:30:56.948738,Recipe_C,5cbad24a-7923-4766-93ce-efd7023b5fd8,23,0.0,,,,0.0,0.0,0.0,0.0,0.0,0.0
2025-12-17T09:30:57.948738,Recipe_C,5cbad24a-7923-4766-93ce-efd7023b5fd8,23,2.0,,,,6.34,10.89,8.26,8.5,9.66,11.82
2025-12-17T09:30:58.948738,Recipe_C,5cbad24a-7923-4766-93ce-efd7023b5fd8,23,2.0,,,,8.0,10.53,10.62,11.14,11.3,11.3
2025-12-17T09:30:59.948738,Recipe_C,5cbad24a-7923-4766-93ce-efd7023b5fd8,23,2.0,,,,10.45,9.73,7.83,9.34,12.36,9.24
2025-12-17T09:31:00.948738,Recipe_C,5cbad24a-7923-4766-93ce-efd7023b5fd8,23,2.0,,,,6.35,11.54,9.62,9.47,11.05,9.45
2025-12-17T09:31:01.948738,Recipe_C,5cbad24a-7923-4766-93ce-efd7023b5fd8,23,2.0,,,,10.31,9.4,7.14,8.09,9.33,10.63
2025-12-17T09:31:02.948738,Recipe_C,5cbad24a-7923-4766-93ce-efd7023b5fd8,23,2.0,,,,11.06,9.09,7.3,11.64,9.76,10.83
2025-12-17T09:31:03.948738,Recipe_C,5cbad24a-7923-4766-93ce-efd7023b5fd8,23,2.0,,,,8.71,10.7,8.45,6.44,6.58,13.4
2025-12-17T09:31:04.948738,Recipe_C,5cbad24a-7923-4766-93ce-efd7023b5fd8,23,2.0,,,,9.14,9.25,5.93,13.35,10.63,7.82
2025-12-17T09:31:05.948738,Recipe_C,5cbad24a-7923-4766-93ce-efd7023b5fd8,23,2.0,,,,7.8,7.86,11.99,8.18,8.78,7.74
2025-12-17T09:31:06.948738,Recipe_C,5cbad24a-7923-4766-93ce-efd7023b5fd8,23,2.0,,,,7.7,9.31,10.28,7.03,9.51,11.29
2025-12-17T09:31:07.948738,Recipe_C,5cbad24a-7923-4766-93ce-efd7023b5fd8,23,2.0,,,,12.75,9.42,6.89,6.62,10.09,11.67
2025-12-17T09:31:08.948738,Recipe_C,5cbad24a-7923-4766-93ce-efd7023b5fd8,23,2.0,,,,12.92,9.42,8.34,9.71,8.65,6.0
2025-12-17T09:31:09.948738,Recipe_C,5cbad24a-7923-4766-93ce-efd7023b5fd8,23,2.0,,,,8.24,7.56,11.67,7.84,8.68,9.51
2025-12-17T09:31:10.948738,Recipe_C,5cbad24a-7923-4766-93ce-efd7023b5fd8,23,2.0,,,,9.65,11.37,14.47,11.56,10.67,12.1
2025-12-17T09:31:11.948738,Recipe_C,5cbad24a-7923-4766-93ce-efd7023b5fd8,23,2.0,,,,11.84,7.33,8.83,11.35,12.01,10.12
2025-12-17T09:31:12.948738,Recipe_C,5cbad24a-7923-4766-93ce-efd7023b5fd8,23,2.0,,,,10.8,6.92,11.06,10.92,11.08,14.97
2025-12-17T09:31:13.948738,Recipe_C,5cbad24a-7923-4766-93ce-efd7023b5fd8,23,2.0,,,,11.92,9.0,8.96,5.59,11.98,8.71
2025-12-17T09:31:14.948738,Recipe_C,5cbad24a-7923-4766-93ce-efd7023b5fd8,23,2.0,,,,9.78,11.09,7.42,13.55,9.21,6.53
2025-12-17T09:31:15.948738,Recipe_C,5cbad24a-7923-4766-93ce-efd7023b5fd8,23,2.0,,,,9.78,7.71,11.16,10.64,4.74,8.44
2025-12-17T09:31:16.948738,Recipe_C,5cbad24a-7923-4766-93ce-efd7023b5fd8,23,2.0,,,,4.85,8.94,11.8,8.28,11.59,11.36
2025-12-17T09:31:17.948738,Recipe_C,5cbad24a-7923-4766-93ce-efd7023b5fd8,23,2.0,,,,6.62,8.14,9.28,12.23,8.0,9.6
2025-12-17T09:31:18.948738,Recipe_C,5cbad24a-7923-4766-93ce-efd7023b5fd8,23,2.0,,,,14.14,10.13,7.75,10.67,7.78,9.02
2025-12-17T09:31:19.948738,Recipe_C,5cbad24a-7923-4766-93ce-efd7023b5fd8,23,2.0,,,,13.16,12.78,10.5,12.05,6.92,11.07
2025-12-17T09:31:20.948738,Recipe_C,5cbad24a-7923-4766-93ce-efd7023b5fd8,23,2.0,,,,9.45,11.82,12.25,12.55,9.99,8.73
2025-12-17T09:31:21.948738,Recipe_C,5cbad24a-7923-4766-93ce-efd7023b5fd8,23,2.0,,,,13.31,7.48,11.21,13.87,7.09,12.77
2025-12-17T09:31:22.948738,Recipe_C,5cbad24a-7923-4766-93ce-efd7023b5fd8,23,2.0,,,,6.43,10.36,8.49,10.98,9.77,11.83
2025-12-17T09:31:23.948738,Recipe_C,5cbad24a-7923-4766-93ce-efd7023b5fd8,23,2.0,,,,13.69,10.67,13.64,9.17,12.29,9.94
2025-12-17T09:31:24.948738,Recipe_C,5cbad24a-7923-4766-93ce-efd7023b5fd8,23,2.0,,,,7.36,10.49,10.74,9.69,11.22,9.04
2025-12-17T09:31:25.948738,Recipe_C,5cbad24a-7923-4766-93ce-efd7023b5fd8,23,2.0,,,,11.32,10.21,11.83,9.72,9.04,6.02
2025-12-17T09:31:26.948738,Recipe_C,5cbad24a-7923-4766-93ce-efd7023b5fd8,23,2.0,,,,10.87,12.62,11.39,10.97,8.18,9.57
2025-12-17T09:31:27.948738,Recipe_C,5cbad24a-7923-4766-93ce-efd7023b5fd8,23,2.0,,,,10.28,10.04,9.36,10.36,10.41,13.57
2025-12-17T09:31:28.948738,Recipe_C,5cbad24a-7923-4766-93ce-efd7023b5fd8,23,2.0,,,,7.93,10.31,14.22,10.41,10.01,10.0
2025-12-17T09:31:29.948738,Recipe_C,5cbad24a-7923-4766-93ce-efd7023b5fd8,23,2.0,,,,7.43,12.34,6.25,9.44,10.37,12.57
2025-12-17T09:31:30.948738,Recipe_C,5cbad24a-7923-4766-93ce-efd7023b5fd8,23,2.0,,,,8.42,10.01,9.43,11.1,8.69,13.45
2025-12-17T09:31:31.948738,Recipe_C,5cbad24a-7923-4766-93ce-efd7023b5fd8,23,2.0,,,,9.81,11.43,13.26,10.51,11.62,7.63
2025-12-17T09:31:32.948738,Recipe_C,5cbad24a-7923-4766-93ce-efd7023b5fd8,23,2.0,,,,12.1,7.6,7.03,12.77,8.58,13.56
2025-12-17T09:31:33.948738,Recipe_C,5cbad24a-7923-4766-93ce-efd7023b5fd8,23,2.0,,,,8.82,12.6,6.85,10.37,9.88,13.13
2025-12-17T09:31:34.948738,Recipe_C,5cbad24a-7923-4766-93ce-efd7023b5fd8,23,2.0,,,,8.51,11.97,9.76,10.4,10.91,10.53
2025-12-17T09:31:35.948738,Recipe_C,5cbad24a-7923-4766-93ce-efd7023b5fd8,23,2.0,,,,10.93,10.7,9.9,9.96,10.79,9.31
2025-12-17T09:31:36.948738,Recipe_C,5cbad24a-7923-4766-93ce-efd7023b5fd8,23,2.0,,,,9.86,9.12,9.08,11.47,10.83,7.61
2025-12-17T09:31:37.948738,Recipe_C,5cbad24a-7923-4766-93ce-efd7023b5fd8,23,2.0,,,,8.57,10.5,10.91,8.69,9.54,11.73
2025-12-17T09:31:38.948738,Recipe_C,5cbad24a-7923-4766-93ce-efd7023b5fd8,23,2.0,,,,10.24,10.37,12.33,8.8,10.25,11.32
2025-12-17T09:31:39.948738,Recipe_C,5cbad24a-7923-4766-93ce-efd7023b5fd8,23,2.0,,,,12.34,13.46,12.62,9.86,7.14,12.62
2025-12-17T09:31:40.948738,Recipe_C,5cbad24a-7923-4766-93ce-efd7023b5fd8,23,3.0,,,,12.89,10.34,8.8,10.82,8.5,9.78
2025-12-17T09:31:41.948738,Recipe_C,5cbad24a-7923-4766-93ce-efd7023b5fd8,23,3.0,,,,9.21,13.36,13.19,8.1,11.24,6.79
2025-12-17T09:31:42.948738,Recipe_C,5cbad24a-7923-4766-93ce-efd7023b5fd8,23,3.0,,,,11.25,11.53,10.0,8.58,8.68,9.08
2025-12-17T09:31:43.948738,Recipe_C,5cbad24a-7923-4766-93ce-efd7023b5fd8,23,3.0,,,,10.11,11.61,10.56,10.33,11.22,7.52
2025-12-17T09:31:44.948738,Recipe_C,5cbad24a-7923-4766-93ce-efd7023b5fd8,23,3.0,,,,10.83,11.55,7.29,10.61,10.5,9.27
2025-12-17T09:31:45.948738,Recipe_C,5cbad24a-7923-4766-93ce-efd7023b5fd8,23,3.0,,,,6.97,8.01,10.49,7.37,8.89,9.39
2025-12-17T09:31:46.948738,Recipe_C,5cbad24a-7923-4766-93ce-efd7023b5fd8,23,3.0,,,,8.16,7.92,10.59,10.95,13.51,11.97
2025-12-17T09:31:47.948738,Recipe_C,5cbad24a-7923-4766-93ce-efd7023b5fd8,23,3.0,,,,8.41,8.61,8.62,9.02,6.36,11.27
2025-12-17T09:31:47.948738,Recipe_C,5cbad24a-7923-4766-93ce-efd7023b5fd8,23,3.0,Warning_10,Simulated Warning occurred,Warning,,,,,,
2025-12-17T09:31:48.948738,Recipe_C,5cbad24a-7923-4766-93ce-efd7023b5fd8,23,3.0,,,,10.68,6.39,5.54,10.1,10.32,12.52
2025-12-17T09:31:49.948738,Recipe_C,5cbad24a-7923-4766-93ce-efd7023b5fd8,23,3.0,,,,8.91,12.11,8.28,10.19,10.5,11.74
2025-12-17T09:31:50.948738,Recipe_C,5cbad24a-7923-4766-93ce-efd7023b5fd8,23,3.0,,,,12.47,10.21,10.85,11.72,9.52,6.22
2025-12-17T09:31:51.948738,Recipe_C,5cbad24a-7923-4766-93ce-efd7023b5fd8,23,3.0,,,,12.19,11.32,12.05,7.93,12.01,13.01
2025-12-17T09:31:52.948738,Recipe_C,5cbad24a-7923-4766-93ce-efd7023b5fd8,23,3.0,,,,9.25,8.16,11.63,14.24,11.86,8.48
2025-12-17T09:31:53.948738,Recipe_C,5cbad24a-7923-4766-93ce-efd7023b5fd8,23,3.0,,,,8.44,7.46,13.05,9.24,8.47,6.53
2025-12-17T09:31:54.948738,Recipe_C,5cbad24a-7923-4766-93ce-efd7023b5fd8,23,3.0,,,,15.15,13.41,7.79,8.32,10.35,8.55
2025-12-17T09:31:55.948738,Recipe_C,5cbad24a-7923-4766-93ce-efd7023b5fd8,23,3.0,,,,9.07,10.62,9.04,9.45,13.53,9.18
2025-12-17T09:31:56.948738,Recipe_C,5cbad24a-7923-4766-93ce-efd7023b5fd8,23,3.0,,,,8.52,4.26,12.11,7.58,9.1,3.91
2025-12-17T09:31:57.948738,Recipe_C,5cbad24a-7923-4766-93ce-efd7023b5fd8,23,3.0,,,,8.69,13.14,8.51,9.39,11.08,10.73
2025-12-17T09:31:58.948738,Recipe_C,5cbad24a-7923-4766-93ce-efd7023b5fd8,23,3.0,,,,10.72,13.1,12.18,7.28,10.69,10.58
2025-12-17T09:31:59.948738,Recipe_C,5cbad24a-7923-4766-93ce-efd7023b5fd8,23,3.0,,,,10.51,10.69,11.4,12.17,11.62,9.61
2025-12-17T09:32:00.948738,Recipe_C,5cbad24a-7923-4766-93ce-efd7023b5fd8,23,3.0,,,,8.93,9.06,11.37,12.18,12.79,12.11
2025-12-17T09:32:01.948738,Recipe_C,5cbad24a-7923-4766-93ce-efd7023b5fd8,23,3.0,,,,10.53,12.31,11.07,9.46,13.57,9.54
2025-12-17T09:32:02.948738,Recipe_C,5cbad24a-7923-4766-93ce-efd7023b5fd8,23,3.0,,,,9.96,7.92,16.08,11.22,10.44,11.37
2025-12-17T09:32:03.948738,Recipe_C,5cbad24a-7923-4766-93ce-efd7023b5fd8,23,3.0,,,,11.68,12.74,10.08,7.92,10.88,5.02
2025-12-17T09:32:04.948738,Recipe_C,5cbad24a-7923-4766-93ce-efd7023b5fd8,23,3.0,,,,10.91,7.78,10.83,11.66,8.74,9.8
2025-12-17T09:32:05.948738,Recipe_C,5cbad24a-7923-4766-93ce-efd7023b5fd8,23,3.0,,,,10.93,10.4,12.65,5.61,12.44,10.64
2025-12-17T09:32:06.948738,Recipe_C,5cbad24a-7923-4766-93ce-efd7023b5fd8,23,3.0,,,,10.01,8.87,9.56,12.22,10.67,6.43
2025-12-17T09:32:07.948738,Recipe_C,5cbad24a-7923-4766-93ce-efd7023b5fd8,23,3.0,,,,10.35,10.94,9.19,8.26,11.36,7.14
2025-12-17T09:32:08.948738,Recipe_C,5cbad24a-7923-4766-93ce-efd7023b5fd8,23,3.0,,,,11.37,8.66,12.19,12.27,10.6,8.08
2025-12-17T09:32:09.948738,Recipe_C,5cbad24a-7923-4766-93ce-efd7023b5fd8,23,3.0,,,,7.93,10.42,13.13,10.36,12.21,7.46
2025-12-17T09:32:10.948738,Recipe_C,5cbad24a-7923-4766-93ce-efd7023b5fd8,23,3.0,,,,10.53,11.41,10.59,11.24,9.58,6.13
2025-12-17T09:32:11.948738,Recipe_C,5cbad24a-7923-4766-93ce-efd7023b5fd8,23,3.0,,,,9.32,12.23,9.11,9.43,6.88,7.9
2025-12-17T09:32:12.948738,Recipe_C,5cbad24a-7923-4766-93ce-efd7023b5fd8,23,3.0,,,,12.34,7.19,12.09,11.38,10.44,11.66
2025-12-17T09:32:13.948738,Recipe_C,5cbad24a-7923-4766-93ce-efd7023b5fd8,23,3.0,,,,7.97,10.58,7.64,8.77,11.26,7.59
2025-12-17T09:32:14.948738,Recipe_C,5cbad24a-7923-4766-93ce-efd7023b5fd8,23,3.0,,,,8.23,10.94,9.83,6.18,10.52,12.4
2025-12-17T09:32:15.948738,Recipe_C,5cbad24a-7923-4766-93ce-efd7023b5fd8,23,3.0,,,,8.52,10.19,9.5,9.93,10.61,7.95
2025-12-17T09:32:16.948738,Recipe_C,5cbad24a-7923-4766-93ce-efd7023b5fd8,23,3.0,,,,12.46,8.88,7.39,10.96,11.35,10.75
2025-12-17T09:32:17.948738,Recipe_C,5cbad24a-7923-4766-93ce-efd7023b5fd8,23,3.0,,,,7.0,9.22,11.1,11.14,8.92,10.99
2025-12-17T09:32:18.948738,Recipe_C,5cbad24a-7923-4766-93ce-efd7023b5fd8,23,2.0,,,,8.0,9.67,15.74,8.1,10.66,9.88
2025-12-17T09:32:19.948738,Recipe_C,5cbad24a-7923-4766-93ce-efd7023b5fd8,23,2.0,,,,9.49,12.35,10.6,6.61,6.57,9.45
2025-12-17T09:32:20.948738,Recipe_C,5cbad24a-7923-4766-93ce-efd7023b5fd8,23,2.0,,,,9.95,12.08,9.21,4.8,7.09,10.1
2025-12-17T09:32:21.948738,Recipe_C,5cbad24a-7923-4766-93ce-efd7023b5fd8,23,2.0,,,,11.16,8.93,11.91,11.66,12.23,10.09
2025-12-17T09:32:22.948738,Recipe_C,5cbad24a-7923-4766-93ce-efd7023b5fd8,23,2.0,,,,9.93,10.1,8.62,9.06,10.01,10.38
2025-12-17T09:32:23.948738,Recipe_C,5cbad24a-7923-4766-93ce-efd7023b5fd8,23,2.0,,,,10.27,9.72,9.32,9.92,9.74,12.83
2025-12-17T09:32:24.948738,Recipe_C,5cbad24a-7923-4766-93ce-efd7023b5fd8,23,2.0,,,,9.25,10.31,9.43,12.55,9.35,9.38
2025-12-17T09:32:25.948738,Recipe_C,5cbad24a-7923-4766-93ce-efd7023b5fd8,23,2.0,,,,11.28,12.63,12.95,9.74,12.15,8.13
2025-12-17T09:32:26.948738,Recipe_C,5cbad24a-7923-4766-93ce-efd7023b5fd8,23,2.0,,,,11.08,9.27,11.2,9.98,10.02,10.09
2025-12-17T09:32:27.948738,Recipe_C,5cbad24a-7923-4766-93ce-efd7023b5fd8,23,2.0,,,,11.08,10.57,14.57,7.25,11.56,10.06
2025-12-17T09:32:28.948738,Recipe_C,5cbad24a-7923-4766-93ce-efd7023b5fd8,23,2.0,,,,7.68,11.56,10.27,8.18,9.67,8.57
2025-12-17T09:32:29.948738,Recipe_C,5cbad24a-7923-4766-93ce-efd7023b5fd8,23,2.0,,,,9.35,9.14,9.63,7.55,10.85,12.6
2025-12-17T09:32:30.948738,Recipe_C,5cbad24a-7923-4766-93ce-efd7023b5fd8,23,2.0,,,,7.95,10.24,11.06,9.27,7.78,9.2
2025-12-17T09:32:31.948738,Recipe_C,5cbad24a-7923-4766-93ce-efd7023b5fd8,23,3.0,,,,7.52,8.96,7.02,5.45,9.59,15.99
2025-12-17T09:32:32.948738,Recipe_C,5cbad24a-7923-4766-93ce-efd7023b5fd8,23,3.0,,,,8.02,9.41,8.62,12.38,9.14,10.32
2025-12-17T09:32:33.948738,Recipe_C,5cbad24a-7923-4766-93ce-efd7023b5fd8,23,3.0,,,,8.76,6.62,11.02,8.09,8.16,10.7
2025-12-17T09:32:34.948738,Recipe_C,5cbad24a-7923-4766-93ce-efd7023b5fd8,23,3.0,,,,6.7,8.27,11.35,9.69,8.18,12.8
2025-12-17T09:32:35.948738,Recipe_C,5cbad24a-7923-4766-93ce-efd7023b5fd8,23,3.0,,,,6.67,9.48,9.85,9.48,10.69,11.24
2025-12-17T09:32:36.948738,Recipe_C,5cbad24a-7923-4766-93ce-efd7023b5fd8,23,3.0,,,,10.39,13.09,10.59,6.36,8.08,7.51
2025-12-17T09:32:37.948738,Recipe_C,5cbad24a-7923-4766-93ce-efd7023b5fd8,23,3.0,,,,9.16,10.3,12.86,7.5,11.69,10.69
2025-12-17T09:32:38.948738,Recipe_C,5cbad24a-7923-4766-93ce-efd7023b5fd8,23,3.0,,,,9.58,9.48,9.05,10.6,8.59,12.5
2025-12-17T09:32:39.948738,Recipe_C,5cbad24a-7923-4766-93ce-efd7023b5fd8,23,3.0,,,,11.18,10.23,10.65,12.59,10.51,12.07
2025-12-17T09:32:40.948738,Recipe_C,5cbad24a-7923-4766-93ce-efd7023b5fd8,23,3.0,,,,8.63,11.55,11.37,9.28,12.34,7.93
2025-12-17T09:32:41.948738,Recipe_C,5cbad24a-7923-4766-93ce-efd7023b5fd8,23,3.0,,,,9.01,10.36,11.51,10.2,8.4,10.69
2025-12-17T09:32:42.948738,Recipe_C,5cbad24a-7923-4766-93ce-efd7023b5fd8,23,3.0,,,,11.38,9.16,4.29,8.53,9.85,10.43
2025-12-17T09:32:43.948738,Recipe_C,5cbad24a-7923-4766-93ce-efd7023b5fd8,23,5.0,,,,12.21,9.36,10.04,8.54,10.4,11.83
2025-12-17T09:32:44.948738,Recipe_C,5cbad24a-7923-4766-93ce-efd7023b5fd8,23,5.0,,,,9.02,14.38,8.79,10.53,7.63,12.08
2025-12-17T09:32:45.948738,Recipe_C,5cbad24a-7923-4766-93ce-efd7023b5fd8,23,5.0,,,,11.71,12.69,11.16,10.97,11.75,10.72
2025-12-17T09:32:46.948738,Recipe_C,5cbad24a-7923-4766-93ce-efd7023b5fd8,23,5.0,,,,11.49,12.24,8.77,9.87,11.08,11.41
2025-12-17T09:32:47.948738,Recipe_C,5cbad24a-7923-4766-93ce-efd7023b5fd8,23,3.0,,,,8.26,10.75,9.08,13.4,10.66,12.59
2025-12-17T09:32:48.948738,Recipe_C,5cbad24a-7923-4766-93ce-efd7023b5fd8,23,3.0,,,,8.62,12.62,11.78,9.35,7.41,6.44
2025-12-17T09:32:49.948738,Recipe_C,5cbad24a-7923-4766-93ce-efd7023b5fd8,23,3.0,,,,6.21,9.52,13.06,10.37,4.3,8.69
2025-12-17T09:32:50.948738,Recipe_C,5cbad24a-7923-4766-93ce-efd7023b5fd8,23,3.0,,,,13.07,10.45,10.56,13.24,12.41,8.44
2025-12-17T09:32:51.948738,Recipe_C,5cbad24a-7923-4766-93ce-efd7023b5fd8,23,3.0,,,,7.85,10.03,11.59,10.28,7.61,10.43
2025-12-17T09:32:52.948738,Recipe_C,5cbad24a-7923-4766-93ce-efd7023b5fd8,23,3.0,,,,10.11,8.26,8.26,10.16,9.53,3.09
2025-12-17T09:32:53.948738,Recipe_C,5cbad24a-7923-4766-93ce-efd7023b5fd8,23,3.0,,,,11.63,12.13,10.38,10.7,13.37,8.41
2025-12-17T09:32:54.948738,Recipe_C,5cbad24a-7923-4766-93ce-efd7023b5fd8,23,3.0,,,,10.81,9.88,8.32,7.46,8.6,7.01
2025-12-17T09:32:55.948738,Recipe_C,5cbad24a-7923-4766-93ce-efd7023b5fd8,23,3.0,,,,6.14,9.28,12.45,9.89,10.36,10.23
2025-12-17T09:32:56.948738,Recipe_C,5cbad24a-7923-4766-93ce-efd7023b5fd8,23,3.0,,,,8.47,10.17,8.78,11.33,12.96,11.0
2025-12-17T09:32:57.948738,Recipe_C,5cbad24a-7923-4766-93ce-efd7023b5fd8,23,3.0,,,,11.63,11.46,11.06,8.81,11.26,9.17
2025-12-17T09:32:58.948738,Recipe_C,5cbad24a-7923-4766-93ce-efd7023b5fd8,23,3.0,,,,10.68,10.01,11.41,7.2,9.87,8.67
2025-12-17T09:32:59.948738,Recipe_C,5cbad24a-7923-4766-93ce-efd7023b5fd8,23,5.0,,,,11.47,11.28,6.28,11.94,9.36,14.14
2025-12-17T09:33:00.948738,Recipe_C,5cbad24a-7923-4766-93ce-efd7023b5fd8,23,5.0,,,,8.37,10.78,9.72,10.11,8.54,11.28
2025-12-17T09:33:01.948738,Recipe_C,5cbad24a-7923-4766-93ce-efd7023b5fd8,23,5.0,,,,9.46,11.18,5.16,9.54,7.16,8.33
2025-12-17T09:33:02.948738,Recipe_C,5cbad24a-7923-4766-93ce-efd7023b5fd8,23,5.0,,,,9.57,9.43,11.97,15.81,10.79,9.0
2025-12-17T09:33:03.948738,Recipe_C,5cbad24a-7923-4766-93ce-efd7023b5fd8,23,5.0,,,,11.37,9.89,12.2,7.75,10.19,12.52
2025-12-17T09:33:04.948738,Recipe_C,5cbad24a-7923-4766-93ce-efd7023b5fd8,23,5.0,,,,10.46,8.16,7.31,10.59,12.29,8.12
2025-12-17T09:33:05.948738,Recipe_C,5cbad24a-7923-4766-93ce-efd7023b5fd8,23,5.0,,,,10.71,11.86,13.49,6.91,11.04,9.68
2025-12-17T09:33:06.948738,Recipe_C,5cbad24a-7923-4766-93ce-efd7023b5fd8,23,5.0,,,,9.61,6.39,8.71,7.98,10.82,10.82
2025-12-17T09:33:07.948738,Recipe_C,5cbad24a-7923-4766-93ce-efd7023b5fd8,23,5.0,,,,10.42,13.71,11.64,13.42,14.13,9.8
2025-12-17T09:33:08.948738,Recipe_C,5cbad24a-7923-4766-93ce-efd7023b5fd8,23,5.0,,,,9.4,10.73,12.3,8.63,13.0,10.53
2025-12-17T09:33:09.948738,Recipe_C,5cbad24a-7923-4766-93ce-efd7023b5fd8,23,5.0,,,,9.43,12.48,9.29,12.38,7.77,9.13
2025-12-17T09:33:10.948738,Recipe_C,5cbad24a-7923-4766-93ce-efd7023b5fd8,23,5.0,,,,11.48,9.67,10.9,7.17,8.19,8.76
2025-12-17T09:33:11.948738,Recipe_C,5cbad24a-7923-4766-93ce-efd7023b5fd8,23,5.0,,,,6.36,4.65,11.67,7.88,10.28,9.33
2025-12-17T09:33:12.948738,Recipe_C,5cbad24a-7923-4766-93ce-efd7023b5fd8,23,5.0,,,,12.11,8.36,9.28,12.18,7.33,15.14
2025-12-17T09:33:13.948738,Recipe_C,5cbad24a-7923-4766-93ce-efd7023b5fd8,23,5.0,,,,10.53,7.45,11.11,10.11,11.15,8.36
2025-12-17T09:33:14.948738,Recipe_C,5cbad24a-7923-4766-93ce-efd7023b5fd8,23,5.0,,,,8.95,10.21,16.42,8.3,13.1,6.82
2025-12-17T09:33:15.948738,Recipe_C,5cbad24a-7923-4766-93ce-efd7023b5fd8,23,5.0,,,,12.96,12.01,8.08,7.26,9.14,10.6
2025-12-17T09:33:16.948738,Recipe_C,5cbad24a-7923-4766-93ce-efd7023b5fd8,23,5.0,,,,12.4,8.62,11.25,10.81,10.6,14.68
2025-12-17T09:33:17.948738,Recipe_C,5cbad24a-7923-4766-93ce-efd7023b5fd8,23,5.0,,,,10.46,7.59,8.6,11.15,11.59,10.37
2025-12-17T09:33:18.948738,Recipe_C,5cbad24a-7923-4766-93ce-efd7023b5fd8,23,5.0,,,,10.78,7.34,12.15,9.08,7.01,11.62
2025-12-17T09:33:19.948738,Recipe_C,5cbad24a-7923-4766-93ce-efd7023b5fd8,23,5.0,,,,6.96,9.92,9.59,6.87,12.6,5.93
2025-12-17T09:33:20.948738,Recipe_C,5cbad24a-7923-4766-93ce-efd7023b5fd8,23,5.0,,,,6.55,9.35,6.54,7.86,9.18,7.95
2025-12-17T09:33:21.948738,Recipe_C,5cbad24a-7923-4766-93ce-efd7023b5fd8,23,5.0,,,,9.29,11.81,10.63,10.93,8.92,9.53
2025-12-17T09:33:22.948738,Recipe_C,5cbad24a-7923-4766-93ce-efd7023b5fd8,23,5.0,,,,10.42,8.67,12.22,10.96,8.07,9.78
2025-12-17T09:33:23.948738,Recipe_C,5cbad24a-7923-4766-93ce-efd7023b5fd8,23,5.0,,,,7.4,9.53,9.75,7.3,7.0,9.56
2025-12-17T09:33:24.948738,Recipe_C,5cbad24a-7923-4766-93ce-efd7023b5fd8,23,5.0,,,,8.18,8.01,8.62,9.6,8.99,13.37
2025-12-17T09:33:25.948738,Recipe_C,5cbad24a-7923-4766-93ce-efd7023b5fd8,23,5.0,,,,12.47,7.16,15.7,8.43,8.72,12.37
2025-12-17T09:33:26.948738,Recipe_C,5cbad24a-7923-4766-93ce-efd7023b5fd8,23,5.0,,,,8.54,8.54,10.04,8.67,12.86,10.31
2025-12-17T09:33:27.948738,Recipe_C,5cbad24a-7923-4766-93ce-efd7023b5fd8,23,5.0,,,,7.86,12.38,12.4,11.81,12.06,10.17
2025-12-17T09:33:28.948738,Recipe_C,5cbad24a-7923-4766-93ce-efd7023b5fd8,23,5.0,,,,11.82,9.33,12.62,11.37,11.74,12.19
2025-12-17T09:33:29.948738,Recipe_C,5cbad24a-7923-4766-93ce-efd7023b5fd8,23,5.0,,,,13.44,10.66,8.12,8.26,11.07,10.43
2025-12-17T09:33:30.948738,Recipe_C,5cbad24a-7923-4766-93ce-efd7023b5fd8,23,5.0,,,,11.58,7.61,12.01,8.34,12.35,11.23
2025-12-17T09:33:31.948738,Recipe_C,5cbad24a-7923-4766-93ce-efd7023b5fd8,23,5.0,,,,7.68,10.04,14.07,8.08,8.47,11.41
2025-12-17T09:33:32.948738,Recipe_C,5cbad24a-7923-4766-93ce-efd7023b5fd8,23,5.0,,,,7.69,10.92,7.7,10.17,5.15,5.01
2025-12-17T09:33:33.948738,Recipe_C,5cbad24a-7923-4766-93ce-efd7023b5fd8,23,5.0,,,,10.72,10.35,10.26,10.5,10.57,11.44
2025-12-17T09:33:34.948738,Recipe_C,5cbad24a-7923-4766-93ce-efd7023b5fd8,23,5.0,,,,11.31,11.03,8.4,7.34,7.41,11.56
2025-12-17T09:33:35.948738,Recipe_C,5cbad24a-7923-4766-93ce-efd7023b5fd8,23,5.0,,,,9.46,11.77,15.05,9.49,10.79,8.95
2025-12-17T09:33:36.948738,Recipe_C,5cbad24a-7923-4766-93ce-efd7023b5fd8,23,5.0,,,,10.44,9.53,8.7,10.39,13.29,10.15
2025-12-17T09:33:37.948738,Recipe_C,5cbad24a-7923-4766-93ce-efd7023b5fd8,23,5.0,,,,6.67,11.27,7.39,7.22,4.52,8.95
2025-12-17T09:33:38.948738,Recipe_C,5cbad24a-7923-4766-93ce-efd7023b5fd8,23,5.0,,,,10.98,9.13,13.49,12.08,8.73,12.37
2025-12-17T09:33:39.948738,Recipe_C,5cbad24a-7923-4766-93ce-efd7023b5fd8,23,5.0,,,,10.65,10.03,10.68,10.67,9.92,15.19
2025-12-17T09:33:40.948738,Recipe_C,5cbad24a-7923-4766-93ce-efd7023b5fd8,23,5.0,,,,13.74,10.97,11.12,9.07,7.24,12.15
2025-12-17T09:33:41.948738,Recipe_C,5cbad24a-7923-4766-93ce-efd7023b5fd8,23,5.0,,,,12.35,9.87,7.74,11.23,6.14,13.63
2025-12-17T09:33:42.948738,Recipe_C,5cbad24a-7923-4766-93ce-efd7023b5fd8,23,5.0,,,,9.17,12.86,9.08,9.13,10.63,13.45
2025-12-17T09:33:43.948738,Recipe_C,5cbad24a-7923-4766-93ce-efd7023b5fd8,23,5.0,,,,8.99,12.41,10.86,10.13,8.55,5.87
2025-12-17T09:33:44.948738,Recipe_C,5cbad24a-7923-4766-93ce-efd7023b5fd8,23,5.0,,,,7.97,7.88,10.91,13.25,11.0,9.37
2025-12-17T09:33:45.948738,Recipe_C,5cbad24a-7923-4766-93ce-efd7023b5fd8,23,5.0,,,,12.3,8.63,11.05,9.63,9.13,9.29
2025-12-17T09:33:46.948738,Recipe_C,5cbad24a-7923-4766-93ce-efd7023b5fd8,23,5.0,,,,8.67,8.75,11.77,9.74,8.23,12.31
2025-12-17T09:33:47.948738,Recipe_C,5cbad24a-7923-4766-93ce-efd7023b5fd8,23,5.0,,,,12.61,11.78,5.89,8.26,10.88,9.78
2025-12-17T09:33:48.948738,Recipe_C,5cbad24a-7923-4766-93ce-efd7023b5fd8,23,5.0,,,,8.94,12.59,8.67,12.86,6.77,11.42
2025-12-17T09:33:49.948738,Recipe_C,5cbad24a-7923-4766-93ce-efd7023b5fd8,23,5.0,,,,9.24,11.37,11.24,12.03,8.03,7.16
2025-12-17T09:33:50.948738,Recipe_C,5cbad24a-7923-4766-93ce-efd7023b5fd8,23,5.0,,,,11.31,10.33,11.42,8.19,7.29,9.23
2025-12-17T09:33:51.948738,Recipe_C,5cbad24a-7923-4766-93ce-efd7023b5fd8,23,5.0,,,,10.64,13.86,3.74,9.86,7.73,11.53
2025-12-17T09:33:52.948738,Recipe_C,5cbad24a-7923-4766-93ce-efd7023b5fd8,23,5.0,,,,11.92,9.23,11.78,10.36,9.52,8.66
2025-12-17T09:33:53.948738,Recipe_C,5cbad24a-7923-4766-93ce-efd7023b5fd8,23,5.0,,,,11.3,9.55,12.99,11.21,9.99,8.79
2025-12-17T09:33:54.948738,Recipe_C,5cbad24a-7923-4766-93ce-efd7023b5fd8,23,5.0,,,,8.72,8.81,12.05,7.48,10.56,10.57
2025-12-17T09:33:55.948738,Recipe_C,5cbad24a-7923-4766-93ce-efd7023b5fd8,23,5.0,,,,11.04,12.2,6.61,11.82,11.08,10.96
2025-12-17T09:33:56.948738,Recipe_C,5cbad24a-7923-4766-93ce-efd7023b5fd8,23,5.0,,,,9.15,7.29,7.56,9.04,9.24,8.31
2025-12-17T09:33:57.948738,Recipe_C,5cbad24a-7923-4766-93ce-efd7023b5fd8,23,5.0,,,,10.86,13.64,12.09,12.29,8.56,6.24
2025-12-17T09:33:58.948738,Recipe_C,5cbad24a-7923-4766-93ce-efd7023b5fd8,23,5.0,,,,12.42,11.22,8.89,6.88,6.59,13.39
2025-12-17T09:33:59.948738,Recipe_C,5cbad24a-7923-4766-93ce-efd7023b5fd8,23,5.0,,,,10.78,9.21,7.07,8.17,13.29,10.54
2025-12-17T09:34:00.948738,Recipe_C,5cbad24a-7923-4766-93ce-efd7023b5fd8,23,5.0,,,,7.94,12.22,12.24,7.88,13.16,10.38
2025-12-17T09:34:01.948738,Recipe_C,5cbad24a-7923-4766-93ce-efd7023b5fd8,23,5.0,,,,5.76,11.8,13.69,12.01,10.18,9.74
2025-12-17T09:34:02.948738,Recipe_C,5cbad24a-7923-4766-93ce-efd7023b5fd8,23,5.0,,,,12.57,9.01,6.8,9.2,10.09,8.65
2025-12-17T09:34:03.948738,Recipe_C,5cbad24a-7923-4766-93ce-efd7023b5fd8,23,5.0,,,,10.62,7.45,7.81,12.68,9.0,8.06
2025-12-17T09:34:04.948738,Recipe_C,5cbad24a-7923-4766-93ce-efd7023b5fd8,23,5.0,,,,9.59,10.6,9.83,10.45,10.75,10.88
2025-12-17T09:34:05.948738,Recipe_C,5cbad24a-7923-4766-93ce-efd7023b5fd8,23,5.0,,,,11.04,9.64,10.1,8.45,11.28,9.82
2025-12-17T09:34:06.948738,Recipe_C,5cbad24a-7923-4766-93ce-efd7023b5fd8,23,5.0,,,,12.79,10.98,7.34,12.48,11.97,12.05
2025-12-17T09:34:07.948738,Recipe_C,5cbad24a-7923-4766-93ce-efd7023b5fd8,23,5.0,,,,11.18,8.34,9.99,11.3,10.52,8.18
2025-12-17T09:34:08.948738,Recipe_C,5cbad24a-7923-4766-93ce-efd7023b5fd8,23,5.0,,,,10.41,11.09,9.06,12.12,10.41,12.08
2025-12-17T09:34:09.948738,Recipe_C,5cbad24a-7923-4766-93ce-efd7023b5fd8,23,5.0,,,,8.79,8.83,14.29,11.93,8.71,7.72
2025-12-17T09:34:10.948738,Recipe_C,5cbad24a-7923-4766-93ce-efd7023b5fd8,23,5.0,,,,9.95,8.39,11.87,11.27,7.78,12.15
2025-12-17T09:34:11.948738,Recipe_C,5cbad24a-7923-4766-93ce-efd7023b5fd8,23,5.0,,,,11.05,12.93,13.77,4.92,8.22,5.93
2025-12-17T09:34:12.948738,Recipe_C,5cbad24a-7923-4766-93ce-efd7023b5fd8,23,5.0,,,,8.23,11.21,6.02,11.48,9.63,8.87
2025-12-17T09:34:13.948738,Recipe_C,5cbad24a-7923-4766-93ce-efd7023b5fd8,23,5.0,,,,5.62,9.31,12.46,9.26,10.95,8.91
2025-12-17T09:34:14.948738,Recipe_C,5cbad24a-7923-4766-93ce-efd7023b5fd8,23,5.0,,,,9.4,10.15,12.22,5.99,7.9,8.03
2025-12-17T09:34:15.948738,Recipe_C,5cbad24a-7923-4766-93ce-efd7023b5fd8,23,5.0,,,,11.1,9.24,12.79,9.07,11.12,10.76
2025-12-17T09:34:16.948738,Recipe_C,5cbad24a-7923-4766-93ce-efd7023b5fd8,23,5.0,,,,13.73,10.31,6.02,14.38,7.37,12.29
2025-12-17T09:34:17.948738,Recipe_C,5cbad24a-7923-4766-93ce-efd7023b5fd8,23,5.0,,,,10.81,11.23,9.73,8.64,11.63,11.65
2025-12-17T09:34:18.948738,Recipe_C,5cbad24a-7923-4766-93ce-efd7023b5fd8,23,5.0,,,,12.88,13.39,10.3,11.74,9.44,8.83
2025-12-17T09:34:19.948738,Recipe_C,5cbad24a-7923-4766-93ce-efd7023b5fd8,23,5.0,,,,11.67,11.7,8.82,10.74,15.71,11.3
2025-12-17T09:34:20.948738,Recipe_C,5cbad24a-7923-4766-93ce-efd7023b5fd8,23,5.0,,,,9.17,9.26,11.95,6.83,12.69,9.72
2025-12-17T09:34:21.948738,Recipe_C,5cbad24a-7923-4766-93ce-efd7023b5fd8,23,5.0,,,,8.43,11.83,10.67,10.14,8.08,12.06
2025-12-17T09:34:22.948738,Recipe_C,5cbad24a-7923-4766-93ce-efd7023b5fd8,23,5.0,,,,12.27,7.11,10.54,14.08,8.65,7.48
2025-12-17T09:34:23.948738,Recipe_C,5cbad24a-7923-4766-93ce-efd7023b5fd8,23,5.0,,,,12.19,12.08,7.9,9.76,8.02,12.52
2025-12-17T09:34:24.948738,Recipe_C,5cbad24a-7923-4766-93ce-efd7023b5fd8,23,5.0,,,,10.14,7.98,11.45,10.15,7.54,10.94
2025-12-17T09:34:25.948738,Recipe_C,5cbad24a-7923-4766-93ce-efd7023b5fd8,23,5.0,,,,9.21,10.12,12.38,9.92,9.98,14.11
2025-12-17T09:34:26.948738,Recipe_C,5cbad24a-7923-4766-93ce-efd7023b5fd8,23,5.0,,,,8.76,10.09,13.93,9.85,10.55,14.59
2025-12-17T09:34:27.948738,Recipe_C,5cbad24a-7923-4766-93ce-efd7023b5fd8,23,5.0,,,,10.71,5.7,6.58,8.29,11.92,7.04
2025-12-17T09:34:28.948738,Recipe_C,5cbad24a-7923-4766-93ce-efd7023b5fd8,23,5.0,,,,9.69,11.71,12.46,7.7,9.33,9.38
2025-12-17T09:34:29.948738,Recipe_C,5cbad24a-7923-4766-93ce-efd7023b5fd8,23,5.0,,,,9.9,4.78,11.08,10.22,10.39,9.83
2025-12-17T09:34:30.948738,Recipe_C,5cbad24a-7923-4766-93ce-efd7023b5fd8,23,5.0,,,,8.43,9.35,7.16,10.35,8.93,10.13
2025-12-17T09:34:31.948738,Recipe_C,5cbad24a-7923-4766-93ce-efd7023b5fd8,23,4.0,,,,91.6,50.1,54.79,50.29,51.14,57.27
2025-12-17T09:34:32.948738,Recipe_C,5cbad24a-7923-4766-93ce-efd7023b5fd8,23,4.0,,,,103.18,59.7,49.72,46.38,47.24,50.66
2025-12-17T09:34:33.948738,Recipe_C,5cbad24a-7923-4766-93ce-efd7023b5fd8,23,4.0,,,,102.29,39.89,45.36,40.0,42.69,51.45
2025-12-17T09:34:34.948738,Recipe_C,5cbad24a-7923-4766-93ce-efd7023b5fd8,23,4.0,,,,93.99,50.96,45.1,52.34,62.61,48.84
2025-12-17T09:34:35.948738,Recipe_C,5cbad24a-7923-4766-93ce-efd7023b5fd8,23,4.0,,,,103.0,48.38,51.08,58.36,43.92,58.87
2025-12-17T09:34:36.948738,Recipe_C,5cbad24a-7923-4766-93ce-efd7023b5fd8,23,4.0,,,,102.51,47.02,56.68,47.79,44.95,42.2
2025-12-17T09:34:37.948738,Recipe_C,5cbad24a-7923-4766-93ce-efd7023b5fd8,23,4.0,,,,102.41,48.64,48.57,64.14,39.61,47.36
2025-12-17T09:34:38.948738,Recipe_C,5cbad24a-7923-4766-93ce-efd7023b5fd8,23,4.0,,,,87.17,47.24,47.74,50.77,44.43,46.88
2025-12-17T09:34:39.948738,Recipe_C,5cbad24a-7923-4766-93ce-efd7023b5fd8,23,4.0,,,,102.35,48.69,55.46,51.33,52.74,56.42
2025-12-17T09:34:40.948738,Recipe_C,5cbad24a-7923-4766-93ce-efd7023b5fd8,23,4.0,,,,95.16,47.5,58.35,46.25,49.96,60.21
2025-12-17T09:34:41.948738,Recipe_C,5cbad24a-7923-4766-93ce-efd7023b5fd8,23,3.0,,,,7.99,9.37,10.11,9.06,8.27,9.62
2025-12-17T09:34:42.948738,Recipe_C,5cbad24a-7923-4766-93ce-efd7023b5fd8,23,3.0,,,,7.81,12.48,10.65,12.9,13.12,11.27
2025-12-17T09:34:43.948738,Recipe_C,5cbad24a-7923-4766-93ce-efd7023b5fd8,23,3.0,,,,10.92,9.44,10.38,12.38,7.18,12.21
2025-12-17T09:34:44.948738,Recipe_C,5cbad24a-7923-4766-93ce-efd7023b5fd8,23,3.0,,,,11.35,8.93,11.66,16.36,12.08,9.87
2025-12-17T09:34:45.948738,Recipe_C,5cbad24a-7923-4766-93ce-efd7023b5fd8,23,3.0,,,,13.64,11.4,8.02,10.43,6.92,9.52
2025-12-17T09:34:46.948738,Recipe_C,5cbad24a-7923-4766-93ce-efd7023b5fd8,23,3.0,,,,10.13,11.2,9.78,10.47,7.37,11.97
2025-12-17T09:34:47.948738,Recipe_C,5cbad24a-7923-4766-93ce-efd7023b5fd8,23,3.0,,,,8.15,11.25,9.37,10.39,8.76,10.1
2025-12-17T09:34:48.948738,Recipe_C,5cbad24a-7923-4766-93ce-efd7023b5fd8,23,3.0,,,,14.54,5.72,6.93,10.49,9.9,7.86
2025-12-17T09:34:49.948738,Recipe_C,5cbad24a-7923-4766-93ce-efd7023b5fd8,23,3.0,,,,8.05,10.34,12.51,10.34,13.59,8.46
2025-12-17T09:34:50.948738,Recipe_C,5cbad24a-7923-4766-93ce-efd7023b5fd8,23,3.0,,,,11.0,10.46,10.4,7.73,11.9,8.53
2025-12-17T09:34:51.948738,Recipe_C,5cbad24a-7923-4766-93ce-efd7023b5fd8,23,3.0,,,,11.7,12.62,11.65,13.5,9.7,9.81
2025-12-17T09:34:52.948738,Recipe_C,5cbad24a-7923-4766-93ce-efd7023b5fd8,23,5.0,,,,13.73,9.93,10.16,13.59,9.62,8.34
2025-12-17T09:34:53.948738,Recipe_C,5cbad24a-7923-4766-93ce-efd7023b5fd8,23,5.0,,,,7.98,5.98,10.57,10.59,10.18,9.44
2025-12-17T09:34:54.948738,Recipe_C,5cbad24a-7923-4766-93ce-efd7023b5fd8,23,5.0,,,,8.73,14.11,11.99,8.65,4.99,8.91
2025-12-17T09:34:55.948738,Recipe_C,5cbad24a-7923-4766-93ce-efd7023b5fd8,23,5.0,,,,9.38,10.92,8.52,10.48,7.73,8.39
2025-12-17T09:34:56.948738,Recipe_C,5cbad24a-7923-4766-93ce-efd7023b5fd8,23,5.0,,,,11.87,6.93,6.45,10.18,14.62,13.17
2025-12-17T09:34:57.948738,Recipe_C,5cbad24a-7923-4766-93ce-efd7023b5fd8,23,5.0,,,,8.92,9.1,11.58,11.92,9.45,10.82
2025-12-17T09:34:58.948738,Recipe_C,5cbad24a-7923-4766-93ce-efd7023b5fd8,23,5.0,,,,13.01,11.28,6.73,10.12,10.09,10.8
2025-12-17T09:34:59.948738,Recipe_C,5cbad24a-7923-4766-93ce-efd7023b5fd8,23,5.0,,,,9.49,11.48,8.35,9.69,8.57,9.43
2025-12-17T09:35:00.948738,Recipe_C,5cbad24a-7923-4766-93ce-efd7023b5fd8,23,5.0,,,,10.05,8.18,9.78,8.11,8.22,7.75
2025-12-17T09:35:01.948738,Recipe_C,5cbad24a-7923-4766-93ce-efd7023b5fd8,23,5.0,,,,5.6,8.23,10.44,9.65,13.36,10.79
2025-12-17T09:35:02.948738,Recipe_C,5cbad24a-7923-4766-93ce-efd7023b5fd8,23,5.0,,,,13.26,9.4,7.18,8.66,7.19,11.27
2025-12-17T09:35:03.948738,Recipe_C,5cbad24a-7923-4766-93ce-efd7023b5fd8,23,5.0,,,,10.05,11.32,7.92,11.34,7.19,6.72
2025-12-17T09:35:04.948738,Recipe_C,5cbad24a-7923-4766-93ce-efd7023b5fd8,23,5.0,,,,11.23,10.04,12.21,11.05,10.43,11.96
2025-12-17T09:35:05.948738,Recipe_C,5cbad24a-7923-4766-93ce-efd7023b5fd8,23,5.0,,,,10.45,11.64,9.61,11.03,7.77,9.49
2025-12-17T09:35:06.948738,Recipe_C,5cbad24a-7923-4766-93ce-efd7023b5fd8,23,5.0,,,,8.01,11.56,9.27,10.75,12.0,7.26
2025-12-17T09:35:07.948738,Recipe_C,5cbad24a-7923-4766-93ce-efd7023b5fd8,23,5.0,,,,6.62,11.55,10.65,10.22,9.99,12.69
2025-12-17T09:35:08.948738,Recipe_C,5cbad24a-7923-4766-93ce-efd7023b5fd8,23,5.0,,,,10.41,9.73,13.4,9.69,12.9,10.07
2025-12-17T09:35:09.948738,Recipe_C,5cbad24a-7923-4766-93ce-efd7023b5fd8,23,5.0,,,,9.35,9.07,7.59,10.78,11.06,8.72
2025-12-17T09:35:10.948738,Recipe_C,5cbad24a-7923-4766-93ce-efd7023b5fd8,23,5.0,,,,6.74,14.95,11.35,10.55,11.54,12.94
2025-12-17T09:35:11.948738,Recipe_C,5cbad24a-7923-4766-93ce-efd7023b5fd8,23,5.0,,,,10.93,9.24,9.93,7.63,9.28,8.0
2025-12-17T09:35:12.948738,Recipe_C,5cbad24a-7923-4766-93ce-efd7023b5fd8,23,5.0,,,,12.67,10.6,9.04,12.33,10.33,8.31
2025-12-17T09:35:13.948738,Recipe_C,5cbad24a-7923-4766-93ce-efd7023b5fd8,23,5.0,,,,6.38,11.73,14.42,10.65,8.02,9.88
2025-12-17T09:35:14.948738,Recipe_C,5cbad24a-7923-4766-93ce-efd7023b5fd8,23,5.0,,,,12.38,9.51,12.11,11.66,11.77,9.55
2025-12-17T09:35:15.948738,Recipe_C,5cbad24a-7923-4766-93ce-efd7023b5fd8,23,5.0,,,,6.07,10.45,6.61,9.94,6.84,8.31
2025-12-17T09:35:16.948738,Recipe_C,5cbad24a-7923-4766-93ce-efd7023b5fd8,23,5.0,,,,5.08,9.55,11.12,10.4,9.91,9.47
2025-12-17T09:35:17.948738,Recipe_C,5cbad24a-7923-4766-93ce-efd7023b5fd8,23,5.0,,,,9.26,9.25,9.02,11.77,10.41,7.33
2025-12-17T09:35:18.948738,Recipe_C,5cbad24a-7923-4766-93ce-efd7023b5fd8,23,5.0,,,,10.34,12.76,10.92,7.67,10.81,11.15
2025-12-17T09:35:19.948738,Recipe_C,5cbad24a-7923-4766-93ce-efd7023b5fd8,23,2.0,,,,9.21,10.96,8.76,11.23,11.46,9.55
2025-12-17T09:35:20.948738,Recipe_C,5cbad24a-7923-4766-93ce-efd7023b5fd8,23,0.0,,,,0.0,0.0,0.0,0.0,0.0,0.0
2025-12-17T09:35:21.948738,Recipe_C,5cbad24a-7923-4766-93ce-efd7023b5fd8,23,4.0,,,,102.08,51.12,51.93,46.14,62.95,52.4
2025-12-17T09:35:22.948738,Recipe_C,5cbad24a-7923-4766-93ce-efd7023b5fd8,23,4.0,,,,104.07,49.62,53.46,62.68,43.87,51.98
2025-12-17T09:35:23.948738,Recipe_C,5cbad24a-7923-4766-93ce-efd7023b5fd8,23,4.0,,,,105.91,45.06,52.56,50.5,46.86,51.13
2025-12-17T09:35:24.948738,Recipe_C,5cbad24a-7923-4766-93ce-efd7023b5fd8,23,4.0,,,,99.24,45.6,44.11,53.07,53.44,48.92
2025-12-17T09:35:25.948738,Recipe_C,5cbad24a-7923-4766-93ce-efd7023b5fd8,23,4.0,,,,107.24,57.1,54.12,52.29,53.26,50.86
2025-12-17T09:35:26.948738,Recipe_C,5cbad24a-7923-4766-93ce-efd7023b5fd8,23,4.0,,,,103.77,58.53,45.42,42.98,49.91,50.27
2025-12-17T09:35:27.948738,Recipe_C,5cbad24a-7923-4766-93ce-efd7023b5fd8,23,4.0,,,,98.49,45.65,48.1,45.08,43.63,52.41
2025-12-17T09:35:28.948738,Recipe_C,5cbad24a-7923-4766-93ce-efd7023b5fd8,23,4.0,,,,85.49,52.93,57.2,44.24,48.38,53.34
2025-12-17T09:35:29.948738,Recipe_C,5cbad24a-7923-4766-93ce-efd7023b5fd8,23,4.0,,,,99.56,49.24,59.47,44.57,45.35,60.03
2025-12-17T09:35:30.948738,Recipe_C,5cbad24a-7923-4766-93ce-efd7023b5fd8,23,4.0,,,,106.37,56.43,48.33,58.14,54.28,57.57
2025-12-17T09:35:31.948738,Recipe_C,5cbad24a-7923-4766-93ce-efd7023b5fd8,23,4.0,,,,99.58,49.75,47.44,50.84,46.95,61.4
2025-12-17T09:35:32.948738,Recipe_C,5cbad24a-7923-4766-93ce-efd7023b5fd8,23,4.0,,,,94.64,49.83,43.83,58.57,55.84,44.41
2025-12-17T09:35:33.948738,Recipe_C,5cbad24a-7923-4766-93ce-efd7023b5fd8,23,4.0,,,,94.79,48.91,51.18,52.72,63.37,54.97
2025-12-17T09:35:34.948738,Recipe_C,5cbad24a-7923-4766-93ce-efd7023b5fd8,23,4.0,,,,97.46,49.36,54.17,52.15,54.27,46.74
2025-12-17T09:35:35.948738,Recipe_C,5cbad24a-7923-4766-93ce-efd7023b5fd8,23,4.0,,,,104.06,53.52,50.54,42.31,49.91,51.1
2025-12-17T09:35:36.948738,Recipe_C,5cbad24a-7923-4766-93ce-efd7023b5fd8,23,4.0,,,,91.81,47.18,49.12,48.19,50.98,51.26
2025-12-17T09:35:37.948738,Recipe_C,5cbad24a-7923-4766-93ce-efd7023b5fd8,23,4.0,,,,105.16,49.48,48.69,50.51,54.14,53.57
2025-12-17T09:35:38.948738,Recipe_C,5cbad24a-7923-4766-93ce-efd7023b5fd8,23,4.0,,,,101.57,52.23,48.57,47.48,51.83,53.84
2025-12-17T09:35:39.948738,Recipe_C,5cbad24a-7923-4766-93ce-efd7023b5fd8,23,4.0,,,,103.29,48.56,55.44,49.92,45.67,52.45
2025-12-17T09:35:40.948738,Recipe_C,5cbad24a-7923-4766-93ce-efd7023b5fd8,23,4.0,,,,104.82,57.56,52.89,42.25,54.77,52.8
2025-12-17T09:35:41.948738,Recipe_C,5cbad24a-7923-4766-93ce-efd7023b5fd8,23,4.0,,,,106.83,41.52,49.52,49.4,44.62,56.35
2025-12-17T09:35:42.948738,Recipe_C,5cbad24a-7923-4766-93ce-efd7023b5fd8,23,4.0,,,,102.86,48.39,55.34,55.51,45.12,45.09
2025-12-17T09:35:43.948738,Recipe_C,5cbad24a-7923-4766-93ce-efd7023b5fd8,23,4.0,,,,97.97,52.72,49.26,48.81,56.11,47.5
2025-12-17T09:35:44.948738,Recipe_C,5cbad24a-7923-4766-93ce-efd7023b5fd8,23,4.0,,,,95.45,61.29,54.39,43.39,55.17,38.74
2025-12-17T09:35:45.948738,Recipe_C,5cbad24a-7923-4766-93ce-efd7023b5fd8,23,4.0,,,,97.24,63.41,47.48,55.0,48.11,56.82
2025-12-17T09:35:46.948738,Recipe_C,5cbad24a-7923-4766-93ce-efd7023b5fd8,23,4.0,,,,101.64,48.89,46.45,41.02,49.14,54.08
2025-12-17T09:35:47.948738,Recipe_C,5cbad24a-7923-4766-93ce-efd7023b5fd8,23,4.0,,,,96.67,53.24,47.74,50.57,50.24,53.54
2025-12-17T09:35:48.948738,Recipe_C,5cbad24a-7923-4766-93ce-efd7023b5fd8,23,4.0,,,,101.55,54.23,52.98,58.65,55.79,52.82
2025-12-17T09:35:49.948738,Recipe_C,5cbad24a-7923-4766-93ce-efd7023b5fd8,23,4.0,,,,89.98,52.34,38.88,47.26,54.0,56.61
2025-12-17T09:35:50.948738,Recipe_C,5cbad24a-7923-4766-93ce-efd7023b5fd8,23,4.0,,,,107.86,45.14,51.73,44.62,52.61,48.96
2025-12-17T09:35:51.948738,Recipe_C,5cbad24a-7923-4766-93ce-efd7023b5fd8,23,4.0,,,,111.56,46.61,52.25,57.04,50.84,54.76
2025-12-17T09:35:52.948738,Recipe_C,5cbad24a-7923-4766-93ce-efd7023b5fd8,23,4.0,,,,103.97,53.12,46.75,47.6,37.85,49.65
2025-12-17T09:35:53.948738,Recipe_C,5cbad24a-7923-4766-93ce-efd7023b5fd8,23,4.0,,,,101.42,47.17,51.77,49.31,47.89,44.81
2025-12-17T09:35:54.948738,Recipe_C,5cbad24a-7923-4766-93ce-efd7023b5fd8,23,4.0,,,,103.34,47.76,52.8,50.21,49.8,42.79
2025-12-17T09:35:55.948738,Recipe_C,5cbad24a-7923-4766-93ce-efd7023b5fd8,23,4.0,,,,103.24,45.21,51.87,45.32,44.82,46.06
2025-12-17T09:35:56.948738,Recipe_C,5cbad24a-7923-4766-93ce-efd7023b5fd8,23,4.0,,,,88.95,55.93,49.64,47.87,48.82,51.96
2025-12-17T09:35:57.948738,Recipe_C,5cbad24a-7923-4766-93ce-efd7023b5fd8,23,4.0,,,,102.74,52.67,53.05,50.55,46.05,49.7
2025-12-17T09:35:58.948738,Recipe_C,5cbad24a-7923-4766-93ce-efd7023b5fd8,23,4.0,,,,100.88,58.87,49.51,53.68,51.44,52.26
2025-12-17T09:35:59.948738,Recipe_C,5cbad24a-7923-4766-93ce-efd7023b5fd8,23,4.0,,,,91.26,58.54,54.16,46.53,48.65,49.99
2025-12-17T09:36:00.948738,Recipe_C,5cbad24a-7923-4766-93ce-efd7023b5fd8,23,4.0,,,,94.72,49.51,36.86,50.33,47.64,52.68
2025-12-17T09:36:01.948738,Recipe_C,5cbad24a-7923-4766-93ce-efd7023b5fd8,23,4.0,,,,90.72,47.48,44.04,49.12,54.48,50.04
2025-12-17T09:36:02.948738,Recipe_C,5cbad24a-7923-4766-93ce-efd7023b5fd8,23,4.0,,,,100.37,49.1,51.31,43.61,46.31,59.57
2025-12-17T09:36:03.948738,Recipe_C,5cbad24a-7923-4766-93ce-efd7023b5fd8,23,2.0,,,,11.75,10.19,8.54,9.0,9.87,10.27
2025-12-17T09:36:04.948738,Recipe_C,5cbad24a-7923-4766-93ce-efd7023b5fd8,23,2.0,,,,9.19,14.22,8.93,9.85,11.93,9.49
2025-12-17T09:36:05.948738,Recipe_C,5cbad24a-7923-4766-93ce-efd7023b5fd8,23,2.0,,,,10.53,10.9,10.41,13.03,9.11,9.06
2025-12-17T09:36:06.948738,Recipe_C,5cbad24a-7923-4766-93ce-efd7023b5fd8,23,2.0,,,,13.09,7.34,9.8,9.83,12.32,8.91
2025-12-17T09:36:07.948738,Recipe_C,5cbad24a-7923-4766-93ce-efd7023b5fd8,23,2.0,,,,8.08,10.86,12.11,12.48,9.04,7.59
2025-12-17T09:36:08.948738,Recipe_C,5cbad24a-7923-4766-93ce-efd7023b5fd8,23,2.0,,,,8.72,9.52,10.28,8.34,10.45,6.55
2025-12-17T09:36:09.948738,Recipe_C,5cbad24a-7923-4766-93ce-efd7023b5fd8,23,2.0,,,,9.04,9.26,7.09,9.7,10.76,11.98
2025-12-17T09:36:10.948738,Recipe_C,5cbad24a-7923-4766-93ce-efd7023b5fd8,23,2.0,,,,8.38,9.36,10.22,9.43,9.47,8.6
2025-12-17T09:36:11.948738,Recipe_C,5cbad24a-7923-4766-93ce-efd7023b5fd8,23,2.0,,,,9.16,5.85,12.89,7.1,7.54,8.9
2025-12-17T09:36:12.948738,Recipe_C,5cbad24a-7923-4766-93ce-efd7023b5fd8,23,2.0,,,,8.61,8.85,11.46,8.3,10.71,8.77
2025-12-17T09:36:13.948738,Recipe_C,5cbad24a-7923-4766-93ce-efd7023b5fd8,23,2.0,,,,14.23,10.2,9.52,11.37,11.19,12.13
2025-12-17T09:36:14.948738,Recipe_C,5cbad24a-7923-4766-93ce-efd7023b5fd8,23,2.0,,,,8.41,13.45,8.14,8.2,10.75,5.53
2025-12-17T09:36:15.948738,Recipe_C,5cbad24a-7923-4766-93ce-efd7023b5fd8,23,2.0,,,,12.36,8.2,15.52,9.31,9.63,10.04
2025-12-17T09:36:16.948738,Recipe_C,5cbad24a-7923-4766-93ce-efd7023b5fd8,23,2.0,,,,11.28,15.36,10.06,8.85,10.19,11.23
2025-12-17T09:36:17.948738,Recipe_C,5cbad24a-7923-4766-93ce-efd7023b5fd8,23,2.0,,,,9.33,10.16,9.11,7.47,6.62,7.86
2025-12-17T09:36:18.948738,Recipe_C,5cbad24a-7923-4766-93ce-efd7023b5fd8,23,2.0,,,,9.33,8.04,10.76,9.57,10.89,12.81
2025-12-17T09:36:19.948738,Recipe_C,5cbad24a-7923-4766-93ce-efd7023b5fd8,23,2.0,,,,11.85,8.11,7.29,10.32,9.41,10.76
2025-12-17T09:36:20.948738,Recipe_C,5cbad24a-7923-4766-93ce-efd7023b5fd8,23,2.0,,,,4.86,8.74,8.36,12.86,9.03,10.12
2025-12-17T09:36:21.948738,Recipe_C,5cbad24a-7923-4766-93ce-efd7023b5fd8,23,2.0,,,,11.45,10.51,9.06,9.14,6.25,10.33
2025-12-17T09:36:22.948738,Recipe_C,5cbad24a-7923-4766-93ce-efd7023b5fd8,23,2.0,,,,6.67,13.67,7.91,9.93,6.69,13.21
2025-12-17T09:36:23.948738,Recipe_C,5cbad24a-7923-4766-93ce-efd7023b5fd8,23,2.0,,,,9.47,6.07,9.1,10.68,11.16,10.24
2025-12-17T09:36:24.948738,Recipe_C,5cbad24a-7923-4766-93ce-efd7023b5fd8,23,2.0,,,,10.95,6.41,10.94,11.72,10.45,7.54
2025-12-17T09:36:25.948738,Recipe_C,5cbad24a-7923-4766-93ce-efd7023b5fd8,23,2.0,,,,10.92,12.08,6.02,11.74,11.12,10.31
2025-12-17T09:36:26.948738,Recipe_C,5cbad24a-7923-4766-93ce-efd7023b5fd8,23,2.0,,,,13.08,9.01,11.11,12.24,10.89,12.09
2025-12-17T09:36:26.948738,Recipe_C,5cbad24a-7923-4766-93ce-efd7023b5fd8,23,2.0,Warning_3,Simulated Warning occurred,Warning,,,,,,
2025-12-17T09:36:27.948738,Recipe_C,5cbad24a-7923-4766-93ce-efd7023b5fd8,23,2.0,,,,10.92,10.95,8.2,8.22,8.06,9.23
2025-12-17T09:36:28.948738,Recipe_C,5cbad24a-7923-4766-93ce-efd7023b5fd8,23,2.0,,,,12.17,11.15,8.6,12.17,8.1,11.27
2025-12-17T09:36:29.948738,Recipe_C,5cbad24a-7923-4766-93ce-efd7023b5fd8,23,2.0,,,,11.11,11.12,7.43,8.98,12.98,12.02
2025-12-17T09:36:30.948738,Recipe_C,5cbad24a-7923-4766-93ce-efd7023b5fd8,23,2.0,,,,8.5,11.24,9.61,7.65,12.81,12.22
2025-12-17T09:36:31.948738,Recipe_C,5cbad24a-7923-4766-93ce-efd7023b5fd8,23,2.0,,,,13.22,14.36,10.0,10.72,10.99,8.82
2025-12-17T09:36:32.948738,Recipe_C,5cbad24a-7923-4766-93ce-efd7023b5fd8,23,2.0,,,,8.57,9.0,7.56,10.11,8.36,10.06
2025-12-17T09:36:33.948738,Recipe_C,5cbad24a-7923-4766-93ce-efd7023b5fd8,23,2.0,,,,10.99,10.72,8.3,11.76,12.89,8.49
2025-12-17T09:36:34.948738,Recipe_C,5cbad24a-7923-4766-93ce-efd7023b5fd8,23,2.0,,,,12.53,10.08,9.9,13.33,9.25,12.37
2025-12-17T09:36:35.948738,Recipe_C,5cbad24a-7923-4766-93ce-efd7023b5fd8,23,2.0,,,,12.65,7.05,13.98,12.57,7.6,10.01
2025-12-17T09:36:36.948738,Recipe_C,5cbad24a-7923-4766-93ce-efd7023b5fd8,23,2.0,,,,7.54,11.09,9.87,8.55,6.23,8.55
2025-12-17T09:36:37.948738,Recipe_C,5cbad24a-7923-4766-93ce-efd7023b5fd8,23,2.0,,,,12.55,11.71,7.85,9.11,10.56,10.97
2025-12-17T09:36:38.948738,Recipe_C,5cbad24a-7923-4766-93ce-efd7023b5fd8,23,2.0,,,,10.8,8.48,8.64,12.93,13.09,10.85
2025-12-17T09:36:39.948738,Recipe_C,5cbad24a-7923-4766-93ce-efd7023b5fd8,23,2.0,,,,8.12,8.1,12.47,13.26,12.58,7.95
2025-12-17T09:36:40.948738,Recipe_C,5cbad24a-7923-4766-93ce-efd7023b5fd8,23,2.0,,,,8.32,10.6,9.56,7.3,10.61,11.11
2025-12-17T09:36:41.948738,Recipe_C,5cbad24a-7923-4766-93ce-efd7023b5fd8,23,2.0,,,,10.9,6.17,9.02,9.24,11.28,7.3
2025-12-17T09:36:42.948738,Recipe_C,5cbad24a-7923-4766-93ce-efd7023b5fd8,23,2.0,,,,11.66,9.74,13.11,14.05,8.94,11.42
2025-12-17T09:36:43.948738,Recipe_C,5cbad24a-7923-4766-93ce-efd7023b5fd8,23,2.0,,,,12.67,9.95,9.18,12.9,11.79,9.06
2025-12-17T09:36:44.948738,Recipe_C,5cbad24a-7923-4766-93ce-efd7023b5fd8,23,2.0,,,,12.31,9.28,12.5,8.44,11.42,8.31
2025-12-17T09:36:45.948738,Recipe_C,5cbad24a-7923-4766-93ce-efd7023b5fd8,23,2.0,,,,11.92,11.1,7.77,8.83,12.5,9.65
2025-12-17T09:36:46.948738,Recipe_C,5cbad24a-7923-4766-93ce-efd7023b5fd8,23,2.0,,,,10.2,10.71,12.06,7.87,5.75,13.98
2025-12-17T09:36:47.948738,Recipe_C,5cbad24a-7923-4766-93ce-efd7023b5fd8,23,2.0,,,,7.36,8.72,9.22,14.0,10.04,10.49
2025-12-17T09:36:48.948738,Recipe_C,5cbad24a-7923-4766-93ce-efd7023b5fd8,23,2.0,,,,9.98,10.73,9.04,9.07,8.84,11.65
2025-12-17T09:36:49.948738,Recipe_C,5cbad24a-7923-4766-93ce-efd7023b5fd8,23,2.0,,,,11.16,7.17,6.07,12.46,10.92,8.54
2025-12-17T09:36:49.948738,Recipe_C,5cbad24a-7923-4766-93ce-efd7023b5fd8,23,2.0,Error_1,Simulated Error occurred,Error,,,,,,
2025-12-17T09:36:50.948738,Recipe_C,5cbad24a-7923-4766-93ce-efd7023b5fd8,23,2.0,,,,9.57,9.76,10.73,8.12,8.59,11.32
2025-12-17T09:36:51.948738,Recipe_C,5cbad24a-7923-4766-93ce-efd7023b5fd8,23,2.0,,,,10.15,10.78,12.23,10.01,6.01,8.97
2025-12-17T09:36:52.948738,Recipe_C,5cbad24a-7923-4766-93ce-efd7023b5fd8,23,2.0,,,,12.16,11.76,7.14,14.02,10.52,11.61
2025-12-17T09:36:53.948738,Recipe_C,5cbad24a-7923-4766-93ce-efd7023b5fd8,23,2.0,,,,9.52,10.21,11.42,8.62,10.61,9.64
2025-12-17T09:36:54.948738,Recipe_C,5cbad24a-7923-4766-93ce-efd7023b5fd8,23,2.0,,,,10.19,11.73,6.64,5.02,8.88,10.67
2025-12-17T09:36:55.948738,Recipe_C,5cbad24a-7923-4766-93ce-efd7023b5fd8,23,2.0,,,,9.39,9.52,5.49,8.18,9.02,10.68
2025-12-17T09:36:56.948738,Recipe_C,5cbad24a-7923-4766-93ce-efd7023b5fd8,23,2.0,,,,5.95,10.24,7.2,11.96,11.91,10.47
2025-12-17T09:36:57.948738,Recipe_C,5cbad24a-7923-4766-93ce-efd7023b5fd8,23,2.0,,,,12.48,7.56,9.73,12.43,12.35,9.79
2025-12-17T09:36:58.948738,Recipe_C,5cbad24a-7923-4766-93ce-efd7023b5fd8,23,2.0,,,,9.87,12.24,11.26,9.75,9.02,9.98
2025-12-17T09:36:59.948738,Recipe_C,5cbad24a-7923-4766-93ce-efd7023b5fd8,23,2.0,,,,11.49,13.74,6.14,12.22,7.59,9.98
2025-12-17T09:37:00.948738,Recipe_C,5cbad24a-7923-4766-93ce-efd7023b5fd8,23,2.0,,,,8.55,10.23,10.63,9.81,13.25,10.42
2025-12-17T09:37:01.948738,Recipe_C,5cbad24a-7923-4766-93ce-efd7023b5fd8,23,2.0,,,,8.1,10.03,4.38,11.52,12.63,7.78
2025-12-17T09:37:02.948738,Recipe_C,5cbad24a-7923-4766-93ce-efd7023b5fd8,23,2.0,,,,13.1,11.31,12.2,9.01,8.99,10.47
2025-12-17T09:37:03.948738,Recipe_C,5cbad24a-7923-4766-93ce-efd7023b5fd8,23,2.0,,,,11.15,11.66,8.49,10.78,10.76,11.44
2025-12-17T09:37:04.948738,Recipe_C,5cbad24a-7923-4766-93ce-efd7023b5fd8,23,2.0,,,,14.71,13.44,7.59,9.99,8.56,10.61
2025-12-17T09:37:05.948738,Recipe_C,5cbad24a-7923-4766-93ce-efd7023b5fd8,23,2.0,,,,10.76,10.21,9.79,11.18,10.84,8.94
2025-12-17T09:37:06.948738,Recipe_C,5cbad24a-7923-4766-93ce-efd7023b5fd8,23,2.0,,,,8.25,8.53,8.17,10.15,9.35,11.4
2025-12-17T09:37:07.948738,Recipe_C,5cbad24a-7923-4766-93ce-efd7023b5fd8,23,2.0,,,,11.48,12.09,12.88,11.22,8.8,10.81
2025-12-17T09:37:08.948738,Recipe_C,5cbad24a-7923-4766-93ce-efd7023b5fd8,23,3.0,,,,10.98,9.6,8.84,8.56,8.81,10.06
2025-12-17T09:37:09.948738,Recipe_C,5cbad24a-7923-4766-93ce-efd7023b5fd8,23,3.0,,,,11.34,7.92,11.22,12.17,12.79,6.74
2025-12-17T09:37:10.948738,Recipe_C,5cbad24a-7923-4766-93ce-efd7023b5fd8,23,3.0,,,,10.95,9.35,10.43,6.86,8.76,12.76
2025-12-17T09:37:11.948738,Recipe_C,5cbad24a-7923-4766-93ce-efd7023b5fd8,23,3.0,,,,8.6,9.81,10.36,11.93,6.92,10.53
2025-12-17T09:37:12.948738,Recipe_C,5cbad24a-7923-4766-93ce-efd7023b5fd8,23,3.0,,,,8.43,8.69,8.12,10.11,10.36,6.74
2025-12-17T09:37:13.948738,Recipe_C,5cbad24a-7923-4766-93ce-efd7023b5fd8,23,3.0,,,,9.89,10.38,14.61,6.89,5.59,10.98
2025-12-17T09:37:14.948738,Recipe_C,5cbad24a-7923-4766-93ce-efd7023b5fd8,23,3.0,,,,9.91,9.77,6.98,13.93,10.83,10.79
2025-12-17T09:37:15.948738,Recipe_C,5cbad24a-7923-4766-93ce-efd7023b5fd8,23,3.0,,,,9.74,10.25,8.41,10.8,7.33,11.74
2025-12-17T09:37:16.948738,Recipe_C,5cbad24a-7923-4766-93ce-efd7023b5fd8,23,3.0,,,,8.45,10.54,8.93,10.49,7.56,8.29
2025-12-17T09:37:17.948738,Recipe_C,5cbad24a-7923-4766-93ce-efd7023b5fd8,23,3.0,,,,11.21,5.27,13.44,14.08,5.64,9.37
2025-12-17T09:37:18.948738,Recipe_C,5cbad24a-7923-4766-93ce-efd7023b5fd8,23,3.0,,,,10.95,8.12,9.47,10.01,7.21,7.63
2025-12-17T09:37:19.948738,Recipe_C,5cbad24a-7923-4766-93ce-efd7023b5fd8,23,4.0,,,,95.55,43.24,44.11,51.41,54.9,67.54
2025-12-17T09:37:20.948738,Recipe_C,5cbad24a-7923-4766-93ce-efd7023b5fd8,23,4.0,,,,102.4,42.95,44.4,60.48,52.99,45.07
2025-12-17T09:37:21.948738,Recipe_C,5cbad24a-7923-4766-93ce-efd7023b5fd8,23,4.0,,,,103.72,50.27,45.22,57.17,45.5,53.18
2025-12-17T09:37:22.948738,Recipe_C,5cbad24a-7923-4766-93ce-efd7023b5fd8,23,4.0,,,,91.59,50.58,52.48,45.64,46.6,60.08
2025-12-17T09:37:23.948738,Recipe_C,5cbad24a-7923-4766-93ce-efd7023b5fd8,23,4.0,,,,99.53,47.73,48.8,63.47,62.51,55.8
2025-12-17T09:37:24.948738,Recipe_C,5cbad24a-7923-4766-93ce-efd7023b5fd8,23,4.0,,,,102.75,52.97,45.73,49.65,55.32,41.77
2025-12-17T09:37:25.948738,Recipe_C,5cbad24a-7923-4766-93ce-efd7023b5fd8,23,4.0,,,,96.26,56.39,50.99,53.46,51.84,45.63
2025-12-17T09:37:26.948738,Recipe_C,5cbad24a-7923-4766-93ce-efd7023b5fd8,23,4.0,,,,102.71,42.05,49.73,54.91,40.61,46.3
2025-12-17T09:37:27.948738,Recipe_C,5cbad24a-7923-4766-93ce-efd7023b5fd8,23,4.0,,,,96.62,54.73,48.31,47.79,49.42,40.41
2025-12-17T09:37:28.948738,Recipe_C,5cbad24a-7923-4766-93ce-efd7023b5fd8,23,4.0,,,,108.4,51.12,44.52,48.73,42.77,51.62
2025-12-17T09:37:29.948738,Recipe_C,5cbad24a-7923-4766-93ce-efd7023b5fd8,23,4.0,,,,101.52,57.89,45.49,42.58,45.38,49.9
2025-12-17T09:37:30.948738,Recipe_C,5cbad24a-7923-4766-93ce-efd7023b5fd8,23,4.0,,,,104.33,47.88,49.18,47.62,50.02,48.07
2025-12-17T09:37:31.948738,Recipe_C,5cbad24a-7923-4766-93ce-efd7023b5fd8,23,4.0,,,,92.41,47.41,50.24,45.41,61.71,55.95
2025-12-17T09:37:32.948738,Recipe_C,5cbad24a-7923-4766-93ce-efd7023b5fd8,23,4.0,,,,101.32,58.85,49.55,49.73,50.27,49.59
2025-12-17T09:37:33.948738,Recipe_C,5cbad24a-7923-4766-93ce-efd7023b5fd8,23,4.0,,,,93.03,58.08,46.82,52.25,53.66,49.45
2025-12-17T09:37:34.948738,Recipe_C,5cbad24a-7923-4766-93ce-efd7023b5fd8,23,4.0,,,,96.16,49.88,52.73,47.47,46.09,52.48
2025-12-17T09:37:35.948738,Recipe_C,5cbad24a-7923-4766-93ce-efd7023b5fd8,23,4.0,,,,91.96,54.02,47.1,50.87,43.0,47.09
2025-12-17T09:37:36.948738,Recipe_C,5cbad24a-7923-4766-93ce-efd7023b5fd8,23,4.0,,,,97.48,45.15,41.67,53.07,39.08,46.47
2025-12-17T09:37:37.948738,Recipe_C,5cbad24a-7923-4766-93ce-efd7023b5fd8,23,4.0,,,,94.92,46.16,40.83,54.93,45.39,49.41
2025-12-17T09:37:38.948738,Recipe_C,5cbad24a-7923-4766-93ce-efd7023b5fd8,23,4.0,,,,104.37,57.81,57.6,45.75,57.5,54.32
2025-12-17T09:37:39.948738,Recipe_C,5cbad24a-7923-4766-93ce-efd7023b5fd8,23,4.0,,,,91.89,52.41,44.8,50.02,49.43,49.76
2025-12-17T09:37:40.948738,Recipe_C,5cbad24a-7923-4766-93ce-efd7023b5fd8,23,4.0,,,,98.89,48.27,48.81,46.45,36.01,47.39
2025-12-17T09:37:41.948738,Recipe_C,5cbad24a-7923-4766-93ce-efd7023b5fd8,23,4.0,,,,98.85,48.99,55.01,46.06,55.53,54.23
2025-12-17T09:37:42.948738,Recipe_C,5cbad24a-7923-4766-93ce-efd7023b5fd8,23,4.0,,,,98.93,50.79,46.61,48.3,58.7,46.78
2025-12-17T09:37:43.948738,Recipe_C,5cbad24a-7923-4766-93ce-efd7023b5fd8,23,0.0,,,,0.0,0.0,0.0,0.0,0.0,0.0
2025-12-17T09:37:44.948738,Recipe_C,5cbad24a-7923-4766-93ce-efd7023b5fd8,23,0.0,,,,0.0,0.0,0.0,0.0,0.0,0.0
2025-12-17T09:37:45.948738,Recipe_C,5cbad24a-7923-4766-93ce-efd7023b5fd8,23,0.0,,,,0.0,0.0,0.0,0.0,0.0,0.0
2025-12-17T09:37:46.948738,Recipe_C,5cbad24a-7923-4766-93ce-efd7023b5fd8,23,0.0,,,,0.0,0.0,0.0,0.0,0.0,0.0
2025-12-17T09:37:47.948738,Recipe_C,5cbad24a-7923-4766-93ce-efd7023b5fd8,23,0.0,,,,0.0,0.0,0.0,0.0,0.0,0.0
2025-12-17T09:37:48.948738,Recipe_C,5cbad24a-7923-4766-93ce-efd7023b5fd8,23,0.0,,,,0.0,0.0,0.0,0.0,0.0,0.0
2025-12-17T09:37:49.948738,Recipe_C,5cbad24a-7923-4766-93ce-efd7023b5fd8,23,2.0,,,,8.17,11.31,9.89,12.99,7.68,15.15
2025-12-17T09:37:50.948738,Recipe_C,5cbad24a-7923-4766-93ce-efd7023b5fd8,23,2.0,,,,10.1,9.15,3.89,11.57,10.88,7.55
2025-12-17T09:37:51.948738,Recipe_C,5cbad24a-7923-4766-93ce-efd7023b5fd8,23,2.0,,,,8.54,9.45,8.97,10.71,15.07,8.49
2025-12-17T09:37:52.948738,Recipe_C,5cbad24a-7923-4766-93ce-efd7023b5fd8,23,2.0,,,,10.65,10.58,6.19,10.01,10.42,9.18
2025-12-17T09:37:53.948738,Recipe_C,5cbad24a-7923-4766-93ce-efd7023b5fd8,23,2.0,,,,10.6,9.91,9.94,7.89,12.38,7.18
2025-12-17T09:37:54.948738,Recipe_C,5cbad24a-7923-4766-93ce-efd7023b5fd8,23,2.0,,,,10.46,11.68,10.64,7.96,8.14,10.42
2025-12-17T09:37:55.948738,Recipe_C,5cbad24a-7923-4766-93ce-efd7023b5fd8,23,2.0,,,,11.43,12.83,10.13,9.14,10.51,11.71
2025-12-17T09:37:56.948738,Recipe_C,5cbad24a-7923-4766-93ce-efd7023b5fd8,23,2.0,,,,12.2,7.33,12.28,15.35,12.42,7.23
2025-12-17T09:37:57.948738,Recipe_C,5cbad24a-7923-4766-93ce-efd7023b5fd8,23,2.0,,,,7.09,10.91,12.67,11.02,8.99,8.4
2025-12-17T09:37:58.948738,Recipe_C,5cbad24a-7923-4766-93ce-efd7023b5fd8,23,2.0,,,,9.53,7.93,10.09,10.1,11.0,11.06
2025-12-17T09:37:59.948738,Recipe_C,5cbad24a-7923-4766-93ce-efd7023b5fd8,23,2.0,,,,13.52,9.84,12.81,10.31,9.22,8.06
2025-12-17T09:38:00.948738,Recipe_C,5cbad24a-7923-4766-93ce-efd7023b5fd8,23,2.0,,,,12.4,5.71,13.04,11.06,14.2,8.52
2025-12-17T09:38:01.948738,Recipe_C,5cbad24a-7923-4766-93ce-efd7023b5fd8,23,2.0,,,,7.6,8.73,10.79,4.04,11.38,8.78
2025-12-17T09:38:02.948738,Recipe_C,5cbad24a-7923-4766-93ce-efd7023b5fd8,23,2.0,,,,12.5,7.13,8.6,10.28,12.74,7.27
2025-12-17T09:38:03.948738,Recipe_C,5cbad24a-7923-4766-93ce-efd7023b5fd8,23,2.0,,,,8.85,9.15,10.71,6.42,9.18,8.25
2025-12-17T09:38:04.948738,Recipe_C,5cbad24a-7923-4766-93ce-efd7023b5fd8,23,2.0,,,,12.4,9.51,12.41,9.17,8.47,9.99
2025-12-17T09:38:05.948738,Recipe_C,5cbad24a-7923-4766-93ce-efd7023b5fd8,23,2.0,,,,9.78,8.85,10.03,8.4,10.05,15.22
2025-12-17T09:38:06.948738,Recipe_C,5cbad24a-7923-4766-93ce-efd7023b5fd8,23,2.0,,,,9.36,11.11,9.74,12.04,12.27,12.52
2025-12-17T09:38:07.948738,Recipe_C,5cbad24a-7923-4766-93ce-efd7023b5fd8,23,2.0,,,,8.59,11.44,11.61,9.63,9.57,8.0
2025-12-17T09:38:08.948738,Recipe_C,5cbad24a-7923-4766-93ce-efd7023b5fd8,23,2.0,,,,13.03,8.15,9.85,6.55,10.08,8.89
2025-12-17T09:38:09.948738,Recipe_C,5cbad24a-7923-4766-93ce-efd7023b5fd8,23,2.0,,,,7.66,9.54,9.35,9.2,8.67,11.68
2025-12-17T09:38:10.948738,Recipe_C,5cbad24a-7923-4766-93ce-efd7023b5fd8,23,2.0,,,,11.5,5.81,10.91,9.71,9.88,12.44
2025-12-17T09:38:11.948738,Recipe_C,5cbad24a-7923-4766-93ce-efd7023b5fd8,23,2.0,,,,11.5,6.87,11.65,9.0,11.24,10.75
2025-12-17T09:38:12.948738,Recipe_C,5cbad24a-7923-4766-93ce-efd7023b5fd8,23,2.0,,,,5.77,9.06,11.59,7.43,7.98,8.59
2025-12-17T09:38:13.948738,Recipe_C,5cbad24a-7923-4766-93ce-efd7023b5fd8,23,2.0,,,,10.96,8.39,7.18,6.05,8.59,7.52
2025-12-17T09:38:14.948738,Recipe_C,5cbad24a-7923-4766-93ce-efd7023b5fd8,23,2.0,,,,8.89,10.71,10.04,8.95,8.54,7.62
2025-12-17T09:38:15.948738,Recipe_C,5cbad24a-7923-4766-93ce-efd7023b5fd8,23,2.0,,,,13.37,7.72,10.9,8.96,9.46,8.58
2025-12-17T09:38:16.948738,Recipe_C,5cbad24a-7923-4766-93ce-efd7023b5fd8,23,4.0,,,,101.3,45.64,47.42,39.87,47.55,42.37
2025-12-17T09:38:17.948738,Recipe_C,5cbad24a-7923-4766-93ce-efd7023b5fd8,23,4.0,,,,102.11,56.3,56.81,52.82,46.84,45.93
2025-12-17T09:38:18.948738,Recipe_C,5cbad24a-7923-4766-93ce-efd7023b5fd8,23,4.0,,,,101.92,48.36,49.89,49.86,48.44,52.44
2025-12-17T09:38:19.948738,Recipe_C,5cbad24a-7923-4766-93ce-efd7023b5fd8,23,4.0,,,,114.05,51.47,55.85,55.58,52.96,43.69
2025-12-17T09:38:20.948738,Recipe_C,5cbad24a-7923-4766-93ce-efd7023b5fd8,23,4.0,,,,106.1,60.44,49.47,51.79,52.06,44.24
2025-12-17T09:38:21.948738,Recipe_C,5cbad24a-7923-4766-93ce-efd7023b5fd8,23,4.0,,,,105.54,42.49,49.37,54.53,60.6,55.57
2025-12-17T09:38:22.948738,Recipe_C,5cbad24a-7923-4766-93ce-efd7023b5fd8,23,4.0,,,,105.07,47.01,51.45,48.48,52.37,55.46
2025-12-17T09:38:23.948738,Recipe_C,5cbad24a-7923-4766-93ce-efd7023b5fd8,23,4.0,,,,98.83,48.55,57.8,56.93,51.43,49.35
2025-12-17T09:38:24.948738,Recipe_C,5cbad24a-7923-4766-93ce-efd7023b5fd8,23,4.0,,,,92.41,50.43,49.85,45.08,56.77,58.71
2025-12-17T09:38:24.948738,Recipe_C,5cbad24a-7923-4766-93ce-efd7023b5fd8,23,4.0,Warning_6,Simulated Warning occurred,Warning,,,,,,
2025-12-17T09:38:25.948738,Recipe_C,5cbad24a-7923-4766-93ce-efd7023b5fd8,23,4.0,,,,94.56,52.68,45.3,52.52,51.2,45.6
2025-12-17T09:38:26.948738,Recipe_C,5cbad24a-7923-4766-93ce-efd7023b5fd8,23,4.0,,,,90.51,46.68,43.62,57.32,52.64,55.69
2025-12-17T09:38:27.948738,Recipe_C,5cbad24a-7923-4766-93ce-efd7023b5fd8,23,4.0,,,,109.35,52.76,43.96,50.02,60.89,47.04
2025-12-17T09:38:28.948738,Recipe_C,5cbad24a-7923-4766-93ce-efd7023b5fd8,23,4.0,,,,103.91,44.78,56.58,49.65,46.12,47.16
2025-12-17T09:38:29.948738,Recipe_C,5cbad24a-7923-4766-93ce-efd7023b5fd8,23,4.0,,,,97.04,50.7,48.42,51.1,42.08,45.21
2025-12-17T09:38:30.948738,Recipe_C,5cbad24a-7923-4766-93ce-efd7023b5fd8,23,4.0,,,,106.75,57.94,47.99,49.98,53.54,49.93
2025-12-17T09:38:31.948738,Recipe_C,5cbad24a-7923-4766-93ce-efd7023b5fd8,23,0.0,,,,0.0,0.0,0.0,0.0,0.0,0.0
2025-12-17T09:38:32.948738,Recipe_C,5cbad24a-7923-4766-93ce-efd7023b5fd8,23,0.0,,,,0.0,0.0,0.0,0.0,0.0,0.0
2025-12-17T09:38:33.948738,Recipe_C,5cbad24a-7923-4766-93ce-efd7023b5fd8,23,0.0,,,,0.0,0.0,0.0,0.0,0.0,0.0
2025-12-17T09:38:34.948738,Recipe_C,5cbad24a-7923-4766-93ce-efd7023b5fd8,23,0.0,,,,0.0,0.0,0.0,0.0,0.0,0.0
2025-12-17T09:38:35.948738,Recipe_C,5cbad24a-7923-4766-93ce-efd7023b5fd8,23,0.0,,,,0.0,0.0,0.0,0.0,0.0,0.0
2025-12-17T09:38:36.948738,Recipe_C,5cbad24a-7923-4766-93ce-efd7023b5fd8,23,0.0,,,,0.0,0.0,0.0,0.0,0.0,0.0
2025-12-17T09:38:37.948738,Recipe_C,5cbad24a-7923-4766-93ce-efd7023b5fd8,23,0.0,,,,0.0,0.0,0.0,0.0,0.0,0.0
2025-12-17T09:38:38.948738,Recipe_C,5cbad24a-7923-4766-93ce-efd7023b5fd8,23,0.0,,,,0.0,0.0,0.0,0.0,0.0,0.0
2025-12-17T09:38:39.948738,Recipe_C,5cbad24a-7923-4766-93ce-efd7023b5fd8,23,0.0,,,,0.0,0.0,0.0,0.0,0.0,0.0
2025-12-17T09:38:40.948738,Recipe_C,5cbad24a-7923-4766-93ce-efd7023b5fd8,23,0.0,,,,0.0,0.0,0.0,0.0,0.0,0.0
2025-12-17T09:38:41.948738,Recipe_C,5cbad24a-7923-4766-93ce-efd7023b5fd8,23,0.0,,,,0.0,0.0,0.0,0.0,0.0,0.0
2025-12-17T09:38:42.948738,Recipe_C,5cbad24a-7923-4766-93ce-efd7023b5fd8,23,0.0,,,,0.0,0.0,0.0,0.0,0.0,0.0
2025-12-17T09:38:43.948738,Recipe_C,5cbad24a-7923-4766-93ce-efd7023b5fd8,23,0.0,,,,0.0,0.0,0.0,0.0,0.0,0.0
2025-12-17T09:38:44.948738,Recipe_C,5cbad24a-7923-4766-93ce-efd7023b5fd8,23,0.0,,,,0.0,0.0,0.0,0.0,0.0,0.0
2025-12-17T09:38:45.948738,Recipe_C,5cbad24a-7923-4766-93ce-efd7023b5fd8,23,0.0,,,,0.0,0.0,0.0,0.0,0.0,0.0
2025-12-17T09:38:46.948738,Recipe_C,5cbad24a-7923-4766-93ce-efd7023b5fd8,23,0.0,,,,0.0,0.0,0.0,0.0,0.0,0.0
2025-12-17T09:38:47.948738,Recipe_C,5cbad24a-7923-4766-93ce-efd7023b5fd8,23,0.0,,,,0.0,0.0,0.0,0.0,0.0,0.0
2025-12-17T09:38:48.948738,Recipe_C,5cbad24a-7923-4766-93ce-efd7023b5fd8,23,0.0,,,,0.0,0.0,0.0,0.0,0.0,0.0
2025-12-17T09:38:49.948738,Recipe_C,5cbad24a-7923-4766-93ce-efd7023b5fd8,23,0.0,,,,0.0,0.0,0.0,0.0,0.0,0.0
2025-12-17T09:38:50.948738,Recipe_C,5cbad24a-7923-4766-93ce-efd7023b5fd8,23,0.0,,,,0.0,0.0,0.0,0.0,0.0,0.0
2025-12-17T09:38:51.948738,Recipe_C,5cbad24a-7923-4766-93ce-efd7023b5fd8,23,0.0,,,,0.0,0.0,0.0,0.0,0.0,0.0
2025-12-17T09:38:52.948738,Recipe_C,5cbad24a-7923-4766-93ce-efd7023b5fd8,23,0.0,,,,0.0,0.0,0.0,0.0,0.0,0.0
2025-12-17T09:38:53.948738,Recipe_C,5cbad24a-7923-4766-93ce-efd7023b5fd8,23,0.0,,,,0.0,0.0,0.0,0.0,0.0,0.0
2025-12-17T09:38:54.948738,Recipe_C,5cbad24a-7923-4766-93ce-efd7023b5fd8,23,0.0,,,,0.0,0.0,0.0,0.0,0.0,0.0
2025-12-17T09:38:55.948738,Recipe_C,5cbad24a-7923-4766-93ce-efd7023b5fd8,23,0.0,,,,0.0,0.0,0.0,0.0,0.0,0.0
2025-12-17T09:38:56.948738,Recipe_C,5cbad24a-7923-4766-93ce-efd7023b5fd8,23,0.0,,,,0.0,0.0,0.0,0.0,0.0,0.0
2025-12-17T09:38:57.948738,Recipe_C,5cbad24a-7923-4766-93ce-efd7023b5fd8,23,1.0,,,,10.06,8.25,7.7,7.53,6.53,10.85
2025-12-17T09:38:58.948738,Recipe_C,5cbad24a-7923-4766-93ce-efd7023b5fd8,23,1.0,,,,10.65,9.67,11.09,5.14,11.9,13.08
2025-12-17T09:38:59.948738,Recipe_C,5cbad24a-7923-4766-93ce-efd7023b5fd8,23,1.0,,,,5.58,9.07,8.29,10.57,10.39,14.81
2025-12-17T09:39:00.948738,Recipe_C,5cbad24a-7923-4766-93ce-efd7023b5fd8,23,1.0,,,,8.98,8.12,6.69,11.63,13.69,7.89
2025-12-17T09:39:01.948738,Recipe_C,5cbad24a-7923-4766-93ce-efd7023b5fd8,23,1.0,,,,9.5,10.6,12.74,6.86,10.91,13.89
2025-12-17T09:39:02.948738,Recipe_C,5cbad24a-7923-4766-93ce-efd7023b5fd8,23,1.0,,,,12.97,11.61,11.49,12.51,7.39,11.15
2025-12-17T09:39:03.948738,Recipe_C,5cbad24a-7923-4766-93ce-efd7023b5fd8,23,1.0,,,,9.12,7.52,12.79,12.38,11.95,9.7
2025-12-17T09:39:04.948738,Recipe_C,5cbad24a-7923-4766-93ce-efd7023b5fd8,23,1.0,,,,8.8,10.05,11.62,10.05,8.39,8.24
2025-12-17T09:39:05.948738,Recipe_C,5cbad24a-7923-4766-93ce-efd7023b5fd8,23,1.0,,,,13.07,8.57,7.17,9.49,9.42,11.07
2025-12-17T09:39:06.948738,Recipe_C,5cbad24a-7923-4766-93ce-efd7023b5fd8,23,1.0,,,,5.66,10.94,8.81,9.08,7.06,10.99
2025-12-17T09:39:07.948738,Recipe_C,5cbad24a-7923-4766-93ce-efd7023b5fd8,23,1.0,,,,11.23,11.3,8.34,8.8,9.33,14.3
2025-12-17T09:39:08.948738,Recipe_C,5cbad24a-7923-4766-93ce-efd7023b5fd8,23,1.0,,,,11.49,8.67,11.9,8.44,8.37,11.61
2025-12-17T09:39:09.948738,Recipe_C,5cbad24a-7923-4766-93ce-efd7023b5fd8,23,1.0,,,,12.03,8.67,9.62,13.28,10.96,9.43
2025-12-17T09:39:10.948738,Recipe_C,5cbad24a-7923-4766-93ce-efd7023b5fd8,23,1.0,,,,11.34,12.4,10.44,8.77,11.25,8.81
2025-12-17T09:39:11.948738,Recipe_C,5cbad24a-7923-4766-93ce-efd7023b5fd8,23,1.0,,,,13.99,7.7,4.18,10.29,13.46,10.62
2025-12-17T09:39:12.948738,Recipe_C,5cbad24a-7923-4766-93ce-efd7023b5fd8,23,1.0,,,,10.6,8.37,9.31,10.0,11.26,7.43
2025-12-17T09:39:13.948738,Recipe_C,5cbad24a-7923-4766-93ce-efd7023b5fd8,23,1.0,,,,11.62,9.82,13.58,12.18,8.19,9.32
2025-12-17T09:39:14.948738,Recipe_C,5cbad24a-7923-4766-93ce-efd7023b5fd8,23,1.0,,,,10.15,6.51,10.0,9.97,11.42,9.39
2025-12-17T09:39:15.948738,Recipe_C,5cbad24a-7923-4766-93ce-efd7023b5fd8,23,1.0,,,,10.46,10.18,15.1,11.19,7.82,10.67
2025-12-17T09:39:16.948738,Recipe_C,5cbad24a-7923-4766-93ce-efd7023b5fd8,23,1.0,,,,11.6,8.8,11.61,8.69,8.03,8.21
2025-12-17T09:39:17.948738,Recipe_C,5cbad24a-7923-4766-93ce-efd7023b5fd8,23,1.0,,,,9.61,9.13,9.46,7.52,12.04,11.65
2025-12-17T09:39:18.948738,Recipe_C,5cbad24a-7923-4766-93ce-efd7023b5fd8,23,1.0,,,,12.75,10.02,5.89,8.33,10.38,13.44
2025-12-17T09:39:19.948738,Recipe_C,5cbad24a-7923-4766-93ce-efd7023b5fd8,23,5.0,,,,12.73,6.32,6.97,4.81,14.23,8.48
2025-12-17T09:39:20.948738,Recipe_C,5cbad24a-7923-4766-93ce-efd7023b5fd8,23,5.0,,,,13.06,10.15,10.34,12.11,11.1,12.63
2025-12-17T09:39:21.948738,Recipe_C,5cbad24a-7923-4766-93ce-efd7023b5fd8,23,5.0,,,,7.81,8.07,9.37,10.92,10.05,11.09
2025-12-17T09:39:22.948738,Recipe_C,5cbad24a-7923-4766-93ce-efd7023b5fd8,23,4.0,,,,97.21,42.63,46.06,40.7,56.21,43.86
2025-12-17T09:39:23.948738,Recipe_C,5cbad24a-7923-4766-93ce-efd7023b5fd8,23,4.0,,,,94.69,47.04,55.81,43.28,52.29,59.38
2025-12-17T09:39:24.948738,Recipe_C,5cbad24a-7923-4766-93ce-efd7023b5fd8,23,4.0,,,,106.85,50.68,50.4,55.65,50.79,50.99
2025-12-17T09:39:25.948738,Recipe_C,5cbad24a-7923-4766-93ce-efd7023b5fd8,23,4.0,,,,108.9,48.41,48.2,42.33,54.77,52.67
2025-12-17T09:39:26.948738,Recipe_C,5cbad24a-7923-4766-93ce-efd7023b5fd8,23,4.0,,,,102.55,53.26,49.29,54.68,51.59,41.69
2025-12-17T09:39:27.948738,Recipe_C,5cbad24a-7923-4766-93ce-efd7023b5fd8,23,4.0,,,,104.67,43.78,55.3,44.3,51.41,52.74
2025-12-17T09:39:28.948738,Recipe_C,5cbad24a-7923-4766-93ce-efd7023b5fd8,23,4.0,,,,93.54,43.79,52.78,63.97,44.36,46.12
2025-12-17T09:39:29.948738,Recipe_C,5cbad24a-7923-4766-93ce-efd7023b5fd8,23,4.0,,,,104.56,51.04,47.4,49.26,47.68,41.19
2025-12-17T09:39:30.948738,Recipe_C,5cbad24a-7923-4766-93ce-efd7023b5fd8,23,4.0,,,,107.48,39.86,53.78,56.77,47.09,42.98
2025-12-17T09:39:31.948738,Recipe_C,5cbad24a-7923-4766-93ce-efd7023b5fd8,23,4.0,,,,91.88,50.7,54.87,43.9,57.74,49.07
2025-12-17T09:39:32.948738,Recipe_C,5cbad24a-7923-4766-93ce-efd7023b5fd8,23,4.0,,,,98.38,56.55,54.19,42.54,49.6,53.95
2025-12-17T09:39:33.948738,Recipe_C,5cbad24a-7923-4766-93ce-efd7023b5fd8,23,4.0,,,,108.13,51.8,50.7,49.24,60.22,42.06
2025-12-17T09:39:34.948738,Recipe_C,5cbad24a-7923-4766-93ce-efd7023b5fd8,23,4.0,,,,103.75,45.66,54.28,55.83,48.75,45.59
2025-12-17T09:39:35.948738,Recipe_C,5cbad24a-7923-4766-93ce-efd7023b5fd8,23,4.0,,,,94.29,52.25,59.81,43.19,54.78,58.12
2025-12-17T09:39:36.948738,Recipe_C,5cbad24a-7923-4766-93ce-efd7023b5fd8,23,4.0,,,,95.63,54.74,55.4,47.67,49.22,51.96
2025-12-17T09:39:37.948738,Recipe_C,5cbad24a-7923-4766-93ce-efd7023b5fd8,23,4.0,,,,103.12,52.74,50.64,55.48,50.52,57.26
2025-12-17T09:39:38.948738,Recipe_C,5cbad24a-7923-4766-93ce-efd7023b5fd8,23,4.0,,,,97.46,55.23,45.44,57.37,57.91,55.8
2025-12-17T09:39:39.948738,Recipe_C,5cbad24a-7923-4766-93ce-efd7023b5fd8,23,5.0,,,,9.51,8.91,6.83,10.37,12.93,9.75
2025-12-17T09:39:40.948738,Recipe_C,5cbad24a-7923-4766-93ce-efd7023b5fd8,23,5.0,,,,5.65,8.27,7.73,10.19,11.95,13.48
2025-12-17T09:39:41.948738,Recipe_C,5cbad24a-7923-4766-93ce-efd7023b5fd8,23,5.0,,,,7.01,11.73,10.12,9.76,8.99,9.15
2025-12-17T09:39:42.948738,Recipe_C,5cbad24a-7923-4766-93ce-efd7023b5fd8,23,5.0,,,,8.23,9.27,11.12,8.85,8.26,8.3
2025-12-17T09:39:43.948738,Recipe_C,5cbad24a-7923-4766-93ce-efd7023b5fd8,23,5.0,,,,9.37,7.13,8.85,13.29,11.22,11.55
2025-12-17T09:39:44.948738,Recipe_C,5cbad24a-7923-4766-93ce-efd7023b5fd8,23,5.0,,,,9.29,12.94,11.67,9.47,11.67,9.4
2025-12-17T09:39:45.948738,Recipe_C,5cbad24a-7923-4766-93ce-efd7023b5fd8,23,5.0,,,,9.12,12.69,10.33,10.83,10.56,10.0
2025-12-17T09:39:46.948738,Recipe_C,5cbad24a-7923-4766-93ce-efd7023b5fd8,23,5.0,,,,7.77,12.35,11.13,9.82,5.31,7.24
2025-12-17T09:39:47.948738,Recipe_C,5cbad24a-7923-4766-93ce-efd7023b5fd8,23,5.0,,,,11.01,11.32,8.1,9.26,13.09,10.44
2025-12-17T09:39:48.948738,Recipe_C,5cbad24a-7923-4766-93ce-efd7023b5fd8,23,5.0,,,,12.77,11.11,12.32,10.27,9.65,9.23
2025-12-17T09:39:49.948738,Recipe_C,5cbad24a-7923-4766-93ce-efd7023b5fd8,23,5.0,,,,9.12,15.0,9.24,9.05,9.03,12.46
2025-12-17T09:39:50.948738,Recipe_C,5cbad24a-7923-4766-93ce-efd7023b5fd8,23,5.0,,,,15.07,10.43,8.94,10.25,7.81,10.31
2025-12-17T09:39:51.948738,Recipe_C,5cbad24a-7923-4766-93ce-efd7023b5fd8,23,5.0,,,,6.45,8.93,12.93,13.51,10.52,5.78
2025-12-17T09:39:52.948738,Recipe_C,5cbad24a-7923-4766-93ce-efd7023b5fd8,23,5.0,,,,10.63,10.11,10.37,10.91,6.62,7.45
2025-12-17T09:39:53.948738,Recipe_C,5cbad24a-7923-4766-93ce-efd7023b5fd8,23,5.0,,,,7.0,12.89,8.31,11.09,9.85,12.78
2025-12-17T09:39:54.948738,Recipe_C,5cbad24a-7923-4766-93ce-efd7023b5fd8,23,5.0,,,,9.38,9.92,8.71,10.82,8.02,10.59
2025-12-17T09:39:55.948738,Recipe_C,5cbad24a-7923-4766-93ce-efd7023b5fd8,23,5.0,,,,9.44,11.34,11.62,11.7,8.66,10.0
2025-12-17T09:39:56.948738,Recipe_C,5cbad24a-7923-4766-93ce-efd7023b5fd8,23,5.0,,,,12.14,10.1,10.89,9.98,12.39,10.94
2025-12-17T09:39:57.948738,Recipe_C,5cbad24a-7923-4766-93ce-efd7023b5fd8,23,5.0,,,,4.19,8.27,9.9,11.3,8.45,11.31
2025-12-17T09:39:58.948738,Recipe_C,5cbad24a-7923-4766-93ce-efd7023b5fd8,23,5.0,,,,11.64,10.08,8.8,10.01,8.84,11.69
2025-12-17T09:39:59.948738,Recipe_C,5cbad24a-7923-4766-93ce-efd7023b5fd8,23,5.0,,,,11.94,8.36,7.82,5.73,10.02,7.31
2025-12-17T09:40:00.948738,Recipe_C,5cbad24a-7923-4766-93ce-efd7023b5fd8,23,5.0,,,,13.79,12.39,6.84,6.97,12.99,9.99
2025-12-17T09:40:01.948738,Recipe_C,5cbad24a-7923-4766-93ce-efd7023b5fd8,23,5.0,,,,13.01,6.73,11.9,10.39,8.38,11.07
2025-12-17T09:40:02.948738,Recipe_C,5cbad24a-7923-4766-93ce-efd7023b5fd8,23,5.0,,,,10.67,10.38,11.02,8.52,8.75,11.24
2025-12-17T09:40:03.948738,Recipe_C,5cbad24a-7923-4766-93ce-efd7023b5fd8,23,5.0,,,,9.2,6.98,10.58,12.0,11.62,8.98
2025-12-17T09:40:04.948738,Recipe_C,5cbad24a-7923-4766-93ce-efd7023b5fd8,23,5.0,,,,12.2,9.47,4.64,8.97,10.69,10.7
2025-12-17T09:40:05.948738,Recipe_C,5cbad24a-7923-4766-93ce-efd7023b5fd8,23,5.0,,,,9.58,11.43,7.85,12.23,8.86,9.36
2025-12-17T09:40:06.948738,Recipe_C,5cbad24a-7923-4766-93ce-efd7023b5fd8,23,5.0,,,,8.5,7.81,11.67,15.15,11.53,9.98
2025-12-17T09:40:07.948738,Recipe_C,5cbad24a-7923-4766-93ce-efd7023b5fd8,23,5.0,,,,10.1,7.28,11.52,6.42,11.3,7.99
2025-12-17T09:40:08.948738,Recipe_C,5cbad24a-7923-4766-93ce-efd7023b5fd8,23,5.0,,,,10.5,6.86,12.65,12.28,9.56,10.66
2025-12-17T09:40:09.948738,Recipe_C,5cbad24a-7923-4766-93ce-efd7023b5fd8,23,5.0,,,,9.32,7.68,12.59,9.38,11.61,9.71
2025-12-17T09:40:10.948738,Recipe_C,5cbad24a-7923-4766-93ce-efd7023b5fd8,23,5.0,,,,14.48,9.94,10.72,7.97,7.56,9.4
2025-12-17T09:40:11.948738,Recipe_C,5cbad24a-7923-4766-93ce-efd7023b5fd8,23,1.0,,,,7.14,8.87,6.76,12.12,7.93,12.19
2025-12-17T09:40:12.948738,Recipe_C,5cbad24a-7923-4766-93ce-efd7023b5fd8,23,1.0,,,,11.63,5.4,9.0,8.42,12.94,9.12
2025-12-17T09:40:13.948738,Recipe_C,5cbad24a-7923-4766-93ce-efd7023b5fd8,23,1.0,,,,11.47,10.63,9.79,10.72,6.45,6.19
2025-12-17T09:40:14.948738,Recipe_C,5cbad24a-7923-4766-93ce-efd7023b5fd8,23,1.0,,,,8.89,7.6,8.57,6.45,12.84,9.12
2025-12-17T09:40:14.948738,Recipe_C,5cbad24a-7923-4766-93ce-efd7023b5fd8,23,1.0,Error_1,Simulated Error occurred,Error,,,,,,
2025-12-17T09:40:15.948738,Recipe_C,5cbad24a-7923-4766-93ce-efd7023b5fd8,23,1.0,,,,12.59,7.85,11.49,12.09,11.12,8.13
2025-12-17T09:40:16.948738,Recipe_C,5cbad24a-7923-4766-93ce-efd7023b5fd8,23,1.0,,,,12.29,12.47,11.08,8.92,10.01,11.65
2025-12-17T09:40:17.948738,Recipe_C,5cbad24a-7923-4766-93ce-efd7023b5fd8,23,1.0,,,,5.72,10.85,14.65,11.39,12.09,11.5
2025-12-17T09:40:18.948738,Recipe_C,5cbad24a-7923-4766-93ce-efd7023b5fd8,23,1.0,,,,8.94,11.76,12.97,10.81,8.06,13.26
2025-12-17T09:40:19.948738,Recipe_C,5cbad24a-7923-4766-93ce-efd7023b5fd8,23,1.0,,,,10.82,11.59,8.83,10.56,9.84,6.48
2025-12-17T09:40:20.948738,Recipe_C,5cbad24a-7923-4766-93ce-efd7023b5fd8,23,1.0,,,,9.17,10.29,10.47,11.13,8.09,8.1
2025-12-17T09:40:21.948738,Recipe_C,5cbad24a-7923-4766-93ce-efd7023b5fd8,23,1.0,,,,8.35,14.04,8.63,13.76,10.48,7.92
2025-12-17T09:40:22.948738,Recipe_C,5cbad24a-7923-4766-93ce-efd7023b5fd8,23,1.0,,,,7.63,13.58,11.18,11.89,8.91,9.09
2025-12-17T09:40:23.948738,Recipe_C,5cbad24a-7923-4766-93ce-efd7023b5fd8,23,1.0,,,,10.14,7.8,11.32,8.24,13.31,7.95
2025-12-17T09:40:24.948738,Recipe_C,5cbad24a-7923-4766-93ce-efd7023b5fd8,23,1.0,,,,9.29,8.92,12.4,9.47,10.33,7.25
2025-12-17T09:40:25.948738,Recipe_C,5cbad24a-7923-4766-93ce-efd7023b5fd8,23,1.0,,,,6.94,10.97,7.38,12.35,10.9,8.74
2025-12-17T09:40:26.948738,Recipe_C,5cbad24a-7923-4766-93ce-efd7023b5fd8,23,1.0,,,,10.39,8.03,8.28,8.06,11.38,10.48
2025-12-17T09:40:27.948738,Recipe_C,5cbad24a-7923-4766-93ce-efd7023b5fd8,23,1.0,,,,11.23,9.7,9.47,7.08,7.05,7.94
2025-12-17T09:40:28.948738,Recipe_C,5cbad24a-7923-4766-93ce-efd7023b5fd8,23,1.0,,,,14.35,10.39,12.25,12.66,11.06,12.1
2025-12-17T09:40:29.948738,Recipe_C,5cbad24a-7923-4766-93ce-efd7023b5fd8,23,1.0,,,,9.84,13.02,10.86,11.8,11.51,11.34
2025-12-17T09:40:30.948738,Recipe_C,5cbad24a-7923-4766-93ce-efd7023b5fd8,23,1.0,,,,7.03,10.19,10.74,8.83,6.79,10.45
2025-12-17T09:40:31.948738,Recipe_C,5cbad24a-7923-4766-93ce-efd7023b5fd8,23,1.0,,,,9.88,10.24,9.89,8.34,7.82,9.71
2025-12-17T09:40:32.948738,Recipe_C,5cbad24a-7923-4766-93ce-efd7023b5fd8,23,1.0,,,,12.42,10.05,10.69,12.85,7.82,8.6
2025-12-17T09:40:33.948738,Recipe_C,5cbad24a-7923-4766-93ce-efd7023b5fd8,23,1.0,,,,12.18,7.5,8.18,9.01,11.43,10.76
2025-12-17T09:40:34.948738,Recipe_C,5cbad24a-7923-4766-93ce-efd7023b5fd8,23,1.0,,,,7.98,10.62,11.63,10.23,11.48,9.13
2025-12-17T09:40:35.948738,Recipe_C,5cbad24a-7923-4766-93ce-efd7023b5fd8,23,1.0,,,,7.41,13.69,8.74,8.0,8.98,11.77
2025-12-17T09:40:36.948738,Recipe_C,5cbad24a-7923-4766-93ce-efd7023b5fd8,23,1.0,,,,12.17,14.61,13.11,10.92,8.96,11.67
2025-12-17T09:40:37.948738,Recipe_C,5cbad24a-7923-4766-93ce-efd7023b5fd8,23,1.0,,,,11.32,13.7,12.15,4.8,14.59,10.74
2025-12-17T09:40:38.948738,Recipe_C,5cbad24a-7923-4766-93ce-efd7023b5fd8,23,1.0,,,,6.56,8.05,10.15,10.99,6.6,10.08
2025-12-17T09:40:39.948738,Recipe_C,5cbad24a-7923-4766-93ce-efd7023b5fd8,23,1.0,,,,10.28,7.47,15.5,7.14,9.98,10.57
2025-12-17T09:40:40.948738,Recipe_C,5cbad24a-7923-4766-93ce-efd7023b5fd8,23,1.0,,,,9.1,11.44,9.93,7.59,9.89,12.26
2025-12-17T09:40:41.948738,Recipe_C,5cbad24a-7923-4766-93ce-efd7023b5fd8,23,1.0,,,,7.86,10.76,11.91,9.41,8.92,7.0
2025-12-17T09:40:42.948738,Recipe_C,5cbad24a-7923-4766-93ce-efd7023b5fd8,23,1.0,,,,10.87,11.17,8.21,9.23,11.05,4.39
2025-12-17T09:40:43.948738,Recipe_C,5cbad24a-7923-4766-93ce-efd7023b5fd8,23,1.0,,,,7.73,9.99,10.46,9.7,8.91,10.7
2025-12-17T09:40:44.948738,Recipe_C,5cbad24a-7923-4766-93ce-efd7023b5fd8,23,1.0,,,,10.83,10.11,6.49,10.9,12.08,13.47
2025-12-17T09:40:45.948738,Recipe_C,5cbad24a-7923-4766-93ce-efd7023b5fd8,23,1.0,,,,9.95,9.59,11.09,9.93,7.54,10.66
2025-12-17T09:40:46.948738,Recipe_C,5cbad24a-7923-4766-93ce-efd7023b5fd8,23,1.0,,,,12.07,13.48,10.61,10.02,8.58,9.55
2025-12-17T09:40:47.948738,Recipe_C,5cbad24a-7923-4766-93ce-efd7023b5fd8,23,1.0,,,,8.19,13.15,9.04,11.38,5.33,5.44
2025-12-17T09:40:48.948738,Recipe_C,5cbad24a-7923-4766-93ce-efd7023b5fd8,23,5.0,,,,10.51,11.8,10.05,10.2,11.09,11.8
2025-12-17T09:40:49.948738,Recipe_C,5cbad24a-7923-4766-93ce-efd7023b5fd8,23,5.0,,,,8.82,8.5,10.73,6.18,11.84,11.25
2025-12-17T09:40:50.948738,Recipe_C,5cbad24a-7923-4766-93ce-efd7023b5fd8,23,5.0,,,,7.69,9.59,5.46,10.23,8.76,10.65
2025-12-17T09:40:51.948738,Recipe_C,5cbad24a-7923-4766-93ce-efd7023b5fd8,23,5.0,,,,9.32,10.11,9.74,11.93,10.09,8.85
2025-12-17T09:40:52.948738,Recipe_C,5cbad24a-7923-4766-93ce-efd7023b5fd8,23,5.0,,,,9.72,10.0,11.77,10.7,9.66,9.72
2025-12-17T09:40:53.948738,Recipe_C,5cbad24a-7923-4766-93ce-efd7023b5fd8,23,5.0,,,,12.3,11.16,10.79,10.01,9.65,12.16
2025-12-17T09:40:54.948738,Recipe_C,5cbad24a-7923-4766-93ce-efd7023b5fd8,23,5.0,,,,5.13,7.27,8.96,7.95,11.28,10.26
2025-12-17T09:40:55.948738,Recipe_C,5cbad24a-7923-4766-93ce-efd7023b5fd8,23,5.0,,,,11.83,10.79,10.54,9.26,12.72,13.65
2025-12-17T09:40:56.948738,Recipe_C,5cbad24a-7923-4766-93ce-efd7023b5fd8,23,5.0,,,,8.05,6.96,13.62,10.48,8.45,13.4
2025-12-17T09:40:57.948738,Recipe_C,5cbad24a-7923-4766-93ce-efd7023b5fd8,23,5.0,,,,9.76,10.89,9.28,10.16,10.75,10.06
2025-12-17T09:40:58.948738,Recipe_C,5cbad24a-7923-4766-93ce-efd7023b5fd8,23,5.0,,,,15.05,13.37,8.63,13.68,10.02,8.96
2025-12-17T09:40:59.948738,Recipe_C,5cbad24a-7923-4766-93ce-efd7023b5fd8,23,5.0,,,,10.14,7.85,9.01,9.66,11.71,7.49
2025-12-17T09:41:00.948738,Recipe_C,5cbad24a-7923-4766-93ce-efd7023b5fd8,23,5.0,,,,7.89,11.72,8.79,8.94,8.43,7.72
2025-12-17T09:41:01.948738,Recipe_C,5cbad24a-7923-4766-93ce-efd7023b5fd8,23,5.0,,,,9.64,9.81,8.33,11.1,7.66,10.27
2025-12-17T09:41:02.948738,Recipe_C,5cbad24a-7923-4766-93ce-efd7023b5fd8,23,5.0,,,,9.64,11.05,8.79,7.5,11.19,8.57
2025-12-17T09:41:03.948738,Recipe_C,5cbad24a-7923-4766-93ce-efd7023b5fd8,23,5.0,,,,6.61,10.34,9.12,10.92,12.11,9.38
2025-12-17T09:41:04.948738,Recipe_C,5cbad24a-7923-4766-93ce-efd7023b5fd8,23,5.0,,,,10.7,13.55,9.51,8.19,11.4,7.99
2025-12-17T09:41:05.948738,Recipe_C,5cbad24a-7923-4766-93ce-efd7023b5fd8,23,5.0,,,,11.38,11.04,10.53,12.44,10.78,8.36
2025-12-17T09:41:06.948738,Recipe_C,5cbad24a-7923-4766-93ce-efd7023b5fd8,23,5.0,,,,8.15,6.86,10.51,11.89,12.46,9.16
2025-12-17T09:41:07.948738,Recipe_C,5cbad24a-7923-4766-93ce-efd7023b5fd8,23,4.0,,,,117.72,51.18,44.26,54.89,44.66,55.6
2025-12-17T09:41:08.948738,Recipe_C,5cbad24a-7923-4766-93ce-efd7023b5fd8,23,4.0,,,,94.32,50.88,44.1,50.95,44.25,53.29
2025-12-17T09:41:09.948738,Recipe_C,5cbad24a-7923-4766-93ce-efd7023b5fd8,23,4.0,,,,93.9,55.7,51.75,54.85,50.1,53.7
2025-12-17T09:41:10.948738,Recipe_C,5cbad24a-7923-4766-93ce-efd7023b5fd8,23,4.0,,,,97.43,49.77,50.51,50.73,42.08,51.49
2025-12-17T09:41:11.948738,Recipe_C,5cbad24a-7923-4766-93ce-efd7023b5fd8,23,4.0,,,,98.72,56.74,49.61,54.04,47.53,45.44
2025-12-17T09:41:12.948738,Recipe_C,5cbad24a-7923-4766-93ce-efd7023b5fd8,23,4.0,,,,98.12,42.51,52.73,46.1,51.68,43.94
2025-12-17T09:41:13.948738,Recipe_C,5cbad24a-7923-4766-93ce-efd7023b5fd8,23,4.0,,,,95.69,50.02,45.45,51.0,58.64,41.31
2025-12-17T09:41:14.948738,Recipe_C,5cbad24a-7923-4766-93ce-efd7023b5fd8,23,4.0,,,,106.55,50.47,43.61,54.21,50.57,58.42
2025-12-17T09:41:15.948738,Recipe_C,5cbad24a-7923-4766-93ce-efd7023b5fd8,23,4.0,,,,97.03,52.07,49.81,48.94,48.37,43.77
2025-12-17T09:41:16.948738,Recipe_C,5cbad24a-7923-4766-93ce-efd7023b5fd8,23,4.0,,,,96.86,45.92,45.91,56.68,45.62,34.78
2025-12-17T09:41:17.948738,Recipe_C,5cbad24a-7923-4766-93ce-efd7023b5fd8,23,4.0,,,,102.6,47.06,58.36,43.24,45.52,51.89
2025-12-17T09:41:18.948738,Recipe_C,5cbad24a-7923-4766-93ce-efd7023b5fd8,23,4.0,,,,106.86,47.6,49.09,39.7,50.69,48.33
2025-12-17T09:41:19.948738,Recipe_C,5cbad24a-7923-4766-93ce-efd7023b5fd8,23,0.0,,,,0.0,0.0,0.0,0.0,0.0,0.0
2025-12-17T09:41:20.948738,Recipe_C,5cbad24a-7923-4766-93ce-efd7023b5fd8,23,0.0,,,,0.0,0.0,0.0,0.0,0.0,0.0
2025-12-17T09:41:21.948738,Recipe_C,5cbad24a-7923-4766-93ce-efd7023b5fd8,23,0.0,,,,0.0,0.0,0.0,0.0,0.0,0.0
2025-12-17T09:41:22.948738,Recipe_C,5cbad24a-7923-4766-93ce-efd7023b5fd8,23,0.0,,,,0.0,0.0,0.0,0.0,0.0,0.0
2025-12-17T09:41:23.948738,Recipe_C,5cbad24a-7923-4766-93ce-efd7023b5fd8,23,0.0,,,,0.0,0.0,0.0,0.0,0.0,0.0
2025-12-17T09:41:24.948738,Recipe_C,5cbad24a-7923-4766-93ce-efd7023b5fd8,23,0.0,,,,0.0,0.0,0.0,0.0,0.0,0.0
2025-12-17T09:41:25.948738,Recipe_C,5cbad24a-7923-4766-93ce-efd7023b5fd8,23,0.0,,,,0.0,0.0,0.0,0.0,0.0,0.0
2025-12-17T09:41:26.948738,Recipe_C,5cbad24a-7923-4766-93ce-efd7023b5fd8,23,0.0,,,,0.0,0.0,0.0,0.0,0.0,0.0
2025-12-17T09:41:27.948738,Recipe_C,5cbad24a-7923-4766-93ce-efd7023b5fd8,23,0.0,,,,0.0,0.0,0.0,0.0,0.0,0.0
2025-12-17T09:41:28.948738,Recipe_C,5cbad24a-7923-4766-93ce-efd7023b5fd8,23,5.0,,,,11.93,10.8,10.6,12.56,12.53,7.85
2025-12-17T09:41:29.948738,Recipe_C,5cbad24a-7923-4766-93ce-efd7023b5fd8,23,5.0,,,,12.19,9.56,8.97,7.03,11.59,7.42
2025-12-17T09:41:30.948738,Recipe_C,5cbad24a-7923-4766-93ce-efd7023b5fd8,23,5.0,,,,8.93,11.28,8.33,8.85,9.27,12.08
2025-12-17T09:41:31.948738,Recipe_C,5cbad24a-7923-4766-93ce-efd7023b5fd8,23,5.0,,,,11.06,9.13,8.1,11.0,10.92,8.61
2025-12-17T09:41:32.948738,Recipe_C,5cbad24a-7923-4766-93ce-efd7023b5fd8,23,5.0,,,,7.46,8.86,8.65,11.08,12.84,11.25
2025-12-17T09:41:33.948738,Recipe_C,5cbad24a-7923-4766-93ce-efd7023b5fd8,23,5.0,,,,10.33,11.88,10.89,7.72,11.84,9.11
2025-12-17T09:41:34.948738,Recipe_C,5cbad24a-7923-4766-93ce-efd7023b5fd8,23,5.0,,,,5.65,10.72,10.25,9.21,12.56,11.42
2025-12-17T09:41:35.948738,Recipe_C,5cbad24a-7923-4766-93ce-efd7023b5fd8,23,5.0,,,,9.5,8.15,6.63,6.78,7.41,5.94
2025-12-17T09:41:36.948738,Recipe_C,5cbad24a-7923-4766-93ce-efd7023b5fd8,23,5.0,,,,8.48,7.27,12.75,10.15,6.66,13.12
2025-12-17T09:41:37.948738,Recipe_C,5cbad24a-7923-4766-93ce-efd7023b5fd8,23,5.0,,,,10.04,10.55,7.58,10.52,10.91,10.07
2025-12-17T09:41:38.948738,Recipe_C,5cbad24a-7923-4766-93ce-efd7023b5fd8,23,5.0,,,,10.17,8.27,13.47,7.7,14.59,9.23
2025-12-17T09:41:39.948738,Recipe_C,5cbad24a-7923-4766-93ce-efd7023b5fd8,23,5.0,,,,11.53,10.62,10.4,10.62,9.1,12.07
2025-12-17T09:41:40.948738,Recipe_C,5cbad24a-7923-4766-93ce-efd7023b5fd8,23,5.0,,,,8.68,11.89,11.38,9.12,9.89,6.7
2025-12-17T09:41:41.948738,Recipe_C,5cbad24a-7923-4766-93ce-efd7023b5fd8,23,5.0,,,,11.09,9.19,12.2,8.07,9.91,11.6
2025-12-17T09:41:42.948738,Recipe_C,5cbad24a-7923-4766-93ce-efd7023b5fd8,23,5.0,,,,9.19,10.19,10.5,9.59,11.33,10.41
2025-12-17T09:41:43.948738,Recipe_C,5cbad24a-7923-4766-93ce-efd7023b5fd8,23,5.0,,,,10.86,11.35,9.42,8.16,11.74,11.47
2025-12-17T09:41:44.948738,Recipe_C,5cbad24a-7923-4766-93ce-efd7023b5fd8,23,5.0,,,,12.9,6.52,9.96,9.26,8.87,7.07
2025-12-17T09:41:45.948738,Recipe_C,5cbad24a-7923-4766-93ce-efd7023b5fd8,23,5.0,,,,10.61,14.28,7.71,11.86,8.61,12.67
2025-12-17T09:41:46.948738,Recipe_C,5cbad24a-7923-4766-93ce-efd7023b5fd8,23,5.0,,,,9.73,13.79,5.3,10.2,12.77,8.15
2025-12-17T09:41:47.948738,Recipe_C,5cbad24a-7923-4766-93ce-efd7023b5fd8,23,5.0,,,,12.76,11.85,9.03,13.04,10.16,7.88
2025-12-17T09:41:48.948738,Recipe_C,5cbad24a-7923-4766-93ce-efd7023b5fd8,23,5.0,,,,11.22,11.43,8.83,9.88,9.23,11.44
2025-12-17T09:41:49.948738,Recipe_C,5cbad24a-7923-4766-93ce-efd7023b5fd8,23,5.0,,,,13.98,5.51,9.63,7.76,12.98,12.18
2025-12-17T09:41:50.948738,Recipe_C,5cbad24a-7923-4766-93ce-efd7023b5fd8,23,5.0,,,,8.55,6.76,9.0,7.37,7.09,10.11
2025-12-17T09:41:51.948738,Recipe_C,5cbad24a-7923-4766-93ce-efd7023b5fd8,23,5.0,,,,11.66,8.47,8.81,11.66,7.47,10.44
2025-12-17T09:41:52.948738,Recipe_C,5cbad24a-7923-4766-93ce-efd7023b5fd8,23,5.0,,,,10.86,10.34,5.92,12.09,7.22,9.82
2025-12-17T09:41:53.948738,Recipe_C,5cbad24a-7923-4766-93ce-efd7023b5fd8,23,5.0,,,,8.54,9.48,11.82,7.81,10.8,8.97
2025-12-17T09:41:54.948738,Recipe_C,5cbad24a-7923-4766-93ce-efd7023b5fd8,23,5.0,,,,10.47,14.45,11.67,11.49,11.86,13.78
2025-12-17T09:41:55.948738,Recipe_C,5cbad24a-7923-4766-93ce-efd7023b5fd8,23,5.0,,,,9.42,12.17,10.11,9.05,9.94,10.68
2025-12-17T09:41:56.948738,Recipe_C,5cbad24a-7923-4766-93ce-efd7023b5fd8,23,5.0,,,,10.79,12.62,9.81,8.33,16.29,9.5
2025-12-17T09:41:57.948738,Recipe_C,5cbad24a-7923-4766-93ce-efd7023b5fd8,23,5.0,,,,9.17,12.15,10.94,8.05,9.83,11.13
2025-12-17T09:41:58.948738,Recipe_C,5cbad24a-7923-4766-93ce-efd7023b5fd8,23,5.0,,,,8.42,14.24,11.02,9.94,10.42,5.58
2025-12-17T09:41:59.948738,Recipe_C,5cbad24a-7923-4766-93ce-efd7023b5fd8,23,5.0,,,,12.7,7.36,10.19,8.48,10.32,10.42
2025-12-17T09:42:00.948738,Recipe_C,5cbad24a-7923-4766-93ce-efd7023b5fd8,23,5.0,,,,9.91,11.98,11.3,10.05,13.55,10.08
2025-12-17T09:42:01.948738,Recipe_C,5cbad24a-7923-4766-93ce-efd7023b5fd8,23,5.0,,,,8.7,10.54,9.12,9.05,9.32,10.37
2025-12-17T09:42:02.948738,Recipe_C,5cbad24a-7923-4766-93ce-efd7023b5fd8,23,5.0,,,,10.81,8.11,8.74,10.72,7.0,12.55
2025-12-17T09:42:03.948738,Recipe_C,5cbad24a-7923-4766-93ce-efd7023b5fd8,23,5.0,,,,6.91,7.24,10.29,7.97,12.92,7.0
2025-12-17T09:42:04.948738,Recipe_C,5cbad24a-7923-4766-93ce-efd7023b5fd8,23,5.0,,,,8.9,7.67,6.39,11.23,10.49,9.3
2025-12-17T09:42:05.948738,Recipe_C,5cbad24a-7923-4766-93ce-efd7023b5fd8,23,5.0,,,,9.77,10.17,11.52,13.52,13.38,9.43
2025-12-17T09:42:06.948738,Recipe_C,5cbad24a-7923-4766-93ce-efd7023b5fd8,23,2.0,,,,7.84,11.16,8.03,7.64,7.13,12.64
2025-12-17T09:42:07.948738,Recipe_C,5cbad24a-7923-4766-93ce-efd7023b5fd8,23,2.0,,,,11.4,9.39,9.91,11.03,11.07,10.64
2025-12-17T09:42:08.948738,Recipe_C,5cbad24a-7923-4766-93ce-efd7023b5fd8,23,2.0,,,,10.46,11.92,8.49,12.19,10.17,9.83
2025-12-17T09:42:09.948738,Recipe_C,5cbad24a-7923-4766-93ce-efd7023b5fd8,23,2.0,,,,10.69,5.68,10.46,9.81,10.12,11.13
2025-12-17T09:42:10.948738,Recipe_C,5cbad24a-7923-4766-93ce-efd7023b5fd8,23,2.0,,,,9.02,9.87,10.52,11.61,11.82,9.92
2025-12-17T09:42:11.948738,Recipe_C,5cbad24a-7923-4766-93ce-efd7023b5fd8,23,2.0,,,,9.07,7.7,9.22,10.17,8.5,9.25
2025-12-17T09:42:12.948738,Recipe_C,5cbad24a-7923-4766-93ce-efd7023b5fd8,23,2.0,,,,13.9,10.03,12.71,10.13,9.6,11.69
2025-12-17T09:42:13.948738,Recipe_C,5cbad24a-7923-4766-93ce-efd7023b5fd8,23,2.0,,,,9.3,9.42,11.56,9.32,8.77,13.9
2025-12-17T09:42:14.948738,Recipe_C,5cbad24a-7923-4766-93ce-efd7023b5fd8,23,2.0,,,,11.69,10.28,9.68,13.39,11.39,11.04
2025-12-17T09:42:15.948738,Recipe_C,5cbad24a-7923-4766-93ce-efd7023b5fd8,23,2.0,,,,12.01,12.15,9.45,12.27,11.24,12.48
2025-12-17T09:42:16.948738,Recipe_C,5cbad24a-7923-4766-93ce-efd7023b5fd8,23,2.0,,,,6.1,12.28,8.59,11.77,9.75,9.55
2025-12-17T09:42:17.948738,Recipe_C,5cbad24a-7923-4766-93ce-efd7023b5fd8,23,2.0,,,,14.25,9.09,10.42,13.48,9.33,10.64
2025-12-17T09:42:18.948738,Recipe_C,5cbad24a-7923-4766-93ce-efd7023b5fd8,23,2.0,,,,10.63,11.45,9.08,9.78,10.88,7.8
2025-12-17T09:42:19.948738,Recipe_C,5cbad24a-7923-4766-93ce-efd7023b5fd8,23,2.0,,,,12.62,10.54,12.57,9.41,13.1,11.99
2025-12-17T09:42:20.948738,Recipe_C,5cbad24a-7923-4766-93ce-efd7023b5fd8,23,2.0,,,,7.91,7.73,11.22,12.03,11.94,8.95
2025-12-17T09:42:21.948738,Recipe_C,5cbad24a-7923-4766-93ce-efd7023b5fd8,23,2.0,,,,12.47,12.12,13.34,8.96,10.73,12.1
2025-12-17T09:42:22.948738,Recipe_C,5cbad24a-7923-4766-93ce-efd7023b5fd8,23,2.0,,,,13.29,9.87,10.09,7.98,12.28,11.09
2025-12-17T09:42:23.948738,Recipe_C,5cbad24a-7923-4766-93ce-efd7023b5fd8,23,2.0,,,,10.24,11.08,10.92,9.96,14.38,7.43
2025-12-17T09:42:24.948738,Recipe_C,5cbad24a-7923-4766-93ce-efd7023b5fd8,23,2.0,,,,11.3,7.03,7.54,9.16,12.77,9.61
2025-12-17T09:42:25.948738,Recipe_C,5cbad24a-7923-4766-93ce-efd7023b5fd8,23,2.0,,,,6.43,9.57,11.82,11.23,10.48,9.99
2025-12-17T09:42:26.948738,Recipe_C,5cbad24a-7923-4766-93ce-efd7023b5fd8,23,2.0,,,,7.64,7.79,8.44,9.69,12.63,12.34
2025-12-17T09:42:27.948738,Recipe_C,5cbad24a-7923-4766-93ce-efd7023b5fd8,23,2.0,,,,10.07,7.98,11.46,12.05,10.4,10.71
2025-12-17T09:42:28.948738,Recipe_C,5cbad24a-7923-4766-93ce-efd7023b5fd8,23,2.0,,,,10.0,10.1,6.09,9.1,11.25,10.28
2025-12-17T09:42:29.948738,Recipe_C,5cbad24a-7923-4766-93ce-efd7023b5fd8,23,2.0,,,,11.52,11.62,10.31,11.37,11.22,10.54
2025-12-17T09:42:30.948738,Recipe_C,5cbad24a-7923-4766-93ce-efd7023b5fd8,23,2.0,,,,11.26,8.42,10.11,10.61,10.46,9.75
2025-12-17T09:42:31.948738,Recipe_C,5cbad24a-7923-4766-93ce-efd7023b5fd8,23,2.0,,,,8.86,9.17,7.66,8.2,10.78,11.4
2025-12-17T09:42:32.948738,Recipe_C,5cbad24a-7923-4766-93ce-efd7023b5fd8,23,2.0,,,,11.41,9.69,9.91,10.38,11.69,8.84
2025-12-17T09:42:33.948738,Recipe_C,5cbad24a-7923-4766-93ce-efd7023b5fd8,23,2.0,,,,11.9,14.26,9.59,8.6,10.68,10.48
2025-12-17T09:42:34.948738,Recipe_C,5cbad24a-7923-4766-93ce-efd7023b5fd8,23,2.0,,,,9.7,10.64,9.02,8.38,10.18,10.45
2025-12-17T09:42:35.948738,Recipe_C,5cbad24a-7923-4766-93ce-efd7023b5fd8,23,2.0,,,,11.6,11.57,11.41,9.48,11.46,10.2
2025-12-17T09:42:36.948738,Recipe_C,5cbad24a-7923-4766-93ce-efd7023b5fd8,23,2.0,,,,8.89,11.88,7.4,12.04,9.43,7.1
2025-12-17T09:42:37.948738,Recipe_C,5cbad24a-7923-4766-93ce-efd7023b5fd8,23,2.0,,,,6.86,6.93,8.68,9.7,10.38,10.75
2025-12-17T09:42:38.948738,Recipe_C,5cbad24a-7923-4766-93ce-efd7023b5fd8,23,2.0,,,,7.33,11.26,7.53,6.14,10.09,8.49
2025-12-17T09:42:39.948738,Recipe_C,5cbad24a-7923-4766-93ce-efd7023b5fd8,23,2.0,,,,10.89,8.55,9.08,8.18,11.36,8.13
2025-12-17T09:42:40.948738,Recipe_C,5cbad24a-7923-4766-93ce-efd7023b5fd8,23,2.0,,,,8.64,6.86,13.53,9.44,9.66,9.48
2025-12-17T09:42:41.948738,Recipe_C,5cbad24a-7923-4766-93ce-efd7023b5fd8,23,2.0,,,,7.59,10.34,8.98,10.14,11.03,7.81
2025-12-17T09:42:42.948738,Recipe_C,5cbad24a-7923-4766-93ce-efd7023b5fd8,23,2.0,,,,10.93,12.0,10.82,10.29,7.01,11.62
2025-12-17T09:42:43.948738,Recipe_C,5cbad24a-7923-4766-93ce-efd7023b5fd8,23,1.0,,,,9.1,7.73,12.26,8.27,12.4,13.62
2025-12-17T09:42:44.948738,Recipe_C,5cbad24a-7923-4766-93ce-efd7023b5fd8,23,1.0,,,,5.7,13.12,11.42,9.54,11.16,10.66
2025-12-17T09:42:45.948738,Recipe_C,5cbad24a-7923-4766-93ce-efd7023b5fd8,23,1.0,,,,9.93,11.35,8.36,9.91,10.71,8.06
2025-12-17T09:42:46.948738,Recipe_C,5cbad24a-7923-4766-93ce-efd7023b5fd8,23,1.0,,,,10.96,11.21,11.33,10.66,13.5,10.62
2025-12-17T09:42:47.948738,Recipe_C,5cbad24a-7923-4766-93ce-efd7023b5fd8,23,1.0,,,,10.75,11.75,10.59,10.99,9.49,10.84
2025-12-17T09:42:48.948738,Recipe_C,5cbad24a-7923-4766-93ce-efd7023b5fd8,23,1.0,,,,11.12,12.56,9.52,6.69,12.21,11.47
2025-12-17T09:42:49.948738,Recipe_C,5cbad24a-7923-4766-93ce-efd7023b5fd8,23,1.0,,,,9.14,9.24,6.58,12.71,6.11,10.33
2025-12-17T09:42:50.948738,Recipe_C,5cbad24a-7923-4766-93ce-efd7023b5fd8,23,1.0,,,,8.95,10.11,10.51,10.0,11.42,9.68
2025-12-17T09:42:51.948738,Recipe_C,5cbad24a-7923-4766-93ce-efd7023b5fd8,23,1.0,,,,9.88,8.68,9.42,6.11,9.33,11.04
2025-12-17T09:42:52.948738,Recipe_C,5cbad24a-7923-4766-93ce-efd7023b5fd8,23,1.0,,,,7.57,10.36,10.07,7.96,8.05,12.54
2025-12-17T09:42:53.948738,Recipe_C,5cbad24a-7923-4766-93ce-efd7023b5fd8,23,1.0,,,,11.51,9.34,6.57,5.21,11.88,9.59
2025-12-17T09:42:54.948738,Recipe_C,5cbad24a-7923-4766-93ce-efd7023b5fd8,23,1.0,,,,8.93,10.21,11.63,10.83,12.2,7.82
2025-12-17T09:42:55.948738,Recipe_C,5cbad24a-7923-4766-93ce-efd7023b5fd8,23,1.0,,,,9.89,9.44,12.57,12.61,5.93,9.99
2025-12-17T09:42:56.948738,Recipe_C,5cbad24a-7923-4766-93ce-efd7023b5fd8,23,1.0,,,,11.31,4.83,12.75,10.23,11.34,8.27
2025-12-17T09:42:57.948738,Recipe_C,5cbad24a-7923-4766-93ce-efd7023b5fd8,23,1.0,,,,10.96,12.35,8.09,3.74,9.67,12.4
2025-12-17T09:42:58.948738,Recipe_C,5cbad24a-7923-4766-93ce-efd7023b5fd8,23,1.0,,,,10.39,7.61,5.56,12.53,12.64,8.87
2025-12-17T09:42:59.948738,Recipe_C,5cbad24a-7923-4766-93ce-efd7023b5fd8,23,0.0,,,,0.0,0.0,0.0,0.0,0.0,0.0
2025-12-17T09:43:00.948738,Recipe_C,5cbad24a-7923-4766-93ce-efd7023b5fd8,23,0.0,,,,0.0,0.0,0.0,0.0,0.0,0.0
2025-12-17T09:43:01.948738,Recipe_C,5cbad24a-7923-4766-93ce-efd7023b5fd8,23,0.0,,,,0.0,0.0,0.0,0.0,0.0,0.0
2025-12-17T09:43:02.948738,Recipe_C,5cbad24a-7923-4766-93ce-efd7023b5fd8,23,0.0,,,,0.0,0.0,0.0,0.0,0.0,0.0
2025-12-17T09:43:03.948738,Recipe_C,5cbad24a-7923-4766-93ce-efd7023b5fd8,23,0.0,,,,0.0,0.0,0.0,0.0,0.0,0.0
2025-12-17T09:43:04.948738,Recipe_C,5cbad24a-7923-4766-93ce-efd7023b5fd8,23,0.0,,,,0.0,0.0,0.0,0.0,0.0,0.0
2025-12-17T09:43:05.948738,Recipe_C,5cbad24a-7923-4766-93ce-efd7023b5fd8,23,0.0,,,,0.0,0.0,0.0,0.0,0.0,0.0
2025-12-17T09:43:06.948738,Recipe_C,5cbad24a-7923-4766-93ce-efd7023b5fd8,23,0.0,,,,0.0,0.0,0.0,0.0,0.0,0.0
2025-12-17T09:43:07.948738,Recipe_C,5cbad24a-7923-4766-93ce-efd7023b5fd8,23,0.0,,,,0.0,0.0,0.0,0.0,0.0,0.0
2025-12-17T09:43:08.948738,Recipe_C,5cbad24a-7923-4766-93ce-efd7023b5fd8,23,0.0,,,,0.0,0.0,0.0,0.0,0.0,0.0
2025-12-17T09:43:09.948738,Recipe_C,5cbad24a-7923-4766-93ce-efd7023b5fd8,23,0.0,,,,0.0,0.0,0.0,0.0,0.0,0.0
2025-12-17T09:43:10.948738,Recipe_C,5cbad24a-7923-4766-93ce-efd7023b5fd8,23,0.0,,,,0.0,0.0,0.0,0.0,0.0,0.0
2025-12-17T09:43:11.948738,Recipe_C,5cbad24a-7923-4766-93ce-efd7023b5fd8,23,0.0,,,,0.0,0.0,0.0,0.0,0.0,0.0
2025-12-17T09:43:12.948738,Recipe_C,5cbad24a-7923-4766-93ce-efd7023b5fd8,23,0.0,,,,0.0,0.0,0.0,0.0,0.0,0.0
2025-12-17T09:43:13.948738,Recipe_C,5cbad24a-7923-4766-93ce-efd7023b5fd8,23,0.0,,,,0.0,0.0,0.0,0.0,0.0,0.0
2025-12-17T09:43:14.948738,Recipe_C,5cbad24a-7923-4766-93ce-efd7023b5fd8,23,0.0,,,,0.0,0.0,0.0,0.0,0.0,0.0
2025-12-17T09:43:15.948738,Recipe_C,5cbad24a-7923-4766-93ce-efd7023b5fd8,23,0.0,,,,0.0,0.0,0.0,0.0,0.0,0.0
2025-12-17T09:43:16.948738,Recipe_C,5cbad24a-7923-4766-93ce-efd7023b5fd8,23,0.0,,,,0.0,0.0,0.0,0.0,0.0,0.0
2025-12-17T09:43:17.948738,Recipe_C,5cbad24a-7923-4766-93ce-efd7023b5fd8,23,0.0,,,,0.0,0.0,0.0,0.0,0.0,0.0
2025-12-17T09:43:18.948738,Recipe_C,5cbad24a-7923-4766-93ce-efd7023b5fd8,23,0.0,,,,0.0,0.0,0.0,0.0,0.0,0.0
2025-12-17T09:43:19.948738,Recipe_C,5cbad24a-7923-4766-93ce-efd7023b5fd8,23,0.0,,,,0.0,0.0,0.0,0.0,0.0,0.0
2025-12-17T09:43:20.948738,Recipe_C,5cbad24a-7923-4766-93ce-efd7023b5fd8,23,0.0,,,,0.0,0.0,0.0,0.0,0.0,0.0
2025-12-17T09:43:21.948738,Recipe_C,5cbad24a-7923-4766-93ce-efd7023b5fd8,23,0.0,,,,0.0,0.0,0.0,0.0,0.0,0.0
2025-12-17T09:43:22.948738,Recipe_C,5cbad24a-7923-4766-93ce-efd7023b5fd8,23,0.0,,,,0.0,0.0,0.0,0.0,0.0,0.0
2025-12-17T09:43:23.948738,Recipe_C,5cbad24a-7923-4766-93ce-efd7023b5fd8,23,0.0,,,,0.0,0.0,0.0,0.0,0.0,0.0
2025-12-17T09:43:24.948738,Recipe_C,5cbad24a-7923-4766-93ce-efd7023b5fd8,23,0.0,,,,0.0,0.0,0.0,0.0,0.0,0.0
2025-12-17T09:43:25.948738,Recipe_C,5cbad24a-7923-4766-93ce-efd7023b5fd8,23,0.0,,,,0.0,0.0,0.0,0.0,0.0,0.0
