Timestamp,RecipeId,JobId,RunId,Active_State_General_StaOperatingState,Name,Text,Severity,Active_ActProcVal_All_MainDrive_ActSpeed,Active_ActProcVal_All_MainDrive_ActTorquePercent,Active_ActProcVal_All_MainDrive_ActThroughput,Active_ActProcVal_All_MainDrive_ActPower,Active_ActProcVal_All_MainDrive_ActSME,Active_ActProcVal_All_Endplate_ActPressure
2025-12-16T04:32:27.638122,Recipe_C,e493d977-1289-4420-b102-87061598c92c,8,0.0,,,,0.0,0.0,0.0,0.0,0.0,0.0
2025-12-16T04:32:28.638122,Recipe_C,e493d977-1289-4420-b102-87061598c92c,8,0.0,,,,0.0,0.0,0.0,0.0,0.0,0.0
2025-12-16T04:32:29.638122,Recipe_C,e493d977-1289-4420-b102-87061598c92c,8,0.0,,,,0.0,0.0,0.0,0.0,0.0,0.0
2025-12-16T04:32:30.638122,Recipe_C,e493d977-1289-4420-b102-87061598c92c,8,0.0,,,,0.0,0.0,0.0,0.0,0.0,0.0
2025-12-16T04:32:31.638122,Recipe_C,e493d977-1289-4420-b102-87061598c92c,8,1.0,,,,9.25,11.12,10.79,10.15,10.53,8.84
2025-12-16T04:32:32.638122,Recipe_C,e493d977-1289-4420-b102-87061598c92c,8,1.0,,,,10.15,14.34,11.46,8.42,9.56,11.23
2025-12-16T04:32:33.638122,Recipe_C,e493d977-1289-4420-b102-87061598c92c,8,1.0,,,,9.69,7.18,9.53,8.56,11.24,14.31
2025-12-16T04:32:34.638122,Recipe_C,e493d977-1289-4420-b102-87061598c92c,8,1.0,,,,10.12,11.43,11.57,12.54,9.35,10.66
2025-12-16T04:32:35.638122,Recipe_C,e493d977-1289-4420-b102-87061598c92c,8,1.0,,,,14.16,9.31,7.65,8.02,8.39,10.47
2025-12-16T04:32:36.638122,Recipe_C,e493d977-1289-4420-b102-87061598c92c,8,1.0,,,,11.8,8.75,11.52,11.66,12.35,9.22
2025-12-16T04:32:37.638122,Recipe_C,e493d977-1289-4420-b102-87061598c92c,8,1.0,,,,8.26,10.87,12.03,8.45,10.63,9.36
2025-12-16T04:32:38.638122,Recipe_C,e493d977-1289-4420-b102-87061598c92c,8,1.0,,,,6.74,12.19,11.43,10.19,8.27,12.55
2025-12-16T04:32:39.638122,Recipe_C,e493d977-1289-4420-b102-87061598c92c,8,1.0,,,,12.12,9.48,11.31,13.49,7.57,8.66
2025-12-16T04:32:40.638122,Recipe_C,e493d977-1289-4420-b102-87061598c92c,8,1.0,,,,8.34,8.41,9.6,8.71,9.81,10.83
2025-12-16T04:32:41.638122,Recipe_C,e493d977-1289-4420-b102-87061598c92c,8,1.0,,,,9.8,12.64,10.05,10.29,11.34,11.88
2025-12-16T04:32:42.638122,Recipe_C,e493d977-1289-4420-b102-87061598c92c,8,1.0,,,,9.65,9.27,10.46,8.34,11.06,12.77
2025-12-16T04:32:43.638122,Recipe_C,e493d977-1289-4420-b102-87061598c92c,8,1.0,,,,10.53,10.12,10.68,9.96,12.52,6.59
2025-12-16T04:32:44.638122,Recipe_C,e493d977-1289-4420-b102-87061598c92c,8,1.0,,,,10.37,9.66,11.27,10.16,7.17,8.35
2025-12-16T04:32:45.638122,Recipe_C,e493d977-1289-4420-b102-87061598c92c,8,1.0,,,,12.64,9.78,11.2,9.96,8.73,10.76
2025-12-16T04:32:46.638122,Recipe_C,e493d977-1289-4420-b102-87061598c92c,8,1.0,,,,9.82,7.6,11.33,11.71,10.95,11.17
2025-12-16T04:32:47.638122,Recipe_C,e493d977-1289-4420-b102-87061598c92c,8,1.0,,,,12.29,6.89,9.6,9.53,7.52,9.15
2025-12-16T04:32:48.638122,Recipe_C,e493d977-1289-4420-b102-87061598c92c,8,1.0,,,,6.39,8.96,7.8,11.19,11.14,6.92
2025-12-16T04:32:49.638122,Recipe_C,e493d977-1289-4420-b102-87061598c92c,8,1.0,,,,12.19,8.85,11.38,7.96,12.35,7.88
2025-12-16T04:32:50.638122,Recipe_C,e493d977-1289-4420-b102-87061598c92c,8,1.0,,,,10.62,6.73,15.1,11.87,10.71,9.94
2025-12-16T04:32:51.638122,Recipe_C,e493d977-1289-4420-b102-87061598c92c,8,1.0,,,,12.67,9.56,9.89,10.15,9.08,7.48
2025-12-16T04:32:52.638122,Recipe_C,e493d977-1289-4420-b102-87061598c92c,8,1.0,,,,5.59,12.02,7.09,10.54,11.19,8.88
2025-12-16T04:32:53.638122,Recipe_C,e493d977-1289-4420-b102-87061598c92c,8,1.0,,,,11.85,8.83,9.79,11.94,12.93,7.16
2025-12-16T04:32:54.638122,Recipe_C,e493d977-1289-4420-b102-87061598c92c,8,1.0,,,,11.92,9.54,11.04,12.12,7.24,10.41
2025-12-16T04:32:55.638122,Recipe_C,e493d977-1289-4420-b102-87061598c92c,8,1.0,,,,11.44,9.39,8.61,10.12,7.63,9.02
2025-12-16T04:32:56.638122,Recipe_C,e493d977-1289-4420-b102-87061598c92c,8,1.0,,,,11.43,11.1,10.88,12.07,6.99,11.92
2025-12-16T04:32:57.638122,Recipe_C,e493d977-1289-4420-b102-87061598c92c,8,1.0,,,,9.8,6.17,9.58,9.98,7.44,13.51
2025-12-16T04:32:58.638122,Recipe_C,e493d977-1289-4420-b102-87061598c92c,8,1.0,,,,10.32,11.67,11.36,9.54,9.02,8.2
2025-12-16T04:32:59.638122,Recipe_C,e493d977-1289-4420-b102-87061598c92c,8,1.0,,,,6.74,12.8,13.79,10.04,11.53,9.09
2025-12-16T04:33:00.638122,Recipe_C,e493d977-1289-4420-b102-87061598c92c,8,1.0,,,,7.35,8.48,13.57,11.08,9.79,13.03
2025-12-16T04:33:01.638122,Recipe_C,e493d977-1289-4420-b102-87061598c92c,8,1.0,,,,7.1,10.72,9.2,10.27,7.87,7.81
2025-12-16T04:33:02.638122,Recipe_C,e493d977-1289-4420-b102-87061598c92c,8,1.0,,,,9.64,8.15,8.76,7.34,9.47,12.07
2025-12-16T04:33:03.638122,Recipe_C,e493d977-1289-4420-b102-87061598c92c,8,1.0,,,,11.05,11.02,13.21,9.33,11.76,9.01
2025-12-16T04:33:04.638122,Recipe_C,e493d977-1289-4420-b102-87061598c92c,8,1.0,,,,9.74,13.69,10.67,9.47,11.86,9.14
2025-12-16T04:33:05.638122,Recipe_C,e493d977-1289-4420-b102-87061598c92c,8,1.0,,,,9.97,11.36,11.7,9.1,7.26,6.83
2025-12-16T04:33:06.638122,Recipe_C,e493d977-1289-4420-b102-87061598c92c,8,1.0,,,,10.1,11.88,7.2,10.83,10.25,7.22
2025-12-16T04:33:07.638122,Recipe_C,e493d977-1289-4420-b102-87061598c92c,8,1.0,,,,10.38,12.61,10.49,9.17,14.78,12.83
2025-12-16T04:33:08.638122,Recipe_C,e493d977-1289-4420-b102-87061598c92c,8,1.0,,,,6.85,6.65,8.48,10.58,9.31,10.79
2025-12-16T04:33:09.638122,Recipe_C,e493d977-1289-4420-b102-87061598c92c,8,1.0,,,,8.59,10.33,7.26,12.55,9.7,10.7
2025-12-16T04:33:10.638122,Recipe_C,e493d977-1289-4420-b102-87061598c92c,8,1.0,,,,9.4,10.35,11.51,9.1,6.23,9.59
2025-12-16T04:33:11.638122,Recipe_C,e493d977-1289-4420-b102-87061598c92c,8,1.0,,,,10.11,12.43,12.18,8.7,9.21,11.96
2025-12-16T04:33:12.638122,Recipe_C,e493d977-1289-4420-b102-87061598c92c,8,1.0,,,,7.85,11.97,15.11,14.24,6.92,13.08
2025-12-16T04:33:13.638122,Recipe_C,e493d977-1289-4420-b102-87061598c92c,8,1.0,,,,10.87,12.47,9.75,8.05,8.56,8.81
2025-12-16T04:33:14.638122,Recipe_C,e493d977-1289-4420-b102-87061598c92c,8,1.0,,,,9.32,9.65,7.36,7.4,9.51,10.72
2025-12-16T04:33:15.638122,Recipe_C,e493d977-1289-4420-b102-87061598c92c,8,1.0,,,,9.58,14.27,11.7,9.11,13.17,12.61
2025-12-16T04:33:16.638122,Recipe_C,e493d977-1289-4420-b102-87061598c92c,8,1.0,,,,6.68,10.28,12.63,9.26,10.48,9.22
2025-12-16T04:33:17.638122,Recipe_C,e493d977-1289-4420-b102-87061598c92c,8,1.0,,,,13.5,9.08,12.99,9.63,12.02,8.28
2025-12-16T04:33:18.638122,Recipe_C,e493d977-1289-4420-b102-87061598c92c,8,1.0,,,,11.08,10.49,12.52,10.63,11.31,7.75
2025-12-16T04:33:19.638122,Recipe_C,e493d977-1289-4420-b102-87061598c92c,8,1.0,,,,7.53,12.24,11.04,9.25,7.44,8.12
2025-12-16T04:33:20.638122,Recipe_C,e493d977-1289-4420-b102-87061598c92c,8,1.0,,,,9.68,10.98,6.38,10.42,8.83,11.3
2025-12-16T04:33:21.638122,Recipe_C,e493d977-1289-4420-b102-87061598c92c,8,1.0,,,,10.88,9.92,11.14,10.15,8.31,11.92
2025-12-16T04:33:22.638122,Recipe_C,e493d977-1289-4420-b102-87061598c92c,8,1.0,,,,12.42,10.91,11.9,14.57,9.35,9.23
2025-12-16T04:33:23.638122,Recipe_C,e493d977-1289-4420-b102-87061598c92c,8,1.0,,,,10.68,10.79,8.98,8.5,11.73,9.75
2025-12-16T04:33:24.638122,Recipe_C,e493d977-1289-4420-b102-87061598c92c,8,1.0,,,,8.25,8.82,9.78,9.77,14.53,10.84
2025-12-16T04:33:25.638122,Recipe_C,e493d977-1289-4420-b102-87061598c92c,8,1.0,,,,8.12,10.6,9.87,13.34,9.04,9.05
2025-12-16T04:33:26.638122,Recipe_C,e493d977-1289-4420-b102-87061598c92c,8,1.0,,,,10.61,11.19,8.76,9.37,11.22,13.47
2025-12-16T04:33:27.638122,Recipe_C,e493d977-1289-4420-b102-87061598c92c,8,1.0,,,,10.48,6.87,9.0,9.23,8.13,9.73
2025-12-16T04:33:28.638122,Recipe_C,e493d977-1289-4420-b102-87061598c92c,8,1.0,,,,10.94,7.62,10.53,13.63,9.71,11.83
2025-12-16T04:33:29.638122,Recipe_C,e493d977-1289-4420-b102-87061598c92c,8,1.0,,,,10.33,11.39,9.89,9.31,10.61,12.74
2025-12-16T04:33:30.638122,Recipe_C,e493d977-1289-4420-b102-87061598c92c,8,1.0,,,,10.22,10.35,10.79,12.27,10.48,11.36
2025-12-16T04:33:31.638122,Recipe_C,e493d977-1289-4420-b102-87061598c92c,8,1.0,,,,6.89,8.36,11.4,13.15,12.26,8.84
2025-12-16T04:33:32.638122,Recipe_C,e493d977-1289-4420-b102-87061598c92c,8,1.0,,,,11.61,10.17,9.73,7.53,7.87,9.29
2025-12-16T04:33:33.638122,Recipe_C,e493d977-1289-4420-b102-87061598c92c,8,1.0,,,,8.07,9.46,10.19,12.12,13.16,9.01
2025-12-16T04:33:34.638122,Recipe_C,e493d977-1289-4420-b102-87061598c92c,8,1.0,,,,15.41,9.87,5.63,11.68,8.4,13.08
2025-12-16T04:33:35.638122,Recipe_C,e493d977-1289-4420-b102-87061598c92c,8,1.0,,,,8.34,8.37,13.55,5.88,10.38,12.43
2025-12-16T04:33:36.638122,Recipe_C,e493d977-1289-4420-b102-87061598c92c,8,1.0,,,,12.29,12.66,5.95,9.95,10.92,10.59
2025-12-16T04:33:37.638122,Recipe_C,e493d977-1289-4420-b102-87061598c92c,8,1.0,,,,10.48,11.58,10.56,8.69,9.15,9.58
2025-12-16T04:33:38.638122,Recipe_C,e493d977-1289-4420-b102-87061598c92c,8,4.0,,,,100.28,40.79,45.26,42.11,54.51,53.87
2025-12-16T04:33:39.638122,Recipe_C,e493d977-1289-4420-b102-87061598c92c,8,4.0,,,,101.3,48.76,49.33,43.79,50.05,44.38
2025-12-16T04:33:40.638122,Recipe_C,e493d977-1289-4420-b102-87061598c92c,8,4.0,,,,89.85,49.7,45.97,51.74,53.4,41.91
2025-12-16T04:33:41.638122,Recipe_C,e493d977-1289-4420-b102-87061598c92c,8,4.0,,,,101.73,49.09,49.7,51.04,51.88,51.12
2025-12-16T04:33:42.638122,Recipe_C,e493d977-1289-4420-b102-87061598c92c,8,4.0,,,,102.22,47.62,51.12,49.44,60.81,42.87
2025-12-16T04:33:43.638122,Recipe_C,e493d977-1289-4420-b102-87061598c92c,8,4.0,,,,92.08,44.78,51.54,55.91,52.34,52.39
2025-12-16T04:33:44.638122,Recipe_C,e493d977-1289-4420-b102-87061598c92c,8,4.0,,,,102.18,58.14,42.35,51.25,35.6,45.0
2025-12-16T04:33:45.638122,Recipe_C,e493d977-1289-4420-b102-87061598c92c,8,4.0,,,,101.37,53.43,53.95,49.46,41.97,59.53
2025-12-16T04:33:46.638122,Recipe_C,e493d977-1289-4420-b102-87061598c92c,8,4.0,,,,90.18,46.56,46.92,42.68,52.06,55.49
2025-12-16T04:33:47.638122,Recipe_C,e493d977-1289-4420-b102-87061598c92c,8,2.0,,,,9.2,5.95,11.0,8.98,8.95,10.13
2025-12-16T04:33:48.638122,Recipe_C,e493d977-1289-4420-b102-87061598c92c,8,2.0,,,,13.85,9.46,11.84,9.57,10.52,9.33
2025-12-16T04:33:49.638122,Recipe_C,e493d977-1289-4420-b102-87061598c92c,8,2.0,,,,11.64,8.98,12.13,7.29,9.95,5.74
2025-12-16T04:33:50.638122,Recipe_C,e493d977-1289-4420-b102-87061598c92c,8,2.0,,,,9.31,8.96,9.82,8.3,9.14,9.99
2025-12-16T04:33:51.638122,Recipe_C,e493d977-1289-4420-b102-87061598c92c,8,2.0,,,,10.28,10.74,11.9,12.08,5.84,8.91
2025-12-16T04:33:52.638122,Recipe_C,e493d977-1289-4420-b102-87061598c92c,8,2.0,,,,7.74,10.03,12.16,11.36,10.03,8.52
2025-12-16T04:33:53.638122,Recipe_C,e493d977-1289-4420-b102-87061598c92c,8,2.0,,,,12.11,10.87,10.36,12.1,13.09,11.53
2025-12-16T04:33:54.638122,Recipe_C,e493d977-1289-4420-b102-87061598c92c,8,2.0,,,,6.64,12.46,7.65,10.03,4.23,5.84
2025-12-16T04:33:55.638122,Recipe_C,e493d977-1289-4420-b102-87061598c92c,8,2.0,,,,8.84,13.58,9.54,8.73,10.89,10.01
2025-12-16T04:33:56.638122,Recipe_C,e493d977-1289-4420-b102-87061598c92c,8,2.0,,,,8.54,10.67,14.22,10.04,9.76,15.73
2025-12-16T04:33:57.638122,Recipe_C,e493d977-1289-4420-b102-87061598c92c,8,2.0,,,,11.22,11.11,9.16,9.85,10.47,8.58
2025-12-16T04:33:58.638122,Recipe_C,e493d977-1289-4420-b102-87061598c92c,8,2.0,,,,12.8,11.93,10.14,9.55,12.68,6.36
2025-12-16T04:33:59.638122,Recipe_C,e493d977-1289-4420-b102-87061598c92c,8,2.0,,,,11.65,8.73,8.78,7.35,10.61,9.81
2025-12-16T04:34:00.638122,Recipe_C,e493d977-1289-4420-b102-87061598c92c,8,2.0,,,,8.34,12.37,11.8,12.48,8.06,9.97
2025-12-16T04:34:01.638122,Recipe_C,e493d977-1289-4420-b102-87061598c92c,8,2.0,,,,14.56,9.47,10.56,8.49,8.61,9.46
2025-12-16T04:34:02.638122,Recipe_C,e493d977-1289-4420-b102-87061598c92c,8,2.0,,,,8.87,8.74,6.99,11.65,10.18,6.34
2025-12-16T04:34:03.638122,Recipe_C,e493d977-1289-4420-b102-87061598c92c,8,2.0,,,,12.02,12.09,5.68,9.61,11.67,11.73
2025-12-16T04:34:04.638122,Recipe_C,e493d977-1289-4420-b102-87061598c92c,8,2.0,,,,8.73,15.16,9.81,7.75,11.61,15.35
2025-12-16T04:34:05.638122,Recipe_C,e493d977-1289-4420-b102-87061598c92c,8,2.0,,,,9.04,10.77,7.41,14.13,10.13,10.24
2025-12-16T04:34:06.638122,Recipe_C,e493d977-1289-4420-b102-87061598c92c,8,2.0,,,,6.38,10.71,11.89,9.63,9.3,8.13
2025-12-16T04:34:07.638122,Recipe_C,e493d977-1289-4420-b102-87061598c92c,8,2.0,,,,9.08,9.54,6.89,14.25,11.02,10.83
2025-12-16T04:34:08.638122,Recipe_C,e493d977-1289-4420-b102-87061598c92c,8,2.0,,,,10.95,11.58,8.9,8.84,12.42,7.35
2025-12-16T04:34:09.638122,Recipe_C,e493d977-1289-4420-b102-87061598c92c,8,2.0,,,,7.37,10.44,9.05,9.98,8.61,8.19
2025-12-16T04:34:10.638122,Recipe_C,e493d977-1289-4420-b102-87061598c92c,8,2.0,,,,9.16,8.89,15.56,8.8,9.71,11.79
2025-12-16T04:34:11.638122,Recipe_C,e493d977-1289-4420-b102-87061598c92c,8,2.0,,,,9.23,8.88,12.14,13.08,10.72,7.99
2025-12-16T04:34:12.638122,Recipe_C,e493d977-1289-4420-b102-87061598c92c,8,3.0,,,,8.61,14.08,13.7,12.53,7.83,9.86
2025-12-16T04:34:13.638122,Recipe_C,e493d977-1289-4420-b102-87061598c92c,8,3.0,,,,7.38,9.59,10.89,11.66,10.48,7.07
2025-12-16T04:34:14.638122,Recipe_C,e493d977-1289-4420-b102-87061598c92c,8,3.0,,,,7.14,9.73,8.38,9.85,10.64,10.3
2025-12-16T04:34:15.638122,Recipe_C,e493d977-1289-4420-b102-87061598c92c,8,3.0,,,,9.4,8.27,8.58,10.31,9.98,10.1
2025-12-16T04:34:15.638122,Recipe_C,e493d977-1289-4420-b102-87061598c92c,8,3.0,Warning_3,Simulated Warning occurred,Warning,,,,,,
2025-12-16T04:34:16.638122,Recipe_C,e493d977-1289-4420-b102-87061598c92c,8,3.0,,,,7.5,9.2,13.55,10.84,9.98,11.59
2025-12-16T04:34:17.638122,Recipe_C,e493d977-1289-4420-b102-87061598c92c,8,3.0,,,,4.35,10.04,12.78,11.75,8.85,11.68
2025-12-16T04:34:18.638122,Recipe_C,e493d977-1289-4420-b102-87061598c92c,8,3.0,,,,13.79,8.46,11.76,11.53,7.61,11.38
2025-12-16T04:34:19.638122,Recipe_C,e493d977-1289-4420-b102-87061598c92c,8,3.0,,,,10.45,11.79,8.79,9.44,11.99,11.96
2025-12-16T04:34:20.638122,Recipe_C,e493d977-1289-4420-b102-87061598c92c,8,3.0,,,,11.58,13.88,8.41,8.95,10.46,11.65
2025-12-16T04:34:21.638122,Recipe_C,e493d977-1289-4420-b102-87061598c92c,8,3.0,,,,9.31,11.52,13.14,8.8,11.53,12.13
2025-12-16T04:34:22.638122,Recipe_C,e493d977-1289-4420-b102-87061598c92c,8,3.0,,,,15.34,10.81,12.16,11.02,10.46,7.78
2025-12-16T04:34:23.638122,Recipe_C,e493d977-1289-4420-b102-87061598c92c,8,3.0,,,,9.59,10.98,9.74,12.64,10.69,6.37
2025-12-16T04:34:24.638122,Recipe_C,e493d977-1289-4420-b102-87061598c92c,8,3.0,,,,9.22,12.88,6.92,10.92,9.82,10.12
2025-12-16T04:34:25.638122,Recipe_C,e493d977-1289-4420-b102-87061598c92c,8,3.0,,,,11.72,7.58,8.45,8.02,8.5,8.31
2025-12-16T04:34:26.638122,Recipe_C,e493d977-1289-4420-b102-87061598c92c,8,3.0,,,,8.38,7.61,7.57,9.12,7.04,8.64
2025-12-16T04:34:27.638122,Recipe_C,e493d977-1289-4420-b102-87061598c92c,8,3.0,,,,9.26,14.89,10.5,7.01,11.96,11.21
2025-12-16T04:34:28.638122,Recipe_C,e493d977-1289-4420-b102-87061598c92c,8,0.0,,,,0.0,0.0,0.0,0.0,0.0,0.0
2025-12-16T04:34:29.638122,Recipe_C,e493d977-1289-4420-b102-87061598c92c,8,0.0,,,,0.0,0.0,0.0,0.0,0.0,0.0
2025-12-16T04:34:30.638122,Recipe_C,e493d977-1289-4420-b102-87061598c92c,8,0.0,,,,0.0,0.0,0.0,0.0,0.0,0.0
2025-12-16T04:34:31.638122,Recipe_C,e493d977-1289-4420-b102-87061598c92c,8,0.0,,,,0.0,0.0,0.0,0.0,0.0,0.0
2025-12-16T04:34:32.638122,Recipe_C,e493d977-1289-4420-b102-87061598c92c,8,0.0,,,,0.0,0.0,0.0,0.0,0.0,0.0
2025-12-16T04:34:33.638122,Recipe_C,e493d977-1289-4420-b102-87061598c92c,8,0.0,,,,0.0,0.0,0.0,0.0,0.0,0.0
2025-12-16T04:34:34.638122,Recipe_C,e493d977-1289-4420-b102-87061598c92c,8,0.0,,,,0.0,0.0,0.0,0.0,0.0,0.0
2025-12-16T04:34:35.638122,Recipe_C,e493d977-1289-4420-b102-87061598c92c,8,0.0,,,,0.0,0.0,0.0,0.0,0.0,0.0
2025-12-16T04:34:36.638122,Recipe_C,e493d977-1289-4420-b102-87061598c92c,8,0.0,,,,0.0,0.0,0.0,0.0,0.0,0.0
2025-12-16T04:34:37.638122,Recipe_C,e493d977-1289-4420-b102-87061598c92c,8,0.0,,,,0.0,0.0,0.0,0.0,0.0,0.0
2025-12-16T04:34:38.638122,Recipe_C,e493d977-1289-4420-b102-87061598c92c,8,0.0,,,,0.0,0.0,0.0,0.0,0.0,0.0
2025-12-16T04:34:39.638122,Recipe_C,e493d977-1289-4420-b102-87061598c92c,8,2.0,,,,11.9,13.6,10.48,10.6,8.89,11.03
2025-12-16T04:34:40.638122,Recipe_C,e493d977-1289-4420-b102-87061598c92c,8,2.0,,,,7.1,11.28,9.36,6.8,7.0,11.5
2025-12-16T04:34:41.638122,Recipe_C,e493d977-1289-4420-b102-87061598c92c,8,2.0,,,,10.15,6.92,7.91,10.34,10.6,11.09
2025-12-16T04:34:42.638122,Recipe_C,e493d977-1289-4420-b102-87061598c92c,8,2.0,,,,6.32,10.64,7.96,8.76,11.24,6.32
2025-12-16T04:34:43.638122,Recipe_C,e493d977-1289-4420-b102-87061598c92c,8,2.0,,,,8.09,8.45,9.44,9.58,12.31,10.99
2025-12-16T04:34:44.638122,Recipe_C,e493d977-1289-4420-b102-87061598c92c,8,2.0,,,,7.38,10.28,9.49,10.82,11.5,7.6
2025-12-16T04:34:45.638122,Recipe_C,e493d977-1289-4420-b102-87061598c92c,8,2.0,,,,10.43,7.46,10.63,12.58,9.3,9.58
2025-12-16T04:34:46.638122,Recipe_C,e493d977-1289-4420-b102-87061598c92c,8,2.0,,,,9.66,7.02,7.54,10.49,13.68,10.0
2025-12-16T04:34:47.638122,Recipe_C,e493d977-1289-4420-b102-87061598c92c,8,2.0,,,,10.47,12.93,12.6,9.32,7.71,14.47
2025-12-16T04:34:48.638122,Recipe_C,e493d977-1289-4420-b102-87061598c92c,8,2.0,,,,12.18,11.93,12.0,12.26,12.08,8.42
2025-12-16T04:34:49.638122,Recipe_C,e493d977-1289-4420-b102-87061598c92c,8,2.0,,,,9.96,9.24,14.48,10.49,6.7,11.09
2025-12-16T04:34:50.638122,Recipe_C,e493d977-1289-4420-b102-87061598c92c,8,5.0,,,,10.12,13.2,9.08,10.24,9.26,12.05
2025-12-16T04:34:51.638122,Recipe_C,e493d977-1289-4420-b102-87061598c92c,8,5.0,,,,11.91,10.16,9.02,13.28,10.19,9.67
2025-12-16T04:34:52.638122,Recipe_C,e493d977-1289-4420-b102-87061598c92c,8,5.0,,,,9.58,10.53,8.82,10.28,14.72,8.94
2025-12-16T04:34:53.638122,Recipe_C,e493d977-1289-4420-b102-87061598c92c,8,5.0,,,,8.16,8.9,8.11,8.38,9.58,10.6
2025-12-16T04:34:54.638122,Recipe_C,e493d977-1289-4420-b102-87061598c92c,8,5.0,,,,10.91,9.16,10.0,11.77,8.26,11.57
2025-12-16T04:34:55.638122,Recipe_C,e493d977-1289-4420-b102-87061598c92c,8,5.0,,,,9.16,11.53,9.74,8.71,8.49,12.4
2025-12-16T04:34:56.638122,Recipe_C,e493d977-1289-4420-b102-87061598c92c,8,5.0,,,,9.68,10.68,9.36,10.98,8.55,9.26
2025-12-16T04:34:57.638122,Recipe_C,e493d977-1289-4420-b102-87061598c92c,8,5.0,,,,10.1,12.77,10.95,10.0,9.99,11.18
2025-12-16T04:34:58.638122,Recipe_C,e493d977-1289-4420-b102-87061598c92c,8,5.0,,,,11.63,11.65,12.69,9.24,9.14,9.97
2025-12-16T04:34:59.638122,Recipe_C,e493d977-1289-4420-b102-87061598c92c,8,5.0,,,,9.67,12.47,9.72,10.33,9.69,13.38
2025-12-16T04:35:00.638122,Recipe_C,e493d977-1289-4420-b102-87061598c92c,8,5.0,,,,7.66,10.9,13.3,6.76,10.6,7.18
2025-12-16T04:35:01.638122,Recipe_C,e493d977-1289-4420-b102-87061598c92c,8,5.0,,,,14.12,11.71,9.51,10.92,6.42,8.77
2025-12-16T04:35:02.638122,Recipe_C,e493d977-1289-4420-b102-87061598c92c,8,5.0,,,,9.38,9.46,8.99,9.65,6.13,10.24
2025-12-16T04:35:03.638122,Recipe_C,e493d977-1289-4420-b102-87061598c92c,8,5.0,,,,10.79,10.84,8.56,11.5,10.0,9.16
2025-12-16T04:35:04.638122,Recipe_C,e493d977-1289-4420-b102-87061598c92c,8,5.0,,,,9.89,10.76,11.84,8.94,12.99,8.24
2025-12-16T04:35:05.638122,Recipe_C,e493d977-1289-4420-b102-87061598c92c,8,5.0,,,,9.7,11.95,8.5,11.65,9.76,9.17
2025-12-16T04:35:06.638122,Recipe_C,e493d977-1289-4420-b102-87061598c92c,8,5.0,,,,8.63,7.29,9.72,10.2,10.39,11.43
2025-12-16T04:35:07.638122,Recipe_C,e493d977-1289-4420-b102-87061598c92c,8,5.0,,,,11.76,7.81,8.29,9.51,8.73,9.2
2025-12-16T04:35:08.638122,Recipe_C,e493d977-1289-4420-b102-87061598c92c,8,5.0,,,,12.28,9.31,7.17,8.4,12.5,8.14
2025-12-16T04:35:09.638122,Recipe_C,e493d977-1289-4420-b102-87061598c92c,8,5.0,,,,11.84,11.81,9.97,11.75,9.32,9.95
2025-12-16T04:35:10.638122,Recipe_C,e493d977-1289-4420-b102-87061598c92c,8,5.0,,,,8.23,8.97,11.18,10.44,9.35,11.83
2025-12-16T04:35:11.638122,Recipe_C,e493d977-1289-4420-b102-87061598c92c,8,5.0,,,,9.7,9.97,9.3,7.17,9.43,9.42
2025-12-16T04:35:12.638122,Recipe_C,e493d977-1289-4420-b102-87061598c92c,8,5.0,,,,9.57,8.84,8.44,9.51,12.37,12.32
2025-12-16T04:35:13.638122,Recipe_C,e493d977-1289-4420-b102-87061598c92c,8,5.0,,,,10.18,8.72,11.54,9.33,10.03,7.33
2025-12-16T04:35:14.638122,Recipe_C,e493d977-1289-4420-b102-87061598c92c,8,5.0,,,,9.78,10.6,8.65,7.58,11.07,8.7
2025-12-16T04:35:15.638122,Recipe_C,e493d977-1289-4420-b102-87061598c92c,8,5.0,,,,10.3,10.32,11.64,13.32,9.92,11.89
2025-12-16T04:35:16.638122,Recipe_C,e493d977-1289-4420-b102-87061598c92c,8,5.0,,,,11.87,11.21,9.67,13.04,10.91,9.98
2025-12-16T04:35:17.638122,Recipe_C,e493d977-1289-4420-b102-87061598c92c,8,5.0,,,,8.19,8.51,8.52,8.31,14.12,10.25
2025-12-16T04:35:18.638122,Recipe_C,e493d977-1289-4420-b102-87061598c92c,8,5.0,,,,7.51,10.78,9.71,12.75,11.17,10.54
2025-12-16T04:35:19.638122,Recipe_C,e493d977-1289-4420-b102-87061598c92c,8,5.0,,,,9.54,10.47,8.06,9.53,9.21,11.11
2025-12-16T04:35:20.638122,Recipe_C,e493d977-1289-4420-b102-87061598c92c,8,5.0,,,,8.54,11.17,11.21,12.14,8.46,8.29
2025-12-16T04:35:21.638122,Recipe_C,e493d977-1289-4420-b102-87061598c92c,8,5.0,,,,8.64,10.98,8.66,10.33,7.97,10.13
2025-12-16T04:35:22.638122,Recipe_C,e493d977-1289-4420-b102-87061598c92c,8,5.0,,,,11.45,4.23,8.84,10.74,9.5,5.05
2025-12-16T04:35:23.638122,Recipe_C,e493d977-1289-4420-b102-87061598c92c,8,5.0,,,,9.61,8.64,8.88,9.6,8.9,10.4
2025-12-16T04:35:24.638122,Recipe_C,e493d977-1289-4420-b102-87061598c92c,8,5.0,,,,9.44,8.5,5.79,10.36,8.38,10.78
2025-12-16T04:35:25.638122,Recipe_C,e493d977-1289-4420-b102-87061598c92c,8,5.0,,,,10.07,9.24,9.18,9.19,7.4,9.78
2025-12-16T04:35:26.638122,Recipe_C,e493d977-1289-4420-b102-87061598c92c,8,5.0,,,,9.28,8.64,13.34,11.38,8.36,8.9
2025-12-16T04:35:27.638122,Recipe_C,e493d977-1289-4420-b102-87061598c92c,8,5.0,,,,13.24,13.42,11.28,10.42,10.09,7.85
2025-12-16T04:35:28.638122,Recipe_C,e493d977-1289-4420-b102-87061598c92c,8,1.0,,,,10.0,6.9,11.36,12.87,11.37,10.34
2025-12-16T04:35:29.638122,Recipe_C,e493d977-1289-4420-b102-87061598c92c,8,1.0,,,,8.03,9.62,11.51,6.0,11.21,6.38
2025-12-16T04:35:30.638122,Recipe_C,e493d977-1289-4420-b102-87061598c92c,8,1.0,,,,10.25,8.72,9.48,8.59,7.46,8.97
2025-12-16T04:35:31.638122,Recipe_C,e493d977-1289-4420-b102-87061598c92c,8,1.0,,,,9.14,9.1,8.95,10.46,13.74,8.66
2025-12-16T04:35:32.638122,Recipe_C,e493d977-1289-4420-b102-87061598c92c,8,1.0,,,,9.88,11.42,8.15,12.41,7.95,8.19
2025-12-16T04:35:33.638122,Recipe_C,e493d977-1289-4420-b102-87061598c92c,8,1.0,,,,9.34,9.47,9.3,10.56,10.65,13.25
2025-12-16T04:35:34.638122,Recipe_C,e493d977-1289-4420-b102-87061598c92c,8,1.0,,,,5.63,6.95,10.01,9.02,8.01,14.0
2025-12-16T04:35:35.638122,Recipe_C,e493d977-1289-4420-b102-87061598c92c,8,0.0,,,,0.0,0.0,0.0,0.0,0.0,0.0
2025-12-16T04:35:36.638122,Recipe_C,e493d977-1289-4420-b102-87061598c92c,8,0.0,,,,0.0,0.0,0.0,0.0,0.0,0.0
2025-12-16T04:35:37.638122,Recipe_C,e493d977-1289-4420-b102-87061598c92c,8,0.0,,,,0.0,0.0,0.0,0.0,0.0,0.0
2025-12-16T04:35:38.638122,Recipe_C,e493d977-1289-4420-b102-87061598c92c,8,0.0,,,,0.0,0.0,0.0,0.0,0.0,0.0
2025-12-16T04:35:39.638122,Recipe_C,e493d977-1289-4420-b102-87061598c92c,8,0.0,,,,0.0,0.0,0.0,0.0,0.0,0.0
2025-12-16T04:35:39.638122,Recipe_C,e493d977-1289-4420-b102-87061598c92c,8,0.0,Error_5,Simulated Error occurred,Error,,,,,,
2025-12-16T04:35:40.638122,Recipe_C,e493d977-1289-4420-b102-87061598c92c,8,0.0,,,,0.0,0.0,0.0,0.0,0.0,0.0
2025-12-16T04:35:41.638122,Recipe_C,e493d977-1289-4420-b102-87061598c92c,8,0.0,,,,0.0,0.0,0.0,0.0,0.0,0.0
2025-12-16T04:35:42.638122,Recipe_C,e493d977-1289-4420-b102-87061598c92c,8,0.0,,,,0.0,0.0,0.0,0.0,0.0,0.0
2025-12-16T04:35:43.638122,Recipe_C,e493d977-1289-4420-b102-87061598c92c,8,3.0,,,,13.26,8.23,10.76,8.06,8.44,8.94
2025-12-16T04:35:44.638122,Recipe_C,e493d977-1289-4420-b102-87061598c92c,8,3.0,,,,9.66,14.02,9.73,7.32,8.51,9.61
2025-12-16T04:35:45.638122,Recipe_C,e493d977-1289-4420-b102-87061598c92c,8,3.0,,,,8.97,9.9,13.73,7.74,9.31,8.34
2025-12-16T04:35:46.638122,Recipe_C,e493d977-1289-4420-b102-87061598c92c,8,3.0,,,,11.82,9.91,9.07,6.66,13.14,11.09
2025-12-16T04:35:47.638122,Recipe_C,e493d977-1289-4420-b102-87061598c92c,8,3.0,,,,12.61,10.79,11.22,6.87,9.5,9.94
2025-12-16T04:35:48.638122,Recipe_C,e493d977-1289-4420-b102-87061598c92c,8,3.0,,,,6.03,10.06,8.38,11.83,11.54,7.43
2025-12-16T04:35:49.638122,Recipe_C,e493d977-1289-4420-b102-87061598c92c,8,3.0,,,,8.39,8.86,9.71,10.64,10.28,9.46
2025-12-16T04:35:50.638122,Recipe_C,e493d977-1289-4420-b102-87061598c92c,8,3.0,,,,9.05,9.61,8.32,9.62,8.07,7.08
2025-12-16T04:35:51.638122,Recipe_C,e493d977-1289-4420-b102-87061598c92c,8,3.0,,,,8.62,12.66,11.14,6.59,10.79,11.13
2025-12-16T04:35:52.638122,Recipe_C,e493d977-1289-4420-b102-87061598c92c,8,3.0,,,,12.08,8.99,6.69,14.13,12.04,10.4
2025-12-16T04:35:53.638122,Recipe_C,e493d977-1289-4420-b102-87061598c92c,8,3.0,,,,6.46,9.47,11.75,12.54,11.05,7.17
2025-12-16T04:35:54.638122,Recipe_C,e493d977-1289-4420-b102-87061598c92c,8,3.0,,,,8.59,10.2,13.91,6.18,9.51,5.87
2025-12-16T04:35:55.638122,Recipe_C,e493d977-1289-4420-b102-87061598c92c,8,3.0,,,,8.19,9.05,11.09,11.73,12.12,11.29
2025-12-16T04:35:56.638122,Recipe_C,e493d977-1289-4420-b102-87061598c92c,8,3.0,,,,8.22,12.68,7.93,10.74,10.27,8.92
2025-12-16T04:35:57.638122,Recipe_C,e493d977-1289-4420-b102-87061598c92c,8,3.0,,,,8.68,12.89,8.46,10.01,11.0,10.07
2025-12-16T04:35:58.638122,Recipe_C,e493d977-1289-4420-b102-87061598c92c,8,3.0,,,,7.85,10.75,8.34,10.03,8.28,13.1
2025-12-16T04:35:59.638122,Recipe_C,e493d977-1289-4420-b102-87061598c92c,8,3.0,,,,7.95,8.66,9.14,8.46,8.39,8.11
2025-12-16T04:36:00.638122,Recipe_C,e493d977-1289-4420-b102-87061598c92c,8,3.0,,,,9.29,10.6,8.47,9.05,8.74,11.24
2025-12-16T04:36:01.638122,Recipe_C,e493d977-1289-4420-b102-87061598c92c,8,3.0,,,,10.0,8.86,9.89,11.66,11.63,5.98
2025-12-16T04:36:02.638122,Recipe_C,e493d977-1289-4420-b102-87061598c92c,8,3.0,,,,8.72,10.61,8.48,9.45,10.56,8.96
2025-12-16T04:36:03.638122,Recipe_C,e493d977-1289-4420-b102-87061598c92c,8,3.0,,,,10.83,11.29,11.25,8.01,12.86,6.85
2025-12-16T04:36:04.638122,Recipe_C,e493d977-1289-4420-b102-87061598c92c,8,3.0,,,,13.07,11.17,11.44,8.08,13.2,12.8
2025-12-16T04:36:05.638122,Recipe_C,e493d977-1289-4420-b102-87061598c92c,8,3.0,,,,13.21,11.11,10.45,11.51,13.34,12.78
2025-12-16T04:36:06.638122,Recipe_C,e493d977-1289-4420-b102-87061598c92c,8,3.0,,,,5.76,10.04,8.79,10.32,10.32,10.16
2025-12-16T04:36:07.638122,Recipe_C,e493d977-1289-4420-b102-87061598c92c,8,2.0,,,,8.49,6.07,10.61,11.16,12.48,13.13
2025-12-16T04:36:08.638122,Recipe_C,e493d977-1289-4420-b102-87061598c92c,8,2.0,,,,10.6,7.41,10.17,10.3,9.04,7.96
2025-12-16T04:36:09.638122,Recipe_C,e493d977-1289-4420-b102-87061598c92c,8,2.0,,,,7.57,9.02,6.33,10.28,9.37,12.04
2025-12-16T04:36:10.638122,Recipe_C,e493d977-1289-4420-b102-87061598c92c,8,2.0,,,,12.07,10.65,11.09,7.7,13.04,12.86
2025-12-16T04:36:11.638122,Recipe_C,e493d977-1289-4420-b102-87061598c92c,8,2.0,,,,8.22,10.24,10.21,10.02,8.61,8.47
2025-12-16T04:36:12.638122,Recipe_C,e493d977-1289-4420-b102-87061598c92c,8,2.0,,,,9.63,10.76,10.2,11.99,9.8,9.09
2025-12-16T04:36:13.638122,Recipe_C,e493d977-1289-4420-b102-87061598c92c,8,2.0,,,,9.46,9.17,9.09,9.32,10.33,9.95
2025-12-16T04:36:14.638122,Recipe_C,e493d977-1289-4420-b102-87061598c92c,8,2.0,,,,8.92,5.58,13.31,9.27,10.3,8.6
2025-12-16T04:36:15.638122,Recipe_C,e493d977-1289-4420-b102-87061598c92c,8,2.0,,,,10.28,10.77,10.24,10.87,6.94,8.27
2025-12-16T04:36:16.638122,Recipe_C,e493d977-1289-4420-b102-87061598c92c,8,2.0,,,,12.15,9.17,7.62,12.65,9.54,8.41
2025-12-16T04:36:17.638122,Recipe_C,e493d977-1289-4420-b102-87061598c92c,8,2.0,,,,13.48,13.03,9.38,8.77,11.39,8.35
2025-12-16T04:36:18.638122,Recipe_C,e493d977-1289-4420-b102-87061598c92c,8,2.0,,,,12.56,10.54,8.99,10.19,11.05,9.41
2025-12-16T04:36:19.638122,Recipe_C,e493d977-1289-4420-b102-87061598c92c,8,2.0,,,,13.34,8.31,10.33,9.41,9.57,11.58
2025-12-16T04:36:20.638122,Recipe_C,e493d977-1289-4420-b102-87061598c92c,8,2.0,,,,6.76,9.58,6.05,8.7,16.49,8.94
2025-12-16T04:36:21.638122,Recipe_C,e493d977-1289-4420-b102-87061598c92c,8,2.0,,,,8.18,11.94,10.07,11.47,11.85,9.03
2025-12-16T04:36:22.638122,Recipe_C,e493d977-1289-4420-b102-87061598c92c,8,2.0,,,,10.77,10.19,13.66,10.96,6.61,8.44
2025-12-16T04:36:23.638122,Recipe_C,e493d977-1289-4420-b102-87061598c92c,8,2.0,,,,11.65,11.5,9.76,9.17,10.27,5.49
2025-12-16T04:36:24.638122,Recipe_C,e493d977-1289-4420-b102-87061598c92c,8,2.0,,,,14.27,12.13,7.64,7.07,9.37,10.59
2025-12-16T04:36:25.638122,Recipe_C,e493d977-1289-4420-b102-87061598c92c,8,2.0,,,,8.65,9.07,9.53,10.47,11.08,10.68
2025-12-16T04:36:26.638122,Recipe_C,e493d977-1289-4420-b102-87061598c92c,8,2.0,,,,10.0,9.7,12.47,11.63,7.64,9.5
2025-12-16T04:36:27.638122,Recipe_C,e493d977-1289-4420-b102-87061598c92c,8,2.0,,,,9.36,8.45,11.08,7.89,11.52,11.33
2025-12-16T04:36:28.638122,Recipe_C,e493d977-1289-4420-b102-87061598c92c,8,2.0,,,,8.76,12.29,12.71,9.72,10.93,9.36
2025-12-16T04:36:29.638122,Recipe_C,e493d977-1289-4420-b102-87061598c92c,8,2.0,,,,9.96,11.19,12.73,14.56,7.98,8.94
2025-12-16T04:36:30.638122,Recipe_C,e493d977-1289-4420-b102-87061598c92c,8,2.0,,,,9.73,11.67,12.03,15.63,10.89,10.22
2025-12-16T04:36:31.638122,Recipe_C,e493d977-1289-4420-b102-87061598c92c,8,2.0,,,,10.9,10.65,11.86,9.48,10.47,7.29
2025-12-16T04:36:32.638122,Recipe_C,e493d977-1289-4420-b102-87061598c92c,8,2.0,,,,6.44,15.17,9.12,9.75,8.13,9.84
2025-12-16T04:36:33.638122,Recipe_C,e493d977-1289-4420-b102-87061598c92c,8,2.0,,,,6.66,9.41,7.61,10.59,8.55,10.43
2025-12-16T04:36:34.638122,Recipe_C,e493d977-1289-4420-b102-87061598c92c,8,2.0,,,,10.69,7.15,8.64,8.89,8.8,13.24
2025-12-16T04:36:35.638122,Recipe_C,e493d977-1289-4420-b102-87061598c92c,8,2.0,,,,10.91,8.2,10.42,8.63,10.06,7.71
2025-12-16T04:36:36.638122,Recipe_C,e493d977-1289-4420-b102-87061598c92c,8,2.0,,,,11.13,13.8,9.07,10.43,9.57,13.32
2025-12-16T04:36:37.638122,Recipe_C,e493d977-1289-4420-b102-87061598c92c,8,2.0,,,,6.9,9.4,10.62,9.22,11.51,11.18
2025-12-16T04:36:38.638122,Recipe_C,e493d977-1289-4420-b102-87061598c92c,8,2.0,,,,7.67,10.74,11.99,9.84,10.17,11.47
2025-12-16T04:36:39.638122,Recipe_C,e493d977-1289-4420-b102-87061598c92c,8,2.0,,,,8.83,9.29,12.43,10.04,8.72,9.94
2025-12-16T04:36:40.638122,Recipe_C,e493d977-1289-4420-b102-87061598c92c,8,2.0,,,,10.83,10.52,6.88,12.31,10.27,10.28
2025-12-16T04:36:41.638122,Recipe_C,e493d977-1289-4420-b102-87061598c92c,8,2.0,,,,7.99,10.38,9.04,6.1,11.72,12.15
2025-12-16T04:36:42.638122,Recipe_C,e493d977-1289-4420-b102-87061598c92c,8,2.0,,,,9.26,9.22,8.11,8.47,11.23,5.15
2025-12-16T04:36:43.638122,Recipe_C,e493d977-1289-4420-b102-87061598c92c,8,2.0,,,,10.64,12.86,10.98,9.04,11.61,6.34
2025-12-16T04:36:44.638122,Recipe_C,e493d977-1289-4420-b102-87061598c92c,8,2.0,,,,9.01,8.75,14.72,11.75,9.86,12.88
2025-12-16T04:36:45.638122,Recipe_C,e493d977-1289-4420-b102-87061598c92c,8,2.0,,,,9.85,11.31,10.22,9.22,11.63,10.61
2025-12-16T04:36:46.638122,Recipe_C,e493d977-1289-4420-b102-87061598c92c,8,2.0,,,,8.55,15.46,7.45,10.19,8.9,8.97
2025-12-16T04:36:47.638122,Recipe_C,e493d977-1289-4420-b102-87061598c92c,8,2.0,,,,10.67,14.46,8.35,10.09,9.0,6.79
2025-12-16T04:36:48.638122,Recipe_C,e493d977-1289-4420-b102-87061598c92c,8,2.0,,,,14.32,13.16,8.98,12.09,10.7,11.39
2025-12-16T04:36:49.638122,Recipe_C,e493d977-1289-4420-b102-87061598c92c,8,2.0,,,,9.26,12.14,10.02,11.37,13.19,12.93
2025-12-16T04:36:50.638122,Recipe_C,e493d977-1289-4420-b102-87061598c92c,8,2.0,,,,9.07,8.53,8.16,10.3,11.69,8.6
2025-12-16T04:36:51.638122,Recipe_C,e493d977-1289-4420-b102-87061598c92c,8,2.0,,,,8.08,6.09,7.36,12.0,7.76,11.05
2025-12-16T04:36:52.638122,Recipe_C,e493d977-1289-4420-b102-87061598c92c,8,0.0,,,,0.0,0.0,0.0,0.0,0.0,0.0
2025-12-16T04:36:53.638122,Recipe_C,e493d977-1289-4420-b102-87061598c92c,8,0.0,,,,0.0,0.0,0.0,0.0,0.0,0.0
2025-12-16T04:36:54.638122,Recipe_C,e493d977-1289-4420-b102-87061598c92c,8,2.0,,,,11.08,8.16,9.26,9.31,7.63,9.41
2025-12-16T04:36:55.638122,Recipe_C,e493d977-1289-4420-b102-87061598c92c,8,2.0,,,,7.42,13.82,14.0,8.45,9.45,13.81
2025-12-16T04:36:56.638122,Recipe_C,e493d977-1289-4420-b102-87061598c92c,8,2.0,,,,9.41,11.01,7.63,8.79,7.9,10.63
2025-12-16T04:36:57.638122,Recipe_C,e493d977-1289-4420-b102-87061598c92c,8,2.0,,,,8.08,10.33,12.79,10.85,12.15,10.02
2025-12-16T04:36:58.638122,Recipe_C,e493d977-1289-4420-b102-87061598c92c,8,2.0,,,,6.84,9.63,8.79,11.42,9.25,6.37
2025-12-16T04:36:59.638122,Recipe_C,e493d977-1289-4420-b102-87061598c92c,8,2.0,,,,11.21,7.66,10.72,6.81,9.49,8.4
2025-12-16T04:37:00.638122,Recipe_C,e493d977-1289-4420-b102-87061598c92c,8,2.0,,,,9.18,10.82,12.72,5.65,11.35,8.25
2025-12-16T04:37:01.638122,Recipe_C,e493d977-1289-4420-b102-87061598c92c,8,2.0,,,,10.57,10.69,6.48,10.78,8.69,11.9
2025-12-16T04:37:02.638122,Recipe_C,e493d977-1289-4420-b102-87061598c92c,8,2.0,,,,12.26,9.21,8.65,12.06,9.59,8.51
2025-12-16T04:37:03.638122,Recipe_C,e493d977-1289-4420-b102-87061598c92c,8,2.0,,,,7.84,8.75,12.3,8.83,9.88,8.0
2025-12-16T04:37:04.638122,Recipe_C,e493d977-1289-4420-b102-87061598c92c,8,2.0,,,,12.23,8.62,8.2,10.47,10.71,8.85
2025-12-16T04:37:05.638122,Recipe_C,e493d977-1289-4420-b102-87061598c92c,8,2.0,,,,10.1,13.54,9.86,10.1,7.55,8.91
2025-12-16T04:37:06.638122,Recipe_C,e493d977-1289-4420-b102-87061598c92c,8,2.0,,,,7.51,12.56,10.14,13.95,8.15,8.33
2025-12-16T04:37:07.638122,Recipe_C,e493d977-1289-4420-b102-87061598c92c,8,2.0,,,,8.35,9.15,11.09,8.6,9.15,9.41
2025-12-16T04:37:08.638122,Recipe_C,e493d977-1289-4420-b102-87061598c92c,8,2.0,,,,10.71,9.82,7.1,10.03,10.51,11.19
2025-12-16T04:37:09.638122,Recipe_C,e493d977-1289-4420-b102-87061598c92c,8,2.0,,,,12.97,9.05,12.0,8.69,13.85,13.0
2025-12-16T04:37:10.638122,Recipe_C,e493d977-1289-4420-b102-87061598c92c,8,2.0,,,,10.09,9.24,13.45,6.58,9.78,9.45
2025-12-16T04:37:11.638122,Recipe_C,e493d977-1289-4420-b102-87061598c92c,8,2.0,,,,14.77,12.52,6.5,8.39,11.44,8.63
2025-12-16T04:37:12.638122,Recipe_C,e493d977-1289-4420-b102-87061598c92c,8,2.0,,,,9.78,12.06,9.1,8.28,9.87,8.52
2025-12-16T04:37:13.638122,Recipe_C,e493d977-1289-4420-b102-87061598c92c,8,2.0,,,,7.47,9.95,8.86,12.53,8.15,14.85
2025-12-16T04:37:13.638122,Recipe_C,e493d977-1289-4420-b102-87061598c92c,8,2.0,Warning_9,Simulated Warning occurred,Warning,,,,,,
2025-12-16T04:37:14.638122,Recipe_C,e493d977-1289-4420-b102-87061598c92c,8,2.0,,,,13.12,9.08,11.44,12.18,6.73,9.26
2025-12-16T04:37:15.638122,Recipe_C,e493d977-1289-4420-b102-87061598c92c,8,2.0,,,,10.57,9.48,10.94,11.46,6.47,8.31
2025-12-16T04:37:16.638122,Recipe_C,e493d977-1289-4420-b102-87061598c92c,8,2.0,,,,9.75,7.35,11.62,9.83,9.36,9.86
2025-12-16T04:37:17.638122,Recipe_C,e493d977-1289-4420-b102-87061598c92c,8,2.0,,,,10.68,9.3,8.73,11.34,5.95,7.98
2025-12-16T04:37:18.638122,Recipe_C,e493d977-1289-4420-b102-87061598c92c,8,2.0,,,,9.72,10.2,9.34,10.56,7.51,13.07
2025-12-16T04:37:19.638122,Recipe_C,e493d977-1289-4420-b102-87061598c92c,8,2.0,,,,8.46,7.02,10.88,9.26,11.1,9.12
2025-12-16T04:37:20.638122,Recipe_C,e493d977-1289-4420-b102-87061598c92c,8,2.0,,,,11.84,6.09,7.85,9.17,9.79,9.12
2025-12-16T04:37:21.638122,Recipe_C,e493d977-1289-4420-b102-87061598c92c,8,2.0,,,,11.7,12.87,8.81,12.45,12.21,7.82
2025-12-16T04:37:22.638122,Recipe_C,e493d977-1289-4420-b102-87061598c92c,8,2.0,,,,10.31,7.81,8.33,12.37,6.46,9.96
2025-12-16T04:37:23.638122,Recipe_C,e493d977-1289-4420-b102-87061598c92c,8,2.0,,,,9.05,7.93,9.98,9.07,9.91,10.06
2025-12-16T04:37:24.638122,Recipe_C,e493d977-1289-4420-b102-87061598c92c,8,2.0,,,,11.16,13.84,7.87,12.07,8.47,8.39
2025-12-16T04:37:25.638122,Recipe_C,e493d977-1289-4420-b102-87061598c92c,8,2.0,,,,10.34,12.48,9.32,7.41,10.14,13.51
2025-12-16T04:37:26.638122,Recipe_C,e493d977-1289-4420-b102-87061598c92c,8,2.0,,,,13.13,9.56,10.75,10.18,13.17,11.15
2025-12-16T04:37:27.638122,Recipe_C,e493d977-1289-4420-b102-87061598c92c,8,2.0,,,,11.68,8.28,7.31,8.38,9.42,7.52
2025-12-16T04:37:28.638122,Recipe_C,e493d977-1289-4420-b102-87061598c92c,8,2.0,,,,9.6,10.14,9.31,10.9,6.16,12.42
2025-12-16T04:37:29.638122,Recipe_C,e493d977-1289-4420-b102-87061598c92c,8,2.0,,,,11.99,8.82,9.04,13.05,9.02,7.7
2025-12-16T04:37:30.638122,Recipe_C,e493d977-1289-4420-b102-87061598c92c,8,2.0,,,,7.4,7.61,10.15,8.48,6.59,10.84
2025-12-16T04:37:31.638122,Recipe_C,e493d977-1289-4420-b102-87061598c92c,8,2.0,,,,11.99,7.92,9.09,11.48,8.71,8.94
2025-12-16T04:37:31.638122,Recipe_C,e493d977-1289-4420-b102-87061598c92c,8,2.0,Warning_8,Simulated Warning occurred,Warning,,,,,,
2025-12-16T04:37:32.638122,Recipe_C,e493d977-1289-4420-b102-87061598c92c,8,2.0,,,,12.58,8.45,9.34,9.57,9.65,6.06
2025-12-16T04:37:33.638122,Recipe_C,e493d977-1289-4420-b102-87061598c92c,8,2.0,,,,10.71,11.13,8.51,9.72,10.96,12.2
2025-12-16T04:37:34.638122,Recipe_C,e493d977-1289-4420-b102-87061598c92c,8,2.0,,,,8.53,7.85,11.15,7.42,7.62,9.47
2025-12-16T04:37:35.638122,Recipe_C,e493d977-1289-4420-b102-87061598c92c,8,2.0,,,,12.73,8.5,11.24,9.69,13.19,10.19
2025-12-16T04:37:36.638122,Recipe_C,e493d977-1289-4420-b102-87061598c92c,8,2.0,,,,11.64,8.34,11.1,6.39,7.55,8.49
2025-12-16T04:37:37.638122,Recipe_C,e493d977-1289-4420-b102-87061598c92c,8,2.0,,,,10.86,9.18,11.55,10.39,9.31,7.37
2025-12-16T04:37:38.638122,Recipe_C,e493d977-1289-4420-b102-87061598c92c,8,2.0,,,,12.67,6.3,10.55,9.91,13.33,9.38
2025-12-16T04:37:39.638122,Recipe_C,e493d977-1289-4420-b102-87061598c92c,8,2.0,,,,7.15,10.85,10.67,9.1,7.57,13.16
2025-12-16T04:37:40.638122,Recipe_C,e493d977-1289-4420-b102-87061598c92c,8,2.0,,,,9.35,11.22,13.17,12.44,11.7,10.13
2025-12-16T04:37:41.638122,Recipe_C,e493d977-1289-4420-b102-87061598c92c,8,5.0,,,,10.83,11.02,9.31,8.1,10.69,9.97
2025-12-16T04:37:42.638122,Recipe_C,e493d977-1289-4420-b102-87061598c92c,8,5.0,,,,11.51,9.4,7.28,6.77,8.74,11.74
2025-12-16T04:37:43.638122,Recipe_C,e493d977-1289-4420-b102-87061598c92c,8,5.0,,,,11.18,10.02,8.48,12.0,11.87,12.12
2025-12-16T04:37:44.638122,Recipe_C,e493d977-1289-4420-b102-87061598c92c,8,5.0,,,,6.71,6.24,6.45,8.9,7.14,12.27
2025-12-16T04:37:45.638122,Recipe_C,e493d977-1289-4420-b102-87061598c92c,8,5.0,,,,9.21,9.12,10.83,9.41,7.64,8.29
2025-12-16T04:37:46.638122,Recipe_C,e493d977-1289-4420-b102-87061598c92c,8,5.0,,,,7.84,7.56,6.65,13.02,13.53,11.08
2025-12-16T04:37:47.638122,Recipe_C,e493d977-1289-4420-b102-87061598c92c,8,5.0,,,,7.54,7.46,7.18,11.29,9.84,13.49
2025-12-16T04:37:48.638122,Recipe_C,e493d977-1289-4420-b102-87061598c92c,8,5.0,,,,11.45,8.2,9.05,7.43,8.83,11.62
2025-12-16T04:37:49.638122,Recipe_C,e493d977-1289-4420-b102-87061598c92c,8,5.0,,,,9.7,5.12,6.72,9.58,7.68,11.57
2025-12-16T04:37:50.638122,Recipe_C,e493d977-1289-4420-b102-87061598c92c,8,5.0,,,,9.79,10.4,8.6,13.59,12.57,9.97
2025-12-16T04:37:51.638122,Recipe_C,e493d977-1289-4420-b102-87061598c92c,8,5.0,,,,8.82,9.01,13.38,11.69,9.4,11.61
2025-12-16T04:37:52.638122,Recipe_C,e493d977-1289-4420-b102-87061598c92c,8,2.0,,,,8.97,8.73,9.69,9.37,14.0,7.3
2025-12-16T04:37:53.638122,Recipe_C,e493d977-1289-4420-b102-87061598c92c,8,2.0,,,,10.28,12.12,14.03,4.31,10.49,13.29
2025-12-16T04:37:54.638122,Recipe_C,e493d977-1289-4420-b102-87061598c92c,8,2.0,,,,9.14,12.48,7.49,13.3,7.72,8.68
2025-12-16T04:37:55.638122,Recipe_C,e493d977-1289-4420-b102-87061598c92c,8,0.0,,,,0.0,0.0,0.0,0.0,0.0,0.0
2025-12-16T04:37:56.638122,Recipe_C,e493d977-1289-4420-b102-87061598c92c,8,0.0,,,,0.0,0.0,0.0,0.0,0.0,0.0
2025-12-16T04:37:57.638122,Recipe_C,e493d977-1289-4420-b102-87061598c92c,8,0.0,,,,0.0,0.0,0.0,0.0,0.0,0.0
2025-12-16T04:37:58.638122,Recipe_C,e493d977-1289-4420-b102-87061598c92c,8,0.0,,,,0.0,0.0,0.0,0.0,0.0,0.0
2025-12-16T04:37:59.638122,Recipe_C,e493d977-1289-4420-b102-87061598c92c,8,0.0,,,,0.0,0.0,0.0,0.0,0.0,0.0
2025-12-16T04:38:00.638122,Recipe_C,e493d977-1289-4420-b102-87061598c92c,8,0.0,,,,0.0,0.0,0.0,0.0,0.0,0.0
2025-12-16T04:38:01.638122,Recipe_C,e493d977-1289-4420-b102-87061598c92c,8,0.0,,,,0.0,0.0,0.0,0.0,0.0,0.0
2025-12-16T04:38:02.638122,Recipe_C,e493d977-1289-4420-b102-87061598c92c,8,0.0,,,,0.0,0.0,0.0,0.0,0.0,0.0
2025-12-16T04:38:03.638122,Recipe_C,e493d977-1289-4420-b102-87061598c92c,8,0.0,,,,0.0,0.0,0.0,0.0,0.0,0.0
2025-12-16T04:38:04.638122,Recipe_C,e493d977-1289-4420-b102-87061598c92c,8,0.0,,,,0.0,0.0,0.0,0.0,0.0,0.0
2025-12-16T04:38:05.638122,Recipe_C,e493d977-1289-4420-b102-87061598c92c,8,0.0,,,,0.0,0.0,0.0,0.0,0.0,0.0
2025-12-16T04:38:06.638122,Recipe_C,e493d977-1289-4420-b102-87061598c92c,8,0.0,,,,0.0,0.0,0.0,0.0,0.0,0.0
2025-12-16T04:38:07.638122,Recipe_C,e493d977-1289-4420-b102-87061598c92c,8,0.0,,,,0.0,0.0,0.0,0.0,0.0,0.0
2025-12-16T04:38:08.638122,Recipe_C,e493d977-1289-4420-b102-87061598c92c,8,0.0,,,,0.0,0.0,0.0,0.0,0.0,0.0
2025-12-16T04:38:09.638122,Recipe_C,e493d977-1289-4420-b102-87061598c92c,8,0.0,,,,0.0,0.0,0.0,0.0,0.0,0.0
2025-12-16T04:38:10.638122,Recipe_C,e493d977-1289-4420-b102-87061598c92c,8,0.0,,,,0.0,0.0,0.0,0.0,0.0,0.0
2025-12-16T04:38:11.638122,Recipe_C,e493d977-1289-4420-b102-87061598c92c,8,0.0,,,,0.0,0.0,0.0,0.0,0.0,0.0
2025-12-16T04:38:12.638122,Recipe_C,e493d977-1289-4420-b102-87061598c92c,8,0.0,,,,0.0,0.0,0.0,0.0,0.0,0.0
2025-12-16T04:38:13.638122,Recipe_C,e493d977-1289-4420-b102-87061598c92c,8,0.0,,,,0.0,0.0,0.0,0.0,0.0,0.0
2025-12-16T04:38:14.638122,Recipe_C,e493d977-1289-4420-b102-87061598c92c,8,0.0,,,,0.0,0.0,0.0,0.0,0.0,0.0
2025-12-16T04:38:15.638122,Recipe_C,e493d977-1289-4420-b102-87061598c92c,8,0.0,,,,0.0,0.0,0.0,0.0,0.0,0.0
2025-12-16T04:38:16.638122,Recipe_C,e493d977-1289-4420-b102-87061598c92c,8,0.0,,,,0.0,0.0,0.0,0.0,0.0,0.0
2025-12-16T04:38:17.638122,Recipe_C,e493d977-1289-4420-b102-87061598c92c,8,0.0,,,,0.0,0.0,0.0,0.0,0.0,0.0
2025-12-16T04:38:18.638122,Recipe_C,e493d977-1289-4420-b102-87061598c92c,8,0.0,,,,0.0,0.0,0.0,0.0,0.0,0.0
2025-12-16T04:38:19.638122,Recipe_C,e493d977-1289-4420-b102-87061598c92c,8,0.0,,,,0.0,0.0,0.0,0.0,0.0,0.0
2025-12-16T04:38:20.638122,Recipe_C,e493d977-1289-4420-b102-87061598c92c,8,0.0,,,,0.0,0.0,0.0,0.0,0.0,0.0
2025-12-16T04:38:21.638122,Recipe_C,e493d977-1289-4420-b102-87061598c92c,8,0.0,,,,0.0,0.0,0.0,0.0,0.0,0.0
2025-12-16T04:38:22.638122,Recipe_C,e493d977-1289-4420-b102-87061598c92c,8,0.0,,,,0.0,0.0,0.0,0.0,0.0,0.0
2025-12-16T04:38:23.638122,Recipe_C,e493d977-1289-4420-b102-87061598c92c,8,0.0,,,,0.0,0.0,0.0,0.0,0.0,0.0
2025-12-16T04:38:24.638122,Recipe_C,e493d977-1289-4420-b102-87061598c92c,8,0.0,,,,0.0,0.0,0.0,0.0,0.0,0.0
2025-12-16T04:38:25.638122,Recipe_C,e493d977-1289-4420-b102-87061598c92c,8,0.0,,,,0.0,0.0,0.0,0.0,0.0,0.0
2025-12-16T04:38:26.638122,Recipe_C,e493d977-1289-4420-b102-87061598c92c,8,0.0,,,,0.0,0.0,0.0,0.0,0.0,0.0
2025-12-16T04:38:27.638122,Recipe_C,e493d977-1289-4420-b102-87061598c92c,8,0.0,,,,0.0,0.0,0.0,0.0,0.0,0.0
2025-12-16T04:38:28.638122,Recipe_C,e493d977-1289-4420-b102-87061598c92c,8,0.0,,,,0.0,0.0,0.0,0.0,0.0,0.0
2025-12-16T04:38:29.638122,Recipe_C,e493d977-1289-4420-b102-87061598c92c,8,0.0,,,,0.0,0.0,0.0,0.0,0.0,0.0
2025-12-16T04:38:30.638122,Recipe_C,e493d977-1289-4420-b102-87061598c92c,8,0.0,,,,0.0,0.0,0.0,0.0,0.0,0.0
2025-12-16T04:38:31.638122,Recipe_C,e493d977-1289-4420-b102-87061598c92c,8,0.0,,,,0.0,0.0,0.0,0.0,0.0,0.0
2025-12-16T04:38:32.638122,Recipe_C,e493d977-1289-4420-b102-87061598c92c,8,0.0,,,,0.0,0.0,0.0,0.0,0.0,0.0
2025-12-16T04:38:33.638122,Recipe_C,e493d977-1289-4420-b102-87061598c92c,8,0.0,,,,0.0,0.0,0.0,0.0,0.0,0.0
2025-12-16T04:38:34.638122,Recipe_C,e493d977-1289-4420-b102-87061598c92c,8,0.0,,,,0.0,0.0,0.0,0.0,0.0,0.0
2025-12-16T04:38:35.638122,Recipe_C,e493d977-1289-4420-b102-87061598c92c,8,0.0,,,,0.0,0.0,0.0,0.0,0.0,0.0
2025-12-16T04:38:36.638122,Recipe_C,e493d977-1289-4420-b102-87061598c92c,8,0.0,,,,0.0,0.0,0.0,0.0,0.0,0.0
2025-12-16T04:38:37.638122,Recipe_C,e493d977-1289-4420-b102-87061598c92c,8,0.0,,,,0.0,0.0,0.0,0.0,0.0,0.0
2025-12-16T04:38:38.638122,Recipe_C,e493d977-1289-4420-b102-87061598c92c,8,0.0,,,,0.0,0.0,0.0,0.0,0.0,0.0
2025-12-16T04:38:39.638122,Recipe_C,e493d977-1289-4420-b102-87061598c92c,8,0.0,,,,0.0,0.0,0.0,0.0,0.0,0.0
2025-12-16T04:38:40.638122,Recipe_C,e493d977-1289-4420-b102-87061598c92c,8,0.0,,,,0.0,0.0,0.0,0.0,0.0,0.0
2025-12-16T04:38:41.638122,Recipe_C,e493d977-1289-4420-b102-87061598c92c,8,0.0,,,,0.0,0.0,0.0,0.0,0.0,0.0
2025-12-16T04:38:42.638122,Recipe_C,e493d977-1289-4420-b102-87061598c92c,8,0.0,,,,0.0,0.0,0.0,0.0,0.0,0.0
2025-12-16T04:38:43.638122,Recipe_C,e493d977-1289-4420-b102-87061598c92c,8,4.0,,,,114.9,45.15,49.84,44.46,46.23,51.0
2025-12-16T04:38:44.638122,Recipe_C,e493d977-1289-4420-b102-87061598c92c,8,4.0,,,,94.84,44.15,46.25,44.24,49.03,57.93
2025-12-16T04:38:45.638122,Recipe_C,e493d977-1289-4420-b102-87061598c92c,8,4.0,,,,93.95,51.08,54.18,48.66,49.02,42.99
2025-12-16T04:38:46.638122,Recipe_C,e493d977-1289-4420-b102-87061598c92c,8,4.0,,,,98.16,50.15,51.8,61.15,47.98,48.24
2025-12-16T04:38:47.638122,Recipe_C,e493d977-1289-4420-b102-87061598c92c,8,4.0,,,,101.97,52.36,51.22,57.74,49.85,47.96
2025-12-16T04:38:48.638122,Recipe_C,e493d977-1289-4420-b102-87061598c92c,8,4.0,,,,101.58,56.29,48.29,50.12,50.03,52.33
2025-12-16T04:38:49.638122,Recipe_C,e493d977-1289-4420-b102-87061598c92c,8,4.0,,,,107.14,51.57,44.78,43.83,41.28,51.38
2025-12-16T04:38:50.638122,Recipe_C,e493d977-1289-4420-b102-87061598c92c,8,4.0,,,,101.37,48.1,52.37,47.4,47.89,49.0
2025-12-16T04:38:51.638122,Recipe_C,e493d977-1289-4420-b102-87061598c92c,8,4.0,,,,103.11,53.74,41.52,56.2,45.08,45.81
2025-12-16T04:38:52.638122,Recipe_C,e493d977-1289-4420-b102-87061598c92c,8,4.0,,,,98.35,48.69,48.52,56.09,51.7,49.17
2025-12-16T04:38:53.638122,Recipe_C,e493d977-1289-4420-b102-87061598c92c,8,4.0,,,,99.76,49.45,52.48,48.62,50.82,50.9
2025-12-16T04:38:54.638122,Recipe_C,e493d977-1289-4420-b102-87061598c92c,8,4.0,,,,95.79,44.64,54.05,49.76,48.76,49.91
2025-12-16T04:38:55.638122,Recipe_C,e493d977-1289-4420-b102-87061598c92c,8,4.0,,,,100.82,46.26,47.66,58.65,47.62,46.65
2025-12-16T04:38:56.638122,Recipe_C,e493d977-1289-4420-b102-87061598c92c,8,4.0,,,,101.81,52.05,47.99,48.82,42.84,55.32
2025-12-16T04:38:57.638122,Recipe_C,e493d977-1289-4420-b102-87061598c92c,8,4.0,,,,108.44,49.12,51.5,59.59,46.22,51.53
2025-12-16T04:38:58.638122,Recipe_C,e493d977-1289-4420-b102-87061598c92c,8,4.0,,,,99.74,54.2,58.72,49.39,48.54,47.58
2025-12-16T04:38:59.638122,Recipe_C,e493d977-1289-4420-b102-87061598c92c,8,4.0,,,,102.74,55.3,50.16,46.29,57.9,48.58
2025-12-16T04:39:00.638122,Recipe_C,e493d977-1289-4420-b102-87061598c92c,8,4.0,,,,95.7,49.21,54.51,49.51,41.22,51.3
2025-12-16T04:39:01.638122,Recipe_C,e493d977-1289-4420-b102-87061598c92c,8,4.0,,,,94.17,63.01,50.74,54.5,45.67,45.62
2025-12-16T04:39:02.638122,Recipe_C,e493d977-1289-4420-b102-87061598c92c,8,4.0,,,,106.27,45.25,50.41,47.17,54.29,47.51
2025-12-16T04:39:03.638122,Recipe_C,e493d977-1289-4420-b102-87061598c92c,8,4.0,,,,92.98,46.65,40.74,48.27,51.77,54.61
2025-12-16T04:39:04.638122,Recipe_C,e493d977-1289-4420-b102-87061598c92c,8,4.0,,,,98.37,47.9,49.6,50.62,47.94,50.8
2025-12-16T04:39:05.638122,Recipe_C,e493d977-1289-4420-b102-87061598c92c,8,4.0,,,,97.99,47.87,50.03,51.66,54.12,53.01
2025-12-16T04:39:06.638122,Recipe_C,e493d977-1289-4420-b102-87061598c92c,8,4.0,,,,112.45,43.84,57.82,52.58,48.65,61.92
2025-12-16T04:39:07.638122,Recipe_C,e493d977-1289-4420-b102-87061598c92c,8,4.0,,,,103.87,53.48,52.58,46.2,43.09,42.55
2025-12-16T04:39:08.638122,Recipe_C,e493d977-1289-4420-b102-87061598c92c,8,4.0,,,,103.49,47.87,49.2,48.75,61.57,47.77
2025-12-16T04:39:09.638122,Recipe_C,e493d977-1289-4420-b102-87061598c92c,8,4.0,,,,98.15,43.38,51.63,52.23,43.02,43.28
2025-12-16T04:39:10.638122,Recipe_C,e493d977-1289-4420-b102-87061598c92c,8,4.0,,,,100.35,61.77,45.97,47.15,61.67,52.0
2025-12-16T04:39:11.638122,Recipe_C,e493d977-1289-4420-b102-87061598c92c,8,4.0,,,,96.36,39.63,45.27,44.57,50.59,55.66
2025-12-16T04:39:12.638122,Recipe_C,e493d977-1289-4420-b102-87061598c92c,8,4.0,,,,109.78,50.38,52.91,48.92,44.15,55.32
2025-12-16T04:39:13.638122,Recipe_C,e493d977-1289-4420-b102-87061598c92c,8,4.0,,,,99.26,45.01,49.62,41.19,51.72,42.51
2025-12-16T04:39:14.638122,Recipe_C,e493d977-1289-4420-b102-87061598c92c,8,4.0,,,,101.06,50.79,57.46,49.73,48.15,39.78
2025-12-16T04:39:15.638122,Recipe_C,e493d977-1289-4420-b102-87061598c92c,8,0.0,,,,0.0,0.0,0.0,0.0,0.0,0.0
2025-12-16T04:39:16.638122,Recipe_C,e493d977-1289-4420-b102-87061598c92c,8,0.0,,,,0.0,0.0,0.0,0.0,0.0,0.0
2025-12-16T04:39:17.638122,Recipe_C,e493d977-1289-4420-b102-87061598c92c,8,0.0,,,,0.0,0.0,0.0,0.0,0.0,0.0
2025-12-16T04:39:18.638122,Recipe_C,e493d977-1289-4420-b102-87061598c92c,8,0.0,,,,0.0,0.0,0.0,0.0,0.0,0.0
2025-12-16T04:39:19.638122,Recipe_C,e493d977-1289-4420-b102-87061598c92c,8,0.0,,,,0.0,0.0,0.0,0.0,0.0,0.0
2025-12-16T04:39:20.638122,Recipe_C,e493d977-1289-4420-b102-87061598c92c,8,0.0,,,,0.0,0.0,0.0,0.0,0.0,0.0
2025-12-16T04:39:21.638122,Recipe_C,e493d977-1289-4420-b102-87061598c92c,8,0.0,,,,0.0,0.0,0.0,0.0,0.0,0.0
2025-12-16T04:39:22.638122,Recipe_C,e493d977-1289-4420-b102-87061598c92c,8,0.0,,,,0.0,0.0,0.0,0.0,0.0,0.0
2025-12-16T04:39:23.638122,Recipe_C,e493d977-1289-4420-b102-87061598c92c,8,0.0,,,,0.0,0.0,0.0,0.0,0.0,0.0
2025-12-16T04:39:24.638122,Recipe_C,e493d977-1289-4420-b102-87061598c92c,8,0.0,,,,0.0,0.0,0.0,0.0,0.0,0.0
2025-12-16T04:39:25.638122,Recipe_C,e493d977-1289-4420-b102-87061598c92c,8,0.0,,,,0.0,0.0,0.0,0.0,0.0,0.0
2025-12-16T04:39:26.638122,Recipe_C,e493d977-1289-4420-b102-87061598c92c,8,0.0,,,,0.0,0.0,0.0,0.0,0.0,0.0
2025-12-16T04:39:27.638122,Recipe_C,e493d977-1289-4420-b102-87061598c92c,8,4.0,,,,108.8,54.1,49.24,44.03,48.95,42.55
2025-12-16T04:39:28.638122,Recipe_C,e493d977-1289-4420-b102-87061598c92c,8,4.0,,,,97.21,63.27,48.24,51.86,50.12,55.82
2025-12-16T04:39:29.638122,Recipe_C,e493d977-1289-4420-b102-87061598c92c,8,4.0,,,,93.63,52.46,54.36,50.44,54.77,45.28
2025-12-16T04:39:30.638122,Recipe_C,e493d977-1289-4420-b102-87061598c92c,8,4.0,,,,102.9,48.51,57.2,46.33,46.14,51.87
2025-12-16T04:39:31.638122,Recipe_C,e493d977-1289-4420-b102-87061598c92c,8,4.0,,,,94.71,49.92,43.95,46.37,50.11,57.01
2025-12-16T04:39:32.638122,Recipe_C,e493d977-1289-4420-b102-87061598c92c,8,4.0,,,,106.18,53.25,50.7,49.33,46.43,51.24
2025-12-16T04:39:33.638122,Recipe_C,e493d977-1289-4420-b102-87061598c92c,8,4.0,,,,106.87,47.91,42.84,49.29,44.16,50.44
2025-12-16T04:39:34.638122,Recipe_C,e493d977-1289-4420-b102-87061598c92c,8,4.0,,,,98.74,48.38,55.26,46.5,49.5,51.41
2025-12-16T04:39:35.638122,Recipe_C,e493d977-1289-4420-b102-87061598c92c,8,4.0,,,,102.47,55.28,44.69,58.55,51.44,40.01
2025-12-16T04:39:36.638122,Recipe_C,e493d977-1289-4420-b102-87061598c92c,8,4.0,,,,95.37,43.27,47.74,46.39,53.99,54.38
2025-12-16T04:39:37.638122,Recipe_C,e493d977-1289-4420-b102-87061598c92c,8,4.0,,,,109.71,44.21,53.79,53.52,55.52,45.82
2025-12-16T04:39:38.638122,Recipe_C,e493d977-1289-4420-b102-87061598c92c,8,4.0,,,,101.93,45.92,40.38,48.22,59.82,44.52
2025-12-16T04:39:38.638122,Recipe_C,e493d977-1289-4420-b102-87061598c92c,8,4.0,Warning_10,Simulated Warning occurred,Warning,,,,,,
2025-12-16T04:39:39.638122,Recipe_C,e493d977-1289-4420-b102-87061598c92c,8,4.0,,,,99.0,49.2,47.75,41.8,48.89,45.77
2025-12-16T04:39:40.638122,Recipe_C,e493d977-1289-4420-b102-87061598c92c,8,4.0,,,,97.9,54.0,49.95,47.19,39.45,57.45
2025-12-16T04:39:41.638122,Recipe_C,e493d977-1289-4420-b102-87061598c92c,8,4.0,,,,100.87,47.67,52.67,61.27,46.88,43.67
2025-12-16T04:39:42.638122,Recipe_C,e493d977-1289-4420-b102-87061598c92c,8,4.0,,,,95.13,60.0,43.2,44.68,63.24,55.2
2025-12-16T04:39:43.638122,Recipe_C,e493d977-1289-4420-b102-87061598c92c,8,4.0,,,,93.59,54.32,52.39,46.82,54.41,58.67
2025-12-16T04:39:44.638122,Recipe_C,e493d977-1289-4420-b102-87061598c92c,8,4.0,,,,103.17,49.46,46.15,46.96,40.13,46.24
2025-12-16T04:39:45.638122,Recipe_C,e493d977-1289-4420-b102-87061598c92c,8,4.0,,,,99.05,45.62,47.7,47.23,50.08,56.33
2025-12-16T04:39:46.638122,Recipe_C,e493d977-1289-4420-b102-87061598c92c,8,4.0,,,,101.45,50.5,45.2,43.69,47.71,51.91
2025-12-16T04:39:47.638122,Recipe_C,e493d977-1289-4420-b102-87061598c92c,8,4.0,,,,98.31,51.79,51.74,47.19,52.79,53.21
2025-12-16T04:39:48.638122,Recipe_C,e493d977-1289-4420-b102-87061598c92c,8,4.0,,,,95.63,41.7,36.31,46.78,48.78,48.74
2025-12-16T04:39:49.638122,Recipe_C,e493d977-1289-4420-b102-87061598c92c,8,4.0,,,,98.13,49.79,43.79,46.76,45.46,49.36
2025-12-16T04:39:50.638122,Recipe_C,e493d977-1289-4420-b102-87061598c92c,8,4.0,,,,99.55,47.26,43.32,53.38,50.28,50.28
2025-12-16T04:39:51.638122,Recipe_C,e493d977-1289-4420-b102-87061598c92c,8,4.0,,,,101.14,46.4,48.52,51.59,49.95,56.64
2025-12-16T04:39:52.638122,Recipe_C,e493d977-1289-4420-b102-87061598c92c,8,4.0,,,,90.71,47.97,50.84,50.58,55.9,43.59
2025-12-16T04:39:53.638122,Recipe_C,e493d977-1289-4420-b102-87061598c92c,8,4.0,,,,102.47,56.47,48.32,57.28,54.44,50.02
2025-12-16T04:39:54.638122,Recipe_C,e493d977-1289-4420-b102-87061598c92c,8,4.0,,,,108.02,52.57,51.55,57.43,45.73,45.66
2025-12-16T04:39:55.638122,Recipe_C,e493d977-1289-4420-b102-87061598c92c,8,4.0,,,,109.97,45.86,49.64,44.13,46.77,51.08
2025-12-16T04:39:56.638122,Recipe_C,e493d977-1289-4420-b102-87061598c92c,8,4.0,,,,106.26,52.12,47.1,55.02,45.85,43.62
2025-12-16T04:39:57.638122,Recipe_C,e493d977-1289-4420-b102-87061598c92c,8,4.0,,,,101.38,48.63,52.79,51.3,52.2,56.57
2025-12-16T04:39:58.638122,Recipe_C,e493d977-1289-4420-b102-87061598c92c,8,4.0,,,,103.24,50.07,54.02,54.71,50.96,45.08
2025-12-16T04:39:59.638122,Recipe_C,e493d977-1289-4420-b102-87061598c92c,8,4.0,,,,108.6,54.0,46.53,50.67,46.51,46.77
2025-12-16T04:40:00.638122,Recipe_C,e493d977-1289-4420-b102-87061598c92c,8,4.0,,,,102.12,48.31,57.83,57.71,52.63,60.84
2025-12-16T04:40:01.638122,Recipe_C,e493d977-1289-4420-b102-87061598c92c,8,4.0,,,,97.41,57.33,48.71,50.75,49.92,45.86
2025-12-16T04:40:02.638122,Recipe_C,e493d977-1289-4420-b102-87061598c92c,8,4.0,,,,93.7,45.03,51.95,55.26,49.47,49.92
2025-12-16T04:40:03.638122,Recipe_C,e493d977-1289-4420-b102-87061598c92c,8,4.0,,,,99.96,49.82,53.24,50.63,60.57,46.31
2025-12-16T04:40:04.638122,Recipe_C,e493d977-1289-4420-b102-87061598c92c,8,4.0,,,,99.1,49.35,58.0,48.94,54.63,43.51
2025-12-16T04:40:05.638122,Recipe_C,e493d977-1289-4420-b102-87061598c92c,8,4.0,,,,88.32,41.81,51.82,50.75,62.14,42.65
2025-12-16T04:40:06.638122,Recipe_C,e493d977-1289-4420-b102-87061598c92c,8,4.0,,,,98.29,57.31,46.47,47.62,51.72,52.54
2025-12-16T04:40:07.638122,Recipe_C,e493d977-1289-4420-b102-87061598c92c,8,4.0,,,,102.56,47.66,45.28,52.1,55.26,51.7
2025-12-16T04:40:08.638122,Recipe_C,e493d977-1289-4420-b102-87061598c92c,8,4.0,,,,96.24,56.05,43.95,50.64,50.9,51.48
2025-12-16T04:40:09.638122,Recipe_C,e493d977-1289-4420-b102-87061598c92c,8,4.0,,,,106.46,51.44,51.45,58.85,57.05,49.86
2025-12-16T04:40:10.638122,Recipe_C,e493d977-1289-4420-b102-87061598c92c,8,4.0,,,,89.16,48.53,46.92,47.02,53.35,45.62
2025-12-16T04:40:11.638122,Recipe_C,e493d977-1289-4420-b102-87061598c92c,8,4.0,,,,100.25,53.0,42.5,58.22,47.66,46.34
2025-12-16T04:40:12.638122,Recipe_C,e493d977-1289-4420-b102-87061598c92c,8,4.0,,,,94.69,50.01,44.66,46.96,33.03,46.2
2025-12-16T04:40:13.638122,Recipe_C,e493d977-1289-4420-b102-87061598c92c,8,4.0,,,,89.1,47.57,48.71,64.03,51.81,41.62
2025-12-16T04:40:14.638122,Recipe_C,e493d977-1289-4420-b102-87061598c92c,8,4.0,,,,105.62,48.87,48.68,52.18,51.32,57.83
2025-12-16T04:40:15.638122,Recipe_C,e493d977-1289-4420-b102-87061598c92c,8,4.0,,,,100.16,56.71,47.56,45.08,45.0,53.69
2025-12-16T04:40:16.638122,Recipe_C,e493d977-1289-4420-b102-87061598c92c,8,4.0,,,,103.41,51.38,51.17,52.09,53.7,55.23
2025-12-16T04:40:17.638122,Recipe_C,e493d977-1289-4420-b102-87061598c92c,8,4.0,,,,91.78,46.88,43.95,50.37,50.83,48.7
2025-12-16T04:40:18.638122,Recipe_C,e493d977-1289-4420-b102-87061598c92c,8,4.0,,,,97.3,49.33,41.92,51.95,50.28,40.21
2025-12-16T04:40:19.638122,Recipe_C,e493d977-1289-4420-b102-87061598c92c,8,4.0,,,,101.62,55.43,42.21,47.03,39.26,45.13
2025-12-16T04:40:20.638122,Recipe_C,e493d977-1289-4420-b102-87061598c92c,8,4.0,,,,98.72,55.18,45.48,50.77,45.24,43.8
2025-12-16T04:40:21.638122,Recipe_C,e493d977-1289-4420-b102-87061598c92c,8,4.0,,,,99.29,44.61,55.66,50.48,46.46,53.83
2025-12-16T04:40:22.638122,Recipe_C,e493d977-1289-4420-b102-87061598c92c,8,4.0,,,,95.69,41.43,54.67,57.53,46.75,51.57
2025-12-16T04:40:23.638122,Recipe_C,e493d977-1289-4420-b102-87061598c92c,8,4.0,,,,107.73,53.21,50.33,53.71,42.62,56.47
2025-12-16T04:40:24.638122,Recipe_C,e493d977-1289-4420-b102-87061598c92c,8,4.0,,,,99.53,43.82,54.55,52.45,45.77,45.75
2025-12-16T04:40:25.638122,Recipe_C,e493d977-1289-4420-b102-87061598c92c,8,4.0,,,,102.21,52.88,53.29,51.68,45.61,51.69
2025-12-16T04:40:26.638122,Recipe_C,e493d977-1289-4420-b102-87061598c92c,8,4.0,,,,114.32,53.44,60.24,47.94,49.57,51.18
2025-12-16T04:40:27.638122,Recipe_C,e493d977-1289-4420-b102-87061598c92c,8,4.0,,,,102.6,46.36,53.73,54.87,52.22,59.15
2025-12-16T04:40:28.638122,Recipe_C,e493d977-1289-4420-b102-87061598c92c,8,2.0,,,,11.25,11.17,13.88,11.82,12.69,11.55
2025-12-16T04:40:29.638122,Recipe_C,e493d977-1289-4420-b102-87061598c92c,8,2.0,,,,7.35,11.1,8.95,7.8,9.81,9.09
2025-12-16T04:40:30.638122,Recipe_C,e493d977-1289-4420-b102-87061598c92c,8,2.0,,,,9.32,10.23,9.96,9.25,11.07,5.62
2025-12-16T04:40:31.638122,Recipe_C,e493d977-1289-4420-b102-87061598c92c,8,2.0,,,,11.5,12.46,9.64,8.26,12.97,9.57
2025-12-16T04:40:32.638122,Recipe_C,e493d977-1289-4420-b102-87061598c92c,8,2.0,,,,10.11,4.0,6.33,9.26,11.59,12.99
2025-12-16T04:40:33.638122,Recipe_C,e493d977-1289-4420-b102-87061598c92c,8,2.0,,,,12.62,10.68,9.64,7.69,11.18,7.4
2025-12-16T04:40:34.638122,Recipe_C,e493d977-1289-4420-b102-87061598c92c,8,2.0,,,,8.8,6.18,6.85,12.57,12.33,7.36
2025-12-16T04:40:35.638122,Recipe_C,e493d977-1289-4420-b102-87061598c92c,8,1.0,,,,14.42,11.61,9.16,11.93,8.05,9.66
2025-12-16T04:40:36.638122,Recipe_C,e493d977-1289-4420-b102-87061598c92c,8,1.0,,,,9.69,8.97,7.22,8.59,9.76,12.57
2025-12-16T04:40:37.638122,Recipe_C,e493d977-1289-4420-b102-87061598c92c,8,1.0,,,,9.46,8.18,8.41,7.25,12.05,3.81
2025-12-16T04:40:38.638122,Recipe_C,e493d977-1289-4420-b102-87061598c92c,8,1.0,,,,9.19,8.38,10.03,10.07,8.23,5.37
2025-12-16T04:40:39.638122,Recipe_C,e493d977-1289-4420-b102-87061598c92c,8,1.0,,,,9.7,11.54,9.16,12.53,13.91,9.51
2025-12-16T04:40:40.638122,Recipe_C,e493d977-1289-4420-b102-87061598c92c,8,1.0,,,,10.92,10.53,11.34,8.11,9.15,11.39
2025-12-16T04:40:41.638122,Recipe_C,e493d977-1289-4420-b102-87061598c92c,8,1.0,,,,11.62,10.82,9.5,12.5,8.04,13.35
2025-12-16T04:40:42.638122,Recipe_C,e493d977-1289-4420-b102-87061598c92c,8,1.0,,,,7.92,9.65,6.51,10.35,9.43,10.74
2025-12-16T04:40:43.638122,Recipe_C,e493d977-1289-4420-b102-87061598c92c,8,1.0,,,,6.11,10.87,5.84,10.7,8.86,8.44
2025-12-16T04:40:44.638122,Recipe_C,e493d977-1289-4420-b102-87061598c92c,8,1.0,,,,9.51,11.02,11.31,12.56,13.5,10.1
2025-12-16T04:40:45.638122,Recipe_C,e493d977-1289-4420-b102-87061598c92c,8,1.0,,,,6.08,10.27,9.66,11.21,6.12,10.8
2025-12-16T04:40:46.638122,Recipe_C,e493d977-1289-4420-b102-87061598c92c,8,1.0,,,,10.3,7.43,12.3,8.11,7.89,9.62
2025-12-16T04:40:47.638122,Recipe_C,e493d977-1289-4420-b102-87061598c92c,8,1.0,,,,9.25,12.38,11.87,12.24,7.91,8.35
2025-12-16T04:40:48.638122,Recipe_C,e493d977-1289-4420-b102-87061598c92c,8,1.0,,,,9.68,13.75,13.86,7.19,9.98,10.76
2025-12-16T04:40:49.638122,Recipe_C,e493d977-1289-4420-b102-87061598c92c,8,1.0,,,,8.87,14.45,9.85,9.25,12.51,6.02
2025-12-16T04:40:50.638122,Recipe_C,e493d977-1289-4420-b102-87061598c92c,8,1.0,,,,9.22,11.36,9.67,10.13,11.88,9.34
2025-12-16T04:40:51.638122,Recipe_C,e493d977-1289-4420-b102-87061598c92c,8,1.0,,,,9.57,6.98,7.36,9.36,10.12,11.61
2025-12-16T04:40:52.638122,Recipe_C,e493d977-1289-4420-b102-87061598c92c,8,1.0,,,,11.47,7.63,8.91,10.97,11.29,11.58
2025-12-16T04:40:53.638122,Recipe_C,e493d977-1289-4420-b102-87061598c92c,8,1.0,,,,11.53,10.53,10.78,11.79,7.92,7.35
2025-12-16T04:40:54.638122,Recipe_C,e493d977-1289-4420-b102-87061598c92c,8,1.0,,,,9.27,7.43,9.98,9.17,9.14,4.54
2025-12-16T04:40:55.638122,Recipe_C,e493d977-1289-4420-b102-87061598c92c,8,1.0,,,,10.61,10.24,13.55,8.06,10.14,12.17
2025-12-16T04:40:56.638122,Recipe_C,e493d977-1289-4420-b102-87061598c92c,8,1.0,,,,14.05,5.86,9.1,9.55,10.28,10.22
2025-12-16T04:40:57.638122,Recipe_C,e493d977-1289-4420-b102-87061598c92c,8,1.0,,,,8.86,11.59,11.37,10.01,11.63,8.48
2025-12-16T04:40:58.638122,Recipe_C,e493d977-1289-4420-b102-87061598c92c,8,1.0,,,,9.2,7.14,7.37,10.15,9.4,11.9
2025-12-16T04:40:59.638122,Recipe_C,e493d977-1289-4420-b102-87061598c92c,8,5.0,,,,11.91,9.84,12.22,6.76,10.88,9.48
2025-12-16T04:41:00.638122,Recipe_C,e493d977-1289-4420-b102-87061598c92c,8,5.0,,,,11.81,8.78,11.5,14.05,6.01,5.09
2025-12-16T04:41:01.638122,Recipe_C,e493d977-1289-4420-b102-87061598c92c,8,5.0,,,,12.09,12.99,7.04,5.94,7.43,10.39
2025-12-16T04:41:02.638122,Recipe_C,e493d977-1289-4420-b102-87061598c92c,8,5.0,,,,7.55,7.71,10.28,9.01,10.61,15.84
2025-12-16T04:41:03.638122,Recipe_C,e493d977-1289-4420-b102-87061598c92c,8,5.0,,,,8.99,14.41,11.35,9.78,8.25,11.68
2025-12-16T04:41:04.638122,Recipe_C,e493d977-1289-4420-b102-87061598c92c,8,5.0,,,,7.49,8.67,11.68,9.14,11.18,10.21
2025-12-16T04:41:05.638122,Recipe_C,e493d977-1289-4420-b102-87061598c92c,8,5.0,,,,9.98,8.64,14.56,9.44,8.66,10.98
2025-12-16T04:41:06.638122,Recipe_C,e493d977-1289-4420-b102-87061598c92c,8,5.0,,,,7.8,11.27,11.52,13.51,11.05,10.29
2025-12-16T04:41:07.638122,Recipe_C,e493d977-1289-4420-b102-87061598c92c,8,1.0,,,,10.41,8.73,8.1,10.58,10.13,10.05
2025-12-16T04:41:08.638122,Recipe_C,e493d977-1289-4420-b102-87061598c92c,8,1.0,,,,8.65,10.42,12.58,10.88,12.7,8.05
2025-12-16T04:41:09.638122,Recipe_C,e493d977-1289-4420-b102-87061598c92c,8,3.0,,,,9.02,12.23,9.85,11.42,9.31,14.24
2025-12-16T04:41:10.638122,Recipe_C,e493d977-1289-4420-b102-87061598c92c,8,3.0,,,,6.38,9.2,11.5,13.18,8.71,10.17
2025-12-16T04:41:11.638122,Recipe_C,e493d977-1289-4420-b102-87061598c92c,8,3.0,,,,9.74,14.36,9.01,11.09,12.87,7.42
2025-12-16T04:41:12.638122,Recipe_C,e493d977-1289-4420-b102-87061598c92c,8,3.0,,,,10.3,11.18,7.69,10.02,11.62,7.23
2025-12-16T04:41:13.638122,Recipe_C,e493d977-1289-4420-b102-87061598c92c,8,3.0,,,,7.01,10.1,11.0,10.46,8.3,13.99
2025-12-16T04:41:14.638122,Recipe_C,e493d977-1289-4420-b102-87061598c92c,8,3.0,,,,9.75,9.36,12.8,10.93,7.02,10.25
2025-12-16T04:41:15.638122,Recipe_C,e493d977-1289-4420-b102-87061598c92c,8,3.0,,,,8.87,9.79,9.22,10.51,13.02,15.05
2025-12-16T04:41:16.638122,Recipe_C,e493d977-1289-4420-b102-87061598c92c,8,3.0,,,,11.91,9.0,7.68,11.26,11.22,8.03
2025-12-16T04:41:17.638122,Recipe_C,e493d977-1289-4420-b102-87061598c92c,8,3.0,,,,8.4,7.87,10.75,10.15,12.39,7.76
2025-12-16T04:41:18.638122,Recipe_C,e493d977-1289-4420-b102-87061598c92c,8,3.0,,,,13.49,8.48,11.84,10.87,9.83,10.13
2025-12-16T04:41:19.638122,Recipe_C,e493d977-1289-4420-b102-87061598c92c,8,3.0,,,,10.56,12.27,11.47,7.99,8.39,8.29
2025-12-16T04:41:20.638122,Recipe_C,e493d977-1289-4420-b102-87061598c92c,8,3.0,,,,13.4,13.08,11.75,7.56,8.99,11.82
2025-12-16T04:41:21.638122,Recipe_C,e493d977-1289-4420-b102-87061598c92c,8,3.0,,,,6.41,11.51,10.96,9.63,10.96,6.99
2025-12-16T04:41:22.638122,Recipe_C,e493d977-1289-4420-b102-87061598c92c,8,3.0,,,,13.87,5.69,13.37,9.7,7.29,7.29
2025-12-16T04:41:23.638122,Recipe_C,e493d977-1289-4420-b102-87061598c92c,8,3.0,,,,10.63,11.62,10.43,7.65,11.06,7.95
2025-12-16T04:41:24.638122,Recipe_C,e493d977-1289-4420-b102-87061598c92c,8,3.0,,,,11.65,6.72,9.77,11.84,9.05,10.01
2025-12-16T04:41:25.638122,Recipe_C,e493d977-1289-4420-b102-87061598c92c,8,3.0,,,,10.56,10.93,11.48,5.82,6.12,9.09
2025-12-16T04:41:26.638122,Recipe_C,e493d977-1289-4420-b102-87061598c92c,8,3.0,,,,13.3,9.75,9.18,9.38,7.35,7.83
2025-12-16T04:41:27.638122,Recipe_C,e493d977-1289-4420-b102-87061598c92c,8,3.0,,,,10.2,8.65,11.91,9.08,10.75,11.05
2025-12-16T04:41:28.638122,Recipe_C,e493d977-1289-4420-b102-87061598c92c,8,3.0,,,,5.88,8.96,8.22,9.04,8.74,9.94
2025-12-16T04:41:29.638122,Recipe_C,e493d977-1289-4420-b102-87061598c92c,8,3.0,,,,8.12,8.9,8.69,6.83,15.22,10.13
2025-12-16T04:41:30.638122,Recipe_C,e493d977-1289-4420-b102-87061598c92c,8,3.0,,,,10.05,10.23,8.17,8.24,11.68,13.67
2025-12-16T04:41:31.638122,Recipe_C,e493d977-1289-4420-b102-87061598c92c,8,3.0,,,,10.83,10.46,9.39,9.59,10.4,13.72
2025-12-16T04:41:32.638122,Recipe_C,e493d977-1289-4420-b102-87061598c92c,8,3.0,,,,12.3,12.19,15.28,8.22,7.16,13.19
2025-12-16T04:41:33.638122,Recipe_C,e493d977-1289-4420-b102-87061598c92c,8,3.0,,,,6.73,13.61,9.54,13.56,6.53,10.31
2025-12-16T04:41:34.638122,Recipe_C,e493d977-1289-4420-b102-87061598c92c,8,3.0,,,,9.39,9.73,11.65,7.15,10.92,11.4
2025-12-16T04:41:35.638122,Recipe_C,e493d977-1289-4420-b102-87061598c92c,8,3.0,,,,10.91,8.52,11.33,9.61,9.76,13.03
2025-12-16T04:41:36.638122,Recipe_C,e493d977-1289-4420-b102-87061598c92c,8,3.0,,,,17.49,8.35,6.59,9.2,10.34,9.57
2025-12-16T04:41:37.638122,Recipe_C,e493d977-1289-4420-b102-87061598c92c,8,3.0,,,,10.2,10.45,7.79,7.75,10.28,11.53
2025-12-16T04:41:38.638122,Recipe_C,e493d977-1289-4420-b102-87061598c92c,8,3.0,,,,12.14,10.48,6.23,7.59,10.95,10.6
2025-12-16T04:41:39.638122,Recipe_C,e493d977-1289-4420-b102-87061598c92c,8,3.0,,,,10.63,8.51,7.56,12.49,12.98,11.19
2025-12-16T04:41:40.638122,Recipe_C,e493d977-1289-4420-b102-87061598c92c,8,3.0,,,,8.08,11.57,13.41,12.48,10.64,9.73
2025-12-16T04:41:41.638122,Recipe_C,e493d977-1289-4420-b102-87061598c92c,8,3.0,,,,10.48,9.97,10.2,10.25,5.33,8.19
2025-12-16T04:41:42.638122,Recipe_C,e493d977-1289-4420-b102-87061598c92c,8,3.0,,,,12.82,8.72,11.01,9.22,13.65,13.09
2025-12-16T04:41:43.638122,Recipe_C,e493d977-1289-4420-b102-87061598c92c,8,3.0,,,,11.27,10.99,11.11,9.07,8.42,8.33
2025-12-16T04:41:44.638122,Recipe_C,e493d977-1289-4420-b102-87061598c92c,8,3.0,,,,8.71,8.41,5.22,7.99,9.7,10.57
2025-12-16T04:41:45.638122,Recipe_C,e493d977-1289-4420-b102-87061598c92c,8,3.0,,,,8.26,11.18,12.69,9.01,12.55,9.59
2025-12-16T04:41:46.638122,Recipe_C,e493d977-1289-4420-b102-87061598c92c,8,3.0,,,,9.94,10.14,10.79,9.35,10.94,10.02
2025-12-16T04:41:47.638122,Recipe_C,e493d977-1289-4420-b102-87061598c92c,8,3.0,,,,10.03,8.25,14.32,8.38,9.27,9.6
2025-12-16T04:41:48.638122,Recipe_C,e493d977-1289-4420-b102-87061598c92c,8,3.0,,,,8.91,6.96,11.85,8.83,9.07,8.83
2025-12-16T04:41:49.638122,Recipe_C,e493d977-1289-4420-b102-87061598c92c,8,1.0,,,,11.48,9.85,12.07,9.18,8.68,9.43
2025-12-16T04:41:50.638122,Recipe_C,e493d977-1289-4420-b102-87061598c92c,8,1.0,,,,9.83,8.25,11.27,13.07,11.01,11.02
2025-12-16T04:41:51.638122,Recipe_C,e493d977-1289-4420-b102-87061598c92c,8,1.0,,,,11.78,7.57,10.32,8.85,9.11,7.23
2025-12-16T04:41:52.638122,Recipe_C,e493d977-1289-4420-b102-87061598c92c,8,1.0,,,,12.32,10.67,14.52,12.75,8.73,9.01
2025-12-16T04:41:53.638122,Recipe_C,e493d977-1289-4420-b102-87061598c92c,8,1.0,,,,8.41,9.27,12.0,9.42,9.56,10.74
2025-12-16T04:41:54.638122,Recipe_C,e493d977-1289-4420-b102-87061598c92c,8,1.0,,,,6.03,12.38,16.24,9.91,8.41,9.89
2025-12-16T04:41:55.638122,Recipe_C,e493d977-1289-4420-b102-87061598c92c,8,1.0,,,,11.34,13.21,12.59,11.76,12.68,7.22
2025-12-16T04:41:56.638122,Recipe_C,e493d977-1289-4420-b102-87061598c92c,8,1.0,,,,10.3,8.72,9.8,8.34,10.72,10.88
2025-12-16T04:41:57.638122,Recipe_C,e493d977-1289-4420-b102-87061598c92c,8,1.0,,,,13.92,10.77,12.96,6.15,11.59,9.53
2025-12-16T04:41:58.638122,Recipe_C,e493d977-1289-4420-b102-87061598c92c,8,1.0,,,,12.4,10.49,10.75,11.91,9.4,12.65
2025-12-16T04:41:59.638122,Recipe_C,e493d977-1289-4420-b102-87061598c92c,8,5.0,,,,10.92,6.52,9.54,8.42,11.64,10.91
2025-12-16T04:42:00.638122,Recipe_C,e493d977-1289-4420-b102-87061598c92c,8,5.0,,,,5.34,9.14,7.93,9.07,10.21,8.31
2025-12-16T04:42:01.638122,Recipe_C,e493d977-1289-4420-b102-87061598c92c,8,5.0,,,,11.9,11.19,10.87,9.63,13.36,15.46
2025-12-16T04:42:02.638122,Recipe_C,e493d977-1289-4420-b102-87061598c92c,8,5.0,,,,9.9,11.79,8.88,9.01,6.81,13.79
2025-12-16T04:42:03.638122,Recipe_C,e493d977-1289-4420-b102-87061598c92c,8,5.0,,,,9.85,8.24,8.44,8.43,11.98,8.88
2025-12-16T04:42:04.638122,Recipe_C,e493d977-1289-4420-b102-87061598c92c,8,5.0,,,,11.5,8.99,9.25,6.99,8.54,6.73
2025-12-16T04:42:05.638122,Recipe_C,e493d977-1289-4420-b102-87061598c92c,8,5.0,,,,11.84,12.76,9.87,8.97,9.52,10.66
2025-12-16T04:42:06.638122,Recipe_C,e493d977-1289-4420-b102-87061598c92c,8,5.0,,,,10.36,12.16,8.72,10.49,11.77,8.95
2025-12-16T04:42:07.638122,Recipe_C,e493d977-1289-4420-b102-87061598c92c,8,0.0,,,,0.0,0.0,0.0,0.0,0.0,0.0
2025-12-16T04:42:08.638122,Recipe_C,e493d977-1289-4420-b102-87061598c92c,8,0.0,,,,0.0,0.0,0.0,0.0,0.0,0.0
2025-12-16T04:42:09.638122,Recipe_C,e493d977-1289-4420-b102-87061598c92c,8,0.0,,,,0.0,0.0,0.0,0.0,0.0,0.0
2025-12-16T04:42:10.638122,Recipe_C,e493d977-1289-4420-b102-87061598c92c,8,0.0,,,,0.0,0.0,0.0,0.0,0.0,0.0
2025-12-16T04:42:11.638122,Recipe_C,e493d977-1289-4420-b102-87061598c92c,8,0.0,,,,0.0,0.0,0.0,0.0,0.0,0.0
2025-12-16T04:42:12.638122,Recipe_C,e493d977-1289-4420-b102-87061598c92c,8,3.0,,,,9.52,9.41,8.22,12.7,11.03,8.05
2025-12-16T04:42:13.638122,Recipe_C,e493d977-1289-4420-b102-87061598c92c,8,3.0,,,,9.41,11.63,13.72,9.71,10.48,8.32
2025-12-16T04:42:14.638122,Recipe_C,e493d977-1289-4420-b102-87061598c92c,8,3.0,,,,11.45,6.49,9.05,13.0,9.41,10.31
2025-12-16T04:42:15.638122,Recipe_C,e493d977-1289-4420-b102-87061598c92c,8,3.0,,,,12.47,8.73,10.92,9.63,12.01,8.75
2025-12-16T04:42:16.638122,Recipe_C,e493d977-1289-4420-b102-87061598c92c,8,3.0,,,,9.66,11.33,9.48,8.97,13.43,10.41
2025-12-16T04:42:17.638122,Recipe_C,e493d977-1289-4420-b102-87061598c92c,8,3.0,,,,9.54,9.51,6.61,8.4,9.56,9.34
2025-12-16T04:42:18.638122,Recipe_C,e493d977-1289-4420-b102-87061598c92c,8,3.0,,,,8.55,9.18,8.95,8.98,9.22,6.93
2025-12-16T04:42:19.638122,Recipe_C,e493d977-1289-4420-b102-87061598c92c,8,2.0,,,,12.8,11.8,9.84,9.12,9.16,8.63
2025-12-16T04:42:20.638122,Recipe_C,e493d977-1289-4420-b102-87061598c92c,8,2.0,,,,7.97,8.87,9.62,8.13,11.86,8.98
2025-12-16T04:42:21.638122,Recipe_C,e493d977-1289-4420-b102-87061598c92c,8,2.0,,,,12.47,11.9,9.58,10.6,6.35,9.93
2025-12-16T04:42:22.638122,Recipe_C,e493d977-1289-4420-b102-87061598c92c,8,2.0,,,,7.62,11.16,8.48,13.16,11.13,7.84
2025-12-16T04:42:23.638122,Recipe_C,e493d977-1289-4420-b102-87061598c92c,8,2.0,,,,11.6,11.33,10.95,10.37,11.25,9.02
2025-12-16T04:42:24.638122,Recipe_C,e493d977-1289-4420-b102-87061598c92c,8,2.0,,,,9.27,13.85,10.46,11.02,11.71,12.44
2025-12-16T04:42:25.638122,Recipe_C,e493d977-1289-4420-b102-87061598c92c,8,2.0,,,,9.89,9.24,10.6,11.05,14.48,11.38
2025-12-16T04:42:26.638122,Recipe_C,e493d977-1289-4420-b102-87061598c92c,8,2.0,,,,5.65,8.87,15.33,9.46,10.6,7.95
2025-12-16T04:42:27.638122,Recipe_C,e493d977-1289-4420-b102-87061598c92c,8,5.0,,,,13.07,10.09,14.56,8.48,7.93,11.38
2025-12-16T04:42:28.638122,Recipe_C,e493d977-1289-4420-b102-87061598c92c,8,5.0,,,,9.53,9.28,15.32,11.12,13.74,10.79
2025-12-16T04:42:29.638122,Recipe_C,e493d977-1289-4420-b102-87061598c92c,8,5.0,,,,7.68,9.22,8.82,10.94,7.52,14.14
2025-12-16T04:42:30.638122,Recipe_C,e493d977-1289-4420-b102-87061598c92c,8,5.0,,,,7.95,10.01,10.83,10.79,11.77,10.6
2025-12-16T04:42:31.638122,Recipe_C,e493d977-1289-4420-b102-87061598c92c,8,5.0,,,,10.19,10.62,9.5,11.23,13.99,9.59
2025-12-16T04:42:32.638122,Recipe_C,e493d977-1289-4420-b102-87061598c92c,8,5.0,,,,10.45,10.15,11.46,10.05,11.75,10.71
2025-12-16T04:42:33.638122,Recipe_C,e493d977-1289-4420-b102-87061598c92c,8,5.0,,,,10.26,11.39,12.82,8.91,12.22,12.02
2025-12-16T04:42:34.638122,Recipe_C,e493d977-1289-4420-b102-87061598c92c,8,5.0,,,,10.75,8.89,11.75,11.4,8.1,10.8
2025-12-16T04:42:35.638122,Recipe_C,e493d977-1289-4420-b102-87061598c92c,8,5.0,,,,10.59,11.3,12.63,9.33,10.36,7.96
2025-12-16T04:42:36.638122,Recipe_C,e493d977-1289-4420-b102-87061598c92c,8,5.0,,,,7.75,9.03,10.32,9.53,12.43,10.31
2025-12-16T04:42:37.638122,Recipe_C,e493d977-1289-4420-b102-87061598c92c,8,5.0,,,,11.45,9.13,11.32,7.61,12.49,10.05
2025-12-16T04:42:38.638122,Recipe_C,e493d977-1289-4420-b102-87061598c92c,8,5.0,,,,11.1,10.68,7.13,8.92,10.57,11.52
2025-12-16T04:42:39.638122,Recipe_C,e493d977-1289-4420-b102-87061598c92c,8,5.0,,,,8.51,11.04,10.41,10.01,8.14,8.77
2025-12-16T04:42:40.638122,Recipe_C,e493d977-1289-4420-b102-87061598c92c,8,0.0,,,,0.0,0.0,0.0,0.0,0.0,0.0
2025-12-16T04:42:41.638122,Recipe_C,e493d977-1289-4420-b102-87061598c92c,8,0.0,,,,0.0,0.0,0.0,0.0,0.0,0.0
2025-12-16T04:42:42.638122,Recipe_C,e493d977-1289-4420-b102-87061598c92c,8,0.0,,,,0.0,0.0,0.0,0.0,0.0,0.0
2025-12-16T04:42:43.638122,Recipe_C,e493d977-1289-4420-b102-87061598c92c,8,0.0,,,,0.0,0.0,0.0,0.0,0.0,0.0
2025-12-16T04:42:44.638122,Recipe_C,e493d977-1289-4420-b102-87061598c92c,8,0.0,,,,0.0,0.0,0.0,0.0,0.0,0.0
2025-12-16T04:42:45.638122,Recipe_C,e493d977-1289-4420-b102-87061598c92c,8,0.0,,,,0.0,0.0,0.0,0.0,0.0,0.0
2025-12-16T04:42:46.638122,Recipe_C,e493d977-1289-4420-b102-87061598c92c,8,0.0,,,,0.0,0.0,0.0,0.0,0.0,0.0
2025-12-16T04:42:47.638122,Recipe_C,e493d977-1289-4420-b102-87061598c92c,8,0.0,,,,0.0,0.0,0.0,0.0,0.0,0.0
2025-12-16T04:42:48.638122,Recipe_C,e493d977-1289-4420-b102-87061598c92c,8,0.0,,,,0.0,0.0,0.0,0.0,0.0,0.0
2025-12-16T04:42:49.638122,Recipe_C,e493d977-1289-4420-b102-87061598c92c,8,0.0,,,,0.0,0.0,0.0,0.0,0.0,0.0
2025-12-16T04:42:50.638122,Recipe_C,e493d977-1289-4420-b102-87061598c92c,8,0.0,,,,0.0,0.0,0.0,0.0,0.0,0.0
2025-12-16T04:42:51.638122,Recipe_C,e493d977-1289-4420-b102-87061598c92c,8,0.0,,,,0.0,0.0,0.0,0.0,0.0,0.0
2025-12-16T04:42:52.638122,Recipe_C,e493d977-1289-4420-b102-87061598c92c,8,0.0,,,,0.0,0.0,0.0,0.0,0.0,0.0
2025-12-16T04:42:53.638122,Recipe_C,e493d977-1289-4420-b102-87061598c92c,8,0.0,,,,0.0,0.0,0.0,0.0,0.0,0.0
2025-12-16T04:42:54.638122,Recipe_C,e493d977-1289-4420-b102-87061598c92c,8,0.0,,,,0.0,0.0,0.0,0.0,0.0,0.0
2025-12-16T04:42:55.638122,Recipe_C,e493d977-1289-4420-b102-87061598c92c,8,0.0,,,,0.0,0.0,0.0,0.0,0.0,0.0
2025-12-16T04:42:56.638122,Recipe_C,e493d977-1289-4420-b102-87061598c92c,8,0.0,,,,0.0,0.0,0.0,0.0,0.0,0.0
2025-12-16T04:42:57.638122,Recipe_C,e493d977-1289-4420-b102-87061598c92c,8,0.0,,,,0.0,0.0,0.0,0.0,0.0,0.0
2025-12-16T04:42:58.638122,Recipe_C,e493d977-1289-4420-b102-87061598c92c,8,0.0,,,,0.0,0.0,0.0,0.0,0.0,0.0
2025-12-16T04:42:59.638122,Recipe_C,e493d977-1289-4420-b102-87061598c92c,8,0.0,,,,0.0,0.0,0.0,0.0,0.0,0.0
2025-12-16T04:43:00.638122,Recipe_C,e493d977-1289-4420-b102-87061598c92c,8,0.0,,,,0.0,0.0,0.0,0.0,0.0,0.0
2025-12-16T04:43:01.638122,Recipe_C,e493d977-1289-4420-b102-87061598c92c,8,0.0,,,,0.0,0.0,0.0,0.0,0.0,0.0
2025-12-16T04:43:02.638122,Recipe_C,e493d977-1289-4420-b102-87061598c92c,8,4.0,,,,93.15,50.6,51.72,45.65,52.76,48.71
2025-12-16T04:43:03.638122,Recipe_C,e493d977-1289-4420-b102-87061598c92c,8,4.0,,,,107.64,50.6,51.07,50.14,54.24,53.66
2025-12-16T04:43:04.638122,Recipe_C,e493d977-1289-4420-b102-87061598c92c,8,4.0,,,,96.46,58.47,56.23,42.36,47.67,49.22
2025-12-16T04:43:05.638122,Recipe_C,e493d977-1289-4420-b102-87061598c92c,8,4.0,,,,105.45,50.93,48.48,43.33,48.19,50.42
2025-12-16T04:43:06.638122,Recipe_C,e493d977-1289-4420-b102-87061598c92c,8,4.0,,,,101.1,50.34,53.38,49.98,50.72,44.86
2025-12-16T04:43:07.638122,Recipe_C,e493d977-1289-4420-b102-87061598c92c,8,4.0,,,,91.99,50.18,48.61,48.23,49.7,49.81
2025-12-16T04:43:08.638122,Recipe_C,e493d977-1289-4420-b102-87061598c92c,8,4.0,,,,102.6,41.47,44.86,44.11,57.2,55.68
2025-12-16T04:43:09.638122,Recipe_C,e493d977-1289-4420-b102-87061598c92c,8,4.0,,,,100.04,45.33,51.53,43.57,38.2,52.61
2025-12-16T04:43:10.638122,Recipe_C,e493d977-1289-4420-b102-87061598c92c,8,4.0,,,,97.77,50.69,50.35,50.56,40.62,41.84
2025-12-16T04:43:11.638122,Recipe_C,e493d977-1289-4420-b102-87061598c92c,8,4.0,,,,96.93,53.44,54.09,48.55,46.68,51.31
2025-12-16T04:43:12.638122,Recipe_C,e493d977-1289-4420-b102-87061598c92c,8,4.0,,,,97.29,51.45,45.11,58.19,47.67,54.56
2025-12-16T04:43:13.638122,Recipe_C,e493d977-1289-4420-b102-87061598c92c,8,4.0,,,,100.03,49.31,48.42,53.14,55.33,53.5
2025-12-16T04:43:14.638122,Recipe_C,e493d977-1289-4420-b102-87061598c92c,8,4.0,,,,101.62,52.87,42.37,53.67,51.8,56.62
2025-12-16T04:43:15.638122,Recipe_C,e493d977-1289-4420-b102-87061598c92c,8,1.0,,,,7.29,13.3,8.47,11.24,11.47,8.92
2025-12-16T04:43:16.638122,Recipe_C,e493d977-1289-4420-b102-87061598c92c,8,1.0,,,,10.04,12.56,9.5,11.43,13.77,10.05
2025-12-16T04:43:17.638122,Recipe_C,e493d977-1289-4420-b102-87061598c92c,8,1.0,,,,9.87,7.99,7.39,10.35,7.47,8.33
2025-12-16T04:43:18.638122,Recipe_C,e493d977-1289-4420-b102-87061598c92c,8,5.0,,,,4.06,7.43,9.5,8.18,10.97,9.15
2025-12-16T04:43:19.638122,Recipe_C,e493d977-1289-4420-b102-87061598c92c,8,5.0,,,,10.54,9.39,6.38,7.5,7.94,9.1
2025-12-16T04:43:20.638122,Recipe_C,e493d977-1289-4420-b102-87061598c92c,8,5.0,,,,7.83,6.15,7.28,10.61,8.96,4.76
2025-12-16T04:43:21.638122,Recipe_C,e493d977-1289-4420-b102-87061598c92c,8,5.0,,,,6.35,11.85,9.25,8.99,10.93,10.16
2025-12-16T04:43:22.638122,Recipe_C,e493d977-1289-4420-b102-87061598c92c,8,5.0,,,,8.84,7.71,10.23,13.73,10.37,14.77
2025-12-16T04:43:23.638122,Recipe_C,e493d977-1289-4420-b102-87061598c92c,8,5.0,,,,9.86,9.08,12.41,9.77,9.43,5.59
2025-12-16T04:43:24.638122,Recipe_C,e493d977-1289-4420-b102-87061598c92c,8,5.0,,,,12.29,8.08,11.66,11.8,6.6,11.28
2025-12-16T04:43:25.638122,Recipe_C,e493d977-1289-4420-b102-87061598c92c,8,5.0,,,,11.24,7.61,12.74,7.19,11.68,8.97
2025-12-16T04:43:26.638122,Recipe_C,e493d977-1289-4420-b102-87061598c92c,8,5.0,,,,11.82,8.96,12.98,11.13,10.78,9.82
2025-12-16T04:43:27.638122,Recipe_C,e493d977-1289-4420-b102-87061598c92c,8,5.0,,,,11.49,8.86,12.4,8.26,11.0,8.37
2025-12-16T04:43:28.638122,Recipe_C,e493d977-1289-4420-b102-87061598c92c,8,5.0,,,,12.56,7.55,8.54,10.09,7.92,8.36
2025-12-16T04:43:29.638122,Recipe_C,e493d977-1289-4420-b102-87061598c92c,8,5.0,,,,8.23,11.88,9.34,12.24,7.81,9.69
2025-12-16T04:43:30.638122,Recipe_C,e493d977-1289-4420-b102-87061598c92c,8,5.0,,,,9.6,11.24,12.25,6.47,12.02,7.59
2025-12-16T04:43:31.638122,Recipe_C,e493d977-1289-4420-b102-87061598c92c,8,5.0,,,,11.1,8.73,8.47,9.58,10.26,10.47
2025-12-16T04:43:32.638122,Recipe_C,e493d977-1289-4420-b102-87061598c92c,8,1.0,,,,9.43,13.34,11.11,13.85,9.8,14.45
2025-12-16T04:43:33.638122,Recipe_C,e493d977-1289-4420-b102-87061598c92c,8,1.0,,,,12.22,9.5,2.94,9.77,6.65,11.2
2025-12-16T04:43:34.638122,Recipe_C,e493d977-1289-4420-b102-87061598c92c,8,1.0,,,,10.78,7.34,9.89,8.74,9.53,10.3
2025-12-16T04:43:35.638122,Recipe_C,e493d977-1289-4420-b102-87061598c92c,8,1.0,,,,9.72,13.25,8.5,12.26,10.03,10.42
2025-12-16T04:43:36.638122,Recipe_C,e493d977-1289-4420-b102-87061598c92c,8,1.0,,,,11.52,11.41,10.33,11.42,14.02,10.43
2025-12-16T04:43:37.638122,Recipe_C,e493d977-1289-4420-b102-87061598c92c,8,1.0,,,,10.14,12.44,9.34,9.46,11.33,11.13
2025-12-16T04:43:38.638122,Recipe_C,e493d977-1289-4420-b102-87061598c92c,8,1.0,,,,9.18,9.27,12.13,9.63,8.36,8.85
2025-12-16T04:43:39.638122,Recipe_C,e493d977-1289-4420-b102-87061598c92c,8,1.0,,,,6.73,14.07,11.03,10.28,9.34,12.61
2025-12-16T04:43:40.638122,Recipe_C,e493d977-1289-4420-b102-87061598c92c,8,1.0,,,,7.68,6.06,10.26,9.74,7.14,9.33
2025-12-16T04:43:41.638122,Recipe_C,e493d977-1289-4420-b102-87061598c92c,8,4.0,,,,95.65,59.51,58.09,50.81,47.11,47.33
2025-12-16T04:43:42.638122,Recipe_C,e493d977-1289-4420-b102-87061598c92c,8,0.0,,,,0.0,0.0,0.0,0.0,0.0,0.0
2025-12-16T04:43:43.638122,Recipe_C,e493d977-1289-4420-b102-87061598c92c,8,0.0,,,,0.0,0.0,0.0,0.0,0.0,0.0
2025-12-16T04:43:44.638122,Recipe_C,e493d977-1289-4420-b102-87061598c92c,8,0.0,,,,0.0,0.0,0.0,0.0,0.0,0.0
2025-12-16T04:43:45.638122,Recipe_C,e493d977-1289-4420-b102-87061598c92c,8,0.0,,,,0.0,0.0,0.0,0.0,0.0,0.0
2025-12-16T04:43:46.638122,Recipe_C,e493d977-1289-4420-b102-87061598c92c,8,0.0,,,,0.0,0.0,0.0,0.0,0.0,0.0
2025-12-16T04:43:47.638122,Recipe_C,e493d977-1289-4420-b102-87061598c92c,8,0.0,,,,0.0,0.0,0.0,0.0,0.0,0.0
2025-12-16T04:43:48.638122,Recipe_C,e493d977-1289-4420-b102-87061598c92c,8,0.0,,,,0.0,0.0,0.0,0.0,0.0,0.0
2025-12-16T04:43:49.638122,Recipe_C,e493d977-1289-4420-b102-87061598c92c,8,0.0,,,,0.0,0.0,0.0,0.0,0.0,0.0
2025-12-16T04:43:50.638122,Recipe_C,e493d977-1289-4420-b102-87061598c92c,8,0.0,,,,0.0,0.0,0.0,0.0,0.0,0.0
2025-12-16T04:43:51.638122,Recipe_C,e493d977-1289-4420-b102-87061598c92c,8,0.0,,,,0.0,0.0,0.0,0.0,0.0,0.0
2025-12-16T04:43:52.638122,Recipe_C,e493d977-1289-4420-b102-87061598c92c,8,0.0,,,,0.0,0.0,0.0,0.0,0.0,0.0
2025-12-16T04:43:53.638122,Recipe_C,e493d977-1289-4420-b102-87061598c92c,8,0.0,,,,0.0,0.0,0.0,0.0,0.0,0.0
2025-12-16T04:43:54.638122,Recipe_C,e493d977-1289-4420-b102-87061598c92c,8,0.0,,,,0.0,0.0,0.0,0.0,0.0,0.0
2025-12-16T04:43:55.638122,Recipe_C,e493d977-1289-4420-b102-87061598c92c,8,0.0,,,,0.0,0.0,0.0,0.0,0.0,0.0
2025-12-16T04:43:56.638122,Recipe_C,e493d977-1289-4420-b102-87061598c92c,8,0.0,,,,0.0,0.0,0.0,0.0,0.0,0.0
2025-12-16T04:43:57.638122,Recipe_C,e493d977-1289-4420-b102-87061598c92c,8,0.0,,,,0.0,0.0,0.0,0.0,0.0,0.0
2025-12-16T04:43:58.638122,Recipe_C,e493d977-1289-4420-b102-87061598c92c,8,0.0,,,,0.0,0.0,0.0,0.0,0.0,0.0
2025-12-16T04:43:59.638122,Recipe_C,e493d977-1289-4420-b102-87061598c92c,8,0.0,,,,0.0,0.0,0.0,0.0,0.0,0.0
2025-12-16T04:44:00.638122,Recipe_C,e493d977-1289-4420-b102-87061598c92c,8,0.0,,,,0.0,0.0,0.0,0.0,0.0,0.0
2025-12-16T04:44:01.638122,Recipe_C,e493d977-1289-4420-b102-87061598c92c,8,0.0,,,,0.0,0.0,0.0,0.0,0.0,0.0
2025-12-16T04:44:02.638122,Recipe_C,e493d977-1289-4420-b102-87061598c92c,8,0.0,,,,0.0,0.0,0.0,0.0,0.0,0.0
2025-12-16T04:44:03.638122,Recipe_C,e493d977-1289-4420-b102-87061598c92c,8,0.0,,,,0.0,0.0,0.0,0.0,0.0,0.0
2025-12-16T04:44:04.638122,Recipe_C,e493d977-1289-4420-b102-87061598c92c,8,0.0,,,,0.0,0.0,0.0,0.0,0.0,0.0
2025-12-16T04:44:05.638122,Recipe_C,e493d977-1289-4420-b102-87061598c92c,8,0.0,,,,0.0,0.0,0.0,0.0,0.0,0.0
2025-12-16T04:44:06.638122,Recipe_C,e493d977-1289-4420-b102-87061598c92c,8,0.0,,,,0.0,0.0,0.0,0.0,0.0,0.0
2025-12-16T04:44:07.638122,Recipe_C,e493d977-1289-4420-b102-87061598c92c,8,0.0,,,,0.0,0.0,0.0,0.0,0.0,0.0
2025-12-16T04:44:08.638122,Recipe_C,e493d977-1289-4420-b102-87061598c92c,8,0.0,,,,0.0,0.0,0.0,0.0,0.0,0.0
2025-12-16T04:44:09.638122,Recipe_C,e493d977-1289-4420-b102-87061598c92c,8,0.0,,,,0.0,0.0,0.0,0.0,0.0,0.0
2025-12-16T04:44:10.638122,Recipe_C,e493d977-1289-4420-b102-87061598c92c,8,1.0,,,,8.93,10.61,12.73,10.7,8.23,10.85
2025-12-16T04:44:11.638122,Recipe_C,e493d977-1289-4420-b102-87061598c92c,8,1.0,,,,12.81,9.65,13.84,7.9,11.4,12.5
2025-12-16T04:44:12.638122,Recipe_C,e493d977-1289-4420-b102-87061598c92c,8,1.0,,,,12.27,8.88,6.72,5.67,7.59,8.28
2025-12-16T04:44:13.638122,Recipe_C,e493d977-1289-4420-b102-87061598c92c,8,1.0,,,,11.66,12.36,11.46,9.29,9.85,5.82
2025-12-16T04:44:14.638122,Recipe_C,e493d977-1289-4420-b102-87061598c92c,8,1.0,,,,10.64,6.63,4.94,10.27,7.78,11.42
2025-12-16T04:44:15.638122,Recipe_C,e493d977-1289-4420-b102-87061598c92c,8,1.0,,,,8.67,8.02,8.26,6.34,8.21,12.6
2025-12-16T04:44:16.638122,Recipe_C,e493d977-1289-4420-b102-87061598c92c,8,1.0,,,,9.82,11.92,8.45,11.42,11.5,11.19
2025-12-16T04:44:17.638122,Recipe_C,e493d977-1289-4420-b102-87061598c92c,8,1.0,,,,9.83,12.53,6.8,8.52,9.5,9.37
2025-12-16T04:44:18.638122,Recipe_C,e493d977-1289-4420-b102-87061598c92c,8,1.0,,,,9.2,12.04,11.08,10.2,9.99,10.28
2025-12-16T04:44:19.638122,Recipe_C,e493d977-1289-4420-b102-87061598c92c,8,1.0,,,,6.48,11.28,8.95,10.01,12.37,10.97
2025-12-16T04:44:20.638122,Recipe_C,e493d977-1289-4420-b102-87061598c92c,8,1.0,,,,8.4,10.0,10.26,10.26,9.94,13.14
2025-12-16T04:44:21.638122,Recipe_C,e493d977-1289-4420-b102-87061598c92c,8,1.0,,,,8.03,12.72,9.97,4.18,10.03,11.65
2025-12-16T04:44:22.638122,Recipe_C,e493d977-1289-4420-b102-87061598c92c,8,1.0,,,,8.79,9.38,8.99,8.04,12.22,6.0
2025-12-16T04:44:23.638122,Recipe_C,e493d977-1289-4420-b102-87061598c92c,8,1.0,,,,12.66,11.18,8.98,9.6,9.31,5.98
2025-12-16T04:44:24.638122,Recipe_C,e493d977-1289-4420-b102-87061598c92c,8,1.0,,,,10.74,7.05,10.47,7.84,11.49,7.67
2025-12-16T04:44:25.638122,Recipe_C,e493d977-1289-4420-b102-87061598c92c,8,1.0,,,,7.55,8.5,10.11,8.8,8.27,9.38
2025-12-16T04:44:26.638122,Recipe_C,e493d977-1289-4420-b102-87061598c92c,8,5.0,,,,12.43,15.37,6.86,16.01,10.55,11.4
2025-12-16T04:44:27.638122,Recipe_C,e493d977-1289-4420-b102-87061598c92c,8,5.0,,,,12.16,9.76,11.91,9.09,9.27,8.39
2025-12-16T04:44:28.638122,Recipe_C,e493d977-1289-4420-b102-87061598c92c,8,5.0,,,,8.52,10.36,13.12,11.62,12.66,10.97
2025-12-16T04:44:29.638122,Recipe_C,e493d977-1289-4420-b102-87061598c92c,8,5.0,,,,9.81,8.86,11.07,10.5,8.35,12.39
2025-12-16T04:44:30.638122,Recipe_C,e493d977-1289-4420-b102-87061598c92c,8,5.0,,,,8.94,10.37,7.4,7.5,8.38,7.82
2025-12-16T04:44:31.638122,Recipe_C,e493d977-1289-4420-b102-87061598c92c,8,5.0,,,,8.82,9.4,11.25,8.18,13.11,10.24
2025-12-16T04:44:32.638122,Recipe_C,e493d977-1289-4420-b102-87061598c92c,8,5.0,,,,9.49,8.82,8.52,7.21,12.03,8.94
2025-12-16T04:44:33.638122,Recipe_C,e493d977-1289-4420-b102-87061598c92c,8,5.0,,,,12.03,13.54,9.01,7.57,11.21,8.2
2025-12-16T04:44:34.638122,Recipe_C,e493d977-1289-4420-b102-87061598c92c,8,5.0,,,,8.98,9.17,11.6,11.32,9.93,10.36
2025-12-16T04:44:35.638122,Recipe_C,e493d977-1289-4420-b102-87061598c92c,8,5.0,,,,8.18,8.07,9.47,9.75,8.7,9.89
2025-12-16T04:44:36.638122,Recipe_C,e493d977-1289-4420-b102-87061598c92c,8,5.0,,,,14.34,7.45,10.99,11.28,9.66,10.78
2025-12-16T04:44:37.638122,Recipe_C,e493d977-1289-4420-b102-87061598c92c,8,5.0,,,,6.87,7.77,8.4,10.7,11.5,8.03
2025-12-16T04:44:38.638122,Recipe_C,e493d977-1289-4420-b102-87061598c92c,8,5.0,,,,10.53,10.81,11.25,10.63,8.05,4.81
2025-12-16T04:44:39.638122,Recipe_C,e493d977-1289-4420-b102-87061598c92c,8,5.0,,,,11.08,9.69,9.79,7.27,10.64,10.03
2025-12-16T04:44:40.638122,Recipe_C,e493d977-1289-4420-b102-87061598c92c,8,5.0,,,,11.89,10.59,12.71,9.41,14.26,9.87
2025-12-16T04:44:41.638122,Recipe_C,e493d977-1289-4420-b102-87061598c92c,8,5.0,,,,10.88,7.92,11.08,9.52,11.16,12.32
2025-12-16T04:44:42.638122,Recipe_C,e493d977-1289-4420-b102-87061598c92c,8,5.0,,,,7.16,11.24,14.23,11.96,6.2,8.21
2025-12-16T04:44:43.638122,Recipe_C,e493d977-1289-4420-b102-87061598c92c,8,5.0,,,,8.69,8.56,12.27,9.97,5.96,7.79
2025-12-16T04:44:44.638122,Recipe_C,e493d977-1289-4420-b102-87061598c92c,8,5.0,,,,10.42,10.72,10.24,12.07,11.1,10.66
2025-12-16T04:44:45.638122,Recipe_C,e493d977-1289-4420-b102-87061598c92c,8,5.0,,,,8.72,12.93,7.4,7.96,12.73,9.07
2025-12-16T04:44:46.638122,Recipe_C,e493d977-1289-4420-b102-87061598c92c,8,5.0,,,,10.77,9.74,10.33,10.17,9.36,9.57
2025-12-16T04:44:47.638122,Recipe_C,e493d977-1289-4420-b102-87061598c92c,8,5.0,,,,9.0,10.25,9.43,9.18,6.63,8.46
2025-12-16T04:44:48.638122,Recipe_C,e493d977-1289-4420-b102-87061598c92c,8,5.0,,,,10.51,9.34,9.84,6.0,7.89,11.68
2025-12-16T04:44:49.638122,Recipe_C,e493d977-1289-4420-b102-87061598c92c,8,5.0,,,,12.84,8.05,4.69,12.01,11.57,9.57
2025-12-16T04:44:50.638122,Recipe_C,e493d977-1289-4420-b102-87061598c92c,8,5.0,,,,7.84,8.52,11.37,13.94,7.5,10.45
2025-12-16T04:44:51.638122,Recipe_C,e493d977-1289-4420-b102-87061598c92c,8,5.0,,,,8.94,8.71,10.94,8.96,9.03,7.77
2025-12-16T04:44:52.638122,Recipe_C,e493d977-1289-4420-b102-87061598c92c,8,5.0,,,,11.53,10.78,9.03,14.3,10.29,13.95
2025-12-16T04:44:53.638122,Recipe_C,e493d977-1289-4420-b102-87061598c92c,8,5.0,,,,7.67,10.76,10.53,7.4,8.49,8.67
2025-12-16T04:44:54.638122,Recipe_C,e493d977-1289-4420-b102-87061598c92c,8,5.0,,,,15.29,5.88,7.81,10.41,8.18,5.73
2025-12-16T04:44:55.638122,Recipe_C,e493d977-1289-4420-b102-87061598c92c,8,5.0,,,,9.27,11.03,9.32,9.96,7.59,10.05
2025-12-16T04:44:56.638122,Recipe_C,e493d977-1289-4420-b102-87061598c92c,8,3.0,,,,8.85,10.46,11.48,9.39,9.39,9.7
2025-12-16T04:44:57.638122,Recipe_C,e493d977-1289-4420-b102-87061598c92c,8,3.0,,,,10.91,12.24,10.27,10.32,12.22,9.93
2025-12-16T04:44:58.638122,Recipe_C,e493d977-1289-4420-b102-87061598c92c,8,3.0,,,,11.49,8.98,9.83,12.81,9.24,8.74
2025-12-16T04:44:59.638122,Recipe_C,e493d977-1289-4420-b102-87061598c92c,8,3.0,,,,13.29,11.7,7.05,8.14,12.03,10.25
2025-12-16T04:45:00.638122,Recipe_C,e493d977-1289-4420-b102-87061598c92c,8,3.0,,,,14.05,11.76,9.96,13.15,9.93,9.73
2025-12-16T04:45:01.638122,Recipe_C,e493d977-1289-4420-b102-87061598c92c,8,3.0,,,,11.02,9.26,7.19,12.59,10.25,6.46
2025-12-16T04:45:02.638122,Recipe_C,e493d977-1289-4420-b102-87061598c92c,8,3.0,,,,11.76,13.01,11.66,11.92,12.62,13.07
2025-12-16T04:45:03.638122,Recipe_C,e493d977-1289-4420-b102-87061598c92c,8,3.0,,,,9.11,9.09,7.5,8.92,7.92,11.7
2025-12-16T04:45:04.638122,Recipe_C,e493d977-1289-4420-b102-87061598c92c,8,3.0,,,,9.19,6.51,13.03,6.75,11.96,11.63
2025-12-16T04:45:05.638122,Recipe_C,e493d977-1289-4420-b102-87061598c92c,8,3.0,,,,10.65,11.79,9.12,10.33,7.91,11.38
2025-12-16T04:45:06.638122,Recipe_C,e493d977-1289-4420-b102-87061598c92c,8,3.0,,,,11.98,7.78,9.15,10.13,8.76,11.68
2025-12-16T04:45:07.638122,Recipe_C,e493d977-1289-4420-b102-87061598c92c,8,3.0,,,,9.29,8.86,6.79,9.35,11.2,7.22
2025-12-16T04:45:08.638122,Recipe_C,e493d977-1289-4420-b102-87061598c92c,8,3.0,,,,13.64,9.87,8.3,8.71,14.49,7.95
2025-12-16T04:45:09.638122,Recipe_C,e493d977-1289-4420-b102-87061598c92c,8,3.0,,,,12.39,9.69,10.03,11.2,8.87,8.59
2025-12-16T04:45:10.638122,Recipe_C,e493d977-1289-4420-b102-87061598c92c,8,3.0,,,,9.12,12.75,11.78,6.69,12.49,11.15
2025-12-16T04:45:11.638122,Recipe_C,e493d977-1289-4420-b102-87061598c92c,8,3.0,,,,8.93,7.89,11.36,8.14,14.79,13.79
2025-12-16T04:45:12.638122,Recipe_C,e493d977-1289-4420-b102-87061598c92c,8,3.0,,,,11.53,12.03,6.87,10.65,8.58,8.46
2025-12-16T04:45:13.638122,Recipe_C,e493d977-1289-4420-b102-87061598c92c,8,3.0,,,,9.77,10.73,10.4,10.15,11.82,11.54
2025-12-16T04:45:14.638122,Recipe_C,e493d977-1289-4420-b102-87061598c92c,8,3.0,,,,8.45,6.36,11.37,12.48,6.82,9.52
2025-12-16T04:45:15.638122,Recipe_C,e493d977-1289-4420-b102-87061598c92c,8,3.0,,,,12.3,13.12,10.35,10.41,7.64,13.25
2025-12-16T04:45:16.638122,Recipe_C,e493d977-1289-4420-b102-87061598c92c,8,3.0,,,,6.71,8.99,11.54,8.78,5.11,9.07
2025-12-16T04:45:17.638122,Recipe_C,e493d977-1289-4420-b102-87061598c92c,8,3.0,,,,8.35,14.39,11.26,9.77,9.74,8.66
2025-12-16T04:45:18.638122,Recipe_C,e493d977-1289-4420-b102-87061598c92c,8,3.0,,,,10.75,10.15,9.73,12.07,11.04,11.86
2025-12-16T04:45:19.638122,Recipe_C,e493d977-1289-4420-b102-87061598c92c,8,3.0,,,,10.45,11.95,11.6,12.6,9.44,10.31
2025-12-16T04:45:20.638122,Recipe_C,e493d977-1289-4420-b102-87061598c92c,8,3.0,,,,8.81,11.73,8.33,7.9,12.99,11.0
2025-12-16T04:45:21.638122,Recipe_C,e493d977-1289-4420-b102-87061598c92c,8,3.0,,,,10.27,9.29,10.31,7.12,11.61,11.7
2025-12-16T04:45:22.638122,Recipe_C,e493d977-1289-4420-b102-87061598c92c,8,3.0,,,,8.53,10.19,9.84,8.8,8.79,8.89
2025-12-16T04:45:23.638122,Recipe_C,e493d977-1289-4420-b102-87061598c92c,8,3.0,,,,12.8,11.35,10.74,12.46,11.52,13.36
2025-12-16T04:45:24.638122,Recipe_C,e493d977-1289-4420-b102-87061598c92c,8,3.0,,,,9.69,9.96,7.74,10.98,11.81,12.31
2025-12-16T04:45:25.638122,Recipe_C,e493d977-1289-4420-b102-87061598c92c,8,3.0,,,,7.99,8.8,9.08,4.67,11.8,8.7
2025-12-16T04:45:26.638122,Recipe_C,e493d977-1289-4420-b102-87061598c92c,8,3.0,,,,7.37,10.59,9.33,7.96,11.83,7.18
2025-12-16T04:45:27.638122,Recipe_C,e493d977-1289-4420-b102-87061598c92c,8,3.0,,,,10.72,9.93,8.45,10.24,12.74,14.23
2025-12-16T04:45:28.638122,Recipe_C,e493d977-1289-4420-b102-87061598c92c,8,3.0,,,,8.79,11.55,7.44,11.34,9.96,9.21
2025-12-16T04:45:29.638122,Recipe_C,e493d977-1289-4420-b102-87061598c92c,8,3.0,,,,9.7,11.16,6.96,8.73,10.48,11.28
2025-12-16T04:45:30.638122,Recipe_C,e493d977-1289-4420-b102-87061598c92c,8,3.0,,,,6.6,7.89,6.88,5.01,9.43,11.22
2025-12-16T04:45:31.638122,Recipe_C,e493d977-1289-4420-b102-87061598c92c,8,3.0,,,,6.12,9.37,15.0,7.32,8.57,12.23
2025-12-16T04:45:32.638122,Recipe_C,e493d977-1289-4420-b102-87061598c92c,8,3.0,,,,10.31,8.04,11.09,8.42,11.34,9.1
2025-12-16T04:45:33.638122,Recipe_C,e493d977-1289-4420-b102-87061598c92c,8,3.0,,,,8.09,14.53,9.93,5.99,9.74,11.04
2025-12-16T04:45:34.638122,Recipe_C,e493d977-1289-4420-b102-87061598c92c,8,3.0,,,,5.65,11.79,14.83,13.36,7.59,11.69
2025-12-16T04:45:35.638122,Recipe_C,e493d977-1289-4420-b102-87061598c92c,8,3.0,,,,9.72,9.71,9.85,12.07,6.67,10.61
2025-12-16T04:45:36.638122,Recipe_C,e493d977-1289-4420-b102-87061598c92c,8,3.0,,,,8.1,9.62,13.05,11.62,9.46,7.55
2025-12-16T04:45:37.638122,Recipe_C,e493d977-1289-4420-b102-87061598c92c,8,3.0,,,,10.71,12.08,7.2,10.11,12.01,8.03
2025-12-16T04:45:38.638122,Recipe_C,e493d977-1289-4420-b102-87061598c92c,8,3.0,,,,5.68,10.64,13.19,8.34,8.79,6.09
2025-12-16T04:45:39.638122,Recipe_C,e493d977-1289-4420-b102-87061598c92c,8,3.0,,,,7.31,8.16,9.79,13.76,5.17,4.2
2025-12-16T04:45:40.638122,Recipe_C,e493d977-1289-4420-b102-87061598c92c,8,3.0,,,,9.32,6.61,10.01,10.02,10.25,11.9
2025-12-16T04:45:41.638122,Recipe_C,e493d977-1289-4420-b102-87061598c92c,8,3.0,,,,9.36,13.8,9.97,10.15,7.94,11.41
2025-12-16T04:45:42.638122,Recipe_C,e493d977-1289-4420-b102-87061598c92c,8,3.0,,,,7.03,11.68,10.34,10.51,10.25,12.69
2025-12-16T04:45:43.638122,Recipe_C,e493d977-1289-4420-b102-87061598c92c,8,3.0,,,,9.96,11.03,9.57,11.51,5.53,9.23
2025-12-16T04:45:44.638122,Recipe_C,e493d977-1289-4420-b102-87061598c92c,8,3.0,,,,11.42,8.41,9.98,6.63,10.19,9.55
2025-12-16T04:45:45.638122,Recipe_C,e493d977-1289-4420-b102-87061598c92c,8,3.0,,,,8.0,11.32,10.05,10.88,8.26,8.27
2025-12-16T04:45:46.638122,Recipe_C,e493d977-1289-4420-b102-87061598c92c,8,3.0,,,,6.96,9.97,11.47,14.14,6.04,9.45
2025-12-16T04:45:47.638122,Recipe_C,e493d977-1289-4420-b102-87061598c92c,8,3.0,,,,8.31,7.41,13.89,8.23,7.12,8.15
2025-12-16T04:45:48.638122,Recipe_C,e493d977-1289-4420-b102-87061598c92c,8,3.0,,,,9.34,13.11,7.7,10.46,10.35,8.19
2025-12-16T04:45:49.638122,Recipe_C,e493d977-1289-4420-b102-87061598c92c,8,3.0,,,,11.17,11.89,6.7,13.71,10.18,11.61
2025-12-16T04:45:50.638122,Recipe_C,e493d977-1289-4420-b102-87061598c92c,8,3.0,,,,12.92,9.55,9.36,11.07,11.4,11.15
2025-12-16T04:45:51.638122,Recipe_C,e493d977-1289-4420-b102-87061598c92c,8,3.0,,,,11.99,8.37,11.99,9.74,10.9,9.1
2025-12-16T04:45:52.638122,Recipe_C,e493d977-1289-4420-b102-87061598c92c,8,3.0,,,,12.84,12.88,10.94,8.56,6.83,11.05
2025-12-16T04:45:53.638122,Recipe_C,e493d977-1289-4420-b102-87061598c92c,8,3.0,,,,10.18,9.62,9.64,7.81,11.03,7.39
2025-12-16T04:45:54.638122,Recipe_C,e493d977-1289-4420-b102-87061598c92c,8,3.0,,,,10.35,9.6,9.62,10.91,10.92,10.48
2025-12-16T04:45:55.638122,Recipe_C,e493d977-1289-4420-b102-87061598c92c,8,3.0,,,,10.7,10.36,9.18,9.95,11.47,12.25
2025-12-16T04:45:56.638122,Recipe_C,e493d977-1289-4420-b102-87061598c92c,8,3.0,,,,9.33,7.34,9.87,11.0,9.02,14.53
2025-12-16T04:45:57.638122,Recipe_C,e493d977-1289-4420-b102-87061598c92c,8,3.0,,,,9.31,11.23,12.44,10.08,10.73,11.37
2025-12-16T04:45:58.638122,Recipe_C,e493d977-1289-4420-b102-87061598c92c,8,3.0,,,,11.33,10.48,7.82,7.43,10.9,8.36
2025-12-16T04:45:59.638122,Recipe_C,e493d977-1289-4420-b102-87061598c92c,8,3.0,,,,7.91,9.83,7.15,10.23,8.85,8.96
2025-12-16T04:46:00.638122,Recipe_C,e493d977-1289-4420-b102-87061598c92c,8,3.0,,,,8.56,8.92,10.05,10.18,10.35,11.28
2025-12-16T04:46:01.638122,Recipe_C,e493d977-1289-4420-b102-87061598c92c,8,3.0,,,,10.4,12.54,13.79,12.07,14.83,5.25
2025-12-16T04:46:02.638122,Recipe_C,e493d977-1289-4420-b102-87061598c92c,8,3.0,,,,7.7,11.1,8.04,9.22,10.84,8.42
2025-12-16T04:46:03.638122,Recipe_C,e493d977-1289-4420-b102-87061598c92c,8,3.0,,,,12.65,7.62,11.17,8.95,9.82,10.54
2025-12-16T04:46:04.638122,Recipe_C,e493d977-1289-4420-b102-87061598c92c,8,3.0,,,,8.53,13.53,10.88,10.16,13.51,11.73
2025-12-16T04:46:05.638122,Recipe_C,e493d977-1289-4420-b102-87061598c92c,8,3.0,,,,6.19,10.14,14.66,11.97,7.17,10.56
2025-12-16T04:46:06.638122,Recipe_C,e493d977-1289-4420-b102-87061598c92c,8,3.0,,,,10.22,7.79,9.54,12.13,8.51,7.43
2025-12-16T04:46:07.638122,Recipe_C,e493d977-1289-4420-b102-87061598c92c,8,3.0,,,,8.18,8.9,12.24,6.27,10.83,8.47
2025-12-16T04:46:08.638122,Recipe_C,e493d977-1289-4420-b102-87061598c92c,8,3.0,,,,11.18,8.13,10.9,6.97,10.76,10.34
2025-12-16T04:46:09.638122,Recipe_C,e493d977-1289-4420-b102-87061598c92c,8,3.0,,,,13.9,7.14,9.89,10.46,9.34,6.57
2025-12-16T04:46:09.638122,Recipe_C,e493d977-1289-4420-b102-87061598c92c,8,3.0,Warning_4,Simulated Warning occurred,Warning,,,,,,
2025-12-16T04:46:10.638122,Recipe_C,e493d977-1289-4420-b102-87061598c92c,8,3.0,,,,8.96,8.39,7.21,10.18,11.4,12.85
2025-12-16T04:46:11.638122,Recipe_C,e493d977-1289-4420-b102-87061598c92c,8,3.0,,,,12.19,14.23,9.32,12.9,7.1,14.46
2025-12-16T04:46:12.638122,Recipe_C,e493d977-1289-4420-b102-87061598c92c,8,3.0,,,,12.57,10.05,10.95,7.29,11.34,8.75
2025-12-16T04:46:13.638122,Recipe_C,e493d977-1289-4420-b102-87061598c92c,8,3.0,,,,11.8,6.22,9.78,9.43,9.02,8.32
2025-12-16T04:46:14.638122,Recipe_C,e493d977-1289-4420-b102-87061598c92c,8,3.0,,,,8.76,8.44,8.79,11.38,9.74,10.32
2025-12-16T04:46:15.638122,Recipe_C,e493d977-1289-4420-b102-87061598c92c,8,3.0,,,,7.48,9.05,12.8,8.59,9.19,9.56
2025-12-16T04:46:16.638122,Recipe_C,e493d977-1289-4420-b102-87061598c92c,8,3.0,,,,14.02,11.33,10.37,6.47,9.7,9.4
2025-12-16T04:46:17.638122,Recipe_C,e493d977-1289-4420-b102-87061598c92c,8,3.0,,,,11.07,6.45,10.69,10.07,10.12,8.31
2025-12-16T04:46:18.638122,Recipe_C,e493d977-1289-4420-b102-87061598c92c,8,3.0,,,,11.58,10.78,9.28,15.45,10.32,11.84
2025-12-16T04:46:19.638122,Recipe_C,e493d977-1289-4420-b102-87061598c92c,8,3.0,,,,8.73,10.66,6.36,12.59,9.8,6.39
2025-12-16T04:46:20.638122,Recipe_C,e493d977-1289-4420-b102-87061598c92c,8,3.0,,,,9.53,11.14,11.16,9.61,8.66,9.12
2025-12-16T04:46:21.638122,Recipe_C,e493d977-1289-4420-b102-87061598c92c,8,3.0,,,,13.52,12.43,8.25,8.28,9.78,10.14
2025-12-16T04:46:22.638122,Recipe_C,e493d977-1289-4420-b102-87061598c92c,8,3.0,,,,9.86,9.51,13.24,11.62,15.67,8.93
2025-12-16T04:46:23.638122,Recipe_C,e493d977-1289-4420-b102-87061598c92c,8,3.0,,,,10.57,8.42,9.79,10.11,13.62,7.64
2025-12-16T04:46:24.638122,Recipe_C,e493d977-1289-4420-b102-87061598c92c,8,3.0,,,,9.29,8.34,10.85,8.81,10.42,13.06
2025-12-16T04:46:25.638122,Recipe_C,e493d977-1289-4420-b102-87061598c92c,8,3.0,,,,11.23,10.38,6.91,10.88,8.19,8.79
2025-12-16T04:46:26.638122,Recipe_C,e493d977-1289-4420-b102-87061598c92c,8,3.0,,,,11.45,12.12,12.42,10.71,10.54,9.16
2025-12-16T04:46:27.638122,Recipe_C,e493d977-1289-4420-b102-87061598c92c,8,3.0,,,,8.8,10.45,11.94,10.03,8.69,8.74
2025-12-16T04:46:28.638122,Recipe_C,e493d977-1289-4420-b102-87061598c92c,8,4.0,,,,94.26,51.13,57.68,47.24,49.56,38.4
2025-12-16T04:46:29.638122,Recipe_C,e493d977-1289-4420-b102-87061598c92c,8,4.0,,,,99.1,46.14,62.11,45.58,48.58,46.66
2025-12-16T04:46:30.638122,Recipe_C,e493d977-1289-4420-b102-87061598c92c,8,4.0,,,,102.83,58.45,48.42,53.87,57.61,55.6
2025-12-16T04:46:31.638122,Recipe_C,e493d977-1289-4420-b102-87061598c92c,8,4.0,,,,102.08,53.94,51.11,50.4,44.59,47.04
2025-12-16T04:46:32.638122,Recipe_C,e493d977-1289-4420-b102-87061598c92c,8,4.0,,,,90.77,55.77,45.26,45.4,56.96,46.81
2025-12-16T04:46:33.638122,Recipe_C,e493d977-1289-4420-b102-87061598c92c,8,4.0,,,,90.32,53.09,37.68,53.89,49.41,46.19
2025-12-16T04:46:34.638122,Recipe_C,e493d977-1289-4420-b102-87061598c92c,8,4.0,,,,104.34,42.37,50.25,58.82,53.58,63.91
2025-12-16T04:46:35.638122,Recipe_C,e493d977-1289-4420-b102-87061598c92c,8,4.0,,,,95.77,58.03,56.3,52.07,49.55,48.87
2025-12-16T04:46:36.638122,Recipe_C,e493d977-1289-4420-b102-87061598c92c,8,4.0,,,,105.28,47.37,49.48,54.2,47.98,46.9
2025-12-16T04:46:37.638122,Recipe_C,e493d977-1289-4420-b102-87061598c92c,8,4.0,,,,107.98,53.01,44.7,47.39,51.6,53.67
2025-12-16T04:46:38.638122,Recipe_C,e493d977-1289-4420-b102-87061598c92c,8,4.0,,,,99.97,56.01,47.61,56.03,50.48,49.22
2025-12-16T04:46:39.638122,Recipe_C,e493d977-1289-4420-b102-87061598c92c,8,4.0,,,,102.34,52.3,43.35,45.7,48.26,48.75
2025-12-16T04:46:40.638122,Recipe_C,e493d977-1289-4420-b102-87061598c92c,8,4.0,,,,110.73,51.15,51.39,49.63,52.56,49.72
2025-12-16T04:46:41.638122,Recipe_C,e493d977-1289-4420-b102-87061598c92c,8,4.0,,,,106.4,51.79,46.14,55.31,51.65,43.96
2025-12-16T04:46:42.638122,Recipe_C,e493d977-1289-4420-b102-87061598c92c,8,4.0,,,,97.46,47.55,45.98,44.03,41.93,54.81
2025-12-16T04:46:43.638122,Recipe_C,e493d977-1289-4420-b102-87061598c92c,8,4.0,,,,97.0,56.62,46.14,50.1,47.08,48.8
2025-12-16T04:46:44.638122,Recipe_C,e493d977-1289-4420-b102-87061598c92c,8,4.0,,,,106.49,46.03,56.09,51.79,48.87,49.0
2025-12-16T04:46:45.638122,Recipe_C,e493d977-1289-4420-b102-87061598c92c,8,4.0,,,,101.16,58.35,45.86,52.3,50.54,60.72
2025-12-16T04:46:46.638122,Recipe_C,e493d977-1289-4420-b102-87061598c92c,8,4.0,,,,86.76,44.2,55.1,45.84,53.83,47.62
2025-12-16T04:46:47.638122,Recipe_C,e493d977-1289-4420-b102-87061598c92c,8,4.0,,,,103.47,44.68,51.67,54.06,54.51,53.99
2025-12-16T04:46:48.638122,Recipe_C,e493d977-1289-4420-b102-87061598c92c,8,4.0,,,,96.3,52.76,44.61,55.0,51.69,46.49
2025-12-16T04:46:49.638122,Recipe_C,e493d977-1289-4420-b102-87061598c92c,8,4.0,,,,94.31,59.09,46.46,40.37,45.8,49.39
2025-12-16T04:46:50.638122,Recipe_C,e493d977-1289-4420-b102-87061598c92c,8,4.0,,,,112.72,52.27,53.3,55.2,49.57,47.57
2025-12-16T04:46:51.638122,Recipe_C,e493d977-1289-4420-b102-87061598c92c,8,4.0,,,,109.58,51.08,50.83,46.92,52.1,38.85
2025-12-16T04:46:52.638122,Recipe_C,e493d977-1289-4420-b102-87061598c92c,8,4.0,,,,96.93,56.19,49.52,50.54,50.45,51.0
2025-12-16T04:46:53.638122,Recipe_C,e493d977-1289-4420-b102-87061598c92c,8,4.0,,,,96.35,43.49,46.01,43.5,47.7,46.73
2025-12-16T04:46:54.638122,Recipe_C,e493d977-1289-4420-b102-87061598c92c,8,4.0,,,,98.7,40.22,58.85,52.32,52.51,44.42
2025-12-16T04:46:55.638122,Recipe_C,e493d977-1289-4420-b102-87061598c92c,8,4.0,,,,92.0,53.39,56.08,44.58,46.28,52.05
2025-12-16T04:46:56.638122,Recipe_C,e493d977-1289-4420-b102-87061598c92c,8,4.0,,,,103.31,45.05,54.26,54.75,47.09,54.7
2025-12-16T04:46:57.638122,Recipe_C,e493d977-1289-4420-b102-87061598c92c,8,4.0,,,,100.03,45.03,49.7,50.1,51.9,50.83
2025-12-16T04:46:58.638122,Recipe_C,e493d977-1289-4420-b102-87061598c92c,8,4.0,,,,99.65,47.2,46.18,52.99,61.73,47.38
2025-12-16T04:46:59.638122,Recipe_C,e493d977-1289-4420-b102-87061598c92c,8,4.0,,,,106.06,50.27,45.81,49.01,55.74,53.63
2025-12-16T04:47:00.638122,Recipe_C,e493d977-1289-4420-b102-87061598c92c,8,4.0,,,,97.77,58.71,45.3,49.85,46.86,50.64
2025-12-16T04:47:01.638122,Recipe_C,e493d977-1289-4420-b102-87061598c92c,8,1.0,,,,7.6,10.96,8.33,11.28,8.21,12.3
2025-12-16T04:47:02.638122,Recipe_C,e493d977-1289-4420-b102-87061598c92c,8,1.0,,,,8.25,9.26,9.63,9.82,8.32,10.41
2025-12-16T04:47:03.638122,Recipe_C,e493d977-1289-4420-b102-87061598c92c,8,1.0,,,,10.42,8.74,11.78,14.39,7.79,10.9
2025-12-16T04:47:04.638122,Recipe_C,e493d977-1289-4420-b102-87061598c92c,8,1.0,,,,8.81,11.79,8.64,14.76,5.58,10.75
2025-12-16T04:47:05.638122,Recipe_C,e493d977-1289-4420-b102-87061598c92c,8,1.0,,,,14.28,11.54,5.84,13.32,9.82,6.89
2025-12-16T04:47:06.638122,Recipe_C,e493d977-1289-4420-b102-87061598c92c,8,1.0,,,,11.01,7.34,10.21,11.43,8.12,8.77
2025-12-16T04:47:07.638122,Recipe_C,e493d977-1289-4420-b102-87061598c92c,8,1.0,,,,9.61,11.51,6.38,7.67,9.74,12.0
2025-12-16T04:47:08.638122,Recipe_C,e493d977-1289-4420-b102-87061598c92c,8,1.0,,,,10.43,9.39,11.73,9.79,4.71,10.14
2025-12-16T04:47:09.638122,Recipe_C,e493d977-1289-4420-b102-87061598c92c,8,1.0,,,,8.65,7.2,11.93,8.77,4.75,9.09
2025-12-16T04:47:10.638122,Recipe_C,e493d977-1289-4420-b102-87061598c92c,8,1.0,,,,11.14,8.74,12.78,8.07,11.75,10.16
2025-12-16T04:47:11.638122,Recipe_C,e493d977-1289-4420-b102-87061598c92c,8,1.0,,,,11.01,8.92,11.48,8.55,8.87,9.41
2025-12-16T04:47:12.638122,Recipe_C,e493d977-1289-4420-b102-87061598c92c,8,1.0,,,,7.91,13.51,9.95,13.22,6.78,9.36
2025-12-16T04:47:13.638122,Recipe_C,e493d977-1289-4420-b102-87061598c92c,8,0.0,,,,0.0,0.0,0.0,0.0,0.0,0.0
2025-12-16T04:47:14.638122,Recipe_C,e493d977-1289-4420-b102-87061598c92c,8,0.0,,,,0.0,0.0,0.0,0.0,0.0,0.0
2025-12-16T04:47:15.638122,Recipe_C,e493d977-1289-4420-b102-87061598c92c,8,0.0,,,,0.0,0.0,0.0,0.0,0.0,0.0
2025-12-16T04:47:16.638122,Recipe_C,e493d977-1289-4420-b102-87061598c92c,8,0.0,,,,0.0,0.0,0.0,0.0,0.0,0.0
2025-12-16T04:47:17.638122,Recipe_C,e493d977-1289-4420-b102-87061598c92c,8,0.0,,,,0.0,0.0,0.0,0.0,0.0,0.0
2025-12-16T04:47:18.638122,Recipe_C,e493d977-1289-4420-b102-87061598c92c,8,0.0,,,,0.0,0.0,0.0,0.0,0.0,0.0
2025-12-16T04:47:19.638122,Recipe_C,e493d977-1289-4420-b102-87061598c92c,8,0.0,,,,0.0,0.0,0.0,0.0,0.0,0.0
2025-12-16T04:47:20.638122,Recipe_C,e493d977-1289-4420-b102-87061598c92c,8,0.0,,,,0.0,0.0,0.0,0.0,0.0,0.0
2025-12-16T04:47:21.638122,Recipe_C,e493d977-1289-4420-b102-87061598c92c,8,0.0,,,,0.0,0.0,0.0,0.0,0.0,0.0
2025-12-16T04:47:22.638122,Recipe_C,e493d977-1289-4420-b102-87061598c92c,8,0.0,,,,0.0,0.0,0.0,0.0,0.0,0.0
2025-12-16T04:47:23.638122,Recipe_C,e493d977-1289-4420-b102-87061598c92c,8,0.0,,,,0.0,0.0,0.0,0.0,0.0,0.0
2025-12-16T04:47:24.638122,Recipe_C,e493d977-1289-4420-b102-87061598c92c,8,0.0,,,,0.0,0.0,0.0,0.0,0.0,0.0
2025-12-16T04:47:25.638122,Recipe_C,e493d977-1289-4420-b102-87061598c92c,8,0.0,,,,0.0,0.0,0.0,0.0,0.0,0.0
2025-12-16T04:47:26.638122,Recipe_C,e493d977-1289-4420-b102-87061598c92c,8,0.0,,,,0.0,0.0,0.0,0.0,0.0,0.0
2025-12-16T04:47:26.638122,Recipe_C,e493d977-1289-4420-b102-87061598c92c,8,0.0,Warning_8,Simulated Warning occurred,Warning,,,,,,
2025-12-16T04:47:27.638122,Recipe_C,e493d977-1289-4420-b102-87061598c92c,8,0.0,,,,0.0,0.0,0.0,0.0,0.0,0.0
2025-12-16T04:47:28.638122,Recipe_C,e493d977-1289-4420-b102-87061598c92c,8,0.0,,,,0.0,0.0,0.0,0.0,0.0,0.0
2025-12-16T04:47:29.638122,Recipe_C,e493d977-1289-4420-b102-87061598c92c,8,0.0,,,,0.0,0.0,0.0,0.0,0.0,0.0
2025-12-16T04:47:30.638122,Recipe_C,e493d977-1289-4420-b102-87061598c92c,8,0.0,,,,0.0,0.0,0.0,0.0,0.0,0.0
2025-12-16T04:47:31.638122,Recipe_C,e493d977-1289-4420-b102-87061598c92c,8,0.0,,,,0.0,0.0,0.0,0.0,0.0,0.0
2025-12-16T04:47:32.638122,Recipe_C,e493d977-1289-4420-b102-87061598c92c,8,0.0,,,,0.0,0.0,0.0,0.0,0.0,0.0
2025-12-16T04:47:33.638122,Recipe_C,e493d977-1289-4420-b102-87061598c92c,8,0.0,,,,0.0,0.0,0.0,0.0,0.0,0.0
2025-12-16T04:47:34.638122,Recipe_C,e493d977-1289-4420-b102-87061598c92c,8,0.0,,,,0.0,0.0,0.0,0.0,0.0,0.0
2025-12-16T04:47:35.638122,Recipe_C,e493d977-1289-4420-b102-87061598c92c,8,0.0,,,,0.0,0.0,0.0,0.0,0.0,0.0
2025-12-16T04:47:36.638122,Recipe_C,e493d977-1289-4420-b102-87061598c92c,8,0.0,,,,0.0,0.0,0.0,0.0,0.0,0.0
2025-12-16T04:47:37.638122,Recipe_C,e493d977-1289-4420-b102-87061598c92c,8,0.0,,,,0.0,0.0,0.0,0.0,0.0,0.0
2025-12-16T04:47:38.638122,Recipe_C,e493d977-1289-4420-b102-87061598c92c,8,0.0,,,,0.0,0.0,0.0,0.0,0.0,0.0
2025-12-16T04:47:39.638122,Recipe_C,e493d977-1289-4420-b102-87061598c92c,8,0.0,,,,0.0,0.0,0.0,0.0,0.0,0.0
2025-12-16T04:47:40.638122,Recipe_C,e493d977-1289-4420-b102-87061598c92c,8,0.0,,,,0.0,0.0,0.0,0.0,0.0,0.0
2025-12-16T04:47:41.638122,Recipe_C,e493d977-1289-4420-b102-87061598c92c,8,0.0,,,,0.0,0.0,0.0,0.0,0.0,0.0
2025-12-16T04:47:42.638122,Recipe_C,e493d977-1289-4420-b102-87061598c92c,8,0.0,,,,0.0,0.0,0.0,0.0,0.0,0.0
2025-12-16T04:47:43.638122,Recipe_C,e493d977-1289-4420-b102-87061598c92c,8,0.0,,,,0.0,0.0,0.0,0.0,0.0,0.0
2025-12-16T04:47:44.638122,Recipe_C,e493d977-1289-4420-b102-87061598c92c,8,0.0,,,,0.0,0.0,0.0,0.0,0.0,0.0
2025-12-16T04:47:45.638122,Recipe_C,e493d977-1289-4420-b102-87061598c92c,8,0.0,,,,0.0,0.0,0.0,0.0,0.0,0.0
2025-12-16T04:47:46.638122,Recipe_C,e493d977-1289-4420-b102-87061598c92c,8,0.0,,,,0.0,0.0,0.0,0.0,0.0,0.0
2025-12-16T04:47:47.638122,Recipe_C,e493d977-1289-4420-b102-87061598c92c,8,0.0,,,,0.0,0.0,0.0,0.0,0.0,0.0
2025-12-16T04:47:48.638122,Recipe_C,e493d977-1289-4420-b102-87061598c92c,8,5.0,,,,10.51,7.63,6.31,14.25,8.59,11.08
2025-12-16T04:47:49.638122,Recipe_C,e493d977-1289-4420-b102-87061598c92c,8,5.0,,,,8.37,13.38,11.17,9.31,11.91,11.05
2025-12-16T04:47:50.638122,Recipe_C,e493d977-1289-4420-b102-87061598c92c,8,5.0,,,,11.24,10.44,9.82,12.26,11.09,8.69
2025-12-16T04:47:51.638122,Recipe_C,e493d977-1289-4420-b102-87061598c92c,8,5.0,,,,10.5,10.64,9.25,10.1,13.95,11.17
2025-12-16T04:47:52.638122,Recipe_C,e493d977-1289-4420-b102-87061598c92c,8,5.0,,,,8.98,8.93,9.0,7.74,9.39,8.23
2025-12-16T04:47:53.638122,Recipe_C,e493d977-1289-4420-b102-87061598c92c,8,5.0,,,,7.58,9.04,6.31,10.36,11.71,11.12
2025-12-16T04:47:54.638122,Recipe_C,e493d977-1289-4420-b102-87061598c92c,8,5.0,,,,9.87,10.65,8.14,12.23,11.11,10.83
2025-12-16T04:47:55.638122,Recipe_C,e493d977-1289-4420-b102-87061598c92c,8,5.0,,,,10.72,8.74,8.17,8.2,6.24,6.29
2025-12-16T04:47:56.638122,Recipe_C,e493d977-1289-4420-b102-87061598c92c,8,5.0,,,,10.17,9.13,5.81,9.2,5.44,7.12
2025-12-16T04:47:57.638122,Recipe_C,e493d977-1289-4420-b102-87061598c92c,8,5.0,,,,10.24,11.12,11.57,12.58,4.39,8.27
2025-12-16T04:47:58.638122,Recipe_C,e493d977-1289-4420-b102-87061598c92c,8,3.0,,,,10.82,9.35,13.19,12.73,10.58,6.04
2025-12-16T04:47:59.638122,Recipe_C,e493d977-1289-4420-b102-87061598c92c,8,3.0,,,,10.72,7.74,9.67,10.3,6.13,5.56
2025-12-16T04:48:00.638122,Recipe_C,e493d977-1289-4420-b102-87061598c92c,8,3.0,,,,9.79,12.99,12.3,8.84,7.11,7.64
2025-12-16T04:48:01.638122,Recipe_C,e493d977-1289-4420-b102-87061598c92c,8,3.0,,,,11.87,9.96,9.42,7.58,8.2,11.72
2025-12-16T04:48:02.638122,Recipe_C,e493d977-1289-4420-b102-87061598c92c,8,3.0,,,,11.73,10.57,12.39,9.45,9.41,10.33
2025-12-16T04:48:03.638122,Recipe_C,e493d977-1289-4420-b102-87061598c92c,8,3.0,,,,9.36,9.87,8.47,5.78,13.36,9.54
2025-12-16T04:48:04.638122,Recipe_C,e493d977-1289-4420-b102-87061598c92c,8,3.0,,,,9.85,10.81,8.0,10.42,5.81,11.45
2025-12-16T04:48:05.638122,Recipe_C,e493d977-1289-4420-b102-87061598c92c,8,3.0,,,,7.73,8.78,10.69,11.35,12.39,12.0
2025-12-16T04:48:06.638122,Recipe_C,e493d977-1289-4420-b102-87061598c92c,8,3.0,,,,11.55,8.31,11.11,9.61,12.96,10.09
2025-12-16T04:48:07.638122,Recipe_C,e493d977-1289-4420-b102-87061598c92c,8,3.0,,,,14.39,10.44,9.95,8.77,9.52,8.72
2025-12-16T04:48:08.638122,Recipe_C,e493d977-1289-4420-b102-87061598c92c,8,3.0,,,,6.87,3.64,8.97,11.18,9.61,8.25
2025-12-16T04:48:09.638122,Recipe_C,e493d977-1289-4420-b102-87061598c92c,8,3.0,,,,8.73,8.91,12.34,6.89,10.11,10.59
2025-12-16T04:48:10.638122,Recipe_C,e493d977-1289-4420-b102-87061598c92c,8,3.0,,,,10.58,9.24,9.29,7.84,10.41,8.75
2025-12-16T04:48:11.638122,Recipe_C,e493d977-1289-4420-b102-87061598c92c,8,3.0,,,,12.61,8.05,11.25,15.04,9.3,10.12
2025-12-16T04:48:12.638122,Recipe_C,e493d977-1289-4420-b102-87061598c92c,8,3.0,,,,8.81,10.09,7.15,7.53,14.03,9.22
2025-12-16T04:48:13.638122,Recipe_C,e493d977-1289-4420-b102-87061598c92c,8,3.0,,,,7.74,12.01,13.31,9.46,8.31,9.91
2025-12-16T04:48:14.638122,Recipe_C,e493d977-1289-4420-b102-87061598c92c,8,3.0,,,,8.94,11.57,9.96,11.11,10.95,8.53
2025-12-16T04:48:15.638122,Recipe_C,e493d977-1289-4420-b102-87061598c92c,8,3.0,,,,8.55,9.4,11.9,9.12,10.28,3.17
2025-12-16T04:48:16.638122,Recipe_C,e493d977-1289-4420-b102-87061598c92c,8,3.0,,,,7.71,12.01,8.73,15.2,13.6,9.29
2025-12-16T04:48:17.638122,Recipe_C,e493d977-1289-4420-b102-87061598c92c,8,3.0,,,,11.77,8.01,11.36,14.32,8.64,5.67
2025-12-16T04:48:18.638122,Recipe_C,e493d977-1289-4420-b102-87061598c92c,8,3.0,,,,6.26,10.45,9.82,9.09,8.56,12.18
2025-12-16T04:48:19.638122,Recipe_C,e493d977-1289-4420-b102-87061598c92c,8,3.0,,,,12.87,10.1,9.42,13.57,9.08,10.04
2025-12-16T04:48:20.638122,Recipe_C,e493d977-1289-4420-b102-87061598c92c,8,3.0,,,,10.92,9.97,3.33,10.57,10.78,6.53
2025-12-16T04:48:21.638122,Recipe_C,e493d977-1289-4420-b102-87061598c92c,8,2.0,,,,8.1,8.41,6.89,11.68,11.99,15.38
2025-12-16T04:48:22.638122,Recipe_C,e493d977-1289-4420-b102-87061598c92c,8,2.0,,,,8.16,9.88,7.54,11.13,10.23,11.14
2025-12-16T04:48:23.638122,Recipe_C,e493d977-1289-4420-b102-87061598c92c,8,2.0,,,,8.18,7.79,8.94,9.83,10.21,13.52
2025-12-16T04:48:24.638122,Recipe_C,e493d977-1289-4420-b102-87061598c92c,8,2.0,,,,8.01,8.31,9.05,10.7,7.75,6.13
2025-12-16T04:48:25.638122,Recipe_C,e493d977-1289-4420-b102-87061598c92c,8,2.0,,,,10.34,12.48,10.11,8.65,12.96,10.7
2025-12-16T04:48:26.638122,Recipe_C,e493d977-1289-4420-b102-87061598c92c,8,2.0,,,,9.81,14.92,10.59,10.62,10.5,10.28
2025-12-16T04:48:27.638122,Recipe_C,e493d977-1289-4420-b102-87061598c92c,8,2.0,,,,10.04,7.77,9.67,11.3,11.15,8.32
2025-12-16T04:48:28.638122,Recipe_C,e493d977-1289-4420-b102-87061598c92c,8,2.0,,,,9.5,8.11,13.82,11.06,9.54,6.77
2025-12-16T04:48:29.638122,Recipe_C,e493d977-1289-4420-b102-87061598c92c,8,2.0,,,,6.9,13.3,11.38,8.19,7.02,9.16
2025-12-16T04:48:30.638122,Recipe_C,e493d977-1289-4420-b102-87061598c92c,8,2.0,,,,12.44,7.84,9.96,10.35,13.82,10.32
2025-12-16T04:48:31.638122,Recipe_C,e493d977-1289-4420-b102-87061598c92c,8,2.0,,,,7.95,12.25,11.71,9.87,13.0,13.3
2025-12-16T04:48:32.638122,Recipe_C,e493d977-1289-4420-b102-87061598c92c,8,2.0,,,,10.27,9.37,9.69,10.8,9.82,13.32
2025-12-16T04:48:33.638122,Recipe_C,e493d977-1289-4420-b102-87061598c92c,8,2.0,,,,8.72,10.43,9.84,6.98,13.33,9.97
2025-12-16T04:48:34.638122,Recipe_C,e493d977-1289-4420-b102-87061598c92c,8,2.0,,,,11.11,8.19,8.17,11.69,9.42,9.68
2025-12-16T04:48:35.638122,Recipe_C,e493d977-1289-4420-b102-87061598c92c,8,2.0,,,,9.37,8.49,4.32,11.57,12.78,8.49
2025-12-16T04:48:36.638122,Recipe_C,e493d977-1289-4420-b102-87061598c92c,8,2.0,,,,7.02,10.43,9.34,11.53,8.12,10.55
2025-12-16T04:48:37.638122,Recipe_C,e493d977-1289-4420-b102-87061598c92c,8,2.0,,,,14.15,8.59,10.11,10.78,9.81,8.38
2025-12-16T04:48:38.638122,Recipe_C,e493d977-1289-4420-b102-87061598c92c,8,2.0,,,,9.24,8.86,12.94,9.06,8.7,13.73
2025-12-16T04:48:39.638122,Recipe_C,e493d977-1289-4420-b102-87061598c92c,8,2.0,,,,11.34,8.37,9.81,8.52,11.08,9.56
2025-12-16T04:48:40.638122,Recipe_C,e493d977-1289-4420-b102-87061598c92c,8,2.0,,,,11.0,8.87,10.54,11.23,11.48,6.85
2025-12-16T04:48:41.638122,Recipe_C,e493d977-1289-4420-b102-87061598c92c,8,2.0,,,,10.04,11.17,9.59,8.47,8.47,9.89
2025-12-16T04:48:42.638122,Recipe_C,e493d977-1289-4420-b102-87061598c92c,8,2.0,,,,8.13,13.39,8.58,10.85,6.63,11.24
2025-12-16T04:48:43.638122,Recipe_C,e493d977-1289-4420-b102-87061598c92c,8,2.0,,,,10.09,10.99,9.42,9.28,9.43,11.77
2025-12-16T04:48:44.638122,Recipe_C,e493d977-1289-4420-b102-87061598c92c,8,2.0,,,,10.26,7.94,11.11,13.16,8.96,9.23
2025-12-16T04:48:45.638122,Recipe_C,e493d977-1289-4420-b102-87061598c92c,8,2.0,,,,10.18,7.1,12.78,11.23,8.82,11.93
2025-12-16T04:48:46.638122,Recipe_C,e493d977-1289-4420-b102-87061598c92c,8,2.0,,,,7.75,6.99,10.73,8.08,9.67,14.54
2025-12-16T04:48:47.638122,Recipe_C,e493d977-1289-4420-b102-87061598c92c,8,2.0,,,,10.56,10.13,10.14,6.27,8.32,8.03
2025-12-16T04:48:48.638122,Recipe_C,e493d977-1289-4420-b102-87061598c92c,8,2.0,,,,11.09,8.74,10.29,12.29,13.67,10.09
2025-12-16T04:48:49.638122,Recipe_C,e493d977-1289-4420-b102-87061598c92c,8,1.0,,,,9.82,7.03,11.21,7.95,6.97,8.69
2025-12-16T04:48:50.638122,Recipe_C,e493d977-1289-4420-b102-87061598c92c,8,0.0,,,,0.0,0.0,0.0,0.0,0.0,0.0
2025-12-16T04:48:51.638122,Recipe_C,e493d977-1289-4420-b102-87061598c92c,8,0.0,,,,0.0,0.0,0.0,0.0,0.0,0.0
2025-12-16T04:48:52.638122,Recipe_C,e493d977-1289-4420-b102-87061598c92c,8,0.0,,,,0.0,0.0,0.0,0.0,0.0,0.0
2025-12-16T04:48:53.638122,Recipe_C,e493d977-1289-4420-b102-87061598c92c,8,0.0,,,,0.0,0.0,0.0,0.0,0.0,0.0
2025-12-16T04:48:54.638122,Recipe_C,e493d977-1289-4420-b102-87061598c92c,8,0.0,,,,0.0,0.0,0.0,0.0,0.0,0.0
2025-12-16T04:48:55.638122,Recipe_C,e493d977-1289-4420-b102-87061598c92c,8,0.0,,,,0.0,0.0,0.0,0.0,0.0,0.0
2025-12-16T04:48:56.638122,Recipe_C,e493d977-1289-4420-b102-87061598c92c,8,0.0,,,,0.0,0.0,0.0,0.0,0.0,0.0
2025-12-16T04:48:57.638122,Recipe_C,e493d977-1289-4420-b102-87061598c92c,8,0.0,,,,0.0,0.0,0.0,0.0,0.0,0.0
2025-12-16T04:48:58.638122,Recipe_C,e493d977-1289-4420-b102-87061598c92c,8,0.0,,,,0.0,0.0,0.0,0.0,0.0,0.0
2025-12-16T04:48:59.638122,Recipe_C,e493d977-1289-4420-b102-87061598c92c,8,0.0,,,,0.0,0.0,0.0,0.0,0.0,0.0
2025-12-16T04:49:00.638122,Recipe_C,e493d977-1289-4420-b102-87061598c92c,8,0.0,,,,0.0,0.0,0.0,0.0,0.0,0.0
2025-12-16T04:49:01.638122,Recipe_C,e493d977-1289-4420-b102-87061598c92c,8,5.0,,,,11.23,13.18,11.21,9.32,11.53,11.38
2025-12-16T04:49:01.638122,Recipe_C,e493d977-1289-4420-b102-87061598c92c,8,5.0,Warning_1,Simulated Warning occurred,Warning,,,,,,
2025-12-16T04:49:02.638122,Recipe_C,e493d977-1289-4420-b102-87061598c92c,8,5.0,,,,11.4,10.3,11.77,11.39,10.21,8.34
2025-12-16T04:49:03.638122,Recipe_C,e493d977-1289-4420-b102-87061598c92c,8,5.0,,,,6.67,12.27,10.17,13.31,7.0,6.34
2025-12-16T04:49:04.638122,Recipe_C,e493d977-1289-4420-b102-87061598c92c,8,5.0,,,,9.68,14.88,9.01,12.41,7.41,8.53
2025-12-16T04:49:05.638122,Recipe_C,e493d977-1289-4420-b102-87061598c92c,8,5.0,,,,12.47,9.18,9.91,5.87,13.39,8.87
2025-12-16T04:49:06.638122,Recipe_C,e493d977-1289-4420-b102-87061598c92c,8,5.0,,,,9.94,12.56,11.3,7.05,7.67,12.97
2025-12-16T04:49:07.638122,Recipe_C,e493d977-1289-4420-b102-87061598c92c,8,5.0,,,,6.89,9.94,12.22,11.48,12.06,7.19
2025-12-16T04:49:08.638122,Recipe_C,e493d977-1289-4420-b102-87061598c92c,8,5.0,,,,6.07,11.41,9.66,14.11,10.26,10.4
2025-12-16T04:49:09.638122,Recipe_C,e493d977-1289-4420-b102-87061598c92c,8,5.0,,,,9.09,6.7,8.67,11.24,8.35,8.73
2025-12-16T04:49:10.638122,Recipe_C,e493d977-1289-4420-b102-87061598c92c,8,5.0,,,,13.9,10.99,11.09,8.17,8.36,10.1
2025-12-16T04:49:11.638122,Recipe_C,e493d977-1289-4420-b102-87061598c92c,8,5.0,,,,13.23,9.86,9.18,6.18,12.39,12.57
2025-12-16T04:49:12.638122,Recipe_C,e493d977-1289-4420-b102-87061598c92c,8,5.0,,,,7.78,14.75,9.89,8.65,10.46,10.23
2025-12-16T04:49:13.638122,Recipe_C,e493d977-1289-4420-b102-87061598c92c,8,5.0,,,,13.75,11.16,15.7,8.15,12.95,10.74
2025-12-16T04:49:14.638122,Recipe_C,e493d977-1289-4420-b102-87061598c92c,8,3.0,,,,9.93,11.16,12.5,11.65,10.12,6.63
2025-12-16T04:49:15.638122,Recipe_C,e493d977-1289-4420-b102-87061598c92c,8,3.0,,,,11.42,9.56,11.26,7.63,10.71,9.14
2025-12-16T04:49:16.638122,Recipe_C,e493d977-1289-4420-b102-87061598c92c,8,3.0,,,,11.06,10.39,7.54,10.43,7.56,10.55
2025-12-16T04:49:17.638122,Recipe_C,e493d977-1289-4420-b102-87061598c92c,8,3.0,,,,12.45,9.8,9.98,14.15,11.65,8.09
2025-12-16T04:49:18.638122,Recipe_C,e493d977-1289-4420-b102-87061598c92c,8,3.0,,,,12.15,12.54,6.91,7.1,12.12,7.31
2025-12-16T04:49:19.638122,Recipe_C,e493d977-1289-4420-b102-87061598c92c,8,3.0,,,,9.11,8.85,9.82,13.92,13.57,12.34
2025-12-16T04:49:20.638122,Recipe_C,e493d977-1289-4420-b102-87061598c92c,8,3.0,,,,9.37,8.61,8.51,6.82,10.4,9.43
2025-12-16T04:49:21.638122,Recipe_C,e493d977-1289-4420-b102-87061598c92c,8,3.0,,,,11.49,10.5,12.91,8.97,10.67,7.13
2025-12-16T04:49:22.638122,Recipe_C,e493d977-1289-4420-b102-87061598c92c,8,3.0,,,,12.35,9.59,7.33,11.81,12.88,10.64
2025-12-16T04:49:23.638122,Recipe_C,e493d977-1289-4420-b102-87061598c92c,8,3.0,,,,9.16,13.48,12.11,8.41,8.04,11.1
2025-12-16T04:49:24.638122,Recipe_C,e493d977-1289-4420-b102-87061598c92c,8,3.0,,,,9.14,11.51,11.35,13.27,9.84,12.15
2025-12-16T04:49:25.638122,Recipe_C,e493d977-1289-4420-b102-87061598c92c,8,3.0,,,,9.05,9.86,12.75,7.56,9.33,9.41
2025-12-16T04:49:26.638122,Recipe_C,e493d977-1289-4420-b102-87061598c92c,8,3.0,,,,11.48,9.76,9.08,13.88,8.49,8.78
2025-12-16T04:49:27.638122,Recipe_C,e493d977-1289-4420-b102-87061598c92c,8,3.0,,,,8.97,8.86,6.58,11.22,10.0,12.59
2025-12-16T04:49:28.638122,Recipe_C,e493d977-1289-4420-b102-87061598c92c,8,3.0,,,,12.95,12.66,8.12,8.31,7.26,10.59
2025-12-16T04:49:29.638122,Recipe_C,e493d977-1289-4420-b102-87061598c92c,8,3.0,,,,10.45,8.26,7.05,11.79,8.06,15.28
2025-12-16T04:49:30.638122,Recipe_C,e493d977-1289-4420-b102-87061598c92c,8,3.0,,,,11.0,6.13,12.57,8.02,10.88,10.25
2025-12-16T04:49:31.638122,Recipe_C,e493d977-1289-4420-b102-87061598c92c,8,3.0,,,,10.62,11.83,10.2,9.46,8.22,9.82
2025-12-16T04:49:32.638122,Recipe_C,e493d977-1289-4420-b102-87061598c92c,8,3.0,,,,10.9,7.97,10.45,11.4,8.85,9.11
2025-12-16T04:49:33.638122,Recipe_C,e493d977-1289-4420-b102-87061598c92c,8,3.0,,,,11.65,11.7,8.75,8.19,11.78,13.88
2025-12-16T04:49:34.638122,Recipe_C,e493d977-1289-4420-b102-87061598c92c,8,3.0,,,,11.29,9.78,9.64,13.04,11.39,10.48
2025-12-16T04:49:35.638122,Recipe_C,e493d977-1289-4420-b102-87061598c92c,8,3.0,,,,4.49,13.35,9.89,12.91,10.81,9.86
2025-12-16T04:49:36.638122,Recipe_C,e493d977-1289-4420-b102-87061598c92c,8,3.0,,,,11.55,10.89,4.32,10.38,8.61,10.1
2025-12-16T04:49:37.638122,Recipe_C,e493d977-1289-4420-b102-87061598c92c,8,3.0,,,,10.9,8.94,13.19,10.72,8.38,11.11
2025-12-16T04:49:38.638122,Recipe_C,e493d977-1289-4420-b102-87061598c92c,8,4.0,,,,94.27,47.64,45.05,52.32,50.93,47.41
2025-12-16T04:49:39.638122,Recipe_C,e493d977-1289-4420-b102-87061598c92c,8,4.0,,,,94.03,51.0,47.69,49.86,46.9,53.8
2025-12-16T04:49:40.638122,Recipe_C,e493d977-1289-4420-b102-87061598c92c,8,4.0,,,,102.41,40.64,48.79,51.12,60.56,58.36
2025-12-16T04:49:41.638122,Recipe_C,e493d977-1289-4420-b102-87061598c92c,8,4.0,,,,106.09,44.93,51.85,57.48,54.66,52.41
2025-12-16T04:49:42.638122,Recipe_C,e493d977-1289-4420-b102-87061598c92c,8,4.0,,,,109.18,52.06,53.69,54.73,49.44,55.32
2025-12-16T04:49:43.638122,Recipe_C,e493d977-1289-4420-b102-87061598c92c,8,4.0,,,,97.11,44.37,50.48,53.28,51.11,55.12
2025-12-16T04:49:44.638122,Recipe_C,e493d977-1289-4420-b102-87061598c92c,8,4.0,,,,94.41,49.38,57.27,44.59,56.09,55.16
2025-12-16T04:49:45.638122,Recipe_C,e493d977-1289-4420-b102-87061598c92c,8,4.0,,,,102.75,58.27,47.74,48.39,52.66,51.96
2025-12-16T04:49:46.638122,Recipe_C,e493d977-1289-4420-b102-87061598c92c,8,4.0,,,,98.61,35.86,62.79,45.39,46.62,48.49
2025-12-16T04:49:47.638122,Recipe_C,e493d977-1289-4420-b102-87061598c92c,8,4.0,,,,100.48,57.05,50.4,46.36,48.57,51.79
2025-12-16T04:49:48.638122,Recipe_C,e493d977-1289-4420-b102-87061598c92c,8,4.0,,,,97.15,47.99,54.93,49.24,42.0,54.0
2025-12-16T04:49:49.638122,Recipe_C,e493d977-1289-4420-b102-87061598c92c,8,4.0,,,,98.45,45.1,50.7,52.21,32.72,46.05
2025-12-16T04:49:50.638122,Recipe_C,e493d977-1289-4420-b102-87061598c92c,8,4.0,,,,97.08,52.24,45.54,48.78,47.69,35.72
2025-12-16T04:49:51.638122,Recipe_C,e493d977-1289-4420-b102-87061598c92c,8,4.0,,,,97.42,45.67,43.24,53.48,54.26,51.93
2025-12-16T04:49:52.638122,Recipe_C,e493d977-1289-4420-b102-87061598c92c,8,4.0,,,,91.77,51.49,50.99,47.1,54.05,49.9
2025-12-16T04:49:53.638122,Recipe_C,e493d977-1289-4420-b102-87061598c92c,8,4.0,,,,98.08,52.04,54.12,41.94,54.15,48.33
2025-12-16T04:49:54.638122,Recipe_C,e493d977-1289-4420-b102-87061598c92c,8,4.0,,,,102.12,43.65,49.84,56.76,47.32,50.25
2025-12-16T04:49:55.638122,Recipe_C,e493d977-1289-4420-b102-87061598c92c,8,4.0,,,,94.95,53.52,44.57,55.88,50.85,52.93
2025-12-16T04:49:56.638122,Recipe_C,e493d977-1289-4420-b102-87061598c92c,8,4.0,,,,108.07,51.67,48.62,50.27,57.51,44.96
2025-12-16T04:49:57.638122,Recipe_C,e493d977-1289-4420-b102-87061598c92c,8,4.0,,,,105.91,45.58,48.82,54.27,46.97,45.36
2025-12-16T04:49:58.638122,Recipe_C,e493d977-1289-4420-b102-87061598c92c,8,4.0,,,,96.47,54.71,53.8,40.86,53.65,53.75
2025-12-16T04:49:59.638122,Recipe_C,e493d977-1289-4420-b102-87061598c92c,8,4.0,,,,94.22,54.49,53.85,51.91,52.16,56.03
2025-12-16T04:50:00.638122,Recipe_C,e493d977-1289-4420-b102-87061598c92c,8,4.0,,,,103.72,52.87,46.67,44.9,52.03,48.71
2025-12-16T04:50:01.638122,Recipe_C,e493d977-1289-4420-b102-87061598c92c,8,4.0,,,,102.73,45.38,48.96,50.42,49.37,49.21
2025-12-16T04:50:02.638122,Recipe_C,e493d977-1289-4420-b102-87061598c92c,8,4.0,,,,101.12,49.83,56.66,52.15,48.4,47.63
2025-12-16T04:50:03.638122,Recipe_C,e493d977-1289-4420-b102-87061598c92c,8,4.0,,,,94.61,47.83,47.49,43.17,46.44,63.06
2025-12-16T04:50:04.638122,Recipe_C,e493d977-1289-4420-b102-87061598c92c,8,4.0,,,,99.8,51.75,51.84,51.48,51.01,48.97
2025-12-16T04:50:05.638122,Recipe_C,e493d977-1289-4420-b102-87061598c92c,8,2.0,,,,8.56,7.62,11.35,7.24,9.17,11.34
2025-12-16T04:50:06.638122,Recipe_C,e493d977-1289-4420-b102-87061598c92c,8,2.0,,,,11.78,9.38,10.63,9.07,8.06,7.09
2025-12-16T04:50:07.638122,Recipe_C,e493d977-1289-4420-b102-87061598c92c,8,2.0,,,,11.16,12.33,12.07,8.49,8.9,11.11
2025-12-16T04:50:08.638122,Recipe_C,e493d977-1289-4420-b102-87061598c92c,8,2.0,,,,7.54,7.81,11.6,7.54,9.53,9.52
2025-12-16T04:50:09.638122,Recipe_C,e493d977-1289-4420-b102-87061598c92c,8,2.0,,,,8.47,10.98,11.27,8.96,7.99,14.38
2025-12-16T04:50:10.638122,Recipe_C,e493d977-1289-4420-b102-87061598c92c,8,2.0,,,,9.79,4.19,7.65,10.94,11.19,8.77
2025-12-16T04:50:11.638122,Recipe_C,e493d977-1289-4420-b102-87061598c92c,8,2.0,,,,9.18,8.57,6.19,10.15,9.94,11.08
2025-12-16T04:50:12.638122,Recipe_C,e493d977-1289-4420-b102-87061598c92c,8,2.0,,,,9.95,9.03,13.29,14.37,9.02,10.91
2025-12-16T04:50:13.638122,Recipe_C,e493d977-1289-4420-b102-87061598c92c,8,2.0,,,,8.52,14.12,11.3,11.44,12.52,13.1
2025-12-16T04:50:14.638122,Recipe_C,e493d977-1289-4420-b102-87061598c92c,8,2.0,,,,12.93,9.75,9.66,8.58,10.75,6.46
2025-12-16T04:50:15.638122,Recipe_C,e493d977-1289-4420-b102-87061598c92c,8,2.0,,,,13.2,9.29,11.43,9.22,12.67,11.23
2025-12-16T04:50:16.638122,Recipe_C,e493d977-1289-4420-b102-87061598c92c,8,2.0,,,,9.82,10.84,10.55,8.09,6.3,12.62
2025-12-16T04:50:17.638122,Recipe_C,e493d977-1289-4420-b102-87061598c92c,8,2.0,,,,11.29,9.22,7.95,11.23,11.17,8.8
2025-12-16T04:50:18.638122,Recipe_C,e493d977-1289-4420-b102-87061598c92c,8,2.0,,,,10.05,10.27,8.15,12.25,9.84,11.96
2025-12-16T04:50:19.638122,Recipe_C,e493d977-1289-4420-b102-87061598c92c,8,2.0,,,,10.0,7.53,9.7,10.54,9.95,12.09
2025-12-16T04:50:20.638122,Recipe_C,e493d977-1289-4420-b102-87061598c92c,8,2.0,,,,7.49,11.87,9.79,8.59,8.92,10.11
2025-12-16T04:50:21.638122,Recipe_C,e493d977-1289-4420-b102-87061598c92c,8,2.0,,,,10.98,8.79,12.6,7.86,11.62,9.25
2025-12-16T04:50:22.638122,Recipe_C,e493d977-1289-4420-b102-87061598c92c,8,2.0,,,,10.26,11.88,13.36,12.68,11.31,12.07
2025-12-16T04:50:23.638122,Recipe_C,e493d977-1289-4420-b102-87061598c92c,8,2.0,,,,6.48,12.23,13.07,10.23,10.05,15.08
2025-12-16T04:50:24.638122,Recipe_C,e493d977-1289-4420-b102-87061598c92c,8,2.0,,,,10.81,11.94,10.14,9.5,11.7,9.11
2025-12-16T04:50:25.638122,Recipe_C,e493d977-1289-4420-b102-87061598c92c,8,2.0,,,,7.65,10.03,12.18,10.4,13.26,9.82
2025-12-16T04:50:26.638122,Recipe_C,e493d977-1289-4420-b102-87061598c92c,8,2.0,,,,8.44,12.82,10.4,9.93,4.4,9.76
2025-12-16T04:50:27.638122,Recipe_C,e493d977-1289-4420-b102-87061598c92c,8,2.0,,,,14.82,10.95,13.39,9.74,11.53,11.91
2025-12-16T04:50:28.638122,Recipe_C,e493d977-1289-4420-b102-87061598c92c,8,2.0,,,,9.85,7.48,9.45,13.23,7.45,8.96
2025-12-16T04:50:29.638122,Recipe_C,e493d977-1289-4420-b102-87061598c92c,8,2.0,,,,11.2,9.51,11.16,10.62,8.04,12.08
2025-12-16T04:50:30.638122,Recipe_C,e493d977-1289-4420-b102-87061598c92c,8,2.0,,,,9.8,10.01,9.89,10.29,5.71,10.9
2025-12-16T04:50:31.638122,Recipe_C,e493d977-1289-4420-b102-87061598c92c,8,3.0,,,,7.1,8.37,12.8,14.71,9.55,7.28
2025-12-16T04:50:32.638122,Recipe_C,e493d977-1289-4420-b102-87061598c92c,8,3.0,,,,12.18,9.77,11.34,12.36,15.97,8.67
2025-12-16T04:50:33.638122,Recipe_C,e493d977-1289-4420-b102-87061598c92c,8,3.0,,,,10.44,7.13,8.49,13.69,5.81,11.62
2025-12-16T04:50:34.638122,Recipe_C,e493d977-1289-4420-b102-87061598c92c,8,3.0,,,,10.28,10.65,10.02,14.23,12.27,10.17
2025-12-16T04:50:35.638122,Recipe_C,e493d977-1289-4420-b102-87061598c92c,8,3.0,,,,12.95,8.0,13.33,7.48,13.53,9.29
2025-12-16T04:50:36.638122,Recipe_C,e493d977-1289-4420-b102-87061598c92c,8,3.0,,,,11.87,7.27,7.65,7.33,9.79,9.03
2025-12-16T04:50:37.638122,Recipe_C,e493d977-1289-4420-b102-87061598c92c,8,3.0,,,,8.43,9.29,8.7,11.82,9.46,7.4
2025-12-16T04:50:38.638122,Recipe_C,e493d977-1289-4420-b102-87061598c92c,8,3.0,,,,10.22,6.95,3.64,7.86,10.89,9.16
2025-12-16T04:50:39.638122,Recipe_C,e493d977-1289-4420-b102-87061598c92c,8,3.0,,,,12.09,8.16,9.69,8.18,11.38,11.54
2025-12-16T04:50:40.638122,Recipe_C,e493d977-1289-4420-b102-87061598c92c,8,3.0,,,,9.82,9.62,10.85,9.85,9.0,10.56
2025-12-16T04:50:41.638122,Recipe_C,e493d977-1289-4420-b102-87061598c92c,8,3.0,,,,8.4,8.73,10.64,6.08,7.8,8.9
2025-12-16T04:50:42.638122,Recipe_C,e493d977-1289-4420-b102-87061598c92c,8,3.0,,,,12.34,7.75,11.1,9.84,11.82,8.51
2025-12-16T04:50:43.638122,Recipe_C,e493d977-1289-4420-b102-87061598c92c,8,3.0,,,,9.22,6.53,11.45,10.46,11.2,11.63
2025-12-16T04:50:44.638122,Recipe_C,e493d977-1289-4420-b102-87061598c92c,8,3.0,,,,11.16,8.65,8.87,10.21,9.46,13.53
2025-12-16T04:50:45.638122,Recipe_C,e493d977-1289-4420-b102-87061598c92c,8,3.0,,,,8.55,9.64,8.18,12.38,10.3,10.85
2025-12-16T04:50:46.638122,Recipe_C,e493d977-1289-4420-b102-87061598c92c,8,3.0,,,,11.51,10.51,11.7,9.75,12.8,12.26
2025-12-16T04:50:47.638122,Recipe_C,e493d977-1289-4420-b102-87061598c92c,8,3.0,,,,10.34,10.42,10.55,6.58,11.5,8.12
2025-12-16T04:50:48.638122,Recipe_C,e493d977-1289-4420-b102-87061598c92c,8,3.0,,,,7.1,11.04,6.85,11.94,9.31,8.45
2025-12-16T04:50:49.638122,Recipe_C,e493d977-1289-4420-b102-87061598c92c,8,3.0,,,,14.07,12.62,11.23,11.15,4.43,12.44
2025-12-16T04:50:50.638122,Recipe_C,e493d977-1289-4420-b102-87061598c92c,8,3.0,,,,11.29,12.88,7.14,7.82,9.22,10.43
2025-12-16T04:50:51.638122,Recipe_C,e493d977-1289-4420-b102-87061598c92c,8,3.0,,,,13.98,8.98,7.77,10.24,11.62,8.42
2025-12-16T04:50:52.638122,Recipe_C,e493d977-1289-4420-b102-87061598c92c,8,3.0,,,,9.98,10.03,11.01,7.56,10.9,9.63
2025-12-16T04:50:53.638122,Recipe_C,e493d977-1289-4420-b102-87061598c92c,8,3.0,,,,11.09,8.51,10.02,11.39,10.02,13.43
2025-12-16T04:50:54.638122,Recipe_C,e493d977-1289-4420-b102-87061598c92c,8,3.0,,,,5.93,9.55,9.64,7.04,7.69,7.62
2025-12-16T04:50:55.638122,Recipe_C,e493d977-1289-4420-b102-87061598c92c,8,3.0,,,,10.63,8.27,13.15,11.06,9.67,9.53
2025-12-16T04:50:56.638122,Recipe_C,e493d977-1289-4420-b102-87061598c92c,8,3.0,,,,9.39,11.13,8.25,11.05,9.5,10.04
2025-12-16T04:50:57.638122,Recipe_C,e493d977-1289-4420-b102-87061598c92c,8,3.0,,,,9.09,9.57,6.16,9.74,6.94,9.89
2025-12-16T04:50:58.638122,Recipe_C,e493d977-1289-4420-b102-87061598c92c,8,3.0,,,,12.91,12.4,10.68,10.77,6.98,11.05
2025-12-16T04:50:59.638122,Recipe_C,e493d977-1289-4420-b102-87061598c92c,8,3.0,,,,9.69,12.12,7.28,8.76,9.55,4.2
2025-12-16T04:51:00.638122,Recipe_C,e493d977-1289-4420-b102-87061598c92c,8,3.0,,,,10.37,9.32,9.66,9.36,8.6,11.59
2025-12-16T04:51:01.638122,Recipe_C,e493d977-1289-4420-b102-87061598c92c,8,3.0,,,,5.31,9.84,10.67,9.22,10.88,9.35
2025-12-16T04:51:02.638122,Recipe_C,e493d977-1289-4420-b102-87061598c92c,8,3.0,,,,8.32,11.98,10.57,10.34,9.2,9.37
2025-12-16T04:51:03.638122,Recipe_C,e493d977-1289-4420-b102-87061598c92c,8,3.0,,,,8.89,9.46,12.43,10.83,10.82,10.39
2025-12-16T04:51:04.638122,Recipe_C,e493d977-1289-4420-b102-87061598c92c,8,1.0,,,,10.02,11.54,10.9,10.04,9.8,13.37
2025-12-16T04:51:05.638122,Recipe_C,e493d977-1289-4420-b102-87061598c92c,8,1.0,,,,10.93,7.88,8.99,11.9,6.57,10.27
2025-12-16T04:51:06.638122,Recipe_C,e493d977-1289-4420-b102-87061598c92c,8,1.0,,,,8.82,8.51,10.5,7.39,11.64,9.72
2025-12-16T04:51:07.638122,Recipe_C,e493d977-1289-4420-b102-87061598c92c,8,1.0,,,,10.13,7.52,8.74,11.41,9.15,11.77
2025-12-16T04:51:08.638122,Recipe_C,e493d977-1289-4420-b102-87061598c92c,8,1.0,,,,10.5,7.84,8.4,10.86,7.9,6.88
2025-12-16T04:51:09.638122,Recipe_C,e493d977-1289-4420-b102-87061598c92c,8,1.0,,,,10.6,9.52,9.88,10.47,7.86,11.4
2025-12-16T04:51:10.638122,Recipe_C,e493d977-1289-4420-b102-87061598c92c,8,1.0,,,,9.96,6.99,8.64,9.21,12.18,9.38
2025-12-16T04:51:11.638122,Recipe_C,e493d977-1289-4420-b102-87061598c92c,8,1.0,,,,8.99,8.76,12.63,11.86,10.21,12.98
2025-12-16T04:51:12.638122,Recipe_C,e493d977-1289-4420-b102-87061598c92c,8,1.0,,,,7.11,12.69,13.01,6.79,10.13,10.72
2025-12-16T04:51:13.638122,Recipe_C,e493d977-1289-4420-b102-87061598c92c,8,1.0,,,,10.59,9.2,13.02,9.09,12.12,11.3
2025-12-16T04:51:14.638122,Recipe_C,e493d977-1289-4420-b102-87061598c92c,8,1.0,,,,5.26,7.54,7.68,9.12,8.55,12.9
2025-12-16T04:51:15.638122,Recipe_C,e493d977-1289-4420-b102-87061598c92c,8,1.0,,,,8.06,10.42,9.8,8.2,7.75,11.86
2025-12-16T04:51:16.638122,Recipe_C,e493d977-1289-4420-b102-87061598c92c,8,1.0,,,,12.78,10.09,9.51,10.33,10.61,10.85
2025-12-16T04:51:17.638122,Recipe_C,e493d977-1289-4420-b102-87061598c92c,8,1.0,,,,10.52,7.12,11.76,9.32,10.96,10.98
2025-12-16T04:51:18.638122,Recipe_C,e493d977-1289-4420-b102-87061598c92c,8,1.0,,,,11.3,10.36,7.25,9.89,9.48,6.66
2025-12-16T04:51:19.638122,Recipe_C,e493d977-1289-4420-b102-87061598c92c,8,1.0,,,,9.04,8.91,13.98,10.45,11.62,10.64
2025-12-16T04:51:20.638122,Recipe_C,e493d977-1289-4420-b102-87061598c92c,8,1.0,,,,10.88,8.92,5.85,9.9,7.87,11.19
2025-12-16T04:51:21.638122,Recipe_C,e493d977-1289-4420-b102-87061598c92c,8,1.0,,,,12.06,7.47,9.91,10.36,9.42,9.26
2025-12-16T04:51:22.638122,Recipe_C,e493d977-1289-4420-b102-87061598c92c,8,1.0,,,,9.49,10.86,9.73,9.54,13.19,8.59
2025-12-16T04:51:23.638122,Recipe_C,e493d977-1289-4420-b102-87061598c92c,8,1.0,,,,10.13,7.18,5.62,9.32,10.28,7.38
2025-12-16T04:51:24.638122,Recipe_C,e493d977-1289-4420-b102-87061598c92c,8,1.0,,,,9.51,8.63,6.17,9.33,10.44,10.49
2025-12-16T04:51:25.638122,Recipe_C,e493d977-1289-4420-b102-87061598c92c,8,1.0,,,,9.46,12.75,9.6,7.57,7.52,11.46
2025-12-16T04:51:26.638122,Recipe_C,e493d977-1289-4420-b102-87061598c92c,8,1.0,,,,11.13,9.63,7.97,9.43,13.66,10.65
2025-12-16T04:51:27.638122,Recipe_C,e493d977-1289-4420-b102-87061598c92c,8,1.0,,,,9.81,11.69,10.79,11.84,11.77,9.9
2025-12-16T04:51:28.638122,Recipe_C,e493d977-1289-4420-b102-87061598c92c,8,1.0,,,,9.33,9.82,12.23,9.0,7.7,9.39
2025-12-16T04:51:29.638122,Recipe_C,e493d977-1289-4420-b102-87061598c92c,8,1.0,,,,11.88,6.58,12.6,10.12,7.65,12.77
2025-12-16T04:51:30.638122,Recipe_C,e493d977-1289-4420-b102-87061598c92c,8,1.0,,,,11.35,10.1,7.06,11.1,9.68,9.93
2025-12-16T04:51:31.638122,Recipe_C,e493d977-1289-4420-b102-87061598c92c,8,1.0,,,,11.37,10.84,10.84,10.96,10.58,9.48
2025-12-16T04:51:32.638122,Recipe_C,e493d977-1289-4420-b102-87061598c92c,8,1.0,,,,12.34,13.44,9.81,9.11,11.43,13.19
2025-12-16T04:51:33.638122,Recipe_C,e493d977-1289-4420-b102-87061598c92c,8,3.0,,,,10.22,7.61,9.91,11.78,8.9,11.45
2025-12-16T04:51:33.638122,Recipe_C,e493d977-1289-4420-b102-87061598c92c,8,3.0,Warning_10,Simulated Warning occurred,Warning,,,,,,
2025-12-16T04:51:34.638122,Recipe_C,e493d977-1289-4420-b102-87061598c92c,8,3.0,,,,9.48,11.58,8.91,9.94,11.34,11.17
2025-12-16T04:51:35.638122,Recipe_C,e493d977-1289-4420-b102-87061598c92c,8,3.0,,,,9.75,11.28,8.1,6.63,13.8,9.23
2025-12-16T04:51:36.638122,Recipe_C,e493d977-1289-4420-b102-87061598c92c,8,3.0,,,,8.63,8.41,9.94,7.84,8.3,12.19
2025-12-16T04:51:37.638122,Recipe_C,e493d977-1289-4420-b102-87061598c92c,8,3.0,,,,11.1,8.66,9.68,13.5,7.89,7.71
2025-12-16T04:51:38.638122,Recipe_C,e493d977-1289-4420-b102-87061598c92c,8,3.0,,,,9.06,11.22,10.82,5.52,9.05,8.22
2025-12-16T04:51:39.638122,Recipe_C,e493d977-1289-4420-b102-87061598c92c,8,3.0,,,,12.42,9.35,13.26,12.96,8.63,10.76
2025-12-16T04:51:40.638122,Recipe_C,e493d977-1289-4420-b102-87061598c92c,8,3.0,,,,10.87,10.44,8.94,9.67,7.16,9.93
2025-12-16T04:51:41.638122,Recipe_C,e493d977-1289-4420-b102-87061598c92c,8,3.0,,,,9.8,7.31,8.89,10.0,7.86,10.0
2025-12-16T04:51:42.638122,Recipe_C,e493d977-1289-4420-b102-87061598c92c,8,3.0,,,,8.31,7.48,9.44,8.84,6.98,10.78
2025-12-16T04:51:43.638122,Recipe_C,e493d977-1289-4420-b102-87061598c92c,8,3.0,,,,8.96,10.23,7.94,9.57,6.82,8.06
2025-12-16T04:51:44.638122,Recipe_C,e493d977-1289-4420-b102-87061598c92c,8,3.0,,,,8.67,10.15,9.28,11.05,8.13,9.56
2025-12-16T04:51:45.638122,Recipe_C,e493d977-1289-4420-b102-87061598c92c,8,3.0,,,,14.91,12.54,10.67,11.3,10.88,11.2
2025-12-16T04:51:46.638122,Recipe_C,e493d977-1289-4420-b102-87061598c92c,8,3.0,,,,11.16,10.5,8.48,11.97,12.21,13.08
2025-12-16T04:51:47.638122,Recipe_C,e493d977-1289-4420-b102-87061598c92c,8,3.0,,,,5.23,10.47,9.93,9.97,10.56,7.99
2025-12-16T04:51:48.638122,Recipe_C,e493d977-1289-4420-b102-87061598c92c,8,3.0,,,,9.36,13.31,9.38,10.15,11.38,11.53
2025-12-16T04:51:49.638122,Recipe_C,e493d977-1289-4420-b102-87061598c92c,8,3.0,,,,7.86,9.62,10.82,11.15,10.03,9.73
2025-12-16T04:51:50.638122,Recipe_C,e493d977-1289-4420-b102-87061598c92c,8,3.0,,,,9.28,12.96,9.27,7.38,12.16,11.07
2025-12-16T04:51:51.638122,Recipe_C,e493d977-1289-4420-b102-87061598c92c,8,3.0,,,,12.33,10.55,10.79,9.0,10.51,11.46
2025-12-16T04:51:52.638122,Recipe_C,e493d977-1289-4420-b102-87061598c92c,8,3.0,,,,10.81,8.79,9.77,6.96,10.34,9.05
2025-12-16T04:51:53.638122,Recipe_C,e493d977-1289-4420-b102-87061598c92c,8,3.0,,,,5.61,7.03,7.21,11.36,11.91,6.66
2025-12-16T04:51:54.638122,Recipe_C,e493d977-1289-4420-b102-87061598c92c,8,3.0,,,,9.19,10.05,8.39,13.52,10.6,9.19
2025-12-16T04:51:55.638122,Recipe_C,e493d977-1289-4420-b102-87061598c92c,8,3.0,,,,10.3,9.34,11.83,12.2,9.21,9.57
2025-12-16T04:51:56.638122,Recipe_C,e493d977-1289-4420-b102-87061598c92c,8,3.0,,,,8.12,11.42,11.45,11.31,9.53,8.94
2025-12-16T04:51:57.638122,Recipe_C,e493d977-1289-4420-b102-87061598c92c,8,3.0,,,,11.57,9.72,8.14,9.33,12.19,5.93
2025-12-16T04:51:58.638122,Recipe_C,e493d977-1289-4420-b102-87061598c92c,8,3.0,,,,12.2,9.33,8.84,7.95,10.56,5.78
2025-12-16T04:51:59.638122,Recipe_C,e493d977-1289-4420-b102-87061598c92c,8,3.0,,,,9.53,10.57,11.5,7.0,13.21,12.29
2025-12-16T04:52:00.638122,Recipe_C,e493d977-1289-4420-b102-87061598c92c,8,3.0,,,,12.53,9.28,9.44,11.42,13.18,9.44
2025-12-16T04:52:01.638122,Recipe_C,e493d977-1289-4420-b102-87061598c92c,8,3.0,,,,12.13,10.88,5.89,7.18,6.5,12.34
2025-12-16T04:52:02.638122,Recipe_C,e493d977-1289-4420-b102-87061598c92c,8,3.0,,,,6.28,11.74,9.01,11.97,9.18,5.96
2025-12-16T04:52:03.638122,Recipe_C,e493d977-1289-4420-b102-87061598c92c,8,3.0,,,,12.14,6.43,9.3,10.55,10.84,10.79
2025-12-16T04:52:04.638122,Recipe_C,e493d977-1289-4420-b102-87061598c92c,8,3.0,,,,7.91,8.48,8.55,9.68,8.61,13.5
2025-12-16T04:52:04.638122,Recipe_C,e493d977-1289-4420-b102-87061598c92c,8,3.0,Warning_2,Simulated Warning occurred,Warning,,,,,,
2025-12-16T04:52:05.638122,Recipe_C,e493d977-1289-4420-b102-87061598c92c,8,3.0,,,,7.43,12.59,6.44,12.25,10.27,8.26
2025-12-16T04:52:06.638122,Recipe_C,e493d977-1289-4420-b102-87061598c92c,8,3.0,,,,13.87,7.16,8.21,8.79,13.36,12.47
2025-12-16T04:52:07.638122,Recipe_C,e493d977-1289-4420-b102-87061598c92c,8,3.0,,,,10.94,9.46,9.25,11.0,11.31,8.96
2025-12-16T04:52:08.638122,Recipe_C,e493d977-1289-4420-b102-87061598c92c,8,3.0,,,,7.64,12.16,11.92,10.45,10.47,7.34
2025-12-16T04:52:09.638122,Recipe_C,e493d977-1289-4420-b102-87061598c92c,8,3.0,,,,8.07,12.83,7.15,8.54,8.26,10.68
2025-12-16T04:52:10.638122,Recipe_C,e493d977-1289-4420-b102-87061598c92c,8,3.0,,,,15.39,8.72,8.57,8.72,11.1,12.78
2025-12-16T04:52:11.638122,Recipe_C,e493d977-1289-4420-b102-87061598c92c,8,4.0,,,,95.63,55.76,44.06,50.72,51.58,46.2
2025-12-16T04:52:12.638122,Recipe_C,e493d977-1289-4420-b102-87061598c92c,8,4.0,,,,98.17,42.61,37.26,42.47,45.27,48.03
2025-12-16T04:52:13.638122,Recipe_C,e493d977-1289-4420-b102-87061598c92c,8,4.0,,,,99.53,45.27,50.49,43.9,57.49,45.02
2025-12-16T04:52:14.638122,Recipe_C,e493d977-1289-4420-b102-87061598c92c,8,4.0,,,,107.5,52.22,53.93,36.57,55.38,53.52
2025-12-16T04:52:15.638122,Recipe_C,e493d977-1289-4420-b102-87061598c92c,8,4.0,,,,90.52,45.03,54.26,50.74,44.55,48.12
2025-12-16T04:52:16.638122,Recipe_C,e493d977-1289-4420-b102-87061598c92c,8,4.0,,,,97.45,57.46,48.0,51.52,46.99,56.36
2025-12-16T04:52:17.638122,Recipe_C,e493d977-1289-4420-b102-87061598c92c,8,4.0,,,,98.73,45.02,51.22,54.16,53.81,57.14
2025-12-16T04:52:18.638122,Recipe_C,e493d977-1289-4420-b102-87061598c92c,8,4.0,,,,94.92,45.77,49.37,48.55,54.71,48.47
2025-12-16T04:52:19.638122,Recipe_C,e493d977-1289-4420-b102-87061598c92c,8,4.0,,,,99.33,44.73,57.15,59.19,44.96,40.34
2025-12-16T04:52:19.638122,Recipe_C,e493d977-1289-4420-b102-87061598c92c,8,4.0,Warning_8,Simulated Warning occurred,Warning,,,,,,
2025-12-16T04:52:20.638122,Recipe_C,e493d977-1289-4420-b102-87061598c92c,8,4.0,,,,93.86,58.57,47.24,57.43,54.81,53.0
2025-12-16T04:52:21.638122,Recipe_C,e493d977-1289-4420-b102-87061598c92c,8,4.0,,,,98.57,48.96,40.9,51.23,55.82,49.99
2025-12-16T04:52:22.638122,Recipe_C,e493d977-1289-4420-b102-87061598c92c,8,4.0,,,,101.37,53.75,50.8,58.42,55.05,48.54
2025-12-16T04:52:23.638122,Recipe_C,e493d977-1289-4420-b102-87061598c92c,8,3.0,,,,6.91,11.81,8.69,11.7,10.32,10.11
2025-12-16T04:52:24.638122,Recipe_C,e493d977-1289-4420-b102-87061598c92c,8,3.0,,,,11.18,9.0,8.57,11.39,13.23,10.67
2025-12-16T04:52:25.638122,Recipe_C,e493d977-1289-4420-b102-87061598c92c,8,3.0,,,,8.06,8.61,7.78,5.96,10.72,10.92
2025-12-16T04:52:26.638122,Recipe_C,e493d977-1289-4420-b102-87061598c92c,8,3.0,,,,10.07,10.98,11.18,9.78,10.37,10.39
2025-12-16T04:52:27.638122,Recipe_C,e493d977-1289-4420-b102-87061598c92c,8,3.0,,,,11.91,14.2,10.82,9.11,9.6,8.96
2025-12-16T04:52:28.638122,Recipe_C,e493d977-1289-4420-b102-87061598c92c,8,3.0,,,,8.93,6.81,12.24,9.35,11.07,8.84
2025-12-16T04:52:29.638122,Recipe_C,e493d977-1289-4420-b102-87061598c92c,8,3.0,,,,10.84,8.79,9.37,10.63,12.46,6.96
2025-12-16T04:52:30.638122,Recipe_C,e493d977-1289-4420-b102-87061598c92c,8,3.0,,,,11.61,11.64,7.8,12.26,9.81,6.72
2025-12-16T04:52:31.638122,Recipe_C,e493d977-1289-4420-b102-87061598c92c,8,3.0,,,,11.5,11.16,8.04,10.46,9.67,8.57
2025-12-16T04:52:32.638122,Recipe_C,e493d977-1289-4420-b102-87061598c92c,8,3.0,,,,11.03,8.25,11.26,8.49,9.04,10.59
2025-12-16T04:52:33.638122,Recipe_C,e493d977-1289-4420-b102-87061598c92c,8,3.0,,,,8.87,8.65,10.62,11.11,9.77,9.09
2025-12-16T04:52:34.638122,Recipe_C,e493d977-1289-4420-b102-87061598c92c,8,3.0,,,,10.14,13.15,9.03,11.16,10.44,7.07
2025-12-16T04:52:35.638122,Recipe_C,e493d977-1289-4420-b102-87061598c92c,8,3.0,,,,8.81,8.08,11.2,5.58,10.33,7.93
2025-12-16T04:52:36.638122,Recipe_C,e493d977-1289-4420-b102-87061598c92c,8,3.0,,,,11.68,11.7,9.88,9.56,9.78,13.1
2025-12-16T04:52:37.638122,Recipe_C,e493d977-1289-4420-b102-87061598c92c,8,3.0,,,,6.35,12.95,10.45,10.29,9.87,9.73
2025-12-16T04:52:38.638122,Recipe_C,e493d977-1289-4420-b102-87061598c92c,8,3.0,,,,6.39,12.45,8.37,6.54,13.85,5.86
2025-12-16T04:52:39.638122,Recipe_C,e493d977-1289-4420-b102-87061598c92c,8,3.0,,,,9.26,12.38,14.02,9.33,11.15,8.63
2025-12-16T04:52:40.638122,Recipe_C,e493d977-1289-4420-b102-87061598c92c,8,3.0,,,,12.94,10.98,15.04,6.33,11.55,10.92
2025-12-16T04:52:41.638122,Recipe_C,e493d977-1289-4420-b102-87061598c92c,8,0.0,,,,0.0,0.0,0.0,0.0,0.0,0.0
2025-12-16T04:52:42.638122,Recipe_C,e493d977-1289-4420-b102-87061598c92c,8,3.0,,,,10.22,8.1,7.34,5.61,10.79,9.58
2025-12-16T04:52:43.638122,Recipe_C,e493d977-1289-4420-b102-87061598c92c,8,3.0,,,,12.13,9.8,10.27,12.33,7.36,9.61
2025-12-16T04:52:44.638122,Recipe_C,e493d977-1289-4420-b102-87061598c92c,8,3.0,,,,5.43,11.77,13.6,8.16,8.63,10.15
2025-12-16T04:52:45.638122,Recipe_C,e493d977-1289-4420-b102-87061598c92c,8,3.0,,,,7.8,11.61,10.62,11.48,8.42,11.49
2025-12-16T04:52:46.638122,Recipe_C,e493d977-1289-4420-b102-87061598c92c,8,3.0,,,,13.88,10.5,10.92,13.37,9.64,9.22
2025-12-16T04:52:47.638122,Recipe_C,e493d977-1289-4420-b102-87061598c92c,8,3.0,,,,9.18,9.72,8.84,9.03,10.22,10.86
2025-12-16T04:52:48.638122,Recipe_C,e493d977-1289-4420-b102-87061598c92c,8,5.0,,,,10.29,10.16,9.54,7.29,11.56,11.93
2025-12-16T04:52:49.638122,Recipe_C,e493d977-1289-4420-b102-87061598c92c,8,5.0,,,,9.44,7.4,7.6,6.8,11.14,8.81
2025-12-16T04:52:49.638122,Recipe_C,e493d977-1289-4420-b102-87061598c92c,8,5.0,Error_6,Simulated Error occurred,Error,,,,,,
2025-12-16T04:52:50.638122,Recipe_C,e493d977-1289-4420-b102-87061598c92c,8,1.0,,,,10.49,11.86,6.44,7.97,9.5,15.01
2025-12-16T04:52:51.638122,Recipe_C,e493d977-1289-4420-b102-87061598c92c,8,1.0,,,,8.99,9.7,8.32,9.28,12.26,7.22
2025-12-16T04:52:52.638122,Recipe_C,e493d977-1289-4420-b102-87061598c92c,8,1.0,,,,7.48,15.43,9.52,9.48,6.43,8.03
2025-12-16T04:52:53.638122,Recipe_C,e493d977-1289-4420-b102-87061598c92c,8,1.0,,,,10.79,12.65,12.51,12.48,11.96,11.69
2025-12-16T04:52:54.638122,Recipe_C,e493d977-1289-4420-b102-87061598c92c,8,1.0,,,,10.32,10.08,8.78,12.62,10.9,9.0
2025-12-16T04:52:55.638122,Recipe_C,e493d977-1289-4420-b102-87061598c92c,8,1.0,,,,9.85,8.16,11.64,11.46,9.43,9.91
2025-12-16T04:52:56.638122,Recipe_C,e493d977-1289-4420-b102-87061598c92c,8,1.0,,,,10.3,11.75,6.25,7.08,9.55,10.71
2025-12-16T04:52:57.638122,Recipe_C,e493d977-1289-4420-b102-87061598c92c,8,1.0,,,,11.09,11.63,9.51,11.38,13.05,10.47
2025-12-16T04:52:58.638122,Recipe_C,e493d977-1289-4420-b102-87061598c92c,8,1.0,,,,10.49,11.36,10.28,3.99,10.85,6.6
2025-12-16T04:52:59.638122,Recipe_C,e493d977-1289-4420-b102-87061598c92c,8,1.0,,,,9.23,9.41,6.15,11.5,11.76,11.06
2025-12-16T04:53:00.638122,Recipe_C,e493d977-1289-4420-b102-87061598c92c,8,1.0,,,,9.73,9.57,11.22,8.37,9.06,14.44
2025-12-16T04:53:01.638122,Recipe_C,e493d977-1289-4420-b102-87061598c92c,8,1.0,,,,12.07,6.76,10.11,8.02,10.68,7.98
2025-12-16T04:53:02.638122,Recipe_C,e493d977-1289-4420-b102-87061598c92c,8,1.0,,,,13.58,13.81,9.84,9.47,8.81,9.63
2025-12-16T04:53:03.638122,Recipe_C,e493d977-1289-4420-b102-87061598c92c,8,1.0,,,,12.02,11.55,11.48,10.93,7.64,8.71
2025-12-16T04:53:04.638122,Recipe_C,e493d977-1289-4420-b102-87061598c92c,8,1.0,,,,10.66,11.53,10.44,12.37,9.87,6.89
2025-12-16T04:53:05.638122,Recipe_C,e493d977-1289-4420-b102-87061598c92c,8,1.0,,,,11.19,12.01,11.48,11.05,8.49,9.97
2025-12-16T04:53:06.638122,Recipe_C,e493d977-1289-4420-b102-87061598c92c,8,1.0,,,,11.0,8.86,11.91,10.07,11.98,10.04
2025-12-16T04:53:07.638122,Recipe_C,e493d977-1289-4420-b102-87061598c92c,8,1.0,,,,11.52,4.87,9.65,7.56,7.52,9.42
2025-12-16T04:53:08.638122,Recipe_C,e493d977-1289-4420-b102-87061598c92c,8,1.0,,,,8.16,13.0,10.18,11.82,9.73,8.07
2025-12-16T04:53:09.638122,Recipe_C,e493d977-1289-4420-b102-87061598c92c,8,1.0,,,,10.66,9.68,7.64,7.71,5.7,12.15
2025-12-16T04:53:10.638122,Recipe_C,e493d977-1289-4420-b102-87061598c92c,8,1.0,,,,12.98,11.72,11.08,12.77,8.48,11.73
2025-12-16T04:53:11.638122,Recipe_C,e493d977-1289-4420-b102-87061598c92c,8,1.0,,,,10.11,12.08,12.12,12.72,10.39,11.92
2025-12-16T04:53:12.638122,Recipe_C,e493d977-1289-4420-b102-87061598c92c,8,1.0,,,,8.33,10.5,9.65,12.46,8.24,13.68
2025-12-16T04:53:13.638122,Recipe_C,e493d977-1289-4420-b102-87061598c92c,8,1.0,,,,11.31,7.94,10.37,8.68,10.89,12.36
2025-12-16T04:53:14.638122,Recipe_C,e493d977-1289-4420-b102-87061598c92c,8,1.0,,,,6.82,9.19,10.11,8.77,13.2,8.42
2025-12-16T04:53:15.638122,Recipe_C,e493d977-1289-4420-b102-87061598c92c,8,1.0,,,,9.85,9.32,14.84,7.64,11.27,10.67
2025-12-16T04:53:16.638122,Recipe_C,e493d977-1289-4420-b102-87061598c92c,8,1.0,,,,7.8,9.96,9.19,11.17,11.11,11.6
2025-12-16T04:53:17.638122,Recipe_C,e493d977-1289-4420-b102-87061598c92c,8,1.0,,,,9.79,7.94,7.7,9.21,10.55,10.85
2025-12-16T04:53:18.638122,Recipe_C,e493d977-1289-4420-b102-87061598c92c,8,1.0,,,,10.78,8.23,7.16,10.36,11.71,11.0
2025-12-16T04:53:19.638122,Recipe_C,e493d977-1289-4420-b102-87061598c92c,8,1.0,,,,10.78,11.2,8.66,9.65,8.46,11.29
2025-12-16T04:53:20.638122,Recipe_C,e493d977-1289-4420-b102-87061598c92c,8,1.0,,,,10.05,12.27,7.29,10.15,7.46,11.52
2025-12-16T04:53:21.638122,Recipe_C,e493d977-1289-4420-b102-87061598c92c,8,1.0,,,,9.62,13.02,6.89,7.73,9.97,10.46
2025-12-16T04:53:22.638122,Recipe_C,e493d977-1289-4420-b102-87061598c92c,8,1.0,,,,9.39,6.91,7.95,8.47,7.15,7.94
2025-12-16T04:53:23.638122,Recipe_C,e493d977-1289-4420-b102-87061598c92c,8,1.0,,,,7.05,8.23,9.35,9.06,12.99,16.42
2025-12-16T04:53:24.638122,Recipe_C,e493d977-1289-4420-b102-87061598c92c,8,1.0,,,,10.32,9.16,9.15,8.44,8.31,13.71
2025-12-16T04:53:25.638122,Recipe_C,e493d977-1289-4420-b102-87061598c92c,8,1.0,,,,10.02,14.1,10.64,12.94,8.05,10.97
2025-12-16T04:53:26.638122,Recipe_C,e493d977-1289-4420-b102-87061598c92c,8,1.0,,,,9.0,10.93,8.24,8.42,11.89,7.92
2025-12-16T04:53:27.638122,Recipe_C,e493d977-1289-4420-b102-87061598c92c,8,1.0,,,,10.87,9.4,9.35,8.98,8.86,9.5
2025-12-16T04:53:28.638122,Recipe_C,e493d977-1289-4420-b102-87061598c92c,8,1.0,,,,14.38,11.61,6.36,10.51,12.02,8.06
2025-12-16T04:53:29.638122,Recipe_C,e493d977-1289-4420-b102-87061598c92c,8,1.0,,,,12.87,9.41,9.52,8.73,11.07,11.09
2025-12-16T04:53:30.638122,Recipe_C,e493d977-1289-4420-b102-87061598c92c,8,1.0,,,,9.09,8.49,7.19,12.9,7.82,12.73
2025-12-16T04:53:31.638122,Recipe_C,e493d977-1289-4420-b102-87061598c92c,8,1.0,,,,9.92,12.38,8.76,10.08,7.86,10.99
2025-12-16T04:53:32.638122,Recipe_C,e493d977-1289-4420-b102-87061598c92c,8,1.0,,,,10.25,9.34,8.49,7.59,10.52,12.17
2025-12-16T04:53:33.638122,Recipe_C,e493d977-1289-4420-b102-87061598c92c,8,1.0,,,,11.55,12.11,11.93,11.21,5.44,12.58
2025-12-16T04:53:34.638122,Recipe_C,e493d977-1289-4420-b102-87061598c92c,8,1.0,,,,11.24,9.58,8.42,11.65,10.14,9.32
2025-12-16T04:53:35.638122,Recipe_C,e493d977-1289-4420-b102-87061598c92c,8,1.0,,,,8.21,7.39,13.83,9.94,9.59,10.02
2025-12-16T04:53:36.638122,Recipe_C,e493d977-1289-4420-b102-87061598c92c,8,1.0,,,,8.88,10.77,6.13,8.34,13.29,10.18
2025-12-16T04:53:37.638122,Recipe_C,e493d977-1289-4420-b102-87061598c92c,8,1.0,,,,10.91,12.64,9.75,8.2,9.91,7.26
2025-12-16T04:53:38.638122,Recipe_C,e493d977-1289-4420-b102-87061598c92c,8,1.0,,,,9.17,10.68,9.45,10.6,10.26,10.4
2025-12-16T04:53:39.638122,Recipe_C,e493d977-1289-4420-b102-87061598c92c,8,1.0,,,,10.3,7.9,10.45,8.73,6.15,9.68
2025-12-16T04:53:40.638122,Recipe_C,e493d977-1289-4420-b102-87061598c92c,8,1.0,,,,10.61,9.58,11.32,11.14,12.36,10.04
2025-12-16T04:53:41.638122,Recipe_C,e493d977-1289-4420-b102-87061598c92c,8,1.0,,,,13.06,13.98,5.46,11.57,9.09,12.79
2025-12-16T04:53:42.638122,Recipe_C,e493d977-1289-4420-b102-87061598c92c,8,4.0,,,,90.11,54.11,44.43,50.47,42.6,54.17
2025-12-16T04:53:43.638122,Recipe_C,e493d977-1289-4420-b102-87061598c92c,8,4.0,,,,100.62,45.94,47.5,51.84,50.21,46.11
2025-12-16T04:53:44.638122,Recipe_C,e493d977-1289-4420-b102-87061598c92c,8,4.0,,,,103.33,52.8,44.64,41.92,44.79,54.15
2025-12-16T04:53:45.638122,Recipe_C,e493d977-1289-4420-b102-87061598c92c,8,3.0,,,,10.56,9.91,10.24,9.81,10.54,9.74
2025-12-16T04:53:46.638122,Recipe_C,e493d977-1289-4420-b102-87061598c92c,8,3.0,,,,13.28,12.01,9.61,14.05,12.05,9.51
2025-12-16T04:53:47.638122,Recipe_C,e493d977-1289-4420-b102-87061598c92c,8,3.0,,,,9.86,6.84,11.09,6.64,6.13,12.36
2025-12-16T04:53:48.638122,Recipe_C,e493d977-1289-4420-b102-87061598c92c,8,5.0,,,,8.95,9.58,6.55,9.85,9.4,9.81
2025-12-16T04:53:49.638122,Recipe_C,e493d977-1289-4420-b102-87061598c92c,8,5.0,,,,10.99,11.0,8.22,12.75,12.54,12.02
2025-12-16T04:53:50.638122,Recipe_C,e493d977-1289-4420-b102-87061598c92c,8,5.0,,,,10.01,12.43,7.68,11.67,7.92,11.87
2025-12-16T04:53:51.638122,Recipe_C,e493d977-1289-4420-b102-87061598c92c,8,5.0,,,,14.63,8.15,9.82,10.99,12.75,11.35
2025-12-16T04:53:52.638122,Recipe_C,e493d977-1289-4420-b102-87061598c92c,8,5.0,,,,8.18,10.6,15.25,9.83,10.96,11.04
2025-12-16T04:53:53.638122,Recipe_C,e493d977-1289-4420-b102-87061598c92c,8,5.0,,,,9.69,8.8,10.45,9.39,7.53,12.62
2025-12-16T04:53:54.638122,Recipe_C,e493d977-1289-4420-b102-87061598c92c,8,5.0,,,,10.43,7.74,8.73,11.35,11.86,11.17
2025-12-16T04:53:55.638122,Recipe_C,e493d977-1289-4420-b102-87061598c92c,8,5.0,,,,11.27,7.85,10.8,7.94,10.64,10.84
2025-12-16T04:53:56.638122,Recipe_C,e493d977-1289-4420-b102-87061598c92c,8,5.0,,,,10.36,8.88,11.62,9.23,9.94,9.27
2025-12-16T04:53:57.638122,Recipe_C,e493d977-1289-4420-b102-87061598c92c,8,5.0,,,,11.94,5.07,11.6,7.26,8.06,8.57
2025-12-16T04:53:58.638122,Recipe_C,e493d977-1289-4420-b102-87061598c92c,8,5.0,,,,11.79,8.55,5.21,7.38,13.01,10.64
2025-12-16T04:53:59.638122,Recipe_C,e493d977-1289-4420-b102-87061598c92c,8,5.0,,,,11.62,11.52,10.2,8.35,7.45,12.7
2025-12-16T04:54:00.638122,Recipe_C,e493d977-1289-4420-b102-87061598c92c,8,5.0,,,,9.25,13.21,11.28,12.03,5.87,11.56
2025-12-16T04:54:01.638122,Recipe_C,e493d977-1289-4420-b102-87061598c92c,8,5.0,,,,13.52,10.35,11.03,9.9,8.99,8.42
2025-12-16T04:54:02.638122,Recipe_C,e493d977-1289-4420-b102-87061598c92c,8,5.0,,,,12.39,10.36,11.33,10.22,12.07,10.36
2025-12-16T04:54:03.638122,Recipe_C,e493d977-1289-4420-b102-87061598c92c,8,5.0,,,,8.57,8.34,9.73,6.67,7.0,9.24
2025-12-16T04:54:04.638122,Recipe_C,e493d977-1289-4420-b102-87061598c92c,8,5.0,,,,5.77,6.62,9.36,9.77,6.74,9.93
2025-12-16T04:54:05.638122,Recipe_C,e493d977-1289-4420-b102-87061598c92c,8,5.0,,,,4.56,10.64,11.15,7.78,9.99,8.01
2025-12-16T04:54:06.638122,Recipe_C,e493d977-1289-4420-b102-87061598c92c,8,5.0,,,,10.37,9.14,14.92,13.94,7.7,6.74
2025-12-16T04:54:07.638122,Recipe_C,e493d977-1289-4420-b102-87061598c92c,8,5.0,,,,12.14,7.46,10.52,8.64,10.91,7.23
2025-12-16T04:54:08.638122,Recipe_C,e493d977-1289-4420-b102-87061598c92c,8,5.0,,,,10.05,9.83,11.01,10.28,7.24,8.16
2025-12-16T04:54:09.638122,Recipe_C,e493d977-1289-4420-b102-87061598c92c,8,5.0,,,,10.49,8.59,10.72,4.58,12.8,11.84
2025-12-16T04:54:10.638122,Recipe_C,e493d977-1289-4420-b102-87061598c92c,8,5.0,,,,10.31,7.64,9.49,9.56,7.48,10.49
2025-12-16T04:54:11.638122,Recipe_C,e493d977-1289-4420-b102-87061598c92c,8,5.0,,,,9.28,7.11,14.02,11.47,8.74,9.85
2025-12-16T04:54:12.638122,Recipe_C,e493d977-1289-4420-b102-87061598c92c,8,5.0,,,,7.1,13.52,13.4,7.76,13.05,9.68
2025-12-16T04:54:13.638122,Recipe_C,e493d977-1289-4420-b102-87061598c92c,8,5.0,,,,10.06,11.5,13.83,10.39,10.28,9.19
2025-12-16T04:54:14.638122,Recipe_C,e493d977-1289-4420-b102-87061598c92c,8,5.0,,,,12.72,9.94,10.42,9.43,10.54,10.99
2025-12-16T04:54:15.638122,Recipe_C,e493d977-1289-4420-b102-87061598c92c,8,5.0,,,,11.91,8.61,9.72,10.37,10.48,7.87
2025-12-16T04:54:16.638122,Recipe_C,e493d977-1289-4420-b102-87061598c92c,8,5.0,,,,5.72,10.41,10.41,13.28,10.55,6.8
2025-12-16T04:54:17.638122,Recipe_C,e493d977-1289-4420-b102-87061598c92c,8,5.0,,,,12.21,9.95,9.77,10.19,8.3,11.73
2025-12-16T04:54:18.638122,Recipe_C,e493d977-1289-4420-b102-87061598c92c,8,5.0,,,,7.55,9.01,10.17,8.63,6.63,10.66
2025-12-16T04:54:19.638122,Recipe_C,e493d977-1289-4420-b102-87061598c92c,8,5.0,,,,10.62,10.38,9.4,9.5,14.48,9.99
2025-12-16T04:54:20.638122,Recipe_C,e493d977-1289-4420-b102-87061598c92c,8,5.0,,,,7.86,6.83,12.49,6.9,9.69,7.86
2025-12-16T04:54:21.638122,Recipe_C,e493d977-1289-4420-b102-87061598c92c,8,5.0,,,,9.2,12.5,15.65,9.74,9.63,6.98
2025-12-16T04:54:22.638122,Recipe_C,e493d977-1289-4420-b102-87061598c92c,8,5.0,,,,9.95,12.55,8.69,13.17,9.99,8.92
2025-12-16T04:54:23.638122,Recipe_C,e493d977-1289-4420-b102-87061598c92c,8,5.0,,,,9.65,10.54,7.52,11.92,6.55,7.97
2025-12-16T04:54:24.638122,Recipe_C,e493d977-1289-4420-b102-87061598c92c,8,5.0,,,,5.44,11.46,11.45,8.1,6.0,13.56
2025-12-16T04:54:25.638122,Recipe_C,e493d977-1289-4420-b102-87061598c92c,8,5.0,,,,6.47,10.43,12.99,11.74,12.48,8.7
2025-12-16T04:54:26.638122,Recipe_C,e493d977-1289-4420-b102-87061598c92c,8,5.0,,,,10.64,8.83,11.39,9.06,6.62,7.62
2025-12-16T04:54:27.638122,Recipe_C,e493d977-1289-4420-b102-87061598c92c,8,5.0,,,,11.04,9.27,10.71,7.88,10.41,15.28
2025-12-16T04:54:28.638122,Recipe_C,e493d977-1289-4420-b102-87061598c92c,8,5.0,,,,9.56,9.53,10.23,13.16,8.87,11.49
2025-12-16T04:54:29.638122,Recipe_C,e493d977-1289-4420-b102-87061598c92c,8,5.0,,,,11.11,12.37,10.52,12.24,11.42,8.52
2025-12-16T04:54:30.638122,Recipe_C,e493d977-1289-4420-b102-87061598c92c,8,5.0,,,,13.92,9.26,15.76,7.91,6.41,8.99
2025-12-16T04:54:31.638122,Recipe_C,e493d977-1289-4420-b102-87061598c92c,8,5.0,,,,9.67,9.91,9.82,5.2,8.6,7.95
2025-12-16T04:54:32.638122,Recipe_C,e493d977-1289-4420-b102-87061598c92c,8,5.0,,,,9.18,11.19,10.72,11.28,10.53,8.42
2025-12-16T04:54:33.638122,Recipe_C,e493d977-1289-4420-b102-87061598c92c,8,5.0,,,,6.86,11.99,6.61,9.46,9.11,8.0
2025-12-16T04:54:34.638122,Recipe_C,e493d977-1289-4420-b102-87061598c92c,8,5.0,,,,11.23,7.56,15.37,10.76,7.46,6.8
2025-12-16T04:54:35.638122,Recipe_C,e493d977-1289-4420-b102-87061598c92c,8,5.0,,,,7.59,7.87,7.48,10.93,13.05,10.76
2025-12-16T04:54:36.638122,Recipe_C,e493d977-1289-4420-b102-87061598c92c,8,5.0,,,,9.12,9.59,8.38,12.03,13.47,9.15
2025-12-16T04:54:37.638122,Recipe_C,e493d977-1289-4420-b102-87061598c92c,8,5.0,,,,8.33,8.55,9.05,9.73,10.82,11.38
2025-12-16T04:54:38.638122,Recipe_C,e493d977-1289-4420-b102-87061598c92c,8,5.0,,,,9.95,8.89,11.86,9.83,8.24,8.34
2025-12-16T04:54:39.638122,Recipe_C,e493d977-1289-4420-b102-87061598c92c,8,5.0,,,,13.53,10.68,11.5,10.08,7.7,10.74
2025-12-16T04:54:40.638122,Recipe_C,e493d977-1289-4420-b102-87061598c92c,8,5.0,,,,10.16,8.53,7.02,6.67,9.67,9.01
2025-12-16T04:54:41.638122,Recipe_C,e493d977-1289-4420-b102-87061598c92c,8,5.0,,,,11.72,8.7,7.96,12.94,10.68,9.03
2025-12-16T04:54:41.638122,Recipe_C,e493d977-1289-4420-b102-87061598c92c,8,5.0,Warning_3,Simulated Warning occurred,Warning,,,,,,
2025-12-16T04:54:42.638122,Recipe_C,e493d977-1289-4420-b102-87061598c92c,8,5.0,,,,10.23,11.55,11.14,10.74,13.51,8.03
2025-12-16T04:54:43.638122,Recipe_C,e493d977-1289-4420-b102-87061598c92c,8,5.0,,,,8.39,6.83,10.13,12.01,11.39,6.79
2025-12-16T04:54:44.638122,Recipe_C,e493d977-1289-4420-b102-87061598c92c,8,5.0,,,,12.26,11.85,10.27,12.17,9.55,11.24
2025-12-16T04:54:45.638122,Recipe_C,e493d977-1289-4420-b102-87061598c92c,8,5.0,,,,10.96,12.54,13.88,8.5,9.36,6.8
2025-12-16T04:54:46.638122,Recipe_C,e493d977-1289-4420-b102-87061598c92c,8,5.0,,,,7.04,9.99,6.78,10.44,11.03,11.01
2025-12-16T04:54:47.638122,Recipe_C,e493d977-1289-4420-b102-87061598c92c,8,0.0,,,,0.0,0.0,0.0,0.0,0.0,0.0
2025-12-16T04:54:48.638122,Recipe_C,e493d977-1289-4420-b102-87061598c92c,8,0.0,,,,0.0,0.0,0.0,0.0,0.0,0.0
2025-12-16T04:54:49.638122,Recipe_C,e493d977-1289-4420-b102-87061598c92c,8,0.0,,,,0.0,0.0,0.0,0.0,0.0,0.0
2025-12-16T04:54:50.638122,Recipe_C,e493d977-1289-4420-b102-87061598c92c,8,0.0,,,,0.0,0.0,0.0,0.0,0.0,0.0
2025-12-16T04:54:51.638122,Recipe_C,e493d977-1289-4420-b102-87061598c92c,8,0.0,,,,0.0,0.0,0.0,0.0,0.0,0.0
2025-12-16T04:54:52.638122,Recipe_C,e493d977-1289-4420-b102-87061598c92c,8,0.0,,,,0.0,0.0,0.0,0.0,0.0,0.0
2025-12-16T04:54:53.638122,Recipe_C,e493d977-1289-4420-b102-87061598c92c,8,0.0,,,,0.0,0.0,0.0,0.0,0.0,0.0
2025-12-16T04:54:54.638122,Recipe_C,e493d977-1289-4420-b102-87061598c92c,8,0.0,,,,0.0,0.0,0.0,0.0,0.0,0.0
2025-12-16T04:54:55.638122,Recipe_C,e493d977-1289-4420-b102-87061598c92c,8,0.0,,,,0.0,0.0,0.0,0.0,0.0,0.0
2025-12-16T04:54:56.638122,Recipe_C,e493d977-1289-4420-b102-87061598c92c,8,0.0,,,,0.0,0.0,0.0,0.0,0.0,0.0
2025-12-16T04:54:57.638122,Recipe_C,e493d977-1289-4420-b102-87061598c92c,8,0.0,,,,0.0,0.0,0.0,0.0,0.0,0.0
2025-12-16T04:54:57.638122,Recipe_C,e493d977-1289-4420-b102-87061598c92c,8,0.0,Error_9,Simulated Error occurred,Error,,,,,,
2025-12-16T04:54:58.638122,Recipe_C,e493d977-1289-4420-b102-87061598c92c,8,0.0,,,,0.0,0.0,0.0,0.0,0.0,0.0
2025-12-16T04:54:59.638122,Recipe_C,e493d977-1289-4420-b102-87061598c92c,8,0.0,,,,0.0,0.0,0.0,0.0,0.0,0.0
2025-12-16T04:55:00.638122,Recipe_C,e493d977-1289-4420-b102-87061598c92c,8,0.0,,,,0.0,0.0,0.0,0.0,0.0,0.0
2025-12-16T04:55:01.638122,Recipe_C,e493d977-1289-4420-b102-87061598c92c,8,0.0,,,,0.0,0.0,0.0,0.0,0.0,0.0
2025-12-16T04:55:02.638122,Recipe_C,e493d977-1289-4420-b102-87061598c92c,8,0.0,,,,0.0,0.0,0.0,0.0,0.0,0.0
2025-12-16T04:55:03.638122,Recipe_C,e493d977-1289-4420-b102-87061598c92c,8,0.0,,,,0.0,0.0,0.0,0.0,0.0,0.0
2025-12-16T04:55:04.638122,Recipe_C,e493d977-1289-4420-b102-87061598c92c,8,0.0,,,,0.0,0.0,0.0,0.0,0.0,0.0
2025-12-16T04:55:05.638122,Recipe_C,e493d977-1289-4420-b102-87061598c92c,8,0.0,,,,0.0,0.0,0.0,0.0,0.0,0.0
2025-12-16T04:55:06.638122,Recipe_C,e493d977-1289-4420-b102-87061598c92c,8,0.0,,,,0.0,0.0,0.0,0.0,0.0,0.0
2025-12-16T04:55:07.638122,Recipe_C,e493d977-1289-4420-b102-87061598c92c,8,0.0,,,,0.0,0.0,0.0,0.0,0.0,0.0
2025-12-16T04:55:08.638122,Recipe_C,e493d977-1289-4420-b102-87061598c92c,8,0.0,,,,0.0,0.0,0.0,0.0,0.0,0.0
2025-12-16T04:55:09.638122,Recipe_C,e493d977-1289-4420-b102-87061598c92c,8,0.0,,,,0.0,0.0,0.0,0.0,0.0,0.0
2025-12-16T04:55:10.638122,Recipe_C,e493d977-1289-4420-b102-87061598c92c,8,0.0,,,,0.0,0.0,0.0,0.0,0.0,0.0
2025-12-16T04:55:11.638122,Recipe_C,e493d977-1289-4420-b102-87061598c92c,8,0.0,,,,0.0,0.0,0.0,0.0,0.0,0.0
2025-12-16T04:55:12.638122,Recipe_C,e493d977-1289-4420-b102-87061598c92c,8,0.0,,,,0.0,0.0,0.0,0.0,0.0,0.0
2025-12-16T04:55:13.638122,Recipe_C,e493d977-1289-4420-b102-87061598c92c,8,0.0,,,,0.0,0.0,0.0,0.0,0.0,0.0
2025-12-16T04:55:14.638122,Recipe_C,e493d977-1289-4420-b102-87061598c92c,8,0.0,,,,0.0,0.0,0.0,0.0,0.0,0.0
2025-12-16T04:55:15.638122,Recipe_C,e493d977-1289-4420-b102-87061598c92c,8,0.0,,,,0.0,0.0,0.0,0.0,0.0,0.0
2025-12-16T04:55:16.638122,Recipe_C,e493d977-1289-4420-b102-87061598c92c,8,0.0,,,,0.0,0.0,0.0,0.0,0.0,0.0
2025-12-16T04:55:17.638122,Recipe_C,e493d977-1289-4420-b102-87061598c92c,8,0.0,,,,0.0,0.0,0.0,0.0,0.0,0.0
2025-12-16T04:55:18.638122,Recipe_C,e493d977-1289-4420-b102-87061598c92c,8,0.0,,,,0.0,0.0,0.0,0.0,0.0,0.0
2025-12-16T04:55:19.638122,Recipe_C,e493d977-1289-4420-b102-87061598c92c,8,0.0,,,,0.0,0.0,0.0,0.0,0.0,0.0
2025-12-16T04:55:20.638122,Recipe_C,e493d977-1289-4420-b102-87061598c92c,8,0.0,,,,0.0,0.0,0.0,0.0,0.0,0.0
2025-12-16T04:55:21.638122,Recipe_C,e493d977-1289-4420-b102-87061598c92c,8,0.0,,,,0.0,0.0,0.0,0.0,0.0,0.0
2025-12-16T04:55:22.638122,Recipe_C,e493d977-1289-4420-b102-87061598c92c,8,0.0,,,,0.0,0.0,0.0,0.0,0.0,0.0
2025-12-16T04:55:23.638122,Recipe_C,e493d977-1289-4420-b102-87061598c92c,8,0.0,,,,0.0,0.0,0.0,0.0,0.0,0.0
2025-12-16T04:55:24.638122,Recipe_C,e493d977-1289-4420-b102-87061598c92c,8,0.0,,,,0.0,0.0,0.0,0.0,0.0,0.0
2025-12-16T04:55:25.638122,Recipe_C,e493d977-1289-4420-b102-87061598c92c,8,0.0,,,,0.0,0.0,0.0,0.0,0.0,0.0
2025-12-16T04:55:26.638122,Recipe_C,e493d977-1289-4420-b102-87061598c92c,8,0.0,,,,0.0,0.0,0.0,0.0,0.0,0.0
2025-12-16T04:55:27.638122,Recipe_C,e493d977-1289-4420-b102-87061598c92c,8,0.0,,,,0.0,0.0,0.0,0.0,0.0,0.0
2025-12-16T04:55:28.638122,Recipe_C,e493d977-1289-4420-b102-87061598c92c,8,0.0,,,,0.0,0.0,0.0,0.0,0.0,0.0
2025-12-16T04:55:29.638122,Recipe_C,e493d977-1289-4420-b102-87061598c92c,8,0.0,,,,0.0,0.0,0.0,0.0,0.0,0.0
2025-12-16T04:55:30.638122,Recipe_C,e493d977-1289-4420-b102-87061598c92c,8,1.0,,,,10.47,5.4,8.4,8.81,9.02,8.77
2025-12-16T04:55:31.638122,Recipe_C,e493d977-1289-4420-b102-87061598c92c,8,1.0,,,,9.68,10.23,10.07,14.1,11.46,10.48
2025-12-16T04:55:32.638122,Recipe_C,e493d977-1289-4420-b102-87061598c92c,8,1.0,,,,9.34,10.56,7.54,7.31,13.42,8.14
2025-12-16T04:55:33.638122,Recipe_C,e493d977-1289-4420-b102-87061598c92c,8,1.0,,,,10.16,11.62,12.73,12.38,9.77,10.83
2025-12-16T04:55:34.638122,Recipe_C,e493d977-1289-4420-b102-87061598c92c,8,1.0,,,,14.05,9.25,11.63,7.29,10.96,9.22
2025-12-16T04:55:35.638122,Recipe_C,e493d977-1289-4420-b102-87061598c92c,8,1.0,,,,11.85,11.75,10.01,11.19,6.91,6.4
2025-12-16T04:55:36.638122,Recipe_C,e493d977-1289-4420-b102-87061598c92c,8,1.0,,,,8.53,11.8,11.35,10.92,14.37,14.39
2025-12-16T04:55:37.638122,Recipe_C,e493d977-1289-4420-b102-87061598c92c,8,1.0,,,,8.93,13.94,12.06,6.45,12.13,11.61
2025-12-16T04:55:38.638122,Recipe_C,e493d977-1289-4420-b102-87061598c92c,8,1.0,,,,9.81,8.51,13.13,11.68,7.9,8.24
2025-12-16T04:55:39.638122,Recipe_C,e493d977-1289-4420-b102-87061598c92c,8,1.0,,,,13.63,10.02,9.52,10.09,11.83,9.82
2025-12-16T04:55:40.638122,Recipe_C,e493d977-1289-4420-b102-87061598c92c,8,1.0,,,,8.69,12.32,9.24,12.8,11.09,10.51
2025-12-16T04:55:41.638122,Recipe_C,e493d977-1289-4420-b102-87061598c92c,8,1.0,,,,8.25,9.74,11.13,11.86,10.72,9.88
2025-12-16T04:55:42.638122,Recipe_C,e493d977-1289-4420-b102-87061598c92c,8,1.0,,,,13.28,13.55,13.19,10.48,9.02,8.5
2025-12-16T04:55:43.638122,Recipe_C,e493d977-1289-4420-b102-87061598c92c,8,1.0,,,,9.77,11.51,10.93,8.92,4.5,9.99
2025-12-16T04:55:44.638122,Recipe_C,e493d977-1289-4420-b102-87061598c92c,8,1.0,,,,10.17,8.79,12.49,6.28,12.5,7.31
2025-12-16T04:55:45.638122,Recipe_C,e493d977-1289-4420-b102-87061598c92c,8,1.0,,,,4.48,12.05,9.46,8.93,11.07,8.05
2025-12-16T04:55:46.638122,Recipe_C,e493d977-1289-4420-b102-87061598c92c,8,1.0,,,,10.39,7.84,11.39,12.22,9.71,9.33
2025-12-16T04:55:47.638122,Recipe_C,e493d977-1289-4420-b102-87061598c92c,8,1.0,,,,10.82,11.43,9.79,9.83,7.06,9.38
2025-12-16T04:55:48.638122,Recipe_C,e493d977-1289-4420-b102-87061598c92c,8,1.0,,,,8.25,9.53,6.9,12.36,10.79,9.35
2025-12-16T04:55:49.638122,Recipe_C,e493d977-1289-4420-b102-87061598c92c,8,1.0,,,,7.46,11.26,11.11,10.43,10.77,9.9
2025-12-16T04:55:50.638122,Recipe_C,e493d977-1289-4420-b102-87061598c92c,8,1.0,,,,9.22,7.81,11.95,6.3,7.16,10.48
2025-12-16T04:55:51.638122,Recipe_C,e493d977-1289-4420-b102-87061598c92c,8,1.0,,,,10.82,10.36,10.98,13.54,13.88,12.67
2025-12-16T04:55:52.638122,Recipe_C,e493d977-1289-4420-b102-87061598c92c,8,1.0,,,,9.55,11.73,11.14,9.62,7.12,11.89
2025-12-16T04:55:53.638122,Recipe_C,e493d977-1289-4420-b102-87061598c92c,8,1.0,,,,10.94,9.03,10.69,7.93,9.24,9.15
2025-12-16T04:55:54.638122,Recipe_C,e493d977-1289-4420-b102-87061598c92c,8,1.0,,,,14.33,13.58,10.13,8.42,11.24,11.37
2025-12-16T04:55:55.638122,Recipe_C,e493d977-1289-4420-b102-87061598c92c,8,1.0,,,,10.1,9.8,8.83,8.53,10.37,10.93
2025-12-16T04:55:56.638122,Recipe_C,e493d977-1289-4420-b102-87061598c92c,8,1.0,,,,12.91,7.96,11.01,12.62,8.62,8.89
2025-12-16T04:55:57.638122,Recipe_C,e493d977-1289-4420-b102-87061598c92c,8,1.0,,,,10.96,8.48,7.71,9.72,13.8,7.24
2025-12-16T04:55:58.638122,Recipe_C,e493d977-1289-4420-b102-87061598c92c,8,1.0,,,,9.42,11.92,8.63,10.22,11.52,8.83
2025-12-16T04:55:59.638122,Recipe_C,e493d977-1289-4420-b102-87061598c92c,8,1.0,,,,9.72,11.27,11.09,7.79,7.41,7.93
2025-12-16T04:56:00.638122,Recipe_C,e493d977-1289-4420-b102-87061598c92c,8,1.0,,,,9.65,9.89,9.81,8.6,10.03,10.59
2025-12-16T04:56:01.638122,Recipe_C,e493d977-1289-4420-b102-87061598c92c,8,1.0,,,,10.51,8.48,8.45,11.77,11.98,9.79
2025-12-16T04:56:02.638122,Recipe_C,e493d977-1289-4420-b102-87061598c92c,8,1.0,,,,10.58,12.37,9.54,9.74,12.6,11.98
2025-12-16T04:56:03.638122,Recipe_C,e493d977-1289-4420-b102-87061598c92c,8,3.0,,,,9.99,11.57,8.66,9.39,9.63,11.35
2025-12-16T04:56:04.638122,Recipe_C,e493d977-1289-4420-b102-87061598c92c,8,3.0,,,,9.25,4.73,8.78,9.79,10.53,9.98
2025-12-16T04:56:05.638122,Recipe_C,e493d977-1289-4420-b102-87061598c92c,8,3.0,,,,8.48,11.36,8.85,9.14,7.07,8.01
2025-12-16T04:56:06.638122,Recipe_C,e493d977-1289-4420-b102-87061598c92c,8,3.0,,,,10.09,8.21,10.35,9.79,8.68,9.89
2025-12-16T04:56:07.638122,Recipe_C,e493d977-1289-4420-b102-87061598c92c,8,3.0,,,,11.64,9.21,10.12,11.84,11.17,11.08
2025-12-16T04:56:08.638122,Recipe_C,e493d977-1289-4420-b102-87061598c92c,8,3.0,,,,9.62,9.93,9.73,12.38,7.68,8.45
2025-12-16T04:56:09.638122,Recipe_C,e493d977-1289-4420-b102-87061598c92c,8,3.0,,,,10.06,9.51,7.27,10.03,11.58,9.21
2025-12-16T04:56:10.638122,Recipe_C,e493d977-1289-4420-b102-87061598c92c,8,3.0,,,,13.23,10.38,10.31,8.39,12.84,8.28
2025-12-16T04:56:11.638122,Recipe_C,e493d977-1289-4420-b102-87061598c92c,8,3.0,,,,14.0,10.89,8.4,10.67,9.19,10.59
2025-12-16T04:56:12.638122,Recipe_C,e493d977-1289-4420-b102-87061598c92c,8,3.0,,,,9.76,11.62,5.74,10.46,12.89,8.22
2025-12-16T04:56:13.638122,Recipe_C,e493d977-1289-4420-b102-87061598c92c,8,3.0,,,,8.63,7.34,11.13,6.01,9.75,12.05
2025-12-16T04:56:14.638122,Recipe_C,e493d977-1289-4420-b102-87061598c92c,8,3.0,,,,10.44,10.85,12.52,9.81,9.11,9.29
2025-12-16T04:56:15.638122,Recipe_C,e493d977-1289-4420-b102-87061598c92c,8,3.0,,,,9.52,10.09,11.84,9.61,6.84,9.78
2025-12-16T04:56:16.638122,Recipe_C,e493d977-1289-4420-b102-87061598c92c,8,3.0,,,,8.01,10.34,9.67,6.67,10.23,9.15
2025-12-16T04:56:17.638122,Recipe_C,e493d977-1289-4420-b102-87061598c92c,8,3.0,,,,14.1,7.68,9.86,12.32,8.63,5.9
2025-12-16T04:56:18.638122,Recipe_C,e493d977-1289-4420-b102-87061598c92c,8,0.0,,,,0.0,0.0,0.0,0.0,0.0,0.0
2025-12-16T04:56:19.638122,Recipe_C,e493d977-1289-4420-b102-87061598c92c,8,0.0,,,,0.0,0.0,0.0,0.0,0.0,0.0
2025-12-16T04:56:20.638122,Recipe_C,e493d977-1289-4420-b102-87061598c92c,8,0.0,,,,0.0,0.0,0.0,0.0,0.0,0.0
2025-12-16T04:56:21.638122,Recipe_C,e493d977-1289-4420-b102-87061598c92c,8,4.0,,,,103.53,54.27,50.36,56.86,49.03,52.5
2025-12-16T04:56:22.638122,Recipe_C,e493d977-1289-4420-b102-87061598c92c,8,4.0,,,,107.39,54.64,49.7,48.73,51.58,50.27
2025-12-16T04:56:23.638122,Recipe_C,e493d977-1289-4420-b102-87061598c92c,8,4.0,,,,92.63,50.28,55.61,55.92,51.21,56.75
2025-12-16T04:56:24.638122,Recipe_C,e493d977-1289-4420-b102-87061598c92c,8,4.0,,,,98.49,42.5,49.68,49.24,46.93,51.41
2025-12-16T04:56:25.638122,Recipe_C,e493d977-1289-4420-b102-87061598c92c,8,4.0,,,,104.69,48.39,60.23,52.51,41.09,50.14
2025-12-16T04:56:26.638122,Recipe_C,e493d977-1289-4420-b102-87061598c92c,8,4.0,,,,93.61,47.8,55.75,50.58,55.79,43.99
2025-12-16T04:56:27.638122,Recipe_C,e493d977-1289-4420-b102-87061598c92c,8,4.0,,,,96.43,48.64,51.65,50.9,58.27,51.18
2025-12-16T04:56:28.638122,Recipe_C,e493d977-1289-4420-b102-87061598c92c,8,4.0,,,,97.39,52.28,43.1,54.63,46.74,54.12
2025-12-16T04:56:29.638122,Recipe_C,e493d977-1289-4420-b102-87061598c92c,8,4.0,,,,103.19,50.54,47.78,51.32,51.41,37.53
2025-12-16T04:56:30.638122,Recipe_C,e493d977-1289-4420-b102-87061598c92c,8,4.0,,,,91.83,47.51,47.69,47.73,53.97,48.76
2025-12-16T04:56:31.638122,Recipe_C,e493d977-1289-4420-b102-87061598c92c,8,4.0,,,,101.82,52.19,53.56,49.61,52.4,56.69
2025-12-16T04:56:32.638122,Recipe_C,e493d977-1289-4420-b102-87061598c92c,8,4.0,,,,94.14,51.34,48.17,58.47,48.76,53.55
2025-12-16T04:56:33.638122,Recipe_C,e493d977-1289-4420-b102-87061598c92c,8,4.0,,,,104.31,49.1,45.42,46.88,48.01,48.11
2025-12-16T04:56:34.638122,Recipe_C,e493d977-1289-4420-b102-87061598c92c,8,4.0,,,,98.89,48.88,47.69,56.75,46.44,49.19
2025-12-16T04:56:35.638122,Recipe_C,e493d977-1289-4420-b102-87061598c92c,8,4.0,,,,99.33,48.54,44.55,45.63,55.88,58.73
2025-12-16T04:56:36.638122,Recipe_C,e493d977-1289-4420-b102-87061598c92c,8,4.0,,,,92.45,45.99,53.78,44.86,52.94,47.46
2025-12-16T04:56:37.638122,Recipe_C,e493d977-1289-4420-b102-87061598c92c,8,4.0,,,,100.62,50.75,48.19,46.6,55.75,45.5
2025-12-16T04:56:38.638122,Recipe_C,e493d977-1289-4420-b102-87061598c92c,8,4.0,,,,96.26,55.78,50.86,44.51,52.16,55.1
2025-12-16T04:56:39.638122,Recipe_C,e493d977-1289-4420-b102-87061598c92c,8,4.0,,,,100.34,52.77,50.31,49.6,49.69,46.37
2025-12-16T04:56:40.638122,Recipe_C,e493d977-1289-4420-b102-87061598c92c,8,4.0,,,,103.0,54.09,45.24,51.43,44.78,47.95
2025-12-16T04:56:41.638122,Recipe_C,e493d977-1289-4420-b102-87061598c92c,8,4.0,,,,92.84,43.77,47.3,46.94,36.02,45.93
2025-12-16T04:56:42.638122,Recipe_C,e493d977-1289-4420-b102-87061598c92c,8,4.0,,,,110.66,44.63,48.61,51.56,44.74,42.28
2025-12-16T04:56:43.638122,Recipe_C,e493d977-1289-4420-b102-87061598c92c,8,2.0,,,,7.52,8.65,10.5,8.78,13.38,9.4
2025-12-16T04:56:44.638122,Recipe_C,e493d977-1289-4420-b102-87061598c92c,8,2.0,,,,10.12,8.1,8.82,13.68,9.19,9.0
2025-12-16T04:56:45.638122,Recipe_C,e493d977-1289-4420-b102-87061598c92c,8,2.0,,,,12.65,8.83,6.1,10.47,7.99,10.02
2025-12-16T04:56:46.638122,Recipe_C,e493d977-1289-4420-b102-87061598c92c,8,2.0,,,,11.86,8.82,7.72,11.21,5.92,10.63
2025-12-16T04:56:47.638122,Recipe_C,e493d977-1289-4420-b102-87061598c92c,8,2.0,,,,11.73,12.41,8.63,11.63,7.95,11.3
2025-12-16T04:56:48.638122,Recipe_C,e493d977-1289-4420-b102-87061598c92c,8,2.0,,,,9.2,12.86,13.66,10.87,7.53,12.17
2025-12-16T04:56:49.638122,Recipe_C,e493d977-1289-4420-b102-87061598c92c,8,2.0,,,,8.3,7.86,5.25,8.88,9.02,6.79
2025-12-16T04:56:50.638122,Recipe_C,e493d977-1289-4420-b102-87061598c92c,8,2.0,,,,10.19,6.82,4.01,5.69,12.05,13.45
2025-12-16T04:56:51.638122,Recipe_C,e493d977-1289-4420-b102-87061598c92c,8,2.0,,,,7.1,10.07,8.81,8.84,12.22,13.01
2025-12-16T04:56:52.638122,Recipe_C,e493d977-1289-4420-b102-87061598c92c,8,2.0,,,,12.17,10.9,10.7,8.96,8.93,5.47
2025-12-16T04:56:53.638122,Recipe_C,e493d977-1289-4420-b102-87061598c92c,8,2.0,,,,11.12,8.94,11.36,12.6,10.31,10.2
2025-12-16T04:56:54.638122,Recipe_C,e493d977-1289-4420-b102-87061598c92c,8,2.0,,,,9.69,12.3,10.25,10.74,9.94,8.2
2025-12-16T04:56:55.638122,Recipe_C,e493d977-1289-4420-b102-87061598c92c,8,2.0,,,,9.76,7.23,7.85,10.01,6.45,9.83
2025-12-16T04:56:56.638122,Recipe_C,e493d977-1289-4420-b102-87061598c92c,8,2.0,,,,9.22,9.72,12.39,13.8,8.96,10.78
2025-12-16T04:56:57.638122,Recipe_C,e493d977-1289-4420-b102-87061598c92c,8,2.0,,,,11.54,13.09,6.78,15.35,10.25,11.33
2025-12-16T04:56:58.638122,Recipe_C,e493d977-1289-4420-b102-87061598c92c,8,2.0,,,,6.18,9.32,7.04,9.76,8.82,10.11
2025-12-16T04:56:59.638122,Recipe_C,e493d977-1289-4420-b102-87061598c92c,8,2.0,,,,11.55,10.84,8.15,11.29,12.87,9.93
2025-12-16T04:57:00.638122,Recipe_C,e493d977-1289-4420-b102-87061598c92c,8,2.0,,,,7.64,10.03,14.09,11.88,9.68,8.9
2025-12-16T04:57:01.638122,Recipe_C,e493d977-1289-4420-b102-87061598c92c,8,2.0,,,,10.39,13.65,8.58,15.34,8.5,12.07
2025-12-16T04:57:02.638122,Recipe_C,e493d977-1289-4420-b102-87061598c92c,8,2.0,,,,9.7,9.42,10.76,8.59,8.12,8.01
2025-12-16T04:57:03.638122,Recipe_C,e493d977-1289-4420-b102-87061598c92c,8,2.0,,,,8.98,6.44,6.67,9.8,11.05,11.68
2025-12-16T04:57:04.638122,Recipe_C,e493d977-1289-4420-b102-87061598c92c,8,2.0,,,,10.12,9.9,8.78,13.06,13.64,9.62
2025-12-16T04:57:05.638122,Recipe_C,e493d977-1289-4420-b102-87061598c92c,8,2.0,,,,9.51,10.05,9.94,10.21,11.56,12.29
2025-12-16T04:57:06.638122,Recipe_C,e493d977-1289-4420-b102-87061598c92c,8,2.0,,,,7.83,9.04,8.22,9.47,10.29,12.79
2025-12-16T04:57:07.638122,Recipe_C,e493d977-1289-4420-b102-87061598c92c,8,2.0,,,,10.57,11.93,10.19,9.33,11.67,8.7
2025-12-16T04:57:08.638122,Recipe_C,e493d977-1289-4420-b102-87061598c92c,8,2.0,,,,8.3,8.59,8.01,10.36,9.88,6.93
2025-12-16T04:57:09.638122,Recipe_C,e493d977-1289-4420-b102-87061598c92c,8,2.0,,,,8.19,11.11,13.71,10.43,9.38,10.05
2025-12-16T04:57:10.638122,Recipe_C,e493d977-1289-4420-b102-87061598c92c,8,2.0,,,,11.64,11.85,9.47,12.08,12.97,11.76
2025-12-16T04:57:11.638122,Recipe_C,e493d977-1289-4420-b102-87061598c92c,8,2.0,,,,12.26,8.94,10.96,8.02,6.49,8.6
2025-12-16T04:57:12.638122,Recipe_C,e493d977-1289-4420-b102-87061598c92c,8,2.0,,,,9.29,8.32,10.72,7.93,5.43,11.63
2025-12-16T04:57:13.638122,Recipe_C,e493d977-1289-4420-b102-87061598c92c,8,2.0,,,,9.31,8.85,8.59,9.71,8.48,9.91
2025-12-16T04:57:14.638122,Recipe_C,e493d977-1289-4420-b102-87061598c92c,8,2.0,,,,9.08,6.88,11.54,8.7,8.53,11.61
2025-12-16T04:57:15.638122,Recipe_C,e493d977-1289-4420-b102-87061598c92c,8,2.0,,,,10.75,9.08,12.19,8.24,12.65,8.83
2025-12-16T04:57:16.638122,Recipe_C,e493d977-1289-4420-b102-87061598c92c,8,2.0,,,,8.03,14.2,6.17,6.47,7.01,8.21
2025-12-16T04:57:17.638122,Recipe_C,e493d977-1289-4420-b102-87061598c92c,8,2.0,,,,12.22,9.31,8.29,12.49,6.81,10.37
2025-12-16T04:57:18.638122,Recipe_C,e493d977-1289-4420-b102-87061598c92c,8,2.0,,,,8.34,10.31,8.8,10.77,12.19,9.48
2025-12-16T04:57:19.638122,Recipe_C,e493d977-1289-4420-b102-87061598c92c,8,2.0,,,,10.06,9.33,9.3,12.17,14.17,10.23
2025-12-16T04:57:20.638122,Recipe_C,e493d977-1289-4420-b102-87061598c92c,8,2.0,,,,9.29,6.97,10.24,9.04,8.13,10.28
2025-12-16T04:57:21.638122,Recipe_C,e493d977-1289-4420-b102-87061598c92c,8,2.0,,,,8.05,14.17,7.83,9.59,7.98,9.79
2025-12-16T04:57:22.638122,Recipe_C,e493d977-1289-4420-b102-87061598c92c,8,2.0,,,,8.84,8.15,11.56,6.09,7.72,8.91
2025-12-16T04:57:23.638122,Recipe_C,e493d977-1289-4420-b102-87061598c92c,8,2.0,,,,10.08,8.01,8.71,8.56,11.43,11.5
2025-12-16T04:57:24.638122,Recipe_C,e493d977-1289-4420-b102-87061598c92c,8,2.0,,,,9.36,9.9,7.61,8.45,11.81,8.48
2025-12-16T04:57:25.638122,Recipe_C,e493d977-1289-4420-b102-87061598c92c,8,2.0,,,,8.67,12.05,8.38,12.93,10.29,8.13
2025-12-16T04:57:26.638122,Recipe_C,e493d977-1289-4420-b102-87061598c92c,8,2.0,,,,10.1,9.86,8.63,11.8,11.07,10.68
2025-12-16T04:57:27.638122,Recipe_C,e493d977-1289-4420-b102-87061598c92c,8,2.0,,,,10.54,9.46,12.56,8.28,12.66,12.26
2025-12-16T04:57:28.638122,Recipe_C,e493d977-1289-4420-b102-87061598c92c,8,2.0,,,,9.82,8.77,7.4,11.21,5.43,11.92
2025-12-16T04:57:29.638122,Recipe_C,e493d977-1289-4420-b102-87061598c92c,8,2.0,,,,10.08,11.02,8.76,9.87,13.03,12.99
2025-12-16T04:57:30.638122,Recipe_C,e493d977-1289-4420-b102-87061598c92c,8,2.0,,,,5.38,9.21,7.73,12.79,11.73,10.4
2025-12-16T04:57:31.638122,Recipe_C,e493d977-1289-4420-b102-87061598c92c,8,2.0,,,,10.94,10.19,8.35,8.92,9.69,9.41
2025-12-16T04:57:32.638122,Recipe_C,e493d977-1289-4420-b102-87061598c92c,8,2.0,,,,6.43,10.81,8.5,9.44,9.25,8.86
2025-12-16T04:57:33.638122,Recipe_C,e493d977-1289-4420-b102-87061598c92c,8,2.0,,,,9.63,10.34,11.98,9.6,10.8,11.3
2025-12-16T04:57:34.638122,Recipe_C,e493d977-1289-4420-b102-87061598c92c,8,2.0,,,,9.81,10.63,7.94,8.35,12.44,7.88
2025-12-16T04:57:35.638122,Recipe_C,e493d977-1289-4420-b102-87061598c92c,8,2.0,,,,13.0,10.09,7.79,9.21,9.73,9.09
2025-12-16T04:57:36.638122,Recipe_C,e493d977-1289-4420-b102-87061598c92c,8,2.0,,,,6.58,11.71,10.51,10.11,11.11,7.74
2025-12-16T04:57:37.638122,Recipe_C,e493d977-1289-4420-b102-87061598c92c,8,2.0,,,,11.67,11.06,11.27,12.25,6.98,8.42
2025-12-16T04:57:38.638122,Recipe_C,e493d977-1289-4420-b102-87061598c92c,8,2.0,,,,9.42,10.93,9.83,12.77,13.67,9.62
2025-12-16T04:57:39.638122,Recipe_C,e493d977-1289-4420-b102-87061598c92c,8,2.0,,,,9.44,10.1,12.83,11.23,11.51,9.0
2025-12-16T04:57:40.638122,Recipe_C,e493d977-1289-4420-b102-87061598c92c,8,2.0,,,,9.61,9.71,8.0,10.01,7.33,7.9
2025-12-16T04:57:41.638122,Recipe_C,e493d977-1289-4420-b102-87061598c92c,8,2.0,,,,12.92,11.46,10.44,10.29,11.02,12.89
2025-12-16T04:57:42.638122,Recipe_C,e493d977-1289-4420-b102-87061598c92c,8,2.0,,,,7.9,6.57,12.12,9.25,9.7,9.15
2025-12-16T04:57:43.638122,Recipe_C,e493d977-1289-4420-b102-87061598c92c,8,2.0,,,,7.12,8.31,6.78,8.69,10.84,8.1
2025-12-16T04:57:44.638122,Recipe_C,e493d977-1289-4420-b102-87061598c92c,8,2.0,,,,5.68,8.36,12.73,9.6,11.99,10.42
2025-12-16T04:57:45.638122,Recipe_C,e493d977-1289-4420-b102-87061598c92c,8,2.0,,,,9.97,10.01,9.66,8.45,9.71,8.38
2025-12-16T04:57:46.638122,Recipe_C,e493d977-1289-4420-b102-87061598c92c,8,2.0,,,,11.24,9.23,7.8,7.31,10.55,7.15
2025-12-16T04:57:47.638122,Recipe_C,e493d977-1289-4420-b102-87061598c92c,8,2.0,,,,9.5,7.3,11.71,11.12,6.05,12.62
2025-12-16T04:57:48.638122,Recipe_C,e493d977-1289-4420-b102-87061598c92c,8,2.0,,,,12.57,6.16,11.68,10.58,10.23,9.32
2025-12-16T04:57:49.638122,Recipe_C,e493d977-1289-4420-b102-87061598c92c,8,2.0,,,,10.46,12.49,11.09,9.59,6.21,5.15
2025-12-16T04:57:50.638122,Recipe_C,e493d977-1289-4420-b102-87061598c92c,8,2.0,,,,11.41,10.26,7.23,9.13,10.93,6.83
2025-12-16T04:57:51.638122,Recipe_C,e493d977-1289-4420-b102-87061598c92c,8,2.0,,,,10.44,8.9,8.02,7.35,11.26,13.68
2025-12-16T04:57:52.638122,Recipe_C,e493d977-1289-4420-b102-87061598c92c,8,2.0,,,,7.78,10.86,10.92,9.29,13.34,12.39
2025-12-16T04:57:53.638122,Recipe_C,e493d977-1289-4420-b102-87061598c92c,8,2.0,,,,4.88,8.72,10.22,10.9,7.8,10.38
2025-12-16T04:57:54.638122,Recipe_C,e493d977-1289-4420-b102-87061598c92c,8,2.0,,,,8.54,8.59,9.22,8.56,9.26,11.8
2025-12-16T04:57:55.638122,Recipe_C,e493d977-1289-4420-b102-87061598c92c,8,2.0,,,,6.77,12.32,11.51,10.16,9.9,9.42
2025-12-16T04:57:56.638122,Recipe_C,e493d977-1289-4420-b102-87061598c92c,8,2.0,,,,8.84,9.39,9.47,11.08,11.88,9.83
2025-12-16T04:57:57.638122,Recipe_C,e493d977-1289-4420-b102-87061598c92c,8,2.0,,,,11.09,9.41,6.54,11.42,12.25,9.71
2025-12-16T04:57:58.638122,Recipe_C,e493d977-1289-4420-b102-87061598c92c,8,2.0,,,,10.16,11.35,12.66,12.78,11.4,9.29
2025-12-16T04:57:59.638122,Recipe_C,e493d977-1289-4420-b102-87061598c92c,8,2.0,,,,5.59,15.11,11.37,10.41,7.96,9.47
2025-12-16T04:58:00.638122,Recipe_C,e493d977-1289-4420-b102-87061598c92c,8,2.0,,,,6.92,12.36,16.15,11.94,10.76,7.45
2025-12-16T04:58:01.638122,Recipe_C,e493d977-1289-4420-b102-87061598c92c,8,2.0,,,,12.28,10.36,9.39,6.63,14.13,8.07
2025-12-16T04:58:02.638122,Recipe_C,e493d977-1289-4420-b102-87061598c92c,8,2.0,,,,10.77,11.15,11.86,11.48,8.99,11.83
2025-12-16T04:58:03.638122,Recipe_C,e493d977-1289-4420-b102-87061598c92c,8,4.0,,,,100.33,42.51,44.84,50.16,52.02,51.06
2025-12-16T04:58:04.638122,Recipe_C,e493d977-1289-4420-b102-87061598c92c,8,4.0,,,,105.94,54.78,53.21,41.16,39.21,61.9
2025-12-16T04:58:05.638122,Recipe_C,e493d977-1289-4420-b102-87061598c92c,8,4.0,,,,100.6,54.95,50.22,56.32,45.46,46.95
2025-12-16T04:58:06.638122,Recipe_C,e493d977-1289-4420-b102-87061598c92c,8,4.0,,,,99.01,49.7,49.86,52.21,53.1,47.39
2025-12-16T04:58:07.638122,Recipe_C,e493d977-1289-4420-b102-87061598c92c,8,4.0,,,,96.95,42.87,45.32,43.84,40.89,44.04
2025-12-16T04:58:08.638122,Recipe_C,e493d977-1289-4420-b102-87061598c92c,8,4.0,,,,104.59,55.05,44.16,49.76,52.83,52.88
2025-12-16T04:58:09.638122,Recipe_C,e493d977-1289-4420-b102-87061598c92c,8,4.0,,,,110.37,44.36,48.13,43.11,55.32,52.85
2025-12-16T04:58:10.638122,Recipe_C,e493d977-1289-4420-b102-87061598c92c,8,4.0,,,,98.34,48.73,56.13,41.32,48.44,53.19
2025-12-16T04:58:11.638122,Recipe_C,e493d977-1289-4420-b102-87061598c92c,8,4.0,,,,96.83,51.26,48.24,59.24,44.09,53.62
2025-12-16T04:58:12.638122,Recipe_C,e493d977-1289-4420-b102-87061598c92c,8,4.0,,,,96.74,41.64,49.83,54.77,42.84,52.78
2025-12-16T04:58:13.638122,Recipe_C,e493d977-1289-4420-b102-87061598c92c,8,4.0,,,,97.52,52.63,49.52,44.31,42.69,44.53
2025-12-16T04:58:14.638122,Recipe_C,e493d977-1289-4420-b102-87061598c92c,8,4.0,,,,100.73,42.73,51.02,50.27,41.07,54.93
2025-12-16T04:58:15.638122,Recipe_C,e493d977-1289-4420-b102-87061598c92c,8,4.0,,,,103.69,51.58,55.34,53.2,55.9,57.15
2025-12-16T04:58:16.638122,Recipe_C,e493d977-1289-4420-b102-87061598c92c,8,4.0,,,,110.22,53.5,55.48,42.86,42.13,41.49
2025-12-16T04:58:17.638122,Recipe_C,e493d977-1289-4420-b102-87061598c92c,8,4.0,,,,87.58,51.28,47.42,52.31,51.36,48.93
2025-12-16T04:58:18.638122,Recipe_C,e493d977-1289-4420-b102-87061598c92c,8,4.0,,,,97.5,55.66,44.3,40.42,52.6,48.58
2025-12-16T04:58:19.638122,Recipe_C,e493d977-1289-4420-b102-87061598c92c,8,4.0,,,,106.72,49.09,49.36,51.64,52.18,51.61
2025-12-16T04:58:20.638122,Recipe_C,e493d977-1289-4420-b102-87061598c92c,8,4.0,,,,98.79,58.05,39.25,46.44,56.1,56.27
2025-12-16T04:58:21.638122,Recipe_C,e493d977-1289-4420-b102-87061598c92c,8,4.0,,,,102.68,57.39,49.72,45.59,42.94,53.25
2025-12-16T04:58:22.638122,Recipe_C,e493d977-1289-4420-b102-87061598c92c,8,4.0,,,,102.88,47.26,48.01,56.43,47.9,55.43
2025-12-16T04:58:23.638122,Recipe_C,e493d977-1289-4420-b102-87061598c92c,8,4.0,,,,104.76,56.29,46.79,53.59,42.89,53.76
2025-12-16T04:58:24.638122,Recipe_C,e493d977-1289-4420-b102-87061598c92c,8,5.0,,,,10.85,7.77,10.37,11.3,7.95,8.43
2025-12-16T04:58:25.638122,Recipe_C,e493d977-1289-4420-b102-87061598c92c,8,5.0,,,,12.89,6.32,11.71,6.86,11.18,8.03
2025-12-16T04:58:26.638122,Recipe_C,e493d977-1289-4420-b102-87061598c92c,8,5.0,,,,9.98,7.4,10.56,9.52,12.16,7.74
2025-12-16T04:58:27.638122,Recipe_C,e493d977-1289-4420-b102-87061598c92c,8,5.0,,,,5.21,10.41,8.26,11.56,9.48,11.68
2025-12-16T04:58:28.638122,Recipe_C,e493d977-1289-4420-b102-87061598c92c,8,5.0,,,,9.56,4.68,8.01,13.39,12.21,11.72
2025-12-16T04:58:29.638122,Recipe_C,e493d977-1289-4420-b102-87061598c92c,8,5.0,,,,12.9,11.23,11.03,6.79,11.3,10.68
2025-12-16T04:58:30.638122,Recipe_C,e493d977-1289-4420-b102-87061598c92c,8,5.0,,,,7.87,7.62,9.42,11.07,11.97,6.43
2025-12-16T04:58:31.638122,Recipe_C,e493d977-1289-4420-b102-87061598c92c,8,5.0,,,,6.54,7.41,7.86,10.72,12.88,12.58
2025-12-16T04:58:32.638122,Recipe_C,e493d977-1289-4420-b102-87061598c92c,8,5.0,,,,11.78,8.73,11.79,11.92,10.18,10.2
2025-12-16T04:58:33.638122,Recipe_C,e493d977-1289-4420-b102-87061598c92c,8,5.0,,,,13.25,12.18,11.64,10.4,6.85,11.38
2025-12-16T04:58:34.638122,Recipe_C,e493d977-1289-4420-b102-87061598c92c,8,5.0,,,,10.36,5.68,12.34,10.23,10.12,8.23
2025-12-16T04:58:35.638122,Recipe_C,e493d977-1289-4420-b102-87061598c92c,8,5.0,,,,8.84,12.59,8.93,12.58,11.14,6.28
2025-12-16T04:58:36.638122,Recipe_C,e493d977-1289-4420-b102-87061598c92c,8,5.0,,,,7.94,14.22,10.65,10.41,12.5,9.05
2025-12-16T04:58:37.638122,Recipe_C,e493d977-1289-4420-b102-87061598c92c,8,5.0,,,,5.44,7.8,10.6,9.8,8.85,14.78
2025-12-16T04:58:38.638122,Recipe_C,e493d977-1289-4420-b102-87061598c92c,8,5.0,,,,14.4,9.03,9.56,8.45,12.25,10.61
2025-12-16T04:58:38.638122,Recipe_C,e493d977-1289-4420-b102-87061598c92c,8,5.0,Warning_7,Simulated Warning occurred,Warning,,,,,,
2025-12-16T04:58:39.638122,Recipe_C,e493d977-1289-4420-b102-87061598c92c,8,5.0,,,,9.34,11.69,10.06,9.09,9.04,10.03
2025-12-16T04:58:39.638122,Recipe_C,e493d977-1289-4420-b102-87061598c92c,8,5.0,Warning_10,Simulated Warning occurred,Warning,,,,,,
2025-12-16T04:58:40.638122,Recipe_C,e493d977-1289-4420-b102-87061598c92c,8,5.0,,,,7.68,11.49,8.65,8.77,6.58,11.53
2025-12-16T04:58:41.638122,Recipe_C,e493d977-1289-4420-b102-87061598c92c,8,0.0,,,,0.0,0.0,0.0,0.0,0.0,0.0
2025-12-16T04:58:42.638122,Recipe_C,e493d977-1289-4420-b102-87061598c92c,8,0.0,,,,0.0,0.0,0.0,0.0,0.0,0.0
2025-12-16T04:58:43.638122,Recipe_C,e493d977-1289-4420-b102-87061598c92c,8,0.0,,,,0.0,0.0,0.0,0.0,0.0,0.0
2025-12-16T04:58:44.638122,Recipe_C,e493d977-1289-4420-b102-87061598c92c,8,0.0,,,,0.0,0.0,0.0,0.0,0.0,0.0
2025-12-16T04:58:45.638122,Recipe_C,e493d977-1289-4420-b102-87061598c92c,8,0.0,,,,0.0,0.0,0.0,0.0,0.0,0.0
2025-12-16T04:58:46.638122,Recipe_C,e493d977-1289-4420-b102-87061598c92c,8,0.0,,,,0.0,0.0,0.0,0.0,0.0,0.0
2025-12-16T04:58:47.638122,Recipe_C,e493d977-1289-4420-b102-87061598c92c,8,0.0,,,,0.0,0.0,0.0,0.0,0.0,0.0
2025-12-16T04:58:48.638122,Recipe_C,e493d977-1289-4420-b102-87061598c92c,8,0.0,,,,0.0,0.0,0.0,0.0,0.0,0.0
2025-12-16T04:58:49.638122,Recipe_C,e493d977-1289-4420-b102-87061598c92c,8,0.0,,,,0.0,0.0,0.0,0.0,0.0,0.0
2025-12-16T04:58:50.638122,Recipe_C,e493d977-1289-4420-b102-87061598c92c,8,0.0,,,,0.0,0.0,0.0,0.0,0.0,0.0
2025-12-16T04:58:51.638122,Recipe_C,e493d977-1289-4420-b102-87061598c92c,8,0.0,,,,0.0,0.0,0.0,0.0,0.0,0.0
2025-12-16T04:58:52.638122,Recipe_C,e493d977-1289-4420-b102-87061598c92c,8,0.0,,,,0.0,0.0,0.0,0.0,0.0,0.0
2025-12-16T04:58:53.638122,Recipe_C,e493d977-1289-4420-b102-87061598c92c,8,0.0,,,,0.0,0.0,0.0,0.0,0.0,0.0
2025-12-16T04:58:54.638122,Recipe_C,e493d977-1289-4420-b102-87061598c92c,8,0.0,,,,0.0,0.0,0.0,0.0,0.0,0.0
2025-12-16T04:58:55.638122,Recipe_C,e493d977-1289-4420-b102-87061598c92c,8,0.0,,,,0.0,0.0,0.0,0.0,0.0,0.0
2025-12-16T04:58:56.638122,Recipe_C,e493d977-1289-4420-b102-87061598c92c,8,0.0,,,,0.0,0.0,0.0,0.0,0.0,0.0
2025-12-16T04:58:57.638122,Recipe_C,e493d977-1289-4420-b102-87061598c92c,8,0.0,,,,0.0,0.0,0.0,0.0,0.0,0.0
2025-12-16T04:58:58.638122,Recipe_C,e493d977-1289-4420-b102-87061598c92c,8,0.0,,,,0.0,0.0,0.0,0.0,0.0,0.0
2025-12-16T04:58:59.638122,Recipe_C,e493d977-1289-4420-b102-87061598c92c,8,0.0,,,,0.0,0.0,0.0,0.0,0.0,0.0
2025-12-16T04:59:00.638122,Recipe_C,e493d977-1289-4420-b102-87061598c92c,8,0.0,,,,0.0,0.0,0.0,0.0,0.0,0.0
2025-12-16T04:59:01.638122,Recipe_C,e493d977-1289-4420-b102-87061598c92c,8,0.0,,,,0.0,0.0,0.0,0.0,0.0,0.0
2025-12-16T04:59:02.638122,Recipe_C,e493d977-1289-4420-b102-87061598c92c,8,0.0,,,,0.0,0.0,0.0,0.0,0.0,0.0
2025-12-16T04:59:03.638122,Recipe_C,e493d977-1289-4420-b102-87061598c92c,8,0.0,,,,0.0,0.0,0.0,0.0,0.0,0.0
2025-12-16T04:59:04.638122,Recipe_C,e493d977-1289-4420-b102-87061598c92c,8,0.0,,,,0.0,0.0,0.0,0.0,0.0,0.0
2025-12-16T04:59:05.638122,Recipe_C,e493d977-1289-4420-b102-87061598c92c,8,0.0,,,,0.0,0.0,0.0,0.0,0.0,0.0
2025-12-16T04:59:06.638122,Recipe_C,e493d977-1289-4420-b102-87061598c92c,8,0.0,,,,0.0,0.0,0.0,0.0,0.0,0.0
2025-12-16T04:59:07.638122,Recipe_C,e493d977-1289-4420-b102-87061598c92c,8,0.0,,,,0.0,0.0,0.0,0.0,0.0,0.0
2025-12-16T04:59:08.638122,Recipe_C,e493d977-1289-4420-b102-87061598c92c,8,0.0,,,,0.0,0.0,0.0,0.0,0.0,0.0
2025-12-16T04:59:09.638122,Recipe_C,e493d977-1289-4420-b102-87061598c92c,8,0.0,,,,0.0,0.0,0.0,0.0,0.0,0.0
2025-12-16T04:59:10.638122,Recipe_C,e493d977-1289-4420-b102-87061598c92c,8,0.0,,,,0.0,0.0,0.0,0.0,0.0,0.0
2025-12-16T04:59:11.638122,Recipe_C,e493d977-1289-4420-b102-87061598c92c,8,0.0,,,,0.0,0.0,0.0,0.0,0.0,0.0
2025-12-16T04:59:12.638122,Recipe_C,e493d977-1289-4420-b102-87061598c92c,8,0.0,,,,0.0,0.0,0.0,0.0,0.0,0.0
2025-12-16T04:59:13.638122,Recipe_C,e493d977-1289-4420-b102-87061598c92c,8,0.0,,,,0.0,0.0,0.0,0.0,0.0,0.0
2025-12-16T04:59:14.638122,Recipe_C,e493d977-1289-4420-b102-87061598c92c,8,0.0,,,,0.0,0.0,0.0,0.0,0.0,0.0
2025-12-16T04:59:15.638122,Recipe_C,e493d977-1289-4420-b102-87061598c92c,8,0.0,,,,0.0,0.0,0.0,0.0,0.0,0.0
2025-12-16T04:59:16.638122,Recipe_C,e493d977-1289-4420-b102-87061598c92c,8,0.0,,,,0.0,0.0,0.0,0.0,0.0,0.0
2025-12-16T04:59:17.638122,Recipe_C,e493d977-1289-4420-b102-87061598c92c,8,0.0,,,,0.0,0.0,0.0,0.0,0.0,0.0
2025-12-16T04:59:18.638122,Recipe_C,e493d977-1289-4420-b102-87061598c92c,8,0.0,,,,0.0,0.0,0.0,0.0,0.0,0.0
2025-12-16T04:59:19.638122,Recipe_C,e493d977-1289-4420-b102-87061598c92c,8,0.0,,,,0.0,0.0,0.0,0.0,0.0,0.0
2025-12-16T04:59:20.638122,Recipe_C,e493d977-1289-4420-b102-87061598c92c,8,0.0,,,,0.0,0.0,0.0,0.0,0.0,0.0
2025-12-16T04:59:21.638122,Recipe_C,e493d977-1289-4420-b102-87061598c92c,8,0.0,,,,0.0,0.0,0.0,0.0,0.0,0.0
2025-12-16T04:59:22.638122,Recipe_C,e493d977-1289-4420-b102-87061598c92c,8,0.0,,,,0.0,0.0,0.0,0.0,0.0,0.0
2025-12-16T04:59:23.638122,Recipe_C,e493d977-1289-4420-b102-87061598c92c,8,0.0,,,,0.0,0.0,0.0,0.0,0.0,0.0
2025-12-16T04:59:24.638122,Recipe_C,e493d977-1289-4420-b102-87061598c92c,8,4.0,,,,105.03,53.17,51.52,47.1,60.92,45.86
2025-12-16T04:59:25.638122,Recipe_C,e493d977-1289-4420-b102-87061598c92c,8,4.0,,,,99.68,48.98,45.01,43.14,47.73,44.04
2025-12-16T04:59:26.638122,Recipe_C,e493d977-1289-4420-b102-87061598c92c,8,4.0,,,,99.9,43.86,60.7,52.31,49.73,42.97
2025-12-16T04:59:27.638122,Recipe_C,e493d977-1289-4420-b102-87061598c92c,8,4.0,,,,95.47,42.0,52.74,45.71,54.97,44.98
2025-12-16T04:59:28.638122,Recipe_C,e493d977-1289-4420-b102-87061598c92c,8,4.0,,,,104.35,53.81,52.01,49.98,52.21,43.99
2025-12-16T04:59:29.638122,Recipe_C,e493d977-1289-4420-b102-87061598c92c,8,4.0,,,,103.73,48.85,50.7,38.73,55.47,54.14
2025-12-16T04:59:30.638122,Recipe_C,e493d977-1289-4420-b102-87061598c92c,8,4.0,,,,108.85,52.53,62.25,58.31,47.8,40.8
2025-12-16T04:59:31.638122,Recipe_C,e493d977-1289-4420-b102-87061598c92c,8,4.0,,,,107.31,52.27,54.46,54.68,50.28,51.9
2025-12-16T04:59:32.638122,Recipe_C,e493d977-1289-4420-b102-87061598c92c,8,4.0,,,,102.74,50.65,41.53,47.0,50.75,49.18
2025-12-16T04:59:33.638122,Recipe_C,e493d977-1289-4420-b102-87061598c92c,8,4.0,,,,101.38,51.17,51.62,51.29,50.4,49.71
2025-12-16T04:59:34.638122,Recipe_C,e493d977-1289-4420-b102-87061598c92c,8,4.0,,,,96.74,51.11,60.53,47.49,52.87,45.2
2025-12-16T04:59:35.638122,Recipe_C,e493d977-1289-4420-b102-87061598c92c,8,4.0,,,,94.74,56.39,48.24,42.52,53.29,56.73
2025-12-16T04:59:36.638122,Recipe_C,e493d977-1289-4420-b102-87061598c92c,8,4.0,,,,103.61,49.82,44.88,58.36,40.83,46.44
2025-12-16T04:59:37.638122,Recipe_C,e493d977-1289-4420-b102-87061598c92c,8,4.0,,,,106.55,41.86,44.78,51.18,53.48,48.39
2025-12-16T04:59:38.638122,Recipe_C,e493d977-1289-4420-b102-87061598c92c,8,4.0,,,,101.26,52.03,42.73,44.53,55.88,42.02
2025-12-16T04:59:39.638122,Recipe_C,e493d977-1289-4420-b102-87061598c92c,8,4.0,,,,100.46,42.5,48.4,44.04,44.76,43.91
2025-12-16T04:59:40.638122,Recipe_C,e493d977-1289-4420-b102-87061598c92c,8,4.0,,,,87.8,52.63,54.43,56.88,43.57,50.61
2025-12-16T04:59:41.638122,Recipe_C,e493d977-1289-4420-b102-87061598c92c,8,4.0,,,,106.88,47.91,46.57,58.1,56.55,57.19
2025-12-16T04:59:42.638122,Recipe_C,e493d977-1289-4420-b102-87061598c92c,8,4.0,,,,99.41,51.83,45.8,46.54,48.29,46.57
2025-12-16T04:59:43.638122,Recipe_C,e493d977-1289-4420-b102-87061598c92c,8,4.0,,,,96.79,57.35,50.96,53.8,44.3,56.58
2025-12-16T04:59:44.638122,Recipe_C,e493d977-1289-4420-b102-87061598c92c,8,4.0,,,,95.28,48.18,54.34,50.9,44.48,50.93
2025-12-16T04:59:45.638122,Recipe_C,e493d977-1289-4420-b102-87061598c92c,8,4.0,,,,99.19,39.55,57.19,52.75,47.12,47.44
2025-12-16T04:59:46.638122,Recipe_C,e493d977-1289-4420-b102-87061598c92c,8,4.0,,,,97.67,55.17,46.93,61.77,47.96,45.21
2025-12-16T04:59:47.638122,Recipe_C,e493d977-1289-4420-b102-87061598c92c,8,4.0,,,,102.66,47.25,48.18,57.62,45.24,42.0
2025-12-16T04:59:48.638122,Recipe_C,e493d977-1289-4420-b102-87061598c92c,8,4.0,,,,103.29,44.71,52.78,46.11,47.03,51.37
2025-12-16T04:59:49.638122,Recipe_C,e493d977-1289-4420-b102-87061598c92c,8,4.0,,,,103.41,48.35,41.35,46.31,40.78,51.86
2025-12-16T04:59:50.638122,Recipe_C,e493d977-1289-4420-b102-87061598c92c,8,4.0,,,,95.09,40.91,54.99,51.15,44.99,49.35
2025-12-16T04:59:51.638122,Recipe_C,e493d977-1289-4420-b102-87061598c92c,8,4.0,,,,98.69,47.52,52.54,53.99,52.69,44.66
2025-12-16T04:59:52.638122,Recipe_C,e493d977-1289-4420-b102-87061598c92c,8,4.0,,,,99.17,53.68,44.16,49.67,49.04,51.05
2025-12-16T04:59:53.638122,Recipe_C,e493d977-1289-4420-b102-87061598c92c,8,4.0,,,,93.96,45.7,50.73,48.04,46.14,57.89
2025-12-16T04:59:54.638122,Recipe_C,e493d977-1289-4420-b102-87061598c92c,8,4.0,,,,98.39,43.3,43.59,47.72,44.11,55.63
2025-12-16T04:59:55.638122,Recipe_C,e493d977-1289-4420-b102-87061598c92c,8,4.0,,,,108.0,51.41,51.12,51.02,45.39,41.3
2025-12-16T04:59:56.638122,Recipe_C,e493d977-1289-4420-b102-87061598c92c,8,4.0,,,,102.5,45.46,56.4,51.58,53.27,46.07
2025-12-16T04:59:57.638122,Recipe_C,e493d977-1289-4420-b102-87061598c92c,8,4.0,,,,103.31,54.52,39.81,50.55,48.19,46.21
2025-12-16T04:59:58.638122,Recipe_C,e493d977-1289-4420-b102-87061598c92c,8,4.0,,,,90.17,48.98,53.91,53.39,52.62,42.42
2025-12-16T04:59:59.638122,Recipe_C,e493d977-1289-4420-b102-87061598c92c,8,4.0,,,,107.99,44.44,51.29,47.89,52.55,48.77
2025-12-16T05:00:00.638122,Recipe_C,e493d977-1289-4420-b102-87061598c92c,8,4.0,,,,94.35,52.04,44.68,48.6,54.0,53.83
2025-12-16T05:00:01.638122,Recipe_C,e493d977-1289-4420-b102-87061598c92c,8,4.0,,,,105.98,47.5,54.64,44.38,35.27,53.88
2025-12-16T05:00:02.638122,Recipe_C,e493d977-1289-4420-b102-87061598c92c,8,4.0,,,,105.87,48.03,53.07,41.86,45.38,55.09
2025-12-16T05:00:03.638122,Recipe_C,e493d977-1289-4420-b102-87061598c92c,8,4.0,,,,96.16,61.24,43.74,53.1,56.55,54.79
2025-12-16T05:00:04.638122,Recipe_C,e493d977-1289-4420-b102-87061598c92c,8,4.0,,,,100.26,46.73,51.74,58.58,47.05,51.56
2025-12-16T05:00:05.638122,Recipe_C,e493d977-1289-4420-b102-87061598c92c,8,4.0,,,,98.01,45.09,45.11,54.81,49.11,51.23
2025-12-16T05:00:06.638122,Recipe_C,e493d977-1289-4420-b102-87061598c92c,8,4.0,,,,98.89,45.57,49.7,42.3,48.64,55.32
2025-12-16T05:00:07.638122,Recipe_C,e493d977-1289-4420-b102-87061598c92c,8,4.0,,,,100.55,53.54,46.16,46.1,53.63,53.25
2025-12-16T05:00:08.638122,Recipe_C,e493d977-1289-4420-b102-87061598c92c,8,4.0,,,,97.81,46.77,44.05,41.83,50.83,54.1
2025-12-16T05:00:09.638122,Recipe_C,e493d977-1289-4420-b102-87061598c92c,8,4.0,,,,92.28,55.09,48.26,49.38,56.34,53.85
2025-12-16T05:00:10.638122,Recipe_C,e493d977-1289-4420-b102-87061598c92c,8,4.0,,,,107.7,44.1,57.84,54.99,54.27,51.73
2025-12-16T05:00:11.638122,Recipe_C,e493d977-1289-4420-b102-87061598c92c,8,4.0,,,,103.89,46.32,55.29,43.46,53.37,59.88
2025-12-16T05:00:12.638122,Recipe_C,e493d977-1289-4420-b102-87061598c92c,8,4.0,,,,104.15,45.14,49.52,50.89,49.65,48.37
2025-12-16T05:00:13.638122,Recipe_C,e493d977-1289-4420-b102-87061598c92c,8,4.0,,,,98.28,45.01,53.17,41.33,46.84,54.76
2025-12-16T05:00:14.638122,Recipe_C,e493d977-1289-4420-b102-87061598c92c,8,4.0,,,,95.21,46.04,52.09,46.17,42.26,50.76
2025-12-16T05:00:15.638122,Recipe_C,e493d977-1289-4420-b102-87061598c92c,8,4.0,,,,92.65,47.38,50.56,37.35,54.26,45.46
2025-12-16T05:00:16.638122,Recipe_C,e493d977-1289-4420-b102-87061598c92c,8,4.0,,,,94.89,44.89,45.87,43.24,52.17,54.37
2025-12-16T05:00:17.638122,Recipe_C,e493d977-1289-4420-b102-87061598c92c,8,4.0,,,,95.19,50.21,51.26,51.14,51.35,54.54
2025-12-16T05:00:18.638122,Recipe_C,e493d977-1289-4420-b102-87061598c92c,8,4.0,,,,91.86,52.79,46.19,57.15,43.5,54.62
2025-12-16T05:00:19.638122,Recipe_C,e493d977-1289-4420-b102-87061598c92c,8,4.0,,,,99.46,44.77,58.22,58.76,52.5,48.12
2025-12-16T05:00:20.638122,Recipe_C,e493d977-1289-4420-b102-87061598c92c,8,4.0,,,,104.42,52.34,48.48,56.06,52.12,47.68
2025-12-16T05:00:21.638122,Recipe_C,e493d977-1289-4420-b102-87061598c92c,8,4.0,,,,102.78,45.65,60.57,53.86,54.0,56.15
2025-12-16T05:00:22.638122,Recipe_C,e493d977-1289-4420-b102-87061598c92c,8,4.0,,,,95.49,52.9,53.94,55.67,45.84,49.09
2025-12-16T05:00:23.638122,Recipe_C,e493d977-1289-4420-b102-87061598c92c,8,4.0,,,,85.95,49.23,43.87,57.01,51.47,46.0
2025-12-16T05:00:24.638122,Recipe_C,e493d977-1289-4420-b102-87061598c92c,8,4.0,,,,95.96,45.68,54.04,53.27,48.39,49.57
2025-12-16T05:00:25.638122,Recipe_C,e493d977-1289-4420-b102-87061598c92c,8,4.0,,,,103.4,52.61,55.79,39.9,56.15,60.98
2025-12-16T05:00:26.638122,Recipe_C,e493d977-1289-4420-b102-87061598c92c,8,4.0,,,,96.11,43.36,55.26,47.57,51.02,41.42
2025-12-16T05:00:27.638122,Recipe_C,e493d977-1289-4420-b102-87061598c92c,8,4.0,,,,95.44,51.63,60.52,53.91,50.09,43.87
2025-12-16T05:00:28.638122,Recipe_C,e493d977-1289-4420-b102-87061598c92c,8,4.0,,,,104.99,46.4,52.94,56.96,50.42,43.1
2025-12-16T05:00:29.638122,Recipe_C,e493d977-1289-4420-b102-87061598c92c,8,4.0,,,,100.82,52.49,47.54,42.65,51.96,48.08
2025-12-16T05:00:30.638122,Recipe_C,e493d977-1289-4420-b102-87061598c92c,8,4.0,,,,100.71,46.94,40.87,52.2,46.86,51.3
2025-12-16T05:00:31.638122,Recipe_C,e493d977-1289-4420-b102-87061598c92c,8,4.0,,,,99.08,44.91,50.76,51.32,53.16,48.21
2025-12-16T05:00:32.638122,Recipe_C,e493d977-1289-4420-b102-87061598c92c,8,4.0,,,,102.23,43.74,53.33,42.62,52.14,51.79
2025-12-16T05:00:33.638122,Recipe_C,e493d977-1289-4420-b102-87061598c92c,8,4.0,,,,89.54,44.44,45.66,60.19,46.83,52.85
2025-12-16T05:00:34.638122,Recipe_C,e493d977-1289-4420-b102-87061598c92c,8,4.0,,,,99.95,49.73,52.99,48.82,57.32,46.04
2025-12-16T05:00:35.638122,Recipe_C,e493d977-1289-4420-b102-87061598c92c,8,4.0,,,,97.69,49.42,51.54,56.06,56.12,50.19
2025-12-16T05:00:36.638122,Recipe_C,e493d977-1289-4420-b102-87061598c92c,8,4.0,,,,106.13,49.21,45.17,54.35,51.75,45.8
2025-12-16T05:00:37.638122,Recipe_C,e493d977-1289-4420-b102-87061598c92c,8,4.0,,,,102.43,44.68,51.21,51.48,56.05,55.11
2025-12-16T05:00:38.638122,Recipe_C,e493d977-1289-4420-b102-87061598c92c,8,4.0,,,,102.04,45.86,43.09,51.63,46.18,50.62
2025-12-16T05:00:38.638122,Recipe_C,e493d977-1289-4420-b102-87061598c92c,8,4.0,Warning_10,Simulated Warning occurred,Warning,,,,,,
2025-12-16T05:00:39.638122,Recipe_C,e493d977-1289-4420-b102-87061598c92c,8,4.0,,,,91.96,47.06,45.37,49.51,44.31,56.52
2025-12-16T05:00:40.638122,Recipe_C,e493d977-1289-4420-b102-87061598c92c,8,4.0,,,,102.21,50.3,51.32,55.87,45.86,51.93
2025-12-16T05:00:41.638122,Recipe_C,e493d977-1289-4420-b102-87061598c92c,8,4.0,,,,98.07,59.69,60.05,50.0,53.35,43.78
2025-12-16T05:00:42.638122,Recipe_C,e493d977-1289-4420-b102-87061598c92c,8,4.0,,,,90.4,46.89,54.08,49.94,49.83,51.52
2025-12-16T05:00:43.638122,Recipe_C,e493d977-1289-4420-b102-87061598c92c,8,4.0,,,,96.4,50.54,57.16,41.84,50.14,42.18
2025-12-16T05:00:44.638122,Recipe_C,e493d977-1289-4420-b102-87061598c92c,8,4.0,,,,101.9,50.92,46.19,47.15,43.72,53.52
2025-12-16T05:00:45.638122,Recipe_C,e493d977-1289-4420-b102-87061598c92c,8,4.0,,,,100.09,34.59,59.19,47.88,52.0,48.21
2025-12-16T05:00:46.638122,Recipe_C,e493d977-1289-4420-b102-87061598c92c,8,4.0,,,,95.72,54.54,49.41,49.02,40.63,45.75
2025-12-16T05:00:47.638122,Recipe_C,e493d977-1289-4420-b102-87061598c92c,8,4.0,,,,102.69,52.31,51.25,47.17,46.78,56.06
2025-12-16T05:00:48.638122,Recipe_C,e493d977-1289-4420-b102-87061598c92c,8,4.0,,,,106.64,45.31,49.81,47.59,38.24,49.12
2025-12-16T05:00:49.638122,Recipe_C,e493d977-1289-4420-b102-87061598c92c,8,4.0,,,,101.16,61.25,56.04,47.56,56.6,51.74
2025-12-16T05:00:50.638122,Recipe_C,e493d977-1289-4420-b102-87061598c92c,8,4.0,,,,102.21,54.89,49.2,47.26,45.87,42.73
2025-12-16T05:00:51.638122,Recipe_C,e493d977-1289-4420-b102-87061598c92c,8,4.0,,,,97.57,47.58,50.38,57.96,47.55,47.04
2025-12-16T05:00:51.638122,Recipe_C,e493d977-1289-4420-b102-87061598c92c,8,4.0,Warning_1,Simulated Warning occurred,Warning,,,,,,
2025-12-16T05:00:52.638122,Recipe_C,e493d977-1289-4420-b102-87061598c92c,8,4.0,,,,102.52,42.92,62.47,49.14,52.9,43.67
2025-12-16T05:00:53.638122,Recipe_C,e493d977-1289-4420-b102-87061598c92c,8,4.0,,,,101.91,46.45,48.9,55.14,56.32,44.37
2025-12-16T05:00:54.638122,Recipe_C,e493d977-1289-4420-b102-87061598c92c,8,4.0,,,,106.91,48.95,52.96,43.49,50.71,55.72
2025-12-16T05:00:55.638122,Recipe_C,e493d977-1289-4420-b102-87061598c92c,8,5.0,,,,11.0,10.13,12.12,11.56,4.43,8.36
2025-12-16T05:00:56.638122,Recipe_C,e493d977-1289-4420-b102-87061598c92c,8,5.0,,,,9.95,9.3,10.41,10.26,10.19,12.77
2025-12-16T05:00:57.638122,Recipe_C,e493d977-1289-4420-b102-87061598c92c,8,5.0,,,,7.56,7.32,11.38,11.65,10.6,12.85
2025-12-16T05:00:58.638122,Recipe_C,e493d977-1289-4420-b102-87061598c92c,8,5.0,,,,10.66,10.18,9.63,9.81,6.76,5.22
2025-12-16T05:00:59.638122,Recipe_C,e493d977-1289-4420-b102-87061598c92c,8,5.0,,,,9.04,9.82,7.81,8.84,10.34,9.27
2025-12-16T05:01:00.638122,Recipe_C,e493d977-1289-4420-b102-87061598c92c,8,5.0,,,,10.23,9.02,11.63,8.42,11.32,13.39
2025-12-16T05:01:01.638122,Recipe_C,e493d977-1289-4420-b102-87061598c92c,8,5.0,,,,9.69,10.79,8.31,9.5,9.06,12.67
2025-12-16T05:01:02.638122,Recipe_C,e493d977-1289-4420-b102-87061598c92c,8,5.0,,,,7.93,10.09,10.8,10.04,6.04,12.1
2025-12-16T05:01:03.638122,Recipe_C,e493d977-1289-4420-b102-87061598c92c,8,5.0,,,,12.87,8.18,11.01,11.68,8.97,11.67
2025-12-16T05:01:04.638122,Recipe_C,e493d977-1289-4420-b102-87061598c92c,8,5.0,,,,8.64,10.55,11.22,6.79,11.67,11.87
2025-12-16T05:01:05.638122,Recipe_C,e493d977-1289-4420-b102-87061598c92c,8,5.0,,,,14.03,10.94,4.93,8.76,12.19,7.97
2025-12-16T05:01:06.638122,Recipe_C,e493d977-1289-4420-b102-87061598c92c,8,5.0,,,,9.69,11.3,9.81,8.04,11.88,8.08
2025-12-16T05:01:07.638122,Recipe_C,e493d977-1289-4420-b102-87061598c92c,8,5.0,,,,9.44,12.2,10.87,7.9,11.56,9.61
2025-12-16T05:01:08.638122,Recipe_C,e493d977-1289-4420-b102-87061598c92c,8,5.0,,,,10.81,6.68,9.54,10.09,14.38,12.3
2025-12-16T05:01:09.638122,Recipe_C,e493d977-1289-4420-b102-87061598c92c,8,5.0,,,,9.45,11.19,13.16,7.15,10.87,10.89
2025-12-16T05:01:10.638122,Recipe_C,e493d977-1289-4420-b102-87061598c92c,8,5.0,,,,10.75,8.97,9.31,13.23,9.25,6.41
2025-12-16T05:01:11.638122,Recipe_C,e493d977-1289-4420-b102-87061598c92c,8,5.0,,,,8.0,9.86,10.27,10.43,8.92,11.37
2025-12-16T05:01:12.638122,Recipe_C,e493d977-1289-4420-b102-87061598c92c,8,5.0,,,,12.51,10.96,14.34,11.72,6.84,7.54
2025-12-16T05:01:13.638122,Recipe_C,e493d977-1289-4420-b102-87061598c92c,8,5.0,,,,9.18,11.13,12.24,6.19,10.09,9.52
2025-12-16T05:01:14.638122,Recipe_C,e493d977-1289-4420-b102-87061598c92c,8,5.0,,,,10.19,13.8,11.26,11.43,10.85,11.69
2025-12-16T05:01:15.638122,Recipe_C,e493d977-1289-4420-b102-87061598c92c,8,5.0,,,,8.73,12.88,9.8,11.43,12.72,14.36
2025-12-16T05:01:16.638122,Recipe_C,e493d977-1289-4420-b102-87061598c92c,8,5.0,,,,8.77,8.92,11.12,11.0,8.19,13.27
2025-12-16T05:01:17.638122,Recipe_C,e493d977-1289-4420-b102-87061598c92c,8,5.0,,,,11.13,10.34,9.36,10.88,11.03,9.63
2025-12-16T05:01:18.638122,Recipe_C,e493d977-1289-4420-b102-87061598c92c,8,5.0,,,,8.55,10.46,7.46,9.22,10.27,8.04
2025-12-16T05:01:19.638122,Recipe_C,e493d977-1289-4420-b102-87061598c92c,8,5.0,,,,7.69,8.24,8.84,10.08,10.64,8.5
2025-12-16T05:01:20.638122,Recipe_C,e493d977-1289-4420-b102-87061598c92c,8,5.0,,,,9.28,9.14,10.5,10.73,10.29,7.95
2025-12-16T05:01:21.638122,Recipe_C,e493d977-1289-4420-b102-87061598c92c,8,5.0,,,,10.05,8.85,9.29,13.79,10.03,12.61
2025-12-16T05:01:22.638122,Recipe_C,e493d977-1289-4420-b102-87061598c92c,8,5.0,,,,10.56,11.89,6.07,8.29,7.84,8.31
2025-12-16T05:01:23.638122,Recipe_C,e493d977-1289-4420-b102-87061598c92c,8,5.0,,,,9.18,12.25,9.91,10.73,8.35,8.84
2025-12-16T05:01:24.638122,Recipe_C,e493d977-1289-4420-b102-87061598c92c,8,4.0,,,,95.97,48.35,54.83,51.98,43.13,49.9
2025-12-16T05:01:25.638122,Recipe_C,e493d977-1289-4420-b102-87061598c92c,8,4.0,,,,92.29,46.32,58.95,44.3,49.87,49.05
2025-12-16T05:01:26.638122,Recipe_C,e493d977-1289-4420-b102-87061598c92c,8,4.0,,,,91.36,49.26,50.28,56.75,46.91,52.6
2025-12-16T05:01:27.638122,Recipe_C,e493d977-1289-4420-b102-87061598c92c,8,4.0,,,,110.61,38.96,56.51,53.17,46.7,45.98
2025-12-16T05:01:28.638122,Recipe_C,e493d977-1289-4420-b102-87061598c92c,8,4.0,,,,92.49,44.87,55.19,49.45,64.71,48.73
2025-12-16T05:01:29.638122,Recipe_C,e493d977-1289-4420-b102-87061598c92c,8,4.0,,,,103.67,56.47,44.63,58.46,41.99,46.43
2025-12-16T05:01:30.638122,Recipe_C,e493d977-1289-4420-b102-87061598c92c,8,4.0,,,,90.73,55.8,55.39,52.54,51.88,54.68
2025-12-16T05:01:31.638122,Recipe_C,e493d977-1289-4420-b102-87061598c92c,8,4.0,,,,96.31,45.3,39.77,43.49,57.03,49.88
2025-12-16T05:01:32.638122,Recipe_C,e493d977-1289-4420-b102-87061598c92c,8,4.0,,,,106.95,57.16,53.63,41.98,49.84,55.28
2025-12-16T05:01:33.638122,Recipe_C,e493d977-1289-4420-b102-87061598c92c,8,5.0,,,,8.97,6.7,10.94,5.3,6.98,8.04
2025-12-16T05:01:34.638122,Recipe_C,e493d977-1289-4420-b102-87061598c92c,8,5.0,,,,8.81,9.81,8.81,9.88,14.85,11.26
2025-12-16T05:01:35.638122,Recipe_C,e493d977-1289-4420-b102-87061598c92c,8,5.0,,,,7.56,12.44,11.21,10.38,10.04,9.87
2025-12-16T05:01:36.638122,Recipe_C,e493d977-1289-4420-b102-87061598c92c,8,5.0,,,,11.86,7.8,8.47,7.8,11.5,7.29
2025-12-16T05:01:37.638122,Recipe_C,e493d977-1289-4420-b102-87061598c92c,8,5.0,,,,7.81,8.86,9.09,12.13,10.95,10.33
2025-12-16T05:01:38.638122,Recipe_C,e493d977-1289-4420-b102-87061598c92c,8,5.0,,,,10.75,8.2,9.41,9.14,9.82,11.11
2025-12-16T05:01:39.638122,Recipe_C,e493d977-1289-4420-b102-87061598c92c,8,5.0,,,,11.84,7.89,10.98,9.17,7.12,12.02
2025-12-16T05:01:40.638122,Recipe_C,e493d977-1289-4420-b102-87061598c92c,8,5.0,,,,10.73,6.94,9.88,11.14,12.51,9.76
2025-12-16T05:01:41.638122,Recipe_C,e493d977-1289-4420-b102-87061598c92c,8,5.0,,,,9.86,13.2,10.4,8.96,9.65,9.33
2025-12-16T05:01:42.638122,Recipe_C,e493d977-1289-4420-b102-87061598c92c,8,5.0,,,,11.27,8.09,9.88,12.81,8.37,8.57
2025-12-16T05:01:43.638122,Recipe_C,e493d977-1289-4420-b102-87061598c92c,8,5.0,,,,9.06,11.02,10.27,9.56,7.42,14.53
2025-12-16T05:01:44.638122,Recipe_C,e493d977-1289-4420-b102-87061598c92c,8,5.0,,,,9.61,3.73,11.83,8.92,10.32,8.18
2025-12-16T05:01:45.638122,Recipe_C,e493d977-1289-4420-b102-87061598c92c,8,5.0,,,,11.83,8.0,9.24,12.35,11.29,9.74
2025-12-16T05:01:46.638122,Recipe_C,e493d977-1289-4420-b102-87061598c92c,8,5.0,,,,11.85,4.17,10.4,6.46,8.91,6.99
2025-12-16T05:01:47.638122,Recipe_C,e493d977-1289-4420-b102-87061598c92c,8,5.0,,,,7.59,10.68,11.99,10.55,8.71,10.99
2025-12-16T05:01:48.638122,Recipe_C,e493d977-1289-4420-b102-87061598c92c,8,5.0,,,,8.52,10.8,9.95,9.93,10.36,9.45
2025-12-16T05:01:49.638122,Recipe_C,e493d977-1289-4420-b102-87061598c92c,8,5.0,,,,10.53,11.7,9.73,12.09,9.86,6.69
2025-12-16T05:01:50.638122,Recipe_C,e493d977-1289-4420-b102-87061598c92c,8,5.0,,,,10.9,8.88,6.15,9.2,9.54,12.56
2025-12-16T05:01:51.638122,Recipe_C,e493d977-1289-4420-b102-87061598c92c,8,5.0,,,,9.07,5.52,10.7,10.68,11.69,10.19
2025-12-16T05:01:52.638122,Recipe_C,e493d977-1289-4420-b102-87061598c92c,8,5.0,,,,11.45,7.16,12.35,11.25,9.47,4.71
2025-12-16T05:01:53.638122,Recipe_C,e493d977-1289-4420-b102-87061598c92c,8,5.0,,,,12.78,10.87,7.8,11.82,7.3,11.64
2025-12-16T05:01:54.638122,Recipe_C,e493d977-1289-4420-b102-87061598c92c,8,5.0,,,,7.68,12.76,13.51,9.02,6.19,12.48
2025-12-16T05:01:55.638122,Recipe_C,e493d977-1289-4420-b102-87061598c92c,8,5.0,,,,9.3,10.44,5.48,8.83,8.06,8.42
2025-12-16T05:01:56.638122,Recipe_C,e493d977-1289-4420-b102-87061598c92c,8,5.0,,,,12.97,10.36,8.15,8.63,10.6,7.3
2025-12-16T05:01:57.638122,Recipe_C,e493d977-1289-4420-b102-87061598c92c,8,5.0,,,,10.84,9.62,15.69,8.42,8.44,8.92
2025-12-16T05:01:58.638122,Recipe_C,e493d977-1289-4420-b102-87061598c92c,8,5.0,,,,9.92,6.1,9.21,9.03,10.91,11.04
2025-12-16T05:01:59.638122,Recipe_C,e493d977-1289-4420-b102-87061598c92c,8,5.0,,,,11.84,9.7,4.4,8.38,7.0,7.45
2025-12-16T05:02:00.638122,Recipe_C,e493d977-1289-4420-b102-87061598c92c,8,5.0,,,,7.55,8.6,10.15,9.81,6.68,5.79
2025-12-16T05:02:01.638122,Recipe_C,e493d977-1289-4420-b102-87061598c92c,8,5.0,,,,14.09,7.87,7.68,9.61,12.28,11.26
2025-12-16T05:02:02.638122,Recipe_C,e493d977-1289-4420-b102-87061598c92c,8,5.0,,,,8.35,7.99,9.47,10.67,7.02,10.06
2025-12-16T05:02:03.638122,Recipe_C,e493d977-1289-4420-b102-87061598c92c,8,5.0,,,,6.15,13.14,8.32,6.7,8.68,10.01
2025-12-16T05:02:04.638122,Recipe_C,e493d977-1289-4420-b102-87061598c92c,8,5.0,,,,8.47,6.66,7.77,9.91,10.62,8.54
2025-12-16T05:02:05.638122,Recipe_C,e493d977-1289-4420-b102-87061598c92c,8,5.0,,,,8.81,7.7,13.46,10.22,8.46,12.31
2025-12-16T05:02:06.638122,Recipe_C,e493d977-1289-4420-b102-87061598c92c,8,5.0,,,,12.0,10.36,10.22,11.66,8.3,10.93
2025-12-16T05:02:07.638122,Recipe_C,e493d977-1289-4420-b102-87061598c92c,8,5.0,,,,10.85,11.62,9.55,8.51,10.56,11.53
2025-12-16T05:02:08.638122,Recipe_C,e493d977-1289-4420-b102-87061598c92c,8,3.0,,,,10.67,11.38,12.45,8.94,9.99,6.41
2025-12-16T05:02:09.638122,Recipe_C,e493d977-1289-4420-b102-87061598c92c,8,3.0,,,,10.9,12.45,7.13,11.16,8.97,13.09
2025-12-16T05:02:10.638122,Recipe_C,e493d977-1289-4420-b102-87061598c92c,8,3.0,,,,14.7,11.42,8.87,11.51,10.94,12.18
2025-12-16T05:02:11.638122,Recipe_C,e493d977-1289-4420-b102-87061598c92c,8,3.0,,,,7.79,14.33,10.11,9.41,6.96,12.44
2025-12-16T05:02:12.638122,Recipe_C,e493d977-1289-4420-b102-87061598c92c,8,3.0,,,,8.98,12.42,8.73,10.06,12.8,10.07
2025-12-16T05:02:13.638122,Recipe_C,e493d977-1289-4420-b102-87061598c92c,8,3.0,,,,11.13,8.98,9.21,10.35,11.68,14.1
2025-12-16T05:02:14.638122,Recipe_C,e493d977-1289-4420-b102-87061598c92c,8,3.0,,,,13.09,9.3,13.28,8.62,10.39,8.94
2025-12-16T05:02:15.638122,Recipe_C,e493d977-1289-4420-b102-87061598c92c,8,3.0,,,,9.19,11.68,6.03,7.83,5.76,8.16
2025-12-16T05:02:16.638122,Recipe_C,e493d977-1289-4420-b102-87061598c92c,8,3.0,,,,10.87,8.63,13.91,12.39,14.09,10.61
2025-12-16T05:02:17.638122,Recipe_C,e493d977-1289-4420-b102-87061598c92c,8,3.0,,,,7.09,11.5,8.18,12.75,8.07,7.59
2025-12-16T05:02:18.638122,Recipe_C,e493d977-1289-4420-b102-87061598c92c,8,3.0,,,,10.96,10.7,9.37,10.51,9.61,11.12
2025-12-16T05:02:19.638122,Recipe_C,e493d977-1289-4420-b102-87061598c92c,8,3.0,,,,9.6,9.69,9.68,7.97,9.88,9.84
2025-12-16T05:02:20.638122,Recipe_C,e493d977-1289-4420-b102-87061598c92c,8,3.0,,,,13.44,14.17,11.55,10.63,12.93,8.13
2025-12-16T05:02:21.638122,Recipe_C,e493d977-1289-4420-b102-87061598c92c,8,3.0,,,,9.23,12.19,10.05,8.61,10.05,12.22
2025-12-16T05:02:22.638122,Recipe_C,e493d977-1289-4420-b102-87061598c92c,8,3.0,,,,11.87,6.08,9.48,11.94,8.42,9.56
2025-12-16T05:02:23.638122,Recipe_C,e493d977-1289-4420-b102-87061598c92c,8,3.0,,,,7.15,7.32,10.03,8.99,8.91,11.64
2025-12-16T05:02:24.638122,Recipe_C,e493d977-1289-4420-b102-87061598c92c,8,3.0,,,,12.31,9.24,9.86,6.75,9.83,10.51
2025-12-16T05:02:25.638122,Recipe_C,e493d977-1289-4420-b102-87061598c92c,8,3.0,,,,9.58,9.95,12.04,12.62,10.75,7.89
2025-12-16T05:02:26.638122,Recipe_C,e493d977-1289-4420-b102-87061598c92c,8,3.0,,,,6.36,9.51,10.15,11.76,11.73,11.42
2025-12-16T05:02:27.638122,Recipe_C,e493d977-1289-4420-b102-87061598c92c,8,3.0,,,,9.8,8.69,7.53,9.13,13.3,13.24
2025-12-16T05:02:27.638122,Recipe_C,e493d977-1289-4420-b102-87061598c92c,8,3.0,Warning_8,Simulated Warning occurred,Warning,,,,,,
2025-12-16T05:02:28.638122,Recipe_C,e493d977-1289-4420-b102-87061598c92c,8,0.0,,,,0.0,0.0,0.0,0.0,0.0,0.0
2025-12-16T05:02:29.638122,Recipe_C,e493d977-1289-4420-b102-87061598c92c,8,0.0,,,,0.0,0.0,0.0,0.0,0.0,0.0
2025-12-16T05:02:30.638122,Recipe_C,e493d977-1289-4420-b102-87061598c92c,8,0.0,,,,0.0,0.0,0.0,0.0,0.0,0.0
2025-12-16T05:02:31.638122,Recipe_C,e493d977-1289-4420-b102-87061598c92c,8,0.0,,,,0.0,0.0,0.0,0.0,0.0,0.0
2025-12-16T05:02:32.638122,Recipe_C,e493d977-1289-4420-b102-87061598c92c,8,0.0,,,,0.0,0.0,0.0,0.0,0.0,0.0
2025-12-16T05:02:33.638122,Recipe_C,e493d977-1289-4420-b102-87061598c92c,8,0.0,,,,0.0,0.0,0.0,0.0,0.0,0.0
2025-12-16T05:02:34.638122,Recipe_C,e493d977-1289-4420-b102-87061598c92c,8,0.0,,,,0.0,0.0,0.0,0.0,0.0,0.0
2025-12-16T05:02:35.638122,Recipe_C,e493d977-1289-4420-b102-87061598c92c,8,0.0,,,,0.0,0.0,0.0,0.0,0.0,0.0
2025-12-16T05:02:36.638122,Recipe_C,e493d977-1289-4420-b102-87061598c92c,8,0.0,,,,0.0,0.0,0.0,0.0,0.0,0.0
2025-12-16T05:02:37.638122,Recipe_C,e493d977-1289-4420-b102-87061598c92c,8,0.0,,,,0.0,0.0,0.0,0.0,0.0,0.0
2025-12-16T05:02:37.638122,Recipe_C,e493d977-1289-4420-b102-87061598c92c,8,0.0,Warning_6,Simulated Warning occurred,Warning,,,,,,
2025-12-16T05:02:38.638122,Recipe_C,e493d977-1289-4420-b102-87061598c92c,8,0.0,,,,0.0,0.0,0.0,0.0,0.0,0.0
2025-12-16T05:02:39.638122,Recipe_C,e493d977-1289-4420-b102-87061598c92c,8,0.0,,,,0.0,0.0,0.0,0.0,0.0,0.0
2025-12-16T05:02:40.638122,Recipe_C,e493d977-1289-4420-b102-87061598c92c,8,0.0,,,,0.0,0.0,0.0,0.0,0.0,0.0
2025-12-16T05:02:41.638122,Recipe_C,e493d977-1289-4420-b102-87061598c92c,8,0.0,,,,0.0,0.0,0.0,0.0,0.0,0.0
2025-12-16T05:02:42.638122,Recipe_C,e493d977-1289-4420-b102-87061598c92c,8,0.0,,,,0.0,0.0,0.0,0.0,0.0,0.0
2025-12-16T05:02:43.638122,Recipe_C,e493d977-1289-4420-b102-87061598c92c,8,0.0,,,,0.0,0.0,0.0,0.0,0.0,0.0
2025-12-16T05:02:44.638122,Recipe_C,e493d977-1289-4420-b102-87061598c92c,8,0.0,,,,0.0,0.0,0.0,0.0,0.0,0.0
2025-12-16T05:02:45.638122,Recipe_C,e493d977-1289-4420-b102-87061598c92c,8,0.0,,,,0.0,0.0,0.0,0.0,0.0,0.0
2025-12-16T05:02:46.638122,Recipe_C,e493d977-1289-4420-b102-87061598c92c,8,0.0,,,,0.0,0.0,0.0,0.0,0.0,0.0
2025-12-16T05:02:47.638122,Recipe_C,e493d977-1289-4420-b102-87061598c92c,8,0.0,,,,0.0,0.0,0.0,0.0,0.0,0.0
2025-12-16T05:02:48.638122,Recipe_C,e493d977-1289-4420-b102-87061598c92c,8,0.0,,,,0.0,0.0,0.0,0.0,0.0,0.0
2025-12-16T05:02:49.638122,Recipe_C,e493d977-1289-4420-b102-87061598c92c,8,0.0,,,,0.0,0.0,0.0,0.0,0.0,0.0
2025-12-16T05:02:50.638122,Recipe_C,e493d977-1289-4420-b102-87061598c92c,8,0.0,,,,0.0,0.0,0.0,0.0,0.0,0.0
2025-12-16T05:02:51.638122,Recipe_C,e493d977-1289-4420-b102-87061598c92c,8,0.0,,,,0.0,0.0,0.0,0.0,0.0,0.0
2025-12-16T05:02:52.638122,Recipe_C,e493d977-1289-4420-b102-87061598c92c,8,0.0,,,,0.0,0.0,0.0,0.0,0.0,0.0
2025-12-16T05:02:53.638122,Recipe_C,e493d977-1289-4420-b102-87061598c92c,8,0.0,,,,0.0,0.0,0.0,0.0,0.0,0.0
2025-12-16T05:02:54.638122,Recipe_C,e493d977-1289-4420-b102-87061598c92c,8,0.0,,,,0.0,0.0,0.0,0.0,0.0,0.0
2025-12-16T05:02:55.638122,Recipe_C,e493d977-1289-4420-b102-87061598c92c,8,0.0,,,,0.0,0.0,0.0,0.0,0.0,0.0
2025-12-16T05:02:56.638122,Recipe_C,e493d977-1289-4420-b102-87061598c92c,8,0.0,,,,0.0,0.0,0.0,0.0,0.0,0.0
2025-12-16T05:02:57.638122,Recipe_C,e493d977-1289-4420-b102-87061598c92c,8,5.0,,,,12.01,11.17,10.0,10.67,6.78,9.31
2025-12-16T05:02:58.638122,Recipe_C,e493d977-1289-4420-b102-87061598c92c,8,5.0,,,,9.85,9.3,8.42,12.2,11.92,8.82
2025-12-16T05:02:59.638122,Recipe_C,e493d977-1289-4420-b102-87061598c92c,8,5.0,,,,11.89,9.65,6.91,13.28,12.46,10.06
2025-12-16T05:03:00.638122,Recipe_C,e493d977-1289-4420-b102-87061598c92c,8,5.0,,,,7.66,9.97,11.16,10.27,6.46,11.89
2025-12-16T05:03:01.638122,Recipe_C,e493d977-1289-4420-b102-87061598c92c,8,5.0,,,,9.39,8.47,9.07,11.22,11.08,10.34
2025-12-16T05:03:02.638122,Recipe_C,e493d977-1289-4420-b102-87061598c92c,8,5.0,,,,7.42,10.96,12.31,11.31,10.66,10.79
2025-12-16T05:03:03.638122,Recipe_C,e493d977-1289-4420-b102-87061598c92c,8,5.0,,,,10.08,12.71,8.77,10.13,10.11,7.74
2025-12-16T05:03:04.638122,Recipe_C,e493d977-1289-4420-b102-87061598c92c,8,5.0,,,,9.65,8.55,8.56,8.4,12.31,7.31
2025-12-16T05:03:05.638122,Recipe_C,e493d977-1289-4420-b102-87061598c92c,8,5.0,,,,8.22,8.1,13.04,10.7,8.25,9.51
2025-12-16T05:03:06.638122,Recipe_C,e493d977-1289-4420-b102-87061598c92c,8,5.0,,,,11.89,10.78,10.12,8.74,11.41,10.75
2025-12-16T05:03:07.638122,Recipe_C,e493d977-1289-4420-b102-87061598c92c,8,5.0,,,,12.71,10.94,9.92,10.33,6.95,8.41
2025-12-16T05:03:08.638122,Recipe_C,e493d977-1289-4420-b102-87061598c92c,8,3.0,,,,10.09,11.75,8.65,10.47,7.08,10.57
2025-12-16T05:03:09.638122,Recipe_C,e493d977-1289-4420-b102-87061598c92c,8,3.0,,,,9.42,8.78,11.12,10.98,11.05,8.29
2025-12-16T05:03:10.638122,Recipe_C,e493d977-1289-4420-b102-87061598c92c,8,3.0,,,,9.31,10.97,14.13,10.41,9.32,9.21
2025-12-16T05:03:11.638122,Recipe_C,e493d977-1289-4420-b102-87061598c92c,8,3.0,,,,9.08,10.96,8.94,13.02,10.23,7.42
2025-12-16T05:03:12.638122,Recipe_C,e493d977-1289-4420-b102-87061598c92c,8,3.0,,,,10.26,9.93,10.51,5.4,11.51,10.67
2025-12-16T05:03:13.638122,Recipe_C,e493d977-1289-4420-b102-87061598c92c,8,3.0,,,,9.77,8.01,11.08,10.01,12.71,11.85
2025-12-16T05:03:14.638122,Recipe_C,e493d977-1289-4420-b102-87061598c92c,8,3.0,,,,13.51,9.55,9.0,11.31,8.62,11.06
2025-12-16T05:03:15.638122,Recipe_C,e493d977-1289-4420-b102-87061598c92c,8,3.0,,,,11.47,10.18,7.14,10.32,8.63,7.48
2025-12-16T05:03:16.638122,Recipe_C,e493d977-1289-4420-b102-87061598c92c,8,3.0,,,,9.65,9.07,14.31,12.27,9.37,9.24
2025-12-16T05:03:17.638122,Recipe_C,e493d977-1289-4420-b102-87061598c92c,8,3.0,,,,9.39,12.88,8.93,7.49,8.87,8.61
2025-12-16T05:03:18.638122,Recipe_C,e493d977-1289-4420-b102-87061598c92c,8,3.0,,,,11.79,10.55,7.84,11.09,8.12,5.72
2025-12-16T05:03:19.638122,Recipe_C,e493d977-1289-4420-b102-87061598c92c,8,3.0,,,,7.59,11.18,12.39,7.22,10.16,6.83
2025-12-16T05:03:20.638122,Recipe_C,e493d977-1289-4420-b102-87061598c92c,8,3.0,,,,9.32,12.84,10.43,7.63,9.65,11.53
2025-12-16T05:03:21.638122,Recipe_C,e493d977-1289-4420-b102-87061598c92c,8,3.0,,,,8.79,8.28,9.81,12.75,10.13,8.27
2025-12-16T05:03:22.638122,Recipe_C,e493d977-1289-4420-b102-87061598c92c,8,3.0,,,,12.07,9.02,11.63,8.67,10.1,4.58
2025-12-16T05:03:23.638122,Recipe_C,e493d977-1289-4420-b102-87061598c92c,8,3.0,,,,8.17,12.31,9.61,10.97,9.14,9.16
2025-12-16T05:03:24.638122,Recipe_C,e493d977-1289-4420-b102-87061598c92c,8,3.0,,,,13.38,6.64,10.23,11.48,9.82,8.48
2025-12-16T05:03:25.638122,Recipe_C,e493d977-1289-4420-b102-87061598c92c,8,3.0,,,,8.56,12.63,6.79,9.11,8.21,11.06
2025-12-16T05:03:26.638122,Recipe_C,e493d977-1289-4420-b102-87061598c92c,8,3.0,,,,11.68,6.84,7.14,9.9,10.52,11.96
2025-12-16T05:03:27.638122,Recipe_C,e493d977-1289-4420-b102-87061598c92c,8,3.0,,,,7.29,10.76,8.46,10.63,6.24,11.18
2025-12-16T05:03:28.638122,Recipe_C,e493d977-1289-4420-b102-87061598c92c,8,3.0,,,,7.51,9.42,7.64,11.85,9.51,9.06
2025-12-16T05:03:29.638122,Recipe_C,e493d977-1289-4420-b102-87061598c92c,8,3.0,,,,13.39,5.88,10.14,8.14,10.25,12.86
2025-12-16T05:03:30.638122,Recipe_C,e493d977-1289-4420-b102-87061598c92c,8,3.0,,,,10.87,8.51,8.92,11.34,10.65,9.43
2025-12-16T05:03:31.638122,Recipe_C,e493d977-1289-4420-b102-87061598c92c,8,3.0,,,,10.5,13.27,11.37,5.16,10.83,9.31
2025-12-16T05:03:32.638122,Recipe_C,e493d977-1289-4420-b102-87061598c92c,8,3.0,,,,11.66,11.81,13.76,11.04,10.61,13.97
2025-12-16T05:03:33.638122,Recipe_C,e493d977-1289-4420-b102-87061598c92c,8,3.0,,,,7.97,6.76,13.65,9.66,13.07,10.88
2025-12-16T05:03:34.638122,Recipe_C,e493d977-1289-4420-b102-87061598c92c,8,3.0,,,,9.26,7.64,7.34,11.32,12.68,12.98
2025-12-16T05:03:35.638122,Recipe_C,e493d977-1289-4420-b102-87061598c92c,8,3.0,,,,9.47,8.59,8.77,9.37,10.91,8.32
2025-12-16T05:03:36.638122,Recipe_C,e493d977-1289-4420-b102-87061598c92c,8,3.0,,,,11.08,9.6,10.81,7.19,11.09,10.3
2025-12-16T05:03:37.638122,Recipe_C,e493d977-1289-4420-b102-87061598c92c,8,3.0,,,,8.27,9.35,7.78,8.69,12.24,13.02
2025-12-16T05:03:38.638122,Recipe_C,e493d977-1289-4420-b102-87061598c92c,8,3.0,,,,10.72,9.38,12.52,7.82,8.75,11.8
2025-12-16T05:03:39.638122,Recipe_C,e493d977-1289-4420-b102-87061598c92c,8,3.0,,,,9.8,6.62,10.74,11.63,9.03,11.58
2025-12-16T05:03:40.638122,Recipe_C,e493d977-1289-4420-b102-87061598c92c,8,3.0,,,,12.72,12.34,9.65,8.18,9.72,12.02
2025-12-16T05:03:41.638122,Recipe_C,e493d977-1289-4420-b102-87061598c92c,8,3.0,,,,12.66,11.43,10.22,7.5,13.45,12.86
2025-12-16T05:03:42.638122,Recipe_C,e493d977-1289-4420-b102-87061598c92c,8,3.0,,,,9.21,10.02,6.35,10.09,9.68,8.39
2025-12-16T05:03:43.638122,Recipe_C,e493d977-1289-4420-b102-87061598c92c,8,0.0,,,,0.0,0.0,0.0,0.0,0.0,0.0
2025-12-16T05:03:44.638122,Recipe_C,e493d977-1289-4420-b102-87061598c92c,8,0.0,,,,0.0,0.0,0.0,0.0,0.0,0.0
2025-12-16T05:03:45.638122,Recipe_C,e493d977-1289-4420-b102-87061598c92c,8,1.0,,,,14.35,9.05,7.85,8.87,14.08,8.7
2025-12-16T05:03:46.638122,Recipe_C,e493d977-1289-4420-b102-87061598c92c,8,1.0,,,,9.86,10.21,10.99,11.04,11.3,9.78
2025-12-16T05:03:47.638122,Recipe_C,e493d977-1289-4420-b102-87061598c92c,8,1.0,,,,11.68,10.9,10.86,8.57,10.73,8.46
2025-12-16T05:03:48.638122,Recipe_C,e493d977-1289-4420-b102-87061598c92c,8,1.0,,,,11.76,12.1,7.71,11.86,8.23,12.02
2025-12-16T05:03:49.638122,Recipe_C,e493d977-1289-4420-b102-87061598c92c,8,1.0,,,,9.0,9.24,5.6,9.7,11.81,9.69
2025-12-16T05:03:50.638122,Recipe_C,e493d977-1289-4420-b102-87061598c92c,8,3.0,,,,13.0,11.77,6.93,9.9,10.45,9.24
2025-12-16T05:03:51.638122,Recipe_C,e493d977-1289-4420-b102-87061598c92c,8,3.0,,,,11.2,8.77,11.18,11.57,11.12,8.8
2025-12-16T05:03:52.638122,Recipe_C,e493d977-1289-4420-b102-87061598c92c,8,3.0,,,,10.12,10.56,11.26,8.82,9.51,8.43
2025-12-16T05:03:53.638122,Recipe_C,e493d977-1289-4420-b102-87061598c92c,8,3.0,,,,9.38,5.82,8.76,10.29,9.76,10.91
2025-12-16T05:03:54.638122,Recipe_C,e493d977-1289-4420-b102-87061598c92c,8,3.0,,,,10.46,12.48,10.36,10.71,10.14,9.06
2025-12-16T05:03:55.638122,Recipe_C,e493d977-1289-4420-b102-87061598c92c,8,3.0,,,,7.11,8.46,7.14,11.77,10.19,12.74
2025-12-16T05:03:56.638122,Recipe_C,e493d977-1289-4420-b102-87061598c92c,8,3.0,,,,4.5,10.48,7.32,13.15,10.04,10.3
2025-12-16T05:03:57.638122,Recipe_C,e493d977-1289-4420-b102-87061598c92c,8,3.0,,,,13.55,10.69,5.36,10.53,9.39,4.67
2025-12-16T05:03:58.638122,Recipe_C,e493d977-1289-4420-b102-87061598c92c,8,3.0,,,,10.49,12.91,10.7,7.1,9.89,8.99
2025-12-16T05:03:59.638122,Recipe_C,e493d977-1289-4420-b102-87061598c92c,8,3.0,,,,7.89,11.44,13.75,9.0,9.45,5.97
2025-12-16T05:04:00.638122,Recipe_C,e493d977-1289-4420-b102-87061598c92c,8,5.0,,,,9.81,8.98,10.77,12.57,7.74,11.39
2025-12-16T05:04:01.638122,Recipe_C,e493d977-1289-4420-b102-87061598c92c,8,5.0,,,,7.33,10.63,8.86,10.89,12.23,9.72
2025-12-16T05:04:02.638122,Recipe_C,e493d977-1289-4420-b102-87061598c92c,8,5.0,,,,13.9,11.66,12.13,10.05,10.03,8.54
2025-12-16T05:04:03.638122,Recipe_C,e493d977-1289-4420-b102-87061598c92c,8,0.0,,,,0.0,0.0,0.0,0.0,0.0,0.0
2025-12-16T05:04:04.638122,Recipe_C,e493d977-1289-4420-b102-87061598c92c,8,0.0,,,,0.0,0.0,0.0,0.0,0.0,0.0
2025-12-16T05:04:05.638122,Recipe_C,e493d977-1289-4420-b102-87061598c92c,8,0.0,,,,0.0,0.0,0.0,0.0,0.0,0.0
2025-12-16T05:04:06.638122,Recipe_C,e493d977-1289-4420-b102-87061598c92c,8,3.0,,,,6.38,12.3,14.99,9.29,11.74,8.57
2025-12-16T05:04:07.638122,Recipe_C,e493d977-1289-4420-b102-87061598c92c,8,3.0,,,,9.36,10.23,8.28,10.6,11.35,7.8
2025-12-16T05:04:08.638122,Recipe_C,e493d977-1289-4420-b102-87061598c92c,8,3.0,,,,8.46,10.71,10.42,9.06,12.4,14.18
2025-12-16T05:04:09.638122,Recipe_C,e493d977-1289-4420-b102-87061598c92c,8,3.0,,,,9.2,9.45,5.78,11.88,6.37,9.88
2025-12-16T05:04:10.638122,Recipe_C,e493d977-1289-4420-b102-87061598c92c,8,3.0,,,,9.45,17.11,8.28,6.05,12.57,8.35
2025-12-16T05:04:11.638122,Recipe_C,e493d977-1289-4420-b102-87061598c92c,8,3.0,,,,7.4,9.93,7.72,11.18,12.23,12.05
2025-12-16T05:04:12.638122,Recipe_C,e493d977-1289-4420-b102-87061598c92c,8,3.0,,,,11.62,10.03,11.33,15.43,11.26,8.81
2025-12-16T05:04:13.638122,Recipe_C,e493d977-1289-4420-b102-87061598c92c,8,3.0,,,,13.8,9.52,12.58,9.73,7.47,8.4
2025-12-16T05:04:14.638122,Recipe_C,e493d977-1289-4420-b102-87061598c92c,8,3.0,,,,10.81,12.38,10.61,9.56,6.57,11.2
2025-12-16T05:04:15.638122,Recipe_C,e493d977-1289-4420-b102-87061598c92c,8,2.0,,,,12.4,12.33,11.93,10.36,13.3,10.86
2025-12-16T05:04:16.638122,Recipe_C,e493d977-1289-4420-b102-87061598c92c,8,2.0,,,,10.03,7.03,11.16,9.03,11.8,13.82
2025-12-16T05:04:17.638122,Recipe_C,e493d977-1289-4420-b102-87061598c92c,8,2.0,,,,11.26,8.95,10.35,10.54,8.94,11.45
2025-12-16T05:04:18.638122,Recipe_C,e493d977-1289-4420-b102-87061598c92c,8,2.0,,,,13.23,9.75,10.53,7.98,8.96,6.21
2025-12-16T05:04:19.638122,Recipe_C,e493d977-1289-4420-b102-87061598c92c,8,2.0,,,,9.58,8.76,15.33,12.63,10.53,12.94
2025-12-16T05:04:20.638122,Recipe_C,e493d977-1289-4420-b102-87061598c92c,8,2.0,,,,10.22,11.81,11.02,10.37,6.54,11.69
2025-12-16T05:04:21.638122,Recipe_C,e493d977-1289-4420-b102-87061598c92c,8,2.0,,,,8.63,7.84,11.87,7.48,8.17,7.3
2025-12-16T05:04:22.638122,Recipe_C,e493d977-1289-4420-b102-87061598c92c,8,2.0,,,,10.64,10.89,9.81,10.09,10.83,10.83
2025-12-16T05:04:23.638122,Recipe_C,e493d977-1289-4420-b102-87061598c92c,8,2.0,,,,11.48,9.37,9.17,7.98,11.52,9.17
2025-12-16T05:04:24.638122,Recipe_C,e493d977-1289-4420-b102-87061598c92c,8,2.0,,,,10.42,6.95,9.53,9.61,10.67,11.99
2025-12-16T05:04:25.638122,Recipe_C,e493d977-1289-4420-b102-87061598c92c,8,2.0,,,,8.85,11.47,9.44,12.25,9.21,7.99
2025-12-16T05:04:26.638122,Recipe_C,e493d977-1289-4420-b102-87061598c92c,8,2.0,,,,8.29,10.31,9.24,11.3,7.32,7.88
2025-12-16T05:04:27.638122,Recipe_C,e493d977-1289-4420-b102-87061598c92c,8,2.0,,,,8.38,9.79,9.1,9.33,8.14,11.38
2025-12-16T05:04:28.638122,Recipe_C,e493d977-1289-4420-b102-87061598c92c,8,2.0,,,,11.03,10.6,11.55,9.75,7.43,9.39
2025-12-16T05:04:29.638122,Recipe_C,e493d977-1289-4420-b102-87061598c92c,8,2.0,,,,10.12,9.76,9.11,8.31,8.65,12.78
2025-12-16T05:04:30.638122,Recipe_C,e493d977-1289-4420-b102-87061598c92c,8,2.0,,,,9.76,11.27,11.95,11.09,10.44,7.16
2025-12-16T05:04:31.638122,Recipe_C,e493d977-1289-4420-b102-87061598c92c,8,2.0,,,,11.99,10.57,9.9,10.65,9.79,9.84
2025-12-16T05:04:32.638122,Recipe_C,e493d977-1289-4420-b102-87061598c92c,8,2.0,,,,5.35,13.35,9.74,9.43,8.75,6.38
2025-12-16T05:04:33.638122,Recipe_C,e493d977-1289-4420-b102-87061598c92c,8,2.0,,,,6.45,11.89,4.9,5.06,11.78,9.36
2025-12-16T05:04:34.638122,Recipe_C,e493d977-1289-4420-b102-87061598c92c,8,2.0,,,,12.07,13.47,11.2,12.88,11.31,11.79
2025-12-16T05:04:35.638122,Recipe_C,e493d977-1289-4420-b102-87061598c92c,8,2.0,,,,9.34,11.61,11.75,8.39,10.14,10.48
2025-12-16T05:04:36.638122,Recipe_C,e493d977-1289-4420-b102-87061598c92c,8,2.0,,,,8.9,13.02,11.88,9.92,9.54,11.66
2025-12-16T05:04:37.638122,Recipe_C,e493d977-1289-4420-b102-87061598c92c,8,2.0,,,,7.87,10.28,7.38,6.24,8.75,7.59
2025-12-16T05:04:38.638122,Recipe_C,e493d977-1289-4420-b102-87061598c92c,8,2.0,,,,12.8,9.99,13.1,9.99,11.95,8.61
2025-12-16T05:04:39.638122,Recipe_C,e493d977-1289-4420-b102-87061598c92c,8,0.0,,,,0.0,0.0,0.0,0.0,0.0,0.0
2025-12-16T05:04:40.638122,Recipe_C,e493d977-1289-4420-b102-87061598c92c,8,0.0,,,,0.0,0.0,0.0,0.0,0.0,0.0
2025-12-16T05:04:41.638122,Recipe_C,e493d977-1289-4420-b102-87061598c92c,8,0.0,,,,0.0,0.0,0.0,0.0,0.0,0.0
2025-12-16T05:04:42.638122,Recipe_C,e493d977-1289-4420-b102-87061598c92c,8,0.0,,,,0.0,0.0,0.0,0.0,0.0,0.0
2025-12-16T05:04:43.638122,Recipe_C,e493d977-1289-4420-b102-87061598c92c,8,5.0,,,,12.05,8.36,7.46,13.27,6.03,8.58
2025-12-16T05:04:44.638122,Recipe_C,e493d977-1289-4420-b102-87061598c92c,8,5.0,,,,6.62,14.15,8.9,9.2,10.1,14.01
2025-12-16T05:04:45.638122,Recipe_C,e493d977-1289-4420-b102-87061598c92c,8,5.0,,,,6.55,8.54,15.39,9.77,11.27,13.34
2025-12-16T05:04:46.638122,Recipe_C,e493d977-1289-4420-b102-87061598c92c,8,5.0,,,,6.95,11.67,9.33,9.13,13.03,8.36
2025-12-16T05:04:47.638122,Recipe_C,e493d977-1289-4420-b102-87061598c92c,8,5.0,,,,7.54,8.43,11.5,6.73,10.86,9.4
2025-12-16T05:04:48.638122,Recipe_C,e493d977-1289-4420-b102-87061598c92c,8,5.0,,,,12.22,11.25,9.53,13.05,9.48,9.17
2025-12-16T05:04:49.638122,Recipe_C,e493d977-1289-4420-b102-87061598c92c,8,5.0,,,,7.43,14.58,12.17,9.18,10.9,7.6
2025-12-16T05:04:50.638122,Recipe_C,e493d977-1289-4420-b102-87061598c92c,8,5.0,,,,10.74,10.97,11.09,10.02,7.6,11.78
2025-12-16T05:04:51.638122,Recipe_C,e493d977-1289-4420-b102-87061598c92c,8,5.0,,,,9.17,10.41,8.71,10.74,10.89,11.26
2025-12-16T05:04:52.638122,Recipe_C,e493d977-1289-4420-b102-87061598c92c,8,5.0,,,,7.99,10.06,7.65,10.12,13.09,8.64
2025-12-16T05:04:53.638122,Recipe_C,e493d977-1289-4420-b102-87061598c92c,8,5.0,,,,12.11,10.37,8.48,9.61,11.93,7.3
2025-12-16T05:04:54.638122,Recipe_C,e493d977-1289-4420-b102-87061598c92c,8,5.0,,,,9.73,11.42,8.93,8.11,11.24,10.73
2025-12-16T05:04:55.638122,Recipe_C,e493d977-1289-4420-b102-87061598c92c,8,5.0,,,,11.61,11.3,12.25,11.99,8.43,10.52
2025-12-16T05:04:56.638122,Recipe_C,e493d977-1289-4420-b102-87061598c92c,8,5.0,,,,11.17,7.85,9.36,9.01,12.82,10.4
2025-12-16T05:04:57.638122,Recipe_C,e493d977-1289-4420-b102-87061598c92c,8,5.0,,,,5.16,10.81,10.04,10.91,6.09,10.69
2025-12-16T05:04:58.638122,Recipe_C,e493d977-1289-4420-b102-87061598c92c,8,5.0,,,,10.59,8.92,10.56,5.89,12.98,11.52
2025-12-16T05:04:59.638122,Recipe_C,e493d977-1289-4420-b102-87061598c92c,8,5.0,,,,12.16,6.13,12.06,7.56,9.99,7.34
2025-12-16T05:05:00.638122,Recipe_C,e493d977-1289-4420-b102-87061598c92c,8,5.0,,,,11.61,13.34,7.19,12.1,6.78,12.21
2025-12-16T05:05:01.638122,Recipe_C,e493d977-1289-4420-b102-87061598c92c,8,5.0,,,,15.42,10.86,8.2,10.15,10.5,9.46
2025-12-16T05:05:02.638122,Recipe_C,e493d977-1289-4420-b102-87061598c92c,8,5.0,,,,11.04,8.19,8.6,9.9,10.37,11.59
2025-12-16T05:05:03.638122,Recipe_C,e493d977-1289-4420-b102-87061598c92c,8,5.0,,,,9.17,10.19,8.36,6.85,8.1,8.82
2025-12-16T05:05:04.638122,Recipe_C,e493d977-1289-4420-b102-87061598c92c,8,5.0,,,,9.41,9.23,10.85,11.33,7.44,9.01
2025-12-16T05:05:05.638122,Recipe_C,e493d977-1289-4420-b102-87061598c92c,8,5.0,,,,11.08,8.5,9.27,9.87,6.72,9.53
2025-12-16T05:05:06.638122,Recipe_C,e493d977-1289-4420-b102-87061598c92c,8,5.0,,,,9.83,9.57,7.51,12.37,8.21,5.63
2025-12-16T05:05:07.638122,Recipe_C,e493d977-1289-4420-b102-87061598c92c,8,5.0,,,,11.88,10.75,10.48,7.39,10.85,8.81
2025-12-16T05:05:08.638122,Recipe_C,e493d977-1289-4420-b102-87061598c92c,8,5.0,,,,9.09,6.45,8.75,9.12,7.54,9.71
2025-12-16T05:05:09.638122,Recipe_C,e493d977-1289-4420-b102-87061598c92c,8,5.0,,,,14.1,12.16,10.13,9.26,11.91,11.12
2025-12-16T05:05:10.638122,Recipe_C,e493d977-1289-4420-b102-87061598c92c,8,5.0,,,,11.92,10.42,10.02,9.16,11.34,12.14
2025-12-16T05:05:11.638122,Recipe_C,e493d977-1289-4420-b102-87061598c92c,8,5.0,,,,10.02,9.56,10.75,8.84,11.29,8.35
2025-12-16T05:05:12.638122,Recipe_C,e493d977-1289-4420-b102-87061598c92c,8,5.0,,,,12.8,7.12,9.72,5.22,10.83,6.56
2025-12-16T05:05:13.638122,Recipe_C,e493d977-1289-4420-b102-87061598c92c,8,5.0,,,,10.89,8.19,9.13,11.82,10.04,9.84
2025-12-16T05:05:14.638122,Recipe_C,e493d977-1289-4420-b102-87061598c92c,8,5.0,,,,7.7,11.87,10.59,9.01,10.61,13.91
2025-12-16T05:05:15.638122,Recipe_C,e493d977-1289-4420-b102-87061598c92c,8,5.0,,,,10.34,11.86,10.19,9.74,10.37,8.26
2025-12-16T05:05:16.638122,Recipe_C,e493d977-1289-4420-b102-87061598c92c,8,5.0,,,,12.21,8.81,11.65,10.25,9.19,7.82
2025-12-16T05:05:17.638122,Recipe_C,e493d977-1289-4420-b102-87061598c92c,8,5.0,,,,10.82,9.57,11.08,12.03,13.51,11.31
2025-12-16T05:05:18.638122,Recipe_C,e493d977-1289-4420-b102-87061598c92c,8,5.0,,,,12.69,9.64,12.59,8.4,12.07,11.38
2025-12-16T05:05:19.638122,Recipe_C,e493d977-1289-4420-b102-87061598c92c,8,5.0,,,,10.21,10.12,13.53,8.21,9.89,11.12
2025-12-16T05:05:20.638122,Recipe_C,e493d977-1289-4420-b102-87061598c92c,8,5.0,,,,10.99,9.75,8.4,9.7,8.72,9.39
2025-12-16T05:05:21.638122,Recipe_C,e493d977-1289-4420-b102-87061598c92c,8,5.0,,,,9.61,5.63,14.92,11.2,9.72,9.3
2025-12-16T05:05:22.638122,Recipe_C,e493d977-1289-4420-b102-87061598c92c,8,5.0,,,,7.94,8.03,12.56,9.85,10.46,11.34
2025-12-16T05:05:23.638122,Recipe_C,e493d977-1289-4420-b102-87061598c92c,8,5.0,,,,9.02,8.69,8.42,8.81,8.99,9.25
2025-12-16T05:05:24.638122,Recipe_C,e493d977-1289-4420-b102-87061598c92c,8,5.0,,,,8.98,10.41,8.61,9.61,7.87,10.56
2025-12-16T05:05:25.638122,Recipe_C,e493d977-1289-4420-b102-87061598c92c,8,5.0,,,,7.72,7.58,9.19,10.21,10.01,7.11
2025-12-16T05:05:26.638122,Recipe_C,e493d977-1289-4420-b102-87061598c92c,8,5.0,,,,9.73,9.48,8.9,9.19,7.42,7.48
2025-12-16T05:05:27.638122,Recipe_C,e493d977-1289-4420-b102-87061598c92c,8,5.0,,,,8.99,5.8,9.8,9.92,11.48,11.54
2025-12-16T05:05:28.638122,Recipe_C,e493d977-1289-4420-b102-87061598c92c,8,5.0,,,,10.34,10.69,8.47,8.62,8.64,7.51
2025-12-16T05:05:29.638122,Recipe_C,e493d977-1289-4420-b102-87061598c92c,8,5.0,,,,11.62,11.81,11.73,10.77,11.95,10.69
2025-12-16T05:05:30.638122,Recipe_C,e493d977-1289-4420-b102-87061598c92c,8,5.0,,,,8.47,7.2,11.79,9.8,6.19,8.11
2025-12-16T05:05:31.638122,Recipe_C,e493d977-1289-4420-b102-87061598c92c,8,5.0,,,,6.56,9.68,7.87,8.45,9.65,8.26
2025-12-16T05:05:32.638122,Recipe_C,e493d977-1289-4420-b102-87061598c92c,8,5.0,,,,14.36,11.1,10.65,8.36,11.29,7.59
2025-12-16T05:05:33.638122,Recipe_C,e493d977-1289-4420-b102-87061598c92c,8,5.0,,,,10.18,6.82,8.64,9.94,10.57,8.82
2025-12-16T05:05:34.638122,Recipe_C,e493d977-1289-4420-b102-87061598c92c,8,5.0,,,,9.01,10.84,9.14,11.55,8.04,9.78
2025-12-16T05:05:35.638122,Recipe_C,e493d977-1289-4420-b102-87061598c92c,8,5.0,,,,11.71,10.26,7.07,7.75,14.02,10.63
2025-12-16T05:05:36.638122,Recipe_C,e493d977-1289-4420-b102-87061598c92c,8,5.0,,,,9.74,11.56,11.38,14.21,9.99,9.89
2025-12-16T05:05:37.638122,Recipe_C,e493d977-1289-4420-b102-87061598c92c,8,5.0,,,,6.65,8.97,8.54,10.8,8.05,12.46
2025-12-16T05:05:38.638122,Recipe_C,e493d977-1289-4420-b102-87061598c92c,8,5.0,,,,12.58,10.57,14.01,5.69,7.56,6.65
2025-12-16T05:05:39.638122,Recipe_C,e493d977-1289-4420-b102-87061598c92c,8,5.0,,,,8.33,8.2,11.82,11.8,12.4,11.0
2025-12-16T05:05:40.638122,Recipe_C,e493d977-1289-4420-b102-87061598c92c,8,5.0,,,,6.89,9.14,11.64,11.77,7.1,10.88
2025-12-16T05:05:41.638122,Recipe_C,e493d977-1289-4420-b102-87061598c92c,8,5.0,,,,10.35,9.9,11.65,9.65,10.94,9.32
2025-12-16T05:05:42.638122,Recipe_C,e493d977-1289-4420-b102-87061598c92c,8,5.0,,,,10.13,8.1,9.12,10.26,8.11,8.4
2025-12-16T05:05:43.638122,Recipe_C,e493d977-1289-4420-b102-87061598c92c,8,5.0,,,,10.43,8.5,9.63,8.3,11.96,14.55
2025-12-16T05:05:44.638122,Recipe_C,e493d977-1289-4420-b102-87061598c92c,8,5.0,,,,10.19,13.4,9.38,11.4,12.17,7.74
2025-12-16T05:05:45.638122,Recipe_C,e493d977-1289-4420-b102-87061598c92c,8,5.0,,,,11.86,11.34,13.77,9.9,8.28,10.09
2025-12-16T05:05:46.638122,Recipe_C,e493d977-1289-4420-b102-87061598c92c,8,5.0,,,,7.39,7.79,11.15,13.0,9.84,11.04
2025-12-16T05:05:47.638122,Recipe_C,e493d977-1289-4420-b102-87061598c92c,8,5.0,,,,9.68,11.68,10.37,12.25,10.8,11.51
2025-12-16T05:05:48.638122,Recipe_C,e493d977-1289-4420-b102-87061598c92c,8,5.0,,,,10.74,11.51,5.89,6.79,8.61,10.84
2025-12-16T05:05:49.638122,Recipe_C,e493d977-1289-4420-b102-87061598c92c,8,5.0,,,,9.32,11.33,14.04,9.55,10.18,11.47
2025-12-16T05:05:50.638122,Recipe_C,e493d977-1289-4420-b102-87061598c92c,8,5.0,,,,11.51,7.75,7.72,10.55,9.2,10.75
2025-12-16T05:05:51.638122,Recipe_C,e493d977-1289-4420-b102-87061598c92c,8,5.0,,,,8.86,10.64,10.99,10.83,12.29,11.15
2025-12-16T05:05:52.638122,Recipe_C,e493d977-1289-4420-b102-87061598c92c,8,5.0,,,,5.83,12.53,7.35,9.46,8.68,7.41
2025-12-16T05:05:53.638122,Recipe_C,e493d977-1289-4420-b102-87061598c92c,8,5.0,,,,9.22,4.87,10.0,9.99,11.18,8.27
2025-12-16T05:05:54.638122,Recipe_C,e493d977-1289-4420-b102-87061598c92c,8,5.0,,,,11.56,8.38,8.66,10.59,9.58,10.98
2025-12-16T05:05:55.638122,Recipe_C,e493d977-1289-4420-b102-87061598c92c,8,5.0,,,,8.6,10.97,12.5,9.97,8.48,7.58
2025-12-16T05:05:56.638122,Recipe_C,e493d977-1289-4420-b102-87061598c92c,8,5.0,,,,9.56,9.2,10.49,4.24,9.3,10.12
2025-12-16T05:05:57.638122,Recipe_C,e493d977-1289-4420-b102-87061598c92c,8,1.0,,,,8.4,10.24,8.17,11.36,8.81,8.48
2025-12-16T05:05:58.638122,Recipe_C,e493d977-1289-4420-b102-87061598c92c,8,1.0,,,,12.19,6.6,9.41,10.31,9.63,7.25
2025-12-16T05:05:59.638122,Recipe_C,e493d977-1289-4420-b102-87061598c92c,8,1.0,,,,8.01,8.76,14.2,12.64,7.71,9.12
2025-12-16T05:06:00.638122,Recipe_C,e493d977-1289-4420-b102-87061598c92c,8,1.0,,,,8.87,6.88,12.67,8.75,11.44,9.47
2025-12-16T05:06:01.638122,Recipe_C,e493d977-1289-4420-b102-87061598c92c,8,1.0,,,,11.65,11.33,10.09,7.8,11.48,12.01
2025-12-16T05:06:02.638122,Recipe_C,e493d977-1289-4420-b102-87061598c92c,8,1.0,,,,11.57,7.5,12.85,8.64,5.16,10.68
2025-12-16T05:06:03.638122,Recipe_C,e493d977-1289-4420-b102-87061598c92c,8,1.0,,,,8.9,8.1,10.95,9.61,7.15,8.17
2025-12-16T05:06:04.638122,Recipe_C,e493d977-1289-4420-b102-87061598c92c,8,1.0,,,,7.55,10.14,13.21,11.44,11.19,9.91
2025-12-16T05:06:05.638122,Recipe_C,e493d977-1289-4420-b102-87061598c92c,8,1.0,,,,11.03,5.42,10.59,9.17,8.87,10.93
2025-12-16T05:06:06.638122,Recipe_C,e493d977-1289-4420-b102-87061598c92c,8,1.0,,,,10.64,10.89,8.39,8.73,12.18,9.74
2025-12-16T05:06:07.638122,Recipe_C,e493d977-1289-4420-b102-87061598c92c,8,1.0,,,,9.81,10.3,9.65,12.01,12.31,10.01
2025-12-16T05:06:08.638122,Recipe_C,e493d977-1289-4420-b102-87061598c92c,8,1.0,,,,12.35,11.85,10.74,5.85,9.08,12.62
2025-12-16T05:06:09.638122,Recipe_C,e493d977-1289-4420-b102-87061598c92c,8,1.0,,,,11.56,11.43,8.77,10.23,6.07,6.54
2025-12-16T05:06:10.638122,Recipe_C,e493d977-1289-4420-b102-87061598c92c,8,1.0,,,,10.4,8.74,8.32,7.64,9.77,11.5
2025-12-16T05:06:11.638122,Recipe_C,e493d977-1289-4420-b102-87061598c92c,8,1.0,,,,12.82,10.82,9.62,9.63,9.57,11.43
2025-12-16T05:06:12.638122,Recipe_C,e493d977-1289-4420-b102-87061598c92c,8,1.0,,,,9.48,6.87,10.23,10.67,6.88,11.82
2025-12-16T05:06:13.638122,Recipe_C,e493d977-1289-4420-b102-87061598c92c,8,1.0,,,,12.3,9.57,9.56,7.39,9.4,10.09
2025-12-16T05:06:14.638122,Recipe_C,e493d977-1289-4420-b102-87061598c92c,8,1.0,,,,6.87,9.9,12.32,14.5,8.71,7.08
2025-12-16T05:06:15.638122,Recipe_C,e493d977-1289-4420-b102-87061598c92c,8,1.0,,,,12.91,8.27,9.68,9.11,10.84,8.83
2025-12-16T05:06:16.638122,Recipe_C,e493d977-1289-4420-b102-87061598c92c,8,1.0,,,,7.96,12.26,3.35,11.45,10.44,11.54
2025-12-16T05:06:17.638122,Recipe_C,e493d977-1289-4420-b102-87061598c92c,8,1.0,,,,7.77,12.61,9.64,10.94,10.08,8.57
2025-12-16T05:06:18.638122,Recipe_C,e493d977-1289-4420-b102-87061598c92c,8,1.0,,,,12.72,9.8,10.01,10.96,9.39,8.62
2025-12-16T05:06:19.638122,Recipe_C,e493d977-1289-4420-b102-87061598c92c,8,1.0,,,,11.68,9.11,7.69,9.16,11.18,10.04
2025-12-16T05:06:20.638122,Recipe_C,e493d977-1289-4420-b102-87061598c92c,8,1.0,,,,7.37,10.67,8.49,8.59,6.5,13.31
2025-12-16T05:06:21.638122,Recipe_C,e493d977-1289-4420-b102-87061598c92c,8,1.0,,,,7.74,7.83,8.88,9.61,13.63,12.03
2025-12-16T05:06:22.638122,Recipe_C,e493d977-1289-4420-b102-87061598c92c,8,1.0,,,,9.83,4.86,10.25,7.83,6.45,10.93
2025-12-16T05:06:23.638122,Recipe_C,e493d977-1289-4420-b102-87061598c92c,8,1.0,,,,10.25,11.02,9.01,10.71,10.98,8.66
2025-12-16T05:06:24.638122,Recipe_C,e493d977-1289-4420-b102-87061598c92c,8,1.0,,,,11.27,11.57,5.82,9.59,9.31,9.92
2025-12-16T05:06:25.638122,Recipe_C,e493d977-1289-4420-b102-87061598c92c,8,1.0,,,,9.88,7.91,12.76,7.98,8.46,8.07
2025-12-16T05:06:26.638122,Recipe_C,e493d977-1289-4420-b102-87061598c92c,8,1.0,,,,10.22,12.82,13.53,10.58,8.19,9.23
2025-12-16T05:06:27.638122,Recipe_C,e493d977-1289-4420-b102-87061598c92c,8,1.0,,,,9.3,12.8,14.57,12.08,8.76,10.45
2025-12-16T05:06:28.638122,Recipe_C,e493d977-1289-4420-b102-87061598c92c,8,1.0,,,,9.61,11.82,11.38,13.52,6.9,7.04
2025-12-16T05:06:29.638122,Recipe_C,e493d977-1289-4420-b102-87061598c92c,8,1.0,,,,9.38,13.35,10.4,8.97,10.95,9.83
2025-12-16T05:06:30.638122,Recipe_C,e493d977-1289-4420-b102-87061598c92c,8,1.0,,,,9.93,11.27,10.41,12.61,6.39,7.43
2025-12-16T05:06:31.638122,Recipe_C,e493d977-1289-4420-b102-87061598c92c,8,1.0,,,,8.58,9.55,12.42,9.12,12.6,8.61
2025-12-16T05:06:32.638122,Recipe_C,e493d977-1289-4420-b102-87061598c92c,8,3.0,,,,10.64,8.06,10.05,11.78,9.75,7.2
2025-12-16T05:06:33.638122,Recipe_C,e493d977-1289-4420-b102-87061598c92c,8,3.0,,,,10.85,9.15,12.85,10.59,9.3,8.91
2025-12-16T05:06:34.638122,Recipe_C,e493d977-1289-4420-b102-87061598c92c,8,3.0,,,,11.15,11.45,13.01,9.07,10.13,10.22
2025-12-16T05:06:35.638122,Recipe_C,e493d977-1289-4420-b102-87061598c92c,8,3.0,,,,11.05,14.65,12.7,5.93,8.13,16.37
2025-12-16T05:06:36.638122,Recipe_C,e493d977-1289-4420-b102-87061598c92c,8,3.0,,,,8.72,11.3,5.98,11.18,16.41,10.64
2025-12-16T05:06:37.638122,Recipe_C,e493d977-1289-4420-b102-87061598c92c,8,1.0,,,,6.55,12.13,9.89,10.65,13.84,12.29
2025-12-16T05:06:38.638122,Recipe_C,e493d977-1289-4420-b102-87061598c92c,8,1.0,,,,10.4,11.45,10.87,9.63,9.33,10.31
2025-12-16T05:06:39.638122,Recipe_C,e493d977-1289-4420-b102-87061598c92c,8,1.0,,,,11.5,8.84,7.99,11.17,10.3,8.24
2025-12-16T05:06:40.638122,Recipe_C,e493d977-1289-4420-b102-87061598c92c,8,1.0,,,,9.82,10.0,11.7,11.08,11.22,9.36
2025-12-16T05:06:41.638122,Recipe_C,e493d977-1289-4420-b102-87061598c92c,8,1.0,,,,12.05,10.5,8.22,11.17,10.85,12.56
2025-12-16T05:06:42.638122,Recipe_C,e493d977-1289-4420-b102-87061598c92c,8,1.0,,,,10.63,10.72,10.72,10.96,8.64,8.14
2025-12-16T05:06:43.638122,Recipe_C,e493d977-1289-4420-b102-87061598c92c,8,1.0,,,,11.96,9.38,14.69,10.57,9.9,11.45
2025-12-16T05:06:44.638122,Recipe_C,e493d977-1289-4420-b102-87061598c92c,8,1.0,,,,13.9,11.93,11.86,10.61,11.44,8.15
2025-12-16T05:06:45.638122,Recipe_C,e493d977-1289-4420-b102-87061598c92c,8,1.0,,,,9.39,7.23,12.35,9.59,11.75,11.24
2025-12-16T05:06:46.638122,Recipe_C,e493d977-1289-4420-b102-87061598c92c,8,1.0,,,,8.58,3.18,9.18,10.95,13.38,8.24
2025-12-16T05:06:47.638122,Recipe_C,e493d977-1289-4420-b102-87061598c92c,8,1.0,,,,10.69,8.87,8.91,11.16,12.13,6.91
2025-12-16T05:06:48.638122,Recipe_C,e493d977-1289-4420-b102-87061598c92c,8,1.0,,,,13.58,12.23,9.53,11.14,10.08,10.66
2025-12-16T05:06:49.638122,Recipe_C,e493d977-1289-4420-b102-87061598c92c,8,1.0,,,,10.34,13.36,8.27,10.24,6.76,11.97
2025-12-16T05:06:50.638122,Recipe_C,e493d977-1289-4420-b102-87061598c92c,8,4.0,,,,108.45,52.54,48.19,49.02,43.59,53.9
2025-12-16T05:06:51.638122,Recipe_C,e493d977-1289-4420-b102-87061598c92c,8,4.0,,,,109.37,54.15,49.44,46.73,51.2,53.11
2025-12-16T05:06:52.638122,Recipe_C,e493d977-1289-4420-b102-87061598c92c,8,4.0,,,,98.22,54.7,41.93,49.17,48.44,54.29
2025-12-16T05:06:53.638122,Recipe_C,e493d977-1289-4420-b102-87061598c92c,8,4.0,,,,88.43,44.75,42.87,39.38,45.36,50.46
2025-12-16T05:06:54.638122,Recipe_C,e493d977-1289-4420-b102-87061598c92c,8,4.0,,,,98.79,49.42,55.13,52.29,49.8,41.96
2025-12-16T05:06:55.638122,Recipe_C,e493d977-1289-4420-b102-87061598c92c,8,4.0,,,,100.88,54.9,51.47,53.57,46.87,43.4
2025-12-16T05:06:56.638122,Recipe_C,e493d977-1289-4420-b102-87061598c92c,8,4.0,,,,95.13,57.22,42.8,56.16,58.87,51.72
2025-12-16T05:06:57.638122,Recipe_C,e493d977-1289-4420-b102-87061598c92c,8,4.0,,,,102.23,49.86,50.25,48.13,53.99,48.84
2025-12-16T05:06:58.638122,Recipe_C,e493d977-1289-4420-b102-87061598c92c,8,4.0,,,,107.4,45.84,50.51,60.48,49.34,46.35
2025-12-16T05:06:59.638122,Recipe_C,e493d977-1289-4420-b102-87061598c92c,8,4.0,,,,97.04,54.66,47.32,51.32,53.27,53.31
2025-12-16T05:07:00.638122,Recipe_C,e493d977-1289-4420-b102-87061598c92c,8,4.0,,,,96.36,54.92,43.36,49.52,54.45,49.71
2025-12-16T05:07:01.638122,Recipe_C,e493d977-1289-4420-b102-87061598c92c,8,4.0,,,,97.81,47.68,39.97,51.22,49.79,46.01
2025-12-16T05:07:02.638122,Recipe_C,e493d977-1289-4420-b102-87061598c92c,8,4.0,,,,99.19,52.27,44.94,52.51,49.97,51.72
2025-12-16T05:07:03.638122,Recipe_C,e493d977-1289-4420-b102-87061598c92c,8,4.0,,,,97.66,46.19,50.79,61.8,47.75,54.35
2025-12-16T05:07:04.638122,Recipe_C,e493d977-1289-4420-b102-87061598c92c,8,4.0,,,,89.0,44.19,47.1,62.49,50.3,48.32
2025-12-16T05:07:05.638122,Recipe_C,e493d977-1289-4420-b102-87061598c92c,8,4.0,,,,94.79,51.88,52.83,52.48,48.75,44.01
2025-12-16T05:07:06.638122,Recipe_C,e493d977-1289-4420-b102-87061598c92c,8,4.0,,,,94.37,55.04,50.77,54.52,51.51,57.03
2025-12-16T05:07:07.638122,Recipe_C,e493d977-1289-4420-b102-87061598c92c,8,4.0,,,,95.11,48.31,53.27,46.75,60.95,50.43
2025-12-16T05:07:08.638122,Recipe_C,e493d977-1289-4420-b102-87061598c92c,8,4.0,,,,101.73,39.22,38.1,46.04,51.06,50.02
2025-12-16T05:07:09.638122,Recipe_C,e493d977-1289-4420-b102-87061598c92c,8,4.0,,,,107.53,48.63,49.45,56.72,41.54,44.95
2025-12-16T05:07:10.638122,Recipe_C,e493d977-1289-4420-b102-87061598c92c,8,4.0,,,,101.74,46.96,49.67,45.27,49.75,57.78
2025-12-16T05:07:11.638122,Recipe_C,e493d977-1289-4420-b102-87061598c92c,8,4.0,,,,93.67,52.88,43.79,53.52,55.16,49.23
2025-12-16T05:07:12.638122,Recipe_C,e493d977-1289-4420-b102-87061598c92c,8,4.0,,,,104.47,50.56,47.57,55.0,49.94,54.69
2025-12-16T05:07:13.638122,Recipe_C,e493d977-1289-4420-b102-87061598c92c,8,4.0,,,,106.06,58.74,53.63,54.02,46.62,51.93
2025-12-16T05:07:14.638122,Recipe_C,e493d977-1289-4420-b102-87061598c92c,8,5.0,,,,12.68,10.17,11.37,7.94,7.52,12.03
2025-12-16T05:07:15.638122,Recipe_C,e493d977-1289-4420-b102-87061598c92c,8,5.0,,,,11.13,11.46,9.9,11.96,10.12,8.59
2025-12-16T05:07:16.638122,Recipe_C,e493d977-1289-4420-b102-87061598c92c,8,5.0,,,,9.88,11.46,11.64,10.16,10.82,12.72
2025-12-16T05:07:17.638122,Recipe_C,e493d977-1289-4420-b102-87061598c92c,8,5.0,,,,10.23,9.52,7.86,11.19,10.57,9.56
2025-12-16T05:07:18.638122,Recipe_C,e493d977-1289-4420-b102-87061598c92c,8,5.0,,,,6.7,8.87,11.42,11.7,9.54,9.37
2025-12-16T05:07:19.638122,Recipe_C,e493d977-1289-4420-b102-87061598c92c,8,5.0,,,,7.68,14.28,9.57,8.05,8.21,10.62
2025-12-16T05:07:20.638122,Recipe_C,e493d977-1289-4420-b102-87061598c92c,8,5.0,,,,9.08,10.51,9.42,14.44,10.35,8.03
2025-12-16T05:07:21.638122,Recipe_C,e493d977-1289-4420-b102-87061598c92c,8,5.0,,,,9.65,9.38,11.68,7.29,11.09,10.3
2025-12-16T05:07:22.638122,Recipe_C,e493d977-1289-4420-b102-87061598c92c,8,5.0,,,,7.11,7.74,7.26,7.59,8.42,9.9
2025-12-16T05:07:23.638122,Recipe_C,e493d977-1289-4420-b102-87061598c92c,8,5.0,,,,11.42,9.74,10.35,10.41,5.16,7.94
2025-12-16T05:07:24.638122,Recipe_C,e493d977-1289-4420-b102-87061598c92c,8,0.0,,,,0.0,0.0,0.0,0.0,0.0,0.0
2025-12-16T05:07:25.638122,Recipe_C,e493d977-1289-4420-b102-87061598c92c,8,0.0,,,,0.0,0.0,0.0,0.0,0.0,0.0
2025-12-16T05:07:26.638122,Recipe_C,e493d977-1289-4420-b102-87061598c92c,8,0.0,,,,0.0,0.0,0.0,0.0,0.0,0.0
2025-12-16T05:07:27.638122,Recipe_C,e493d977-1289-4420-b102-87061598c92c,8,0.0,,,,0.0,0.0,0.0,0.0,0.0,0.0
2025-12-16T05:07:28.638122,Recipe_C,e493d977-1289-4420-b102-87061598c92c,8,0.0,,,,0.0,0.0,0.0,0.0,0.0,0.0
2025-12-16T05:07:29.638122,Recipe_C,e493d977-1289-4420-b102-87061598c92c,8,0.0,,,,0.0,0.0,0.0,0.0,0.0,0.0
2025-12-16T05:07:30.638122,Recipe_C,e493d977-1289-4420-b102-87061598c92c,8,0.0,,,,0.0,0.0,0.0,0.0,0.0,0.0
2025-12-16T05:07:31.638122,Recipe_C,e493d977-1289-4420-b102-87061598c92c,8,0.0,,,,0.0,0.0,0.0,0.0,0.0,0.0
2025-12-16T05:07:32.638122,Recipe_C,e493d977-1289-4420-b102-87061598c92c,8,0.0,,,,0.0,0.0,0.0,0.0,0.0,0.0
2025-12-16T05:07:33.638122,Recipe_C,e493d977-1289-4420-b102-87061598c92c,8,0.0,,,,0.0,0.0,0.0,0.0,0.0,0.0
2025-12-16T05:07:34.638122,Recipe_C,e493d977-1289-4420-b102-87061598c92c,8,0.0,,,,0.0,0.0,0.0,0.0,0.0,0.0
2025-12-16T05:07:35.638122,Recipe_C,e493d977-1289-4420-b102-87061598c92c,8,0.0,,,,0.0,0.0,0.0,0.0,0.0,0.0
2025-12-16T05:07:36.638122,Recipe_C,e493d977-1289-4420-b102-87061598c92c,8,0.0,,,,0.0,0.0,0.0,0.0,0.0,0.0
2025-12-16T05:07:37.638122,Recipe_C,e493d977-1289-4420-b102-87061598c92c,8,0.0,,,,0.0,0.0,0.0,0.0,0.0,0.0
2025-12-16T05:07:38.638122,Recipe_C,e493d977-1289-4420-b102-87061598c92c,8,0.0,,,,0.0,0.0,0.0,0.0,0.0,0.0
2025-12-16T05:07:39.638122,Recipe_C,e493d977-1289-4420-b102-87061598c92c,8,0.0,,,,0.0,0.0,0.0,0.0,0.0,0.0
2025-12-16T05:07:40.638122,Recipe_C,e493d977-1289-4420-b102-87061598c92c,8,0.0,,,,0.0,0.0,0.0,0.0,0.0,0.0
2025-12-16T05:07:41.638122,Recipe_C,e493d977-1289-4420-b102-87061598c92c,8,0.0,,,,0.0,0.0,0.0,0.0,0.0,0.0
2025-12-16T05:07:42.638122,Recipe_C,e493d977-1289-4420-b102-87061598c92c,8,0.0,,,,0.0,0.0,0.0,0.0,0.0,0.0
2025-12-16T05:07:43.638122,Recipe_C,e493d977-1289-4420-b102-87061598c92c,8,0.0,,,,0.0,0.0,0.0,0.0,0.0,0.0
2025-12-16T05:07:44.638122,Recipe_C,e493d977-1289-4420-b102-87061598c92c,8,0.0,,,,0.0,0.0,0.0,0.0,0.0,0.0
2025-12-16T05:07:45.638122,Recipe_C,e493d977-1289-4420-b102-87061598c92c,8,0.0,,,,0.0,0.0,0.0,0.0,0.0,0.0
2025-12-16T05:07:46.638122,Recipe_C,e493d977-1289-4420-b102-87061598c92c,8,0.0,,,,0.0,0.0,0.0,0.0,0.0,0.0
2025-12-16T05:07:47.638122,Recipe_C,e493d977-1289-4420-b102-87061598c92c,8,0.0,,,,0.0,0.0,0.0,0.0,0.0,0.0
2025-12-16T05:07:48.638122,Recipe_C,e493d977-1289-4420-b102-87061598c92c,8,0.0,,,,0.0,0.0,0.0,0.0,0.0,0.0
2025-12-16T05:07:49.638122,Recipe_C,e493d977-1289-4420-b102-87061598c92c,8,0.0,,,,0.0,0.0,0.0,0.0,0.0,0.0
2025-12-16T05:07:50.638122,Recipe_C,e493d977-1289-4420-b102-87061598c92c,8,0.0,,,,0.0,0.0,0.0,0.0,0.0,0.0
2025-12-16T05:07:51.638122,Recipe_C,e493d977-1289-4420-b102-87061598c92c,8,0.0,,,,0.0,0.0,0.0,0.0,0.0,0.0
2025-12-16T05:07:52.638122,Recipe_C,e493d977-1289-4420-b102-87061598c92c,8,0.0,,,,0.0,0.0,0.0,0.0,0.0,0.0
2025-12-16T05:07:53.638122,Recipe_C,e493d977-1289-4420-b102-87061598c92c,8,0.0,,,,0.0,0.0,0.0,0.0,0.0,0.0
2025-12-16T05:07:54.638122,Recipe_C,e493d977-1289-4420-b102-87061598c92c,8,0.0,,,,0.0,0.0,0.0,0.0,0.0,0.0
2025-12-16T05:07:55.638122,Recipe_C,e493d977-1289-4420-b102-87061598c92c,8,0.0,,,,0.0,0.0,0.0,0.0,0.0,0.0
2025-12-16T05:07:56.638122,Recipe_C,e493d977-1289-4420-b102-87061598c92c,8,0.0,,,,0.0,0.0,0.0,0.0,0.0,0.0
2025-12-16T05:07:57.638122,Recipe_C,e493d977-1289-4420-b102-87061598c92c,8,0.0,,,,0.0,0.0,0.0,0.0,0.0,0.0
2025-12-16T05:07:58.638122,Recipe_C,e493d977-1289-4420-b102-87061598c92c,8,0.0,,,,0.0,0.0,0.0,0.0,0.0,0.0
2025-12-16T05:07:59.638122,Recipe_C,e493d977-1289-4420-b102-87061598c92c,8,0.0,,,,0.0,0.0,0.0,0.0,0.0,0.0
2025-12-16T05:08:00.638122,Recipe_C,e493d977-1289-4420-b102-87061598c92c,8,0.0,,,,0.0,0.0,0.0,0.0,0.0,0.0
2025-12-16T05:08:01.638122,Recipe_C,e493d977-1289-4420-b102-87061598c92c,8,0.0,,,,0.0,0.0,0.0,0.0,0.0,0.0
2025-12-16T05:08:02.638122,Recipe_C,e493d977-1289-4420-b102-87061598c92c,8,0.0,,,,0.0,0.0,0.0,0.0,0.0,0.0
2025-12-16T05:08:03.638122,Recipe_C,e493d977-1289-4420-b102-87061598c92c,8,0.0,,,,0.0,0.0,0.0,0.0,0.0,0.0
2025-12-16T05:08:04.638122,Recipe_C,e493d977-1289-4420-b102-87061598c92c,8,0.0,,,,0.0,0.0,0.0,0.0,0.0,0.0
2025-12-16T05:08:05.638122,Recipe_C,e493d977-1289-4420-b102-87061598c92c,8,0.0,,,,0.0,0.0,0.0,0.0,0.0,0.0
2025-12-16T05:08:06.638122,Recipe_C,e493d977-1289-4420-b102-87061598c92c,8,0.0,,,,0.0,0.0,0.0,0.0,0.0,0.0
2025-12-16T05:08:07.638122,Recipe_C,e493d977-1289-4420-b102-87061598c92c,8,0.0,,,,0.0,0.0,0.0,0.0,0.0,0.0
2025-12-16T05:08:08.638122,Recipe_C,e493d977-1289-4420-b102-87061598c92c,8,0.0,,,,0.0,0.0,0.0,0.0,0.0,0.0
2025-12-16T05:08:09.638122,Recipe_C,e493d977-1289-4420-b102-87061598c92c,8,0.0,,,,0.0,0.0,0.0,0.0,0.0,0.0
2025-12-16T05:08:10.638122,Recipe_C,e493d977-1289-4420-b102-87061598c92c,8,0.0,,,,0.0,0.0,0.0,0.0,0.0,0.0
2025-12-16T05:08:11.638122,Recipe_C,e493d977-1289-4420-b102-87061598c92c,8,0.0,,,,0.0,0.0,0.0,0.0,0.0,0.0
2025-12-16T05:08:12.638122,Recipe_C,e493d977-1289-4420-b102-87061598c92c,8,0.0,,,,0.0,0.0,0.0,0.0,0.0,0.0
2025-12-16T05:08:13.638122,Recipe_C,e493d977-1289-4420-b102-87061598c92c,8,0.0,,,,0.0,0.0,0.0,0.0,0.0,0.0
2025-12-16T05:08:14.638122,Recipe_C,e493d977-1289-4420-b102-87061598c92c,8,0.0,,,,0.0,0.0,0.0,0.0,0.0,0.0
2025-12-16T05:08:15.638122,Recipe_C,e493d977-1289-4420-b102-87061598c92c,8,0.0,,,,0.0,0.0,0.0,0.0,0.0,0.0
2025-12-16T05:08:16.638122,Recipe_C,e493d977-1289-4420-b102-87061598c92c,8,0.0,,,,0.0,0.0,0.0,0.0,0.0,0.0
2025-12-16T05:08:17.638122,Recipe_C,e493d977-1289-4420-b102-87061598c92c,8,0.0,,,,0.0,0.0,0.0,0.0,0.0,0.0
2025-12-16T05:08:18.638122,Recipe_C,e493d977-1289-4420-b102-87061598c92c,8,0.0,,,,0.0,0.0,0.0,0.0,0.0,0.0
2025-12-16T05:08:19.638122,Recipe_C,e493d977-1289-4420-b102-87061598c92c,8,0.0,,,,0.0,0.0,0.0,0.0,0.0,0.0
2025-12-16T05:08:20.638122,Recipe_C,e493d977-1289-4420-b102-87061598c92c,8,0.0,,,,0.0,0.0,0.0,0.0,0.0,0.0
2025-12-16T05:08:21.638122,Recipe_C,e493d977-1289-4420-b102-87061598c92c,8,0.0,,,,0.0,0.0,0.0,0.0,0.0,0.0
2025-12-16T05:08:22.638122,Recipe_C,e493d977-1289-4420-b102-87061598c92c,8,0.0,,,,0.0,0.0,0.0,0.0,0.0,0.0
2025-12-16T05:08:23.638122,Recipe_C,e493d977-1289-4420-b102-87061598c92c,8,0.0,,,,0.0,0.0,0.0,0.0,0.0,0.0
2025-12-16T05:08:24.638122,Recipe_C,e493d977-1289-4420-b102-87061598c92c,8,0.0,,,,0.0,0.0,0.0,0.0,0.0,0.0
2025-12-16T05:08:25.638122,Recipe_C,e493d977-1289-4420-b102-87061598c92c,8,0.0,,,,0.0,0.0,0.0,0.0,0.0,0.0
2025-12-16T05:08:26.638122,Recipe_C,e493d977-1289-4420-b102-87061598c92c,8,0.0,,,,0.0,0.0,0.0,0.0,0.0,0.0
2025-12-16T05:08:27.638122,Recipe_C,e493d977-1289-4420-b102-87061598c92c,8,0.0,,,,0.0,0.0,0.0,0.0,0.0,0.0
2025-12-16T05:08:28.638122,Recipe_C,e493d977-1289-4420-b102-87061598c92c,8,0.0,,,,0.0,0.0,0.0,0.0,0.0,0.0
2025-12-16T05:08:29.638122,Recipe_C,e493d977-1289-4420-b102-87061598c92c,8,2.0,,,,6.99,11.38,6.49,9.78,12.29,6.43
2025-12-16T05:08:30.638122,Recipe_C,e493d977-1289-4420-b102-87061598c92c,8,2.0,,,,10.32,8.88,13.86,13.02,12.48,10.97
2025-12-16T05:08:31.638122,Recipe_C,e493d977-1289-4420-b102-87061598c92c,8,2.0,,,,8.32,11.87,10.5,6.2,11.17,11.03
2025-12-16T05:08:32.638122,Recipe_C,e493d977-1289-4420-b102-87061598c92c,8,2.0,,,,8.89,9.17,11.05,7.74,10.74,5.49
2025-12-16T05:08:33.638122,Recipe_C,e493d977-1289-4420-b102-87061598c92c,8,2.0,,,,11.15,11.43,9.35,10.36,7.19,8.15
2025-12-16T05:08:34.638122,Recipe_C,e493d977-1289-4420-b102-87061598c92c,8,2.0,,,,13.03,9.11,10.06,6.02,8.83,12.18
2025-12-16T05:08:35.638122,Recipe_C,e493d977-1289-4420-b102-87061598c92c,8,2.0,,,,10.16,10.88,9.43,7.79,10.3,11.11
2025-12-16T05:08:36.638122,Recipe_C,e493d977-1289-4420-b102-87061598c92c,8,2.0,,,,8.72,10.72,8.97,9.89,10.48,10.51
2025-12-16T05:08:37.638122,Recipe_C,e493d977-1289-4420-b102-87061598c92c,8,2.0,,,,8.58,10.91,10.08,11.45,8.29,9.51
2025-12-16T05:08:38.638122,Recipe_C,e493d977-1289-4420-b102-87061598c92c,8,2.0,,,,10.97,8.72,9.93,8.69,12.51,9.6
2025-12-16T05:08:39.638122,Recipe_C,e493d977-1289-4420-b102-87061598c92c,8,2.0,,,,11.2,9.34,11.12,8.58,9.69,10.78
2025-12-16T05:08:40.638122,Recipe_C,e493d977-1289-4420-b102-87061598c92c,8,2.0,,,,7.23,11.01,10.43,7.12,9.75,7.1
2025-12-16T05:08:41.638122,Recipe_C,e493d977-1289-4420-b102-87061598c92c,8,2.0,,,,7.66,9.53,10.3,10.28,4.22,6.97
2025-12-16T05:08:42.638122,Recipe_C,e493d977-1289-4420-b102-87061598c92c,8,2.0,,,,8.57,13.81,6.77,9.81,7.25,6.88
2025-12-16T05:08:43.638122,Recipe_C,e493d977-1289-4420-b102-87061598c92c,8,2.0,,,,8.81,8.47,8.48,5.71,13.01,8.47
2025-12-16T05:08:44.638122,Recipe_C,e493d977-1289-4420-b102-87061598c92c,8,2.0,,,,10.75,8.36,6.2,6.93,7.16,8.42
2025-12-16T05:08:45.638122,Recipe_C,e493d977-1289-4420-b102-87061598c92c,8,2.0,,,,13.81,13.37,12.87,8.37,8.23,13.56
2025-12-16T05:08:46.638122,Recipe_C,e493d977-1289-4420-b102-87061598c92c,8,2.0,,,,10.76,8.82,10.1,11.02,10.04,10.1
2025-12-16T05:08:47.638122,Recipe_C,e493d977-1289-4420-b102-87061598c92c,8,2.0,,,,8.72,10.86,8.23,7.22,11.15,9.0
2025-12-16T05:08:48.638122,Recipe_C,e493d977-1289-4420-b102-87061598c92c,8,2.0,,,,11.84,9.79,9.23,9.47,11.14,7.59
2025-12-16T05:08:49.638122,Recipe_C,e493d977-1289-4420-b102-87061598c92c,8,2.0,,,,9.23,11.01,12.41,5.58,7.36,9.3
2025-12-16T05:08:50.638122,Recipe_C,e493d977-1289-4420-b102-87061598c92c,8,2.0,,,,7.27,11.41,10.41,10.49,9.41,9.39
2025-12-16T05:08:51.638122,Recipe_C,e493d977-1289-4420-b102-87061598c92c,8,2.0,,,,11.43,11.36,4.95,10.77,13.34,8.89
2025-12-16T05:08:52.638122,Recipe_C,e493d977-1289-4420-b102-87061598c92c,8,2.0,,,,8.49,10.24,10.44,10.13,6.73,7.88
2025-12-16T05:08:53.638122,Recipe_C,e493d977-1289-4420-b102-87061598c92c,8,2.0,,,,13.44,8.98,12.43,11.01,10.32,10.23
2025-12-16T05:08:54.638122,Recipe_C,e493d977-1289-4420-b102-87061598c92c,8,2.0,,,,10.31,14.23,9.08,7.28,7.89,8.83
2025-12-16T05:08:55.638122,Recipe_C,e493d977-1289-4420-b102-87061598c92c,8,2.0,,,,10.95,6.85,10.02,10.55,10.9,11.89
2025-12-16T05:08:56.638122,Recipe_C,e493d977-1289-4420-b102-87061598c92c,8,4.0,,,,99.88,47.56,56.36,55.62,57.8,50.52
2025-12-16T05:08:57.638122,Recipe_C,e493d977-1289-4420-b102-87061598c92c,8,4.0,,,,106.6,47.52,46.91,45.06,53.26,58.22
2025-12-16T05:08:58.638122,Recipe_C,e493d977-1289-4420-b102-87061598c92c,8,4.0,,,,89.63,56.7,45.84,65.45,54.89,49.11
2025-12-16T05:08:59.638122,Recipe_C,e493d977-1289-4420-b102-87061598c92c,8,4.0,,,,98.61,43.74,47.88,48.73,51.71,42.46
2025-12-16T05:09:00.638122,Recipe_C,e493d977-1289-4420-b102-87061598c92c,8,4.0,,,,100.65,49.82,50.51,48.9,48.19,55.94
2025-12-16T05:09:01.638122,Recipe_C,e493d977-1289-4420-b102-87061598c92c,8,4.0,,,,87.52,50.23,53.02,51.1,45.61,52.22
2025-12-16T05:09:02.638122,Recipe_C,e493d977-1289-4420-b102-87061598c92c,8,4.0,,,,102.69,52.68,51.36,48.5,53.78,47.07
2025-12-16T05:09:03.638122,Recipe_C,e493d977-1289-4420-b102-87061598c92c,8,4.0,,,,96.85,45.39,51.97,39.64,37.71,50.59
2025-12-16T05:09:04.638122,Recipe_C,e493d977-1289-4420-b102-87061598c92c,8,4.0,,,,98.52,48.05,52.18,48.27,55.52,56.26
2025-12-16T05:09:05.638122,Recipe_C,e493d977-1289-4420-b102-87061598c92c,8,4.0,,,,92.89,45.81,46.42,48.88,50.48,48.02
2025-12-16T05:09:06.638122,Recipe_C,e493d977-1289-4420-b102-87061598c92c,8,4.0,,,,96.49,51.5,45.09,51.48,42.06,48.36
2025-12-16T05:09:07.638122,Recipe_C,e493d977-1289-4420-b102-87061598c92c,8,4.0,,,,104.96,47.57,52.4,62.45,57.42,47.53
2025-12-16T05:09:08.638122,Recipe_C,e493d977-1289-4420-b102-87061598c92c,8,4.0,,,,105.45,43.42,53.83,42.94,58.28,40.61
2025-12-16T05:09:08.638122,Recipe_C,e493d977-1289-4420-b102-87061598c92c,8,4.0,Warning_7,Simulated Warning occurred,Warning,,,,,,
2025-12-16T05:09:09.638122,Recipe_C,e493d977-1289-4420-b102-87061598c92c,8,4.0,,,,102.84,46.33,44.23,51.9,40.42,50.93
2025-12-16T05:09:10.638122,Recipe_C,e493d977-1289-4420-b102-87061598c92c,8,4.0,,,,93.9,50.39,59.86,40.61,49.79,51.39
2025-12-16T05:09:11.638122,Recipe_C,e493d977-1289-4420-b102-87061598c92c,8,4.0,,,,106.8,53.45,51.57,44.38,60.98,47.95
2025-12-16T05:09:12.638122,Recipe_C,e493d977-1289-4420-b102-87061598c92c,8,4.0,,,,104.04,54.08,46.37,51.18,54.57,57.87
2025-12-16T05:09:13.638122,Recipe_C,e493d977-1289-4420-b102-87061598c92c,8,4.0,,,,91.1,43.32,48.01,53.75,55.27,49.73
2025-12-16T05:09:14.638122,Recipe_C,e493d977-1289-4420-b102-87061598c92c,8,4.0,,,,83.51,51.46,55.1,55.91,42.43,57.14
2025-12-16T05:09:15.638122,Recipe_C,e493d977-1289-4420-b102-87061598c92c,8,4.0,,,,104.95,49.9,51.05,61.01,49.78,53.92
2025-12-16T05:09:16.638122,Recipe_C,e493d977-1289-4420-b102-87061598c92c,8,4.0,,,,88.72,53.65,49.95,57.19,55.12,49.67
2025-12-16T05:09:17.638122,Recipe_C,e493d977-1289-4420-b102-87061598c92c,8,4.0,,,,96.26,47.15,55.02,43.97,42.44,51.27
2025-12-16T05:09:18.638122,Recipe_C,e493d977-1289-4420-b102-87061598c92c,8,4.0,,,,99.54,59.13,48.06,53.81,58.2,44.13
2025-12-16T05:09:19.638122,Recipe_C,e493d977-1289-4420-b102-87061598c92c,8,4.0,,,,106.38,51.77,53.03,52.2,48.42,53.63
2025-12-16T05:09:20.638122,Recipe_C,e493d977-1289-4420-b102-87061598c92c,8,4.0,,,,98.56,51.42,52.95,49.56,42.23,46.3
2025-12-16T05:09:21.638122,Recipe_C,e493d977-1289-4420-b102-87061598c92c,8,4.0,,,,98.5,52.54,53.05,41.09,52.05,42.05
2025-12-16T05:09:22.638122,Recipe_C,e493d977-1289-4420-b102-87061598c92c,8,4.0,,,,98.8,48.7,47.63,49.43,54.07,51.79
2025-12-16T05:09:23.638122,Recipe_C,e493d977-1289-4420-b102-87061598c92c,8,4.0,,,,100.01,51.92,51.82,61.14,56.25,60.58
2025-12-16T05:09:24.638122,Recipe_C,e493d977-1289-4420-b102-87061598c92c,8,4.0,,,,104.37,45.41,55.54,44.76,53.11,53.88
2025-12-16T05:09:25.638122,Recipe_C,e493d977-1289-4420-b102-87061598c92c,8,4.0,,,,100.26,47.49,51.82,38.46,52.81,44.04
2025-12-16T05:09:26.638122,Recipe_C,e493d977-1289-4420-b102-87061598c92c,8,4.0,,,,102.94,50.32,48.36,53.28,50.05,50.42
2025-12-16T05:09:27.638122,Recipe_C,e493d977-1289-4420-b102-87061598c92c,8,4.0,,,,106.88,50.06,53.27,49.32,53.68,41.84
2025-12-16T05:09:28.638122,Recipe_C,e493d977-1289-4420-b102-87061598c92c,8,4.0,,,,100.04,54.13,48.45,50.07,60.56,45.19
2025-12-16T05:09:29.638122,Recipe_C,e493d977-1289-4420-b102-87061598c92c,8,4.0,,,,99.41,49.76,53.82,51.69,57.75,49.63
2025-12-16T05:09:30.638122,Recipe_C,e493d977-1289-4420-b102-87061598c92c,8,4.0,,,,103.59,51.65,41.02,40.4,46.23,50.95
2025-12-16T05:09:31.638122,Recipe_C,e493d977-1289-4420-b102-87061598c92c,8,4.0,,,,93.93,44.9,51.77,50.96,55.34,53.11
2025-12-16T05:09:32.638122,Recipe_C,e493d977-1289-4420-b102-87061598c92c,8,4.0,,,,92.8,58.97,55.36,48.46,45.85,52.42
2025-12-16T05:09:33.638122,Recipe_C,e493d977-1289-4420-b102-87061598c92c,8,4.0,,,,99.51,43.92,59.08,63.37,42.2,57.06
2025-12-16T05:09:34.638122,Recipe_C,e493d977-1289-4420-b102-87061598c92c,8,4.0,,,,97.67,36.24,45.01,53.32,57.06,42.75
2025-12-16T05:09:35.638122,Recipe_C,e493d977-1289-4420-b102-87061598c92c,8,4.0,,,,106.83,45.87,49.42,49.52,43.27,56.04
2025-12-16T05:09:36.638122,Recipe_C,e493d977-1289-4420-b102-87061598c92c,8,4.0,,,,99.69,59.21,40.78,46.84,54.75,47.42
2025-12-16T05:09:37.638122,Recipe_C,e493d977-1289-4420-b102-87061598c92c,8,4.0,,,,105.55,49.76,51.96,44.99,51.39,38.8
2025-12-16T05:09:38.638122,Recipe_C,e493d977-1289-4420-b102-87061598c92c,8,4.0,,,,99.48,50.83,51.83,58.68,52.79,54.3
2025-12-16T05:09:39.638122,Recipe_C,e493d977-1289-4420-b102-87061598c92c,8,4.0,,,,99.55,46.47,54.49,62.94,40.6,48.92
2025-12-16T05:09:40.638122,Recipe_C,e493d977-1289-4420-b102-87061598c92c,8,4.0,,,,105.33,58.49,52.54,52.47,53.26,63.72
2025-12-16T05:09:41.638122,Recipe_C,e493d977-1289-4420-b102-87061598c92c,8,4.0,,,,105.03,41.86,44.94,47.13,47.48,56.59
2025-12-16T05:09:42.638122,Recipe_C,e493d977-1289-4420-b102-87061598c92c,8,4.0,,,,97.22,49.35,47.73,50.57,48.12,43.06
2025-12-16T05:09:43.638122,Recipe_C,e493d977-1289-4420-b102-87061598c92c,8,4.0,,,,96.44,56.36,51.94,40.01,58.93,49.2
2025-12-16T05:09:44.638122,Recipe_C,e493d977-1289-4420-b102-87061598c92c,8,4.0,,,,96.58,53.58,56.69,44.11,52.5,53.56
2025-12-16T05:09:45.638122,Recipe_C,e493d977-1289-4420-b102-87061598c92c,8,4.0,,,,107.97,42.83,53.94,53.99,42.78,55.14
2025-12-16T05:09:46.638122,Recipe_C,e493d977-1289-4420-b102-87061598c92c,8,4.0,,,,96.6,53.57,47.75,46.25,41.86,59.87
2025-12-16T05:09:47.638122,Recipe_C,e493d977-1289-4420-b102-87061598c92c,8,4.0,,,,95.0,49.21,52.06,47.79,42.6,60.18
2025-12-16T05:09:48.638122,Recipe_C,e493d977-1289-4420-b102-87061598c92c,8,4.0,,,,101.75,48.29,58.91,47.72,52.97,52.24
2025-12-16T05:09:49.638122,Recipe_C,e493d977-1289-4420-b102-87061598c92c,8,4.0,,,,107.5,51.29,58.91,47.87,46.68,44.61
2025-12-16T05:09:50.638122,Recipe_C,e493d977-1289-4420-b102-87061598c92c,8,4.0,,,,103.75,45.09,44.72,45.52,48.16,43.03
2025-12-16T05:09:51.638122,Recipe_C,e493d977-1289-4420-b102-87061598c92c,8,4.0,,,,94.01,47.71,49.16,60.25,54.46,53.59
2025-12-16T05:09:52.638122,Recipe_C,e493d977-1289-4420-b102-87061598c92c,8,4.0,,,,94.6,45.84,49.32,40.97,57.54,53.35
2025-12-16T05:09:53.638122,Recipe_C,e493d977-1289-4420-b102-87061598c92c,8,4.0,,,,100.92,48.88,43.89,50.15,41.58,60.38
2025-12-16T05:09:54.638122,Recipe_C,e493d977-1289-4420-b102-87061598c92c,8,4.0,,,,103.66,50.21,47.84,47.41,47.38,53.89
2025-12-16T05:09:55.638122,Recipe_C,e493d977-1289-4420-b102-87061598c92c,8,4.0,,,,95.42,49.74,46.45,53.49,51.4,57.96
2025-12-16T05:09:56.638122,Recipe_C,e493d977-1289-4420-b102-87061598c92c,8,4.0,,,,101.33,48.89,50.37,50.51,41.16,56.32
2025-12-16T05:09:57.638122,Recipe_C,e493d977-1289-4420-b102-87061598c92c,8,4.0,,,,103.87,49.67,54.81,49.94,45.15,50.86
2025-12-16T05:09:58.638122,Recipe_C,e493d977-1289-4420-b102-87061598c92c,8,4.0,,,,110.99,49.06,49.72,41.62,51.96,43.71
2025-12-16T05:09:59.638122,Recipe_C,e493d977-1289-4420-b102-87061598c92c,8,4.0,,,,105.02,55.66,45.26,50.63,34.6,57.23
2025-12-16T05:10:00.638122,Recipe_C,e493d977-1289-4420-b102-87061598c92c,8,5.0,,,,9.29,12.24,14.21,8.49,10.0,6.45
2025-12-16T05:10:01.638122,Recipe_C,e493d977-1289-4420-b102-87061598c92c,8,5.0,,,,9.46,8.8,9.07,11.89,10.11,7.16
2025-12-16T05:10:02.638122,Recipe_C,e493d977-1289-4420-b102-87061598c92c,8,5.0,,,,8.48,7.69,6.89,9.14,7.78,8.98
2025-12-16T05:10:03.638122,Recipe_C,e493d977-1289-4420-b102-87061598c92c,8,5.0,,,,9.0,9.14,9.02,11.42,10.35,9.62
2025-12-16T05:10:04.638122,Recipe_C,e493d977-1289-4420-b102-87061598c92c,8,5.0,,,,10.66,11.24,9.39,9.58,7.13,10.14
2025-12-16T05:10:05.638122,Recipe_C,e493d977-1289-4420-b102-87061598c92c,8,5.0,,,,6.94,12.32,12.44,13.65,8.02,11.36
2025-12-16T05:10:06.638122,Recipe_C,e493d977-1289-4420-b102-87061598c92c,8,5.0,,,,11.91,7.76,10.65,10.52,7.45,8.73
2025-12-16T05:10:07.638122,Recipe_C,e493d977-1289-4420-b102-87061598c92c,8,5.0,,,,11.38,7.93,14.65,10.09,8.49,10.56
2025-12-16T05:10:08.638122,Recipe_C,e493d977-1289-4420-b102-87061598c92c,8,5.0,,,,11.59,9.16,9.2,10.97,6.51,11.5
2025-12-16T05:10:09.638122,Recipe_C,e493d977-1289-4420-b102-87061598c92c,8,5.0,,,,7.93,10.34,8.31,8.31,9.59,8.78
2025-12-16T05:10:10.638122,Recipe_C,e493d977-1289-4420-b102-87061598c92c,8,5.0,,,,9.76,9.29,15.02,8.6,11.28,11.54
2025-12-16T05:10:11.638122,Recipe_C,e493d977-1289-4420-b102-87061598c92c,8,5.0,,,,14.16,13.71,9.53,11.85,11.0,8.62
2025-12-16T05:10:12.638122,Recipe_C,e493d977-1289-4420-b102-87061598c92c,8,5.0,,,,11.32,11.55,10.23,8.79,9.79,7.31
2025-12-16T05:10:13.638122,Recipe_C,e493d977-1289-4420-b102-87061598c92c,8,5.0,,,,15.38,11.08,9.88,9.2,11.05,8.98
2025-12-16T05:10:14.638122,Recipe_C,e493d977-1289-4420-b102-87061598c92c,8,5.0,,,,7.53,10.14,13.37,9.6,8.5,10.53
2025-12-16T05:10:15.638122,Recipe_C,e493d977-1289-4420-b102-87061598c92c,8,5.0,,,,13.25,11.41,4.06,10.69,5.51,9.51
2025-12-16T05:10:16.638122,Recipe_C,e493d977-1289-4420-b102-87061598c92c,8,5.0,,,,13.47,6.81,9.66,10.06,14.62,5.02
2025-12-16T05:10:17.638122,Recipe_C,e493d977-1289-4420-b102-87061598c92c,8,5.0,,,,5.56,9.16,10.91,11.41,11.93,7.22
2025-12-16T05:10:18.638122,Recipe_C,e493d977-1289-4420-b102-87061598c92c,8,5.0,,,,14.32,14.61,7.13,14.42,8.89,8.97
2025-12-16T05:10:19.638122,Recipe_C,e493d977-1289-4420-b102-87061598c92c,8,5.0,,,,10.95,3.58,9.16,11.87,8.22,11.24
2025-12-16T05:10:20.638122,Recipe_C,e493d977-1289-4420-b102-87061598c92c,8,5.0,,,,13.83,9.44,7.57,9.4,8.44,8.95
2025-12-16T05:10:21.638122,Recipe_C,e493d977-1289-4420-b102-87061598c92c,8,5.0,,,,10.1,13.27,8.04,12.62,12.5,10.91
2025-12-16T05:10:21.638122,Recipe_C,e493d977-1289-4420-b102-87061598c92c,8,5.0,Error_2,Simulated Error occurred,Error,,,,,,
2025-12-16T05:10:22.638122,Recipe_C,e493d977-1289-4420-b102-87061598c92c,8,5.0,,,,10.2,10.89,11.57,6.34,9.53,10.09
2025-12-16T05:10:23.638122,Recipe_C,e493d977-1289-4420-b102-87061598c92c,8,5.0,,,,8.11,8.28,8.32,14.34,11.94,7.39
2025-12-16T05:10:24.638122,Recipe_C,e493d977-1289-4420-b102-87061598c92c,8,5.0,,,,6.99,11.39,9.99,9.56,9.52,14.09
2025-12-16T05:10:25.638122,Recipe_C,e493d977-1289-4420-b102-87061598c92c,8,5.0,,,,6.8,10.92,7.39,12.72,7.38,8.67
2025-12-16T05:10:26.638122,Recipe_C,e493d977-1289-4420-b102-87061598c92c,8,5.0,,,,11.47,12.08,11.84,9.56,12.68,11.92
2025-12-16T05:10:27.638122,Recipe_C,e493d977-1289-4420-b102-87061598c92c,8,5.0,,,,11.94,10.6,9.27,9.87,10.03,6.95
2025-12-16T05:10:28.638122,Recipe_C,e493d977-1289-4420-b102-87061598c92c,8,5.0,,,,9.19,8.46,10.92,6.54,10.43,7.57
2025-12-16T05:10:29.638122,Recipe_C,e493d977-1289-4420-b102-87061598c92c,8,5.0,,,,11.98,8.07,10.99,7.47,10.15,10.07
2025-12-16T05:10:30.638122,Recipe_C,e493d977-1289-4420-b102-87061598c92c,8,5.0,,,,7.83,7.5,10.67,8.09,11.63,10.73
2025-12-16T05:10:31.638122,Recipe_C,e493d977-1289-4420-b102-87061598c92c,8,5.0,,,,9.53,12.42,10.59,9.77,11.4,9.95
2025-12-16T05:10:32.638122,Recipe_C,e493d977-1289-4420-b102-87061598c92c,8,5.0,,,,9.64,9.68,10.64,11.81,7.73,10.35
2025-12-16T05:10:33.638122,Recipe_C,e493d977-1289-4420-b102-87061598c92c,8,5.0,,,,10.87,10.52,11.58,8.87,8.5,7.53
2025-12-16T05:10:34.638122,Recipe_C,e493d977-1289-4420-b102-87061598c92c,8,5.0,,,,10.37,9.02,12.04,10.51,12.47,5.52
2025-12-16T05:10:35.638122,Recipe_C,e493d977-1289-4420-b102-87061598c92c,8,5.0,,,,8.04,8.99,12.01,7.57,6.68,7.75
2025-12-16T05:10:36.638122,Recipe_C,e493d977-1289-4420-b102-87061598c92c,8,3.0,,,,11.0,10.7,8.15,11.76,10.99,10.75
2025-12-16T05:10:37.638122,Recipe_C,e493d977-1289-4420-b102-87061598c92c,8,3.0,,,,11.14,7.79,11.7,8.18,6.85,9.78
2025-12-16T05:10:38.638122,Recipe_C,e493d977-1289-4420-b102-87061598c92c,8,3.0,,,,10.66,7.19,12.82,9.51,8.99,10.82
2025-12-16T05:10:39.638122,Recipe_C,e493d977-1289-4420-b102-87061598c92c,8,3.0,,,,7.72,9.81,9.45,10.36,8.46,9.88
2025-12-16T05:10:40.638122,Recipe_C,e493d977-1289-4420-b102-87061598c92c,8,3.0,,,,11.67,10.58,11.31,11.79,11.69,11.78
2025-12-16T05:10:41.638122,Recipe_C,e493d977-1289-4420-b102-87061598c92c,8,3.0,,,,12.54,11.9,10.03,11.82,9.96,9.57
2025-12-16T05:10:42.638122,Recipe_C,e493d977-1289-4420-b102-87061598c92c,8,3.0,,,,10.37,11.09,5.56,11.07,8.47,9.47
2025-12-16T05:10:43.638122,Recipe_C,e493d977-1289-4420-b102-87061598c92c,8,3.0,,,,11.57,15.52,10.57,9.57,12.37,5.68
2025-12-16T05:10:44.638122,Recipe_C,e493d977-1289-4420-b102-87061598c92c,8,3.0,,,,12.08,8.11,7.28,11.3,10.42,9.36
2025-12-16T05:10:45.638122,Recipe_C,e493d977-1289-4420-b102-87061598c92c,8,3.0,,,,10.98,10.59,9.66,13.9,10.82,15.1
2025-12-16T05:10:46.638122,Recipe_C,e493d977-1289-4420-b102-87061598c92c,8,3.0,,,,6.63,12.25,13.88,9.04,10.88,8.9
2025-12-16T05:10:47.638122,Recipe_C,e493d977-1289-4420-b102-87061598c92c,8,3.0,,,,7.66,11.57,8.74,6.05,7.92,8.25
2025-12-16T05:10:48.638122,Recipe_C,e493d977-1289-4420-b102-87061598c92c,8,3.0,,,,10.26,9.41,8.65,7.47,10.58,10.08
2025-12-16T05:10:49.638122,Recipe_C,e493d977-1289-4420-b102-87061598c92c,8,3.0,,,,8.45,10.84,11.92,11.71,13.18,11.0
2025-12-16T05:10:50.638122,Recipe_C,e493d977-1289-4420-b102-87061598c92c,8,3.0,,,,11.73,5.64,11.88,14.23,11.21,10.16
2025-12-16T05:10:51.638122,Recipe_C,e493d977-1289-4420-b102-87061598c92c,8,3.0,,,,10.42,7.43,9.91,10.11,9.25,12.64
2025-12-16T05:10:52.638122,Recipe_C,e493d977-1289-4420-b102-87061598c92c,8,3.0,,,,8.83,9.75,8.37,8.36,17.44,11.39
2025-12-16T05:10:53.638122,Recipe_C,e493d977-1289-4420-b102-87061598c92c,8,3.0,,,,8.42,7.58,8.78,12.23,12.1,12.2
2025-12-16T05:10:54.638122,Recipe_C,e493d977-1289-4420-b102-87061598c92c,8,3.0,,,,12.76,14.51,12.7,12.17,11.26,7.91
2025-12-16T05:10:55.638122,Recipe_C,e493d977-1289-4420-b102-87061598c92c,8,3.0,,,,11.52,9.46,13.67,11.16,11.37,9.88
2025-12-16T05:10:56.638122,Recipe_C,e493d977-1289-4420-b102-87061598c92c,8,3.0,,,,11.03,12.17,11.67,8.0,12.85,10.7
2025-12-16T05:10:57.638122,Recipe_C,e493d977-1289-4420-b102-87061598c92c,8,3.0,,,,11.02,5.59,10.85,10.62,8.34,11.48
2025-12-16T05:10:58.638122,Recipe_C,e493d977-1289-4420-b102-87061598c92c,8,3.0,,,,7.99,9.26,7.98,9.52,10.98,7.24
2025-12-16T05:10:59.638122,Recipe_C,e493d977-1289-4420-b102-87061598c92c,8,3.0,,,,9.08,6.73,8.84,13.4,10.53,12.98
2025-12-16T05:11:00.638122,Recipe_C,e493d977-1289-4420-b102-87061598c92c,8,3.0,,,,10.52,8.11,10.57,10.47,6.98,9.16
2025-12-16T05:11:01.638122,Recipe_C,e493d977-1289-4420-b102-87061598c92c,8,3.0,,,,5.59,10.17,10.41,11.91,8.35,12.58
2025-12-16T05:11:02.638122,Recipe_C,e493d977-1289-4420-b102-87061598c92c,8,3.0,,,,10.99,9.71,9.89,12.46,12.47,9.61
2025-12-16T05:11:03.638122,Recipe_C,e493d977-1289-4420-b102-87061598c92c,8,3.0,,,,8.6,11.51,6.55,9.65,11.51,10.06
2025-12-16T05:11:04.638122,Recipe_C,e493d977-1289-4420-b102-87061598c92c,8,3.0,,,,11.37,7.96,11.66,9.7,11.24,9.16
2025-12-16T05:11:05.638122,Recipe_C,e493d977-1289-4420-b102-87061598c92c,8,3.0,,,,13.47,8.33,7.35,12.3,10.7,15.01
2025-12-16T05:11:06.638122,Recipe_C,e493d977-1289-4420-b102-87061598c92c,8,3.0,,,,9.69,7.21,8.24,9.66,8.45,7.65
2025-12-16T05:11:07.638122,Recipe_C,e493d977-1289-4420-b102-87061598c92c,8,3.0,,,,10.49,6.54,12.16,12.05,12.48,9.74
2025-12-16T05:11:08.638122,Recipe_C,e493d977-1289-4420-b102-87061598c92c,8,3.0,,,,9.74,8.14,7.31,11.45,8.38,7.95
2025-12-16T05:11:09.638122,Recipe_C,e493d977-1289-4420-b102-87061598c92c,8,3.0,,,,6.46,9.21,10.99,10.31,14.11,12.72
2025-12-16T05:11:10.638122,Recipe_C,e493d977-1289-4420-b102-87061598c92c,8,3.0,,,,9.29,9.05,10.32,10.12,9.11,9.53
2025-12-16T05:11:11.638122,Recipe_C,e493d977-1289-4420-b102-87061598c92c,8,2.0,,,,6.18,10.94,12.8,7.45,9.08,7.65
2025-12-16T05:11:12.638122,Recipe_C,e493d977-1289-4420-b102-87061598c92c,8,2.0,,,,10.97,8.29,11.73,8.7,9.57,9.41
2025-12-16T05:11:13.638122,Recipe_C,e493d977-1289-4420-b102-87061598c92c,8,2.0,,,,10.01,11.18,13.77,10.55,9.75,7.94
2025-12-16T05:11:14.638122,Recipe_C,e493d977-1289-4420-b102-87061598c92c,8,2.0,,,,10.96,9.78,9.56,10.82,10.89,10.16
2025-12-16T05:11:15.638122,Recipe_C,e493d977-1289-4420-b102-87061598c92c,8,2.0,,,,9.66,5.98,11.24,10.46,10.17,6.02
2025-12-16T05:11:16.638122,Recipe_C,e493d977-1289-4420-b102-87061598c92c,8,2.0,,,,8.68,10.88,8.28,9.15,11.05,10.89
2025-12-16T05:11:17.638122,Recipe_C,e493d977-1289-4420-b102-87061598c92c,8,2.0,,,,5.57,8.67,6.15,11.98,10.73,10.7
2025-12-16T05:11:18.638122,Recipe_C,e493d977-1289-4420-b102-87061598c92c,8,4.0,,,,95.49,50.04,47.79,50.68,51.58,62.41
2025-12-16T05:11:19.638122,Recipe_C,e493d977-1289-4420-b102-87061598c92c,8,4.0,,,,97.62,51.85,46.32,51.32,44.83,58.07
2025-12-16T05:11:20.638122,Recipe_C,e493d977-1289-4420-b102-87061598c92c,8,1.0,,,,11.26,10.41,11.14,10.07,10.16,8.72
2025-12-16T05:11:21.638122,Recipe_C,e493d977-1289-4420-b102-87061598c92c,8,1.0,,,,7.35,8.53,13.01,7.51,10.04,8.66
2025-12-16T05:11:22.638122,Recipe_C,e493d977-1289-4420-b102-87061598c92c,8,1.0,,,,10.12,10.53,12.42,10.07,7.02,10.74
2025-12-16T05:11:23.638122,Recipe_C,e493d977-1289-4420-b102-87061598c92c,8,1.0,,,,11.75,6.99,8.12,11.7,10.38,13.03
2025-12-16T05:11:24.638122,Recipe_C,e493d977-1289-4420-b102-87061598c92c,8,1.0,,,,9.32,10.05,5.59,8.78,8.17,7.1
2025-12-16T05:11:24.638122,Recipe_C,e493d977-1289-4420-b102-87061598c92c,8,1.0,Warning_8,Simulated Warning occurred,Warning,,,,,,
2025-12-16T05:11:25.638122,Recipe_C,e493d977-1289-4420-b102-87061598c92c,8,1.0,,,,12.45,14.17,10.89,11.1,9.88,8.52
2025-12-16T05:11:26.638122,Recipe_C,e493d977-1289-4420-b102-87061598c92c,8,1.0,,,,8.95,7.65,9.83,13.39,6.37,12.67
2025-12-16T05:11:27.638122,Recipe_C,e493d977-1289-4420-b102-87061598c92c,8,1.0,,,,12.96,11.99,10.67,6.8,10.22,10.92
2025-12-16T05:11:28.638122,Recipe_C,e493d977-1289-4420-b102-87061598c92c,8,1.0,,,,8.41,12.36,12.02,11.03,8.03,10.39
2025-12-16T05:11:29.638122,Recipe_C,e493d977-1289-4420-b102-87061598c92c,8,1.0,,,,4.53,5.64,8.86,12.31,9.46,11.73
2025-12-16T05:11:30.638122,Recipe_C,e493d977-1289-4420-b102-87061598c92c,8,1.0,,,,9.98,6.8,7.21,11.34,9.84,8.94
2025-12-16T05:11:31.638122,Recipe_C,e493d977-1289-4420-b102-87061598c92c,8,1.0,,,,12.3,7.64,9.16,9.41,10.57,9.68
2025-12-16T05:11:32.638122,Recipe_C,e493d977-1289-4420-b102-87061598c92c,8,1.0,,,,10.02,9.83,9.7,9.27,10.96,8.02
2025-12-16T05:11:33.638122,Recipe_C,e493d977-1289-4420-b102-87061598c92c,8,1.0,,,,10.2,12.87,7.33,11.24,7.51,6.06
2025-12-16T05:11:34.638122,Recipe_C,e493d977-1289-4420-b102-87061598c92c,8,1.0,,,,11.91,10.57,7.55,11.31,8.58,11.5
2025-12-16T05:11:35.638122,Recipe_C,e493d977-1289-4420-b102-87061598c92c,8,1.0,,,,9.15,11.31,13.33,10.76,9.05,9.09
2025-12-16T05:11:36.638122,Recipe_C,e493d977-1289-4420-b102-87061598c92c,8,1.0,,,,11.93,10.35,13.01,5.55,7.94,9.66
2025-12-16T05:11:37.638122,Recipe_C,e493d977-1289-4420-b102-87061598c92c,8,1.0,,,,8.16,8.03,7.23,11.72,10.22,11.06
2025-12-16T05:11:38.638122,Recipe_C,e493d977-1289-4420-b102-87061598c92c,8,1.0,,,,11.55,8.33,8.44,8.78,9.77,9.34
2025-12-16T05:11:39.638122,Recipe_C,e493d977-1289-4420-b102-87061598c92c,8,1.0,,,,7.27,8.58,10.96,6.58,9.68,8.79
2025-12-16T05:11:40.638122,Recipe_C,e493d977-1289-4420-b102-87061598c92c,8,1.0,,,,14.4,10.93,15.16,9.33,8.71,13.77
2025-12-16T05:11:41.638122,Recipe_C,e493d977-1289-4420-b102-87061598c92c,8,1.0,,,,10.27,10.59,8.15,12.9,7.84,12.96
2025-12-16T05:11:42.638122,Recipe_C,e493d977-1289-4420-b102-87061598c92c,8,1.0,,,,11.1,7.71,8.34,7.89,10.36,10.49
2025-12-16T05:11:43.638122,Recipe_C,e493d977-1289-4420-b102-87061598c92c,8,1.0,,,,8.7,10.82,10.83,9.8,9.6,8.55
2025-12-16T05:11:44.638122,Recipe_C,e493d977-1289-4420-b102-87061598c92c,8,1.0,,,,11.79,7.68,11.43,7.96,11.34,10.67
2025-12-16T05:11:45.638122,Recipe_C,e493d977-1289-4420-b102-87061598c92c,8,1.0,,,,9.93,11.41,10.31,11.0,12.83,9.75
2025-12-16T05:11:46.638122,Recipe_C,e493d977-1289-4420-b102-87061598c92c,8,1.0,,,,9.44,6.36,7.82,11.25,10.05,10.44
2025-12-16T05:11:47.638122,Recipe_C,e493d977-1289-4420-b102-87061598c92c,8,1.0,,,,9.97,7.66,10.86,9.17,7.21,9.86
2025-12-16T05:11:48.638122,Recipe_C,e493d977-1289-4420-b102-87061598c92c,8,1.0,,,,6.84,11.41,9.4,9.24,7.68,10.6
2025-12-16T05:11:49.638122,Recipe_C,e493d977-1289-4420-b102-87061598c92c,8,1.0,,,,7.93,11.36,9.55,9.99,8.66,8.42
2025-12-16T05:11:50.638122,Recipe_C,e493d977-1289-4420-b102-87061598c92c,8,1.0,,,,13.71,9.03,9.59,13.93,4.23,11.24
2025-12-16T05:11:51.638122,Recipe_C,e493d977-1289-4420-b102-87061598c92c,8,1.0,,,,8.23,7.77,8.52,12.27,11.99,7.98
2025-12-16T05:11:52.638122,Recipe_C,e493d977-1289-4420-b102-87061598c92c,8,1.0,,,,8.53,11.29,6.5,13.28,12.35,8.43
2025-12-16T05:11:53.638122,Recipe_C,e493d977-1289-4420-b102-87061598c92c,8,1.0,,,,8.9,7.6,9.27,9.59,8.43,9.56
2025-12-16T05:11:54.638122,Recipe_C,e493d977-1289-4420-b102-87061598c92c,8,1.0,,,,10.98,8.37,11.29,10.36,8.61,9.36
2025-12-16T05:11:55.638122,Recipe_C,e493d977-1289-4420-b102-87061598c92c,8,1.0,,,,5.24,10.49,8.93,2.47,10.64,11.06
2025-12-16T05:11:56.638122,Recipe_C,e493d977-1289-4420-b102-87061598c92c,8,1.0,,,,13.65,8.9,12.71,9.96,11.75,13.48
2025-12-16T05:11:57.638122,Recipe_C,e493d977-1289-4420-b102-87061598c92c,8,1.0,,,,12.07,11.68,5.71,12.48,8.96,9.51
2025-12-16T05:11:58.638122,Recipe_C,e493d977-1289-4420-b102-87061598c92c,8,1.0,,,,7.3,12.18,8.59,9.35,9.93,7.87
2025-12-16T05:11:59.638122,Recipe_C,e493d977-1289-4420-b102-87061598c92c,8,1.0,,,,9.68,10.33,9.13,9.85,10.46,5.35
2025-12-16T05:12:00.638122,Recipe_C,e493d977-1289-4420-b102-87061598c92c,8,1.0,,,,10.99,11.82,13.49,12.92,11.28,6.53
2025-12-16T05:12:01.638122,Recipe_C,e493d977-1289-4420-b102-87061598c92c,8,1.0,,,,10.25,11.75,14.6,10.85,8.39,12.16
2025-12-16T05:12:02.638122,Recipe_C,e493d977-1289-4420-b102-87061598c92c,8,1.0,,,,10.24,9.14,7.6,7.88,9.06,8.69
2025-12-16T05:12:03.638122,Recipe_C,e493d977-1289-4420-b102-87061598c92c,8,1.0,,,,8.21,8.84,12.4,11.72,10.73,9.11
2025-12-16T05:12:04.638122,Recipe_C,e493d977-1289-4420-b102-87061598c92c,8,1.0,,,,9.51,10.03,10.33,10.72,6.17,10.07
2025-12-16T05:12:05.638122,Recipe_C,e493d977-1289-4420-b102-87061598c92c,8,1.0,,,,7.82,9.67,12.18,9.41,9.93,7.41
2025-12-16T05:12:06.638122,Recipe_C,e493d977-1289-4420-b102-87061598c92c,8,1.0,,,,9.54,5.79,6.83,8.6,11.78,9.71
2025-12-16T05:12:07.638122,Recipe_C,e493d977-1289-4420-b102-87061598c92c,8,1.0,,,,9.77,12.59,9.97,10.66,8.82,10.95
2025-12-16T05:12:08.638122,Recipe_C,e493d977-1289-4420-b102-87061598c92c,8,1.0,,,,8.11,11.52,14.21,12.31,10.07,6.46
2025-12-16T05:12:09.638122,Recipe_C,e493d977-1289-4420-b102-87061598c92c,8,1.0,,,,9.97,7.82,9.1,6.27,7.48,10.58
2025-12-16T05:12:10.638122,Recipe_C,e493d977-1289-4420-b102-87061598c92c,8,1.0,,,,11.68,11.28,10.09,7.14,9.17,11.26
2025-12-16T05:12:11.638122,Recipe_C,e493d977-1289-4420-b102-87061598c92c,8,1.0,,,,12.7,12.97,11.21,7.79,6.88,14.98
2025-12-16T05:12:12.638122,Recipe_C,e493d977-1289-4420-b102-87061598c92c,8,1.0,,,,11.75,11.14,7.63,9.65,9.11,9.1
2025-12-16T05:12:13.638122,Recipe_C,e493d977-1289-4420-b102-87061598c92c,8,1.0,,,,13.4,12.76,10.03,9.75,8.43,13.55
2025-12-16T05:12:14.638122,Recipe_C,e493d977-1289-4420-b102-87061598c92c,8,1.0,,,,6.25,7.63,9.45,12.79,9.51,10.58
2025-12-16T05:12:15.638122,Recipe_C,e493d977-1289-4420-b102-87061598c92c,8,1.0,,,,10.11,7.49,11.75,9.82,11.76,11.53
2025-12-16T05:12:16.638122,Recipe_C,e493d977-1289-4420-b102-87061598c92c,8,1.0,,,,8.1,11.68,11.55,14.4,7.21,10.82
2025-12-16T05:12:17.638122,Recipe_C,e493d977-1289-4420-b102-87061598c92c,8,1.0,,,,6.18,8.99,11.16,6.28,8.37,8.29
2025-12-16T05:12:18.638122,Recipe_C,e493d977-1289-4420-b102-87061598c92c,8,1.0,,,,11.28,8.95,12.02,7.47,13.05,8.67
2025-12-16T05:12:19.638122,Recipe_C,e493d977-1289-4420-b102-87061598c92c,8,1.0,,,,7.0,9.87,10.7,10.39,9.07,6.31
2025-12-16T05:12:20.638122,Recipe_C,e493d977-1289-4420-b102-87061598c92c,8,1.0,,,,12.01,9.75,10.6,10.56,12.04,8.64
2025-12-16T05:12:21.638122,Recipe_C,e493d977-1289-4420-b102-87061598c92c,8,1.0,,,,9.89,8.3,10.22,10.08,12.67,7.9
2025-12-16T05:12:22.638122,Recipe_C,e493d977-1289-4420-b102-87061598c92c,8,1.0,,,,12.51,8.5,9.11,9.94,9.32,11.63
2025-12-16T05:12:23.638122,Recipe_C,e493d977-1289-4420-b102-87061598c92c,8,1.0,,,,8.55,4.8,12.58,12.9,10.65,12.81
2025-12-16T05:12:24.638122,Recipe_C,e493d977-1289-4420-b102-87061598c92c,8,1.0,,,,10.92,9.84,8.1,12.66,11.27,10.01
2025-12-16T05:12:25.638122,Recipe_C,e493d977-1289-4420-b102-87061598c92c,8,1.0,,,,8.6,9.38,11.88,11.77,7.21,8.53
2025-12-16T05:12:26.638122,Recipe_C,e493d977-1289-4420-b102-87061598c92c,8,1.0,,,,10.95,11.8,10.44,5.46,10.75,6.09
2025-12-16T05:12:27.638122,Recipe_C,e493d977-1289-4420-b102-87061598c92c,8,1.0,,,,8.75,6.9,9.64,7.21,6.63,9.98
2025-12-16T05:12:28.638122,Recipe_C,e493d977-1289-4420-b102-87061598c92c,8,1.0,,,,12.58,12.61,11.67,8.96,9.27,10.85
2025-12-16T05:12:29.638122,Recipe_C,e493d977-1289-4420-b102-87061598c92c,8,1.0,,,,6.89,10.38,8.34,10.66,12.6,8.36
2025-12-16T05:12:30.638122,Recipe_C,e493d977-1289-4420-b102-87061598c92c,8,1.0,,,,9.66,11.44,12.96,10.19,7.37,10.4
2025-12-16T05:12:31.638122,Recipe_C,e493d977-1289-4420-b102-87061598c92c,8,1.0,,,,11.22,8.93,11.7,10.27,11.96,10.54
2025-12-16T05:12:32.638122,Recipe_C,e493d977-1289-4420-b102-87061598c92c,8,1.0,,,,8.06,7.89,9.73,10.05,12.98,10.48
2025-12-16T05:12:33.638122,Recipe_C,e493d977-1289-4420-b102-87061598c92c,8,1.0,,,,7.43,9.45,8.02,10.83,11.22,9.08
2025-12-16T05:12:34.638122,Recipe_C,e493d977-1289-4420-b102-87061598c92c,8,1.0,,,,9.7,10.54,11.9,11.59,8.77,7.51
2025-12-16T05:12:35.638122,Recipe_C,e493d977-1289-4420-b102-87061598c92c,8,1.0,,,,13.99,12.43,7.85,11.0,6.59,10.05
2025-12-16T05:12:36.638122,Recipe_C,e493d977-1289-4420-b102-87061598c92c,8,1.0,,,,12.15,8.69,12.18,10.24,11.07,15.9
2025-12-16T05:12:37.638122,Recipe_C,e493d977-1289-4420-b102-87061598c92c,8,1.0,,,,8.63,10.32,8.99,9.83,11.57,7.33
2025-12-16T05:12:38.638122,Recipe_C,e493d977-1289-4420-b102-87061598c92c,8,1.0,,,,10.2,10.46,8.13,8.49,10.22,10.15
2025-12-16T05:12:39.638122,Recipe_C,e493d977-1289-4420-b102-87061598c92c,8,1.0,,,,13.4,11.0,8.54,8.81,11.59,9.11
2025-12-16T05:12:40.638122,Recipe_C,e493d977-1289-4420-b102-87061598c92c,8,1.0,,,,11.78,11.04,11.33,7.11,13.12,12.33
2025-12-16T05:12:41.638122,Recipe_C,e493d977-1289-4420-b102-87061598c92c,8,1.0,,,,8.86,8.9,9.14,10.8,14.16,10.53
2025-12-16T05:12:42.638122,Recipe_C,e493d977-1289-4420-b102-87061598c92c,8,1.0,,,,8.1,11.44,13.45,9.15,11.0,10.92
2025-12-16T05:12:43.638122,Recipe_C,e493d977-1289-4420-b102-87061598c92c,8,1.0,,,,14.03,8.0,14.96,9.14,6.67,10.12
2025-12-16T05:12:44.638122,Recipe_C,e493d977-1289-4420-b102-87061598c92c,8,1.0,,,,9.52,12.73,6.3,10.84,12.55,9.31
2025-12-16T05:12:45.638122,Recipe_C,e493d977-1289-4420-b102-87061598c92c,8,1.0,,,,10.34,10.43,9.01,10.59,9.61,11.35
2025-12-16T05:12:46.638122,Recipe_C,e493d977-1289-4420-b102-87061598c92c,8,1.0,,,,8.63,9.48,11.33,9.17,12.15,16.46
2025-12-16T05:12:47.638122,Recipe_C,e493d977-1289-4420-b102-87061598c92c,8,1.0,,,,11.72,8.98,9.2,13.76,11.17,7.52
2025-12-16T05:12:48.638122,Recipe_C,e493d977-1289-4420-b102-87061598c92c,8,1.0,,,,10.91,8.91,9.99,10.25,11.91,9.37
2025-12-16T05:12:49.638122,Recipe_C,e493d977-1289-4420-b102-87061598c92c,8,1.0,,,,11.36,11.72,12.48,11.24,6.95,7.55
2025-12-16T05:12:50.638122,Recipe_C,e493d977-1289-4420-b102-87061598c92c,8,1.0,,,,10.29,11.61,9.33,8.22,10.59,15.01
2025-12-16T05:12:51.638122,Recipe_C,e493d977-1289-4420-b102-87061598c92c,8,1.0,,,,13.85,11.0,12.54,12.71,10.18,7.41
2025-12-16T05:12:52.638122,Recipe_C,e493d977-1289-4420-b102-87061598c92c,8,1.0,,,,9.6,10.85,12.39,11.8,12.37,8.98
2025-12-16T05:12:53.638122,Recipe_C,e493d977-1289-4420-b102-87061598c92c,8,1.0,,,,11.17,8.78,5.49,8.75,8.34,13.42
2025-12-16T05:12:54.638122,Recipe_C,e493d977-1289-4420-b102-87061598c92c,8,1.0,,,,10.04,9.52,14.02,13.44,10.81,10.19
2025-12-16T05:12:55.638122,Recipe_C,e493d977-1289-4420-b102-87061598c92c,8,1.0,,,,9.79,7.61,7.13,10.18,7.04,8.65
2025-12-16T05:12:56.638122,Recipe_C,e493d977-1289-4420-b102-87061598c92c,8,1.0,,,,10.77,8.72,8.25,12.97,11.25,11.43
2025-12-16T05:12:57.638122,Recipe_C,e493d977-1289-4420-b102-87061598c92c,8,1.0,,,,11.55,9.38,9.83,10.3,13.22,6.53
2025-12-16T05:12:58.638122,Recipe_C,e493d977-1289-4420-b102-87061598c92c,8,1.0,,,,9.29,11.94,9.32,9.06,10.44,8.21
2025-12-16T05:12:59.638122,Recipe_C,e493d977-1289-4420-b102-87061598c92c,8,1.0,,,,10.78,10.11,11.12,9.5,11.6,9.38
2025-12-16T05:13:00.638122,Recipe_C,e493d977-1289-4420-b102-87061598c92c,8,1.0,,,,10.1,12.53,10.73,10.36,12.97,13.58
2025-12-16T05:13:01.638122,Recipe_C,e493d977-1289-4420-b102-87061598c92c,8,1.0,,,,9.64,6.65,11.49,10.52,9.78,6.65
2025-12-16T05:13:02.638122,Recipe_C,e493d977-1289-4420-b102-87061598c92c,8,1.0,,,,11.02,8.63,8.17,10.67,11.64,4.98
2025-12-16T05:13:03.638122,Recipe_C,e493d977-1289-4420-b102-87061598c92c,8,1.0,,,,9.71,13.1,11.77,11.57,9.58,11.96
2025-12-16T05:13:04.638122,Recipe_C,e493d977-1289-4420-b102-87061598c92c,8,1.0,,,,11.83,11.46,10.17,8.6,9.54,10.01
2025-12-16T05:13:05.638122,Recipe_C,e493d977-1289-4420-b102-87061598c92c,8,1.0,,,,11.08,8.86,10.68,10.58,9.59,10.4
2025-12-16T05:13:06.638122,Recipe_C,e493d977-1289-4420-b102-87061598c92c,8,1.0,,,,11.73,11.03,9.27,10.88,11.98,9.99
2025-12-16T05:13:07.638122,Recipe_C,e493d977-1289-4420-b102-87061598c92c,8,1.0,,,,10.61,11.19,11.91,8.49,4.52,11.15
2025-12-16T05:13:08.638122,Recipe_C,e493d977-1289-4420-b102-87061598c92c,8,1.0,,,,10.68,8.01,13.01,7.51,10.73,9.1
2025-12-16T05:13:09.638122,Recipe_C,e493d977-1289-4420-b102-87061598c92c,8,1.0,,,,7.63,9.88,10.65,8.18,8.55,12.26
2025-12-16T05:13:10.638122,Recipe_C,e493d977-1289-4420-b102-87061598c92c,8,1.0,,,,9.9,7.72,7.43,12.46,9.77,12.91
2025-12-16T05:13:11.638122,Recipe_C,e493d977-1289-4420-b102-87061598c92c,8,1.0,,,,15.08,10.31,7.45,11.42,12.27,9.29
2025-12-16T05:13:12.638122,Recipe_C,e493d977-1289-4420-b102-87061598c92c,8,1.0,,,,8.78,11.77,9.48,7.33,11.43,9.05
2025-12-16T05:13:13.638122,Recipe_C,e493d977-1289-4420-b102-87061598c92c,8,1.0,,,,10.08,11.02,7.75,9.14,11.91,9.54
2025-12-16T05:13:14.638122,Recipe_C,e493d977-1289-4420-b102-87061598c92c,8,1.0,,,,8.66,8.51,11.3,10.16,10.1,7.16
2025-12-16T05:13:15.638122,Recipe_C,e493d977-1289-4420-b102-87061598c92c,8,1.0,,,,11.68,8.41,7.93,11.14,9.99,2.92
2025-12-16T05:13:16.638122,Recipe_C,e493d977-1289-4420-b102-87061598c92c,8,1.0,,,,11.71,9.29,10.64,11.16,8.14,6.97
2025-12-16T05:13:17.638122,Recipe_C,e493d977-1289-4420-b102-87061598c92c,8,1.0,,,,11.17,9.78,7.67,10.64,11.98,8.93
2025-12-16T05:13:18.638122,Recipe_C,e493d977-1289-4420-b102-87061598c92c,8,1.0,,,,7.38,11.21,9.68,10.87,10.49,9.54
2025-12-16T05:13:19.638122,Recipe_C,e493d977-1289-4420-b102-87061598c92c,8,1.0,,,,10.99,7.05,11.66,13.73,7.36,10.76
2025-12-16T05:13:20.638122,Recipe_C,e493d977-1289-4420-b102-87061598c92c,8,1.0,,,,10.77,10.45,8.95,11.63,8.87,11.29
2025-12-16T05:13:21.638122,Recipe_C,e493d977-1289-4420-b102-87061598c92c,8,1.0,,,,6.81,6.92,10.67,11.77,13.24,10.4
2025-12-16T05:13:22.638122,Recipe_C,e493d977-1289-4420-b102-87061598c92c,8,1.0,,,,11.67,9.47,8.38,8.27,8.1,7.07
2025-12-16T05:13:23.638122,Recipe_C,e493d977-1289-4420-b102-87061598c92c,8,1.0,,,,9.96,9.49,9.28,10.7,11.83,10.17
2025-12-16T05:13:24.638122,Recipe_C,e493d977-1289-4420-b102-87061598c92c,8,1.0,,,,8.98,10.62,9.72,9.7,10.71,10.55
2025-12-16T05:13:25.638122,Recipe_C,e493d977-1289-4420-b102-87061598c92c,8,1.0,,,,9.49,9.05,7.06,11.26,7.29,8.3
2025-12-16T05:13:26.638122,Recipe_C,e493d977-1289-4420-b102-87061598c92c,8,1.0,,,,10.55,11.14,9.08,9.75,5.9,11.02
2025-12-16T05:13:27.638122,Recipe_C,e493d977-1289-4420-b102-87061598c92c,8,1.0,,,,11.56,11.43,10.11,9.31,11.31,9.93
2025-12-16T05:13:28.638122,Recipe_C,e493d977-1289-4420-b102-87061598c92c,8,1.0,,,,9.55,9.63,7.72,7.05,15.36,10.8
2025-12-16T05:13:29.638122,Recipe_C,e493d977-1289-4420-b102-87061598c92c,8,1.0,,,,10.36,9.43,10.38,10.09,5.4,10.76
2025-12-16T05:13:30.638122,Recipe_C,e493d977-1289-4420-b102-87061598c92c,8,1.0,,,,9.35,5.61,8.6,10.74,8.25,11.73
2025-12-16T05:13:31.638122,Recipe_C,e493d977-1289-4420-b102-87061598c92c,8,1.0,,,,10.03,12.47,9.03,4.23,10.05,10.18
2025-12-16T05:13:32.638122,Recipe_C,e493d977-1289-4420-b102-87061598c92c,8,1.0,,,,6.99,8.9,13.04,11.16,10.08,9.16
2025-12-16T05:13:33.638122,Recipe_C,e493d977-1289-4420-b102-87061598c92c,8,1.0,,,,8.21,6.88,9.6,7.12,8.87,9.43
2025-12-16T05:13:34.638122,Recipe_C,e493d977-1289-4420-b102-87061598c92c,8,1.0,,,,5.91,9.07,11.6,9.56,15.34,11.49
2025-12-16T05:13:35.638122,Recipe_C,e493d977-1289-4420-b102-87061598c92c,8,1.0,,,,10.03,8.17,10.05,9.27,7.58,9.86
2025-12-16T05:13:36.638122,Recipe_C,e493d977-1289-4420-b102-87061598c92c,8,1.0,,,,12.09,6.2,13.2,8.64,11.4,8.89
2025-12-16T05:13:37.638122,Recipe_C,e493d977-1289-4420-b102-87061598c92c,8,1.0,,,,8.25,9.48,12.87,4.79,10.41,10.0
2025-12-16T05:13:38.638122,Recipe_C,e493d977-1289-4420-b102-87061598c92c,8,1.0,,,,9.61,8.49,12.08,8.68,8.47,9.41
2025-12-16T05:13:39.638122,Recipe_C,e493d977-1289-4420-b102-87061598c92c,8,1.0,,,,9.37,7.94,9.74,11.21,9.1,12.48
2025-12-16T05:13:40.638122,Recipe_C,e493d977-1289-4420-b102-87061598c92c,8,1.0,,,,9.91,9.63,7.87,8.59,10.47,7.42
2025-12-16T05:13:41.638122,Recipe_C,e493d977-1289-4420-b102-87061598c92c,8,1.0,,,,12.03,11.94,7.01,11.91,8.14,12.17
2025-12-16T05:13:42.638122,Recipe_C,e493d977-1289-4420-b102-87061598c92c,8,1.0,,,,11.02,8.91,11.53,8.93,8.12,10.04
2025-12-16T05:13:43.638122,Recipe_C,e493d977-1289-4420-b102-87061598c92c,8,1.0,,,,8.37,12.1,9.12,11.15,9.58,9.57
2025-12-16T05:13:44.638122,Recipe_C,e493d977-1289-4420-b102-87061598c92c,8,1.0,,,,9.59,8.67,8.27,9.27,10.27,9.05
2025-12-16T05:13:44.638122,Recipe_C,e493d977-1289-4420-b102-87061598c92c,8,1.0,Warning_2,Simulated Warning occurred,Warning,,,,,,
2025-12-16T05:13:45.638122,Recipe_C,e493d977-1289-4420-b102-87061598c92c,8,1.0,,,,14.53,13.43,10.19,10.33,13.17,8.86
2025-12-16T05:13:46.638122,Recipe_C,e493d977-1289-4420-b102-87061598c92c,8,1.0,,,,10.91,12.71,11.96,11.9,15.6,9.79
2025-12-16T05:13:47.638122,Recipe_C,e493d977-1289-4420-b102-87061598c92c,8,1.0,,,,7.3,12.79,8.65,8.25,10.82,10.36
2025-12-16T05:13:48.638122,Recipe_C,e493d977-1289-4420-b102-87061598c92c,8,1.0,,,,10.72,6.47,10.85,10.24,10.71,13.27
2025-12-16T05:13:49.638122,Recipe_C,e493d977-1289-4420-b102-87061598c92c,8,1.0,,,,12.34,8.39,13.94,10.92,9.23,6.29
2025-12-16T05:13:50.638122,Recipe_C,e493d977-1289-4420-b102-87061598c92c,8,1.0,,,,10.19,11.93,8.37,12.7,10.5,8.97
2025-12-16T05:13:51.638122,Recipe_C,e493d977-1289-4420-b102-87061598c92c,8,1.0,,,,9.81,11.88,8.19,9.43,5.77,14.65
2025-12-16T05:13:52.638122,Recipe_C,e493d977-1289-4420-b102-87061598c92c,8,1.0,,,,9.48,8.81,12.11,8.85,8.27,11.35
2025-12-16T05:13:53.638122,Recipe_C,e493d977-1289-4420-b102-87061598c92c,8,1.0,,,,10.12,11.32,9.53,9.38,12.47,10.89
2025-12-16T05:13:54.638122,Recipe_C,e493d977-1289-4420-b102-87061598c92c,8,1.0,,,,9.51,11.75,12.16,9.12,9.87,10.82
2025-12-16T05:13:55.638122,Recipe_C,e493d977-1289-4420-b102-87061598c92c,8,1.0,,,,11.16,4.69,10.64,12.48,15.46,12.34
2025-12-16T05:13:56.638122,Recipe_C,e493d977-1289-4420-b102-87061598c92c,8,1.0,,,,10.01,15.63,9.71,9.75,11.29,8.95
2025-12-16T05:13:57.638122,Recipe_C,e493d977-1289-4420-b102-87061598c92c,8,1.0,,,,12.8,10.52,12.95,8.5,9.35,7.86
2025-12-16T05:13:58.638122,Recipe_C,e493d977-1289-4420-b102-87061598c92c,8,1.0,,,,6.67,10.42,9.22,10.36,10.58,12.48
2025-12-16T05:13:59.638122,Recipe_C,e493d977-1289-4420-b102-87061598c92c,8,1.0,,,,10.05,9.53,10.56,7.49,8.63,9.07
2025-12-16T05:14:00.638122,Recipe_C,e493d977-1289-4420-b102-87061598c92c,8,1.0,,,,10.87,10.49,9.85,15.28,9.49,11.22
2025-12-16T05:14:01.638122,Recipe_C,e493d977-1289-4420-b102-87061598c92c,8,1.0,,,,12.86,12.49,6.97,10.81,6.73,9.55
2025-12-16T05:14:02.638122,Recipe_C,e493d977-1289-4420-b102-87061598c92c,8,1.0,,,,9.37,10.25,12.85,10.75,9.3,13.86
2025-12-16T05:14:03.638122,Recipe_C,e493d977-1289-4420-b102-87061598c92c,8,1.0,,,,10.02,8.9,9.75,9.52,9.83,6.41
2025-12-16T05:14:04.638122,Recipe_C,e493d977-1289-4420-b102-87061598c92c,8,1.0,,,,9.09,12.25,10.91,7.47,12.8,7.88
2025-12-16T05:14:05.638122,Recipe_C,e493d977-1289-4420-b102-87061598c92c,8,1.0,,,,10.09,16.97,9.43,14.24,13.65,12.93
2025-12-16T05:14:06.638122,Recipe_C,e493d977-1289-4420-b102-87061598c92c,8,1.0,,,,10.14,15.03,8.85,9.87,11.32,11.61
2025-12-16T05:14:07.638122,Recipe_C,e493d977-1289-4420-b102-87061598c92c,8,1.0,,,,10.35,8.21,11.71,10.26,6.48,7.36
2025-12-16T05:14:08.638122,Recipe_C,e493d977-1289-4420-b102-87061598c92c,8,1.0,,,,9.46,11.83,8.81,9.9,9.72,8.85
2025-12-16T05:14:09.638122,Recipe_C,e493d977-1289-4420-b102-87061598c92c,8,1.0,,,,9.21,8.04,8.73,8.72,12.05,7.75
2025-12-16T05:14:10.638122,Recipe_C,e493d977-1289-4420-b102-87061598c92c,8,1.0,,,,11.49,11.38,12.76,11.63,11.9,10.37
2025-12-16T05:14:11.638122,Recipe_C,e493d977-1289-4420-b102-87061598c92c,8,1.0,,,,9.61,10.79,11.22,11.13,7.68,11.85
2025-12-16T05:14:12.638122,Recipe_C,e493d977-1289-4420-b102-87061598c92c,8,1.0,,,,15.1,10.32,10.09,11.37,14.29,6.61
2025-12-16T05:14:13.638122,Recipe_C,e493d977-1289-4420-b102-87061598c92c,8,1.0,,,,8.43,7.88,10.05,11.31,9.81,9.72
2025-12-16T05:14:14.638122,Recipe_C,e493d977-1289-4420-b102-87061598c92c,8,1.0,,,,12.53,7.46,7.17,8.52,12.49,8.7
2025-12-16T05:14:14.638122,Recipe_C,e493d977-1289-4420-b102-87061598c92c,8,1.0,Error_4,Simulated Error occurred,Error,,,,,,
2025-12-16T05:14:15.638122,Recipe_C,e493d977-1289-4420-b102-87061598c92c,8,1.0,,,,9.88,10.68,8.62,8.03,10.28,9.04
2025-12-16T05:14:16.638122,Recipe_C,e493d977-1289-4420-b102-87061598c92c,8,1.0,,,,7.67,5.15,4.45,6.11,10.59,11.33
2025-12-16T05:14:17.638122,Recipe_C,e493d977-1289-4420-b102-87061598c92c,8,1.0,,,,12.63,9.81,9.78,7.74,12.01,12.55
2025-12-16T05:14:18.638122,Recipe_C,e493d977-1289-4420-b102-87061598c92c,8,1.0,,,,8.91,6.63,8.71,10.33,9.02,8.03
2025-12-16T05:14:19.638122,Recipe_C,e493d977-1289-4420-b102-87061598c92c,8,1.0,,,,12.23,10.35,11.47,7.52,9.29,8.72
2025-12-16T05:14:20.638122,Recipe_C,e493d977-1289-4420-b102-87061598c92c,8,1.0,,,,9.55,9.61,9.05,13.2,12.25,8.61
2025-12-16T05:14:21.638122,Recipe_C,e493d977-1289-4420-b102-87061598c92c,8,1.0,,,,7.98,10.44,10.6,10.61,6.61,8.12
2025-12-16T05:14:22.638122,Recipe_C,e493d977-1289-4420-b102-87061598c92c,8,1.0,,,,7.8,11.61,7.13,12.58,9.07,11.74
2025-12-16T05:14:23.638122,Recipe_C,e493d977-1289-4420-b102-87061598c92c,8,1.0,,,,10.78,7.47,10.67,10.46,10.18,12.82
2025-12-16T05:14:24.638122,Recipe_C,e493d977-1289-4420-b102-87061598c92c,8,1.0,,,,14.07,12.23,8.12,7.98,10.06,6.68
2025-12-16T05:14:25.638122,Recipe_C,e493d977-1289-4420-b102-87061598c92c,8,1.0,,,,6.2,10.27,13.95,14.11,10.7,9.61
2025-12-16T05:14:26.638122,Recipe_C,e493d977-1289-4420-b102-87061598c92c,8,5.0,,,,8.04,10.92,9.51,7.06,6.65,11.76
2025-12-16T05:14:27.638122,Recipe_C,e493d977-1289-4420-b102-87061598c92c,8,5.0,,,,6.94,10.08,9.21,11.58,11.41,8.89
2025-12-16T05:14:28.638122,Recipe_C,e493d977-1289-4420-b102-87061598c92c,8,5.0,,,,5.78,8.44,8.9,9.28,9.55,8.42
2025-12-16T05:14:29.638122,Recipe_C,e493d977-1289-4420-b102-87061598c92c,8,5.0,,,,11.53,11.64,10.29,9.22,7.44,10.0
2025-12-16T05:14:30.638122,Recipe_C,e493d977-1289-4420-b102-87061598c92c,8,5.0,,,,10.37,13.39,10.33,7.75,8.22,10.3
2025-12-16T05:14:31.638122,Recipe_C,e493d977-1289-4420-b102-87061598c92c,8,5.0,,,,9.06,9.76,11.67,6.46,11.15,10.67
2025-12-16T05:14:32.638122,Recipe_C,e493d977-1289-4420-b102-87061598c92c,8,5.0,,,,8.47,10.96,5.6,12.27,16.93,14.72
2025-12-16T05:14:33.638122,Recipe_C,e493d977-1289-4420-b102-87061598c92c,8,5.0,,,,10.47,10.21,7.96,9.49,11.8,11.05
2025-12-16T05:14:34.638122,Recipe_C,e493d977-1289-4420-b102-87061598c92c,8,5.0,,,,8.42,9.04,10.05,8.22,9.43,12.43
2025-12-16T05:14:35.638122,Recipe_C,e493d977-1289-4420-b102-87061598c92c,8,5.0,,,,15.35,7.69,9.59,10.5,7.3,9.0
2025-12-16T05:14:36.638122,Recipe_C,e493d977-1289-4420-b102-87061598c92c,8,5.0,,,,7.37,10.55,9.34,10.13,10.09,12.89
2025-12-16T05:14:37.638122,Recipe_C,e493d977-1289-4420-b102-87061598c92c,8,5.0,,,,7.53,8.41,12.2,9.11,9.64,7.53
2025-12-16T05:14:38.638122,Recipe_C,e493d977-1289-4420-b102-87061598c92c,8,5.0,,,,11.43,9.31,12.84,8.27,11.99,11.31
2025-12-16T05:14:39.638122,Recipe_C,e493d977-1289-4420-b102-87061598c92c,8,5.0,,,,13.03,10.16,11.89,9.4,11.64,9.94
2025-12-16T05:14:40.638122,Recipe_C,e493d977-1289-4420-b102-87061598c92c,8,5.0,,,,9.42,11.24,9.48,8.73,8.61,8.02
2025-12-16T05:14:41.638122,Recipe_C,e493d977-1289-4420-b102-87061598c92c,8,5.0,,,,10.11,8.95,12.11,12.28,11.24,11.06
2025-12-16T05:14:42.638122,Recipe_C,e493d977-1289-4420-b102-87061598c92c,8,5.0,,,,8.76,12.28,9.02,12.25,8.52,4.87
2025-12-16T05:14:43.638122,Recipe_C,e493d977-1289-4420-b102-87061598c92c,8,5.0,,,,11.45,9.36,9.76,8.94,12.82,11.58
2025-12-16T05:14:44.638122,Recipe_C,e493d977-1289-4420-b102-87061598c92c,8,5.0,,,,11.26,12.32,14.18,9.34,7.36,7.76
2025-12-16T05:14:45.638122,Recipe_C,e493d977-1289-4420-b102-87061598c92c,8,5.0,,,,7.29,7.89,12.1,10.22,8.4,13.47
2025-12-16T05:14:46.638122,Recipe_C,e493d977-1289-4420-b102-87061598c92c,8,5.0,,,,6.63,10.88,9.6,8.42,7.29,10.98
2025-12-16T05:14:47.638122,Recipe_C,e493d977-1289-4420-b102-87061598c92c,8,5.0,,,,9.2,7.69,7.48,9.37,9.2,12.91
2025-12-16T05:14:48.638122,Recipe_C,e493d977-1289-4420-b102-87061598c92c,8,5.0,,,,5.77,9.24,7.97,10.52,8.45,11.2
2025-12-16T05:14:49.638122,Recipe_C,e493d977-1289-4420-b102-87061598c92c,8,5.0,,,,8.22,9.72,10.83,9.63,8.67,6.41
2025-12-16T05:14:50.638122,Recipe_C,e493d977-1289-4420-b102-87061598c92c,8,5.0,,,,9.49,9.42,11.34,10.39,5.77,9.42
2025-12-16T05:14:51.638122,Recipe_C,e493d977-1289-4420-b102-87061598c92c,8,5.0,,,,10.26,11.12,13.0,11.26,12.91,11.43
2025-12-16T05:14:52.638122,Recipe_C,e493d977-1289-4420-b102-87061598c92c,8,5.0,,,,10.19,9.94,8.24,11.09,7.18,13.34
2025-12-16T05:14:53.638122,Recipe_C,e493d977-1289-4420-b102-87061598c92c,8,5.0,,,,7.73,11.92,13.21,8.68,10.58,11.31
2025-12-16T05:14:54.638122,Recipe_C,e493d977-1289-4420-b102-87061598c92c,8,5.0,,,,8.7,8.25,4.61,8.91,11.47,9.5
2025-12-16T05:14:55.638122,Recipe_C,e493d977-1289-4420-b102-87061598c92c,8,5.0,,,,9.8,7.04,6.92,12.16,9.48,8.91
2025-12-16T05:14:56.638122,Recipe_C,e493d977-1289-4420-b102-87061598c92c,8,5.0,,,,6.65,10.15,11.29,6.84,6.75,11.73
2025-12-16T05:14:57.638122,Recipe_C,e493d977-1289-4420-b102-87061598c92c,8,5.0,,,,11.26,9.19,8.59,10.73,7.23,9.6
2025-12-16T05:14:58.638122,Recipe_C,e493d977-1289-4420-b102-87061598c92c,8,5.0,,,,7.53,8.87,10.44,7.78,5.7,7.87
2025-12-16T05:14:59.638122,Recipe_C,e493d977-1289-4420-b102-87061598c92c,8,5.0,,,,7.51,9.98,8.71,11.28,11.19,8.07
2025-12-16T05:15:00.638122,Recipe_C,e493d977-1289-4420-b102-87061598c92c,8,5.0,,,,6.6,6.66,10.21,7.27,12.95,7.82
2025-12-16T05:15:01.638122,Recipe_C,e493d977-1289-4420-b102-87061598c92c,8,5.0,,,,10.11,12.83,12.07,12.6,12.84,10.03
2025-12-16T05:15:02.638122,Recipe_C,e493d977-1289-4420-b102-87061598c92c,8,5.0,,,,8.64,9.56,8.71,10.65,10.85,9.73
2025-12-16T05:15:03.638122,Recipe_C,e493d977-1289-4420-b102-87061598c92c,8,5.0,,,,11.11,9.56,13.8,8.77,11.31,8.76
2025-12-16T05:15:04.638122,Recipe_C,e493d977-1289-4420-b102-87061598c92c,8,5.0,,,,10.89,12.25,11.18,11.04,9.84,6.84
2025-12-16T05:15:05.638122,Recipe_C,e493d977-1289-4420-b102-87061598c92c,8,5.0,,,,11.75,8.57,11.48,15.21,10.49,9.89
2025-12-16T05:15:06.638122,Recipe_C,e493d977-1289-4420-b102-87061598c92c,8,5.0,,,,7.28,8.57,7.16,9.33,7.94,11.13
2025-12-16T05:15:07.638122,Recipe_C,e493d977-1289-4420-b102-87061598c92c,8,5.0,,,,8.93,10.32,11.95,10.17,8.03,8.35
2025-12-16T05:15:08.638122,Recipe_C,e493d977-1289-4420-b102-87061598c92c,8,5.0,,,,8.61,11.16,9.16,6.09,10.66,12.22
2025-12-16T05:15:09.638122,Recipe_C,e493d977-1289-4420-b102-87061598c92c,8,5.0,,,,8.62,11.83,11.15,8.07,8.67,9.33
2025-12-16T05:15:10.638122,Recipe_C,e493d977-1289-4420-b102-87061598c92c,8,5.0,,,,9.26,12.1,10.63,12.55,4.71,12.79
2025-12-16T05:15:11.638122,Recipe_C,e493d977-1289-4420-b102-87061598c92c,8,5.0,,,,8.94,10.42,12.06,9.93,12.68,12.24
2025-12-16T05:15:12.638122,Recipe_C,e493d977-1289-4420-b102-87061598c92c,8,5.0,,,,10.89,9.49,9.73,9.72,9.55,8.4
2025-12-16T05:15:13.638122,Recipe_C,e493d977-1289-4420-b102-87061598c92c,8,0.0,,,,0.0,0.0,0.0,0.0,0.0,0.0
2025-12-16T05:15:14.638122,Recipe_C,e493d977-1289-4420-b102-87061598c92c,8,0.0,,,,0.0,0.0,0.0,0.0,0.0,0.0
2025-12-16T05:15:15.638122,Recipe_C,e493d977-1289-4420-b102-87061598c92c,8,0.0,,,,0.0,0.0,0.0,0.0,0.0,0.0
2025-12-16T05:15:16.638122,Recipe_C,e493d977-1289-4420-b102-87061598c92c,8,0.0,,,,0.0,0.0,0.0,0.0,0.0,0.0
2025-12-16T05:15:17.638122,Recipe_C,e493d977-1289-4420-b102-87061598c92c,8,0.0,,,,0.0,0.0,0.0,0.0,0.0,0.0
2025-12-16T05:15:18.638122,Recipe_C,e493d977-1289-4420-b102-87061598c92c,8,0.0,,,,0.0,0.0,0.0,0.0,0.0,0.0
2025-12-16T05:15:19.638122,Recipe_C,e493d977-1289-4420-b102-87061598c92c,8,0.0,,,,0.0,0.0,0.0,0.0,0.0,0.0
2025-12-16T05:15:20.638122,Recipe_C,e493d977-1289-4420-b102-87061598c92c,8,0.0,,,,0.0,0.0,0.0,0.0,0.0,0.0
2025-12-16T05:15:21.638122,Recipe_C,e493d977-1289-4420-b102-87061598c92c,8,0.0,,,,0.0,0.0,0.0,0.0,0.0,0.0
2025-12-16T05:15:22.638122,Recipe_C,e493d977-1289-4420-b102-87061598c92c,8,0.0,,,,0.0,0.0,0.0,0.0,0.0,0.0
2025-12-16T05:15:23.638122,Recipe_C,e493d977-1289-4420-b102-87061598c92c,8,0.0,,,,0.0,0.0,0.0,0.0,0.0,0.0
2025-12-16T05:15:24.638122,Recipe_C,e493d977-1289-4420-b102-87061598c92c,8,0.0,,,,0.0,0.0,0.0,0.0,0.0,0.0
2025-12-16T05:15:25.638122,Recipe_C,e493d977-1289-4420-b102-87061598c92c,8,0.0,,,,0.0,0.0,0.0,0.0,0.0,0.0
2025-12-16T05:15:26.638122,Recipe_C,e493d977-1289-4420-b102-87061598c92c,8,0.0,,,,0.0,0.0,0.0,0.0,0.0,0.0
2025-12-16T05:15:27.638122,Recipe_C,e493d977-1289-4420-b102-87061598c92c,8,0.0,,,,0.0,0.0,0.0,0.0,0.0,0.0
2025-12-16T05:15:28.638122,Recipe_C,e493d977-1289-4420-b102-87061598c92c,8,0.0,,,,0.0,0.0,0.0,0.0,0.0,0.0
2025-12-16T05:15:29.638122,Recipe_C,e493d977-1289-4420-b102-87061598c92c,8,0.0,,,,0.0,0.0,0.0,0.0,0.0,0.0
2025-12-16T05:15:30.638122,Recipe_C,e493d977-1289-4420-b102-87061598c92c,8,0.0,,,,0.0,0.0,0.0,0.0,0.0,0.0
2025-12-16T05:15:31.638122,Recipe_C,e493d977-1289-4420-b102-87061598c92c,8,0.0,,,,0.0,0.0,0.0,0.0,0.0,0.0
2025-12-16T05:15:32.638122,Recipe_C,e493d977-1289-4420-b102-87061598c92c,8,0.0,,,,0.0,0.0,0.0,0.0,0.0,0.0
2025-12-16T05:15:33.638122,Recipe_C,e493d977-1289-4420-b102-87061598c92c,8,0.0,,,,0.0,0.0,0.0,0.0,0.0,0.0
2025-12-16T05:15:34.638122,Recipe_C,e493d977-1289-4420-b102-87061598c92c,8,0.0,,,,0.0,0.0,0.0,0.0,0.0,0.0
2025-12-16T05:15:35.638122,Recipe_C,e493d977-1289-4420-b102-87061598c92c,8,0.0,,,,0.0,0.0,0.0,0.0,0.0,0.0
2025-12-16T05:15:36.638122,Recipe_C,e493d977-1289-4420-b102-87061598c92c,8,0.0,,,,0.0,0.0,0.0,0.0,0.0,0.0
2025-12-16T05:15:37.638122,Recipe_C,e493d977-1289-4420-b102-87061598c92c,8,0.0,,,,0.0,0.0,0.0,0.0,0.0,0.0
2025-12-16T05:15:38.638122,Recipe_C,e493d977-1289-4420-b102-87061598c92c,8,0.0,,,,0.0,0.0,0.0,0.0,0.0,0.0
2025-12-16T05:15:39.638122,Recipe_C,e493d977-1289-4420-b102-87061598c92c,8,0.0,,,,0.0,0.0,0.0,0.0,0.0,0.0
2025-12-16T05:15:40.638122,Recipe_C,e493d977-1289-4420-b102-87061598c92c,8,0.0,,,,0.0,0.0,0.0,0.0,0.0,0.0
2025-12-16T05:15:41.638122,Recipe_C,e493d977-1289-4420-b102-87061598c92c,8,2.0,,,,6.82,13.36,12.08,12.08,11.64,11.41
2025-12-16T05:15:42.638122,Recipe_C,e493d977-1289-4420-b102-87061598c92c,8,2.0,,,,10.26,10.98,10.11,11.26,7.41,9.68
2025-12-16T05:15:43.638122,Recipe_C,e493d977-1289-4420-b102-87061598c92c,8,2.0,,,,9.81,8.47,7.2,9.9,9.07,13.86
2025-12-16T05:15:44.638122,Recipe_C,e493d977-1289-4420-b102-87061598c92c,8,2.0,,,,10.14,8.65,8.56,5.66,10.88,10.52
2025-12-16T05:15:45.638122,Recipe_C,e493d977-1289-4420-b102-87061598c92c,8,2.0,,,,11.06,10.59,9.68,9.91,9.92,9.16
2025-12-16T05:15:46.638122,Recipe_C,e493d977-1289-4420-b102-87061598c92c,8,2.0,,,,9.02,11.93,11.48,7.26,9.82,11.17
2025-12-16T05:15:47.638122,Recipe_C,e493d977-1289-4420-b102-87061598c92c,8,2.0,,,,9.39,8.78,9.51,7.99,6.98,9.62
2025-12-16T05:15:48.638122,Recipe_C,e493d977-1289-4420-b102-87061598c92c,8,2.0,,,,11.63,11.31,10.3,8.18,7.95,10.76
2025-12-16T05:15:49.638122,Recipe_C,e493d977-1289-4420-b102-87061598c92c,8,2.0,,,,12.66,8.58,9.41,12.62,9.33,8.64
2025-12-16T05:15:50.638122,Recipe_C,e493d977-1289-4420-b102-87061598c92c,8,2.0,,,,8.71,9.76,13.52,6.62,10.54,10.85
2025-12-16T05:15:51.638122,Recipe_C,e493d977-1289-4420-b102-87061598c92c,8,2.0,,,,10.24,11.76,7.82,12.32,9.36,8.45
2025-12-16T05:15:52.638122,Recipe_C,e493d977-1289-4420-b102-87061598c92c,8,2.0,,,,15.85,9.94,11.11,7.18,10.12,11.23
2025-12-16T05:15:53.638122,Recipe_C,e493d977-1289-4420-b102-87061598c92c,8,2.0,,,,7.44,11.33,10.55,11.22,9.56,12.78
2025-12-16T05:15:54.638122,Recipe_C,e493d977-1289-4420-b102-87061598c92c,8,2.0,,,,10.34,9.71,9.09,9.99,12.15,9.23
2025-12-16T05:15:55.638122,Recipe_C,e493d977-1289-4420-b102-87061598c92c,8,2.0,,,,12.06,7.49,9.93,9.77,12.67,11.69
2025-12-16T05:15:56.638122,Recipe_C,e493d977-1289-4420-b102-87061598c92c,8,2.0,,,,11.58,6.94,8.13,8.88,8.1,6.34
2025-12-16T05:15:57.638122,Recipe_C,e493d977-1289-4420-b102-87061598c92c,8,2.0,,,,11.19,11.42,9.63,7.55,11.01,8.58
2025-12-16T05:15:58.638122,Recipe_C,e493d977-1289-4420-b102-87061598c92c,8,2.0,,,,8.31,9.68,14.85,11.55,9.04,10.21
2025-12-16T05:15:59.638122,Recipe_C,e493d977-1289-4420-b102-87061598c92c,8,2.0,,,,10.38,11.03,7.69,8.13,9.91,10.75
2025-12-16T05:16:00.638122,Recipe_C,e493d977-1289-4420-b102-87061598c92c,8,2.0,,,,10.7,10.18,11.64,10.67,8.78,10.94
2025-12-16T05:16:01.638122,Recipe_C,e493d977-1289-4420-b102-87061598c92c,8,2.0,,,,10.68,10.76,11.22,11.36,8.79,10.69
2025-12-16T05:16:02.638122,Recipe_C,e493d977-1289-4420-b102-87061598c92c,8,2.0,,,,10.92,9.78,10.35,10.74,8.62,12.53
2025-12-16T05:16:03.638122,Recipe_C,e493d977-1289-4420-b102-87061598c92c,8,2.0,,,,9.31,8.78,8.25,9.93,14.25,10.88
2025-12-16T05:16:04.638122,Recipe_C,e493d977-1289-4420-b102-87061598c92c,8,2.0,,,,11.1,9.52,10.61,8.8,9.4,7.51
2025-12-16T05:16:05.638122,Recipe_C,e493d977-1289-4420-b102-87061598c92c,8,5.0,,,,9.93,9.82,10.55,11.0,8.64,10.41
2025-12-16T05:16:06.638122,Recipe_C,e493d977-1289-4420-b102-87061598c92c,8,5.0,,,,10.06,10.9,5.59,11.84,9.34,7.07
2025-12-16T05:16:07.638122,Recipe_C,e493d977-1289-4420-b102-87061598c92c,8,5.0,,,,8.22,11.58,6.22,9.05,8.47,10.6
2025-12-16T05:16:08.638122,Recipe_C,e493d977-1289-4420-b102-87061598c92c,8,5.0,,,,8.33,8.71,8.9,8.48,11.16,5.95
2025-12-16T05:16:09.638122,Recipe_C,e493d977-1289-4420-b102-87061598c92c,8,5.0,,,,9.97,6.48,5.7,10.47,12.76,15.45
2025-12-16T05:16:10.638122,Recipe_C,e493d977-1289-4420-b102-87061598c92c,8,5.0,,,,10.12,10.25,10.5,9.6,9.94,5.98
2025-12-16T05:16:11.638122,Recipe_C,e493d977-1289-4420-b102-87061598c92c,8,5.0,,,,10.95,8.91,7.31,11.3,6.62,9.63
2025-12-16T05:16:12.638122,Recipe_C,e493d977-1289-4420-b102-87061598c92c,8,5.0,,,,12.03,8.56,12.83,9.35,11.52,10.12
2025-12-16T05:16:13.638122,Recipe_C,e493d977-1289-4420-b102-87061598c92c,8,5.0,,,,5.55,5.95,8.11,9.76,11.42,10.2
2025-12-16T05:16:14.638122,Recipe_C,e493d977-1289-4420-b102-87061598c92c,8,5.0,,,,12.58,7.65,8.32,7.71,10.79,9.55
2025-12-16T05:16:15.638122,Recipe_C,e493d977-1289-4420-b102-87061598c92c,8,5.0,,,,12.66,7.28,8.12,10.03,11.56,11.48
2025-12-16T05:16:16.638122,Recipe_C,e493d977-1289-4420-b102-87061598c92c,8,5.0,,,,6.62,6.43,10.41,8.84,10.07,6.2
2025-12-16T05:16:17.638122,Recipe_C,e493d977-1289-4420-b102-87061598c92c,8,5.0,,,,13.18,9.71,7.63,12.49,8.7,7.53
2025-12-16T05:16:18.638122,Recipe_C,e493d977-1289-4420-b102-87061598c92c,8,5.0,,,,8.07,9.38,8.71,10.16,11.31,8.1
2025-12-16T05:16:19.638122,Recipe_C,e493d977-1289-4420-b102-87061598c92c,8,5.0,,,,8.65,11.24,11.54,7.41,10.71,12.03
2025-12-16T05:16:20.638122,Recipe_C,e493d977-1289-4420-b102-87061598c92c,8,5.0,,,,8.5,10.97,8.49,11.36,7.05,11.34
2025-12-16T05:16:21.638122,Recipe_C,e493d977-1289-4420-b102-87061598c92c,8,5.0,,,,8.11,8.31,7.56,16.26,8.85,9.58
2025-12-16T05:16:22.638122,Recipe_C,e493d977-1289-4420-b102-87061598c92c,8,5.0,,,,9.75,13.18,8.78,9.21,11.48,7.84
2025-12-16T05:16:23.638122,Recipe_C,e493d977-1289-4420-b102-87061598c92c,8,5.0,,,,13.36,8.45,7.91,8.5,9.57,6.1
2025-12-16T05:16:24.638122,Recipe_C,e493d977-1289-4420-b102-87061598c92c,8,5.0,,,,14.32,8.89,7.31,12.39,11.4,9.55
2025-12-16T05:16:25.638122,Recipe_C,e493d977-1289-4420-b102-87061598c92c,8,5.0,,,,7.63,9.24,11.63,10.65,12.27,9.71
2025-12-16T05:16:26.638122,Recipe_C,e493d977-1289-4420-b102-87061598c92c,8,5.0,,,,9.36,13.68,9.57,10.38,9.82,12.78
2025-12-16T05:16:27.638122,Recipe_C,e493d977-1289-4420-b102-87061598c92c,8,5.0,,,,9.21,6.84,6.67,11.5,9.61,9.64
2025-12-16T05:16:28.638122,Recipe_C,e493d977-1289-4420-b102-87061598c92c,8,5.0,,,,10.62,11.87,6.99,8.15,9.98,8.36
2025-12-16T05:16:29.638122,Recipe_C,e493d977-1289-4420-b102-87061598c92c,8,5.0,,,,8.41,9.9,9.38,7.17,9.11,8.55
2025-12-16T05:16:30.638122,Recipe_C,e493d977-1289-4420-b102-87061598c92c,8,5.0,,,,9.35,10.35,12.89,14.47,11.52,11.32
2025-12-16T05:16:31.638122,Recipe_C,e493d977-1289-4420-b102-87061598c92c,8,5.0,,,,7.34,13.42,11.89,8.88,11.03,10.97
2025-12-16T05:16:32.638122,Recipe_C,e493d977-1289-4420-b102-87061598c92c,8,5.0,,,,6.86,12.23,7.96,10.2,7.1,8.39
2025-12-16T05:16:33.638122,Recipe_C,e493d977-1289-4420-b102-87061598c92c,8,5.0,,,,9.42,9.19,8.84,9.42,8.36,9.95
2025-12-16T05:16:34.638122,Recipe_C,e493d977-1289-4420-b102-87061598c92c,8,4.0,,,,96.57,55.14,60.72,51.58,59.52,56.15
2025-12-16T05:16:35.638122,Recipe_C,e493d977-1289-4420-b102-87061598c92c,8,4.0,,,,99.98,49.9,55.38,49.76,49.54,56.76
2025-12-16T05:16:36.638122,Recipe_C,e493d977-1289-4420-b102-87061598c92c,8,4.0,,,,90.82,49.37,46.9,48.93,53.71,55.08
2025-12-16T05:16:37.638122,Recipe_C,e493d977-1289-4420-b102-87061598c92c,8,4.0,,,,117.61,45.79,56.61,58.53,52.08,46.16
2025-12-16T05:16:38.638122,Recipe_C,e493d977-1289-4420-b102-87061598c92c,8,4.0,,,,97.47,44.19,44.01,45.37,55.0,63.16
2025-12-16T05:16:39.638122,Recipe_C,e493d977-1289-4420-b102-87061598c92c,8,4.0,,,,100.7,51.48,41.19,48.7,52.11,40.12
2025-12-16T05:16:40.638122,Recipe_C,e493d977-1289-4420-b102-87061598c92c,8,4.0,,,,99.41,50.33,43.0,54.09,43.65,51.7
2025-12-16T05:16:41.638122,Recipe_C,e493d977-1289-4420-b102-87061598c92c,8,4.0,,,,96.41,43.51,53.54,51.52,59.37,41.73
2025-12-16T05:16:42.638122,Recipe_C,e493d977-1289-4420-b102-87061598c92c,8,4.0,,,,101.84,51.58,44.13,57.54,42.93,49.57
2025-12-16T05:16:43.638122,Recipe_C,e493d977-1289-4420-b102-87061598c92c,8,4.0,,,,93.4,48.83,46.7,51.26,55.06,47.38
2025-12-16T05:16:44.638122,Recipe_C,e493d977-1289-4420-b102-87061598c92c,8,4.0,,,,107.16,47.26,49.89,36.45,54.84,38.12
2025-12-16T05:16:45.638122,Recipe_C,e493d977-1289-4420-b102-87061598c92c,8,4.0,,,,99.15,48.85,48.24,53.69,51.99,50.97
2025-12-16T05:16:46.638122,Recipe_C,e493d977-1289-4420-b102-87061598c92c,8,4.0,,,,101.26,50.73,46.35,53.31,59.94,51.68
2025-12-16T05:16:47.638122,Recipe_C,e493d977-1289-4420-b102-87061598c92c,8,4.0,,,,107.72,47.57,47.56,56.49,57.99,49.38
2025-12-16T05:16:48.638122,Recipe_C,e493d977-1289-4420-b102-87061598c92c,8,4.0,,,,98.54,56.73,47.67,49.57,56.42,49.96
2025-12-16T05:16:49.638122,Recipe_C,e493d977-1289-4420-b102-87061598c92c,8,4.0,,,,99.6,48.66,45.8,44.81,51.78,47.31
2025-12-16T05:16:50.638122,Recipe_C,e493d977-1289-4420-b102-87061598c92c,8,4.0,,,,99.57,46.97,46.21,46.43,39.52,47.08
2025-12-16T05:16:51.638122,Recipe_C,e493d977-1289-4420-b102-87061598c92c,8,4.0,,,,99.89,40.83,51.85,50.67,50.74,56.04
2025-12-16T05:16:52.638122,Recipe_C,e493d977-1289-4420-b102-87061598c92c,8,4.0,,,,103.81,45.95,54.98,44.65,46.21,46.42
2025-12-16T05:16:53.638122,Recipe_C,e493d977-1289-4420-b102-87061598c92c,8,4.0,,,,101.7,55.82,47.57,55.2,40.38,56.21
2025-12-16T05:16:54.638122,Recipe_C,e493d977-1289-4420-b102-87061598c92c,8,4.0,,,,104.94,44.97,49.57,57.05,49.48,51.46
2025-12-16T05:16:55.638122,Recipe_C,e493d977-1289-4420-b102-87061598c92c,8,4.0,,,,99.17,50.68,44.58,44.99,61.78,49.95
2025-12-16T05:16:56.638122,Recipe_C,e493d977-1289-4420-b102-87061598c92c,8,4.0,,,,90.4,43.75,50.18,54.51,51.02,46.52
2025-12-16T05:16:57.638122,Recipe_C,e493d977-1289-4420-b102-87061598c92c,8,4.0,,,,90.88,57.4,46.53,54.47,45.62,61.94
2025-12-16T05:16:58.638122,Recipe_C,e493d977-1289-4420-b102-87061598c92c,8,4.0,,,,95.77,44.19,60.22,44.05,54.09,52.01
2025-12-16T05:16:59.638122,Recipe_C,e493d977-1289-4420-b102-87061598c92c,8,4.0,,,,99.46,49.68,47.13,51.94,44.94,46.73
2025-12-16T05:17:00.638122,Recipe_C,e493d977-1289-4420-b102-87061598c92c,8,4.0,,,,98.03,56.9,49.52,59.01,46.52,58.72
2025-12-16T05:17:01.638122,Recipe_C,e493d977-1289-4420-b102-87061598c92c,8,4.0,,,,100.37,48.54,51.39,49.78,39.89,44.99
2025-12-16T05:17:02.638122,Recipe_C,e493d977-1289-4420-b102-87061598c92c,8,4.0,,,,95.49,39.93,52.47,43.58,48.82,63.07
2025-12-16T05:17:03.638122,Recipe_C,e493d977-1289-4420-b102-87061598c92c,8,4.0,,,,95.1,54.35,58.88,51.54,43.27,54.44
2025-12-16T05:17:04.638122,Recipe_C,e493d977-1289-4420-b102-87061598c92c,8,4.0,,,,105.69,56.92,43.54,50.83,53.06,48.26
2025-12-16T05:17:05.638122,Recipe_C,e493d977-1289-4420-b102-87061598c92c,8,4.0,,,,105.48,56.79,50.84,46.73,55.15,49.97
2025-12-16T05:17:06.638122,Recipe_C,e493d977-1289-4420-b102-87061598c92c,8,4.0,,,,91.84,56.21,47.81,48.34,47.07,56.38
2025-12-16T05:17:07.638122,Recipe_C,e493d977-1289-4420-b102-87061598c92c,8,4.0,,,,102.53,47.5,52.31,46.32,43.35,44.67
2025-12-16T05:17:08.638122,Recipe_C,e493d977-1289-4420-b102-87061598c92c,8,4.0,,,,92.28,45.98,46.25,49.74,42.47,50.77
2025-12-16T05:17:09.638122,Recipe_C,e493d977-1289-4420-b102-87061598c92c,8,4.0,,,,108.76,49.91,52.39,55.98,45.36,49.45
2025-12-16T05:17:10.638122,Recipe_C,e493d977-1289-4420-b102-87061598c92c,8,4.0,,,,101.89,57.51,46.79,46.87,47.01,48.84
2025-12-16T05:17:11.638122,Recipe_C,e493d977-1289-4420-b102-87061598c92c,8,4.0,,,,101.24,45.36,51.15,56.47,49.87,46.01
2025-12-16T05:17:12.638122,Recipe_C,e493d977-1289-4420-b102-87061598c92c,8,4.0,,,,88.62,49.62,46.4,54.12,43.29,45.86
2025-12-16T05:17:13.638122,Recipe_C,e493d977-1289-4420-b102-87061598c92c,8,4.0,,,,100.68,50.63,43.99,53.05,59.79,47.96
2025-12-16T05:17:14.638122,Recipe_C,e493d977-1289-4420-b102-87061598c92c,8,4.0,,,,103.95,55.82,51.01,50.93,46.18,48.11
2025-12-16T05:17:15.638122,Recipe_C,e493d977-1289-4420-b102-87061598c92c,8,4.0,,,,95.17,43.99,47.86,49.22,51.3,49.93
2025-12-16T05:17:16.638122,Recipe_C,e493d977-1289-4420-b102-87061598c92c,8,4.0,,,,105.58,48.73,54.01,42.79,52.82,52.71
2025-12-16T05:17:17.638122,Recipe_C,e493d977-1289-4420-b102-87061598c92c,8,4.0,,,,101.9,44.31,46.88,46.51,53.08,54.65
2025-12-16T05:17:18.638122,Recipe_C,e493d977-1289-4420-b102-87061598c92c,8,4.0,,,,101.79,47.76,51.58,43.79,56.79,47.16
2025-12-16T05:17:19.638122,Recipe_C,e493d977-1289-4420-b102-87061598c92c,8,4.0,,,,102.88,46.48,50.87,50.4,41.71,44.17
2025-12-16T05:17:20.638122,Recipe_C,e493d977-1289-4420-b102-87061598c92c,8,4.0,,,,92.9,49.8,52.75,42.83,46.64,50.65
2025-12-16T05:17:21.638122,Recipe_C,e493d977-1289-4420-b102-87061598c92c,8,4.0,,,,94.32,41.37,45.29,51.24,51.48,49.92
2025-12-16T05:17:22.638122,Recipe_C,e493d977-1289-4420-b102-87061598c92c,8,4.0,,,,106.15,44.81,45.57,51.59,55.95,50.54
2025-12-16T05:17:23.638122,Recipe_C,e493d977-1289-4420-b102-87061598c92c,8,4.0,,,,100.47,42.91,51.11,47.66,51.68,54.2
2025-12-16T05:17:24.638122,Recipe_C,e493d977-1289-4420-b102-87061598c92c,8,4.0,,,,98.47,48.17,43.05,60.43,51.38,46.01
2025-12-16T05:17:25.638122,Recipe_C,e493d977-1289-4420-b102-87061598c92c,8,4.0,,,,97.6,53.27,44.91,49.74,48.12,52.47
2025-12-16T05:17:26.638122,Recipe_C,e493d977-1289-4420-b102-87061598c92c,8,4.0,,,,95.81,51.01,45.19,48.79,59.19,48.59
2025-12-16T05:17:27.638122,Recipe_C,e493d977-1289-4420-b102-87061598c92c,8,4.0,,,,96.45,41.91,50.26,42.09,51.9,40.71
2025-12-16T05:17:28.638122,Recipe_C,e493d977-1289-4420-b102-87061598c92c,8,4.0,,,,90.21,38.65,46.35,50.56,40.38,46.69
2025-12-16T05:17:29.638122,Recipe_C,e493d977-1289-4420-b102-87061598c92c,8,4.0,,,,104.88,48.64,45.4,50.34,42.99,50.77
2025-12-16T05:17:30.638122,Recipe_C,e493d977-1289-4420-b102-87061598c92c,8,4.0,,,,108.25,50.77,53.63,44.53,50.56,48.41
2025-12-16T05:17:31.638122,Recipe_C,e493d977-1289-4420-b102-87061598c92c,8,4.0,,,,99.31,39.33,50.26,55.05,46.08,39.66
2025-12-16T05:17:32.638122,Recipe_C,e493d977-1289-4420-b102-87061598c92c,8,4.0,,,,101.4,49.89,56.5,50.72,51.44,49.6
2025-12-16T05:17:33.638122,Recipe_C,e493d977-1289-4420-b102-87061598c92c,8,4.0,,,,101.84,50.62,63.77,56.18,43.97,49.38
2025-12-16T05:17:34.638122,Recipe_C,e493d977-1289-4420-b102-87061598c92c,8,4.0,,,,98.34,50.03,47.41,46.88,55.18,53.35
2025-12-16T05:17:35.638122,Recipe_C,e493d977-1289-4420-b102-87061598c92c,8,3.0,,,,9.42,9.63,10.55,10.32,9.54,10.15
2025-12-16T05:17:36.638122,Recipe_C,e493d977-1289-4420-b102-87061598c92c,8,3.0,,,,8.29,13.24,9.68,12.59,9.06,8.87
2025-12-16T05:17:37.638122,Recipe_C,e493d977-1289-4420-b102-87061598c92c,8,3.0,,,,12.75,10.49,14.38,11.3,9.06,9.86
2025-12-16T05:17:38.638122,Recipe_C,e493d977-1289-4420-b102-87061598c92c,8,3.0,,,,10.21,10.87,7.08,9.54,9.61,8.39
2025-12-16T05:17:39.638122,Recipe_C,e493d977-1289-4420-b102-87061598c92c,8,3.0,,,,10.98,10.17,10.79,11.37,9.2,15.24
2025-12-16T05:17:40.638122,Recipe_C,e493d977-1289-4420-b102-87061598c92c,8,3.0,,,,10.53,11.91,8.4,7.06,10.12,10.84
2025-12-16T05:17:41.638122,Recipe_C,e493d977-1289-4420-b102-87061598c92c,8,3.0,,,,8.45,8.54,8.99,8.24,7.98,9.27
2025-12-16T05:17:42.638122,Recipe_C,e493d977-1289-4420-b102-87061598c92c,8,3.0,,,,9.02,11.68,9.63,9.66,9.85,8.9
2025-12-16T05:17:43.638122,Recipe_C,e493d977-1289-4420-b102-87061598c92c,8,3.0,,,,11.22,8.79,10.15,9.04,8.7,11.45
2025-12-16T05:17:44.638122,Recipe_C,e493d977-1289-4420-b102-87061598c92c,8,3.0,,,,13.19,11.48,5.76,8.45,4.19,8.9
2025-12-16T05:17:45.638122,Recipe_C,e493d977-1289-4420-b102-87061598c92c,8,3.0,,,,12.16,9.18,9.12,8.03,11.17,12.08
2025-12-16T05:17:46.638122,Recipe_C,e493d977-1289-4420-b102-87061598c92c,8,3.0,,,,10.39,10.15,10.05,11.47,7.93,9.81
2025-12-16T05:17:47.638122,Recipe_C,e493d977-1289-4420-b102-87061598c92c,8,3.0,,,,7.71,6.85,10.1,12.16,8.64,8.46
2025-12-16T05:17:48.638122,Recipe_C,e493d977-1289-4420-b102-87061598c92c,8,3.0,,,,8.4,9.64,11.18,9.78,8.49,9.98
2025-12-16T05:17:49.638122,Recipe_C,e493d977-1289-4420-b102-87061598c92c,8,3.0,,,,10.89,12.31,11.08,9.88,9.38,10.89
2025-12-16T05:17:50.638122,Recipe_C,e493d977-1289-4420-b102-87061598c92c,8,3.0,,,,12.87,12.4,14.1,9.59,8.33,8.18
2025-12-16T05:17:51.638122,Recipe_C,e493d977-1289-4420-b102-87061598c92c,8,3.0,,,,11.44,11.22,11.31,13.89,9.18,6.25
2025-12-16T05:17:52.638122,Recipe_C,e493d977-1289-4420-b102-87061598c92c,8,5.0,,,,7.38,10.55,6.48,12.62,6.83,9.12
2025-12-16T05:17:53.638122,Recipe_C,e493d977-1289-4420-b102-87061598c92c,8,5.0,,,,9.31,10.34,8.53,14.55,9.36,11.3
2025-12-16T05:17:54.638122,Recipe_C,e493d977-1289-4420-b102-87061598c92c,8,5.0,,,,12.35,9.0,9.62,9.33,5.7,10.87
2025-12-16T05:17:55.638122,Recipe_C,e493d977-1289-4420-b102-87061598c92c,8,5.0,,,,7.15,8.17,10.63,8.61,13.28,8.78
2025-12-16T05:17:56.638122,Recipe_C,e493d977-1289-4420-b102-87061598c92c,8,5.0,,,,11.63,11.58,12.15,10.39,10.96,13.25
2025-12-16T05:17:57.638122,Recipe_C,e493d977-1289-4420-b102-87061598c92c,8,5.0,,,,10.04,9.76,10.04,10.47,13.12,6.48
2025-12-16T05:17:58.638122,Recipe_C,e493d977-1289-4420-b102-87061598c92c,8,5.0,,,,11.99,12.05,9.8,8.88,9.64,8.82
2025-12-16T05:17:59.638122,Recipe_C,e493d977-1289-4420-b102-87061598c92c,8,5.0,,,,12.32,7.48,10.83,10.4,11.23,9.33
2025-12-16T05:18:00.638122,Recipe_C,e493d977-1289-4420-b102-87061598c92c,8,5.0,,,,12.34,10.15,12.76,11.21,11.4,7.29
2025-12-16T05:18:01.638122,Recipe_C,e493d977-1289-4420-b102-87061598c92c,8,5.0,,,,7.93,11.65,9.61,12.74,6.12,9.94
2025-12-16T05:18:02.638122,Recipe_C,e493d977-1289-4420-b102-87061598c92c,8,5.0,,,,7.86,8.91,5.72,8.76,10.74,11.73
2025-12-16T05:18:03.638122,Recipe_C,e493d977-1289-4420-b102-87061598c92c,8,5.0,,,,7.34,9.28,13.73,11.26,7.97,9.51
2025-12-16T05:18:04.638122,Recipe_C,e493d977-1289-4420-b102-87061598c92c,8,5.0,,,,10.93,9.5,9.8,11.47,12.16,9.52
2025-12-16T05:18:05.638122,Recipe_C,e493d977-1289-4420-b102-87061598c92c,8,5.0,,,,9.84,10.3,9.77,10.09,9.11,8.33
2025-12-16T05:18:06.638122,Recipe_C,e493d977-1289-4420-b102-87061598c92c,8,5.0,,,,10.95,11.18,10.06,6.55,13.12,11.08
2025-12-16T05:18:07.638122,Recipe_C,e493d977-1289-4420-b102-87061598c92c,8,5.0,,,,9.74,10.03,13.13,10.06,7.04,9.32
2025-12-16T05:18:08.638122,Recipe_C,e493d977-1289-4420-b102-87061598c92c,8,5.0,,,,8.4,9.88,6.71,10.53,8.38,11.38
2025-12-16T05:18:09.638122,Recipe_C,e493d977-1289-4420-b102-87061598c92c,8,5.0,,,,9.88,8.21,14.43,9.29,9.23,10.76
2025-12-16T05:18:10.638122,Recipe_C,e493d977-1289-4420-b102-87061598c92c,8,5.0,,,,10.74,10.9,12.04,9.24,7.21,11.18
2025-12-16T05:18:11.638122,Recipe_C,e493d977-1289-4420-b102-87061598c92c,8,5.0,,,,7.1,7.15,8.95,9.76,8.41,11.51
2025-12-16T05:18:12.638122,Recipe_C,e493d977-1289-4420-b102-87061598c92c,8,5.0,,,,9.3,6.17,10.56,11.36,9.31,11.52
2025-12-16T05:18:13.638122,Recipe_C,e493d977-1289-4420-b102-87061598c92c,8,5.0,,,,9.1,11.72,8.29,8.85,8.78,8.61
2025-12-16T05:18:14.638122,Recipe_C,e493d977-1289-4420-b102-87061598c92c,8,5.0,,,,9.9,8.79,10.23,11.11,9.97,8.54
2025-12-16T05:18:15.638122,Recipe_C,e493d977-1289-4420-b102-87061598c92c,8,5.0,,,,9.9,11.11,7.03,8.76,6.07,12.22
2025-12-16T05:18:16.638122,Recipe_C,e493d977-1289-4420-b102-87061598c92c,8,5.0,,,,10.18,11.25,8.26,12.91,9.81,11.51
2025-12-16T05:18:17.638122,Recipe_C,e493d977-1289-4420-b102-87061598c92c,8,5.0,,,,8.5,10.54,7.81,7.35,7.58,14.45
2025-12-16T05:18:18.638122,Recipe_C,e493d977-1289-4420-b102-87061598c92c,8,5.0,,,,8.76,9.99,8.81,9.01,11.62,10.41
2025-12-16T05:18:19.638122,Recipe_C,e493d977-1289-4420-b102-87061598c92c,8,5.0,,,,12.57,11.16,10.27,10.94,10.21,5.39
2025-12-16T05:18:20.638122,Recipe_C,e493d977-1289-4420-b102-87061598c92c,8,5.0,,,,9.37,9.42,12.71,11.93,7.6,11.01
2025-12-16T05:18:21.638122,Recipe_C,e493d977-1289-4420-b102-87061598c92c,8,5.0,,,,6.24,12.53,10.98,7.16,9.6,10.72
2025-12-16T05:18:22.638122,Recipe_C,e493d977-1289-4420-b102-87061598c92c,8,5.0,,,,10.38,11.26,9.6,6.9,8.17,13.77
2025-12-16T05:18:23.638122,Recipe_C,e493d977-1289-4420-b102-87061598c92c,8,5.0,,,,10.74,9.52,5.01,10.41,13.18,9.93
2025-12-16T05:18:24.638122,Recipe_C,e493d977-1289-4420-b102-87061598c92c,8,5.0,,,,10.66,8.68,10.45,14.22,11.23,8.42
2025-12-16T05:18:25.638122,Recipe_C,e493d977-1289-4420-b102-87061598c92c,8,5.0,,,,8.63,10.52,11.82,9.01,12.47,11.78
2025-12-16T05:18:26.638122,Recipe_C,e493d977-1289-4420-b102-87061598c92c,8,5.0,,,,9.73,6.54,11.65,12.46,11.67,6.63
2025-12-16T05:18:27.638122,Recipe_C,e493d977-1289-4420-b102-87061598c92c,8,5.0,,,,11.88,10.44,9.14,9.26,9.88,11.12
2025-12-16T05:18:28.638122,Recipe_C,e493d977-1289-4420-b102-87061598c92c,8,5.0,,,,8.35,11.64,9.62,11.59,7.25,12.19
2025-12-16T05:18:29.638122,Recipe_C,e493d977-1289-4420-b102-87061598c92c,8,5.0,,,,8.94,9.55,10.02,11.74,12.69,9.04
2025-12-16T05:18:30.638122,Recipe_C,e493d977-1289-4420-b102-87061598c92c,8,5.0,,,,11.43,12.25,8.83,8.59,10.76,12.93
2025-12-16T05:18:31.638122,Recipe_C,e493d977-1289-4420-b102-87061598c92c,8,5.0,,,,7.26,9.97,6.0,11.35,10.94,6.12
2025-12-16T05:18:32.638122,Recipe_C,e493d977-1289-4420-b102-87061598c92c,8,5.0,,,,8.9,7.84,7.34,7.31,9.26,10.25
2025-12-16T05:18:33.638122,Recipe_C,e493d977-1289-4420-b102-87061598c92c,8,5.0,,,,7.57,7.66,13.19,10.5,12.23,12.53
2025-12-16T05:18:34.638122,Recipe_C,e493d977-1289-4420-b102-87061598c92c,8,5.0,,,,9.21,8.94,8.71,10.19,11.31,9.64
2025-12-16T05:18:35.638122,Recipe_C,e493d977-1289-4420-b102-87061598c92c,8,5.0,,,,9.87,13.44,9.94,11.42,10.1,9.78
2025-12-16T05:18:36.638122,Recipe_C,e493d977-1289-4420-b102-87061598c92c,8,5.0,,,,8.07,7.28,11.9,8.99,8.88,15.11
2025-12-16T05:18:37.638122,Recipe_C,e493d977-1289-4420-b102-87061598c92c,8,5.0,,,,11.28,9.14,9.18,13.52,8.21,9.75
2025-12-16T05:18:38.638122,Recipe_C,e493d977-1289-4420-b102-87061598c92c,8,5.0,,,,15.47,10.16,10.75,5.4,11.44,8.7
2025-12-16T05:18:39.638122,Recipe_C,e493d977-1289-4420-b102-87061598c92c,8,5.0,,,,14.83,7.65,8.74,8.72,14.2,12.76
2025-12-16T05:18:40.638122,Recipe_C,e493d977-1289-4420-b102-87061598c92c,8,5.0,,,,11.03,7.15,11.92,12.38,10.42,11.51
2025-12-16T05:18:40.638122,Recipe_C,e493d977-1289-4420-b102-87061598c92c,8,5.0,Warning_3,Simulated Warning occurred,Warning,,,,,,
2025-12-16T05:18:41.638122,Recipe_C,e493d977-1289-4420-b102-87061598c92c,8,5.0,,,,11.53,9.84,10.12,2.1,9.44,9.52
2025-12-16T05:18:42.638122,Recipe_C,e493d977-1289-4420-b102-87061598c92c,8,5.0,,,,11.57,11.15,9.45,9.54,12.02,6.54
2025-12-16T05:18:43.638122,Recipe_C,e493d977-1289-4420-b102-87061598c92c,8,5.0,,,,10.16,8.63,11.95,9.74,11.56,12.26
2025-12-16T05:18:44.638122,Recipe_C,e493d977-1289-4420-b102-87061598c92c,8,5.0,,,,9.75,12.77,6.79,7.34,10.14,7.51
2025-12-16T05:18:45.638122,Recipe_C,e493d977-1289-4420-b102-87061598c92c,8,5.0,,,,7.39,11.03,6.95,9.76,12.12,9.89
2025-12-16T05:18:46.638122,Recipe_C,e493d977-1289-4420-b102-87061598c92c,8,5.0,,,,9.97,11.58,12.27,7.7,11.82,11.28
2025-12-16T05:18:47.638122,Recipe_C,e493d977-1289-4420-b102-87061598c92c,8,2.0,,,,13.56,9.45,11.29,9.84,10.9,10.1
2025-12-16T05:18:48.638122,Recipe_C,e493d977-1289-4420-b102-87061598c92c,8,2.0,,,,8.25,11.5,8.56,10.89,8.88,12.59
2025-12-16T05:18:49.638122,Recipe_C,e493d977-1289-4420-b102-87061598c92c,8,2.0,,,,7.19,8.41,11.19,6.39,8.96,11.02
2025-12-16T05:18:50.638122,Recipe_C,e493d977-1289-4420-b102-87061598c92c,8,2.0,,,,10.07,12.22,12.26,10.87,10.07,9.31
2025-12-16T05:18:51.638122,Recipe_C,e493d977-1289-4420-b102-87061598c92c,8,2.0,,,,10.23,9.66,7.5,11.43,8.13,9.32
2025-12-16T05:18:52.638122,Recipe_C,e493d977-1289-4420-b102-87061598c92c,8,5.0,,,,11.84,10.26,11.7,10.58,9.58,10.81
2025-12-16T05:18:53.638122,Recipe_C,e493d977-1289-4420-b102-87061598c92c,8,5.0,,,,10.95,6.16,6.31,10.38,13.37,10.78
2025-12-16T05:18:54.638122,Recipe_C,e493d977-1289-4420-b102-87061598c92c,8,5.0,,,,6.12,10.66,9.81,8.29,11.32,12.05
2025-12-16T05:18:55.638122,Recipe_C,e493d977-1289-4420-b102-87061598c92c,8,5.0,,,,5.67,9.45,11.54,10.42,10.21,11.25
2025-12-16T05:18:56.638122,Recipe_C,e493d977-1289-4420-b102-87061598c92c,8,5.0,,,,13.51,11.23,9.16,9.73,8.22,10.81
2025-12-16T05:18:57.638122,Recipe_C,e493d977-1289-4420-b102-87061598c92c,8,5.0,,,,9.08,10.03,11.31,9.24,6.21,9.35
2025-12-16T05:18:58.638122,Recipe_C,e493d977-1289-4420-b102-87061598c92c,8,5.0,,,,8.57,6.85,5.53,8.81,10.07,9.04
2025-12-16T05:18:59.638122,Recipe_C,e493d977-1289-4420-b102-87061598c92c,8,5.0,,,,10.8,10.37,10.4,8.32,12.56,12.8
2025-12-16T05:19:00.638122,Recipe_C,e493d977-1289-4420-b102-87061598c92c,8,5.0,,,,12.05,12.53,8.69,9.57,9.91,10.16
2025-12-16T05:19:01.638122,Recipe_C,e493d977-1289-4420-b102-87061598c92c,8,5.0,,,,9.86,9.04,7.8,11.33,12.48,10.14
2025-12-16T05:19:02.638122,Recipe_C,e493d977-1289-4420-b102-87061598c92c,8,5.0,,,,11.55,11.46,8.75,10.12,5.84,6.39
2025-12-16T05:19:03.638122,Recipe_C,e493d977-1289-4420-b102-87061598c92c,8,5.0,,,,9.69,10.76,9.48,10.33,4.77,9.62
2025-12-16T05:19:04.638122,Recipe_C,e493d977-1289-4420-b102-87061598c92c,8,5.0,,,,10.82,8.75,8.63,12.25,10.36,12.01
2025-12-16T05:19:05.638122,Recipe_C,e493d977-1289-4420-b102-87061598c92c,8,5.0,,,,10.41,10.1,10.31,12.15,11.8,13.49
2025-12-16T05:19:06.638122,Recipe_C,e493d977-1289-4420-b102-87061598c92c,8,0.0,,,,0.0,0.0,0.0,0.0,0.0,0.0
2025-12-16T05:19:07.638122,Recipe_C,e493d977-1289-4420-b102-87061598c92c,8,0.0,,,,0.0,0.0,0.0,0.0,0.0,0.0
2025-12-16T05:19:08.638122,Recipe_C,e493d977-1289-4420-b102-87061598c92c,8,0.0,,,,0.0,0.0,0.0,0.0,0.0,0.0
2025-12-16T05:19:09.638122,Recipe_C,e493d977-1289-4420-b102-87061598c92c,8,0.0,,,,0.0,0.0,0.0,0.0,0.0,0.0
2025-12-16T05:19:10.638122,Recipe_C,e493d977-1289-4420-b102-87061598c92c,8,0.0,,,,0.0,0.0,0.0,0.0,0.0,0.0
2025-12-16T05:19:11.638122,Recipe_C,e493d977-1289-4420-b102-87061598c92c,8,0.0,,,,0.0,0.0,0.0,0.0,0.0,0.0
2025-12-16T05:19:12.638122,Recipe_C,e493d977-1289-4420-b102-87061598c92c,8,0.0,,,,0.0,0.0,0.0,0.0,0.0,0.0
2025-12-16T05:19:13.638122,Recipe_C,e493d977-1289-4420-b102-87061598c92c,8,0.0,,,,0.0,0.0,0.0,0.0,0.0,0.0
2025-12-16T05:19:14.638122,Recipe_C,e493d977-1289-4420-b102-87061598c92c,8,0.0,,,,0.0,0.0,0.0,0.0,0.0,0.0
2025-12-16T05:19:15.638122,Recipe_C,e493d977-1289-4420-b102-87061598c92c,8,4.0,,,,94.29,47.46,50.77,53.67,53.47,47.01
2025-12-16T05:19:16.638122,Recipe_C,e493d977-1289-4420-b102-87061598c92c,8,4.0,,,,109.34,52.48,53.95,48.43,41.76,43.84
2025-12-16T05:19:17.638122,Recipe_C,e493d977-1289-4420-b102-87061598c92c,8,4.0,,,,95.21,43.73,56.83,48.88,41.74,51.52
2025-12-16T05:19:18.638122,Recipe_C,e493d977-1289-4420-b102-87061598c92c,8,4.0,,,,103.17,45.81,45.88,49.15,44.21,48.69
2025-12-16T05:19:19.638122,Recipe_C,e493d977-1289-4420-b102-87061598c92c,8,0.0,,,,0.0,0.0,0.0,0.0,0.0,0.0
2025-12-16T05:19:20.638122,Recipe_C,e493d977-1289-4420-b102-87061598c92c,8,0.0,,,,0.0,0.0,0.0,0.0,0.0,0.0
2025-12-16T05:19:21.638122,Recipe_C,e493d977-1289-4420-b102-87061598c92c,8,0.0,,,,0.0,0.0,0.0,0.0,0.0,0.0
2025-12-16T05:19:22.638122,Recipe_C,e493d977-1289-4420-b102-87061598c92c,8,0.0,,,,0.0,0.0,0.0,0.0,0.0,0.0
2025-12-16T05:19:23.638122,Recipe_C,e493d977-1289-4420-b102-87061598c92c,8,0.0,,,,0.0,0.0,0.0,0.0,0.0,0.0
2025-12-16T05:19:24.638122,Recipe_C,e493d977-1289-4420-b102-87061598c92c,8,0.0,,,,0.0,0.0,0.0,0.0,0.0,0.0
2025-12-16T05:19:25.638122,Recipe_C,e493d977-1289-4420-b102-87061598c92c,8,0.0,,,,0.0,0.0,0.0,0.0,0.0,0.0
2025-12-16T05:19:26.638122,Recipe_C,e493d977-1289-4420-b102-87061598c92c,8,0.0,,,,0.0,0.0,0.0,0.0,0.0,0.0
2025-12-16T05:19:27.638122,Recipe_C,e493d977-1289-4420-b102-87061598c92c,8,0.0,,,,0.0,0.0,0.0,0.0,0.0,0.0
2025-12-16T05:19:28.638122,Recipe_C,e493d977-1289-4420-b102-87061598c92c,8,0.0,,,,0.0,0.0,0.0,0.0,0.0,0.0
2025-12-16T05:19:29.638122,Recipe_C,e493d977-1289-4420-b102-87061598c92c,8,0.0,,,,0.0,0.0,0.0,0.0,0.0,0.0
2025-12-16T05:19:30.638122,Recipe_C,e493d977-1289-4420-b102-87061598c92c,8,0.0,,,,0.0,0.0,0.0,0.0,0.0,0.0
2025-12-16T05:19:31.638122,Recipe_C,e493d977-1289-4420-b102-87061598c92c,8,0.0,,,,0.0,0.0,0.0,0.0,0.0,0.0
2025-12-16T05:19:32.638122,Recipe_C,e493d977-1289-4420-b102-87061598c92c,8,0.0,,,,0.0,0.0,0.0,0.0,0.0,0.0
2025-12-16T05:19:33.638122,Recipe_C,e493d977-1289-4420-b102-87061598c92c,8,0.0,,,,0.0,0.0,0.0,0.0,0.0,0.0
2025-12-16T05:19:34.638122,Recipe_C,e493d977-1289-4420-b102-87061598c92c,8,0.0,,,,0.0,0.0,0.0,0.0,0.0,0.0
2025-12-16T05:19:35.638122,Recipe_C,e493d977-1289-4420-b102-87061598c92c,8,3.0,,,,9.38,6.86,12.44,7.54,12.43,10.02
2025-12-16T05:19:36.638122,Recipe_C,e493d977-1289-4420-b102-87061598c92c,8,3.0,,,,12.96,12.04,8.73,9.16,9.55,7.72
2025-12-16T05:19:37.638122,Recipe_C,e493d977-1289-4420-b102-87061598c92c,8,3.0,,,,11.46,9.84,10.59,8.75,9.97,12.51
2025-12-16T05:19:38.638122,Recipe_C,e493d977-1289-4420-b102-87061598c92c,8,3.0,,,,11.93,10.5,10.63,12.79,9.73,9.03
2025-12-16T05:19:39.638122,Recipe_C,e493d977-1289-4420-b102-87061598c92c,8,3.0,,,,12.18,7.34,11.63,11.35,9.16,10.25
2025-12-16T05:19:40.638122,Recipe_C,e493d977-1289-4420-b102-87061598c92c,8,3.0,,,,12.85,10.73,11.77,8.13,7.9,11.03
2025-12-16T05:19:41.638122,Recipe_C,e493d977-1289-4420-b102-87061598c92c,8,3.0,,,,8.95,10.12,8.69,10.82,12.39,14.46
2025-12-16T05:19:42.638122,Recipe_C,e493d977-1289-4420-b102-87061598c92c,8,3.0,,,,8.3,9.17,10.26,8.56,8.48,6.6
2025-12-16T05:19:43.638122,Recipe_C,e493d977-1289-4420-b102-87061598c92c,8,3.0,,,,11.28,7.71,11.46,10.1,9.79,9.77
2025-12-16T05:19:44.638122,Recipe_C,e493d977-1289-4420-b102-87061598c92c,8,3.0,,,,11.6,11.27,14.14,12.11,9.55,10.35
2025-12-16T05:19:45.638122,Recipe_C,e493d977-1289-4420-b102-87061598c92c,8,3.0,,,,7.62,12.88,10.61,9.47,11.47,11.15
2025-12-16T05:19:46.638122,Recipe_C,e493d977-1289-4420-b102-87061598c92c,8,3.0,,,,10.4,10.16,5.05,8.11,9.24,9.91
2025-12-16T05:19:47.638122,Recipe_C,e493d977-1289-4420-b102-87061598c92c,8,3.0,,,,6.34,12.97,11.97,8.42,10.35,9.01
2025-12-16T05:19:48.638122,Recipe_C,e493d977-1289-4420-b102-87061598c92c,8,3.0,,,,7.41,9.89,10.91,12.57,11.42,10.35
2025-12-16T05:19:49.638122,Recipe_C,e493d977-1289-4420-b102-87061598c92c,8,3.0,,,,12.9,10.62,11.63,8.78,10.58,8.98
2025-12-16T05:19:50.638122,Recipe_C,e493d977-1289-4420-b102-87061598c92c,8,3.0,,,,10.0,8.83,10.29,11.08,8.38,7.15
2025-12-16T05:19:51.638122,Recipe_C,e493d977-1289-4420-b102-87061598c92c,8,3.0,,,,11.62,11.9,10.84,11.8,13.14,7.22
2025-12-16T05:19:52.638122,Recipe_C,e493d977-1289-4420-b102-87061598c92c,8,3.0,,,,9.36,8.26,10.6,11.79,5.57,7.86
2025-12-16T05:19:53.638122,Recipe_C,e493d977-1289-4420-b102-87061598c92c,8,3.0,,,,9.54,13.39,7.74,8.96,12.2,12.24
2025-12-16T05:19:54.638122,Recipe_C,e493d977-1289-4420-b102-87061598c92c,8,3.0,,,,13.16,11.18,9.72,8.98,13.19,9.84
2025-12-16T05:19:55.638122,Recipe_C,e493d977-1289-4420-b102-87061598c92c,8,3.0,,,,12.4,12.96,9.16,12.98,11.83,6.4
2025-12-16T05:19:56.638122,Recipe_C,e493d977-1289-4420-b102-87061598c92c,8,5.0,,,,11.46,10.17,9.85,10.19,6.81,10.12
2025-12-16T05:19:57.638122,Recipe_C,e493d977-1289-4420-b102-87061598c92c,8,5.0,,,,9.0,8.82,12.54,7.04,12.01,9.3
2025-12-16T05:19:58.638122,Recipe_C,e493d977-1289-4420-b102-87061598c92c,8,5.0,,,,12.56,10.38,9.21,6.05,7.34,9.33
2025-12-16T05:19:59.638122,Recipe_C,e493d977-1289-4420-b102-87061598c92c,8,5.0,,,,7.19,15.0,11.88,6.7,9.66,10.43
2025-12-16T05:20:00.638122,Recipe_C,e493d977-1289-4420-b102-87061598c92c,8,5.0,,,,10.99,9.45,8.18,9.52,12.21,8.77
2025-12-16T05:20:01.638122,Recipe_C,e493d977-1289-4420-b102-87061598c92c,8,5.0,,,,10.31,12.36,6.14,10.76,8.06,12.32
2025-12-16T05:20:02.638122,Recipe_C,e493d977-1289-4420-b102-87061598c92c,8,5.0,,,,11.27,11.51,12.41,12.8,8.11,13.04
2025-12-16T05:20:03.638122,Recipe_C,e493d977-1289-4420-b102-87061598c92c,8,5.0,,,,10.78,7.25,7.51,7.36,8.08,7.97
2025-12-16T05:20:04.638122,Recipe_C,e493d977-1289-4420-b102-87061598c92c,8,5.0,,,,10.11,10.6,12.79,8.27,12.16,9.61
2025-12-16T05:20:05.638122,Recipe_C,e493d977-1289-4420-b102-87061598c92c,8,5.0,,,,7.96,9.1,10.54,12.27,9.19,8.07
2025-12-16T05:20:06.638122,Recipe_C,e493d977-1289-4420-b102-87061598c92c,8,2.0,,,,9.69,11.83,7.94,9.96,10.58,8.02
2025-12-16T05:20:07.638122,Recipe_C,e493d977-1289-4420-b102-87061598c92c,8,2.0,,,,10.33,12.65,10.57,7.96,7.99,5.8
2025-12-16T05:20:08.638122,Recipe_C,e493d977-1289-4420-b102-87061598c92c,8,2.0,,,,9.38,9.15,9.55,11.34,9.7,8.53
2025-12-16T05:20:09.638122,Recipe_C,e493d977-1289-4420-b102-87061598c92c,8,2.0,,,,10.89,10.77,13.36,11.86,6.33,10.67
2025-12-16T05:20:10.638122,Recipe_C,e493d977-1289-4420-b102-87061598c92c,8,2.0,,,,10.38,9.27,12.3,14.27,8.46,9.24
2025-12-16T05:20:11.638122,Recipe_C,e493d977-1289-4420-b102-87061598c92c,8,2.0,,,,10.52,9.77,10.52,8.16,11.31,6.14
2025-12-16T05:20:12.638122,Recipe_C,e493d977-1289-4420-b102-87061598c92c,8,2.0,,,,10.18,10.22,12.47,11.22,10.68,6.06
2025-12-16T05:20:13.638122,Recipe_C,e493d977-1289-4420-b102-87061598c92c,8,2.0,,,,8.28,6.96,12.0,6.1,6.27,9.02
2025-12-16T05:20:14.638122,Recipe_C,e493d977-1289-4420-b102-87061598c92c,8,2.0,,,,11.36,8.72,15.04,6.87,6.82,7.19
2025-12-16T05:20:15.638122,Recipe_C,e493d977-1289-4420-b102-87061598c92c,8,2.0,,,,10.76,6.41,9.69,7.79,8.94,16.44
2025-12-16T05:20:16.638122,Recipe_C,e493d977-1289-4420-b102-87061598c92c,8,2.0,,,,8.81,10.43,9.45,11.74,7.65,11.49
2025-12-16T05:20:17.638122,Recipe_C,e493d977-1289-4420-b102-87061598c92c,8,2.0,,,,8.39,11.7,8.93,11.38,12.4,10.47
2025-12-16T05:20:18.638122,Recipe_C,e493d977-1289-4420-b102-87061598c92c,8,2.0,,,,10.35,9.64,8.7,10.35,8.11,10.14
2025-12-16T05:20:19.638122,Recipe_C,e493d977-1289-4420-b102-87061598c92c,8,2.0,,,,12.13,9.93,8.32,8.74,8.44,13.03
2025-12-16T05:20:20.638122,Recipe_C,e493d977-1289-4420-b102-87061598c92c,8,2.0,,,,8.22,10.87,8.85,12.67,10.77,12.41
2025-12-16T05:20:21.638122,Recipe_C,e493d977-1289-4420-b102-87061598c92c,8,2.0,,,,8.23,10.68,12.45,12.57,10.73,13.84
2025-12-16T05:20:22.638122,Recipe_C,e493d977-1289-4420-b102-87061598c92c,8,2.0,,,,9.41,8.2,10.54,9.17,8.04,11.68
2025-12-16T05:20:23.638122,Recipe_C,e493d977-1289-4420-b102-87061598c92c,8,2.0,,,,11.19,10.24,9.65,10.97,10.52,8.26
2025-12-16T05:20:24.638122,Recipe_C,e493d977-1289-4420-b102-87061598c92c,8,2.0,,,,10.23,9.08,6.9,9.74,11.09,12.18
2025-12-16T05:20:25.638122,Recipe_C,e493d977-1289-4420-b102-87061598c92c,8,2.0,,,,12.04,9.09,8.75,9.42,8.15,10.27
2025-12-16T05:20:26.638122,Recipe_C,e493d977-1289-4420-b102-87061598c92c,8,2.0,,,,12.97,9.14,9.08,9.9,12.02,9.44
2025-12-16T05:20:27.638122,Recipe_C,e493d977-1289-4420-b102-87061598c92c,8,2.0,,,,11.94,9.64,9.17,8.85,8.59,11.34
2025-12-16T05:20:28.638122,Recipe_C,e493d977-1289-4420-b102-87061598c92c,8,2.0,,,,11.64,7.95,7.14,8.31,12.89,11.82
2025-12-16T05:20:29.638122,Recipe_C,e493d977-1289-4420-b102-87061598c92c,8,2.0,,,,11.71,11.55,9.92,5.92,7.61,8.36
2025-12-16T05:20:30.638122,Recipe_C,e493d977-1289-4420-b102-87061598c92c,8,2.0,,,,10.81,7.73,6.52,9.24,8.66,10.89
2025-12-16T05:20:31.638122,Recipe_C,e493d977-1289-4420-b102-87061598c92c,8,2.0,,,,9.02,6.71,10.94,10.01,11.08,9.62
2025-12-16T05:20:32.638122,Recipe_C,e493d977-1289-4420-b102-87061598c92c,8,2.0,,,,9.85,11.46,9.79,10.0,8.14,11.81
2025-12-16T05:20:33.638122,Recipe_C,e493d977-1289-4420-b102-87061598c92c,8,2.0,,,,11.6,7.6,11.14,11.85,8.87,14.63
2025-12-16T05:20:34.638122,Recipe_C,e493d977-1289-4420-b102-87061598c92c,8,2.0,,,,12.5,9.57,9.62,11.34,9.05,8.85
2025-12-16T05:20:35.638122,Recipe_C,e493d977-1289-4420-b102-87061598c92c,8,2.0,,,,7.44,8.54,10.09,7.81,10.56,11.5
2025-12-16T05:20:36.638122,Recipe_C,e493d977-1289-4420-b102-87061598c92c,8,2.0,,,,12.8,9.93,9.36,7.28,7.59,14.72
2025-12-16T05:20:37.638122,Recipe_C,e493d977-1289-4420-b102-87061598c92c,8,2.0,,,,10.61,9.32,5.4,8.99,13.7,12.15
2025-12-16T05:20:38.638122,Recipe_C,e493d977-1289-4420-b102-87061598c92c,8,2.0,,,,11.43,8.82,8.99,7.04,11.95,12.39
2025-12-16T05:20:39.638122,Recipe_C,e493d977-1289-4420-b102-87061598c92c,8,2.0,,,,10.06,11.21,10.48,5.14,7.1,9.2
2025-12-16T05:20:40.638122,Recipe_C,e493d977-1289-4420-b102-87061598c92c,8,2.0,,,,10.33,10.81,9.63,9.64,11.78,8.96
2025-12-16T05:20:41.638122,Recipe_C,e493d977-1289-4420-b102-87061598c92c,8,2.0,,,,10.59,10.14,9.12,9.32,8.44,7.63
2025-12-16T05:20:42.638122,Recipe_C,e493d977-1289-4420-b102-87061598c92c,8,2.0,,,,12.01,8.62,10.45,9.34,11.45,6.44
2025-12-16T05:20:43.638122,Recipe_C,e493d977-1289-4420-b102-87061598c92c,8,2.0,,,,11.77,12.71,9.95,12.33,8.43,9.05
2025-12-16T05:20:44.638122,Recipe_C,e493d977-1289-4420-b102-87061598c92c,8,2.0,,,,7.83,10.96,11.32,10.83,8.34,8.02
2025-12-16T05:20:45.638122,Recipe_C,e493d977-1289-4420-b102-87061598c92c,8,2.0,,,,10.96,9.3,14.03,10.33,10.58,8.77
2025-12-16T05:20:46.638122,Recipe_C,e493d977-1289-4420-b102-87061598c92c,8,2.0,,,,7.03,6.6,10.92,6.75,7.01,9.37
2025-12-16T05:20:47.638122,Recipe_C,e493d977-1289-4420-b102-87061598c92c,8,2.0,,,,9.55,11.05,8.95,8.29,10.15,10.02
2025-12-16T05:20:48.638122,Recipe_C,e493d977-1289-4420-b102-87061598c92c,8,2.0,,,,7.48,9.47,9.6,9.27,9.09,11.93
2025-12-16T05:20:49.638122,Recipe_C,e493d977-1289-4420-b102-87061598c92c,8,2.0,,,,10.52,9.17,12.86,10.43,13.3,13.12
2025-12-16T05:20:50.638122,Recipe_C,e493d977-1289-4420-b102-87061598c92c,8,2.0,,,,12.52,9.91,9.63,6.58,8.89,11.46
2025-12-16T05:20:51.638122,Recipe_C,e493d977-1289-4420-b102-87061598c92c,8,2.0,,,,8.75,7.29,11.46,9.48,10.66,10.82
2025-12-16T05:20:52.638122,Recipe_C,e493d977-1289-4420-b102-87061598c92c,8,2.0,,,,12.53,9.21,8.07,5.94,11.61,8.85
2025-12-16T05:20:53.638122,Recipe_C,e493d977-1289-4420-b102-87061598c92c,8,2.0,,,,6.7,6.92,11.48,10.65,9.51,10.28
2025-12-16T05:20:54.638122,Recipe_C,e493d977-1289-4420-b102-87061598c92c,8,3.0,,,,7.98,9.24,10.49,7.06,10.56,8.46
2025-12-16T05:20:55.638122,Recipe_C,e493d977-1289-4420-b102-87061598c92c,8,3.0,,,,10.08,9.2,10.11,7.2,11.25,9.66
2025-12-16T05:20:56.638122,Recipe_C,e493d977-1289-4420-b102-87061598c92c,8,3.0,,,,6.03,6.87,11.45,9.04,11.22,12.06
2025-12-16T05:20:57.638122,Recipe_C,e493d977-1289-4420-b102-87061598c92c,8,3.0,,,,9.21,10.15,11.87,9.34,8.89,9.57
2025-12-16T05:20:58.638122,Recipe_C,e493d977-1289-4420-b102-87061598c92c,8,3.0,,,,9.15,9.87,10.09,12.66,9.51,6.85
2025-12-16T05:20:59.638122,Recipe_C,e493d977-1289-4420-b102-87061598c92c,8,3.0,,,,7.48,11.25,8.71,10.33,8.92,8.7
2025-12-16T05:21:00.638122,Recipe_C,e493d977-1289-4420-b102-87061598c92c,8,3.0,,,,10.34,11.87,7.54,12.24,10.4,10.45
2025-12-16T05:21:01.638122,Recipe_C,e493d977-1289-4420-b102-87061598c92c,8,3.0,,,,10.68,12.04,10.39,12.66,11.54,10.86
2025-12-16T05:21:02.638122,Recipe_C,e493d977-1289-4420-b102-87061598c92c,8,3.0,,,,11.28,10.9,9.88,9.92,12.96,12.62
2025-12-16T05:21:03.638122,Recipe_C,e493d977-1289-4420-b102-87061598c92c,8,3.0,,,,7.99,11.96,12.25,9.88,6.68,12.28
2025-12-16T05:21:04.638122,Recipe_C,e493d977-1289-4420-b102-87061598c92c,8,3.0,,,,12.1,8.94,12.66,10.85,8.52,11.28
2025-12-16T05:21:05.638122,Recipe_C,e493d977-1289-4420-b102-87061598c92c,8,3.0,,,,10.68,11.72,9.27,10.18,12.1,10.37
2025-12-16T05:21:06.638122,Recipe_C,e493d977-1289-4420-b102-87061598c92c,8,3.0,,,,10.63,9.41,6.84,8.0,9.4,6.6
2025-12-16T05:21:07.638122,Recipe_C,e493d977-1289-4420-b102-87061598c92c,8,3.0,,,,10.66,13.77,5.22,9.1,9.47,6.19
2025-12-16T05:21:08.638122,Recipe_C,e493d977-1289-4420-b102-87061598c92c,8,3.0,,,,10.39,9.34,9.1,8.32,12.37,9.12
2025-12-16T05:21:09.638122,Recipe_C,e493d977-1289-4420-b102-87061598c92c,8,3.0,,,,12.94,12.4,10.31,11.38,10.89,9.33
2025-12-16T05:21:10.638122,Recipe_C,e493d977-1289-4420-b102-87061598c92c,8,3.0,,,,11.18,10.49,11.24,12.55,10.92,7.92
2025-12-16T05:21:11.638122,Recipe_C,e493d977-1289-4420-b102-87061598c92c,8,3.0,,,,11.96,12.1,8.61,8.59,7.98,13.83
2025-12-16T05:21:12.638122,Recipe_C,e493d977-1289-4420-b102-87061598c92c,8,3.0,,,,8.48,11.15,9.58,11.37,10.53,12.29
2025-12-16T05:21:13.638122,Recipe_C,e493d977-1289-4420-b102-87061598c92c,8,3.0,,,,10.92,12.12,8.52,13.3,12.99,14.16
2025-12-16T05:21:14.638122,Recipe_C,e493d977-1289-4420-b102-87061598c92c,8,3.0,,,,8.53,6.92,9.46,10.11,9.79,7.74
2025-12-16T05:21:15.638122,Recipe_C,e493d977-1289-4420-b102-87061598c92c,8,3.0,,,,9.88,10.11,10.95,15.47,7.9,12.15
2025-12-16T05:21:16.638122,Recipe_C,e493d977-1289-4420-b102-87061598c92c,8,3.0,,,,11.44,9.43,12.0,11.58,4.74,12.46
2025-12-16T05:21:17.638122,Recipe_C,e493d977-1289-4420-b102-87061598c92c,8,3.0,,,,11.27,6.82,7.8,12.92,8.54,9.72
2025-12-16T05:21:18.638122,Recipe_C,e493d977-1289-4420-b102-87061598c92c,8,3.0,,,,12.46,9.08,11.14,6.45,9.35,11.75
2025-12-16T05:21:19.638122,Recipe_C,e493d977-1289-4420-b102-87061598c92c,8,3.0,,,,8.27,5.4,12.19,10.23,7.57,12.35
2025-12-16T05:21:20.638122,Recipe_C,e493d977-1289-4420-b102-87061598c92c,8,3.0,,,,13.78,10.98,12.54,8.69,8.93,8.91
2025-12-16T05:21:21.638122,Recipe_C,e493d977-1289-4420-b102-87061598c92c,8,3.0,,,,8.51,9.09,12.22,14.9,12.22,7.91
2025-12-16T05:21:22.638122,Recipe_C,e493d977-1289-4420-b102-87061598c92c,8,3.0,,,,6.64,8.37,14.89,9.29,9.1,10.75
2025-12-16T05:21:23.638122,Recipe_C,e493d977-1289-4420-b102-87061598c92c,8,3.0,,,,12.42,8.61,6.63,8.14,9.63,9.72
2025-12-16T05:21:24.638122,Recipe_C,e493d977-1289-4420-b102-87061598c92c,8,3.0,,,,13.36,11.01,11.75,6.6,8.85,13.24
2025-12-16T05:21:25.638122,Recipe_C,e493d977-1289-4420-b102-87061598c92c,8,3.0,,,,9.83,7.47,13.39,7.31,9.69,7.68
2025-12-16T05:21:26.638122,Recipe_C,e493d977-1289-4420-b102-87061598c92c,8,3.0,,,,9.68,7.88,12.47,10.14,11.75,9.86
2025-12-16T05:21:27.638122,Recipe_C,e493d977-1289-4420-b102-87061598c92c,8,3.0,,,,9.76,10.6,13.38,12.36,10.97,11.68
2025-12-16T05:21:28.638122,Recipe_C,e493d977-1289-4420-b102-87061598c92c,8,3.0,,,,12.96,10.78,14.5,9.49,13.01,10.23
2025-12-16T05:21:29.638122,Recipe_C,e493d977-1289-4420-b102-87061598c92c,8,3.0,,,,10.18,11.72,12.71,10.77,7.76,9.93
2025-12-16T05:21:30.638122,Recipe_C,e493d977-1289-4420-b102-87061598c92c,8,3.0,,,,11.17,11.48,10.17,8.13,10.01,9.85
2025-12-16T05:21:31.638122,Recipe_C,e493d977-1289-4420-b102-87061598c92c,8,3.0,,,,4.89,9.72,10.05,10.65,9.96,11.27
2025-12-16T05:21:32.638122,Recipe_C,e493d977-1289-4420-b102-87061598c92c,8,3.0,,,,8.21,9.22,11.56,10.62,9.34,8.08
2025-12-16T05:21:33.638122,Recipe_C,e493d977-1289-4420-b102-87061598c92c,8,3.0,,,,9.34,10.31,10.82,12.19,8.44,10.47
2025-12-16T05:21:34.638122,Recipe_C,e493d977-1289-4420-b102-87061598c92c,8,3.0,,,,8.67,12.32,12.75,12.01,9.78,14.73
2025-12-16T05:21:35.638122,Recipe_C,e493d977-1289-4420-b102-87061598c92c,8,3.0,,,,12.38,13.38,9.63,9.93,13.0,10.0
2025-12-16T05:21:36.638122,Recipe_C,e493d977-1289-4420-b102-87061598c92c,8,1.0,,,,10.99,7.32,7.01,9.89,12.61,10.88
2025-12-16T05:21:37.638122,Recipe_C,e493d977-1289-4420-b102-87061598c92c,8,1.0,,,,12.69,10.48,8.72,8.43,11.01,8.43
2025-12-16T05:21:38.638122,Recipe_C,e493d977-1289-4420-b102-87061598c92c,8,1.0,,,,12.18,8.75,10.58,8.56,9.54,8.73
2025-12-16T05:21:38.638122,Recipe_C,e493d977-1289-4420-b102-87061598c92c,8,1.0,Error_3,Simulated Error occurred,Error,,,,,,
2025-12-16T05:21:39.638122,Recipe_C,e493d977-1289-4420-b102-87061598c92c,8,1.0,,,,10.3,12.61,11.54,3.77,11.31,11.07
2025-12-16T05:21:40.638122,Recipe_C,e493d977-1289-4420-b102-87061598c92c,8,1.0,,,,11.51,8.03,10.74,10.42,6.64,7.73
2025-12-16T05:21:41.638122,Recipe_C,e493d977-1289-4420-b102-87061598c92c,8,1.0,,,,10.63,7.73,10.03,9.57,8.16,8.13
2025-12-16T05:21:42.638122,Recipe_C,e493d977-1289-4420-b102-87061598c92c,8,1.0,,,,14.35,11.82,12.43,10.58,11.74,10.17
2025-12-16T05:21:43.638122,Recipe_C,e493d977-1289-4420-b102-87061598c92c,8,1.0,,,,3.79,10.23,6.97,12.38,12.47,11.08
2025-12-16T05:21:44.638122,Recipe_C,e493d977-1289-4420-b102-87061598c92c,8,1.0,,,,9.48,11.84,11.15,13.99,9.51,9.93
2025-12-16T05:21:45.638122,Recipe_C,e493d977-1289-4420-b102-87061598c92c,8,1.0,,,,12.92,8.26,9.61,9.2,10.12,8.57
2025-12-16T05:21:46.638122,Recipe_C,e493d977-1289-4420-b102-87061598c92c,8,3.0,,,,10.99,7.36,10.67,11.07,9.92,8.01
2025-12-16T05:21:47.638122,Recipe_C,e493d977-1289-4420-b102-87061598c92c,8,3.0,,,,10.2,8.83,10.62,10.07,9.79,6.79
2025-12-16T05:21:48.638122,Recipe_C,e493d977-1289-4420-b102-87061598c92c,8,3.0,,,,8.89,6.08,9.35,8.87,12.75,10.19
2025-12-16T05:21:49.638122,Recipe_C,e493d977-1289-4420-b102-87061598c92c,8,3.0,,,,11.21,8.87,14.03,8.56,8.19,16.15
2025-12-16T05:21:50.638122,Recipe_C,e493d977-1289-4420-b102-87061598c92c,8,3.0,,,,13.83,10.04,10.38,7.89,10.34,15.45
2025-12-16T05:21:51.638122,Recipe_C,e493d977-1289-4420-b102-87061598c92c,8,3.0,,,,10.3,7.1,10.08,10.09,8.05,12.06
2025-12-16T05:21:52.638122,Recipe_C,e493d977-1289-4420-b102-87061598c92c,8,3.0,,,,12.76,11.07,10.18,11.34,9.26,13.16
2025-12-16T05:21:53.638122,Recipe_C,e493d977-1289-4420-b102-87061598c92c,8,1.0,,,,13.23,8.51,8.34,9.66,9.39,10.06
2025-12-16T05:21:54.638122,Recipe_C,e493d977-1289-4420-b102-87061598c92c,8,1.0,,,,7.23,9.69,8.45,9.82,7.19,13.17
2025-12-16T05:21:55.638122,Recipe_C,e493d977-1289-4420-b102-87061598c92c,8,1.0,,,,12.68,11.47,10.14,7.89,6.84,7.81
2025-12-16T05:21:56.638122,Recipe_C,e493d977-1289-4420-b102-87061598c92c,8,1.0,,,,12.74,7.26,8.19,13.24,10.11,9.04
2025-12-16T05:21:57.638122,Recipe_C,e493d977-1289-4420-b102-87061598c92c,8,5.0,,,,8.83,11.31,9.6,8.96,11.82,9.09
2025-12-16T05:21:58.638122,Recipe_C,e493d977-1289-4420-b102-87061598c92c,8,5.0,,,,8.66,8.19,9.57,14.2,7.13,13.75
2025-12-16T05:21:59.638122,Recipe_C,e493d977-1289-4420-b102-87061598c92c,8,5.0,,,,4.7,7.58,10.67,8.71,5.69,10.51
2025-12-16T05:22:00.638122,Recipe_C,e493d977-1289-4420-b102-87061598c92c,8,5.0,,,,12.38,10.28,10.25,10.05,10.44,10.9
2025-12-16T05:22:01.638122,Recipe_C,e493d977-1289-4420-b102-87061598c92c,8,5.0,,,,10.83,11.63,10.07,8.86,11.55,8.51
2025-12-16T05:22:02.638122,Recipe_C,e493d977-1289-4420-b102-87061598c92c,8,5.0,,,,8.4,9.52,8.44,10.35,8.77,10.29
2025-12-16T05:22:03.638122,Recipe_C,e493d977-1289-4420-b102-87061598c92c,8,5.0,,,,10.56,7.37,14.4,8.5,9.77,11.0
2025-12-16T05:22:04.638122,Recipe_C,e493d977-1289-4420-b102-87061598c92c,8,5.0,,,,13.06,9.54,9.71,8.85,9.17,7.38
2025-12-16T05:22:05.638122,Recipe_C,e493d977-1289-4420-b102-87061598c92c,8,5.0,,,,11.81,8.25,6.18,13.52,9.69,10.62
2025-12-16T05:22:06.638122,Recipe_C,e493d977-1289-4420-b102-87061598c92c,8,3.0,,,,9.19,10.64,8.83,9.87,7.03,9.76
2025-12-16T05:22:07.638122,Recipe_C,e493d977-1289-4420-b102-87061598c92c,8,3.0,,,,8.63,9.42,11.66,8.72,13.4,9.88
2025-12-16T05:22:08.638122,Recipe_C,e493d977-1289-4420-b102-87061598c92c,8,3.0,,,,10.48,12.89,10.0,7.3,12.0,11.84
2025-12-16T05:22:09.638122,Recipe_C,e493d977-1289-4420-b102-87061598c92c,8,3.0,,,,7.74,9.91,13.46,9.37,10.6,8.37
2025-12-16T05:22:10.638122,Recipe_C,e493d977-1289-4420-b102-87061598c92c,8,3.0,,,,10.81,10.59,12.65,10.4,9.04,9.13
2025-12-16T05:22:11.638122,Recipe_C,e493d977-1289-4420-b102-87061598c92c,8,3.0,,,,12.4,9.91,10.17,6.34,10.35,7.67
2025-12-16T05:22:12.638122,Recipe_C,e493d977-1289-4420-b102-87061598c92c,8,3.0,,,,15.56,7.55,10.41,8.19,10.57,10.38
2025-12-16T05:22:13.638122,Recipe_C,e493d977-1289-4420-b102-87061598c92c,8,3.0,,,,8.28,11.55,6.02,10.25,9.32,13.12
2025-12-16T05:22:14.638122,Recipe_C,e493d977-1289-4420-b102-87061598c92c,8,3.0,,,,8.25,10.36,11.41,10.87,9.81,6.29
2025-12-16T05:22:15.638122,Recipe_C,e493d977-1289-4420-b102-87061598c92c,8,3.0,,,,10.29,9.37,10.01,12.22,11.24,12.5
2025-12-16T05:22:16.638122,Recipe_C,e493d977-1289-4420-b102-87061598c92c,8,5.0,,,,11.3,9.3,10.49,10.46,9.88,7.16
2025-12-16T05:22:17.638122,Recipe_C,e493d977-1289-4420-b102-87061598c92c,8,5.0,,,,11.92,9.71,9.81,12.0,13.66,8.76
2025-12-16T05:22:18.638122,Recipe_C,e493d977-1289-4420-b102-87061598c92c,8,5.0,,,,10.99,7.83,10.73,10.27,11.52,9.16
2025-12-16T05:22:19.638122,Recipe_C,e493d977-1289-4420-b102-87061598c92c,8,5.0,,,,11.51,9.86,13.28,6.16,6.92,7.86
2025-12-16T05:22:20.638122,Recipe_C,e493d977-1289-4420-b102-87061598c92c,8,5.0,,,,9.77,11.71,9.04,15.67,9.73,9.32
2025-12-16T05:22:21.638122,Recipe_C,e493d977-1289-4420-b102-87061598c92c,8,5.0,,,,10.57,9.27,11.65,13.26,12.07,12.37
2025-12-16T05:22:22.638122,Recipe_C,e493d977-1289-4420-b102-87061598c92c,8,5.0,,,,10.42,9.1,13.3,9.28,9.66,11.07
2025-12-16T05:22:23.638122,Recipe_C,e493d977-1289-4420-b102-87061598c92c,8,5.0,,,,7.65,10.55,12.13,10.17,12.61,6.7
2025-12-16T05:22:24.638122,Recipe_C,e493d977-1289-4420-b102-87061598c92c,8,5.0,,,,9.61,9.34,12.39,11.88,13.19,7.51
2025-12-16T05:22:25.638122,Recipe_C,e493d977-1289-4420-b102-87061598c92c,8,5.0,,,,8.55,11.19,8.06,11.78,10.92,9.76
2025-12-16T05:22:26.638122,Recipe_C,e493d977-1289-4420-b102-87061598c92c,8,5.0,,,,8.52,11.39,16.22,11.24,11.12,11.22
2025-12-16T05:22:27.638122,Recipe_C,e493d977-1289-4420-b102-87061598c92c,8,5.0,,,,12.87,10.88,9.88,12.4,9.81,12.59
2025-12-16T05:22:28.638122,Recipe_C,e493d977-1289-4420-b102-87061598c92c,8,5.0,,,,10.33,5.64,10.9,5.96,8.74,11.06
2025-12-16T05:22:29.638122,Recipe_C,e493d977-1289-4420-b102-87061598c92c,8,5.0,,,,9.84,12.23,10.79,9.15,8.25,11.26
2025-12-16T05:22:30.638122,Recipe_C,e493d977-1289-4420-b102-87061598c92c,8,5.0,,,,9.59,8.04,9.36,6.84,9.61,10.33
2025-12-16T05:22:31.638122,Recipe_C,e493d977-1289-4420-b102-87061598c92c,8,5.0,,,,11.97,9.15,8.16,11.42,13.46,10.31
2025-12-16T05:22:32.638122,Recipe_C,e493d977-1289-4420-b102-87061598c92c,8,5.0,,,,5.92,7.76,11.02,8.37,10.56,8.62
2025-12-16T05:22:33.638122,Recipe_C,e493d977-1289-4420-b102-87061598c92c,8,0.0,,,,0.0,0.0,0.0,0.0,0.0,0.0
2025-12-16T05:22:34.638122,Recipe_C,e493d977-1289-4420-b102-87061598c92c,8,0.0,,,,0.0,0.0,0.0,0.0,0.0,0.0
2025-12-16T05:22:35.638122,Recipe_C,e493d977-1289-4420-b102-87061598c92c,8,0.0,,,,0.0,0.0,0.0,0.0,0.0,0.0
2025-12-16T05:22:36.638122,Recipe_C,e493d977-1289-4420-b102-87061598c92c,8,0.0,,,,0.0,0.0,0.0,0.0,0.0,0.0
2025-12-16T05:22:37.638122,Recipe_C,e493d977-1289-4420-b102-87061598c92c,8,0.0,,,,0.0,0.0,0.0,0.0,0.0,0.0
2025-12-16T05:22:38.638122,Recipe_C,e493d977-1289-4420-b102-87061598c92c,8,0.0,,,,0.0,0.0,0.0,0.0,0.0,0.0
2025-12-16T05:22:39.638122,Recipe_C,e493d977-1289-4420-b102-87061598c92c,8,0.0,,,,0.0,0.0,0.0,0.0,0.0,0.0
2025-12-16T05:22:40.638122,Recipe_C,e493d977-1289-4420-b102-87061598c92c,8,0.0,,,,0.0,0.0,0.0,0.0,0.0,0.0
2025-12-16T05:22:41.638122,Recipe_C,e493d977-1289-4420-b102-87061598c92c,8,0.0,,,,0.0,0.0,0.0,0.0,0.0,0.0
2025-12-16T05:22:42.638122,Recipe_C,e493d977-1289-4420-b102-87061598c92c,8,0.0,,,,0.0,0.0,0.0,0.0,0.0,0.0
2025-12-16T05:22:43.638122,Recipe_C,e493d977-1289-4420-b102-87061598c92c,8,0.0,,,,0.0,0.0,0.0,0.0,0.0,0.0
2025-12-16T05:22:44.638122,Recipe_C,e493d977-1289-4420-b102-87061598c92c,8,0.0,,,,0.0,0.0,0.0,0.0,0.0,0.0
2025-12-16T05:22:45.638122,Recipe_C,e493d977-1289-4420-b102-87061598c92c,8,0.0,,,,0.0,0.0,0.0,0.0,0.0,0.0
2025-12-16T05:22:46.638122,Recipe_C,e493d977-1289-4420-b102-87061598c92c,8,0.0,,,,0.0,0.0,0.0,0.0,0.0,0.0
2025-12-16T05:22:47.638122,Recipe_C,e493d977-1289-4420-b102-87061598c92c,8,0.0,,,,0.0,0.0,0.0,0.0,0.0,0.0
2025-12-16T05:22:48.638122,Recipe_C,e493d977-1289-4420-b102-87061598c92c,8,0.0,,,,0.0,0.0,0.0,0.0,0.0,0.0
2025-12-16T05:22:49.638122,Recipe_C,e493d977-1289-4420-b102-87061598c92c,8,0.0,,,,0.0,0.0,0.0,0.0,0.0,0.0
2025-12-16T05:22:50.638122,Recipe_C,e493d977-1289-4420-b102-87061598c92c,8,0.0,,,,0.0,0.0,0.0,0.0,0.0,0.0
2025-12-16T05:22:51.638122,Recipe_C,e493d977-1289-4420-b102-87061598c92c,8,0.0,,,,0.0,0.0,0.0,0.0,0.0,0.0
2025-12-16T05:22:52.638122,Recipe_C,e493d977-1289-4420-b102-87061598c92c,8,0.0,,,,0.0,0.0,0.0,0.0,0.0,0.0
2025-12-16T05:22:53.638122,Recipe_C,e493d977-1289-4420-b102-87061598c92c,8,0.0,,,,0.0,0.0,0.0,0.0,0.0,0.0
2025-12-16T05:22:54.638122,Recipe_C,e493d977-1289-4420-b102-87061598c92c,8,0.0,,,,0.0,0.0,0.0,0.0,0.0,0.0
2025-12-16T05:22:55.638122,Recipe_C,e493d977-1289-4420-b102-87061598c92c,8,0.0,,,,0.0,0.0,0.0,0.0,0.0,0.0
2025-12-16T05:22:56.638122,Recipe_C,e493d977-1289-4420-b102-87061598c92c,8,0.0,,,,0.0,0.0,0.0,0.0,0.0,0.0
2025-12-16T05:22:57.638122,Recipe_C,e493d977-1289-4420-b102-87061598c92c,8,0.0,,,,0.0,0.0,0.0,0.0,0.0,0.0
2025-12-16T05:22:58.638122,Recipe_C,e493d977-1289-4420-b102-87061598c92c,8,0.0,,,,0.0,0.0,0.0,0.0,0.0,0.0
2025-12-16T05:22:59.638122,Recipe_C,e493d977-1289-4420-b102-87061598c92c,8,0.0,,,,0.0,0.0,0.0,0.0,0.0,0.0
2025-12-16T05:23:00.638122,Recipe_C,e493d977-1289-4420-b102-87061598c92c,8,3.0,,,,10.26,10.57,8.1,10.94,10.61,9.24
2025-12-16T05:23:01.638122,Recipe_C,e493d977-1289-4420-b102-87061598c92c,8,3.0,,,,10.38,12.68,10.91,9.98,10.77,8.9
2025-12-16T05:23:02.638122,Recipe_C,e493d977-1289-4420-b102-87061598c92c,8,3.0,,,,7.16,8.15,10.67,13.17,11.45,11.83
2025-12-16T05:23:03.638122,Recipe_C,e493d977-1289-4420-b102-87061598c92c,8,3.0,,,,9.14,7.68,9.18,9.65,12.2,11.05
2025-12-16T05:23:04.638122,Recipe_C,e493d977-1289-4420-b102-87061598c92c,8,3.0,,,,13.74,10.0,9.77,11.78,11.14,9.77
2025-12-16T05:23:05.638122,Recipe_C,e493d977-1289-4420-b102-87061598c92c,8,3.0,,,,10.55,11.64,11.7,7.35,11.67,12.74
2025-12-16T05:23:06.638122,Recipe_C,e493d977-1289-4420-b102-87061598c92c,8,3.0,,,,12.15,9.97,9.77,11.94,8.09,9.35
2025-12-16T05:23:07.638122,Recipe_C,e493d977-1289-4420-b102-87061598c92c,8,3.0,,,,12.58,10.77,12.94,6.82,8.84,4.73
2025-12-16T05:23:08.638122,Recipe_C,e493d977-1289-4420-b102-87061598c92c,8,3.0,,,,11.24,8.39,7.9,8.04,11.15,11.69
2025-12-16T05:23:09.638122,Recipe_C,e493d977-1289-4420-b102-87061598c92c,8,3.0,,,,9.44,11.43,8.52,10.68,9.89,11.47
2025-12-16T05:23:10.638122,Recipe_C,e493d977-1289-4420-b102-87061598c92c,8,3.0,,,,10.78,9.49,7.98,8.71,10.6,10.35
2025-12-16T05:23:11.638122,Recipe_C,e493d977-1289-4420-b102-87061598c92c,8,0.0,,,,0.0,0.0,0.0,0.0,0.0,0.0
2025-12-16T05:23:12.638122,Recipe_C,e493d977-1289-4420-b102-87061598c92c,8,0.0,,,,0.0,0.0,0.0,0.0,0.0,0.0
2025-12-16T05:23:13.638122,Recipe_C,e493d977-1289-4420-b102-87061598c92c,8,2.0,,,,8.31,9.85,9.89,12.56,12.65,13.32
2025-12-16T05:23:14.638122,Recipe_C,e493d977-1289-4420-b102-87061598c92c,8,2.0,,,,10.01,12.34,10.7,7.49,10.0,9.95
2025-12-16T05:23:15.638122,Recipe_C,e493d977-1289-4420-b102-87061598c92c,8,2.0,,,,8.52,6.15,11.35,10.65,10.62,7.51
2025-12-16T05:23:16.638122,Recipe_C,e493d977-1289-4420-b102-87061598c92c,8,2.0,,,,9.69,7.81,9.36,9.44,7.59,10.59
2025-12-16T05:23:17.638122,Recipe_C,e493d977-1289-4420-b102-87061598c92c,8,2.0,,,,11.42,8.34,8.11,16.11,9.13,11.76
2025-12-16T05:23:18.638122,Recipe_C,e493d977-1289-4420-b102-87061598c92c,8,4.0,,,,101.91,46.11,51.57,48.39,53.52,55.93
2025-12-16T05:23:19.638122,Recipe_C,e493d977-1289-4420-b102-87061598c92c,8,4.0,,,,97.56,42.85,48.59,46.69,48.81,52.39
2025-12-16T05:23:20.638122,Recipe_C,e493d977-1289-4420-b102-87061598c92c,8,4.0,,,,98.07,51.19,49.67,52.58,51.37,44.14
2025-12-16T05:23:21.638122,Recipe_C,e493d977-1289-4420-b102-87061598c92c,8,4.0,,,,97.84,44.22,56.33,51.53,51.52,53.15
2025-12-16T05:23:22.638122,Recipe_C,e493d977-1289-4420-b102-87061598c92c,8,4.0,,,,92.11,50.03,49.85,52.96,61.64,48.25
2025-12-16T05:23:23.638122,Recipe_C,e493d977-1289-4420-b102-87061598c92c,8,4.0,,,,88.72,57.85,55.42,55.27,43.91,58.02
2025-12-16T05:23:24.638122,Recipe_C,e493d977-1289-4420-b102-87061598c92c,8,4.0,,,,99.51,47.36,48.09,54.67,40.39,48.0
2025-12-16T05:23:25.638122,Recipe_C,e493d977-1289-4420-b102-87061598c92c,8,4.0,,,,105.62,48.43,58.3,49.42,52.87,61.19
2025-12-16T05:23:26.638122,Recipe_C,e493d977-1289-4420-b102-87061598c92c,8,4.0,,,,90.61,41.93,53.47,47.76,45.47,45.34
2025-12-16T05:23:27.638122,Recipe_C,e493d977-1289-4420-b102-87061598c92c,8,4.0,,,,104.79,51.03,47.12,54.2,55.3,51.69
2025-12-16T05:23:28.638122,Recipe_C,e493d977-1289-4420-b102-87061598c92c,8,4.0,,,,103.24,50.69,60.61,50.51,48.48,52.11
2025-12-16T05:23:29.638122,Recipe_C,e493d977-1289-4420-b102-87061598c92c,8,4.0,,,,101.82,49.03,54.34,48.29,58.81,50.66
2025-12-16T05:23:30.638122,Recipe_C,e493d977-1289-4420-b102-87061598c92c,8,4.0,,,,106.2,52.75,59.22,55.84,51.88,56.29
2025-12-16T05:23:31.638122,Recipe_C,e493d977-1289-4420-b102-87061598c92c,8,4.0,,,,95.77,52.3,48.61,47.45,47.36,40.97
2025-12-16T05:23:32.638122,Recipe_C,e493d977-1289-4420-b102-87061598c92c,8,4.0,,,,101.06,48.42,44.36,52.22,52.61,50.1
2025-12-16T05:23:33.638122,Recipe_C,e493d977-1289-4420-b102-87061598c92c,8,4.0,,,,98.08,43.66,52.68,47.45,50.61,55.99
2025-12-16T05:23:34.638122,Recipe_C,e493d977-1289-4420-b102-87061598c92c,8,4.0,,,,98.11,49.45,49.86,48.41,54.2,49.81
2025-12-16T05:23:35.638122,Recipe_C,e493d977-1289-4420-b102-87061598c92c,8,4.0,,,,97.44,48.05,46.56,41.53,41.2,45.21
2025-12-16T05:23:36.638122,Recipe_C,e493d977-1289-4420-b102-87061598c92c,8,4.0,,,,98.04,47.35,50.04,53.04,56.53,46.74
2025-12-16T05:23:36.638122,Recipe_C,e493d977-1289-4420-b102-87061598c92c,8,4.0,Warning_1,Simulated Warning occurred,Warning,,,,,,
2025-12-16T05:23:37.638122,Recipe_C,e493d977-1289-4420-b102-87061598c92c,8,4.0,,,,98.61,39.19,40.29,48.68,52.13,52.18
2025-12-16T05:23:38.638122,Recipe_C,e493d977-1289-4420-b102-87061598c92c,8,4.0,,,,99.06,54.67,46.77,51.04,47.15,48.71
2025-12-16T05:23:38.638122,Recipe_C,e493d977-1289-4420-b102-87061598c92c,8,4.0,Warning_2,Simulated Warning occurred,Warning,,,,,,
2025-12-16T05:23:39.638122,Recipe_C,e493d977-1289-4420-b102-87061598c92c,8,4.0,,,,107.41,48.48,52.69,47.83,48.41,42.76
2025-12-16T05:23:40.638122,Recipe_C,e493d977-1289-4420-b102-87061598c92c,8,4.0,,,,112.81,48.47,56.72,52.28,52.14,46.44
2025-12-16T05:23:41.638122,Recipe_C,e493d977-1289-4420-b102-87061598c92c,8,4.0,,,,105.07,41.49,39.22,53.26,47.76,61.56
2025-12-16T05:23:42.638122,Recipe_C,e493d977-1289-4420-b102-87061598c92c,8,4.0,,,,104.59,47.78,43.33,43.52,43.27,54.63
2025-12-16T05:23:43.638122,Recipe_C,e493d977-1289-4420-b102-87061598c92c,8,4.0,,,,102.14,49.29,43.28,41.15,53.54,48.34
2025-12-16T05:23:44.638122,Recipe_C,e493d977-1289-4420-b102-87061598c92c,8,4.0,,,,105.16,56.98,56.48,62.2,50.49,45.4
2025-12-16T05:23:45.638122,Recipe_C,e493d977-1289-4420-b102-87061598c92c,8,4.0,,,,98.77,55.34,44.16,51.78,50.42,46.81
2025-12-16T05:23:46.638122,Recipe_C,e493d977-1289-4420-b102-87061598c92c,8,4.0,,,,101.85,51.83,47.69,50.98,47.6,51.96
2025-12-16T05:23:47.638122,Recipe_C,e493d977-1289-4420-b102-87061598c92c,8,4.0,,,,100.34,58.98,44.05,57.19,52.2,50.61
2025-12-16T05:23:48.638122,Recipe_C,e493d977-1289-4420-b102-87061598c92c,8,4.0,,,,99.39,50.76,55.4,49.37,45.65,43.3
2025-12-16T05:23:49.638122,Recipe_C,e493d977-1289-4420-b102-87061598c92c,8,4.0,,,,102.68,45.1,46.77,46.0,45.98,48.28
2025-12-16T05:23:50.638122,Recipe_C,e493d977-1289-4420-b102-87061598c92c,8,4.0,,,,95.41,45.88,46.64,51.07,46.31,56.4
2025-12-16T05:23:51.638122,Recipe_C,e493d977-1289-4420-b102-87061598c92c,8,4.0,,,,105.59,45.84,51.1,53.43,48.31,46.07
2025-12-16T05:23:52.638122,Recipe_C,e493d977-1289-4420-b102-87061598c92c,8,4.0,,,,102.91,49.02,51.12,55.32,50.1,50.33
2025-12-16T05:23:53.638122,Recipe_C,e493d977-1289-4420-b102-87061598c92c,8,4.0,,,,97.61,49.06,43.62,43.03,47.11,51.59
2025-12-16T05:23:54.638122,Recipe_C,e493d977-1289-4420-b102-87061598c92c,8,4.0,,,,98.3,39.1,55.35,49.07,52.2,52.93
2025-12-16T05:23:55.638122,Recipe_C,e493d977-1289-4420-b102-87061598c92c,8,4.0,,,,102.7,47.46,43.7,46.8,50.97,43.02
2025-12-16T05:23:56.638122,Recipe_C,e493d977-1289-4420-b102-87061598c92c,8,4.0,,,,100.62,43.1,54.79,42.83,51.74,50.37
2025-12-16T05:23:57.638122,Recipe_C,e493d977-1289-4420-b102-87061598c92c,8,4.0,,,,100.95,50.99,50.1,49.24,49.22,36.88
2025-12-16T05:23:58.638122,Recipe_C,e493d977-1289-4420-b102-87061598c92c,8,4.0,,,,100.65,60.99,51.51,46.67,49.19,44.02
2025-12-16T05:23:59.638122,Recipe_C,e493d977-1289-4420-b102-87061598c92c,8,4.0,,,,92.69,48.15,47.03,47.71,45.68,49.61
2025-12-16T05:24:00.638122,Recipe_C,e493d977-1289-4420-b102-87061598c92c,8,4.0,,,,96.3,59.0,44.03,50.98,38.17,46.44
2025-12-16T05:24:01.638122,Recipe_C,e493d977-1289-4420-b102-87061598c92c,8,4.0,,,,103.04,53.9,50.81,53.05,50.22,53.3
2025-12-16T05:24:02.638122,Recipe_C,e493d977-1289-4420-b102-87061598c92c,8,4.0,,,,108.84,44.22,44.31,49.9,53.6,49.85
2025-12-16T05:24:03.638122,Recipe_C,e493d977-1289-4420-b102-87061598c92c,8,4.0,,,,90.87,47.22,44.8,48.57,53.74,48.72
2025-12-16T05:24:04.638122,Recipe_C,e493d977-1289-4420-b102-87061598c92c,8,4.0,,,,99.11,48.54,56.31,47.45,47.76,44.03
2025-12-16T05:24:05.638122,Recipe_C,e493d977-1289-4420-b102-87061598c92c,8,4.0,,,,100.72,57.01,52.67,52.72,46.27,49.46
2025-12-16T05:24:06.638122,Recipe_C,e493d977-1289-4420-b102-87061598c92c,8,4.0,,,,101.38,50.96,45.54,48.46,58.84,52.87
2025-12-16T05:24:07.638122,Recipe_C,e493d977-1289-4420-b102-87061598c92c,8,4.0,,,,102.79,53.92,55.31,56.04,59.87,46.44
2025-12-16T05:24:08.638122,Recipe_C,e493d977-1289-4420-b102-87061598c92c,8,4.0,,,,93.14,60.73,55.64,42.37,50.84,43.36
2025-12-16T05:24:09.638122,Recipe_C,e493d977-1289-4420-b102-87061598c92c,8,0.0,,,,0.0,0.0,0.0,0.0,0.0,0.0
2025-12-16T05:24:10.638122,Recipe_C,e493d977-1289-4420-b102-87061598c92c,8,0.0,,,,0.0,0.0,0.0,0.0,0.0,0.0
2025-12-16T05:24:11.638122,Recipe_C,e493d977-1289-4420-b102-87061598c92c,8,0.0,,,,0.0,0.0,0.0,0.0,0.0,0.0
2025-12-16T05:24:12.638122,Recipe_C,e493d977-1289-4420-b102-87061598c92c,8,0.0,,,,0.0,0.0,0.0,0.0,0.0,0.0
2025-12-16T05:24:13.638122,Recipe_C,e493d977-1289-4420-b102-87061598c92c,8,0.0,,,,0.0,0.0,0.0,0.0,0.0,0.0
2025-12-16T05:24:14.638122,Recipe_C,e493d977-1289-4420-b102-87061598c92c,8,0.0,,,,0.0,0.0,0.0,0.0,0.0,0.0
2025-12-16T05:24:15.638122,Recipe_C,e493d977-1289-4420-b102-87061598c92c,8,0.0,,,,0.0,0.0,0.0,0.0,0.0,0.0
2025-12-16T05:24:16.638122,Recipe_C,e493d977-1289-4420-b102-87061598c92c,8,0.0,,,,0.0,0.0,0.0,0.0,0.0,0.0
2025-12-16T05:24:17.638122,Recipe_C,e493d977-1289-4420-b102-87061598c92c,8,0.0,,,,0.0,0.0,0.0,0.0,0.0,0.0
2025-12-16T05:24:18.638122,Recipe_C,e493d977-1289-4420-b102-87061598c92c,8,0.0,,,,0.0,0.0,0.0,0.0,0.0,0.0
2025-12-16T05:24:19.638122,Recipe_C,e493d977-1289-4420-b102-87061598c92c,8,0.0,,,,0.0,0.0,0.0,0.0,0.0,0.0
2025-12-16T05:24:20.638122,Recipe_C,e493d977-1289-4420-b102-87061598c92c,8,0.0,,,,0.0,0.0,0.0,0.0,0.0,0.0
2025-12-16T05:24:21.638122,Recipe_C,e493d977-1289-4420-b102-87061598c92c,8,0.0,,,,0.0,0.0,0.0,0.0,0.0,0.0
2025-12-16T05:24:22.638122,Recipe_C,e493d977-1289-4420-b102-87061598c92c,8,0.0,,,,0.0,0.0,0.0,0.0,0.0,0.0
2025-12-16T05:24:23.638122,Recipe_C,e493d977-1289-4420-b102-87061598c92c,8,0.0,,,,0.0,0.0,0.0,0.0,0.0,0.0
2025-12-16T05:24:24.638122,Recipe_C,e493d977-1289-4420-b102-87061598c92c,8,0.0,,,,0.0,0.0,0.0,0.0,0.0,0.0
2025-12-16T05:24:25.638122,Recipe_C,e493d977-1289-4420-b102-87061598c92c,8,0.0,,,,0.0,0.0,0.0,0.0,0.0,0.0
2025-12-16T05:24:26.638122,Recipe_C,e493d977-1289-4420-b102-87061598c92c,8,0.0,,,,0.0,0.0,0.0,0.0,0.0,0.0
2025-12-16T05:24:26.638122,Recipe_C,e493d977-1289-4420-b102-87061598c92c,8,0.0,Error_8,Simulated Error occurred,Error,,,,,,
2025-12-16T05:24:27.638122,Recipe_C,e493d977-1289-4420-b102-87061598c92c,8,0.0,,,,0.0,0.0,0.0,0.0,0.0,0.0
2025-12-16T05:24:28.638122,Recipe_C,e493d977-1289-4420-b102-87061598c92c,8,0.0,,,,0.0,0.0,0.0,0.0,0.0,0.0
2025-12-16T05:24:29.638122,Recipe_C,e493d977-1289-4420-b102-87061598c92c,8,2.0,,,,9.85,9.82,10.48,7.84,8.0,10.79
2025-12-16T05:24:30.638122,Recipe_C,e493d977-1289-4420-b102-87061598c92c,8,2.0,,,,10.83,10.72,13.46,10.43,13.37,12.12
2025-12-16T05:24:31.638122,Recipe_C,e493d977-1289-4420-b102-87061598c92c,8,2.0,,,,6.14,8.53,12.33,6.5,7.07,13.58
2025-12-16T05:24:32.638122,Recipe_C,e493d977-1289-4420-b102-87061598c92c,8,2.0,,,,10.57,10.47,5.7,10.35,12.02,6.81
2025-12-16T05:24:33.638122,Recipe_C,e493d977-1289-4420-b102-87061598c92c,8,2.0,,,,13.83,8.62,11.43,10.65,9.88,11.64
2025-12-16T05:24:34.638122,Recipe_C,e493d977-1289-4420-b102-87061598c92c,8,2.0,,,,7.52,11.88,10.62,8.89,10.3,6.91
2025-12-16T05:24:35.638122,Recipe_C,e493d977-1289-4420-b102-87061598c92c,8,2.0,,,,8.15,9.15,9.96,14.09,5.63,9.33
2025-12-16T05:24:36.638122,Recipe_C,e493d977-1289-4420-b102-87061598c92c,8,2.0,,,,6.86,10.22,8.19,11.84,8.2,8.07
2025-12-16T05:24:37.638122,Recipe_C,e493d977-1289-4420-b102-87061598c92c,8,2.0,,,,9.05,10.4,8.33,8.36,10.47,9.99
2025-12-16T05:24:38.638122,Recipe_C,e493d977-1289-4420-b102-87061598c92c,8,3.0,,,,8.68,9.16,9.4,11.5,12.01,12.21
2025-12-16T05:24:39.638122,Recipe_C,e493d977-1289-4420-b102-87061598c92c,8,3.0,,,,10.44,11.19,12.43,11.93,8.88,8.99
2025-12-16T05:24:40.638122,Recipe_C,e493d977-1289-4420-b102-87061598c92c,8,3.0,,,,11.08,8.28,5.86,16.57,7.09,12.67
2025-12-16T05:24:41.638122,Recipe_C,e493d977-1289-4420-b102-87061598c92c,8,3.0,,,,11.15,12.46,11.9,8.72,8.35,9.58
2025-12-16T05:24:42.638122,Recipe_C,e493d977-1289-4420-b102-87061598c92c,8,3.0,,,,9.57,9.46,8.64,8.11,9.12,10.07
2025-12-16T05:24:43.638122,Recipe_C,e493d977-1289-4420-b102-87061598c92c,8,4.0,,,,92.16,43.76,41.94,41.95,47.22,55.68
2025-12-16T05:24:44.638122,Recipe_C,e493d977-1289-4420-b102-87061598c92c,8,4.0,,,,99.07,54.14,43.91,47.75,52.27,43.7
2025-12-16T05:24:45.638122,Recipe_C,e493d977-1289-4420-b102-87061598c92c,8,4.0,,,,94.08,45.67,59.98,61.54,47.75,41.62
2025-12-16T05:24:46.638122,Recipe_C,e493d977-1289-4420-b102-87061598c92c,8,4.0,,,,99.26,55.13,47.63,54.29,51.42,51.96
2025-12-16T05:24:47.638122,Recipe_C,e493d977-1289-4420-b102-87061598c92c,8,4.0,,,,103.3,51.46,60.31,59.12,41.84,46.04
2025-12-16T05:24:48.638122,Recipe_C,e493d977-1289-4420-b102-87061598c92c,8,4.0,,,,99.21,56.69,49.56,48.85,49.44,45.16
2025-12-16T05:24:49.638122,Recipe_C,e493d977-1289-4420-b102-87061598c92c,8,4.0,,,,97.65,57.0,50.01,52.58,60.33,47.59
2025-12-16T05:24:50.638122,Recipe_C,e493d977-1289-4420-b102-87061598c92c,8,4.0,,,,99.88,50.88,51.79,47.94,38.86,56.82
2025-12-16T05:24:51.638122,Recipe_C,e493d977-1289-4420-b102-87061598c92c,8,4.0,,,,101.85,58.48,50.94,50.95,56.49,48.73
2025-12-16T05:24:52.638122,Recipe_C,e493d977-1289-4420-b102-87061598c92c,8,4.0,,,,94.55,53.29,52.14,51.85,54.95,55.07
2025-12-16T05:24:53.638122,Recipe_C,e493d977-1289-4420-b102-87061598c92c,8,4.0,,,,110.08,62.73,51.78,50.07,45.51,57.07
2025-12-16T05:24:54.638122,Recipe_C,e493d977-1289-4420-b102-87061598c92c,8,4.0,,,,104.32,52.83,47.43,52.45,45.68,47.17
2025-12-16T05:24:55.638122,Recipe_C,e493d977-1289-4420-b102-87061598c92c,8,4.0,,,,101.29,43.44,48.22,38.02,44.66,48.82
2025-12-16T05:24:56.638122,Recipe_C,e493d977-1289-4420-b102-87061598c92c,8,4.0,,,,100.78,45.28,51.16,42.24,39.77,53.21
2025-12-16T05:24:57.638122,Recipe_C,e493d977-1289-4420-b102-87061598c92c,8,1.0,,,,6.1,11.42,10.11,8.48,10.75,12.64
2025-12-16T05:24:58.638122,Recipe_C,e493d977-1289-4420-b102-87061598c92c,8,1.0,,,,12.04,10.14,11.13,9.65,8.41,10.31
2025-12-16T05:24:59.638122,Recipe_C,e493d977-1289-4420-b102-87061598c92c,8,1.0,,,,9.65,13.63,11.23,12.6,8.59,9.55
2025-12-16T05:25:00.638122,Recipe_C,e493d977-1289-4420-b102-87061598c92c,8,1.0,,,,13.13,10.63,5.65,8.4,8.96,14.32
2025-12-16T05:25:01.638122,Recipe_C,e493d977-1289-4420-b102-87061598c92c,8,1.0,,,,13.06,9.97,12.27,10.87,10.92,9.56
2025-12-16T05:25:02.638122,Recipe_C,e493d977-1289-4420-b102-87061598c92c,8,1.0,,,,6.22,12.99,10.72,9.69,7.48,9.94
2025-12-16T05:25:03.638122,Recipe_C,e493d977-1289-4420-b102-87061598c92c,8,1.0,,,,8.95,10.25,9.96,11.43,10.28,9.17
2025-12-16T05:25:04.638122,Recipe_C,e493d977-1289-4420-b102-87061598c92c,8,1.0,,,,8.1,10.58,11.04,8.66,9.76,13.19
2025-12-16T05:25:05.638122,Recipe_C,e493d977-1289-4420-b102-87061598c92c,8,1.0,,,,8.14,14.1,9.91,13.23,6.99,9.37
2025-12-16T05:25:06.638122,Recipe_C,e493d977-1289-4420-b102-87061598c92c,8,1.0,,,,7.37,10.48,11.95,10.02,11.0,10.72
2025-12-16T05:25:07.638122,Recipe_C,e493d977-1289-4420-b102-87061598c92c,8,1.0,,,,7.79,10.58,9.26,14.45,12.15,10.16
2025-12-16T05:25:08.638122,Recipe_C,e493d977-1289-4420-b102-87061598c92c,8,1.0,,,,7.76,9.8,12.88,10.58,11.53,9.72
2025-12-16T05:25:09.638122,Recipe_C,e493d977-1289-4420-b102-87061598c92c,8,1.0,,,,9.45,8.34,9.86,6.92,7.64,6.94
2025-12-16T05:25:10.638122,Recipe_C,e493d977-1289-4420-b102-87061598c92c,8,1.0,,,,13.98,9.05,10.85,11.93,8.73,9.14
2025-12-16T05:25:11.638122,Recipe_C,e493d977-1289-4420-b102-87061598c92c,8,1.0,,,,9.84,10.2,10.99,10.31,10.1,10.17
2025-12-16T05:25:12.638122,Recipe_C,e493d977-1289-4420-b102-87061598c92c,8,1.0,,,,9.88,6.88,8.94,10.99,11.98,10.76
2025-12-16T05:25:13.638122,Recipe_C,e493d977-1289-4420-b102-87061598c92c,8,0.0,,,,0.0,0.0,0.0,0.0,0.0,0.0
2025-12-16T05:25:14.638122,Recipe_C,e493d977-1289-4420-b102-87061598c92c,8,0.0,,,,0.0,0.0,0.0,0.0,0.0,0.0
2025-12-16T05:25:15.638122,Recipe_C,e493d977-1289-4420-b102-87061598c92c,8,0.0,,,,0.0,0.0,0.0,0.0,0.0,0.0
2025-12-16T05:25:16.638122,Recipe_C,e493d977-1289-4420-b102-87061598c92c,8,0.0,,,,0.0,0.0,0.0,0.0,0.0,0.0
2025-12-16T05:25:17.638122,Recipe_C,e493d977-1289-4420-b102-87061598c92c,8,0.0,,,,0.0,0.0,0.0,0.0,0.0,0.0
2025-12-16T05:25:18.638122,Recipe_C,e493d977-1289-4420-b102-87061598c92c,8,0.0,,,,0.0,0.0,0.0,0.0,0.0,0.0
2025-12-16T05:25:19.638122,Recipe_C,e493d977-1289-4420-b102-87061598c92c,8,0.0,,,,0.0,0.0,0.0,0.0,0.0,0.0
2025-12-16T05:25:19.638122,Recipe_C,e493d977-1289-4420-b102-87061598c92c,8,0.0,Warning_7,Simulated Warning occurred,Warning,,,,,,
2025-12-16T05:25:20.638122,Recipe_C,e493d977-1289-4420-b102-87061598c92c,8,3.0,,,,8.6,9.96,11.58,10.27,10.35,9.97
2025-12-16T05:25:21.638122,Recipe_C,e493d977-1289-4420-b102-87061598c92c,8,3.0,,,,10.87,11.64,7.13,8.22,12.19,8.91
2025-12-16T05:25:22.638122,Recipe_C,e493d977-1289-4420-b102-87061598c92c,8,3.0,,,,14.03,12.11,8.86,8.33,10.02,9.15
2025-12-16T05:25:23.638122,Recipe_C,e493d977-1289-4420-b102-87061598c92c,8,3.0,,,,14.4,8.09,10.08,13.6,10.35,8.82
2025-12-16T05:25:24.638122,Recipe_C,e493d977-1289-4420-b102-87061598c92c,8,3.0,,,,12.45,9.28,11.49,10.11,11.06,11.7
2025-12-16T05:25:25.638122,Recipe_C,e493d977-1289-4420-b102-87061598c92c,8,3.0,,,,9.08,9.12,7.56,11.26,10.09,10.34
2025-12-16T05:25:26.638122,Recipe_C,e493d977-1289-4420-b102-87061598c92c,8,3.0,,,,11.43,10.66,10.31,11.12,8.86,10.72
2025-12-16T05:25:27.638122,Recipe_C,e493d977-1289-4420-b102-87061598c92c,8,3.0,,,,9.36,10.37,12.67,11.43,9.95,9.75
2025-12-16T05:25:28.638122,Recipe_C,e493d977-1289-4420-b102-87061598c92c,8,3.0,,,,12.74,10.21,11.25,6.62,7.12,10.54
2025-12-16T05:25:29.638122,Recipe_C,e493d977-1289-4420-b102-87061598c92c,8,3.0,,,,8.15,9.78,10.39,5.17,12.07,14.45
2025-12-16T05:25:30.638122,Recipe_C,e493d977-1289-4420-b102-87061598c92c,8,3.0,,,,10.96,8.68,12.99,14.4,9.75,9.14
2025-12-16T05:25:31.638122,Recipe_C,e493d977-1289-4420-b102-87061598c92c,8,3.0,,,,10.13,9.7,14.87,6.99,11.54,10.38
2025-12-16T05:25:32.638122,Recipe_C,e493d977-1289-4420-b102-87061598c92c,8,3.0,,,,7.14,9.79,8.54,11.69,13.21,8.33
2025-12-16T05:25:33.638122,Recipe_C,e493d977-1289-4420-b102-87061598c92c,8,3.0,,,,13.01,7.97,12.31,11.04,7.43,9.83
2025-12-16T05:25:34.638122,Recipe_C,e493d977-1289-4420-b102-87061598c92c,8,3.0,,,,10.05,10.2,13.8,9.25,9.76,9.63
2025-12-16T05:25:35.638122,Recipe_C,e493d977-1289-4420-b102-87061598c92c,8,3.0,,,,12.11,11.09,10.53,10.02,12.9,7.91
2025-12-16T05:25:36.638122,Recipe_C,e493d977-1289-4420-b102-87061598c92c,8,3.0,,,,6.88,11.11,8.84,10.55,9.17,5.74
2025-12-16T05:25:37.638122,Recipe_C,e493d977-1289-4420-b102-87061598c92c,8,3.0,,,,10.04,9.67,11.63,8.74,11.95,13.0
2025-12-16T05:25:38.638122,Recipe_C,e493d977-1289-4420-b102-87061598c92c,8,3.0,,,,10.94,9.72,10.7,12.66,13.17,9.84
2025-12-16T05:25:39.638122,Recipe_C,e493d977-1289-4420-b102-87061598c92c,8,4.0,,,,99.79,37.24,45.66,51.7,51.3,49.85
2025-12-16T05:25:40.638122,Recipe_C,e493d977-1289-4420-b102-87061598c92c,8,4.0,,,,104.49,60.03,64.92,51.7,51.4,34.81
2025-12-16T05:25:41.638122,Recipe_C,e493d977-1289-4420-b102-87061598c92c,8,4.0,,,,97.48,53.05,48.17,49.63,56.27,47.37
2025-12-16T05:25:42.638122,Recipe_C,e493d977-1289-4420-b102-87061598c92c,8,4.0,,,,104.82,52.1,53.38,57.3,48.15,58.08
2025-12-16T05:25:43.638122,Recipe_C,e493d977-1289-4420-b102-87061598c92c,8,4.0,,,,98.72,48.8,46.15,44.53,50.18,52.61
2025-12-16T05:25:44.638122,Recipe_C,e493d977-1289-4420-b102-87061598c92c,8,4.0,,,,93.81,48.07,57.0,43.74,54.69,48.55
2025-12-16T05:25:45.638122,Recipe_C,e493d977-1289-4420-b102-87061598c92c,8,4.0,,,,104.64,55.87,43.21,50.72,57.65,51.06
2025-12-16T05:25:46.638122,Recipe_C,e493d977-1289-4420-b102-87061598c92c,8,4.0,,,,98.02,53.85,51.6,47.41,46.77,53.3
2025-12-16T05:25:47.638122,Recipe_C,e493d977-1289-4420-b102-87061598c92c,8,4.0,,,,102.99,51.64,39.73,49.14,52.24,57.55
2025-12-16T05:25:48.638122,Recipe_C,e493d977-1289-4420-b102-87061598c92c,8,4.0,,,,92.93,55.97,61.17,42.28,49.79,49.5
2025-12-16T05:25:49.638122,Recipe_C,e493d977-1289-4420-b102-87061598c92c,8,4.0,,,,100.9,46.68,47.13,45.33,55.35,49.25
2025-12-16T05:25:50.638122,Recipe_C,e493d977-1289-4420-b102-87061598c92c,8,4.0,,,,95.87,51.96,48.74,45.14,55.49,48.5
2025-12-16T05:25:51.638122,Recipe_C,e493d977-1289-4420-b102-87061598c92c,8,4.0,,,,105.41,54.53,51.35,46.17,56.95,49.34
2025-12-16T05:25:52.638122,Recipe_C,e493d977-1289-4420-b102-87061598c92c,8,4.0,,,,91.08,50.77,54.11,55.58,49.07,51.25
2025-12-16T05:25:53.638122,Recipe_C,e493d977-1289-4420-b102-87061598c92c,8,4.0,,,,93.99,35.39,50.67,56.34,51.47,53.06
2025-12-16T05:25:54.638122,Recipe_C,e493d977-1289-4420-b102-87061598c92c,8,4.0,,,,98.97,50.53,60.39,59.44,51.09,52.27
2025-12-16T05:25:55.638122,Recipe_C,e493d977-1289-4420-b102-87061598c92c,8,4.0,,,,106.73,60.41,42.13,52.2,48.38,47.08
2025-12-16T05:25:56.638122,Recipe_C,e493d977-1289-4420-b102-87061598c92c,8,4.0,,,,105.45,52.03,62.57,48.64,55.26,51.85
2025-12-16T05:25:57.638122,Recipe_C,e493d977-1289-4420-b102-87061598c92c,8,4.0,,,,101.45,52.91,42.34,54.08,48.49,40.11
2025-12-16T05:25:58.638122,Recipe_C,e493d977-1289-4420-b102-87061598c92c,8,4.0,,,,106.27,51.96,59.7,56.86,50.86,48.87
2025-12-16T05:25:59.638122,Recipe_C,e493d977-1289-4420-b102-87061598c92c,8,4.0,,,,93.71,52.32,49.16,42.87,56.25,55.16
2025-12-16T05:26:00.638122,Recipe_C,e493d977-1289-4420-b102-87061598c92c,8,4.0,,,,100.28,48.6,54.36,46.62,45.3,52.45
2025-12-16T05:26:01.638122,Recipe_C,e493d977-1289-4420-b102-87061598c92c,8,4.0,,,,103.01,49.81,37.48,47.98,38.17,42.77
2025-12-16T05:26:02.638122,Recipe_C,e493d977-1289-4420-b102-87061598c92c,8,4.0,,,,103.76,48.63,51.92,54.98,48.05,47.8
2025-12-16T05:26:03.638122,Recipe_C,e493d977-1289-4420-b102-87061598c92c,8,4.0,,,,102.45,54.46,48.39,49.2,50.35,40.67
2025-12-16T05:26:04.638122,Recipe_C,e493d977-1289-4420-b102-87061598c92c,8,2.0,,,,14.4,7.46,7.36,7.93,9.72,12.04
2025-12-16T05:26:05.638122,Recipe_C,e493d977-1289-4420-b102-87061598c92c,8,2.0,,,,10.07,10.59,6.96,11.27,9.23,8.76
2025-12-16T05:26:06.638122,Recipe_C,e493d977-1289-4420-b102-87061598c92c,8,1.0,,,,7.93,12.52,7.41,11.14,9.46,9.13
2025-12-16T05:26:07.638122,Recipe_C,e493d977-1289-4420-b102-87061598c92c,8,1.0,,,,7.67,9.78,8.06,11.76,9.15,5.92
2025-12-16T05:26:08.638122,Recipe_C,e493d977-1289-4420-b102-87061598c92c,8,1.0,,,,10.51,7.12,9.99,6.72,12.75,10.59
2025-12-16T05:26:09.638122,Recipe_C,e493d977-1289-4420-b102-87061598c92c,8,1.0,,,,9.88,7.87,12.98,11.39,9.35,8.58
2025-12-16T05:26:10.638122,Recipe_C,e493d977-1289-4420-b102-87061598c92c,8,1.0,,,,11.95,11.74,7.19,7.2,11.21,10.43
2025-12-16T05:26:11.638122,Recipe_C,e493d977-1289-4420-b102-87061598c92c,8,1.0,,,,14.38,9.97,9.69,10.29,10.39,6.78
2025-12-16T05:26:12.638122,Recipe_C,e493d977-1289-4420-b102-87061598c92c,8,1.0,,,,11.6,9.83,8.74,10.65,9.97,8.01
2025-12-16T05:26:13.638122,Recipe_C,e493d977-1289-4420-b102-87061598c92c,8,1.0,,,,13.03,13.02,8.37,8.27,7.08,9.13
2025-12-16T05:26:14.638122,Recipe_C,e493d977-1289-4420-b102-87061598c92c,8,1.0,,,,8.29,11.56,8.34,10.7,8.19,9.5
2025-12-16T05:26:15.638122,Recipe_C,e493d977-1289-4420-b102-87061598c92c,8,1.0,,,,8.42,7.47,13.15,8.54,8.58,8.96
2025-12-16T05:26:16.638122,Recipe_C,e493d977-1289-4420-b102-87061598c92c,8,1.0,,,,7.41,12.96,10.87,9.13,11.17,9.94
2025-12-16T05:26:17.638122,Recipe_C,e493d977-1289-4420-b102-87061598c92c,8,1.0,,,,9.23,8.77,10.91,5.69,9.97,10.16
2025-12-16T05:26:18.638122,Recipe_C,e493d977-1289-4420-b102-87061598c92c,8,1.0,,,,12.42,8.43,9.26,7.81,15.95,10.39
2025-12-16T05:26:19.638122,Recipe_C,e493d977-1289-4420-b102-87061598c92c,8,1.0,,,,6.98,10.49,8.2,7.58,9.51,15.14
2025-12-16T05:26:20.638122,Recipe_C,e493d977-1289-4420-b102-87061598c92c,8,1.0,,,,11.0,11.88,12.73,16.61,9.34,11.41
2025-12-16T05:26:21.638122,Recipe_C,e493d977-1289-4420-b102-87061598c92c,8,1.0,,,,10.24,9.09,11.23,13.6,7.41,10.74
2025-12-16T05:26:22.638122,Recipe_C,e493d977-1289-4420-b102-87061598c92c,8,1.0,,,,12.45,11.46,12.05,13.39,9.15,11.76
2025-12-16T05:26:23.638122,Recipe_C,e493d977-1289-4420-b102-87061598c92c,8,1.0,,,,11.16,10.92,9.88,9.24,10.94,9.83
2025-12-16T05:26:24.638122,Recipe_C,e493d977-1289-4420-b102-87061598c92c,8,1.0,,,,6.96,12.44,8.59,7.52,9.68,11.18
2025-12-16T05:26:25.638122,Recipe_C,e493d977-1289-4420-b102-87061598c92c,8,1.0,,,,12.54,9.53,7.24,7.08,11.6,13.04
2025-12-16T05:26:26.638122,Recipe_C,e493d977-1289-4420-b102-87061598c92c,8,1.0,,,,7.88,14.94,8.41,11.67,8.58,10.44
2025-12-16T05:26:27.638122,Recipe_C,e493d977-1289-4420-b102-87061598c92c,8,1.0,,,,9.13,9.97,10.85,14.2,10.52,10.85
2025-12-16T05:26:28.638122,Recipe_C,e493d977-1289-4420-b102-87061598c92c,8,1.0,,,,13.18,9.34,11.65,7.47,13.0,7.43
2025-12-16T05:26:29.638122,Recipe_C,e493d977-1289-4420-b102-87061598c92c,8,1.0,,,,7.77,7.69,9.1,10.38,7.67,9.65
2025-12-16T05:26:30.638122,Recipe_C,e493d977-1289-4420-b102-87061598c92c,8,1.0,,,,10.99,12.06,11.83,11.66,12.77,13.01
2025-12-16T05:26:31.638122,Recipe_C,e493d977-1289-4420-b102-87061598c92c,8,1.0,,,,10.14,11.79,9.82,10.97,9.57,9.2
2025-12-16T05:26:32.638122,Recipe_C,e493d977-1289-4420-b102-87061598c92c,8,1.0,,,,11.79,9.36,11.46,9.92,11.71,13.22
2025-12-16T05:26:33.638122,Recipe_C,e493d977-1289-4420-b102-87061598c92c,8,1.0,,,,5.56,6.16,11.5,11.22,11.18,10.37
2025-12-16T05:26:34.638122,Recipe_C,e493d977-1289-4420-b102-87061598c92c,8,1.0,,,,11.5,11.1,8.72,11.75,11.68,10.91
2025-12-16T05:26:35.638122,Recipe_C,e493d977-1289-4420-b102-87061598c92c,8,1.0,,,,11.86,11.75,10.04,10.22,6.35,10.61
2025-12-16T05:26:36.638122,Recipe_C,e493d977-1289-4420-b102-87061598c92c,8,1.0,,,,11.34,11.56,9.33,8.74,12.55,9.76
2025-12-16T05:26:37.638122,Recipe_C,e493d977-1289-4420-b102-87061598c92c,8,1.0,,,,12.23,9.53,10.58,10.6,10.11,10.3
2025-12-16T05:26:38.638122,Recipe_C,e493d977-1289-4420-b102-87061598c92c,8,1.0,,,,10.0,10.41,6.79,9.79,6.62,8.45
2025-12-16T05:26:39.638122,Recipe_C,e493d977-1289-4420-b102-87061598c92c,8,1.0,,,,8.58,10.53,10.6,11.81,9.48,11.68
2025-12-16T05:26:40.638122,Recipe_C,e493d977-1289-4420-b102-87061598c92c,8,1.0,,,,9.67,9.08,10.05,9.28,7.71,11.4
2025-12-16T05:26:41.638122,Recipe_C,e493d977-1289-4420-b102-87061598c92c,8,1.0,,,,11.14,10.68,10.11,8.3,9.36,10.7
2025-12-16T05:26:42.638122,Recipe_C,e493d977-1289-4420-b102-87061598c92c,8,1.0,,,,6.68,8.11,5.23,9.39,10.41,8.79
2025-12-16T05:26:43.638122,Recipe_C,e493d977-1289-4420-b102-87061598c92c,8,1.0,,,,8.75,7.28,9.11,12.74,8.76,8.94
2025-12-16T05:26:44.638122,Recipe_C,e493d977-1289-4420-b102-87061598c92c,8,1.0,,,,8.54,9.55,14.81,8.57,13.09,10.13
2025-12-16T05:26:45.638122,Recipe_C,e493d977-1289-4420-b102-87061598c92c,8,1.0,,,,7.28,6.75,10.33,9.19,7.6,9.91
2025-12-16T05:26:46.638122,Recipe_C,e493d977-1289-4420-b102-87061598c92c,8,1.0,,,,10.15,8.91,9.5,10.71,11.81,10.04
2025-12-16T05:26:47.638122,Recipe_C,e493d977-1289-4420-b102-87061598c92c,8,1.0,,,,10.43,12.43,11.13,10.6,8.8,10.35
2025-12-16T05:26:48.638122,Recipe_C,e493d977-1289-4420-b102-87061598c92c,8,5.0,,,,9.97,9.1,9.92,13.5,9.74,9.18
2025-12-16T05:26:49.638122,Recipe_C,e493d977-1289-4420-b102-87061598c92c,8,5.0,,,,15.14,12.43,10.49,10.04,12.4,7.43
2025-12-16T05:26:50.638122,Recipe_C,e493d977-1289-4420-b102-87061598c92c,8,5.0,,,,13.02,8.41,13.41,13.29,10.87,11.65
2025-12-16T05:26:51.638122,Recipe_C,e493d977-1289-4420-b102-87061598c92c,8,5.0,,,,12.82,6.47,11.27,11.91,10.58,11.34
2025-12-16T05:26:52.638122,Recipe_C,e493d977-1289-4420-b102-87061598c92c,8,5.0,,,,9.04,9.85,6.09,9.81,11.97,10.87
2025-12-16T05:26:53.638122,Recipe_C,e493d977-1289-4420-b102-87061598c92c,8,5.0,,,,9.27,12.2,12.72,6.41,12.08,6.26
2025-12-16T05:26:54.638122,Recipe_C,e493d977-1289-4420-b102-87061598c92c,8,4.0,,,,101.05,52.93,44.87,44.46,52.89,52.09
2025-12-16T05:26:55.638122,Recipe_C,e493d977-1289-4420-b102-87061598c92c,8,4.0,,,,100.62,49.33,57.36,58.85,44.35,42.69
2025-12-16T05:26:56.638122,Recipe_C,e493d977-1289-4420-b102-87061598c92c,8,4.0,,,,99.82,57.11,47.8,46.9,52.39,51.06
2025-12-16T05:26:57.638122,Recipe_C,e493d977-1289-4420-b102-87061598c92c,8,4.0,,,,93.87,50.15,45.11,44.86,49.29,48.47
2025-12-16T05:26:58.638122,Recipe_C,e493d977-1289-4420-b102-87061598c92c,8,4.0,,,,99.13,59.36,44.18,58.21,46.57,56.78
2025-12-16T05:26:59.638122,Recipe_C,e493d977-1289-4420-b102-87061598c92c,8,4.0,,,,97.82,51.8,55.68,51.42,50.85,54.44
2025-12-16T05:27:00.638122,Recipe_C,e493d977-1289-4420-b102-87061598c92c,8,4.0,,,,99.32,52.76,49.37,46.1,46.92,47.86
2025-12-16T05:27:01.638122,Recipe_C,e493d977-1289-4420-b102-87061598c92c,8,4.0,,,,105.43,54.57,47.28,57.83,52.32,45.27
2025-12-16T05:27:02.638122,Recipe_C,e493d977-1289-4420-b102-87061598c92c,8,4.0,,,,101.52,54.34,55.34,51.87,46.7,54.28
2025-12-16T05:27:03.638122,Recipe_C,e493d977-1289-4420-b102-87061598c92c,8,4.0,,,,98.85,44.68,41.28,57.11,53.72,49.6
2025-12-16T05:27:04.638122,Recipe_C,e493d977-1289-4420-b102-87061598c92c,8,4.0,,,,103.9,49.1,52.99,51.04,52.74,51.44
2025-12-16T05:27:05.638122,Recipe_C,e493d977-1289-4420-b102-87061598c92c,8,4.0,,,,102.54,62.63,55.03,55.65,41.94,49.73
2025-12-16T05:27:06.638122,Recipe_C,e493d977-1289-4420-b102-87061598c92c,8,4.0,,,,100.3,53.79,45.66,46.18,48.69,53.63
2025-12-16T05:27:07.638122,Recipe_C,e493d977-1289-4420-b102-87061598c92c,8,4.0,,,,98.21,52.66,54.42,52.19,50.54,42.29
2025-12-16T05:27:08.638122,Recipe_C,e493d977-1289-4420-b102-87061598c92c,8,4.0,,,,100.72,56.95,55.88,47.43,57.21,61.38
2025-12-16T05:27:09.638122,Recipe_C,e493d977-1289-4420-b102-87061598c92c,8,4.0,,,,105.68,51.35,49.7,42.93,43.94,50.72
2025-12-16T05:27:10.638122,Recipe_C,e493d977-1289-4420-b102-87061598c92c,8,4.0,,,,100.47,46.39,46.51,56.79,58.47,46.59
2025-12-16T05:27:11.638122,Recipe_C,e493d977-1289-4420-b102-87061598c92c,8,3.0,,,,8.64,5.87,8.96,9.4,8.63,8.26
2025-12-16T05:27:12.638122,Recipe_C,e493d977-1289-4420-b102-87061598c92c,8,3.0,,,,8.25,6.64,6.91,9.39,7.09,12.23
2025-12-16T05:27:13.638122,Recipe_C,e493d977-1289-4420-b102-87061598c92c,8,3.0,,,,6.26,9.49,6.92,9.14,7.68,12.76
2025-12-16T05:27:14.638122,Recipe_C,e493d977-1289-4420-b102-87061598c92c,8,3.0,,,,12.47,9.98,10.4,11.65,9.77,6.85
2025-12-16T05:27:15.638122,Recipe_C,e493d977-1289-4420-b102-87061598c92c,8,3.0,,,,11.08,12.21,6.28,10.09,10.84,11.38
2025-12-16T05:27:16.638122,Recipe_C,e493d977-1289-4420-b102-87061598c92c,8,3.0,,,,12.96,11.87,8.94,10.39,12.07,10.2
2025-12-16T05:27:17.638122,Recipe_C,e493d977-1289-4420-b102-87061598c92c,8,3.0,,,,9.5,12.61,9.38,10.84,7.55,5.26
2025-12-16T05:27:18.638122,Recipe_C,e493d977-1289-4420-b102-87061598c92c,8,3.0,,,,9.49,11.13,8.24,12.33,10.68,12.82
2025-12-16T05:27:19.638122,Recipe_C,e493d977-1289-4420-b102-87061598c92c,8,3.0,,,,11.87,8.13,10.69,9.65,12.25,8.63
2025-12-16T05:27:20.638122,Recipe_C,e493d977-1289-4420-b102-87061598c92c,8,3.0,,,,8.83,6.02,12.33,9.4,7.36,7.47
2025-12-16T05:27:21.638122,Recipe_C,e493d977-1289-4420-b102-87061598c92c,8,3.0,,,,5.98,7.93,8.82,8.86,8.91,11.78
2025-12-16T05:27:22.638122,Recipe_C,e493d977-1289-4420-b102-87061598c92c,8,3.0,,,,7.96,11.47,11.29,10.1,9.7,10.08
2025-12-16T05:27:23.638122,Recipe_C,e493d977-1289-4420-b102-87061598c92c,8,3.0,,,,8.39,11.6,11.03,8.53,8.19,10.31
2025-12-16T05:27:24.638122,Recipe_C,e493d977-1289-4420-b102-87061598c92c,8,3.0,,,,8.32,11.73,9.05,11.52,11.08,11.98
2025-12-16T05:27:25.638122,Recipe_C,e493d977-1289-4420-b102-87061598c92c,8,3.0,,,,10.67,6.46,7.09,10.42,7.14,9.38
2025-12-16T05:27:26.638122,Recipe_C,e493d977-1289-4420-b102-87061598c92c,8,5.0,,,,11.77,10.78,8.7,8.27,11.56,11.77
2025-12-16T05:27:27.638122,Recipe_C,e493d977-1289-4420-b102-87061598c92c,8,5.0,,,,9.96,8.96,9.83,9.02,7.96,8.44
2025-12-16T05:27:28.638122,Recipe_C,e493d977-1289-4420-b102-87061598c92c,8,5.0,,,,12.41,8.71,9.46,9.92,9.06,8.21
2025-12-16T05:27:29.638122,Recipe_C,e493d977-1289-4420-b102-87061598c92c,8,5.0,,,,7.09,12.03,10.44,11.4,11.68,6.63
2025-12-16T05:27:30.638122,Recipe_C,e493d977-1289-4420-b102-87061598c92c,8,5.0,,,,8.49,8.49,10.12,12.48,9.01,11.31
2025-12-16T05:27:31.638122,Recipe_C,e493d977-1289-4420-b102-87061598c92c,8,5.0,,,,10.38,4.43,8.24,9.59,10.4,10.09
2025-12-16T05:27:32.638122,Recipe_C,e493d977-1289-4420-b102-87061598c92c,8,5.0,,,,9.05,10.5,7.22,10.14,7.79,9.29
2025-12-16T05:27:32.638122,Recipe_C,e493d977-1289-4420-b102-87061598c92c,8,5.0,Warning_2,Simulated Warning occurred,Warning,,,,,,
2025-12-16T05:27:33.638122,Recipe_C,e493d977-1289-4420-b102-87061598c92c,8,5.0,,,,6.17,9.9,8.41,4.94,9.78,11.4
2025-12-16T05:27:34.638122,Recipe_C,e493d977-1289-4420-b102-87061598c92c,8,5.0,,,,11.88,14.85,7.66,6.13,8.22,11.62
2025-12-16T05:27:35.638122,Recipe_C,e493d977-1289-4420-b102-87061598c92c,8,5.0,,,,9.78,6.94,11.15,9.25,7.08,10.24
2025-12-16T05:27:36.638122,Recipe_C,e493d977-1289-4420-b102-87061598c92c,8,5.0,,,,9.81,6.21,11.37,11.49,9.3,5.8
2025-12-16T05:27:37.638122,Recipe_C,e493d977-1289-4420-b102-87061598c92c,8,5.0,,,,11.37,10.59,9.87,8.87,9.6,9.81
2025-12-16T05:27:38.638122,Recipe_C,e493d977-1289-4420-b102-87061598c92c,8,5.0,,,,3.67,11.26,9.69,11.31,9.19,7.84
2025-12-16T05:27:39.638122,Recipe_C,e493d977-1289-4420-b102-87061598c92c,8,5.0,,,,8.86,10.97,9.4,11.64,11.06,8.28
2025-12-16T05:27:40.638122,Recipe_C,e493d977-1289-4420-b102-87061598c92c,8,5.0,,,,13.06,8.91,11.03,8.82,10.81,11.68
2025-12-16T05:27:41.638122,Recipe_C,e493d977-1289-4420-b102-87061598c92c,8,5.0,,,,9.37,7.65,11.55,14.61,12.6,10.72
2025-12-16T05:27:42.638122,Recipe_C,e493d977-1289-4420-b102-87061598c92c,8,5.0,,,,12.41,8.11,10.01,8.93,8.2,6.88
2025-12-16T05:27:43.638122,Recipe_C,e493d977-1289-4420-b102-87061598c92c,8,5.0,,,,10.69,10.0,11.43,13.39,11.94,8.96
2025-12-16T05:27:44.638122,Recipe_C,e493d977-1289-4420-b102-87061598c92c,8,5.0,,,,7.97,6.65,10.04,9.47,8.91,7.48
2025-12-16T05:27:45.638122,Recipe_C,e493d977-1289-4420-b102-87061598c92c,8,5.0,,,,8.1,8.9,10.21,11.65,11.39,9.51
2025-12-16T05:27:46.638122,Recipe_C,e493d977-1289-4420-b102-87061598c92c,8,5.0,,,,7.32,10.56,14.57,12.77,7.53,9.38
2025-12-16T05:27:47.638122,Recipe_C,e493d977-1289-4420-b102-87061598c92c,8,5.0,,,,10.41,11.93,7.21,8.66,13.2,12.73
2025-12-16T05:27:48.638122,Recipe_C,e493d977-1289-4420-b102-87061598c92c,8,5.0,,,,8.49,10.68,9.07,10.37,15.14,6.06
2025-12-16T05:27:49.638122,Recipe_C,e493d977-1289-4420-b102-87061598c92c,8,5.0,,,,8.58,11.19,9.84,7.84,8.97,8.69
2025-12-16T05:27:50.638122,Recipe_C,e493d977-1289-4420-b102-87061598c92c,8,5.0,,,,8.72,10.03,11.2,10.79,8.67,9.62
2025-12-16T05:27:51.638122,Recipe_C,e493d977-1289-4420-b102-87061598c92c,8,5.0,,,,10.64,10.73,7.7,7.8,6.9,8.1
2025-12-16T05:27:52.638122,Recipe_C,e493d977-1289-4420-b102-87061598c92c,8,5.0,,,,9.86,13.35,8.25,10.37,7.73,10.32
2025-12-16T05:27:53.638122,Recipe_C,e493d977-1289-4420-b102-87061598c92c,8,5.0,,,,12.85,12.49,8.79,5.57,11.24,11.72
2025-12-16T05:27:54.638122,Recipe_C,e493d977-1289-4420-b102-87061598c92c,8,5.0,,,,10.22,11.35,11.37,11.31,6.98,10.13
2025-12-16T05:27:55.638122,Recipe_C,e493d977-1289-4420-b102-87061598c92c,8,5.0,,,,11.24,8.59,10.22,15.86,12.83,7.73
2025-12-16T05:27:56.638122,Recipe_C,e493d977-1289-4420-b102-87061598c92c,8,5.0,,,,9.37,10.9,7.19,9.43,8.49,9.97
2025-12-16T05:27:57.638122,Recipe_C,e493d977-1289-4420-b102-87061598c92c,8,5.0,,,,11.48,12.19,7.53,9.2,9.3,9.64
2025-12-16T05:27:58.638122,Recipe_C,e493d977-1289-4420-b102-87061598c92c,8,5.0,,,,10.66,8.7,10.17,12.04,7.69,10.28
2025-12-16T05:27:59.638122,Recipe_C,e493d977-1289-4420-b102-87061598c92c,8,5.0,,,,12.48,9.53,13.97,11.73,9.37,11.63
2025-12-16T05:28:00.638122,Recipe_C,e493d977-1289-4420-b102-87061598c92c,8,5.0,,,,9.32,9.32,6.64,10.38,12.87,12.73
2025-12-16T05:28:01.638122,Recipe_C,e493d977-1289-4420-b102-87061598c92c,8,5.0,,,,10.63,11.74,10.53,10.9,10.28,10.81
2025-12-16T05:28:02.638122,Recipe_C,e493d977-1289-4420-b102-87061598c92c,8,5.0,,,,5.76,12.18,7.67,13.72,9.99,13.31
2025-12-16T05:28:03.638122,Recipe_C,e493d977-1289-4420-b102-87061598c92c,8,5.0,,,,11.49,8.77,8.32,8.24,6.3,10.9
2025-12-16T05:28:04.638122,Recipe_C,e493d977-1289-4420-b102-87061598c92c,8,5.0,,,,9.25,13.52,10.14,11.21,12.52,11.43
2025-12-16T05:28:05.638122,Recipe_C,e493d977-1289-4420-b102-87061598c92c,8,5.0,,,,9.0,9.65,10.63,8.24,12.82,9.66
2025-12-16T05:28:06.638122,Recipe_C,e493d977-1289-4420-b102-87061598c92c,8,5.0,,,,9.29,13.34,12.79,12.19,13.39,9.79
2025-12-16T05:28:07.638122,Recipe_C,e493d977-1289-4420-b102-87061598c92c,8,5.0,,,,9.43,9.09,11.61,7.31,10.26,14.69
2025-12-16T05:28:08.638122,Recipe_C,e493d977-1289-4420-b102-87061598c92c,8,5.0,,,,11.77,11.57,11.5,9.16,12.39,11.16
2025-12-16T05:28:09.638122,Recipe_C,e493d977-1289-4420-b102-87061598c92c,8,5.0,,,,10.26,14.06,10.67,12.81,9.23,6.38
2025-12-16T05:28:10.638122,Recipe_C,e493d977-1289-4420-b102-87061598c92c,8,5.0,,,,12.11,11.34,7.36,6.68,8.37,8.32
2025-12-16T05:28:11.638122,Recipe_C,e493d977-1289-4420-b102-87061598c92c,8,5.0,,,,8.56,7.61,10.36,10.53,9.72,8.52
2025-12-16T05:28:12.638122,Recipe_C,e493d977-1289-4420-b102-87061598c92c,8,5.0,,,,15.62,10.97,9.92,9.52,10.41,11.18
2025-12-16T05:28:13.638122,Recipe_C,e493d977-1289-4420-b102-87061598c92c,8,5.0,,,,10.39,10.02,11.06,10.97,9.21,8.46
2025-12-16T05:28:14.638122,Recipe_C,e493d977-1289-4420-b102-87061598c92c,8,5.0,,,,8.76,10.23,9.16,9.29,7.21,8.55
2025-12-16T05:28:15.638122,Recipe_C,e493d977-1289-4420-b102-87061598c92c,8,5.0,,,,9.86,8.76,10.58,11.02,9.63,12.01
2025-12-16T05:28:16.638122,Recipe_C,e493d977-1289-4420-b102-87061598c92c,8,5.0,,,,8.69,9.76,9.29,8.47,6.71,11.09
2025-12-16T05:28:17.638122,Recipe_C,e493d977-1289-4420-b102-87061598c92c,8,5.0,,,,9.72,8.88,10.02,10.68,11.74,9.33
2025-12-16T05:28:18.638122,Recipe_C,e493d977-1289-4420-b102-87061598c92c,8,5.0,,,,10.89,10.18,7.77,11.17,8.09,12.69
2025-12-16T05:28:19.638122,Recipe_C,e493d977-1289-4420-b102-87061598c92c,8,5.0,,,,10.73,10.29,12.49,9.95,9.13,10.45
2025-12-16T05:28:20.638122,Recipe_C,e493d977-1289-4420-b102-87061598c92c,8,5.0,,,,13.85,10.76,7.51,9.63,11.56,10.6
2025-12-16T05:28:21.638122,Recipe_C,e493d977-1289-4420-b102-87061598c92c,8,5.0,,,,9.24,7.55,10.54,8.6,8.58,12.04
2025-12-16T05:28:22.638122,Recipe_C,e493d977-1289-4420-b102-87061598c92c,8,5.0,,,,10.93,12.25,5.04,8.87,7.45,11.32
2025-12-16T05:28:23.638122,Recipe_C,e493d977-1289-4420-b102-87061598c92c,8,5.0,,,,11.12,12.28,10.05,11.77,8.45,12.86
2025-12-16T05:28:24.638122,Recipe_C,e493d977-1289-4420-b102-87061598c92c,8,5.0,,,,14.33,7.94,11.26,9.16,7.7,6.87
2025-12-16T05:28:25.638122,Recipe_C,e493d977-1289-4420-b102-87061598c92c,8,5.0,,,,10.45,8.15,11.65,8.91,11.73,9.26
2025-12-16T05:28:26.638122,Recipe_C,e493d977-1289-4420-b102-87061598c92c,8,5.0,,,,11.43,7.38,10.7,11.26,13.4,6.8
2025-12-16T05:28:27.638122,Recipe_C,e493d977-1289-4420-b102-87061598c92c,8,5.0,,,,6.81,10.95,14.63,9.35,9.19,8.56
2025-12-16T05:28:28.638122,Recipe_C,e493d977-1289-4420-b102-87061598c92c,8,5.0,,,,9.38,12.87,9.23,12.9,8.43,10.68
2025-12-16T05:28:29.638122,Recipe_C,e493d977-1289-4420-b102-87061598c92c,8,5.0,,,,15.11,9.71,5.81,11.63,9.56,8.72
2025-12-16T05:28:30.638122,Recipe_C,e493d977-1289-4420-b102-87061598c92c,8,5.0,,,,8.6,10.03,9.28,9.67,10.18,6.21
2025-12-16T05:28:31.638122,Recipe_C,e493d977-1289-4420-b102-87061598c92c,8,5.0,,,,13.01,9.39,8.9,7.46,10.81,10.33
2025-12-16T05:28:32.638122,Recipe_C,e493d977-1289-4420-b102-87061598c92c,8,5.0,,,,12.84,8.31,11.82,8.14,8.86,10.3
2025-12-16T05:28:33.638122,Recipe_C,e493d977-1289-4420-b102-87061598c92c,8,5.0,,,,9.1,9.01,8.8,9.4,10.65,11.91
2025-12-16T05:28:34.638122,Recipe_C,e493d977-1289-4420-b102-87061598c92c,8,5.0,,,,10.69,8.11,9.08,11.35,11.18,13.18
2025-12-16T05:28:35.638122,Recipe_C,e493d977-1289-4420-b102-87061598c92c,8,5.0,,,,9.04,8.03,14.44,8.05,10.92,8.29
2025-12-16T05:28:36.638122,Recipe_C,e493d977-1289-4420-b102-87061598c92c,8,5.0,,,,4.67,13.26,7.05,8.52,7.46,11.91
2025-12-16T05:28:37.638122,Recipe_C,e493d977-1289-4420-b102-87061598c92c,8,5.0,,,,8.4,14.36,11.6,11.55,7.51,8.11
2025-12-16T05:28:38.638122,Recipe_C,e493d977-1289-4420-b102-87061598c92c,8,5.0,,,,11.43,11.43,11.04,12.04,10.16,10.75
2025-12-16T05:28:39.638122,Recipe_C,e493d977-1289-4420-b102-87061598c92c,8,5.0,,,,9.44,9.66,7.2,9.47,11.01,9.97
2025-12-16T05:28:40.638122,Recipe_C,e493d977-1289-4420-b102-87061598c92c,8,5.0,,,,10.8,12.52,13.28,10.49,6.36,6.76
2025-12-16T05:28:41.638122,Recipe_C,e493d977-1289-4420-b102-87061598c92c,8,5.0,,,,12.08,9.86,9.25,10.62,7.88,11.0
2025-12-16T05:28:42.638122,Recipe_C,e493d977-1289-4420-b102-87061598c92c,8,5.0,,,,8.72,13.4,8.12,10.44,10.38,11.18
2025-12-16T05:28:43.638122,Recipe_C,e493d977-1289-4420-b102-87061598c92c,8,5.0,,,,10.63,10.91,5.63,10.59,8.87,12.72
2025-12-16T05:28:44.638122,Recipe_C,e493d977-1289-4420-b102-87061598c92c,8,5.0,,,,14.42,6.89,10.55,9.99,8.23,6.69
2025-12-16T05:28:45.638122,Recipe_C,e493d977-1289-4420-b102-87061598c92c,8,5.0,,,,11.22,10.62,6.67,8.85,7.28,11.59
2025-12-16T05:28:46.638122,Recipe_C,e493d977-1289-4420-b102-87061598c92c,8,5.0,,,,9.32,9.84,9.37,10.53,8.46,9.12
2025-12-16T05:28:47.638122,Recipe_C,e493d977-1289-4420-b102-87061598c92c,8,5.0,,,,10.57,9.99,9.9,11.77,11.03,9.33
2025-12-16T05:28:48.638122,Recipe_C,e493d977-1289-4420-b102-87061598c92c,8,5.0,,,,10.16,7.95,9.57,9.04,11.39,9.95
2025-12-16T05:28:49.638122,Recipe_C,e493d977-1289-4420-b102-87061598c92c,8,5.0,,,,7.68,7.94,10.62,7.05,12.67,10.38
2025-12-16T05:28:50.638122,Recipe_C,e493d977-1289-4420-b102-87061598c92c,8,5.0,,,,11.3,9.48,6.02,10.63,8.72,9.86
2025-12-16T05:28:51.638122,Recipe_C,e493d977-1289-4420-b102-87061598c92c,8,5.0,,,,9.02,13.45,6.67,9.76,8.82,11.75
2025-12-16T05:28:52.638122,Recipe_C,e493d977-1289-4420-b102-87061598c92c,8,5.0,,,,7.52,5.92,8.17,10.93,10.83,3.72
2025-12-16T05:28:53.638122,Recipe_C,e493d977-1289-4420-b102-87061598c92c,8,1.0,,,,10.12,9.24,6.62,10.97,11.14,8.53
2025-12-16T05:28:54.638122,Recipe_C,e493d977-1289-4420-b102-87061598c92c,8,1.0,,,,10.19,10.88,7.2,11.59,12.62,7.46
2025-12-16T05:28:55.638122,Recipe_C,e493d977-1289-4420-b102-87061598c92c,8,1.0,,,,4.43,9.27,8.16,10.13,7.77,11.72
2025-12-16T05:28:56.638122,Recipe_C,e493d977-1289-4420-b102-87061598c92c,8,1.0,,,,11.3,13.16,8.49,8.33,10.78,9.34
2025-12-16T05:28:57.638122,Recipe_C,e493d977-1289-4420-b102-87061598c92c,8,1.0,,,,8.5,12.36,10.74,10.48,10.78,9.85
2025-12-16T05:28:58.638122,Recipe_C,e493d977-1289-4420-b102-87061598c92c,8,1.0,,,,6.97,12.16,8.85,12.4,9.06,10.46
2025-12-16T05:28:59.638122,Recipe_C,e493d977-1289-4420-b102-87061598c92c,8,1.0,,,,11.56,11.48,5.24,8.07,9.3,8.27
2025-12-16T05:29:00.638122,Recipe_C,e493d977-1289-4420-b102-87061598c92c,8,1.0,,,,10.6,11.59,8.76,9.52,12.38,11.34
2025-12-16T05:29:01.638122,Recipe_C,e493d977-1289-4420-b102-87061598c92c,8,1.0,,,,9.83,7.42,8.99,9.51,13.72,11.03
2025-12-16T05:29:02.638122,Recipe_C,e493d977-1289-4420-b102-87061598c92c,8,1.0,,,,9.99,12.84,13.99,11.85,9.61,11.91
2025-12-16T05:29:03.638122,Recipe_C,e493d977-1289-4420-b102-87061598c92c,8,1.0,,,,9.97,11.21,11.22,12.78,6.36,12.32
2025-12-16T05:29:04.638122,Recipe_C,e493d977-1289-4420-b102-87061598c92c,8,1.0,,,,8.58,8.6,8.13,14.75,6.57,8.29
2025-12-16T05:29:05.638122,Recipe_C,e493d977-1289-4420-b102-87061598c92c,8,1.0,,,,10.65,11.67,13.49,11.38,11.38,9.29
2025-12-16T05:29:06.638122,Recipe_C,e493d977-1289-4420-b102-87061598c92c,8,1.0,,,,10.98,7.65,10.87,7.75,11.8,10.51
2025-12-16T05:29:07.638122,Recipe_C,e493d977-1289-4420-b102-87061598c92c,8,1.0,,,,7.53,6.57,9.51,11.37,10.32,8.66
2025-12-16T05:29:08.638122,Recipe_C,e493d977-1289-4420-b102-87061598c92c,8,1.0,,,,8.67,12.32,6.55,8.98,11.57,6.58
2025-12-16T05:29:09.638122,Recipe_C,e493d977-1289-4420-b102-87061598c92c,8,1.0,,,,10.57,11.1,10.36,10.61,6.62,11.75
2025-12-16T05:29:10.638122,Recipe_C,e493d977-1289-4420-b102-87061598c92c,8,1.0,,,,10.4,7.93,11.47,7.23,11.38,10.18
2025-12-16T05:29:11.638122,Recipe_C,e493d977-1289-4420-b102-87061598c92c,8,1.0,,,,8.2,8.37,10.57,6.98,10.98,12.55
2025-12-16T05:29:12.638122,Recipe_C,e493d977-1289-4420-b102-87061598c92c,8,1.0,,,,6.81,9.66,8.9,8.36,11.71,13.23
2025-12-16T05:29:13.638122,Recipe_C,e493d977-1289-4420-b102-87061598c92c,8,1.0,,,,9.0,9.25,10.92,8.56,10.57,12.07
2025-12-16T05:29:14.638122,Recipe_C,e493d977-1289-4420-b102-87061598c92c,8,1.0,,,,11.63,9.06,7.4,11.89,11.16,8.34
2025-12-16T05:29:15.638122,Recipe_C,e493d977-1289-4420-b102-87061598c92c,8,1.0,,,,7.17,10.32,7.76,9.63,8.55,7.62
2025-12-16T05:29:16.638122,Recipe_C,e493d977-1289-4420-b102-87061598c92c,8,1.0,,,,10.56,7.54,11.97,9.6,9.08,10.73
2025-12-16T05:29:17.638122,Recipe_C,e493d977-1289-4420-b102-87061598c92c,8,1.0,,,,12.53,9.84,11.2,9.77,12.41,9.96
2025-12-16T05:29:18.638122,Recipe_C,e493d977-1289-4420-b102-87061598c92c,8,1.0,,,,9.51,10.63,9.26,7.47,7.22,10.24
2025-12-16T05:29:19.638122,Recipe_C,e493d977-1289-4420-b102-87061598c92c,8,1.0,,,,10.42,9.52,9.61,7.76,10.0,9.24
2025-12-16T05:29:20.638122,Recipe_C,e493d977-1289-4420-b102-87061598c92c,8,1.0,,,,9.02,12.86,12.42,11.51,12.28,11.57
2025-12-16T05:29:21.638122,Recipe_C,e493d977-1289-4420-b102-87061598c92c,8,1.0,,,,11.9,12.56,9.81,9.55,9.86,9.52
2025-12-16T05:29:22.638122,Recipe_C,e493d977-1289-4420-b102-87061598c92c,8,1.0,,,,10.23,12.07,9.95,10.47,7.98,9.67
2025-12-16T05:29:23.638122,Recipe_C,e493d977-1289-4420-b102-87061598c92c,8,1.0,,,,9.68,7.59,13.61,9.39,10.32,10.42
2025-12-16T05:29:24.638122,Recipe_C,e493d977-1289-4420-b102-87061598c92c,8,1.0,,,,9.54,10.93,8.33,7.68,13.9,10.47
2025-12-16T05:29:25.638122,Recipe_C,e493d977-1289-4420-b102-87061598c92c,8,1.0,,,,9.43,11.33,8.75,10.46,8.18,8.55
2025-12-16T05:29:26.638122,Recipe_C,e493d977-1289-4420-b102-87061598c92c,8,1.0,,,,7.47,11.98,9.51,10.84,9.24,13.37
2025-12-16T05:29:27.638122,Recipe_C,e493d977-1289-4420-b102-87061598c92c,8,1.0,,,,10.09,10.59,8.51,11.44,9.22,10.19
2025-12-16T05:29:28.638122,Recipe_C,e493d977-1289-4420-b102-87061598c92c,8,1.0,,,,12.48,7.35,11.36,14.08,8.73,7.73
2025-12-16T05:29:29.638122,Recipe_C,e493d977-1289-4420-b102-87061598c92c,8,1.0,,,,7.21,8.82,8.94,11.47,11.83,8.78
2025-12-16T05:29:30.638122,Recipe_C,e493d977-1289-4420-b102-87061598c92c,8,1.0,,,,10.19,10.81,11.75,11.62,10.39,9.11
2025-12-16T05:29:31.638122,Recipe_C,e493d977-1289-4420-b102-87061598c92c,8,1.0,,,,11.26,11.27,11.04,9.71,11.23,8.42
2025-12-16T05:29:32.638122,Recipe_C,e493d977-1289-4420-b102-87061598c92c,8,1.0,,,,7.06,11.97,10.0,11.65,12.57,13.9
2025-12-16T05:29:33.638122,Recipe_C,e493d977-1289-4420-b102-87061598c92c,8,1.0,,,,9.59,7.09,11.1,7.94,7.38,10.17
2025-12-16T05:29:34.638122,Recipe_C,e493d977-1289-4420-b102-87061598c92c,8,1.0,,,,11.03,11.22,9.5,9.9,10.26,8.85
2025-12-16T05:29:35.638122,Recipe_C,e493d977-1289-4420-b102-87061598c92c,8,1.0,,,,11.45,9.5,12.12,8.14,8.65,11.7
2025-12-16T05:29:36.638122,Recipe_C,e493d977-1289-4420-b102-87061598c92c,8,1.0,,,,10.92,11.75,10.76,13.62,12.14,8.68
2025-12-16T05:29:37.638122,Recipe_C,e493d977-1289-4420-b102-87061598c92c,8,1.0,,,,12.16,8.03,10.26,10.46,9.68,10.21
2025-12-16T05:29:38.638122,Recipe_C,e493d977-1289-4420-b102-87061598c92c,8,1.0,,,,10.77,11.07,9.17,10.8,10.33,10.85
2025-12-16T05:29:39.638122,Recipe_C,e493d977-1289-4420-b102-87061598c92c,8,1.0,,,,11.52,12.09,9.57,5.77,9.68,6.74
2025-12-16T05:29:40.638122,Recipe_C,e493d977-1289-4420-b102-87061598c92c,8,1.0,,,,13.09,8.81,12.27,10.37,11.36,9.78
2025-12-16T05:29:41.638122,Recipe_C,e493d977-1289-4420-b102-87061598c92c,8,1.0,,,,9.28,8.6,10.75,9.71,11.56,6.7
2025-12-16T05:29:42.638122,Recipe_C,e493d977-1289-4420-b102-87061598c92c,8,1.0,,,,5.35,8.11,7.62,11.8,8.01,8.9
2025-12-16T05:29:43.638122,Recipe_C,e493d977-1289-4420-b102-87061598c92c,8,1.0,,,,11.42,5.5,12.25,7.2,8.62,8.04
2025-12-16T05:29:44.638122,Recipe_C,e493d977-1289-4420-b102-87061598c92c,8,1.0,,,,11.65,12.04,10.91,9.79,8.59,15.18
2025-12-16T05:29:45.638122,Recipe_C,e493d977-1289-4420-b102-87061598c92c,8,1.0,,,,11.07,7.05,12.07,10.21,11.61,9.94
2025-12-16T05:29:46.638122,Recipe_C,e493d977-1289-4420-b102-87061598c92c,8,1.0,,,,11.6,10.29,11.62,13.62,10.88,8.98
2025-12-16T05:29:47.638122,Recipe_C,e493d977-1289-4420-b102-87061598c92c,8,1.0,,,,7.87,8.7,9.87,9.79,10.13,12.25
2025-12-16T05:29:48.638122,Recipe_C,e493d977-1289-4420-b102-87061598c92c,8,1.0,,,,10.35,14.48,10.65,7.94,12.01,9.79
2025-12-16T05:29:49.638122,Recipe_C,e493d977-1289-4420-b102-87061598c92c,8,1.0,,,,5.42,8.23,9.34,10.57,10.12,12.15
2025-12-16T05:29:50.638122,Recipe_C,e493d977-1289-4420-b102-87061598c92c,8,1.0,,,,11.31,10.29,9.62,7.48,9.88,9.64
2025-12-16T05:29:51.638122,Recipe_C,e493d977-1289-4420-b102-87061598c92c,8,1.0,,,,11.56,12.15,9.87,11.77,10.68,8.77
2025-12-16T05:29:52.638122,Recipe_C,e493d977-1289-4420-b102-87061598c92c,8,1.0,,,,11.66,11.58,13.52,11.43,8.27,5.75
2025-12-16T05:29:53.638122,Recipe_C,e493d977-1289-4420-b102-87061598c92c,8,1.0,,,,9.87,10.07,10.02,15.08,12.09,7.71
2025-12-16T05:29:54.638122,Recipe_C,e493d977-1289-4420-b102-87061598c92c,8,4.0,,,,98.81,49.21,45.7,49.83,47.28,51.9
2025-12-16T05:29:55.638122,Recipe_C,e493d977-1289-4420-b102-87061598c92c,8,4.0,,,,100.36,52.47,48.27,42.65,43.59,49.34
2025-12-16T05:29:56.638122,Recipe_C,e493d977-1289-4420-b102-87061598c92c,8,4.0,,,,104.76,57.46,46.88,49.93,41.98,46.76
2025-12-16T05:29:57.638122,Recipe_C,e493d977-1289-4420-b102-87061598c92c,8,4.0,,,,99.15,50.07,55.86,50.62,46.53,52.54
2025-12-16T05:29:58.638122,Recipe_C,e493d977-1289-4420-b102-87061598c92c,8,4.0,,,,96.19,49.38,43.65,49.23,53.67,43.41
2025-12-16T05:29:59.638122,Recipe_C,e493d977-1289-4420-b102-87061598c92c,8,4.0,,,,105.05,45.16,52.97,44.72,48.01,53.77
2025-12-16T05:30:00.638122,Recipe_C,e493d977-1289-4420-b102-87061598c92c,8,4.0,,,,95.21,44.94,53.32,57.52,45.81,55.88
2025-12-16T05:30:01.638122,Recipe_C,e493d977-1289-4420-b102-87061598c92c,8,4.0,,,,104.01,51.91,49.13,55.88,45.37,48.67
2025-12-16T05:30:02.638122,Recipe_C,e493d977-1289-4420-b102-87061598c92c,8,4.0,,,,95.15,51.39,51.77,60.79,55.98,51.84
2025-12-16T05:30:03.638122,Recipe_C,e493d977-1289-4420-b102-87061598c92c,8,4.0,,,,101.9,50.6,50.14,51.69,58.48,55.44
2025-12-16T05:30:04.638122,Recipe_C,e493d977-1289-4420-b102-87061598c92c,8,4.0,,,,94.58,53.31,55.41,52.54,44.48,48.74
2025-12-16T05:30:05.638122,Recipe_C,e493d977-1289-4420-b102-87061598c92c,8,4.0,,,,100.43,43.25,56.89,51.77,50.74,43.8
2025-12-16T05:30:06.638122,Recipe_C,e493d977-1289-4420-b102-87061598c92c,8,4.0,,,,102.1,46.78,51.29,54.55,48.5,49.71
2025-12-16T05:30:07.638122,Recipe_C,e493d977-1289-4420-b102-87061598c92c,8,4.0,,,,97.56,52.31,52.05,45.51,44.66,49.62
2025-12-16T05:30:08.638122,Recipe_C,e493d977-1289-4420-b102-87061598c92c,8,4.0,,,,99.26,48.75,47.48,46.9,49.77,43.89
2025-12-16T05:30:09.638122,Recipe_C,e493d977-1289-4420-b102-87061598c92c,8,4.0,,,,99.22,47.81,52.83,48.03,48.19,45.11
2025-12-16T05:30:10.638122,Recipe_C,e493d977-1289-4420-b102-87061598c92c,8,4.0,,,,104.56,45.35,52.69,58.94,46.33,58.2
2025-12-16T05:30:11.638122,Recipe_C,e493d977-1289-4420-b102-87061598c92c,8,4.0,,,,103.96,43.33,53.41,45.41,48.01,44.69
2025-12-16T05:30:12.638122,Recipe_C,e493d977-1289-4420-b102-87061598c92c,8,4.0,,,,104.38,46.2,45.78,44.92,60.85,52.66
2025-12-16T05:30:13.638122,Recipe_C,e493d977-1289-4420-b102-87061598c92c,8,4.0,,,,106.65,54.96,45.78,47.2,57.94,49.94
2025-12-16T05:30:14.638122,Recipe_C,e493d977-1289-4420-b102-87061598c92c,8,4.0,,,,95.67,52.68,52.79,55.53,49.65,52.35
2025-12-16T05:30:15.638122,Recipe_C,e493d977-1289-4420-b102-87061598c92c,8,4.0,,,,99.38,45.73,45.6,46.46,47.46,42.7
2025-12-16T05:30:16.638122,Recipe_C,e493d977-1289-4420-b102-87061598c92c,8,4.0,,,,105.01,45.97,53.04,51.33,51.54,47.0
2025-12-16T05:30:17.638122,Recipe_C,e493d977-1289-4420-b102-87061598c92c,8,4.0,,,,95.15,51.48,51.23,43.47,53.28,48.01
2025-12-16T05:30:18.638122,Recipe_C,e493d977-1289-4420-b102-87061598c92c,8,4.0,,,,94.51,51.66,48.69,48.94,51.62,50.3
2025-12-16T05:30:19.638122,Recipe_C,e493d977-1289-4420-b102-87061598c92c,8,4.0,,,,88.92,50.43,51.68,52.54,54.41,47.74
2025-12-16T05:30:20.638122,Recipe_C,e493d977-1289-4420-b102-87061598c92c,8,4.0,,,,97.02,55.79,53.01,53.43,51.9,57.44
2025-12-16T05:30:21.638122,Recipe_C,e493d977-1289-4420-b102-87061598c92c,8,4.0,,,,94.17,38.84,50.64,43.77,52.0,56.2
2025-12-16T05:30:22.638122,Recipe_C,e493d977-1289-4420-b102-87061598c92c,8,4.0,,,,96.47,48.24,49.09,52.68,56.06,50.34
2025-12-16T05:30:23.638122,Recipe_C,e493d977-1289-4420-b102-87061598c92c,8,4.0,,,,102.53,43.57,49.03,46.33,45.93,53.84
2025-12-16T05:30:24.638122,Recipe_C,e493d977-1289-4420-b102-87061598c92c,8,4.0,,,,103.34,54.32,48.08,49.78,47.75,46.6
2025-12-16T05:30:25.638122,Recipe_C,e493d977-1289-4420-b102-87061598c92c,8,4.0,,,,92.67,49.21,49.3,51.98,52.9,58.15
2025-12-16T05:30:26.638122,Recipe_C,e493d977-1289-4420-b102-87061598c92c,8,4.0,,,,96.32,53.02,46.4,47.68,52.28,57.83
2025-12-16T05:30:27.638122,Recipe_C,e493d977-1289-4420-b102-87061598c92c,8,4.0,,,,106.17,50.69,53.38,42.27,51.14,50.74
2025-12-16T05:30:28.638122,Recipe_C,e493d977-1289-4420-b102-87061598c92c,8,4.0,,,,100.92,44.8,53.98,51.4,48.91,40.05
2025-12-16T05:30:29.638122,Recipe_C,e493d977-1289-4420-b102-87061598c92c,8,4.0,,,,101.36,47.33,49.88,51.27,57.78,47.8
2025-12-16T05:30:29.638122,Recipe_C,e493d977-1289-4420-b102-87061598c92c,8,4.0,Error_2,Simulated Error occurred,Error,,,,,,
2025-12-16T05:30:30.638122,Recipe_C,e493d977-1289-4420-b102-87061598c92c,8,4.0,,,,100.27,50.08,55.51,52.72,43.38,50.29
2025-12-16T05:30:31.638122,Recipe_C,e493d977-1289-4420-b102-87061598c92c,8,4.0,,,,101.67,59.29,44.94,46.0,46.49,46.32
2025-12-16T05:30:32.638122,Recipe_C,e493d977-1289-4420-b102-87061598c92c,8,4.0,,,,95.39,48.97,51.96,52.29,49.74,47.94
2025-12-16T05:30:33.638122,Recipe_C,e493d977-1289-4420-b102-87061598c92c,8,4.0,,,,97.97,54.36,38.35,50.85,45.15,49.79
2025-12-16T05:30:34.638122,Recipe_C,e493d977-1289-4420-b102-87061598c92c,8,4.0,,,,100.48,59.69,37.08,46.84,51.62,46.64
2025-12-16T05:30:35.638122,Recipe_C,e493d977-1289-4420-b102-87061598c92c,8,4.0,,,,98.79,44.83,55.22,54.02,45.07,48.62
2025-12-16T05:30:36.638122,Recipe_C,e493d977-1289-4420-b102-87061598c92c,8,4.0,,,,96.95,52.17,44.8,51.34,50.51,54.64
2025-12-16T05:30:37.638122,Recipe_C,e493d977-1289-4420-b102-87061598c92c,8,4.0,,,,98.5,50.94,47.89,47.93,51.9,46.23
2025-12-16T05:30:38.638122,Recipe_C,e493d977-1289-4420-b102-87061598c92c,8,4.0,,,,104.52,42.8,52.6,46.19,52.37,58.75
2025-12-16T05:30:39.638122,Recipe_C,e493d977-1289-4420-b102-87061598c92c,8,3.0,,,,8.85,10.61,8.89,10.55,8.9,8.03
2025-12-16T05:30:40.638122,Recipe_C,e493d977-1289-4420-b102-87061598c92c,8,3.0,,,,9.28,11.48,11.96,8.98,11.15,8.77
2025-12-16T05:30:41.638122,Recipe_C,e493d977-1289-4420-b102-87061598c92c,8,3.0,,,,13.93,8.93,12.29,8.81,11.2,8.74
2025-12-16T05:30:42.638122,Recipe_C,e493d977-1289-4420-b102-87061598c92c,8,3.0,,,,11.4,9.95,14.51,7.97,10.8,8.04
2025-12-16T05:30:43.638122,Recipe_C,e493d977-1289-4420-b102-87061598c92c,8,1.0,,,,12.42,14.16,8.44,10.06,8.06,7.58
2025-12-16T05:30:44.638122,Recipe_C,e493d977-1289-4420-b102-87061598c92c,8,1.0,,,,10.25,10.24,12.22,12.6,8.48,12.11
2025-12-16T05:30:45.638122,Recipe_C,e493d977-1289-4420-b102-87061598c92c,8,1.0,,,,9.94,10.76,7.33,8.6,11.02,12.59
2025-12-16T05:30:46.638122,Recipe_C,e493d977-1289-4420-b102-87061598c92c,8,1.0,,,,9.45,10.01,8.8,11.8,9.67,8.31
2025-12-16T05:30:47.638122,Recipe_C,e493d977-1289-4420-b102-87061598c92c,8,1.0,,,,10.67,10.7,10.57,11.09,9.26,5.25
2025-12-16T05:30:48.638122,Recipe_C,e493d977-1289-4420-b102-87061598c92c,8,1.0,,,,9.26,8.83,11.74,11.58,14.08,12.88
2025-12-16T05:30:49.638122,Recipe_C,e493d977-1289-4420-b102-87061598c92c,8,1.0,,,,11.4,5.79,8.69,10.48,7.38,7.66
2025-12-16T05:30:50.638122,Recipe_C,e493d977-1289-4420-b102-87061598c92c,8,1.0,,,,10.56,6.63,8.82,9.99,10.12,10.49
2025-12-16T05:30:51.638122,Recipe_C,e493d977-1289-4420-b102-87061598c92c,8,1.0,,,,11.89,10.81,8.72,9.71,10.73,9.86
2025-12-16T05:30:52.638122,Recipe_C,e493d977-1289-4420-b102-87061598c92c,8,1.0,,,,11.38,12.5,9.16,11.57,10.06,9.73
2025-12-16T05:30:53.638122,Recipe_C,e493d977-1289-4420-b102-87061598c92c,8,1.0,,,,10.2,11.83,11.04,13.21,8.66,11.79
2025-12-16T05:30:54.638122,Recipe_C,e493d977-1289-4420-b102-87061598c92c,8,1.0,,,,10.24,11.26,7.69,10.94,9.03,8.94
2025-12-16T05:30:55.638122,Recipe_C,e493d977-1289-4420-b102-87061598c92c,8,1.0,,,,11.53,12.31,9.42,7.6,11.09,11.41
2025-12-16T05:30:56.638122,Recipe_C,e493d977-1289-4420-b102-87061598c92c,8,1.0,,,,9.82,7.59,8.6,8.9,5.88,12.22
2025-12-16T05:30:57.638122,Recipe_C,e493d977-1289-4420-b102-87061598c92c,8,1.0,,,,8.48,9.51,13.48,9.17,10.48,9.48
2025-12-16T05:30:58.638122,Recipe_C,e493d977-1289-4420-b102-87061598c92c,8,1.0,,,,10.6,8.8,9.45,9.0,9.14,6.12
2025-12-16T05:30:59.638122,Recipe_C,e493d977-1289-4420-b102-87061598c92c,8,1.0,,,,10.24,11.21,13.39,12.26,10.06,7.33
2025-12-16T05:31:00.638122,Recipe_C,e493d977-1289-4420-b102-87061598c92c,8,1.0,,,,13.17,9.7,11.91,8.93,10.39,8.59
2025-12-16T05:31:01.638122,Recipe_C,e493d977-1289-4420-b102-87061598c92c,8,1.0,,,,10.21,9.48,8.27,10.08,10.21,8.43
2025-12-16T05:31:02.638122,Recipe_C,e493d977-1289-4420-b102-87061598c92c,8,1.0,,,,9.52,11.2,10.11,8.75,8.67,10.42
2025-12-16T05:31:03.638122,Recipe_C,e493d977-1289-4420-b102-87061598c92c,8,1.0,,,,13.31,11.47,9.83,12.18,11.0,10.53
2025-12-16T05:31:04.638122,Recipe_C,e493d977-1289-4420-b102-87061598c92c,8,1.0,,,,7.94,12.09,10.3,10.63,10.66,9.7
2025-12-16T05:31:05.638122,Recipe_C,e493d977-1289-4420-b102-87061598c92c,8,1.0,,,,10.67,14.19,7.86,9.79,8.85,9.25
2025-12-16T05:31:06.638122,Recipe_C,e493d977-1289-4420-b102-87061598c92c,8,3.0,,,,9.93,10.02,8.66,10.57,9.95,9.41
2025-12-16T05:31:07.638122,Recipe_C,e493d977-1289-4420-b102-87061598c92c,8,3.0,,,,11.68,11.28,11.21,8.62,9.62,9.85
2025-12-16T05:31:08.638122,Recipe_C,e493d977-1289-4420-b102-87061598c92c,8,3.0,,,,7.93,9.65,12.11,14.04,12.26,7.98
2025-12-16T05:31:08.638122,Recipe_C,e493d977-1289-4420-b102-87061598c92c,8,3.0,Warning_9,Simulated Warning occurred,Warning,,,,,,
2025-12-16T05:31:09.638122,Recipe_C,e493d977-1289-4420-b102-87061598c92c,8,3.0,,,,9.46,9.27,11.3,7.43,10.15,7.63
2025-12-16T05:31:10.638122,Recipe_C,e493d977-1289-4420-b102-87061598c92c,8,3.0,,,,11.78,11.17,12.45,12.88,7.52,10.03
2025-12-16T05:31:11.638122,Recipe_C,e493d977-1289-4420-b102-87061598c92c,8,3.0,,,,11.14,12.49,11.82,7.57,10.0,9.78
2025-12-16T05:31:12.638122,Recipe_C,e493d977-1289-4420-b102-87061598c92c,8,3.0,,,,11.17,8.29,12.4,7.63,8.8,8.19
2025-12-16T05:31:13.638122,Recipe_C,e493d977-1289-4420-b102-87061598c92c,8,3.0,,,,12.32,10.59,10.52,8.3,11.12,10.16
2025-12-16T05:31:14.638122,Recipe_C,e493d977-1289-4420-b102-87061598c92c,8,3.0,,,,14.98,10.0,10.02,11.08,9.29,10.09
2025-12-16T05:31:15.638122,Recipe_C,e493d977-1289-4420-b102-87061598c92c,8,3.0,,,,7.54,14.19,11.35,6.94,5.7,8.4
2025-12-16T05:31:16.638122,Recipe_C,e493d977-1289-4420-b102-87061598c92c,8,3.0,,,,11.44,13.83,11.09,9.63,10.4,10.3
2025-12-16T05:31:17.638122,Recipe_C,e493d977-1289-4420-b102-87061598c92c,8,3.0,,,,9.27,10.4,8.68,7.61,10.21,14.43
2025-12-16T05:31:18.638122,Recipe_C,e493d977-1289-4420-b102-87061598c92c,8,3.0,,,,12.84,12.32,10.58,9.22,11.3,9.64
2025-12-16T05:31:19.638122,Recipe_C,e493d977-1289-4420-b102-87061598c92c,8,3.0,,,,13.17,11.63,12.77,9.91,11.17,5.91
2025-12-16T05:31:20.638122,Recipe_C,e493d977-1289-4420-b102-87061598c92c,8,3.0,,,,10.96,11.38,12.32,11.52,16.54,8.79
2025-12-16T05:31:21.638122,Recipe_C,e493d977-1289-4420-b102-87061598c92c,8,3.0,,,,8.84,10.41,10.96,8.1,8.92,11.52
2025-12-16T05:31:22.638122,Recipe_C,e493d977-1289-4420-b102-87061598c92c,8,3.0,,,,11.59,11.75,7.25,13.6,8.64,7.14
2025-12-16T05:31:23.638122,Recipe_C,e493d977-1289-4420-b102-87061598c92c,8,3.0,,,,9.01,11.37,10.5,10.19,12.32,13.3
2025-12-16T05:31:24.638122,Recipe_C,e493d977-1289-4420-b102-87061598c92c,8,3.0,,,,12.47,9.3,10.11,9.17,9.67,8.65
2025-12-16T05:31:25.638122,Recipe_C,e493d977-1289-4420-b102-87061598c92c,8,3.0,,,,11.63,6.63,8.59,8.9,10.17,8.26
2025-12-16T05:31:26.638122,Recipe_C,e493d977-1289-4420-b102-87061598c92c,8,3.0,,,,8.46,10.64,8.94,9.54,5.97,11.58
2025-12-16T05:31:27.638122,Recipe_C,e493d977-1289-4420-b102-87061598c92c,8,3.0,,,,11.37,8.78,7.12,8.86,8.22,10.59
2025-12-16T05:31:28.638122,Recipe_C,e493d977-1289-4420-b102-87061598c92c,8,3.0,,,,9.98,8.57,11.3,10.7,9.31,8.78
2025-12-16T05:31:29.638122,Recipe_C,e493d977-1289-4420-b102-87061598c92c,8,3.0,,,,10.58,8.27,8.78,11.26,11.14,10.99
2025-12-16T05:31:30.638122,Recipe_C,e493d977-1289-4420-b102-87061598c92c,8,3.0,,,,8.82,11.45,12.89,9.03,12.43,9.33
2025-12-16T05:31:31.638122,Recipe_C,e493d977-1289-4420-b102-87061598c92c,8,3.0,,,,8.29,10.33,9.3,11.3,11.23,8.53
2025-12-16T05:31:32.638122,Recipe_C,e493d977-1289-4420-b102-87061598c92c,8,3.0,,,,10.89,10.42,10.09,11.8,8.51,7.76
2025-12-16T05:31:33.638122,Recipe_C,e493d977-1289-4420-b102-87061598c92c,8,3.0,,,,8.15,9.94,7.48,9.74,11.21,10.16
2025-12-16T05:31:34.638122,Recipe_C,e493d977-1289-4420-b102-87061598c92c,8,4.0,,,,93.72,50.31,44.74,53.33,56.81,38.65
2025-12-16T05:31:35.638122,Recipe_C,e493d977-1289-4420-b102-87061598c92c,8,4.0,,,,103.48,39.59,46.06,52.15,44.26,50.42
2025-12-16T05:31:36.638122,Recipe_C,e493d977-1289-4420-b102-87061598c92c,8,4.0,,,,90.93,49.85,47.43,44.95,53.68,52.38
2025-12-16T05:31:37.638122,Recipe_C,e493d977-1289-4420-b102-87061598c92c,8,4.0,,,,105.12,42.64,48.03,54.38,46.89,44.93
2025-12-16T05:31:38.638122,Recipe_C,e493d977-1289-4420-b102-87061598c92c,8,4.0,,,,95.58,57.5,47.96,47.0,55.89,52.17
2025-12-16T05:31:39.638122,Recipe_C,e493d977-1289-4420-b102-87061598c92c,8,4.0,,,,87.08,49.57,53.27,52.78,49.48,57.85
2025-12-16T05:31:40.638122,Recipe_C,e493d977-1289-4420-b102-87061598c92c,8,4.0,,,,97.72,51.29,55.62,46.72,42.11,46.88
2025-12-16T05:31:41.638122,Recipe_C,e493d977-1289-4420-b102-87061598c92c,8,4.0,,,,103.2,49.61,50.73,59.67,47.22,53.63
2025-12-16T05:31:42.638122,Recipe_C,e493d977-1289-4420-b102-87061598c92c,8,4.0,,,,85.91,48.15,47.62,48.91,50.28,58.45
2025-12-16T05:31:43.638122,Recipe_C,e493d977-1289-4420-b102-87061598c92c,8,4.0,,,,99.65,43.78,57.36,51.39,56.44,58.5
2025-12-16T05:31:44.638122,Recipe_C,e493d977-1289-4420-b102-87061598c92c,8,4.0,,,,104.19,55.58,39.58,48.35,54.35,55.28
2025-12-16T05:31:45.638122,Recipe_C,e493d977-1289-4420-b102-87061598c92c,8,4.0,,,,97.92,56.39,50.36,53.09,55.29,50.7
2025-12-16T05:31:46.638122,Recipe_C,e493d977-1289-4420-b102-87061598c92c,8,4.0,,,,90.53,44.98,55.25,52.39,45.11,48.7
2025-12-16T05:31:47.638122,Recipe_C,e493d977-1289-4420-b102-87061598c92c,8,4.0,,,,102.99,45.51,46.99,48.69,62.48,51.45
2025-12-16T05:31:48.638122,Recipe_C,e493d977-1289-4420-b102-87061598c92c,8,4.0,,,,100.62,43.12,49.93,49.45,50.04,53.02
2025-12-16T05:31:49.638122,Recipe_C,e493d977-1289-4420-b102-87061598c92c,8,4.0,,,,109.22,50.37,49.76,46.49,52.8,51.84
2025-12-16T05:31:50.638122,Recipe_C,e493d977-1289-4420-b102-87061598c92c,8,4.0,,,,100.12,52.93,45.36,52.85,54.1,44.94
2025-12-16T05:31:51.638122,Recipe_C,e493d977-1289-4420-b102-87061598c92c,8,4.0,,,,99.88,51.95,54.49,57.76,51.43,52.24
2025-12-16T05:31:52.638122,Recipe_C,e493d977-1289-4420-b102-87061598c92c,8,4.0,,,,95.89,45.79,44.96,52.86,46.74,44.54
2025-12-16T05:31:53.638122,Recipe_C,e493d977-1289-4420-b102-87061598c92c,8,4.0,,,,95.84,50.92,50.39,41.37,47.47,60.09
2025-12-16T05:31:54.638122,Recipe_C,e493d977-1289-4420-b102-87061598c92c,8,4.0,,,,99.69,41.41,40.13,50.1,45.05,53.83
2025-12-16T05:31:55.638122,Recipe_C,e493d977-1289-4420-b102-87061598c92c,8,4.0,,,,101.34,52.55,39.94,50.64,53.59,50.65
2025-12-16T05:31:56.638122,Recipe_C,e493d977-1289-4420-b102-87061598c92c,8,4.0,,,,98.17,53.61,45.11,46.11,44.01,49.56
2025-12-16T05:31:57.638122,Recipe_C,e493d977-1289-4420-b102-87061598c92c,8,4.0,,,,108.81,46.67,45.12,47.72,52.42,46.42
2025-12-16T05:31:58.638122,Recipe_C,e493d977-1289-4420-b102-87061598c92c,8,4.0,,,,100.98,55.91,45.22,51.06,45.6,54.39
2025-12-16T05:31:59.638122,Recipe_C,e493d977-1289-4420-b102-87061598c92c,8,4.0,,,,98.96,52.73,54.3,51.59,46.48,48.31
2025-12-16T05:32:00.638122,Recipe_C,e493d977-1289-4420-b102-87061598c92c,8,4.0,,,,96.49,51.45,45.51,54.04,58.88,46.9
2025-12-16T05:32:01.638122,Recipe_C,e493d977-1289-4420-b102-87061598c92c,8,4.0,,,,97.45,52.56,50.26,50.4,54.69,45.56
2025-12-16T05:32:02.638122,Recipe_C,e493d977-1289-4420-b102-87061598c92c,8,4.0,,,,99.59,48.37,42.05,47.74,53.51,50.79
2025-12-16T05:32:03.638122,Recipe_C,e493d977-1289-4420-b102-87061598c92c,8,4.0,,,,99.78,52.54,53.36,49.18,51.62,57.4
2025-12-16T05:32:04.638122,Recipe_C,e493d977-1289-4420-b102-87061598c92c,8,4.0,,,,104.91,48.75,52.38,53.13,47.21,49.13
2025-12-16T05:32:05.638122,Recipe_C,e493d977-1289-4420-b102-87061598c92c,8,4.0,,,,94.27,52.52,55.03,46.84,46.44,46.97
2025-12-16T05:32:06.638122,Recipe_C,e493d977-1289-4420-b102-87061598c92c,8,4.0,,,,96.77,45.2,51.19,55.25,45.55,51.83
2025-12-16T05:32:07.638122,Recipe_C,e493d977-1289-4420-b102-87061598c92c,8,4.0,,,,99.69,44.57,40.34,48.56,44.35,41.54
2025-12-16T05:32:08.638122,Recipe_C,e493d977-1289-4420-b102-87061598c92c,8,2.0,,,,9.06,11.27,10.77,7.94,9.71,12.49
2025-12-16T05:32:09.638122,Recipe_C,e493d977-1289-4420-b102-87061598c92c,8,2.0,,,,6.37,14.8,12.53,12.59,8.83,11.26
2025-12-16T05:32:10.638122,Recipe_C,e493d977-1289-4420-b102-87061598c92c,8,2.0,,,,10.32,9.75,9.6,9.57,9.84,10.58
2025-12-16T05:32:11.638122,Recipe_C,e493d977-1289-4420-b102-87061598c92c,8,2.0,,,,12.02,8.88,10.51,5.83,8.29,13.23
2025-12-16T05:32:12.638122,Recipe_C,e493d977-1289-4420-b102-87061598c92c,8,2.0,,,,11.88,11.55,11.92,11.02,12.34,10.96
2025-12-16T05:32:13.638122,Recipe_C,e493d977-1289-4420-b102-87061598c92c,8,2.0,,,,11.84,9.5,11.74,8.38,10.67,10.44
2025-12-16T05:32:14.638122,Recipe_C,e493d977-1289-4420-b102-87061598c92c,8,2.0,,,,10.88,10.71,6.93,12.08,7.97,9.17
2025-12-16T05:32:15.638122,Recipe_C,e493d977-1289-4420-b102-87061598c92c,8,2.0,,,,10.79,10.4,5.34,8.76,9.98,10.12
2025-12-16T05:32:16.638122,Recipe_C,e493d977-1289-4420-b102-87061598c92c,8,2.0,,,,8.42,9.49,9.42,7.89,11.3,11.02
2025-12-16T05:32:17.638122,Recipe_C,e493d977-1289-4420-b102-87061598c92c,8,2.0,,,,7.48,9.87,10.19,10.25,11.36,7.47
2025-12-16T05:32:18.638122,Recipe_C,e493d977-1289-4420-b102-87061598c92c,8,2.0,,,,7.11,6.71,10.97,11.84,9.12,8.46
2025-12-16T05:32:19.638122,Recipe_C,e493d977-1289-4420-b102-87061598c92c,8,2.0,,,,8.0,13.36,11.84,10.06,6.6,10.98
2025-12-16T05:32:20.638122,Recipe_C,e493d977-1289-4420-b102-87061598c92c,8,2.0,,,,9.27,12.98,7.81,9.13,9.88,11.48
2025-12-16T05:32:21.638122,Recipe_C,e493d977-1289-4420-b102-87061598c92c,8,2.0,,,,10.0,9.45,11.24,10.63,14.11,7.74
2025-12-16T05:32:22.638122,Recipe_C,e493d977-1289-4420-b102-87061598c92c,8,2.0,,,,12.72,11.01,8.52,11.78,10.98,6.61
2025-12-16T05:32:23.638122,Recipe_C,e493d977-1289-4420-b102-87061598c92c,8,2.0,,,,8.46,8.55,11.44,13.85,14.06,11.3
2025-12-16T05:32:24.638122,Recipe_C,e493d977-1289-4420-b102-87061598c92c,8,2.0,,,,9.45,10.37,9.7,7.61,9.06,9.24
2025-12-16T05:32:25.638122,Recipe_C,e493d977-1289-4420-b102-87061598c92c,8,2.0,,,,12.75,11.4,8.77,6.84,10.94,10.42
2025-12-16T05:32:26.638122,Recipe_C,e493d977-1289-4420-b102-87061598c92c,8,2.0,,,,9.47,11.43,10.72,9.76,12.81,11.3
2025-12-16T05:32:27.638122,Recipe_C,e493d977-1289-4420-b102-87061598c92c,8,2.0,,,,9.44,6.56,10.93,6.93,8.93,10.69
2025-12-16T05:32:28.638122,Recipe_C,e493d977-1289-4420-b102-87061598c92c,8,2.0,,,,11.52,11.84,13.63,10.61,9.86,10.52
2025-12-16T05:32:29.638122,Recipe_C,e493d977-1289-4420-b102-87061598c92c,8,2.0,,,,9.25,7.33,10.94,5.88,10.98,10.96
2025-12-16T05:32:30.638122,Recipe_C,e493d977-1289-4420-b102-87061598c92c,8,2.0,,,,8.24,7.34,9.62,12.47,13.37,10.12
2025-12-16T05:32:31.638122,Recipe_C,e493d977-1289-4420-b102-87061598c92c,8,5.0,,,,10.85,10.61,9.41,6.66,6.61,9.77
2025-12-16T05:32:32.638122,Recipe_C,e493d977-1289-4420-b102-87061598c92c,8,5.0,,,,7.95,11.56,6.65,9.18,12.88,8.62
2025-12-16T05:32:33.638122,Recipe_C,e493d977-1289-4420-b102-87061598c92c,8,0.0,,,,0.0,0.0,0.0,0.0,0.0,0.0
2025-12-16T05:32:34.638122,Recipe_C,e493d977-1289-4420-b102-87061598c92c,8,0.0,,,,0.0,0.0,0.0,0.0,0.0,0.0
2025-12-16T05:32:35.638122,Recipe_C,e493d977-1289-4420-b102-87061598c92c,8,0.0,,,,0.0,0.0,0.0,0.0,0.0,0.0
2025-12-16T05:32:36.638122,Recipe_C,e493d977-1289-4420-b102-87061598c92c,8,0.0,,,,0.0,0.0,0.0,0.0,0.0,0.0
2025-12-16T05:32:37.638122,Recipe_C,e493d977-1289-4420-b102-87061598c92c,8,0.0,,,,0.0,0.0,0.0,0.0,0.0,0.0
2025-12-16T05:32:38.638122,Recipe_C,e493d977-1289-4420-b102-87061598c92c,8,0.0,,,,0.0,0.0,0.0,0.0,0.0,0.0
2025-12-16T05:32:39.638122,Recipe_C,e493d977-1289-4420-b102-87061598c92c,8,0.0,,,,0.0,0.0,0.0,0.0,0.0,0.0
2025-12-16T05:32:40.638122,Recipe_C,e493d977-1289-4420-b102-87061598c92c,8,0.0,,,,0.0,0.0,0.0,0.0,0.0,0.0
2025-12-16T05:32:41.638122,Recipe_C,e493d977-1289-4420-b102-87061598c92c,8,0.0,,,,0.0,0.0,0.0,0.0,0.0,0.0
2025-12-16T05:32:42.638122,Recipe_C,e493d977-1289-4420-b102-87061598c92c,8,0.0,,,,0.0,0.0,0.0,0.0,0.0,0.0
2025-12-16T05:32:43.638122,Recipe_C,e493d977-1289-4420-b102-87061598c92c,8,2.0,,,,7.81,9.58,11.66,10.97,8.92,8.47
2025-12-16T05:32:44.638122,Recipe_C,e493d977-1289-4420-b102-87061598c92c,8,2.0,,,,9.65,8.03,9.97,10.34,7.37,8.43
2025-12-16T05:32:45.638122,Recipe_C,e493d977-1289-4420-b102-87061598c92c,8,2.0,,,,10.59,10.15,14.89,9.99,11.59,10.33
2025-12-16T05:32:46.638122,Recipe_C,e493d977-1289-4420-b102-87061598c92c,8,2.0,,,,11.74,12.05,7.87,10.24,10.85,14.67
2025-12-16T05:32:47.638122,Recipe_C,e493d977-1289-4420-b102-87061598c92c,8,5.0,,,,10.16,10.13,10.59,13.0,7.05,7.92
2025-12-16T05:32:48.638122,Recipe_C,e493d977-1289-4420-b102-87061598c92c,8,5.0,,,,8.15,10.32,9.88,7.37,11.71,10.1
2025-12-16T05:32:49.638122,Recipe_C,e493d977-1289-4420-b102-87061598c92c,8,5.0,,,,8.67,12.64,12.45,13.34,9.36,10.87
2025-12-16T05:32:50.638122,Recipe_C,e493d977-1289-4420-b102-87061598c92c,8,5.0,,,,8.21,8.67,8.75,11.31,9.91,8.59
2025-12-16T05:32:51.638122,Recipe_C,e493d977-1289-4420-b102-87061598c92c,8,5.0,,,,7.76,7.21,13.62,10.48,11.85,10.09
2025-12-16T05:32:52.638122,Recipe_C,e493d977-1289-4420-b102-87061598c92c,8,5.0,,,,11.27,9.36,13.34,7.42,13.15,10.1
2025-12-16T05:32:53.638122,Recipe_C,e493d977-1289-4420-b102-87061598c92c,8,5.0,,,,11.2,5.52,10.88,11.64,13.72,11.02
2025-12-16T05:32:54.638122,Recipe_C,e493d977-1289-4420-b102-87061598c92c,8,5.0,,,,10.26,11.15,13.49,11.16,11.23,9.64
2025-12-16T05:32:55.638122,Recipe_C,e493d977-1289-4420-b102-87061598c92c,8,5.0,,,,8.55,9.96,7.92,9.53,9.98,11.15
2025-12-16T05:32:56.638122,Recipe_C,e493d977-1289-4420-b102-87061598c92c,8,5.0,,,,6.74,10.67,12.95,7.75,10.68,9.09
2025-12-16T05:32:57.638122,Recipe_C,e493d977-1289-4420-b102-87061598c92c,8,5.0,,,,9.97,11.15,9.01,7.65,11.77,10.69
2025-12-16T05:32:58.638122,Recipe_C,e493d977-1289-4420-b102-87061598c92c,8,5.0,,,,5.4,10.65,7.96,7.0,10.51,9.02
2025-12-16T05:32:59.638122,Recipe_C,e493d977-1289-4420-b102-87061598c92c,8,5.0,,,,12.99,10.24,10.66,10.52,6.21,8.46
2025-12-16T05:33:00.638122,Recipe_C,e493d977-1289-4420-b102-87061598c92c,8,5.0,,,,15.01,12.43,11.1,10.78,10.2,13.05
2025-12-16T05:33:01.638122,Recipe_C,e493d977-1289-4420-b102-87061598c92c,8,5.0,,,,11.29,10.59,9.81,12.77,14.42,10.45
2025-12-16T05:33:02.638122,Recipe_C,e493d977-1289-4420-b102-87061598c92c,8,5.0,,,,11.15,7.8,9.3,11.97,11.98,10.5
2025-12-16T05:33:02.638122,Recipe_C,e493d977-1289-4420-b102-87061598c92c,8,5.0,Warning_8,Simulated Warning occurred,Warning,,,,,,
2025-12-16T05:33:03.638122,Recipe_C,e493d977-1289-4420-b102-87061598c92c,8,5.0,,,,8.49,7.1,10.75,11.07,8.16,10.42
2025-12-16T05:33:04.638122,Recipe_C,e493d977-1289-4420-b102-87061598c92c,8,5.0,,,,8.87,13.29,10.3,10.15,11.36,7.78
2025-12-16T05:33:05.638122,Recipe_C,e493d977-1289-4420-b102-87061598c92c,8,5.0,,,,13.21,11.45,11.05,12.13,8.93,11.44
2025-12-16T05:33:06.638122,Recipe_C,e493d977-1289-4420-b102-87061598c92c,8,5.0,,,,4.06,9.15,12.37,11.52,13.19,8.72
2025-12-16T05:33:07.638122,Recipe_C,e493d977-1289-4420-b102-87061598c92c,8,5.0,,,,17.2,9.62,9.68,10.79,12.15,5.28
2025-12-16T05:33:08.638122,Recipe_C,e493d977-1289-4420-b102-87061598c92c,8,5.0,,,,9.12,8.32,7.91,10.13,11.56,12.89
2025-12-16T05:33:09.638122,Recipe_C,e493d977-1289-4420-b102-87061598c92c,8,5.0,,,,11.04,9.81,7.16,11.16,11.31,8.28
2025-12-16T05:33:10.638122,Recipe_C,e493d977-1289-4420-b102-87061598c92c,8,5.0,,,,10.76,7.0,7.97,9.49,13.17,10.71
2025-12-16T05:33:11.638122,Recipe_C,e493d977-1289-4420-b102-87061598c92c,8,5.0,,,,10.34,8.16,11.83,11.3,11.1,13.29
2025-12-16T05:33:12.638122,Recipe_C,e493d977-1289-4420-b102-87061598c92c,8,5.0,,,,9.3,8.19,9.44,8.04,8.62,12.03
2025-12-16T05:33:13.638122,Recipe_C,e493d977-1289-4420-b102-87061598c92c,8,5.0,,,,13.59,9.31,11.11,7.55,10.5,7.77
2025-12-16T05:33:14.638122,Recipe_C,e493d977-1289-4420-b102-87061598c92c,8,5.0,,,,7.29,11.14,11.44,12.33,9.44,9.67
2025-12-16T05:33:15.638122,Recipe_C,e493d977-1289-4420-b102-87061598c92c,8,5.0,,,,6.1,9.25,8.59,9.84,9.5,11.56
2025-12-16T05:33:16.638122,Recipe_C,e493d977-1289-4420-b102-87061598c92c,8,5.0,,,,8.98,11.26,9.03,8.53,12.21,7.93
2025-12-16T05:33:17.638122,Recipe_C,e493d977-1289-4420-b102-87061598c92c,8,5.0,,,,14.42,11.71,9.3,9.45,12.01,13.36
2025-12-16T05:33:18.638122,Recipe_C,e493d977-1289-4420-b102-87061598c92c,8,5.0,,,,9.96,8.62,9.0,10.82,12.13,10.66
2025-12-16T05:33:19.638122,Recipe_C,e493d977-1289-4420-b102-87061598c92c,8,5.0,,,,11.23,6.65,11.91,10.72,7.86,12.83
2025-12-16T05:33:20.638122,Recipe_C,e493d977-1289-4420-b102-87061598c92c,8,5.0,,,,9.8,10.93,14.58,11.88,10.09,10.92
2025-12-16T05:33:21.638122,Recipe_C,e493d977-1289-4420-b102-87061598c92c,8,5.0,,,,7.2,10.06,8.87,6.51,10.59,11.8
2025-12-16T05:33:22.638122,Recipe_C,e493d977-1289-4420-b102-87061598c92c,8,5.0,,,,7.67,12.52,12.47,9.53,11.74,9.94
2025-12-16T05:33:23.638122,Recipe_C,e493d977-1289-4420-b102-87061598c92c,8,5.0,,,,11.62,10.88,11.92,8.58,9.11,7.05
2025-12-16T05:33:24.638122,Recipe_C,e493d977-1289-4420-b102-87061598c92c,8,5.0,,,,9.97,8.83,8.97,7.87,13.5,9.02
2025-12-16T05:33:25.638122,Recipe_C,e493d977-1289-4420-b102-87061598c92c,8,5.0,,,,9.65,9.52,9.76,11.11,8.19,8.95
2025-12-16T05:33:26.638122,Recipe_C,e493d977-1289-4420-b102-87061598c92c,8,5.0,,,,6.16,9.33,8.48,6.82,11.65,9.07
2025-12-16T05:33:27.638122,Recipe_C,e493d977-1289-4420-b102-87061598c92c,8,5.0,,,,12.79,12.14,10.38,10.39,7.77,8.67
2025-12-16T05:33:28.638122,Recipe_C,e493d977-1289-4420-b102-87061598c92c,8,5.0,,,,8.59,12.69,12.17,12.47,8.58,12.68
2025-12-16T05:33:29.638122,Recipe_C,e493d977-1289-4420-b102-87061598c92c,8,5.0,,,,12.86,9.71,10.74,12.07,11.12,9.07
2025-12-16T05:33:30.638122,Recipe_C,e493d977-1289-4420-b102-87061598c92c,8,5.0,,,,11.66,7.71,10.1,10.46,5.64,9.14
2025-12-16T05:33:31.638122,Recipe_C,e493d977-1289-4420-b102-87061598c92c,8,5.0,,,,11.35,13.84,9.68,11.77,10.05,13.41
2025-12-16T05:33:32.638122,Recipe_C,e493d977-1289-4420-b102-87061598c92c,8,5.0,,,,11.18,7.47,7.43,12.36,10.89,9.96
2025-12-16T05:33:33.638122,Recipe_C,e493d977-1289-4420-b102-87061598c92c,8,5.0,,,,10.51,11.2,11.7,10.64,8.44,13.17
2025-12-16T05:33:34.638122,Recipe_C,e493d977-1289-4420-b102-87061598c92c,8,5.0,,,,9.13,9.15,15.59,11.71,8.67,9.33
2025-12-16T05:33:35.638122,Recipe_C,e493d977-1289-4420-b102-87061598c92c,8,5.0,,,,10.81,9.0,11.34,10.08,11.28,10.7
2025-12-16T05:33:36.638122,Recipe_C,e493d977-1289-4420-b102-87061598c92c,8,5.0,,,,9.39,11.88,9.37,10.12,10.93,8.23
2025-12-16T05:33:37.638122,Recipe_C,e493d977-1289-4420-b102-87061598c92c,8,5.0,,,,12.66,9.95,10.87,12.41,8.68,11.53
2025-12-16T05:33:38.638122,Recipe_C,e493d977-1289-4420-b102-87061598c92c,8,5.0,,,,9.55,9.51,10.57,9.93,11.19,9.7
2025-12-16T05:33:39.638122,Recipe_C,e493d977-1289-4420-b102-87061598c92c,8,5.0,,,,13.58,11.54,8.6,7.96,10.34,7.32
2025-12-16T05:33:40.638122,Recipe_C,e493d977-1289-4420-b102-87061598c92c,8,5.0,,,,11.23,9.27,8.01,12.27,8.65,12.64
2025-12-16T05:33:41.638122,Recipe_C,e493d977-1289-4420-b102-87061598c92c,8,5.0,,,,10.93,8.66,7.08,8.55,12.97,8.59
2025-12-16T05:33:42.638122,Recipe_C,e493d977-1289-4420-b102-87061598c92c,8,5.0,,,,9.48,9.7,12.22,11.29,11.8,12.26
2025-12-16T05:33:43.638122,Recipe_C,e493d977-1289-4420-b102-87061598c92c,8,5.0,,,,7.93,11.11,13.3,10.29,10.36,10.61
2025-12-16T05:33:44.638122,Recipe_C,e493d977-1289-4420-b102-87061598c92c,8,5.0,,,,10.67,8.85,7.84,9.74,11.44,11.11
2025-12-16T05:33:45.638122,Recipe_C,e493d977-1289-4420-b102-87061598c92c,8,5.0,,,,8.5,12.06,11.39,7.75,10.05,6.69
2025-12-16T05:33:46.638122,Recipe_C,e493d977-1289-4420-b102-87061598c92c,8,5.0,,,,9.69,11.93,12.07,10.51,13.09,6.92
2025-12-16T05:33:47.638122,Recipe_C,e493d977-1289-4420-b102-87061598c92c,8,5.0,,,,8.72,8.19,9.54,11.03,10.22,5.65
2025-12-16T05:33:48.638122,Recipe_C,e493d977-1289-4420-b102-87061598c92c,8,5.0,,,,5.82,10.43,9.52,10.88,12.56,8.57
2025-12-16T05:33:49.638122,Recipe_C,e493d977-1289-4420-b102-87061598c92c,8,5.0,,,,8.51,4.15,10.75,7.83,7.16,4.88
2025-12-16T05:33:50.638122,Recipe_C,e493d977-1289-4420-b102-87061598c92c,8,5.0,,,,10.6,9.79,9.18,12.04,7.58,11.46
2025-12-16T05:33:51.638122,Recipe_C,e493d977-1289-4420-b102-87061598c92c,8,5.0,,,,9.06,9.35,11.98,7.92,11.81,10.86
2025-12-16T05:33:52.638122,Recipe_C,e493d977-1289-4420-b102-87061598c92c,8,5.0,,,,11.55,7.67,8.75,12.63,10.93,7.93
2025-12-16T05:33:53.638122,Recipe_C,e493d977-1289-4420-b102-87061598c92c,8,5.0,,,,10.9,13.2,10.07,10.36,11.98,11.99
2025-12-16T05:33:54.638122,Recipe_C,e493d977-1289-4420-b102-87061598c92c,8,5.0,,,,10.18,10.19,11.98,8.53,6.77,11.18
2025-12-16T05:33:55.638122,Recipe_C,e493d977-1289-4420-b102-87061598c92c,8,5.0,,,,10.53,8.87,8.57,11.63,10.77,7.84
2025-12-16T05:33:56.638122,Recipe_C,e493d977-1289-4420-b102-87061598c92c,8,5.0,,,,7.94,11.37,14.36,9.99,10.57,10.63
2025-12-16T05:33:57.638122,Recipe_C,e493d977-1289-4420-b102-87061598c92c,8,5.0,,,,14.42,8.92,7.47,7.84,12.02,7.29
2025-12-16T05:33:58.638122,Recipe_C,e493d977-1289-4420-b102-87061598c92c,8,5.0,,,,9.09,9.07,9.36,7.95,8.77,11.13
2025-12-16T05:33:59.638122,Recipe_C,e493d977-1289-4420-b102-87061598c92c,8,5.0,,,,9.46,7.72,8.6,10.92,11.51,10.63
2025-12-16T05:34:00.638122,Recipe_C,e493d977-1289-4420-b102-87061598c92c,8,5.0,,,,13.19,12.36,10.19,10.86,6.64,10.72
2025-12-16T05:34:01.638122,Recipe_C,e493d977-1289-4420-b102-87061598c92c,8,5.0,,,,8.87,11.24,11.89,10.35,9.76,10.5
2025-12-16T05:34:02.638122,Recipe_C,e493d977-1289-4420-b102-87061598c92c,8,5.0,,,,8.88,11.59,12.11,9.54,6.38,12.04
2025-12-16T05:34:03.638122,Recipe_C,e493d977-1289-4420-b102-87061598c92c,8,5.0,,,,6.97,9.77,12.58,11.2,10.57,8.18
2025-12-16T05:34:04.638122,Recipe_C,e493d977-1289-4420-b102-87061598c92c,8,5.0,,,,7.38,7.83,10.29,10.48,8.49,9.91
2025-12-16T05:34:04.638122,Recipe_C,e493d977-1289-4420-b102-87061598c92c,8,5.0,Warning_9,Simulated Warning occurred,Warning,,,,,,
2025-12-16T05:34:05.638122,Recipe_C,e493d977-1289-4420-b102-87061598c92c,8,5.0,,,,9.61,8.85,9.21,8.78,6.35,11.94
2025-12-16T05:34:06.638122,Recipe_C,e493d977-1289-4420-b102-87061598c92c,8,0.0,,,,0.0,0.0,0.0,0.0,0.0,0.0
2025-12-16T05:34:07.638122,Recipe_C,e493d977-1289-4420-b102-87061598c92c,8,0.0,,,,0.0,0.0,0.0,0.0,0.0,0.0
2025-12-16T05:34:08.638122,Recipe_C,e493d977-1289-4420-b102-87061598c92c,8,0.0,,,,0.0,0.0,0.0,0.0,0.0,0.0
2025-12-16T05:34:09.638122,Recipe_C,e493d977-1289-4420-b102-87061598c92c,8,0.0,,,,0.0,0.0,0.0,0.0,0.0,0.0
2025-12-16T05:34:10.638122,Recipe_C,e493d977-1289-4420-b102-87061598c92c,8,0.0,,,,0.0,0.0,0.0,0.0,0.0,0.0
2025-12-16T05:34:11.638122,Recipe_C,e493d977-1289-4420-b102-87061598c92c,8,0.0,,,,0.0,0.0,0.0,0.0,0.0,0.0
2025-12-16T05:34:12.638122,Recipe_C,e493d977-1289-4420-b102-87061598c92c,8,0.0,,,,0.0,0.0,0.0,0.0,0.0,0.0
2025-12-16T05:34:13.638122,Recipe_C,e493d977-1289-4420-b102-87061598c92c,8,0.0,,,,0.0,0.0,0.0,0.0,0.0,0.0
2025-12-16T05:34:14.638122,Recipe_C,e493d977-1289-4420-b102-87061598c92c,8,0.0,,,,0.0,0.0,0.0,0.0,0.0,0.0
2025-12-16T05:34:15.638122,Recipe_C,e493d977-1289-4420-b102-87061598c92c,8,0.0,,,,0.0,0.0,0.0,0.0,0.0,0.0
2025-12-16T05:34:16.638122,Recipe_C,e493d977-1289-4420-b102-87061598c92c,8,0.0,,,,0.0,0.0,0.0,0.0,0.0,0.0
2025-12-16T05:34:17.638122,Recipe_C,e493d977-1289-4420-b102-87061598c92c,8,0.0,,,,0.0,0.0,0.0,0.0,0.0,0.0
2025-12-16T05:34:18.638122,Recipe_C,e493d977-1289-4420-b102-87061598c92c,8,0.0,,,,0.0,0.0,0.0,0.0,0.0,0.0
2025-12-16T05:34:19.638122,Recipe_C,e493d977-1289-4420-b102-87061598c92c,8,0.0,,,,0.0,0.0,0.0,0.0,0.0,0.0
2025-12-16T05:34:20.638122,Recipe_C,e493d977-1289-4420-b102-87061598c92c,8,5.0,,,,10.52,9.8,10.21,8.62,13.08,9.68
2025-12-16T05:34:21.638122,Recipe_C,e493d977-1289-4420-b102-87061598c92c,8,5.0,,,,10.25,7.77,12.42,10.36,10.93,11.43
2025-12-16T05:34:22.638122,Recipe_C,e493d977-1289-4420-b102-87061598c92c,8,5.0,,,,10.62,14.66,11.87,12.03,9.61,8.58
2025-12-16T05:34:23.638122,Recipe_C,e493d977-1289-4420-b102-87061598c92c,8,5.0,,,,9.04,11.36,8.81,9.82,7.28,7.98
2025-12-16T05:34:24.638122,Recipe_C,e493d977-1289-4420-b102-87061598c92c,8,5.0,,,,7.52,7.71,8.77,8.82,9.59,7.05
2025-12-16T05:34:25.638122,Recipe_C,e493d977-1289-4420-b102-87061598c92c,8,5.0,,,,12.26,10.17,11.04,6.47,8.8,9.86
2025-12-16T05:34:26.638122,Recipe_C,e493d977-1289-4420-b102-87061598c92c,8,5.0,,,,8.25,10.13,10.39,10.07,11.76,9.32
2025-12-16T05:34:27.638122,Recipe_C,e493d977-1289-4420-b102-87061598c92c,8,5.0,,,,13.66,8.97,9.21,13.84,9.02,15.27
2025-12-16T05:34:28.638122,Recipe_C,e493d977-1289-4420-b102-87061598c92c,8,5.0,,,,11.7,11.82,10.51,10.12,7.07,6.08
2025-12-16T05:34:29.638122,Recipe_C,e493d977-1289-4420-b102-87061598c92c,8,5.0,,,,14.03,8.89,11.13,11.28,11.62,5.17
2025-12-16T05:34:30.638122,Recipe_C,e493d977-1289-4420-b102-87061598c92c,8,5.0,,,,7.58,14.27,8.47,9.19,9.96,11.52
2025-12-16T05:34:31.638122,Recipe_C,e493d977-1289-4420-b102-87061598c92c,8,5.0,,,,10.44,12.1,9.17,7.05,11.45,5.38
2025-12-16T05:34:32.638122,Recipe_C,e493d977-1289-4420-b102-87061598c92c,8,5.0,,,,8.1,10.66,9.95,11.09,9.82,6.96
2025-12-16T05:34:32.638122,Recipe_C,e493d977-1289-4420-b102-87061598c92c,8,5.0,Warning_4,Simulated Warning occurred,Warning,,,,,,
2025-12-16T05:34:33.638122,Recipe_C,e493d977-1289-4420-b102-87061598c92c,8,5.0,,,,5.3,8.78,11.67,9.48,5.47,10.53
2025-12-16T05:34:34.638122,Recipe_C,e493d977-1289-4420-b102-87061598c92c,8,5.0,,,,9.26,7.67,8.68,8.04,14.17,9.13
2025-12-16T05:34:35.638122,Recipe_C,e493d977-1289-4420-b102-87061598c92c,8,5.0,,,,9.46,10.34,11.71,10.29,9.55,9.19
2025-12-16T05:34:36.638122,Recipe_C,e493d977-1289-4420-b102-87061598c92c,8,5.0,,,,11.58,10.24,12.84,7.73,8.88,14.46
2025-12-16T05:34:37.638122,Recipe_C,e493d977-1289-4420-b102-87061598c92c,8,5.0,,,,7.18,12.18,9.8,9.69,13.39,12.54
2025-12-16T05:34:38.638122,Recipe_C,e493d977-1289-4420-b102-87061598c92c,8,5.0,,,,9.67,7.11,10.24,8.27,7.32,10.14
2025-12-16T05:34:39.638122,Recipe_C,e493d977-1289-4420-b102-87061598c92c,8,5.0,,,,9.74,11.06,10.19,12.26,9.78,8.65
2025-12-16T05:34:40.638122,Recipe_C,e493d977-1289-4420-b102-87061598c92c,8,5.0,,,,12.71,8.49,6.45,11.25,11.57,10.55
2025-12-16T05:34:40.638122,Recipe_C,e493d977-1289-4420-b102-87061598c92c,8,5.0,Warning_7,Simulated Warning occurred,Warning,,,,,,
2025-12-16T05:34:41.638122,Recipe_C,e493d977-1289-4420-b102-87061598c92c,8,5.0,,,,11.88,6.68,10.45,6.22,7.32,8.28
2025-12-16T05:34:42.638122,Recipe_C,e493d977-1289-4420-b102-87061598c92c,8,5.0,,,,10.19,11.82,9.58,10.0,9.91,12.51
2025-12-16T05:34:43.638122,Recipe_C,e493d977-1289-4420-b102-87061598c92c,8,5.0,,,,6.76,13.25,8.93,8.82,10.08,8.32
2025-12-16T05:34:44.638122,Recipe_C,e493d977-1289-4420-b102-87061598c92c,8,3.0,,,,9.53,6.09,6.09,11.27,11.17,10.22
2025-12-16T05:34:45.638122,Recipe_C,e493d977-1289-4420-b102-87061598c92c,8,3.0,,,,10.79,6.45,12.09,7.96,10.66,9.1
2025-12-16T05:34:46.638122,Recipe_C,e493d977-1289-4420-b102-87061598c92c,8,3.0,,,,6.83,8.16,13.75,7.41,15.78,8.73
2025-12-16T05:34:47.638122,Recipe_C,e493d977-1289-4420-b102-87061598c92c,8,3.0,,,,9.52,7.38,8.24,12.35,11.11,10.51
2025-12-16T05:34:48.638122,Recipe_C,e493d977-1289-4420-b102-87061598c92c,8,3.0,,,,7.68,3.43,11.25,7.75,5.73,10.92
2025-12-16T05:34:49.638122,Recipe_C,e493d977-1289-4420-b102-87061598c92c,8,3.0,,,,5.53,9.8,12.3,11.51,9.67,13.36
2025-12-16T05:34:50.638122,Recipe_C,e493d977-1289-4420-b102-87061598c92c,8,3.0,,,,8.38,8.61,11.74,11.04,9.92,14.56
2025-12-16T05:34:51.638122,Recipe_C,e493d977-1289-4420-b102-87061598c92c,8,3.0,,,,10.56,9.39,7.29,10.94,6.67,12.98
2025-12-16T05:34:52.638122,Recipe_C,e493d977-1289-4420-b102-87061598c92c,8,5.0,,,,9.63,7.44,7.68,11.6,6.69,12.16
2025-12-16T05:34:53.638122,Recipe_C,e493d977-1289-4420-b102-87061598c92c,8,5.0,,,,10.33,12.03,9.44,7.85,9.91,11.12
2025-12-16T05:34:54.638122,Recipe_C,e493d977-1289-4420-b102-87061598c92c,8,5.0,,,,12.73,8.32,11.34,13.38,9.77,9.09
2025-12-16T05:34:55.638122,Recipe_C,e493d977-1289-4420-b102-87061598c92c,8,5.0,,,,13.09,9.45,6.7,8.1,11.87,8.74
2025-12-16T05:34:56.638122,Recipe_C,e493d977-1289-4420-b102-87061598c92c,8,5.0,,,,10.91,8.47,8.43,13.66,13.51,11.63
2025-12-16T05:34:57.638122,Recipe_C,e493d977-1289-4420-b102-87061598c92c,8,5.0,,,,10.26,9.73,11.03,8.46,6.78,11.02
2025-12-16T05:34:58.638122,Recipe_C,e493d977-1289-4420-b102-87061598c92c,8,5.0,,,,8.38,10.42,8.64,6.67,12.38,8.84
2025-12-16T05:34:59.638122,Recipe_C,e493d977-1289-4420-b102-87061598c92c,8,5.0,,,,9.09,9.16,9.49,8.64,11.23,10.13
2025-12-16T05:35:00.638122,Recipe_C,e493d977-1289-4420-b102-87061598c92c,8,5.0,,,,6.47,12.42,9.45,12.05,11.3,11.53
2025-12-16T05:35:01.638122,Recipe_C,e493d977-1289-4420-b102-87061598c92c,8,5.0,,,,11.18,10.2,9.63,7.66,7.27,8.91
2025-12-16T05:35:02.638122,Recipe_C,e493d977-1289-4420-b102-87061598c92c,8,5.0,,,,9.98,10.01,9.94,9.02,11.08,7.26
2025-12-16T05:35:03.638122,Recipe_C,e493d977-1289-4420-b102-87061598c92c,8,5.0,,,,8.58,10.08,12.0,7.45,9.47,12.94
2025-12-16T05:35:04.638122,Recipe_C,e493d977-1289-4420-b102-87061598c92c,8,5.0,,,,9.71,10.7,13.8,9.51,8.72,10.13
2025-12-16T05:35:05.638122,Recipe_C,e493d977-1289-4420-b102-87061598c92c,8,5.0,,,,10.38,11.37,9.9,9.54,5.91,6.12
2025-12-16T05:35:06.638122,Recipe_C,e493d977-1289-4420-b102-87061598c92c,8,5.0,,,,15.07,11.3,9.42,10.11,14.22,6.45
2025-12-16T05:35:07.638122,Recipe_C,e493d977-1289-4420-b102-87061598c92c,8,5.0,,,,10.97,10.07,6.88,10.41,7.92,10.86
2025-12-16T05:35:08.638122,Recipe_C,e493d977-1289-4420-b102-87061598c92c,8,5.0,,,,8.64,8.05,9.48,10.16,8.68,11.97
2025-12-16T05:35:09.638122,Recipe_C,e493d977-1289-4420-b102-87061598c92c,8,5.0,,,,7.31,9.68,9.22,6.5,10.93,10.82
2025-12-16T05:35:10.638122,Recipe_C,e493d977-1289-4420-b102-87061598c92c,8,5.0,,,,12.76,10.14,7.77,9.3,13.04,10.78
2025-12-16T05:35:11.638122,Recipe_C,e493d977-1289-4420-b102-87061598c92c,8,5.0,,,,10.53,9.5,11.01,11.48,8.91,8.16
2025-12-16T05:35:12.638122,Recipe_C,e493d977-1289-4420-b102-87061598c92c,8,5.0,,,,13.23,9.92,11.62,12.0,9.07,9.7
2025-12-16T05:35:13.638122,Recipe_C,e493d977-1289-4420-b102-87061598c92c,8,5.0,,,,5.78,9.02,8.99,9.89,12.41,9.81
2025-12-16T05:35:14.638122,Recipe_C,e493d977-1289-4420-b102-87061598c92c,8,5.0,,,,5.4,10.43,7.07,10.65,7.11,6.82
2025-12-16T05:35:15.638122,Recipe_C,e493d977-1289-4420-b102-87061598c92c,8,5.0,,,,6.78,8.49,7.17,8.51,8.54,6.46
2025-12-16T05:35:16.638122,Recipe_C,e493d977-1289-4420-b102-87061598c92c,8,5.0,,,,5.55,10.11,13.39,11.26,8.36,10.74
2025-12-16T05:35:17.638122,Recipe_C,e493d977-1289-4420-b102-87061598c92c,8,5.0,,,,8.65,13.23,13.1,9.22,11.29,12.25
2025-12-16T05:35:18.638122,Recipe_C,e493d977-1289-4420-b102-87061598c92c,8,5.0,,,,11.57,6.37,11.54,10.65,12.01,11.09
2025-12-16T05:35:19.638122,Recipe_C,e493d977-1289-4420-b102-87061598c92c,8,5.0,,,,9.29,12.02,11.0,11.16,11.56,7.44
2025-12-16T05:35:20.638122,Recipe_C,e493d977-1289-4420-b102-87061598c92c,8,5.0,,,,11.32,10.32,11.79,7.37,7.85,9.8
2025-12-16T05:35:21.638122,Recipe_C,e493d977-1289-4420-b102-87061598c92c,8,5.0,,,,10.46,7.09,10.05,12.81,10.93,10.28
2025-12-16T05:35:22.638122,Recipe_C,e493d977-1289-4420-b102-87061598c92c,8,5.0,,,,10.86,9.26,12.31,8.47,9.62,9.95
2025-12-16T05:35:23.638122,Recipe_C,e493d977-1289-4420-b102-87061598c92c,8,5.0,,,,6.38,11.44,9.74,5.26,12.52,6.98
2025-12-16T05:35:23.638122,Recipe_C,e493d977-1289-4420-b102-87061598c92c,8,5.0,Warning_1,Simulated Warning occurred,Warning,,,,,,
2025-12-16T05:35:24.638122,Recipe_C,e493d977-1289-4420-b102-87061598c92c,8,5.0,,,,8.47,10.58,8.36,11.69,10.11,9.21
2025-12-16T05:35:25.638122,Recipe_C,e493d977-1289-4420-b102-87061598c92c,8,5.0,,,,9.41,10.08,13.3,12.07,11.07,7.68
2025-12-16T05:35:26.638122,Recipe_C,e493d977-1289-4420-b102-87061598c92c,8,5.0,,,,9.41,12.02,13.21,9.79,9.83,10.0
2025-12-16T05:35:27.638122,Recipe_C,e493d977-1289-4420-b102-87061598c92c,8,5.0,,,,11.11,13.83,9.41,14.16,9.3,7.4
2025-12-16T05:35:28.638122,Recipe_C,e493d977-1289-4420-b102-87061598c92c,8,5.0,,,,8.08,8.14,10.03,10.94,9.63,11.61
2025-12-16T05:35:29.638122,Recipe_C,e493d977-1289-4420-b102-87061598c92c,8,5.0,,,,10.81,8.48,12.1,12.3,11.16,11.04
2025-12-16T05:35:30.638122,Recipe_C,e493d977-1289-4420-b102-87061598c92c,8,5.0,,,,9.15,5.58,10.21,7.57,10.82,9.6
2025-12-16T05:35:31.638122,Recipe_C,e493d977-1289-4420-b102-87061598c92c,8,5.0,,,,9.46,9.96,11.22,5.72,8.07,10.23
2025-12-16T05:35:32.638122,Recipe_C,e493d977-1289-4420-b102-87061598c92c,8,5.0,,,,10.01,8.5,9.96,10.13,7.21,6.27
2025-12-16T05:35:33.638122,Recipe_C,e493d977-1289-4420-b102-87061598c92c,8,5.0,,,,7.97,10.98,8.27,8.64,11.32,12.33
2025-12-16T05:35:34.638122,Recipe_C,e493d977-1289-4420-b102-87061598c92c,8,5.0,,,,12.7,2.89,11.64,10.74,11.75,9.0
2025-12-16T05:35:35.638122,Recipe_C,e493d977-1289-4420-b102-87061598c92c,8,5.0,,,,7.52,9.18,7.54,11.8,8.04,7.03
2025-12-16T05:35:36.638122,Recipe_C,e493d977-1289-4420-b102-87061598c92c,8,5.0,,,,9.77,13.26,12.8,7.91,11.23,6.84
2025-12-16T05:35:37.638122,Recipe_C,e493d977-1289-4420-b102-87061598c92c,8,5.0,,,,8.98,8.18,9.4,8.37,8.98,9.78
2025-12-16T05:35:38.638122,Recipe_C,e493d977-1289-4420-b102-87061598c92c,8,5.0,,,,10.61,6.48,6.87,10.53,9.45,9.09
2025-12-16T05:35:39.638122,Recipe_C,e493d977-1289-4420-b102-87061598c92c,8,5.0,,,,9.51,11.11,8.66,9.22,13.86,7.36
2025-12-16T05:35:40.638122,Recipe_C,e493d977-1289-4420-b102-87061598c92c,8,5.0,,,,9.92,7.79,9.89,8.56,11.43,9.67
2025-12-16T05:35:41.638122,Recipe_C,e493d977-1289-4420-b102-87061598c92c,8,5.0,,,,13.27,10.15,10.52,9.77,11.08,13.04
2025-12-16T05:35:42.638122,Recipe_C,e493d977-1289-4420-b102-87061598c92c,8,5.0,,,,10.16,11.03,9.52,8.79,11.49,10.92
2025-12-16T05:35:43.638122,Recipe_C,e493d977-1289-4420-b102-87061598c92c,8,5.0,,,,8.47,10.54,8.17,9.56,5.4,11.08
2025-12-16T05:35:44.638122,Recipe_C,e493d977-1289-4420-b102-87061598c92c,8,5.0,,,,7.26,11.65,11.72,11.98,7.14,12.06
2025-12-16T05:35:45.638122,Recipe_C,e493d977-1289-4420-b102-87061598c92c,8,5.0,,,,12.46,10.33,10.14,9.17,12.33,9.02
2025-12-16T05:35:46.638122,Recipe_C,e493d977-1289-4420-b102-87061598c92c,8,5.0,,,,11.18,9.09,11.37,12.96,8.88,7.84
2025-12-16T05:35:47.638122,Recipe_C,e493d977-1289-4420-b102-87061598c92c,8,5.0,,,,11.13,10.97,6.39,9.07,10.19,12.2
2025-12-16T05:35:48.638122,Recipe_C,e493d977-1289-4420-b102-87061598c92c,8,5.0,,,,9.85,10.08,8.55,9.41,9.86,6.91
2025-12-16T05:35:49.638122,Recipe_C,e493d977-1289-4420-b102-87061598c92c,8,5.0,,,,11.66,11.03,10.27,12.63,12.6,10.77
2025-12-16T05:35:50.638122,Recipe_C,e493d977-1289-4420-b102-87061598c92c,8,5.0,,,,12.12,13.5,6.64,6.76,11.03,8.24
2025-12-16T05:35:51.638122,Recipe_C,e493d977-1289-4420-b102-87061598c92c,8,5.0,,,,8.25,10.58,11.92,12.42,9.87,9.96
2025-12-16T05:35:52.638122,Recipe_C,e493d977-1289-4420-b102-87061598c92c,8,5.0,,,,9.53,9.79,5.25,10.61,7.96,11.77
2025-12-16T05:35:53.638122,Recipe_C,e493d977-1289-4420-b102-87061598c92c,8,5.0,,,,10.27,11.58,12.04,10.07,8.71,14.6
2025-12-16T05:35:54.638122,Recipe_C,e493d977-1289-4420-b102-87061598c92c,8,5.0,,,,10.72,10.02,12.11,10.49,8.24,10.51
2025-12-16T05:35:55.638122,Recipe_C,e493d977-1289-4420-b102-87061598c92c,8,5.0,,,,11.44,10.83,9.44,6.62,10.8,10.07
2025-12-16T05:35:56.638122,Recipe_C,e493d977-1289-4420-b102-87061598c92c,8,5.0,,,,10.22,10.75,6.5,14.58,8.24,12.86
2025-12-16T05:35:57.638122,Recipe_C,e493d977-1289-4420-b102-87061598c92c,8,5.0,,,,8.81,9.54,9.05,10.36,7.8,10.39
2025-12-16T05:35:58.638122,Recipe_C,e493d977-1289-4420-b102-87061598c92c,8,5.0,,,,8.09,7.57,9.64,7.91,10.41,12.39
2025-12-16T05:35:59.638122,Recipe_C,e493d977-1289-4420-b102-87061598c92c,8,5.0,,,,7.38,10.14,12.47,11.95,8.76,11.86
2025-12-16T05:36:00.638122,Recipe_C,e493d977-1289-4420-b102-87061598c92c,8,5.0,,,,10.3,11.08,8.48,10.46,7.65,12.4
2025-12-16T05:36:01.638122,Recipe_C,e493d977-1289-4420-b102-87061598c92c,8,5.0,,,,11.89,8.4,9.47,11.65,10.1,10.16
2025-12-16T05:36:02.638122,Recipe_C,e493d977-1289-4420-b102-87061598c92c,8,5.0,,,,9.08,9.62,9.88,7.15,8.22,10.06
2025-12-16T05:36:03.638122,Recipe_C,e493d977-1289-4420-b102-87061598c92c,8,5.0,,,,7.22,7.82,8.09,11.32,9.92,11.12
2025-12-16T05:36:04.638122,Recipe_C,e493d977-1289-4420-b102-87061598c92c,8,5.0,,,,9.69,10.08,11.62,11.87,9.53,12.93
2025-12-16T05:36:05.638122,Recipe_C,e493d977-1289-4420-b102-87061598c92c,8,5.0,,,,13.1,9.02,8.46,13.07,4.93,5.71
2025-12-16T05:36:06.638122,Recipe_C,e493d977-1289-4420-b102-87061598c92c,8,5.0,,,,10.8,10.29,11.13,9.57,10.75,9.34
2025-12-16T05:36:07.638122,Recipe_C,e493d977-1289-4420-b102-87061598c92c,8,5.0,,,,9.3,11.53,8.19,8.92,9.91,10.37
2025-12-16T05:36:08.638122,Recipe_C,e493d977-1289-4420-b102-87061598c92c,8,5.0,,,,7.65,9.21,7.47,12.06,7.19,8.8
2025-12-16T05:36:09.638122,Recipe_C,e493d977-1289-4420-b102-87061598c92c,8,5.0,,,,9.19,9.44,9.13,9.98,8.74,11.13
2025-12-16T05:36:10.638122,Recipe_C,e493d977-1289-4420-b102-87061598c92c,8,5.0,,,,10.38,8.71,5.71,8.9,9.63,8.49
2025-12-16T05:36:11.638122,Recipe_C,e493d977-1289-4420-b102-87061598c92c,8,5.0,,,,9.51,7.22,12.34,7.05,10.3,12.9
2025-12-16T05:36:12.638122,Recipe_C,e493d977-1289-4420-b102-87061598c92c,8,5.0,,,,11.2,6.49,7.38,10.75,7.12,7.73
2025-12-16T05:36:13.638122,Recipe_C,e493d977-1289-4420-b102-87061598c92c,8,5.0,,,,5.94,8.32,11.27,8.66,10.89,11.34
2025-12-16T05:36:14.638122,Recipe_C,e493d977-1289-4420-b102-87061598c92c,8,5.0,,,,13.7,6.89,15.28,8.78,8.58,9.6
2025-12-16T05:36:15.638122,Recipe_C,e493d977-1289-4420-b102-87061598c92c,8,5.0,,,,12.34,9.0,13.92,10.93,9.29,10.0
2025-12-16T05:36:16.638122,Recipe_C,e493d977-1289-4420-b102-87061598c92c,8,5.0,,,,11.87,11.99,10.22,8.83,9.7,9.4
2025-12-16T05:36:17.638122,Recipe_C,e493d977-1289-4420-b102-87061598c92c,8,0.0,,,,0.0,0.0,0.0,0.0,0.0,0.0
2025-12-16T05:36:18.638122,Recipe_C,e493d977-1289-4420-b102-87061598c92c,8,0.0,,,,0.0,0.0,0.0,0.0,0.0,0.0
2025-12-16T05:36:19.638122,Recipe_C,e493d977-1289-4420-b102-87061598c92c,8,0.0,,,,0.0,0.0,0.0,0.0,0.0,0.0
2025-12-16T05:36:20.638122,Recipe_C,e493d977-1289-4420-b102-87061598c92c,8,0.0,,,,0.0,0.0,0.0,0.0,0.0,0.0
2025-12-16T05:36:21.638122,Recipe_C,e493d977-1289-4420-b102-87061598c92c,8,0.0,,,,0.0,0.0,0.0,0.0,0.0,0.0
2025-12-16T05:36:22.638122,Recipe_C,e493d977-1289-4420-b102-87061598c92c,8,0.0,,,,0.0,0.0,0.0,0.0,0.0,0.0
2025-12-16T05:36:23.638122,Recipe_C,e493d977-1289-4420-b102-87061598c92c,8,0.0,,,,0.0,0.0,0.0,0.0,0.0,0.0
2025-12-16T05:36:24.638122,Recipe_C,e493d977-1289-4420-b102-87061598c92c,8,0.0,,,,0.0,0.0,0.0,0.0,0.0,0.0
2025-12-16T05:36:25.638122,Recipe_C,e493d977-1289-4420-b102-87061598c92c,8,0.0,,,,0.0,0.0,0.0,0.0,0.0,0.0
2025-12-16T05:36:26.638122,Recipe_C,e493d977-1289-4420-b102-87061598c92c,8,0.0,,,,0.0,0.0,0.0,0.0,0.0,0.0
2025-12-16T05:36:27.638122,Recipe_C,e493d977-1289-4420-b102-87061598c92c,8,0.0,,,,0.0,0.0,0.0,0.0,0.0,0.0
2025-12-16T05:36:28.638122,Recipe_C,e493d977-1289-4420-b102-87061598c92c,8,0.0,,,,0.0,0.0,0.0,0.0,0.0,0.0
2025-12-16T05:36:29.638122,Recipe_C,e493d977-1289-4420-b102-87061598c92c,8,0.0,,,,0.0,0.0,0.0,0.0,0.0,0.0
2025-12-16T05:36:30.638122,Recipe_C,e493d977-1289-4420-b102-87061598c92c,8,0.0,,,,0.0,0.0,0.0,0.0,0.0,0.0
2025-12-16T05:36:31.638122,Recipe_C,e493d977-1289-4420-b102-87061598c92c,8,0.0,,,,0.0,0.0,0.0,0.0,0.0,0.0
2025-12-16T05:36:32.638122,Recipe_C,e493d977-1289-4420-b102-87061598c92c,8,0.0,,,,0.0,0.0,0.0,0.0,0.0,0.0
2025-12-16T05:36:33.638122,Recipe_C,e493d977-1289-4420-b102-87061598c92c,8,0.0,,,,0.0,0.0,0.0,0.0,0.0,0.0
2025-12-16T05:36:34.638122,Recipe_C,e493d977-1289-4420-b102-87061598c92c,8,0.0,,,,0.0,0.0,0.0,0.0,0.0,0.0
2025-12-16T05:36:35.638122,Recipe_C,e493d977-1289-4420-b102-87061598c92c,8,0.0,,,,0.0,0.0,0.0,0.0,0.0,0.0
2025-12-16T05:36:36.638122,Recipe_C,e493d977-1289-4420-b102-87061598c92c,8,0.0,,,,0.0,0.0,0.0,0.0,0.0,0.0
2025-12-16T05:36:37.638122,Recipe_C,e493d977-1289-4420-b102-87061598c92c,8,0.0,,,,0.0,0.0,0.0,0.0,0.0,0.0
2025-12-16T05:36:38.638122,Recipe_C,e493d977-1289-4420-b102-87061598c92c,8,0.0,,,,0.0,0.0,0.0,0.0,0.0,0.0
2025-12-16T05:36:39.638122,Recipe_C,e493d977-1289-4420-b102-87061598c92c,8,0.0,,,,0.0,0.0,0.0,0.0,0.0,0.0
2025-12-16T05:36:40.638122,Recipe_C,e493d977-1289-4420-b102-87061598c92c,8,0.0,,,,0.0,0.0,0.0,0.0,0.0,0.0
2025-12-16T05:36:41.638122,Recipe_C,e493d977-1289-4420-b102-87061598c92c,8,0.0,,,,0.0,0.0,0.0,0.0,0.0,0.0
2025-12-16T05:36:42.638122,Recipe_C,e493d977-1289-4420-b102-87061598c92c,8,0.0,,,,0.0,0.0,0.0,0.0,0.0,0.0
2025-12-16T05:36:43.638122,Recipe_C,e493d977-1289-4420-b102-87061598c92c,8,0.0,,,,0.0,0.0,0.0,0.0,0.0,0.0
2025-12-16T05:36:44.638122,Recipe_C,e493d977-1289-4420-b102-87061598c92c,8,0.0,,,,0.0,0.0,0.0,0.0,0.0,0.0
2025-12-16T05:36:45.638122,Recipe_C,e493d977-1289-4420-b102-87061598c92c,8,0.0,,,,0.0,0.0,0.0,0.0,0.0,0.0
2025-12-16T05:36:46.638122,Recipe_C,e493d977-1289-4420-b102-87061598c92c,8,4.0,,,,107.31,44.51,52.08,45.72,46.53,44.08
2025-12-16T05:36:47.638122,Recipe_C,e493d977-1289-4420-b102-87061598c92c,8,4.0,,,,104.0,65.02,50.53,41.18,42.79,51.09
2025-12-16T05:36:48.638122,Recipe_C,e493d977-1289-4420-b102-87061598c92c,8,4.0,,,,101.21,44.36,49.56,54.01,48.05,49.59
2025-12-16T05:36:49.638122,Recipe_C,e493d977-1289-4420-b102-87061598c92c,8,4.0,,,,107.12,53.15,48.98,54.09,42.41,48.76
2025-12-16T05:36:50.638122,Recipe_C,e493d977-1289-4420-b102-87061598c92c,8,4.0,,,,100.01,50.14,49.25,48.79,56.9,51.63
2025-12-16T05:36:51.638122,Recipe_C,e493d977-1289-4420-b102-87061598c92c,8,4.0,,,,102.38,54.42,41.41,41.99,42.16,47.78
2025-12-16T05:36:52.638122,Recipe_C,e493d977-1289-4420-b102-87061598c92c,8,4.0,,,,96.32,45.49,48.82,45.55,41.99,58.8
2025-12-16T05:36:53.638122,Recipe_C,e493d977-1289-4420-b102-87061598c92c,8,4.0,,,,96.13,47.9,52.32,47.61,49.07,47.2
2025-12-16T05:36:54.638122,Recipe_C,e493d977-1289-4420-b102-87061598c92c,8,4.0,,,,104.18,45.12,48.89,50.25,45.71,56.01
2025-12-16T05:36:55.638122,Recipe_C,e493d977-1289-4420-b102-87061598c92c,8,5.0,,,,8.71,8.7,9.54,9.63,11.15,5.87
2025-12-16T05:36:56.638122,Recipe_C,e493d977-1289-4420-b102-87061598c92c,8,5.0,,,,7.71,12.52,12.19,13.33,9.11,13.2
2025-12-16T05:36:57.638122,Recipe_C,e493d977-1289-4420-b102-87061598c92c,8,5.0,,,,9.08,9.13,9.36,13.78,12.15,11.52
2025-12-16T05:36:58.638122,Recipe_C,e493d977-1289-4420-b102-87061598c92c,8,5.0,,,,10.75,6.2,9.57,8.27,8.23,13.6
2025-12-16T05:36:59.638122,Recipe_C,e493d977-1289-4420-b102-87061598c92c,8,5.0,,,,7.27,10.84,10.62,10.8,11.78,8.86
2025-12-16T05:37:00.638122,Recipe_C,e493d977-1289-4420-b102-87061598c92c,8,5.0,,,,13.18,10.85,9.13,12.17,7.89,12.46
2025-12-16T05:37:01.638122,Recipe_C,e493d977-1289-4420-b102-87061598c92c,8,5.0,,,,8.29,11.8,10.6,10.08,10.69,8.49
2025-12-16T05:37:02.638122,Recipe_C,e493d977-1289-4420-b102-87061598c92c,8,5.0,,,,7.74,9.03,6.61,11.97,7.6,12.15
2025-12-16T05:37:03.638122,Recipe_C,e493d977-1289-4420-b102-87061598c92c,8,5.0,,,,13.34,9.71,10.51,8.61,12.27,7.49
2025-12-16T05:37:04.638122,Recipe_C,e493d977-1289-4420-b102-87061598c92c,8,5.0,,,,10.96,9.89,10.34,14.43,12.07,14.81
2025-12-16T05:37:05.638122,Recipe_C,e493d977-1289-4420-b102-87061598c92c,8,2.0,,,,8.86,6.58,10.36,5.83,7.77,9.73
2025-12-16T05:37:06.638122,Recipe_C,e493d977-1289-4420-b102-87061598c92c,8,2.0,,,,10.73,10.6,9.92,12.33,11.76,10.79
2025-12-16T05:37:07.638122,Recipe_C,e493d977-1289-4420-b102-87061598c92c,8,2.0,,,,9.3,9.48,8.11,14.41,9.7,8.36
2025-12-16T05:37:08.638122,Recipe_C,e493d977-1289-4420-b102-87061598c92c,8,2.0,,,,14.12,5.05,7.89,11.67,7.13,10.28
2025-12-16T05:37:09.638122,Recipe_C,e493d977-1289-4420-b102-87061598c92c,8,1.0,,,,11.3,11.45,10.11,13.87,11.93,6.46
2025-12-16T05:37:10.638122,Recipe_C,e493d977-1289-4420-b102-87061598c92c,8,1.0,,,,11.91,6.47,10.57,8.84,11.23,7.35
2025-12-16T05:37:11.638122,Recipe_C,e493d977-1289-4420-b102-87061598c92c,8,1.0,,,,9.4,11.75,8.17,6.37,11.47,8.14
2025-12-16T05:37:12.638122,Recipe_C,e493d977-1289-4420-b102-87061598c92c,8,1.0,,,,15.56,9.05,9.8,7.21,12.9,8.6
2025-12-16T05:37:13.638122,Recipe_C,e493d977-1289-4420-b102-87061598c92c,8,1.0,,,,10.45,9.07,9.66,11.38,9.99,11.42
2025-12-16T05:37:14.638122,Recipe_C,e493d977-1289-4420-b102-87061598c92c,8,1.0,,,,11.92,12.8,7.58,11.91,9.21,12.3
2025-12-16T05:37:15.638122,Recipe_C,e493d977-1289-4420-b102-87061598c92c,8,1.0,,,,12.69,8.26,13.33,10.47,7.32,7.99
2025-12-16T05:37:16.638122,Recipe_C,e493d977-1289-4420-b102-87061598c92c,8,1.0,,,,11.97,10.27,10.79,10.14,9.69,10.12
2025-12-16T05:37:16.638122,Recipe_C,e493d977-1289-4420-b102-87061598c92c,8,1.0,Warning_7,Simulated Warning occurred,Warning,,,,,,
2025-12-16T05:37:17.638122,Recipe_C,e493d977-1289-4420-b102-87061598c92c,8,1.0,,,,8.14,5.67,12.74,10.1,11.04,8.68
2025-12-16T05:37:18.638122,Recipe_C,e493d977-1289-4420-b102-87061598c92c,8,1.0,,,,8.39,10.44,12.04,10.49,8.83,10.68
2025-12-16T05:37:19.638122,Recipe_C,e493d977-1289-4420-b102-87061598c92c,8,1.0,,,,10.84,6.79,8.74,9.04,9.0,7.06
2025-12-16T05:37:20.638122,Recipe_C,e493d977-1289-4420-b102-87061598c92c,8,1.0,,,,9.23,9.33,11.13,13.82,10.38,10.89
2025-12-16T05:37:21.638122,Recipe_C,e493d977-1289-4420-b102-87061598c92c,8,1.0,,,,6.69,9.6,14.21,9.71,10.35,7.12
2025-12-16T05:37:22.638122,Recipe_C,e493d977-1289-4420-b102-87061598c92c,8,1.0,,,,7.17,12.0,8.18,11.5,8.32,10.0
2025-12-16T05:37:23.638122,Recipe_C,e493d977-1289-4420-b102-87061598c92c,8,1.0,,,,12.16,11.43,10.96,8.84,6.0,6.53
2025-12-16T05:37:24.638122,Recipe_C,e493d977-1289-4420-b102-87061598c92c,8,1.0,,,,9.21,8.88,11.16,7.64,9.73,5.98
2025-12-16T05:37:25.638122,Recipe_C,e493d977-1289-4420-b102-87061598c92c,8,1.0,,,,12.25,7.9,8.15,9.53,10.29,12.75
2025-12-16T05:37:26.638122,Recipe_C,e493d977-1289-4420-b102-87061598c92c,8,1.0,,,,7.23,9.7,10.27,12.9,9.55,10.62
2025-12-16T05:37:27.638122,Recipe_C,e493d977-1289-4420-b102-87061598c92c,8,1.0,,,,9.61,8.49,11.31,6.73,10.0,11.59
2025-12-16T05:37:28.638122,Recipe_C,e493d977-1289-4420-b102-87061598c92c,8,1.0,,,,8.6,10.46,7.98,8.65,9.52,8.57
2025-12-16T05:37:29.638122,Recipe_C,e493d977-1289-4420-b102-87061598c92c,8,1.0,,,,9.37,13.8,8.86,11.34,9.39,11.33
2025-12-16T05:37:30.638122,Recipe_C,e493d977-1289-4420-b102-87061598c92c,8,1.0,,,,8.42,8.92,9.87,10.59,9.94,11.28
2025-12-16T05:37:31.638122,Recipe_C,e493d977-1289-4420-b102-87061598c92c,8,1.0,,,,7.6,6.69,10.24,10.56,9.76,11.3
2025-12-16T05:37:32.638122,Recipe_C,e493d977-1289-4420-b102-87061598c92c,8,1.0,,,,8.14,10.9,10.87,10.08,8.45,11.22
2025-12-16T05:37:33.638122,Recipe_C,e493d977-1289-4420-b102-87061598c92c,8,1.0,,,,12.79,13.69,10.2,8.9,10.67,8.4
2025-12-16T05:37:34.638122,Recipe_C,e493d977-1289-4420-b102-87061598c92c,8,1.0,,,,8.2,10.0,9.77,8.28,8.34,9.46
2025-12-16T05:37:35.638122,Recipe_C,e493d977-1289-4420-b102-87061598c92c,8,1.0,,,,10.25,9.09,13.96,10.7,15.37,8.48
2025-12-16T05:37:36.638122,Recipe_C,e493d977-1289-4420-b102-87061598c92c,8,1.0,,,,12.19,10.78,10.07,11.85,7.18,5.23
2025-12-16T05:37:37.638122,Recipe_C,e493d977-1289-4420-b102-87061598c92c,8,1.0,,,,12.4,13.17,8.35,7.65,10.45,6.76
2025-12-16T05:37:38.638122,Recipe_C,e493d977-1289-4420-b102-87061598c92c,8,1.0,,,,8.58,11.35,7.53,11.65,9.25,11.11
2025-12-16T05:37:39.638122,Recipe_C,e493d977-1289-4420-b102-87061598c92c,8,1.0,,,,13.55,8.52,8.69,9.43,9.3,11.32
2025-12-16T05:37:40.638122,Recipe_C,e493d977-1289-4420-b102-87061598c92c,8,3.0,,,,8.58,12.94,10.37,13.09,11.05,11.3
2025-12-16T05:37:41.638122,Recipe_C,e493d977-1289-4420-b102-87061598c92c,8,3.0,,,,10.18,12.26,9.95,10.48,9.09,10.51
2025-12-16T05:37:42.638122,Recipe_C,e493d977-1289-4420-b102-87061598c92c,8,3.0,,,,9.99,9.58,9.28,9.61,10.04,11.41
2025-12-16T05:37:43.638122,Recipe_C,e493d977-1289-4420-b102-87061598c92c,8,3.0,,,,11.62,9.28,9.0,11.24,8.97,9.23
2025-12-16T05:37:44.638122,Recipe_C,e493d977-1289-4420-b102-87061598c92c,8,3.0,,,,10.04,11.37,10.85,12.32,10.89,9.87
2025-12-16T05:37:45.638122,Recipe_C,e493d977-1289-4420-b102-87061598c92c,8,3.0,,,,11.22,9.84,9.38,10.07,11.37,9.91
2025-12-16T05:37:46.638122,Recipe_C,e493d977-1289-4420-b102-87061598c92c,8,3.0,,,,7.16,9.04,11.79,7.22,7.47,8.24
2025-12-16T05:37:47.638122,Recipe_C,e493d977-1289-4420-b102-87061598c92c,8,3.0,,,,6.43,13.01,9.46,12.96,12.36,8.82
2025-12-16T05:37:48.638122,Recipe_C,e493d977-1289-4420-b102-87061598c92c,8,3.0,,,,8.19,9.58,10.02,9.42,8.14,7.77
2025-12-16T05:37:49.638122,Recipe_C,e493d977-1289-4420-b102-87061598c92c,8,3.0,,,,7.6,8.53,11.78,8.14,11.55,8.66
2025-12-16T05:37:50.638122,Recipe_C,e493d977-1289-4420-b102-87061598c92c,8,3.0,,,,9.39,8.13,9.44,10.89,9.82,10.53
2025-12-16T05:37:51.638122,Recipe_C,e493d977-1289-4420-b102-87061598c92c,8,3.0,,,,12.44,8.92,8.87,10.72,12.53,12.07
2025-12-16T05:37:52.638122,Recipe_C,e493d977-1289-4420-b102-87061598c92c,8,3.0,,,,11.78,11.1,8.33,11.78,8.3,10.38
2025-12-16T05:37:53.638122,Recipe_C,e493d977-1289-4420-b102-87061598c92c,8,3.0,,,,7.8,10.86,9.56,6.83,9.51,10.72
2025-12-16T05:37:54.638122,Recipe_C,e493d977-1289-4420-b102-87061598c92c,8,3.0,,,,9.02,11.13,7.84,7.5,14.19,11.08
2025-12-16T05:37:55.638122,Recipe_C,e493d977-1289-4420-b102-87061598c92c,8,3.0,,,,9.22,10.15,8.83,11.39,8.41,9.68
2025-12-16T05:37:56.638122,Recipe_C,e493d977-1289-4420-b102-87061598c92c,8,3.0,,,,9.74,8.72,7.66,9.39,11.08,9.26
2025-12-16T05:37:57.638122,Recipe_C,e493d977-1289-4420-b102-87061598c92c,8,2.0,,,,10.86,11.14,13.99,10.58,10.19,11.56
2025-12-16T05:37:58.638122,Recipe_C,e493d977-1289-4420-b102-87061598c92c,8,2.0,,,,10.06,8.55,6.87,11.3,7.71,10.58
2025-12-16T05:37:59.638122,Recipe_C,e493d977-1289-4420-b102-87061598c92c,8,2.0,,,,8.14,7.98,11.21,10.64,5.7,13.6
2025-12-16T05:38:00.638122,Recipe_C,e493d977-1289-4420-b102-87061598c92c,8,3.0,,,,9.75,7.21,10.96,11.07,7.84,9.82
2025-12-16T05:38:01.638122,Recipe_C,e493d977-1289-4420-b102-87061598c92c,8,3.0,,,,7.44,8.87,10.85,12.36,11.78,7.18
2025-12-16T05:38:02.638122,Recipe_C,e493d977-1289-4420-b102-87061598c92c,8,3.0,,,,9.75,8.52,10.58,8.12,6.22,10.48
2025-12-16T05:38:03.638122,Recipe_C,e493d977-1289-4420-b102-87061598c92c,8,3.0,,,,6.96,12.09,8.49,9.84,8.21,12.69
2025-12-16T05:38:04.638122,Recipe_C,e493d977-1289-4420-b102-87061598c92c,8,3.0,,,,8.01,13.14,11.67,13.06,10.19,7.72
2025-12-16T05:38:05.638122,Recipe_C,e493d977-1289-4420-b102-87061598c92c,8,3.0,,,,11.53,11.46,9.37,13.74,8.96,8.87
2025-12-16T05:38:06.638122,Recipe_C,e493d977-1289-4420-b102-87061598c92c,8,3.0,,,,11.09,10.99,14.23,12.6,11.09,10.29
2025-12-16T05:38:07.638122,Recipe_C,e493d977-1289-4420-b102-87061598c92c,8,3.0,,,,9.71,10.29,10.14,9.86,11.06,7.67
2025-12-16T05:38:08.638122,Recipe_C,e493d977-1289-4420-b102-87061598c92c,8,3.0,,,,9.17,9.66,8.19,7.69,8.15,8.21
2025-12-16T05:38:09.638122,Recipe_C,e493d977-1289-4420-b102-87061598c92c,8,3.0,,,,7.94,7.36,10.56,9.89,11.95,7.11
2025-12-16T05:38:10.638122,Recipe_C,e493d977-1289-4420-b102-87061598c92c,8,3.0,,,,9.16,10.69,6.93,7.79,7.77,9.62
2025-12-16T05:38:11.638122,Recipe_C,e493d977-1289-4420-b102-87061598c92c,8,3.0,,,,8.46,13.49,10.0,10.43,7.2,4.55
2025-12-16T05:38:12.638122,Recipe_C,e493d977-1289-4420-b102-87061598c92c,8,3.0,,,,8.99,9.67,11.43,11.04,8.38,10.46
2025-12-16T05:38:12.638122,Recipe_C,e493d977-1289-4420-b102-87061598c92c,8,3.0,Error_9,Simulated Error occurred,Error,,,,,,
2025-12-16T05:38:13.638122,Recipe_C,e493d977-1289-4420-b102-87061598c92c,8,3.0,,,,11.58,8.78,6.2,11.33,8.09,11.42
2025-12-16T05:38:14.638122,Recipe_C,e493d977-1289-4420-b102-87061598c92c,8,3.0,,,,10.02,12.06,5.12,14.41,11.01,7.58
2025-12-16T05:38:15.638122,Recipe_C,e493d977-1289-4420-b102-87061598c92c,8,3.0,,,,13.77,6.25,9.78,8.99,9.73,13.21
2025-12-16T05:38:16.638122,Recipe_C,e493d977-1289-4420-b102-87061598c92c,8,3.0,,,,12.42,10.47,10.22,7.95,6.31,12.97
2025-12-16T05:38:17.638122,Recipe_C,e493d977-1289-4420-b102-87061598c92c,8,3.0,,,,10.12,12.11,11.66,7.71,9.81,12.18
2025-12-16T05:38:18.638122,Recipe_C,e493d977-1289-4420-b102-87061598c92c,8,3.0,,,,10.51,9.36,11.25,8.49,7.04,8.2
2025-12-16T05:38:19.638122,Recipe_C,e493d977-1289-4420-b102-87061598c92c,8,0.0,,,,0.0,0.0,0.0,0.0,0.0,0.0
2025-12-16T05:38:20.638122,Recipe_C,e493d977-1289-4420-b102-87061598c92c,8,0.0,,,,0.0,0.0,0.0,0.0,0.0,0.0
2025-12-16T05:38:21.638122,Recipe_C,e493d977-1289-4420-b102-87061598c92c,8,0.0,,,,0.0,0.0,0.0,0.0,0.0,0.0
2025-12-16T05:38:22.638122,Recipe_C,e493d977-1289-4420-b102-87061598c92c,8,0.0,,,,0.0,0.0,0.0,0.0,0.0,0.0
2025-12-16T05:38:23.638122,Recipe_C,e493d977-1289-4420-b102-87061598c92c,8,0.0,,,,0.0,0.0,0.0,0.0,0.0,0.0
2025-12-16T05:38:24.638122,Recipe_C,e493d977-1289-4420-b102-87061598c92c,8,0.0,,,,0.0,0.0,0.0,0.0,0.0,0.0
2025-12-16T05:38:25.638122,Recipe_C,e493d977-1289-4420-b102-87061598c92c,8,0.0,,,,0.0,0.0,0.0,0.0,0.0,0.0
2025-12-16T05:38:26.638122,Recipe_C,e493d977-1289-4420-b102-87061598c92c,8,0.0,,,,0.0,0.0,0.0,0.0,0.0,0.0
2025-12-16T05:38:27.638122,Recipe_C,e493d977-1289-4420-b102-87061598c92c,8,0.0,,,,0.0,0.0,0.0,0.0,0.0,0.0
2025-12-16T05:38:28.638122,Recipe_C,e493d977-1289-4420-b102-87061598c92c,8,0.0,,,,0.0,0.0,0.0,0.0,0.0,0.0
2025-12-16T05:38:29.638122,Recipe_C,e493d977-1289-4420-b102-87061598c92c,8,0.0,,,,0.0,0.0,0.0,0.0,0.0,0.0
2025-12-16T05:38:30.638122,Recipe_C,e493d977-1289-4420-b102-87061598c92c,8,5.0,,,,6.96,9.68,10.32,14.41,10.48,6.97
2025-12-16T05:38:31.638122,Recipe_C,e493d977-1289-4420-b102-87061598c92c,8,5.0,,,,9.49,7.38,3.37,11.28,9.58,13.63
2025-12-16T05:38:32.638122,Recipe_C,e493d977-1289-4420-b102-87061598c92c,8,5.0,,,,10.22,12.56,8.03,7.34,6.89,9.01
2025-12-16T05:38:33.638122,Recipe_C,e493d977-1289-4420-b102-87061598c92c,8,5.0,,,,9.8,11.72,9.72,9.61,8.29,11.1
2025-12-16T05:38:34.638122,Recipe_C,e493d977-1289-4420-b102-87061598c92c,8,5.0,,,,8.73,11.06,11.25,12.08,11.58,9.76
2025-12-16T05:38:35.638122,Recipe_C,e493d977-1289-4420-b102-87061598c92c,8,5.0,,,,7.72,6.14,10.27,10.25,10.69,8.52
2025-12-16T05:38:36.638122,Recipe_C,e493d977-1289-4420-b102-87061598c92c,8,5.0,,,,10.96,12.76,10.51,8.92,13.5,10.29
2025-12-16T05:38:37.638122,Recipe_C,e493d977-1289-4420-b102-87061598c92c,8,5.0,,,,10.29,8.86,11.53,11.32,14.58,9.55
2025-12-16T05:38:38.638122,Recipe_C,e493d977-1289-4420-b102-87061598c92c,8,5.0,,,,11.79,6.89,10.06,8.63,12.04,11.11
2025-12-16T05:38:39.638122,Recipe_C,e493d977-1289-4420-b102-87061598c92c,8,5.0,,,,7.39,11.36,9.46,10.36,5.5,14.63
2025-12-16T05:38:40.638122,Recipe_C,e493d977-1289-4420-b102-87061598c92c,8,5.0,,,,11.75,9.88,5.13,9.99,12.12,8.58
2025-12-16T05:38:41.638122,Recipe_C,e493d977-1289-4420-b102-87061598c92c,8,5.0,,,,7.61,10.54,11.5,10.91,9.51,10.9
2025-12-16T05:38:42.638122,Recipe_C,e493d977-1289-4420-b102-87061598c92c,8,5.0,,,,8.16,10.02,6.66,10.1,8.33,10.35
2025-12-16T05:38:43.638122,Recipe_C,e493d977-1289-4420-b102-87061598c92c,8,5.0,,,,10.31,7.05,13.62,12.02,10.98,10.44
2025-12-16T05:38:44.638122,Recipe_C,e493d977-1289-4420-b102-87061598c92c,8,5.0,,,,9.19,8.63,13.47,10.95,11.0,10.68
2025-12-16T05:38:45.638122,Recipe_C,e493d977-1289-4420-b102-87061598c92c,8,5.0,,,,7.66,7.34,4.68,11.56,9.31,8.9
2025-12-16T05:38:46.638122,Recipe_C,e493d977-1289-4420-b102-87061598c92c,8,5.0,,,,13.4,11.4,10.76,11.92,10.3,8.69
2025-12-16T05:38:47.638122,Recipe_C,e493d977-1289-4420-b102-87061598c92c,8,5.0,,,,9.79,11.08,9.83,10.44,11.98,8.89
2025-12-16T05:38:48.638122,Recipe_C,e493d977-1289-4420-b102-87061598c92c,8,5.0,,,,10.45,13.09,14.64,7.21,10.28,9.04
2025-12-16T05:38:49.638122,Recipe_C,e493d977-1289-4420-b102-87061598c92c,8,5.0,,,,9.95,7.3,7.54,10.82,9.15,7.17
2025-12-16T05:38:50.638122,Recipe_C,e493d977-1289-4420-b102-87061598c92c,8,5.0,,,,9.59,8.71,6.57,9.81,8.18,8.06
2025-12-16T05:38:51.638122,Recipe_C,e493d977-1289-4420-b102-87061598c92c,8,5.0,,,,10.13,11.58,11.79,8.85,9.89,7.47
2025-12-16T05:38:52.638122,Recipe_C,e493d977-1289-4420-b102-87061598c92c,8,5.0,,,,7.69,8.36,12.25,12.54,8.9,8.36
2025-12-16T05:38:53.638122,Recipe_C,e493d977-1289-4420-b102-87061598c92c,8,5.0,,,,10.35,6.59,9.8,10.87,10.64,11.55
2025-12-16T05:38:54.638122,Recipe_C,e493d977-1289-4420-b102-87061598c92c,8,5.0,,,,13.93,8.87,11.5,10.74,11.37,9.17
2025-12-16T05:38:55.638122,Recipe_C,e493d977-1289-4420-b102-87061598c92c,8,5.0,,,,7.39,10.73,10.2,10.58,11.58,7.91
2025-12-16T05:38:56.638122,Recipe_C,e493d977-1289-4420-b102-87061598c92c,8,5.0,,,,13.77,6.93,9.21,11.95,10.92,7.52
2025-12-16T05:38:57.638122,Recipe_C,e493d977-1289-4420-b102-87061598c92c,8,5.0,,,,12.26,11.0,6.79,9.86,9.05,10.21
2025-12-16T05:38:58.638122,Recipe_C,e493d977-1289-4420-b102-87061598c92c,8,5.0,,,,8.92,10.98,10.37,8.44,9.89,12.39
2025-12-16T05:38:59.638122,Recipe_C,e493d977-1289-4420-b102-87061598c92c,8,5.0,,,,6.25,10.44,14.03,10.58,12.59,10.55
2025-12-16T05:39:00.638122,Recipe_C,e493d977-1289-4420-b102-87061598c92c,8,5.0,,,,8.63,10.61,9.03,7.97,10.99,4.19
2025-12-16T05:39:01.638122,Recipe_C,e493d977-1289-4420-b102-87061598c92c,8,5.0,,,,10.66,13.54,12.14,12.55,9.24,13.02
2025-12-16T05:39:02.638122,Recipe_C,e493d977-1289-4420-b102-87061598c92c,8,5.0,,,,10.37,7.34,5.78,11.1,7.58,11.08
2025-12-16T05:39:03.638122,Recipe_C,e493d977-1289-4420-b102-87061598c92c,8,5.0,,,,12.63,10.45,11.77,11.22,8.8,10.55
2025-12-16T05:39:04.638122,Recipe_C,e493d977-1289-4420-b102-87061598c92c,8,5.0,,,,10.5,8.69,12.58,7.94,6.73,10.01
2025-12-16T05:39:05.638122,Recipe_C,e493d977-1289-4420-b102-87061598c92c,8,5.0,,,,9.37,11.65,10.89,7.85,11.07,9.38
2025-12-16T05:39:06.638122,Recipe_C,e493d977-1289-4420-b102-87061598c92c,8,5.0,,,,9.18,10.5,8.69,10.19,10.84,13.04
2025-12-16T05:39:07.638122,Recipe_C,e493d977-1289-4420-b102-87061598c92c,8,5.0,,,,8.74,7.47,8.6,7.24,9.9,9.9
2025-12-16T05:39:08.638122,Recipe_C,e493d977-1289-4420-b102-87061598c92c,8,5.0,,,,6.88,9.06,8.66,11.81,9.11,10.1
2025-12-16T05:39:09.638122,Recipe_C,e493d977-1289-4420-b102-87061598c92c,8,5.0,,,,10.53,10.86,10.52,10.53,8.85,9.42
2025-12-16T05:39:10.638122,Recipe_C,e493d977-1289-4420-b102-87061598c92c,8,5.0,,,,11.56,8.37,9.6,6.35,12.1,8.17
2025-12-16T05:39:11.638122,Recipe_C,e493d977-1289-4420-b102-87061598c92c,8,5.0,,,,12.31,9.39,8.32,7.54,10.34,6.67
2025-12-16T05:39:12.638122,Recipe_C,e493d977-1289-4420-b102-87061598c92c,8,5.0,,,,8.73,10.72,8.04,11.41,8.43,14.35
2025-12-16T05:39:13.638122,Recipe_C,e493d977-1289-4420-b102-87061598c92c,8,5.0,,,,8.66,11.02,9.73,11.46,11.34,11.56
2025-12-16T05:39:14.638122,Recipe_C,e493d977-1289-4420-b102-87061598c92c,8,5.0,,,,9.68,6.88,8.17,10.95,9.53,7.7
2025-12-16T05:39:15.638122,Recipe_C,e493d977-1289-4420-b102-87061598c92c,8,5.0,,,,13.28,10.49,11.09,10.15,11.08,12.45
2025-12-16T05:39:16.638122,Recipe_C,e493d977-1289-4420-b102-87061598c92c,8,5.0,,,,11.72,8.49,11.16,8.66,8.0,10.16
2025-12-16T05:39:17.638122,Recipe_C,e493d977-1289-4420-b102-87061598c92c,8,5.0,,,,11.54,11.15,8.12,11.27,9.59,8.97
2025-12-16T05:39:18.638122,Recipe_C,e493d977-1289-4420-b102-87061598c92c,8,5.0,,,,8.21,12.1,10.82,10.41,8.72,9.07
2025-12-16T05:39:19.638122,Recipe_C,e493d977-1289-4420-b102-87061598c92c,8,5.0,,,,11.49,11.92,11.67,5.3,9.1,8.65
2025-12-16T05:39:20.638122,Recipe_C,e493d977-1289-4420-b102-87061598c92c,8,5.0,,,,10.33,9.94,5.8,11.5,10.92,11.14
2025-12-16T05:39:21.638122,Recipe_C,e493d977-1289-4420-b102-87061598c92c,8,5.0,,,,9.83,11.89,6.76,8.86,8.23,9.86
2025-12-16T05:39:22.638122,Recipe_C,e493d977-1289-4420-b102-87061598c92c,8,5.0,,,,10.71,6.75,10.62,11.67,13.52,9.45
2025-12-16T05:39:23.638122,Recipe_C,e493d977-1289-4420-b102-87061598c92c,8,5.0,,,,9.28,6.31,7.6,11.89,10.84,13.17
2025-12-16T05:39:24.638122,Recipe_C,e493d977-1289-4420-b102-87061598c92c,8,5.0,,,,8.06,7.74,8.29,7.66,10.85,5.58
2025-12-16T05:39:25.638122,Recipe_C,e493d977-1289-4420-b102-87061598c92c,8,5.0,,,,9.45,9.32,14.66,6.27,8.01,12.69
2025-12-16T05:39:26.638122,Recipe_C,e493d977-1289-4420-b102-87061598c92c,8,5.0,,,,4.46,9.34,10.62,16.21,9.91,11.39
2025-12-16T05:39:27.638122,Recipe_C,e493d977-1289-4420-b102-87061598c92c,8,5.0,,,,6.2,12.16,9.38,8.82,8.71,13.98
2025-12-16T05:39:28.638122,Recipe_C,e493d977-1289-4420-b102-87061598c92c,8,5.0,,,,9.63,10.61,11.69,8.81,11.96,9.97
2025-12-16T05:39:29.638122,Recipe_C,e493d977-1289-4420-b102-87061598c92c,8,5.0,,,,8.17,10.71,12.13,9.49,9.54,6.54
2025-12-16T05:39:30.638122,Recipe_C,e493d977-1289-4420-b102-87061598c92c,8,5.0,,,,10.17,11.13,9.64,8.17,6.99,7.44
2025-12-16T05:39:31.638122,Recipe_C,e493d977-1289-4420-b102-87061598c92c,8,5.0,,,,9.41,7.35,14.04,9.14,11.06,12.22
2025-12-16T05:39:32.638122,Recipe_C,e493d977-1289-4420-b102-87061598c92c,8,5.0,,,,10.88,7.85,15.33,9.59,9.8,11.55
2025-12-16T05:39:33.638122,Recipe_C,e493d977-1289-4420-b102-87061598c92c,8,5.0,,,,9.96,10.81,6.46,12.22,12.36,13.1
2025-12-16T05:39:34.638122,Recipe_C,e493d977-1289-4420-b102-87061598c92c,8,5.0,,,,10.53,11.55,8.82,10.44,9.87,11.3
2025-12-16T05:39:35.638122,Recipe_C,e493d977-1289-4420-b102-87061598c92c,8,5.0,,,,10.74,9.88,10.06,7.4,10.57,7.87
2025-12-16T05:39:36.638122,Recipe_C,e493d977-1289-4420-b102-87061598c92c,8,5.0,,,,7.66,9.87,10.71,10.59,12.1,14.63
2025-12-16T05:39:37.638122,Recipe_C,e493d977-1289-4420-b102-87061598c92c,8,5.0,,,,9.04,7.33,8.77,13.23,11.58,12.75
2025-12-16T05:39:38.638122,Recipe_C,e493d977-1289-4420-b102-87061598c92c,8,5.0,,,,11.12,8.69,8.13,12.89,8.14,13.33
2025-12-16T05:39:39.638122,Recipe_C,e493d977-1289-4420-b102-87061598c92c,8,5.0,,,,11.18,7.83,8.92,11.25,11.92,13.34
2025-12-16T05:39:40.638122,Recipe_C,e493d977-1289-4420-b102-87061598c92c,8,5.0,,,,8.47,10.55,8.8,8.6,11.92,12.1
2025-12-16T05:39:41.638122,Recipe_C,e493d977-1289-4420-b102-87061598c92c,8,5.0,,,,11.13,9.4,10.73,13.94,8.58,13.62
2025-12-16T05:39:42.638122,Recipe_C,e493d977-1289-4420-b102-87061598c92c,8,5.0,,,,12.14,8.71,8.26,10.36,7.76,11.09
2025-12-16T05:39:43.638122,Recipe_C,e493d977-1289-4420-b102-87061598c92c,8,5.0,,,,11.52,15.28,9.22,10.82,10.74,12.23
2025-12-16T05:39:44.638122,Recipe_C,e493d977-1289-4420-b102-87061598c92c,8,5.0,,,,5.54,10.22,7.95,9.53,14.22,6.03
2025-12-16T05:39:45.638122,Recipe_C,e493d977-1289-4420-b102-87061598c92c,8,5.0,,,,12.27,6.37,10.58,13.89,11.39,11.12
2025-12-16T05:39:46.638122,Recipe_C,e493d977-1289-4420-b102-87061598c92c,8,5.0,,,,10.93,7.34,12.2,9.45,12.23,9.92
2025-12-16T05:39:47.638122,Recipe_C,e493d977-1289-4420-b102-87061598c92c,8,5.0,,,,11.17,9.68,8.95,11.56,9.38,11.07
2025-12-16T05:39:48.638122,Recipe_C,e493d977-1289-4420-b102-87061598c92c,8,5.0,,,,13.27,7.43,9.95,10.46,11.85,10.89
2025-12-16T05:39:49.638122,Recipe_C,e493d977-1289-4420-b102-87061598c92c,8,5.0,,,,9.7,10.09,11.26,7.89,12.17,10.78
2025-12-16T05:39:50.638122,Recipe_C,e493d977-1289-4420-b102-87061598c92c,8,5.0,,,,11.13,9.65,10.73,9.86,11.07,7.49
2025-12-16T05:39:51.638122,Recipe_C,e493d977-1289-4420-b102-87061598c92c,8,5.0,,,,12.05,10.22,9.97,8.24,10.76,10.88
2025-12-16T05:39:52.638122,Recipe_C,e493d977-1289-4420-b102-87061598c92c,8,5.0,,,,11.86,12.95,12.08,12.93,8.96,7.26
2025-12-16T05:39:53.638122,Recipe_C,e493d977-1289-4420-b102-87061598c92c,8,5.0,,,,12.58,11.38,9.74,7.5,10.04,9.13
2025-12-16T05:39:54.638122,Recipe_C,e493d977-1289-4420-b102-87061598c92c,8,5.0,,,,9.48,10.9,9.13,10.28,8.09,9.02
2025-12-16T05:39:55.638122,Recipe_C,e493d977-1289-4420-b102-87061598c92c,8,5.0,,,,9.2,10.66,9.03,9.68,11.47,11.08
2025-12-16T05:39:56.638122,Recipe_C,e493d977-1289-4420-b102-87061598c92c,8,5.0,,,,7.67,12.57,12.12,11.37,6.6,7.92
2025-12-16T05:39:57.638122,Recipe_C,e493d977-1289-4420-b102-87061598c92c,8,5.0,,,,10.54,13.46,9.54,8.85,9.63,8.15
2025-12-16T05:39:58.638122,Recipe_C,e493d977-1289-4420-b102-87061598c92c,8,5.0,,,,8.09,9.66,9.9,6.94,9.22,12.49
2025-12-16T05:39:59.638122,Recipe_C,e493d977-1289-4420-b102-87061598c92c,8,5.0,,,,11.84,13.09,8.52,10.46,7.57,8.99
2025-12-16T05:40:00.638122,Recipe_C,e493d977-1289-4420-b102-87061598c92c,8,5.0,,,,11.02,10.06,10.67,7.21,10.68,10.53
2025-12-16T05:40:01.638122,Recipe_C,e493d977-1289-4420-b102-87061598c92c,8,5.0,,,,9.8,9.86,13.67,9.31,9.87,11.37
2025-12-16T05:40:02.638122,Recipe_C,e493d977-1289-4420-b102-87061598c92c,8,5.0,,,,7.46,9.86,9.2,10.94,6.9,9.18
2025-12-16T05:40:03.638122,Recipe_C,e493d977-1289-4420-b102-87061598c92c,8,5.0,,,,10.23,9.15,9.5,12.73,5.78,12.08
2025-12-16T05:40:04.638122,Recipe_C,e493d977-1289-4420-b102-87061598c92c,8,5.0,,,,10.35,9.61,10.41,8.88,9.19,14.17
2025-12-16T05:40:05.638122,Recipe_C,e493d977-1289-4420-b102-87061598c92c,8,5.0,,,,9.01,6.24,10.38,8.22,14.98,5.75
2025-12-16T05:40:06.638122,Recipe_C,e493d977-1289-4420-b102-87061598c92c,8,5.0,,,,8.17,12.72,12.83,12.21,9.47,7.23
2025-12-16T05:40:07.638122,Recipe_C,e493d977-1289-4420-b102-87061598c92c,8,5.0,,,,12.31,9.31,10.01,11.78,11.43,9.81
2025-12-16T05:40:08.638122,Recipe_C,e493d977-1289-4420-b102-87061598c92c,8,5.0,,,,11.18,8.66,10.67,9.58,7.47,7.79
2025-12-16T05:40:09.638122,Recipe_C,e493d977-1289-4420-b102-87061598c92c,8,5.0,,,,9.01,11.41,10.95,9.98,7.57,9.92
2025-12-16T05:40:10.638122,Recipe_C,e493d977-1289-4420-b102-87061598c92c,8,5.0,,,,9.13,10.22,10.22,7.09,12.05,6.44
2025-12-16T05:40:11.638122,Recipe_C,e493d977-1289-4420-b102-87061598c92c,8,5.0,,,,9.13,10.47,11.23,7.62,12.28,10.83
2025-12-16T05:40:12.638122,Recipe_C,e493d977-1289-4420-b102-87061598c92c,8,5.0,,,,11.3,9.85,7.07,14.8,7.14,12.4
2025-12-16T05:40:13.638122,Recipe_C,e493d977-1289-4420-b102-87061598c92c,8,5.0,,,,8.12,7.67,8.56,10.06,7.66,9.27
2025-12-16T05:40:14.638122,Recipe_C,e493d977-1289-4420-b102-87061598c92c,8,5.0,,,,10.44,6.4,8.75,9.54,7.76,9.55
2025-12-16T05:40:15.638122,Recipe_C,e493d977-1289-4420-b102-87061598c92c,8,5.0,,,,10.48,8.83,12.96,10.05,11.68,11.21
2025-12-16T05:40:16.638122,Recipe_C,e493d977-1289-4420-b102-87061598c92c,8,5.0,,,,12.79,7.87,13.94,12.43,7.72,8.59
2025-12-16T05:40:17.638122,Recipe_C,e493d977-1289-4420-b102-87061598c92c,8,5.0,,,,12.3,15.11,10.47,13.61,10.67,9.9
2025-12-16T05:40:18.638122,Recipe_C,e493d977-1289-4420-b102-87061598c92c,8,5.0,,,,11.03,7.86,10.23,9.25,9.01,9.05
2025-12-16T05:40:19.638122,Recipe_C,e493d977-1289-4420-b102-87061598c92c,8,5.0,,,,8.09,7.69,12.42,6.95,12.48,12.18
2025-12-16T05:40:20.638122,Recipe_C,e493d977-1289-4420-b102-87061598c92c,8,5.0,,,,12.82,8.24,12.02,11.26,6.16,10.91
2025-12-16T05:40:21.638122,Recipe_C,e493d977-1289-4420-b102-87061598c92c,8,5.0,,,,11.17,12.22,4.69,5.62,8.12,12.25
2025-12-16T05:40:22.638122,Recipe_C,e493d977-1289-4420-b102-87061598c92c,8,5.0,,,,7.35,12.06,7.88,11.0,12.13,14.14
2025-12-16T05:40:23.638122,Recipe_C,e493d977-1289-4420-b102-87061598c92c,8,5.0,,,,10.02,13.37,8.37,9.56,11.5,10.68
2025-12-16T05:40:24.638122,Recipe_C,e493d977-1289-4420-b102-87061598c92c,8,5.0,,,,10.75,9.26,8.31,11.17,10.85,8.11
2025-12-16T05:40:25.638122,Recipe_C,e493d977-1289-4420-b102-87061598c92c,8,5.0,,,,11.4,10.63,8.81,5.71,6.96,11.64
2025-12-16T05:40:26.638122,Recipe_C,e493d977-1289-4420-b102-87061598c92c,8,5.0,,,,9.6,9.34,8.56,10.48,12.44,9.52
2025-12-16T05:40:27.638122,Recipe_C,e493d977-1289-4420-b102-87061598c92c,8,5.0,,,,7.81,11.99,8.48,13.02,9.33,7.91
2025-12-16T05:40:28.638122,Recipe_C,e493d977-1289-4420-b102-87061598c92c,8,5.0,,,,7.58,6.99,13.54,11.55,11.13,10.33
2025-12-16T05:40:29.638122,Recipe_C,e493d977-1289-4420-b102-87061598c92c,8,5.0,,,,10.41,10.29,13.68,11.4,9.39,9.95
2025-12-16T05:40:30.638122,Recipe_C,e493d977-1289-4420-b102-87061598c92c,8,5.0,,,,10.02,12.03,10.27,7.72,9.09,9.98
2025-12-16T05:40:31.638122,Recipe_C,e493d977-1289-4420-b102-87061598c92c,8,5.0,,,,9.43,9.55,8.4,8.07,9.52,10.59
2025-12-16T05:40:32.638122,Recipe_C,e493d977-1289-4420-b102-87061598c92c,8,5.0,,,,13.28,10.56,10.37,10.84,8.93,11.89
2025-12-16T05:40:33.638122,Recipe_C,e493d977-1289-4420-b102-87061598c92c,8,5.0,,,,7.22,9.98,11.3,9.58,10.25,8.78
2025-12-16T05:40:34.638122,Recipe_C,e493d977-1289-4420-b102-87061598c92c,8,5.0,,,,9.45,8.95,9.63,10.73,10.93,10.91
2025-12-16T05:40:35.638122,Recipe_C,e493d977-1289-4420-b102-87061598c92c,8,5.0,,,,7.02,10.82,6.33,6.89,9.18,7.71
2025-12-16T05:40:35.638122,Recipe_C,e493d977-1289-4420-b102-87061598c92c,8,5.0,Error_9,Simulated Error occurred,Error,,,,,,
2025-12-16T05:40:36.638122,Recipe_C,e493d977-1289-4420-b102-87061598c92c,8,5.0,,,,11.05,13.05,12.64,9.88,7.69,9.98
2025-12-16T05:40:37.638122,Recipe_C,e493d977-1289-4420-b102-87061598c92c,8,5.0,,,,11.56,12.21,8.86,11.65,12.13,10.32
2025-12-16T05:40:38.638122,Recipe_C,e493d977-1289-4420-b102-87061598c92c,8,5.0,,,,9.79,11.43,7.98,6.14,6.59,10.77
2025-12-16T05:40:39.638122,Recipe_C,e493d977-1289-4420-b102-87061598c92c,8,5.0,,,,8.99,10.34,8.33,10.92,9.83,11.22
2025-12-16T05:40:40.638122,Recipe_C,e493d977-1289-4420-b102-87061598c92c,8,5.0,,,,9.51,7.32,11.46,7.88,8.31,13.16
2025-12-16T05:40:41.638122,Recipe_C,e493d977-1289-4420-b102-87061598c92c,8,5.0,,,,6.58,14.24,7.17,8.02,10.32,12.51
2025-12-16T05:40:42.638122,Recipe_C,e493d977-1289-4420-b102-87061598c92c,8,5.0,,,,7.33,11.06,11.12,9.6,8.87,11.74
2025-12-16T05:40:43.638122,Recipe_C,e493d977-1289-4420-b102-87061598c92c,8,5.0,,,,9.23,10.81,11.17,10.12,9.57,10.19
2025-12-16T05:40:44.638122,Recipe_C,e493d977-1289-4420-b102-87061598c92c,8,5.0,,,,11.96,7.22,7.99,12.14,11.51,11.33
2025-12-16T05:40:45.638122,Recipe_C,e493d977-1289-4420-b102-87061598c92c,8,5.0,,,,5.86,9.21,12.23,10.54,9.98,7.51
2025-12-16T05:40:46.638122,Recipe_C,e493d977-1289-4420-b102-87061598c92c,8,5.0,,,,9.84,11.45,10.35,9.94,8.64,9.22
2025-12-16T05:40:47.638122,Recipe_C,e493d977-1289-4420-b102-87061598c92c,8,5.0,,,,10.71,13.75,9.68,8.55,8.78,12.33
2025-12-16T05:40:48.638122,Recipe_C,e493d977-1289-4420-b102-87061598c92c,8,5.0,,,,9.46,10.09,7.44,7.58,9.68,9.85
2025-12-16T05:40:49.638122,Recipe_C,e493d977-1289-4420-b102-87061598c92c,8,5.0,,,,11.48,6.59,12.41,7.85,10.67,12.61
2025-12-16T05:40:50.638122,Recipe_C,e493d977-1289-4420-b102-87061598c92c,8,5.0,,,,8.33,8.39,9.65,13.34,11.71,10.63
2025-12-16T05:40:51.638122,Recipe_C,e493d977-1289-4420-b102-87061598c92c,8,5.0,,,,6.84,10.0,10.24,12.51,10.3,9.3
2025-12-16T05:40:52.638122,Recipe_C,e493d977-1289-4420-b102-87061598c92c,8,5.0,,,,11.18,9.05,13.6,11.56,9.9,11.43
2025-12-16T05:40:53.638122,Recipe_C,e493d977-1289-4420-b102-87061598c92c,8,5.0,,,,7.59,13.23,9.98,5.03,12.59,11.92
2025-12-16T05:40:54.638122,Recipe_C,e493d977-1289-4420-b102-87061598c92c,8,5.0,,,,9.68,11.36,5.12,16.11,8.68,14.05
2025-12-16T05:40:55.638122,Recipe_C,e493d977-1289-4420-b102-87061598c92c,8,5.0,,,,12.37,8.38,12.95,9.74,10.87,8.99
2025-12-16T05:40:56.638122,Recipe_C,e493d977-1289-4420-b102-87061598c92c,8,2.0,,,,9.52,9.35,6.82,11.21,12.84,8.95
2025-12-16T05:40:57.638122,Recipe_C,e493d977-1289-4420-b102-87061598c92c,8,2.0,,,,6.25,8.53,10.2,9.74,12.61,10.4
2025-12-16T05:40:58.638122,Recipe_C,e493d977-1289-4420-b102-87061598c92c,8,2.0,,,,7.91,7.6,11.99,7.47,8.48,12.0
2025-12-16T05:40:59.638122,Recipe_C,e493d977-1289-4420-b102-87061598c92c,8,2.0,,,,11.48,7.64,10.6,7.79,11.12,10.0
2025-12-16T05:41:00.638122,Recipe_C,e493d977-1289-4420-b102-87061598c92c,8,2.0,,,,7.51,12.78,11.55,9.53,9.69,10.79
2025-12-16T05:41:01.638122,Recipe_C,e493d977-1289-4420-b102-87061598c92c,8,2.0,,,,12.82,9.18,10.75,9.7,9.94,6.52
2025-12-16T05:41:02.638122,Recipe_C,e493d977-1289-4420-b102-87061598c92c,8,2.0,,,,8.01,7.56,9.64,13.69,7.71,11.06
2025-12-16T05:41:03.638122,Recipe_C,e493d977-1289-4420-b102-87061598c92c,8,2.0,,,,16.23,10.32,7.79,8.8,11.11,11.85
2025-12-16T05:41:04.638122,Recipe_C,e493d977-1289-4420-b102-87061598c92c,8,0.0,,,,0.0,0.0,0.0,0.0,0.0,0.0
2025-12-16T05:41:05.638122,Recipe_C,e493d977-1289-4420-b102-87061598c92c,8,0.0,,,,0.0,0.0,0.0,0.0,0.0,0.0
2025-12-16T05:41:06.638122,Recipe_C,e493d977-1289-4420-b102-87061598c92c,8,0.0,,,,0.0,0.0,0.0,0.0,0.0,0.0
2025-12-16T05:41:07.638122,Recipe_C,e493d977-1289-4420-b102-87061598c92c,8,2.0,,,,7.93,8.19,11.2,6.18,8.36,11.39
2025-12-16T05:41:08.638122,Recipe_C,e493d977-1289-4420-b102-87061598c92c,8,2.0,,,,11.07,6.82,11.08,10.76,11.15,12.48
2025-12-16T05:41:09.638122,Recipe_C,e493d977-1289-4420-b102-87061598c92c,8,2.0,,,,11.09,7.04,9.49,9.2,10.79,10.66
2025-12-16T05:41:10.638122,Recipe_C,e493d977-1289-4420-b102-87061598c92c,8,2.0,,,,9.66,10.68,8.72,11.81,15.97,10.55
2025-12-16T05:41:11.638122,Recipe_C,e493d977-1289-4420-b102-87061598c92c,8,2.0,,,,10.11,9.23,8.77,10.08,11.11,8.84
2025-12-16T05:41:12.638122,Recipe_C,e493d977-1289-4420-b102-87061598c92c,8,2.0,,,,9.16,11.88,8.97,10.55,12.58,12.72
2025-12-16T05:41:13.638122,Recipe_C,e493d977-1289-4420-b102-87061598c92c,8,2.0,,,,13.58,11.28,9.54,10.05,9.66,12.82
2025-12-16T05:41:14.638122,Recipe_C,e493d977-1289-4420-b102-87061598c92c,8,2.0,,,,8.93,11.72,9.43,10.44,9.87,7.05
2025-12-16T05:41:15.638122,Recipe_C,e493d977-1289-4420-b102-87061598c92c,8,2.0,,,,8.09,8.08,5.81,10.88,9.41,11.67
2025-12-16T05:41:16.638122,Recipe_C,e493d977-1289-4420-b102-87061598c92c,8,2.0,,,,8.52,9.96,8.13,11.17,11.27,9.08
2025-12-16T05:41:17.638122,Recipe_C,e493d977-1289-4420-b102-87061598c92c,8,2.0,,,,10.56,5.72,12.67,9.46,9.9,11.33
2025-12-16T05:41:18.638122,Recipe_C,e493d977-1289-4420-b102-87061598c92c,8,2.0,,,,11.09,8.97,10.92,9.77,13.61,9.3
2025-12-16T05:41:19.638122,Recipe_C,e493d977-1289-4420-b102-87061598c92c,8,1.0,,,,12.64,6.66,7.9,13.31,7.77,7.86
2025-12-16T05:41:20.638122,Recipe_C,e493d977-1289-4420-b102-87061598c92c,8,1.0,,,,11.18,11.34,11.95,8.53,13.1,12.67
2025-12-16T05:41:21.638122,Recipe_C,e493d977-1289-4420-b102-87061598c92c,8,1.0,,,,6.96,10.08,8.12,7.82,9.82,9.19
2025-12-16T05:41:22.638122,Recipe_C,e493d977-1289-4420-b102-87061598c92c,8,3.0,,,,13.3,8.45,14.05,7.86,13.4,9.64
2025-12-16T05:41:23.638122,Recipe_C,e493d977-1289-4420-b102-87061598c92c,8,3.0,,,,10.35,7.5,11.03,15.66,11.62,12.59
2025-12-16T05:41:24.638122,Recipe_C,e493d977-1289-4420-b102-87061598c92c,8,3.0,,,,10.94,8.42,9.95,10.76,9.49,10.01
2025-12-16T05:41:25.638122,Recipe_C,e493d977-1289-4420-b102-87061598c92c,8,3.0,,,,11.66,11.01,8.94,8.49,6.49,8.87
2025-12-16T05:41:26.638122,Recipe_C,e493d977-1289-4420-b102-87061598c92c,8,3.0,,,,8.25,8.96,10.87,9.71,9.23,10.26
2025-12-16T05:41:27.638122,Recipe_C,e493d977-1289-4420-b102-87061598c92c,8,2.0,,,,11.41,9.44,8.13,11.44,10.4,12.03
2025-12-16T05:41:28.638122,Recipe_C,e493d977-1289-4420-b102-87061598c92c,8,2.0,,,,13.37,7.87,10.02,10.31,11.51,9.4
2025-12-16T05:41:29.638122,Recipe_C,e493d977-1289-4420-b102-87061598c92c,8,2.0,,,,11.5,12.45,9.9,10.57,10.41,7.23
2025-12-16T05:41:30.638122,Recipe_C,e493d977-1289-4420-b102-87061598c92c,8,2.0,,,,11.66,10.08,8.42,11.38,11.22,12.03
2025-12-16T05:41:31.638122,Recipe_C,e493d977-1289-4420-b102-87061598c92c,8,2.0,,,,6.33,7.04,8.47,9.88,9.69,9.43
2025-12-16T05:41:32.638122,Recipe_C,e493d977-1289-4420-b102-87061598c92c,8,2.0,,,,14.29,7.6,5.44,9.63,11.76,9.33
2025-12-16T05:41:33.638122,Recipe_C,e493d977-1289-4420-b102-87061598c92c,8,2.0,,,,10.65,10.66,9.0,8.98,9.92,8.13
2025-12-16T05:41:34.638122,Recipe_C,e493d977-1289-4420-b102-87061598c92c,8,2.0,,,,13.46,8.34,12.24,8.64,7.16,11.29
2025-12-16T05:41:35.638122,Recipe_C,e493d977-1289-4420-b102-87061598c92c,8,2.0,,,,11.63,6.17,9.33,7.95,8.98,10.08
2025-12-16T05:41:36.638122,Recipe_C,e493d977-1289-4420-b102-87061598c92c,8,2.0,,,,7.71,11.66,9.36,10.93,11.86,10.07
2025-12-16T05:41:37.638122,Recipe_C,e493d977-1289-4420-b102-87061598c92c,8,2.0,,,,11.16,12.22,10.69,13.38,9.14,12.38
2025-12-16T05:41:38.638122,Recipe_C,e493d977-1289-4420-b102-87061598c92c,8,2.0,,,,6.87,14.84,8.71,8.23,11.12,9.68
2025-12-16T05:41:39.638122,Recipe_C,e493d977-1289-4420-b102-87061598c92c,8,2.0,,,,11.06,9.05,9.97,9.38,9.68,9.7
2025-12-16T05:41:40.638122,Recipe_C,e493d977-1289-4420-b102-87061598c92c,8,2.0,,,,9.88,11.29,9.27,11.01,7.47,7.2
2025-12-16T05:41:41.638122,Recipe_C,e493d977-1289-4420-b102-87061598c92c,8,2.0,,,,5.72,11.5,13.75,8.18,12.84,9.76
2025-12-16T05:41:42.638122,Recipe_C,e493d977-1289-4420-b102-87061598c92c,8,2.0,,,,10.08,5.76,9.27,8.38,9.78,7.79
2025-12-16T05:41:43.638122,Recipe_C,e493d977-1289-4420-b102-87061598c92c,8,2.0,,,,13.93,11.63,10.86,12.26,10.35,10.18
2025-12-16T05:41:44.638122,Recipe_C,e493d977-1289-4420-b102-87061598c92c,8,2.0,,,,13.12,14.39,8.61,9.78,10.16,9.13
2025-12-16T05:41:45.638122,Recipe_C,e493d977-1289-4420-b102-87061598c92c,8,2.0,,,,11.75,12.38,12.04,10.65,11.72,6.32
2025-12-16T05:41:46.638122,Recipe_C,e493d977-1289-4420-b102-87061598c92c,8,2.0,,,,10.54,7.9,8.03,10.99,11.18,10.31
2025-12-16T05:41:47.638122,Recipe_C,e493d977-1289-4420-b102-87061598c92c,8,2.0,,,,8.01,14.07,11.81,12.59,9.41,12.71
2025-12-16T05:41:48.638122,Recipe_C,e493d977-1289-4420-b102-87061598c92c,8,2.0,,,,8.82,8.77,6.8,9.08,8.57,10.35
2025-12-16T05:41:49.638122,Recipe_C,e493d977-1289-4420-b102-87061598c92c,8,2.0,,,,11.05,7.26,8.81,13.62,11.46,8.34
2025-12-16T05:41:50.638122,Recipe_C,e493d977-1289-4420-b102-87061598c92c,8,2.0,,,,8.57,13.29,13.55,14.28,11.89,9.53
2025-12-16T05:41:51.638122,Recipe_C,e493d977-1289-4420-b102-87061598c92c,8,2.0,,,,9.12,10.78,11.73,9.95,8.13,8.07
2025-12-16T05:41:52.638122,Recipe_C,e493d977-1289-4420-b102-87061598c92c,8,2.0,,,,11.77,8.94,8.82,12.13,11.42,9.96
2025-12-16T05:41:53.638122,Recipe_C,e493d977-1289-4420-b102-87061598c92c,8,2.0,,,,5.85,11.02,8.4,11.36,7.07,8.86
2025-12-16T05:41:54.638122,Recipe_C,e493d977-1289-4420-b102-87061598c92c,8,2.0,,,,8.02,8.82,8.85,11.9,10.63,9.65
2025-12-16T05:41:55.638122,Recipe_C,e493d977-1289-4420-b102-87061598c92c,8,2.0,,,,9.29,9.45,10.72,11.37,7.37,7.83
2025-12-16T05:41:56.638122,Recipe_C,e493d977-1289-4420-b102-87061598c92c,8,2.0,,,,9.91,8.72,9.23,9.26,11.65,8.53
2025-12-16T05:41:57.638122,Recipe_C,e493d977-1289-4420-b102-87061598c92c,8,2.0,,,,14.45,11.07,10.76,5.91,12.58,10.16
2025-12-16T05:41:58.638122,Recipe_C,e493d977-1289-4420-b102-87061598c92c,8,2.0,,,,9.21,10.45,10.03,8.3,11.07,10.07
2025-12-16T05:41:59.638122,Recipe_C,e493d977-1289-4420-b102-87061598c92c,8,2.0,,,,8.11,14.65,8.46,11.34,8.61,11.3
2025-12-16T05:42:00.638122,Recipe_C,e493d977-1289-4420-b102-87061598c92c,8,2.0,,,,9.47,6.62,11.48,13.55,9.09,6.81
2025-12-16T05:42:01.638122,Recipe_C,e493d977-1289-4420-b102-87061598c92c,8,2.0,,,,10.62,9.4,12.33,15.58,7.92,11.87
2025-12-16T05:42:02.638122,Recipe_C,e493d977-1289-4420-b102-87061598c92c,8,2.0,,,,4.88,10.64,9.4,10.29,12.78,11.95
2025-12-16T05:42:03.638122,Recipe_C,e493d977-1289-4420-b102-87061598c92c,8,2.0,,,,12.18,9.24,13.94,10.41,7.61,9.98
2025-12-16T05:42:04.638122,Recipe_C,e493d977-1289-4420-b102-87061598c92c,8,2.0,,,,12.8,12.91,11.71,7.58,11.29,9.95
2025-12-16T05:42:05.638122,Recipe_C,e493d977-1289-4420-b102-87061598c92c,8,2.0,,,,7.59,9.46,10.72,7.66,9.94,12.17
2025-12-16T05:42:06.638122,Recipe_C,e493d977-1289-4420-b102-87061598c92c,8,2.0,,,,10.89,8.69,13.44,11.9,7.58,13.07
2025-12-16T05:42:07.638122,Recipe_C,e493d977-1289-4420-b102-87061598c92c,8,2.0,,,,7.91,8.64,8.98,11.47,12.24,12.97
2025-12-16T05:42:08.638122,Recipe_C,e493d977-1289-4420-b102-87061598c92c,8,2.0,,,,9.28,13.6,13.05,9.93,11.16,13.89
2025-12-16T05:42:09.638122,Recipe_C,e493d977-1289-4420-b102-87061598c92c,8,2.0,,,,8.72,8.32,10.39,12.39,10.58,9.35
2025-12-16T05:42:10.638122,Recipe_C,e493d977-1289-4420-b102-87061598c92c,8,2.0,,,,8.44,7.92,9.03,14.25,6.0,8.68
2025-12-16T05:42:11.638122,Recipe_C,e493d977-1289-4420-b102-87061598c92c,8,2.0,,,,13.9,9.53,12.18,6.25,9.54,7.95
2025-12-16T05:42:12.638122,Recipe_C,e493d977-1289-4420-b102-87061598c92c,8,2.0,,,,9.33,9.07,8.72,8.7,5.68,9.99
2025-12-16T05:42:13.638122,Recipe_C,e493d977-1289-4420-b102-87061598c92c,8,2.0,,,,10.8,9.39,8.21,9.1,10.26,10.63
2025-12-16T05:42:14.638122,Recipe_C,e493d977-1289-4420-b102-87061598c92c,8,2.0,,,,11.14,8.62,12.6,7.92,7.02,11.85
2025-12-16T05:42:15.638122,Recipe_C,e493d977-1289-4420-b102-87061598c92c,8,2.0,,,,11.07,9.14,9.22,9.36,7.88,7.74
2025-12-16T05:42:16.638122,Recipe_C,e493d977-1289-4420-b102-87061598c92c,8,2.0,,,,11.61,9.3,8.19,5.68,9.16,11.23
2025-12-16T05:42:17.638122,Recipe_C,e493d977-1289-4420-b102-87061598c92c,8,2.0,,,,9.39,10.38,11.18,6.58,10.24,5.2
2025-12-16T05:42:18.638122,Recipe_C,e493d977-1289-4420-b102-87061598c92c,8,2.0,,,,11.08,11.21,10.56,7.91,7.77,9.13
2025-12-16T05:42:19.638122,Recipe_C,e493d977-1289-4420-b102-87061598c92c,8,2.0,,,,10.21,8.54,8.6,11.57,8.28,10.7
2025-12-16T05:42:20.638122,Recipe_C,e493d977-1289-4420-b102-87061598c92c,8,2.0,,,,13.64,5.68,11.31,7.29,9.52,10.51
2025-12-16T05:42:21.638122,Recipe_C,e493d977-1289-4420-b102-87061598c92c,8,2.0,,,,13.24,11.81,13.93,8.85,6.91,12.74
2025-12-16T05:42:22.638122,Recipe_C,e493d977-1289-4420-b102-87061598c92c,8,2.0,,,,11.07,10.99,11.66,8.16,12.2,11.02
2025-12-16T05:42:23.638122,Recipe_C,e493d977-1289-4420-b102-87061598c92c,8,2.0,,,,9.98,11.1,8.28,8.98,11.18,8.08
2025-12-16T05:42:24.638122,Recipe_C,e493d977-1289-4420-b102-87061598c92c,8,2.0,,,,12.72,11.79,6.8,6.99,11.92,14.51
2025-12-16T05:42:25.638122,Recipe_C,e493d977-1289-4420-b102-87061598c92c,8,2.0,,,,8.8,9.84,9.93,6.87,9.34,14.5
2025-12-16T05:42:26.638122,Recipe_C,e493d977-1289-4420-b102-87061598c92c,8,2.0,,,,9.02,7.22,15.49,6.13,9.42,7.48
2025-12-16T05:42:27.638122,Recipe_C,e493d977-1289-4420-b102-87061598c92c,8,2.0,,,,8.75,11.17,10.03,9.8,11.35,9.5
2025-12-16T05:42:28.638122,Recipe_C,e493d977-1289-4420-b102-87061598c92c,8,2.0,,,,8.96,8.29,8.01,11.16,7.26,8.03
2025-12-16T05:42:29.638122,Recipe_C,e493d977-1289-4420-b102-87061598c92c,8,2.0,,,,10.4,10.15,9.93,11.11,11.21,8.67
2025-12-16T05:42:30.638122,Recipe_C,e493d977-1289-4420-b102-87061598c92c,8,2.0,,,,9.11,7.05,10.26,9.77,6.79,6.83
2025-12-16T05:42:30.638122,Recipe_C,e493d977-1289-4420-b102-87061598c92c,8,2.0,Warning_1,Simulated Warning occurred,Warning,,,,,,
2025-12-16T05:42:31.638122,Recipe_C,e493d977-1289-4420-b102-87061598c92c,8,2.0,,,,11.71,7.6,9.88,12.39,11.1,7.18
2025-12-16T05:42:32.638122,Recipe_C,e493d977-1289-4420-b102-87061598c92c,8,2.0,,,,11.89,8.18,15.58,10.56,9.61,7.77
2025-12-16T05:42:33.638122,Recipe_C,e493d977-1289-4420-b102-87061598c92c,8,2.0,,,,11.55,13.61,11.04,9.16,8.57,9.67
2025-12-16T05:42:34.638122,Recipe_C,e493d977-1289-4420-b102-87061598c92c,8,2.0,,,,7.1,10.73,14.87,12.21,12.46,9.06
2025-12-16T05:42:35.638122,Recipe_C,e493d977-1289-4420-b102-87061598c92c,8,2.0,,,,7.46,8.57,11.46,10.0,12.13,11.64
2025-12-16T05:42:36.638122,Recipe_C,e493d977-1289-4420-b102-87061598c92c,8,2.0,,,,8.14,8.74,8.16,10.3,11.92,11.91
2025-12-16T05:42:37.638122,Recipe_C,e493d977-1289-4420-b102-87061598c92c,8,2.0,,,,10.93,13.18,14.07,8.14,10.54,6.46
2025-12-16T05:42:38.638122,Recipe_C,e493d977-1289-4420-b102-87061598c92c,8,2.0,,,,8.2,8.56,9.57,8.81,7.29,9.81
2025-12-16T05:42:39.638122,Recipe_C,e493d977-1289-4420-b102-87061598c92c,8,2.0,,,,10.76,8.37,5.22,11.54,11.11,14.48
2025-12-16T05:42:40.638122,Recipe_C,e493d977-1289-4420-b102-87061598c92c,8,2.0,,,,9.8,11.68,7.04,10.28,9.36,9.9
2025-12-16T05:42:41.638122,Recipe_C,e493d977-1289-4420-b102-87061598c92c,8,2.0,,,,9.99,7.05,10.52,4.26,9.55,7.45
2025-12-16T05:42:42.638122,Recipe_C,e493d977-1289-4420-b102-87061598c92c,8,2.0,,,,8.77,10.36,7.47,12.13,11.27,10.55
2025-12-16T05:42:43.638122,Recipe_C,e493d977-1289-4420-b102-87061598c92c,8,2.0,,,,7.28,7.68,11.07,9.95,10.53,10.57
2025-12-16T05:42:44.638122,Recipe_C,e493d977-1289-4420-b102-87061598c92c,8,2.0,,,,9.55,10.63,7.04,7.02,12.35,12.42
2025-12-16T05:42:45.638122,Recipe_C,e493d977-1289-4420-b102-87061598c92c,8,2.0,,,,9.76,13.86,8.33,8.74,12.37,11.06
2025-12-16T05:42:46.638122,Recipe_C,e493d977-1289-4420-b102-87061598c92c,8,2.0,,,,8.35,9.99,5.7,8.08,10.21,8.47
2025-12-16T05:42:47.638122,Recipe_C,e493d977-1289-4420-b102-87061598c92c,8,2.0,,,,10.51,7.68,9.43,8.17,7.9,10.44
2025-12-16T05:42:48.638122,Recipe_C,e493d977-1289-4420-b102-87061598c92c,8,2.0,,,,9.87,11.13,15.04,6.8,8.12,9.35
2025-12-16T05:42:49.638122,Recipe_C,e493d977-1289-4420-b102-87061598c92c,8,2.0,,,,8.37,10.76,10.61,5.85,8.78,6.84
2025-12-16T05:42:50.638122,Recipe_C,e493d977-1289-4420-b102-87061598c92c,8,2.0,,,,8.17,9.61,4.86,10.42,11.6,6.75
2025-12-16T05:42:51.638122,Recipe_C,e493d977-1289-4420-b102-87061598c92c,8,2.0,,,,9.1,9.14,9.48,9.04,11.33,7.97
2025-12-16T05:42:52.638122,Recipe_C,e493d977-1289-4420-b102-87061598c92c,8,2.0,,,,11.17,10.09,10.58,7.27,10.19,8.89
2025-12-16T05:42:53.638122,Recipe_C,e493d977-1289-4420-b102-87061598c92c,8,2.0,,,,10.82,13.47,7.18,8.5,7.98,9.07
2025-12-16T05:42:54.638122,Recipe_C,e493d977-1289-4420-b102-87061598c92c,8,2.0,,,,9.31,8.74,7.33,8.13,13.18,9.19
2025-12-16T05:42:55.638122,Recipe_C,e493d977-1289-4420-b102-87061598c92c,8,2.0,,,,10.48,9.47,8.69,11.38,13.89,11.65
2025-12-16T05:42:56.638122,Recipe_C,e493d977-1289-4420-b102-87061598c92c,8,2.0,,,,11.25,7.23,10.79,7.27,12.99,13.4
2025-12-16T05:42:57.638122,Recipe_C,e493d977-1289-4420-b102-87061598c92c,8,2.0,,,,12.75,11.89,8.3,10.48,10.88,9.69
2025-12-16T05:42:58.638122,Recipe_C,e493d977-1289-4420-b102-87061598c92c,8,2.0,,,,9.61,8.74,10.2,11.18,12.46,13.15
2025-12-16T05:42:59.638122,Recipe_C,e493d977-1289-4420-b102-87061598c92c,8,2.0,,,,7.98,8.82,8.29,9.74,11.52,11.96
2025-12-16T05:43:00.638122,Recipe_C,e493d977-1289-4420-b102-87061598c92c,8,2.0,,,,10.02,9.21,8.68,8.62,7.65,7.65
2025-12-16T05:43:01.638122,Recipe_C,e493d977-1289-4420-b102-87061598c92c,8,2.0,,,,9.43,13.24,7.2,10.32,12.15,7.89
2025-12-16T05:43:02.638122,Recipe_C,e493d977-1289-4420-b102-87061598c92c,8,2.0,,,,12.5,11.58,11.43,8.79,11.15,13.77
2025-12-16T05:43:03.638122,Recipe_C,e493d977-1289-4420-b102-87061598c92c,8,2.0,,,,10.28,10.2,9.25,8.69,9.97,11.66
2025-12-16T05:43:04.638122,Recipe_C,e493d977-1289-4420-b102-87061598c92c,8,2.0,,,,10.49,10.5,7.92,8.27,8.42,11.32
2025-12-16T05:43:05.638122,Recipe_C,e493d977-1289-4420-b102-87061598c92c,8,2.0,,,,12.63,10.63,10.37,8.89,6.38,11.88
2025-12-16T05:43:06.638122,Recipe_C,e493d977-1289-4420-b102-87061598c92c,8,2.0,,,,9.03,11.29,10.29,10.62,9.7,8.86
2025-12-16T05:43:07.638122,Recipe_C,e493d977-1289-4420-b102-87061598c92c,8,2.0,,,,11.49,9.69,9.16,11.84,8.15,10.74
2025-12-16T05:43:08.638122,Recipe_C,e493d977-1289-4420-b102-87061598c92c,8,2.0,,,,6.44,7.86,9.79,8.78,9.33,9.17
2025-12-16T05:43:09.638122,Recipe_C,e493d977-1289-4420-b102-87061598c92c,8,2.0,,,,8.46,7.56,9.36,12.8,9.33,14.46
2025-12-16T05:43:09.638122,Recipe_C,e493d977-1289-4420-b102-87061598c92c,8,2.0,Warning_2,Simulated Warning occurred,Warning,,,,,,
2025-12-16T05:43:10.638122,Recipe_C,e493d977-1289-4420-b102-87061598c92c,8,5.0,,,,10.67,9.93,9.6,9.34,12.6,10.8
2025-12-16T05:43:11.638122,Recipe_C,e493d977-1289-4420-b102-87061598c92c,8,5.0,,,,8.88,8.58,12.47,7.72,11.03,10.44
2025-12-16T05:43:12.638122,Recipe_C,e493d977-1289-4420-b102-87061598c92c,8,5.0,,,,11.35,9.47,7.53,10.26,10.44,10.47
2025-12-16T05:43:13.638122,Recipe_C,e493d977-1289-4420-b102-87061598c92c,8,5.0,,,,10.08,7.88,9.75,10.29,13.42,12.43
2025-12-16T05:43:14.638122,Recipe_C,e493d977-1289-4420-b102-87061598c92c,8,5.0,,,,8.21,10.03,11.51,9.29,8.0,10.74
2025-12-16T05:43:15.638122,Recipe_C,e493d977-1289-4420-b102-87061598c92c,8,5.0,,,,12.38,12.14,7.7,12.78,8.93,9.58
2025-12-16T05:43:16.638122,Recipe_C,e493d977-1289-4420-b102-87061598c92c,8,5.0,,,,6.78,8.46,10.79,10.8,7.77,11.78
2025-12-16T05:43:17.638122,Recipe_C,e493d977-1289-4420-b102-87061598c92c,8,5.0,,,,13.06,8.09,11.07,8.54,10.52,10.13
2025-12-16T05:43:18.638122,Recipe_C,e493d977-1289-4420-b102-87061598c92c,8,5.0,,,,5.28,9.16,11.26,8.34,10.62,8.52
2025-12-16T05:43:19.638122,Recipe_C,e493d977-1289-4420-b102-87061598c92c,8,5.0,,,,10.75,7.08,9.09,10.19,11.43,6.93
2025-12-16T05:43:20.638122,Recipe_C,e493d977-1289-4420-b102-87061598c92c,8,5.0,,,,10.05,9.56,10.61,8.24,9.41,7.84
2025-12-16T05:43:21.638122,Recipe_C,e493d977-1289-4420-b102-87061598c92c,8,5.0,,,,9.46,9.03,14.16,12.38,8.61,8.85
2025-12-16T05:43:22.638122,Recipe_C,e493d977-1289-4420-b102-87061598c92c,8,5.0,,,,8.3,8.02,11.74,9.68,9.21,11.77
2025-12-16T05:43:23.638122,Recipe_C,e493d977-1289-4420-b102-87061598c92c,8,5.0,,,,10.12,12.19,8.1,7.01,9.14,8.97
2025-12-16T05:43:24.638122,Recipe_C,e493d977-1289-4420-b102-87061598c92c,8,5.0,,,,8.47,13.01,6.92,7.54,11.4,12.22
2025-12-16T05:43:25.638122,Recipe_C,e493d977-1289-4420-b102-87061598c92c,8,2.0,,,,12.63,7.76,13.05,8.55,11.07,10.69
2025-12-16T05:43:26.638122,Recipe_C,e493d977-1289-4420-b102-87061598c92c,8,2.0,,,,8.71,9.94,8.95,11.6,9.24,10.6
2025-12-16T05:43:27.638122,Recipe_C,e493d977-1289-4420-b102-87061598c92c,8,2.0,,,,10.26,8.7,11.07,12.69,9.4,11.08
2025-12-16T05:43:28.638122,Recipe_C,e493d977-1289-4420-b102-87061598c92c,8,2.0,,,,7.11,9.51,8.63,6.37,11.14,8.39
2025-12-16T05:43:29.638122,Recipe_C,e493d977-1289-4420-b102-87061598c92c,8,2.0,,,,8.88,6.22,7.8,9.65,8.66,10.64
2025-12-16T05:43:30.638122,Recipe_C,e493d977-1289-4420-b102-87061598c92c,8,2.0,,,,13.63,10.42,10.91,8.83,8.53,6.45
2025-12-16T05:43:31.638122,Recipe_C,e493d977-1289-4420-b102-87061598c92c,8,2.0,,,,10.59,8.06,10.93,5.18,8.47,8.02
2025-12-16T05:43:32.638122,Recipe_C,e493d977-1289-4420-b102-87061598c92c,8,2.0,,,,9.94,13.47,13.66,9.68,9.08,7.6
2025-12-16T05:43:33.638122,Recipe_C,e493d977-1289-4420-b102-87061598c92c,8,2.0,,,,12.49,10.15,9.14,11.17,10.22,7.97
2025-12-16T05:43:34.638122,Recipe_C,e493d977-1289-4420-b102-87061598c92c,8,2.0,,,,9.39,9.56,10.49,15.1,12.0,6.34
2025-12-16T05:43:35.638122,Recipe_C,e493d977-1289-4420-b102-87061598c92c,8,2.0,,,,6.84,11.1,11.54,11.41,10.66,8.28
2025-12-16T05:43:36.638122,Recipe_C,e493d977-1289-4420-b102-87061598c92c,8,2.0,,,,9.1,9.4,8.09,12.24,8.42,8.3
2025-12-16T05:43:37.638122,Recipe_C,e493d977-1289-4420-b102-87061598c92c,8,2.0,,,,10.02,9.45,11.72,12.33,11.17,6.81
2025-12-16T05:43:38.638122,Recipe_C,e493d977-1289-4420-b102-87061598c92c,8,2.0,,,,9.38,8.66,11.17,7.8,10.39,10.62
2025-12-16T05:43:39.638122,Recipe_C,e493d977-1289-4420-b102-87061598c92c,8,2.0,,,,9.74,7.71,9.69,7.53,9.04,11.28
2025-12-16T05:43:40.638122,Recipe_C,e493d977-1289-4420-b102-87061598c92c,8,2.0,,,,4.83,13.09,9.78,6.99,14.13,9.35
2025-12-16T05:43:41.638122,Recipe_C,e493d977-1289-4420-b102-87061598c92c,8,2.0,,,,9.64,9.21,10.58,12.96,10.71,13.69
2025-12-16T05:43:42.638122,Recipe_C,e493d977-1289-4420-b102-87061598c92c,8,2.0,,,,11.26,9.53,8.86,7.9,9.35,11.31
2025-12-16T05:43:43.638122,Recipe_C,e493d977-1289-4420-b102-87061598c92c,8,2.0,,,,11.33,9.8,7.68,9.56,13.5,12.79
2025-12-16T05:43:44.638122,Recipe_C,e493d977-1289-4420-b102-87061598c92c,8,2.0,,,,8.04,6.83,10.36,7.36,10.9,12.06
2025-12-16T05:43:45.638122,Recipe_C,e493d977-1289-4420-b102-87061598c92c,8,2.0,,,,13.48,9.87,7.05,10.58,9.71,15.18
2025-12-16T05:43:46.638122,Recipe_C,e493d977-1289-4420-b102-87061598c92c,8,2.0,,,,12.16,11.83,9.55,12.74,7.17,6.44
2025-12-16T05:43:47.638122,Recipe_C,e493d977-1289-4420-b102-87061598c92c,8,2.0,,,,11.13,4.85,9.45,9.73,10.7,8.38
2025-12-16T05:43:48.638122,Recipe_C,e493d977-1289-4420-b102-87061598c92c,8,2.0,,,,11.73,10.02,10.54,12.63,8.65,10.22
2025-12-16T05:43:49.638122,Recipe_C,e493d977-1289-4420-b102-87061598c92c,8,2.0,,,,12.79,8.37,15.9,7.28,11.21,11.53
2025-12-16T05:43:50.638122,Recipe_C,e493d977-1289-4420-b102-87061598c92c,8,2.0,,,,10.59,10.33,8.61,10.65,14.77,10.77
2025-12-16T05:43:51.638122,Recipe_C,e493d977-1289-4420-b102-87061598c92c,8,2.0,,,,8.3,14.35,9.69,7.9,10.32,10.82
2025-12-16T05:43:52.638122,Recipe_C,e493d977-1289-4420-b102-87061598c92c,8,2.0,,,,10.66,9.58,8.95,8.3,10.33,14.09
2025-12-16T05:43:53.638122,Recipe_C,e493d977-1289-4420-b102-87061598c92c,8,2.0,,,,10.18,12.02,11.82,9.26,9.26,8.6
2025-12-16T05:43:54.638122,Recipe_C,e493d977-1289-4420-b102-87061598c92c,8,2.0,,,,7.76,9.91,14.2,10.09,9.41,9.06
2025-12-16T05:43:55.638122,Recipe_C,e493d977-1289-4420-b102-87061598c92c,8,2.0,,,,14.44,11.21,8.22,9.14,12.19,10.91
2025-12-16T05:43:56.638122,Recipe_C,e493d977-1289-4420-b102-87061598c92c,8,2.0,,,,9.31,9.07,12.02,8.6,10.06,8.19
2025-12-16T05:43:57.638122,Recipe_C,e493d977-1289-4420-b102-87061598c92c,8,1.0,,,,8.34,8.33,10.86,9.85,13.03,13.08
2025-12-16T05:43:58.638122,Recipe_C,e493d977-1289-4420-b102-87061598c92c,8,1.0,,,,10.07,10.08,8.93,12.04,8.97,8.68
2025-12-16T05:43:59.638122,Recipe_C,e493d977-1289-4420-b102-87061598c92c,8,1.0,,,,10.79,13.63,14.15,12.56,10.11,3.01
2025-12-16T05:44:00.638122,Recipe_C,e493d977-1289-4420-b102-87061598c92c,8,1.0,,,,13.29,12.31,12.57,9.13,8.22,10.4
2025-12-16T05:44:01.638122,Recipe_C,e493d977-1289-4420-b102-87061598c92c,8,1.0,,,,9.34,9.64,8.64,7.21,8.88,10.72
2025-12-16T05:44:02.638122,Recipe_C,e493d977-1289-4420-b102-87061598c92c,8,1.0,,,,10.66,11.07,11.69,9.38,8.59,10.19
2025-12-16T05:44:03.638122,Recipe_C,e493d977-1289-4420-b102-87061598c92c,8,4.0,,,,108.21,52.5,54.67,50.14,56.42,58.49
2025-12-16T05:44:04.638122,Recipe_C,e493d977-1289-4420-b102-87061598c92c,8,4.0,,,,104.27,47.81,49.96,52.83,55.85,47.93
2025-12-16T05:44:05.638122,Recipe_C,e493d977-1289-4420-b102-87061598c92c,8,4.0,,,,92.97,50.3,43.54,50.55,46.11,42.4
2025-12-16T05:44:06.638122,Recipe_C,e493d977-1289-4420-b102-87061598c92c,8,4.0,,,,111.69,50.46,47.72,50.53,46.32,44.81
2025-12-16T05:44:07.638122,Recipe_C,e493d977-1289-4420-b102-87061598c92c,8,4.0,,,,94.73,53.89,49.74,49.13,54.58,47.15
2025-12-16T05:44:08.638122,Recipe_C,e493d977-1289-4420-b102-87061598c92c,8,4.0,,,,98.12,40.51,51.84,48.3,44.39,56.25
2025-12-16T05:44:09.638122,Recipe_C,e493d977-1289-4420-b102-87061598c92c,8,4.0,,,,110.06,38.51,49.06,50.05,48.77,45.82
2025-12-16T05:44:10.638122,Recipe_C,e493d977-1289-4420-b102-87061598c92c,8,4.0,,,,99.75,40.22,58.37,52.92,53.57,47.42
2025-12-16T05:44:11.638122,Recipe_C,e493d977-1289-4420-b102-87061598c92c,8,4.0,,,,100.25,53.8,52.15,60.03,57.07,52.67
2025-12-16T05:44:12.638122,Recipe_C,e493d977-1289-4420-b102-87061598c92c,8,4.0,,,,100.87,47.47,59.62,43.53,47.0,53.03
2025-12-16T05:44:13.638122,Recipe_C,e493d977-1289-4420-b102-87061598c92c,8,4.0,,,,98.2,50.1,49.47,48.88,52.13,57.49
2025-12-16T05:44:14.638122,Recipe_C,e493d977-1289-4420-b102-87061598c92c,8,4.0,,,,101.17,39.27,49.17,39.2,51.72,48.72
2025-12-16T05:44:15.638122,Recipe_C,e493d977-1289-4420-b102-87061598c92c,8,4.0,,,,95.23,53.21,55.91,49.7,52.7,49.55
2025-12-16T05:44:16.638122,Recipe_C,e493d977-1289-4420-b102-87061598c92c,8,4.0,,,,90.31,46.03,46.09,47.1,51.5,46.56
2025-12-16T05:44:17.638122,Recipe_C,e493d977-1289-4420-b102-87061598c92c,8,4.0,,,,89.85,53.4,59.28,53.04,45.47,56.06
2025-12-16T05:44:18.638122,Recipe_C,e493d977-1289-4420-b102-87061598c92c,8,4.0,,,,102.8,50.95,45.72,47.3,54.74,48.0
2025-12-16T05:44:19.638122,Recipe_C,e493d977-1289-4420-b102-87061598c92c,8,4.0,,,,100.57,44.36,51.78,53.63,58.54,46.76
2025-12-16T05:44:20.638122,Recipe_C,e493d977-1289-4420-b102-87061598c92c,8,4.0,,,,101.67,50.54,52.89,57.89,52.54,51.58
2025-12-16T05:44:21.638122,Recipe_C,e493d977-1289-4420-b102-87061598c92c,8,4.0,,,,105.94,49.71,52.08,59.29,56.25,42.54
2025-12-16T05:44:22.638122,Recipe_C,e493d977-1289-4420-b102-87061598c92c,8,4.0,,,,95.69,55.57,46.82,44.95,41.65,40.93
2025-12-16T05:44:23.638122,Recipe_C,e493d977-1289-4420-b102-87061598c92c,8,4.0,,,,100.75,47.93,53.33,60.03,45.1,48.79
2025-12-16T05:44:24.638122,Recipe_C,e493d977-1289-4420-b102-87061598c92c,8,4.0,,,,99.28,46.67,50.79,46.79,52.01,47.12
2025-12-16T05:44:25.638122,Recipe_C,e493d977-1289-4420-b102-87061598c92c,8,4.0,,,,98.56,60.81,48.04,47.37,47.79,51.0
2025-12-16T05:44:26.638122,Recipe_C,e493d977-1289-4420-b102-87061598c92c,8,4.0,,,,105.3,47.61,49.22,53.9,48.53,53.53
2025-12-16T05:44:27.638122,Recipe_C,e493d977-1289-4420-b102-87061598c92c,8,4.0,,,,101.87,51.62,54.08,45.71,51.11,48.25
2025-12-16T05:44:28.638122,Recipe_C,e493d977-1289-4420-b102-87061598c92c,8,4.0,,,,98.17,54.21,60.03,55.96,49.72,54.75
2025-12-16T05:44:29.638122,Recipe_C,e493d977-1289-4420-b102-87061598c92c,8,4.0,,,,99.53,60.56,50.02,47.32,50.69,48.12
2025-12-16T05:44:30.638122,Recipe_C,e493d977-1289-4420-b102-87061598c92c,8,4.0,,,,95.22,55.41,49.72,52.42,54.67,49.75
2025-12-16T05:44:31.638122,Recipe_C,e493d977-1289-4420-b102-87061598c92c,8,4.0,,,,98.13,48.99,53.3,47.78,40.26,45.56
2025-12-16T05:44:32.638122,Recipe_C,e493d977-1289-4420-b102-87061598c92c,8,4.0,,,,97.95,43.62,47.59,50.95,45.72,51.15
2025-12-16T05:44:33.638122,Recipe_C,e493d977-1289-4420-b102-87061598c92c,8,4.0,,,,101.72,50.74,61.94,45.44,41.6,47.29
2025-12-16T05:44:34.638122,Recipe_C,e493d977-1289-4420-b102-87061598c92c,8,4.0,,,,98.35,52.64,51.36,55.36,50.64,51.42
2025-12-16T05:44:35.638122,Recipe_C,e493d977-1289-4420-b102-87061598c92c,8,0.0,,,,0.0,0.0,0.0,0.0,0.0,0.0
2025-12-16T05:44:36.638122,Recipe_C,e493d977-1289-4420-b102-87061598c92c,8,0.0,,,,0.0,0.0,0.0,0.0,0.0,0.0
2025-12-16T05:44:37.638122,Recipe_C,e493d977-1289-4420-b102-87061598c92c,8,0.0,,,,0.0,0.0,0.0,0.0,0.0,0.0
2025-12-16T05:44:38.638122,Recipe_C,e493d977-1289-4420-b102-87061598c92c,8,0.0,,,,0.0,0.0,0.0,0.0,0.0,0.0
2025-12-16T05:44:39.638122,Recipe_C,e493d977-1289-4420-b102-87061598c92c,8,0.0,,,,0.0,0.0,0.0,0.0,0.0,0.0
2025-12-16T05:44:40.638122,Recipe_C,e493d977-1289-4420-b102-87061598c92c,8,0.0,,,,0.0,0.0,0.0,0.0,0.0,0.0
2025-12-16T05:44:41.638122,Recipe_C,e493d977-1289-4420-b102-87061598c92c,8,0.0,,,,0.0,0.0,0.0,0.0,0.0,0.0
2025-12-16T05:44:42.638122,Recipe_C,e493d977-1289-4420-b102-87061598c92c,8,0.0,,,,0.0,0.0,0.0,0.0,0.0,0.0
2025-12-16T05:44:43.638122,Recipe_C,e493d977-1289-4420-b102-87061598c92c,8,0.0,,,,0.0,0.0,0.0,0.0,0.0,0.0
2025-12-16T05:44:44.638122,Recipe_C,e493d977-1289-4420-b102-87061598c92c,8,0.0,,,,0.0,0.0,0.0,0.0,0.0,0.0
2025-12-16T05:44:45.638122,Recipe_C,e493d977-1289-4420-b102-87061598c92c,8,0.0,,,,0.0,0.0,0.0,0.0,0.0,0.0
2025-12-16T05:44:46.638122,Recipe_C,e493d977-1289-4420-b102-87061598c92c,8,0.0,,,,0.0,0.0,0.0,0.0,0.0,0.0
2025-12-16T05:44:47.638122,Recipe_C,e493d977-1289-4420-b102-87061598c92c,8,0.0,,,,0.0,0.0,0.0,0.0,0.0,0.0
2025-12-16T05:44:48.638122,Recipe_C,e493d977-1289-4420-b102-87061598c92c,8,0.0,,,,0.0,0.0,0.0,0.0,0.0,0.0
2025-12-16T05:44:49.638122,Recipe_C,e493d977-1289-4420-b102-87061598c92c,8,0.0,,,,0.0,0.0,0.0,0.0,0.0,0.0
2025-12-16T05:44:50.638122,Recipe_C,e493d977-1289-4420-b102-87061598c92c,8,0.0,,,,0.0,0.0,0.0,0.0,0.0,0.0
2025-12-16T05:44:51.638122,Recipe_C,e493d977-1289-4420-b102-87061598c92c,8,0.0,,,,0.0,0.0,0.0,0.0,0.0,0.0
2025-12-16T05:44:52.638122,Recipe_C,e493d977-1289-4420-b102-87061598c92c,8,0.0,,,,0.0,0.0,0.0,0.0,0.0,0.0
2025-12-16T05:44:53.638122,Recipe_C,e493d977-1289-4420-b102-87061598c92c,8,0.0,,,,0.0,0.0,0.0,0.0,0.0,0.0
2025-12-16T05:44:54.638122,Recipe_C,e493d977-1289-4420-b102-87061598c92c,8,0.0,,,,0.0,0.0,0.0,0.0,0.0,0.0
2025-12-16T05:44:55.638122,Recipe_C,e493d977-1289-4420-b102-87061598c92c,8,0.0,,,,0.0,0.0,0.0,0.0,0.0,0.0
2025-12-16T05:44:56.638122,Recipe_C,e493d977-1289-4420-b102-87061598c92c,8,0.0,,,,0.0,0.0,0.0,0.0,0.0,0.0
2025-12-16T05:44:57.638122,Recipe_C,e493d977-1289-4420-b102-87061598c92c,8,0.0,,,,0.0,0.0,0.0,0.0,0.0,0.0
2025-12-16T05:44:58.638122,Recipe_C,e493d977-1289-4420-b102-87061598c92c,8,0.0,,,,0.0,0.0,0.0,0.0,0.0,0.0
2025-12-16T05:44:59.638122,Recipe_C,e493d977-1289-4420-b102-87061598c92c,8,0.0,,,,0.0,0.0,0.0,0.0,0.0,0.0
2025-12-16T05:45:00.638122,Recipe_C,e493d977-1289-4420-b102-87061598c92c,8,0.0,,,,0.0,0.0,0.0,0.0,0.0,0.0
2025-12-16T05:45:01.638122,Recipe_C,e493d977-1289-4420-b102-87061598c92c,8,0.0,,,,0.0,0.0,0.0,0.0,0.0,0.0
2025-12-16T05:45:02.638122,Recipe_C,e493d977-1289-4420-b102-87061598c92c,8,0.0,,,,0.0,0.0,0.0,0.0,0.0,0.0
2025-12-16T05:45:03.638122,Recipe_C,e493d977-1289-4420-b102-87061598c92c,8,0.0,,,,0.0,0.0,0.0,0.0,0.0,0.0
2025-12-16T05:45:04.638122,Recipe_C,e493d977-1289-4420-b102-87061598c92c,8,0.0,,,,0.0,0.0,0.0,0.0,0.0,0.0
2025-12-16T05:45:05.638122,Recipe_C,e493d977-1289-4420-b102-87061598c92c,8,0.0,,,,0.0,0.0,0.0,0.0,0.0,0.0
2025-12-16T05:45:06.638122,Recipe_C,e493d977-1289-4420-b102-87061598c92c,8,0.0,,,,0.0,0.0,0.0,0.0,0.0,0.0
2025-12-16T05:45:07.638122,Recipe_C,e493d977-1289-4420-b102-87061598c92c,8,0.0,,,,0.0,0.0,0.0,0.0,0.0,0.0
2025-12-16T05:45:08.638122,Recipe_C,e493d977-1289-4420-b102-87061598c92c,8,0.0,,,,0.0,0.0,0.0,0.0,0.0,0.0
2025-12-16T05:45:09.638122,Recipe_C,e493d977-1289-4420-b102-87061598c92c,8,0.0,,,,0.0,0.0,0.0,0.0,0.0,0.0
2025-12-16T05:45:10.638122,Recipe_C,e493d977-1289-4420-b102-87061598c92c,8,0.0,,,,0.0,0.0,0.0,0.0,0.0,0.0
2025-12-16T05:45:11.638122,Recipe_C,e493d977-1289-4420-b102-87061598c92c,8,0.0,,,,0.0,0.0,0.0,0.0,0.0,0.0
2025-12-16T05:45:12.638122,Recipe_C,e493d977-1289-4420-b102-87061598c92c,8,4.0,,,,104.53,50.25,47.38,58.91,50.46,49.33
2025-12-16T05:45:13.638122,Recipe_C,e493d977-1289-4420-b102-87061598c92c,8,4.0,,,,96.36,47.79,50.66,48.35,50.75,42.24
2025-12-16T05:45:14.638122,Recipe_C,e493d977-1289-4420-b102-87061598c92c,8,4.0,,,,99.8,47.28,57.05,52.5,47.51,53.64
2025-12-16T05:45:15.638122,Recipe_C,e493d977-1289-4420-b102-87061598c92c,8,4.0,,,,102.0,47.56,45.63,50.94,49.63,45.6
2025-12-16T05:45:16.638122,Recipe_C,e493d977-1289-4420-b102-87061598c92c,8,4.0,,,,100.09,44.32,58.23,51.82,48.96,50.57
2025-12-16T05:45:17.638122,Recipe_C,e493d977-1289-4420-b102-87061598c92c,8,4.0,,,,103.53,47.07,53.64,50.7,50.04,46.64
2025-12-16T05:45:18.638122,Recipe_C,e493d977-1289-4420-b102-87061598c92c,8,4.0,,,,97.94,49.17,47.53,44.92,56.18,51.5
2025-12-16T05:45:19.638122,Recipe_C,e493d977-1289-4420-b102-87061598c92c,8,4.0,,,,98.05,48.86,54.2,48.8,54.65,56.73
2025-12-16T05:45:20.638122,Recipe_C,e493d977-1289-4420-b102-87061598c92c,8,4.0,,,,105.94,44.12,51.47,55.29,51.09,44.95
2025-12-16T05:45:21.638122,Recipe_C,e493d977-1289-4420-b102-87061598c92c,8,1.0,,,,11.15,9.8,9.92,9.85,11.68,13.48
2025-12-16T05:45:22.638122,Recipe_C,e493d977-1289-4420-b102-87061598c92c,8,1.0,,,,7.11,9.63,7.37,10.23,11.48,13.0
2025-12-16T05:45:23.638122,Recipe_C,e493d977-1289-4420-b102-87061598c92c,8,3.0,,,,11.71,11.92,9.74,10.64,9.62,12.41
2025-12-16T05:45:24.638122,Recipe_C,e493d977-1289-4420-b102-87061598c92c,8,3.0,,,,8.97,10.12,6.11,7.08,12.37,9.14
2025-12-16T05:45:25.638122,Recipe_C,e493d977-1289-4420-b102-87061598c92c,8,3.0,,,,13.79,9.5,8.53,12.9,10.76,9.14
2025-12-16T05:45:26.638122,Recipe_C,e493d977-1289-4420-b102-87061598c92c,8,3.0,,,,7.68,10.14,7.75,9.74,10.1,10.74
2025-12-16T05:45:27.638122,Recipe_C,e493d977-1289-4420-b102-87061598c92c,8,3.0,,,,8.25,12.36,11.74,13.03,11.46,10.65
2025-12-16T05:45:28.638122,Recipe_C,e493d977-1289-4420-b102-87061598c92c,8,1.0,,,,12.89,13.11,10.1,13.47,8.27,11.59
2025-12-16T05:45:29.638122,Recipe_C,e493d977-1289-4420-b102-87061598c92c,8,1.0,,,,6.53,11.62,9.25,12.77,10.33,6.93
2025-12-16T05:45:30.638122,Recipe_C,e493d977-1289-4420-b102-87061598c92c,8,1.0,,,,10.61,12.75,9.52,11.22,8.33,12.51
2025-12-16T05:45:31.638122,Recipe_C,e493d977-1289-4420-b102-87061598c92c,8,1.0,,,,9.85,12.83,10.49,9.55,8.39,8.86
2025-12-16T05:45:32.638122,Recipe_C,e493d977-1289-4420-b102-87061598c92c,8,1.0,,,,11.92,10.0,7.76,9.26,6.21,12.67
2025-12-16T05:45:33.638122,Recipe_C,e493d977-1289-4420-b102-87061598c92c,8,1.0,,,,9.45,9.44,13.5,11.3,6.08,7.78
2025-12-16T05:45:34.638122,Recipe_C,e493d977-1289-4420-b102-87061598c92c,8,1.0,,,,8.05,12.64,6.98,12.85,10.98,11.62
2025-12-16T05:45:35.638122,Recipe_C,e493d977-1289-4420-b102-87061598c92c,8,1.0,,,,9.46,12.8,8.32,8.69,12.39,13.2
2025-12-16T05:45:36.638122,Recipe_C,e493d977-1289-4420-b102-87061598c92c,8,1.0,,,,7.75,7.53,7.71,10.75,12.1,6.94
2025-12-16T05:45:37.638122,Recipe_C,e493d977-1289-4420-b102-87061598c92c,8,1.0,,,,8.04,8.27,9.24,8.37,9.24,10.73
2025-12-16T05:45:38.638122,Recipe_C,e493d977-1289-4420-b102-87061598c92c,8,1.0,,,,13.43,8.5,10.03,11.41,13.5,9.3
2025-12-16T05:45:39.638122,Recipe_C,e493d977-1289-4420-b102-87061598c92c,8,1.0,,,,7.82,10.59,9.03,12.17,11.82,10.49
2025-12-16T05:45:40.638122,Recipe_C,e493d977-1289-4420-b102-87061598c92c,8,1.0,,,,10.35,8.78,10.63,12.49,11.12,5.3
2025-12-16T05:45:41.638122,Recipe_C,e493d977-1289-4420-b102-87061598c92c,8,1.0,,,,10.22,13.99,12.46,7.92,5.75,12.14
2025-12-16T05:45:42.638122,Recipe_C,e493d977-1289-4420-b102-87061598c92c,8,1.0,,,,9.02,4.76,9.08,7.95,12.24,10.42
2025-12-16T05:45:43.638122,Recipe_C,e493d977-1289-4420-b102-87061598c92c,8,1.0,,,,11.36,9.21,7.84,6.25,11.01,12.21
2025-12-16T05:45:44.638122,Recipe_C,e493d977-1289-4420-b102-87061598c92c,8,1.0,,,,11.28,11.9,10.51,10.68,12.21,10.69
2025-12-16T05:45:45.638122,Recipe_C,e493d977-1289-4420-b102-87061598c92c,8,1.0,,,,9.81,11.86,7.37,9.36,9.66,10.54
2025-12-16T05:45:46.638122,Recipe_C,e493d977-1289-4420-b102-87061598c92c,8,1.0,,,,6.53,9.75,10.44,11.6,9.08,9.29
2025-12-16T05:45:47.638122,Recipe_C,e493d977-1289-4420-b102-87061598c92c,8,1.0,,,,8.33,7.5,9.52,7.42,9.77,9.86
2025-12-16T05:45:48.638122,Recipe_C,e493d977-1289-4420-b102-87061598c92c,8,1.0,,,,7.61,9.5,9.15,10.18,9.37,7.13
2025-12-16T05:45:49.638122,Recipe_C,e493d977-1289-4420-b102-87061598c92c,8,1.0,,,,15.79,9.25,9.15,11.94,9.04,10.9
2025-12-16T05:45:50.638122,Recipe_C,e493d977-1289-4420-b102-87061598c92c,8,1.0,,,,13.18,12.11,14.66,11.98,10.7,12.91
2025-12-16T05:45:51.638122,Recipe_C,e493d977-1289-4420-b102-87061598c92c,8,1.0,,,,6.87,9.94,8.86,15.38,11.05,7.33
2025-12-16T05:45:52.638122,Recipe_C,e493d977-1289-4420-b102-87061598c92c,8,1.0,,,,13.25,8.71,9.06,10.47,10.75,9.47
2025-12-16T05:45:53.638122,Recipe_C,e493d977-1289-4420-b102-87061598c92c,8,1.0,,,,9.19,11.44,10.37,13.1,13.37,10.38
2025-12-16T05:45:54.638122,Recipe_C,e493d977-1289-4420-b102-87061598c92c,8,1.0,,,,12.24,8.19,11.5,13.43,10.66,9.48
2025-12-16T05:45:55.638122,Recipe_C,e493d977-1289-4420-b102-87061598c92c,8,1.0,,,,8.65,9.58,9.05,13.0,9.83,12.77
2025-12-16T05:45:56.638122,Recipe_C,e493d977-1289-4420-b102-87061598c92c,8,1.0,,,,11.78,10.54,12.2,7.95,12.1,10.9
2025-12-16T05:45:57.638122,Recipe_C,e493d977-1289-4420-b102-87061598c92c,8,1.0,,,,7.95,14.27,10.08,11.47,11.51,10.47
2025-12-16T05:45:58.638122,Recipe_C,e493d977-1289-4420-b102-87061598c92c,8,1.0,,,,10.2,11.17,11.33,6.81,11.86,6.75
2025-12-16T05:45:59.638122,Recipe_C,e493d977-1289-4420-b102-87061598c92c,8,1.0,,,,7.4,6.79,9.37,8.87,11.32,13.63
2025-12-16T05:46:00.638122,Recipe_C,e493d977-1289-4420-b102-87061598c92c,8,1.0,,,,10.4,9.63,11.33,7.94,10.88,10.12
2025-12-16T05:46:01.638122,Recipe_C,e493d977-1289-4420-b102-87061598c92c,8,1.0,,,,12.15,9.85,11.8,8.84,9.43,7.43
2025-12-16T05:46:02.638122,Recipe_C,e493d977-1289-4420-b102-87061598c92c,8,1.0,,,,14.07,11.24,10.96,11.67,9.24,9.19
2025-12-16T05:46:03.638122,Recipe_C,e493d977-1289-4420-b102-87061598c92c,8,1.0,,,,11.17,12.78,8.62,12.81,10.41,8.47
2025-12-16T05:46:04.638122,Recipe_C,e493d977-1289-4420-b102-87061598c92c,8,1.0,,,,10.88,11.28,10.57,10.31,8.94,7.91
2025-12-16T05:46:05.638122,Recipe_C,e493d977-1289-4420-b102-87061598c92c,8,1.0,,,,4.83,10.53,9.83,10.98,11.27,8.78
2025-12-16T05:46:06.638122,Recipe_C,e493d977-1289-4420-b102-87061598c92c,8,1.0,,,,9.55,11.46,7.93,8.43,12.3,10.17
2025-12-16T05:46:07.638122,Recipe_C,e493d977-1289-4420-b102-87061598c92c,8,1.0,,,,13.33,11.08,8.37,10.95,11.47,9.15
2025-12-16T05:46:08.638122,Recipe_C,e493d977-1289-4420-b102-87061598c92c,8,1.0,,,,6.44,12.02,7.3,5.4,9.43,9.25
2025-12-16T05:46:09.638122,Recipe_C,e493d977-1289-4420-b102-87061598c92c,8,1.0,,,,11.13,7.76,9.97,10.88,6.44,8.81
2025-12-16T05:46:10.638122,Recipe_C,e493d977-1289-4420-b102-87061598c92c,8,1.0,,,,8.62,7.6,10.35,12.28,7.18,11.63
2025-12-16T05:46:11.638122,Recipe_C,e493d977-1289-4420-b102-87061598c92c,8,1.0,,,,10.06,9.99,10.3,11.05,8.75,12.52
2025-12-16T05:46:12.638122,Recipe_C,e493d977-1289-4420-b102-87061598c92c,8,1.0,,,,10.91,8.31,11.21,9.82,12.14,9.07
2025-12-16T05:46:13.638122,Recipe_C,e493d977-1289-4420-b102-87061598c92c,8,1.0,,,,11.9,9.12,12.43,11.39,8.09,13.65
2025-12-16T05:46:14.638122,Recipe_C,e493d977-1289-4420-b102-87061598c92c,8,1.0,,,,12.68,13.26,12.68,6.71,12.29,11.87
2025-12-16T05:46:15.638122,Recipe_C,e493d977-1289-4420-b102-87061598c92c,8,1.0,,,,11.22,9.64,12.98,11.76,8.9,10.23
2025-12-16T05:46:16.638122,Recipe_C,e493d977-1289-4420-b102-87061598c92c,8,1.0,,,,11.41,11.11,12.89,8.94,9.04,9.13
2025-12-16T05:46:17.638122,Recipe_C,e493d977-1289-4420-b102-87061598c92c,8,1.0,,,,9.39,8.18,7.66,9.46,11.65,10.18
2025-12-16T05:46:18.638122,Recipe_C,e493d977-1289-4420-b102-87061598c92c,8,1.0,,,,11.02,7.85,10.89,11.85,10.47,8.72
2025-12-16T05:46:19.638122,Recipe_C,e493d977-1289-4420-b102-87061598c92c,8,1.0,,,,7.18,8.05,13.05,11.02,8.99,11.62
2025-12-16T05:46:20.638122,Recipe_C,e493d977-1289-4420-b102-87061598c92c,8,1.0,,,,11.16,12.6,9.44,8.68,8.61,8.39
2025-12-16T05:46:21.638122,Recipe_C,e493d977-1289-4420-b102-87061598c92c,8,1.0,,,,9.0,6.57,10.61,11.52,9.67,10.92
2025-12-16T05:46:22.638122,Recipe_C,e493d977-1289-4420-b102-87061598c92c,8,1.0,,,,8.87,11.8,8.87,10.28,11.14,5.58
2025-12-16T05:46:23.638122,Recipe_C,e493d977-1289-4420-b102-87061598c92c,8,1.0,,,,10.09,9.17,8.66,5.5,8.78,9.85
2025-12-16T05:46:24.638122,Recipe_C,e493d977-1289-4420-b102-87061598c92c,8,1.0,,,,12.24,8.29,11.41,6.62,10.08,11.7
2025-12-16T05:46:25.638122,Recipe_C,e493d977-1289-4420-b102-87061598c92c,8,1.0,,,,10.52,8.4,10.8,9.56,10.31,11.69
2025-12-16T05:46:26.638122,Recipe_C,e493d977-1289-4420-b102-87061598c92c,8,1.0,,,,10.36,7.87,11.65,8.39,11.38,12.01
2025-12-16T05:46:27.638122,Recipe_C,e493d977-1289-4420-b102-87061598c92c,8,1.0,,,,8.95,7.37,11.04,6.48,9.97,9.98
2025-12-16T05:46:28.638122,Recipe_C,e493d977-1289-4420-b102-87061598c92c,8,1.0,,,,8.79,8.36,10.39,6.3,8.57,6.91
2025-12-16T05:46:29.638122,Recipe_C,e493d977-1289-4420-b102-87061598c92c,8,1.0,,,,8.02,10.92,9.63,14.46,12.9,10.65
2025-12-16T05:46:30.638122,Recipe_C,e493d977-1289-4420-b102-87061598c92c,8,1.0,,,,10.67,12.85,14.04,12.4,11.83,13.25
2025-12-16T05:46:31.638122,Recipe_C,e493d977-1289-4420-b102-87061598c92c,8,1.0,,,,13.56,10.3,5.69,7.48,11.4,7.87
2025-12-16T05:46:32.638122,Recipe_C,e493d977-1289-4420-b102-87061598c92c,8,1.0,,,,11.72,12.54,10.79,12.1,10.49,11.26
2025-12-16T05:46:33.638122,Recipe_C,e493d977-1289-4420-b102-87061598c92c,8,1.0,,,,9.59,13.01,8.37,11.94,7.45,8.65
2025-12-16T05:46:34.638122,Recipe_C,e493d977-1289-4420-b102-87061598c92c,8,1.0,,,,7.62,12.05,7.91,11.3,11.25,9.57
2025-12-16T05:46:35.638122,Recipe_C,e493d977-1289-4420-b102-87061598c92c,8,1.0,,,,11.82,9.6,12.47,7.83,13.43,10.9
2025-12-16T05:46:36.638122,Recipe_C,e493d977-1289-4420-b102-87061598c92c,8,1.0,,,,7.03,6.94,8.96,8.72,12.39,8.33
2025-12-16T05:46:37.638122,Recipe_C,e493d977-1289-4420-b102-87061598c92c,8,1.0,,,,10.01,10.16,9.96,11.59,12.65,12.87
2025-12-16T05:46:38.638122,Recipe_C,e493d977-1289-4420-b102-87061598c92c,8,1.0,,,,8.51,10.69,11.82,7.94,7.17,9.22
2025-12-16T05:46:39.638122,Recipe_C,e493d977-1289-4420-b102-87061598c92c,8,1.0,,,,9.18,12.09,12.59,11.31,11.25,9.37
2025-12-16T05:46:40.638122,Recipe_C,e493d977-1289-4420-b102-87061598c92c,8,1.0,,,,12.53,11.34,11.49,11.52,7.33,9.05
2025-12-16T05:46:41.638122,Recipe_C,e493d977-1289-4420-b102-87061598c92c,8,1.0,,,,8.13,8.18,10.61,7.03,11.77,9.2
2025-12-16T05:46:42.638122,Recipe_C,e493d977-1289-4420-b102-87061598c92c,8,1.0,,,,10.74,10.46,8.27,12.39,14.09,10.13
2025-12-16T05:46:43.638122,Recipe_C,e493d977-1289-4420-b102-87061598c92c,8,1.0,,,,8.06,10.61,8.33,11.53,8.34,9.97
2025-12-16T05:46:44.638122,Recipe_C,e493d977-1289-4420-b102-87061598c92c,8,1.0,,,,9.14,11.39,9.08,7.96,7.96,12.54
2025-12-16T05:46:45.638122,Recipe_C,e493d977-1289-4420-b102-87061598c92c,8,1.0,,,,5.26,11.76,11.31,9.74,8.31,7.72
2025-12-16T05:46:46.638122,Recipe_C,e493d977-1289-4420-b102-87061598c92c,8,1.0,,,,13.47,7.85,8.26,9.38,9.66,11.85
2025-12-16T05:46:47.638122,Recipe_C,e493d977-1289-4420-b102-87061598c92c,8,1.0,,,,9.01,14.43,11.23,8.67,11.55,11.65
2025-12-16T05:46:48.638122,Recipe_C,e493d977-1289-4420-b102-87061598c92c,8,1.0,,,,11.82,11.1,8.8,8.74,9.45,7.45
2025-12-16T05:46:49.638122,Recipe_C,e493d977-1289-4420-b102-87061598c92c,8,0.0,,,,0.0,0.0,0.0,0.0,0.0,0.0
2025-12-16T05:46:50.638122,Recipe_C,e493d977-1289-4420-b102-87061598c92c,8,0.0,,,,0.0,0.0,0.0,0.0,0.0,0.0
2025-12-16T05:46:51.638122,Recipe_C,e493d977-1289-4420-b102-87061598c92c,8,0.0,,,,0.0,0.0,0.0,0.0,0.0,0.0
2025-12-16T05:46:52.638122,Recipe_C,e493d977-1289-4420-b102-87061598c92c,8,0.0,,,,0.0,0.0,0.0,0.0,0.0,0.0
2025-12-16T05:46:53.638122,Recipe_C,e493d977-1289-4420-b102-87061598c92c,8,0.0,,,,0.0,0.0,0.0,0.0,0.0,0.0
2025-12-16T05:46:54.638122,Recipe_C,e493d977-1289-4420-b102-87061598c92c,8,0.0,,,,0.0,0.0,0.0,0.0,0.0,0.0
2025-12-16T05:46:55.638122,Recipe_C,e493d977-1289-4420-b102-87061598c92c,8,0.0,,,,0.0,0.0,0.0,0.0,0.0,0.0
2025-12-16T05:46:56.638122,Recipe_C,e493d977-1289-4420-b102-87061598c92c,8,0.0,,,,0.0,0.0,0.0,0.0,0.0,0.0
2025-12-16T05:46:57.638122,Recipe_C,e493d977-1289-4420-b102-87061598c92c,8,0.0,,,,0.0,0.0,0.0,0.0,0.0,0.0
2025-12-16T05:46:58.638122,Recipe_C,e493d977-1289-4420-b102-87061598c92c,8,0.0,,,,0.0,0.0,0.0,0.0,0.0,0.0
2025-12-16T05:46:59.638122,Recipe_C,e493d977-1289-4420-b102-87061598c92c,8,0.0,,,,0.0,0.0,0.0,0.0,0.0,0.0
2025-12-16T05:47:00.638122,Recipe_C,e493d977-1289-4420-b102-87061598c92c,8,0.0,,,,0.0,0.0,0.0,0.0,0.0,0.0
2025-12-16T05:47:01.638122,Recipe_C,e493d977-1289-4420-b102-87061598c92c,8,0.0,,,,0.0,0.0,0.0,0.0,0.0,0.0
2025-12-16T05:47:02.638122,Recipe_C,e493d977-1289-4420-b102-87061598c92c,8,0.0,,,,0.0,0.0,0.0,0.0,0.0,0.0
2025-12-16T05:47:03.638122,Recipe_C,e493d977-1289-4420-b102-87061598c92c,8,0.0,,,,0.0,0.0,0.0,0.0,0.0,0.0
2025-12-16T05:47:04.638122,Recipe_C,e493d977-1289-4420-b102-87061598c92c,8,0.0,,,,0.0,0.0,0.0,0.0,0.0,0.0
2025-12-16T05:47:05.638122,Recipe_C,e493d977-1289-4420-b102-87061598c92c,8,0.0,,,,0.0,0.0,0.0,0.0,0.0,0.0
2025-12-16T05:47:06.638122,Recipe_C,e493d977-1289-4420-b102-87061598c92c,8,0.0,,,,0.0,0.0,0.0,0.0,0.0,0.0
2025-12-16T05:47:07.638122,Recipe_C,e493d977-1289-4420-b102-87061598c92c,8,0.0,,,,0.0,0.0,0.0,0.0,0.0,0.0
2025-12-16T05:47:08.638122,Recipe_C,e493d977-1289-4420-b102-87061598c92c,8,0.0,,,,0.0,0.0,0.0,0.0,0.0,0.0
2025-12-16T05:47:09.638122,Recipe_C,e493d977-1289-4420-b102-87061598c92c,8,0.0,,,,0.0,0.0,0.0,0.0,0.0,0.0
2025-12-16T05:47:10.638122,Recipe_C,e493d977-1289-4420-b102-87061598c92c,8,0.0,,,,0.0,0.0,0.0,0.0,0.0,0.0
2025-12-16T05:47:11.638122,Recipe_C,e493d977-1289-4420-b102-87061598c92c,8,0.0,,,,0.0,0.0,0.0,0.0,0.0,0.0
2025-12-16T05:47:12.638122,Recipe_C,e493d977-1289-4420-b102-87061598c92c,8,0.0,,,,0.0,0.0,0.0,0.0,0.0,0.0
2025-12-16T05:47:12.638122,Recipe_C,e493d977-1289-4420-b102-87061598c92c,8,0.0,Error_9,Simulated Error occurred,Error,,,,,,
2025-12-16T05:47:13.638122,Recipe_C,e493d977-1289-4420-b102-87061598c92c,8,0.0,,,,0.0,0.0,0.0,0.0,0.0,0.0
2025-12-16T05:47:14.638122,Recipe_C,e493d977-1289-4420-b102-87061598c92c,8,0.0,,,,0.0,0.0,0.0,0.0,0.0,0.0
2025-12-16T05:47:15.638122,Recipe_C,e493d977-1289-4420-b102-87061598c92c,8,0.0,,,,0.0,0.0,0.0,0.0,0.0,0.0
2025-12-16T05:47:16.638122,Recipe_C,e493d977-1289-4420-b102-87061598c92c,8,0.0,,,,0.0,0.0,0.0,0.0,0.0,0.0
2025-12-16T05:47:17.638122,Recipe_C,e493d977-1289-4420-b102-87061598c92c,8,0.0,,,,0.0,0.0,0.0,0.0,0.0,0.0
2025-12-16T05:47:18.638122,Recipe_C,e493d977-1289-4420-b102-87061598c92c,8,0.0,,,,0.0,0.0,0.0,0.0,0.0,0.0
2025-12-16T05:47:19.638122,Recipe_C,e493d977-1289-4420-b102-87061598c92c,8,0.0,,,,0.0,0.0,0.0,0.0,0.0,0.0
2025-12-16T05:47:20.638122,Recipe_C,e493d977-1289-4420-b102-87061598c92c,8,0.0,,,,0.0,0.0,0.0,0.0,0.0,0.0
2025-12-16T05:47:21.638122,Recipe_C,e493d977-1289-4420-b102-87061598c92c,8,0.0,,,,0.0,0.0,0.0,0.0,0.0,0.0
2025-12-16T05:47:22.638122,Recipe_C,e493d977-1289-4420-b102-87061598c92c,8,0.0,,,,0.0,0.0,0.0,0.0,0.0,0.0
2025-12-16T05:47:23.638122,Recipe_C,e493d977-1289-4420-b102-87061598c92c,8,0.0,,,,0.0,0.0,0.0,0.0,0.0,0.0
2025-12-16T05:47:24.638122,Recipe_C,e493d977-1289-4420-b102-87061598c92c,8,4.0,,,,93.26,43.63,46.75,52.2,58.16,50.13
2025-12-16T05:47:25.638122,Recipe_C,e493d977-1289-4420-b102-87061598c92c,8,4.0,,,,94.41,48.91,52.0,53.41,41.94,42.06
2025-12-16T05:47:26.638122,Recipe_C,e493d977-1289-4420-b102-87061598c92c,8,4.0,,,,83.86,45.97,50.43,58.34,52.84,45.43
2025-12-16T05:47:27.638122,Recipe_C,e493d977-1289-4420-b102-87061598c92c,8,4.0,,,,98.73,50.21,55.71,43.94,56.73,45.87
2025-12-16T05:47:28.638122,Recipe_C,e493d977-1289-4420-b102-87061598c92c,8,4.0,,,,104.04,52.08,52.05,51.36,45.8,57.31
2025-12-16T05:47:29.638122,Recipe_C,e493d977-1289-4420-b102-87061598c92c,8,4.0,,,,100.17,50.39,53.77,45.94,54.69,42.48
2025-12-16T05:47:29.638122,Recipe_C,e493d977-1289-4420-b102-87061598c92c,8,4.0,Warning_8,Simulated Warning occurred,Warning,,,,,,
2025-12-16T05:47:30.638122,Recipe_C,e493d977-1289-4420-b102-87061598c92c,8,4.0,,,,99.24,46.58,54.37,54.42,40.07,49.41
2025-12-16T05:47:31.638122,Recipe_C,e493d977-1289-4420-b102-87061598c92c,8,3.0,,,,8.38,9.2,6.75,10.69,10.93,10.19
2025-12-16T05:47:32.638122,Recipe_C,e493d977-1289-4420-b102-87061598c92c,8,3.0,,,,8.82,11.77,10.29,10.65,9.27,10.9
2025-12-16T05:47:33.638122,Recipe_C,e493d977-1289-4420-b102-87061598c92c,8,3.0,,,,9.93,12.33,9.67,10.03,9.56,8.43
2025-12-16T05:47:34.638122,Recipe_C,e493d977-1289-4420-b102-87061598c92c,8,3.0,,,,9.56,9.19,7.78,9.57,8.56,11.01
2025-12-16T05:47:35.638122,Recipe_C,e493d977-1289-4420-b102-87061598c92c,8,3.0,,,,11.5,10.17,11.64,9.81,8.88,10.86
2025-12-16T05:47:36.638122,Recipe_C,e493d977-1289-4420-b102-87061598c92c,8,3.0,,,,8.37,7.84,10.59,11.47,8.44,10.42
2025-12-16T05:47:37.638122,Recipe_C,e493d977-1289-4420-b102-87061598c92c,8,3.0,,,,8.56,9.16,8.41,10.93,9.06,11.55
2025-12-16T05:47:38.638122,Recipe_C,e493d977-1289-4420-b102-87061598c92c,8,3.0,,,,8.99,10.25,11.58,11.42,11.3,7.27
2025-12-16T05:47:39.638122,Recipe_C,e493d977-1289-4420-b102-87061598c92c,8,3.0,,,,6.55,9.24,9.92,9.08,8.74,13.3
2025-12-16T05:47:40.638122,Recipe_C,e493d977-1289-4420-b102-87061598c92c,8,3.0,,,,9.02,4.77,8.46,9.5,12.63,9.51
2025-12-16T05:47:41.638122,Recipe_C,e493d977-1289-4420-b102-87061598c92c,8,3.0,,,,11.97,7.33,8.66,12.09,12.8,13.63
2025-12-16T05:47:42.638122,Recipe_C,e493d977-1289-4420-b102-87061598c92c,8,0.0,,,,0.0,0.0,0.0,0.0,0.0,0.0
2025-12-16T05:47:43.638122,Recipe_C,e493d977-1289-4420-b102-87061598c92c,8,0.0,,,,0.0,0.0,0.0,0.0,0.0,0.0
2025-12-16T05:47:44.638122,Recipe_C,e493d977-1289-4420-b102-87061598c92c,8,0.0,,,,0.0,0.0,0.0,0.0,0.0,0.0
2025-12-16T05:47:45.638122,Recipe_C,e493d977-1289-4420-b102-87061598c92c,8,0.0,,,,0.0,0.0,0.0,0.0,0.0,0.0
2025-12-16T05:47:46.638122,Recipe_C,e493d977-1289-4420-b102-87061598c92c,8,0.0,,,,0.0,0.0,0.0,0.0,0.0,0.0
2025-12-16T05:47:47.638122,Recipe_C,e493d977-1289-4420-b102-87061598c92c,8,0.0,,,,0.0,0.0,0.0,0.0,0.0,0.0
2025-12-16T05:47:48.638122,Recipe_C,e493d977-1289-4420-b102-87061598c92c,8,0.0,,,,0.0,0.0,0.0,0.0,0.0,0.0
2025-12-16T05:47:49.638122,Recipe_C,e493d977-1289-4420-b102-87061598c92c,8,0.0,,,,0.0,0.0,0.0,0.0,0.0,0.0
2025-12-16T05:47:50.638122,Recipe_C,e493d977-1289-4420-b102-87061598c92c,8,0.0,,,,0.0,0.0,0.0,0.0,0.0,0.0
2025-12-16T05:47:51.638122,Recipe_C,e493d977-1289-4420-b102-87061598c92c,8,0.0,,,,0.0,0.0,0.0,0.0,0.0,0.0
2025-12-16T05:47:52.638122,Recipe_C,e493d977-1289-4420-b102-87061598c92c,8,0.0,,,,0.0,0.0,0.0,0.0,0.0,0.0
2025-12-16T05:47:53.638122,Recipe_C,e493d977-1289-4420-b102-87061598c92c,8,0.0,,,,0.0,0.0,0.0,0.0,0.0,0.0
2025-12-16T05:47:54.638122,Recipe_C,e493d977-1289-4420-b102-87061598c92c,8,0.0,,,,0.0,0.0,0.0,0.0,0.0,0.0
2025-12-16T05:47:55.638122,Recipe_C,e493d977-1289-4420-b102-87061598c92c,8,0.0,,,,0.0,0.0,0.0,0.0,0.0,0.0
2025-12-16T05:47:56.638122,Recipe_C,e493d977-1289-4420-b102-87061598c92c,8,0.0,,,,0.0,0.0,0.0,0.0,0.0,0.0
2025-12-16T05:47:57.638122,Recipe_C,e493d977-1289-4420-b102-87061598c92c,8,0.0,,,,0.0,0.0,0.0,0.0,0.0,0.0
2025-12-16T05:47:58.638122,Recipe_C,e493d977-1289-4420-b102-87061598c92c,8,0.0,,,,0.0,0.0,0.0,0.0,0.0,0.0
2025-12-16T05:47:59.638122,Recipe_C,e493d977-1289-4420-b102-87061598c92c,8,0.0,,,,0.0,0.0,0.0,0.0,0.0,0.0
2025-12-16T05:48:00.638122,Recipe_C,e493d977-1289-4420-b102-87061598c92c,8,0.0,,,,0.0,0.0,0.0,0.0,0.0,0.0
2025-12-16T05:48:01.638122,Recipe_C,e493d977-1289-4420-b102-87061598c92c,8,0.0,,,,0.0,0.0,0.0,0.0,0.0,0.0
2025-12-16T05:48:02.638122,Recipe_C,e493d977-1289-4420-b102-87061598c92c,8,0.0,,,,0.0,0.0,0.0,0.0,0.0,0.0
2025-12-16T05:48:03.638122,Recipe_C,e493d977-1289-4420-b102-87061598c92c,8,0.0,,,,0.0,0.0,0.0,0.0,0.0,0.0
2025-12-16T05:48:04.638122,Recipe_C,e493d977-1289-4420-b102-87061598c92c,8,0.0,,,,0.0,0.0,0.0,0.0,0.0,0.0
2025-12-16T05:48:05.638122,Recipe_C,e493d977-1289-4420-b102-87061598c92c,8,0.0,,,,0.0,0.0,0.0,0.0,0.0,0.0
2025-12-16T05:48:06.638122,Recipe_C,e493d977-1289-4420-b102-87061598c92c,8,0.0,,,,0.0,0.0,0.0,0.0,0.0,0.0
2025-12-16T05:48:07.638122,Recipe_C,e493d977-1289-4420-b102-87061598c92c,8,0.0,,,,0.0,0.0,0.0,0.0,0.0,0.0
2025-12-16T05:48:08.638122,Recipe_C,e493d977-1289-4420-b102-87061598c92c,8,0.0,,,,0.0,0.0,0.0,0.0,0.0,0.0
2025-12-16T05:48:09.638122,Recipe_C,e493d977-1289-4420-b102-87061598c92c,8,0.0,,,,0.0,0.0,0.0,0.0,0.0,0.0
2025-12-16T05:48:10.638122,Recipe_C,e493d977-1289-4420-b102-87061598c92c,8,0.0,,,,0.0,0.0,0.0,0.0,0.0,0.0
2025-12-16T05:48:11.638122,Recipe_C,e493d977-1289-4420-b102-87061598c92c,8,0.0,,,,0.0,0.0,0.0,0.0,0.0,0.0
2025-12-16T05:48:12.638122,Recipe_C,e493d977-1289-4420-b102-87061598c92c,8,0.0,,,,0.0,0.0,0.0,0.0,0.0,0.0
2025-12-16T05:48:13.638122,Recipe_C,e493d977-1289-4420-b102-87061598c92c,8,0.0,,,,0.0,0.0,0.0,0.0,0.0,0.0
2025-12-16T05:48:14.638122,Recipe_C,e493d977-1289-4420-b102-87061598c92c,8,0.0,,,,0.0,0.0,0.0,0.0,0.0,0.0
2025-12-16T05:48:15.638122,Recipe_C,e493d977-1289-4420-b102-87061598c92c,8,0.0,,,,0.0,0.0,0.0,0.0,0.0,0.0
2025-12-16T05:48:16.638122,Recipe_C,e493d977-1289-4420-b102-87061598c92c,8,3.0,,,,12.15,10.05,13.77,9.27,9.94,9.2
2025-12-16T05:48:17.638122,Recipe_C,e493d977-1289-4420-b102-87061598c92c,8,3.0,,,,9.34,9.4,9.21,11.53,13.65,13.27
2025-12-16T05:48:18.638122,Recipe_C,e493d977-1289-4420-b102-87061598c92c,8,3.0,,,,10.39,11.86,6.97,7.72,10.46,10.92
2025-12-16T05:48:19.638122,Recipe_C,e493d977-1289-4420-b102-87061598c92c,8,3.0,,,,12.12,9.42,8.39,6.45,7.74,10.71
2025-12-16T05:48:20.638122,Recipe_C,e493d977-1289-4420-b102-87061598c92c,8,4.0,,,,91.86,52.59,49.58,51.92,52.13,43.69
2025-12-16T05:48:21.638122,Recipe_C,e493d977-1289-4420-b102-87061598c92c,8,4.0,,,,95.54,47.69,52.67,60.01,48.78,47.51
2025-12-16T05:48:22.638122,Recipe_C,e493d977-1289-4420-b102-87061598c92c,8,4.0,,,,89.44,45.95,54.89,50.61,50.39,42.02
2025-12-16T05:48:23.638122,Recipe_C,e493d977-1289-4420-b102-87061598c92c,8,4.0,,,,104.12,53.49,51.03,38.51,45.95,50.08
2025-12-16T05:48:24.638122,Recipe_C,e493d977-1289-4420-b102-87061598c92c,8,4.0,,,,94.55,56.74,55.06,60.0,51.76,51.48
2025-12-16T05:48:25.638122,Recipe_C,e493d977-1289-4420-b102-87061598c92c,8,4.0,,,,100.26,50.12,44.41,52.74,48.66,48.14
2025-12-16T05:48:26.638122,Recipe_C,e493d977-1289-4420-b102-87061598c92c,8,4.0,,,,95.07,46.05,47.62,48.17,44.61,51.18
2025-12-16T05:48:27.638122,Recipe_C,e493d977-1289-4420-b102-87061598c92c,8,4.0,,,,96.64,49.02,48.25,49.07,44.13,35.28
2025-12-16T05:48:28.638122,Recipe_C,e493d977-1289-4420-b102-87061598c92c,8,4.0,,,,95.13,49.1,55.19,50.01,37.01,42.93
2025-12-16T05:48:29.638122,Recipe_C,e493d977-1289-4420-b102-87061598c92c,8,4.0,,,,98.9,55.38,51.57,48.86,60.58,43.76
2025-12-16T05:48:30.638122,Recipe_C,e493d977-1289-4420-b102-87061598c92c,8,4.0,,,,98.12,37.08,45.03,54.96,46.32,54.3
2025-12-16T05:48:30.638122,Recipe_C,e493d977-1289-4420-b102-87061598c92c,8,4.0,Warning_9,Simulated Warning occurred,Warning,,,,,,
2025-12-16T05:48:31.638122,Recipe_C,e493d977-1289-4420-b102-87061598c92c,8,4.0,,,,96.23,47.8,43.93,47.96,54.49,54.08
2025-12-16T05:48:32.638122,Recipe_C,e493d977-1289-4420-b102-87061598c92c,8,4.0,,,,101.44,52.4,51.66,48.02,44.58,49.25
2025-12-16T05:48:33.638122,Recipe_C,e493d977-1289-4420-b102-87061598c92c,8,4.0,,,,111.47,46.85,46.34,44.03,53.75,48.91
2025-12-16T05:48:34.638122,Recipe_C,e493d977-1289-4420-b102-87061598c92c,8,4.0,,,,96.62,58.45,53.03,41.7,44.9,48.31
2025-12-16T05:48:35.638122,Recipe_C,e493d977-1289-4420-b102-87061598c92c,8,4.0,,,,91.99,46.49,55.17,49.62,50.05,54.9
2025-12-16T05:48:36.638122,Recipe_C,e493d977-1289-4420-b102-87061598c92c,8,4.0,,,,103.15,47.15,48.29,49.27,42.72,49.73
2025-12-16T05:48:37.638122,Recipe_C,e493d977-1289-4420-b102-87061598c92c,8,4.0,,,,96.19,47.78,50.09,47.43,54.0,44.14
2025-12-16T05:48:38.638122,Recipe_C,e493d977-1289-4420-b102-87061598c92c,8,4.0,,,,102.3,51.47,48.94,58.41,53.18,50.05
2025-12-16T05:48:39.638122,Recipe_C,e493d977-1289-4420-b102-87061598c92c,8,4.0,,,,96.76,61.64,55.81,48.14,47.05,47.83
2025-12-16T05:48:40.638122,Recipe_C,e493d977-1289-4420-b102-87061598c92c,8,4.0,,,,99.37,52.02,50.91,56.73,49.58,49.04
2025-12-16T05:48:41.638122,Recipe_C,e493d977-1289-4420-b102-87061598c92c,8,4.0,,,,98.65,53.36,50.24,53.53,48.53,54.49
2025-12-16T05:48:42.638122,Recipe_C,e493d977-1289-4420-b102-87061598c92c,8,4.0,,,,98.37,43.79,49.35,53.01,45.58,53.81
2025-12-16T05:48:43.638122,Recipe_C,e493d977-1289-4420-b102-87061598c92c,8,4.0,,,,99.22,56.69,41.37,49.27,48.23,49.18
2025-12-16T05:48:44.638122,Recipe_C,e493d977-1289-4420-b102-87061598c92c,8,4.0,,,,100.83,42.55,51.47,54.39,50.08,48.87
2025-12-16T05:48:45.638122,Recipe_C,e493d977-1289-4420-b102-87061598c92c,8,4.0,,,,103.33,52.84,43.86,55.16,51.72,54.66
2025-12-16T05:48:46.638122,Recipe_C,e493d977-1289-4420-b102-87061598c92c,8,4.0,,,,97.53,45.09,47.97,48.18,52.58,57.56
2025-12-16T05:48:47.638122,Recipe_C,e493d977-1289-4420-b102-87061598c92c,8,2.0,,,,12.61,7.52,12.19,10.42,12.25,12.44
2025-12-16T05:48:48.638122,Recipe_C,e493d977-1289-4420-b102-87061598c92c,8,2.0,,,,10.44,10.19,8.17,10.1,9.53,8.37
2025-12-16T05:48:49.638122,Recipe_C,e493d977-1289-4420-b102-87061598c92c,8,2.0,,,,8.29,8.58,7.74,7.83,12.19,12.12
2025-12-16T05:48:50.638122,Recipe_C,e493d977-1289-4420-b102-87061598c92c,8,2.0,,,,7.39,10.09,10.62,9.25,10.91,13.15
2025-12-16T05:48:51.638122,Recipe_C,e493d977-1289-4420-b102-87061598c92c,8,2.0,,,,11.06,11.01,10.69,3.57,8.03,10.55
2025-12-16T05:48:52.638122,Recipe_C,e493d977-1289-4420-b102-87061598c92c,8,2.0,,,,9.72,9.7,8.51,13.86,10.63,9.8
2025-12-16T05:48:53.638122,Recipe_C,e493d977-1289-4420-b102-87061598c92c,8,2.0,,,,9.31,13.17,9.99,8.71,8.43,12.38
2025-12-16T05:48:54.638122,Recipe_C,e493d977-1289-4420-b102-87061598c92c,8,2.0,,,,8.97,11.79,12.22,9.59,10.3,8.01
2025-12-16T05:48:55.638122,Recipe_C,e493d977-1289-4420-b102-87061598c92c,8,2.0,,,,12.8,12.04,8.29,11.05,9.55,5.23
2025-12-16T05:48:56.638122,Recipe_C,e493d977-1289-4420-b102-87061598c92c,8,2.0,,,,9.8,11.71,8.52,11.12,9.67,9.78
2025-12-16T05:48:57.638122,Recipe_C,e493d977-1289-4420-b102-87061598c92c,8,1.0,,,,9.96,9.54,8.27,13.44,7.76,10.18
2025-12-16T05:48:58.638122,Recipe_C,e493d977-1289-4420-b102-87061598c92c,8,1.0,,,,8.48,8.27,10.17,13.28,10.36,10.5
2025-12-16T05:48:59.638122,Recipe_C,e493d977-1289-4420-b102-87061598c92c,8,1.0,,,,10.2,9.32,8.9,8.91,11.49,10.78
2025-12-16T05:49:00.638122,Recipe_C,e493d977-1289-4420-b102-87061598c92c,8,1.0,,,,9.06,7.9,10.84,7.7,8.89,8.46
2025-12-16T05:49:01.638122,Recipe_C,e493d977-1289-4420-b102-87061598c92c,8,1.0,,,,10.84,11.37,5.46,7.85,13.41,13.43
2025-12-16T05:49:02.638122,Recipe_C,e493d977-1289-4420-b102-87061598c92c,8,1.0,,,,10.78,7.43,9.98,12.97,8.53,15.66
2025-12-16T05:49:03.638122,Recipe_C,e493d977-1289-4420-b102-87061598c92c,8,1.0,,,,7.39,9.27,8.32,8.81,8.32,11.21
2025-12-16T05:49:04.638122,Recipe_C,e493d977-1289-4420-b102-87061598c92c,8,1.0,,,,9.69,8.99,10.52,10.76,10.2,8.17
2025-12-16T05:49:05.638122,Recipe_C,e493d977-1289-4420-b102-87061598c92c,8,1.0,,,,10.75,9.06,11.06,7.82,11.38,11.14
2025-12-16T05:49:06.638122,Recipe_C,e493d977-1289-4420-b102-87061598c92c,8,1.0,,,,13.98,10.58,8.74,10.19,8.18,10.1
2025-12-16T05:49:07.638122,Recipe_C,e493d977-1289-4420-b102-87061598c92c,8,1.0,,,,9.98,7.06,7.41,9.53,11.61,12.84
2025-12-16T05:49:08.638122,Recipe_C,e493d977-1289-4420-b102-87061598c92c,8,1.0,,,,9.28,7.94,14.28,10.24,11.15,10.29
2025-12-16T05:49:09.638122,Recipe_C,e493d977-1289-4420-b102-87061598c92c,8,1.0,,,,8.33,11.24,9.19,11.53,9.95,14.77
2025-12-16T05:49:10.638122,Recipe_C,e493d977-1289-4420-b102-87061598c92c,8,1.0,,,,7.22,8.41,11.94,10.64,12.83,11.15
2025-12-16T05:49:11.638122,Recipe_C,e493d977-1289-4420-b102-87061598c92c,8,1.0,,,,11.48,10.67,12.0,12.41,12.64,13.67
2025-12-16T05:49:12.638122,Recipe_C,e493d977-1289-4420-b102-87061598c92c,8,1.0,,,,9.02,12.28,9.41,12.06,12.81,11.07
2025-12-16T05:49:13.638122,Recipe_C,e493d977-1289-4420-b102-87061598c92c,8,1.0,,,,9.13,8.71,7.17,9.24,10.33,8.57
2025-12-16T05:49:14.638122,Recipe_C,e493d977-1289-4420-b102-87061598c92c,8,1.0,,,,9.42,10.6,6.42,10.4,10.47,9.59
2025-12-16T05:49:15.638122,Recipe_C,e493d977-1289-4420-b102-87061598c92c,8,1.0,,,,10.37,9.99,9.99,10.09,7.7,12.3
2025-12-16T05:49:16.638122,Recipe_C,e493d977-1289-4420-b102-87061598c92c,8,1.0,,,,9.13,11.0,12.77,12.0,10.88,12.14
2025-12-16T05:49:17.638122,Recipe_C,e493d977-1289-4420-b102-87061598c92c,8,1.0,,,,11.63,13.66,9.51,11.88,5.21,11.64
2025-12-16T05:49:18.638122,Recipe_C,e493d977-1289-4420-b102-87061598c92c,8,1.0,,,,10.02,12.04,7.95,10.3,10.55,7.38
2025-12-16T05:49:19.638122,Recipe_C,e493d977-1289-4420-b102-87061598c92c,8,1.0,,,,11.93,10.07,5.1,9.1,12.09,15.51
2025-12-16T05:49:20.638122,Recipe_C,e493d977-1289-4420-b102-87061598c92c,8,1.0,,,,10.99,9.38,7.64,10.14,10.35,11.18
2025-12-16T05:49:21.638122,Recipe_C,e493d977-1289-4420-b102-87061598c92c,8,1.0,,,,9.13,7.87,11.94,9.71,8.72,12.76
2025-12-16T05:49:22.638122,Recipe_C,e493d977-1289-4420-b102-87061598c92c,8,2.0,,,,8.82,9.97,9.7,5.78,9.28,13.19
2025-12-16T05:49:23.638122,Recipe_C,e493d977-1289-4420-b102-87061598c92c,8,2.0,,,,7.7,10.92,10.26,11.75,8.64,13.85
2025-12-16T05:49:24.638122,Recipe_C,e493d977-1289-4420-b102-87061598c92c,8,2.0,,,,9.42,8.26,10.49,6.98,9.5,9.52
2025-12-16T05:49:25.638122,Recipe_C,e493d977-1289-4420-b102-87061598c92c,8,2.0,,,,10.25,9.79,8.67,9.61,9.46,10.31
2025-12-16T05:49:26.638122,Recipe_C,e493d977-1289-4420-b102-87061598c92c,8,2.0,,,,11.73,10.29,10.28,10.15,11.2,10.89
2025-12-16T05:49:27.638122,Recipe_C,e493d977-1289-4420-b102-87061598c92c,8,2.0,,,,9.67,9.56,8.78,6.38,12.57,13.46
2025-12-16T05:49:28.638122,Recipe_C,e493d977-1289-4420-b102-87061598c92c,8,2.0,,,,9.96,9.94,10.34,9.09,11.08,13.39
2025-12-16T05:49:29.638122,Recipe_C,e493d977-1289-4420-b102-87061598c92c,8,2.0,,,,7.6,12.41,5.52,9.93,9.59,8.94
2025-12-16T05:49:30.638122,Recipe_C,e493d977-1289-4420-b102-87061598c92c,8,2.0,,,,11.32,9.5,9.81,9.94,7.91,7.47
2025-12-16T05:49:31.638122,Recipe_C,e493d977-1289-4420-b102-87061598c92c,8,2.0,,,,13.3,8.88,13.48,11.15,8.02,6.65
2025-12-16T05:49:32.638122,Recipe_C,e493d977-1289-4420-b102-87061598c92c,8,2.0,,,,7.52,7.89,11.23,10.94,13.49,10.95
2025-12-16T05:49:33.638122,Recipe_C,e493d977-1289-4420-b102-87061598c92c,8,2.0,,,,11.93,8.32,9.48,5.77,8.45,11.67
2025-12-16T05:49:34.638122,Recipe_C,e493d977-1289-4420-b102-87061598c92c,8,2.0,,,,10.21,9.22,9.46,14.42,6.71,9.67
2025-12-16T05:49:35.638122,Recipe_C,e493d977-1289-4420-b102-87061598c92c,8,2.0,,,,10.27,10.07,10.28,8.53,10.11,9.79
2025-12-16T05:49:36.638122,Recipe_C,e493d977-1289-4420-b102-87061598c92c,8,2.0,,,,10.74,10.89,10.03,11.64,9.85,8.72
2025-12-16T05:49:37.638122,Recipe_C,e493d977-1289-4420-b102-87061598c92c,8,2.0,,,,11.47,11.73,8.62,14.41,10.24,11.79
2025-12-16T05:49:38.638122,Recipe_C,e493d977-1289-4420-b102-87061598c92c,8,2.0,,,,10.72,9.12,6.66,8.48,8.78,11.03
2025-12-16T05:49:39.638122,Recipe_C,e493d977-1289-4420-b102-87061598c92c,8,2.0,,,,5.16,10.54,11.46,11.31,9.05,10.85
2025-12-16T05:49:40.638122,Recipe_C,e493d977-1289-4420-b102-87061598c92c,8,2.0,,,,10.14,10.4,12.84,10.71,6.72,8.08
2025-12-16T05:49:41.638122,Recipe_C,e493d977-1289-4420-b102-87061598c92c,8,2.0,,,,11.91,9.03,8.67,8.42,7.9,11.54
2025-12-16T05:49:42.638122,Recipe_C,e493d977-1289-4420-b102-87061598c92c,8,2.0,,,,9.06,9.09,13.84,6.52,14.06,8.91
2025-12-16T05:49:42.638122,Recipe_C,e493d977-1289-4420-b102-87061598c92c,8,2.0,Error_3,Simulated Error occurred,Error,,,,,,
2025-12-16T05:49:43.638122,Recipe_C,e493d977-1289-4420-b102-87061598c92c,8,2.0,,,,7.27,7.05,11.47,8.91,10.74,10.52
2025-12-16T05:49:44.638122,Recipe_C,e493d977-1289-4420-b102-87061598c92c,8,2.0,,,,9.5,10.02,10.47,6.96,11.26,10.21
2025-12-16T05:49:45.638122,Recipe_C,e493d977-1289-4420-b102-87061598c92c,8,2.0,,,,9.71,9.7,13.65,8.79,9.85,12.79
2025-12-16T05:49:46.638122,Recipe_C,e493d977-1289-4420-b102-87061598c92c,8,2.0,,,,10.56,10.36,9.76,7.88,6.76,8.67
2025-12-16T05:49:47.638122,Recipe_C,e493d977-1289-4420-b102-87061598c92c,8,2.0,,,,5.87,9.37,6.42,9.47,13.85,8.89
2025-12-16T05:49:48.638122,Recipe_C,e493d977-1289-4420-b102-87061598c92c,8,2.0,,,,3.1,9.54,11.99,14.08,7.01,6.87
2025-12-16T05:49:49.638122,Recipe_C,e493d977-1289-4420-b102-87061598c92c,8,2.0,,,,11.86,10.62,10.23,7.84,8.81,10.59
2025-12-16T05:49:50.638122,Recipe_C,e493d977-1289-4420-b102-87061598c92c,8,2.0,,,,7.85,10.31,9.88,10.5,10.59,9.94
2025-12-16T05:49:51.638122,Recipe_C,e493d977-1289-4420-b102-87061598c92c,8,2.0,,,,8.38,12.54,12.75,9.47,6.35,12.37
2025-12-16T05:49:52.638122,Recipe_C,e493d977-1289-4420-b102-87061598c92c,8,2.0,,,,10.53,11.0,7.15,11.25,8.95,11.61
2025-12-16T05:49:53.638122,Recipe_C,e493d977-1289-4420-b102-87061598c92c,8,2.0,,,,12.25,9.72,9.62,10.27,11.03,11.69
2025-12-16T05:49:54.638122,Recipe_C,e493d977-1289-4420-b102-87061598c92c,8,2.0,,,,8.98,7.2,7.08,9.08,7.23,10.68
2025-12-16T05:49:55.638122,Recipe_C,e493d977-1289-4420-b102-87061598c92c,8,2.0,,,,8.14,8.65,11.51,9.09,11.29,11.75
2025-12-16T05:49:56.638122,Recipe_C,e493d977-1289-4420-b102-87061598c92c,8,2.0,,,,10.39,11.4,10.23,10.64,9.67,12.83
2025-12-16T05:49:57.638122,Recipe_C,e493d977-1289-4420-b102-87061598c92c,8,4.0,,,,96.02,47.93,44.15,59.47,57.04,49.4
2025-12-16T05:49:58.638122,Recipe_C,e493d977-1289-4420-b102-87061598c92c,8,4.0,,,,99.16,54.07,54.39,55.73,49.38,53.81
2025-12-16T05:49:59.638122,Recipe_C,e493d977-1289-4420-b102-87061598c92c,8,4.0,,,,92.05,53.97,47.25,51.05,51.98,47.52
2025-12-16T05:50:00.638122,Recipe_C,e493d977-1289-4420-b102-87061598c92c,8,4.0,,,,99.08,48.41,48.46,55.11,47.01,44.0
2025-12-16T05:50:01.638122,Recipe_C,e493d977-1289-4420-b102-87061598c92c,8,4.0,,,,113.2,39.5,50.45,59.78,49.34,52.24
2025-12-16T05:50:02.638122,Recipe_C,e493d977-1289-4420-b102-87061598c92c,8,4.0,,,,103.79,53.57,49.42,50.52,56.33,45.95
2025-12-16T05:50:03.638122,Recipe_C,e493d977-1289-4420-b102-87061598c92c,8,4.0,,,,86.06,53.0,48.11,47.09,44.85,43.37
2025-12-16T05:50:04.638122,Recipe_C,e493d977-1289-4420-b102-87061598c92c,8,4.0,,,,100.91,40.62,39.58,41.3,42.31,49.15
2025-12-16T05:50:05.638122,Recipe_C,e493d977-1289-4420-b102-87061598c92c,8,4.0,,,,100.78,57.3,47.01,60.98,53.2,34.8
2025-12-16T05:50:06.638122,Recipe_C,e493d977-1289-4420-b102-87061598c92c,8,4.0,,,,104.38,52.76,49.79,45.0,47.95,49.4
2025-12-16T05:50:07.638122,Recipe_C,e493d977-1289-4420-b102-87061598c92c,8,4.0,,,,93.23,48.21,57.76,48.47,50.3,50.78
2025-12-16T05:50:08.638122,Recipe_C,e493d977-1289-4420-b102-87061598c92c,8,2.0,,,,5.69,12.08,11.74,13.33,9.59,5.79
2025-12-16T05:50:09.638122,Recipe_C,e493d977-1289-4420-b102-87061598c92c,8,2.0,,,,9.24,14.99,8.6,8.76,12.69,10.81
2025-12-16T05:50:10.638122,Recipe_C,e493d977-1289-4420-b102-87061598c92c,8,2.0,,,,11.87,8.73,7.17,14.06,7.7,10.38
2025-12-16T05:50:11.638122,Recipe_C,e493d977-1289-4420-b102-87061598c92c,8,2.0,,,,7.95,8.11,11.04,14.0,8.35,10.83
2025-12-16T05:50:12.638122,Recipe_C,e493d977-1289-4420-b102-87061598c92c,8,2.0,,,,7.55,8.5,11.26,8.59,9.4,8.68
2025-12-16T05:50:13.638122,Recipe_C,e493d977-1289-4420-b102-87061598c92c,8,2.0,,,,7.81,10.54,9.18,5.67,10.49,11.8
2025-12-16T05:50:14.638122,Recipe_C,e493d977-1289-4420-b102-87061598c92c,8,2.0,,,,8.7,9.19,5.46,7.71,13.15,12.85
2025-12-16T05:50:15.638122,Recipe_C,e493d977-1289-4420-b102-87061598c92c,8,2.0,,,,8.15,9.87,10.37,4.99,12.58,13.09
2025-12-16T05:50:16.638122,Recipe_C,e493d977-1289-4420-b102-87061598c92c,8,2.0,,,,8.89,10.3,11.42,13.41,7.84,14.88
2025-12-16T05:50:17.638122,Recipe_C,e493d977-1289-4420-b102-87061598c92c,8,2.0,,,,7.66,11.74,8.3,11.95,11.17,11.82
2025-12-16T05:50:18.638122,Recipe_C,e493d977-1289-4420-b102-87061598c92c,8,2.0,,,,8.5,10.37,10.04,6.58,10.03,8.51
2025-12-16T05:50:19.638122,Recipe_C,e493d977-1289-4420-b102-87061598c92c,8,2.0,,,,10.1,9.59,6.72,9.1,12.97,10.59
2025-12-16T05:50:20.638122,Recipe_C,e493d977-1289-4420-b102-87061598c92c,8,2.0,,,,11.15,12.25,11.39,8.49,9.61,11.26
2025-12-16T05:50:21.638122,Recipe_C,e493d977-1289-4420-b102-87061598c92c,8,2.0,,,,11.38,10.22,8.84,9.64,12.21,8.31
2025-12-16T05:50:22.638122,Recipe_C,e493d977-1289-4420-b102-87061598c92c,8,2.0,,,,10.07,10.97,5.93,5.23,14.23,9.6
2025-12-16T05:50:23.638122,Recipe_C,e493d977-1289-4420-b102-87061598c92c,8,2.0,,,,6.16,10.24,9.5,9.91,9.89,9.25
2025-12-16T05:50:24.638122,Recipe_C,e493d977-1289-4420-b102-87061598c92c,8,2.0,,,,12.53,10.97,9.22,9.51,7.78,10.11
2025-12-16T05:50:24.638122,Recipe_C,e493d977-1289-4420-b102-87061598c92c,8,2.0,Warning_10,Simulated Warning occurred,Warning,,,,,,
2025-12-16T05:50:25.638122,Recipe_C,e493d977-1289-4420-b102-87061598c92c,8,2.0,,,,7.99,6.02,5.41,6.36,11.06,11.14
2025-12-16T05:50:26.638122,Recipe_C,e493d977-1289-4420-b102-87061598c92c,8,2.0,,,,7.66,8.16,11.11,10.03,12.39,12.71
2025-12-16T05:50:27.638122,Recipe_C,e493d977-1289-4420-b102-87061598c92c,8,2.0,,,,12.44,8.74,10.18,12.37,9.33,9.69
2025-12-16T05:50:28.638122,Recipe_C,e493d977-1289-4420-b102-87061598c92c,8,2.0,,,,10.69,10.7,10.01,7.6,12.04,11.19
2025-12-16T05:50:29.638122,Recipe_C,e493d977-1289-4420-b102-87061598c92c,8,2.0,,,,8.03,10.3,9.93,12.5,5.89,6.34
2025-12-16T05:50:30.638122,Recipe_C,e493d977-1289-4420-b102-87061598c92c,8,4.0,,,,94.68,53.33,53.22,49.86,51.87,55.13
2025-12-16T05:50:30.638122,Recipe_C,e493d977-1289-4420-b102-87061598c92c,8,4.0,Warning_2,Simulated Warning occurred,Warning,,,,,,
2025-12-16T05:50:31.638122,Recipe_C,e493d977-1289-4420-b102-87061598c92c,8,4.0,,,,107.71,44.52,50.81,49.53,55.12,51.85
2025-12-16T05:50:32.638122,Recipe_C,e493d977-1289-4420-b102-87061598c92c,8,4.0,,,,103.28,47.49,46.33,57.92,55.06,50.14
2025-12-16T05:50:32.638122,Recipe_C,e493d977-1289-4420-b102-87061598c92c,8,4.0,Warning_2,Simulated Warning occurred,Warning,,,,,,
2025-12-16T05:50:33.638122,Recipe_C,e493d977-1289-4420-b102-87061598c92c,8,4.0,,,,101.25,59.69,46.42,42.61,50.77,57.57
2025-12-16T05:50:34.638122,Recipe_C,e493d977-1289-4420-b102-87061598c92c,8,4.0,,,,100.32,50.98,56.99,50.45,44.36,43.89
2025-12-16T05:50:35.638122,Recipe_C,e493d977-1289-4420-b102-87061598c92c,8,4.0,,,,105.58,46.53,57.45,50.0,58.06,42.55
2025-12-16T05:50:36.638122,Recipe_C,e493d977-1289-4420-b102-87061598c92c,8,4.0,,,,93.38,49.96,43.99,50.94,50.91,55.76
2025-12-16T05:50:37.638122,Recipe_C,e493d977-1289-4420-b102-87061598c92c,8,4.0,,,,99.85,50.81,52.73,52.17,36.65,49.6
2025-12-16T05:50:38.638122,Recipe_C,e493d977-1289-4420-b102-87061598c92c,8,4.0,,,,105.12,51.46,51.04,56.34,50.75,50.59
2025-12-16T05:50:39.638122,Recipe_C,e493d977-1289-4420-b102-87061598c92c,8,4.0,,,,98.23,45.04,54.87,50.78,53.82,56.21
2025-12-16T05:50:40.638122,Recipe_C,e493d977-1289-4420-b102-87061598c92c,8,3.0,,,,11.33,6.76,6.62,13.25,8.92,11.07
2025-12-16T05:50:41.638122,Recipe_C,e493d977-1289-4420-b102-87061598c92c,8,3.0,,,,12.57,7.66,8.07,9.33,9.08,6.89
2025-12-16T05:50:42.638122,Recipe_C,e493d977-1289-4420-b102-87061598c92c,8,3.0,,,,14.96,8.82,9.23,6.31,8.98,11.93
2025-12-16T05:50:43.638122,Recipe_C,e493d977-1289-4420-b102-87061598c92c,8,3.0,,,,10.68,15.36,13.0,10.1,11.45,9.97
2025-12-16T05:50:44.638122,Recipe_C,e493d977-1289-4420-b102-87061598c92c,8,3.0,,,,10.64,9.8,8.97,7.8,8.25,10.35
2025-12-16T05:50:45.638122,Recipe_C,e493d977-1289-4420-b102-87061598c92c,8,3.0,,,,9.36,7.85,9.56,11.28,13.63,12.91
2025-12-16T05:50:46.638122,Recipe_C,e493d977-1289-4420-b102-87061598c92c,8,3.0,,,,10.01,10.97,10.8,9.95,11.43,9.49
2025-12-16T05:50:47.638122,Recipe_C,e493d977-1289-4420-b102-87061598c92c,8,3.0,,,,11.95,11.63,11.19,9.82,13.2,13.26
2025-12-16T05:50:48.638122,Recipe_C,e493d977-1289-4420-b102-87061598c92c,8,3.0,,,,8.4,8.21,10.96,10.7,6.0,9.46
2025-12-16T05:50:49.638122,Recipe_C,e493d977-1289-4420-b102-87061598c92c,8,3.0,,,,9.46,6.78,11.83,9.59,12.91,8.12
2025-12-16T05:50:50.638122,Recipe_C,e493d977-1289-4420-b102-87061598c92c,8,3.0,,,,6.21,10.62,12.86,13.57,9.5,12.06
2025-12-16T05:50:51.638122,Recipe_C,e493d977-1289-4420-b102-87061598c92c,8,3.0,,,,9.25,7.75,8.89,15.46,9.77,7.84
2025-12-16T05:50:52.638122,Recipe_C,e493d977-1289-4420-b102-87061598c92c,8,3.0,,,,12.09,8.16,8.16,12.43,9.34,10.84
2025-12-16T05:50:53.638122,Recipe_C,e493d977-1289-4420-b102-87061598c92c,8,3.0,,,,10.03,8.41,8.66,5.47,6.94,12.65
2025-12-16T05:50:54.638122,Recipe_C,e493d977-1289-4420-b102-87061598c92c,8,3.0,,,,9.51,10.18,8.54,7.05,11.07,12.62
2025-12-16T05:50:55.638122,Recipe_C,e493d977-1289-4420-b102-87061598c92c,8,3.0,,,,13.11,12.38,8.75,7.15,11.7,10.54
2025-12-16T05:50:56.638122,Recipe_C,e493d977-1289-4420-b102-87061598c92c,8,3.0,,,,12.46,11.92,7.61,7.96,9.6,12.14
2025-12-16T05:50:57.638122,Recipe_C,e493d977-1289-4420-b102-87061598c92c,8,3.0,,,,11.44,11.46,13.74,9.45,9.59,5.75
2025-12-16T05:50:58.638122,Recipe_C,e493d977-1289-4420-b102-87061598c92c,8,3.0,,,,10.88,11.74,9.69,8.91,11.1,13.03
2025-12-16T05:50:59.638122,Recipe_C,e493d977-1289-4420-b102-87061598c92c,8,3.0,,,,8.78,11.4,9.57,10.99,12.2,7.93
2025-12-16T05:51:00.638122,Recipe_C,e493d977-1289-4420-b102-87061598c92c,8,3.0,,,,13.18,7.86,11.31,8.19,9.28,12.77
2025-12-16T05:51:01.638122,Recipe_C,e493d977-1289-4420-b102-87061598c92c,8,5.0,,,,7.68,10.13,11.63,10.17,9.22,10.48
2025-12-16T05:51:02.638122,Recipe_C,e493d977-1289-4420-b102-87061598c92c,8,5.0,,,,10.18,14.37,10.66,7.76,10.23,8.37
2025-12-16T05:51:03.638122,Recipe_C,e493d977-1289-4420-b102-87061598c92c,8,5.0,,,,11.64,8.55,10.07,14.22,11.07,8.44
2025-12-16T05:51:04.638122,Recipe_C,e493d977-1289-4420-b102-87061598c92c,8,5.0,,,,9.15,11.95,12.18,9.85,9.06,9.24
2025-12-16T05:51:05.638122,Recipe_C,e493d977-1289-4420-b102-87061598c92c,8,5.0,,,,10.55,7.79,12.95,9.95,7.72,10.62
2025-12-16T05:51:06.638122,Recipe_C,e493d977-1289-4420-b102-87061598c92c,8,5.0,,,,10.46,11.76,6.7,10.31,10.2,14.38
2025-12-16T05:51:07.638122,Recipe_C,e493d977-1289-4420-b102-87061598c92c,8,5.0,,,,13.21,13.87,7.69,9.55,9.36,7.41
2025-12-16T05:51:08.638122,Recipe_C,e493d977-1289-4420-b102-87061598c92c,8,5.0,,,,9.38,9.44,10.76,9.96,9.63,11.9
2025-12-16T05:51:09.638122,Recipe_C,e493d977-1289-4420-b102-87061598c92c,8,5.0,,,,10.96,10.87,11.46,5.95,8.44,9.61
2025-12-16T05:51:10.638122,Recipe_C,e493d977-1289-4420-b102-87061598c92c,8,5.0,,,,9.21,11.32,11.17,9.41,8.0,11.07
2025-12-16T05:51:11.638122,Recipe_C,e493d977-1289-4420-b102-87061598c92c,8,5.0,,,,8.6,10.51,12.42,13.34,8.84,9.16
2025-12-16T05:51:12.638122,Recipe_C,e493d977-1289-4420-b102-87061598c92c,8,5.0,,,,9.87,8.07,9.95,11.44,10.39,8.33
2025-12-16T05:51:13.638122,Recipe_C,e493d977-1289-4420-b102-87061598c92c,8,5.0,,,,11.26,8.33,11.13,10.7,10.75,9.53
2025-12-16T05:51:14.638122,Recipe_C,e493d977-1289-4420-b102-87061598c92c,8,5.0,,,,10.28,12.93,6.41,9.18,10.57,8.73
2025-12-16T05:51:15.638122,Recipe_C,e493d977-1289-4420-b102-87061598c92c,8,5.0,,,,11.86,10.0,6.47,8.46,10.08,7.41
2025-12-16T05:51:16.638122,Recipe_C,e493d977-1289-4420-b102-87061598c92c,8,5.0,,,,10.69,13.18,9.73,11.16,10.6,7.49
2025-12-16T05:51:17.638122,Recipe_C,e493d977-1289-4420-b102-87061598c92c,8,5.0,,,,9.65,9.67,13.28,11.03,9.16,13.04
2025-12-16T05:51:18.638122,Recipe_C,e493d977-1289-4420-b102-87061598c92c,8,5.0,,,,7.81,9.34,7.14,12.53,10.76,8.25
2025-12-16T05:51:19.638122,Recipe_C,e493d977-1289-4420-b102-87061598c92c,8,5.0,,,,12.08,12.22,6.16,9.0,9.74,11.27
2025-12-16T05:51:20.638122,Recipe_C,e493d977-1289-4420-b102-87061598c92c,8,5.0,,,,9.79,7.36,8.99,8.44,13.12,5.58
2025-12-16T05:51:21.638122,Recipe_C,e493d977-1289-4420-b102-87061598c92c,8,5.0,,,,11.28,10.05,9.04,9.16,10.74,6.21
2025-12-16T05:51:22.638122,Recipe_C,e493d977-1289-4420-b102-87061598c92c,8,5.0,,,,6.75,9.64,6.66,10.71,10.54,11.13
2025-12-16T05:51:23.638122,Recipe_C,e493d977-1289-4420-b102-87061598c92c,8,5.0,,,,8.03,12.08,12.32,7.35,10.57,11.02
2025-12-16T05:51:24.638122,Recipe_C,e493d977-1289-4420-b102-87061598c92c,8,5.0,,,,6.48,14.63,12.53,12.84,10.39,12.66
2025-12-16T05:51:25.638122,Recipe_C,e493d977-1289-4420-b102-87061598c92c,8,5.0,,,,9.22,10.91,10.19,9.38,11.56,12.22
2025-12-16T05:51:26.638122,Recipe_C,e493d977-1289-4420-b102-87061598c92c,8,5.0,,,,10.98,10.9,10.63,10.24,9.45,10.54
2025-12-16T05:51:27.638122,Recipe_C,e493d977-1289-4420-b102-87061598c92c,8,5.0,,,,9.43,10.99,9.06,8.33,12.0,8.95
2025-12-16T05:51:28.638122,Recipe_C,e493d977-1289-4420-b102-87061598c92c,8,5.0,,,,12.77,11.03,7.38,9.01,7.37,9.36
2025-12-16T05:51:29.638122,Recipe_C,e493d977-1289-4420-b102-87061598c92c,8,5.0,,,,9.67,6.8,9.88,9.55,10.09,9.87
2025-12-16T05:51:30.638122,Recipe_C,e493d977-1289-4420-b102-87061598c92c,8,5.0,,,,13.5,9.46,9.67,10.49,8.82,9.84
2025-12-16T05:51:31.638122,Recipe_C,e493d977-1289-4420-b102-87061598c92c,8,5.0,,,,13.49,9.53,9.38,11.03,11.3,9.24
2025-12-16T05:51:32.638122,Recipe_C,e493d977-1289-4420-b102-87061598c92c,8,5.0,,,,8.38,9.15,7.71,6.76,10.35,9.64
2025-12-16T05:51:33.638122,Recipe_C,e493d977-1289-4420-b102-87061598c92c,8,5.0,,,,11.5,8.3,5.93,8.42,10.25,8.37
2025-12-16T05:51:34.638122,Recipe_C,e493d977-1289-4420-b102-87061598c92c,8,5.0,,,,8.87,12.49,8.41,11.75,7.01,10.17
2025-12-16T05:51:35.638122,Recipe_C,e493d977-1289-4420-b102-87061598c92c,8,5.0,,,,9.79,8.83,11.35,13.19,8.87,10.22
2025-12-16T05:51:36.638122,Recipe_C,e493d977-1289-4420-b102-87061598c92c,8,5.0,,,,10.28,9.35,6.75,10.95,12.54,12.01
2025-12-16T05:51:37.638122,Recipe_C,e493d977-1289-4420-b102-87061598c92c,8,5.0,,,,12.53,6.46,12.85,8.68,6.98,10.52
2025-12-16T05:51:38.638122,Recipe_C,e493d977-1289-4420-b102-87061598c92c,8,5.0,,,,10.05,9.62,13.47,6.85,11.73,11.52
2025-12-16T05:51:39.638122,Recipe_C,e493d977-1289-4420-b102-87061598c92c,8,5.0,,,,8.56,10.79,13.72,7.5,8.85,10.15
2025-12-16T05:51:40.638122,Recipe_C,e493d977-1289-4420-b102-87061598c92c,8,5.0,,,,10.21,8.28,11.14,7.37,8.55,9.28
2025-12-16T05:51:41.638122,Recipe_C,e493d977-1289-4420-b102-87061598c92c,8,5.0,,,,11.3,10.75,8.8,12.33,9.67,7.0
2025-12-16T05:51:42.638122,Recipe_C,e493d977-1289-4420-b102-87061598c92c,8,5.0,,,,10.49,13.28,11.15,9.81,10.87,10.64
2025-12-16T05:51:43.638122,Recipe_C,e493d977-1289-4420-b102-87061598c92c,8,5.0,,,,9.59,11.92,10.91,11.91,10.22,11.64
2025-12-16T05:51:44.638122,Recipe_C,e493d977-1289-4420-b102-87061598c92c,8,5.0,,,,9.07,10.8,12.23,12.59,12.54,10.25
2025-12-16T05:51:45.638122,Recipe_C,e493d977-1289-4420-b102-87061598c92c,8,5.0,,,,8.69,7.71,10.22,7.53,10.07,12.22
2025-12-16T05:51:46.638122,Recipe_C,e493d977-1289-4420-b102-87061598c92c,8,5.0,,,,10.47,11.55,10.13,10.89,9.84,9.27
2025-12-16T05:51:47.638122,Recipe_C,e493d977-1289-4420-b102-87061598c92c,8,5.0,,,,9.33,10.61,9.59,10.64,11.06,10.55
2025-12-16T05:51:48.638122,Recipe_C,e493d977-1289-4420-b102-87061598c92c,8,5.0,,,,8.97,11.23,8.98,9.74,9.45,11.15
2025-12-16T05:51:49.638122,Recipe_C,e493d977-1289-4420-b102-87061598c92c,8,5.0,,,,6.19,9.45,7.48,13.37,8.48,10.45
2025-12-16T05:51:50.638122,Recipe_C,e493d977-1289-4420-b102-87061598c92c,8,5.0,,,,9.81,6.52,10.59,9.31,10.86,12.99
2025-12-16T05:51:51.638122,Recipe_C,e493d977-1289-4420-b102-87061598c92c,8,0.0,,,,0.0,0.0,0.0,0.0,0.0,0.0
2025-12-16T05:51:52.638122,Recipe_C,e493d977-1289-4420-b102-87061598c92c,8,0.0,,,,0.0,0.0,0.0,0.0,0.0,0.0
2025-12-16T05:51:53.638122,Recipe_C,e493d977-1289-4420-b102-87061598c92c,8,0.0,,,,0.0,0.0,0.0,0.0,0.0,0.0
2025-12-16T05:51:54.638122,Recipe_C,e493d977-1289-4420-b102-87061598c92c,8,4.0,,,,99.92,53.94,46.7,38.74,46.61,45.86
2025-12-16T05:51:55.638122,Recipe_C,e493d977-1289-4420-b102-87061598c92c,8,4.0,,,,103.54,48.39,50.81,42.01,50.15,56.0
2025-12-16T05:51:56.638122,Recipe_C,e493d977-1289-4420-b102-87061598c92c,8,4.0,,,,106.44,54.35,48.96,48.75,54.25,48.62
2025-12-16T05:51:57.638122,Recipe_C,e493d977-1289-4420-b102-87061598c92c,8,4.0,,,,99.62,53.91,48.28,53.4,48.52,51.04
2025-12-16T05:51:58.638122,Recipe_C,e493d977-1289-4420-b102-87061598c92c,8,4.0,,,,99.34,45.99,51.65,55.72,54.97,47.85
2025-12-16T05:51:59.638122,Recipe_C,e493d977-1289-4420-b102-87061598c92c,8,4.0,,,,98.13,42.08,47.3,44.42,51.1,51.13
2025-12-16T05:52:00.638122,Recipe_C,e493d977-1289-4420-b102-87061598c92c,8,4.0,,,,97.81,53.59,56.65,45.83,58.95,49.87
2025-12-16T05:52:01.638122,Recipe_C,e493d977-1289-4420-b102-87061598c92c,8,4.0,,,,102.47,50.93,53.7,49.94,54.52,58.24
2025-12-16T05:52:01.638122,Recipe_C,e493d977-1289-4420-b102-87061598c92c,8,4.0,Warning_5,Simulated Warning occurred,Warning,,,,,,
2025-12-16T05:52:02.638122,Recipe_C,e493d977-1289-4420-b102-87061598c92c,8,4.0,,,,99.57,59.12,51.73,50.73,43.45,53.0
2025-12-16T05:52:03.638122,Recipe_C,e493d977-1289-4420-b102-87061598c92c,8,4.0,,,,105.68,41.61,52.11,52.09,52.12,53.57
2025-12-16T05:52:04.638122,Recipe_C,e493d977-1289-4420-b102-87061598c92c,8,4.0,,,,93.79,49.3,50.96,50.8,51.02,44.83
2025-12-16T05:52:05.638122,Recipe_C,e493d977-1289-4420-b102-87061598c92c,8,4.0,,,,109.62,54.94,56.95,61.52,48.35,56.91
2025-12-16T05:52:06.638122,Recipe_C,e493d977-1289-4420-b102-87061598c92c,8,4.0,,,,107.32,47.28,44.29,51.94,50.08,46.94
2025-12-16T05:52:07.638122,Recipe_C,e493d977-1289-4420-b102-87061598c92c,8,4.0,,,,96.64,48.11,51.25,46.75,44.74,49.41
2025-12-16T05:52:08.638122,Recipe_C,e493d977-1289-4420-b102-87061598c92c,8,4.0,,,,99.19,60.28,54.38,48.34,49.79,55.33
2025-12-16T05:52:09.638122,Recipe_C,e493d977-1289-4420-b102-87061598c92c,8,4.0,,,,90.16,48.62,51.73,34.83,42.36,55.66
2025-12-16T05:52:10.638122,Recipe_C,e493d977-1289-4420-b102-87061598c92c,8,1.0,,,,8.55,9.98,11.71,8.75,12.63,8.86
2025-12-16T05:52:11.638122,Recipe_C,e493d977-1289-4420-b102-87061598c92c,8,1.0,,,,9.38,7.89,9.63,8.0,9.86,10.53
2025-12-16T05:52:12.638122,Recipe_C,e493d977-1289-4420-b102-87061598c92c,8,1.0,,,,9.66,6.73,10.21,11.19,8.64,13.09
2025-12-16T05:52:13.638122,Recipe_C,e493d977-1289-4420-b102-87061598c92c,8,1.0,,,,11.05,10.28,10.26,8.02,9.98,10.01
2025-12-16T05:52:14.638122,Recipe_C,e493d977-1289-4420-b102-87061598c92c,8,1.0,,,,9.29,8.67,8.19,8.66,9.55,9.96
2025-12-16T05:52:15.638122,Recipe_C,e493d977-1289-4420-b102-87061598c92c,8,1.0,,,,9.72,6.92,9.05,9.64,8.95,9.91
2025-12-16T05:52:16.638122,Recipe_C,e493d977-1289-4420-b102-87061598c92c,8,1.0,,,,6.27,8.02,9.98,12.79,12.98,8.02
2025-12-16T05:52:17.638122,Recipe_C,e493d977-1289-4420-b102-87061598c92c,8,3.0,,,,12.61,9.25,12.94,10.65,9.88,9.05
2025-12-16T05:52:18.638122,Recipe_C,e493d977-1289-4420-b102-87061598c92c,8,3.0,,,,10.05,5.26,12.78,9.71,9.7,4.24
2025-12-16T05:52:19.638122,Recipe_C,e493d977-1289-4420-b102-87061598c92c,8,3.0,,,,9.8,11.62,10.49,9.21,7.69,11.33
2025-12-16T05:52:19.638122,Recipe_C,e493d977-1289-4420-b102-87061598c92c,8,3.0,Warning_6,Simulated Warning occurred,Warning,,,,,,
2025-12-16T05:52:20.638122,Recipe_C,e493d977-1289-4420-b102-87061598c92c,8,3.0,,,,9.22,6.77,10.4,11.41,10.84,14.73
2025-12-16T05:52:21.638122,Recipe_C,e493d977-1289-4420-b102-87061598c92c,8,3.0,,,,11.13,12.23,12.35,11.27,7.24,10.92
2025-12-16T05:52:22.638122,Recipe_C,e493d977-1289-4420-b102-87061598c92c,8,3.0,,,,12.15,10.5,10.43,9.23,9.5,9.54
2025-12-16T05:52:23.638122,Recipe_C,e493d977-1289-4420-b102-87061598c92c,8,3.0,,,,6.33,10.68,8.65,8.8,10.91,11.97
2025-12-16T05:52:24.638122,Recipe_C,e493d977-1289-4420-b102-87061598c92c,8,3.0,,,,11.58,9.28,9.33,9.76,11.94,10.75
2025-12-16T05:52:25.638122,Recipe_C,e493d977-1289-4420-b102-87061598c92c,8,3.0,,,,7.83,8.59,6.22,12.57,9.45,6.32
2025-12-16T05:52:26.638122,Recipe_C,e493d977-1289-4420-b102-87061598c92c,8,3.0,,,,10.33,10.58,8.64,9.48,10.86,8.72
2025-12-16T05:52:27.638122,Recipe_C,e493d977-1289-4420-b102-87061598c92c,8,3.0,,,,11.05,10.54,8.67,10.64,7.86,10.02
2025-12-16T05:52:28.638122,Recipe_C,e493d977-1289-4420-b102-87061598c92c,8,3.0,,,,10.29,8.64,7.07,11.16,10.92,7.73
2025-12-16T05:52:29.638122,Recipe_C,e493d977-1289-4420-b102-87061598c92c,8,3.0,,,,10.27,11.2,9.67,7.72,9.54,7.02
2025-12-16T05:52:30.638122,Recipe_C,e493d977-1289-4420-b102-87061598c92c,8,3.0,,,,14.05,11.72,10.31,12.08,9.39,12.54
2025-12-16T05:52:31.638122,Recipe_C,e493d977-1289-4420-b102-87061598c92c,8,3.0,,,,12.19,13.39,9.86,6.71,8.25,5.81
2025-12-16T05:52:32.638122,Recipe_C,e493d977-1289-4420-b102-87061598c92c,8,3.0,,,,4.72,8.58,10.37,8.35,8.73,8.57
2025-12-16T05:52:33.638122,Recipe_C,e493d977-1289-4420-b102-87061598c92c,8,3.0,,,,6.95,11.33,6.58,9.33,8.66,9.68
2025-12-16T05:52:34.638122,Recipe_C,e493d977-1289-4420-b102-87061598c92c,8,3.0,,,,12.24,10.2,8.08,8.1,11.73,11.28
2025-12-16T05:52:35.638122,Recipe_C,e493d977-1289-4420-b102-87061598c92c,8,3.0,,,,8.53,10.45,9.45,9.61,5.71,11.42
2025-12-16T05:52:36.638122,Recipe_C,e493d977-1289-4420-b102-87061598c92c,8,3.0,,,,10.49,10.49,9.19,9.3,11.31,14.19
2025-12-16T05:52:37.638122,Recipe_C,e493d977-1289-4420-b102-87061598c92c,8,3.0,,,,9.08,9.58,13.65,10.63,9.52,8.46
2025-12-16T05:52:38.638122,Recipe_C,e493d977-1289-4420-b102-87061598c92c,8,3.0,,,,10.37,10.54,11.2,7.22,7.43,8.96
2025-12-16T05:52:39.638122,Recipe_C,e493d977-1289-4420-b102-87061598c92c,8,3.0,,,,13.23,11.61,11.68,7.96,11.02,11.25
2025-12-16T05:52:40.638122,Recipe_C,e493d977-1289-4420-b102-87061598c92c,8,3.0,,,,8.75,11.97,11.29,8.28,9.76,9.07
2025-12-16T05:52:40.638122,Recipe_C,e493d977-1289-4420-b102-87061598c92c,8,3.0,Warning_9,Simulated Warning occurred,Warning,,,,,,
2025-12-16T05:52:41.638122,Recipe_C,e493d977-1289-4420-b102-87061598c92c,8,3.0,,,,10.63,11.15,8.79,11.51,11.07,8.95
2025-12-16T05:52:42.638122,Recipe_C,e493d977-1289-4420-b102-87061598c92c,8,3.0,,,,7.86,13.45,9.73,10.95,10.79,12.3
2025-12-16T05:52:43.638122,Recipe_C,e493d977-1289-4420-b102-87061598c92c,8,3.0,,,,9.4,9.03,9.71,12.79,10.24,11.07
2025-12-16T05:52:44.638122,Recipe_C,e493d977-1289-4420-b102-87061598c92c,8,3.0,,,,11.49,9.2,10.58,8.76,7.49,10.34
2025-12-16T05:52:45.638122,Recipe_C,e493d977-1289-4420-b102-87061598c92c,8,3.0,,,,10.95,5.7,11.52,13.14,11.99,7.12
2025-12-16T05:52:46.638122,Recipe_C,e493d977-1289-4420-b102-87061598c92c,8,3.0,,,,7.92,10.43,11.94,7.29,12.52,8.41
2025-12-16T05:52:47.638122,Recipe_C,e493d977-1289-4420-b102-87061598c92c,8,3.0,,,,7.26,10.99,10.19,12.74,9.6,12.56
2025-12-16T05:52:48.638122,Recipe_C,e493d977-1289-4420-b102-87061598c92c,8,3.0,,,,12.73,10.14,9.9,14.18,7.86,11.85
2025-12-16T05:52:49.638122,Recipe_C,e493d977-1289-4420-b102-87061598c92c,8,3.0,,,,6.24,11.58,11.66,7.35,12.79,6.68
2025-12-16T05:52:50.638122,Recipe_C,e493d977-1289-4420-b102-87061598c92c,8,3.0,,,,9.15,7.14,6.83,7.92,9.69,11.61
2025-12-16T05:52:51.638122,Recipe_C,e493d977-1289-4420-b102-87061598c92c,8,3.0,,,,9.47,10.2,9.34,11.94,9.52,11.66
2025-12-16T05:52:52.638122,Recipe_C,e493d977-1289-4420-b102-87061598c92c,8,3.0,,,,12.08,9.89,13.07,9.41,8.45,13.51
2025-12-16T05:52:53.638122,Recipe_C,e493d977-1289-4420-b102-87061598c92c,8,3.0,,,,8.13,6.66,11.58,12.28,11.54,9.98
2025-12-16T05:52:54.638122,Recipe_C,e493d977-1289-4420-b102-87061598c92c,8,3.0,,,,9.11,8.18,5.61,11.03,10.78,12.01
2025-12-16T05:52:55.638122,Recipe_C,e493d977-1289-4420-b102-87061598c92c,8,3.0,,,,11.05,13.22,9.56,5.44,10.33,10.26
2025-12-16T05:52:56.638122,Recipe_C,e493d977-1289-4420-b102-87061598c92c,8,3.0,,,,11.35,9.54,10.02,10.47,7.14,10.61
2025-12-16T05:52:57.638122,Recipe_C,e493d977-1289-4420-b102-87061598c92c,8,3.0,,,,10.8,12.85,15.13,10.37,8.73,9.77
2025-12-16T05:52:58.638122,Recipe_C,e493d977-1289-4420-b102-87061598c92c,8,3.0,,,,9.46,13.07,8.78,10.55,9.66,7.21
2025-12-16T05:52:59.638122,Recipe_C,e493d977-1289-4420-b102-87061598c92c,8,3.0,,,,7.09,7.98,12.69,9.8,7.67,10.43
2025-12-16T05:52:59.638122,Recipe_C,e493d977-1289-4420-b102-87061598c92c,8,3.0,Warning_10,Simulated Warning occurred,Warning,,,,,,
2025-12-16T05:53:00.638122,Recipe_C,e493d977-1289-4420-b102-87061598c92c,8,3.0,,,,8.61,8.34,8.37,12.47,11.39,7.08
2025-12-16T05:53:01.638122,Recipe_C,e493d977-1289-4420-b102-87061598c92c,8,3.0,,,,9.68,12.22,11.71,12.27,13.46,12.79
2025-12-16T05:53:02.638122,Recipe_C,e493d977-1289-4420-b102-87061598c92c,8,3.0,,,,9.22,9.19,13.58,9.94,8.31,14.98
2025-12-16T05:53:03.638122,Recipe_C,e493d977-1289-4420-b102-87061598c92c,8,3.0,,,,9.77,8.05,11.07,11.94,11.61,14.0
2025-12-16T05:53:04.638122,Recipe_C,e493d977-1289-4420-b102-87061598c92c,8,3.0,,,,7.01,9.49,10.58,8.67,10.49,10.37
2025-12-16T05:53:05.638122,Recipe_C,e493d977-1289-4420-b102-87061598c92c,8,3.0,,,,9.94,9.36,9.37,11.43,8.13,9.94
2025-12-16T05:53:06.638122,Recipe_C,e493d977-1289-4420-b102-87061598c92c,8,3.0,,,,8.26,10.88,8.12,8.42,6.4,8.99
2025-12-16T05:53:07.638122,Recipe_C,e493d977-1289-4420-b102-87061598c92c,8,3.0,,,,7.95,9.04,7.81,8.32,5.67,11.01
2025-12-16T05:53:08.638122,Recipe_C,e493d977-1289-4420-b102-87061598c92c,8,3.0,,,,9.28,7.59,6.32,9.74,8.76,9.25
2025-12-16T05:53:09.638122,Recipe_C,e493d977-1289-4420-b102-87061598c92c,8,3.0,,,,9.74,10.22,8.27,7.51,8.42,10.72
2025-12-16T05:53:10.638122,Recipe_C,e493d977-1289-4420-b102-87061598c92c,8,3.0,,,,10.92,11.94,9.45,9.44,11.16,11.85
2025-12-16T05:53:11.638122,Recipe_C,e493d977-1289-4420-b102-87061598c92c,8,3.0,,,,12.12,9.65,11.49,9.54,9.09,9.96
2025-12-16T05:53:12.638122,Recipe_C,e493d977-1289-4420-b102-87061598c92c,8,3.0,,,,10.08,9.69,7.8,12.17,9.5,12.16
2025-12-16T05:53:13.638122,Recipe_C,e493d977-1289-4420-b102-87061598c92c,8,3.0,,,,13.45,8.21,7.66,10.22,4.64,11.39
2025-12-16T05:53:14.638122,Recipe_C,e493d977-1289-4420-b102-87061598c92c,8,3.0,,,,11.91,10.79,8.64,10.71,7.17,8.01
2025-12-16T05:53:15.638122,Recipe_C,e493d977-1289-4420-b102-87061598c92c,8,3.0,,,,14.05,12.27,10.79,9.36,6.57,13.68
2025-12-16T05:53:16.638122,Recipe_C,e493d977-1289-4420-b102-87061598c92c,8,3.0,,,,11.91,7.89,13.65,6.97,8.81,10.36
2025-12-16T05:53:17.638122,Recipe_C,e493d977-1289-4420-b102-87061598c92c,8,3.0,,,,12.36,9.16,12.39,10.37,10.99,7.31
2025-12-16T05:53:18.638122,Recipe_C,e493d977-1289-4420-b102-87061598c92c,8,3.0,,,,6.03,9.82,10.47,8.95,11.69,10.16
2025-12-16T05:53:19.638122,Recipe_C,e493d977-1289-4420-b102-87061598c92c,8,3.0,,,,9.97,11.03,4.98,8.08,11.71,3.4
2025-12-16T05:53:20.638122,Recipe_C,e493d977-1289-4420-b102-87061598c92c,8,3.0,,,,10.11,8.58,6.79,8.72,8.31,11.36
2025-12-16T05:53:21.638122,Recipe_C,e493d977-1289-4420-b102-87061598c92c,8,3.0,,,,7.35,9.5,8.51,9.89,7.4,9.62
2025-12-16T05:53:22.638122,Recipe_C,e493d977-1289-4420-b102-87061598c92c,8,3.0,,,,10.39,8.38,8.61,8.48,9.93,11.13
2025-12-16T05:53:23.638122,Recipe_C,e493d977-1289-4420-b102-87061598c92c,8,3.0,,,,12.39,8.72,11.9,9.14,13.96,10.78
2025-12-16T05:53:24.638122,Recipe_C,e493d977-1289-4420-b102-87061598c92c,8,3.0,,,,8.78,6.33,10.37,10.59,7.19,8.83
2025-12-16T05:53:25.638122,Recipe_C,e493d977-1289-4420-b102-87061598c92c,8,3.0,,,,7.32,15.52,12.39,9.73,7.21,13.7
2025-12-16T05:53:26.638122,Recipe_C,e493d977-1289-4420-b102-87061598c92c,8,3.0,,,,12.21,9.9,9.55,10.7,14.76,11.02
2025-12-16T05:53:27.638122,Recipe_C,e493d977-1289-4420-b102-87061598c92c,8,3.0,,,,10.04,13.92,13.42,11.34,9.24,6.44
2025-12-16T05:53:28.638122,Recipe_C,e493d977-1289-4420-b102-87061598c92c,8,3.0,,,,11.95,12.37,12.48,12.63,8.38,7.73
2025-12-16T05:53:29.638122,Recipe_C,e493d977-1289-4420-b102-87061598c92c,8,3.0,,,,6.84,7.36,5.86,10.98,11.22,11.2
2025-12-16T05:53:30.638122,Recipe_C,e493d977-1289-4420-b102-87061598c92c,8,3.0,,,,12.56,9.43,7.48,9.76,7.28,9.01
2025-12-16T05:53:31.638122,Recipe_C,e493d977-1289-4420-b102-87061598c92c,8,3.0,,,,8.34,9.3,9.46,7.8,10.84,8.92
2025-12-16T05:53:32.638122,Recipe_C,e493d977-1289-4420-b102-87061598c92c,8,3.0,,,,9.41,9.75,8.37,12.61,10.97,8.41
2025-12-16T05:53:33.638122,Recipe_C,e493d977-1289-4420-b102-87061598c92c,8,3.0,,,,6.34,10.38,9.99,11.14,11.03,8.01
2025-12-16T05:53:34.638122,Recipe_C,e493d977-1289-4420-b102-87061598c92c,8,3.0,,,,9.4,10.17,8.51,6.3,8.38,8.97
2025-12-16T05:53:35.638122,Recipe_C,e493d977-1289-4420-b102-87061598c92c,8,3.0,,,,9.31,10.82,8.87,9.97,9.92,13.29
2025-12-16T05:53:36.638122,Recipe_C,e493d977-1289-4420-b102-87061598c92c,8,3.0,,,,10.99,6.02,8.79,12.79,11.53,7.81
2025-12-16T05:53:37.638122,Recipe_C,e493d977-1289-4420-b102-87061598c92c,8,3.0,,,,9.01,6.73,11.38,10.34,12.01,10.97
2025-12-16T05:53:38.638122,Recipe_C,e493d977-1289-4420-b102-87061598c92c,8,3.0,,,,10.6,12.03,11.18,11.03,11.99,10.37
2025-12-16T05:53:39.638122,Recipe_C,e493d977-1289-4420-b102-87061598c92c,8,3.0,,,,8.2,9.39,5.85,8.89,10.2,9.38
2025-12-16T05:53:40.638122,Recipe_C,e493d977-1289-4420-b102-87061598c92c,8,3.0,,,,11.45,9.73,7.24,9.98,12.91,9.06
2025-12-16T05:53:41.638122,Recipe_C,e493d977-1289-4420-b102-87061598c92c,8,3.0,,,,8.1,11.41,7.04,11.54,6.95,10.37
2025-12-16T05:53:42.638122,Recipe_C,e493d977-1289-4420-b102-87061598c92c,8,3.0,,,,9.13,11.23,9.75,9.06,9.56,13.18
2025-12-16T05:53:42.638122,Recipe_C,e493d977-1289-4420-b102-87061598c92c,8,3.0,Warning_3,Simulated Warning occurred,Warning,,,,,,
2025-12-16T05:53:43.638122,Recipe_C,e493d977-1289-4420-b102-87061598c92c,8,3.0,,,,8.15,10.29,13.07,7.27,6.82,7.16
2025-12-16T05:53:44.638122,Recipe_C,e493d977-1289-4420-b102-87061598c92c,8,3.0,,,,10.16,10.1,8.0,11.14,10.06,5.15
2025-12-16T05:53:45.638122,Recipe_C,e493d977-1289-4420-b102-87061598c92c,8,3.0,,,,13.98,8.55,8.64,7.72,6.54,7.65
2025-12-16T05:53:46.638122,Recipe_C,e493d977-1289-4420-b102-87061598c92c,8,3.0,,,,9.47,7.48,11.21,8.55,11.74,11.02
2025-12-16T05:53:47.638122,Recipe_C,e493d977-1289-4420-b102-87061598c92c,8,3.0,,,,8.07,8.12,10.76,10.58,9.54,8.81
2025-12-16T05:53:48.638122,Recipe_C,e493d977-1289-4420-b102-87061598c92c,8,3.0,,,,10.54,9.92,11.88,12.12,12.43,5.78
2025-12-16T05:53:49.638122,Recipe_C,e493d977-1289-4420-b102-87061598c92c,8,3.0,,,,10.45,8.8,10.2,10.54,10.27,11.42
2025-12-16T05:53:50.638122,Recipe_C,e493d977-1289-4420-b102-87061598c92c,8,3.0,,,,8.6,14.09,7.11,11.29,9.53,10.61
2025-12-16T05:53:51.638122,Recipe_C,e493d977-1289-4420-b102-87061598c92c,8,3.0,,,,11.43,12.79,9.98,14.1,7.49,9.57
2025-12-16T05:53:52.638122,Recipe_C,e493d977-1289-4420-b102-87061598c92c,8,4.0,,,,100.34,53.23,53.03,53.2,54.05,55.69
2025-12-16T05:53:53.638122,Recipe_C,e493d977-1289-4420-b102-87061598c92c,8,4.0,,,,90.76,44.88,49.3,52.98,52.52,52.62
2025-12-16T05:53:54.638122,Recipe_C,e493d977-1289-4420-b102-87061598c92c,8,4.0,,,,106.31,52.59,46.87,64.19,57.43,43.0
2025-12-16T05:53:55.638122,Recipe_C,e493d977-1289-4420-b102-87061598c92c,8,4.0,,,,103.7,49.32,54.26,54.65,49.84,52.62
2025-12-16T05:53:56.638122,Recipe_C,e493d977-1289-4420-b102-87061598c92c,8,4.0,,,,99.03,50.53,54.87,57.24,55.85,37.88
2025-12-16T05:53:57.638122,Recipe_C,e493d977-1289-4420-b102-87061598c92c,8,4.0,,,,102.87,56.87,47.73,56.94,47.14,46.53
2025-12-16T05:53:58.638122,Recipe_C,e493d977-1289-4420-b102-87061598c92c,8,4.0,,,,95.72,49.3,58.07,50.49,45.41,51.82
2025-12-16T05:53:59.638122,Recipe_C,e493d977-1289-4420-b102-87061598c92c,8,4.0,,,,99.94,49.72,46.92,55.77,42.68,53.43
2025-12-16T05:54:00.638122,Recipe_C,e493d977-1289-4420-b102-87061598c92c,8,4.0,,,,97.27,52.71,49.64,43.47,47.03,46.64
2025-12-16T05:54:01.638122,Recipe_C,e493d977-1289-4420-b102-87061598c92c,8,4.0,,,,100.37,47.77,49.19,47.19,46.49,51.52
2025-12-16T05:54:02.638122,Recipe_C,e493d977-1289-4420-b102-87061598c92c,8,4.0,,,,101.07,48.69,50.57,46.14,53.03,40.91
2025-12-16T05:54:03.638122,Recipe_C,e493d977-1289-4420-b102-87061598c92c,8,4.0,,,,95.99,48.47,54.17,50.25,56.83,55.52
2025-12-16T05:54:04.638122,Recipe_C,e493d977-1289-4420-b102-87061598c92c,8,5.0,,,,9.39,11.33,10.39,12.97,9.35,10.91
2025-12-16T05:54:05.638122,Recipe_C,e493d977-1289-4420-b102-87061598c92c,8,5.0,,,,11.06,12.24,6.95,8.59,11.58,9.88
2025-12-16T05:54:06.638122,Recipe_C,e493d977-1289-4420-b102-87061598c92c,8,5.0,,,,11.4,13.34,5.95,5.91,8.08,11.05
2025-12-16T05:54:07.638122,Recipe_C,e493d977-1289-4420-b102-87061598c92c,8,5.0,,,,10.22,10.51,8.88,5.64,9.22,9.18
2025-12-16T05:54:08.638122,Recipe_C,e493d977-1289-4420-b102-87061598c92c,8,5.0,,,,10.98,7.07,11.46,10.93,11.81,11.76
2025-12-16T05:54:09.638122,Recipe_C,e493d977-1289-4420-b102-87061598c92c,8,5.0,,,,11.94,10.03,7.88,10.41,12.6,10.9
2025-12-16T05:54:10.638122,Recipe_C,e493d977-1289-4420-b102-87061598c92c,8,5.0,,,,12.18,12.19,11.41,10.53,9.8,10.66
2025-12-16T05:54:11.638122,Recipe_C,e493d977-1289-4420-b102-87061598c92c,8,5.0,,,,11.57,8.48,7.68,8.63,12.17,8.36
2025-12-16T05:54:12.638122,Recipe_C,e493d977-1289-4420-b102-87061598c92c,8,5.0,,,,9.61,8.5,12.16,9.82,9.41,7.59
2025-12-16T05:54:13.638122,Recipe_C,e493d977-1289-4420-b102-87061598c92c,8,5.0,,,,6.86,9.17,9.7,9.01,9.97,5.92
2025-12-16T05:54:14.638122,Recipe_C,e493d977-1289-4420-b102-87061598c92c,8,5.0,,,,10.66,9.94,8.67,8.72,9.11,8.94
2025-12-16T05:54:15.638122,Recipe_C,e493d977-1289-4420-b102-87061598c92c,8,5.0,,,,8.46,13.77,8.28,9.37,11.3,11.73
2025-12-16T05:54:16.638122,Recipe_C,e493d977-1289-4420-b102-87061598c92c,8,5.0,,,,7.74,11.4,10.67,12.56,5.95,8.1
2025-12-16T05:54:17.638122,Recipe_C,e493d977-1289-4420-b102-87061598c92c,8,5.0,,,,9.4,7.99,4.55,12.88,8.98,13.11
2025-12-16T05:54:18.638122,Recipe_C,e493d977-1289-4420-b102-87061598c92c,8,5.0,,,,10.29,12.24,12.09,8.69,11.35,13.84
2025-12-16T05:54:19.638122,Recipe_C,e493d977-1289-4420-b102-87061598c92c,8,5.0,,,,10.72,11.6,5.0,10.42,12.87,14.63
2025-12-16T05:54:20.638122,Recipe_C,e493d977-1289-4420-b102-87061598c92c,8,5.0,,,,9.6,11.94,11.03,5.22,10.27,12.5
2025-12-16T05:54:21.638122,Recipe_C,e493d977-1289-4420-b102-87061598c92c,8,5.0,,,,7.99,8.41,8.96,7.01,9.59,13.11
2025-12-16T05:54:22.638122,Recipe_C,e493d977-1289-4420-b102-87061598c92c,8,5.0,,,,13.04,10.32,12.84,12.54,11.3,9.38
2025-12-16T05:54:23.638122,Recipe_C,e493d977-1289-4420-b102-87061598c92c,8,5.0,,,,12.46,6.33,6.14,12.87,10.85,8.24
2025-12-16T05:54:24.638122,Recipe_C,e493d977-1289-4420-b102-87061598c92c,8,5.0,,,,11.98,9.01,11.02,10.82,7.99,9.17
2025-12-16T05:54:25.638122,Recipe_C,e493d977-1289-4420-b102-87061598c92c,8,5.0,,,,7.09,11.73,12.54,11.74,11.7,10.3
2025-12-16T05:54:26.638122,Recipe_C,e493d977-1289-4420-b102-87061598c92c,8,5.0,,,,10.96,7.23,12.85,11.4,7.62,8.97
2025-12-16T05:54:27.638122,Recipe_C,e493d977-1289-4420-b102-87061598c92c,8,5.0,,,,12.22,7.59,10.11,14.19,10.76,12.48
2025-12-16T05:54:28.638122,Recipe_C,e493d977-1289-4420-b102-87061598c92c,8,5.0,,,,10.47,5.44,11.48,14.39,11.14,9.91
2025-12-16T05:54:29.638122,Recipe_C,e493d977-1289-4420-b102-87061598c92c,8,5.0,,,,7.97,11.63,9.8,7.97,10.14,6.22
2025-12-16T05:54:30.638122,Recipe_C,e493d977-1289-4420-b102-87061598c92c,8,5.0,,,,11.62,9.76,12.4,10.1,14.53,8.06
2025-12-16T05:54:31.638122,Recipe_C,e493d977-1289-4420-b102-87061598c92c,8,5.0,,,,12.08,8.09,10.14,9.61,9.04,7.99
2025-12-16T05:54:32.638122,Recipe_C,e493d977-1289-4420-b102-87061598c92c,8,5.0,,,,9.62,10.45,11.7,8.39,11.26,9.85
2025-12-16T05:54:33.638122,Recipe_C,e493d977-1289-4420-b102-87061598c92c,8,5.0,,,,12.16,8.77,11.23,10.2,11.01,10.47
2025-12-16T05:54:34.638122,Recipe_C,e493d977-1289-4420-b102-87061598c92c,8,5.0,,,,12.37,13.79,9.82,8.29,9.43,9.97
2025-12-16T05:54:35.638122,Recipe_C,e493d977-1289-4420-b102-87061598c92c,8,5.0,,,,12.41,11.53,6.62,9.63,11.3,10.74
2025-12-16T05:54:36.638122,Recipe_C,e493d977-1289-4420-b102-87061598c92c,8,5.0,,,,8.74,7.07,9.8,4.38,8.41,13.41
2025-12-16T05:54:37.638122,Recipe_C,e493d977-1289-4420-b102-87061598c92c,8,5.0,,,,7.53,12.65,8.88,10.86,10.56,8.01
2025-12-16T05:54:38.638122,Recipe_C,e493d977-1289-4420-b102-87061598c92c,8,5.0,,,,13.55,9.44,8.61,9.03,11.24,11.64
2025-12-16T05:54:39.638122,Recipe_C,e493d977-1289-4420-b102-87061598c92c,8,5.0,,,,4.9,8.6,11.52,12.43,10.14,10.4
2025-12-16T05:54:40.638122,Recipe_C,e493d977-1289-4420-b102-87061598c92c,8,5.0,,,,9.1,9.66,8.65,11.95,10.59,11.1
2025-12-16T05:54:41.638122,Recipe_C,e493d977-1289-4420-b102-87061598c92c,8,5.0,,,,8.26,12.56,8.98,9.51,13.59,11.81
2025-12-16T05:54:42.638122,Recipe_C,e493d977-1289-4420-b102-87061598c92c,8,5.0,,,,10.55,9.6,13.76,9.82,6.2,10.07
2025-12-16T05:54:43.638122,Recipe_C,e493d977-1289-4420-b102-87061598c92c,8,5.0,,,,9.18,11.44,10.71,16.42,11.71,9.37
2025-12-16T05:54:44.638122,Recipe_C,e493d977-1289-4420-b102-87061598c92c,8,5.0,,,,6.96,11.31,10.54,12.91,11.51,11.63
2025-12-16T05:54:45.638122,Recipe_C,e493d977-1289-4420-b102-87061598c92c,8,5.0,,,,11.04,7.35,10.02,7.36,8.49,7.19
2025-12-16T05:54:46.638122,Recipe_C,e493d977-1289-4420-b102-87061598c92c,8,5.0,,,,7.75,9.03,8.84,8.3,7.09,10.03
2025-12-16T05:54:47.638122,Recipe_C,e493d977-1289-4420-b102-87061598c92c,8,5.0,,,,7.92,11.82,10.91,7.24,11.64,7.24
2025-12-16T05:54:48.638122,Recipe_C,e493d977-1289-4420-b102-87061598c92c,8,5.0,,,,9.04,10.22,12.07,8.22,11.78,8.31
2025-12-16T05:54:49.638122,Recipe_C,e493d977-1289-4420-b102-87061598c92c,8,5.0,,,,10.26,10.49,7.05,12.46,11.31,10.44
2025-12-16T05:54:50.638122,Recipe_C,e493d977-1289-4420-b102-87061598c92c,8,5.0,,,,13.33,12.72,12.3,13.52,7.7,5.89
2025-12-16T05:54:51.638122,Recipe_C,e493d977-1289-4420-b102-87061598c92c,8,5.0,,,,11.73,8.82,9.7,15.0,11.08,11.1
2025-12-16T05:54:52.638122,Recipe_C,e493d977-1289-4420-b102-87061598c92c,8,5.0,,,,9.76,9.91,9.53,10.99,13.14,9.63
2025-12-16T05:54:53.638122,Recipe_C,e493d977-1289-4420-b102-87061598c92c,8,5.0,,,,8.59,9.67,7.73,7.97,12.59,7.9
2025-12-16T05:54:54.638122,Recipe_C,e493d977-1289-4420-b102-87061598c92c,8,5.0,,,,11.88,9.13,9.93,10.43,7.41,8.61
2025-12-16T05:54:55.638122,Recipe_C,e493d977-1289-4420-b102-87061598c92c,8,5.0,,,,5.48,7.82,7.17,10.66,6.2,10.53
2025-12-16T05:54:56.638122,Recipe_C,e493d977-1289-4420-b102-87061598c92c,8,5.0,,,,9.41,8.0,11.16,10.71,9.04,10.13
2025-12-16T05:54:57.638122,Recipe_C,e493d977-1289-4420-b102-87061598c92c,8,5.0,,,,11.35,11.22,8.22,5.71,10.66,9.25
2025-12-16T05:54:58.638122,Recipe_C,e493d977-1289-4420-b102-87061598c92c,8,5.0,,,,11.51,10.98,9.69,11.42,12.51,11.34
2025-12-16T05:54:59.638122,Recipe_C,e493d977-1289-4420-b102-87061598c92c,8,5.0,,,,12.78,9.47,11.06,9.16,7.56,11.47
2025-12-16T05:55:00.638122,Recipe_C,e493d977-1289-4420-b102-87061598c92c,8,3.0,,,,9.52,8.1,9.87,8.66,9.54,6.76
2025-12-16T05:55:01.638122,Recipe_C,e493d977-1289-4420-b102-87061598c92c,8,3.0,,,,9.76,12.23,9.1,9.15,7.41,10.64
2025-12-16T05:55:02.638122,Recipe_C,e493d977-1289-4420-b102-87061598c92c,8,3.0,,,,13.21,11.0,16.1,11.95,13.47,8.35
2025-12-16T05:55:03.638122,Recipe_C,e493d977-1289-4420-b102-87061598c92c,8,3.0,,,,8.78,8.39,5.32,14.29,10.33,9.42
2025-12-16T05:55:04.638122,Recipe_C,e493d977-1289-4420-b102-87061598c92c,8,3.0,,,,8.46,11.63,7.21,6.62,8.7,11.2
2025-12-16T05:55:04.638122,Recipe_C,e493d977-1289-4420-b102-87061598c92c,8,3.0,Warning_9,Simulated Warning occurred,Warning,,,,,,
2025-12-16T05:55:05.638122,Recipe_C,e493d977-1289-4420-b102-87061598c92c,8,3.0,,,,10.92,10.99,10.67,10.99,9.23,8.2
2025-12-16T05:55:06.638122,Recipe_C,e493d977-1289-4420-b102-87061598c92c,8,3.0,,,,9.6,11.03,9.84,10.07,13.26,13.76
2025-12-16T05:55:07.638122,Recipe_C,e493d977-1289-4420-b102-87061598c92c,8,3.0,,,,8.04,6.91,12.11,10.2,8.39,10.01
2025-12-16T05:55:08.638122,Recipe_C,e493d977-1289-4420-b102-87061598c92c,8,3.0,,,,13.12,14.44,12.09,10.89,11.45,6.79
2025-12-16T05:55:09.638122,Recipe_C,e493d977-1289-4420-b102-87061598c92c,8,3.0,,,,10.34,9.13,10.58,10.83,13.13,6.9
2025-12-16T05:55:10.638122,Recipe_C,e493d977-1289-4420-b102-87061598c92c,8,3.0,,,,7.09,8.59,12.5,9.43,10.39,9.72
2025-12-16T05:55:11.638122,Recipe_C,e493d977-1289-4420-b102-87061598c92c,8,3.0,,,,10.37,11.32,10.73,11.4,9.22,8.34
2025-12-16T05:55:12.638122,Recipe_C,e493d977-1289-4420-b102-87061598c92c,8,3.0,,,,7.55,11.44,7.62,10.07,9.16,7.9
2025-12-16T05:55:13.638122,Recipe_C,e493d977-1289-4420-b102-87061598c92c,8,3.0,,,,9.34,13.95,5.36,9.74,10.18,10.81
2025-12-16T05:55:14.638122,Recipe_C,e493d977-1289-4420-b102-87061598c92c,8,3.0,,,,8.93,8.77,8.67,10.86,11.59,12.12
2025-12-16T05:55:15.638122,Recipe_C,e493d977-1289-4420-b102-87061598c92c,8,3.0,,,,9.2,9.96,11.97,12.81,8.73,7.88
2025-12-16T05:55:16.638122,Recipe_C,e493d977-1289-4420-b102-87061598c92c,8,3.0,,,,10.73,5.67,8.53,9.38,8.77,6.3
2025-12-16T05:55:17.638122,Recipe_C,e493d977-1289-4420-b102-87061598c92c,8,3.0,,,,11.31,11.45,12.31,11.72,10.23,10.04
2025-12-16T05:55:18.638122,Recipe_C,e493d977-1289-4420-b102-87061598c92c,8,3.0,,,,9.21,13.38,8.27,9.45,8.44,5.26
2025-12-16T05:55:19.638122,Recipe_C,e493d977-1289-4420-b102-87061598c92c,8,3.0,,,,9.53,9.26,6.59,9.39,11.71,7.65
2025-12-16T05:55:20.638122,Recipe_C,e493d977-1289-4420-b102-87061598c92c,8,3.0,,,,8.88,9.06,8.98,7.04,9.17,12.32
2025-12-16T05:55:21.638122,Recipe_C,e493d977-1289-4420-b102-87061598c92c,8,3.0,,,,10.27,9.4,7.62,11.59,12.85,9.74
2025-12-16T05:55:22.638122,Recipe_C,e493d977-1289-4420-b102-87061598c92c,8,3.0,,,,7.79,10.22,10.95,11.54,8.18,9.63
2025-12-16T05:55:23.638122,Recipe_C,e493d977-1289-4420-b102-87061598c92c,8,3.0,,,,8.53,11.01,11.48,5.77,8.06,9.72
2025-12-16T05:55:24.638122,Recipe_C,e493d977-1289-4420-b102-87061598c92c,8,3.0,,,,10.59,6.8,10.82,7.46,10.05,11.03
2025-12-16T05:55:25.638122,Recipe_C,e493d977-1289-4420-b102-87061598c92c,8,3.0,,,,11.98,11.47,10.46,6.61,10.09,8.73
2025-12-16T05:55:26.638122,Recipe_C,e493d977-1289-4420-b102-87061598c92c,8,2.0,,,,11.69,8.61,9.13,7.95,14.47,10.9
2025-12-16T05:55:27.638122,Recipe_C,e493d977-1289-4420-b102-87061598c92c,8,2.0,,,,11.32,8.72,7.75,9.69,12.19,6.96
2025-12-16T05:55:28.638122,Recipe_C,e493d977-1289-4420-b102-87061598c92c,8,2.0,,,,9.01,11.23,8.34,10.06,11.5,9.82
2025-12-16T05:55:29.638122,Recipe_C,e493d977-1289-4420-b102-87061598c92c,8,2.0,,,,7.68,8.59,8.72,9.09,10.16,8.92
2025-12-16T05:55:30.638122,Recipe_C,e493d977-1289-4420-b102-87061598c92c,8,2.0,,,,9.24,5.69,12.55,12.92,8.26,14.02
2025-12-16T05:55:31.638122,Recipe_C,e493d977-1289-4420-b102-87061598c92c,8,2.0,,,,9.66,10.31,11.79,9.54,8.58,10.78
2025-12-16T05:55:32.638122,Recipe_C,e493d977-1289-4420-b102-87061598c92c,8,2.0,,,,10.59,10.43,8.82,9.42,8.37,10.8
2025-12-16T05:55:33.638122,Recipe_C,e493d977-1289-4420-b102-87061598c92c,8,2.0,,,,10.58,9.19,10.97,13.65,6.53,9.97
2025-12-16T05:55:34.638122,Recipe_C,e493d977-1289-4420-b102-87061598c92c,8,2.0,,,,7.44,9.65,8.46,13.28,7.24,5.57
2025-12-16T05:55:35.638122,Recipe_C,e493d977-1289-4420-b102-87061598c92c,8,2.0,,,,10.27,9.78,9.58,9.99,6.5,10.26
2025-12-16T05:55:36.638122,Recipe_C,e493d977-1289-4420-b102-87061598c92c,8,2.0,,,,13.77,11.46,9.87,7.27,7.34,10.02
2025-12-16T05:55:37.638122,Recipe_C,e493d977-1289-4420-b102-87061598c92c,8,2.0,,,,9.87,10.66,12.03,12.08,9.12,13.03
2025-12-16T05:55:38.638122,Recipe_C,e493d977-1289-4420-b102-87061598c92c,8,2.0,,,,9.77,6.7,5.87,9.45,11.31,9.15
2025-12-16T05:55:39.638122,Recipe_C,e493d977-1289-4420-b102-87061598c92c,8,2.0,,,,12.41,8.59,9.94,12.43,10.97,10.63
2025-12-16T05:55:40.638122,Recipe_C,e493d977-1289-4420-b102-87061598c92c,8,2.0,,,,6.92,8.74,9.43,12.28,12.95,8.38
2025-12-16T05:55:41.638122,Recipe_C,e493d977-1289-4420-b102-87061598c92c,8,2.0,,,,10.19,11.47,9.6,11.32,11.32,10.61
2025-12-16T05:55:42.638122,Recipe_C,e493d977-1289-4420-b102-87061598c92c,8,2.0,,,,7.84,6.66,8.87,10.47,9.74,11.85
2025-12-16T05:55:43.638122,Recipe_C,e493d977-1289-4420-b102-87061598c92c,8,2.0,,,,10.76,10.16,10.54,7.04,9.62,10.82
2025-12-16T05:55:44.638122,Recipe_C,e493d977-1289-4420-b102-87061598c92c,8,2.0,,,,6.2,8.52,5.42,12.28,8.92,12.49
2025-12-16T05:55:45.638122,Recipe_C,e493d977-1289-4420-b102-87061598c92c,8,2.0,,,,11.46,10.56,5.57,7.07,10.74,10.09
2025-12-16T05:55:46.638122,Recipe_C,e493d977-1289-4420-b102-87061598c92c,8,5.0,,,,9.58,8.89,11.38,10.25,9.16,10.83
2025-12-16T05:55:47.638122,Recipe_C,e493d977-1289-4420-b102-87061598c92c,8,5.0,,,,11.27,6.84,6.76,7.62,9.91,10.18
2025-12-16T05:55:48.638122,Recipe_C,e493d977-1289-4420-b102-87061598c92c,8,5.0,,,,12.09,5.59,9.35,11.41,14.09,10.49
2025-12-16T05:55:49.638122,Recipe_C,e493d977-1289-4420-b102-87061598c92c,8,1.0,,,,7.53,7.0,9.84,8.24,17.85,11.96
2025-12-16T05:55:50.638122,Recipe_C,e493d977-1289-4420-b102-87061598c92c,8,1.0,,,,11.72,8.74,8.73,9.66,8.99,11.03
2025-12-16T05:55:51.638122,Recipe_C,e493d977-1289-4420-b102-87061598c92c,8,1.0,,,,10.59,13.4,8.82,8.52,11.4,12.67
2025-12-16T05:55:52.638122,Recipe_C,e493d977-1289-4420-b102-87061598c92c,8,1.0,,,,10.41,9.66,7.12,9.42,12.19,11.19
2025-12-16T05:55:53.638122,Recipe_C,e493d977-1289-4420-b102-87061598c92c,8,1.0,,,,8.4,11.14,11.72,11.87,11.1,9.14
2025-12-16T05:55:54.638122,Recipe_C,e493d977-1289-4420-b102-87061598c92c,8,1.0,,,,9.33,9.93,7.76,10.22,11.32,10.45
2025-12-16T05:55:55.638122,Recipe_C,e493d977-1289-4420-b102-87061598c92c,8,1.0,,,,5.39,5.83,10.61,9.93,8.84,11.76
2025-12-16T05:55:56.638122,Recipe_C,e493d977-1289-4420-b102-87061598c92c,8,1.0,,,,7.38,9.82,10.18,6.84,13.29,7.69
2025-12-16T05:55:57.638122,Recipe_C,e493d977-1289-4420-b102-87061598c92c,8,1.0,,,,8.09,9.17,7.36,4.27,10.03,10.56
2025-12-16T05:55:58.638122,Recipe_C,e493d977-1289-4420-b102-87061598c92c,8,1.0,,,,11.69,11.61,6.89,9.35,9.85,11.5
2025-12-16T05:55:59.638122,Recipe_C,e493d977-1289-4420-b102-87061598c92c,8,3.0,,,,11.27,8.75,8.49,12.13,6.75,11.42
2025-12-16T05:56:00.638122,Recipe_C,e493d977-1289-4420-b102-87061598c92c,8,3.0,,,,10.18,9.52,4.81,11.54,10.75,10.4
2025-12-16T05:56:01.638122,Recipe_C,e493d977-1289-4420-b102-87061598c92c,8,3.0,,,,10.34,7.26,13.38,11.68,10.22,8.44
2025-12-16T05:56:02.638122,Recipe_C,e493d977-1289-4420-b102-87061598c92c,8,3.0,,,,12.15,7.86,7.3,11.58,6.53,8.94
2025-12-16T05:56:03.638122,Recipe_C,e493d977-1289-4420-b102-87061598c92c,8,3.0,,,,12.69,12.33,7.17,10.81,7.21,12.2
2025-12-16T05:56:04.638122,Recipe_C,e493d977-1289-4420-b102-87061598c92c,8,3.0,,,,9.55,12.15,9.82,9.65,10.87,10.53
2025-12-16T05:56:05.638122,Recipe_C,e493d977-1289-4420-b102-87061598c92c,8,3.0,,,,8.19,10.01,12.73,11.3,11.69,10.15
2025-12-16T05:56:06.638122,Recipe_C,e493d977-1289-4420-b102-87061598c92c,8,3.0,,,,10.87,9.61,10.21,10.53,11.83,13.32
2025-12-16T05:56:07.638122,Recipe_C,e493d977-1289-4420-b102-87061598c92c,8,3.0,,,,7.57,9.35,11.97,9.3,7.56,8.47
2025-12-16T05:56:08.638122,Recipe_C,e493d977-1289-4420-b102-87061598c92c,8,3.0,,,,10.64,9.0,9.8,10.34,8.98,8.24
2025-12-16T05:56:09.638122,Recipe_C,e493d977-1289-4420-b102-87061598c92c,8,3.0,,,,7.64,9.02,9.98,8.38,9.95,8.79
2025-12-16T05:56:10.638122,Recipe_C,e493d977-1289-4420-b102-87061598c92c,8,3.0,,,,10.33,8.32,7.01,9.72,7.62,11.21
2025-12-16T05:56:11.638122,Recipe_C,e493d977-1289-4420-b102-87061598c92c,8,3.0,,,,9.06,6.59,9.4,12.86,10.05,14.33
2025-12-16T05:56:12.638122,Recipe_C,e493d977-1289-4420-b102-87061598c92c,8,3.0,,,,9.53,10.93,9.01,11.79,8.75,11.69
2025-12-16T05:56:13.638122,Recipe_C,e493d977-1289-4420-b102-87061598c92c,8,3.0,,,,13.38,10.99,10.27,12.27,5.55,10.95
2025-12-16T05:56:14.638122,Recipe_C,e493d977-1289-4420-b102-87061598c92c,8,3.0,,,,7.53,8.14,9.44,8.62,11.83,9.98
2025-12-16T05:56:15.638122,Recipe_C,e493d977-1289-4420-b102-87061598c92c,8,3.0,,,,9.71,8.8,10.39,10.43,9.23,11.22
2025-12-16T05:56:16.638122,Recipe_C,e493d977-1289-4420-b102-87061598c92c,8,3.0,,,,5.77,11.96,9.56,12.21,9.69,6.96
2025-12-16T05:56:17.638122,Recipe_C,e493d977-1289-4420-b102-87061598c92c,8,0.0,,,,0.0,0.0,0.0,0.0,0.0,0.0
2025-12-16T05:56:18.638122,Recipe_C,e493d977-1289-4420-b102-87061598c92c,8,3.0,,,,10.67,10.53,8.76,13.71,10.07,12.29
2025-12-16T05:56:19.638122,Recipe_C,e493d977-1289-4420-b102-87061598c92c,8,3.0,,,,11.57,13.4,8.62,8.48,13.24,9.84
2025-12-16T05:56:20.638122,Recipe_C,e493d977-1289-4420-b102-87061598c92c,8,3.0,,,,7.74,9.37,8.84,6.33,9.1,8.9
2025-12-16T05:56:21.638122,Recipe_C,e493d977-1289-4420-b102-87061598c92c,8,3.0,,,,10.06,8.89,6.91,7.1,10.31,10.94
2025-12-16T05:56:22.638122,Recipe_C,e493d977-1289-4420-b102-87061598c92c,8,3.0,,,,7.49,9.08,9.79,11.41,11.89,13.27
2025-12-16T05:56:23.638122,Recipe_C,e493d977-1289-4420-b102-87061598c92c,8,3.0,,,,11.22,8.22,10.73,8.05,6.62,11.23
2025-12-16T05:56:24.638122,Recipe_C,e493d977-1289-4420-b102-87061598c92c,8,3.0,,,,7.86,7.4,13.51,8.66,9.6,11.02
2025-12-16T05:56:25.638122,Recipe_C,e493d977-1289-4420-b102-87061598c92c,8,3.0,,,,10.28,9.25,14.19,10.15,12.0,11.7
2025-12-16T05:56:26.638122,Recipe_C,e493d977-1289-4420-b102-87061598c92c,8,3.0,,,,8.98,11.76,6.5,7.87,8.28,11.76
2025-12-16T05:56:27.638122,Recipe_C,e493d977-1289-4420-b102-87061598c92c,8,5.0,,,,11.83,10.55,10.05,10.19,10.0,8.13
2025-12-16T05:56:28.638122,Recipe_C,e493d977-1289-4420-b102-87061598c92c,8,5.0,,,,11.23,8.54,11.12,12.35,9.4,7.35
2025-12-16T05:56:29.638122,Recipe_C,e493d977-1289-4420-b102-87061598c92c,8,5.0,,,,11.88,8.82,7.79,8.59,8.3,14.07
2025-12-16T05:56:30.638122,Recipe_C,e493d977-1289-4420-b102-87061598c92c,8,5.0,,,,7.23,10.8,9.24,8.04,6.85,8.6
2025-12-16T05:56:31.638122,Recipe_C,e493d977-1289-4420-b102-87061598c92c,8,5.0,,,,5.96,8.96,11.19,10.49,8.58,11.33
2025-12-16T05:56:32.638122,Recipe_C,e493d977-1289-4420-b102-87061598c92c,8,5.0,,,,11.64,8.81,10.57,8.13,11.01,11.92
2025-12-16T05:56:33.638122,Recipe_C,e493d977-1289-4420-b102-87061598c92c,8,5.0,,,,10.41,11.15,10.91,9.82,12.15,8.22
2025-12-16T05:56:34.638122,Recipe_C,e493d977-1289-4420-b102-87061598c92c,8,5.0,,,,10.0,14.8,8.32,7.42,10.52,11.51
2025-12-16T05:56:35.638122,Recipe_C,e493d977-1289-4420-b102-87061598c92c,8,5.0,,,,9.38,6.37,13.12,8.8,12.7,10.29
2025-12-16T05:56:36.638122,Recipe_C,e493d977-1289-4420-b102-87061598c92c,8,5.0,,,,10.57,9.92,11.86,9.94,5.31,6.11
2025-12-16T05:56:37.638122,Recipe_C,e493d977-1289-4420-b102-87061598c92c,8,5.0,,,,10.13,11.05,8.35,9.84,8.32,10.5
2025-12-16T05:56:38.638122,Recipe_C,e493d977-1289-4420-b102-87061598c92c,8,5.0,,,,11.34,9.35,10.59,11.24,4.98,9.88
2025-12-16T05:56:39.638122,Recipe_C,e493d977-1289-4420-b102-87061598c92c,8,5.0,,,,10.91,8.23,10.84,9.57,13.35,9.89
2025-12-16T05:56:40.638122,Recipe_C,e493d977-1289-4420-b102-87061598c92c,8,5.0,,,,10.47,12.23,13.22,12.17,5.62,13.77
2025-12-16T05:56:41.638122,Recipe_C,e493d977-1289-4420-b102-87061598c92c,8,5.0,,,,9.38,12.07,11.46,11.22,14.16,9.7
2025-12-16T05:56:42.638122,Recipe_C,e493d977-1289-4420-b102-87061598c92c,8,5.0,,,,10.93,12.1,12.07,7.01,11.18,10.05
2025-12-16T05:56:43.638122,Recipe_C,e493d977-1289-4420-b102-87061598c92c,8,5.0,,,,11.07,9.88,8.44,9.1,11.35,8.18
2025-12-16T05:56:44.638122,Recipe_C,e493d977-1289-4420-b102-87061598c92c,8,5.0,,,,10.28,11.37,12.09,11.28,8.81,10.9
2025-12-16T05:56:45.638122,Recipe_C,e493d977-1289-4420-b102-87061598c92c,8,5.0,,,,10.58,7.57,12.76,9.09,8.31,10.76
2025-12-16T05:56:46.638122,Recipe_C,e493d977-1289-4420-b102-87061598c92c,8,5.0,,,,9.17,10.24,11.15,10.58,14.16,10.99
2025-12-16T05:56:47.638122,Recipe_C,e493d977-1289-4420-b102-87061598c92c,8,5.0,,,,7.0,9.62,11.41,11.85,10.05,6.32
2025-12-16T05:56:48.638122,Recipe_C,e493d977-1289-4420-b102-87061598c92c,8,5.0,,,,11.2,10.75,6.18,11.58,11.54,9.33
2025-12-16T05:56:49.638122,Recipe_C,e493d977-1289-4420-b102-87061598c92c,8,5.0,,,,10.55,12.96,10.11,9.19,11.59,9.69
2025-12-16T05:56:50.638122,Recipe_C,e493d977-1289-4420-b102-87061598c92c,8,5.0,,,,9.6,7.23,11.58,8.94,10.95,11.71
2025-12-16T05:56:51.638122,Recipe_C,e493d977-1289-4420-b102-87061598c92c,8,5.0,,,,11.38,8.6,7.94,8.94,7.87,11.59
2025-12-16T05:56:52.638122,Recipe_C,e493d977-1289-4420-b102-87061598c92c,8,5.0,,,,9.21,10.05,9.37,10.44,6.67,10.97
2025-12-16T05:56:53.638122,Recipe_C,e493d977-1289-4420-b102-87061598c92c,8,5.0,,,,9.11,4.82,9.13,9.74,7.5,11.88
2025-12-16T05:56:54.638122,Recipe_C,e493d977-1289-4420-b102-87061598c92c,8,5.0,,,,13.44,6.46,8.26,11.56,10.49,10.83
2025-12-16T05:56:55.638122,Recipe_C,e493d977-1289-4420-b102-87061598c92c,8,5.0,,,,6.56,10.83,9.01,9.74,8.79,9.27
2025-12-16T05:56:56.638122,Recipe_C,e493d977-1289-4420-b102-87061598c92c,8,5.0,,,,9.52,11.74,9.19,5.12,7.45,11.32
2025-12-16T05:56:57.638122,Recipe_C,e493d977-1289-4420-b102-87061598c92c,8,5.0,,,,10.16,10.5,8.94,9.99,11.42,10.27
2025-12-16T05:56:58.638122,Recipe_C,e493d977-1289-4420-b102-87061598c92c,8,5.0,,,,12.3,7.57,8.47,8.44,13.75,9.97
2025-12-16T05:56:59.638122,Recipe_C,e493d977-1289-4420-b102-87061598c92c,8,5.0,,,,13.04,8.85,7.0,6.87,6.89,9.16
2025-12-16T05:57:00.638122,Recipe_C,e493d977-1289-4420-b102-87061598c92c,8,5.0,,,,10.44,5.74,8.07,9.41,12.36,9.13
2025-12-16T05:57:01.638122,Recipe_C,e493d977-1289-4420-b102-87061598c92c,8,5.0,,,,10.91,9.39,5.94,8.85,12.54,7.91
2025-12-16T05:57:02.638122,Recipe_C,e493d977-1289-4420-b102-87061598c92c,8,5.0,,,,8.5,8.38,7.71,13.48,16.0,10.84
2025-12-16T05:57:03.638122,Recipe_C,e493d977-1289-4420-b102-87061598c92c,8,5.0,,,,12.33,9.95,7.75,10.62,10.78,13.72
2025-12-16T05:57:04.638122,Recipe_C,e493d977-1289-4420-b102-87061598c92c,8,5.0,,,,8.97,10.09,8.45,8.11,10.45,9.63
2025-12-16T05:57:05.638122,Recipe_C,e493d977-1289-4420-b102-87061598c92c,8,5.0,,,,7.16,14.32,7.84,12.62,12.03,10.85
2025-12-16T05:57:06.638122,Recipe_C,e493d977-1289-4420-b102-87061598c92c,8,5.0,,,,8.4,11.66,10.8,11.79,11.15,11.34
2025-12-16T05:57:07.638122,Recipe_C,e493d977-1289-4420-b102-87061598c92c,8,5.0,,,,8.45,10.63,14.88,8.79,8.34,8.04
2025-12-16T05:57:08.638122,Recipe_C,e493d977-1289-4420-b102-87061598c92c,8,5.0,,,,8.42,7.98,8.21,12.67,9.7,7.88
2025-12-16T05:57:09.638122,Recipe_C,e493d977-1289-4420-b102-87061598c92c,8,5.0,,,,10.69,9.44,9.57,8.64,8.8,6.86
2025-12-16T05:57:10.638122,Recipe_C,e493d977-1289-4420-b102-87061598c92c,8,5.0,,,,10.06,12.48,7.08,8.47,9.24,8.93
2025-12-16T05:57:11.638122,Recipe_C,e493d977-1289-4420-b102-87061598c92c,8,5.0,,,,8.94,12.05,9.86,12.38,10.18,11.96
2025-12-16T05:57:12.638122,Recipe_C,e493d977-1289-4420-b102-87061598c92c,8,5.0,,,,9.08,11.79,11.45,9.51,8.2,10.34
2025-12-16T05:57:13.638122,Recipe_C,e493d977-1289-4420-b102-87061598c92c,8,5.0,,,,7.46,7.17,13.81,7.96,12.94,10.4
2025-12-16T05:57:14.638122,Recipe_C,e493d977-1289-4420-b102-87061598c92c,8,5.0,,,,9.23,7.9,10.0,12.89,10.07,7.02
2025-12-16T05:57:15.638122,Recipe_C,e493d977-1289-4420-b102-87061598c92c,8,5.0,,,,6.47,10.18,10.08,11.49,11.58,8.93
2025-12-16T05:57:16.638122,Recipe_C,e493d977-1289-4420-b102-87061598c92c,8,5.0,,,,10.08,8.84,10.87,10.13,11.11,12.32
2025-12-16T05:57:17.638122,Recipe_C,e493d977-1289-4420-b102-87061598c92c,8,5.0,,,,13.1,12.08,10.09,13.89,10.06,7.98
2025-12-16T05:57:18.638122,Recipe_C,e493d977-1289-4420-b102-87061598c92c,8,5.0,,,,10.37,12.98,9.13,10.85,11.31,11.46
2025-12-16T05:57:19.638122,Recipe_C,e493d977-1289-4420-b102-87061598c92c,8,5.0,,,,9.51,10.21,13.18,11.69,8.81,7.89
2025-12-16T05:57:20.638122,Recipe_C,e493d977-1289-4420-b102-87061598c92c,8,5.0,,,,15.43,14.44,10.77,13.48,9.27,10.43
2025-12-16T05:57:21.638122,Recipe_C,e493d977-1289-4420-b102-87061598c92c,8,5.0,,,,13.45,10.39,9.96,7.11,9.87,10.58
2025-12-16T05:57:22.638122,Recipe_C,e493d977-1289-4420-b102-87061598c92c,8,0.0,,,,0.0,0.0,0.0,0.0,0.0,0.0
2025-12-16T05:57:23.638122,Recipe_C,e493d977-1289-4420-b102-87061598c92c,8,0.0,,,,0.0,0.0,0.0,0.0,0.0,0.0
2025-12-16T05:57:24.638122,Recipe_C,e493d977-1289-4420-b102-87061598c92c,8,0.0,,,,0.0,0.0,0.0,0.0,0.0,0.0
2025-12-16T05:57:25.638122,Recipe_C,e493d977-1289-4420-b102-87061598c92c,8,0.0,,,,0.0,0.0,0.0,0.0,0.0,0.0
2025-12-16T05:57:26.638122,Recipe_C,e493d977-1289-4420-b102-87061598c92c,8,0.0,,,,0.0,0.0,0.0,0.0,0.0,0.0
2025-12-16T05:57:27.638122,Recipe_C,e493d977-1289-4420-b102-87061598c92c,8,0.0,,,,0.0,0.0,0.0,0.0,0.0,0.0
2025-12-16T05:57:28.638122,Recipe_C,e493d977-1289-4420-b102-87061598c92c,8,0.0,,,,0.0,0.0,0.0,0.0,0.0,0.0
2025-12-16T05:57:29.638122,Recipe_C,e493d977-1289-4420-b102-87061598c92c,8,0.0,,,,0.0,0.0,0.0,0.0,0.0,0.0
2025-12-16T05:57:30.638122,Recipe_C,e493d977-1289-4420-b102-87061598c92c,8,0.0,,,,0.0,0.0,0.0,0.0,0.0,0.0
2025-12-16T05:57:31.638122,Recipe_C,e493d977-1289-4420-b102-87061598c92c,8,0.0,,,,0.0,0.0,0.0,0.0,0.0,0.0
2025-12-16T05:57:32.638122,Recipe_C,e493d977-1289-4420-b102-87061598c92c,8,0.0,,,,0.0,0.0,0.0,0.0,0.0,0.0
2025-12-16T05:57:33.638122,Recipe_C,e493d977-1289-4420-b102-87061598c92c,8,0.0,,,,0.0,0.0,0.0,0.0,0.0,0.0
2025-12-16T05:57:34.638122,Recipe_C,e493d977-1289-4420-b102-87061598c92c,8,0.0,,,,0.0,0.0,0.0,0.0,0.0,0.0
2025-12-16T05:57:35.638122,Recipe_C,e493d977-1289-4420-b102-87061598c92c,8,0.0,,,,0.0,0.0,0.0,0.0,0.0,0.0
2025-12-16T05:57:36.638122,Recipe_C,e493d977-1289-4420-b102-87061598c92c,8,0.0,,,,0.0,0.0,0.0,0.0,0.0,0.0
2025-12-16T05:57:37.638122,Recipe_C,e493d977-1289-4420-b102-87061598c92c,8,0.0,,,,0.0,0.0,0.0,0.0,0.0,0.0
2025-12-16T05:57:38.638122,Recipe_C,e493d977-1289-4420-b102-87061598c92c,8,0.0,,,,0.0,0.0,0.0,0.0,0.0,0.0
2025-12-16T05:57:39.638122,Recipe_C,e493d977-1289-4420-b102-87061598c92c,8,0.0,,,,0.0,0.0,0.0,0.0,0.0,0.0
2025-12-16T05:57:40.638122,Recipe_C,e493d977-1289-4420-b102-87061598c92c,8,0.0,,,,0.0,0.0,0.0,0.0,0.0,0.0
2025-12-16T05:57:41.638122,Recipe_C,e493d977-1289-4420-b102-87061598c92c,8,0.0,,,,0.0,0.0,0.0,0.0,0.0,0.0
2025-12-16T05:57:42.638122,Recipe_C,e493d977-1289-4420-b102-87061598c92c,8,0.0,,,,0.0,0.0,0.0,0.0,0.0,0.0
2025-12-16T05:57:43.638122,Recipe_C,e493d977-1289-4420-b102-87061598c92c,8,0.0,,,,0.0,0.0,0.0,0.0,0.0,0.0
2025-12-16T05:57:44.638122,Recipe_C,e493d977-1289-4420-b102-87061598c92c,8,0.0,,,,0.0,0.0,0.0,0.0,0.0,0.0
2025-12-16T05:57:45.638122,Recipe_C,e493d977-1289-4420-b102-87061598c92c,8,0.0,,,,0.0,0.0,0.0,0.0,0.0,0.0
2025-12-16T05:57:46.638122,Recipe_C,e493d977-1289-4420-b102-87061598c92c,8,0.0,,,,0.0,0.0,0.0,0.0,0.0,0.0
2025-12-16T05:57:47.638122,Recipe_C,e493d977-1289-4420-b102-87061598c92c,8,0.0,,,,0.0,0.0,0.0,0.0,0.0,0.0
2025-12-16T05:57:48.638122,Recipe_C,e493d977-1289-4420-b102-87061598c92c,8,0.0,,,,0.0,0.0,0.0,0.0,0.0,0.0
2025-12-16T05:57:49.638122,Recipe_C,e493d977-1289-4420-b102-87061598c92c,8,3.0,,,,9.93,8.07,12.97,8.91,14.17,9.76
2025-12-16T05:57:50.638122,Recipe_C,e493d977-1289-4420-b102-87061598c92c,8,4.0,,,,94.29,53.67,58.04,46.67,57.7,58.39
2025-12-16T05:57:51.638122,Recipe_C,e493d977-1289-4420-b102-87061598c92c,8,4.0,,,,102.09,48.31,48.39,55.67,37.28,47.71
2025-12-16T05:57:52.638122,Recipe_C,e493d977-1289-4420-b102-87061598c92c,8,4.0,,,,91.05,49.85,44.83,47.89,55.3,46.2
2025-12-16T05:57:53.638122,Recipe_C,e493d977-1289-4420-b102-87061598c92c,8,4.0,,,,99.52,52.44,50.23,50.47,54.66,45.32
2025-12-16T05:57:54.638122,Recipe_C,e493d977-1289-4420-b102-87061598c92c,8,4.0,,,,88.71,47.25,51.39,50.9,50.76,50.78
2025-12-16T05:57:55.638122,Recipe_C,e493d977-1289-4420-b102-87061598c92c,8,4.0,,,,92.51,57.15,45.84,50.14,54.12,53.39
2025-12-16T05:57:56.638122,Recipe_C,e493d977-1289-4420-b102-87061598c92c,8,4.0,,,,96.56,47.17,52.79,50.55,56.97,54.61
2025-12-16T05:57:57.638122,Recipe_C,e493d977-1289-4420-b102-87061598c92c,8,4.0,,,,101.02,43.49,47.95,48.36,54.85,50.12
2025-12-16T05:57:58.638122,Recipe_C,e493d977-1289-4420-b102-87061598c92c,8,4.0,,,,105.04,46.6,54.69,52.82,47.32,46.47
2025-12-16T05:57:59.638122,Recipe_C,e493d977-1289-4420-b102-87061598c92c,8,4.0,,,,96.88,42.65,58.01,51.77,49.84,56.99
2025-12-16T05:58:00.638122,Recipe_C,e493d977-1289-4420-b102-87061598c92c,8,4.0,,,,95.65,57.04,49.09,45.88,44.39,51.57
2025-12-16T05:58:01.638122,Recipe_C,e493d977-1289-4420-b102-87061598c92c,8,4.0,,,,95.68,42.15,46.59,48.57,46.92,48.93
2025-12-16T05:58:02.638122,Recipe_C,e493d977-1289-4420-b102-87061598c92c,8,4.0,,,,110.86,47.23,62.51,49.87,41.23,51.09
2025-12-16T05:58:03.638122,Recipe_C,e493d977-1289-4420-b102-87061598c92c,8,4.0,,,,95.64,53.03,52.64,55.29,52.46,41.71
2025-12-16T05:58:04.638122,Recipe_C,e493d977-1289-4420-b102-87061598c92c,8,4.0,,,,96.62,48.68,53.04,52.13,45.17,49.29
2025-12-16T05:58:05.638122,Recipe_C,e493d977-1289-4420-b102-87061598c92c,8,4.0,,,,103.38,53.07,54.86,47.71,49.29,40.99
2025-12-16T05:58:06.638122,Recipe_C,e493d977-1289-4420-b102-87061598c92c,8,4.0,,,,103.11,54.83,49.58,52.91,49.2,53.99
2025-12-16T05:58:07.638122,Recipe_C,e493d977-1289-4420-b102-87061598c92c,8,4.0,,,,97.0,48.71,52.87,57.59,57.06,41.93
2025-12-16T05:58:08.638122,Recipe_C,e493d977-1289-4420-b102-87061598c92c,8,4.0,,,,94.47,46.12,52.99,47.46,50.79,53.55
2025-12-16T05:58:09.638122,Recipe_C,e493d977-1289-4420-b102-87061598c92c,8,4.0,,,,98.33,50.94,44.57,47.16,50.17,53.12
2025-12-16T05:58:10.638122,Recipe_C,e493d977-1289-4420-b102-87061598c92c,8,4.0,,,,99.01,46.0,57.38,48.82,50.32,50.66
2025-12-16T05:58:11.638122,Recipe_C,e493d977-1289-4420-b102-87061598c92c,8,4.0,,,,99.44,43.65,52.64,45.46,47.4,45.97
2025-12-16T05:58:12.638122,Recipe_C,e493d977-1289-4420-b102-87061598c92c,8,4.0,,,,110.7,47.77,50.26,50.07,49.7,45.08
2025-12-16T05:58:13.638122,Recipe_C,e493d977-1289-4420-b102-87061598c92c,8,4.0,,,,102.56,47.15,52.42,58.55,49.94,37.62
2025-12-16T05:58:14.638122,Recipe_C,e493d977-1289-4420-b102-87061598c92c,8,4.0,,,,100.64,49.88,50.41,50.41,51.14,57.15
2025-12-16T05:58:15.638122,Recipe_C,e493d977-1289-4420-b102-87061598c92c,8,4.0,,,,103.96,36.25,45.17,48.85,42.06,54.92
2025-12-16T05:58:16.638122,Recipe_C,e493d977-1289-4420-b102-87061598c92c,8,4.0,,,,93.66,53.64,51.81,49.8,52.28,49.46
2025-12-16T05:58:17.638122,Recipe_C,e493d977-1289-4420-b102-87061598c92c,8,4.0,,,,91.29,55.36,62.29,50.96,48.46,53.95
2025-12-16T05:58:18.638122,Recipe_C,e493d977-1289-4420-b102-87061598c92c,8,4.0,,,,96.07,45.06,52.47,46.33,51.04,55.5
2025-12-16T05:58:19.638122,Recipe_C,e493d977-1289-4420-b102-87061598c92c,8,4.0,,,,108.38,40.66,50.25,52.14,44.63,52.28
2025-12-16T05:58:20.638122,Recipe_C,e493d977-1289-4420-b102-87061598c92c,8,4.0,,,,100.76,41.41,52.79,57.57,48.93,47.58
2025-12-16T05:58:21.638122,Recipe_C,e493d977-1289-4420-b102-87061598c92c,8,4.0,,,,102.77,58.04,48.59,54.26,54.11,55.21
2025-12-16T05:58:22.638122,Recipe_C,e493d977-1289-4420-b102-87061598c92c,8,4.0,,,,101.66,57.39,46.95,49.56,51.38,41.58
2025-12-16T05:58:23.638122,Recipe_C,e493d977-1289-4420-b102-87061598c92c,8,4.0,,,,113.77,56.63,51.12,44.98,48.63,46.69
2025-12-16T05:58:24.638122,Recipe_C,e493d977-1289-4420-b102-87061598c92c,8,4.0,,,,99.07,45.92,43.86,51.92,47.16,51.8
2025-12-16T05:58:25.638122,Recipe_C,e493d977-1289-4420-b102-87061598c92c,8,4.0,,,,110.67,50.76,55.23,53.47,50.66,48.02
2025-12-16T05:58:26.638122,Recipe_C,e493d977-1289-4420-b102-87061598c92c,8,4.0,,,,97.41,53.05,56.13,52.14,57.16,56.55
2025-12-16T05:58:27.638122,Recipe_C,e493d977-1289-4420-b102-87061598c92c,8,4.0,,,,100.38,48.73,50.92,54.63,42.64,44.77
2025-12-16T05:58:28.638122,Recipe_C,e493d977-1289-4420-b102-87061598c92c,8,2.0,,,,12.91,13.03,10.32,8.27,11.14,12.15
2025-12-16T05:58:29.638122,Recipe_C,e493d977-1289-4420-b102-87061598c92c,8,2.0,,,,8.16,9.5,12.68,12.34,10.34,12.13
2025-12-16T05:58:30.638122,Recipe_C,e493d977-1289-4420-b102-87061598c92c,8,2.0,,,,10.67,11.38,10.48,3.92,11.28,11.04
2025-12-16T05:58:31.638122,Recipe_C,e493d977-1289-4420-b102-87061598c92c,8,2.0,,,,11.59,12.21,8.97,11.82,9.58,9.72
2025-12-16T05:58:32.638122,Recipe_C,e493d977-1289-4420-b102-87061598c92c,8,2.0,,,,5.82,7.2,10.16,9.28,9.47,10.37
2025-12-16T05:58:33.638122,Recipe_C,e493d977-1289-4420-b102-87061598c92c,8,2.0,,,,7.31,11.51,7.83,10.45,10.96,8.9
2025-12-16T05:58:34.638122,Recipe_C,e493d977-1289-4420-b102-87061598c92c,8,2.0,,,,9.87,8.28,7.66,8.07,13.18,12.66
2025-12-16T05:58:35.638122,Recipe_C,e493d977-1289-4420-b102-87061598c92c,8,2.0,,,,10.95,8.88,8.1,9.03,9.93,8.76
2025-12-16T05:58:36.638122,Recipe_C,e493d977-1289-4420-b102-87061598c92c,8,2.0,,,,10.77,11.48,9.8,9.17,13.38,13.12
2025-12-16T05:58:37.638122,Recipe_C,e493d977-1289-4420-b102-87061598c92c,8,2.0,,,,9.87,8.74,7.35,11.4,11.27,10.63
2025-12-16T05:58:38.638122,Recipe_C,e493d977-1289-4420-b102-87061598c92c,8,2.0,,,,9.43,14.59,11.78,11.43,9.69,12.32
2025-12-16T05:58:39.638122,Recipe_C,e493d977-1289-4420-b102-87061598c92c,8,2.0,,,,9.3,11.53,9.88,8.04,9.35,11.23
2025-12-16T05:58:40.638122,Recipe_C,e493d977-1289-4420-b102-87061598c92c,8,2.0,,,,10.19,12.08,12.03,7.9,8.58,10.63
2025-12-16T05:58:41.638122,Recipe_C,e493d977-1289-4420-b102-87061598c92c,8,2.0,,,,9.94,12.59,9.78,12.99,9.61,11.9
2025-12-16T05:58:42.638122,Recipe_C,e493d977-1289-4420-b102-87061598c92c,8,2.0,,,,13.09,9.9,10.39,9.95,9.35,12.35
2025-12-16T05:58:43.638122,Recipe_C,e493d977-1289-4420-b102-87061598c92c,8,2.0,,,,10.55,11.44,8.43,7.94,5.27,7.92
2025-12-16T05:58:44.638122,Recipe_C,e493d977-1289-4420-b102-87061598c92c,8,2.0,,,,9.62,7.51,8.91,10.9,9.26,7.76
2025-12-16T05:58:45.638122,Recipe_C,e493d977-1289-4420-b102-87061598c92c,8,2.0,,,,10.45,7.55,12.74,8.63,10.61,10.14
2025-12-16T05:58:46.638122,Recipe_C,e493d977-1289-4420-b102-87061598c92c,8,2.0,,,,10.29,9.94,11.77,5.96,9.4,9.94
2025-12-16T05:58:47.638122,Recipe_C,e493d977-1289-4420-b102-87061598c92c,8,2.0,,,,9.22,7.93,8.74,9.82,7.24,13.02
2025-12-16T05:58:48.638122,Recipe_C,e493d977-1289-4420-b102-87061598c92c,8,2.0,,,,11.01,9.26,8.41,6.7,10.4,10.31
2025-12-16T05:58:49.638122,Recipe_C,e493d977-1289-4420-b102-87061598c92c,8,2.0,,,,9.06,12.78,7.68,9.12,12.77,7.64
2025-12-16T05:58:50.638122,Recipe_C,e493d977-1289-4420-b102-87061598c92c,8,2.0,,,,10.11,13.94,8.78,6.41,8.92,15.01
2025-12-16T05:58:51.638122,Recipe_C,e493d977-1289-4420-b102-87061598c92c,8,2.0,,,,10.57,10.36,12.53,7.88,8.07,9.02
2025-12-16T05:58:52.638122,Recipe_C,e493d977-1289-4420-b102-87061598c92c,8,2.0,,,,7.82,11.79,14.78,7.66,15.33,11.67
2025-12-16T05:58:53.638122,Recipe_C,e493d977-1289-4420-b102-87061598c92c,8,2.0,,,,10.95,11.42,14.49,10.74,7.41,11.48
2025-12-16T05:58:54.638122,Recipe_C,e493d977-1289-4420-b102-87061598c92c,8,2.0,,,,9.22,12.56,9.64,11.09,9.53,9.63
2025-12-16T05:58:55.638122,Recipe_C,e493d977-1289-4420-b102-87061598c92c,8,2.0,,,,9.84,7.76,9.99,9.0,7.47,10.24
2025-12-16T05:58:56.638122,Recipe_C,e493d977-1289-4420-b102-87061598c92c,8,2.0,,,,9.45,6.55,10.69,7.59,8.97,4.96
2025-12-16T05:58:57.638122,Recipe_C,e493d977-1289-4420-b102-87061598c92c,8,2.0,,,,10.89,9.57,9.56,8.75,7.24,11.7
2025-12-16T05:58:58.638122,Recipe_C,e493d977-1289-4420-b102-87061598c92c,8,2.0,,,,11.71,7.33,9.8,10.28,7.27,7.45
2025-12-16T05:58:59.638122,Recipe_C,e493d977-1289-4420-b102-87061598c92c,8,2.0,,,,8.59,11.47,12.63,13.22,11.55,8.45
2025-12-16T05:59:00.638122,Recipe_C,e493d977-1289-4420-b102-87061598c92c,8,3.0,,,,10.52,9.38,7.91,9.98,14.47,10.59
2025-12-16T05:59:01.638122,Recipe_C,e493d977-1289-4420-b102-87061598c92c,8,3.0,,,,6.96,7.3,12.42,10.99,13.01,7.96
2025-12-16T05:59:02.638122,Recipe_C,e493d977-1289-4420-b102-87061598c92c,8,3.0,,,,12.29,12.68,13.54,10.14,9.96,8.81
2025-12-16T05:59:03.638122,Recipe_C,e493d977-1289-4420-b102-87061598c92c,8,3.0,,,,8.34,13.05,14.67,11.29,12.87,9.37
2025-12-16T05:59:04.638122,Recipe_C,e493d977-1289-4420-b102-87061598c92c,8,3.0,,,,9.71,14.26,9.04,11.02,10.31,14.62
2025-12-16T05:59:05.638122,Recipe_C,e493d977-1289-4420-b102-87061598c92c,8,3.0,,,,9.07,10.39,9.75,9.55,12.63,6.2
2025-12-16T05:59:06.638122,Recipe_C,e493d977-1289-4420-b102-87061598c92c,8,3.0,,,,10.51,11.5,12.18,6.21,10.39,4.82
2025-12-16T05:59:07.638122,Recipe_C,e493d977-1289-4420-b102-87061598c92c,8,0.0,,,,0.0,0.0,0.0,0.0,0.0,0.0
2025-12-16T05:59:08.638122,Recipe_C,e493d977-1289-4420-b102-87061598c92c,8,0.0,,,,0.0,0.0,0.0,0.0,0.0,0.0
2025-12-16T05:59:09.638122,Recipe_C,e493d977-1289-4420-b102-87061598c92c,8,0.0,,,,0.0,0.0,0.0,0.0,0.0,0.0
2025-12-16T05:59:10.638122,Recipe_C,e493d977-1289-4420-b102-87061598c92c,8,0.0,,,,0.0,0.0,0.0,0.0,0.0,0.0
2025-12-16T05:59:11.638122,Recipe_C,e493d977-1289-4420-b102-87061598c92c,8,0.0,,,,0.0,0.0,0.0,0.0,0.0,0.0
2025-12-16T05:59:12.638122,Recipe_C,e493d977-1289-4420-b102-87061598c92c,8,0.0,,,,0.0,0.0,0.0,0.0,0.0,0.0
2025-12-16T05:59:13.638122,Recipe_C,e493d977-1289-4420-b102-87061598c92c,8,0.0,,,,0.0,0.0,0.0,0.0,0.0,0.0
2025-12-16T05:59:14.638122,Recipe_C,e493d977-1289-4420-b102-87061598c92c,8,0.0,,,,0.0,0.0,0.0,0.0,0.0,0.0
2025-12-16T05:59:15.638122,Recipe_C,e493d977-1289-4420-b102-87061598c92c,8,0.0,,,,0.0,0.0,0.0,0.0,0.0,0.0
2025-12-16T05:59:16.638122,Recipe_C,e493d977-1289-4420-b102-87061598c92c,8,0.0,,,,0.0,0.0,0.0,0.0,0.0,0.0
2025-12-16T05:59:17.638122,Recipe_C,e493d977-1289-4420-b102-87061598c92c,8,0.0,,,,0.0,0.0,0.0,0.0,0.0,0.0
2025-12-16T05:59:18.638122,Recipe_C,e493d977-1289-4420-b102-87061598c92c,8,0.0,,,,0.0,0.0,0.0,0.0,0.0,0.0
2025-12-16T05:59:19.638122,Recipe_C,e493d977-1289-4420-b102-87061598c92c,8,0.0,,,,0.0,0.0,0.0,0.0,0.0,0.0
2025-12-16T05:59:20.638122,Recipe_C,e493d977-1289-4420-b102-87061598c92c,8,0.0,,,,0.0,0.0,0.0,0.0,0.0,0.0
2025-12-16T05:59:21.638122,Recipe_C,e493d977-1289-4420-b102-87061598c92c,8,0.0,,,,0.0,0.0,0.0,0.0,0.0,0.0
2025-12-16T05:59:22.638122,Recipe_C,e493d977-1289-4420-b102-87061598c92c,8,0.0,,,,0.0,0.0,0.0,0.0,0.0,0.0
2025-12-16T05:59:23.638122,Recipe_C,e493d977-1289-4420-b102-87061598c92c,8,0.0,,,,0.0,0.0,0.0,0.0,0.0,0.0
2025-12-16T05:59:24.638122,Recipe_C,e493d977-1289-4420-b102-87061598c92c,8,0.0,,,,0.0,0.0,0.0,0.0,0.0,0.0
2025-12-16T05:59:25.638122,Recipe_C,e493d977-1289-4420-b102-87061598c92c,8,0.0,,,,0.0,0.0,0.0,0.0,0.0,0.0
2025-12-16T05:59:26.638122,Recipe_C,e493d977-1289-4420-b102-87061598c92c,8,0.0,,,,0.0,0.0,0.0,0.0,0.0,0.0
2025-12-16T05:59:27.638122,Recipe_C,e493d977-1289-4420-b102-87061598c92c,8,0.0,,,,0.0,0.0,0.0,0.0,0.0,0.0
2025-12-16T05:59:28.638122,Recipe_C,e493d977-1289-4420-b102-87061598c92c,8,0.0,,,,0.0,0.0,0.0,0.0,0.0,0.0
2025-12-16T05:59:29.638122,Recipe_C,e493d977-1289-4420-b102-87061598c92c,8,0.0,,,,0.0,0.0,0.0,0.0,0.0,0.0
2025-12-16T05:59:30.638122,Recipe_C,e493d977-1289-4420-b102-87061598c92c,8,0.0,,,,0.0,0.0,0.0,0.0,0.0,0.0
2025-12-16T05:59:31.638122,Recipe_C,e493d977-1289-4420-b102-87061598c92c,8,0.0,,,,0.0,0.0,0.0,0.0,0.0,0.0
2025-12-16T05:59:32.638122,Recipe_C,e493d977-1289-4420-b102-87061598c92c,8,0.0,,,,0.0,0.0,0.0,0.0,0.0,0.0
2025-12-16T05:59:33.638122,Recipe_C,e493d977-1289-4420-b102-87061598c92c,8,0.0,,,,0.0,0.0,0.0,0.0,0.0,0.0
2025-12-16T05:59:34.638122,Recipe_C,e493d977-1289-4420-b102-87061598c92c,8,0.0,,,,0.0,0.0,0.0,0.0,0.0,0.0
2025-12-16T05:59:35.638122,Recipe_C,e493d977-1289-4420-b102-87061598c92c,8,0.0,,,,0.0,0.0,0.0,0.0,0.0,0.0
2025-12-16T05:59:36.638122,Recipe_C,e493d977-1289-4420-b102-87061598c92c,8,0.0,,,,0.0,0.0,0.0,0.0,0.0,0.0
2025-12-16T05:59:37.638122,Recipe_C,e493d977-1289-4420-b102-87061598c92c,8,0.0,,,,0.0,0.0,0.0,0.0,0.0,0.0
2025-12-16T05:59:38.638122,Recipe_C,e493d977-1289-4420-b102-87061598c92c,8,0.0,,,,0.0,0.0,0.0,0.0,0.0,0.0
2025-12-16T05:59:39.638122,Recipe_C,e493d977-1289-4420-b102-87061598c92c,8,0.0,,,,0.0,0.0,0.0,0.0,0.0,0.0
2025-12-16T05:59:40.638122,Recipe_C,e493d977-1289-4420-b102-87061598c92c,8,0.0,,,,0.0,0.0,0.0,0.0,0.0,0.0
2025-12-16T05:59:41.638122,Recipe_C,e493d977-1289-4420-b102-87061598c92c,8,0.0,,,,0.0,0.0,0.0,0.0,0.0,0.0
2025-12-16T05:59:42.638122,Recipe_C,e493d977-1289-4420-b102-87061598c92c,8,0.0,,,,0.0,0.0,0.0,0.0,0.0,0.0
2025-12-16T05:59:43.638122,Recipe_C,e493d977-1289-4420-b102-87061598c92c,8,0.0,,,,0.0,0.0,0.0,0.0,0.0,0.0
2025-12-16T05:59:44.638122,Recipe_C,e493d977-1289-4420-b102-87061598c92c,8,0.0,,,,0.0,0.0,0.0,0.0,0.0,0.0
2025-12-16T05:59:45.638122,Recipe_C,e493d977-1289-4420-b102-87061598c92c,8,0.0,,,,0.0,0.0,0.0,0.0,0.0,0.0
2025-12-16T05:59:46.638122,Recipe_C,e493d977-1289-4420-b102-87061598c92c,8,0.0,,,,0.0,0.0,0.0,0.0,0.0,0.0
2025-12-16T05:59:47.638122,Recipe_C,e493d977-1289-4420-b102-87061598c92c,8,0.0,,,,0.0,0.0,0.0,0.0,0.0,0.0
2025-12-16T05:59:48.638122,Recipe_C,e493d977-1289-4420-b102-87061598c92c,8,0.0,,,,0.0,0.0,0.0,0.0,0.0,0.0
2025-12-16T05:59:49.638122,Recipe_C,e493d977-1289-4420-b102-87061598c92c,8,0.0,,,,0.0,0.0,0.0,0.0,0.0,0.0
2025-12-16T05:59:50.638122,Recipe_C,e493d977-1289-4420-b102-87061598c92c,8,0.0,,,,0.0,0.0,0.0,0.0,0.0,0.0
2025-12-16T05:59:51.638122,Recipe_C,e493d977-1289-4420-b102-87061598c92c,8,0.0,,,,0.0,0.0,0.0,0.0,0.0,0.0
2025-12-16T05:59:52.638122,Recipe_C,e493d977-1289-4420-b102-87061598c92c,8,0.0,,,,0.0,0.0,0.0,0.0,0.0,0.0
2025-12-16T05:59:53.638122,Recipe_C,e493d977-1289-4420-b102-87061598c92c,8,0.0,,,,0.0,0.0,0.0,0.0,0.0,0.0
2025-12-16T05:59:54.638122,Recipe_C,e493d977-1289-4420-b102-87061598c92c,8,0.0,,,,0.0,0.0,0.0,0.0,0.0,0.0
2025-12-16T05:59:55.638122,Recipe_C,e493d977-1289-4420-b102-87061598c92c,8,0.0,,,,0.0,0.0,0.0,0.0,0.0,0.0
2025-12-16T05:59:56.638122,Recipe_C,e493d977-1289-4420-b102-87061598c92c,8,0.0,,,,0.0,0.0,0.0,0.0,0.0,0.0
2025-12-16T05:59:57.638122,Recipe_C,e493d977-1289-4420-b102-87061598c92c,8,0.0,,,,0.0,0.0,0.0,0.0,0.0,0.0
2025-12-16T05:59:58.638122,Recipe_C,e493d977-1289-4420-b102-87061598c92c,8,0.0,,,,0.0,0.0,0.0,0.0,0.0,0.0
2025-12-16T05:59:59.638122,Recipe_C,e493d977-1289-4420-b102-87061598c92c,8,0.0,,,,0.0,0.0,0.0,0.0,0.0,0.0
2025-12-16T06:00:00.638122,Recipe_C,e493d977-1289-4420-b102-87061598c92c,8,0.0,,,,0.0,0.0,0.0,0.0,0.0,0.0
2025-12-16T06:00:01.638122,Recipe_C,e493d977-1289-4420-b102-87061598c92c,8,0.0,,,,0.0,0.0,0.0,0.0,0.0,0.0
2025-12-16T06:00:02.638122,Recipe_C,e493d977-1289-4420-b102-87061598c92c,8,0.0,,,,0.0,0.0,0.0,0.0,0.0,0.0
2025-12-16T06:00:03.638122,Recipe_C,e493d977-1289-4420-b102-87061598c92c,8,1.0,,,,10.28,11.47,11.08,8.11,11.11,11.46
2025-12-16T06:00:04.638122,Recipe_C,e493d977-1289-4420-b102-87061598c92c,8,1.0,,,,10.06,8.9,11.18,9.84,12.17,9.29
2025-12-16T06:00:05.638122,Recipe_C,e493d977-1289-4420-b102-87061598c92c,8,1.0,,,,9.22,12.45,11.53,11.67,12.13,9.75
2025-12-16T06:00:06.638122,Recipe_C,e493d977-1289-4420-b102-87061598c92c,8,1.0,,,,12.76,10.23,10.81,5.38,8.18,8.03
2025-12-16T06:00:07.638122,Recipe_C,e493d977-1289-4420-b102-87061598c92c,8,1.0,,,,11.12,10.5,7.71,12.01,10.22,8.34
2025-12-16T06:00:08.638122,Recipe_C,e493d977-1289-4420-b102-87061598c92c,8,1.0,,,,9.19,10.07,14.22,9.75,12.52,8.17
2025-12-16T06:00:09.638122,Recipe_C,e493d977-1289-4420-b102-87061598c92c,8,1.0,,,,10.84,9.08,11.42,12.99,6.44,9.33
2025-12-16T06:00:10.638122,Recipe_C,e493d977-1289-4420-b102-87061598c92c,8,1.0,,,,9.56,9.01,9.98,10.07,8.19,12.11
2025-12-16T06:00:11.638122,Recipe_C,e493d977-1289-4420-b102-87061598c92c,8,1.0,,,,8.04,7.13,4.73,9.63,11.81,9.16
2025-12-16T06:00:12.638122,Recipe_C,e493d977-1289-4420-b102-87061598c92c,8,1.0,,,,8.91,7.41,9.85,12.28,13.06,10.0
2025-12-16T06:00:13.638122,Recipe_C,e493d977-1289-4420-b102-87061598c92c,8,1.0,,,,9.28,13.29,12.06,11.44,11.33,12.64
2025-12-16T06:00:14.638122,Recipe_C,e493d977-1289-4420-b102-87061598c92c,8,1.0,,,,8.52,11.87,4.16,7.96,10.66,7.42
2025-12-16T06:00:15.638122,Recipe_C,e493d977-1289-4420-b102-87061598c92c,8,1.0,,,,12.73,8.55,4.69,9.4,7.4,9.88
2025-12-16T06:00:16.638122,Recipe_C,e493d977-1289-4420-b102-87061598c92c,8,1.0,,,,8.01,10.21,11.29,11.48,9.3,10.62
2025-12-16T06:00:17.638122,Recipe_C,e493d977-1289-4420-b102-87061598c92c,8,1.0,,,,10.18,9.85,9.44,7.23,9.36,10.6
2025-12-16T06:00:18.638122,Recipe_C,e493d977-1289-4420-b102-87061598c92c,8,1.0,,,,12.66,9.44,9.56,12.07,8.86,7.85
2025-12-16T06:00:19.638122,Recipe_C,e493d977-1289-4420-b102-87061598c92c,8,1.0,,,,13.64,10.72,9.23,9.89,4.5,10.89
2025-12-16T06:00:20.638122,Recipe_C,e493d977-1289-4420-b102-87061598c92c,8,1.0,,,,8.31,7.23,9.9,12.51,10.33,10.87
2025-12-16T06:00:21.638122,Recipe_C,e493d977-1289-4420-b102-87061598c92c,8,1.0,,,,13.73,11.06,9.72,9.68,12.12,9.35
2025-12-16T06:00:22.638122,Recipe_C,e493d977-1289-4420-b102-87061598c92c,8,1.0,,,,13.29,10.9,11.57,11.35,10.36,9.68
2025-12-16T06:00:23.638122,Recipe_C,e493d977-1289-4420-b102-87061598c92c,8,1.0,,,,9.64,13.57,7.29,10.51,7.1,10.21
2025-12-16T06:00:24.638122,Recipe_C,e493d977-1289-4420-b102-87061598c92c,8,1.0,,,,6.45,9.99,12.29,10.57,9.65,10.51
2025-12-16T06:00:25.638122,Recipe_C,e493d977-1289-4420-b102-87061598c92c,8,1.0,,,,11.17,11.44,12.69,10.63,10.5,8.85
2025-12-16T06:00:26.638122,Recipe_C,e493d977-1289-4420-b102-87061598c92c,8,1.0,,,,14.41,8.1,10.97,8.23,8.26,9.01
2025-12-16T06:00:27.638122,Recipe_C,e493d977-1289-4420-b102-87061598c92c,8,1.0,,,,9.81,10.14,8.75,12.89,12.03,13.26
2025-12-16T06:00:28.638122,Recipe_C,e493d977-1289-4420-b102-87061598c92c,8,1.0,,,,9.22,9.81,9.37,10.05,12.81,10.2
2025-12-16T06:00:29.638122,Recipe_C,e493d977-1289-4420-b102-87061598c92c,8,1.0,,,,8.91,9.96,9.86,11.7,9.75,11.77
2025-12-16T06:00:30.638122,Recipe_C,e493d977-1289-4420-b102-87061598c92c,8,1.0,,,,8.75,8.73,7.35,10.55,12.86,12.3
2025-12-16T06:00:31.638122,Recipe_C,e493d977-1289-4420-b102-87061598c92c,8,1.0,,,,10.54,8.86,10.12,10.4,9.52,9.88
2025-12-16T06:00:32.638122,Recipe_C,e493d977-1289-4420-b102-87061598c92c,8,2.0,,,,10.83,10.71,11.0,8.91,8.6,5.98
2025-12-16T06:00:33.638122,Recipe_C,e493d977-1289-4420-b102-87061598c92c,8,2.0,,,,12.1,11.55,5.9,11.42,8.11,9.33
2025-12-16T06:00:34.638122,Recipe_C,e493d977-1289-4420-b102-87061598c92c,8,2.0,,,,9.66,9.79,10.47,6.6,10.56,8.77
2025-12-16T06:00:35.638122,Recipe_C,e493d977-1289-4420-b102-87061598c92c,8,2.0,,,,8.35,17.5,7.92,13.28,8.87,15.07
2025-12-16T06:00:36.638122,Recipe_C,e493d977-1289-4420-b102-87061598c92c,8,2.0,,,,11.02,14.55,8.42,12.36,10.05,12.14
2025-12-16T06:00:37.638122,Recipe_C,e493d977-1289-4420-b102-87061598c92c,8,2.0,,,,10.72,12.09,8.9,10.88,10.54,11.32
2025-12-16T06:00:38.638122,Recipe_C,e493d977-1289-4420-b102-87061598c92c,8,2.0,,,,11.94,9.81,8.77,7.45,7.17,7.22
2025-12-16T06:00:39.638122,Recipe_C,e493d977-1289-4420-b102-87061598c92c,8,2.0,,,,12.48,11.07,14.66,10.11,11.29,8.47
2025-12-16T06:00:40.638122,Recipe_C,e493d977-1289-4420-b102-87061598c92c,8,2.0,,,,13.22,10.62,9.84,8.56,10.33,9.08
2025-12-16T06:00:41.638122,Recipe_C,e493d977-1289-4420-b102-87061598c92c,8,2.0,,,,12.23,9.73,8.79,10.91,8.36,9.54
2025-12-16T06:00:42.638122,Recipe_C,e493d977-1289-4420-b102-87061598c92c,8,4.0,,,,99.91,54.8,50.25,38.35,49.29,49.95
2025-12-16T06:00:43.638122,Recipe_C,e493d977-1289-4420-b102-87061598c92c,8,2.0,,,,10.37,13.56,8.63,12.18,12.73,10.75
2025-12-16T06:00:44.638122,Recipe_C,e493d977-1289-4420-b102-87061598c92c,8,2.0,,,,7.9,7.74,10.12,11.75,9.69,11.77
2025-12-16T06:00:45.638122,Recipe_C,e493d977-1289-4420-b102-87061598c92c,8,2.0,,,,12.29,9.68,11.41,10.61,6.69,12.11
2025-12-16T06:00:46.638122,Recipe_C,e493d977-1289-4420-b102-87061598c92c,8,2.0,,,,10.65,11.02,7.24,8.24,10.59,9.19
2025-12-16T06:00:47.638122,Recipe_C,e493d977-1289-4420-b102-87061598c92c,8,2.0,,,,8.06,10.39,6.86,10.23,7.48,5.58
2025-12-16T06:00:48.638122,Recipe_C,e493d977-1289-4420-b102-87061598c92c,8,2.0,,,,14.2,9.31,8.31,10.36,8.32,10.57
2025-12-16T06:00:49.638122,Recipe_C,e493d977-1289-4420-b102-87061598c92c,8,2.0,,,,7.72,10.22,9.73,8.8,8.26,11.68
2025-12-16T06:00:50.638122,Recipe_C,e493d977-1289-4420-b102-87061598c92c,8,2.0,,,,7.88,7.01,7.46,10.3,10.09,12.63
2025-12-16T06:00:51.638122,Recipe_C,e493d977-1289-4420-b102-87061598c92c,8,2.0,,,,12.54,7.72,9.95,10.18,10.81,9.98
2025-12-16T06:00:52.638122,Recipe_C,e493d977-1289-4420-b102-87061598c92c,8,2.0,,,,10.98,6.42,11.01,6.08,9.57,8.88
2025-12-16T06:00:53.638122,Recipe_C,e493d977-1289-4420-b102-87061598c92c,8,2.0,,,,7.65,14.95,11.11,9.74,7.11,10.94
2025-12-16T06:00:54.638122,Recipe_C,e493d977-1289-4420-b102-87061598c92c,8,0.0,,,,0.0,0.0,0.0,0.0,0.0,0.0
2025-12-16T06:00:55.638122,Recipe_C,e493d977-1289-4420-b102-87061598c92c,8,0.0,,,,0.0,0.0,0.0,0.0,0.0,0.0
2025-12-16T06:00:56.638122,Recipe_C,e493d977-1289-4420-b102-87061598c92c,8,0.0,,,,0.0,0.0,0.0,0.0,0.0,0.0
2025-12-16T06:00:57.638122,Recipe_C,e493d977-1289-4420-b102-87061598c92c,8,4.0,,,,112.51,56.11,58.27,41.34,51.09,48.17
2025-12-16T06:00:58.638122,Recipe_C,e493d977-1289-4420-b102-87061598c92c,8,4.0,,,,91.83,47.76,55.13,53.75,43.19,50.14
2025-12-16T06:00:59.638122,Recipe_C,e493d977-1289-4420-b102-87061598c92c,8,4.0,,,,91.95,41.49,54.7,47.57,48.61,42.58
2025-12-16T06:01:00.638122,Recipe_C,e493d977-1289-4420-b102-87061598c92c,8,2.0,,,,9.27,13.93,7.34,12.92,12.97,10.16
2025-12-16T06:01:01.638122,Recipe_C,e493d977-1289-4420-b102-87061598c92c,8,2.0,,,,9.74,8.42,13.76,12.16,8.87,7.34
2025-12-16T06:01:02.638122,Recipe_C,e493d977-1289-4420-b102-87061598c92c,8,2.0,,,,11.75,12.38,4.21,10.61,11.37,10.21
2025-12-16T06:01:03.638122,Recipe_C,e493d977-1289-4420-b102-87061598c92c,8,2.0,,,,9.32,12.75,12.39,10.5,9.33,8.5
2025-12-16T06:01:04.638122,Recipe_C,e493d977-1289-4420-b102-87061598c92c,8,2.0,,,,11.7,8.84,7.37,8.28,8.77,10.33
2025-12-16T06:01:05.638122,Recipe_C,e493d977-1289-4420-b102-87061598c92c,8,2.0,,,,10.48,8.3,9.74,13.04,9.37,9.24
2025-12-16T06:01:06.638122,Recipe_C,e493d977-1289-4420-b102-87061598c92c,8,2.0,,,,10.95,11.71,11.23,7.84,9.55,12.91
2025-12-16T06:01:07.638122,Recipe_C,e493d977-1289-4420-b102-87061598c92c,8,2.0,,,,5.29,9.4,14.16,8.39,14.4,12.93
2025-12-16T06:01:08.638122,Recipe_C,e493d977-1289-4420-b102-87061598c92c,8,2.0,,,,7.68,10.52,9.61,11.6,10.29,8.8
2025-12-16T06:01:09.638122,Recipe_C,e493d977-1289-4420-b102-87061598c92c,8,2.0,,,,7.7,11.12,11.99,7.54,10.81,10.72
2025-12-16T06:01:10.638122,Recipe_C,e493d977-1289-4420-b102-87061598c92c,8,2.0,,,,6.99,11.01,10.86,7.91,6.05,8.21
2025-12-16T06:01:11.638122,Recipe_C,e493d977-1289-4420-b102-87061598c92c,8,2.0,,,,8.66,10.46,11.03,6.55,13.15,13.45
2025-12-16T06:01:12.638122,Recipe_C,e493d977-1289-4420-b102-87061598c92c,8,2.0,,,,13.11,11.2,11.42,13.32,7.14,11.67
2025-12-16T06:01:13.638122,Recipe_C,e493d977-1289-4420-b102-87061598c92c,8,2.0,,,,11.84,9.95,8.0,8.78,6.94,9.33
2025-12-16T06:01:14.638122,Recipe_C,e493d977-1289-4420-b102-87061598c92c,8,2.0,,,,4.2,6.98,4.88,11.73,11.18,12.67
2025-12-16T06:01:15.638122,Recipe_C,e493d977-1289-4420-b102-87061598c92c,8,2.0,,,,7.43,11.22,8.42,10.12,9.57,8.97
2025-12-16T06:01:16.638122,Recipe_C,e493d977-1289-4420-b102-87061598c92c,8,2.0,,,,13.24,9.23,10.77,9.03,8.52,7.87
2025-12-16T06:01:17.638122,Recipe_C,e493d977-1289-4420-b102-87061598c92c,8,2.0,,,,10.47,8.07,9.15,11.62,12.79,12.1
2025-12-16T06:01:18.638122,Recipe_C,e493d977-1289-4420-b102-87061598c92c,8,2.0,,,,8.6,6.18,12.01,12.0,9.92,8.3
2025-12-16T06:01:19.638122,Recipe_C,e493d977-1289-4420-b102-87061598c92c,8,2.0,,,,12.34,8.78,6.21,8.98,11.81,10.11
2025-12-16T06:01:20.638122,Recipe_C,e493d977-1289-4420-b102-87061598c92c,8,2.0,,,,12.84,9.01,10.04,11.18,4.22,10.33
2025-12-16T06:01:21.638122,Recipe_C,e493d977-1289-4420-b102-87061598c92c,8,2.0,,,,9.81,9.58,8.61,10.61,11.0,11.41
2025-12-16T06:01:22.638122,Recipe_C,e493d977-1289-4420-b102-87061598c92c,8,2.0,,,,8.49,9.09,9.52,10.01,8.65,8.84
2025-12-16T06:01:23.638122,Recipe_C,e493d977-1289-4420-b102-87061598c92c,8,2.0,,,,11.5,10.6,12.6,9.79,10.55,13.11
2025-12-16T06:01:24.638122,Recipe_C,e493d977-1289-4420-b102-87061598c92c,8,2.0,,,,11.31,9.22,13.39,11.85,10.97,8.5
2025-12-16T06:01:25.638122,Recipe_C,e493d977-1289-4420-b102-87061598c92c,8,2.0,,,,13.14,10.38,9.78,8.23,12.0,9.08
2025-12-16T06:01:26.638122,Recipe_C,e493d977-1289-4420-b102-87061598c92c,8,2.0,,,,8.81,10.02,7.62,9.05,11.0,12.06
2025-12-16T06:01:27.638122,Recipe_C,e493d977-1289-4420-b102-87061598c92c,8,2.0,,,,8.66,11.99,9.11,6.86,11.68,9.93
2025-12-16T06:01:28.638122,Recipe_C,e493d977-1289-4420-b102-87061598c92c,8,2.0,,,,11.44,11.54,10.46,11.17,10.78,10.21
2025-12-16T06:01:29.638122,Recipe_C,e493d977-1289-4420-b102-87061598c92c,8,2.0,,,,9.38,8.26,7.42,3.98,7.2,9.46
2025-12-16T06:01:30.638122,Recipe_C,e493d977-1289-4420-b102-87061598c92c,8,2.0,,,,11.51,9.74,10.67,11.79,8.18,9.33
2025-12-16T06:01:31.638122,Recipe_C,e493d977-1289-4420-b102-87061598c92c,8,2.0,,,,10.63,11.58,10.86,10.91,9.69,12.39
2025-12-16T06:01:32.638122,Recipe_C,e493d977-1289-4420-b102-87061598c92c,8,2.0,,,,13.22,11.56,9.35,10.6,11.4,11.03
2025-12-16T06:01:33.638122,Recipe_C,e493d977-1289-4420-b102-87061598c92c,8,2.0,,,,7.42,11.16,10.37,7.03,12.17,11.98
2025-12-16T06:01:34.638122,Recipe_C,e493d977-1289-4420-b102-87061598c92c,8,2.0,,,,8.31,8.9,12.01,10.9,10.24,8.17
2025-12-16T06:01:35.638122,Recipe_C,e493d977-1289-4420-b102-87061598c92c,8,2.0,,,,11.51,11.16,10.18,9.83,11.15,8.59
2025-12-16T06:01:36.638122,Recipe_C,e493d977-1289-4420-b102-87061598c92c,8,2.0,,,,9.87,14.62,10.83,10.74,13.0,12.87
2025-12-16T06:01:37.638122,Recipe_C,e493d977-1289-4420-b102-87061598c92c,8,2.0,,,,10.86,10.15,10.82,10.98,9.48,9.81
2025-12-16T06:01:38.638122,Recipe_C,e493d977-1289-4420-b102-87061598c92c,8,2.0,,,,10.55,11.51,6.54,7.82,12.66,11.75
2025-12-16T06:01:39.638122,Recipe_C,e493d977-1289-4420-b102-87061598c92c,8,2.0,,,,11.17,7.91,11.43,9.12,9.39,8.58
2025-12-16T06:01:40.638122,Recipe_C,e493d977-1289-4420-b102-87061598c92c,8,2.0,,,,9.25,8.63,8.81,11.48,13.59,8.11
2025-12-16T06:01:41.638122,Recipe_C,e493d977-1289-4420-b102-87061598c92c,8,2.0,,,,6.95,7.85,8.26,11.31,12.72,7.82
2025-12-16T06:01:42.638122,Recipe_C,e493d977-1289-4420-b102-87061598c92c,8,2.0,,,,7.46,11.26,9.7,10.35,10.08,10.29
2025-12-16T06:01:43.638122,Recipe_C,e493d977-1289-4420-b102-87061598c92c,8,2.0,,,,10.72,9.41,9.0,10.41,7.19,10.93
2025-12-16T06:01:44.638122,Recipe_C,e493d977-1289-4420-b102-87061598c92c,8,1.0,,,,11.04,11.47,9.5,13.23,7.09,10.99
2025-12-16T06:01:45.638122,Recipe_C,e493d977-1289-4420-b102-87061598c92c,8,1.0,,,,10.11,8.55,8.78,11.54,11.66,12.57
2025-12-16T06:01:46.638122,Recipe_C,e493d977-1289-4420-b102-87061598c92c,8,1.0,,,,9.37,11.27,10.75,12.21,7.96,10.22
2025-12-16T06:01:47.638122,Recipe_C,e493d977-1289-4420-b102-87061598c92c,8,1.0,,,,12.02,11.37,13.07,13.68,8.78,8.9
2025-12-16T06:01:48.638122,Recipe_C,e493d977-1289-4420-b102-87061598c92c,8,1.0,,,,12.93,6.57,13.91,7.35,8.7,11.04
2025-12-16T06:01:49.638122,Recipe_C,e493d977-1289-4420-b102-87061598c92c,8,1.0,,,,9.17,6.67,7.48,9.62,10.17,14.04
2025-12-16T06:01:50.638122,Recipe_C,e493d977-1289-4420-b102-87061598c92c,8,1.0,,,,12.62,8.39,12.59,10.39,11.26,9.25
2025-12-16T06:01:50.638122,Recipe_C,e493d977-1289-4420-b102-87061598c92c,8,1.0,Warning_4,Simulated Warning occurred,Warning,,,,,,
2025-12-16T06:01:51.638122,Recipe_C,e493d977-1289-4420-b102-87061598c92c,8,1.0,,,,9.21,8.79,6.77,10.75,11.97,7.71
2025-12-16T06:01:52.638122,Recipe_C,e493d977-1289-4420-b102-87061598c92c,8,1.0,,,,5.22,9.94,8.49,5.9,8.04,9.33
2025-12-16T06:01:53.638122,Recipe_C,e493d977-1289-4420-b102-87061598c92c,8,1.0,,,,12.02,10.74,9.75,11.56,14.12,5.23
2025-12-16T06:01:54.638122,Recipe_C,e493d977-1289-4420-b102-87061598c92c,8,1.0,,,,10.59,8.18,11.42,11.67,13.95,10.17
2025-12-16T06:01:55.638122,Recipe_C,e493d977-1289-4420-b102-87061598c92c,8,1.0,,,,9.48,11.69,10.31,11.28,7.37,10.66
2025-12-16T06:01:56.638122,Recipe_C,e493d977-1289-4420-b102-87061598c92c,8,1.0,,,,11.21,9.45,10.17,7.69,13.76,10.9
2025-12-16T06:01:57.638122,Recipe_C,e493d977-1289-4420-b102-87061598c92c,8,1.0,,,,11.69,6.78,8.93,10.92,8.89,9.9
2025-12-16T06:01:58.638122,Recipe_C,e493d977-1289-4420-b102-87061598c92c,8,1.0,,,,6.27,7.52,9.4,11.04,8.29,10.74
2025-12-16T06:01:59.638122,Recipe_C,e493d977-1289-4420-b102-87061598c92c,8,1.0,,,,7.44,11.3,7.04,11.49,8.41,7.92
2025-12-16T06:02:00.638122,Recipe_C,e493d977-1289-4420-b102-87061598c92c,8,1.0,,,,9.3,13.77,10.76,7.72,8.15,11.63
2025-12-16T06:02:00.638122,Recipe_C,e493d977-1289-4420-b102-87061598c92c,8,1.0,Warning_10,Simulated Warning occurred,Warning,,,,,,
2025-12-16T06:02:01.638122,Recipe_C,e493d977-1289-4420-b102-87061598c92c,8,1.0,,,,12.84,11.76,9.07,6.99,8.75,10.39
2025-12-16T06:02:02.638122,Recipe_C,e493d977-1289-4420-b102-87061598c92c,8,1.0,,,,13.29,9.44,7.12,11.17,8.32,8.74
2025-12-16T06:02:03.638122,Recipe_C,e493d977-1289-4420-b102-87061598c92c,8,1.0,,,,7.06,9.49,9.65,10.34,10.58,9.56
2025-12-16T06:02:04.638122,Recipe_C,e493d977-1289-4420-b102-87061598c92c,8,1.0,,,,10.82,9.96,11.43,9.47,6.52,13.9
2025-12-16T06:02:05.638122,Recipe_C,e493d977-1289-4420-b102-87061598c92c,8,1.0,,,,15.28,11.55,9.75,10.54,10.62,10.89
2025-12-16T06:02:06.638122,Recipe_C,e493d977-1289-4420-b102-87061598c92c,8,1.0,,,,9.65,7.09,9.63,8.57,10.32,8.42
2025-12-16T06:02:07.638122,Recipe_C,e493d977-1289-4420-b102-87061598c92c,8,1.0,,,,7.97,8.58,11.98,8.84,10.28,10.08
2025-12-16T06:02:08.638122,Recipe_C,e493d977-1289-4420-b102-87061598c92c,8,1.0,,,,13.25,9.19,7.68,7.12,10.44,9.42
2025-12-16T06:02:09.638122,Recipe_C,e493d977-1289-4420-b102-87061598c92c,8,1.0,,,,5.62,11.74,10.23,7.73,11.08,9.94
2025-12-16T06:02:10.638122,Recipe_C,e493d977-1289-4420-b102-87061598c92c,8,1.0,,,,10.65,10.92,8.52,9.96,9.29,14.12
2025-12-16T06:02:11.638122,Recipe_C,e493d977-1289-4420-b102-87061598c92c,8,1.0,,,,8.86,9.78,11.87,9.3,8.05,13.48
2025-12-16T06:02:12.638122,Recipe_C,e493d977-1289-4420-b102-87061598c92c,8,1.0,,,,11.13,13.63,6.14,11.8,12.87,10.28
2025-12-16T06:02:13.638122,Recipe_C,e493d977-1289-4420-b102-87061598c92c,8,1.0,,,,10.7,11.69,10.87,8.08,9.34,12.75
2025-12-16T06:02:14.638122,Recipe_C,e493d977-1289-4420-b102-87061598c92c,8,1.0,,,,10.63,10.65,8.33,11.8,7.99,7.34
2025-12-16T06:02:15.638122,Recipe_C,e493d977-1289-4420-b102-87061598c92c,8,1.0,,,,9.04,11.94,7.75,8.59,9.45,10.45
2025-12-16T06:02:16.638122,Recipe_C,e493d977-1289-4420-b102-87061598c92c,8,1.0,,,,10.82,11.41,8.67,10.72,8.17,2.52
2025-12-16T06:02:17.638122,Recipe_C,e493d977-1289-4420-b102-87061598c92c,8,1.0,,,,9.78,10.79,9.5,8.12,6.59,7.98
2025-12-16T06:02:18.638122,Recipe_C,e493d977-1289-4420-b102-87061598c92c,8,1.0,,,,5.7,10.82,12.59,10.01,7.66,8.48
2025-12-16T06:02:19.638122,Recipe_C,e493d977-1289-4420-b102-87061598c92c,8,1.0,,,,13.03,8.71,10.21,9.67,11.68,13.62
2025-12-16T06:02:20.638122,Recipe_C,e493d977-1289-4420-b102-87061598c92c,8,1.0,,,,10.7,10.18,8.94,12.74,8.73,11.59
2025-12-16T06:02:21.638122,Recipe_C,e493d977-1289-4420-b102-87061598c92c,8,1.0,,,,9.73,11.36,11.87,9.68,9.69,10.24
2025-12-16T06:02:22.638122,Recipe_C,e493d977-1289-4420-b102-87061598c92c,8,1.0,,,,8.42,6.1,10.7,11.51,9.64,8.0
2025-12-16T06:02:23.638122,Recipe_C,e493d977-1289-4420-b102-87061598c92c,8,1.0,,,,7.66,10.56,10.99,5.91,9.6,12.12
2025-12-16T06:02:24.638122,Recipe_C,e493d977-1289-4420-b102-87061598c92c,8,1.0,,,,10.96,5.19,10.61,8.6,11.31,9.68
2025-12-16T06:02:25.638122,Recipe_C,e493d977-1289-4420-b102-87061598c92c,8,1.0,,,,9.42,12.23,11.08,12.05,12.31,10.64
2025-12-16T06:02:26.638122,Recipe_C,e493d977-1289-4420-b102-87061598c92c,8,1.0,,,,9.26,12.32,11.78,7.53,10.02,9.02
2025-12-16T06:02:27.638122,Recipe_C,e493d977-1289-4420-b102-87061598c92c,8,1.0,,,,12.86,10.05,10.7,11.84,7.36,4.87
2025-12-16T06:02:28.638122,Recipe_C,e493d977-1289-4420-b102-87061598c92c,8,1.0,,,,9.13,10.03,6.74,12.26,7.32,5.6
2025-12-16T06:02:29.638122,Recipe_C,e493d977-1289-4420-b102-87061598c92c,8,1.0,,,,9.47,12.44,9.84,10.92,7.6,9.91
2025-12-16T06:02:30.638122,Recipe_C,e493d977-1289-4420-b102-87061598c92c,8,1.0,,,,7.01,7.99,9.26,8.51,9.64,9.69
2025-12-16T06:02:31.638122,Recipe_C,e493d977-1289-4420-b102-87061598c92c,8,1.0,,,,14.45,11.72,11.38,9.34,6.56,12.79
2025-12-16T06:02:32.638122,Recipe_C,e493d977-1289-4420-b102-87061598c92c,8,1.0,,,,8.26,8.82,7.83,8.76,9.54,11.41
2025-12-16T06:02:33.638122,Recipe_C,e493d977-1289-4420-b102-87061598c92c,8,1.0,,,,12.41,11.61,7.84,13.8,8.32,9.66
2025-12-16T06:02:34.638122,Recipe_C,e493d977-1289-4420-b102-87061598c92c,8,1.0,,,,5.08,8.02,9.97,11.75,8.37,8.88
2025-12-16T06:02:35.638122,Recipe_C,e493d977-1289-4420-b102-87061598c92c,8,1.0,,,,7.29,8.84,9.65,11.74,6.84,9.01
2025-12-16T06:02:36.638122,Recipe_C,e493d977-1289-4420-b102-87061598c92c,8,1.0,,,,7.35,10.52,8.81,12.16,12.37,11.55
2025-12-16T06:02:37.638122,Recipe_C,e493d977-1289-4420-b102-87061598c92c,8,1.0,,,,7.77,11.29,12.45,9.01,9.46,8.42
2025-12-16T06:02:38.638122,Recipe_C,e493d977-1289-4420-b102-87061598c92c,8,1.0,,,,11.19,7.46,9.95,10.27,10.44,11.09
2025-12-16T06:02:39.638122,Recipe_C,e493d977-1289-4420-b102-87061598c92c,8,1.0,,,,8.87,12.92,8.92,12.82,10.83,6.85
2025-12-16T06:02:40.638122,Recipe_C,e493d977-1289-4420-b102-87061598c92c,8,1.0,,,,7.28,10.03,12.23,10.97,10.15,10.47
2025-12-16T06:02:41.638122,Recipe_C,e493d977-1289-4420-b102-87061598c92c,8,1.0,,,,10.75,9.97,13.41,8.33,13.07,11.26
2025-12-16T06:02:42.638122,Recipe_C,e493d977-1289-4420-b102-87061598c92c,8,1.0,,,,12.77,6.39,8.55,11.9,8.78,9.4
2025-12-16T06:02:43.638122,Recipe_C,e493d977-1289-4420-b102-87061598c92c,8,1.0,,,,12.09,11.23,11.6,7.37,7.0,6.55
2025-12-16T06:02:44.638122,Recipe_C,e493d977-1289-4420-b102-87061598c92c,8,1.0,,,,9.54,11.18,9.32,9.26,8.44,10.51
2025-12-16T06:02:45.638122,Recipe_C,e493d977-1289-4420-b102-87061598c92c,8,1.0,,,,9.93,9.01,11.23,15.37,9.27,9.99
2025-12-16T06:02:46.638122,Recipe_C,e493d977-1289-4420-b102-87061598c92c,8,1.0,,,,12.14,14.13,9.54,12.89,9.88,10.42
2025-12-16T06:02:47.638122,Recipe_C,e493d977-1289-4420-b102-87061598c92c,8,1.0,,,,8.64,8.62,10.15,10.38,10.12,8.91
2025-12-16T06:02:48.638122,Recipe_C,e493d977-1289-4420-b102-87061598c92c,8,1.0,,,,13.56,8.48,9.07,8.24,10.97,10.0
2025-12-16T06:02:49.638122,Recipe_C,e493d977-1289-4420-b102-87061598c92c,8,1.0,,,,13.67,10.93,12.78,9.56,13.14,10.17
2025-12-16T06:02:50.638122,Recipe_C,e493d977-1289-4420-b102-87061598c92c,8,1.0,,,,8.79,10.52,12.23,11.02,9.5,11.96
2025-12-16T06:02:51.638122,Recipe_C,e493d977-1289-4420-b102-87061598c92c,8,1.0,,,,12.93,11.02,9.63,12.36,10.06,6.58
2025-12-16T06:02:52.638122,Recipe_C,e493d977-1289-4420-b102-87061598c92c,8,1.0,,,,13.37,8.76,10.29,7.41,9.62,10.94
2025-12-16T06:02:53.638122,Recipe_C,e493d977-1289-4420-b102-87061598c92c,8,0.0,,,,0.0,0.0,0.0,0.0,0.0,0.0
2025-12-16T06:02:54.638122,Recipe_C,e493d977-1289-4420-b102-87061598c92c,8,0.0,,,,0.0,0.0,0.0,0.0,0.0,0.0
2025-12-16T06:02:55.638122,Recipe_C,e493d977-1289-4420-b102-87061598c92c,8,0.0,,,,0.0,0.0,0.0,0.0,0.0,0.0
2025-12-16T06:02:56.638122,Recipe_C,e493d977-1289-4420-b102-87061598c92c,8,0.0,,,,0.0,0.0,0.0,0.0,0.0,0.0
2025-12-16T06:02:57.638122,Recipe_C,e493d977-1289-4420-b102-87061598c92c,8,0.0,,,,0.0,0.0,0.0,0.0,0.0,0.0
2025-12-16T06:02:58.638122,Recipe_C,e493d977-1289-4420-b102-87061598c92c,8,0.0,,,,0.0,0.0,0.0,0.0,0.0,0.0
2025-12-16T06:02:59.638122,Recipe_C,e493d977-1289-4420-b102-87061598c92c,8,0.0,,,,0.0,0.0,0.0,0.0,0.0,0.0
2025-12-16T06:03:00.638122,Recipe_C,e493d977-1289-4420-b102-87061598c92c,8,0.0,,,,0.0,0.0,0.0,0.0,0.0,0.0
2025-12-16T06:03:01.638122,Recipe_C,e493d977-1289-4420-b102-87061598c92c,8,0.0,,,,0.0,0.0,0.0,0.0,0.0,0.0
2025-12-16T06:03:02.638122,Recipe_C,e493d977-1289-4420-b102-87061598c92c,8,0.0,,,,0.0,0.0,0.0,0.0,0.0,0.0
2025-12-16T06:03:03.638122,Recipe_C,e493d977-1289-4420-b102-87061598c92c,8,0.0,,,,0.0,0.0,0.0,0.0,0.0,0.0
2025-12-16T06:03:04.638122,Recipe_C,e493d977-1289-4420-b102-87061598c92c,8,0.0,,,,0.0,0.0,0.0,0.0,0.0,0.0
2025-12-16T06:03:05.638122,Recipe_C,e493d977-1289-4420-b102-87061598c92c,8,0.0,,,,0.0,0.0,0.0,0.0,0.0,0.0
2025-12-16T06:03:06.638122,Recipe_C,e493d977-1289-4420-b102-87061598c92c,8,0.0,,,,0.0,0.0,0.0,0.0,0.0,0.0
2025-12-16T06:03:07.638122,Recipe_C,e493d977-1289-4420-b102-87061598c92c,8,0.0,,,,0.0,0.0,0.0,0.0,0.0,0.0
2025-12-16T06:03:08.638122,Recipe_C,e493d977-1289-4420-b102-87061598c92c,8,0.0,,,,0.0,0.0,0.0,0.0,0.0,0.0
2025-12-16T06:03:09.638122,Recipe_C,e493d977-1289-4420-b102-87061598c92c,8,0.0,,,,0.0,0.0,0.0,0.0,0.0,0.0
2025-12-16T06:03:10.638122,Recipe_C,e493d977-1289-4420-b102-87061598c92c,8,5.0,,,,9.58,11.26,7.91,10.89,11.99,9.92
2025-12-16T06:03:11.638122,Recipe_C,e493d977-1289-4420-b102-87061598c92c,8,5.0,,,,12.65,13.27,11.09,12.29,11.26,12.63
2025-12-16T06:03:12.638122,Recipe_C,e493d977-1289-4420-b102-87061598c92c,8,5.0,,,,9.19,9.67,13.08,5.72,6.59,7.3
2025-12-16T06:03:13.638122,Recipe_C,e493d977-1289-4420-b102-87061598c92c,8,5.0,,,,6.5,10.18,9.87,11.57,9.35,9.55
2025-12-16T06:03:14.638122,Recipe_C,e493d977-1289-4420-b102-87061598c92c,8,5.0,,,,9.92,7.67,7.53,9.81,10.08,13.44
2025-12-16T06:03:15.638122,Recipe_C,e493d977-1289-4420-b102-87061598c92c,8,5.0,,,,8.21,10.93,8.3,12.4,10.07,9.81
2025-12-16T06:03:16.638122,Recipe_C,e493d977-1289-4420-b102-87061598c92c,8,5.0,,,,13.57,8.54,9.98,12.56,10.41,12.97
2025-12-16T06:03:17.638122,Recipe_C,e493d977-1289-4420-b102-87061598c92c,8,5.0,,,,12.63,10.84,8.21,10.26,11.55,10.77
2025-12-16T06:03:18.638122,Recipe_C,e493d977-1289-4420-b102-87061598c92c,8,5.0,,,,7.87,13.13,8.62,9.04,8.17,9.05
2025-12-16T06:03:19.638122,Recipe_C,e493d977-1289-4420-b102-87061598c92c,8,5.0,,,,10.5,7.29,9.36,9.32,8.92,8.4
2025-12-16T06:03:20.638122,Recipe_C,e493d977-1289-4420-b102-87061598c92c,8,5.0,,,,9.1,10.62,11.74,9.13,8.9,7.63
2025-12-16T06:03:21.638122,Recipe_C,e493d977-1289-4420-b102-87061598c92c,8,5.0,,,,7.55,9.86,10.8,9.97,5.52,11.6
2025-12-16T06:03:22.638122,Recipe_C,e493d977-1289-4420-b102-87061598c92c,8,5.0,,,,5.88,4.97,8.27,10.73,11.64,10.14
2025-12-16T06:03:23.638122,Recipe_C,e493d977-1289-4420-b102-87061598c92c,8,5.0,,,,10.2,10.46,7.81,11.11,13.92,10.95
2025-12-16T06:03:24.638122,Recipe_C,e493d977-1289-4420-b102-87061598c92c,8,5.0,,,,8.64,13.12,8.29,10.53,8.01,7.88
2025-12-16T06:03:25.638122,Recipe_C,e493d977-1289-4420-b102-87061598c92c,8,5.0,,,,11.86,9.75,10.26,7.9,7.96,12.6
2025-12-16T06:03:26.638122,Recipe_C,e493d977-1289-4420-b102-87061598c92c,8,5.0,,,,6.38,9.57,10.85,7.61,11.71,13.79
2025-12-16T06:03:27.638122,Recipe_C,e493d977-1289-4420-b102-87061598c92c,8,5.0,,,,10.06,10.02,11.22,12.78,6.98,13.05
2025-12-16T06:03:28.638122,Recipe_C,e493d977-1289-4420-b102-87061598c92c,8,5.0,,,,14.85,9.65,7.34,9.48,13.35,9.95
2025-12-16T06:03:29.638122,Recipe_C,e493d977-1289-4420-b102-87061598c92c,8,5.0,,,,8.78,9.9,10.28,9.09,12.26,7.24
2025-12-16T06:03:30.638122,Recipe_C,e493d977-1289-4420-b102-87061598c92c,8,5.0,,,,10.99,8.51,9.18,10.21,9.08,6.92
2025-12-16T06:03:31.638122,Recipe_C,e493d977-1289-4420-b102-87061598c92c,8,5.0,,,,11.71,9.24,10.37,7.25,8.99,8.38
2025-12-16T06:03:32.638122,Recipe_C,e493d977-1289-4420-b102-87061598c92c,8,5.0,,,,11.16,9.94,5.44,8.13,12.02,13.07
2025-12-16T06:03:33.638122,Recipe_C,e493d977-1289-4420-b102-87061598c92c,8,5.0,,,,13.01,15.72,10.17,8.83,15.0,10.12
2025-12-16T06:03:34.638122,Recipe_C,e493d977-1289-4420-b102-87061598c92c,8,5.0,,,,9.97,11.16,12.46,13.72,9.43,10.1
2025-12-16T06:03:35.638122,Recipe_C,e493d977-1289-4420-b102-87061598c92c,8,5.0,,,,8.65,8.64,9.26,11.13,10.03,6.85
2025-12-16T06:03:36.638122,Recipe_C,e493d977-1289-4420-b102-87061598c92c,8,3.0,,,,13.27,11.33,8.48,8.25,11.37,6.94
2025-12-16T06:03:37.638122,Recipe_C,e493d977-1289-4420-b102-87061598c92c,8,3.0,,,,9.81,10.21,10.07,11.2,12.59,8.32
2025-12-16T06:03:38.638122,Recipe_C,e493d977-1289-4420-b102-87061598c92c,8,3.0,,,,7.35,9.77,10.85,10.22,9.77,13.36
2025-12-16T06:03:39.638122,Recipe_C,e493d977-1289-4420-b102-87061598c92c,8,3.0,,,,10.09,7.9,11.97,4.84,10.31,11.84
2025-12-16T06:03:40.638122,Recipe_C,e493d977-1289-4420-b102-87061598c92c,8,3.0,,,,10.67,11.77,6.49,10.77,9.12,11.42
2025-12-16T06:03:41.638122,Recipe_C,e493d977-1289-4420-b102-87061598c92c,8,3.0,,,,6.66,8.61,7.63,8.08,11.77,7.38
2025-12-16T06:03:42.638122,Recipe_C,e493d977-1289-4420-b102-87061598c92c,8,3.0,,,,6.26,10.54,8.56,9.4,13.71,14.47
2025-12-16T06:03:43.638122,Recipe_C,e493d977-1289-4420-b102-87061598c92c,8,3.0,,,,11.89,10.69,8.08,12.76,6.55,8.53
2025-12-16T06:03:44.638122,Recipe_C,e493d977-1289-4420-b102-87061598c92c,8,3.0,,,,8.28,8.89,6.91,13.33,7.52,10.71
2025-12-16T06:03:45.638122,Recipe_C,e493d977-1289-4420-b102-87061598c92c,8,3.0,,,,10.02,9.55,11.22,8.11,12.05,11.04
2025-12-16T06:03:46.638122,Recipe_C,e493d977-1289-4420-b102-87061598c92c,8,2.0,,,,12.14,10.97,11.5,12.39,12.09,8.3
2025-12-16T06:03:47.638122,Recipe_C,e493d977-1289-4420-b102-87061598c92c,8,2.0,,,,11.13,8.16,9.09,8.6,8.53,12.0
2025-12-16T06:03:48.638122,Recipe_C,e493d977-1289-4420-b102-87061598c92c,8,2.0,,,,8.17,9.55,10.97,7.29,9.64,12.12
2025-12-16T06:03:49.638122,Recipe_C,e493d977-1289-4420-b102-87061598c92c,8,2.0,,,,11.21,5.59,8.58,4.88,11.39,9.13
2025-12-16T06:03:50.638122,Recipe_C,e493d977-1289-4420-b102-87061598c92c,8,0.0,,,,0.0,0.0,0.0,0.0,0.0,0.0
2025-12-16T06:03:51.638122,Recipe_C,e493d977-1289-4420-b102-87061598c92c,8,0.0,,,,0.0,0.0,0.0,0.0,0.0,0.0
2025-12-16T06:03:52.638122,Recipe_C,e493d977-1289-4420-b102-87061598c92c,8,0.0,,,,0.0,0.0,0.0,0.0,0.0,0.0
2025-12-16T06:03:53.638122,Recipe_C,e493d977-1289-4420-b102-87061598c92c,8,0.0,,,,0.0,0.0,0.0,0.0,0.0,0.0
2025-12-16T06:03:54.638122,Recipe_C,e493d977-1289-4420-b102-87061598c92c,8,0.0,,,,0.0,0.0,0.0,0.0,0.0,0.0
2025-12-16T06:03:55.638122,Recipe_C,e493d977-1289-4420-b102-87061598c92c,8,0.0,,,,0.0,0.0,0.0,0.0,0.0,0.0
2025-12-16T06:03:56.638122,Recipe_C,e493d977-1289-4420-b102-87061598c92c,8,0.0,,,,0.0,0.0,0.0,0.0,0.0,0.0
2025-12-16T06:03:57.638122,Recipe_C,e493d977-1289-4420-b102-87061598c92c,8,0.0,,,,0.0,0.0,0.0,0.0,0.0,0.0
2025-12-16T06:03:58.638122,Recipe_C,e493d977-1289-4420-b102-87061598c92c,8,0.0,,,,0.0,0.0,0.0,0.0,0.0,0.0
2025-12-16T06:03:59.638122,Recipe_C,e493d977-1289-4420-b102-87061598c92c,8,0.0,,,,0.0,0.0,0.0,0.0,0.0,0.0
2025-12-16T06:04:00.638122,Recipe_C,e493d977-1289-4420-b102-87061598c92c,8,0.0,,,,0.0,0.0,0.0,0.0,0.0,0.0
2025-12-16T06:04:01.638122,Recipe_C,e493d977-1289-4420-b102-87061598c92c,8,0.0,,,,0.0,0.0,0.0,0.0,0.0,0.0
2025-12-16T06:04:02.638122,Recipe_C,e493d977-1289-4420-b102-87061598c92c,8,0.0,,,,0.0,0.0,0.0,0.0,0.0,0.0
2025-12-16T06:04:03.638122,Recipe_C,e493d977-1289-4420-b102-87061598c92c,8,0.0,,,,0.0,0.0,0.0,0.0,0.0,0.0
2025-12-16T06:04:04.638122,Recipe_C,e493d977-1289-4420-b102-87061598c92c,8,5.0,,,,5.65,10.04,8.04,10.44,4.69,9.67
2025-12-16T06:04:05.638122,Recipe_C,e493d977-1289-4420-b102-87061598c92c,8,5.0,,,,11.4,12.76,11.08,11.74,9.25,11.88
2025-12-16T06:04:06.638122,Recipe_C,e493d977-1289-4420-b102-87061598c92c,8,5.0,,,,7.66,9.11,11.73,9.0,13.66,10.27
2025-12-16T06:04:07.638122,Recipe_C,e493d977-1289-4420-b102-87061598c92c,8,5.0,,,,7.17,10.79,7.5,8.66,14.02,13.43
2025-12-16T06:04:08.638122,Recipe_C,e493d977-1289-4420-b102-87061598c92c,8,5.0,,,,12.55,10.41,12.72,8.64,9.51,8.89
2025-12-16T06:04:09.638122,Recipe_C,e493d977-1289-4420-b102-87061598c92c,8,5.0,,,,10.46,12.27,10.52,10.77,10.79,10.25
2025-12-16T06:04:10.638122,Recipe_C,e493d977-1289-4420-b102-87061598c92c,8,5.0,,,,9.66,12.07,7.39,6.84,9.49,8.44
2025-12-16T06:04:11.638122,Recipe_C,e493d977-1289-4420-b102-87061598c92c,8,5.0,,,,9.31,10.58,9.57,10.55,7.42,12.19
2025-12-16T06:04:12.638122,Recipe_C,e493d977-1289-4420-b102-87061598c92c,8,5.0,,,,6.6,12.94,7.77,10.51,9.85,9.42
2025-12-16T06:04:13.638122,Recipe_C,e493d977-1289-4420-b102-87061598c92c,8,5.0,,,,7.93,9.53,11.86,6.14,10.65,7.62
2025-12-16T06:04:14.638122,Recipe_C,e493d977-1289-4420-b102-87061598c92c,8,5.0,,,,11.37,8.74,8.49,8.69,8.45,9.75
2025-12-16T06:04:15.638122,Recipe_C,e493d977-1289-4420-b102-87061598c92c,8,5.0,,,,8.05,14.62,10.89,11.88,6.29,10.96
2025-12-16T06:04:16.638122,Recipe_C,e493d977-1289-4420-b102-87061598c92c,8,5.0,,,,10.02,10.09,10.62,12.2,12.94,8.06
2025-12-16T06:04:17.638122,Recipe_C,e493d977-1289-4420-b102-87061598c92c,8,5.0,,,,13.79,9.31,5.54,12.66,8.24,14.65
2025-12-16T06:04:18.638122,Recipe_C,e493d977-1289-4420-b102-87061598c92c,8,5.0,,,,10.85,11.51,12.42,12.34,11.55,11.25
2025-12-16T06:04:19.638122,Recipe_C,e493d977-1289-4420-b102-87061598c92c,8,5.0,,,,8.55,11.17,9.45,8.0,5.07,9.64
2025-12-16T06:04:20.638122,Recipe_C,e493d977-1289-4420-b102-87061598c92c,8,5.0,,,,8.57,10.01,8.96,9.11,11.16,11.84
2025-12-16T06:04:21.638122,Recipe_C,e493d977-1289-4420-b102-87061598c92c,8,5.0,,,,9.76,11.0,11.88,12.06,10.07,9.81
2025-12-16T06:04:22.638122,Recipe_C,e493d977-1289-4420-b102-87061598c92c,8,5.0,,,,11.38,10.84,10.79,9.99,6.0,7.76
2025-12-16T06:04:23.638122,Recipe_C,e493d977-1289-4420-b102-87061598c92c,8,5.0,,,,12.14,9.38,10.62,9.02,10.78,9.42
2025-12-16T06:04:24.638122,Recipe_C,e493d977-1289-4420-b102-87061598c92c,8,5.0,,,,8.76,10.87,9.96,8.5,10.47,8.63
2025-12-16T06:04:25.638122,Recipe_C,e493d977-1289-4420-b102-87061598c92c,8,1.0,,,,11.55,8.58,12.07,9.45,7.1,13.85
2025-12-16T06:04:26.638122,Recipe_C,e493d977-1289-4420-b102-87061598c92c,8,1.0,,,,6.75,8.15,9.38,13.19,14.12,12.43
2025-12-16T06:04:27.638122,Recipe_C,e493d977-1289-4420-b102-87061598c92c,8,1.0,,,,10.39,9.58,8.78,9.44,12.45,9.14
2025-12-16T06:04:28.638122,Recipe_C,e493d977-1289-4420-b102-87061598c92c,8,1.0,,,,11.89,13.52,9.06,8.35,8.8,9.95
2025-12-16T06:04:29.638122,Recipe_C,e493d977-1289-4420-b102-87061598c92c,8,1.0,,,,12.84,10.63,9.9,10.48,14.56,8.29
2025-12-16T06:04:30.638122,Recipe_C,e493d977-1289-4420-b102-87061598c92c,8,1.0,,,,7.88,8.82,9.85,8.97,11.77,10.81
2025-12-16T06:04:31.638122,Recipe_C,e493d977-1289-4420-b102-87061598c92c,8,1.0,,,,10.31,9.2,11.59,10.24,8.03,11.74
2025-12-16T06:04:32.638122,Recipe_C,e493d977-1289-4420-b102-87061598c92c,8,4.0,,,,99.56,49.77,48.97,43.52,59.87,53.52
2025-12-16T06:04:33.638122,Recipe_C,e493d977-1289-4420-b102-87061598c92c,8,4.0,,,,91.2,50.13,46.85,51.97,54.2,51.85
2025-12-16T06:04:34.638122,Recipe_C,e493d977-1289-4420-b102-87061598c92c,8,4.0,,,,105.38,45.6,57.12,49.06,48.97,50.83
2025-12-16T06:04:35.638122,Recipe_C,e493d977-1289-4420-b102-87061598c92c,8,4.0,,,,94.66,50.75,60.08,55.84,50.31,54.21
2025-12-16T06:04:36.638122,Recipe_C,e493d977-1289-4420-b102-87061598c92c,8,4.0,,,,91.33,45.56,51.08,48.43,45.15,45.32
2025-12-16T06:04:37.638122,Recipe_C,e493d977-1289-4420-b102-87061598c92c,8,4.0,,,,99.94,52.74,37.88,40.91,48.87,48.1
2025-12-16T06:04:38.638122,Recipe_C,e493d977-1289-4420-b102-87061598c92c,8,4.0,,,,95.18,52.16,46.4,47.24,53.3,54.42
2025-12-16T06:04:39.638122,Recipe_C,e493d977-1289-4420-b102-87061598c92c,8,4.0,,,,96.67,56.82,54.61,49.69,56.76,51.57
2025-12-16T06:04:40.638122,Recipe_C,e493d977-1289-4420-b102-87061598c92c,8,4.0,,,,97.36,58.5,45.14,54.71,61.85,51.02
2025-12-16T06:04:41.638122,Recipe_C,e493d977-1289-4420-b102-87061598c92c,8,4.0,,,,102.02,54.69,46.06,49.61,53.57,51.63
2025-12-16T06:04:42.638122,Recipe_C,e493d977-1289-4420-b102-87061598c92c,8,4.0,,,,98.08,45.97,51.35,56.8,41.12,50.59
2025-12-16T06:04:43.638122,Recipe_C,e493d977-1289-4420-b102-87061598c92c,8,4.0,,,,106.23,53.66,47.39,45.88,55.77,56.76
2025-12-16T06:04:44.638122,Recipe_C,e493d977-1289-4420-b102-87061598c92c,8,4.0,,,,99.62,50.75,52.85,49.33,46.93,47.98
2025-12-16T06:04:45.638122,Recipe_C,e493d977-1289-4420-b102-87061598c92c,8,4.0,,,,103.49,55.61,57.25,43.05,42.18,51.98
2025-12-16T06:04:46.638122,Recipe_C,e493d977-1289-4420-b102-87061598c92c,8,4.0,,,,96.75,40.15,48.25,44.27,54.49,50.03
2025-12-16T06:04:47.638122,Recipe_C,e493d977-1289-4420-b102-87061598c92c,8,4.0,,,,87.23,54.79,47.35,49.23,51.16,46.55
2025-12-16T06:04:48.638122,Recipe_C,e493d977-1289-4420-b102-87061598c92c,8,4.0,,,,102.69,43.49,51.01,50.35,52.99,52.28
2025-12-16T06:04:49.638122,Recipe_C,e493d977-1289-4420-b102-87061598c92c,8,4.0,,,,90.97,48.88,52.44,50.14,38.63,38.98
2025-12-16T06:04:50.638122,Recipe_C,e493d977-1289-4420-b102-87061598c92c,8,4.0,,,,97.75,53.82,50.59,54.88,43.27,43.63
2025-12-16T06:04:51.638122,Recipe_C,e493d977-1289-4420-b102-87061598c92c,8,4.0,,,,96.85,54.77,58.1,48.92,54.49,57.12
2025-12-16T06:04:52.638122,Recipe_C,e493d977-1289-4420-b102-87061598c92c,8,4.0,,,,95.05,44.7,51.87,46.52,57.15,48.46
2025-12-16T06:04:53.638122,Recipe_C,e493d977-1289-4420-b102-87061598c92c,8,4.0,,,,101.63,48.86,47.58,47.99,41.56,49.21
2025-12-16T06:04:54.638122,Recipe_C,e493d977-1289-4420-b102-87061598c92c,8,4.0,,,,103.79,51.66,47.22,46.36,47.69,49.32
2025-12-16T06:04:55.638122,Recipe_C,e493d977-1289-4420-b102-87061598c92c,8,4.0,,,,104.61,48.71,44.57,52.7,54.87,42.12
2025-12-16T06:04:56.638122,Recipe_C,e493d977-1289-4420-b102-87061598c92c,8,4.0,,,,112.14,50.58,47.13,51.0,47.41,51.31
2025-12-16T06:04:57.638122,Recipe_C,e493d977-1289-4420-b102-87061598c92c,8,4.0,,,,97.99,58.22,51.91,51.51,48.65,55.39
2025-12-16T06:04:58.638122,Recipe_C,e493d977-1289-4420-b102-87061598c92c,8,4.0,,,,105.94,47.69,47.26,49.37,40.79,45.36
2025-12-16T06:04:59.638122,Recipe_C,e493d977-1289-4420-b102-87061598c92c,8,4.0,,,,103.53,39.83,51.71,54.6,58.8,50.08
2025-12-16T06:05:00.638122,Recipe_C,e493d977-1289-4420-b102-87061598c92c,8,4.0,,,,91.19,51.45,43.52,42.46,49.98,62.34
2025-12-16T06:05:01.638122,Recipe_C,e493d977-1289-4420-b102-87061598c92c,8,4.0,,,,103.95,47.67,46.22,54.52,52.63,38.31
2025-12-16T06:05:02.638122,Recipe_C,e493d977-1289-4420-b102-87061598c92c,8,4.0,,,,105.54,49.88,43.96,51.98,51.63,59.9
2025-12-16T06:05:03.638122,Recipe_C,e493d977-1289-4420-b102-87061598c92c,8,4.0,,,,106.74,50.4,42.47,55.22,50.15,57.95
2025-12-16T06:05:04.638122,Recipe_C,e493d977-1289-4420-b102-87061598c92c,8,4.0,,,,94.61,48.96,39.52,45.7,56.28,50.99
2025-12-16T06:05:05.638122,Recipe_C,e493d977-1289-4420-b102-87061598c92c,8,4.0,,,,98.36,51.17,52.24,49.21,42.4,60.18
2025-12-16T06:05:06.638122,Recipe_C,e493d977-1289-4420-b102-87061598c92c,8,4.0,,,,95.77,43.57,44.97,41.0,54.34,54.57
2025-12-16T06:05:07.638122,Recipe_C,e493d977-1289-4420-b102-87061598c92c,8,4.0,,,,97.42,59.94,59.44,49.18,53.43,47.72
2025-12-16T06:05:08.638122,Recipe_C,e493d977-1289-4420-b102-87061598c92c,8,4.0,,,,98.69,54.41,48.32,51.81,55.85,49.21
2025-12-16T06:05:09.638122,Recipe_C,e493d977-1289-4420-b102-87061598c92c,8,4.0,,,,98.57,45.84,48.52,48.52,41.51,49.02
2025-12-16T06:05:10.638122,Recipe_C,e493d977-1289-4420-b102-87061598c92c,8,4.0,,,,100.85,51.81,59.13,52.41,55.52,48.72
2025-12-16T06:05:11.638122,Recipe_C,e493d977-1289-4420-b102-87061598c92c,8,4.0,,,,98.72,59.1,48.09,57.55,58.68,46.59
2025-12-16T06:05:12.638122,Recipe_C,e493d977-1289-4420-b102-87061598c92c,8,4.0,,,,104.12,51.91,44.86,45.57,52.01,54.15
2025-12-16T06:05:13.638122,Recipe_C,e493d977-1289-4420-b102-87061598c92c,8,4.0,,,,102.6,51.09,52.76,45.57,58.03,53.5
2025-12-16T06:05:14.638122,Recipe_C,e493d977-1289-4420-b102-87061598c92c,8,4.0,,,,104.35,56.11,50.61,50.77,45.04,42.98
2025-12-16T06:05:15.638122,Recipe_C,e493d977-1289-4420-b102-87061598c92c,8,4.0,,,,94.6,51.54,46.41,59.28,55.08,49.03
2025-12-16T06:05:16.638122,Recipe_C,e493d977-1289-4420-b102-87061598c92c,8,2.0,,,,8.12,6.88,7.02,7.55,9.76,8.14
2025-12-16T06:05:17.638122,Recipe_C,e493d977-1289-4420-b102-87061598c92c,8,2.0,,,,7.19,5.41,10.03,9.65,13.47,11.28
2025-12-16T06:05:18.638122,Recipe_C,e493d977-1289-4420-b102-87061598c92c,8,2.0,,,,7.79,10.13,11.69,9.14,10.37,10.68
2025-12-16T06:05:19.638122,Recipe_C,e493d977-1289-4420-b102-87061598c92c,8,2.0,,,,4.1,8.01,10.26,8.96,7.53,9.75
2025-12-16T06:05:20.638122,Recipe_C,e493d977-1289-4420-b102-87061598c92c,8,2.0,,,,6.89,9.11,6.26,13.17,8.67,8.19
2025-12-16T06:05:21.638122,Recipe_C,e493d977-1289-4420-b102-87061598c92c,8,2.0,,,,5.91,8.03,6.87,9.91,9.38,11.21
2025-12-16T06:05:22.638122,Recipe_C,e493d977-1289-4420-b102-87061598c92c,8,2.0,,,,7.88,11.27,8.8,7.9,7.1,5.27
2025-12-16T06:05:23.638122,Recipe_C,e493d977-1289-4420-b102-87061598c92c,8,2.0,,,,10.08,11.18,11.22,9.67,8.91,9.74
2025-12-16T06:05:24.638122,Recipe_C,e493d977-1289-4420-b102-87061598c92c,8,2.0,,,,11.38,14.88,10.27,10.86,8.85,10.35
2025-12-16T06:05:25.638122,Recipe_C,e493d977-1289-4420-b102-87061598c92c,8,2.0,,,,11.26,7.99,11.27,10.8,8.87,12.71
2025-12-16T06:05:26.638122,Recipe_C,e493d977-1289-4420-b102-87061598c92c,8,2.0,,,,8.78,11.73,14.03,11.35,11.23,9.35
2025-12-16T06:05:27.638122,Recipe_C,e493d977-1289-4420-b102-87061598c92c,8,2.0,,,,12.09,8.27,10.24,7.24,8.12,11.57
2025-12-16T06:05:28.638122,Recipe_C,e493d977-1289-4420-b102-87061598c92c,8,2.0,,,,12.95,12.34,10.92,11.18,9.4,9.0
2025-12-16T06:05:29.638122,Recipe_C,e493d977-1289-4420-b102-87061598c92c,8,2.0,,,,9.55,10.2,8.08,8.45,8.28,12.43
2025-12-16T06:05:30.638122,Recipe_C,e493d977-1289-4420-b102-87061598c92c,8,2.0,,,,9.02,8.54,11.06,13.57,8.89,11.17
2025-12-16T06:05:31.638122,Recipe_C,e493d977-1289-4420-b102-87061598c92c,8,2.0,,,,11.47,8.18,10.46,9.44,8.44,7.14
2025-12-16T06:05:32.638122,Recipe_C,e493d977-1289-4420-b102-87061598c92c,8,2.0,,,,9.75,8.85,13.1,12.33,10.2,7.72
2025-12-16T06:05:33.638122,Recipe_C,e493d977-1289-4420-b102-87061598c92c,8,2.0,,,,10.8,11.95,9.25,9.65,10.99,9.33
2025-12-16T06:05:34.638122,Recipe_C,e493d977-1289-4420-b102-87061598c92c,8,2.0,,,,10.9,8.55,10.78,9.82,10.08,11.43
2025-12-16T06:05:35.638122,Recipe_C,e493d977-1289-4420-b102-87061598c92c,8,2.0,,,,11.45,7.06,9.4,8.25,6.8,8.37
2025-12-16T06:05:36.638122,Recipe_C,e493d977-1289-4420-b102-87061598c92c,8,2.0,,,,7.97,11.81,10.85,11.86,6.4,12.1
2025-12-16T06:05:37.638122,Recipe_C,e493d977-1289-4420-b102-87061598c92c,8,2.0,,,,8.93,9.99,8.4,12.17,6.58,6.51
2025-12-16T06:05:38.638122,Recipe_C,e493d977-1289-4420-b102-87061598c92c,8,2.0,,,,9.92,12.63,5.14,10.6,5.71,13.27
2025-12-16T06:05:39.638122,Recipe_C,e493d977-1289-4420-b102-87061598c92c,8,2.0,,,,9.92,12.64,5.51,11.04,6.86,11.91
2025-12-16T06:05:40.638122,Recipe_C,e493d977-1289-4420-b102-87061598c92c,8,2.0,,,,10.51,10.14,9.17,9.33,10.54,9.57
2025-12-16T06:05:41.638122,Recipe_C,e493d977-1289-4420-b102-87061598c92c,8,2.0,,,,8.76,11.09,4.36,9.91,5.65,8.45
2025-12-16T06:05:42.638122,Recipe_C,e493d977-1289-4420-b102-87061598c92c,8,2.0,,,,10.08,8.81,9.45,7.46,11.3,9.49
2025-12-16T06:05:43.638122,Recipe_C,e493d977-1289-4420-b102-87061598c92c,8,2.0,,,,13.4,12.46,12.62,7.13,11.26,7.6
2025-12-16T06:05:44.638122,Recipe_C,e493d977-1289-4420-b102-87061598c92c,8,2.0,,,,10.35,10.12,8.48,8.95,8.86,9.89
2025-12-16T06:05:45.638122,Recipe_C,e493d977-1289-4420-b102-87061598c92c,8,2.0,,,,9.02,6.87,12.21,11.05,8.9,7.2
2025-12-16T06:05:46.638122,Recipe_C,e493d977-1289-4420-b102-87061598c92c,8,2.0,,,,11.2,9.18,6.91,9.48,8.17,7.73
2025-12-16T06:05:47.638122,Recipe_C,e493d977-1289-4420-b102-87061598c92c,8,2.0,,,,7.2,10.85,13.66,9.94,10.1,13.51
2025-12-16T06:05:48.638122,Recipe_C,e493d977-1289-4420-b102-87061598c92c,8,3.0,,,,7.36,7.64,9.75,11.9,12.51,10.2
2025-12-16T06:05:49.638122,Recipe_C,e493d977-1289-4420-b102-87061598c92c,8,3.0,,,,12.08,10.78,14.55,13.5,11.77,9.62
2025-12-16T06:05:50.638122,Recipe_C,e493d977-1289-4420-b102-87061598c92c,8,3.0,,,,9.19,9.16,10.21,10.98,12.72,10.82
2025-12-16T06:05:51.638122,Recipe_C,e493d977-1289-4420-b102-87061598c92c,8,3.0,,,,12.98,8.38,10.39,11.86,14.05,12.15
2025-12-16T06:05:52.638122,Recipe_C,e493d977-1289-4420-b102-87061598c92c,8,3.0,,,,13.94,13.3,11.51,7.64,11.5,7.91
2025-12-16T06:05:53.638122,Recipe_C,e493d977-1289-4420-b102-87061598c92c,8,3.0,,,,8.81,9.72,10.16,8.82,11.67,11.18
2025-12-16T06:05:54.638122,Recipe_C,e493d977-1289-4420-b102-87061598c92c,8,3.0,,,,10.35,9.81,7.29,9.97,9.69,6.65
2025-12-16T06:05:55.638122,Recipe_C,e493d977-1289-4420-b102-87061598c92c,8,3.0,,,,6.97,9.53,9.04,9.01,10.87,9.4
2025-12-16T06:05:56.638122,Recipe_C,e493d977-1289-4420-b102-87061598c92c,8,3.0,,,,8.9,11.83,11.21,11.2,10.7,8.28
2025-12-16T06:05:57.638122,Recipe_C,e493d977-1289-4420-b102-87061598c92c,8,3.0,,,,10.62,10.32,9.24,9.83,10.16,11.43
2025-12-16T06:05:58.638122,Recipe_C,e493d977-1289-4420-b102-87061598c92c,8,3.0,,,,11.59,6.6,10.76,10.51,9.26,10.49
2025-12-16T06:05:59.638122,Recipe_C,e493d977-1289-4420-b102-87061598c92c,8,3.0,,,,12.02,10.52,10.57,11.28,10.6,7.89
2025-12-16T06:06:00.638122,Recipe_C,e493d977-1289-4420-b102-87061598c92c,8,3.0,,,,9.55,8.39,9.48,10.12,9.58,11.59
2025-12-16T06:06:01.638122,Recipe_C,e493d977-1289-4420-b102-87061598c92c,8,1.0,,,,7.89,12.33,12.76,9.25,12.03,11.66
2025-12-16T06:06:02.638122,Recipe_C,e493d977-1289-4420-b102-87061598c92c,8,1.0,,,,11.2,9.55,13.66,8.87,9.98,9.05
2025-12-16T06:06:03.638122,Recipe_C,e493d977-1289-4420-b102-87061598c92c,8,1.0,,,,9.92,9.66,9.46,7.25,8.23,12.15
2025-12-16T06:06:04.638122,Recipe_C,e493d977-1289-4420-b102-87061598c92c,8,1.0,,,,10.3,12.53,12.9,7.94,10.54,11.16
2025-12-16T06:06:05.638122,Recipe_C,e493d977-1289-4420-b102-87061598c92c,8,1.0,,,,10.05,11.1,8.47,6.08,10.32,10.78
2025-12-16T06:06:06.638122,Recipe_C,e493d977-1289-4420-b102-87061598c92c,8,1.0,,,,6.3,9.27,10.67,11.05,11.63,13.65
2025-12-16T06:06:07.638122,Recipe_C,e493d977-1289-4420-b102-87061598c92c,8,1.0,,,,10.03,12.35,6.9,8.22,10.8,12.24
2025-12-16T06:06:08.638122,Recipe_C,e493d977-1289-4420-b102-87061598c92c,8,1.0,,,,11.25,9.75,10.29,10.11,8.83,12.06
2025-12-16T06:06:09.638122,Recipe_C,e493d977-1289-4420-b102-87061598c92c,8,1.0,,,,10.37,9.72,10.33,11.75,10.64,10.45
2025-12-16T06:06:10.638122,Recipe_C,e493d977-1289-4420-b102-87061598c92c,8,1.0,,,,13.05,8.0,10.68,10.86,8.73,9.1
2025-12-16T06:06:11.638122,Recipe_C,e493d977-1289-4420-b102-87061598c92c,8,1.0,,,,9.59,8.98,14.39,6.89,11.12,8.36
2025-12-16T06:06:12.638122,Recipe_C,e493d977-1289-4420-b102-87061598c92c,8,1.0,,,,10.72,10.26,4.72,8.89,9.09,9.91
2025-12-16T06:06:13.638122,Recipe_C,e493d977-1289-4420-b102-87061598c92c,8,1.0,,,,11.56,10.75,9.3,8.91,12.45,10.06
2025-12-16T06:06:14.638122,Recipe_C,e493d977-1289-4420-b102-87061598c92c,8,1.0,,,,8.17,6.45,10.85,10.4,7.12,8.97
2025-12-16T06:06:15.638122,Recipe_C,e493d977-1289-4420-b102-87061598c92c,8,1.0,,,,8.11,8.45,9.04,12.04,9.73,9.72
2025-12-16T06:06:16.638122,Recipe_C,e493d977-1289-4420-b102-87061598c92c,8,1.0,,,,12.28,11.24,10.8,10.1,11.08,10.95
2025-12-16T06:06:17.638122,Recipe_C,e493d977-1289-4420-b102-87061598c92c,8,1.0,,,,11.68,10.77,11.82,9.84,12.34,10.52
2025-12-16T06:06:18.638122,Recipe_C,e493d977-1289-4420-b102-87061598c92c,8,1.0,,,,11.07,9.08,7.27,8.96,11.7,10.53
2025-12-16T06:06:19.638122,Recipe_C,e493d977-1289-4420-b102-87061598c92c,8,1.0,,,,7.21,11.28,8.86,11.02,11.09,11.61
2025-12-16T06:06:20.638122,Recipe_C,e493d977-1289-4420-b102-87061598c92c,8,1.0,,,,11.49,11.12,8.79,11.64,10.87,9.21
2025-12-16T06:06:21.638122,Recipe_C,e493d977-1289-4420-b102-87061598c92c,8,1.0,,,,7.79,8.0,8.43,15.21,10.67,10.19
2025-12-16T06:06:22.638122,Recipe_C,e493d977-1289-4420-b102-87061598c92c,8,1.0,,,,8.3,9.0,12.05,7.54,6.44,9.3
2025-12-16T06:06:23.638122,Recipe_C,e493d977-1289-4420-b102-87061598c92c,8,1.0,,,,7.09,9.13,11.58,6.13,9.87,9.43
2025-12-16T06:06:24.638122,Recipe_C,e493d977-1289-4420-b102-87061598c92c,8,1.0,,,,8.43,13.35,9.41,14.06,8.06,10.25
2025-12-16T06:06:25.638122,Recipe_C,e493d977-1289-4420-b102-87061598c92c,8,1.0,,,,12.51,11.25,8.54,14.17,9.03,11.07
2025-12-16T06:06:26.638122,Recipe_C,e493d977-1289-4420-b102-87061598c92c,8,1.0,,,,6.64,11.09,14.72,10.3,10.13,8.7
2025-12-16T06:06:27.638122,Recipe_C,e493d977-1289-4420-b102-87061598c92c,8,1.0,,,,11.19,10.84,10.05,11.17,10.43,10.36
2025-12-16T06:06:28.638122,Recipe_C,e493d977-1289-4420-b102-87061598c92c,8,1.0,,,,12.81,9.13,11.94,8.45,9.24,10.53
2025-12-16T06:06:29.638122,Recipe_C,e493d977-1289-4420-b102-87061598c92c,8,1.0,,,,13.8,10.58,11.34,9.94,8.68,7.52
2025-12-16T06:06:30.638122,Recipe_C,e493d977-1289-4420-b102-87061598c92c,8,1.0,,,,9.86,9.45,8.34,8.83,9.87,12.91
2025-12-16T06:06:31.638122,Recipe_C,e493d977-1289-4420-b102-87061598c92c,8,1.0,,,,9.08,10.14,10.33,10.76,9.2,9.6
2025-12-16T06:06:32.638122,Recipe_C,e493d977-1289-4420-b102-87061598c92c,8,1.0,,,,8.27,8.06,7.06,9.67,12.18,7.83
2025-12-16T06:06:33.638122,Recipe_C,e493d977-1289-4420-b102-87061598c92c,8,1.0,,,,9.13,8.69,8.44,9.52,5.81,9.77
2025-12-16T06:06:34.638122,Recipe_C,e493d977-1289-4420-b102-87061598c92c,8,1.0,,,,9.74,6.98,10.18,12.77,11.69,6.94
2025-12-16T06:06:35.638122,Recipe_C,e493d977-1289-4420-b102-87061598c92c,8,1.0,,,,10.06,13.38,11.2,10.23,11.99,12.22
2025-12-16T06:06:36.638122,Recipe_C,e493d977-1289-4420-b102-87061598c92c,8,2.0,,,,8.04,8.2,9.68,7.17,11.74,9.95
2025-12-16T06:06:37.638122,Recipe_C,e493d977-1289-4420-b102-87061598c92c,8,2.0,,,,9.13,11.79,8.47,12.54,7.72,9.98
2025-12-16T06:06:38.638122,Recipe_C,e493d977-1289-4420-b102-87061598c92c,8,2.0,,,,7.41,7.32,7.75,11.88,9.53,12.74
2025-12-16T06:06:39.638122,Recipe_C,e493d977-1289-4420-b102-87061598c92c,8,2.0,,,,10.84,7.36,13.41,8.14,9.29,10.28
2025-12-16T06:06:40.638122,Recipe_C,e493d977-1289-4420-b102-87061598c92c,8,2.0,,,,12.59,8.81,10.75,10.62,7.9,6.97
2025-12-16T06:06:41.638122,Recipe_C,e493d977-1289-4420-b102-87061598c92c,8,2.0,,,,11.0,7.84,11.37,11.75,10.98,8.71
2025-12-16T06:06:42.638122,Recipe_C,e493d977-1289-4420-b102-87061598c92c,8,2.0,,,,11.27,10.66,6.05,9.59,12.22,9.39
2025-12-16T06:06:43.638122,Recipe_C,e493d977-1289-4420-b102-87061598c92c,8,2.0,,,,8.59,8.26,6.94,6.86,9.7,12.54
2025-12-16T06:06:44.638122,Recipe_C,e493d977-1289-4420-b102-87061598c92c,8,2.0,,,,6.87,10.0,11.03,10.88,11.95,9.57
2025-12-16T06:06:45.638122,Recipe_C,e493d977-1289-4420-b102-87061598c92c,8,2.0,,,,10.93,10.79,9.04,6.91,11.23,9.3
2025-12-16T06:06:46.638122,Recipe_C,e493d977-1289-4420-b102-87061598c92c,8,2.0,,,,9.76,8.96,11.29,7.83,10.5,9.58
2025-12-16T06:06:47.638122,Recipe_C,e493d977-1289-4420-b102-87061598c92c,8,2.0,,,,15.61,8.43,7.84,8.5,10.98,9.64
2025-12-16T06:06:48.638122,Recipe_C,e493d977-1289-4420-b102-87061598c92c,8,2.0,,,,10.08,11.86,10.33,9.8,7.51,6.64
2025-12-16T06:06:49.638122,Recipe_C,e493d977-1289-4420-b102-87061598c92c,8,2.0,,,,4.94,7.5,13.47,9.82,9.42,11.85
2025-12-16T06:06:50.638122,Recipe_C,e493d977-1289-4420-b102-87061598c92c,8,2.0,,,,9.33,8.87,9.64,8.2,9.56,12.64
2025-12-16T06:06:51.638122,Recipe_C,e493d977-1289-4420-b102-87061598c92c,8,2.0,,,,10.41,10.92,14.31,10.85,8.21,7.49
2025-12-16T06:06:52.638122,Recipe_C,e493d977-1289-4420-b102-87061598c92c,8,2.0,,,,12.86,11.2,12.69,10.89,8.52,13.86
2025-12-16T06:06:53.638122,Recipe_C,e493d977-1289-4420-b102-87061598c92c,8,2.0,,,,11.79,11.77,10.19,10.3,7.11,12.26
2025-12-16T06:06:54.638122,Recipe_C,e493d977-1289-4420-b102-87061598c92c,8,2.0,,,,8.37,9.52,11.15,9.86,10.31,9.08
2025-12-16T06:06:55.638122,Recipe_C,e493d977-1289-4420-b102-87061598c92c,8,2.0,,,,7.52,10.46,7.44,11.35,9.98,8.18
2025-12-16T06:06:56.638122,Recipe_C,e493d977-1289-4420-b102-87061598c92c,8,2.0,,,,9.65,11.12,10.77,13.15,9.33,11.71
2025-12-16T06:06:57.638122,Recipe_C,e493d977-1289-4420-b102-87061598c92c,8,2.0,,,,8.87,8.75,10.07,7.98,9.88,10.45
2025-12-16T06:06:58.638122,Recipe_C,e493d977-1289-4420-b102-87061598c92c,8,2.0,,,,7.91,9.51,8.6,7.81,8.49,11.95
2025-12-16T06:06:59.638122,Recipe_C,e493d977-1289-4420-b102-87061598c92c,8,2.0,,,,9.27,9.4,9.58,12.79,6.8,11.82
2025-12-16T06:07:00.638122,Recipe_C,e493d977-1289-4420-b102-87061598c92c,8,2.0,,,,11.41,9.19,13.32,12.37,9.33,8.97
2025-12-16T06:07:01.638122,Recipe_C,e493d977-1289-4420-b102-87061598c92c,8,2.0,,,,7.29,7.6,13.39,7.56,9.06,11.96
2025-12-16T06:07:02.638122,Recipe_C,e493d977-1289-4420-b102-87061598c92c,8,2.0,,,,9.17,10.24,10.75,10.45,9.78,12.4
2025-12-16T06:07:03.638122,Recipe_C,e493d977-1289-4420-b102-87061598c92c,8,2.0,,,,8.51,10.18,9.63,10.51,9.92,6.9
2025-12-16T06:07:04.638122,Recipe_C,e493d977-1289-4420-b102-87061598c92c,8,2.0,,,,12.13,11.91,5.71,10.45,8.82,9.86
2025-12-16T06:07:04.638122,Recipe_C,e493d977-1289-4420-b102-87061598c92c,8,2.0,Warning_7,Simulated Warning occurred,Warning,,,,,,
2025-12-16T06:07:05.638122,Recipe_C,e493d977-1289-4420-b102-87061598c92c,8,2.0,,,,12.85,9.51,7.49,11.28,10.89,12.01
2025-12-16T06:07:06.638122,Recipe_C,e493d977-1289-4420-b102-87061598c92c,8,2.0,,,,7.97,11.63,12.12,8.2,5.01,10.05
2025-12-16T06:07:07.638122,Recipe_C,e493d977-1289-4420-b102-87061598c92c,8,2.0,,,,10.82,10.69,10.98,5.18,8.16,10.1
2025-12-16T06:07:08.638122,Recipe_C,e493d977-1289-4420-b102-87061598c92c,8,2.0,,,,9.63,10.4,9.14,11.36,13.12,11.36
2025-12-16T06:07:09.638122,Recipe_C,e493d977-1289-4420-b102-87061598c92c,8,1.0,,,,9.16,10.85,8.13,9.98,11.16,11.44
2025-12-16T06:07:10.638122,Recipe_C,e493d977-1289-4420-b102-87061598c92c,8,1.0,,,,11.38,12.07,9.36,11.15,9.51,7.73
2025-12-16T06:07:11.638122,Recipe_C,e493d977-1289-4420-b102-87061598c92c,8,1.0,,,,6.33,11.18,12.31,10.48,13.42,10.64
2025-12-16T06:07:12.638122,Recipe_C,e493d977-1289-4420-b102-87061598c92c,8,1.0,,,,9.13,8.21,12.63,12.51,10.85,11.09
2025-12-16T06:07:13.638122,Recipe_C,e493d977-1289-4420-b102-87061598c92c,8,1.0,,,,11.86,9.18,11.25,9.0,11.11,12.4
2025-12-16T06:07:14.638122,Recipe_C,e493d977-1289-4420-b102-87061598c92c,8,1.0,,,,8.08,11.32,12.41,11.24,10.43,11.28
2025-12-16T06:07:15.638122,Recipe_C,e493d977-1289-4420-b102-87061598c92c,8,1.0,,,,11.71,9.73,8.28,7.78,6.0,9.99
2025-12-16T06:07:16.638122,Recipe_C,e493d977-1289-4420-b102-87061598c92c,8,1.0,,,,8.85,9.98,11.07,10.24,11.49,8.7
2025-12-16T06:07:17.638122,Recipe_C,e493d977-1289-4420-b102-87061598c92c,8,1.0,,,,11.29,12.76,7.51,7.77,8.75,10.68
2025-12-16T06:07:18.638122,Recipe_C,e493d977-1289-4420-b102-87061598c92c,8,1.0,,,,9.57,9.79,6.2,7.45,11.38,11.86
2025-12-16T06:07:19.638122,Recipe_C,e493d977-1289-4420-b102-87061598c92c,8,1.0,,,,8.33,8.83,9.51,10.87,12.2,7.32
2025-12-16T06:07:20.638122,Recipe_C,e493d977-1289-4420-b102-87061598c92c,8,1.0,,,,5.25,8.67,10.19,12.69,13.68,12.11
2025-12-16T06:07:21.638122,Recipe_C,e493d977-1289-4420-b102-87061598c92c,8,1.0,,,,9.01,9.08,12.11,9.45,11.19,11.43
2025-12-16T06:07:22.638122,Recipe_C,e493d977-1289-4420-b102-87061598c92c,8,1.0,,,,11.35,11.38,7.91,6.58,15.54,7.6
2025-12-16T06:07:23.638122,Recipe_C,e493d977-1289-4420-b102-87061598c92c,8,1.0,,,,9.93,8.32,7.76,12.69,10.98,6.61
2025-12-16T06:07:24.638122,Recipe_C,e493d977-1289-4420-b102-87061598c92c,8,1.0,,,,14.93,10.29,8.62,8.21,7.54,13.68
2025-12-16T06:07:25.638122,Recipe_C,e493d977-1289-4420-b102-87061598c92c,8,1.0,,,,12.55,9.94,8.56,9.87,6.3,10.1
2025-12-16T06:07:26.638122,Recipe_C,e493d977-1289-4420-b102-87061598c92c,8,1.0,,,,6.67,8.37,8.46,9.45,8.07,7.81
2025-12-16T06:07:27.638122,Recipe_C,e493d977-1289-4420-b102-87061598c92c,8,1.0,,,,10.41,10.53,10.28,10.4,10.47,13.75
2025-12-16T06:07:28.638122,Recipe_C,e493d977-1289-4420-b102-87061598c92c,8,1.0,,,,14.51,9.57,8.94,6.73,7.35,12.45
2025-12-16T06:07:29.638122,Recipe_C,e493d977-1289-4420-b102-87061598c92c,8,1.0,,,,10.5,11.19,10.09,9.8,7.95,9.65
2025-12-16T06:07:30.638122,Recipe_C,e493d977-1289-4420-b102-87061598c92c,8,1.0,,,,12.64,11.93,7.5,13.77,8.31,11.55
2025-12-16T06:07:31.638122,Recipe_C,e493d977-1289-4420-b102-87061598c92c,8,1.0,,,,12.96,8.3,13.32,12.17,9.65,8.22
2025-12-16T06:07:32.638122,Recipe_C,e493d977-1289-4420-b102-87061598c92c,8,1.0,,,,6.05,10.75,11.11,12.56,8.82,11.07
2025-12-16T06:07:33.638122,Recipe_C,e493d977-1289-4420-b102-87061598c92c,8,1.0,,,,13.0,11.93,9.92,10.12,11.01,10.41
2025-12-16T06:07:34.638122,Recipe_C,e493d977-1289-4420-b102-87061598c92c,8,1.0,,,,9.28,10.98,10.74,10.32,11.71,11.41
2025-12-16T06:07:35.638122,Recipe_C,e493d977-1289-4420-b102-87061598c92c,8,1.0,,,,9.64,11.05,12.04,10.2,13.8,9.78
2025-12-16T06:07:36.638122,Recipe_C,e493d977-1289-4420-b102-87061598c92c,8,1.0,,,,12.42,12.13,12.38,8.15,10.22,10.66
2025-12-16T06:07:37.638122,Recipe_C,e493d977-1289-4420-b102-87061598c92c,8,1.0,,,,11.5,8.94,12.08,9.57,11.01,12.1
2025-12-16T06:07:38.638122,Recipe_C,e493d977-1289-4420-b102-87061598c92c,8,1.0,,,,12.15,13.34,13.46,13.03,13.19,8.3
2025-12-16T06:07:39.638122,Recipe_C,e493d977-1289-4420-b102-87061598c92c,8,1.0,,,,9.56,10.64,5.68,10.41,10.92,11.47
2025-12-16T06:07:40.638122,Recipe_C,e493d977-1289-4420-b102-87061598c92c,8,1.0,,,,7.72,11.74,12.17,8.47,9.75,10.43
2025-12-16T06:07:41.638122,Recipe_C,e493d977-1289-4420-b102-87061598c92c,8,1.0,,,,9.39,10.71,6.77,13.05,10.32,8.31
2025-12-16T06:07:42.638122,Recipe_C,e493d977-1289-4420-b102-87061598c92c,8,1.0,,,,11.69,11.36,7.97,13.32,7.34,7.27
2025-12-16T06:07:43.638122,Recipe_C,e493d977-1289-4420-b102-87061598c92c,8,1.0,,,,8.5,7.48,9.98,11.08,11.68,12.98
2025-12-16T06:07:44.638122,Recipe_C,e493d977-1289-4420-b102-87061598c92c,8,1.0,,,,9.94,8.4,11.53,11.46,11.1,10.32
2025-12-16T06:07:45.638122,Recipe_C,e493d977-1289-4420-b102-87061598c92c,8,1.0,,,,8.84,12.47,9.55,9.94,7.52,10.54
2025-12-16T06:07:46.638122,Recipe_C,e493d977-1289-4420-b102-87061598c92c,8,1.0,,,,6.86,10.44,12.54,13.16,12.32,11.87
2025-12-16T06:07:47.638122,Recipe_C,e493d977-1289-4420-b102-87061598c92c,8,1.0,,,,8.62,10.84,12.41,11.99,8.08,11.12
2025-12-16T06:07:48.638122,Recipe_C,e493d977-1289-4420-b102-87061598c92c,8,1.0,,,,9.48,4.62,11.79,9.44,8.86,9.39
2025-12-16T06:07:49.638122,Recipe_C,e493d977-1289-4420-b102-87061598c92c,8,1.0,,,,9.02,9.42,8.9,10.18,7.77,13.03
2025-12-16T06:07:50.638122,Recipe_C,e493d977-1289-4420-b102-87061598c92c,8,1.0,,,,11.35,9.94,7.72,9.53,11.93,7.15
2025-12-16T06:07:51.638122,Recipe_C,e493d977-1289-4420-b102-87061598c92c,8,1.0,,,,9.25,6.6,8.94,8.22,13.38,14.56
2025-12-16T06:07:52.638122,Recipe_C,e493d977-1289-4420-b102-87061598c92c,8,1.0,,,,8.36,7.27,12.57,11.18,13.91,6.35
2025-12-16T06:07:53.638122,Recipe_C,e493d977-1289-4420-b102-87061598c92c,8,1.0,,,,12.4,10.04,13.02,14.29,13.91,9.66
2025-12-16T06:07:54.638122,Recipe_C,e493d977-1289-4420-b102-87061598c92c,8,1.0,,,,10.13,10.73,9.55,11.61,9.45,10.66
2025-12-16T06:07:55.638122,Recipe_C,e493d977-1289-4420-b102-87061598c92c,8,1.0,,,,10.86,12.25,8.79,7.69,12.65,10.54
2025-12-16T06:07:56.638122,Recipe_C,e493d977-1289-4420-b102-87061598c92c,8,1.0,,,,10.16,10.95,12.05,9.9,8.63,13.8
2025-12-16T06:07:57.638122,Recipe_C,e493d977-1289-4420-b102-87061598c92c,8,2.0,,,,11.92,9.57,5.67,11.91,9.16,11.08
2025-12-16T06:07:58.638122,Recipe_C,e493d977-1289-4420-b102-87061598c92c,8,2.0,,,,6.86,9.23,8.5,13.32,10.24,10.13
2025-12-16T06:07:59.638122,Recipe_C,e493d977-1289-4420-b102-87061598c92c,8,0.0,,,,0.0,0.0,0.0,0.0,0.0,0.0
2025-12-16T06:08:00.638122,Recipe_C,e493d977-1289-4420-b102-87061598c92c,8,0.0,,,,0.0,0.0,0.0,0.0,0.0,0.0
2025-12-16T06:08:01.638122,Recipe_C,e493d977-1289-4420-b102-87061598c92c,8,0.0,,,,0.0,0.0,0.0,0.0,0.0,0.0
2025-12-16T06:08:02.638122,Recipe_C,e493d977-1289-4420-b102-87061598c92c,8,0.0,,,,0.0,0.0,0.0,0.0,0.0,0.0
2025-12-16T06:08:03.638122,Recipe_C,e493d977-1289-4420-b102-87061598c92c,8,0.0,,,,0.0,0.0,0.0,0.0,0.0,0.0
2025-12-16T06:08:04.638122,Recipe_C,e493d977-1289-4420-b102-87061598c92c,8,0.0,,,,0.0,0.0,0.0,0.0,0.0,0.0
2025-12-16T06:08:05.638122,Recipe_C,e493d977-1289-4420-b102-87061598c92c,8,0.0,,,,0.0,0.0,0.0,0.0,0.0,0.0
2025-12-16T06:08:06.638122,Recipe_C,e493d977-1289-4420-b102-87061598c92c,8,0.0,,,,0.0,0.0,0.0,0.0,0.0,0.0
2025-12-16T06:08:07.638122,Recipe_C,e493d977-1289-4420-b102-87061598c92c,8,0.0,,,,0.0,0.0,0.0,0.0,0.0,0.0
2025-12-16T06:08:08.638122,Recipe_C,e493d977-1289-4420-b102-87061598c92c,8,0.0,,,,0.0,0.0,0.0,0.0,0.0,0.0
2025-12-16T06:08:09.638122,Recipe_C,e493d977-1289-4420-b102-87061598c92c,8,0.0,,,,0.0,0.0,0.0,0.0,0.0,0.0
2025-12-16T06:08:10.638122,Recipe_C,e493d977-1289-4420-b102-87061598c92c,8,0.0,,,,0.0,0.0,0.0,0.0,0.0,0.0
2025-12-16T06:08:11.638122,Recipe_C,e493d977-1289-4420-b102-87061598c92c,8,0.0,,,,0.0,0.0,0.0,0.0,0.0,0.0
2025-12-16T06:08:12.638122,Recipe_C,e493d977-1289-4420-b102-87061598c92c,8,0.0,,,,0.0,0.0,0.0,0.0,0.0,0.0
2025-12-16T06:08:13.638122,Recipe_C,e493d977-1289-4420-b102-87061598c92c,8,0.0,,,,0.0,0.0,0.0,0.0,0.0,0.0
2025-12-16T06:08:14.638122,Recipe_C,e493d977-1289-4420-b102-87061598c92c,8,0.0,,,,0.0,0.0,0.0,0.0,0.0,0.0
2025-12-16T06:08:15.638122,Recipe_C,e493d977-1289-4420-b102-87061598c92c,8,0.0,,,,0.0,0.0,0.0,0.0,0.0,0.0
2025-12-16T06:08:16.638122,Recipe_C,e493d977-1289-4420-b102-87061598c92c,8,0.0,,,,0.0,0.0,0.0,0.0,0.0,0.0
2025-12-16T06:08:17.638122,Recipe_C,e493d977-1289-4420-b102-87061598c92c,8,0.0,,,,0.0,0.0,0.0,0.0,0.0,0.0
2025-12-16T06:08:18.638122,Recipe_C,e493d977-1289-4420-b102-87061598c92c,8,0.0,,,,0.0,0.0,0.0,0.0,0.0,0.0
2025-12-16T06:08:19.638122,Recipe_C,e493d977-1289-4420-b102-87061598c92c,8,0.0,,,,0.0,0.0,0.0,0.0,0.0,0.0
2025-12-16T06:08:20.638122,Recipe_C,e493d977-1289-4420-b102-87061598c92c,8,0.0,,,,0.0,0.0,0.0,0.0,0.0,0.0
2025-12-16T06:08:21.638122,Recipe_C,e493d977-1289-4420-b102-87061598c92c,8,0.0,,,,0.0,0.0,0.0,0.0,0.0,0.0
2025-12-16T06:08:22.638122,Recipe_C,e493d977-1289-4420-b102-87061598c92c,8,0.0,,,,0.0,0.0,0.0,0.0,0.0,0.0
2025-12-16T06:08:23.638122,Recipe_C,e493d977-1289-4420-b102-87061598c92c,8,0.0,,,,0.0,0.0,0.0,0.0,0.0,0.0
2025-12-16T06:08:24.638122,Recipe_C,e493d977-1289-4420-b102-87061598c92c,8,0.0,,,,0.0,0.0,0.0,0.0,0.0,0.0
2025-12-16T06:08:25.638122,Recipe_C,e493d977-1289-4420-b102-87061598c92c,8,0.0,,,,0.0,0.0,0.0,0.0,0.0,0.0
2025-12-16T06:08:26.638122,Recipe_C,e493d977-1289-4420-b102-87061598c92c,8,0.0,,,,0.0,0.0,0.0,0.0,0.0,0.0
2025-12-16T06:08:27.638122,Recipe_C,e493d977-1289-4420-b102-87061598c92c,8,0.0,,,,0.0,0.0,0.0,0.0,0.0,0.0
2025-12-16T06:08:28.638122,Recipe_C,e493d977-1289-4420-b102-87061598c92c,8,0.0,,,,0.0,0.0,0.0,0.0,0.0,0.0
2025-12-16T06:08:29.638122,Recipe_C,e493d977-1289-4420-b102-87061598c92c,8,0.0,,,,0.0,0.0,0.0,0.0,0.0,0.0
2025-12-16T06:08:30.638122,Recipe_C,e493d977-1289-4420-b102-87061598c92c,8,0.0,,,,0.0,0.0,0.0,0.0,0.0,0.0
2025-12-16T06:08:31.638122,Recipe_C,e493d977-1289-4420-b102-87061598c92c,8,0.0,,,,0.0,0.0,0.0,0.0,0.0,0.0
2025-12-16T06:08:32.638122,Recipe_C,e493d977-1289-4420-b102-87061598c92c,8,0.0,,,,0.0,0.0,0.0,0.0,0.0,0.0
2025-12-16T06:08:33.638122,Recipe_C,e493d977-1289-4420-b102-87061598c92c,8,0.0,,,,0.0,0.0,0.0,0.0,0.0,0.0
2025-12-16T06:08:34.638122,Recipe_C,e493d977-1289-4420-b102-87061598c92c,8,0.0,,,,0.0,0.0,0.0,0.0,0.0,0.0
2025-12-16T06:08:35.638122,Recipe_C,e493d977-1289-4420-b102-87061598c92c,8,0.0,,,,0.0,0.0,0.0,0.0,0.0,0.0
2025-12-16T06:08:36.638122,Recipe_C,e493d977-1289-4420-b102-87061598c92c,8,0.0,,,,0.0,0.0,0.0,0.0,0.0,0.0
2025-12-16T06:08:37.638122,Recipe_C,e493d977-1289-4420-b102-87061598c92c,8,0.0,,,,0.0,0.0,0.0,0.0,0.0,0.0
2025-12-16T06:08:38.638122,Recipe_C,e493d977-1289-4420-b102-87061598c92c,8,0.0,,,,0.0,0.0,0.0,0.0,0.0,0.0
2025-12-16T06:08:39.638122,Recipe_C,e493d977-1289-4420-b102-87061598c92c,8,2.0,,,,10.31,10.13,12.46,10.66,12.54,8.58
2025-12-16T06:08:40.638122,Recipe_C,e493d977-1289-4420-b102-87061598c92c,8,2.0,,,,12.12,11.85,8.99,9.67,6.76,10.25
2025-12-16T06:08:41.638122,Recipe_C,e493d977-1289-4420-b102-87061598c92c,8,2.0,,,,7.64,9.63,7.82,9.34,9.47,13.45
2025-12-16T06:08:42.638122,Recipe_C,e493d977-1289-4420-b102-87061598c92c,8,2.0,,,,8.5,8.34,12.82,10.65,12.43,7.28
2025-12-16T06:08:43.638122,Recipe_C,e493d977-1289-4420-b102-87061598c92c,8,2.0,,,,9.7,9.46,7.91,12.88,8.97,10.01
2025-12-16T06:08:44.638122,Recipe_C,e493d977-1289-4420-b102-87061598c92c,8,2.0,,,,8.61,11.41,12.34,12.33,9.67,11.7
2025-12-16T06:08:45.638122,Recipe_C,e493d977-1289-4420-b102-87061598c92c,8,2.0,,,,11.21,7.45,13.03,9.9,12.23,8.45
2025-12-16T06:08:46.638122,Recipe_C,e493d977-1289-4420-b102-87061598c92c,8,2.0,,,,12.08,8.84,9.05,9.59,9.21,9.37
2025-12-16T06:08:47.638122,Recipe_C,e493d977-1289-4420-b102-87061598c92c,8,2.0,,,,13.53,7.88,8.25,11.02,8.99,10.86
2025-12-16T06:08:48.638122,Recipe_C,e493d977-1289-4420-b102-87061598c92c,8,2.0,,,,16.33,12.56,8.95,10.66,10.33,12.68
2025-12-16T06:08:49.638122,Recipe_C,e493d977-1289-4420-b102-87061598c92c,8,2.0,,,,7.69,11.56,9.16,8.47,8.19,11.22
2025-12-16T06:08:50.638122,Recipe_C,e493d977-1289-4420-b102-87061598c92c,8,2.0,,,,8.22,11.54,7.32,12.46,9.08,10.12
2025-12-16T06:08:51.638122,Recipe_C,e493d977-1289-4420-b102-87061598c92c,8,2.0,,,,12.17,8.03,7.24,11.39,9.31,10.46
2025-12-16T06:08:52.638122,Recipe_C,e493d977-1289-4420-b102-87061598c92c,8,2.0,,,,13.58,14.88,11.97,11.88,6.89,12.81
2025-12-16T06:08:53.638122,Recipe_C,e493d977-1289-4420-b102-87061598c92c,8,2.0,,,,11.9,14.54,6.83,8.65,8.06,9.04
2025-12-16T06:08:54.638122,Recipe_C,e493d977-1289-4420-b102-87061598c92c,8,2.0,,,,9.53,10.95,6.94,9.13,7.55,10.49
2025-12-16T06:08:55.638122,Recipe_C,e493d977-1289-4420-b102-87061598c92c,8,2.0,,,,14.19,10.7,8.17,8.12,11.61,5.94
2025-12-16T06:08:56.638122,Recipe_C,e493d977-1289-4420-b102-87061598c92c,8,5.0,,,,5.78,7.36,9.88,9.5,6.96,8.59
2025-12-16T06:08:57.638122,Recipe_C,e493d977-1289-4420-b102-87061598c92c,8,5.0,,,,13.4,7.8,10.46,8.18,11.13,13.6
2025-12-16T06:08:58.638122,Recipe_C,e493d977-1289-4420-b102-87061598c92c,8,5.0,,,,14.43,9.32,10.52,10.58,11.28,9.39
2025-12-16T06:08:59.638122,Recipe_C,e493d977-1289-4420-b102-87061598c92c,8,5.0,,,,11.51,8.62,8.97,7.96,10.75,8.26
2025-12-16T06:09:00.638122,Recipe_C,e493d977-1289-4420-b102-87061598c92c,8,5.0,,,,12.04,11.49,9.95,9.75,11.08,14.67
2025-12-16T06:09:01.638122,Recipe_C,e493d977-1289-4420-b102-87061598c92c,8,5.0,,,,7.54,14.62,11.47,10.15,8.72,9.38
2025-12-16T06:09:02.638122,Recipe_C,e493d977-1289-4420-b102-87061598c92c,8,5.0,,,,10.93,9.31,8.17,12.11,9.36,6.96
2025-12-16T06:09:03.638122,Recipe_C,e493d977-1289-4420-b102-87061598c92c,8,5.0,,,,6.89,11.97,10.87,10.72,11.16,4.89
2025-12-16T06:09:04.638122,Recipe_C,e493d977-1289-4420-b102-87061598c92c,8,5.0,,,,13.82,12.9,7.74,9.86,8.79,15.09
2025-12-16T06:09:05.638122,Recipe_C,e493d977-1289-4420-b102-87061598c92c,8,5.0,,,,10.83,12.52,7.26,11.06,8.6,8.34
2025-12-16T06:09:06.638122,Recipe_C,e493d977-1289-4420-b102-87061598c92c,8,1.0,,,,11.2,8.06,10.42,14.19,9.53,11.65
2025-12-16T06:09:07.638122,Recipe_C,e493d977-1289-4420-b102-87061598c92c,8,1.0,,,,7.22,8.47,10.9,10.2,8.89,9.04
2025-12-16T06:09:08.638122,Recipe_C,e493d977-1289-4420-b102-87061598c92c,8,1.0,,,,10.25,11.97,11.52,8.71,5.59,7.89
2025-12-16T06:09:09.638122,Recipe_C,e493d977-1289-4420-b102-87061598c92c,8,1.0,,,,11.92,7.66,7.76,8.15,9.98,9.33
2025-12-16T06:09:10.638122,Recipe_C,e493d977-1289-4420-b102-87061598c92c,8,1.0,,,,13.36,14.61,10.7,11.2,7.86,8.67
2025-12-16T06:09:11.638122,Recipe_C,e493d977-1289-4420-b102-87061598c92c,8,1.0,,,,9.22,13.32,10.86,10.53,9.05,6.29
2025-12-16T06:09:11.638122,Recipe_C,e493d977-1289-4420-b102-87061598c92c,8,1.0,Warning_2,Simulated Warning occurred,Warning,,,,,,
2025-12-16T06:09:12.638122,Recipe_C,e493d977-1289-4420-b102-87061598c92c,8,1.0,,,,9.02,11.1,9.31,8.34,8.37,8.51
2025-12-16T06:09:13.638122,Recipe_C,e493d977-1289-4420-b102-87061598c92c,8,1.0,,,,8.65,8.8,13.35,10.24,9.06,9.18
2025-12-16T06:09:14.638122,Recipe_C,e493d977-1289-4420-b102-87061598c92c,8,1.0,,,,7.36,10.25,11.96,12.47,10.75,9.64
2025-12-16T06:09:15.638122,Recipe_C,e493d977-1289-4420-b102-87061598c92c,8,1.0,,,,11.37,10.2,9.34,10.6,13.37,8.78
2025-12-16T06:09:16.638122,Recipe_C,e493d977-1289-4420-b102-87061598c92c,8,1.0,,,,10.89,10.05,8.02,11.66,8.9,11.66
2025-12-16T06:09:17.638122,Recipe_C,e493d977-1289-4420-b102-87061598c92c,8,1.0,,,,11.99,7.66,9.84,12.25,8.3,5.12
2025-12-16T06:09:18.638122,Recipe_C,e493d977-1289-4420-b102-87061598c92c,8,1.0,,,,11.48,10.59,10.97,8.72,14.25,13.41
2025-12-16T06:09:19.638122,Recipe_C,e493d977-1289-4420-b102-87061598c92c,8,1.0,,,,8.34,12.02,8.59,15.69,7.24,10.34
2025-12-16T06:09:20.638122,Recipe_C,e493d977-1289-4420-b102-87061598c92c,8,1.0,,,,11.77,8.22,10.43,11.06,6.97,9.53
2025-12-16T06:09:21.638122,Recipe_C,e493d977-1289-4420-b102-87061598c92c,8,1.0,,,,10.35,8.43,7.79,12.17,5.85,14.25
2025-12-16T06:09:22.638122,Recipe_C,e493d977-1289-4420-b102-87061598c92c,8,1.0,,,,10.83,10.17,11.1,9.89,8.9,9.17
2025-12-16T06:09:23.638122,Recipe_C,e493d977-1289-4420-b102-87061598c92c,8,1.0,,,,8.93,11.31,9.63,7.51,7.18,11.72
2025-12-16T06:09:24.638122,Recipe_C,e493d977-1289-4420-b102-87061598c92c,8,1.0,,,,8.6,8.58,9.2,12.81,12.56,10.5
2025-12-16T06:09:25.638122,Recipe_C,e493d977-1289-4420-b102-87061598c92c,8,2.0,,,,11.3,5.63,8.98,8.94,9.76,11.05
2025-12-16T06:09:26.638122,Recipe_C,e493d977-1289-4420-b102-87061598c92c,8,2.0,,,,11.23,11.87,9.2,13.16,13.14,9.22
2025-12-16T06:09:27.638122,Recipe_C,e493d977-1289-4420-b102-87061598c92c,8,2.0,,,,8.22,7.42,7.14,11.1,12.16,9.45
2025-12-16T06:09:28.638122,Recipe_C,e493d977-1289-4420-b102-87061598c92c,8,2.0,,,,9.4,12.16,7.84,10.39,12.65,13.05
2025-12-16T06:09:29.638122,Recipe_C,e493d977-1289-4420-b102-87061598c92c,8,2.0,,,,6.88,10.34,9.29,8.76,11.24,12.22
2025-12-16T06:09:30.638122,Recipe_C,e493d977-1289-4420-b102-87061598c92c,8,2.0,,,,11.46,8.55,9.44,9.8,3.68,9.93
2025-12-16T06:09:31.638122,Recipe_C,e493d977-1289-4420-b102-87061598c92c,8,2.0,,,,12.63,11.7,10.15,6.78,10.3,10.47
2025-12-16T06:09:32.638122,Recipe_C,e493d977-1289-4420-b102-87061598c92c,8,2.0,,,,10.21,9.84,10.67,9.08,10.65,15.22
2025-12-16T06:09:33.638122,Recipe_C,e493d977-1289-4420-b102-87061598c92c,8,2.0,,,,9.35,8.15,6.69,8.6,12.55,7.03
2025-12-16T06:09:34.638122,Recipe_C,e493d977-1289-4420-b102-87061598c92c,8,2.0,,,,11.6,12.96,9.44,12.29,11.96,7.29
2025-12-16T06:09:35.638122,Recipe_C,e493d977-1289-4420-b102-87061598c92c,8,2.0,,,,10.92,10.18,9.38,11.71,8.31,9.33
2025-12-16T06:09:36.638122,Recipe_C,e493d977-1289-4420-b102-87061598c92c,8,2.0,,,,12.94,10.53,6.81,9.01,10.71,9.64
2025-12-16T06:09:37.638122,Recipe_C,e493d977-1289-4420-b102-87061598c92c,8,2.0,,,,9.94,12.24,8.82,15.3,12.08,8.98
2025-12-16T06:09:38.638122,Recipe_C,e493d977-1289-4420-b102-87061598c92c,8,2.0,,,,9.21,11.82,9.45,10.84,11.08,12.08
2025-12-16T06:09:39.638122,Recipe_C,e493d977-1289-4420-b102-87061598c92c,8,2.0,,,,12.16,11.5,12.29,4.37,8.36,15.13
2025-12-16T06:09:40.638122,Recipe_C,e493d977-1289-4420-b102-87061598c92c,8,2.0,,,,9.02,8.62,11.12,11.56,9.29,8.39
2025-12-16T06:09:41.638122,Recipe_C,e493d977-1289-4420-b102-87061598c92c,8,2.0,,,,15.12,13.41,9.22,10.6,12.04,5.58
2025-12-16T06:09:42.638122,Recipe_C,e493d977-1289-4420-b102-87061598c92c,8,2.0,,,,9.0,9.0,9.2,12.33,11.69,8.67
2025-12-16T06:09:43.638122,Recipe_C,e493d977-1289-4420-b102-87061598c92c,8,2.0,,,,13.54,12.99,8.84,14.69,12.01,11.23
2025-12-16T06:09:44.638122,Recipe_C,e493d977-1289-4420-b102-87061598c92c,8,2.0,,,,11.57,11.77,12.3,10.39,6.52,9.97
2025-12-16T06:09:45.638122,Recipe_C,e493d977-1289-4420-b102-87061598c92c,8,2.0,,,,12.22,9.44,8.63,11.19,13.27,7.62
2025-12-16T06:09:46.638122,Recipe_C,e493d977-1289-4420-b102-87061598c92c,8,2.0,,,,11.0,7.18,6.82,10.21,7.16,10.44
2025-12-16T06:09:47.638122,Recipe_C,e493d977-1289-4420-b102-87061598c92c,8,2.0,,,,13.72,12.48,7.09,8.88,11.89,7.54
2025-12-16T06:09:48.638122,Recipe_C,e493d977-1289-4420-b102-87061598c92c,8,2.0,,,,7.42,10.89,12.41,4.63,12.35,9.49
2025-12-16T06:09:49.638122,Recipe_C,e493d977-1289-4420-b102-87061598c92c,8,2.0,,,,9.6,7.97,9.52,10.93,7.91,11.57
2025-12-16T06:09:50.638122,Recipe_C,e493d977-1289-4420-b102-87061598c92c,8,2.0,,,,10.26,9.41,10.94,11.28,7.51,9.37
2025-12-16T06:09:51.638122,Recipe_C,e493d977-1289-4420-b102-87061598c92c,8,2.0,,,,10.82,5.04,9.57,7.23,7.28,11.01
2025-12-16T06:09:52.638122,Recipe_C,e493d977-1289-4420-b102-87061598c92c,8,2.0,,,,12.7,9.55,11.53,9.05,7.23,8.33
2025-12-16T06:09:53.638122,Recipe_C,e493d977-1289-4420-b102-87061598c92c,8,2.0,,,,10.07,9.79,8.14,9.32,12.1,8.95
2025-12-16T06:09:54.638122,Recipe_C,e493d977-1289-4420-b102-87061598c92c,8,2.0,,,,5.61,9.39,5.5,10.83,11.61,8.02
2025-12-16T06:09:55.638122,Recipe_C,e493d977-1289-4420-b102-87061598c92c,8,2.0,,,,6.29,6.0,8.42,10.45,11.15,8.26
2025-12-16T06:09:56.638122,Recipe_C,e493d977-1289-4420-b102-87061598c92c,8,2.0,,,,9.75,9.95,10.09,9.35,8.27,12.5
2025-12-16T06:09:57.638122,Recipe_C,e493d977-1289-4420-b102-87061598c92c,8,2.0,,,,12.02,10.21,11.4,12.12,5.43,10.04
2025-12-16T06:09:58.638122,Recipe_C,e493d977-1289-4420-b102-87061598c92c,8,2.0,,,,9.78,12.03,9.68,11.91,12.72,11.33
2025-12-16T06:09:59.638122,Recipe_C,e493d977-1289-4420-b102-87061598c92c,8,2.0,,,,8.85,8.21,9.79,9.34,10.55,8.15
2025-12-16T06:10:00.638122,Recipe_C,e493d977-1289-4420-b102-87061598c92c,8,2.0,,,,9.63,10.32,11.48,11.96,12.4,11.34
2025-12-16T06:10:01.638122,Recipe_C,e493d977-1289-4420-b102-87061598c92c,8,2.0,,,,12.47,6.13,11.13,9.21,10.41,11.68
2025-12-16T06:10:02.638122,Recipe_C,e493d977-1289-4420-b102-87061598c92c,8,2.0,,,,10.77,12.21,11.94,12.69,10.97,5.05
2025-12-16T06:10:03.638122,Recipe_C,e493d977-1289-4420-b102-87061598c92c,8,2.0,,,,11.41,8.52,8.08,14.33,6.0,10.16
2025-12-16T06:10:04.638122,Recipe_C,e493d977-1289-4420-b102-87061598c92c,8,2.0,,,,9.56,8.1,10.63,11.27,8.15,9.79
2025-12-16T06:10:05.638122,Recipe_C,e493d977-1289-4420-b102-87061598c92c,8,2.0,,,,14.34,13.18,9.02,10.04,9.79,6.56
2025-12-16T06:10:06.638122,Recipe_C,e493d977-1289-4420-b102-87061598c92c,8,2.0,,,,10.32,7.98,12.43,8.62,11.0,9.65
2025-12-16T06:10:06.638122,Recipe_C,e493d977-1289-4420-b102-87061598c92c,8,2.0,Warning_8,Simulated Warning occurred,Warning,,,,,,
2025-12-16T06:10:07.638122,Recipe_C,e493d977-1289-4420-b102-87061598c92c,8,2.0,,,,10.38,11.26,11.9,8.93,10.22,10.93
2025-12-16T06:10:08.638122,Recipe_C,e493d977-1289-4420-b102-87061598c92c,8,2.0,,,,8.37,9.17,11.07,12.82,6.05,11.05
2025-12-16T06:10:09.638122,Recipe_C,e493d977-1289-4420-b102-87061598c92c,8,2.0,,,,9.52,11.66,14.08,7.14,9.4,12.82
2025-12-16T06:10:10.638122,Recipe_C,e493d977-1289-4420-b102-87061598c92c,8,2.0,,,,9.14,9.46,6.74,10.14,9.62,5.95
2025-12-16T06:10:11.638122,Recipe_C,e493d977-1289-4420-b102-87061598c92c,8,2.0,,,,12.08,8.34,8.82,9.55,7.94,10.6
2025-12-16T06:10:12.638122,Recipe_C,e493d977-1289-4420-b102-87061598c92c,8,2.0,,,,8.25,11.11,9.33,13.03,8.73,10.9
2025-12-16T06:10:12.638122,Recipe_C,e493d977-1289-4420-b102-87061598c92c,8,2.0,Warning_10,Simulated Warning occurred,Warning,,,,,,
2025-12-16T06:10:13.638122,Recipe_C,e493d977-1289-4420-b102-87061598c92c,8,2.0,,,,12.15,11.81,10.66,9.75,12.0,10.33
2025-12-16T06:10:14.638122,Recipe_C,e493d977-1289-4420-b102-87061598c92c,8,2.0,,,,8.84,12.99,12.45,9.95,8.59,10.65
2025-12-16T06:10:15.638122,Recipe_C,e493d977-1289-4420-b102-87061598c92c,8,2.0,,,,8.72,9.32,9.46,12.77,11.64,11.51
2025-12-16T06:10:16.638122,Recipe_C,e493d977-1289-4420-b102-87061598c92c,8,2.0,,,,9.82,11.71,11.7,11.23,11.15,9.99
2025-12-16T06:10:17.638122,Recipe_C,e493d977-1289-4420-b102-87061598c92c,8,2.0,,,,7.21,13.57,9.95,11.94,12.07,12.31
2025-12-16T06:10:18.638122,Recipe_C,e493d977-1289-4420-b102-87061598c92c,8,2.0,,,,14.39,13.0,4.73,13.39,8.05,11.16
2025-12-16T06:10:19.638122,Recipe_C,e493d977-1289-4420-b102-87061598c92c,8,2.0,,,,8.24,10.26,12.49,11.44,11.31,10.29
2025-12-16T06:10:20.638122,Recipe_C,e493d977-1289-4420-b102-87061598c92c,8,2.0,,,,11.08,9.95,9.54,9.38,11.86,9.95
2025-12-16T06:10:21.638122,Recipe_C,e493d977-1289-4420-b102-87061598c92c,8,2.0,,,,9.2,9.52,13.01,13.01,10.32,10.17
2025-12-16T06:10:22.638122,Recipe_C,e493d977-1289-4420-b102-87061598c92c,8,2.0,,,,12.41,11.99,9.39,7.77,11.12,9.76
2025-12-16T06:10:23.638122,Recipe_C,e493d977-1289-4420-b102-87061598c92c,8,2.0,,,,13.47,9.63,11.19,8.66,10.55,8.24
2025-12-16T06:10:24.638122,Recipe_C,e493d977-1289-4420-b102-87061598c92c,8,2.0,,,,9.65,9.99,13.46,8.99,11.96,9.75
2025-12-16T06:10:25.638122,Recipe_C,e493d977-1289-4420-b102-87061598c92c,8,2.0,,,,8.52,9.34,9.62,10.22,9.52,5.99
2025-12-16T06:10:26.638122,Recipe_C,e493d977-1289-4420-b102-87061598c92c,8,2.0,,,,4.18,10.37,10.19,9.83,8.03,8.03
2025-12-16T06:10:27.638122,Recipe_C,e493d977-1289-4420-b102-87061598c92c,8,2.0,,,,11.58,11.1,12.67,8.07,11.11,13.25
2025-12-16T06:10:28.638122,Recipe_C,e493d977-1289-4420-b102-87061598c92c,8,2.0,,,,12.08,12.06,8.96,5.54,5.6,8.46
2025-12-16T06:10:29.638122,Recipe_C,e493d977-1289-4420-b102-87061598c92c,8,2.0,,,,11.32,12.98,8.11,6.31,11.56,10.29
2025-12-16T06:10:30.638122,Recipe_C,e493d977-1289-4420-b102-87061598c92c,8,2.0,,,,10.72,11.17,8.97,10.6,7.29,7.62
2025-12-16T06:10:31.638122,Recipe_C,e493d977-1289-4420-b102-87061598c92c,8,2.0,,,,8.64,9.0,9.32,5.25,9.53,9.05
2025-12-16T06:10:32.638122,Recipe_C,e493d977-1289-4420-b102-87061598c92c,8,2.0,,,,10.82,10.72,9.78,12.72,10.23,10.39
2025-12-16T06:10:33.638122,Recipe_C,e493d977-1289-4420-b102-87061598c92c,8,2.0,,,,12.11,13.01,13.5,9.39,9.05,7.75
2025-12-16T06:10:34.638122,Recipe_C,e493d977-1289-4420-b102-87061598c92c,8,2.0,,,,12.06,9.18,9.73,9.38,10.2,12.37
2025-12-16T06:10:35.638122,Recipe_C,e493d977-1289-4420-b102-87061598c92c,8,2.0,,,,9.83,9.74,10.68,7.48,13.31,10.75
2025-12-16T06:10:36.638122,Recipe_C,e493d977-1289-4420-b102-87061598c92c,8,3.0,,,,11.86,10.64,11.45,10.53,9.94,11.43
2025-12-16T06:10:37.638122,Recipe_C,e493d977-1289-4420-b102-87061598c92c,8,3.0,,,,7.18,10.12,10.03,12.42,9.75,9.3
2025-12-16T06:10:38.638122,Recipe_C,e493d977-1289-4420-b102-87061598c92c,8,3.0,,,,8.14,6.11,11.02,10.4,11.83,8.08
2025-12-16T06:10:39.638122,Recipe_C,e493d977-1289-4420-b102-87061598c92c,8,3.0,,,,10.34,13.85,10.87,12.48,6.61,8.26
2025-12-16T06:10:40.638122,Recipe_C,e493d977-1289-4420-b102-87061598c92c,8,3.0,,,,8.78,7.62,11.19,11.5,9.9,10.73
2025-12-16T06:10:41.638122,Recipe_C,e493d977-1289-4420-b102-87061598c92c,8,3.0,,,,7.96,10.35,11.03,8.98,9.99,12.46
2025-12-16T06:10:42.638122,Recipe_C,e493d977-1289-4420-b102-87061598c92c,8,3.0,,,,9.74,12.22,10.22,6.49,12.89,12.5
2025-12-16T06:10:43.638122,Recipe_C,e493d977-1289-4420-b102-87061598c92c,8,3.0,,,,10.85,10.28,6.37,8.21,10.9,9.34
2025-12-16T06:10:44.638122,Recipe_C,e493d977-1289-4420-b102-87061598c92c,8,3.0,,,,8.99,11.21,10.1,13.92,13.06,9.76
2025-12-16T06:10:45.638122,Recipe_C,e493d977-1289-4420-b102-87061598c92c,8,3.0,,,,10.19,7.45,11.25,11.12,9.86,13.14
2025-12-16T06:10:46.638122,Recipe_C,e493d977-1289-4420-b102-87061598c92c,8,4.0,,,,93.86,51.3,53.57,51.26,38.54,59.0
2025-12-16T06:10:47.638122,Recipe_C,e493d977-1289-4420-b102-87061598c92c,8,4.0,,,,97.19,48.38,49.78,53.56,50.83,57.43
2025-12-16T06:10:48.638122,Recipe_C,e493d977-1289-4420-b102-87061598c92c,8,4.0,,,,102.71,53.08,51.25,51.5,44.54,42.41
2025-12-16T06:10:49.638122,Recipe_C,e493d977-1289-4420-b102-87061598c92c,8,4.0,,,,97.45,54.96,49.57,43.38,44.17,49.17
2025-12-16T06:10:50.638122,Recipe_C,e493d977-1289-4420-b102-87061598c92c,8,4.0,,,,99.48,45.22,47.99,45.19,46.32,57.61
2025-12-16T06:10:51.638122,Recipe_C,e493d977-1289-4420-b102-87061598c92c,8,4.0,,,,94.37,40.04,51.84,53.95,62.62,42.57
2025-12-16T06:10:52.638122,Recipe_C,e493d977-1289-4420-b102-87061598c92c,8,4.0,,,,94.81,54.29,37.87,60.69,45.94,51.54
2025-12-16T06:10:53.638122,Recipe_C,e493d977-1289-4420-b102-87061598c92c,8,4.0,,,,92.43,57.98,34.82,55.23,49.47,48.29
2025-12-16T06:10:54.638122,Recipe_C,e493d977-1289-4420-b102-87061598c92c,8,4.0,,,,92.62,44.63,56.34,52.79,52.6,44.62
2025-12-16T06:10:55.638122,Recipe_C,e493d977-1289-4420-b102-87061598c92c,8,4.0,,,,99.2,51.86,45.21,51.33,38.96,44.79
2025-12-16T06:10:56.638122,Recipe_C,e493d977-1289-4420-b102-87061598c92c,8,4.0,,,,98.96,54.52,46.76,53.47,54.44,44.23
2025-12-16T06:10:57.638122,Recipe_C,e493d977-1289-4420-b102-87061598c92c,8,4.0,,,,104.15,54.48,40.1,59.93,45.39,51.49
2025-12-16T06:10:58.638122,Recipe_C,e493d977-1289-4420-b102-87061598c92c,8,4.0,,,,102.25,50.73,55.21,44.54,55.04,39.99
2025-12-16T06:10:59.638122,Recipe_C,e493d977-1289-4420-b102-87061598c92c,8,3.0,,,,11.43,8.44,9.58,8.67,9.52,8.25
2025-12-16T06:11:00.638122,Recipe_C,e493d977-1289-4420-b102-87061598c92c,8,3.0,,,,7.33,9.79,8.38,6.61,9.99,7.47
2025-12-16T06:11:01.638122,Recipe_C,e493d977-1289-4420-b102-87061598c92c,8,3.0,,,,6.03,9.01,9.27,12.07,12.91,9.97
2025-12-16T06:11:02.638122,Recipe_C,e493d977-1289-4420-b102-87061598c92c,8,3.0,,,,13.43,9.81,12.51,9.93,14.55,10.17
2025-12-16T06:11:03.638122,Recipe_C,e493d977-1289-4420-b102-87061598c92c,8,3.0,,,,9.02,11.45,9.09,10.97,11.79,11.92
2025-12-16T06:11:04.638122,Recipe_C,e493d977-1289-4420-b102-87061598c92c,8,3.0,,,,7.18,7.18,9.33,12.1,12.82,11.7
2025-12-16T06:11:05.638122,Recipe_C,e493d977-1289-4420-b102-87061598c92c,8,3.0,,,,6.05,11.52,12.23,8.29,10.57,10.05
2025-12-16T06:11:06.638122,Recipe_C,e493d977-1289-4420-b102-87061598c92c,8,3.0,,,,12.68,10.29,10.3,10.77,7.57,8.24
2025-12-16T06:11:07.638122,Recipe_C,e493d977-1289-4420-b102-87061598c92c,8,4.0,,,,90.34,49.92,43.98,52.62,44.54,45.84
2025-12-16T06:11:08.638122,Recipe_C,e493d977-1289-4420-b102-87061598c92c,8,4.0,,,,93.06,62.87,49.5,44.36,49.41,49.88
2025-12-16T06:11:09.638122,Recipe_C,e493d977-1289-4420-b102-87061598c92c,8,4.0,,,,89.06,60.76,42.87,52.4,51.04,49.33
2025-12-16T06:11:10.638122,Recipe_C,e493d977-1289-4420-b102-87061598c92c,8,4.0,,,,94.2,49.92,50.53,33.81,56.48,52.94
2025-12-16T06:11:11.638122,Recipe_C,e493d977-1289-4420-b102-87061598c92c,8,4.0,,,,96.1,53.76,54.94,55.21,49.67,46.79
2025-12-16T06:11:12.638122,Recipe_C,e493d977-1289-4420-b102-87061598c92c,8,4.0,,,,93.36,56.91,56.27,51.1,48.52,41.8
2025-12-16T06:11:13.638122,Recipe_C,e493d977-1289-4420-b102-87061598c92c,8,4.0,,,,110.42,55.64,46.69,49.39,50.14,35.71
2025-12-16T06:11:14.638122,Recipe_C,e493d977-1289-4420-b102-87061598c92c,8,4.0,,,,105.57,42.23,57.13,56.34,49.65,52.18
2025-12-16T06:11:15.638122,Recipe_C,e493d977-1289-4420-b102-87061598c92c,8,4.0,,,,97.58,47.07,47.75,63.75,51.88,54.37
2025-12-16T06:11:16.638122,Recipe_C,e493d977-1289-4420-b102-87061598c92c,8,1.0,,,,7.77,8.11,7.37,8.72,10.48,8.21
2025-12-16T06:11:17.638122,Recipe_C,e493d977-1289-4420-b102-87061598c92c,8,1.0,,,,14.35,11.21,11.09,8.77,12.04,8.7
2025-12-16T06:11:18.638122,Recipe_C,e493d977-1289-4420-b102-87061598c92c,8,1.0,,,,10.89,13.3,9.7,12.03,13.76,7.02
2025-12-16T06:11:19.638122,Recipe_C,e493d977-1289-4420-b102-87061598c92c,8,1.0,,,,15.19,11.69,11.03,9.22,11.76,9.2
2025-12-16T06:11:20.638122,Recipe_C,e493d977-1289-4420-b102-87061598c92c,8,1.0,,,,5.34,9.92,9.45,6.81,11.04,6.82
2025-12-16T06:11:21.638122,Recipe_C,e493d977-1289-4420-b102-87061598c92c,8,1.0,,,,12.96,9.2,12.7,7.12,9.71,10.08
2025-12-16T06:11:22.638122,Recipe_C,e493d977-1289-4420-b102-87061598c92c,8,1.0,,,,9.28,8.32,8.6,9.73,9.62,11.14
2025-12-16T06:11:23.638122,Recipe_C,e493d977-1289-4420-b102-87061598c92c,8,1.0,,,,9.85,12.21,10.37,10.15,7.13,9.43
2025-12-16T06:11:24.638122,Recipe_C,e493d977-1289-4420-b102-87061598c92c,8,1.0,,,,8.1,6.29,10.11,12.27,10.93,13.16
2025-12-16T06:11:25.638122,Recipe_C,e493d977-1289-4420-b102-87061598c92c,8,1.0,,,,10.6,8.55,10.69,13.87,11.01,8.56
2025-12-16T06:11:26.638122,Recipe_C,e493d977-1289-4420-b102-87061598c92c,8,1.0,,,,9.6,6.99,11.24,7.1,14.51,14.1
2025-12-16T06:11:27.638122,Recipe_C,e493d977-1289-4420-b102-87061598c92c,8,1.0,,,,8.9,5.68,8.93,13.17,8.88,9.49
2025-12-16T06:11:28.638122,Recipe_C,e493d977-1289-4420-b102-87061598c92c,8,1.0,,,,12.56,11.13,11.1,9.14,11.12,9.57
2025-12-16T06:11:29.638122,Recipe_C,e493d977-1289-4420-b102-87061598c92c,8,1.0,,,,9.74,9.98,7.71,12.61,8.78,8.65
2025-12-16T06:11:30.638122,Recipe_C,e493d977-1289-4420-b102-87061598c92c,8,1.0,,,,9.56,10.17,9.66,7.03,9.7,9.84
2025-12-16T06:11:31.638122,Recipe_C,e493d977-1289-4420-b102-87061598c92c,8,1.0,,,,8.76,12.79,8.11,8.5,9.52,10.66
2025-12-16T06:11:32.638122,Recipe_C,e493d977-1289-4420-b102-87061598c92c,8,1.0,,,,9.19,8.9,8.84,8.5,9.42,8.12
2025-12-16T06:11:33.638122,Recipe_C,e493d977-1289-4420-b102-87061598c92c,8,1.0,,,,9.52,10.55,8.57,9.74,4.64,8.74
2025-12-16T06:11:34.638122,Recipe_C,e493d977-1289-4420-b102-87061598c92c,8,1.0,,,,8.01,10.77,8.32,10.26,9.62,8.29
2025-12-16T06:11:35.638122,Recipe_C,e493d977-1289-4420-b102-87061598c92c,8,1.0,,,,6.99,11.12,10.05,11.94,12.33,10.47
2025-12-16T06:11:36.638122,Recipe_C,e493d977-1289-4420-b102-87061598c92c,8,1.0,,,,10.07,9.85,8.6,12.06,14.05,8.64
2025-12-16T06:11:37.638122,Recipe_C,e493d977-1289-4420-b102-87061598c92c,8,1.0,,,,14.86,10.0,6.91,10.23,7.93,8.94
2025-12-16T06:11:38.638122,Recipe_C,e493d977-1289-4420-b102-87061598c92c,8,1.0,,,,9.79,8.54,5.73,10.83,12.03,11.14
2025-12-16T06:11:39.638122,Recipe_C,e493d977-1289-4420-b102-87061598c92c,8,1.0,,,,11.75,6.88,10.04,10.26,8.02,9.36
2025-12-16T06:11:40.638122,Recipe_C,e493d977-1289-4420-b102-87061598c92c,8,1.0,,,,13.0,9.56,12.6,7.09,11.65,11.04
2025-12-16T06:11:41.638122,Recipe_C,e493d977-1289-4420-b102-87061598c92c,8,1.0,,,,10.32,9.12,12.35,11.46,6.89,10.32
2025-12-16T06:11:42.638122,Recipe_C,e493d977-1289-4420-b102-87061598c92c,8,0.0,,,,0.0,0.0,0.0,0.0,0.0,0.0
2025-12-16T06:11:43.638122,Recipe_C,e493d977-1289-4420-b102-87061598c92c,8,0.0,,,,0.0,0.0,0.0,0.0,0.0,0.0
2025-12-16T06:11:44.638122,Recipe_C,e493d977-1289-4420-b102-87061598c92c,8,0.0,,,,0.0,0.0,0.0,0.0,0.0,0.0
2025-12-16T06:11:45.638122,Recipe_C,e493d977-1289-4420-b102-87061598c92c,8,0.0,,,,0.0,0.0,0.0,0.0,0.0,0.0
2025-12-16T06:11:46.638122,Recipe_C,e493d977-1289-4420-b102-87061598c92c,8,0.0,,,,0.0,0.0,0.0,0.0,0.0,0.0
2025-12-16T06:11:47.638122,Recipe_C,e493d977-1289-4420-b102-87061598c92c,8,0.0,,,,0.0,0.0,0.0,0.0,0.0,0.0
2025-12-16T06:11:48.638122,Recipe_C,e493d977-1289-4420-b102-87061598c92c,8,0.0,,,,0.0,0.0,0.0,0.0,0.0,0.0
2025-12-16T06:11:49.638122,Recipe_C,e493d977-1289-4420-b102-87061598c92c,8,0.0,,,,0.0,0.0,0.0,0.0,0.0,0.0
2025-12-16T06:11:50.638122,Recipe_C,e493d977-1289-4420-b102-87061598c92c,8,0.0,,,,0.0,0.0,0.0,0.0,0.0,0.0
2025-12-16T06:11:51.638122,Recipe_C,e493d977-1289-4420-b102-87061598c92c,8,0.0,,,,0.0,0.0,0.0,0.0,0.0,0.0
2025-12-16T06:11:52.638122,Recipe_C,e493d977-1289-4420-b102-87061598c92c,8,0.0,,,,0.0,0.0,0.0,0.0,0.0,0.0
2025-12-16T06:11:53.638122,Recipe_C,e493d977-1289-4420-b102-87061598c92c,8,0.0,,,,0.0,0.0,0.0,0.0,0.0,0.0
2025-12-16T06:11:54.638122,Recipe_C,e493d977-1289-4420-b102-87061598c92c,8,0.0,,,,0.0,0.0,0.0,0.0,0.0,0.0
2025-12-16T06:11:55.638122,Recipe_C,e493d977-1289-4420-b102-87061598c92c,8,0.0,,,,0.0,0.0,0.0,0.0,0.0,0.0
2025-12-16T06:11:55.638122,Recipe_C,e493d977-1289-4420-b102-87061598c92c,8,0.0,Error_6,Simulated Error occurred,Error,,,,,,
2025-12-16T06:11:56.638122,Recipe_C,e493d977-1289-4420-b102-87061598c92c,8,0.0,,,,0.0,0.0,0.0,0.0,0.0,0.0
2025-12-16T06:11:57.638122,Recipe_C,e493d977-1289-4420-b102-87061598c92c,8,0.0,,,,0.0,0.0,0.0,0.0,0.0,0.0
2025-12-16T06:11:58.638122,Recipe_C,e493d977-1289-4420-b102-87061598c92c,8,0.0,,,,0.0,0.0,0.0,0.0,0.0,0.0
2025-12-16T06:11:59.638122,Recipe_C,e493d977-1289-4420-b102-87061598c92c,8,0.0,,,,0.0,0.0,0.0,0.0,0.0,0.0
2025-12-16T06:12:00.638122,Recipe_C,e493d977-1289-4420-b102-87061598c92c,8,0.0,,,,0.0,0.0,0.0,0.0,0.0,0.0
2025-12-16T06:12:01.638122,Recipe_C,e493d977-1289-4420-b102-87061598c92c,8,0.0,,,,0.0,0.0,0.0,0.0,0.0,0.0
2025-12-16T06:12:02.638122,Recipe_C,e493d977-1289-4420-b102-87061598c92c,8,0.0,,,,0.0,0.0,0.0,0.0,0.0,0.0
2025-12-16T06:12:03.638122,Recipe_C,e493d977-1289-4420-b102-87061598c92c,8,0.0,,,,0.0,0.0,0.0,0.0,0.0,0.0
2025-12-16T06:12:04.638122,Recipe_C,e493d977-1289-4420-b102-87061598c92c,8,0.0,,,,0.0,0.0,0.0,0.0,0.0,0.0
2025-12-16T06:12:05.638122,Recipe_C,e493d977-1289-4420-b102-87061598c92c,8,0.0,,,,0.0,0.0,0.0,0.0,0.0,0.0
2025-12-16T06:12:06.638122,Recipe_C,e493d977-1289-4420-b102-87061598c92c,8,0.0,,,,0.0,0.0,0.0,0.0,0.0,0.0
2025-12-16T06:12:07.638122,Recipe_C,e493d977-1289-4420-b102-87061598c92c,8,0.0,,,,0.0,0.0,0.0,0.0,0.0,0.0
2025-12-16T06:12:08.638122,Recipe_C,e493d977-1289-4420-b102-87061598c92c,8,0.0,,,,0.0,0.0,0.0,0.0,0.0,0.0
2025-12-16T06:12:09.638122,Recipe_C,e493d977-1289-4420-b102-87061598c92c,8,0.0,,,,0.0,0.0,0.0,0.0,0.0,0.0
2025-12-16T06:12:10.638122,Recipe_C,e493d977-1289-4420-b102-87061598c92c,8,0.0,,,,0.0,0.0,0.0,0.0,0.0,0.0
2025-12-16T06:12:11.638122,Recipe_C,e493d977-1289-4420-b102-87061598c92c,8,0.0,,,,0.0,0.0,0.0,0.0,0.0,0.0
2025-12-16T06:12:12.638122,Recipe_C,e493d977-1289-4420-b102-87061598c92c,8,0.0,,,,0.0,0.0,0.0,0.0,0.0,0.0
2025-12-16T06:12:13.638122,Recipe_C,e493d977-1289-4420-b102-87061598c92c,8,0.0,,,,0.0,0.0,0.0,0.0,0.0,0.0
2025-12-16T06:12:14.638122,Recipe_C,e493d977-1289-4420-b102-87061598c92c,8,0.0,,,,0.0,0.0,0.0,0.0,0.0,0.0
2025-12-16T06:12:15.638122,Recipe_C,e493d977-1289-4420-b102-87061598c92c,8,0.0,,,,0.0,0.0,0.0,0.0,0.0,0.0
2025-12-16T06:12:16.638122,Recipe_C,e493d977-1289-4420-b102-87061598c92c,8,0.0,,,,0.0,0.0,0.0,0.0,0.0,0.0
2025-12-16T06:12:17.638122,Recipe_C,e493d977-1289-4420-b102-87061598c92c,8,0.0,,,,0.0,0.0,0.0,0.0,0.0,0.0
2025-12-16T06:12:18.638122,Recipe_C,e493d977-1289-4420-b102-87061598c92c,8,0.0,,,,0.0,0.0,0.0,0.0,0.0,0.0
2025-12-16T06:12:19.638122,Recipe_C,e493d977-1289-4420-b102-87061598c92c,8,0.0,,,,0.0,0.0,0.0,0.0,0.0,0.0
2025-12-16T06:12:20.638122,Recipe_C,e493d977-1289-4420-b102-87061598c92c,8,0.0,,,,0.0,0.0,0.0,0.0,0.0,0.0
2025-12-16T06:12:21.638122,Recipe_C,e493d977-1289-4420-b102-87061598c92c,8,0.0,,,,0.0,0.0,0.0,0.0,0.0,0.0
2025-12-16T06:12:22.638122,Recipe_C,e493d977-1289-4420-b102-87061598c92c,8,0.0,,,,0.0,0.0,0.0,0.0,0.0,0.0
2025-12-16T06:12:23.638122,Recipe_C,e493d977-1289-4420-b102-87061598c92c,8,0.0,,,,0.0,0.0,0.0,0.0,0.0,0.0
2025-12-16T06:12:24.638122,Recipe_C,e493d977-1289-4420-b102-87061598c92c,8,0.0,,,,0.0,0.0,0.0,0.0,0.0,0.0
2025-12-16T06:12:25.638122,Recipe_C,e493d977-1289-4420-b102-87061598c92c,8,0.0,,,,0.0,0.0,0.0,0.0,0.0,0.0
2025-12-16T06:12:26.638122,Recipe_C,e493d977-1289-4420-b102-87061598c92c,8,0.0,,,,0.0,0.0,0.0,0.0,0.0,0.0
2025-12-16T06:12:27.638122,Recipe_C,e493d977-1289-4420-b102-87061598c92c,8,0.0,,,,0.0,0.0,0.0,0.0,0.0,0.0
2025-12-16T06:12:28.638122,Recipe_C,e493d977-1289-4420-b102-87061598c92c,8,0.0,,,,0.0,0.0,0.0,0.0,0.0,0.0
2025-12-16T06:12:29.638122,Recipe_C,e493d977-1289-4420-b102-87061598c92c,8,1.0,,,,13.81,10.76,9.83,11.31,12.17,13.38
2025-12-16T06:12:30.638122,Recipe_C,e493d977-1289-4420-b102-87061598c92c,8,1.0,,,,12.14,8.6,7.55,10.46,12.59,14.67
2025-12-16T06:12:31.638122,Recipe_C,e493d977-1289-4420-b102-87061598c92c,8,1.0,,,,9.94,12.83,8.2,12.62,10.31,7.19
2025-12-16T06:12:32.638122,Recipe_C,e493d977-1289-4420-b102-87061598c92c,8,1.0,,,,9.29,11.28,7.13,10.34,7.98,9.42
2025-12-16T06:12:33.638122,Recipe_C,e493d977-1289-4420-b102-87061598c92c,8,1.0,,,,13.9,8.22,10.09,10.37,13.72,8.69
2025-12-16T06:12:34.638122,Recipe_C,e493d977-1289-4420-b102-87061598c92c,8,1.0,,,,10.59,11.54,12.05,9.52,9.34,11.75
2025-12-16T06:12:35.638122,Recipe_C,e493d977-1289-4420-b102-87061598c92c,8,0.0,,,,0.0,0.0,0.0,0.0,0.0,0.0
2025-12-16T06:12:36.638122,Recipe_C,e493d977-1289-4420-b102-87061598c92c,8,0.0,,,,0.0,0.0,0.0,0.0,0.0,0.0
2025-12-16T06:12:37.638122,Recipe_C,e493d977-1289-4420-b102-87061598c92c,8,0.0,,,,0.0,0.0,0.0,0.0,0.0,0.0
2025-12-16T06:12:38.638122,Recipe_C,e493d977-1289-4420-b102-87061598c92c,8,0.0,,,,0.0,0.0,0.0,0.0,0.0,0.0
2025-12-16T06:12:39.638122,Recipe_C,e493d977-1289-4420-b102-87061598c92c,8,0.0,,,,0.0,0.0,0.0,0.0,0.0,0.0
2025-12-16T06:12:40.638122,Recipe_C,e493d977-1289-4420-b102-87061598c92c,8,0.0,,,,0.0,0.0,0.0,0.0,0.0,0.0
2025-12-16T06:12:41.638122,Recipe_C,e493d977-1289-4420-b102-87061598c92c,8,0.0,,,,0.0,0.0,0.0,0.0,0.0,0.0
2025-12-16T06:12:42.638122,Recipe_C,e493d977-1289-4420-b102-87061598c92c,8,0.0,,,,0.0,0.0,0.0,0.0,0.0,0.0
2025-12-16T06:12:43.638122,Recipe_C,e493d977-1289-4420-b102-87061598c92c,8,0.0,,,,0.0,0.0,0.0,0.0,0.0,0.0
2025-12-16T06:12:44.638122,Recipe_C,e493d977-1289-4420-b102-87061598c92c,8,0.0,,,,0.0,0.0,0.0,0.0,0.0,0.0
2025-12-16T06:12:45.638122,Recipe_C,e493d977-1289-4420-b102-87061598c92c,8,0.0,,,,0.0,0.0,0.0,0.0,0.0,0.0
2025-12-16T06:12:46.638122,Recipe_C,e493d977-1289-4420-b102-87061598c92c,8,0.0,,,,0.0,0.0,0.0,0.0,0.0,0.0
2025-12-16T06:12:47.638122,Recipe_C,e493d977-1289-4420-b102-87061598c92c,8,0.0,,,,0.0,0.0,0.0,0.0,0.0,0.0
2025-12-16T06:12:48.638122,Recipe_C,e493d977-1289-4420-b102-87061598c92c,8,0.0,,,,0.0,0.0,0.0,0.0,0.0,0.0
2025-12-16T06:12:49.638122,Recipe_C,e493d977-1289-4420-b102-87061598c92c,8,0.0,,,,0.0,0.0,0.0,0.0,0.0,0.0
2025-12-16T06:12:50.638122,Recipe_C,e493d977-1289-4420-b102-87061598c92c,8,0.0,,,,0.0,0.0,0.0,0.0,0.0,0.0
2025-12-16T06:12:51.638122,Recipe_C,e493d977-1289-4420-b102-87061598c92c,8,0.0,,,,0.0,0.0,0.0,0.0,0.0,0.0
2025-12-16T06:12:52.638122,Recipe_C,e493d977-1289-4420-b102-87061598c92c,8,0.0,,,,0.0,0.0,0.0,0.0,0.0,0.0
2025-12-16T06:12:53.638122,Recipe_C,e493d977-1289-4420-b102-87061598c92c,8,0.0,,,,0.0,0.0,0.0,0.0,0.0,0.0
2025-12-16T06:12:54.638122,Recipe_C,e493d977-1289-4420-b102-87061598c92c,8,0.0,,,,0.0,0.0,0.0,0.0,0.0,0.0
2025-12-16T06:12:55.638122,Recipe_C,e493d977-1289-4420-b102-87061598c92c,8,0.0,,,,0.0,0.0,0.0,0.0,0.0,0.0
2025-12-16T06:12:56.638122,Recipe_C,e493d977-1289-4420-b102-87061598c92c,8,0.0,,,,0.0,0.0,0.0,0.0,0.0,0.0
2025-12-16T06:12:57.638122,Recipe_C,e493d977-1289-4420-b102-87061598c92c,8,0.0,,,,0.0,0.0,0.0,0.0,0.0,0.0
2025-12-16T06:12:58.638122,Recipe_C,e493d977-1289-4420-b102-87061598c92c,8,0.0,,,,0.0,0.0,0.0,0.0,0.0,0.0
2025-12-16T06:12:59.638122,Recipe_C,e493d977-1289-4420-b102-87061598c92c,8,0.0,,,,0.0,0.0,0.0,0.0,0.0,0.0
2025-12-16T06:13:00.638122,Recipe_C,e493d977-1289-4420-b102-87061598c92c,8,0.0,,,,0.0,0.0,0.0,0.0,0.0,0.0
2025-12-16T06:13:01.638122,Recipe_C,e493d977-1289-4420-b102-87061598c92c,8,0.0,,,,0.0,0.0,0.0,0.0,0.0,0.0
2025-12-16T06:13:02.638122,Recipe_C,e493d977-1289-4420-b102-87061598c92c,8,0.0,,,,0.0,0.0,0.0,0.0,0.0,0.0
2025-12-16T06:13:03.638122,Recipe_C,e493d977-1289-4420-b102-87061598c92c,8,0.0,,,,0.0,0.0,0.0,0.0,0.0,0.0
2025-12-16T06:13:04.638122,Recipe_C,e493d977-1289-4420-b102-87061598c92c,8,0.0,,,,0.0,0.0,0.0,0.0,0.0,0.0
2025-12-16T06:13:05.638122,Recipe_C,e493d977-1289-4420-b102-87061598c92c,8,0.0,,,,0.0,0.0,0.0,0.0,0.0,0.0
2025-12-16T06:13:06.638122,Recipe_C,e493d977-1289-4420-b102-87061598c92c,8,0.0,,,,0.0,0.0,0.0,0.0,0.0,0.0
2025-12-16T06:13:07.638122,Recipe_C,e493d977-1289-4420-b102-87061598c92c,8,2.0,,,,9.96,10.24,12.44,9.05,10.04,13.63
2025-12-16T06:13:08.638122,Recipe_C,e493d977-1289-4420-b102-87061598c92c,8,2.0,,,,8.21,10.74,10.22,12.62,5.53,7.69
2025-12-16T06:13:09.638122,Recipe_C,e493d977-1289-4420-b102-87061598c92c,8,2.0,,,,8.1,8.43,10.76,8.88,13.17,12.13
2025-12-16T06:13:10.638122,Recipe_C,e493d977-1289-4420-b102-87061598c92c,8,2.0,,,,6.49,9.41,10.96,12.15,7.79,9.99
2025-12-16T06:13:11.638122,Recipe_C,e493d977-1289-4420-b102-87061598c92c,8,2.0,,,,12.83,10.94,13.02,11.56,8.63,8.99
2025-12-16T06:13:12.638122,Recipe_C,e493d977-1289-4420-b102-87061598c92c,8,2.0,,,,10.71,11.7,8.44,10.8,10.8,8.58
2025-12-16T06:13:13.638122,Recipe_C,e493d977-1289-4420-b102-87061598c92c,8,2.0,,,,9.87,11.8,13.43,9.41,8.95,8.55
2025-12-16T06:13:14.638122,Recipe_C,e493d977-1289-4420-b102-87061598c92c,8,2.0,,,,11.53,11.86,8.88,8.2,10.89,7.95
2025-12-16T06:13:15.638122,Recipe_C,e493d977-1289-4420-b102-87061598c92c,8,2.0,,,,13.56,9.13,7.8,7.65,9.46,11.32
2025-12-16T06:13:16.638122,Recipe_C,e493d977-1289-4420-b102-87061598c92c,8,2.0,,,,10.83,13.31,13.88,11.46,7.97,9.79
2025-12-16T06:13:17.638122,Recipe_C,e493d977-1289-4420-b102-87061598c92c,8,2.0,,,,12.85,7.02,8.68,8.08,14.72,8.62
2025-12-16T06:13:18.638122,Recipe_C,e493d977-1289-4420-b102-87061598c92c,8,2.0,,,,7.46,9.1,6.59,6.59,9.75,8.62
2025-12-16T06:13:19.638122,Recipe_C,e493d977-1289-4420-b102-87061598c92c,8,2.0,,,,7.9,8.74,8.91,11.81,7.99,13.21
2025-12-16T06:13:20.638122,Recipe_C,e493d977-1289-4420-b102-87061598c92c,8,2.0,,,,9.72,10.39,10.48,11.04,11.02,10.21
2025-12-16T06:13:21.638122,Recipe_C,e493d977-1289-4420-b102-87061598c92c,8,2.0,,,,10.94,10.15,10.26,8.95,8.1,10.69
2025-12-16T06:13:22.638122,Recipe_C,e493d977-1289-4420-b102-87061598c92c,8,2.0,,,,8.69,9.59,8.81,10.78,4.56,9.0
2025-12-16T06:13:23.638122,Recipe_C,e493d977-1289-4420-b102-87061598c92c,8,2.0,,,,6.29,13.98,10.49,10.39,9.2,10.88
2025-12-16T06:13:24.638122,Recipe_C,e493d977-1289-4420-b102-87061598c92c,8,2.0,,,,12.06,12.65,7.15,10.43,9.46,9.27
2025-12-16T06:13:25.638122,Recipe_C,e493d977-1289-4420-b102-87061598c92c,8,2.0,,,,9.03,11.09,11.23,11.76,10.95,12.63
2025-12-16T06:13:26.638122,Recipe_C,e493d977-1289-4420-b102-87061598c92c,8,5.0,,,,9.4,9.06,10.29,13.91,11.51,8.76
2025-12-16T06:13:27.638122,Recipe_C,e493d977-1289-4420-b102-87061598c92c,8,5.0,,,,9.33,10.8,10.32,14.14,12.05,7.85
2025-12-16T06:13:28.638122,Recipe_C,e493d977-1289-4420-b102-87061598c92c,8,5.0,,,,5.52,7.7,11.05,10.25,9.66,8.48
2025-12-16T06:13:29.638122,Recipe_C,e493d977-1289-4420-b102-87061598c92c,8,5.0,,,,11.35,8.94,9.04,12.61,9.75,11.81
2025-12-16T06:13:30.638122,Recipe_C,e493d977-1289-4420-b102-87061598c92c,8,5.0,,,,8.36,14.66,10.63,12.79,8.69,8.08
2025-12-16T06:13:31.638122,Recipe_C,e493d977-1289-4420-b102-87061598c92c,8,5.0,,,,8.25,11.18,8.39,11.02,13.06,7.86
2025-12-16T06:13:32.638122,Recipe_C,e493d977-1289-4420-b102-87061598c92c,8,5.0,,,,7.57,10.75,8.13,10.06,7.11,13.67
2025-12-16T06:13:33.638122,Recipe_C,e493d977-1289-4420-b102-87061598c92c,8,3.0,,,,10.28,8.11,7.84,8.05,9.89,12.15
2025-12-16T06:13:34.638122,Recipe_C,e493d977-1289-4420-b102-87061598c92c,8,3.0,,,,9.7,8.85,7.77,10.96,8.51,11.51
2025-12-16T06:13:35.638122,Recipe_C,e493d977-1289-4420-b102-87061598c92c,8,3.0,,,,8.06,9.59,9.0,10.02,10.21,10.96
2025-12-16T06:13:36.638122,Recipe_C,e493d977-1289-4420-b102-87061598c92c,8,3.0,,,,11.13,11.57,10.5,8.92,9.53,10.24
2025-12-16T06:13:37.638122,Recipe_C,e493d977-1289-4420-b102-87061598c92c,8,3.0,,,,7.14,11.92,8.82,9.01,8.4,8.81
2025-12-16T06:13:38.638122,Recipe_C,e493d977-1289-4420-b102-87061598c92c,8,3.0,,,,8.67,8.7,8.61,10.73,8.88,6.61
2025-12-16T06:13:39.638122,Recipe_C,e493d977-1289-4420-b102-87061598c92c,8,3.0,,,,9.58,9.53,12.09,9.57,8.21,12.04
2025-12-16T06:13:40.638122,Recipe_C,e493d977-1289-4420-b102-87061598c92c,8,3.0,,,,10.94,12.06,9.75,7.86,8.24,6.32
2025-12-16T06:13:41.638122,Recipe_C,e493d977-1289-4420-b102-87061598c92c,8,3.0,,,,9.0,10.75,12.89,10.34,5.57,13.32
2025-12-16T06:13:42.638122,Recipe_C,e493d977-1289-4420-b102-87061598c92c,8,3.0,,,,8.52,10.2,8.62,7.99,9.34,11.32
2025-12-16T06:13:43.638122,Recipe_C,e493d977-1289-4420-b102-87061598c92c,8,3.0,,,,11.88,11.77,10.48,11.03,6.57,8.52
2025-12-16T06:13:44.638122,Recipe_C,e493d977-1289-4420-b102-87061598c92c,8,3.0,,,,8.83,10.61,8.72,9.85,10.4,10.74
2025-12-16T06:13:45.638122,Recipe_C,e493d977-1289-4420-b102-87061598c92c,8,3.0,,,,8.91,7.63,7.32,11.42,8.24,10.67
2025-12-16T06:13:46.638122,Recipe_C,e493d977-1289-4420-b102-87061598c92c,8,3.0,,,,4.65,10.78,11.1,11.24,11.18,6.05
2025-12-16T06:13:47.638122,Recipe_C,e493d977-1289-4420-b102-87061598c92c,8,3.0,,,,10.82,7.1,11.47,10.3,11.99,8.24
2025-12-16T06:13:47.638122,Recipe_C,e493d977-1289-4420-b102-87061598c92c,8,3.0,Warning_6,Simulated Warning occurred,Warning,,,,,,
2025-12-16T06:13:48.638122,Recipe_C,e493d977-1289-4420-b102-87061598c92c,8,3.0,,,,12.17,11.0,13.88,10.36,9.25,9.27
2025-12-16T06:13:49.638122,Recipe_C,e493d977-1289-4420-b102-87061598c92c,8,3.0,,,,9.43,9.5,7.95,12.29,10.74,8.84
2025-12-16T06:13:50.638122,Recipe_C,e493d977-1289-4420-b102-87061598c92c,8,3.0,,,,9.04,9.28,11.95,11.76,9.46,9.11
2025-12-16T06:13:51.638122,Recipe_C,e493d977-1289-4420-b102-87061598c92c,8,3.0,,,,10.19,11.27,10.48,10.7,12.83,7.53
2025-12-16T06:13:52.638122,Recipe_C,e493d977-1289-4420-b102-87061598c92c,8,3.0,,,,7.66,6.78,8.56,7.35,7.51,11.29
2025-12-16T06:13:53.638122,Recipe_C,e493d977-1289-4420-b102-87061598c92c,8,3.0,,,,6.46,11.46,7.53,10.76,11.35,9.64
2025-12-16T06:13:54.638122,Recipe_C,e493d977-1289-4420-b102-87061598c92c,8,3.0,,,,12.77,12.77,9.93,7.54,11.85,10.7
2025-12-16T06:13:55.638122,Recipe_C,e493d977-1289-4420-b102-87061598c92c,8,3.0,,,,6.71,7.71,13.19,8.6,10.4,8.94
2025-12-16T06:13:55.638122,Recipe_C,e493d977-1289-4420-b102-87061598c92c,8,3.0,Warning_4,Simulated Warning occurred,Warning,,,,,,
2025-12-16T06:13:56.638122,Recipe_C,e493d977-1289-4420-b102-87061598c92c,8,3.0,,,,12.08,9.38,7.75,13.91,13.59,10.53
2025-12-16T06:13:57.638122,Recipe_C,e493d977-1289-4420-b102-87061598c92c,8,3.0,,,,11.21,7.76,9.91,5.86,8.76,11.46
2025-12-16T06:13:58.638122,Recipe_C,e493d977-1289-4420-b102-87061598c92c,8,3.0,,,,10.48,13.21,12.18,7.6,11.37,7.29
2025-12-16T06:13:59.638122,Recipe_C,e493d977-1289-4420-b102-87061598c92c,8,3.0,,,,10.79,11.63,14.02,9.63,9.08,11.36
2025-12-16T06:14:00.638122,Recipe_C,e493d977-1289-4420-b102-87061598c92c,8,1.0,,,,9.78,10.79,11.07,9.08,8.83,9.11
2025-12-16T06:14:01.638122,Recipe_C,e493d977-1289-4420-b102-87061598c92c,8,1.0,,,,8.84,5.93,11.7,9.26,8.84,10.57
2025-12-16T06:14:02.638122,Recipe_C,e493d977-1289-4420-b102-87061598c92c,8,1.0,,,,10.78,9.75,8.56,10.08,10.15,10.57
2025-12-16T06:14:03.638122,Recipe_C,e493d977-1289-4420-b102-87061598c92c,8,1.0,,,,10.36,8.99,11.3,7.41,11.69,10.02
2025-12-16T06:14:04.638122,Recipe_C,e493d977-1289-4420-b102-87061598c92c,8,1.0,,,,9.17,9.87,7.97,8.95,8.47,11.52
2025-12-16T06:14:05.638122,Recipe_C,e493d977-1289-4420-b102-87061598c92c,8,1.0,,,,9.68,9.5,9.98,6.95,11.28,9.91
2025-12-16T06:14:06.638122,Recipe_C,e493d977-1289-4420-b102-87061598c92c,8,1.0,,,,9.33,6.76,8.08,10.84,13.16,10.27
2025-12-16T06:14:07.638122,Recipe_C,e493d977-1289-4420-b102-87061598c92c,8,1.0,,,,8.4,8.95,13.62,9.37,11.68,10.34
2025-12-16T06:14:08.638122,Recipe_C,e493d977-1289-4420-b102-87061598c92c,8,1.0,,,,10.3,7.0,8.2,12.29,8.09,8.96
2025-12-16T06:14:09.638122,Recipe_C,e493d977-1289-4420-b102-87061598c92c,8,1.0,,,,8.7,9.1,9.14,12.1,8.48,9.72
2025-12-16T06:14:10.638122,Recipe_C,e493d977-1289-4420-b102-87061598c92c,8,1.0,,,,9.57,12.51,7.41,6.68,7.15,10.49
2025-12-16T06:14:11.638122,Recipe_C,e493d977-1289-4420-b102-87061598c92c,8,1.0,,,,10.4,7.98,10.36,6.98,13.76,10.52
2025-12-16T06:14:12.638122,Recipe_C,e493d977-1289-4420-b102-87061598c92c,8,4.0,,,,104.72,45.88,46.99,57.04,60.19,52.82
2025-12-16T06:14:13.638122,Recipe_C,e493d977-1289-4420-b102-87061598c92c,8,4.0,,,,103.89,56.26,58.14,42.85,49.69,49.84
2025-12-16T06:14:14.638122,Recipe_C,e493d977-1289-4420-b102-87061598c92c,8,4.0,,,,86.98,45.91,43.21,53.65,44.75,57.47
2025-12-16T06:14:15.638122,Recipe_C,e493d977-1289-4420-b102-87061598c92c,8,4.0,,,,98.67,54.26,47.92,49.21,42.37,55.94
2025-12-16T06:14:16.638122,Recipe_C,e493d977-1289-4420-b102-87061598c92c,8,4.0,,,,96.02,50.64,52.34,47.0,48.67,51.38
2025-12-16T06:14:17.638122,Recipe_C,e493d977-1289-4420-b102-87061598c92c,8,4.0,,,,99.19,57.75,55.66,57.43,48.05,48.65
2025-12-16T06:14:18.638122,Recipe_C,e493d977-1289-4420-b102-87061598c92c,8,4.0,,,,99.72,46.57,53.24,54.3,55.77,57.62
2025-12-16T06:14:19.638122,Recipe_C,e493d977-1289-4420-b102-87061598c92c,8,4.0,,,,101.76,53.27,49.99,48.81,45.59,54.17
2025-12-16T06:14:20.638122,Recipe_C,e493d977-1289-4420-b102-87061598c92c,8,4.0,,,,104.67,51.68,56.56,56.97,47.78,48.34
2025-12-16T06:14:21.638122,Recipe_C,e493d977-1289-4420-b102-87061598c92c,8,4.0,,,,101.59,49.14,54.57,45.29,42.69,48.76
2025-12-16T06:14:22.638122,Recipe_C,e493d977-1289-4420-b102-87061598c92c,8,4.0,,,,97.27,43.3,51.44,54.77,54.46,53.33
2025-12-16T06:14:23.638122,Recipe_C,e493d977-1289-4420-b102-87061598c92c,8,4.0,,,,107.71,50.42,45.82,50.13,43.49,53.95
2025-12-16T06:14:24.638122,Recipe_C,e493d977-1289-4420-b102-87061598c92c,8,4.0,,,,102.21,45.07,42.94,49.47,48.53,46.87
2025-12-16T06:14:25.638122,Recipe_C,e493d977-1289-4420-b102-87061598c92c,8,5.0,,,,11.34,9.0,7.97,10.41,4.66,12.58
2025-12-16T06:14:26.638122,Recipe_C,e493d977-1289-4420-b102-87061598c92c,8,5.0,,,,11.36,11.17,10.37,9.18,9.68,12.14
2025-12-16T06:14:27.638122,Recipe_C,e493d977-1289-4420-b102-87061598c92c,8,5.0,,,,8.91,14.09,7.53,9.12,14.39,7.46
2025-12-16T06:14:28.638122,Recipe_C,e493d977-1289-4420-b102-87061598c92c,8,5.0,,,,5.79,8.6,14.63,9.0,9.75,8.33
2025-12-16T06:14:29.638122,Recipe_C,e493d977-1289-4420-b102-87061598c92c,8,5.0,,,,12.98,8.59,11.1,8.69,10.15,10.47
2025-12-16T06:14:30.638122,Recipe_C,e493d977-1289-4420-b102-87061598c92c,8,5.0,,,,12.13,8.91,11.23,9.57,7.17,6.35
2025-12-16T06:14:31.638122,Recipe_C,e493d977-1289-4420-b102-87061598c92c,8,5.0,,,,8.86,11.27,5.06,6.58,8.44,11.71
2025-12-16T06:14:32.638122,Recipe_C,e493d977-1289-4420-b102-87061598c92c,8,5.0,,,,7.98,10.37,9.38,9.08,11.17,9.07
2025-12-16T06:14:33.638122,Recipe_C,e493d977-1289-4420-b102-87061598c92c,8,5.0,,,,12.1,11.64,8.24,9.6,9.72,10.48
2025-12-16T06:14:34.638122,Recipe_C,e493d977-1289-4420-b102-87061598c92c,8,5.0,,,,9.5,10.88,6.47,6.72,8.25,9.66
2025-12-16T06:14:35.638122,Recipe_C,e493d977-1289-4420-b102-87061598c92c,8,5.0,,,,9.58,10.97,13.59,12.11,6.17,7.36
2025-12-16T06:14:36.638122,Recipe_C,e493d977-1289-4420-b102-87061598c92c,8,1.0,,,,7.85,10.89,9.39,7.78,8.63,8.2
2025-12-16T06:14:37.638122,Recipe_C,e493d977-1289-4420-b102-87061598c92c,8,1.0,,,,9.34,15.69,11.07,11.7,12.41,8.3
2025-12-16T06:14:38.638122,Recipe_C,e493d977-1289-4420-b102-87061598c92c,8,1.0,,,,9.08,8.81,14.1,13.34,9.16,11.73
2025-12-16T06:14:39.638122,Recipe_C,e493d977-1289-4420-b102-87061598c92c,8,1.0,,,,10.57,11.95,10.43,8.71,10.91,12.15
2025-12-16T06:14:40.638122,Recipe_C,e493d977-1289-4420-b102-87061598c92c,8,1.0,,,,9.93,12.82,10.64,10.09,8.87,11.13
2025-12-16T06:14:41.638122,Recipe_C,e493d977-1289-4420-b102-87061598c92c,8,1.0,,,,10.73,11.39,11.15,10.52,14.11,7.26
2025-12-16T06:14:42.638122,Recipe_C,e493d977-1289-4420-b102-87061598c92c,8,1.0,,,,12.67,8.76,9.26,5.37,11.38,11.55
2025-12-16T06:14:43.638122,Recipe_C,e493d977-1289-4420-b102-87061598c92c,8,1.0,,,,6.59,9.45,12.14,14.0,8.81,11.01
2025-12-16T06:14:44.638122,Recipe_C,e493d977-1289-4420-b102-87061598c92c,8,1.0,,,,6.68,7.24,11.49,11.11,8.28,13.05
2025-12-16T06:14:45.638122,Recipe_C,e493d977-1289-4420-b102-87061598c92c,8,1.0,,,,11.57,13.92,10.21,12.28,7.27,12.27
2025-12-16T06:14:46.638122,Recipe_C,e493d977-1289-4420-b102-87061598c92c,8,1.0,,,,13.19,9.36,9.75,9.18,14.4,11.65
2025-12-16T06:14:47.638122,Recipe_C,e493d977-1289-4420-b102-87061598c92c,8,1.0,,,,9.53,12.3,11.86,9.03,10.73,9.17
2025-12-16T06:14:48.638122,Recipe_C,e493d977-1289-4420-b102-87061598c92c,8,1.0,,,,9.59,10.68,8.65,11.05,9.79,10.76
2025-12-16T06:14:49.638122,Recipe_C,e493d977-1289-4420-b102-87061598c92c,8,1.0,,,,11.63,11.06,11.52,7.66,13.87,8.44
2025-12-16T06:14:50.638122,Recipe_C,e493d977-1289-4420-b102-87061598c92c,8,1.0,,,,12.06,10.82,8.7,12.69,11.1,10.53
2025-12-16T06:14:51.638122,Recipe_C,e493d977-1289-4420-b102-87061598c92c,8,1.0,,,,11.3,11.02,9.6,8.83,12.43,10.57
2025-12-16T06:14:52.638122,Recipe_C,e493d977-1289-4420-b102-87061598c92c,8,1.0,,,,7.04,11.39,10.84,9.05,10.07,8.67
2025-12-16T06:14:53.638122,Recipe_C,e493d977-1289-4420-b102-87061598c92c,8,1.0,,,,10.29,11.93,12.21,6.29,8.35,9.94
2025-12-16T06:14:54.638122,Recipe_C,e493d977-1289-4420-b102-87061598c92c,8,0.0,,,,0.0,0.0,0.0,0.0,0.0,0.0
2025-12-16T06:14:55.638122,Recipe_C,e493d977-1289-4420-b102-87061598c92c,8,0.0,,,,0.0,0.0,0.0,0.0,0.0,0.0
2025-12-16T06:14:56.638122,Recipe_C,e493d977-1289-4420-b102-87061598c92c,8,0.0,,,,0.0,0.0,0.0,0.0,0.0,0.0
2025-12-16T06:14:57.638122,Recipe_C,e493d977-1289-4420-b102-87061598c92c,8,0.0,,,,0.0,0.0,0.0,0.0,0.0,0.0
2025-12-16T06:14:58.638122,Recipe_C,e493d977-1289-4420-b102-87061598c92c,8,0.0,,,,0.0,0.0,0.0,0.0,0.0,0.0
2025-12-16T06:14:59.638122,Recipe_C,e493d977-1289-4420-b102-87061598c92c,8,0.0,,,,0.0,0.0,0.0,0.0,0.0,0.0
2025-12-16T06:15:00.638122,Recipe_C,e493d977-1289-4420-b102-87061598c92c,8,0.0,,,,0.0,0.0,0.0,0.0,0.0,0.0
2025-12-16T06:15:01.638122,Recipe_C,e493d977-1289-4420-b102-87061598c92c,8,0.0,,,,0.0,0.0,0.0,0.0,0.0,0.0
2025-12-16T06:15:02.638122,Recipe_C,e493d977-1289-4420-b102-87061598c92c,8,0.0,,,,0.0,0.0,0.0,0.0,0.0,0.0
2025-12-16T06:15:03.638122,Recipe_C,e493d977-1289-4420-b102-87061598c92c,8,0.0,,,,0.0,0.0,0.0,0.0,0.0,0.0
2025-12-16T06:15:04.638122,Recipe_C,e493d977-1289-4420-b102-87061598c92c,8,0.0,,,,0.0,0.0,0.0,0.0,0.0,0.0
2025-12-16T06:15:05.638122,Recipe_C,e493d977-1289-4420-b102-87061598c92c,8,0.0,,,,0.0,0.0,0.0,0.0,0.0,0.0
2025-12-16T06:15:06.638122,Recipe_C,e493d977-1289-4420-b102-87061598c92c,8,3.0,,,,8.36,9.63,5.88,10.52,11.0,12.86
2025-12-16T06:15:07.638122,Recipe_C,e493d977-1289-4420-b102-87061598c92c,8,3.0,,,,11.55,11.07,7.62,10.83,11.79,10.7
2025-12-16T06:15:08.638122,Recipe_C,e493d977-1289-4420-b102-87061598c92c,8,3.0,,,,10.96,9.57,11.38,12.14,8.97,11.98
2025-12-16T06:15:09.638122,Recipe_C,e493d977-1289-4420-b102-87061598c92c,8,3.0,,,,10.37,10.87,9.39,13.13,10.03,7.33
2025-12-16T06:15:10.638122,Recipe_C,e493d977-1289-4420-b102-87061598c92c,8,3.0,,,,13.05,8.19,7.03,9.96,11.28,12.08
2025-12-16T06:15:11.638122,Recipe_C,e493d977-1289-4420-b102-87061598c92c,8,3.0,,,,10.73,7.75,9.79,14.18,13.92,9.31
2025-12-16T06:15:12.638122,Recipe_C,e493d977-1289-4420-b102-87061598c92c,8,3.0,,,,11.22,7.34,8.06,8.64,9.49,9.52
2025-12-16T06:15:13.638122,Recipe_C,e493d977-1289-4420-b102-87061598c92c,8,3.0,,,,8.92,9.65,10.76,10.87,9.91,13.49
2025-12-16T06:15:14.638122,Recipe_C,e493d977-1289-4420-b102-87061598c92c,8,3.0,,,,10.74,11.57,9.23,10.98,12.89,11.55
2025-12-16T06:15:15.638122,Recipe_C,e493d977-1289-4420-b102-87061598c92c,8,3.0,,,,9.94,8.49,12.09,13.02,11.68,10.89
2025-12-16T06:15:16.638122,Recipe_C,e493d977-1289-4420-b102-87061598c92c,8,3.0,,,,12.23,9.62,8.24,7.88,8.62,9.53
2025-12-16T06:15:17.638122,Recipe_C,e493d977-1289-4420-b102-87061598c92c,8,3.0,,,,7.48,11.98,8.9,10.05,8.84,8.36
2025-12-16T06:15:18.638122,Recipe_C,e493d977-1289-4420-b102-87061598c92c,8,3.0,,,,12.01,10.33,8.85,8.11,6.9,7.65
2025-12-16T06:15:19.638122,Recipe_C,e493d977-1289-4420-b102-87061598c92c,8,3.0,,,,9.38,10.15,8.16,6.19,13.3,10.57
2025-12-16T06:15:20.638122,Recipe_C,e493d977-1289-4420-b102-87061598c92c,8,1.0,,,,8.62,9.71,11.98,6.12,13.25,9.81
2025-12-16T06:15:21.638122,Recipe_C,e493d977-1289-4420-b102-87061598c92c,8,1.0,,,,9.36,10.8,9.12,11.12,5.95,12.46
2025-12-16T06:15:22.638122,Recipe_C,e493d977-1289-4420-b102-87061598c92c,8,1.0,,,,7.27,11.51,10.65,8.78,7.67,8.45
2025-12-16T06:15:23.638122,Recipe_C,e493d977-1289-4420-b102-87061598c92c,8,1.0,,,,5.52,10.44,6.67,6.74,11.12,10.28
2025-12-16T06:15:24.638122,Recipe_C,e493d977-1289-4420-b102-87061598c92c,8,1.0,,,,6.41,8.92,9.74,7.09,13.02,7.91
2025-12-16T06:15:25.638122,Recipe_C,e493d977-1289-4420-b102-87061598c92c,8,1.0,,,,13.7,7.26,5.17,9.09,9.13,12.66
2025-12-16T06:15:26.638122,Recipe_C,e493d977-1289-4420-b102-87061598c92c,8,1.0,,,,9.33,8.92,10.44,7.45,10.56,13.39
2025-12-16T06:15:27.638122,Recipe_C,e493d977-1289-4420-b102-87061598c92c,8,1.0,,,,6.64,5.8,15.24,9.18,8.93,11.79
2025-12-16T06:15:28.638122,Recipe_C,e493d977-1289-4420-b102-87061598c92c,8,1.0,,,,13.16,7.1,8.05,7.61,7.3,9.8
2025-12-16T06:15:29.638122,Recipe_C,e493d977-1289-4420-b102-87061598c92c,8,1.0,,,,10.15,7.21,11.53,10.41,10.37,8.81
2025-12-16T06:15:30.638122,Recipe_C,e493d977-1289-4420-b102-87061598c92c,8,1.0,,,,9.09,7.77,7.68,12.46,9.41,12.12
2025-12-16T06:15:31.638122,Recipe_C,e493d977-1289-4420-b102-87061598c92c,8,1.0,,,,11.8,6.42,11.8,9.05,8.48,9.06
2025-12-16T06:15:32.638122,Recipe_C,e493d977-1289-4420-b102-87061598c92c,8,1.0,,,,12.21,11.19,7.95,5.98,12.19,7.55
2025-12-16T06:15:33.638122,Recipe_C,e493d977-1289-4420-b102-87061598c92c,8,1.0,,,,11.06,9.5,11.89,7.84,8.26,7.47
2025-12-16T06:15:34.638122,Recipe_C,e493d977-1289-4420-b102-87061598c92c,8,1.0,,,,10.12,8.69,7.68,7.48,10.68,8.65
2025-12-16T06:15:35.638122,Recipe_C,e493d977-1289-4420-b102-87061598c92c,8,1.0,,,,11.79,4.01,9.9,7.94,10.84,12.72
2025-12-16T06:15:36.638122,Recipe_C,e493d977-1289-4420-b102-87061598c92c,8,1.0,,,,6.34,7.17,9.89,9.66,10.0,10.12
2025-12-16T06:15:37.638122,Recipe_C,e493d977-1289-4420-b102-87061598c92c,8,1.0,,,,11.83,7.94,12.41,8.11,9.02,9.62
2025-12-16T06:15:38.638122,Recipe_C,e493d977-1289-4420-b102-87061598c92c,8,1.0,,,,8.33,7.63,13.09,8.79,11.44,9.54
2025-12-16T06:15:39.638122,Recipe_C,e493d977-1289-4420-b102-87061598c92c,8,1.0,,,,9.53,9.04,12.44,10.52,10.07,10.5
2025-12-16T06:15:40.638122,Recipe_C,e493d977-1289-4420-b102-87061598c92c,8,1.0,,,,9.74,11.08,10.58,12.56,10.58,6.81
2025-12-16T06:15:41.638122,Recipe_C,e493d977-1289-4420-b102-87061598c92c,8,1.0,,,,12.66,9.47,12.51,13.56,10.59,5.9
2025-12-16T06:15:42.638122,Recipe_C,e493d977-1289-4420-b102-87061598c92c,8,1.0,,,,9.61,13.13,9.72,10.77,7.13,10.57
2025-12-16T06:15:43.638122,Recipe_C,e493d977-1289-4420-b102-87061598c92c,8,1.0,,,,8.54,12.52,6.12,10.9,11.08,11.86
2025-12-16T06:15:44.638122,Recipe_C,e493d977-1289-4420-b102-87061598c92c,8,1.0,,,,11.31,11.78,10.19,9.25,7.68,8.37
2025-12-16T06:15:45.638122,Recipe_C,e493d977-1289-4420-b102-87061598c92c,8,1.0,,,,11.83,9.71,11.59,10.79,9.16,9.22
2025-12-16T06:15:46.638122,Recipe_C,e493d977-1289-4420-b102-87061598c92c,8,1.0,,,,10.25,11.02,10.47,9.86,9.0,11.12
2025-12-16T06:15:47.638122,Recipe_C,e493d977-1289-4420-b102-87061598c92c,8,1.0,,,,8.32,8.4,9.09,7.71,7.52,8.9
2025-12-16T06:15:48.638122,Recipe_C,e493d977-1289-4420-b102-87061598c92c,8,1.0,,,,8.93,11.07,8.26,13.65,5.2,11.68
2025-12-16T06:15:49.638122,Recipe_C,e493d977-1289-4420-b102-87061598c92c,8,1.0,,,,9.98,12.96,8.13,10.07,13.12,12.46
2025-12-16T06:15:50.638122,Recipe_C,e493d977-1289-4420-b102-87061598c92c,8,1.0,,,,11.39,6.99,13.04,10.48,9.74,8.57
2025-12-16T06:15:51.638122,Recipe_C,e493d977-1289-4420-b102-87061598c92c,8,1.0,,,,8.89,11.9,13.7,9.03,8.01,11.99
2025-12-16T06:15:52.638122,Recipe_C,e493d977-1289-4420-b102-87061598c92c,8,1.0,,,,11.28,12.12,10.07,10.47,12.04,11.93
2025-12-16T06:15:53.638122,Recipe_C,e493d977-1289-4420-b102-87061598c92c,8,1.0,,,,10.01,10.38,11.06,10.26,7.88,9.54
2025-12-16T06:15:54.638122,Recipe_C,e493d977-1289-4420-b102-87061598c92c,8,1.0,,,,12.4,9.21,6.82,9.11,14.03,12.32
2025-12-16T06:15:55.638122,Recipe_C,e493d977-1289-4420-b102-87061598c92c,8,1.0,,,,6.37,5.41,10.41,5.68,10.33,8.65
2025-12-16T06:15:56.638122,Recipe_C,e493d977-1289-4420-b102-87061598c92c,8,0.0,,,,0.0,0.0,0.0,0.0,0.0,0.0
2025-12-16T06:15:57.638122,Recipe_C,e493d977-1289-4420-b102-87061598c92c,8,0.0,,,,0.0,0.0,0.0,0.0,0.0,0.0
2025-12-16T06:15:58.638122,Recipe_C,e493d977-1289-4420-b102-87061598c92c,8,0.0,,,,0.0,0.0,0.0,0.0,0.0,0.0
2025-12-16T06:15:59.638122,Recipe_C,e493d977-1289-4420-b102-87061598c92c,8,0.0,,,,0.0,0.0,0.0,0.0,0.0,0.0
2025-12-16T06:16:00.638122,Recipe_C,e493d977-1289-4420-b102-87061598c92c,8,0.0,,,,0.0,0.0,0.0,0.0,0.0,0.0
2025-12-16T06:16:01.638122,Recipe_C,e493d977-1289-4420-b102-87061598c92c,8,0.0,,,,0.0,0.0,0.0,0.0,0.0,0.0
2025-12-16T06:16:02.638122,Recipe_C,e493d977-1289-4420-b102-87061598c92c,8,0.0,,,,0.0,0.0,0.0,0.0,0.0,0.0
2025-12-16T06:16:03.638122,Recipe_C,e493d977-1289-4420-b102-87061598c92c,8,0.0,,,,0.0,0.0,0.0,0.0,0.0,0.0
2025-12-16T06:16:04.638122,Recipe_C,e493d977-1289-4420-b102-87061598c92c,8,0.0,,,,0.0,0.0,0.0,0.0,0.0,0.0
2025-12-16T06:16:05.638122,Recipe_C,e493d977-1289-4420-b102-87061598c92c,8,0.0,,,,0.0,0.0,0.0,0.0,0.0,0.0
2025-12-16T06:16:06.638122,Recipe_C,e493d977-1289-4420-b102-87061598c92c,8,0.0,,,,0.0,0.0,0.0,0.0,0.0,0.0
2025-12-16T06:16:07.638122,Recipe_C,e493d977-1289-4420-b102-87061598c92c,8,0.0,,,,0.0,0.0,0.0,0.0,0.0,0.0
2025-12-16T06:16:08.638122,Recipe_C,e493d977-1289-4420-b102-87061598c92c,8,0.0,,,,0.0,0.0,0.0,0.0,0.0,0.0
2025-12-16T06:16:09.638122,Recipe_C,e493d977-1289-4420-b102-87061598c92c,8,0.0,,,,0.0,0.0,0.0,0.0,0.0,0.0
2025-12-16T06:16:10.638122,Recipe_C,e493d977-1289-4420-b102-87061598c92c,8,0.0,,,,0.0,0.0,0.0,0.0,0.0,0.0
2025-12-16T06:16:11.638122,Recipe_C,e493d977-1289-4420-b102-87061598c92c,8,0.0,,,,0.0,0.0,0.0,0.0,0.0,0.0
2025-12-16T06:16:12.638122,Recipe_C,e493d977-1289-4420-b102-87061598c92c,8,2.0,,,,9.32,9.38,8.67,12.03,12.75,9.2
2025-12-16T06:16:13.638122,Recipe_C,e493d977-1289-4420-b102-87061598c92c,8,4.0,,,,106.63,57.26,41.36,48.71,48.03,50.5
2025-12-16T06:16:14.638122,Recipe_C,e493d977-1289-4420-b102-87061598c92c,8,4.0,,,,92.69,55.4,46.55,54.07,49.47,51.78
2025-12-16T06:16:15.638122,Recipe_C,e493d977-1289-4420-b102-87061598c92c,8,4.0,,,,96.83,49.2,48.97,46.59,55.39,49.51
2025-12-16T06:16:16.638122,Recipe_C,e493d977-1289-4420-b102-87061598c92c,8,4.0,,,,100.68,57.74,46.68,51.06,57.19,39.7
2025-12-16T06:16:17.638122,Recipe_C,e493d977-1289-4420-b102-87061598c92c,8,4.0,,,,104.01,42.76,56.76,56.21,53.78,42.48
2025-12-16T06:16:18.638122,Recipe_C,e493d977-1289-4420-b102-87061598c92c,8,4.0,,,,96.43,53.18,51.54,46.2,59.38,42.01
2025-12-16T06:16:19.638122,Recipe_C,e493d977-1289-4420-b102-87061598c92c,8,4.0,,,,107.18,46.07,51.05,39.48,47.02,43.02
2025-12-16T06:16:20.638122,Recipe_C,e493d977-1289-4420-b102-87061598c92c,8,4.0,,,,101.88,61.54,48.45,52.66,52.61,50.57
2025-12-16T06:16:21.638122,Recipe_C,e493d977-1289-4420-b102-87061598c92c,8,4.0,,,,95.25,47.16,45.44,49.72,55.07,45.62
2025-12-16T06:16:22.638122,Recipe_C,e493d977-1289-4420-b102-87061598c92c,8,4.0,,,,98.57,44.32,51.15,37.37,49.23,52.51
2025-12-16T06:16:23.638122,Recipe_C,e493d977-1289-4420-b102-87061598c92c,8,4.0,,,,100.66,55.2,51.6,42.63,52.51,52.65
2025-12-16T06:16:24.638122,Recipe_C,e493d977-1289-4420-b102-87061598c92c,8,4.0,,,,109.02,54.23,47.85,51.21,52.23,48.99
2025-12-16T06:16:25.638122,Recipe_C,e493d977-1289-4420-b102-87061598c92c,8,4.0,,,,109.58,48.58,54.7,47.99,42.49,54.91
2025-12-16T06:16:26.638122,Recipe_C,e493d977-1289-4420-b102-87061598c92c,8,4.0,,,,106.19,51.69,48.0,50.15,55.05,43.69
2025-12-16T06:16:27.638122,Recipe_C,e493d977-1289-4420-b102-87061598c92c,8,4.0,,,,99.13,44.67,52.81,57.29,51.35,52.13
2025-12-16T06:16:28.638122,Recipe_C,e493d977-1289-4420-b102-87061598c92c,8,4.0,,,,97.23,47.07,50.44,39.43,49.93,55.64
2025-12-16T06:16:29.638122,Recipe_C,e493d977-1289-4420-b102-87061598c92c,8,4.0,,,,98.29,45.95,44.57,53.05,47.02,47.6
2025-12-16T06:16:30.638122,Recipe_C,e493d977-1289-4420-b102-87061598c92c,8,4.0,,,,99.96,53.91,54.65,45.55,47.98,50.22
2025-12-16T06:16:31.638122,Recipe_C,e493d977-1289-4420-b102-87061598c92c,8,4.0,,,,104.26,48.19,48.04,41.64,39.04,55.26
2025-12-16T06:16:32.638122,Recipe_C,e493d977-1289-4420-b102-87061598c92c,8,4.0,,,,97.24,57.31,46.49,47.43,44.82,56.29
2025-12-16T06:16:33.638122,Recipe_C,e493d977-1289-4420-b102-87061598c92c,8,4.0,,,,103.64,50.53,41.84,46.44,48.95,56.56
2025-12-16T06:16:34.638122,Recipe_C,e493d977-1289-4420-b102-87061598c92c,8,4.0,,,,98.14,53.47,53.99,46.86,57.74,55.42
2025-12-16T06:16:35.638122,Recipe_C,e493d977-1289-4420-b102-87061598c92c,8,4.0,,,,97.4,53.13,48.0,56.52,44.88,49.52
2025-12-16T06:16:36.638122,Recipe_C,e493d977-1289-4420-b102-87061598c92c,8,4.0,,,,102.74,58.82,49.96,49.46,55.41,41.07
2025-12-16T06:16:37.638122,Recipe_C,e493d977-1289-4420-b102-87061598c92c,8,4.0,,,,106.03,58.44,52.43,49.7,50.13,50.4
2025-12-16T06:16:38.638122,Recipe_C,e493d977-1289-4420-b102-87061598c92c,8,4.0,,,,103.06,44.62,55.84,46.98,45.88,48.45
2025-12-16T06:16:39.638122,Recipe_C,e493d977-1289-4420-b102-87061598c92c,8,4.0,,,,93.07,56.25,51.21,52.38,44.69,50.36
2025-12-16T06:16:40.638122,Recipe_C,e493d977-1289-4420-b102-87061598c92c,8,4.0,,,,108.51,54.13,52.08,42.87,57.44,44.23
2025-12-16T06:16:41.638122,Recipe_C,e493d977-1289-4420-b102-87061598c92c,8,4.0,,,,111.58,39.69,52.12,49.98,42.56,47.44
2025-12-16T06:16:42.638122,Recipe_C,e493d977-1289-4420-b102-87061598c92c,8,4.0,,,,104.96,44.63,45.72,44.95,50.98,47.34
2025-12-16T06:16:43.638122,Recipe_C,e493d977-1289-4420-b102-87061598c92c,8,4.0,,,,95.9,53.74,52.14,53.58,47.27,44.2
2025-12-16T06:16:44.638122,Recipe_C,e493d977-1289-4420-b102-87061598c92c,8,4.0,,,,100.14,47.26,42.7,40.05,51.48,51.23
2025-12-16T06:16:45.638122,Recipe_C,e493d977-1289-4420-b102-87061598c92c,8,4.0,,,,96.19,43.13,45.71,50.42,50.61,49.95
2025-12-16T06:16:46.638122,Recipe_C,e493d977-1289-4420-b102-87061598c92c,8,0.0,,,,0.0,0.0,0.0,0.0,0.0,0.0
2025-12-16T06:16:47.638122,Recipe_C,e493d977-1289-4420-b102-87061598c92c,8,0.0,,,,0.0,0.0,0.0,0.0,0.0,0.0
2025-12-16T06:16:48.638122,Recipe_C,e493d977-1289-4420-b102-87061598c92c,8,0.0,,,,0.0,0.0,0.0,0.0,0.0,0.0
2025-12-16T06:16:49.638122,Recipe_C,e493d977-1289-4420-b102-87061598c92c,8,0.0,,,,0.0,0.0,0.0,0.0,0.0,0.0
2025-12-16T06:16:50.638122,Recipe_C,e493d977-1289-4420-b102-87061598c92c,8,0.0,,,,0.0,0.0,0.0,0.0,0.0,0.0
2025-12-16T06:16:51.638122,Recipe_C,e493d977-1289-4420-b102-87061598c92c,8,0.0,,,,0.0,0.0,0.0,0.0,0.0,0.0
2025-12-16T06:16:52.638122,Recipe_C,e493d977-1289-4420-b102-87061598c92c,8,0.0,,,,0.0,0.0,0.0,0.0,0.0,0.0
2025-12-16T06:16:53.638122,Recipe_C,e493d977-1289-4420-b102-87061598c92c,8,0.0,,,,0.0,0.0,0.0,0.0,0.0,0.0
2025-12-16T06:16:54.638122,Recipe_C,e493d977-1289-4420-b102-87061598c92c,8,0.0,,,,0.0,0.0,0.0,0.0,0.0,0.0
2025-12-16T06:16:55.638122,Recipe_C,e493d977-1289-4420-b102-87061598c92c,8,0.0,,,,0.0,0.0,0.0,0.0,0.0,0.0
2025-12-16T06:16:56.638122,Recipe_C,e493d977-1289-4420-b102-87061598c92c,8,0.0,,,,0.0,0.0,0.0,0.0,0.0,0.0
2025-12-16T06:16:57.638122,Recipe_C,e493d977-1289-4420-b102-87061598c92c,8,0.0,,,,0.0,0.0,0.0,0.0,0.0,0.0
2025-12-16T06:16:58.638122,Recipe_C,e493d977-1289-4420-b102-87061598c92c,8,0.0,,,,0.0,0.0,0.0,0.0,0.0,0.0
2025-12-16T06:16:59.638122,Recipe_C,e493d977-1289-4420-b102-87061598c92c,8,0.0,,,,0.0,0.0,0.0,0.0,0.0,0.0
2025-12-16T06:17:00.638122,Recipe_C,e493d977-1289-4420-b102-87061598c92c,8,0.0,,,,0.0,0.0,0.0,0.0,0.0,0.0
2025-12-16T06:17:01.638122,Recipe_C,e493d977-1289-4420-b102-87061598c92c,8,5.0,,,,12.71,12.43,10.47,8.02,13.52,8.11
2025-12-16T06:17:02.638122,Recipe_C,e493d977-1289-4420-b102-87061598c92c,8,5.0,,,,9.38,9.46,8.27,9.23,9.98,8.42
2025-12-16T06:17:03.638122,Recipe_C,e493d977-1289-4420-b102-87061598c92c,8,5.0,,,,10.3,7.1,10.21,8.06,10.79,9.55
2025-12-16T06:17:04.638122,Recipe_C,e493d977-1289-4420-b102-87061598c92c,8,5.0,,,,8.7,14.57,11.68,7.86,11.09,8.12
2025-12-16T06:17:05.638122,Recipe_C,e493d977-1289-4420-b102-87061598c92c,8,5.0,,,,11.56,11.19,6.32,9.95,10.39,12.11
2025-12-16T06:17:06.638122,Recipe_C,e493d977-1289-4420-b102-87061598c92c,8,5.0,,,,12.08,8.65,10.34,8.14,7.34,9.62
2025-12-16T06:17:07.638122,Recipe_C,e493d977-1289-4420-b102-87061598c92c,8,5.0,,,,6.03,10.13,10.56,9.79,10.11,7.9
2025-12-16T06:17:08.638122,Recipe_C,e493d977-1289-4420-b102-87061598c92c,8,5.0,,,,8.13,7.83,11.25,11.59,11.35,12.89
2025-12-16T06:17:09.638122,Recipe_C,e493d977-1289-4420-b102-87061598c92c,8,5.0,,,,13.99,8.44,10.7,15.55,6.89,9.91
2025-12-16T06:17:10.638122,Recipe_C,e493d977-1289-4420-b102-87061598c92c,8,5.0,,,,10.05,10.66,12.03,11.43,12.28,7.58
2025-12-16T06:17:11.638122,Recipe_C,e493d977-1289-4420-b102-87061598c92c,8,5.0,,,,10.93,11.63,12.82,10.73,10.78,10.19
2025-12-16T06:17:12.638122,Recipe_C,e493d977-1289-4420-b102-87061598c92c,8,5.0,,,,13.7,7.43,9.08,11.0,6.1,10.48
2025-12-16T06:17:13.638122,Recipe_C,e493d977-1289-4420-b102-87061598c92c,8,5.0,,,,14.17,8.31,10.92,9.28,10.94,10.77
2025-12-16T06:17:14.638122,Recipe_C,e493d977-1289-4420-b102-87061598c92c,8,5.0,,,,10.68,9.14,11.95,9.39,11.01,11.26
2025-12-16T06:17:15.638122,Recipe_C,e493d977-1289-4420-b102-87061598c92c,8,5.0,,,,7.01,8.29,8.17,11.31,11.68,12.11
2025-12-16T06:17:16.638122,Recipe_C,e493d977-1289-4420-b102-87061598c92c,8,5.0,,,,11.8,9.61,9.58,9.48,6.68,9.8
2025-12-16T06:17:17.638122,Recipe_C,e493d977-1289-4420-b102-87061598c92c,8,5.0,,,,8.73,9.78,6.29,9.23,9.93,10.5
2025-12-16T06:17:18.638122,Recipe_C,e493d977-1289-4420-b102-87061598c92c,8,5.0,,,,9.98,8.53,9.61,7.19,5.73,13.35
2025-12-16T06:17:19.638122,Recipe_C,e493d977-1289-4420-b102-87061598c92c,8,5.0,,,,11.32,7.99,9.09,12.55,11.04,7.76
2025-12-16T06:17:20.638122,Recipe_C,e493d977-1289-4420-b102-87061598c92c,8,5.0,,,,10.64,10.13,12.43,10.74,10.65,13.56
2025-12-16T06:17:21.638122,Recipe_C,e493d977-1289-4420-b102-87061598c92c,8,5.0,,,,9.85,9.3,10.06,11.37,9.35,10.25
2025-12-16T06:17:22.638122,Recipe_C,e493d977-1289-4420-b102-87061598c92c,8,5.0,,,,10.35,13.34,10.46,10.66,12.55,7.0
2025-12-16T06:17:23.638122,Recipe_C,e493d977-1289-4420-b102-87061598c92c,8,5.0,,,,9.64,13.35,7.33,7.03,13.12,11.17
2025-12-16T06:17:24.638122,Recipe_C,e493d977-1289-4420-b102-87061598c92c,8,5.0,,,,11.51,10.22,10.2,9.83,12.97,10.12
2025-12-16T06:17:25.638122,Recipe_C,e493d977-1289-4420-b102-87061598c92c,8,5.0,,,,12.88,6.85,8.86,9.92,14.18,10.08
2025-12-16T06:17:26.638122,Recipe_C,e493d977-1289-4420-b102-87061598c92c,8,5.0,,,,8.37,7.28,9.49,10.03,8.87,11.84
2025-12-16T06:17:27.638122,Recipe_C,e493d977-1289-4420-b102-87061598c92c,8,5.0,,,,8.09,10.14,9.97,8.79,11.6,9.75
2025-12-16T06:17:28.638122,Recipe_C,e493d977-1289-4420-b102-87061598c92c,8,0.0,,,,0.0,0.0,0.0,0.0,0.0,0.0
2025-12-16T06:17:29.638122,Recipe_C,e493d977-1289-4420-b102-87061598c92c,8,0.0,,,,0.0,0.0,0.0,0.0,0.0,0.0
2025-12-16T06:17:30.638122,Recipe_C,e493d977-1289-4420-b102-87061598c92c,8,0.0,,,,0.0,0.0,0.0,0.0,0.0,0.0
2025-12-16T06:17:31.638122,Recipe_C,e493d977-1289-4420-b102-87061598c92c,8,0.0,,,,0.0,0.0,0.0,0.0,0.0,0.0
2025-12-16T06:17:32.638122,Recipe_C,e493d977-1289-4420-b102-87061598c92c,8,4.0,,,,95.98,44.81,40.35,54.26,50.59,57.8
2025-12-16T06:17:33.638122,Recipe_C,e493d977-1289-4420-b102-87061598c92c,8,4.0,,,,103.78,52.37,52.33,51.93,51.49,36.12
2025-12-16T06:17:34.638122,Recipe_C,e493d977-1289-4420-b102-87061598c92c,8,4.0,,,,102.79,52.03,52.43,52.02,50.81,51.43
2025-12-16T06:17:35.638122,Recipe_C,e493d977-1289-4420-b102-87061598c92c,8,4.0,,,,98.91,48.12,49.91,62.44,48.8,51.36
2025-12-16T06:17:36.638122,Recipe_C,e493d977-1289-4420-b102-87061598c92c,8,4.0,,,,91.36,46.33,40.97,54.34,45.55,52.03
2025-12-16T06:17:37.638122,Recipe_C,e493d977-1289-4420-b102-87061598c92c,8,4.0,,,,95.75,51.26,47.84,38.89,53.82,49.23
2025-12-16T06:17:38.638122,Recipe_C,e493d977-1289-4420-b102-87061598c92c,8,4.0,,,,104.23,53.68,62.46,55.56,43.6,48.36
2025-12-16T06:17:39.638122,Recipe_C,e493d977-1289-4420-b102-87061598c92c,8,4.0,,,,104.05,55.82,47.04,37.28,47.66,47.03
2025-12-16T06:17:40.638122,Recipe_C,e493d977-1289-4420-b102-87061598c92c,8,4.0,,,,95.44,57.47,42.54,44.36,51.74,43.18
2025-12-16T06:17:41.638122,Recipe_C,e493d977-1289-4420-b102-87061598c92c,8,4.0,,,,106.07,50.15,46.16,54.94,46.18,52.6
2025-12-16T06:17:42.638122,Recipe_C,e493d977-1289-4420-b102-87061598c92c,8,4.0,,,,107.03,44.34,52.54,56.36,47.83,53.58
2025-12-16T06:17:43.638122,Recipe_C,e493d977-1289-4420-b102-87061598c92c,8,4.0,,,,97.19,47.48,55.15,62.16,52.57,58.8
2025-12-16T06:17:44.638122,Recipe_C,e493d977-1289-4420-b102-87061598c92c,8,4.0,,,,92.7,46.7,55.52,52.15,46.55,57.36
2025-12-16T06:17:45.638122,Recipe_C,e493d977-1289-4420-b102-87061598c92c,8,4.0,,,,90.85,44.12,49.69,41.13,63.23,56.55
2025-12-16T06:17:46.638122,Recipe_C,e493d977-1289-4420-b102-87061598c92c,8,4.0,,,,114.49,50.8,54.99,52.4,55.86,50.5
2025-12-16T06:17:47.638122,Recipe_C,e493d977-1289-4420-b102-87061598c92c,8,4.0,,,,104.66,42.59,52.26,57.34,51.56,53.01
2025-12-16T06:17:48.638122,Recipe_C,e493d977-1289-4420-b102-87061598c92c,8,4.0,,,,101.83,58.23,52.91,51.61,43.02,46.27
2025-12-16T06:17:49.638122,Recipe_C,e493d977-1289-4420-b102-87061598c92c,8,4.0,,,,95.12,52.64,39.96,54.41,42.24,52.2
2025-12-16T06:17:50.638122,Recipe_C,e493d977-1289-4420-b102-87061598c92c,8,4.0,,,,101.92,47.99,44.39,53.38,51.5,51.6
2025-12-16T06:17:51.638122,Recipe_C,e493d977-1289-4420-b102-87061598c92c,8,4.0,,,,101.44,46.44,61.32,48.64,53.36,57.18
2025-12-16T06:17:52.638122,Recipe_C,e493d977-1289-4420-b102-87061598c92c,8,4.0,,,,101.33,53.63,45.12,48.11,56.65,46.19
2025-12-16T06:17:53.638122,Recipe_C,e493d977-1289-4420-b102-87061598c92c,8,4.0,,,,99.32,45.57,51.1,45.77,46.49,43.63
2025-12-16T06:17:54.638122,Recipe_C,e493d977-1289-4420-b102-87061598c92c,8,4.0,,,,97.15,56.85,58.89,53.2,60.18,47.15
2025-12-16T06:17:55.638122,Recipe_C,e493d977-1289-4420-b102-87061598c92c,8,4.0,,,,103.71,57.25,50.82,43.37,43.38,51.3
2025-12-16T06:17:56.638122,Recipe_C,e493d977-1289-4420-b102-87061598c92c,8,4.0,,,,98.3,47.39,47.63,47.35,42.56,50.14
2025-12-16T06:17:57.638122,Recipe_C,e493d977-1289-4420-b102-87061598c92c,8,4.0,,,,96.49,46.0,53.09,58.05,52.24,45.04
2025-12-16T06:17:58.638122,Recipe_C,e493d977-1289-4420-b102-87061598c92c,8,4.0,,,,102.38,37.32,45.73,59.73,47.73,43.57
2025-12-16T06:17:59.638122,Recipe_C,e493d977-1289-4420-b102-87061598c92c,8,4.0,,,,101.56,54.76,53.27,43.69,52.71,44.91
2025-12-16T06:18:00.638122,Recipe_C,e493d977-1289-4420-b102-87061598c92c,8,4.0,,,,91.57,47.23,58.63,45.32,48.39,53.79
2025-12-16T06:18:01.638122,Recipe_C,e493d977-1289-4420-b102-87061598c92c,8,4.0,,,,104.48,43.83,56.87,48.81,54.09,44.24
2025-12-16T06:18:02.638122,Recipe_C,e493d977-1289-4420-b102-87061598c92c,8,4.0,,,,98.0,47.0,53.82,45.89,51.38,51.33
2025-12-16T06:18:03.638122,Recipe_C,e493d977-1289-4420-b102-87061598c92c,8,4.0,,,,99.92,46.41,51.3,47.88,55.48,54.25
2025-12-16T06:18:04.638122,Recipe_C,e493d977-1289-4420-b102-87061598c92c,8,4.0,,,,109.46,58.41,58.13,49.07,54.95,42.71
2025-12-16T06:18:05.638122,Recipe_C,e493d977-1289-4420-b102-87061598c92c,8,4.0,,,,102.94,48.53,47.15,49.81,49.55,50.43
2025-12-16T06:18:06.638122,Recipe_C,e493d977-1289-4420-b102-87061598c92c,8,4.0,,,,100.38,55.95,53.35,44.79,40.13,49.44
2025-12-16T06:18:07.638122,Recipe_C,e493d977-1289-4420-b102-87061598c92c,8,4.0,,,,97.09,55.81,45.95,48.48,47.22,49.39
2025-12-16T06:18:08.638122,Recipe_C,e493d977-1289-4420-b102-87061598c92c,8,4.0,,,,107.95,49.02,47.34,51.43,43.65,47.7
2025-12-16T06:18:09.638122,Recipe_C,e493d977-1289-4420-b102-87061598c92c,8,4.0,,,,96.48,49.13,40.11,50.66,50.63,50.17
2025-12-16T06:18:10.638122,Recipe_C,e493d977-1289-4420-b102-87061598c92c,8,4.0,,,,103.15,49.6,49.11,55.03,47.37,51.91
2025-12-16T06:18:11.638122,Recipe_C,e493d977-1289-4420-b102-87061598c92c,8,4.0,,,,96.99,46.88,56.16,55.58,49.39,50.21
2025-12-16T06:18:12.638122,Recipe_C,e493d977-1289-4420-b102-87061598c92c,8,4.0,,,,94.81,53.21,51.91,60.67,51.28,53.97
2025-12-16T06:18:13.638122,Recipe_C,e493d977-1289-4420-b102-87061598c92c,8,4.0,,,,93.49,53.67,46.05,55.79,40.78,42.96
2025-12-16T06:18:14.638122,Recipe_C,e493d977-1289-4420-b102-87061598c92c,8,4.0,,,,97.93,51.03,55.84,47.66,47.85,46.78
2025-12-16T06:18:15.638122,Recipe_C,e493d977-1289-4420-b102-87061598c92c,8,4.0,,,,98.24,50.91,39.27,56.94,49.24,54.47
2025-12-16T06:18:16.638122,Recipe_C,e493d977-1289-4420-b102-87061598c92c,8,4.0,,,,102.82,46.78,56.27,45.29,47.25,47.82
2025-12-16T06:18:17.638122,Recipe_C,e493d977-1289-4420-b102-87061598c92c,8,4.0,,,,98.9,49.62,51.96,48.18,48.99,52.28
2025-12-16T06:18:18.638122,Recipe_C,e493d977-1289-4420-b102-87061598c92c,8,4.0,,,,101.93,44.29,54.66,47.18,46.0,49.82
2025-12-16T06:18:19.638122,Recipe_C,e493d977-1289-4420-b102-87061598c92c,8,4.0,,,,94.94,48.44,58.25,43.12,49.59,52.09
2025-12-16T06:18:20.638122,Recipe_C,e493d977-1289-4420-b102-87061598c92c,8,4.0,,,,99.88,47.67,48.98,52.05,43.91,51.51
2025-12-16T06:18:21.638122,Recipe_C,e493d977-1289-4420-b102-87061598c92c,8,4.0,,,,96.46,47.8,50.94,50.34,52.37,43.89
2025-12-16T06:18:22.638122,Recipe_C,e493d977-1289-4420-b102-87061598c92c,8,4.0,,,,98.68,50.88,50.35,57.4,44.68,47.95
2025-12-16T06:18:23.638122,Recipe_C,e493d977-1289-4420-b102-87061598c92c,8,4.0,,,,98.89,45.65,52.34,55.63,51.38,48.34
2025-12-16T06:18:24.638122,Recipe_C,e493d977-1289-4420-b102-87061598c92c,8,4.0,,,,100.01,64.3,49.82,50.31,52.04,49.62
2025-12-16T06:18:25.638122,Recipe_C,e493d977-1289-4420-b102-87061598c92c,8,4.0,,,,101.3,54.63,44.98,45.83,49.79,45.97
2025-12-16T06:18:26.638122,Recipe_C,e493d977-1289-4420-b102-87061598c92c,8,4.0,,,,104.79,49.37,48.73,54.61,51.33,47.98
2025-12-16T06:18:27.638122,Recipe_C,e493d977-1289-4420-b102-87061598c92c,8,4.0,,,,97.46,47.35,44.91,51.06,50.02,46.28
2025-12-16T06:18:28.638122,Recipe_C,e493d977-1289-4420-b102-87061598c92c,8,4.0,,,,105.51,46.58,46.65,61.06,52.81,55.65
2025-12-16T06:18:29.638122,Recipe_C,e493d977-1289-4420-b102-87061598c92c,8,4.0,,,,97.48,49.55,38.59,47.22,50.48,56.13
2025-12-16T06:18:30.638122,Recipe_C,e493d977-1289-4420-b102-87061598c92c,8,4.0,,,,95.51,48.84,50.24,43.98,47.47,55.54
2025-12-16T06:18:31.638122,Recipe_C,e493d977-1289-4420-b102-87061598c92c,8,4.0,,,,93.77,48.18,45.6,48.22,46.94,50.88
2025-12-16T06:18:32.638122,Recipe_C,e493d977-1289-4420-b102-87061598c92c,8,4.0,,,,99.79,46.99,60.74,52.05,55.5,52.94
2025-12-16T06:18:33.638122,Recipe_C,e493d977-1289-4420-b102-87061598c92c,8,4.0,,,,108.87,50.33,44.04,43.09,41.28,49.13
2025-12-16T06:18:34.638122,Recipe_C,e493d977-1289-4420-b102-87061598c92c,8,4.0,,,,106.34,55.19,47.46,53.68,45.09,59.58
2025-12-16T06:18:35.638122,Recipe_C,e493d977-1289-4420-b102-87061598c92c,8,4.0,,,,100.93,52.45,46.22,52.03,61.29,47.32
2025-12-16T06:18:36.638122,Recipe_C,e493d977-1289-4420-b102-87061598c92c,8,4.0,,,,100.59,58.58,48.69,51.13,51.65,55.88
2025-12-16T06:18:37.638122,Recipe_C,e493d977-1289-4420-b102-87061598c92c,8,2.0,,,,13.95,10.75,8.86,8.38,11.15,9.44
2025-12-16T06:18:38.638122,Recipe_C,e493d977-1289-4420-b102-87061598c92c,8,2.0,,,,7.09,8.8,4.95,10.59,8.71,12.37
2025-12-16T06:18:39.638122,Recipe_C,e493d977-1289-4420-b102-87061598c92c,8,2.0,,,,10.93,11.01,10.31,9.31,10.71,9.37
2025-12-16T06:18:40.638122,Recipe_C,e493d977-1289-4420-b102-87061598c92c,8,2.0,,,,13.56,6.63,11.42,5.56,9.82,9.96
2025-12-16T06:18:41.638122,Recipe_C,e493d977-1289-4420-b102-87061598c92c,8,2.0,,,,12.86,14.46,6.57,11.66,9.24,5.94
2025-12-16T06:18:42.638122,Recipe_C,e493d977-1289-4420-b102-87061598c92c,8,2.0,,,,8.17,10.7,11.6,11.0,8.58,9.21
2025-12-16T06:18:43.638122,Recipe_C,e493d977-1289-4420-b102-87061598c92c,8,2.0,,,,10.74,14.17,8.8,9.25,11.08,10.22
2025-12-16T06:18:44.638122,Recipe_C,e493d977-1289-4420-b102-87061598c92c,8,2.0,,,,12.44,11.34,7.03,7.25,10.95,8.95
2025-12-16T06:18:45.638122,Recipe_C,e493d977-1289-4420-b102-87061598c92c,8,2.0,,,,11.5,11.76,8.21,8.31,8.63,12.28
2025-12-16T06:18:46.638122,Recipe_C,e493d977-1289-4420-b102-87061598c92c,8,2.0,,,,12.76,5.93,10.39,12.23,12.34,10.23
2025-12-16T06:18:47.638122,Recipe_C,e493d977-1289-4420-b102-87061598c92c,8,2.0,,,,8.54,10.08,9.08,9.24,4.53,10.05
2025-12-16T06:18:48.638122,Recipe_C,e493d977-1289-4420-b102-87061598c92c,8,1.0,,,,9.74,10.6,9.64,8.4,9.96,9.39
2025-12-16T06:18:49.638122,Recipe_C,e493d977-1289-4420-b102-87061598c92c,8,1.0,,,,11.63,9.98,11.91,12.07,7.97,8.89
2025-12-16T06:18:50.638122,Recipe_C,e493d977-1289-4420-b102-87061598c92c,8,1.0,,,,10.69,9.77,10.76,8.4,12.54,9.67
2025-12-16T06:18:51.638122,Recipe_C,e493d977-1289-4420-b102-87061598c92c,8,1.0,,,,12.7,9.04,10.47,11.89,11.88,8.93
2025-12-16T06:18:52.638122,Recipe_C,e493d977-1289-4420-b102-87061598c92c,8,1.0,,,,12.24,7.37,9.98,6.38,7.28,11.74
2025-12-16T06:18:53.638122,Recipe_C,e493d977-1289-4420-b102-87061598c92c,8,1.0,,,,12.0,10.45,9.79,10.93,9.93,11.41
2025-12-16T06:18:54.638122,Recipe_C,e493d977-1289-4420-b102-87061598c92c,8,4.0,,,,110.88,49.93,49.9,54.6,60.26,49.83
2025-12-16T06:18:55.638122,Recipe_C,e493d977-1289-4420-b102-87061598c92c,8,4.0,,,,101.72,51.07,40.67,48.03,50.93,50.51
2025-12-16T06:18:56.638122,Recipe_C,e493d977-1289-4420-b102-87061598c92c,8,4.0,,,,101.72,52.3,45.51,50.47,56.04,58.69
2025-12-16T06:18:57.638122,Recipe_C,e493d977-1289-4420-b102-87061598c92c,8,4.0,,,,95.52,55.56,44.7,56.9,49.58,50.37
2025-12-16T06:18:58.638122,Recipe_C,e493d977-1289-4420-b102-87061598c92c,8,4.0,,,,101.02,56.07,51.19,45.83,49.55,43.0
2025-12-16T06:18:59.638122,Recipe_C,e493d977-1289-4420-b102-87061598c92c,8,4.0,,,,104.06,57.87,56.23,49.1,50.74,49.87
2025-12-16T06:19:00.638122,Recipe_C,e493d977-1289-4420-b102-87061598c92c,8,4.0,,,,103.8,50.08,50.46,55.65,54.03,49.16
2025-12-16T06:19:01.638122,Recipe_C,e493d977-1289-4420-b102-87061598c92c,8,4.0,,,,103.89,51.42,57.09,45.77,50.75,42.91
2025-12-16T06:19:02.638122,Recipe_C,e493d977-1289-4420-b102-87061598c92c,8,4.0,,,,95.04,52.61,54.76,48.21,51.89,53.23
2025-12-16T06:19:03.638122,Recipe_C,e493d977-1289-4420-b102-87061598c92c,8,4.0,,,,97.84,50.93,41.94,56.06,47.2,49.9
2025-12-16T06:19:04.638122,Recipe_C,e493d977-1289-4420-b102-87061598c92c,8,4.0,,,,106.53,43.21,41.95,52.87,43.98,56.36
2025-12-16T06:19:05.638122,Recipe_C,e493d977-1289-4420-b102-87061598c92c,8,4.0,,,,92.88,57.51,46.32,50.6,38.32,56.17
2025-12-16T06:19:06.638122,Recipe_C,e493d977-1289-4420-b102-87061598c92c,8,4.0,,,,98.33,51.57,41.74,43.32,55.7,50.08
2025-12-16T06:19:07.638122,Recipe_C,e493d977-1289-4420-b102-87061598c92c,8,4.0,,,,103.59,53.32,44.39,54.78,46.1,45.76
2025-12-16T06:19:08.638122,Recipe_C,e493d977-1289-4420-b102-87061598c92c,8,4.0,,,,97.99,46.27,51.52,41.67,54.45,44.73
2025-12-16T06:19:09.638122,Recipe_C,e493d977-1289-4420-b102-87061598c92c,8,4.0,,,,91.6,57.07,52.2,52.47,48.97,47.12
2025-12-16T06:19:10.638122,Recipe_C,e493d977-1289-4420-b102-87061598c92c,8,4.0,,,,104.45,45.16,55.57,45.27,45.52,49.86
2025-12-16T06:19:11.638122,Recipe_C,e493d977-1289-4420-b102-87061598c92c,8,4.0,,,,91.65,46.95,47.37,67.05,52.5,45.19
2025-12-16T06:19:12.638122,Recipe_C,e493d977-1289-4420-b102-87061598c92c,8,4.0,,,,103.31,53.01,59.25,53.46,50.86,47.87
2025-12-16T06:19:13.638122,Recipe_C,e493d977-1289-4420-b102-87061598c92c,8,4.0,,,,104.62,44.28,55.22,56.07,48.54,57.4
2025-12-16T06:19:14.638122,Recipe_C,e493d977-1289-4420-b102-87061598c92c,8,4.0,,,,100.72,47.98,39.44,54.17,45.59,48.71
2025-12-16T06:19:15.638122,Recipe_C,e493d977-1289-4420-b102-87061598c92c,8,4.0,,,,110.53,48.94,50.57,42.58,49.84,55.26
2025-12-16T06:19:16.638122,Recipe_C,e493d977-1289-4420-b102-87061598c92c,8,4.0,,,,103.89,45.16,49.81,60.2,50.38,50.5
2025-12-16T06:19:17.638122,Recipe_C,e493d977-1289-4420-b102-87061598c92c,8,4.0,,,,98.18,49.15,46.61,52.73,40.21,45.56
2025-12-16T06:19:18.638122,Recipe_C,e493d977-1289-4420-b102-87061598c92c,8,4.0,,,,91.31,57.35,41.66,46.82,53.94,48.34
2025-12-16T06:19:19.638122,Recipe_C,e493d977-1289-4420-b102-87061598c92c,8,4.0,,,,101.43,45.91,49.88,46.87,50.52,47.27
2025-12-16T06:19:20.638122,Recipe_C,e493d977-1289-4420-b102-87061598c92c,8,4.0,,,,101.62,44.86,43.99,48.81,46.49,38.57
2025-12-16T06:19:21.638122,Recipe_C,e493d977-1289-4420-b102-87061598c92c,8,4.0,,,,96.96,44.85,56.02,52.65,47.76,56.89
2025-12-16T06:19:22.638122,Recipe_C,e493d977-1289-4420-b102-87061598c92c,8,4.0,,,,103.46,39.51,44.0,54.41,52.7,48.36
2025-12-16T06:19:23.638122,Recipe_C,e493d977-1289-4420-b102-87061598c92c,8,4.0,,,,105.07,43.42,54.07,53.96,51.76,49.73
2025-12-16T06:19:24.638122,Recipe_C,e493d977-1289-4420-b102-87061598c92c,8,4.0,,,,103.2,43.08,49.07,58.29,50.83,53.15
2025-12-16T06:19:25.638122,Recipe_C,e493d977-1289-4420-b102-87061598c92c,8,4.0,,,,95.49,54.02,53.89,54.9,49.69,58.28
2025-12-16T06:19:26.638122,Recipe_C,e493d977-1289-4420-b102-87061598c92c,8,4.0,,,,105.72,56.4,52.69,53.23,48.11,51.23
2025-12-16T06:19:27.638122,Recipe_C,e493d977-1289-4420-b102-87061598c92c,8,4.0,,,,104.3,52.94,47.6,48.0,49.08,52.28
2025-12-16T06:19:28.638122,Recipe_C,e493d977-1289-4420-b102-87061598c92c,8,4.0,,,,90.49,52.2,50.36,38.26,46.87,46.69
2025-12-16T06:19:29.638122,Recipe_C,e493d977-1289-4420-b102-87061598c92c,8,4.0,,,,96.56,48.27,50.63,49.41,51.14,53.31
2025-12-16T06:19:30.638122,Recipe_C,e493d977-1289-4420-b102-87061598c92c,8,4.0,,,,102.88,45.55,47.53,46.27,58.18,41.86
2025-12-16T06:19:31.638122,Recipe_C,e493d977-1289-4420-b102-87061598c92c,8,4.0,,,,99.25,49.14,56.27,53.34,54.21,52.79
2025-12-16T06:19:32.638122,Recipe_C,e493d977-1289-4420-b102-87061598c92c,8,4.0,,,,98.46,56.2,45.66,47.85,53.56,48.46
2025-12-16T06:19:33.638122,Recipe_C,e493d977-1289-4420-b102-87061598c92c,8,4.0,,,,104.45,47.67,47.72,48.24,54.05,58.78
2025-12-16T06:19:34.638122,Recipe_C,e493d977-1289-4420-b102-87061598c92c,8,5.0,,,,10.32,9.23,11.28,10.94,13.18,10.55
2025-12-16T06:19:35.638122,Recipe_C,e493d977-1289-4420-b102-87061598c92c,8,5.0,,,,10.58,6.66,7.01,7.55,6.71,7.75
2025-12-16T06:19:36.638122,Recipe_C,e493d977-1289-4420-b102-87061598c92c,8,5.0,,,,10.69,11.78,8.07,9.17,11.42,11.81
2025-12-16T06:19:37.638122,Recipe_C,e493d977-1289-4420-b102-87061598c92c,8,5.0,,,,8.42,9.74,8.58,10.42,11.87,11.0
2025-12-16T06:19:38.638122,Recipe_C,e493d977-1289-4420-b102-87061598c92c,8,5.0,,,,7.94,11.54,9.5,10.18,9.28,10.45
2025-12-16T06:19:39.638122,Recipe_C,e493d977-1289-4420-b102-87061598c92c,8,4.0,,,,89.67,56.72,47.11,50.73,49.56,59.12
2025-12-16T06:19:40.638122,Recipe_C,e493d977-1289-4420-b102-87061598c92c,8,4.0,,,,103.53,45.61,48.05,46.78,48.64,56.5
2025-12-16T06:19:41.638122,Recipe_C,e493d977-1289-4420-b102-87061598c92c,8,4.0,,,,99.1,50.82,53.1,46.14,46.17,53.75
2025-12-16T06:19:42.638122,Recipe_C,e493d977-1289-4420-b102-87061598c92c,8,4.0,,,,101.91,45.68,46.97,48.67,40.03,58.24
2025-12-16T06:19:43.638122,Recipe_C,e493d977-1289-4420-b102-87061598c92c,8,4.0,,,,98.92,58.18,56.02,49.34,46.38,49.48
2025-12-16T06:19:44.638122,Recipe_C,e493d977-1289-4420-b102-87061598c92c,8,4.0,,,,102.88,46.07,53.21,53.35,60.32,54.23
2025-12-16T06:19:45.638122,Recipe_C,e493d977-1289-4420-b102-87061598c92c,8,4.0,,,,96.85,55.68,51.84,47.37,49.28,47.02
2025-12-16T06:19:46.638122,Recipe_C,e493d977-1289-4420-b102-87061598c92c,8,4.0,,,,96.85,54.34,52.68,50.76,54.97,51.64
2025-12-16T06:19:47.638122,Recipe_C,e493d977-1289-4420-b102-87061598c92c,8,5.0,,,,14.17,8.52,7.43,10.08,7.61,10.57
2025-12-16T06:19:48.638122,Recipe_C,e493d977-1289-4420-b102-87061598c92c,8,5.0,,,,5.48,10.79,12.89,9.01,9.43,6.84
2025-12-16T06:19:49.638122,Recipe_C,e493d977-1289-4420-b102-87061598c92c,8,5.0,,,,11.23,10.41,10.76,9.47,11.89,10.94
2025-12-16T06:19:50.638122,Recipe_C,e493d977-1289-4420-b102-87061598c92c,8,5.0,,,,6.02,11.43,12.53,8.78,8.16,9.83
2025-12-16T06:19:51.638122,Recipe_C,e493d977-1289-4420-b102-87061598c92c,8,5.0,,,,10.26,7.56,7.69,9.81,9.17,8.94
2025-12-16T06:19:52.638122,Recipe_C,e493d977-1289-4420-b102-87061598c92c,8,5.0,,,,8.37,9.98,8.15,10.74,8.31,9.27
2025-12-16T06:19:53.638122,Recipe_C,e493d977-1289-4420-b102-87061598c92c,8,5.0,,,,6.99,8.12,9.13,7.73,12.14,9.74
2025-12-16T06:19:54.638122,Recipe_C,e493d977-1289-4420-b102-87061598c92c,8,3.0,,,,9.26,10.91,10.43,10.01,6.87,11.38
2025-12-16T06:19:55.638122,Recipe_C,e493d977-1289-4420-b102-87061598c92c,8,3.0,,,,12.22,12.38,13.1,6.46,10.75,8.83
2025-12-16T06:19:56.638122,Recipe_C,e493d977-1289-4420-b102-87061598c92c,8,3.0,,,,6.53,13.92,10.16,7.76,12.19,12.02
2025-12-16T06:19:57.638122,Recipe_C,e493d977-1289-4420-b102-87061598c92c,8,3.0,,,,9.29,10.35,13.84,8.95,8.47,12.02
2025-12-16T06:19:58.638122,Recipe_C,e493d977-1289-4420-b102-87061598c92c,8,3.0,,,,9.88,10.17,8.58,10.5,12.58,6.99
2025-12-16T06:19:59.638122,Recipe_C,e493d977-1289-4420-b102-87061598c92c,8,3.0,,,,7.06,7.17,7.18,9.93,7.02,9.04
2025-12-16T06:20:00.638122,Recipe_C,e493d977-1289-4420-b102-87061598c92c,8,3.0,,,,4.4,11.17,7.52,12.59,5.78,13.18
2025-12-16T06:20:01.638122,Recipe_C,e493d977-1289-4420-b102-87061598c92c,8,3.0,,,,11.7,11.04,10.63,10.48,11.78,11.27
2025-12-16T06:20:02.638122,Recipe_C,e493d977-1289-4420-b102-87061598c92c,8,3.0,,,,8.94,8.02,5.62,15.34,14.23,8.94
2025-12-16T06:20:03.638122,Recipe_C,e493d977-1289-4420-b102-87061598c92c,8,3.0,,,,13.92,10.35,6.93,9.32,9.49,10.8
2025-12-16T06:20:04.638122,Recipe_C,e493d977-1289-4420-b102-87061598c92c,8,3.0,,,,7.34,14.11,9.57,6.11,9.43,9.98
2025-12-16T06:20:05.638122,Recipe_C,e493d977-1289-4420-b102-87061598c92c,8,3.0,,,,9.98,10.7,13.6,7.82,9.44,11.01
2025-12-16T06:20:06.638122,Recipe_C,e493d977-1289-4420-b102-87061598c92c,8,3.0,,,,13.46,14.61,10.47,8.86,9.28,9.32
2025-12-16T06:20:07.638122,Recipe_C,e493d977-1289-4420-b102-87061598c92c,8,3.0,,,,9.87,9.05,12.85,5.98,10.1,11.05
2025-12-16T06:20:08.638122,Recipe_C,e493d977-1289-4420-b102-87061598c92c,8,3.0,,,,12.29,9.2,10.73,8.53,6.56,9.94
2025-12-16T06:20:09.638122,Recipe_C,e493d977-1289-4420-b102-87061598c92c,8,3.0,,,,11.6,7.14,7.86,8.9,10.59,7.93
2025-12-16T06:20:10.638122,Recipe_C,e493d977-1289-4420-b102-87061598c92c,8,4.0,,,,103.04,46.63,46.83,48.27,46.77,45.68
2025-12-16T06:20:11.638122,Recipe_C,e493d977-1289-4420-b102-87061598c92c,8,4.0,,,,98.58,47.51,39.07,57.71,51.14,46.88
2025-12-16T06:20:12.638122,Recipe_C,e493d977-1289-4420-b102-87061598c92c,8,4.0,,,,97.04,48.54,49.47,51.22,52.23,54.44
2025-12-16T06:20:13.638122,Recipe_C,e493d977-1289-4420-b102-87061598c92c,8,2.0,,,,8.26,10.98,9.23,12.31,8.54,10.55
2025-12-16T06:20:14.638122,Recipe_C,e493d977-1289-4420-b102-87061598c92c,8,1.0,,,,7.85,6.82,7.45,9.7,9.72,12.35
2025-12-16T06:20:15.638122,Recipe_C,e493d977-1289-4420-b102-87061598c92c,8,1.0,,,,10.85,9.46,8.46,4.37,11.69,8.07
2025-12-16T06:20:16.638122,Recipe_C,e493d977-1289-4420-b102-87061598c92c,8,1.0,,,,12.54,9.24,12.83,10.05,9.02,9.97
2025-12-16T06:20:17.638122,Recipe_C,e493d977-1289-4420-b102-87061598c92c,8,1.0,,,,7.18,9.28,10.82,9.13,13.7,7.33
2025-12-16T06:20:18.638122,Recipe_C,e493d977-1289-4420-b102-87061598c92c,8,1.0,,,,9.98,8.35,10.87,8.57,9.35,11.11
2025-12-16T06:20:19.638122,Recipe_C,e493d977-1289-4420-b102-87061598c92c,8,1.0,,,,11.2,9.08,9.55,9.96,5.79,10.05
2025-12-16T06:20:20.638122,Recipe_C,e493d977-1289-4420-b102-87061598c92c,8,1.0,,,,9.34,11.41,10.76,7.62,9.9,9.03
2025-12-16T06:20:21.638122,Recipe_C,e493d977-1289-4420-b102-87061598c92c,8,1.0,,,,13.15,5.56,12.67,10.42,11.19,13.99
2025-12-16T06:20:22.638122,Recipe_C,e493d977-1289-4420-b102-87061598c92c,8,1.0,,,,8.9,9.51,14.64,6.96,9.53,7.93
2025-12-16T06:20:23.638122,Recipe_C,e493d977-1289-4420-b102-87061598c92c,8,1.0,,,,10.52,12.54,7.79,12.25,8.3,9.03
2025-12-16T06:20:24.638122,Recipe_C,e493d977-1289-4420-b102-87061598c92c,8,1.0,,,,8.14,9.43,10.23,11.2,15.77,8.35
2025-12-16T06:20:25.638122,Recipe_C,e493d977-1289-4420-b102-87061598c92c,8,1.0,,,,9.78,9.1,9.94,8.01,11.01,9.37
2025-12-16T06:20:26.638122,Recipe_C,e493d977-1289-4420-b102-87061598c92c,8,1.0,,,,9.71,9.99,7.49,12.9,8.08,13.7
2025-12-16T06:20:27.638122,Recipe_C,e493d977-1289-4420-b102-87061598c92c,8,1.0,,,,9.65,13.77,9.7,9.7,11.41,11.97
2025-12-16T06:20:28.638122,Recipe_C,e493d977-1289-4420-b102-87061598c92c,8,1.0,,,,7.47,10.8,11.28,8.98,8.11,11.48
2025-12-16T06:20:29.638122,Recipe_C,e493d977-1289-4420-b102-87061598c92c,8,1.0,,,,13.4,6.99,11.24,11.53,9.2,12.29
2025-12-16T06:20:30.638122,Recipe_C,e493d977-1289-4420-b102-87061598c92c,8,1.0,,,,8.06,10.95,10.64,6.88,5.61,11.89
2025-12-16T06:20:31.638122,Recipe_C,e493d977-1289-4420-b102-87061598c92c,8,1.0,,,,8.57,9.95,7.7,10.39,9.24,9.03
2025-12-16T06:20:32.638122,Recipe_C,e493d977-1289-4420-b102-87061598c92c,8,1.0,,,,5.15,12.4,13.06,11.58,7.55,9.77
2025-12-16T06:20:33.638122,Recipe_C,e493d977-1289-4420-b102-87061598c92c,8,1.0,,,,7.81,10.53,11.17,8.97,12.21,9.4
2025-12-16T06:20:34.638122,Recipe_C,e493d977-1289-4420-b102-87061598c92c,8,1.0,,,,9.9,8.76,9.59,10.1,9.19,10.6
2025-12-16T06:20:35.638122,Recipe_C,e493d977-1289-4420-b102-87061598c92c,8,1.0,,,,7.79,8.82,10.24,7.72,6.15,8.61
2025-12-16T06:20:36.638122,Recipe_C,e493d977-1289-4420-b102-87061598c92c,8,1.0,,,,9.69,6.97,8.28,8.52,6.96,11.41
2025-12-16T06:20:37.638122,Recipe_C,e493d977-1289-4420-b102-87061598c92c,8,1.0,,,,10.15,11.58,10.14,5.48,10.42,10.06
2025-12-16T06:20:38.638122,Recipe_C,e493d977-1289-4420-b102-87061598c92c,8,1.0,,,,8.21,14.11,12.3,7.68,10.12,9.34
2025-12-16T06:20:39.638122,Recipe_C,e493d977-1289-4420-b102-87061598c92c,8,1.0,,,,10.47,9.66,13.63,8.14,10.52,8.0
2025-12-16T06:20:40.638122,Recipe_C,e493d977-1289-4420-b102-87061598c92c,8,1.0,,,,9.36,6.88,13.35,8.71,8.01,11.49
2025-12-16T06:20:41.638122,Recipe_C,e493d977-1289-4420-b102-87061598c92c,8,1.0,,,,9.97,8.14,8.12,12.96,8.94,12.75
2025-12-16T06:20:42.638122,Recipe_C,e493d977-1289-4420-b102-87061598c92c,8,1.0,,,,10.74,13.23,7.97,10.53,8.36,10.04
2025-12-16T06:20:43.638122,Recipe_C,e493d977-1289-4420-b102-87061598c92c,8,1.0,,,,15.56,9.36,10.19,11.28,9.6,11.35
2025-12-16T06:20:44.638122,Recipe_C,e493d977-1289-4420-b102-87061598c92c,8,1.0,,,,10.05,9.1,10.68,10.16,11.39,8.3
2025-12-16T06:20:45.638122,Recipe_C,e493d977-1289-4420-b102-87061598c92c,8,1.0,,,,12.31,8.19,10.35,9.91,10.67,9.02
2025-12-16T06:20:46.638122,Recipe_C,e493d977-1289-4420-b102-87061598c92c,8,5.0,,,,12.03,7.84,10.44,10.54,10.96,13.12
2025-12-16T06:20:47.638122,Recipe_C,e493d977-1289-4420-b102-87061598c92c,8,5.0,,,,6.88,9.96,12.21,6.94,7.79,5.19
2025-12-16T06:20:48.638122,Recipe_C,e493d977-1289-4420-b102-87061598c92c,8,5.0,,,,7.07,10.07,10.14,9.4,12.98,8.89
2025-12-16T06:20:49.638122,Recipe_C,e493d977-1289-4420-b102-87061598c92c,8,5.0,,,,10.96,8.89,13.86,7.95,8.39,13.72
2025-12-16T06:20:50.638122,Recipe_C,e493d977-1289-4420-b102-87061598c92c,8,5.0,,,,11.51,9.36,9.68,9.61,12.98,10.6
2025-12-16T06:20:51.638122,Recipe_C,e493d977-1289-4420-b102-87061598c92c,8,2.0,,,,12.52,11.88,11.75,13.38,9.26,14.91
2025-12-16T06:20:52.638122,Recipe_C,e493d977-1289-4420-b102-87061598c92c,8,2.0,,,,8.79,13.04,10.89,13.84,9.67,9.62
2025-12-16T06:20:53.638122,Recipe_C,e493d977-1289-4420-b102-87061598c92c,8,2.0,,,,9.63,7.87,7.24,7.04,9.91,8.22
2025-12-16T06:20:54.638122,Recipe_C,e493d977-1289-4420-b102-87061598c92c,8,2.0,,,,7.06,10.54,8.65,9.72,6.49,9.49
2025-12-16T06:20:55.638122,Recipe_C,e493d977-1289-4420-b102-87061598c92c,8,2.0,,,,12.24,8.88,7.11,10.15,9.48,13.78
2025-12-16T06:20:56.638122,Recipe_C,e493d977-1289-4420-b102-87061598c92c,8,2.0,,,,11.2,11.95,8.56,6.91,10.93,11.54
2025-12-16T06:20:57.638122,Recipe_C,e493d977-1289-4420-b102-87061598c92c,8,2.0,,,,6.92,8.22,8.48,12.24,9.9,11.46
2025-12-16T06:20:58.638122,Recipe_C,e493d977-1289-4420-b102-87061598c92c,8,2.0,,,,9.86,14.18,8.46,6.84,9.15,10.96
2025-12-16T06:20:59.638122,Recipe_C,e493d977-1289-4420-b102-87061598c92c,8,2.0,,,,8.08,11.5,9.06,8.74,10.15,9.2
2025-12-16T06:21:00.638122,Recipe_C,e493d977-1289-4420-b102-87061598c92c,8,2.0,,,,9.36,11.23,8.23,9.91,11.1,12.72
2025-12-16T06:21:00.638122,Recipe_C,e493d977-1289-4420-b102-87061598c92c,8,2.0,Warning_9,Simulated Warning occurred,Warning,,,,,,
2025-12-16T06:21:01.638122,Recipe_C,e493d977-1289-4420-b102-87061598c92c,8,2.0,,,,10.03,7.33,7.22,10.66,7.1,8.73
2025-12-16T06:21:02.638122,Recipe_C,e493d977-1289-4420-b102-87061598c92c,8,2.0,,,,9.44,10.05,5.89,11.03,9.44,6.84
2025-12-16T06:21:03.638122,Recipe_C,e493d977-1289-4420-b102-87061598c92c,8,2.0,,,,11.28,9.71,9.77,10.68,8.68,7.5
2025-12-16T06:21:04.638122,Recipe_C,e493d977-1289-4420-b102-87061598c92c,8,2.0,,,,8.34,8.72,9.86,7.82,14.21,9.54
2025-12-16T06:21:05.638122,Recipe_C,e493d977-1289-4420-b102-87061598c92c,8,2.0,,,,9.0,13.02,9.58,9.76,8.08,10.13
2025-12-16T06:21:05.638122,Recipe_C,e493d977-1289-4420-b102-87061598c92c,8,2.0,Error_1,Simulated Error occurred,Error,,,,,,
2025-12-16T06:21:06.638122,Recipe_C,e493d977-1289-4420-b102-87061598c92c,8,2.0,,,,8.66,10.35,6.65,10.36,10.6,8.46
2025-12-16T06:21:07.638122,Recipe_C,e493d977-1289-4420-b102-87061598c92c,8,2.0,,,,10.83,11.76,11.07,10.33,8.16,11.57
2025-12-16T06:21:08.638122,Recipe_C,e493d977-1289-4420-b102-87061598c92c,8,2.0,,,,10.42,12.7,9.44,10.32,9.92,9.83
2025-12-16T06:21:09.638122,Recipe_C,e493d977-1289-4420-b102-87061598c92c,8,2.0,,,,11.36,9.11,10.59,10.11,8.74,7.4
2025-12-16T06:21:10.638122,Recipe_C,e493d977-1289-4420-b102-87061598c92c,8,2.0,,,,10.14,8.08,10.61,10.71,6.2,10.85
2025-12-16T06:21:11.638122,Recipe_C,e493d977-1289-4420-b102-87061598c92c,8,2.0,,,,6.71,12.02,12.92,14.01,7.05,12.81
2025-12-16T06:21:12.638122,Recipe_C,e493d977-1289-4420-b102-87061598c92c,8,2.0,,,,7.16,9.9,13.83,10.1,9.42,9.55
2025-12-16T06:21:13.638122,Recipe_C,e493d977-1289-4420-b102-87061598c92c,8,2.0,,,,8.93,10.18,8.61,9.68,8.44,11.39
2025-12-16T06:21:14.638122,Recipe_C,e493d977-1289-4420-b102-87061598c92c,8,2.0,,,,13.46,7.45,8.14,9.42,9.92,8.52
2025-12-16T06:21:15.638122,Recipe_C,e493d977-1289-4420-b102-87061598c92c,8,5.0,,,,11.42,7.83,9.29,12.4,14.88,6.42
2025-12-16T06:21:16.638122,Recipe_C,e493d977-1289-4420-b102-87061598c92c,8,5.0,,,,9.65,10.21,8.32,8.93,9.07,10.44
2025-12-16T06:21:17.638122,Recipe_C,e493d977-1289-4420-b102-87061598c92c,8,5.0,,,,10.88,13.93,11.24,9.6,11.13,8.84
2025-12-16T06:21:18.638122,Recipe_C,e493d977-1289-4420-b102-87061598c92c,8,5.0,,,,8.79,11.69,11.75,12.61,8.32,9.85
2025-12-16T06:21:19.638122,Recipe_C,e493d977-1289-4420-b102-87061598c92c,8,5.0,,,,9.04,10.14,9.4,10.76,10.34,11.31
2025-12-16T06:21:20.638122,Recipe_C,e493d977-1289-4420-b102-87061598c92c,8,5.0,,,,12.09,7.22,12.2,9.04,13.1,7.94
2025-12-16T06:21:21.638122,Recipe_C,e493d977-1289-4420-b102-87061598c92c,8,5.0,,,,10.55,9.15,9.52,8.14,9.94,10.61
2025-12-16T06:21:22.638122,Recipe_C,e493d977-1289-4420-b102-87061598c92c,8,5.0,,,,10.7,10.93,6.75,12.4,12.09,8.32
2025-12-16T06:21:23.638122,Recipe_C,e493d977-1289-4420-b102-87061598c92c,8,5.0,,,,13.38,8.13,10.17,10.67,10.93,6.02
2025-12-16T06:21:24.638122,Recipe_C,e493d977-1289-4420-b102-87061598c92c,8,5.0,,,,8.36,9.34,14.86,7.4,7.95,9.36
2025-12-16T06:21:25.638122,Recipe_C,e493d977-1289-4420-b102-87061598c92c,8,5.0,,,,8.72,13.23,10.19,10.75,6.82,9.09
2025-12-16T06:21:26.638122,Recipe_C,e493d977-1289-4420-b102-87061598c92c,8,5.0,,,,9.84,11.28,10.44,9.59,10.23,11.12
2025-12-16T06:21:27.638122,Recipe_C,e493d977-1289-4420-b102-87061598c92c,8,5.0,,,,10.12,12.01,9.35,11.2,7.15,13.64
2025-12-16T06:21:28.638122,Recipe_C,e493d977-1289-4420-b102-87061598c92c,8,5.0,,,,7.89,9.7,10.81,8.55,11.55,11.6
2025-12-16T06:21:29.638122,Recipe_C,e493d977-1289-4420-b102-87061598c92c,8,5.0,,,,7.47,10.48,12.67,9.46,8.76,10.24
2025-12-16T06:21:30.638122,Recipe_C,e493d977-1289-4420-b102-87061598c92c,8,5.0,,,,10.17,9.81,11.28,5.8,10.87,11.7
2025-12-16T06:21:31.638122,Recipe_C,e493d977-1289-4420-b102-87061598c92c,8,5.0,,,,11.04,11.6,11.69,8.89,8.5,11.79
2025-12-16T06:21:32.638122,Recipe_C,e493d977-1289-4420-b102-87061598c92c,8,5.0,,,,9.67,9.61,14.46,7.58,14.48,11.25
2025-12-16T06:21:33.638122,Recipe_C,e493d977-1289-4420-b102-87061598c92c,8,5.0,,,,12.71,9.34,9.61,6.06,10.88,8.56
2025-12-16T06:21:34.638122,Recipe_C,e493d977-1289-4420-b102-87061598c92c,8,5.0,,,,13.33,13.17,9.58,11.03,9.22,8.46
2025-12-16T06:21:35.638122,Recipe_C,e493d977-1289-4420-b102-87061598c92c,8,5.0,,,,7.67,7.25,11.89,10.78,11.65,8.71
2025-12-16T06:21:36.638122,Recipe_C,e493d977-1289-4420-b102-87061598c92c,8,5.0,,,,10.96,11.81,7.78,8.64,9.12,7.45
2025-12-16T06:21:37.638122,Recipe_C,e493d977-1289-4420-b102-87061598c92c,8,5.0,,,,15.76,9.15,6.79,11.9,12.19,11.1
2025-12-16T06:21:38.638122,Recipe_C,e493d977-1289-4420-b102-87061598c92c,8,5.0,,,,9.17,14.18,11.23,11.4,9.36,11.6
2025-12-16T06:21:39.638122,Recipe_C,e493d977-1289-4420-b102-87061598c92c,8,5.0,,,,9.6,8.71,10.81,6.64,5.12,7.28
2025-12-16T06:21:40.638122,Recipe_C,e493d977-1289-4420-b102-87061598c92c,8,4.0,,,,100.38,48.53,41.47,41.78,48.45,51.64
2025-12-16T06:21:41.638122,Recipe_C,e493d977-1289-4420-b102-87061598c92c,8,4.0,,,,95.93,41.66,50.52,51.57,51.64,60.59
2025-12-16T06:21:42.638122,Recipe_C,e493d977-1289-4420-b102-87061598c92c,8,4.0,,,,93.94,45.31,39.24,49.44,54.23,53.81
2025-12-16T06:21:43.638122,Recipe_C,e493d977-1289-4420-b102-87061598c92c,8,4.0,,,,104.44,57.9,53.5,48.97,44.74,47.24
2025-12-16T06:21:44.638122,Recipe_C,e493d977-1289-4420-b102-87061598c92c,8,4.0,,,,99.24,49.2,40.64,52.38,42.39,53.94
2025-12-16T06:21:45.638122,Recipe_C,e493d977-1289-4420-b102-87061598c92c,8,4.0,,,,94.65,49.19,55.43,48.01,50.58,47.14
2025-12-16T06:21:46.638122,Recipe_C,e493d977-1289-4420-b102-87061598c92c,8,4.0,,,,113.74,46.99,48.23,52.09,49.09,49.9
2025-12-16T06:21:47.638122,Recipe_C,e493d977-1289-4420-b102-87061598c92c,8,4.0,,,,101.59,49.89,54.69,48.78,58.38,44.86
2025-12-16T06:21:48.638122,Recipe_C,e493d977-1289-4420-b102-87061598c92c,8,4.0,,,,105.29,43.65,42.17,53.92,44.89,51.95
2025-12-16T06:21:49.638122,Recipe_C,e493d977-1289-4420-b102-87061598c92c,8,4.0,,,,106.81,51.78,55.54,40.53,47.39,52.3
2025-12-16T06:21:50.638122,Recipe_C,e493d977-1289-4420-b102-87061598c92c,8,4.0,,,,92.19,44.92,43.85,49.42,48.26,45.93
2025-12-16T06:21:51.638122,Recipe_C,e493d977-1289-4420-b102-87061598c92c,8,4.0,,,,101.89,47.87,40.55,44.71,47.87,53.98
2025-12-16T06:21:52.638122,Recipe_C,e493d977-1289-4420-b102-87061598c92c,8,4.0,,,,102.86,49.93,52.86,49.18,57.07,53.31
2025-12-16T06:21:53.638122,Recipe_C,e493d977-1289-4420-b102-87061598c92c,8,4.0,,,,103.21,45.75,52.08,45.12,55.76,53.97
2025-12-16T06:21:54.638122,Recipe_C,e493d977-1289-4420-b102-87061598c92c,8,4.0,,,,101.96,44.37,45.94,49.76,56.93,41.36
2025-12-16T06:21:55.638122,Recipe_C,e493d977-1289-4420-b102-87061598c92c,8,5.0,,,,8.23,10.2,9.12,5.89,11.48,11.11
2025-12-16T06:21:56.638122,Recipe_C,e493d977-1289-4420-b102-87061598c92c,8,5.0,,,,9.03,9.36,8.34,13.42,11.66,10.23
2025-12-16T06:21:57.638122,Recipe_C,e493d977-1289-4420-b102-87061598c92c,8,5.0,,,,7.64,14.06,9.73,12.02,11.57,9.64
2025-12-16T06:21:58.638122,Recipe_C,e493d977-1289-4420-b102-87061598c92c,8,5.0,,,,8.55,11.33,10.87,8.51,9.14,9.22
2025-12-16T06:21:59.638122,Recipe_C,e493d977-1289-4420-b102-87061598c92c,8,5.0,,,,8.22,8.27,11.49,8.19,9.6,10.07
2025-12-16T06:22:00.638122,Recipe_C,e493d977-1289-4420-b102-87061598c92c,8,5.0,,,,11.2,11.24,8.54,10.09,10.8,12.01
2025-12-16T06:22:01.638122,Recipe_C,e493d977-1289-4420-b102-87061598c92c,8,5.0,,,,11.66,7.44,9.5,10.24,8.55,12.0
2025-12-16T06:22:02.638122,Recipe_C,e493d977-1289-4420-b102-87061598c92c,8,5.0,,,,10.22,10.6,9.64,10.2,7.34,10.89
2025-12-16T06:22:03.638122,Recipe_C,e493d977-1289-4420-b102-87061598c92c,8,5.0,,,,9.81,10.29,8.69,11.44,12.58,10.32
2025-12-16T06:22:04.638122,Recipe_C,e493d977-1289-4420-b102-87061598c92c,8,5.0,,,,11.11,11.3,9.95,12.1,7.65,11.17
2025-12-16T06:22:05.638122,Recipe_C,e493d977-1289-4420-b102-87061598c92c,8,5.0,,,,10.06,9.75,11.01,10.86,8.8,9.21
2025-12-16T06:22:06.638122,Recipe_C,e493d977-1289-4420-b102-87061598c92c,8,5.0,,,,10.36,9.55,9.69,6.56,10.5,13.66
2025-12-16T06:22:07.638122,Recipe_C,e493d977-1289-4420-b102-87061598c92c,8,5.0,,,,11.4,11.55,13.88,12.23,10.14,7.55
2025-12-16T06:22:08.638122,Recipe_C,e493d977-1289-4420-b102-87061598c92c,8,0.0,,,,0.0,0.0,0.0,0.0,0.0,0.0
2025-12-16T06:22:09.638122,Recipe_C,e493d977-1289-4420-b102-87061598c92c,8,0.0,,,,0.0,0.0,0.0,0.0,0.0,0.0
2025-12-16T06:22:10.638122,Recipe_C,e493d977-1289-4420-b102-87061598c92c,8,0.0,,,,0.0,0.0,0.0,0.0,0.0,0.0
2025-12-16T06:22:11.638122,Recipe_C,e493d977-1289-4420-b102-87061598c92c,8,0.0,,,,0.0,0.0,0.0,0.0,0.0,0.0
2025-12-16T06:22:12.638122,Recipe_C,e493d977-1289-4420-b102-87061598c92c,8,0.0,,,,0.0,0.0,0.0,0.0,0.0,0.0
2025-12-16T06:22:13.638122,Recipe_C,e493d977-1289-4420-b102-87061598c92c,8,0.0,,,,0.0,0.0,0.0,0.0,0.0,0.0
2025-12-16T06:22:14.638122,Recipe_C,e493d977-1289-4420-b102-87061598c92c,8,0.0,,,,0.0,0.0,0.0,0.0,0.0,0.0
2025-12-16T06:22:15.638122,Recipe_C,e493d977-1289-4420-b102-87061598c92c,8,0.0,,,,0.0,0.0,0.0,0.0,0.0,0.0
2025-12-16T06:22:16.638122,Recipe_C,e493d977-1289-4420-b102-87061598c92c,8,0.0,,,,0.0,0.0,0.0,0.0,0.0,0.0
2025-12-16T06:22:17.638122,Recipe_C,e493d977-1289-4420-b102-87061598c92c,8,0.0,,,,0.0,0.0,0.0,0.0,0.0,0.0
2025-12-16T06:22:18.638122,Recipe_C,e493d977-1289-4420-b102-87061598c92c,8,0.0,,,,0.0,0.0,0.0,0.0,0.0,0.0
2025-12-16T06:22:19.638122,Recipe_C,e493d977-1289-4420-b102-87061598c92c,8,0.0,,,,0.0,0.0,0.0,0.0,0.0,0.0
2025-12-16T06:22:20.638122,Recipe_C,e493d977-1289-4420-b102-87061598c92c,8,0.0,,,,0.0,0.0,0.0,0.0,0.0,0.0
2025-12-16T06:22:21.638122,Recipe_C,e493d977-1289-4420-b102-87061598c92c,8,0.0,,,,0.0,0.0,0.0,0.0,0.0,0.0
2025-12-16T06:22:22.638122,Recipe_C,e493d977-1289-4420-b102-87061598c92c,8,0.0,,,,0.0,0.0,0.0,0.0,0.0,0.0
2025-12-16T06:22:23.638122,Recipe_C,e493d977-1289-4420-b102-87061598c92c,8,0.0,,,,0.0,0.0,0.0,0.0,0.0,0.0
2025-12-16T06:22:24.638122,Recipe_C,e493d977-1289-4420-b102-87061598c92c,8,0.0,,,,0.0,0.0,0.0,0.0,0.0,0.0
2025-12-16T06:22:25.638122,Recipe_C,e493d977-1289-4420-b102-87061598c92c,8,0.0,,,,0.0,0.0,0.0,0.0,0.0,0.0
2025-12-16T06:22:26.638122,Recipe_C,e493d977-1289-4420-b102-87061598c92c,8,0.0,,,,0.0,0.0,0.0,0.0,0.0,0.0
2025-12-16T06:22:27.638122,Recipe_C,e493d977-1289-4420-b102-87061598c92c,8,0.0,,,,0.0,0.0,0.0,0.0,0.0,0.0
2025-12-16T06:22:28.638122,Recipe_C,e493d977-1289-4420-b102-87061598c92c,8,0.0,,,,0.0,0.0,0.0,0.0,0.0,0.0
2025-12-16T06:22:29.638122,Recipe_C,e493d977-1289-4420-b102-87061598c92c,8,0.0,,,,0.0,0.0,0.0,0.0,0.0,0.0
2025-12-16T06:22:30.638122,Recipe_C,e493d977-1289-4420-b102-87061598c92c,8,5.0,,,,10.37,8.84,8.68,11.22,10.86,6.15
2025-12-16T06:22:31.638122,Recipe_C,e493d977-1289-4420-b102-87061598c92c,8,5.0,,,,10.95,8.69,10.04,12.22,10.8,9.55
2025-12-16T06:22:32.638122,Recipe_C,e493d977-1289-4420-b102-87061598c92c,8,5.0,,,,10.54,8.98,8.47,9.5,10.62,9.01
2025-12-16T06:22:33.638122,Recipe_C,e493d977-1289-4420-b102-87061598c92c,8,3.0,,,,8.8,10.9,12.61,12.73,10.01,9.38
2025-12-16T06:22:34.638122,Recipe_C,e493d977-1289-4420-b102-87061598c92c,8,3.0,,,,8.99,8.27,7.76,10.19,8.7,13.65
2025-12-16T06:22:35.638122,Recipe_C,e493d977-1289-4420-b102-87061598c92c,8,3.0,,,,11.01,11.0,9.8,9.82,9.54,9.39
2025-12-16T06:22:36.638122,Recipe_C,e493d977-1289-4420-b102-87061598c92c,8,3.0,,,,10.01,9.14,10.36,7.63,11.95,9.55
2025-12-16T06:22:37.638122,Recipe_C,e493d977-1289-4420-b102-87061598c92c,8,3.0,,,,8.55,13.25,10.07,7.75,11.42,11.5
2025-12-16T06:22:38.638122,Recipe_C,e493d977-1289-4420-b102-87061598c92c,8,3.0,,,,9.69,11.91,12.0,10.01,10.85,12.05
2025-12-16T06:22:39.638122,Recipe_C,e493d977-1289-4420-b102-87061598c92c,8,3.0,,,,9.04,9.21,8.97,10.02,13.1,9.64
2025-12-16T06:22:40.638122,Recipe_C,e493d977-1289-4420-b102-87061598c92c,8,3.0,,,,7.67,8.27,6.83,8.93,8.27,9.84
2025-12-16T06:22:41.638122,Recipe_C,e493d977-1289-4420-b102-87061598c92c,8,3.0,,,,9.32,10.19,12.41,9.12,10.34,8.67
2025-12-16T06:22:42.638122,Recipe_C,e493d977-1289-4420-b102-87061598c92c,8,3.0,,,,10.63,10.68,12.87,9.9,10.07,9.85
2025-12-16T06:22:43.638122,Recipe_C,e493d977-1289-4420-b102-87061598c92c,8,3.0,,,,5.69,10.53,15.09,7.98,12.36,10.14
2025-12-16T06:22:44.638122,Recipe_C,e493d977-1289-4420-b102-87061598c92c,8,3.0,,,,9.58,12.03,9.03,9.68,14.11,10.45
2025-12-16T06:22:45.638122,Recipe_C,e493d977-1289-4420-b102-87061598c92c,8,3.0,,,,7.68,10.91,11.97,11.66,12.46,8.91
2025-12-16T06:22:46.638122,Recipe_C,e493d977-1289-4420-b102-87061598c92c,8,3.0,,,,7.3,7.23,11.26,8.8,9.15,13.91
2025-12-16T06:22:47.638122,Recipe_C,e493d977-1289-4420-b102-87061598c92c,8,3.0,,,,9.08,8.87,9.88,10.32,9.08,9.7
2025-12-16T06:22:48.638122,Recipe_C,e493d977-1289-4420-b102-87061598c92c,8,3.0,,,,8.63,12.5,10.79,10.93,13.84,8.8
2025-12-16T06:22:49.638122,Recipe_C,e493d977-1289-4420-b102-87061598c92c,8,3.0,,,,12.22,10.19,5.13,11.2,8.6,10.66
2025-12-16T06:22:50.638122,Recipe_C,e493d977-1289-4420-b102-87061598c92c,8,3.0,,,,9.88,12.14,10.46,7.23,10.58,9.41
2025-12-16T06:22:51.638122,Recipe_C,e493d977-1289-4420-b102-87061598c92c,8,3.0,,,,10.02,11.48,12.03,10.68,10.35,12.55
2025-12-16T06:22:52.638122,Recipe_C,e493d977-1289-4420-b102-87061598c92c,8,3.0,,,,10.68,7.69,13.84,9.38,10.62,9.35
2025-12-16T06:22:53.638122,Recipe_C,e493d977-1289-4420-b102-87061598c92c,8,3.0,,,,11.86,10.2,9.84,12.48,8.41,10.26
2025-12-16T06:22:54.638122,Recipe_C,e493d977-1289-4420-b102-87061598c92c,8,0.0,,,,0.0,0.0,0.0,0.0,0.0,0.0
2025-12-16T06:22:54.638122,Recipe_C,e493d977-1289-4420-b102-87061598c92c,8,0.0,Error_7,Simulated Error occurred,Error,,,,,,
2025-12-16T06:22:55.638122,Recipe_C,e493d977-1289-4420-b102-87061598c92c,8,0.0,,,,0.0,0.0,0.0,0.0,0.0,0.0
2025-12-16T06:22:56.638122,Recipe_C,e493d977-1289-4420-b102-87061598c92c,8,0.0,,,,0.0,0.0,0.0,0.0,0.0,0.0
2025-12-16T06:22:57.638122,Recipe_C,e493d977-1289-4420-b102-87061598c92c,8,0.0,,,,0.0,0.0,0.0,0.0,0.0,0.0
2025-12-16T06:22:58.638122,Recipe_C,e493d977-1289-4420-b102-87061598c92c,8,0.0,,,,0.0,0.0,0.0,0.0,0.0,0.0
2025-12-16T06:22:59.638122,Recipe_C,e493d977-1289-4420-b102-87061598c92c,8,0.0,,,,0.0,0.0,0.0,0.0,0.0,0.0
2025-12-16T06:23:00.638122,Recipe_C,e493d977-1289-4420-b102-87061598c92c,8,0.0,,,,0.0,0.0,0.0,0.0,0.0,0.0
2025-12-16T06:23:01.638122,Recipe_C,e493d977-1289-4420-b102-87061598c92c,8,4.0,,,,106.94,41.79,47.09,51.13,56.64,43.59
2025-12-16T06:23:02.638122,Recipe_C,e493d977-1289-4420-b102-87061598c92c,8,4.0,,,,100.96,46.36,44.47,45.66,42.84,41.3
2025-12-16T06:23:02.638122,Recipe_C,e493d977-1289-4420-b102-87061598c92c,8,4.0,Warning_3,Simulated Warning occurred,Warning,,,,,,
2025-12-16T06:23:03.638122,Recipe_C,e493d977-1289-4420-b102-87061598c92c,8,1.0,,,,10.77,6.39,7.98,13.0,10.11,9.72
2025-12-16T06:23:04.638122,Recipe_C,e493d977-1289-4420-b102-87061598c92c,8,1.0,,,,6.71,8.11,6.14,9.35,11.73,10.05
2025-12-16T06:23:05.638122,Recipe_C,e493d977-1289-4420-b102-87061598c92c,8,1.0,,,,10.77,10.13,8.87,15.15,11.63,10.71
2025-12-16T06:23:06.638122,Recipe_C,e493d977-1289-4420-b102-87061598c92c,8,1.0,,,,10.6,6.75,11.98,10.45,8.64,9.33
2025-12-16T06:23:07.638122,Recipe_C,e493d977-1289-4420-b102-87061598c92c,8,1.0,,,,7.27,11.83,9.67,9.53,12.14,10.6
2025-12-16T06:23:08.638122,Recipe_C,e493d977-1289-4420-b102-87061598c92c,8,1.0,,,,8.03,10.85,8.83,10.89,12.2,10.33
2025-12-16T06:23:09.638122,Recipe_C,e493d977-1289-4420-b102-87061598c92c,8,1.0,,,,8.21,9.45,9.57,6.81,8.68,7.0
2025-12-16T06:23:10.638122,Recipe_C,e493d977-1289-4420-b102-87061598c92c,8,1.0,,,,14.46,10.11,11.03,15.76,6.5,6.45
2025-12-16T06:23:11.638122,Recipe_C,e493d977-1289-4420-b102-87061598c92c,8,1.0,,,,11.6,12.39,11.0,7.78,7.72,9.99
2025-12-16T06:23:12.638122,Recipe_C,e493d977-1289-4420-b102-87061598c92c,8,1.0,,,,7.45,7.86,10.31,8.62,12.1,10.81
2025-12-16T06:23:13.638122,Recipe_C,e493d977-1289-4420-b102-87061598c92c,8,1.0,,,,8.6,11.23,9.26,6.83,4.48,6.8
2025-12-16T06:23:14.638122,Recipe_C,e493d977-1289-4420-b102-87061598c92c,8,1.0,,,,11.13,8.09,8.43,9.49,2.58,10.91
2025-12-16T06:23:15.638122,Recipe_C,e493d977-1289-4420-b102-87061598c92c,8,1.0,,,,10.66,10.81,7.3,8.44,12.88,7.41
2025-12-16T06:23:16.638122,Recipe_C,e493d977-1289-4420-b102-87061598c92c,8,1.0,,,,5.53,13.16,13.74,10.27,8.45,6.94
2025-12-16T06:23:17.638122,Recipe_C,e493d977-1289-4420-b102-87061598c92c,8,1.0,,,,8.98,7.87,11.3,10.37,12.23,8.6
2025-12-16T06:23:18.638122,Recipe_C,e493d977-1289-4420-b102-87061598c92c,8,1.0,,,,10.68,9.25,4.98,11.73,6.43,9.69
2025-12-16T06:23:19.638122,Recipe_C,e493d977-1289-4420-b102-87061598c92c,8,1.0,,,,9.21,9.91,11.65,7.73,11.26,9.67
2025-12-16T06:23:20.638122,Recipe_C,e493d977-1289-4420-b102-87061598c92c,8,1.0,,,,9.98,8.53,10.72,10.52,11.21,10.29
2025-12-16T06:23:21.638122,Recipe_C,e493d977-1289-4420-b102-87061598c92c,8,1.0,,,,9.18,9.69,9.27,10.81,11.11,5.81
2025-12-16T06:23:22.638122,Recipe_C,e493d977-1289-4420-b102-87061598c92c,8,1.0,,,,11.51,10.29,9.37,10.63,11.53,9.08
2025-12-16T06:23:23.638122,Recipe_C,e493d977-1289-4420-b102-87061598c92c,8,1.0,,,,6.22,9.35,10.66,9.32,10.85,12.83
2025-12-16T06:23:24.638122,Recipe_C,e493d977-1289-4420-b102-87061598c92c,8,1.0,,,,10.52,14.45,11.74,13.03,8.92,11.45
2025-12-16T06:23:25.638122,Recipe_C,e493d977-1289-4420-b102-87061598c92c,8,1.0,,,,8.73,8.78,13.33,7.08,10.4,5.78
2025-12-16T06:23:26.638122,Recipe_C,e493d977-1289-4420-b102-87061598c92c,8,1.0,,,,10.75,8.45,9.82,9.08,6.22,12.62
2025-12-16T06:23:27.638122,Recipe_C,e493d977-1289-4420-b102-87061598c92c,8,1.0,,,,9.82,9.5,9.79,9.62,11.39,9.89
2025-12-16T06:23:28.638122,Recipe_C,e493d977-1289-4420-b102-87061598c92c,8,1.0,,,,6.59,5.21,8.6,9.9,8.46,7.97
2025-12-16T06:23:28.638122,Recipe_C,e493d977-1289-4420-b102-87061598c92c,8,1.0,Warning_7,Simulated Warning occurred,Warning,,,,,,
2025-12-16T06:23:29.638122,Recipe_C,e493d977-1289-4420-b102-87061598c92c,8,1.0,,,,11.54,10.53,11.93,11.7,12.6,10.24
2025-12-16T06:23:30.638122,Recipe_C,e493d977-1289-4420-b102-87061598c92c,8,1.0,,,,8.15,10.53,12.58,10.17,9.24,9.68
2025-12-16T06:23:31.638122,Recipe_C,e493d977-1289-4420-b102-87061598c92c,8,1.0,,,,9.17,8.65,8.78,7.61,9.62,5.19
2025-12-16T06:23:31.638122,Recipe_C,e493d977-1289-4420-b102-87061598c92c,8,1.0,Warning_7,Simulated Warning occurred,Warning,,,,,,
2025-12-16T06:23:32.638122,Recipe_C,e493d977-1289-4420-b102-87061598c92c,8,1.0,,,,9.73,9.88,9.79,9.49,7.68,11.15
2025-12-16T06:23:33.638122,Recipe_C,e493d977-1289-4420-b102-87061598c92c,8,1.0,,,,7.8,8.24,9.54,15.32,8.27,10.33
2025-12-16T06:23:34.638122,Recipe_C,e493d977-1289-4420-b102-87061598c92c,8,1.0,,,,12.9,12.49,5.98,9.64,12.18,10.27
2025-12-16T06:23:35.638122,Recipe_C,e493d977-1289-4420-b102-87061598c92c,8,1.0,,,,11.76,8.71,7.85,12.96,12.55,7.52
2025-12-16T06:23:36.638122,Recipe_C,e493d977-1289-4420-b102-87061598c92c,8,1.0,,,,10.37,8.36,13.6,9.19,11.73,10.97
2025-12-16T06:23:37.638122,Recipe_C,e493d977-1289-4420-b102-87061598c92c,8,1.0,,,,9.11,7.74,9.99,8.82,9.93,8.28
2025-12-16T06:23:38.638122,Recipe_C,e493d977-1289-4420-b102-87061598c92c,8,1.0,,,,8.83,10.9,10.78,12.71,14.14,8.71
2025-12-16T06:23:39.638122,Recipe_C,e493d977-1289-4420-b102-87061598c92c,8,1.0,,,,11.73,12.08,8.35,10.14,10.05,8.86
2025-12-16T06:23:40.638122,Recipe_C,e493d977-1289-4420-b102-87061598c92c,8,1.0,,,,8.6,7.95,10.77,11.11,9.11,10.4
2025-12-16T06:23:41.638122,Recipe_C,e493d977-1289-4420-b102-87061598c92c,8,1.0,,,,9.49,10.94,11.19,14.27,6.86,7.85
2025-12-16T06:23:42.638122,Recipe_C,e493d977-1289-4420-b102-87061598c92c,8,1.0,,,,9.48,10.7,10.24,8.64,10.09,10.39
2025-12-16T06:23:43.638122,Recipe_C,e493d977-1289-4420-b102-87061598c92c,8,1.0,,,,12.89,7.68,8.4,7.9,11.47,10.62
2025-12-16T06:23:44.638122,Recipe_C,e493d977-1289-4420-b102-87061598c92c,8,1.0,,,,10.08,11.39,13.01,10.59,10.13,9.49
2025-12-16T06:23:45.638122,Recipe_C,e493d977-1289-4420-b102-87061598c92c,8,1.0,,,,12.22,6.11,8.5,11.03,8.41,8.17
2025-12-16T06:23:46.638122,Recipe_C,e493d977-1289-4420-b102-87061598c92c,8,1.0,,,,9.37,13.11,7.83,9.36,10.55,10.79
2025-12-16T06:23:47.638122,Recipe_C,e493d977-1289-4420-b102-87061598c92c,8,1.0,,,,11.12,11.99,13.33,9.29,9.86,12.14
2025-12-16T06:23:48.638122,Recipe_C,e493d977-1289-4420-b102-87061598c92c,8,1.0,,,,9.17,6.3,6.86,11.23,5.95,7.87
2025-12-16T06:23:49.638122,Recipe_C,e493d977-1289-4420-b102-87061598c92c,8,5.0,,,,8.81,11.12,10.83,7.27,10.29,11.83
2025-12-16T06:23:50.638122,Recipe_C,e493d977-1289-4420-b102-87061598c92c,8,5.0,,,,11.82,12.26,12.31,9.83,10.36,8.42
2025-12-16T06:23:51.638122,Recipe_C,e493d977-1289-4420-b102-87061598c92c,8,5.0,,,,7.85,7.24,7.59,11.79,8.83,9.17
2025-12-16T06:23:52.638122,Recipe_C,e493d977-1289-4420-b102-87061598c92c,8,1.0,,,,9.07,4.05,11.46,12.97,6.06,11.83
2025-12-16T06:23:53.638122,Recipe_C,e493d977-1289-4420-b102-87061598c92c,8,1.0,,,,10.86,9.23,12.89,10.01,10.15,11.53
2025-12-16T06:23:54.638122,Recipe_C,e493d977-1289-4420-b102-87061598c92c,8,1.0,,,,14.59,9.08,7.75,13.34,10.54,7.17
2025-12-16T06:23:55.638122,Recipe_C,e493d977-1289-4420-b102-87061598c92c,8,1.0,,,,10.42,10.22,11.91,9.43,11.11,11.03
2025-12-16T06:23:56.638122,Recipe_C,e493d977-1289-4420-b102-87061598c92c,8,1.0,,,,9.06,11.81,10.65,10.29,7.88,10.44
2025-12-16T06:23:57.638122,Recipe_C,e493d977-1289-4420-b102-87061598c92c,8,1.0,,,,10.47,8.58,13.55,8.89,8.55,10.76
2025-12-16T06:23:58.638122,Recipe_C,e493d977-1289-4420-b102-87061598c92c,8,1.0,,,,8.67,13.12,7.04,9.43,9.52,9.36
2025-12-16T06:23:59.638122,Recipe_C,e493d977-1289-4420-b102-87061598c92c,8,1.0,,,,9.68,10.21,9.15,11.4,3.99,8.86
2025-12-16T06:24:00.638122,Recipe_C,e493d977-1289-4420-b102-87061598c92c,8,1.0,,,,8.15,9.75,9.84,13.44,6.41,11.53
2025-12-16T06:24:01.638122,Recipe_C,e493d977-1289-4420-b102-87061598c92c,8,1.0,,,,10.45,6.52,11.11,12.68,9.88,9.1
2025-12-16T06:24:02.638122,Recipe_C,e493d977-1289-4420-b102-87061598c92c,8,1.0,,,,8.7,13.44,12.93,11.24,9.68,10.82
2025-12-16T06:24:03.638122,Recipe_C,e493d977-1289-4420-b102-87061598c92c,8,1.0,,,,13.66,8.31,9.58,12.58,9.39,10.23
2025-12-16T06:24:04.638122,Recipe_C,e493d977-1289-4420-b102-87061598c92c,8,1.0,,,,10.84,9.7,11.28,10.03,8.79,5.48
2025-12-16T06:24:05.638122,Recipe_C,e493d977-1289-4420-b102-87061598c92c,8,1.0,,,,9.88,7.45,10.78,7.88,7.49,10.67
2025-12-16T06:24:06.638122,Recipe_C,e493d977-1289-4420-b102-87061598c92c,8,1.0,,,,8.93,9.01,11.5,8.97,14.7,8.44
2025-12-16T06:24:07.638122,Recipe_C,e493d977-1289-4420-b102-87061598c92c,8,1.0,,,,10.12,11.65,9.38,8.29,6.26,8.28
2025-12-16T06:24:08.638122,Recipe_C,e493d977-1289-4420-b102-87061598c92c,8,1.0,,,,11.32,11.83,9.58,9.21,7.47,9.1
2025-12-16T06:24:09.638122,Recipe_C,e493d977-1289-4420-b102-87061598c92c,8,1.0,,,,7.57,10.41,12.74,9.45,11.64,8.33
2025-12-16T06:24:10.638122,Recipe_C,e493d977-1289-4420-b102-87061598c92c,8,2.0,,,,11.19,11.4,14.54,11.16,7.85,11.08
2025-12-16T06:24:11.638122,Recipe_C,e493d977-1289-4420-b102-87061598c92c,8,2.0,,,,8.39,11.05,11.35,8.96,8.77,12.33
2025-12-16T06:24:12.638122,Recipe_C,e493d977-1289-4420-b102-87061598c92c,8,2.0,,,,11.16,10.05,11.21,10.68,11.09,8.54
2025-12-16T06:24:13.638122,Recipe_C,e493d977-1289-4420-b102-87061598c92c,8,2.0,,,,12.25,6.03,8.83,9.51,12.93,10.82
2025-12-16T06:24:14.638122,Recipe_C,e493d977-1289-4420-b102-87061598c92c,8,2.0,,,,9.29,11.61,10.86,7.26,9.18,6.76
2025-12-16T06:24:15.638122,Recipe_C,e493d977-1289-4420-b102-87061598c92c,8,2.0,,,,9.21,10.19,9.17,6.41,9.19,9.65
2025-12-16T06:24:16.638122,Recipe_C,e493d977-1289-4420-b102-87061598c92c,8,2.0,,,,11.92,7.96,11.71,12.3,9.91,8.93
2025-12-16T06:24:17.638122,Recipe_C,e493d977-1289-4420-b102-87061598c92c,8,2.0,,,,13.89,9.58,11.09,8.94,8.01,9.25
2025-12-16T06:24:18.638122,Recipe_C,e493d977-1289-4420-b102-87061598c92c,8,2.0,,,,7.92,14.99,14.22,8.4,13.71,9.34
2025-12-16T06:24:19.638122,Recipe_C,e493d977-1289-4420-b102-87061598c92c,8,2.0,,,,7.02,6.33,9.03,11.78,5.88,9.16
2025-12-16T06:24:20.638122,Recipe_C,e493d977-1289-4420-b102-87061598c92c,8,4.0,,,,96.4,49.5,50.98,51.62,52.46,48.6
2025-12-16T06:24:21.638122,Recipe_C,e493d977-1289-4420-b102-87061598c92c,8,4.0,,,,88.61,49.87,52.23,43.56,53.04,44.67
2025-12-16T06:24:22.638122,Recipe_C,e493d977-1289-4420-b102-87061598c92c,8,4.0,,,,99.51,51.34,47.92,47.0,45.64,50.29
2025-12-16T06:24:23.638122,Recipe_C,e493d977-1289-4420-b102-87061598c92c,8,4.0,,,,96.04,45.02,55.43,52.57,48.19,45.15
2025-12-16T06:24:24.638122,Recipe_C,e493d977-1289-4420-b102-87061598c92c,8,4.0,,,,102.44,49.53,46.72,50.41,51.08,63.15
2025-12-16T06:24:25.638122,Recipe_C,e493d977-1289-4420-b102-87061598c92c,8,4.0,,,,100.17,44.79,46.31,48.01,54.73,48.83
2025-12-16T06:24:26.638122,Recipe_C,e493d977-1289-4420-b102-87061598c92c,8,4.0,,,,100.96,40.78,55.77,45.17,55.1,49.5
2025-12-16T06:24:27.638122,Recipe_C,e493d977-1289-4420-b102-87061598c92c,8,4.0,,,,106.01,54.78,58.03,43.1,51.43,55.79
2025-12-16T06:24:28.638122,Recipe_C,e493d977-1289-4420-b102-87061598c92c,8,4.0,,,,100.95,45.26,49.22,42.12,47.67,50.15
2025-12-16T06:24:29.638122,Recipe_C,e493d977-1289-4420-b102-87061598c92c,8,4.0,,,,105.07,48.62,46.94,58.8,58.81,52.4
2025-12-16T06:24:30.638122,Recipe_C,e493d977-1289-4420-b102-87061598c92c,8,4.0,,,,105.41,42.71,57.57,45.97,40.64,51.28
2025-12-16T06:24:31.638122,Recipe_C,e493d977-1289-4420-b102-87061598c92c,8,4.0,,,,90.71,45.07,46.17,47.94,53.45,49.86
2025-12-16T06:24:31.638122,Recipe_C,e493d977-1289-4420-b102-87061598c92c,8,4.0,Error_5,Simulated Error occurred,Error,,,,,,
2025-12-16T06:24:32.638122,Recipe_C,e493d977-1289-4420-b102-87061598c92c,8,4.0,,,,100.84,42.18,52.74,47.97,43.6,51.0
2025-12-16T06:24:33.638122,Recipe_C,e493d977-1289-4420-b102-87061598c92c,8,4.0,,,,102.22,49.94,39.66,45.83,50.76,44.98
2025-12-16T06:24:34.638122,Recipe_C,e493d977-1289-4420-b102-87061598c92c,8,4.0,,,,98.76,48.05,53.42,54.36,50.03,44.81
2025-12-16T06:24:35.638122,Recipe_C,e493d977-1289-4420-b102-87061598c92c,8,4.0,,,,101.54,50.27,51.69,55.16,58.2,55.31
2025-12-16T06:24:36.638122,Recipe_C,e493d977-1289-4420-b102-87061598c92c,8,4.0,,,,97.09,42.57,52.12,48.3,57.17,44.61
2025-12-16T06:24:37.638122,Recipe_C,e493d977-1289-4420-b102-87061598c92c,8,1.0,,,,15.67,9.11,8.85,7.15,8.47,10.27
2025-12-16T06:24:38.638122,Recipe_C,e493d977-1289-4420-b102-87061598c92c,8,1.0,,,,13.22,10.07,10.73,9.63,6.37,6.91
2025-12-16T06:24:39.638122,Recipe_C,e493d977-1289-4420-b102-87061598c92c,8,1.0,,,,11.41,9.38,11.05,14.32,6.87,8.92
2025-12-16T06:24:40.638122,Recipe_C,e493d977-1289-4420-b102-87061598c92c,8,1.0,,,,11.46,7.3,9.19,10.58,11.09,10.03
2025-12-16T06:24:41.638122,Recipe_C,e493d977-1289-4420-b102-87061598c92c,8,1.0,,,,8.93,10.44,8.72,10.39,7.6,9.57
2025-12-16T06:24:42.638122,Recipe_C,e493d977-1289-4420-b102-87061598c92c,8,1.0,,,,9.96,11.83,14.56,10.26,11.73,13.26
2025-12-16T06:24:43.638122,Recipe_C,e493d977-1289-4420-b102-87061598c92c,8,1.0,,,,6.12,10.25,10.57,9.13,13.32,8.76
2025-12-16T06:24:44.638122,Recipe_C,e493d977-1289-4420-b102-87061598c92c,8,1.0,,,,7.63,11.1,15.97,10.2,10.69,9.63
2025-12-16T06:24:45.638122,Recipe_C,e493d977-1289-4420-b102-87061598c92c,8,1.0,,,,12.12,9.5,9.51,7.95,6.15,8.83
2025-12-16T06:24:46.638122,Recipe_C,e493d977-1289-4420-b102-87061598c92c,8,1.0,,,,13.72,11.68,9.67,11.24,9.46,9.72
2025-12-16T06:24:47.638122,Recipe_C,e493d977-1289-4420-b102-87061598c92c,8,1.0,,,,9.74,10.47,12.13,12.56,7.6,7.07
2025-12-16T06:24:48.638122,Recipe_C,e493d977-1289-4420-b102-87061598c92c,8,1.0,,,,10.39,9.66,11.48,10.73,13.52,7.29
2025-12-16T06:24:49.638122,Recipe_C,e493d977-1289-4420-b102-87061598c92c,8,1.0,,,,11.14,14.5,6.85,8.77,9.29,8.58
2025-12-16T06:24:50.638122,Recipe_C,e493d977-1289-4420-b102-87061598c92c,8,1.0,,,,5.97,10.3,8.57,11.81,14.14,12.84
2025-12-16T06:24:51.638122,Recipe_C,e493d977-1289-4420-b102-87061598c92c,8,1.0,,,,10.76,14.34,10.51,6.44,9.32,11.35
2025-12-16T06:24:52.638122,Recipe_C,e493d977-1289-4420-b102-87061598c92c,8,1.0,,,,12.37,10.58,7.63,9.06,11.97,11.8
2025-12-16T06:24:53.638122,Recipe_C,e493d977-1289-4420-b102-87061598c92c,8,1.0,,,,11.01,10.84,7.11,8.12,6.51,13.67
2025-12-16T06:24:54.638122,Recipe_C,e493d977-1289-4420-b102-87061598c92c,8,1.0,,,,13.68,6.84,10.16,13.42,12.51,12.23
2025-12-16T06:24:55.638122,Recipe_C,e493d977-1289-4420-b102-87061598c92c,8,5.0,,,,10.73,9.8,8.32,10.88,10.78,12.28
2025-12-16T06:24:56.638122,Recipe_C,e493d977-1289-4420-b102-87061598c92c,8,5.0,,,,10.11,11.31,10.21,12.92,10.76,6.55
2025-12-16T06:24:57.638122,Recipe_C,e493d977-1289-4420-b102-87061598c92c,8,5.0,,,,8.94,9.05,12.97,10.93,10.18,9.22
2025-12-16T06:24:58.638122,Recipe_C,e493d977-1289-4420-b102-87061598c92c,8,5.0,,,,9.57,9.95,8.95,11.46,10.52,8.17
2025-12-16T06:24:59.638122,Recipe_C,e493d977-1289-4420-b102-87061598c92c,8,5.0,,,,11.49,8.13,10.04,10.32,7.42,11.06
2025-12-16T06:24:59.638122,Recipe_C,e493d977-1289-4420-b102-87061598c92c,8,5.0,Warning_9,Simulated Warning occurred,Warning,,,,,,
2025-12-16T06:25:00.638122,Recipe_C,e493d977-1289-4420-b102-87061598c92c,8,5.0,,,,11.44,8.7,9.45,8.75,8.64,13.43
2025-12-16T06:25:01.638122,Recipe_C,e493d977-1289-4420-b102-87061598c92c,8,5.0,,,,10.21,7.44,13.67,11.96,8.78,11.15
2025-12-16T06:25:02.638122,Recipe_C,e493d977-1289-4420-b102-87061598c92c,8,5.0,,,,9.18,12.24,13.08,9.85,11.8,14.24
2025-12-16T06:25:03.638122,Recipe_C,e493d977-1289-4420-b102-87061598c92c,8,5.0,,,,11.35,13.89,13.09,12.43,12.44,10.65
2025-12-16T06:25:04.638122,Recipe_C,e493d977-1289-4420-b102-87061598c92c,8,5.0,,,,8.99,6.55,12.18,9.59,7.05,11.52
2025-12-16T06:25:05.638122,Recipe_C,e493d977-1289-4420-b102-87061598c92c,8,5.0,,,,7.84,9.52,9.73,9.1,11.71,12.25
2025-12-16T06:25:06.638122,Recipe_C,e493d977-1289-4420-b102-87061598c92c,8,5.0,,,,9.95,9.01,9.92,11.57,9.68,10.8
2025-12-16T06:25:07.638122,Recipe_C,e493d977-1289-4420-b102-87061598c92c,8,5.0,,,,10.03,11.16,8.03,13.04,11.95,9.98
2025-12-16T06:25:08.638122,Recipe_C,e493d977-1289-4420-b102-87061598c92c,8,5.0,,,,13.35,10.74,8.83,13.08,11.61,5.77
2025-12-16T06:25:09.638122,Recipe_C,e493d977-1289-4420-b102-87061598c92c,8,5.0,,,,10.77,9.35,10.62,8.95,12.06,11.01
2025-12-16T06:25:10.638122,Recipe_C,e493d977-1289-4420-b102-87061598c92c,8,5.0,,,,9.17,11.54,5.65,11.43,10.97,10.25
2025-12-16T06:25:11.638122,Recipe_C,e493d977-1289-4420-b102-87061598c92c,8,5.0,,,,10.59,13.08,11.26,13.27,9.01,10.5
2025-12-16T06:25:12.638122,Recipe_C,e493d977-1289-4420-b102-87061598c92c,8,5.0,,,,9.65,7.72,7.82,13.73,9.35,7.17
2025-12-16T06:25:13.638122,Recipe_C,e493d977-1289-4420-b102-87061598c92c,8,5.0,,,,6.81,8.63,9.34,6.19,9.25,11.96
2025-12-16T06:25:14.638122,Recipe_C,e493d977-1289-4420-b102-87061598c92c,8,5.0,,,,11.1,12.16,12.32,12.23,8.23,8.46
2025-12-16T06:25:15.638122,Recipe_C,e493d977-1289-4420-b102-87061598c92c,8,5.0,,,,8.69,12.81,8.75,13.7,9.08,9.13
2025-12-16T06:25:16.638122,Recipe_C,e493d977-1289-4420-b102-87061598c92c,8,5.0,,,,10.52,9.17,10.66,10.11,8.44,10.68
2025-12-16T06:25:17.638122,Recipe_C,e493d977-1289-4420-b102-87061598c92c,8,5.0,,,,9.17,9.73,10.09,9.91,8.04,7.96
2025-12-16T06:25:18.638122,Recipe_C,e493d977-1289-4420-b102-87061598c92c,8,5.0,,,,10.67,8.47,9.6,9.41,7.67,9.78
2025-12-16T06:25:19.638122,Recipe_C,e493d977-1289-4420-b102-87061598c92c,8,5.0,,,,3.53,9.2,11.04,8.97,10.36,8.57
2025-12-16T06:25:20.638122,Recipe_C,e493d977-1289-4420-b102-87061598c92c,8,5.0,,,,12.53,8.02,7.41,10.17,5.01,11.48
2025-12-16T06:25:21.638122,Recipe_C,e493d977-1289-4420-b102-87061598c92c,8,5.0,,,,9.42,9.82,9.1,11.67,10.29,9.15
2025-12-16T06:25:22.638122,Recipe_C,e493d977-1289-4420-b102-87061598c92c,8,5.0,,,,11.0,5.91,9.82,9.98,12.69,8.99
2025-12-16T06:25:23.638122,Recipe_C,e493d977-1289-4420-b102-87061598c92c,8,5.0,,,,11.61,10.45,11.37,8.71,11.79,6.83
2025-12-16T06:25:24.638122,Recipe_C,e493d977-1289-4420-b102-87061598c92c,8,5.0,,,,6.27,9.4,8.75,8.06,11.36,13.35
2025-12-16T06:25:25.638122,Recipe_C,e493d977-1289-4420-b102-87061598c92c,8,5.0,,,,7.78,9.93,10.13,13.27,10.18,11.56
2025-12-16T06:25:26.638122,Recipe_C,e493d977-1289-4420-b102-87061598c92c,8,5.0,,,,10.25,8.75,12.73,11.23,8.06,8.15
2025-12-16T06:25:27.638122,Recipe_C,e493d977-1289-4420-b102-87061598c92c,8,5.0,,,,7.41,10.89,12.05,10.02,11.79,6.91
2025-12-16T06:25:28.638122,Recipe_C,e493d977-1289-4420-b102-87061598c92c,8,5.0,,,,11.22,7.65,11.77,11.77,7.28,10.75
2025-12-16T06:25:29.638122,Recipe_C,e493d977-1289-4420-b102-87061598c92c,8,2.0,,,,8.92,8.41,7.24,6.01,9.11,10.11
2025-12-16T06:25:30.638122,Recipe_C,e493d977-1289-4420-b102-87061598c92c,8,2.0,,,,9.6,5.15,9.07,11.3,9.06,8.71
2025-12-16T06:25:31.638122,Recipe_C,e493d977-1289-4420-b102-87061598c92c,8,2.0,,,,7.52,10.71,12.34,10.86,12.48,11.18
2025-12-16T06:25:32.638122,Recipe_C,e493d977-1289-4420-b102-87061598c92c,8,2.0,,,,11.89,11.43,7.86,10.46,8.6,8.61
2025-12-16T06:25:33.638122,Recipe_C,e493d977-1289-4420-b102-87061598c92c,8,2.0,,,,11.2,7.36,13.4,11.19,11.59,4.71
2025-12-16T06:25:34.638122,Recipe_C,e493d977-1289-4420-b102-87061598c92c,8,2.0,,,,5.16,9.71,6.18,9.98,8.39,7.52
2025-12-16T06:25:35.638122,Recipe_C,e493d977-1289-4420-b102-87061598c92c,8,2.0,,,,12.03,10.76,10.88,12.25,11.48,10.08
2025-12-16T06:25:36.638122,Recipe_C,e493d977-1289-4420-b102-87061598c92c,8,2.0,,,,9.13,9.57,7.94,12.79,11.25,7.5
2025-12-16T06:25:37.638122,Recipe_C,e493d977-1289-4420-b102-87061598c92c,8,2.0,,,,6.76,7.97,6.25,11.73,8.29,12.39
2025-12-16T06:25:38.638122,Recipe_C,e493d977-1289-4420-b102-87061598c92c,8,2.0,,,,8.56,13.2,8.83,11.47,9.4,7.4
2025-12-16T06:25:39.638122,Recipe_C,e493d977-1289-4420-b102-87061598c92c,8,2.0,,,,6.19,11.23,8.04,9.63,12.45,12.82
2025-12-16T06:25:40.638122,Recipe_C,e493d977-1289-4420-b102-87061598c92c,8,2.0,,,,9.71,7.95,11.61,8.9,8.45,9.37
2025-12-16T06:25:41.638122,Recipe_C,e493d977-1289-4420-b102-87061598c92c,8,2.0,,,,11.13,11.28,12.46,8.77,12.72,10.35
2025-12-16T06:25:42.638122,Recipe_C,e493d977-1289-4420-b102-87061598c92c,8,2.0,,,,9.58,11.01,6.75,11.39,9.57,10.89
2025-12-16T06:25:43.638122,Recipe_C,e493d977-1289-4420-b102-87061598c92c,8,2.0,,,,11.44,9.18,11.01,9.46,10.61,7.56
2025-12-16T06:25:44.638122,Recipe_C,e493d977-1289-4420-b102-87061598c92c,8,2.0,,,,10.27,12.45,10.04,12.35,11.59,10.05
2025-12-16T06:25:45.638122,Recipe_C,e493d977-1289-4420-b102-87061598c92c,8,2.0,,,,7.04,8.46,8.93,9.76,9.24,10.65
2025-12-16T06:25:46.638122,Recipe_C,e493d977-1289-4420-b102-87061598c92c,8,2.0,,,,11.48,11.76,11.19,11.58,7.8,8.08
2025-12-16T06:25:47.638122,Recipe_C,e493d977-1289-4420-b102-87061598c92c,8,2.0,,,,12.25,8.84,11.41,9.52,8.19,7.89
2025-12-16T06:25:48.638122,Recipe_C,e493d977-1289-4420-b102-87061598c92c,8,2.0,,,,9.3,10.95,13.14,10.18,10.96,10.99
2025-12-16T06:25:49.638122,Recipe_C,e493d977-1289-4420-b102-87061598c92c,8,2.0,,,,8.2,9.46,8.46,11.44,9.78,11.7
2025-12-16T06:25:50.638122,Recipe_C,e493d977-1289-4420-b102-87061598c92c,8,2.0,,,,10.28,9.96,7.85,9.44,8.01,9.03
2025-12-16T06:25:51.638122,Recipe_C,e493d977-1289-4420-b102-87061598c92c,8,2.0,,,,10.9,11.48,10.76,10.46,9.15,10.6
2025-12-16T06:25:52.638122,Recipe_C,e493d977-1289-4420-b102-87061598c92c,8,2.0,,,,9.94,13.08,8.19,8.19,11.28,5.87
2025-12-16T06:25:53.638122,Recipe_C,e493d977-1289-4420-b102-87061598c92c,8,2.0,,,,11.85,11.14,11.53,5.97,7.97,10.12
2025-12-16T06:25:54.638122,Recipe_C,e493d977-1289-4420-b102-87061598c92c,8,2.0,,,,10.15,10.48,10.01,12.03,13.95,10.06
2025-12-16T06:25:55.638122,Recipe_C,e493d977-1289-4420-b102-87061598c92c,8,5.0,,,,9.17,9.68,11.47,10.76,10.24,9.84
2025-12-16T06:25:56.638122,Recipe_C,e493d977-1289-4420-b102-87061598c92c,8,5.0,,,,8.83,11.45,11.81,10.35,5.11,8.72
2025-12-16T06:25:57.638122,Recipe_C,e493d977-1289-4420-b102-87061598c92c,8,5.0,,,,9.15,11.38,9.76,10.19,13.84,10.31
2025-12-16T06:25:58.638122,Recipe_C,e493d977-1289-4420-b102-87061598c92c,8,5.0,,,,12.26,9.52,7.86,7.82,8.63,10.72
2025-12-16T06:25:59.638122,Recipe_C,e493d977-1289-4420-b102-87061598c92c,8,5.0,,,,11.52,9.98,11.02,9.64,11.53,10.19
2025-12-16T06:26:00.638122,Recipe_C,e493d977-1289-4420-b102-87061598c92c,8,5.0,,,,9.73,8.02,8.44,10.69,12.26,10.12
2025-12-16T06:26:01.638122,Recipe_C,e493d977-1289-4420-b102-87061598c92c,8,5.0,,,,10.12,10.86,12.37,4.22,12.34,11.12
2025-12-16T06:26:02.638122,Recipe_C,e493d977-1289-4420-b102-87061598c92c,8,5.0,,,,9.02,11.29,9.58,12.38,10.37,11.03
2025-12-16T06:26:03.638122,Recipe_C,e493d977-1289-4420-b102-87061598c92c,8,5.0,,,,10.34,10.23,11.61,13.89,10.07,9.07
2025-12-16T06:26:04.638122,Recipe_C,e493d977-1289-4420-b102-87061598c92c,8,5.0,,,,12.94,10.77,9.92,7.98,11.28,9.69
2025-12-16T06:26:05.638122,Recipe_C,e493d977-1289-4420-b102-87061598c92c,8,5.0,,,,11.98,12.23,11.47,11.69,10.01,10.3
2025-12-16T06:26:06.638122,Recipe_C,e493d977-1289-4420-b102-87061598c92c,8,5.0,,,,12.45,9.04,12.32,8.49,9.89,8.17
2025-12-16T06:26:07.638122,Recipe_C,e493d977-1289-4420-b102-87061598c92c,8,5.0,,,,12.31,8.22,6.78,11.37,9.95,11.79
2025-12-16T06:26:08.638122,Recipe_C,e493d977-1289-4420-b102-87061598c92c,8,5.0,,,,6.46,9.24,8.61,10.41,7.29,11.12
2025-12-16T06:26:09.638122,Recipe_C,e493d977-1289-4420-b102-87061598c92c,8,5.0,,,,8.09,8.81,9.41,9.95,11.86,12.12
2025-12-16T06:26:10.638122,Recipe_C,e493d977-1289-4420-b102-87061598c92c,8,5.0,,,,10.82,8.81,10.06,10.72,12.44,11.95
2025-12-16T06:26:11.638122,Recipe_C,e493d977-1289-4420-b102-87061598c92c,8,5.0,,,,11.28,10.44,11.63,8.76,12.86,10.84
2025-12-16T06:26:12.638122,Recipe_C,e493d977-1289-4420-b102-87061598c92c,8,5.0,,,,7.33,9.25,11.45,12.73,9.8,10.28
2025-12-16T06:26:13.638122,Recipe_C,e493d977-1289-4420-b102-87061598c92c,8,5.0,,,,5.41,7.96,8.21,12.16,8.99,10.8
2025-12-16T06:26:14.638122,Recipe_C,e493d977-1289-4420-b102-87061598c92c,8,5.0,,,,10.11,7.99,9.81,10.98,7.37,11.0
2025-12-16T06:26:15.638122,Recipe_C,e493d977-1289-4420-b102-87061598c92c,8,5.0,,,,9.35,10.4,9.87,12.23,6.45,15.47
2025-12-16T06:26:16.638122,Recipe_C,e493d977-1289-4420-b102-87061598c92c,8,0.0,,,,0.0,0.0,0.0,0.0,0.0,0.0
2025-12-16T06:26:17.638122,Recipe_C,e493d977-1289-4420-b102-87061598c92c,8,0.0,,,,0.0,0.0,0.0,0.0,0.0,0.0
2025-12-16T06:26:18.638122,Recipe_C,e493d977-1289-4420-b102-87061598c92c,8,0.0,,,,0.0,0.0,0.0,0.0,0.0,0.0
2025-12-16T06:26:19.638122,Recipe_C,e493d977-1289-4420-b102-87061598c92c,8,0.0,,,,0.0,0.0,0.0,0.0,0.0,0.0
2025-12-16T06:26:20.638122,Recipe_C,e493d977-1289-4420-b102-87061598c92c,8,0.0,,,,0.0,0.0,0.0,0.0,0.0,0.0
2025-12-16T06:26:21.638122,Recipe_C,e493d977-1289-4420-b102-87061598c92c,8,0.0,,,,0.0,0.0,0.0,0.0,0.0,0.0
2025-12-16T06:26:22.638122,Recipe_C,e493d977-1289-4420-b102-87061598c92c,8,0.0,,,,0.0,0.0,0.0,0.0,0.0,0.0
2025-12-16T06:26:23.638122,Recipe_C,e493d977-1289-4420-b102-87061598c92c,8,0.0,,,,0.0,0.0,0.0,0.0,0.0,0.0
2025-12-16T06:26:24.638122,Recipe_C,e493d977-1289-4420-b102-87061598c92c,8,0.0,,,,0.0,0.0,0.0,0.0,0.0,0.0
2025-12-16T06:26:25.638122,Recipe_C,e493d977-1289-4420-b102-87061598c92c,8,0.0,,,,0.0,0.0,0.0,0.0,0.0,0.0
2025-12-16T06:26:26.638122,Recipe_C,e493d977-1289-4420-b102-87061598c92c,8,0.0,,,,0.0,0.0,0.0,0.0,0.0,0.0
2025-12-16T06:26:27.638122,Recipe_C,e493d977-1289-4420-b102-87061598c92c,8,0.0,,,,0.0,0.0,0.0,0.0,0.0,0.0
2025-12-16T06:26:28.638122,Recipe_C,e493d977-1289-4420-b102-87061598c92c,8,0.0,,,,0.0,0.0,0.0,0.0,0.0,0.0
2025-12-16T06:26:29.638122,Recipe_C,e493d977-1289-4420-b102-87061598c92c,8,0.0,,,,0.0,0.0,0.0,0.0,0.0,0.0
2025-12-16T06:26:30.638122,Recipe_C,e493d977-1289-4420-b102-87061598c92c,8,0.0,,,,0.0,0.0,0.0,0.0,0.0,0.0
2025-12-16T06:26:31.638122,Recipe_C,e493d977-1289-4420-b102-87061598c92c,8,0.0,,,,0.0,0.0,0.0,0.0,0.0,0.0
2025-12-16T06:26:32.638122,Recipe_C,e493d977-1289-4420-b102-87061598c92c,8,0.0,,,,0.0,0.0,0.0,0.0,0.0,0.0
2025-12-16T06:26:33.638122,Recipe_C,e493d977-1289-4420-b102-87061598c92c,8,0.0,,,,0.0,0.0,0.0,0.0,0.0,0.0
2025-12-16T06:26:34.638122,Recipe_C,e493d977-1289-4420-b102-87061598c92c,8,0.0,,,,0.0,0.0,0.0,0.0,0.0,0.0
2025-12-16T06:26:35.638122,Recipe_C,e493d977-1289-4420-b102-87061598c92c,8,0.0,,,,0.0,0.0,0.0,0.0,0.0,0.0
2025-12-16T06:26:36.638122,Recipe_C,e493d977-1289-4420-b102-87061598c92c,8,0.0,,,,0.0,0.0,0.0,0.0,0.0,0.0
2025-12-16T06:26:37.638122,Recipe_C,e493d977-1289-4420-b102-87061598c92c,8,0.0,,,,0.0,0.0,0.0,0.0,0.0,0.0
2025-12-16T06:26:38.638122,Recipe_C,e493d977-1289-4420-b102-87061598c92c,8,0.0,,,,0.0,0.0,0.0,0.0,0.0,0.0
2025-12-16T06:26:39.638122,Recipe_C,e493d977-1289-4420-b102-87061598c92c,8,0.0,,,,0.0,0.0,0.0,0.0,0.0,0.0
2025-12-16T06:26:40.638122,Recipe_C,e493d977-1289-4420-b102-87061598c92c,8,0.0,,,,0.0,0.0,0.0,0.0,0.0,0.0
2025-12-16T06:26:41.638122,Recipe_C,e493d977-1289-4420-b102-87061598c92c,8,0.0,,,,0.0,0.0,0.0,0.0,0.0,0.0
2025-12-16T06:26:42.638122,Recipe_C,e493d977-1289-4420-b102-87061598c92c,8,0.0,,,,0.0,0.0,0.0,0.0,0.0,0.0
2025-12-16T06:26:43.638122,Recipe_C,e493d977-1289-4420-b102-87061598c92c,8,0.0,,,,0.0,0.0,0.0,0.0,0.0,0.0
2025-12-16T06:26:44.638122,Recipe_C,e493d977-1289-4420-b102-87061598c92c,8,0.0,,,,0.0,0.0,0.0,0.0,0.0,0.0
2025-12-16T06:26:45.638122,Recipe_C,e493d977-1289-4420-b102-87061598c92c,8,0.0,,,,0.0,0.0,0.0,0.0,0.0,0.0
2025-12-16T06:26:46.638122,Recipe_C,e493d977-1289-4420-b102-87061598c92c,8,0.0,,,,0.0,0.0,0.0,0.0,0.0,0.0
2025-12-16T06:26:47.638122,Recipe_C,e493d977-1289-4420-b102-87061598c92c,8,0.0,,,,0.0,0.0,0.0,0.0,0.0,0.0
2025-12-16T06:26:48.638122,Recipe_C,e493d977-1289-4420-b102-87061598c92c,8,0.0,,,,0.0,0.0,0.0,0.0,0.0,0.0
2025-12-16T06:26:49.638122,Recipe_C,e493d977-1289-4420-b102-87061598c92c,8,0.0,,,,0.0,0.0,0.0,0.0,0.0,0.0
2025-12-16T06:26:50.638122,Recipe_C,e493d977-1289-4420-b102-87061598c92c,8,0.0,,,,0.0,0.0,0.0,0.0,0.0,0.0
2025-12-16T06:26:51.638122,Recipe_C,e493d977-1289-4420-b102-87061598c92c,8,0.0,,,,0.0,0.0,0.0,0.0,0.0,0.0
2025-12-16T06:26:52.638122,Recipe_C,e493d977-1289-4420-b102-87061598c92c,8,0.0,,,,0.0,0.0,0.0,0.0,0.0,0.0
2025-12-16T06:26:53.638122,Recipe_C,e493d977-1289-4420-b102-87061598c92c,8,0.0,,,,0.0,0.0,0.0,0.0,0.0,0.0
2025-12-16T06:26:54.638122,Recipe_C,e493d977-1289-4420-b102-87061598c92c,8,0.0,,,,0.0,0.0,0.0,0.0,0.0,0.0
2025-12-16T06:26:55.638122,Recipe_C,e493d977-1289-4420-b102-87061598c92c,8,0.0,,,,0.0,0.0,0.0,0.0,0.0,0.0
2025-12-16T06:26:56.638122,Recipe_C,e493d977-1289-4420-b102-87061598c92c,8,0.0,,,,0.0,0.0,0.0,0.0,0.0,0.0
2025-12-16T06:26:57.638122,Recipe_C,e493d977-1289-4420-b102-87061598c92c,8,0.0,,,,0.0,0.0,0.0,0.0,0.0,0.0
2025-12-16T06:26:58.638122,Recipe_C,e493d977-1289-4420-b102-87061598c92c,8,0.0,,,,0.0,0.0,0.0,0.0,0.0,0.0
2025-12-16T06:26:59.638122,Recipe_C,e493d977-1289-4420-b102-87061598c92c,8,0.0,,,,0.0,0.0,0.0,0.0,0.0,0.0
2025-12-16T06:27:00.638122,Recipe_C,e493d977-1289-4420-b102-87061598c92c,8,0.0,,,,0.0,0.0,0.0,0.0,0.0,0.0
2025-12-16T06:27:01.638122,Recipe_C,e493d977-1289-4420-b102-87061598c92c,8,0.0,,,,0.0,0.0,0.0,0.0,0.0,0.0
2025-12-16T06:27:02.638122,Recipe_C,e493d977-1289-4420-b102-87061598c92c,8,0.0,,,,0.0,0.0,0.0,0.0,0.0,0.0
2025-12-16T06:27:03.638122,Recipe_C,e493d977-1289-4420-b102-87061598c92c,8,0.0,,,,0.0,0.0,0.0,0.0,0.0,0.0
2025-12-16T06:27:04.638122,Recipe_C,e493d977-1289-4420-b102-87061598c92c,8,0.0,,,,0.0,0.0,0.0,0.0,0.0,0.0
2025-12-16T06:27:05.638122,Recipe_C,e493d977-1289-4420-b102-87061598c92c,8,0.0,,,,0.0,0.0,0.0,0.0,0.0,0.0
2025-12-16T06:27:06.638122,Recipe_C,e493d977-1289-4420-b102-87061598c92c,8,0.0,,,,0.0,0.0,0.0,0.0,0.0,0.0
2025-12-16T06:27:07.638122,Recipe_C,e493d977-1289-4420-b102-87061598c92c,8,0.0,,,,0.0,0.0,0.0,0.0,0.0,0.0
2025-12-16T06:27:08.638122,Recipe_C,e493d977-1289-4420-b102-87061598c92c,8,0.0,,,,0.0,0.0,0.0,0.0,0.0,0.0
2025-12-16T06:27:09.638122,Recipe_C,e493d977-1289-4420-b102-87061598c92c,8,0.0,,,,0.0,0.0,0.0,0.0,0.0,0.0
2025-12-16T06:27:10.638122,Recipe_C,e493d977-1289-4420-b102-87061598c92c,8,0.0,,,,0.0,0.0,0.0,0.0,0.0,0.0
2025-12-16T06:27:11.638122,Recipe_C,e493d977-1289-4420-b102-87061598c92c,8,0.0,,,,0.0,0.0,0.0,0.0,0.0,0.0
2025-12-16T06:27:12.638122,Recipe_C,e493d977-1289-4420-b102-87061598c92c,8,0.0,,,,0.0,0.0,0.0,0.0,0.0,0.0
2025-12-16T06:27:13.638122,Recipe_C,e493d977-1289-4420-b102-87061598c92c,8,0.0,,,,0.0,0.0,0.0,0.0,0.0,0.0
2025-12-16T06:27:14.638122,Recipe_C,e493d977-1289-4420-b102-87061598c92c,8,0.0,,,,0.0,0.0,0.0,0.0,0.0,0.0
2025-12-16T06:27:15.638122,Recipe_C,e493d977-1289-4420-b102-87061598c92c,8,0.0,,,,0.0,0.0,0.0,0.0,0.0,0.0
2025-12-16T06:27:16.638122,Recipe_C,e493d977-1289-4420-b102-87061598c92c,8,0.0,,,,0.0,0.0,0.0,0.0,0.0,0.0
2025-12-16T06:27:17.638122,Recipe_C,e493d977-1289-4420-b102-87061598c92c,8,0.0,,,,0.0,0.0,0.0,0.0,0.0,0.0
2025-12-16T06:27:18.638122,Recipe_C,e493d977-1289-4420-b102-87061598c92c,8,0.0,,,,0.0,0.0,0.0,0.0,0.0,0.0
2025-12-16T06:27:19.638122,Recipe_C,e493d977-1289-4420-b102-87061598c92c,8,0.0,,,,0.0,0.0,0.0,0.0,0.0,0.0
2025-12-16T06:27:20.638122,Recipe_C,e493d977-1289-4420-b102-87061598c92c,8,0.0,,,,0.0,0.0,0.0,0.0,0.0,0.0
2025-12-16T06:27:20.638122,Recipe_C,e493d977-1289-4420-b102-87061598c92c,8,0.0,Warning_5,Simulated Warning occurred,Warning,,,,,,
2025-12-16T06:27:21.638122,Recipe_C,e493d977-1289-4420-b102-87061598c92c,8,0.0,,,,0.0,0.0,0.0,0.0,0.0,0.0
2025-12-16T06:27:22.638122,Recipe_C,e493d977-1289-4420-b102-87061598c92c,8,0.0,,,,0.0,0.0,0.0,0.0,0.0,0.0
2025-12-16T06:27:23.638122,Recipe_C,e493d977-1289-4420-b102-87061598c92c,8,0.0,,,,0.0,0.0,0.0,0.0,0.0,0.0
2025-12-16T06:27:24.638122,Recipe_C,e493d977-1289-4420-b102-87061598c92c,8,0.0,,,,0.0,0.0,0.0,0.0,0.0,0.0
2025-12-16T06:27:25.638122,Recipe_C,e493d977-1289-4420-b102-87061598c92c,8,0.0,,,,0.0,0.0,0.0,0.0,0.0,0.0
2025-12-16T06:27:26.638122,Recipe_C,e493d977-1289-4420-b102-87061598c92c,8,0.0,,,,0.0,0.0,0.0,0.0,0.0,0.0
