Timestamp,RecipeId,JobId,RunId,Active_State_General_StaOperatingState,Name,Text,Severity,Active_ActProcVal_All_MainDrive_ActSpeed,Active_ActProcVal_All_MainDrive_ActTorquePercent,Active_ActProcVal_All_MainDrive_ActThroughput,Active_ActProcVal_All_MainDrive_ActPower,Active_ActProcVal_All_MainDrive_ActSME,Active_ActProcVal_All_Endplate_ActPressure
2025-12-16T09:27:54.801963,Recipe_A,455da03b-a6a4-4f92-a874-dc44e968f89c,11,0.0,,,,0.0,0.0,0.0,0.0,0.0,0.0
2025-12-16T09:27:55.801963,Recipe_A,455da03b-a6a4-4f92-a874-dc44e968f89c,11,0.0,,,,0.0,0.0,0.0,0.0,0.0,0.0
2025-12-16T09:27:56.801963,Recipe_A,455da03b-a6a4-4f92-a874-dc44e968f89c,11,0.0,,,,0.0,0.0,0.0,0.0,0.0,0.0
2025-12-16T09:27:57.801963,Recipe_A,455da03b-a6a4-4f92-a874-dc44e968f89c,11,2.0,,,,11.89,8.96,7.25,11.79,8.25,10.34
2025-12-16T09:27:58.801963,Recipe_A,455da03b-a6a4-4f92-a874-dc44e968f89c,11,2.0,,,,10.77,9.0,9.6,13.74,9.65,6.59
2025-12-16T09:27:59.801963,Recipe_A,455da03b-a6a4-4f92-a874-dc44e968f89c,11,2.0,,,,8.09,9.52,7.75,5.23,8.24,6.99
2025-12-16T09:28:00.801963,Recipe_A,455da03b-a6a4-4f92-a874-dc44e968f89c,11,2.0,,,,11.84,12.94,9.34,9.76,10.56,8.03
2025-12-16T09:28:01.801963,Recipe_A,455da03b-a6a4-4f92-a874-dc44e968f89c,11,2.0,,,,14.96,11.03,7.65,8.94,10.88,8.78
2025-12-16T09:28:02.801963,Recipe_A,455da03b-a6a4-4f92-a874-dc44e968f89c,11,2.0,,,,5.31,8.8,7.19,10.68,12.23,11.87
2025-12-16T09:28:03.801963,Recipe_A,455da03b-a6a4-4f92-a874-dc44e968f89c,11,2.0,,,,10.53,10.58,9.55,10.89,8.61,9.0
2025-12-16T09:28:04.801963,Recipe_A,455da03b-a6a4-4f92-a874-dc44e968f89c,11,2.0,,,,9.65,11.0,10.75,14.23,8.35,11.0
2025-12-16T09:28:05.801963,Recipe_A,455da03b-a6a4-4f92-a874-dc44e968f89c,11,2.0,,,,8.09,10.29,11.68,11.82,8.08,9.4
2025-12-16T09:28:06.801963,Recipe_A,455da03b-a6a4-4f92-a874-dc44e968f89c,11,2.0,,,,10.17,13.62,12.37,10.13,10.95,13.26
2025-12-16T09:28:07.801963,Recipe_A,455da03b-a6a4-4f92-a874-dc44e968f89c,11,2.0,,,,9.38,11.59,9.84,7.66,14.52,7.71
2025-12-16T09:28:08.801963,Recipe_A,455da03b-a6a4-4f92-a874-dc44e968f89c,11,2.0,,,,14.41,8.85,9.13,10.59,9.86,9.72
2025-12-16T09:28:09.801963,Recipe_A,455da03b-a6a4-4f92-a874-dc44e968f89c,11,2.0,,,,8.47,6.86,11.2,6.01,6.26,8.88
2025-12-16T09:28:10.801963,Recipe_A,455da03b-a6a4-4f92-a874-dc44e968f89c,11,2.0,,,,9.87,9.04,10.39,14.46,8.09,8.86
2025-12-16T09:28:11.801963,Recipe_A,455da03b-a6a4-4f92-a874-dc44e968f89c,11,2.0,,,,13.19,10.48,8.38,12.25,9.46,8.7
2025-12-16T09:28:12.801963,Recipe_A,455da03b-a6a4-4f92-a874-dc44e968f89c,11,2.0,,,,10.89,12.81,11.1,10.54,10.31,11.14
2025-12-16T09:28:13.801963,Recipe_A,455da03b-a6a4-4f92-a874-dc44e968f89c,11,2.0,,,,9.17,4.69,10.24,13.79,9.84,7.24
2025-12-16T09:28:14.801963,Recipe_A,455da03b-a6a4-4f92-a874-dc44e968f89c,11,2.0,,,,9.33,9.17,10.59,8.87,6.25,8.1
2025-12-16T09:28:15.801963,Recipe_A,455da03b-a6a4-4f92-a874-dc44e968f89c,11,2.0,,,,10.69,8.09,7.57,11.13,7.15,11.82
2025-12-16T09:28:16.801963,Recipe_A,455da03b-a6a4-4f92-a874-dc44e968f89c,11,2.0,,,,12.76,8.84,10.12,6.69,11.67,10.62
2025-12-16T09:28:17.801963,Recipe_A,455da03b-a6a4-4f92-a874-dc44e968f89c,11,2.0,,,,6.02,8.42,10.33,9.86,10.17,9.56
2025-12-16T09:28:18.801963,Recipe_A,455da03b-a6a4-4f92-a874-dc44e968f89c,11,2.0,,,,9.51,7.91,10.94,11.15,9.89,10.55
2025-12-16T09:28:19.801963,Recipe_A,455da03b-a6a4-4f92-a874-dc44e968f89c,11,2.0,,,,10.4,10.63,9.08,13.04,12.36,7.01
2025-12-16T09:28:20.801963,Recipe_A,455da03b-a6a4-4f92-a874-dc44e968f89c,11,2.0,,,,6.89,8.6,10.6,9.09,10.99,8.16
2025-12-16T09:28:21.801963,Recipe_A,455da03b-a6a4-4f92-a874-dc44e968f89c,11,2.0,,,,11.05,10.26,11.16,11.15,12.54,9.57
2025-12-16T09:28:22.801963,Recipe_A,455da03b-a6a4-4f92-a874-dc44e968f89c,11,2.0,,,,8.37,6.86,7.89,8.8,9.11,12.99
2025-12-16T09:28:23.801963,Recipe_A,455da03b-a6a4-4f92-a874-dc44e968f89c,11,2.0,,,,7.17,10.55,11.89,5.65,10.18,11.08
2025-12-16T09:28:24.801963,Recipe_A,455da03b-a6a4-4f92-a874-dc44e968f89c,11,2.0,,,,11.05,9.41,7.31,13.57,10.24,11.07
2025-12-16T09:28:24.801963,Recipe_A,455da03b-a6a4-4f92-a874-dc44e968f89c,11,2.0,Error_3,Simulated Error occurred,Error,,,,,,
2025-12-16T09:28:25.801963,Recipe_A,455da03b-a6a4-4f92-a874-dc44e968f89c,11,2.0,,,,8.22,8.7,10.81,11.47,9.44,11.8
2025-12-16T09:28:26.801963,Recipe_A,455da03b-a6a4-4f92-a874-dc44e968f89c,11,2.0,,,,10.24,12.0,8.68,11.47,11.05,7.9
2025-12-16T09:28:26.801963,Recipe_A,455da03b-a6a4-4f92-a874-dc44e968f89c,11,2.0,Error_7,Simulated Error occurred,Error,,,,,,
2025-12-16T09:28:27.801963,Recipe_A,455da03b-a6a4-4f92-a874-dc44e968f89c,11,2.0,,,,12.77,7.84,10.38,13.25,10.34,11.85
2025-12-16T09:28:28.801963,Recipe_A,455da03b-a6a4-4f92-a874-dc44e968f89c,11,2.0,,,,6.17,9.9,7.89,13.35,9.41,8.74
2025-12-16T09:28:29.801963,Recipe_A,455da03b-a6a4-4f92-a874-dc44e968f89c,11,2.0,,,,13.16,9.48,11.73,10.03,11.14,9.68
2025-12-16T09:28:30.801963,Recipe_A,455da03b-a6a4-4f92-a874-dc44e968f89c,11,2.0,,,,8.81,8.74,14.65,12.25,9.89,9.73
2025-12-16T09:28:31.801963,Recipe_A,455da03b-a6a4-4f92-a874-dc44e968f89c,11,2.0,,,,9.53,8.68,12.57,9.19,13.42,10.28
2025-12-16T09:28:32.801963,Recipe_A,455da03b-a6a4-4f92-a874-dc44e968f89c,11,2.0,,,,7.29,11.04,7.62,6.08,10.79,10.5
2025-12-16T09:28:33.801963,Recipe_A,455da03b-a6a4-4f92-a874-dc44e968f89c,11,2.0,,,,7.51,8.33,10.16,9.6,14.12,9.13
2025-12-16T09:28:34.801963,Recipe_A,455da03b-a6a4-4f92-a874-dc44e968f89c,11,2.0,,,,7.17,10.87,12.59,9.69,7.4,9.54
2025-12-16T09:28:35.801963,Recipe_A,455da03b-a6a4-4f92-a874-dc44e968f89c,11,2.0,,,,9.08,8.39,9.3,10.79,8.27,9.77
2025-12-16T09:28:36.801963,Recipe_A,455da03b-a6a4-4f92-a874-dc44e968f89c,11,2.0,,,,8.13,9.39,7.55,9.89,9.64,9.12
2025-12-16T09:28:37.801963,Recipe_A,455da03b-a6a4-4f92-a874-dc44e968f89c,11,2.0,,,,9.42,8.95,11.47,10.22,10.91,11.42
2025-12-16T09:28:38.801963,Recipe_A,455da03b-a6a4-4f92-a874-dc44e968f89c,11,2.0,,,,11.76,9.13,10.59,11.26,12.61,13.42
2025-12-16T09:28:39.801963,Recipe_A,455da03b-a6a4-4f92-a874-dc44e968f89c,11,2.0,,,,9.43,12.22,8.35,8.85,12.58,6.87
2025-12-16T09:28:40.801963,Recipe_A,455da03b-a6a4-4f92-a874-dc44e968f89c,11,2.0,,,,10.95,9.52,6.52,10.28,9.88,9.9
2025-12-16T09:28:41.801963,Recipe_A,455da03b-a6a4-4f92-a874-dc44e968f89c,11,2.0,,,,10.63,7.31,7.74,10.58,7.85,9.63
2025-12-16T09:28:42.801963,Recipe_A,455da03b-a6a4-4f92-a874-dc44e968f89c,11,2.0,,,,10.15,11.32,10.66,12.15,9.0,7.85
2025-12-16T09:28:43.801963,Recipe_A,455da03b-a6a4-4f92-a874-dc44e968f89c,11,2.0,,,,10.81,9.4,12.59,12.25,7.79,11.77
2025-12-16T09:28:44.801963,Recipe_A,455da03b-a6a4-4f92-a874-dc44e968f89c,11,2.0,,,,8.1,10.23,11.21,12.18,10.52,11.16
2025-12-16T09:28:45.801963,Recipe_A,455da03b-a6a4-4f92-a874-dc44e968f89c,11,2.0,,,,11.07,13.09,9.92,9.35,8.04,11.54
2025-12-16T09:28:46.801963,Recipe_A,455da03b-a6a4-4f92-a874-dc44e968f89c,11,2.0,,,,11.84,9.71,9.67,10.99,9.05,8.4
2025-12-16T09:28:47.801963,Recipe_A,455da03b-a6a4-4f92-a874-dc44e968f89c,11,2.0,,,,10.9,11.55,10.03,11.72,6.76,6.5
2025-12-16T09:28:48.801963,Recipe_A,455da03b-a6a4-4f92-a874-dc44e968f89c,11,2.0,,,,10.74,9.77,11.42,12.16,8.13,9.3
2025-12-16T09:28:49.801963,Recipe_A,455da03b-a6a4-4f92-a874-dc44e968f89c,11,2.0,,,,12.74,8.62,13.77,8.29,9.45,10.19
2025-12-16T09:28:50.801963,Recipe_A,455da03b-a6a4-4f92-a874-dc44e968f89c,11,2.0,,,,10.16,5.32,10.59,11.66,6.97,11.32
2025-12-16T09:28:51.801963,Recipe_A,455da03b-a6a4-4f92-a874-dc44e968f89c,11,2.0,,,,10.83,9.81,9.9,9.48,10.36,13.61
2025-12-16T09:28:52.801963,Recipe_A,455da03b-a6a4-4f92-a874-dc44e968f89c,11,2.0,,,,11.55,11.12,12.41,10.42,10.83,8.9
2025-12-16T09:28:53.801963,Recipe_A,455da03b-a6a4-4f92-a874-dc44e968f89c,11,2.0,,,,8.53,11.06,11.52,8.32,5.06,9.03
2025-12-16T09:28:54.801963,Recipe_A,455da03b-a6a4-4f92-a874-dc44e968f89c,11,2.0,,,,10.17,13.8,11.56,10.57,13.28,8.73
2025-12-16T09:28:55.801963,Recipe_A,455da03b-a6a4-4f92-a874-dc44e968f89c,11,2.0,,,,8.74,11.68,8.8,12.86,8.86,5.85
2025-12-16T09:28:56.801963,Recipe_A,455da03b-a6a4-4f92-a874-dc44e968f89c,11,2.0,,,,12.43,9.31,10.91,11.72,10.1,8.79
2025-12-16T09:28:57.801963,Recipe_A,455da03b-a6a4-4f92-a874-dc44e968f89c,11,2.0,,,,8.45,6.49,8.17,11.3,9.45,12.52
2025-12-16T09:28:58.801963,Recipe_A,455da03b-a6a4-4f92-a874-dc44e968f89c,11,2.0,,,,7.74,8.95,9.44,13.09,11.35,9.17
2025-12-16T09:28:59.801963,Recipe_A,455da03b-a6a4-4f92-a874-dc44e968f89c,11,2.0,,,,10.7,8.71,12.79,12.05,10.16,9.61
2025-12-16T09:29:00.801963,Recipe_A,455da03b-a6a4-4f92-a874-dc44e968f89c,11,5.0,,,,12.42,8.02,13.06,10.44,7.79,6.43
2025-12-16T09:29:01.801963,Recipe_A,455da03b-a6a4-4f92-a874-dc44e968f89c,11,5.0,,,,8.29,13.18,9.86,9.34,11.06,10.79
2025-12-16T09:29:02.801963,Recipe_A,455da03b-a6a4-4f92-a874-dc44e968f89c,11,5.0,,,,11.58,11.22,11.13,11.99,6.43,11.01
2025-12-16T09:29:03.801963,Recipe_A,455da03b-a6a4-4f92-a874-dc44e968f89c,11,5.0,,,,8.18,10.68,12.28,7.26,12.21,6.74
2025-12-16T09:29:04.801963,Recipe_A,455da03b-a6a4-4f92-a874-dc44e968f89c,11,5.0,,,,7.74,10.03,9.28,7.45,11.72,8.54
2025-12-16T09:29:05.801963,Recipe_A,455da03b-a6a4-4f92-a874-dc44e968f89c,11,5.0,,,,9.5,11.92,11.64,8.28,11.4,8.95
2025-12-16T09:29:06.801963,Recipe_A,455da03b-a6a4-4f92-a874-dc44e968f89c,11,5.0,,,,5.94,8.49,12.76,11.62,15.59,10.0
2025-12-16T09:29:07.801963,Recipe_A,455da03b-a6a4-4f92-a874-dc44e968f89c,11,5.0,,,,9.21,6.85,10.37,8.66,14.04,8.58
2025-12-16T09:29:08.801963,Recipe_A,455da03b-a6a4-4f92-a874-dc44e968f89c,11,5.0,,,,9.93,8.6,9.45,15.79,6.6,13.02
2025-12-16T09:29:09.801963,Recipe_A,455da03b-a6a4-4f92-a874-dc44e968f89c,11,5.0,,,,10.23,11.93,7.76,10.6,11.98,7.2
2025-12-16T09:29:10.801963,Recipe_A,455da03b-a6a4-4f92-a874-dc44e968f89c,11,5.0,,,,13.28,8.54,12.41,9.81,8.06,10.15
2025-12-16T09:29:11.801963,Recipe_A,455da03b-a6a4-4f92-a874-dc44e968f89c,11,5.0,,,,8.17,8.81,9.1,9.59,7.83,10.88
2025-12-16T09:29:12.801963,Recipe_A,455da03b-a6a4-4f92-a874-dc44e968f89c,11,5.0,,,,11.32,10.46,10.72,7.8,7.47,10.34
2025-12-16T09:29:13.801963,Recipe_A,455da03b-a6a4-4f92-a874-dc44e968f89c,11,5.0,,,,15.76,8.48,10.57,10.96,11.29,12.65
2025-12-16T09:29:14.801963,Recipe_A,455da03b-a6a4-4f92-a874-dc44e968f89c,11,5.0,,,,11.61,6.0,7.33,9.55,11.32,10.09
2025-12-16T09:29:15.801963,Recipe_A,455da03b-a6a4-4f92-a874-dc44e968f89c,11,5.0,,,,7.22,11.88,10.23,10.6,7.68,11.22
2025-12-16T09:29:16.801963,Recipe_A,455da03b-a6a4-4f92-a874-dc44e968f89c,11,5.0,,,,10.72,12.16,7.62,9.38,10.68,11.07
2025-12-16T09:29:17.801963,Recipe_A,455da03b-a6a4-4f92-a874-dc44e968f89c,11,5.0,,,,12.82,11.74,8.65,8.88,8.22,9.66
2025-12-16T09:29:18.801963,Recipe_A,455da03b-a6a4-4f92-a874-dc44e968f89c,11,5.0,,,,10.28,13.41,11.07,11.67,13.1,8.54
2025-12-16T09:29:19.801963,Recipe_A,455da03b-a6a4-4f92-a874-dc44e968f89c,11,5.0,,,,12.98,8.09,10.19,9.23,8.05,10.11
2025-12-16T09:29:20.801963,Recipe_A,455da03b-a6a4-4f92-a874-dc44e968f89c,11,5.0,,,,8.81,11.35,8.28,8.49,7.54,11.12
2025-12-16T09:29:21.801963,Recipe_A,455da03b-a6a4-4f92-a874-dc44e968f89c,11,5.0,,,,11.5,11.61,15.04,12.6,7.65,9.31
2025-12-16T09:29:22.801963,Recipe_A,455da03b-a6a4-4f92-a874-dc44e968f89c,11,5.0,,,,12.22,10.05,12.89,12.09,11.61,9.68
2025-12-16T09:29:23.801963,Recipe_A,455da03b-a6a4-4f92-a874-dc44e968f89c,11,5.0,,,,6.83,9.11,11.15,7.29,10.16,12.11
2025-12-16T09:29:24.801963,Recipe_A,455da03b-a6a4-4f92-a874-dc44e968f89c,11,5.0,,,,10.07,13.29,7.53,9.54,9.89,8.3
2025-12-16T09:29:25.801963,Recipe_A,455da03b-a6a4-4f92-a874-dc44e968f89c,11,5.0,,,,11.91,11.24,9.35,10.61,10.26,6.65
2025-12-16T09:29:26.801963,Recipe_A,455da03b-a6a4-4f92-a874-dc44e968f89c,11,5.0,,,,13.42,11.05,9.81,6.6,10.89,9.85
2025-12-16T09:29:27.801963,Recipe_A,455da03b-a6a4-4f92-a874-dc44e968f89c,11,5.0,,,,10.72,5.95,12.64,7.72,9.84,10.59
2025-12-16T09:29:28.801963,Recipe_A,455da03b-a6a4-4f92-a874-dc44e968f89c,11,5.0,,,,10.52,10.05,7.89,12.16,8.23,10.53
2025-12-16T09:29:29.801963,Recipe_A,455da03b-a6a4-4f92-a874-dc44e968f89c,11,5.0,,,,5.14,4.2,13.22,9.29,9.58,14.27
2025-12-16T09:29:30.801963,Recipe_A,455da03b-a6a4-4f92-a874-dc44e968f89c,11,5.0,,,,9.09,11.86,9.22,10.8,9.81,11.22
2025-12-16T09:29:31.801963,Recipe_A,455da03b-a6a4-4f92-a874-dc44e968f89c,11,5.0,,,,14.91,6.78,9.96,12.31,10.31,7.07
2025-12-16T09:29:32.801963,Recipe_A,455da03b-a6a4-4f92-a874-dc44e968f89c,11,3.0,,,,9.98,8.57,9.99,10.16,6.6,8.96
2025-12-16T09:29:33.801963,Recipe_A,455da03b-a6a4-4f92-a874-dc44e968f89c,11,3.0,,,,12.13,11.22,10.6,11.0,8.35,11.09
2025-12-16T09:29:34.801963,Recipe_A,455da03b-a6a4-4f92-a874-dc44e968f89c,11,3.0,,,,7.63,13.38,6.59,11.81,9.96,11.19
2025-12-16T09:29:35.801963,Recipe_A,455da03b-a6a4-4f92-a874-dc44e968f89c,11,3.0,,,,7.1,9.68,9.51,9.35,12.06,11.87
2025-12-16T09:29:36.801963,Recipe_A,455da03b-a6a4-4f92-a874-dc44e968f89c,11,3.0,,,,9.76,8.76,12.93,7.34,7.65,13.63
2025-12-16T09:29:37.801963,Recipe_A,455da03b-a6a4-4f92-a874-dc44e968f89c,11,3.0,,,,11.46,12.51,11.43,7.12,8.16,12.88
2025-12-16T09:29:38.801963,Recipe_A,455da03b-a6a4-4f92-a874-dc44e968f89c,11,3.0,,,,11.57,9.61,8.03,13.07,8.04,9.82
2025-12-16T09:29:39.801963,Recipe_A,455da03b-a6a4-4f92-a874-dc44e968f89c,11,3.0,,,,11.55,8.72,12.5,10.33,10.8,7.36
2025-12-16T09:29:40.801963,Recipe_A,455da03b-a6a4-4f92-a874-dc44e968f89c,11,1.0,,,,9.72,9.32,12.79,12.32,10.25,12.55
2025-12-16T09:29:41.801963,Recipe_A,455da03b-a6a4-4f92-a874-dc44e968f89c,11,1.0,,,,9.54,9.75,9.85,7.81,12.44,12.0
2025-12-16T09:29:42.801963,Recipe_A,455da03b-a6a4-4f92-a874-dc44e968f89c,11,1.0,,,,14.22,12.07,9.68,9.89,11.53,9.12
2025-12-16T09:29:43.801963,Recipe_A,455da03b-a6a4-4f92-a874-dc44e968f89c,11,5.0,,,,9.86,9.34,10.46,13.28,6.14,11.46
2025-12-16T09:29:44.801963,Recipe_A,455da03b-a6a4-4f92-a874-dc44e968f89c,11,5.0,,,,8.15,11.52,10.34,7.55,6.98,11.56
2025-12-16T09:29:45.801963,Recipe_A,455da03b-a6a4-4f92-a874-dc44e968f89c,11,5.0,,,,9.48,5.8,12.58,9.25,9.36,10.15
2025-12-16T09:29:46.801963,Recipe_A,455da03b-a6a4-4f92-a874-dc44e968f89c,11,5.0,,,,13.34,6.54,11.51,8.41,10.74,10.3
2025-12-16T09:29:47.801963,Recipe_A,455da03b-a6a4-4f92-a874-dc44e968f89c,11,5.0,,,,12.1,14.17,7.82,12.15,11.05,7.39
2025-12-16T09:29:48.801963,Recipe_A,455da03b-a6a4-4f92-a874-dc44e968f89c,11,5.0,,,,8.77,9.9,10.23,12.25,10.05,9.74
2025-12-16T09:29:49.801963,Recipe_A,455da03b-a6a4-4f92-a874-dc44e968f89c,11,5.0,,,,10.03,11.94,6.81,9.84,11.98,11.43
2025-12-16T09:29:50.801963,Recipe_A,455da03b-a6a4-4f92-a874-dc44e968f89c,11,5.0,,,,10.6,7.69,12.3,12.0,9.59,9.35
2025-12-16T09:29:51.801963,Recipe_A,455da03b-a6a4-4f92-a874-dc44e968f89c,11,5.0,,,,10.06,9.58,11.16,8.75,16.16,9.46
2025-12-16T09:29:52.801963,Recipe_A,455da03b-a6a4-4f92-a874-dc44e968f89c,11,5.0,,,,10.1,7.71,9.31,11.9,9.29,9.76
2025-12-16T09:29:53.801963,Recipe_A,455da03b-a6a4-4f92-a874-dc44e968f89c,11,1.0,,,,9.18,8.82,8.7,10.74,10.42,11.02
2025-12-16T09:29:54.801963,Recipe_A,455da03b-a6a4-4f92-a874-dc44e968f89c,11,1.0,,,,13.62,9.11,6.83,12.97,8.54,7.66
2025-12-16T09:29:55.801963,Recipe_A,455da03b-a6a4-4f92-a874-dc44e968f89c,11,1.0,,,,9.26,6.56,9.36,11.83,7.38,8.59
2025-12-16T09:29:56.801963,Recipe_A,455da03b-a6a4-4f92-a874-dc44e968f89c,11,1.0,,,,10.42,8.17,11.39,11.46,9.33,7.85
2025-12-16T09:29:57.801963,Recipe_A,455da03b-a6a4-4f92-a874-dc44e968f89c,11,1.0,,,,10.42,10.44,11.05,9.12,10.44,12.68
2025-12-16T09:29:58.801963,Recipe_A,455da03b-a6a4-4f92-a874-dc44e968f89c,11,1.0,,,,6.96,7.8,8.74,7.91,6.94,9.76
2025-12-16T09:29:59.801963,Recipe_A,455da03b-a6a4-4f92-a874-dc44e968f89c,11,1.0,,,,10.38,13.65,11.56,6.21,9.35,10.04
2025-12-16T09:30:00.801963,Recipe_A,455da03b-a6a4-4f92-a874-dc44e968f89c,11,1.0,,,,8.15,12.35,12.46,9.9,7.42,8.59
2025-12-16T09:30:01.801963,Recipe_A,455da03b-a6a4-4f92-a874-dc44e968f89c,11,1.0,,,,8.02,7.97,9.9,10.77,8.94,9.43
2025-12-16T09:30:02.801963,Recipe_A,455da03b-a6a4-4f92-a874-dc44e968f89c,11,1.0,,,,8.54,10.1,7.61,11.83,8.72,10.05
2025-12-16T09:30:03.801963,Recipe_A,455da03b-a6a4-4f92-a874-dc44e968f89c,11,1.0,,,,8.82,9.26,9.81,9.64,9.43,8.36
2025-12-16T09:30:04.801963,Recipe_A,455da03b-a6a4-4f92-a874-dc44e968f89c,11,1.0,,,,7.96,11.08,13.37,11.03,9.62,6.42
2025-12-16T09:30:05.801963,Recipe_A,455da03b-a6a4-4f92-a874-dc44e968f89c,11,1.0,,,,11.2,9.67,11.47,12.59,9.11,6.71
2025-12-16T09:30:06.801963,Recipe_A,455da03b-a6a4-4f92-a874-dc44e968f89c,11,3.0,,,,8.63,6.14,11.2,8.71,7.16,9.17
2025-12-16T09:30:07.801963,Recipe_A,455da03b-a6a4-4f92-a874-dc44e968f89c,11,3.0,,,,10.39,9.06,9.29,6.48,9.68,7.68
2025-12-16T09:30:08.801963,Recipe_A,455da03b-a6a4-4f92-a874-dc44e968f89c,11,3.0,,,,13.16,11.3,11.92,13.2,11.62,7.55
2025-12-16T09:30:09.801963,Recipe_A,455da03b-a6a4-4f92-a874-dc44e968f89c,11,3.0,,,,8.94,8.72,7.83,10.9,10.44,9.62
2025-12-16T09:30:10.801963,Recipe_A,455da03b-a6a4-4f92-a874-dc44e968f89c,11,3.0,,,,8.66,11.92,9.87,8.78,11.69,9.75
2025-12-16T09:30:11.801963,Recipe_A,455da03b-a6a4-4f92-a874-dc44e968f89c,11,3.0,,,,12.58,11.0,9.11,9.57,11.18,7.9
2025-12-16T09:30:12.801963,Recipe_A,455da03b-a6a4-4f92-a874-dc44e968f89c,11,3.0,,,,7.65,11.5,7.37,11.47,11.63,10.42
2025-12-16T09:30:13.801963,Recipe_A,455da03b-a6a4-4f92-a874-dc44e968f89c,11,3.0,,,,9.38,10.34,9.52,10.52,8.08,8.91
2025-12-16T09:30:14.801963,Recipe_A,455da03b-a6a4-4f92-a874-dc44e968f89c,11,3.0,,,,10.82,9.06,12.27,13.71,9.67,11.28
2025-12-16T09:30:15.801963,Recipe_A,455da03b-a6a4-4f92-a874-dc44e968f89c,11,3.0,,,,7.19,8.46,9.79,9.44,9.2,10.74
2025-12-16T09:30:16.801963,Recipe_A,455da03b-a6a4-4f92-a874-dc44e968f89c,11,3.0,,,,13.39,12.07,8.29,7.55,6.58,8.8
2025-12-16T09:30:17.801963,Recipe_A,455da03b-a6a4-4f92-a874-dc44e968f89c,11,3.0,,,,10.69,8.74,13.2,8.76,11.11,11.07
2025-12-16T09:30:18.801963,Recipe_A,455da03b-a6a4-4f92-a874-dc44e968f89c,11,3.0,,,,10.02,8.03,9.61,10.13,9.1,11.25
2025-12-16T09:30:19.801963,Recipe_A,455da03b-a6a4-4f92-a874-dc44e968f89c,11,3.0,,,,9.3,10.47,10.75,10.45,11.1,6.34
2025-12-16T09:30:20.801963,Recipe_A,455da03b-a6a4-4f92-a874-dc44e968f89c,11,3.0,,,,9.51,8.04,7.26,10.44,7.75,10.31
2025-12-16T09:30:21.801963,Recipe_A,455da03b-a6a4-4f92-a874-dc44e968f89c,11,3.0,,,,12.7,8.86,10.69,8.51,10.74,9.83
2025-12-16T09:30:22.801963,Recipe_A,455da03b-a6a4-4f92-a874-dc44e968f89c,11,3.0,,,,11.69,8.08,7.57,10.48,11.16,12.43
2025-12-16T09:30:23.801963,Recipe_A,455da03b-a6a4-4f92-a874-dc44e968f89c,11,3.0,,,,13.85,6.66,5.77,9.75,8.15,11.59
2025-12-16T09:30:24.801963,Recipe_A,455da03b-a6a4-4f92-a874-dc44e968f89c,11,3.0,,,,9.71,12.55,8.29,9.38,10.63,12.43
2025-12-16T09:30:25.801963,Recipe_A,455da03b-a6a4-4f92-a874-dc44e968f89c,11,3.0,,,,13.12,8.56,6.86,11.35,10.77,13.32
2025-12-16T09:30:26.801963,Recipe_A,455da03b-a6a4-4f92-a874-dc44e968f89c,11,3.0,,,,11.8,11.39,11.5,10.86,10.38,10.09
2025-12-16T09:30:27.801963,Recipe_A,455da03b-a6a4-4f92-a874-dc44e968f89c,11,3.0,,,,10.34,10.43,11.8,11.35,9.32,9.16
2025-12-16T09:30:28.801963,Recipe_A,455da03b-a6a4-4f92-a874-dc44e968f89c,11,3.0,,,,10.77,10.93,9.93,11.76,11.82,9.04
2025-12-16T09:30:29.801963,Recipe_A,455da03b-a6a4-4f92-a874-dc44e968f89c,11,3.0,,,,9.66,10.22,8.26,14.88,11.37,9.21
2025-12-16T09:30:30.801963,Recipe_A,455da03b-a6a4-4f92-a874-dc44e968f89c,11,3.0,,,,5.5,9.6,11.89,10.24,12.06,7.88
2025-12-16T09:30:31.801963,Recipe_A,455da03b-a6a4-4f92-a874-dc44e968f89c,11,3.0,,,,7.86,10.58,11.46,13.83,6.31,8.84
2025-12-16T09:30:32.801963,Recipe_A,455da03b-a6a4-4f92-a874-dc44e968f89c,11,3.0,,,,7.47,12.2,9.91,9.83,10.8,10.66
2025-12-16T09:30:33.801963,Recipe_A,455da03b-a6a4-4f92-a874-dc44e968f89c,11,3.0,,,,8.77,9.58,10.85,8.13,12.05,12.68
2025-12-16T09:30:34.801963,Recipe_A,455da03b-a6a4-4f92-a874-dc44e968f89c,11,3.0,,,,8.52,12.77,10.67,7.61,9.1,9.21
2025-12-16T09:30:35.801963,Recipe_A,455da03b-a6a4-4f92-a874-dc44e968f89c,11,3.0,,,,9.95,16.77,7.82,10.6,9.8,11.89
2025-12-16T09:30:36.801963,Recipe_A,455da03b-a6a4-4f92-a874-dc44e968f89c,11,3.0,,,,8.94,8.34,13.72,10.91,10.97,10.46
2025-12-16T09:30:37.801963,Recipe_A,455da03b-a6a4-4f92-a874-dc44e968f89c,11,3.0,,,,8.25,12.27,9.12,12.28,9.46,8.08
2025-12-16T09:30:38.801963,Recipe_A,455da03b-a6a4-4f92-a874-dc44e968f89c,11,3.0,,,,8.49,7.83,9.89,6.92,11.15,8.38
2025-12-16T09:30:39.801963,Recipe_A,455da03b-a6a4-4f92-a874-dc44e968f89c,11,3.0,,,,10.83,7.78,7.61,9.59,11.6,10.42
2025-12-16T09:30:40.801963,Recipe_A,455da03b-a6a4-4f92-a874-dc44e968f89c,11,3.0,,,,9.02,12.35,8.81,8.85,10.46,4.82
2025-12-16T09:30:41.801963,Recipe_A,455da03b-a6a4-4f92-a874-dc44e968f89c,11,3.0,,,,10.06,10.07,10.51,12.07,13.5,12.24
2025-12-16T09:30:42.801963,Recipe_A,455da03b-a6a4-4f92-a874-dc44e968f89c,11,3.0,,,,11.79,13.65,8.52,5.98,10.8,6.46
2025-12-16T09:30:43.801963,Recipe_A,455da03b-a6a4-4f92-a874-dc44e968f89c,11,3.0,,,,11.49,9.78,5.6,14.88,9.93,14.08
2025-12-16T09:30:44.801963,Recipe_A,455da03b-a6a4-4f92-a874-dc44e968f89c,11,2.0,,,,9.67,13.56,9.42,10.74,13.11,9.01
2025-12-16T09:30:45.801963,Recipe_A,455da03b-a6a4-4f92-a874-dc44e968f89c,11,2.0,,,,10.41,12.46,12.04,11.8,12.24,10.36
2025-12-16T09:30:46.801963,Recipe_A,455da03b-a6a4-4f92-a874-dc44e968f89c,11,3.0,,,,9.43,9.06,12.13,13.23,9.35,13.16
2025-12-16T09:30:47.801963,Recipe_A,455da03b-a6a4-4f92-a874-dc44e968f89c,11,3.0,,,,10.04,9.63,12.3,9.02,9.18,10.98
2025-12-16T09:30:48.801963,Recipe_A,455da03b-a6a4-4f92-a874-dc44e968f89c,11,3.0,,,,11.11,8.1,6.96,11.29,9.25,7.96
2025-12-16T09:30:49.801963,Recipe_A,455da03b-a6a4-4f92-a874-dc44e968f89c,11,3.0,,,,12.66,11.74,11.42,8.63,8.17,9.32
2025-12-16T09:30:50.801963,Recipe_A,455da03b-a6a4-4f92-a874-dc44e968f89c,11,3.0,,,,9.69,10.21,11.14,11.9,12.04,11.05
2025-12-16T09:30:51.801963,Recipe_A,455da03b-a6a4-4f92-a874-dc44e968f89c,11,3.0,,,,11.96,10.7,9.09,13.28,8.49,6.47
2025-12-16T09:30:52.801963,Recipe_A,455da03b-a6a4-4f92-a874-dc44e968f89c,11,3.0,,,,10.59,11.3,10.39,8.67,7.47,9.2
2025-12-16T09:30:53.801963,Recipe_A,455da03b-a6a4-4f92-a874-dc44e968f89c,11,3.0,,,,10.66,7.11,7.79,6.47,9.52,5.05
2025-12-16T09:30:54.801963,Recipe_A,455da03b-a6a4-4f92-a874-dc44e968f89c,11,3.0,,,,9.35,11.61,7.22,12.39,4.08,13.5
2025-12-16T09:30:55.801963,Recipe_A,455da03b-a6a4-4f92-a874-dc44e968f89c,11,3.0,,,,9.78,6.86,13.43,6.66,9.22,10.29
2025-12-16T09:30:56.801963,Recipe_A,455da03b-a6a4-4f92-a874-dc44e968f89c,11,3.0,,,,11.7,13.96,8.34,11.94,11.84,9.77
2025-12-16T09:30:57.801963,Recipe_A,455da03b-a6a4-4f92-a874-dc44e968f89c,11,3.0,,,,11.52,10.46,11.91,10.46,7.25,6.43
2025-12-16T09:30:58.801963,Recipe_A,455da03b-a6a4-4f92-a874-dc44e968f89c,11,3.0,,,,10.76,9.94,9.52,10.45,10.19,7.24
2025-12-16T09:30:59.801963,Recipe_A,455da03b-a6a4-4f92-a874-dc44e968f89c,11,3.0,,,,8.17,10.55,10.88,13.15,13.29,11.82
2025-12-16T09:31:00.801963,Recipe_A,455da03b-a6a4-4f92-a874-dc44e968f89c,11,3.0,,,,9.99,10.49,8.68,16.25,8.61,10.65
2025-12-16T09:31:01.801963,Recipe_A,455da03b-a6a4-4f92-a874-dc44e968f89c,11,3.0,,,,10.38,9.81,9.42,10.82,11.51,10.11
2025-12-16T09:31:02.801963,Recipe_A,455da03b-a6a4-4f92-a874-dc44e968f89c,11,3.0,,,,9.29,11.19,12.69,10.16,13.1,7.95
2025-12-16T09:31:03.801963,Recipe_A,455da03b-a6a4-4f92-a874-dc44e968f89c,11,3.0,,,,7.45,6.88,10.06,9.79,12.75,8.14
2025-12-16T09:31:04.801963,Recipe_A,455da03b-a6a4-4f92-a874-dc44e968f89c,11,3.0,,,,10.08,10.99,11.88,11.55,11.4,9.98
2025-12-16T09:31:05.801963,Recipe_A,455da03b-a6a4-4f92-a874-dc44e968f89c,11,3.0,,,,10.87,11.16,12.48,11.56,9.53,7.31
2025-12-16T09:31:06.801963,Recipe_A,455da03b-a6a4-4f92-a874-dc44e968f89c,11,3.0,,,,8.38,7.85,8.92,9.74,6.73,10.64
2025-12-16T09:31:07.801963,Recipe_A,455da03b-a6a4-4f92-a874-dc44e968f89c,11,3.0,,,,11.43,11.29,11.39,9.45,11.74,11.15
2025-12-16T09:31:08.801963,Recipe_A,455da03b-a6a4-4f92-a874-dc44e968f89c,11,3.0,,,,12.28,11.99,8.43,10.86,9.44,9.2
2025-12-16T09:31:09.801963,Recipe_A,455da03b-a6a4-4f92-a874-dc44e968f89c,11,3.0,,,,9.91,7.72,5.93,10.39,9.23,5.99
2025-12-16T09:31:10.801963,Recipe_A,455da03b-a6a4-4f92-a874-dc44e968f89c,11,3.0,,,,9.38,9.65,9.47,7.96,9.2,9.71
2025-12-16T09:31:11.801963,Recipe_A,455da03b-a6a4-4f92-a874-dc44e968f89c,11,3.0,,,,8.66,11.16,9.24,7.7,8.97,9.27
2025-12-16T09:31:12.801963,Recipe_A,455da03b-a6a4-4f92-a874-dc44e968f89c,11,3.0,,,,7.58,13.57,8.79,11.05,9.73,7.34
2025-12-16T09:31:13.801963,Recipe_A,455da03b-a6a4-4f92-a874-dc44e968f89c,11,3.0,,,,8.8,9.55,8.14,8.04,8.66,11.34
2025-12-16T09:31:14.801963,Recipe_A,455da03b-a6a4-4f92-a874-dc44e968f89c,11,3.0,,,,12.74,9.09,11.75,11.13,13.28,9.68
2025-12-16T09:31:15.801963,Recipe_A,455da03b-a6a4-4f92-a874-dc44e968f89c,11,2.0,,,,7.52,9.21,10.61,10.51,7.86,11.0
2025-12-16T09:31:16.801963,Recipe_A,455da03b-a6a4-4f92-a874-dc44e968f89c,11,2.0,,,,10.76,11.17,11.87,9.18,11.63,12.24
2025-12-16T09:31:17.801963,Recipe_A,455da03b-a6a4-4f92-a874-dc44e968f89c,11,2.0,,,,9.62,10.56,7.05,10.4,10.58,11.36
2025-12-16T09:31:18.801963,Recipe_A,455da03b-a6a4-4f92-a874-dc44e968f89c,11,2.0,,,,4.99,11.43,11.06,11.07,11.98,10.16
2025-12-16T09:31:19.801963,Recipe_A,455da03b-a6a4-4f92-a874-dc44e968f89c,11,2.0,,,,9.97,12.36,10.21,11.47,8.91,11.23
2025-12-16T09:31:20.801963,Recipe_A,455da03b-a6a4-4f92-a874-dc44e968f89c,11,2.0,,,,10.55,10.14,10.33,9.35,11.24,13.17
2025-12-16T09:31:21.801963,Recipe_A,455da03b-a6a4-4f92-a874-dc44e968f89c,11,2.0,,,,9.57,7.29,9.1,9.53,8.66,8.21
2025-12-16T09:31:22.801963,Recipe_A,455da03b-a6a4-4f92-a874-dc44e968f89c,11,2.0,,,,13.84,10.01,11.33,12.28,10.09,8.94
2025-12-16T09:31:23.801963,Recipe_A,455da03b-a6a4-4f92-a874-dc44e968f89c,11,2.0,,,,5.61,6.84,11.17,11.09,8.56,13.21
2025-12-16T09:31:24.801963,Recipe_A,455da03b-a6a4-4f92-a874-dc44e968f89c,11,2.0,,,,7.36,12.1,8.56,7.33,10.94,12.2
2025-12-16T09:31:25.801963,Recipe_A,455da03b-a6a4-4f92-a874-dc44e968f89c,11,2.0,,,,11.86,7.54,11.25,6.42,8.47,12.24
2025-12-16T09:31:26.801963,Recipe_A,455da03b-a6a4-4f92-a874-dc44e968f89c,11,2.0,,,,11.7,13.68,11.39,12.73,11.88,10.92
2025-12-16T09:31:27.801963,Recipe_A,455da03b-a6a4-4f92-a874-dc44e968f89c,11,0.0,,,,0.0,0.0,0.0,0.0,0.0,0.0
2025-12-16T09:31:28.801963,Recipe_A,455da03b-a6a4-4f92-a874-dc44e968f89c,11,0.0,,,,0.0,0.0,0.0,0.0,0.0,0.0
2025-12-16T09:31:29.801963,Recipe_A,455da03b-a6a4-4f92-a874-dc44e968f89c,11,0.0,,,,0.0,0.0,0.0,0.0,0.0,0.0
2025-12-16T09:31:30.801963,Recipe_A,455da03b-a6a4-4f92-a874-dc44e968f89c,11,0.0,,,,0.0,0.0,0.0,0.0,0.0,0.0
2025-12-16T09:31:31.801963,Recipe_A,455da03b-a6a4-4f92-a874-dc44e968f89c,11,0.0,,,,0.0,0.0,0.0,0.0,0.0,0.0
2025-12-16T09:31:32.801963,Recipe_A,455da03b-a6a4-4f92-a874-dc44e968f89c,11,0.0,,,,0.0,0.0,0.0,0.0,0.0,0.0
2025-12-16T09:31:33.801963,Recipe_A,455da03b-a6a4-4f92-a874-dc44e968f89c,11,0.0,,,,0.0,0.0,0.0,0.0,0.0,0.0
2025-12-16T09:31:34.801963,Recipe_A,455da03b-a6a4-4f92-a874-dc44e968f89c,11,0.0,,,,0.0,0.0,0.0,0.0,0.0,0.0
2025-12-16T09:31:35.801963,Recipe_A,455da03b-a6a4-4f92-a874-dc44e968f89c,11,0.0,,,,0.0,0.0,0.0,0.0,0.0,0.0
2025-12-16T09:31:36.801963,Recipe_A,455da03b-a6a4-4f92-a874-dc44e968f89c,11,0.0,,,,0.0,0.0,0.0,0.0,0.0,0.0
2025-12-16T09:31:37.801963,Recipe_A,455da03b-a6a4-4f92-a874-dc44e968f89c,11,0.0,,,,0.0,0.0,0.0,0.0,0.0,0.0
2025-12-16T09:31:38.801963,Recipe_A,455da03b-a6a4-4f92-a874-dc44e968f89c,11,0.0,,,,0.0,0.0,0.0,0.0,0.0,0.0
2025-12-16T09:31:39.801963,Recipe_A,455da03b-a6a4-4f92-a874-dc44e968f89c,11,0.0,,,,0.0,0.0,0.0,0.0,0.0,0.0
2025-12-16T09:31:40.801963,Recipe_A,455da03b-a6a4-4f92-a874-dc44e968f89c,11,0.0,,,,0.0,0.0,0.0,0.0,0.0,0.0
2025-12-16T09:31:41.801963,Recipe_A,455da03b-a6a4-4f92-a874-dc44e968f89c,11,0.0,,,,0.0,0.0,0.0,0.0,0.0,0.0
2025-12-16T09:31:42.801963,Recipe_A,455da03b-a6a4-4f92-a874-dc44e968f89c,11,0.0,,,,0.0,0.0,0.0,0.0,0.0,0.0
2025-12-16T09:31:43.801963,Recipe_A,455da03b-a6a4-4f92-a874-dc44e968f89c,11,0.0,,,,0.0,0.0,0.0,0.0,0.0,0.0
2025-12-16T09:31:43.801963,Recipe_A,455da03b-a6a4-4f92-a874-dc44e968f89c,11,0.0,Error_2,Simulated Error occurred,Error,,,,,,
2025-12-16T09:31:44.801963,Recipe_A,455da03b-a6a4-4f92-a874-dc44e968f89c,11,0.0,,,,0.0,0.0,0.0,0.0,0.0,0.0
2025-12-16T09:31:45.801963,Recipe_A,455da03b-a6a4-4f92-a874-dc44e968f89c,11,0.0,,,,0.0,0.0,0.0,0.0,0.0,0.0
2025-12-16T09:31:46.801963,Recipe_A,455da03b-a6a4-4f92-a874-dc44e968f89c,11,0.0,,,,0.0,0.0,0.0,0.0,0.0,0.0
2025-12-16T09:31:47.801963,Recipe_A,455da03b-a6a4-4f92-a874-dc44e968f89c,11,0.0,,,,0.0,0.0,0.0,0.0,0.0,0.0
2025-12-16T09:31:48.801963,Recipe_A,455da03b-a6a4-4f92-a874-dc44e968f89c,11,0.0,,,,0.0,0.0,0.0,0.0,0.0,0.0
2025-12-16T09:31:49.801963,Recipe_A,455da03b-a6a4-4f92-a874-dc44e968f89c,11,0.0,,,,0.0,0.0,0.0,0.0,0.0,0.0
2025-12-16T09:31:50.801963,Recipe_A,455da03b-a6a4-4f92-a874-dc44e968f89c,11,0.0,,,,0.0,0.0,0.0,0.0,0.0,0.0
2025-12-16T09:31:51.801963,Recipe_A,455da03b-a6a4-4f92-a874-dc44e968f89c,11,0.0,,,,0.0,0.0,0.0,0.0,0.0,0.0
2025-12-16T09:31:52.801963,Recipe_A,455da03b-a6a4-4f92-a874-dc44e968f89c,11,0.0,,,,0.0,0.0,0.0,0.0,0.0,0.0
2025-12-16T09:31:53.801963,Recipe_A,455da03b-a6a4-4f92-a874-dc44e968f89c,11,0.0,,,,0.0,0.0,0.0,0.0,0.0,0.0
2025-12-16T09:31:54.801963,Recipe_A,455da03b-a6a4-4f92-a874-dc44e968f89c,11,0.0,,,,0.0,0.0,0.0,0.0,0.0,0.0
2025-12-16T09:31:55.801963,Recipe_A,455da03b-a6a4-4f92-a874-dc44e968f89c,11,0.0,,,,0.0,0.0,0.0,0.0,0.0,0.0
2025-12-16T09:31:56.801963,Recipe_A,455da03b-a6a4-4f92-a874-dc44e968f89c,11,0.0,,,,0.0,0.0,0.0,0.0,0.0,0.0
2025-12-16T09:31:57.801963,Recipe_A,455da03b-a6a4-4f92-a874-dc44e968f89c,11,0.0,,,,0.0,0.0,0.0,0.0,0.0,0.0
2025-12-16T09:31:58.801963,Recipe_A,455da03b-a6a4-4f92-a874-dc44e968f89c,11,0.0,,,,0.0,0.0,0.0,0.0,0.0,0.0
2025-12-16T09:31:59.801963,Recipe_A,455da03b-a6a4-4f92-a874-dc44e968f89c,11,0.0,,,,0.0,0.0,0.0,0.0,0.0,0.0
2025-12-16T09:32:00.801963,Recipe_A,455da03b-a6a4-4f92-a874-dc44e968f89c,11,0.0,,,,0.0,0.0,0.0,0.0,0.0,0.0
2025-12-16T09:32:01.801963,Recipe_A,455da03b-a6a4-4f92-a874-dc44e968f89c,11,0.0,,,,0.0,0.0,0.0,0.0,0.0,0.0
2025-12-16T09:32:02.801963,Recipe_A,455da03b-a6a4-4f92-a874-dc44e968f89c,11,0.0,,,,0.0,0.0,0.0,0.0,0.0,0.0
2025-12-16T09:32:03.801963,Recipe_A,455da03b-a6a4-4f92-a874-dc44e968f89c,11,0.0,,,,0.0,0.0,0.0,0.0,0.0,0.0
2025-12-16T09:32:04.801963,Recipe_A,455da03b-a6a4-4f92-a874-dc44e968f89c,11,0.0,,,,0.0,0.0,0.0,0.0,0.0,0.0
2025-12-16T09:32:05.801963,Recipe_A,455da03b-a6a4-4f92-a874-dc44e968f89c,11,0.0,,,,0.0,0.0,0.0,0.0,0.0,0.0
2025-12-16T09:32:06.801963,Recipe_A,455da03b-a6a4-4f92-a874-dc44e968f89c,11,0.0,,,,0.0,0.0,0.0,0.0,0.0,0.0
2025-12-16T09:32:07.801963,Recipe_A,455da03b-a6a4-4f92-a874-dc44e968f89c,11,0.0,,,,0.0,0.0,0.0,0.0,0.0,0.0
2025-12-16T09:32:08.801963,Recipe_A,455da03b-a6a4-4f92-a874-dc44e968f89c,11,0.0,,,,0.0,0.0,0.0,0.0,0.0,0.0
2025-12-16T09:32:09.801963,Recipe_A,455da03b-a6a4-4f92-a874-dc44e968f89c,11,0.0,,,,0.0,0.0,0.0,0.0,0.0,0.0
2025-12-16T09:32:10.801963,Recipe_A,455da03b-a6a4-4f92-a874-dc44e968f89c,11,0.0,,,,0.0,0.0,0.0,0.0,0.0,0.0
2025-12-16T09:32:11.801963,Recipe_A,455da03b-a6a4-4f92-a874-dc44e968f89c,11,0.0,,,,0.0,0.0,0.0,0.0,0.0,0.0
2025-12-16T09:32:12.801963,Recipe_A,455da03b-a6a4-4f92-a874-dc44e968f89c,11,0.0,,,,0.0,0.0,0.0,0.0,0.0,0.0
2025-12-16T09:32:13.801963,Recipe_A,455da03b-a6a4-4f92-a874-dc44e968f89c,11,0.0,,,,0.0,0.0,0.0,0.0,0.0,0.0
2025-12-16T09:32:14.801963,Recipe_A,455da03b-a6a4-4f92-a874-dc44e968f89c,11,5.0,,,,11.41,10.57,10.51,12.73,7.64,12.02
2025-12-16T09:32:15.801963,Recipe_A,455da03b-a6a4-4f92-a874-dc44e968f89c,11,5.0,,,,7.36,13.25,7.72,12.4,12.11,10.19
2025-12-16T09:32:16.801963,Recipe_A,455da03b-a6a4-4f92-a874-dc44e968f89c,11,5.0,,,,9.07,6.15,12.23,10.82,8.35,9.54
2025-12-16T09:32:17.801963,Recipe_A,455da03b-a6a4-4f92-a874-dc44e968f89c,11,5.0,,,,7.12,10.09,10.32,8.7,8.25,12.45
2025-12-16T09:32:18.801963,Recipe_A,455da03b-a6a4-4f92-a874-dc44e968f89c,11,5.0,,,,8.46,9.58,9.28,6.02,10.74,11.56
2025-12-16T09:32:19.801963,Recipe_A,455da03b-a6a4-4f92-a874-dc44e968f89c,11,5.0,,,,6.04,12.59,7.65,11.71,11.35,10.19
2025-12-16T09:32:20.801963,Recipe_A,455da03b-a6a4-4f92-a874-dc44e968f89c,11,5.0,,,,7.73,13.96,9.93,9.97,13.59,11.71
2025-12-16T09:32:21.801963,Recipe_A,455da03b-a6a4-4f92-a874-dc44e968f89c,11,5.0,,,,9.15,8.76,6.25,12.09,8.89,8.75
2025-12-16T09:32:22.801963,Recipe_A,455da03b-a6a4-4f92-a874-dc44e968f89c,11,5.0,,,,8.1,7.81,8.27,12.57,9.31,10.26
2025-12-16T09:32:23.801963,Recipe_A,455da03b-a6a4-4f92-a874-dc44e968f89c,11,5.0,,,,5.88,12.74,13.26,13.45,7.5,7.65
2025-12-16T09:32:24.801963,Recipe_A,455da03b-a6a4-4f92-a874-dc44e968f89c,11,5.0,,,,8.8,8.36,11.25,13.43,8.06,12.53
2025-12-16T09:32:25.801963,Recipe_A,455da03b-a6a4-4f92-a874-dc44e968f89c,11,5.0,,,,10.93,12.78,14.23,10.15,10.09,7.71
2025-12-16T09:32:26.801963,Recipe_A,455da03b-a6a4-4f92-a874-dc44e968f89c,11,5.0,,,,11.17,5.6,9.14,9.57,11.95,13.6
2025-12-16T09:32:27.801963,Recipe_A,455da03b-a6a4-4f92-a874-dc44e968f89c,11,5.0,,,,12.25,8.77,9.4,8.56,7.91,7.85
2025-12-16T09:32:28.801963,Recipe_A,455da03b-a6a4-4f92-a874-dc44e968f89c,11,5.0,,,,9.04,6.85,13.43,12.53,6.95,8.38
2025-12-16T09:32:29.801963,Recipe_A,455da03b-a6a4-4f92-a874-dc44e968f89c,11,5.0,,,,11.01,10.42,11.15,6.54,11.82,6.24
2025-12-16T09:32:30.801963,Recipe_A,455da03b-a6a4-4f92-a874-dc44e968f89c,11,5.0,,,,9.89,10.32,9.33,5.57,7.43,9.36
2025-12-16T09:32:31.801963,Recipe_A,455da03b-a6a4-4f92-a874-dc44e968f89c,11,5.0,,,,11.87,9.9,10.08,12.74,11.43,11.16
2025-12-16T09:32:32.801963,Recipe_A,455da03b-a6a4-4f92-a874-dc44e968f89c,11,5.0,,,,11.53,10.19,12.4,10.75,13.42,12.97
2025-12-16T09:32:33.801963,Recipe_A,455da03b-a6a4-4f92-a874-dc44e968f89c,11,5.0,,,,11.92,9.5,9.9,10.76,12.47,8.5
2025-12-16T09:32:34.801963,Recipe_A,455da03b-a6a4-4f92-a874-dc44e968f89c,11,5.0,,,,14.29,12.01,10.1,11.21,8.83,11.85
2025-12-16T09:32:35.801963,Recipe_A,455da03b-a6a4-4f92-a874-dc44e968f89c,11,5.0,,,,11.02,4.78,6.47,8.75,12.97,10.76
2025-12-16T09:32:36.801963,Recipe_A,455da03b-a6a4-4f92-a874-dc44e968f89c,11,5.0,,,,5.91,7.17,13.89,10.23,11.82,6.77
2025-12-16T09:32:37.801963,Recipe_A,455da03b-a6a4-4f92-a874-dc44e968f89c,11,5.0,,,,10.73,7.72,5.74,10.39,11.52,8.29
2025-12-16T09:32:38.801963,Recipe_A,455da03b-a6a4-4f92-a874-dc44e968f89c,11,5.0,,,,9.27,3.41,11.35,9.25,7.36,10.02
2025-12-16T09:32:39.801963,Recipe_A,455da03b-a6a4-4f92-a874-dc44e968f89c,11,5.0,,,,6.52,11.33,10.84,7.97,8.65,10.3
2025-12-16T09:32:40.801963,Recipe_A,455da03b-a6a4-4f92-a874-dc44e968f89c,11,5.0,,,,8.5,7.65,11.53,10.48,9.18,12.31
2025-12-16T09:32:41.801963,Recipe_A,455da03b-a6a4-4f92-a874-dc44e968f89c,11,5.0,,,,11.81,10.97,9.41,11.28,9.1,13.59
2025-12-16T09:32:42.801963,Recipe_A,455da03b-a6a4-4f92-a874-dc44e968f89c,11,5.0,,,,11.92,10.14,7.29,12.16,9.91,9.01
2025-12-16T09:32:43.801963,Recipe_A,455da03b-a6a4-4f92-a874-dc44e968f89c,11,5.0,,,,8.35,9.21,9.92,11.06,8.83,11.6
2025-12-16T09:32:44.801963,Recipe_A,455da03b-a6a4-4f92-a874-dc44e968f89c,11,5.0,,,,7.1,10.88,8.78,13.48,5.27,8.99
2025-12-16T09:32:45.801963,Recipe_A,455da03b-a6a4-4f92-a874-dc44e968f89c,11,4.0,,,,97.94,49.54,61.25,49.81,56.95,53.58
2025-12-16T09:32:46.801963,Recipe_A,455da03b-a6a4-4f92-a874-dc44e968f89c,11,4.0,,,,101.12,59.49,52.11,46.13,51.27,51.9
2025-12-16T09:32:47.801963,Recipe_A,455da03b-a6a4-4f92-a874-dc44e968f89c,11,4.0,,,,98.92,51.19,46.68,55.37,42.67,54.01
2025-12-16T09:32:48.801963,Recipe_A,455da03b-a6a4-4f92-a874-dc44e968f89c,11,4.0,,,,106.1,64.45,50.27,45.74,53.29,50.2
2025-12-16T09:32:49.801963,Recipe_A,455da03b-a6a4-4f92-a874-dc44e968f89c,11,4.0,,,,98.25,63.48,48.86,47.02,44.79,47.38
2025-12-16T09:32:50.801963,Recipe_A,455da03b-a6a4-4f92-a874-dc44e968f89c,11,4.0,,,,94.44,51.0,44.65,43.03,52.0,45.15
2025-12-16T09:32:51.801963,Recipe_A,455da03b-a6a4-4f92-a874-dc44e968f89c,11,4.0,,,,97.63,49.71,57.35,51.66,46.23,48.15
2025-12-16T09:32:52.801963,Recipe_A,455da03b-a6a4-4f92-a874-dc44e968f89c,11,4.0,,,,103.8,50.73,54.39,48.59,46.25,48.13
2025-12-16T09:32:53.801963,Recipe_A,455da03b-a6a4-4f92-a874-dc44e968f89c,11,4.0,,,,98.64,52.35,51.7,60.46,47.95,47.7
2025-12-16T09:32:54.801963,Recipe_A,455da03b-a6a4-4f92-a874-dc44e968f89c,11,4.0,,,,92.98,55.86,41.63,44.68,52.02,57.43
2025-12-16T09:32:55.801963,Recipe_A,455da03b-a6a4-4f92-a874-dc44e968f89c,11,4.0,,,,99.4,42.91,51.41,59.09,50.14,45.49
2025-12-16T09:32:56.801963,Recipe_A,455da03b-a6a4-4f92-a874-dc44e968f89c,11,4.0,,,,107.83,51.37,47.25,52.61,54.96,51.77
2025-12-16T09:32:57.801963,Recipe_A,455da03b-a6a4-4f92-a874-dc44e968f89c,11,4.0,,,,99.11,36.83,52.95,57.49,49.9,51.62
2025-12-16T09:32:58.801963,Recipe_A,455da03b-a6a4-4f92-a874-dc44e968f89c,11,4.0,,,,95.25,47.62,53.55,52.78,47.25,52.08
2025-12-16T09:32:59.801963,Recipe_A,455da03b-a6a4-4f92-a874-dc44e968f89c,11,4.0,,,,88.75,56.41,57.56,49.07,50.4,54.63
2025-12-16T09:33:00.801963,Recipe_A,455da03b-a6a4-4f92-a874-dc44e968f89c,11,4.0,,,,101.18,45.86,49.77,52.76,65.38,46.64
2025-12-16T09:33:01.801963,Recipe_A,455da03b-a6a4-4f92-a874-dc44e968f89c,11,4.0,,,,103.75,48.59,46.53,46.3,46.8,53.42
2025-12-16T09:33:02.801963,Recipe_A,455da03b-a6a4-4f92-a874-dc44e968f89c,11,4.0,,,,106.44,53.96,50.08,48.64,46.37,49.25
2025-12-16T09:33:03.801963,Recipe_A,455da03b-a6a4-4f92-a874-dc44e968f89c,11,4.0,,,,99.74,45.38,46.25,52.52,52.01,55.84
2025-12-16T09:33:04.801963,Recipe_A,455da03b-a6a4-4f92-a874-dc44e968f89c,11,4.0,,,,104.88,53.61,47.53,48.85,42.74,46.9
2025-12-16T09:33:05.801963,Recipe_A,455da03b-a6a4-4f92-a874-dc44e968f89c,11,4.0,,,,98.87,56.4,40.63,60.08,43.39,48.13
2025-12-16T09:33:06.801963,Recipe_A,455da03b-a6a4-4f92-a874-dc44e968f89c,11,4.0,,,,98.6,48.87,53.35,46.78,47.81,44.68
2025-12-16T09:33:07.801963,Recipe_A,455da03b-a6a4-4f92-a874-dc44e968f89c,11,4.0,,,,95.53,59.43,57.6,62.65,51.97,51.57
2025-12-16T09:33:08.801963,Recipe_A,455da03b-a6a4-4f92-a874-dc44e968f89c,11,4.0,,,,104.2,47.23,42.35,47.07,41.8,53.42
2025-12-16T09:33:09.801963,Recipe_A,455da03b-a6a4-4f92-a874-dc44e968f89c,11,4.0,,,,102.18,46.07,45.6,45.56,51.82,55.95
2025-12-16T09:33:10.801963,Recipe_A,455da03b-a6a4-4f92-a874-dc44e968f89c,11,4.0,,,,97.46,45.81,46.63,57.0,57.19,56.66
2025-12-16T09:33:11.801963,Recipe_A,455da03b-a6a4-4f92-a874-dc44e968f89c,11,4.0,,,,98.34,54.19,57.97,53.92,54.82,50.4
2025-12-16T09:33:12.801963,Recipe_A,455da03b-a6a4-4f92-a874-dc44e968f89c,11,4.0,,,,97.74,45.25,44.81,53.34,49.55,46.38
2025-12-16T09:33:13.801963,Recipe_A,455da03b-a6a4-4f92-a874-dc44e968f89c,11,4.0,,,,102.75,48.8,57.95,57.05,59.54,49.02
2025-12-16T09:33:14.801963,Recipe_A,455da03b-a6a4-4f92-a874-dc44e968f89c,11,4.0,,,,104.8,51.98,58.66,46.54,50.58,44.9
2025-12-16T09:33:15.801963,Recipe_A,455da03b-a6a4-4f92-a874-dc44e968f89c,11,4.0,,,,96.83,45.25,48.04,54.11,49.01,50.3
2025-12-16T09:33:16.801963,Recipe_A,455da03b-a6a4-4f92-a874-dc44e968f89c,11,4.0,,,,106.86,52.19,40.79,42.92,43.09,46.61
2025-12-16T09:33:17.801963,Recipe_A,455da03b-a6a4-4f92-a874-dc44e968f89c,11,4.0,,,,100.21,44.07,51.87,39.66,55.56,49.04
2025-12-16T09:33:18.801963,Recipe_A,455da03b-a6a4-4f92-a874-dc44e968f89c,11,4.0,,,,100.38,51.41,58.84,46.82,56.37,51.21
2025-12-16T09:33:19.801963,Recipe_A,455da03b-a6a4-4f92-a874-dc44e968f89c,11,4.0,,,,90.14,60.43,49.91,56.75,48.79,50.9
2025-12-16T09:33:20.801963,Recipe_A,455da03b-a6a4-4f92-a874-dc44e968f89c,11,4.0,,,,96.23,44.56,45.8,52.58,50.13,48.66
2025-12-16T09:33:21.801963,Recipe_A,455da03b-a6a4-4f92-a874-dc44e968f89c,11,4.0,,,,90.65,49.08,47.21,44.72,50.8,58.73
2025-12-16T09:33:22.801963,Recipe_A,455da03b-a6a4-4f92-a874-dc44e968f89c,11,4.0,,,,103.63,45.37,47.14,39.25,46.89,48.39
2025-12-16T09:33:23.801963,Recipe_A,455da03b-a6a4-4f92-a874-dc44e968f89c,11,4.0,,,,98.15,51.15,47.36,49.68,52.01,51.74
2025-12-16T09:33:24.801963,Recipe_A,455da03b-a6a4-4f92-a874-dc44e968f89c,11,2.0,,,,10.41,6.47,9.3,11.16,8.34,8.82
2025-12-16T09:33:25.801963,Recipe_A,455da03b-a6a4-4f92-a874-dc44e968f89c,11,2.0,,,,6.9,8.94,11.03,10.82,8.49,10.53
2025-12-16T09:33:26.801963,Recipe_A,455da03b-a6a4-4f92-a874-dc44e968f89c,11,2.0,,,,8.65,9.66,8.92,11.92,12.9,8.96
2025-12-16T09:33:27.801963,Recipe_A,455da03b-a6a4-4f92-a874-dc44e968f89c,11,2.0,,,,14.13,13.96,9.66,11.89,9.89,12.23
2025-12-16T09:33:28.801963,Recipe_A,455da03b-a6a4-4f92-a874-dc44e968f89c,11,2.0,,,,8.62,10.24,7.07,9.11,11.02,12.8
2025-12-16T09:33:29.801963,Recipe_A,455da03b-a6a4-4f92-a874-dc44e968f89c,11,0.0,,,,0.0,0.0,0.0,0.0,0.0,0.0
2025-12-16T09:33:30.801963,Recipe_A,455da03b-a6a4-4f92-a874-dc44e968f89c,11,0.0,,,,0.0,0.0,0.0,0.0,0.0,0.0
2025-12-16T09:33:31.801963,Recipe_A,455da03b-a6a4-4f92-a874-dc44e968f89c,11,5.0,,,,13.06,12.21,10.08,10.35,9.72,7.75
2025-12-16T09:33:32.801963,Recipe_A,455da03b-a6a4-4f92-a874-dc44e968f89c,11,5.0,,,,11.11,10.25,13.12,11.67,8.14,11.67
2025-12-16T09:33:33.801963,Recipe_A,455da03b-a6a4-4f92-a874-dc44e968f89c,11,5.0,,,,12.05,8.77,9.01,13.19,7.44,10.08
2025-12-16T09:33:34.801963,Recipe_A,455da03b-a6a4-4f92-a874-dc44e968f89c,11,5.0,,,,10.49,10.15,9.75,8.9,10.16,8.52
2025-12-16T09:33:35.801963,Recipe_A,455da03b-a6a4-4f92-a874-dc44e968f89c,11,5.0,,,,9.05,11.14,10.7,12.69,11.6,7.43
2025-12-16T09:33:36.801963,Recipe_A,455da03b-a6a4-4f92-a874-dc44e968f89c,11,5.0,,,,11.95,7.62,9.71,9.02,9.15,7.88
2025-12-16T09:33:37.801963,Recipe_A,455da03b-a6a4-4f92-a874-dc44e968f89c,11,5.0,,,,8.11,10.24,12.53,13.21,7.14,6.45
2025-12-16T09:33:38.801963,Recipe_A,455da03b-a6a4-4f92-a874-dc44e968f89c,11,5.0,,,,11.82,10.82,6.82,10.88,12.39,10.81
2025-12-16T09:33:39.801963,Recipe_A,455da03b-a6a4-4f92-a874-dc44e968f89c,11,5.0,,,,10.1,11.12,9.81,12.11,9.34,9.21
2025-12-16T09:33:40.801963,Recipe_A,455da03b-a6a4-4f92-a874-dc44e968f89c,11,5.0,,,,6.51,9.57,13.27,6.72,8.06,8.59
2025-12-16T09:33:41.801963,Recipe_A,455da03b-a6a4-4f92-a874-dc44e968f89c,11,5.0,,,,10.59,9.87,10.4,12.8,10.75,7.4
2025-12-16T09:33:42.801963,Recipe_A,455da03b-a6a4-4f92-a874-dc44e968f89c,11,5.0,,,,8.64,11.46,11.57,9.22,5.13,12.84
2025-12-16T09:33:43.801963,Recipe_A,455da03b-a6a4-4f92-a874-dc44e968f89c,11,5.0,,,,7.21,9.38,13.06,11.81,7.3,12.23
2025-12-16T09:33:44.801963,Recipe_A,455da03b-a6a4-4f92-a874-dc44e968f89c,11,5.0,,,,11.58,10.8,8.94,7.66,10.08,11.63
2025-12-16T09:33:45.801963,Recipe_A,455da03b-a6a4-4f92-a874-dc44e968f89c,11,5.0,,,,10.14,8.16,8.91,10.76,8.71,11.36
2025-12-16T09:33:46.801963,Recipe_A,455da03b-a6a4-4f92-a874-dc44e968f89c,11,5.0,,,,9.83,9.98,12.23,8.85,11.24,10.52
2025-12-16T09:33:47.801963,Recipe_A,455da03b-a6a4-4f92-a874-dc44e968f89c,11,5.0,,,,9.95,16.42,12.19,8.46,6.69,13.65
2025-12-16T09:33:48.801963,Recipe_A,455da03b-a6a4-4f92-a874-dc44e968f89c,11,5.0,,,,8.04,13.13,11.78,11.63,14.78,11.61
2025-12-16T09:33:49.801963,Recipe_A,455da03b-a6a4-4f92-a874-dc44e968f89c,11,5.0,,,,8.9,11.45,11.03,6.55,7.33,9.62
2025-12-16T09:33:50.801963,Recipe_A,455da03b-a6a4-4f92-a874-dc44e968f89c,11,5.0,,,,7.56,8.03,10.77,12.35,10.51,10.56
2025-12-16T09:33:51.801963,Recipe_A,455da03b-a6a4-4f92-a874-dc44e968f89c,11,5.0,,,,13.87,8.77,8.26,10.69,12.31,9.16
2025-12-16T09:33:52.801963,Recipe_A,455da03b-a6a4-4f92-a874-dc44e968f89c,11,5.0,,,,9.25,9.62,10.09,9.57,9.02,10.1
2025-12-16T09:33:53.801963,Recipe_A,455da03b-a6a4-4f92-a874-dc44e968f89c,11,5.0,,,,12.23,10.62,9.93,14.78,9.98,10.99
2025-12-16T09:33:54.801963,Recipe_A,455da03b-a6a4-4f92-a874-dc44e968f89c,11,5.0,,,,6.56,8.71,9.97,8.2,11.95,8.16
2025-12-16T09:33:55.801963,Recipe_A,455da03b-a6a4-4f92-a874-dc44e968f89c,11,5.0,,,,9.91,8.75,5.87,10.57,8.14,10.16
2025-12-16T09:33:56.801963,Recipe_A,455da03b-a6a4-4f92-a874-dc44e968f89c,11,4.0,,,,98.89,45.0,43.68,54.31,48.84,48.0
2025-12-16T09:33:57.801963,Recipe_A,455da03b-a6a4-4f92-a874-dc44e968f89c,11,4.0,,,,105.51,45.44,45.07,54.99,46.81,44.44
2025-12-16T09:33:58.801963,Recipe_A,455da03b-a6a4-4f92-a874-dc44e968f89c,11,4.0,,,,102.94,45.14,41.64,40.24,42.84,50.93
2025-12-16T09:33:59.801963,Recipe_A,455da03b-a6a4-4f92-a874-dc44e968f89c,11,4.0,,,,94.66,57.89,48.54,50.85,40.53,49.53
2025-12-16T09:34:00.801963,Recipe_A,455da03b-a6a4-4f92-a874-dc44e968f89c,11,4.0,,,,96.05,51.32,48.24,49.66,54.9,55.32
2025-12-16T09:34:01.801963,Recipe_A,455da03b-a6a4-4f92-a874-dc44e968f89c,11,4.0,,,,107.35,53.11,47.94,43.07,59.81,57.04
2025-12-16T09:34:02.801963,Recipe_A,455da03b-a6a4-4f92-a874-dc44e968f89c,11,4.0,,,,93.17,57.0,52.44,47.47,45.06,58.0
2025-12-16T09:34:03.801963,Recipe_A,455da03b-a6a4-4f92-a874-dc44e968f89c,11,4.0,,,,94.04,55.9,45.02,45.14,41.63,55.52
2025-12-16T09:34:04.801963,Recipe_A,455da03b-a6a4-4f92-a874-dc44e968f89c,11,4.0,,,,94.26,47.78,46.28,54.42,54.05,51.41
2025-12-16T09:34:05.801963,Recipe_A,455da03b-a6a4-4f92-a874-dc44e968f89c,11,4.0,,,,88.94,48.9,44.51,55.32,47.25,50.39
2025-12-16T09:34:06.801963,Recipe_A,455da03b-a6a4-4f92-a874-dc44e968f89c,11,4.0,,,,97.81,55.39,55.63,50.32,53.5,46.52
2025-12-16T09:34:07.801963,Recipe_A,455da03b-a6a4-4f92-a874-dc44e968f89c,11,4.0,,,,101.7,47.86,54.46,60.72,52.17,52.69
2025-12-16T09:34:08.801963,Recipe_A,455da03b-a6a4-4f92-a874-dc44e968f89c,11,4.0,,,,102.59,53.14,50.32,45.76,53.28,51.96
2025-12-16T09:34:09.801963,Recipe_A,455da03b-a6a4-4f92-a874-dc44e968f89c,11,4.0,,,,97.07,52.08,53.96,50.0,38.31,51.95
2025-12-16T09:34:10.801963,Recipe_A,455da03b-a6a4-4f92-a874-dc44e968f89c,11,4.0,,,,100.87,56.92,49.27,45.53,50.67,58.09
2025-12-16T09:34:11.801963,Recipe_A,455da03b-a6a4-4f92-a874-dc44e968f89c,11,4.0,,,,94.22,45.8,49.56,41.57,52.43,49.23
2025-12-16T09:34:12.801963,Recipe_A,455da03b-a6a4-4f92-a874-dc44e968f89c,11,4.0,,,,97.88,46.96,49.71,46.77,54.63,51.1
2025-12-16T09:34:13.801963,Recipe_A,455da03b-a6a4-4f92-a874-dc44e968f89c,11,4.0,,,,94.87,45.49,47.12,51.74,56.95,47.65
2025-12-16T09:34:14.801963,Recipe_A,455da03b-a6a4-4f92-a874-dc44e968f89c,11,4.0,,,,98.84,50.53,56.05,59.65,61.05,54.06
2025-12-16T09:34:15.801963,Recipe_A,455da03b-a6a4-4f92-a874-dc44e968f89c,11,4.0,,,,100.26,52.36,53.69,39.76,57.27,56.39
2025-12-16T09:34:15.801963,Recipe_A,455da03b-a6a4-4f92-a874-dc44e968f89c,11,4.0,Warning_9,Simulated Warning occurred,Warning,,,,,,
2025-12-16T09:34:16.801963,Recipe_A,455da03b-a6a4-4f92-a874-dc44e968f89c,11,4.0,,,,94.57,51.44,50.3,49.92,51.84,54.93
2025-12-16T09:34:17.801963,Recipe_A,455da03b-a6a4-4f92-a874-dc44e968f89c,11,1.0,,,,8.71,6.24,8.94,13.69,11.53,12.6
2025-12-16T09:34:18.801963,Recipe_A,455da03b-a6a4-4f92-a874-dc44e968f89c,11,1.0,,,,8.61,9.0,8.29,9.86,10.62,9.76
2025-12-16T09:34:19.801963,Recipe_A,455da03b-a6a4-4f92-a874-dc44e968f89c,11,1.0,,,,10.89,10.03,10.89,11.08,11.06,8.28
2025-12-16T09:34:20.801963,Recipe_A,455da03b-a6a4-4f92-a874-dc44e968f89c,11,1.0,,,,10.69,12.58,8.76,9.66,8.49,10.98
2025-12-16T09:34:21.801963,Recipe_A,455da03b-a6a4-4f92-a874-dc44e968f89c,11,1.0,,,,9.65,11.78,13.01,13.81,11.57,9.71
2025-12-16T09:34:22.801963,Recipe_A,455da03b-a6a4-4f92-a874-dc44e968f89c,11,1.0,,,,7.25,9.79,9.73,10.28,12.42,10.41
2025-12-16T09:34:23.801963,Recipe_A,455da03b-a6a4-4f92-a874-dc44e968f89c,11,0.0,,,,0.0,0.0,0.0,0.0,0.0,0.0
2025-12-16T09:34:24.801963,Recipe_A,455da03b-a6a4-4f92-a874-dc44e968f89c,11,0.0,,,,0.0,0.0,0.0,0.0,0.0,0.0
2025-12-16T09:34:25.801963,Recipe_A,455da03b-a6a4-4f92-a874-dc44e968f89c,11,0.0,,,,0.0,0.0,0.0,0.0,0.0,0.0
2025-12-16T09:34:26.801963,Recipe_A,455da03b-a6a4-4f92-a874-dc44e968f89c,11,0.0,,,,0.0,0.0,0.0,0.0,0.0,0.0
2025-12-16T09:34:27.801963,Recipe_A,455da03b-a6a4-4f92-a874-dc44e968f89c,11,0.0,,,,0.0,0.0,0.0,0.0,0.0,0.0
2025-12-16T09:34:28.801963,Recipe_A,455da03b-a6a4-4f92-a874-dc44e968f89c,11,0.0,,,,0.0,0.0,0.0,0.0,0.0,0.0
2025-12-16T09:34:29.801963,Recipe_A,455da03b-a6a4-4f92-a874-dc44e968f89c,11,0.0,,,,0.0,0.0,0.0,0.0,0.0,0.0
2025-12-16T09:34:30.801963,Recipe_A,455da03b-a6a4-4f92-a874-dc44e968f89c,11,0.0,,,,0.0,0.0,0.0,0.0,0.0,0.0
2025-12-16T09:34:31.801963,Recipe_A,455da03b-a6a4-4f92-a874-dc44e968f89c,11,0.0,,,,0.0,0.0,0.0,0.0,0.0,0.0
2025-12-16T09:34:32.801963,Recipe_A,455da03b-a6a4-4f92-a874-dc44e968f89c,11,0.0,,,,0.0,0.0,0.0,0.0,0.0,0.0
2025-12-16T09:34:33.801963,Recipe_A,455da03b-a6a4-4f92-a874-dc44e968f89c,11,0.0,,,,0.0,0.0,0.0,0.0,0.0,0.0
2025-12-16T09:34:34.801963,Recipe_A,455da03b-a6a4-4f92-a874-dc44e968f89c,11,0.0,,,,0.0,0.0,0.0,0.0,0.0,0.0
2025-12-16T09:34:35.801963,Recipe_A,455da03b-a6a4-4f92-a874-dc44e968f89c,11,0.0,,,,0.0,0.0,0.0,0.0,0.0,0.0
2025-12-16T09:34:36.801963,Recipe_A,455da03b-a6a4-4f92-a874-dc44e968f89c,11,0.0,,,,0.0,0.0,0.0,0.0,0.0,0.0
2025-12-16T09:34:37.801963,Recipe_A,455da03b-a6a4-4f92-a874-dc44e968f89c,11,0.0,,,,0.0,0.0,0.0,0.0,0.0,0.0
2025-12-16T09:34:38.801963,Recipe_A,455da03b-a6a4-4f92-a874-dc44e968f89c,11,0.0,,,,0.0,0.0,0.0,0.0,0.0,0.0
2025-12-16T09:34:39.801963,Recipe_A,455da03b-a6a4-4f92-a874-dc44e968f89c,11,0.0,,,,0.0,0.0,0.0,0.0,0.0,0.0
2025-12-16T09:34:40.801963,Recipe_A,455da03b-a6a4-4f92-a874-dc44e968f89c,11,0.0,,,,0.0,0.0,0.0,0.0,0.0,0.0
2025-12-16T09:34:41.801963,Recipe_A,455da03b-a6a4-4f92-a874-dc44e968f89c,11,0.0,,,,0.0,0.0,0.0,0.0,0.0,0.0
2025-12-16T09:34:42.801963,Recipe_A,455da03b-a6a4-4f92-a874-dc44e968f89c,11,0.0,,,,0.0,0.0,0.0,0.0,0.0,0.0
2025-12-16T09:34:43.801963,Recipe_A,455da03b-a6a4-4f92-a874-dc44e968f89c,11,0.0,,,,0.0,0.0,0.0,0.0,0.0,0.0
2025-12-16T09:34:44.801963,Recipe_A,455da03b-a6a4-4f92-a874-dc44e968f89c,11,0.0,,,,0.0,0.0,0.0,0.0,0.0,0.0
2025-12-16T09:34:45.801963,Recipe_A,455da03b-a6a4-4f92-a874-dc44e968f89c,11,0.0,,,,0.0,0.0,0.0,0.0,0.0,0.0
2025-12-16T09:34:46.801963,Recipe_A,455da03b-a6a4-4f92-a874-dc44e968f89c,11,0.0,,,,0.0,0.0,0.0,0.0,0.0,0.0
2025-12-16T09:34:47.801963,Recipe_A,455da03b-a6a4-4f92-a874-dc44e968f89c,11,0.0,,,,0.0,0.0,0.0,0.0,0.0,0.0
2025-12-16T09:34:48.801963,Recipe_A,455da03b-a6a4-4f92-a874-dc44e968f89c,11,0.0,,,,0.0,0.0,0.0,0.0,0.0,0.0
2025-12-16T09:34:49.801963,Recipe_A,455da03b-a6a4-4f92-a874-dc44e968f89c,11,0.0,,,,0.0,0.0,0.0,0.0,0.0,0.0
2025-12-16T09:34:50.801963,Recipe_A,455da03b-a6a4-4f92-a874-dc44e968f89c,11,0.0,,,,0.0,0.0,0.0,0.0,0.0,0.0
2025-12-16T09:34:51.801963,Recipe_A,455da03b-a6a4-4f92-a874-dc44e968f89c,11,0.0,,,,0.0,0.0,0.0,0.0,0.0,0.0
2025-12-16T09:34:52.801963,Recipe_A,455da03b-a6a4-4f92-a874-dc44e968f89c,11,0.0,,,,0.0,0.0,0.0,0.0,0.0,0.0
2025-12-16T09:34:53.801963,Recipe_A,455da03b-a6a4-4f92-a874-dc44e968f89c,11,0.0,,,,0.0,0.0,0.0,0.0,0.0,0.0
2025-12-16T09:34:54.801963,Recipe_A,455da03b-a6a4-4f92-a874-dc44e968f89c,11,0.0,,,,0.0,0.0,0.0,0.0,0.0,0.0
2025-12-16T09:34:55.801963,Recipe_A,455da03b-a6a4-4f92-a874-dc44e968f89c,11,0.0,,,,0.0,0.0,0.0,0.0,0.0,0.0
2025-12-16T09:34:56.801963,Recipe_A,455da03b-a6a4-4f92-a874-dc44e968f89c,11,0.0,,,,0.0,0.0,0.0,0.0,0.0,0.0
2025-12-16T09:34:57.801963,Recipe_A,455da03b-a6a4-4f92-a874-dc44e968f89c,11,0.0,,,,0.0,0.0,0.0,0.0,0.0,0.0
2025-12-16T09:34:58.801963,Recipe_A,455da03b-a6a4-4f92-a874-dc44e968f89c,11,0.0,,,,0.0,0.0,0.0,0.0,0.0,0.0
2025-12-16T09:34:59.801963,Recipe_A,455da03b-a6a4-4f92-a874-dc44e968f89c,11,0.0,,,,0.0,0.0,0.0,0.0,0.0,0.0
2025-12-16T09:35:00.801963,Recipe_A,455da03b-a6a4-4f92-a874-dc44e968f89c,11,0.0,,,,0.0,0.0,0.0,0.0,0.0,0.0
2025-12-16T09:35:01.801963,Recipe_A,455da03b-a6a4-4f92-a874-dc44e968f89c,11,0.0,,,,0.0,0.0,0.0,0.0,0.0,0.0
2025-12-16T09:35:02.801963,Recipe_A,455da03b-a6a4-4f92-a874-dc44e968f89c,11,0.0,,,,0.0,0.0,0.0,0.0,0.0,0.0
2025-12-16T09:35:03.801963,Recipe_A,455da03b-a6a4-4f92-a874-dc44e968f89c,11,0.0,,,,0.0,0.0,0.0,0.0,0.0,0.0
2025-12-16T09:35:04.801963,Recipe_A,455da03b-a6a4-4f92-a874-dc44e968f89c,11,0.0,,,,0.0,0.0,0.0,0.0,0.0,0.0
2025-12-16T09:35:05.801963,Recipe_A,455da03b-a6a4-4f92-a874-dc44e968f89c,11,0.0,,,,0.0,0.0,0.0,0.0,0.0,0.0
2025-12-16T09:35:06.801963,Recipe_A,455da03b-a6a4-4f92-a874-dc44e968f89c,11,0.0,,,,0.0,0.0,0.0,0.0,0.0,0.0
2025-12-16T09:35:07.801963,Recipe_A,455da03b-a6a4-4f92-a874-dc44e968f89c,11,0.0,,,,0.0,0.0,0.0,0.0,0.0,0.0
2025-12-16T09:35:08.801963,Recipe_A,455da03b-a6a4-4f92-a874-dc44e968f89c,11,0.0,,,,0.0,0.0,0.0,0.0,0.0,0.0
2025-12-16T09:35:09.801963,Recipe_A,455da03b-a6a4-4f92-a874-dc44e968f89c,11,0.0,,,,0.0,0.0,0.0,0.0,0.0,0.0
2025-12-16T09:35:10.801963,Recipe_A,455da03b-a6a4-4f92-a874-dc44e968f89c,11,0.0,,,,0.0,0.0,0.0,0.0,0.0,0.0
2025-12-16T09:35:11.801963,Recipe_A,455da03b-a6a4-4f92-a874-dc44e968f89c,11,0.0,,,,0.0,0.0,0.0,0.0,0.0,0.0
2025-12-16T09:35:12.801963,Recipe_A,455da03b-a6a4-4f92-a874-dc44e968f89c,11,0.0,,,,0.0,0.0,0.0,0.0,0.0,0.0
2025-12-16T09:35:13.801963,Recipe_A,455da03b-a6a4-4f92-a874-dc44e968f89c,11,0.0,,,,0.0,0.0,0.0,0.0,0.0,0.0
2025-12-16T09:35:14.801963,Recipe_A,455da03b-a6a4-4f92-a874-dc44e968f89c,11,0.0,,,,0.0,0.0,0.0,0.0,0.0,0.0
2025-12-16T09:35:15.801963,Recipe_A,455da03b-a6a4-4f92-a874-dc44e968f89c,11,0.0,,,,0.0,0.0,0.0,0.0,0.0,0.0
2025-12-16T09:35:15.801963,Recipe_A,455da03b-a6a4-4f92-a874-dc44e968f89c,11,0.0,Warning_5,Simulated Warning occurred,Warning,,,,,,
2025-12-16T09:35:16.801963,Recipe_A,455da03b-a6a4-4f92-a874-dc44e968f89c,11,0.0,,,,0.0,0.0,0.0,0.0,0.0,0.0
2025-12-16T09:35:17.801963,Recipe_A,455da03b-a6a4-4f92-a874-dc44e968f89c,11,0.0,,,,0.0,0.0,0.0,0.0,0.0,0.0
2025-12-16T09:35:18.801963,Recipe_A,455da03b-a6a4-4f92-a874-dc44e968f89c,11,0.0,,,,0.0,0.0,0.0,0.0,0.0,0.0
2025-12-16T09:35:19.801963,Recipe_A,455da03b-a6a4-4f92-a874-dc44e968f89c,11,0.0,,,,0.0,0.0,0.0,0.0,0.0,0.0
2025-12-16T09:35:20.801963,Recipe_A,455da03b-a6a4-4f92-a874-dc44e968f89c,11,0.0,,,,0.0,0.0,0.0,0.0,0.0,0.0
2025-12-16T09:35:21.801963,Recipe_A,455da03b-a6a4-4f92-a874-dc44e968f89c,11,0.0,,,,0.0,0.0,0.0,0.0,0.0,0.0
2025-12-16T09:35:22.801963,Recipe_A,455da03b-a6a4-4f92-a874-dc44e968f89c,11,0.0,,,,0.0,0.0,0.0,0.0,0.0,0.0
2025-12-16T09:35:23.801963,Recipe_A,455da03b-a6a4-4f92-a874-dc44e968f89c,11,0.0,,,,0.0,0.0,0.0,0.0,0.0,0.0
2025-12-16T09:35:24.801963,Recipe_A,455da03b-a6a4-4f92-a874-dc44e968f89c,11,0.0,,,,0.0,0.0,0.0,0.0,0.0,0.0
2025-12-16T09:35:25.801963,Recipe_A,455da03b-a6a4-4f92-a874-dc44e968f89c,11,0.0,,,,0.0,0.0,0.0,0.0,0.0,0.0
2025-12-16T09:35:26.801963,Recipe_A,455da03b-a6a4-4f92-a874-dc44e968f89c,11,0.0,,,,0.0,0.0,0.0,0.0,0.0,0.0
2025-12-16T09:35:27.801963,Recipe_A,455da03b-a6a4-4f92-a874-dc44e968f89c,11,0.0,,,,0.0,0.0,0.0,0.0,0.0,0.0
2025-12-16T09:35:28.801963,Recipe_A,455da03b-a6a4-4f92-a874-dc44e968f89c,11,0.0,,,,0.0,0.0,0.0,0.0,0.0,0.0
2025-12-16T09:35:29.801963,Recipe_A,455da03b-a6a4-4f92-a874-dc44e968f89c,11,0.0,,,,0.0,0.0,0.0,0.0,0.0,0.0
2025-12-16T09:35:30.801963,Recipe_A,455da03b-a6a4-4f92-a874-dc44e968f89c,11,0.0,,,,0.0,0.0,0.0,0.0,0.0,0.0
2025-12-16T09:35:31.801963,Recipe_A,455da03b-a6a4-4f92-a874-dc44e968f89c,11,0.0,,,,0.0,0.0,0.0,0.0,0.0,0.0
2025-12-16T09:35:32.801963,Recipe_A,455da03b-a6a4-4f92-a874-dc44e968f89c,11,0.0,,,,0.0,0.0,0.0,0.0,0.0,0.0
2025-12-16T09:35:33.801963,Recipe_A,455da03b-a6a4-4f92-a874-dc44e968f89c,11,0.0,,,,0.0,0.0,0.0,0.0,0.0,0.0
2025-12-16T09:35:34.801963,Recipe_A,455da03b-a6a4-4f92-a874-dc44e968f89c,11,0.0,,,,0.0,0.0,0.0,0.0,0.0,0.0
2025-12-16T09:35:35.801963,Recipe_A,455da03b-a6a4-4f92-a874-dc44e968f89c,11,0.0,,,,0.0,0.0,0.0,0.0,0.0,0.0
2025-12-16T09:35:36.801963,Recipe_A,455da03b-a6a4-4f92-a874-dc44e968f89c,11,0.0,,,,0.0,0.0,0.0,0.0,0.0,0.0
2025-12-16T09:35:37.801963,Recipe_A,455da03b-a6a4-4f92-a874-dc44e968f89c,11,0.0,,,,0.0,0.0,0.0,0.0,0.0,0.0
2025-12-16T09:35:38.801963,Recipe_A,455da03b-a6a4-4f92-a874-dc44e968f89c,11,0.0,,,,0.0,0.0,0.0,0.0,0.0,0.0
2025-12-16T09:35:39.801963,Recipe_A,455da03b-a6a4-4f92-a874-dc44e968f89c,11,0.0,,,,0.0,0.0,0.0,0.0,0.0,0.0
2025-12-16T09:35:40.801963,Recipe_A,455da03b-a6a4-4f92-a874-dc44e968f89c,11,3.0,,,,10.83,9.44,11.5,12.3,7.22,13.31
2025-12-16T09:35:41.801963,Recipe_A,455da03b-a6a4-4f92-a874-dc44e968f89c,11,3.0,,,,10.39,10.19,7.75,11.2,7.33,7.21
2025-12-16T09:35:42.801963,Recipe_A,455da03b-a6a4-4f92-a874-dc44e968f89c,11,3.0,,,,8.56,6.16,8.15,12.01,8.6,9.42
2025-12-16T09:35:43.801963,Recipe_A,455da03b-a6a4-4f92-a874-dc44e968f89c,11,3.0,,,,9.79,10.65,9.44,10.34,8.24,9.44
2025-12-16T09:35:44.801963,Recipe_A,455da03b-a6a4-4f92-a874-dc44e968f89c,11,3.0,,,,9.34,11.37,10.91,9.63,9.99,7.52
2025-12-16T09:35:45.801963,Recipe_A,455da03b-a6a4-4f92-a874-dc44e968f89c,11,3.0,,,,8.48,10.13,10.68,6.23,9.35,8.19
2025-12-16T09:35:46.801963,Recipe_A,455da03b-a6a4-4f92-a874-dc44e968f89c,11,3.0,,,,13.01,10.3,9.27,9.25,6.44,7.44
2025-12-16T09:35:47.801963,Recipe_A,455da03b-a6a4-4f92-a874-dc44e968f89c,11,3.0,,,,9.51,11.51,9.64,9.81,13.22,10.09
2025-12-16T09:35:48.801963,Recipe_A,455da03b-a6a4-4f92-a874-dc44e968f89c,11,3.0,,,,10.91,9.07,6.9,8.27,11.65,13.33
2025-12-16T09:35:49.801963,Recipe_A,455da03b-a6a4-4f92-a874-dc44e968f89c,11,3.0,,,,9.7,8.85,10.81,12.92,10.94,10.59
2025-12-16T09:35:50.801963,Recipe_A,455da03b-a6a4-4f92-a874-dc44e968f89c,11,3.0,,,,4.74,11.4,9.78,8.71,12.46,7.1
2025-12-16T09:35:51.801963,Recipe_A,455da03b-a6a4-4f92-a874-dc44e968f89c,11,3.0,,,,11.03,10.72,11.64,9.47,10.29,8.37
2025-12-16T09:35:52.801963,Recipe_A,455da03b-a6a4-4f92-a874-dc44e968f89c,11,3.0,,,,10.7,14.23,12.63,6.63,9.94,10.57
2025-12-16T09:35:53.801963,Recipe_A,455da03b-a6a4-4f92-a874-dc44e968f89c,11,3.0,,,,11.22,7.87,7.42,14.27,10.79,11.49
2025-12-16T09:35:54.801963,Recipe_A,455da03b-a6a4-4f92-a874-dc44e968f89c,11,3.0,,,,8.85,10.44,10.66,11.1,11.26,6.13
2025-12-16T09:35:55.801963,Recipe_A,455da03b-a6a4-4f92-a874-dc44e968f89c,11,3.0,,,,11.05,13.38,9.28,9.61,9.96,11.32
2025-12-16T09:35:56.801963,Recipe_A,455da03b-a6a4-4f92-a874-dc44e968f89c,11,3.0,,,,11.33,13.5,11.2,13.48,9.98,11.76
2025-12-16T09:35:57.801963,Recipe_A,455da03b-a6a4-4f92-a874-dc44e968f89c,11,2.0,,,,11.99,8.16,11.57,10.92,13.21,12.48
2025-12-16T09:35:58.801963,Recipe_A,455da03b-a6a4-4f92-a874-dc44e968f89c,11,2.0,,,,8.88,11.71,10.8,11.44,7.69,8.72
2025-12-16T09:35:59.801963,Recipe_A,455da03b-a6a4-4f92-a874-dc44e968f89c,11,2.0,,,,10.17,10.15,12.26,9.51,7.52,8.6
2025-12-16T09:36:00.801963,Recipe_A,455da03b-a6a4-4f92-a874-dc44e968f89c,11,2.0,,,,7.31,8.39,6.11,12.16,15.59,5.39
2025-12-16T09:36:01.801963,Recipe_A,455da03b-a6a4-4f92-a874-dc44e968f89c,11,2.0,,,,12.19,8.81,11.61,10.7,8.51,6.77
2025-12-16T09:36:02.801963,Recipe_A,455da03b-a6a4-4f92-a874-dc44e968f89c,11,2.0,,,,9.98,8.82,6.05,11.75,12.81,9.34
2025-12-16T09:36:03.801963,Recipe_A,455da03b-a6a4-4f92-a874-dc44e968f89c,11,2.0,,,,9.54,11.63,7.66,13.43,9.85,5.67
2025-12-16T09:36:04.801963,Recipe_A,455da03b-a6a4-4f92-a874-dc44e968f89c,11,2.0,,,,12.22,10.42,11.77,8.23,9.24,10.48
2025-12-16T09:36:05.801963,Recipe_A,455da03b-a6a4-4f92-a874-dc44e968f89c,11,2.0,,,,11.68,6.39,7.98,10.14,9.98,15.42
2025-12-16T09:36:06.801963,Recipe_A,455da03b-a6a4-4f92-a874-dc44e968f89c,11,2.0,,,,12.04,6.89,15.2,10.35,9.98,13.84
2025-12-16T09:36:07.801963,Recipe_A,455da03b-a6a4-4f92-a874-dc44e968f89c,11,2.0,,,,12.58,9.57,11.05,13.68,8.99,10.03
2025-12-16T09:36:08.801963,Recipe_A,455da03b-a6a4-4f92-a874-dc44e968f89c,11,2.0,,,,11.58,10.96,9.92,8.74,7.69,7.67
2025-12-16T09:36:09.801963,Recipe_A,455da03b-a6a4-4f92-a874-dc44e968f89c,11,1.0,,,,10.64,5.98,13.25,13.52,10.55,7.83
2025-12-16T09:36:10.801963,Recipe_A,455da03b-a6a4-4f92-a874-dc44e968f89c,11,1.0,,,,8.34,8.68,11.05,12.21,9.0,11.69
2025-12-16T09:36:11.801963,Recipe_A,455da03b-a6a4-4f92-a874-dc44e968f89c,11,1.0,,,,10.49,10.07,12.99,8.78,10.02,9.13
2025-12-16T09:36:12.801963,Recipe_A,455da03b-a6a4-4f92-a874-dc44e968f89c,11,1.0,,,,9.06,8.88,6.2,9.6,9.72,9.15
2025-12-16T09:36:13.801963,Recipe_A,455da03b-a6a4-4f92-a874-dc44e968f89c,11,1.0,,,,13.25,9.03,8.45,9.25,7.42,12.39
2025-12-16T09:36:14.801963,Recipe_A,455da03b-a6a4-4f92-a874-dc44e968f89c,11,1.0,,,,10.77,9.53,11.24,9.06,7.76,11.67
2025-12-16T09:36:15.801963,Recipe_A,455da03b-a6a4-4f92-a874-dc44e968f89c,11,1.0,,,,11.29,10.87,6.15,11.85,11.35,12.84
2025-12-16T09:36:16.801963,Recipe_A,455da03b-a6a4-4f92-a874-dc44e968f89c,11,1.0,,,,11.19,11.68,10.85,9.64,9.54,11.37
2025-12-16T09:36:17.801963,Recipe_A,455da03b-a6a4-4f92-a874-dc44e968f89c,11,1.0,,,,5.36,10.58,9.99,12.88,8.74,11.8
2025-12-16T09:36:18.801963,Recipe_A,455da03b-a6a4-4f92-a874-dc44e968f89c,11,1.0,,,,11.88,8.58,10.57,8.31,11.27,13.28
2025-12-16T09:36:19.801963,Recipe_A,455da03b-a6a4-4f92-a874-dc44e968f89c,11,1.0,,,,10.81,9.87,12.15,11.46,7.07,12.84
2025-12-16T09:36:20.801963,Recipe_A,455da03b-a6a4-4f92-a874-dc44e968f89c,11,1.0,,,,7.17,11.15,11.67,5.79,11.37,10.63
2025-12-16T09:36:21.801963,Recipe_A,455da03b-a6a4-4f92-a874-dc44e968f89c,11,5.0,,,,10.97,13.17,8.07,10.42,6.85,9.89
2025-12-16T09:36:22.801963,Recipe_A,455da03b-a6a4-4f92-a874-dc44e968f89c,11,5.0,,,,11.28,11.42,12.01,8.75,9.03,10.66
2025-12-16T09:36:23.801963,Recipe_A,455da03b-a6a4-4f92-a874-dc44e968f89c,11,5.0,,,,12.68,5.69,9.25,10.47,9.73,9.91
2025-12-16T09:36:24.801963,Recipe_A,455da03b-a6a4-4f92-a874-dc44e968f89c,11,5.0,,,,10.36,9.79,9.87,9.7,14.23,9.04
2025-12-16T09:36:25.801963,Recipe_A,455da03b-a6a4-4f92-a874-dc44e968f89c,11,5.0,,,,10.23,9.5,8.15,12.3,10.24,8.56
2025-12-16T09:36:26.801963,Recipe_A,455da03b-a6a4-4f92-a874-dc44e968f89c,11,5.0,,,,11.13,12.16,8.82,10.11,11.27,6.5
2025-12-16T09:36:27.801963,Recipe_A,455da03b-a6a4-4f92-a874-dc44e968f89c,11,2.0,,,,11.03,8.15,11.67,13.11,9.97,7.09
2025-12-16T09:36:28.801963,Recipe_A,455da03b-a6a4-4f92-a874-dc44e968f89c,11,2.0,,,,10.7,9.77,12.04,11.1,13.67,11.01
2025-12-16T09:36:29.801963,Recipe_A,455da03b-a6a4-4f92-a874-dc44e968f89c,11,2.0,,,,9.31,7.21,12.71,5.66,9.52,7.41
2025-12-16T09:36:30.801963,Recipe_A,455da03b-a6a4-4f92-a874-dc44e968f89c,11,2.0,,,,9.69,10.47,10.96,10.24,9.49,13.21
2025-12-16T09:36:31.801963,Recipe_A,455da03b-a6a4-4f92-a874-dc44e968f89c,11,2.0,,,,9.37,9.39,0.64,13.96,12.93,10.21
2025-12-16T09:36:32.801963,Recipe_A,455da03b-a6a4-4f92-a874-dc44e968f89c,11,2.0,,,,13.9,10.63,10.56,8.75,11.05,6.39
2025-12-16T09:36:33.801963,Recipe_A,455da03b-a6a4-4f92-a874-dc44e968f89c,11,2.0,,,,8.22,9.14,8.15,10.22,9.02,8.47
2025-12-16T09:36:33.801963,Recipe_A,455da03b-a6a4-4f92-a874-dc44e968f89c,11,2.0,Warning_3,Simulated Warning occurred,Warning,,,,,,
2025-12-16T09:36:34.801963,Recipe_A,455da03b-a6a4-4f92-a874-dc44e968f89c,11,2.0,,,,11.91,10.44,7.95,6.78,10.88,11.2
2025-12-16T09:36:35.801963,Recipe_A,455da03b-a6a4-4f92-a874-dc44e968f89c,11,2.0,,,,8.07,9.49,9.41,11.33,7.82,10.87
2025-12-16T09:36:36.801963,Recipe_A,455da03b-a6a4-4f92-a874-dc44e968f89c,11,2.0,,,,13.81,10.14,8.82,14.22,10.62,8.93
2025-12-16T09:36:37.801963,Recipe_A,455da03b-a6a4-4f92-a874-dc44e968f89c,11,2.0,,,,8.65,11.71,10.83,7.85,14.3,9.17
2025-12-16T09:36:38.801963,Recipe_A,455da03b-a6a4-4f92-a874-dc44e968f89c,11,2.0,,,,10.05,12.41,7.03,9.71,8.64,9.53
2025-12-16T09:36:39.801963,Recipe_A,455da03b-a6a4-4f92-a874-dc44e968f89c,11,2.0,,,,12.75,11.19,8.77,9.34,9.93,11.92
2025-12-16T09:36:40.801963,Recipe_A,455da03b-a6a4-4f92-a874-dc44e968f89c,11,2.0,,,,8.07,8.78,9.75,11.92,7.62,9.39
2025-12-16T09:36:41.801963,Recipe_A,455da03b-a6a4-4f92-a874-dc44e968f89c,11,2.0,,,,10.02,11.17,9.45,10.88,8.46,5.72
2025-12-16T09:36:42.801963,Recipe_A,455da03b-a6a4-4f92-a874-dc44e968f89c,11,2.0,,,,9.29,11.93,8.12,8.88,8.59,12.14
2025-12-16T09:36:43.801963,Recipe_A,455da03b-a6a4-4f92-a874-dc44e968f89c,11,2.0,,,,11.13,0.98,10.98,11.34,11.14,14.7
2025-12-16T09:36:44.801963,Recipe_A,455da03b-a6a4-4f92-a874-dc44e968f89c,11,2.0,,,,8.42,12.71,10.07,9.92,13.75,8.01
2025-12-16T09:36:45.801963,Recipe_A,455da03b-a6a4-4f92-a874-dc44e968f89c,11,2.0,,,,8.33,6.86,10.73,9.26,12.18,7.9
2025-12-16T09:36:46.801963,Recipe_A,455da03b-a6a4-4f92-a874-dc44e968f89c,11,2.0,,,,10.67,11.95,11.55,10.39,11.88,10.69
2025-12-16T09:36:47.801963,Recipe_A,455da03b-a6a4-4f92-a874-dc44e968f89c,11,2.0,,,,7.96,7.77,16.11,9.84,10.18,13.32
2025-12-16T09:36:48.801963,Recipe_A,455da03b-a6a4-4f92-a874-dc44e968f89c,11,2.0,,,,11.31,8.53,11.85,13.07,7.56,11.52
2025-12-16T09:36:49.801963,Recipe_A,455da03b-a6a4-4f92-a874-dc44e968f89c,11,1.0,,,,9.24,11.45,10.03,8.39,12.22,10.64
2025-12-16T09:36:50.801963,Recipe_A,455da03b-a6a4-4f92-a874-dc44e968f89c,11,1.0,,,,12.44,9.33,11.25,9.32,9.95,8.45
2025-12-16T09:36:51.801963,Recipe_A,455da03b-a6a4-4f92-a874-dc44e968f89c,11,1.0,,,,8.8,7.13,8.88,6.47,9.19,8.33
2025-12-16T09:36:52.801963,Recipe_A,455da03b-a6a4-4f92-a874-dc44e968f89c,11,1.0,,,,8.94,8.27,6.49,9.24,9.99,8.63
2025-12-16T09:36:53.801963,Recipe_A,455da03b-a6a4-4f92-a874-dc44e968f89c,11,1.0,,,,8.63,7.43,10.45,10.16,9.45,9.43
2025-12-16T09:36:54.801963,Recipe_A,455da03b-a6a4-4f92-a874-dc44e968f89c,11,1.0,,,,8.46,9.49,11.58,11.02,6.21,10.97
2025-12-16T09:36:55.801963,Recipe_A,455da03b-a6a4-4f92-a874-dc44e968f89c,11,1.0,,,,11.01,8.17,9.67,10.99,12.99,12.0
2025-12-16T09:36:56.801963,Recipe_A,455da03b-a6a4-4f92-a874-dc44e968f89c,11,1.0,,,,11.09,9.68,6.52,10.4,12.87,13.8
2025-12-16T09:36:57.801963,Recipe_A,455da03b-a6a4-4f92-a874-dc44e968f89c,11,1.0,,,,10.94,12.62,10.08,13.89,13.35,9.4
2025-12-16T09:36:58.801963,Recipe_A,455da03b-a6a4-4f92-a874-dc44e968f89c,11,1.0,,,,9.83,8.95,9.51,9.15,7.21,7.81
2025-12-16T09:36:59.801963,Recipe_A,455da03b-a6a4-4f92-a874-dc44e968f89c,11,1.0,,,,13.83,8.32,10.81,7.9,11.05,10.99
2025-12-16T09:37:00.801963,Recipe_A,455da03b-a6a4-4f92-a874-dc44e968f89c,11,1.0,,,,11.61,10.53,12.37,12.3,10.59,10.89
2025-12-16T09:37:01.801963,Recipe_A,455da03b-a6a4-4f92-a874-dc44e968f89c,11,1.0,,,,9.75,12.13,10.3,7.99,6.89,7.83
2025-12-16T09:37:02.801963,Recipe_A,455da03b-a6a4-4f92-a874-dc44e968f89c,11,1.0,,,,9.16,10.4,8.82,7.27,7.59,10.35
2025-12-16T09:37:03.801963,Recipe_A,455da03b-a6a4-4f92-a874-dc44e968f89c,11,1.0,,,,6.67,6.28,4.65,9.83,9.92,7.08
2025-12-16T09:37:04.801963,Recipe_A,455da03b-a6a4-4f92-a874-dc44e968f89c,11,1.0,,,,8.92,7.03,10.77,9.67,10.37,13.08
2025-12-16T09:37:05.801963,Recipe_A,455da03b-a6a4-4f92-a874-dc44e968f89c,11,1.0,,,,10.49,9.04,10.01,10.57,11.32,7.73
2025-12-16T09:37:06.801963,Recipe_A,455da03b-a6a4-4f92-a874-dc44e968f89c,11,1.0,,,,7.94,8.94,9.85,11.23,8.23,9.52
2025-12-16T09:37:07.801963,Recipe_A,455da03b-a6a4-4f92-a874-dc44e968f89c,11,1.0,,,,9.97,10.18,11.62,9.2,8.13,5.98
2025-12-16T09:37:08.801963,Recipe_A,455da03b-a6a4-4f92-a874-dc44e968f89c,11,1.0,,,,9.15,7.1,11.1,10.36,8.63,7.85
2025-12-16T09:37:09.801963,Recipe_A,455da03b-a6a4-4f92-a874-dc44e968f89c,11,1.0,,,,8.5,8.66,12.91,11.57,11.39,11.37
2025-12-16T09:37:10.801963,Recipe_A,455da03b-a6a4-4f92-a874-dc44e968f89c,11,1.0,,,,11.76,14.05,9.18,10.3,9.68,10.42
2025-12-16T09:37:11.801963,Recipe_A,455da03b-a6a4-4f92-a874-dc44e968f89c,11,1.0,,,,9.91,9.95,10.44,7.69,11.78,10.35
2025-12-16T09:37:12.801963,Recipe_A,455da03b-a6a4-4f92-a874-dc44e968f89c,11,1.0,,,,13.12,9.52,15.18,8.33,8.24,10.36
2025-12-16T09:37:13.801963,Recipe_A,455da03b-a6a4-4f92-a874-dc44e968f89c,11,1.0,,,,8.64,12.36,8.41,13.61,8.48,12.38
2025-12-16T09:37:14.801963,Recipe_A,455da03b-a6a4-4f92-a874-dc44e968f89c,11,1.0,,,,12.05,10.7,13.09,11.94,9.42,6.02
2025-12-16T09:37:15.801963,Recipe_A,455da03b-a6a4-4f92-a874-dc44e968f89c,11,1.0,,,,13.04,8.92,11.6,8.89,11.4,6.96
2025-12-16T09:37:16.801963,Recipe_A,455da03b-a6a4-4f92-a874-dc44e968f89c,11,1.0,,,,11.15,10.52,6.32,7.72,9.54,10.32
2025-12-16T09:37:17.801963,Recipe_A,455da03b-a6a4-4f92-a874-dc44e968f89c,11,1.0,,,,11.61,10.3,10.72,11.22,12.23,11.75
2025-12-16T09:37:18.801963,Recipe_A,455da03b-a6a4-4f92-a874-dc44e968f89c,11,5.0,,,,11.39,8.32,10.75,10.22,6.33,11.42
2025-12-16T09:37:19.801963,Recipe_A,455da03b-a6a4-4f92-a874-dc44e968f89c,11,5.0,,,,7.94,11.52,6.42,12.68,11.44,10.94
2025-12-16T09:37:20.801963,Recipe_A,455da03b-a6a4-4f92-a874-dc44e968f89c,11,5.0,,,,10.97,10.76,10.01,11.5,8.46,9.05
2025-12-16T09:37:21.801963,Recipe_A,455da03b-a6a4-4f92-a874-dc44e968f89c,11,5.0,,,,9.46,8.69,11.21,9.91,13.13,11.89
2025-12-16T09:37:21.801963,Recipe_A,455da03b-a6a4-4f92-a874-dc44e968f89c,11,5.0,Warning_3,Simulated Warning occurred,Warning,,,,,,
2025-12-16T09:37:22.801963,Recipe_A,455da03b-a6a4-4f92-a874-dc44e968f89c,11,5.0,,,,6.9,10.86,10.48,9.75,7.88,8.86
2025-12-16T09:37:23.801963,Recipe_A,455da03b-a6a4-4f92-a874-dc44e968f89c,11,5.0,,,,13.93,7.92,8.09,9.22,8.52,10.47
2025-12-16T09:37:24.801963,Recipe_A,455da03b-a6a4-4f92-a874-dc44e968f89c,11,5.0,,,,9.08,8.57,8.73,8.07,9.51,8.0
2025-12-16T09:37:25.801963,Recipe_A,455da03b-a6a4-4f92-a874-dc44e968f89c,11,5.0,,,,8.72,6.53,9.07,9.06,4.65,9.61
2025-12-16T09:37:26.801963,Recipe_A,455da03b-a6a4-4f92-a874-dc44e968f89c,11,5.0,,,,7.73,11.09,10.85,8.86,6.82,5.91
2025-12-16T09:37:27.801963,Recipe_A,455da03b-a6a4-4f92-a874-dc44e968f89c,11,5.0,,,,7.36,7.82,10.55,9.92,9.29,13.83
2025-12-16T09:37:28.801963,Recipe_A,455da03b-a6a4-4f92-a874-dc44e968f89c,11,5.0,,,,6.06,9.39,8.59,11.04,8.62,11.97
2025-12-16T09:37:29.801963,Recipe_A,455da03b-a6a4-4f92-a874-dc44e968f89c,11,5.0,,,,10.46,7.32,7.47,7.84,9.53,8.93
2025-12-16T09:37:30.801963,Recipe_A,455da03b-a6a4-4f92-a874-dc44e968f89c,11,5.0,,,,8.94,7.53,12.06,9.48,11.58,12.33
2025-12-16T09:37:31.801963,Recipe_A,455da03b-a6a4-4f92-a874-dc44e968f89c,11,2.0,,,,7.17,12.29,10.45,10.75,11.01,8.26
2025-12-16T09:37:32.801963,Recipe_A,455da03b-a6a4-4f92-a874-dc44e968f89c,11,2.0,,,,10.81,7.7,11.21,7.72,7.8,12.24
2025-12-16T09:37:33.801963,Recipe_A,455da03b-a6a4-4f92-a874-dc44e968f89c,11,2.0,,,,8.98,13.26,10.2,11.85,7.06,13.98
2025-12-16T09:37:34.801963,Recipe_A,455da03b-a6a4-4f92-a874-dc44e968f89c,11,2.0,,,,15.81,8.53,10.47,9.36,12.3,6.73
2025-12-16T09:37:35.801963,Recipe_A,455da03b-a6a4-4f92-a874-dc44e968f89c,11,2.0,,,,10.39,13.24,11.93,13.31,10.4,8.7
2025-12-16T09:37:36.801963,Recipe_A,455da03b-a6a4-4f92-a874-dc44e968f89c,11,2.0,,,,4.44,8.33,9.34,10.16,9.36,12.35
2025-12-16T09:37:37.801963,Recipe_A,455da03b-a6a4-4f92-a874-dc44e968f89c,11,2.0,,,,10.06,11.36,12.89,8.15,7.35,8.46
2025-12-16T09:37:38.801963,Recipe_A,455da03b-a6a4-4f92-a874-dc44e968f89c,11,2.0,,,,5.26,9.3,9.57,9.97,11.28,6.85
2025-12-16T09:37:39.801963,Recipe_A,455da03b-a6a4-4f92-a874-dc44e968f89c,11,2.0,,,,6.82,11.93,9.45,10.0,9.52,9.8
2025-12-16T09:37:40.801963,Recipe_A,455da03b-a6a4-4f92-a874-dc44e968f89c,11,2.0,,,,8.65,10.86,7.68,12.03,12.56,10.19
2025-12-16T09:37:41.801963,Recipe_A,455da03b-a6a4-4f92-a874-dc44e968f89c,11,2.0,,,,8.95,8.97,13.57,9.82,10.26,11.53
2025-12-16T09:37:42.801963,Recipe_A,455da03b-a6a4-4f92-a874-dc44e968f89c,11,2.0,,,,10.18,10.08,6.24,12.85,11.63,10.49
2025-12-16T09:37:43.801963,Recipe_A,455da03b-a6a4-4f92-a874-dc44e968f89c,11,2.0,,,,10.84,9.46,8.24,7.31,9.9,8.18
2025-12-16T09:37:44.801963,Recipe_A,455da03b-a6a4-4f92-a874-dc44e968f89c,11,2.0,,,,12.71,7.68,8.22,6.18,10.85,7.99
2025-12-16T09:37:45.801963,Recipe_A,455da03b-a6a4-4f92-a874-dc44e968f89c,11,2.0,,,,11.33,9.21,7.6,13.69,12.12,13.71
2025-12-16T09:37:46.801963,Recipe_A,455da03b-a6a4-4f92-a874-dc44e968f89c,11,2.0,,,,10.09,9.68,10.27,12.68,8.29,12.7
2025-12-16T09:37:47.801963,Recipe_A,455da03b-a6a4-4f92-a874-dc44e968f89c,11,2.0,,,,9.62,7.67,10.1,10.09,7.09,12.9
2025-12-16T09:37:48.801963,Recipe_A,455da03b-a6a4-4f92-a874-dc44e968f89c,11,2.0,,,,8.81,8.77,9.67,9.12,10.36,10.72
2025-12-16T09:37:49.801963,Recipe_A,455da03b-a6a4-4f92-a874-dc44e968f89c,11,2.0,,,,10.15,8.91,8.39,11.51,10.6,12.47
2025-12-16T09:37:50.801963,Recipe_A,455da03b-a6a4-4f92-a874-dc44e968f89c,11,2.0,,,,9.22,9.8,10.7,10.35,9.09,9.37
2025-12-16T09:37:51.801963,Recipe_A,455da03b-a6a4-4f92-a874-dc44e968f89c,11,2.0,,,,9.74,9.08,12.81,6.28,11.3,5.42
2025-12-16T09:37:52.801963,Recipe_A,455da03b-a6a4-4f92-a874-dc44e968f89c,11,2.0,,,,8.42,12.04,8.49,9.34,8.28,7.91
2025-12-16T09:37:53.801963,Recipe_A,455da03b-a6a4-4f92-a874-dc44e968f89c,11,2.0,,,,9.15,9.57,12.18,13.89,10.36,7.64
2025-12-16T09:37:54.801963,Recipe_A,455da03b-a6a4-4f92-a874-dc44e968f89c,11,2.0,,,,7.47,7.35,10.3,8.9,10.66,8.04
2025-12-16T09:37:55.801963,Recipe_A,455da03b-a6a4-4f92-a874-dc44e968f89c,11,2.0,,,,10.92,8.51,11.8,10.55,10.98,10.55
2025-12-16T09:37:56.801963,Recipe_A,455da03b-a6a4-4f92-a874-dc44e968f89c,11,2.0,,,,11.13,9.0,7.27,10.04,8.08,13.02
2025-12-16T09:37:57.801963,Recipe_A,455da03b-a6a4-4f92-a874-dc44e968f89c,11,2.0,,,,8.35,9.04,8.58,7.5,13.82,12.18
2025-12-16T09:37:58.801963,Recipe_A,455da03b-a6a4-4f92-a874-dc44e968f89c,11,2.0,,,,8.49,9.86,7.08,9.89,9.91,10.42
2025-12-16T09:37:59.801963,Recipe_A,455da03b-a6a4-4f92-a874-dc44e968f89c,11,2.0,,,,10.57,12.03,11.87,8.59,9.95,14.54
2025-12-16T09:38:00.801963,Recipe_A,455da03b-a6a4-4f92-a874-dc44e968f89c,11,0.0,,,,0.0,0.0,0.0,0.0,0.0,0.0
2025-12-16T09:38:01.801963,Recipe_A,455da03b-a6a4-4f92-a874-dc44e968f89c,11,0.0,,,,0.0,0.0,0.0,0.0,0.0,0.0
2025-12-16T09:38:02.801963,Recipe_A,455da03b-a6a4-4f92-a874-dc44e968f89c,11,0.0,,,,0.0,0.0,0.0,0.0,0.0,0.0
2025-12-16T09:38:03.801963,Recipe_A,455da03b-a6a4-4f92-a874-dc44e968f89c,11,0.0,,,,0.0,0.0,0.0,0.0,0.0,0.0
2025-12-16T09:38:04.801963,Recipe_A,455da03b-a6a4-4f92-a874-dc44e968f89c,11,0.0,,,,0.0,0.0,0.0,0.0,0.0,0.0
2025-12-16T09:38:05.801963,Recipe_A,455da03b-a6a4-4f92-a874-dc44e968f89c,11,1.0,,,,10.78,12.09,11.47,11.6,11.63,11.79
2025-12-16T09:38:06.801963,Recipe_A,455da03b-a6a4-4f92-a874-dc44e968f89c,11,1.0,,,,11.15,11.1,9.71,8.85,10.17,9.6
2025-12-16T09:38:07.801963,Recipe_A,455da03b-a6a4-4f92-a874-dc44e968f89c,11,1.0,,,,8.77,6.76,13.54,14.18,7.36,13.0
2025-12-16T09:38:08.801963,Recipe_A,455da03b-a6a4-4f92-a874-dc44e968f89c,11,1.0,,,,9.75,11.56,10.75,8.69,8.95,6.0
2025-12-16T09:38:09.801963,Recipe_A,455da03b-a6a4-4f92-a874-dc44e968f89c,11,1.0,,,,7.36,10.12,8.72,11.53,7.01,10.76
2025-12-16T09:38:10.801963,Recipe_A,455da03b-a6a4-4f92-a874-dc44e968f89c,11,1.0,,,,13.56,8.38,10.95,6.02,7.16,6.64
2025-12-16T09:38:11.801963,Recipe_A,455da03b-a6a4-4f92-a874-dc44e968f89c,11,3.0,,,,11.36,11.23,11.47,7.74,7.39,12.66
2025-12-16T09:38:12.801963,Recipe_A,455da03b-a6a4-4f92-a874-dc44e968f89c,11,3.0,,,,11.04,12.58,3.93,9.36,13.19,8.41
2025-12-16T09:38:13.801963,Recipe_A,455da03b-a6a4-4f92-a874-dc44e968f89c,11,3.0,,,,8.66,10.94,11.14,10.79,9.6,6.93
2025-12-16T09:38:14.801963,Recipe_A,455da03b-a6a4-4f92-a874-dc44e968f89c,11,3.0,,,,8.79,10.06,7.47,8.99,10.37,9.56
2025-12-16T09:38:15.801963,Recipe_A,455da03b-a6a4-4f92-a874-dc44e968f89c,11,3.0,,,,8.35,8.17,8.56,9.94,9.92,10.14
2025-12-16T09:38:16.801963,Recipe_A,455da03b-a6a4-4f92-a874-dc44e968f89c,11,3.0,,,,11.48,9.76,10.81,5.85,11.04,7.42
2025-12-16T09:38:17.801963,Recipe_A,455da03b-a6a4-4f92-a874-dc44e968f89c,11,3.0,,,,5.79,11.14,9.27,10.7,10.42,13.63
2025-12-16T09:38:18.801963,Recipe_A,455da03b-a6a4-4f92-a874-dc44e968f89c,11,3.0,,,,8.57,14.07,11.97,11.44,8.83,10.64
2025-12-16T09:38:19.801963,Recipe_A,455da03b-a6a4-4f92-a874-dc44e968f89c,11,3.0,,,,9.39,11.89,12.05,8.61,8.99,8.18
2025-12-16T09:38:20.801963,Recipe_A,455da03b-a6a4-4f92-a874-dc44e968f89c,11,3.0,,,,14.2,9.18,8.88,12.47,12.39,9.7
2025-12-16T09:38:21.801963,Recipe_A,455da03b-a6a4-4f92-a874-dc44e968f89c,11,3.0,,,,14.3,7.92,10.95,12.91,9.39,13.26
2025-12-16T09:38:22.801963,Recipe_A,455da03b-a6a4-4f92-a874-dc44e968f89c,11,3.0,,,,9.45,8.98,8.27,8.4,11.62,10.8
2025-12-16T09:38:23.801963,Recipe_A,455da03b-a6a4-4f92-a874-dc44e968f89c,11,3.0,,,,9.28,7.2,5.19,7.31,8.94,9.6
2025-12-16T09:38:24.801963,Recipe_A,455da03b-a6a4-4f92-a874-dc44e968f89c,11,3.0,,,,9.71,8.65,9.94,7.96,10.39,11.91
2025-12-16T09:38:25.801963,Recipe_A,455da03b-a6a4-4f92-a874-dc44e968f89c,11,3.0,,,,8.6,11.4,12.57,10.57,6.79,10.29
2025-12-16T09:38:26.801963,Recipe_A,455da03b-a6a4-4f92-a874-dc44e968f89c,11,3.0,,,,9.68,12.2,13.62,8.7,10.95,10.35
2025-12-16T09:38:27.801963,Recipe_A,455da03b-a6a4-4f92-a874-dc44e968f89c,11,3.0,,,,13.09,10.27,10.87,10.51,8.02,12.86
2025-12-16T09:38:28.801963,Recipe_A,455da03b-a6a4-4f92-a874-dc44e968f89c,11,3.0,,,,14.23,9.03,8.18,6.58,9.03,7.55
2025-12-16T09:38:29.801963,Recipe_A,455da03b-a6a4-4f92-a874-dc44e968f89c,11,3.0,,,,10.39,11.04,11.67,11.35,6.5,14.6
2025-12-16T09:38:30.801963,Recipe_A,455da03b-a6a4-4f92-a874-dc44e968f89c,11,3.0,,,,9.72,13.58,10.14,7.52,7.55,7.88
2025-12-16T09:38:31.801963,Recipe_A,455da03b-a6a4-4f92-a874-dc44e968f89c,11,3.0,,,,10.37,10.47,9.27,13.34,8.44,12.04
2025-12-16T09:38:32.801963,Recipe_A,455da03b-a6a4-4f92-a874-dc44e968f89c,11,3.0,,,,10.85,8.8,8.47,10.53,10.75,5.18
2025-12-16T09:38:33.801963,Recipe_A,455da03b-a6a4-4f92-a874-dc44e968f89c,11,3.0,,,,11.51,9.96,13.27,10.53,11.88,8.28
2025-12-16T09:38:34.801963,Recipe_A,455da03b-a6a4-4f92-a874-dc44e968f89c,11,3.0,,,,8.01,8.61,9.41,9.73,10.1,10.26
2025-12-16T09:38:35.801963,Recipe_A,455da03b-a6a4-4f92-a874-dc44e968f89c,11,3.0,,,,8.98,12.46,11.55,6.13,8.43,10.57
2025-12-16T09:38:35.801963,Recipe_A,455da03b-a6a4-4f92-a874-dc44e968f89c,11,3.0,Warning_7,Simulated Warning occurred,Warning,,,,,,
2025-12-16T09:38:36.801963,Recipe_A,455da03b-a6a4-4f92-a874-dc44e968f89c,11,3.0,,,,13.2,9.76,9.31,6.91,10.28,10.18
2025-12-16T09:38:37.801963,Recipe_A,455da03b-a6a4-4f92-a874-dc44e968f89c,11,3.0,,,,9.21,10.45,11.77,7.85,10.03,14.01
2025-12-16T09:38:38.801963,Recipe_A,455da03b-a6a4-4f92-a874-dc44e968f89c,11,3.0,,,,10.91,9.29,13.07,12.09,10.5,5.76
2025-12-16T09:38:39.801963,Recipe_A,455da03b-a6a4-4f92-a874-dc44e968f89c,11,3.0,,,,11.19,6.73,7.74,5.81,9.91,7.45
2025-12-16T09:38:40.801963,Recipe_A,455da03b-a6a4-4f92-a874-dc44e968f89c,11,3.0,,,,12.62,9.13,10.16,11.81,8.94,11.07
2025-12-16T09:38:41.801963,Recipe_A,455da03b-a6a4-4f92-a874-dc44e968f89c,11,3.0,,,,7.89,7.7,9.02,9.55,8.3,10.91
2025-12-16T09:38:42.801963,Recipe_A,455da03b-a6a4-4f92-a874-dc44e968f89c,11,3.0,,,,12.15,12.9,11.27,6.36,10.73,12.42
2025-12-16T09:38:43.801963,Recipe_A,455da03b-a6a4-4f92-a874-dc44e968f89c,11,3.0,,,,14.72,8.48,12.34,8.9,10.95,9.35
2025-12-16T09:38:44.801963,Recipe_A,455da03b-a6a4-4f92-a874-dc44e968f89c,11,3.0,,,,9.67,9.71,7.99,10.16,10.81,8.36
2025-12-16T09:38:45.801963,Recipe_A,455da03b-a6a4-4f92-a874-dc44e968f89c,11,3.0,,,,8.41,9.69,8.86,9.93,9.89,13.25
2025-12-16T09:38:46.801963,Recipe_A,455da03b-a6a4-4f92-a874-dc44e968f89c,11,3.0,,,,7.37,11.13,11.19,8.68,12.64,10.66
2025-12-16T09:38:47.801963,Recipe_A,455da03b-a6a4-4f92-a874-dc44e968f89c,11,3.0,,,,11.01,11.46,11.12,9.19,11.11,10.96
2025-12-16T09:38:48.801963,Recipe_A,455da03b-a6a4-4f92-a874-dc44e968f89c,11,3.0,,,,9.41,8.97,10.7,11.9,11.5,8.19
2025-12-16T09:38:49.801963,Recipe_A,455da03b-a6a4-4f92-a874-dc44e968f89c,11,3.0,,,,10.75,10.25,14.72,10.08,8.39,12.45
2025-12-16T09:38:50.801963,Recipe_A,455da03b-a6a4-4f92-a874-dc44e968f89c,11,3.0,,,,12.1,9.88,8.1,11.9,14.12,7.76
2025-12-16T09:38:51.801963,Recipe_A,455da03b-a6a4-4f92-a874-dc44e968f89c,11,3.0,,,,10.65,9.36,9.86,14.01,10.87,6.33
2025-12-16T09:38:52.801963,Recipe_A,455da03b-a6a4-4f92-a874-dc44e968f89c,11,3.0,,,,9.9,12.13,10.81,7.91,11.27,11.68
2025-12-16T09:38:53.801963,Recipe_A,455da03b-a6a4-4f92-a874-dc44e968f89c,11,3.0,,,,10.32,8.21,12.01,7.2,10.18,9.62
2025-12-16T09:38:54.801963,Recipe_A,455da03b-a6a4-4f92-a874-dc44e968f89c,11,3.0,,,,8.32,8.75,10.62,9.39,5.9,11.94
2025-12-16T09:38:55.801963,Recipe_A,455da03b-a6a4-4f92-a874-dc44e968f89c,11,3.0,,,,7.18,10.66,7.26,10.39,9.0,9.9
2025-12-16T09:38:56.801963,Recipe_A,455da03b-a6a4-4f92-a874-dc44e968f89c,11,3.0,,,,11.23,8.57,10.69,10.46,13.49,6.11
2025-12-16T09:38:57.801963,Recipe_A,455da03b-a6a4-4f92-a874-dc44e968f89c,11,3.0,,,,12.37,10.25,8.39,13.34,12.52,9.6
2025-12-16T09:38:58.801963,Recipe_A,455da03b-a6a4-4f92-a874-dc44e968f89c,11,3.0,,,,6.94,11.51,8.35,9.93,8.54,12.02
2025-12-16T09:38:59.801963,Recipe_A,455da03b-a6a4-4f92-a874-dc44e968f89c,11,3.0,,,,9.37,8.15,8.61,7.9,13.76,11.95
2025-12-16T09:39:00.801963,Recipe_A,455da03b-a6a4-4f92-a874-dc44e968f89c,11,3.0,,,,7.96,12.69,9.7,8.7,6.4,10.3
2025-12-16T09:39:01.801963,Recipe_A,455da03b-a6a4-4f92-a874-dc44e968f89c,11,3.0,,,,12.7,10.61,9.51,9.78,7.73,13.72
2025-12-16T09:39:02.801963,Recipe_A,455da03b-a6a4-4f92-a874-dc44e968f89c,11,3.0,,,,9.99,10.44,10.48,11.41,10.51,9.77
2025-12-16T09:39:03.801963,Recipe_A,455da03b-a6a4-4f92-a874-dc44e968f89c,11,3.0,,,,8.5,9.51,11.38,10.2,12.23,10.66
2025-12-16T09:39:04.801963,Recipe_A,455da03b-a6a4-4f92-a874-dc44e968f89c,11,3.0,,,,10.98,11.03,9.28,9.82,11.92,11.81
2025-12-16T09:39:05.801963,Recipe_A,455da03b-a6a4-4f92-a874-dc44e968f89c,11,3.0,,,,8.15,10.33,10.41,9.21,7.12,9.85
2025-12-16T09:39:06.801963,Recipe_A,455da03b-a6a4-4f92-a874-dc44e968f89c,11,3.0,,,,9.59,8.92,7.77,10.66,9.51,7.69
2025-12-16T09:39:07.801963,Recipe_A,455da03b-a6a4-4f92-a874-dc44e968f89c,11,3.0,,,,8.52,10.88,9.23,8.58,8.58,7.51
2025-12-16T09:39:08.801963,Recipe_A,455da03b-a6a4-4f92-a874-dc44e968f89c,11,3.0,,,,12.12,8.94,13.38,13.28,9.1,9.17
2025-12-16T09:39:09.801963,Recipe_A,455da03b-a6a4-4f92-a874-dc44e968f89c,11,3.0,,,,8.44,11.56,9.98,9.96,9.67,6.72
2025-12-16T09:39:10.801963,Recipe_A,455da03b-a6a4-4f92-a874-dc44e968f89c,11,3.0,,,,11.66,11.61,10.62,6.95,8.5,9.44
2025-12-16T09:39:11.801963,Recipe_A,455da03b-a6a4-4f92-a874-dc44e968f89c,11,3.0,,,,8.35,10.35,8.9,12.77,10.85,9.93
2025-12-16T09:39:12.801963,Recipe_A,455da03b-a6a4-4f92-a874-dc44e968f89c,11,3.0,,,,8.24,12.24,11.64,10.83,11.35,8.16
2025-12-16T09:39:12.801963,Recipe_A,455da03b-a6a4-4f92-a874-dc44e968f89c,11,3.0,Warning_2,Simulated Warning occurred,Warning,,,,,,
2025-12-16T09:39:13.801963,Recipe_A,455da03b-a6a4-4f92-a874-dc44e968f89c,11,3.0,,,,9.34,10.1,9.47,12.61,6.74,7.99
2025-12-16T09:39:14.801963,Recipe_A,455da03b-a6a4-4f92-a874-dc44e968f89c,11,3.0,,,,10.58,10.93,6.52,8.77,8.47,6.16
2025-12-16T09:39:15.801963,Recipe_A,455da03b-a6a4-4f92-a874-dc44e968f89c,11,3.0,,,,11.15,8.02,6.3,10.86,10.39,7.8
2025-12-16T09:39:16.801963,Recipe_A,455da03b-a6a4-4f92-a874-dc44e968f89c,11,3.0,,,,12.26,10.8,12.19,12.75,8.5,8.46
2025-12-16T09:39:17.801963,Recipe_A,455da03b-a6a4-4f92-a874-dc44e968f89c,11,3.0,,,,11.48,8.87,8.02,6.92,12.35,10.99
2025-12-16T09:39:18.801963,Recipe_A,455da03b-a6a4-4f92-a874-dc44e968f89c,11,3.0,,,,11.82,10.3,9.42,9.81,7.64,8.18
2025-12-16T09:39:19.801963,Recipe_A,455da03b-a6a4-4f92-a874-dc44e968f89c,11,3.0,,,,7.85,13.3,6.92,10.54,6.91,9.2
2025-12-16T09:39:20.801963,Recipe_A,455da03b-a6a4-4f92-a874-dc44e968f89c,11,3.0,,,,6.56,8.28,7.83,8.52,9.05,6.64
2025-12-16T09:39:21.801963,Recipe_A,455da03b-a6a4-4f92-a874-dc44e968f89c,11,3.0,,,,9.24,12.0,12.02,9.8,6.36,9.5
2025-12-16T09:39:22.801963,Recipe_A,455da03b-a6a4-4f92-a874-dc44e968f89c,11,3.0,,,,6.61,10.4,12.29,8.03,11.03,7.44
2025-12-16T09:39:23.801963,Recipe_A,455da03b-a6a4-4f92-a874-dc44e968f89c,11,3.0,,,,9.28,7.3,9.21,8.16,9.55,9.84
2025-12-16T09:39:24.801963,Recipe_A,455da03b-a6a4-4f92-a874-dc44e968f89c,11,3.0,,,,10.17,9.07,12.0,8.96,11.58,9.02
2025-12-16T09:39:25.801963,Recipe_A,455da03b-a6a4-4f92-a874-dc44e968f89c,11,3.0,,,,8.47,8.93,9.3,12.55,9.06,8.83
2025-12-16T09:39:26.801963,Recipe_A,455da03b-a6a4-4f92-a874-dc44e968f89c,11,3.0,,,,7.72,9.43,11.28,13.35,12.02,11.85
2025-12-16T09:39:27.801963,Recipe_A,455da03b-a6a4-4f92-a874-dc44e968f89c,11,3.0,,,,6.37,11.05,7.23,10.49,6.55,10.19
2025-12-16T09:39:28.801963,Recipe_A,455da03b-a6a4-4f92-a874-dc44e968f89c,11,3.0,,,,9.61,9.15,8.53,8.96,11.62,10.01
2025-12-16T09:39:29.801963,Recipe_A,455da03b-a6a4-4f92-a874-dc44e968f89c,11,3.0,,,,10.45,10.66,10.71,11.21,9.68,6.97
2025-12-16T09:39:30.801963,Recipe_A,455da03b-a6a4-4f92-a874-dc44e968f89c,11,3.0,,,,11.24,9.54,11.37,12.23,9.66,12.57
2025-12-16T09:39:31.801963,Recipe_A,455da03b-a6a4-4f92-a874-dc44e968f89c,11,1.0,,,,9.93,11.12,10.11,11.06,5.98,10.36
2025-12-16T09:39:32.801963,Recipe_A,455da03b-a6a4-4f92-a874-dc44e968f89c,11,1.0,,,,9.78,10.14,8.47,11.89,11.81,6.42
2025-12-16T09:39:33.801963,Recipe_A,455da03b-a6a4-4f92-a874-dc44e968f89c,11,1.0,,,,11.01,12.28,9.25,8.87,6.41,8.34
2025-12-16T09:39:34.801963,Recipe_A,455da03b-a6a4-4f92-a874-dc44e968f89c,11,1.0,,,,10.34,8.96,8.05,9.1,13.44,8.62
2025-12-16T09:39:35.801963,Recipe_A,455da03b-a6a4-4f92-a874-dc44e968f89c,11,1.0,,,,9.96,7.35,6.46,10.12,12.49,9.87
2025-12-16T09:39:36.801963,Recipe_A,455da03b-a6a4-4f92-a874-dc44e968f89c,11,1.0,,,,14.0,10.07,9.35,6.72,7.33,10.17
2025-12-16T09:39:37.801963,Recipe_A,455da03b-a6a4-4f92-a874-dc44e968f89c,11,1.0,,,,11.22,7.73,7.66,9.91,8.14,8.1
2025-12-16T09:39:38.801963,Recipe_A,455da03b-a6a4-4f92-a874-dc44e968f89c,11,1.0,,,,10.57,10.14,7.75,11.99,7.53,13.11
2025-12-16T09:39:39.801963,Recipe_A,455da03b-a6a4-4f92-a874-dc44e968f89c,11,1.0,,,,6.3,10.66,11.03,11.5,9.79,13.59
2025-12-16T09:39:40.801963,Recipe_A,455da03b-a6a4-4f92-a874-dc44e968f89c,11,4.0,,,,107.05,46.06,48.58,50.6,54.54,54.04
2025-12-16T09:39:41.801963,Recipe_A,455da03b-a6a4-4f92-a874-dc44e968f89c,11,4.0,,,,103.17,49.11,32.95,54.64,60.9,57.85
2025-12-16T09:39:42.801963,Recipe_A,455da03b-a6a4-4f92-a874-dc44e968f89c,11,4.0,,,,102.01,43.56,53.2,58.99,54.13,43.74
2025-12-16T09:39:43.801963,Recipe_A,455da03b-a6a4-4f92-a874-dc44e968f89c,11,4.0,,,,107.5,48.92,59.17,50.74,45.46,61.88
2025-12-16T09:39:44.801963,Recipe_A,455da03b-a6a4-4f92-a874-dc44e968f89c,11,3.0,,,,10.37,12.13,8.96,8.08,9.4,10.97
2025-12-16T09:39:45.801963,Recipe_A,455da03b-a6a4-4f92-a874-dc44e968f89c,11,3.0,,,,12.61,10.87,10.82,10.3,10.11,11.48
2025-12-16T09:39:46.801963,Recipe_A,455da03b-a6a4-4f92-a874-dc44e968f89c,11,3.0,,,,13.08,12.08,9.97,9.45,7.57,9.2
2025-12-16T09:39:47.801963,Recipe_A,455da03b-a6a4-4f92-a874-dc44e968f89c,11,3.0,,,,11.36,9.04,10.96,8.63,13.44,8.87
2025-12-16T09:39:48.801963,Recipe_A,455da03b-a6a4-4f92-a874-dc44e968f89c,11,2.0,,,,10.08,7.25,8.63,9.91,10.36,9.84
2025-12-16T09:39:49.801963,Recipe_A,455da03b-a6a4-4f92-a874-dc44e968f89c,11,2.0,,,,7.03,9.08,9.71,11.62,11.49,9.44
2025-12-16T09:39:50.801963,Recipe_A,455da03b-a6a4-4f92-a874-dc44e968f89c,11,2.0,,,,7.96,7.82,7.56,9.36,11.9,8.17
2025-12-16T09:39:51.801963,Recipe_A,455da03b-a6a4-4f92-a874-dc44e968f89c,11,2.0,,,,8.82,9.52,8.34,12.16,12.79,11.17
2025-12-16T09:39:52.801963,Recipe_A,455da03b-a6a4-4f92-a874-dc44e968f89c,11,2.0,,,,10.16,8.28,13.61,8.47,9.27,11.58
2025-12-16T09:39:53.801963,Recipe_A,455da03b-a6a4-4f92-a874-dc44e968f89c,11,2.0,,,,9.0,11.65,6.47,9.37,9.11,11.56
2025-12-16T09:39:54.801963,Recipe_A,455da03b-a6a4-4f92-a874-dc44e968f89c,11,2.0,,,,12.4,9.66,11.22,8.6,10.54,10.7
2025-12-16T09:39:55.801963,Recipe_A,455da03b-a6a4-4f92-a874-dc44e968f89c,11,2.0,,,,6.17,9.22,10.53,7.74,11.39,5.22
2025-12-16T09:39:56.801963,Recipe_A,455da03b-a6a4-4f92-a874-dc44e968f89c,11,2.0,,,,9.42,10.09,12.02,6.79,9.57,12.61
2025-12-16T09:39:57.801963,Recipe_A,455da03b-a6a4-4f92-a874-dc44e968f89c,11,2.0,,,,9.48,9.33,12.59,9.95,10.08,7.72
2025-12-16T09:39:58.801963,Recipe_A,455da03b-a6a4-4f92-a874-dc44e968f89c,11,2.0,,,,10.01,10.1,11.43,8.99,13.74,8.03
2025-12-16T09:39:59.801963,Recipe_A,455da03b-a6a4-4f92-a874-dc44e968f89c,11,2.0,,,,11.63,10.76,8.12,9.25,11.56,7.87
2025-12-16T09:40:00.801963,Recipe_A,455da03b-a6a4-4f92-a874-dc44e968f89c,11,2.0,,,,14.16,11.25,7.55,9.91,11.52,8.83
2025-12-16T09:40:01.801963,Recipe_A,455da03b-a6a4-4f92-a874-dc44e968f89c,11,2.0,,,,7.75,10.04,9.67,7.48,7.74,9.47
2025-12-16T09:40:02.801963,Recipe_A,455da03b-a6a4-4f92-a874-dc44e968f89c,11,3.0,,,,10.45,5.07,11.61,7.62,10.23,9.77
2025-12-16T09:40:03.801963,Recipe_A,455da03b-a6a4-4f92-a874-dc44e968f89c,11,3.0,,,,8.56,12.13,10.92,10.61,11.18,11.93
2025-12-16T09:40:04.801963,Recipe_A,455da03b-a6a4-4f92-a874-dc44e968f89c,11,3.0,,,,11.64,11.13,9.91,9.5,11.18,13.49
2025-12-16T09:40:05.801963,Recipe_A,455da03b-a6a4-4f92-a874-dc44e968f89c,11,3.0,,,,8.87,12.46,12.15,8.76,12.98,9.69
2025-12-16T09:40:06.801963,Recipe_A,455da03b-a6a4-4f92-a874-dc44e968f89c,11,3.0,,,,12.25,10.64,7.63,9.19,8.5,10.57
2025-12-16T09:40:07.801963,Recipe_A,455da03b-a6a4-4f92-a874-dc44e968f89c,11,3.0,,,,10.55,14.33,11.94,9.54,9.32,10.85
2025-12-16T09:40:07.801963,Recipe_A,455da03b-a6a4-4f92-a874-dc44e968f89c,11,3.0,Warning_5,Simulated Warning occurred,Warning,,,,,,
2025-12-16T09:40:08.801963,Recipe_A,455da03b-a6a4-4f92-a874-dc44e968f89c,11,3.0,,,,7.81,9.1,13.02,12.0,11.43,6.29
2025-12-16T09:40:09.801963,Recipe_A,455da03b-a6a4-4f92-a874-dc44e968f89c,11,3.0,,,,9.33,9.16,9.42,11.02,8.54,11.7
2025-12-16T09:40:10.801963,Recipe_A,455da03b-a6a4-4f92-a874-dc44e968f89c,11,3.0,,,,6.85,10.61,9.84,11.27,12.08,7.17
2025-12-16T09:40:11.801963,Recipe_A,455da03b-a6a4-4f92-a874-dc44e968f89c,11,3.0,,,,8.47,7.04,9.89,10.27,13.56,7.89
2025-12-16T09:40:12.801963,Recipe_A,455da03b-a6a4-4f92-a874-dc44e968f89c,11,3.0,,,,8.21,13.61,7.44,10.89,8.11,11.61
2025-12-16T09:40:13.801963,Recipe_A,455da03b-a6a4-4f92-a874-dc44e968f89c,11,3.0,,,,8.51,13.79,9.4,11.48,7.13,8.68
2025-12-16T09:40:14.801963,Recipe_A,455da03b-a6a4-4f92-a874-dc44e968f89c,11,3.0,,,,13.15,6.98,8.2,11.48,9.64,10.2
2025-12-16T09:40:15.801963,Recipe_A,455da03b-a6a4-4f92-a874-dc44e968f89c,11,3.0,,,,11.53,12.64,9.47,9.06,10.46,9.58
2025-12-16T09:40:16.801963,Recipe_A,455da03b-a6a4-4f92-a874-dc44e968f89c,11,3.0,,,,8.15,8.48,12.03,13.53,10.08,9.2
2025-12-16T09:40:17.801963,Recipe_A,455da03b-a6a4-4f92-a874-dc44e968f89c,11,3.0,,,,9.31,11.2,7.68,10.85,11.26,11.28
2025-12-16T09:40:18.801963,Recipe_A,455da03b-a6a4-4f92-a874-dc44e968f89c,11,3.0,,,,8.13,10.14,9.16,11.26,9.73,9.18
2025-12-16T09:40:19.801963,Recipe_A,455da03b-a6a4-4f92-a874-dc44e968f89c,11,3.0,,,,9.28,7.27,10.76,9.62,10.73,7.76
2025-12-16T09:40:20.801963,Recipe_A,455da03b-a6a4-4f92-a874-dc44e968f89c,11,3.0,,,,11.52,8.0,7.05,13.61,7.67,11.7
2025-12-16T09:40:21.801963,Recipe_A,455da03b-a6a4-4f92-a874-dc44e968f89c,11,3.0,,,,8.35,4.66,9.36,6.17,9.98,8.09
2025-12-16T09:40:22.801963,Recipe_A,455da03b-a6a4-4f92-a874-dc44e968f89c,11,3.0,,,,9.31,8.28,8.98,9.38,6.78,10.85
2025-12-16T09:40:23.801963,Recipe_A,455da03b-a6a4-4f92-a874-dc44e968f89c,11,3.0,,,,11.73,11.14,11.11,10.89,11.41,8.64
2025-12-16T09:40:24.801963,Recipe_A,455da03b-a6a4-4f92-a874-dc44e968f89c,11,3.0,,,,9.38,10.99,8.06,8.71,11.56,12.37
2025-12-16T09:40:25.801963,Recipe_A,455da03b-a6a4-4f92-a874-dc44e968f89c,11,3.0,,,,8.93,14.07,13.8,8.27,6.8,11.53
2025-12-16T09:40:26.801963,Recipe_A,455da03b-a6a4-4f92-a874-dc44e968f89c,11,3.0,,,,11.58,12.04,11.33,8.63,9.18,9.12
2025-12-16T09:40:26.801963,Recipe_A,455da03b-a6a4-4f92-a874-dc44e968f89c,11,3.0,Warning_5,Simulated Warning occurred,Warning,,,,,,
2025-12-16T09:40:27.801963,Recipe_A,455da03b-a6a4-4f92-a874-dc44e968f89c,11,3.0,,,,9.52,8.55,9.12,10.62,11.77,6.26
2025-12-16T09:40:28.801963,Recipe_A,455da03b-a6a4-4f92-a874-dc44e968f89c,11,3.0,,,,8.56,15.65,8.87,11.84,12.08,10.25
2025-12-16T09:40:29.801963,Recipe_A,455da03b-a6a4-4f92-a874-dc44e968f89c,11,3.0,,,,12.63,10.86,7.87,10.49,10.33,12.9
2025-12-16T09:40:30.801963,Recipe_A,455da03b-a6a4-4f92-a874-dc44e968f89c,11,3.0,,,,10.75,9.59,9.38,12.24,8.77,11.83
2025-12-16T09:40:31.801963,Recipe_A,455da03b-a6a4-4f92-a874-dc44e968f89c,11,3.0,,,,7.31,10.11,11.66,5.97,9.29,14.55
2025-12-16T09:40:32.801963,Recipe_A,455da03b-a6a4-4f92-a874-dc44e968f89c,11,3.0,,,,5.18,12.96,11.24,13.6,10.27,11.63
2025-12-16T09:40:33.801963,Recipe_A,455da03b-a6a4-4f92-a874-dc44e968f89c,11,3.0,,,,13.05,7.61,9.09,10.54,8.03,10.8
2025-12-16T09:40:34.801963,Recipe_A,455da03b-a6a4-4f92-a874-dc44e968f89c,11,3.0,,,,8.42,10.84,11.48,7.56,9.67,7.87
2025-12-16T09:40:35.801963,Recipe_A,455da03b-a6a4-4f92-a874-dc44e968f89c,11,3.0,,,,9.83,5.59,9.96,5.63,12.33,7.47
2025-12-16T09:40:36.801963,Recipe_A,455da03b-a6a4-4f92-a874-dc44e968f89c,11,3.0,,,,11.92,6.82,8.69,14.56,8.49,7.64
2025-12-16T09:40:37.801963,Recipe_A,455da03b-a6a4-4f92-a874-dc44e968f89c,11,3.0,,,,6.69,11.87,11.65,11.27,13.5,11.47
2025-12-16T09:40:38.801963,Recipe_A,455da03b-a6a4-4f92-a874-dc44e968f89c,11,3.0,,,,12.66,13.13,8.44,6.88,8.13,9.81
2025-12-16T09:40:39.801963,Recipe_A,455da03b-a6a4-4f92-a874-dc44e968f89c,11,3.0,,,,7.22,12.32,8.12,11.76,10.52,12.85
2025-12-16T09:40:39.801963,Recipe_A,455da03b-a6a4-4f92-a874-dc44e968f89c,11,3.0,Error_7,Simulated Error occurred,Error,,,,,,
2025-12-16T09:40:40.801963,Recipe_A,455da03b-a6a4-4f92-a874-dc44e968f89c,11,3.0,,,,7.24,6.82,11.81,9.12,8.75,12.47
2025-12-16T09:40:41.801963,Recipe_A,455da03b-a6a4-4f92-a874-dc44e968f89c,11,3.0,,,,10.0,8.34,11.08,11.56,10.13,12.35
2025-12-16T09:40:42.801963,Recipe_A,455da03b-a6a4-4f92-a874-dc44e968f89c,11,3.0,,,,8.36,11.0,11.22,11.01,6.95,5.41
2025-12-16T09:40:43.801963,Recipe_A,455da03b-a6a4-4f92-a874-dc44e968f89c,11,3.0,,,,12.71,10.39,8.47,10.15,11.31,6.49
2025-12-16T09:40:44.801963,Recipe_A,455da03b-a6a4-4f92-a874-dc44e968f89c,11,0.0,,,,0.0,0.0,0.0,0.0,0.0,0.0
2025-12-16T09:40:45.801963,Recipe_A,455da03b-a6a4-4f92-a874-dc44e968f89c,11,0.0,,,,0.0,0.0,0.0,0.0,0.0,0.0
2025-12-16T09:40:46.801963,Recipe_A,455da03b-a6a4-4f92-a874-dc44e968f89c,11,0.0,,,,0.0,0.0,0.0,0.0,0.0,0.0
2025-12-16T09:40:47.801963,Recipe_A,455da03b-a6a4-4f92-a874-dc44e968f89c,11,0.0,,,,0.0,0.0,0.0,0.0,0.0,0.0
2025-12-16T09:40:48.801963,Recipe_A,455da03b-a6a4-4f92-a874-dc44e968f89c,11,0.0,,,,0.0,0.0,0.0,0.0,0.0,0.0
2025-12-16T09:40:49.801963,Recipe_A,455da03b-a6a4-4f92-a874-dc44e968f89c,11,0.0,,,,0.0,0.0,0.0,0.0,0.0,0.0
2025-12-16T09:40:50.801963,Recipe_A,455da03b-a6a4-4f92-a874-dc44e968f89c,11,0.0,,,,0.0,0.0,0.0,0.0,0.0,0.0
2025-12-16T09:40:51.801963,Recipe_A,455da03b-a6a4-4f92-a874-dc44e968f89c,11,0.0,,,,0.0,0.0,0.0,0.0,0.0,0.0
2025-12-16T09:40:52.801963,Recipe_A,455da03b-a6a4-4f92-a874-dc44e968f89c,11,0.0,,,,0.0,0.0,0.0,0.0,0.0,0.0
2025-12-16T09:40:53.801963,Recipe_A,455da03b-a6a4-4f92-a874-dc44e968f89c,11,0.0,,,,0.0,0.0,0.0,0.0,0.0,0.0
2025-12-16T09:40:54.801963,Recipe_A,455da03b-a6a4-4f92-a874-dc44e968f89c,11,0.0,,,,0.0,0.0,0.0,0.0,0.0,0.0
2025-12-16T09:40:55.801963,Recipe_A,455da03b-a6a4-4f92-a874-dc44e968f89c,11,0.0,,,,0.0,0.0,0.0,0.0,0.0,0.0
2025-12-16T09:40:56.801963,Recipe_A,455da03b-a6a4-4f92-a874-dc44e968f89c,11,0.0,,,,0.0,0.0,0.0,0.0,0.0,0.0
2025-12-16T09:40:57.801963,Recipe_A,455da03b-a6a4-4f92-a874-dc44e968f89c,11,0.0,,,,0.0,0.0,0.0,0.0,0.0,0.0
2025-12-16T09:40:58.801963,Recipe_A,455da03b-a6a4-4f92-a874-dc44e968f89c,11,0.0,,,,0.0,0.0,0.0,0.0,0.0,0.0
2025-12-16T09:40:59.801963,Recipe_A,455da03b-a6a4-4f92-a874-dc44e968f89c,11,0.0,,,,0.0,0.0,0.0,0.0,0.0,0.0
2025-12-16T09:41:00.801963,Recipe_A,455da03b-a6a4-4f92-a874-dc44e968f89c,11,0.0,,,,0.0,0.0,0.0,0.0,0.0,0.0
2025-12-16T09:41:01.801963,Recipe_A,455da03b-a6a4-4f92-a874-dc44e968f89c,11,0.0,,,,0.0,0.0,0.0,0.0,0.0,0.0
2025-12-16T09:41:02.801963,Recipe_A,455da03b-a6a4-4f92-a874-dc44e968f89c,11,0.0,,,,0.0,0.0,0.0,0.0,0.0,0.0
2025-12-16T09:41:03.801963,Recipe_A,455da03b-a6a4-4f92-a874-dc44e968f89c,11,0.0,,,,0.0,0.0,0.0,0.0,0.0,0.0
2025-12-16T09:41:04.801963,Recipe_A,455da03b-a6a4-4f92-a874-dc44e968f89c,11,0.0,,,,0.0,0.0,0.0,0.0,0.0,0.0
2025-12-16T09:41:05.801963,Recipe_A,455da03b-a6a4-4f92-a874-dc44e968f89c,11,0.0,,,,0.0,0.0,0.0,0.0,0.0,0.0
2025-12-16T09:41:06.801963,Recipe_A,455da03b-a6a4-4f92-a874-dc44e968f89c,11,0.0,,,,0.0,0.0,0.0,0.0,0.0,0.0
2025-12-16T09:41:07.801963,Recipe_A,455da03b-a6a4-4f92-a874-dc44e968f89c,11,0.0,,,,0.0,0.0,0.0,0.0,0.0,0.0
2025-12-16T09:41:08.801963,Recipe_A,455da03b-a6a4-4f92-a874-dc44e968f89c,11,0.0,,,,0.0,0.0,0.0,0.0,0.0,0.0
2025-12-16T09:41:09.801963,Recipe_A,455da03b-a6a4-4f92-a874-dc44e968f89c,11,0.0,,,,0.0,0.0,0.0,0.0,0.0,0.0
2025-12-16T09:41:10.801963,Recipe_A,455da03b-a6a4-4f92-a874-dc44e968f89c,11,0.0,,,,0.0,0.0,0.0,0.0,0.0,0.0
2025-12-16T09:41:11.801963,Recipe_A,455da03b-a6a4-4f92-a874-dc44e968f89c,11,0.0,,,,0.0,0.0,0.0,0.0,0.0,0.0
2025-12-16T09:41:12.801963,Recipe_A,455da03b-a6a4-4f92-a874-dc44e968f89c,11,0.0,,,,0.0,0.0,0.0,0.0,0.0,0.0
2025-12-16T09:41:13.801963,Recipe_A,455da03b-a6a4-4f92-a874-dc44e968f89c,11,0.0,,,,0.0,0.0,0.0,0.0,0.0,0.0
2025-12-16T09:41:14.801963,Recipe_A,455da03b-a6a4-4f92-a874-dc44e968f89c,11,0.0,,,,0.0,0.0,0.0,0.0,0.0,0.0
2025-12-16T09:41:15.801963,Recipe_A,455da03b-a6a4-4f92-a874-dc44e968f89c,11,0.0,,,,0.0,0.0,0.0,0.0,0.0,0.0
2025-12-16T09:41:16.801963,Recipe_A,455da03b-a6a4-4f92-a874-dc44e968f89c,11,0.0,,,,0.0,0.0,0.0,0.0,0.0,0.0
2025-12-16T09:41:17.801963,Recipe_A,455da03b-a6a4-4f92-a874-dc44e968f89c,11,0.0,,,,0.0,0.0,0.0,0.0,0.0,0.0
2025-12-16T09:41:18.801963,Recipe_A,455da03b-a6a4-4f92-a874-dc44e968f89c,11,0.0,,,,0.0,0.0,0.0,0.0,0.0,0.0
2025-12-16T09:41:19.801963,Recipe_A,455da03b-a6a4-4f92-a874-dc44e968f89c,11,0.0,,,,0.0,0.0,0.0,0.0,0.0,0.0
2025-12-16T09:41:20.801963,Recipe_A,455da03b-a6a4-4f92-a874-dc44e968f89c,11,0.0,,,,0.0,0.0,0.0,0.0,0.0,0.0
2025-12-16T09:41:21.801963,Recipe_A,455da03b-a6a4-4f92-a874-dc44e968f89c,11,0.0,,,,0.0,0.0,0.0,0.0,0.0,0.0
2025-12-16T09:41:21.801963,Recipe_A,455da03b-a6a4-4f92-a874-dc44e968f89c,11,0.0,Warning_5,Simulated Warning occurred,Warning,,,,,,
2025-12-16T09:41:22.801963,Recipe_A,455da03b-a6a4-4f92-a874-dc44e968f89c,11,0.0,,,,0.0,0.0,0.0,0.0,0.0,0.0
2025-12-16T09:41:23.801963,Recipe_A,455da03b-a6a4-4f92-a874-dc44e968f89c,11,0.0,,,,0.0,0.0,0.0,0.0,0.0,0.0
2025-12-16T09:41:24.801963,Recipe_A,455da03b-a6a4-4f92-a874-dc44e968f89c,11,0.0,,,,0.0,0.0,0.0,0.0,0.0,0.0
2025-12-16T09:41:25.801963,Recipe_A,455da03b-a6a4-4f92-a874-dc44e968f89c,11,0.0,,,,0.0,0.0,0.0,0.0,0.0,0.0
2025-12-16T09:41:26.801963,Recipe_A,455da03b-a6a4-4f92-a874-dc44e968f89c,11,0.0,,,,0.0,0.0,0.0,0.0,0.0,0.0
2025-12-16T09:41:27.801963,Recipe_A,455da03b-a6a4-4f92-a874-dc44e968f89c,11,0.0,,,,0.0,0.0,0.0,0.0,0.0,0.0
2025-12-16T09:41:28.801963,Recipe_A,455da03b-a6a4-4f92-a874-dc44e968f89c,11,0.0,,,,0.0,0.0,0.0,0.0,0.0,0.0
2025-12-16T09:41:29.801963,Recipe_A,455da03b-a6a4-4f92-a874-dc44e968f89c,11,0.0,,,,0.0,0.0,0.0,0.0,0.0,0.0
2025-12-16T09:41:30.801963,Recipe_A,455da03b-a6a4-4f92-a874-dc44e968f89c,11,0.0,,,,0.0,0.0,0.0,0.0,0.0,0.0
2025-12-16T09:41:31.801963,Recipe_A,455da03b-a6a4-4f92-a874-dc44e968f89c,11,0.0,,,,0.0,0.0,0.0,0.0,0.0,0.0
2025-12-16T09:41:32.801963,Recipe_A,455da03b-a6a4-4f92-a874-dc44e968f89c,11,0.0,,,,0.0,0.0,0.0,0.0,0.0,0.0
2025-12-16T09:41:33.801963,Recipe_A,455da03b-a6a4-4f92-a874-dc44e968f89c,11,0.0,,,,0.0,0.0,0.0,0.0,0.0,0.0
2025-12-16T09:41:34.801963,Recipe_A,455da03b-a6a4-4f92-a874-dc44e968f89c,11,0.0,,,,0.0,0.0,0.0,0.0,0.0,0.0
2025-12-16T09:41:35.801963,Recipe_A,455da03b-a6a4-4f92-a874-dc44e968f89c,11,0.0,,,,0.0,0.0,0.0,0.0,0.0,0.0
2025-12-16T09:41:36.801963,Recipe_A,455da03b-a6a4-4f92-a874-dc44e968f89c,11,0.0,,,,0.0,0.0,0.0,0.0,0.0,0.0
2025-12-16T09:41:37.801963,Recipe_A,455da03b-a6a4-4f92-a874-dc44e968f89c,11,0.0,,,,0.0,0.0,0.0,0.0,0.0,0.0
2025-12-16T09:41:38.801963,Recipe_A,455da03b-a6a4-4f92-a874-dc44e968f89c,11,0.0,,,,0.0,0.0,0.0,0.0,0.0,0.0
2025-12-16T09:41:39.801963,Recipe_A,455da03b-a6a4-4f92-a874-dc44e968f89c,11,0.0,,,,0.0,0.0,0.0,0.0,0.0,0.0
2025-12-16T09:41:40.801963,Recipe_A,455da03b-a6a4-4f92-a874-dc44e968f89c,11,0.0,,,,0.0,0.0,0.0,0.0,0.0,0.0
2025-12-16T09:41:41.801963,Recipe_A,455da03b-a6a4-4f92-a874-dc44e968f89c,11,0.0,,,,0.0,0.0,0.0,0.0,0.0,0.0
2025-12-16T09:41:42.801963,Recipe_A,455da03b-a6a4-4f92-a874-dc44e968f89c,11,0.0,,,,0.0,0.0,0.0,0.0,0.0,0.0
2025-12-16T09:41:43.801963,Recipe_A,455da03b-a6a4-4f92-a874-dc44e968f89c,11,0.0,,,,0.0,0.0,0.0,0.0,0.0,0.0
2025-12-16T09:41:44.801963,Recipe_A,455da03b-a6a4-4f92-a874-dc44e968f89c,11,0.0,,,,0.0,0.0,0.0,0.0,0.0,0.0
2025-12-16T09:41:45.801963,Recipe_A,455da03b-a6a4-4f92-a874-dc44e968f89c,11,3.0,,,,7.49,13.61,9.62,9.88,9.83,10.91
2025-12-16T09:41:46.801963,Recipe_A,455da03b-a6a4-4f92-a874-dc44e968f89c,11,3.0,,,,11.24,6.93,5.71,10.69,6.83,9.81
2025-12-16T09:41:47.801963,Recipe_A,455da03b-a6a4-4f92-a874-dc44e968f89c,11,3.0,,,,8.47,6.62,12.54,7.78,9.16,8.09
2025-12-16T09:41:48.801963,Recipe_A,455da03b-a6a4-4f92-a874-dc44e968f89c,11,3.0,,,,7.26,6.76,10.13,12.23,9.58,10.08
2025-12-16T09:41:49.801963,Recipe_A,455da03b-a6a4-4f92-a874-dc44e968f89c,11,3.0,,,,9.49,9.98,7.29,11.45,12.29,9.45
2025-12-16T09:41:50.801963,Recipe_A,455da03b-a6a4-4f92-a874-dc44e968f89c,11,3.0,,,,8.91,10.75,9.1,9.21,6.49,9.4
2025-12-16T09:41:51.801963,Recipe_A,455da03b-a6a4-4f92-a874-dc44e968f89c,11,3.0,,,,10.25,7.73,9.02,7.6,11.87,9.06
2025-12-16T09:41:52.801963,Recipe_A,455da03b-a6a4-4f92-a874-dc44e968f89c,11,3.0,,,,8.25,11.01,9.84,10.89,11.64,8.41
2025-12-16T09:41:53.801963,Recipe_A,455da03b-a6a4-4f92-a874-dc44e968f89c,11,3.0,,,,8.7,8.97,8.37,9.82,13.72,12.16
2025-12-16T09:41:54.801963,Recipe_A,455da03b-a6a4-4f92-a874-dc44e968f89c,11,3.0,,,,10.32,13.12,7.37,11.48,6.61,11.0
2025-12-16T09:41:55.801963,Recipe_A,455da03b-a6a4-4f92-a874-dc44e968f89c,11,3.0,,,,12.97,11.55,11.65,7.98,9.07,9.53
2025-12-16T09:41:56.801963,Recipe_A,455da03b-a6a4-4f92-a874-dc44e968f89c,11,3.0,,,,7.13,7.78,12.6,9.42,9.25,6.6
2025-12-16T09:41:57.801963,Recipe_A,455da03b-a6a4-4f92-a874-dc44e968f89c,11,3.0,,,,10.9,9.6,12.09,6.34,10.66,12.4
2025-12-16T09:41:58.801963,Recipe_A,455da03b-a6a4-4f92-a874-dc44e968f89c,11,3.0,,,,10.86,10.5,10.74,9.69,12.13,13.04
2025-12-16T09:41:59.801963,Recipe_A,455da03b-a6a4-4f92-a874-dc44e968f89c,11,3.0,,,,8.49,11.7,10.34,8.13,9.94,10.29
2025-12-16T09:42:00.801963,Recipe_A,455da03b-a6a4-4f92-a874-dc44e968f89c,11,3.0,,,,8.21,10.65,14.2,12.64,8.26,10.06
2025-12-16T09:42:01.801963,Recipe_A,455da03b-a6a4-4f92-a874-dc44e968f89c,11,3.0,,,,12.56,9.98,7.6,10.48,8.79,10.34
2025-12-16T09:42:02.801963,Recipe_A,455da03b-a6a4-4f92-a874-dc44e968f89c,11,3.0,,,,13.04,7.99,11.65,9.06,9.32,9.13
2025-12-16T09:42:03.801963,Recipe_A,455da03b-a6a4-4f92-a874-dc44e968f89c,11,3.0,,,,12.36,7.09,7.4,11.01,6.44,7.61
2025-12-16T09:42:04.801963,Recipe_A,455da03b-a6a4-4f92-a874-dc44e968f89c,11,3.0,,,,14.88,8.84,12.53,9.74,8.38,12.02
2025-12-16T09:42:05.801963,Recipe_A,455da03b-a6a4-4f92-a874-dc44e968f89c,11,3.0,,,,8.26,9.25,13.08,9.5,13.18,8.32
2025-12-16T09:42:06.801963,Recipe_A,455da03b-a6a4-4f92-a874-dc44e968f89c,11,3.0,,,,10.74,9.23,11.45,12.72,6.06,12.7
2025-12-16T09:42:07.801963,Recipe_A,455da03b-a6a4-4f92-a874-dc44e968f89c,11,3.0,,,,8.83,10.26,7.71,8.48,13.47,9.41
2025-12-16T09:42:08.801963,Recipe_A,455da03b-a6a4-4f92-a874-dc44e968f89c,11,3.0,,,,8.28,10.52,12.77,11.68,10.39,8.12
2025-12-16T09:42:09.801963,Recipe_A,455da03b-a6a4-4f92-a874-dc44e968f89c,11,3.0,,,,9.94,10.82,13.55,8.22,10.99,11.64
2025-12-16T09:42:10.801963,Recipe_A,455da03b-a6a4-4f92-a874-dc44e968f89c,11,3.0,,,,8.68,8.45,11.18,7.7,10.89,7.96
2025-12-16T09:42:11.801963,Recipe_A,455da03b-a6a4-4f92-a874-dc44e968f89c,11,3.0,,,,11.72,8.09,11.26,12.43,10.49,7.22
2025-12-16T09:42:12.801963,Recipe_A,455da03b-a6a4-4f92-a874-dc44e968f89c,11,3.0,,,,9.84,6.98,11.57,12.27,11.0,9.13
2025-12-16T09:42:13.801963,Recipe_A,455da03b-a6a4-4f92-a874-dc44e968f89c,11,3.0,,,,11.81,11.63,13.89,8.53,13.15,8.49
2025-12-16T09:42:14.801963,Recipe_A,455da03b-a6a4-4f92-a874-dc44e968f89c,11,3.0,,,,10.84,13.3,11.37,11.37,12.57,11.19
2025-12-16T09:42:15.801963,Recipe_A,455da03b-a6a4-4f92-a874-dc44e968f89c,11,3.0,,,,15.24,9.8,12.23,10.82,5.85,10.11
2025-12-16T09:42:16.801963,Recipe_A,455da03b-a6a4-4f92-a874-dc44e968f89c,11,3.0,,,,8.71,11.79,9.6,11.74,11.72,8.39
2025-12-16T09:42:17.801963,Recipe_A,455da03b-a6a4-4f92-a874-dc44e968f89c,11,3.0,,,,9.79,9.01,6.04,12.2,8.78,11.0
2025-12-16T09:42:18.801963,Recipe_A,455da03b-a6a4-4f92-a874-dc44e968f89c,11,3.0,,,,10.31,6.64,9.38,12.13,13.32,12.1
2025-12-16T09:42:19.801963,Recipe_A,455da03b-a6a4-4f92-a874-dc44e968f89c,11,3.0,,,,13.71,11.69,11.92,11.98,8.89,13.08
2025-12-16T09:42:20.801963,Recipe_A,455da03b-a6a4-4f92-a874-dc44e968f89c,11,3.0,,,,8.09,8.15,7.6,9.31,9.85,9.92
2025-12-16T09:42:21.801963,Recipe_A,455da03b-a6a4-4f92-a874-dc44e968f89c,11,3.0,,,,10.74,11.67,7.96,10.44,9.86,6.76
2025-12-16T09:42:22.801963,Recipe_A,455da03b-a6a4-4f92-a874-dc44e968f89c,11,3.0,,,,9.64,11.73,9.33,10.14,10.93,9.77
2025-12-16T09:42:23.801963,Recipe_A,455da03b-a6a4-4f92-a874-dc44e968f89c,11,3.0,,,,9.14,9.14,12.0,8.86,10.17,10.29
2025-12-16T09:42:24.801963,Recipe_A,455da03b-a6a4-4f92-a874-dc44e968f89c,11,3.0,,,,11.4,10.41,10.23,11.27,8.28,11.98
2025-12-16T09:42:25.801963,Recipe_A,455da03b-a6a4-4f92-a874-dc44e968f89c,11,3.0,,,,7.81,8.74,10.17,6.96,7.58,9.02
2025-12-16T09:42:26.801963,Recipe_A,455da03b-a6a4-4f92-a874-dc44e968f89c,11,3.0,,,,11.43,11.08,7.79,7.72,9.53,8.44
2025-12-16T09:42:27.801963,Recipe_A,455da03b-a6a4-4f92-a874-dc44e968f89c,11,3.0,,,,7.11,8.23,7.67,9.87,10.43,10.58
2025-12-16T09:42:28.801963,Recipe_A,455da03b-a6a4-4f92-a874-dc44e968f89c,11,3.0,,,,10.33,9.54,11.67,11.91,8.46,12.33
2025-12-16T09:42:29.801963,Recipe_A,455da03b-a6a4-4f92-a874-dc44e968f89c,11,3.0,,,,14.27,11.81,13.11,7.44,7.97,11.37
2025-12-16T09:42:30.801963,Recipe_A,455da03b-a6a4-4f92-a874-dc44e968f89c,11,3.0,,,,11.27,10.65,9.88,13.8,10.97,9.14
2025-12-16T09:42:31.801963,Recipe_A,455da03b-a6a4-4f92-a874-dc44e968f89c,11,3.0,,,,10.15,12.84,10.72,8.34,7.25,14.23
2025-12-16T09:42:32.801963,Recipe_A,455da03b-a6a4-4f92-a874-dc44e968f89c,11,3.0,,,,6.04,10.03,8.37,11.95,9.19,6.91
2025-12-16T09:42:33.801963,Recipe_A,455da03b-a6a4-4f92-a874-dc44e968f89c,11,3.0,,,,10.27,12.55,11.21,8.43,11.72,13.42
2025-12-16T09:42:34.801963,Recipe_A,455da03b-a6a4-4f92-a874-dc44e968f89c,11,3.0,,,,11.38,10.93,9.28,6.11,13.28,6.51
2025-12-16T09:42:35.801963,Recipe_A,455da03b-a6a4-4f92-a874-dc44e968f89c,11,3.0,,,,12.19,9.29,10.11,8.88,9.54,13.26
2025-12-16T09:42:36.801963,Recipe_A,455da03b-a6a4-4f92-a874-dc44e968f89c,11,3.0,,,,8.08,11.67,14.27,7.88,11.27,13.57
2025-12-16T09:42:37.801963,Recipe_A,455da03b-a6a4-4f92-a874-dc44e968f89c,11,3.0,,,,10.27,12.7,7.41,7.85,9.69,13.45
2025-12-16T09:42:38.801963,Recipe_A,455da03b-a6a4-4f92-a874-dc44e968f89c,11,3.0,,,,11.35,10.56,12.55,10.12,7.02,11.55
2025-12-16T09:42:39.801963,Recipe_A,455da03b-a6a4-4f92-a874-dc44e968f89c,11,3.0,,,,8.72,8.54,8.86,9.37,9.61,10.49
2025-12-16T09:42:40.801963,Recipe_A,455da03b-a6a4-4f92-a874-dc44e968f89c,11,3.0,,,,11.87,9.0,12.3,9.13,13.88,7.21
2025-12-16T09:42:41.801963,Recipe_A,455da03b-a6a4-4f92-a874-dc44e968f89c,11,3.0,,,,11.07,10.06,9.66,11.94,11.38,7.53
2025-12-16T09:42:42.801963,Recipe_A,455da03b-a6a4-4f92-a874-dc44e968f89c,11,3.0,,,,10.76,13.56,6.61,8.67,13.24,13.97
2025-12-16T09:42:43.801963,Recipe_A,455da03b-a6a4-4f92-a874-dc44e968f89c,11,3.0,,,,10.92,9.0,7.07,11.8,8.13,10.34
2025-12-16T09:42:44.801963,Recipe_A,455da03b-a6a4-4f92-a874-dc44e968f89c,11,3.0,,,,15.23,9.94,12.48,7.8,7.07,10.31
2025-12-16T09:42:45.801963,Recipe_A,455da03b-a6a4-4f92-a874-dc44e968f89c,11,3.0,,,,9.38,10.04,10.63,12.37,11.66,13.59
2025-12-16T09:42:46.801963,Recipe_A,455da03b-a6a4-4f92-a874-dc44e968f89c,11,3.0,,,,11.04,7.02,7.6,8.44,8.14,10.02
2025-12-16T09:42:47.801963,Recipe_A,455da03b-a6a4-4f92-a874-dc44e968f89c,11,3.0,,,,8.59,8.29,11.81,8.74,10.74,9.52
2025-12-16T09:42:48.801963,Recipe_A,455da03b-a6a4-4f92-a874-dc44e968f89c,11,3.0,,,,9.37,10.27,8.25,9.72,13.08,10.85
2025-12-16T09:42:49.801963,Recipe_A,455da03b-a6a4-4f92-a874-dc44e968f89c,11,3.0,,,,6.18,11.76,9.53,8.09,9.12,10.29
2025-12-16T09:42:50.801963,Recipe_A,455da03b-a6a4-4f92-a874-dc44e968f89c,11,3.0,,,,9.41,10.74,9.41,13.05,11.39,9.25
2025-12-16T09:42:51.801963,Recipe_A,455da03b-a6a4-4f92-a874-dc44e968f89c,11,3.0,,,,8.69,9.22,11.67,10.58,12.68,10.08
2025-12-16T09:42:52.801963,Recipe_A,455da03b-a6a4-4f92-a874-dc44e968f89c,11,3.0,,,,10.37,8.88,10.91,9.62,10.92,10.75
2025-12-16T09:42:53.801963,Recipe_A,455da03b-a6a4-4f92-a874-dc44e968f89c,11,3.0,,,,11.03,10.9,10.55,11.76,11.29,5.48
2025-12-16T09:42:54.801963,Recipe_A,455da03b-a6a4-4f92-a874-dc44e968f89c,11,3.0,,,,9.3,11.09,11.27,9.64,10.86,13.33
2025-12-16T09:42:55.801963,Recipe_A,455da03b-a6a4-4f92-a874-dc44e968f89c,11,3.0,,,,7.15,9.17,10.83,5.62,9.2,13.42
2025-12-16T09:42:56.801963,Recipe_A,455da03b-a6a4-4f92-a874-dc44e968f89c,11,3.0,,,,11.97,10.02,7.46,13.93,9.93,14.25
2025-12-16T09:42:57.801963,Recipe_A,455da03b-a6a4-4f92-a874-dc44e968f89c,11,3.0,,,,10.44,8.64,11.38,8.25,12.42,10.63
2025-12-16T09:42:58.801963,Recipe_A,455da03b-a6a4-4f92-a874-dc44e968f89c,11,3.0,,,,10.43,9.35,8.25,12.31,10.65,10.77
2025-12-16T09:42:59.801963,Recipe_A,455da03b-a6a4-4f92-a874-dc44e968f89c,11,3.0,,,,10.59,11.57,9.79,14.5,11.95,12.22
2025-12-16T09:43:00.801963,Recipe_A,455da03b-a6a4-4f92-a874-dc44e968f89c,11,3.0,,,,6.9,5.37,8.91,11.26,9.62,11.69
2025-12-16T09:43:01.801963,Recipe_A,455da03b-a6a4-4f92-a874-dc44e968f89c,11,3.0,,,,7.24,9.65,7.85,14.11,6.31,7.9
2025-12-16T09:43:02.801963,Recipe_A,455da03b-a6a4-4f92-a874-dc44e968f89c,11,3.0,,,,12.39,9.01,11.04,8.1,10.85,11.06
2025-12-16T09:43:03.801963,Recipe_A,455da03b-a6a4-4f92-a874-dc44e968f89c,11,5.0,,,,9.11,9.23,8.89,9.4,14.41,10.15
2025-12-16T09:43:04.801963,Recipe_A,455da03b-a6a4-4f92-a874-dc44e968f89c,11,5.0,,,,9.71,7.49,12.24,10.37,5.65,8.15
2025-12-16T09:43:05.801963,Recipe_A,455da03b-a6a4-4f92-a874-dc44e968f89c,11,5.0,,,,10.81,9.57,11.18,9.7,10.73,9.29
2025-12-16T09:43:06.801963,Recipe_A,455da03b-a6a4-4f92-a874-dc44e968f89c,11,5.0,,,,9.36,9.93,8.63,13.39,9.96,9.15
2025-12-16T09:43:07.801963,Recipe_A,455da03b-a6a4-4f92-a874-dc44e968f89c,11,5.0,,,,11.03,7.77,7.37,4.85,6.68,11.21
2025-12-16T09:43:08.801963,Recipe_A,455da03b-a6a4-4f92-a874-dc44e968f89c,11,5.0,,,,11.29,9.04,7.62,9.57,8.54,10.26
2025-12-16T09:43:09.801963,Recipe_A,455da03b-a6a4-4f92-a874-dc44e968f89c,11,5.0,,,,14.64,10.73,9.73,9.82,8.99,8.68
2025-12-16T09:43:10.801963,Recipe_A,455da03b-a6a4-4f92-a874-dc44e968f89c,11,5.0,,,,5.78,12.86,10.08,9.5,9.42,9.57
2025-12-16T09:43:11.801963,Recipe_A,455da03b-a6a4-4f92-a874-dc44e968f89c,11,5.0,,,,11.35,11.61,7.77,10.69,7.72,9.08
2025-12-16T09:43:12.801963,Recipe_A,455da03b-a6a4-4f92-a874-dc44e968f89c,11,5.0,,,,7.75,9.14,10.59,8.21,7.16,10.72
2025-12-16T09:43:13.801963,Recipe_A,455da03b-a6a4-4f92-a874-dc44e968f89c,11,5.0,,,,8.47,8.42,8.7,10.98,11.0,11.44
2025-12-16T09:43:14.801963,Recipe_A,455da03b-a6a4-4f92-a874-dc44e968f89c,11,5.0,,,,8.65,9.31,12.49,11.33,13.14,12.33
2025-12-16T09:43:15.801963,Recipe_A,455da03b-a6a4-4f92-a874-dc44e968f89c,11,5.0,,,,9.37,12.52,5.88,7.6,10.07,10.98
2025-12-16T09:43:16.801963,Recipe_A,455da03b-a6a4-4f92-a874-dc44e968f89c,11,5.0,,,,9.22,12.64,6.34,8.81,6.9,14.84
2025-12-16T09:43:17.801963,Recipe_A,455da03b-a6a4-4f92-a874-dc44e968f89c,11,5.0,,,,9.31,10.03,9.27,9.56,10.18,6.16
2025-12-16T09:43:18.801963,Recipe_A,455da03b-a6a4-4f92-a874-dc44e968f89c,11,5.0,,,,11.2,10.36,8.83,10.17,11.08,12.43
2025-12-16T09:43:19.801963,Recipe_A,455da03b-a6a4-4f92-a874-dc44e968f89c,11,5.0,,,,10.65,9.62,5.71,9.08,9.65,12.53
2025-12-16T09:43:20.801963,Recipe_A,455da03b-a6a4-4f92-a874-dc44e968f89c,11,5.0,,,,7.36,6.99,10.33,10.5,9.99,6.94
2025-12-16T09:43:21.801963,Recipe_A,455da03b-a6a4-4f92-a874-dc44e968f89c,11,5.0,,,,9.45,11.0,9.58,8.63,6.69,8.68
2025-12-16T09:43:22.801963,Recipe_A,455da03b-a6a4-4f92-a874-dc44e968f89c,11,5.0,,,,10.38,9.52,10.19,7.8,10.97,8.77
2025-12-16T09:43:23.801963,Recipe_A,455da03b-a6a4-4f92-a874-dc44e968f89c,11,5.0,,,,9.23,13.48,10.5,11.28,9.74,11.16
2025-12-16T09:43:24.801963,Recipe_A,455da03b-a6a4-4f92-a874-dc44e968f89c,11,5.0,,,,9.09,8.63,7.2,7.3,12.18,10.34
2025-12-16T09:43:24.801963,Recipe_A,455da03b-a6a4-4f92-a874-dc44e968f89c,11,5.0,Warning_5,Simulated Warning occurred,Warning,,,,,,
2025-12-16T09:43:25.801963,Recipe_A,455da03b-a6a4-4f92-a874-dc44e968f89c,11,5.0,,,,10.1,11.39,15.12,10.68,8.8,9.55
2025-12-16T09:43:26.801963,Recipe_A,455da03b-a6a4-4f92-a874-dc44e968f89c,11,5.0,,,,16.15,11.43,10.81,6.37,9.63,14.28
2025-12-16T09:43:27.801963,Recipe_A,455da03b-a6a4-4f92-a874-dc44e968f89c,11,5.0,,,,9.69,11.74,10.89,6.6,9.18,7.23
2025-12-16T09:43:28.801963,Recipe_A,455da03b-a6a4-4f92-a874-dc44e968f89c,11,5.0,,,,9.4,8.79,10.97,8.61,10.8,12.98
2025-12-16T09:43:29.801963,Recipe_A,455da03b-a6a4-4f92-a874-dc44e968f89c,11,5.0,,,,10.1,8.64,8.06,11.35,11.6,9.55
2025-12-16T09:43:30.801963,Recipe_A,455da03b-a6a4-4f92-a874-dc44e968f89c,11,5.0,,,,11.34,11.39,5.4,8.93,9.49,9.45
2025-12-16T09:43:31.801963,Recipe_A,455da03b-a6a4-4f92-a874-dc44e968f89c,11,5.0,,,,10.41,6.33,7.82,10.01,10.0,9.79
2025-12-16T09:43:32.801963,Recipe_A,455da03b-a6a4-4f92-a874-dc44e968f89c,11,5.0,,,,8.05,6.53,11.5,10.59,9.52,9.49
2025-12-16T09:43:33.801963,Recipe_A,455da03b-a6a4-4f92-a874-dc44e968f89c,11,5.0,,,,8.64,11.04,10.26,8.25,6.42,9.38
2025-12-16T09:43:34.801963,Recipe_A,455da03b-a6a4-4f92-a874-dc44e968f89c,11,5.0,,,,11.12,4.53,6.82,7.34,9.59,12.04
2025-12-16T09:43:35.801963,Recipe_A,455da03b-a6a4-4f92-a874-dc44e968f89c,11,5.0,,,,3.85,12.46,7.12,10.04,10.74,11.38
2025-12-16T09:43:36.801963,Recipe_A,455da03b-a6a4-4f92-a874-dc44e968f89c,11,5.0,,,,6.14,10.27,8.66,7.95,8.71,10.13
2025-12-16T09:43:37.801963,Recipe_A,455da03b-a6a4-4f92-a874-dc44e968f89c,11,5.0,,,,10.53,7.3,10.31,8.9,11.79,10.65
2025-12-16T09:43:38.801963,Recipe_A,455da03b-a6a4-4f92-a874-dc44e968f89c,11,5.0,,,,4.89,7.73,6.99,10.52,13.15,8.96
2025-12-16T09:43:39.801963,Recipe_A,455da03b-a6a4-4f92-a874-dc44e968f89c,11,5.0,,,,10.76,8.58,6.88,8.92,11.43,7.07
2025-12-16T09:43:40.801963,Recipe_A,455da03b-a6a4-4f92-a874-dc44e968f89c,11,5.0,,,,9.21,7.57,7.11,8.72,6.91,8.23
2025-12-16T09:43:41.801963,Recipe_A,455da03b-a6a4-4f92-a874-dc44e968f89c,11,5.0,,,,9.44,10.78,7.89,12.04,11.63,11.94
2025-12-16T09:43:42.801963,Recipe_A,455da03b-a6a4-4f92-a874-dc44e968f89c,11,5.0,,,,8.56,10.35,8.52,7.25,10.38,8.74
2025-12-16T09:43:43.801963,Recipe_A,455da03b-a6a4-4f92-a874-dc44e968f89c,11,5.0,,,,10.44,10.11,11.36,6.97,9.12,7.64
2025-12-16T09:43:44.801963,Recipe_A,455da03b-a6a4-4f92-a874-dc44e968f89c,11,5.0,,,,8.57,12.46,11.32,12.97,8.07,9.0
2025-12-16T09:43:45.801963,Recipe_A,455da03b-a6a4-4f92-a874-dc44e968f89c,11,5.0,,,,14.51,12.67,11.28,11.61,10.26,7.14
2025-12-16T09:43:46.801963,Recipe_A,455da03b-a6a4-4f92-a874-dc44e968f89c,11,5.0,,,,7.58,9.52,8.8,12.61,4.63,11.08
2025-12-16T09:43:47.801963,Recipe_A,455da03b-a6a4-4f92-a874-dc44e968f89c,11,5.0,,,,9.3,9.38,11.61,7.17,13.81,9.05
2025-12-16T09:43:48.801963,Recipe_A,455da03b-a6a4-4f92-a874-dc44e968f89c,11,5.0,,,,9.71,11.34,9.78,8.77,7.17,7.18
2025-12-16T09:43:49.801963,Recipe_A,455da03b-a6a4-4f92-a874-dc44e968f89c,11,5.0,,,,7.98,7.95,11.49,8.21,10.84,8.86
2025-12-16T09:43:50.801963,Recipe_A,455da03b-a6a4-4f92-a874-dc44e968f89c,11,5.0,,,,10.16,10.07,8.89,9.56,10.04,13.09
2025-12-16T09:43:51.801963,Recipe_A,455da03b-a6a4-4f92-a874-dc44e968f89c,11,5.0,,,,11.36,11.69,9.01,8.14,7.81,10.42
2025-12-16T09:43:52.801963,Recipe_A,455da03b-a6a4-4f92-a874-dc44e968f89c,11,5.0,,,,12.22,8.59,11.81,10.98,12.67,11.55
2025-12-16T09:43:53.801963,Recipe_A,455da03b-a6a4-4f92-a874-dc44e968f89c,11,5.0,,,,10.09,10.21,10.46,7.51,10.28,9.56
2025-12-16T09:43:54.801963,Recipe_A,455da03b-a6a4-4f92-a874-dc44e968f89c,11,5.0,,,,12.16,8.76,6.9,8.8,12.44,10.53
2025-12-16T09:43:55.801963,Recipe_A,455da03b-a6a4-4f92-a874-dc44e968f89c,11,5.0,,,,11.97,11.85,8.84,8.47,9.12,11.85
2025-12-16T09:43:56.801963,Recipe_A,455da03b-a6a4-4f92-a874-dc44e968f89c,11,5.0,,,,10.11,10.75,12.8,14.0,10.61,12.72
2025-12-16T09:43:57.801963,Recipe_A,455da03b-a6a4-4f92-a874-dc44e968f89c,11,5.0,,,,10.84,10.41,8.8,10.23,7.96,7.91
2025-12-16T09:43:58.801963,Recipe_A,455da03b-a6a4-4f92-a874-dc44e968f89c,11,5.0,,,,10.47,6.98,11.05,10.86,11.83,11.11
2025-12-16T09:43:59.801963,Recipe_A,455da03b-a6a4-4f92-a874-dc44e968f89c,11,5.0,,,,9.37,8.9,10.4,10.23,7.2,7.11
2025-12-16T09:44:00.801963,Recipe_A,455da03b-a6a4-4f92-a874-dc44e968f89c,11,5.0,,,,9.54,12.86,11.79,6.93,10.64,7.28
2025-12-16T09:44:01.801963,Recipe_A,455da03b-a6a4-4f92-a874-dc44e968f89c,11,5.0,,,,11.14,12.52,9.31,8.49,8.05,6.08
2025-12-16T09:44:02.801963,Recipe_A,455da03b-a6a4-4f92-a874-dc44e968f89c,11,5.0,,,,10.11,11.76,11.77,12.68,12.87,9.26
2025-12-16T09:44:03.801963,Recipe_A,455da03b-a6a4-4f92-a874-dc44e968f89c,11,5.0,,,,9.56,8.7,9.57,9.87,4.79,9.43
2025-12-16T09:44:04.801963,Recipe_A,455da03b-a6a4-4f92-a874-dc44e968f89c,11,5.0,,,,11.49,7.96,9.71,10.48,9.61,10.79
2025-12-16T09:44:05.801963,Recipe_A,455da03b-a6a4-4f92-a874-dc44e968f89c,11,5.0,,,,7.11,6.61,12.53,6.37,11.41,11.95
2025-12-16T09:44:06.801963,Recipe_A,455da03b-a6a4-4f92-a874-dc44e968f89c,11,5.0,,,,7.15,10.36,6.95,8.46,8.65,11.45
2025-12-16T09:44:07.801963,Recipe_A,455da03b-a6a4-4f92-a874-dc44e968f89c,11,5.0,,,,10.9,10.19,12.89,9.64,13.48,13.3
2025-12-16T09:44:08.801963,Recipe_A,455da03b-a6a4-4f92-a874-dc44e968f89c,11,5.0,,,,12.52,11.55,11.64,9.84,10.95,11.23
2025-12-16T09:44:09.801963,Recipe_A,455da03b-a6a4-4f92-a874-dc44e968f89c,11,5.0,,,,12.39,7.25,6.93,11.39,11.15,12.18
2025-12-16T09:44:10.801963,Recipe_A,455da03b-a6a4-4f92-a874-dc44e968f89c,11,5.0,,,,9.3,10.77,8.27,10.57,10.84,8.22
2025-12-16T09:44:11.801963,Recipe_A,455da03b-a6a4-4f92-a874-dc44e968f89c,11,5.0,,,,10.49,14.84,9.97,10.46,12.18,9.06
2025-12-16T09:44:12.801963,Recipe_A,455da03b-a6a4-4f92-a874-dc44e968f89c,11,5.0,,,,9.95,8.71,9.82,14.29,10.8,12.22
2025-12-16T09:44:13.801963,Recipe_A,455da03b-a6a4-4f92-a874-dc44e968f89c,11,5.0,,,,6.2,10.17,10.07,11.84,9.13,13.49
2025-12-16T09:44:14.801963,Recipe_A,455da03b-a6a4-4f92-a874-dc44e968f89c,11,5.0,,,,8.62,12.12,9.11,10.34,7.86,12.99
2025-12-16T09:44:15.801963,Recipe_A,455da03b-a6a4-4f92-a874-dc44e968f89c,11,5.0,,,,9.82,6.33,9.89,12.74,10.36,8.99
2025-12-16T09:44:16.801963,Recipe_A,455da03b-a6a4-4f92-a874-dc44e968f89c,11,5.0,,,,7.32,10.05,8.89,8.56,10.09,8.68
2025-12-16T09:44:17.801963,Recipe_A,455da03b-a6a4-4f92-a874-dc44e968f89c,11,5.0,,,,12.19,9.87,9.33,7.74,7.67,7.39
2025-12-16T09:44:18.801963,Recipe_A,455da03b-a6a4-4f92-a874-dc44e968f89c,11,5.0,,,,9.74,8.67,9.32,10.92,9.62,8.75
2025-12-16T09:44:19.801963,Recipe_A,455da03b-a6a4-4f92-a874-dc44e968f89c,11,5.0,,,,9.78,6.6,8.23,10.22,6.5,7.47
2025-12-16T09:44:20.801963,Recipe_A,455da03b-a6a4-4f92-a874-dc44e968f89c,11,5.0,,,,12.51,11.08,6.76,7.01,10.23,6.13
2025-12-16T09:44:21.801963,Recipe_A,455da03b-a6a4-4f92-a874-dc44e968f89c,11,5.0,,,,10.99,12.94,10.5,8.44,9.52,9.4
2025-12-16T09:44:22.801963,Recipe_A,455da03b-a6a4-4f92-a874-dc44e968f89c,11,5.0,,,,13.34,3.27,13.27,12.85,12.08,10.55
2025-12-16T09:44:23.801963,Recipe_A,455da03b-a6a4-4f92-a874-dc44e968f89c,11,5.0,,,,12.39,9.0,7.56,8.81,9.95,13.5
2025-12-16T09:44:24.801963,Recipe_A,455da03b-a6a4-4f92-a874-dc44e968f89c,11,5.0,,,,8.08,6.1,9.53,6.93,6.03,9.85
2025-12-16T09:44:25.801963,Recipe_A,455da03b-a6a4-4f92-a874-dc44e968f89c,11,5.0,,,,12.24,8.41,13.04,9.39,9.97,8.52
2025-12-16T09:44:26.801963,Recipe_A,455da03b-a6a4-4f92-a874-dc44e968f89c,11,5.0,,,,14.5,10.57,8.76,12.03,10.04,9.97
2025-12-16T09:44:27.801963,Recipe_A,455da03b-a6a4-4f92-a874-dc44e968f89c,11,5.0,,,,11.25,9.36,8.71,10.45,10.78,8.27
2025-12-16T09:44:28.801963,Recipe_A,455da03b-a6a4-4f92-a874-dc44e968f89c,11,5.0,,,,7.61,9.9,10.96,9.96,11.84,8.01
2025-12-16T09:44:29.801963,Recipe_A,455da03b-a6a4-4f92-a874-dc44e968f89c,11,5.0,,,,7.51,12.97,9.8,11.39,11.55,8.38
2025-12-16T09:44:30.801963,Recipe_A,455da03b-a6a4-4f92-a874-dc44e968f89c,11,0.0,,,,0.0,0.0,0.0,0.0,0.0,0.0
2025-12-16T09:44:31.801963,Recipe_A,455da03b-a6a4-4f92-a874-dc44e968f89c,11,0.0,,,,0.0,0.0,0.0,0.0,0.0,0.0
2025-12-16T09:44:32.801963,Recipe_A,455da03b-a6a4-4f92-a874-dc44e968f89c,11,0.0,,,,0.0,0.0,0.0,0.0,0.0,0.0
2025-12-16T09:44:33.801963,Recipe_A,455da03b-a6a4-4f92-a874-dc44e968f89c,11,0.0,,,,0.0,0.0,0.0,0.0,0.0,0.0
2025-12-16T09:44:34.801963,Recipe_A,455da03b-a6a4-4f92-a874-dc44e968f89c,11,0.0,,,,0.0,0.0,0.0,0.0,0.0,0.0
2025-12-16T09:44:35.801963,Recipe_A,455da03b-a6a4-4f92-a874-dc44e968f89c,11,0.0,,,,0.0,0.0,0.0,0.0,0.0,0.0
2025-12-16T09:44:36.801963,Recipe_A,455da03b-a6a4-4f92-a874-dc44e968f89c,11,0.0,,,,0.0,0.0,0.0,0.0,0.0,0.0
2025-12-16T09:44:37.801963,Recipe_A,455da03b-a6a4-4f92-a874-dc44e968f89c,11,0.0,,,,0.0,0.0,0.0,0.0,0.0,0.0
2025-12-16T09:44:38.801963,Recipe_A,455da03b-a6a4-4f92-a874-dc44e968f89c,11,0.0,,,,0.0,0.0,0.0,0.0,0.0,0.0
2025-12-16T09:44:39.801963,Recipe_A,455da03b-a6a4-4f92-a874-dc44e968f89c,11,0.0,,,,0.0,0.0,0.0,0.0,0.0,0.0
2025-12-16T09:44:40.801963,Recipe_A,455da03b-a6a4-4f92-a874-dc44e968f89c,11,0.0,,,,0.0,0.0,0.0,0.0,0.0,0.0
2025-12-16T09:44:41.801963,Recipe_A,455da03b-a6a4-4f92-a874-dc44e968f89c,11,0.0,,,,0.0,0.0,0.0,0.0,0.0,0.0
2025-12-16T09:44:42.801963,Recipe_A,455da03b-a6a4-4f92-a874-dc44e968f89c,11,0.0,,,,0.0,0.0,0.0,0.0,0.0,0.0
2025-12-16T09:44:43.801963,Recipe_A,455da03b-a6a4-4f92-a874-dc44e968f89c,11,0.0,,,,0.0,0.0,0.0,0.0,0.0,0.0
2025-12-16T09:44:44.801963,Recipe_A,455da03b-a6a4-4f92-a874-dc44e968f89c,11,0.0,,,,0.0,0.0,0.0,0.0,0.0,0.0
2025-12-16T09:44:45.801963,Recipe_A,455da03b-a6a4-4f92-a874-dc44e968f89c,11,4.0,,,,101.88,55.32,48.62,43.43,53.34,52.74
2025-12-16T09:44:45.801963,Recipe_A,455da03b-a6a4-4f92-a874-dc44e968f89c,11,4.0,Warning_9,Simulated Warning occurred,Warning,,,,,,
2025-12-16T09:44:46.801963,Recipe_A,455da03b-a6a4-4f92-a874-dc44e968f89c,11,4.0,,,,106.91,50.34,58.81,50.22,51.18,47.92
2025-12-16T09:44:46.801963,Recipe_A,455da03b-a6a4-4f92-a874-dc44e968f89c,11,4.0,Warning_1,Simulated Warning occurred,Warning,,,,,,
2025-12-16T09:44:47.801963,Recipe_A,455da03b-a6a4-4f92-a874-dc44e968f89c,11,4.0,,,,98.99,45.76,52.32,46.77,52.34,47.27
2025-12-16T09:44:48.801963,Recipe_A,455da03b-a6a4-4f92-a874-dc44e968f89c,11,4.0,,,,100.09,44.72,49.25,52.24,56.28,50.77
2025-12-16T09:44:49.801963,Recipe_A,455da03b-a6a4-4f92-a874-dc44e968f89c,11,4.0,,,,100.59,47.22,53.87,52.47,48.71,51.62
2025-12-16T09:44:50.801963,Recipe_A,455da03b-a6a4-4f92-a874-dc44e968f89c,11,4.0,,,,99.34,52.52,52.39,50.64,53.17,53.93
2025-12-16T09:44:51.801963,Recipe_A,455da03b-a6a4-4f92-a874-dc44e968f89c,11,4.0,,,,111.56,48.22,42.94,50.66,49.79,51.22
2025-12-16T09:44:52.801963,Recipe_A,455da03b-a6a4-4f92-a874-dc44e968f89c,11,4.0,,,,98.13,54.28,48.71,51.49,49.22,48.79
2025-12-16T09:44:53.801963,Recipe_A,455da03b-a6a4-4f92-a874-dc44e968f89c,11,3.0,,,,10.94,9.02,14.47,8.95,11.57,11.19
2025-12-16T09:44:54.801963,Recipe_A,455da03b-a6a4-4f92-a874-dc44e968f89c,11,3.0,,,,7.72,10.35,7.22,9.27,11.3,7.28
2025-12-16T09:44:55.801963,Recipe_A,455da03b-a6a4-4f92-a874-dc44e968f89c,11,3.0,,,,9.39,12.37,11.61,8.66,11.03,6.55
2025-12-16T09:44:56.801963,Recipe_A,455da03b-a6a4-4f92-a874-dc44e968f89c,11,3.0,,,,10.03,11.29,11.63,10.27,10.13,9.82
2025-12-16T09:44:57.801963,Recipe_A,455da03b-a6a4-4f92-a874-dc44e968f89c,11,3.0,,,,10.14,8.54,10.82,7.42,8.26,9.0
2025-12-16T09:44:58.801963,Recipe_A,455da03b-a6a4-4f92-a874-dc44e968f89c,11,3.0,,,,11.78,12.97,11.88,10.79,8.42,14.15
2025-12-16T09:44:59.801963,Recipe_A,455da03b-a6a4-4f92-a874-dc44e968f89c,11,1.0,,,,8.91,9.38,12.42,14.75,12.66,9.29
2025-12-16T09:45:00.801963,Recipe_A,455da03b-a6a4-4f92-a874-dc44e968f89c,11,1.0,,,,8.18,13.02,13.29,11.64,13.71,11.84
2025-12-16T09:45:01.801963,Recipe_A,455da03b-a6a4-4f92-a874-dc44e968f89c,11,1.0,,,,8.52,9.39,5.91,11.03,11.87,10.0
2025-12-16T09:45:02.801963,Recipe_A,455da03b-a6a4-4f92-a874-dc44e968f89c,11,1.0,,,,7.98,9.98,9.31,8.15,11.27,10.41
2025-12-16T09:45:03.801963,Recipe_A,455da03b-a6a4-4f92-a874-dc44e968f89c,11,1.0,,,,11.31,7.8,8.08,10.43,13.61,10.56
2025-12-16T09:45:04.801963,Recipe_A,455da03b-a6a4-4f92-a874-dc44e968f89c,11,1.0,,,,10.39,11.18,14.65,9.22,7.58,11.14
2025-12-16T09:45:05.801963,Recipe_A,455da03b-a6a4-4f92-a874-dc44e968f89c,11,1.0,,,,9.57,9.02,11.18,10.18,11.18,7.07
2025-12-16T09:45:06.801963,Recipe_A,455da03b-a6a4-4f92-a874-dc44e968f89c,11,1.0,,,,13.36,10.11,8.64,11.99,12.59,11.3
2025-12-16T09:45:07.801963,Recipe_A,455da03b-a6a4-4f92-a874-dc44e968f89c,11,1.0,,,,9.48,4.86,6.01,10.43,10.87,12.19
2025-12-16T09:45:08.801963,Recipe_A,455da03b-a6a4-4f92-a874-dc44e968f89c,11,1.0,,,,11.7,10.72,10.03,13.4,9.32,8.59
2025-12-16T09:45:09.801963,Recipe_A,455da03b-a6a4-4f92-a874-dc44e968f89c,11,1.0,,,,13.88,8.66,8.47,8.47,9.35,8.76
2025-12-16T09:45:10.801963,Recipe_A,455da03b-a6a4-4f92-a874-dc44e968f89c,11,1.0,,,,11.96,9.32,10.52,9.98,8.38,11.34
2025-12-16T09:45:11.801963,Recipe_A,455da03b-a6a4-4f92-a874-dc44e968f89c,11,1.0,,,,6.34,8.05,8.12,6.88,10.06,8.4
2025-12-16T09:45:12.801963,Recipe_A,455da03b-a6a4-4f92-a874-dc44e968f89c,11,1.0,,,,7.21,11.08,8.36,7.59,11.12,12.26
2025-12-16T09:45:13.801963,Recipe_A,455da03b-a6a4-4f92-a874-dc44e968f89c,11,1.0,,,,7.42,12.91,9.43,9.89,6.94,11.76
2025-12-16T09:45:14.801963,Recipe_A,455da03b-a6a4-4f92-a874-dc44e968f89c,11,1.0,,,,8.9,12.37,11.0,9.32,10.59,7.25
2025-12-16T09:45:15.801963,Recipe_A,455da03b-a6a4-4f92-a874-dc44e968f89c,11,1.0,,,,9.62,11.18,11.99,12.06,10.6,6.15
2025-12-16T09:45:16.801963,Recipe_A,455da03b-a6a4-4f92-a874-dc44e968f89c,11,1.0,,,,11.5,9.21,7.97,6.82,6.6,9.47
2025-12-16T09:45:17.801963,Recipe_A,455da03b-a6a4-4f92-a874-dc44e968f89c,11,0.0,,,,0.0,0.0,0.0,0.0,0.0,0.0
2025-12-16T09:45:18.801963,Recipe_A,455da03b-a6a4-4f92-a874-dc44e968f89c,11,0.0,,,,0.0,0.0,0.0,0.0,0.0,0.0
2025-12-16T09:45:19.801963,Recipe_A,455da03b-a6a4-4f92-a874-dc44e968f89c,11,0.0,,,,0.0,0.0,0.0,0.0,0.0,0.0
2025-12-16T09:45:20.801963,Recipe_A,455da03b-a6a4-4f92-a874-dc44e968f89c,11,0.0,,,,0.0,0.0,0.0,0.0,0.0,0.0
2025-12-16T09:45:21.801963,Recipe_A,455da03b-a6a4-4f92-a874-dc44e968f89c,11,0.0,,,,0.0,0.0,0.0,0.0,0.0,0.0
2025-12-16T09:45:22.801963,Recipe_A,455da03b-a6a4-4f92-a874-dc44e968f89c,11,0.0,,,,0.0,0.0,0.0,0.0,0.0,0.0
2025-12-16T09:45:23.801963,Recipe_A,455da03b-a6a4-4f92-a874-dc44e968f89c,11,0.0,,,,0.0,0.0,0.0,0.0,0.0,0.0
2025-12-16T09:45:24.801963,Recipe_A,455da03b-a6a4-4f92-a874-dc44e968f89c,11,0.0,,,,0.0,0.0,0.0,0.0,0.0,0.0
2025-12-16T09:45:25.801963,Recipe_A,455da03b-a6a4-4f92-a874-dc44e968f89c,11,0.0,,,,0.0,0.0,0.0,0.0,0.0,0.0
2025-12-16T09:45:26.801963,Recipe_A,455da03b-a6a4-4f92-a874-dc44e968f89c,11,0.0,,,,0.0,0.0,0.0,0.0,0.0,0.0
2025-12-16T09:45:27.801963,Recipe_A,455da03b-a6a4-4f92-a874-dc44e968f89c,11,0.0,,,,0.0,0.0,0.0,0.0,0.0,0.0
2025-12-16T09:45:28.801963,Recipe_A,455da03b-a6a4-4f92-a874-dc44e968f89c,11,0.0,,,,0.0,0.0,0.0,0.0,0.0,0.0
2025-12-16T09:45:29.801963,Recipe_A,455da03b-a6a4-4f92-a874-dc44e968f89c,11,0.0,,,,0.0,0.0,0.0,0.0,0.0,0.0
2025-12-16T09:45:30.801963,Recipe_A,455da03b-a6a4-4f92-a874-dc44e968f89c,11,0.0,,,,0.0,0.0,0.0,0.0,0.0,0.0
2025-12-16T09:45:31.801963,Recipe_A,455da03b-a6a4-4f92-a874-dc44e968f89c,11,0.0,,,,0.0,0.0,0.0,0.0,0.0,0.0
2025-12-16T09:45:32.801963,Recipe_A,455da03b-a6a4-4f92-a874-dc44e968f89c,11,0.0,,,,0.0,0.0,0.0,0.0,0.0,0.0
2025-12-16T09:45:33.801963,Recipe_A,455da03b-a6a4-4f92-a874-dc44e968f89c,11,0.0,,,,0.0,0.0,0.0,0.0,0.0,0.0
2025-12-16T09:45:34.801963,Recipe_A,455da03b-a6a4-4f92-a874-dc44e968f89c,11,0.0,,,,0.0,0.0,0.0,0.0,0.0,0.0
2025-12-16T09:45:35.801963,Recipe_A,455da03b-a6a4-4f92-a874-dc44e968f89c,11,0.0,,,,0.0,0.0,0.0,0.0,0.0,0.0
2025-12-16T09:45:36.801963,Recipe_A,455da03b-a6a4-4f92-a874-dc44e968f89c,11,0.0,,,,0.0,0.0,0.0,0.0,0.0,0.0
2025-12-16T09:45:37.801963,Recipe_A,455da03b-a6a4-4f92-a874-dc44e968f89c,11,0.0,,,,0.0,0.0,0.0,0.0,0.0,0.0
2025-12-16T09:45:38.801963,Recipe_A,455da03b-a6a4-4f92-a874-dc44e968f89c,11,0.0,,,,0.0,0.0,0.0,0.0,0.0,0.0
2025-12-16T09:45:39.801963,Recipe_A,455da03b-a6a4-4f92-a874-dc44e968f89c,11,0.0,,,,0.0,0.0,0.0,0.0,0.0,0.0
2025-12-16T09:45:40.801963,Recipe_A,455da03b-a6a4-4f92-a874-dc44e968f89c,11,0.0,,,,0.0,0.0,0.0,0.0,0.0,0.0
2025-12-16T09:45:41.801963,Recipe_A,455da03b-a6a4-4f92-a874-dc44e968f89c,11,0.0,,,,0.0,0.0,0.0,0.0,0.0,0.0
2025-12-16T09:45:42.801963,Recipe_A,455da03b-a6a4-4f92-a874-dc44e968f89c,11,0.0,,,,0.0,0.0,0.0,0.0,0.0,0.0
2025-12-16T09:45:43.801963,Recipe_A,455da03b-a6a4-4f92-a874-dc44e968f89c,11,0.0,,,,0.0,0.0,0.0,0.0,0.0,0.0
2025-12-16T09:45:44.801963,Recipe_A,455da03b-a6a4-4f92-a874-dc44e968f89c,11,0.0,,,,0.0,0.0,0.0,0.0,0.0,0.0
2025-12-16T09:45:45.801963,Recipe_A,455da03b-a6a4-4f92-a874-dc44e968f89c,11,0.0,,,,0.0,0.0,0.0,0.0,0.0,0.0
2025-12-16T09:45:46.801963,Recipe_A,455da03b-a6a4-4f92-a874-dc44e968f89c,11,0.0,,,,0.0,0.0,0.0,0.0,0.0,0.0
2025-12-16T09:45:47.801963,Recipe_A,455da03b-a6a4-4f92-a874-dc44e968f89c,11,0.0,,,,0.0,0.0,0.0,0.0,0.0,0.0
2025-12-16T09:45:48.801963,Recipe_A,455da03b-a6a4-4f92-a874-dc44e968f89c,11,0.0,,,,0.0,0.0,0.0,0.0,0.0,0.0
2025-12-16T09:45:49.801963,Recipe_A,455da03b-a6a4-4f92-a874-dc44e968f89c,11,3.0,,,,10.38,10.81,11.47,5.91,11.9,8.32
2025-12-16T09:45:50.801963,Recipe_A,455da03b-a6a4-4f92-a874-dc44e968f89c,11,3.0,,,,12.46,11.37,14.66,12.59,7.53,15.6
2025-12-16T09:45:51.801963,Recipe_A,455da03b-a6a4-4f92-a874-dc44e968f89c,11,3.0,,,,10.19,10.9,10.11,10.13,8.33,12.29
2025-12-16T09:45:52.801963,Recipe_A,455da03b-a6a4-4f92-a874-dc44e968f89c,11,5.0,,,,7.09,7.76,9.75,8.97,10.12,12.73
2025-12-16T09:45:53.801963,Recipe_A,455da03b-a6a4-4f92-a874-dc44e968f89c,11,5.0,,,,7.68,10.46,10.31,9.73,10.33,8.74
2025-12-16T09:45:54.801963,Recipe_A,455da03b-a6a4-4f92-a874-dc44e968f89c,11,5.0,,,,8.57,9.14,9.45,8.56,12.28,7.09
2025-12-16T09:45:55.801963,Recipe_A,455da03b-a6a4-4f92-a874-dc44e968f89c,11,5.0,,,,9.93,10.9,10.48,10.81,10.12,11.24
2025-12-16T09:45:56.801963,Recipe_A,455da03b-a6a4-4f92-a874-dc44e968f89c,11,5.0,,,,11.22,10.78,7.92,4.39,8.8,9.4
2025-12-16T09:45:57.801963,Recipe_A,455da03b-a6a4-4f92-a874-dc44e968f89c,11,5.0,,,,10.77,10.71,10.31,12.92,7.58,9.13
2025-12-16T09:45:58.801963,Recipe_A,455da03b-a6a4-4f92-a874-dc44e968f89c,11,5.0,,,,9.86,14.03,11.18,9.04,13.62,10.54
2025-12-16T09:45:59.801963,Recipe_A,455da03b-a6a4-4f92-a874-dc44e968f89c,11,5.0,,,,8.71,17.52,10.84,10.91,10.38,8.86
2025-12-16T09:46:00.801963,Recipe_A,455da03b-a6a4-4f92-a874-dc44e968f89c,11,5.0,,,,8.27,10.59,8.43,8.89,8.99,9.67
2025-12-16T09:46:01.801963,Recipe_A,455da03b-a6a4-4f92-a874-dc44e968f89c,11,5.0,,,,12.42,11.52,8.43,14.02,8.62,9.06
2025-12-16T09:46:02.801963,Recipe_A,455da03b-a6a4-4f92-a874-dc44e968f89c,11,1.0,,,,6.45,8.21,9.41,5.54,8.72,7.21
2025-12-16T09:46:03.801963,Recipe_A,455da03b-a6a4-4f92-a874-dc44e968f89c,11,1.0,,,,9.66,11.73,11.89,11.35,8.38,6.97
2025-12-16T09:46:04.801963,Recipe_A,455da03b-a6a4-4f92-a874-dc44e968f89c,11,1.0,,,,12.97,8.74,11.76,7.23,9.5,8.09
2025-12-16T09:46:05.801963,Recipe_A,455da03b-a6a4-4f92-a874-dc44e968f89c,11,1.0,,,,11.64,6.51,7.56,8.89,14.76,10.02
2025-12-16T09:46:06.801963,Recipe_A,455da03b-a6a4-4f92-a874-dc44e968f89c,11,1.0,,,,10.39,10.11,9.75,11.73,7.02,10.42
2025-12-16T09:46:07.801963,Recipe_A,455da03b-a6a4-4f92-a874-dc44e968f89c,11,1.0,,,,9.22,8.31,12.0,10.55,10.67,10.3
2025-12-16T09:46:08.801963,Recipe_A,455da03b-a6a4-4f92-a874-dc44e968f89c,11,1.0,,,,9.29,10.97,9.33,9.57,10.81,9.42
2025-12-16T09:46:09.801963,Recipe_A,455da03b-a6a4-4f92-a874-dc44e968f89c,11,1.0,,,,9.61,9.81,9.86,9.96,6.86,8.78
2025-12-16T09:46:09.801963,Recipe_A,455da03b-a6a4-4f92-a874-dc44e968f89c,11,1.0,Warning_10,Simulated Warning occurred,Warning,,,,,,
2025-12-16T09:46:10.801963,Recipe_A,455da03b-a6a4-4f92-a874-dc44e968f89c,11,1.0,,,,8.47,6.9,9.37,6.67,10.35,5.99
2025-12-16T09:46:11.801963,Recipe_A,455da03b-a6a4-4f92-a874-dc44e968f89c,11,1.0,,,,9.56,11.03,8.79,12.41,11.77,9.17
2025-12-16T09:46:12.801963,Recipe_A,455da03b-a6a4-4f92-a874-dc44e968f89c,11,1.0,,,,13.15,10.45,6.26,8.51,6.82,14.21
2025-12-16T09:46:13.801963,Recipe_A,455da03b-a6a4-4f92-a874-dc44e968f89c,11,1.0,,,,11.32,9.5,8.98,9.66,11.75,8.55
2025-12-16T09:46:14.801963,Recipe_A,455da03b-a6a4-4f92-a874-dc44e968f89c,11,1.0,,,,6.84,8.52,9.65,8.75,14.0,10.51
2025-12-16T09:46:15.801963,Recipe_A,455da03b-a6a4-4f92-a874-dc44e968f89c,11,1.0,,,,12.46,12.53,12.24,8.61,6.57,13.2
2025-12-16T09:46:16.801963,Recipe_A,455da03b-a6a4-4f92-a874-dc44e968f89c,11,1.0,,,,11.53,5.13,9.59,10.97,9.81,6.08
2025-12-16T09:46:17.801963,Recipe_A,455da03b-a6a4-4f92-a874-dc44e968f89c,11,1.0,,,,9.66,11.56,8.42,6.4,8.32,11.11
2025-12-16T09:46:18.801963,Recipe_A,455da03b-a6a4-4f92-a874-dc44e968f89c,11,1.0,,,,10.24,11.23,11.34,14.35,9.77,9.74
2025-12-16T09:46:19.801963,Recipe_A,455da03b-a6a4-4f92-a874-dc44e968f89c,11,1.0,,,,7.85,11.28,7.5,8.8,9.34,11.45
2025-12-16T09:46:20.801963,Recipe_A,455da03b-a6a4-4f92-a874-dc44e968f89c,11,1.0,,,,9.26,9.49,9.88,10.21,13.11,11.24
2025-12-16T09:46:21.801963,Recipe_A,455da03b-a6a4-4f92-a874-dc44e968f89c,11,1.0,,,,10.5,6.34,10.61,11.2,10.14,16.79
2025-12-16T09:46:22.801963,Recipe_A,455da03b-a6a4-4f92-a874-dc44e968f89c,11,1.0,,,,11.83,8.89,10.78,9.71,8.5,9.76
2025-12-16T09:46:23.801963,Recipe_A,455da03b-a6a4-4f92-a874-dc44e968f89c,11,1.0,,,,10.45,11.87,8.92,6.21,12.15,11.25
2025-12-16T09:46:24.801963,Recipe_A,455da03b-a6a4-4f92-a874-dc44e968f89c,11,1.0,,,,8.65,10.87,11.04,5.53,10.71,9.25
2025-12-16T09:46:25.801963,Recipe_A,455da03b-a6a4-4f92-a874-dc44e968f89c,11,1.0,,,,8.96,10.8,8.94,11.8,12.5,9.35
2025-12-16T09:46:26.801963,Recipe_A,455da03b-a6a4-4f92-a874-dc44e968f89c,11,1.0,,,,9.53,7.57,7.81,5.81,10.0,10.29
2025-12-16T09:46:27.801963,Recipe_A,455da03b-a6a4-4f92-a874-dc44e968f89c,11,1.0,,,,7.39,13.03,11.35,10.7,10.43,7.1
2025-12-16T09:46:28.801963,Recipe_A,455da03b-a6a4-4f92-a874-dc44e968f89c,11,1.0,,,,14.39,13.15,7.66,9.23,8.55,11.29
2025-12-16T09:46:29.801963,Recipe_A,455da03b-a6a4-4f92-a874-dc44e968f89c,11,1.0,,,,10.82,10.12,11.22,9.79,11.72,12.25
2025-12-16T09:46:30.801963,Recipe_A,455da03b-a6a4-4f92-a874-dc44e968f89c,11,1.0,,,,8.87,12.08,9.25,7.23,6.28,10.93
2025-12-16T09:46:31.801963,Recipe_A,455da03b-a6a4-4f92-a874-dc44e968f89c,11,1.0,,,,13.35,12.76,6.97,7.11,12.37,13.43
2025-12-16T09:46:32.801963,Recipe_A,455da03b-a6a4-4f92-a874-dc44e968f89c,11,1.0,,,,12.78,13.93,5.89,7.63,8.73,10.56
2025-12-16T09:46:33.801963,Recipe_A,455da03b-a6a4-4f92-a874-dc44e968f89c,11,4.0,,,,95.11,47.49,48.97,52.23,56.01,64.95
2025-12-16T09:46:34.801963,Recipe_A,455da03b-a6a4-4f92-a874-dc44e968f89c,11,4.0,,,,107.42,47.96,53.28,46.99,57.73,45.72
2025-12-16T09:46:35.801963,Recipe_A,455da03b-a6a4-4f92-a874-dc44e968f89c,11,4.0,,,,94.35,54.61,52.5,42.77,51.81,55.22
2025-12-16T09:46:36.801963,Recipe_A,455da03b-a6a4-4f92-a874-dc44e968f89c,11,4.0,,,,104.12,54.01,45.63,44.07,56.67,52.92
2025-12-16T09:46:37.801963,Recipe_A,455da03b-a6a4-4f92-a874-dc44e968f89c,11,4.0,,,,100.6,56.18,42.21,57.4,52.82,50.91
2025-12-16T09:46:38.801963,Recipe_A,455da03b-a6a4-4f92-a874-dc44e968f89c,11,4.0,,,,97.23,58.08,52.07,49.03,55.37,62.57
2025-12-16T09:46:39.801963,Recipe_A,455da03b-a6a4-4f92-a874-dc44e968f89c,11,4.0,,,,103.93,45.08,46.08,53.84,54.52,47.25
2025-12-16T09:46:40.801963,Recipe_A,455da03b-a6a4-4f92-a874-dc44e968f89c,11,4.0,,,,100.77,54.2,49.43,48.17,53.3,54.03
2025-12-16T09:46:41.801963,Recipe_A,455da03b-a6a4-4f92-a874-dc44e968f89c,11,4.0,,,,103.98,37.2,50.72,50.91,48.47,46.06
2025-12-16T09:46:42.801963,Recipe_A,455da03b-a6a4-4f92-a874-dc44e968f89c,11,4.0,,,,100.49,50.98,46.52,52.89,50.8,53.51
2025-12-16T09:46:43.801963,Recipe_A,455da03b-a6a4-4f92-a874-dc44e968f89c,11,4.0,,,,103.7,53.82,53.27,45.87,56.71,49.18
2025-12-16T09:46:44.801963,Recipe_A,455da03b-a6a4-4f92-a874-dc44e968f89c,11,4.0,,,,95.18,54.88,58.91,54.12,51.84,59.57
2025-12-16T09:46:45.801963,Recipe_A,455da03b-a6a4-4f92-a874-dc44e968f89c,11,4.0,,,,95.91,49.11,45.92,50.45,50.5,54.6
2025-12-16T09:46:46.801963,Recipe_A,455da03b-a6a4-4f92-a874-dc44e968f89c,11,4.0,,,,92.73,51.7,45.73,47.49,48.3,42.24
2025-12-16T09:46:47.801963,Recipe_A,455da03b-a6a4-4f92-a874-dc44e968f89c,11,4.0,,,,103.81,53.14,45.89,44.05,43.75,58.41
2025-12-16T09:46:48.801963,Recipe_A,455da03b-a6a4-4f92-a874-dc44e968f89c,11,4.0,,,,106.69,46.1,58.99,50.58,49.24,41.79
2025-12-16T09:46:49.801963,Recipe_A,455da03b-a6a4-4f92-a874-dc44e968f89c,11,4.0,,,,104.87,47.89,41.19,45.88,53.53,53.13
2025-12-16T09:46:50.801963,Recipe_A,455da03b-a6a4-4f92-a874-dc44e968f89c,11,4.0,,,,99.46,61.96,51.33,59.88,48.93,46.62
2025-12-16T09:46:51.801963,Recipe_A,455da03b-a6a4-4f92-a874-dc44e968f89c,11,4.0,,,,89.54,53.1,48.57,47.97,53.13,44.42
2025-12-16T09:46:52.801963,Recipe_A,455da03b-a6a4-4f92-a874-dc44e968f89c,11,4.0,,,,104.58,64.52,46.94,47.63,44.62,40.56
2025-12-16T09:46:53.801963,Recipe_A,455da03b-a6a4-4f92-a874-dc44e968f89c,11,4.0,,,,97.38,38.79,46.28,58.3,53.77,51.42
2025-12-16T09:46:54.801963,Recipe_A,455da03b-a6a4-4f92-a874-dc44e968f89c,11,4.0,,,,101.43,49.36,57.19,50.31,54.23,51.05
2025-12-16T09:46:55.801963,Recipe_A,455da03b-a6a4-4f92-a874-dc44e968f89c,11,4.0,,,,98.74,46.89,56.38,51.72,53.28,50.26
2025-12-16T09:46:56.801963,Recipe_A,455da03b-a6a4-4f92-a874-dc44e968f89c,11,4.0,,,,95.46,45.64,57.97,44.66,53.92,54.4
2025-12-16T09:46:57.801963,Recipe_A,455da03b-a6a4-4f92-a874-dc44e968f89c,11,4.0,,,,95.81,54.82,42.4,55.42,41.89,51.76
2025-12-16T09:46:58.801963,Recipe_A,455da03b-a6a4-4f92-a874-dc44e968f89c,11,4.0,,,,99.65,47.93,51.63,42.21,46.77,46.69
2025-12-16T09:46:59.801963,Recipe_A,455da03b-a6a4-4f92-a874-dc44e968f89c,11,4.0,,,,104.82,38.87,50.17,52.02,55.22,54.92
2025-12-16T09:47:00.801963,Recipe_A,455da03b-a6a4-4f92-a874-dc44e968f89c,11,4.0,,,,101.61,45.39,50.71,53.86,38.09,50.11
2025-12-16T09:47:01.801963,Recipe_A,455da03b-a6a4-4f92-a874-dc44e968f89c,11,4.0,,,,95.02,42.6,46.22,52.2,49.82,59.51
2025-12-16T09:47:02.801963,Recipe_A,455da03b-a6a4-4f92-a874-dc44e968f89c,11,4.0,,,,100.83,49.84,51.6,43.49,50.41,52.6
2025-12-16T09:47:03.801963,Recipe_A,455da03b-a6a4-4f92-a874-dc44e968f89c,11,4.0,,,,108.94,43.18,43.8,47.56,58.04,47.69
2025-12-16T09:47:04.801963,Recipe_A,455da03b-a6a4-4f92-a874-dc44e968f89c,11,4.0,,,,99.74,51.72,48.43,51.24,54.55,47.16
2025-12-16T09:47:05.801963,Recipe_A,455da03b-a6a4-4f92-a874-dc44e968f89c,11,4.0,,,,105.51,50.25,53.46,54.22,52.26,50.84
2025-12-16T09:47:06.801963,Recipe_A,455da03b-a6a4-4f92-a874-dc44e968f89c,11,4.0,,,,101.99,52.64,52.16,58.25,51.84,51.95
2025-12-16T09:47:07.801963,Recipe_A,455da03b-a6a4-4f92-a874-dc44e968f89c,11,4.0,,,,102.88,53.99,52.38,52.26,49.07,45.23
2025-12-16T09:47:08.801963,Recipe_A,455da03b-a6a4-4f92-a874-dc44e968f89c,11,4.0,,,,97.56,58.27,45.35,51.66,43.88,50.93
2025-12-16T09:47:09.801963,Recipe_A,455da03b-a6a4-4f92-a874-dc44e968f89c,11,4.0,,,,90.57,46.71,47.39,52.27,54.59,50.62
2025-12-16T09:47:10.801963,Recipe_A,455da03b-a6a4-4f92-a874-dc44e968f89c,11,4.0,,,,102.36,54.77,53.09,49.49,51.62,45.61
2025-12-16T09:47:11.801963,Recipe_A,455da03b-a6a4-4f92-a874-dc44e968f89c,11,4.0,,,,101.69,59.26,50.35,57.21,56.24,47.88
2025-12-16T09:47:12.801963,Recipe_A,455da03b-a6a4-4f92-a874-dc44e968f89c,11,4.0,,,,101.65,48.01,48.59,43.2,48.54,52.97
2025-12-16T09:47:13.801963,Recipe_A,455da03b-a6a4-4f92-a874-dc44e968f89c,11,4.0,,,,101.9,48.15,42.14,44.44,48.18,41.71
2025-12-16T09:47:14.801963,Recipe_A,455da03b-a6a4-4f92-a874-dc44e968f89c,11,4.0,,,,99.35,41.39,49.58,56.44,47.97,48.04
2025-12-16T09:47:15.801963,Recipe_A,455da03b-a6a4-4f92-a874-dc44e968f89c,11,4.0,,,,96.25,50.82,46.62,45.8,47.47,47.59
2025-12-16T09:47:16.801963,Recipe_A,455da03b-a6a4-4f92-a874-dc44e968f89c,11,4.0,,,,106.82,49.99,50.91,51.17,45.72,50.7
2025-12-16T09:47:17.801963,Recipe_A,455da03b-a6a4-4f92-a874-dc44e968f89c,11,4.0,,,,92.29,51.55,50.66,47.71,45.5,44.5
2025-12-16T09:47:18.801963,Recipe_A,455da03b-a6a4-4f92-a874-dc44e968f89c,11,1.0,,,,9.43,9.13,9.41,10.27,12.68,11.12
2025-12-16T09:47:19.801963,Recipe_A,455da03b-a6a4-4f92-a874-dc44e968f89c,11,1.0,,,,13.13,7.92,12.88,5.05,12.53,13.67
2025-12-16T09:47:20.801963,Recipe_A,455da03b-a6a4-4f92-a874-dc44e968f89c,11,1.0,,,,7.82,8.05,9.81,9.27,12.48,10.74
2025-12-16T09:47:21.801963,Recipe_A,455da03b-a6a4-4f92-a874-dc44e968f89c,11,1.0,,,,10.12,11.24,11.48,14.57,7.84,13.01
2025-12-16T09:47:22.801963,Recipe_A,455da03b-a6a4-4f92-a874-dc44e968f89c,11,1.0,,,,8.2,11.6,9.68,13.81,7.71,6.65
2025-12-16T09:47:23.801963,Recipe_A,455da03b-a6a4-4f92-a874-dc44e968f89c,11,1.0,,,,9.14,8.38,9.62,12.09,9.59,8.36
2025-12-16T09:47:24.801963,Recipe_A,455da03b-a6a4-4f92-a874-dc44e968f89c,11,1.0,,,,12.37,9.91,12.81,10.56,9.31,12.76
2025-12-16T09:47:25.801963,Recipe_A,455da03b-a6a4-4f92-a874-dc44e968f89c,11,1.0,,,,10.68,12.11,15.85,12.87,6.04,13.59
2025-12-16T09:47:26.801963,Recipe_A,455da03b-a6a4-4f92-a874-dc44e968f89c,11,1.0,,,,9.99,11.0,10.57,9.33,9.23,7.37
2025-12-16T09:47:27.801963,Recipe_A,455da03b-a6a4-4f92-a874-dc44e968f89c,11,1.0,,,,12.95,9.31,11.2,11.86,7.36,11.59
2025-12-16T09:47:28.801963,Recipe_A,455da03b-a6a4-4f92-a874-dc44e968f89c,11,1.0,,,,9.55,13.75,8.29,6.22,7.77,11.59
2025-12-16T09:47:29.801963,Recipe_A,455da03b-a6a4-4f92-a874-dc44e968f89c,11,1.0,,,,11.23,6.38,9.55,9.47,9.85,8.76
2025-12-16T09:47:30.801963,Recipe_A,455da03b-a6a4-4f92-a874-dc44e968f89c,11,1.0,,,,9.63,12.58,7.72,6.78,8.69,8.84
2025-12-16T09:47:31.801963,Recipe_A,455da03b-a6a4-4f92-a874-dc44e968f89c,11,1.0,,,,6.13,5.73,7.81,7.99,9.07,8.51
2025-12-16T09:47:32.801963,Recipe_A,455da03b-a6a4-4f92-a874-dc44e968f89c,11,1.0,,,,9.69,8.81,7.62,6.15,9.83,8.65
2025-12-16T09:47:33.801963,Recipe_A,455da03b-a6a4-4f92-a874-dc44e968f89c,11,1.0,,,,9.25,9.08,8.26,8.86,11.94,11.03
2025-12-16T09:47:34.801963,Recipe_A,455da03b-a6a4-4f92-a874-dc44e968f89c,11,1.0,,,,9.17,7.5,9.11,10.83,7.74,8.67
2025-12-16T09:47:35.801963,Recipe_A,455da03b-a6a4-4f92-a874-dc44e968f89c,11,1.0,,,,11.06,12.21,6.26,7.67,8.2,7.14
2025-12-16T09:47:36.801963,Recipe_A,455da03b-a6a4-4f92-a874-dc44e968f89c,11,1.0,,,,10.49,10.88,11.57,9.55,10.22,9.29
2025-12-16T09:47:37.801963,Recipe_A,455da03b-a6a4-4f92-a874-dc44e968f89c,11,1.0,,,,13.58,8.42,8.69,12.38,5.46,12.31
2025-12-16T09:47:38.801963,Recipe_A,455da03b-a6a4-4f92-a874-dc44e968f89c,11,1.0,,,,9.37,8.17,9.53,14.5,9.35,12.98
2025-12-16T09:47:39.801963,Recipe_A,455da03b-a6a4-4f92-a874-dc44e968f89c,11,1.0,,,,10.76,10.81,7.77,7.6,12.14,13.97
2025-12-16T09:47:40.801963,Recipe_A,455da03b-a6a4-4f92-a874-dc44e968f89c,11,1.0,,,,8.72,12.56,8.17,14.75,6.8,13.29
2025-12-16T09:47:41.801963,Recipe_A,455da03b-a6a4-4f92-a874-dc44e968f89c,11,1.0,,,,10.59,8.66,10.44,8.84,9.21,10.44
2025-12-16T09:47:42.801963,Recipe_A,455da03b-a6a4-4f92-a874-dc44e968f89c,11,1.0,,,,9.69,5.19,7.08,14.11,10.11,7.98
2025-12-16T09:47:43.801963,Recipe_A,455da03b-a6a4-4f92-a874-dc44e968f89c,11,1.0,,,,6.72,11.83,12.12,9.74,8.15,8.35
2025-12-16T09:47:44.801963,Recipe_A,455da03b-a6a4-4f92-a874-dc44e968f89c,11,3.0,,,,10.34,11.14,14.37,10.38,11.8,12.71
2025-12-16T09:47:45.801963,Recipe_A,455da03b-a6a4-4f92-a874-dc44e968f89c,11,3.0,,,,7.66,9.76,14.01,11.99,8.05,10.48
2025-12-16T09:47:46.801963,Recipe_A,455da03b-a6a4-4f92-a874-dc44e968f89c,11,3.0,,,,8.4,8.37,13.29,10.0,7.4,14.74
2025-12-16T09:47:47.801963,Recipe_A,455da03b-a6a4-4f92-a874-dc44e968f89c,11,3.0,,,,10.53,8.45,12.08,5.9,11.77,9.18
2025-12-16T09:47:48.801963,Recipe_A,455da03b-a6a4-4f92-a874-dc44e968f89c,11,3.0,,,,11.67,9.57,12.51,9.59,10.99,12.79
2025-12-16T09:47:49.801963,Recipe_A,455da03b-a6a4-4f92-a874-dc44e968f89c,11,3.0,,,,7.03,11.4,7.55,10.47,6.25,8.99
2025-12-16T09:47:50.801963,Recipe_A,455da03b-a6a4-4f92-a874-dc44e968f89c,11,5.0,,,,9.87,5.49,8.28,14.89,10.78,10.93
2025-12-16T09:47:51.801963,Recipe_A,455da03b-a6a4-4f92-a874-dc44e968f89c,11,5.0,,,,9.84,9.1,10.52,8.49,8.6,12.33
2025-12-16T09:47:52.801963,Recipe_A,455da03b-a6a4-4f92-a874-dc44e968f89c,11,5.0,,,,8.35,9.1,6.37,9.46,9.4,8.07
2025-12-16T09:47:53.801963,Recipe_A,455da03b-a6a4-4f92-a874-dc44e968f89c,11,5.0,,,,9.46,13.75,10.17,9.1,7.25,6.75
2025-12-16T09:47:54.801963,Recipe_A,455da03b-a6a4-4f92-a874-dc44e968f89c,11,5.0,,,,6.74,10.53,11.38,11.48,9.96,10.48
2025-12-16T09:47:55.801963,Recipe_A,455da03b-a6a4-4f92-a874-dc44e968f89c,11,5.0,,,,7.88,11.5,11.36,13.76,13.52,8.86
2025-12-16T09:47:56.801963,Recipe_A,455da03b-a6a4-4f92-a874-dc44e968f89c,11,5.0,,,,9.25,8.04,8.38,8.81,11.32,7.8
2025-12-16T09:47:57.801963,Recipe_A,455da03b-a6a4-4f92-a874-dc44e968f89c,11,5.0,,,,10.09,9.92,9.64,10.22,10.22,7.36
2025-12-16T09:47:58.801963,Recipe_A,455da03b-a6a4-4f92-a874-dc44e968f89c,11,5.0,,,,12.1,10.93,10.72,8.14,8.93,9.33
2025-12-16T09:47:59.801963,Recipe_A,455da03b-a6a4-4f92-a874-dc44e968f89c,11,5.0,,,,9.04,11.76,9.45,5.74,11.38,9.43
2025-12-16T09:48:00.801963,Recipe_A,455da03b-a6a4-4f92-a874-dc44e968f89c,11,5.0,,,,8.18,9.0,13.03,13.11,11.34,4.84
2025-12-16T09:48:01.801963,Recipe_A,455da03b-a6a4-4f92-a874-dc44e968f89c,11,5.0,,,,8.43,9.06,11.3,10.94,11.94,9.51
2025-12-16T09:48:02.801963,Recipe_A,455da03b-a6a4-4f92-a874-dc44e968f89c,11,5.0,,,,7.94,12.12,10.69,6.27,6.66,7.29
2025-12-16T09:48:03.801963,Recipe_A,455da03b-a6a4-4f92-a874-dc44e968f89c,11,5.0,,,,8.59,8.04,11.02,12.07,10.64,11.34
2025-12-16T09:48:04.801963,Recipe_A,455da03b-a6a4-4f92-a874-dc44e968f89c,11,5.0,,,,7.64,12.99,8.91,7.9,12.05,11.66
2025-12-16T09:48:05.801963,Recipe_A,455da03b-a6a4-4f92-a874-dc44e968f89c,11,5.0,,,,13.16,12.4,11.5,9.54,9.52,7.85
2025-12-16T09:48:06.801963,Recipe_A,455da03b-a6a4-4f92-a874-dc44e968f89c,11,5.0,,,,10.72,7.96,6.65,12.3,8.95,7.17
2025-12-16T09:48:07.801963,Recipe_A,455da03b-a6a4-4f92-a874-dc44e968f89c,11,5.0,,,,9.89,9.55,11.08,8.68,11.83,10.06
2025-12-16T09:48:08.801963,Recipe_A,455da03b-a6a4-4f92-a874-dc44e968f89c,11,5.0,,,,10.06,6.64,7.7,9.91,10.15,7.89
2025-12-16T09:48:09.801963,Recipe_A,455da03b-a6a4-4f92-a874-dc44e968f89c,11,3.0,,,,13.18,9.67,12.21,10.32,6.33,10.0
2025-12-16T09:48:10.801963,Recipe_A,455da03b-a6a4-4f92-a874-dc44e968f89c,11,3.0,,,,13.49,7.15,9.84,13.0,7.84,12.17
2025-12-16T09:48:11.801963,Recipe_A,455da03b-a6a4-4f92-a874-dc44e968f89c,11,3.0,,,,13.46,13.0,10.82,12.07,9.29,8.21
2025-12-16T09:48:12.801963,Recipe_A,455da03b-a6a4-4f92-a874-dc44e968f89c,11,3.0,,,,12.13,9.62,8.12,10.86,10.17,11.2
2025-12-16T09:48:13.801963,Recipe_A,455da03b-a6a4-4f92-a874-dc44e968f89c,11,3.0,,,,9.4,9.2,8.86,7.27,6.65,12.53
2025-12-16T09:48:14.801963,Recipe_A,455da03b-a6a4-4f92-a874-dc44e968f89c,11,3.0,,,,11.27,9.79,7.96,6.6,7.76,12.47
2025-12-16T09:48:15.801963,Recipe_A,455da03b-a6a4-4f92-a874-dc44e968f89c,11,3.0,,,,10.48,8.48,9.85,7.45,11.84,13.72
2025-12-16T09:48:16.801963,Recipe_A,455da03b-a6a4-4f92-a874-dc44e968f89c,11,3.0,,,,12.4,7.58,10.46,10.67,9.68,11.14
2025-12-16T09:48:17.801963,Recipe_A,455da03b-a6a4-4f92-a874-dc44e968f89c,11,3.0,,,,9.75,10.7,9.44,7.85,9.87,10.75
2025-12-16T09:48:18.801963,Recipe_A,455da03b-a6a4-4f92-a874-dc44e968f89c,11,3.0,,,,10.24,10.7,13.07,8.1,7.87,9.83
2025-12-16T09:48:19.801963,Recipe_A,455da03b-a6a4-4f92-a874-dc44e968f89c,11,3.0,,,,10.12,7.85,9.8,11.61,9.13,7.7
2025-12-16T09:48:20.801963,Recipe_A,455da03b-a6a4-4f92-a874-dc44e968f89c,11,3.0,,,,9.62,9.28,9.16,11.1,9.47,11.92
2025-12-16T09:48:21.801963,Recipe_A,455da03b-a6a4-4f92-a874-dc44e968f89c,11,3.0,,,,8.65,13.28,11.54,11.28,8.84,10.87
2025-12-16T09:48:22.801963,Recipe_A,455da03b-a6a4-4f92-a874-dc44e968f89c,11,3.0,,,,10.06,11.95,8.4,10.58,9.11,4.29
2025-12-16T09:48:23.801963,Recipe_A,455da03b-a6a4-4f92-a874-dc44e968f89c,11,3.0,,,,9.74,8.75,12.86,10.06,11.86,9.93
2025-12-16T09:48:24.801963,Recipe_A,455da03b-a6a4-4f92-a874-dc44e968f89c,11,3.0,,,,8.05,11.41,7.74,12.88,8.67,6.12
2025-12-16T09:48:25.801963,Recipe_A,455da03b-a6a4-4f92-a874-dc44e968f89c,11,3.0,,,,11.17,9.69,11.24,10.18,11.31,8.34
2025-12-16T09:48:26.801963,Recipe_A,455da03b-a6a4-4f92-a874-dc44e968f89c,11,3.0,,,,12.43,6.66,9.84,8.82,10.97,8.75
2025-12-16T09:48:27.801963,Recipe_A,455da03b-a6a4-4f92-a874-dc44e968f89c,11,3.0,,,,10.91,9.3,14.73,12.47,6.93,7.39
2025-12-16T09:48:28.801963,Recipe_A,455da03b-a6a4-4f92-a874-dc44e968f89c,11,3.0,,,,9.65,9.57,12.58,9.64,10.59,10.71
2025-12-16T09:48:29.801963,Recipe_A,455da03b-a6a4-4f92-a874-dc44e968f89c,11,3.0,,,,9.71,9.13,10.72,10.44,11.11,8.37
2025-12-16T09:48:30.801963,Recipe_A,455da03b-a6a4-4f92-a874-dc44e968f89c,11,3.0,,,,9.57,7.25,10.6,11.54,8.72,10.0
2025-12-16T09:48:31.801963,Recipe_A,455da03b-a6a4-4f92-a874-dc44e968f89c,11,3.0,,,,9.02,11.02,14.49,10.35,10.17,8.06
2025-12-16T09:48:32.801963,Recipe_A,455da03b-a6a4-4f92-a874-dc44e968f89c,11,3.0,,,,8.67,9.24,10.6,11.45,8.94,6.96
2025-12-16T09:48:33.801963,Recipe_A,455da03b-a6a4-4f92-a874-dc44e968f89c,11,3.0,,,,11.0,11.73,9.83,10.84,11.42,10.66
2025-12-16T09:48:34.801963,Recipe_A,455da03b-a6a4-4f92-a874-dc44e968f89c,11,3.0,,,,10.63,12.59,11.71,11.98,6.45,7.42
2025-12-16T09:48:35.801963,Recipe_A,455da03b-a6a4-4f92-a874-dc44e968f89c,11,3.0,,,,8.78,10.6,9.04,9.57,6.94,10.15
2025-12-16T09:48:36.801963,Recipe_A,455da03b-a6a4-4f92-a874-dc44e968f89c,11,3.0,,,,7.59,9.97,10.22,10.0,6.54,9.03
2025-12-16T09:48:37.801963,Recipe_A,455da03b-a6a4-4f92-a874-dc44e968f89c,11,1.0,,,,13.22,12.91,10.31,11.37,13.13,9.96
2025-12-16T09:48:38.801963,Recipe_A,455da03b-a6a4-4f92-a874-dc44e968f89c,11,1.0,,,,14.91,8.9,9.66,6.95,11.09,10.45
2025-12-16T09:48:39.801963,Recipe_A,455da03b-a6a4-4f92-a874-dc44e968f89c,11,1.0,,,,11.15,11.79,12.52,9.77,10.38,8.15
2025-12-16T09:48:40.801963,Recipe_A,455da03b-a6a4-4f92-a874-dc44e968f89c,11,1.0,,,,8.98,8.31,11.87,7.8,10.71,13.11
2025-12-16T09:48:41.801963,Recipe_A,455da03b-a6a4-4f92-a874-dc44e968f89c,11,1.0,,,,9.3,11.53,6.07,9.33,9.76,8.93
2025-12-16T09:48:42.801963,Recipe_A,455da03b-a6a4-4f92-a874-dc44e968f89c,11,2.0,,,,14.61,9.07,12.71,10.17,13.19,12.88
2025-12-16T09:48:43.801963,Recipe_A,455da03b-a6a4-4f92-a874-dc44e968f89c,11,2.0,,,,13.1,12.49,9.73,8.08,13.49,12.06
2025-12-16T09:48:44.801963,Recipe_A,455da03b-a6a4-4f92-a874-dc44e968f89c,11,2.0,,,,12.37,10.06,9.74,11.24,10.78,7.58
2025-12-16T09:48:45.801963,Recipe_A,455da03b-a6a4-4f92-a874-dc44e968f89c,11,2.0,,,,12.67,8.47,7.84,10.58,12.04,13.32
2025-12-16T09:48:46.801963,Recipe_A,455da03b-a6a4-4f92-a874-dc44e968f89c,11,2.0,,,,6.5,12.03,9.23,10.38,5.86,13.64
2025-12-16T09:48:47.801963,Recipe_A,455da03b-a6a4-4f92-a874-dc44e968f89c,11,2.0,,,,10.46,6.47,3.77,9.08,9.4,11.17
2025-12-16T09:48:48.801963,Recipe_A,455da03b-a6a4-4f92-a874-dc44e968f89c,11,2.0,,,,14.55,7.38,8.99,12.78,8.49,11.55
2025-12-16T09:48:49.801963,Recipe_A,455da03b-a6a4-4f92-a874-dc44e968f89c,11,5.0,,,,7.69,5.86,11.05,8.98,9.46,6.88
2025-12-16T09:48:50.801963,Recipe_A,455da03b-a6a4-4f92-a874-dc44e968f89c,11,5.0,,,,9.66,8.31,11.18,10.96,9.11,10.71
2025-12-16T09:48:51.801963,Recipe_A,455da03b-a6a4-4f92-a874-dc44e968f89c,11,5.0,,,,9.09,7.76,11.74,8.52,10.84,7.66
2025-12-16T09:48:52.801963,Recipe_A,455da03b-a6a4-4f92-a874-dc44e968f89c,11,5.0,,,,11.92,10.27,10.73,10.72,11.73,10.97
2025-12-16T09:48:53.801963,Recipe_A,455da03b-a6a4-4f92-a874-dc44e968f89c,11,5.0,,,,10.33,9.04,8.07,11.76,10.92,12.35
2025-12-16T09:48:54.801963,Recipe_A,455da03b-a6a4-4f92-a874-dc44e968f89c,11,5.0,,,,6.59,10.75,10.2,10.58,8.31,6.85
2025-12-16T09:48:55.801963,Recipe_A,455da03b-a6a4-4f92-a874-dc44e968f89c,11,5.0,,,,9.1,13.93,11.31,8.36,5.52,9.18
2025-12-16T09:48:56.801963,Recipe_A,455da03b-a6a4-4f92-a874-dc44e968f89c,11,5.0,,,,11.0,12.12,9.27,11.81,9.52,8.25
2025-12-16T09:48:57.801963,Recipe_A,455da03b-a6a4-4f92-a874-dc44e968f89c,11,5.0,,,,6.2,10.61,11.4,9.76,10.7,10.73
2025-12-16T09:48:58.801963,Recipe_A,455da03b-a6a4-4f92-a874-dc44e968f89c,11,5.0,,,,11.22,12.75,9.54,12.35,8.6,11.73
2025-12-16T09:48:59.801963,Recipe_A,455da03b-a6a4-4f92-a874-dc44e968f89c,11,5.0,,,,7.64,9.34,11.91,7.26,7.38,7.07
2025-12-16T09:49:00.801963,Recipe_A,455da03b-a6a4-4f92-a874-dc44e968f89c,11,5.0,,,,11.36,7.32,8.98,10.96,10.06,9.3
2025-12-16T09:49:01.801963,Recipe_A,455da03b-a6a4-4f92-a874-dc44e968f89c,11,5.0,,,,8.17,10.89,12.28,7.62,9.14,6.0
2025-12-16T09:49:02.801963,Recipe_A,455da03b-a6a4-4f92-a874-dc44e968f89c,11,5.0,,,,9.2,12.68,5.98,8.46,11.15,12.94
2025-12-16T09:49:03.801963,Recipe_A,455da03b-a6a4-4f92-a874-dc44e968f89c,11,5.0,,,,13.4,9.95,11.82,8.87,9.37,5.99
2025-12-16T09:49:04.801963,Recipe_A,455da03b-a6a4-4f92-a874-dc44e968f89c,11,5.0,,,,11.24,7.94,11.77,7.73,11.78,11.1
2025-12-16T09:49:05.801963,Recipe_A,455da03b-a6a4-4f92-a874-dc44e968f89c,11,5.0,,,,12.14,7.87,10.37,11.09,11.27,12.12
2025-12-16T09:49:06.801963,Recipe_A,455da03b-a6a4-4f92-a874-dc44e968f89c,11,5.0,,,,9.05,9.97,10.74,8.93,6.7,9.15
2025-12-16T09:49:07.801963,Recipe_A,455da03b-a6a4-4f92-a874-dc44e968f89c,11,5.0,,,,9.68,9.81,6.02,14.28,9.45,11.4
2025-12-16T09:49:08.801963,Recipe_A,455da03b-a6a4-4f92-a874-dc44e968f89c,11,5.0,,,,12.29,11.79,10.96,9.03,12.05,9.22
2025-12-16T09:49:09.801963,Recipe_A,455da03b-a6a4-4f92-a874-dc44e968f89c,11,5.0,,,,10.55,13.06,9.02,11.31,9.73,7.64
2025-12-16T09:49:10.801963,Recipe_A,455da03b-a6a4-4f92-a874-dc44e968f89c,11,4.0,,,,94.77,50.65,50.83,44.64,58.36,51.78
2025-12-16T09:49:11.801963,Recipe_A,455da03b-a6a4-4f92-a874-dc44e968f89c,11,4.0,,,,105.6,43.33,51.74,61.51,50.17,51.35
2025-12-16T09:49:12.801963,Recipe_A,455da03b-a6a4-4f92-a874-dc44e968f89c,11,4.0,,,,97.31,48.01,50.11,53.52,48.21,43.86
2025-12-16T09:49:13.801963,Recipe_A,455da03b-a6a4-4f92-a874-dc44e968f89c,11,4.0,,,,104.66,48.39,47.56,46.7,44.25,52.91
2025-12-16T09:49:14.801963,Recipe_A,455da03b-a6a4-4f92-a874-dc44e968f89c,11,4.0,,,,99.35,58.86,42.49,45.54,49.3,49.15
2025-12-16T09:49:15.801963,Recipe_A,455da03b-a6a4-4f92-a874-dc44e968f89c,11,4.0,,,,97.8,53.31,51.39,50.84,42.38,53.46
2025-12-16T09:49:16.801963,Recipe_A,455da03b-a6a4-4f92-a874-dc44e968f89c,11,4.0,,,,104.13,55.49,44.59,40.39,56.06,49.61
2025-12-16T09:49:17.801963,Recipe_A,455da03b-a6a4-4f92-a874-dc44e968f89c,11,4.0,,,,93.25,51.07,48.57,45.2,52.56,58.23
2025-12-16T09:49:18.801963,Recipe_A,455da03b-a6a4-4f92-a874-dc44e968f89c,11,4.0,,,,99.74,57.47,56.04,51.74,47.99,48.52
2025-12-16T09:49:19.801963,Recipe_A,455da03b-a6a4-4f92-a874-dc44e968f89c,11,3.0,,,,7.4,12.8,13.2,7.31,12.94,10.2
2025-12-16T09:49:20.801963,Recipe_A,455da03b-a6a4-4f92-a874-dc44e968f89c,11,3.0,,,,7.86,11.23,14.99,9.5,8.67,13.19
2025-12-16T09:49:21.801963,Recipe_A,455da03b-a6a4-4f92-a874-dc44e968f89c,11,3.0,,,,13.9,10.26,7.78,10.18,8.79,9.36
2025-12-16T09:49:22.801963,Recipe_A,455da03b-a6a4-4f92-a874-dc44e968f89c,11,3.0,,,,8.7,11.09,9.51,7.12,13.54,9.2
2025-12-16T09:49:23.801963,Recipe_A,455da03b-a6a4-4f92-a874-dc44e968f89c,11,3.0,,,,8.51,13.61,8.78,14.84,5.66,8.93
2025-12-16T09:49:24.801963,Recipe_A,455da03b-a6a4-4f92-a874-dc44e968f89c,11,3.0,,,,9.2,13.48,7.02,11.99,8.69,11.92
2025-12-16T09:49:25.801963,Recipe_A,455da03b-a6a4-4f92-a874-dc44e968f89c,11,3.0,,,,11.43,10.66,12.49,10.19,9.69,8.92
2025-12-16T09:49:26.801963,Recipe_A,455da03b-a6a4-4f92-a874-dc44e968f89c,11,3.0,,,,13.88,9.32,8.52,10.03,9.61,10.78
2025-12-16T09:49:27.801963,Recipe_A,455da03b-a6a4-4f92-a874-dc44e968f89c,11,3.0,,,,8.15,11.41,10.28,9.34,10.67,8.13
2025-12-16T09:49:28.801963,Recipe_A,455da03b-a6a4-4f92-a874-dc44e968f89c,11,3.0,,,,4.54,9.33,10.2,13.26,12.23,11.16
2025-12-16T09:49:29.801963,Recipe_A,455da03b-a6a4-4f92-a874-dc44e968f89c,11,3.0,,,,8.88,9.8,7.34,15.72,7.35,9.45
2025-12-16T09:49:30.801963,Recipe_A,455da03b-a6a4-4f92-a874-dc44e968f89c,11,3.0,,,,9.09,12.59,10.81,11.36,9.4,11.57
2025-12-16T09:49:31.801963,Recipe_A,455da03b-a6a4-4f92-a874-dc44e968f89c,11,3.0,,,,9.14,7.84,11.3,8.74,11.55,10.52
2025-12-16T09:49:32.801963,Recipe_A,455da03b-a6a4-4f92-a874-dc44e968f89c,11,4.0,,,,103.46,33.57,49.31,45.16,51.37,45.63
2025-12-16T09:49:33.801963,Recipe_A,455da03b-a6a4-4f92-a874-dc44e968f89c,11,4.0,,,,104.61,49.07,47.87,48.5,58.43,53.16
2025-12-16T09:49:34.801963,Recipe_A,455da03b-a6a4-4f92-a874-dc44e968f89c,11,4.0,,,,100.45,47.6,52.85,43.66,53.9,45.64
2025-12-16T09:49:35.801963,Recipe_A,455da03b-a6a4-4f92-a874-dc44e968f89c,11,4.0,,,,92.91,48.39,46.92,49.76,56.68,52.68
2025-12-16T09:49:36.801963,Recipe_A,455da03b-a6a4-4f92-a874-dc44e968f89c,11,1.0,,,,8.65,8.35,6.09,9.45,11.54,8.21
2025-12-16T09:49:37.801963,Recipe_A,455da03b-a6a4-4f92-a874-dc44e968f89c,11,4.0,,,,101.52,41.52,50.13,53.09,42.37,51.45
2025-12-16T09:49:38.801963,Recipe_A,455da03b-a6a4-4f92-a874-dc44e968f89c,11,4.0,,,,104.03,47.77,58.91,54.16,60.02,54.02
2025-12-16T09:49:39.801963,Recipe_A,455da03b-a6a4-4f92-a874-dc44e968f89c,11,4.0,,,,92.58,61.45,51.78,39.81,45.01,45.65
2025-12-16T09:49:40.801963,Recipe_A,455da03b-a6a4-4f92-a874-dc44e968f89c,11,4.0,,,,96.93,48.4,55.88,49.77,53.98,45.5
2025-12-16T09:49:41.801963,Recipe_A,455da03b-a6a4-4f92-a874-dc44e968f89c,11,2.0,,,,11.87,10.7,10.58,8.52,9.93,10.84
2025-12-16T09:49:42.801963,Recipe_A,455da03b-a6a4-4f92-a874-dc44e968f89c,11,2.0,,,,8.89,9.25,11.31,8.11,10.56,9.05
2025-12-16T09:49:43.801963,Recipe_A,455da03b-a6a4-4f92-a874-dc44e968f89c,11,2.0,,,,7.79,8.7,10.1,13.2,9.6,13.42
2025-12-16T09:49:44.801963,Recipe_A,455da03b-a6a4-4f92-a874-dc44e968f89c,11,2.0,,,,10.73,12.08,7.91,10.02,13.15,12.35
2025-12-16T09:49:45.801963,Recipe_A,455da03b-a6a4-4f92-a874-dc44e968f89c,11,2.0,,,,10.56,9.96,10.01,11.89,9.34,12.03
2025-12-16T09:49:46.801963,Recipe_A,455da03b-a6a4-4f92-a874-dc44e968f89c,11,2.0,,,,8.28,8.84,7.48,6.59,9.31,12.14
2025-12-16T09:49:47.801963,Recipe_A,455da03b-a6a4-4f92-a874-dc44e968f89c,11,2.0,,,,10.6,13.72,9.58,11.57,11.49,13.51
2025-12-16T09:49:48.801963,Recipe_A,455da03b-a6a4-4f92-a874-dc44e968f89c,11,2.0,,,,10.58,9.02,8.01,9.17,7.18,8.21
2025-12-16T09:49:49.801963,Recipe_A,455da03b-a6a4-4f92-a874-dc44e968f89c,11,2.0,,,,9.48,10.59,8.87,8.66,8.93,12.46
2025-12-16T09:49:50.801963,Recipe_A,455da03b-a6a4-4f92-a874-dc44e968f89c,11,2.0,,,,10.83,9.83,9.36,9.2,9.26,9.02
2025-12-16T09:49:51.801963,Recipe_A,455da03b-a6a4-4f92-a874-dc44e968f89c,11,2.0,,,,11.66,8.54,10.34,9.37,9.4,14.21
2025-12-16T09:49:52.801963,Recipe_A,455da03b-a6a4-4f92-a874-dc44e968f89c,11,2.0,,,,11.99,7.7,11.65,8.45,7.76,9.46
2025-12-16T09:49:53.801963,Recipe_A,455da03b-a6a4-4f92-a874-dc44e968f89c,11,2.0,,,,11.99,12.0,5.3,12.11,11.36,10.33
2025-12-16T09:49:54.801963,Recipe_A,455da03b-a6a4-4f92-a874-dc44e968f89c,11,2.0,,,,8.78,10.29,12.09,14.22,9.95,9.5
2025-12-16T09:49:55.801963,Recipe_A,455da03b-a6a4-4f92-a874-dc44e968f89c,11,2.0,,,,10.96,5.12,13.12,9.44,8.27,7.45
2025-12-16T09:49:56.801963,Recipe_A,455da03b-a6a4-4f92-a874-dc44e968f89c,11,2.0,,,,8.05,7.8,7.77,13.08,6.92,10.44
2025-12-16T09:49:57.801963,Recipe_A,455da03b-a6a4-4f92-a874-dc44e968f89c,11,2.0,,,,9.72,15.23,10.43,9.28,11.69,12.48
2025-12-16T09:49:58.801963,Recipe_A,455da03b-a6a4-4f92-a874-dc44e968f89c,11,2.0,,,,11.17,7.25,7.14,9.68,6.78,8.71
2025-12-16T09:49:59.801963,Recipe_A,455da03b-a6a4-4f92-a874-dc44e968f89c,11,2.0,,,,12.47,11.23,10.89,8.98,8.6,7.62
2025-12-16T09:50:00.801963,Recipe_A,455da03b-a6a4-4f92-a874-dc44e968f89c,11,2.0,,,,12.92,11.88,10.24,9.29,8.66,8.76
2025-12-16T09:50:01.801963,Recipe_A,455da03b-a6a4-4f92-a874-dc44e968f89c,11,2.0,,,,10.48,13.22,8.51,12.07,8.87,7.25
2025-12-16T09:50:02.801963,Recipe_A,455da03b-a6a4-4f92-a874-dc44e968f89c,11,2.0,,,,8.75,14.54,10.35,11.48,13.54,6.48
2025-12-16T09:50:03.801963,Recipe_A,455da03b-a6a4-4f92-a874-dc44e968f89c,11,2.0,,,,11.02,10.08,10.67,10.12,8.42,6.54
2025-12-16T09:50:04.801963,Recipe_A,455da03b-a6a4-4f92-a874-dc44e968f89c,11,2.0,,,,9.1,9.75,8.7,9.88,13.53,10.12
2025-12-16T09:50:05.801963,Recipe_A,455da03b-a6a4-4f92-a874-dc44e968f89c,11,2.0,,,,8.29,11.93,11.75,8.32,10.69,12.36
2025-12-16T09:50:06.801963,Recipe_A,455da03b-a6a4-4f92-a874-dc44e968f89c,11,3.0,,,,10.71,7.2,10.64,10.94,9.69,7.35
2025-12-16T09:50:07.801963,Recipe_A,455da03b-a6a4-4f92-a874-dc44e968f89c,11,3.0,,,,9.81,11.13,5.18,11.23,8.27,9.7
2025-12-16T09:50:08.801963,Recipe_A,455da03b-a6a4-4f92-a874-dc44e968f89c,11,3.0,,,,10.28,5.98,7.86,7.54,6.27,8.22
2025-12-16T09:50:09.801963,Recipe_A,455da03b-a6a4-4f92-a874-dc44e968f89c,11,3.0,,,,7.09,13.81,8.67,9.43,9.01,10.93
2025-12-16T09:50:10.801963,Recipe_A,455da03b-a6a4-4f92-a874-dc44e968f89c,11,3.0,,,,11.75,12.91,12.74,13.36,6.0,11.03
2025-12-16T09:50:11.801963,Recipe_A,455da03b-a6a4-4f92-a874-dc44e968f89c,11,3.0,,,,7.15,15.17,7.2,12.13,7.63,8.15
2025-12-16T09:50:12.801963,Recipe_A,455da03b-a6a4-4f92-a874-dc44e968f89c,11,1.0,,,,10.05,10.57,12.12,7.47,15.08,9.6
2025-12-16T09:50:13.801963,Recipe_A,455da03b-a6a4-4f92-a874-dc44e968f89c,11,1.0,,,,10.04,11.08,9.56,10.52,8.7,11.78
2025-12-16T09:50:14.801963,Recipe_A,455da03b-a6a4-4f92-a874-dc44e968f89c,11,1.0,,,,10.99,9.56,12.77,11.95,10.74,9.03
2025-12-16T09:50:15.801963,Recipe_A,455da03b-a6a4-4f92-a874-dc44e968f89c,11,1.0,,,,8.9,11.34,11.71,10.04,9.37,10.67
2025-12-16T09:50:16.801963,Recipe_A,455da03b-a6a4-4f92-a874-dc44e968f89c,11,1.0,,,,8.87,8.95,10.41,11.25,7.58,8.93
2025-12-16T09:50:17.801963,Recipe_A,455da03b-a6a4-4f92-a874-dc44e968f89c,11,1.0,,,,11.22,11.38,10.76,10.93,11.24,6.8
2025-12-16T09:50:18.801963,Recipe_A,455da03b-a6a4-4f92-a874-dc44e968f89c,11,1.0,,,,10.21,13.09,10.94,9.95,13.2,9.47
2025-12-16T09:50:19.801963,Recipe_A,455da03b-a6a4-4f92-a874-dc44e968f89c,11,1.0,,,,8.27,11.72,11.09,9.63,6.51,9.18
2025-12-16T09:50:19.801963,Recipe_A,455da03b-a6a4-4f92-a874-dc44e968f89c,11,1.0,Warning_6,Simulated Warning occurred,Warning,,,,,,
2025-12-16T09:50:20.801963,Recipe_A,455da03b-a6a4-4f92-a874-dc44e968f89c,11,1.0,,,,12.98,11.44,8.73,10.77,6.58,10.89
2025-12-16T09:50:21.801963,Recipe_A,455da03b-a6a4-4f92-a874-dc44e968f89c,11,1.0,,,,8.17,8.87,11.3,7.19,9.82,8.05
2025-12-16T09:50:22.801963,Recipe_A,455da03b-a6a4-4f92-a874-dc44e968f89c,11,1.0,,,,11.31,11.2,7.01,12.39,9.15,14.29
2025-12-16T09:50:23.801963,Recipe_A,455da03b-a6a4-4f92-a874-dc44e968f89c,11,1.0,,,,12.23,7.6,8.09,10.89,9.59,11.29
2025-12-16T09:50:24.801963,Recipe_A,455da03b-a6a4-4f92-a874-dc44e968f89c,11,1.0,,,,7.03,9.72,11.23,12.67,10.04,9.01
2025-12-16T09:50:25.801963,Recipe_A,455da03b-a6a4-4f92-a874-dc44e968f89c,11,1.0,,,,11.55,9.74,12.49,11.27,10.93,8.06
2025-12-16T09:50:26.801963,Recipe_A,455da03b-a6a4-4f92-a874-dc44e968f89c,11,1.0,,,,11.04,6.96,11.31,9.84,7.09,7.71
2025-12-16T09:50:27.801963,Recipe_A,455da03b-a6a4-4f92-a874-dc44e968f89c,11,1.0,,,,12.08,7.74,9.44,11.02,8.16,9.08
2025-12-16T09:50:28.801963,Recipe_A,455da03b-a6a4-4f92-a874-dc44e968f89c,11,1.0,,,,11.41,11.22,11.75,13.02,7.2,11.37
2025-12-16T09:50:29.801963,Recipe_A,455da03b-a6a4-4f92-a874-dc44e968f89c,11,1.0,,,,11.25,12.86,11.62,11.91,10.37,10.55
2025-12-16T09:50:30.801963,Recipe_A,455da03b-a6a4-4f92-a874-dc44e968f89c,11,1.0,,,,9.87,10.05,7.91,8.47,13.54,8.25
2025-12-16T09:50:31.801963,Recipe_A,455da03b-a6a4-4f92-a874-dc44e968f89c,11,4.0,,,,111.43,38.61,53.35,51.06,52.67,51.11
2025-12-16T09:50:32.801963,Recipe_A,455da03b-a6a4-4f92-a874-dc44e968f89c,11,4.0,,,,95.9,45.17,52.9,49.34,44.21,57.99
2025-12-16T09:50:33.801963,Recipe_A,455da03b-a6a4-4f92-a874-dc44e968f89c,11,4.0,,,,103.79,56.99,54.55,42.33,50.2,51.39
2025-12-16T09:50:34.801963,Recipe_A,455da03b-a6a4-4f92-a874-dc44e968f89c,11,4.0,,,,89.97,50.65,49.91,47.59,49.25,50.27
2025-12-16T09:50:35.801963,Recipe_A,455da03b-a6a4-4f92-a874-dc44e968f89c,11,4.0,,,,106.26,59.72,54.44,52.28,54.52,48.31
2025-12-16T09:50:36.801963,Recipe_A,455da03b-a6a4-4f92-a874-dc44e968f89c,11,4.0,,,,96.04,53.31,51.87,46.69,44.79,49.43
2025-12-16T09:50:37.801963,Recipe_A,455da03b-a6a4-4f92-a874-dc44e968f89c,11,4.0,,,,92.11,43.36,54.98,40.37,54.35,53.29
2025-12-16T09:50:38.801963,Recipe_A,455da03b-a6a4-4f92-a874-dc44e968f89c,11,4.0,,,,102.2,44.35,53.28,53.31,44.98,47.57
2025-12-16T09:50:39.801963,Recipe_A,455da03b-a6a4-4f92-a874-dc44e968f89c,11,4.0,,,,99.7,58.42,52.19,47.0,45.86,57.82
2025-12-16T09:50:40.801963,Recipe_A,455da03b-a6a4-4f92-a874-dc44e968f89c,11,4.0,,,,101.78,45.93,54.75,45.13,48.31,50.37
2025-12-16T09:50:41.801963,Recipe_A,455da03b-a6a4-4f92-a874-dc44e968f89c,11,4.0,,,,101.93,45.55,52.02,53.44,46.78,46.23
2025-12-16T09:50:42.801963,Recipe_A,455da03b-a6a4-4f92-a874-dc44e968f89c,11,4.0,,,,101.61,44.47,53.21,52.18,58.02,45.81
2025-12-16T09:50:43.801963,Recipe_A,455da03b-a6a4-4f92-a874-dc44e968f89c,11,4.0,,,,105.24,51.64,47.75,48.72,52.02,48.72
2025-12-16T09:50:44.801963,Recipe_A,455da03b-a6a4-4f92-a874-dc44e968f89c,11,4.0,,,,95.71,52.45,50.16,56.09,49.99,49.1
2025-12-16T09:50:45.801963,Recipe_A,455da03b-a6a4-4f92-a874-dc44e968f89c,11,4.0,,,,107.77,49.52,47.32,52.67,50.63,43.32
2025-12-16T09:50:46.801963,Recipe_A,455da03b-a6a4-4f92-a874-dc44e968f89c,11,4.0,,,,111.12,52.38,51.18,47.0,47.69,44.86
2025-12-16T09:50:47.801963,Recipe_A,455da03b-a6a4-4f92-a874-dc44e968f89c,11,4.0,,,,91.17,42.13,50.19,48.73,48.92,47.27
2025-12-16T09:50:48.801963,Recipe_A,455da03b-a6a4-4f92-a874-dc44e968f89c,11,4.0,,,,95.98,50.7,45.96,50.32,52.0,55.06
2025-12-16T09:50:49.801963,Recipe_A,455da03b-a6a4-4f92-a874-dc44e968f89c,11,1.0,,,,6.89,9.54,10.95,10.13,13.67,10.42
2025-12-16T09:50:50.801963,Recipe_A,455da03b-a6a4-4f92-a874-dc44e968f89c,11,1.0,,,,10.91,9.52,10.99,9.8,8.86,13.55
2025-12-16T09:50:51.801963,Recipe_A,455da03b-a6a4-4f92-a874-dc44e968f89c,11,1.0,,,,11.51,7.37,7.92,8.26,9.71,11.57
2025-12-16T09:50:52.801963,Recipe_A,455da03b-a6a4-4f92-a874-dc44e968f89c,11,1.0,,,,8.89,6.14,12.11,10.77,10.93,11.93
2025-12-16T09:50:53.801963,Recipe_A,455da03b-a6a4-4f92-a874-dc44e968f89c,11,1.0,,,,9.09,13.5,7.4,11.77,12.26,9.65
2025-12-16T09:50:54.801963,Recipe_A,455da03b-a6a4-4f92-a874-dc44e968f89c,11,1.0,,,,8.12,11.71,10.28,5.66,12.94,9.22
2025-12-16T09:50:55.801963,Recipe_A,455da03b-a6a4-4f92-a874-dc44e968f89c,11,1.0,,,,7.45,11.79,13.31,8.54,6.96,10.52
2025-12-16T09:50:56.801963,Recipe_A,455da03b-a6a4-4f92-a874-dc44e968f89c,11,1.0,,,,11.34,11.08,5.95,11.27,8.46,12.9
2025-12-16T09:50:57.801963,Recipe_A,455da03b-a6a4-4f92-a874-dc44e968f89c,11,1.0,,,,8.25,8.29,7.08,10.42,6.46,8.9
2025-12-16T09:50:58.801963,Recipe_A,455da03b-a6a4-4f92-a874-dc44e968f89c,11,1.0,,,,12.12,10.94,8.43,13.4,11.43,6.81
2025-12-16T09:50:59.801963,Recipe_A,455da03b-a6a4-4f92-a874-dc44e968f89c,11,1.0,,,,7.34,7.67,8.55,12.36,9.27,11.73
2025-12-16T09:51:00.801963,Recipe_A,455da03b-a6a4-4f92-a874-dc44e968f89c,11,1.0,,,,13.21,10.05,8.45,9.02,6.99,10.94
2025-12-16T09:51:01.801963,Recipe_A,455da03b-a6a4-4f92-a874-dc44e968f89c,11,1.0,,,,8.5,13.15,11.31,12.49,10.87,11.87
2025-12-16T09:51:02.801963,Recipe_A,455da03b-a6a4-4f92-a874-dc44e968f89c,11,1.0,,,,10.04,9.34,10.16,9.42,10.29,9.17
2025-12-16T09:51:03.801963,Recipe_A,455da03b-a6a4-4f92-a874-dc44e968f89c,11,1.0,,,,10.34,14.72,12.96,12.28,10.97,7.71
2025-12-16T09:51:04.801963,Recipe_A,455da03b-a6a4-4f92-a874-dc44e968f89c,11,1.0,,,,7.82,8.3,5.64,11.93,9.13,10.55
2025-12-16T09:51:05.801963,Recipe_A,455da03b-a6a4-4f92-a874-dc44e968f89c,11,1.0,,,,9.19,10.42,9.52,12.72,7.3,11.6
2025-12-16T09:51:06.801963,Recipe_A,455da03b-a6a4-4f92-a874-dc44e968f89c,11,1.0,,,,12.86,7.34,11.22,9.74,10.77,11.28
2025-12-16T09:51:07.801963,Recipe_A,455da03b-a6a4-4f92-a874-dc44e968f89c,11,1.0,,,,13.34,9.88,5.75,11.23,9.96,9.54
2025-12-16T09:51:08.801963,Recipe_A,455da03b-a6a4-4f92-a874-dc44e968f89c,11,1.0,,,,10.86,10.94,11.86,8.7,8.22,11.87
2025-12-16T09:51:09.801963,Recipe_A,455da03b-a6a4-4f92-a874-dc44e968f89c,11,1.0,,,,10.01,10.2,10.41,10.81,10.25,6.23
2025-12-16T09:51:10.801963,Recipe_A,455da03b-a6a4-4f92-a874-dc44e968f89c,11,1.0,,,,8.56,11.0,5.39,13.49,10.87,8.56
2025-12-16T09:51:11.801963,Recipe_A,455da03b-a6a4-4f92-a874-dc44e968f89c,11,1.0,,,,11.56,8.42,10.45,10.75,12.31,12.99
2025-12-16T09:51:12.801963,Recipe_A,455da03b-a6a4-4f92-a874-dc44e968f89c,11,1.0,,,,8.36,9.12,14.0,11.11,5.88,5.59
2025-12-16T09:51:13.801963,Recipe_A,455da03b-a6a4-4f92-a874-dc44e968f89c,11,1.0,,,,9.46,15.05,6.19,9.68,10.87,10.01
2025-12-16T09:51:14.801963,Recipe_A,455da03b-a6a4-4f92-a874-dc44e968f89c,11,1.0,,,,8.64,13.97,11.21,11.2,8.6,10.88
2025-12-16T09:51:15.801963,Recipe_A,455da03b-a6a4-4f92-a874-dc44e968f89c,11,1.0,,,,8.23,12.09,7.11,9.24,7.88,10.4
2025-12-16T09:51:16.801963,Recipe_A,455da03b-a6a4-4f92-a874-dc44e968f89c,11,1.0,,,,8.89,10.47,12.19,12.51,10.15,12.44
2025-12-16T09:51:17.801963,Recipe_A,455da03b-a6a4-4f92-a874-dc44e968f89c,11,1.0,,,,10.49,4.54,8.71,9.7,8.61,10.79
2025-12-16T09:51:18.801963,Recipe_A,455da03b-a6a4-4f92-a874-dc44e968f89c,11,1.0,,,,11.13,10.56,9.64,8.15,11.59,10.37
2025-12-16T09:51:19.801963,Recipe_A,455da03b-a6a4-4f92-a874-dc44e968f89c,11,1.0,,,,7.04,9.11,11.78,8.73,13.84,9.28
2025-12-16T09:51:20.801963,Recipe_A,455da03b-a6a4-4f92-a874-dc44e968f89c,11,1.0,,,,7.66,10.22,10.32,9.54,7.87,12.51
2025-12-16T09:51:21.801963,Recipe_A,455da03b-a6a4-4f92-a874-dc44e968f89c,11,1.0,,,,10.01,11.49,10.05,11.13,13.02,6.81
2025-12-16T09:51:22.801963,Recipe_A,455da03b-a6a4-4f92-a874-dc44e968f89c,11,1.0,,,,12.66,7.29,9.48,6.78,11.33,13.32
2025-12-16T09:51:23.801963,Recipe_A,455da03b-a6a4-4f92-a874-dc44e968f89c,11,1.0,,,,9.66,9.47,10.91,8.02,8.86,9.37
2025-12-16T09:51:23.801963,Recipe_A,455da03b-a6a4-4f92-a874-dc44e968f89c,11,1.0,Error_7,Simulated Error occurred,Error,,,,,,
2025-12-16T09:51:24.801963,Recipe_A,455da03b-a6a4-4f92-a874-dc44e968f89c,11,1.0,,,,8.51,10.6,12.56,9.12,9.82,10.53
2025-12-16T09:51:25.801963,Recipe_A,455da03b-a6a4-4f92-a874-dc44e968f89c,11,1.0,,,,7.28,8.04,8.79,12.76,7.25,8.89
2025-12-16T09:51:26.801963,Recipe_A,455da03b-a6a4-4f92-a874-dc44e968f89c,11,5.0,,,,11.15,8.74,13.96,9.5,12.43,9.09
2025-12-16T09:51:27.801963,Recipe_A,455da03b-a6a4-4f92-a874-dc44e968f89c,11,5.0,,,,9.39,9.58,10.31,13.65,10.31,10.89
2025-12-16T09:51:28.801963,Recipe_A,455da03b-a6a4-4f92-a874-dc44e968f89c,11,5.0,,,,7.57,9.25,9.81,13.9,12.14,7.45
2025-12-16T09:51:28.801963,Recipe_A,455da03b-a6a4-4f92-a874-dc44e968f89c,11,5.0,Warning_8,Simulated Warning occurred,Warning,,,,,,
2025-12-16T09:51:29.801963,Recipe_A,455da03b-a6a4-4f92-a874-dc44e968f89c,11,5.0,,,,12.16,11.97,7.02,13.75,10.54,9.79
2025-12-16T09:51:30.801963,Recipe_A,455da03b-a6a4-4f92-a874-dc44e968f89c,11,5.0,,,,6.56,9.52,9.88,8.34,10.75,10.92
2025-12-16T09:51:31.801963,Recipe_A,455da03b-a6a4-4f92-a874-dc44e968f89c,11,5.0,,,,8.94,11.23,11.01,10.52,9.69,8.25
2025-12-16T09:51:32.801963,Recipe_A,455da03b-a6a4-4f92-a874-dc44e968f89c,11,5.0,,,,12.01,10.48,13.91,11.73,10.9,13.35
2025-12-16T09:51:33.801963,Recipe_A,455da03b-a6a4-4f92-a874-dc44e968f89c,11,5.0,,,,6.92,5.5,12.09,11.55,11.65,9.28
2025-12-16T09:51:34.801963,Recipe_A,455da03b-a6a4-4f92-a874-dc44e968f89c,11,5.0,,,,9.28,10.14,9.32,12.51,7.53,9.34
2025-12-16T09:51:35.801963,Recipe_A,455da03b-a6a4-4f92-a874-dc44e968f89c,11,5.0,,,,7.69,11.04,9.68,6.27,10.81,13.22
2025-12-16T09:51:36.801963,Recipe_A,455da03b-a6a4-4f92-a874-dc44e968f89c,11,5.0,,,,12.18,9.46,4.94,11.09,7.65,8.48
2025-12-16T09:51:37.801963,Recipe_A,455da03b-a6a4-4f92-a874-dc44e968f89c,11,5.0,,,,10.16,13.33,7.03,12.5,11.62,10.17
2025-12-16T09:51:38.801963,Recipe_A,455da03b-a6a4-4f92-a874-dc44e968f89c,11,5.0,,,,6.79,5.78,7.77,7.32,8.52,10.55
2025-12-16T09:51:39.801963,Recipe_A,455da03b-a6a4-4f92-a874-dc44e968f89c,11,5.0,,,,11.67,10.28,8.99,9.48,9.75,10.01
2025-12-16T09:51:40.801963,Recipe_A,455da03b-a6a4-4f92-a874-dc44e968f89c,11,5.0,,,,10.9,10.02,9.66,10.27,12.73,9.61
2025-12-16T09:51:41.801963,Recipe_A,455da03b-a6a4-4f92-a874-dc44e968f89c,11,5.0,,,,12.76,11.6,10.45,10.86,12.43,11.45
2025-12-16T09:51:42.801963,Recipe_A,455da03b-a6a4-4f92-a874-dc44e968f89c,11,5.0,,,,11.77,12.11,11.21,9.64,10.66,11.89
2025-12-16T09:51:43.801963,Recipe_A,455da03b-a6a4-4f92-a874-dc44e968f89c,11,5.0,,,,8.97,12.72,9.74,11.51,10.44,7.47
2025-12-16T09:51:44.801963,Recipe_A,455da03b-a6a4-4f92-a874-dc44e968f89c,11,5.0,,,,11.2,11.26,10.54,13.02,8.53,11.78
2025-12-16T09:51:45.801963,Recipe_A,455da03b-a6a4-4f92-a874-dc44e968f89c,11,5.0,,,,11.53,10.98,11.4,10.1,8.52,10.39
2025-12-16T09:51:46.801963,Recipe_A,455da03b-a6a4-4f92-a874-dc44e968f89c,11,5.0,,,,12.27,11.49,9.99,11.55,9.1,10.56
2025-12-16T09:51:47.801963,Recipe_A,455da03b-a6a4-4f92-a874-dc44e968f89c,11,5.0,,,,13.79,8.7,7.83,11.69,8.58,8.83
2025-12-16T09:51:48.801963,Recipe_A,455da03b-a6a4-4f92-a874-dc44e968f89c,11,5.0,,,,8.94,9.84,10.43,10.58,11.29,10.03
2025-12-16T09:51:49.801963,Recipe_A,455da03b-a6a4-4f92-a874-dc44e968f89c,11,5.0,,,,10.39,10.28,8.14,9.68,9.11,14.17
2025-12-16T09:51:50.801963,Recipe_A,455da03b-a6a4-4f92-a874-dc44e968f89c,11,5.0,,,,9.64,9.7,9.05,10.38,10.91,11.59
2025-12-16T09:51:51.801963,Recipe_A,455da03b-a6a4-4f92-a874-dc44e968f89c,11,0.0,,,,0.0,0.0,0.0,0.0,0.0,0.0
2025-12-16T09:51:52.801963,Recipe_A,455da03b-a6a4-4f92-a874-dc44e968f89c,11,0.0,,,,0.0,0.0,0.0,0.0,0.0,0.0
2025-12-16T09:51:53.801963,Recipe_A,455da03b-a6a4-4f92-a874-dc44e968f89c,11,0.0,,,,0.0,0.0,0.0,0.0,0.0,0.0
2025-12-16T09:51:54.801963,Recipe_A,455da03b-a6a4-4f92-a874-dc44e968f89c,11,0.0,,,,0.0,0.0,0.0,0.0,0.0,0.0
2025-12-16T09:51:55.801963,Recipe_A,455da03b-a6a4-4f92-a874-dc44e968f89c,11,2.0,,,,13.57,11.81,5.75,8.13,11.17,8.26
2025-12-16T09:51:56.801963,Recipe_A,455da03b-a6a4-4f92-a874-dc44e968f89c,11,2.0,,,,12.37,10.38,12.72,10.62,12.67,10.01
2025-12-16T09:51:57.801963,Recipe_A,455da03b-a6a4-4f92-a874-dc44e968f89c,11,2.0,,,,8.91,9.47,7.95,10.66,12.02,8.19
2025-12-16T09:51:58.801963,Recipe_A,455da03b-a6a4-4f92-a874-dc44e968f89c,11,2.0,,,,11.3,9.67,10.24,7.56,9.02,12.21
2025-12-16T09:51:59.801963,Recipe_A,455da03b-a6a4-4f92-a874-dc44e968f89c,11,2.0,,,,9.92,8.33,13.44,10.21,15.5,9.67
2025-12-16T09:52:00.801963,Recipe_A,455da03b-a6a4-4f92-a874-dc44e968f89c,11,2.0,,,,8.71,12.23,10.08,10.66,7.33,9.12
2025-12-16T09:52:01.801963,Recipe_A,455da03b-a6a4-4f92-a874-dc44e968f89c,11,2.0,,,,11.86,5.11,10.37,12.63,10.31,6.97
2025-12-16T09:52:02.801963,Recipe_A,455da03b-a6a4-4f92-a874-dc44e968f89c,11,2.0,,,,10.35,6.74,8.25,5.53,7.43,8.9
2025-12-16T09:52:03.801963,Recipe_A,455da03b-a6a4-4f92-a874-dc44e968f89c,11,5.0,,,,10.41,11.47,10.39,8.48,12.97,6.85
2025-12-16T09:52:04.801963,Recipe_A,455da03b-a6a4-4f92-a874-dc44e968f89c,11,5.0,,,,13.64,9.98,13.66,8.81,9.61,12.41
2025-12-16T09:52:05.801963,Recipe_A,455da03b-a6a4-4f92-a874-dc44e968f89c,11,5.0,,,,9.16,9.97,9.91,10.12,10.29,7.63
2025-12-16T09:52:06.801963,Recipe_A,455da03b-a6a4-4f92-a874-dc44e968f89c,11,5.0,,,,5.15,9.52,6.03,11.36,10.93,10.86
2025-12-16T09:52:07.801963,Recipe_A,455da03b-a6a4-4f92-a874-dc44e968f89c,11,5.0,,,,8.25,12.94,6.73,8.85,12.3,8.44
2025-12-16T09:52:08.801963,Recipe_A,455da03b-a6a4-4f92-a874-dc44e968f89c,11,5.0,,,,6.92,9.29,11.27,8.98,8.74,11.72
2025-12-16T09:52:09.801963,Recipe_A,455da03b-a6a4-4f92-a874-dc44e968f89c,11,5.0,,,,11.3,13.64,12.12,6.08,8.11,12.69
2025-12-16T09:52:10.801963,Recipe_A,455da03b-a6a4-4f92-a874-dc44e968f89c,11,5.0,,,,10.36,9.84,9.14,12.19,7.92,11.72
2025-12-16T09:52:11.801963,Recipe_A,455da03b-a6a4-4f92-a874-dc44e968f89c,11,5.0,,,,9.4,11.8,9.24,8.27,9.81,7.87
2025-12-16T09:52:12.801963,Recipe_A,455da03b-a6a4-4f92-a874-dc44e968f89c,11,5.0,,,,7.29,10.63,10.23,8.83,7.9,7.31
2025-12-16T09:52:13.801963,Recipe_A,455da03b-a6a4-4f92-a874-dc44e968f89c,11,5.0,,,,10.01,10.56,10.45,15.32,14.03,9.48
2025-12-16T09:52:14.801963,Recipe_A,455da03b-a6a4-4f92-a874-dc44e968f89c,11,5.0,,,,10.25,11.55,11.02,6.19,9.56,9.44
2025-12-16T09:52:15.801963,Recipe_A,455da03b-a6a4-4f92-a874-dc44e968f89c,11,5.0,,,,9.79,7.87,10.62,9.4,7.49,11.57
2025-12-16T09:52:16.801963,Recipe_A,455da03b-a6a4-4f92-a874-dc44e968f89c,11,5.0,,,,8.93,10.4,9.62,12.26,4.69,11.23
2025-12-16T09:52:17.801963,Recipe_A,455da03b-a6a4-4f92-a874-dc44e968f89c,11,5.0,,,,11.33,15.97,9.93,8.99,11.71,10.52
2025-12-16T09:52:18.801963,Recipe_A,455da03b-a6a4-4f92-a874-dc44e968f89c,11,5.0,,,,11.87,8.3,11.5,12.41,10.56,11.75
2025-12-16T09:52:19.801963,Recipe_A,455da03b-a6a4-4f92-a874-dc44e968f89c,11,5.0,,,,12.07,11.12,14.28,12.36,9.34,10.2
2025-12-16T09:52:20.801963,Recipe_A,455da03b-a6a4-4f92-a874-dc44e968f89c,11,5.0,,,,10.24,8.01,13.62,5.04,9.16,8.35
2025-12-16T09:52:21.801963,Recipe_A,455da03b-a6a4-4f92-a874-dc44e968f89c,11,5.0,,,,11.39,4.88,10.49,9.86,10.01,9.39
2025-12-16T09:52:22.801963,Recipe_A,455da03b-a6a4-4f92-a874-dc44e968f89c,11,5.0,,,,11.99,11.45,9.51,11.59,11.11,11.01
2025-12-16T09:52:23.801963,Recipe_A,455da03b-a6a4-4f92-a874-dc44e968f89c,11,5.0,,,,8.3,7.64,13.49,9.56,11.59,6.39
2025-12-16T09:52:24.801963,Recipe_A,455da03b-a6a4-4f92-a874-dc44e968f89c,11,5.0,,,,6.95,13.57,7.13,9.7,7.95,12.14
2025-12-16T09:52:25.801963,Recipe_A,455da03b-a6a4-4f92-a874-dc44e968f89c,11,5.0,,,,10.64,12.62,11.89,7.27,8.21,12.65
2025-12-16T09:52:26.801963,Recipe_A,455da03b-a6a4-4f92-a874-dc44e968f89c,11,5.0,,,,11.37,9.53,9.32,12.45,10.11,11.79
2025-12-16T09:52:27.801963,Recipe_A,455da03b-a6a4-4f92-a874-dc44e968f89c,11,5.0,,,,8.21,6.73,7.97,11.2,11.69,8.6
2025-12-16T09:52:28.801963,Recipe_A,455da03b-a6a4-4f92-a874-dc44e968f89c,11,5.0,,,,7.2,8.96,10.83,10.08,9.43,9.3
2025-12-16T09:52:29.801963,Recipe_A,455da03b-a6a4-4f92-a874-dc44e968f89c,11,5.0,,,,13.71,8.03,7.45,11.61,7.21,12.93
2025-12-16T09:52:30.801963,Recipe_A,455da03b-a6a4-4f92-a874-dc44e968f89c,11,5.0,,,,9.32,5.82,8.81,6.2,10.07,7.06
2025-12-16T09:52:31.801963,Recipe_A,455da03b-a6a4-4f92-a874-dc44e968f89c,11,2.0,,,,5.67,8.05,11.82,12.27,9.17,11.68
2025-12-16T09:52:32.801963,Recipe_A,455da03b-a6a4-4f92-a874-dc44e968f89c,11,2.0,,,,7.37,12.4,13.44,10.47,11.03,5.19
2025-12-16T09:52:33.801963,Recipe_A,455da03b-a6a4-4f92-a874-dc44e968f89c,11,2.0,,,,8.82,7.69,8.67,9.6,7.04,10.51
2025-12-16T09:52:34.801963,Recipe_A,455da03b-a6a4-4f92-a874-dc44e968f89c,11,2.0,,,,11.54,10.42,7.68,13.45,8.44,9.35
2025-12-16T09:52:35.801963,Recipe_A,455da03b-a6a4-4f92-a874-dc44e968f89c,11,2.0,,,,10.36,10.7,15.51,7.35,8.15,11.22
2025-12-16T09:52:36.801963,Recipe_A,455da03b-a6a4-4f92-a874-dc44e968f89c,11,2.0,,,,9.39,13.03,10.86,8.37,9.6,10.14
2025-12-16T09:52:37.801963,Recipe_A,455da03b-a6a4-4f92-a874-dc44e968f89c,11,2.0,,,,6.28,6.41,9.11,5.88,9.58,13.5
2025-12-16T09:52:38.801963,Recipe_A,455da03b-a6a4-4f92-a874-dc44e968f89c,11,2.0,,,,9.79,14.91,7.62,10.12,9.59,9.42
2025-12-16T09:52:39.801963,Recipe_A,455da03b-a6a4-4f92-a874-dc44e968f89c,11,2.0,,,,11.94,7.11,9.41,11.71,7.34,10.61
2025-12-16T09:52:40.801963,Recipe_A,455da03b-a6a4-4f92-a874-dc44e968f89c,11,2.0,,,,13.94,9.73,9.05,8.39,8.71,9.05
2025-12-16T09:52:41.801963,Recipe_A,455da03b-a6a4-4f92-a874-dc44e968f89c,11,2.0,,,,8.39,10.88,8.47,13.02,13.4,9.03
2025-12-16T09:52:42.801963,Recipe_A,455da03b-a6a4-4f92-a874-dc44e968f89c,11,2.0,,,,7.94,4.88,10.52,12.5,9.88,9.24
2025-12-16T09:52:43.801963,Recipe_A,455da03b-a6a4-4f92-a874-dc44e968f89c,11,2.0,,,,11.08,11.17,10.6,9.44,9.03,8.67
2025-12-16T09:52:44.801963,Recipe_A,455da03b-a6a4-4f92-a874-dc44e968f89c,11,2.0,,,,11.11,10.94,10.03,9.05,14.97,10.46
2025-12-16T09:52:45.801963,Recipe_A,455da03b-a6a4-4f92-a874-dc44e968f89c,11,2.0,,,,10.98,7.57,7.54,10.67,9.89,9.27
2025-12-16T09:52:46.801963,Recipe_A,455da03b-a6a4-4f92-a874-dc44e968f89c,11,2.0,,,,8.25,8.88,9.05,10.71,11.88,11.58
2025-12-16T09:52:47.801963,Recipe_A,455da03b-a6a4-4f92-a874-dc44e968f89c,11,2.0,,,,9.93,13.21,11.6,11.92,7.7,13.41
2025-12-16T09:52:48.801963,Recipe_A,455da03b-a6a4-4f92-a874-dc44e968f89c,11,2.0,,,,10.27,9.74,11.06,10.08,8.08,7.67
2025-12-16T09:52:49.801963,Recipe_A,455da03b-a6a4-4f92-a874-dc44e968f89c,11,2.0,,,,10.91,12.8,11.69,9.85,10.71,10.22
2025-12-16T09:52:50.801963,Recipe_A,455da03b-a6a4-4f92-a874-dc44e968f89c,11,2.0,,,,11.54,10.69,8.93,9.7,11.94,10.64
2025-12-16T09:52:51.801963,Recipe_A,455da03b-a6a4-4f92-a874-dc44e968f89c,11,2.0,,,,10.63,9.35,11.78,11.56,9.48,13.3
2025-12-16T09:52:52.801963,Recipe_A,455da03b-a6a4-4f92-a874-dc44e968f89c,11,2.0,,,,9.0,9.24,10.99,10.28,9.12,12.04
2025-12-16T09:52:53.801963,Recipe_A,455da03b-a6a4-4f92-a874-dc44e968f89c,11,2.0,,,,8.91,10.98,10.36,11.0,9.14,12.41
2025-12-16T09:52:54.801963,Recipe_A,455da03b-a6a4-4f92-a874-dc44e968f89c,11,2.0,,,,12.8,10.99,9.92,9.47,7.61,11.43
2025-12-16T09:52:55.801963,Recipe_A,455da03b-a6a4-4f92-a874-dc44e968f89c,11,2.0,,,,5.52,9.67,7.33,11.49,7.84,12.09
2025-12-16T09:52:56.801963,Recipe_A,455da03b-a6a4-4f92-a874-dc44e968f89c,11,2.0,,,,14.89,12.95,10.12,12.53,9.48,10.74
2025-12-16T09:52:57.801963,Recipe_A,455da03b-a6a4-4f92-a874-dc44e968f89c,11,2.0,,,,12.2,9.59,9.25,13.38,10.35,9.51
2025-12-16T09:52:58.801963,Recipe_A,455da03b-a6a4-4f92-a874-dc44e968f89c,11,2.0,,,,7.97,8.84,10.12,10.43,9.46,9.42
2025-12-16T09:52:59.801963,Recipe_A,455da03b-a6a4-4f92-a874-dc44e968f89c,11,2.0,,,,7.8,10.27,8.13,10.56,7.74,10.15
2025-12-16T09:53:00.801963,Recipe_A,455da03b-a6a4-4f92-a874-dc44e968f89c,11,2.0,,,,10.02,8.63,9.22,9.92,4.6,9.27
2025-12-16T09:53:01.801963,Recipe_A,455da03b-a6a4-4f92-a874-dc44e968f89c,11,2.0,,,,10.8,10.22,11.01,8.37,8.53,10.96
2025-12-16T09:53:02.801963,Recipe_A,455da03b-a6a4-4f92-a874-dc44e968f89c,11,2.0,,,,11.06,5.59,7.44,11.4,9.03,9.61
2025-12-16T09:53:03.801963,Recipe_A,455da03b-a6a4-4f92-a874-dc44e968f89c,11,2.0,,,,8.18,10.36,7.14,7.67,13.25,12.12
2025-12-16T09:53:04.801963,Recipe_A,455da03b-a6a4-4f92-a874-dc44e968f89c,11,2.0,,,,10.96,10.08,11.74,9.62,10.4,9.93
2025-12-16T09:53:05.801963,Recipe_A,455da03b-a6a4-4f92-a874-dc44e968f89c,11,2.0,,,,10.71,10.24,9.87,10.86,14.96,7.52
2025-12-16T09:53:06.801963,Recipe_A,455da03b-a6a4-4f92-a874-dc44e968f89c,11,2.0,,,,13.49,10.6,9.22,11.6,6.05,11.22
2025-12-16T09:53:07.801963,Recipe_A,455da03b-a6a4-4f92-a874-dc44e968f89c,11,4.0,,,,99.36,50.17,54.41,52.16,45.12,39.86
2025-12-16T09:53:08.801963,Recipe_A,455da03b-a6a4-4f92-a874-dc44e968f89c,11,4.0,,,,103.54,58.0,48.54,46.2,54.02,56.11
2025-12-16T09:53:09.801963,Recipe_A,455da03b-a6a4-4f92-a874-dc44e968f89c,11,4.0,,,,98.86,49.61,50.43,55.59,46.15,54.28
2025-12-16T09:53:10.801963,Recipe_A,455da03b-a6a4-4f92-a874-dc44e968f89c,11,4.0,,,,98.8,51.76,56.87,61.89,46.63,56.13
2025-12-16T09:53:11.801963,Recipe_A,455da03b-a6a4-4f92-a874-dc44e968f89c,11,4.0,,,,97.63,48.5,47.46,46.5,54.44,50.42
2025-12-16T09:53:12.801963,Recipe_A,455da03b-a6a4-4f92-a874-dc44e968f89c,11,4.0,,,,89.27,48.22,48.47,43.48,49.63,53.36
2025-12-16T09:53:13.801963,Recipe_A,455da03b-a6a4-4f92-a874-dc44e968f89c,11,4.0,,,,97.85,53.98,42.63,51.75,51.72,51.56
2025-12-16T09:53:14.801963,Recipe_A,455da03b-a6a4-4f92-a874-dc44e968f89c,11,4.0,,,,98.33,46.87,48.3,49.43,48.9,45.38
2025-12-16T09:53:15.801963,Recipe_A,455da03b-a6a4-4f92-a874-dc44e968f89c,11,4.0,,,,103.64,43.2,56.17,53.44,57.58,49.0
2025-12-16T09:53:16.801963,Recipe_A,455da03b-a6a4-4f92-a874-dc44e968f89c,11,4.0,,,,104.23,50.87,47.47,61.27,57.86,51.58
2025-12-16T09:53:17.801963,Recipe_A,455da03b-a6a4-4f92-a874-dc44e968f89c,11,4.0,,,,100.92,42.97,51.16,41.8,47.12,43.94
2025-12-16T09:53:18.801963,Recipe_A,455da03b-a6a4-4f92-a874-dc44e968f89c,11,5.0,,,,11.13,10.93,9.72,11.4,13.53,5.81
2025-12-16T09:53:19.801963,Recipe_A,455da03b-a6a4-4f92-a874-dc44e968f89c,11,5.0,,,,15.23,10.4,11.25,10.71,7.64,11.13
2025-12-16T09:53:20.801963,Recipe_A,455da03b-a6a4-4f92-a874-dc44e968f89c,11,5.0,,,,6.03,9.89,7.09,6.51,12.67,8.01
2025-12-16T09:53:21.801963,Recipe_A,455da03b-a6a4-4f92-a874-dc44e968f89c,11,5.0,,,,14.56,10.0,11.77,12.75,8.99,8.65
2025-12-16T09:53:22.801963,Recipe_A,455da03b-a6a4-4f92-a874-dc44e968f89c,11,5.0,,,,13.1,9.26,11.78,13.09,9.75,14.37
2025-12-16T09:53:23.801963,Recipe_A,455da03b-a6a4-4f92-a874-dc44e968f89c,11,5.0,,,,11.95,9.1,13.61,6.99,9.49,10.33
2025-12-16T09:53:24.801963,Recipe_A,455da03b-a6a4-4f92-a874-dc44e968f89c,11,5.0,,,,6.15,10.79,11.77,7.25,10.03,14.6
2025-12-16T09:53:24.801963,Recipe_A,455da03b-a6a4-4f92-a874-dc44e968f89c,11,5.0,Warning_1,Simulated Warning occurred,Warning,,,,,,
2025-12-16T09:53:25.801963,Recipe_A,455da03b-a6a4-4f92-a874-dc44e968f89c,11,5.0,,,,7.19,9.24,8.25,11.13,8.22,13.25
2025-12-16T09:53:26.801963,Recipe_A,455da03b-a6a4-4f92-a874-dc44e968f89c,11,5.0,,,,9.12,9.29,9.65,12.32,9.54,9.13
2025-12-16T09:53:27.801963,Recipe_A,455da03b-a6a4-4f92-a874-dc44e968f89c,11,5.0,,,,11.79,12.82,8.41,7.89,11.15,11.72
2025-12-16T09:53:28.801963,Recipe_A,455da03b-a6a4-4f92-a874-dc44e968f89c,11,5.0,,,,6.56,8.51,10.18,11.91,7.31,10.55
2025-12-16T09:53:29.801963,Recipe_A,455da03b-a6a4-4f92-a874-dc44e968f89c,11,5.0,,,,6.71,10.46,9.02,6.97,7.19,9.33
2025-12-16T09:53:30.801963,Recipe_A,455da03b-a6a4-4f92-a874-dc44e968f89c,11,5.0,,,,8.61,7.45,7.48,7.59,9.11,7.47
2025-12-16T09:53:31.801963,Recipe_A,455da03b-a6a4-4f92-a874-dc44e968f89c,11,5.0,,,,8.85,10.81,11.06,11.6,10.47,12.17
2025-12-16T09:53:32.801963,Recipe_A,455da03b-a6a4-4f92-a874-dc44e968f89c,11,5.0,,,,9.06,15.84,6.9,9.52,11.57,9.34
2025-12-16T09:53:33.801963,Recipe_A,455da03b-a6a4-4f92-a874-dc44e968f89c,11,5.0,,,,11.62,9.56,10.17,12.45,10.52,9.55
2025-12-16T09:53:34.801963,Recipe_A,455da03b-a6a4-4f92-a874-dc44e968f89c,11,5.0,,,,9.33,10.6,10.62,8.78,11.42,8.2
2025-12-16T09:53:35.801963,Recipe_A,455da03b-a6a4-4f92-a874-dc44e968f89c,11,5.0,,,,9.59,8.17,10.19,10.42,12.33,6.1
2025-12-16T09:53:36.801963,Recipe_A,455da03b-a6a4-4f92-a874-dc44e968f89c,11,5.0,,,,9.43,9.27,12.77,10.78,8.94,8.57
2025-12-16T09:53:37.801963,Recipe_A,455da03b-a6a4-4f92-a874-dc44e968f89c,11,5.0,,,,10.94,8.43,12.51,9.69,9.78,8.67
2025-12-16T09:53:38.801963,Recipe_A,455da03b-a6a4-4f92-a874-dc44e968f89c,11,5.0,,,,9.05,7.22,9.16,9.98,13.75,8.51
2025-12-16T09:53:39.801963,Recipe_A,455da03b-a6a4-4f92-a874-dc44e968f89c,11,5.0,,,,8.84,12.82,10.88,8.06,6.6,11.66
2025-12-16T09:53:40.801963,Recipe_A,455da03b-a6a4-4f92-a874-dc44e968f89c,11,5.0,,,,8.2,11.87,12.23,9.06,12.66,10.82
2025-12-16T09:53:41.801963,Recipe_A,455da03b-a6a4-4f92-a874-dc44e968f89c,11,5.0,,,,8.48,7.72,9.47,11.06,6.79,14.81
2025-12-16T09:53:42.801963,Recipe_A,455da03b-a6a4-4f92-a874-dc44e968f89c,11,5.0,,,,8.75,10.94,8.0,9.06,9.12,11.66
2025-12-16T09:53:43.801963,Recipe_A,455da03b-a6a4-4f92-a874-dc44e968f89c,11,5.0,,,,6.24,8.21,10.75,8.62,8.43,12.26
2025-12-16T09:53:44.801963,Recipe_A,455da03b-a6a4-4f92-a874-dc44e968f89c,11,5.0,,,,9.3,11.28,8.7,9.33,9.58,9.15
2025-12-16T09:53:45.801963,Recipe_A,455da03b-a6a4-4f92-a874-dc44e968f89c,11,5.0,,,,10.81,10.05,11.63,9.61,8.35,11.5
2025-12-16T09:53:46.801963,Recipe_A,455da03b-a6a4-4f92-a874-dc44e968f89c,11,5.0,,,,10.47,7.23,8.64,9.33,9.56,10.22
2025-12-16T09:53:46.801963,Recipe_A,455da03b-a6a4-4f92-a874-dc44e968f89c,11,5.0,Warning_3,Simulated Warning occurred,Warning,,,,,,
2025-12-16T09:53:47.801963,Recipe_A,455da03b-a6a4-4f92-a874-dc44e968f89c,11,5.0,,,,11.79,8.87,9.48,11.73,9.51,12.55
2025-12-16T09:53:48.801963,Recipe_A,455da03b-a6a4-4f92-a874-dc44e968f89c,11,5.0,,,,10.8,11.39,12.11,11.64,7.16,11.3
2025-12-16T09:53:49.801963,Recipe_A,455da03b-a6a4-4f92-a874-dc44e968f89c,11,5.0,,,,8.97,3.97,11.49,9.66,8.3,7.86
2025-12-16T09:53:50.801963,Recipe_A,455da03b-a6a4-4f92-a874-dc44e968f89c,11,5.0,,,,8.66,9.97,10.22,10.07,9.21,7.92
2025-12-16T09:53:51.801963,Recipe_A,455da03b-a6a4-4f92-a874-dc44e968f89c,11,1.0,,,,8.23,12.14,10.15,6.55,13.87,9.25
2025-12-16T09:53:52.801963,Recipe_A,455da03b-a6a4-4f92-a874-dc44e968f89c,11,1.0,,,,10.26,12.35,10.55,6.75,9.14,9.28
2025-12-16T09:53:53.801963,Recipe_A,455da03b-a6a4-4f92-a874-dc44e968f89c,11,1.0,,,,11.38,9.99,8.08,9.89,8.01,8.93
2025-12-16T09:53:54.801963,Recipe_A,455da03b-a6a4-4f92-a874-dc44e968f89c,11,1.0,,,,8.07,10.25,11.25,6.92,9.14,9.36
2025-12-16T09:53:55.801963,Recipe_A,455da03b-a6a4-4f92-a874-dc44e968f89c,11,1.0,,,,8.74,7.76,9.03,11.45,8.98,10.74
2025-12-16T09:53:56.801963,Recipe_A,455da03b-a6a4-4f92-a874-dc44e968f89c,11,1.0,,,,9.89,10.33,9.98,9.24,11.65,8.56
2025-12-16T09:53:57.801963,Recipe_A,455da03b-a6a4-4f92-a874-dc44e968f89c,11,1.0,,,,11.7,8.22,9.31,12.67,10.64,11.48
2025-12-16T09:53:58.801963,Recipe_A,455da03b-a6a4-4f92-a874-dc44e968f89c,11,1.0,,,,8.68,12.53,11.25,12.04,8.45,12.38
2025-12-16T09:53:59.801963,Recipe_A,455da03b-a6a4-4f92-a874-dc44e968f89c,11,1.0,,,,7.58,8.1,8.69,11.71,11.64,10.9
2025-12-16T09:54:00.801963,Recipe_A,455da03b-a6a4-4f92-a874-dc44e968f89c,11,1.0,,,,10.32,12.55,7.81,6.22,12.46,7.4
2025-12-16T09:54:01.801963,Recipe_A,455da03b-a6a4-4f92-a874-dc44e968f89c,11,1.0,,,,12.26,9.71,12.19,11.52,11.43,10.23
2025-12-16T09:54:02.801963,Recipe_A,455da03b-a6a4-4f92-a874-dc44e968f89c,11,1.0,,,,13.26,8.35,12.19,10.4,8.34,13.12
2025-12-16T09:54:03.801963,Recipe_A,455da03b-a6a4-4f92-a874-dc44e968f89c,11,1.0,,,,11.92,6.23,9.97,7.31,6.72,8.81
2025-12-16T09:54:04.801963,Recipe_A,455da03b-a6a4-4f92-a874-dc44e968f89c,11,1.0,,,,9.14,11.38,9.87,11.0,9.15,12.13
2025-12-16T09:54:05.801963,Recipe_A,455da03b-a6a4-4f92-a874-dc44e968f89c,11,1.0,,,,8.04,10.32,11.3,7.56,8.29,9.02
2025-12-16T09:54:06.801963,Recipe_A,455da03b-a6a4-4f92-a874-dc44e968f89c,11,1.0,,,,9.1,10.44,11.27,5.49,9.0,11.51
2025-12-16T09:54:07.801963,Recipe_A,455da03b-a6a4-4f92-a874-dc44e968f89c,11,1.0,,,,11.56,12.21,9.28,9.65,8.9,12.64
2025-12-16T09:54:08.801963,Recipe_A,455da03b-a6a4-4f92-a874-dc44e968f89c,11,1.0,,,,9.0,9.09,12.42,10.33,10.21,11.56
2025-12-16T09:54:09.801963,Recipe_A,455da03b-a6a4-4f92-a874-dc44e968f89c,11,1.0,,,,12.93,8.1,9.07,7.73,14.82,12.32
2025-12-16T09:54:10.801963,Recipe_A,455da03b-a6a4-4f92-a874-dc44e968f89c,11,1.0,,,,11.53,13.79,9.88,9.91,10.39,9.97
2025-12-16T09:54:11.801963,Recipe_A,455da03b-a6a4-4f92-a874-dc44e968f89c,11,1.0,,,,13.04,10.59,9.0,9.57,8.82,14.19
2025-12-16T09:54:12.801963,Recipe_A,455da03b-a6a4-4f92-a874-dc44e968f89c,11,1.0,,,,8.29,12.68,8.87,11.92,15.65,11.45
2025-12-16T09:54:13.801963,Recipe_A,455da03b-a6a4-4f92-a874-dc44e968f89c,11,1.0,,,,11.41,10.27,12.39,8.74,11.42,7.98
2025-12-16T09:54:14.801963,Recipe_A,455da03b-a6a4-4f92-a874-dc44e968f89c,11,1.0,,,,6.89,9.78,12.56,9.04,10.97,11.89
2025-12-16T09:54:15.801963,Recipe_A,455da03b-a6a4-4f92-a874-dc44e968f89c,11,1.0,,,,10.22,11.12,7.08,9.09,9.48,10.51
2025-12-16T09:54:16.801963,Recipe_A,455da03b-a6a4-4f92-a874-dc44e968f89c,11,1.0,,,,8.29,11.55,9.02,6.23,8.73,11.08
2025-12-16T09:54:17.801963,Recipe_A,455da03b-a6a4-4f92-a874-dc44e968f89c,11,1.0,,,,7.79,12.5,9.09,10.88,12.53,12.2
2025-12-16T09:54:18.801963,Recipe_A,455da03b-a6a4-4f92-a874-dc44e968f89c,11,1.0,,,,9.72,11.21,8.79,11.44,9.47,14.73
2025-12-16T09:54:19.801963,Recipe_A,455da03b-a6a4-4f92-a874-dc44e968f89c,11,1.0,,,,9.04,12.38,9.49,11.73,10.5,10.99
2025-12-16T09:54:20.801963,Recipe_A,455da03b-a6a4-4f92-a874-dc44e968f89c,11,1.0,,,,12.3,8.74,7.31,14.38,8.78,12.27
2025-12-16T09:54:21.801963,Recipe_A,455da03b-a6a4-4f92-a874-dc44e968f89c,11,1.0,,,,9.3,11.73,11.8,6.74,8.84,8.95
2025-12-16T09:54:22.801963,Recipe_A,455da03b-a6a4-4f92-a874-dc44e968f89c,11,3.0,,,,12.72,9.25,10.32,11.09,9.26,9.4
2025-12-16T09:54:23.801963,Recipe_A,455da03b-a6a4-4f92-a874-dc44e968f89c,11,3.0,,,,8.03,10.87,10.57,9.65,9.69,7.15
2025-12-16T09:54:24.801963,Recipe_A,455da03b-a6a4-4f92-a874-dc44e968f89c,11,3.0,,,,11.71,8.71,9.38,9.85,7.01,7.41
2025-12-16T09:54:25.801963,Recipe_A,455da03b-a6a4-4f92-a874-dc44e968f89c,11,3.0,,,,7.98,7.96,10.63,6.89,9.45,7.84
2025-12-16T09:54:26.801963,Recipe_A,455da03b-a6a4-4f92-a874-dc44e968f89c,11,5.0,,,,9.71,10.76,9.31,12.55,6.24,7.64
2025-12-16T09:54:27.801963,Recipe_A,455da03b-a6a4-4f92-a874-dc44e968f89c,11,5.0,,,,9.83,11.18,9.63,7.06,10.67,9.38
2025-12-16T09:54:28.801963,Recipe_A,455da03b-a6a4-4f92-a874-dc44e968f89c,11,5.0,,,,10.2,13.87,12.48,11.28,11.64,9.97
2025-12-16T09:54:29.801963,Recipe_A,455da03b-a6a4-4f92-a874-dc44e968f89c,11,5.0,,,,11.51,9.95,8.27,8.56,12.29,8.34
2025-12-16T09:54:30.801963,Recipe_A,455da03b-a6a4-4f92-a874-dc44e968f89c,11,5.0,,,,8.54,10.21,9.94,12.31,13.68,9.42
2025-12-16T09:54:31.801963,Recipe_A,455da03b-a6a4-4f92-a874-dc44e968f89c,11,5.0,,,,10.55,11.24,5.5,10.53,8.51,13.65
2025-12-16T09:54:32.801963,Recipe_A,455da03b-a6a4-4f92-a874-dc44e968f89c,11,5.0,,,,8.87,12.34,8.81,11.1,10.24,8.92
2025-12-16T09:54:33.801963,Recipe_A,455da03b-a6a4-4f92-a874-dc44e968f89c,11,3.0,,,,8.76,7.15,11.99,8.66,9.98,9.48
2025-12-16T09:54:34.801963,Recipe_A,455da03b-a6a4-4f92-a874-dc44e968f89c,11,3.0,,,,12.39,7.08,11.39,14.37,12.9,10.15
2025-12-16T09:54:35.801963,Recipe_A,455da03b-a6a4-4f92-a874-dc44e968f89c,11,3.0,,,,7.56,9.29,9.44,13.03,9.75,7.41
2025-12-16T09:54:36.801963,Recipe_A,455da03b-a6a4-4f92-a874-dc44e968f89c,11,3.0,,,,12.42,11.84,11.69,8.13,11.87,10.15
2025-12-16T09:54:37.801963,Recipe_A,455da03b-a6a4-4f92-a874-dc44e968f89c,11,5.0,,,,8.58,6.09,8.86,9.06,9.02,8.75
2025-12-16T09:54:38.801963,Recipe_A,455da03b-a6a4-4f92-a874-dc44e968f89c,11,5.0,,,,10.17,8.7,9.7,10.37,6.53,9.69
2025-12-16T09:54:39.801963,Recipe_A,455da03b-a6a4-4f92-a874-dc44e968f89c,11,0.0,,,,0.0,0.0,0.0,0.0,0.0,0.0
2025-12-16T09:54:40.801963,Recipe_A,455da03b-a6a4-4f92-a874-dc44e968f89c,11,0.0,,,,0.0,0.0,0.0,0.0,0.0,0.0
2025-12-16T09:54:41.801963,Recipe_A,455da03b-a6a4-4f92-a874-dc44e968f89c,11,0.0,,,,0.0,0.0,0.0,0.0,0.0,0.0
2025-12-16T09:54:42.801963,Recipe_A,455da03b-a6a4-4f92-a874-dc44e968f89c,11,0.0,,,,0.0,0.0,0.0,0.0,0.0,0.0
2025-12-16T09:54:43.801963,Recipe_A,455da03b-a6a4-4f92-a874-dc44e968f89c,11,0.0,,,,0.0,0.0,0.0,0.0,0.0,0.0
2025-12-16T09:54:44.801963,Recipe_A,455da03b-a6a4-4f92-a874-dc44e968f89c,11,0.0,,,,0.0,0.0,0.0,0.0,0.0,0.0
2025-12-16T09:54:45.801963,Recipe_A,455da03b-a6a4-4f92-a874-dc44e968f89c,11,0.0,,,,0.0,0.0,0.0,0.0,0.0,0.0
2025-12-16T09:54:46.801963,Recipe_A,455da03b-a6a4-4f92-a874-dc44e968f89c,11,0.0,,,,0.0,0.0,0.0,0.0,0.0,0.0
2025-12-16T09:54:47.801963,Recipe_A,455da03b-a6a4-4f92-a874-dc44e968f89c,11,0.0,,,,0.0,0.0,0.0,0.0,0.0,0.0
2025-12-16T09:54:48.801963,Recipe_A,455da03b-a6a4-4f92-a874-dc44e968f89c,11,0.0,,,,0.0,0.0,0.0,0.0,0.0,0.0
2025-12-16T09:54:49.801963,Recipe_A,455da03b-a6a4-4f92-a874-dc44e968f89c,11,0.0,,,,0.0,0.0,0.0,0.0,0.0,0.0
2025-12-16T09:54:50.801963,Recipe_A,455da03b-a6a4-4f92-a874-dc44e968f89c,11,0.0,,,,0.0,0.0,0.0,0.0,0.0,0.0
2025-12-16T09:54:51.801963,Recipe_A,455da03b-a6a4-4f92-a874-dc44e968f89c,11,0.0,,,,0.0,0.0,0.0,0.0,0.0,0.0
2025-12-16T09:54:52.801963,Recipe_A,455da03b-a6a4-4f92-a874-dc44e968f89c,11,0.0,,,,0.0,0.0,0.0,0.0,0.0,0.0
2025-12-16T09:54:53.801963,Recipe_A,455da03b-a6a4-4f92-a874-dc44e968f89c,11,0.0,,,,0.0,0.0,0.0,0.0,0.0,0.0
2025-12-16T09:54:54.801963,Recipe_A,455da03b-a6a4-4f92-a874-dc44e968f89c,11,0.0,,,,0.0,0.0,0.0,0.0,0.0,0.0
2025-12-16T09:54:55.801963,Recipe_A,455da03b-a6a4-4f92-a874-dc44e968f89c,11,0.0,,,,0.0,0.0,0.0,0.0,0.0,0.0
2025-12-16T09:54:56.801963,Recipe_A,455da03b-a6a4-4f92-a874-dc44e968f89c,11,0.0,,,,0.0,0.0,0.0,0.0,0.0,0.0
2025-12-16T09:54:57.801963,Recipe_A,455da03b-a6a4-4f92-a874-dc44e968f89c,11,0.0,,,,0.0,0.0,0.0,0.0,0.0,0.0
2025-12-16T09:54:58.801963,Recipe_A,455da03b-a6a4-4f92-a874-dc44e968f89c,11,0.0,,,,0.0,0.0,0.0,0.0,0.0,0.0
2025-12-16T09:54:59.801963,Recipe_A,455da03b-a6a4-4f92-a874-dc44e968f89c,11,0.0,,,,0.0,0.0,0.0,0.0,0.0,0.0
2025-12-16T09:55:00.801963,Recipe_A,455da03b-a6a4-4f92-a874-dc44e968f89c,11,0.0,,,,0.0,0.0,0.0,0.0,0.0,0.0
2025-12-16T09:55:01.801963,Recipe_A,455da03b-a6a4-4f92-a874-dc44e968f89c,11,0.0,,,,0.0,0.0,0.0,0.0,0.0,0.0
2025-12-16T09:55:02.801963,Recipe_A,455da03b-a6a4-4f92-a874-dc44e968f89c,11,0.0,,,,0.0,0.0,0.0,0.0,0.0,0.0
2025-12-16T09:55:03.801963,Recipe_A,455da03b-a6a4-4f92-a874-dc44e968f89c,11,0.0,,,,0.0,0.0,0.0,0.0,0.0,0.0
2025-12-16T09:55:04.801963,Recipe_A,455da03b-a6a4-4f92-a874-dc44e968f89c,11,0.0,,,,0.0,0.0,0.0,0.0,0.0,0.0
2025-12-16T09:55:05.801963,Recipe_A,455da03b-a6a4-4f92-a874-dc44e968f89c,11,0.0,,,,0.0,0.0,0.0,0.0,0.0,0.0
2025-12-16T09:55:06.801963,Recipe_A,455da03b-a6a4-4f92-a874-dc44e968f89c,11,0.0,,,,0.0,0.0,0.0,0.0,0.0,0.0
2025-12-16T09:55:07.801963,Recipe_A,455da03b-a6a4-4f92-a874-dc44e968f89c,11,0.0,,,,0.0,0.0,0.0,0.0,0.0,0.0
2025-12-16T09:55:08.801963,Recipe_A,455da03b-a6a4-4f92-a874-dc44e968f89c,11,0.0,,,,0.0,0.0,0.0,0.0,0.0,0.0
2025-12-16T09:55:09.801963,Recipe_A,455da03b-a6a4-4f92-a874-dc44e968f89c,11,0.0,,,,0.0,0.0,0.0,0.0,0.0,0.0
2025-12-16T09:55:10.801963,Recipe_A,455da03b-a6a4-4f92-a874-dc44e968f89c,11,0.0,,,,0.0,0.0,0.0,0.0,0.0,0.0
2025-12-16T09:55:11.801963,Recipe_A,455da03b-a6a4-4f92-a874-dc44e968f89c,11,0.0,,,,0.0,0.0,0.0,0.0,0.0,0.0
2025-12-16T09:55:12.801963,Recipe_A,455da03b-a6a4-4f92-a874-dc44e968f89c,11,0.0,,,,0.0,0.0,0.0,0.0,0.0,0.0
2025-12-16T09:55:13.801963,Recipe_A,455da03b-a6a4-4f92-a874-dc44e968f89c,11,0.0,,,,0.0,0.0,0.0,0.0,0.0,0.0
2025-12-16T09:55:14.801963,Recipe_A,455da03b-a6a4-4f92-a874-dc44e968f89c,11,4.0,,,,97.07,45.13,47.94,46.28,51.04,43.43
2025-12-16T09:55:15.801963,Recipe_A,455da03b-a6a4-4f92-a874-dc44e968f89c,11,4.0,,,,100.41,58.93,51.99,47.49,52.29,49.28
2025-12-16T09:55:16.801963,Recipe_A,455da03b-a6a4-4f92-a874-dc44e968f89c,11,4.0,,,,102.24,49.38,45.46,57.57,52.34,53.8
2025-12-16T09:55:17.801963,Recipe_A,455da03b-a6a4-4f92-a874-dc44e968f89c,11,4.0,,,,106.71,58.71,52.73,50.54,46.18,51.94
2025-12-16T09:55:18.801963,Recipe_A,455da03b-a6a4-4f92-a874-dc44e968f89c,11,4.0,,,,106.17,47.43,51.16,51.24,44.2,54.06
2025-12-16T09:55:19.801963,Recipe_A,455da03b-a6a4-4f92-a874-dc44e968f89c,11,4.0,,,,95.63,52.57,55.47,40.65,49.62,52.2
2025-12-16T09:55:20.801963,Recipe_A,455da03b-a6a4-4f92-a874-dc44e968f89c,11,4.0,,,,98.17,47.9,48.24,48.05,40.47,54.12
2025-12-16T09:55:21.801963,Recipe_A,455da03b-a6a4-4f92-a874-dc44e968f89c,11,4.0,,,,101.22,49.56,43.66,50.21,51.76,57.37
2025-12-16T09:55:22.801963,Recipe_A,455da03b-a6a4-4f92-a874-dc44e968f89c,11,4.0,,,,104.75,46.44,49.51,52.11,55.06,52.45
2025-12-16T09:55:23.801963,Recipe_A,455da03b-a6a4-4f92-a874-dc44e968f89c,11,2.0,,,,15.79,12.04,8.93,12.86,9.17,9.88
2025-12-16T09:55:24.801963,Recipe_A,455da03b-a6a4-4f92-a874-dc44e968f89c,11,2.0,,,,8.0,9.77,10.0,10.25,11.73,8.97
2025-12-16T09:55:25.801963,Recipe_A,455da03b-a6a4-4f92-a874-dc44e968f89c,11,2.0,,,,8.73,10.88,12.13,9.63,9.74,13.25
2025-12-16T09:55:26.801963,Recipe_A,455da03b-a6a4-4f92-a874-dc44e968f89c,11,2.0,,,,6.6,11.46,11.02,6.38,8.8,8.77
2025-12-16T09:55:27.801963,Recipe_A,455da03b-a6a4-4f92-a874-dc44e968f89c,11,2.0,,,,11.26,10.0,10.65,7.57,11.95,6.71
2025-12-16T09:55:28.801963,Recipe_A,455da03b-a6a4-4f92-a874-dc44e968f89c,11,2.0,,,,10.06,9.77,8.66,9.14,8.47,11.57
2025-12-16T09:55:29.801963,Recipe_A,455da03b-a6a4-4f92-a874-dc44e968f89c,11,2.0,,,,9.07,7.92,10.23,8.93,9.59,12.21
2025-12-16T09:55:30.801963,Recipe_A,455da03b-a6a4-4f92-a874-dc44e968f89c,11,2.0,,,,12.5,9.2,10.98,8.25,9.85,12.11
2025-12-16T09:55:31.801963,Recipe_A,455da03b-a6a4-4f92-a874-dc44e968f89c,11,2.0,,,,12.3,9.94,6.85,7.84,9.41,9.37
2025-12-16T09:55:32.801963,Recipe_A,455da03b-a6a4-4f92-a874-dc44e968f89c,11,2.0,,,,10.42,8.44,12.19,10.91,11.92,9.87
2025-12-16T09:55:33.801963,Recipe_A,455da03b-a6a4-4f92-a874-dc44e968f89c,11,2.0,,,,9.37,10.16,15.63,6.79,6.88,8.63
2025-12-16T09:55:34.801963,Recipe_A,455da03b-a6a4-4f92-a874-dc44e968f89c,11,3.0,,,,10.23,8.43,12.69,9.63,8.98,10.31
2025-12-16T09:55:35.801963,Recipe_A,455da03b-a6a4-4f92-a874-dc44e968f89c,11,3.0,,,,8.79,11.19,11.8,7.07,9.86,8.4
2025-12-16T09:55:36.801963,Recipe_A,455da03b-a6a4-4f92-a874-dc44e968f89c,11,3.0,,,,9.23,9.81,10.34,12.51,10.38,11.03
2025-12-16T09:55:37.801963,Recipe_A,455da03b-a6a4-4f92-a874-dc44e968f89c,11,3.0,,,,6.83,9.91,13.45,7.92,11.43,11.56
2025-12-16T09:55:38.801963,Recipe_A,455da03b-a6a4-4f92-a874-dc44e968f89c,11,3.0,,,,12.4,8.61,8.67,10.36,7.23,12.3
2025-12-16T09:55:39.801963,Recipe_A,455da03b-a6a4-4f92-a874-dc44e968f89c,11,3.0,,,,7.56,10.54,10.5,9.05,10.82,8.43
2025-12-16T09:55:40.801963,Recipe_A,455da03b-a6a4-4f92-a874-dc44e968f89c,11,3.0,,,,11.9,9.52,14.5,10.96,12.96,10.64
2025-12-16T09:55:41.801963,Recipe_A,455da03b-a6a4-4f92-a874-dc44e968f89c,11,3.0,,,,11.55,9.14,11.33,13.76,7.21,11.47
2025-12-16T09:55:42.801963,Recipe_A,455da03b-a6a4-4f92-a874-dc44e968f89c,11,3.0,,,,12.39,13.45,9.7,11.77,9.27,10.03
2025-12-16T09:55:43.801963,Recipe_A,455da03b-a6a4-4f92-a874-dc44e968f89c,11,3.0,,,,8.7,8.56,10.05,10.18,12.44,9.96
2025-12-16T09:55:44.801963,Recipe_A,455da03b-a6a4-4f92-a874-dc44e968f89c,11,3.0,,,,10.44,8.89,10.1,5.54,14.38,11.46
2025-12-16T09:55:45.801963,Recipe_A,455da03b-a6a4-4f92-a874-dc44e968f89c,11,3.0,,,,14.58,6.14,9.89,9.44,12.25,10.79
2025-12-16T09:55:46.801963,Recipe_A,455da03b-a6a4-4f92-a874-dc44e968f89c,11,3.0,,,,15.0,12.43,10.38,8.84,11.2,10.28
2025-12-16T09:55:47.801963,Recipe_A,455da03b-a6a4-4f92-a874-dc44e968f89c,11,2.0,,,,12.33,10.06,14.06,8.73,11.7,9.75
2025-12-16T09:55:48.801963,Recipe_A,455da03b-a6a4-4f92-a874-dc44e968f89c,11,2.0,,,,8.85,14.71,8.12,10.95,11.95,9.61
2025-12-16T09:55:49.801963,Recipe_A,455da03b-a6a4-4f92-a874-dc44e968f89c,11,2.0,,,,11.67,13.62,8.52,8.05,11.84,11.52
2025-12-16T09:55:50.801963,Recipe_A,455da03b-a6a4-4f92-a874-dc44e968f89c,11,2.0,,,,11.84,8.54,11.91,10.39,12.27,10.35
2025-12-16T09:55:51.801963,Recipe_A,455da03b-a6a4-4f92-a874-dc44e968f89c,11,2.0,,,,10.31,11.89,9.32,9.68,10.57,6.19
2025-12-16T09:55:52.801963,Recipe_A,455da03b-a6a4-4f92-a874-dc44e968f89c,11,2.0,,,,9.74,11.31,10.71,11.45,10.26,11.52
2025-12-16T09:55:53.801963,Recipe_A,455da03b-a6a4-4f92-a874-dc44e968f89c,11,2.0,,,,10.66,9.71,7.61,10.85,12.24,10.49
2025-12-16T09:55:54.801963,Recipe_A,455da03b-a6a4-4f92-a874-dc44e968f89c,11,2.0,,,,9.93,12.64,12.82,8.19,12.77,6.49
2025-12-16T09:55:55.801963,Recipe_A,455da03b-a6a4-4f92-a874-dc44e968f89c,11,2.0,,,,9.03,11.64,16.44,6.97,9.54,8.91
2025-12-16T09:55:56.801963,Recipe_A,455da03b-a6a4-4f92-a874-dc44e968f89c,11,2.0,,,,13.44,10.55,11.8,5.72,13.26,10.43
2025-12-16T09:55:57.801963,Recipe_A,455da03b-a6a4-4f92-a874-dc44e968f89c,11,2.0,,,,10.69,11.85,7.24,9.08,11.92,10.59
2025-12-16T09:55:58.801963,Recipe_A,455da03b-a6a4-4f92-a874-dc44e968f89c,11,2.0,,,,6.82,7.17,11.39,8.48,11.33,6.15
2025-12-16T09:55:59.801963,Recipe_A,455da03b-a6a4-4f92-a874-dc44e968f89c,11,2.0,,,,8.36,14.47,11.16,6.08,6.36,10.55
2025-12-16T09:56:00.801963,Recipe_A,455da03b-a6a4-4f92-a874-dc44e968f89c,11,2.0,,,,13.42,10.81,11.82,9.13,11.83,9.46
2025-12-16T09:56:01.801963,Recipe_A,455da03b-a6a4-4f92-a874-dc44e968f89c,11,2.0,,,,9.22,12.76,12.75,11.15,11.4,7.97
2025-12-16T09:56:02.801963,Recipe_A,455da03b-a6a4-4f92-a874-dc44e968f89c,11,2.0,,,,9.47,10.62,11.03,11.17,13.46,10.37
2025-12-16T09:56:03.801963,Recipe_A,455da03b-a6a4-4f92-a874-dc44e968f89c,11,3.0,,,,9.59,8.91,8.88,6.82,7.78,10.64
2025-12-16T09:56:04.801963,Recipe_A,455da03b-a6a4-4f92-a874-dc44e968f89c,11,3.0,,,,9.7,13.92,10.23,9.14,11.42,10.57
2025-12-16T09:56:05.801963,Recipe_A,455da03b-a6a4-4f92-a874-dc44e968f89c,11,3.0,,,,6.93,11.75,7.6,9.03,12.24,6.63
2025-12-16T09:56:06.801963,Recipe_A,455da03b-a6a4-4f92-a874-dc44e968f89c,11,3.0,,,,9.23,9.29,10.59,7.58,10.87,10.43
2025-12-16T09:56:07.801963,Recipe_A,455da03b-a6a4-4f92-a874-dc44e968f89c,11,3.0,,,,11.74,12.59,8.28,9.39,10.2,12.82
2025-12-16T09:56:08.801963,Recipe_A,455da03b-a6a4-4f92-a874-dc44e968f89c,11,3.0,,,,5.86,10.28,8.89,8.81,13.71,6.86
2025-12-16T09:56:09.801963,Recipe_A,455da03b-a6a4-4f92-a874-dc44e968f89c,11,3.0,,,,8.07,9.77,9.38,10.34,10.11,8.67
2025-12-16T09:56:10.801963,Recipe_A,455da03b-a6a4-4f92-a874-dc44e968f89c,11,3.0,,,,7.81,11.03,8.74,11.42,10.4,15.25
2025-12-16T09:56:11.801963,Recipe_A,455da03b-a6a4-4f92-a874-dc44e968f89c,11,3.0,,,,8.66,8.38,7.46,7.39,5.48,14.24
2025-12-16T09:56:12.801963,Recipe_A,455da03b-a6a4-4f92-a874-dc44e968f89c,11,3.0,,,,8.93,10.57,8.78,7.64,11.23,14.21
2025-12-16T09:56:13.801963,Recipe_A,455da03b-a6a4-4f92-a874-dc44e968f89c,11,2.0,,,,9.39,11.43,12.94,13.5,7.82,9.71
2025-12-16T09:56:14.801963,Recipe_A,455da03b-a6a4-4f92-a874-dc44e968f89c,11,2.0,,,,9.57,6.84,9.14,13.47,6.57,9.07
2025-12-16T09:56:15.801963,Recipe_A,455da03b-a6a4-4f92-a874-dc44e968f89c,11,2.0,,,,12.77,11.42,8.78,8.7,11.5,9.65
2025-12-16T09:56:16.801963,Recipe_A,455da03b-a6a4-4f92-a874-dc44e968f89c,11,2.0,,,,10.29,13.2,9.81,7.48,7.83,10.72
2025-12-16T09:56:17.801963,Recipe_A,455da03b-a6a4-4f92-a874-dc44e968f89c,11,2.0,,,,10.52,9.38,13.39,10.91,10.68,9.95
2025-12-16T09:56:18.801963,Recipe_A,455da03b-a6a4-4f92-a874-dc44e968f89c,11,3.0,,,,13.97,12.75,6.14,10.96,8.47,8.11
2025-12-16T09:56:19.801963,Recipe_A,455da03b-a6a4-4f92-a874-dc44e968f89c,11,3.0,,,,9.18,8.01,9.7,12.2,11.06,7.14
2025-12-16T09:56:20.801963,Recipe_A,455da03b-a6a4-4f92-a874-dc44e968f89c,11,3.0,,,,7.36,8.23,10.11,9.9,11.53,7.69
2025-12-16T09:56:21.801963,Recipe_A,455da03b-a6a4-4f92-a874-dc44e968f89c,11,3.0,,,,9.56,9.34,8.17,10.9,10.16,6.64
2025-12-16T09:56:22.801963,Recipe_A,455da03b-a6a4-4f92-a874-dc44e968f89c,11,3.0,,,,9.23,11.38,5.72,10.95,8.26,9.61
2025-12-16T09:56:23.801963,Recipe_A,455da03b-a6a4-4f92-a874-dc44e968f89c,11,3.0,,,,10.58,9.37,8.72,10.35,10.31,14.93
2025-12-16T09:56:24.801963,Recipe_A,455da03b-a6a4-4f92-a874-dc44e968f89c,11,3.0,,,,8.97,10.0,7.98,11.98,7.65,12.11
2025-12-16T09:56:25.801963,Recipe_A,455da03b-a6a4-4f92-a874-dc44e968f89c,11,3.0,,,,8.76,10.35,9.75,10.56,6.18,9.35
2025-12-16T09:56:26.801963,Recipe_A,455da03b-a6a4-4f92-a874-dc44e968f89c,11,3.0,,,,11.85,8.23,8.97,13.17,9.88,10.39
2025-12-16T09:56:27.801963,Recipe_A,455da03b-a6a4-4f92-a874-dc44e968f89c,11,4.0,,,,103.44,42.9,48.66,50.51,57.69,44.92
2025-12-16T09:56:28.801963,Recipe_A,455da03b-a6a4-4f92-a874-dc44e968f89c,11,4.0,,,,99.43,47.6,51.01,51.26,53.35,47.1
2025-12-16T09:56:29.801963,Recipe_A,455da03b-a6a4-4f92-a874-dc44e968f89c,11,4.0,,,,96.13,52.01,39.43,54.53,55.87,47.53
2025-12-16T09:56:30.801963,Recipe_A,455da03b-a6a4-4f92-a874-dc44e968f89c,11,4.0,,,,105.67,56.27,48.04,48.37,57.7,48.36
2025-12-16T09:56:31.801963,Recipe_A,455da03b-a6a4-4f92-a874-dc44e968f89c,11,4.0,,,,97.63,36.69,49.61,41.75,52.74,51.12
2025-12-16T09:56:32.801963,Recipe_A,455da03b-a6a4-4f92-a874-dc44e968f89c,11,4.0,,,,95.0,49.97,52.67,51.04,44.42,44.72
2025-12-16T09:56:33.801963,Recipe_A,455da03b-a6a4-4f92-a874-dc44e968f89c,11,4.0,,,,101.0,48.44,47.86,40.69,51.15,54.08
2025-12-16T09:56:34.801963,Recipe_A,455da03b-a6a4-4f92-a874-dc44e968f89c,11,0.0,,,,0.0,0.0,0.0,0.0,0.0,0.0
2025-12-16T09:56:35.801963,Recipe_A,455da03b-a6a4-4f92-a874-dc44e968f89c,11,0.0,,,,0.0,0.0,0.0,0.0,0.0,0.0
2025-12-16T09:56:36.801963,Recipe_A,455da03b-a6a4-4f92-a874-dc44e968f89c,11,0.0,,,,0.0,0.0,0.0,0.0,0.0,0.0
2025-12-16T09:56:37.801963,Recipe_A,455da03b-a6a4-4f92-a874-dc44e968f89c,11,0.0,,,,0.0,0.0,0.0,0.0,0.0,0.0
2025-12-16T09:56:38.801963,Recipe_A,455da03b-a6a4-4f92-a874-dc44e968f89c,11,0.0,,,,0.0,0.0,0.0,0.0,0.0,0.0
2025-12-16T09:56:39.801963,Recipe_A,455da03b-a6a4-4f92-a874-dc44e968f89c,11,0.0,,,,0.0,0.0,0.0,0.0,0.0,0.0
2025-12-16T09:56:40.801963,Recipe_A,455da03b-a6a4-4f92-a874-dc44e968f89c,11,0.0,,,,0.0,0.0,0.0,0.0,0.0,0.0
2025-12-16T09:56:41.801963,Recipe_A,455da03b-a6a4-4f92-a874-dc44e968f89c,11,0.0,,,,0.0,0.0,0.0,0.0,0.0,0.0
2025-12-16T09:56:42.801963,Recipe_A,455da03b-a6a4-4f92-a874-dc44e968f89c,11,0.0,,,,0.0,0.0,0.0,0.0,0.0,0.0
2025-12-16T09:56:43.801963,Recipe_A,455da03b-a6a4-4f92-a874-dc44e968f89c,11,0.0,,,,0.0,0.0,0.0,0.0,0.0,0.0
2025-12-16T09:56:44.801963,Recipe_A,455da03b-a6a4-4f92-a874-dc44e968f89c,11,0.0,,,,0.0,0.0,0.0,0.0,0.0,0.0
2025-12-16T09:56:45.801963,Recipe_A,455da03b-a6a4-4f92-a874-dc44e968f89c,11,0.0,,,,0.0,0.0,0.0,0.0,0.0,0.0
2025-12-16T09:56:46.801963,Recipe_A,455da03b-a6a4-4f92-a874-dc44e968f89c,11,0.0,,,,0.0,0.0,0.0,0.0,0.0,0.0
2025-12-16T09:56:47.801963,Recipe_A,455da03b-a6a4-4f92-a874-dc44e968f89c,11,0.0,,,,0.0,0.0,0.0,0.0,0.0,0.0
2025-12-16T09:56:48.801963,Recipe_A,455da03b-a6a4-4f92-a874-dc44e968f89c,11,0.0,,,,0.0,0.0,0.0,0.0,0.0,0.0
2025-12-16T09:56:49.801963,Recipe_A,455da03b-a6a4-4f92-a874-dc44e968f89c,11,0.0,,,,0.0,0.0,0.0,0.0,0.0,0.0
2025-12-16T09:56:50.801963,Recipe_A,455da03b-a6a4-4f92-a874-dc44e968f89c,11,0.0,,,,0.0,0.0,0.0,0.0,0.0,0.0
2025-12-16T09:56:51.801963,Recipe_A,455da03b-a6a4-4f92-a874-dc44e968f89c,11,0.0,,,,0.0,0.0,0.0,0.0,0.0,0.0
2025-12-16T09:56:52.801963,Recipe_A,455da03b-a6a4-4f92-a874-dc44e968f89c,11,0.0,,,,0.0,0.0,0.0,0.0,0.0,0.0
2025-12-16T09:56:53.801963,Recipe_A,455da03b-a6a4-4f92-a874-dc44e968f89c,11,0.0,,,,0.0,0.0,0.0,0.0,0.0,0.0
2025-12-16T09:56:54.801963,Recipe_A,455da03b-a6a4-4f92-a874-dc44e968f89c,11,0.0,,,,0.0,0.0,0.0,0.0,0.0,0.0
2025-12-16T09:56:55.801963,Recipe_A,455da03b-a6a4-4f92-a874-dc44e968f89c,11,0.0,,,,0.0,0.0,0.0,0.0,0.0,0.0
2025-12-16T09:56:56.801963,Recipe_A,455da03b-a6a4-4f92-a874-dc44e968f89c,11,5.0,,,,11.35,11.28,11.7,6.32,11.85,8.58
2025-12-16T09:56:57.801963,Recipe_A,455da03b-a6a4-4f92-a874-dc44e968f89c,11,5.0,,,,9.95,14.32,9.28,12.52,9.06,4.71
2025-12-16T09:56:58.801963,Recipe_A,455da03b-a6a4-4f92-a874-dc44e968f89c,11,5.0,,,,12.32,8.7,10.74,11.37,10.28,14.5
2025-12-16T09:56:59.801963,Recipe_A,455da03b-a6a4-4f92-a874-dc44e968f89c,11,5.0,,,,8.61,9.63,7.31,7.74,10.52,10.58
2025-12-16T09:57:00.801963,Recipe_A,455da03b-a6a4-4f92-a874-dc44e968f89c,11,5.0,,,,7.65,10.81,8.54,9.1,10.18,12.39
2025-12-16T09:57:01.801963,Recipe_A,455da03b-a6a4-4f92-a874-dc44e968f89c,11,5.0,,,,10.67,12.47,7.17,7.15,11.83,11.23
2025-12-16T09:57:02.801963,Recipe_A,455da03b-a6a4-4f92-a874-dc44e968f89c,11,5.0,,,,11.09,11.84,11.57,7.5,12.27,8.03
2025-12-16T09:57:03.801963,Recipe_A,455da03b-a6a4-4f92-a874-dc44e968f89c,11,5.0,,,,9.74,11.64,9.75,12.42,10.89,9.74
2025-12-16T09:57:04.801963,Recipe_A,455da03b-a6a4-4f92-a874-dc44e968f89c,11,5.0,,,,10.97,11.36,13.72,7.54,8.45,8.93
2025-12-16T09:57:05.801963,Recipe_A,455da03b-a6a4-4f92-a874-dc44e968f89c,11,5.0,,,,11.29,9.29,11.55,9.69,9.27,13.32
2025-12-16T09:57:06.801963,Recipe_A,455da03b-a6a4-4f92-a874-dc44e968f89c,11,5.0,,,,10.03,7.24,9.99,7.32,8.02,11.47
2025-12-16T09:57:07.801963,Recipe_A,455da03b-a6a4-4f92-a874-dc44e968f89c,11,5.0,,,,9.7,6.5,10.57,11.82,11.64,15.02
2025-12-16T09:57:08.801963,Recipe_A,455da03b-a6a4-4f92-a874-dc44e968f89c,11,5.0,,,,7.16,10.94,9.12,8.61,8.48,11.53
2025-12-16T09:57:09.801963,Recipe_A,455da03b-a6a4-4f92-a874-dc44e968f89c,11,5.0,,,,7.84,11.89,6.12,9.83,11.2,7.93
2025-12-16T09:57:10.801963,Recipe_A,455da03b-a6a4-4f92-a874-dc44e968f89c,11,4.0,,,,100.43,50.02,45.19,54.44,50.39,54.25
2025-12-16T09:57:11.801963,Recipe_A,455da03b-a6a4-4f92-a874-dc44e968f89c,11,4.0,,,,104.89,50.51,44.79,38.95,42.54,54.03
2025-12-16T09:57:12.801963,Recipe_A,455da03b-a6a4-4f92-a874-dc44e968f89c,11,4.0,,,,99.38,51.89,50.51,51.56,52.32,54.78
2025-12-16T09:57:13.801963,Recipe_A,455da03b-a6a4-4f92-a874-dc44e968f89c,11,4.0,,,,102.92,54.2,48.54,50.69,59.97,47.09
2025-12-16T09:57:14.801963,Recipe_A,455da03b-a6a4-4f92-a874-dc44e968f89c,11,4.0,,,,99.05,47.77,44.83,47.38,42.63,44.53
2025-12-16T09:57:15.801963,Recipe_A,455da03b-a6a4-4f92-a874-dc44e968f89c,11,4.0,,,,97.39,46.27,52.46,53.5,46.35,52.86
2025-12-16T09:57:16.801963,Recipe_A,455da03b-a6a4-4f92-a874-dc44e968f89c,11,4.0,,,,101.09,47.01,53.01,49.75,53.54,55.91
2025-12-16T09:57:17.801963,Recipe_A,455da03b-a6a4-4f92-a874-dc44e968f89c,11,4.0,,,,101.93,46.69,50.42,47.88,50.64,49.31
2025-12-16T09:57:18.801963,Recipe_A,455da03b-a6a4-4f92-a874-dc44e968f89c,11,4.0,,,,105.4,45.69,44.5,57.51,48.68,49.76
2025-12-16T09:57:19.801963,Recipe_A,455da03b-a6a4-4f92-a874-dc44e968f89c,11,4.0,,,,99.47,50.16,51.21,52.22,55.13,54.56
2025-12-16T09:57:20.801963,Recipe_A,455da03b-a6a4-4f92-a874-dc44e968f89c,11,4.0,,,,94.3,50.74,43.76,46.87,52.71,50.43
2025-12-16T09:57:21.801963,Recipe_A,455da03b-a6a4-4f92-a874-dc44e968f89c,11,4.0,,,,90.55,50.6,49.97,51.71,49.65,46.36
2025-12-16T09:57:22.801963,Recipe_A,455da03b-a6a4-4f92-a874-dc44e968f89c,11,4.0,,,,100.05,41.21,52.3,43.04,51.82,53.14
2025-12-16T09:57:23.801963,Recipe_A,455da03b-a6a4-4f92-a874-dc44e968f89c,11,4.0,,,,99.0,47.0,51.66,57.04,48.46,58.61
2025-12-16T09:57:24.801963,Recipe_A,455da03b-a6a4-4f92-a874-dc44e968f89c,11,2.0,,,,8.54,11.48,9.94,8.33,7.21,11.59
2025-12-16T09:57:25.801963,Recipe_A,455da03b-a6a4-4f92-a874-dc44e968f89c,11,2.0,,,,6.78,9.02,11.75,8.1,11.01,9.18
2025-12-16T09:57:26.801963,Recipe_A,455da03b-a6a4-4f92-a874-dc44e968f89c,11,2.0,,,,8.63,7.54,9.28,9.79,13.53,9.85
2025-12-16T09:57:27.801963,Recipe_A,455da03b-a6a4-4f92-a874-dc44e968f89c,11,2.0,,,,11.44,8.11,12.37,8.36,7.15,11.23
2025-12-16T09:57:28.801963,Recipe_A,455da03b-a6a4-4f92-a874-dc44e968f89c,11,2.0,,,,10.17,11.6,10.63,9.65,9.86,10.24
2025-12-16T09:57:29.801963,Recipe_A,455da03b-a6a4-4f92-a874-dc44e968f89c,11,2.0,,,,11.03,10.22,11.08,11.95,7.36,13.92
2025-12-16T09:57:30.801963,Recipe_A,455da03b-a6a4-4f92-a874-dc44e968f89c,11,2.0,,,,11.42,7.22,11.26,9.19,11.66,9.58
2025-12-16T09:57:31.801963,Recipe_A,455da03b-a6a4-4f92-a874-dc44e968f89c,11,2.0,,,,12.23,10.71,7.13,9.49,7.77,10.4
2025-12-16T09:57:32.801963,Recipe_A,455da03b-a6a4-4f92-a874-dc44e968f89c,11,2.0,,,,11.12,12.83,6.4,7.37,7.98,11.96
2025-12-16T09:57:33.801963,Recipe_A,455da03b-a6a4-4f92-a874-dc44e968f89c,11,2.0,,,,10.53,9.97,13.77,7.83,9.88,10.99
2025-12-16T09:57:34.801963,Recipe_A,455da03b-a6a4-4f92-a874-dc44e968f89c,11,2.0,,,,10.38,10.58,11.53,8.63,9.07,11.03
2025-12-16T09:57:35.801963,Recipe_A,455da03b-a6a4-4f92-a874-dc44e968f89c,11,2.0,,,,10.42,11.43,9.95,12.44,10.36,10.41
2025-12-16T09:57:36.801963,Recipe_A,455da03b-a6a4-4f92-a874-dc44e968f89c,11,2.0,,,,6.37,8.52,11.1,10.29,9.22,10.3
2025-12-16T09:57:37.801963,Recipe_A,455da03b-a6a4-4f92-a874-dc44e968f89c,11,2.0,,,,11.38,14.76,10.68,6.63,11.72,6.69
2025-12-16T09:57:37.801963,Recipe_A,455da03b-a6a4-4f92-a874-dc44e968f89c,11,2.0,Warning_8,Simulated Warning occurred,Warning,,,,,,
2025-12-16T09:57:38.801963,Recipe_A,455da03b-a6a4-4f92-a874-dc44e968f89c,11,2.0,,,,14.11,8.92,12.77,12.66,7.97,8.89
2025-12-16T09:57:39.801963,Recipe_A,455da03b-a6a4-4f92-a874-dc44e968f89c,11,2.0,,,,9.39,9.84,11.4,9.36,9.83,12.44
2025-12-16T09:57:40.801963,Recipe_A,455da03b-a6a4-4f92-a874-dc44e968f89c,11,2.0,,,,9.83,8.86,6.05,11.75,12.21,14.23
2025-12-16T09:57:41.801963,Recipe_A,455da03b-a6a4-4f92-a874-dc44e968f89c,11,2.0,,,,12.08,10.23,5.88,9.53,8.33,9.38
2025-12-16T09:57:42.801963,Recipe_A,455da03b-a6a4-4f92-a874-dc44e968f89c,11,2.0,,,,10.64,10.23,10.94,7.58,9.04,11.59
2025-12-16T09:57:43.801963,Recipe_A,455da03b-a6a4-4f92-a874-dc44e968f89c,11,2.0,,,,10.88,11.24,9.27,11.79,7.5,10.4
2025-12-16T09:57:44.801963,Recipe_A,455da03b-a6a4-4f92-a874-dc44e968f89c,11,2.0,,,,12.57,7.17,11.53,10.71,13.67,10.76
2025-12-16T09:57:45.801963,Recipe_A,455da03b-a6a4-4f92-a874-dc44e968f89c,11,2.0,,,,10.19,7.54,11.88,8.6,10.54,10.48
2025-12-16T09:57:46.801963,Recipe_A,455da03b-a6a4-4f92-a874-dc44e968f89c,11,2.0,,,,10.03,8.68,9.69,6.85,7.84,9.58
2025-12-16T09:57:47.801963,Recipe_A,455da03b-a6a4-4f92-a874-dc44e968f89c,11,2.0,,,,11.91,12.22,9.44,9.69,9.78,8.56
2025-12-16T09:57:48.801963,Recipe_A,455da03b-a6a4-4f92-a874-dc44e968f89c,11,2.0,,,,13.24,10.85,10.37,8.88,9.18,5.54
2025-12-16T09:57:49.801963,Recipe_A,455da03b-a6a4-4f92-a874-dc44e968f89c,11,2.0,,,,10.58,10.96,10.17,10.89,7.32,8.77
2025-12-16T09:57:50.801963,Recipe_A,455da03b-a6a4-4f92-a874-dc44e968f89c,11,2.0,,,,12.28,9.02,13.29,8.61,11.69,8.71
2025-12-16T09:57:51.801963,Recipe_A,455da03b-a6a4-4f92-a874-dc44e968f89c,11,2.0,,,,14.19,9.53,9.8,10.45,5.98,11.16
2025-12-16T09:57:52.801963,Recipe_A,455da03b-a6a4-4f92-a874-dc44e968f89c,11,2.0,,,,11.74,12.11,13.41,9.17,11.89,12.62
2025-12-16T09:57:53.801963,Recipe_A,455da03b-a6a4-4f92-a874-dc44e968f89c,11,2.0,,,,12.67,10.0,10.29,8.47,10.76,9.68
2025-12-16T09:57:54.801963,Recipe_A,455da03b-a6a4-4f92-a874-dc44e968f89c,11,2.0,,,,10.36,9.39,9.83,6.97,8.48,9.25
2025-12-16T09:57:55.801963,Recipe_A,455da03b-a6a4-4f92-a874-dc44e968f89c,11,2.0,,,,10.71,14.48,14.93,9.33,10.67,11.56
2025-12-16T09:57:56.801963,Recipe_A,455da03b-a6a4-4f92-a874-dc44e968f89c,11,2.0,,,,8.12,9.02,5.64,10.61,9.95,9.44
2025-12-16T09:57:57.801963,Recipe_A,455da03b-a6a4-4f92-a874-dc44e968f89c,11,2.0,,,,8.93,8.72,10.27,8.85,7.52,6.95
2025-12-16T09:57:58.801963,Recipe_A,455da03b-a6a4-4f92-a874-dc44e968f89c,11,2.0,,,,6.25,7.8,7.44,10.26,11.41,10.69
2025-12-16T09:57:59.801963,Recipe_A,455da03b-a6a4-4f92-a874-dc44e968f89c,11,2.0,,,,11.92,13.55,9.2,7.72,10.57,7.75
2025-12-16T09:58:00.801963,Recipe_A,455da03b-a6a4-4f92-a874-dc44e968f89c,11,2.0,,,,10.43,10.2,11.43,10.86,8.43,9.02
2025-12-16T09:58:01.801963,Recipe_A,455da03b-a6a4-4f92-a874-dc44e968f89c,11,2.0,,,,10.92,13.0,8.44,9.5,9.06,10.25
2025-12-16T09:58:02.801963,Recipe_A,455da03b-a6a4-4f92-a874-dc44e968f89c,11,2.0,,,,12.32,8.98,8.25,10.36,10.63,12.25
2025-12-16T09:58:03.801963,Recipe_A,455da03b-a6a4-4f92-a874-dc44e968f89c,11,2.0,,,,11.03,12.23,9.97,12.47,7.01,10.54
2025-12-16T09:58:04.801963,Recipe_A,455da03b-a6a4-4f92-a874-dc44e968f89c,11,2.0,,,,7.68,13.47,11.02,10.6,12.92,8.84
2025-12-16T09:58:05.801963,Recipe_A,455da03b-a6a4-4f92-a874-dc44e968f89c,11,2.0,,,,10.72,11.02,8.1,8.12,9.71,10.28
2025-12-16T09:58:06.801963,Recipe_A,455da03b-a6a4-4f92-a874-dc44e968f89c,11,2.0,,,,9.82,10.52,10.91,13.01,10.46,9.62
2025-12-16T09:58:07.801963,Recipe_A,455da03b-a6a4-4f92-a874-dc44e968f89c,11,2.0,,,,8.1,10.88,10.59,7.92,10.39,10.32
2025-12-16T09:58:08.801963,Recipe_A,455da03b-a6a4-4f92-a874-dc44e968f89c,11,2.0,,,,10.25,9.94,8.54,9.05,11.57,6.87
2025-12-16T09:58:09.801963,Recipe_A,455da03b-a6a4-4f92-a874-dc44e968f89c,11,2.0,,,,9.13,9.93,9.87,8.53,8.85,12.77
2025-12-16T09:58:10.801963,Recipe_A,455da03b-a6a4-4f92-a874-dc44e968f89c,11,2.0,,,,10.06,7.75,11.89,9.52,8.98,10.88
2025-12-16T09:58:11.801963,Recipe_A,455da03b-a6a4-4f92-a874-dc44e968f89c,11,2.0,,,,8.69,10.59,11.75,9.61,12.3,8.82
2025-12-16T09:58:12.801963,Recipe_A,455da03b-a6a4-4f92-a874-dc44e968f89c,11,2.0,,,,11.91,10.65,12.56,11.7,9.19,6.68
2025-12-16T09:58:13.801963,Recipe_A,455da03b-a6a4-4f92-a874-dc44e968f89c,11,2.0,,,,11.72,7.61,13.96,9.27,7.1,8.72
2025-12-16T09:58:14.801963,Recipe_A,455da03b-a6a4-4f92-a874-dc44e968f89c,11,2.0,,,,13.17,11.82,12.36,12.66,9.54,13.18
2025-12-16T09:58:15.801963,Recipe_A,455da03b-a6a4-4f92-a874-dc44e968f89c,11,2.0,,,,9.77,8.59,8.87,7.05,10.67,8.62
2025-12-16T09:58:16.801963,Recipe_A,455da03b-a6a4-4f92-a874-dc44e968f89c,11,2.0,,,,9.24,6.9,11.23,11.37,9.13,9.56
2025-12-16T09:58:17.801963,Recipe_A,455da03b-a6a4-4f92-a874-dc44e968f89c,11,2.0,,,,9.24,9.03,10.1,8.07,7.0,10.33
2025-12-16T09:58:18.801963,Recipe_A,455da03b-a6a4-4f92-a874-dc44e968f89c,11,2.0,,,,10.66,9.26,10.32,10.39,8.5,9.65
2025-12-16T09:58:19.801963,Recipe_A,455da03b-a6a4-4f92-a874-dc44e968f89c,11,2.0,,,,10.21,10.41,11.79,12.4,6.97,9.04
2025-12-16T09:58:20.801963,Recipe_A,455da03b-a6a4-4f92-a874-dc44e968f89c,11,2.0,,,,10.93,10.07,10.72,10.09,5.58,10.44
2025-12-16T09:58:21.801963,Recipe_A,455da03b-a6a4-4f92-a874-dc44e968f89c,11,2.0,,,,7.96,8.49,13.69,9.76,10.2,11.27
2025-12-16T09:58:22.801963,Recipe_A,455da03b-a6a4-4f92-a874-dc44e968f89c,11,2.0,,,,8.22,8.91,10.21,12.24,11.6,9.99
2025-12-16T09:58:23.801963,Recipe_A,455da03b-a6a4-4f92-a874-dc44e968f89c,11,2.0,,,,6.71,9.44,13.47,9.01,10.96,6.96
2025-12-16T09:58:23.801963,Recipe_A,455da03b-a6a4-4f92-a874-dc44e968f89c,11,2.0,Warning_10,Simulated Warning occurred,Warning,,,,,,
2025-12-16T09:58:24.801963,Recipe_A,455da03b-a6a4-4f92-a874-dc44e968f89c,11,2.0,,,,9.94,8.66,9.14,12.6,12.8,11.88
2025-12-16T09:58:25.801963,Recipe_A,455da03b-a6a4-4f92-a874-dc44e968f89c,11,2.0,,,,9.41,8.98,9.03,11.78,11.35,8.12
2025-12-16T09:58:26.801963,Recipe_A,455da03b-a6a4-4f92-a874-dc44e968f89c,11,4.0,,,,95.42,52.81,45.95,45.55,52.88,46.88
2025-12-16T09:58:27.801963,Recipe_A,455da03b-a6a4-4f92-a874-dc44e968f89c,11,0.0,,,,0.0,0.0,0.0,0.0,0.0,0.0
2025-12-16T09:58:28.801963,Recipe_A,455da03b-a6a4-4f92-a874-dc44e968f89c,11,0.0,,,,0.0,0.0,0.0,0.0,0.0,0.0
2025-12-16T09:58:29.801963,Recipe_A,455da03b-a6a4-4f92-a874-dc44e968f89c,11,0.0,,,,0.0,0.0,0.0,0.0,0.0,0.0
2025-12-16T09:58:30.801963,Recipe_A,455da03b-a6a4-4f92-a874-dc44e968f89c,11,0.0,,,,0.0,0.0,0.0,0.0,0.0,0.0
2025-12-16T09:58:30.801963,Recipe_A,455da03b-a6a4-4f92-a874-dc44e968f89c,11,0.0,Warning_2,Simulated Warning occurred,Warning,,,,,,
2025-12-16T09:58:31.801963,Recipe_A,455da03b-a6a4-4f92-a874-dc44e968f89c,11,0.0,,,,0.0,0.0,0.0,0.0,0.0,0.0
2025-12-16T09:58:32.801963,Recipe_A,455da03b-a6a4-4f92-a874-dc44e968f89c,11,0.0,,,,0.0,0.0,0.0,0.0,0.0,0.0
2025-12-16T09:58:33.801963,Recipe_A,455da03b-a6a4-4f92-a874-dc44e968f89c,11,0.0,,,,0.0,0.0,0.0,0.0,0.0,0.0
2025-12-16T09:58:34.801963,Recipe_A,455da03b-a6a4-4f92-a874-dc44e968f89c,11,0.0,,,,0.0,0.0,0.0,0.0,0.0,0.0
2025-12-16T09:58:35.801963,Recipe_A,455da03b-a6a4-4f92-a874-dc44e968f89c,11,0.0,,,,0.0,0.0,0.0,0.0,0.0,0.0
2025-12-16T09:58:36.801963,Recipe_A,455da03b-a6a4-4f92-a874-dc44e968f89c,11,0.0,,,,0.0,0.0,0.0,0.0,0.0,0.0
2025-12-16T09:58:37.801963,Recipe_A,455da03b-a6a4-4f92-a874-dc44e968f89c,11,0.0,,,,0.0,0.0,0.0,0.0,0.0,0.0
2025-12-16T09:58:38.801963,Recipe_A,455da03b-a6a4-4f92-a874-dc44e968f89c,11,0.0,,,,0.0,0.0,0.0,0.0,0.0,0.0
2025-12-16T09:58:39.801963,Recipe_A,455da03b-a6a4-4f92-a874-dc44e968f89c,11,0.0,,,,0.0,0.0,0.0,0.0,0.0,0.0
2025-12-16T09:58:40.801963,Recipe_A,455da03b-a6a4-4f92-a874-dc44e968f89c,11,0.0,,,,0.0,0.0,0.0,0.0,0.0,0.0
2025-12-16T09:58:41.801963,Recipe_A,455da03b-a6a4-4f92-a874-dc44e968f89c,11,0.0,,,,0.0,0.0,0.0,0.0,0.0,0.0
2025-12-16T09:58:42.801963,Recipe_A,455da03b-a6a4-4f92-a874-dc44e968f89c,11,0.0,,,,0.0,0.0,0.0,0.0,0.0,0.0
2025-12-16T09:58:42.801963,Recipe_A,455da03b-a6a4-4f92-a874-dc44e968f89c,11,0.0,Error_10,Simulated Error occurred,Error,,,,,,
2025-12-16T09:58:43.801963,Recipe_A,455da03b-a6a4-4f92-a874-dc44e968f89c,11,0.0,,,,0.0,0.0,0.0,0.0,0.0,0.0
2025-12-16T09:58:44.801963,Recipe_A,455da03b-a6a4-4f92-a874-dc44e968f89c,11,0.0,,,,0.0,0.0,0.0,0.0,0.0,0.0
2025-12-16T09:58:45.801963,Recipe_A,455da03b-a6a4-4f92-a874-dc44e968f89c,11,0.0,,,,0.0,0.0,0.0,0.0,0.0,0.0
2025-12-16T09:58:46.801963,Recipe_A,455da03b-a6a4-4f92-a874-dc44e968f89c,11,0.0,,,,0.0,0.0,0.0,0.0,0.0,0.0
2025-12-16T09:58:47.801963,Recipe_A,455da03b-a6a4-4f92-a874-dc44e968f89c,11,0.0,,,,0.0,0.0,0.0,0.0,0.0,0.0
2025-12-16T09:58:48.801963,Recipe_A,455da03b-a6a4-4f92-a874-dc44e968f89c,11,0.0,,,,0.0,0.0,0.0,0.0,0.0,0.0
2025-12-16T09:58:49.801963,Recipe_A,455da03b-a6a4-4f92-a874-dc44e968f89c,11,0.0,,,,0.0,0.0,0.0,0.0,0.0,0.0
2025-12-16T09:58:50.801963,Recipe_A,455da03b-a6a4-4f92-a874-dc44e968f89c,11,0.0,,,,0.0,0.0,0.0,0.0,0.0,0.0
2025-12-16T09:58:51.801963,Recipe_A,455da03b-a6a4-4f92-a874-dc44e968f89c,11,0.0,,,,0.0,0.0,0.0,0.0,0.0,0.0
2025-12-16T09:58:52.801963,Recipe_A,455da03b-a6a4-4f92-a874-dc44e968f89c,11,0.0,,,,0.0,0.0,0.0,0.0,0.0,0.0
2025-12-16T09:58:53.801963,Recipe_A,455da03b-a6a4-4f92-a874-dc44e968f89c,11,0.0,,,,0.0,0.0,0.0,0.0,0.0,0.0
2025-12-16T09:58:54.801963,Recipe_A,455da03b-a6a4-4f92-a874-dc44e968f89c,11,0.0,,,,0.0,0.0,0.0,0.0,0.0,0.0
2025-12-16T09:58:55.801963,Recipe_A,455da03b-a6a4-4f92-a874-dc44e968f89c,11,0.0,,,,0.0,0.0,0.0,0.0,0.0,0.0
2025-12-16T09:58:56.801963,Recipe_A,455da03b-a6a4-4f92-a874-dc44e968f89c,11,0.0,,,,0.0,0.0,0.0,0.0,0.0,0.0
2025-12-16T09:58:57.801963,Recipe_A,455da03b-a6a4-4f92-a874-dc44e968f89c,11,0.0,,,,0.0,0.0,0.0,0.0,0.0,0.0
2025-12-16T09:58:58.801963,Recipe_A,455da03b-a6a4-4f92-a874-dc44e968f89c,11,0.0,,,,0.0,0.0,0.0,0.0,0.0,0.0
2025-12-16T09:58:59.801963,Recipe_A,455da03b-a6a4-4f92-a874-dc44e968f89c,11,0.0,,,,0.0,0.0,0.0,0.0,0.0,0.0
2025-12-16T09:59:00.801963,Recipe_A,455da03b-a6a4-4f92-a874-dc44e968f89c,11,0.0,,,,0.0,0.0,0.0,0.0,0.0,0.0
2025-12-16T09:59:01.801963,Recipe_A,455da03b-a6a4-4f92-a874-dc44e968f89c,11,0.0,,,,0.0,0.0,0.0,0.0,0.0,0.0
2025-12-16T09:59:02.801963,Recipe_A,455da03b-a6a4-4f92-a874-dc44e968f89c,11,5.0,,,,11.24,11.78,9.95,11.99,6.98,11.9
2025-12-16T09:59:03.801963,Recipe_A,455da03b-a6a4-4f92-a874-dc44e968f89c,11,5.0,,,,5.98,9.72,8.07,11.26,10.6,8.87
2025-12-16T09:59:04.801963,Recipe_A,455da03b-a6a4-4f92-a874-dc44e968f89c,11,5.0,,,,9.57,8.67,13.07,12.7,8.18,9.12
2025-12-16T09:59:05.801963,Recipe_A,455da03b-a6a4-4f92-a874-dc44e968f89c,11,5.0,,,,12.94,12.18,12.25,8.08,6.65,9.86
2025-12-16T09:59:06.801963,Recipe_A,455da03b-a6a4-4f92-a874-dc44e968f89c,11,4.0,,,,102.92,46.51,55.32,47.08,43.72,46.45
2025-12-16T09:59:07.801963,Recipe_A,455da03b-a6a4-4f92-a874-dc44e968f89c,11,4.0,,,,101.7,56.24,46.47,52.77,43.76,43.82
2025-12-16T09:59:08.801963,Recipe_A,455da03b-a6a4-4f92-a874-dc44e968f89c,11,4.0,,,,107.37,57.62,61.19,56.86,41.69,53.84
2025-12-16T09:59:09.801963,Recipe_A,455da03b-a6a4-4f92-a874-dc44e968f89c,11,4.0,,,,108.89,57.85,47.38,51.25,58.18,55.23
2025-12-16T09:59:10.801963,Recipe_A,455da03b-a6a4-4f92-a874-dc44e968f89c,11,4.0,,,,105.98,45.43,39.07,43.09,36.62,49.52
2025-12-16T09:59:11.801963,Recipe_A,455da03b-a6a4-4f92-a874-dc44e968f89c,11,2.0,,,,8.57,8.37,6.43,11.63,7.86,8.6
2025-12-16T09:59:12.801963,Recipe_A,455da03b-a6a4-4f92-a874-dc44e968f89c,11,2.0,,,,9.25,10.4,7.54,6.01,9.18,12.81
2025-12-16T09:59:13.801963,Recipe_A,455da03b-a6a4-4f92-a874-dc44e968f89c,11,2.0,,,,10.15,8.76,9.79,10.66,7.46,8.97
2025-12-16T09:59:13.801963,Recipe_A,455da03b-a6a4-4f92-a874-dc44e968f89c,11,2.0,Warning_6,Simulated Warning occurred,Warning,,,,,,
2025-12-16T09:59:14.801963,Recipe_A,455da03b-a6a4-4f92-a874-dc44e968f89c,11,2.0,,,,8.91,10.48,6.92,7.19,9.32,9.18
2025-12-16T09:59:15.801963,Recipe_A,455da03b-a6a4-4f92-a874-dc44e968f89c,11,2.0,,,,13.88,8.05,4.87,10.77,7.29,14.39
2025-12-16T09:59:16.801963,Recipe_A,455da03b-a6a4-4f92-a874-dc44e968f89c,11,2.0,,,,8.62,7.48,10.27,9.83,9.27,9.47
2025-12-16T09:59:17.801963,Recipe_A,455da03b-a6a4-4f92-a874-dc44e968f89c,11,2.0,,,,11.04,8.56,8.65,11.36,9.07,9.58
2025-12-16T09:59:18.801963,Recipe_A,455da03b-a6a4-4f92-a874-dc44e968f89c,11,2.0,,,,10.05,11.89,11.06,7.64,5.61,9.64
2025-12-16T09:59:19.801963,Recipe_A,455da03b-a6a4-4f92-a874-dc44e968f89c,11,2.0,,,,10.36,9.48,7.71,10.03,12.01,5.98
2025-12-16T09:59:20.801963,Recipe_A,455da03b-a6a4-4f92-a874-dc44e968f89c,11,2.0,,,,9.24,11.91,6.29,11.49,10.31,11.38
2025-12-16T09:59:21.801963,Recipe_A,455da03b-a6a4-4f92-a874-dc44e968f89c,11,2.0,,,,7.1,13.05,11.49,13.46,5.59,10.92
2025-12-16T09:59:22.801963,Recipe_A,455da03b-a6a4-4f92-a874-dc44e968f89c,11,2.0,,,,8.29,10.32,10.12,8.91,6.86,10.18
2025-12-16T09:59:23.801963,Recipe_A,455da03b-a6a4-4f92-a874-dc44e968f89c,11,2.0,,,,8.15,8.37,12.57,11.51,9.83,10.07
2025-12-16T09:59:24.801963,Recipe_A,455da03b-a6a4-4f92-a874-dc44e968f89c,11,2.0,,,,8.65,8.63,11.1,7.65,7.99,11.87
2025-12-16T09:59:25.801963,Recipe_A,455da03b-a6a4-4f92-a874-dc44e968f89c,11,2.0,,,,13.29,10.72,8.25,10.32,10.61,8.87
2025-12-16T09:59:26.801963,Recipe_A,455da03b-a6a4-4f92-a874-dc44e968f89c,11,2.0,,,,8.68,11.37,11.31,10.94,9.47,10.94
2025-12-16T09:59:27.801963,Recipe_A,455da03b-a6a4-4f92-a874-dc44e968f89c,11,1.0,,,,6.83,12.15,13.3,15.46,12.05,7.87
2025-12-16T09:59:28.801963,Recipe_A,455da03b-a6a4-4f92-a874-dc44e968f89c,11,1.0,,,,8.73,6.51,9.15,13.46,8.86,12.39
2025-12-16T09:59:29.801963,Recipe_A,455da03b-a6a4-4f92-a874-dc44e968f89c,11,1.0,,,,12.88,9.19,8.41,10.81,12.49,10.87
2025-12-16T09:59:30.801963,Recipe_A,455da03b-a6a4-4f92-a874-dc44e968f89c,11,1.0,,,,8.74,8.9,8.29,11.61,8.02,12.24
2025-12-16T09:59:31.801963,Recipe_A,455da03b-a6a4-4f92-a874-dc44e968f89c,11,1.0,,,,8.5,10.61,12.71,9.43,10.35,12.46
2025-12-16T09:59:32.801963,Recipe_A,455da03b-a6a4-4f92-a874-dc44e968f89c,11,1.0,,,,11.36,9.93,8.81,10.92,12.57,5.32
2025-12-16T09:59:33.801963,Recipe_A,455da03b-a6a4-4f92-a874-dc44e968f89c,11,1.0,,,,8.84,10.7,10.66,7.84,12.68,11.73
2025-12-16T09:59:34.801963,Recipe_A,455da03b-a6a4-4f92-a874-dc44e968f89c,11,1.0,,,,8.97,10.84,9.27,11.72,8.53,10.29
2025-12-16T09:59:35.801963,Recipe_A,455da03b-a6a4-4f92-a874-dc44e968f89c,11,1.0,,,,8.84,14.36,11.59,9.07,9.53,7.69
2025-12-16T09:59:36.801963,Recipe_A,455da03b-a6a4-4f92-a874-dc44e968f89c,11,1.0,,,,9.53,11.37,7.41,9.76,9.26,9.33
2025-12-16T09:59:37.801963,Recipe_A,455da03b-a6a4-4f92-a874-dc44e968f89c,11,1.0,,,,10.36,9.11,10.31,8.6,8.18,11.41
2025-12-16T09:59:38.801963,Recipe_A,455da03b-a6a4-4f92-a874-dc44e968f89c,11,1.0,,,,11.19,9.24,13.8,13.55,11.62,13.8
2025-12-16T09:59:39.801963,Recipe_A,455da03b-a6a4-4f92-a874-dc44e968f89c,11,1.0,,,,10.25,11.2,6.98,8.59,7.56,8.93
2025-12-16T09:59:40.801963,Recipe_A,455da03b-a6a4-4f92-a874-dc44e968f89c,11,1.0,,,,10.27,8.98,9.76,10.05,7.31,10.8
2025-12-16T09:59:41.801963,Recipe_A,455da03b-a6a4-4f92-a874-dc44e968f89c,11,1.0,,,,6.08,11.63,10.09,8.87,12.22,8.78
2025-12-16T09:59:42.801963,Recipe_A,455da03b-a6a4-4f92-a874-dc44e968f89c,11,1.0,,,,10.43,9.45,10.49,9.51,9.16,11.36
2025-12-16T09:59:43.801963,Recipe_A,455da03b-a6a4-4f92-a874-dc44e968f89c,11,1.0,,,,10.78,10.35,14.88,8.5,9.53,16.53
2025-12-16T09:59:44.801963,Recipe_A,455da03b-a6a4-4f92-a874-dc44e968f89c,11,1.0,,,,10.32,9.98,10.98,12.77,8.87,7.72
2025-12-16T09:59:45.801963,Recipe_A,455da03b-a6a4-4f92-a874-dc44e968f89c,11,1.0,,,,12.82,10.33,11.36,14.21,5.3,14.3
2025-12-16T09:59:46.801963,Recipe_A,455da03b-a6a4-4f92-a874-dc44e968f89c,11,1.0,,,,8.51,10.95,7.98,11.13,6.4,9.13
2025-12-16T09:59:47.801963,Recipe_A,455da03b-a6a4-4f92-a874-dc44e968f89c,11,1.0,,,,14.57,7.55,11.2,9.58,9.07,9.57
2025-12-16T09:59:48.801963,Recipe_A,455da03b-a6a4-4f92-a874-dc44e968f89c,11,1.0,,,,6.33,9.95,9.14,10.64,9.08,7.22
2025-12-16T09:59:49.801963,Recipe_A,455da03b-a6a4-4f92-a874-dc44e968f89c,11,1.0,,,,8.67,5.85,7.55,11.31,10.95,8.38
2025-12-16T09:59:50.801963,Recipe_A,455da03b-a6a4-4f92-a874-dc44e968f89c,11,1.0,,,,8.55,12.99,7.91,9.2,10.51,6.38
2025-12-16T09:59:51.801963,Recipe_A,455da03b-a6a4-4f92-a874-dc44e968f89c,11,4.0,,,,101.73,50.82,55.52,53.75,49.31,50.7
2025-12-16T09:59:52.801963,Recipe_A,455da03b-a6a4-4f92-a874-dc44e968f89c,11,4.0,,,,93.81,51.7,46.95,50.45,53.45,54.37
2025-12-16T09:59:53.801963,Recipe_A,455da03b-a6a4-4f92-a874-dc44e968f89c,11,4.0,,,,99.01,47.67,52.92,49.62,57.12,51.46
2025-12-16T09:59:54.801963,Recipe_A,455da03b-a6a4-4f92-a874-dc44e968f89c,11,4.0,,,,100.9,50.57,45.83,57.07,52.23,50.79
2025-12-16T09:59:55.801963,Recipe_A,455da03b-a6a4-4f92-a874-dc44e968f89c,11,4.0,,,,90.6,48.75,52.84,53.37,57.9,46.21
2025-12-16T09:59:56.801963,Recipe_A,455da03b-a6a4-4f92-a874-dc44e968f89c,11,4.0,,,,100.16,53.47,45.9,54.05,47.57,50.42
2025-12-16T09:59:57.801963,Recipe_A,455da03b-a6a4-4f92-a874-dc44e968f89c,11,4.0,,,,96.35,55.56,61.32,47.77,39.91,58.24
2025-12-16T09:59:58.801963,Recipe_A,455da03b-a6a4-4f92-a874-dc44e968f89c,11,4.0,,,,89.9,49.0,53.44,46.22,57.8,50.73
2025-12-16T09:59:59.801963,Recipe_A,455da03b-a6a4-4f92-a874-dc44e968f89c,11,4.0,,,,97.64,47.48,48.47,47.13,49.28,51.37
2025-12-16T10:00:00.801963,Recipe_A,455da03b-a6a4-4f92-a874-dc44e968f89c,11,4.0,,,,90.13,43.47,55.21,48.23,49.27,48.25
2025-12-16T10:00:01.801963,Recipe_A,455da03b-a6a4-4f92-a874-dc44e968f89c,11,4.0,,,,101.68,49.32,49.43,48.4,58.07,55.87
2025-12-16T10:00:02.801963,Recipe_A,455da03b-a6a4-4f92-a874-dc44e968f89c,11,4.0,,,,106.75,49.28,56.3,49.44,46.63,53.74
2025-12-16T10:00:03.801963,Recipe_A,455da03b-a6a4-4f92-a874-dc44e968f89c,11,4.0,,,,105.97,51.24,42.23,57.83,57.93,47.51
2025-12-16T10:00:04.801963,Recipe_A,455da03b-a6a4-4f92-a874-dc44e968f89c,11,4.0,,,,98.86,49.06,44.27,51.35,47.61,53.2
2025-12-16T10:00:05.801963,Recipe_A,455da03b-a6a4-4f92-a874-dc44e968f89c,11,4.0,,,,109.8,47.64,50.43,56.62,46.67,49.15
2025-12-16T10:00:06.801963,Recipe_A,455da03b-a6a4-4f92-a874-dc44e968f89c,11,4.0,,,,106.0,61.06,47.29,56.1,48.32,51.6
2025-12-16T10:00:07.801963,Recipe_A,455da03b-a6a4-4f92-a874-dc44e968f89c,11,4.0,,,,99.06,58.54,40.61,49.36,54.99,48.07
2025-12-16T10:00:08.801963,Recipe_A,455da03b-a6a4-4f92-a874-dc44e968f89c,11,4.0,,,,101.65,47.97,59.7,42.06,46.01,51.6
2025-12-16T10:00:09.801963,Recipe_A,455da03b-a6a4-4f92-a874-dc44e968f89c,11,4.0,,,,102.55,51.49,48.8,54.03,49.9,40.58
2025-12-16T10:00:10.801963,Recipe_A,455da03b-a6a4-4f92-a874-dc44e968f89c,11,4.0,,,,102.82,52.1,62.44,55.91,50.87,57.91
2025-12-16T10:00:11.801963,Recipe_A,455da03b-a6a4-4f92-a874-dc44e968f89c,11,4.0,,,,97.34,47.07,48.8,49.94,45.56,51.88
2025-12-16T10:00:12.801963,Recipe_A,455da03b-a6a4-4f92-a874-dc44e968f89c,11,4.0,,,,90.05,41.71,46.38,58.72,53.92,51.52
2025-12-16T10:00:13.801963,Recipe_A,455da03b-a6a4-4f92-a874-dc44e968f89c,11,4.0,,,,95.59,50.67,53.92,54.06,53.91,46.09
2025-12-16T10:00:14.801963,Recipe_A,455da03b-a6a4-4f92-a874-dc44e968f89c,11,4.0,,,,98.13,40.72,47.32,45.58,44.76,49.13
2025-12-16T10:00:15.801963,Recipe_A,455da03b-a6a4-4f92-a874-dc44e968f89c,11,4.0,,,,100.31,56.11,60.51,55.49,47.32,48.4
2025-12-16T10:00:16.801963,Recipe_A,455da03b-a6a4-4f92-a874-dc44e968f89c,11,4.0,,,,107.52,51.53,46.33,57.41,43.8,47.9
2025-12-16T10:00:17.801963,Recipe_A,455da03b-a6a4-4f92-a874-dc44e968f89c,11,4.0,,,,96.44,48.09,51.88,46.95,45.99,52.16
2025-12-16T10:00:18.801963,Recipe_A,455da03b-a6a4-4f92-a874-dc44e968f89c,11,4.0,,,,101.85,44.05,45.21,60.43,42.33,44.66
2025-12-16T10:00:19.801963,Recipe_A,455da03b-a6a4-4f92-a874-dc44e968f89c,11,4.0,,,,98.15,46.8,43.85,47.18,46.64,47.93
2025-12-16T10:00:20.801963,Recipe_A,455da03b-a6a4-4f92-a874-dc44e968f89c,11,4.0,,,,97.97,53.14,54.91,42.81,46.95,51.76
2025-12-16T10:00:21.801963,Recipe_A,455da03b-a6a4-4f92-a874-dc44e968f89c,11,4.0,,,,106.44,55.98,43.43,50.68,54.38,46.95
2025-12-16T10:00:22.801963,Recipe_A,455da03b-a6a4-4f92-a874-dc44e968f89c,11,4.0,,,,96.64,53.9,57.21,47.57,54.45,40.52
2025-12-16T10:00:23.801963,Recipe_A,455da03b-a6a4-4f92-a874-dc44e968f89c,11,4.0,,,,105.71,48.53,40.02,54.41,47.44,58.43
2025-12-16T10:00:24.801963,Recipe_A,455da03b-a6a4-4f92-a874-dc44e968f89c,11,5.0,,,,7.9,10.23,12.37,9.67,7.7,8.92
2025-12-16T10:00:25.801963,Recipe_A,455da03b-a6a4-4f92-a874-dc44e968f89c,11,5.0,,,,9.69,6.45,11.38,7.29,9.97,10.52
2025-12-16T10:00:26.801963,Recipe_A,455da03b-a6a4-4f92-a874-dc44e968f89c,11,5.0,,,,6.8,8.92,9.04,8.88,10.13,14.19
2025-12-16T10:00:27.801963,Recipe_A,455da03b-a6a4-4f92-a874-dc44e968f89c,11,5.0,,,,8.58,10.24,10.76,9.6,11.21,10.12
2025-12-16T10:00:28.801963,Recipe_A,455da03b-a6a4-4f92-a874-dc44e968f89c,11,5.0,,,,11.01,9.3,11.51,7.91,11.72,7.15
2025-12-16T10:00:29.801963,Recipe_A,455da03b-a6a4-4f92-a874-dc44e968f89c,11,5.0,,,,9.84,10.67,10.42,9.52,9.7,7.95
2025-12-16T10:00:30.801963,Recipe_A,455da03b-a6a4-4f92-a874-dc44e968f89c,11,5.0,,,,9.66,9.71,10.76,12.67,11.21,8.48
2025-12-16T10:00:31.801963,Recipe_A,455da03b-a6a4-4f92-a874-dc44e968f89c,11,5.0,,,,10.07,15.34,11.89,9.82,11.76,11.36
2025-12-16T10:00:32.801963,Recipe_A,455da03b-a6a4-4f92-a874-dc44e968f89c,11,5.0,,,,8.03,7.33,7.85,11.24,8.97,8.97
2025-12-16T10:00:33.801963,Recipe_A,455da03b-a6a4-4f92-a874-dc44e968f89c,11,5.0,,,,11.38,12.32,12.62,11.76,9.54,11.73
2025-12-16T10:00:34.801963,Recipe_A,455da03b-a6a4-4f92-a874-dc44e968f89c,11,5.0,,,,9.49,9.79,11.21,9.26,9.84,10.46
2025-12-16T10:00:35.801963,Recipe_A,455da03b-a6a4-4f92-a874-dc44e968f89c,11,5.0,,,,10.54,10.89,7.41,9.68,9.11,9.98
2025-12-16T10:00:36.801963,Recipe_A,455da03b-a6a4-4f92-a874-dc44e968f89c,11,5.0,,,,8.22,12.47,12.3,11.2,9.02,8.84
2025-12-16T10:00:37.801963,Recipe_A,455da03b-a6a4-4f92-a874-dc44e968f89c,11,5.0,,,,11.7,11.66,11.09,9.73,7.66,10.05
2025-12-16T10:00:38.801963,Recipe_A,455da03b-a6a4-4f92-a874-dc44e968f89c,11,5.0,,,,11.02,8.59,9.07,7.89,10.74,10.93
2025-12-16T10:00:39.801963,Recipe_A,455da03b-a6a4-4f92-a874-dc44e968f89c,11,5.0,,,,9.79,9.52,10.23,9.13,9.39,6.37
2025-12-16T10:00:40.801963,Recipe_A,455da03b-a6a4-4f92-a874-dc44e968f89c,11,5.0,,,,8.9,10.96,10.37,9.17,12.76,8.97
2025-12-16T10:00:41.801963,Recipe_A,455da03b-a6a4-4f92-a874-dc44e968f89c,11,5.0,,,,14.99,6.61,10.12,11.63,11.88,11.4
2025-12-16T10:00:42.801963,Recipe_A,455da03b-a6a4-4f92-a874-dc44e968f89c,11,5.0,,,,11.86,11.49,15.2,9.23,8.23,11.46
2025-12-16T10:00:43.801963,Recipe_A,455da03b-a6a4-4f92-a874-dc44e968f89c,11,5.0,,,,9.37,7.7,12.32,9.13,10.18,9.62
2025-12-16T10:00:44.801963,Recipe_A,455da03b-a6a4-4f92-a874-dc44e968f89c,11,5.0,,,,7.56,12.38,12.63,9.96,13.52,12.16
2025-12-16T10:00:45.801963,Recipe_A,455da03b-a6a4-4f92-a874-dc44e968f89c,11,5.0,,,,8.18,8.02,9.24,12.46,12.59,12.13
2025-12-16T10:00:46.801963,Recipe_A,455da03b-a6a4-4f92-a874-dc44e968f89c,11,5.0,,,,10.66,7.92,8.32,14.44,7.96,9.57
2025-12-16T10:00:47.801963,Recipe_A,455da03b-a6a4-4f92-a874-dc44e968f89c,11,5.0,,,,9.94,6.98,9.85,12.23,10.83,6.32
2025-12-16T10:00:48.801963,Recipe_A,455da03b-a6a4-4f92-a874-dc44e968f89c,11,5.0,,,,9.78,8.63,8.77,8.61,7.34,10.39
2025-12-16T10:00:49.801963,Recipe_A,455da03b-a6a4-4f92-a874-dc44e968f89c,11,5.0,,,,7.42,8.41,9.38,7.23,5.16,10.84
2025-12-16T10:00:50.801963,Recipe_A,455da03b-a6a4-4f92-a874-dc44e968f89c,11,5.0,,,,9.28,12.6,6.58,8.92,10.76,9.6
2025-12-16T10:00:51.801963,Recipe_A,455da03b-a6a4-4f92-a874-dc44e968f89c,11,5.0,,,,9.05,7.92,10.28,9.11,6.56,9.78
2025-12-16T10:00:52.801963,Recipe_A,455da03b-a6a4-4f92-a874-dc44e968f89c,11,5.0,,,,12.19,9.82,10.93,11.96,9.45,8.08
2025-12-16T10:00:53.801963,Recipe_A,455da03b-a6a4-4f92-a874-dc44e968f89c,11,5.0,,,,10.23,8.95,9.6,7.61,10.57,11.64
2025-12-16T10:00:54.801963,Recipe_A,455da03b-a6a4-4f92-a874-dc44e968f89c,11,5.0,,,,12.09,9.59,10.48,11.61,8.48,10.8
2025-12-16T10:00:55.801963,Recipe_A,455da03b-a6a4-4f92-a874-dc44e968f89c,11,5.0,,,,11.92,9.5,9.27,8.79,10.96,7.89
2025-12-16T10:00:56.801963,Recipe_A,455da03b-a6a4-4f92-a874-dc44e968f89c,11,5.0,,,,8.6,9.91,8.26,6.22,12.41,10.75
2025-12-16T10:00:56.801963,Recipe_A,455da03b-a6a4-4f92-a874-dc44e968f89c,11,5.0,Error_6,Simulated Error occurred,Error,,,,,,
2025-12-16T10:00:57.801963,Recipe_A,455da03b-a6a4-4f92-a874-dc44e968f89c,11,5.0,,,,11.67,8.28,9.15,11.62,12.63,10.43
2025-12-16T10:00:58.801963,Recipe_A,455da03b-a6a4-4f92-a874-dc44e968f89c,11,5.0,,,,9.06,7.96,13.38,9.33,11.71,11.0
2025-12-16T10:00:59.801963,Recipe_A,455da03b-a6a4-4f92-a874-dc44e968f89c,11,5.0,,,,9.79,10.26,5.67,10.02,6.92,8.1
2025-12-16T10:01:00.801963,Recipe_A,455da03b-a6a4-4f92-a874-dc44e968f89c,11,5.0,,,,12.89,9.9,12.86,7.33,7.27,9.67
2025-12-16T10:01:01.801963,Recipe_A,455da03b-a6a4-4f92-a874-dc44e968f89c,11,5.0,,,,6.47,12.73,8.57,6.53,10.46,9.8
2025-12-16T10:01:02.801963,Recipe_A,455da03b-a6a4-4f92-a874-dc44e968f89c,11,5.0,,,,7.65,12.52,10.53,11.99,9.24,12.59
2025-12-16T10:01:03.801963,Recipe_A,455da03b-a6a4-4f92-a874-dc44e968f89c,11,5.0,,,,9.05,7.51,6.61,10.73,12.79,7.82
2025-12-16T10:01:04.801963,Recipe_A,455da03b-a6a4-4f92-a874-dc44e968f89c,11,5.0,,,,12.9,12.27,7.33,8.52,13.81,7.9
2025-12-16T10:01:05.801963,Recipe_A,455da03b-a6a4-4f92-a874-dc44e968f89c,11,5.0,,,,7.52,12.99,9.85,8.12,12.24,6.88
2025-12-16T10:01:06.801963,Recipe_A,455da03b-a6a4-4f92-a874-dc44e968f89c,11,5.0,,,,8.82,11.15,10.08,8.81,10.35,8.34
2025-12-16T10:01:07.801963,Recipe_A,455da03b-a6a4-4f92-a874-dc44e968f89c,11,5.0,,,,11.33,11.58,10.2,11.05,15.36,8.42
2025-12-16T10:01:08.801963,Recipe_A,455da03b-a6a4-4f92-a874-dc44e968f89c,11,5.0,,,,5.85,10.06,10.49,8.67,9.91,9.58
2025-12-16T10:01:09.801963,Recipe_A,455da03b-a6a4-4f92-a874-dc44e968f89c,11,5.0,,,,11.35,9.5,8.21,10.0,9.56,8.61
2025-12-16T10:01:10.801963,Recipe_A,455da03b-a6a4-4f92-a874-dc44e968f89c,11,5.0,,,,10.74,12.97,8.73,8.46,10.05,10.11
2025-12-16T10:01:11.801963,Recipe_A,455da03b-a6a4-4f92-a874-dc44e968f89c,11,0.0,,,,0.0,0.0,0.0,0.0,0.0,0.0
2025-12-16T10:01:12.801963,Recipe_A,455da03b-a6a4-4f92-a874-dc44e968f89c,11,0.0,,,,0.0,0.0,0.0,0.0,0.0,0.0
2025-12-16T10:01:13.801963,Recipe_A,455da03b-a6a4-4f92-a874-dc44e968f89c,11,0.0,,,,0.0,0.0,0.0,0.0,0.0,0.0
2025-12-16T10:01:14.801963,Recipe_A,455da03b-a6a4-4f92-a874-dc44e968f89c,11,0.0,,,,0.0,0.0,0.0,0.0,0.0,0.0
2025-12-16T10:01:15.801963,Recipe_A,455da03b-a6a4-4f92-a874-dc44e968f89c,11,0.0,,,,0.0,0.0,0.0,0.0,0.0,0.0
2025-12-16T10:01:16.801963,Recipe_A,455da03b-a6a4-4f92-a874-dc44e968f89c,11,0.0,,,,0.0,0.0,0.0,0.0,0.0,0.0
2025-12-16T10:01:17.801963,Recipe_A,455da03b-a6a4-4f92-a874-dc44e968f89c,11,0.0,,,,0.0,0.0,0.0,0.0,0.0,0.0
2025-12-16T10:01:18.801963,Recipe_A,455da03b-a6a4-4f92-a874-dc44e968f89c,11,0.0,,,,0.0,0.0,0.0,0.0,0.0,0.0
2025-12-16T10:01:19.801963,Recipe_A,455da03b-a6a4-4f92-a874-dc44e968f89c,11,0.0,,,,0.0,0.0,0.0,0.0,0.0,0.0
2025-12-16T10:01:20.801963,Recipe_A,455da03b-a6a4-4f92-a874-dc44e968f89c,11,0.0,,,,0.0,0.0,0.0,0.0,0.0,0.0
2025-12-16T10:01:21.801963,Recipe_A,455da03b-a6a4-4f92-a874-dc44e968f89c,11,0.0,,,,0.0,0.0,0.0,0.0,0.0,0.0
2025-12-16T10:01:22.801963,Recipe_A,455da03b-a6a4-4f92-a874-dc44e968f89c,11,0.0,,,,0.0,0.0,0.0,0.0,0.0,0.0
2025-12-16T10:01:23.801963,Recipe_A,455da03b-a6a4-4f92-a874-dc44e968f89c,11,0.0,,,,0.0,0.0,0.0,0.0,0.0,0.0
2025-12-16T10:01:24.801963,Recipe_A,455da03b-a6a4-4f92-a874-dc44e968f89c,11,0.0,,,,0.0,0.0,0.0,0.0,0.0,0.0
2025-12-16T10:01:25.801963,Recipe_A,455da03b-a6a4-4f92-a874-dc44e968f89c,11,0.0,,,,0.0,0.0,0.0,0.0,0.0,0.0
2025-12-16T10:01:26.801963,Recipe_A,455da03b-a6a4-4f92-a874-dc44e968f89c,11,0.0,,,,0.0,0.0,0.0,0.0,0.0,0.0
2025-12-16T10:01:27.801963,Recipe_A,455da03b-a6a4-4f92-a874-dc44e968f89c,11,0.0,,,,0.0,0.0,0.0,0.0,0.0,0.0
2025-12-16T10:01:28.801963,Recipe_A,455da03b-a6a4-4f92-a874-dc44e968f89c,11,0.0,,,,0.0,0.0,0.0,0.0,0.0,0.0
2025-12-16T10:01:29.801963,Recipe_A,455da03b-a6a4-4f92-a874-dc44e968f89c,11,0.0,,,,0.0,0.0,0.0,0.0,0.0,0.0
2025-12-16T10:01:30.801963,Recipe_A,455da03b-a6a4-4f92-a874-dc44e968f89c,11,0.0,,,,0.0,0.0,0.0,0.0,0.0,0.0
2025-12-16T10:01:31.801963,Recipe_A,455da03b-a6a4-4f92-a874-dc44e968f89c,11,0.0,,,,0.0,0.0,0.0,0.0,0.0,0.0
2025-12-16T10:01:32.801963,Recipe_A,455da03b-a6a4-4f92-a874-dc44e968f89c,11,0.0,,,,0.0,0.0,0.0,0.0,0.0,0.0
2025-12-16T10:01:33.801963,Recipe_A,455da03b-a6a4-4f92-a874-dc44e968f89c,11,0.0,,,,0.0,0.0,0.0,0.0,0.0,0.0
2025-12-16T10:01:34.801963,Recipe_A,455da03b-a6a4-4f92-a874-dc44e968f89c,11,0.0,,,,0.0,0.0,0.0,0.0,0.0,0.0
2025-12-16T10:01:35.801963,Recipe_A,455da03b-a6a4-4f92-a874-dc44e968f89c,11,0.0,,,,0.0,0.0,0.0,0.0,0.0,0.0
2025-12-16T10:01:36.801963,Recipe_A,455da03b-a6a4-4f92-a874-dc44e968f89c,11,0.0,,,,0.0,0.0,0.0,0.0,0.0,0.0
2025-12-16T10:01:37.801963,Recipe_A,455da03b-a6a4-4f92-a874-dc44e968f89c,11,0.0,,,,0.0,0.0,0.0,0.0,0.0,0.0
2025-12-16T10:01:38.801963,Recipe_A,455da03b-a6a4-4f92-a874-dc44e968f89c,11,0.0,,,,0.0,0.0,0.0,0.0,0.0,0.0
2025-12-16T10:01:39.801963,Recipe_A,455da03b-a6a4-4f92-a874-dc44e968f89c,11,0.0,,,,0.0,0.0,0.0,0.0,0.0,0.0
2025-12-16T10:01:40.801963,Recipe_A,455da03b-a6a4-4f92-a874-dc44e968f89c,11,0.0,,,,0.0,0.0,0.0,0.0,0.0,0.0
2025-12-16T10:01:41.801963,Recipe_A,455da03b-a6a4-4f92-a874-dc44e968f89c,11,0.0,,,,0.0,0.0,0.0,0.0,0.0,0.0
2025-12-16T10:01:42.801963,Recipe_A,455da03b-a6a4-4f92-a874-dc44e968f89c,11,0.0,,,,0.0,0.0,0.0,0.0,0.0,0.0
2025-12-16T10:01:43.801963,Recipe_A,455da03b-a6a4-4f92-a874-dc44e968f89c,11,5.0,,,,10.88,12.55,11.83,11.15,7.28,8.36
2025-12-16T10:01:44.801963,Recipe_A,455da03b-a6a4-4f92-a874-dc44e968f89c,11,5.0,,,,10.85,9.76,8.03,9.07,8.95,7.47
2025-12-16T10:01:45.801963,Recipe_A,455da03b-a6a4-4f92-a874-dc44e968f89c,11,5.0,,,,10.43,11.03,10.48,15.24,12.45,9.88
2025-12-16T10:01:46.801963,Recipe_A,455da03b-a6a4-4f92-a874-dc44e968f89c,11,5.0,,,,7.74,6.3,10.78,10.4,10.06,10.34
2025-12-16T10:01:47.801963,Recipe_A,455da03b-a6a4-4f92-a874-dc44e968f89c,11,5.0,,,,5.43,11.3,10.63,8.55,9.91,8.86
2025-12-16T10:01:48.801963,Recipe_A,455da03b-a6a4-4f92-a874-dc44e968f89c,11,5.0,,,,9.0,7.47,9.37,9.84,12.57,11.79
2025-12-16T10:01:49.801963,Recipe_A,455da03b-a6a4-4f92-a874-dc44e968f89c,11,5.0,,,,11.88,10.26,7.98,8.26,9.54,8.92
2025-12-16T10:01:50.801963,Recipe_A,455da03b-a6a4-4f92-a874-dc44e968f89c,11,5.0,,,,11.27,6.46,10.05,7.1,6.23,8.07
2025-12-16T10:01:51.801963,Recipe_A,455da03b-a6a4-4f92-a874-dc44e968f89c,11,5.0,,,,7.99,10.79,10.9,12.28,5.35,8.04
2025-12-16T10:01:52.801963,Recipe_A,455da03b-a6a4-4f92-a874-dc44e968f89c,11,5.0,,,,15.1,11.16,8.08,9.67,10.06,8.87
2025-12-16T10:01:53.801963,Recipe_A,455da03b-a6a4-4f92-a874-dc44e968f89c,11,5.0,,,,8.13,9.04,12.1,10.76,9.56,10.15
2025-12-16T10:01:54.801963,Recipe_A,455da03b-a6a4-4f92-a874-dc44e968f89c,11,5.0,,,,11.09,10.39,9.25,6.06,11.65,12.19
2025-12-16T10:01:55.801963,Recipe_A,455da03b-a6a4-4f92-a874-dc44e968f89c,11,5.0,,,,11.9,13.85,9.98,13.05,8.78,3.81
2025-12-16T10:01:56.801963,Recipe_A,455da03b-a6a4-4f92-a874-dc44e968f89c,11,5.0,,,,7.91,8.59,9.36,10.88,12.03,7.54
2025-12-16T10:01:57.801963,Recipe_A,455da03b-a6a4-4f92-a874-dc44e968f89c,11,5.0,,,,8.49,9.17,9.68,7.38,12.51,13.58
2025-12-16T10:01:58.801963,Recipe_A,455da03b-a6a4-4f92-a874-dc44e968f89c,11,5.0,,,,7.21,10.93,9.5,8.3,11.18,10.73
2025-12-16T10:01:59.801963,Recipe_A,455da03b-a6a4-4f92-a874-dc44e968f89c,11,5.0,,,,9.83,11.48,10.26,8.59,10.69,9.21
2025-12-16T10:02:00.801963,Recipe_A,455da03b-a6a4-4f92-a874-dc44e968f89c,11,4.0,,,,100.16,45.41,53.37,46.22,48.2,59.78
2025-12-16T10:02:01.801963,Recipe_A,455da03b-a6a4-4f92-a874-dc44e968f89c,11,4.0,,,,100.71,58.51,61.05,47.69,50.96,46.16
2025-12-16T10:02:02.801963,Recipe_A,455da03b-a6a4-4f92-a874-dc44e968f89c,11,4.0,,,,103.6,56.83,44.65,54.34,50.52,46.15
2025-12-16T10:02:03.801963,Recipe_A,455da03b-a6a4-4f92-a874-dc44e968f89c,11,4.0,,,,100.59,46.64,63.65,50.15,48.72,49.04
2025-12-16T10:02:04.801963,Recipe_A,455da03b-a6a4-4f92-a874-dc44e968f89c,11,4.0,,,,101.59,58.8,47.05,44.7,53.51,46.62
2025-12-16T10:02:05.801963,Recipe_A,455da03b-a6a4-4f92-a874-dc44e968f89c,11,4.0,,,,95.12,52.07,45.1,55.01,60.66,60.13
2025-12-16T10:02:06.801963,Recipe_A,455da03b-a6a4-4f92-a874-dc44e968f89c,11,4.0,,,,99.11,47.83,53.49,44.84,47.52,50.95
2025-12-16T10:02:07.801963,Recipe_A,455da03b-a6a4-4f92-a874-dc44e968f89c,11,4.0,,,,100.67,49.37,44.6,45.84,53.68,46.84
2025-12-16T10:02:08.801963,Recipe_A,455da03b-a6a4-4f92-a874-dc44e968f89c,11,4.0,,,,94.01,51.61,47.26,55.96,48.27,48.79
2025-12-16T10:02:09.801963,Recipe_A,455da03b-a6a4-4f92-a874-dc44e968f89c,11,4.0,,,,107.14,48.06,60.15,49.74,45.29,46.19
2025-12-16T10:02:10.801963,Recipe_A,455da03b-a6a4-4f92-a874-dc44e968f89c,11,4.0,,,,100.19,53.05,45.93,46.58,53.33,48.97
2025-12-16T10:02:11.801963,Recipe_A,455da03b-a6a4-4f92-a874-dc44e968f89c,11,4.0,,,,100.51,52.26,46.7,51.66,46.03,50.81
2025-12-16T10:02:12.801963,Recipe_A,455da03b-a6a4-4f92-a874-dc44e968f89c,11,4.0,,,,100.21,55.08,52.05,51.47,53.01,52.32
2025-12-16T10:02:13.801963,Recipe_A,455da03b-a6a4-4f92-a874-dc44e968f89c,11,0.0,,,,0.0,0.0,0.0,0.0,0.0,0.0
2025-12-16T10:02:14.801963,Recipe_A,455da03b-a6a4-4f92-a874-dc44e968f89c,11,0.0,,,,0.0,0.0,0.0,0.0,0.0,0.0
2025-12-16T10:02:15.801963,Recipe_A,455da03b-a6a4-4f92-a874-dc44e968f89c,11,0.0,,,,0.0,0.0,0.0,0.0,0.0,0.0
2025-12-16T10:02:16.801963,Recipe_A,455da03b-a6a4-4f92-a874-dc44e968f89c,11,0.0,,,,0.0,0.0,0.0,0.0,0.0,0.0
2025-12-16T10:02:17.801963,Recipe_A,455da03b-a6a4-4f92-a874-dc44e968f89c,11,0.0,,,,0.0,0.0,0.0,0.0,0.0,0.0
2025-12-16T10:02:18.801963,Recipe_A,455da03b-a6a4-4f92-a874-dc44e968f89c,11,0.0,,,,0.0,0.0,0.0,0.0,0.0,0.0
2025-12-16T10:02:19.801963,Recipe_A,455da03b-a6a4-4f92-a874-dc44e968f89c,11,0.0,,,,0.0,0.0,0.0,0.0,0.0,0.0
2025-12-16T10:02:20.801963,Recipe_A,455da03b-a6a4-4f92-a874-dc44e968f89c,11,0.0,,,,0.0,0.0,0.0,0.0,0.0,0.0
2025-12-16T10:02:21.801963,Recipe_A,455da03b-a6a4-4f92-a874-dc44e968f89c,11,0.0,,,,0.0,0.0,0.0,0.0,0.0,0.0
2025-12-16T10:02:22.801963,Recipe_A,455da03b-a6a4-4f92-a874-dc44e968f89c,11,0.0,,,,0.0,0.0,0.0,0.0,0.0,0.0
2025-12-16T10:02:23.801963,Recipe_A,455da03b-a6a4-4f92-a874-dc44e968f89c,11,0.0,,,,0.0,0.0,0.0,0.0,0.0,0.0
2025-12-16T10:02:24.801963,Recipe_A,455da03b-a6a4-4f92-a874-dc44e968f89c,11,0.0,,,,0.0,0.0,0.0,0.0,0.0,0.0
2025-12-16T10:02:25.801963,Recipe_A,455da03b-a6a4-4f92-a874-dc44e968f89c,11,0.0,,,,0.0,0.0,0.0,0.0,0.0,0.0
2025-12-16T10:02:26.801963,Recipe_A,455da03b-a6a4-4f92-a874-dc44e968f89c,11,0.0,,,,0.0,0.0,0.0,0.0,0.0,0.0
2025-12-16T10:02:27.801963,Recipe_A,455da03b-a6a4-4f92-a874-dc44e968f89c,11,0.0,,,,0.0,0.0,0.0,0.0,0.0,0.0
2025-12-16T10:02:28.801963,Recipe_A,455da03b-a6a4-4f92-a874-dc44e968f89c,11,0.0,,,,0.0,0.0,0.0,0.0,0.0,0.0
2025-12-16T10:02:29.801963,Recipe_A,455da03b-a6a4-4f92-a874-dc44e968f89c,11,0.0,,,,0.0,0.0,0.0,0.0,0.0,0.0
2025-12-16T10:02:30.801963,Recipe_A,455da03b-a6a4-4f92-a874-dc44e968f89c,11,0.0,,,,0.0,0.0,0.0,0.0,0.0,0.0
2025-12-16T10:02:31.801963,Recipe_A,455da03b-a6a4-4f92-a874-dc44e968f89c,11,0.0,,,,0.0,0.0,0.0,0.0,0.0,0.0
2025-12-16T10:02:32.801963,Recipe_A,455da03b-a6a4-4f92-a874-dc44e968f89c,11,0.0,,,,0.0,0.0,0.0,0.0,0.0,0.0
2025-12-16T10:02:33.801963,Recipe_A,455da03b-a6a4-4f92-a874-dc44e968f89c,11,0.0,,,,0.0,0.0,0.0,0.0,0.0,0.0
2025-12-16T10:02:34.801963,Recipe_A,455da03b-a6a4-4f92-a874-dc44e968f89c,11,0.0,,,,0.0,0.0,0.0,0.0,0.0,0.0
2025-12-16T10:02:35.801963,Recipe_A,455da03b-a6a4-4f92-a874-dc44e968f89c,11,0.0,,,,0.0,0.0,0.0,0.0,0.0,0.0
2025-12-16T10:02:36.801963,Recipe_A,455da03b-a6a4-4f92-a874-dc44e968f89c,11,0.0,,,,0.0,0.0,0.0,0.0,0.0,0.0
2025-12-16T10:02:37.801963,Recipe_A,455da03b-a6a4-4f92-a874-dc44e968f89c,11,0.0,,,,0.0,0.0,0.0,0.0,0.0,0.0
2025-12-16T10:02:38.801963,Recipe_A,455da03b-a6a4-4f92-a874-dc44e968f89c,11,0.0,,,,0.0,0.0,0.0,0.0,0.0,0.0
2025-12-16T10:02:39.801963,Recipe_A,455da03b-a6a4-4f92-a874-dc44e968f89c,11,0.0,,,,0.0,0.0,0.0,0.0,0.0,0.0
2025-12-16T10:02:40.801963,Recipe_A,455da03b-a6a4-4f92-a874-dc44e968f89c,11,0.0,,,,0.0,0.0,0.0,0.0,0.0,0.0
2025-12-16T10:02:41.801963,Recipe_A,455da03b-a6a4-4f92-a874-dc44e968f89c,11,0.0,,,,0.0,0.0,0.0,0.0,0.0,0.0
2025-12-16T10:02:42.801963,Recipe_A,455da03b-a6a4-4f92-a874-dc44e968f89c,11,0.0,,,,0.0,0.0,0.0,0.0,0.0,0.0
2025-12-16T10:02:43.801963,Recipe_A,455da03b-a6a4-4f92-a874-dc44e968f89c,11,0.0,,,,0.0,0.0,0.0,0.0,0.0,0.0
2025-12-16T10:02:44.801963,Recipe_A,455da03b-a6a4-4f92-a874-dc44e968f89c,11,0.0,,,,0.0,0.0,0.0,0.0,0.0,0.0
2025-12-16T10:02:45.801963,Recipe_A,455da03b-a6a4-4f92-a874-dc44e968f89c,11,0.0,,,,0.0,0.0,0.0,0.0,0.0,0.0
2025-12-16T10:02:46.801963,Recipe_A,455da03b-a6a4-4f92-a874-dc44e968f89c,11,0.0,,,,0.0,0.0,0.0,0.0,0.0,0.0
2025-12-16T10:02:47.801963,Recipe_A,455da03b-a6a4-4f92-a874-dc44e968f89c,11,0.0,,,,0.0,0.0,0.0,0.0,0.0,0.0
2025-12-16T10:02:48.801963,Recipe_A,455da03b-a6a4-4f92-a874-dc44e968f89c,11,0.0,,,,0.0,0.0,0.0,0.0,0.0,0.0
2025-12-16T10:02:49.801963,Recipe_A,455da03b-a6a4-4f92-a874-dc44e968f89c,11,0.0,,,,0.0,0.0,0.0,0.0,0.0,0.0
2025-12-16T10:02:50.801963,Recipe_A,455da03b-a6a4-4f92-a874-dc44e968f89c,11,0.0,,,,0.0,0.0,0.0,0.0,0.0,0.0
2025-12-16T10:02:51.801963,Recipe_A,455da03b-a6a4-4f92-a874-dc44e968f89c,11,0.0,,,,0.0,0.0,0.0,0.0,0.0,0.0
2025-12-16T10:02:52.801963,Recipe_A,455da03b-a6a4-4f92-a874-dc44e968f89c,11,0.0,,,,0.0,0.0,0.0,0.0,0.0,0.0
2025-12-16T10:02:53.801963,Recipe_A,455da03b-a6a4-4f92-a874-dc44e968f89c,11,0.0,,,,0.0,0.0,0.0,0.0,0.0,0.0
2025-12-16T10:02:54.801963,Recipe_A,455da03b-a6a4-4f92-a874-dc44e968f89c,11,1.0,,,,7.51,9.98,12.18,13.91,10.36,9.05
2025-12-16T10:02:55.801963,Recipe_A,455da03b-a6a4-4f92-a874-dc44e968f89c,11,1.0,,,,12.71,9.89,8.49,9.2,9.87,9.2
2025-12-16T10:02:56.801963,Recipe_A,455da03b-a6a4-4f92-a874-dc44e968f89c,11,1.0,,,,4.91,9.1,8.13,8.93,13.66,11.92
2025-12-16T10:02:57.801963,Recipe_A,455da03b-a6a4-4f92-a874-dc44e968f89c,11,1.0,,,,13.18,3.13,9.03,9.91,10.17,10.03
2025-12-16T10:02:58.801963,Recipe_A,455da03b-a6a4-4f92-a874-dc44e968f89c,11,1.0,,,,10.59,11.37,8.23,9.45,9.52,8.1
2025-12-16T10:02:59.801963,Recipe_A,455da03b-a6a4-4f92-a874-dc44e968f89c,11,1.0,,,,5.57,10.41,12.01,12.01,8.34,10.48
2025-12-16T10:03:00.801963,Recipe_A,455da03b-a6a4-4f92-a874-dc44e968f89c,11,1.0,,,,9.45,12.81,12.98,8.12,8.49,14.7
2025-12-16T10:03:01.801963,Recipe_A,455da03b-a6a4-4f92-a874-dc44e968f89c,11,1.0,,,,11.8,13.51,7.38,8.51,10.05,6.81
2025-12-16T10:03:02.801963,Recipe_A,455da03b-a6a4-4f92-a874-dc44e968f89c,11,1.0,,,,8.72,13.03,13.24,9.8,11.91,8.75
2025-12-16T10:03:03.801963,Recipe_A,455da03b-a6a4-4f92-a874-dc44e968f89c,11,1.0,,,,10.08,10.86,11.04,12.09,4.39,8.77
2025-12-16T10:03:04.801963,Recipe_A,455da03b-a6a4-4f92-a874-dc44e968f89c,11,1.0,,,,9.41,12.12,11.88,11.36,6.77,13.45
2025-12-16T10:03:05.801963,Recipe_A,455da03b-a6a4-4f92-a874-dc44e968f89c,11,5.0,,,,5.1,9.31,10.17,13.85,11.07,11.28
2025-12-16T10:03:06.801963,Recipe_A,455da03b-a6a4-4f92-a874-dc44e968f89c,11,5.0,,,,10.27,10.79,11.21,13.01,13.78,9.37
2025-12-16T10:03:07.801963,Recipe_A,455da03b-a6a4-4f92-a874-dc44e968f89c,11,4.0,,,,104.19,51.91,41.72,46.12,46.92,58.87
2025-12-16T10:03:08.801963,Recipe_A,455da03b-a6a4-4f92-a874-dc44e968f89c,11,4.0,,,,99.23,48.02,40.41,49.55,36.89,49.31
2025-12-16T10:03:09.801963,Recipe_A,455da03b-a6a4-4f92-a874-dc44e968f89c,11,4.0,,,,100.51,52.17,44.38,52.56,50.84,51.27
2025-12-16T10:03:10.801963,Recipe_A,455da03b-a6a4-4f92-a874-dc44e968f89c,11,4.0,,,,93.76,49.5,47.29,54.74,51.6,50.29
2025-12-16T10:03:11.801963,Recipe_A,455da03b-a6a4-4f92-a874-dc44e968f89c,11,4.0,,,,91.59,50.19,51.59,49.55,46.43,50.62
2025-12-16T10:03:12.801963,Recipe_A,455da03b-a6a4-4f92-a874-dc44e968f89c,11,4.0,,,,96.08,46.19,51.97,47.54,50.56,51.74
2025-12-16T10:03:13.801963,Recipe_A,455da03b-a6a4-4f92-a874-dc44e968f89c,11,4.0,,,,103.77,48.75,50.51,43.18,50.69,58.94
2025-12-16T10:03:14.801963,Recipe_A,455da03b-a6a4-4f92-a874-dc44e968f89c,11,4.0,,,,100.99,48.47,48.6,49.96,46.22,54.37
2025-12-16T10:03:15.801963,Recipe_A,455da03b-a6a4-4f92-a874-dc44e968f89c,11,4.0,,,,105.68,39.98,47.33,47.01,38.9,53.65
2025-12-16T10:03:16.801963,Recipe_A,455da03b-a6a4-4f92-a874-dc44e968f89c,11,4.0,,,,106.43,49.93,54.45,52.82,46.79,53.58
2025-12-16T10:03:17.801963,Recipe_A,455da03b-a6a4-4f92-a874-dc44e968f89c,11,4.0,,,,108.04,49.14,50.6,50.19,41.93,52.35
2025-12-16T10:03:18.801963,Recipe_A,455da03b-a6a4-4f92-a874-dc44e968f89c,11,4.0,,,,91.58,51.06,47.91,41.55,55.54,51.24
2025-12-16T10:03:19.801963,Recipe_A,455da03b-a6a4-4f92-a874-dc44e968f89c,11,4.0,,,,103.68,47.14,56.48,37.93,51.69,46.06
2025-12-16T10:03:20.801963,Recipe_A,455da03b-a6a4-4f92-a874-dc44e968f89c,11,4.0,,,,95.46,55.31,56.98,48.93,54.31,50.88
2025-12-16T10:03:21.801963,Recipe_A,455da03b-a6a4-4f92-a874-dc44e968f89c,11,4.0,,,,99.69,41.65,43.98,49.35,47.98,47.39
2025-12-16T10:03:22.801963,Recipe_A,455da03b-a6a4-4f92-a874-dc44e968f89c,11,4.0,,,,98.44,40.86,48.07,41.06,56.39,44.48
2025-12-16T10:03:23.801963,Recipe_A,455da03b-a6a4-4f92-a874-dc44e968f89c,11,4.0,,,,96.45,51.61,47.76,55.41,54.62,38.32
2025-12-16T10:03:24.801963,Recipe_A,455da03b-a6a4-4f92-a874-dc44e968f89c,11,4.0,,,,108.32,43.69,57.59,45.62,51.37,50.53
2025-12-16T10:03:25.801963,Recipe_A,455da03b-a6a4-4f92-a874-dc44e968f89c,11,4.0,,,,103.48,48.25,50.55,48.91,51.16,49.72
2025-12-16T10:03:26.801963,Recipe_A,455da03b-a6a4-4f92-a874-dc44e968f89c,11,0.0,,,,0.0,0.0,0.0,0.0,0.0,0.0
2025-12-16T10:03:27.801963,Recipe_A,455da03b-a6a4-4f92-a874-dc44e968f89c,11,0.0,,,,0.0,0.0,0.0,0.0,0.0,0.0
2025-12-16T10:03:28.801963,Recipe_A,455da03b-a6a4-4f92-a874-dc44e968f89c,11,0.0,,,,0.0,0.0,0.0,0.0,0.0,0.0
2025-12-16T10:03:29.801963,Recipe_A,455da03b-a6a4-4f92-a874-dc44e968f89c,11,0.0,,,,0.0,0.0,0.0,0.0,0.0,0.0
2025-12-16T10:03:30.801963,Recipe_A,455da03b-a6a4-4f92-a874-dc44e968f89c,11,0.0,,,,0.0,0.0,0.0,0.0,0.0,0.0
2025-12-16T10:03:31.801963,Recipe_A,455da03b-a6a4-4f92-a874-dc44e968f89c,11,0.0,,,,0.0,0.0,0.0,0.0,0.0,0.0
2025-12-16T10:03:32.801963,Recipe_A,455da03b-a6a4-4f92-a874-dc44e968f89c,11,0.0,,,,0.0,0.0,0.0,0.0,0.0,0.0
2025-12-16T10:03:33.801963,Recipe_A,455da03b-a6a4-4f92-a874-dc44e968f89c,11,0.0,,,,0.0,0.0,0.0,0.0,0.0,0.0
2025-12-16T10:03:34.801963,Recipe_A,455da03b-a6a4-4f92-a874-dc44e968f89c,11,0.0,,,,0.0,0.0,0.0,0.0,0.0,0.0
2025-12-16T10:03:35.801963,Recipe_A,455da03b-a6a4-4f92-a874-dc44e968f89c,11,0.0,,,,0.0,0.0,0.0,0.0,0.0,0.0
2025-12-16T10:03:36.801963,Recipe_A,455da03b-a6a4-4f92-a874-dc44e968f89c,11,0.0,,,,0.0,0.0,0.0,0.0,0.0,0.0
2025-12-16T10:03:37.801963,Recipe_A,455da03b-a6a4-4f92-a874-dc44e968f89c,11,0.0,,,,0.0,0.0,0.0,0.0,0.0,0.0
2025-12-16T10:03:38.801963,Recipe_A,455da03b-a6a4-4f92-a874-dc44e968f89c,11,0.0,,,,0.0,0.0,0.0,0.0,0.0,0.0
2025-12-16T10:03:39.801963,Recipe_A,455da03b-a6a4-4f92-a874-dc44e968f89c,11,0.0,,,,0.0,0.0,0.0,0.0,0.0,0.0
2025-12-16T10:03:39.801963,Recipe_A,455da03b-a6a4-4f92-a874-dc44e968f89c,11,0.0,Warning_9,Simulated Warning occurred,Warning,,,,,,
2025-12-16T10:03:40.801963,Recipe_A,455da03b-a6a4-4f92-a874-dc44e968f89c,11,0.0,,,,0.0,0.0,0.0,0.0,0.0,0.0
2025-12-16T10:03:41.801963,Recipe_A,455da03b-a6a4-4f92-a874-dc44e968f89c,11,0.0,,,,0.0,0.0,0.0,0.0,0.0,0.0
2025-12-16T10:03:42.801963,Recipe_A,455da03b-a6a4-4f92-a874-dc44e968f89c,11,0.0,,,,0.0,0.0,0.0,0.0,0.0,0.0
2025-12-16T10:03:43.801963,Recipe_A,455da03b-a6a4-4f92-a874-dc44e968f89c,11,0.0,,,,0.0,0.0,0.0,0.0,0.0,0.0
2025-12-16T10:03:44.801963,Recipe_A,455da03b-a6a4-4f92-a874-dc44e968f89c,11,0.0,,,,0.0,0.0,0.0,0.0,0.0,0.0
2025-12-16T10:03:45.801963,Recipe_A,455da03b-a6a4-4f92-a874-dc44e968f89c,11,0.0,,,,0.0,0.0,0.0,0.0,0.0,0.0
2025-12-16T10:03:46.801963,Recipe_A,455da03b-a6a4-4f92-a874-dc44e968f89c,11,0.0,,,,0.0,0.0,0.0,0.0,0.0,0.0
2025-12-16T10:03:47.801963,Recipe_A,455da03b-a6a4-4f92-a874-dc44e968f89c,11,0.0,,,,0.0,0.0,0.0,0.0,0.0,0.0
2025-12-16T10:03:48.801963,Recipe_A,455da03b-a6a4-4f92-a874-dc44e968f89c,11,0.0,,,,0.0,0.0,0.0,0.0,0.0,0.0
2025-12-16T10:03:49.801963,Recipe_A,455da03b-a6a4-4f92-a874-dc44e968f89c,11,0.0,,,,0.0,0.0,0.0,0.0,0.0,0.0
2025-12-16T10:03:50.801963,Recipe_A,455da03b-a6a4-4f92-a874-dc44e968f89c,11,0.0,,,,0.0,0.0,0.0,0.0,0.0,0.0
2025-12-16T10:03:51.801963,Recipe_A,455da03b-a6a4-4f92-a874-dc44e968f89c,11,0.0,,,,0.0,0.0,0.0,0.0,0.0,0.0
2025-12-16T10:03:52.801963,Recipe_A,455da03b-a6a4-4f92-a874-dc44e968f89c,11,0.0,,,,0.0,0.0,0.0,0.0,0.0,0.0
2025-12-16T10:03:53.801963,Recipe_A,455da03b-a6a4-4f92-a874-dc44e968f89c,11,0.0,,,,0.0,0.0,0.0,0.0,0.0,0.0
2025-12-16T10:03:54.801963,Recipe_A,455da03b-a6a4-4f92-a874-dc44e968f89c,11,0.0,,,,0.0,0.0,0.0,0.0,0.0,0.0
2025-12-16T10:03:55.801963,Recipe_A,455da03b-a6a4-4f92-a874-dc44e968f89c,11,0.0,,,,0.0,0.0,0.0,0.0,0.0,0.0
2025-12-16T10:03:56.801963,Recipe_A,455da03b-a6a4-4f92-a874-dc44e968f89c,11,0.0,,,,0.0,0.0,0.0,0.0,0.0,0.0
2025-12-16T10:03:57.801963,Recipe_A,455da03b-a6a4-4f92-a874-dc44e968f89c,11,0.0,,,,0.0,0.0,0.0,0.0,0.0,0.0
2025-12-16T10:03:58.801963,Recipe_A,455da03b-a6a4-4f92-a874-dc44e968f89c,11,0.0,,,,0.0,0.0,0.0,0.0,0.0,0.0
2025-12-16T10:03:59.801963,Recipe_A,455da03b-a6a4-4f92-a874-dc44e968f89c,11,0.0,,,,0.0,0.0,0.0,0.0,0.0,0.0
2025-12-16T10:04:00.801963,Recipe_A,455da03b-a6a4-4f92-a874-dc44e968f89c,11,0.0,,,,0.0,0.0,0.0,0.0,0.0,0.0
2025-12-16T10:04:01.801963,Recipe_A,455da03b-a6a4-4f92-a874-dc44e968f89c,11,0.0,,,,0.0,0.0,0.0,0.0,0.0,0.0
2025-12-16T10:04:02.801963,Recipe_A,455da03b-a6a4-4f92-a874-dc44e968f89c,11,0.0,,,,0.0,0.0,0.0,0.0,0.0,0.0
2025-12-16T10:04:03.801963,Recipe_A,455da03b-a6a4-4f92-a874-dc44e968f89c,11,0.0,,,,0.0,0.0,0.0,0.0,0.0,0.0
2025-12-16T10:04:04.801963,Recipe_A,455da03b-a6a4-4f92-a874-dc44e968f89c,11,0.0,,,,0.0,0.0,0.0,0.0,0.0,0.0
2025-12-16T10:04:05.801963,Recipe_A,455da03b-a6a4-4f92-a874-dc44e968f89c,11,0.0,,,,0.0,0.0,0.0,0.0,0.0,0.0
2025-12-16T10:04:06.801963,Recipe_A,455da03b-a6a4-4f92-a874-dc44e968f89c,11,0.0,,,,0.0,0.0,0.0,0.0,0.0,0.0
2025-12-16T10:04:07.801963,Recipe_A,455da03b-a6a4-4f92-a874-dc44e968f89c,11,0.0,,,,0.0,0.0,0.0,0.0,0.0,0.0
2025-12-16T10:04:08.801963,Recipe_A,455da03b-a6a4-4f92-a874-dc44e968f89c,11,0.0,,,,0.0,0.0,0.0,0.0,0.0,0.0
2025-12-16T10:04:09.801963,Recipe_A,455da03b-a6a4-4f92-a874-dc44e968f89c,11,0.0,,,,0.0,0.0,0.0,0.0,0.0,0.0
2025-12-16T10:04:10.801963,Recipe_A,455da03b-a6a4-4f92-a874-dc44e968f89c,11,3.0,,,,10.73,9.09,10.32,9.41,11.15,17.15
2025-12-16T10:04:11.801963,Recipe_A,455da03b-a6a4-4f92-a874-dc44e968f89c,11,3.0,,,,10.32,10.66,10.56,9.57,8.49,12.85
2025-12-16T10:04:12.801963,Recipe_A,455da03b-a6a4-4f92-a874-dc44e968f89c,11,3.0,,,,11.53,11.18,12.88,8.45,6.66,13.01
2025-12-16T10:04:13.801963,Recipe_A,455da03b-a6a4-4f92-a874-dc44e968f89c,11,3.0,,,,6.28,7.99,10.0,9.83,9.35,7.77
2025-12-16T10:04:14.801963,Recipe_A,455da03b-a6a4-4f92-a874-dc44e968f89c,11,3.0,,,,9.54,13.2,8.8,10.89,9.51,8.21
2025-12-16T10:04:15.801963,Recipe_A,455da03b-a6a4-4f92-a874-dc44e968f89c,11,3.0,,,,13.69,7.45,8.18,10.69,11.58,8.62
2025-12-16T10:04:16.801963,Recipe_A,455da03b-a6a4-4f92-a874-dc44e968f89c,11,3.0,,,,10.01,12.07,8.21,9.37,11.09,11.61
2025-12-16T10:04:17.801963,Recipe_A,455da03b-a6a4-4f92-a874-dc44e968f89c,11,2.0,,,,8.74,8.57,13.64,9.11,9.26,14.39
2025-12-16T10:04:18.801963,Recipe_A,455da03b-a6a4-4f92-a874-dc44e968f89c,11,2.0,,,,13.08,13.24,7.52,12.99,8.35,8.02
2025-12-16T10:04:19.801963,Recipe_A,455da03b-a6a4-4f92-a874-dc44e968f89c,11,2.0,,,,9.42,8.15,9.59,7.51,8.5,9.97
2025-12-16T10:04:20.801963,Recipe_A,455da03b-a6a4-4f92-a874-dc44e968f89c,11,2.0,,,,11.12,8.73,7.56,10.23,8.92,9.09
2025-12-16T10:04:21.801963,Recipe_A,455da03b-a6a4-4f92-a874-dc44e968f89c,11,2.0,,,,14.02,7.73,11.05,9.7,17.1,14.7
2025-12-16T10:04:22.801963,Recipe_A,455da03b-a6a4-4f92-a874-dc44e968f89c,11,2.0,,,,10.48,11.48,13.07,6.2,11.69,11.44
2025-12-16T10:04:23.801963,Recipe_A,455da03b-a6a4-4f92-a874-dc44e968f89c,11,2.0,,,,7.8,8.77,10.5,9.3,11.18,9.43
2025-12-16T10:04:24.801963,Recipe_A,455da03b-a6a4-4f92-a874-dc44e968f89c,11,2.0,,,,8.16,11.2,8.58,10.29,7.95,12.37
2025-12-16T10:04:25.801963,Recipe_A,455da03b-a6a4-4f92-a874-dc44e968f89c,11,2.0,,,,10.3,12.57,11.17,5.59,8.32,10.1
2025-12-16T10:04:26.801963,Recipe_A,455da03b-a6a4-4f92-a874-dc44e968f89c,11,3.0,,,,8.03,9.03,8.1,10.5,10.65,6.57
2025-12-16T10:04:27.801963,Recipe_A,455da03b-a6a4-4f92-a874-dc44e968f89c,11,3.0,,,,10.72,12.65,8.82,8.59,11.92,9.21
2025-12-16T10:04:28.801963,Recipe_A,455da03b-a6a4-4f92-a874-dc44e968f89c,11,3.0,,,,11.54,11.32,10.01,10.45,11.06,8.62
2025-12-16T10:04:29.801963,Recipe_A,455da03b-a6a4-4f92-a874-dc44e968f89c,11,3.0,,,,5.3,10.32,8.95,7.71,8.45,9.93
2025-12-16T10:04:30.801963,Recipe_A,455da03b-a6a4-4f92-a874-dc44e968f89c,11,3.0,,,,10.42,12.13,6.11,12.28,9.6,9.01
2025-12-16T10:04:31.801963,Recipe_A,455da03b-a6a4-4f92-a874-dc44e968f89c,11,3.0,,,,12.66,9.96,11.71,11.31,11.38,9.38
2025-12-16T10:04:32.801963,Recipe_A,455da03b-a6a4-4f92-a874-dc44e968f89c,11,3.0,,,,10.74,9.24,7.73,8.97,9.67,8.19
2025-12-16T10:04:33.801963,Recipe_A,455da03b-a6a4-4f92-a874-dc44e968f89c,11,4.0,,,,105.29,54.06,51.07,41.96,39.67,48.83
2025-12-16T10:04:34.801963,Recipe_A,455da03b-a6a4-4f92-a874-dc44e968f89c,11,4.0,,,,94.52,43.91,50.69,40.65,50.99,45.18
2025-12-16T10:04:35.801963,Recipe_A,455da03b-a6a4-4f92-a874-dc44e968f89c,11,4.0,,,,102.75,44.67,47.89,42.79,52.8,54.98
2025-12-16T10:04:36.801963,Recipe_A,455da03b-a6a4-4f92-a874-dc44e968f89c,11,4.0,,,,97.21,49.02,58.88,48.64,55.15,52.43
2025-12-16T10:04:37.801963,Recipe_A,455da03b-a6a4-4f92-a874-dc44e968f89c,11,4.0,,,,92.19,52.0,50.4,46.66,45.92,48.0
2025-12-16T10:04:38.801963,Recipe_A,455da03b-a6a4-4f92-a874-dc44e968f89c,11,4.0,,,,111.56,49.82,46.75,42.52,54.99,48.62
2025-12-16T10:04:39.801963,Recipe_A,455da03b-a6a4-4f92-a874-dc44e968f89c,11,4.0,,,,97.34,56.03,60.21,52.54,62.28,51.87
2025-12-16T10:04:40.801963,Recipe_A,455da03b-a6a4-4f92-a874-dc44e968f89c,11,4.0,,,,106.62,44.72,47.28,48.03,46.3,58.6
2025-12-16T10:04:41.801963,Recipe_A,455da03b-a6a4-4f92-a874-dc44e968f89c,11,4.0,,,,93.47,57.99,49.75,48.85,49.86,56.31
2025-12-16T10:04:42.801963,Recipe_A,455da03b-a6a4-4f92-a874-dc44e968f89c,11,4.0,,,,90.42,43.94,59.39,48.26,56.51,48.8
2025-12-16T10:04:43.801963,Recipe_A,455da03b-a6a4-4f92-a874-dc44e968f89c,11,4.0,,,,103.0,57.83,44.33,47.73,55.36,52.23
2025-12-16T10:04:44.801963,Recipe_A,455da03b-a6a4-4f92-a874-dc44e968f89c,11,4.0,,,,102.83,49.72,52.08,46.89,41.79,50.86
2025-12-16T10:04:45.801963,Recipe_A,455da03b-a6a4-4f92-a874-dc44e968f89c,11,4.0,,,,105.42,49.06,43.68,56.66,46.19,39.42
2025-12-16T10:04:46.801963,Recipe_A,455da03b-a6a4-4f92-a874-dc44e968f89c,11,4.0,,,,96.68,53.92,54.37,51.85,51.3,51.27
2025-12-16T10:04:47.801963,Recipe_A,455da03b-a6a4-4f92-a874-dc44e968f89c,11,4.0,,,,99.09,54.21,57.73,46.21,56.16,49.1
2025-12-16T10:04:48.801963,Recipe_A,455da03b-a6a4-4f92-a874-dc44e968f89c,11,4.0,,,,102.49,50.7,47.45,40.37,62.35,48.38
2025-12-16T10:04:49.801963,Recipe_A,455da03b-a6a4-4f92-a874-dc44e968f89c,11,3.0,,,,13.01,12.55,10.53,6.14,11.68,9.87
2025-12-16T10:04:50.801963,Recipe_A,455da03b-a6a4-4f92-a874-dc44e968f89c,11,3.0,,,,11.19,11.58,12.46,10.09,8.46,13.53
2025-12-16T10:04:51.801963,Recipe_A,455da03b-a6a4-4f92-a874-dc44e968f89c,11,3.0,,,,8.08,9.28,10.64,11.74,6.95,11.61
2025-12-16T10:04:52.801963,Recipe_A,455da03b-a6a4-4f92-a874-dc44e968f89c,11,3.0,,,,13.43,11.08,9.16,9.34,5.34,11.75
2025-12-16T10:04:53.801963,Recipe_A,455da03b-a6a4-4f92-a874-dc44e968f89c,11,3.0,,,,10.68,10.14,9.44,11.47,13.14,7.76
2025-12-16T10:04:54.801963,Recipe_A,455da03b-a6a4-4f92-a874-dc44e968f89c,11,3.0,,,,11.67,11.41,11.85,10.59,8.14,9.87
2025-12-16T10:04:55.801963,Recipe_A,455da03b-a6a4-4f92-a874-dc44e968f89c,11,3.0,,,,10.74,6.36,8.71,8.52,9.69,11.41
2025-12-16T10:04:56.801963,Recipe_A,455da03b-a6a4-4f92-a874-dc44e968f89c,11,3.0,,,,11.3,10.66,8.93,9.37,11.95,7.59
2025-12-16T10:04:57.801963,Recipe_A,455da03b-a6a4-4f92-a874-dc44e968f89c,11,3.0,,,,12.53,7.92,11.93,11.05,11.87,8.3
2025-12-16T10:04:58.801963,Recipe_A,455da03b-a6a4-4f92-a874-dc44e968f89c,11,3.0,,,,11.68,11.96,10.69,10.32,8.77,10.42
2025-12-16T10:04:59.801963,Recipe_A,455da03b-a6a4-4f92-a874-dc44e968f89c,11,3.0,,,,10.54,6.52,8.74,8.04,13.25,4.33
2025-12-16T10:05:00.801963,Recipe_A,455da03b-a6a4-4f92-a874-dc44e968f89c,11,3.0,,,,10.35,7.55,8.84,10.6,10.37,13.46
2025-12-16T10:05:01.801963,Recipe_A,455da03b-a6a4-4f92-a874-dc44e968f89c,11,3.0,,,,11.52,11.69,5.52,6.43,10.82,7.62
2025-12-16T10:05:02.801963,Recipe_A,455da03b-a6a4-4f92-a874-dc44e968f89c,11,3.0,,,,9.33,9.61,10.05,9.55,9.02,7.71
2025-12-16T10:05:03.801963,Recipe_A,455da03b-a6a4-4f92-a874-dc44e968f89c,11,3.0,,,,9.82,9.33,9.38,6.21,6.15,11.88
2025-12-16T10:05:04.801963,Recipe_A,455da03b-a6a4-4f92-a874-dc44e968f89c,11,3.0,,,,8.28,8.78,7.93,11.84,11.78,7.54
2025-12-16T10:05:05.801963,Recipe_A,455da03b-a6a4-4f92-a874-dc44e968f89c,11,3.0,,,,13.43,9.54,6.21,9.3,10.33,9.58
2025-12-16T10:05:06.801963,Recipe_A,455da03b-a6a4-4f92-a874-dc44e968f89c,11,3.0,,,,9.51,11.14,9.1,12.01,15.54,9.94
2025-12-16T10:05:07.801963,Recipe_A,455da03b-a6a4-4f92-a874-dc44e968f89c,11,3.0,,,,12.24,8.73,14.04,8.57,12.19,15.15
2025-12-16T10:05:08.801963,Recipe_A,455da03b-a6a4-4f92-a874-dc44e968f89c,11,3.0,,,,8.74,10.41,8.26,9.74,9.91,10.18
2025-12-16T10:05:09.801963,Recipe_A,455da03b-a6a4-4f92-a874-dc44e968f89c,11,3.0,,,,5.93,10.84,10.7,11.01,12.09,7.79
2025-12-16T10:05:10.801963,Recipe_A,455da03b-a6a4-4f92-a874-dc44e968f89c,11,3.0,,,,9.23,5.51,9.11,8.99,10.05,5.39
2025-12-16T10:05:11.801963,Recipe_A,455da03b-a6a4-4f92-a874-dc44e968f89c,11,3.0,,,,8.35,10.57,6.78,6.99,10.55,9.79
2025-12-16T10:05:12.801963,Recipe_A,455da03b-a6a4-4f92-a874-dc44e968f89c,11,3.0,,,,8.66,9.86,9.02,9.61,9.22,8.95
2025-12-16T10:05:13.801963,Recipe_A,455da03b-a6a4-4f92-a874-dc44e968f89c,11,3.0,,,,10.4,11.4,12.73,7.83,10.79,7.18
2025-12-16T10:05:14.801963,Recipe_A,455da03b-a6a4-4f92-a874-dc44e968f89c,11,3.0,,,,6.83,10.95,9.17,12.34,9.04,10.54
2025-12-16T10:05:15.801963,Recipe_A,455da03b-a6a4-4f92-a874-dc44e968f89c,11,3.0,,,,10.29,8.65,11.61,10.98,8.11,8.82
2025-12-16T10:05:16.801963,Recipe_A,455da03b-a6a4-4f92-a874-dc44e968f89c,11,3.0,,,,10.81,13.84,8.08,12.21,11.44,9.01
2025-12-16T10:05:17.801963,Recipe_A,455da03b-a6a4-4f92-a874-dc44e968f89c,11,3.0,,,,10.17,11.33,12.16,11.77,9.84,6.48
2025-12-16T10:05:18.801963,Recipe_A,455da03b-a6a4-4f92-a874-dc44e968f89c,11,3.0,,,,6.68,12.61,11.41,8.73,10.85,9.08
2025-12-16T10:05:19.801963,Recipe_A,455da03b-a6a4-4f92-a874-dc44e968f89c,11,3.0,,,,9.28,10.76,10.74,7.55,8.29,11.14
2025-12-16T10:05:20.801963,Recipe_A,455da03b-a6a4-4f92-a874-dc44e968f89c,11,3.0,,,,14.63,11.37,10.04,11.37,11.7,11.58
2025-12-16T10:05:21.801963,Recipe_A,455da03b-a6a4-4f92-a874-dc44e968f89c,11,4.0,,,,92.21,51.6,40.35,50.94,53.28,62.18
2025-12-16T10:05:22.801963,Recipe_A,455da03b-a6a4-4f92-a874-dc44e968f89c,11,4.0,,,,101.24,54.31,47.14,42.18,48.79,53.74
2025-12-16T10:05:23.801963,Recipe_A,455da03b-a6a4-4f92-a874-dc44e968f89c,11,4.0,,,,97.6,49.47,39.19,45.3,51.31,61.09
2025-12-16T10:05:24.801963,Recipe_A,455da03b-a6a4-4f92-a874-dc44e968f89c,11,4.0,,,,102.77,51.46,48.79,55.12,55.53,49.7
2025-12-16T10:05:25.801963,Recipe_A,455da03b-a6a4-4f92-a874-dc44e968f89c,11,4.0,,,,100.55,55.38,50.14,40.46,46.54,42.5
2025-12-16T10:05:26.801963,Recipe_A,455da03b-a6a4-4f92-a874-dc44e968f89c,11,4.0,,,,100.11,54.17,53.41,52.31,46.93,50.63
2025-12-16T10:05:27.801963,Recipe_A,455da03b-a6a4-4f92-a874-dc44e968f89c,11,4.0,,,,99.03,42.87,47.46,49.88,55.83,53.48
2025-12-16T10:05:27.801963,Recipe_A,455da03b-a6a4-4f92-a874-dc44e968f89c,11,4.0,Error_1,Simulated Error occurred,Error,,,,,,
2025-12-16T10:05:28.801963,Recipe_A,455da03b-a6a4-4f92-a874-dc44e968f89c,11,4.0,,,,95.18,57.78,45.19,49.31,55.58,43.78
2025-12-16T10:05:29.801963,Recipe_A,455da03b-a6a4-4f92-a874-dc44e968f89c,11,4.0,,,,109.03,54.6,47.97,50.67,51.47,53.17
2025-12-16T10:05:30.801963,Recipe_A,455da03b-a6a4-4f92-a874-dc44e968f89c,11,4.0,,,,93.12,54.92,47.95,45.18,52.07,53.93
2025-12-16T10:05:31.801963,Recipe_A,455da03b-a6a4-4f92-a874-dc44e968f89c,11,4.0,,,,114.26,49.25,49.1,56.59,53.79,46.3
2025-12-16T10:05:32.801963,Recipe_A,455da03b-a6a4-4f92-a874-dc44e968f89c,11,4.0,,,,93.93,52.86,53.41,50.62,54.84,53.22
2025-12-16T10:05:33.801963,Recipe_A,455da03b-a6a4-4f92-a874-dc44e968f89c,11,4.0,,,,105.3,42.99,48.79,51.31,50.21,46.64
2025-12-16T10:05:34.801963,Recipe_A,455da03b-a6a4-4f92-a874-dc44e968f89c,11,4.0,,,,110.36,49.22,44.29,48.87,52.01,53.52
2025-12-16T10:05:35.801963,Recipe_A,455da03b-a6a4-4f92-a874-dc44e968f89c,11,4.0,,,,97.8,50.96,42.84,51.6,45.99,51.47
2025-12-16T10:05:36.801963,Recipe_A,455da03b-a6a4-4f92-a874-dc44e968f89c,11,4.0,,,,100.15,57.16,43.19,43.48,56.11,51.64
2025-12-16T10:05:37.801963,Recipe_A,455da03b-a6a4-4f92-a874-dc44e968f89c,11,4.0,,,,96.14,44.29,51.77,43.8,44.52,52.15
2025-12-16T10:05:38.801963,Recipe_A,455da03b-a6a4-4f92-a874-dc44e968f89c,11,4.0,,,,102.29,45.22,50.76,48.43,51.68,45.0
2025-12-16T10:05:39.801963,Recipe_A,455da03b-a6a4-4f92-a874-dc44e968f89c,11,4.0,,,,102.85,60.89,44.65,48.07,49.65,45.86
2025-12-16T10:05:40.801963,Recipe_A,455da03b-a6a4-4f92-a874-dc44e968f89c,11,4.0,,,,95.28,51.17,52.11,49.8,45.85,48.11
2025-12-16T10:05:41.801963,Recipe_A,455da03b-a6a4-4f92-a874-dc44e968f89c,11,4.0,,,,100.03,44.14,52.82,48.11,44.07,52.39
2025-12-16T10:05:42.801963,Recipe_A,455da03b-a6a4-4f92-a874-dc44e968f89c,11,1.0,,,,7.84,7.41,11.18,12.16,8.97,13.48
2025-12-16T10:05:43.801963,Recipe_A,455da03b-a6a4-4f92-a874-dc44e968f89c,11,1.0,,,,14.39,6.37,13.59,11.6,8.71,11.53
2025-12-16T10:05:44.801963,Recipe_A,455da03b-a6a4-4f92-a874-dc44e968f89c,11,1.0,,,,10.01,11.32,10.78,11.57,8.82,14.32
2025-12-16T10:05:45.801963,Recipe_A,455da03b-a6a4-4f92-a874-dc44e968f89c,11,1.0,,,,7.61,13.73,9.12,9.13,9.52,9.3
2025-12-16T10:05:46.801963,Recipe_A,455da03b-a6a4-4f92-a874-dc44e968f89c,11,1.0,,,,8.69,10.2,7.37,10.37,11.81,8.85
2025-12-16T10:05:47.801963,Recipe_A,455da03b-a6a4-4f92-a874-dc44e968f89c,11,1.0,,,,10.3,8.57,12.38,10.1,11.85,10.61
2025-12-16T10:05:48.801963,Recipe_A,455da03b-a6a4-4f92-a874-dc44e968f89c,11,1.0,,,,8.22,12.89,8.37,9.33,7.81,7.62
2025-12-16T10:05:49.801963,Recipe_A,455da03b-a6a4-4f92-a874-dc44e968f89c,11,1.0,,,,16.62,11.25,13.59,12.36,7.57,9.66
2025-12-16T10:05:50.801963,Recipe_A,455da03b-a6a4-4f92-a874-dc44e968f89c,11,1.0,,,,12.66,9.6,9.45,7.93,9.26,8.62
2025-12-16T10:05:51.801963,Recipe_A,455da03b-a6a4-4f92-a874-dc44e968f89c,11,1.0,,,,11.57,11.51,6.15,12.83,9.05,10.88
2025-12-16T10:05:52.801963,Recipe_A,455da03b-a6a4-4f92-a874-dc44e968f89c,11,1.0,,,,7.0,11.37,7.63,10.36,10.72,9.07
2025-12-16T10:05:53.801963,Recipe_A,455da03b-a6a4-4f92-a874-dc44e968f89c,11,1.0,,,,13.61,10.57,8.03,11.53,9.88,10.27
2025-12-16T10:05:54.801963,Recipe_A,455da03b-a6a4-4f92-a874-dc44e968f89c,11,1.0,,,,8.85,13.48,9.69,8.77,9.24,9.83
2025-12-16T10:05:55.801963,Recipe_A,455da03b-a6a4-4f92-a874-dc44e968f89c,11,1.0,,,,7.67,11.92,9.88,9.44,8.76,12.63
2025-12-16T10:05:56.801963,Recipe_A,455da03b-a6a4-4f92-a874-dc44e968f89c,11,1.0,,,,10.91,11.03,8.9,8.2,12.48,11.32
2025-12-16T10:05:57.801963,Recipe_A,455da03b-a6a4-4f92-a874-dc44e968f89c,11,1.0,,,,10.57,11.81,6.04,7.41,11.76,12.11
2025-12-16T10:05:58.801963,Recipe_A,455da03b-a6a4-4f92-a874-dc44e968f89c,11,1.0,,,,8.94,10.38,9.81,10.12,8.81,11.95
2025-12-16T10:05:59.801963,Recipe_A,455da03b-a6a4-4f92-a874-dc44e968f89c,11,1.0,,,,7.97,9.74,7.14,8.09,10.91,9.84
2025-12-16T10:06:00.801963,Recipe_A,455da03b-a6a4-4f92-a874-dc44e968f89c,11,1.0,,,,9.46,8.44,9.89,11.76,9.63,11.71
2025-12-16T10:06:01.801963,Recipe_A,455da03b-a6a4-4f92-a874-dc44e968f89c,11,1.0,,,,9.92,10.87,12.1,12.96,8.46,12.61
2025-12-16T10:06:02.801963,Recipe_A,455da03b-a6a4-4f92-a874-dc44e968f89c,11,1.0,,,,11.27,11.18,6.04,7.99,11.37,8.31
2025-12-16T10:06:03.801963,Recipe_A,455da03b-a6a4-4f92-a874-dc44e968f89c,11,0.0,,,,0.0,0.0,0.0,0.0,0.0,0.0
2025-12-16T10:06:04.801963,Recipe_A,455da03b-a6a4-4f92-a874-dc44e968f89c,11,0.0,,,,0.0,0.0,0.0,0.0,0.0,0.0
2025-12-16T10:06:05.801963,Recipe_A,455da03b-a6a4-4f92-a874-dc44e968f89c,11,0.0,,,,0.0,0.0,0.0,0.0,0.0,0.0
2025-12-16T10:06:06.801963,Recipe_A,455da03b-a6a4-4f92-a874-dc44e968f89c,11,0.0,,,,0.0,0.0,0.0,0.0,0.0,0.0
2025-12-16T10:06:07.801963,Recipe_A,455da03b-a6a4-4f92-a874-dc44e968f89c,11,0.0,,,,0.0,0.0,0.0,0.0,0.0,0.0
2025-12-16T10:06:08.801963,Recipe_A,455da03b-a6a4-4f92-a874-dc44e968f89c,11,0.0,,,,0.0,0.0,0.0,0.0,0.0,0.0
2025-12-16T10:06:09.801963,Recipe_A,455da03b-a6a4-4f92-a874-dc44e968f89c,11,0.0,,,,0.0,0.0,0.0,0.0,0.0,0.0
2025-12-16T10:06:10.801963,Recipe_A,455da03b-a6a4-4f92-a874-dc44e968f89c,11,0.0,,,,0.0,0.0,0.0,0.0,0.0,0.0
2025-12-16T10:06:11.801963,Recipe_A,455da03b-a6a4-4f92-a874-dc44e968f89c,11,0.0,,,,0.0,0.0,0.0,0.0,0.0,0.0
2025-12-16T10:06:12.801963,Recipe_A,455da03b-a6a4-4f92-a874-dc44e968f89c,11,0.0,,,,0.0,0.0,0.0,0.0,0.0,0.0
2025-12-16T10:06:13.801963,Recipe_A,455da03b-a6a4-4f92-a874-dc44e968f89c,11,0.0,,,,0.0,0.0,0.0,0.0,0.0,0.0
2025-12-16T10:06:14.801963,Recipe_A,455da03b-a6a4-4f92-a874-dc44e968f89c,11,5.0,,,,6.76,8.68,12.23,11.38,9.28,11.05
2025-12-16T10:06:15.801963,Recipe_A,455da03b-a6a4-4f92-a874-dc44e968f89c,11,5.0,,,,11.86,8.98,9.42,8.5,9.89,11.77
2025-12-16T10:06:16.801963,Recipe_A,455da03b-a6a4-4f92-a874-dc44e968f89c,11,5.0,,,,13.55,10.94,10.46,10.29,10.88,10.58
2025-12-16T10:06:17.801963,Recipe_A,455da03b-a6a4-4f92-a874-dc44e968f89c,11,5.0,,,,12.74,8.31,9.18,10.39,10.78,6.95
2025-12-16T10:06:18.801963,Recipe_A,455da03b-a6a4-4f92-a874-dc44e968f89c,11,5.0,,,,7.07,9.83,9.33,12.41,8.31,8.27
2025-12-16T10:06:19.801963,Recipe_A,455da03b-a6a4-4f92-a874-dc44e968f89c,11,5.0,,,,11.85,4.58,11.58,10.11,9.52,9.3
2025-12-16T10:06:20.801963,Recipe_A,455da03b-a6a4-4f92-a874-dc44e968f89c,11,5.0,,,,8.2,11.16,8.57,10.07,8.35,11.44
2025-12-16T10:06:21.801963,Recipe_A,455da03b-a6a4-4f92-a874-dc44e968f89c,11,5.0,,,,12.07,11.81,9.49,8.48,8.2,9.1
2025-12-16T10:06:22.801963,Recipe_A,455da03b-a6a4-4f92-a874-dc44e968f89c,11,5.0,,,,8.79,8.42,12.28,7.59,7.69,14.06
2025-12-16T10:06:23.801963,Recipe_A,455da03b-a6a4-4f92-a874-dc44e968f89c,11,5.0,,,,5.97,7.53,11.61,7.6,10.8,7.45
2025-12-16T10:06:24.801963,Recipe_A,455da03b-a6a4-4f92-a874-dc44e968f89c,11,5.0,,,,11.08,9.54,8.31,8.47,11.93,6.96
2025-12-16T10:06:25.801963,Recipe_A,455da03b-a6a4-4f92-a874-dc44e968f89c,11,5.0,,,,13.59,9.59,12.01,7.93,9.92,11.85
2025-12-16T10:06:26.801963,Recipe_A,455da03b-a6a4-4f92-a874-dc44e968f89c,11,5.0,,,,11.16,10.67,9.49,10.35,8.36,6.78
2025-12-16T10:06:27.801963,Recipe_A,455da03b-a6a4-4f92-a874-dc44e968f89c,11,5.0,,,,9.83,13.21,4.87,11.5,13.73,8.01
2025-12-16T10:06:28.801963,Recipe_A,455da03b-a6a4-4f92-a874-dc44e968f89c,11,5.0,,,,8.91,10.93,10.29,7.35,5.96,6.17
2025-12-16T10:06:29.801963,Recipe_A,455da03b-a6a4-4f92-a874-dc44e968f89c,11,5.0,,,,9.4,15.91,12.61,9.44,13.37,5.37
2025-12-16T10:06:30.801963,Recipe_A,455da03b-a6a4-4f92-a874-dc44e968f89c,11,5.0,,,,7.97,8.03,11.93,11.67,10.89,12.19
2025-12-16T10:06:31.801963,Recipe_A,455da03b-a6a4-4f92-a874-dc44e968f89c,11,5.0,,,,8.49,8.56,9.52,11.5,6.94,9.86
2025-12-16T10:06:32.801963,Recipe_A,455da03b-a6a4-4f92-a874-dc44e968f89c,11,5.0,,,,9.69,9.6,12.75,12.53,9.46,10.26
2025-12-16T10:06:33.801963,Recipe_A,455da03b-a6a4-4f92-a874-dc44e968f89c,11,5.0,,,,10.81,7.26,11.0,11.34,9.8,13.11
2025-12-16T10:06:34.801963,Recipe_A,455da03b-a6a4-4f92-a874-dc44e968f89c,11,5.0,,,,11.1,10.28,13.78,9.26,9.62,10.54
2025-12-16T10:06:35.801963,Recipe_A,455da03b-a6a4-4f92-a874-dc44e968f89c,11,5.0,,,,8.93,11.14,11.15,12.12,9.64,10.52
2025-12-16T10:06:35.801963,Recipe_A,455da03b-a6a4-4f92-a874-dc44e968f89c,11,5.0,Warning_5,Simulated Warning occurred,Warning,,,,,,
2025-12-16T10:06:36.801963,Recipe_A,455da03b-a6a4-4f92-a874-dc44e968f89c,11,5.0,,,,9.97,9.48,11.31,11.19,12.08,8.93
2025-12-16T10:06:37.801963,Recipe_A,455da03b-a6a4-4f92-a874-dc44e968f89c,11,5.0,,,,10.87,11.38,11.84,7.48,9.02,8.33
2025-12-16T10:06:38.801963,Recipe_A,455da03b-a6a4-4f92-a874-dc44e968f89c,11,5.0,,,,11.64,12.18,13.84,10.29,10.71,10.36
2025-12-16T10:06:39.801963,Recipe_A,455da03b-a6a4-4f92-a874-dc44e968f89c,11,5.0,,,,11.53,7.14,11.46,9.51,9.12,8.6
2025-12-16T10:06:40.801963,Recipe_A,455da03b-a6a4-4f92-a874-dc44e968f89c,11,5.0,,,,9.67,8.28,10.42,10.33,6.43,9.46
2025-12-16T10:06:41.801963,Recipe_A,455da03b-a6a4-4f92-a874-dc44e968f89c,11,5.0,,,,10.45,9.59,7.6,11.45,7.84,9.93
2025-12-16T10:06:42.801963,Recipe_A,455da03b-a6a4-4f92-a874-dc44e968f89c,11,5.0,,,,9.7,12.45,9.02,7.73,12.1,9.88
2025-12-16T10:06:43.801963,Recipe_A,455da03b-a6a4-4f92-a874-dc44e968f89c,11,5.0,,,,9.49,13.31,11.84,10.38,10.56,10.67
2025-12-16T10:06:44.801963,Recipe_A,455da03b-a6a4-4f92-a874-dc44e968f89c,11,5.0,,,,8.88,10.49,10.53,10.48,12.8,9.71
2025-12-16T10:06:45.801963,Recipe_A,455da03b-a6a4-4f92-a874-dc44e968f89c,11,5.0,,,,9.8,5.22,10.15,11.45,10.44,12.35
2025-12-16T10:06:46.801963,Recipe_A,455da03b-a6a4-4f92-a874-dc44e968f89c,11,5.0,,,,7.44,9.63,11.43,9.59,10.17,10.83
2025-12-16T10:06:47.801963,Recipe_A,455da03b-a6a4-4f92-a874-dc44e968f89c,11,5.0,,,,11.34,15.52,11.02,11.5,8.34,11.28
2025-12-16T10:06:48.801963,Recipe_A,455da03b-a6a4-4f92-a874-dc44e968f89c,11,5.0,,,,9.44,9.16,12.36,11.84,9.62,13.89
2025-12-16T10:06:49.801963,Recipe_A,455da03b-a6a4-4f92-a874-dc44e968f89c,11,5.0,,,,10.21,9.45,11.29,13.96,11.33,10.43
2025-12-16T10:06:50.801963,Recipe_A,455da03b-a6a4-4f92-a874-dc44e968f89c,11,5.0,,,,12.24,13.13,7.8,14.58,6.07,16.67
2025-12-16T10:06:51.801963,Recipe_A,455da03b-a6a4-4f92-a874-dc44e968f89c,11,5.0,,,,10.76,11.86,10.01,10.88,13.16,9.86
2025-12-16T10:06:52.801963,Recipe_A,455da03b-a6a4-4f92-a874-dc44e968f89c,11,5.0,,,,11.8,13.62,12.13,15.27,11.39,10.79
2025-12-16T10:06:53.801963,Recipe_A,455da03b-a6a4-4f92-a874-dc44e968f89c,11,5.0,,,,14.0,9.05,12.12,12.2,5.84,7.38
2025-12-16T10:06:54.801963,Recipe_A,455da03b-a6a4-4f92-a874-dc44e968f89c,11,5.0,,,,8.27,8.71,10.31,13.58,8.92,11.97
2025-12-16T10:06:55.801963,Recipe_A,455da03b-a6a4-4f92-a874-dc44e968f89c,11,5.0,,,,11.2,10.81,11.03,9.68,10.89,5.53
2025-12-16T10:06:56.801963,Recipe_A,455da03b-a6a4-4f92-a874-dc44e968f89c,11,5.0,,,,12.91,11.83,10.58,12.7,6.75,9.51
2025-12-16T10:06:57.801963,Recipe_A,455da03b-a6a4-4f92-a874-dc44e968f89c,11,5.0,,,,8.6,10.46,10.13,10.83,9.38,12.87
2025-12-16T10:06:58.801963,Recipe_A,455da03b-a6a4-4f92-a874-dc44e968f89c,11,5.0,,,,10.07,11.5,8.1,8.71,8.66,7.88
2025-12-16T10:06:59.801963,Recipe_A,455da03b-a6a4-4f92-a874-dc44e968f89c,11,5.0,,,,5.83,14.41,10.98,11.31,11.84,8.46
2025-12-16T10:07:00.801963,Recipe_A,455da03b-a6a4-4f92-a874-dc44e968f89c,11,5.0,,,,9.65,9.54,8.34,10.64,11.9,7.75
2025-12-16T10:07:01.801963,Recipe_A,455da03b-a6a4-4f92-a874-dc44e968f89c,11,5.0,,,,11.2,15.3,10.69,6.6,11.4,7.36
2025-12-16T10:07:02.801963,Recipe_A,455da03b-a6a4-4f92-a874-dc44e968f89c,11,5.0,,,,8.87,8.32,10.77,8.2,10.25,9.1
2025-12-16T10:07:03.801963,Recipe_A,455da03b-a6a4-4f92-a874-dc44e968f89c,11,5.0,,,,7.78,10.63,11.14,11.88,5.13,11.27
2025-12-16T10:07:04.801963,Recipe_A,455da03b-a6a4-4f92-a874-dc44e968f89c,11,1.0,,,,13.6,11.89,9.34,9.36,12.37,9.01
2025-12-16T10:07:05.801963,Recipe_A,455da03b-a6a4-4f92-a874-dc44e968f89c,11,1.0,,,,9.68,11.33,14.24,14.13,14.06,10.88
2025-12-16T10:07:06.801963,Recipe_A,455da03b-a6a4-4f92-a874-dc44e968f89c,11,1.0,,,,16.67,13.31,9.14,9.17,10.62,10.19
2025-12-16T10:07:07.801963,Recipe_A,455da03b-a6a4-4f92-a874-dc44e968f89c,11,1.0,,,,11.91,12.22,11.3,8.8,12.87,9.61
2025-12-16T10:07:08.801963,Recipe_A,455da03b-a6a4-4f92-a874-dc44e968f89c,11,1.0,,,,8.1,7.36,10.23,6.88,13.1,10.6
2025-12-16T10:07:09.801963,Recipe_A,455da03b-a6a4-4f92-a874-dc44e968f89c,11,1.0,,,,7.16,5.33,9.31,12.4,12.36,7.7
2025-12-16T10:07:10.801963,Recipe_A,455da03b-a6a4-4f92-a874-dc44e968f89c,11,1.0,,,,10.01,8.88,8.43,7.53,12.01,8.61
2025-12-16T10:07:11.801963,Recipe_A,455da03b-a6a4-4f92-a874-dc44e968f89c,11,1.0,,,,7.05,11.42,10.29,11.86,9.37,8.59
2025-12-16T10:07:12.801963,Recipe_A,455da03b-a6a4-4f92-a874-dc44e968f89c,11,1.0,,,,11.11,8.07,9.49,8.91,7.96,8.82
2025-12-16T10:07:13.801963,Recipe_A,455da03b-a6a4-4f92-a874-dc44e968f89c,11,1.0,,,,15.13,8.83,7.08,7.41,10.17,7.53
2025-12-16T10:07:14.801963,Recipe_A,455da03b-a6a4-4f92-a874-dc44e968f89c,11,1.0,,,,8.77,10.67,9.84,6.25,9.07,11.51
2025-12-16T10:07:15.801963,Recipe_A,455da03b-a6a4-4f92-a874-dc44e968f89c,11,1.0,,,,11.25,12.26,9.67,11.01,8.79,8.5
2025-12-16T10:07:16.801963,Recipe_A,455da03b-a6a4-4f92-a874-dc44e968f89c,11,1.0,,,,9.43,12.14,10.6,12.62,9.86,11.1
2025-12-16T10:07:17.801963,Recipe_A,455da03b-a6a4-4f92-a874-dc44e968f89c,11,1.0,,,,11.38,7.24,8.85,12.69,8.67,10.05
2025-12-16T10:07:18.801963,Recipe_A,455da03b-a6a4-4f92-a874-dc44e968f89c,11,1.0,,,,8.88,8.32,8.87,6.6,9.45,8.24
2025-12-16T10:07:19.801963,Recipe_A,455da03b-a6a4-4f92-a874-dc44e968f89c,11,1.0,,,,9.6,7.57,13.67,10.71,11.1,9.34
2025-12-16T10:07:20.801963,Recipe_A,455da03b-a6a4-4f92-a874-dc44e968f89c,11,1.0,,,,10.41,9.5,7.97,7.58,10.09,9.96
2025-12-16T10:07:21.801963,Recipe_A,455da03b-a6a4-4f92-a874-dc44e968f89c,11,1.0,,,,9.52,8.76,9.58,8.1,9.33,11.98
2025-12-16T10:07:22.801963,Recipe_A,455da03b-a6a4-4f92-a874-dc44e968f89c,11,1.0,,,,12.29,11.35,9.59,8.96,8.74,13.82
2025-12-16T10:07:23.801963,Recipe_A,455da03b-a6a4-4f92-a874-dc44e968f89c,11,1.0,,,,10.79,10.43,10.0,9.99,10.19,4.56
2025-12-16T10:07:24.801963,Recipe_A,455da03b-a6a4-4f92-a874-dc44e968f89c,11,1.0,,,,12.14,12.66,12.48,9.68,11.74,10.15
2025-12-16T10:07:25.801963,Recipe_A,455da03b-a6a4-4f92-a874-dc44e968f89c,11,1.0,,,,13.33,8.75,10.57,7.58,11.41,8.13
2025-12-16T10:07:26.801963,Recipe_A,455da03b-a6a4-4f92-a874-dc44e968f89c,11,1.0,,,,8.88,6.75,13.57,8.27,9.91,8.3
2025-12-16T10:07:27.801963,Recipe_A,455da03b-a6a4-4f92-a874-dc44e968f89c,11,1.0,,,,7.98,8.17,10.62,9.74,10.91,8.49
2025-12-16T10:07:28.801963,Recipe_A,455da03b-a6a4-4f92-a874-dc44e968f89c,11,1.0,,,,11.71,11.13,8.49,12.36,10.2,9.13
2025-12-16T10:07:29.801963,Recipe_A,455da03b-a6a4-4f92-a874-dc44e968f89c,11,1.0,,,,8.82,12.4,11.07,6.88,12.98,8.73
2025-12-16T10:07:30.801963,Recipe_A,455da03b-a6a4-4f92-a874-dc44e968f89c,11,3.0,,,,12.8,9.55,9.34,6.63,15.15,7.09
2025-12-16T10:07:31.801963,Recipe_A,455da03b-a6a4-4f92-a874-dc44e968f89c,11,3.0,,,,10.74,5.86,10.65,10.73,8.99,12.28
2025-12-16T10:07:32.801963,Recipe_A,455da03b-a6a4-4f92-a874-dc44e968f89c,11,3.0,,,,10.3,10.18,10.35,12.68,10.04,12.08
2025-12-16T10:07:33.801963,Recipe_A,455da03b-a6a4-4f92-a874-dc44e968f89c,11,4.0,,,,92.97,44.34,53.83,49.82,51.0,49.65
2025-12-16T10:07:34.801963,Recipe_A,455da03b-a6a4-4f92-a874-dc44e968f89c,11,4.0,,,,100.05,45.83,52.81,42.77,49.56,53.8
2025-12-16T10:07:35.801963,Recipe_A,455da03b-a6a4-4f92-a874-dc44e968f89c,11,4.0,,,,98.99,52.06,50.5,48.81,53.03,47.38
2025-12-16T10:07:36.801963,Recipe_A,455da03b-a6a4-4f92-a874-dc44e968f89c,11,5.0,,,,12.13,13.11,7.11,6.75,7.89,7.19
2025-12-16T10:07:37.801963,Recipe_A,455da03b-a6a4-4f92-a874-dc44e968f89c,11,5.0,,,,11.17,8.9,9.91,9.92,8.3,8.97
2025-12-16T10:07:38.801963,Recipe_A,455da03b-a6a4-4f92-a874-dc44e968f89c,11,5.0,,,,8.14,9.63,7.36,10.9,6.77,7.8
2025-12-16T10:07:39.801963,Recipe_A,455da03b-a6a4-4f92-a874-dc44e968f89c,11,5.0,,,,10.64,10.1,9.83,12.74,11.12,11.26
2025-12-16T10:07:40.801963,Recipe_A,455da03b-a6a4-4f92-a874-dc44e968f89c,11,5.0,,,,13.84,10.13,10.4,4.75,12.4,9.08
2025-12-16T10:07:41.801963,Recipe_A,455da03b-a6a4-4f92-a874-dc44e968f89c,11,5.0,,,,9.69,8.47,13.71,9.75,7.6,11.2
2025-12-16T10:07:42.801963,Recipe_A,455da03b-a6a4-4f92-a874-dc44e968f89c,11,5.0,,,,10.14,11.32,12.31,11.28,9.01,10.72
2025-12-16T10:07:43.801963,Recipe_A,455da03b-a6a4-4f92-a874-dc44e968f89c,11,5.0,,,,13.06,10.69,10.3,5.76,9.42,8.59
2025-12-16T10:07:44.801963,Recipe_A,455da03b-a6a4-4f92-a874-dc44e968f89c,11,5.0,,,,10.68,9.82,9.14,10.9,10.45,4.8
2025-12-16T10:07:45.801963,Recipe_A,455da03b-a6a4-4f92-a874-dc44e968f89c,11,5.0,,,,9.15,11.31,8.55,9.71,6.83,14.81
2025-12-16T10:07:46.801963,Recipe_A,455da03b-a6a4-4f92-a874-dc44e968f89c,11,5.0,,,,10.51,8.54,13.87,10.89,12.05,8.4
2025-12-16T10:07:47.801963,Recipe_A,455da03b-a6a4-4f92-a874-dc44e968f89c,11,5.0,,,,7.67,11.09,12.48,9.08,11.0,11.29
2025-12-16T10:07:48.801963,Recipe_A,455da03b-a6a4-4f92-a874-dc44e968f89c,11,5.0,,,,12.35,14.18,9.42,11.89,10.82,9.04
2025-12-16T10:07:49.801963,Recipe_A,455da03b-a6a4-4f92-a874-dc44e968f89c,11,5.0,,,,11.74,10.25,6.24,7.36,9.01,9.75
2025-12-16T10:07:50.801963,Recipe_A,455da03b-a6a4-4f92-a874-dc44e968f89c,11,5.0,,,,6.5,6.61,9.74,8.95,10.89,11.43
2025-12-16T10:07:51.801963,Recipe_A,455da03b-a6a4-4f92-a874-dc44e968f89c,11,5.0,,,,10.89,6.42,10.43,9.99,8.92,3.48
2025-12-16T10:07:52.801963,Recipe_A,455da03b-a6a4-4f92-a874-dc44e968f89c,11,5.0,,,,8.3,10.45,9.89,6.9,10.73,8.04
2025-12-16T10:07:53.801963,Recipe_A,455da03b-a6a4-4f92-a874-dc44e968f89c,11,5.0,,,,10.15,10.0,12.53,7.53,14.33,10.02
2025-12-16T10:07:54.801963,Recipe_A,455da03b-a6a4-4f92-a874-dc44e968f89c,11,5.0,,,,8.0,10.22,8.34,9.14,12.46,9.55
2025-12-16T10:07:55.801963,Recipe_A,455da03b-a6a4-4f92-a874-dc44e968f89c,11,5.0,,,,11.02,10.34,9.67,12.14,11.44,7.15
2025-12-16T10:07:56.801963,Recipe_A,455da03b-a6a4-4f92-a874-dc44e968f89c,11,5.0,,,,11.03,11.23,10.44,8.04,10.98,7.99
2025-12-16T10:07:57.801963,Recipe_A,455da03b-a6a4-4f92-a874-dc44e968f89c,11,5.0,,,,6.52,8.13,12.04,13.61,13.68,10.66
2025-12-16T10:07:58.801963,Recipe_A,455da03b-a6a4-4f92-a874-dc44e968f89c,11,5.0,,,,10.75,10.51,9.86,8.28,6.53,13.6
2025-12-16T10:07:59.801963,Recipe_A,455da03b-a6a4-4f92-a874-dc44e968f89c,11,5.0,,,,12.85,10.78,9.51,14.02,10.56,11.87
2025-12-16T10:08:00.801963,Recipe_A,455da03b-a6a4-4f92-a874-dc44e968f89c,11,5.0,,,,13.93,5.0,11.54,9.71,12.32,11.7
2025-12-16T10:08:01.801963,Recipe_A,455da03b-a6a4-4f92-a874-dc44e968f89c,11,5.0,,,,5.84,11.82,11.47,10.47,9.66,10.14
2025-12-16T10:08:02.801963,Recipe_A,455da03b-a6a4-4f92-a874-dc44e968f89c,11,5.0,,,,12.19,12.22,11.29,12.19,11.08,7.13
2025-12-16T10:08:03.801963,Recipe_A,455da03b-a6a4-4f92-a874-dc44e968f89c,11,5.0,,,,9.09,7.8,11.01,13.45,10.26,9.87
2025-12-16T10:08:04.801963,Recipe_A,455da03b-a6a4-4f92-a874-dc44e968f89c,11,5.0,,,,9.09,10.47,10.02,11.36,9.3,10.89
2025-12-16T10:08:05.801963,Recipe_A,455da03b-a6a4-4f92-a874-dc44e968f89c,11,5.0,,,,9.01,9.91,13.66,7.88,6.48,8.26
2025-12-16T10:08:06.801963,Recipe_A,455da03b-a6a4-4f92-a874-dc44e968f89c,11,5.0,,,,11.51,8.33,6.14,7.3,10.29,12.06
2025-12-16T10:08:07.801963,Recipe_A,455da03b-a6a4-4f92-a874-dc44e968f89c,11,5.0,,,,12.08,12.04,10.47,6.61,10.39,11.26
2025-12-16T10:08:08.801963,Recipe_A,455da03b-a6a4-4f92-a874-dc44e968f89c,11,5.0,,,,9.15,7.68,9.4,6.95,4.89,7.82
2025-12-16T10:08:09.801963,Recipe_A,455da03b-a6a4-4f92-a874-dc44e968f89c,11,5.0,,,,10.45,8.8,11.85,11.14,10.3,9.49
2025-12-16T10:08:10.801963,Recipe_A,455da03b-a6a4-4f92-a874-dc44e968f89c,11,5.0,,,,13.64,9.35,10.82,5.35,11.75,12.99
2025-12-16T10:08:11.801963,Recipe_A,455da03b-a6a4-4f92-a874-dc44e968f89c,11,5.0,,,,9.5,9.38,8.68,8.01,8.81,11.6
2025-12-16T10:08:12.801963,Recipe_A,455da03b-a6a4-4f92-a874-dc44e968f89c,11,5.0,,,,9.79,10.74,13.03,8.48,8.75,9.2
2025-12-16T10:08:13.801963,Recipe_A,455da03b-a6a4-4f92-a874-dc44e968f89c,11,5.0,,,,9.62,9.82,6.55,10.85,11.82,11.32
2025-12-16T10:08:14.801963,Recipe_A,455da03b-a6a4-4f92-a874-dc44e968f89c,11,5.0,,,,8.63,11.37,9.92,13.06,9.6,7.28
2025-12-16T10:08:15.801963,Recipe_A,455da03b-a6a4-4f92-a874-dc44e968f89c,11,5.0,,,,10.72,9.17,9.81,9.86,11.19,11.18
2025-12-16T10:08:16.801963,Recipe_A,455da03b-a6a4-4f92-a874-dc44e968f89c,11,5.0,,,,12.53,14.47,11.75,11.52,10.72,10.65
2025-12-16T10:08:17.801963,Recipe_A,455da03b-a6a4-4f92-a874-dc44e968f89c,11,5.0,,,,12.28,8.34,11.62,9.49,10.72,7.3
2025-12-16T10:08:18.801963,Recipe_A,455da03b-a6a4-4f92-a874-dc44e968f89c,11,5.0,,,,12.24,12.0,11.5,6.56,8.63,10.67
2025-12-16T10:08:19.801963,Recipe_A,455da03b-a6a4-4f92-a874-dc44e968f89c,11,5.0,,,,10.48,9.14,11.43,11.4,10.5,11.06
2025-12-16T10:08:20.801963,Recipe_A,455da03b-a6a4-4f92-a874-dc44e968f89c,11,5.0,,,,6.68,9.32,9.68,9.96,7.32,11.81
2025-12-16T10:08:21.801963,Recipe_A,455da03b-a6a4-4f92-a874-dc44e968f89c,11,3.0,,,,7.47,9.28,11.15,6.59,10.97,10.55
2025-12-16T10:08:22.801963,Recipe_A,455da03b-a6a4-4f92-a874-dc44e968f89c,11,3.0,,,,10.2,8.19,7.33,7.76,11.76,9.32
2025-12-16T10:08:23.801963,Recipe_A,455da03b-a6a4-4f92-a874-dc44e968f89c,11,3.0,,,,9.07,11.61,8.01,7.77,9.81,9.72
2025-12-16T10:08:24.801963,Recipe_A,455da03b-a6a4-4f92-a874-dc44e968f89c,11,3.0,,,,7.35,9.11,11.14,10.2,11.42,10.33
2025-12-16T10:08:25.801963,Recipe_A,455da03b-a6a4-4f92-a874-dc44e968f89c,11,3.0,,,,9.64,9.9,11.07,9.21,9.96,11.18
2025-12-16T10:08:26.801963,Recipe_A,455da03b-a6a4-4f92-a874-dc44e968f89c,11,3.0,,,,5.96,10.31,7.66,8.54,11.72,10.21
2025-12-16T10:08:27.801963,Recipe_A,455da03b-a6a4-4f92-a874-dc44e968f89c,11,3.0,,,,12.93,9.06,11.64,12.61,9.83,10.07
2025-12-16T10:08:28.801963,Recipe_A,455da03b-a6a4-4f92-a874-dc44e968f89c,11,3.0,,,,8.8,12.27,8.72,6.54,7.06,11.06
2025-12-16T10:08:29.801963,Recipe_A,455da03b-a6a4-4f92-a874-dc44e968f89c,11,3.0,,,,12.68,10.09,6.67,11.33,7.22,5.38
2025-12-16T10:08:30.801963,Recipe_A,455da03b-a6a4-4f92-a874-dc44e968f89c,11,3.0,,,,12.2,10.0,10.45,8.19,11.62,10.07
2025-12-16T10:08:31.801963,Recipe_A,455da03b-a6a4-4f92-a874-dc44e968f89c,11,3.0,,,,6.51,9.38,8.46,12.0,11.55,9.9
2025-12-16T10:08:32.801963,Recipe_A,455da03b-a6a4-4f92-a874-dc44e968f89c,11,3.0,,,,8.74,8.32,10.12,11.67,9.62,10.21
2025-12-16T10:08:33.801963,Recipe_A,455da03b-a6a4-4f92-a874-dc44e968f89c,11,3.0,,,,11.43,10.96,12.48,12.05,8.28,10.07
2025-12-16T10:08:34.801963,Recipe_A,455da03b-a6a4-4f92-a874-dc44e968f89c,11,3.0,,,,11.95,13.43,13.43,9.88,10.05,9.79
2025-12-16T10:08:35.801963,Recipe_A,455da03b-a6a4-4f92-a874-dc44e968f89c,11,3.0,,,,8.03,6.79,9.13,11.23,10.46,10.64
2025-12-16T10:08:36.801963,Recipe_A,455da03b-a6a4-4f92-a874-dc44e968f89c,11,3.0,,,,11.47,10.15,8.19,8.26,11.0,8.47
2025-12-16T10:08:37.801963,Recipe_A,455da03b-a6a4-4f92-a874-dc44e968f89c,11,3.0,,,,12.65,11.88,13.01,8.69,11.38,8.21
2025-12-16T10:08:38.801963,Recipe_A,455da03b-a6a4-4f92-a874-dc44e968f89c,11,3.0,,,,7.81,12.42,10.04,9.81,9.61,13.5
2025-12-16T10:08:39.801963,Recipe_A,455da03b-a6a4-4f92-a874-dc44e968f89c,11,3.0,,,,14.16,12.92,10.65,11.52,8.93,9.51
2025-12-16T10:08:40.801963,Recipe_A,455da03b-a6a4-4f92-a874-dc44e968f89c,11,3.0,,,,9.24,11.54,14.29,5.2,9.51,12.07
2025-12-16T10:08:41.801963,Recipe_A,455da03b-a6a4-4f92-a874-dc44e968f89c,11,3.0,,,,12.67,10.22,16.13,11.24,14.31,11.77
2025-12-16T10:08:42.801963,Recipe_A,455da03b-a6a4-4f92-a874-dc44e968f89c,11,3.0,,,,12.29,12.5,8.74,6.46,9.85,11.28
2025-12-16T10:08:43.801963,Recipe_A,455da03b-a6a4-4f92-a874-dc44e968f89c,11,3.0,,,,10.74,9.05,4.61,11.78,9.77,12.76
2025-12-16T10:08:44.801963,Recipe_A,455da03b-a6a4-4f92-a874-dc44e968f89c,11,3.0,,,,14.71,11.03,9.08,13.55,11.74,9.14
2025-12-16T10:08:45.801963,Recipe_A,455da03b-a6a4-4f92-a874-dc44e968f89c,11,3.0,,,,8.59,11.99,11.56,8.84,9.9,10.78
2025-12-16T10:08:46.801963,Recipe_A,455da03b-a6a4-4f92-a874-dc44e968f89c,11,3.0,,,,8.98,11.69,12.44,6.79,11.75,10.33
2025-12-16T10:08:47.801963,Recipe_A,455da03b-a6a4-4f92-a874-dc44e968f89c,11,3.0,,,,14.54,9.2,10.64,14.51,8.49,8.37
2025-12-16T10:08:48.801963,Recipe_A,455da03b-a6a4-4f92-a874-dc44e968f89c,11,3.0,,,,7.81,7.05,9.98,9.28,10.06,8.76
2025-12-16T10:08:49.801963,Recipe_A,455da03b-a6a4-4f92-a874-dc44e968f89c,11,3.0,,,,14.17,10.16,10.83,11.43,10.11,5.42
2025-12-16T10:08:50.801963,Recipe_A,455da03b-a6a4-4f92-a874-dc44e968f89c,11,3.0,,,,10.69,11.08,8.77,8.1,8.83,9.56
2025-12-16T10:08:51.801963,Recipe_A,455da03b-a6a4-4f92-a874-dc44e968f89c,11,3.0,,,,10.72,7.23,8.98,9.68,13.21,6.68
2025-12-16T10:08:52.801963,Recipe_A,455da03b-a6a4-4f92-a874-dc44e968f89c,11,3.0,,,,8.02,9.99,11.05,11.9,9.97,8.02
2025-12-16T10:08:53.801963,Recipe_A,455da03b-a6a4-4f92-a874-dc44e968f89c,11,3.0,,,,10.71,10.71,7.56,10.44,9.7,7.84
2025-12-16T10:08:54.801963,Recipe_A,455da03b-a6a4-4f92-a874-dc44e968f89c,11,3.0,,,,11.09,9.59,9.89,9.87,8.61,8.56
2025-12-16T10:08:54.801963,Recipe_A,455da03b-a6a4-4f92-a874-dc44e968f89c,11,3.0,Warning_1,Simulated Warning occurred,Warning,,,,,,
2025-12-16T10:08:55.801963,Recipe_A,455da03b-a6a4-4f92-a874-dc44e968f89c,11,3.0,,,,9.44,9.98,11.3,12.75,13.08,12.54
2025-12-16T10:08:56.801963,Recipe_A,455da03b-a6a4-4f92-a874-dc44e968f89c,11,3.0,,,,9.96,8.61,10.56,6.15,9.81,10.81
2025-12-16T10:08:57.801963,Recipe_A,455da03b-a6a4-4f92-a874-dc44e968f89c,11,3.0,,,,9.79,10.68,10.74,8.85,7.82,12.83
2025-12-16T10:08:58.801963,Recipe_A,455da03b-a6a4-4f92-a874-dc44e968f89c,11,3.0,,,,9.93,13.58,12.57,10.94,9.71,8.99
2025-12-16T10:08:59.801963,Recipe_A,455da03b-a6a4-4f92-a874-dc44e968f89c,11,3.0,,,,9.34,11.77,9.12,9.1,13.76,9.97
2025-12-16T10:09:00.801963,Recipe_A,455da03b-a6a4-4f92-a874-dc44e968f89c,11,3.0,,,,6.99,9.18,10.15,8.82,7.12,13.28
2025-12-16T10:09:01.801963,Recipe_A,455da03b-a6a4-4f92-a874-dc44e968f89c,11,3.0,,,,8.99,10.71,9.91,8.76,12.07,9.39
2025-12-16T10:09:02.801963,Recipe_A,455da03b-a6a4-4f92-a874-dc44e968f89c,11,3.0,,,,8.18,11.37,8.19,14.92,8.45,7.02
2025-12-16T10:09:03.801963,Recipe_A,455da03b-a6a4-4f92-a874-dc44e968f89c,11,3.0,,,,8.38,10.76,12.97,14.08,9.12,13.38
2025-12-16T10:09:04.801963,Recipe_A,455da03b-a6a4-4f92-a874-dc44e968f89c,11,3.0,,,,7.92,10.26,10.42,7.94,15.05,10.96
2025-12-16T10:09:05.801963,Recipe_A,455da03b-a6a4-4f92-a874-dc44e968f89c,11,3.0,,,,12.56,10.03,7.9,8.89,12.05,8.96
2025-12-16T10:09:06.801963,Recipe_A,455da03b-a6a4-4f92-a874-dc44e968f89c,11,3.0,,,,8.92,7.83,9.02,12.55,13.33,7.28
2025-12-16T10:09:07.801963,Recipe_A,455da03b-a6a4-4f92-a874-dc44e968f89c,11,3.0,,,,11.43,7.89,11.3,7.85,8.51,10.71
2025-12-16T10:09:08.801963,Recipe_A,455da03b-a6a4-4f92-a874-dc44e968f89c,11,3.0,,,,9.25,11.89,11.48,7.42,11.12,7.6
2025-12-16T10:09:09.801963,Recipe_A,455da03b-a6a4-4f92-a874-dc44e968f89c,11,3.0,,,,9.57,9.74,13.68,9.39,12.43,12.51
2025-12-16T10:09:10.801963,Recipe_A,455da03b-a6a4-4f92-a874-dc44e968f89c,11,3.0,,,,7.71,8.76,8.57,11.04,12.92,12.22
2025-12-16T10:09:11.801963,Recipe_A,455da03b-a6a4-4f92-a874-dc44e968f89c,11,3.0,,,,10.02,8.73,11.6,13.35,8.8,9.0
2025-12-16T10:09:12.801963,Recipe_A,455da03b-a6a4-4f92-a874-dc44e968f89c,11,5.0,,,,10.36,8.65,9.45,7.31,7.45,12.21
2025-12-16T10:09:13.801963,Recipe_A,455da03b-a6a4-4f92-a874-dc44e968f89c,11,5.0,,,,9.97,10.14,8.47,8.39,10.6,9.48
2025-12-16T10:09:14.801963,Recipe_A,455da03b-a6a4-4f92-a874-dc44e968f89c,11,5.0,,,,10.63,11.77,11.78,9.78,7.9,10.11
2025-12-16T10:09:15.801963,Recipe_A,455da03b-a6a4-4f92-a874-dc44e968f89c,11,5.0,,,,7.1,9.96,10.79,9.14,10.47,8.77
2025-12-16T10:09:16.801963,Recipe_A,455da03b-a6a4-4f92-a874-dc44e968f89c,11,5.0,,,,11.5,11.14,9.96,11.59,13.3,8.81
2025-12-16T10:09:17.801963,Recipe_A,455da03b-a6a4-4f92-a874-dc44e968f89c,11,5.0,,,,9.28,9.65,12.75,5.59,10.61,12.99
2025-12-16T10:09:18.801963,Recipe_A,455da03b-a6a4-4f92-a874-dc44e968f89c,11,5.0,,,,8.36,12.47,10.42,5.97,12.96,12.82
2025-12-16T10:09:19.801963,Recipe_A,455da03b-a6a4-4f92-a874-dc44e968f89c,11,5.0,,,,9.41,7.28,10.15,8.85,8.3,12.94
2025-12-16T10:09:20.801963,Recipe_A,455da03b-a6a4-4f92-a874-dc44e968f89c,11,5.0,,,,7.33,4.82,11.01,9.46,8.42,8.79
2025-12-16T10:09:21.801963,Recipe_A,455da03b-a6a4-4f92-a874-dc44e968f89c,11,2.0,,,,9.88,10.04,9.82,12.49,10.89,8.36
2025-12-16T10:09:22.801963,Recipe_A,455da03b-a6a4-4f92-a874-dc44e968f89c,11,2.0,,,,6.89,11.61,8.17,7.95,6.7,8.52
2025-12-16T10:09:23.801963,Recipe_A,455da03b-a6a4-4f92-a874-dc44e968f89c,11,2.0,,,,9.72,7.93,10.93,7.46,12.17,11.88
2025-12-16T10:09:24.801963,Recipe_A,455da03b-a6a4-4f92-a874-dc44e968f89c,11,2.0,,,,10.26,9.14,7.97,14.38,8.76,11.03
2025-12-16T10:09:25.801963,Recipe_A,455da03b-a6a4-4f92-a874-dc44e968f89c,11,2.0,,,,10.15,8.68,10.93,8.09,10.87,9.51
2025-12-16T10:09:25.801963,Recipe_A,455da03b-a6a4-4f92-a874-dc44e968f89c,11,2.0,Warning_2,Simulated Warning occurred,Warning,,,,,,
2025-12-16T10:09:26.801963,Recipe_A,455da03b-a6a4-4f92-a874-dc44e968f89c,11,2.0,,,,10.8,10.37,8.62,6.35,12.46,7.81
2025-12-16T10:09:27.801963,Recipe_A,455da03b-a6a4-4f92-a874-dc44e968f89c,11,2.0,,,,10.1,15.18,11.89,7.14,9.74,10.43
2025-12-16T10:09:28.801963,Recipe_A,455da03b-a6a4-4f92-a874-dc44e968f89c,11,2.0,,,,10.0,11.57,15.17,8.15,5.9,10.39
2025-12-16T10:09:29.801963,Recipe_A,455da03b-a6a4-4f92-a874-dc44e968f89c,11,2.0,,,,12.51,12.14,8.82,8.83,8.2,12.27
2025-12-16T10:09:30.801963,Recipe_A,455da03b-a6a4-4f92-a874-dc44e968f89c,11,2.0,,,,11.7,8.14,13.5,10.86,9.4,10.36
2025-12-16T10:09:31.801963,Recipe_A,455da03b-a6a4-4f92-a874-dc44e968f89c,11,2.0,,,,10.36,9.23,10.68,7.94,11.6,11.84
2025-12-16T10:09:32.801963,Recipe_A,455da03b-a6a4-4f92-a874-dc44e968f89c,11,2.0,,,,10.22,10.03,11.25,12.81,9.94,12.03
2025-12-16T10:09:33.801963,Recipe_A,455da03b-a6a4-4f92-a874-dc44e968f89c,11,2.0,,,,8.09,12.41,8.7,8.88,8.96,9.95
2025-12-16T10:09:34.801963,Recipe_A,455da03b-a6a4-4f92-a874-dc44e968f89c,11,2.0,,,,11.04,8.66,12.25,11.81,9.87,9.07
2025-12-16T10:09:35.801963,Recipe_A,455da03b-a6a4-4f92-a874-dc44e968f89c,11,2.0,,,,6.86,13.87,10.2,11.53,9.65,10.5
2025-12-16T10:09:36.801963,Recipe_A,455da03b-a6a4-4f92-a874-dc44e968f89c,11,2.0,,,,11.65,13.05,10.88,9.5,12.71,10.23
2025-12-16T10:09:37.801963,Recipe_A,455da03b-a6a4-4f92-a874-dc44e968f89c,11,1.0,,,,12.18,13.73,6.93,7.53,9.07,10.21
2025-12-16T10:09:38.801963,Recipe_A,455da03b-a6a4-4f92-a874-dc44e968f89c,11,1.0,,,,4.99,10.93,8.25,9.93,9.23,12.06
2025-12-16T10:09:39.801963,Recipe_A,455da03b-a6a4-4f92-a874-dc44e968f89c,11,1.0,,,,10.74,12.01,11.04,11.36,10.55,11.13
2025-12-16T10:09:40.801963,Recipe_A,455da03b-a6a4-4f92-a874-dc44e968f89c,11,1.0,,,,9.13,8.97,9.26,9.03,9.69,8.5
2025-12-16T10:09:41.801963,Recipe_A,455da03b-a6a4-4f92-a874-dc44e968f89c,11,1.0,,,,9.94,8.56,10.93,9.73,8.97,8.98
2025-12-16T10:09:42.801963,Recipe_A,455da03b-a6a4-4f92-a874-dc44e968f89c,11,1.0,,,,8.99,13.5,8.93,11.29,7.11,8.91
2025-12-16T10:09:43.801963,Recipe_A,455da03b-a6a4-4f92-a874-dc44e968f89c,11,1.0,,,,11.88,9.87,9.16,8.6,8.22,10.7
2025-12-16T10:09:44.801963,Recipe_A,455da03b-a6a4-4f92-a874-dc44e968f89c,11,1.0,,,,8.21,10.51,15.08,7.89,11.01,11.44
2025-12-16T10:09:45.801963,Recipe_A,455da03b-a6a4-4f92-a874-dc44e968f89c,11,1.0,,,,10.6,9.72,8.99,7.41,11.4,11.16
2025-12-16T10:09:46.801963,Recipe_A,455da03b-a6a4-4f92-a874-dc44e968f89c,11,1.0,,,,11.0,10.63,9.88,8.63,12.96,11.46
2025-12-16T10:09:47.801963,Recipe_A,455da03b-a6a4-4f92-a874-dc44e968f89c,11,1.0,,,,11.09,13.35,7.63,12.68,7.01,12.01
2025-12-16T10:09:48.801963,Recipe_A,455da03b-a6a4-4f92-a874-dc44e968f89c,11,1.0,,,,7.89,6.67,9.42,13.47,10.0,10.75
2025-12-16T10:09:49.801963,Recipe_A,455da03b-a6a4-4f92-a874-dc44e968f89c,11,1.0,,,,8.37,10.57,11.7,8.7,9.4,8.59
2025-12-16T10:09:50.801963,Recipe_A,455da03b-a6a4-4f92-a874-dc44e968f89c,11,1.0,,,,8.66,12.55,10.89,9.4,9.16,9.04
2025-12-16T10:09:51.801963,Recipe_A,455da03b-a6a4-4f92-a874-dc44e968f89c,11,1.0,,,,11.22,11.99,8.64,11.6,10.33,11.23
2025-12-16T10:09:52.801963,Recipe_A,455da03b-a6a4-4f92-a874-dc44e968f89c,11,1.0,,,,9.15,11.89,10.81,8.27,8.37,4.81
2025-12-16T10:09:53.801963,Recipe_A,455da03b-a6a4-4f92-a874-dc44e968f89c,11,1.0,,,,12.85,11.64,13.33,10.95,9.66,11.4
2025-12-16T10:09:54.801963,Recipe_A,455da03b-a6a4-4f92-a874-dc44e968f89c,11,1.0,,,,10.24,9.63,7.21,13.26,10.95,10.78
2025-12-16T10:09:55.801963,Recipe_A,455da03b-a6a4-4f92-a874-dc44e968f89c,11,1.0,,,,9.75,8.67,15.28,6.38,13.58,8.62
2025-12-16T10:09:56.801963,Recipe_A,455da03b-a6a4-4f92-a874-dc44e968f89c,11,1.0,,,,10.02,8.52,14.58,11.46,12.38,11.5
2025-12-16T10:09:57.801963,Recipe_A,455da03b-a6a4-4f92-a874-dc44e968f89c,11,1.0,,,,7.02,7.65,7.83,9.93,7.81,11.77
2025-12-16T10:09:58.801963,Recipe_A,455da03b-a6a4-4f92-a874-dc44e968f89c,11,1.0,,,,9.68,9.9,9.71,12.87,8.17,10.08
2025-12-16T10:09:59.801963,Recipe_A,455da03b-a6a4-4f92-a874-dc44e968f89c,11,1.0,,,,9.3,10.88,9.18,11.22,11.68,16.48
2025-12-16T10:10:00.801963,Recipe_A,455da03b-a6a4-4f92-a874-dc44e968f89c,11,1.0,,,,12.79,12.41,6.34,10.17,8.93,8.7
2025-12-16T10:10:01.801963,Recipe_A,455da03b-a6a4-4f92-a874-dc44e968f89c,11,1.0,,,,10.27,8.75,8.74,8.82,10.08,12.2
2025-12-16T10:10:02.801963,Recipe_A,455da03b-a6a4-4f92-a874-dc44e968f89c,11,1.0,,,,10.02,13.1,10.5,9.38,10.87,11.53
2025-12-16T10:10:03.801963,Recipe_A,455da03b-a6a4-4f92-a874-dc44e968f89c,11,1.0,,,,7.43,12.02,13.36,9.52,12.54,11.09
2025-12-16T10:10:04.801963,Recipe_A,455da03b-a6a4-4f92-a874-dc44e968f89c,11,1.0,,,,7.61,10.85,9.16,8.83,9.92,11.86
2025-12-16T10:10:05.801963,Recipe_A,455da03b-a6a4-4f92-a874-dc44e968f89c,11,1.0,,,,15.7,10.98,11.17,8.85,8.83,10.4
2025-12-16T10:10:06.801963,Recipe_A,455da03b-a6a4-4f92-a874-dc44e968f89c,11,1.0,,,,8.36,12.07,9.33,12.65,10.07,10.0
2025-12-16T10:10:07.801963,Recipe_A,455da03b-a6a4-4f92-a874-dc44e968f89c,11,1.0,,,,12.48,9.44,9.05,9.09,10.15,10.54
2025-12-16T10:10:08.801963,Recipe_A,455da03b-a6a4-4f92-a874-dc44e968f89c,11,1.0,,,,11.26,10.65,11.12,11.09,10.43,9.79
2025-12-16T10:10:09.801963,Recipe_A,455da03b-a6a4-4f92-a874-dc44e968f89c,11,1.0,,,,8.67,11.39,7.64,9.47,9.4,11.61
2025-12-16T10:10:10.801963,Recipe_A,455da03b-a6a4-4f92-a874-dc44e968f89c,11,1.0,,,,10.55,10.89,8.57,11.32,7.9,11.76
2025-12-16T10:10:11.801963,Recipe_A,455da03b-a6a4-4f92-a874-dc44e968f89c,11,1.0,,,,10.28,8.85,9.37,9.98,6.66,8.38
2025-12-16T10:10:12.801963,Recipe_A,455da03b-a6a4-4f92-a874-dc44e968f89c,11,1.0,,,,11.08,10.23,11.2,12.76,8.96,10.13
2025-12-16T10:10:13.801963,Recipe_A,455da03b-a6a4-4f92-a874-dc44e968f89c,11,1.0,,,,10.36,6.99,10.02,8.9,9.03,10.52
2025-12-16T10:10:14.801963,Recipe_A,455da03b-a6a4-4f92-a874-dc44e968f89c,11,1.0,,,,9.17,8.3,9.46,8.92,6.89,13.61
2025-12-16T10:10:15.801963,Recipe_A,455da03b-a6a4-4f92-a874-dc44e968f89c,11,1.0,,,,6.87,10.58,9.7,10.17,8.96,9.85
2025-12-16T10:10:16.801963,Recipe_A,455da03b-a6a4-4f92-a874-dc44e968f89c,11,1.0,,,,6.52,11.25,6.51,10.83,8.15,10.3
2025-12-16T10:10:17.801963,Recipe_A,455da03b-a6a4-4f92-a874-dc44e968f89c,11,1.0,,,,7.27,8.21,12.77,7.39,11.01,6.95
2025-12-16T10:10:18.801963,Recipe_A,455da03b-a6a4-4f92-a874-dc44e968f89c,11,1.0,,,,10.07,10.17,12.95,10.02,10.04,9.45
2025-12-16T10:10:19.801963,Recipe_A,455da03b-a6a4-4f92-a874-dc44e968f89c,11,1.0,,,,9.69,10.15,13.27,9.1,9.92,9.67
2025-12-16T10:10:20.801963,Recipe_A,455da03b-a6a4-4f92-a874-dc44e968f89c,11,1.0,,,,9.66,9.34,11.15,9.14,9.81,9.42
2025-12-16T10:10:21.801963,Recipe_A,455da03b-a6a4-4f92-a874-dc44e968f89c,11,1.0,,,,7.96,8.55,10.94,10.07,10.2,12.24
2025-12-16T10:10:22.801963,Recipe_A,455da03b-a6a4-4f92-a874-dc44e968f89c,11,1.0,,,,9.43,6.63,9.02,11.76,8.22,12.73
2025-12-16T10:10:23.801963,Recipe_A,455da03b-a6a4-4f92-a874-dc44e968f89c,11,1.0,,,,11.16,9.82,11.97,10.17,12.18,11.15
2025-12-16T10:10:24.801963,Recipe_A,455da03b-a6a4-4f92-a874-dc44e968f89c,11,1.0,,,,5.76,9.05,12.22,8.89,9.01,15.35
2025-12-16T10:10:25.801963,Recipe_A,455da03b-a6a4-4f92-a874-dc44e968f89c,11,1.0,,,,11.15,12.07,11.24,7.06,9.45,7.71
2025-12-16T10:10:26.801963,Recipe_A,455da03b-a6a4-4f92-a874-dc44e968f89c,11,1.0,,,,6.49,7.34,9.21,10.31,12.46,6.46
2025-12-16T10:10:27.801963,Recipe_A,455da03b-a6a4-4f92-a874-dc44e968f89c,11,1.0,,,,9.32,11.74,8.92,9.55,10.64,7.9
2025-12-16T10:10:28.801963,Recipe_A,455da03b-a6a4-4f92-a874-dc44e968f89c,11,1.0,,,,6.63,11.8,10.21,6.62,11.9,8.93
2025-12-16T10:10:29.801963,Recipe_A,455da03b-a6a4-4f92-a874-dc44e968f89c,11,4.0,,,,98.48,54.48,49.76,47.21,45.05,51.93
2025-12-16T10:10:30.801963,Recipe_A,455da03b-a6a4-4f92-a874-dc44e968f89c,11,4.0,,,,105.96,57.52,49.27,52.15,43.81,56.92
2025-12-16T10:10:31.801963,Recipe_A,455da03b-a6a4-4f92-a874-dc44e968f89c,11,4.0,,,,92.69,46.02,49.87,51.75,47.49,50.31
2025-12-16T10:10:32.801963,Recipe_A,455da03b-a6a4-4f92-a874-dc44e968f89c,11,4.0,,,,100.12,50.81,36.4,51.13,52.66,49.07
2025-12-16T10:10:33.801963,Recipe_A,455da03b-a6a4-4f92-a874-dc44e968f89c,11,4.0,,,,96.65,48.78,51.92,45.67,48.79,60.38
2025-12-16T10:10:34.801963,Recipe_A,455da03b-a6a4-4f92-a874-dc44e968f89c,11,4.0,,,,99.38,55.72,53.39,44.94,58.61,55.74
2025-12-16T10:10:35.801963,Recipe_A,455da03b-a6a4-4f92-a874-dc44e968f89c,11,4.0,,,,109.12,54.53,50.09,46.82,58.56,46.34
2025-12-16T10:10:36.801963,Recipe_A,455da03b-a6a4-4f92-a874-dc44e968f89c,11,4.0,,,,101.86,52.37,51.91,49.21,48.35,49.09
2025-12-16T10:10:37.801963,Recipe_A,455da03b-a6a4-4f92-a874-dc44e968f89c,11,1.0,,,,11.6,8.78,9.24,9.75,9.02,11.44
2025-12-16T10:10:38.801963,Recipe_A,455da03b-a6a4-4f92-a874-dc44e968f89c,11,1.0,,,,7.74,8.44,6.92,9.91,10.45,8.48
2025-12-16T10:10:39.801963,Recipe_A,455da03b-a6a4-4f92-a874-dc44e968f89c,11,1.0,,,,8.48,13.21,7.68,9.38,8.18,11.01
2025-12-16T10:10:39.801963,Recipe_A,455da03b-a6a4-4f92-a874-dc44e968f89c,11,1.0,Error_6,Simulated Error occurred,Error,,,,,,
2025-12-16T10:10:40.801963,Recipe_A,455da03b-a6a4-4f92-a874-dc44e968f89c,11,1.0,,,,8.57,10.06,9.24,8.17,12.33,8.83
2025-12-16T10:10:41.801963,Recipe_A,455da03b-a6a4-4f92-a874-dc44e968f89c,11,1.0,,,,9.36,10.11,11.41,9.74,8.32,8.69
2025-12-16T10:10:42.801963,Recipe_A,455da03b-a6a4-4f92-a874-dc44e968f89c,11,1.0,,,,13.2,8.64,11.7,12.63,10.79,10.22
2025-12-16T10:10:43.801963,Recipe_A,455da03b-a6a4-4f92-a874-dc44e968f89c,11,1.0,,,,12.94,10.25,9.96,9.32,11.2,12.27
2025-12-16T10:10:44.801963,Recipe_A,455da03b-a6a4-4f92-a874-dc44e968f89c,11,1.0,,,,11.6,10.43,8.77,10.35,9.84,8.57
2025-12-16T10:10:45.801963,Recipe_A,455da03b-a6a4-4f92-a874-dc44e968f89c,11,1.0,,,,13.0,12.34,10.15,11.49,10.63,7.55
2025-12-16T10:10:46.801963,Recipe_A,455da03b-a6a4-4f92-a874-dc44e968f89c,11,3.0,,,,11.84,11.02,10.57,10.1,9.57,5.24
2025-12-16T10:10:47.801963,Recipe_A,455da03b-a6a4-4f92-a874-dc44e968f89c,11,3.0,,,,10.99,5.25,7.21,12.75,12.39,7.9
2025-12-16T10:10:48.801963,Recipe_A,455da03b-a6a4-4f92-a874-dc44e968f89c,11,3.0,,,,11.29,7.38,10.31,9.67,13.68,10.25
2025-12-16T10:10:49.801963,Recipe_A,455da03b-a6a4-4f92-a874-dc44e968f89c,11,3.0,,,,10.4,8.74,10.31,14.16,8.87,11.91
2025-12-16T10:10:50.801963,Recipe_A,455da03b-a6a4-4f92-a874-dc44e968f89c,11,3.0,,,,9.06,10.33,8.99,9.95,13.19,14.09
2025-12-16T10:10:51.801963,Recipe_A,455da03b-a6a4-4f92-a874-dc44e968f89c,11,3.0,,,,7.97,7.65,10.85,14.01,10.36,8.71
2025-12-16T10:10:52.801963,Recipe_A,455da03b-a6a4-4f92-a874-dc44e968f89c,11,3.0,,,,13.02,11.5,10.06,9.27,6.51,9.33
2025-12-16T10:10:53.801963,Recipe_A,455da03b-a6a4-4f92-a874-dc44e968f89c,11,3.0,,,,9.54,8.41,10.4,10.57,9.9,14.02
2025-12-16T10:10:54.801963,Recipe_A,455da03b-a6a4-4f92-a874-dc44e968f89c,11,3.0,,,,6.51,4.12,13.57,9.76,7.81,11.31
2025-12-16T10:10:55.801963,Recipe_A,455da03b-a6a4-4f92-a874-dc44e968f89c,11,3.0,,,,12.32,11.4,9.53,11.89,9.59,7.29
2025-12-16T10:10:56.801963,Recipe_A,455da03b-a6a4-4f92-a874-dc44e968f89c,11,3.0,,,,6.92,6.93,10.67,7.27,12.29,6.29
2025-12-16T10:10:57.801963,Recipe_A,455da03b-a6a4-4f92-a874-dc44e968f89c,11,3.0,,,,9.38,8.54,10.63,11.11,11.14,10.16
2025-12-16T10:10:58.801963,Recipe_A,455da03b-a6a4-4f92-a874-dc44e968f89c,11,3.0,,,,10.76,8.32,10.54,12.8,5.65,7.1
2025-12-16T10:10:59.801963,Recipe_A,455da03b-a6a4-4f92-a874-dc44e968f89c,11,3.0,,,,9.51,7.36,12.44,5.77,10.79,11.55
2025-12-16T10:11:00.801963,Recipe_A,455da03b-a6a4-4f92-a874-dc44e968f89c,11,3.0,,,,7.32,6.95,12.4,9.5,10.49,13.48
2025-12-16T10:11:01.801963,Recipe_A,455da03b-a6a4-4f92-a874-dc44e968f89c,11,3.0,,,,10.45,9.63,10.54,6.15,11.75,10.12
2025-12-16T10:11:02.801963,Recipe_A,455da03b-a6a4-4f92-a874-dc44e968f89c,11,3.0,,,,8.66,10.45,12.98,11.51,10.84,9.76
2025-12-16T10:11:03.801963,Recipe_A,455da03b-a6a4-4f92-a874-dc44e968f89c,11,3.0,,,,12.14,10.75,11.08,7.81,10.62,9.6
2025-12-16T10:11:04.801963,Recipe_A,455da03b-a6a4-4f92-a874-dc44e968f89c,11,3.0,,,,11.72,8.54,8.98,8.13,6.73,12.34
2025-12-16T10:11:05.801963,Recipe_A,455da03b-a6a4-4f92-a874-dc44e968f89c,11,1.0,,,,12.23,13.03,8.38,10.84,9.1,12.02
2025-12-16T10:11:06.801963,Recipe_A,455da03b-a6a4-4f92-a874-dc44e968f89c,11,1.0,,,,8.23,8.65,8.29,9.61,10.23,12.3
2025-12-16T10:11:07.801963,Recipe_A,455da03b-a6a4-4f92-a874-dc44e968f89c,11,1.0,,,,10.36,8.35,6.26,10.09,5.72,10.04
2025-12-16T10:11:08.801963,Recipe_A,455da03b-a6a4-4f92-a874-dc44e968f89c,11,1.0,,,,8.58,11.13,10.46,8.48,9.58,9.18
2025-12-16T10:11:09.801963,Recipe_A,455da03b-a6a4-4f92-a874-dc44e968f89c,11,1.0,,,,13.44,11.24,9.73,8.62,10.52,6.76
2025-12-16T10:11:10.801963,Recipe_A,455da03b-a6a4-4f92-a874-dc44e968f89c,11,1.0,,,,9.74,7.62,9.74,10.04,11.65,9.39
2025-12-16T10:11:11.801963,Recipe_A,455da03b-a6a4-4f92-a874-dc44e968f89c,11,1.0,,,,6.86,10.42,10.26,12.07,9.84,10.79
2025-12-16T10:11:12.801963,Recipe_A,455da03b-a6a4-4f92-a874-dc44e968f89c,11,1.0,,,,9.02,7.23,11.83,12.09,9.17,15.79
2025-12-16T10:11:13.801963,Recipe_A,455da03b-a6a4-4f92-a874-dc44e968f89c,11,1.0,,,,9.49,7.46,7.39,10.8,10.02,10.75
2025-12-16T10:11:14.801963,Recipe_A,455da03b-a6a4-4f92-a874-dc44e968f89c,11,1.0,,,,10.9,11.19,10.77,8.24,9.32,11.09
2025-12-16T10:11:15.801963,Recipe_A,455da03b-a6a4-4f92-a874-dc44e968f89c,11,1.0,,,,8.34,10.1,10.21,13.51,8.15,7.27
2025-12-16T10:11:16.801963,Recipe_A,455da03b-a6a4-4f92-a874-dc44e968f89c,11,1.0,,,,10.6,8.47,11.83,11.57,8.55,9.17
2025-12-16T10:11:17.801963,Recipe_A,455da03b-a6a4-4f92-a874-dc44e968f89c,11,1.0,,,,10.06,7.18,8.21,10.88,11.99,9.29
2025-12-16T10:11:18.801963,Recipe_A,455da03b-a6a4-4f92-a874-dc44e968f89c,11,1.0,,,,11.93,7.39,8.9,7.54,11.55,14.26
2025-12-16T10:11:19.801963,Recipe_A,455da03b-a6a4-4f92-a874-dc44e968f89c,11,1.0,,,,10.01,7.51,10.93,12.41,8.02,9.14
2025-12-16T10:11:20.801963,Recipe_A,455da03b-a6a4-4f92-a874-dc44e968f89c,11,1.0,,,,11.46,5.73,10.61,12.1,9.28,8.54
2025-12-16T10:11:21.801963,Recipe_A,455da03b-a6a4-4f92-a874-dc44e968f89c,11,1.0,,,,11.03,13.78,8.95,9.8,11.49,8.7
2025-12-16T10:11:22.801963,Recipe_A,455da03b-a6a4-4f92-a874-dc44e968f89c,11,1.0,,,,10.2,9.35,8.28,10.17,9.41,11.15
2025-12-16T10:11:23.801963,Recipe_A,455da03b-a6a4-4f92-a874-dc44e968f89c,11,1.0,,,,9.44,11.2,10.68,12.47,11.52,9.03
2025-12-16T10:11:24.801963,Recipe_A,455da03b-a6a4-4f92-a874-dc44e968f89c,11,1.0,,,,9.31,11.62,10.87,12.51,9.8,9.3
2025-12-16T10:11:25.801963,Recipe_A,455da03b-a6a4-4f92-a874-dc44e968f89c,11,1.0,,,,7.87,9.3,11.92,11.98,11.63,9.74
2025-12-16T10:11:26.801963,Recipe_A,455da03b-a6a4-4f92-a874-dc44e968f89c,11,1.0,,,,11.36,11.34,10.91,7.22,9.19,12.44
2025-12-16T10:11:27.801963,Recipe_A,455da03b-a6a4-4f92-a874-dc44e968f89c,11,1.0,,,,10.76,11.01,10.12,8.56,9.18,10.07
2025-12-16T10:11:28.801963,Recipe_A,455da03b-a6a4-4f92-a874-dc44e968f89c,11,1.0,,,,11.22,12.44,10.39,8.53,10.64,7.62
2025-12-16T10:11:29.801963,Recipe_A,455da03b-a6a4-4f92-a874-dc44e968f89c,11,1.0,,,,7.39,11.14,12.1,10.37,12.22,15.24
2025-12-16T10:11:30.801963,Recipe_A,455da03b-a6a4-4f92-a874-dc44e968f89c,11,1.0,,,,16.79,11.69,11.59,10.63,12.61,10.22
2025-12-16T10:11:31.801963,Recipe_A,455da03b-a6a4-4f92-a874-dc44e968f89c,11,1.0,,,,7.0,8.39,9.8,9.19,7.58,8.78
2025-12-16T10:11:32.801963,Recipe_A,455da03b-a6a4-4f92-a874-dc44e968f89c,11,1.0,,,,10.92,11.97,9.62,7.25,11.98,10.61
2025-12-16T10:11:33.801963,Recipe_A,455da03b-a6a4-4f92-a874-dc44e968f89c,11,1.0,,,,10.28,16.23,9.38,9.11,8.13,8.36
2025-12-16T10:11:34.801963,Recipe_A,455da03b-a6a4-4f92-a874-dc44e968f89c,11,1.0,,,,8.33,8.41,7.32,8.56,6.01,6.72
2025-12-16T10:11:35.801963,Recipe_A,455da03b-a6a4-4f92-a874-dc44e968f89c,11,1.0,,,,9.87,7.01,11.52,8.87,11.27,8.93
2025-12-16T10:11:36.801963,Recipe_A,455da03b-a6a4-4f92-a874-dc44e968f89c,11,1.0,,,,10.86,12.18,10.14,8.65,7.85,11.48
2025-12-16T10:11:37.801963,Recipe_A,455da03b-a6a4-4f92-a874-dc44e968f89c,11,1.0,,,,8.62,12.56,11.88,11.51,8.85,10.28
2025-12-16T10:11:38.801963,Recipe_A,455da03b-a6a4-4f92-a874-dc44e968f89c,11,1.0,,,,9.32,8.78,8.7,9.74,10.31,9.11
2025-12-16T10:11:39.801963,Recipe_A,455da03b-a6a4-4f92-a874-dc44e968f89c,11,1.0,,,,7.36,12.01,11.87,11.04,10.1,8.17
2025-12-16T10:11:40.801963,Recipe_A,455da03b-a6a4-4f92-a874-dc44e968f89c,11,1.0,,,,10.44,9.98,12.48,8.27,9.67,11.99
2025-12-16T10:11:41.801963,Recipe_A,455da03b-a6a4-4f92-a874-dc44e968f89c,11,1.0,,,,10.82,12.82,5.68,13.68,7.14,11.36
2025-12-16T10:11:42.801963,Recipe_A,455da03b-a6a4-4f92-a874-dc44e968f89c,11,1.0,,,,7.64,10.74,9.17,8.81,9.14,9.61
2025-12-16T10:11:43.801963,Recipe_A,455da03b-a6a4-4f92-a874-dc44e968f89c,11,1.0,,,,13.27,13.02,9.52,9.26,13.54,9.76
2025-12-16T10:11:44.801963,Recipe_A,455da03b-a6a4-4f92-a874-dc44e968f89c,11,1.0,,,,7.54,7.56,9.99,8.58,8.61,8.42
2025-12-16T10:11:45.801963,Recipe_A,455da03b-a6a4-4f92-a874-dc44e968f89c,11,1.0,,,,8.03,8.22,8.29,9.07,8.63,8.1
2025-12-16T10:11:46.801963,Recipe_A,455da03b-a6a4-4f92-a874-dc44e968f89c,11,1.0,,,,10.05,11.22,10.3,13.33,12.33,8.12
2025-12-16T10:11:47.801963,Recipe_A,455da03b-a6a4-4f92-a874-dc44e968f89c,11,1.0,,,,9.18,9.28,10.69,9.97,10.14,10.91
2025-12-16T10:11:48.801963,Recipe_A,455da03b-a6a4-4f92-a874-dc44e968f89c,11,1.0,,,,12.65,11.85,9.51,9.27,12.3,13.39
2025-12-16T10:11:49.801963,Recipe_A,455da03b-a6a4-4f92-a874-dc44e968f89c,11,1.0,,,,7.05,10.34,8.59,10.53,10.92,6.13
2025-12-16T10:11:50.801963,Recipe_A,455da03b-a6a4-4f92-a874-dc44e968f89c,11,1.0,,,,8.21,13.14,7.83,11.34,7.89,10.99
2025-12-16T10:11:51.801963,Recipe_A,455da03b-a6a4-4f92-a874-dc44e968f89c,11,1.0,,,,8.99,7.89,8.32,12.81,6.69,12.19
2025-12-16T10:11:52.801963,Recipe_A,455da03b-a6a4-4f92-a874-dc44e968f89c,11,1.0,,,,10.39,12.59,13.27,10.25,10.28,14.89
2025-12-16T10:11:53.801963,Recipe_A,455da03b-a6a4-4f92-a874-dc44e968f89c,11,1.0,,,,11.65,9.05,10.98,10.37,10.3,10.32
2025-12-16T10:11:54.801963,Recipe_A,455da03b-a6a4-4f92-a874-dc44e968f89c,11,1.0,,,,11.82,10.37,9.04,7.33,8.35,11.5
2025-12-16T10:11:55.801963,Recipe_A,455da03b-a6a4-4f92-a874-dc44e968f89c,11,1.0,,,,9.07,13.52,9.12,12.58,9.57,8.48
2025-12-16T10:11:56.801963,Recipe_A,455da03b-a6a4-4f92-a874-dc44e968f89c,11,1.0,,,,9.27,8.89,10.45,11.02,10.35,9.41
2025-12-16T10:11:57.801963,Recipe_A,455da03b-a6a4-4f92-a874-dc44e968f89c,11,1.0,,,,12.08,9.93,10.56,12.48,8.25,8.11
2025-12-16T10:11:58.801963,Recipe_A,455da03b-a6a4-4f92-a874-dc44e968f89c,11,1.0,,,,7.47,12.29,9.89,10.82,9.32,13.14
2025-12-16T10:11:59.801963,Recipe_A,455da03b-a6a4-4f92-a874-dc44e968f89c,11,1.0,,,,12.7,8.5,14.48,2.72,7.9,8.95
2025-12-16T10:12:00.801963,Recipe_A,455da03b-a6a4-4f92-a874-dc44e968f89c,11,1.0,,,,11.23,8.59,8.05,7.74,9.66,9.42
2025-12-16T10:12:01.801963,Recipe_A,455da03b-a6a4-4f92-a874-dc44e968f89c,11,1.0,,,,10.19,12.9,10.58,10.68,10.33,9.12
2025-12-16T10:12:02.801963,Recipe_A,455da03b-a6a4-4f92-a874-dc44e968f89c,11,1.0,,,,12.11,9.84,11.2,12.12,9.12,10.17
2025-12-16T10:12:03.801963,Recipe_A,455da03b-a6a4-4f92-a874-dc44e968f89c,11,1.0,,,,3.99,9.76,7.91,10.37,8.98,6.75
2025-12-16T10:12:04.801963,Recipe_A,455da03b-a6a4-4f92-a874-dc44e968f89c,11,1.0,,,,12.46,8.02,11.53,10.02,10.6,7.8
2025-12-16T10:12:05.801963,Recipe_A,455da03b-a6a4-4f92-a874-dc44e968f89c,11,1.0,,,,11.48,10.33,11.92,8.33,9.14,10.77
2025-12-16T10:12:06.801963,Recipe_A,455da03b-a6a4-4f92-a874-dc44e968f89c,11,1.0,,,,12.4,7.09,10.25,13.63,9.07,6.71
2025-12-16T10:12:07.801963,Recipe_A,455da03b-a6a4-4f92-a874-dc44e968f89c,11,1.0,,,,7.57,10.12,9.15,8.44,7.1,9.55
2025-12-16T10:12:08.801963,Recipe_A,455da03b-a6a4-4f92-a874-dc44e968f89c,11,1.0,,,,10.88,12.34,8.75,12.09,9.99,9.66
2025-12-16T10:12:09.801963,Recipe_A,455da03b-a6a4-4f92-a874-dc44e968f89c,11,1.0,,,,10.46,12.62,10.21,10.63,10.85,6.42
2025-12-16T10:12:10.801963,Recipe_A,455da03b-a6a4-4f92-a874-dc44e968f89c,11,1.0,,,,11.72,13.43,10.23,10.08,10.17,8.56
2025-12-16T10:12:11.801963,Recipe_A,455da03b-a6a4-4f92-a874-dc44e968f89c,11,1.0,,,,11.95,9.37,10.15,8.78,10.35,12.96
2025-12-16T10:12:12.801963,Recipe_A,455da03b-a6a4-4f92-a874-dc44e968f89c,11,1.0,,,,9.35,9.62,11.55,10.35,7.0,8.73
2025-12-16T10:12:13.801963,Recipe_A,455da03b-a6a4-4f92-a874-dc44e968f89c,11,1.0,,,,11.33,10.88,12.77,14.35,7.98,8.04
2025-12-16T10:12:13.801963,Recipe_A,455da03b-a6a4-4f92-a874-dc44e968f89c,11,1.0,Warning_4,Simulated Warning occurred,Warning,,,,,,
2025-12-16T10:12:14.801963,Recipe_A,455da03b-a6a4-4f92-a874-dc44e968f89c,11,1.0,,,,9.22,9.25,8.01,8.77,11.96,6.43
2025-12-16T10:12:15.801963,Recipe_A,455da03b-a6a4-4f92-a874-dc44e968f89c,11,1.0,,,,13.11,9.96,13.36,10.53,11.54,9.79
2025-12-16T10:12:16.801963,Recipe_A,455da03b-a6a4-4f92-a874-dc44e968f89c,11,1.0,,,,10.73,8.64,12.32,7.97,10.13,6.63
2025-12-16T10:12:17.801963,Recipe_A,455da03b-a6a4-4f92-a874-dc44e968f89c,11,1.0,,,,11.64,11.39,10.01,11.04,8.41,10.43
2025-12-16T10:12:18.801963,Recipe_A,455da03b-a6a4-4f92-a874-dc44e968f89c,11,0.0,,,,0.0,0.0,0.0,0.0,0.0,0.0
2025-12-16T10:12:19.801963,Recipe_A,455da03b-a6a4-4f92-a874-dc44e968f89c,11,0.0,,,,0.0,0.0,0.0,0.0,0.0,0.0
2025-12-16T10:12:20.801963,Recipe_A,455da03b-a6a4-4f92-a874-dc44e968f89c,11,0.0,,,,0.0,0.0,0.0,0.0,0.0,0.0
2025-12-16T10:12:21.801963,Recipe_A,455da03b-a6a4-4f92-a874-dc44e968f89c,11,0.0,,,,0.0,0.0,0.0,0.0,0.0,0.0
2025-12-16T10:12:22.801963,Recipe_A,455da03b-a6a4-4f92-a874-dc44e968f89c,11,0.0,,,,0.0,0.0,0.0,0.0,0.0,0.0
2025-12-16T10:12:23.801963,Recipe_A,455da03b-a6a4-4f92-a874-dc44e968f89c,11,0.0,,,,0.0,0.0,0.0,0.0,0.0,0.0
2025-12-16T10:12:24.801963,Recipe_A,455da03b-a6a4-4f92-a874-dc44e968f89c,11,0.0,,,,0.0,0.0,0.0,0.0,0.0,0.0
2025-12-16T10:12:25.801963,Recipe_A,455da03b-a6a4-4f92-a874-dc44e968f89c,11,0.0,,,,0.0,0.0,0.0,0.0,0.0,0.0
2025-12-16T10:12:26.801963,Recipe_A,455da03b-a6a4-4f92-a874-dc44e968f89c,11,0.0,,,,0.0,0.0,0.0,0.0,0.0,0.0
2025-12-16T10:12:27.801963,Recipe_A,455da03b-a6a4-4f92-a874-dc44e968f89c,11,0.0,,,,0.0,0.0,0.0,0.0,0.0,0.0
2025-12-16T10:12:28.801963,Recipe_A,455da03b-a6a4-4f92-a874-dc44e968f89c,11,0.0,,,,0.0,0.0,0.0,0.0,0.0,0.0
2025-12-16T10:12:29.801963,Recipe_A,455da03b-a6a4-4f92-a874-dc44e968f89c,11,0.0,,,,0.0,0.0,0.0,0.0,0.0,0.0
2025-12-16T10:12:30.801963,Recipe_A,455da03b-a6a4-4f92-a874-dc44e968f89c,11,0.0,,,,0.0,0.0,0.0,0.0,0.0,0.0
2025-12-16T10:12:31.801963,Recipe_A,455da03b-a6a4-4f92-a874-dc44e968f89c,11,0.0,,,,0.0,0.0,0.0,0.0,0.0,0.0
2025-12-16T10:12:32.801963,Recipe_A,455da03b-a6a4-4f92-a874-dc44e968f89c,11,0.0,,,,0.0,0.0,0.0,0.0,0.0,0.0
2025-12-16T10:12:33.801963,Recipe_A,455da03b-a6a4-4f92-a874-dc44e968f89c,11,0.0,,,,0.0,0.0,0.0,0.0,0.0,0.0
2025-12-16T10:12:34.801963,Recipe_A,455da03b-a6a4-4f92-a874-dc44e968f89c,11,0.0,,,,0.0,0.0,0.0,0.0,0.0,0.0
2025-12-16T10:12:35.801963,Recipe_A,455da03b-a6a4-4f92-a874-dc44e968f89c,11,0.0,,,,0.0,0.0,0.0,0.0,0.0,0.0
2025-12-16T10:12:36.801963,Recipe_A,455da03b-a6a4-4f92-a874-dc44e968f89c,11,0.0,,,,0.0,0.0,0.0,0.0,0.0,0.0
2025-12-16T10:12:37.801963,Recipe_A,455da03b-a6a4-4f92-a874-dc44e968f89c,11,0.0,,,,0.0,0.0,0.0,0.0,0.0,0.0
2025-12-16T10:12:38.801963,Recipe_A,455da03b-a6a4-4f92-a874-dc44e968f89c,11,5.0,,,,7.98,12.58,9.14,10.38,12.14,11.24
2025-12-16T10:12:39.801963,Recipe_A,455da03b-a6a4-4f92-a874-dc44e968f89c,11,5.0,,,,8.69,11.69,13.1,8.43,9.89,12.06
2025-12-16T10:12:40.801963,Recipe_A,455da03b-a6a4-4f92-a874-dc44e968f89c,11,5.0,,,,9.03,8.66,9.0,10.4,7.12,8.13
2025-12-16T10:12:41.801963,Recipe_A,455da03b-a6a4-4f92-a874-dc44e968f89c,11,5.0,,,,10.37,6.77,7.29,8.54,8.44,9.42
2025-12-16T10:12:42.801963,Recipe_A,455da03b-a6a4-4f92-a874-dc44e968f89c,11,5.0,,,,13.23,10.22,9.14,11.76,12.91,8.64
2025-12-16T10:12:43.801963,Recipe_A,455da03b-a6a4-4f92-a874-dc44e968f89c,11,5.0,,,,9.29,10.06,10.88,10.37,9.16,13.92
2025-12-16T10:12:44.801963,Recipe_A,455da03b-a6a4-4f92-a874-dc44e968f89c,11,5.0,,,,6.88,10.05,8.72,12.0,10.13,12.83
2025-12-16T10:12:45.801963,Recipe_A,455da03b-a6a4-4f92-a874-dc44e968f89c,11,5.0,,,,9.27,9.9,7.79,9.73,9.33,14.6
2025-12-16T10:12:46.801963,Recipe_A,455da03b-a6a4-4f92-a874-dc44e968f89c,11,5.0,,,,13.61,9.29,5.51,13.18,7.01,12.68
2025-12-16T10:12:47.801963,Recipe_A,455da03b-a6a4-4f92-a874-dc44e968f89c,11,5.0,,,,10.96,10.09,12.52,8.69,10.66,12.91
2025-12-16T10:12:48.801963,Recipe_A,455da03b-a6a4-4f92-a874-dc44e968f89c,11,5.0,,,,8.69,9.31,10.01,10.6,8.12,9.99
2025-12-16T10:12:49.801963,Recipe_A,455da03b-a6a4-4f92-a874-dc44e968f89c,11,5.0,,,,8.1,9.96,8.6,10.05,10.47,7.24
2025-12-16T10:12:50.801963,Recipe_A,455da03b-a6a4-4f92-a874-dc44e968f89c,11,5.0,,,,8.76,11.34,11.56,8.4,10.13,10.74
2025-12-16T10:12:51.801963,Recipe_A,455da03b-a6a4-4f92-a874-dc44e968f89c,11,5.0,,,,11.32,6.65,8.45,9.88,10.96,9.48
2025-12-16T10:12:52.801963,Recipe_A,455da03b-a6a4-4f92-a874-dc44e968f89c,11,5.0,,,,10.56,7.52,8.37,9.36,8.15,10.92
2025-12-16T10:12:53.801963,Recipe_A,455da03b-a6a4-4f92-a874-dc44e968f89c,11,5.0,,,,10.18,12.61,12.28,8.36,9.08,8.61
2025-12-16T10:12:54.801963,Recipe_A,455da03b-a6a4-4f92-a874-dc44e968f89c,11,5.0,,,,12.29,7.43,11.35,10.66,6.89,6.78
2025-12-16T10:12:55.801963,Recipe_A,455da03b-a6a4-4f92-a874-dc44e968f89c,11,5.0,,,,11.71,10.48,8.36,13.64,6.98,8.73
2025-12-16T10:12:56.801963,Recipe_A,455da03b-a6a4-4f92-a874-dc44e968f89c,11,5.0,,,,8.13,11.98,12.64,13.66,11.79,10.84
2025-12-16T10:12:57.801963,Recipe_A,455da03b-a6a4-4f92-a874-dc44e968f89c,11,5.0,,,,6.69,10.84,9.48,12.45,8.86,15.88
2025-12-16T10:12:58.801963,Recipe_A,455da03b-a6a4-4f92-a874-dc44e968f89c,11,5.0,,,,10.91,7.66,10.0,10.46,11.04,10.47
2025-12-16T10:12:59.801963,Recipe_A,455da03b-a6a4-4f92-a874-dc44e968f89c,11,5.0,,,,12.28,13.65,11.32,7.45,10.35,6.85
2025-12-16T10:13:00.801963,Recipe_A,455da03b-a6a4-4f92-a874-dc44e968f89c,11,5.0,,,,7.71,9.19,10.48,13.27,8.98,6.03
2025-12-16T10:13:01.801963,Recipe_A,455da03b-a6a4-4f92-a874-dc44e968f89c,11,5.0,,,,9.1,10.06,4.7,10.99,9.3,12.56
2025-12-16T10:13:01.801963,Recipe_A,455da03b-a6a4-4f92-a874-dc44e968f89c,11,5.0,Warning_1,Simulated Warning occurred,Warning,,,,,,
2025-12-16T10:13:02.801963,Recipe_A,455da03b-a6a4-4f92-a874-dc44e968f89c,11,5.0,,,,8.93,8.49,11.96,9.54,10.81,12.25
2025-12-16T10:13:03.801963,Recipe_A,455da03b-a6a4-4f92-a874-dc44e968f89c,11,5.0,,,,12.46,10.02,11.1,8.25,9.39,9.87
2025-12-16T10:13:04.801963,Recipe_A,455da03b-a6a4-4f92-a874-dc44e968f89c,11,5.0,,,,9.14,8.64,9.69,7.47,7.44,9.78
2025-12-16T10:13:05.801963,Recipe_A,455da03b-a6a4-4f92-a874-dc44e968f89c,11,5.0,,,,10.67,12.0,11.93,8.95,10.25,7.1
2025-12-16T10:13:06.801963,Recipe_A,455da03b-a6a4-4f92-a874-dc44e968f89c,11,5.0,,,,11.31,9.34,8.35,13.82,7.98,10.66
2025-12-16T10:13:07.801963,Recipe_A,455da03b-a6a4-4f92-a874-dc44e968f89c,11,5.0,,,,11.33,9.22,11.6,8.31,9.67,8.32
2025-12-16T10:13:08.801963,Recipe_A,455da03b-a6a4-4f92-a874-dc44e968f89c,11,5.0,,,,13.73,13.03,12.21,11.02,10.8,11.05
2025-12-16T10:13:09.801963,Recipe_A,455da03b-a6a4-4f92-a874-dc44e968f89c,11,5.0,,,,7.08,11.32,10.29,9.12,9.23,10.85
2025-12-16T10:13:10.801963,Recipe_A,455da03b-a6a4-4f92-a874-dc44e968f89c,11,5.0,,,,10.0,8.04,14.22,7.3,10.29,12.88
2025-12-16T10:13:11.801963,Recipe_A,455da03b-a6a4-4f92-a874-dc44e968f89c,11,5.0,,,,7.34,10.33,11.13,8.49,9.03,10.44
2025-12-16T10:13:12.801963,Recipe_A,455da03b-a6a4-4f92-a874-dc44e968f89c,11,5.0,,,,8.92,8.34,9.79,9.57,7.53,11.3
2025-12-16T10:13:13.801963,Recipe_A,455da03b-a6a4-4f92-a874-dc44e968f89c,11,5.0,,,,10.3,13.65,8.85,10.16,10.55,13.83
2025-12-16T10:13:14.801963,Recipe_A,455da03b-a6a4-4f92-a874-dc44e968f89c,11,5.0,,,,12.83,11.81,9.59,11.54,10.3,12.83
2025-12-16T10:13:15.801963,Recipe_A,455da03b-a6a4-4f92-a874-dc44e968f89c,11,5.0,,,,9.54,9.74,12.41,5.93,8.77,8.71
2025-12-16T10:13:16.801963,Recipe_A,455da03b-a6a4-4f92-a874-dc44e968f89c,11,5.0,,,,12.0,12.47,8.31,8.38,6.97,11.79
2025-12-16T10:13:17.801963,Recipe_A,455da03b-a6a4-4f92-a874-dc44e968f89c,11,5.0,,,,11.06,6.02,10.13,10.14,9.94,9.93
2025-12-16T10:13:18.801963,Recipe_A,455da03b-a6a4-4f92-a874-dc44e968f89c,11,5.0,,,,8.74,7.38,10.43,7.29,9.47,9.59
2025-12-16T10:13:19.801963,Recipe_A,455da03b-a6a4-4f92-a874-dc44e968f89c,11,5.0,,,,13.33,11.41,9.97,8.64,14.18,10.96
2025-12-16T10:13:20.801963,Recipe_A,455da03b-a6a4-4f92-a874-dc44e968f89c,11,5.0,,,,7.61,12.47,8.68,8.32,12.42,9.69
2025-12-16T10:13:21.801963,Recipe_A,455da03b-a6a4-4f92-a874-dc44e968f89c,11,5.0,,,,9.84,8.48,13.58,6.74,9.66,10.72
2025-12-16T10:13:22.801963,Recipe_A,455da03b-a6a4-4f92-a874-dc44e968f89c,11,5.0,,,,12.2,9.94,10.2,8.09,6.8,11.11
2025-12-16T10:13:23.801963,Recipe_A,455da03b-a6a4-4f92-a874-dc44e968f89c,11,5.0,,,,9.95,12.75,9.98,8.48,10.84,6.41
2025-12-16T10:13:24.801963,Recipe_A,455da03b-a6a4-4f92-a874-dc44e968f89c,11,5.0,,,,11.6,10.85,11.38,7.08,7.59,11.88
2025-12-16T10:13:25.801963,Recipe_A,455da03b-a6a4-4f92-a874-dc44e968f89c,11,5.0,,,,8.79,12.03,7.6,8.39,13.35,12.56
2025-12-16T10:13:26.801963,Recipe_A,455da03b-a6a4-4f92-a874-dc44e968f89c,11,5.0,,,,10.45,12.38,11.64,7.94,9.91,10.05
2025-12-16T10:13:27.801963,Recipe_A,455da03b-a6a4-4f92-a874-dc44e968f89c,11,5.0,,,,11.49,11.99,8.63,8.21,7.4,8.34
2025-12-16T10:13:28.801963,Recipe_A,455da03b-a6a4-4f92-a874-dc44e968f89c,11,5.0,,,,13.29,8.6,8.82,11.91,3.51,11.21
2025-12-16T10:13:29.801963,Recipe_A,455da03b-a6a4-4f92-a874-dc44e968f89c,11,5.0,,,,8.55,7.43,9.69,9.87,12.35,7.99
2025-12-16T10:13:30.801963,Recipe_A,455da03b-a6a4-4f92-a874-dc44e968f89c,11,5.0,,,,9.63,11.47,7.81,8.73,10.85,8.91
2025-12-16T10:13:31.801963,Recipe_A,455da03b-a6a4-4f92-a874-dc44e968f89c,11,5.0,,,,9.95,14.48,7.77,6.73,11.13,9.95
2025-12-16T10:13:32.801963,Recipe_A,455da03b-a6a4-4f92-a874-dc44e968f89c,11,5.0,,,,9.24,7.7,11.49,8.3,13.24,5.01
2025-12-16T10:13:33.801963,Recipe_A,455da03b-a6a4-4f92-a874-dc44e968f89c,11,5.0,,,,13.59,9.08,11.18,7.34,8.96,8.79
2025-12-16T10:13:34.801963,Recipe_A,455da03b-a6a4-4f92-a874-dc44e968f89c,11,5.0,,,,10.49,10.33,9.01,10.52,10.45,7.7
2025-12-16T10:13:35.801963,Recipe_A,455da03b-a6a4-4f92-a874-dc44e968f89c,11,5.0,,,,7.34,7.94,8.35,8.83,9.53,10.67
2025-12-16T10:13:36.801963,Recipe_A,455da03b-a6a4-4f92-a874-dc44e968f89c,11,5.0,,,,10.01,12.54,8.47,9.11,7.12,6.07
2025-12-16T10:13:37.801963,Recipe_A,455da03b-a6a4-4f92-a874-dc44e968f89c,11,5.0,,,,10.4,12.05,10.93,7.51,11.8,12.58
2025-12-16T10:13:38.801963,Recipe_A,455da03b-a6a4-4f92-a874-dc44e968f89c,11,5.0,,,,9.34,10.32,9.91,6.32,7.44,12.47
2025-12-16T10:13:39.801963,Recipe_A,455da03b-a6a4-4f92-a874-dc44e968f89c,11,5.0,,,,8.99,8.53,7.72,8.43,6.83,9.85
2025-12-16T10:13:40.801963,Recipe_A,455da03b-a6a4-4f92-a874-dc44e968f89c,11,5.0,,,,10.89,10.1,12.79,14.13,10.01,9.88
2025-12-16T10:13:41.801963,Recipe_A,455da03b-a6a4-4f92-a874-dc44e968f89c,11,5.0,,,,10.74,4.54,9.15,9.04,7.28,6.67
2025-12-16T10:13:42.801963,Recipe_A,455da03b-a6a4-4f92-a874-dc44e968f89c,11,5.0,,,,9.0,10.35,9.85,11.49,8.73,9.67
2025-12-16T10:13:43.801963,Recipe_A,455da03b-a6a4-4f92-a874-dc44e968f89c,11,5.0,,,,11.5,8.28,12.62,11.91,10.61,8.73
2025-12-16T10:13:44.801963,Recipe_A,455da03b-a6a4-4f92-a874-dc44e968f89c,11,5.0,,,,10.15,11.28,9.73,7.41,13.22,10.34
2025-12-16T10:13:45.801963,Recipe_A,455da03b-a6a4-4f92-a874-dc44e968f89c,11,5.0,,,,8.52,6.03,9.97,8.43,13.5,11.88
2025-12-16T10:13:46.801963,Recipe_A,455da03b-a6a4-4f92-a874-dc44e968f89c,11,5.0,,,,9.63,10.44,9.92,10.83,11.27,7.85
2025-12-16T10:13:47.801963,Recipe_A,455da03b-a6a4-4f92-a874-dc44e968f89c,11,5.0,,,,12.36,9.13,10.85,10.7,9.75,8.84
2025-12-16T10:13:48.801963,Recipe_A,455da03b-a6a4-4f92-a874-dc44e968f89c,11,5.0,,,,11.01,11.46,9.98,10.19,10.18,11.94
2025-12-16T10:13:49.801963,Recipe_A,455da03b-a6a4-4f92-a874-dc44e968f89c,11,5.0,,,,10.59,10.26,11.61,14.25,4.28,9.34
2025-12-16T10:13:50.801963,Recipe_A,455da03b-a6a4-4f92-a874-dc44e968f89c,11,5.0,,,,7.95,11.09,9.83,7.67,9.54,12.93
2025-12-16T10:13:51.801963,Recipe_A,455da03b-a6a4-4f92-a874-dc44e968f89c,11,5.0,,,,9.03,11.78,11.14,12.12,13.35,9.55
2025-12-16T10:13:52.801963,Recipe_A,455da03b-a6a4-4f92-a874-dc44e968f89c,11,5.0,,,,9.29,9.55,9.15,10.65,10.84,12.78
2025-12-16T10:13:53.801963,Recipe_A,455da03b-a6a4-4f92-a874-dc44e968f89c,11,5.0,,,,8.11,9.93,10.93,9.82,10.33,11.54
2025-12-16T10:13:54.801963,Recipe_A,455da03b-a6a4-4f92-a874-dc44e968f89c,11,5.0,,,,12.57,7.45,11.57,8.6,4.61,11.06
2025-12-16T10:13:55.801963,Recipe_A,455da03b-a6a4-4f92-a874-dc44e968f89c,11,5.0,,,,11.62,13.36,10.82,6.2,9.16,9.39
2025-12-16T10:13:56.801963,Recipe_A,455da03b-a6a4-4f92-a874-dc44e968f89c,11,5.0,,,,10.54,10.35,10.08,11.22,10.37,8.34
2025-12-16T10:13:57.801963,Recipe_A,455da03b-a6a4-4f92-a874-dc44e968f89c,11,5.0,,,,10.86,7.71,11.87,10.53,7.85,14.01
2025-12-16T10:13:58.801963,Recipe_A,455da03b-a6a4-4f92-a874-dc44e968f89c,11,5.0,,,,10.89,8.2,9.27,12.86,10.75,12.17
2025-12-16T10:13:59.801963,Recipe_A,455da03b-a6a4-4f92-a874-dc44e968f89c,11,5.0,,,,8.75,11.63,8.03,9.4,7.08,9.02
2025-12-16T10:14:00.801963,Recipe_A,455da03b-a6a4-4f92-a874-dc44e968f89c,11,5.0,,,,10.98,9.74,9.66,15.58,13.07,8.52
2025-12-16T10:14:01.801963,Recipe_A,455da03b-a6a4-4f92-a874-dc44e968f89c,11,5.0,,,,7.67,5.54,9.26,11.8,9.31,7.89
2025-12-16T10:14:02.801963,Recipe_A,455da03b-a6a4-4f92-a874-dc44e968f89c,11,5.0,,,,12.73,9.16,9.42,11.46,9.73,12.19
2025-12-16T10:14:03.801963,Recipe_A,455da03b-a6a4-4f92-a874-dc44e968f89c,11,5.0,,,,14.81,7.38,6.83,12.74,8.82,8.62
2025-12-16T10:14:04.801963,Recipe_A,455da03b-a6a4-4f92-a874-dc44e968f89c,11,5.0,,,,12.8,10.12,8.75,8.25,10.48,9.99
2025-12-16T10:14:05.801963,Recipe_A,455da03b-a6a4-4f92-a874-dc44e968f89c,11,5.0,,,,7.69,10.26,9.45,13.7,9.91,10.16
2025-12-16T10:14:06.801963,Recipe_A,455da03b-a6a4-4f92-a874-dc44e968f89c,11,5.0,,,,9.94,11.42,11.1,9.22,11.43,13.33
2025-12-16T10:14:07.801963,Recipe_A,455da03b-a6a4-4f92-a874-dc44e968f89c,11,5.0,,,,12.09,9.46,9.57,13.58,9.74,10.26
2025-12-16T10:14:08.801963,Recipe_A,455da03b-a6a4-4f92-a874-dc44e968f89c,11,5.0,,,,14.51,10.99,10.19,10.83,10.77,8.35
2025-12-16T10:14:09.801963,Recipe_A,455da03b-a6a4-4f92-a874-dc44e968f89c,11,5.0,,,,7.92,11.52,8.02,8.18,7.9,7.64
2025-12-16T10:14:10.801963,Recipe_A,455da03b-a6a4-4f92-a874-dc44e968f89c,11,5.0,,,,11.64,10.74,12.89,6.63,6.86,7.91
2025-12-16T10:14:11.801963,Recipe_A,455da03b-a6a4-4f92-a874-dc44e968f89c,11,5.0,,,,10.97,7.14,7.64,7.79,8.77,11.29
2025-12-16T10:14:12.801963,Recipe_A,455da03b-a6a4-4f92-a874-dc44e968f89c,11,5.0,,,,12.56,8.34,10.18,11.15,8.09,10.28
2025-12-16T10:14:13.801963,Recipe_A,455da03b-a6a4-4f92-a874-dc44e968f89c,11,5.0,,,,11.01,11.65,8.34,8.56,11.71,9.2
2025-12-16T10:14:14.801963,Recipe_A,455da03b-a6a4-4f92-a874-dc44e968f89c,11,5.0,,,,9.97,6.96,7.52,10.62,9.71,10.7
2025-12-16T10:14:15.801963,Recipe_A,455da03b-a6a4-4f92-a874-dc44e968f89c,11,5.0,,,,12.19,5.78,13.36,10.11,8.03,7.74
2025-12-16T10:14:16.801963,Recipe_A,455da03b-a6a4-4f92-a874-dc44e968f89c,11,5.0,,,,11.38,12.02,11.92,6.67,9.59,9.51
2025-12-16T10:14:17.801963,Recipe_A,455da03b-a6a4-4f92-a874-dc44e968f89c,11,5.0,,,,10.85,10.48,12.31,8.86,7.95,9.48
2025-12-16T10:14:18.801963,Recipe_A,455da03b-a6a4-4f92-a874-dc44e968f89c,11,5.0,,,,6.73,10.64,13.14,12.09,11.48,7.76
2025-12-16T10:14:19.801963,Recipe_A,455da03b-a6a4-4f92-a874-dc44e968f89c,11,5.0,,,,9.72,14.6,9.29,4.62,10.19,14.11
2025-12-16T10:14:20.801963,Recipe_A,455da03b-a6a4-4f92-a874-dc44e968f89c,11,5.0,,,,10.69,11.48,8.57,9.87,11.95,9.44
2025-12-16T10:14:21.801963,Recipe_A,455da03b-a6a4-4f92-a874-dc44e968f89c,11,5.0,,,,8.25,13.68,12.38,7.41,11.71,9.27
2025-12-16T10:14:22.801963,Recipe_A,455da03b-a6a4-4f92-a874-dc44e968f89c,11,5.0,,,,10.2,6.53,12.12,8.74,8.55,2.87
2025-12-16T10:14:23.801963,Recipe_A,455da03b-a6a4-4f92-a874-dc44e968f89c,11,5.0,,,,8.6,7.77,6.93,11.93,12.1,9.92
2025-12-16T10:14:24.801963,Recipe_A,455da03b-a6a4-4f92-a874-dc44e968f89c,11,5.0,,,,8.68,7.85,8.85,10.13,10.36,9.13
2025-12-16T10:14:25.801963,Recipe_A,455da03b-a6a4-4f92-a874-dc44e968f89c,11,5.0,,,,12.04,7.98,12.56,10.62,8.87,12.5
2025-12-16T10:14:26.801963,Recipe_A,455da03b-a6a4-4f92-a874-dc44e968f89c,11,5.0,,,,9.63,13.05,13.05,8.88,6.63,9.45
2025-12-16T10:14:27.801963,Recipe_A,455da03b-a6a4-4f92-a874-dc44e968f89c,11,5.0,,,,11.93,9.21,10.65,8.55,7.91,7.12
2025-12-16T10:14:28.801963,Recipe_A,455da03b-a6a4-4f92-a874-dc44e968f89c,11,5.0,,,,12.32,10.29,7.62,7.34,8.38,7.82
2025-12-16T10:14:29.801963,Recipe_A,455da03b-a6a4-4f92-a874-dc44e968f89c,11,5.0,,,,8.64,7.53,9.58,7.79,10.12,10.05
2025-12-16T10:14:30.801963,Recipe_A,455da03b-a6a4-4f92-a874-dc44e968f89c,11,5.0,,,,12.16,10.26,11.41,9.36,14.2,7.88
2025-12-16T10:14:31.801963,Recipe_A,455da03b-a6a4-4f92-a874-dc44e968f89c,11,5.0,,,,11.3,14.07,8.34,9.67,7.96,9.74
2025-12-16T10:14:32.801963,Recipe_A,455da03b-a6a4-4f92-a874-dc44e968f89c,11,5.0,,,,12.82,10.51,10.66,11.88,10.55,10.29
2025-12-16T10:14:33.801963,Recipe_A,455da03b-a6a4-4f92-a874-dc44e968f89c,11,5.0,,,,10.51,8.23,9.34,6.24,10.3,10.46
2025-12-16T10:14:34.801963,Recipe_A,455da03b-a6a4-4f92-a874-dc44e968f89c,11,5.0,,,,13.48,5.43,13.21,10.86,12.61,9.6
2025-12-16T10:14:35.801963,Recipe_A,455da03b-a6a4-4f92-a874-dc44e968f89c,11,5.0,,,,13.04,10.81,12.48,11.51,8.88,9.4
2025-12-16T10:14:36.801963,Recipe_A,455da03b-a6a4-4f92-a874-dc44e968f89c,11,5.0,,,,9.55,13.53,8.53,11.22,8.24,8.85
2025-12-16T10:14:37.801963,Recipe_A,455da03b-a6a4-4f92-a874-dc44e968f89c,11,0.0,,,,0.0,0.0,0.0,0.0,0.0,0.0
2025-12-16T10:14:38.801963,Recipe_A,455da03b-a6a4-4f92-a874-dc44e968f89c,11,0.0,,,,0.0,0.0,0.0,0.0,0.0,0.0
2025-12-16T10:14:39.801963,Recipe_A,455da03b-a6a4-4f92-a874-dc44e968f89c,11,0.0,,,,0.0,0.0,0.0,0.0,0.0,0.0
2025-12-16T10:14:40.801963,Recipe_A,455da03b-a6a4-4f92-a874-dc44e968f89c,11,0.0,,,,0.0,0.0,0.0,0.0,0.0,0.0
2025-12-16T10:14:41.801963,Recipe_A,455da03b-a6a4-4f92-a874-dc44e968f89c,11,0.0,,,,0.0,0.0,0.0,0.0,0.0,0.0
2025-12-16T10:14:42.801963,Recipe_A,455da03b-a6a4-4f92-a874-dc44e968f89c,11,0.0,,,,0.0,0.0,0.0,0.0,0.0,0.0
2025-12-16T10:14:43.801963,Recipe_A,455da03b-a6a4-4f92-a874-dc44e968f89c,11,0.0,,,,0.0,0.0,0.0,0.0,0.0,0.0
2025-12-16T10:14:44.801963,Recipe_A,455da03b-a6a4-4f92-a874-dc44e968f89c,11,0.0,,,,0.0,0.0,0.0,0.0,0.0,0.0
2025-12-16T10:14:45.801963,Recipe_A,455da03b-a6a4-4f92-a874-dc44e968f89c,11,0.0,,,,0.0,0.0,0.0,0.0,0.0,0.0
2025-12-16T10:14:46.801963,Recipe_A,455da03b-a6a4-4f92-a874-dc44e968f89c,11,0.0,,,,0.0,0.0,0.0,0.0,0.0,0.0
2025-12-16T10:14:47.801963,Recipe_A,455da03b-a6a4-4f92-a874-dc44e968f89c,11,0.0,,,,0.0,0.0,0.0,0.0,0.0,0.0
2025-12-16T10:14:48.801963,Recipe_A,455da03b-a6a4-4f92-a874-dc44e968f89c,11,0.0,,,,0.0,0.0,0.0,0.0,0.0,0.0
2025-12-16T10:14:49.801963,Recipe_A,455da03b-a6a4-4f92-a874-dc44e968f89c,11,0.0,,,,0.0,0.0,0.0,0.0,0.0,0.0
2025-12-16T10:14:50.801963,Recipe_A,455da03b-a6a4-4f92-a874-dc44e968f89c,11,0.0,,,,0.0,0.0,0.0,0.0,0.0,0.0
2025-12-16T10:14:51.801963,Recipe_A,455da03b-a6a4-4f92-a874-dc44e968f89c,11,0.0,,,,0.0,0.0,0.0,0.0,0.0,0.0
2025-12-16T10:14:52.801963,Recipe_A,455da03b-a6a4-4f92-a874-dc44e968f89c,11,0.0,,,,0.0,0.0,0.0,0.0,0.0,0.0
2025-12-16T10:14:53.801963,Recipe_A,455da03b-a6a4-4f92-a874-dc44e968f89c,11,0.0,,,,0.0,0.0,0.0,0.0,0.0,0.0
2025-12-16T10:14:54.801963,Recipe_A,455da03b-a6a4-4f92-a874-dc44e968f89c,11,0.0,,,,0.0,0.0,0.0,0.0,0.0,0.0
2025-12-16T10:14:55.801963,Recipe_A,455da03b-a6a4-4f92-a874-dc44e968f89c,11,0.0,,,,0.0,0.0,0.0,0.0,0.0,0.0
2025-12-16T10:14:56.801963,Recipe_A,455da03b-a6a4-4f92-a874-dc44e968f89c,11,0.0,,,,0.0,0.0,0.0,0.0,0.0,0.0
2025-12-16T10:14:57.801963,Recipe_A,455da03b-a6a4-4f92-a874-dc44e968f89c,11,0.0,,,,0.0,0.0,0.0,0.0,0.0,0.0
2025-12-16T10:14:58.801963,Recipe_A,455da03b-a6a4-4f92-a874-dc44e968f89c,11,0.0,,,,0.0,0.0,0.0,0.0,0.0,0.0
2025-12-16T10:14:59.801963,Recipe_A,455da03b-a6a4-4f92-a874-dc44e968f89c,11,0.0,,,,0.0,0.0,0.0,0.0,0.0,0.0
2025-12-16T10:15:00.801963,Recipe_A,455da03b-a6a4-4f92-a874-dc44e968f89c,11,0.0,,,,0.0,0.0,0.0,0.0,0.0,0.0
2025-12-16T10:15:01.801963,Recipe_A,455da03b-a6a4-4f92-a874-dc44e968f89c,11,0.0,,,,0.0,0.0,0.0,0.0,0.0,0.0
2025-12-16T10:15:02.801963,Recipe_A,455da03b-a6a4-4f92-a874-dc44e968f89c,11,0.0,,,,0.0,0.0,0.0,0.0,0.0,0.0
2025-12-16T10:15:03.801963,Recipe_A,455da03b-a6a4-4f92-a874-dc44e968f89c,11,0.0,,,,0.0,0.0,0.0,0.0,0.0,0.0
2025-12-16T10:15:04.801963,Recipe_A,455da03b-a6a4-4f92-a874-dc44e968f89c,11,0.0,,,,0.0,0.0,0.0,0.0,0.0,0.0
2025-12-16T10:15:05.801963,Recipe_A,455da03b-a6a4-4f92-a874-dc44e968f89c,11,0.0,,,,0.0,0.0,0.0,0.0,0.0,0.0
2025-12-16T10:15:06.801963,Recipe_A,455da03b-a6a4-4f92-a874-dc44e968f89c,11,0.0,,,,0.0,0.0,0.0,0.0,0.0,0.0
2025-12-16T10:15:07.801963,Recipe_A,455da03b-a6a4-4f92-a874-dc44e968f89c,11,0.0,,,,0.0,0.0,0.0,0.0,0.0,0.0
2025-12-16T10:15:08.801963,Recipe_A,455da03b-a6a4-4f92-a874-dc44e968f89c,11,0.0,,,,0.0,0.0,0.0,0.0,0.0,0.0
2025-12-16T10:15:09.801963,Recipe_A,455da03b-a6a4-4f92-a874-dc44e968f89c,11,0.0,,,,0.0,0.0,0.0,0.0,0.0,0.0
2025-12-16T10:15:10.801963,Recipe_A,455da03b-a6a4-4f92-a874-dc44e968f89c,11,1.0,,,,10.1,6.49,10.92,11.45,10.03,9.19
2025-12-16T10:15:11.801963,Recipe_A,455da03b-a6a4-4f92-a874-dc44e968f89c,11,1.0,,,,12.7,13.96,10.46,11.04,10.12,8.9
2025-12-16T10:15:12.801963,Recipe_A,455da03b-a6a4-4f92-a874-dc44e968f89c,11,1.0,,,,10.17,9.37,11.07,9.59,10.8,10.21
2025-12-16T10:15:13.801963,Recipe_A,455da03b-a6a4-4f92-a874-dc44e968f89c,11,1.0,,,,8.82,8.33,12.96,9.69,11.31,15.97
2025-12-16T10:15:14.801963,Recipe_A,455da03b-a6a4-4f92-a874-dc44e968f89c,11,1.0,,,,12.57,13.68,11.81,11.45,11.48,10.41
2025-12-16T10:15:15.801963,Recipe_A,455da03b-a6a4-4f92-a874-dc44e968f89c,11,1.0,,,,11.25,11.76,9.17,10.06,9.96,12.64
2025-12-16T10:15:16.801963,Recipe_A,455da03b-a6a4-4f92-a874-dc44e968f89c,11,1.0,,,,9.39,8.13,9.37,9.54,9.18,11.72
2025-12-16T10:15:17.801963,Recipe_A,455da03b-a6a4-4f92-a874-dc44e968f89c,11,1.0,,,,10.74,8.37,9.51,11.44,6.48,9.71
2025-12-16T10:15:18.801963,Recipe_A,455da03b-a6a4-4f92-a874-dc44e968f89c,11,1.0,,,,7.24,7.0,9.07,8.7,11.71,12.09
2025-12-16T10:15:19.801963,Recipe_A,455da03b-a6a4-4f92-a874-dc44e968f89c,11,1.0,,,,8.15,8.47,8.39,5.92,8.09,8.01
2025-12-16T10:15:20.801963,Recipe_A,455da03b-a6a4-4f92-a874-dc44e968f89c,11,1.0,,,,7.7,7.76,10.04,9.13,9.36,8.21
2025-12-16T10:15:21.801963,Recipe_A,455da03b-a6a4-4f92-a874-dc44e968f89c,11,1.0,,,,8.77,10.22,8.2,9.84,10.18,11.5
2025-12-16T10:15:22.801963,Recipe_A,455da03b-a6a4-4f92-a874-dc44e968f89c,11,1.0,,,,9.44,10.66,10.74,11.09,8.74,9.85
2025-12-16T10:15:23.801963,Recipe_A,455da03b-a6a4-4f92-a874-dc44e968f89c,11,1.0,,,,8.12,9.08,11.0,12.3,7.73,10.99
2025-12-16T10:15:24.801963,Recipe_A,455da03b-a6a4-4f92-a874-dc44e968f89c,11,1.0,,,,10.81,8.96,12.53,13.59,9.9,8.74
2025-12-16T10:15:25.801963,Recipe_A,455da03b-a6a4-4f92-a874-dc44e968f89c,11,1.0,,,,10.35,11.57,12.21,13.68,11.16,12.38
2025-12-16T10:15:26.801963,Recipe_A,455da03b-a6a4-4f92-a874-dc44e968f89c,11,1.0,,,,8.39,7.23,8.6,5.76,12.53,9.32
2025-12-16T10:15:27.801963,Recipe_A,455da03b-a6a4-4f92-a874-dc44e968f89c,11,1.0,,,,10.6,11.23,10.63,9.62,8.57,14.64
2025-12-16T10:15:28.801963,Recipe_A,455da03b-a6a4-4f92-a874-dc44e968f89c,11,1.0,,,,11.49,11.71,6.69,10.9,10.98,11.67
2025-12-16T10:15:29.801963,Recipe_A,455da03b-a6a4-4f92-a874-dc44e968f89c,11,1.0,,,,12.33,8.62,9.65,9.16,10.76,11.84
2025-12-16T10:15:30.801963,Recipe_A,455da03b-a6a4-4f92-a874-dc44e968f89c,11,1.0,,,,11.63,7.81,7.12,11.48,9.48,9.74
2025-12-16T10:15:31.801963,Recipe_A,455da03b-a6a4-4f92-a874-dc44e968f89c,11,1.0,,,,10.74,8.92,7.35,11.07,6.76,10.21
2025-12-16T10:15:32.801963,Recipe_A,455da03b-a6a4-4f92-a874-dc44e968f89c,11,1.0,,,,8.63,13.41,10.4,10.13,10.04,8.23
2025-12-16T10:15:33.801963,Recipe_A,455da03b-a6a4-4f92-a874-dc44e968f89c,11,1.0,,,,12.65,12.03,10.76,10.53,8.6,8.79
2025-12-16T10:15:34.801963,Recipe_A,455da03b-a6a4-4f92-a874-dc44e968f89c,11,1.0,,,,7.34,7.56,10.5,10.59,12.01,9.78
2025-12-16T10:15:35.801963,Recipe_A,455da03b-a6a4-4f92-a874-dc44e968f89c,11,1.0,,,,9.3,11.48,7.63,10.9,10.88,6.42
2025-12-16T10:15:36.801963,Recipe_A,455da03b-a6a4-4f92-a874-dc44e968f89c,11,1.0,,,,12.06,10.85,6.86,8.71,8.74,12.71
2025-12-16T10:15:37.801963,Recipe_A,455da03b-a6a4-4f92-a874-dc44e968f89c,11,1.0,,,,12.86,11.19,10.98,10.41,9.02,11.44
2025-12-16T10:15:38.801963,Recipe_A,455da03b-a6a4-4f92-a874-dc44e968f89c,11,1.0,,,,9.35,7.34,8.37,9.02,8.84,7.52
2025-12-16T10:15:39.801963,Recipe_A,455da03b-a6a4-4f92-a874-dc44e968f89c,11,1.0,,,,10.71,12.89,10.65,9.41,11.12,9.85
2025-12-16T10:15:40.801963,Recipe_A,455da03b-a6a4-4f92-a874-dc44e968f89c,11,1.0,,,,8.96,7.13,14.42,7.37,11.98,12.48
2025-12-16T10:15:41.801963,Recipe_A,455da03b-a6a4-4f92-a874-dc44e968f89c,11,1.0,,,,9.32,13.54,11.93,8.29,7.49,9.87
2025-12-16T10:15:42.801963,Recipe_A,455da03b-a6a4-4f92-a874-dc44e968f89c,11,0.0,,,,0.0,0.0,0.0,0.0,0.0,0.0
2025-12-16T10:15:43.801963,Recipe_A,455da03b-a6a4-4f92-a874-dc44e968f89c,11,0.0,,,,0.0,0.0,0.0,0.0,0.0,0.0
2025-12-16T10:15:44.801963,Recipe_A,455da03b-a6a4-4f92-a874-dc44e968f89c,11,0.0,,,,0.0,0.0,0.0,0.0,0.0,0.0
2025-12-16T10:15:45.801963,Recipe_A,455da03b-a6a4-4f92-a874-dc44e968f89c,11,0.0,,,,0.0,0.0,0.0,0.0,0.0,0.0
2025-12-16T10:15:46.801963,Recipe_A,455da03b-a6a4-4f92-a874-dc44e968f89c,11,0.0,,,,0.0,0.0,0.0,0.0,0.0,0.0
2025-12-16T10:15:47.801963,Recipe_A,455da03b-a6a4-4f92-a874-dc44e968f89c,11,0.0,,,,0.0,0.0,0.0,0.0,0.0,0.0
2025-12-16T10:15:48.801963,Recipe_A,455da03b-a6a4-4f92-a874-dc44e968f89c,11,4.0,,,,97.2,52.79,50.48,41.59,52.61,53.79
2025-12-16T10:15:49.801963,Recipe_A,455da03b-a6a4-4f92-a874-dc44e968f89c,11,4.0,,,,98.17,50.42,54.0,56.97,51.47,43.65
2025-12-16T10:15:50.801963,Recipe_A,455da03b-a6a4-4f92-a874-dc44e968f89c,11,4.0,,,,88.0,44.29,58.9,55.71,44.72,50.48
2025-12-16T10:15:51.801963,Recipe_A,455da03b-a6a4-4f92-a874-dc44e968f89c,11,4.0,,,,97.33,59.63,58.56,53.68,54.76,60.84
2025-12-16T10:15:52.801963,Recipe_A,455da03b-a6a4-4f92-a874-dc44e968f89c,11,4.0,,,,104.28,44.56,41.62,51.81,58.44,45.69
2025-12-16T10:15:53.801963,Recipe_A,455da03b-a6a4-4f92-a874-dc44e968f89c,11,4.0,,,,98.47,44.8,59.12,42.14,49.09,54.03
2025-12-16T10:15:54.801963,Recipe_A,455da03b-a6a4-4f92-a874-dc44e968f89c,11,4.0,,,,98.59,51.05,50.52,44.56,60.16,57.8
2025-12-16T10:15:55.801963,Recipe_A,455da03b-a6a4-4f92-a874-dc44e968f89c,11,4.0,,,,99.59,46.09,54.14,51.89,50.15,59.52
2025-12-16T10:15:56.801963,Recipe_A,455da03b-a6a4-4f92-a874-dc44e968f89c,11,4.0,,,,93.89,56.93,53.01,49.2,55.14,56.07
2025-12-16T10:15:57.801963,Recipe_A,455da03b-a6a4-4f92-a874-dc44e968f89c,11,4.0,,,,94.16,42.24,45.09,49.76,43.06,50.66
2025-12-16T10:15:58.801963,Recipe_A,455da03b-a6a4-4f92-a874-dc44e968f89c,11,4.0,,,,103.03,46.95,52.45,50.03,51.48,44.54
2025-12-16T10:15:59.801963,Recipe_A,455da03b-a6a4-4f92-a874-dc44e968f89c,11,4.0,,,,93.9,58.08,48.76,45.98,54.33,59.16
2025-12-16T10:16:00.801963,Recipe_A,455da03b-a6a4-4f92-a874-dc44e968f89c,11,4.0,,,,106.55,52.31,44.29,47.27,51.0,57.01
2025-12-16T10:16:01.801963,Recipe_A,455da03b-a6a4-4f92-a874-dc44e968f89c,11,4.0,,,,109.09,51.99,44.68,51.92,48.12,53.74
2025-12-16T10:16:02.801963,Recipe_A,455da03b-a6a4-4f92-a874-dc44e968f89c,11,4.0,,,,103.95,45.2,46.75,42.55,48.82,49.95
2025-12-16T10:16:03.801963,Recipe_A,455da03b-a6a4-4f92-a874-dc44e968f89c,11,4.0,,,,100.75,50.79,48.03,52.82,40.27,49.09
2025-12-16T10:16:04.801963,Recipe_A,455da03b-a6a4-4f92-a874-dc44e968f89c,11,4.0,,,,101.48,50.04,58.45,52.59,52.3,55.03
2025-12-16T10:16:05.801963,Recipe_A,455da03b-a6a4-4f92-a874-dc44e968f89c,11,4.0,,,,105.72,49.42,49.15,55.59,48.71,47.6
2025-12-16T10:16:06.801963,Recipe_A,455da03b-a6a4-4f92-a874-dc44e968f89c,11,4.0,,,,100.4,50.88,49.6,47.96,51.67,44.93
2025-12-16T10:16:07.801963,Recipe_A,455da03b-a6a4-4f92-a874-dc44e968f89c,11,4.0,,,,103.14,56.02,49.73,48.06,52.11,52.9
2025-12-16T10:16:08.801963,Recipe_A,455da03b-a6a4-4f92-a874-dc44e968f89c,11,4.0,,,,101.12,53.1,41.0,53.67,50.14,49.4
2025-12-16T10:16:09.801963,Recipe_A,455da03b-a6a4-4f92-a874-dc44e968f89c,11,4.0,,,,100.16,58.1,47.35,57.72,57.28,45.82
2025-12-16T10:16:10.801963,Recipe_A,455da03b-a6a4-4f92-a874-dc44e968f89c,11,4.0,,,,92.94,49.39,54.31,50.0,49.25,46.96
2025-12-16T10:16:11.801963,Recipe_A,455da03b-a6a4-4f92-a874-dc44e968f89c,11,4.0,,,,105.2,52.08,56.16,49.75,53.32,52.48
2025-12-16T10:16:12.801963,Recipe_A,455da03b-a6a4-4f92-a874-dc44e968f89c,11,4.0,,,,103.98,61.21,48.28,51.33,44.6,47.42
2025-12-16T10:16:13.801963,Recipe_A,455da03b-a6a4-4f92-a874-dc44e968f89c,11,4.0,,,,106.21,45.67,55.53,54.24,49.85,49.5
2025-12-16T10:16:14.801963,Recipe_A,455da03b-a6a4-4f92-a874-dc44e968f89c,11,4.0,,,,101.92,51.63,51.53,52.51,47.6,52.63
2025-12-16T10:16:15.801963,Recipe_A,455da03b-a6a4-4f92-a874-dc44e968f89c,11,4.0,,,,103.0,46.74,49.89,48.47,50.49,47.95
2025-12-16T10:16:16.801963,Recipe_A,455da03b-a6a4-4f92-a874-dc44e968f89c,11,4.0,,,,91.23,47.14,54.16,57.87,50.63,47.0
2025-12-16T10:16:17.801963,Recipe_A,455da03b-a6a4-4f92-a874-dc44e968f89c,11,4.0,,,,106.69,52.64,48.22,55.78,60.38,59.71
2025-12-16T10:16:18.801963,Recipe_A,455da03b-a6a4-4f92-a874-dc44e968f89c,11,4.0,,,,102.28,56.03,46.83,58.69,46.03,45.18
2025-12-16T10:16:19.801963,Recipe_A,455da03b-a6a4-4f92-a874-dc44e968f89c,11,4.0,,,,99.94,45.46,63.02,55.4,49.66,51.82
2025-12-16T10:16:20.801963,Recipe_A,455da03b-a6a4-4f92-a874-dc44e968f89c,11,4.0,,,,93.23,54.49,45.66,47.4,48.43,47.46
2025-12-16T10:16:21.801963,Recipe_A,455da03b-a6a4-4f92-a874-dc44e968f89c,11,4.0,,,,94.42,48.92,47.67,48.52,51.8,55.8
2025-12-16T10:16:22.801963,Recipe_A,455da03b-a6a4-4f92-a874-dc44e968f89c,11,4.0,,,,102.04,52.11,63.21,49.8,45.79,43.89
2025-12-16T10:16:23.801963,Recipe_A,455da03b-a6a4-4f92-a874-dc44e968f89c,11,4.0,,,,93.02,41.6,48.65,49.09,50.32,55.17
2025-12-16T10:16:24.801963,Recipe_A,455da03b-a6a4-4f92-a874-dc44e968f89c,11,4.0,,,,99.4,62.31,54.6,56.93,49.32,49.81
2025-12-16T10:16:25.801963,Recipe_A,455da03b-a6a4-4f92-a874-dc44e968f89c,11,4.0,,,,102.94,46.8,50.22,55.67,48.01,58.2
2025-12-16T10:16:26.801963,Recipe_A,455da03b-a6a4-4f92-a874-dc44e968f89c,11,4.0,,,,103.96,47.74,54.8,44.3,46.28,59.43
2025-12-16T10:16:27.801963,Recipe_A,455da03b-a6a4-4f92-a874-dc44e968f89c,11,4.0,,,,100.79,53.25,50.91,49.27,54.14,47.13
2025-12-16T10:16:28.801963,Recipe_A,455da03b-a6a4-4f92-a874-dc44e968f89c,11,4.0,,,,90.0,48.21,50.02,47.71,55.65,51.29
2025-12-16T10:16:29.801963,Recipe_A,455da03b-a6a4-4f92-a874-dc44e968f89c,11,4.0,,,,98.55,52.44,63.21,44.97,52.48,49.87
2025-12-16T10:16:30.801963,Recipe_A,455da03b-a6a4-4f92-a874-dc44e968f89c,11,4.0,,,,98.71,46.73,55.0,50.87,48.07,61.75
2025-12-16T10:16:31.801963,Recipe_A,455da03b-a6a4-4f92-a874-dc44e968f89c,11,4.0,,,,96.96,45.31,47.27,44.4,52.94,49.93
2025-12-16T10:16:32.801963,Recipe_A,455da03b-a6a4-4f92-a874-dc44e968f89c,11,4.0,,,,95.79,49.63,44.08,54.34,50.29,50.56
2025-12-16T10:16:33.801963,Recipe_A,455da03b-a6a4-4f92-a874-dc44e968f89c,11,4.0,,,,97.14,47.88,46.2,56.89,48.11,41.88
2025-12-16T10:16:34.801963,Recipe_A,455da03b-a6a4-4f92-a874-dc44e968f89c,11,1.0,,,,9.95,12.51,9.31,9.28,13.87,10.77
2025-12-16T10:16:35.801963,Recipe_A,455da03b-a6a4-4f92-a874-dc44e968f89c,11,1.0,,,,8.59,12.59,11.61,8.8,10.12,8.29
2025-12-16T10:16:36.801963,Recipe_A,455da03b-a6a4-4f92-a874-dc44e968f89c,11,1.0,,,,9.94,11.59,7.4,8.4,9.26,8.57
2025-12-16T10:16:36.801963,Recipe_A,455da03b-a6a4-4f92-a874-dc44e968f89c,11,1.0,Warning_3,Simulated Warning occurred,Warning,,,,,,
2025-12-16T10:16:37.801963,Recipe_A,455da03b-a6a4-4f92-a874-dc44e968f89c,11,1.0,,,,9.28,10.54,10.76,9.2,11.83,9.33
2025-12-16T10:16:38.801963,Recipe_A,455da03b-a6a4-4f92-a874-dc44e968f89c,11,1.0,,,,7.76,13.64,10.71,8.44,10.86,12.88
2025-12-16T10:16:39.801963,Recipe_A,455da03b-a6a4-4f92-a874-dc44e968f89c,11,1.0,,,,11.01,9.25,9.02,9.46,8.75,9.13
2025-12-16T10:16:40.801963,Recipe_A,455da03b-a6a4-4f92-a874-dc44e968f89c,11,1.0,,,,8.07,7.22,9.87,10.34,10.66,10.53
2025-12-16T10:16:41.801963,Recipe_A,455da03b-a6a4-4f92-a874-dc44e968f89c,11,1.0,,,,13.03,11.29,8.35,11.56,7.18,11.09
2025-12-16T10:16:42.801963,Recipe_A,455da03b-a6a4-4f92-a874-dc44e968f89c,11,1.0,,,,11.27,12.45,12.22,10.15,7.23,9.47
2025-12-16T10:16:43.801963,Recipe_A,455da03b-a6a4-4f92-a874-dc44e968f89c,11,1.0,,,,5.76,5.47,7.98,10.78,10.16,11.49
2025-12-16T10:16:44.801963,Recipe_A,455da03b-a6a4-4f92-a874-dc44e968f89c,11,1.0,,,,13.2,9.5,10.43,7.71,10.02,13.13
2025-12-16T10:16:45.801963,Recipe_A,455da03b-a6a4-4f92-a874-dc44e968f89c,11,0.0,,,,0.0,0.0,0.0,0.0,0.0,0.0
2025-12-16T10:16:46.801963,Recipe_A,455da03b-a6a4-4f92-a874-dc44e968f89c,11,0.0,,,,0.0,0.0,0.0,0.0,0.0,0.0
2025-12-16T10:16:47.801963,Recipe_A,455da03b-a6a4-4f92-a874-dc44e968f89c,11,0.0,,,,0.0,0.0,0.0,0.0,0.0,0.0
2025-12-16T10:16:48.801963,Recipe_A,455da03b-a6a4-4f92-a874-dc44e968f89c,11,0.0,,,,0.0,0.0,0.0,0.0,0.0,0.0
2025-12-16T10:16:49.801963,Recipe_A,455da03b-a6a4-4f92-a874-dc44e968f89c,11,0.0,,,,0.0,0.0,0.0,0.0,0.0,0.0
2025-12-16T10:16:50.801963,Recipe_A,455da03b-a6a4-4f92-a874-dc44e968f89c,11,0.0,,,,0.0,0.0,0.0,0.0,0.0,0.0
2025-12-16T10:16:51.801963,Recipe_A,455da03b-a6a4-4f92-a874-dc44e968f89c,11,0.0,,,,0.0,0.0,0.0,0.0,0.0,0.0
2025-12-16T10:16:52.801963,Recipe_A,455da03b-a6a4-4f92-a874-dc44e968f89c,11,0.0,,,,0.0,0.0,0.0,0.0,0.0,0.0
2025-12-16T10:16:53.801963,Recipe_A,455da03b-a6a4-4f92-a874-dc44e968f89c,11,0.0,,,,0.0,0.0,0.0,0.0,0.0,0.0
2025-12-16T10:16:54.801963,Recipe_A,455da03b-a6a4-4f92-a874-dc44e968f89c,11,0.0,,,,0.0,0.0,0.0,0.0,0.0,0.0
2025-12-16T10:16:55.801963,Recipe_A,455da03b-a6a4-4f92-a874-dc44e968f89c,11,0.0,,,,0.0,0.0,0.0,0.0,0.0,0.0
2025-12-16T10:16:56.801963,Recipe_A,455da03b-a6a4-4f92-a874-dc44e968f89c,11,0.0,,,,0.0,0.0,0.0,0.0,0.0,0.0
2025-12-16T10:16:57.801963,Recipe_A,455da03b-a6a4-4f92-a874-dc44e968f89c,11,0.0,,,,0.0,0.0,0.0,0.0,0.0,0.0
2025-12-16T10:16:58.801963,Recipe_A,455da03b-a6a4-4f92-a874-dc44e968f89c,11,0.0,,,,0.0,0.0,0.0,0.0,0.0,0.0
2025-12-16T10:16:59.801963,Recipe_A,455da03b-a6a4-4f92-a874-dc44e968f89c,11,0.0,,,,0.0,0.0,0.0,0.0,0.0,0.0
2025-12-16T10:17:00.801963,Recipe_A,455da03b-a6a4-4f92-a874-dc44e968f89c,11,0.0,,,,0.0,0.0,0.0,0.0,0.0,0.0
2025-12-16T10:17:01.801963,Recipe_A,455da03b-a6a4-4f92-a874-dc44e968f89c,11,0.0,,,,0.0,0.0,0.0,0.0,0.0,0.0
2025-12-16T10:17:02.801963,Recipe_A,455da03b-a6a4-4f92-a874-dc44e968f89c,11,0.0,,,,0.0,0.0,0.0,0.0,0.0,0.0
2025-12-16T10:17:03.801963,Recipe_A,455da03b-a6a4-4f92-a874-dc44e968f89c,11,0.0,,,,0.0,0.0,0.0,0.0,0.0,0.0
2025-12-16T10:17:04.801963,Recipe_A,455da03b-a6a4-4f92-a874-dc44e968f89c,11,0.0,,,,0.0,0.0,0.0,0.0,0.0,0.0
2025-12-16T10:17:05.801963,Recipe_A,455da03b-a6a4-4f92-a874-dc44e968f89c,11,0.0,,,,0.0,0.0,0.0,0.0,0.0,0.0
2025-12-16T10:17:06.801963,Recipe_A,455da03b-a6a4-4f92-a874-dc44e968f89c,11,0.0,,,,0.0,0.0,0.0,0.0,0.0,0.0
2025-12-16T10:17:07.801963,Recipe_A,455da03b-a6a4-4f92-a874-dc44e968f89c,11,0.0,,,,0.0,0.0,0.0,0.0,0.0,0.0
2025-12-16T10:17:08.801963,Recipe_A,455da03b-a6a4-4f92-a874-dc44e968f89c,11,0.0,,,,0.0,0.0,0.0,0.0,0.0,0.0
2025-12-16T10:17:09.801963,Recipe_A,455da03b-a6a4-4f92-a874-dc44e968f89c,11,0.0,,,,0.0,0.0,0.0,0.0,0.0,0.0
2025-12-16T10:17:10.801963,Recipe_A,455da03b-a6a4-4f92-a874-dc44e968f89c,11,0.0,,,,0.0,0.0,0.0,0.0,0.0,0.0
2025-12-16T10:17:11.801963,Recipe_A,455da03b-a6a4-4f92-a874-dc44e968f89c,11,0.0,,,,0.0,0.0,0.0,0.0,0.0,0.0
2025-12-16T10:17:12.801963,Recipe_A,455da03b-a6a4-4f92-a874-dc44e968f89c,11,0.0,,,,0.0,0.0,0.0,0.0,0.0,0.0
2025-12-16T10:17:13.801963,Recipe_A,455da03b-a6a4-4f92-a874-dc44e968f89c,11,0.0,,,,0.0,0.0,0.0,0.0,0.0,0.0
2025-12-16T10:17:14.801963,Recipe_A,455da03b-a6a4-4f92-a874-dc44e968f89c,11,0.0,,,,0.0,0.0,0.0,0.0,0.0,0.0
2025-12-16T10:17:15.801963,Recipe_A,455da03b-a6a4-4f92-a874-dc44e968f89c,11,0.0,,,,0.0,0.0,0.0,0.0,0.0,0.0
2025-12-16T10:17:16.801963,Recipe_A,455da03b-a6a4-4f92-a874-dc44e968f89c,11,0.0,,,,0.0,0.0,0.0,0.0,0.0,0.0
2025-12-16T10:17:17.801963,Recipe_A,455da03b-a6a4-4f92-a874-dc44e968f89c,11,0.0,,,,0.0,0.0,0.0,0.0,0.0,0.0
2025-12-16T10:17:18.801963,Recipe_A,455da03b-a6a4-4f92-a874-dc44e968f89c,11,0.0,,,,0.0,0.0,0.0,0.0,0.0,0.0
2025-12-16T10:17:19.801963,Recipe_A,455da03b-a6a4-4f92-a874-dc44e968f89c,11,0.0,,,,0.0,0.0,0.0,0.0,0.0,0.0
2025-12-16T10:17:20.801963,Recipe_A,455da03b-a6a4-4f92-a874-dc44e968f89c,11,0.0,,,,0.0,0.0,0.0,0.0,0.0,0.0
2025-12-16T10:17:21.801963,Recipe_A,455da03b-a6a4-4f92-a874-dc44e968f89c,11,0.0,,,,0.0,0.0,0.0,0.0,0.0,0.0
2025-12-16T10:17:22.801963,Recipe_A,455da03b-a6a4-4f92-a874-dc44e968f89c,11,0.0,,,,0.0,0.0,0.0,0.0,0.0,0.0
2025-12-16T10:17:23.801963,Recipe_A,455da03b-a6a4-4f92-a874-dc44e968f89c,11,0.0,,,,0.0,0.0,0.0,0.0,0.0,0.0
2025-12-16T10:17:24.801963,Recipe_A,455da03b-a6a4-4f92-a874-dc44e968f89c,11,0.0,,,,0.0,0.0,0.0,0.0,0.0,0.0
2025-12-16T10:17:25.801963,Recipe_A,455da03b-a6a4-4f92-a874-dc44e968f89c,11,0.0,,,,0.0,0.0,0.0,0.0,0.0,0.0
2025-12-16T10:17:26.801963,Recipe_A,455da03b-a6a4-4f92-a874-dc44e968f89c,11,0.0,,,,0.0,0.0,0.0,0.0,0.0,0.0
2025-12-16T10:17:27.801963,Recipe_A,455da03b-a6a4-4f92-a874-dc44e968f89c,11,0.0,,,,0.0,0.0,0.0,0.0,0.0,0.0
2025-12-16T10:17:28.801963,Recipe_A,455da03b-a6a4-4f92-a874-dc44e968f89c,11,0.0,,,,0.0,0.0,0.0,0.0,0.0,0.0
2025-12-16T10:17:29.801963,Recipe_A,455da03b-a6a4-4f92-a874-dc44e968f89c,11,0.0,,,,0.0,0.0,0.0,0.0,0.0,0.0
2025-12-16T10:17:30.801963,Recipe_A,455da03b-a6a4-4f92-a874-dc44e968f89c,11,0.0,,,,0.0,0.0,0.0,0.0,0.0,0.0
2025-12-16T10:17:31.801963,Recipe_A,455da03b-a6a4-4f92-a874-dc44e968f89c,11,5.0,,,,6.95,9.79,7.18,9.95,11.44,9.34
2025-12-16T10:17:32.801963,Recipe_A,455da03b-a6a4-4f92-a874-dc44e968f89c,11,5.0,,,,13.94,13.33,10.19,11.92,9.29,11.83
2025-12-16T10:17:33.801963,Recipe_A,455da03b-a6a4-4f92-a874-dc44e968f89c,11,5.0,,,,9.21,8.74,12.36,12.86,7.22,7.99
2025-12-16T10:17:34.801963,Recipe_A,455da03b-a6a4-4f92-a874-dc44e968f89c,11,5.0,,,,12.28,8.9,8.88,11.42,8.81,10.57
2025-12-16T10:17:35.801963,Recipe_A,455da03b-a6a4-4f92-a874-dc44e968f89c,11,5.0,,,,9.84,10.93,10.03,13.49,11.02,7.5
2025-12-16T10:17:36.801963,Recipe_A,455da03b-a6a4-4f92-a874-dc44e968f89c,11,5.0,,,,9.97,7.33,5.05,8.49,6.65,9.06
2025-12-16T10:17:37.801963,Recipe_A,455da03b-a6a4-4f92-a874-dc44e968f89c,11,5.0,,,,9.14,9.43,13.8,9.69,8.16,10.31
2025-12-16T10:17:38.801963,Recipe_A,455da03b-a6a4-4f92-a874-dc44e968f89c,11,5.0,,,,10.0,8.24,7.44,10.15,8.66,11.13
2025-12-16T10:17:39.801963,Recipe_A,455da03b-a6a4-4f92-a874-dc44e968f89c,11,5.0,,,,11.08,9.59,12.47,12.0,9.05,8.57
2025-12-16T10:17:40.801963,Recipe_A,455da03b-a6a4-4f92-a874-dc44e968f89c,11,5.0,,,,11.58,7.8,12.49,7.85,9.27,9.63
2025-12-16T10:17:41.801963,Recipe_A,455da03b-a6a4-4f92-a874-dc44e968f89c,11,5.0,,,,11.3,10.0,4.87,8.19,10.59,8.86
2025-12-16T10:17:42.801963,Recipe_A,455da03b-a6a4-4f92-a874-dc44e968f89c,11,5.0,,,,11.24,8.92,9.62,9.74,9.49,12.45
2025-12-16T10:17:43.801963,Recipe_A,455da03b-a6a4-4f92-a874-dc44e968f89c,11,5.0,,,,13.03,14.63,9.75,8.31,9.66,11.23
2025-12-16T10:17:44.801963,Recipe_A,455da03b-a6a4-4f92-a874-dc44e968f89c,11,5.0,,,,8.4,10.08,14.33,10.63,6.53,7.1
2025-12-16T10:17:45.801963,Recipe_A,455da03b-a6a4-4f92-a874-dc44e968f89c,11,5.0,,,,9.14,9.89,10.21,16.84,7.95,11.81
2025-12-16T10:17:46.801963,Recipe_A,455da03b-a6a4-4f92-a874-dc44e968f89c,11,5.0,,,,11.35,11.19,12.71,10.66,8.06,9.0
2025-12-16T10:17:47.801963,Recipe_A,455da03b-a6a4-4f92-a874-dc44e968f89c,11,4.0,,,,87.51,50.8,39.74,54.12,43.84,48.1
2025-12-16T10:17:48.801963,Recipe_A,455da03b-a6a4-4f92-a874-dc44e968f89c,11,4.0,,,,107.95,53.95,46.45,55.89,47.61,44.33
2025-12-16T10:17:49.801963,Recipe_A,455da03b-a6a4-4f92-a874-dc44e968f89c,11,4.0,,,,102.76,44.42,49.08,51.73,54.65,44.07
2025-12-16T10:17:50.801963,Recipe_A,455da03b-a6a4-4f92-a874-dc44e968f89c,11,4.0,,,,101.57,43.31,53.97,54.63,46.57,56.4
2025-12-16T10:17:51.801963,Recipe_A,455da03b-a6a4-4f92-a874-dc44e968f89c,11,4.0,,,,95.7,49.71,55.37,47.27,45.69,58.03
2025-12-16T10:17:52.801963,Recipe_A,455da03b-a6a4-4f92-a874-dc44e968f89c,11,4.0,,,,98.81,59.04,48.12,48.92,51.51,48.2
2025-12-16T10:17:53.801963,Recipe_A,455da03b-a6a4-4f92-a874-dc44e968f89c,11,4.0,,,,102.16,45.48,53.24,40.17,48.09,48.76
