Timestamp,RecipeId,JobId,RunId,Active_State_General_StaOperatingState,Name,Text,Severity,Active_ActProcVal_All_MainDrive_ActSpeed,Active_ActProcVal_All_MainDrive_ActTorquePercent,Active_ActProcVal_All_MainDrive_ActThroughput,Active_ActProcVal_All_MainDrive_ActPower,Active_ActProcVal_All_MainDrive_ActSME,Active_ActProcVal_All_Endplate_ActPressure
2025-12-15T16:50:54.801963,Recipe_B,610592ff-dcbe-4f1d-8eb4-f593c5d7ac78,2,0.0,,,,0.0,0.0,0.0,0.0,0.0,0.0
2025-12-15T16:50:55.801963,Recipe_B,610592ff-dcbe-4f1d-8eb4-f593c5d7ac78,2,0.0,,,,0.0,0.0,0.0,0.0,0.0,0.0
2025-12-15T16:50:56.801963,Recipe_B,610592ff-dcbe-4f1d-8eb4-f593c5d7ac78,2,0.0,,,,0.0,0.0,0.0,0.0,0.0,0.0
2025-12-15T16:50:57.801963,Recipe_B,610592ff-dcbe-4f1d-8eb4-f593c5d7ac78,2,0.0,,,,0.0,0.0,0.0,0.0,0.0,0.0
2025-12-15T16:50:58.801963,Recipe_B,610592ff-dcbe-4f1d-8eb4-f593c5d7ac78,2,0.0,,,,0.0,0.0,0.0,0.0,0.0,0.0
2025-12-15T16:50:59.801963,Recipe_B,610592ff-dcbe-4f1d-8eb4-f593c5d7ac78,2,0.0,,,,0.0,0.0,0.0,0.0,0.0,0.0
2025-12-15T16:51:00.801963,Recipe_B,610592ff-dcbe-4f1d-8eb4-f593c5d7ac78,2,0.0,,,,0.0,0.0,0.0,0.0,0.0,0.0
2025-12-15T16:51:01.801963,Recipe_B,610592ff-dcbe-4f1d-8eb4-f593c5d7ac78,2,0.0,,,,0.0,0.0,0.0,0.0,0.0,0.0
2025-12-15T16:51:02.801963,Recipe_B,610592ff-dcbe-4f1d-8eb4-f593c5d7ac78,2,0.0,,,,0.0,0.0,0.0,0.0,0.0,0.0
2025-12-15T16:51:03.801963,Recipe_B,610592ff-dcbe-4f1d-8eb4-f593c5d7ac78,2,0.0,,,,0.0,0.0,0.0,0.0,0.0,0.0
2025-12-15T16:51:04.801963,Recipe_B,610592ff-dcbe-4f1d-8eb4-f593c5d7ac78,2,0.0,,,,0.0,0.0,0.0,0.0,0.0,0.0
2025-12-15T16:51:05.801963,Recipe_B,610592ff-dcbe-4f1d-8eb4-f593c5d7ac78,2,0.0,,,,0.0,0.0,0.0,0.0,0.0,0.0
2025-12-15T16:51:06.801963,Recipe_B,610592ff-dcbe-4f1d-8eb4-f593c5d7ac78,2,0.0,,,,0.0,0.0,0.0,0.0,0.0,0.0
2025-12-15T16:51:07.801963,Recipe_B,610592ff-dcbe-4f1d-8eb4-f593c5d7ac78,2,0.0,,,,0.0,0.0,0.0,0.0,0.0,0.0
2025-12-15T16:51:08.801963,Recipe_B,610592ff-dcbe-4f1d-8eb4-f593c5d7ac78,2,0.0,,,,0.0,0.0,0.0,0.0,0.0,0.0
2025-12-15T16:51:09.801963,Recipe_B,610592ff-dcbe-4f1d-8eb4-f593c5d7ac78,2,0.0,,,,0.0,0.0,0.0,0.0,0.0,0.0
2025-12-15T16:51:10.801963,Recipe_B,610592ff-dcbe-4f1d-8eb4-f593c5d7ac78,2,0.0,,,,0.0,0.0,0.0,0.0,0.0,0.0
2025-12-15T16:51:11.801963,Recipe_B,610592ff-dcbe-4f1d-8eb4-f593c5d7ac78,2,0.0,,,,0.0,0.0,0.0,0.0,0.0,0.0
2025-12-15T16:51:12.801963,Recipe_B,610592ff-dcbe-4f1d-8eb4-f593c5d7ac78,2,0.0,,,,0.0,0.0,0.0,0.0,0.0,0.0
2025-12-15T16:51:13.801963,Recipe_B,610592ff-dcbe-4f1d-8eb4-f593c5d7ac78,2,0.0,,,,0.0,0.0,0.0,0.0,0.0,0.0
2025-12-15T16:51:14.801963,Recipe_B,610592ff-dcbe-4f1d-8eb4-f593c5d7ac78,2,0.0,,,,0.0,0.0,0.0,0.0,0.0,0.0
2025-12-15T16:51:15.801963,Recipe_B,610592ff-dcbe-4f1d-8eb4-f593c5d7ac78,2,0.0,,,,0.0,0.0,0.0,0.0,0.0,0.0
2025-12-15T16:51:16.801963,Recipe_B,610592ff-dcbe-4f1d-8eb4-f593c5d7ac78,2,0.0,,,,0.0,0.0,0.0,0.0,0.0,0.0
2025-12-15T16:51:17.801963,Recipe_B,610592ff-dcbe-4f1d-8eb4-f593c5d7ac78,2,0.0,,,,0.0,0.0,0.0,0.0,0.0,0.0
2025-12-15T16:51:18.801963,Recipe_B,610592ff-dcbe-4f1d-8eb4-f593c5d7ac78,2,0.0,,,,0.0,0.0,0.0,0.0,0.0,0.0
2025-12-15T16:51:19.801963,Recipe_B,610592ff-dcbe-4f1d-8eb4-f593c5d7ac78,2,0.0,,,,0.0,0.0,0.0,0.0,0.0,0.0
2025-12-15T16:51:20.801963,Recipe_B,610592ff-dcbe-4f1d-8eb4-f593c5d7ac78,2,0.0,,,,0.0,0.0,0.0,0.0,0.0,0.0
2025-12-15T16:51:21.801963,Recipe_B,610592ff-dcbe-4f1d-8eb4-f593c5d7ac78,2,0.0,,,,0.0,0.0,0.0,0.0,0.0,0.0
2025-12-15T16:51:22.801963,Recipe_B,610592ff-dcbe-4f1d-8eb4-f593c5d7ac78,2,0.0,,,,0.0,0.0,0.0,0.0,0.0,0.0
2025-12-15T16:51:23.801963,Recipe_B,610592ff-dcbe-4f1d-8eb4-f593c5d7ac78,2,0.0,,,,0.0,0.0,0.0,0.0,0.0,0.0
2025-12-15T16:51:24.801963,Recipe_B,610592ff-dcbe-4f1d-8eb4-f593c5d7ac78,2,0.0,,,,0.0,0.0,0.0,0.0,0.0,0.0
2025-12-15T16:51:25.801963,Recipe_B,610592ff-dcbe-4f1d-8eb4-f593c5d7ac78,2,0.0,,,,0.0,0.0,0.0,0.0,0.0,0.0
2025-12-15T16:51:26.801963,Recipe_B,610592ff-dcbe-4f1d-8eb4-f593c5d7ac78,2,0.0,,,,0.0,0.0,0.0,0.0,0.0,0.0
2025-12-15T16:51:27.801963,Recipe_B,610592ff-dcbe-4f1d-8eb4-f593c5d7ac78,2,0.0,,,,0.0,0.0,0.0,0.0,0.0,0.0
2025-12-15T16:51:28.801963,Recipe_B,610592ff-dcbe-4f1d-8eb4-f593c5d7ac78,2,0.0,,,,0.0,0.0,0.0,0.0,0.0,0.0
2025-12-15T16:51:29.801963,Recipe_B,610592ff-dcbe-4f1d-8eb4-f593c5d7ac78,2,0.0,,,,0.0,0.0,0.0,0.0,0.0,0.0
2025-12-15T16:51:30.801963,Recipe_B,610592ff-dcbe-4f1d-8eb4-f593c5d7ac78,2,0.0,,,,0.0,0.0,0.0,0.0,0.0,0.0
2025-12-15T16:51:31.801963,Recipe_B,610592ff-dcbe-4f1d-8eb4-f593c5d7ac78,2,0.0,,,,0.0,0.0,0.0,0.0,0.0,0.0
2025-12-15T16:51:32.801963,Recipe_B,610592ff-dcbe-4f1d-8eb4-f593c5d7ac78,2,0.0,,,,0.0,0.0,0.0,0.0,0.0,0.0
2025-12-15T16:51:33.801963,Recipe_B,610592ff-dcbe-4f1d-8eb4-f593c5d7ac78,2,0.0,,,,0.0,0.0,0.0,0.0,0.0,0.0
2025-12-15T16:51:34.801963,Recipe_B,610592ff-dcbe-4f1d-8eb4-f593c5d7ac78,2,0.0,,,,0.0,0.0,0.0,0.0,0.0,0.0
2025-12-15T16:51:35.801963,Recipe_B,610592ff-dcbe-4f1d-8eb4-f593c5d7ac78,2,0.0,,,,0.0,0.0,0.0,0.0,0.0,0.0
2025-12-15T16:51:36.801963,Recipe_B,610592ff-dcbe-4f1d-8eb4-f593c5d7ac78,2,0.0,,,,0.0,0.0,0.0,0.0,0.0,0.0
2025-12-15T16:51:37.801963,Recipe_B,610592ff-dcbe-4f1d-8eb4-f593c5d7ac78,2,0.0,,,,0.0,0.0,0.0,0.0,0.0,0.0
2025-12-15T16:51:38.801963,Recipe_B,610592ff-dcbe-4f1d-8eb4-f593c5d7ac78,2,0.0,,,,0.0,0.0,0.0,0.0,0.0,0.0
2025-12-15T16:51:39.801963,Recipe_B,610592ff-dcbe-4f1d-8eb4-f593c5d7ac78,2,0.0,,,,0.0,0.0,0.0,0.0,0.0,0.0
2025-12-15T16:51:40.801963,Recipe_B,610592ff-dcbe-4f1d-8eb4-f593c5d7ac78,2,0.0,,,,0.0,0.0,0.0,0.0,0.0,0.0
2025-12-15T16:51:41.801963,Recipe_B,610592ff-dcbe-4f1d-8eb4-f593c5d7ac78,2,0.0,,,,0.0,0.0,0.0,0.0,0.0,0.0
2025-12-15T16:51:42.801963,Recipe_B,610592ff-dcbe-4f1d-8eb4-f593c5d7ac78,2,0.0,,,,0.0,0.0,0.0,0.0,0.0,0.0
2025-12-15T16:51:43.801963,Recipe_B,610592ff-dcbe-4f1d-8eb4-f593c5d7ac78,2,0.0,,,,0.0,0.0,0.0,0.0,0.0,0.0
2025-12-15T16:51:44.801963,Recipe_B,610592ff-dcbe-4f1d-8eb4-f593c5d7ac78,2,0.0,,,,0.0,0.0,0.0,0.0,0.0,0.0
2025-12-15T16:51:45.801963,Recipe_B,610592ff-dcbe-4f1d-8eb4-f593c5d7ac78,2,0.0,,,,0.0,0.0,0.0,0.0,0.0,0.0
2025-12-15T16:51:46.801963,Recipe_B,610592ff-dcbe-4f1d-8eb4-f593c5d7ac78,2,2.0,,,,10.17,10.34,9.81,9.51,8.34,7.64
2025-12-15T16:51:47.801963,Recipe_B,610592ff-dcbe-4f1d-8eb4-f593c5d7ac78,2,2.0,,,,7.91,8.84,9.32,8.1,9.62,12.62
2025-12-15T16:51:48.801963,Recipe_B,610592ff-dcbe-4f1d-8eb4-f593c5d7ac78,2,2.0,,,,11.43,10.62,11.75,7.78,8.98,9.32
2025-12-15T16:51:49.801963,Recipe_B,610592ff-dcbe-4f1d-8eb4-f593c5d7ac78,2,2.0,,,,11.39,13.01,8.89,11.78,10.55,8.92
2025-12-15T16:51:50.801963,Recipe_B,610592ff-dcbe-4f1d-8eb4-f593c5d7ac78,2,1.0,,,,11.38,10.29,7.68,13.96,11.25,9.41
2025-12-15T16:51:51.801963,Recipe_B,610592ff-dcbe-4f1d-8eb4-f593c5d7ac78,2,1.0,,,,7.65,7.56,10.34,7.95,11.39,10.85
2025-12-15T16:51:52.801963,Recipe_B,610592ff-dcbe-4f1d-8eb4-f593c5d7ac78,2,1.0,,,,9.39,6.17,9.98,7.83,10.73,7.02
2025-12-15T16:51:53.801963,Recipe_B,610592ff-dcbe-4f1d-8eb4-f593c5d7ac78,2,1.0,,,,11.58,8.98,7.03,10.43,5.75,8.86
2025-12-15T16:51:54.801963,Recipe_B,610592ff-dcbe-4f1d-8eb4-f593c5d7ac78,2,1.0,,,,7.29,10.58,5.57,10.46,12.92,10.2
2025-12-15T16:51:55.801963,Recipe_B,610592ff-dcbe-4f1d-8eb4-f593c5d7ac78,2,1.0,,,,10.51,8.86,10.84,12.31,13.72,7.66
2025-12-15T16:51:56.801963,Recipe_B,610592ff-dcbe-4f1d-8eb4-f593c5d7ac78,2,1.0,,,,7.7,9.76,9.8,11.15,11.18,7.19
2025-12-15T16:51:57.801963,Recipe_B,610592ff-dcbe-4f1d-8eb4-f593c5d7ac78,2,1.0,,,,10.61,6.77,9.5,8.46,10.54,12.24
2025-12-15T16:51:58.801963,Recipe_B,610592ff-dcbe-4f1d-8eb4-f593c5d7ac78,2,1.0,,,,14.42,8.91,13.29,6.88,6.97,6.96
2025-12-15T16:51:59.801963,Recipe_B,610592ff-dcbe-4f1d-8eb4-f593c5d7ac78,2,1.0,,,,12.02,17.58,8.04,10.56,11.42,10.63
2025-12-15T16:52:00.801963,Recipe_B,610592ff-dcbe-4f1d-8eb4-f593c5d7ac78,2,1.0,,,,7.84,12.38,12.79,10.92,8.58,10.25
2025-12-15T16:52:01.801963,Recipe_B,610592ff-dcbe-4f1d-8eb4-f593c5d7ac78,2,1.0,,,,12.77,11.33,9.57,10.05,8.9,8.59
2025-12-15T16:52:02.801963,Recipe_B,610592ff-dcbe-4f1d-8eb4-f593c5d7ac78,2,1.0,,,,11.87,10.85,8.92,11.65,8.03,7.89
2025-12-15T16:52:03.801963,Recipe_B,610592ff-dcbe-4f1d-8eb4-f593c5d7ac78,2,1.0,,,,12.15,6.39,11.07,7.44,12.28,9.91
2025-12-15T16:52:04.801963,Recipe_B,610592ff-dcbe-4f1d-8eb4-f593c5d7ac78,2,1.0,,,,9.83,10.44,9.48,10.15,11.08,9.43
2025-12-15T16:52:05.801963,Recipe_B,610592ff-dcbe-4f1d-8eb4-f593c5d7ac78,2,1.0,,,,10.43,7.83,12.98,8.27,7.63,9.85
2025-12-15T16:52:06.801963,Recipe_B,610592ff-dcbe-4f1d-8eb4-f593c5d7ac78,2,1.0,,,,9.67,7.26,10.54,9.89,9.76,5.63
2025-12-15T16:52:07.801963,Recipe_B,610592ff-dcbe-4f1d-8eb4-f593c5d7ac78,2,1.0,,,,10.04,6.72,9.63,9.44,8.71,8.04
2025-12-15T16:52:08.801963,Recipe_B,610592ff-dcbe-4f1d-8eb4-f593c5d7ac78,2,2.0,,,,7.29,11.14,12.05,11.54,9.19,7.06
2025-12-15T16:52:09.801963,Recipe_B,610592ff-dcbe-4f1d-8eb4-f593c5d7ac78,2,2.0,,,,11.45,12.42,13.04,8.95,8.32,11.69
2025-12-15T16:52:10.801963,Recipe_B,610592ff-dcbe-4f1d-8eb4-f593c5d7ac78,2,2.0,,,,9.71,10.8,9.16,10.36,7.62,7.78
2025-12-15T16:52:11.801963,Recipe_B,610592ff-dcbe-4f1d-8eb4-f593c5d7ac78,2,2.0,,,,6.09,6.97,8.41,9.75,12.08,8.66
2025-12-15T16:52:12.801963,Recipe_B,610592ff-dcbe-4f1d-8eb4-f593c5d7ac78,2,2.0,,,,6.69,8.88,8.7,9.82,11.59,10.5
2025-12-15T16:52:13.801963,Recipe_B,610592ff-dcbe-4f1d-8eb4-f593c5d7ac78,2,2.0,,,,12.15,9.66,10.92,10.62,12.34,10.0
2025-12-15T16:52:14.801963,Recipe_B,610592ff-dcbe-4f1d-8eb4-f593c5d7ac78,2,2.0,,,,11.53,12.75,11.54,9.38,7.25,8.16
2025-12-15T16:52:15.801963,Recipe_B,610592ff-dcbe-4f1d-8eb4-f593c5d7ac78,2,2.0,,,,12.81,10.73,5.51,6.59,7.66,14.14
2025-12-15T16:52:16.801963,Recipe_B,610592ff-dcbe-4f1d-8eb4-f593c5d7ac78,2,3.0,,,,11.92,11.24,8.05,7.74,6.44,6.74
2025-12-15T16:52:17.801963,Recipe_B,610592ff-dcbe-4f1d-8eb4-f593c5d7ac78,2,5.0,,,,10.22,10.95,6.54,7.92,12.35,10.21
2025-12-15T16:52:18.801963,Recipe_B,610592ff-dcbe-4f1d-8eb4-f593c5d7ac78,2,5.0,,,,9.54,12.55,8.22,9.07,10.26,10.15
2025-12-15T16:52:19.801963,Recipe_B,610592ff-dcbe-4f1d-8eb4-f593c5d7ac78,2,5.0,,,,8.33,7.58,7.27,12.43,12.68,10.04
2025-12-15T16:52:20.801963,Recipe_B,610592ff-dcbe-4f1d-8eb4-f593c5d7ac78,2,5.0,,,,10.07,11.21,10.41,10.56,5.81,9.86
2025-12-15T16:52:21.801963,Recipe_B,610592ff-dcbe-4f1d-8eb4-f593c5d7ac78,2,5.0,,,,7.73,10.66,16.01,8.72,12.06,7.69
2025-12-15T16:52:22.801963,Recipe_B,610592ff-dcbe-4f1d-8eb4-f593c5d7ac78,2,5.0,,,,7.28,12.77,8.48,7.89,8.22,8.14
2025-12-15T16:52:23.801963,Recipe_B,610592ff-dcbe-4f1d-8eb4-f593c5d7ac78,2,5.0,,,,14.56,9.83,9.44,10.82,6.39,14.02
2025-12-15T16:52:24.801963,Recipe_B,610592ff-dcbe-4f1d-8eb4-f593c5d7ac78,2,5.0,,,,7.98,12.71,9.96,12.47,12.13,11.35
2025-12-15T16:52:25.801963,Recipe_B,610592ff-dcbe-4f1d-8eb4-f593c5d7ac78,2,5.0,,,,11.35,8.89,6.78,10.24,8.83,8.79
2025-12-15T16:52:26.801963,Recipe_B,610592ff-dcbe-4f1d-8eb4-f593c5d7ac78,2,5.0,,,,6.69,11.28,12.45,5.35,10.43,11.51
2025-12-15T16:52:27.801963,Recipe_B,610592ff-dcbe-4f1d-8eb4-f593c5d7ac78,2,5.0,,,,6.84,11.95,13.49,7.75,9.32,9.26
2025-12-15T16:52:28.801963,Recipe_B,610592ff-dcbe-4f1d-8eb4-f593c5d7ac78,2,5.0,,,,6.16,7.59,7.86,8.64,11.63,10.63
2025-12-15T16:52:29.801963,Recipe_B,610592ff-dcbe-4f1d-8eb4-f593c5d7ac78,2,5.0,,,,13.42,11.79,5.46,8.75,9.46,7.04
2025-12-15T16:52:30.801963,Recipe_B,610592ff-dcbe-4f1d-8eb4-f593c5d7ac78,2,5.0,,,,10.15,10.11,11.41,10.67,10.83,12.5
2025-12-15T16:52:31.801963,Recipe_B,610592ff-dcbe-4f1d-8eb4-f593c5d7ac78,2,5.0,,,,10.12,8.66,12.8,10.97,11.9,8.02
2025-12-15T16:52:32.801963,Recipe_B,610592ff-dcbe-4f1d-8eb4-f593c5d7ac78,2,5.0,,,,10.11,9.41,10.47,9.03,12.39,14.7
2025-12-15T16:52:33.801963,Recipe_B,610592ff-dcbe-4f1d-8eb4-f593c5d7ac78,2,5.0,,,,7.56,8.66,11.76,10.51,8.81,10.19
2025-12-15T16:52:34.801963,Recipe_B,610592ff-dcbe-4f1d-8eb4-f593c5d7ac78,2,5.0,,,,10.94,10.14,9.9,7.76,11.54,10.22
2025-12-15T16:52:35.801963,Recipe_B,610592ff-dcbe-4f1d-8eb4-f593c5d7ac78,2,5.0,,,,9.38,11.03,8.97,8.52,11.03,11.78
2025-12-15T16:52:36.801963,Recipe_B,610592ff-dcbe-4f1d-8eb4-f593c5d7ac78,2,5.0,,,,11.4,13.54,12.3,7.69,10.97,9.23
2025-12-15T16:52:37.801963,Recipe_B,610592ff-dcbe-4f1d-8eb4-f593c5d7ac78,2,5.0,,,,13.27,11.17,15.94,10.85,10.16,11.93
2025-12-15T16:52:38.801963,Recipe_B,610592ff-dcbe-4f1d-8eb4-f593c5d7ac78,2,5.0,,,,9.37,9.7,12.19,7.63,11.77,8.86
2025-12-15T16:52:39.801963,Recipe_B,610592ff-dcbe-4f1d-8eb4-f593c5d7ac78,2,5.0,,,,9.43,12.35,8.59,7.79,10.01,9.32
2025-12-15T16:52:40.801963,Recipe_B,610592ff-dcbe-4f1d-8eb4-f593c5d7ac78,2,5.0,,,,10.11,11.6,8.94,8.34,10.08,10.12
2025-12-15T16:52:41.801963,Recipe_B,610592ff-dcbe-4f1d-8eb4-f593c5d7ac78,2,5.0,,,,11.1,8.81,14.26,10.91,15.08,8.34
2025-12-15T16:52:42.801963,Recipe_B,610592ff-dcbe-4f1d-8eb4-f593c5d7ac78,2,5.0,,,,11.48,10.15,10.18,10.55,8.05,6.97
2025-12-15T16:52:43.801963,Recipe_B,610592ff-dcbe-4f1d-8eb4-f593c5d7ac78,2,5.0,,,,11.49,9.0,12.2,8.04,10.34,9.66
2025-12-15T16:52:44.801963,Recipe_B,610592ff-dcbe-4f1d-8eb4-f593c5d7ac78,2,5.0,,,,12.07,13.35,10.98,10.62,6.63,12.77
2025-12-15T16:52:45.801963,Recipe_B,610592ff-dcbe-4f1d-8eb4-f593c5d7ac78,2,5.0,,,,10.66,11.19,8.68,9.5,8.99,15.84
2025-12-15T16:52:46.801963,Recipe_B,610592ff-dcbe-4f1d-8eb4-f593c5d7ac78,2,5.0,,,,10.93,10.8,9.78,12.6,7.15,11.19
2025-12-15T16:52:47.801963,Recipe_B,610592ff-dcbe-4f1d-8eb4-f593c5d7ac78,2,5.0,,,,11.33,9.42,9.18,6.3,6.04,12.4
2025-12-15T16:52:48.801963,Recipe_B,610592ff-dcbe-4f1d-8eb4-f593c5d7ac78,2,5.0,,,,7.85,8.35,11.06,10.82,10.27,9.66
2025-12-15T16:52:49.801963,Recipe_B,610592ff-dcbe-4f1d-8eb4-f593c5d7ac78,2,5.0,,,,7.99,8.56,7.49,9.52,12.43,8.56
2025-12-15T16:52:50.801963,Recipe_B,610592ff-dcbe-4f1d-8eb4-f593c5d7ac78,2,5.0,,,,5.81,15.25,10.38,9.73,3.88,11.25
2025-12-15T16:52:51.801963,Recipe_B,610592ff-dcbe-4f1d-8eb4-f593c5d7ac78,2,5.0,,,,12.12,10.36,6.92,11.75,8.61,10.73
2025-12-15T16:52:52.801963,Recipe_B,610592ff-dcbe-4f1d-8eb4-f593c5d7ac78,2,5.0,,,,9.63,11.01,8.06,10.61,10.0,10.96
2025-12-15T16:52:53.801963,Recipe_B,610592ff-dcbe-4f1d-8eb4-f593c5d7ac78,2,5.0,,,,7.98,11.1,10.08,8.84,8.87,6.72
2025-12-15T16:52:54.801963,Recipe_B,610592ff-dcbe-4f1d-8eb4-f593c5d7ac78,2,5.0,,,,10.32,10.27,11.75,12.31,12.26,7.19
2025-12-15T16:52:55.801963,Recipe_B,610592ff-dcbe-4f1d-8eb4-f593c5d7ac78,2,5.0,,,,8.0,7.04,8.63,13.95,9.42,13.25
2025-12-15T16:52:56.801963,Recipe_B,610592ff-dcbe-4f1d-8eb4-f593c5d7ac78,2,5.0,,,,7.6,9.61,9.9,12.9,10.97,10.58
2025-12-15T16:52:57.801963,Recipe_B,610592ff-dcbe-4f1d-8eb4-f593c5d7ac78,2,5.0,,,,11.56,8.78,8.28,9.42,10.35,12.9
2025-12-15T16:52:58.801963,Recipe_B,610592ff-dcbe-4f1d-8eb4-f593c5d7ac78,2,5.0,,,,6.92,9.93,5.68,7.67,12.85,10.92
2025-12-15T16:52:59.801963,Recipe_B,610592ff-dcbe-4f1d-8eb4-f593c5d7ac78,2,5.0,,,,11.9,8.68,11.45,13.14,13.69,12.93
2025-12-15T16:53:00.801963,Recipe_B,610592ff-dcbe-4f1d-8eb4-f593c5d7ac78,2,5.0,,,,9.07,10.2,8.91,10.74,8.04,7.69
2025-12-15T16:53:01.801963,Recipe_B,610592ff-dcbe-4f1d-8eb4-f593c5d7ac78,2,5.0,,,,10.77,10.24,10.24,14.42,12.98,11.44
2025-12-15T16:53:02.801963,Recipe_B,610592ff-dcbe-4f1d-8eb4-f593c5d7ac78,2,2.0,,,,10.48,8.54,11.01,8.64,8.73,12.05
2025-12-15T16:53:03.801963,Recipe_B,610592ff-dcbe-4f1d-8eb4-f593c5d7ac78,2,2.0,,,,13.11,8.99,8.68,12.31,10.26,13.34
2025-12-15T16:53:04.801963,Recipe_B,610592ff-dcbe-4f1d-8eb4-f593c5d7ac78,2,2.0,,,,10.97,11.52,11.2,9.74,11.04,10.7
2025-12-15T16:53:05.801963,Recipe_B,610592ff-dcbe-4f1d-8eb4-f593c5d7ac78,2,2.0,,,,7.69,9.27,11.4,7.02,12.97,11.22
2025-12-15T16:53:06.801963,Recipe_B,610592ff-dcbe-4f1d-8eb4-f593c5d7ac78,2,2.0,,,,8.87,10.77,10.8,9.9,9.66,6.61
2025-12-15T16:53:07.801963,Recipe_B,610592ff-dcbe-4f1d-8eb4-f593c5d7ac78,2,4.0,,,,93.71,51.87,49.58,56.52,51.36,57.33
2025-12-15T16:53:08.801963,Recipe_B,610592ff-dcbe-4f1d-8eb4-f593c5d7ac78,2,4.0,,,,103.88,51.69,49.52,52.37,52.85,49.75
2025-12-15T16:53:09.801963,Recipe_B,610592ff-dcbe-4f1d-8eb4-f593c5d7ac78,2,4.0,,,,100.35,54.84,44.27,42.67,51.59,53.35
2025-12-15T16:53:10.801963,Recipe_B,610592ff-dcbe-4f1d-8eb4-f593c5d7ac78,2,4.0,,,,102.39,47.04,46.55,48.26,56.6,52.24
2025-12-15T16:53:11.801963,Recipe_B,610592ff-dcbe-4f1d-8eb4-f593c5d7ac78,2,4.0,,,,93.62,41.63,48.47,43.12,52.38,58.55
2025-12-15T16:53:12.801963,Recipe_B,610592ff-dcbe-4f1d-8eb4-f593c5d7ac78,2,4.0,,,,98.02,52.66,48.88,45.07,47.53,57.74
2025-12-15T16:53:13.801963,Recipe_B,610592ff-dcbe-4f1d-8eb4-f593c5d7ac78,2,4.0,,,,98.14,49.74,44.46,53.62,48.21,50.0
2025-12-15T16:53:14.801963,Recipe_B,610592ff-dcbe-4f1d-8eb4-f593c5d7ac78,2,4.0,,,,96.96,44.13,53.35,49.06,54.78,46.93
2025-12-15T16:53:15.801963,Recipe_B,610592ff-dcbe-4f1d-8eb4-f593c5d7ac78,2,4.0,,,,89.95,56.78,51.97,44.54,50.09,45.94
2025-12-15T16:53:16.801963,Recipe_B,610592ff-dcbe-4f1d-8eb4-f593c5d7ac78,2,4.0,,,,99.85,53.01,52.69,57.25,50.25,43.2
2025-12-15T16:53:17.801963,Recipe_B,610592ff-dcbe-4f1d-8eb4-f593c5d7ac78,2,4.0,,,,105.09,53.94,54.99,51.25,50.93,40.11
2025-12-15T16:53:18.801963,Recipe_B,610592ff-dcbe-4f1d-8eb4-f593c5d7ac78,2,4.0,,,,89.49,54.32,48.02,56.42,56.99,62.71
2025-12-15T16:53:19.801963,Recipe_B,610592ff-dcbe-4f1d-8eb4-f593c5d7ac78,2,4.0,,,,94.67,52.8,43.98,55.34,49.99,58.93
2025-12-15T16:53:20.801963,Recipe_B,610592ff-dcbe-4f1d-8eb4-f593c5d7ac78,2,4.0,,,,97.15,43.72,50.18,58.37,48.91,45.87
2025-12-15T16:53:21.801963,Recipe_B,610592ff-dcbe-4f1d-8eb4-f593c5d7ac78,2,4.0,,,,102.93,52.51,48.7,50.07,49.82,54.46
2025-12-15T16:53:22.801963,Recipe_B,610592ff-dcbe-4f1d-8eb4-f593c5d7ac78,2,4.0,,,,102.34,38.89,51.83,52.27,49.43,54.05
2025-12-15T16:53:23.801963,Recipe_B,610592ff-dcbe-4f1d-8eb4-f593c5d7ac78,2,4.0,,,,100.57,47.86,45.34,45.36,55.43,48.13
2025-12-15T16:53:24.801963,Recipe_B,610592ff-dcbe-4f1d-8eb4-f593c5d7ac78,2,4.0,,,,96.05,47.49,44.92,50.71,48.91,50.82
2025-12-15T16:53:25.801963,Recipe_B,610592ff-dcbe-4f1d-8eb4-f593c5d7ac78,2,4.0,,,,90.34,54.83,48.79,48.9,40.7,39.03
2025-12-15T16:53:26.801963,Recipe_B,610592ff-dcbe-4f1d-8eb4-f593c5d7ac78,2,4.0,,,,94.93,47.72,45.64,44.71,52.37,58.06
2025-12-15T16:53:27.801963,Recipe_B,610592ff-dcbe-4f1d-8eb4-f593c5d7ac78,2,4.0,,,,98.16,41.07,49.57,34.72,52.03,48.48
2025-12-15T16:53:28.801963,Recipe_B,610592ff-dcbe-4f1d-8eb4-f593c5d7ac78,2,4.0,,,,101.98,52.58,51.32,48.91,51.89,52.02
2025-12-15T16:53:29.801963,Recipe_B,610592ff-dcbe-4f1d-8eb4-f593c5d7ac78,2,4.0,,,,96.56,49.0,54.75,51.7,49.68,47.0
2025-12-15T16:53:30.801963,Recipe_B,610592ff-dcbe-4f1d-8eb4-f593c5d7ac78,2,4.0,,,,98.93,50.07,51.12,40.89,49.13,42.33
2025-12-15T16:53:31.801963,Recipe_B,610592ff-dcbe-4f1d-8eb4-f593c5d7ac78,2,4.0,,,,104.72,58.46,43.45,42.08,50.21,48.03
2025-12-15T16:53:32.801963,Recipe_B,610592ff-dcbe-4f1d-8eb4-f593c5d7ac78,2,4.0,,,,98.72,44.19,48.94,51.54,51.19,49.28
2025-12-15T16:53:33.801963,Recipe_B,610592ff-dcbe-4f1d-8eb4-f593c5d7ac78,2,4.0,,,,95.23,49.18,51.59,41.46,43.04,47.55
2025-12-15T16:53:34.801963,Recipe_B,610592ff-dcbe-4f1d-8eb4-f593c5d7ac78,2,4.0,,,,95.73,53.72,51.37,51.1,50.8,47.38
2025-12-15T16:53:35.801963,Recipe_B,610592ff-dcbe-4f1d-8eb4-f593c5d7ac78,2,4.0,,,,89.46,43.51,52.92,50.83,53.18,45.37
2025-12-15T16:53:36.801963,Recipe_B,610592ff-dcbe-4f1d-8eb4-f593c5d7ac78,2,4.0,,,,97.86,56.0,42.61,53.83,51.75,51.79
2025-12-15T16:53:37.801963,Recipe_B,610592ff-dcbe-4f1d-8eb4-f593c5d7ac78,2,4.0,,,,105.09,53.23,41.61,53.44,49.54,51.62
2025-12-15T16:53:38.801963,Recipe_B,610592ff-dcbe-4f1d-8eb4-f593c5d7ac78,2,4.0,,,,105.18,49.51,54.18,57.79,50.18,45.14
2025-12-15T16:53:39.801963,Recipe_B,610592ff-dcbe-4f1d-8eb4-f593c5d7ac78,2,4.0,,,,99.31,58.62,58.54,57.97,50.55,46.79
2025-12-15T16:53:40.801963,Recipe_B,610592ff-dcbe-4f1d-8eb4-f593c5d7ac78,2,4.0,,,,92.24,56.28,46.49,53.56,50.53,48.59
2025-12-15T16:53:41.801963,Recipe_B,610592ff-dcbe-4f1d-8eb4-f593c5d7ac78,2,4.0,,,,96.24,46.71,48.07,49.69,54.5,46.76
2025-12-15T16:53:42.801963,Recipe_B,610592ff-dcbe-4f1d-8eb4-f593c5d7ac78,2,4.0,,,,94.34,51.04,42.97,41.76,47.37,50.82
2025-12-15T16:53:43.801963,Recipe_B,610592ff-dcbe-4f1d-8eb4-f593c5d7ac78,2,4.0,,,,97.42,49.62,55.45,54.44,53.96,50.71
2025-12-15T16:53:44.801963,Recipe_B,610592ff-dcbe-4f1d-8eb4-f593c5d7ac78,2,4.0,,,,98.57,59.68,56.58,46.31,47.38,43.25
2025-12-15T16:53:45.801963,Recipe_B,610592ff-dcbe-4f1d-8eb4-f593c5d7ac78,2,4.0,,,,99.23,52.71,49.51,50.13,53.66,44.73
2025-12-15T16:53:46.801963,Recipe_B,610592ff-dcbe-4f1d-8eb4-f593c5d7ac78,2,4.0,,,,106.72,45.04,46.43,55.03,47.88,51.84
2025-12-15T16:53:47.801963,Recipe_B,610592ff-dcbe-4f1d-8eb4-f593c5d7ac78,2,4.0,,,,97.66,46.86,45.98,54.32,42.69,40.67
2025-12-15T16:53:48.801963,Recipe_B,610592ff-dcbe-4f1d-8eb4-f593c5d7ac78,2,4.0,,,,97.46,52.38,50.33,53.08,49.23,47.09
2025-12-15T16:53:49.801963,Recipe_B,610592ff-dcbe-4f1d-8eb4-f593c5d7ac78,2,4.0,,,,93.56,54.37,51.73,52.45,45.32,44.61
2025-12-15T16:53:50.801963,Recipe_B,610592ff-dcbe-4f1d-8eb4-f593c5d7ac78,2,4.0,,,,105.77,49.9,55.38,48.67,38.07,43.35
2025-12-15T16:53:51.801963,Recipe_B,610592ff-dcbe-4f1d-8eb4-f593c5d7ac78,2,4.0,,,,92.6,53.89,55.83,56.72,58.7,57.39
2025-12-15T16:53:52.801963,Recipe_B,610592ff-dcbe-4f1d-8eb4-f593c5d7ac78,2,4.0,,,,104.37,42.41,51.0,49.18,55.6,51.13
2025-12-15T16:53:53.801963,Recipe_B,610592ff-dcbe-4f1d-8eb4-f593c5d7ac78,2,4.0,,,,99.81,39.81,42.61,50.75,49.06,52.83
2025-12-15T16:53:53.801963,Recipe_B,610592ff-dcbe-4f1d-8eb4-f593c5d7ac78,2,4.0,Warning_5,Simulated Warning occurred,Warning,,,,,,
2025-12-15T16:53:54.801963,Recipe_B,610592ff-dcbe-4f1d-8eb4-f593c5d7ac78,2,4.0,,,,97.98,50.74,46.43,52.65,51.35,49.49
2025-12-15T16:53:55.801963,Recipe_B,610592ff-dcbe-4f1d-8eb4-f593c5d7ac78,2,4.0,,,,93.15,52.45,47.74,50.69,54.2,47.62
2025-12-15T16:53:56.801963,Recipe_B,610592ff-dcbe-4f1d-8eb4-f593c5d7ac78,2,4.0,,,,95.14,47.88,50.31,50.62,43.07,50.81
2025-12-15T16:53:57.801963,Recipe_B,610592ff-dcbe-4f1d-8eb4-f593c5d7ac78,2,4.0,,,,99.87,42.37,50.67,47.36,45.6,53.28
2025-12-15T16:53:58.801963,Recipe_B,610592ff-dcbe-4f1d-8eb4-f593c5d7ac78,2,4.0,,,,102.58,47.56,45.31,43.23,51.1,52.43
2025-12-15T16:53:59.801963,Recipe_B,610592ff-dcbe-4f1d-8eb4-f593c5d7ac78,2,4.0,,,,98.85,49.36,45.68,50.95,51.8,55.45
2025-12-15T16:54:00.801963,Recipe_B,610592ff-dcbe-4f1d-8eb4-f593c5d7ac78,2,4.0,,,,108.25,56.08,54.62,49.82,48.67,54.98
2025-12-15T16:54:01.801963,Recipe_B,610592ff-dcbe-4f1d-8eb4-f593c5d7ac78,2,4.0,,,,93.51,54.42,48.36,53.41,49.66,33.99
2025-12-15T16:54:02.801963,Recipe_B,610592ff-dcbe-4f1d-8eb4-f593c5d7ac78,2,4.0,,,,97.73,61.14,55.86,51.57,55.08,51.42
2025-12-15T16:54:03.801963,Recipe_B,610592ff-dcbe-4f1d-8eb4-f593c5d7ac78,2,3.0,,,,9.53,8.59,11.42,7.16,12.55,11.99
2025-12-15T16:54:04.801963,Recipe_B,610592ff-dcbe-4f1d-8eb4-f593c5d7ac78,2,3.0,,,,11.1,13.28,5.8,11.23,10.59,9.97
2025-12-15T16:54:05.801963,Recipe_B,610592ff-dcbe-4f1d-8eb4-f593c5d7ac78,2,3.0,,,,11.06,9.42,12.46,10.39,10.72,10.58
2025-12-15T16:54:06.801963,Recipe_B,610592ff-dcbe-4f1d-8eb4-f593c5d7ac78,2,3.0,,,,9.66,7.66,7.55,10.31,8.52,12.73
2025-12-15T16:54:07.801963,Recipe_B,610592ff-dcbe-4f1d-8eb4-f593c5d7ac78,2,3.0,,,,12.9,9.66,10.05,11.69,8.38,12.92
2025-12-15T16:54:08.801963,Recipe_B,610592ff-dcbe-4f1d-8eb4-f593c5d7ac78,2,3.0,,,,12.4,8.93,9.96,10.14,8.25,11.42
2025-12-15T16:54:09.801963,Recipe_B,610592ff-dcbe-4f1d-8eb4-f593c5d7ac78,2,3.0,,,,7.97,9.96,12.21,8.58,11.25,10.31
2025-12-15T16:54:10.801963,Recipe_B,610592ff-dcbe-4f1d-8eb4-f593c5d7ac78,2,3.0,,,,10.77,9.92,11.79,10.43,8.49,7.35
2025-12-15T16:54:11.801963,Recipe_B,610592ff-dcbe-4f1d-8eb4-f593c5d7ac78,2,2.0,,,,10.83,10.61,11.89,9.96,8.99,11.46
2025-12-15T16:54:12.801963,Recipe_B,610592ff-dcbe-4f1d-8eb4-f593c5d7ac78,2,2.0,,,,11.42,7.21,10.63,12.97,11.87,7.33
2025-12-15T16:54:13.801963,Recipe_B,610592ff-dcbe-4f1d-8eb4-f593c5d7ac78,2,2.0,,,,11.85,7.7,6.47,9.77,14.17,12.22
2025-12-15T16:54:14.801963,Recipe_B,610592ff-dcbe-4f1d-8eb4-f593c5d7ac78,2,2.0,,,,10.39,12.1,14.42,11.42,9.8,8.07
2025-12-15T16:54:15.801963,Recipe_B,610592ff-dcbe-4f1d-8eb4-f593c5d7ac78,2,2.0,,,,9.41,11.17,14.06,11.4,10.89,5.34
2025-12-15T16:54:16.801963,Recipe_B,610592ff-dcbe-4f1d-8eb4-f593c5d7ac78,2,2.0,,,,10.2,11.02,10.28,10.77,11.54,9.35
2025-12-15T16:54:17.801963,Recipe_B,610592ff-dcbe-4f1d-8eb4-f593c5d7ac78,2,2.0,,,,9.6,12.63,13.81,7.69,9.57,7.12
2025-12-15T16:54:18.801963,Recipe_B,610592ff-dcbe-4f1d-8eb4-f593c5d7ac78,2,2.0,,,,11.2,9.28,12.85,10.35,9.81,12.51
2025-12-15T16:54:19.801963,Recipe_B,610592ff-dcbe-4f1d-8eb4-f593c5d7ac78,2,2.0,,,,9.74,12.99,12.36,12.0,8.16,9.94
2025-12-15T16:54:20.801963,Recipe_B,610592ff-dcbe-4f1d-8eb4-f593c5d7ac78,2,2.0,,,,12.38,11.4,8.12,9.93,10.55,6.85
2025-12-15T16:54:21.801963,Recipe_B,610592ff-dcbe-4f1d-8eb4-f593c5d7ac78,2,2.0,,,,12.81,6.53,10.1,13.29,11.01,9.18
2025-12-15T16:54:22.801963,Recipe_B,610592ff-dcbe-4f1d-8eb4-f593c5d7ac78,2,2.0,,,,9.27,11.29,8.15,10.42,12.5,6.49
2025-12-15T16:54:23.801963,Recipe_B,610592ff-dcbe-4f1d-8eb4-f593c5d7ac78,2,2.0,,,,11.53,8.34,7.35,10.09,11.42,11.11
2025-12-15T16:54:24.801963,Recipe_B,610592ff-dcbe-4f1d-8eb4-f593c5d7ac78,2,1.0,,,,8.15,7.65,10.67,10.28,12.01,5.75
2025-12-15T16:54:25.801963,Recipe_B,610592ff-dcbe-4f1d-8eb4-f593c5d7ac78,2,1.0,,,,8.48,7.21,8.45,9.64,9.48,7.68
2025-12-15T16:54:26.801963,Recipe_B,610592ff-dcbe-4f1d-8eb4-f593c5d7ac78,2,1.0,,,,14.67,10.91,11.29,10.81,5.47,8.69
2025-12-15T16:54:27.801963,Recipe_B,610592ff-dcbe-4f1d-8eb4-f593c5d7ac78,2,1.0,,,,11.09,8.39,9.89,10.44,11.53,12.5
2025-12-15T16:54:28.801963,Recipe_B,610592ff-dcbe-4f1d-8eb4-f593c5d7ac78,2,1.0,,,,9.18,9.74,11.99,8.44,11.89,9.65
2025-12-15T16:54:29.801963,Recipe_B,610592ff-dcbe-4f1d-8eb4-f593c5d7ac78,2,1.0,,,,10.66,11.48,7.35,10.81,8.04,10.33
2025-12-15T16:54:30.801963,Recipe_B,610592ff-dcbe-4f1d-8eb4-f593c5d7ac78,2,1.0,,,,11.99,11.61,8.79,6.13,8.5,8.77
2025-12-15T16:54:31.801963,Recipe_B,610592ff-dcbe-4f1d-8eb4-f593c5d7ac78,2,1.0,,,,9.36,10.22,10.5,11.52,7.93,8.46
2025-12-15T16:54:32.801963,Recipe_B,610592ff-dcbe-4f1d-8eb4-f593c5d7ac78,2,1.0,,,,15.76,9.51,10.58,9.45,8.36,7.08
2025-12-15T16:54:33.801963,Recipe_B,610592ff-dcbe-4f1d-8eb4-f593c5d7ac78,2,1.0,,,,12.26,9.78,9.86,7.43,13.1,10.84
2025-12-15T16:54:34.801963,Recipe_B,610592ff-dcbe-4f1d-8eb4-f593c5d7ac78,2,1.0,,,,9.52,13.67,8.53,9.2,8.25,5.8
2025-12-15T16:54:35.801963,Recipe_B,610592ff-dcbe-4f1d-8eb4-f593c5d7ac78,2,1.0,,,,4.19,11.26,9.82,10.98,10.72,12.17
2025-12-15T16:54:36.801963,Recipe_B,610592ff-dcbe-4f1d-8eb4-f593c5d7ac78,2,1.0,,,,13.54,10.69,12.35,7.22,7.77,9.49
2025-12-15T16:54:37.801963,Recipe_B,610592ff-dcbe-4f1d-8eb4-f593c5d7ac78,2,1.0,,,,8.19,8.01,11.63,11.54,8.53,10.25
2025-12-15T16:54:38.801963,Recipe_B,610592ff-dcbe-4f1d-8eb4-f593c5d7ac78,2,1.0,,,,7.49,8.1,10.74,12.05,9.78,9.11
2025-12-15T16:54:39.801963,Recipe_B,610592ff-dcbe-4f1d-8eb4-f593c5d7ac78,2,1.0,,,,10.64,7.47,8.85,9.36,9.84,10.42
2025-12-15T16:54:40.801963,Recipe_B,610592ff-dcbe-4f1d-8eb4-f593c5d7ac78,2,1.0,,,,12.04,10.36,11.63,13.59,8.43,10.12
2025-12-15T16:54:41.801963,Recipe_B,610592ff-dcbe-4f1d-8eb4-f593c5d7ac78,2,1.0,,,,8.99,11.53,6.65,9.36,6.86,7.82
2025-12-15T16:54:42.801963,Recipe_B,610592ff-dcbe-4f1d-8eb4-f593c5d7ac78,2,1.0,,,,11.24,10.19,13.07,12.67,10.45,12.17
2025-12-15T16:54:43.801963,Recipe_B,610592ff-dcbe-4f1d-8eb4-f593c5d7ac78,2,1.0,,,,8.35,7.46,8.93,11.42,6.4,9.38
2025-12-15T16:54:44.801963,Recipe_B,610592ff-dcbe-4f1d-8eb4-f593c5d7ac78,2,1.0,,,,10.62,11.22,6.3,11.0,9.09,9.1
2025-12-15T16:54:45.801963,Recipe_B,610592ff-dcbe-4f1d-8eb4-f593c5d7ac78,2,1.0,,,,9.87,9.29,11.8,8.98,5.66,11.05
2025-12-15T16:54:46.801963,Recipe_B,610592ff-dcbe-4f1d-8eb4-f593c5d7ac78,2,1.0,,,,7.36,9.13,10.95,9.0,13.57,8.81
2025-12-15T16:54:47.801963,Recipe_B,610592ff-dcbe-4f1d-8eb4-f593c5d7ac78,2,1.0,,,,8.69,9.56,9.62,12.31,13.57,7.19
2025-12-15T16:54:48.801963,Recipe_B,610592ff-dcbe-4f1d-8eb4-f593c5d7ac78,2,1.0,,,,10.36,9.9,11.99,9.69,11.99,9.53
2025-12-15T16:54:49.801963,Recipe_B,610592ff-dcbe-4f1d-8eb4-f593c5d7ac78,2,1.0,,,,8.65,7.89,9.11,13.68,8.9,8.29
2025-12-15T16:54:50.801963,Recipe_B,610592ff-dcbe-4f1d-8eb4-f593c5d7ac78,2,1.0,,,,7.41,11.36,9.2,10.08,10.36,9.71
2025-12-15T16:54:51.801963,Recipe_B,610592ff-dcbe-4f1d-8eb4-f593c5d7ac78,2,1.0,,,,13.76,6.55,8.3,9.59,13.38,9.44
2025-12-15T16:54:52.801963,Recipe_B,610592ff-dcbe-4f1d-8eb4-f593c5d7ac78,2,1.0,,,,7.96,8.24,13.54,11.46,11.11,10.21
2025-12-15T16:54:53.801963,Recipe_B,610592ff-dcbe-4f1d-8eb4-f593c5d7ac78,2,1.0,,,,11.17,9.8,9.29,10.83,8.46,7.8
2025-12-15T16:54:54.801963,Recipe_B,610592ff-dcbe-4f1d-8eb4-f593c5d7ac78,2,1.0,,,,7.2,8.14,10.63,9.3,11.72,11.68
2025-12-15T16:54:55.801963,Recipe_B,610592ff-dcbe-4f1d-8eb4-f593c5d7ac78,2,1.0,,,,11.62,9.07,8.22,8.86,9.37,10.07
2025-12-15T16:54:56.801963,Recipe_B,610592ff-dcbe-4f1d-8eb4-f593c5d7ac78,2,1.0,,,,8.84,11.35,10.95,8.08,11.73,14.27
2025-12-15T16:54:57.801963,Recipe_B,610592ff-dcbe-4f1d-8eb4-f593c5d7ac78,2,1.0,,,,13.68,6.94,4.44,11.48,10.09,9.46
2025-12-15T16:54:58.801963,Recipe_B,610592ff-dcbe-4f1d-8eb4-f593c5d7ac78,2,1.0,,,,10.19,9.07,7.46,10.85,10.49,10.95
2025-12-15T16:54:59.801963,Recipe_B,610592ff-dcbe-4f1d-8eb4-f593c5d7ac78,2,1.0,,,,7.2,10.44,11.5,8.48,10.81,10.9
2025-12-15T16:55:00.801963,Recipe_B,610592ff-dcbe-4f1d-8eb4-f593c5d7ac78,2,1.0,,,,13.39,8.53,9.61,5.98,8.65,9.09
2025-12-15T16:55:01.801963,Recipe_B,610592ff-dcbe-4f1d-8eb4-f593c5d7ac78,2,1.0,,,,12.35,9.76,8.58,8.87,7.42,10.67
2025-12-15T16:55:02.801963,Recipe_B,610592ff-dcbe-4f1d-8eb4-f593c5d7ac78,2,1.0,,,,7.27,8.29,10.09,8.98,12.45,7.53
2025-12-15T16:55:03.801963,Recipe_B,610592ff-dcbe-4f1d-8eb4-f593c5d7ac78,2,1.0,,,,7.85,11.3,11.35,13.27,11.03,8.72
2025-12-15T16:55:04.801963,Recipe_B,610592ff-dcbe-4f1d-8eb4-f593c5d7ac78,2,1.0,,,,7.0,11.75,12.02,11.39,5.58,11.95
2025-12-15T16:55:05.801963,Recipe_B,610592ff-dcbe-4f1d-8eb4-f593c5d7ac78,2,1.0,,,,10.68,10.01,9.22,7.0,11.27,8.37
2025-12-15T16:55:06.801963,Recipe_B,610592ff-dcbe-4f1d-8eb4-f593c5d7ac78,2,1.0,,,,8.72,9.88,7.81,11.51,12.38,11.66
2025-12-15T16:55:07.801963,Recipe_B,610592ff-dcbe-4f1d-8eb4-f593c5d7ac78,2,1.0,,,,9.4,12.23,13.83,12.79,8.79,10.44
2025-12-15T16:55:08.801963,Recipe_B,610592ff-dcbe-4f1d-8eb4-f593c5d7ac78,2,1.0,,,,8.98,10.39,11.69,6.92,10.52,13.68
2025-12-15T16:55:09.801963,Recipe_B,610592ff-dcbe-4f1d-8eb4-f593c5d7ac78,2,1.0,,,,6.21,12.78,10.88,10.45,9.46,12.98
2025-12-15T16:55:10.801963,Recipe_B,610592ff-dcbe-4f1d-8eb4-f593c5d7ac78,2,1.0,,,,7.21,8.72,10.58,12.13,10.59,12.2
2025-12-15T16:55:11.801963,Recipe_B,610592ff-dcbe-4f1d-8eb4-f593c5d7ac78,2,1.0,,,,7.84,12.09,12.98,8.89,9.18,11.98
2025-12-15T16:55:12.801963,Recipe_B,610592ff-dcbe-4f1d-8eb4-f593c5d7ac78,2,2.0,,,,8.49,10.07,9.75,12.77,8.42,8.84
2025-12-15T16:55:13.801963,Recipe_B,610592ff-dcbe-4f1d-8eb4-f593c5d7ac78,2,5.0,,,,8.9,12.14,10.89,10.68,12.42,9.42
2025-12-15T16:55:14.801963,Recipe_B,610592ff-dcbe-4f1d-8eb4-f593c5d7ac78,2,5.0,,,,6.92,11.6,8.48,9.36,8.58,7.87
2025-12-15T16:55:15.801963,Recipe_B,610592ff-dcbe-4f1d-8eb4-f593c5d7ac78,2,5.0,,,,10.58,10.53,9.07,10.03,10.96,15.41
2025-12-15T16:55:16.801963,Recipe_B,610592ff-dcbe-4f1d-8eb4-f593c5d7ac78,2,5.0,,,,5.21,9.38,10.13,6.8,9.01,7.66
2025-12-15T16:55:17.801963,Recipe_B,610592ff-dcbe-4f1d-8eb4-f593c5d7ac78,2,5.0,,,,15.13,13.15,10.56,8.5,7.45,9.77
2025-12-15T16:55:18.801963,Recipe_B,610592ff-dcbe-4f1d-8eb4-f593c5d7ac78,2,5.0,,,,11.48,9.29,9.24,13.87,13.09,11.56
2025-12-15T16:55:19.801963,Recipe_B,610592ff-dcbe-4f1d-8eb4-f593c5d7ac78,2,5.0,,,,8.47,8.06,11.7,6.85,10.04,7.46
2025-12-15T16:55:20.801963,Recipe_B,610592ff-dcbe-4f1d-8eb4-f593c5d7ac78,2,5.0,,,,14.36,7.12,12.09,11.09,9.87,11.98
2025-12-15T16:55:21.801963,Recipe_B,610592ff-dcbe-4f1d-8eb4-f593c5d7ac78,2,5.0,,,,12.89,10.77,12.63,11.98,9.76,11.06
2025-12-15T16:55:22.801963,Recipe_B,610592ff-dcbe-4f1d-8eb4-f593c5d7ac78,2,5.0,,,,8.2,11.63,10.63,10.4,10.99,8.09
2025-12-15T16:55:23.801963,Recipe_B,610592ff-dcbe-4f1d-8eb4-f593c5d7ac78,2,0.0,,,,0.0,0.0,0.0,0.0,0.0,0.0
2025-12-15T16:55:24.801963,Recipe_B,610592ff-dcbe-4f1d-8eb4-f593c5d7ac78,2,0.0,,,,0.0,0.0,0.0,0.0,0.0,0.0
2025-12-15T16:55:25.801963,Recipe_B,610592ff-dcbe-4f1d-8eb4-f593c5d7ac78,2,0.0,,,,0.0,0.0,0.0,0.0,0.0,0.0
2025-12-15T16:55:26.801963,Recipe_B,610592ff-dcbe-4f1d-8eb4-f593c5d7ac78,2,0.0,,,,0.0,0.0,0.0,0.0,0.0,0.0
2025-12-15T16:55:27.801963,Recipe_B,610592ff-dcbe-4f1d-8eb4-f593c5d7ac78,2,0.0,,,,0.0,0.0,0.0,0.0,0.0,0.0
2025-12-15T16:55:28.801963,Recipe_B,610592ff-dcbe-4f1d-8eb4-f593c5d7ac78,2,0.0,,,,0.0,0.0,0.0,0.0,0.0,0.0
2025-12-15T16:55:29.801963,Recipe_B,610592ff-dcbe-4f1d-8eb4-f593c5d7ac78,2,0.0,,,,0.0,0.0,0.0,0.0,0.0,0.0
2025-12-15T16:55:30.801963,Recipe_B,610592ff-dcbe-4f1d-8eb4-f593c5d7ac78,2,0.0,,,,0.0,0.0,0.0,0.0,0.0,0.0
2025-12-15T16:55:31.801963,Recipe_B,610592ff-dcbe-4f1d-8eb4-f593c5d7ac78,2,0.0,,,,0.0,0.0,0.0,0.0,0.0,0.0
2025-12-15T16:55:32.801963,Recipe_B,610592ff-dcbe-4f1d-8eb4-f593c5d7ac78,2,0.0,,,,0.0,0.0,0.0,0.0,0.0,0.0
2025-12-15T16:55:33.801963,Recipe_B,610592ff-dcbe-4f1d-8eb4-f593c5d7ac78,2,0.0,,,,0.0,0.0,0.0,0.0,0.0,0.0
2025-12-15T16:55:34.801963,Recipe_B,610592ff-dcbe-4f1d-8eb4-f593c5d7ac78,2,0.0,,,,0.0,0.0,0.0,0.0,0.0,0.0
2025-12-15T16:55:35.801963,Recipe_B,610592ff-dcbe-4f1d-8eb4-f593c5d7ac78,2,0.0,,,,0.0,0.0,0.0,0.0,0.0,0.0
2025-12-15T16:55:36.801963,Recipe_B,610592ff-dcbe-4f1d-8eb4-f593c5d7ac78,2,0.0,,,,0.0,0.0,0.0,0.0,0.0,0.0
2025-12-15T16:55:37.801963,Recipe_B,610592ff-dcbe-4f1d-8eb4-f593c5d7ac78,2,0.0,,,,0.0,0.0,0.0,0.0,0.0,0.0
2025-12-15T16:55:38.801963,Recipe_B,610592ff-dcbe-4f1d-8eb4-f593c5d7ac78,2,0.0,,,,0.0,0.0,0.0,0.0,0.0,0.0
2025-12-15T16:55:39.801963,Recipe_B,610592ff-dcbe-4f1d-8eb4-f593c5d7ac78,2,0.0,,,,0.0,0.0,0.0,0.0,0.0,0.0
2025-12-15T16:55:40.801963,Recipe_B,610592ff-dcbe-4f1d-8eb4-f593c5d7ac78,2,0.0,,,,0.0,0.0,0.0,0.0,0.0,0.0
2025-12-15T16:55:41.801963,Recipe_B,610592ff-dcbe-4f1d-8eb4-f593c5d7ac78,2,0.0,,,,0.0,0.0,0.0,0.0,0.0,0.0
2025-12-15T16:55:42.801963,Recipe_B,610592ff-dcbe-4f1d-8eb4-f593c5d7ac78,2,0.0,,,,0.0,0.0,0.0,0.0,0.0,0.0
2025-12-15T16:55:43.801963,Recipe_B,610592ff-dcbe-4f1d-8eb4-f593c5d7ac78,2,0.0,,,,0.0,0.0,0.0,0.0,0.0,0.0
2025-12-15T16:55:44.801963,Recipe_B,610592ff-dcbe-4f1d-8eb4-f593c5d7ac78,2,0.0,,,,0.0,0.0,0.0,0.0,0.0,0.0
2025-12-15T16:55:45.801963,Recipe_B,610592ff-dcbe-4f1d-8eb4-f593c5d7ac78,2,0.0,,,,0.0,0.0,0.0,0.0,0.0,0.0
2025-12-15T16:55:46.801963,Recipe_B,610592ff-dcbe-4f1d-8eb4-f593c5d7ac78,2,0.0,,,,0.0,0.0,0.0,0.0,0.0,0.0
2025-12-15T16:55:47.801963,Recipe_B,610592ff-dcbe-4f1d-8eb4-f593c5d7ac78,2,0.0,,,,0.0,0.0,0.0,0.0,0.0,0.0
2025-12-15T16:55:48.801963,Recipe_B,610592ff-dcbe-4f1d-8eb4-f593c5d7ac78,2,0.0,,,,0.0,0.0,0.0,0.0,0.0,0.0
2025-12-15T16:55:49.801963,Recipe_B,610592ff-dcbe-4f1d-8eb4-f593c5d7ac78,2,0.0,,,,0.0,0.0,0.0,0.0,0.0,0.0
2025-12-15T16:55:50.801963,Recipe_B,610592ff-dcbe-4f1d-8eb4-f593c5d7ac78,2,0.0,,,,0.0,0.0,0.0,0.0,0.0,0.0
2025-12-15T16:55:51.801963,Recipe_B,610592ff-dcbe-4f1d-8eb4-f593c5d7ac78,2,0.0,,,,0.0,0.0,0.0,0.0,0.0,0.0
2025-12-15T16:55:52.801963,Recipe_B,610592ff-dcbe-4f1d-8eb4-f593c5d7ac78,2,0.0,,,,0.0,0.0,0.0,0.0,0.0,0.0
2025-12-15T16:55:53.801963,Recipe_B,610592ff-dcbe-4f1d-8eb4-f593c5d7ac78,2,0.0,,,,0.0,0.0,0.0,0.0,0.0,0.0
2025-12-15T16:55:54.801963,Recipe_B,610592ff-dcbe-4f1d-8eb4-f593c5d7ac78,2,0.0,,,,0.0,0.0,0.0,0.0,0.0,0.0
2025-12-15T16:55:55.801963,Recipe_B,610592ff-dcbe-4f1d-8eb4-f593c5d7ac78,2,0.0,,,,0.0,0.0,0.0,0.0,0.0,0.0
2025-12-15T16:55:56.801963,Recipe_B,610592ff-dcbe-4f1d-8eb4-f593c5d7ac78,2,0.0,,,,0.0,0.0,0.0,0.0,0.0,0.0
2025-12-15T16:55:57.801963,Recipe_B,610592ff-dcbe-4f1d-8eb4-f593c5d7ac78,2,0.0,,,,0.0,0.0,0.0,0.0,0.0,0.0
2025-12-15T16:55:58.801963,Recipe_B,610592ff-dcbe-4f1d-8eb4-f593c5d7ac78,2,0.0,,,,0.0,0.0,0.0,0.0,0.0,0.0
2025-12-15T16:55:59.801963,Recipe_B,610592ff-dcbe-4f1d-8eb4-f593c5d7ac78,2,0.0,,,,0.0,0.0,0.0,0.0,0.0,0.0
2025-12-15T16:56:00.801963,Recipe_B,610592ff-dcbe-4f1d-8eb4-f593c5d7ac78,2,0.0,,,,0.0,0.0,0.0,0.0,0.0,0.0
2025-12-15T16:56:01.801963,Recipe_B,610592ff-dcbe-4f1d-8eb4-f593c5d7ac78,2,0.0,,,,0.0,0.0,0.0,0.0,0.0,0.0
2025-12-15T16:56:02.801963,Recipe_B,610592ff-dcbe-4f1d-8eb4-f593c5d7ac78,2,0.0,,,,0.0,0.0,0.0,0.0,0.0,0.0
2025-12-15T16:56:03.801963,Recipe_B,610592ff-dcbe-4f1d-8eb4-f593c5d7ac78,2,0.0,,,,0.0,0.0,0.0,0.0,0.0,0.0
2025-12-15T16:56:04.801963,Recipe_B,610592ff-dcbe-4f1d-8eb4-f593c5d7ac78,2,0.0,,,,0.0,0.0,0.0,0.0,0.0,0.0
2025-12-15T16:56:05.801963,Recipe_B,610592ff-dcbe-4f1d-8eb4-f593c5d7ac78,2,0.0,,,,0.0,0.0,0.0,0.0,0.0,0.0
2025-12-15T16:56:06.801963,Recipe_B,610592ff-dcbe-4f1d-8eb4-f593c5d7ac78,2,0.0,,,,0.0,0.0,0.0,0.0,0.0,0.0
2025-12-15T16:56:07.801963,Recipe_B,610592ff-dcbe-4f1d-8eb4-f593c5d7ac78,2,0.0,,,,0.0,0.0,0.0,0.0,0.0,0.0
2025-12-15T16:56:08.801963,Recipe_B,610592ff-dcbe-4f1d-8eb4-f593c5d7ac78,2,0.0,,,,0.0,0.0,0.0,0.0,0.0,0.0
2025-12-15T16:56:09.801963,Recipe_B,610592ff-dcbe-4f1d-8eb4-f593c5d7ac78,2,0.0,,,,0.0,0.0,0.0,0.0,0.0,0.0
2025-12-15T16:56:10.801963,Recipe_B,610592ff-dcbe-4f1d-8eb4-f593c5d7ac78,2,0.0,,,,0.0,0.0,0.0,0.0,0.0,0.0
2025-12-15T16:56:11.801963,Recipe_B,610592ff-dcbe-4f1d-8eb4-f593c5d7ac78,2,0.0,,,,0.0,0.0,0.0,0.0,0.0,0.0
2025-12-15T16:56:12.801963,Recipe_B,610592ff-dcbe-4f1d-8eb4-f593c5d7ac78,2,0.0,,,,0.0,0.0,0.0,0.0,0.0,0.0
2025-12-15T16:56:13.801963,Recipe_B,610592ff-dcbe-4f1d-8eb4-f593c5d7ac78,2,0.0,,,,0.0,0.0,0.0,0.0,0.0,0.0
2025-12-15T16:56:14.801963,Recipe_B,610592ff-dcbe-4f1d-8eb4-f593c5d7ac78,2,0.0,,,,0.0,0.0,0.0,0.0,0.0,0.0
2025-12-15T16:56:15.801963,Recipe_B,610592ff-dcbe-4f1d-8eb4-f593c5d7ac78,2,3.0,,,,9.94,8.58,10.05,15.13,6.44,9.09
2025-12-15T16:56:16.801963,Recipe_B,610592ff-dcbe-4f1d-8eb4-f593c5d7ac78,2,3.0,,,,10.52,7.53,9.53,8.88,12.09,10.5
2025-12-15T16:56:17.801963,Recipe_B,610592ff-dcbe-4f1d-8eb4-f593c5d7ac78,2,3.0,,,,9.62,10.84,8.21,6.0,11.18,8.75
2025-12-15T16:56:18.801963,Recipe_B,610592ff-dcbe-4f1d-8eb4-f593c5d7ac78,2,3.0,,,,9.53,13.05,13.64,9.18,8.89,11.63
2025-12-15T16:56:19.801963,Recipe_B,610592ff-dcbe-4f1d-8eb4-f593c5d7ac78,2,3.0,,,,8.45,12.83,10.62,10.91,10.76,7.02
2025-12-15T16:56:20.801963,Recipe_B,610592ff-dcbe-4f1d-8eb4-f593c5d7ac78,2,3.0,,,,12.92,10.0,8.35,12.03,8.77,10.24
2025-12-15T16:56:21.801963,Recipe_B,610592ff-dcbe-4f1d-8eb4-f593c5d7ac78,2,3.0,,,,9.95,12.61,10.87,10.67,10.67,10.75
2025-12-15T16:56:22.801963,Recipe_B,610592ff-dcbe-4f1d-8eb4-f593c5d7ac78,2,3.0,,,,10.17,8.0,8.81,11.02,12.01,9.64
2025-12-15T16:56:23.801963,Recipe_B,610592ff-dcbe-4f1d-8eb4-f593c5d7ac78,2,3.0,,,,9.09,6.92,9.94,9.89,11.42,8.4
2025-12-15T16:56:24.801963,Recipe_B,610592ff-dcbe-4f1d-8eb4-f593c5d7ac78,2,3.0,,,,6.29,9.86,10.13,12.33,10.03,6.42
2025-12-15T16:56:25.801963,Recipe_B,610592ff-dcbe-4f1d-8eb4-f593c5d7ac78,2,3.0,,,,10.59,11.19,8.91,9.77,10.9,10.09
2025-12-15T16:56:26.801963,Recipe_B,610592ff-dcbe-4f1d-8eb4-f593c5d7ac78,2,3.0,,,,10.18,8.02,4.36,12.03,10.26,8.42
2025-12-15T16:56:27.801963,Recipe_B,610592ff-dcbe-4f1d-8eb4-f593c5d7ac78,2,3.0,,,,11.24,8.15,10.36,9.64,11.97,9.16
2025-12-15T16:56:28.801963,Recipe_B,610592ff-dcbe-4f1d-8eb4-f593c5d7ac78,2,3.0,,,,8.8,8.18,11.96,11.88,7.22,6.81
2025-12-15T16:56:29.801963,Recipe_B,610592ff-dcbe-4f1d-8eb4-f593c5d7ac78,2,3.0,,,,10.1,10.07,12.09,7.81,13.54,8.47
2025-12-15T16:56:30.801963,Recipe_B,610592ff-dcbe-4f1d-8eb4-f593c5d7ac78,2,3.0,,,,10.84,11.54,8.51,9.06,8.39,4.51
2025-12-15T16:56:31.801963,Recipe_B,610592ff-dcbe-4f1d-8eb4-f593c5d7ac78,2,3.0,,,,12.02,8.55,9.39,13.1,10.08,12.32
2025-12-15T16:56:32.801963,Recipe_B,610592ff-dcbe-4f1d-8eb4-f593c5d7ac78,2,3.0,,,,9.52,9.54,8.46,8.7,12.69,12.99
2025-12-15T16:56:33.801963,Recipe_B,610592ff-dcbe-4f1d-8eb4-f593c5d7ac78,2,3.0,,,,8.64,6.15,9.96,9.73,10.14,7.85
2025-12-15T16:56:34.801963,Recipe_B,610592ff-dcbe-4f1d-8eb4-f593c5d7ac78,2,3.0,,,,10.18,8.67,11.82,10.01,8.45,7.71
2025-12-15T16:56:35.801963,Recipe_B,610592ff-dcbe-4f1d-8eb4-f593c5d7ac78,2,3.0,,,,7.04,7.07,10.93,10.12,11.36,6.1
2025-12-15T16:56:36.801963,Recipe_B,610592ff-dcbe-4f1d-8eb4-f593c5d7ac78,2,3.0,,,,11.66,5.58,9.62,11.06,9.45,12.69
2025-12-15T16:56:37.801963,Recipe_B,610592ff-dcbe-4f1d-8eb4-f593c5d7ac78,2,3.0,,,,11.58,13.04,9.36,5.44,10.05,8.62
2025-12-15T16:56:38.801963,Recipe_B,610592ff-dcbe-4f1d-8eb4-f593c5d7ac78,2,3.0,,,,9.61,10.86,13.33,10.18,8.78,9.02
2025-12-15T16:56:39.801963,Recipe_B,610592ff-dcbe-4f1d-8eb4-f593c5d7ac78,2,3.0,,,,8.4,9.85,7.63,6.66,11.54,10.54
2025-12-15T16:56:40.801963,Recipe_B,610592ff-dcbe-4f1d-8eb4-f593c5d7ac78,2,3.0,,,,9.99,9.69,9.85,10.82,9.6,10.95
2025-12-15T16:56:41.801963,Recipe_B,610592ff-dcbe-4f1d-8eb4-f593c5d7ac78,2,3.0,,,,11.24,11.39,9.7,10.09,11.23,7.57
2025-12-15T16:56:42.801963,Recipe_B,610592ff-dcbe-4f1d-8eb4-f593c5d7ac78,2,3.0,,,,11.5,7.58,11.45,13.18,5.99,9.0
2025-12-15T16:56:43.801963,Recipe_B,610592ff-dcbe-4f1d-8eb4-f593c5d7ac78,2,3.0,,,,11.92,8.33,9.52,7.66,13.34,10.16
2025-12-15T16:56:44.801963,Recipe_B,610592ff-dcbe-4f1d-8eb4-f593c5d7ac78,2,3.0,,,,12.08,9.83,9.55,11.13,10.64,9.43
2025-12-15T16:56:45.801963,Recipe_B,610592ff-dcbe-4f1d-8eb4-f593c5d7ac78,2,3.0,,,,9.49,12.21,10.71,10.91,10.71,11.76
2025-12-15T16:56:46.801963,Recipe_B,610592ff-dcbe-4f1d-8eb4-f593c5d7ac78,2,3.0,,,,8.88,10.19,12.26,9.75,8.51,9.86
2025-12-15T16:56:47.801963,Recipe_B,610592ff-dcbe-4f1d-8eb4-f593c5d7ac78,2,3.0,,,,9.12,9.83,9.83,8.91,8.19,10.85
2025-12-15T16:56:48.801963,Recipe_B,610592ff-dcbe-4f1d-8eb4-f593c5d7ac78,2,3.0,,,,8.75,9.82,10.99,6.39,7.1,10.57
2025-12-15T16:56:49.801963,Recipe_B,610592ff-dcbe-4f1d-8eb4-f593c5d7ac78,2,3.0,,,,7.83,10.2,8.13,11.33,12.28,11.0
2025-12-15T16:56:50.801963,Recipe_B,610592ff-dcbe-4f1d-8eb4-f593c5d7ac78,2,3.0,,,,11.98,5.21,8.96,9.85,8.96,7.26
2025-12-15T16:56:51.801963,Recipe_B,610592ff-dcbe-4f1d-8eb4-f593c5d7ac78,2,3.0,,,,10.3,11.6,9.22,13.68,8.48,7.91
2025-12-15T16:56:52.801963,Recipe_B,610592ff-dcbe-4f1d-8eb4-f593c5d7ac78,2,3.0,,,,8.92,10.12,9.73,10.59,7.99,11.26
2025-12-15T16:56:53.801963,Recipe_B,610592ff-dcbe-4f1d-8eb4-f593c5d7ac78,2,3.0,,,,7.81,5.64,8.37,10.64,10.36,8.76
2025-12-15T16:56:54.801963,Recipe_B,610592ff-dcbe-4f1d-8eb4-f593c5d7ac78,2,3.0,,,,7.76,7.14,11.24,7.86,9.7,8.64
2025-12-15T16:56:55.801963,Recipe_B,610592ff-dcbe-4f1d-8eb4-f593c5d7ac78,2,3.0,,,,8.27,9.01,8.7,10.26,9.46,10.11
2025-12-15T16:56:56.801963,Recipe_B,610592ff-dcbe-4f1d-8eb4-f593c5d7ac78,2,3.0,,,,8.94,9.63,12.26,9.39,12.03,10.7
2025-12-15T16:56:57.801963,Recipe_B,610592ff-dcbe-4f1d-8eb4-f593c5d7ac78,2,3.0,,,,12.1,8.08,7.19,10.01,10.04,6.02
2025-12-15T16:56:58.801963,Recipe_B,610592ff-dcbe-4f1d-8eb4-f593c5d7ac78,2,3.0,,,,13.79,9.1,7.98,12.02,8.26,9.56
2025-12-15T16:56:59.801963,Recipe_B,610592ff-dcbe-4f1d-8eb4-f593c5d7ac78,2,3.0,,,,9.28,11.79,7.72,10.1,5.73,8.21
2025-12-15T16:57:00.801963,Recipe_B,610592ff-dcbe-4f1d-8eb4-f593c5d7ac78,2,3.0,,,,8.19,14.15,9.92,10.68,8.46,7.24
2025-12-15T16:57:01.801963,Recipe_B,610592ff-dcbe-4f1d-8eb4-f593c5d7ac78,2,3.0,,,,12.19,9.75,9.84,12.98,10.01,10.46
2025-12-15T16:57:02.801963,Recipe_B,610592ff-dcbe-4f1d-8eb4-f593c5d7ac78,2,3.0,,,,12.27,10.35,10.26,12.49,9.42,9.97
2025-12-15T16:57:03.801963,Recipe_B,610592ff-dcbe-4f1d-8eb4-f593c5d7ac78,2,3.0,,,,13.56,9.06,9.26,7.37,9.88,11.84
2025-12-15T16:57:04.801963,Recipe_B,610592ff-dcbe-4f1d-8eb4-f593c5d7ac78,2,3.0,,,,9.9,9.68,14.48,11.37,9.05,12.1
2025-12-15T16:57:05.801963,Recipe_B,610592ff-dcbe-4f1d-8eb4-f593c5d7ac78,2,3.0,,,,11.8,11.71,9.35,6.87,10.94,11.16
2025-12-15T16:57:06.801963,Recipe_B,610592ff-dcbe-4f1d-8eb4-f593c5d7ac78,2,3.0,,,,8.55,9.28,10.52,11.3,10.12,5.1
2025-12-15T16:57:07.801963,Recipe_B,610592ff-dcbe-4f1d-8eb4-f593c5d7ac78,2,3.0,,,,9.13,9.5,11.14,13.57,8.26,6.58
2025-12-15T16:57:08.801963,Recipe_B,610592ff-dcbe-4f1d-8eb4-f593c5d7ac78,2,3.0,,,,7.06,6.69,11.28,14.16,7.79,7.06
2025-12-15T16:57:09.801963,Recipe_B,610592ff-dcbe-4f1d-8eb4-f593c5d7ac78,2,3.0,,,,9.92,10.64,7.0,7.43,9.08,11.41
2025-12-15T16:57:10.801963,Recipe_B,610592ff-dcbe-4f1d-8eb4-f593c5d7ac78,2,2.0,,,,10.29,13.71,9.78,8.02,11.99,8.42
2025-12-15T16:57:11.801963,Recipe_B,610592ff-dcbe-4f1d-8eb4-f593c5d7ac78,2,2.0,,,,10.33,12.36,9.11,10.4,10.4,9.09
2025-12-15T16:57:12.801963,Recipe_B,610592ff-dcbe-4f1d-8eb4-f593c5d7ac78,2,2.0,,,,10.37,10.58,9.55,9.94,9.51,8.61
2025-12-15T16:57:13.801963,Recipe_B,610592ff-dcbe-4f1d-8eb4-f593c5d7ac78,2,2.0,,,,8.17,10.09,13.06,11.04,11.78,8.38
2025-12-15T16:57:14.801963,Recipe_B,610592ff-dcbe-4f1d-8eb4-f593c5d7ac78,2,2.0,,,,8.37,12.7,11.4,10.3,10.01,11.74
2025-12-15T16:57:15.801963,Recipe_B,610592ff-dcbe-4f1d-8eb4-f593c5d7ac78,2,2.0,,,,11.93,12.45,12.59,8.24,12.52,10.65
2025-12-15T16:57:16.801963,Recipe_B,610592ff-dcbe-4f1d-8eb4-f593c5d7ac78,2,2.0,,,,11.31,13.11,11.7,10.3,14.59,8.29
2025-12-15T16:57:17.801963,Recipe_B,610592ff-dcbe-4f1d-8eb4-f593c5d7ac78,2,2.0,,,,11.81,12.45,7.54,12.22,12.14,6.69
2025-12-15T16:57:18.801963,Recipe_B,610592ff-dcbe-4f1d-8eb4-f593c5d7ac78,2,2.0,,,,8.47,12.72,13.41,11.03,5.95,8.77
2025-12-15T16:57:19.801963,Recipe_B,610592ff-dcbe-4f1d-8eb4-f593c5d7ac78,2,2.0,,,,11.1,9.3,9.65,11.93,6.03,11.44
2025-12-15T16:57:20.801963,Recipe_B,610592ff-dcbe-4f1d-8eb4-f593c5d7ac78,2,2.0,,,,9.37,9.18,6.07,6.77,11.51,9.1
2025-12-15T16:57:21.801963,Recipe_B,610592ff-dcbe-4f1d-8eb4-f593c5d7ac78,2,2.0,,,,11.36,11.5,8.21,7.89,14.42,10.21
2025-12-15T16:57:22.801963,Recipe_B,610592ff-dcbe-4f1d-8eb4-f593c5d7ac78,2,2.0,,,,6.89,10.79,8.85,9.47,14.52,11.97
2025-12-15T16:57:23.801963,Recipe_B,610592ff-dcbe-4f1d-8eb4-f593c5d7ac78,2,2.0,,,,11.34,12.54,10.93,6.47,10.19,9.39
2025-12-15T16:57:24.801963,Recipe_B,610592ff-dcbe-4f1d-8eb4-f593c5d7ac78,2,2.0,,,,9.19,5.3,6.72,11.23,13.23,9.85
2025-12-15T16:57:25.801963,Recipe_B,610592ff-dcbe-4f1d-8eb4-f593c5d7ac78,2,2.0,,,,9.09,12.37,10.86,12.48,10.14,8.42
2025-12-15T16:57:26.801963,Recipe_B,610592ff-dcbe-4f1d-8eb4-f593c5d7ac78,2,2.0,,,,10.02,9.65,10.43,8.58,9.82,14.63
2025-12-15T16:57:27.801963,Recipe_B,610592ff-dcbe-4f1d-8eb4-f593c5d7ac78,2,3.0,,,,5.66,10.36,9.33,10.12,12.5,11.74
2025-12-15T16:57:28.801963,Recipe_B,610592ff-dcbe-4f1d-8eb4-f593c5d7ac78,2,3.0,,,,9.14,11.53,11.09,7.76,10.73,8.55
2025-12-15T16:57:29.801963,Recipe_B,610592ff-dcbe-4f1d-8eb4-f593c5d7ac78,2,3.0,,,,6.97,12.17,6.96,13.62,10.22,11.58
2025-12-15T16:57:30.801963,Recipe_B,610592ff-dcbe-4f1d-8eb4-f593c5d7ac78,2,3.0,,,,8.84,16.95,9.69,8.9,11.2,9.74
2025-12-15T16:57:31.801963,Recipe_B,610592ff-dcbe-4f1d-8eb4-f593c5d7ac78,2,3.0,,,,8.04,10.71,10.22,7.0,9.37,10.2
2025-12-15T16:57:32.801963,Recipe_B,610592ff-dcbe-4f1d-8eb4-f593c5d7ac78,2,3.0,,,,12.07,6.9,7.53,10.16,13.13,4.98
2025-12-15T16:57:33.801963,Recipe_B,610592ff-dcbe-4f1d-8eb4-f593c5d7ac78,2,3.0,,,,10.42,13.06,9.22,10.09,11.0,10.73
2025-12-15T16:57:34.801963,Recipe_B,610592ff-dcbe-4f1d-8eb4-f593c5d7ac78,2,3.0,,,,11.22,9.85,12.0,8.8,3.09,10.53
2025-12-15T16:57:35.801963,Recipe_B,610592ff-dcbe-4f1d-8eb4-f593c5d7ac78,2,3.0,,,,8.58,6.32,11.4,12.38,10.77,6.74
2025-12-15T16:57:36.801963,Recipe_B,610592ff-dcbe-4f1d-8eb4-f593c5d7ac78,2,3.0,,,,9.68,6.5,10.02,11.16,8.46,8.72
2025-12-15T16:57:37.801963,Recipe_B,610592ff-dcbe-4f1d-8eb4-f593c5d7ac78,2,3.0,,,,10.65,10.27,11.89,10.75,9.23,15.08
2025-12-15T16:57:37.801963,Recipe_B,610592ff-dcbe-4f1d-8eb4-f593c5d7ac78,2,3.0,Warning_1,Simulated Warning occurred,Warning,,,,,,
2025-12-15T16:57:38.801963,Recipe_B,610592ff-dcbe-4f1d-8eb4-f593c5d7ac78,2,3.0,,,,11.88,8.14,8.23,13.92,10.29,8.44
2025-12-15T16:57:39.801963,Recipe_B,610592ff-dcbe-4f1d-8eb4-f593c5d7ac78,2,3.0,,,,11.37,13.31,7.81,11.4,7.82,10.85
2025-12-15T16:57:40.801963,Recipe_B,610592ff-dcbe-4f1d-8eb4-f593c5d7ac78,2,3.0,,,,11.64,12.32,10.06,9.63,10.79,6.42
2025-12-15T16:57:41.801963,Recipe_B,610592ff-dcbe-4f1d-8eb4-f593c5d7ac78,2,3.0,,,,10.49,8.06,8.84,11.38,10.27,6.75
2025-12-15T16:57:41.801963,Recipe_B,610592ff-dcbe-4f1d-8eb4-f593c5d7ac78,2,3.0,Warning_9,Simulated Warning occurred,Warning,,,,,,
2025-12-15T16:57:42.801963,Recipe_B,610592ff-dcbe-4f1d-8eb4-f593c5d7ac78,2,3.0,,,,11.59,9.44,11.13,9.78,10.93,9.16
2025-12-15T16:57:43.801963,Recipe_B,610592ff-dcbe-4f1d-8eb4-f593c5d7ac78,2,3.0,,,,9.43,8.47,12.71,7.72,14.72,9.29
2025-12-15T16:57:44.801963,Recipe_B,610592ff-dcbe-4f1d-8eb4-f593c5d7ac78,2,3.0,,,,10.26,8.99,7.52,11.17,7.91,9.17
2025-12-15T16:57:45.801963,Recipe_B,610592ff-dcbe-4f1d-8eb4-f593c5d7ac78,2,3.0,,,,11.44,9.94,9.9,6.91,15.35,14.06
2025-12-15T16:57:46.801963,Recipe_B,610592ff-dcbe-4f1d-8eb4-f593c5d7ac78,2,3.0,,,,9.28,9.8,9.28,11.03,10.53,10.06
2025-12-15T16:57:47.801963,Recipe_B,610592ff-dcbe-4f1d-8eb4-f593c5d7ac78,2,3.0,,,,8.41,11.64,8.1,11.87,9.54,8.97
2025-12-15T16:57:48.801963,Recipe_B,610592ff-dcbe-4f1d-8eb4-f593c5d7ac78,2,3.0,,,,6.47,10.96,11.26,8.34,7.34,9.3
2025-12-15T16:57:49.801963,Recipe_B,610592ff-dcbe-4f1d-8eb4-f593c5d7ac78,2,3.0,,,,10.08,12.2,9.12,8.58,10.07,9.24
2025-12-15T16:57:50.801963,Recipe_B,610592ff-dcbe-4f1d-8eb4-f593c5d7ac78,2,3.0,,,,6.87,9.85,8.58,11.21,12.7,11.48
2025-12-15T16:57:51.801963,Recipe_B,610592ff-dcbe-4f1d-8eb4-f593c5d7ac78,2,3.0,,,,10.76,10.53,6.2,9.12,10.29,10.16
2025-12-15T16:57:52.801963,Recipe_B,610592ff-dcbe-4f1d-8eb4-f593c5d7ac78,2,3.0,,,,10.65,7.25,10.74,5.54,8.99,12.92
2025-12-15T16:57:53.801963,Recipe_B,610592ff-dcbe-4f1d-8eb4-f593c5d7ac78,2,3.0,,,,6.62,10.68,12.13,7.06,8.71,8.48
2025-12-15T16:57:54.801963,Recipe_B,610592ff-dcbe-4f1d-8eb4-f593c5d7ac78,2,3.0,,,,12.29,11.67,9.24,9.92,9.92,7.73
2025-12-15T16:57:55.801963,Recipe_B,610592ff-dcbe-4f1d-8eb4-f593c5d7ac78,2,3.0,,,,11.0,8.83,8.0,10.96,11.25,9.13
2025-12-15T16:57:56.801963,Recipe_B,610592ff-dcbe-4f1d-8eb4-f593c5d7ac78,2,3.0,,,,5.3,8.66,10.78,11.1,8.2,11.32
2025-12-15T16:57:57.801963,Recipe_B,610592ff-dcbe-4f1d-8eb4-f593c5d7ac78,2,3.0,,,,8.09,12.57,9.21,10.44,10.59,12.1
2025-12-15T16:57:58.801963,Recipe_B,610592ff-dcbe-4f1d-8eb4-f593c5d7ac78,2,3.0,,,,7.83,10.54,6.56,10.83,7.39,12.87
2025-12-15T16:57:59.801963,Recipe_B,610592ff-dcbe-4f1d-8eb4-f593c5d7ac78,2,3.0,,,,7.09,11.05,12.66,10.64,7.67,11.48
2025-12-15T16:58:00.801963,Recipe_B,610592ff-dcbe-4f1d-8eb4-f593c5d7ac78,2,3.0,,,,8.92,7.41,11.72,9.18,8.19,9.14
2025-12-15T16:58:01.801963,Recipe_B,610592ff-dcbe-4f1d-8eb4-f593c5d7ac78,2,3.0,,,,6.86,8.38,10.27,9.95,10.97,10.63
2025-12-15T16:58:02.801963,Recipe_B,610592ff-dcbe-4f1d-8eb4-f593c5d7ac78,2,3.0,,,,8.95,8.9,9.51,10.17,10.73,10.33
2025-12-15T16:58:03.801963,Recipe_B,610592ff-dcbe-4f1d-8eb4-f593c5d7ac78,2,3.0,,,,13.99,10.01,12.26,8.18,10.55,10.6
2025-12-15T16:58:04.801963,Recipe_B,610592ff-dcbe-4f1d-8eb4-f593c5d7ac78,2,3.0,,,,9.48,8.78,11.25,8.51,12.06,12.12
2025-12-15T16:58:05.801963,Recipe_B,610592ff-dcbe-4f1d-8eb4-f593c5d7ac78,2,3.0,,,,7.82,10.29,8.64,9.73,10.3,11.59
2025-12-15T16:58:06.801963,Recipe_B,610592ff-dcbe-4f1d-8eb4-f593c5d7ac78,2,3.0,,,,8.5,8.95,7.04,10.46,11.08,8.96
2025-12-15T16:58:07.801963,Recipe_B,610592ff-dcbe-4f1d-8eb4-f593c5d7ac78,2,3.0,,,,9.39,9.18,10.31,13.14,11.39,8.92
2025-12-15T16:58:08.801963,Recipe_B,610592ff-dcbe-4f1d-8eb4-f593c5d7ac78,2,1.0,,,,11.43,10.72,8.12,11.74,6.72,13.01
2025-12-15T16:58:09.801963,Recipe_B,610592ff-dcbe-4f1d-8eb4-f593c5d7ac78,2,1.0,,,,12.45,8.93,9.6,8.58,9.9,12.71
2025-12-15T16:58:10.801963,Recipe_B,610592ff-dcbe-4f1d-8eb4-f593c5d7ac78,2,1.0,,,,14.36,9.57,12.54,10.53,7.69,10.91
2025-12-15T16:58:11.801963,Recipe_B,610592ff-dcbe-4f1d-8eb4-f593c5d7ac78,2,1.0,,,,6.56,10.66,8.99,8.38,12.52,11.69
2025-12-15T16:58:12.801963,Recipe_B,610592ff-dcbe-4f1d-8eb4-f593c5d7ac78,2,1.0,,,,8.54,6.2,10.32,6.03,12.61,12.23
2025-12-15T16:58:13.801963,Recipe_B,610592ff-dcbe-4f1d-8eb4-f593c5d7ac78,2,1.0,,,,8.44,5.59,10.95,8.54,8.98,5.24
2025-12-15T16:58:14.801963,Recipe_B,610592ff-dcbe-4f1d-8eb4-f593c5d7ac78,2,1.0,,,,8.36,6.86,10.97,9.31,12.21,10.04
2025-12-15T16:58:15.801963,Recipe_B,610592ff-dcbe-4f1d-8eb4-f593c5d7ac78,2,1.0,,,,10.53,12.18,7.03,11.46,9.19,13.96
2025-12-15T16:58:16.801963,Recipe_B,610592ff-dcbe-4f1d-8eb4-f593c5d7ac78,2,1.0,,,,10.32,9.78,9.96,8.09,12.76,9.66
2025-12-15T16:58:17.801963,Recipe_B,610592ff-dcbe-4f1d-8eb4-f593c5d7ac78,2,1.0,,,,9.28,11.54,4.64,7.16,13.96,10.06
2025-12-15T16:58:18.801963,Recipe_B,610592ff-dcbe-4f1d-8eb4-f593c5d7ac78,2,1.0,,,,9.42,9.13,10.44,11.97,9.17,8.89
2025-12-15T16:58:19.801963,Recipe_B,610592ff-dcbe-4f1d-8eb4-f593c5d7ac78,2,1.0,,,,8.05,7.56,6.99,4.97,7.67,9.73
2025-12-15T16:58:20.801963,Recipe_B,610592ff-dcbe-4f1d-8eb4-f593c5d7ac78,2,4.0,,,,103.65,44.32,44.46,37.25,55.35,55.83
2025-12-15T16:58:21.801963,Recipe_B,610592ff-dcbe-4f1d-8eb4-f593c5d7ac78,2,4.0,,,,95.95,50.43,52.55,49.28,47.88,54.29
2025-12-15T16:58:22.801963,Recipe_B,610592ff-dcbe-4f1d-8eb4-f593c5d7ac78,2,4.0,,,,110.48,57.95,47.18,56.61,47.96,55.02
2025-12-15T16:58:23.801963,Recipe_B,610592ff-dcbe-4f1d-8eb4-f593c5d7ac78,2,4.0,,,,109.41,56.41,50.6,49.21,53.58,50.35
2025-12-15T16:58:24.801963,Recipe_B,610592ff-dcbe-4f1d-8eb4-f593c5d7ac78,2,4.0,,,,99.61,49.09,52.6,54.02,41.48,55.67
2025-12-15T16:58:25.801963,Recipe_B,610592ff-dcbe-4f1d-8eb4-f593c5d7ac78,2,4.0,,,,94.32,44.44,45.58,49.01,37.33,46.61
2025-12-15T16:58:26.801963,Recipe_B,610592ff-dcbe-4f1d-8eb4-f593c5d7ac78,2,4.0,,,,101.22,50.61,49.28,51.13,50.24,49.99
2025-12-15T16:58:27.801963,Recipe_B,610592ff-dcbe-4f1d-8eb4-f593c5d7ac78,2,4.0,,,,103.02,58.23,52.06,46.83,43.0,52.46
2025-12-15T16:58:28.801963,Recipe_B,610592ff-dcbe-4f1d-8eb4-f593c5d7ac78,2,4.0,,,,91.93,51.05,52.66,48.17,51.38,57.29
2025-12-15T16:58:29.801963,Recipe_B,610592ff-dcbe-4f1d-8eb4-f593c5d7ac78,2,4.0,,,,101.83,50.46,52.31,50.23,57.1,41.65
2025-12-15T16:58:30.801963,Recipe_B,610592ff-dcbe-4f1d-8eb4-f593c5d7ac78,2,4.0,,,,101.17,54.28,48.65,43.35,57.34,50.87
2025-12-15T16:58:31.801963,Recipe_B,610592ff-dcbe-4f1d-8eb4-f593c5d7ac78,2,3.0,,,,9.64,10.51,11.3,9.18,11.59,11.2
2025-12-15T16:58:32.801963,Recipe_B,610592ff-dcbe-4f1d-8eb4-f593c5d7ac78,2,3.0,,,,9.04,10.29,10.03,14.83,13.01,11.07
2025-12-15T16:58:33.801963,Recipe_B,610592ff-dcbe-4f1d-8eb4-f593c5d7ac78,2,3.0,,,,11.65,13.19,8.53,7.98,12.95,11.91
2025-12-15T16:58:34.801963,Recipe_B,610592ff-dcbe-4f1d-8eb4-f593c5d7ac78,2,4.0,,,,100.47,52.15,53.72,47.62,52.09,49.19
2025-12-15T16:58:35.801963,Recipe_B,610592ff-dcbe-4f1d-8eb4-f593c5d7ac78,2,4.0,,,,104.43,51.05,42.36,41.71,50.57,55.68
2025-12-15T16:58:36.801963,Recipe_B,610592ff-dcbe-4f1d-8eb4-f593c5d7ac78,2,4.0,,,,100.05,58.13,47.89,49.21,52.17,53.28
2025-12-15T16:58:37.801963,Recipe_B,610592ff-dcbe-4f1d-8eb4-f593c5d7ac78,2,2.0,,,,7.63,6.46,11.77,8.09,12.71,11.23
2025-12-15T16:58:38.801963,Recipe_B,610592ff-dcbe-4f1d-8eb4-f593c5d7ac78,2,2.0,,,,3.36,9.07,10.89,13.55,11.59,11.91
2025-12-15T16:58:39.801963,Recipe_B,610592ff-dcbe-4f1d-8eb4-f593c5d7ac78,2,2.0,,,,10.38,12.66,9.32,10.25,13.59,9.07
2025-12-15T16:58:39.801963,Recipe_B,610592ff-dcbe-4f1d-8eb4-f593c5d7ac78,2,2.0,Warning_4,Simulated Warning occurred,Warning,,,,,,
2025-12-15T16:58:40.801963,Recipe_B,610592ff-dcbe-4f1d-8eb4-f593c5d7ac78,2,2.0,,,,9.82,11.15,10.71,10.55,8.31,8.75
2025-12-15T16:58:41.801963,Recipe_B,610592ff-dcbe-4f1d-8eb4-f593c5d7ac78,2,2.0,,,,12.99,11.18,8.9,10.44,10.82,8.28
2025-12-15T16:58:42.801963,Recipe_B,610592ff-dcbe-4f1d-8eb4-f593c5d7ac78,2,2.0,,,,10.19,7.48,9.25,5.55,11.62,12.82
2025-12-15T16:58:43.801963,Recipe_B,610592ff-dcbe-4f1d-8eb4-f593c5d7ac78,2,2.0,,,,7.1,11.73,10.44,12.56,11.64,9.0
2025-12-15T16:58:44.801963,Recipe_B,610592ff-dcbe-4f1d-8eb4-f593c5d7ac78,2,2.0,,,,10.29,9.81,10.64,11.71,8.87,8.65
2025-12-15T16:58:45.801963,Recipe_B,610592ff-dcbe-4f1d-8eb4-f593c5d7ac78,2,2.0,,,,9.93,11.17,9.47,11.32,11.6,10.06
2025-12-15T16:58:46.801963,Recipe_B,610592ff-dcbe-4f1d-8eb4-f593c5d7ac78,2,2.0,,,,11.58,11.18,8.46,10.79,9.56,13.79
2025-12-15T16:58:47.801963,Recipe_B,610592ff-dcbe-4f1d-8eb4-f593c5d7ac78,2,2.0,,,,14.18,11.22,12.34,10.08,10.6,9.7
2025-12-15T16:58:48.801963,Recipe_B,610592ff-dcbe-4f1d-8eb4-f593c5d7ac78,2,2.0,,,,12.71,9.76,10.06,8.35,10.62,12.33
2025-12-15T16:58:49.801963,Recipe_B,610592ff-dcbe-4f1d-8eb4-f593c5d7ac78,2,2.0,,,,8.34,10.32,10.71,9.93,5.77,11.8
2025-12-15T16:58:50.801963,Recipe_B,610592ff-dcbe-4f1d-8eb4-f593c5d7ac78,2,2.0,,,,7.41,9.5,8.96,8.13,9.05,8.69
2025-12-15T16:58:51.801963,Recipe_B,610592ff-dcbe-4f1d-8eb4-f593c5d7ac78,2,2.0,,,,9.65,11.7,12.25,11.19,7.73,10.78
2025-12-15T16:58:52.801963,Recipe_B,610592ff-dcbe-4f1d-8eb4-f593c5d7ac78,2,2.0,,,,7.25,7.51,10.67,12.8,7.79,16.83
2025-12-15T16:58:53.801963,Recipe_B,610592ff-dcbe-4f1d-8eb4-f593c5d7ac78,2,2.0,,,,11.79,5.97,8.74,7.86,9.95,14.17
2025-12-15T16:58:54.801963,Recipe_B,610592ff-dcbe-4f1d-8eb4-f593c5d7ac78,2,2.0,,,,10.41,7.28,10.92,7.79,8.71,10.16
2025-12-15T16:58:55.801963,Recipe_B,610592ff-dcbe-4f1d-8eb4-f593c5d7ac78,2,2.0,,,,11.77,7.74,10.16,10.74,8.7,8.59
2025-12-15T16:58:56.801963,Recipe_B,610592ff-dcbe-4f1d-8eb4-f593c5d7ac78,2,2.0,,,,12.32,10.87,14.59,6.55,7.93,8.02
2025-12-15T16:58:57.801963,Recipe_B,610592ff-dcbe-4f1d-8eb4-f593c5d7ac78,2,2.0,,,,11.15,11.5,14.43,11.64,8.46,10.49
2025-12-15T16:58:58.801963,Recipe_B,610592ff-dcbe-4f1d-8eb4-f593c5d7ac78,2,2.0,,,,14.17,7.55,8.28,10.59,10.11,10.21
2025-12-15T16:58:59.801963,Recipe_B,610592ff-dcbe-4f1d-8eb4-f593c5d7ac78,2,2.0,,,,8.79,14.19,7.53,7.38,9.52,11.21
2025-12-15T16:59:00.801963,Recipe_B,610592ff-dcbe-4f1d-8eb4-f593c5d7ac78,2,2.0,,,,10.79,9.32,11.8,11.0,8.21,8.02
2025-12-15T16:59:01.801963,Recipe_B,610592ff-dcbe-4f1d-8eb4-f593c5d7ac78,2,2.0,,,,8.95,12.59,10.47,10.88,9.99,10.44
2025-12-15T16:59:02.801963,Recipe_B,610592ff-dcbe-4f1d-8eb4-f593c5d7ac78,2,2.0,,,,9.12,10.89,8.28,12.84,16.5,10.19
2025-12-15T16:59:03.801963,Recipe_B,610592ff-dcbe-4f1d-8eb4-f593c5d7ac78,2,2.0,,,,6.56,10.67,7.84,11.77,8.0,12.77
2025-12-15T16:59:04.801963,Recipe_B,610592ff-dcbe-4f1d-8eb4-f593c5d7ac78,2,2.0,,,,8.68,8.49,10.77,7.88,8.23,9.0
2025-12-15T16:59:05.801963,Recipe_B,610592ff-dcbe-4f1d-8eb4-f593c5d7ac78,2,2.0,,,,9.77,11.17,9.32,9.56,8.45,10.1
2025-12-15T16:59:06.801963,Recipe_B,610592ff-dcbe-4f1d-8eb4-f593c5d7ac78,2,2.0,,,,6.99,9.32,10.63,10.3,10.27,8.33
2025-12-15T16:59:07.801963,Recipe_B,610592ff-dcbe-4f1d-8eb4-f593c5d7ac78,2,2.0,,,,12.1,9.14,9.04,6.42,13.08,10.93
2025-12-15T16:59:08.801963,Recipe_B,610592ff-dcbe-4f1d-8eb4-f593c5d7ac78,2,2.0,,,,11.01,11.81,10.52,5.32,14.01,10.49
2025-12-15T16:59:09.801963,Recipe_B,610592ff-dcbe-4f1d-8eb4-f593c5d7ac78,2,2.0,,,,6.89,11.89,9.61,10.84,8.75,13.48
2025-12-15T16:59:10.801963,Recipe_B,610592ff-dcbe-4f1d-8eb4-f593c5d7ac78,2,2.0,,,,8.55,9.87,9.53,9.52,10.11,8.38
2025-12-15T16:59:11.801963,Recipe_B,610592ff-dcbe-4f1d-8eb4-f593c5d7ac78,2,2.0,,,,11.19,7.78,10.87,11.22,7.18,7.79
2025-12-15T16:59:12.801963,Recipe_B,610592ff-dcbe-4f1d-8eb4-f593c5d7ac78,2,2.0,,,,12.64,9.19,9.82,12.8,12.09,11.85
2025-12-15T16:59:13.801963,Recipe_B,610592ff-dcbe-4f1d-8eb4-f593c5d7ac78,2,2.0,,,,10.93,7.8,11.84,9.51,10.65,10.78
2025-12-15T16:59:14.801963,Recipe_B,610592ff-dcbe-4f1d-8eb4-f593c5d7ac78,2,4.0,,,,101.97,57.16,53.53,51.09,44.33,51.11
2025-12-15T16:59:15.801963,Recipe_B,610592ff-dcbe-4f1d-8eb4-f593c5d7ac78,2,4.0,,,,93.52,40.03,47.0,54.31,40.03,54.75
2025-12-15T16:59:16.801963,Recipe_B,610592ff-dcbe-4f1d-8eb4-f593c5d7ac78,2,4.0,,,,97.87,51.14,55.89,55.38,48.41,47.68
2025-12-15T16:59:17.801963,Recipe_B,610592ff-dcbe-4f1d-8eb4-f593c5d7ac78,2,4.0,,,,98.46,55.92,52.01,46.16,57.83,49.79
2025-12-15T16:59:18.801963,Recipe_B,610592ff-dcbe-4f1d-8eb4-f593c5d7ac78,2,4.0,,,,103.12,64.82,49.66,43.52,48.86,51.61
2025-12-15T16:59:19.801963,Recipe_B,610592ff-dcbe-4f1d-8eb4-f593c5d7ac78,2,4.0,,,,93.76,50.33,50.32,54.3,52.8,50.63
2025-12-15T16:59:20.801963,Recipe_B,610592ff-dcbe-4f1d-8eb4-f593c5d7ac78,2,4.0,,,,92.16,40.34,44.5,48.3,46.52,47.14
2025-12-15T16:59:21.801963,Recipe_B,610592ff-dcbe-4f1d-8eb4-f593c5d7ac78,2,4.0,,,,103.4,44.91,47.82,41.01,59.48,53.9
2025-12-15T16:59:22.801963,Recipe_B,610592ff-dcbe-4f1d-8eb4-f593c5d7ac78,2,4.0,,,,99.76,54.63,46.93,41.78,52.8,48.02
2025-12-15T16:59:23.801963,Recipe_B,610592ff-dcbe-4f1d-8eb4-f593c5d7ac78,2,4.0,,,,106.28,42.88,71.48,55.7,53.99,50.39
2025-12-15T16:59:24.801963,Recipe_B,610592ff-dcbe-4f1d-8eb4-f593c5d7ac78,2,4.0,,,,102.36,46.18,52.72,54.87,50.46,56.27
2025-12-15T16:59:25.801963,Recipe_B,610592ff-dcbe-4f1d-8eb4-f593c5d7ac78,2,4.0,,,,101.05,57.72,55.85,50.38,52.32,45.59
2025-12-15T16:59:26.801963,Recipe_B,610592ff-dcbe-4f1d-8eb4-f593c5d7ac78,2,4.0,,,,95.27,49.4,47.17,50.4,49.82,55.12
2025-12-15T16:59:27.801963,Recipe_B,610592ff-dcbe-4f1d-8eb4-f593c5d7ac78,2,4.0,,,,93.66,49.59,51.49,46.41,59.75,48.05
2025-12-15T16:59:28.801963,Recipe_B,610592ff-dcbe-4f1d-8eb4-f593c5d7ac78,2,4.0,,,,99.89,46.92,49.57,42.52,53.31,42.13
2025-12-15T16:59:29.801963,Recipe_B,610592ff-dcbe-4f1d-8eb4-f593c5d7ac78,2,4.0,,,,107.47,53.71,49.07,36.18,45.49,45.49
2025-12-15T16:59:30.801963,Recipe_B,610592ff-dcbe-4f1d-8eb4-f593c5d7ac78,2,4.0,,,,98.22,42.79,48.02,54.53,47.47,47.54
2025-12-15T16:59:31.801963,Recipe_B,610592ff-dcbe-4f1d-8eb4-f593c5d7ac78,2,4.0,,,,104.22,54.44,49.3,41.91,51.96,53.03
2025-12-15T16:59:32.801963,Recipe_B,610592ff-dcbe-4f1d-8eb4-f593c5d7ac78,2,4.0,,,,105.65,45.58,48.66,49.99,45.81,38.64
2025-12-15T16:59:33.801963,Recipe_B,610592ff-dcbe-4f1d-8eb4-f593c5d7ac78,2,4.0,,,,102.77,45.14,42.56,42.18,51.6,45.37
2025-12-15T16:59:34.801963,Recipe_B,610592ff-dcbe-4f1d-8eb4-f593c5d7ac78,2,4.0,,,,85.49,47.46,50.59,52.3,51.79,53.15
2025-12-15T16:59:35.801963,Recipe_B,610592ff-dcbe-4f1d-8eb4-f593c5d7ac78,2,4.0,,,,109.75,52.61,45.57,52.6,37.6,50.09
2025-12-15T16:59:36.801963,Recipe_B,610592ff-dcbe-4f1d-8eb4-f593c5d7ac78,2,4.0,,,,101.84,50.66,54.62,50.17,44.18,45.13
2025-12-15T16:59:37.801963,Recipe_B,610592ff-dcbe-4f1d-8eb4-f593c5d7ac78,2,4.0,,,,99.85,50.38,45.63,52.31,52.14,53.4
2025-12-15T16:59:38.801963,Recipe_B,610592ff-dcbe-4f1d-8eb4-f593c5d7ac78,2,4.0,,,,101.6,48.41,45.42,65.01,57.74,61.6
2025-12-15T16:59:39.801963,Recipe_B,610592ff-dcbe-4f1d-8eb4-f593c5d7ac78,2,4.0,,,,102.89,48.3,51.29,52.47,45.31,44.57
2025-12-15T16:59:40.801963,Recipe_B,610592ff-dcbe-4f1d-8eb4-f593c5d7ac78,2,4.0,,,,103.46,55.04,53.92,57.05,45.91,52.72
2025-12-15T16:59:41.801963,Recipe_B,610592ff-dcbe-4f1d-8eb4-f593c5d7ac78,2,4.0,,,,106.69,51.98,54.11,48.42,48.61,35.88
2025-12-15T16:59:42.801963,Recipe_B,610592ff-dcbe-4f1d-8eb4-f593c5d7ac78,2,4.0,,,,96.77,43.09,44.26,53.13,57.21,53.99
2025-12-15T16:59:43.801963,Recipe_B,610592ff-dcbe-4f1d-8eb4-f593c5d7ac78,2,4.0,,,,108.18,54.85,41.02,47.18,50.66,52.56
2025-12-15T16:59:44.801963,Recipe_B,610592ff-dcbe-4f1d-8eb4-f593c5d7ac78,2,4.0,,,,100.0,45.15,50.61,55.18,53.91,39.44
2025-12-15T16:59:45.801963,Recipe_B,610592ff-dcbe-4f1d-8eb4-f593c5d7ac78,2,4.0,,,,103.68,48.15,56.6,50.66,47.9,47.21
2025-12-15T16:59:46.801963,Recipe_B,610592ff-dcbe-4f1d-8eb4-f593c5d7ac78,2,4.0,,,,95.97,47.12,40.71,56.93,50.1,56.03
2025-12-15T16:59:47.801963,Recipe_B,610592ff-dcbe-4f1d-8eb4-f593c5d7ac78,2,4.0,,,,102.31,59.29,49.52,55.29,53.92,58.49
2025-12-15T16:59:48.801963,Recipe_B,610592ff-dcbe-4f1d-8eb4-f593c5d7ac78,2,4.0,,,,98.02,55.34,52.82,51.87,43.6,63.03
2025-12-15T16:59:49.801963,Recipe_B,610592ff-dcbe-4f1d-8eb4-f593c5d7ac78,2,4.0,,,,97.11,53.39,58.1,50.75,49.36,47.3
2025-12-15T16:59:50.801963,Recipe_B,610592ff-dcbe-4f1d-8eb4-f593c5d7ac78,2,4.0,,,,109.17,62.88,51.5,36.28,54.09,48.96
2025-12-15T16:59:51.801963,Recipe_B,610592ff-dcbe-4f1d-8eb4-f593c5d7ac78,2,4.0,,,,100.93,54.5,45.29,51.34,48.26,56.33
2025-12-15T16:59:52.801963,Recipe_B,610592ff-dcbe-4f1d-8eb4-f593c5d7ac78,2,3.0,,,,10.83,11.96,13.12,8.59,8.94,11.99
2025-12-15T16:59:53.801963,Recipe_B,610592ff-dcbe-4f1d-8eb4-f593c5d7ac78,2,3.0,,,,9.94,8.54,9.42,8.63,10.64,9.67
2025-12-15T16:59:54.801963,Recipe_B,610592ff-dcbe-4f1d-8eb4-f593c5d7ac78,2,3.0,,,,7.98,9.4,7.69,11.37,9.82,7.2
2025-12-15T16:59:55.801963,Recipe_B,610592ff-dcbe-4f1d-8eb4-f593c5d7ac78,2,3.0,,,,9.47,11.99,12.22,10.73,7.91,9.47
2025-12-15T16:59:56.801963,Recipe_B,610592ff-dcbe-4f1d-8eb4-f593c5d7ac78,2,3.0,,,,7.64,9.25,13.27,9.37,7.99,14.44
2025-12-15T16:59:57.801963,Recipe_B,610592ff-dcbe-4f1d-8eb4-f593c5d7ac78,2,3.0,,,,12.82,9.2,11.17,14.7,12.85,13.38
2025-12-15T16:59:58.801963,Recipe_B,610592ff-dcbe-4f1d-8eb4-f593c5d7ac78,2,3.0,,,,6.43,11.52,9.2,9.37,7.37,9.56
2025-12-15T16:59:59.801963,Recipe_B,610592ff-dcbe-4f1d-8eb4-f593c5d7ac78,2,3.0,,,,12.16,11.07,10.21,9.4,11.01,6.74
2025-12-15T17:00:00.801963,Recipe_B,610592ff-dcbe-4f1d-8eb4-f593c5d7ac78,2,3.0,,,,4.37,8.08,9.74,8.73,9.09,11.63
2025-12-15T17:00:01.801963,Recipe_B,610592ff-dcbe-4f1d-8eb4-f593c5d7ac78,2,3.0,,,,10.17,14.56,11.39,9.48,8.46,15.1
2025-12-15T17:00:02.801963,Recipe_B,610592ff-dcbe-4f1d-8eb4-f593c5d7ac78,2,3.0,,,,9.79,11.47,10.49,9.79,9.18,9.51
2025-12-15T17:00:03.801963,Recipe_B,610592ff-dcbe-4f1d-8eb4-f593c5d7ac78,2,3.0,,,,9.69,10.52,14.3,10.53,12.89,9.36
2025-12-15T17:00:04.801963,Recipe_B,610592ff-dcbe-4f1d-8eb4-f593c5d7ac78,2,3.0,,,,11.56,8.12,8.59,7.9,7.88,7.98
2025-12-15T17:00:05.801963,Recipe_B,610592ff-dcbe-4f1d-8eb4-f593c5d7ac78,2,3.0,,,,9.37,9.35,9.61,17.26,9.07,11.48
2025-12-15T17:00:06.801963,Recipe_B,610592ff-dcbe-4f1d-8eb4-f593c5d7ac78,2,3.0,,,,4.29,6.33,10.36,9.6,11.75,9.06
2025-12-15T17:00:07.801963,Recipe_B,610592ff-dcbe-4f1d-8eb4-f593c5d7ac78,2,3.0,,,,8.72,8.18,9.21,10.57,9.5,11.94
2025-12-15T17:00:08.801963,Recipe_B,610592ff-dcbe-4f1d-8eb4-f593c5d7ac78,2,3.0,,,,9.38,11.06,13.08,9.34,9.74,9.75
2025-12-15T17:00:09.801963,Recipe_B,610592ff-dcbe-4f1d-8eb4-f593c5d7ac78,2,3.0,,,,11.14,14.51,9.61,9.62,9.97,11.81
2025-12-15T17:00:10.801963,Recipe_B,610592ff-dcbe-4f1d-8eb4-f593c5d7ac78,2,0.0,,,,0.0,0.0,0.0,0.0,0.0,0.0
2025-12-15T17:00:11.801963,Recipe_B,610592ff-dcbe-4f1d-8eb4-f593c5d7ac78,2,0.0,,,,0.0,0.0,0.0,0.0,0.0,0.0
2025-12-15T17:00:12.801963,Recipe_B,610592ff-dcbe-4f1d-8eb4-f593c5d7ac78,2,0.0,,,,0.0,0.0,0.0,0.0,0.0,0.0
2025-12-15T17:00:13.801963,Recipe_B,610592ff-dcbe-4f1d-8eb4-f593c5d7ac78,2,0.0,,,,0.0,0.0,0.0,0.0,0.0,0.0
2025-12-15T17:00:14.801963,Recipe_B,610592ff-dcbe-4f1d-8eb4-f593c5d7ac78,2,0.0,,,,0.0,0.0,0.0,0.0,0.0,0.0
2025-12-15T17:00:15.801963,Recipe_B,610592ff-dcbe-4f1d-8eb4-f593c5d7ac78,2,0.0,,,,0.0,0.0,0.0,0.0,0.0,0.0
2025-12-15T17:00:16.801963,Recipe_B,610592ff-dcbe-4f1d-8eb4-f593c5d7ac78,2,0.0,,,,0.0,0.0,0.0,0.0,0.0,0.0
2025-12-15T17:00:17.801963,Recipe_B,610592ff-dcbe-4f1d-8eb4-f593c5d7ac78,2,0.0,,,,0.0,0.0,0.0,0.0,0.0,0.0
2025-12-15T17:00:18.801963,Recipe_B,610592ff-dcbe-4f1d-8eb4-f593c5d7ac78,2,0.0,,,,0.0,0.0,0.0,0.0,0.0,0.0
2025-12-15T17:00:19.801963,Recipe_B,610592ff-dcbe-4f1d-8eb4-f593c5d7ac78,2,0.0,,,,0.0,0.0,0.0,0.0,0.0,0.0
2025-12-15T17:00:20.801963,Recipe_B,610592ff-dcbe-4f1d-8eb4-f593c5d7ac78,2,0.0,,,,0.0,0.0,0.0,0.0,0.0,0.0
2025-12-15T17:00:21.801963,Recipe_B,610592ff-dcbe-4f1d-8eb4-f593c5d7ac78,2,0.0,,,,0.0,0.0,0.0,0.0,0.0,0.0
2025-12-15T17:00:22.801963,Recipe_B,610592ff-dcbe-4f1d-8eb4-f593c5d7ac78,2,0.0,,,,0.0,0.0,0.0,0.0,0.0,0.0
2025-12-15T17:00:23.801963,Recipe_B,610592ff-dcbe-4f1d-8eb4-f593c5d7ac78,2,0.0,,,,0.0,0.0,0.0,0.0,0.0,0.0
2025-12-15T17:00:24.801963,Recipe_B,610592ff-dcbe-4f1d-8eb4-f593c5d7ac78,2,0.0,,,,0.0,0.0,0.0,0.0,0.0,0.0
2025-12-15T17:00:25.801963,Recipe_B,610592ff-dcbe-4f1d-8eb4-f593c5d7ac78,2,0.0,,,,0.0,0.0,0.0,0.0,0.0,0.0
2025-12-15T17:00:26.801963,Recipe_B,610592ff-dcbe-4f1d-8eb4-f593c5d7ac78,2,0.0,,,,0.0,0.0,0.0,0.0,0.0,0.0
2025-12-15T17:00:27.801963,Recipe_B,610592ff-dcbe-4f1d-8eb4-f593c5d7ac78,2,0.0,,,,0.0,0.0,0.0,0.0,0.0,0.0
2025-12-15T17:00:28.801963,Recipe_B,610592ff-dcbe-4f1d-8eb4-f593c5d7ac78,2,0.0,,,,0.0,0.0,0.0,0.0,0.0,0.0
2025-12-15T17:00:29.801963,Recipe_B,610592ff-dcbe-4f1d-8eb4-f593c5d7ac78,2,0.0,,,,0.0,0.0,0.0,0.0,0.0,0.0
2025-12-15T17:00:30.801963,Recipe_B,610592ff-dcbe-4f1d-8eb4-f593c5d7ac78,2,0.0,,,,0.0,0.0,0.0,0.0,0.0,0.0
2025-12-15T17:00:31.801963,Recipe_B,610592ff-dcbe-4f1d-8eb4-f593c5d7ac78,2,0.0,,,,0.0,0.0,0.0,0.0,0.0,0.0
2025-12-15T17:00:32.801963,Recipe_B,610592ff-dcbe-4f1d-8eb4-f593c5d7ac78,2,0.0,,,,0.0,0.0,0.0,0.0,0.0,0.0
2025-12-15T17:00:33.801963,Recipe_B,610592ff-dcbe-4f1d-8eb4-f593c5d7ac78,2,0.0,,,,0.0,0.0,0.0,0.0,0.0,0.0
2025-12-15T17:00:34.801963,Recipe_B,610592ff-dcbe-4f1d-8eb4-f593c5d7ac78,2,0.0,,,,0.0,0.0,0.0,0.0,0.0,0.0
2025-12-15T17:00:35.801963,Recipe_B,610592ff-dcbe-4f1d-8eb4-f593c5d7ac78,2,0.0,,,,0.0,0.0,0.0,0.0,0.0,0.0
2025-12-15T17:00:36.801963,Recipe_B,610592ff-dcbe-4f1d-8eb4-f593c5d7ac78,2,0.0,,,,0.0,0.0,0.0,0.0,0.0,0.0
2025-12-15T17:00:37.801963,Recipe_B,610592ff-dcbe-4f1d-8eb4-f593c5d7ac78,2,0.0,,,,0.0,0.0,0.0,0.0,0.0,0.0
2025-12-15T17:00:38.801963,Recipe_B,610592ff-dcbe-4f1d-8eb4-f593c5d7ac78,2,0.0,,,,0.0,0.0,0.0,0.0,0.0,0.0
2025-12-15T17:00:39.801963,Recipe_B,610592ff-dcbe-4f1d-8eb4-f593c5d7ac78,2,0.0,,,,0.0,0.0,0.0,0.0,0.0,0.0
2025-12-15T17:00:40.801963,Recipe_B,610592ff-dcbe-4f1d-8eb4-f593c5d7ac78,2,0.0,,,,0.0,0.0,0.0,0.0,0.0,0.0
2025-12-15T17:00:41.801963,Recipe_B,610592ff-dcbe-4f1d-8eb4-f593c5d7ac78,2,0.0,,,,0.0,0.0,0.0,0.0,0.0,0.0
2025-12-15T17:00:42.801963,Recipe_B,610592ff-dcbe-4f1d-8eb4-f593c5d7ac78,2,0.0,,,,0.0,0.0,0.0,0.0,0.0,0.0
2025-12-15T17:00:43.801963,Recipe_B,610592ff-dcbe-4f1d-8eb4-f593c5d7ac78,2,0.0,,,,0.0,0.0,0.0,0.0,0.0,0.0
2025-12-15T17:00:44.801963,Recipe_B,610592ff-dcbe-4f1d-8eb4-f593c5d7ac78,2,0.0,,,,0.0,0.0,0.0,0.0,0.0,0.0
2025-12-15T17:00:45.801963,Recipe_B,610592ff-dcbe-4f1d-8eb4-f593c5d7ac78,2,0.0,,,,0.0,0.0,0.0,0.0,0.0,0.0
2025-12-15T17:00:46.801963,Recipe_B,610592ff-dcbe-4f1d-8eb4-f593c5d7ac78,2,1.0,,,,7.95,15.86,10.97,10.36,10.15,7.78
2025-12-15T17:00:47.801963,Recipe_B,610592ff-dcbe-4f1d-8eb4-f593c5d7ac78,2,2.0,,,,9.28,10.0,9.3,12.48,9.75,11.93
2025-12-15T17:00:48.801963,Recipe_B,610592ff-dcbe-4f1d-8eb4-f593c5d7ac78,2,2.0,,,,9.41,12.55,10.71,10.92,7.47,10.46
2025-12-15T17:00:49.801963,Recipe_B,610592ff-dcbe-4f1d-8eb4-f593c5d7ac78,2,2.0,,,,10.67,5.31,9.95,8.83,7.7,11.71
2025-12-15T17:00:50.801963,Recipe_B,610592ff-dcbe-4f1d-8eb4-f593c5d7ac78,2,2.0,,,,9.97,11.49,9.35,8.21,11.97,12.19
2025-12-15T17:00:51.801963,Recipe_B,610592ff-dcbe-4f1d-8eb4-f593c5d7ac78,2,2.0,,,,9.84,9.49,8.81,10.21,9.29,11.18
2025-12-15T17:00:51.801963,Recipe_B,610592ff-dcbe-4f1d-8eb4-f593c5d7ac78,2,2.0,Warning_8,Simulated Warning occurred,Warning,,,,,,
2025-12-15T17:00:52.801963,Recipe_B,610592ff-dcbe-4f1d-8eb4-f593c5d7ac78,2,2.0,,,,12.29,10.2,12.93,9.44,10.93,10.67
2025-12-15T17:00:53.801963,Recipe_B,610592ff-dcbe-4f1d-8eb4-f593c5d7ac78,2,2.0,,,,6.02,9.82,11.05,8.63,12.22,8.54
2025-12-15T17:00:54.801963,Recipe_B,610592ff-dcbe-4f1d-8eb4-f593c5d7ac78,2,2.0,,,,10.05,13.72,12.12,11.59,12.21,10.29
2025-12-15T17:00:55.801963,Recipe_B,610592ff-dcbe-4f1d-8eb4-f593c5d7ac78,2,2.0,,,,9.29,5.49,9.1,14.44,10.83,8.78
2025-12-15T17:00:56.801963,Recipe_B,610592ff-dcbe-4f1d-8eb4-f593c5d7ac78,2,2.0,,,,10.87,9.73,5.96,11.11,8.97,13.93
2025-12-15T17:00:57.801963,Recipe_B,610592ff-dcbe-4f1d-8eb4-f593c5d7ac78,2,2.0,,,,8.74,6.88,9.95,6.64,9.83,10.65
2025-12-15T17:00:58.801963,Recipe_B,610592ff-dcbe-4f1d-8eb4-f593c5d7ac78,2,2.0,,,,6.1,13.14,12.5,12.0,13.83,10.75
2025-12-15T17:00:59.801963,Recipe_B,610592ff-dcbe-4f1d-8eb4-f593c5d7ac78,2,2.0,,,,12.55,7.95,12.99,10.93,10.93,12.86
2025-12-15T17:01:00.801963,Recipe_B,610592ff-dcbe-4f1d-8eb4-f593c5d7ac78,2,2.0,,,,10.29,7.92,10.36,9.27,8.74,8.41
2025-12-15T17:01:01.801963,Recipe_B,610592ff-dcbe-4f1d-8eb4-f593c5d7ac78,2,2.0,,,,9.1,11.04,10.04,12.39,11.89,10.24
2025-12-15T17:01:02.801963,Recipe_B,610592ff-dcbe-4f1d-8eb4-f593c5d7ac78,2,2.0,,,,10.97,9.59,9.04,8.78,11.09,6.21
2025-12-15T17:01:03.801963,Recipe_B,610592ff-dcbe-4f1d-8eb4-f593c5d7ac78,2,2.0,,,,5.66,8.81,12.4,9.13,9.86,9.42
2025-12-15T17:01:04.801963,Recipe_B,610592ff-dcbe-4f1d-8eb4-f593c5d7ac78,2,2.0,,,,7.57,13.09,9.22,5.81,8.08,10.74
2025-12-15T17:01:05.801963,Recipe_B,610592ff-dcbe-4f1d-8eb4-f593c5d7ac78,2,2.0,,,,9.62,11.09,6.22,9.66,4.77,12.28
2025-12-15T17:01:06.801963,Recipe_B,610592ff-dcbe-4f1d-8eb4-f593c5d7ac78,2,2.0,,,,12.32,8.67,12.29,11.47,9.84,10.94
2025-12-15T17:01:07.801963,Recipe_B,610592ff-dcbe-4f1d-8eb4-f593c5d7ac78,2,2.0,,,,12.88,6.65,12.63,10.3,8.26,7.8
2025-12-15T17:01:08.801963,Recipe_B,610592ff-dcbe-4f1d-8eb4-f593c5d7ac78,2,2.0,,,,9.67,11.42,8.46,8.65,12.89,10.2
2025-12-15T17:01:09.801963,Recipe_B,610592ff-dcbe-4f1d-8eb4-f593c5d7ac78,2,2.0,,,,12.75,10.51,12.13,7.76,10.16,10.98
2025-12-15T17:01:10.801963,Recipe_B,610592ff-dcbe-4f1d-8eb4-f593c5d7ac78,2,2.0,,,,8.77,7.87,7.04,9.35,11.83,9.0
2025-12-15T17:01:11.801963,Recipe_B,610592ff-dcbe-4f1d-8eb4-f593c5d7ac78,2,2.0,,,,10.37,11.04,3.73,9.53,11.83,9.16
2025-12-15T17:01:12.801963,Recipe_B,610592ff-dcbe-4f1d-8eb4-f593c5d7ac78,2,2.0,,,,8.01,7.31,9.79,9.03,8.69,12.63
2025-12-15T17:01:13.801963,Recipe_B,610592ff-dcbe-4f1d-8eb4-f593c5d7ac78,2,2.0,,,,11.69,8.67,8.22,10.74,9.4,10.35
2025-12-15T17:01:14.801963,Recipe_B,610592ff-dcbe-4f1d-8eb4-f593c5d7ac78,2,2.0,,,,9.18,8.75,9.5,9.62,11.98,7.64
2025-12-15T17:01:15.801963,Recipe_B,610592ff-dcbe-4f1d-8eb4-f593c5d7ac78,2,2.0,,,,9.35,8.9,10.76,12.51,12.52,9.84
2025-12-15T17:01:16.801963,Recipe_B,610592ff-dcbe-4f1d-8eb4-f593c5d7ac78,2,2.0,,,,10.27,11.03,10.18,11.89,12.42,9.16
2025-12-15T17:01:17.801963,Recipe_B,610592ff-dcbe-4f1d-8eb4-f593c5d7ac78,2,2.0,,,,12.17,7.71,9.32,13.79,7.33,10.94
2025-12-15T17:01:18.801963,Recipe_B,610592ff-dcbe-4f1d-8eb4-f593c5d7ac78,2,2.0,,,,9.83,8.53,4.98,5.57,5.26,9.41
2025-12-15T17:01:19.801963,Recipe_B,610592ff-dcbe-4f1d-8eb4-f593c5d7ac78,2,2.0,,,,10.09,11.38,6.53,7.1,11.53,10.92
2025-12-15T17:01:20.801963,Recipe_B,610592ff-dcbe-4f1d-8eb4-f593c5d7ac78,2,2.0,,,,6.04,5.69,10.0,7.39,7.55,9.16
2025-12-15T17:01:21.801963,Recipe_B,610592ff-dcbe-4f1d-8eb4-f593c5d7ac78,2,2.0,,,,9.26,7.57,11.37,10.18,8.17,9.88
2025-12-15T17:01:22.801963,Recipe_B,610592ff-dcbe-4f1d-8eb4-f593c5d7ac78,2,2.0,,,,8.62,11.23,11.95,8.59,11.27,8.06
2025-12-15T17:01:23.801963,Recipe_B,610592ff-dcbe-4f1d-8eb4-f593c5d7ac78,2,2.0,,,,5.02,9.97,14.48,12.07,8.81,9.06
2025-12-15T17:01:24.801963,Recipe_B,610592ff-dcbe-4f1d-8eb4-f593c5d7ac78,2,2.0,,,,10.49,8.88,12.53,9.68,10.88,13.6
2025-12-15T17:01:25.801963,Recipe_B,610592ff-dcbe-4f1d-8eb4-f593c5d7ac78,2,2.0,,,,9.82,10.53,10.42,12.53,7.89,10.28
2025-12-15T17:01:26.801963,Recipe_B,610592ff-dcbe-4f1d-8eb4-f593c5d7ac78,2,2.0,,,,9.36,11.65,8.29,11.37,7.43,8.97
2025-12-15T17:01:27.801963,Recipe_B,610592ff-dcbe-4f1d-8eb4-f593c5d7ac78,2,2.0,,,,12.63,11.86,10.62,7.23,9.94,9.9
2025-12-15T17:01:28.801963,Recipe_B,610592ff-dcbe-4f1d-8eb4-f593c5d7ac78,2,2.0,,,,9.21,11.4,10.92,9.65,6.98,8.81
2025-12-15T17:01:29.801963,Recipe_B,610592ff-dcbe-4f1d-8eb4-f593c5d7ac78,2,2.0,,,,15.23,7.25,10.71,6.39,9.25,5.81
2025-12-15T17:01:30.801963,Recipe_B,610592ff-dcbe-4f1d-8eb4-f593c5d7ac78,2,2.0,,,,6.12,13.0,9.41,13.1,7.0,8.41
2025-12-15T17:01:31.801963,Recipe_B,610592ff-dcbe-4f1d-8eb4-f593c5d7ac78,2,2.0,,,,11.84,8.72,11.78,8.53,8.76,11.11
2025-12-15T17:01:32.801963,Recipe_B,610592ff-dcbe-4f1d-8eb4-f593c5d7ac78,2,2.0,,,,13.37,12.94,8.29,9.2,10.94,12.54
2025-12-15T17:01:33.801963,Recipe_B,610592ff-dcbe-4f1d-8eb4-f593c5d7ac78,2,2.0,,,,11.49,11.82,7.95,9.84,12.29,9.06
2025-12-15T17:01:34.801963,Recipe_B,610592ff-dcbe-4f1d-8eb4-f593c5d7ac78,2,2.0,,,,8.8,14.0,8.38,9.72,10.21,10.61
2025-12-15T17:01:35.801963,Recipe_B,610592ff-dcbe-4f1d-8eb4-f593c5d7ac78,2,2.0,,,,5.77,12.68,8.79,5.54,10.04,8.44
2025-12-15T17:01:36.801963,Recipe_B,610592ff-dcbe-4f1d-8eb4-f593c5d7ac78,2,2.0,,,,11.71,9.27,10.74,11.69,6.29,10.23
2025-12-15T17:01:37.801963,Recipe_B,610592ff-dcbe-4f1d-8eb4-f593c5d7ac78,2,2.0,,,,8.14,14.59,7.05,8.63,10.38,10.92
2025-12-15T17:01:38.801963,Recipe_B,610592ff-dcbe-4f1d-8eb4-f593c5d7ac78,2,2.0,,,,10.85,9.46,9.71,7.38,10.52,14.39
2025-12-15T17:01:39.801963,Recipe_B,610592ff-dcbe-4f1d-8eb4-f593c5d7ac78,2,2.0,,,,8.47,6.79,12.55,9.98,10.58,8.01
2025-12-15T17:01:40.801963,Recipe_B,610592ff-dcbe-4f1d-8eb4-f593c5d7ac78,2,2.0,,,,8.93,7.34,9.0,8.45,12.01,5.71
2025-12-15T17:01:41.801963,Recipe_B,610592ff-dcbe-4f1d-8eb4-f593c5d7ac78,2,2.0,,,,12.61,6.72,11.29,7.58,10.44,8.54
2025-12-15T17:01:42.801963,Recipe_B,610592ff-dcbe-4f1d-8eb4-f593c5d7ac78,2,2.0,,,,7.49,9.69,8.33,7.76,12.22,11.56
2025-12-15T17:01:43.801963,Recipe_B,610592ff-dcbe-4f1d-8eb4-f593c5d7ac78,2,2.0,,,,12.67,11.02,10.14,11.6,10.48,8.21
2025-12-15T17:01:44.801963,Recipe_B,610592ff-dcbe-4f1d-8eb4-f593c5d7ac78,2,2.0,,,,7.44,12.58,8.83,6.95,10.38,9.86
2025-12-15T17:01:45.801963,Recipe_B,610592ff-dcbe-4f1d-8eb4-f593c5d7ac78,2,2.0,,,,9.03,11.38,10.27,7.51,11.12,13.75
2025-12-15T17:01:46.801963,Recipe_B,610592ff-dcbe-4f1d-8eb4-f593c5d7ac78,2,2.0,,,,6.06,9.2,11.52,9.86,10.01,8.09
2025-12-15T17:01:47.801963,Recipe_B,610592ff-dcbe-4f1d-8eb4-f593c5d7ac78,2,2.0,,,,8.13,8.24,10.92,10.67,7.87,8.39
2025-12-15T17:01:48.801963,Recipe_B,610592ff-dcbe-4f1d-8eb4-f593c5d7ac78,2,2.0,,,,8.23,9.24,10.55,9.53,8.02,9.04
2025-12-15T17:01:49.801963,Recipe_B,610592ff-dcbe-4f1d-8eb4-f593c5d7ac78,2,2.0,,,,10.39,8.35,13.4,9.78,11.62,9.74
2025-12-15T17:01:50.801963,Recipe_B,610592ff-dcbe-4f1d-8eb4-f593c5d7ac78,2,2.0,,,,8.02,8.62,10.11,6.55,10.49,13.1
2025-12-15T17:01:51.801963,Recipe_B,610592ff-dcbe-4f1d-8eb4-f593c5d7ac78,2,2.0,,,,12.01,12.38,7.97,7.29,8.61,10.41
2025-12-15T17:01:52.801963,Recipe_B,610592ff-dcbe-4f1d-8eb4-f593c5d7ac78,2,2.0,,,,9.97,9.84,7.64,10.8,14.31,8.99
2025-12-15T17:01:53.801963,Recipe_B,610592ff-dcbe-4f1d-8eb4-f593c5d7ac78,2,2.0,,,,11.17,9.59,8.4,12.3,10.71,8.87
2025-12-15T17:01:54.801963,Recipe_B,610592ff-dcbe-4f1d-8eb4-f593c5d7ac78,2,2.0,,,,6.54,7.71,6.31,11.17,10.4,11.13
2025-12-15T17:01:55.801963,Recipe_B,610592ff-dcbe-4f1d-8eb4-f593c5d7ac78,2,2.0,,,,9.47,10.17,10.46,12.59,11.85,9.43
2025-12-15T17:01:56.801963,Recipe_B,610592ff-dcbe-4f1d-8eb4-f593c5d7ac78,2,2.0,,,,9.47,6.54,10.87,13.18,11.03,10.86
2025-12-15T17:01:57.801963,Recipe_B,610592ff-dcbe-4f1d-8eb4-f593c5d7ac78,2,2.0,,,,10.74,10.69,5.28,9.8,11.07,14.33
2025-12-15T17:01:58.801963,Recipe_B,610592ff-dcbe-4f1d-8eb4-f593c5d7ac78,2,2.0,,,,8.09,7.65,9.77,14.31,7.05,9.25
2025-12-15T17:01:59.801963,Recipe_B,610592ff-dcbe-4f1d-8eb4-f593c5d7ac78,2,2.0,,,,12.75,11.71,12.67,9.81,8.17,5.64
2025-12-15T17:02:00.801963,Recipe_B,610592ff-dcbe-4f1d-8eb4-f593c5d7ac78,2,2.0,,,,11.47,13.57,6.85,13.28,10.52,8.5
2025-12-15T17:02:01.801963,Recipe_B,610592ff-dcbe-4f1d-8eb4-f593c5d7ac78,2,2.0,,,,8.13,10.84,11.99,8.74,9.68,12.13
2025-12-15T17:02:02.801963,Recipe_B,610592ff-dcbe-4f1d-8eb4-f593c5d7ac78,2,2.0,,,,8.73,10.65,11.28,13.35,9.2,10.2
2025-12-15T17:02:03.801963,Recipe_B,610592ff-dcbe-4f1d-8eb4-f593c5d7ac78,2,2.0,,,,8.29,9.69,5.17,14.53,11.4,8.79
2025-12-15T17:02:04.801963,Recipe_B,610592ff-dcbe-4f1d-8eb4-f593c5d7ac78,2,2.0,,,,13.47,6.92,13.42,10.66,10.84,13.21
2025-12-15T17:02:05.801963,Recipe_B,610592ff-dcbe-4f1d-8eb4-f593c5d7ac78,2,2.0,,,,4.53,10.67,11.23,8.33,6.53,10.88
2025-12-15T17:02:06.801963,Recipe_B,610592ff-dcbe-4f1d-8eb4-f593c5d7ac78,2,2.0,,,,11.56,11.93,11.16,7.09,10.41,10.05
2025-12-15T17:02:07.801963,Recipe_B,610592ff-dcbe-4f1d-8eb4-f593c5d7ac78,2,2.0,,,,8.47,10.29,11.52,11.19,8.81,11.68
2025-12-15T17:02:08.801963,Recipe_B,610592ff-dcbe-4f1d-8eb4-f593c5d7ac78,2,2.0,,,,10.89,11.39,9.34,6.05,12.65,8.1
2025-12-15T17:02:09.801963,Recipe_B,610592ff-dcbe-4f1d-8eb4-f593c5d7ac78,2,2.0,,,,13.19,11.5,11.43,8.67,8.16,6.71
2025-12-15T17:02:10.801963,Recipe_B,610592ff-dcbe-4f1d-8eb4-f593c5d7ac78,2,2.0,,,,9.33,9.81,10.88,8.3,10.06,8.31
2025-12-15T17:02:11.801963,Recipe_B,610592ff-dcbe-4f1d-8eb4-f593c5d7ac78,2,2.0,,,,7.65,7.85,13.7,9.06,7.93,11.55
2025-12-15T17:02:12.801963,Recipe_B,610592ff-dcbe-4f1d-8eb4-f593c5d7ac78,2,2.0,,,,11.68,9.28,12.87,12.18,11.67,8.01
2025-12-15T17:02:13.801963,Recipe_B,610592ff-dcbe-4f1d-8eb4-f593c5d7ac78,2,2.0,,,,10.25,9.96,8.57,10.53,8.11,9.34
2025-12-15T17:02:14.801963,Recipe_B,610592ff-dcbe-4f1d-8eb4-f593c5d7ac78,2,2.0,,,,10.51,13.81,7.35,8.26,10.32,9.49
2025-12-15T17:02:15.801963,Recipe_B,610592ff-dcbe-4f1d-8eb4-f593c5d7ac78,2,2.0,,,,12.62,10.47,10.96,13.73,8.67,5.97
2025-12-15T17:02:16.801963,Recipe_B,610592ff-dcbe-4f1d-8eb4-f593c5d7ac78,2,2.0,,,,6.61,10.2,9.88,12.73,12.08,9.82
2025-12-15T17:02:17.801963,Recipe_B,610592ff-dcbe-4f1d-8eb4-f593c5d7ac78,2,2.0,,,,10.33,9.29,14.7,5.17,8.85,10.11
2025-12-15T17:02:18.801963,Recipe_B,610592ff-dcbe-4f1d-8eb4-f593c5d7ac78,2,2.0,,,,11.1,11.21,8.76,8.09,11.64,10.93
2025-12-15T17:02:19.801963,Recipe_B,610592ff-dcbe-4f1d-8eb4-f593c5d7ac78,2,2.0,,,,4.39,11.33,7.55,10.46,11.9,11.24
2025-12-15T17:02:20.801963,Recipe_B,610592ff-dcbe-4f1d-8eb4-f593c5d7ac78,2,2.0,,,,11.85,8.49,8.54,12.05,9.01,9.11
2025-12-15T17:02:21.801963,Recipe_B,610592ff-dcbe-4f1d-8eb4-f593c5d7ac78,2,2.0,,,,9.66,11.09,6.99,9.09,11.71,6.66
2025-12-15T17:02:22.801963,Recipe_B,610592ff-dcbe-4f1d-8eb4-f593c5d7ac78,2,2.0,,,,11.2,8.25,6.9,10.36,10.89,9.4
2025-12-15T17:02:23.801963,Recipe_B,610592ff-dcbe-4f1d-8eb4-f593c5d7ac78,2,2.0,,,,11.27,12.05,10.25,12.26,8.31,10.52
2025-12-15T17:02:24.801963,Recipe_B,610592ff-dcbe-4f1d-8eb4-f593c5d7ac78,2,2.0,,,,11.21,12.28,8.27,5.58,11.64,10.33
2025-12-15T17:02:25.801963,Recipe_B,610592ff-dcbe-4f1d-8eb4-f593c5d7ac78,2,2.0,,,,3.82,11.04,11.16,12.74,12.9,14.34
2025-12-15T17:02:26.801963,Recipe_B,610592ff-dcbe-4f1d-8eb4-f593c5d7ac78,2,2.0,,,,9.58,10.95,12.12,8.86,10.57,9.0
2025-12-15T17:02:27.801963,Recipe_B,610592ff-dcbe-4f1d-8eb4-f593c5d7ac78,2,2.0,,,,10.13,10.56,10.56,12.28,12.52,10.58
2025-12-15T17:02:28.801963,Recipe_B,610592ff-dcbe-4f1d-8eb4-f593c5d7ac78,2,2.0,,,,6.96,8.31,8.88,8.9,10.6,13.19
2025-12-15T17:02:29.801963,Recipe_B,610592ff-dcbe-4f1d-8eb4-f593c5d7ac78,2,2.0,,,,10.95,12.8,13.12,9.99,12.5,8.83
2025-12-15T17:02:30.801963,Recipe_B,610592ff-dcbe-4f1d-8eb4-f593c5d7ac78,2,2.0,,,,8.03,10.16,9.51,8.54,9.5,8.37
2025-12-15T17:02:31.801963,Recipe_B,610592ff-dcbe-4f1d-8eb4-f593c5d7ac78,2,2.0,,,,9.63,7.76,9.7,12.34,10.74,9.54
2025-12-15T17:02:32.801963,Recipe_B,610592ff-dcbe-4f1d-8eb4-f593c5d7ac78,2,2.0,,,,8.07,10.4,11.13,8.34,9.66,10.05
2025-12-15T17:02:33.801963,Recipe_B,610592ff-dcbe-4f1d-8eb4-f593c5d7ac78,2,2.0,,,,12.61,6.31,12.26,11.29,9.24,11.62
2025-12-15T17:02:33.801963,Recipe_B,610592ff-dcbe-4f1d-8eb4-f593c5d7ac78,2,2.0,Error_9,Simulated Error occurred,Error,,,,,,
2025-12-15T17:02:34.801963,Recipe_B,610592ff-dcbe-4f1d-8eb4-f593c5d7ac78,2,2.0,,,,14.1,11.72,7.89,10.05,13.39,12.59
2025-12-15T17:02:35.801963,Recipe_B,610592ff-dcbe-4f1d-8eb4-f593c5d7ac78,2,2.0,,,,12.15,13.03,13.56,10.18,8.26,12.73
2025-12-15T17:02:36.801963,Recipe_B,610592ff-dcbe-4f1d-8eb4-f593c5d7ac78,2,2.0,,,,9.59,12.03,5.96,13.1,9.12,11.23
2025-12-15T17:02:37.801963,Recipe_B,610592ff-dcbe-4f1d-8eb4-f593c5d7ac78,2,2.0,,,,8.9,11.57,8.32,9.83,8.02,9.89
2025-12-15T17:02:38.801963,Recipe_B,610592ff-dcbe-4f1d-8eb4-f593c5d7ac78,2,2.0,,,,8.97,10.22,8.9,8.11,5.98,9.86
2025-12-15T17:02:39.801963,Recipe_B,610592ff-dcbe-4f1d-8eb4-f593c5d7ac78,2,2.0,,,,10.63,9.82,13.27,9.45,11.44,12.96
2025-12-15T17:02:40.801963,Recipe_B,610592ff-dcbe-4f1d-8eb4-f593c5d7ac78,2,2.0,,,,9.11,13.75,9.31,11.64,5.72,10.57
2025-12-15T17:02:41.801963,Recipe_B,610592ff-dcbe-4f1d-8eb4-f593c5d7ac78,2,2.0,,,,11.46,9.01,8.7,8.7,11.1,5.02
2025-12-15T17:02:42.801963,Recipe_B,610592ff-dcbe-4f1d-8eb4-f593c5d7ac78,2,2.0,,,,7.44,6.35,10.27,11.89,11.1,8.57
2025-12-15T17:02:43.801963,Recipe_B,610592ff-dcbe-4f1d-8eb4-f593c5d7ac78,2,2.0,,,,10.47,11.59,11.22,6.02,11.53,9.12
2025-12-15T17:02:44.801963,Recipe_B,610592ff-dcbe-4f1d-8eb4-f593c5d7ac78,2,2.0,,,,8.63,11.12,12.28,12.8,9.8,10.31
2025-12-15T17:02:45.801963,Recipe_B,610592ff-dcbe-4f1d-8eb4-f593c5d7ac78,2,2.0,,,,11.13,7.67,11.79,8.15,11.26,10.01
2025-12-15T17:02:46.801963,Recipe_B,610592ff-dcbe-4f1d-8eb4-f593c5d7ac78,2,2.0,,,,10.2,9.09,7.32,10.91,12.5,9.01
2025-12-15T17:02:47.801963,Recipe_B,610592ff-dcbe-4f1d-8eb4-f593c5d7ac78,2,2.0,,,,5.12,8.15,8.36,9.5,9.26,11.62
2025-12-15T17:02:48.801963,Recipe_B,610592ff-dcbe-4f1d-8eb4-f593c5d7ac78,2,2.0,,,,9.87,10.7,9.27,5.63,6.65,10.5
2025-12-15T17:02:49.801963,Recipe_B,610592ff-dcbe-4f1d-8eb4-f593c5d7ac78,2,2.0,,,,12.35,10.95,8.54,5.01,10.74,9.05
2025-12-15T17:02:50.801963,Recipe_B,610592ff-dcbe-4f1d-8eb4-f593c5d7ac78,2,2.0,,,,7.44,9.89,11.98,7.59,8.93,7.84
2025-12-15T17:02:51.801963,Recipe_B,610592ff-dcbe-4f1d-8eb4-f593c5d7ac78,2,5.0,,,,13.19,9.77,8.13,7.83,6.27,10.2
2025-12-15T17:02:52.801963,Recipe_B,610592ff-dcbe-4f1d-8eb4-f593c5d7ac78,2,5.0,,,,9.34,9.11,8.38,9.42,9.73,10.44
2025-12-15T17:02:53.801963,Recipe_B,610592ff-dcbe-4f1d-8eb4-f593c5d7ac78,2,5.0,,,,11.28,9.89,8.48,12.67,10.21,9.23
2025-12-15T17:02:54.801963,Recipe_B,610592ff-dcbe-4f1d-8eb4-f593c5d7ac78,2,5.0,,,,10.89,11.39,6.72,7.45,6.91,12.87
2025-12-15T17:02:55.801963,Recipe_B,610592ff-dcbe-4f1d-8eb4-f593c5d7ac78,2,5.0,,,,8.01,12.6,9.87,9.81,11.49,10.06
2025-12-15T17:02:56.801963,Recipe_B,610592ff-dcbe-4f1d-8eb4-f593c5d7ac78,2,5.0,,,,11.61,8.79,7.51,12.42,10.84,9.77
2025-12-15T17:02:57.801963,Recipe_B,610592ff-dcbe-4f1d-8eb4-f593c5d7ac78,2,5.0,,,,8.89,12.02,11.2,6.93,11.33,9.86
2025-12-15T17:02:58.801963,Recipe_B,610592ff-dcbe-4f1d-8eb4-f593c5d7ac78,2,5.0,,,,5.5,7.67,10.5,10.37,11.32,11.88
2025-12-15T17:02:59.801963,Recipe_B,610592ff-dcbe-4f1d-8eb4-f593c5d7ac78,2,5.0,,,,11.57,10.06,10.46,11.29,8.9,7.23
2025-12-15T17:03:00.801963,Recipe_B,610592ff-dcbe-4f1d-8eb4-f593c5d7ac78,2,5.0,,,,9.17,10.26,8.72,8.66,8.65,8.33
2025-12-15T17:03:01.801963,Recipe_B,610592ff-dcbe-4f1d-8eb4-f593c5d7ac78,2,5.0,,,,11.92,10.4,9.98,8.77,10.57,9.42
2025-12-15T17:03:02.801963,Recipe_B,610592ff-dcbe-4f1d-8eb4-f593c5d7ac78,2,5.0,,,,10.97,10.2,8.0,9.64,8.69,8.59
2025-12-15T17:03:03.801963,Recipe_B,610592ff-dcbe-4f1d-8eb4-f593c5d7ac78,2,5.0,,,,7.39,9.18,10.05,12.07,8.32,9.95
2025-12-15T17:03:04.801963,Recipe_B,610592ff-dcbe-4f1d-8eb4-f593c5d7ac78,2,5.0,,,,11.95,9.49,10.29,11.64,6.71,12.22
2025-12-15T17:03:05.801963,Recipe_B,610592ff-dcbe-4f1d-8eb4-f593c5d7ac78,2,5.0,,,,10.85,11.08,11.22,6.46,10.42,10.65
2025-12-15T17:03:06.801963,Recipe_B,610592ff-dcbe-4f1d-8eb4-f593c5d7ac78,2,5.0,,,,12.29,8.25,8.87,11.54,6.31,11.6
2025-12-15T17:03:07.801963,Recipe_B,610592ff-dcbe-4f1d-8eb4-f593c5d7ac78,2,5.0,,,,5.81,6.8,13.2,11.85,8.29,14.86
2025-12-15T17:03:08.801963,Recipe_B,610592ff-dcbe-4f1d-8eb4-f593c5d7ac78,2,5.0,,,,9.08,10.53,11.88,10.35,11.07,13.95
2025-12-15T17:03:09.801963,Recipe_B,610592ff-dcbe-4f1d-8eb4-f593c5d7ac78,2,5.0,,,,8.47,6.8,11.73,9.26,8.18,8.77
2025-12-15T17:03:10.801963,Recipe_B,610592ff-dcbe-4f1d-8eb4-f593c5d7ac78,2,5.0,,,,8.13,11.43,7.73,11.93,7.97,12.45
2025-12-15T17:03:11.801963,Recipe_B,610592ff-dcbe-4f1d-8eb4-f593c5d7ac78,2,5.0,,,,9.36,10.14,10.17,9.22,10.65,7.55
2025-12-15T17:03:12.801963,Recipe_B,610592ff-dcbe-4f1d-8eb4-f593c5d7ac78,2,5.0,,,,13.12,11.57,12.84,11.99,8.76,8.85
2025-12-15T17:03:13.801963,Recipe_B,610592ff-dcbe-4f1d-8eb4-f593c5d7ac78,2,5.0,,,,13.86,11.13,6.88,10.02,8.11,8.69
2025-12-15T17:03:14.801963,Recipe_B,610592ff-dcbe-4f1d-8eb4-f593c5d7ac78,2,5.0,,,,8.2,10.5,11.5,8.22,7.4,13.43
2025-12-15T17:03:15.801963,Recipe_B,610592ff-dcbe-4f1d-8eb4-f593c5d7ac78,2,5.0,,,,12.72,7.8,8.7,10.53,8.69,9.99
2025-12-15T17:03:16.801963,Recipe_B,610592ff-dcbe-4f1d-8eb4-f593c5d7ac78,2,5.0,,,,10.71,10.01,8.81,9.7,8.14,9.05
2025-12-15T17:03:17.801963,Recipe_B,610592ff-dcbe-4f1d-8eb4-f593c5d7ac78,2,5.0,,,,9.86,11.78,12.0,9.14,9.36,8.26
2025-12-15T17:03:18.801963,Recipe_B,610592ff-dcbe-4f1d-8eb4-f593c5d7ac78,2,5.0,,,,9.32,11.11,12.7,9.63,7.73,8.28
2025-12-15T17:03:19.801963,Recipe_B,610592ff-dcbe-4f1d-8eb4-f593c5d7ac78,2,0.0,,,,0.0,0.0,0.0,0.0,0.0,0.0
2025-12-15T17:03:20.801963,Recipe_B,610592ff-dcbe-4f1d-8eb4-f593c5d7ac78,2,0.0,,,,0.0,0.0,0.0,0.0,0.0,0.0
2025-12-15T17:03:21.801963,Recipe_B,610592ff-dcbe-4f1d-8eb4-f593c5d7ac78,2,0.0,,,,0.0,0.0,0.0,0.0,0.0,0.0
2025-12-15T17:03:22.801963,Recipe_B,610592ff-dcbe-4f1d-8eb4-f593c5d7ac78,2,0.0,,,,0.0,0.0,0.0,0.0,0.0,0.0
2025-12-15T17:03:23.801963,Recipe_B,610592ff-dcbe-4f1d-8eb4-f593c5d7ac78,2,0.0,,,,0.0,0.0,0.0,0.0,0.0,0.0
2025-12-15T17:03:24.801963,Recipe_B,610592ff-dcbe-4f1d-8eb4-f593c5d7ac78,2,0.0,,,,0.0,0.0,0.0,0.0,0.0,0.0
2025-12-15T17:03:25.801963,Recipe_B,610592ff-dcbe-4f1d-8eb4-f593c5d7ac78,2,0.0,,,,0.0,0.0,0.0,0.0,0.0,0.0
2025-12-15T17:03:26.801963,Recipe_B,610592ff-dcbe-4f1d-8eb4-f593c5d7ac78,2,3.0,,,,9.87,10.15,8.25,13.02,8.49,10.49
2025-12-15T17:03:27.801963,Recipe_B,610592ff-dcbe-4f1d-8eb4-f593c5d7ac78,2,3.0,,,,10.1,7.79,8.91,8.17,11.9,10.87
2025-12-15T17:03:28.801963,Recipe_B,610592ff-dcbe-4f1d-8eb4-f593c5d7ac78,2,3.0,,,,10.94,10.32,12.28,8.54,11.41,11.98
2025-12-15T17:03:29.801963,Recipe_B,610592ff-dcbe-4f1d-8eb4-f593c5d7ac78,2,3.0,,,,11.24,11.82,9.83,5.28,9.47,8.01
2025-12-15T17:03:30.801963,Recipe_B,610592ff-dcbe-4f1d-8eb4-f593c5d7ac78,2,3.0,,,,9.06,9.75,10.82,7.09,10.85,12.77
2025-12-15T17:03:31.801963,Recipe_B,610592ff-dcbe-4f1d-8eb4-f593c5d7ac78,2,3.0,,,,12.46,10.03,10.53,8.82,6.67,5.45
2025-12-15T17:03:32.801963,Recipe_B,610592ff-dcbe-4f1d-8eb4-f593c5d7ac78,2,3.0,,,,9.11,8.88,9.57,7.63,9.58,13.37
2025-12-15T17:03:33.801963,Recipe_B,610592ff-dcbe-4f1d-8eb4-f593c5d7ac78,2,3.0,,,,9.69,15.05,9.98,8.86,10.97,12.01
2025-12-15T17:03:34.801963,Recipe_B,610592ff-dcbe-4f1d-8eb4-f593c5d7ac78,2,3.0,,,,13.58,8.43,10.12,7.32,7.73,10.79
2025-12-15T17:03:35.801963,Recipe_B,610592ff-dcbe-4f1d-8eb4-f593c5d7ac78,2,3.0,,,,6.53,11.84,9.9,7.82,8.81,9.92
2025-12-15T17:03:36.801963,Recipe_B,610592ff-dcbe-4f1d-8eb4-f593c5d7ac78,2,3.0,,,,12.33,8.79,5.55,11.72,7.53,10.82
2025-12-15T17:03:37.801963,Recipe_B,610592ff-dcbe-4f1d-8eb4-f593c5d7ac78,2,3.0,,,,11.3,9.63,9.42,9.72,11.16,10.24
2025-12-15T17:03:38.801963,Recipe_B,610592ff-dcbe-4f1d-8eb4-f593c5d7ac78,2,3.0,,,,9.53,12.13,11.21,10.66,8.83,13.25
2025-12-15T17:03:39.801963,Recipe_B,610592ff-dcbe-4f1d-8eb4-f593c5d7ac78,2,3.0,,,,7.14,7.04,11.31,8.34,10.74,9.03
2025-12-15T17:03:40.801963,Recipe_B,610592ff-dcbe-4f1d-8eb4-f593c5d7ac78,2,3.0,,,,10.43,10.23,11.17,9.7,11.94,9.27
2025-12-15T17:03:41.801963,Recipe_B,610592ff-dcbe-4f1d-8eb4-f593c5d7ac78,2,3.0,,,,12.15,11.36,10.24,8.27,6.85,8.68
2025-12-15T17:03:42.801963,Recipe_B,610592ff-dcbe-4f1d-8eb4-f593c5d7ac78,2,3.0,,,,9.65,12.46,13.07,13.78,11.56,9.29
2025-12-15T17:03:43.801963,Recipe_B,610592ff-dcbe-4f1d-8eb4-f593c5d7ac78,2,3.0,,,,12.48,8.54,8.01,12.65,11.56,7.84
2025-12-15T17:03:44.801963,Recipe_B,610592ff-dcbe-4f1d-8eb4-f593c5d7ac78,2,3.0,,,,9.09,11.42,11.08,12.18,7.12,10.43
2025-12-15T17:03:45.801963,Recipe_B,610592ff-dcbe-4f1d-8eb4-f593c5d7ac78,2,3.0,,,,10.89,9.51,7.73,9.69,12.03,8.09
2025-12-15T17:03:45.801963,Recipe_B,610592ff-dcbe-4f1d-8eb4-f593c5d7ac78,2,3.0,Warning_6,Simulated Warning occurred,Warning,,,,,,
2025-12-15T17:03:46.801963,Recipe_B,610592ff-dcbe-4f1d-8eb4-f593c5d7ac78,2,3.0,,,,7.99,8.88,11.98,10.58,9.56,11.04
2025-12-15T17:03:47.801963,Recipe_B,610592ff-dcbe-4f1d-8eb4-f593c5d7ac78,2,3.0,,,,11.6,10.04,10.43,8.89,10.81,9.69
2025-12-15T17:03:48.801963,Recipe_B,610592ff-dcbe-4f1d-8eb4-f593c5d7ac78,2,3.0,,,,10.55,10.05,6.1,7.51,6.26,7.89
2025-12-15T17:03:49.801963,Recipe_B,610592ff-dcbe-4f1d-8eb4-f593c5d7ac78,2,3.0,,,,13.29,8.01,7.19,6.12,7.38,7.9
2025-12-15T17:03:50.801963,Recipe_B,610592ff-dcbe-4f1d-8eb4-f593c5d7ac78,2,3.0,,,,8.27,12.02,10.38,10.81,12.65,11.98
2025-12-15T17:03:51.801963,Recipe_B,610592ff-dcbe-4f1d-8eb4-f593c5d7ac78,2,3.0,,,,10.04,10.78,10.0,10.82,8.36,9.51
2025-12-15T17:03:52.801963,Recipe_B,610592ff-dcbe-4f1d-8eb4-f593c5d7ac78,2,4.0,,,,101.27,53.17,49.34,47.38,47.72,45.53
2025-12-15T17:03:53.801963,Recipe_B,610592ff-dcbe-4f1d-8eb4-f593c5d7ac78,2,4.0,,,,96.18,45.93,49.02,52.65,49.18,46.86
2025-12-15T17:03:53.801963,Recipe_B,610592ff-dcbe-4f1d-8eb4-f593c5d7ac78,2,4.0,Warning_1,Simulated Warning occurred,Warning,,,,,,
2025-12-15T17:03:54.801963,Recipe_B,610592ff-dcbe-4f1d-8eb4-f593c5d7ac78,2,4.0,,,,97.3,44.22,50.94,49.99,52.45,53.25
2025-12-15T17:03:55.801963,Recipe_B,610592ff-dcbe-4f1d-8eb4-f593c5d7ac78,2,4.0,,,,91.52,49.28,46.68,40.65,47.71,47.2
2025-12-15T17:03:56.801963,Recipe_B,610592ff-dcbe-4f1d-8eb4-f593c5d7ac78,2,4.0,,,,98.31,49.53,53.12,52.66,50.8,50.73
2025-12-15T17:03:57.801963,Recipe_B,610592ff-dcbe-4f1d-8eb4-f593c5d7ac78,2,0.0,,,,0.0,0.0,0.0,0.0,0.0,0.0
2025-12-15T17:03:58.801963,Recipe_B,610592ff-dcbe-4f1d-8eb4-f593c5d7ac78,2,0.0,,,,0.0,0.0,0.0,0.0,0.0,0.0
2025-12-15T17:03:59.801963,Recipe_B,610592ff-dcbe-4f1d-8eb4-f593c5d7ac78,2,0.0,,,,0.0,0.0,0.0,0.0,0.0,0.0
2025-12-15T17:04:00.801963,Recipe_B,610592ff-dcbe-4f1d-8eb4-f593c5d7ac78,2,0.0,,,,0.0,0.0,0.0,0.0,0.0,0.0
2025-12-15T17:04:01.801963,Recipe_B,610592ff-dcbe-4f1d-8eb4-f593c5d7ac78,2,0.0,,,,0.0,0.0,0.0,0.0,0.0,0.0
2025-12-15T17:04:02.801963,Recipe_B,610592ff-dcbe-4f1d-8eb4-f593c5d7ac78,2,0.0,,,,0.0,0.0,0.0,0.0,0.0,0.0
2025-12-15T17:04:03.801963,Recipe_B,610592ff-dcbe-4f1d-8eb4-f593c5d7ac78,2,0.0,,,,0.0,0.0,0.0,0.0,0.0,0.0
2025-12-15T17:04:04.801963,Recipe_B,610592ff-dcbe-4f1d-8eb4-f593c5d7ac78,2,0.0,,,,0.0,0.0,0.0,0.0,0.0,0.0
2025-12-15T17:04:05.801963,Recipe_B,610592ff-dcbe-4f1d-8eb4-f593c5d7ac78,2,0.0,,,,0.0,0.0,0.0,0.0,0.0,0.0
2025-12-15T17:04:06.801963,Recipe_B,610592ff-dcbe-4f1d-8eb4-f593c5d7ac78,2,0.0,,,,0.0,0.0,0.0,0.0,0.0,0.0
2025-12-15T17:04:07.801963,Recipe_B,610592ff-dcbe-4f1d-8eb4-f593c5d7ac78,2,0.0,,,,0.0,0.0,0.0,0.0,0.0,0.0
2025-12-15T17:04:08.801963,Recipe_B,610592ff-dcbe-4f1d-8eb4-f593c5d7ac78,2,0.0,,,,0.0,0.0,0.0,0.0,0.0,0.0
2025-12-15T17:04:09.801963,Recipe_B,610592ff-dcbe-4f1d-8eb4-f593c5d7ac78,2,0.0,,,,0.0,0.0,0.0,0.0,0.0,0.0
2025-12-15T17:04:10.801963,Recipe_B,610592ff-dcbe-4f1d-8eb4-f593c5d7ac78,2,0.0,,,,0.0,0.0,0.0,0.0,0.0,0.0
2025-12-15T17:04:11.801963,Recipe_B,610592ff-dcbe-4f1d-8eb4-f593c5d7ac78,2,0.0,,,,0.0,0.0,0.0,0.0,0.0,0.0
2025-12-15T17:04:12.801963,Recipe_B,610592ff-dcbe-4f1d-8eb4-f593c5d7ac78,2,0.0,,,,0.0,0.0,0.0,0.0,0.0,0.0
2025-12-15T17:04:13.801963,Recipe_B,610592ff-dcbe-4f1d-8eb4-f593c5d7ac78,2,0.0,,,,0.0,0.0,0.0,0.0,0.0,0.0
2025-12-15T17:04:14.801963,Recipe_B,610592ff-dcbe-4f1d-8eb4-f593c5d7ac78,2,0.0,,,,0.0,0.0,0.0,0.0,0.0,0.0
2025-12-15T17:04:15.801963,Recipe_B,610592ff-dcbe-4f1d-8eb4-f593c5d7ac78,2,0.0,,,,0.0,0.0,0.0,0.0,0.0,0.0
2025-12-15T17:04:16.801963,Recipe_B,610592ff-dcbe-4f1d-8eb4-f593c5d7ac78,2,0.0,,,,0.0,0.0,0.0,0.0,0.0,0.0
2025-12-15T17:04:17.801963,Recipe_B,610592ff-dcbe-4f1d-8eb4-f593c5d7ac78,2,0.0,,,,0.0,0.0,0.0,0.0,0.0,0.0
2025-12-15T17:04:18.801963,Recipe_B,610592ff-dcbe-4f1d-8eb4-f593c5d7ac78,2,0.0,,,,0.0,0.0,0.0,0.0,0.0,0.0
2025-12-15T17:04:19.801963,Recipe_B,610592ff-dcbe-4f1d-8eb4-f593c5d7ac78,2,0.0,,,,0.0,0.0,0.0,0.0,0.0,0.0
2025-12-15T17:04:20.801963,Recipe_B,610592ff-dcbe-4f1d-8eb4-f593c5d7ac78,2,0.0,,,,0.0,0.0,0.0,0.0,0.0,0.0
2025-12-15T17:04:21.801963,Recipe_B,610592ff-dcbe-4f1d-8eb4-f593c5d7ac78,2,0.0,,,,0.0,0.0,0.0,0.0,0.0,0.0
2025-12-15T17:04:22.801963,Recipe_B,610592ff-dcbe-4f1d-8eb4-f593c5d7ac78,2,0.0,,,,0.0,0.0,0.0,0.0,0.0,0.0
2025-12-15T17:04:23.801963,Recipe_B,610592ff-dcbe-4f1d-8eb4-f593c5d7ac78,2,0.0,,,,0.0,0.0,0.0,0.0,0.0,0.0
2025-12-15T17:04:24.801963,Recipe_B,610592ff-dcbe-4f1d-8eb4-f593c5d7ac78,2,0.0,,,,0.0,0.0,0.0,0.0,0.0,0.0
2025-12-15T17:04:25.801963,Recipe_B,610592ff-dcbe-4f1d-8eb4-f593c5d7ac78,2,0.0,,,,0.0,0.0,0.0,0.0,0.0,0.0
2025-12-15T17:04:26.801963,Recipe_B,610592ff-dcbe-4f1d-8eb4-f593c5d7ac78,2,0.0,,,,0.0,0.0,0.0,0.0,0.0,0.0
2025-12-15T17:04:27.801963,Recipe_B,610592ff-dcbe-4f1d-8eb4-f593c5d7ac78,2,0.0,,,,0.0,0.0,0.0,0.0,0.0,0.0
2025-12-15T17:04:28.801963,Recipe_B,610592ff-dcbe-4f1d-8eb4-f593c5d7ac78,2,0.0,,,,0.0,0.0,0.0,0.0,0.0,0.0
2025-12-15T17:04:29.801963,Recipe_B,610592ff-dcbe-4f1d-8eb4-f593c5d7ac78,2,0.0,,,,0.0,0.0,0.0,0.0,0.0,0.0
2025-12-15T17:04:30.801963,Recipe_B,610592ff-dcbe-4f1d-8eb4-f593c5d7ac78,2,0.0,,,,0.0,0.0,0.0,0.0,0.0,0.0
2025-12-15T17:04:31.801963,Recipe_B,610592ff-dcbe-4f1d-8eb4-f593c5d7ac78,2,0.0,,,,0.0,0.0,0.0,0.0,0.0,0.0
2025-12-15T17:04:32.801963,Recipe_B,610592ff-dcbe-4f1d-8eb4-f593c5d7ac78,2,0.0,,,,0.0,0.0,0.0,0.0,0.0,0.0
2025-12-15T17:04:33.801963,Recipe_B,610592ff-dcbe-4f1d-8eb4-f593c5d7ac78,2,0.0,,,,0.0,0.0,0.0,0.0,0.0,0.0
2025-12-15T17:04:34.801963,Recipe_B,610592ff-dcbe-4f1d-8eb4-f593c5d7ac78,2,0.0,,,,0.0,0.0,0.0,0.0,0.0,0.0
2025-12-15T17:04:35.801963,Recipe_B,610592ff-dcbe-4f1d-8eb4-f593c5d7ac78,2,0.0,,,,0.0,0.0,0.0,0.0,0.0,0.0
2025-12-15T17:04:36.801963,Recipe_B,610592ff-dcbe-4f1d-8eb4-f593c5d7ac78,2,0.0,,,,0.0,0.0,0.0,0.0,0.0,0.0
2025-12-15T17:04:37.801963,Recipe_B,610592ff-dcbe-4f1d-8eb4-f593c5d7ac78,2,0.0,,,,0.0,0.0,0.0,0.0,0.0,0.0
2025-12-15T17:04:38.801963,Recipe_B,610592ff-dcbe-4f1d-8eb4-f593c5d7ac78,2,0.0,,,,0.0,0.0,0.0,0.0,0.0,0.0
2025-12-15T17:04:39.801963,Recipe_B,610592ff-dcbe-4f1d-8eb4-f593c5d7ac78,2,0.0,,,,0.0,0.0,0.0,0.0,0.0,0.0
2025-12-15T17:04:40.801963,Recipe_B,610592ff-dcbe-4f1d-8eb4-f593c5d7ac78,2,0.0,,,,0.0,0.0,0.0,0.0,0.0,0.0
2025-12-15T17:04:41.801963,Recipe_B,610592ff-dcbe-4f1d-8eb4-f593c5d7ac78,2,0.0,,,,0.0,0.0,0.0,0.0,0.0,0.0
2025-12-15T17:04:42.801963,Recipe_B,610592ff-dcbe-4f1d-8eb4-f593c5d7ac78,2,0.0,,,,0.0,0.0,0.0,0.0,0.0,0.0
2025-12-15T17:04:43.801963,Recipe_B,610592ff-dcbe-4f1d-8eb4-f593c5d7ac78,2,0.0,,,,0.0,0.0,0.0,0.0,0.0,0.0
2025-12-15T17:04:44.801963,Recipe_B,610592ff-dcbe-4f1d-8eb4-f593c5d7ac78,2,0.0,,,,0.0,0.0,0.0,0.0,0.0,0.0
2025-12-15T17:04:45.801963,Recipe_B,610592ff-dcbe-4f1d-8eb4-f593c5d7ac78,2,0.0,,,,0.0,0.0,0.0,0.0,0.0,0.0
2025-12-15T17:04:46.801963,Recipe_B,610592ff-dcbe-4f1d-8eb4-f593c5d7ac78,2,0.0,,,,0.0,0.0,0.0,0.0,0.0,0.0
2025-12-15T17:04:47.801963,Recipe_B,610592ff-dcbe-4f1d-8eb4-f593c5d7ac78,2,0.0,,,,0.0,0.0,0.0,0.0,0.0,0.0
2025-12-15T17:04:48.801963,Recipe_B,610592ff-dcbe-4f1d-8eb4-f593c5d7ac78,2,4.0,,,,98.76,52.91,50.16,51.43,53.02,48.19
2025-12-15T17:04:49.801963,Recipe_B,610592ff-dcbe-4f1d-8eb4-f593c5d7ac78,2,4.0,,,,96.47,47.25,54.55,51.64,49.86,49.36
2025-12-15T17:04:50.801963,Recipe_B,610592ff-dcbe-4f1d-8eb4-f593c5d7ac78,2,4.0,,,,106.35,52.62,51.5,49.57,52.8,54.49
2025-12-15T17:04:51.801963,Recipe_B,610592ff-dcbe-4f1d-8eb4-f593c5d7ac78,2,4.0,,,,106.76,56.37,51.39,50.42,52.54,48.57
2025-12-15T17:04:52.801963,Recipe_B,610592ff-dcbe-4f1d-8eb4-f593c5d7ac78,2,4.0,,,,100.47,43.85,51.33,56.28,40.71,51.79
2025-12-15T17:04:53.801963,Recipe_B,610592ff-dcbe-4f1d-8eb4-f593c5d7ac78,2,4.0,,,,103.41,49.35,49.27,46.86,53.29,46.76
2025-12-15T17:04:54.801963,Recipe_B,610592ff-dcbe-4f1d-8eb4-f593c5d7ac78,2,4.0,,,,101.84,48.71,58.62,55.12,48.46,48.95
2025-12-15T17:04:55.801963,Recipe_B,610592ff-dcbe-4f1d-8eb4-f593c5d7ac78,2,4.0,,,,101.9,41.36,50.37,49.09,45.23,46.92
2025-12-15T17:04:56.801963,Recipe_B,610592ff-dcbe-4f1d-8eb4-f593c5d7ac78,2,2.0,,,,11.09,8.89,13.72,9.83,13.36,8.46
2025-12-15T17:04:57.801963,Recipe_B,610592ff-dcbe-4f1d-8eb4-f593c5d7ac78,2,2.0,,,,13.04,12.0,12.4,10.66,10.56,8.59
2025-12-15T17:04:58.801963,Recipe_B,610592ff-dcbe-4f1d-8eb4-f593c5d7ac78,2,2.0,,,,9.86,8.78,9.9,10.44,12.85,11.9
2025-12-15T17:04:59.801963,Recipe_B,610592ff-dcbe-4f1d-8eb4-f593c5d7ac78,2,2.0,,,,11.78,11.39,10.61,11.84,10.04,12.09
2025-12-15T17:05:00.801963,Recipe_B,610592ff-dcbe-4f1d-8eb4-f593c5d7ac78,2,2.0,,,,8.54,11.66,12.65,10.6,7.64,9.13
2025-12-15T17:05:01.801963,Recipe_B,610592ff-dcbe-4f1d-8eb4-f593c5d7ac78,2,2.0,,,,9.26,10.52,12.71,9.44,6.61,12.06
2025-12-15T17:05:02.801963,Recipe_B,610592ff-dcbe-4f1d-8eb4-f593c5d7ac78,2,2.0,,,,12.77,12.02,10.78,9.85,9.26,10.15
2025-12-15T17:05:03.801963,Recipe_B,610592ff-dcbe-4f1d-8eb4-f593c5d7ac78,2,2.0,,,,9.53,9.03,9.57,10.47,11.49,11.55
2025-12-15T17:05:04.801963,Recipe_B,610592ff-dcbe-4f1d-8eb4-f593c5d7ac78,2,2.0,,,,9.71,8.05,11.83,11.55,10.34,7.86
2025-12-15T17:05:05.801963,Recipe_B,610592ff-dcbe-4f1d-8eb4-f593c5d7ac78,2,2.0,,,,10.96,11.37,8.19,9.22,5.18,13.1
2025-12-15T17:05:06.801963,Recipe_B,610592ff-dcbe-4f1d-8eb4-f593c5d7ac78,2,2.0,,,,10.2,8.08,8.76,5.1,8.54,10.08
2025-12-15T17:05:07.801963,Recipe_B,610592ff-dcbe-4f1d-8eb4-f593c5d7ac78,2,2.0,,,,9.15,6.6,10.22,9.78,7.32,10.62
2025-12-15T17:05:08.801963,Recipe_B,610592ff-dcbe-4f1d-8eb4-f593c5d7ac78,2,2.0,,,,12.31,11.47,9.92,6.91,9.34,9.66
2025-12-15T17:05:09.801963,Recipe_B,610592ff-dcbe-4f1d-8eb4-f593c5d7ac78,2,2.0,,,,8.12,11.49,11.21,8.34,10.45,11.17
2025-12-15T17:05:10.801963,Recipe_B,610592ff-dcbe-4f1d-8eb4-f593c5d7ac78,2,2.0,,,,8.89,9.23,9.15,11.64,7.85,13.38
2025-12-15T17:05:11.801963,Recipe_B,610592ff-dcbe-4f1d-8eb4-f593c5d7ac78,2,2.0,,,,5.83,9.0,13.24,10.87,10.26,7.99
2025-12-15T17:05:12.801963,Recipe_B,610592ff-dcbe-4f1d-8eb4-f593c5d7ac78,2,2.0,,,,7.32,14.53,11.03,7.17,10.86,10.31
2025-12-15T17:05:13.801963,Recipe_B,610592ff-dcbe-4f1d-8eb4-f593c5d7ac78,2,2.0,,,,7.53,11.88,11.71,7.9,10.18,10.92
2025-12-15T17:05:14.801963,Recipe_B,610592ff-dcbe-4f1d-8eb4-f593c5d7ac78,2,2.0,,,,10.22,14.33,6.78,7.09,10.27,12.05
2025-12-15T17:05:15.801963,Recipe_B,610592ff-dcbe-4f1d-8eb4-f593c5d7ac78,2,2.0,,,,12.03,12.45,13.15,7.61,7.42,6.88
2025-12-15T17:05:16.801963,Recipe_B,610592ff-dcbe-4f1d-8eb4-f593c5d7ac78,2,2.0,,,,11.16,8.77,10.56,7.98,6.03,9.96
2025-12-15T17:05:17.801963,Recipe_B,610592ff-dcbe-4f1d-8eb4-f593c5d7ac78,2,2.0,,,,7.75,10.69,12.31,10.14,13.59,11.46
2025-12-15T17:05:18.801963,Recipe_B,610592ff-dcbe-4f1d-8eb4-f593c5d7ac78,2,2.0,,,,11.8,12.1,10.58,10.74,10.93,10.18
2025-12-15T17:05:19.801963,Recipe_B,610592ff-dcbe-4f1d-8eb4-f593c5d7ac78,2,2.0,,,,8.65,9.04,9.4,7.26,6.88,10.4
2025-12-15T17:05:20.801963,Recipe_B,610592ff-dcbe-4f1d-8eb4-f593c5d7ac78,2,2.0,,,,9.64,9.42,10.22,6.61,10.8,11.42
2025-12-15T17:05:21.801963,Recipe_B,610592ff-dcbe-4f1d-8eb4-f593c5d7ac78,2,2.0,,,,9.07,10.29,10.2,11.28,13.85,11.34
2025-12-15T17:05:22.801963,Recipe_B,610592ff-dcbe-4f1d-8eb4-f593c5d7ac78,2,2.0,,,,9.76,12.51,11.08,11.17,11.52,11.16
2025-12-15T17:05:23.801963,Recipe_B,610592ff-dcbe-4f1d-8eb4-f593c5d7ac78,2,2.0,,,,12.14,13.64,10.12,7.32,6.76,12.81
2025-12-15T17:05:24.801963,Recipe_B,610592ff-dcbe-4f1d-8eb4-f593c5d7ac78,2,2.0,,,,9.72,14.98,10.99,9.95,10.62,11.15
2025-12-15T17:05:25.801963,Recipe_B,610592ff-dcbe-4f1d-8eb4-f593c5d7ac78,2,2.0,,,,7.41,12.14,9.9,8.47,10.19,10.55
2025-12-15T17:05:26.801963,Recipe_B,610592ff-dcbe-4f1d-8eb4-f593c5d7ac78,2,2.0,,,,6.93,10.34,6.67,8.72,7.25,7.65
2025-12-15T17:05:27.801963,Recipe_B,610592ff-dcbe-4f1d-8eb4-f593c5d7ac78,2,2.0,,,,9.5,10.66,10.61,10.1,10.27,9.36
2025-12-15T17:05:28.801963,Recipe_B,610592ff-dcbe-4f1d-8eb4-f593c5d7ac78,2,2.0,,,,10.13,10.46,9.7,8.93,8.15,9.0
2025-12-15T17:05:29.801963,Recipe_B,610592ff-dcbe-4f1d-8eb4-f593c5d7ac78,2,4.0,,,,98.97,50.67,50.4,58.11,45.32,54.99
2025-12-15T17:05:30.801963,Recipe_B,610592ff-dcbe-4f1d-8eb4-f593c5d7ac78,2,4.0,,,,106.24,44.82,50.58,50.74,52.94,47.4
2025-12-15T17:05:31.801963,Recipe_B,610592ff-dcbe-4f1d-8eb4-f593c5d7ac78,2,4.0,,,,96.98,57.47,42.0,52.14,47.18,47.92
2025-12-15T17:05:32.801963,Recipe_B,610592ff-dcbe-4f1d-8eb4-f593c5d7ac78,2,4.0,,,,95.03,43.35,59.33,48.46,51.58,48.79
2025-12-15T17:05:33.801963,Recipe_B,610592ff-dcbe-4f1d-8eb4-f593c5d7ac78,2,4.0,,,,102.22,59.18,57.32,50.0,44.1,57.24
2025-12-15T17:05:34.801963,Recipe_B,610592ff-dcbe-4f1d-8eb4-f593c5d7ac78,2,4.0,,,,102.73,45.32,50.29,43.61,41.29,46.96
2025-12-15T17:05:35.801963,Recipe_B,610592ff-dcbe-4f1d-8eb4-f593c5d7ac78,2,4.0,,,,110.62,51.22,51.53,48.51,54.0,49.75
2025-12-15T17:05:36.801963,Recipe_B,610592ff-dcbe-4f1d-8eb4-f593c5d7ac78,2,4.0,,,,98.36,49.8,47.17,41.73,57.19,46.25
2025-12-15T17:05:37.801963,Recipe_B,610592ff-dcbe-4f1d-8eb4-f593c5d7ac78,2,4.0,,,,97.54,56.47,52.94,52.18,46.91,49.4
2025-12-15T17:05:38.801963,Recipe_B,610592ff-dcbe-4f1d-8eb4-f593c5d7ac78,2,4.0,,,,89.52,52.18,43.91,61.59,53.12,46.06
2025-12-15T17:05:39.801963,Recipe_B,610592ff-dcbe-4f1d-8eb4-f593c5d7ac78,2,4.0,,,,95.34,50.43,43.94,39.3,54.46,51.57
2025-12-15T17:05:40.801963,Recipe_B,610592ff-dcbe-4f1d-8eb4-f593c5d7ac78,2,4.0,,,,97.62,52.57,52.88,47.62,55.25,51.09
2025-12-15T17:05:41.801963,Recipe_B,610592ff-dcbe-4f1d-8eb4-f593c5d7ac78,2,4.0,,,,97.27,45.04,53.42,47.91,58.46,51.5
2025-12-15T17:05:42.801963,Recipe_B,610592ff-dcbe-4f1d-8eb4-f593c5d7ac78,2,4.0,,,,99.33,48.3,62.25,52.5,53.85,50.59
2025-12-15T17:05:43.801963,Recipe_B,610592ff-dcbe-4f1d-8eb4-f593c5d7ac78,2,4.0,,,,103.47,51.43,45.54,48.07,52.38,53.06
2025-12-15T17:05:44.801963,Recipe_B,610592ff-dcbe-4f1d-8eb4-f593c5d7ac78,2,4.0,,,,98.51,51.05,48.17,44.91,55.85,48.12
2025-12-15T17:05:45.801963,Recipe_B,610592ff-dcbe-4f1d-8eb4-f593c5d7ac78,2,4.0,,,,97.22,55.53,48.82,54.21,44.35,50.57
2025-12-15T17:05:46.801963,Recipe_B,610592ff-dcbe-4f1d-8eb4-f593c5d7ac78,2,4.0,,,,102.54,48.23,57.26,56.41,53.05,48.78
2025-12-15T17:05:47.801963,Recipe_B,610592ff-dcbe-4f1d-8eb4-f593c5d7ac78,2,4.0,,,,93.27,54.05,46.57,45.51,38.23,49.28
2025-12-15T17:05:48.801963,Recipe_B,610592ff-dcbe-4f1d-8eb4-f593c5d7ac78,2,4.0,,,,103.58,58.16,56.19,51.98,44.55,53.79
2025-12-15T17:05:49.801963,Recipe_B,610592ff-dcbe-4f1d-8eb4-f593c5d7ac78,2,4.0,,,,98.07,48.3,47.26,59.64,46.65,44.2
2025-12-15T17:05:50.801963,Recipe_B,610592ff-dcbe-4f1d-8eb4-f593c5d7ac78,2,4.0,,,,98.72,47.93,51.55,38.79,54.75,56.87
2025-12-15T17:05:51.801963,Recipe_B,610592ff-dcbe-4f1d-8eb4-f593c5d7ac78,2,4.0,,,,108.52,41.17,58.8,49.68,56.73,47.05
2025-12-15T17:05:52.801963,Recipe_B,610592ff-dcbe-4f1d-8eb4-f593c5d7ac78,2,4.0,,,,88.98,42.17,50.61,53.33,57.21,50.18
2025-12-15T17:05:53.801963,Recipe_B,610592ff-dcbe-4f1d-8eb4-f593c5d7ac78,2,4.0,,,,103.41,54.17,42.85,39.36,44.99,61.16
2025-12-15T17:05:54.801963,Recipe_B,610592ff-dcbe-4f1d-8eb4-f593c5d7ac78,2,4.0,,,,105.57,44.78,50.58,43.92,43.95,44.79
2025-12-15T17:05:55.801963,Recipe_B,610592ff-dcbe-4f1d-8eb4-f593c5d7ac78,2,4.0,,,,93.82,41.91,50.31,50.84,46.53,41.36
2025-12-15T17:05:56.801963,Recipe_B,610592ff-dcbe-4f1d-8eb4-f593c5d7ac78,2,4.0,,,,100.36,41.49,44.91,53.09,48.51,50.47
2025-12-15T17:05:57.801963,Recipe_B,610592ff-dcbe-4f1d-8eb4-f593c5d7ac78,2,4.0,,,,93.22,52.65,51.92,44.7,56.58,48.11
2025-12-15T17:05:58.801963,Recipe_B,610592ff-dcbe-4f1d-8eb4-f593c5d7ac78,2,4.0,,,,101.38,57.25,52.94,46.19,51.89,46.73
2025-12-15T17:05:59.801963,Recipe_B,610592ff-dcbe-4f1d-8eb4-f593c5d7ac78,2,4.0,,,,96.04,50.43,46.8,54.2,48.68,52.52
2025-12-15T17:06:00.801963,Recipe_B,610592ff-dcbe-4f1d-8eb4-f593c5d7ac78,2,4.0,,,,100.52,71.34,53.43,42.36,47.99,45.81
2025-12-15T17:06:01.801963,Recipe_B,610592ff-dcbe-4f1d-8eb4-f593c5d7ac78,2,4.0,,,,96.85,57.71,50.62,57.81,65.52,39.34
2025-12-15T17:06:02.801963,Recipe_B,610592ff-dcbe-4f1d-8eb4-f593c5d7ac78,2,4.0,,,,103.67,51.51,41.62,53.04,44.7,51.37
2025-12-15T17:06:03.801963,Recipe_B,610592ff-dcbe-4f1d-8eb4-f593c5d7ac78,2,4.0,,,,100.28,43.63,41.72,42.07,46.84,40.2
2025-12-15T17:06:04.801963,Recipe_B,610592ff-dcbe-4f1d-8eb4-f593c5d7ac78,2,4.0,,,,107.71,49.58,53.28,44.76,58.46,54.61
2025-12-15T17:06:05.801963,Recipe_B,610592ff-dcbe-4f1d-8eb4-f593c5d7ac78,2,4.0,,,,97.06,50.45,50.29,58.48,43.76,51.36
2025-12-15T17:06:06.801963,Recipe_B,610592ff-dcbe-4f1d-8eb4-f593c5d7ac78,2,4.0,,,,99.55,53.09,49.43,49.24,42.84,50.44
2025-12-15T17:06:07.801963,Recipe_B,610592ff-dcbe-4f1d-8eb4-f593c5d7ac78,2,4.0,,,,97.96,50.17,51.22,53.9,41.44,51.06
2025-12-15T17:06:08.801963,Recipe_B,610592ff-dcbe-4f1d-8eb4-f593c5d7ac78,2,4.0,,,,103.54,45.52,43.08,42.36,61.59,58.22
2025-12-15T17:06:09.801963,Recipe_B,610592ff-dcbe-4f1d-8eb4-f593c5d7ac78,2,4.0,,,,87.32,40.45,52.07,51.5,52.71,49.16
2025-12-15T17:06:10.801963,Recipe_B,610592ff-dcbe-4f1d-8eb4-f593c5d7ac78,2,4.0,,,,97.2,47.0,59.26,56.35,52.74,50.74
2025-12-15T17:06:11.801963,Recipe_B,610592ff-dcbe-4f1d-8eb4-f593c5d7ac78,2,4.0,,,,92.4,43.92,46.3,60.06,48.39,51.55
2025-12-15T17:06:12.801963,Recipe_B,610592ff-dcbe-4f1d-8eb4-f593c5d7ac78,2,4.0,,,,98.04,46.66,55.34,44.21,53.51,48.67
2025-12-15T17:06:13.801963,Recipe_B,610592ff-dcbe-4f1d-8eb4-f593c5d7ac78,2,4.0,,,,106.91,54.04,45.62,60.38,52.2,52.7
2025-12-15T17:06:14.801963,Recipe_B,610592ff-dcbe-4f1d-8eb4-f593c5d7ac78,2,4.0,,,,97.71,44.79,56.21,43.06,53.68,57.35
2025-12-15T17:06:15.801963,Recipe_B,610592ff-dcbe-4f1d-8eb4-f593c5d7ac78,2,4.0,,,,100.01,44.9,50.53,44.66,49.06,52.89
2025-12-15T17:06:16.801963,Recipe_B,610592ff-dcbe-4f1d-8eb4-f593c5d7ac78,2,4.0,,,,103.74,51.59,56.42,53.76,49.92,54.02
2025-12-15T17:06:17.801963,Recipe_B,610592ff-dcbe-4f1d-8eb4-f593c5d7ac78,2,4.0,,,,96.7,49.48,59.37,48.02,45.6,37.62
2025-12-15T17:06:18.801963,Recipe_B,610592ff-dcbe-4f1d-8eb4-f593c5d7ac78,2,4.0,,,,102.41,50.95,53.26,57.1,52.05,52.04
2025-12-15T17:06:19.801963,Recipe_B,610592ff-dcbe-4f1d-8eb4-f593c5d7ac78,2,4.0,,,,97.46,51.09,49.07,55.41,57.77,52.47
2025-12-15T17:06:20.801963,Recipe_B,610592ff-dcbe-4f1d-8eb4-f593c5d7ac78,2,4.0,,,,102.24,50.56,40.64,46.32,48.74,41.93
2025-12-15T17:06:21.801963,Recipe_B,610592ff-dcbe-4f1d-8eb4-f593c5d7ac78,2,4.0,,,,99.07,40.51,51.05,46.82,54.99,52.75
2025-12-15T17:06:22.801963,Recipe_B,610592ff-dcbe-4f1d-8eb4-f593c5d7ac78,2,4.0,,,,96.7,48.71,53.41,52.54,48.73,56.47
2025-12-15T17:06:23.801963,Recipe_B,610592ff-dcbe-4f1d-8eb4-f593c5d7ac78,2,4.0,,,,96.08,45.36,49.01,55.25,53.89,47.14
2025-12-15T17:06:24.801963,Recipe_B,610592ff-dcbe-4f1d-8eb4-f593c5d7ac78,2,4.0,,,,98.4,52.08,46.71,50.51,41.73,59.62
2025-12-15T17:06:25.801963,Recipe_B,610592ff-dcbe-4f1d-8eb4-f593c5d7ac78,2,4.0,,,,97.83,53.64,50.08,51.94,38.62,48.97
2025-12-15T17:06:26.801963,Recipe_B,610592ff-dcbe-4f1d-8eb4-f593c5d7ac78,2,4.0,,,,100.56,44.93,47.88,51.72,52.6,51.18
2025-12-15T17:06:27.801963,Recipe_B,610592ff-dcbe-4f1d-8eb4-f593c5d7ac78,2,4.0,,,,103.32,44.36,55.74,51.48,50.76,47.07
2025-12-15T17:06:28.801963,Recipe_B,610592ff-dcbe-4f1d-8eb4-f593c5d7ac78,2,1.0,,,,9.11,11.33,5.72,11.44,9.47,10.33
2025-12-15T17:06:29.801963,Recipe_B,610592ff-dcbe-4f1d-8eb4-f593c5d7ac78,2,1.0,,,,10.95,11.13,9.61,8.19,10.27,7.13
2025-12-15T17:06:30.801963,Recipe_B,610592ff-dcbe-4f1d-8eb4-f593c5d7ac78,2,1.0,,,,10.11,11.39,9.59,8.21,7.95,9.23
2025-12-15T17:06:31.801963,Recipe_B,610592ff-dcbe-4f1d-8eb4-f593c5d7ac78,2,1.0,,,,12.77,10.61,11.26,12.5,6.51,12.55
2025-12-15T17:06:32.801963,Recipe_B,610592ff-dcbe-4f1d-8eb4-f593c5d7ac78,2,1.0,,,,7.61,11.35,10.43,8.73,8.25,7.13
2025-12-15T17:06:33.801963,Recipe_B,610592ff-dcbe-4f1d-8eb4-f593c5d7ac78,2,1.0,,,,10.63,11.29,9.54,10.39,13.18,8.59
2025-12-15T17:06:34.801963,Recipe_B,610592ff-dcbe-4f1d-8eb4-f593c5d7ac78,2,1.0,,,,12.35,11.47,11.52,9.85,10.45,7.64
2025-12-15T17:06:35.801963,Recipe_B,610592ff-dcbe-4f1d-8eb4-f593c5d7ac78,2,1.0,,,,8.12,9.28,7.08,8.48,12.34,10.35
2025-12-15T17:06:36.801963,Recipe_B,610592ff-dcbe-4f1d-8eb4-f593c5d7ac78,2,1.0,,,,9.22,10.74,10.45,9.99,11.28,11.17
2025-12-15T17:06:37.801963,Recipe_B,610592ff-dcbe-4f1d-8eb4-f593c5d7ac78,2,1.0,,,,10.71,7.56,9.17,8.7,11.33,9.84
2025-12-15T17:06:38.801963,Recipe_B,610592ff-dcbe-4f1d-8eb4-f593c5d7ac78,2,1.0,,,,7.97,7.82,8.8,11.72,8.41,9.78
2025-12-15T17:06:39.801963,Recipe_B,610592ff-dcbe-4f1d-8eb4-f593c5d7ac78,2,1.0,,,,6.51,6.59,8.52,7.62,11.55,12.02
2025-12-15T17:06:40.801963,Recipe_B,610592ff-dcbe-4f1d-8eb4-f593c5d7ac78,2,1.0,,,,8.19,12.28,11.73,8.1,10.2,7.66
2025-12-15T17:06:41.801963,Recipe_B,610592ff-dcbe-4f1d-8eb4-f593c5d7ac78,2,1.0,,,,9.93,12.12,7.53,9.72,9.18,10.91
2025-12-15T17:06:42.801963,Recipe_B,610592ff-dcbe-4f1d-8eb4-f593c5d7ac78,2,1.0,,,,8.95,10.91,9.34,12.11,9.65,6.89
2025-12-15T17:06:43.801963,Recipe_B,610592ff-dcbe-4f1d-8eb4-f593c5d7ac78,2,1.0,,,,9.78,12.27,10.96,9.21,10.05,9.65
2025-12-15T17:06:44.801963,Recipe_B,610592ff-dcbe-4f1d-8eb4-f593c5d7ac78,2,1.0,,,,7.85,12.6,9.38,8.1,11.1,11.5
2025-12-15T17:06:45.801963,Recipe_B,610592ff-dcbe-4f1d-8eb4-f593c5d7ac78,2,1.0,,,,14.12,11.44,9.18,10.18,11.43,10.5
2025-12-15T17:06:46.801963,Recipe_B,610592ff-dcbe-4f1d-8eb4-f593c5d7ac78,2,1.0,,,,10.61,12.28,6.99,8.22,9.13,9.74
2025-12-15T17:06:47.801963,Recipe_B,610592ff-dcbe-4f1d-8eb4-f593c5d7ac78,2,1.0,,,,9.86,10.11,7.09,9.84,7.35,8.51
2025-12-15T17:06:48.801963,Recipe_B,610592ff-dcbe-4f1d-8eb4-f593c5d7ac78,2,1.0,,,,9.44,9.72,11.79,8.45,12.59,8.58
2025-12-15T17:06:49.801963,Recipe_B,610592ff-dcbe-4f1d-8eb4-f593c5d7ac78,2,1.0,,,,12.44,9.94,10.9,9.45,6.24,9.55
2025-12-15T17:06:50.801963,Recipe_B,610592ff-dcbe-4f1d-8eb4-f593c5d7ac78,2,1.0,,,,11.74,10.11,8.6,8.21,9.13,8.24
2025-12-15T17:06:51.801963,Recipe_B,610592ff-dcbe-4f1d-8eb4-f593c5d7ac78,2,1.0,,,,9.36,9.22,8.55,9.91,10.01,11.96
2025-12-15T17:06:52.801963,Recipe_B,610592ff-dcbe-4f1d-8eb4-f593c5d7ac78,2,1.0,,,,9.87,9.13,7.16,7.72,10.18,6.87
2025-12-15T17:06:53.801963,Recipe_B,610592ff-dcbe-4f1d-8eb4-f593c5d7ac78,2,1.0,,,,4.58,11.16,10.05,10.5,10.79,10.27
2025-12-15T17:06:54.801963,Recipe_B,610592ff-dcbe-4f1d-8eb4-f593c5d7ac78,2,1.0,,,,8.86,10.86,7.95,10.9,10.59,11.86
2025-12-15T17:06:55.801963,Recipe_B,610592ff-dcbe-4f1d-8eb4-f593c5d7ac78,2,1.0,,,,11.16,7.38,8.57,8.73,6.52,10.41
2025-12-15T17:06:56.801963,Recipe_B,610592ff-dcbe-4f1d-8eb4-f593c5d7ac78,2,1.0,,,,12.45,11.64,11.45,11.33,9.74,11.74
2025-12-15T17:06:57.801963,Recipe_B,610592ff-dcbe-4f1d-8eb4-f593c5d7ac78,2,1.0,,,,9.57,13.85,8.74,11.06,9.94,13.34
2025-12-15T17:06:58.801963,Recipe_B,610592ff-dcbe-4f1d-8eb4-f593c5d7ac78,2,1.0,,,,11.03,11.1,7.74,11.07,11.41,10.4
2025-12-15T17:06:59.801963,Recipe_B,610592ff-dcbe-4f1d-8eb4-f593c5d7ac78,2,1.0,,,,9.44,10.07,7.28,8.21,9.18,9.38
2025-12-15T17:07:00.801963,Recipe_B,610592ff-dcbe-4f1d-8eb4-f593c5d7ac78,2,1.0,,,,9.81,6.0,5.16,10.5,12.27,10.32
2025-12-15T17:07:01.801963,Recipe_B,610592ff-dcbe-4f1d-8eb4-f593c5d7ac78,2,1.0,,,,11.55,9.4,7.37,11.87,8.34,9.35
2025-12-15T17:07:02.801963,Recipe_B,610592ff-dcbe-4f1d-8eb4-f593c5d7ac78,2,1.0,,,,9.09,8.34,8.38,8.97,10.62,8.89
2025-12-15T17:07:03.801963,Recipe_B,610592ff-dcbe-4f1d-8eb4-f593c5d7ac78,2,1.0,,,,12.4,6.29,9.48,11.24,15.61,10.59
2025-12-15T17:07:04.801963,Recipe_B,610592ff-dcbe-4f1d-8eb4-f593c5d7ac78,2,1.0,,,,10.36,11.44,8.99,8.54,9.31,10.96
2025-12-15T17:07:05.801963,Recipe_B,610592ff-dcbe-4f1d-8eb4-f593c5d7ac78,2,1.0,,,,9.76,10.27,12.09,8.76,10.89,11.12
2025-12-15T17:07:06.801963,Recipe_B,610592ff-dcbe-4f1d-8eb4-f593c5d7ac78,2,1.0,,,,10.21,13.61,9.19,12.24,7.25,8.74
2025-12-15T17:07:07.801963,Recipe_B,610592ff-dcbe-4f1d-8eb4-f593c5d7ac78,2,1.0,,,,9.12,10.0,10.26,9.94,14.61,10.98
2025-12-15T17:07:08.801963,Recipe_B,610592ff-dcbe-4f1d-8eb4-f593c5d7ac78,2,1.0,,,,8.85,10.98,6.7,8.53,8.66,15.78
2025-12-15T17:07:09.801963,Recipe_B,610592ff-dcbe-4f1d-8eb4-f593c5d7ac78,2,1.0,,,,14.01,10.16,10.52,7.88,8.34,11.23
2025-12-15T17:07:10.801963,Recipe_B,610592ff-dcbe-4f1d-8eb4-f593c5d7ac78,2,1.0,,,,10.86,9.09,9.91,9.1,6.88,9.38
2025-12-15T17:07:11.801963,Recipe_B,610592ff-dcbe-4f1d-8eb4-f593c5d7ac78,2,1.0,,,,10.39,8.26,8.74,5.91,10.22,12.54
2025-12-15T17:07:12.801963,Recipe_B,610592ff-dcbe-4f1d-8eb4-f593c5d7ac78,2,1.0,,,,11.12,8.44,9.64,11.92,4.51,7.79
2025-12-15T17:07:13.801963,Recipe_B,610592ff-dcbe-4f1d-8eb4-f593c5d7ac78,2,1.0,,,,11.38,12.68,8.6,12.74,10.99,5.55
2025-12-15T17:07:14.801963,Recipe_B,610592ff-dcbe-4f1d-8eb4-f593c5d7ac78,2,1.0,,,,15.07,9.65,12.34,10.09,8.6,7.42
2025-12-15T17:07:15.801963,Recipe_B,610592ff-dcbe-4f1d-8eb4-f593c5d7ac78,2,1.0,,,,10.43,7.51,10.78,6.66,11.75,8.28
2025-12-15T17:07:16.801963,Recipe_B,610592ff-dcbe-4f1d-8eb4-f593c5d7ac78,2,1.0,,,,8.27,7.58,9.22,10.24,8.87,11.16
2025-12-15T17:07:17.801963,Recipe_B,610592ff-dcbe-4f1d-8eb4-f593c5d7ac78,2,1.0,,,,8.06,12.34,7.89,9.57,12.04,8.67
2025-12-15T17:07:18.801963,Recipe_B,610592ff-dcbe-4f1d-8eb4-f593c5d7ac78,2,1.0,,,,5.06,10.56,12.18,8.77,6.56,5.86
2025-12-15T17:07:19.801963,Recipe_B,610592ff-dcbe-4f1d-8eb4-f593c5d7ac78,2,1.0,,,,9.14,9.71,9.93,9.84,6.65,9.66
2025-12-15T17:07:20.801963,Recipe_B,610592ff-dcbe-4f1d-8eb4-f593c5d7ac78,2,1.0,,,,9.19,9.16,10.51,15.39,8.19,10.2
2025-12-15T17:07:21.801963,Recipe_B,610592ff-dcbe-4f1d-8eb4-f593c5d7ac78,2,1.0,,,,10.33,10.37,8.5,10.86,12.61,14.87
2025-12-15T17:07:22.801963,Recipe_B,610592ff-dcbe-4f1d-8eb4-f593c5d7ac78,2,1.0,,,,9.74,13.44,10.46,9.01,11.0,10.88
2025-12-15T17:07:23.801963,Recipe_B,610592ff-dcbe-4f1d-8eb4-f593c5d7ac78,2,1.0,,,,6.89,9.02,9.23,10.6,9.47,10.21
2025-12-15T17:07:24.801963,Recipe_B,610592ff-dcbe-4f1d-8eb4-f593c5d7ac78,2,1.0,,,,8.83,11.62,12.38,8.24,10.91,9.22
2025-12-15T17:07:25.801963,Recipe_B,610592ff-dcbe-4f1d-8eb4-f593c5d7ac78,2,1.0,,,,9.26,8.89,12.35,11.08,10.98,4.9
2025-12-15T17:07:26.801963,Recipe_B,610592ff-dcbe-4f1d-8eb4-f593c5d7ac78,2,1.0,,,,11.11,11.35,10.8,12.76,8.24,8.6
2025-12-15T17:07:27.801963,Recipe_B,610592ff-dcbe-4f1d-8eb4-f593c5d7ac78,2,1.0,,,,12.01,10.4,7.01,5.5,10.61,8.45
2025-12-15T17:07:28.801963,Recipe_B,610592ff-dcbe-4f1d-8eb4-f593c5d7ac78,2,2.0,,,,12.93,7.36,11.35,11.83,7.05,10.05
2025-12-15T17:07:29.801963,Recipe_B,610592ff-dcbe-4f1d-8eb4-f593c5d7ac78,2,2.0,,,,10.69,10.1,12.48,9.88,13.12,13.12
2025-12-15T17:07:30.801963,Recipe_B,610592ff-dcbe-4f1d-8eb4-f593c5d7ac78,2,2.0,,,,8.15,10.72,6.34,9.28,8.37,10.96
2025-12-15T17:07:31.801963,Recipe_B,610592ff-dcbe-4f1d-8eb4-f593c5d7ac78,2,2.0,,,,9.4,10.07,12.61,10.67,7.23,6.54
2025-12-15T17:07:32.801963,Recipe_B,610592ff-dcbe-4f1d-8eb4-f593c5d7ac78,2,2.0,,,,9.81,8.26,10.2,10.07,8.4,8.05
2025-12-15T17:07:33.801963,Recipe_B,610592ff-dcbe-4f1d-8eb4-f593c5d7ac78,2,2.0,,,,8.15,5.92,9.54,9.45,10.43,7.05
2025-12-15T17:07:34.801963,Recipe_B,610592ff-dcbe-4f1d-8eb4-f593c5d7ac78,2,0.0,,,,0.0,0.0,0.0,0.0,0.0,0.0
2025-12-15T17:07:35.801963,Recipe_B,610592ff-dcbe-4f1d-8eb4-f593c5d7ac78,2,0.0,,,,0.0,0.0,0.0,0.0,0.0,0.0
2025-12-15T17:07:36.801963,Recipe_B,610592ff-dcbe-4f1d-8eb4-f593c5d7ac78,2,0.0,,,,0.0,0.0,0.0,0.0,0.0,0.0
2025-12-15T17:07:37.801963,Recipe_B,610592ff-dcbe-4f1d-8eb4-f593c5d7ac78,2,0.0,,,,0.0,0.0,0.0,0.0,0.0,0.0
2025-12-15T17:07:38.801963,Recipe_B,610592ff-dcbe-4f1d-8eb4-f593c5d7ac78,2,0.0,,,,0.0,0.0,0.0,0.0,0.0,0.0
2025-12-15T17:07:39.801963,Recipe_B,610592ff-dcbe-4f1d-8eb4-f593c5d7ac78,2,0.0,,,,0.0,0.0,0.0,0.0,0.0,0.0
2025-12-15T17:07:40.801963,Recipe_B,610592ff-dcbe-4f1d-8eb4-f593c5d7ac78,2,0.0,,,,0.0,0.0,0.0,0.0,0.0,0.0
2025-12-15T17:07:41.801963,Recipe_B,610592ff-dcbe-4f1d-8eb4-f593c5d7ac78,2,0.0,,,,0.0,0.0,0.0,0.0,0.0,0.0
2025-12-15T17:07:42.801963,Recipe_B,610592ff-dcbe-4f1d-8eb4-f593c5d7ac78,2,0.0,,,,0.0,0.0,0.0,0.0,0.0,0.0
2025-12-15T17:07:43.801963,Recipe_B,610592ff-dcbe-4f1d-8eb4-f593c5d7ac78,2,0.0,,,,0.0,0.0,0.0,0.0,0.0,0.0
2025-12-15T17:07:44.801963,Recipe_B,610592ff-dcbe-4f1d-8eb4-f593c5d7ac78,2,0.0,,,,0.0,0.0,0.0,0.0,0.0,0.0
2025-12-15T17:07:45.801963,Recipe_B,610592ff-dcbe-4f1d-8eb4-f593c5d7ac78,2,0.0,,,,0.0,0.0,0.0,0.0,0.0,0.0
2025-12-15T17:07:46.801963,Recipe_B,610592ff-dcbe-4f1d-8eb4-f593c5d7ac78,2,0.0,,,,0.0,0.0,0.0,0.0,0.0,0.0
2025-12-15T17:07:47.801963,Recipe_B,610592ff-dcbe-4f1d-8eb4-f593c5d7ac78,2,0.0,,,,0.0,0.0,0.0,0.0,0.0,0.0
2025-12-15T17:07:48.801963,Recipe_B,610592ff-dcbe-4f1d-8eb4-f593c5d7ac78,2,0.0,,,,0.0,0.0,0.0,0.0,0.0,0.0
2025-12-15T17:07:49.801963,Recipe_B,610592ff-dcbe-4f1d-8eb4-f593c5d7ac78,2,0.0,,,,0.0,0.0,0.0,0.0,0.0,0.0
2025-12-15T17:07:50.801963,Recipe_B,610592ff-dcbe-4f1d-8eb4-f593c5d7ac78,2,0.0,,,,0.0,0.0,0.0,0.0,0.0,0.0
2025-12-15T17:07:51.801963,Recipe_B,610592ff-dcbe-4f1d-8eb4-f593c5d7ac78,2,0.0,,,,0.0,0.0,0.0,0.0,0.0,0.0
2025-12-15T17:07:52.801963,Recipe_B,610592ff-dcbe-4f1d-8eb4-f593c5d7ac78,2,0.0,,,,0.0,0.0,0.0,0.0,0.0,0.0
2025-12-15T17:07:53.801963,Recipe_B,610592ff-dcbe-4f1d-8eb4-f593c5d7ac78,2,0.0,,,,0.0,0.0,0.0,0.0,0.0,0.0
2025-12-15T17:07:54.801963,Recipe_B,610592ff-dcbe-4f1d-8eb4-f593c5d7ac78,2,0.0,,,,0.0,0.0,0.0,0.0,0.0,0.0
2025-12-15T17:07:55.801963,Recipe_B,610592ff-dcbe-4f1d-8eb4-f593c5d7ac78,2,0.0,,,,0.0,0.0,0.0,0.0,0.0,0.0
2025-12-15T17:07:56.801963,Recipe_B,610592ff-dcbe-4f1d-8eb4-f593c5d7ac78,2,0.0,,,,0.0,0.0,0.0,0.0,0.0,0.0
2025-12-15T17:07:57.801963,Recipe_B,610592ff-dcbe-4f1d-8eb4-f593c5d7ac78,2,0.0,,,,0.0,0.0,0.0,0.0,0.0,0.0
2025-12-15T17:07:58.801963,Recipe_B,610592ff-dcbe-4f1d-8eb4-f593c5d7ac78,2,0.0,,,,0.0,0.0,0.0,0.0,0.0,0.0
2025-12-15T17:07:59.801963,Recipe_B,610592ff-dcbe-4f1d-8eb4-f593c5d7ac78,2,0.0,,,,0.0,0.0,0.0,0.0,0.0,0.0
2025-12-15T17:08:00.801963,Recipe_B,610592ff-dcbe-4f1d-8eb4-f593c5d7ac78,2,0.0,,,,0.0,0.0,0.0,0.0,0.0,0.0
2025-12-15T17:08:01.801963,Recipe_B,610592ff-dcbe-4f1d-8eb4-f593c5d7ac78,2,0.0,,,,0.0,0.0,0.0,0.0,0.0,0.0
2025-12-15T17:08:02.801963,Recipe_B,610592ff-dcbe-4f1d-8eb4-f593c5d7ac78,2,0.0,,,,0.0,0.0,0.0,0.0,0.0,0.0
2025-12-15T17:08:03.801963,Recipe_B,610592ff-dcbe-4f1d-8eb4-f593c5d7ac78,2,0.0,,,,0.0,0.0,0.0,0.0,0.0,0.0
2025-12-15T17:08:04.801963,Recipe_B,610592ff-dcbe-4f1d-8eb4-f593c5d7ac78,2,0.0,,,,0.0,0.0,0.0,0.0,0.0,0.0
2025-12-15T17:08:05.801963,Recipe_B,610592ff-dcbe-4f1d-8eb4-f593c5d7ac78,2,0.0,,,,0.0,0.0,0.0,0.0,0.0,0.0
2025-12-15T17:08:06.801963,Recipe_B,610592ff-dcbe-4f1d-8eb4-f593c5d7ac78,2,0.0,,,,0.0,0.0,0.0,0.0,0.0,0.0
2025-12-15T17:08:07.801963,Recipe_B,610592ff-dcbe-4f1d-8eb4-f593c5d7ac78,2,0.0,,,,0.0,0.0,0.0,0.0,0.0,0.0
2025-12-15T17:08:08.801963,Recipe_B,610592ff-dcbe-4f1d-8eb4-f593c5d7ac78,2,0.0,,,,0.0,0.0,0.0,0.0,0.0,0.0
2025-12-15T17:08:09.801963,Recipe_B,610592ff-dcbe-4f1d-8eb4-f593c5d7ac78,2,0.0,,,,0.0,0.0,0.0,0.0,0.0,0.0
2025-12-15T17:08:10.801963,Recipe_B,610592ff-dcbe-4f1d-8eb4-f593c5d7ac78,2,0.0,,,,0.0,0.0,0.0,0.0,0.0,0.0
2025-12-15T17:08:11.801963,Recipe_B,610592ff-dcbe-4f1d-8eb4-f593c5d7ac78,2,0.0,,,,0.0,0.0,0.0,0.0,0.0,0.0
2025-12-15T17:08:12.801963,Recipe_B,610592ff-dcbe-4f1d-8eb4-f593c5d7ac78,2,0.0,,,,0.0,0.0,0.0,0.0,0.0,0.0
2025-12-15T17:08:13.801963,Recipe_B,610592ff-dcbe-4f1d-8eb4-f593c5d7ac78,2,0.0,,,,0.0,0.0,0.0,0.0,0.0,0.0
2025-12-15T17:08:14.801963,Recipe_B,610592ff-dcbe-4f1d-8eb4-f593c5d7ac78,2,0.0,,,,0.0,0.0,0.0,0.0,0.0,0.0
2025-12-15T17:08:15.801963,Recipe_B,610592ff-dcbe-4f1d-8eb4-f593c5d7ac78,2,0.0,,,,0.0,0.0,0.0,0.0,0.0,0.0
2025-12-15T17:08:16.801963,Recipe_B,610592ff-dcbe-4f1d-8eb4-f593c5d7ac78,2,2.0,,,,10.78,12.39,8.76,5.8,10.06,5.32
2025-12-15T17:08:17.801963,Recipe_B,610592ff-dcbe-4f1d-8eb4-f593c5d7ac78,2,2.0,,,,9.52,14.48,7.46,8.34,10.46,11.55
2025-12-15T17:08:18.801963,Recipe_B,610592ff-dcbe-4f1d-8eb4-f593c5d7ac78,2,2.0,,,,10.6,10.47,9.11,10.76,8.52,6.68
2025-12-15T17:08:19.801963,Recipe_B,610592ff-dcbe-4f1d-8eb4-f593c5d7ac78,2,2.0,,,,10.82,11.83,12.49,7.88,5.84,11.91
2025-12-15T17:08:20.801963,Recipe_B,610592ff-dcbe-4f1d-8eb4-f593c5d7ac78,2,2.0,,,,12.27,8.2,9.57,10.82,12.75,7.72
2025-12-15T17:08:21.801963,Recipe_B,610592ff-dcbe-4f1d-8eb4-f593c5d7ac78,2,2.0,,,,9.95,12.02,12.11,14.09,11.81,5.27
2025-12-15T17:08:22.801963,Recipe_B,610592ff-dcbe-4f1d-8eb4-f593c5d7ac78,2,2.0,,,,10.07,6.76,9.31,8.37,8.75,7.77
2025-12-15T17:08:23.801963,Recipe_B,610592ff-dcbe-4f1d-8eb4-f593c5d7ac78,2,2.0,,,,10.6,9.79,8.84,10.51,7.39,10.2
2025-12-15T17:08:24.801963,Recipe_B,610592ff-dcbe-4f1d-8eb4-f593c5d7ac78,2,2.0,,,,9.9,12.64,14.05,12.33,10.36,9.67
2025-12-15T17:08:25.801963,Recipe_B,610592ff-dcbe-4f1d-8eb4-f593c5d7ac78,2,4.0,,,,95.75,56.96,54.88,43.38,47.85,55.98
2025-12-15T17:08:26.801963,Recipe_B,610592ff-dcbe-4f1d-8eb4-f593c5d7ac78,2,4.0,,,,96.24,52.66,53.78,52.06,41.98,50.02
2025-12-15T17:08:27.801963,Recipe_B,610592ff-dcbe-4f1d-8eb4-f593c5d7ac78,2,4.0,,,,97.84,55.35,53.54,53.02,38.82,51.41
2025-12-15T17:08:28.801963,Recipe_B,610592ff-dcbe-4f1d-8eb4-f593c5d7ac78,2,4.0,,,,101.33,49.9,42.21,57.8,50.76,51.26
2025-12-15T17:08:29.801963,Recipe_B,610592ff-dcbe-4f1d-8eb4-f593c5d7ac78,2,4.0,,,,109.18,43.93,50.42,50.88,47.97,49.53
2025-12-15T17:08:30.801963,Recipe_B,610592ff-dcbe-4f1d-8eb4-f593c5d7ac78,2,4.0,,,,98.83,46.81,45.04,49.38,42.08,49.1
2025-12-15T17:08:31.801963,Recipe_B,610592ff-dcbe-4f1d-8eb4-f593c5d7ac78,2,4.0,,,,101.13,55.97,59.62,50.55,55.48,46.3
2025-12-15T17:08:32.801963,Recipe_B,610592ff-dcbe-4f1d-8eb4-f593c5d7ac78,2,4.0,,,,107.47,51.12,42.89,57.56,45.89,51.87
2025-12-15T17:08:33.801963,Recipe_B,610592ff-dcbe-4f1d-8eb4-f593c5d7ac78,2,4.0,,,,101.98,52.12,48.47,42.72,50.45,59.17
2025-12-15T17:08:33.801963,Recipe_B,610592ff-dcbe-4f1d-8eb4-f593c5d7ac78,2,4.0,Warning_7,Simulated Warning occurred,Warning,,,,,,
2025-12-15T17:08:34.801963,Recipe_B,610592ff-dcbe-4f1d-8eb4-f593c5d7ac78,2,4.0,,,,96.6,50.69,53.6,47.58,49.59,57.65
2025-12-15T17:08:35.801963,Recipe_B,610592ff-dcbe-4f1d-8eb4-f593c5d7ac78,2,4.0,,,,107.4,53.81,46.92,51.59,48.43,45.23
2025-12-15T17:08:36.801963,Recipe_B,610592ff-dcbe-4f1d-8eb4-f593c5d7ac78,2,4.0,,,,89.88,54.48,47.13,53.35,52.53,48.07
2025-12-15T17:08:37.801963,Recipe_B,610592ff-dcbe-4f1d-8eb4-f593c5d7ac78,2,4.0,,,,108.74,44.6,44.45,53.6,46.33,52.69
2025-12-15T17:08:38.801963,Recipe_B,610592ff-dcbe-4f1d-8eb4-f593c5d7ac78,2,4.0,,,,105.57,50.59,39.52,46.66,51.74,56.85
2025-12-15T17:08:39.801963,Recipe_B,610592ff-dcbe-4f1d-8eb4-f593c5d7ac78,2,4.0,,,,94.17,42.91,44.38,49.09,50.26,44.6
2025-12-15T17:08:40.801963,Recipe_B,610592ff-dcbe-4f1d-8eb4-f593c5d7ac78,2,4.0,,,,100.59,44.05,53.58,47.11,50.5,46.83
2025-12-15T17:08:41.801963,Recipe_B,610592ff-dcbe-4f1d-8eb4-f593c5d7ac78,2,4.0,,,,90.94,49.24,50.98,57.09,47.94,47.42
2025-12-15T17:08:42.801963,Recipe_B,610592ff-dcbe-4f1d-8eb4-f593c5d7ac78,2,4.0,,,,95.77,49.54,43.29,48.44,47.46,42.28
2025-12-15T17:08:43.801963,Recipe_B,610592ff-dcbe-4f1d-8eb4-f593c5d7ac78,2,4.0,,,,104.64,58.6,55.75,46.92,56.7,56.11
2025-12-15T17:08:44.801963,Recipe_B,610592ff-dcbe-4f1d-8eb4-f593c5d7ac78,2,4.0,,,,100.36,54.19,56.02,51.15,47.63,53.54
2025-12-15T17:08:45.801963,Recipe_B,610592ff-dcbe-4f1d-8eb4-f593c5d7ac78,2,4.0,,,,98.13,52.72,58.51,52.69,49.68,52.18
2025-12-15T17:08:46.801963,Recipe_B,610592ff-dcbe-4f1d-8eb4-f593c5d7ac78,2,4.0,,,,98.39,51.47,48.94,50.33,55.07,44.65
2025-12-15T17:08:47.801963,Recipe_B,610592ff-dcbe-4f1d-8eb4-f593c5d7ac78,2,4.0,,,,97.59,43.54,52.8,47.69,41.18,42.23
2025-12-15T17:08:48.801963,Recipe_B,610592ff-dcbe-4f1d-8eb4-f593c5d7ac78,2,4.0,,,,95.95,52.83,53.35,56.82,52.14,46.08
2025-12-15T17:08:49.801963,Recipe_B,610592ff-dcbe-4f1d-8eb4-f593c5d7ac78,2,4.0,,,,104.57,53.79,48.63,43.91,51.87,52.7
2025-12-15T17:08:50.801963,Recipe_B,610592ff-dcbe-4f1d-8eb4-f593c5d7ac78,2,4.0,,,,98.3,46.06,55.56,52.13,38.05,52.53
2025-12-15T17:08:51.801963,Recipe_B,610592ff-dcbe-4f1d-8eb4-f593c5d7ac78,2,4.0,,,,106.33,51.05,54.87,47.02,54.5,52.84
2025-12-15T17:08:52.801963,Recipe_B,610592ff-dcbe-4f1d-8eb4-f593c5d7ac78,2,4.0,,,,96.53,54.84,44.25,53.93,55.12,45.38
2025-12-15T17:08:53.801963,Recipe_B,610592ff-dcbe-4f1d-8eb4-f593c5d7ac78,2,4.0,,,,103.7,41.65,49.97,46.14,44.03,49.11
2025-12-15T17:08:54.801963,Recipe_B,610592ff-dcbe-4f1d-8eb4-f593c5d7ac78,2,4.0,,,,96.57,46.43,58.4,37.87,48.25,44.88
2025-12-15T17:08:55.801963,Recipe_B,610592ff-dcbe-4f1d-8eb4-f593c5d7ac78,2,4.0,,,,104.57,50.98,49.27,52.88,47.56,44.91
2025-12-15T17:08:56.801963,Recipe_B,610592ff-dcbe-4f1d-8eb4-f593c5d7ac78,2,4.0,,,,98.2,53.43,46.23,54.73,46.87,47.87
2025-12-15T17:08:57.801963,Recipe_B,610592ff-dcbe-4f1d-8eb4-f593c5d7ac78,2,4.0,,,,93.96,41.23,59.09,43.17,47.32,49.05
2025-12-15T17:08:58.801963,Recipe_B,610592ff-dcbe-4f1d-8eb4-f593c5d7ac78,2,4.0,,,,90.59,60.54,40.47,57.06,51.17,49.51
2025-12-15T17:08:59.801963,Recipe_B,610592ff-dcbe-4f1d-8eb4-f593c5d7ac78,2,4.0,,,,113.44,49.17,48.7,51.15,59.17,48.66
2025-12-15T17:09:00.801963,Recipe_B,610592ff-dcbe-4f1d-8eb4-f593c5d7ac78,2,4.0,,,,106.07,48.46,54.04,52.51,45.83,47.76
2025-12-15T17:09:01.801963,Recipe_B,610592ff-dcbe-4f1d-8eb4-f593c5d7ac78,2,4.0,,,,113.09,54.78,38.62,52.09,45.43,43.97
2025-12-15T17:09:02.801963,Recipe_B,610592ff-dcbe-4f1d-8eb4-f593c5d7ac78,2,4.0,,,,95.05,43.49,57.67,49.14,52.34,45.39
2025-12-15T17:09:03.801963,Recipe_B,610592ff-dcbe-4f1d-8eb4-f593c5d7ac78,2,4.0,,,,97.87,58.16,52.88,50.19,45.04,48.24
2025-12-15T17:09:04.801963,Recipe_B,610592ff-dcbe-4f1d-8eb4-f593c5d7ac78,2,4.0,,,,107.13,46.43,50.02,49.4,47.1,58.52
2025-12-15T17:09:05.801963,Recipe_B,610592ff-dcbe-4f1d-8eb4-f593c5d7ac78,2,4.0,,,,101.12,47.59,47.24,51.57,55.39,62.11
2025-12-15T17:09:06.801963,Recipe_B,610592ff-dcbe-4f1d-8eb4-f593c5d7ac78,2,4.0,,,,93.99,54.4,45.69,49.09,51.52,62.04
2025-12-15T17:09:07.801963,Recipe_B,610592ff-dcbe-4f1d-8eb4-f593c5d7ac78,2,4.0,,,,102.95,51.32,56.32,55.45,45.82,42.65
2025-12-15T17:09:08.801963,Recipe_B,610592ff-dcbe-4f1d-8eb4-f593c5d7ac78,2,4.0,,,,96.01,48.78,50.54,47.15,44.3,47.06
2025-12-15T17:09:09.801963,Recipe_B,610592ff-dcbe-4f1d-8eb4-f593c5d7ac78,2,4.0,,,,92.48,54.86,53.93,46.64,49.99,48.17
2025-12-15T17:09:10.801963,Recipe_B,610592ff-dcbe-4f1d-8eb4-f593c5d7ac78,2,4.0,,,,105.82,53.67,51.78,39.69,46.02,57.63
2025-12-15T17:09:11.801963,Recipe_B,610592ff-dcbe-4f1d-8eb4-f593c5d7ac78,2,4.0,,,,102.25,49.44,47.59,58.19,51.54,47.41
2025-12-15T17:09:12.801963,Recipe_B,610592ff-dcbe-4f1d-8eb4-f593c5d7ac78,2,4.0,,,,99.47,62.71,49.83,47.5,52.75,46.11
2025-12-15T17:09:13.801963,Recipe_B,610592ff-dcbe-4f1d-8eb4-f593c5d7ac78,2,4.0,,,,97.56,59.73,57.42,50.53,45.79,44.38
2025-12-15T17:09:14.801963,Recipe_B,610592ff-dcbe-4f1d-8eb4-f593c5d7ac78,2,4.0,,,,104.76,55.61,51.94,42.07,44.84,44.8
2025-12-15T17:09:15.801963,Recipe_B,610592ff-dcbe-4f1d-8eb4-f593c5d7ac78,2,4.0,,,,105.42,45.29,50.33,44.37,51.38,46.9
2025-12-15T17:09:16.801963,Recipe_B,610592ff-dcbe-4f1d-8eb4-f593c5d7ac78,2,4.0,,,,105.56,43.28,53.62,45.08,47.63,53.43
2025-12-15T17:09:17.801963,Recipe_B,610592ff-dcbe-4f1d-8eb4-f593c5d7ac78,2,4.0,,,,99.01,55.01,42.56,43.87,45.51,56.42
2025-12-15T17:09:18.801963,Recipe_B,610592ff-dcbe-4f1d-8eb4-f593c5d7ac78,2,4.0,,,,96.3,46.63,42.0,45.81,43.16,47.93
2025-12-15T17:09:19.801963,Recipe_B,610592ff-dcbe-4f1d-8eb4-f593c5d7ac78,2,4.0,,,,102.3,51.44,50.34,50.53,52.34,48.96
2025-12-15T17:09:20.801963,Recipe_B,610592ff-dcbe-4f1d-8eb4-f593c5d7ac78,2,4.0,,,,101.49,39.8,52.91,55.2,44.11,50.17
2025-12-15T17:09:21.801963,Recipe_B,610592ff-dcbe-4f1d-8eb4-f593c5d7ac78,2,4.0,,,,100.07,52.33,49.36,44.27,49.27,44.52
2025-12-15T17:09:22.801963,Recipe_B,610592ff-dcbe-4f1d-8eb4-f593c5d7ac78,2,4.0,,,,96.41,49.23,48.59,52.22,52.71,56.43
2025-12-15T17:09:23.801963,Recipe_B,610592ff-dcbe-4f1d-8eb4-f593c5d7ac78,2,4.0,,,,108.44,45.94,50.43,56.05,46.73,49.48
2025-12-15T17:09:24.801963,Recipe_B,610592ff-dcbe-4f1d-8eb4-f593c5d7ac78,2,4.0,,,,101.87,44.06,45.9,49.27,55.97,48.11
2025-12-15T17:09:25.801963,Recipe_B,610592ff-dcbe-4f1d-8eb4-f593c5d7ac78,2,4.0,,,,95.88,53.48,48.12,50.91,48.69,50.64
2025-12-15T17:09:26.801963,Recipe_B,610592ff-dcbe-4f1d-8eb4-f593c5d7ac78,2,4.0,,,,88.47,56.03,47.52,53.07,41.31,47.27
2025-12-15T17:09:27.801963,Recipe_B,610592ff-dcbe-4f1d-8eb4-f593c5d7ac78,2,4.0,,,,105.92,54.41,50.29,53.36,45.06,53.2
2025-12-15T17:09:28.801963,Recipe_B,610592ff-dcbe-4f1d-8eb4-f593c5d7ac78,2,4.0,,,,104.46,47.14,52.56,42.31,43.9,46.56
2025-12-15T17:09:29.801963,Recipe_B,610592ff-dcbe-4f1d-8eb4-f593c5d7ac78,2,4.0,,,,101.99,48.99,52.65,50.66,47.66,43.2
2025-12-15T17:09:30.801963,Recipe_B,610592ff-dcbe-4f1d-8eb4-f593c5d7ac78,2,4.0,,,,99.47,48.51,40.23,42.13,54.19,46.56
2025-12-15T17:09:31.801963,Recipe_B,610592ff-dcbe-4f1d-8eb4-f593c5d7ac78,2,4.0,,,,89.33,46.1,44.95,54.7,50.33,42.52
2025-12-15T17:09:32.801963,Recipe_B,610592ff-dcbe-4f1d-8eb4-f593c5d7ac78,2,4.0,,,,102.62,52.97,64.01,47.21,53.93,50.86
2025-12-15T17:09:33.801963,Recipe_B,610592ff-dcbe-4f1d-8eb4-f593c5d7ac78,2,4.0,,,,107.31,55.23,42.99,46.83,46.69,50.3
2025-12-15T17:09:34.801963,Recipe_B,610592ff-dcbe-4f1d-8eb4-f593c5d7ac78,2,4.0,,,,99.36,53.57,59.26,64.58,46.44,58.92
2025-12-15T17:09:35.801963,Recipe_B,610592ff-dcbe-4f1d-8eb4-f593c5d7ac78,2,4.0,,,,110.82,52.3,49.5,42.54,45.0,48.73
2025-12-15T17:09:36.801963,Recipe_B,610592ff-dcbe-4f1d-8eb4-f593c5d7ac78,2,4.0,,,,102.04,44.37,47.02,52.39,48.33,41.52
2025-12-15T17:09:37.801963,Recipe_B,610592ff-dcbe-4f1d-8eb4-f593c5d7ac78,2,4.0,,,,97.76,55.7,47.09,48.09,50.59,59.44
2025-12-15T17:09:38.801963,Recipe_B,610592ff-dcbe-4f1d-8eb4-f593c5d7ac78,2,4.0,,,,107.19,43.86,53.11,48.57,51.26,54.04
2025-12-15T17:09:39.801963,Recipe_B,610592ff-dcbe-4f1d-8eb4-f593c5d7ac78,2,1.0,,,,12.05,9.7,11.95,8.06,11.69,7.73
2025-12-15T17:09:40.801963,Recipe_B,610592ff-dcbe-4f1d-8eb4-f593c5d7ac78,2,1.0,,,,6.36,12.55,8.86,8.46,7.82,11.35
2025-12-15T17:09:41.801963,Recipe_B,610592ff-dcbe-4f1d-8eb4-f593c5d7ac78,2,1.0,,,,9.07,7.74,9.97,9.55,10.43,6.32
2025-12-15T17:09:42.801963,Recipe_B,610592ff-dcbe-4f1d-8eb4-f593c5d7ac78,2,1.0,,,,12.34,13.25,12.41,10.52,10.19,11.1
2025-12-15T17:09:43.801963,Recipe_B,610592ff-dcbe-4f1d-8eb4-f593c5d7ac78,2,4.0,,,,99.05,51.34,46.72,51.41,50.59,52.26
2025-12-15T17:09:44.801963,Recipe_B,610592ff-dcbe-4f1d-8eb4-f593c5d7ac78,2,4.0,,,,101.38,43.01,56.02,45.15,45.16,41.9
2025-12-15T17:09:45.801963,Recipe_B,610592ff-dcbe-4f1d-8eb4-f593c5d7ac78,2,4.0,,,,101.8,51.73,46.65,48.8,40.59,46.67
2025-12-15T17:09:46.801963,Recipe_B,610592ff-dcbe-4f1d-8eb4-f593c5d7ac78,2,4.0,,,,103.03,44.78,54.03,56.83,44.78,50.93
2025-12-15T17:09:47.801963,Recipe_B,610592ff-dcbe-4f1d-8eb4-f593c5d7ac78,2,4.0,,,,92.5,54.73,51.55,54.08,45.99,42.67
2025-12-15T17:09:48.801963,Recipe_B,610592ff-dcbe-4f1d-8eb4-f593c5d7ac78,2,5.0,,,,7.58,10.63,10.11,8.83,7.36,9.25
2025-12-15T17:09:49.801963,Recipe_B,610592ff-dcbe-4f1d-8eb4-f593c5d7ac78,2,5.0,,,,9.31,9.14,10.54,6.11,13.24,9.88
2025-12-15T17:09:50.801963,Recipe_B,610592ff-dcbe-4f1d-8eb4-f593c5d7ac78,2,5.0,,,,8.29,10.81,9.85,8.4,10.77,10.45
2025-12-15T17:09:50.801963,Recipe_B,610592ff-dcbe-4f1d-8eb4-f593c5d7ac78,2,5.0,Error_2,Simulated Error occurred,Error,,,,,,
2025-12-15T17:09:51.801963,Recipe_B,610592ff-dcbe-4f1d-8eb4-f593c5d7ac78,2,1.0,,,,10.3,11.75,9.35,8.86,10.21,8.65
2025-12-15T17:09:52.801963,Recipe_B,610592ff-dcbe-4f1d-8eb4-f593c5d7ac78,2,1.0,,,,10.52,9.03,10.01,8.6,10.16,9.58
2025-12-15T17:09:53.801963,Recipe_B,610592ff-dcbe-4f1d-8eb4-f593c5d7ac78,2,1.0,,,,9.81,8.1,10.09,10.5,5.26,13.92
2025-12-15T17:09:54.801963,Recipe_B,610592ff-dcbe-4f1d-8eb4-f593c5d7ac78,2,1.0,,,,9.5,11.07,11.55,12.41,13.09,9.05
2025-12-15T17:09:55.801963,Recipe_B,610592ff-dcbe-4f1d-8eb4-f593c5d7ac78,2,1.0,,,,10.82,10.47,7.07,12.71,6.64,11.96
2025-12-15T17:09:56.801963,Recipe_B,610592ff-dcbe-4f1d-8eb4-f593c5d7ac78,2,1.0,,,,9.13,8.7,11.15,13.32,12.47,8.38
2025-12-15T17:09:57.801963,Recipe_B,610592ff-dcbe-4f1d-8eb4-f593c5d7ac78,2,1.0,,,,7.61,10.17,9.73,7.37,12.89,7.69
2025-12-15T17:09:57.801963,Recipe_B,610592ff-dcbe-4f1d-8eb4-f593c5d7ac78,2,1.0,Error_4,Simulated Error occurred,Error,,,,,,
2025-12-15T17:09:58.801963,Recipe_B,610592ff-dcbe-4f1d-8eb4-f593c5d7ac78,2,1.0,,,,8.73,11.57,9.89,9.57,8.37,8.3
2025-12-15T17:09:59.801963,Recipe_B,610592ff-dcbe-4f1d-8eb4-f593c5d7ac78,2,1.0,,,,8.31,14.37,11.47,9.12,10.65,10.33
2025-12-15T17:10:00.801963,Recipe_B,610592ff-dcbe-4f1d-8eb4-f593c5d7ac78,2,5.0,,,,13.02,9.82,8.32,11.7,9.53,12.31
2025-12-15T17:10:01.801963,Recipe_B,610592ff-dcbe-4f1d-8eb4-f593c5d7ac78,2,5.0,,,,7.03,10.77,12.65,9.68,13.54,9.15
2025-12-15T17:10:02.801963,Recipe_B,610592ff-dcbe-4f1d-8eb4-f593c5d7ac78,2,5.0,,,,12.84,11.64,11.05,8.25,11.89,7.86
2025-12-15T17:10:03.801963,Recipe_B,610592ff-dcbe-4f1d-8eb4-f593c5d7ac78,2,5.0,,,,11.17,8.76,8.34,7.64,11.87,9.64
2025-12-15T17:10:04.801963,Recipe_B,610592ff-dcbe-4f1d-8eb4-f593c5d7ac78,2,5.0,,,,11.76,8.65,11.97,12.17,10.75,9.66
2025-12-15T17:10:05.801963,Recipe_B,610592ff-dcbe-4f1d-8eb4-f593c5d7ac78,2,5.0,,,,12.27,9.95,11.7,7.88,9.79,11.8
2025-12-15T17:10:06.801963,Recipe_B,610592ff-dcbe-4f1d-8eb4-f593c5d7ac78,2,5.0,,,,12.78,8.87,6.82,12.24,8.84,12.42
2025-12-15T17:10:07.801963,Recipe_B,610592ff-dcbe-4f1d-8eb4-f593c5d7ac78,2,5.0,,,,9.92,10.68,11.96,9.98,9.31,10.18
2025-12-15T17:10:08.801963,Recipe_B,610592ff-dcbe-4f1d-8eb4-f593c5d7ac78,2,5.0,,,,9.31,10.09,14.45,5.11,9.3,10.34
2025-12-15T17:10:09.801963,Recipe_B,610592ff-dcbe-4f1d-8eb4-f593c5d7ac78,2,5.0,,,,8.7,9.21,15.41,11.08,11.7,10.16
2025-12-15T17:10:10.801963,Recipe_B,610592ff-dcbe-4f1d-8eb4-f593c5d7ac78,2,5.0,,,,10.89,10.33,11.53,8.85,8.44,11.93
2025-12-15T17:10:11.801963,Recipe_B,610592ff-dcbe-4f1d-8eb4-f593c5d7ac78,2,5.0,,,,6.03,12.12,6.04,8.01,9.3,7.45
2025-12-15T17:10:12.801963,Recipe_B,610592ff-dcbe-4f1d-8eb4-f593c5d7ac78,2,5.0,,,,10.98,10.22,10.87,5.81,9.33,9.71
2025-12-15T17:10:13.801963,Recipe_B,610592ff-dcbe-4f1d-8eb4-f593c5d7ac78,2,5.0,,,,11.49,15.86,9.9,9.75,14.58,10.86
2025-12-15T17:10:14.801963,Recipe_B,610592ff-dcbe-4f1d-8eb4-f593c5d7ac78,2,5.0,,,,12.4,13.26,12.84,8.68,10.45,11.12
2025-12-15T17:10:15.801963,Recipe_B,610592ff-dcbe-4f1d-8eb4-f593c5d7ac78,2,5.0,,,,11.48,10.06,11.16,12.4,9.48,8.77
2025-12-15T17:10:16.801963,Recipe_B,610592ff-dcbe-4f1d-8eb4-f593c5d7ac78,2,5.0,,,,10.13,13.54,8.63,10.1,12.33,10.53
2025-12-15T17:10:17.801963,Recipe_B,610592ff-dcbe-4f1d-8eb4-f593c5d7ac78,2,5.0,,,,10.41,14.14,8.81,13.7,10.0,10.25
2025-12-15T17:10:18.801963,Recipe_B,610592ff-dcbe-4f1d-8eb4-f593c5d7ac78,2,5.0,,,,10.66,15.43,9.8,8.68,8.9,11.66
2025-12-15T17:10:19.801963,Recipe_B,610592ff-dcbe-4f1d-8eb4-f593c5d7ac78,2,5.0,,,,9.15,11.97,7.89,7.09,6.44,11.31
2025-12-15T17:10:20.801963,Recipe_B,610592ff-dcbe-4f1d-8eb4-f593c5d7ac78,2,5.0,,,,10.56,12.12,9.95,6.9,13.31,8.71
2025-12-15T17:10:21.801963,Recipe_B,610592ff-dcbe-4f1d-8eb4-f593c5d7ac78,2,5.0,,,,10.95,8.76,7.71,8.16,12.29,7.8
2025-12-15T17:10:22.801963,Recipe_B,610592ff-dcbe-4f1d-8eb4-f593c5d7ac78,2,5.0,,,,12.14,10.15,9.14,9.57,13.49,9.44
2025-12-15T17:10:23.801963,Recipe_B,610592ff-dcbe-4f1d-8eb4-f593c5d7ac78,2,5.0,,,,8.8,8.52,9.83,8.49,9.78,10.14
2025-12-15T17:10:24.801963,Recipe_B,610592ff-dcbe-4f1d-8eb4-f593c5d7ac78,2,5.0,,,,8.86,10.9,11.67,7.63,11.59,13.05
2025-12-15T17:10:25.801963,Recipe_B,610592ff-dcbe-4f1d-8eb4-f593c5d7ac78,2,5.0,,,,12.3,10.85,9.47,11.65,6.58,9.53
2025-12-15T17:10:26.801963,Recipe_B,610592ff-dcbe-4f1d-8eb4-f593c5d7ac78,2,5.0,,,,8.88,10.78,13.03,7.02,10.89,8.98
2025-12-15T17:10:27.801963,Recipe_B,610592ff-dcbe-4f1d-8eb4-f593c5d7ac78,2,5.0,,,,8.42,10.32,7.96,5.81,8.85,13.74
2025-12-15T17:10:28.801963,Recipe_B,610592ff-dcbe-4f1d-8eb4-f593c5d7ac78,2,5.0,,,,10.17,8.77,9.1,6.99,7.92,10.83
2025-12-15T17:10:29.801963,Recipe_B,610592ff-dcbe-4f1d-8eb4-f593c5d7ac78,2,5.0,,,,6.66,7.13,10.08,13.39,12.91,9.5
2025-12-15T17:10:30.801963,Recipe_B,610592ff-dcbe-4f1d-8eb4-f593c5d7ac78,2,5.0,,,,8.73,7.9,8.41,9.19,10.48,10.21
2025-12-15T17:10:31.801963,Recipe_B,610592ff-dcbe-4f1d-8eb4-f593c5d7ac78,2,5.0,,,,9.0,9.06,7.38,8.5,14.62,11.5
2025-12-15T17:10:32.801963,Recipe_B,610592ff-dcbe-4f1d-8eb4-f593c5d7ac78,2,5.0,,,,9.59,12.28,10.05,13.85,10.72,7.39
2025-12-15T17:10:33.801963,Recipe_B,610592ff-dcbe-4f1d-8eb4-f593c5d7ac78,2,5.0,,,,11.59,6.07,9.27,9.01,7.25,11.57
2025-12-15T17:10:34.801963,Recipe_B,610592ff-dcbe-4f1d-8eb4-f593c5d7ac78,2,5.0,,,,14.4,11.98,9.54,9.53,11.59,9.52
2025-12-15T17:10:35.801963,Recipe_B,610592ff-dcbe-4f1d-8eb4-f593c5d7ac78,2,5.0,,,,8.98,10.98,11.01,9.55,11.91,9.86
2025-12-15T17:10:36.801963,Recipe_B,610592ff-dcbe-4f1d-8eb4-f593c5d7ac78,2,5.0,,,,12.96,7.44,8.92,9.79,9.7,5.14
2025-12-15T17:10:37.801963,Recipe_B,610592ff-dcbe-4f1d-8eb4-f593c5d7ac78,2,5.0,,,,10.5,5.41,10.98,10.83,5.6,12.57
2025-12-15T17:10:38.801963,Recipe_B,610592ff-dcbe-4f1d-8eb4-f593c5d7ac78,2,5.0,,,,10.78,7.32,7.6,10.08,13.13,6.94
2025-12-15T17:10:39.801963,Recipe_B,610592ff-dcbe-4f1d-8eb4-f593c5d7ac78,2,5.0,,,,12.26,8.23,8.82,11.71,7.57,12.31
2025-12-15T17:10:40.801963,Recipe_B,610592ff-dcbe-4f1d-8eb4-f593c5d7ac78,2,5.0,,,,9.59,8.4,4.99,10.07,8.76,7.85
2025-12-15T17:10:41.801963,Recipe_B,610592ff-dcbe-4f1d-8eb4-f593c5d7ac78,2,5.0,,,,11.44,11.57,7.36,5.65,11.65,8.74
2025-12-15T17:10:42.801963,Recipe_B,610592ff-dcbe-4f1d-8eb4-f593c5d7ac78,2,5.0,,,,3.23,12.58,10.0,7.23,7.08,10.98
2025-12-15T17:10:43.801963,Recipe_B,610592ff-dcbe-4f1d-8eb4-f593c5d7ac78,2,5.0,,,,9.47,13.35,10.92,9.47,9.72,10.84
2025-12-15T17:10:44.801963,Recipe_B,610592ff-dcbe-4f1d-8eb4-f593c5d7ac78,2,5.0,,,,9.25,10.91,8.12,10.44,8.03,14.1
2025-12-15T17:10:45.801963,Recipe_B,610592ff-dcbe-4f1d-8eb4-f593c5d7ac78,2,5.0,,,,3.43,12.74,12.23,10.1,9.03,7.1
2025-12-15T17:10:46.801963,Recipe_B,610592ff-dcbe-4f1d-8eb4-f593c5d7ac78,2,5.0,,,,7.33,11.63,13.48,10.72,11.14,7.39
2025-12-15T17:10:47.801963,Recipe_B,610592ff-dcbe-4f1d-8eb4-f593c5d7ac78,2,5.0,,,,5.3,9.54,8.46,7.77,10.06,11.82
2025-12-15T17:10:48.801963,Recipe_B,610592ff-dcbe-4f1d-8eb4-f593c5d7ac78,2,5.0,,,,8.52,10.33,10.95,8.83,10.08,11.83
2025-12-15T17:10:49.801963,Recipe_B,610592ff-dcbe-4f1d-8eb4-f593c5d7ac78,2,5.0,,,,9.82,10.82,10.77,13.85,5.61,10.93
2025-12-15T17:10:50.801963,Recipe_B,610592ff-dcbe-4f1d-8eb4-f593c5d7ac78,2,5.0,,,,15.07,12.45,10.83,7.54,10.33,9.53
2025-12-15T17:10:51.801963,Recipe_B,610592ff-dcbe-4f1d-8eb4-f593c5d7ac78,2,5.0,,,,10.28,10.01,9.42,13.24,7.72,9.15
2025-12-15T17:10:52.801963,Recipe_B,610592ff-dcbe-4f1d-8eb4-f593c5d7ac78,2,5.0,,,,13.01,11.57,12.27,12.69,9.04,10.59
2025-12-15T17:10:53.801963,Recipe_B,610592ff-dcbe-4f1d-8eb4-f593c5d7ac78,2,5.0,,,,11.25,10.06,6.74,7.08,11.75,6.46
2025-12-15T17:10:54.801963,Recipe_B,610592ff-dcbe-4f1d-8eb4-f593c5d7ac78,2,5.0,,,,10.92,10.02,8.25,7.76,7.41,10.36
2025-12-15T17:10:55.801963,Recipe_B,610592ff-dcbe-4f1d-8eb4-f593c5d7ac78,2,5.0,,,,10.88,8.94,9.85,8.2,12.48,10.98
2025-12-15T17:10:56.801963,Recipe_B,610592ff-dcbe-4f1d-8eb4-f593c5d7ac78,2,5.0,,,,9.96,13.17,12.78,12.02,7.37,7.27
2025-12-15T17:10:57.801963,Recipe_B,610592ff-dcbe-4f1d-8eb4-f593c5d7ac78,2,5.0,,,,10.73,9.07,8.44,12.0,7.24,8.93
2025-12-15T17:10:58.801963,Recipe_B,610592ff-dcbe-4f1d-8eb4-f593c5d7ac78,2,5.0,,,,14.18,11.9,14.62,9.93,8.75,13.82
2025-12-15T17:10:59.801963,Recipe_B,610592ff-dcbe-4f1d-8eb4-f593c5d7ac78,2,5.0,,,,12.63,8.43,10.38,11.46,12.22,9.33
2025-12-15T17:11:00.801963,Recipe_B,610592ff-dcbe-4f1d-8eb4-f593c5d7ac78,2,5.0,,,,6.66,6.19,13.77,7.15,11.53,8.3
2025-12-15T17:11:01.801963,Recipe_B,610592ff-dcbe-4f1d-8eb4-f593c5d7ac78,2,5.0,,,,12.08,12.59,8.94,11.59,9.05,4.82
2025-12-15T17:11:02.801963,Recipe_B,610592ff-dcbe-4f1d-8eb4-f593c5d7ac78,2,5.0,,,,11.27,13.97,12.0,8.02,10.73,11.59
2025-12-15T17:11:03.801963,Recipe_B,610592ff-dcbe-4f1d-8eb4-f593c5d7ac78,2,5.0,,,,8.54,5.46,11.99,11.33,10.99,9.0
2025-12-15T17:11:04.801963,Recipe_B,610592ff-dcbe-4f1d-8eb4-f593c5d7ac78,2,5.0,,,,6.8,6.38,12.4,11.32,11.09,11.03
2025-12-15T17:11:05.801963,Recipe_B,610592ff-dcbe-4f1d-8eb4-f593c5d7ac78,2,5.0,,,,10.95,10.98,8.14,9.81,8.87,10.48
2025-12-15T17:11:06.801963,Recipe_B,610592ff-dcbe-4f1d-8eb4-f593c5d7ac78,2,5.0,,,,7.87,12.23,7.68,11.42,9.49,5.66
2025-12-15T17:11:07.801963,Recipe_B,610592ff-dcbe-4f1d-8eb4-f593c5d7ac78,2,5.0,,,,11.47,5.88,10.4,8.4,10.86,9.55
2025-12-15T17:11:08.801963,Recipe_B,610592ff-dcbe-4f1d-8eb4-f593c5d7ac78,2,5.0,,,,9.05,8.83,12.18,8.78,13.02,11.16
2025-12-15T17:11:09.801963,Recipe_B,610592ff-dcbe-4f1d-8eb4-f593c5d7ac78,2,5.0,,,,8.62,8.01,10.06,8.54,10.51,12.08
2025-12-15T17:11:10.801963,Recipe_B,610592ff-dcbe-4f1d-8eb4-f593c5d7ac78,2,5.0,,,,11.47,9.11,10.41,8.31,11.62,13.21
2025-12-15T17:11:11.801963,Recipe_B,610592ff-dcbe-4f1d-8eb4-f593c5d7ac78,2,5.0,,,,11.24,11.75,8.4,7.98,8.75,6.79
2025-12-15T17:11:12.801963,Recipe_B,610592ff-dcbe-4f1d-8eb4-f593c5d7ac78,2,5.0,,,,11.4,10.11,8.43,7.81,13.77,8.23
2025-12-15T17:11:13.801963,Recipe_B,610592ff-dcbe-4f1d-8eb4-f593c5d7ac78,2,5.0,,,,12.06,13.36,11.13,13.37,7.43,9.74
2025-12-15T17:11:14.801963,Recipe_B,610592ff-dcbe-4f1d-8eb4-f593c5d7ac78,2,5.0,,,,6.67,8.13,7.38,9.38,9.8,11.47
2025-12-15T17:11:15.801963,Recipe_B,610592ff-dcbe-4f1d-8eb4-f593c5d7ac78,2,5.0,,,,7.56,6.68,7.94,9.42,4.27,6.94
2025-12-15T17:11:16.801963,Recipe_B,610592ff-dcbe-4f1d-8eb4-f593c5d7ac78,2,5.0,,,,6.28,6.5,12.32,7.27,12.55,7.66
2025-12-15T17:11:17.801963,Recipe_B,610592ff-dcbe-4f1d-8eb4-f593c5d7ac78,2,5.0,,,,11.57,8.69,9.65,6.61,8.54,10.74
2025-12-15T17:11:18.801963,Recipe_B,610592ff-dcbe-4f1d-8eb4-f593c5d7ac78,2,5.0,,,,10.01,13.41,10.81,8.5,8.68,10.3
2025-12-15T17:11:19.801963,Recipe_B,610592ff-dcbe-4f1d-8eb4-f593c5d7ac78,2,5.0,,,,9.92,8.38,9.36,9.96,10.29,7.87
2025-12-15T17:11:20.801963,Recipe_B,610592ff-dcbe-4f1d-8eb4-f593c5d7ac78,2,5.0,,,,11.71,9.75,7.49,11.35,11.67,6.39
2025-12-15T17:11:21.801963,Recipe_B,610592ff-dcbe-4f1d-8eb4-f593c5d7ac78,2,5.0,,,,9.89,13.77,12.0,9.38,9.38,12.37
2025-12-15T17:11:22.801963,Recipe_B,610592ff-dcbe-4f1d-8eb4-f593c5d7ac78,2,5.0,,,,11.29,9.33,7.95,11.7,9.45,9.99
2025-12-15T17:11:23.801963,Recipe_B,610592ff-dcbe-4f1d-8eb4-f593c5d7ac78,2,5.0,,,,11.89,7.09,9.84,11.06,6.23,9.69
2025-12-15T17:11:24.801963,Recipe_B,610592ff-dcbe-4f1d-8eb4-f593c5d7ac78,2,5.0,,,,8.38,13.48,6.92,12.5,13.36,9.85
2025-12-15T17:11:25.801963,Recipe_B,610592ff-dcbe-4f1d-8eb4-f593c5d7ac78,2,5.0,,,,12.07,14.34,12.54,10.3,9.79,6.98
2025-12-15T17:11:26.801963,Recipe_B,610592ff-dcbe-4f1d-8eb4-f593c5d7ac78,2,5.0,,,,12.24,10.55,7.77,10.71,13.18,14.19
2025-12-15T17:11:27.801963,Recipe_B,610592ff-dcbe-4f1d-8eb4-f593c5d7ac78,2,5.0,,,,11.08,8.49,9.46,10.05,12.83,11.04
2025-12-15T17:11:28.801963,Recipe_B,610592ff-dcbe-4f1d-8eb4-f593c5d7ac78,2,5.0,,,,9.5,14.3,8.74,7.37,9.42,13.25
2025-12-15T17:11:29.801963,Recipe_B,610592ff-dcbe-4f1d-8eb4-f593c5d7ac78,2,5.0,,,,9.57,11.06,8.27,5.74,12.03,9.84
2025-12-15T17:11:30.801963,Recipe_B,610592ff-dcbe-4f1d-8eb4-f593c5d7ac78,2,5.0,,,,9.6,9.79,8.13,8.89,8.45,10.29
2025-12-15T17:11:31.801963,Recipe_B,610592ff-dcbe-4f1d-8eb4-f593c5d7ac78,2,5.0,,,,8.81,13.89,10.73,8.79,7.62,9.47
2025-12-15T17:11:32.801963,Recipe_B,610592ff-dcbe-4f1d-8eb4-f593c5d7ac78,2,3.0,,,,12.45,8.68,5.53,10.8,10.93,10.44
2025-12-15T17:11:33.801963,Recipe_B,610592ff-dcbe-4f1d-8eb4-f593c5d7ac78,2,3.0,,,,11.49,10.29,9.57,11.18,12.69,9.99
2025-12-15T17:11:34.801963,Recipe_B,610592ff-dcbe-4f1d-8eb4-f593c5d7ac78,2,3.0,,,,8.81,10.56,11.02,10.44,10.49,13.0
2025-12-15T17:11:35.801963,Recipe_B,610592ff-dcbe-4f1d-8eb4-f593c5d7ac78,2,3.0,,,,9.98,8.26,10.75,10.57,11.35,8.39
2025-12-15T17:11:36.801963,Recipe_B,610592ff-dcbe-4f1d-8eb4-f593c5d7ac78,2,3.0,,,,8.89,12.73,6.76,12.86,9.61,10.2
2025-12-15T17:11:37.801963,Recipe_B,610592ff-dcbe-4f1d-8eb4-f593c5d7ac78,2,3.0,,,,8.72,11.69,10.92,12.26,6.19,7.96
2025-12-15T17:11:38.801963,Recipe_B,610592ff-dcbe-4f1d-8eb4-f593c5d7ac78,2,3.0,,,,8.51,13.34,11.99,11.75,12.08,7.33
2025-12-15T17:11:39.801963,Recipe_B,610592ff-dcbe-4f1d-8eb4-f593c5d7ac78,2,3.0,,,,16.29,10.46,11.56,7.84,6.78,8.81
2025-12-15T17:11:40.801963,Recipe_B,610592ff-dcbe-4f1d-8eb4-f593c5d7ac78,2,3.0,,,,5.58,9.96,11.39,9.15,7.94,8.15
2025-12-15T17:11:41.801963,Recipe_B,610592ff-dcbe-4f1d-8eb4-f593c5d7ac78,2,3.0,,,,9.38,9.86,10.41,11.09,11.01,10.5
2025-12-15T17:11:42.801963,Recipe_B,610592ff-dcbe-4f1d-8eb4-f593c5d7ac78,2,3.0,,,,12.79,12.03,12.98,6.67,10.02,10.91
2025-12-15T17:11:43.801963,Recipe_B,610592ff-dcbe-4f1d-8eb4-f593c5d7ac78,2,3.0,,,,8.51,11.03,7.24,12.49,10.63,9.57
2025-12-15T17:11:44.801963,Recipe_B,610592ff-dcbe-4f1d-8eb4-f593c5d7ac78,2,3.0,,,,8.95,7.39,8.35,9.39,11.42,8.98
2025-12-15T17:11:45.801963,Recipe_B,610592ff-dcbe-4f1d-8eb4-f593c5d7ac78,2,3.0,,,,9.0,13.39,9.52,11.16,6.88,11.27
2025-12-15T17:11:46.801963,Recipe_B,610592ff-dcbe-4f1d-8eb4-f593c5d7ac78,2,3.0,,,,9.8,11.81,9.38,10.78,8.65,11.8
2025-12-15T17:11:47.801963,Recipe_B,610592ff-dcbe-4f1d-8eb4-f593c5d7ac78,2,3.0,,,,10.52,7.9,11.73,9.71,11.69,9.96
2025-12-15T17:11:48.801963,Recipe_B,610592ff-dcbe-4f1d-8eb4-f593c5d7ac78,2,3.0,,,,7.88,9.33,8.65,9.1,8.62,11.65
2025-12-15T17:11:49.801963,Recipe_B,610592ff-dcbe-4f1d-8eb4-f593c5d7ac78,2,3.0,,,,9.95,13.67,7.46,8.87,11.35,10.31
2025-12-15T17:11:50.801963,Recipe_B,610592ff-dcbe-4f1d-8eb4-f593c5d7ac78,2,3.0,,,,11.67,10.6,13.25,11.86,8.11,7.07
2025-12-15T17:11:51.801963,Recipe_B,610592ff-dcbe-4f1d-8eb4-f593c5d7ac78,2,3.0,,,,9.04,10.68,12.74,9.49,12.49,13.02
2025-12-15T17:11:52.801963,Recipe_B,610592ff-dcbe-4f1d-8eb4-f593c5d7ac78,2,3.0,,,,8.32,10.62,8.52,10.76,9.11,9.29
2025-12-15T17:11:53.801963,Recipe_B,610592ff-dcbe-4f1d-8eb4-f593c5d7ac78,2,3.0,,,,10.5,11.22,10.17,10.91,6.91,10.22
2025-12-15T17:11:54.801963,Recipe_B,610592ff-dcbe-4f1d-8eb4-f593c5d7ac78,2,3.0,,,,9.09,9.61,6.51,9.33,9.27,11.9
2025-12-15T17:11:55.801963,Recipe_B,610592ff-dcbe-4f1d-8eb4-f593c5d7ac78,2,3.0,,,,8.68,8.4,9.19,12.18,7.98,13.01
2025-12-15T17:11:56.801963,Recipe_B,610592ff-dcbe-4f1d-8eb4-f593c5d7ac78,2,3.0,,,,12.83,9.64,9.04,10.76,7.35,8.46
2025-12-15T17:11:57.801963,Recipe_B,610592ff-dcbe-4f1d-8eb4-f593c5d7ac78,2,3.0,,,,9.1,9.02,12.16,8.59,10.59,10.36
2025-12-15T17:11:58.801963,Recipe_B,610592ff-dcbe-4f1d-8eb4-f593c5d7ac78,2,3.0,,,,6.47,8.14,11.53,10.28,11.97,11.67
2025-12-15T17:11:59.801963,Recipe_B,610592ff-dcbe-4f1d-8eb4-f593c5d7ac78,2,3.0,,,,9.08,8.6,12.6,7.7,7.64,9.26
2025-12-15T17:12:00.801963,Recipe_B,610592ff-dcbe-4f1d-8eb4-f593c5d7ac78,2,3.0,,,,8.65,10.51,11.27,10.73,10.36,9.0
2025-12-15T17:12:01.801963,Recipe_B,610592ff-dcbe-4f1d-8eb4-f593c5d7ac78,2,3.0,,,,11.74,8.75,13.43,11.0,8.71,12.23
2025-12-15T17:12:01.801963,Recipe_B,610592ff-dcbe-4f1d-8eb4-f593c5d7ac78,2,3.0,Error_4,Simulated Error occurred,Error,,,,,,
2025-12-15T17:12:02.801963,Recipe_B,610592ff-dcbe-4f1d-8eb4-f593c5d7ac78,2,4.0,,,,109.06,46.65,48.08,46.51,56.21,49.13
2025-12-15T17:12:03.801963,Recipe_B,610592ff-dcbe-4f1d-8eb4-f593c5d7ac78,2,4.0,,,,100.37,46.3,42.95,54.05,45.93,39.44
2025-12-15T17:12:04.801963,Recipe_B,610592ff-dcbe-4f1d-8eb4-f593c5d7ac78,2,4.0,,,,101.94,51.83,46.26,49.18,46.59,51.39
2025-12-15T17:12:05.801963,Recipe_B,610592ff-dcbe-4f1d-8eb4-f593c5d7ac78,2,4.0,,,,105.13,56.75,50.49,53.83,51.81,46.11
2025-12-15T17:12:06.801963,Recipe_B,610592ff-dcbe-4f1d-8eb4-f593c5d7ac78,2,4.0,,,,89.82,48.28,56.98,54.99,47.59,51.04
2025-12-15T17:12:07.801963,Recipe_B,610592ff-dcbe-4f1d-8eb4-f593c5d7ac78,2,4.0,,,,96.05,44.73,48.96,46.73,56.08,53.11
2025-12-15T17:12:08.801963,Recipe_B,610592ff-dcbe-4f1d-8eb4-f593c5d7ac78,2,4.0,,,,103.48,48.17,44.07,56.16,51.92,54.46
2025-12-15T17:12:09.801963,Recipe_B,610592ff-dcbe-4f1d-8eb4-f593c5d7ac78,2,4.0,,,,91.8,52.58,53.45,57.86,51.53,47.99
2025-12-15T17:12:10.801963,Recipe_B,610592ff-dcbe-4f1d-8eb4-f593c5d7ac78,2,4.0,,,,98.26,52.44,56.46,50.4,52.38,56.61
2025-12-15T17:12:11.801963,Recipe_B,610592ff-dcbe-4f1d-8eb4-f593c5d7ac78,2,4.0,,,,103.58,51.2,45.85,42.37,45.68,47.31
2025-12-15T17:12:12.801963,Recipe_B,610592ff-dcbe-4f1d-8eb4-f593c5d7ac78,2,4.0,,,,94.45,47.75,49.66,42.37,56.97,51.35
2025-12-15T17:12:13.801963,Recipe_B,610592ff-dcbe-4f1d-8eb4-f593c5d7ac78,2,4.0,,,,91.55,51.39,40.23,50.14,47.46,49.99
2025-12-15T17:12:14.801963,Recipe_B,610592ff-dcbe-4f1d-8eb4-f593c5d7ac78,2,4.0,,,,97.0,46.34,42.07,54.01,50.24,43.73
2025-12-15T17:12:15.801963,Recipe_B,610592ff-dcbe-4f1d-8eb4-f593c5d7ac78,2,4.0,,,,100.01,48.15,61.31,49.15,50.5,50.47
2025-12-15T17:12:16.801963,Recipe_B,610592ff-dcbe-4f1d-8eb4-f593c5d7ac78,2,4.0,,,,96.37,57.26,47.62,43.28,50.35,56.88
2025-12-15T17:12:17.801963,Recipe_B,610592ff-dcbe-4f1d-8eb4-f593c5d7ac78,2,4.0,,,,94.88,43.89,48.43,54.13,48.52,60.35
2025-12-15T17:12:18.801963,Recipe_B,610592ff-dcbe-4f1d-8eb4-f593c5d7ac78,2,4.0,,,,95.61,41.08,53.77,53.73,54.86,52.79
2025-12-15T17:12:19.801963,Recipe_B,610592ff-dcbe-4f1d-8eb4-f593c5d7ac78,2,4.0,,,,92.73,43.73,53.5,45.32,51.57,54.04
2025-12-15T17:12:20.801963,Recipe_B,610592ff-dcbe-4f1d-8eb4-f593c5d7ac78,2,4.0,,,,108.49,62.49,47.18,42.86,46.29,54.17
2025-12-15T17:12:21.801963,Recipe_B,610592ff-dcbe-4f1d-8eb4-f593c5d7ac78,2,4.0,,,,98.99,50.59,45.04,50.14,45.07,56.29
2025-12-15T17:12:22.801963,Recipe_B,610592ff-dcbe-4f1d-8eb4-f593c5d7ac78,2,4.0,,,,93.75,52.02,47.28,46.89,45.35,47.26
2025-12-15T17:12:23.801963,Recipe_B,610592ff-dcbe-4f1d-8eb4-f593c5d7ac78,2,4.0,,,,94.91,50.59,48.36,44.29,51.52,57.84
2025-12-15T17:12:24.801963,Recipe_B,610592ff-dcbe-4f1d-8eb4-f593c5d7ac78,2,4.0,,,,94.8,48.93,50.46,50.49,51.85,51.13
2025-12-15T17:12:25.801963,Recipe_B,610592ff-dcbe-4f1d-8eb4-f593c5d7ac78,2,4.0,,,,104.28,49.4,43.03,51.7,57.65,51.9
2025-12-15T17:12:26.801963,Recipe_B,610592ff-dcbe-4f1d-8eb4-f593c5d7ac78,2,4.0,,,,96.75,46.62,58.52,53.48,37.67,45.78
2025-12-15T17:12:27.801963,Recipe_B,610592ff-dcbe-4f1d-8eb4-f593c5d7ac78,2,4.0,,,,96.75,55.6,42.16,55.82,47.62,50.55
2025-12-15T17:12:28.801963,Recipe_B,610592ff-dcbe-4f1d-8eb4-f593c5d7ac78,2,4.0,,,,108.11,47.17,57.68,49.46,50.8,55.63
2025-12-15T17:12:29.801963,Recipe_B,610592ff-dcbe-4f1d-8eb4-f593c5d7ac78,2,4.0,,,,103.4,49.4,52.24,53.87,59.0,54.69
2025-12-15T17:12:30.801963,Recipe_B,610592ff-dcbe-4f1d-8eb4-f593c5d7ac78,2,4.0,,,,99.08,55.33,57.58,49.47,52.62,49.0
2025-12-15T17:12:31.801963,Recipe_B,610592ff-dcbe-4f1d-8eb4-f593c5d7ac78,2,4.0,,,,93.53,51.9,49.5,51.25,45.16,47.65
2025-12-15T17:12:32.801963,Recipe_B,610592ff-dcbe-4f1d-8eb4-f593c5d7ac78,2,4.0,,,,90.83,46.64,46.72,48.42,42.01,48.08
2025-12-15T17:12:33.801963,Recipe_B,610592ff-dcbe-4f1d-8eb4-f593c5d7ac78,2,4.0,,,,97.13,55.3,44.87,52.7,43.97,48.47
2025-12-15T17:12:34.801963,Recipe_B,610592ff-dcbe-4f1d-8eb4-f593c5d7ac78,2,4.0,,,,102.7,56.23,58.04,44.23,57.52,52.74
2025-12-15T17:12:35.801963,Recipe_B,610592ff-dcbe-4f1d-8eb4-f593c5d7ac78,2,4.0,,,,96.6,48.22,50.54,57.66,45.98,56.38
2025-12-15T17:12:36.801963,Recipe_B,610592ff-dcbe-4f1d-8eb4-f593c5d7ac78,2,4.0,,,,103.08,51.64,48.57,56.66,51.69,53.74
2025-12-15T17:12:37.801963,Recipe_B,610592ff-dcbe-4f1d-8eb4-f593c5d7ac78,2,4.0,,,,104.8,56.04,62.77,47.68,44.6,52.53
2025-12-15T17:12:38.801963,Recipe_B,610592ff-dcbe-4f1d-8eb4-f593c5d7ac78,2,4.0,,,,104.6,51.27,45.66,43.54,53.44,49.14
2025-12-15T17:12:39.801963,Recipe_B,610592ff-dcbe-4f1d-8eb4-f593c5d7ac78,2,4.0,,,,96.45,52.36,51.35,46.46,49.59,56.98
2025-12-15T17:12:40.801963,Recipe_B,610592ff-dcbe-4f1d-8eb4-f593c5d7ac78,2,4.0,,,,106.53,41.63,47.54,52.93,49.53,50.01
2025-12-15T17:12:41.801963,Recipe_B,610592ff-dcbe-4f1d-8eb4-f593c5d7ac78,2,4.0,,,,98.3,43.65,57.76,52.51,44.5,43.03
2025-12-15T17:12:42.801963,Recipe_B,610592ff-dcbe-4f1d-8eb4-f593c5d7ac78,2,4.0,,,,95.48,49.93,51.79,53.95,54.07,55.3
2025-12-15T17:12:43.801963,Recipe_B,610592ff-dcbe-4f1d-8eb4-f593c5d7ac78,2,4.0,,,,94.27,43.33,55.76,53.08,42.98,51.35
2025-12-15T17:12:44.801963,Recipe_B,610592ff-dcbe-4f1d-8eb4-f593c5d7ac78,2,4.0,,,,101.68,48.59,54.53,52.45,57.83,50.42
2025-12-15T17:12:45.801963,Recipe_B,610592ff-dcbe-4f1d-8eb4-f593c5d7ac78,2,4.0,,,,101.63,47.7,46.25,57.73,44.23,42.49
2025-12-15T17:12:46.801963,Recipe_B,610592ff-dcbe-4f1d-8eb4-f593c5d7ac78,2,4.0,,,,96.25,52.89,48.62,49.44,39.77,43.6
2025-12-15T17:12:47.801963,Recipe_B,610592ff-dcbe-4f1d-8eb4-f593c5d7ac78,2,4.0,,,,93.85,47.87,63.84,56.88,50.25,44.47
2025-12-15T17:12:48.801963,Recipe_B,610592ff-dcbe-4f1d-8eb4-f593c5d7ac78,2,4.0,,,,97.24,51.07,45.81,49.8,46.88,54.53
2025-12-15T17:12:49.801963,Recipe_B,610592ff-dcbe-4f1d-8eb4-f593c5d7ac78,2,3.0,,,,12.38,9.69,6.38,5.24,10.02,7.8
2025-12-15T17:12:50.801963,Recipe_B,610592ff-dcbe-4f1d-8eb4-f593c5d7ac78,2,3.0,,,,11.17,6.29,8.43,11.53,7.89,7.6
2025-12-15T17:12:51.801963,Recipe_B,610592ff-dcbe-4f1d-8eb4-f593c5d7ac78,2,3.0,,,,8.98,10.43,9.58,10.36,9.85,11.42
2025-12-15T17:12:52.801963,Recipe_B,610592ff-dcbe-4f1d-8eb4-f593c5d7ac78,2,3.0,,,,10.49,9.28,7.16,11.68,6.82,6.94
2025-12-15T17:12:53.801963,Recipe_B,610592ff-dcbe-4f1d-8eb4-f593c5d7ac78,2,3.0,,,,9.37,8.42,11.27,9.21,11.64,8.37
2025-12-15T17:12:54.801963,Recipe_B,610592ff-dcbe-4f1d-8eb4-f593c5d7ac78,2,3.0,,,,9.59,11.97,8.5,8.03,9.85,11.62
2025-12-15T17:12:55.801963,Recipe_B,610592ff-dcbe-4f1d-8eb4-f593c5d7ac78,2,3.0,,,,9.2,12.04,6.1,14.46,11.05,9.06
2025-12-15T17:12:56.801963,Recipe_B,610592ff-dcbe-4f1d-8eb4-f593c5d7ac78,2,3.0,,,,14.69,12.65,8.49,10.01,7.54,11.13
2025-12-15T17:12:57.801963,Recipe_B,610592ff-dcbe-4f1d-8eb4-f593c5d7ac78,2,3.0,,,,8.39,9.96,10.0,9.5,12.0,10.83
2025-12-15T17:12:58.801963,Recipe_B,610592ff-dcbe-4f1d-8eb4-f593c5d7ac78,2,3.0,,,,12.64,10.92,11.73,8.65,12.47,12.31
2025-12-15T17:12:59.801963,Recipe_B,610592ff-dcbe-4f1d-8eb4-f593c5d7ac78,2,3.0,,,,8.86,10.38,11.87,11.77,10.83,8.43
2025-12-15T17:13:00.801963,Recipe_B,610592ff-dcbe-4f1d-8eb4-f593c5d7ac78,2,3.0,,,,8.98,10.16,11.93,10.79,8.75,9.19
2025-12-15T17:13:01.801963,Recipe_B,610592ff-dcbe-4f1d-8eb4-f593c5d7ac78,2,3.0,,,,9.83,9.17,8.73,9.36,5.84,10.8
2025-12-15T17:13:02.801963,Recipe_B,610592ff-dcbe-4f1d-8eb4-f593c5d7ac78,2,3.0,,,,12.14,8.6,10.15,10.65,5.59,7.92
2025-12-15T17:13:02.801963,Recipe_B,610592ff-dcbe-4f1d-8eb4-f593c5d7ac78,2,3.0,Error_1,Simulated Error occurred,Error,,,,,,
2025-12-15T17:13:03.801963,Recipe_B,610592ff-dcbe-4f1d-8eb4-f593c5d7ac78,2,3.0,,,,12.27,8.02,11.41,8.02,9.51,7.06
2025-12-15T17:13:04.801963,Recipe_B,610592ff-dcbe-4f1d-8eb4-f593c5d7ac78,2,3.0,,,,9.11,8.82,10.41,11.9,11.66,11.92
2025-12-15T17:13:05.801963,Recipe_B,610592ff-dcbe-4f1d-8eb4-f593c5d7ac78,2,3.0,,,,10.97,13.09,13.34,12.51,13.53,9.63
2025-12-15T17:13:06.801963,Recipe_B,610592ff-dcbe-4f1d-8eb4-f593c5d7ac78,2,3.0,,,,11.34,9.43,8.56,10.37,10.11,8.4
2025-12-15T17:13:07.801963,Recipe_B,610592ff-dcbe-4f1d-8eb4-f593c5d7ac78,2,3.0,,,,9.9,10.37,8.76,12.0,5.78,5.43
2025-12-15T17:13:08.801963,Recipe_B,610592ff-dcbe-4f1d-8eb4-f593c5d7ac78,2,3.0,,,,8.1,10.81,10.48,7.11,8.34,11.55
2025-12-15T17:13:09.801963,Recipe_B,610592ff-dcbe-4f1d-8eb4-f593c5d7ac78,2,3.0,,,,10.28,9.46,7.9,6.9,7.66,8.75
2025-12-15T17:13:10.801963,Recipe_B,610592ff-dcbe-4f1d-8eb4-f593c5d7ac78,2,3.0,,,,11.07,8.13,11.33,11.88,6.78,6.16
2025-12-15T17:13:11.801963,Recipe_B,610592ff-dcbe-4f1d-8eb4-f593c5d7ac78,2,3.0,,,,10.43,7.75,9.59,10.7,6.18,11.07
2025-12-15T17:13:12.801963,Recipe_B,610592ff-dcbe-4f1d-8eb4-f593c5d7ac78,2,4.0,,,,101.47,52.4,51.53,53.32,46.97,48.68
2025-12-15T17:13:13.801963,Recipe_B,610592ff-dcbe-4f1d-8eb4-f593c5d7ac78,2,4.0,,,,103.93,44.22,52.69,60.19,39.07,48.62
2025-12-15T17:13:14.801963,Recipe_B,610592ff-dcbe-4f1d-8eb4-f593c5d7ac78,2,4.0,,,,98.84,49.0,49.81,57.92,53.32,52.11
2025-12-15T17:13:15.801963,Recipe_B,610592ff-dcbe-4f1d-8eb4-f593c5d7ac78,2,4.0,,,,102.45,52.07,51.92,46.76,41.18,50.35
2025-12-15T17:13:16.801963,Recipe_B,610592ff-dcbe-4f1d-8eb4-f593c5d7ac78,2,4.0,,,,100.5,51.92,50.55,53.87,51.96,43.62
2025-12-15T17:13:17.801963,Recipe_B,610592ff-dcbe-4f1d-8eb4-f593c5d7ac78,2,4.0,,,,106.7,50.59,50.37,48.42,41.25,59.76
2025-12-15T17:13:18.801963,Recipe_B,610592ff-dcbe-4f1d-8eb4-f593c5d7ac78,2,4.0,,,,103.58,47.82,46.18,48.36,49.87,55.96
2025-12-15T17:13:19.801963,Recipe_B,610592ff-dcbe-4f1d-8eb4-f593c5d7ac78,2,4.0,,,,104.99,40.03,45.21,52.14,47.49,42.52
2025-12-15T17:13:20.801963,Recipe_B,610592ff-dcbe-4f1d-8eb4-f593c5d7ac78,2,4.0,,,,94.44,47.09,53.48,49.13,50.2,48.32
2025-12-15T17:13:21.801963,Recipe_B,610592ff-dcbe-4f1d-8eb4-f593c5d7ac78,2,4.0,,,,102.75,52.54,48.25,47.04,47.43,48.76
2025-12-15T17:13:22.801963,Recipe_B,610592ff-dcbe-4f1d-8eb4-f593c5d7ac78,2,4.0,,,,94.31,47.9,46.4,46.1,55.34,53.18
2025-12-15T17:13:23.801963,Recipe_B,610592ff-dcbe-4f1d-8eb4-f593c5d7ac78,2,4.0,,,,95.09,63.58,51.71,45.79,37.13,42.68
2025-12-15T17:13:24.801963,Recipe_B,610592ff-dcbe-4f1d-8eb4-f593c5d7ac78,2,4.0,,,,104.22,51.57,49.93,42.82,49.45,58.05
2025-12-15T17:13:25.801963,Recipe_B,610592ff-dcbe-4f1d-8eb4-f593c5d7ac78,2,4.0,,,,99.81,51.74,47.31,51.26,55.3,57.46
2025-12-15T17:13:26.801963,Recipe_B,610592ff-dcbe-4f1d-8eb4-f593c5d7ac78,2,4.0,,,,96.41,56.33,43.78,49.44,45.68,49.67
2025-12-15T17:13:27.801963,Recipe_B,610592ff-dcbe-4f1d-8eb4-f593c5d7ac78,2,4.0,,,,104.94,53.63,43.41,51.76,52.82,43.46
2025-12-15T17:13:28.801963,Recipe_B,610592ff-dcbe-4f1d-8eb4-f593c5d7ac78,2,4.0,,,,103.8,46.83,55.29,42.76,38.48,51.66
2025-12-15T17:13:29.801963,Recipe_B,610592ff-dcbe-4f1d-8eb4-f593c5d7ac78,2,4.0,,,,90.03,43.73,47.26,51.32,51.81,43.25
2025-12-15T17:13:30.801963,Recipe_B,610592ff-dcbe-4f1d-8eb4-f593c5d7ac78,2,4.0,,,,98.68,51.4,52.08,52.99,43.79,47.56
2025-12-15T17:13:31.801963,Recipe_B,610592ff-dcbe-4f1d-8eb4-f593c5d7ac78,2,4.0,,,,105.17,51.42,58.01,45.7,47.49,57.38
2025-12-15T17:13:32.801963,Recipe_B,610592ff-dcbe-4f1d-8eb4-f593c5d7ac78,2,4.0,,,,104.1,52.82,52.64,52.86,54.62,46.09
2025-12-15T17:13:33.801963,Recipe_B,610592ff-dcbe-4f1d-8eb4-f593c5d7ac78,2,4.0,,,,104.21,54.95,57.67,44.55,48.27,54.32
2025-12-15T17:13:34.801963,Recipe_B,610592ff-dcbe-4f1d-8eb4-f593c5d7ac78,2,4.0,,,,99.99,44.97,49.16,49.15,57.76,50.8
2025-12-15T17:13:35.801963,Recipe_B,610592ff-dcbe-4f1d-8eb4-f593c5d7ac78,2,4.0,,,,98.45,48.5,56.79,48.85,47.09,50.1
2025-12-15T17:13:36.801963,Recipe_B,610592ff-dcbe-4f1d-8eb4-f593c5d7ac78,2,4.0,,,,97.37,37.36,52.57,53.85,53.1,48.42
2025-12-15T17:13:37.801963,Recipe_B,610592ff-dcbe-4f1d-8eb4-f593c5d7ac78,2,4.0,,,,100.56,50.37,55.61,46.71,49.32,48.29
2025-12-15T17:13:38.801963,Recipe_B,610592ff-dcbe-4f1d-8eb4-f593c5d7ac78,2,4.0,,,,99.8,48.77,46.66,55.89,44.62,52.13
2025-12-15T17:13:39.801963,Recipe_B,610592ff-dcbe-4f1d-8eb4-f593c5d7ac78,2,4.0,,,,95.86,55.26,44.14,52.06,54.91,48.22
2025-12-15T17:13:40.801963,Recipe_B,610592ff-dcbe-4f1d-8eb4-f593c5d7ac78,2,4.0,,,,96.09,46.66,53.87,43.26,52.56,53.67
2025-12-15T17:13:41.801963,Recipe_B,610592ff-dcbe-4f1d-8eb4-f593c5d7ac78,2,4.0,,,,99.56,49.44,47.29,42.27,49.2,35.13
2025-12-15T17:13:42.801963,Recipe_B,610592ff-dcbe-4f1d-8eb4-f593c5d7ac78,2,4.0,,,,93.5,58.09,54.13,55.94,47.28,43.37
2025-12-15T17:13:43.801963,Recipe_B,610592ff-dcbe-4f1d-8eb4-f593c5d7ac78,2,4.0,,,,90.01,47.34,45.02,46.92,46.4,50.19
2025-12-15T17:13:44.801963,Recipe_B,610592ff-dcbe-4f1d-8eb4-f593c5d7ac78,2,4.0,,,,90.36,50.39,45.43,49.68,46.31,41.49
2025-12-15T17:13:45.801963,Recipe_B,610592ff-dcbe-4f1d-8eb4-f593c5d7ac78,2,4.0,,,,100.37,58.32,40.03,48.32,54.15,62.3
2025-12-15T17:13:46.801963,Recipe_B,610592ff-dcbe-4f1d-8eb4-f593c5d7ac78,2,4.0,,,,106.77,48.68,47.19,42.69,56.35,48.76
2025-12-15T17:13:47.801963,Recipe_B,610592ff-dcbe-4f1d-8eb4-f593c5d7ac78,2,4.0,,,,97.03,55.2,53.38,53.97,46.86,57.7
2025-12-15T17:13:48.801963,Recipe_B,610592ff-dcbe-4f1d-8eb4-f593c5d7ac78,2,4.0,,,,104.65,54.4,46.32,52.39,38.58,54.17
2025-12-15T17:13:49.801963,Recipe_B,610592ff-dcbe-4f1d-8eb4-f593c5d7ac78,2,4.0,,,,100.88,42.81,47.56,65.39,54.16,52.95
2025-12-15T17:13:50.801963,Recipe_B,610592ff-dcbe-4f1d-8eb4-f593c5d7ac78,2,4.0,,,,105.46,55.53,53.52,64.01,48.63,53.89
2025-12-15T17:13:51.801963,Recipe_B,610592ff-dcbe-4f1d-8eb4-f593c5d7ac78,2,4.0,,,,95.29,47.46,53.5,52.95,46.62,54.42
2025-12-15T17:13:52.801963,Recipe_B,610592ff-dcbe-4f1d-8eb4-f593c5d7ac78,2,4.0,,,,102.7,48.45,42.68,44.3,44.89,53.66
2025-12-15T17:13:53.801963,Recipe_B,610592ff-dcbe-4f1d-8eb4-f593c5d7ac78,2,4.0,,,,105.54,50.79,46.14,55.18,36.26,47.86
2025-12-15T17:13:54.801963,Recipe_B,610592ff-dcbe-4f1d-8eb4-f593c5d7ac78,2,4.0,,,,99.79,45.7,45.29,48.94,39.68,44.77
2025-12-15T17:13:55.801963,Recipe_B,610592ff-dcbe-4f1d-8eb4-f593c5d7ac78,2,4.0,,,,102.76,49.91,48.88,47.65,51.37,56.35
2025-12-15T17:13:56.801963,Recipe_B,610592ff-dcbe-4f1d-8eb4-f593c5d7ac78,2,4.0,,,,104.54,45.36,56.87,48.92,46.78,53.29
2025-12-15T17:13:57.801963,Recipe_B,610592ff-dcbe-4f1d-8eb4-f593c5d7ac78,2,4.0,,,,97.21,41.22,59.06,54.09,53.76,47.01
2025-12-15T17:13:58.801963,Recipe_B,610592ff-dcbe-4f1d-8eb4-f593c5d7ac78,2,4.0,,,,96.76,47.89,41.63,45.37,60.05,53.66
2025-12-15T17:13:59.801963,Recipe_B,610592ff-dcbe-4f1d-8eb4-f593c5d7ac78,2,4.0,,,,99.17,41.25,56.94,57.54,46.26,38.71
2025-12-15T17:14:00.801963,Recipe_B,610592ff-dcbe-4f1d-8eb4-f593c5d7ac78,2,4.0,,,,102.5,43.41,51.39,47.94,46.02,46.31
2025-12-15T17:14:01.801963,Recipe_B,610592ff-dcbe-4f1d-8eb4-f593c5d7ac78,2,1.0,,,,13.25,9.16,8.51,8.31,10.16,9.04
2025-12-15T17:14:02.801963,Recipe_B,610592ff-dcbe-4f1d-8eb4-f593c5d7ac78,2,1.0,,,,10.7,8.69,8.39,10.56,11.53,8.03
2025-12-15T17:14:03.801963,Recipe_B,610592ff-dcbe-4f1d-8eb4-f593c5d7ac78,2,3.0,,,,10.07,11.03,11.19,9.9,7.49,12.55
2025-12-15T17:14:04.801963,Recipe_B,610592ff-dcbe-4f1d-8eb4-f593c5d7ac78,2,3.0,,,,11.87,7.75,13.69,6.22,9.1,8.8
2025-12-15T17:14:05.801963,Recipe_B,610592ff-dcbe-4f1d-8eb4-f593c5d7ac78,2,3.0,,,,8.52,9.73,6.94,11.49,10.18,8.74
2025-12-15T17:14:06.801963,Recipe_B,610592ff-dcbe-4f1d-8eb4-f593c5d7ac78,2,3.0,,,,14.74,7.09,12.63,12.56,9.32,12.99
2025-12-15T17:14:07.801963,Recipe_B,610592ff-dcbe-4f1d-8eb4-f593c5d7ac78,2,3.0,,,,11.46,14.06,11.85,11.1,7.8,11.92
2025-12-15T17:14:08.801963,Recipe_B,610592ff-dcbe-4f1d-8eb4-f593c5d7ac78,2,3.0,,,,9.4,11.4,9.18,9.43,9.91,9.45
2025-12-15T17:14:09.801963,Recipe_B,610592ff-dcbe-4f1d-8eb4-f593c5d7ac78,2,3.0,,,,10.07,8.65,9.73,10.33,11.6,11.68
2025-12-15T17:14:10.801963,Recipe_B,610592ff-dcbe-4f1d-8eb4-f593c5d7ac78,2,3.0,,,,12.08,10.12,11.05,13.84,8.06,11.79
2025-12-15T17:14:11.801963,Recipe_B,610592ff-dcbe-4f1d-8eb4-f593c5d7ac78,2,3.0,,,,11.07,9.49,7.81,10.85,11.19,9.91
2025-12-15T17:14:12.801963,Recipe_B,610592ff-dcbe-4f1d-8eb4-f593c5d7ac78,2,3.0,,,,6.08,9.46,11.38,9.14,6.5,10.5
2025-12-15T17:14:13.801963,Recipe_B,610592ff-dcbe-4f1d-8eb4-f593c5d7ac78,2,3.0,,,,10.06,10.57,11.39,11.27,11.78,11.6
2025-12-15T17:14:14.801963,Recipe_B,610592ff-dcbe-4f1d-8eb4-f593c5d7ac78,2,3.0,,,,8.93,10.98,10.36,11.69,9.35,8.92
2025-12-15T17:14:15.801963,Recipe_B,610592ff-dcbe-4f1d-8eb4-f593c5d7ac78,2,3.0,,,,11.24,11.03,10.22,8.19,12.12,7.9
2025-12-15T17:14:16.801963,Recipe_B,610592ff-dcbe-4f1d-8eb4-f593c5d7ac78,2,3.0,,,,8.79,8.66,8.05,6.81,9.42,12.06
2025-12-15T17:14:17.801963,Recipe_B,610592ff-dcbe-4f1d-8eb4-f593c5d7ac78,2,3.0,,,,9.51,9.24,7.92,9.61,11.23,6.67
2025-12-15T17:14:18.801963,Recipe_B,610592ff-dcbe-4f1d-8eb4-f593c5d7ac78,2,3.0,,,,7.74,11.7,6.98,8.98,9.85,9.93
2025-12-15T17:14:19.801963,Recipe_B,610592ff-dcbe-4f1d-8eb4-f593c5d7ac78,2,3.0,,,,12.6,7.64,12.15,12.37,10.16,11.6
2025-12-15T17:14:20.801963,Recipe_B,610592ff-dcbe-4f1d-8eb4-f593c5d7ac78,2,3.0,,,,9.04,13.44,9.78,7.17,9.71,8.88
2025-12-15T17:14:21.801963,Recipe_B,610592ff-dcbe-4f1d-8eb4-f593c5d7ac78,2,3.0,,,,8.13,10.25,11.12,7.28,10.54,10.53
2025-12-15T17:14:22.801963,Recipe_B,610592ff-dcbe-4f1d-8eb4-f593c5d7ac78,2,3.0,,,,9.77,7.4,8.29,10.3,10.9,7.07
2025-12-15T17:14:23.801963,Recipe_B,610592ff-dcbe-4f1d-8eb4-f593c5d7ac78,2,3.0,,,,6.49,9.06,10.64,12.34,9.98,8.9
2025-12-15T17:14:24.801963,Recipe_B,610592ff-dcbe-4f1d-8eb4-f593c5d7ac78,2,3.0,,,,12.68,11.69,8.45,9.86,12.52,10.69
2025-12-15T17:14:25.801963,Recipe_B,610592ff-dcbe-4f1d-8eb4-f593c5d7ac78,2,3.0,,,,10.03,9.62,13.36,11.72,10.29,8.0
2025-12-15T17:14:25.801963,Recipe_B,610592ff-dcbe-4f1d-8eb4-f593c5d7ac78,2,3.0,Warning_7,Simulated Warning occurred,Warning,,,,,,
2025-12-15T17:14:26.801963,Recipe_B,610592ff-dcbe-4f1d-8eb4-f593c5d7ac78,2,3.0,,,,11.61,6.42,7.74,13.82,5.27,8.56
2025-12-15T17:14:27.801963,Recipe_B,610592ff-dcbe-4f1d-8eb4-f593c5d7ac78,2,3.0,,,,7.83,6.1,9.88,12.94,9.26,11.12
2025-12-15T17:14:28.801963,Recipe_B,610592ff-dcbe-4f1d-8eb4-f593c5d7ac78,2,3.0,,,,10.37,10.75,9.23,11.72,10.67,9.58
2025-12-15T17:14:29.801963,Recipe_B,610592ff-dcbe-4f1d-8eb4-f593c5d7ac78,2,3.0,,,,11.25,10.96,13.52,8.87,8.76,7.14
2025-12-15T17:14:30.801963,Recipe_B,610592ff-dcbe-4f1d-8eb4-f593c5d7ac78,2,5.0,,,,9.48,7.25,9.35,10.81,10.41,10.34
2025-12-15T17:14:31.801963,Recipe_B,610592ff-dcbe-4f1d-8eb4-f593c5d7ac78,2,5.0,,,,5.8,12.34,6.17,11.79,7.41,10.23
2025-12-15T17:14:32.801963,Recipe_B,610592ff-dcbe-4f1d-8eb4-f593c5d7ac78,2,5.0,,,,9.46,8.23,10.15,8.47,10.99,9.49
2025-12-15T17:14:33.801963,Recipe_B,610592ff-dcbe-4f1d-8eb4-f593c5d7ac78,2,5.0,,,,14.38,12.31,12.58,12.17,8.93,10.66
2025-12-15T17:14:34.801963,Recipe_B,610592ff-dcbe-4f1d-8eb4-f593c5d7ac78,2,5.0,,,,8.62,10.04,10.0,10.46,7.39,8.76
2025-12-15T17:14:35.801963,Recipe_B,610592ff-dcbe-4f1d-8eb4-f593c5d7ac78,2,5.0,,,,11.02,8.49,10.94,10.85,9.78,5.85
2025-12-15T17:14:36.801963,Recipe_B,610592ff-dcbe-4f1d-8eb4-f593c5d7ac78,2,5.0,,,,9.01,9.76,11.62,8.69,10.0,9.59
2025-12-15T17:14:37.801963,Recipe_B,610592ff-dcbe-4f1d-8eb4-f593c5d7ac78,2,5.0,,,,10.64,10.71,8.42,9.68,11.25,10.06
2025-12-15T17:14:38.801963,Recipe_B,610592ff-dcbe-4f1d-8eb4-f593c5d7ac78,2,5.0,,,,8.27,11.34,11.72,10.12,8.5,10.47
2025-12-15T17:14:39.801963,Recipe_B,610592ff-dcbe-4f1d-8eb4-f593c5d7ac78,2,5.0,,,,9.65,9.88,10.99,10.94,12.71,9.03
2025-12-15T17:14:40.801963,Recipe_B,610592ff-dcbe-4f1d-8eb4-f593c5d7ac78,2,5.0,,,,12.15,15.82,7.83,10.13,10.65,10.72
2025-12-15T17:14:41.801963,Recipe_B,610592ff-dcbe-4f1d-8eb4-f593c5d7ac78,2,5.0,,,,11.35,9.48,10.64,12.98,9.64,6.83
2025-12-15T17:14:42.801963,Recipe_B,610592ff-dcbe-4f1d-8eb4-f593c5d7ac78,2,5.0,,,,11.54,10.37,8.61,9.34,13.63,10.6
2025-12-15T17:14:43.801963,Recipe_B,610592ff-dcbe-4f1d-8eb4-f593c5d7ac78,2,5.0,,,,8.32,8.09,11.07,8.86,11.23,11.56
2025-12-15T17:14:43.801963,Recipe_B,610592ff-dcbe-4f1d-8eb4-f593c5d7ac78,2,5.0,Error_1,Simulated Error occurred,Error,,,,,,
2025-12-15T17:14:44.801963,Recipe_B,610592ff-dcbe-4f1d-8eb4-f593c5d7ac78,2,5.0,,,,13.46,10.62,11.54,9.49,10.52,7.14
2025-12-15T17:14:45.801963,Recipe_B,610592ff-dcbe-4f1d-8eb4-f593c5d7ac78,2,5.0,,,,7.79,10.86,10.54,8.9,9.0,9.92
2025-12-15T17:14:46.801963,Recipe_B,610592ff-dcbe-4f1d-8eb4-f593c5d7ac78,2,5.0,,,,8.42,6.93,8.39,11.52,10.86,8.81
2025-12-15T17:14:47.801963,Recipe_B,610592ff-dcbe-4f1d-8eb4-f593c5d7ac78,2,5.0,,,,10.53,10.38,12.12,10.99,13.43,9.01
2025-12-15T17:14:48.801963,Recipe_B,610592ff-dcbe-4f1d-8eb4-f593c5d7ac78,2,5.0,,,,8.92,10.33,6.25,12.6,9.95,7.82
2025-12-15T17:14:49.801963,Recipe_B,610592ff-dcbe-4f1d-8eb4-f593c5d7ac78,2,5.0,,,,11.02,9.7,9.6,8.76,12.93,9.79
2025-12-15T17:14:50.801963,Recipe_B,610592ff-dcbe-4f1d-8eb4-f593c5d7ac78,2,5.0,,,,8.49,10.13,7.36,11.79,7.24,8.43
2025-12-15T17:14:51.801963,Recipe_B,610592ff-dcbe-4f1d-8eb4-f593c5d7ac78,2,5.0,,,,11.56,8.92,12.51,7.82,8.55,11.85
2025-12-15T17:14:52.801963,Recipe_B,610592ff-dcbe-4f1d-8eb4-f593c5d7ac78,2,5.0,,,,9.68,10.63,8.84,7.96,9.75,11.04
2025-12-15T17:14:53.801963,Recipe_B,610592ff-dcbe-4f1d-8eb4-f593c5d7ac78,2,5.0,,,,10.95,14.09,6.64,9.36,6.78,10.16
2025-12-15T17:14:54.801963,Recipe_B,610592ff-dcbe-4f1d-8eb4-f593c5d7ac78,2,5.0,,,,9.11,10.72,8.73,7.39,10.09,11.17
2025-12-15T17:14:55.801963,Recipe_B,610592ff-dcbe-4f1d-8eb4-f593c5d7ac78,2,5.0,,,,8.61,10.5,8.69,7.57,10.73,12.68
2025-12-15T17:14:56.801963,Recipe_B,610592ff-dcbe-4f1d-8eb4-f593c5d7ac78,2,5.0,,,,9.65,10.15,11.42,13.57,8.36,8.24
2025-12-15T17:14:57.801963,Recipe_B,610592ff-dcbe-4f1d-8eb4-f593c5d7ac78,2,5.0,,,,9.19,13.98,9.89,12.88,11.45,9.23
2025-12-15T17:14:58.801963,Recipe_B,610592ff-dcbe-4f1d-8eb4-f593c5d7ac78,2,5.0,,,,9.38,10.83,10.38,9.83,8.83,11.48
2025-12-15T17:14:59.801963,Recipe_B,610592ff-dcbe-4f1d-8eb4-f593c5d7ac78,2,5.0,,,,12.4,10.85,11.22,9.34,11.45,8.31
2025-12-15T17:15:00.801963,Recipe_B,610592ff-dcbe-4f1d-8eb4-f593c5d7ac78,2,5.0,,,,11.39,9.14,10.53,10.41,11.0,10.0
2025-12-15T17:15:01.801963,Recipe_B,610592ff-dcbe-4f1d-8eb4-f593c5d7ac78,2,5.0,,,,8.52,9.47,9.66,10.69,10.44,10.09
2025-12-15T17:15:02.801963,Recipe_B,610592ff-dcbe-4f1d-8eb4-f593c5d7ac78,2,5.0,,,,7.6,11.97,10.12,9.28,6.94,10.05
2025-12-15T17:15:03.801963,Recipe_B,610592ff-dcbe-4f1d-8eb4-f593c5d7ac78,2,5.0,,,,13.61,6.04,10.94,9.09,6.62,10.08
2025-12-15T17:15:04.801963,Recipe_B,610592ff-dcbe-4f1d-8eb4-f593c5d7ac78,2,5.0,,,,10.45,12.71,11.35,9.41,7.51,13.3
2025-12-15T17:15:05.801963,Recipe_B,610592ff-dcbe-4f1d-8eb4-f593c5d7ac78,2,5.0,,,,9.5,14.21,11.32,13.03,11.81,7.02
2025-12-15T17:15:06.801963,Recipe_B,610592ff-dcbe-4f1d-8eb4-f593c5d7ac78,2,0.0,,,,0.0,0.0,0.0,0.0,0.0,0.0
2025-12-15T17:15:07.801963,Recipe_B,610592ff-dcbe-4f1d-8eb4-f593c5d7ac78,2,0.0,,,,0.0,0.0,0.0,0.0,0.0,0.0
2025-12-15T17:15:08.801963,Recipe_B,610592ff-dcbe-4f1d-8eb4-f593c5d7ac78,2,0.0,,,,0.0,0.0,0.0,0.0,0.0,0.0
2025-12-15T17:15:09.801963,Recipe_B,610592ff-dcbe-4f1d-8eb4-f593c5d7ac78,2,0.0,,,,0.0,0.0,0.0,0.0,0.0,0.0
2025-12-15T17:15:10.801963,Recipe_B,610592ff-dcbe-4f1d-8eb4-f593c5d7ac78,2,0.0,,,,0.0,0.0,0.0,0.0,0.0,0.0
2025-12-15T17:15:11.801963,Recipe_B,610592ff-dcbe-4f1d-8eb4-f593c5d7ac78,2,0.0,,,,0.0,0.0,0.0,0.0,0.0,0.0
2025-12-15T17:15:12.801963,Recipe_B,610592ff-dcbe-4f1d-8eb4-f593c5d7ac78,2,0.0,,,,0.0,0.0,0.0,0.0,0.0,0.0
2025-12-15T17:15:13.801963,Recipe_B,610592ff-dcbe-4f1d-8eb4-f593c5d7ac78,2,0.0,,,,0.0,0.0,0.0,0.0,0.0,0.0
2025-12-15T17:15:14.801963,Recipe_B,610592ff-dcbe-4f1d-8eb4-f593c5d7ac78,2,0.0,,,,0.0,0.0,0.0,0.0,0.0,0.0
2025-12-15T17:15:14.801963,Recipe_B,610592ff-dcbe-4f1d-8eb4-f593c5d7ac78,2,0.0,Error_3,Simulated Error occurred,Error,,,,,,
2025-12-15T17:15:15.801963,Recipe_B,610592ff-dcbe-4f1d-8eb4-f593c5d7ac78,2,0.0,,,,0.0,0.0,0.0,0.0,0.0,0.0
2025-12-15T17:15:16.801963,Recipe_B,610592ff-dcbe-4f1d-8eb4-f593c5d7ac78,2,0.0,,,,0.0,0.0,0.0,0.0,0.0,0.0
2025-12-15T17:15:17.801963,Recipe_B,610592ff-dcbe-4f1d-8eb4-f593c5d7ac78,2,0.0,,,,0.0,0.0,0.0,0.0,0.0,0.0
2025-12-15T17:15:18.801963,Recipe_B,610592ff-dcbe-4f1d-8eb4-f593c5d7ac78,2,0.0,,,,0.0,0.0,0.0,0.0,0.0,0.0
2025-12-15T17:15:19.801963,Recipe_B,610592ff-dcbe-4f1d-8eb4-f593c5d7ac78,2,0.0,,,,0.0,0.0,0.0,0.0,0.0,0.0
2025-12-15T17:15:20.801963,Recipe_B,610592ff-dcbe-4f1d-8eb4-f593c5d7ac78,2,0.0,,,,0.0,0.0,0.0,0.0,0.0,0.0
2025-12-15T17:15:21.801963,Recipe_B,610592ff-dcbe-4f1d-8eb4-f593c5d7ac78,2,5.0,,,,7.66,8.37,11.66,9.44,7.81,10.35
2025-12-15T17:15:22.801963,Recipe_B,610592ff-dcbe-4f1d-8eb4-f593c5d7ac78,2,5.0,,,,11.04,12.15,11.91,9.84,7.86,7.99
2025-12-15T17:15:23.801963,Recipe_B,610592ff-dcbe-4f1d-8eb4-f593c5d7ac78,2,5.0,,,,11.19,10.83,10.65,11.88,16.4,13.02
2025-12-15T17:15:24.801963,Recipe_B,610592ff-dcbe-4f1d-8eb4-f593c5d7ac78,2,5.0,,,,10.16,6.29,8.38,12.3,11.41,8.23
2025-12-15T17:15:25.801963,Recipe_B,610592ff-dcbe-4f1d-8eb4-f593c5d7ac78,2,5.0,,,,10.67,11.03,10.37,7.64,12.97,10.61
2025-12-15T17:15:26.801963,Recipe_B,610592ff-dcbe-4f1d-8eb4-f593c5d7ac78,2,5.0,,,,8.97,10.91,6.89,11.66,11.69,11.75
2025-12-15T17:15:27.801963,Recipe_B,610592ff-dcbe-4f1d-8eb4-f593c5d7ac78,2,5.0,,,,10.04,10.25,9.5,11.3,9.52,6.09
2025-12-15T17:15:28.801963,Recipe_B,610592ff-dcbe-4f1d-8eb4-f593c5d7ac78,2,5.0,,,,8.88,9.05,12.1,10.6,7.59,12.57
2025-12-15T17:15:29.801963,Recipe_B,610592ff-dcbe-4f1d-8eb4-f593c5d7ac78,2,5.0,,,,10.81,8.54,11.73,11.62,13.21,8.76
2025-12-15T17:15:30.801963,Recipe_B,610592ff-dcbe-4f1d-8eb4-f593c5d7ac78,2,5.0,,,,10.03,13.66,8.54,7.39,9.9,8.58
2025-12-15T17:15:31.801963,Recipe_B,610592ff-dcbe-4f1d-8eb4-f593c5d7ac78,2,5.0,,,,8.16,12.11,13.34,10.26,12.78,8.49
2025-12-15T17:15:32.801963,Recipe_B,610592ff-dcbe-4f1d-8eb4-f593c5d7ac78,2,5.0,,,,5.63,8.69,11.31,10.76,5.58,9.48
2025-12-15T17:15:33.801963,Recipe_B,610592ff-dcbe-4f1d-8eb4-f593c5d7ac78,2,5.0,,,,9.11,9.93,9.29,10.08,10.48,5.67
2025-12-15T17:15:34.801963,Recipe_B,610592ff-dcbe-4f1d-8eb4-f593c5d7ac78,2,5.0,,,,9.56,11.96,10.92,9.76,9.78,11.33
2025-12-15T17:15:35.801963,Recipe_B,610592ff-dcbe-4f1d-8eb4-f593c5d7ac78,2,5.0,,,,12.99,9.74,10.08,12.75,5.11,13.51
2025-12-15T17:15:36.801963,Recipe_B,610592ff-dcbe-4f1d-8eb4-f593c5d7ac78,2,5.0,,,,10.06,10.58,7.24,8.83,10.74,8.31
2025-12-15T17:15:37.801963,Recipe_B,610592ff-dcbe-4f1d-8eb4-f593c5d7ac78,2,5.0,,,,9.29,12.9,11.67,7.79,7.23,11.28
2025-12-15T17:15:38.801963,Recipe_B,610592ff-dcbe-4f1d-8eb4-f593c5d7ac78,2,5.0,,,,10.94,7.47,13.48,10.7,13.99,11.98
2025-12-15T17:15:39.801963,Recipe_B,610592ff-dcbe-4f1d-8eb4-f593c5d7ac78,2,5.0,,,,11.98,9.82,10.49,12.89,11.78,12.54
2025-12-15T17:15:40.801963,Recipe_B,610592ff-dcbe-4f1d-8eb4-f593c5d7ac78,2,5.0,,,,11.66,8.93,7.18,8.64,7.02,13.19
2025-12-15T17:15:41.801963,Recipe_B,610592ff-dcbe-4f1d-8eb4-f593c5d7ac78,2,5.0,,,,6.85,13.03,10.32,8.76,13.6,8.47
2025-12-15T17:15:42.801963,Recipe_B,610592ff-dcbe-4f1d-8eb4-f593c5d7ac78,2,5.0,,,,11.44,9.06,9.27,11.43,12.66,13.59
2025-12-15T17:15:43.801963,Recipe_B,610592ff-dcbe-4f1d-8eb4-f593c5d7ac78,2,5.0,,,,9.97,8.22,11.85,12.64,9.46,8.03
2025-12-15T17:15:44.801963,Recipe_B,610592ff-dcbe-4f1d-8eb4-f593c5d7ac78,2,2.0,,,,10.27,9.93,10.44,8.96,9.58,10.56
2025-12-15T17:15:45.801963,Recipe_B,610592ff-dcbe-4f1d-8eb4-f593c5d7ac78,2,2.0,,,,8.94,9.27,8.46,12.31,8.67,11.79
2025-12-15T17:15:46.801963,Recipe_B,610592ff-dcbe-4f1d-8eb4-f593c5d7ac78,2,2.0,,,,9.72,10.55,10.17,8.95,8.2,6.5
2025-12-15T17:15:47.801963,Recipe_B,610592ff-dcbe-4f1d-8eb4-f593c5d7ac78,2,2.0,,,,11.0,6.11,12.13,8.08,8.16,13.83
2025-12-15T17:15:48.801963,Recipe_B,610592ff-dcbe-4f1d-8eb4-f593c5d7ac78,2,2.0,,,,12.78,14.08,6.18,6.75,10.67,10.25
2025-12-15T17:15:49.801963,Recipe_B,610592ff-dcbe-4f1d-8eb4-f593c5d7ac78,2,2.0,,,,11.08,9.1,11.09,7.74,10.01,9.66
2025-12-15T17:15:50.801963,Recipe_B,610592ff-dcbe-4f1d-8eb4-f593c5d7ac78,2,2.0,,,,11.14,9.8,11.22,12.71,11.85,9.77
2025-12-15T17:15:51.801963,Recipe_B,610592ff-dcbe-4f1d-8eb4-f593c5d7ac78,2,2.0,,,,10.42,14.94,10.33,8.17,9.86,8.45
2025-12-15T17:15:52.801963,Recipe_B,610592ff-dcbe-4f1d-8eb4-f593c5d7ac78,2,3.0,,,,8.75,8.92,8.47,11.63,7.6,7.7
2025-12-15T17:15:53.801963,Recipe_B,610592ff-dcbe-4f1d-8eb4-f593c5d7ac78,2,3.0,,,,8.86,12.73,12.68,7.2,9.06,10.26
2025-12-15T17:15:54.801963,Recipe_B,610592ff-dcbe-4f1d-8eb4-f593c5d7ac78,2,3.0,,,,5.68,9.32,7.73,8.62,8.61,10.6
2025-12-15T17:15:55.801963,Recipe_B,610592ff-dcbe-4f1d-8eb4-f593c5d7ac78,2,3.0,,,,9.74,8.52,8.15,8.63,7.83,11.98
2025-12-15T17:15:56.801963,Recipe_B,610592ff-dcbe-4f1d-8eb4-f593c5d7ac78,2,3.0,,,,10.92,13.97,9.19,13.3,8.58,9.47
2025-12-15T17:15:57.801963,Recipe_B,610592ff-dcbe-4f1d-8eb4-f593c5d7ac78,2,3.0,,,,12.11,8.9,8.69,12.06,10.03,9.1
2025-12-15T17:15:58.801963,Recipe_B,610592ff-dcbe-4f1d-8eb4-f593c5d7ac78,2,3.0,,,,9.82,8.27,10.32,14.02,9.22,9.78
2025-12-15T17:15:59.801963,Recipe_B,610592ff-dcbe-4f1d-8eb4-f593c5d7ac78,2,3.0,,,,12.35,9.35,11.0,9.53,9.3,6.66
2025-12-15T17:16:00.801963,Recipe_B,610592ff-dcbe-4f1d-8eb4-f593c5d7ac78,2,3.0,,,,13.37,8.52,9.39,12.12,11.07,8.57
2025-12-15T17:16:01.801963,Recipe_B,610592ff-dcbe-4f1d-8eb4-f593c5d7ac78,2,3.0,,,,10.65,7.25,10.82,10.7,10.74,11.79
2025-12-15T17:16:02.801963,Recipe_B,610592ff-dcbe-4f1d-8eb4-f593c5d7ac78,2,3.0,,,,11.37,10.58,8.96,11.3,11.04,9.1
2025-12-15T17:16:03.801963,Recipe_B,610592ff-dcbe-4f1d-8eb4-f593c5d7ac78,2,3.0,,,,6.76,13.73,10.81,9.16,10.12,9.03
2025-12-15T17:16:04.801963,Recipe_B,610592ff-dcbe-4f1d-8eb4-f593c5d7ac78,2,3.0,,,,10.1,10.5,9.05,13.25,11.3,13.24
2025-12-15T17:16:05.801963,Recipe_B,610592ff-dcbe-4f1d-8eb4-f593c5d7ac78,2,3.0,,,,11.48,13.23,8.67,9.07,11.88,13.86
2025-12-15T17:16:06.801963,Recipe_B,610592ff-dcbe-4f1d-8eb4-f593c5d7ac78,2,3.0,,,,9.89,10.5,7.68,10.57,10.92,11.36
2025-12-15T17:16:07.801963,Recipe_B,610592ff-dcbe-4f1d-8eb4-f593c5d7ac78,2,3.0,,,,11.68,11.65,12.25,9.43,11.66,8.19
2025-12-15T17:16:08.801963,Recipe_B,610592ff-dcbe-4f1d-8eb4-f593c5d7ac78,2,3.0,,,,9.68,10.65,10.84,8.24,11.37,4.6
2025-12-15T17:16:09.801963,Recipe_B,610592ff-dcbe-4f1d-8eb4-f593c5d7ac78,2,1.0,,,,11.72,8.86,10.66,9.0,10.84,10.66
2025-12-15T17:16:10.801963,Recipe_B,610592ff-dcbe-4f1d-8eb4-f593c5d7ac78,2,1.0,,,,12.06,10.52,12.45,10.2,6.61,9.61
2025-12-15T17:16:11.801963,Recipe_B,610592ff-dcbe-4f1d-8eb4-f593c5d7ac78,2,1.0,,,,13.22,9.94,8.48,9.71,10.26,10.8
2025-12-15T17:16:12.801963,Recipe_B,610592ff-dcbe-4f1d-8eb4-f593c5d7ac78,2,1.0,,,,9.75,8.81,8.96,8.77,9.29,11.84
2025-12-15T17:16:13.801963,Recipe_B,610592ff-dcbe-4f1d-8eb4-f593c5d7ac78,2,1.0,,,,12.83,9.71,13.93,10.62,11.47,8.81
2025-12-15T17:16:14.801963,Recipe_B,610592ff-dcbe-4f1d-8eb4-f593c5d7ac78,2,1.0,,,,9.26,10.0,8.04,12.19,9.7,9.32
2025-12-15T17:16:15.801963,Recipe_B,610592ff-dcbe-4f1d-8eb4-f593c5d7ac78,2,1.0,,,,13.84,6.01,11.14,9.92,11.3,11.01
2025-12-15T17:16:16.801963,Recipe_B,610592ff-dcbe-4f1d-8eb4-f593c5d7ac78,2,1.0,,,,14.29,11.12,10.65,9.46,9.09,7.74
2025-12-15T17:16:17.801963,Recipe_B,610592ff-dcbe-4f1d-8eb4-f593c5d7ac78,2,1.0,,,,10.55,10.51,9.35,8.68,10.33,9.9
2025-12-15T17:16:18.801963,Recipe_B,610592ff-dcbe-4f1d-8eb4-f593c5d7ac78,2,1.0,,,,8.23,10.89,9.58,11.41,12.7,9.86
2025-12-15T17:16:19.801963,Recipe_B,610592ff-dcbe-4f1d-8eb4-f593c5d7ac78,2,1.0,,,,9.98,10.15,9.21,12.46,10.16,11.78
2025-12-15T17:16:20.801963,Recipe_B,610592ff-dcbe-4f1d-8eb4-f593c5d7ac78,2,1.0,,,,10.17,11.45,11.09,14.15,9.29,10.41
2025-12-15T17:16:21.801963,Recipe_B,610592ff-dcbe-4f1d-8eb4-f593c5d7ac78,2,1.0,,,,10.74,9.11,9.29,12.02,11.52,11.31
2025-12-15T17:16:22.801963,Recipe_B,610592ff-dcbe-4f1d-8eb4-f593c5d7ac78,2,1.0,,,,12.24,13.38,10.18,11.85,9.43,10.32
2025-12-15T17:16:23.801963,Recipe_B,610592ff-dcbe-4f1d-8eb4-f593c5d7ac78,2,1.0,,,,10.68,11.09,4.42,9.74,14.75,10.95
2025-12-15T17:16:24.801963,Recipe_B,610592ff-dcbe-4f1d-8eb4-f593c5d7ac78,2,1.0,,,,10.31,10.39,11.17,9.18,11.33,9.25
2025-12-15T17:16:25.801963,Recipe_B,610592ff-dcbe-4f1d-8eb4-f593c5d7ac78,2,1.0,,,,10.17,7.99,10.0,7.6,13.06,12.28
2025-12-15T17:16:26.801963,Recipe_B,610592ff-dcbe-4f1d-8eb4-f593c5d7ac78,2,1.0,,,,12.78,11.48,15.08,8.3,10.64,9.83
2025-12-15T17:16:27.801963,Recipe_B,610592ff-dcbe-4f1d-8eb4-f593c5d7ac78,2,1.0,,,,8.94,13.32,8.52,7.24,11.92,9.45
2025-12-15T17:16:28.801963,Recipe_B,610592ff-dcbe-4f1d-8eb4-f593c5d7ac78,2,1.0,,,,9.36,9.76,8.46,9.53,10.65,8.5
2025-12-15T17:16:29.801963,Recipe_B,610592ff-dcbe-4f1d-8eb4-f593c5d7ac78,2,1.0,,,,10.32,13.64,8.92,9.16,12.92,11.52
2025-12-15T17:16:30.801963,Recipe_B,610592ff-dcbe-4f1d-8eb4-f593c5d7ac78,2,1.0,,,,10.24,10.77,9.19,5.84,9.02,13.68
2025-12-15T17:16:31.801963,Recipe_B,610592ff-dcbe-4f1d-8eb4-f593c5d7ac78,2,1.0,,,,9.5,14.17,8.64,8.26,9.2,7.85
2025-12-15T17:16:32.801963,Recipe_B,610592ff-dcbe-4f1d-8eb4-f593c5d7ac78,2,1.0,,,,11.57,8.02,10.69,5.94,12.87,7.89
2025-12-15T17:16:33.801963,Recipe_B,610592ff-dcbe-4f1d-8eb4-f593c5d7ac78,2,1.0,,,,8.72,12.08,9.26,10.69,6.79,10.85
2025-12-15T17:16:34.801963,Recipe_B,610592ff-dcbe-4f1d-8eb4-f593c5d7ac78,2,1.0,,,,10.23,8.36,10.85,12.53,11.83,11.05
2025-12-15T17:16:35.801963,Recipe_B,610592ff-dcbe-4f1d-8eb4-f593c5d7ac78,2,1.0,,,,11.83,14.61,13.05,6.94,9.91,11.14
2025-12-15T17:16:36.801963,Recipe_B,610592ff-dcbe-4f1d-8eb4-f593c5d7ac78,2,1.0,,,,6.79,10.06,10.97,8.57,7.91,8.19
2025-12-15T17:16:37.801963,Recipe_B,610592ff-dcbe-4f1d-8eb4-f593c5d7ac78,2,1.0,,,,10.95,12.22,7.38,14.22,11.49,8.88
2025-12-15T17:16:38.801963,Recipe_B,610592ff-dcbe-4f1d-8eb4-f593c5d7ac78,2,1.0,,,,12.53,10.99,10.43,8.97,11.21,10.63
2025-12-15T17:16:39.801963,Recipe_B,610592ff-dcbe-4f1d-8eb4-f593c5d7ac78,2,1.0,,,,9.7,9.23,10.59,9.46,10.22,12.33
2025-12-15T17:16:40.801963,Recipe_B,610592ff-dcbe-4f1d-8eb4-f593c5d7ac78,2,1.0,,,,10.98,9.77,8.9,13.41,8.29,10.79
2025-12-15T17:16:41.801963,Recipe_B,610592ff-dcbe-4f1d-8eb4-f593c5d7ac78,2,1.0,,,,10.94,12.7,10.85,11.35,12.55,10.36
2025-12-15T17:16:42.801963,Recipe_B,610592ff-dcbe-4f1d-8eb4-f593c5d7ac78,2,1.0,,,,10.0,11.67,10.24,5.12,12.18,7.92
2025-12-15T17:16:43.801963,Recipe_B,610592ff-dcbe-4f1d-8eb4-f593c5d7ac78,2,1.0,,,,11.83,7.0,6.81,10.88,8.25,11.97
2025-12-15T17:16:44.801963,Recipe_B,610592ff-dcbe-4f1d-8eb4-f593c5d7ac78,2,1.0,,,,7.31,9.68,8.18,9.3,11.34,9.79
2025-12-15T17:16:45.801963,Recipe_B,610592ff-dcbe-4f1d-8eb4-f593c5d7ac78,2,1.0,,,,12.36,8.38,8.83,10.6,9.38,10.08
2025-12-15T17:16:46.801963,Recipe_B,610592ff-dcbe-4f1d-8eb4-f593c5d7ac78,2,1.0,,,,11.11,7.62,11.01,11.0,9.61,10.05
2025-12-15T17:16:47.801963,Recipe_B,610592ff-dcbe-4f1d-8eb4-f593c5d7ac78,2,1.0,,,,14.16,7.65,12.18,6.33,10.21,10.23
2025-12-15T17:16:48.801963,Recipe_B,610592ff-dcbe-4f1d-8eb4-f593c5d7ac78,2,1.0,,,,12.65,7.0,9.18,10.57,10.29,12.75
2025-12-15T17:16:49.801963,Recipe_B,610592ff-dcbe-4f1d-8eb4-f593c5d7ac78,2,1.0,,,,8.62,11.14,9.63,15.41,8.34,12.16
2025-12-15T17:16:50.801963,Recipe_B,610592ff-dcbe-4f1d-8eb4-f593c5d7ac78,2,1.0,,,,10.31,12.75,11.1,9.23,10.63,11.23
2025-12-15T17:16:51.801963,Recipe_B,610592ff-dcbe-4f1d-8eb4-f593c5d7ac78,2,1.0,,,,9.34,9.68,10.5,10.16,9.79,9.29
2025-12-15T17:16:52.801963,Recipe_B,610592ff-dcbe-4f1d-8eb4-f593c5d7ac78,2,1.0,,,,9.0,9.95,12.12,7.49,11.15,10.65
2025-12-15T17:16:53.801963,Recipe_B,610592ff-dcbe-4f1d-8eb4-f593c5d7ac78,2,1.0,,,,8.3,9.28,12.62,9.81,7.59,13.58
2025-12-15T17:16:54.801963,Recipe_B,610592ff-dcbe-4f1d-8eb4-f593c5d7ac78,2,1.0,,,,11.93,11.25,11.96,9.79,9.18,12.58
2025-12-15T17:16:55.801963,Recipe_B,610592ff-dcbe-4f1d-8eb4-f593c5d7ac78,2,1.0,,,,11.2,14.79,9.19,9.63,10.66,8.74
2025-12-15T17:16:56.801963,Recipe_B,610592ff-dcbe-4f1d-8eb4-f593c5d7ac78,2,1.0,,,,6.74,12.7,9.33,11.26,10.01,9.58
2025-12-15T17:16:57.801963,Recipe_B,610592ff-dcbe-4f1d-8eb4-f593c5d7ac78,2,1.0,,,,11.58,9.68,12.08,11.74,9.22,12.4
2025-12-15T17:16:58.801963,Recipe_B,610592ff-dcbe-4f1d-8eb4-f593c5d7ac78,2,1.0,,,,10.15,12.34,11.93,8.05,10.47,7.59
2025-12-15T17:16:59.801963,Recipe_B,610592ff-dcbe-4f1d-8eb4-f593c5d7ac78,2,1.0,,,,10.49,13.41,13.1,9.26,8.47,8.55
2025-12-15T17:17:00.801963,Recipe_B,610592ff-dcbe-4f1d-8eb4-f593c5d7ac78,2,1.0,,,,10.92,11.08,11.31,6.64,8.78,10.3
2025-12-15T17:17:01.801963,Recipe_B,610592ff-dcbe-4f1d-8eb4-f593c5d7ac78,2,1.0,,,,12.45,10.29,9.17,6.02,12.31,11.58
2025-12-15T17:17:02.801963,Recipe_B,610592ff-dcbe-4f1d-8eb4-f593c5d7ac78,2,1.0,,,,8.7,7.93,9.6,11.73,9.96,7.75
2025-12-15T17:17:03.801963,Recipe_B,610592ff-dcbe-4f1d-8eb4-f593c5d7ac78,2,1.0,,,,8.82,11.59,10.11,8.48,7.41,6.12
2025-12-15T17:17:04.801963,Recipe_B,610592ff-dcbe-4f1d-8eb4-f593c5d7ac78,2,1.0,,,,12.4,13.84,9.43,9.77,12.52,11.53
2025-12-15T17:17:05.801963,Recipe_B,610592ff-dcbe-4f1d-8eb4-f593c5d7ac78,2,1.0,,,,7.45,11.09,9.93,10.84,8.62,9.78
2025-12-15T17:17:06.801963,Recipe_B,610592ff-dcbe-4f1d-8eb4-f593c5d7ac78,2,1.0,,,,8.5,9.46,6.87,6.93,6.57,8.72
2025-12-15T17:17:07.801963,Recipe_B,610592ff-dcbe-4f1d-8eb4-f593c5d7ac78,2,1.0,,,,12.12,7.5,10.55,12.49,13.55,9.24
2025-12-15T17:17:08.801963,Recipe_B,610592ff-dcbe-4f1d-8eb4-f593c5d7ac78,2,1.0,,,,7.79,5.93,9.15,12.84,11.8,11.87
2025-12-15T17:17:09.801963,Recipe_B,610592ff-dcbe-4f1d-8eb4-f593c5d7ac78,2,1.0,,,,12.79,10.02,6.84,13.34,13.02,8.05
2025-12-15T17:17:10.801963,Recipe_B,610592ff-dcbe-4f1d-8eb4-f593c5d7ac78,2,1.0,,,,8.37,12.49,12.89,12.05,10.02,6.85
2025-12-15T17:17:11.801963,Recipe_B,610592ff-dcbe-4f1d-8eb4-f593c5d7ac78,2,1.0,,,,10.34,9.82,12.08,10.91,12.16,8.62
2025-12-15T17:17:12.801963,Recipe_B,610592ff-dcbe-4f1d-8eb4-f593c5d7ac78,2,1.0,,,,13.17,6.96,7.42,8.49,9.23,11.15
2025-12-15T17:17:13.801963,Recipe_B,610592ff-dcbe-4f1d-8eb4-f593c5d7ac78,2,1.0,,,,8.46,5.84,11.98,6.94,10.29,13.6
2025-12-15T17:17:14.801963,Recipe_B,610592ff-dcbe-4f1d-8eb4-f593c5d7ac78,2,1.0,,,,8.0,13.18,9.38,11.85,8.92,13.3
2025-12-15T17:17:15.801963,Recipe_B,610592ff-dcbe-4f1d-8eb4-f593c5d7ac78,2,1.0,,,,11.62,10.18,10.77,12.99,6.88,11.25
2025-12-15T17:17:16.801963,Recipe_B,610592ff-dcbe-4f1d-8eb4-f593c5d7ac78,2,1.0,,,,10.72,7.74,8.11,11.46,11.2,14.35
2025-12-15T17:17:17.801963,Recipe_B,610592ff-dcbe-4f1d-8eb4-f593c5d7ac78,2,1.0,,,,6.51,8.5,9.04,10.18,11.44,7.5
2025-12-15T17:17:18.801963,Recipe_B,610592ff-dcbe-4f1d-8eb4-f593c5d7ac78,2,1.0,,,,12.16,9.73,9.6,6.11,12.4,11.05
2025-12-15T17:17:19.801963,Recipe_B,610592ff-dcbe-4f1d-8eb4-f593c5d7ac78,2,1.0,,,,10.15,6.96,12.24,8.09,12.81,11.83
2025-12-15T17:17:20.801963,Recipe_B,610592ff-dcbe-4f1d-8eb4-f593c5d7ac78,2,1.0,,,,9.76,11.86,9.9,10.85,6.98,11.78
2025-12-15T17:17:21.801963,Recipe_B,610592ff-dcbe-4f1d-8eb4-f593c5d7ac78,2,1.0,,,,8.96,8.2,9.33,9.49,10.26,13.73
2025-12-15T17:17:22.801963,Recipe_B,610592ff-dcbe-4f1d-8eb4-f593c5d7ac78,2,1.0,,,,10.06,12.67,6.42,10.74,7.68,11.41
2025-12-15T17:17:23.801963,Recipe_B,610592ff-dcbe-4f1d-8eb4-f593c5d7ac78,2,1.0,,,,10.65,9.63,7.62,11.33,8.65,14.06
2025-12-15T17:17:24.801963,Recipe_B,610592ff-dcbe-4f1d-8eb4-f593c5d7ac78,2,1.0,,,,10.88,10.51,9.73,10.5,7.99,8.01
2025-12-15T17:17:25.801963,Recipe_B,610592ff-dcbe-4f1d-8eb4-f593c5d7ac78,2,1.0,,,,11.36,8.82,9.26,8.25,11.81,9.62
2025-12-15T17:17:26.801963,Recipe_B,610592ff-dcbe-4f1d-8eb4-f593c5d7ac78,2,2.0,,,,15.42,7.24,9.1,8.8,10.25,8.79
2025-12-15T17:17:27.801963,Recipe_B,610592ff-dcbe-4f1d-8eb4-f593c5d7ac78,2,2.0,,,,7.61,12.33,7.88,11.72,11.61,14.12
2025-12-15T17:17:28.801963,Recipe_B,610592ff-dcbe-4f1d-8eb4-f593c5d7ac78,2,2.0,,,,11.15,10.8,3.59,10.81,9.29,10.51
2025-12-15T17:17:29.801963,Recipe_B,610592ff-dcbe-4f1d-8eb4-f593c5d7ac78,2,2.0,,,,10.51,7.89,8.18,13.58,9.16,11.42
2025-12-15T17:17:30.801963,Recipe_B,610592ff-dcbe-4f1d-8eb4-f593c5d7ac78,2,2.0,,,,4.78,5.02,10.03,12.53,11.45,9.9
2025-12-15T17:17:31.801963,Recipe_B,610592ff-dcbe-4f1d-8eb4-f593c5d7ac78,2,2.0,,,,9.42,7.01,7.03,11.38,12.76,7.38
2025-12-15T17:17:32.801963,Recipe_B,610592ff-dcbe-4f1d-8eb4-f593c5d7ac78,2,2.0,,,,9.4,8.71,8.12,7.3,13.03,9.99
2025-12-15T17:17:33.801963,Recipe_B,610592ff-dcbe-4f1d-8eb4-f593c5d7ac78,2,2.0,,,,12.0,6.02,13.95,10.63,11.62,7.99
2025-12-15T17:17:34.801963,Recipe_B,610592ff-dcbe-4f1d-8eb4-f593c5d7ac78,2,2.0,,,,12.08,8.37,7.83,10.49,11.04,6.71
2025-12-15T17:17:35.801963,Recipe_B,610592ff-dcbe-4f1d-8eb4-f593c5d7ac78,2,2.0,,,,11.99,8.66,6.71,11.07,7.62,10.59
2025-12-15T17:17:36.801963,Recipe_B,610592ff-dcbe-4f1d-8eb4-f593c5d7ac78,2,2.0,,,,6.66,9.77,12.08,7.97,10.94,10.33
2025-12-15T17:17:37.801963,Recipe_B,610592ff-dcbe-4f1d-8eb4-f593c5d7ac78,2,2.0,,,,10.13,14.64,10.65,9.95,8.92,10.05
2025-12-15T17:17:38.801963,Recipe_B,610592ff-dcbe-4f1d-8eb4-f593c5d7ac78,2,2.0,,,,10.46,9.69,8.85,14.38,10.19,11.19
2025-12-15T17:17:39.801963,Recipe_B,610592ff-dcbe-4f1d-8eb4-f593c5d7ac78,2,2.0,,,,7.71,8.1,11.75,9.62,9.31,8.1
2025-12-15T17:17:40.801963,Recipe_B,610592ff-dcbe-4f1d-8eb4-f593c5d7ac78,2,2.0,,,,11.28,8.36,12.17,9.33,10.12,8.63
2025-12-15T17:17:41.801963,Recipe_B,610592ff-dcbe-4f1d-8eb4-f593c5d7ac78,2,1.0,,,,13.01,13.57,5.61,6.84,12.08,7.27
2025-12-15T17:17:42.801963,Recipe_B,610592ff-dcbe-4f1d-8eb4-f593c5d7ac78,2,1.0,,,,7.65,7.25,9.78,9.36,11.77,10.78
2025-12-15T17:17:43.801963,Recipe_B,610592ff-dcbe-4f1d-8eb4-f593c5d7ac78,2,1.0,,,,11.96,11.68,9.47,11.04,10.42,9.76
2025-12-15T17:17:44.801963,Recipe_B,610592ff-dcbe-4f1d-8eb4-f593c5d7ac78,2,1.0,,,,10.26,10.28,8.45,9.31,7.69,10.66
2025-12-15T17:17:45.801963,Recipe_B,610592ff-dcbe-4f1d-8eb4-f593c5d7ac78,2,1.0,,,,9.36,11.69,9.53,9.49,9.0,11.7
2025-12-15T17:17:46.801963,Recipe_B,610592ff-dcbe-4f1d-8eb4-f593c5d7ac78,2,1.0,,,,8.59,8.69,10.6,7.25,11.84,11.06
2025-12-15T17:17:47.801963,Recipe_B,610592ff-dcbe-4f1d-8eb4-f593c5d7ac78,2,1.0,,,,8.93,11.7,9.45,7.89,12.24,8.93
2025-12-15T17:17:48.801963,Recipe_B,610592ff-dcbe-4f1d-8eb4-f593c5d7ac78,2,1.0,,,,11.66,10.66,8.12,13.48,12.03,8.39
2025-12-15T17:17:49.801963,Recipe_B,610592ff-dcbe-4f1d-8eb4-f593c5d7ac78,2,1.0,,,,11.48,9.87,9.18,9.14,8.53,7.54
2025-12-15T17:17:50.801963,Recipe_B,610592ff-dcbe-4f1d-8eb4-f593c5d7ac78,2,1.0,,,,9.7,8.93,9.53,9.05,11.56,9.64
2025-12-15T17:17:51.801963,Recipe_B,610592ff-dcbe-4f1d-8eb4-f593c5d7ac78,2,1.0,,,,9.76,9.29,6.14,9.19,12.3,11.44
2025-12-15T17:17:52.801963,Recipe_B,610592ff-dcbe-4f1d-8eb4-f593c5d7ac78,2,1.0,,,,10.43,9.97,10.53,8.96,8.55,13.22
2025-12-15T17:17:53.801963,Recipe_B,610592ff-dcbe-4f1d-8eb4-f593c5d7ac78,2,1.0,,,,8.29,12.5,10.5,11.83,8.96,10.4
2025-12-15T17:17:54.801963,Recipe_B,610592ff-dcbe-4f1d-8eb4-f593c5d7ac78,2,1.0,,,,9.19,9.84,8.05,9.35,12.0,9.54
2025-12-15T17:17:55.801963,Recipe_B,610592ff-dcbe-4f1d-8eb4-f593c5d7ac78,2,1.0,,,,8.56,8.07,11.1,8.71,10.51,9.52
2025-12-15T17:17:56.801963,Recipe_B,610592ff-dcbe-4f1d-8eb4-f593c5d7ac78,2,1.0,,,,10.88,11.82,11.64,11.36,13.1,11.35
2025-12-15T17:17:57.801963,Recipe_B,610592ff-dcbe-4f1d-8eb4-f593c5d7ac78,2,1.0,,,,12.08,9.58,13.81,9.06,9.69,8.8
2025-12-15T17:17:58.801963,Recipe_B,610592ff-dcbe-4f1d-8eb4-f593c5d7ac78,2,1.0,,,,9.26,11.2,12.45,9.2,7.57,7.66
2025-12-15T17:17:59.801963,Recipe_B,610592ff-dcbe-4f1d-8eb4-f593c5d7ac78,2,1.0,,,,8.95,9.54,9.77,12.46,9.37,9.24
2025-12-15T17:18:00.801963,Recipe_B,610592ff-dcbe-4f1d-8eb4-f593c5d7ac78,2,1.0,,,,10.04,1.03,10.54,10.28,9.07,11.79
2025-12-15T17:18:01.801963,Recipe_B,610592ff-dcbe-4f1d-8eb4-f593c5d7ac78,2,1.0,,,,12.5,9.69,10.47,7.51,10.28,10.09
2025-12-15T17:18:02.801963,Recipe_B,610592ff-dcbe-4f1d-8eb4-f593c5d7ac78,2,1.0,,,,8.47,6.62,10.46,11.07,9.1,11.49
2025-12-15T17:18:03.801963,Recipe_B,610592ff-dcbe-4f1d-8eb4-f593c5d7ac78,2,1.0,,,,8.53,6.68,11.37,11.08,12.11,6.32
2025-12-15T17:18:04.801963,Recipe_B,610592ff-dcbe-4f1d-8eb4-f593c5d7ac78,2,1.0,,,,8.95,7.36,6.66,8.08,7.92,9.38
2025-12-15T17:18:05.801963,Recipe_B,610592ff-dcbe-4f1d-8eb4-f593c5d7ac78,2,1.0,,,,9.78,7.97,9.09,7.72,11.41,6.5
2025-12-15T17:18:06.801963,Recipe_B,610592ff-dcbe-4f1d-8eb4-f593c5d7ac78,2,1.0,,,,9.22,10.25,10.02,13.1,9.82,13.3
2025-12-15T17:18:07.801963,Recipe_B,610592ff-dcbe-4f1d-8eb4-f593c5d7ac78,2,1.0,,,,11.28,11.79,10.67,11.25,8.08,10.69
2025-12-15T17:18:08.801963,Recipe_B,610592ff-dcbe-4f1d-8eb4-f593c5d7ac78,2,1.0,,,,8.63,7.53,10.8,7.35,12.2,8.83
2025-12-15T17:18:09.801963,Recipe_B,610592ff-dcbe-4f1d-8eb4-f593c5d7ac78,2,1.0,,,,11.65,4.68,10.97,11.57,8.55,8.76
2025-12-15T17:18:10.801963,Recipe_B,610592ff-dcbe-4f1d-8eb4-f593c5d7ac78,2,1.0,,,,8.46,11.76,6.65,9.48,13.06,9.8
2025-12-15T17:18:11.801963,Recipe_B,610592ff-dcbe-4f1d-8eb4-f593c5d7ac78,2,1.0,,,,3.76,9.1,12.62,11.46,8.9,9.66
2025-12-15T17:18:12.801963,Recipe_B,610592ff-dcbe-4f1d-8eb4-f593c5d7ac78,2,1.0,,,,6.48,7.06,10.64,11.5,14.14,8.73
2025-12-15T17:18:13.801963,Recipe_B,610592ff-dcbe-4f1d-8eb4-f593c5d7ac78,2,1.0,,,,8.49,11.46,11.78,9.66,8.97,7.37
2025-12-15T17:18:14.801963,Recipe_B,610592ff-dcbe-4f1d-8eb4-f593c5d7ac78,2,1.0,,,,6.52,10.9,10.35,10.71,9.35,11.68
2025-12-15T17:18:15.801963,Recipe_B,610592ff-dcbe-4f1d-8eb4-f593c5d7ac78,2,1.0,,,,7.84,11.08,13.27,6.71,11.12,7.85
2025-12-15T17:18:16.801963,Recipe_B,610592ff-dcbe-4f1d-8eb4-f593c5d7ac78,2,1.0,,,,11.05,12.0,8.52,9.33,8.54,13.31
2025-12-15T17:18:17.801963,Recipe_B,610592ff-dcbe-4f1d-8eb4-f593c5d7ac78,2,1.0,,,,6.21,6.41,12.23,8.8,7.7,10.32
2025-12-15T17:18:18.801963,Recipe_B,610592ff-dcbe-4f1d-8eb4-f593c5d7ac78,2,1.0,,,,7.21,9.75,10.17,6.6,8.15,10.28
2025-12-15T17:18:19.801963,Recipe_B,610592ff-dcbe-4f1d-8eb4-f593c5d7ac78,2,1.0,,,,10.54,12.27,5.82,13.85,9.43,11.85
2025-12-15T17:18:20.801963,Recipe_B,610592ff-dcbe-4f1d-8eb4-f593c5d7ac78,2,1.0,,,,11.44,7.51,8.08,12.7,9.45,11.42
2025-12-15T17:18:21.801963,Recipe_B,610592ff-dcbe-4f1d-8eb4-f593c5d7ac78,2,1.0,,,,10.17,9.73,13.47,9.85,11.35,11.02
2025-12-15T17:18:22.801963,Recipe_B,610592ff-dcbe-4f1d-8eb4-f593c5d7ac78,2,1.0,,,,10.88,10.28,8.02,10.78,7.78,12.41
2025-12-15T17:18:23.801963,Recipe_B,610592ff-dcbe-4f1d-8eb4-f593c5d7ac78,2,1.0,,,,9.84,7.16,11.49,8.95,10.26,11.39
2025-12-15T17:18:24.801963,Recipe_B,610592ff-dcbe-4f1d-8eb4-f593c5d7ac78,2,1.0,,,,10.07,12.08,10.14,10.7,8.51,6.36
2025-12-15T17:18:25.801963,Recipe_B,610592ff-dcbe-4f1d-8eb4-f593c5d7ac78,2,1.0,,,,10.71,8.72,8.9,8.32,11.75,10.51
2025-12-15T17:18:26.801963,Recipe_B,610592ff-dcbe-4f1d-8eb4-f593c5d7ac78,2,1.0,,,,10.14,7.87,10.13,7.78,12.78,9.81
2025-12-15T17:18:27.801963,Recipe_B,610592ff-dcbe-4f1d-8eb4-f593c5d7ac78,2,1.0,,,,11.4,11.99,11.14,7.24,11.07,5.59
2025-12-15T17:18:28.801963,Recipe_B,610592ff-dcbe-4f1d-8eb4-f593c5d7ac78,2,1.0,,,,9.7,12.71,10.13,9.94,8.17,6.56
2025-12-15T17:18:29.801963,Recipe_B,610592ff-dcbe-4f1d-8eb4-f593c5d7ac78,2,1.0,,,,11.5,10.47,11.95,9.51,13.15,7.13
2025-12-15T17:18:30.801963,Recipe_B,610592ff-dcbe-4f1d-8eb4-f593c5d7ac78,2,1.0,,,,8.42,8.5,8.49,11.99,7.84,12.19
2025-12-15T17:18:31.801963,Recipe_B,610592ff-dcbe-4f1d-8eb4-f593c5d7ac78,2,1.0,,,,8.78,6.53,12.11,9.81,11.7,12.04
2025-12-15T17:18:32.801963,Recipe_B,610592ff-dcbe-4f1d-8eb4-f593c5d7ac78,2,1.0,,,,9.07,8.3,10.21,6.94,12.48,7.5
2025-12-15T17:18:33.801963,Recipe_B,610592ff-dcbe-4f1d-8eb4-f593c5d7ac78,2,1.0,,,,7.27,11.34,9.07,7.13,12.87,7.72
2025-12-15T17:18:34.801963,Recipe_B,610592ff-dcbe-4f1d-8eb4-f593c5d7ac78,2,1.0,,,,10.47,11.16,11.98,11.53,7.43,12.12
2025-12-15T17:18:35.801963,Recipe_B,610592ff-dcbe-4f1d-8eb4-f593c5d7ac78,2,1.0,,,,9.26,12.41,7.29,10.3,10.3,15.43
2025-12-15T17:18:36.801963,Recipe_B,610592ff-dcbe-4f1d-8eb4-f593c5d7ac78,2,1.0,,,,11.67,8.57,9.35,11.72,12.42,10.92
2025-12-15T17:18:37.801963,Recipe_B,610592ff-dcbe-4f1d-8eb4-f593c5d7ac78,2,1.0,,,,10.51,8.14,9.9,9.21,10.26,12.76
2025-12-15T17:18:38.801963,Recipe_B,610592ff-dcbe-4f1d-8eb4-f593c5d7ac78,2,1.0,,,,9.73,9.93,11.52,9.58,10.76,7.01
2025-12-15T17:18:39.801963,Recipe_B,610592ff-dcbe-4f1d-8eb4-f593c5d7ac78,2,1.0,,,,11.28,13.3,12.19,12.32,12.01,9.52
2025-12-15T17:18:40.801963,Recipe_B,610592ff-dcbe-4f1d-8eb4-f593c5d7ac78,2,1.0,,,,11.54,11.47,10.0,9.03,14.96,9.42
2025-12-15T17:18:41.801963,Recipe_B,610592ff-dcbe-4f1d-8eb4-f593c5d7ac78,2,1.0,,,,10.95,9.54,12.17,10.9,10.1,10.55
2025-12-15T17:18:42.801963,Recipe_B,610592ff-dcbe-4f1d-8eb4-f593c5d7ac78,2,1.0,,,,9.18,8.58,9.96,11.91,8.64,6.91
2025-12-15T17:18:43.801963,Recipe_B,610592ff-dcbe-4f1d-8eb4-f593c5d7ac78,2,1.0,,,,8.64,9.73,14.05,9.31,9.96,9.87
2025-12-15T17:18:44.801963,Recipe_B,610592ff-dcbe-4f1d-8eb4-f593c5d7ac78,2,1.0,,,,11.46,11.36,8.67,7.56,11.2,9.45
2025-12-15T17:18:45.801963,Recipe_B,610592ff-dcbe-4f1d-8eb4-f593c5d7ac78,2,1.0,,,,11.85,10.01,9.06,8.94,11.72,8.83
2025-12-15T17:18:46.801963,Recipe_B,610592ff-dcbe-4f1d-8eb4-f593c5d7ac78,2,1.0,,,,7.05,11.91,8.84,11.42,10.33,8.9
2025-12-15T17:18:47.801963,Recipe_B,610592ff-dcbe-4f1d-8eb4-f593c5d7ac78,2,1.0,,,,10.93,12.03,9.0,8.59,11.83,11.55
2025-12-15T17:18:48.801963,Recipe_B,610592ff-dcbe-4f1d-8eb4-f593c5d7ac78,2,1.0,,,,7.12,10.19,9.32,12.57,8.75,8.59
2025-12-15T17:18:49.801963,Recipe_B,610592ff-dcbe-4f1d-8eb4-f593c5d7ac78,2,1.0,,,,8.53,4.29,8.75,11.7,7.41,9.55
2025-12-15T17:18:50.801963,Recipe_B,610592ff-dcbe-4f1d-8eb4-f593c5d7ac78,2,1.0,,,,11.13,9.01,9.87,7.05,9.9,7.75
2025-12-15T17:18:51.801963,Recipe_B,610592ff-dcbe-4f1d-8eb4-f593c5d7ac78,2,1.0,,,,8.38,13.48,10.23,11.04,9.41,10.51
2025-12-15T17:18:52.801963,Recipe_B,610592ff-dcbe-4f1d-8eb4-f593c5d7ac78,2,1.0,,,,12.72,4.38,9.79,12.98,11.31,6.66
2025-12-15T17:18:53.801963,Recipe_B,610592ff-dcbe-4f1d-8eb4-f593c5d7ac78,2,1.0,,,,6.84,8.31,9.2,11.37,10.82,15.29
2025-12-15T17:18:54.801963,Recipe_B,610592ff-dcbe-4f1d-8eb4-f593c5d7ac78,2,1.0,,,,13.47,12.16,7.87,12.46,10.74,6.21
2025-12-15T17:18:55.801963,Recipe_B,610592ff-dcbe-4f1d-8eb4-f593c5d7ac78,2,1.0,,,,12.52,9.67,7.15,7.99,9.5,7.69
2025-12-15T17:18:56.801963,Recipe_B,610592ff-dcbe-4f1d-8eb4-f593c5d7ac78,2,1.0,,,,8.07,10.81,12.14,11.96,12.53,11.2
2025-12-15T17:18:57.801963,Recipe_B,610592ff-dcbe-4f1d-8eb4-f593c5d7ac78,2,1.0,,,,8.1,4.42,8.89,7.33,10.24,12.32
2025-12-15T17:18:58.801963,Recipe_B,610592ff-dcbe-4f1d-8eb4-f593c5d7ac78,2,1.0,,,,8.4,10.5,9.1,10.14,6.79,5.13
2025-12-15T17:18:59.801963,Recipe_B,610592ff-dcbe-4f1d-8eb4-f593c5d7ac78,2,1.0,,,,9.76,11.25,8.85,10.97,11.05,7.49
2025-12-15T17:19:00.801963,Recipe_B,610592ff-dcbe-4f1d-8eb4-f593c5d7ac78,2,1.0,,,,12.23,11.02,12.17,11.32,6.74,10.65
2025-12-15T17:19:01.801963,Recipe_B,610592ff-dcbe-4f1d-8eb4-f593c5d7ac78,2,1.0,,,,12.52,9.52,11.9,6.88,10.88,11.41
2025-12-15T17:19:02.801963,Recipe_B,610592ff-dcbe-4f1d-8eb4-f593c5d7ac78,2,1.0,,,,14.86,8.91,12.78,7.7,10.74,8.44
2025-12-15T17:19:03.801963,Recipe_B,610592ff-dcbe-4f1d-8eb4-f593c5d7ac78,2,1.0,,,,12.65,8.03,8.92,8.95,10.65,10.08
2025-12-15T17:19:04.801963,Recipe_B,610592ff-dcbe-4f1d-8eb4-f593c5d7ac78,2,1.0,,,,7.37,8.51,13.61,8.75,8.29,9.23
2025-12-15T17:19:05.801963,Recipe_B,610592ff-dcbe-4f1d-8eb4-f593c5d7ac78,2,1.0,,,,11.8,10.4,9.31,11.07,11.74,12.61
2025-12-15T17:19:06.801963,Recipe_B,610592ff-dcbe-4f1d-8eb4-f593c5d7ac78,2,1.0,,,,6.9,7.59,11.64,9.53,11.79,6.6
2025-12-15T17:19:07.801963,Recipe_B,610592ff-dcbe-4f1d-8eb4-f593c5d7ac78,2,1.0,,,,8.92,8.87,7.3,14.33,10.26,9.49
2025-12-15T17:19:08.801963,Recipe_B,610592ff-dcbe-4f1d-8eb4-f593c5d7ac78,2,1.0,,,,8.48,13.48,11.36,6.95,9.81,14.48
2025-12-15T17:19:09.801963,Recipe_B,610592ff-dcbe-4f1d-8eb4-f593c5d7ac78,2,1.0,,,,7.76,8.69,13.51,8.41,8.98,12.12
2025-12-15T17:19:10.801963,Recipe_B,610592ff-dcbe-4f1d-8eb4-f593c5d7ac78,2,1.0,,,,11.81,10.83,8.57,9.62,10.61,9.75
2025-12-15T17:19:11.801963,Recipe_B,610592ff-dcbe-4f1d-8eb4-f593c5d7ac78,2,1.0,,,,13.01,7.45,8.55,9.08,9.73,10.17
2025-12-15T17:19:12.801963,Recipe_B,610592ff-dcbe-4f1d-8eb4-f593c5d7ac78,2,1.0,,,,9.18,11.7,6.73,6.14,7.88,11.23
2025-12-15T17:19:13.801963,Recipe_B,610592ff-dcbe-4f1d-8eb4-f593c5d7ac78,2,1.0,,,,6.85,11.17,13.42,10.24,11.46,9.95
2025-12-15T17:19:14.801963,Recipe_B,610592ff-dcbe-4f1d-8eb4-f593c5d7ac78,2,1.0,,,,10.8,10.58,10.77,10.34,11.69,10.06
2025-12-15T17:19:15.801963,Recipe_B,610592ff-dcbe-4f1d-8eb4-f593c5d7ac78,2,1.0,,,,6.57,9.74,6.47,11.09,6.61,8.99
2025-12-15T17:19:16.801963,Recipe_B,610592ff-dcbe-4f1d-8eb4-f593c5d7ac78,2,1.0,,,,11.36,8.19,11.93,11.94,7.87,7.24
2025-12-15T17:19:17.801963,Recipe_B,610592ff-dcbe-4f1d-8eb4-f593c5d7ac78,2,1.0,,,,7.03,10.43,5.89,15.72,13.21,8.11
2025-12-15T17:19:18.801963,Recipe_B,610592ff-dcbe-4f1d-8eb4-f593c5d7ac78,2,1.0,,,,8.5,11.42,11.93,11.72,9.77,10.89
2025-12-15T17:19:19.801963,Recipe_B,610592ff-dcbe-4f1d-8eb4-f593c5d7ac78,2,1.0,,,,12.79,9.22,10.96,11.6,9.46,7.98
2025-12-15T17:19:20.801963,Recipe_B,610592ff-dcbe-4f1d-8eb4-f593c5d7ac78,2,1.0,,,,8.07,8.47,6.49,11.96,10.21,8.47
2025-12-15T17:19:21.801963,Recipe_B,610592ff-dcbe-4f1d-8eb4-f593c5d7ac78,2,1.0,,,,10.24,10.44,9.76,7.88,9.76,9.4
2025-12-15T17:19:22.801963,Recipe_B,610592ff-dcbe-4f1d-8eb4-f593c5d7ac78,2,1.0,,,,7.72,13.45,8.71,14.02,9.54,9.0
2025-12-15T17:19:23.801963,Recipe_B,610592ff-dcbe-4f1d-8eb4-f593c5d7ac78,2,2.0,,,,8.33,10.59,10.74,9.23,11.57,11.37
2025-12-15T17:19:24.801963,Recipe_B,610592ff-dcbe-4f1d-8eb4-f593c5d7ac78,2,2.0,,,,6.09,9.39,8.65,10.74,10.25,9.96
2025-12-15T17:19:25.801963,Recipe_B,610592ff-dcbe-4f1d-8eb4-f593c5d7ac78,2,2.0,,,,10.23,9.19,10.44,9.88,10.21,12.73
2025-12-15T17:19:26.801963,Recipe_B,610592ff-dcbe-4f1d-8eb4-f593c5d7ac78,2,2.0,,,,7.61,11.96,10.76,11.91,9.43,12.22
2025-12-15T17:19:27.801963,Recipe_B,610592ff-dcbe-4f1d-8eb4-f593c5d7ac78,2,2.0,,,,6.49,6.58,11.31,11.64,8.36,8.29
2025-12-15T17:19:28.801963,Recipe_B,610592ff-dcbe-4f1d-8eb4-f593c5d7ac78,2,2.0,,,,9.28,14.58,9.03,12.82,9.1,10.95
2025-12-15T17:19:29.801963,Recipe_B,610592ff-dcbe-4f1d-8eb4-f593c5d7ac78,2,2.0,,,,9.5,12.8,10.46,11.37,7.38,7.91
2025-12-15T17:19:30.801963,Recipe_B,610592ff-dcbe-4f1d-8eb4-f593c5d7ac78,2,2.0,,,,8.73,8.95,10.68,13.01,9.08,7.08
2025-12-15T17:19:31.801963,Recipe_B,610592ff-dcbe-4f1d-8eb4-f593c5d7ac78,2,2.0,,,,7.95,12.07,10.14,14.17,9.41,6.26
2025-12-15T17:19:32.801963,Recipe_B,610592ff-dcbe-4f1d-8eb4-f593c5d7ac78,2,2.0,,,,9.4,7.36,9.83,10.13,13.58,8.93
2025-12-15T17:19:33.801963,Recipe_B,610592ff-dcbe-4f1d-8eb4-f593c5d7ac78,2,2.0,,,,10.26,8.72,7.44,8.93,9.17,7.72
2025-12-15T17:19:34.801963,Recipe_B,610592ff-dcbe-4f1d-8eb4-f593c5d7ac78,2,4.0,,,,106.62,54.74,53.19,52.33,53.07,46.83
2025-12-15T17:19:35.801963,Recipe_B,610592ff-dcbe-4f1d-8eb4-f593c5d7ac78,2,4.0,,,,104.77,53.29,49.32,49.03,54.88,49.94
2025-12-15T17:19:36.801963,Recipe_B,610592ff-dcbe-4f1d-8eb4-f593c5d7ac78,2,4.0,,,,101.71,42.84,51.96,48.33,52.3,56.96
2025-12-15T17:19:37.801963,Recipe_B,610592ff-dcbe-4f1d-8eb4-f593c5d7ac78,2,4.0,,,,104.89,65.67,45.35,53.0,42.39,43.73
2025-12-15T17:19:38.801963,Recipe_B,610592ff-dcbe-4f1d-8eb4-f593c5d7ac78,2,4.0,,,,100.33,42.47,50.14,51.22,49.0,44.47
2025-12-15T17:19:39.801963,Recipe_B,610592ff-dcbe-4f1d-8eb4-f593c5d7ac78,2,4.0,,,,102.91,59.48,40.51,48.74,55.4,47.9
2025-12-15T17:19:40.801963,Recipe_B,610592ff-dcbe-4f1d-8eb4-f593c5d7ac78,2,4.0,,,,104.68,54.6,47.25,44.5,45.71,40.68
2025-12-15T17:19:41.801963,Recipe_B,610592ff-dcbe-4f1d-8eb4-f593c5d7ac78,2,4.0,,,,101.11,50.29,45.82,55.18,57.13,51.48
2025-12-15T17:19:42.801963,Recipe_B,610592ff-dcbe-4f1d-8eb4-f593c5d7ac78,2,4.0,,,,101.65,44.7,41.77,48.29,49.28,50.62
2025-12-15T17:19:43.801963,Recipe_B,610592ff-dcbe-4f1d-8eb4-f593c5d7ac78,2,4.0,,,,96.87,56.14,54.74,54.87,54.95,44.77
2025-12-15T17:19:44.801963,Recipe_B,610592ff-dcbe-4f1d-8eb4-f593c5d7ac78,2,3.0,,,,11.05,12.18,10.81,5.3,10.8,9.54
2025-12-15T17:19:45.801963,Recipe_B,610592ff-dcbe-4f1d-8eb4-f593c5d7ac78,2,3.0,,,,10.08,8.41,13.06,11.6,9.57,10.44
2025-12-15T17:19:46.801963,Recipe_B,610592ff-dcbe-4f1d-8eb4-f593c5d7ac78,2,3.0,,,,8.19,12.13,9.37,10.86,10.25,11.81
2025-12-15T17:19:47.801963,Recipe_B,610592ff-dcbe-4f1d-8eb4-f593c5d7ac78,2,3.0,,,,11.19,5.71,10.49,10.75,8.59,11.69
2025-12-15T17:19:48.801963,Recipe_B,610592ff-dcbe-4f1d-8eb4-f593c5d7ac78,2,3.0,,,,10.44,7.44,5.47,7.85,11.75,9.89
2025-12-15T17:19:49.801963,Recipe_B,610592ff-dcbe-4f1d-8eb4-f593c5d7ac78,2,3.0,,,,7.35,10.66,7.38,11.1,14.55,7.97
2025-12-15T17:19:50.801963,Recipe_B,610592ff-dcbe-4f1d-8eb4-f593c5d7ac78,2,3.0,,,,12.85,12.1,10.91,9.69,11.4,12.8
2025-12-15T17:19:51.801963,Recipe_B,610592ff-dcbe-4f1d-8eb4-f593c5d7ac78,2,3.0,,,,9.11,9.86,7.51,9.55,10.68,10.77
2025-12-15T17:19:52.801963,Recipe_B,610592ff-dcbe-4f1d-8eb4-f593c5d7ac78,2,3.0,,,,8.06,7.54,10.15,11.52,10.63,10.67
2025-12-15T17:19:53.801963,Recipe_B,610592ff-dcbe-4f1d-8eb4-f593c5d7ac78,2,3.0,,,,10.55,12.36,10.67,9.3,7.34,8.39
2025-12-15T17:19:54.801963,Recipe_B,610592ff-dcbe-4f1d-8eb4-f593c5d7ac78,2,3.0,,,,7.53,8.8,9.7,6.87,13.65,9.8
2025-12-15T17:19:55.801963,Recipe_B,610592ff-dcbe-4f1d-8eb4-f593c5d7ac78,2,3.0,,,,8.74,10.72,10.18,10.03,11.21,13.44
2025-12-15T17:19:56.801963,Recipe_B,610592ff-dcbe-4f1d-8eb4-f593c5d7ac78,2,2.0,,,,9.41,7.13,10.34,10.6,6.48,9.96
2025-12-15T17:19:57.801963,Recipe_B,610592ff-dcbe-4f1d-8eb4-f593c5d7ac78,2,2.0,,,,11.52,8.64,7.17,10.25,11.63,11.02
2025-12-15T17:19:58.801963,Recipe_B,610592ff-dcbe-4f1d-8eb4-f593c5d7ac78,2,2.0,,,,13.72,9.45,8.84,10.6,9.96,10.94
2025-12-15T17:19:59.801963,Recipe_B,610592ff-dcbe-4f1d-8eb4-f593c5d7ac78,2,2.0,,,,11.28,9.61,11.51,9.23,8.45,8.96
2025-12-15T17:20:00.801963,Recipe_B,610592ff-dcbe-4f1d-8eb4-f593c5d7ac78,2,2.0,,,,11.37,10.55,13.25,11.02,13.19,13.04
2025-12-15T17:20:01.801963,Recipe_B,610592ff-dcbe-4f1d-8eb4-f593c5d7ac78,2,2.0,,,,9.69,10.58,9.49,9.13,11.89,9.87
2025-12-15T17:20:02.801963,Recipe_B,610592ff-dcbe-4f1d-8eb4-f593c5d7ac78,2,2.0,,,,9.96,10.95,9.05,7.88,12.07,8.9
2025-12-15T17:20:03.801963,Recipe_B,610592ff-dcbe-4f1d-8eb4-f593c5d7ac78,2,2.0,,,,10.79,11.41,11.15,9.71,12.24,9.85
2025-12-15T17:20:04.801963,Recipe_B,610592ff-dcbe-4f1d-8eb4-f593c5d7ac78,2,2.0,,,,11.01,7.97,4.95,7.49,10.0,9.31
2025-12-15T17:20:05.801963,Recipe_B,610592ff-dcbe-4f1d-8eb4-f593c5d7ac78,2,2.0,,,,8.06,13.84,8.74,12.56,9.77,10.79
2025-12-15T17:20:06.801963,Recipe_B,610592ff-dcbe-4f1d-8eb4-f593c5d7ac78,2,2.0,,,,8.79,8.48,14.29,8.89,10.33,11.5
2025-12-15T17:20:07.801963,Recipe_B,610592ff-dcbe-4f1d-8eb4-f593c5d7ac78,2,2.0,,,,9.99,10.33,7.3,12.2,13.67,9.95
2025-12-15T17:20:08.801963,Recipe_B,610592ff-dcbe-4f1d-8eb4-f593c5d7ac78,2,2.0,,,,10.43,9.4,10.59,5.09,8.75,14.35
2025-12-15T17:20:09.801963,Recipe_B,610592ff-dcbe-4f1d-8eb4-f593c5d7ac78,2,2.0,,,,12.47,13.29,7.2,9.25,9.55,11.99
2025-12-15T17:20:10.801963,Recipe_B,610592ff-dcbe-4f1d-8eb4-f593c5d7ac78,2,2.0,,,,12.78,10.03,9.86,10.52,12.01,11.65
2025-12-15T17:20:11.801963,Recipe_B,610592ff-dcbe-4f1d-8eb4-f593c5d7ac78,2,2.0,,,,11.24,8.68,6.18,8.36,13.02,8.52
2025-12-15T17:20:12.801963,Recipe_B,610592ff-dcbe-4f1d-8eb4-f593c5d7ac78,2,2.0,,,,9.53,7.28,13.9,10.2,7.65,9.3
2025-12-15T17:20:13.801963,Recipe_B,610592ff-dcbe-4f1d-8eb4-f593c5d7ac78,2,2.0,,,,8.07,7.74,13.13,9.56,10.89,10.48
2025-12-15T17:20:14.801963,Recipe_B,610592ff-dcbe-4f1d-8eb4-f593c5d7ac78,2,2.0,,,,7.98,13.09,11.05,13.37,13.1,8.65
2025-12-15T17:20:15.801963,Recipe_B,610592ff-dcbe-4f1d-8eb4-f593c5d7ac78,2,2.0,,,,9.43,9.39,7.33,8.69,9.5,16.44
2025-12-15T17:20:16.801963,Recipe_B,610592ff-dcbe-4f1d-8eb4-f593c5d7ac78,2,2.0,,,,8.4,10.95,6.0,9.33,11.33,9.96
2025-12-15T17:20:17.801963,Recipe_B,610592ff-dcbe-4f1d-8eb4-f593c5d7ac78,2,2.0,,,,10.83,8.43,12.07,10.24,7.96,9.91
2025-12-15T17:20:18.801963,Recipe_B,610592ff-dcbe-4f1d-8eb4-f593c5d7ac78,2,2.0,,,,8.2,9.31,7.35,9.73,7.13,7.95
2025-12-15T17:20:19.801963,Recipe_B,610592ff-dcbe-4f1d-8eb4-f593c5d7ac78,2,2.0,,,,11.64,8.73,10.53,9.34,11.93,9.02
2025-12-15T17:20:20.801963,Recipe_B,610592ff-dcbe-4f1d-8eb4-f593c5d7ac78,2,2.0,,,,10.18,7.4,9.74,9.28,9.76,7.54
2025-12-15T17:20:21.801963,Recipe_B,610592ff-dcbe-4f1d-8eb4-f593c5d7ac78,2,2.0,,,,15.37,8.1,10.42,11.48,7.93,10.67
2025-12-15T17:20:22.801963,Recipe_B,610592ff-dcbe-4f1d-8eb4-f593c5d7ac78,2,2.0,,,,10.41,8.04,10.8,11.1,10.05,12.56
2025-12-15T17:20:23.801963,Recipe_B,610592ff-dcbe-4f1d-8eb4-f593c5d7ac78,2,2.0,,,,11.57,7.19,13.68,12.01,10.59,10.22
2025-12-15T17:20:24.801963,Recipe_B,610592ff-dcbe-4f1d-8eb4-f593c5d7ac78,2,2.0,,,,14.42,15.62,9.68,8.28,9.92,13.97
2025-12-15T17:20:25.801963,Recipe_B,610592ff-dcbe-4f1d-8eb4-f593c5d7ac78,2,2.0,,,,14.09,8.33,9.98,4.43,10.23,10.74
2025-12-15T17:20:26.801963,Recipe_B,610592ff-dcbe-4f1d-8eb4-f593c5d7ac78,2,2.0,,,,9.71,9.0,10.3,7.85,12.65,10.03
2025-12-15T17:20:27.801963,Recipe_B,610592ff-dcbe-4f1d-8eb4-f593c5d7ac78,2,2.0,,,,12.5,8.67,9.61,10.85,8.02,7.16
2025-12-15T17:20:28.801963,Recipe_B,610592ff-dcbe-4f1d-8eb4-f593c5d7ac78,2,2.0,,,,8.12,9.63,5.93,9.15,12.06,12.73
2025-12-15T17:20:29.801963,Recipe_B,610592ff-dcbe-4f1d-8eb4-f593c5d7ac78,2,2.0,,,,10.59,12.5,14.33,8.77,10.24,10.89
2025-12-15T17:20:30.801963,Recipe_B,610592ff-dcbe-4f1d-8eb4-f593c5d7ac78,2,2.0,,,,10.86,13.05,9.44,9.89,12.62,9.26
2025-12-15T17:20:31.801963,Recipe_B,610592ff-dcbe-4f1d-8eb4-f593c5d7ac78,2,2.0,,,,8.27,10.0,10.14,14.93,9.5,12.62
2025-12-15T17:20:32.801963,Recipe_B,610592ff-dcbe-4f1d-8eb4-f593c5d7ac78,2,2.0,,,,6.7,12.09,11.53,11.39,10.46,8.57
2025-12-15T17:20:33.801963,Recipe_B,610592ff-dcbe-4f1d-8eb4-f593c5d7ac78,2,2.0,,,,10.18,11.99,9.53,6.32,7.74,11.88
2025-12-15T17:20:34.801963,Recipe_B,610592ff-dcbe-4f1d-8eb4-f593c5d7ac78,2,2.0,,,,7.38,12.71,13.66,9.06,10.79,10.11
2025-12-15T17:20:35.801963,Recipe_B,610592ff-dcbe-4f1d-8eb4-f593c5d7ac78,2,2.0,,,,8.84,10.49,10.53,10.83,6.47,7.01
2025-12-15T17:20:36.801963,Recipe_B,610592ff-dcbe-4f1d-8eb4-f593c5d7ac78,2,2.0,,,,11.98,7.16,10.74,11.62,11.84,12.67
2025-12-15T17:20:37.801963,Recipe_B,610592ff-dcbe-4f1d-8eb4-f593c5d7ac78,2,2.0,,,,10.44,9.92,8.13,9.67,11.05,10.23
2025-12-15T17:20:38.801963,Recipe_B,610592ff-dcbe-4f1d-8eb4-f593c5d7ac78,2,2.0,,,,9.82,10.44,10.53,9.77,11.26,12.03
2025-12-15T17:20:39.801963,Recipe_B,610592ff-dcbe-4f1d-8eb4-f593c5d7ac78,2,2.0,,,,13.43,9.92,10.78,10.03,12.15,10.87
2025-12-15T17:20:40.801963,Recipe_B,610592ff-dcbe-4f1d-8eb4-f593c5d7ac78,2,2.0,,,,11.07,10.52,8.73,13.29,10.89,11.81
2025-12-15T17:20:41.801963,Recipe_B,610592ff-dcbe-4f1d-8eb4-f593c5d7ac78,2,2.0,,,,8.93,7.93,4.8,11.64,7.02,10.87
2025-12-15T17:20:42.801963,Recipe_B,610592ff-dcbe-4f1d-8eb4-f593c5d7ac78,2,2.0,,,,14.6,10.87,10.75,9.78,8.17,6.49
2025-12-15T17:20:43.801963,Recipe_B,610592ff-dcbe-4f1d-8eb4-f593c5d7ac78,2,2.0,,,,10.77,11.97,10.33,11.12,5.16,11.37
2025-12-15T17:20:44.801963,Recipe_B,610592ff-dcbe-4f1d-8eb4-f593c5d7ac78,2,2.0,,,,11.4,10.5,9.94,12.86,11.08,12.75
2025-12-15T17:20:45.801963,Recipe_B,610592ff-dcbe-4f1d-8eb4-f593c5d7ac78,2,2.0,,,,10.16,8.63,7.39,8.87,11.49,8.42
2025-12-15T17:20:46.801963,Recipe_B,610592ff-dcbe-4f1d-8eb4-f593c5d7ac78,2,2.0,,,,13.88,10.74,11.58,10.79,9.74,7.6
2025-12-15T17:20:47.801963,Recipe_B,610592ff-dcbe-4f1d-8eb4-f593c5d7ac78,2,2.0,,,,10.83,8.47,8.2,11.31,9.49,10.46
2025-12-15T17:20:48.801963,Recipe_B,610592ff-dcbe-4f1d-8eb4-f593c5d7ac78,2,2.0,,,,10.79,11.67,7.19,9.94,11.23,8.74
2025-12-15T17:20:49.801963,Recipe_B,610592ff-dcbe-4f1d-8eb4-f593c5d7ac78,2,2.0,,,,10.54,10.15,8.99,7.69,10.49,8.75
2025-12-15T17:20:50.801963,Recipe_B,610592ff-dcbe-4f1d-8eb4-f593c5d7ac78,2,2.0,,,,9.7,12.43,10.63,11.45,7.13,8.75
2025-12-15T17:20:51.801963,Recipe_B,610592ff-dcbe-4f1d-8eb4-f593c5d7ac78,2,2.0,,,,8.6,8.87,14.16,10.76,11.65,8.52
2025-12-15T17:20:52.801963,Recipe_B,610592ff-dcbe-4f1d-8eb4-f593c5d7ac78,2,2.0,,,,9.82,11.27,10.72,10.64,10.62,11.26
2025-12-15T17:20:53.801963,Recipe_B,610592ff-dcbe-4f1d-8eb4-f593c5d7ac78,2,2.0,,,,12.42,9.55,8.77,11.31,12.08,8.22
2025-12-15T17:20:54.801963,Recipe_B,610592ff-dcbe-4f1d-8eb4-f593c5d7ac78,2,2.0,,,,10.92,11.78,11.44,9.79,9.82,12.35
2025-12-15T17:20:55.801963,Recipe_B,610592ff-dcbe-4f1d-8eb4-f593c5d7ac78,2,2.0,,,,10.03,10.15,9.39,9.79,11.06,11.56
2025-12-15T17:20:56.801963,Recipe_B,610592ff-dcbe-4f1d-8eb4-f593c5d7ac78,2,2.0,,,,11.58,11.64,10.28,10.36,9.17,9.98
2025-12-15T17:20:57.801963,Recipe_B,610592ff-dcbe-4f1d-8eb4-f593c5d7ac78,2,2.0,,,,8.62,9.98,8.35,8.73,11.18,11.67
2025-12-15T17:20:58.801963,Recipe_B,610592ff-dcbe-4f1d-8eb4-f593c5d7ac78,2,2.0,,,,10.8,7.85,6.81,9.71,7.58,10.45
2025-12-15T17:20:59.801963,Recipe_B,610592ff-dcbe-4f1d-8eb4-f593c5d7ac78,2,2.0,,,,7.39,11.09,10.16,9.33,10.83,12.3
2025-12-15T17:21:00.801963,Recipe_B,610592ff-dcbe-4f1d-8eb4-f593c5d7ac78,2,2.0,,,,5.37,11.9,9.77,10.76,9.66,11.94
2025-12-15T17:21:01.801963,Recipe_B,610592ff-dcbe-4f1d-8eb4-f593c5d7ac78,2,2.0,,,,7.43,7.03,11.67,11.92,9.08,9.46
2025-12-15T17:21:02.801963,Recipe_B,610592ff-dcbe-4f1d-8eb4-f593c5d7ac78,2,2.0,,,,7.88,6.3,10.42,11.4,11.56,13.47
2025-12-15T17:21:03.801963,Recipe_B,610592ff-dcbe-4f1d-8eb4-f593c5d7ac78,2,2.0,,,,11.41,13.07,9.25,11.78,8.23,9.11
2025-12-15T17:21:04.801963,Recipe_B,610592ff-dcbe-4f1d-8eb4-f593c5d7ac78,2,2.0,,,,11.37,7.98,12.39,9.87,9.92,11.13
2025-12-15T17:21:05.801963,Recipe_B,610592ff-dcbe-4f1d-8eb4-f593c5d7ac78,2,2.0,,,,9.92,9.49,7.03,9.18,10.87,8.53
2025-12-15T17:21:06.801963,Recipe_B,610592ff-dcbe-4f1d-8eb4-f593c5d7ac78,2,4.0,,,,100.15,48.76,48.77,42.86,50.06,41.08
2025-12-15T17:21:07.801963,Recipe_B,610592ff-dcbe-4f1d-8eb4-f593c5d7ac78,2,4.0,,,,93.82,45.5,52.52,47.1,51.52,49.86
2025-12-15T17:21:08.801963,Recipe_B,610592ff-dcbe-4f1d-8eb4-f593c5d7ac78,2,4.0,,,,100.94,53.0,51.17,50.74,50.46,60.11
2025-12-15T17:21:09.801963,Recipe_B,610592ff-dcbe-4f1d-8eb4-f593c5d7ac78,2,4.0,,,,90.77,42.16,44.29,55.18,53.79,40.98
2025-12-15T17:21:10.801963,Recipe_B,610592ff-dcbe-4f1d-8eb4-f593c5d7ac78,2,4.0,,,,105.09,59.07,49.7,47.93,45.46,57.24
2025-12-15T17:21:11.801963,Recipe_B,610592ff-dcbe-4f1d-8eb4-f593c5d7ac78,2,4.0,,,,101.97,41.86,47.26,53.85,51.59,52.34
2025-12-15T17:21:12.801963,Recipe_B,610592ff-dcbe-4f1d-8eb4-f593c5d7ac78,2,4.0,,,,99.71,43.49,61.69,46.17,51.55,50.84
2025-12-15T17:21:13.801963,Recipe_B,610592ff-dcbe-4f1d-8eb4-f593c5d7ac78,2,4.0,,,,92.58,47.9,49.34,48.76,48.01,59.87
2025-12-15T17:21:14.801963,Recipe_B,610592ff-dcbe-4f1d-8eb4-f593c5d7ac78,2,4.0,,,,103.85,54.24,53.69,50.98,44.55,52.92
2025-12-15T17:21:15.801963,Recipe_B,610592ff-dcbe-4f1d-8eb4-f593c5d7ac78,2,4.0,,,,105.18,54.86,50.76,45.22,48.29,56.49
2025-12-15T17:21:16.801963,Recipe_B,610592ff-dcbe-4f1d-8eb4-f593c5d7ac78,2,4.0,,,,98.01,53.19,45.33,54.01,46.03,43.92
2025-12-15T17:21:17.801963,Recipe_B,610592ff-dcbe-4f1d-8eb4-f593c5d7ac78,2,4.0,,,,88.32,57.58,49.26,45.07,53.93,52.88
2025-12-15T17:21:18.801963,Recipe_B,610592ff-dcbe-4f1d-8eb4-f593c5d7ac78,2,4.0,,,,104.98,59.63,52.59,59.85,62.46,57.76
2025-12-15T17:21:19.801963,Recipe_B,610592ff-dcbe-4f1d-8eb4-f593c5d7ac78,2,4.0,,,,98.49,44.34,51.35,53.04,55.35,51.41
2025-12-15T17:21:20.801963,Recipe_B,610592ff-dcbe-4f1d-8eb4-f593c5d7ac78,2,4.0,,,,103.89,53.71,47.87,43.35,51.8,49.79
2025-12-15T17:21:21.801963,Recipe_B,610592ff-dcbe-4f1d-8eb4-f593c5d7ac78,2,4.0,,,,103.39,58.95,48.27,57.14,43.02,42.41
2025-12-15T17:21:22.801963,Recipe_B,610592ff-dcbe-4f1d-8eb4-f593c5d7ac78,2,4.0,,,,102.36,42.54,45.79,55.42,51.13,58.21
2025-12-15T17:21:23.801963,Recipe_B,610592ff-dcbe-4f1d-8eb4-f593c5d7ac78,2,4.0,,,,102.09,50.53,52.9,53.1,44.25,53.41
2025-12-15T17:21:24.801963,Recipe_B,610592ff-dcbe-4f1d-8eb4-f593c5d7ac78,2,4.0,,,,94.69,43.67,54.77,51.46,57.86,41.45
2025-12-15T17:21:25.801963,Recipe_B,610592ff-dcbe-4f1d-8eb4-f593c5d7ac78,2,4.0,,,,102.57,55.31,45.0,42.05,50.38,53.4
2025-12-15T17:21:26.801963,Recipe_B,610592ff-dcbe-4f1d-8eb4-f593c5d7ac78,2,4.0,,,,108.69,47.13,47.98,40.62,40.72,59.46
2025-12-15T17:21:27.801963,Recipe_B,610592ff-dcbe-4f1d-8eb4-f593c5d7ac78,2,4.0,,,,92.68,59.08,41.85,55.33,49.94,53.04
2025-12-15T17:21:28.801963,Recipe_B,610592ff-dcbe-4f1d-8eb4-f593c5d7ac78,2,4.0,,,,99.8,50.15,52.96,59.37,55.11,46.02
2025-12-15T17:21:29.801963,Recipe_B,610592ff-dcbe-4f1d-8eb4-f593c5d7ac78,2,0.0,,,,0.0,0.0,0.0,0.0,0.0,0.0
2025-12-15T17:21:30.801963,Recipe_B,610592ff-dcbe-4f1d-8eb4-f593c5d7ac78,2,0.0,,,,0.0,0.0,0.0,0.0,0.0,0.0
2025-12-15T17:21:31.801963,Recipe_B,610592ff-dcbe-4f1d-8eb4-f593c5d7ac78,2,0.0,,,,0.0,0.0,0.0,0.0,0.0,0.0
2025-12-15T17:21:32.801963,Recipe_B,610592ff-dcbe-4f1d-8eb4-f593c5d7ac78,2,0.0,,,,0.0,0.0,0.0,0.0,0.0,0.0
2025-12-15T17:21:33.801963,Recipe_B,610592ff-dcbe-4f1d-8eb4-f593c5d7ac78,2,0.0,,,,0.0,0.0,0.0,0.0,0.0,0.0
2025-12-15T17:21:34.801963,Recipe_B,610592ff-dcbe-4f1d-8eb4-f593c5d7ac78,2,0.0,,,,0.0,0.0,0.0,0.0,0.0,0.0
2025-12-15T17:21:34.801963,Recipe_B,610592ff-dcbe-4f1d-8eb4-f593c5d7ac78,2,0.0,Warning_3,Simulated Warning occurred,Warning,,,,,,
2025-12-15T17:21:35.801963,Recipe_B,610592ff-dcbe-4f1d-8eb4-f593c5d7ac78,2,0.0,,,,0.0,0.0,0.0,0.0,0.0,0.0
2025-12-15T17:21:36.801963,Recipe_B,610592ff-dcbe-4f1d-8eb4-f593c5d7ac78,2,0.0,,,,0.0,0.0,0.0,0.0,0.0,0.0
2025-12-15T17:21:37.801963,Recipe_B,610592ff-dcbe-4f1d-8eb4-f593c5d7ac78,2,0.0,,,,0.0,0.0,0.0,0.0,0.0,0.0
2025-12-15T17:21:38.801963,Recipe_B,610592ff-dcbe-4f1d-8eb4-f593c5d7ac78,2,0.0,,,,0.0,0.0,0.0,0.0,0.0,0.0
2025-12-15T17:21:39.801963,Recipe_B,610592ff-dcbe-4f1d-8eb4-f593c5d7ac78,2,0.0,,,,0.0,0.0,0.0,0.0,0.0,0.0
2025-12-15T17:21:40.801963,Recipe_B,610592ff-dcbe-4f1d-8eb4-f593c5d7ac78,2,0.0,,,,0.0,0.0,0.0,0.0,0.0,0.0
2025-12-15T17:21:41.801963,Recipe_B,610592ff-dcbe-4f1d-8eb4-f593c5d7ac78,2,0.0,,,,0.0,0.0,0.0,0.0,0.0,0.0
2025-12-15T17:21:42.801963,Recipe_B,610592ff-dcbe-4f1d-8eb4-f593c5d7ac78,2,0.0,,,,0.0,0.0,0.0,0.0,0.0,0.0
2025-12-15T17:21:43.801963,Recipe_B,610592ff-dcbe-4f1d-8eb4-f593c5d7ac78,2,0.0,,,,0.0,0.0,0.0,0.0,0.0,0.0
2025-12-15T17:21:44.801963,Recipe_B,610592ff-dcbe-4f1d-8eb4-f593c5d7ac78,2,0.0,,,,0.0,0.0,0.0,0.0,0.0,0.0
2025-12-15T17:21:45.801963,Recipe_B,610592ff-dcbe-4f1d-8eb4-f593c5d7ac78,2,0.0,,,,0.0,0.0,0.0,0.0,0.0,0.0
2025-12-15T17:21:46.801963,Recipe_B,610592ff-dcbe-4f1d-8eb4-f593c5d7ac78,2,0.0,,,,0.0,0.0,0.0,0.0,0.0,0.0
2025-12-15T17:21:47.801963,Recipe_B,610592ff-dcbe-4f1d-8eb4-f593c5d7ac78,2,0.0,,,,0.0,0.0,0.0,0.0,0.0,0.0
2025-12-15T17:21:48.801963,Recipe_B,610592ff-dcbe-4f1d-8eb4-f593c5d7ac78,2,4.0,,,,100.28,40.93,58.53,49.74,43.61,44.54
2025-12-15T17:21:49.801963,Recipe_B,610592ff-dcbe-4f1d-8eb4-f593c5d7ac78,2,4.0,,,,92.89,40.16,48.99,48.52,45.3,41.51
2025-12-15T17:21:50.801963,Recipe_B,610592ff-dcbe-4f1d-8eb4-f593c5d7ac78,2,4.0,,,,96.02,55.72,51.44,47.34,53.73,40.09
2025-12-15T17:21:51.801963,Recipe_B,610592ff-dcbe-4f1d-8eb4-f593c5d7ac78,2,4.0,,,,95.09,50.77,42.47,57.73,55.06,52.91
2025-12-15T17:21:52.801963,Recipe_B,610592ff-dcbe-4f1d-8eb4-f593c5d7ac78,2,4.0,,,,108.3,55.78,49.73,54.04,42.95,48.55
2025-12-15T17:21:53.801963,Recipe_B,610592ff-dcbe-4f1d-8eb4-f593c5d7ac78,2,4.0,,,,91.61,49.47,55.69,42.33,52.22,46.73
2025-12-15T17:21:54.801963,Recipe_B,610592ff-dcbe-4f1d-8eb4-f593c5d7ac78,2,4.0,,,,93.61,54.89,48.38,51.37,42.15,46.46
2025-12-15T17:21:55.801963,Recipe_B,610592ff-dcbe-4f1d-8eb4-f593c5d7ac78,2,4.0,,,,103.09,50.27,48.78,46.82,45.05,55.1
2025-12-15T17:21:56.801963,Recipe_B,610592ff-dcbe-4f1d-8eb4-f593c5d7ac78,2,4.0,,,,95.99,60.31,49.87,54.14,43.77,49.71
2025-12-15T17:21:57.801963,Recipe_B,610592ff-dcbe-4f1d-8eb4-f593c5d7ac78,2,4.0,,,,99.17,44.59,49.5,47.32,51.33,49.49
2025-12-15T17:21:58.801963,Recipe_B,610592ff-dcbe-4f1d-8eb4-f593c5d7ac78,2,4.0,,,,98.51,54.21,52.45,45.97,50.66,49.63
2025-12-15T17:21:59.801963,Recipe_B,610592ff-dcbe-4f1d-8eb4-f593c5d7ac78,2,4.0,,,,95.22,53.78,51.34,48.35,49.82,45.85
2025-12-15T17:22:00.801963,Recipe_B,610592ff-dcbe-4f1d-8eb4-f593c5d7ac78,2,4.0,,,,97.46,48.73,48.98,50.82,57.91,47.11
2025-12-15T17:22:01.801963,Recipe_B,610592ff-dcbe-4f1d-8eb4-f593c5d7ac78,2,4.0,,,,104.04,48.16,37.54,49.42,42.32,55.15
2025-12-15T17:22:02.801963,Recipe_B,610592ff-dcbe-4f1d-8eb4-f593c5d7ac78,2,4.0,,,,100.66,46.52,47.86,56.17,52.51,45.85
2025-12-15T17:22:03.801963,Recipe_B,610592ff-dcbe-4f1d-8eb4-f593c5d7ac78,2,4.0,,,,106.95,41.7,45.63,56.47,45.39,44.48
2025-12-15T17:22:04.801963,Recipe_B,610592ff-dcbe-4f1d-8eb4-f593c5d7ac78,2,4.0,,,,99.39,50.28,51.39,54.65,41.56,48.29
2025-12-15T17:22:05.801963,Recipe_B,610592ff-dcbe-4f1d-8eb4-f593c5d7ac78,2,4.0,,,,103.41,61.83,50.24,44.8,56.16,45.83
2025-12-15T17:22:06.801963,Recipe_B,610592ff-dcbe-4f1d-8eb4-f593c5d7ac78,2,4.0,,,,96.79,53.14,51.71,52.46,49.62,52.23
2025-12-15T17:22:07.801963,Recipe_B,610592ff-dcbe-4f1d-8eb4-f593c5d7ac78,2,4.0,,,,97.17,51.21,48.87,40.11,49.43,41.16
2025-12-15T17:22:08.801963,Recipe_B,610592ff-dcbe-4f1d-8eb4-f593c5d7ac78,2,4.0,,,,93.02,50.76,53.01,54.97,55.38,56.29
2025-12-15T17:22:09.801963,Recipe_B,610592ff-dcbe-4f1d-8eb4-f593c5d7ac78,2,4.0,,,,100.18,47.36,53.84,56.09,43.56,59.61
2025-12-15T17:22:10.801963,Recipe_B,610592ff-dcbe-4f1d-8eb4-f593c5d7ac78,2,4.0,,,,100.19,46.07,46.23,44.67,49.25,43.99
2025-12-15T17:22:11.801963,Recipe_B,610592ff-dcbe-4f1d-8eb4-f593c5d7ac78,2,4.0,,,,103.15,54.2,52.01,59.08,50.17,58.74
2025-12-15T17:22:12.801963,Recipe_B,610592ff-dcbe-4f1d-8eb4-f593c5d7ac78,2,4.0,,,,99.51,46.13,45.75,50.58,56.19,50.99
2025-12-15T17:22:13.801963,Recipe_B,610592ff-dcbe-4f1d-8eb4-f593c5d7ac78,2,4.0,,,,106.62,51.13,45.25,45.69,60.28,54.49
2025-12-15T17:22:14.801963,Recipe_B,610592ff-dcbe-4f1d-8eb4-f593c5d7ac78,2,4.0,,,,100.0,46.4,47.58,46.98,52.46,50.73
2025-12-15T17:22:15.801963,Recipe_B,610592ff-dcbe-4f1d-8eb4-f593c5d7ac78,2,4.0,,,,101.03,57.25,54.01,51.6,50.79,51.07
2025-12-15T17:22:16.801963,Recipe_B,610592ff-dcbe-4f1d-8eb4-f593c5d7ac78,2,4.0,,,,100.25,50.75,50.71,47.88,50.88,45.84
2025-12-15T17:22:17.801963,Recipe_B,610592ff-dcbe-4f1d-8eb4-f593c5d7ac78,2,4.0,,,,100.03,51.64,43.92,49.69,53.68,53.16
2025-12-15T17:22:18.801963,Recipe_B,610592ff-dcbe-4f1d-8eb4-f593c5d7ac78,2,4.0,,,,94.38,50.24,50.98,49.46,48.42,47.13
2025-12-15T17:22:19.801963,Recipe_B,610592ff-dcbe-4f1d-8eb4-f593c5d7ac78,2,4.0,,,,95.52,46.14,48.85,55.71,46.58,45.55
2025-12-15T17:22:20.801963,Recipe_B,610592ff-dcbe-4f1d-8eb4-f593c5d7ac78,2,4.0,,,,110.3,51.29,49.05,53.74,54.3,58.07
2025-12-15T17:22:21.801963,Recipe_B,610592ff-dcbe-4f1d-8eb4-f593c5d7ac78,2,4.0,,,,104.16,42.25,51.66,53.71,43.65,47.12
2025-12-15T17:22:22.801963,Recipe_B,610592ff-dcbe-4f1d-8eb4-f593c5d7ac78,2,4.0,,,,94.81,45.16,59.96,49.84,60.56,52.21
2025-12-15T17:22:23.801963,Recipe_B,610592ff-dcbe-4f1d-8eb4-f593c5d7ac78,2,4.0,,,,102.94,38.12,48.8,56.03,50.08,57.0
2025-12-15T17:22:24.801963,Recipe_B,610592ff-dcbe-4f1d-8eb4-f593c5d7ac78,2,4.0,,,,100.65,49.43,51.05,50.05,56.39,56.34
2025-12-15T17:22:25.801963,Recipe_B,610592ff-dcbe-4f1d-8eb4-f593c5d7ac78,2,4.0,,,,96.85,49.4,59.82,47.77,47.86,53.11
2025-12-15T17:22:26.801963,Recipe_B,610592ff-dcbe-4f1d-8eb4-f593c5d7ac78,2,4.0,,,,101.62,45.46,41.72,50.6,51.26,49.7
2025-12-15T17:22:27.801963,Recipe_B,610592ff-dcbe-4f1d-8eb4-f593c5d7ac78,2,4.0,,,,100.65,47.85,54.14,59.36,47.2,51.14
2025-12-15T17:22:28.801963,Recipe_B,610592ff-dcbe-4f1d-8eb4-f593c5d7ac78,2,4.0,,,,101.15,50.89,51.87,54.68,44.7,54.96
2025-12-15T17:22:29.801963,Recipe_B,610592ff-dcbe-4f1d-8eb4-f593c5d7ac78,2,4.0,,,,100.89,49.85,50.98,49.82,48.74,44.48
2025-12-15T17:22:30.801963,Recipe_B,610592ff-dcbe-4f1d-8eb4-f593c5d7ac78,2,4.0,,,,93.82,60.6,57.98,48.39,51.59,45.86
2025-12-15T17:22:31.801963,Recipe_B,610592ff-dcbe-4f1d-8eb4-f593c5d7ac78,2,4.0,,,,103.42,55.15,45.12,47.95,51.59,56.71
2025-12-15T17:22:32.801963,Recipe_B,610592ff-dcbe-4f1d-8eb4-f593c5d7ac78,2,4.0,,,,99.89,38.38,46.21,47.17,49.7,52.77
2025-12-15T17:22:33.801963,Recipe_B,610592ff-dcbe-4f1d-8eb4-f593c5d7ac78,2,4.0,,,,103.13,46.41,53.74,53.54,52.29,54.59
2025-12-15T17:22:34.801963,Recipe_B,610592ff-dcbe-4f1d-8eb4-f593c5d7ac78,2,4.0,,,,100.02,51.92,54.37,53.63,49.33,49.41
2025-12-15T17:22:35.801963,Recipe_B,610592ff-dcbe-4f1d-8eb4-f593c5d7ac78,2,4.0,,,,104.63,43.62,38.16,49.5,49.02,52.86
2025-12-15T17:22:36.801963,Recipe_B,610592ff-dcbe-4f1d-8eb4-f593c5d7ac78,2,4.0,,,,104.62,50.17,46.59,39.58,53.47,52.05
2025-12-15T17:22:37.801963,Recipe_B,610592ff-dcbe-4f1d-8eb4-f593c5d7ac78,2,4.0,,,,89.34,48.37,45.65,48.34,48.76,43.68
2025-12-15T17:22:38.801963,Recipe_B,610592ff-dcbe-4f1d-8eb4-f593c5d7ac78,2,4.0,,,,96.71,52.43,52.45,51.59,51.26,50.99
2025-12-15T17:22:39.801963,Recipe_B,610592ff-dcbe-4f1d-8eb4-f593c5d7ac78,2,4.0,,,,96.33,64.19,48.28,44.5,49.69,40.97
2025-12-15T17:22:40.801963,Recipe_B,610592ff-dcbe-4f1d-8eb4-f593c5d7ac78,2,4.0,,,,99.48,58.41,48.09,53.24,50.48,51.11
2025-12-15T17:22:41.801963,Recipe_B,610592ff-dcbe-4f1d-8eb4-f593c5d7ac78,2,4.0,,,,102.04,48.28,54.53,62.14,60.05,52.11
2025-12-15T17:22:42.801963,Recipe_B,610592ff-dcbe-4f1d-8eb4-f593c5d7ac78,2,4.0,,,,102.38,55.45,54.31,47.7,55.26,52.49
2025-12-15T17:22:43.801963,Recipe_B,610592ff-dcbe-4f1d-8eb4-f593c5d7ac78,2,4.0,,,,101.12,50.56,49.24,49.48,56.14,40.12
2025-12-15T17:22:44.801963,Recipe_B,610592ff-dcbe-4f1d-8eb4-f593c5d7ac78,2,4.0,,,,90.03,50.75,45.15,40.19,49.07,50.26
2025-12-15T17:22:45.801963,Recipe_B,610592ff-dcbe-4f1d-8eb4-f593c5d7ac78,2,4.0,,,,101.73,59.25,46.14,48.36,48.75,46.72
2025-12-15T17:22:46.801963,Recipe_B,610592ff-dcbe-4f1d-8eb4-f593c5d7ac78,2,4.0,,,,112.07,53.07,48.09,52.41,41.12,53.76
2025-12-15T17:22:47.801963,Recipe_B,610592ff-dcbe-4f1d-8eb4-f593c5d7ac78,2,4.0,,,,100.98,53.4,52.6,54.59,40.36,49.34
2025-12-15T17:22:48.801963,Recipe_B,610592ff-dcbe-4f1d-8eb4-f593c5d7ac78,2,4.0,,,,100.32,52.1,49.37,48.86,61.95,41.69
2025-12-15T17:22:49.801963,Recipe_B,610592ff-dcbe-4f1d-8eb4-f593c5d7ac78,2,4.0,,,,102.88,48.47,49.01,49.01,48.48,54.19
2025-12-15T17:22:50.801963,Recipe_B,610592ff-dcbe-4f1d-8eb4-f593c5d7ac78,2,4.0,,,,98.17,48.34,55.02,48.28,50.67,50.25
2025-12-15T17:22:51.801963,Recipe_B,610592ff-dcbe-4f1d-8eb4-f593c5d7ac78,2,4.0,,,,100.84,52.16,42.87,58.87,52.01,41.84
2025-12-15T17:22:52.801963,Recipe_B,610592ff-dcbe-4f1d-8eb4-f593c5d7ac78,2,4.0,,,,99.38,54.9,51.3,48.66,46.17,43.13
2025-12-15T17:22:53.801963,Recipe_B,610592ff-dcbe-4f1d-8eb4-f593c5d7ac78,2,4.0,,,,119.52,51.38,51.22,50.04,42.91,55.81
2025-12-15T17:22:54.801963,Recipe_B,610592ff-dcbe-4f1d-8eb4-f593c5d7ac78,2,4.0,,,,95.62,45.96,53.26,44.26,55.23,53.93
2025-12-15T17:22:55.801963,Recipe_B,610592ff-dcbe-4f1d-8eb4-f593c5d7ac78,2,4.0,,,,106.98,52.49,54.22,48.21,42.73,45.7
2025-12-15T17:22:56.801963,Recipe_B,610592ff-dcbe-4f1d-8eb4-f593c5d7ac78,2,4.0,,,,95.59,50.75,45.8,57.28,46.25,46.98
2025-12-15T17:22:57.801963,Recipe_B,610592ff-dcbe-4f1d-8eb4-f593c5d7ac78,2,4.0,,,,101.34,42.97,54.06,51.57,54.69,49.18
2025-12-15T17:22:58.801963,Recipe_B,610592ff-dcbe-4f1d-8eb4-f593c5d7ac78,2,4.0,,,,101.19,54.01,43.59,48.76,48.25,54.13
2025-12-15T17:22:59.801963,Recipe_B,610592ff-dcbe-4f1d-8eb4-f593c5d7ac78,2,4.0,,,,96.62,46.12,47.33,41.51,51.65,48.57
2025-12-15T17:23:00.801963,Recipe_B,610592ff-dcbe-4f1d-8eb4-f593c5d7ac78,2,4.0,,,,98.86,39.84,49.93,53.26,50.6,50.8
2025-12-15T17:23:01.801963,Recipe_B,610592ff-dcbe-4f1d-8eb4-f593c5d7ac78,2,4.0,,,,97.71,53.98,47.9,50.61,52.25,57.19
2025-12-15T17:23:02.801963,Recipe_B,610592ff-dcbe-4f1d-8eb4-f593c5d7ac78,2,4.0,,,,108.54,58.0,51.6,53.32,55.03,43.41
2025-12-15T17:23:03.801963,Recipe_B,610592ff-dcbe-4f1d-8eb4-f593c5d7ac78,2,4.0,,,,97.34,55.67,47.07,50.96,54.21,45.24
2025-12-15T17:23:04.801963,Recipe_B,610592ff-dcbe-4f1d-8eb4-f593c5d7ac78,2,4.0,,,,96.98,42.46,46.87,47.9,48.04,53.17
2025-12-15T17:23:05.801963,Recipe_B,610592ff-dcbe-4f1d-8eb4-f593c5d7ac78,2,4.0,,,,98.23,49.66,45.53,42.4,48.26,46.79
2025-12-15T17:23:06.801963,Recipe_B,610592ff-dcbe-4f1d-8eb4-f593c5d7ac78,2,4.0,,,,99.53,41.86,45.77,42.37,48.08,56.76
2025-12-15T17:23:07.801963,Recipe_B,610592ff-dcbe-4f1d-8eb4-f593c5d7ac78,2,4.0,,,,101.58,55.9,58.21,54.03,62.01,47.05
2025-12-15T17:23:08.801963,Recipe_B,610592ff-dcbe-4f1d-8eb4-f593c5d7ac78,2,4.0,,,,105.86,55.37,49.72,58.55,46.91,54.08
2025-12-15T17:23:09.801963,Recipe_B,610592ff-dcbe-4f1d-8eb4-f593c5d7ac78,2,5.0,,,,8.81,10.45,10.58,9.84,11.17,12.97
2025-12-15T17:23:10.801963,Recipe_B,610592ff-dcbe-4f1d-8eb4-f593c5d7ac78,2,5.0,,,,8.56,10.9,6.82,9.11,10.99,10.98
2025-12-15T17:23:11.801963,Recipe_B,610592ff-dcbe-4f1d-8eb4-f593c5d7ac78,2,5.0,,,,9.5,9.69,11.35,4.33,11.5,10.66
2025-12-15T17:23:12.801963,Recipe_B,610592ff-dcbe-4f1d-8eb4-f593c5d7ac78,2,5.0,,,,9.85,11.31,12.25,10.26,10.09,13.79
2025-12-15T17:23:13.801963,Recipe_B,610592ff-dcbe-4f1d-8eb4-f593c5d7ac78,2,5.0,,,,7.56,9.51,8.79,11.07,13.54,11.53
2025-12-15T17:23:14.801963,Recipe_B,610592ff-dcbe-4f1d-8eb4-f593c5d7ac78,2,5.0,,,,8.41,13.93,12.33,9.1,13.32,9.61
2025-12-15T17:23:15.801963,Recipe_B,610592ff-dcbe-4f1d-8eb4-f593c5d7ac78,2,5.0,,,,12.58,9.58,10.4,10.02,13.7,11.05
2025-12-15T17:23:16.801963,Recipe_B,610592ff-dcbe-4f1d-8eb4-f593c5d7ac78,2,5.0,,,,8.29,9.76,10.68,10.6,12.23,8.41
2025-12-15T17:23:17.801963,Recipe_B,610592ff-dcbe-4f1d-8eb4-f593c5d7ac78,2,5.0,,,,5.16,8.31,8.93,7.35,7.38,14.6
2025-12-15T17:23:18.801963,Recipe_B,610592ff-dcbe-4f1d-8eb4-f593c5d7ac78,2,5.0,,,,7.97,13.64,10.91,11.72,15.23,9.59
2025-12-15T17:23:19.801963,Recipe_B,610592ff-dcbe-4f1d-8eb4-f593c5d7ac78,2,5.0,,,,8.38,10.57,9.44,11.68,9.76,9.47
2025-12-15T17:23:20.801963,Recipe_B,610592ff-dcbe-4f1d-8eb4-f593c5d7ac78,2,5.0,,,,8.69,9.57,13.09,10.55,12.39,8.03
2025-12-15T17:23:21.801963,Recipe_B,610592ff-dcbe-4f1d-8eb4-f593c5d7ac78,2,5.0,,,,9.34,8.31,10.78,11.47,13.44,9.17
2025-12-15T17:23:22.801963,Recipe_B,610592ff-dcbe-4f1d-8eb4-f593c5d7ac78,2,5.0,,,,10.04,9.29,10.09,12.37,9.72,8.11
2025-12-15T17:23:23.801963,Recipe_B,610592ff-dcbe-4f1d-8eb4-f593c5d7ac78,2,5.0,,,,8.05,11.61,7.56,8.99,9.43,11.17
2025-12-15T17:23:24.801963,Recipe_B,610592ff-dcbe-4f1d-8eb4-f593c5d7ac78,2,5.0,,,,12.68,7.38,13.59,10.18,9.09,11.69
2025-12-15T17:23:25.801963,Recipe_B,610592ff-dcbe-4f1d-8eb4-f593c5d7ac78,2,5.0,,,,9.68,7.74,9.78,13.02,9.0,9.55
2025-12-15T17:23:26.801963,Recipe_B,610592ff-dcbe-4f1d-8eb4-f593c5d7ac78,2,5.0,,,,7.41,8.75,8.33,9.21,6.8,9.26
2025-12-15T17:23:27.801963,Recipe_B,610592ff-dcbe-4f1d-8eb4-f593c5d7ac78,2,5.0,,,,9.19,5.69,9.8,6.02,9.94,10.92
2025-12-15T17:23:28.801963,Recipe_B,610592ff-dcbe-4f1d-8eb4-f593c5d7ac78,2,5.0,,,,8.1,7.66,10.22,9.35,10.46,8.75
2025-12-15T17:23:29.801963,Recipe_B,610592ff-dcbe-4f1d-8eb4-f593c5d7ac78,2,5.0,,,,8.59,5.56,14.11,13.72,8.53,12.13
2025-12-15T17:23:30.801963,Recipe_B,610592ff-dcbe-4f1d-8eb4-f593c5d7ac78,2,5.0,,,,8.82,10.41,11.87,7.15,7.26,11.9
2025-12-15T17:23:31.801963,Recipe_B,610592ff-dcbe-4f1d-8eb4-f593c5d7ac78,2,5.0,,,,5.67,9.48,9.78,6.07,10.09,8.31
2025-12-15T17:23:32.801963,Recipe_B,610592ff-dcbe-4f1d-8eb4-f593c5d7ac78,2,5.0,,,,8.61,9.89,13.47,10.82,11.09,8.32
2025-12-15T17:23:33.801963,Recipe_B,610592ff-dcbe-4f1d-8eb4-f593c5d7ac78,2,5.0,,,,10.73,10.71,6.68,10.59,11.54,10.8
2025-12-15T17:23:34.801963,Recipe_B,610592ff-dcbe-4f1d-8eb4-f593c5d7ac78,2,5.0,,,,9.49,13.19,10.0,8.28,12.52,8.89
2025-12-15T17:23:35.801963,Recipe_B,610592ff-dcbe-4f1d-8eb4-f593c5d7ac78,2,5.0,,,,9.58,12.78,8.75,8.33,9.52,8.15
2025-12-15T17:23:36.801963,Recipe_B,610592ff-dcbe-4f1d-8eb4-f593c5d7ac78,2,5.0,,,,11.19,11.26,8.07,6.5,7.27,10.55
2025-12-15T17:23:37.801963,Recipe_B,610592ff-dcbe-4f1d-8eb4-f593c5d7ac78,2,5.0,,,,10.4,6.65,9.15,12.06,8.64,10.44
2025-12-15T17:23:38.801963,Recipe_B,610592ff-dcbe-4f1d-8eb4-f593c5d7ac78,2,5.0,,,,10.12,9.6,8.53,11.24,11.09,10.19
2025-12-15T17:23:39.801963,Recipe_B,610592ff-dcbe-4f1d-8eb4-f593c5d7ac78,2,5.0,,,,11.83,12.65,8.86,10.11,9.49,6.7
2025-12-15T17:23:40.801963,Recipe_B,610592ff-dcbe-4f1d-8eb4-f593c5d7ac78,2,5.0,,,,13.71,8.75,6.87,9.23,8.52,11.23
2025-12-15T17:23:41.801963,Recipe_B,610592ff-dcbe-4f1d-8eb4-f593c5d7ac78,2,5.0,,,,6.94,12.95,13.54,7.31,13.1,9.7
2025-12-15T17:23:42.801963,Recipe_B,610592ff-dcbe-4f1d-8eb4-f593c5d7ac78,2,5.0,,,,10.6,9.47,7.59,10.3,11.25,10.33
2025-12-15T17:23:43.801963,Recipe_B,610592ff-dcbe-4f1d-8eb4-f593c5d7ac78,2,5.0,,,,11.95,8.2,10.72,10.76,11.23,10.34
2025-12-15T17:23:44.801963,Recipe_B,610592ff-dcbe-4f1d-8eb4-f593c5d7ac78,2,5.0,,,,8.85,10.06,10.22,9.21,6.76,12.07
2025-12-15T17:23:45.801963,Recipe_B,610592ff-dcbe-4f1d-8eb4-f593c5d7ac78,2,5.0,,,,9.96,11.12,8.3,8.0,12.03,9.04
2025-12-15T17:23:46.801963,Recipe_B,610592ff-dcbe-4f1d-8eb4-f593c5d7ac78,2,5.0,,,,10.19,10.18,7.48,8.87,12.27,11.94
2025-12-15T17:23:47.801963,Recipe_B,610592ff-dcbe-4f1d-8eb4-f593c5d7ac78,2,2.0,,,,12.31,14.88,10.44,12.83,10.9,6.62
2025-12-15T17:23:48.801963,Recipe_B,610592ff-dcbe-4f1d-8eb4-f593c5d7ac78,2,2.0,,,,9.58,10.54,13.31,6.43,11.09,12.38
2025-12-15T17:23:49.801963,Recipe_B,610592ff-dcbe-4f1d-8eb4-f593c5d7ac78,2,2.0,,,,9.36,10.61,8.21,10.88,10.38,10.21
2025-12-15T17:23:50.801963,Recipe_B,610592ff-dcbe-4f1d-8eb4-f593c5d7ac78,2,2.0,,,,8.83,10.69,8.15,11.61,11.38,9.38
2025-12-15T17:23:51.801963,Recipe_B,610592ff-dcbe-4f1d-8eb4-f593c5d7ac78,2,2.0,,,,8.39,11.5,11.3,10.88,9.76,10.65
2025-12-15T17:23:52.801963,Recipe_B,610592ff-dcbe-4f1d-8eb4-f593c5d7ac78,2,2.0,,,,10.68,7.56,10.66,8.25,7.24,11.01
2025-12-15T17:23:53.801963,Recipe_B,610592ff-dcbe-4f1d-8eb4-f593c5d7ac78,2,2.0,,,,11.82,9.63,12.89,12.33,9.47,11.76
2025-12-15T17:23:54.801963,Recipe_B,610592ff-dcbe-4f1d-8eb4-f593c5d7ac78,2,2.0,,,,10.84,11.48,11.78,7.65,9.29,9.97
2025-12-15T17:23:55.801963,Recipe_B,610592ff-dcbe-4f1d-8eb4-f593c5d7ac78,2,2.0,,,,8.86,6.99,6.93,5.87,10.58,10.68
2025-12-15T17:23:56.801963,Recipe_B,610592ff-dcbe-4f1d-8eb4-f593c5d7ac78,2,5.0,,,,9.61,8.47,10.09,12.12,10.84,10.29
2025-12-15T17:23:57.801963,Recipe_B,610592ff-dcbe-4f1d-8eb4-f593c5d7ac78,2,5.0,,,,12.75,5.5,11.89,9.39,7.98,10.02
2025-12-15T17:23:58.801963,Recipe_B,610592ff-dcbe-4f1d-8eb4-f593c5d7ac78,2,5.0,,,,7.58,8.43,9.25,3.98,5.22,5.99
2025-12-15T17:23:59.801963,Recipe_B,610592ff-dcbe-4f1d-8eb4-f593c5d7ac78,2,5.0,,,,8.87,14.17,9.83,9.72,8.73,10.23
2025-12-15T17:24:00.801963,Recipe_B,610592ff-dcbe-4f1d-8eb4-f593c5d7ac78,2,5.0,,,,11.09,8.86,13.03,10.22,6.16,11.15
2025-12-15T17:24:01.801963,Recipe_B,610592ff-dcbe-4f1d-8eb4-f593c5d7ac78,2,5.0,,,,11.21,10.23,9.79,11.27,11.72,8.42
2025-12-15T17:24:02.801963,Recipe_B,610592ff-dcbe-4f1d-8eb4-f593c5d7ac78,2,5.0,,,,8.9,9.45,8.57,8.41,10.82,11.11
2025-12-15T17:24:03.801963,Recipe_B,610592ff-dcbe-4f1d-8eb4-f593c5d7ac78,2,5.0,,,,8.46,8.98,11.11,13.18,9.02,7.68
2025-12-15T17:24:04.801963,Recipe_B,610592ff-dcbe-4f1d-8eb4-f593c5d7ac78,2,5.0,,,,10.95,11.7,7.48,9.83,8.39,10.96
2025-12-15T17:24:05.801963,Recipe_B,610592ff-dcbe-4f1d-8eb4-f593c5d7ac78,2,5.0,,,,11.42,9.92,10.58,11.51,9.36,7.11
2025-12-15T17:24:06.801963,Recipe_B,610592ff-dcbe-4f1d-8eb4-f593c5d7ac78,2,5.0,,,,7.91,10.76,9.35,7.47,12.55,10.8
2025-12-15T17:24:07.801963,Recipe_B,610592ff-dcbe-4f1d-8eb4-f593c5d7ac78,2,5.0,,,,12.48,11.62,12.8,9.56,11.57,9.62
2025-12-15T17:24:08.801963,Recipe_B,610592ff-dcbe-4f1d-8eb4-f593c5d7ac78,2,5.0,,,,11.46,9.68,10.9,11.25,7.8,10.25
2025-12-15T17:24:09.801963,Recipe_B,610592ff-dcbe-4f1d-8eb4-f593c5d7ac78,2,5.0,,,,8.59,8.18,11.92,11.77,15.14,14.74
2025-12-15T17:24:10.801963,Recipe_B,610592ff-dcbe-4f1d-8eb4-f593c5d7ac78,2,5.0,,,,10.59,8.08,12.52,11.21,12.82,10.11
2025-12-15T17:24:11.801963,Recipe_B,610592ff-dcbe-4f1d-8eb4-f593c5d7ac78,2,5.0,,,,6.93,9.88,11.24,7.43,8.87,7.42
2025-12-15T17:24:12.801963,Recipe_B,610592ff-dcbe-4f1d-8eb4-f593c5d7ac78,2,5.0,,,,14.25,11.66,10.52,10.63,10.45,9.52
2025-12-15T17:24:13.801963,Recipe_B,610592ff-dcbe-4f1d-8eb4-f593c5d7ac78,2,5.0,,,,8.57,11.17,8.32,9.42,9.7,11.03
2025-12-15T17:24:14.801963,Recipe_B,610592ff-dcbe-4f1d-8eb4-f593c5d7ac78,2,5.0,,,,8.36,10.51,10.69,6.67,12.26,10.34
2025-12-15T17:24:15.801963,Recipe_B,610592ff-dcbe-4f1d-8eb4-f593c5d7ac78,2,2.0,,,,9.44,9.16,9.29,10.65,14.93,12.58
2025-12-15T17:24:16.801963,Recipe_B,610592ff-dcbe-4f1d-8eb4-f593c5d7ac78,2,2.0,,,,12.76,13.8,12.01,10.97,4.14,10.15
2025-12-15T17:24:17.801963,Recipe_B,610592ff-dcbe-4f1d-8eb4-f593c5d7ac78,2,2.0,,,,10.35,8.36,8.58,7.29,10.79,9.06
2025-12-15T17:24:18.801963,Recipe_B,610592ff-dcbe-4f1d-8eb4-f593c5d7ac78,2,2.0,,,,10.55,11.79,11.36,9.16,9.98,10.44
2025-12-15T17:24:19.801963,Recipe_B,610592ff-dcbe-4f1d-8eb4-f593c5d7ac78,2,2.0,,,,12.02,12.85,10.21,12.28,10.69,9.33
2025-12-15T17:24:20.801963,Recipe_B,610592ff-dcbe-4f1d-8eb4-f593c5d7ac78,2,2.0,,,,14.45,12.23,7.73,10.76,11.29,10.49
2025-12-15T17:24:21.801963,Recipe_B,610592ff-dcbe-4f1d-8eb4-f593c5d7ac78,2,2.0,,,,6.88,11.19,8.23,7.96,7.24,11.74
2025-12-15T17:24:22.801963,Recipe_B,610592ff-dcbe-4f1d-8eb4-f593c5d7ac78,2,2.0,,,,9.28,10.71,9.22,9.21,8.51,10.75
2025-12-15T17:24:23.801963,Recipe_B,610592ff-dcbe-4f1d-8eb4-f593c5d7ac78,2,2.0,,,,9.03,9.33,10.17,11.14,9.52,6.92
2025-12-15T17:24:24.801963,Recipe_B,610592ff-dcbe-4f1d-8eb4-f593c5d7ac78,2,2.0,,,,9.91,11.83,8.16,12.75,10.5,6.11
2025-12-15T17:24:25.801963,Recipe_B,610592ff-dcbe-4f1d-8eb4-f593c5d7ac78,2,2.0,,,,12.52,12.67,12.72,12.98,10.2,7.44
2025-12-15T17:24:26.801963,Recipe_B,610592ff-dcbe-4f1d-8eb4-f593c5d7ac78,2,2.0,,,,8.63,7.6,11.92,6.2,11.0,9.23
2025-12-15T17:24:27.801963,Recipe_B,610592ff-dcbe-4f1d-8eb4-f593c5d7ac78,2,3.0,,,,8.58,10.55,9.47,10.27,9.24,10.18
2025-12-15T17:24:28.801963,Recipe_B,610592ff-dcbe-4f1d-8eb4-f593c5d7ac78,2,3.0,,,,7.77,5.73,11.76,9.28,10.31,10.89
2025-12-15T17:24:29.801963,Recipe_B,610592ff-dcbe-4f1d-8eb4-f593c5d7ac78,2,3.0,,,,5.6,12.4,9.26,14.28,12.17,9.84
2025-12-15T17:24:30.801963,Recipe_B,610592ff-dcbe-4f1d-8eb4-f593c5d7ac78,2,3.0,,,,9.45,11.46,12.94,10.42,9.26,11.65
2025-12-15T17:24:31.801963,Recipe_B,610592ff-dcbe-4f1d-8eb4-f593c5d7ac78,2,3.0,,,,10.97,8.94,11.38,8.57,8.15,12.1
2025-12-15T17:24:32.801963,Recipe_B,610592ff-dcbe-4f1d-8eb4-f593c5d7ac78,2,3.0,,,,12.12,7.88,12.18,8.95,9.14,11.06
2025-12-15T17:24:33.801963,Recipe_B,610592ff-dcbe-4f1d-8eb4-f593c5d7ac78,2,3.0,,,,11.98,11.47,9.93,9.14,9.53,9.6
2025-12-15T17:24:34.801963,Recipe_B,610592ff-dcbe-4f1d-8eb4-f593c5d7ac78,2,3.0,,,,7.34,7.74,9.73,7.67,6.77,13.3
2025-12-15T17:24:35.801963,Recipe_B,610592ff-dcbe-4f1d-8eb4-f593c5d7ac78,2,3.0,,,,10.36,9.28,9.74,9.18,9.01,12.51
2025-12-15T17:24:36.801963,Recipe_B,610592ff-dcbe-4f1d-8eb4-f593c5d7ac78,2,3.0,,,,11.53,11.61,11.99,8.71,11.26,7.89
2025-12-15T17:24:37.801963,Recipe_B,610592ff-dcbe-4f1d-8eb4-f593c5d7ac78,2,3.0,,,,8.11,11.21,9.18,10.18,10.46,7.44
2025-12-15T17:24:38.801963,Recipe_B,610592ff-dcbe-4f1d-8eb4-f593c5d7ac78,2,3.0,,,,6.47,7.28,10.92,4.15,10.14,10.98
2025-12-15T17:24:39.801963,Recipe_B,610592ff-dcbe-4f1d-8eb4-f593c5d7ac78,2,3.0,,,,9.88,8.16,11.73,13.02,10.64,9.0
2025-12-15T17:24:40.801963,Recipe_B,610592ff-dcbe-4f1d-8eb4-f593c5d7ac78,2,3.0,,,,9.57,11.67,7.49,10.87,12.85,13.41
2025-12-15T17:24:41.801963,Recipe_B,610592ff-dcbe-4f1d-8eb4-f593c5d7ac78,2,3.0,,,,9.53,11.18,10.55,7.4,10.33,11.03
2025-12-15T17:24:42.801963,Recipe_B,610592ff-dcbe-4f1d-8eb4-f593c5d7ac78,2,3.0,,,,12.6,7.4,12.0,10.67,12.28,8.39
2025-12-15T17:24:43.801963,Recipe_B,610592ff-dcbe-4f1d-8eb4-f593c5d7ac78,2,3.0,,,,7.1,6.17,14.78,8.54,9.93,10.47
2025-12-15T17:24:44.801963,Recipe_B,610592ff-dcbe-4f1d-8eb4-f593c5d7ac78,2,3.0,,,,10.39,13.78,11.39,10.5,11.75,11.34
2025-12-15T17:24:45.801963,Recipe_B,610592ff-dcbe-4f1d-8eb4-f593c5d7ac78,2,3.0,,,,8.72,12.1,9.86,6.92,9.07,12.14
2025-12-15T17:24:46.801963,Recipe_B,610592ff-dcbe-4f1d-8eb4-f593c5d7ac78,2,3.0,,,,11.58,9.77,10.49,8.33,7.89,10.8
2025-12-15T17:24:47.801963,Recipe_B,610592ff-dcbe-4f1d-8eb4-f593c5d7ac78,2,3.0,,,,10.66,10.28,12.74,12.09,8.48,7.29
2025-12-15T17:24:48.801963,Recipe_B,610592ff-dcbe-4f1d-8eb4-f593c5d7ac78,2,3.0,,,,9.88,10.71,9.95,9.46,10.81,11.98
2025-12-15T17:24:49.801963,Recipe_B,610592ff-dcbe-4f1d-8eb4-f593c5d7ac78,2,3.0,,,,12.76,13.47,9.2,7.98,10.16,8.98
2025-12-15T17:24:50.801963,Recipe_B,610592ff-dcbe-4f1d-8eb4-f593c5d7ac78,2,3.0,,,,11.6,6.25,5.98,8.12,9.78,8.99
2025-12-15T17:24:51.801963,Recipe_B,610592ff-dcbe-4f1d-8eb4-f593c5d7ac78,2,3.0,,,,11.59,13.49,10.76,10.83,10.1,11.71
2025-12-15T17:24:52.801963,Recipe_B,610592ff-dcbe-4f1d-8eb4-f593c5d7ac78,2,3.0,,,,9.26,9.89,12.05,9.19,6.98,6.56
2025-12-15T17:24:53.801963,Recipe_B,610592ff-dcbe-4f1d-8eb4-f593c5d7ac78,2,3.0,,,,8.35,11.49,7.29,10.31,11.08,8.83
2025-12-15T17:24:54.801963,Recipe_B,610592ff-dcbe-4f1d-8eb4-f593c5d7ac78,2,5.0,,,,7.5,8.98,8.87,12.33,8.0,11.19
2025-12-15T17:24:55.801963,Recipe_B,610592ff-dcbe-4f1d-8eb4-f593c5d7ac78,2,5.0,,,,4.49,10.63,12.55,11.68,8.3,13.58
2025-12-15T17:24:56.801963,Recipe_B,610592ff-dcbe-4f1d-8eb4-f593c5d7ac78,2,5.0,,,,10.68,9.16,10.5,11.08,8.83,12.68
2025-12-15T17:24:57.801963,Recipe_B,610592ff-dcbe-4f1d-8eb4-f593c5d7ac78,2,5.0,,,,5.7,12.15,12.86,11.76,9.53,7.47
2025-12-15T17:24:58.801963,Recipe_B,610592ff-dcbe-4f1d-8eb4-f593c5d7ac78,2,5.0,,,,10.49,9.56,11.7,14.42,11.2,11.86
2025-12-15T17:24:59.801963,Recipe_B,610592ff-dcbe-4f1d-8eb4-f593c5d7ac78,2,5.0,,,,9.21,8.81,10.62,8.24,9.78,9.1
2025-12-15T17:25:00.801963,Recipe_B,610592ff-dcbe-4f1d-8eb4-f593c5d7ac78,2,5.0,,,,8.65,6.64,12.04,12.47,9.27,8.17
2025-12-15T17:25:01.801963,Recipe_B,610592ff-dcbe-4f1d-8eb4-f593c5d7ac78,2,5.0,,,,10.55,11.55,7.99,11.16,5.56,10.23
2025-12-15T17:25:02.801963,Recipe_B,610592ff-dcbe-4f1d-8eb4-f593c5d7ac78,2,5.0,,,,10.54,11.39,12.1,10.16,14.55,10.25
2025-12-15T17:25:03.801963,Recipe_B,610592ff-dcbe-4f1d-8eb4-f593c5d7ac78,2,5.0,,,,12.3,8.7,12.22,11.28,9.25,11.43
2025-12-15T17:25:04.801963,Recipe_B,610592ff-dcbe-4f1d-8eb4-f593c5d7ac78,2,5.0,,,,8.7,10.8,11.57,11.49,7.56,13.61
2025-12-15T17:25:05.801963,Recipe_B,610592ff-dcbe-4f1d-8eb4-f593c5d7ac78,2,5.0,,,,9.89,10.83,10.85,9.7,10.49,14.54
2025-12-15T17:25:06.801963,Recipe_B,610592ff-dcbe-4f1d-8eb4-f593c5d7ac78,2,5.0,,,,9.38,10.17,15.63,8.73,13.76,8.08
2025-12-15T17:25:07.801963,Recipe_B,610592ff-dcbe-4f1d-8eb4-f593c5d7ac78,2,1.0,,,,8.93,14.1,10.46,7.32,9.2,14.43
2025-12-15T17:25:08.801963,Recipe_B,610592ff-dcbe-4f1d-8eb4-f593c5d7ac78,2,1.0,,,,9.67,11.77,10.04,12.24,8.3,6.93
2025-12-15T17:25:09.801963,Recipe_B,610592ff-dcbe-4f1d-8eb4-f593c5d7ac78,2,1.0,,,,10.8,7.7,9.93,12.53,8.53,8.3
2025-12-15T17:25:10.801963,Recipe_B,610592ff-dcbe-4f1d-8eb4-f593c5d7ac78,2,1.0,,,,10.03,11.48,12.73,8.94,10.83,7.78
2025-12-15T17:25:11.801963,Recipe_B,610592ff-dcbe-4f1d-8eb4-f593c5d7ac78,2,1.0,,,,12.7,10.43,8.94,9.41,8.19,4.16
2025-12-15T17:25:12.801963,Recipe_B,610592ff-dcbe-4f1d-8eb4-f593c5d7ac78,2,1.0,,,,9.75,12.64,12.6,6.3,9.96,10.24
2025-12-15T17:25:13.801963,Recipe_B,610592ff-dcbe-4f1d-8eb4-f593c5d7ac78,2,1.0,,,,9.53,8.65,11.88,14.25,8.44,7.82
2025-12-15T17:25:14.801963,Recipe_B,610592ff-dcbe-4f1d-8eb4-f593c5d7ac78,2,1.0,,,,10.17,13.03,10.75,11.16,11.69,9.23
2025-12-15T17:25:15.801963,Recipe_B,610592ff-dcbe-4f1d-8eb4-f593c5d7ac78,2,0.0,,,,0.0,0.0,0.0,0.0,0.0,0.0
2025-12-15T17:25:16.801963,Recipe_B,610592ff-dcbe-4f1d-8eb4-f593c5d7ac78,2,0.0,,,,0.0,0.0,0.0,0.0,0.0,0.0
2025-12-15T17:25:17.801963,Recipe_B,610592ff-dcbe-4f1d-8eb4-f593c5d7ac78,2,0.0,,,,0.0,0.0,0.0,0.0,0.0,0.0
2025-12-15T17:25:18.801963,Recipe_B,610592ff-dcbe-4f1d-8eb4-f593c5d7ac78,2,0.0,,,,0.0,0.0,0.0,0.0,0.0,0.0
2025-12-15T17:25:19.801963,Recipe_B,610592ff-dcbe-4f1d-8eb4-f593c5d7ac78,2,0.0,,,,0.0,0.0,0.0,0.0,0.0,0.0
2025-12-15T17:25:20.801963,Recipe_B,610592ff-dcbe-4f1d-8eb4-f593c5d7ac78,2,0.0,,,,0.0,0.0,0.0,0.0,0.0,0.0
2025-12-15T17:25:21.801963,Recipe_B,610592ff-dcbe-4f1d-8eb4-f593c5d7ac78,2,0.0,,,,0.0,0.0,0.0,0.0,0.0,0.0
2025-12-15T17:25:22.801963,Recipe_B,610592ff-dcbe-4f1d-8eb4-f593c5d7ac78,2,0.0,,,,0.0,0.0,0.0,0.0,0.0,0.0
2025-12-15T17:25:23.801963,Recipe_B,610592ff-dcbe-4f1d-8eb4-f593c5d7ac78,2,0.0,,,,0.0,0.0,0.0,0.0,0.0,0.0
2025-12-15T17:25:24.801963,Recipe_B,610592ff-dcbe-4f1d-8eb4-f593c5d7ac78,2,0.0,,,,0.0,0.0,0.0,0.0,0.0,0.0
2025-12-15T17:25:25.801963,Recipe_B,610592ff-dcbe-4f1d-8eb4-f593c5d7ac78,2,0.0,,,,0.0,0.0,0.0,0.0,0.0,0.0
2025-12-15T17:25:26.801963,Recipe_B,610592ff-dcbe-4f1d-8eb4-f593c5d7ac78,2,0.0,,,,0.0,0.0,0.0,0.0,0.0,0.0
2025-12-15T17:25:27.801963,Recipe_B,610592ff-dcbe-4f1d-8eb4-f593c5d7ac78,2,0.0,,,,0.0,0.0,0.0,0.0,0.0,0.0
2025-12-15T17:25:28.801963,Recipe_B,610592ff-dcbe-4f1d-8eb4-f593c5d7ac78,2,0.0,,,,0.0,0.0,0.0,0.0,0.0,0.0
2025-12-15T17:25:29.801963,Recipe_B,610592ff-dcbe-4f1d-8eb4-f593c5d7ac78,2,0.0,,,,0.0,0.0,0.0,0.0,0.0,0.0
2025-12-15T17:25:30.801963,Recipe_B,610592ff-dcbe-4f1d-8eb4-f593c5d7ac78,2,0.0,,,,0.0,0.0,0.0,0.0,0.0,0.0
2025-12-15T17:25:31.801963,Recipe_B,610592ff-dcbe-4f1d-8eb4-f593c5d7ac78,2,0.0,,,,0.0,0.0,0.0,0.0,0.0,0.0
2025-12-15T17:25:32.801963,Recipe_B,610592ff-dcbe-4f1d-8eb4-f593c5d7ac78,2,0.0,,,,0.0,0.0,0.0,0.0,0.0,0.0
2025-12-15T17:25:33.801963,Recipe_B,610592ff-dcbe-4f1d-8eb4-f593c5d7ac78,2,0.0,,,,0.0,0.0,0.0,0.0,0.0,0.0
2025-12-15T17:25:34.801963,Recipe_B,610592ff-dcbe-4f1d-8eb4-f593c5d7ac78,2,0.0,,,,0.0,0.0,0.0,0.0,0.0,0.0
2025-12-15T17:25:35.801963,Recipe_B,610592ff-dcbe-4f1d-8eb4-f593c5d7ac78,2,0.0,,,,0.0,0.0,0.0,0.0,0.0,0.0
2025-12-15T17:25:36.801963,Recipe_B,610592ff-dcbe-4f1d-8eb4-f593c5d7ac78,2,0.0,,,,0.0,0.0,0.0,0.0,0.0,0.0
2025-12-15T17:25:37.801963,Recipe_B,610592ff-dcbe-4f1d-8eb4-f593c5d7ac78,2,0.0,,,,0.0,0.0,0.0,0.0,0.0,0.0
2025-12-15T17:25:38.801963,Recipe_B,610592ff-dcbe-4f1d-8eb4-f593c5d7ac78,2,0.0,,,,0.0,0.0,0.0,0.0,0.0,0.0
2025-12-15T17:25:39.801963,Recipe_B,610592ff-dcbe-4f1d-8eb4-f593c5d7ac78,2,0.0,,,,0.0,0.0,0.0,0.0,0.0,0.0
2025-12-15T17:25:40.801963,Recipe_B,610592ff-dcbe-4f1d-8eb4-f593c5d7ac78,2,0.0,,,,0.0,0.0,0.0,0.0,0.0,0.0
2025-12-15T17:25:41.801963,Recipe_B,610592ff-dcbe-4f1d-8eb4-f593c5d7ac78,2,0.0,,,,0.0,0.0,0.0,0.0,0.0,0.0
2025-12-15T17:25:42.801963,Recipe_B,610592ff-dcbe-4f1d-8eb4-f593c5d7ac78,2,0.0,,,,0.0,0.0,0.0,0.0,0.0,0.0
2025-12-15T17:25:43.801963,Recipe_B,610592ff-dcbe-4f1d-8eb4-f593c5d7ac78,2,0.0,,,,0.0,0.0,0.0,0.0,0.0,0.0
2025-12-15T17:25:44.801963,Recipe_B,610592ff-dcbe-4f1d-8eb4-f593c5d7ac78,2,0.0,,,,0.0,0.0,0.0,0.0,0.0,0.0
2025-12-15T17:25:45.801963,Recipe_B,610592ff-dcbe-4f1d-8eb4-f593c5d7ac78,2,0.0,,,,0.0,0.0,0.0,0.0,0.0,0.0
2025-12-15T17:25:46.801963,Recipe_B,610592ff-dcbe-4f1d-8eb4-f593c5d7ac78,2,0.0,,,,0.0,0.0,0.0,0.0,0.0,0.0
2025-12-15T17:25:47.801963,Recipe_B,610592ff-dcbe-4f1d-8eb4-f593c5d7ac78,2,0.0,,,,0.0,0.0,0.0,0.0,0.0,0.0
2025-12-15T17:25:48.801963,Recipe_B,610592ff-dcbe-4f1d-8eb4-f593c5d7ac78,2,0.0,,,,0.0,0.0,0.0,0.0,0.0,0.0
2025-12-15T17:25:49.801963,Recipe_B,610592ff-dcbe-4f1d-8eb4-f593c5d7ac78,2,0.0,,,,0.0,0.0,0.0,0.0,0.0,0.0
2025-12-15T17:25:50.801963,Recipe_B,610592ff-dcbe-4f1d-8eb4-f593c5d7ac78,2,0.0,,,,0.0,0.0,0.0,0.0,0.0,0.0
2025-12-15T17:25:51.801963,Recipe_B,610592ff-dcbe-4f1d-8eb4-f593c5d7ac78,2,0.0,,,,0.0,0.0,0.0,0.0,0.0,0.0
2025-12-15T17:25:52.801963,Recipe_B,610592ff-dcbe-4f1d-8eb4-f593c5d7ac78,2,0.0,,,,0.0,0.0,0.0,0.0,0.0,0.0
2025-12-15T17:25:53.801963,Recipe_B,610592ff-dcbe-4f1d-8eb4-f593c5d7ac78,2,0.0,,,,0.0,0.0,0.0,0.0,0.0,0.0
2025-12-15T17:25:54.801963,Recipe_B,610592ff-dcbe-4f1d-8eb4-f593c5d7ac78,2,0.0,,,,0.0,0.0,0.0,0.0,0.0,0.0
2025-12-15T17:25:55.801963,Recipe_B,610592ff-dcbe-4f1d-8eb4-f593c5d7ac78,2,0.0,,,,0.0,0.0,0.0,0.0,0.0,0.0
2025-12-15T17:25:56.801963,Recipe_B,610592ff-dcbe-4f1d-8eb4-f593c5d7ac78,2,0.0,,,,0.0,0.0,0.0,0.0,0.0,0.0
2025-12-15T17:25:57.801963,Recipe_B,610592ff-dcbe-4f1d-8eb4-f593c5d7ac78,2,0.0,,,,0.0,0.0,0.0,0.0,0.0,0.0
2025-12-15T17:25:58.801963,Recipe_B,610592ff-dcbe-4f1d-8eb4-f593c5d7ac78,2,0.0,,,,0.0,0.0,0.0,0.0,0.0,0.0
2025-12-15T17:25:59.801963,Recipe_B,610592ff-dcbe-4f1d-8eb4-f593c5d7ac78,2,0.0,,,,0.0,0.0,0.0,0.0,0.0,0.0
2025-12-15T17:26:00.801963,Recipe_B,610592ff-dcbe-4f1d-8eb4-f593c5d7ac78,2,0.0,,,,0.0,0.0,0.0,0.0,0.0,0.0
2025-12-15T17:26:01.801963,Recipe_B,610592ff-dcbe-4f1d-8eb4-f593c5d7ac78,2,0.0,,,,0.0,0.0,0.0,0.0,0.0,0.0
2025-12-15T17:26:02.801963,Recipe_B,610592ff-dcbe-4f1d-8eb4-f593c5d7ac78,2,0.0,,,,0.0,0.0,0.0,0.0,0.0,0.0
2025-12-15T17:26:03.801963,Recipe_B,610592ff-dcbe-4f1d-8eb4-f593c5d7ac78,2,0.0,,,,0.0,0.0,0.0,0.0,0.0,0.0
2025-12-15T17:26:04.801963,Recipe_B,610592ff-dcbe-4f1d-8eb4-f593c5d7ac78,2,0.0,,,,0.0,0.0,0.0,0.0,0.0,0.0
2025-12-15T17:26:05.801963,Recipe_B,610592ff-dcbe-4f1d-8eb4-f593c5d7ac78,2,0.0,,,,0.0,0.0,0.0,0.0,0.0,0.0
2025-12-15T17:26:06.801963,Recipe_B,610592ff-dcbe-4f1d-8eb4-f593c5d7ac78,2,0.0,,,,0.0,0.0,0.0,0.0,0.0,0.0
2025-12-15T17:26:07.801963,Recipe_B,610592ff-dcbe-4f1d-8eb4-f593c5d7ac78,2,0.0,,,,0.0,0.0,0.0,0.0,0.0,0.0
2025-12-15T17:26:08.801963,Recipe_B,610592ff-dcbe-4f1d-8eb4-f593c5d7ac78,2,0.0,,,,0.0,0.0,0.0,0.0,0.0,0.0
2025-12-15T17:26:09.801963,Recipe_B,610592ff-dcbe-4f1d-8eb4-f593c5d7ac78,2,0.0,,,,0.0,0.0,0.0,0.0,0.0,0.0
2025-12-15T17:26:10.801963,Recipe_B,610592ff-dcbe-4f1d-8eb4-f593c5d7ac78,2,0.0,,,,0.0,0.0,0.0,0.0,0.0,0.0
2025-12-15T17:26:11.801963,Recipe_B,610592ff-dcbe-4f1d-8eb4-f593c5d7ac78,2,0.0,,,,0.0,0.0,0.0,0.0,0.0,0.0
2025-12-15T17:26:12.801963,Recipe_B,610592ff-dcbe-4f1d-8eb4-f593c5d7ac78,2,0.0,,,,0.0,0.0,0.0,0.0,0.0,0.0
2025-12-15T17:26:13.801963,Recipe_B,610592ff-dcbe-4f1d-8eb4-f593c5d7ac78,2,0.0,,,,0.0,0.0,0.0,0.0,0.0,0.0
2025-12-15T17:26:14.801963,Recipe_B,610592ff-dcbe-4f1d-8eb4-f593c5d7ac78,2,0.0,,,,0.0,0.0,0.0,0.0,0.0,0.0
2025-12-15T17:26:15.801963,Recipe_B,610592ff-dcbe-4f1d-8eb4-f593c5d7ac78,2,0.0,,,,0.0,0.0,0.0,0.0,0.0,0.0
2025-12-15T17:26:16.801963,Recipe_B,610592ff-dcbe-4f1d-8eb4-f593c5d7ac78,2,0.0,,,,0.0,0.0,0.0,0.0,0.0,0.0
2025-12-15T17:26:17.801963,Recipe_B,610592ff-dcbe-4f1d-8eb4-f593c5d7ac78,2,0.0,,,,0.0,0.0,0.0,0.0,0.0,0.0
2025-12-15T17:26:18.801963,Recipe_B,610592ff-dcbe-4f1d-8eb4-f593c5d7ac78,2,0.0,,,,0.0,0.0,0.0,0.0,0.0,0.0
2025-12-15T17:26:19.801963,Recipe_B,610592ff-dcbe-4f1d-8eb4-f593c5d7ac78,2,0.0,,,,0.0,0.0,0.0,0.0,0.0,0.0
2025-12-15T17:26:20.801963,Recipe_B,610592ff-dcbe-4f1d-8eb4-f593c5d7ac78,2,0.0,,,,0.0,0.0,0.0,0.0,0.0,0.0
2025-12-15T17:26:21.801963,Recipe_B,610592ff-dcbe-4f1d-8eb4-f593c5d7ac78,2,0.0,,,,0.0,0.0,0.0,0.0,0.0,0.0
2025-12-15T17:26:22.801963,Recipe_B,610592ff-dcbe-4f1d-8eb4-f593c5d7ac78,2,0.0,,,,0.0,0.0,0.0,0.0,0.0,0.0
2025-12-15T17:26:23.801963,Recipe_B,610592ff-dcbe-4f1d-8eb4-f593c5d7ac78,2,5.0,,,,8.64,10.55,9.38,12.03,6.95,11.51
2025-12-15T17:26:24.801963,Recipe_B,610592ff-dcbe-4f1d-8eb4-f593c5d7ac78,2,5.0,,,,10.38,8.85,9.93,7.75,12.08,9.79
2025-12-15T17:26:25.801963,Recipe_B,610592ff-dcbe-4f1d-8eb4-f593c5d7ac78,2,5.0,,,,10.05,8.3,12.18,10.41,8.57,10.82
2025-12-15T17:26:26.801963,Recipe_B,610592ff-dcbe-4f1d-8eb4-f593c5d7ac78,2,4.0,,,,110.42,34.44,53.03,49.64,57.36,48.08
2025-12-15T17:26:27.801963,Recipe_B,610592ff-dcbe-4f1d-8eb4-f593c5d7ac78,2,3.0,,,,8.54,7.17,8.23,11.19,9.57,11.73
2025-12-15T17:26:28.801963,Recipe_B,610592ff-dcbe-4f1d-8eb4-f593c5d7ac78,2,3.0,,,,9.93,10.54,10.03,11.18,7.45,9.75
2025-12-15T17:26:29.801963,Recipe_B,610592ff-dcbe-4f1d-8eb4-f593c5d7ac78,2,3.0,,,,10.45,10.45,12.37,10.28,7.83,10.08
2025-12-15T17:26:30.801963,Recipe_B,610592ff-dcbe-4f1d-8eb4-f593c5d7ac78,2,3.0,,,,11.78,8.24,7.46,10.34,6.16,10.17
2025-12-15T17:26:31.801963,Recipe_B,610592ff-dcbe-4f1d-8eb4-f593c5d7ac78,2,3.0,,,,9.32,10.39,7.25,8.33,9.69,12.72
2025-12-15T17:26:32.801963,Recipe_B,610592ff-dcbe-4f1d-8eb4-f593c5d7ac78,2,3.0,,,,11.39,11.87,9.99,8.99,11.05,12.19
2025-12-15T17:26:33.801963,Recipe_B,610592ff-dcbe-4f1d-8eb4-f593c5d7ac78,2,0.0,,,,0.0,0.0,0.0,0.0,0.0,0.0
2025-12-15T17:26:34.801963,Recipe_B,610592ff-dcbe-4f1d-8eb4-f593c5d7ac78,2,0.0,,,,0.0,0.0,0.0,0.0,0.0,0.0
2025-12-15T17:26:35.801963,Recipe_B,610592ff-dcbe-4f1d-8eb4-f593c5d7ac78,2,0.0,,,,0.0,0.0,0.0,0.0,0.0,0.0
2025-12-15T17:26:36.801963,Recipe_B,610592ff-dcbe-4f1d-8eb4-f593c5d7ac78,2,0.0,,,,0.0,0.0,0.0,0.0,0.0,0.0
2025-12-15T17:26:37.801963,Recipe_B,610592ff-dcbe-4f1d-8eb4-f593c5d7ac78,2,0.0,,,,0.0,0.0,0.0,0.0,0.0,0.0
2025-12-15T17:26:37.801963,Recipe_B,610592ff-dcbe-4f1d-8eb4-f593c5d7ac78,2,0.0,Warning_2,Simulated Warning occurred,Warning,,,,,,
2025-12-15T17:26:38.801963,Recipe_B,610592ff-dcbe-4f1d-8eb4-f593c5d7ac78,2,0.0,,,,0.0,0.0,0.0,0.0,0.0,0.0
2025-12-15T17:26:39.801963,Recipe_B,610592ff-dcbe-4f1d-8eb4-f593c5d7ac78,2,0.0,,,,0.0,0.0,0.0,0.0,0.0,0.0
2025-12-15T17:26:40.801963,Recipe_B,610592ff-dcbe-4f1d-8eb4-f593c5d7ac78,2,0.0,,,,0.0,0.0,0.0,0.0,0.0,0.0
2025-12-15T17:26:41.801963,Recipe_B,610592ff-dcbe-4f1d-8eb4-f593c5d7ac78,2,0.0,,,,0.0,0.0,0.0,0.0,0.0,0.0
2025-12-15T17:26:42.801963,Recipe_B,610592ff-dcbe-4f1d-8eb4-f593c5d7ac78,2,0.0,,,,0.0,0.0,0.0,0.0,0.0,0.0
2025-12-15T17:26:43.801963,Recipe_B,610592ff-dcbe-4f1d-8eb4-f593c5d7ac78,2,0.0,,,,0.0,0.0,0.0,0.0,0.0,0.0
2025-12-15T17:26:44.801963,Recipe_B,610592ff-dcbe-4f1d-8eb4-f593c5d7ac78,2,0.0,,,,0.0,0.0,0.0,0.0,0.0,0.0
2025-12-15T17:26:45.801963,Recipe_B,610592ff-dcbe-4f1d-8eb4-f593c5d7ac78,2,0.0,,,,0.0,0.0,0.0,0.0,0.0,0.0
2025-12-15T17:26:46.801963,Recipe_B,610592ff-dcbe-4f1d-8eb4-f593c5d7ac78,2,0.0,,,,0.0,0.0,0.0,0.0,0.0,0.0
2025-12-15T17:26:47.801963,Recipe_B,610592ff-dcbe-4f1d-8eb4-f593c5d7ac78,2,0.0,,,,0.0,0.0,0.0,0.0,0.0,0.0
2025-12-15T17:26:48.801963,Recipe_B,610592ff-dcbe-4f1d-8eb4-f593c5d7ac78,2,0.0,,,,0.0,0.0,0.0,0.0,0.0,0.0
2025-12-15T17:26:49.801963,Recipe_B,610592ff-dcbe-4f1d-8eb4-f593c5d7ac78,2,0.0,,,,0.0,0.0,0.0,0.0,0.0,0.0
2025-12-15T17:26:50.801963,Recipe_B,610592ff-dcbe-4f1d-8eb4-f593c5d7ac78,2,0.0,,,,0.0,0.0,0.0,0.0,0.0,0.0
2025-12-15T17:26:51.801963,Recipe_B,610592ff-dcbe-4f1d-8eb4-f593c5d7ac78,2,0.0,,,,0.0,0.0,0.0,0.0,0.0,0.0
2025-12-15T17:26:52.801963,Recipe_B,610592ff-dcbe-4f1d-8eb4-f593c5d7ac78,2,0.0,,,,0.0,0.0,0.0,0.0,0.0,0.0
2025-12-15T17:26:53.801963,Recipe_B,610592ff-dcbe-4f1d-8eb4-f593c5d7ac78,2,3.0,,,,3.87,9.84,12.85,9.79,11.44,9.2
2025-12-15T17:26:54.801963,Recipe_B,610592ff-dcbe-4f1d-8eb4-f593c5d7ac78,2,3.0,,,,10.05,10.81,8.31,10.91,11.25,6.07
2025-12-15T17:26:55.801963,Recipe_B,610592ff-dcbe-4f1d-8eb4-f593c5d7ac78,2,3.0,,,,10.33,14.04,9.31,9.88,12.73,12.33
2025-12-15T17:26:56.801963,Recipe_B,610592ff-dcbe-4f1d-8eb4-f593c5d7ac78,2,3.0,,,,9.24,9.69,10.76,5.95,13.04,5.96
2025-12-15T17:26:57.801963,Recipe_B,610592ff-dcbe-4f1d-8eb4-f593c5d7ac78,2,3.0,,,,13.22,9.9,10.3,10.8,10.08,7.56
2025-12-15T17:26:58.801963,Recipe_B,610592ff-dcbe-4f1d-8eb4-f593c5d7ac78,2,3.0,,,,10.34,8.22,7.05,7.31,11.35,7.42
2025-12-15T17:26:59.801963,Recipe_B,610592ff-dcbe-4f1d-8eb4-f593c5d7ac78,2,3.0,,,,10.27,11.16,6.9,7.09,11.21,12.58
2025-12-15T17:27:00.801963,Recipe_B,610592ff-dcbe-4f1d-8eb4-f593c5d7ac78,2,3.0,,,,6.94,12.74,7.98,9.45,9.71,10.64
2025-12-15T17:27:01.801963,Recipe_B,610592ff-dcbe-4f1d-8eb4-f593c5d7ac78,2,3.0,,,,8.42,9.65,10.72,10.98,10.37,10.26
2025-12-15T17:27:02.801963,Recipe_B,610592ff-dcbe-4f1d-8eb4-f593c5d7ac78,2,3.0,,,,10.95,8.01,13.43,10.33,11.47,10.59
2025-12-15T17:27:03.801963,Recipe_B,610592ff-dcbe-4f1d-8eb4-f593c5d7ac78,2,3.0,,,,11.68,10.57,7.7,12.09,10.77,10.6
2025-12-15T17:27:04.801963,Recipe_B,610592ff-dcbe-4f1d-8eb4-f593c5d7ac78,2,3.0,,,,9.19,10.01,7.89,10.17,11.62,14.56
2025-12-15T17:27:05.801963,Recipe_B,610592ff-dcbe-4f1d-8eb4-f593c5d7ac78,2,3.0,,,,7.52,8.7,12.23,8.27,6.07,9.68
2025-12-15T17:27:06.801963,Recipe_B,610592ff-dcbe-4f1d-8eb4-f593c5d7ac78,2,3.0,,,,8.63,9.82,11.54,7.44,9.95,8.04
2025-12-15T17:27:07.801963,Recipe_B,610592ff-dcbe-4f1d-8eb4-f593c5d7ac78,2,3.0,,,,7.17,11.04,11.86,12.38,11.27,11.42
2025-12-15T17:27:08.801963,Recipe_B,610592ff-dcbe-4f1d-8eb4-f593c5d7ac78,2,3.0,,,,7.9,10.08,8.8,9.57,11.21,7.24
2025-12-15T17:27:09.801963,Recipe_B,610592ff-dcbe-4f1d-8eb4-f593c5d7ac78,2,3.0,,,,10.86,10.42,11.88,6.6,10.58,9.28
2025-12-15T17:27:10.801963,Recipe_B,610592ff-dcbe-4f1d-8eb4-f593c5d7ac78,2,3.0,,,,6.14,8.57,10.45,11.94,10.46,8.38
2025-12-15T17:27:11.801963,Recipe_B,610592ff-dcbe-4f1d-8eb4-f593c5d7ac78,2,3.0,,,,13.57,7.2,10.21,7.52,7.7,12.37
2025-12-15T17:27:12.801963,Recipe_B,610592ff-dcbe-4f1d-8eb4-f593c5d7ac78,2,3.0,,,,10.4,7.22,8.96,7.42,12.53,10.41
2025-12-15T17:27:13.801963,Recipe_B,610592ff-dcbe-4f1d-8eb4-f593c5d7ac78,2,3.0,,,,9.94,9.85,9.12,6.92,10.58,8.05
2025-12-15T17:27:14.801963,Recipe_B,610592ff-dcbe-4f1d-8eb4-f593c5d7ac78,2,3.0,,,,7.67,7.52,9.49,6.8,9.68,11.32
2025-12-15T17:27:15.801963,Recipe_B,610592ff-dcbe-4f1d-8eb4-f593c5d7ac78,2,3.0,,,,5.99,10.33,10.79,7.68,10.02,8.97
2025-12-15T17:27:16.801963,Recipe_B,610592ff-dcbe-4f1d-8eb4-f593c5d7ac78,2,3.0,,,,8.49,11.1,10.38,11.11,8.87,8.7
2025-12-15T17:27:17.801963,Recipe_B,610592ff-dcbe-4f1d-8eb4-f593c5d7ac78,2,3.0,,,,9.57,6.9,12.19,9.26,8.35,8.02
2025-12-15T17:27:18.801963,Recipe_B,610592ff-dcbe-4f1d-8eb4-f593c5d7ac78,2,3.0,,,,9.76,12.28,12.39,11.87,8.1,9.58
2025-12-15T17:27:19.801963,Recipe_B,610592ff-dcbe-4f1d-8eb4-f593c5d7ac78,2,4.0,,,,103.85,57.26,58.79,47.5,49.2,55.84
2025-12-15T17:27:20.801963,Recipe_B,610592ff-dcbe-4f1d-8eb4-f593c5d7ac78,2,4.0,,,,105.01,53.19,56.76,49.53,48.59,47.74
2025-12-15T17:27:21.801963,Recipe_B,610592ff-dcbe-4f1d-8eb4-f593c5d7ac78,2,4.0,,,,107.02,48.74,50.64,55.46,52.08,43.03
2025-12-15T17:27:22.801963,Recipe_B,610592ff-dcbe-4f1d-8eb4-f593c5d7ac78,2,4.0,,,,93.92,42.39,51.45,52.94,54.5,49.82
2025-12-15T17:27:23.801963,Recipe_B,610592ff-dcbe-4f1d-8eb4-f593c5d7ac78,2,4.0,,,,107.67,48.85,40.49,51.02,46.07,45.63
2025-12-15T17:27:24.801963,Recipe_B,610592ff-dcbe-4f1d-8eb4-f593c5d7ac78,2,4.0,,,,95.94,48.4,51.64,41.83,47.44,48.08
2025-12-15T17:27:25.801963,Recipe_B,610592ff-dcbe-4f1d-8eb4-f593c5d7ac78,2,4.0,,,,97.77,45.44,57.69,60.8,46.05,49.6
2025-12-15T17:27:26.801963,Recipe_B,610592ff-dcbe-4f1d-8eb4-f593c5d7ac78,2,2.0,,,,12.05,14.69,9.17,5.14,12.54,8.02
2025-12-15T17:27:27.801963,Recipe_B,610592ff-dcbe-4f1d-8eb4-f593c5d7ac78,2,2.0,,,,3.4,7.87,9.58,9.72,10.26,10.54
2025-12-15T17:27:28.801963,Recipe_B,610592ff-dcbe-4f1d-8eb4-f593c5d7ac78,2,2.0,,,,12.15,8.78,11.36,8.58,7.7,8.3
2025-12-15T17:27:29.801963,Recipe_B,610592ff-dcbe-4f1d-8eb4-f593c5d7ac78,2,2.0,,,,10.86,8.43,8.68,11.85,9.86,11.54
2025-12-15T17:27:30.801963,Recipe_B,610592ff-dcbe-4f1d-8eb4-f593c5d7ac78,2,2.0,,,,9.64,7.92,9.01,9.42,11.2,10.34
2025-12-15T17:27:31.801963,Recipe_B,610592ff-dcbe-4f1d-8eb4-f593c5d7ac78,2,2.0,,,,10.24,13.37,9.33,6.27,12.49,11.03
2025-12-15T17:27:32.801963,Recipe_B,610592ff-dcbe-4f1d-8eb4-f593c5d7ac78,2,2.0,,,,9.44,12.23,10.64,13.79,11.1,7.68
2025-12-15T17:27:33.801963,Recipe_B,610592ff-dcbe-4f1d-8eb4-f593c5d7ac78,2,2.0,,,,8.04,6.86,12.0,12.2,8.25,6.62
2025-12-15T17:27:34.801963,Recipe_B,610592ff-dcbe-4f1d-8eb4-f593c5d7ac78,2,2.0,,,,13.63,9.64,9.33,11.73,11.26,10.02
2025-12-15T17:27:35.801963,Recipe_B,610592ff-dcbe-4f1d-8eb4-f593c5d7ac78,2,2.0,,,,7.42,8.33,11.43,9.28,14.39,11.42
2025-12-15T17:27:36.801963,Recipe_B,610592ff-dcbe-4f1d-8eb4-f593c5d7ac78,2,2.0,,,,7.61,11.44,7.32,10.75,10.6,10.28
2025-12-15T17:27:37.801963,Recipe_B,610592ff-dcbe-4f1d-8eb4-f593c5d7ac78,2,2.0,,,,9.86,10.22,10.72,11.67,8.26,9.27
2025-12-15T17:27:38.801963,Recipe_B,610592ff-dcbe-4f1d-8eb4-f593c5d7ac78,2,2.0,,,,11.69,11.06,9.62,12.73,12.15,9.18
2025-12-15T17:27:39.801963,Recipe_B,610592ff-dcbe-4f1d-8eb4-f593c5d7ac78,2,2.0,,,,9.26,12.23,7.24,10.5,11.97,14.92
2025-12-15T17:27:40.801963,Recipe_B,610592ff-dcbe-4f1d-8eb4-f593c5d7ac78,2,2.0,,,,12.77,11.06,13.25,8.99,11.22,10.61
2025-12-15T17:27:41.801963,Recipe_B,610592ff-dcbe-4f1d-8eb4-f593c5d7ac78,2,2.0,,,,10.45,9.35,10.43,13.29,7.97,8.93
2025-12-15T17:27:42.801963,Recipe_B,610592ff-dcbe-4f1d-8eb4-f593c5d7ac78,2,2.0,,,,9.89,13.12,11.37,9.42,8.19,11.23
2025-12-15T17:27:43.801963,Recipe_B,610592ff-dcbe-4f1d-8eb4-f593c5d7ac78,2,2.0,,,,8.27,7.26,12.03,9.05,9.28,9.25
2025-12-15T17:27:44.801963,Recipe_B,610592ff-dcbe-4f1d-8eb4-f593c5d7ac78,2,2.0,,,,11.04,10.99,6.12,11.3,10.19,7.15
2025-12-15T17:27:45.801963,Recipe_B,610592ff-dcbe-4f1d-8eb4-f593c5d7ac78,2,2.0,,,,11.07,14.18,10.54,6.01,7.51,8.2
2025-12-15T17:27:46.801963,Recipe_B,610592ff-dcbe-4f1d-8eb4-f593c5d7ac78,2,2.0,,,,11.06,12.28,12.45,9.88,9.76,11.32
2025-12-15T17:27:47.801963,Recipe_B,610592ff-dcbe-4f1d-8eb4-f593c5d7ac78,2,2.0,,,,8.63,11.76,8.91,10.4,10.73,13.15
2025-12-15T17:27:48.801963,Recipe_B,610592ff-dcbe-4f1d-8eb4-f593c5d7ac78,2,2.0,,,,7.66,11.81,13.07,10.54,7.94,7.2
2025-12-15T17:27:49.801963,Recipe_B,610592ff-dcbe-4f1d-8eb4-f593c5d7ac78,2,2.0,,,,9.38,9.36,14.11,12.76,8.26,12.72
2025-12-15T17:27:50.801963,Recipe_B,610592ff-dcbe-4f1d-8eb4-f593c5d7ac78,2,2.0,,,,8.27,11.77,13.41,10.31,10.42,12.12
2025-12-15T17:27:51.801963,Recipe_B,610592ff-dcbe-4f1d-8eb4-f593c5d7ac78,2,2.0,,,,11.66,12.93,7.32,11.04,8.57,8.9
2025-12-15T17:27:52.801963,Recipe_B,610592ff-dcbe-4f1d-8eb4-f593c5d7ac78,2,2.0,,,,10.32,10.73,13.46,8.4,7.61,9.24
2025-12-15T17:27:53.801963,Recipe_B,610592ff-dcbe-4f1d-8eb4-f593c5d7ac78,2,2.0,,,,10.33,13.19,7.65,11.94,9.87,12.16
2025-12-15T17:27:54.801963,Recipe_B,610592ff-dcbe-4f1d-8eb4-f593c5d7ac78,2,2.0,,,,8.62,9.04,7.05,7.47,10.25,9.37
2025-12-15T17:27:55.801963,Recipe_B,610592ff-dcbe-4f1d-8eb4-f593c5d7ac78,2,2.0,,,,7.89,12.12,10.14,9.96,10.31,12.2
2025-12-15T17:27:56.801963,Recipe_B,610592ff-dcbe-4f1d-8eb4-f593c5d7ac78,2,2.0,,,,10.03,9.63,8.68,9.35,8.61,11.58
2025-12-15T17:27:57.801963,Recipe_B,610592ff-dcbe-4f1d-8eb4-f593c5d7ac78,2,2.0,,,,13.44,9.45,10.24,10.92,10.63,12.28
2025-12-15T17:27:58.801963,Recipe_B,610592ff-dcbe-4f1d-8eb4-f593c5d7ac78,2,2.0,,,,12.27,7.99,9.49,7.29,11.7,11.47
2025-12-15T17:27:59.801963,Recipe_B,610592ff-dcbe-4f1d-8eb4-f593c5d7ac78,2,2.0,,,,6.07,8.18,9.56,9.58,10.56,9.11
2025-12-15T17:28:00.801963,Recipe_B,610592ff-dcbe-4f1d-8eb4-f593c5d7ac78,2,1.0,,,,10.93,9.58,12.91,7.5,12.16,8.67
2025-12-15T17:28:01.801963,Recipe_B,610592ff-dcbe-4f1d-8eb4-f593c5d7ac78,2,1.0,,,,10.72,14.67,11.17,8.9,7.77,11.66
2025-12-15T17:28:02.801963,Recipe_B,610592ff-dcbe-4f1d-8eb4-f593c5d7ac78,2,1.0,,,,10.51,10.5,10.43,5.92,8.15,10.42
2025-12-15T17:28:03.801963,Recipe_B,610592ff-dcbe-4f1d-8eb4-f593c5d7ac78,2,1.0,,,,11.75,5.31,10.83,13.69,8.47,10.71
2025-12-15T17:28:04.801963,Recipe_B,610592ff-dcbe-4f1d-8eb4-f593c5d7ac78,2,1.0,,,,13.33,9.64,11.01,9.47,8.11,7.86
2025-12-15T17:28:05.801963,Recipe_B,610592ff-dcbe-4f1d-8eb4-f593c5d7ac78,2,1.0,,,,9.78,9.86,9.17,11.95,8.81,13.99
2025-12-15T17:28:06.801963,Recipe_B,610592ff-dcbe-4f1d-8eb4-f593c5d7ac78,2,1.0,,,,12.64,6.71,14.76,8.3,11.43,12.74
2025-12-15T17:28:07.801963,Recipe_B,610592ff-dcbe-4f1d-8eb4-f593c5d7ac78,2,1.0,,,,8.45,9.37,9.84,10.29,7.39,8.45
2025-12-15T17:28:08.801963,Recipe_B,610592ff-dcbe-4f1d-8eb4-f593c5d7ac78,2,1.0,,,,9.06,7.22,6.82,8.6,5.05,10.67
2025-12-15T17:28:09.801963,Recipe_B,610592ff-dcbe-4f1d-8eb4-f593c5d7ac78,2,1.0,,,,4.73,6.35,6.84,11.68,7.94,8.08
2025-12-15T17:28:10.801963,Recipe_B,610592ff-dcbe-4f1d-8eb4-f593c5d7ac78,2,1.0,,,,7.57,6.88,7.76,12.34,9.82,10.04
2025-12-15T17:28:11.801963,Recipe_B,610592ff-dcbe-4f1d-8eb4-f593c5d7ac78,2,1.0,,,,11.17,9.88,7.57,6.73,9.25,9.88
2025-12-15T17:28:12.801963,Recipe_B,610592ff-dcbe-4f1d-8eb4-f593c5d7ac78,2,1.0,,,,11.02,11.13,9.87,9.68,9.12,9.21
2025-12-15T17:28:13.801963,Recipe_B,610592ff-dcbe-4f1d-8eb4-f593c5d7ac78,2,1.0,,,,8.78,12.44,7.32,10.32,11.16,8.14
2025-12-15T17:28:14.801963,Recipe_B,610592ff-dcbe-4f1d-8eb4-f593c5d7ac78,2,1.0,,,,12.29,10.74,11.18,5.71,11.89,10.46
2025-12-15T17:28:15.801963,Recipe_B,610592ff-dcbe-4f1d-8eb4-f593c5d7ac78,2,1.0,,,,5.1,11.25,10.58,9.66,12.27,12.29
2025-12-15T17:28:16.801963,Recipe_B,610592ff-dcbe-4f1d-8eb4-f593c5d7ac78,2,1.0,,,,13.6,10.16,8.9,11.23,10.52,13.61
2025-12-15T17:28:17.801963,Recipe_B,610592ff-dcbe-4f1d-8eb4-f593c5d7ac78,2,1.0,,,,14.95,8.19,10.91,8.74,9.72,11.32
2025-12-15T17:28:18.801963,Recipe_B,610592ff-dcbe-4f1d-8eb4-f593c5d7ac78,2,1.0,,,,10.53,9.91,11.78,12.1,7.29,9.32
2025-12-15T17:28:19.801963,Recipe_B,610592ff-dcbe-4f1d-8eb4-f593c5d7ac78,2,1.0,,,,11.35,6.5,11.39,13.75,7.98,11.01
2025-12-15T17:28:20.801963,Recipe_B,610592ff-dcbe-4f1d-8eb4-f593c5d7ac78,2,1.0,,,,11.69,9.97,8.35,10.72,11.52,7.99
2025-12-15T17:28:21.801963,Recipe_B,610592ff-dcbe-4f1d-8eb4-f593c5d7ac78,2,1.0,,,,10.62,12.04,9.96,9.32,10.89,10.15
2025-12-15T17:28:22.801963,Recipe_B,610592ff-dcbe-4f1d-8eb4-f593c5d7ac78,2,1.0,,,,10.26,10.72,9.38,9.03,12.93,13.31
2025-12-15T17:28:23.801963,Recipe_B,610592ff-dcbe-4f1d-8eb4-f593c5d7ac78,2,1.0,,,,8.12,9.54,12.52,9.98,7.93,11.43
2025-12-15T17:28:24.801963,Recipe_B,610592ff-dcbe-4f1d-8eb4-f593c5d7ac78,2,1.0,,,,8.96,10.8,8.71,12.84,9.99,10.37
2025-12-15T17:28:25.801963,Recipe_B,610592ff-dcbe-4f1d-8eb4-f593c5d7ac78,2,1.0,,,,9.66,11.32,8.85,9.88,10.8,8.37
2025-12-15T17:28:26.801963,Recipe_B,610592ff-dcbe-4f1d-8eb4-f593c5d7ac78,2,1.0,,,,8.38,10.38,4.3,8.97,8.88,8.75
2025-12-15T17:28:27.801963,Recipe_B,610592ff-dcbe-4f1d-8eb4-f593c5d7ac78,2,1.0,,,,11.85,10.97,7.77,10.98,12.05,8.82
2025-12-15T17:28:28.801963,Recipe_B,610592ff-dcbe-4f1d-8eb4-f593c5d7ac78,2,1.0,,,,11.81,10.8,11.84,5.55,11.91,6.66
2025-12-15T17:28:29.801963,Recipe_B,610592ff-dcbe-4f1d-8eb4-f593c5d7ac78,2,1.0,,,,8.1,9.42,9.17,11.55,12.88,9.13
2025-12-15T17:28:30.801963,Recipe_B,610592ff-dcbe-4f1d-8eb4-f593c5d7ac78,2,1.0,,,,8.38,12.27,11.28,5.38,12.11,10.08
2025-12-15T17:28:31.801963,Recipe_B,610592ff-dcbe-4f1d-8eb4-f593c5d7ac78,2,1.0,,,,13.09,9.53,9.36,13.34,9.79,10.97
2025-12-15T17:28:32.801963,Recipe_B,610592ff-dcbe-4f1d-8eb4-f593c5d7ac78,2,1.0,,,,8.91,13.2,9.77,12.01,7.38,11.91
2025-12-15T17:28:33.801963,Recipe_B,610592ff-dcbe-4f1d-8eb4-f593c5d7ac78,2,1.0,,,,6.74,7.55,7.34,9.76,7.51,12.33
2025-12-15T17:28:34.801963,Recipe_B,610592ff-dcbe-4f1d-8eb4-f593c5d7ac78,2,1.0,,,,8.94,8.2,6.6,8.66,6.78,9.6
2025-12-15T17:28:35.801963,Recipe_B,610592ff-dcbe-4f1d-8eb4-f593c5d7ac78,2,1.0,,,,8.22,11.12,7.45,11.05,12.08,10.21
2025-12-15T17:28:36.801963,Recipe_B,610592ff-dcbe-4f1d-8eb4-f593c5d7ac78,2,1.0,,,,9.38,10.18,11.33,10.25,7.61,8.93
2025-12-15T17:28:37.801963,Recipe_B,610592ff-dcbe-4f1d-8eb4-f593c5d7ac78,2,1.0,,,,5.73,9.39,13.11,10.51,11.94,10.85
2025-12-15T17:28:38.801963,Recipe_B,610592ff-dcbe-4f1d-8eb4-f593c5d7ac78,2,1.0,,,,11.15,9.43,6.84,10.78,10.22,9.61
2025-12-15T17:28:39.801963,Recipe_B,610592ff-dcbe-4f1d-8eb4-f593c5d7ac78,2,1.0,,,,9.72,9.02,8.56,9.04,8.88,8.0
2025-12-15T17:28:40.801963,Recipe_B,610592ff-dcbe-4f1d-8eb4-f593c5d7ac78,2,1.0,,,,7.09,6.46,12.29,9.09,8.71,12.39
2025-12-15T17:28:41.801963,Recipe_B,610592ff-dcbe-4f1d-8eb4-f593c5d7ac78,2,1.0,,,,10.8,11.54,9.29,12.7,9.52,10.08
2025-12-15T17:28:42.801963,Recipe_B,610592ff-dcbe-4f1d-8eb4-f593c5d7ac78,2,1.0,,,,8.36,8.47,8.89,12.23,9.91,9.99
2025-12-15T17:28:43.801963,Recipe_B,610592ff-dcbe-4f1d-8eb4-f593c5d7ac78,2,1.0,,,,14.63,11.09,10.22,10.35,8.71,9.04
2025-12-15T17:28:44.801963,Recipe_B,610592ff-dcbe-4f1d-8eb4-f593c5d7ac78,2,1.0,,,,12.76,10.96,8.36,11.4,11.92,10.97
2025-12-15T17:28:45.801963,Recipe_B,610592ff-dcbe-4f1d-8eb4-f593c5d7ac78,2,1.0,,,,10.59,9.87,9.73,9.9,9.01,11.51
2025-12-15T17:28:46.801963,Recipe_B,610592ff-dcbe-4f1d-8eb4-f593c5d7ac78,2,1.0,,,,10.18,6.6,11.4,9.38,10.4,10.28
2025-12-15T17:28:46.801963,Recipe_B,610592ff-dcbe-4f1d-8eb4-f593c5d7ac78,2,1.0,Error_7,Simulated Error occurred,Error,,,,,,
2025-12-15T17:28:47.801963,Recipe_B,610592ff-dcbe-4f1d-8eb4-f593c5d7ac78,2,1.0,,,,10.76,10.91,14.03,7.67,6.84,8.21
2025-12-15T17:28:48.801963,Recipe_B,610592ff-dcbe-4f1d-8eb4-f593c5d7ac78,2,1.0,,,,7.72,8.99,13.66,11.57,11.48,10.73
2025-12-15T17:28:49.801963,Recipe_B,610592ff-dcbe-4f1d-8eb4-f593c5d7ac78,2,1.0,,,,10.15,9.4,12.22,10.81,6.42,8.95
2025-12-15T17:28:50.801963,Recipe_B,610592ff-dcbe-4f1d-8eb4-f593c5d7ac78,2,1.0,,,,9.93,8.17,9.76,12.63,8.23,6.12
2025-12-15T17:28:51.801963,Recipe_B,610592ff-dcbe-4f1d-8eb4-f593c5d7ac78,2,1.0,,,,9.5,7.06,8.49,10.92,10.77,7.88
2025-12-15T17:28:52.801963,Recipe_B,610592ff-dcbe-4f1d-8eb4-f593c5d7ac78,2,1.0,,,,11.78,11.09,6.77,11.45,8.65,8.41
2025-12-15T17:28:53.801963,Recipe_B,610592ff-dcbe-4f1d-8eb4-f593c5d7ac78,2,1.0,,,,7.58,7.96,8.05,11.92,5.15,8.62
2025-12-15T17:28:54.801963,Recipe_B,610592ff-dcbe-4f1d-8eb4-f593c5d7ac78,2,1.0,,,,9.35,10.28,8.67,10.69,8.12,6.35
2025-12-15T17:28:55.801963,Recipe_B,610592ff-dcbe-4f1d-8eb4-f593c5d7ac78,2,1.0,,,,10.92,10.3,11.88,8.28,8.23,9.51
2025-12-15T17:28:56.801963,Recipe_B,610592ff-dcbe-4f1d-8eb4-f593c5d7ac78,2,1.0,,,,8.48,10.63,11.89,13.77,8.19,7.38
2025-12-15T17:28:57.801963,Recipe_B,610592ff-dcbe-4f1d-8eb4-f593c5d7ac78,2,1.0,,,,6.03,6.0,9.3,8.7,9.21,7.29
2025-12-15T17:28:58.801963,Recipe_B,610592ff-dcbe-4f1d-8eb4-f593c5d7ac78,2,1.0,,,,8.59,9.07,9.68,11.7,9.26,7.59
2025-12-15T17:28:59.801963,Recipe_B,610592ff-dcbe-4f1d-8eb4-f593c5d7ac78,2,1.0,,,,7.39,9.52,9.08,13.34,11.0,6.93
2025-12-15T17:29:00.801963,Recipe_B,610592ff-dcbe-4f1d-8eb4-f593c5d7ac78,2,1.0,,,,12.84,9.79,9.75,7.17,9.8,14.65
2025-12-15T17:29:01.801963,Recipe_B,610592ff-dcbe-4f1d-8eb4-f593c5d7ac78,2,1.0,,,,10.27,7.35,9.74,8.7,12.14,8.26
2025-12-15T17:29:01.801963,Recipe_B,610592ff-dcbe-4f1d-8eb4-f593c5d7ac78,2,1.0,Warning_6,Simulated Warning occurred,Warning,,,,,,
2025-12-15T17:29:02.801963,Recipe_B,610592ff-dcbe-4f1d-8eb4-f593c5d7ac78,2,1.0,,,,10.77,11.67,10.11,16.97,9.32,6.95
2025-12-15T17:29:02.801963,Recipe_B,610592ff-dcbe-4f1d-8eb4-f593c5d7ac78,2,1.0,Warning_7,Simulated Warning occurred,Warning,,,,,,
2025-12-15T17:29:03.801963,Recipe_B,610592ff-dcbe-4f1d-8eb4-f593c5d7ac78,2,1.0,,,,9.99,16.12,9.13,10.89,7.84,8.58
2025-12-15T17:29:04.801963,Recipe_B,610592ff-dcbe-4f1d-8eb4-f593c5d7ac78,2,1.0,,,,8.51,13.93,8.34,8.21,6.23,10.36
2025-12-15T17:29:05.801963,Recipe_B,610592ff-dcbe-4f1d-8eb4-f593c5d7ac78,2,1.0,,,,5.46,7.19,7.34,14.14,10.87,9.99
2025-12-15T17:29:06.801963,Recipe_B,610592ff-dcbe-4f1d-8eb4-f593c5d7ac78,2,1.0,,,,9.5,8.54,6.61,6.1,10.28,8.81
2025-12-15T17:29:07.801963,Recipe_B,610592ff-dcbe-4f1d-8eb4-f593c5d7ac78,2,1.0,,,,10.28,10.51,12.06,12.04,10.56,8.48
2025-12-15T17:29:08.801963,Recipe_B,610592ff-dcbe-4f1d-8eb4-f593c5d7ac78,2,1.0,,,,8.09,11.49,10.29,8.44,12.91,17.5
2025-12-15T17:29:09.801963,Recipe_B,610592ff-dcbe-4f1d-8eb4-f593c5d7ac78,2,1.0,,,,6.2,11.98,8.07,7.77,11.1,10.16
2025-12-15T17:29:10.801963,Recipe_B,610592ff-dcbe-4f1d-8eb4-f593c5d7ac78,2,1.0,,,,7.01,9.46,6.78,10.35,14.04,9.81
2025-12-15T17:29:11.801963,Recipe_B,610592ff-dcbe-4f1d-8eb4-f593c5d7ac78,2,1.0,,,,6.89,12.23,12.91,12.01,6.77,10.58
2025-12-15T17:29:12.801963,Recipe_B,610592ff-dcbe-4f1d-8eb4-f593c5d7ac78,2,1.0,,,,10.99,10.76,7.89,10.42,6.45,15.7
2025-12-15T17:29:13.801963,Recipe_B,610592ff-dcbe-4f1d-8eb4-f593c5d7ac78,2,1.0,,,,7.75,14.2,11.39,6.88,9.58,8.37
2025-12-15T17:29:14.801963,Recipe_B,610592ff-dcbe-4f1d-8eb4-f593c5d7ac78,2,1.0,,,,8.39,10.64,11.15,12.47,8.29,7.33
2025-12-15T17:29:15.801963,Recipe_B,610592ff-dcbe-4f1d-8eb4-f593c5d7ac78,2,1.0,,,,9.73,7.72,7.04,9.34,10.97,7.23
2025-12-15T17:29:16.801963,Recipe_B,610592ff-dcbe-4f1d-8eb4-f593c5d7ac78,2,1.0,,,,10.58,11.21,8.92,10.6,6.74,8.74
2025-12-15T17:29:17.801963,Recipe_B,610592ff-dcbe-4f1d-8eb4-f593c5d7ac78,2,1.0,,,,10.97,11.97,3.75,11.28,11.2,10.41
2025-12-15T17:29:18.801963,Recipe_B,610592ff-dcbe-4f1d-8eb4-f593c5d7ac78,2,1.0,,,,11.09,10.0,13.94,9.83,9.26,9.59
2025-12-15T17:29:19.801963,Recipe_B,610592ff-dcbe-4f1d-8eb4-f593c5d7ac78,2,1.0,,,,8.79,11.04,11.56,7.87,10.72,9.52
2025-12-15T17:29:20.801963,Recipe_B,610592ff-dcbe-4f1d-8eb4-f593c5d7ac78,2,1.0,,,,10.01,11.82,11.75,10.46,8.83,11.61
2025-12-15T17:29:21.801963,Recipe_B,610592ff-dcbe-4f1d-8eb4-f593c5d7ac78,2,1.0,,,,9.98,11.75,9.49,10.63,10.39,8.13
2025-12-15T17:29:22.801963,Recipe_B,610592ff-dcbe-4f1d-8eb4-f593c5d7ac78,2,1.0,,,,11.82,9.73,8.57,12.27,8.3,10.03
2025-12-15T17:29:23.801963,Recipe_B,610592ff-dcbe-4f1d-8eb4-f593c5d7ac78,2,1.0,,,,7.86,10.46,10.49,8.99,8.52,11.37
2025-12-15T17:29:24.801963,Recipe_B,610592ff-dcbe-4f1d-8eb4-f593c5d7ac78,2,1.0,,,,9.22,10.68,9.65,8.44,10.46,10.11
2025-12-15T17:29:25.801963,Recipe_B,610592ff-dcbe-4f1d-8eb4-f593c5d7ac78,2,1.0,,,,12.8,7.46,7.77,13.75,9.22,11.44
2025-12-15T17:29:26.801963,Recipe_B,610592ff-dcbe-4f1d-8eb4-f593c5d7ac78,2,1.0,,,,9.79,9.96,11.54,11.79,10.65,10.55
2025-12-15T17:29:27.801963,Recipe_B,610592ff-dcbe-4f1d-8eb4-f593c5d7ac78,2,1.0,,,,11.05,8.9,12.17,9.39,10.56,13.91
2025-12-15T17:29:28.801963,Recipe_B,610592ff-dcbe-4f1d-8eb4-f593c5d7ac78,2,1.0,,,,10.4,12.07,11.72,9.26,9.34,12.81
2025-12-15T17:29:29.801963,Recipe_B,610592ff-dcbe-4f1d-8eb4-f593c5d7ac78,2,1.0,,,,8.6,9.22,7.71,11.65,11.17,9.93
2025-12-15T17:29:30.801963,Recipe_B,610592ff-dcbe-4f1d-8eb4-f593c5d7ac78,2,1.0,,,,10.37,12.43,8.45,7.89,13.03,9.15
2025-12-15T17:29:31.801963,Recipe_B,610592ff-dcbe-4f1d-8eb4-f593c5d7ac78,2,1.0,,,,12.21,9.15,5.13,8.89,10.26,9.41
2025-12-15T17:29:32.801963,Recipe_B,610592ff-dcbe-4f1d-8eb4-f593c5d7ac78,2,1.0,,,,11.03,9.84,8.89,5.85,10.25,9.75
2025-12-15T17:29:33.801963,Recipe_B,610592ff-dcbe-4f1d-8eb4-f593c5d7ac78,2,1.0,,,,11.92,7.81,14.06,9.22,8.2,8.72
2025-12-15T17:29:34.801963,Recipe_B,610592ff-dcbe-4f1d-8eb4-f593c5d7ac78,2,1.0,,,,9.63,9.48,12.17,7.82,9.53,11.42
2025-12-15T17:29:35.801963,Recipe_B,610592ff-dcbe-4f1d-8eb4-f593c5d7ac78,2,1.0,,,,7.08,12.83,8.71,11.95,11.14,9.26
2025-12-15T17:29:36.801963,Recipe_B,610592ff-dcbe-4f1d-8eb4-f593c5d7ac78,2,1.0,,,,9.65,7.02,6.76,9.51,8.21,9.83
2025-12-15T17:29:37.801963,Recipe_B,610592ff-dcbe-4f1d-8eb4-f593c5d7ac78,2,1.0,,,,9.98,7.62,9.69,10.67,7.62,7.0
2025-12-15T17:29:38.801963,Recipe_B,610592ff-dcbe-4f1d-8eb4-f593c5d7ac78,2,1.0,,,,8.9,9.36,7.77,11.68,12.7,10.95
2025-12-15T17:29:39.801963,Recipe_B,610592ff-dcbe-4f1d-8eb4-f593c5d7ac78,2,1.0,,,,14.77,12.3,6.25,11.67,15.59,7.39
2025-12-15T17:29:40.801963,Recipe_B,610592ff-dcbe-4f1d-8eb4-f593c5d7ac78,2,1.0,,,,8.72,12.33,12.75,7.56,11.3,9.82
2025-12-15T17:29:41.801963,Recipe_B,610592ff-dcbe-4f1d-8eb4-f593c5d7ac78,2,1.0,,,,9.94,13.63,15.59,10.42,8.2,10.44
2025-12-15T17:29:42.801963,Recipe_B,610592ff-dcbe-4f1d-8eb4-f593c5d7ac78,2,1.0,,,,11.17,10.82,10.3,8.79,11.31,11.71
2025-12-15T17:29:43.801963,Recipe_B,610592ff-dcbe-4f1d-8eb4-f593c5d7ac78,2,1.0,,,,9.22,10.13,8.82,9.17,11.84,8.29
2025-12-15T17:29:44.801963,Recipe_B,610592ff-dcbe-4f1d-8eb4-f593c5d7ac78,2,1.0,,,,7.15,9.6,7.84,10.06,10.57,7.01
2025-12-15T17:29:45.801963,Recipe_B,610592ff-dcbe-4f1d-8eb4-f593c5d7ac78,2,1.0,,,,10.39,11.25,13.17,10.96,10.3,11.52
2025-12-15T17:29:46.801963,Recipe_B,610592ff-dcbe-4f1d-8eb4-f593c5d7ac78,2,1.0,,,,8.75,6.97,9.05,9.43,10.79,11.61
2025-12-15T17:29:47.801963,Recipe_B,610592ff-dcbe-4f1d-8eb4-f593c5d7ac78,2,1.0,,,,11.68,8.61,12.55,8.67,9.1,12.39
2025-12-15T17:29:48.801963,Recipe_B,610592ff-dcbe-4f1d-8eb4-f593c5d7ac78,2,1.0,,,,8.77,12.45,10.28,9.31,11.93,7.46
2025-12-15T17:29:49.801963,Recipe_B,610592ff-dcbe-4f1d-8eb4-f593c5d7ac78,2,1.0,,,,9.59,10.46,11.61,12.82,13.22,9.57
2025-12-15T17:29:50.801963,Recipe_B,610592ff-dcbe-4f1d-8eb4-f593c5d7ac78,2,1.0,,,,7.11,11.57,10.25,13.05,11.57,6.66
2025-12-15T17:29:51.801963,Recipe_B,610592ff-dcbe-4f1d-8eb4-f593c5d7ac78,2,1.0,,,,8.47,11.01,6.44,8.73,9.04,11.35
2025-12-15T17:29:52.801963,Recipe_B,610592ff-dcbe-4f1d-8eb4-f593c5d7ac78,2,1.0,,,,8.35,6.42,10.74,11.3,11.96,7.63
2025-12-15T17:29:53.801963,Recipe_B,610592ff-dcbe-4f1d-8eb4-f593c5d7ac78,2,1.0,,,,9.53,9.5,10.07,10.09,11.18,7.73
2025-12-15T17:29:54.801963,Recipe_B,610592ff-dcbe-4f1d-8eb4-f593c5d7ac78,2,1.0,,,,12.19,11.57,9.84,12.02,6.71,11.82
2025-12-15T17:29:55.801963,Recipe_B,610592ff-dcbe-4f1d-8eb4-f593c5d7ac78,2,1.0,,,,11.25,8.71,7.88,13.42,10.69,9.16
2025-12-15T17:29:56.801963,Recipe_B,610592ff-dcbe-4f1d-8eb4-f593c5d7ac78,2,1.0,,,,10.87,9.92,9.96,7.7,9.81,9.45
2025-12-15T17:29:57.801963,Recipe_B,610592ff-dcbe-4f1d-8eb4-f593c5d7ac78,2,1.0,,,,11.68,11.13,12.01,11.24,11.38,12.41
2025-12-15T17:29:58.801963,Recipe_B,610592ff-dcbe-4f1d-8eb4-f593c5d7ac78,2,1.0,,,,6.15,10.84,12.11,11.44,6.98,10.52
2025-12-15T17:29:59.801963,Recipe_B,610592ff-dcbe-4f1d-8eb4-f593c5d7ac78,2,1.0,,,,12.97,10.4,8.15,8.9,9.69,5.51
2025-12-15T17:30:00.801963,Recipe_B,610592ff-dcbe-4f1d-8eb4-f593c5d7ac78,2,1.0,,,,12.51,7.13,11.06,11.32,10.52,7.69
2025-12-15T17:30:01.801963,Recipe_B,610592ff-dcbe-4f1d-8eb4-f593c5d7ac78,2,1.0,,,,11.16,10.15,12.97,9.68,10.73,11.54
2025-12-15T17:30:02.801963,Recipe_B,610592ff-dcbe-4f1d-8eb4-f593c5d7ac78,2,1.0,,,,8.51,8.88,9.35,8.0,12.05,10.73
2025-12-15T17:30:03.801963,Recipe_B,610592ff-dcbe-4f1d-8eb4-f593c5d7ac78,2,1.0,,,,9.13,9.52,9.86,11.85,11.73,6.8
2025-12-15T17:30:04.801963,Recipe_B,610592ff-dcbe-4f1d-8eb4-f593c5d7ac78,2,1.0,,,,9.47,7.42,13.07,10.48,9.73,5.72
2025-12-15T17:30:05.801963,Recipe_B,610592ff-dcbe-4f1d-8eb4-f593c5d7ac78,2,1.0,,,,12.71,9.77,11.88,8.87,10.84,10.92
2025-12-15T17:30:06.801963,Recipe_B,610592ff-dcbe-4f1d-8eb4-f593c5d7ac78,2,1.0,,,,10.23,13.86,7.91,11.14,11.38,11.7
2025-12-15T17:30:07.801963,Recipe_B,610592ff-dcbe-4f1d-8eb4-f593c5d7ac78,2,1.0,,,,9.83,12.28,8.27,12.34,10.86,8.32
2025-12-15T17:30:08.801963,Recipe_B,610592ff-dcbe-4f1d-8eb4-f593c5d7ac78,2,1.0,,,,10.14,10.98,11.31,9.33,11.27,13.09
2025-12-15T17:30:09.801963,Recipe_B,610592ff-dcbe-4f1d-8eb4-f593c5d7ac78,2,1.0,,,,9.32,11.21,9.62,9.57,7.98,5.82
2025-12-15T17:30:10.801963,Recipe_B,610592ff-dcbe-4f1d-8eb4-f593c5d7ac78,2,1.0,,,,12.54,9.6,11.55,9.38,11.26,8.61
2025-12-15T17:30:11.801963,Recipe_B,610592ff-dcbe-4f1d-8eb4-f593c5d7ac78,2,3.0,,,,9.99,8.72,9.68,11.77,9.44,9.71
2025-12-15T17:30:12.801963,Recipe_B,610592ff-dcbe-4f1d-8eb4-f593c5d7ac78,2,3.0,,,,10.29,8.5,13.08,8.87,8.47,12.68
2025-12-15T17:30:13.801963,Recipe_B,610592ff-dcbe-4f1d-8eb4-f593c5d7ac78,2,3.0,,,,10.8,11.23,12.08,12.92,12.26,12.96
2025-12-15T17:30:14.801963,Recipe_B,610592ff-dcbe-4f1d-8eb4-f593c5d7ac78,2,3.0,,,,13.76,8.35,8.25,8.83,11.28,6.75
2025-12-15T17:30:15.801963,Recipe_B,610592ff-dcbe-4f1d-8eb4-f593c5d7ac78,2,3.0,,,,11.16,7.11,11.8,10.59,11.15,8.91
2025-12-15T17:30:16.801963,Recipe_B,610592ff-dcbe-4f1d-8eb4-f593c5d7ac78,2,3.0,,,,9.41,10.68,8.81,9.94,10.76,10.07
2025-12-15T17:30:17.801963,Recipe_B,610592ff-dcbe-4f1d-8eb4-f593c5d7ac78,2,3.0,,,,9.12,11.88,11.77,13.42,10.12,10.45
2025-12-15T17:30:18.801963,Recipe_B,610592ff-dcbe-4f1d-8eb4-f593c5d7ac78,2,3.0,,,,13.45,10.2,9.45,10.88,10.09,14.1
2025-12-15T17:30:19.801963,Recipe_B,610592ff-dcbe-4f1d-8eb4-f593c5d7ac78,2,3.0,,,,9.09,9.13,10.71,8.54,13.15,12.69
2025-12-15T17:30:20.801963,Recipe_B,610592ff-dcbe-4f1d-8eb4-f593c5d7ac78,2,3.0,,,,10.56,9.87,12.1,12.58,8.51,9.71
2025-12-15T17:30:21.801963,Recipe_B,610592ff-dcbe-4f1d-8eb4-f593c5d7ac78,2,3.0,,,,10.9,10.3,14.36,12.54,7.76,10.21
2025-12-15T17:30:22.801963,Recipe_B,610592ff-dcbe-4f1d-8eb4-f593c5d7ac78,2,3.0,,,,11.89,9.43,10.61,11.31,11.66,9.55
2025-12-15T17:30:23.801963,Recipe_B,610592ff-dcbe-4f1d-8eb4-f593c5d7ac78,2,3.0,,,,8.5,5.59,10.45,10.22,12.41,9.53
2025-12-15T17:30:24.801963,Recipe_B,610592ff-dcbe-4f1d-8eb4-f593c5d7ac78,2,3.0,,,,10.56,9.51,12.81,8.97,10.8,5.87
2025-12-15T17:30:25.801963,Recipe_B,610592ff-dcbe-4f1d-8eb4-f593c5d7ac78,2,3.0,,,,10.21,8.6,9.91,5.93,9.0,12.96
2025-12-15T17:30:26.801963,Recipe_B,610592ff-dcbe-4f1d-8eb4-f593c5d7ac78,2,3.0,,,,11.51,10.68,12.47,9.15,11.09,10.7
2025-12-15T17:30:27.801963,Recipe_B,610592ff-dcbe-4f1d-8eb4-f593c5d7ac78,2,3.0,,,,12.61,13.03,7.73,11.24,10.68,11.53
2025-12-15T17:30:28.801963,Recipe_B,610592ff-dcbe-4f1d-8eb4-f593c5d7ac78,2,3.0,,,,9.21,12.57,8.5,11.05,9.36,12.59
2025-12-15T17:30:29.801963,Recipe_B,610592ff-dcbe-4f1d-8eb4-f593c5d7ac78,2,3.0,,,,9.94,9.21,8.99,8.73,4.98,11.13
2025-12-15T17:30:30.801963,Recipe_B,610592ff-dcbe-4f1d-8eb4-f593c5d7ac78,2,3.0,,,,12.06,9.91,12.32,12.1,5.32,11.14
2025-12-15T17:30:31.801963,Recipe_B,610592ff-dcbe-4f1d-8eb4-f593c5d7ac78,2,3.0,,,,11.51,10.96,15.34,10.09,9.61,12.1
2025-12-15T17:30:32.801963,Recipe_B,610592ff-dcbe-4f1d-8eb4-f593c5d7ac78,2,3.0,,,,9.61,6.37,11.82,8.67,11.8,10.58
2025-12-15T17:30:33.801963,Recipe_B,610592ff-dcbe-4f1d-8eb4-f593c5d7ac78,2,3.0,,,,9.29,10.11,12.04,5.58,11.78,7.73
2025-12-15T17:30:34.801963,Recipe_B,610592ff-dcbe-4f1d-8eb4-f593c5d7ac78,2,3.0,,,,11.92,9.0,8.83,5.88,8.74,6.68
2025-12-15T17:30:35.801963,Recipe_B,610592ff-dcbe-4f1d-8eb4-f593c5d7ac78,2,1.0,,,,9.57,9.9,9.26,10.06,9.81,9.05
2025-12-15T17:30:36.801963,Recipe_B,610592ff-dcbe-4f1d-8eb4-f593c5d7ac78,2,1.0,,,,9.27,10.63,13.77,9.28,9.9,8.77
2025-12-15T17:30:37.801963,Recipe_B,610592ff-dcbe-4f1d-8eb4-f593c5d7ac78,2,1.0,,,,15.95,10.26,10.25,11.47,12.09,9.29
2025-12-15T17:30:38.801963,Recipe_B,610592ff-dcbe-4f1d-8eb4-f593c5d7ac78,2,1.0,,,,10.51,11.66,9.41,9.7,9.75,11.18
2025-12-15T17:30:39.801963,Recipe_B,610592ff-dcbe-4f1d-8eb4-f593c5d7ac78,2,1.0,,,,11.83,11.33,13.46,6.02,11.66,9.35
2025-12-15T17:30:40.801963,Recipe_B,610592ff-dcbe-4f1d-8eb4-f593c5d7ac78,2,0.0,,,,0.0,0.0,0.0,0.0,0.0,0.0
2025-12-15T17:30:41.801963,Recipe_B,610592ff-dcbe-4f1d-8eb4-f593c5d7ac78,2,0.0,,,,0.0,0.0,0.0,0.0,0.0,0.0
2025-12-15T17:30:42.801963,Recipe_B,610592ff-dcbe-4f1d-8eb4-f593c5d7ac78,2,0.0,,,,0.0,0.0,0.0,0.0,0.0,0.0
2025-12-15T17:30:43.801963,Recipe_B,610592ff-dcbe-4f1d-8eb4-f593c5d7ac78,2,0.0,,,,0.0,0.0,0.0,0.0,0.0,0.0
2025-12-15T17:30:44.801963,Recipe_B,610592ff-dcbe-4f1d-8eb4-f593c5d7ac78,2,0.0,,,,0.0,0.0,0.0,0.0,0.0,0.0
2025-12-15T17:30:45.801963,Recipe_B,610592ff-dcbe-4f1d-8eb4-f593c5d7ac78,2,0.0,,,,0.0,0.0,0.0,0.0,0.0,0.0
2025-12-15T17:30:46.801963,Recipe_B,610592ff-dcbe-4f1d-8eb4-f593c5d7ac78,2,0.0,,,,0.0,0.0,0.0,0.0,0.0,0.0
2025-12-15T17:30:47.801963,Recipe_B,610592ff-dcbe-4f1d-8eb4-f593c5d7ac78,2,0.0,,,,0.0,0.0,0.0,0.0,0.0,0.0
2025-12-15T17:30:48.801963,Recipe_B,610592ff-dcbe-4f1d-8eb4-f593c5d7ac78,2,0.0,,,,0.0,0.0,0.0,0.0,0.0,0.0
2025-12-15T17:30:49.801963,Recipe_B,610592ff-dcbe-4f1d-8eb4-f593c5d7ac78,2,0.0,,,,0.0,0.0,0.0,0.0,0.0,0.0
2025-12-15T17:30:50.801963,Recipe_B,610592ff-dcbe-4f1d-8eb4-f593c5d7ac78,2,0.0,,,,0.0,0.0,0.0,0.0,0.0,0.0
2025-12-15T17:30:51.801963,Recipe_B,610592ff-dcbe-4f1d-8eb4-f593c5d7ac78,2,0.0,,,,0.0,0.0,0.0,0.0,0.0,0.0
2025-12-15T17:30:52.801963,Recipe_B,610592ff-dcbe-4f1d-8eb4-f593c5d7ac78,2,0.0,,,,0.0,0.0,0.0,0.0,0.0,0.0
2025-12-15T17:30:53.801963,Recipe_B,610592ff-dcbe-4f1d-8eb4-f593c5d7ac78,2,0.0,,,,0.0,0.0,0.0,0.0,0.0,0.0
2025-12-15T17:30:54.801963,Recipe_B,610592ff-dcbe-4f1d-8eb4-f593c5d7ac78,2,0.0,,,,0.0,0.0,0.0,0.0,0.0,0.0
2025-12-15T17:30:55.801963,Recipe_B,610592ff-dcbe-4f1d-8eb4-f593c5d7ac78,2,0.0,,,,0.0,0.0,0.0,0.0,0.0,0.0
2025-12-15T17:30:56.801963,Recipe_B,610592ff-dcbe-4f1d-8eb4-f593c5d7ac78,2,0.0,,,,0.0,0.0,0.0,0.0,0.0,0.0
2025-12-15T17:30:57.801963,Recipe_B,610592ff-dcbe-4f1d-8eb4-f593c5d7ac78,2,0.0,,,,0.0,0.0,0.0,0.0,0.0,0.0
2025-12-15T17:30:58.801963,Recipe_B,610592ff-dcbe-4f1d-8eb4-f593c5d7ac78,2,0.0,,,,0.0,0.0,0.0,0.0,0.0,0.0
2025-12-15T17:30:59.801963,Recipe_B,610592ff-dcbe-4f1d-8eb4-f593c5d7ac78,2,0.0,,,,0.0,0.0,0.0,0.0,0.0,0.0
2025-12-15T17:31:00.801963,Recipe_B,610592ff-dcbe-4f1d-8eb4-f593c5d7ac78,2,0.0,,,,0.0,0.0,0.0,0.0,0.0,0.0
2025-12-15T17:31:01.801963,Recipe_B,610592ff-dcbe-4f1d-8eb4-f593c5d7ac78,2,0.0,,,,0.0,0.0,0.0,0.0,0.0,0.0
2025-12-15T17:31:02.801963,Recipe_B,610592ff-dcbe-4f1d-8eb4-f593c5d7ac78,2,0.0,,,,0.0,0.0,0.0,0.0,0.0,0.0
2025-12-15T17:31:03.801963,Recipe_B,610592ff-dcbe-4f1d-8eb4-f593c5d7ac78,2,0.0,,,,0.0,0.0,0.0,0.0,0.0,0.0
2025-12-15T17:31:04.801963,Recipe_B,610592ff-dcbe-4f1d-8eb4-f593c5d7ac78,2,0.0,,,,0.0,0.0,0.0,0.0,0.0,0.0
2025-12-15T17:31:05.801963,Recipe_B,610592ff-dcbe-4f1d-8eb4-f593c5d7ac78,2,0.0,,,,0.0,0.0,0.0,0.0,0.0,0.0
2025-12-15T17:31:06.801963,Recipe_B,610592ff-dcbe-4f1d-8eb4-f593c5d7ac78,2,0.0,,,,0.0,0.0,0.0,0.0,0.0,0.0
2025-12-15T17:31:07.801963,Recipe_B,610592ff-dcbe-4f1d-8eb4-f593c5d7ac78,2,0.0,,,,0.0,0.0,0.0,0.0,0.0,0.0
2025-12-15T17:31:08.801963,Recipe_B,610592ff-dcbe-4f1d-8eb4-f593c5d7ac78,2,0.0,,,,0.0,0.0,0.0,0.0,0.0,0.0
2025-12-15T17:31:09.801963,Recipe_B,610592ff-dcbe-4f1d-8eb4-f593c5d7ac78,2,0.0,,,,0.0,0.0,0.0,0.0,0.0,0.0
2025-12-15T17:31:10.801963,Recipe_B,610592ff-dcbe-4f1d-8eb4-f593c5d7ac78,2,0.0,,,,0.0,0.0,0.0,0.0,0.0,0.0
2025-12-15T17:31:11.801963,Recipe_B,610592ff-dcbe-4f1d-8eb4-f593c5d7ac78,2,0.0,,,,0.0,0.0,0.0,0.0,0.0,0.0
2025-12-15T17:31:12.801963,Recipe_B,610592ff-dcbe-4f1d-8eb4-f593c5d7ac78,2,0.0,,,,0.0,0.0,0.0,0.0,0.0,0.0
2025-12-15T17:31:13.801963,Recipe_B,610592ff-dcbe-4f1d-8eb4-f593c5d7ac78,2,0.0,,,,0.0,0.0,0.0,0.0,0.0,0.0
2025-12-15T17:31:14.801963,Recipe_B,610592ff-dcbe-4f1d-8eb4-f593c5d7ac78,2,0.0,,,,0.0,0.0,0.0,0.0,0.0,0.0
2025-12-15T17:31:15.801963,Recipe_B,610592ff-dcbe-4f1d-8eb4-f593c5d7ac78,2,1.0,,,,8.71,11.49,13.56,12.13,10.06,12.47
2025-12-15T17:31:16.801963,Recipe_B,610592ff-dcbe-4f1d-8eb4-f593c5d7ac78,2,1.0,,,,12.6,8.97,9.49,7.61,11.57,10.24
2025-12-15T17:31:17.801963,Recipe_B,610592ff-dcbe-4f1d-8eb4-f593c5d7ac78,2,1.0,,,,13.29,11.55,11.44,9.84,11.0,9.96
2025-12-15T17:31:18.801963,Recipe_B,610592ff-dcbe-4f1d-8eb4-f593c5d7ac78,2,1.0,,,,10.51,8.9,7.22,9.59,10.84,6.08
2025-12-15T17:31:19.801963,Recipe_B,610592ff-dcbe-4f1d-8eb4-f593c5d7ac78,2,1.0,,,,9.34,13.15,10.91,6.64,5.83,10.58
2025-12-15T17:31:20.801963,Recipe_B,610592ff-dcbe-4f1d-8eb4-f593c5d7ac78,2,1.0,,,,8.54,9.5,9.25,9.78,10.5,10.58
2025-12-15T17:31:21.801963,Recipe_B,610592ff-dcbe-4f1d-8eb4-f593c5d7ac78,2,1.0,,,,9.66,9.12,11.65,11.03,7.51,6.14
2025-12-15T17:31:22.801963,Recipe_B,610592ff-dcbe-4f1d-8eb4-f593c5d7ac78,2,1.0,,,,13.78,5.9,11.87,6.25,10.8,10.5
2025-12-15T17:31:23.801963,Recipe_B,610592ff-dcbe-4f1d-8eb4-f593c5d7ac78,2,1.0,,,,9.55,10.18,9.76,7.93,10.0,9.13
2025-12-15T17:31:24.801963,Recipe_B,610592ff-dcbe-4f1d-8eb4-f593c5d7ac78,2,1.0,,,,8.14,10.27,7.44,14.11,9.45,8.08
2025-12-15T17:31:25.801963,Recipe_B,610592ff-dcbe-4f1d-8eb4-f593c5d7ac78,2,1.0,,,,11.1,12.5,10.31,11.78,9.1,12.97
2025-12-15T17:31:26.801963,Recipe_B,610592ff-dcbe-4f1d-8eb4-f593c5d7ac78,2,1.0,,,,5.7,7.87,9.51,8.54,7.49,10.82
2025-12-15T17:31:27.801963,Recipe_B,610592ff-dcbe-4f1d-8eb4-f593c5d7ac78,2,1.0,,,,7.8,10.45,10.64,10.42,11.01,7.66
2025-12-15T17:31:28.801963,Recipe_B,610592ff-dcbe-4f1d-8eb4-f593c5d7ac78,2,1.0,,,,9.8,5.81,7.77,8.94,6.41,9.6
2025-12-15T17:31:29.801963,Recipe_B,610592ff-dcbe-4f1d-8eb4-f593c5d7ac78,2,1.0,,,,12.03,6.35,7.78,13.4,8.16,11.94
2025-12-15T17:31:30.801963,Recipe_B,610592ff-dcbe-4f1d-8eb4-f593c5d7ac78,2,1.0,,,,10.77,10.37,10.26,7.92,6.98,10.97
2025-12-15T17:31:31.801963,Recipe_B,610592ff-dcbe-4f1d-8eb4-f593c5d7ac78,2,1.0,,,,11.54,11.0,6.34,10.28,11.82,11.61
2025-12-15T17:31:32.801963,Recipe_B,610592ff-dcbe-4f1d-8eb4-f593c5d7ac78,2,1.0,,,,11.48,10.22,11.61,5.27,11.0,12.53
2025-12-15T17:31:33.801963,Recipe_B,610592ff-dcbe-4f1d-8eb4-f593c5d7ac78,2,1.0,,,,11.1,8.76,8.27,12.52,12.6,11.53
2025-12-15T17:31:34.801963,Recipe_B,610592ff-dcbe-4f1d-8eb4-f593c5d7ac78,2,1.0,,,,9.12,12.03,7.7,7.12,11.71,9.93
2025-12-15T17:31:35.801963,Recipe_B,610592ff-dcbe-4f1d-8eb4-f593c5d7ac78,2,1.0,,,,11.06,12.26,8.91,11.93,9.39,11.89
2025-12-15T17:31:36.801963,Recipe_B,610592ff-dcbe-4f1d-8eb4-f593c5d7ac78,2,1.0,,,,14.11,10.58,12.89,7.86,9.72,12.29
2025-12-15T17:31:37.801963,Recipe_B,610592ff-dcbe-4f1d-8eb4-f593c5d7ac78,2,1.0,,,,7.42,8.85,12.19,9.98,9.96,6.33
2025-12-15T17:31:38.801963,Recipe_B,610592ff-dcbe-4f1d-8eb4-f593c5d7ac78,2,1.0,,,,9.48,11.29,7.2,13.04,15.31,12.95
2025-12-15T17:31:39.801963,Recipe_B,610592ff-dcbe-4f1d-8eb4-f593c5d7ac78,2,1.0,,,,8.11,13.26,9.37,11.77,10.53,9.66
2025-12-15T17:31:40.801963,Recipe_B,610592ff-dcbe-4f1d-8eb4-f593c5d7ac78,2,1.0,,,,6.48,6.35,11.92,8.98,10.3,12.9
2025-12-15T17:31:41.801963,Recipe_B,610592ff-dcbe-4f1d-8eb4-f593c5d7ac78,2,1.0,,,,10.3,10.96,7.74,9.23,11.08,9.52
2025-12-15T17:31:42.801963,Recipe_B,610592ff-dcbe-4f1d-8eb4-f593c5d7ac78,2,1.0,,,,10.3,12.25,11.25,8.44,9.18,7.03
2025-12-15T17:31:43.801963,Recipe_B,610592ff-dcbe-4f1d-8eb4-f593c5d7ac78,2,1.0,,,,6.53,8.46,8.5,11.04,7.63,11.75
2025-12-15T17:31:44.801963,Recipe_B,610592ff-dcbe-4f1d-8eb4-f593c5d7ac78,2,1.0,,,,10.61,10.97,12.0,7.73,8.97,11.13
2025-12-15T17:31:45.801963,Recipe_B,610592ff-dcbe-4f1d-8eb4-f593c5d7ac78,2,1.0,,,,12.23,11.33,10.13,11.92,12.1,7.29
2025-12-15T17:31:46.801963,Recipe_B,610592ff-dcbe-4f1d-8eb4-f593c5d7ac78,2,1.0,,,,13.46,10.45,11.89,10.88,10.74,7.69
2025-12-15T17:31:47.801963,Recipe_B,610592ff-dcbe-4f1d-8eb4-f593c5d7ac78,2,1.0,,,,8.96,11.11,10.25,10.44,9.86,9.84
2025-12-15T17:31:48.801963,Recipe_B,610592ff-dcbe-4f1d-8eb4-f593c5d7ac78,2,1.0,,,,9.89,7.87,11.72,9.24,8.05,8.45
2025-12-15T17:31:49.801963,Recipe_B,610592ff-dcbe-4f1d-8eb4-f593c5d7ac78,2,1.0,,,,10.18,11.06,11.21,7.52,9.04,12.65
2025-12-15T17:31:50.801963,Recipe_B,610592ff-dcbe-4f1d-8eb4-f593c5d7ac78,2,1.0,,,,10.13,9.75,12.34,8.23,9.38,8.72
2025-12-15T17:31:51.801963,Recipe_B,610592ff-dcbe-4f1d-8eb4-f593c5d7ac78,2,1.0,,,,8.94,11.65,7.93,10.81,12.86,8.11
2025-12-15T17:31:52.801963,Recipe_B,610592ff-dcbe-4f1d-8eb4-f593c5d7ac78,2,1.0,,,,11.52,11.35,7.77,7.86,7.45,8.4
2025-12-15T17:31:53.801963,Recipe_B,610592ff-dcbe-4f1d-8eb4-f593c5d7ac78,2,1.0,,,,9.41,10.35,9.64,10.39,8.17,9.25
2025-12-15T17:31:54.801963,Recipe_B,610592ff-dcbe-4f1d-8eb4-f593c5d7ac78,2,1.0,,,,10.64,10.76,11.53,8.6,10.74,11.39
2025-12-15T17:31:55.801963,Recipe_B,610592ff-dcbe-4f1d-8eb4-f593c5d7ac78,2,1.0,,,,8.37,10.87,12.61,9.41,8.29,10.38
2025-12-15T17:31:56.801963,Recipe_B,610592ff-dcbe-4f1d-8eb4-f593c5d7ac78,2,1.0,,,,7.75,9.45,10.58,9.69,12.08,9.55
2025-12-15T17:31:57.801963,Recipe_B,610592ff-dcbe-4f1d-8eb4-f593c5d7ac78,2,1.0,,,,5.86,9.39,11.85,11.59,10.0,10.8
2025-12-15T17:31:58.801963,Recipe_B,610592ff-dcbe-4f1d-8eb4-f593c5d7ac78,2,1.0,,,,12.84,10.74,11.02,14.65,10.28,11.03
2025-12-15T17:31:59.801963,Recipe_B,610592ff-dcbe-4f1d-8eb4-f593c5d7ac78,2,1.0,,,,11.26,11.74,7.13,11.07,7.59,10.75
2025-12-15T17:32:00.801963,Recipe_B,610592ff-dcbe-4f1d-8eb4-f593c5d7ac78,2,1.0,,,,11.9,9.98,11.81,13.7,12.05,9.49
2025-12-15T17:32:01.801963,Recipe_B,610592ff-dcbe-4f1d-8eb4-f593c5d7ac78,2,1.0,,,,9.06,11.45,13.65,12.5,8.82,9.9
2025-12-15T17:32:02.801963,Recipe_B,610592ff-dcbe-4f1d-8eb4-f593c5d7ac78,2,1.0,,,,7.73,11.8,11.12,10.0,10.34,11.05
2025-12-15T17:32:03.801963,Recipe_B,610592ff-dcbe-4f1d-8eb4-f593c5d7ac78,2,1.0,,,,11.86,6.14,9.25,13.15,8.72,9.27
2025-12-15T17:32:04.801963,Recipe_B,610592ff-dcbe-4f1d-8eb4-f593c5d7ac78,2,1.0,,,,8.57,8.26,8.25,10.56,8.85,13.19
2025-12-15T17:32:05.801963,Recipe_B,610592ff-dcbe-4f1d-8eb4-f593c5d7ac78,2,1.0,,,,10.31,12.54,9.79,10.29,9.99,10.39
2025-12-15T17:32:06.801963,Recipe_B,610592ff-dcbe-4f1d-8eb4-f593c5d7ac78,2,1.0,,,,8.05,5.57,8.57,8.24,8.57,6.94
2025-12-15T17:32:07.801963,Recipe_B,610592ff-dcbe-4f1d-8eb4-f593c5d7ac78,2,1.0,,,,6.44,11.2,8.87,12.56,11.41,9.99
2025-12-15T17:32:08.801963,Recipe_B,610592ff-dcbe-4f1d-8eb4-f593c5d7ac78,2,1.0,,,,12.95,12.42,10.27,12.15,9.51,9.35
2025-12-15T17:32:09.801963,Recipe_B,610592ff-dcbe-4f1d-8eb4-f593c5d7ac78,2,3.0,,,,8.8,9.11,10.72,12.05,8.6,7.12
2025-12-15T17:32:10.801963,Recipe_B,610592ff-dcbe-4f1d-8eb4-f593c5d7ac78,2,3.0,,,,12.4,9.67,9.94,8.41,7.57,5.01
2025-12-15T17:32:11.801963,Recipe_B,610592ff-dcbe-4f1d-8eb4-f593c5d7ac78,2,3.0,,,,11.23,8.85,8.71,4.33,7.61,6.46
2025-12-15T17:32:11.801963,Recipe_B,610592ff-dcbe-4f1d-8eb4-f593c5d7ac78,2,3.0,Warning_7,Simulated Warning occurred,Warning,,,,,,
2025-12-15T17:32:12.801963,Recipe_B,610592ff-dcbe-4f1d-8eb4-f593c5d7ac78,2,3.0,,,,8.93,9.72,9.48,9.08,10.56,10.45
2025-12-15T17:32:13.801963,Recipe_B,610592ff-dcbe-4f1d-8eb4-f593c5d7ac78,2,3.0,,,,6.27,9.29,9.97,13.12,10.56,11.14
2025-12-15T17:32:14.801963,Recipe_B,610592ff-dcbe-4f1d-8eb4-f593c5d7ac78,2,3.0,,,,9.2,10.13,13.32,11.85,10.67,7.77
2025-12-15T17:32:15.801963,Recipe_B,610592ff-dcbe-4f1d-8eb4-f593c5d7ac78,2,3.0,,,,7.55,8.07,11.54,12.78,8.67,8.97
2025-12-15T17:32:16.801963,Recipe_B,610592ff-dcbe-4f1d-8eb4-f593c5d7ac78,2,3.0,,,,9.27,15.77,7.65,8.74,10.54,12.77
2025-12-15T17:32:17.801963,Recipe_B,610592ff-dcbe-4f1d-8eb4-f593c5d7ac78,2,3.0,,,,12.93,11.7,9.89,11.44,11.24,9.19
2025-12-15T17:32:18.801963,Recipe_B,610592ff-dcbe-4f1d-8eb4-f593c5d7ac78,2,3.0,,,,10.88,9.15,8.76,10.03,8.01,11.52
2025-12-15T17:32:19.801963,Recipe_B,610592ff-dcbe-4f1d-8eb4-f593c5d7ac78,2,3.0,,,,13.36,8.43,11.99,9.56,13.05,9.63
2025-12-15T17:32:20.801963,Recipe_B,610592ff-dcbe-4f1d-8eb4-f593c5d7ac78,2,3.0,,,,7.73,8.51,6.05,10.9,10.31,11.23
2025-12-15T17:32:21.801963,Recipe_B,610592ff-dcbe-4f1d-8eb4-f593c5d7ac78,2,3.0,,,,7.39,12.28,11.17,8.47,8.03,7.84
2025-12-15T17:32:22.801963,Recipe_B,610592ff-dcbe-4f1d-8eb4-f593c5d7ac78,2,3.0,,,,10.79,8.45,11.82,11.96,10.81,8.01
2025-12-15T17:32:23.801963,Recipe_B,610592ff-dcbe-4f1d-8eb4-f593c5d7ac78,2,3.0,,,,7.29,11.08,14.41,8.45,10.49,9.76
2025-12-15T17:32:24.801963,Recipe_B,610592ff-dcbe-4f1d-8eb4-f593c5d7ac78,2,3.0,,,,8.51,9.22,10.73,8.91,12.92,10.07
2025-12-15T17:32:25.801963,Recipe_B,610592ff-dcbe-4f1d-8eb4-f593c5d7ac78,2,3.0,,,,10.39,9.71,8.34,12.9,10.95,12.31
2025-12-15T17:32:26.801963,Recipe_B,610592ff-dcbe-4f1d-8eb4-f593c5d7ac78,2,3.0,,,,14.24,10.66,9.57,10.29,2.39,13.11
2025-12-15T17:32:27.801963,Recipe_B,610592ff-dcbe-4f1d-8eb4-f593c5d7ac78,2,3.0,,,,10.54,6.86,11.02,8.94,9.46,9.38
2025-12-15T17:32:28.801963,Recipe_B,610592ff-dcbe-4f1d-8eb4-f593c5d7ac78,2,3.0,,,,6.39,11.92,9.24,8.95,10.47,8.76
2025-12-15T17:32:29.801963,Recipe_B,610592ff-dcbe-4f1d-8eb4-f593c5d7ac78,2,3.0,,,,8.14,7.99,11.4,15.44,11.49,11.07
2025-12-15T17:32:30.801963,Recipe_B,610592ff-dcbe-4f1d-8eb4-f593c5d7ac78,2,3.0,,,,9.43,10.66,7.07,9.08,6.02,10.36
2025-12-15T17:32:31.801963,Recipe_B,610592ff-dcbe-4f1d-8eb4-f593c5d7ac78,2,3.0,,,,9.16,7.55,11.02,9.28,10.77,8.08
2025-12-15T17:32:32.801963,Recipe_B,610592ff-dcbe-4f1d-8eb4-f593c5d7ac78,2,3.0,,,,10.07,6.23,9.88,12.11,8.97,15.38
2025-12-15T17:32:33.801963,Recipe_B,610592ff-dcbe-4f1d-8eb4-f593c5d7ac78,2,3.0,,,,11.76,10.19,6.08,11.97,7.41,13.42
2025-12-15T17:32:34.801963,Recipe_B,610592ff-dcbe-4f1d-8eb4-f593c5d7ac78,2,2.0,,,,12.84,8.15,11.58,8.6,10.24,7.86
2025-12-15T17:32:35.801963,Recipe_B,610592ff-dcbe-4f1d-8eb4-f593c5d7ac78,2,2.0,,,,11.25,9.93,8.8,10.61,10.88,7.1
2025-12-15T17:32:36.801963,Recipe_B,610592ff-dcbe-4f1d-8eb4-f593c5d7ac78,2,2.0,,,,12.39,7.77,9.77,7.06,10.18,8.91
2025-12-15T17:32:37.801963,Recipe_B,610592ff-dcbe-4f1d-8eb4-f593c5d7ac78,2,2.0,,,,7.9,9.66,14.87,10.91,11.79,7.68
2025-12-15T17:32:38.801963,Recipe_B,610592ff-dcbe-4f1d-8eb4-f593c5d7ac78,2,2.0,,,,10.32,11.61,10.97,10.93,9.96,9.72
2025-12-15T17:32:39.801963,Recipe_B,610592ff-dcbe-4f1d-8eb4-f593c5d7ac78,2,2.0,,,,7.36,13.63,10.45,8.88,6.96,10.03
2025-12-15T17:32:40.801963,Recipe_B,610592ff-dcbe-4f1d-8eb4-f593c5d7ac78,2,2.0,,,,7.26,9.95,11.32,8.33,8.05,11.58
2025-12-15T17:32:41.801963,Recipe_B,610592ff-dcbe-4f1d-8eb4-f593c5d7ac78,2,2.0,,,,8.85,10.61,12.52,9.76,10.3,15.29
2025-12-15T17:32:42.801963,Recipe_B,610592ff-dcbe-4f1d-8eb4-f593c5d7ac78,2,2.0,,,,10.09,9.0,7.84,9.21,11.46,12.65
2025-12-15T17:32:43.801963,Recipe_B,610592ff-dcbe-4f1d-8eb4-f593c5d7ac78,2,2.0,,,,11.76,12.45,9.69,9.15,9.15,10.33
2025-12-15T17:32:44.801963,Recipe_B,610592ff-dcbe-4f1d-8eb4-f593c5d7ac78,2,2.0,,,,9.8,13.27,9.13,12.64,7.07,10.66
2025-12-15T17:32:45.801963,Recipe_B,610592ff-dcbe-4f1d-8eb4-f593c5d7ac78,2,2.0,,,,9.68,10.72,13.4,9.81,10.74,9.24
2025-12-15T17:32:46.801963,Recipe_B,610592ff-dcbe-4f1d-8eb4-f593c5d7ac78,2,2.0,,,,11.51,11.31,14.83,9.72,8.23,11.89
2025-12-15T17:32:47.801963,Recipe_B,610592ff-dcbe-4f1d-8eb4-f593c5d7ac78,2,2.0,,,,12.82,7.27,8.43,12.09,9.01,7.75
2025-12-15T17:32:48.801963,Recipe_B,610592ff-dcbe-4f1d-8eb4-f593c5d7ac78,2,2.0,,,,8.48,10.5,8.49,11.37,7.25,9.62
2025-12-15T17:32:49.801963,Recipe_B,610592ff-dcbe-4f1d-8eb4-f593c5d7ac78,2,2.0,,,,9.24,9.74,13.09,14.23,9.32,10.74
2025-12-15T17:32:50.801963,Recipe_B,610592ff-dcbe-4f1d-8eb4-f593c5d7ac78,2,2.0,,,,10.67,9.72,6.54,12.11,9.63,8.84
2025-12-15T17:32:51.801963,Recipe_B,610592ff-dcbe-4f1d-8eb4-f593c5d7ac78,2,2.0,,,,8.84,10.74,13.54,8.51,9.16,7.74
2025-12-15T17:32:52.801963,Recipe_B,610592ff-dcbe-4f1d-8eb4-f593c5d7ac78,2,2.0,,,,11.43,12.81,8.62,10.3,13.3,10.25
2025-12-15T17:32:53.801963,Recipe_B,610592ff-dcbe-4f1d-8eb4-f593c5d7ac78,2,2.0,,,,8.67,10.49,7.77,8.96,12.81,10.69
2025-12-15T17:32:54.801963,Recipe_B,610592ff-dcbe-4f1d-8eb4-f593c5d7ac78,2,2.0,,,,11.47,7.98,9.6,14.45,11.14,9.68
2025-12-15T17:32:55.801963,Recipe_B,610592ff-dcbe-4f1d-8eb4-f593c5d7ac78,2,2.0,,,,7.71,10.08,11.47,11.57,9.55,12.09
2025-12-15T17:32:56.801963,Recipe_B,610592ff-dcbe-4f1d-8eb4-f593c5d7ac78,2,2.0,,,,8.72,12.88,6.97,11.12,7.98,8.53
2025-12-15T17:32:57.801963,Recipe_B,610592ff-dcbe-4f1d-8eb4-f593c5d7ac78,2,2.0,,,,8.24,10.24,7.84,12.43,10.72,7.14
2025-12-15T17:32:58.801963,Recipe_B,610592ff-dcbe-4f1d-8eb4-f593c5d7ac78,2,2.0,,,,10.48,9.75,8.15,14.36,8.27,13.91
2025-12-15T17:32:59.801963,Recipe_B,610592ff-dcbe-4f1d-8eb4-f593c5d7ac78,2,2.0,,,,11.61,12.31,7.32,10.58,9.12,10.85
2025-12-15T17:33:00.801963,Recipe_B,610592ff-dcbe-4f1d-8eb4-f593c5d7ac78,2,2.0,,,,11.76,9.74,9.06,5.28,11.34,13.96
2025-12-15T17:33:01.801963,Recipe_B,610592ff-dcbe-4f1d-8eb4-f593c5d7ac78,2,2.0,,,,7.85,12.66,13.21,13.25,7.6,10.12
2025-12-15T17:33:02.801963,Recipe_B,610592ff-dcbe-4f1d-8eb4-f593c5d7ac78,2,2.0,,,,6.4,8.22,6.99,6.92,8.0,11.13
2025-12-15T17:33:03.801963,Recipe_B,610592ff-dcbe-4f1d-8eb4-f593c5d7ac78,2,2.0,,,,9.82,8.12,10.87,8.46,5.7,9.54
2025-12-15T17:33:04.801963,Recipe_B,610592ff-dcbe-4f1d-8eb4-f593c5d7ac78,2,2.0,,,,11.06,9.18,9.39,12.08,11.24,7.19
2025-12-15T17:33:05.801963,Recipe_B,610592ff-dcbe-4f1d-8eb4-f593c5d7ac78,2,2.0,,,,8.57,11.08,9.95,12.83,8.04,9.39
2025-12-15T17:33:06.801963,Recipe_B,610592ff-dcbe-4f1d-8eb4-f593c5d7ac78,2,2.0,,,,8.53,11.9,8.54,4.86,11.88,5.27
2025-12-15T17:33:07.801963,Recipe_B,610592ff-dcbe-4f1d-8eb4-f593c5d7ac78,2,2.0,,,,10.62,5.49,10.74,11.57,8.36,10.46
2025-12-15T17:33:08.801963,Recipe_B,610592ff-dcbe-4f1d-8eb4-f593c5d7ac78,2,2.0,,,,8.4,12.01,10.5,13.32,6.89,7.21
2025-12-15T17:33:09.801963,Recipe_B,610592ff-dcbe-4f1d-8eb4-f593c5d7ac78,2,2.0,,,,11.81,7.65,8.95,11.18,9.46,10.36
2025-12-15T17:33:09.801963,Recipe_B,610592ff-dcbe-4f1d-8eb4-f593c5d7ac78,2,2.0,Warning_10,Simulated Warning occurred,Warning,,,,,,
2025-12-15T17:33:10.801963,Recipe_B,610592ff-dcbe-4f1d-8eb4-f593c5d7ac78,2,2.0,,,,7.34,8.33,10.51,10.06,8.44,11.01
2025-12-15T17:33:11.801963,Recipe_B,610592ff-dcbe-4f1d-8eb4-f593c5d7ac78,2,2.0,,,,8.99,9.58,12.15,10.26,10.43,7.02
2025-12-15T17:33:12.801963,Recipe_B,610592ff-dcbe-4f1d-8eb4-f593c5d7ac78,2,2.0,,,,11.43,8.03,8.13,10.54,7.41,8.08
2025-12-15T17:33:13.801963,Recipe_B,610592ff-dcbe-4f1d-8eb4-f593c5d7ac78,2,2.0,,,,8.61,10.13,13.21,11.5,6.77,10.7
2025-12-15T17:33:14.801963,Recipe_B,610592ff-dcbe-4f1d-8eb4-f593c5d7ac78,2,2.0,,,,10.54,6.23,9.78,6.37,10.23,8.38
2025-12-15T17:33:15.801963,Recipe_B,610592ff-dcbe-4f1d-8eb4-f593c5d7ac78,2,2.0,,,,8.96,12.07,10.74,10.46,10.43,12.82
2025-12-15T17:33:16.801963,Recipe_B,610592ff-dcbe-4f1d-8eb4-f593c5d7ac78,2,2.0,,,,10.64,11.34,7.73,12.79,11.5,10.27
2025-12-15T17:33:17.801963,Recipe_B,610592ff-dcbe-4f1d-8eb4-f593c5d7ac78,2,2.0,,,,9.7,7.28,10.03,11.11,9.6,11.55
2025-12-15T17:33:18.801963,Recipe_B,610592ff-dcbe-4f1d-8eb4-f593c5d7ac78,2,0.0,,,,0.0,0.0,0.0,0.0,0.0,0.0
2025-12-15T17:33:19.801963,Recipe_B,610592ff-dcbe-4f1d-8eb4-f593c5d7ac78,2,0.0,,,,0.0,0.0,0.0,0.0,0.0,0.0
2025-12-15T17:33:20.801963,Recipe_B,610592ff-dcbe-4f1d-8eb4-f593c5d7ac78,2,0.0,,,,0.0,0.0,0.0,0.0,0.0,0.0
2025-12-15T17:33:21.801963,Recipe_B,610592ff-dcbe-4f1d-8eb4-f593c5d7ac78,2,0.0,,,,0.0,0.0,0.0,0.0,0.0,0.0
2025-12-15T17:33:22.801963,Recipe_B,610592ff-dcbe-4f1d-8eb4-f593c5d7ac78,2,0.0,,,,0.0,0.0,0.0,0.0,0.0,0.0
2025-12-15T17:33:23.801963,Recipe_B,610592ff-dcbe-4f1d-8eb4-f593c5d7ac78,2,0.0,,,,0.0,0.0,0.0,0.0,0.0,0.0
2025-12-15T17:33:24.801963,Recipe_B,610592ff-dcbe-4f1d-8eb4-f593c5d7ac78,2,0.0,,,,0.0,0.0,0.0,0.0,0.0,0.0
2025-12-15T17:33:25.801963,Recipe_B,610592ff-dcbe-4f1d-8eb4-f593c5d7ac78,2,0.0,,,,0.0,0.0,0.0,0.0,0.0,0.0
2025-12-15T17:33:26.801963,Recipe_B,610592ff-dcbe-4f1d-8eb4-f593c5d7ac78,2,0.0,,,,0.0,0.0,0.0,0.0,0.0,0.0
2025-12-15T17:33:27.801963,Recipe_B,610592ff-dcbe-4f1d-8eb4-f593c5d7ac78,2,0.0,,,,0.0,0.0,0.0,0.0,0.0,0.0
2025-12-15T17:33:28.801963,Recipe_B,610592ff-dcbe-4f1d-8eb4-f593c5d7ac78,2,0.0,,,,0.0,0.0,0.0,0.0,0.0,0.0
2025-12-15T17:33:29.801963,Recipe_B,610592ff-dcbe-4f1d-8eb4-f593c5d7ac78,2,0.0,,,,0.0,0.0,0.0,0.0,0.0,0.0
2025-12-15T17:33:30.801963,Recipe_B,610592ff-dcbe-4f1d-8eb4-f593c5d7ac78,2,0.0,,,,0.0,0.0,0.0,0.0,0.0,0.0
2025-12-15T17:33:31.801963,Recipe_B,610592ff-dcbe-4f1d-8eb4-f593c5d7ac78,2,4.0,,,,93.2,48.4,51.53,53.6,43.1,42.92
2025-12-15T17:33:32.801963,Recipe_B,610592ff-dcbe-4f1d-8eb4-f593c5d7ac78,2,4.0,,,,103.46,55.13,50.54,57.1,53.0,41.27
2025-12-15T17:33:33.801963,Recipe_B,610592ff-dcbe-4f1d-8eb4-f593c5d7ac78,2,4.0,,,,101.79,47.78,47.07,52.45,41.46,48.06
2025-12-15T17:33:34.801963,Recipe_B,610592ff-dcbe-4f1d-8eb4-f593c5d7ac78,2,4.0,,,,108.95,45.32,48.89,53.87,55.25,59.3
2025-12-15T17:33:35.801963,Recipe_B,610592ff-dcbe-4f1d-8eb4-f593c5d7ac78,2,4.0,,,,92.63,46.97,49.56,54.17,54.56,54.33
2025-12-15T17:33:36.801963,Recipe_B,610592ff-dcbe-4f1d-8eb4-f593c5d7ac78,2,4.0,,,,95.09,53.0,50.58,49.13,43.56,52.12
2025-12-15T17:33:37.801963,Recipe_B,610592ff-dcbe-4f1d-8eb4-f593c5d7ac78,2,4.0,,,,95.14,48.36,46.07,55.27,48.04,48.07
2025-12-15T17:33:38.801963,Recipe_B,610592ff-dcbe-4f1d-8eb4-f593c5d7ac78,2,4.0,,,,97.62,52.18,47.65,43.7,50.18,48.59
2025-12-15T17:33:39.801963,Recipe_B,610592ff-dcbe-4f1d-8eb4-f593c5d7ac78,2,4.0,,,,109.8,47.82,49.66,53.88,57.94,52.49
2025-12-15T17:33:40.801963,Recipe_B,610592ff-dcbe-4f1d-8eb4-f593c5d7ac78,2,4.0,,,,97.78,57.17,52.05,39.62,49.3,47.28
2025-12-15T17:33:41.801963,Recipe_B,610592ff-dcbe-4f1d-8eb4-f593c5d7ac78,2,4.0,,,,105.05,54.48,53.87,42.26,51.29,43.95
2025-12-15T17:33:42.801963,Recipe_B,610592ff-dcbe-4f1d-8eb4-f593c5d7ac78,2,4.0,,,,102.99,49.57,51.06,44.23,38.97,44.78
2025-12-15T17:33:43.801963,Recipe_B,610592ff-dcbe-4f1d-8eb4-f593c5d7ac78,2,4.0,,,,102.49,50.25,52.67,50.14,49.6,47.35
2025-12-15T17:33:44.801963,Recipe_B,610592ff-dcbe-4f1d-8eb4-f593c5d7ac78,2,4.0,,,,100.89,58.22,52.11,47.16,41.2,50.68
2025-12-15T17:33:45.801963,Recipe_B,610592ff-dcbe-4f1d-8eb4-f593c5d7ac78,2,4.0,,,,97.46,49.84,49.14,50.24,57.06,57.3
2025-12-15T17:33:46.801963,Recipe_B,610592ff-dcbe-4f1d-8eb4-f593c5d7ac78,2,4.0,,,,93.09,54.55,49.93,48.41,52.13,53.2
2025-12-15T17:33:47.801963,Recipe_B,610592ff-dcbe-4f1d-8eb4-f593c5d7ac78,2,4.0,,,,97.62,49.16,47.35,43.6,48.64,53.97
2025-12-15T17:33:48.801963,Recipe_B,610592ff-dcbe-4f1d-8eb4-f593c5d7ac78,2,4.0,,,,103.93,50.87,47.65,52.89,43.23,55.82
2025-12-15T17:33:49.801963,Recipe_B,610592ff-dcbe-4f1d-8eb4-f593c5d7ac78,2,2.0,,,,8.66,13.36,9.16,13.61,10.07,10.55
2025-12-15T17:33:50.801963,Recipe_B,610592ff-dcbe-4f1d-8eb4-f593c5d7ac78,2,2.0,,,,8.4,10.35,10.68,13.72,11.5,11.3
2025-12-15T17:33:51.801963,Recipe_B,610592ff-dcbe-4f1d-8eb4-f593c5d7ac78,2,2.0,,,,10.06,12.46,10.54,9.25,11.87,14.12
2025-12-15T17:33:52.801963,Recipe_B,610592ff-dcbe-4f1d-8eb4-f593c5d7ac78,2,2.0,,,,10.59,10.14,10.64,9.17,11.96,8.87
2025-12-15T17:33:53.801963,Recipe_B,610592ff-dcbe-4f1d-8eb4-f593c5d7ac78,2,2.0,,,,11.54,9.89,8.86,6.66,8.46,14.7
2025-12-15T17:33:54.801963,Recipe_B,610592ff-dcbe-4f1d-8eb4-f593c5d7ac78,2,2.0,,,,8.11,9.1,9.88,10.27,12.67,11.56
2025-12-15T17:33:55.801963,Recipe_B,610592ff-dcbe-4f1d-8eb4-f593c5d7ac78,2,2.0,,,,9.43,9.91,11.44,13.9,15.36,14.63
2025-12-15T17:33:56.801963,Recipe_B,610592ff-dcbe-4f1d-8eb4-f593c5d7ac78,2,2.0,,,,11.55,10.81,9.06,10.63,10.45,8.62
2025-12-15T17:33:57.801963,Recipe_B,610592ff-dcbe-4f1d-8eb4-f593c5d7ac78,2,2.0,,,,9.84,11.44,10.64,6.37,11.5,12.37
2025-12-15T17:33:58.801963,Recipe_B,610592ff-dcbe-4f1d-8eb4-f593c5d7ac78,2,2.0,,,,8.54,10.54,10.58,4.97,12.77,12.07
2025-12-15T17:33:59.801963,Recipe_B,610592ff-dcbe-4f1d-8eb4-f593c5d7ac78,2,2.0,,,,10.6,8.69,11.71,12.25,8.05,6.02
2025-12-15T17:34:00.801963,Recipe_B,610592ff-dcbe-4f1d-8eb4-f593c5d7ac78,2,2.0,,,,10.03,13.39,12.88,9.71,9.47,12.84
2025-12-15T17:34:01.801963,Recipe_B,610592ff-dcbe-4f1d-8eb4-f593c5d7ac78,2,2.0,,,,9.92,10.86,8.28,9.7,7.75,9.71
2025-12-15T17:34:02.801963,Recipe_B,610592ff-dcbe-4f1d-8eb4-f593c5d7ac78,2,2.0,,,,10.78,9.83,11.36,8.23,8.7,5.78
2025-12-15T17:34:03.801963,Recipe_B,610592ff-dcbe-4f1d-8eb4-f593c5d7ac78,2,2.0,,,,7.44,10.53,10.33,14.65,16.99,9.37
2025-12-15T17:34:04.801963,Recipe_B,610592ff-dcbe-4f1d-8eb4-f593c5d7ac78,2,2.0,,,,11.79,9.91,12.48,11.16,7.51,11.9
2025-12-15T17:34:05.801963,Recipe_B,610592ff-dcbe-4f1d-8eb4-f593c5d7ac78,2,2.0,,,,10.95,8.28,8.09,6.82,7.43,7.68
2025-12-15T17:34:06.801963,Recipe_B,610592ff-dcbe-4f1d-8eb4-f593c5d7ac78,2,2.0,,,,8.51,6.2,12.67,11.6,9.78,12.38
2025-12-15T17:34:07.801963,Recipe_B,610592ff-dcbe-4f1d-8eb4-f593c5d7ac78,2,2.0,,,,10.01,4.89,9.37,12.53,9.37,7.95
2025-12-15T17:34:08.801963,Recipe_B,610592ff-dcbe-4f1d-8eb4-f593c5d7ac78,2,2.0,,,,9.44,9.36,12.91,13.37,10.48,13.28
2025-12-15T17:34:09.801963,Recipe_B,610592ff-dcbe-4f1d-8eb4-f593c5d7ac78,2,2.0,,,,7.99,12.01,10.67,11.87,8.09,9.03
2025-12-15T17:34:10.801963,Recipe_B,610592ff-dcbe-4f1d-8eb4-f593c5d7ac78,2,2.0,,,,8.07,11.61,10.69,12.6,11.31,10.24
2025-12-15T17:34:11.801963,Recipe_B,610592ff-dcbe-4f1d-8eb4-f593c5d7ac78,2,3.0,,,,11.64,7.92,9.3,7.35,12.41,6.84
2025-12-15T17:34:12.801963,Recipe_B,610592ff-dcbe-4f1d-8eb4-f593c5d7ac78,2,3.0,,,,10.49,8.47,8.64,11.18,10.59,11.53
2025-12-15T17:34:13.801963,Recipe_B,610592ff-dcbe-4f1d-8eb4-f593c5d7ac78,2,3.0,,,,9.49,10.09,11.8,7.51,13.73,5.79
2025-12-15T17:34:14.801963,Recipe_B,610592ff-dcbe-4f1d-8eb4-f593c5d7ac78,2,3.0,,,,11.61,12.43,9.9,11.95,4.71,9.92
2025-12-15T17:34:15.801963,Recipe_B,610592ff-dcbe-4f1d-8eb4-f593c5d7ac78,2,3.0,,,,9.48,12.69,7.64,11.03,9.58,10.44
2025-12-15T17:34:16.801963,Recipe_B,610592ff-dcbe-4f1d-8eb4-f593c5d7ac78,2,3.0,,,,14.07,9.06,10.93,10.11,10.02,11.13
2025-12-15T17:34:17.801963,Recipe_B,610592ff-dcbe-4f1d-8eb4-f593c5d7ac78,2,3.0,,,,12.33,14.33,11.42,9.35,12.92,13.78
2025-12-15T17:34:18.801963,Recipe_B,610592ff-dcbe-4f1d-8eb4-f593c5d7ac78,2,3.0,,,,8.86,8.85,9.33,11.07,10.38,10.87
2025-12-15T17:34:19.801963,Recipe_B,610592ff-dcbe-4f1d-8eb4-f593c5d7ac78,2,3.0,,,,12.68,8.43,7.95,9.04,8.66,9.08
2025-12-15T17:34:20.801963,Recipe_B,610592ff-dcbe-4f1d-8eb4-f593c5d7ac78,2,3.0,,,,11.51,10.13,12.52,10.89,10.08,7.42
2025-12-15T17:34:21.801963,Recipe_B,610592ff-dcbe-4f1d-8eb4-f593c5d7ac78,2,3.0,,,,8.98,11.28,8.02,9.0,10.59,8.2
2025-12-15T17:34:22.801963,Recipe_B,610592ff-dcbe-4f1d-8eb4-f593c5d7ac78,2,3.0,,,,9.24,9.2,11.16,8.26,11.76,4.78
2025-12-15T17:34:23.801963,Recipe_B,610592ff-dcbe-4f1d-8eb4-f593c5d7ac78,2,3.0,,,,10.86,10.8,8.71,11.96,11.87,9.11
2025-12-15T17:34:24.801963,Recipe_B,610592ff-dcbe-4f1d-8eb4-f593c5d7ac78,2,3.0,,,,10.88,9.1,12.34,9.81,12.55,9.09
2025-12-15T17:34:25.801963,Recipe_B,610592ff-dcbe-4f1d-8eb4-f593c5d7ac78,2,3.0,,,,6.56,9.5,9.29,7.82,7.37,12.79
2025-12-15T17:34:26.801963,Recipe_B,610592ff-dcbe-4f1d-8eb4-f593c5d7ac78,2,3.0,,,,8.8,9.28,10.02,9.66,13.3,9.93
2025-12-15T17:34:27.801963,Recipe_B,610592ff-dcbe-4f1d-8eb4-f593c5d7ac78,2,3.0,,,,8.72,10.87,9.39,9.28,12.18,7.02
2025-12-15T17:34:28.801963,Recipe_B,610592ff-dcbe-4f1d-8eb4-f593c5d7ac78,2,3.0,,,,10.17,8.16,8.29,11.18,9.25,11.86
2025-12-15T17:34:29.801963,Recipe_B,610592ff-dcbe-4f1d-8eb4-f593c5d7ac78,2,4.0,,,,100.12,54.19,44.02,45.29,42.44,45.14
2025-12-15T17:34:30.801963,Recipe_B,610592ff-dcbe-4f1d-8eb4-f593c5d7ac78,2,4.0,,,,97.4,51.5,55.23,44.95,50.07,52.61
2025-12-15T17:34:31.801963,Recipe_B,610592ff-dcbe-4f1d-8eb4-f593c5d7ac78,2,5.0,,,,10.25,7.44,12.71,7.2,8.01,9.3
2025-12-15T17:34:32.801963,Recipe_B,610592ff-dcbe-4f1d-8eb4-f593c5d7ac78,2,5.0,,,,5.68,7.98,11.91,9.74,10.75,8.75
2025-12-15T17:34:33.801963,Recipe_B,610592ff-dcbe-4f1d-8eb4-f593c5d7ac78,2,5.0,,,,11.62,11.46,9.29,8.65,11.45,11.96
2025-12-15T17:34:34.801963,Recipe_B,610592ff-dcbe-4f1d-8eb4-f593c5d7ac78,2,5.0,,,,6.21,8.54,8.92,6.84,8.96,7.2
2025-12-15T17:34:35.801963,Recipe_B,610592ff-dcbe-4f1d-8eb4-f593c5d7ac78,2,5.0,,,,8.29,9.71,9.17,7.9,10.26,10.13
2025-12-15T17:34:36.801963,Recipe_B,610592ff-dcbe-4f1d-8eb4-f593c5d7ac78,2,0.0,,,,0.0,0.0,0.0,0.0,0.0,0.0
2025-12-15T17:34:36.801963,Recipe_B,610592ff-dcbe-4f1d-8eb4-f593c5d7ac78,2,0.0,Warning_10,Simulated Warning occurred,Warning,,,,,,
2025-12-15T17:34:37.801963,Recipe_B,610592ff-dcbe-4f1d-8eb4-f593c5d7ac78,2,0.0,,,,0.0,0.0,0.0,0.0,0.0,0.0
2025-12-15T17:34:38.801963,Recipe_B,610592ff-dcbe-4f1d-8eb4-f593c5d7ac78,2,0.0,,,,0.0,0.0,0.0,0.0,0.0,0.0
2025-12-15T17:34:39.801963,Recipe_B,610592ff-dcbe-4f1d-8eb4-f593c5d7ac78,2,0.0,,,,0.0,0.0,0.0,0.0,0.0,0.0
2025-12-15T17:34:40.801963,Recipe_B,610592ff-dcbe-4f1d-8eb4-f593c5d7ac78,2,3.0,,,,12.55,9.56,9.28,8.37,11.07,7.06
2025-12-15T17:34:41.801963,Recipe_B,610592ff-dcbe-4f1d-8eb4-f593c5d7ac78,2,3.0,,,,8.63,9.19,10.77,9.77,8.59,12.5
2025-12-15T17:34:42.801963,Recipe_B,610592ff-dcbe-4f1d-8eb4-f593c5d7ac78,2,3.0,,,,8.38,10.41,11.72,13.17,9.25,8.73
2025-12-15T17:34:43.801963,Recipe_B,610592ff-dcbe-4f1d-8eb4-f593c5d7ac78,2,3.0,,,,12.2,10.66,8.1,6.38,12.1,11.33
2025-12-15T17:34:44.801963,Recipe_B,610592ff-dcbe-4f1d-8eb4-f593c5d7ac78,2,3.0,,,,11.73,10.09,10.28,10.71,10.98,12.65
2025-12-15T17:34:45.801963,Recipe_B,610592ff-dcbe-4f1d-8eb4-f593c5d7ac78,2,3.0,,,,9.39,14.12,13.32,11.33,7.52,7.57
2025-12-15T17:34:46.801963,Recipe_B,610592ff-dcbe-4f1d-8eb4-f593c5d7ac78,2,3.0,,,,9.29,9.71,9.41,8.09,12.35,6.01
2025-12-15T17:34:47.801963,Recipe_B,610592ff-dcbe-4f1d-8eb4-f593c5d7ac78,2,3.0,,,,9.93,8.84,11.96,13.41,9.8,8.32
2025-12-15T17:34:48.801963,Recipe_B,610592ff-dcbe-4f1d-8eb4-f593c5d7ac78,2,3.0,,,,8.49,11.56,14.6,14.1,9.38,10.32
2025-12-15T17:34:49.801963,Recipe_B,610592ff-dcbe-4f1d-8eb4-f593c5d7ac78,2,3.0,,,,11.14,8.02,9.37,7.58,8.2,10.79
2025-12-15T17:34:50.801963,Recipe_B,610592ff-dcbe-4f1d-8eb4-f593c5d7ac78,2,3.0,,,,10.37,12.9,10.11,10.21,10.9,7.83
2025-12-15T17:34:51.801963,Recipe_B,610592ff-dcbe-4f1d-8eb4-f593c5d7ac78,2,3.0,,,,10.62,12.23,10.47,10.4,8.22,11.23
2025-12-15T17:34:52.801963,Recipe_B,610592ff-dcbe-4f1d-8eb4-f593c5d7ac78,2,3.0,,,,9.52,10.24,6.41,10.19,9.76,12.39
2025-12-15T17:34:53.801963,Recipe_B,610592ff-dcbe-4f1d-8eb4-f593c5d7ac78,2,3.0,,,,8.43,7.17,9.64,12.6,7.89,8.63
2025-12-15T17:34:54.801963,Recipe_B,610592ff-dcbe-4f1d-8eb4-f593c5d7ac78,2,3.0,,,,9.09,11.63,8.25,10.39,8.67,12.28
2025-12-15T17:34:55.801963,Recipe_B,610592ff-dcbe-4f1d-8eb4-f593c5d7ac78,2,0.0,,,,0.0,0.0,0.0,0.0,0.0,0.0
2025-12-15T17:34:56.801963,Recipe_B,610592ff-dcbe-4f1d-8eb4-f593c5d7ac78,2,0.0,,,,0.0,0.0,0.0,0.0,0.0,0.0
2025-12-15T17:34:57.801963,Recipe_B,610592ff-dcbe-4f1d-8eb4-f593c5d7ac78,2,0.0,,,,0.0,0.0,0.0,0.0,0.0,0.0
2025-12-15T17:34:58.801963,Recipe_B,610592ff-dcbe-4f1d-8eb4-f593c5d7ac78,2,0.0,,,,0.0,0.0,0.0,0.0,0.0,0.0
2025-12-15T17:34:59.801963,Recipe_B,610592ff-dcbe-4f1d-8eb4-f593c5d7ac78,2,0.0,,,,0.0,0.0,0.0,0.0,0.0,0.0
2025-12-15T17:35:00.801963,Recipe_B,610592ff-dcbe-4f1d-8eb4-f593c5d7ac78,2,0.0,,,,0.0,0.0,0.0,0.0,0.0,0.0
2025-12-15T17:35:01.801963,Recipe_B,610592ff-dcbe-4f1d-8eb4-f593c5d7ac78,2,0.0,,,,0.0,0.0,0.0,0.0,0.0,0.0
2025-12-15T17:35:02.801963,Recipe_B,610592ff-dcbe-4f1d-8eb4-f593c5d7ac78,2,0.0,,,,0.0,0.0,0.0,0.0,0.0,0.0
2025-12-15T17:35:03.801963,Recipe_B,610592ff-dcbe-4f1d-8eb4-f593c5d7ac78,2,0.0,,,,0.0,0.0,0.0,0.0,0.0,0.0
2025-12-15T17:35:04.801963,Recipe_B,610592ff-dcbe-4f1d-8eb4-f593c5d7ac78,2,0.0,,,,0.0,0.0,0.0,0.0,0.0,0.0
2025-12-15T17:35:05.801963,Recipe_B,610592ff-dcbe-4f1d-8eb4-f593c5d7ac78,2,0.0,,,,0.0,0.0,0.0,0.0,0.0,0.0
2025-12-15T17:35:06.801963,Recipe_B,610592ff-dcbe-4f1d-8eb4-f593c5d7ac78,2,0.0,,,,0.0,0.0,0.0,0.0,0.0,0.0
2025-12-15T17:35:07.801963,Recipe_B,610592ff-dcbe-4f1d-8eb4-f593c5d7ac78,2,0.0,,,,0.0,0.0,0.0,0.0,0.0,0.0
2025-12-15T17:35:08.801963,Recipe_B,610592ff-dcbe-4f1d-8eb4-f593c5d7ac78,2,0.0,,,,0.0,0.0,0.0,0.0,0.0,0.0
2025-12-15T17:35:09.801963,Recipe_B,610592ff-dcbe-4f1d-8eb4-f593c5d7ac78,2,0.0,,,,0.0,0.0,0.0,0.0,0.0,0.0
2025-12-15T17:35:10.801963,Recipe_B,610592ff-dcbe-4f1d-8eb4-f593c5d7ac78,2,0.0,,,,0.0,0.0,0.0,0.0,0.0,0.0
2025-12-15T17:35:11.801963,Recipe_B,610592ff-dcbe-4f1d-8eb4-f593c5d7ac78,2,0.0,,,,0.0,0.0,0.0,0.0,0.0,0.0
2025-12-15T17:35:12.801963,Recipe_B,610592ff-dcbe-4f1d-8eb4-f593c5d7ac78,2,0.0,,,,0.0,0.0,0.0,0.0,0.0,0.0
2025-12-15T17:35:13.801963,Recipe_B,610592ff-dcbe-4f1d-8eb4-f593c5d7ac78,2,0.0,,,,0.0,0.0,0.0,0.0,0.0,0.0
2025-12-15T17:35:14.801963,Recipe_B,610592ff-dcbe-4f1d-8eb4-f593c5d7ac78,2,0.0,,,,0.0,0.0,0.0,0.0,0.0,0.0
2025-12-15T17:35:15.801963,Recipe_B,610592ff-dcbe-4f1d-8eb4-f593c5d7ac78,2,0.0,,,,0.0,0.0,0.0,0.0,0.0,0.0
2025-12-15T17:35:16.801963,Recipe_B,610592ff-dcbe-4f1d-8eb4-f593c5d7ac78,2,0.0,,,,0.0,0.0,0.0,0.0,0.0,0.0
2025-12-15T17:35:17.801963,Recipe_B,610592ff-dcbe-4f1d-8eb4-f593c5d7ac78,2,0.0,,,,0.0,0.0,0.0,0.0,0.0,0.0
2025-12-15T17:35:18.801963,Recipe_B,610592ff-dcbe-4f1d-8eb4-f593c5d7ac78,2,0.0,,,,0.0,0.0,0.0,0.0,0.0,0.0
2025-12-15T17:35:19.801963,Recipe_B,610592ff-dcbe-4f1d-8eb4-f593c5d7ac78,2,0.0,,,,0.0,0.0,0.0,0.0,0.0,0.0
2025-12-15T17:35:20.801963,Recipe_B,610592ff-dcbe-4f1d-8eb4-f593c5d7ac78,2,0.0,,,,0.0,0.0,0.0,0.0,0.0,0.0
2025-12-15T17:35:21.801963,Recipe_B,610592ff-dcbe-4f1d-8eb4-f593c5d7ac78,2,0.0,,,,0.0,0.0,0.0,0.0,0.0,0.0
2025-12-15T17:35:22.801963,Recipe_B,610592ff-dcbe-4f1d-8eb4-f593c5d7ac78,2,0.0,,,,0.0,0.0,0.0,0.0,0.0,0.0
2025-12-15T17:35:23.801963,Recipe_B,610592ff-dcbe-4f1d-8eb4-f593c5d7ac78,2,0.0,,,,0.0,0.0,0.0,0.0,0.0,0.0
2025-12-15T17:35:24.801963,Recipe_B,610592ff-dcbe-4f1d-8eb4-f593c5d7ac78,2,0.0,,,,0.0,0.0,0.0,0.0,0.0,0.0
2025-12-15T17:35:25.801963,Recipe_B,610592ff-dcbe-4f1d-8eb4-f593c5d7ac78,2,0.0,,,,0.0,0.0,0.0,0.0,0.0,0.0
2025-12-15T17:35:26.801963,Recipe_B,610592ff-dcbe-4f1d-8eb4-f593c5d7ac78,2,1.0,,,,15.39,8.89,13.21,10.57,9.87,10.27
2025-12-15T17:35:27.801963,Recipe_B,610592ff-dcbe-4f1d-8eb4-f593c5d7ac78,2,1.0,,,,9.22,10.22,9.77,10.65,13.04,11.9
2025-12-15T17:35:28.801963,Recipe_B,610592ff-dcbe-4f1d-8eb4-f593c5d7ac78,2,1.0,,,,8.41,9.04,6.18,9.26,12.56,10.0
2025-12-15T17:35:29.801963,Recipe_B,610592ff-dcbe-4f1d-8eb4-f593c5d7ac78,2,1.0,,,,7.75,9.14,8.76,8.51,12.16,11.58
2025-12-15T17:35:30.801963,Recipe_B,610592ff-dcbe-4f1d-8eb4-f593c5d7ac78,2,1.0,,,,7.68,13.31,11.24,10.5,9.3,8.35
2025-12-15T17:35:31.801963,Recipe_B,610592ff-dcbe-4f1d-8eb4-f593c5d7ac78,2,1.0,,,,8.8,6.24,11.29,14.27,8.4,7.49
2025-12-15T17:35:32.801963,Recipe_B,610592ff-dcbe-4f1d-8eb4-f593c5d7ac78,2,1.0,,,,8.07,11.31,12.45,11.88,9.08,9.05
2025-12-15T17:35:33.801963,Recipe_B,610592ff-dcbe-4f1d-8eb4-f593c5d7ac78,2,1.0,,,,6.69,10.8,8.78,7.43,7.53,11.6
2025-12-15T17:35:34.801963,Recipe_B,610592ff-dcbe-4f1d-8eb4-f593c5d7ac78,2,1.0,,,,9.02,6.05,9.36,9.91,8.82,10.55
2025-12-15T17:35:35.801963,Recipe_B,610592ff-dcbe-4f1d-8eb4-f593c5d7ac78,2,1.0,,,,12.24,7.5,7.39,12.98,9.99,10.58
2025-12-15T17:35:36.801963,Recipe_B,610592ff-dcbe-4f1d-8eb4-f593c5d7ac78,2,1.0,,,,10.76,9.33,7.82,8.31,9.59,6.67
2025-12-15T17:35:37.801963,Recipe_B,610592ff-dcbe-4f1d-8eb4-f593c5d7ac78,2,1.0,,,,6.77,12.01,7.91,10.28,10.37,9.44
2025-12-15T17:35:38.801963,Recipe_B,610592ff-dcbe-4f1d-8eb4-f593c5d7ac78,2,1.0,,,,8.41,7.22,10.46,10.38,11.1,13.64
2025-12-15T17:35:39.801963,Recipe_B,610592ff-dcbe-4f1d-8eb4-f593c5d7ac78,2,1.0,,,,8.36,9.27,6.71,10.52,10.47,11.65
2025-12-15T17:35:40.801963,Recipe_B,610592ff-dcbe-4f1d-8eb4-f593c5d7ac78,2,1.0,,,,12.12,8.48,8.83,10.77,9.77,8.08
2025-12-15T17:35:41.801963,Recipe_B,610592ff-dcbe-4f1d-8eb4-f593c5d7ac78,2,1.0,,,,6.26,10.78,13.13,10.64,9.67,11.17
2025-12-15T17:35:42.801963,Recipe_B,610592ff-dcbe-4f1d-8eb4-f593c5d7ac78,2,1.0,,,,14.11,9.73,6.93,9.43,10.79,10.98
2025-12-15T17:35:43.801963,Recipe_B,610592ff-dcbe-4f1d-8eb4-f593c5d7ac78,2,1.0,,,,12.87,10.99,8.89,9.42,12.61,9.96
2025-12-15T17:35:44.801963,Recipe_B,610592ff-dcbe-4f1d-8eb4-f593c5d7ac78,2,1.0,,,,13.4,5.02,13.72,9.6,11.43,10.63
2025-12-15T17:35:45.801963,Recipe_B,610592ff-dcbe-4f1d-8eb4-f593c5d7ac78,2,1.0,,,,9.31,9.65,9.13,12.09,8.09,8.06
2025-12-15T17:35:46.801963,Recipe_B,610592ff-dcbe-4f1d-8eb4-f593c5d7ac78,2,1.0,,,,9.51,8.15,8.56,13.33,14.68,11.04
2025-12-15T17:35:47.801963,Recipe_B,610592ff-dcbe-4f1d-8eb4-f593c5d7ac78,2,1.0,,,,11.14,11.78,9.91,11.05,9.86,11.21
2025-12-15T17:35:48.801963,Recipe_B,610592ff-dcbe-4f1d-8eb4-f593c5d7ac78,2,1.0,,,,12.98,10.76,8.57,8.97,10.01,9.99
2025-12-15T17:35:49.801963,Recipe_B,610592ff-dcbe-4f1d-8eb4-f593c5d7ac78,2,1.0,,,,10.94,8.88,7.12,11.32,11.96,8.19
2025-12-15T17:35:50.801963,Recipe_B,610592ff-dcbe-4f1d-8eb4-f593c5d7ac78,2,1.0,,,,10.29,10.87,10.25,12.26,11.87,12.73
2025-12-15T17:35:51.801963,Recipe_B,610592ff-dcbe-4f1d-8eb4-f593c5d7ac78,2,1.0,,,,8.57,11.1,4.83,8.8,10.76,10.22
2025-12-15T17:35:52.801963,Recipe_B,610592ff-dcbe-4f1d-8eb4-f593c5d7ac78,2,1.0,,,,11.32,12.18,13.37,8.33,7.09,8.68
2025-12-15T17:35:53.801963,Recipe_B,610592ff-dcbe-4f1d-8eb4-f593c5d7ac78,2,1.0,,,,10.63,7.49,9.62,8.62,9.86,12.7
2025-12-15T17:35:54.801963,Recipe_B,610592ff-dcbe-4f1d-8eb4-f593c5d7ac78,2,0.0,,,,0.0,0.0,0.0,0.0,0.0,0.0
2025-12-15T17:35:55.801963,Recipe_B,610592ff-dcbe-4f1d-8eb4-f593c5d7ac78,2,0.0,,,,0.0,0.0,0.0,0.0,0.0,0.0
2025-12-15T17:35:56.801963,Recipe_B,610592ff-dcbe-4f1d-8eb4-f593c5d7ac78,2,0.0,,,,0.0,0.0,0.0,0.0,0.0,0.0
2025-12-15T17:35:57.801963,Recipe_B,610592ff-dcbe-4f1d-8eb4-f593c5d7ac78,2,0.0,,,,0.0,0.0,0.0,0.0,0.0,0.0
2025-12-15T17:35:58.801963,Recipe_B,610592ff-dcbe-4f1d-8eb4-f593c5d7ac78,2,0.0,,,,0.0,0.0,0.0,0.0,0.0,0.0
2025-12-15T17:35:59.801963,Recipe_B,610592ff-dcbe-4f1d-8eb4-f593c5d7ac78,2,0.0,,,,0.0,0.0,0.0,0.0,0.0,0.0
2025-12-15T17:36:00.801963,Recipe_B,610592ff-dcbe-4f1d-8eb4-f593c5d7ac78,2,1.0,,,,8.32,10.06,10.59,14.24,11.63,10.16
2025-12-15T17:36:01.801963,Recipe_B,610592ff-dcbe-4f1d-8eb4-f593c5d7ac78,2,1.0,,,,12.02,10.62,9.52,12.48,11.21,9.92
2025-12-15T17:36:02.801963,Recipe_B,610592ff-dcbe-4f1d-8eb4-f593c5d7ac78,2,1.0,,,,10.79,7.59,8.53,12.38,6.37,10.22
2025-12-15T17:36:03.801963,Recipe_B,610592ff-dcbe-4f1d-8eb4-f593c5d7ac78,2,1.0,,,,11.84,8.9,9.52,10.24,7.5,10.68
2025-12-15T17:36:04.801963,Recipe_B,610592ff-dcbe-4f1d-8eb4-f593c5d7ac78,2,1.0,,,,11.43,5.85,11.6,10.49,9.98,10.72
2025-12-15T17:36:05.801963,Recipe_B,610592ff-dcbe-4f1d-8eb4-f593c5d7ac78,2,1.0,,,,7.95,9.07,8.75,10.67,8.11,13.62
2025-12-15T17:36:06.801963,Recipe_B,610592ff-dcbe-4f1d-8eb4-f593c5d7ac78,2,1.0,,,,8.69,9.4,11.46,11.72,12.2,10.92
2025-12-15T17:36:07.801963,Recipe_B,610592ff-dcbe-4f1d-8eb4-f593c5d7ac78,2,1.0,,,,11.36,10.69,11.69,9.37,11.44,7.17
2025-12-15T17:36:08.801963,Recipe_B,610592ff-dcbe-4f1d-8eb4-f593c5d7ac78,2,1.0,,,,9.67,9.96,9.56,10.51,10.91,11.07
2025-12-15T17:36:09.801963,Recipe_B,610592ff-dcbe-4f1d-8eb4-f593c5d7ac78,2,1.0,,,,11.9,10.82,9.4,12.52,12.21,9.04
2025-12-15T17:36:10.801963,Recipe_B,610592ff-dcbe-4f1d-8eb4-f593c5d7ac78,2,1.0,,,,11.63,5.65,10.0,11.41,11.59,11.62
2025-12-15T17:36:11.801963,Recipe_B,610592ff-dcbe-4f1d-8eb4-f593c5d7ac78,2,1.0,,,,9.2,11.38,10.42,9.26,5.82,11.58
2025-12-15T17:36:12.801963,Recipe_B,610592ff-dcbe-4f1d-8eb4-f593c5d7ac78,2,1.0,,,,8.8,11.84,8.91,8.39,10.75,8.6
2025-12-15T17:36:13.801963,Recipe_B,610592ff-dcbe-4f1d-8eb4-f593c5d7ac78,2,1.0,,,,8.69,2.21,10.11,8.8,13.56,6.93
2025-12-15T17:36:14.801963,Recipe_B,610592ff-dcbe-4f1d-8eb4-f593c5d7ac78,2,1.0,,,,6.23,10.7,10.05,6.86,9.97,13.39
2025-12-15T17:36:15.801963,Recipe_B,610592ff-dcbe-4f1d-8eb4-f593c5d7ac78,2,1.0,,,,7.94,4.21,10.88,8.59,13.19,8.82
2025-12-15T17:36:16.801963,Recipe_B,610592ff-dcbe-4f1d-8eb4-f593c5d7ac78,2,1.0,,,,11.36,9.34,8.8,6.37,14.27,9.61
2025-12-15T17:36:17.801963,Recipe_B,610592ff-dcbe-4f1d-8eb4-f593c5d7ac78,2,1.0,,,,10.04,5.45,10.39,8.4,9.58,13.1
2025-12-15T17:36:18.801963,Recipe_B,610592ff-dcbe-4f1d-8eb4-f593c5d7ac78,2,1.0,,,,10.65,11.92,14.63,8.09,9.09,9.16
2025-12-15T17:36:19.801963,Recipe_B,610592ff-dcbe-4f1d-8eb4-f593c5d7ac78,2,5.0,,,,9.9,10.98,9.44,9.52,10.89,7.36
2025-12-15T17:36:20.801963,Recipe_B,610592ff-dcbe-4f1d-8eb4-f593c5d7ac78,2,5.0,,,,15.1,11.45,9.95,7.13,9.28,10.43
2025-12-15T17:36:21.801963,Recipe_B,610592ff-dcbe-4f1d-8eb4-f593c5d7ac78,2,5.0,,,,10.56,10.49,12.8,8.3,11.96,10.94
2025-12-15T17:36:22.801963,Recipe_B,610592ff-dcbe-4f1d-8eb4-f593c5d7ac78,2,5.0,,,,7.73,9.54,11.4,5.63,8.1,6.41
2025-12-15T17:36:23.801963,Recipe_B,610592ff-dcbe-4f1d-8eb4-f593c5d7ac78,2,5.0,,,,9.27,12.97,9.9,8.65,11.08,9.83
2025-12-15T17:36:24.801963,Recipe_B,610592ff-dcbe-4f1d-8eb4-f593c5d7ac78,2,5.0,,,,10.77,9.07,11.64,6.77,12.11,11.43
2025-12-15T17:36:25.801963,Recipe_B,610592ff-dcbe-4f1d-8eb4-f593c5d7ac78,2,5.0,,,,12.38,8.37,7.38,10.07,9.71,12.02
2025-12-15T17:36:26.801963,Recipe_B,610592ff-dcbe-4f1d-8eb4-f593c5d7ac78,2,5.0,,,,9.5,9.9,11.25,8.86,10.59,8.79
2025-12-15T17:36:27.801963,Recipe_B,610592ff-dcbe-4f1d-8eb4-f593c5d7ac78,2,5.0,,,,8.8,11.1,12.16,9.09,10.61,9.54
2025-12-15T17:36:28.801963,Recipe_B,610592ff-dcbe-4f1d-8eb4-f593c5d7ac78,2,5.0,,,,9.22,7.03,11.31,9.42,11.6,12.31
2025-12-15T17:36:29.801963,Recipe_B,610592ff-dcbe-4f1d-8eb4-f593c5d7ac78,2,5.0,,,,10.68,9.13,10.45,11.02,9.26,11.69
2025-12-15T17:36:30.801963,Recipe_B,610592ff-dcbe-4f1d-8eb4-f593c5d7ac78,2,5.0,,,,11.19,9.02,12.33,10.3,9.25,13.27
2025-12-15T17:36:31.801963,Recipe_B,610592ff-dcbe-4f1d-8eb4-f593c5d7ac78,2,5.0,,,,11.27,12.02,13.93,8.77,13.44,8.53
2025-12-15T17:36:32.801963,Recipe_B,610592ff-dcbe-4f1d-8eb4-f593c5d7ac78,2,5.0,,,,11.22,8.79,9.55,9.96,9.58,10.08
2025-12-15T17:36:33.801963,Recipe_B,610592ff-dcbe-4f1d-8eb4-f593c5d7ac78,2,5.0,,,,9.53,11.2,12.69,10.75,8.13,13.62
2025-12-15T17:36:34.801963,Recipe_B,610592ff-dcbe-4f1d-8eb4-f593c5d7ac78,2,5.0,,,,14.7,5.74,9.26,13.13,13.6,11.04
2025-12-15T17:36:35.801963,Recipe_B,610592ff-dcbe-4f1d-8eb4-f593c5d7ac78,2,5.0,,,,7.77,10.75,7.5,6.45,11.38,9.32
2025-12-15T17:36:36.801963,Recipe_B,610592ff-dcbe-4f1d-8eb4-f593c5d7ac78,2,5.0,,,,9.89,10.31,9.09,8.78,11.23,10.62
2025-12-15T17:36:37.801963,Recipe_B,610592ff-dcbe-4f1d-8eb4-f593c5d7ac78,2,5.0,,,,8.06,8.84,14.81,9.02,7.81,11.37
2025-12-15T17:36:38.801963,Recipe_B,610592ff-dcbe-4f1d-8eb4-f593c5d7ac78,2,5.0,,,,9.76,8.82,8.8,10.37,14.11,9.18
2025-12-15T17:36:39.801963,Recipe_B,610592ff-dcbe-4f1d-8eb4-f593c5d7ac78,2,5.0,,,,13.2,11.08,6.76,9.07,10.22,3.98
2025-12-15T17:36:40.801963,Recipe_B,610592ff-dcbe-4f1d-8eb4-f593c5d7ac78,2,5.0,,,,11.31,13.45,10.25,9.91,8.08,7.32
2025-12-15T17:36:41.801963,Recipe_B,610592ff-dcbe-4f1d-8eb4-f593c5d7ac78,2,5.0,,,,12.46,5.03,9.32,11.87,8.67,10.6
2025-12-15T17:36:42.801963,Recipe_B,610592ff-dcbe-4f1d-8eb4-f593c5d7ac78,2,5.0,,,,14.12,9.2,9.5,10.1,11.38,10.04
2025-12-15T17:36:43.801963,Recipe_B,610592ff-dcbe-4f1d-8eb4-f593c5d7ac78,2,5.0,,,,8.74,9.74,12.92,9.8,6.99,10.48
2025-12-15T17:36:44.801963,Recipe_B,610592ff-dcbe-4f1d-8eb4-f593c5d7ac78,2,5.0,,,,10.28,12.37,8.44,9.72,9.44,10.08
2025-12-15T17:36:45.801963,Recipe_B,610592ff-dcbe-4f1d-8eb4-f593c5d7ac78,2,5.0,,,,11.81,11.49,9.19,12.54,6.83,12.94
2025-12-15T17:36:46.801963,Recipe_B,610592ff-dcbe-4f1d-8eb4-f593c5d7ac78,2,5.0,,,,9.18,7.87,9.43,9.33,9.91,10.12
2025-12-15T17:36:47.801963,Recipe_B,610592ff-dcbe-4f1d-8eb4-f593c5d7ac78,2,5.0,,,,10.15,12.68,14.21,6.71,6.39,10.86
2025-12-15T17:36:48.801963,Recipe_B,610592ff-dcbe-4f1d-8eb4-f593c5d7ac78,2,5.0,,,,10.28,9.28,8.8,11.68,6.72,8.02
2025-12-15T17:36:49.801963,Recipe_B,610592ff-dcbe-4f1d-8eb4-f593c5d7ac78,2,5.0,,,,10.39,7.97,12.76,9.14,10.5,10.62
2025-12-15T17:36:50.801963,Recipe_B,610592ff-dcbe-4f1d-8eb4-f593c5d7ac78,2,5.0,,,,11.02,8.41,10.1,11.24,11.71,9.6
2025-12-15T17:36:51.801963,Recipe_B,610592ff-dcbe-4f1d-8eb4-f593c5d7ac78,2,5.0,,,,9.12,10.99,6.99,8.62,7.29,8.83
2025-12-15T17:36:52.801963,Recipe_B,610592ff-dcbe-4f1d-8eb4-f593c5d7ac78,2,5.0,,,,7.68,9.76,8.88,10.69,10.76,8.73
2025-12-15T17:36:53.801963,Recipe_B,610592ff-dcbe-4f1d-8eb4-f593c5d7ac78,2,5.0,,,,12.46,12.06,9.15,11.75,11.85,12.49
2025-12-15T17:36:54.801963,Recipe_B,610592ff-dcbe-4f1d-8eb4-f593c5d7ac78,2,5.0,,,,13.4,10.26,7.95,9.81,10.23,8.22
2025-12-15T17:36:55.801963,Recipe_B,610592ff-dcbe-4f1d-8eb4-f593c5d7ac78,2,5.0,,,,12.34,11.47,12.4,9.61,7.16,7.3
2025-12-15T17:36:56.801963,Recipe_B,610592ff-dcbe-4f1d-8eb4-f593c5d7ac78,2,5.0,,,,8.96,7.52,10.6,11.06,11.31,8.03
2025-12-15T17:36:57.801963,Recipe_B,610592ff-dcbe-4f1d-8eb4-f593c5d7ac78,2,5.0,,,,8.7,11.57,10.87,10.28,6.45,10.78
2025-12-15T17:36:58.801963,Recipe_B,610592ff-dcbe-4f1d-8eb4-f593c5d7ac78,2,5.0,,,,10.38,7.77,10.62,9.38,10.89,9.04
2025-12-15T17:36:59.801963,Recipe_B,610592ff-dcbe-4f1d-8eb4-f593c5d7ac78,2,4.0,,,,95.65,51.21,41.3,49.13,47.84,47.79
2025-12-15T17:37:00.801963,Recipe_B,610592ff-dcbe-4f1d-8eb4-f593c5d7ac78,2,4.0,,,,99.88,56.26,58.04,51.98,51.44,54.83
2025-12-15T17:37:01.801963,Recipe_B,610592ff-dcbe-4f1d-8eb4-f593c5d7ac78,2,4.0,,,,100.1,48.86,48.46,47.47,46.53,56.63
2025-12-15T17:37:02.801963,Recipe_B,610592ff-dcbe-4f1d-8eb4-f593c5d7ac78,2,4.0,,,,99.84,37.63,47.82,50.36,49.46,48.36
2025-12-15T17:37:03.801963,Recipe_B,610592ff-dcbe-4f1d-8eb4-f593c5d7ac78,2,4.0,,,,103.17,59.84,55.0,46.58,54.92,48.11
2025-12-15T17:37:04.801963,Recipe_B,610592ff-dcbe-4f1d-8eb4-f593c5d7ac78,2,4.0,,,,103.33,55.7,49.03,53.7,52.71,47.52
2025-12-15T17:37:05.801963,Recipe_B,610592ff-dcbe-4f1d-8eb4-f593c5d7ac78,2,4.0,,,,98.66,50.22,51.0,53.38,46.15,50.58
2025-12-15T17:37:06.801963,Recipe_B,610592ff-dcbe-4f1d-8eb4-f593c5d7ac78,2,4.0,,,,98.46,48.1,50.6,56.49,53.9,44.65
2025-12-15T17:37:07.801963,Recipe_B,610592ff-dcbe-4f1d-8eb4-f593c5d7ac78,2,4.0,,,,101.67,47.84,40.47,54.31,49.4,50.14
2025-12-15T17:37:08.801963,Recipe_B,610592ff-dcbe-4f1d-8eb4-f593c5d7ac78,2,4.0,,,,98.38,46.44,44.99,46.9,48.92,53.85
2025-12-15T17:37:09.801963,Recipe_B,610592ff-dcbe-4f1d-8eb4-f593c5d7ac78,2,4.0,,,,95.36,60.86,43.65,47.89,47.73,40.97
2025-12-15T17:37:10.801963,Recipe_B,610592ff-dcbe-4f1d-8eb4-f593c5d7ac78,2,4.0,,,,101.18,56.24,52.47,52.73,39.41,50.82
2025-12-15T17:37:11.801963,Recipe_B,610592ff-dcbe-4f1d-8eb4-f593c5d7ac78,2,4.0,,,,97.51,49.1,43.69,53.65,54.73,40.48
2025-12-15T17:37:12.801963,Recipe_B,610592ff-dcbe-4f1d-8eb4-f593c5d7ac78,2,4.0,,,,99.26,59.17,46.28,52.48,36.73,54.01
2025-12-15T17:37:13.801963,Recipe_B,610592ff-dcbe-4f1d-8eb4-f593c5d7ac78,2,4.0,,,,104.4,47.02,43.37,55.16,47.16,45.57
2025-12-15T17:37:14.801963,Recipe_B,610592ff-dcbe-4f1d-8eb4-f593c5d7ac78,2,4.0,,,,101.28,56.48,47.47,52.77,51.57,40.37
2025-12-15T17:37:15.801963,Recipe_B,610592ff-dcbe-4f1d-8eb4-f593c5d7ac78,2,4.0,,,,100.51,41.51,50.48,44.87,55.68,44.22
2025-12-15T17:37:16.801963,Recipe_B,610592ff-dcbe-4f1d-8eb4-f593c5d7ac78,2,4.0,,,,103.64,45.92,43.79,45.46,53.56,40.82
2025-12-15T17:37:17.801963,Recipe_B,610592ff-dcbe-4f1d-8eb4-f593c5d7ac78,2,4.0,,,,102.69,41.01,51.21,48.15,49.73,45.93
2025-12-15T17:37:18.801963,Recipe_B,610592ff-dcbe-4f1d-8eb4-f593c5d7ac78,2,4.0,,,,92.59,47.63,58.0,51.0,48.81,46.45
2025-12-15T17:37:19.801963,Recipe_B,610592ff-dcbe-4f1d-8eb4-f593c5d7ac78,2,4.0,,,,101.49,56.76,64.84,48.33,51.62,62.63
2025-12-15T17:37:20.801963,Recipe_B,610592ff-dcbe-4f1d-8eb4-f593c5d7ac78,2,4.0,,,,91.94,54.41,60.22,56.79,50.89,49.66
2025-12-15T17:37:21.801963,Recipe_B,610592ff-dcbe-4f1d-8eb4-f593c5d7ac78,2,4.0,,,,96.02,44.95,52.9,50.94,53.26,48.19
2025-12-15T17:37:22.801963,Recipe_B,610592ff-dcbe-4f1d-8eb4-f593c5d7ac78,2,4.0,,,,94.99,43.39,59.72,48.43,57.86,50.3
2025-12-15T17:37:23.801963,Recipe_B,610592ff-dcbe-4f1d-8eb4-f593c5d7ac78,2,4.0,,,,104.12,46.62,51.62,40.72,52.8,45.47
2025-12-15T17:37:24.801963,Recipe_B,610592ff-dcbe-4f1d-8eb4-f593c5d7ac78,2,4.0,,,,105.11,59.01,55.95,55.69,49.93,54.83
2025-12-15T17:37:25.801963,Recipe_B,610592ff-dcbe-4f1d-8eb4-f593c5d7ac78,2,4.0,,,,98.66,49.02,55.81,53.13,55.01,40.32
2025-12-15T17:37:26.801963,Recipe_B,610592ff-dcbe-4f1d-8eb4-f593c5d7ac78,2,4.0,,,,96.07,52.14,45.45,40.13,46.52,57.33
2025-12-15T17:37:27.801963,Recipe_B,610592ff-dcbe-4f1d-8eb4-f593c5d7ac78,2,4.0,,,,103.94,39.61,42.4,57.03,46.98,46.07
2025-12-15T17:37:28.801963,Recipe_B,610592ff-dcbe-4f1d-8eb4-f593c5d7ac78,2,4.0,,,,98.54,47.69,46.42,52.6,52.65,53.83
2025-12-15T17:37:29.801963,Recipe_B,610592ff-dcbe-4f1d-8eb4-f593c5d7ac78,2,4.0,,,,98.23,50.48,48.55,49.97,45.58,51.05
2025-12-15T17:37:30.801963,Recipe_B,610592ff-dcbe-4f1d-8eb4-f593c5d7ac78,2,4.0,,,,99.33,54.25,53.89,46.71,48.36,52.25
2025-12-15T17:37:31.801963,Recipe_B,610592ff-dcbe-4f1d-8eb4-f593c5d7ac78,2,4.0,,,,98.49,51.36,40.49,54.97,53.86,55.39
2025-12-15T17:37:32.801963,Recipe_B,610592ff-dcbe-4f1d-8eb4-f593c5d7ac78,2,4.0,,,,102.02,49.36,55.12,52.0,47.96,55.72
2025-12-15T17:37:33.801963,Recipe_B,610592ff-dcbe-4f1d-8eb4-f593c5d7ac78,2,4.0,,,,89.75,56.02,47.95,46.56,48.05,45.73
2025-12-15T17:37:34.801963,Recipe_B,610592ff-dcbe-4f1d-8eb4-f593c5d7ac78,2,4.0,,,,100.25,54.09,50.45,50.09,50.68,44.69
2025-12-15T17:37:35.801963,Recipe_B,610592ff-dcbe-4f1d-8eb4-f593c5d7ac78,2,4.0,,,,102.7,48.98,52.71,35.99,43.47,41.84
2025-12-15T17:37:36.801963,Recipe_B,610592ff-dcbe-4f1d-8eb4-f593c5d7ac78,2,4.0,,,,94.35,42.24,56.84,51.33,51.15,53.65
2025-12-15T17:37:37.801963,Recipe_B,610592ff-dcbe-4f1d-8eb4-f593c5d7ac78,2,4.0,,,,102.02,46.11,52.21,40.44,52.78,46.0
2025-12-15T17:37:38.801963,Recipe_B,610592ff-dcbe-4f1d-8eb4-f593c5d7ac78,2,4.0,,,,103.53,44.35,50.11,53.3,37.55,55.47
2025-12-15T17:37:39.801963,Recipe_B,610592ff-dcbe-4f1d-8eb4-f593c5d7ac78,2,4.0,,,,100.49,54.04,48.79,54.14,54.17,48.09
2025-12-15T17:37:40.801963,Recipe_B,610592ff-dcbe-4f1d-8eb4-f593c5d7ac78,2,4.0,,,,108.52,45.28,59.69,53.91,41.6,55.87
2025-12-15T17:37:41.801963,Recipe_B,610592ff-dcbe-4f1d-8eb4-f593c5d7ac78,2,4.0,,,,106.34,50.91,41.86,46.76,47.55,48.09
2025-12-15T17:37:42.801963,Recipe_B,610592ff-dcbe-4f1d-8eb4-f593c5d7ac78,2,4.0,,,,102.72,51.42,46.16,42.97,46.76,51.12
2025-12-15T17:37:43.801963,Recipe_B,610592ff-dcbe-4f1d-8eb4-f593c5d7ac78,2,4.0,,,,105.73,52.11,52.79,38.78,52.28,54.32
2025-12-15T17:37:44.801963,Recipe_B,610592ff-dcbe-4f1d-8eb4-f593c5d7ac78,2,4.0,,,,100.39,49.31,54.65,50.65,51.49,55.94
2025-12-15T17:37:45.801963,Recipe_B,610592ff-dcbe-4f1d-8eb4-f593c5d7ac78,2,4.0,,,,96.37,46.2,36.67,35.32,59.02,57.7
2025-12-15T17:37:46.801963,Recipe_B,610592ff-dcbe-4f1d-8eb4-f593c5d7ac78,2,4.0,,,,96.71,50.24,45.65,45.22,45.04,55.15
2025-12-15T17:37:47.801963,Recipe_B,610592ff-dcbe-4f1d-8eb4-f593c5d7ac78,2,4.0,,,,99.69,56.44,57.13,56.26,55.7,55.05
2025-12-15T17:37:48.801963,Recipe_B,610592ff-dcbe-4f1d-8eb4-f593c5d7ac78,2,4.0,,,,101.55,49.33,48.48,45.86,47.77,52.88
2025-12-15T17:37:49.801963,Recipe_B,610592ff-dcbe-4f1d-8eb4-f593c5d7ac78,2,4.0,,,,97.97,50.22,42.67,45.06,52.76,51.62
2025-12-15T17:37:50.801963,Recipe_B,610592ff-dcbe-4f1d-8eb4-f593c5d7ac78,2,4.0,,,,105.75,58.28,46.16,53.36,47.66,54.5
2025-12-15T17:37:51.801963,Recipe_B,610592ff-dcbe-4f1d-8eb4-f593c5d7ac78,2,4.0,,,,102.18,51.44,52.67,51.84,52.8,43.69
2025-12-15T17:37:52.801963,Recipe_B,610592ff-dcbe-4f1d-8eb4-f593c5d7ac78,2,4.0,,,,100.96,53.33,47.71,46.28,59.06,51.04
2025-12-15T17:37:53.801963,Recipe_B,610592ff-dcbe-4f1d-8eb4-f593c5d7ac78,2,4.0,,,,98.88,65.65,48.75,44.94,50.86,51.86
2025-12-15T17:37:54.801963,Recipe_B,610592ff-dcbe-4f1d-8eb4-f593c5d7ac78,2,4.0,,,,95.68,50.71,54.2,52.51,47.28,43.64
2025-12-15T17:37:55.801963,Recipe_B,610592ff-dcbe-4f1d-8eb4-f593c5d7ac78,2,4.0,,,,96.62,39.13,50.81,51.94,42.34,51.49
2025-12-15T17:37:56.801963,Recipe_B,610592ff-dcbe-4f1d-8eb4-f593c5d7ac78,2,4.0,,,,101.84,40.36,50.77,54.84,48.15,50.93
2025-12-15T17:37:57.801963,Recipe_B,610592ff-dcbe-4f1d-8eb4-f593c5d7ac78,2,4.0,,,,105.84,40.34,50.34,52.26,59.29,53.35
2025-12-15T17:37:58.801963,Recipe_B,610592ff-dcbe-4f1d-8eb4-f593c5d7ac78,2,4.0,,,,96.96,45.53,50.46,52.18,55.04,53.65
2025-12-15T17:37:59.801963,Recipe_B,610592ff-dcbe-4f1d-8eb4-f593c5d7ac78,2,4.0,,,,106.12,45.11,45.58,56.29,49.97,56.52
2025-12-15T17:38:00.801963,Recipe_B,610592ff-dcbe-4f1d-8eb4-f593c5d7ac78,2,4.0,,,,99.68,48.65,53.8,52.08,54.02,39.11
2025-12-15T17:38:01.801963,Recipe_B,610592ff-dcbe-4f1d-8eb4-f593c5d7ac78,2,4.0,,,,101.92,47.87,49.68,58.67,46.89,51.95
2025-12-15T17:38:02.801963,Recipe_B,610592ff-dcbe-4f1d-8eb4-f593c5d7ac78,2,4.0,,,,94.69,51.63,48.45,46.95,48.6,52.49
2025-12-15T17:38:03.801963,Recipe_B,610592ff-dcbe-4f1d-8eb4-f593c5d7ac78,2,4.0,,,,100.96,51.41,55.26,47.86,52.42,52.2
2025-12-15T17:38:04.801963,Recipe_B,610592ff-dcbe-4f1d-8eb4-f593c5d7ac78,2,4.0,,,,99.46,47.13,53.09,48.0,45.61,47.9
2025-12-15T17:38:05.801963,Recipe_B,610592ff-dcbe-4f1d-8eb4-f593c5d7ac78,2,4.0,,,,99.5,56.96,49.13,56.75,49.64,46.58
2025-12-15T17:38:06.801963,Recipe_B,610592ff-dcbe-4f1d-8eb4-f593c5d7ac78,2,4.0,,,,108.5,53.64,49.01,52.55,41.63,51.81
2025-12-15T17:38:07.801963,Recipe_B,610592ff-dcbe-4f1d-8eb4-f593c5d7ac78,2,4.0,,,,102.43,48.04,47.75,54.33,43.18,55.92
2025-12-15T17:38:08.801963,Recipe_B,610592ff-dcbe-4f1d-8eb4-f593c5d7ac78,2,4.0,,,,88.6,52.22,51.59,39.9,46.56,51.51
2025-12-15T17:38:09.801963,Recipe_B,610592ff-dcbe-4f1d-8eb4-f593c5d7ac78,2,4.0,,,,91.82,52.11,41.94,51.19,47.51,50.53
2025-12-15T17:38:10.801963,Recipe_B,610592ff-dcbe-4f1d-8eb4-f593c5d7ac78,2,4.0,,,,97.84,52.57,49.21,46.85,55.96,50.93
2025-12-15T17:38:11.801963,Recipe_B,610592ff-dcbe-4f1d-8eb4-f593c5d7ac78,2,4.0,,,,100.85,45.14,61.87,53.92,47.15,53.95
2025-12-15T17:38:12.801963,Recipe_B,610592ff-dcbe-4f1d-8eb4-f593c5d7ac78,2,4.0,,,,108.69,48.84,52.29,47.16,61.19,54.58
2025-12-15T17:38:13.801963,Recipe_B,610592ff-dcbe-4f1d-8eb4-f593c5d7ac78,2,4.0,,,,104.43,47.75,49.08,45.62,54.21,54.38
2025-12-15T17:38:14.801963,Recipe_B,610592ff-dcbe-4f1d-8eb4-f593c5d7ac78,2,4.0,,,,114.53,43.57,46.38,52.79,52.71,59.14
2025-12-15T17:38:15.801963,Recipe_B,610592ff-dcbe-4f1d-8eb4-f593c5d7ac78,2,4.0,,,,90.16,55.41,55.44,49.78,43.91,50.93
2025-12-15T17:38:16.801963,Recipe_B,610592ff-dcbe-4f1d-8eb4-f593c5d7ac78,2,4.0,,,,96.07,49.01,45.73,54.52,43.98,44.8
2025-12-15T17:38:17.801963,Recipe_B,610592ff-dcbe-4f1d-8eb4-f593c5d7ac78,2,4.0,,,,96.62,49.57,53.63,46.7,52.0,55.5
2025-12-15T17:38:18.801963,Recipe_B,610592ff-dcbe-4f1d-8eb4-f593c5d7ac78,2,4.0,,,,102.27,54.25,48.39,44.32,47.28,56.8
2025-12-15T17:38:19.801963,Recipe_B,610592ff-dcbe-4f1d-8eb4-f593c5d7ac78,2,4.0,,,,97.52,52.31,44.58,46.01,48.68,50.46
2025-12-15T17:38:20.801963,Recipe_B,610592ff-dcbe-4f1d-8eb4-f593c5d7ac78,2,4.0,,,,98.53,46.67,41.99,54.04,52.91,50.97
2025-12-15T17:38:21.801963,Recipe_B,610592ff-dcbe-4f1d-8eb4-f593c5d7ac78,2,4.0,,,,105.58,43.96,44.37,48.21,37.43,39.52
2025-12-15T17:38:22.801963,Recipe_B,610592ff-dcbe-4f1d-8eb4-f593c5d7ac78,2,4.0,,,,98.87,48.05,40.68,46.89,42.94,50.86
2025-12-15T17:38:23.801963,Recipe_B,610592ff-dcbe-4f1d-8eb4-f593c5d7ac78,2,4.0,,,,89.87,40.54,52.21,52.48,51.63,51.29
2025-12-15T17:38:24.801963,Recipe_B,610592ff-dcbe-4f1d-8eb4-f593c5d7ac78,2,4.0,,,,100.57,49.17,51.45,49.35,47.8,51.97
2025-12-15T17:38:25.801963,Recipe_B,610592ff-dcbe-4f1d-8eb4-f593c5d7ac78,2,5.0,,,,6.64,8.6,6.85,12.93,7.67,11.98
2025-12-15T17:38:26.801963,Recipe_B,610592ff-dcbe-4f1d-8eb4-f593c5d7ac78,2,5.0,,,,13.34,6.95,10.84,8.33,8.51,10.18
2025-12-15T17:38:27.801963,Recipe_B,610592ff-dcbe-4f1d-8eb4-f593c5d7ac78,2,2.0,,,,10.0,7.3,11.01,9.04,15.43,11.26
2025-12-15T17:38:28.801963,Recipe_B,610592ff-dcbe-4f1d-8eb4-f593c5d7ac78,2,2.0,,,,11.72,13.06,9.95,8.92,12.27,13.51
2025-12-15T17:38:29.801963,Recipe_B,610592ff-dcbe-4f1d-8eb4-f593c5d7ac78,2,2.0,,,,9.53,10.11,11.55,7.77,7.93,10.71
2025-12-15T17:38:30.801963,Recipe_B,610592ff-dcbe-4f1d-8eb4-f593c5d7ac78,2,2.0,,,,12.61,11.27,8.36,10.59,9.71,9.72
2025-12-15T17:38:31.801963,Recipe_B,610592ff-dcbe-4f1d-8eb4-f593c5d7ac78,2,2.0,,,,8.71,10.32,5.72,8.62,9.09,4.29
2025-12-15T17:38:32.801963,Recipe_B,610592ff-dcbe-4f1d-8eb4-f593c5d7ac78,2,2.0,,,,5.43,11.48,11.8,10.46,11.9,6.95
2025-12-15T17:38:33.801963,Recipe_B,610592ff-dcbe-4f1d-8eb4-f593c5d7ac78,2,2.0,,,,8.18,10.12,9.42,11.45,10.04,11.38
2025-12-15T17:38:34.801963,Recipe_B,610592ff-dcbe-4f1d-8eb4-f593c5d7ac78,2,2.0,,,,10.01,6.67,12.14,8.37,14.71,9.6
2025-12-15T17:38:35.801963,Recipe_B,610592ff-dcbe-4f1d-8eb4-f593c5d7ac78,2,2.0,,,,13.63,10.53,8.9,7.98,13.44,9.07
2025-12-15T17:38:36.801963,Recipe_B,610592ff-dcbe-4f1d-8eb4-f593c5d7ac78,2,2.0,,,,10.38,8.3,9.89,9.24,12.44,10.42
2025-12-15T17:38:37.801963,Recipe_B,610592ff-dcbe-4f1d-8eb4-f593c5d7ac78,2,2.0,,,,10.59,4.89,8.03,9.15,7.6,7.6
2025-12-15T17:38:38.801963,Recipe_B,610592ff-dcbe-4f1d-8eb4-f593c5d7ac78,2,2.0,,,,11.84,8.16,8.14,11.46,7.6,9.92
2025-12-15T17:38:39.801963,Recipe_B,610592ff-dcbe-4f1d-8eb4-f593c5d7ac78,2,2.0,,,,10.55,10.39,13.4,8.54,8.4,9.23
2025-12-15T17:38:40.801963,Recipe_B,610592ff-dcbe-4f1d-8eb4-f593c5d7ac78,2,2.0,,,,8.68,9.93,8.75,9.44,11.26,12.76
2025-12-15T17:38:41.801963,Recipe_B,610592ff-dcbe-4f1d-8eb4-f593c5d7ac78,2,2.0,,,,8.88,11.74,7.11,10.82,9.23,9.86
2025-12-15T17:38:42.801963,Recipe_B,610592ff-dcbe-4f1d-8eb4-f593c5d7ac78,2,2.0,,,,8.11,12.15,11.03,8.8,8.84,9.53
2025-12-15T17:38:43.801963,Recipe_B,610592ff-dcbe-4f1d-8eb4-f593c5d7ac78,2,2.0,,,,10.81,9.88,10.94,10.93,9.12,13.51
2025-12-15T17:38:44.801963,Recipe_B,610592ff-dcbe-4f1d-8eb4-f593c5d7ac78,2,2.0,,,,10.32,11.72,9.03,7.91,11.86,11.91
2025-12-15T17:38:45.801963,Recipe_B,610592ff-dcbe-4f1d-8eb4-f593c5d7ac78,2,2.0,,,,3.49,10.87,10.04,10.02,9.49,11.5
2025-12-15T17:38:46.801963,Recipe_B,610592ff-dcbe-4f1d-8eb4-f593c5d7ac78,2,2.0,,,,9.9,11.46,7.5,7.72,8.63,7.84
2025-12-15T17:38:47.801963,Recipe_B,610592ff-dcbe-4f1d-8eb4-f593c5d7ac78,2,2.0,,,,8.86,11.73,10.71,13.04,9.76,7.01
2025-12-15T17:38:48.801963,Recipe_B,610592ff-dcbe-4f1d-8eb4-f593c5d7ac78,2,2.0,,,,11.19,10.28,12.2,10.23,9.73,8.01
2025-12-15T17:38:49.801963,Recipe_B,610592ff-dcbe-4f1d-8eb4-f593c5d7ac78,2,2.0,,,,10.44,9.96,11.97,7.96,8.13,10.99
2025-12-15T17:38:50.801963,Recipe_B,610592ff-dcbe-4f1d-8eb4-f593c5d7ac78,2,2.0,,,,7.57,12.01,12.2,8.76,11.9,10.38
2025-12-15T17:38:51.801963,Recipe_B,610592ff-dcbe-4f1d-8eb4-f593c5d7ac78,2,2.0,,,,11.22,7.86,8.71,12.02,11.92,8.45
2025-12-15T17:38:52.801963,Recipe_B,610592ff-dcbe-4f1d-8eb4-f593c5d7ac78,2,2.0,,,,13.86,8.62,12.56,9.68,9.05,8.76
2025-12-15T17:38:53.801963,Recipe_B,610592ff-dcbe-4f1d-8eb4-f593c5d7ac78,2,2.0,,,,8.73,8.66,9.87,9.18,9.8,7.65
2025-12-15T17:38:54.801963,Recipe_B,610592ff-dcbe-4f1d-8eb4-f593c5d7ac78,2,2.0,,,,7.59,12.17,11.33,10.32,10.15,10.23
2025-12-15T17:38:55.801963,Recipe_B,610592ff-dcbe-4f1d-8eb4-f593c5d7ac78,2,2.0,,,,7.37,12.66,11.23,10.59,14.29,11.14
2025-12-15T17:38:56.801963,Recipe_B,610592ff-dcbe-4f1d-8eb4-f593c5d7ac78,2,2.0,,,,7.88,8.93,9.26,9.39,9.03,10.31
2025-12-15T17:38:57.801963,Recipe_B,610592ff-dcbe-4f1d-8eb4-f593c5d7ac78,2,2.0,,,,11.05,9.55,7.87,9.98,7.53,8.92
2025-12-15T17:38:58.801963,Recipe_B,610592ff-dcbe-4f1d-8eb4-f593c5d7ac78,2,2.0,,,,9.39,5.05,5.65,11.94,7.46,7.65
2025-12-15T17:38:59.801963,Recipe_B,610592ff-dcbe-4f1d-8eb4-f593c5d7ac78,2,2.0,,,,10.54,10.64,8.56,8.12,10.47,6.61
2025-12-15T17:39:00.801963,Recipe_B,610592ff-dcbe-4f1d-8eb4-f593c5d7ac78,2,2.0,,,,6.62,10.28,8.2,13.98,11.03,10.16
2025-12-15T17:39:01.801963,Recipe_B,610592ff-dcbe-4f1d-8eb4-f593c5d7ac78,2,2.0,,,,10.01,7.42,8.8,12.55,13.14,11.81
2025-12-15T17:39:02.801963,Recipe_B,610592ff-dcbe-4f1d-8eb4-f593c5d7ac78,2,2.0,,,,8.29,8.28,9.31,9.99,7.41,9.33
2025-12-15T17:39:03.801963,Recipe_B,610592ff-dcbe-4f1d-8eb4-f593c5d7ac78,2,2.0,,,,12.09,8.97,13.49,12.28,12.34,9.23
2025-12-15T17:39:04.801963,Recipe_B,610592ff-dcbe-4f1d-8eb4-f593c5d7ac78,2,2.0,,,,11.37,8.48,9.84,11.18,9.62,12.37
2025-12-15T17:39:05.801963,Recipe_B,610592ff-dcbe-4f1d-8eb4-f593c5d7ac78,2,2.0,,,,8.41,8.67,8.51,8.16,12.03,13.4
2025-12-15T17:39:06.801963,Recipe_B,610592ff-dcbe-4f1d-8eb4-f593c5d7ac78,2,2.0,,,,10.86,9.92,9.57,9.06,7.45,9.33
2025-12-15T17:39:07.801963,Recipe_B,610592ff-dcbe-4f1d-8eb4-f593c5d7ac78,2,2.0,,,,11.52,10.15,10.92,11.09,10.21,11.16
2025-12-15T17:39:08.801963,Recipe_B,610592ff-dcbe-4f1d-8eb4-f593c5d7ac78,2,2.0,,,,11.98,10.31,11.22,11.57,9.79,7.5
2025-12-15T17:39:09.801963,Recipe_B,610592ff-dcbe-4f1d-8eb4-f593c5d7ac78,2,2.0,,,,9.1,8.51,9.41,10.18,11.84,11.24
2025-12-15T17:39:10.801963,Recipe_B,610592ff-dcbe-4f1d-8eb4-f593c5d7ac78,2,2.0,,,,9.03,12.74,7.21,11.13,11.57,5.98
2025-12-15T17:39:11.801963,Recipe_B,610592ff-dcbe-4f1d-8eb4-f593c5d7ac78,2,2.0,,,,9.72,5.74,9.05,12.54,8.12,8.79
2025-12-15T17:39:11.801963,Recipe_B,610592ff-dcbe-4f1d-8eb4-f593c5d7ac78,2,2.0,Warning_9,Simulated Warning occurred,Warning,,,,,,
2025-12-15T17:39:12.801963,Recipe_B,610592ff-dcbe-4f1d-8eb4-f593c5d7ac78,2,2.0,,,,9.09,12.17,9.1,7.21,11.29,10.36
2025-12-15T17:39:13.801963,Recipe_B,610592ff-dcbe-4f1d-8eb4-f593c5d7ac78,2,2.0,,,,10.5,11.58,10.46,9.84,6.94,9.06
2025-12-15T17:39:14.801963,Recipe_B,610592ff-dcbe-4f1d-8eb4-f593c5d7ac78,2,2.0,,,,11.16,9.01,12.14,11.34,11.26,10.7
2025-12-15T17:39:15.801963,Recipe_B,610592ff-dcbe-4f1d-8eb4-f593c5d7ac78,2,2.0,,,,11.71,8.76,8.57,5.79,12.77,11.33
2025-12-15T17:39:16.801963,Recipe_B,610592ff-dcbe-4f1d-8eb4-f593c5d7ac78,2,2.0,,,,9.05,10.01,12.39,9.12,6.75,10.49
2025-12-15T17:39:17.801963,Recipe_B,610592ff-dcbe-4f1d-8eb4-f593c5d7ac78,2,2.0,,,,9.84,8.66,9.52,5.2,10.79,7.26
2025-12-15T17:39:18.801963,Recipe_B,610592ff-dcbe-4f1d-8eb4-f593c5d7ac78,2,2.0,,,,8.38,7.89,8.23,9.02,7.19,10.49
2025-12-15T17:39:19.801963,Recipe_B,610592ff-dcbe-4f1d-8eb4-f593c5d7ac78,2,2.0,,,,9.91,8.79,8.66,10.4,7.71,7.78
2025-12-15T17:39:20.801963,Recipe_B,610592ff-dcbe-4f1d-8eb4-f593c5d7ac78,2,5.0,,,,7.94,11.27,10.58,10.64,8.81,10.19
2025-12-15T17:39:21.801963,Recipe_B,610592ff-dcbe-4f1d-8eb4-f593c5d7ac78,2,5.0,,,,10.01,7.37,10.79,7.84,12.01,10.63
2025-12-15T17:39:22.801963,Recipe_B,610592ff-dcbe-4f1d-8eb4-f593c5d7ac78,2,4.0,,,,102.36,50.72,47.45,46.74,54.55,52.99
2025-12-15T17:39:22.801963,Recipe_B,610592ff-dcbe-4f1d-8eb4-f593c5d7ac78,2,4.0,Warning_2,Simulated Warning occurred,Warning,,,,,,
2025-12-15T17:39:23.801963,Recipe_B,610592ff-dcbe-4f1d-8eb4-f593c5d7ac78,2,4.0,,,,102.13,55.42,51.56,49.75,54.23,41.01
2025-12-15T17:39:24.801963,Recipe_B,610592ff-dcbe-4f1d-8eb4-f593c5d7ac78,2,4.0,,,,100.47,47.84,57.46,56.46,56.79,39.47
2025-12-15T17:39:25.801963,Recipe_B,610592ff-dcbe-4f1d-8eb4-f593c5d7ac78,2,4.0,,,,100.52,46.04,44.59,55.08,57.75,48.05
2025-12-15T17:39:26.801963,Recipe_B,610592ff-dcbe-4f1d-8eb4-f593c5d7ac78,2,4.0,,,,91.76,51.96,50.66,49.92,44.82,46.52
2025-12-15T17:39:27.801963,Recipe_B,610592ff-dcbe-4f1d-8eb4-f593c5d7ac78,2,4.0,,,,99.91,46.34,49.77,49.28,45.6,58.17
2025-12-15T17:39:28.801963,Recipe_B,610592ff-dcbe-4f1d-8eb4-f593c5d7ac78,2,4.0,,,,94.3,57.32,45.02,41.99,59.21,49.23
2025-12-15T17:39:29.801963,Recipe_B,610592ff-dcbe-4f1d-8eb4-f593c5d7ac78,2,4.0,,,,95.76,43.82,47.93,55.23,51.81,55.65
2025-12-15T17:39:30.801963,Recipe_B,610592ff-dcbe-4f1d-8eb4-f593c5d7ac78,2,4.0,,,,104.51,50.34,44.21,47.86,42.91,53.59
2025-12-15T17:39:31.801963,Recipe_B,610592ff-dcbe-4f1d-8eb4-f593c5d7ac78,2,4.0,,,,99.96,52.67,53.43,40.22,52.44,51.91
2025-12-15T17:39:32.801963,Recipe_B,610592ff-dcbe-4f1d-8eb4-f593c5d7ac78,2,4.0,,,,99.95,47.78,49.15,41.4,40.13,57.28
2025-12-15T17:39:33.801963,Recipe_B,610592ff-dcbe-4f1d-8eb4-f593c5d7ac78,2,4.0,,,,103.12,57.19,45.25,53.76,47.5,53.0
2025-12-15T17:39:34.801963,Recipe_B,610592ff-dcbe-4f1d-8eb4-f593c5d7ac78,2,4.0,,,,108.62,39.33,53.73,49.62,64.12,50.75
2025-12-15T17:39:35.801963,Recipe_B,610592ff-dcbe-4f1d-8eb4-f593c5d7ac78,2,4.0,,,,95.47,45.78,51.46,51.12,52.03,49.91
2025-12-15T17:39:36.801963,Recipe_B,610592ff-dcbe-4f1d-8eb4-f593c5d7ac78,2,1.0,,,,9.96,10.23,12.6,10.95,2.73,8.41
2025-12-15T17:39:37.801963,Recipe_B,610592ff-dcbe-4f1d-8eb4-f593c5d7ac78,2,1.0,,,,9.31,10.71,10.47,7.91,10.25,8.09
2025-12-15T17:39:38.801963,Recipe_B,610592ff-dcbe-4f1d-8eb4-f593c5d7ac78,2,1.0,,,,10.39,13.27,9.89,6.75,8.25,8.63
2025-12-15T17:39:39.801963,Recipe_B,610592ff-dcbe-4f1d-8eb4-f593c5d7ac78,2,1.0,,,,12.39,10.06,12.1,12.42,11.27,11.28
2025-12-15T17:39:40.801963,Recipe_B,610592ff-dcbe-4f1d-8eb4-f593c5d7ac78,2,1.0,,,,9.76,9.25,6.4,8.67,10.8,9.83
2025-12-15T17:39:41.801963,Recipe_B,610592ff-dcbe-4f1d-8eb4-f593c5d7ac78,2,1.0,,,,7.75,8.53,7.65,8.74,10.16,3.92
2025-12-15T17:39:42.801963,Recipe_B,610592ff-dcbe-4f1d-8eb4-f593c5d7ac78,2,1.0,,,,6.71,13.33,10.16,9.57,8.5,9.2
2025-12-15T17:39:43.801963,Recipe_B,610592ff-dcbe-4f1d-8eb4-f593c5d7ac78,2,1.0,,,,8.49,6.7,12.08,13.89,10.94,9.12
2025-12-15T17:39:44.801963,Recipe_B,610592ff-dcbe-4f1d-8eb4-f593c5d7ac78,2,1.0,,,,13.71,7.5,12.47,11.61,9.62,10.14
2025-12-15T17:39:45.801963,Recipe_B,610592ff-dcbe-4f1d-8eb4-f593c5d7ac78,2,1.0,,,,12.33,10.3,11.14,5.36,16.82,7.59
2025-12-15T17:39:46.801963,Recipe_B,610592ff-dcbe-4f1d-8eb4-f593c5d7ac78,2,1.0,,,,12.97,8.89,11.27,8.61,7.23,8.63
2025-12-15T17:39:47.801963,Recipe_B,610592ff-dcbe-4f1d-8eb4-f593c5d7ac78,2,1.0,,,,9.55,11.09,8.47,9.07,7.84,9.22
2025-12-15T17:39:48.801963,Recipe_B,610592ff-dcbe-4f1d-8eb4-f593c5d7ac78,2,1.0,,,,5.99,11.99,11.18,9.11,7.36,8.05
2025-12-15T17:39:49.801963,Recipe_B,610592ff-dcbe-4f1d-8eb4-f593c5d7ac78,2,1.0,,,,9.73,10.96,12.13,10.55,7.39,7.06
2025-12-15T17:39:50.801963,Recipe_B,610592ff-dcbe-4f1d-8eb4-f593c5d7ac78,2,1.0,,,,8.26,11.34,11.54,12.97,11.87,10.24
2025-12-15T17:39:51.801963,Recipe_B,610592ff-dcbe-4f1d-8eb4-f593c5d7ac78,2,1.0,,,,10.39,9.51,8.65,10.05,11.02,10.82
2025-12-15T17:39:52.801963,Recipe_B,610592ff-dcbe-4f1d-8eb4-f593c5d7ac78,2,1.0,,,,11.92,12.7,8.29,9.93,12.49,9.21
2025-12-15T17:39:53.801963,Recipe_B,610592ff-dcbe-4f1d-8eb4-f593c5d7ac78,2,1.0,,,,6.42,8.95,6.78,11.01,9.45,9.26
2025-12-15T17:39:54.801963,Recipe_B,610592ff-dcbe-4f1d-8eb4-f593c5d7ac78,2,1.0,,,,11.59,6.29,11.96,9.68,9.21,9.63
2025-12-15T17:39:55.801963,Recipe_B,610592ff-dcbe-4f1d-8eb4-f593c5d7ac78,2,1.0,,,,8.49,9.27,6.83,12.83,10.39,7.62
2025-12-15T17:39:56.801963,Recipe_B,610592ff-dcbe-4f1d-8eb4-f593c5d7ac78,2,1.0,,,,9.32,7.61,14.01,9.62,9.7,8.82
2025-12-15T17:39:57.801963,Recipe_B,610592ff-dcbe-4f1d-8eb4-f593c5d7ac78,2,1.0,,,,8.1,11.04,12.15,10.82,12.11,11.48
2025-12-15T17:39:58.801963,Recipe_B,610592ff-dcbe-4f1d-8eb4-f593c5d7ac78,2,1.0,,,,8.95,9.34,10.25,8.74,9.45,8.57
2025-12-15T17:39:59.801963,Recipe_B,610592ff-dcbe-4f1d-8eb4-f593c5d7ac78,2,1.0,,,,10.29,10.57,12.81,7.51,9.65,11.18
2025-12-15T17:40:00.801963,Recipe_B,610592ff-dcbe-4f1d-8eb4-f593c5d7ac78,2,1.0,,,,11.31,9.72,8.2,11.17,10.06,9.5
2025-12-15T17:40:01.801963,Recipe_B,610592ff-dcbe-4f1d-8eb4-f593c5d7ac78,2,1.0,,,,11.28,9.96,8.4,11.83,7.78,10.14
2025-12-15T17:40:02.801963,Recipe_B,610592ff-dcbe-4f1d-8eb4-f593c5d7ac78,2,1.0,,,,6.47,11.44,11.57,9.93,9.85,8.67
2025-12-15T17:40:03.801963,Recipe_B,610592ff-dcbe-4f1d-8eb4-f593c5d7ac78,2,1.0,,,,7.7,6.41,9.52,11.86,11.34,10.82
2025-12-15T17:40:04.801963,Recipe_B,610592ff-dcbe-4f1d-8eb4-f593c5d7ac78,2,1.0,,,,8.44,15.61,8.85,6.48,13.05,10.81
2025-12-15T17:40:05.801963,Recipe_B,610592ff-dcbe-4f1d-8eb4-f593c5d7ac78,2,1.0,,,,12.66,13.62,9.2,9.88,9.9,9.06
2025-12-15T17:40:06.801963,Recipe_B,610592ff-dcbe-4f1d-8eb4-f593c5d7ac78,2,1.0,,,,13.08,6.31,10.72,8.02,9.49,7.68
2025-12-15T17:40:07.801963,Recipe_B,610592ff-dcbe-4f1d-8eb4-f593c5d7ac78,2,1.0,,,,8.88,9.79,6.95,10.29,8.52,10.72
2025-12-15T17:40:08.801963,Recipe_B,610592ff-dcbe-4f1d-8eb4-f593c5d7ac78,2,1.0,,,,7.0,11.19,10.81,10.68,10.39,13.23
2025-12-15T17:40:09.801963,Recipe_B,610592ff-dcbe-4f1d-8eb4-f593c5d7ac78,2,1.0,,,,10.96,7.47,12.47,12.28,11.72,13.75
2025-12-15T17:40:10.801963,Recipe_B,610592ff-dcbe-4f1d-8eb4-f593c5d7ac78,2,5.0,,,,9.02,9.98,10.0,9.42,7.03,9.44
2025-12-15T17:40:11.801963,Recipe_B,610592ff-dcbe-4f1d-8eb4-f593c5d7ac78,2,5.0,,,,11.26,11.48,9.47,6.36,8.39,7.02
2025-12-15T17:40:12.801963,Recipe_B,610592ff-dcbe-4f1d-8eb4-f593c5d7ac78,2,5.0,,,,9.56,5.05,8.22,8.72,10.68,12.42
2025-12-15T17:40:13.801963,Recipe_B,610592ff-dcbe-4f1d-8eb4-f593c5d7ac78,2,5.0,,,,8.74,7.99,11.61,9.59,14.01,13.26
2025-12-15T17:40:14.801963,Recipe_B,610592ff-dcbe-4f1d-8eb4-f593c5d7ac78,2,5.0,,,,9.05,9.67,10.71,11.64,11.97,8.29
2025-12-15T17:40:15.801963,Recipe_B,610592ff-dcbe-4f1d-8eb4-f593c5d7ac78,2,2.0,,,,9.7,9.67,8.42,8.17,10.41,11.58
2025-12-15T17:40:16.801963,Recipe_B,610592ff-dcbe-4f1d-8eb4-f593c5d7ac78,2,2.0,,,,11.2,10.24,9.91,9.44,11.07,9.51
2025-12-15T17:40:17.801963,Recipe_B,610592ff-dcbe-4f1d-8eb4-f593c5d7ac78,2,2.0,,,,11.51,10.55,10.98,10.06,9.47,8.95
2025-12-15T17:40:18.801963,Recipe_B,610592ff-dcbe-4f1d-8eb4-f593c5d7ac78,2,2.0,,,,8.65,6.76,10.66,7.17,12.18,7.74
2025-12-15T17:40:19.801963,Recipe_B,610592ff-dcbe-4f1d-8eb4-f593c5d7ac78,2,2.0,,,,7.97,9.84,8.47,9.0,11.03,11.36
2025-12-15T17:40:20.801963,Recipe_B,610592ff-dcbe-4f1d-8eb4-f593c5d7ac78,2,2.0,,,,8.26,9.65,10.76,8.92,9.25,6.5
2025-12-15T17:40:21.801963,Recipe_B,610592ff-dcbe-4f1d-8eb4-f593c5d7ac78,2,4.0,,,,98.95,41.73,45.57,51.56,49.66,47.7
2025-12-15T17:40:22.801963,Recipe_B,610592ff-dcbe-4f1d-8eb4-f593c5d7ac78,2,4.0,,,,99.97,60.4,50.47,52.19,52.5,52.01
2025-12-15T17:40:23.801963,Recipe_B,610592ff-dcbe-4f1d-8eb4-f593c5d7ac78,2,4.0,,,,90.65,58.37,59.04,54.04,52.28,48.79
2025-12-15T17:40:24.801963,Recipe_B,610592ff-dcbe-4f1d-8eb4-f593c5d7ac78,2,4.0,,,,101.35,45.53,47.04,49.2,52.23,47.12
2025-12-15T17:40:25.801963,Recipe_B,610592ff-dcbe-4f1d-8eb4-f593c5d7ac78,2,4.0,,,,112.53,53.54,42.97,49.43,52.08,44.28
2025-12-15T17:40:26.801963,Recipe_B,610592ff-dcbe-4f1d-8eb4-f593c5d7ac78,2,4.0,,,,108.65,54.84,49.62,45.57,42.68,45.57
2025-12-15T17:40:27.801963,Recipe_B,610592ff-dcbe-4f1d-8eb4-f593c5d7ac78,2,4.0,,,,91.19,57.55,58.5,44.27,46.32,54.04
2025-12-15T17:40:28.801963,Recipe_B,610592ff-dcbe-4f1d-8eb4-f593c5d7ac78,2,4.0,,,,103.49,50.63,52.24,51.82,45.04,55.14
2025-12-15T17:40:29.801963,Recipe_B,610592ff-dcbe-4f1d-8eb4-f593c5d7ac78,2,4.0,,,,98.77,50.11,48.58,38.4,54.01,46.44
2025-12-15T17:40:30.801963,Recipe_B,610592ff-dcbe-4f1d-8eb4-f593c5d7ac78,2,4.0,,,,98.05,52.12,49.45,39.25,55.78,49.07
2025-12-15T17:40:31.801963,Recipe_B,610592ff-dcbe-4f1d-8eb4-f593c5d7ac78,2,4.0,,,,94.11,59.37,53.57,50.23,61.11,51.67
2025-12-15T17:40:32.801963,Recipe_B,610592ff-dcbe-4f1d-8eb4-f593c5d7ac78,2,4.0,,,,95.95,48.45,48.67,61.54,54.42,52.07
2025-12-15T17:40:33.801963,Recipe_B,610592ff-dcbe-4f1d-8eb4-f593c5d7ac78,2,4.0,,,,104.37,46.64,44.3,47.76,51.43,50.49
2025-12-15T17:40:34.801963,Recipe_B,610592ff-dcbe-4f1d-8eb4-f593c5d7ac78,2,4.0,,,,99.57,52.52,52.13,43.38,48.13,48.22
2025-12-15T17:40:35.801963,Recipe_B,610592ff-dcbe-4f1d-8eb4-f593c5d7ac78,2,4.0,,,,100.37,42.29,58.46,48.4,47.92,42.66
2025-12-15T17:40:36.801963,Recipe_B,610592ff-dcbe-4f1d-8eb4-f593c5d7ac78,2,4.0,,,,108.97,48.7,48.49,59.72,46.26,45.32
2025-12-15T17:40:37.801963,Recipe_B,610592ff-dcbe-4f1d-8eb4-f593c5d7ac78,2,4.0,,,,95.15,56.89,49.59,50.22,50.28,51.19
2025-12-15T17:40:38.801963,Recipe_B,610592ff-dcbe-4f1d-8eb4-f593c5d7ac78,2,4.0,,,,99.02,46.76,55.29,48.08,44.61,54.98
2025-12-15T17:40:39.801963,Recipe_B,610592ff-dcbe-4f1d-8eb4-f593c5d7ac78,2,4.0,,,,90.84,53.94,40.72,50.26,50.57,53.92
2025-12-15T17:40:40.801963,Recipe_B,610592ff-dcbe-4f1d-8eb4-f593c5d7ac78,2,4.0,,,,105.71,45.46,56.57,50.94,53.65,54.02
2025-12-15T17:40:41.801963,Recipe_B,610592ff-dcbe-4f1d-8eb4-f593c5d7ac78,2,4.0,,,,91.63,47.25,65.44,47.47,52.32,46.47
2025-12-15T17:40:42.801963,Recipe_B,610592ff-dcbe-4f1d-8eb4-f593c5d7ac78,2,4.0,,,,95.51,45.65,50.77,46.43,54.41,44.25
2025-12-15T17:40:43.801963,Recipe_B,610592ff-dcbe-4f1d-8eb4-f593c5d7ac78,2,4.0,,,,97.62,48.63,43.9,56.1,41.46,56.75
2025-12-15T17:40:44.801963,Recipe_B,610592ff-dcbe-4f1d-8eb4-f593c5d7ac78,2,4.0,,,,100.67,56.68,51.73,42.14,45.41,51.5
2025-12-15T17:40:45.801963,Recipe_B,610592ff-dcbe-4f1d-8eb4-f593c5d7ac78,2,4.0,,,,107.76,49.82,37.87,53.75,49.88,58.33
2025-12-15T17:40:46.801963,Recipe_B,610592ff-dcbe-4f1d-8eb4-f593c5d7ac78,2,4.0,,,,100.1,47.03,50.05,54.52,44.85,48.72
2025-12-15T17:40:47.801963,Recipe_B,610592ff-dcbe-4f1d-8eb4-f593c5d7ac78,2,4.0,,,,102.33,53.17,39.53,48.46,52.93,49.25
2025-12-15T17:40:48.801963,Recipe_B,610592ff-dcbe-4f1d-8eb4-f593c5d7ac78,2,4.0,,,,98.36,55.26,52.05,50.79,47.62,54.41
2025-12-15T17:40:49.801963,Recipe_B,610592ff-dcbe-4f1d-8eb4-f593c5d7ac78,2,4.0,,,,96.67,47.13,46.42,52.28,53.16,58.57
2025-12-15T17:40:50.801963,Recipe_B,610592ff-dcbe-4f1d-8eb4-f593c5d7ac78,2,4.0,,,,97.29,51.89,46.8,65.08,53.52,48.1
2025-12-15T17:40:51.801963,Recipe_B,610592ff-dcbe-4f1d-8eb4-f593c5d7ac78,2,4.0,,,,99.1,52.65,48.96,51.44,55.73,43.29
2025-12-15T17:40:52.801963,Recipe_B,610592ff-dcbe-4f1d-8eb4-f593c5d7ac78,2,4.0,,,,94.78,52.95,52.99,47.15,51.24,48.44
2025-12-15T17:40:53.801963,Recipe_B,610592ff-dcbe-4f1d-8eb4-f593c5d7ac78,2,4.0,,,,100.83,48.46,53.0,54.51,44.94,55.39
2025-12-15T17:40:54.801963,Recipe_B,610592ff-dcbe-4f1d-8eb4-f593c5d7ac78,2,4.0,,,,103.04,46.94,48.95,45.94,56.19,46.76
2025-12-15T17:40:55.801963,Recipe_B,610592ff-dcbe-4f1d-8eb4-f593c5d7ac78,2,4.0,,,,98.5,56.2,53.76,58.25,40.81,39.18
2025-12-15T17:40:56.801963,Recipe_B,610592ff-dcbe-4f1d-8eb4-f593c5d7ac78,2,4.0,,,,96.28,53.15,56.25,41.76,49.62,58.25
2025-12-15T17:40:57.801963,Recipe_B,610592ff-dcbe-4f1d-8eb4-f593c5d7ac78,2,4.0,,,,98.14,53.36,44.01,38.98,42.57,53.1
2025-12-15T17:40:58.801963,Recipe_B,610592ff-dcbe-4f1d-8eb4-f593c5d7ac78,2,4.0,,,,94.98,55.87,44.7,56.41,50.32,44.39
2025-12-15T17:40:59.801963,Recipe_B,610592ff-dcbe-4f1d-8eb4-f593c5d7ac78,2,4.0,,,,102.52,43.93,38.94,56.85,47.96,39.05
2025-12-15T17:41:00.801963,Recipe_B,610592ff-dcbe-4f1d-8eb4-f593c5d7ac78,2,4.0,,,,110.28,47.27,38.42,57.7,55.59,45.95
2025-12-15T17:41:01.801963,Recipe_B,610592ff-dcbe-4f1d-8eb4-f593c5d7ac78,2,4.0,,,,96.97,47.15,53.57,54.22,37.68,51.6
2025-12-15T17:41:02.801963,Recipe_B,610592ff-dcbe-4f1d-8eb4-f593c5d7ac78,2,4.0,,,,104.18,50.22,46.47,46.45,57.83,49.73
2025-12-15T17:41:03.801963,Recipe_B,610592ff-dcbe-4f1d-8eb4-f593c5d7ac78,2,4.0,,,,100.5,46.41,56.95,42.58,53.99,57.43
2025-12-15T17:41:04.801963,Recipe_B,610592ff-dcbe-4f1d-8eb4-f593c5d7ac78,2,4.0,,,,95.11,53.21,54.49,61.03,54.48,41.08
2025-12-15T17:41:05.801963,Recipe_B,610592ff-dcbe-4f1d-8eb4-f593c5d7ac78,2,4.0,,,,96.72,50.07,55.8,52.34,52.49,56.37
2025-12-15T17:41:06.801963,Recipe_B,610592ff-dcbe-4f1d-8eb4-f593c5d7ac78,2,4.0,,,,103.46,48.5,51.14,54.91,45.65,40.92
2025-12-15T17:41:07.801963,Recipe_B,610592ff-dcbe-4f1d-8eb4-f593c5d7ac78,2,4.0,,,,98.57,49.76,43.6,47.95,30.18,57.13
2025-12-15T17:41:08.801963,Recipe_B,610592ff-dcbe-4f1d-8eb4-f593c5d7ac78,2,4.0,,,,109.1,51.31,54.23,45.0,43.49,46.94
2025-12-15T17:41:09.801963,Recipe_B,610592ff-dcbe-4f1d-8eb4-f593c5d7ac78,2,4.0,,,,101.16,41.82,44.67,55.07,49.23,52.78
2025-12-15T17:41:10.801963,Recipe_B,610592ff-dcbe-4f1d-8eb4-f593c5d7ac78,2,4.0,,,,100.45,56.06,47.56,47.48,56.06,43.05
2025-12-15T17:41:11.801963,Recipe_B,610592ff-dcbe-4f1d-8eb4-f593c5d7ac78,2,4.0,,,,91.51,50.9,54.8,53.9,49.28,45.95
2025-12-15T17:41:12.801963,Recipe_B,610592ff-dcbe-4f1d-8eb4-f593c5d7ac78,2,4.0,,,,102.94,45.22,44.49,45.13,46.49,44.0
2025-12-15T17:41:13.801963,Recipe_B,610592ff-dcbe-4f1d-8eb4-f593c5d7ac78,2,4.0,,,,102.84,44.09,49.16,48.29,54.45,50.09
2025-12-15T17:41:14.801963,Recipe_B,610592ff-dcbe-4f1d-8eb4-f593c5d7ac78,2,4.0,,,,98.72,47.49,50.92,40.37,53.18,52.01
2025-12-15T17:41:15.801963,Recipe_B,610592ff-dcbe-4f1d-8eb4-f593c5d7ac78,2,4.0,,,,93.52,54.66,39.22,42.89,55.29,40.92
2025-12-15T17:41:16.801963,Recipe_B,610592ff-dcbe-4f1d-8eb4-f593c5d7ac78,2,4.0,,,,93.73,48.23,54.06,54.35,42.96,46.89
2025-12-15T17:41:17.801963,Recipe_B,610592ff-dcbe-4f1d-8eb4-f593c5d7ac78,2,4.0,,,,99.58,44.75,57.23,58.03,52.46,40.31
2025-12-15T17:41:18.801963,Recipe_B,610592ff-dcbe-4f1d-8eb4-f593c5d7ac78,2,0.0,,,,0.0,0.0,0.0,0.0,0.0,0.0
2025-12-15T17:41:19.801963,Recipe_B,610592ff-dcbe-4f1d-8eb4-f593c5d7ac78,2,0.0,,,,0.0,0.0,0.0,0.0,0.0,0.0
2025-12-15T17:41:20.801963,Recipe_B,610592ff-dcbe-4f1d-8eb4-f593c5d7ac78,2,0.0,,,,0.0,0.0,0.0,0.0,0.0,0.0
2025-12-15T17:41:21.801963,Recipe_B,610592ff-dcbe-4f1d-8eb4-f593c5d7ac78,2,0.0,,,,0.0,0.0,0.0,0.0,0.0,0.0
2025-12-15T17:41:22.801963,Recipe_B,610592ff-dcbe-4f1d-8eb4-f593c5d7ac78,2,0.0,,,,0.0,0.0,0.0,0.0,0.0,0.0
2025-12-15T17:41:23.801963,Recipe_B,610592ff-dcbe-4f1d-8eb4-f593c5d7ac78,2,0.0,,,,0.0,0.0,0.0,0.0,0.0,0.0
2025-12-15T17:41:24.801963,Recipe_B,610592ff-dcbe-4f1d-8eb4-f593c5d7ac78,2,0.0,,,,0.0,0.0,0.0,0.0,0.0,0.0
2025-12-15T17:41:25.801963,Recipe_B,610592ff-dcbe-4f1d-8eb4-f593c5d7ac78,2,0.0,,,,0.0,0.0,0.0,0.0,0.0,0.0
2025-12-15T17:41:26.801963,Recipe_B,610592ff-dcbe-4f1d-8eb4-f593c5d7ac78,2,0.0,,,,0.0,0.0,0.0,0.0,0.0,0.0
2025-12-15T17:41:27.801963,Recipe_B,610592ff-dcbe-4f1d-8eb4-f593c5d7ac78,2,0.0,,,,0.0,0.0,0.0,0.0,0.0,0.0
2025-12-15T17:41:28.801963,Recipe_B,610592ff-dcbe-4f1d-8eb4-f593c5d7ac78,2,0.0,,,,0.0,0.0,0.0,0.0,0.0,0.0
2025-12-15T17:41:29.801963,Recipe_B,610592ff-dcbe-4f1d-8eb4-f593c5d7ac78,2,0.0,,,,0.0,0.0,0.0,0.0,0.0,0.0
2025-12-15T17:41:30.801963,Recipe_B,610592ff-dcbe-4f1d-8eb4-f593c5d7ac78,2,0.0,,,,0.0,0.0,0.0,0.0,0.0,0.0
2025-12-15T17:41:31.801963,Recipe_B,610592ff-dcbe-4f1d-8eb4-f593c5d7ac78,2,5.0,,,,13.78,8.56,9.81,12.36,11.01,8.22
2025-12-15T17:41:32.801963,Recipe_B,610592ff-dcbe-4f1d-8eb4-f593c5d7ac78,2,5.0,,,,11.22,8.75,8.64,11.22,16.43,7.43
2025-12-15T17:41:33.801963,Recipe_B,610592ff-dcbe-4f1d-8eb4-f593c5d7ac78,2,5.0,,,,11.77,8.38,12.68,9.59,12.72,9.01
2025-12-15T17:41:34.801963,Recipe_B,610592ff-dcbe-4f1d-8eb4-f593c5d7ac78,2,5.0,,,,13.3,9.09,11.64,10.56,11.22,12.8
2025-12-15T17:41:35.801963,Recipe_B,610592ff-dcbe-4f1d-8eb4-f593c5d7ac78,2,5.0,,,,9.89,8.27,10.28,7.76,10.71,7.64
2025-12-15T17:41:36.801963,Recipe_B,610592ff-dcbe-4f1d-8eb4-f593c5d7ac78,2,5.0,,,,4.25,8.4,13.32,10.26,11.21,10.06
2025-12-15T17:41:37.801963,Recipe_B,610592ff-dcbe-4f1d-8eb4-f593c5d7ac78,2,5.0,,,,8.59,15.27,6.64,11.59,9.39,9.77
2025-12-15T17:41:38.801963,Recipe_B,610592ff-dcbe-4f1d-8eb4-f593c5d7ac78,2,5.0,,,,12.09,8.82,7.42,6.35,10.26,12.1
2025-12-15T17:41:39.801963,Recipe_B,610592ff-dcbe-4f1d-8eb4-f593c5d7ac78,2,5.0,,,,8.92,7.94,9.13,10.35,5.2,13.21
2025-12-15T17:41:40.801963,Recipe_B,610592ff-dcbe-4f1d-8eb4-f593c5d7ac78,2,5.0,,,,10.46,8.61,8.48,11.46,9.1,8.26
2025-12-15T17:41:41.801963,Recipe_B,610592ff-dcbe-4f1d-8eb4-f593c5d7ac78,2,5.0,,,,8.53,9.31,7.7,9.43,6.17,12.65
2025-12-15T17:41:42.801963,Recipe_B,610592ff-dcbe-4f1d-8eb4-f593c5d7ac78,2,5.0,,,,11.33,11.25,8.08,10.49,13.97,9.46
2025-12-15T17:41:43.801963,Recipe_B,610592ff-dcbe-4f1d-8eb4-f593c5d7ac78,2,5.0,,,,13.63,11.42,7.68,11.26,10.34,10.38
2025-12-15T17:41:44.801963,Recipe_B,610592ff-dcbe-4f1d-8eb4-f593c5d7ac78,2,5.0,,,,9.69,9.87,12.21,11.58,8.72,9.98
2025-12-15T17:41:45.801963,Recipe_B,610592ff-dcbe-4f1d-8eb4-f593c5d7ac78,2,5.0,,,,9.76,9.68,9.48,7.94,7.69,6.63
2025-12-15T17:41:46.801963,Recipe_B,610592ff-dcbe-4f1d-8eb4-f593c5d7ac78,2,5.0,,,,7.93,11.33,8.79,10.69,8.4,11.05
2025-12-15T17:41:47.801963,Recipe_B,610592ff-dcbe-4f1d-8eb4-f593c5d7ac78,2,5.0,,,,11.94,9.57,9.24,13.53,7.56,10.15
2025-12-15T17:41:48.801963,Recipe_B,610592ff-dcbe-4f1d-8eb4-f593c5d7ac78,2,5.0,,,,9.93,3.73,8.16,9.38,12.44,9.92
2025-12-15T17:41:49.801963,Recipe_B,610592ff-dcbe-4f1d-8eb4-f593c5d7ac78,2,5.0,,,,9.1,14.6,10.79,14.19,9.78,8.54
2025-12-15T17:41:50.801963,Recipe_B,610592ff-dcbe-4f1d-8eb4-f593c5d7ac78,2,5.0,,,,9.7,13.18,9.57,8.33,11.64,8.91
2025-12-15T17:41:51.801963,Recipe_B,610592ff-dcbe-4f1d-8eb4-f593c5d7ac78,2,5.0,,,,14.87,12.75,9.67,7.21,15.64,8.83
2025-12-15T17:41:52.801963,Recipe_B,610592ff-dcbe-4f1d-8eb4-f593c5d7ac78,2,5.0,,,,7.96,8.72,10.8,14.87,8.59,6.9
2025-12-15T17:41:53.801963,Recipe_B,610592ff-dcbe-4f1d-8eb4-f593c5d7ac78,2,5.0,,,,10.32,11.51,10.71,10.85,11.86,10.81
2025-12-15T17:41:54.801963,Recipe_B,610592ff-dcbe-4f1d-8eb4-f593c5d7ac78,2,5.0,,,,10.63,7.72,7.99,7.56,8.4,9.15
2025-12-15T17:41:55.801963,Recipe_B,610592ff-dcbe-4f1d-8eb4-f593c5d7ac78,2,5.0,,,,7.3,13.55,6.9,10.31,11.13,7.32
2025-12-15T17:41:56.801963,Recipe_B,610592ff-dcbe-4f1d-8eb4-f593c5d7ac78,2,5.0,,,,10.66,7.17,14.92,8.29,6.51,9.9
2025-12-15T17:41:57.801963,Recipe_B,610592ff-dcbe-4f1d-8eb4-f593c5d7ac78,2,5.0,,,,10.25,10.17,6.63,9.43,9.32,9.31
2025-12-15T17:41:58.801963,Recipe_B,610592ff-dcbe-4f1d-8eb4-f593c5d7ac78,2,5.0,,,,12.89,12.85,10.35,10.95,11.46,12.7
2025-12-15T17:41:59.801963,Recipe_B,610592ff-dcbe-4f1d-8eb4-f593c5d7ac78,2,5.0,,,,10.13,12.92,12.3,11.09,9.86,7.15
2025-12-15T17:42:00.801963,Recipe_B,610592ff-dcbe-4f1d-8eb4-f593c5d7ac78,2,5.0,,,,9.21,10.33,10.1,9.19,8.71,10.86
2025-12-15T17:42:01.801963,Recipe_B,610592ff-dcbe-4f1d-8eb4-f593c5d7ac78,2,5.0,,,,10.07,9.36,8.66,13.65,13.67,10.42
2025-12-15T17:42:02.801963,Recipe_B,610592ff-dcbe-4f1d-8eb4-f593c5d7ac78,2,5.0,,,,11.85,9.8,16.15,9.06,12.35,7.87
2025-12-15T17:42:03.801963,Recipe_B,610592ff-dcbe-4f1d-8eb4-f593c5d7ac78,2,5.0,,,,5.25,8.78,10.29,8.58,11.4,9.28
2025-12-15T17:42:04.801963,Recipe_B,610592ff-dcbe-4f1d-8eb4-f593c5d7ac78,2,5.0,,,,9.88,10.06,6.9,10.68,11.38,8.17
2025-12-15T17:42:05.801963,Recipe_B,610592ff-dcbe-4f1d-8eb4-f593c5d7ac78,2,5.0,,,,11.5,10.23,13.7,6.6,10.1,12.31
2025-12-15T17:42:06.801963,Recipe_B,610592ff-dcbe-4f1d-8eb4-f593c5d7ac78,2,5.0,,,,9.04,9.8,10.06,9.06,9.54,14.27
2025-12-15T17:42:07.801963,Recipe_B,610592ff-dcbe-4f1d-8eb4-f593c5d7ac78,2,5.0,,,,9.5,10.06,11.71,7.75,10.75,11.4
2025-12-15T17:42:08.801963,Recipe_B,610592ff-dcbe-4f1d-8eb4-f593c5d7ac78,2,5.0,,,,13.52,8.6,7.77,9.35,10.17,9.73
2025-12-15T17:42:09.801963,Recipe_B,610592ff-dcbe-4f1d-8eb4-f593c5d7ac78,2,5.0,,,,12.09,8.59,10.2,10.79,8.76,11.18
2025-12-15T17:42:10.801963,Recipe_B,610592ff-dcbe-4f1d-8eb4-f593c5d7ac78,2,5.0,,,,9.7,7.61,12.83,8.62,11.1,10.97
2025-12-15T17:42:11.801963,Recipe_B,610592ff-dcbe-4f1d-8eb4-f593c5d7ac78,2,5.0,,,,8.16,9.11,8.65,6.86,12.01,12.2
2025-12-15T17:42:12.801963,Recipe_B,610592ff-dcbe-4f1d-8eb4-f593c5d7ac78,2,5.0,,,,7.11,11.19,7.65,9.77,9.87,6.84
2025-12-15T17:42:13.801963,Recipe_B,610592ff-dcbe-4f1d-8eb4-f593c5d7ac78,2,5.0,,,,13.05,10.54,9.7,9.69,8.55,12.47
2025-12-15T17:42:14.801963,Recipe_B,610592ff-dcbe-4f1d-8eb4-f593c5d7ac78,2,5.0,,,,11.73,9.99,9.12,13.96,7.63,10.28
2025-12-15T17:42:15.801963,Recipe_B,610592ff-dcbe-4f1d-8eb4-f593c5d7ac78,2,5.0,,,,10.22,9.49,8.1,8.66,12.5,7.65
2025-12-15T17:42:16.801963,Recipe_B,610592ff-dcbe-4f1d-8eb4-f593c5d7ac78,2,5.0,,,,13.91,8.01,6.43,11.93,8.83,11.75
2025-12-15T17:42:17.801963,Recipe_B,610592ff-dcbe-4f1d-8eb4-f593c5d7ac78,2,5.0,,,,10.29,6.11,11.09,8.5,8.98,10.71
2025-12-15T17:42:18.801963,Recipe_B,610592ff-dcbe-4f1d-8eb4-f593c5d7ac78,2,5.0,,,,9.21,10.39,9.62,12.17,11.74,9.9
2025-12-15T17:42:19.801963,Recipe_B,610592ff-dcbe-4f1d-8eb4-f593c5d7ac78,2,5.0,,,,11.23,9.19,12.95,13.02,10.57,6.5
2025-12-15T17:42:20.801963,Recipe_B,610592ff-dcbe-4f1d-8eb4-f593c5d7ac78,2,5.0,,,,8.79,12.38,10.34,8.07,9.52,9.4
2025-12-15T17:42:21.801963,Recipe_B,610592ff-dcbe-4f1d-8eb4-f593c5d7ac78,2,5.0,,,,7.88,7.59,9.17,10.79,9.18,9.74
2025-12-15T17:42:22.801963,Recipe_B,610592ff-dcbe-4f1d-8eb4-f593c5d7ac78,2,5.0,,,,8.2,13.14,7.33,9.8,11.67,8.15
2025-12-15T17:42:23.801963,Recipe_B,610592ff-dcbe-4f1d-8eb4-f593c5d7ac78,2,5.0,,,,8.39,10.63,10.0,9.77,11.02,8.01
2025-12-15T17:42:24.801963,Recipe_B,610592ff-dcbe-4f1d-8eb4-f593c5d7ac78,2,5.0,,,,10.31,11.93,12.9,8.91,12.55,10.88
2025-12-15T17:42:25.801963,Recipe_B,610592ff-dcbe-4f1d-8eb4-f593c5d7ac78,2,5.0,,,,13.82,11.11,11.39,6.97,10.65,10.4
2025-12-15T17:42:26.801963,Recipe_B,610592ff-dcbe-4f1d-8eb4-f593c5d7ac78,2,5.0,,,,9.4,10.28,10.29,12.67,11.73,8.49
2025-12-15T17:42:27.801963,Recipe_B,610592ff-dcbe-4f1d-8eb4-f593c5d7ac78,2,5.0,,,,11.15,11.19,13.2,10.2,9.71,8.84
2025-12-15T17:42:28.801963,Recipe_B,610592ff-dcbe-4f1d-8eb4-f593c5d7ac78,2,5.0,,,,12.0,10.59,10.73,9.47,9.3,11.35
2025-12-15T17:42:29.801963,Recipe_B,610592ff-dcbe-4f1d-8eb4-f593c5d7ac78,2,5.0,,,,9.15,12.12,13.3,7.55,14.92,7.96
2025-12-15T17:42:30.801963,Recipe_B,610592ff-dcbe-4f1d-8eb4-f593c5d7ac78,2,5.0,,,,5.4,10.13,10.69,7.14,9.26,7.7
2025-12-15T17:42:31.801963,Recipe_B,610592ff-dcbe-4f1d-8eb4-f593c5d7ac78,2,5.0,,,,10.85,11.93,8.33,12.59,12.42,7.34
2025-12-15T17:42:32.801963,Recipe_B,610592ff-dcbe-4f1d-8eb4-f593c5d7ac78,2,5.0,,,,10.6,8.57,10.53,11.16,11.96,9.14
2025-12-15T17:42:33.801963,Recipe_B,610592ff-dcbe-4f1d-8eb4-f593c5d7ac78,2,5.0,,,,6.41,6.55,13.41,8.99,7.47,8.29
2025-12-15T17:42:34.801963,Recipe_B,610592ff-dcbe-4f1d-8eb4-f593c5d7ac78,2,5.0,,,,9.56,9.02,8.54,9.19,6.66,9.93
2025-12-15T17:42:35.801963,Recipe_B,610592ff-dcbe-4f1d-8eb4-f593c5d7ac78,2,5.0,,,,8.89,9.8,11.65,7.44,9.66,11.1
2025-12-15T17:42:36.801963,Recipe_B,610592ff-dcbe-4f1d-8eb4-f593c5d7ac78,2,5.0,,,,10.23,5.65,11.93,7.43,9.32,10.49
2025-12-15T17:42:37.801963,Recipe_B,610592ff-dcbe-4f1d-8eb4-f593c5d7ac78,2,5.0,,,,9.73,10.34,10.99,7.42,11.98,10.4
2025-12-15T17:42:38.801963,Recipe_B,610592ff-dcbe-4f1d-8eb4-f593c5d7ac78,2,5.0,,,,10.36,11.36,8.04,10.0,8.91,11.55
2025-12-15T17:42:39.801963,Recipe_B,610592ff-dcbe-4f1d-8eb4-f593c5d7ac78,2,5.0,,,,11.84,11.59,7.46,7.58,16.85,7.74
2025-12-15T17:42:40.801963,Recipe_B,610592ff-dcbe-4f1d-8eb4-f593c5d7ac78,2,5.0,,,,10.53,10.54,10.88,6.61,11.93,13.39
2025-12-15T17:42:41.801963,Recipe_B,610592ff-dcbe-4f1d-8eb4-f593c5d7ac78,2,5.0,,,,7.85,12.57,7.58,8.03,10.13,15.19
2025-12-15T17:42:42.801963,Recipe_B,610592ff-dcbe-4f1d-8eb4-f593c5d7ac78,2,5.0,,,,11.05,12.54,11.25,9.18,12.71,8.81
2025-12-15T17:42:43.801963,Recipe_B,610592ff-dcbe-4f1d-8eb4-f593c5d7ac78,2,5.0,,,,7.82,10.9,10.83,11.35,9.87,8.85
2025-12-15T17:42:44.801963,Recipe_B,610592ff-dcbe-4f1d-8eb4-f593c5d7ac78,2,5.0,,,,7.98,13.55,10.22,13.59,9.26,13.37
2025-12-15T17:42:45.801963,Recipe_B,610592ff-dcbe-4f1d-8eb4-f593c5d7ac78,2,5.0,,,,9.64,13.22,12.79,9.98,11.92,11.63
2025-12-15T17:42:46.801963,Recipe_B,610592ff-dcbe-4f1d-8eb4-f593c5d7ac78,2,5.0,,,,10.54,9.3,10.11,7.59,10.2,10.74
2025-12-15T17:42:47.801963,Recipe_B,610592ff-dcbe-4f1d-8eb4-f593c5d7ac78,2,5.0,,,,10.35,10.2,12.54,11.7,6.23,9.86
2025-12-15T17:42:48.801963,Recipe_B,610592ff-dcbe-4f1d-8eb4-f593c5d7ac78,2,5.0,,,,10.4,10.26,6.65,12.66,10.02,9.45
2025-12-15T17:42:49.801963,Recipe_B,610592ff-dcbe-4f1d-8eb4-f593c5d7ac78,2,5.0,,,,10.05,7.45,10.26,9.92,11.09,10.31
2025-12-15T17:42:50.801963,Recipe_B,610592ff-dcbe-4f1d-8eb4-f593c5d7ac78,2,5.0,,,,11.24,8.86,7.9,12.22,8.87,11.07
2025-12-15T17:42:51.801963,Recipe_B,610592ff-dcbe-4f1d-8eb4-f593c5d7ac78,2,5.0,,,,8.69,10.48,12.17,10.95,13.21,12.4
2025-12-15T17:42:52.801963,Recipe_B,610592ff-dcbe-4f1d-8eb4-f593c5d7ac78,2,5.0,,,,10.76,9.76,12.37,8.93,10.48,11.96
2025-12-15T17:42:53.801963,Recipe_B,610592ff-dcbe-4f1d-8eb4-f593c5d7ac78,2,5.0,,,,12.78,10.24,8.24,11.72,8.4,11.22
2025-12-15T17:42:54.801963,Recipe_B,610592ff-dcbe-4f1d-8eb4-f593c5d7ac78,2,5.0,,,,12.41,14.83,10.43,8.84,9.13,11.86
2025-12-15T17:42:55.801963,Recipe_B,610592ff-dcbe-4f1d-8eb4-f593c5d7ac78,2,5.0,,,,10.35,10.47,10.95,14.77,9.33,11.82
2025-12-15T17:42:56.801963,Recipe_B,610592ff-dcbe-4f1d-8eb4-f593c5d7ac78,2,5.0,,,,9.36,12.82,10.06,9.77,8.95,9.88
2025-12-15T17:42:57.801963,Recipe_B,610592ff-dcbe-4f1d-8eb4-f593c5d7ac78,2,5.0,,,,10.79,8.6,9.51,8.69,16.92,7.25
2025-12-15T17:42:58.801963,Recipe_B,610592ff-dcbe-4f1d-8eb4-f593c5d7ac78,2,5.0,,,,8.76,10.6,8.56,9.1,8.82,12.35
2025-12-15T17:42:59.801963,Recipe_B,610592ff-dcbe-4f1d-8eb4-f593c5d7ac78,2,5.0,,,,14.13,6.64,13.19,10.24,13.06,7.52
2025-12-15T17:43:00.801963,Recipe_B,610592ff-dcbe-4f1d-8eb4-f593c5d7ac78,2,5.0,,,,8.35,4.38,11.16,8.24,7.6,9.45
2025-12-15T17:43:01.801963,Recipe_B,610592ff-dcbe-4f1d-8eb4-f593c5d7ac78,2,5.0,,,,15.81,7.4,8.39,9.95,8.66,8.79
2025-12-15T17:43:02.801963,Recipe_B,610592ff-dcbe-4f1d-8eb4-f593c5d7ac78,2,5.0,,,,10.73,13.7,8.37,12.14,11.13,9.34
2025-12-15T17:43:03.801963,Recipe_B,610592ff-dcbe-4f1d-8eb4-f593c5d7ac78,2,5.0,,,,10.41,6.48,7.43,10.05,10.34,9.33
2025-12-15T17:43:04.801963,Recipe_B,610592ff-dcbe-4f1d-8eb4-f593c5d7ac78,2,5.0,,,,13.97,10.74,8.4,7.88,12.12,9.08
2025-12-15T17:43:05.801963,Recipe_B,610592ff-dcbe-4f1d-8eb4-f593c5d7ac78,2,5.0,,,,10.78,10.0,11.64,13.3,9.37,10.87
2025-12-15T17:43:06.801963,Recipe_B,610592ff-dcbe-4f1d-8eb4-f593c5d7ac78,2,5.0,,,,10.51,13.09,10.5,10.61,12.19,11.5
2025-12-15T17:43:07.801963,Recipe_B,610592ff-dcbe-4f1d-8eb4-f593c5d7ac78,2,5.0,,,,9.83,6.24,11.57,8.59,10.48,7.48
2025-12-15T17:43:08.801963,Recipe_B,610592ff-dcbe-4f1d-8eb4-f593c5d7ac78,2,5.0,,,,10.4,9.63,4.88,12.46,6.94,11.71
2025-12-15T17:43:09.801963,Recipe_B,610592ff-dcbe-4f1d-8eb4-f593c5d7ac78,2,5.0,,,,5.05,11.81,9.14,4.11,6.58,8.69
2025-12-15T17:43:10.801963,Recipe_B,610592ff-dcbe-4f1d-8eb4-f593c5d7ac78,2,5.0,,,,11.64,4.25,10.78,13.83,12.01,6.22
2025-12-15T17:43:11.801963,Recipe_B,610592ff-dcbe-4f1d-8eb4-f593c5d7ac78,2,5.0,,,,8.69,7.82,12.08,7.66,11.1,8.69
2025-12-15T17:43:12.801963,Recipe_B,610592ff-dcbe-4f1d-8eb4-f593c5d7ac78,2,5.0,,,,9.41,12.28,5.76,11.84,6.35,5.41
2025-12-15T17:43:13.801963,Recipe_B,610592ff-dcbe-4f1d-8eb4-f593c5d7ac78,2,5.0,,,,9.78,6.94,10.85,8.46,12.08,10.07
2025-12-15T17:43:14.801963,Recipe_B,610592ff-dcbe-4f1d-8eb4-f593c5d7ac78,2,5.0,,,,12.15,8.27,8.14,8.28,12.32,11.42
2025-12-15T17:43:15.801963,Recipe_B,610592ff-dcbe-4f1d-8eb4-f593c5d7ac78,2,5.0,,,,9.27,8.24,10.27,9.16,9.33,8.76
2025-12-15T17:43:16.801963,Recipe_B,610592ff-dcbe-4f1d-8eb4-f593c5d7ac78,2,5.0,,,,10.76,10.37,6.29,9.3,10.85,10.96
2025-12-15T17:43:17.801963,Recipe_B,610592ff-dcbe-4f1d-8eb4-f593c5d7ac78,2,5.0,,,,14.38,12.94,10.04,10.67,12.39,8.74
2025-12-15T17:43:18.801963,Recipe_B,610592ff-dcbe-4f1d-8eb4-f593c5d7ac78,2,3.0,,,,10.82,10.88,10.0,12.31,9.42,10.69
2025-12-15T17:43:19.801963,Recipe_B,610592ff-dcbe-4f1d-8eb4-f593c5d7ac78,2,3.0,,,,7.61,10.11,8.74,11.89,11.14,12.02
2025-12-15T17:43:20.801963,Recipe_B,610592ff-dcbe-4f1d-8eb4-f593c5d7ac78,2,3.0,,,,9.33,11.13,10.81,9.55,11.01,8.96
2025-12-15T17:43:21.801963,Recipe_B,610592ff-dcbe-4f1d-8eb4-f593c5d7ac78,2,3.0,,,,6.73,13.66,8.99,13.96,8.42,11.49
2025-12-15T17:43:22.801963,Recipe_B,610592ff-dcbe-4f1d-8eb4-f593c5d7ac78,2,3.0,,,,9.39,8.47,11.02,10.01,8.99,11.86
2025-12-15T17:43:23.801963,Recipe_B,610592ff-dcbe-4f1d-8eb4-f593c5d7ac78,2,3.0,,,,10.11,8.43,7.02,14.44,6.87,16.34
2025-12-15T17:43:24.801963,Recipe_B,610592ff-dcbe-4f1d-8eb4-f593c5d7ac78,2,3.0,,,,10.76,10.17,10.1,9.5,12.46,6.96
2025-12-15T17:43:25.801963,Recipe_B,610592ff-dcbe-4f1d-8eb4-f593c5d7ac78,2,3.0,,,,12.76,11.11,8.55,11.47,10.63,15.64
2025-12-15T17:43:26.801963,Recipe_B,610592ff-dcbe-4f1d-8eb4-f593c5d7ac78,2,3.0,,,,10.49,8.16,7.55,6.81,11.28,11.11
2025-12-15T17:43:27.801963,Recipe_B,610592ff-dcbe-4f1d-8eb4-f593c5d7ac78,2,3.0,,,,7.89,10.73,10.62,10.46,8.1,7.67
2025-12-15T17:43:28.801963,Recipe_B,610592ff-dcbe-4f1d-8eb4-f593c5d7ac78,2,3.0,,,,6.88,10.97,9.71,8.91,6.44,11.44
2025-12-15T17:43:29.801963,Recipe_B,610592ff-dcbe-4f1d-8eb4-f593c5d7ac78,2,3.0,,,,8.32,9.89,6.69,11.37,12.95,7.04
2025-12-15T17:43:30.801963,Recipe_B,610592ff-dcbe-4f1d-8eb4-f593c5d7ac78,2,3.0,,,,9.33,8.48,8.59,10.27,8.21,8.68
2025-12-15T17:43:31.801963,Recipe_B,610592ff-dcbe-4f1d-8eb4-f593c5d7ac78,2,3.0,,,,7.45,8.42,9.95,8.68,6.36,10.18
2025-12-15T17:43:32.801963,Recipe_B,610592ff-dcbe-4f1d-8eb4-f593c5d7ac78,2,3.0,,,,10.68,9.45,8.79,12.4,6.09,10.34
2025-12-15T17:43:33.801963,Recipe_B,610592ff-dcbe-4f1d-8eb4-f593c5d7ac78,2,3.0,,,,10.78,6.63,13.54,8.99,8.77,11.33
2025-12-15T17:43:34.801963,Recipe_B,610592ff-dcbe-4f1d-8eb4-f593c5d7ac78,2,3.0,,,,7.56,9.42,11.75,9.56,9.0,8.16
2025-12-15T17:43:35.801963,Recipe_B,610592ff-dcbe-4f1d-8eb4-f593c5d7ac78,2,5.0,,,,13.23,9.47,14.46,9.39,9.57,8.11
2025-12-15T17:43:36.801963,Recipe_B,610592ff-dcbe-4f1d-8eb4-f593c5d7ac78,2,5.0,,,,10.59,10.25,8.39,13.08,11.14,9.04
2025-12-15T17:43:37.801963,Recipe_B,610592ff-dcbe-4f1d-8eb4-f593c5d7ac78,2,5.0,,,,11.06,8.99,8.75,12.05,10.48,12.78
2025-12-15T17:43:38.801963,Recipe_B,610592ff-dcbe-4f1d-8eb4-f593c5d7ac78,2,5.0,,,,11.04,9.81,11.98,8.55,11.53,11.45
2025-12-15T17:43:39.801963,Recipe_B,610592ff-dcbe-4f1d-8eb4-f593c5d7ac78,2,5.0,,,,12.04,8.85,10.87,9.51,11.11,13.91
2025-12-15T17:43:40.801963,Recipe_B,610592ff-dcbe-4f1d-8eb4-f593c5d7ac78,2,5.0,,,,9.9,8.38,11.04,9.11,10.85,14.65
2025-12-15T17:43:41.801963,Recipe_B,610592ff-dcbe-4f1d-8eb4-f593c5d7ac78,2,5.0,,,,11.04,9.0,11.41,8.82,8.91,11.57
2025-12-15T17:43:42.801963,Recipe_B,610592ff-dcbe-4f1d-8eb4-f593c5d7ac78,2,5.0,,,,8.44,8.7,11.72,9.61,9.3,10.5
2025-12-15T17:43:43.801963,Recipe_B,610592ff-dcbe-4f1d-8eb4-f593c5d7ac78,2,5.0,,,,9.16,9.62,7.06,12.63,9.18,10.07
2025-12-15T17:43:44.801963,Recipe_B,610592ff-dcbe-4f1d-8eb4-f593c5d7ac78,2,5.0,,,,8.99,10.43,14.66,9.42,11.68,10.27
2025-12-15T17:43:45.801963,Recipe_B,610592ff-dcbe-4f1d-8eb4-f593c5d7ac78,2,5.0,,,,6.48,9.62,7.39,12.62,11.45,6.87
2025-12-15T17:43:46.801963,Recipe_B,610592ff-dcbe-4f1d-8eb4-f593c5d7ac78,2,5.0,,,,12.44,14.34,11.45,7.1,9.39,10.31
2025-12-15T17:43:47.801963,Recipe_B,610592ff-dcbe-4f1d-8eb4-f593c5d7ac78,2,5.0,,,,12.13,6.52,8.19,7.02,8.45,11.46
2025-12-15T17:43:48.801963,Recipe_B,610592ff-dcbe-4f1d-8eb4-f593c5d7ac78,2,5.0,,,,8.09,11.57,7.29,8.79,9.95,10.58
2025-12-15T17:43:49.801963,Recipe_B,610592ff-dcbe-4f1d-8eb4-f593c5d7ac78,2,5.0,,,,13.33,7.69,11.26,7.12,9.77,9.96
2025-12-15T17:43:50.801963,Recipe_B,610592ff-dcbe-4f1d-8eb4-f593c5d7ac78,2,5.0,,,,9.23,12.19,12.57,7.99,11.37,10.5
2025-12-15T17:43:51.801963,Recipe_B,610592ff-dcbe-4f1d-8eb4-f593c5d7ac78,2,5.0,,,,12.64,6.73,8.05,9.34,8.29,10.9
2025-12-15T17:43:52.801963,Recipe_B,610592ff-dcbe-4f1d-8eb4-f593c5d7ac78,2,5.0,,,,7.17,8.39,7.77,10.02,11.03,10.0
2025-12-15T17:43:53.801963,Recipe_B,610592ff-dcbe-4f1d-8eb4-f593c5d7ac78,2,5.0,,,,10.08,12.04,11.32,10.39,7.6,13.07
2025-12-15T17:43:54.801963,Recipe_B,610592ff-dcbe-4f1d-8eb4-f593c5d7ac78,2,5.0,,,,11.68,10.52,11.56,10.38,8.7,9.99
2025-12-15T17:43:55.801963,Recipe_B,610592ff-dcbe-4f1d-8eb4-f593c5d7ac78,2,5.0,,,,9.83,6.63,11.67,7.62,12.31,13.82
2025-12-15T17:43:56.801963,Recipe_B,610592ff-dcbe-4f1d-8eb4-f593c5d7ac78,2,5.0,,,,9.84,9.85,9.22,11.05,9.5,11.36
2025-12-15T17:43:57.801963,Recipe_B,610592ff-dcbe-4f1d-8eb4-f593c5d7ac78,2,5.0,,,,12.49,9.49,11.84,9.79,6.88,11.31
2025-12-15T17:43:58.801963,Recipe_B,610592ff-dcbe-4f1d-8eb4-f593c5d7ac78,2,5.0,,,,8.72,11.6,7.31,9.55,10.15,14.79
2025-12-15T17:43:59.801963,Recipe_B,610592ff-dcbe-4f1d-8eb4-f593c5d7ac78,2,2.0,,,,6.18,10.71,12.68,9.79,9.22,10.22
2025-12-15T17:44:00.801963,Recipe_B,610592ff-dcbe-4f1d-8eb4-f593c5d7ac78,2,2.0,,,,7.8,9.18,11.34,13.56,9.07,9.18
2025-12-15T17:44:01.801963,Recipe_B,610592ff-dcbe-4f1d-8eb4-f593c5d7ac78,2,0.0,,,,0.0,0.0,0.0,0.0,0.0,0.0
2025-12-15T17:44:02.801963,Recipe_B,610592ff-dcbe-4f1d-8eb4-f593c5d7ac78,2,0.0,,,,0.0,0.0,0.0,0.0,0.0,0.0
2025-12-15T17:44:03.801963,Recipe_B,610592ff-dcbe-4f1d-8eb4-f593c5d7ac78,2,0.0,,,,0.0,0.0,0.0,0.0,0.0,0.0
2025-12-15T17:44:04.801963,Recipe_B,610592ff-dcbe-4f1d-8eb4-f593c5d7ac78,2,0.0,,,,0.0,0.0,0.0,0.0,0.0,0.0
2025-12-15T17:44:05.801963,Recipe_B,610592ff-dcbe-4f1d-8eb4-f593c5d7ac78,2,0.0,,,,0.0,0.0,0.0,0.0,0.0,0.0
2025-12-15T17:44:06.801963,Recipe_B,610592ff-dcbe-4f1d-8eb4-f593c5d7ac78,2,0.0,,,,0.0,0.0,0.0,0.0,0.0,0.0
2025-12-15T17:44:07.801963,Recipe_B,610592ff-dcbe-4f1d-8eb4-f593c5d7ac78,2,0.0,,,,0.0,0.0,0.0,0.0,0.0,0.0
2025-12-15T17:44:08.801963,Recipe_B,610592ff-dcbe-4f1d-8eb4-f593c5d7ac78,2,0.0,,,,0.0,0.0,0.0,0.0,0.0,0.0
2025-12-15T17:44:09.801963,Recipe_B,610592ff-dcbe-4f1d-8eb4-f593c5d7ac78,2,0.0,,,,0.0,0.0,0.0,0.0,0.0,0.0
2025-12-15T17:44:10.801963,Recipe_B,610592ff-dcbe-4f1d-8eb4-f593c5d7ac78,2,0.0,,,,0.0,0.0,0.0,0.0,0.0,0.0
2025-12-15T17:44:11.801963,Recipe_B,610592ff-dcbe-4f1d-8eb4-f593c5d7ac78,2,0.0,,,,0.0,0.0,0.0,0.0,0.0,0.0
2025-12-15T17:44:12.801963,Recipe_B,610592ff-dcbe-4f1d-8eb4-f593c5d7ac78,2,0.0,,,,0.0,0.0,0.0,0.0,0.0,0.0
2025-12-15T17:44:13.801963,Recipe_B,610592ff-dcbe-4f1d-8eb4-f593c5d7ac78,2,0.0,,,,0.0,0.0,0.0,0.0,0.0,0.0
2025-12-15T17:44:14.801963,Recipe_B,610592ff-dcbe-4f1d-8eb4-f593c5d7ac78,2,0.0,,,,0.0,0.0,0.0,0.0,0.0,0.0
2025-12-15T17:44:15.801963,Recipe_B,610592ff-dcbe-4f1d-8eb4-f593c5d7ac78,2,0.0,,,,0.0,0.0,0.0,0.0,0.0,0.0
2025-12-15T17:44:16.801963,Recipe_B,610592ff-dcbe-4f1d-8eb4-f593c5d7ac78,2,0.0,,,,0.0,0.0,0.0,0.0,0.0,0.0
2025-12-15T17:44:17.801963,Recipe_B,610592ff-dcbe-4f1d-8eb4-f593c5d7ac78,2,0.0,,,,0.0,0.0,0.0,0.0,0.0,0.0
2025-12-15T17:44:18.801963,Recipe_B,610592ff-dcbe-4f1d-8eb4-f593c5d7ac78,2,0.0,,,,0.0,0.0,0.0,0.0,0.0,0.0
2025-12-15T17:44:19.801963,Recipe_B,610592ff-dcbe-4f1d-8eb4-f593c5d7ac78,2,0.0,,,,0.0,0.0,0.0,0.0,0.0,0.0
2025-12-15T17:44:20.801963,Recipe_B,610592ff-dcbe-4f1d-8eb4-f593c5d7ac78,2,0.0,,,,0.0,0.0,0.0,0.0,0.0,0.0
2025-12-15T17:44:21.801963,Recipe_B,610592ff-dcbe-4f1d-8eb4-f593c5d7ac78,2,0.0,,,,0.0,0.0,0.0,0.0,0.0,0.0
2025-12-15T17:44:22.801963,Recipe_B,610592ff-dcbe-4f1d-8eb4-f593c5d7ac78,2,0.0,,,,0.0,0.0,0.0,0.0,0.0,0.0
2025-12-15T17:44:23.801963,Recipe_B,610592ff-dcbe-4f1d-8eb4-f593c5d7ac78,2,0.0,,,,0.0,0.0,0.0,0.0,0.0,0.0
2025-12-15T17:44:24.801963,Recipe_B,610592ff-dcbe-4f1d-8eb4-f593c5d7ac78,2,0.0,,,,0.0,0.0,0.0,0.0,0.0,0.0
2025-12-15T17:44:25.801963,Recipe_B,610592ff-dcbe-4f1d-8eb4-f593c5d7ac78,2,0.0,,,,0.0,0.0,0.0,0.0,0.0,0.0
2025-12-15T17:44:26.801963,Recipe_B,610592ff-dcbe-4f1d-8eb4-f593c5d7ac78,2,0.0,,,,0.0,0.0,0.0,0.0,0.0,0.0
2025-12-15T17:44:27.801963,Recipe_B,610592ff-dcbe-4f1d-8eb4-f593c5d7ac78,2,0.0,,,,0.0,0.0,0.0,0.0,0.0,0.0
2025-12-15T17:44:28.801963,Recipe_B,610592ff-dcbe-4f1d-8eb4-f593c5d7ac78,2,0.0,,,,0.0,0.0,0.0,0.0,0.0,0.0
2025-12-15T17:44:29.801963,Recipe_B,610592ff-dcbe-4f1d-8eb4-f593c5d7ac78,2,0.0,,,,0.0,0.0,0.0,0.0,0.0,0.0
2025-12-15T17:44:30.801963,Recipe_B,610592ff-dcbe-4f1d-8eb4-f593c5d7ac78,2,0.0,,,,0.0,0.0,0.0,0.0,0.0,0.0
2025-12-15T17:44:31.801963,Recipe_B,610592ff-dcbe-4f1d-8eb4-f593c5d7ac78,2,0.0,,,,0.0,0.0,0.0,0.0,0.0,0.0
2025-12-15T17:44:32.801963,Recipe_B,610592ff-dcbe-4f1d-8eb4-f593c5d7ac78,2,0.0,,,,0.0,0.0,0.0,0.0,0.0,0.0
2025-12-15T17:44:33.801963,Recipe_B,610592ff-dcbe-4f1d-8eb4-f593c5d7ac78,2,0.0,,,,0.0,0.0,0.0,0.0,0.0,0.0
2025-12-15T17:44:34.801963,Recipe_B,610592ff-dcbe-4f1d-8eb4-f593c5d7ac78,2,0.0,,,,0.0,0.0,0.0,0.0,0.0,0.0
2025-12-15T17:44:35.801963,Recipe_B,610592ff-dcbe-4f1d-8eb4-f593c5d7ac78,2,0.0,,,,0.0,0.0,0.0,0.0,0.0,0.0
2025-12-15T17:44:36.801963,Recipe_B,610592ff-dcbe-4f1d-8eb4-f593c5d7ac78,2,0.0,,,,0.0,0.0,0.0,0.0,0.0,0.0
2025-12-15T17:44:37.801963,Recipe_B,610592ff-dcbe-4f1d-8eb4-f593c5d7ac78,2,0.0,,,,0.0,0.0,0.0,0.0,0.0,0.0
2025-12-15T17:44:38.801963,Recipe_B,610592ff-dcbe-4f1d-8eb4-f593c5d7ac78,2,0.0,,,,0.0,0.0,0.0,0.0,0.0,0.0
2025-12-15T17:44:39.801963,Recipe_B,610592ff-dcbe-4f1d-8eb4-f593c5d7ac78,2,0.0,,,,0.0,0.0,0.0,0.0,0.0,0.0
2025-12-15T17:44:40.801963,Recipe_B,610592ff-dcbe-4f1d-8eb4-f593c5d7ac78,2,0.0,,,,0.0,0.0,0.0,0.0,0.0,0.0
2025-12-15T17:44:41.801963,Recipe_B,610592ff-dcbe-4f1d-8eb4-f593c5d7ac78,2,0.0,,,,0.0,0.0,0.0,0.0,0.0,0.0
2025-12-15T17:44:42.801963,Recipe_B,610592ff-dcbe-4f1d-8eb4-f593c5d7ac78,2,0.0,,,,0.0,0.0,0.0,0.0,0.0,0.0
2025-12-15T17:44:43.801963,Recipe_B,610592ff-dcbe-4f1d-8eb4-f593c5d7ac78,2,0.0,,,,0.0,0.0,0.0,0.0,0.0,0.0
2025-12-15T17:44:44.801963,Recipe_B,610592ff-dcbe-4f1d-8eb4-f593c5d7ac78,2,0.0,,,,0.0,0.0,0.0,0.0,0.0,0.0
2025-12-15T17:44:45.801963,Recipe_B,610592ff-dcbe-4f1d-8eb4-f593c5d7ac78,2,0.0,,,,0.0,0.0,0.0,0.0,0.0,0.0
2025-12-15T17:44:46.801963,Recipe_B,610592ff-dcbe-4f1d-8eb4-f593c5d7ac78,2,0.0,,,,0.0,0.0,0.0,0.0,0.0,0.0
2025-12-15T17:44:47.801963,Recipe_B,610592ff-dcbe-4f1d-8eb4-f593c5d7ac78,2,0.0,,,,0.0,0.0,0.0,0.0,0.0,0.0
2025-12-15T17:44:48.801963,Recipe_B,610592ff-dcbe-4f1d-8eb4-f593c5d7ac78,2,0.0,,,,0.0,0.0,0.0,0.0,0.0,0.0
2025-12-15T17:44:49.801963,Recipe_B,610592ff-dcbe-4f1d-8eb4-f593c5d7ac78,2,0.0,,,,0.0,0.0,0.0,0.0,0.0,0.0
2025-12-15T17:44:50.801963,Recipe_B,610592ff-dcbe-4f1d-8eb4-f593c5d7ac78,2,0.0,,,,0.0,0.0,0.0,0.0,0.0,0.0
2025-12-15T17:44:51.801963,Recipe_B,610592ff-dcbe-4f1d-8eb4-f593c5d7ac78,2,0.0,,,,0.0,0.0,0.0,0.0,0.0,0.0
2025-12-15T17:44:52.801963,Recipe_B,610592ff-dcbe-4f1d-8eb4-f593c5d7ac78,2,0.0,,,,0.0,0.0,0.0,0.0,0.0,0.0
2025-12-15T17:44:53.801963,Recipe_B,610592ff-dcbe-4f1d-8eb4-f593c5d7ac78,2,0.0,,,,0.0,0.0,0.0,0.0,0.0,0.0
2025-12-15T17:44:54.801963,Recipe_B,610592ff-dcbe-4f1d-8eb4-f593c5d7ac78,2,0.0,,,,0.0,0.0,0.0,0.0,0.0,0.0
2025-12-15T17:44:55.801963,Recipe_B,610592ff-dcbe-4f1d-8eb4-f593c5d7ac78,2,0.0,,,,0.0,0.0,0.0,0.0,0.0,0.0
2025-12-15T17:44:56.801963,Recipe_B,610592ff-dcbe-4f1d-8eb4-f593c5d7ac78,2,0.0,,,,0.0,0.0,0.0,0.0,0.0,0.0
2025-12-15T17:44:57.801963,Recipe_B,610592ff-dcbe-4f1d-8eb4-f593c5d7ac78,2,0.0,,,,0.0,0.0,0.0,0.0,0.0,0.0
2025-12-15T17:44:58.801963,Recipe_B,610592ff-dcbe-4f1d-8eb4-f593c5d7ac78,2,0.0,,,,0.0,0.0,0.0,0.0,0.0,0.0
2025-12-15T17:44:59.801963,Recipe_B,610592ff-dcbe-4f1d-8eb4-f593c5d7ac78,2,0.0,,,,0.0,0.0,0.0,0.0,0.0,0.0
2025-12-15T17:45:00.801963,Recipe_B,610592ff-dcbe-4f1d-8eb4-f593c5d7ac78,2,0.0,,,,0.0,0.0,0.0,0.0,0.0,0.0
2025-12-15T17:45:01.801963,Recipe_B,610592ff-dcbe-4f1d-8eb4-f593c5d7ac78,2,0.0,,,,0.0,0.0,0.0,0.0,0.0,0.0
2025-12-15T17:45:02.801963,Recipe_B,610592ff-dcbe-4f1d-8eb4-f593c5d7ac78,2,0.0,,,,0.0,0.0,0.0,0.0,0.0,0.0
2025-12-15T17:45:03.801963,Recipe_B,610592ff-dcbe-4f1d-8eb4-f593c5d7ac78,2,0.0,,,,0.0,0.0,0.0,0.0,0.0,0.0
2025-12-15T17:45:04.801963,Recipe_B,610592ff-dcbe-4f1d-8eb4-f593c5d7ac78,2,0.0,,,,0.0,0.0,0.0,0.0,0.0,0.0
2025-12-15T17:45:05.801963,Recipe_B,610592ff-dcbe-4f1d-8eb4-f593c5d7ac78,2,0.0,,,,0.0,0.0,0.0,0.0,0.0,0.0
2025-12-15T17:45:06.801963,Recipe_B,610592ff-dcbe-4f1d-8eb4-f593c5d7ac78,2,0.0,,,,0.0,0.0,0.0,0.0,0.0,0.0
2025-12-15T17:45:07.801963,Recipe_B,610592ff-dcbe-4f1d-8eb4-f593c5d7ac78,2,0.0,,,,0.0,0.0,0.0,0.0,0.0,0.0
2025-12-15T17:45:08.801963,Recipe_B,610592ff-dcbe-4f1d-8eb4-f593c5d7ac78,2,0.0,,,,0.0,0.0,0.0,0.0,0.0,0.0
2025-12-15T17:45:09.801963,Recipe_B,610592ff-dcbe-4f1d-8eb4-f593c5d7ac78,2,2.0,,,,9.28,8.93,8.9,11.19,10.07,7.34
2025-12-15T17:45:10.801963,Recipe_B,610592ff-dcbe-4f1d-8eb4-f593c5d7ac78,2,4.0,,,,90.33,48.5,59.01,46.63,49.65,50.2
2025-12-15T17:45:11.801963,Recipe_B,610592ff-dcbe-4f1d-8eb4-f593c5d7ac78,2,4.0,,,,93.53,46.93,50.8,52.77,46.61,56.72
2025-12-15T17:45:12.801963,Recipe_B,610592ff-dcbe-4f1d-8eb4-f593c5d7ac78,2,4.0,,,,105.02,52.32,50.52,47.19,44.56,59.63
2025-12-15T17:45:13.801963,Recipe_B,610592ff-dcbe-4f1d-8eb4-f593c5d7ac78,2,4.0,,,,100.38,50.27,58.94,43.38,52.36,50.35
2025-12-15T17:45:14.801963,Recipe_B,610592ff-dcbe-4f1d-8eb4-f593c5d7ac78,2,4.0,,,,108.21,48.58,47.91,49.58,55.45,46.04
2025-12-15T17:45:15.801963,Recipe_B,610592ff-dcbe-4f1d-8eb4-f593c5d7ac78,2,4.0,,,,102.54,45.84,53.71,57.01,52.4,45.33
2025-12-15T17:45:16.801963,Recipe_B,610592ff-dcbe-4f1d-8eb4-f593c5d7ac78,2,4.0,,,,95.22,41.21,36.73,50.34,52.19,49.67
2025-12-15T17:45:17.801963,Recipe_B,610592ff-dcbe-4f1d-8eb4-f593c5d7ac78,2,4.0,,,,91.69,55.44,40.26,48.2,50.89,54.56
2025-12-15T17:45:18.801963,Recipe_B,610592ff-dcbe-4f1d-8eb4-f593c5d7ac78,2,4.0,,,,95.16,46.22,45.95,62.2,57.09,50.99
2025-12-15T17:45:19.801963,Recipe_B,610592ff-dcbe-4f1d-8eb4-f593c5d7ac78,2,4.0,,,,102.85,58.5,43.02,45.83,44.07,52.74
2025-12-15T17:45:20.801963,Recipe_B,610592ff-dcbe-4f1d-8eb4-f593c5d7ac78,2,4.0,,,,92.84,55.21,47.81,44.64,45.71,45.39
2025-12-15T17:45:21.801963,Recipe_B,610592ff-dcbe-4f1d-8eb4-f593c5d7ac78,2,4.0,,,,98.21,46.08,46.17,53.33,46.78,47.16
2025-12-15T17:45:22.801963,Recipe_B,610592ff-dcbe-4f1d-8eb4-f593c5d7ac78,2,4.0,,,,102.53,53.64,43.45,51.15,50.94,57.28
2025-12-15T17:45:23.801963,Recipe_B,610592ff-dcbe-4f1d-8eb4-f593c5d7ac78,2,4.0,,,,103.17,51.34,41.38,52.37,45.44,54.11
2025-12-15T17:45:24.801963,Recipe_B,610592ff-dcbe-4f1d-8eb4-f593c5d7ac78,2,4.0,,,,87.6,49.01,45.44,48.23,51.32,46.66
2025-12-15T17:45:25.801963,Recipe_B,610592ff-dcbe-4f1d-8eb4-f593c5d7ac78,2,4.0,,,,107.51,46.33,47.5,51.67,51.68,54.86
2025-12-15T17:45:26.801963,Recipe_B,610592ff-dcbe-4f1d-8eb4-f593c5d7ac78,2,4.0,,,,100.39,47.4,45.22,58.89,42.93,55.69
2025-12-15T17:45:27.801963,Recipe_B,610592ff-dcbe-4f1d-8eb4-f593c5d7ac78,2,4.0,,,,97.04,48.05,64.04,49.76,53.75,53.54
2025-12-15T17:45:28.801963,Recipe_B,610592ff-dcbe-4f1d-8eb4-f593c5d7ac78,2,4.0,,,,98.45,52.96,47.23,56.1,48.78,48.68
2025-12-15T17:45:29.801963,Recipe_B,610592ff-dcbe-4f1d-8eb4-f593c5d7ac78,2,4.0,,,,87.37,53.25,51.23,53.22,45.91,40.16
2025-12-15T17:45:30.801963,Recipe_B,610592ff-dcbe-4f1d-8eb4-f593c5d7ac78,2,4.0,,,,107.87,53.11,50.61,58.38,58.14,44.23
2025-12-15T17:45:31.801963,Recipe_B,610592ff-dcbe-4f1d-8eb4-f593c5d7ac78,2,4.0,,,,99.85,63.67,50.87,46.27,43.15,52.64
2025-12-15T17:45:32.801963,Recipe_B,610592ff-dcbe-4f1d-8eb4-f593c5d7ac78,2,4.0,,,,97.32,54.81,50.31,49.93,53.62,56.85
2025-12-15T17:45:33.801963,Recipe_B,610592ff-dcbe-4f1d-8eb4-f593c5d7ac78,2,4.0,,,,97.81,48.64,52.65,47.51,56.63,46.86
2025-12-15T17:45:34.801963,Recipe_B,610592ff-dcbe-4f1d-8eb4-f593c5d7ac78,2,4.0,,,,109.82,55.19,44.39,48.31,52.85,53.26
2025-12-15T17:45:35.801963,Recipe_B,610592ff-dcbe-4f1d-8eb4-f593c5d7ac78,2,4.0,,,,107.91,50.86,58.1,49.1,67.34,46.19
2025-12-15T17:45:36.801963,Recipe_B,610592ff-dcbe-4f1d-8eb4-f593c5d7ac78,2,4.0,,,,97.75,52.72,51.56,52.1,50.66,44.88
2025-12-15T17:45:37.801963,Recipe_B,610592ff-dcbe-4f1d-8eb4-f593c5d7ac78,2,4.0,,,,95.98,51.22,47.0,42.96,53.64,52.19
2025-12-15T17:45:38.801963,Recipe_B,610592ff-dcbe-4f1d-8eb4-f593c5d7ac78,2,4.0,,,,105.14,53.78,60.92,49.29,48.03,61.03
2025-12-15T17:45:39.801963,Recipe_B,610592ff-dcbe-4f1d-8eb4-f593c5d7ac78,2,4.0,,,,103.52,57.14,44.84,46.68,48.34,49.03
2025-12-15T17:45:40.801963,Recipe_B,610592ff-dcbe-4f1d-8eb4-f593c5d7ac78,2,1.0,,,,9.47,8.25,10.01,10.9,9.96,10.43
2025-12-15T17:45:41.801963,Recipe_B,610592ff-dcbe-4f1d-8eb4-f593c5d7ac78,2,1.0,,,,10.05,6.64,9.27,5.57,8.26,9.06
2025-12-15T17:45:42.801963,Recipe_B,610592ff-dcbe-4f1d-8eb4-f593c5d7ac78,2,1.0,,,,8.32,11.92,10.32,12.25,11.25,9.24
2025-12-15T17:45:43.801963,Recipe_B,610592ff-dcbe-4f1d-8eb4-f593c5d7ac78,2,1.0,,,,11.95,9.09,10.68,10.85,10.4,12.37
2025-12-15T17:45:44.801963,Recipe_B,610592ff-dcbe-4f1d-8eb4-f593c5d7ac78,2,1.0,,,,8.49,10.67,10.31,10.32,9.13,11.07
2025-12-15T17:45:45.801963,Recipe_B,610592ff-dcbe-4f1d-8eb4-f593c5d7ac78,2,1.0,,,,11.56,11.85,6.99,11.32,8.25,8.29
2025-12-15T17:45:46.801963,Recipe_B,610592ff-dcbe-4f1d-8eb4-f593c5d7ac78,2,1.0,,,,9.46,7.5,5.86,11.31,11.03,10.31
2025-12-15T17:45:47.801963,Recipe_B,610592ff-dcbe-4f1d-8eb4-f593c5d7ac78,2,1.0,,,,9.98,5.15,11.63,9.71,9.34,7.64
2025-12-15T17:45:48.801963,Recipe_B,610592ff-dcbe-4f1d-8eb4-f593c5d7ac78,2,1.0,,,,8.19,10.59,10.73,14.02,7.31,8.89
2025-12-15T17:45:49.801963,Recipe_B,610592ff-dcbe-4f1d-8eb4-f593c5d7ac78,2,1.0,,,,5.87,12.83,7.41,12.63,10.59,13.22
2025-12-15T17:45:50.801963,Recipe_B,610592ff-dcbe-4f1d-8eb4-f593c5d7ac78,2,5.0,,,,10.52,7.46,8.42,8.93,7.07,10.37
2025-12-15T17:45:51.801963,Recipe_B,610592ff-dcbe-4f1d-8eb4-f593c5d7ac78,2,5.0,,,,10.0,8.34,13.67,9.87,12.76,6.21
2025-12-15T17:45:52.801963,Recipe_B,610592ff-dcbe-4f1d-8eb4-f593c5d7ac78,2,5.0,,,,10.7,12.47,13.0,6.21,12.0,8.35
2025-12-15T17:45:53.801963,Recipe_B,610592ff-dcbe-4f1d-8eb4-f593c5d7ac78,2,5.0,,,,12.5,5.89,11.31,8.83,10.05,10.59
2025-12-15T17:45:54.801963,Recipe_B,610592ff-dcbe-4f1d-8eb4-f593c5d7ac78,2,5.0,,,,10.24,13.72,8.55,12.14,9.95,9.29
2025-12-15T17:45:55.801963,Recipe_B,610592ff-dcbe-4f1d-8eb4-f593c5d7ac78,2,5.0,,,,8.87,11.59,6.25,9.51,14.18,9.49
2025-12-15T17:45:56.801963,Recipe_B,610592ff-dcbe-4f1d-8eb4-f593c5d7ac78,2,5.0,,,,11.18,8.71,12.16,11.84,7.96,11.92
2025-12-15T17:45:57.801963,Recipe_B,610592ff-dcbe-4f1d-8eb4-f593c5d7ac78,2,5.0,,,,6.75,8.08,13.08,10.28,7.27,7.89
2025-12-15T17:45:58.801963,Recipe_B,610592ff-dcbe-4f1d-8eb4-f593c5d7ac78,2,5.0,,,,12.26,10.54,8.89,7.89,8.76,6.28
2025-12-15T17:45:59.801963,Recipe_B,610592ff-dcbe-4f1d-8eb4-f593c5d7ac78,2,5.0,,,,10.13,8.24,9.15,8.08,9.45,12.48
2025-12-15T17:46:00.801963,Recipe_B,610592ff-dcbe-4f1d-8eb4-f593c5d7ac78,2,5.0,,,,11.41,10.95,7.83,9.63,11.76,11.84
2025-12-15T17:46:01.801963,Recipe_B,610592ff-dcbe-4f1d-8eb4-f593c5d7ac78,2,5.0,,,,7.87,5.86,10.94,9.88,9.59,12.06
2025-12-15T17:46:02.801963,Recipe_B,610592ff-dcbe-4f1d-8eb4-f593c5d7ac78,2,5.0,,,,12.09,6.71,6.32,13.09,11.7,11.82
2025-12-15T17:46:03.801963,Recipe_B,610592ff-dcbe-4f1d-8eb4-f593c5d7ac78,2,5.0,,,,7.59,12.53,9.76,10.82,6.28,12.91
2025-12-15T17:46:04.801963,Recipe_B,610592ff-dcbe-4f1d-8eb4-f593c5d7ac78,2,5.0,,,,8.63,11.07,9.71,10.57,14.49,12.04
2025-12-15T17:46:05.801963,Recipe_B,610592ff-dcbe-4f1d-8eb4-f593c5d7ac78,2,5.0,,,,7.66,14.56,9.97,10.3,9.21,10.12
2025-12-15T17:46:06.801963,Recipe_B,610592ff-dcbe-4f1d-8eb4-f593c5d7ac78,2,4.0,,,,95.17,48.58,52.63,37.44,50.66,51.24
2025-12-15T17:46:07.801963,Recipe_B,610592ff-dcbe-4f1d-8eb4-f593c5d7ac78,2,4.0,,,,93.48,55.08,48.54,54.14,48.05,54.48
2025-12-15T17:46:08.801963,Recipe_B,610592ff-dcbe-4f1d-8eb4-f593c5d7ac78,2,4.0,,,,106.08,44.69,46.57,46.36,39.68,47.46
2025-12-15T17:46:09.801963,Recipe_B,610592ff-dcbe-4f1d-8eb4-f593c5d7ac78,2,4.0,,,,109.55,58.65,48.31,39.86,48.83,56.41
2025-12-15T17:46:10.801963,Recipe_B,610592ff-dcbe-4f1d-8eb4-f593c5d7ac78,2,4.0,,,,98.06,44.32,45.82,55.1,45.53,52.43
2025-12-15T17:46:11.801963,Recipe_B,610592ff-dcbe-4f1d-8eb4-f593c5d7ac78,2,4.0,,,,99.44,56.97,41.02,43.95,56.47,53.25
2025-12-15T17:46:12.801963,Recipe_B,610592ff-dcbe-4f1d-8eb4-f593c5d7ac78,2,4.0,,,,94.02,53.22,56.34,51.88,55.22,45.06
2025-12-15T17:46:13.801963,Recipe_B,610592ff-dcbe-4f1d-8eb4-f593c5d7ac78,2,4.0,,,,111.33,49.32,44.52,46.85,55.68,58.72
2025-12-15T17:46:14.801963,Recipe_B,610592ff-dcbe-4f1d-8eb4-f593c5d7ac78,2,4.0,,,,103.99,46.54,48.03,52.54,40.56,52.43
2025-12-15T17:46:15.801963,Recipe_B,610592ff-dcbe-4f1d-8eb4-f593c5d7ac78,2,4.0,,,,97.68,52.79,60.44,49.27,48.08,49.85
2025-12-15T17:46:16.801963,Recipe_B,610592ff-dcbe-4f1d-8eb4-f593c5d7ac78,2,3.0,,,,10.8,10.49,7.89,8.44,11.85,6.99
2025-12-15T17:46:17.801963,Recipe_B,610592ff-dcbe-4f1d-8eb4-f593c5d7ac78,2,3.0,,,,11.24,9.37,12.63,9.99,10.82,8.58
2025-12-15T17:46:18.801963,Recipe_B,610592ff-dcbe-4f1d-8eb4-f593c5d7ac78,2,3.0,,,,8.42,9.0,7.76,10.14,10.52,11.45
2025-12-15T17:46:19.801963,Recipe_B,610592ff-dcbe-4f1d-8eb4-f593c5d7ac78,2,3.0,,,,12.9,8.34,8.21,10.02,9.85,11.24
2025-12-15T17:46:20.801963,Recipe_B,610592ff-dcbe-4f1d-8eb4-f593c5d7ac78,2,3.0,,,,6.95,11.22,12.46,9.65,9.38,10.71
2025-12-15T17:46:21.801963,Recipe_B,610592ff-dcbe-4f1d-8eb4-f593c5d7ac78,2,3.0,,,,12.17,15.52,9.96,9.88,12.4,11.31
2025-12-15T17:46:22.801963,Recipe_B,610592ff-dcbe-4f1d-8eb4-f593c5d7ac78,2,3.0,,,,15.27,10.95,9.48,11.63,10.99,11.92
2025-12-15T17:46:23.801963,Recipe_B,610592ff-dcbe-4f1d-8eb4-f593c5d7ac78,2,3.0,,,,8.6,13.18,11.41,15.29,7.83,10.06
2025-12-15T17:46:24.801963,Recipe_B,610592ff-dcbe-4f1d-8eb4-f593c5d7ac78,2,3.0,,,,8.4,14.7,7.92,8.75,13.38,10.07
2025-12-15T17:46:25.801963,Recipe_B,610592ff-dcbe-4f1d-8eb4-f593c5d7ac78,2,3.0,,,,8.4,8.04,10.74,8.16,6.36,11.2
2025-12-15T17:46:26.801963,Recipe_B,610592ff-dcbe-4f1d-8eb4-f593c5d7ac78,2,3.0,,,,10.61,13.4,10.55,9.07,11.1,8.86
2025-12-15T17:46:27.801963,Recipe_B,610592ff-dcbe-4f1d-8eb4-f593c5d7ac78,2,3.0,,,,13.91,9.24,12.55,10.42,10.58,10.45
2025-12-15T17:46:28.801963,Recipe_B,610592ff-dcbe-4f1d-8eb4-f593c5d7ac78,2,3.0,,,,12.7,7.97,7.84,7.51,10.22,9.05
2025-12-15T17:46:29.801963,Recipe_B,610592ff-dcbe-4f1d-8eb4-f593c5d7ac78,2,2.0,,,,8.29,10.39,7.72,10.27,8.79,8.43
2025-12-15T17:46:30.801963,Recipe_B,610592ff-dcbe-4f1d-8eb4-f593c5d7ac78,2,2.0,,,,12.39,8.76,12.15,9.02,7.96,11.25
2025-12-15T17:46:31.801963,Recipe_B,610592ff-dcbe-4f1d-8eb4-f593c5d7ac78,2,2.0,,,,9.8,8.94,13.52,11.58,11.24,12.52
2025-12-15T17:46:32.801963,Recipe_B,610592ff-dcbe-4f1d-8eb4-f593c5d7ac78,2,2.0,,,,11.42,12.21,11.32,9.2,8.48,10.65
2025-12-15T17:46:33.801963,Recipe_B,610592ff-dcbe-4f1d-8eb4-f593c5d7ac78,2,2.0,,,,6.81,8.11,10.59,10.35,11.68,9.79
2025-12-15T17:46:34.801963,Recipe_B,610592ff-dcbe-4f1d-8eb4-f593c5d7ac78,2,2.0,,,,10.09,11.69,10.89,14.06,8.07,10.42
2025-12-15T17:46:35.801963,Recipe_B,610592ff-dcbe-4f1d-8eb4-f593c5d7ac78,2,2.0,,,,9.55,8.13,12.51,7.45,10.16,10.65
2025-12-15T17:46:36.801963,Recipe_B,610592ff-dcbe-4f1d-8eb4-f593c5d7ac78,2,2.0,,,,11.21,8.0,7.71,12.55,15.32,10.11
2025-12-15T17:46:37.801963,Recipe_B,610592ff-dcbe-4f1d-8eb4-f593c5d7ac78,2,2.0,,,,9.58,12.03,8.6,8.94,9.29,9.62
2025-12-15T17:46:38.801963,Recipe_B,610592ff-dcbe-4f1d-8eb4-f593c5d7ac78,2,2.0,,,,10.17,10.58,9.18,13.69,13.01,8.83
2025-12-15T17:46:39.801963,Recipe_B,610592ff-dcbe-4f1d-8eb4-f593c5d7ac78,2,2.0,,,,8.56,11.57,9.55,11.79,11.34,11.46
2025-12-15T17:46:40.801963,Recipe_B,610592ff-dcbe-4f1d-8eb4-f593c5d7ac78,2,2.0,,,,7.5,8.38,11.06,13.53,8.83,14.57
2025-12-15T17:46:41.801963,Recipe_B,610592ff-dcbe-4f1d-8eb4-f593c5d7ac78,2,2.0,,,,8.25,11.5,13.85,13.08,11.82,10.38
2025-12-15T17:46:42.801963,Recipe_B,610592ff-dcbe-4f1d-8eb4-f593c5d7ac78,2,2.0,,,,8.58,8.97,11.11,10.78,11.21,7.38
2025-12-15T17:46:43.801963,Recipe_B,610592ff-dcbe-4f1d-8eb4-f593c5d7ac78,2,2.0,,,,12.8,10.65,14.77,9.56,11.69,9.42
2025-12-15T17:46:44.801963,Recipe_B,610592ff-dcbe-4f1d-8eb4-f593c5d7ac78,2,2.0,,,,7.78,11.34,11.03,11.56,8.45,11.27
2025-12-15T17:46:45.801963,Recipe_B,610592ff-dcbe-4f1d-8eb4-f593c5d7ac78,2,2.0,,,,8.74,9.29,7.55,5.93,8.61,14.25
2025-12-15T17:46:46.801963,Recipe_B,610592ff-dcbe-4f1d-8eb4-f593c5d7ac78,2,2.0,,,,10.25,13.78,7.93,10.0,10.52,8.44
2025-12-15T17:46:47.801963,Recipe_B,610592ff-dcbe-4f1d-8eb4-f593c5d7ac78,2,2.0,,,,11.79,9.96,9.54,10.5,9.03,10.4
2025-12-15T17:46:48.801963,Recipe_B,610592ff-dcbe-4f1d-8eb4-f593c5d7ac78,2,2.0,,,,9.17,11.42,5.81,9.25,10.55,12.71
2025-12-15T17:46:49.801963,Recipe_B,610592ff-dcbe-4f1d-8eb4-f593c5d7ac78,2,1.0,,,,10.65,8.3,8.51,11.17,10.67,10.69
2025-12-15T17:46:50.801963,Recipe_B,610592ff-dcbe-4f1d-8eb4-f593c5d7ac78,2,1.0,,,,10.95,11.8,10.48,9.34,10.46,7.94
2025-12-15T17:46:51.801963,Recipe_B,610592ff-dcbe-4f1d-8eb4-f593c5d7ac78,2,1.0,,,,8.84,10.99,14.36,10.19,11.6,9.53
2025-12-15T17:46:52.801963,Recipe_B,610592ff-dcbe-4f1d-8eb4-f593c5d7ac78,2,1.0,,,,13.41,11.91,9.01,12.53,9.25,10.82
2025-12-15T17:46:53.801963,Recipe_B,610592ff-dcbe-4f1d-8eb4-f593c5d7ac78,2,1.0,,,,9.99,8.95,9.86,8.25,11.35,14.46
2025-12-15T17:46:54.801963,Recipe_B,610592ff-dcbe-4f1d-8eb4-f593c5d7ac78,2,1.0,,,,7.22,12.32,10.69,10.64,10.78,9.51
2025-12-15T17:46:55.801963,Recipe_B,610592ff-dcbe-4f1d-8eb4-f593c5d7ac78,2,1.0,,,,8.42,11.39,9.03,9.48,11.7,6.86
2025-12-15T17:46:56.801963,Recipe_B,610592ff-dcbe-4f1d-8eb4-f593c5d7ac78,2,1.0,,,,10.06,9.05,7.47,8.31,11.04,10.71
2025-12-15T17:46:57.801963,Recipe_B,610592ff-dcbe-4f1d-8eb4-f593c5d7ac78,2,1.0,,,,8.79,7.96,10.58,9.52,8.74,11.6
2025-12-15T17:46:58.801963,Recipe_B,610592ff-dcbe-4f1d-8eb4-f593c5d7ac78,2,1.0,,,,9.79,10.5,8.69,10.62,11.98,9.87
2025-12-15T17:46:59.801963,Recipe_B,610592ff-dcbe-4f1d-8eb4-f593c5d7ac78,2,1.0,,,,10.01,10.66,11.97,11.26,11.87,9.48
2025-12-15T17:47:00.801963,Recipe_B,610592ff-dcbe-4f1d-8eb4-f593c5d7ac78,2,1.0,,,,8.56,12.04,9.56,9.75,11.32,12.7
2025-12-15T17:47:01.801963,Recipe_B,610592ff-dcbe-4f1d-8eb4-f593c5d7ac78,2,1.0,,,,11.81,12.64,8.86,13.18,12.62,11.42
2025-12-15T17:47:02.801963,Recipe_B,610592ff-dcbe-4f1d-8eb4-f593c5d7ac78,2,1.0,,,,8.08,7.66,10.2,11.58,12.59,9.55
2025-12-15T17:47:03.801963,Recipe_B,610592ff-dcbe-4f1d-8eb4-f593c5d7ac78,2,1.0,,,,9.93,8.66,8.4,12.95,8.99,6.88
2025-12-15T17:47:04.801963,Recipe_B,610592ff-dcbe-4f1d-8eb4-f593c5d7ac78,2,1.0,,,,12.27,8.73,10.39,13.91,9.31,11.26
2025-12-15T17:47:05.801963,Recipe_B,610592ff-dcbe-4f1d-8eb4-f593c5d7ac78,2,1.0,,,,9.97,9.13,8.22,5.95,13.76,8.85
2025-12-15T17:47:06.801963,Recipe_B,610592ff-dcbe-4f1d-8eb4-f593c5d7ac78,2,1.0,,,,9.85,8.3,5.61,13.3,9.85,9.62
2025-12-15T17:47:07.801963,Recipe_B,610592ff-dcbe-4f1d-8eb4-f593c5d7ac78,2,1.0,,,,10.2,10.51,7.86,14.41,7.34,11.22
2025-12-15T17:47:08.801963,Recipe_B,610592ff-dcbe-4f1d-8eb4-f593c5d7ac78,2,1.0,,,,9.22,8.6,10.08,11.87,7.16,5.04
2025-12-15T17:47:09.801963,Recipe_B,610592ff-dcbe-4f1d-8eb4-f593c5d7ac78,2,1.0,,,,9.82,8.49,7.61,11.49,10.48,10.1
2025-12-15T17:47:10.801963,Recipe_B,610592ff-dcbe-4f1d-8eb4-f593c5d7ac78,2,1.0,,,,11.22,6.71,12.88,13.54,8.45,8.43
2025-12-15T17:47:11.801963,Recipe_B,610592ff-dcbe-4f1d-8eb4-f593c5d7ac78,2,1.0,,,,7.75,11.27,9.45,7.07,10.5,7.09
2025-12-15T17:47:12.801963,Recipe_B,610592ff-dcbe-4f1d-8eb4-f593c5d7ac78,2,1.0,,,,9.99,9.83,10.9,11.78,9.5,9.01
2025-12-15T17:47:13.801963,Recipe_B,610592ff-dcbe-4f1d-8eb4-f593c5d7ac78,2,1.0,,,,9.31,9.49,15.29,5.78,9.95,12.72
2025-12-15T17:47:14.801963,Recipe_B,610592ff-dcbe-4f1d-8eb4-f593c5d7ac78,2,1.0,,,,8.88,7.53,11.24,9.65,11.82,12.02
2025-12-15T17:47:15.801963,Recipe_B,610592ff-dcbe-4f1d-8eb4-f593c5d7ac78,2,1.0,,,,9.08,11.72,10.59,11.65,7.05,11.54
2025-12-15T17:47:16.801963,Recipe_B,610592ff-dcbe-4f1d-8eb4-f593c5d7ac78,2,1.0,,,,6.51,14.95,8.26,8.19,8.89,9.65
2025-12-15T17:47:17.801963,Recipe_B,610592ff-dcbe-4f1d-8eb4-f593c5d7ac78,2,1.0,,,,7.06,8.6,11.98,7.08,8.76,9.38
2025-12-15T17:47:18.801963,Recipe_B,610592ff-dcbe-4f1d-8eb4-f593c5d7ac78,2,1.0,,,,12.3,9.92,12.7,9.62,13.68,11.51
2025-12-15T17:47:19.801963,Recipe_B,610592ff-dcbe-4f1d-8eb4-f593c5d7ac78,2,1.0,,,,12.8,8.54,7.98,13.55,11.76,12.3
2025-12-15T17:47:20.801963,Recipe_B,610592ff-dcbe-4f1d-8eb4-f593c5d7ac78,2,1.0,,,,9.43,12.62,13.31,9.1,8.9,9.73
2025-12-15T17:47:21.801963,Recipe_B,610592ff-dcbe-4f1d-8eb4-f593c5d7ac78,2,1.0,,,,12.18,7.98,12.92,10.83,12.44,13.41
2025-12-15T17:47:22.801963,Recipe_B,610592ff-dcbe-4f1d-8eb4-f593c5d7ac78,2,1.0,,,,7.99,10.53,8.08,9.2,10.57,10.0
2025-12-15T17:47:23.801963,Recipe_B,610592ff-dcbe-4f1d-8eb4-f593c5d7ac78,2,1.0,,,,13.27,9.49,8.1,12.67,7.64,11.4
2025-12-15T17:47:24.801963,Recipe_B,610592ff-dcbe-4f1d-8eb4-f593c5d7ac78,2,1.0,,,,11.92,13.24,7.34,10.59,8.98,8.41
2025-12-15T17:47:25.801963,Recipe_B,610592ff-dcbe-4f1d-8eb4-f593c5d7ac78,2,1.0,,,,8.27,9.13,10.4,9.42,8.45,5.65
2025-12-15T17:47:26.801963,Recipe_B,610592ff-dcbe-4f1d-8eb4-f593c5d7ac78,2,1.0,,,,10.45,10.28,12.63,11.17,10.55,11.96
2025-12-15T17:47:27.801963,Recipe_B,610592ff-dcbe-4f1d-8eb4-f593c5d7ac78,2,1.0,,,,8.74,13.07,5.28,10.12,10.21,11.32
2025-12-15T17:47:28.801963,Recipe_B,610592ff-dcbe-4f1d-8eb4-f593c5d7ac78,2,1.0,,,,9.02,9.17,6.11,10.97,7.54,5.83
2025-12-15T17:47:29.801963,Recipe_B,610592ff-dcbe-4f1d-8eb4-f593c5d7ac78,2,1.0,,,,10.25,11.82,6.69,9.63,9.18,6.87
2025-12-15T17:47:30.801963,Recipe_B,610592ff-dcbe-4f1d-8eb4-f593c5d7ac78,2,1.0,,,,7.59,9.24,10.63,11.47,8.58,4.0
2025-12-15T17:47:31.801963,Recipe_B,610592ff-dcbe-4f1d-8eb4-f593c5d7ac78,2,1.0,,,,8.86,10.0,9.9,10.58,9.93,11.24
2025-12-15T17:47:32.801963,Recipe_B,610592ff-dcbe-4f1d-8eb4-f593c5d7ac78,2,1.0,,,,7.83,11.57,7.96,10.69,11.05,10.05
2025-12-15T17:47:33.801963,Recipe_B,610592ff-dcbe-4f1d-8eb4-f593c5d7ac78,2,1.0,,,,8.57,8.49,7.48,12.14,8.88,10.56
2025-12-15T17:47:34.801963,Recipe_B,610592ff-dcbe-4f1d-8eb4-f593c5d7ac78,2,1.0,,,,10.93,10.82,8.12,5.11,12.5,12.85
2025-12-15T17:47:35.801963,Recipe_B,610592ff-dcbe-4f1d-8eb4-f593c5d7ac78,2,1.0,,,,13.92,10.13,9.18,10.53,8.67,11.24
2025-12-15T17:47:36.801963,Recipe_B,610592ff-dcbe-4f1d-8eb4-f593c5d7ac78,2,1.0,,,,8.08,12.63,12.26,9.62,11.85,9.27
2025-12-15T17:47:37.801963,Recipe_B,610592ff-dcbe-4f1d-8eb4-f593c5d7ac78,2,1.0,,,,11.57,12.81,11.39,10.8,12.88,8.0
2025-12-15T17:47:38.801963,Recipe_B,610592ff-dcbe-4f1d-8eb4-f593c5d7ac78,2,1.0,,,,8.19,10.34,9.41,9.24,7.83,13.59
2025-12-15T17:47:39.801963,Recipe_B,610592ff-dcbe-4f1d-8eb4-f593c5d7ac78,2,1.0,,,,8.53,7.35,7.49,6.9,10.29,8.99
2025-12-15T17:47:40.801963,Recipe_B,610592ff-dcbe-4f1d-8eb4-f593c5d7ac78,2,2.0,,,,9.31,12.95,11.7,12.76,10.82,10.11
2025-12-15T17:47:41.801963,Recipe_B,610592ff-dcbe-4f1d-8eb4-f593c5d7ac78,2,2.0,,,,8.05,10.85,14.06,10.18,12.93,5.92
2025-12-15T17:47:42.801963,Recipe_B,610592ff-dcbe-4f1d-8eb4-f593c5d7ac78,2,2.0,,,,12.89,10.01,10.72,12.01,11.17,10.28
2025-12-15T17:47:43.801963,Recipe_B,610592ff-dcbe-4f1d-8eb4-f593c5d7ac78,2,2.0,,,,8.41,8.26,8.85,11.83,9.02,8.42
2025-12-15T17:47:44.801963,Recipe_B,610592ff-dcbe-4f1d-8eb4-f593c5d7ac78,2,2.0,,,,6.5,11.57,10.68,9.73,12.94,10.51
2025-12-15T17:47:45.801963,Recipe_B,610592ff-dcbe-4f1d-8eb4-f593c5d7ac78,2,2.0,,,,5.42,8.14,10.59,8.45,12.96,10.51
2025-12-15T17:47:46.801963,Recipe_B,610592ff-dcbe-4f1d-8eb4-f593c5d7ac78,2,2.0,,,,8.46,10.4,12.87,5.75,8.7,9.26
2025-12-15T17:47:47.801963,Recipe_B,610592ff-dcbe-4f1d-8eb4-f593c5d7ac78,2,2.0,,,,9.47,12.4,8.23,12.09,7.31,9.65
2025-12-15T17:47:48.801963,Recipe_B,610592ff-dcbe-4f1d-8eb4-f593c5d7ac78,2,2.0,,,,11.14,11.43,7.64,11.89,8.79,13.31
2025-12-15T17:47:49.801963,Recipe_B,610592ff-dcbe-4f1d-8eb4-f593c5d7ac78,2,2.0,,,,9.98,8.4,13.23,9.62,14.44,6.25
2025-12-15T17:47:50.801963,Recipe_B,610592ff-dcbe-4f1d-8eb4-f593c5d7ac78,2,2.0,,,,8.4,9.06,12.72,7.44,13.17,8.49
2025-12-15T17:47:51.801963,Recipe_B,610592ff-dcbe-4f1d-8eb4-f593c5d7ac78,2,2.0,,,,10.7,9.47,7.96,12.06,7.47,13.81
2025-12-15T17:47:52.801963,Recipe_B,610592ff-dcbe-4f1d-8eb4-f593c5d7ac78,2,2.0,,,,11.25,10.93,11.34,8.63,12.62,10.11
2025-12-15T17:47:53.801963,Recipe_B,610592ff-dcbe-4f1d-8eb4-f593c5d7ac78,2,2.0,,,,8.21,11.06,11.71,11.35,10.13,7.92
2025-12-15T17:47:54.801963,Recipe_B,610592ff-dcbe-4f1d-8eb4-f593c5d7ac78,2,2.0,,,,9.94,9.22,11.94,12.51,12.36,7.42
2025-12-15T17:47:55.801963,Recipe_B,610592ff-dcbe-4f1d-8eb4-f593c5d7ac78,2,2.0,,,,9.48,10.63,11.36,9.4,7.64,9.99
2025-12-15T17:47:56.801963,Recipe_B,610592ff-dcbe-4f1d-8eb4-f593c5d7ac78,2,2.0,,,,10.62,8.75,8.96,12.16,11.89,7.34
2025-12-15T17:47:57.801963,Recipe_B,610592ff-dcbe-4f1d-8eb4-f593c5d7ac78,2,2.0,,,,7.46,8.21,5.32,12.6,9.64,8.47
2025-12-15T17:47:58.801963,Recipe_B,610592ff-dcbe-4f1d-8eb4-f593c5d7ac78,2,2.0,,,,11.89,11.88,7.55,10.52,12.9,10.22
2025-12-15T17:47:59.801963,Recipe_B,610592ff-dcbe-4f1d-8eb4-f593c5d7ac78,2,2.0,,,,14.87,8.63,13.39,12.18,11.41,10.52
2025-12-15T17:48:00.801963,Recipe_B,610592ff-dcbe-4f1d-8eb4-f593c5d7ac78,2,5.0,,,,10.48,12.67,6.85,13.48,12.73,8.9
2025-12-15T17:48:01.801963,Recipe_B,610592ff-dcbe-4f1d-8eb4-f593c5d7ac78,2,5.0,,,,10.32,9.65,12.22,11.74,10.82,11.04
2025-12-15T17:48:02.801963,Recipe_B,610592ff-dcbe-4f1d-8eb4-f593c5d7ac78,2,5.0,,,,12.32,9.38,8.1,9.72,9.13,7.04
2025-12-15T17:48:03.801963,Recipe_B,610592ff-dcbe-4f1d-8eb4-f593c5d7ac78,2,5.0,,,,9.83,9.31,10.3,14.25,5.83,10.75
2025-12-15T17:48:04.801963,Recipe_B,610592ff-dcbe-4f1d-8eb4-f593c5d7ac78,2,5.0,,,,10.76,12.96,11.8,9.6,8.45,9.93
2025-12-15T17:48:05.801963,Recipe_B,610592ff-dcbe-4f1d-8eb4-f593c5d7ac78,2,5.0,,,,9.91,9.65,10.6,11.41,8.09,15.15
2025-12-15T17:48:06.801963,Recipe_B,610592ff-dcbe-4f1d-8eb4-f593c5d7ac78,2,5.0,,,,8.17,9.12,6.57,13.19,10.38,10.09
2025-12-15T17:48:07.801963,Recipe_B,610592ff-dcbe-4f1d-8eb4-f593c5d7ac78,2,5.0,,,,10.79,13.02,10.45,8.97,10.18,10.58
2025-12-15T17:48:08.801963,Recipe_B,610592ff-dcbe-4f1d-8eb4-f593c5d7ac78,2,5.0,,,,10.27,8.87,8.87,8.8,9.43,9.06
2025-12-15T17:48:09.801963,Recipe_B,610592ff-dcbe-4f1d-8eb4-f593c5d7ac78,2,5.0,,,,8.77,7.81,11.32,9.98,11.32,9.33
2025-12-15T17:48:10.801963,Recipe_B,610592ff-dcbe-4f1d-8eb4-f593c5d7ac78,2,5.0,,,,8.38,7.69,8.02,11.78,11.15,10.5
2025-12-15T17:48:11.801963,Recipe_B,610592ff-dcbe-4f1d-8eb4-f593c5d7ac78,2,5.0,,,,10.74,11.87,9.54,10.32,10.76,9.51
2025-12-15T17:48:12.801963,Recipe_B,610592ff-dcbe-4f1d-8eb4-f593c5d7ac78,2,5.0,,,,9.09,9.18,11.64,9.22,7.32,9.1
2025-12-15T17:48:13.801963,Recipe_B,610592ff-dcbe-4f1d-8eb4-f593c5d7ac78,2,5.0,,,,6.49,8.58,10.24,10.5,5.87,10.96
2025-12-15T17:48:14.801963,Recipe_B,610592ff-dcbe-4f1d-8eb4-f593c5d7ac78,2,5.0,,,,12.3,12.28,11.16,12.68,8.34,11.75
2025-12-15T17:48:15.801963,Recipe_B,610592ff-dcbe-4f1d-8eb4-f593c5d7ac78,2,5.0,,,,14.67,10.0,10.31,8.91,8.91,6.44
2025-12-15T17:48:16.801963,Recipe_B,610592ff-dcbe-4f1d-8eb4-f593c5d7ac78,2,5.0,,,,12.21,9.1,10.57,8.61,9.71,10.28
2025-12-15T17:48:17.801963,Recipe_B,610592ff-dcbe-4f1d-8eb4-f593c5d7ac78,2,5.0,,,,10.84,11.59,12.46,10.79,9.13,12.52
2025-12-15T17:48:18.801963,Recipe_B,610592ff-dcbe-4f1d-8eb4-f593c5d7ac78,2,5.0,,,,12.52,10.9,8.09,8.63,12.22,7.89
2025-12-15T17:48:19.801963,Recipe_B,610592ff-dcbe-4f1d-8eb4-f593c5d7ac78,2,5.0,,,,5.48,11.34,12.07,10.23,8.63,10.32
2025-12-15T17:48:20.801963,Recipe_B,610592ff-dcbe-4f1d-8eb4-f593c5d7ac78,2,5.0,,,,11.2,11.35,12.53,6.52,10.63,13.58
2025-12-15T17:48:21.801963,Recipe_B,610592ff-dcbe-4f1d-8eb4-f593c5d7ac78,2,5.0,,,,6.15,11.43,12.17,7.95,7.96,14.84
2025-12-15T17:48:22.801963,Recipe_B,610592ff-dcbe-4f1d-8eb4-f593c5d7ac78,2,5.0,,,,10.78,11.2,10.07,15.31,10.19,7.71
2025-12-15T17:48:23.801963,Recipe_B,610592ff-dcbe-4f1d-8eb4-f593c5d7ac78,2,5.0,,,,10.32,10.85,10.2,9.08,9.97,10.81
2025-12-15T17:48:24.801963,Recipe_B,610592ff-dcbe-4f1d-8eb4-f593c5d7ac78,2,5.0,,,,11.76,10.36,11.18,8.67,11.63,9.95
2025-12-15T17:48:25.801963,Recipe_B,610592ff-dcbe-4f1d-8eb4-f593c5d7ac78,2,5.0,,,,10.08,5.67,12.5,11.65,11.79,11.61
2025-12-15T17:48:25.801963,Recipe_B,610592ff-dcbe-4f1d-8eb4-f593c5d7ac78,2,5.0,Error_1,Simulated Error occurred,Error,,,,,,
2025-12-15T17:48:26.801963,Recipe_B,610592ff-dcbe-4f1d-8eb4-f593c5d7ac78,2,5.0,,,,11.21,8.93,9.68,7.42,10.9,8.14
2025-12-15T17:48:27.801963,Recipe_B,610592ff-dcbe-4f1d-8eb4-f593c5d7ac78,2,5.0,,,,11.21,10.86,8.96,9.18,12.15,10.72
2025-12-15T17:48:28.801963,Recipe_B,610592ff-dcbe-4f1d-8eb4-f593c5d7ac78,2,5.0,,,,13.07,8.0,10.92,11.24,13.57,8.89
2025-12-15T17:48:29.801963,Recipe_B,610592ff-dcbe-4f1d-8eb4-f593c5d7ac78,2,5.0,,,,13.48,9.73,11.9,6.91,9.52,9.6
2025-12-15T17:48:30.801963,Recipe_B,610592ff-dcbe-4f1d-8eb4-f593c5d7ac78,2,5.0,,,,10.14,12.73,8.08,11.13,6.48,9.5
2025-12-15T17:48:31.801963,Recipe_B,610592ff-dcbe-4f1d-8eb4-f593c5d7ac78,2,5.0,,,,11.66,11.29,6.89,9.85,6.98,11.1
2025-12-15T17:48:32.801963,Recipe_B,610592ff-dcbe-4f1d-8eb4-f593c5d7ac78,2,5.0,,,,14.39,11.6,10.21,10.35,9.09,8.58
2025-12-15T17:48:33.801963,Recipe_B,610592ff-dcbe-4f1d-8eb4-f593c5d7ac78,2,5.0,,,,11.61,9.92,10.22,7.92,10.26,9.73
2025-12-15T17:48:34.801963,Recipe_B,610592ff-dcbe-4f1d-8eb4-f593c5d7ac78,2,5.0,,,,9.47,6.36,9.08,11.31,8.07,12.09
2025-12-15T17:48:35.801963,Recipe_B,610592ff-dcbe-4f1d-8eb4-f593c5d7ac78,2,5.0,,,,14.1,11.89,12.3,8.54,11.57,14.22
2025-12-15T17:48:36.801963,Recipe_B,610592ff-dcbe-4f1d-8eb4-f593c5d7ac78,2,5.0,,,,12.56,13.52,10.68,8.73,10.65,8.87
2025-12-15T17:48:37.801963,Recipe_B,610592ff-dcbe-4f1d-8eb4-f593c5d7ac78,2,5.0,,,,9.68,11.9,10.78,10.66,12.71,10.83
2025-12-15T17:48:38.801963,Recipe_B,610592ff-dcbe-4f1d-8eb4-f593c5d7ac78,2,5.0,,,,8.84,14.32,7.82,10.97,10.61,11.32
2025-12-15T17:48:39.801963,Recipe_B,610592ff-dcbe-4f1d-8eb4-f593c5d7ac78,2,5.0,,,,9.0,10.81,11.02,10.5,10.16,10.13
2025-12-15T17:48:40.801963,Recipe_B,610592ff-dcbe-4f1d-8eb4-f593c5d7ac78,2,5.0,,,,10.34,11.23,8.38,10.4,8.75,8.73
2025-12-15T17:48:41.801963,Recipe_B,610592ff-dcbe-4f1d-8eb4-f593c5d7ac78,2,5.0,,,,10.1,7.97,10.82,10.73,10.89,11.18
2025-12-15T17:48:42.801963,Recipe_B,610592ff-dcbe-4f1d-8eb4-f593c5d7ac78,2,5.0,,,,8.42,13.13,9.75,8.42,11.64,9.39
2025-12-15T17:48:43.801963,Recipe_B,610592ff-dcbe-4f1d-8eb4-f593c5d7ac78,2,5.0,,,,7.72,12.4,8.97,10.32,14.17,11.1
2025-12-15T17:48:44.801963,Recipe_B,610592ff-dcbe-4f1d-8eb4-f593c5d7ac78,2,5.0,,,,10.32,8.36,8.79,7.9,10.85,14.37
2025-12-15T17:48:45.801963,Recipe_B,610592ff-dcbe-4f1d-8eb4-f593c5d7ac78,2,5.0,,,,12.01,10.77,11.56,10.24,9.77,12.15
2025-12-15T17:48:46.801963,Recipe_B,610592ff-dcbe-4f1d-8eb4-f593c5d7ac78,2,5.0,,,,10.78,8.27,10.66,7.97,9.21,7.97
2025-12-15T17:48:47.801963,Recipe_B,610592ff-dcbe-4f1d-8eb4-f593c5d7ac78,2,5.0,,,,9.84,10.48,7.97,10.0,7.41,9.28
2025-12-15T17:48:48.801963,Recipe_B,610592ff-dcbe-4f1d-8eb4-f593c5d7ac78,2,5.0,,,,13.41,10.7,13.33,12.55,10.92,9.3
2025-12-15T17:48:49.801963,Recipe_B,610592ff-dcbe-4f1d-8eb4-f593c5d7ac78,2,5.0,,,,10.41,8.71,8.1,9.48,8.82,13.78
2025-12-15T17:48:50.801963,Recipe_B,610592ff-dcbe-4f1d-8eb4-f593c5d7ac78,2,5.0,,,,11.01,9.68,13.29,10.74,8.53,10.92
2025-12-15T17:48:51.801963,Recipe_B,610592ff-dcbe-4f1d-8eb4-f593c5d7ac78,2,5.0,,,,9.88,12.29,7.15,12.09,8.56,11.9
2025-12-15T17:48:52.801963,Recipe_B,610592ff-dcbe-4f1d-8eb4-f593c5d7ac78,2,5.0,,,,9.27,11.69,11.67,11.23,10.7,9.25
2025-12-15T17:48:53.801963,Recipe_B,610592ff-dcbe-4f1d-8eb4-f593c5d7ac78,2,5.0,,,,11.03,8.92,8.34,11.15,6.87,8.71
2025-12-15T17:48:54.801963,Recipe_B,610592ff-dcbe-4f1d-8eb4-f593c5d7ac78,2,3.0,,,,10.62,14.6,8.1,13.34,9.78,10.25
2025-12-15T17:48:55.801963,Recipe_B,610592ff-dcbe-4f1d-8eb4-f593c5d7ac78,2,3.0,,,,7.8,13.25,7.89,10.3,5.08,8.43
2025-12-15T17:48:56.801963,Recipe_B,610592ff-dcbe-4f1d-8eb4-f593c5d7ac78,2,3.0,,,,9.58,7.75,9.35,6.84,11.51,5.48
2025-12-15T17:48:57.801963,Recipe_B,610592ff-dcbe-4f1d-8eb4-f593c5d7ac78,2,3.0,,,,15.49,9.34,10.0,7.59,13.16,10.75
2025-12-15T17:48:58.801963,Recipe_B,610592ff-dcbe-4f1d-8eb4-f593c5d7ac78,2,3.0,,,,10.08,10.21,9.54,10.55,8.76,8.08
2025-12-15T17:48:59.801963,Recipe_B,610592ff-dcbe-4f1d-8eb4-f593c5d7ac78,2,3.0,,,,12.36,9.51,9.78,5.41,12.17,7.66
2025-12-15T17:49:00.801963,Recipe_B,610592ff-dcbe-4f1d-8eb4-f593c5d7ac78,2,3.0,,,,7.96,10.28,7.35,9.31,10.89,8.54
2025-12-15T17:49:01.801963,Recipe_B,610592ff-dcbe-4f1d-8eb4-f593c5d7ac78,2,3.0,,,,8.99,7.31,11.18,12.25,10.45,9.42
2025-12-15T17:49:02.801963,Recipe_B,610592ff-dcbe-4f1d-8eb4-f593c5d7ac78,2,3.0,,,,6.07,9.54,10.69,7.7,9.43,13.01
2025-12-15T17:49:03.801963,Recipe_B,610592ff-dcbe-4f1d-8eb4-f593c5d7ac78,2,3.0,,,,12.42,10.69,8.76,9.04,10.19,13.14
2025-12-15T17:49:04.801963,Recipe_B,610592ff-dcbe-4f1d-8eb4-f593c5d7ac78,2,3.0,,,,10.75,10.36,8.79,14.5,11.7,13.82
2025-12-15T17:49:05.801963,Recipe_B,610592ff-dcbe-4f1d-8eb4-f593c5d7ac78,2,3.0,,,,11.99,8.18,13.77,10.36,9.32,9.8
2025-12-15T17:49:06.801963,Recipe_B,610592ff-dcbe-4f1d-8eb4-f593c5d7ac78,2,4.0,,,,100.37,53.05,47.08,49.34,53.14,52.1
2025-12-15T17:49:07.801963,Recipe_B,610592ff-dcbe-4f1d-8eb4-f593c5d7ac78,2,4.0,,,,111.86,45.04,57.41,45.79,53.56,52.15
2025-12-15T17:49:08.801963,Recipe_B,610592ff-dcbe-4f1d-8eb4-f593c5d7ac78,2,4.0,,,,105.27,55.59,48.68,51.83,49.31,42.63
2025-12-15T17:49:09.801963,Recipe_B,610592ff-dcbe-4f1d-8eb4-f593c5d7ac78,2,4.0,,,,96.72,44.86,48.84,35.88,42.42,44.32
2025-12-15T17:49:10.801963,Recipe_B,610592ff-dcbe-4f1d-8eb4-f593c5d7ac78,2,4.0,,,,100.83,50.9,45.77,43.39,44.7,51.09
2025-12-15T17:49:11.801963,Recipe_B,610592ff-dcbe-4f1d-8eb4-f593c5d7ac78,2,4.0,,,,102.22,47.08,50.62,43.98,50.72,51.6
2025-12-15T17:49:12.801963,Recipe_B,610592ff-dcbe-4f1d-8eb4-f593c5d7ac78,2,4.0,,,,94.64,46.09,42.54,50.93,44.09,51.88
2025-12-15T17:49:13.801963,Recipe_B,610592ff-dcbe-4f1d-8eb4-f593c5d7ac78,2,4.0,,,,93.57,54.7,45.31,50.88,51.44,42.27
2025-12-15T17:49:14.801963,Recipe_B,610592ff-dcbe-4f1d-8eb4-f593c5d7ac78,2,4.0,,,,100.01,48.22,52.21,54.39,55.93,38.63
2025-12-15T17:49:15.801963,Recipe_B,610592ff-dcbe-4f1d-8eb4-f593c5d7ac78,2,4.0,,,,106.7,40.29,51.08,54.42,47.29,54.45
2025-12-15T17:49:16.801963,Recipe_B,610592ff-dcbe-4f1d-8eb4-f593c5d7ac78,2,4.0,,,,96.69,53.15,49.49,57.3,57.17,49.37
2025-12-15T17:49:17.801963,Recipe_B,610592ff-dcbe-4f1d-8eb4-f593c5d7ac78,2,4.0,,,,95.64,49.41,52.32,43.75,54.75,40.11
2025-12-15T17:49:18.801963,Recipe_B,610592ff-dcbe-4f1d-8eb4-f593c5d7ac78,2,4.0,,,,105.77,47.15,51.84,51.52,47.35,40.31
2025-12-15T17:49:19.801963,Recipe_B,610592ff-dcbe-4f1d-8eb4-f593c5d7ac78,2,4.0,,,,97.72,48.51,56.91,57.3,36.47,53.74
2025-12-15T17:49:20.801963,Recipe_B,610592ff-dcbe-4f1d-8eb4-f593c5d7ac78,2,4.0,,,,94.67,58.3,49.07,52.61,55.61,44.85
2025-12-15T17:49:21.801963,Recipe_B,610592ff-dcbe-4f1d-8eb4-f593c5d7ac78,2,4.0,,,,109.04,54.75,48.84,55.04,52.51,39.25
2025-12-15T17:49:22.801963,Recipe_B,610592ff-dcbe-4f1d-8eb4-f593c5d7ac78,2,4.0,,,,96.01,51.47,48.71,49.76,46.22,57.41
2025-12-15T17:49:23.801963,Recipe_B,610592ff-dcbe-4f1d-8eb4-f593c5d7ac78,2,4.0,,,,95.77,56.41,47.35,55.53,48.31,52.96
2025-12-15T17:49:24.801963,Recipe_B,610592ff-dcbe-4f1d-8eb4-f593c5d7ac78,2,4.0,,,,99.77,59.0,45.47,47.18,55.44,53.98
2025-12-15T17:49:25.801963,Recipe_B,610592ff-dcbe-4f1d-8eb4-f593c5d7ac78,2,4.0,,,,97.86,52.42,46.88,52.7,43.14,50.87
2025-12-15T17:49:26.801963,Recipe_B,610592ff-dcbe-4f1d-8eb4-f593c5d7ac78,2,4.0,,,,101.86,48.52,47.7,46.01,57.85,42.84
2025-12-15T17:49:27.801963,Recipe_B,610592ff-dcbe-4f1d-8eb4-f593c5d7ac78,2,4.0,,,,102.04,42.29,52.58,55.47,60.86,45.61
2025-12-15T17:49:28.801963,Recipe_B,610592ff-dcbe-4f1d-8eb4-f593c5d7ac78,2,4.0,,,,100.18,44.4,52.68,43.44,45.37,39.63
2025-12-15T17:49:29.801963,Recipe_B,610592ff-dcbe-4f1d-8eb4-f593c5d7ac78,2,4.0,,,,107.31,55.62,48.99,50.16,51.02,52.51
2025-12-15T17:49:30.801963,Recipe_B,610592ff-dcbe-4f1d-8eb4-f593c5d7ac78,2,4.0,,,,92.66,60.21,45.76,55.25,39.03,47.56
2025-12-15T17:49:31.801963,Recipe_B,610592ff-dcbe-4f1d-8eb4-f593c5d7ac78,2,4.0,,,,96.27,53.82,39.63,53.2,47.52,38.93
2025-12-15T17:49:32.801963,Recipe_B,610592ff-dcbe-4f1d-8eb4-f593c5d7ac78,2,4.0,,,,106.98,46.56,46.46,45.05,50.23,50.6
2025-12-15T17:49:33.801963,Recipe_B,610592ff-dcbe-4f1d-8eb4-f593c5d7ac78,2,4.0,,,,105.84,43.29,45.13,48.38,51.11,40.61
2025-12-15T17:49:34.801963,Recipe_B,610592ff-dcbe-4f1d-8eb4-f593c5d7ac78,2,4.0,,,,99.29,48.67,60.77,48.34,39.57,53.26
2025-12-15T17:49:35.801963,Recipe_B,610592ff-dcbe-4f1d-8eb4-f593c5d7ac78,2,4.0,,,,98.31,52.11,57.81,48.41,46.41,66.75
2025-12-15T17:49:36.801963,Recipe_B,610592ff-dcbe-4f1d-8eb4-f593c5d7ac78,2,4.0,,,,101.0,56.12,51.17,55.66,35.8,48.07
2025-12-15T17:49:37.801963,Recipe_B,610592ff-dcbe-4f1d-8eb4-f593c5d7ac78,2,4.0,,,,95.72,46.73,55.67,64.75,50.99,45.2
2025-12-15T17:49:38.801963,Recipe_B,610592ff-dcbe-4f1d-8eb4-f593c5d7ac78,2,4.0,,,,108.14,50.66,52.01,49.39,47.59,50.46
2025-12-15T17:49:39.801963,Recipe_B,610592ff-dcbe-4f1d-8eb4-f593c5d7ac78,2,4.0,,,,97.37,52.45,57.22,47.58,55.59,48.09
2025-12-15T17:49:40.801963,Recipe_B,610592ff-dcbe-4f1d-8eb4-f593c5d7ac78,2,4.0,,,,98.64,48.83,56.53,51.81,55.09,53.87
2025-12-15T17:49:41.801963,Recipe_B,610592ff-dcbe-4f1d-8eb4-f593c5d7ac78,2,4.0,,,,90.55,47.79,51.95,45.94,54.07,45.12
2025-12-15T17:49:42.801963,Recipe_B,610592ff-dcbe-4f1d-8eb4-f593c5d7ac78,2,4.0,,,,102.58,58.22,53.12,58.24,44.63,47.41
2025-12-15T17:49:43.801963,Recipe_B,610592ff-dcbe-4f1d-8eb4-f593c5d7ac78,2,4.0,,,,106.33,53.9,51.94,57.1,55.23,45.22
2025-12-15T17:49:44.801963,Recipe_B,610592ff-dcbe-4f1d-8eb4-f593c5d7ac78,2,4.0,,,,94.4,51.02,45.51,54.73,45.2,47.11
2025-12-15T17:49:45.801963,Recipe_B,610592ff-dcbe-4f1d-8eb4-f593c5d7ac78,2,4.0,,,,107.4,50.76,50.95,51.44,52.19,55.04
2025-12-15T17:49:46.801963,Recipe_B,610592ff-dcbe-4f1d-8eb4-f593c5d7ac78,2,4.0,,,,93.96,53.85,57.49,50.22,52.91,55.64
2025-12-15T17:49:47.801963,Recipe_B,610592ff-dcbe-4f1d-8eb4-f593c5d7ac78,2,4.0,,,,100.62,52.79,48.42,55.75,44.29,53.38
2025-12-15T17:49:48.801963,Recipe_B,610592ff-dcbe-4f1d-8eb4-f593c5d7ac78,2,4.0,,,,103.46,54.75,54.49,57.94,41.68,49.51
2025-12-15T17:49:49.801963,Recipe_B,610592ff-dcbe-4f1d-8eb4-f593c5d7ac78,2,4.0,,,,99.96,47.07,46.27,58.68,45.71,57.59
2025-12-15T17:49:50.801963,Recipe_B,610592ff-dcbe-4f1d-8eb4-f593c5d7ac78,2,4.0,,,,95.93,57.16,46.88,52.03,57.16,49.97
2025-12-15T17:49:51.801963,Recipe_B,610592ff-dcbe-4f1d-8eb4-f593c5d7ac78,2,4.0,,,,105.08,55.48,45.35,50.59,48.73,52.19
2025-12-15T17:49:52.801963,Recipe_B,610592ff-dcbe-4f1d-8eb4-f593c5d7ac78,2,4.0,,,,105.01,43.13,54.15,54.29,43.05,54.28
2025-12-15T17:49:53.801963,Recipe_B,610592ff-dcbe-4f1d-8eb4-f593c5d7ac78,2,4.0,,,,100.7,46.95,53.7,46.75,54.71,51.23
2025-12-15T17:49:54.801963,Recipe_B,610592ff-dcbe-4f1d-8eb4-f593c5d7ac78,2,4.0,,,,101.03,46.6,58.79,59.45,54.13,53.56
2025-12-15T17:49:55.801963,Recipe_B,610592ff-dcbe-4f1d-8eb4-f593c5d7ac78,2,4.0,,,,98.66,48.21,52.45,58.29,55.14,49.95
2025-12-15T17:49:56.801963,Recipe_B,610592ff-dcbe-4f1d-8eb4-f593c5d7ac78,2,4.0,,,,98.94,43.99,43.9,47.64,48.7,57.73
2025-12-15T17:49:57.801963,Recipe_B,610592ff-dcbe-4f1d-8eb4-f593c5d7ac78,2,4.0,,,,104.28,48.46,57.05,43.45,49.91,47.43
2025-12-15T17:49:58.801963,Recipe_B,610592ff-dcbe-4f1d-8eb4-f593c5d7ac78,2,4.0,,,,102.94,52.51,50.19,53.28,55.43,58.08
2025-12-15T17:49:59.801963,Recipe_B,610592ff-dcbe-4f1d-8eb4-f593c5d7ac78,2,4.0,,,,104.63,56.18,49.35,52.55,59.2,49.88
2025-12-15T17:50:00.801963,Recipe_B,610592ff-dcbe-4f1d-8eb4-f593c5d7ac78,2,4.0,,,,101.35,56.16,56.18,51.87,36.66,50.13
2025-12-15T17:50:01.801963,Recipe_B,610592ff-dcbe-4f1d-8eb4-f593c5d7ac78,2,4.0,,,,97.8,52.23,44.85,47.44,46.62,43.38
2025-12-15T17:50:02.801963,Recipe_B,610592ff-dcbe-4f1d-8eb4-f593c5d7ac78,2,4.0,,,,90.07,51.55,52.53,49.97,48.03,54.23
2025-12-15T17:50:03.801963,Recipe_B,610592ff-dcbe-4f1d-8eb4-f593c5d7ac78,2,4.0,,,,88.69,46.04,52.88,54.8,51.53,45.15
2025-12-15T17:50:04.801963,Recipe_B,610592ff-dcbe-4f1d-8eb4-f593c5d7ac78,2,4.0,,,,104.89,44.93,51.58,43.95,42.22,57.29
2025-12-15T17:50:05.801963,Recipe_B,610592ff-dcbe-4f1d-8eb4-f593c5d7ac78,2,4.0,,,,101.53,52.19,47.28,46.1,53.58,50.35
2025-12-15T17:50:06.801963,Recipe_B,610592ff-dcbe-4f1d-8eb4-f593c5d7ac78,2,4.0,,,,111.54,54.29,45.39,50.11,47.45,58.37
2025-12-15T17:50:07.801963,Recipe_B,610592ff-dcbe-4f1d-8eb4-f593c5d7ac78,2,4.0,,,,101.28,48.98,51.42,38.81,44.81,41.0
2025-12-15T17:50:08.801963,Recipe_B,610592ff-dcbe-4f1d-8eb4-f593c5d7ac78,2,4.0,,,,94.96,40.44,55.38,39.15,48.54,46.68
2025-12-15T17:50:09.801963,Recipe_B,610592ff-dcbe-4f1d-8eb4-f593c5d7ac78,2,4.0,,,,102.09,48.44,50.38,52.59,44.07,52.1
2025-12-15T17:50:10.801963,Recipe_B,610592ff-dcbe-4f1d-8eb4-f593c5d7ac78,2,4.0,,,,90.82,45.81,54.84,48.32,47.82,49.26
2025-12-15T17:50:11.801963,Recipe_B,610592ff-dcbe-4f1d-8eb4-f593c5d7ac78,2,4.0,,,,102.96,49.73,43.06,47.01,45.46,49.39
2025-12-15T17:50:12.801963,Recipe_B,610592ff-dcbe-4f1d-8eb4-f593c5d7ac78,2,4.0,,,,103.25,55.9,45.98,39.37,46.37,47.33
2025-12-15T17:50:13.801963,Recipe_B,610592ff-dcbe-4f1d-8eb4-f593c5d7ac78,2,4.0,,,,93.65,43.06,46.56,47.64,52.12,49.66
2025-12-15T17:50:13.801963,Recipe_B,610592ff-dcbe-4f1d-8eb4-f593c5d7ac78,2,4.0,Error_2,Simulated Error occurred,Error,,,,,,
2025-12-15T17:50:14.801963,Recipe_B,610592ff-dcbe-4f1d-8eb4-f593c5d7ac78,2,4.0,,,,100.36,56.14,54.13,53.33,49.7,54.52
2025-12-15T17:50:15.801963,Recipe_B,610592ff-dcbe-4f1d-8eb4-f593c5d7ac78,2,1.0,,,,11.3,6.97,11.8,8.58,11.04,10.65
2025-12-15T17:50:16.801963,Recipe_B,610592ff-dcbe-4f1d-8eb4-f593c5d7ac78,2,1.0,,,,7.71,7.27,15.69,11.41,7.5,9.67
2025-12-15T17:50:17.801963,Recipe_B,610592ff-dcbe-4f1d-8eb4-f593c5d7ac78,2,1.0,,,,10.35,8.14,13.13,11.21,11.65,11.38
2025-12-15T17:50:18.801963,Recipe_B,610592ff-dcbe-4f1d-8eb4-f593c5d7ac78,2,1.0,,,,9.12,9.8,11.21,10.35,6.55,8.21
2025-12-15T17:50:19.801963,Recipe_B,610592ff-dcbe-4f1d-8eb4-f593c5d7ac78,2,1.0,,,,6.91,10.45,8.77,9.7,11.83,8.36
2025-12-15T17:50:20.801963,Recipe_B,610592ff-dcbe-4f1d-8eb4-f593c5d7ac78,2,1.0,,,,11.14,10.29,13.91,7.09,7.24,8.53
2025-12-15T17:50:21.801963,Recipe_B,610592ff-dcbe-4f1d-8eb4-f593c5d7ac78,2,1.0,,,,14.18,12.43,10.17,9.94,9.29,11.15
2025-12-15T17:50:22.801963,Recipe_B,610592ff-dcbe-4f1d-8eb4-f593c5d7ac78,2,1.0,,,,9.83,10.07,7.68,9.66,9.14,13.53
2025-12-15T17:50:23.801963,Recipe_B,610592ff-dcbe-4f1d-8eb4-f593c5d7ac78,2,1.0,,,,9.83,10.64,11.9,8.87,10.19,10.9
2025-12-15T17:50:24.801963,Recipe_B,610592ff-dcbe-4f1d-8eb4-f593c5d7ac78,2,4.0,,,,99.49,48.54,49.53,44.61,51.52,47.52
2025-12-15T17:50:25.801963,Recipe_B,610592ff-dcbe-4f1d-8eb4-f593c5d7ac78,2,4.0,,,,97.63,51.17,55.48,34.95,43.86,46.86
2025-12-15T17:50:26.801963,Recipe_B,610592ff-dcbe-4f1d-8eb4-f593c5d7ac78,2,4.0,,,,90.29,54.48,46.93,50.87,52.74,54.3
2025-12-15T17:50:27.801963,Recipe_B,610592ff-dcbe-4f1d-8eb4-f593c5d7ac78,2,4.0,,,,94.47,46.85,53.93,49.57,39.93,50.24
2025-12-15T17:50:28.801963,Recipe_B,610592ff-dcbe-4f1d-8eb4-f593c5d7ac78,2,4.0,,,,96.21,46.38,44.57,53.93,44.94,47.11
2025-12-15T17:50:29.801963,Recipe_B,610592ff-dcbe-4f1d-8eb4-f593c5d7ac78,2,4.0,,,,102.16,40.39,50.15,49.48,48.61,50.44
2025-12-15T17:50:30.801963,Recipe_B,610592ff-dcbe-4f1d-8eb4-f593c5d7ac78,2,4.0,,,,102.26,51.7,43.88,48.83,53.79,48.6
2025-12-15T17:50:31.801963,Recipe_B,610592ff-dcbe-4f1d-8eb4-f593c5d7ac78,2,4.0,,,,95.8,54.91,39.31,48.53,52.93,48.44
2025-12-15T17:50:32.801963,Recipe_B,610592ff-dcbe-4f1d-8eb4-f593c5d7ac78,2,4.0,,,,96.22,57.62,53.13,55.15,45.36,45.74
2025-12-15T17:50:33.801963,Recipe_B,610592ff-dcbe-4f1d-8eb4-f593c5d7ac78,2,4.0,,,,95.85,52.8,50.88,51.2,52.46,51.35
2025-12-15T17:50:34.801963,Recipe_B,610592ff-dcbe-4f1d-8eb4-f593c5d7ac78,2,4.0,,,,102.66,51.22,51.35,42.2,59.49,53.8
2025-12-15T17:50:35.801963,Recipe_B,610592ff-dcbe-4f1d-8eb4-f593c5d7ac78,2,4.0,,,,98.06,55.36,54.81,51.82,51.42,56.95
2025-12-15T17:50:36.801963,Recipe_B,610592ff-dcbe-4f1d-8eb4-f593c5d7ac78,2,4.0,,,,103.99,54.76,50.27,50.26,49.8,43.93
2025-12-15T17:50:37.801963,Recipe_B,610592ff-dcbe-4f1d-8eb4-f593c5d7ac78,2,4.0,,,,97.76,53.73,46.32,41.45,53.64,42.66
2025-12-15T17:50:38.801963,Recipe_B,610592ff-dcbe-4f1d-8eb4-f593c5d7ac78,2,4.0,,,,98.34,47.97,44.19,54.44,57.41,43.32
2025-12-15T17:50:39.801963,Recipe_B,610592ff-dcbe-4f1d-8eb4-f593c5d7ac78,2,1.0,,,,7.4,9.22,10.5,11.1,10.57,13.57
2025-12-15T17:50:40.801963,Recipe_B,610592ff-dcbe-4f1d-8eb4-f593c5d7ac78,2,1.0,,,,8.91,10.86,9.23,11.18,9.38,12.0
2025-12-15T17:50:41.801963,Recipe_B,610592ff-dcbe-4f1d-8eb4-f593c5d7ac78,2,1.0,,,,10.73,8.56,8.8,6.89,10.1,7.2
2025-12-15T17:50:42.801963,Recipe_B,610592ff-dcbe-4f1d-8eb4-f593c5d7ac78,2,1.0,,,,13.16,8.75,10.27,7.57,11.51,10.75
2025-12-15T17:50:43.801963,Recipe_B,610592ff-dcbe-4f1d-8eb4-f593c5d7ac78,2,1.0,,,,6.6,8.78,10.14,8.73,9.46,8.35
2025-12-15T17:50:44.801963,Recipe_B,610592ff-dcbe-4f1d-8eb4-f593c5d7ac78,2,1.0,,,,13.56,13.55,5.55,9.24,12.12,10.43
2025-12-15T17:50:45.801963,Recipe_B,610592ff-dcbe-4f1d-8eb4-f593c5d7ac78,2,1.0,,,,12.95,6.85,6.56,12.14,10.18,10.43
2025-12-15T17:50:46.801963,Recipe_B,610592ff-dcbe-4f1d-8eb4-f593c5d7ac78,2,1.0,,,,10.18,12.82,6.57,13.65,12.83,9.81
2025-12-15T17:50:47.801963,Recipe_B,610592ff-dcbe-4f1d-8eb4-f593c5d7ac78,2,1.0,,,,10.51,6.72,8.02,13.3,9.97,12.49
2025-12-15T17:50:48.801963,Recipe_B,610592ff-dcbe-4f1d-8eb4-f593c5d7ac78,2,1.0,,,,10.72,10.63,11.46,10.77,9.36,10.61
2025-12-15T17:50:49.801963,Recipe_B,610592ff-dcbe-4f1d-8eb4-f593c5d7ac78,2,1.0,,,,13.11,6.48,10.93,8.19,11.73,9.57
2025-12-15T17:50:50.801963,Recipe_B,610592ff-dcbe-4f1d-8eb4-f593c5d7ac78,2,1.0,,,,11.33,9.8,10.96,9.65,11.29,7.03
2025-12-15T17:50:51.801963,Recipe_B,610592ff-dcbe-4f1d-8eb4-f593c5d7ac78,2,1.0,,,,9.98,8.16,9.5,8.57,10.74,10.19
2025-12-15T17:50:52.801963,Recipe_B,610592ff-dcbe-4f1d-8eb4-f593c5d7ac78,2,1.0,,,,9.62,11.56,7.42,11.68,7.6,14.07
2025-12-15T17:50:53.801963,Recipe_B,610592ff-dcbe-4f1d-8eb4-f593c5d7ac78,2,1.0,,,,9.89,10.48,8.71,11.82,12.66,10.38
2025-12-15T17:50:54.801963,Recipe_B,610592ff-dcbe-4f1d-8eb4-f593c5d7ac78,2,1.0,,,,12.7,9.8,10.38,13.47,9.6,11.53
2025-12-15T17:50:55.801963,Recipe_B,610592ff-dcbe-4f1d-8eb4-f593c5d7ac78,2,1.0,,,,8.45,12.9,8.2,9.14,11.34,11.74
2025-12-15T17:50:56.801963,Recipe_B,610592ff-dcbe-4f1d-8eb4-f593c5d7ac78,2,1.0,,,,7.81,8.94,9.28,10.78,10.14,12.08
2025-12-15T17:50:57.801963,Recipe_B,610592ff-dcbe-4f1d-8eb4-f593c5d7ac78,2,1.0,,,,9.92,8.22,6.76,9.54,10.86,12.18
2025-12-15T17:50:58.801963,Recipe_B,610592ff-dcbe-4f1d-8eb4-f593c5d7ac78,2,1.0,,,,12.56,9.26,10.36,10.78,9.91,12.62
2025-12-15T17:50:59.801963,Recipe_B,610592ff-dcbe-4f1d-8eb4-f593c5d7ac78,2,1.0,,,,9.13,8.58,9.82,9.17,10.45,14.23
2025-12-15T17:51:00.801963,Recipe_B,610592ff-dcbe-4f1d-8eb4-f593c5d7ac78,2,1.0,,,,7.35,9.34,5.35,9.15,12.98,8.64
2025-12-15T17:51:01.801963,Recipe_B,610592ff-dcbe-4f1d-8eb4-f593c5d7ac78,2,1.0,,,,8.73,7.15,7.41,10.91,15.56,10.19
2025-12-15T17:51:02.801963,Recipe_B,610592ff-dcbe-4f1d-8eb4-f593c5d7ac78,2,1.0,,,,12.12,11.59,9.69,8.65,10.54,9.52
2025-12-15T17:51:03.801963,Recipe_B,610592ff-dcbe-4f1d-8eb4-f593c5d7ac78,2,1.0,,,,6.02,7.14,12.96,11.02,10.42,10.35
2025-12-15T17:51:04.801963,Recipe_B,610592ff-dcbe-4f1d-8eb4-f593c5d7ac78,2,1.0,,,,8.33,10.19,12.74,8.89,8.0,13.01
2025-12-15T17:51:05.801963,Recipe_B,610592ff-dcbe-4f1d-8eb4-f593c5d7ac78,2,1.0,,,,10.54,10.41,17.37,10.25,9.04,12.09
2025-12-15T17:51:06.801963,Recipe_B,610592ff-dcbe-4f1d-8eb4-f593c5d7ac78,2,1.0,,,,5.42,5.1,6.51,11.51,7.15,8.17
2025-12-15T17:51:07.801963,Recipe_B,610592ff-dcbe-4f1d-8eb4-f593c5d7ac78,2,1.0,,,,7.93,10.39,11.38,10.32,9.67,8.34
2025-12-15T17:51:08.801963,Recipe_B,610592ff-dcbe-4f1d-8eb4-f593c5d7ac78,2,1.0,,,,3.62,5.59,10.32,6.34,11.58,10.47
2025-12-15T17:51:09.801963,Recipe_B,610592ff-dcbe-4f1d-8eb4-f593c5d7ac78,2,1.0,,,,8.87,13.04,11.38,11.73,8.16,9.47
2025-12-15T17:51:10.801963,Recipe_B,610592ff-dcbe-4f1d-8eb4-f593c5d7ac78,2,1.0,,,,6.24,10.72,10.01,10.01,10.99,10.58
2025-12-15T17:51:11.801963,Recipe_B,610592ff-dcbe-4f1d-8eb4-f593c5d7ac78,2,1.0,,,,10.09,9.41,6.22,10.29,10.25,7.92
2025-12-15T17:51:11.801963,Recipe_B,610592ff-dcbe-4f1d-8eb4-f593c5d7ac78,2,1.0,Warning_6,Simulated Warning occurred,Warning,,,,,,
2025-12-15T17:51:12.801963,Recipe_B,610592ff-dcbe-4f1d-8eb4-f593c5d7ac78,2,1.0,,,,11.25,6.69,12.09,10.44,11.89,8.21
2025-12-15T17:51:13.801963,Recipe_B,610592ff-dcbe-4f1d-8eb4-f593c5d7ac78,2,1.0,,,,10.42,10.36,12.24,9.75,8.77,6.85
2025-12-15T17:51:14.801963,Recipe_B,610592ff-dcbe-4f1d-8eb4-f593c5d7ac78,2,1.0,,,,9.6,7.17,8.97,8.61,7.93,7.76
2025-12-15T17:51:15.801963,Recipe_B,610592ff-dcbe-4f1d-8eb4-f593c5d7ac78,2,1.0,,,,9.41,9.61,5.96,9.57,9.67,12.0
2025-12-15T17:51:16.801963,Recipe_B,610592ff-dcbe-4f1d-8eb4-f593c5d7ac78,2,1.0,,,,10.81,8.92,8.97,11.77,9.75,10.1
2025-12-15T17:51:17.801963,Recipe_B,610592ff-dcbe-4f1d-8eb4-f593c5d7ac78,2,1.0,,,,9.58,9.3,9.56,7.04,8.14,11.83
2025-12-15T17:51:18.801963,Recipe_B,610592ff-dcbe-4f1d-8eb4-f593c5d7ac78,2,1.0,,,,10.16,9.4,12.31,11.8,10.3,10.01
2025-12-15T17:51:19.801963,Recipe_B,610592ff-dcbe-4f1d-8eb4-f593c5d7ac78,2,1.0,,,,7.09,7.31,9.1,12.25,9.3,9.31
2025-12-15T17:51:20.801963,Recipe_B,610592ff-dcbe-4f1d-8eb4-f593c5d7ac78,2,1.0,,,,9.74,10.65,11.83,9.69,9.63,10.46
2025-12-15T17:51:21.801963,Recipe_B,610592ff-dcbe-4f1d-8eb4-f593c5d7ac78,2,1.0,,,,10.9,14.83,11.18,10.01,10.47,10.02
2025-12-15T17:51:22.801963,Recipe_B,610592ff-dcbe-4f1d-8eb4-f593c5d7ac78,2,0.0,,,,0.0,0.0,0.0,0.0,0.0,0.0
2025-12-15T17:51:23.801963,Recipe_B,610592ff-dcbe-4f1d-8eb4-f593c5d7ac78,2,0.0,,,,0.0,0.0,0.0,0.0,0.0,0.0
2025-12-15T17:51:24.801963,Recipe_B,610592ff-dcbe-4f1d-8eb4-f593c5d7ac78,2,0.0,,,,0.0,0.0,0.0,0.0,0.0,0.0
2025-12-15T17:51:25.801963,Recipe_B,610592ff-dcbe-4f1d-8eb4-f593c5d7ac78,2,0.0,,,,0.0,0.0,0.0,0.0,0.0,0.0
2025-12-15T17:51:26.801963,Recipe_B,610592ff-dcbe-4f1d-8eb4-f593c5d7ac78,2,0.0,,,,0.0,0.0,0.0,0.0,0.0,0.0
2025-12-15T17:51:27.801963,Recipe_B,610592ff-dcbe-4f1d-8eb4-f593c5d7ac78,2,0.0,,,,0.0,0.0,0.0,0.0,0.0,0.0
2025-12-15T17:51:28.801963,Recipe_B,610592ff-dcbe-4f1d-8eb4-f593c5d7ac78,2,0.0,,,,0.0,0.0,0.0,0.0,0.0,0.0
2025-12-15T17:51:29.801963,Recipe_B,610592ff-dcbe-4f1d-8eb4-f593c5d7ac78,2,0.0,,,,0.0,0.0,0.0,0.0,0.0,0.0
2025-12-15T17:51:30.801963,Recipe_B,610592ff-dcbe-4f1d-8eb4-f593c5d7ac78,2,0.0,,,,0.0,0.0,0.0,0.0,0.0,0.0
2025-12-15T17:51:31.801963,Recipe_B,610592ff-dcbe-4f1d-8eb4-f593c5d7ac78,2,3.0,,,,11.88,10.33,7.97,6.83,7.76,12.1
2025-12-15T17:51:32.801963,Recipe_B,610592ff-dcbe-4f1d-8eb4-f593c5d7ac78,2,3.0,,,,8.81,10.72,12.36,11.18,9.27,9.04
2025-12-15T17:51:32.801963,Recipe_B,610592ff-dcbe-4f1d-8eb4-f593c5d7ac78,2,3.0,Warning_9,Simulated Warning occurred,Warning,,,,,,
2025-12-15T17:51:33.801963,Recipe_B,610592ff-dcbe-4f1d-8eb4-f593c5d7ac78,2,3.0,,,,10.11,11.05,11.26,10.47,11.95,9.28
2025-12-15T17:51:34.801963,Recipe_B,610592ff-dcbe-4f1d-8eb4-f593c5d7ac78,2,3.0,,,,7.42,9.65,11.86,7.8,9.02,10.24
2025-12-15T17:51:35.801963,Recipe_B,610592ff-dcbe-4f1d-8eb4-f593c5d7ac78,2,2.0,,,,6.31,13.69,7.77,10.21,5.31,11.2
2025-12-15T17:51:36.801963,Recipe_B,610592ff-dcbe-4f1d-8eb4-f593c5d7ac78,2,0.0,,,,0.0,0.0,0.0,0.0,0.0,0.0
2025-12-15T17:51:37.801963,Recipe_B,610592ff-dcbe-4f1d-8eb4-f593c5d7ac78,2,0.0,,,,0.0,0.0,0.0,0.0,0.0,0.0
2025-12-15T17:51:38.801963,Recipe_B,610592ff-dcbe-4f1d-8eb4-f593c5d7ac78,2,0.0,,,,0.0,0.0,0.0,0.0,0.0,0.0
2025-12-15T17:51:39.801963,Recipe_B,610592ff-dcbe-4f1d-8eb4-f593c5d7ac78,2,0.0,,,,0.0,0.0,0.0,0.0,0.0,0.0
2025-12-15T17:51:39.801963,Recipe_B,610592ff-dcbe-4f1d-8eb4-f593c5d7ac78,2,0.0,Error_10,Simulated Error occurred,Error,,,,,,
2025-12-15T17:51:40.801963,Recipe_B,610592ff-dcbe-4f1d-8eb4-f593c5d7ac78,2,0.0,,,,0.0,0.0,0.0,0.0,0.0,0.0
2025-12-15T17:51:41.801963,Recipe_B,610592ff-dcbe-4f1d-8eb4-f593c5d7ac78,2,0.0,,,,0.0,0.0,0.0,0.0,0.0,0.0
2025-12-15T17:51:42.801963,Recipe_B,610592ff-dcbe-4f1d-8eb4-f593c5d7ac78,2,0.0,,,,0.0,0.0,0.0,0.0,0.0,0.0
2025-12-15T17:51:43.801963,Recipe_B,610592ff-dcbe-4f1d-8eb4-f593c5d7ac78,2,0.0,,,,0.0,0.0,0.0,0.0,0.0,0.0
2025-12-15T17:51:44.801963,Recipe_B,610592ff-dcbe-4f1d-8eb4-f593c5d7ac78,2,0.0,,,,0.0,0.0,0.0,0.0,0.0,0.0
2025-12-15T17:51:45.801963,Recipe_B,610592ff-dcbe-4f1d-8eb4-f593c5d7ac78,2,0.0,,,,0.0,0.0,0.0,0.0,0.0,0.0
2025-12-15T17:51:46.801963,Recipe_B,610592ff-dcbe-4f1d-8eb4-f593c5d7ac78,2,0.0,,,,0.0,0.0,0.0,0.0,0.0,0.0
2025-12-15T17:51:47.801963,Recipe_B,610592ff-dcbe-4f1d-8eb4-f593c5d7ac78,2,0.0,,,,0.0,0.0,0.0,0.0,0.0,0.0
2025-12-15T17:51:48.801963,Recipe_B,610592ff-dcbe-4f1d-8eb4-f593c5d7ac78,2,0.0,,,,0.0,0.0,0.0,0.0,0.0,0.0
2025-12-15T17:51:49.801963,Recipe_B,610592ff-dcbe-4f1d-8eb4-f593c5d7ac78,2,0.0,,,,0.0,0.0,0.0,0.0,0.0,0.0
2025-12-15T17:51:50.801963,Recipe_B,610592ff-dcbe-4f1d-8eb4-f593c5d7ac78,2,0.0,,,,0.0,0.0,0.0,0.0,0.0,0.0
2025-12-15T17:51:51.801963,Recipe_B,610592ff-dcbe-4f1d-8eb4-f593c5d7ac78,2,0.0,,,,0.0,0.0,0.0,0.0,0.0,0.0
2025-12-15T17:51:52.801963,Recipe_B,610592ff-dcbe-4f1d-8eb4-f593c5d7ac78,2,0.0,,,,0.0,0.0,0.0,0.0,0.0,0.0
2025-12-15T17:51:53.801963,Recipe_B,610592ff-dcbe-4f1d-8eb4-f593c5d7ac78,2,0.0,,,,0.0,0.0,0.0,0.0,0.0,0.0
2025-12-15T17:51:54.801963,Recipe_B,610592ff-dcbe-4f1d-8eb4-f593c5d7ac78,2,0.0,,,,0.0,0.0,0.0,0.0,0.0,0.0
2025-12-15T17:51:55.801963,Recipe_B,610592ff-dcbe-4f1d-8eb4-f593c5d7ac78,2,0.0,,,,0.0,0.0,0.0,0.0,0.0,0.0
2025-12-15T17:51:56.801963,Recipe_B,610592ff-dcbe-4f1d-8eb4-f593c5d7ac78,2,0.0,,,,0.0,0.0,0.0,0.0,0.0,0.0
2025-12-15T17:51:57.801963,Recipe_B,610592ff-dcbe-4f1d-8eb4-f593c5d7ac78,2,0.0,,,,0.0,0.0,0.0,0.0,0.0,0.0
2025-12-15T17:51:58.801963,Recipe_B,610592ff-dcbe-4f1d-8eb4-f593c5d7ac78,2,0.0,,,,0.0,0.0,0.0,0.0,0.0,0.0
2025-12-15T17:51:59.801963,Recipe_B,610592ff-dcbe-4f1d-8eb4-f593c5d7ac78,2,0.0,,,,0.0,0.0,0.0,0.0,0.0,0.0
2025-12-15T17:52:00.801963,Recipe_B,610592ff-dcbe-4f1d-8eb4-f593c5d7ac78,2,0.0,,,,0.0,0.0,0.0,0.0,0.0,0.0
2025-12-15T17:52:01.801963,Recipe_B,610592ff-dcbe-4f1d-8eb4-f593c5d7ac78,2,0.0,,,,0.0,0.0,0.0,0.0,0.0,0.0
2025-12-15T17:52:02.801963,Recipe_B,610592ff-dcbe-4f1d-8eb4-f593c5d7ac78,2,0.0,,,,0.0,0.0,0.0,0.0,0.0,0.0
2025-12-15T17:52:03.801963,Recipe_B,610592ff-dcbe-4f1d-8eb4-f593c5d7ac78,2,0.0,,,,0.0,0.0,0.0,0.0,0.0,0.0
2025-12-15T17:52:04.801963,Recipe_B,610592ff-dcbe-4f1d-8eb4-f593c5d7ac78,2,0.0,,,,0.0,0.0,0.0,0.0,0.0,0.0
2025-12-15T17:52:05.801963,Recipe_B,610592ff-dcbe-4f1d-8eb4-f593c5d7ac78,2,0.0,,,,0.0,0.0,0.0,0.0,0.0,0.0
2025-12-15T17:52:06.801963,Recipe_B,610592ff-dcbe-4f1d-8eb4-f593c5d7ac78,2,0.0,,,,0.0,0.0,0.0,0.0,0.0,0.0
2025-12-15T17:52:07.801963,Recipe_B,610592ff-dcbe-4f1d-8eb4-f593c5d7ac78,2,0.0,,,,0.0,0.0,0.0,0.0,0.0,0.0
2025-12-15T17:52:08.801963,Recipe_B,610592ff-dcbe-4f1d-8eb4-f593c5d7ac78,2,0.0,,,,0.0,0.0,0.0,0.0,0.0,0.0
2025-12-15T17:52:09.801963,Recipe_B,610592ff-dcbe-4f1d-8eb4-f593c5d7ac78,2,0.0,,,,0.0,0.0,0.0,0.0,0.0,0.0
2025-12-15T17:52:10.801963,Recipe_B,610592ff-dcbe-4f1d-8eb4-f593c5d7ac78,2,0.0,,,,0.0,0.0,0.0,0.0,0.0,0.0
2025-12-15T17:52:11.801963,Recipe_B,610592ff-dcbe-4f1d-8eb4-f593c5d7ac78,2,0.0,,,,0.0,0.0,0.0,0.0,0.0,0.0
2025-12-15T17:52:12.801963,Recipe_B,610592ff-dcbe-4f1d-8eb4-f593c5d7ac78,2,0.0,,,,0.0,0.0,0.0,0.0,0.0,0.0
2025-12-15T17:52:13.801963,Recipe_B,610592ff-dcbe-4f1d-8eb4-f593c5d7ac78,2,0.0,,,,0.0,0.0,0.0,0.0,0.0,0.0
2025-12-15T17:52:14.801963,Recipe_B,610592ff-dcbe-4f1d-8eb4-f593c5d7ac78,2,0.0,,,,0.0,0.0,0.0,0.0,0.0,0.0
2025-12-15T17:52:15.801963,Recipe_B,610592ff-dcbe-4f1d-8eb4-f593c5d7ac78,2,0.0,,,,0.0,0.0,0.0,0.0,0.0,0.0
2025-12-15T17:52:16.801963,Recipe_B,610592ff-dcbe-4f1d-8eb4-f593c5d7ac78,2,0.0,,,,0.0,0.0,0.0,0.0,0.0,0.0
2025-12-15T17:52:17.801963,Recipe_B,610592ff-dcbe-4f1d-8eb4-f593c5d7ac78,2,0.0,,,,0.0,0.0,0.0,0.0,0.0,0.0
2025-12-15T17:52:18.801963,Recipe_B,610592ff-dcbe-4f1d-8eb4-f593c5d7ac78,2,0.0,,,,0.0,0.0,0.0,0.0,0.0,0.0
2025-12-15T17:52:19.801963,Recipe_B,610592ff-dcbe-4f1d-8eb4-f593c5d7ac78,2,0.0,,,,0.0,0.0,0.0,0.0,0.0,0.0
2025-12-15T17:52:20.801963,Recipe_B,610592ff-dcbe-4f1d-8eb4-f593c5d7ac78,2,0.0,,,,0.0,0.0,0.0,0.0,0.0,0.0
2025-12-15T17:52:21.801963,Recipe_B,610592ff-dcbe-4f1d-8eb4-f593c5d7ac78,2,0.0,,,,0.0,0.0,0.0,0.0,0.0,0.0
2025-12-15T17:52:22.801963,Recipe_B,610592ff-dcbe-4f1d-8eb4-f593c5d7ac78,2,0.0,,,,0.0,0.0,0.0,0.0,0.0,0.0
2025-12-15T17:52:23.801963,Recipe_B,610592ff-dcbe-4f1d-8eb4-f593c5d7ac78,2,0.0,,,,0.0,0.0,0.0,0.0,0.0,0.0
2025-12-15T17:52:24.801963,Recipe_B,610592ff-dcbe-4f1d-8eb4-f593c5d7ac78,2,0.0,,,,0.0,0.0,0.0,0.0,0.0,0.0
2025-12-15T17:52:25.801963,Recipe_B,610592ff-dcbe-4f1d-8eb4-f593c5d7ac78,2,0.0,,,,0.0,0.0,0.0,0.0,0.0,0.0
2025-12-15T17:52:26.801963,Recipe_B,610592ff-dcbe-4f1d-8eb4-f593c5d7ac78,2,0.0,,,,0.0,0.0,0.0,0.0,0.0,0.0
2025-12-15T17:52:27.801963,Recipe_B,610592ff-dcbe-4f1d-8eb4-f593c5d7ac78,2,0.0,,,,0.0,0.0,0.0,0.0,0.0,0.0
2025-12-15T17:52:28.801963,Recipe_B,610592ff-dcbe-4f1d-8eb4-f593c5d7ac78,2,0.0,,,,0.0,0.0,0.0,0.0,0.0,0.0
2025-12-15T17:52:29.801963,Recipe_B,610592ff-dcbe-4f1d-8eb4-f593c5d7ac78,2,0.0,,,,0.0,0.0,0.0,0.0,0.0,0.0
2025-12-15T17:52:30.801963,Recipe_B,610592ff-dcbe-4f1d-8eb4-f593c5d7ac78,2,0.0,,,,0.0,0.0,0.0,0.0,0.0,0.0
2025-12-15T17:52:31.801963,Recipe_B,610592ff-dcbe-4f1d-8eb4-f593c5d7ac78,2,0.0,,,,0.0,0.0,0.0,0.0,0.0,0.0
2025-12-15T17:52:32.801963,Recipe_B,610592ff-dcbe-4f1d-8eb4-f593c5d7ac78,2,0.0,,,,0.0,0.0,0.0,0.0,0.0,0.0
2025-12-15T17:52:33.801963,Recipe_B,610592ff-dcbe-4f1d-8eb4-f593c5d7ac78,2,0.0,,,,0.0,0.0,0.0,0.0,0.0,0.0
2025-12-15T17:52:34.801963,Recipe_B,610592ff-dcbe-4f1d-8eb4-f593c5d7ac78,2,0.0,,,,0.0,0.0,0.0,0.0,0.0,0.0
2025-12-15T17:52:35.801963,Recipe_B,610592ff-dcbe-4f1d-8eb4-f593c5d7ac78,2,0.0,,,,0.0,0.0,0.0,0.0,0.0,0.0
2025-12-15T17:52:36.801963,Recipe_B,610592ff-dcbe-4f1d-8eb4-f593c5d7ac78,2,0.0,,,,0.0,0.0,0.0,0.0,0.0,0.0
2025-12-15T17:52:37.801963,Recipe_B,610592ff-dcbe-4f1d-8eb4-f593c5d7ac78,2,0.0,,,,0.0,0.0,0.0,0.0,0.0,0.0
2025-12-15T17:52:38.801963,Recipe_B,610592ff-dcbe-4f1d-8eb4-f593c5d7ac78,2,0.0,,,,0.0,0.0,0.0,0.0,0.0,0.0
2025-12-15T17:52:39.801963,Recipe_B,610592ff-dcbe-4f1d-8eb4-f593c5d7ac78,2,0.0,,,,0.0,0.0,0.0,0.0,0.0,0.0
2025-12-15T17:52:40.801963,Recipe_B,610592ff-dcbe-4f1d-8eb4-f593c5d7ac78,2,0.0,,,,0.0,0.0,0.0,0.0,0.0,0.0
2025-12-15T17:52:41.801963,Recipe_B,610592ff-dcbe-4f1d-8eb4-f593c5d7ac78,2,0.0,,,,0.0,0.0,0.0,0.0,0.0,0.0
2025-12-15T17:52:42.801963,Recipe_B,610592ff-dcbe-4f1d-8eb4-f593c5d7ac78,2,0.0,,,,0.0,0.0,0.0,0.0,0.0,0.0
2025-12-15T17:52:43.801963,Recipe_B,610592ff-dcbe-4f1d-8eb4-f593c5d7ac78,2,0.0,,,,0.0,0.0,0.0,0.0,0.0,0.0
2025-12-15T17:52:44.801963,Recipe_B,610592ff-dcbe-4f1d-8eb4-f593c5d7ac78,2,0.0,,,,0.0,0.0,0.0,0.0,0.0,0.0
2025-12-15T17:52:45.801963,Recipe_B,610592ff-dcbe-4f1d-8eb4-f593c5d7ac78,2,0.0,,,,0.0,0.0,0.0,0.0,0.0,0.0
2025-12-15T17:52:46.801963,Recipe_B,610592ff-dcbe-4f1d-8eb4-f593c5d7ac78,2,0.0,,,,0.0,0.0,0.0,0.0,0.0,0.0
2025-12-15T17:52:47.801963,Recipe_B,610592ff-dcbe-4f1d-8eb4-f593c5d7ac78,2,0.0,,,,0.0,0.0,0.0,0.0,0.0,0.0
2025-12-15T17:52:48.801963,Recipe_B,610592ff-dcbe-4f1d-8eb4-f593c5d7ac78,2,0.0,,,,0.0,0.0,0.0,0.0,0.0,0.0
2025-12-15T17:52:49.801963,Recipe_B,610592ff-dcbe-4f1d-8eb4-f593c5d7ac78,2,0.0,,,,0.0,0.0,0.0,0.0,0.0,0.0
2025-12-15T17:52:50.801963,Recipe_B,610592ff-dcbe-4f1d-8eb4-f593c5d7ac78,2,0.0,,,,0.0,0.0,0.0,0.0,0.0,0.0
2025-12-15T17:52:51.801963,Recipe_B,610592ff-dcbe-4f1d-8eb4-f593c5d7ac78,2,0.0,,,,0.0,0.0,0.0,0.0,0.0,0.0
2025-12-15T17:52:52.801963,Recipe_B,610592ff-dcbe-4f1d-8eb4-f593c5d7ac78,2,0.0,,,,0.0,0.0,0.0,0.0,0.0,0.0
2025-12-15T17:52:53.801963,Recipe_B,610592ff-dcbe-4f1d-8eb4-f593c5d7ac78,2,0.0,,,,0.0,0.0,0.0,0.0,0.0,0.0
2025-12-15T17:52:54.801963,Recipe_B,610592ff-dcbe-4f1d-8eb4-f593c5d7ac78,2,0.0,,,,0.0,0.0,0.0,0.0,0.0,0.0
2025-12-15T17:52:55.801963,Recipe_B,610592ff-dcbe-4f1d-8eb4-f593c5d7ac78,2,0.0,,,,0.0,0.0,0.0,0.0,0.0,0.0
2025-12-15T17:52:56.801963,Recipe_B,610592ff-dcbe-4f1d-8eb4-f593c5d7ac78,2,0.0,,,,0.0,0.0,0.0,0.0,0.0,0.0
2025-12-15T17:52:57.801963,Recipe_B,610592ff-dcbe-4f1d-8eb4-f593c5d7ac78,2,0.0,,,,0.0,0.0,0.0,0.0,0.0,0.0
2025-12-15T17:52:58.801963,Recipe_B,610592ff-dcbe-4f1d-8eb4-f593c5d7ac78,2,0.0,,,,0.0,0.0,0.0,0.0,0.0,0.0
2025-12-15T17:52:59.801963,Recipe_B,610592ff-dcbe-4f1d-8eb4-f593c5d7ac78,2,0.0,,,,0.0,0.0,0.0,0.0,0.0,0.0
2025-12-15T17:53:00.801963,Recipe_B,610592ff-dcbe-4f1d-8eb4-f593c5d7ac78,2,0.0,,,,0.0,0.0,0.0,0.0,0.0,0.0
2025-12-15T17:53:01.801963,Recipe_B,610592ff-dcbe-4f1d-8eb4-f593c5d7ac78,2,0.0,,,,0.0,0.0,0.0,0.0,0.0,0.0
2025-12-15T17:53:02.801963,Recipe_B,610592ff-dcbe-4f1d-8eb4-f593c5d7ac78,2,0.0,,,,0.0,0.0,0.0,0.0,0.0,0.0
2025-12-15T17:53:03.801963,Recipe_B,610592ff-dcbe-4f1d-8eb4-f593c5d7ac78,2,0.0,,,,0.0,0.0,0.0,0.0,0.0,0.0
2025-12-15T17:53:04.801963,Recipe_B,610592ff-dcbe-4f1d-8eb4-f593c5d7ac78,2,0.0,,,,0.0,0.0,0.0,0.0,0.0,0.0
2025-12-15T17:53:05.801963,Recipe_B,610592ff-dcbe-4f1d-8eb4-f593c5d7ac78,2,0.0,,,,0.0,0.0,0.0,0.0,0.0,0.0
2025-12-15T17:53:06.801963,Recipe_B,610592ff-dcbe-4f1d-8eb4-f593c5d7ac78,2,0.0,,,,0.0,0.0,0.0,0.0,0.0,0.0
2025-12-15T17:53:07.801963,Recipe_B,610592ff-dcbe-4f1d-8eb4-f593c5d7ac78,2,0.0,,,,0.0,0.0,0.0,0.0,0.0,0.0
2025-12-15T17:53:08.801963,Recipe_B,610592ff-dcbe-4f1d-8eb4-f593c5d7ac78,2,0.0,,,,0.0,0.0,0.0,0.0,0.0,0.0
2025-12-15T17:53:09.801963,Recipe_B,610592ff-dcbe-4f1d-8eb4-f593c5d7ac78,2,0.0,,,,0.0,0.0,0.0,0.0,0.0,0.0
2025-12-15T17:53:10.801963,Recipe_B,610592ff-dcbe-4f1d-8eb4-f593c5d7ac78,2,0.0,,,,0.0,0.0,0.0,0.0,0.0,0.0
2025-12-15T17:53:11.801963,Recipe_B,610592ff-dcbe-4f1d-8eb4-f593c5d7ac78,2,0.0,,,,0.0,0.0,0.0,0.0,0.0,0.0
2025-12-15T17:53:12.801963,Recipe_B,610592ff-dcbe-4f1d-8eb4-f593c5d7ac78,2,0.0,,,,0.0,0.0,0.0,0.0,0.0,0.0
2025-12-15T17:53:13.801963,Recipe_B,610592ff-dcbe-4f1d-8eb4-f593c5d7ac78,2,0.0,,,,0.0,0.0,0.0,0.0,0.0,0.0
2025-12-15T17:53:14.801963,Recipe_B,610592ff-dcbe-4f1d-8eb4-f593c5d7ac78,2,0.0,,,,0.0,0.0,0.0,0.0,0.0,0.0
2025-12-15T17:53:15.801963,Recipe_B,610592ff-dcbe-4f1d-8eb4-f593c5d7ac78,2,0.0,,,,0.0,0.0,0.0,0.0,0.0,0.0
2025-12-15T17:53:16.801963,Recipe_B,610592ff-dcbe-4f1d-8eb4-f593c5d7ac78,2,0.0,,,,0.0,0.0,0.0,0.0,0.0,0.0
2025-12-15T17:53:17.801963,Recipe_B,610592ff-dcbe-4f1d-8eb4-f593c5d7ac78,2,0.0,,,,0.0,0.0,0.0,0.0,0.0,0.0
2025-12-15T17:53:18.801963,Recipe_B,610592ff-dcbe-4f1d-8eb4-f593c5d7ac78,2,0.0,,,,0.0,0.0,0.0,0.0,0.0,0.0
2025-12-15T17:53:19.801963,Recipe_B,610592ff-dcbe-4f1d-8eb4-f593c5d7ac78,2,0.0,,,,0.0,0.0,0.0,0.0,0.0,0.0
2025-12-15T17:53:20.801963,Recipe_B,610592ff-dcbe-4f1d-8eb4-f593c5d7ac78,2,0.0,,,,0.0,0.0,0.0,0.0,0.0,0.0
2025-12-15T17:53:21.801963,Recipe_B,610592ff-dcbe-4f1d-8eb4-f593c5d7ac78,2,0.0,,,,0.0,0.0,0.0,0.0,0.0,0.0
2025-12-15T17:53:22.801963,Recipe_B,610592ff-dcbe-4f1d-8eb4-f593c5d7ac78,2,0.0,,,,0.0,0.0,0.0,0.0,0.0,0.0
2025-12-15T17:53:23.801963,Recipe_B,610592ff-dcbe-4f1d-8eb4-f593c5d7ac78,2,0.0,,,,0.0,0.0,0.0,0.0,0.0,0.0
2025-12-15T17:53:24.801963,Recipe_B,610592ff-dcbe-4f1d-8eb4-f593c5d7ac78,2,0.0,,,,0.0,0.0,0.0,0.0,0.0,0.0
2025-12-15T17:53:25.801963,Recipe_B,610592ff-dcbe-4f1d-8eb4-f593c5d7ac78,2,0.0,,,,0.0,0.0,0.0,0.0,0.0,0.0
2025-12-15T17:53:26.801963,Recipe_B,610592ff-dcbe-4f1d-8eb4-f593c5d7ac78,2,0.0,,,,0.0,0.0,0.0,0.0,0.0,0.0
2025-12-15T17:53:27.801963,Recipe_B,610592ff-dcbe-4f1d-8eb4-f593c5d7ac78,2,0.0,,,,0.0,0.0,0.0,0.0,0.0,0.0
2025-12-15T17:53:28.801963,Recipe_B,610592ff-dcbe-4f1d-8eb4-f593c5d7ac78,2,0.0,,,,0.0,0.0,0.0,0.0,0.0,0.0
2025-12-15T17:53:29.801963,Recipe_B,610592ff-dcbe-4f1d-8eb4-f593c5d7ac78,2,0.0,,,,0.0,0.0,0.0,0.0,0.0,0.0
2025-12-15T17:53:30.801963,Recipe_B,610592ff-dcbe-4f1d-8eb4-f593c5d7ac78,2,5.0,,,,10.8,12.96,4.28,14.25,9.41,5.23
2025-12-15T17:53:31.801963,Recipe_B,610592ff-dcbe-4f1d-8eb4-f593c5d7ac78,2,5.0,,,,8.73,9.79,10.68,11.18,8.41,9.23
2025-12-15T17:53:32.801963,Recipe_B,610592ff-dcbe-4f1d-8eb4-f593c5d7ac78,2,5.0,,,,12.82,9.47,10.9,9.31,6.06,12.15
2025-12-15T17:53:32.801963,Recipe_B,610592ff-dcbe-4f1d-8eb4-f593c5d7ac78,2,5.0,Warning_9,Simulated Warning occurred,Warning,,,,,,
2025-12-15T17:53:33.801963,Recipe_B,610592ff-dcbe-4f1d-8eb4-f593c5d7ac78,2,5.0,,,,9.92,10.25,11.45,13.0,11.5,9.07
2025-12-15T17:53:34.801963,Recipe_B,610592ff-dcbe-4f1d-8eb4-f593c5d7ac78,2,5.0,,,,9.38,8.67,11.96,7.58,11.1,11.31
2025-12-15T17:53:35.801963,Recipe_B,610592ff-dcbe-4f1d-8eb4-f593c5d7ac78,2,5.0,,,,9.74,7.85,10.32,12.01,10.1,9.87
2025-12-15T17:53:36.801963,Recipe_B,610592ff-dcbe-4f1d-8eb4-f593c5d7ac78,2,5.0,,,,7.32,7.49,15.08,9.31,11.47,12.65
2025-12-15T17:53:37.801963,Recipe_B,610592ff-dcbe-4f1d-8eb4-f593c5d7ac78,2,5.0,,,,10.95,5.99,9.76,8.91,13.44,11.85
2025-12-15T17:53:38.801963,Recipe_B,610592ff-dcbe-4f1d-8eb4-f593c5d7ac78,2,5.0,,,,8.71,13.81,11.71,12.75,13.76,9.34
2025-12-15T17:53:39.801963,Recipe_B,610592ff-dcbe-4f1d-8eb4-f593c5d7ac78,2,5.0,,,,11.43,9.98,9.72,11.44,9.11,11.65
2025-12-15T17:53:40.801963,Recipe_B,610592ff-dcbe-4f1d-8eb4-f593c5d7ac78,2,5.0,,,,11.88,14.36,11.31,7.76,8.97,9.66
2025-12-15T17:53:41.801963,Recipe_B,610592ff-dcbe-4f1d-8eb4-f593c5d7ac78,2,5.0,,,,9.38,11.57,8.18,8.44,8.59,10.77
2025-12-15T17:53:42.801963,Recipe_B,610592ff-dcbe-4f1d-8eb4-f593c5d7ac78,2,5.0,,,,7.77,10.59,8.56,10.83,8.65,5.98
2025-12-15T17:53:43.801963,Recipe_B,610592ff-dcbe-4f1d-8eb4-f593c5d7ac78,2,5.0,,,,9.39,7.37,8.54,10.8,8.79,9.09
2025-12-15T17:53:44.801963,Recipe_B,610592ff-dcbe-4f1d-8eb4-f593c5d7ac78,2,5.0,,,,9.45,11.71,11.43,8.65,7.99,10.14
2025-12-15T17:53:45.801963,Recipe_B,610592ff-dcbe-4f1d-8eb4-f593c5d7ac78,2,5.0,,,,9.61,8.78,11.34,9.2,8.28,8.87
2025-12-15T17:53:46.801963,Recipe_B,610592ff-dcbe-4f1d-8eb4-f593c5d7ac78,2,5.0,,,,10.91,11.04,8.98,9.49,11.97,10.23
2025-12-15T17:53:47.801963,Recipe_B,610592ff-dcbe-4f1d-8eb4-f593c5d7ac78,2,5.0,,,,7.97,12.65,8.35,9.62,13.16,11.36
2025-12-15T17:53:48.801963,Recipe_B,610592ff-dcbe-4f1d-8eb4-f593c5d7ac78,2,5.0,,,,10.33,8.96,9.96,8.03,8.48,11.21
2025-12-15T17:53:49.801963,Recipe_B,610592ff-dcbe-4f1d-8eb4-f593c5d7ac78,2,5.0,,,,5.72,15.01,10.98,9.67,10.65,8.34
2025-12-15T17:53:50.801963,Recipe_B,610592ff-dcbe-4f1d-8eb4-f593c5d7ac78,2,5.0,,,,11.09,11.78,11.98,9.75,10.31,7.97
2025-12-15T17:53:51.801963,Recipe_B,610592ff-dcbe-4f1d-8eb4-f593c5d7ac78,2,5.0,,,,9.12,11.03,10.13,9.29,13.36,11.9
2025-12-15T17:53:52.801963,Recipe_B,610592ff-dcbe-4f1d-8eb4-f593c5d7ac78,2,5.0,,,,10.64,3.94,10.07,11.55,11.09,13.09
2025-12-15T17:53:53.801963,Recipe_B,610592ff-dcbe-4f1d-8eb4-f593c5d7ac78,2,5.0,,,,8.73,10.8,7.49,8.9,10.49,11.39
2025-12-15T17:53:54.801963,Recipe_B,610592ff-dcbe-4f1d-8eb4-f593c5d7ac78,2,5.0,,,,7.61,8.52,5.99,6.87,9.8,11.03
2025-12-15T17:53:55.801963,Recipe_B,610592ff-dcbe-4f1d-8eb4-f593c5d7ac78,2,5.0,,,,8.97,9.43,15.03,9.94,6.17,7.25
2025-12-15T17:53:56.801963,Recipe_B,610592ff-dcbe-4f1d-8eb4-f593c5d7ac78,2,1.0,,,,7.84,7.69,6.81,8.63,11.99,9.69
2025-12-15T17:53:57.801963,Recipe_B,610592ff-dcbe-4f1d-8eb4-f593c5d7ac78,2,1.0,,,,9.54,10.11,8.88,8.39,9.63,9.04
2025-12-15T17:53:58.801963,Recipe_B,610592ff-dcbe-4f1d-8eb4-f593c5d7ac78,2,1.0,,,,8.33,10.3,6.97,10.57,9.83,10.61
2025-12-15T17:53:59.801963,Recipe_B,610592ff-dcbe-4f1d-8eb4-f593c5d7ac78,2,1.0,,,,8.5,11.11,12.18,8.94,7.12,6.83
2025-12-15T17:54:00.801963,Recipe_B,610592ff-dcbe-4f1d-8eb4-f593c5d7ac78,2,1.0,,,,9.91,7.22,9.63,8.02,12.27,12.42
2025-12-15T17:54:01.801963,Recipe_B,610592ff-dcbe-4f1d-8eb4-f593c5d7ac78,2,1.0,,,,9.98,9.06,7.5,9.88,6.27,9.94
2025-12-15T17:54:02.801963,Recipe_B,610592ff-dcbe-4f1d-8eb4-f593c5d7ac78,2,1.0,,,,9.02,7.81,11.09,10.25,11.08,12.64
2025-12-15T17:54:03.801963,Recipe_B,610592ff-dcbe-4f1d-8eb4-f593c5d7ac78,2,1.0,,,,8.05,9.67,9.69,9.83,9.3,11.21
2025-12-15T17:54:04.801963,Recipe_B,610592ff-dcbe-4f1d-8eb4-f593c5d7ac78,2,1.0,,,,10.2,9.52,11.96,9.64,8.89,9.84
2025-12-15T17:54:05.801963,Recipe_B,610592ff-dcbe-4f1d-8eb4-f593c5d7ac78,2,1.0,,,,8.42,9.25,11.53,9.95,9.87,6.5
2025-12-15T17:54:06.801963,Recipe_B,610592ff-dcbe-4f1d-8eb4-f593c5d7ac78,2,1.0,,,,8.19,9.75,11.61,10.7,14.05,9.69
2025-12-15T17:54:07.801963,Recipe_B,610592ff-dcbe-4f1d-8eb4-f593c5d7ac78,2,1.0,,,,7.31,9.59,12.37,7.89,14.06,9.54
2025-12-15T17:54:08.801963,Recipe_B,610592ff-dcbe-4f1d-8eb4-f593c5d7ac78,2,1.0,,,,6.76,8.35,11.65,12.86,12.12,8.4
2025-12-15T17:54:09.801963,Recipe_B,610592ff-dcbe-4f1d-8eb4-f593c5d7ac78,2,1.0,,,,10.75,8.02,9.68,12.74,10.13,7.36
2025-12-15T17:54:10.801963,Recipe_B,610592ff-dcbe-4f1d-8eb4-f593c5d7ac78,2,1.0,,,,8.67,13.29,8.79,10.46,11.65,10.69
2025-12-15T17:54:11.801963,Recipe_B,610592ff-dcbe-4f1d-8eb4-f593c5d7ac78,2,1.0,,,,6.93,8.21,12.2,8.48,8.59,9.44
2025-12-15T17:54:12.801963,Recipe_B,610592ff-dcbe-4f1d-8eb4-f593c5d7ac78,2,1.0,,,,9.36,4.4,11.0,12.12,11.94,13.06
2025-12-15T17:54:13.801963,Recipe_B,610592ff-dcbe-4f1d-8eb4-f593c5d7ac78,2,1.0,,,,10.12,10.11,10.2,5.2,4.31,11.57
2025-12-15T17:54:14.801963,Recipe_B,610592ff-dcbe-4f1d-8eb4-f593c5d7ac78,2,1.0,,,,8.45,12.26,7.95,8.58,10.19,9.0
2025-12-15T17:54:15.801963,Recipe_B,610592ff-dcbe-4f1d-8eb4-f593c5d7ac78,2,1.0,,,,10.21,10.14,9.25,10.57,7.96,10.23
2025-12-15T17:54:16.801963,Recipe_B,610592ff-dcbe-4f1d-8eb4-f593c5d7ac78,2,1.0,,,,10.34,12.77,9.27,9.41,6.22,9.02
2025-12-15T17:54:17.801963,Recipe_B,610592ff-dcbe-4f1d-8eb4-f593c5d7ac78,2,1.0,,,,6.17,11.25,5.61,6.75,8.84,12.4
2025-12-15T17:54:18.801963,Recipe_B,610592ff-dcbe-4f1d-8eb4-f593c5d7ac78,2,1.0,,,,9.39,9.0,14.58,7.65,10.31,8.05
2025-12-15T17:54:19.801963,Recipe_B,610592ff-dcbe-4f1d-8eb4-f593c5d7ac78,2,1.0,,,,8.38,12.27,11.12,10.64,10.64,12.59
2025-12-15T17:54:20.801963,Recipe_B,610592ff-dcbe-4f1d-8eb4-f593c5d7ac78,2,1.0,,,,5.92,6.73,9.79,10.25,8.11,8.46
2025-12-15T17:54:21.801963,Recipe_B,610592ff-dcbe-4f1d-8eb4-f593c5d7ac78,2,1.0,,,,11.49,9.68,11.04,8.25,10.93,7.15
2025-12-15T17:54:22.801963,Recipe_B,610592ff-dcbe-4f1d-8eb4-f593c5d7ac78,2,1.0,,,,12.22,9.33,12.84,12.83,10.99,8.99
2025-12-15T17:54:23.801963,Recipe_B,610592ff-dcbe-4f1d-8eb4-f593c5d7ac78,2,1.0,,,,11.66,7.8,11.29,10.39,10.46,11.42
2025-12-15T17:54:24.801963,Recipe_B,610592ff-dcbe-4f1d-8eb4-f593c5d7ac78,2,1.0,,,,11.29,12.31,9.5,10.41,8.53,8.96
2025-12-15T17:54:25.801963,Recipe_B,610592ff-dcbe-4f1d-8eb4-f593c5d7ac78,2,1.0,,,,11.61,10.93,9.33,13.23,9.89,10.88
2025-12-15T17:54:26.801963,Recipe_B,610592ff-dcbe-4f1d-8eb4-f593c5d7ac78,2,1.0,,,,9.33,13.53,12.57,12.35,10.35,10.36
2025-12-15T17:54:27.801963,Recipe_B,610592ff-dcbe-4f1d-8eb4-f593c5d7ac78,2,1.0,,,,7.04,9.24,14.43,7.17,8.91,12.33
2025-12-15T17:54:28.801963,Recipe_B,610592ff-dcbe-4f1d-8eb4-f593c5d7ac78,2,1.0,,,,9.39,11.19,11.36,12.69,11.2,11.07
2025-12-15T17:54:29.801963,Recipe_B,610592ff-dcbe-4f1d-8eb4-f593c5d7ac78,2,1.0,,,,9.32,10.82,11.61,9.45,9.99,8.81
2025-12-15T17:54:30.801963,Recipe_B,610592ff-dcbe-4f1d-8eb4-f593c5d7ac78,2,1.0,,,,12.46,9.01,9.89,8.06,10.92,8.37
2025-12-15T17:54:31.801963,Recipe_B,610592ff-dcbe-4f1d-8eb4-f593c5d7ac78,2,1.0,,,,10.58,12.65,6.18,8.94,9.87,11.13
2025-12-15T17:54:32.801963,Recipe_B,610592ff-dcbe-4f1d-8eb4-f593c5d7ac78,2,1.0,,,,6.39,9.04,9.58,6.92,9.46,9.02
2025-12-15T17:54:33.801963,Recipe_B,610592ff-dcbe-4f1d-8eb4-f593c5d7ac78,2,1.0,,,,10.9,9.68,9.23,8.07,6.51,10.13
2025-12-15T17:54:34.801963,Recipe_B,610592ff-dcbe-4f1d-8eb4-f593c5d7ac78,2,1.0,,,,10.08,11.63,8.46,12.4,10.75,11.83
2025-12-15T17:54:35.801963,Recipe_B,610592ff-dcbe-4f1d-8eb4-f593c5d7ac78,2,1.0,,,,10.18,13.13,8.03,7.44,8.76,12.44
2025-12-15T17:54:36.801963,Recipe_B,610592ff-dcbe-4f1d-8eb4-f593c5d7ac78,2,1.0,,,,8.94,6.93,9.63,8.96,12.73,8.98
2025-12-15T17:54:37.801963,Recipe_B,610592ff-dcbe-4f1d-8eb4-f593c5d7ac78,2,1.0,,,,10.09,10.26,8.49,8.64,6.38,7.36
2025-12-15T17:54:38.801963,Recipe_B,610592ff-dcbe-4f1d-8eb4-f593c5d7ac78,2,1.0,,,,9.01,7.76,7.51,8.52,11.94,7.88
2025-12-15T17:54:39.801963,Recipe_B,610592ff-dcbe-4f1d-8eb4-f593c5d7ac78,2,1.0,,,,7.94,12.53,6.16,10.27,8.74,10.61
2025-12-15T17:54:40.801963,Recipe_B,610592ff-dcbe-4f1d-8eb4-f593c5d7ac78,2,1.0,,,,12.0,12.79,10.16,8.55,12.6,10.64
2025-12-15T17:54:41.801963,Recipe_B,610592ff-dcbe-4f1d-8eb4-f593c5d7ac78,2,1.0,,,,11.71,11.51,9.5,10.54,11.23,12.98
2025-12-15T17:54:42.801963,Recipe_B,610592ff-dcbe-4f1d-8eb4-f593c5d7ac78,2,1.0,,,,10.98,8.37,13.12,8.83,9.11,11.32
2025-12-15T17:54:43.801963,Recipe_B,610592ff-dcbe-4f1d-8eb4-f593c5d7ac78,2,1.0,,,,11.57,11.06,9.18,12.18,9.82,11.17
2025-12-15T17:54:44.801963,Recipe_B,610592ff-dcbe-4f1d-8eb4-f593c5d7ac78,2,1.0,,,,9.24,9.06,9.71,6.5,12.84,7.67
2025-12-15T17:54:45.801963,Recipe_B,610592ff-dcbe-4f1d-8eb4-f593c5d7ac78,2,1.0,,,,11.08,12.21,10.64,9.0,15.8,6.64
2025-12-15T17:54:46.801963,Recipe_B,610592ff-dcbe-4f1d-8eb4-f593c5d7ac78,2,1.0,,,,8.62,10.86,11.02,8.23,13.48,8.62
2025-12-15T17:54:47.801963,Recipe_B,610592ff-dcbe-4f1d-8eb4-f593c5d7ac78,2,1.0,,,,10.57,9.43,9.32,9.2,11.84,11.88
2025-12-15T17:54:48.801963,Recipe_B,610592ff-dcbe-4f1d-8eb4-f593c5d7ac78,2,4.0,,,,94.2,46.81,52.65,51.01,47.77,54.3
2025-12-15T17:54:49.801963,Recipe_B,610592ff-dcbe-4f1d-8eb4-f593c5d7ac78,2,4.0,,,,97.26,41.28,44.12,44.59,45.57,46.45
2025-12-15T17:54:50.801963,Recipe_B,610592ff-dcbe-4f1d-8eb4-f593c5d7ac78,2,4.0,,,,98.17,53.36,50.88,47.16,47.45,55.02
2025-12-15T17:54:51.801963,Recipe_B,610592ff-dcbe-4f1d-8eb4-f593c5d7ac78,2,4.0,,,,104.12,44.81,57.86,43.25,39.28,52.92
2025-12-15T17:54:52.801963,Recipe_B,610592ff-dcbe-4f1d-8eb4-f593c5d7ac78,2,4.0,,,,94.32,52.2,59.77,45.38,53.56,44.18
2025-12-15T17:54:53.801963,Recipe_B,610592ff-dcbe-4f1d-8eb4-f593c5d7ac78,2,4.0,,,,94.67,49.72,48.54,51.2,46.21,49.22
2025-12-15T17:54:54.801963,Recipe_B,610592ff-dcbe-4f1d-8eb4-f593c5d7ac78,2,4.0,,,,94.72,42.41,50.0,48.42,47.49,46.8
2025-12-15T17:54:55.801963,Recipe_B,610592ff-dcbe-4f1d-8eb4-f593c5d7ac78,2,4.0,,,,104.88,53.65,55.2,54.53,50.17,47.13
2025-12-15T17:54:56.801963,Recipe_B,610592ff-dcbe-4f1d-8eb4-f593c5d7ac78,2,4.0,,,,97.31,58.98,47.25,53.11,42.2,53.37
2025-12-15T17:54:57.801963,Recipe_B,610592ff-dcbe-4f1d-8eb4-f593c5d7ac78,2,4.0,,,,100.48,56.65,45.2,55.89,52.36,47.84
2025-12-15T17:54:58.801963,Recipe_B,610592ff-dcbe-4f1d-8eb4-f593c5d7ac78,2,4.0,,,,107.87,47.36,50.9,50.14,40.73,56.59
2025-12-15T17:54:59.801963,Recipe_B,610592ff-dcbe-4f1d-8eb4-f593c5d7ac78,2,4.0,,,,101.47,49.01,53.01,50.22,49.43,56.28
2025-12-15T17:54:59.801963,Recipe_B,610592ff-dcbe-4f1d-8eb4-f593c5d7ac78,2,4.0,Warning_6,Simulated Warning occurred,Warning,,,,,,
2025-12-15T17:55:00.801963,Recipe_B,610592ff-dcbe-4f1d-8eb4-f593c5d7ac78,2,4.0,,,,107.21,51.26,48.39,39.4,48.56,55.01
2025-12-15T17:55:01.801963,Recipe_B,610592ff-dcbe-4f1d-8eb4-f593c5d7ac78,2,4.0,,,,95.93,47.22,53.77,50.68,45.33,43.51
2025-12-15T17:55:02.801963,Recipe_B,610592ff-dcbe-4f1d-8eb4-f593c5d7ac78,2,4.0,,,,95.49,46.66,57.64,45.18,55.47,56.25
2025-12-15T17:55:03.801963,Recipe_B,610592ff-dcbe-4f1d-8eb4-f593c5d7ac78,2,4.0,,,,100.55,47.55,50.49,50.05,53.79,51.57
2025-12-15T17:55:04.801963,Recipe_B,610592ff-dcbe-4f1d-8eb4-f593c5d7ac78,2,4.0,,,,94.07,43.31,56.19,51.14,47.76,43.02
2025-12-15T17:55:05.801963,Recipe_B,610592ff-dcbe-4f1d-8eb4-f593c5d7ac78,2,4.0,,,,97.77,40.2,57.59,38.64,44.29,53.49
2025-12-15T17:55:06.801963,Recipe_B,610592ff-dcbe-4f1d-8eb4-f593c5d7ac78,2,4.0,,,,93.71,46.6,53.55,48.53,55.94,46.89
2025-12-15T17:55:07.801963,Recipe_B,610592ff-dcbe-4f1d-8eb4-f593c5d7ac78,2,4.0,,,,86.31,44.97,42.51,56.73,58.35,50.73
2025-12-15T17:55:08.801963,Recipe_B,610592ff-dcbe-4f1d-8eb4-f593c5d7ac78,2,4.0,,,,102.07,45.72,46.62,52.2,46.9,46.61
2025-12-15T17:55:09.801963,Recipe_B,610592ff-dcbe-4f1d-8eb4-f593c5d7ac78,2,4.0,,,,105.44,59.02,40.49,47.55,53.38,51.56
2025-12-15T17:55:10.801963,Recipe_B,610592ff-dcbe-4f1d-8eb4-f593c5d7ac78,2,4.0,,,,105.64,45.8,50.69,50.77,51.7,52.87
2025-12-15T17:55:11.801963,Recipe_B,610592ff-dcbe-4f1d-8eb4-f593c5d7ac78,2,2.0,,,,11.16,7.52,7.67,9.52,7.11,9.14
2025-12-15T17:55:12.801963,Recipe_B,610592ff-dcbe-4f1d-8eb4-f593c5d7ac78,2,2.0,,,,10.52,9.39,11.72,5.01,7.62,13.08
2025-12-15T17:55:13.801963,Recipe_B,610592ff-dcbe-4f1d-8eb4-f593c5d7ac78,2,2.0,,,,10.45,12.59,6.6,9.89,9.97,7.18
2025-12-15T17:55:14.801963,Recipe_B,610592ff-dcbe-4f1d-8eb4-f593c5d7ac78,2,2.0,,,,7.11,11.51,9.45,10.96,12.64,12.04
2025-12-15T17:55:15.801963,Recipe_B,610592ff-dcbe-4f1d-8eb4-f593c5d7ac78,2,2.0,,,,11.53,14.78,10.46,12.18,9.79,9.11
2025-12-15T17:55:16.801963,Recipe_B,610592ff-dcbe-4f1d-8eb4-f593c5d7ac78,2,1.0,,,,9.13,12.05,11.93,11.57,11.27,7.89
2025-12-15T17:55:17.801963,Recipe_B,610592ff-dcbe-4f1d-8eb4-f593c5d7ac78,2,1.0,,,,8.56,12.62,12.77,11.93,13.51,6.75
2025-12-15T17:55:18.801963,Recipe_B,610592ff-dcbe-4f1d-8eb4-f593c5d7ac78,2,0.0,,,,0.0,0.0,0.0,0.0,0.0,0.0
2025-12-15T17:55:19.801963,Recipe_B,610592ff-dcbe-4f1d-8eb4-f593c5d7ac78,2,0.0,,,,0.0,0.0,0.0,0.0,0.0,0.0
2025-12-15T17:55:20.801963,Recipe_B,610592ff-dcbe-4f1d-8eb4-f593c5d7ac78,2,0.0,,,,0.0,0.0,0.0,0.0,0.0,0.0
2025-12-15T17:55:21.801963,Recipe_B,610592ff-dcbe-4f1d-8eb4-f593c5d7ac78,2,0.0,,,,0.0,0.0,0.0,0.0,0.0,0.0
2025-12-15T17:55:22.801963,Recipe_B,610592ff-dcbe-4f1d-8eb4-f593c5d7ac78,2,0.0,,,,0.0,0.0,0.0,0.0,0.0,0.0
2025-12-15T17:55:23.801963,Recipe_B,610592ff-dcbe-4f1d-8eb4-f593c5d7ac78,2,0.0,,,,0.0,0.0,0.0,0.0,0.0,0.0
2025-12-15T17:55:24.801963,Recipe_B,610592ff-dcbe-4f1d-8eb4-f593c5d7ac78,2,0.0,,,,0.0,0.0,0.0,0.0,0.0,0.0
2025-12-15T17:55:25.801963,Recipe_B,610592ff-dcbe-4f1d-8eb4-f593c5d7ac78,2,0.0,,,,0.0,0.0,0.0,0.0,0.0,0.0
2025-12-15T17:55:26.801963,Recipe_B,610592ff-dcbe-4f1d-8eb4-f593c5d7ac78,2,0.0,,,,0.0,0.0,0.0,0.0,0.0,0.0
2025-12-15T17:55:27.801963,Recipe_B,610592ff-dcbe-4f1d-8eb4-f593c5d7ac78,2,0.0,,,,0.0,0.0,0.0,0.0,0.0,0.0
2025-12-15T17:55:28.801963,Recipe_B,610592ff-dcbe-4f1d-8eb4-f593c5d7ac78,2,0.0,,,,0.0,0.0,0.0,0.0,0.0,0.0
2025-12-15T17:55:29.801963,Recipe_B,610592ff-dcbe-4f1d-8eb4-f593c5d7ac78,2,0.0,,,,0.0,0.0,0.0,0.0,0.0,0.0
2025-12-15T17:55:30.801963,Recipe_B,610592ff-dcbe-4f1d-8eb4-f593c5d7ac78,2,0.0,,,,0.0,0.0,0.0,0.0,0.0,0.0
2025-12-15T17:55:31.801963,Recipe_B,610592ff-dcbe-4f1d-8eb4-f593c5d7ac78,2,0.0,,,,0.0,0.0,0.0,0.0,0.0,0.0
2025-12-15T17:55:32.801963,Recipe_B,610592ff-dcbe-4f1d-8eb4-f593c5d7ac78,2,0.0,,,,0.0,0.0,0.0,0.0,0.0,0.0
2025-12-15T17:55:33.801963,Recipe_B,610592ff-dcbe-4f1d-8eb4-f593c5d7ac78,2,0.0,,,,0.0,0.0,0.0,0.0,0.0,0.0
2025-12-15T17:55:34.801963,Recipe_B,610592ff-dcbe-4f1d-8eb4-f593c5d7ac78,2,0.0,,,,0.0,0.0,0.0,0.0,0.0,0.0
2025-12-15T17:55:35.801963,Recipe_B,610592ff-dcbe-4f1d-8eb4-f593c5d7ac78,2,0.0,,,,0.0,0.0,0.0,0.0,0.0,0.0
2025-12-15T17:55:36.801963,Recipe_B,610592ff-dcbe-4f1d-8eb4-f593c5d7ac78,2,0.0,,,,0.0,0.0,0.0,0.0,0.0,0.0
2025-12-15T17:55:37.801963,Recipe_B,610592ff-dcbe-4f1d-8eb4-f593c5d7ac78,2,0.0,,,,0.0,0.0,0.0,0.0,0.0,0.0
2025-12-15T17:55:38.801963,Recipe_B,610592ff-dcbe-4f1d-8eb4-f593c5d7ac78,2,0.0,,,,0.0,0.0,0.0,0.0,0.0,0.0
2025-12-15T17:55:39.801963,Recipe_B,610592ff-dcbe-4f1d-8eb4-f593c5d7ac78,2,0.0,,,,0.0,0.0,0.0,0.0,0.0,0.0
2025-12-15T17:55:40.801963,Recipe_B,610592ff-dcbe-4f1d-8eb4-f593c5d7ac78,2,0.0,,,,0.0,0.0,0.0,0.0,0.0,0.0
2025-12-15T17:55:41.801963,Recipe_B,610592ff-dcbe-4f1d-8eb4-f593c5d7ac78,2,0.0,,,,0.0,0.0,0.0,0.0,0.0,0.0
2025-12-15T17:55:42.801963,Recipe_B,610592ff-dcbe-4f1d-8eb4-f593c5d7ac78,2,0.0,,,,0.0,0.0,0.0,0.0,0.0,0.0
2025-12-15T17:55:43.801963,Recipe_B,610592ff-dcbe-4f1d-8eb4-f593c5d7ac78,2,1.0,,,,14.34,12.51,7.81,9.21,12.31,12.14
2025-12-15T17:55:44.801963,Recipe_B,610592ff-dcbe-4f1d-8eb4-f593c5d7ac78,2,1.0,,,,7.04,8.88,10.65,8.19,10.84,11.35
2025-12-15T17:55:45.801963,Recipe_B,610592ff-dcbe-4f1d-8eb4-f593c5d7ac78,2,1.0,,,,10.56,9.59,13.02,9.23,11.37,9.61
2025-12-15T17:55:46.801963,Recipe_B,610592ff-dcbe-4f1d-8eb4-f593c5d7ac78,2,1.0,,,,12.34,10.1,9.9,10.07,8.48,11.85
2025-12-15T17:55:47.801963,Recipe_B,610592ff-dcbe-4f1d-8eb4-f593c5d7ac78,2,1.0,,,,10.95,11.0,8.32,12.61,9.93,11.41
2025-12-15T17:55:48.801963,Recipe_B,610592ff-dcbe-4f1d-8eb4-f593c5d7ac78,2,1.0,,,,9.08,8.36,11.17,10.38,6.33,12.46
2025-12-15T17:55:49.801963,Recipe_B,610592ff-dcbe-4f1d-8eb4-f593c5d7ac78,2,1.0,,,,10.9,8.58,7.69,12.15,6.41,9.02
2025-12-15T17:55:50.801963,Recipe_B,610592ff-dcbe-4f1d-8eb4-f593c5d7ac78,2,1.0,,,,11.93,10.42,9.68,10.5,12.01,8.89
2025-12-15T17:55:51.801963,Recipe_B,610592ff-dcbe-4f1d-8eb4-f593c5d7ac78,2,1.0,,,,9.73,7.4,7.8,8.85,9.69,12.19
2025-12-15T17:55:52.801963,Recipe_B,610592ff-dcbe-4f1d-8eb4-f593c5d7ac78,2,1.0,,,,8.19,9.13,8.16,8.84,10.5,9.44
2025-12-15T17:55:53.801963,Recipe_B,610592ff-dcbe-4f1d-8eb4-f593c5d7ac78,2,1.0,,,,8.36,7.13,9.29,8.83,4.6,8.67
2025-12-15T17:55:54.801963,Recipe_B,610592ff-dcbe-4f1d-8eb4-f593c5d7ac78,2,1.0,,,,11.81,12.27,8.6,6.66,6.47,9.0
2025-12-15T17:55:55.801963,Recipe_B,610592ff-dcbe-4f1d-8eb4-f593c5d7ac78,2,1.0,,,,11.1,10.18,10.44,8.64,13.93,10.3
2025-12-15T17:55:56.801963,Recipe_B,610592ff-dcbe-4f1d-8eb4-f593c5d7ac78,2,1.0,,,,11.06,13.61,10.4,4.46,10.54,10.1
2025-12-15T17:55:57.801963,Recipe_B,610592ff-dcbe-4f1d-8eb4-f593c5d7ac78,2,1.0,,,,10.06,12.51,10.37,10.77,11.72,10.51
2025-12-15T17:55:58.801963,Recipe_B,610592ff-dcbe-4f1d-8eb4-f593c5d7ac78,2,1.0,,,,9.68,5.81,11.0,11.99,10.11,10.36
2025-12-15T17:55:59.801963,Recipe_B,610592ff-dcbe-4f1d-8eb4-f593c5d7ac78,2,1.0,,,,7.55,9.01,9.93,11.11,9.57,10.76
2025-12-15T17:56:00.801963,Recipe_B,610592ff-dcbe-4f1d-8eb4-f593c5d7ac78,2,1.0,,,,8.75,11.19,8.42,8.81,13.38,9.81
2025-12-15T17:56:01.801963,Recipe_B,610592ff-dcbe-4f1d-8eb4-f593c5d7ac78,2,1.0,,,,11.37,11.51,15.77,11.77,11.29,9.92
2025-12-15T17:56:02.801963,Recipe_B,610592ff-dcbe-4f1d-8eb4-f593c5d7ac78,2,1.0,,,,11.2,12.35,11.87,8.72,11.78,9.39
2025-12-15T17:56:03.801963,Recipe_B,610592ff-dcbe-4f1d-8eb4-f593c5d7ac78,2,1.0,,,,12.2,8.62,10.89,11.79,9.73,10.42
2025-12-15T17:56:04.801963,Recipe_B,610592ff-dcbe-4f1d-8eb4-f593c5d7ac78,2,1.0,,,,12.7,7.81,10.21,9.78,11.89,13.07
2025-12-15T17:56:05.801963,Recipe_B,610592ff-dcbe-4f1d-8eb4-f593c5d7ac78,2,1.0,,,,7.83,11.61,7.04,6.43,11.75,13.38
2025-12-15T17:56:06.801963,Recipe_B,610592ff-dcbe-4f1d-8eb4-f593c5d7ac78,2,1.0,,,,8.68,10.1,11.77,9.65,10.71,10.26
2025-12-15T17:56:07.801963,Recipe_B,610592ff-dcbe-4f1d-8eb4-f593c5d7ac78,2,1.0,,,,11.7,11.2,9.44,9.22,12.07,12.08
2025-12-15T17:56:08.801963,Recipe_B,610592ff-dcbe-4f1d-8eb4-f593c5d7ac78,2,1.0,,,,8.98,12.5,11.05,10.62,11.66,13.06
2025-12-15T17:56:09.801963,Recipe_B,610592ff-dcbe-4f1d-8eb4-f593c5d7ac78,2,1.0,,,,9.99,7.12,7.17,11.64,10.57,10.71
2025-12-15T17:56:10.801963,Recipe_B,610592ff-dcbe-4f1d-8eb4-f593c5d7ac78,2,1.0,,,,10.12,8.34,7.19,8.9,12.64,10.08
2025-12-15T17:56:11.801963,Recipe_B,610592ff-dcbe-4f1d-8eb4-f593c5d7ac78,2,1.0,,,,11.49,8.7,9.95,9.68,11.88,5.35
2025-12-15T17:56:12.801963,Recipe_B,610592ff-dcbe-4f1d-8eb4-f593c5d7ac78,2,1.0,,,,11.07,13.92,6.58,10.43,11.63,11.15
2025-12-15T17:56:13.801963,Recipe_B,610592ff-dcbe-4f1d-8eb4-f593c5d7ac78,2,1.0,,,,9.14,11.53,13.93,11.87,12.25,9.86
2025-12-15T17:56:14.801963,Recipe_B,610592ff-dcbe-4f1d-8eb4-f593c5d7ac78,2,1.0,,,,10.05,10.78,8.0,8.42,7.03,11.77
2025-12-15T17:56:15.801963,Recipe_B,610592ff-dcbe-4f1d-8eb4-f593c5d7ac78,2,2.0,,,,9.1,10.65,7.25,11.66,8.29,6.15
2025-12-15T17:56:16.801963,Recipe_B,610592ff-dcbe-4f1d-8eb4-f593c5d7ac78,2,2.0,,,,4.7,8.01,11.05,9.42,11.32,9.19
2025-12-15T17:56:17.801963,Recipe_B,610592ff-dcbe-4f1d-8eb4-f593c5d7ac78,2,2.0,,,,9.45,11.34,12.13,12.94,10.8,10.24
2025-12-15T17:56:18.801963,Recipe_B,610592ff-dcbe-4f1d-8eb4-f593c5d7ac78,2,2.0,,,,10.66,9.08,11.43,9.06,14.96,11.33
2025-12-15T17:56:19.801963,Recipe_B,610592ff-dcbe-4f1d-8eb4-f593c5d7ac78,2,2.0,,,,12.82,6.05,8.78,9.1,11.67,3.74
2025-12-15T17:56:20.801963,Recipe_B,610592ff-dcbe-4f1d-8eb4-f593c5d7ac78,2,2.0,,,,12.54,12.46,9.49,9.63,9.87,13.34
2025-12-15T17:56:21.801963,Recipe_B,610592ff-dcbe-4f1d-8eb4-f593c5d7ac78,2,2.0,,,,10.24,7.01,11.92,8.1,8.75,10.03
2025-12-15T17:56:22.801963,Recipe_B,610592ff-dcbe-4f1d-8eb4-f593c5d7ac78,2,2.0,,,,12.69,6.62,9.72,10.09,11.51,9.23
2025-12-15T17:56:23.801963,Recipe_B,610592ff-dcbe-4f1d-8eb4-f593c5d7ac78,2,2.0,,,,8.56,5.27,12.73,8.82,9.86,9.05
2025-12-15T17:56:24.801963,Recipe_B,610592ff-dcbe-4f1d-8eb4-f593c5d7ac78,2,2.0,,,,10.95,11.58,5.81,10.37,8.51,9.51
2025-12-15T17:56:25.801963,Recipe_B,610592ff-dcbe-4f1d-8eb4-f593c5d7ac78,2,2.0,,,,10.52,11.05,11.34,6.91,12.3,11.44
2025-12-15T17:56:26.801963,Recipe_B,610592ff-dcbe-4f1d-8eb4-f593c5d7ac78,2,2.0,,,,10.31,8.45,11.45,8.52,13.02,8.62
2025-12-15T17:56:27.801963,Recipe_B,610592ff-dcbe-4f1d-8eb4-f593c5d7ac78,2,2.0,,,,6.3,6.99,7.91,9.68,8.14,11.44
2025-12-15T17:56:28.801963,Recipe_B,610592ff-dcbe-4f1d-8eb4-f593c5d7ac78,2,2.0,,,,10.66,9.31,9.94,10.37,15.08,9.5
2025-12-15T17:56:29.801963,Recipe_B,610592ff-dcbe-4f1d-8eb4-f593c5d7ac78,2,2.0,,,,7.29,9.63,7.58,9.31,8.62,8.42
2025-12-15T17:56:30.801963,Recipe_B,610592ff-dcbe-4f1d-8eb4-f593c5d7ac78,2,2.0,,,,12.48,8.94,6.76,10.79,9.73,9.72
2025-12-15T17:56:31.801963,Recipe_B,610592ff-dcbe-4f1d-8eb4-f593c5d7ac78,2,2.0,,,,11.34,10.57,11.9,11.68,10.3,8.79
2025-12-15T17:56:32.801963,Recipe_B,610592ff-dcbe-4f1d-8eb4-f593c5d7ac78,2,2.0,,,,8.95,7.72,7.71,9.48,11.53,10.92
2025-12-15T17:56:33.801963,Recipe_B,610592ff-dcbe-4f1d-8eb4-f593c5d7ac78,2,2.0,,,,11.49,11.96,8.66,6.28,11.76,8.03
2025-12-15T17:56:34.801963,Recipe_B,610592ff-dcbe-4f1d-8eb4-f593c5d7ac78,2,2.0,,,,10.64,9.65,10.51,9.85,12.53,9.45
2025-12-15T17:56:35.801963,Recipe_B,610592ff-dcbe-4f1d-8eb4-f593c5d7ac78,2,2.0,,,,6.46,14.9,8.65,9.08,8.7,10.88
2025-12-15T17:56:36.801963,Recipe_B,610592ff-dcbe-4f1d-8eb4-f593c5d7ac78,2,1.0,,,,9.92,10.68,8.89,8.58,8.35,8.5
2025-12-15T17:56:37.801963,Recipe_B,610592ff-dcbe-4f1d-8eb4-f593c5d7ac78,2,1.0,,,,11.07,11.21,7.22,10.56,11.32,8.15
2025-12-15T17:56:38.801963,Recipe_B,610592ff-dcbe-4f1d-8eb4-f593c5d7ac78,2,1.0,,,,8.92,9.08,8.66,13.73,8.37,6.89
2025-12-15T17:56:39.801963,Recipe_B,610592ff-dcbe-4f1d-8eb4-f593c5d7ac78,2,1.0,,,,7.82,10.36,10.38,12.13,9.4,13.51
2025-12-15T17:56:40.801963,Recipe_B,610592ff-dcbe-4f1d-8eb4-f593c5d7ac78,2,1.0,,,,14.87,13.66,11.89,8.63,11.53,5.6
2025-12-15T17:56:41.801963,Recipe_B,610592ff-dcbe-4f1d-8eb4-f593c5d7ac78,2,1.0,,,,12.63,8.93,10.93,9.58,10.04,7.95
2025-12-15T17:56:42.801963,Recipe_B,610592ff-dcbe-4f1d-8eb4-f593c5d7ac78,2,1.0,,,,10.21,10.28,10.79,12.41,10.78,11.64
2025-12-15T17:56:43.801963,Recipe_B,610592ff-dcbe-4f1d-8eb4-f593c5d7ac78,2,1.0,,,,7.73,12.39,8.73,10.1,7.11,8.19
2025-12-15T17:56:44.801963,Recipe_B,610592ff-dcbe-4f1d-8eb4-f593c5d7ac78,2,1.0,,,,13.05,9.85,9.25,7.07,12.16,11.97
2025-12-15T17:56:45.801963,Recipe_B,610592ff-dcbe-4f1d-8eb4-f593c5d7ac78,2,1.0,,,,8.14,10.14,11.16,13.48,12.0,11.04
2025-12-15T17:56:46.801963,Recipe_B,610592ff-dcbe-4f1d-8eb4-f593c5d7ac78,2,1.0,,,,6.57,12.53,11.64,13.17,10.24,9.25
2025-12-15T17:56:47.801963,Recipe_B,610592ff-dcbe-4f1d-8eb4-f593c5d7ac78,2,1.0,,,,11.12,5.94,13.88,11.53,9.84,11.64
2025-12-15T17:56:48.801963,Recipe_B,610592ff-dcbe-4f1d-8eb4-f593c5d7ac78,2,1.0,,,,10.14,10.74,8.79,10.7,8.77,12.42
2025-12-15T17:56:49.801963,Recipe_B,610592ff-dcbe-4f1d-8eb4-f593c5d7ac78,2,1.0,,,,8.82,12.31,8.82,10.49,11.32,7.48
2025-12-15T17:56:50.801963,Recipe_B,610592ff-dcbe-4f1d-8eb4-f593c5d7ac78,2,1.0,,,,11.11,7.79,11.73,7.79,7.78,7.05
2025-12-15T17:56:51.801963,Recipe_B,610592ff-dcbe-4f1d-8eb4-f593c5d7ac78,2,1.0,,,,8.53,10.68,9.9,10.97,8.19,8.89
2025-12-15T17:56:52.801963,Recipe_B,610592ff-dcbe-4f1d-8eb4-f593c5d7ac78,2,1.0,,,,12.61,8.36,9.31,14.81,9.38,9.37
2025-12-15T17:56:53.801963,Recipe_B,610592ff-dcbe-4f1d-8eb4-f593c5d7ac78,2,1.0,,,,10.86,11.22,9.78,9.01,8.64,8.88
2025-12-15T17:56:54.801963,Recipe_B,610592ff-dcbe-4f1d-8eb4-f593c5d7ac78,2,1.0,,,,7.24,13.4,9.3,6.7,11.02,11.25
2025-12-15T17:56:55.801963,Recipe_B,610592ff-dcbe-4f1d-8eb4-f593c5d7ac78,2,1.0,,,,9.22,11.2,10.95,11.2,12.2,10.37
2025-12-15T17:56:56.801963,Recipe_B,610592ff-dcbe-4f1d-8eb4-f593c5d7ac78,2,1.0,,,,10.51,8.99,12.51,9.86,13.63,9.8
2025-12-15T17:56:57.801963,Recipe_B,610592ff-dcbe-4f1d-8eb4-f593c5d7ac78,2,1.0,,,,9.69,8.85,9.95,11.65,7.69,10.82
2025-12-15T17:56:58.801963,Recipe_B,610592ff-dcbe-4f1d-8eb4-f593c5d7ac78,2,1.0,,,,11.09,9.87,10.06,12.43,9.03,10.03
2025-12-15T17:56:59.801963,Recipe_B,610592ff-dcbe-4f1d-8eb4-f593c5d7ac78,2,1.0,,,,10.33,10.2,7.84,7.96,9.01,7.23
2025-12-15T17:57:00.801963,Recipe_B,610592ff-dcbe-4f1d-8eb4-f593c5d7ac78,2,1.0,,,,9.53,10.34,11.28,12.03,12.37,8.05
2025-12-15T17:57:01.801963,Recipe_B,610592ff-dcbe-4f1d-8eb4-f593c5d7ac78,2,1.0,,,,8.23,9.17,10.23,9.05,9.85,11.42
2025-12-15T17:57:02.801963,Recipe_B,610592ff-dcbe-4f1d-8eb4-f593c5d7ac78,2,1.0,,,,13.53,10.12,7.24,12.0,10.28,7.73
2025-12-15T17:57:03.801963,Recipe_B,610592ff-dcbe-4f1d-8eb4-f593c5d7ac78,2,1.0,,,,8.19,6.48,12.92,9.67,8.6,4.63
2025-12-15T17:57:04.801963,Recipe_B,610592ff-dcbe-4f1d-8eb4-f593c5d7ac78,2,1.0,,,,10.83,7.92,9.83,7.22,15.21,13.76
2025-12-15T17:57:05.801963,Recipe_B,610592ff-dcbe-4f1d-8eb4-f593c5d7ac78,2,1.0,,,,7.73,8.65,9.63,12.3,10.29,9.12
2025-12-15T17:57:06.801963,Recipe_B,610592ff-dcbe-4f1d-8eb4-f593c5d7ac78,2,5.0,,,,8.85,9.5,9.46,12.41,11.85,9.75
2025-12-15T17:57:07.801963,Recipe_B,610592ff-dcbe-4f1d-8eb4-f593c5d7ac78,2,5.0,,,,11.04,10.45,11.72,8.26,10.24,13.25
2025-12-15T17:57:08.801963,Recipe_B,610592ff-dcbe-4f1d-8eb4-f593c5d7ac78,2,5.0,,,,9.32,9.25,8.33,5.22,10.39,8.92
2025-12-15T17:57:09.801963,Recipe_B,610592ff-dcbe-4f1d-8eb4-f593c5d7ac78,2,2.0,,,,10.89,7.14,6.19,9.19,9.88,13.4
2025-12-15T17:57:10.801963,Recipe_B,610592ff-dcbe-4f1d-8eb4-f593c5d7ac78,2,2.0,,,,9.48,11.75,10.89,9.29,13.66,9.34
2025-12-15T17:57:11.801963,Recipe_B,610592ff-dcbe-4f1d-8eb4-f593c5d7ac78,2,2.0,,,,10.87,10.24,9.83,12.91,11.79,12.37
2025-12-15T17:57:12.801963,Recipe_B,610592ff-dcbe-4f1d-8eb4-f593c5d7ac78,2,2.0,,,,8.26,13.26,12.97,10.07,8.3,8.23
2025-12-15T17:57:13.801963,Recipe_B,610592ff-dcbe-4f1d-8eb4-f593c5d7ac78,2,2.0,,,,9.28,11.66,7.44,7.24,11.17,10.34
2025-12-15T17:57:14.801963,Recipe_B,610592ff-dcbe-4f1d-8eb4-f593c5d7ac78,2,2.0,,,,8.32,10.04,8.15,10.43,10.77,11.46
2025-12-15T17:57:15.801963,Recipe_B,610592ff-dcbe-4f1d-8eb4-f593c5d7ac78,2,2.0,,,,8.39,9.61,11.78,7.69,9.05,11.02
2025-12-15T17:57:16.801963,Recipe_B,610592ff-dcbe-4f1d-8eb4-f593c5d7ac78,2,2.0,,,,6.3,7.51,13.77,11.85,11.23,5.34
2025-12-15T17:57:17.801963,Recipe_B,610592ff-dcbe-4f1d-8eb4-f593c5d7ac78,2,2.0,,,,9.27,13.18,10.16,12.59,13.32,11.22
2025-12-15T17:57:17.801963,Recipe_B,610592ff-dcbe-4f1d-8eb4-f593c5d7ac78,2,2.0,Warning_2,Simulated Warning occurred,Warning,,,,,,
2025-12-15T17:57:18.801963,Recipe_B,610592ff-dcbe-4f1d-8eb4-f593c5d7ac78,2,2.0,,,,8.44,7.18,10.05,13.54,10.27,8.96
2025-12-15T17:57:19.801963,Recipe_B,610592ff-dcbe-4f1d-8eb4-f593c5d7ac78,2,2.0,,,,11.18,9.98,9.13,10.26,9.12,9.65
2025-12-15T17:57:20.801963,Recipe_B,610592ff-dcbe-4f1d-8eb4-f593c5d7ac78,2,1.0,,,,10.99,12.02,10.69,9.96,10.39,9.61
2025-12-15T17:57:21.801963,Recipe_B,610592ff-dcbe-4f1d-8eb4-f593c5d7ac78,2,1.0,,,,7.26,9.52,10.03,12.87,12.97,11.93
2025-12-15T17:57:22.801963,Recipe_B,610592ff-dcbe-4f1d-8eb4-f593c5d7ac78,2,1.0,,,,11.65,12.02,10.83,8.79,6.78,12.18
2025-12-15T17:57:23.801963,Recipe_B,610592ff-dcbe-4f1d-8eb4-f593c5d7ac78,2,1.0,,,,10.37,9.18,11.04,13.57,10.25,15.29
2025-12-15T17:57:24.801963,Recipe_B,610592ff-dcbe-4f1d-8eb4-f593c5d7ac78,2,1.0,,,,9.63,11.28,8.21,10.41,11.93,8.22
2025-12-15T17:57:25.801963,Recipe_B,610592ff-dcbe-4f1d-8eb4-f593c5d7ac78,2,1.0,,,,8.44,9.24,13.33,6.76,9.8,7.21
2025-12-15T17:57:26.801963,Recipe_B,610592ff-dcbe-4f1d-8eb4-f593c5d7ac78,2,1.0,,,,10.32,9.89,8.8,10.82,10.43,11.01
2025-12-15T17:57:27.801963,Recipe_B,610592ff-dcbe-4f1d-8eb4-f593c5d7ac78,2,1.0,,,,7.7,10.74,12.86,10.21,11.0,14.85
2025-12-15T17:57:28.801963,Recipe_B,610592ff-dcbe-4f1d-8eb4-f593c5d7ac78,2,1.0,,,,11.5,11.46,8.8,6.44,11.46,8.27
2025-12-15T17:57:29.801963,Recipe_B,610592ff-dcbe-4f1d-8eb4-f593c5d7ac78,2,1.0,,,,10.92,9.58,9.05,8.96,8.89,10.27
2025-12-15T17:57:30.801963,Recipe_B,610592ff-dcbe-4f1d-8eb4-f593c5d7ac78,2,1.0,,,,6.85,12.35,8.8,9.94,10.09,8.55
2025-12-15T17:57:31.801963,Recipe_B,610592ff-dcbe-4f1d-8eb4-f593c5d7ac78,2,1.0,,,,9.85,13.59,12.59,10.14,11.72,12.06
2025-12-15T17:57:32.801963,Recipe_B,610592ff-dcbe-4f1d-8eb4-f593c5d7ac78,2,1.0,,,,9.05,11.16,10.18,8.71,8.49,11.15
2025-12-15T17:57:33.801963,Recipe_B,610592ff-dcbe-4f1d-8eb4-f593c5d7ac78,2,1.0,,,,11.89,9.14,9.02,9.51,9.63,7.77
2025-12-15T17:57:34.801963,Recipe_B,610592ff-dcbe-4f1d-8eb4-f593c5d7ac78,2,1.0,,,,11.29,6.51,5.1,9.64,7.41,9.38
2025-12-15T17:57:35.801963,Recipe_B,610592ff-dcbe-4f1d-8eb4-f593c5d7ac78,2,1.0,,,,13.47,9.09,8.41,10.01,12.95,11.38
2025-12-15T17:57:36.801963,Recipe_B,610592ff-dcbe-4f1d-8eb4-f593c5d7ac78,2,1.0,,,,9.42,9.54,10.1,13.78,10.06,12.36
2025-12-15T17:57:37.801963,Recipe_B,610592ff-dcbe-4f1d-8eb4-f593c5d7ac78,2,1.0,,,,8.96,8.24,8.7,9.07,11.35,8.55
2025-12-15T17:57:38.801963,Recipe_B,610592ff-dcbe-4f1d-8eb4-f593c5d7ac78,2,1.0,,,,7.58,8.68,8.99,8.85,9.38,8.43
2025-12-15T17:57:39.801963,Recipe_B,610592ff-dcbe-4f1d-8eb4-f593c5d7ac78,2,1.0,,,,10.61,6.73,9.11,11.04,12.41,10.85
2025-12-15T17:57:40.801963,Recipe_B,610592ff-dcbe-4f1d-8eb4-f593c5d7ac78,2,1.0,,,,6.12,9.55,8.12,9.68,12.18,10.34
2025-12-15T17:57:41.801963,Recipe_B,610592ff-dcbe-4f1d-8eb4-f593c5d7ac78,2,1.0,,,,9.66,8.1,7.85,10.96,8.49,7.61
2025-12-15T17:57:42.801963,Recipe_B,610592ff-dcbe-4f1d-8eb4-f593c5d7ac78,2,1.0,,,,10.09,5.28,12.25,9.03,11.1,12.47
2025-12-15T17:57:43.801963,Recipe_B,610592ff-dcbe-4f1d-8eb4-f593c5d7ac78,2,1.0,,,,13.13,14.14,9.76,9.25,8.34,6.72
2025-12-15T17:57:44.801963,Recipe_B,610592ff-dcbe-4f1d-8eb4-f593c5d7ac78,2,1.0,,,,4.91,9.59,10.27,10.8,10.16,11.5
2025-12-15T17:57:45.801963,Recipe_B,610592ff-dcbe-4f1d-8eb4-f593c5d7ac78,2,1.0,,,,9.19,5.61,12.31,11.76,5.32,10.58
2025-12-15T17:57:46.801963,Recipe_B,610592ff-dcbe-4f1d-8eb4-f593c5d7ac78,2,1.0,,,,8.22,12.8,11.0,11.0,9.07,12.81
2025-12-15T17:57:47.801963,Recipe_B,610592ff-dcbe-4f1d-8eb4-f593c5d7ac78,2,1.0,,,,7.36,10.85,6.3,6.61,9.63,10.75
2025-12-15T17:57:48.801963,Recipe_B,610592ff-dcbe-4f1d-8eb4-f593c5d7ac78,2,1.0,,,,10.51,14.4,9.72,9.09,9.06,8.23
2025-12-15T17:57:49.801963,Recipe_B,610592ff-dcbe-4f1d-8eb4-f593c5d7ac78,2,1.0,,,,7.86,12.03,11.27,8.71,13.74,9.52
2025-12-15T17:57:50.801963,Recipe_B,610592ff-dcbe-4f1d-8eb4-f593c5d7ac78,2,1.0,,,,9.89,10.85,9.46,9.83,11.22,13.61
2025-12-15T17:57:51.801963,Recipe_B,610592ff-dcbe-4f1d-8eb4-f593c5d7ac78,2,5.0,,,,10.11,12.41,9.11,6.89,11.02,8.6
2025-12-15T17:57:52.801963,Recipe_B,610592ff-dcbe-4f1d-8eb4-f593c5d7ac78,2,5.0,,,,10.26,10.8,9.24,10.05,12.64,9.67
2025-12-15T17:57:53.801963,Recipe_B,610592ff-dcbe-4f1d-8eb4-f593c5d7ac78,2,5.0,,,,9.45,9.2,12.48,10.47,11.7,8.2
2025-12-15T17:57:54.801963,Recipe_B,610592ff-dcbe-4f1d-8eb4-f593c5d7ac78,2,5.0,,,,8.87,10.53,8.66,7.79,10.3,15.62
2025-12-15T17:57:55.801963,Recipe_B,610592ff-dcbe-4f1d-8eb4-f593c5d7ac78,2,5.0,,,,7.04,12.14,10.69,9.37,11.22,11.81
2025-12-15T17:57:56.801963,Recipe_B,610592ff-dcbe-4f1d-8eb4-f593c5d7ac78,2,5.0,,,,11.78,9.19,11.55,10.79,11.28,5.89
2025-12-15T17:57:57.801963,Recipe_B,610592ff-dcbe-4f1d-8eb4-f593c5d7ac78,2,5.0,,,,10.82,11.12,14.19,8.38,8.67,12.04
2025-12-15T17:57:58.801963,Recipe_B,610592ff-dcbe-4f1d-8eb4-f593c5d7ac78,2,5.0,,,,6.87,12.54,10.35,13.33,10.01,13.22
2025-12-15T17:57:59.801963,Recipe_B,610592ff-dcbe-4f1d-8eb4-f593c5d7ac78,2,5.0,,,,8.8,12.99,7.9,8.57,7.35,9.3
2025-12-15T17:58:00.801963,Recipe_B,610592ff-dcbe-4f1d-8eb4-f593c5d7ac78,2,5.0,,,,12.39,11.3,13.32,11.25,8.54,8.88
2025-12-15T17:58:01.801963,Recipe_B,610592ff-dcbe-4f1d-8eb4-f593c5d7ac78,2,5.0,,,,11.73,10.28,9.9,9.44,10.09,7.31
2025-12-15T17:58:02.801963,Recipe_B,610592ff-dcbe-4f1d-8eb4-f593c5d7ac78,2,5.0,,,,12.69,8.2,9.67,10.16,5.95,8.87
2025-12-15T17:58:03.801963,Recipe_B,610592ff-dcbe-4f1d-8eb4-f593c5d7ac78,2,5.0,,,,8.52,11.95,11.0,12.11,7.53,8.48
2025-12-15T17:58:04.801963,Recipe_B,610592ff-dcbe-4f1d-8eb4-f593c5d7ac78,2,5.0,,,,10.15,11.89,7.16,12.68,10.42,8.55
2025-12-15T17:58:05.801963,Recipe_B,610592ff-dcbe-4f1d-8eb4-f593c5d7ac78,2,5.0,,,,10.94,10.48,10.76,7.67,10.96,6.75
2025-12-15T17:58:06.801963,Recipe_B,610592ff-dcbe-4f1d-8eb4-f593c5d7ac78,2,5.0,,,,11.28,7.96,11.12,7.78,7.4,14.12
2025-12-15T17:58:07.801963,Recipe_B,610592ff-dcbe-4f1d-8eb4-f593c5d7ac78,2,5.0,,,,11.17,6.93,10.7,10.41,6.18,9.73
2025-12-15T17:58:08.801963,Recipe_B,610592ff-dcbe-4f1d-8eb4-f593c5d7ac78,2,5.0,,,,10.1,8.76,8.27,13.27,12.3,10.27
2025-12-15T17:58:09.801963,Recipe_B,610592ff-dcbe-4f1d-8eb4-f593c5d7ac78,2,5.0,,,,12.92,10.68,10.96,13.3,11.76,10.15
2025-12-15T17:58:10.801963,Recipe_B,610592ff-dcbe-4f1d-8eb4-f593c5d7ac78,2,5.0,,,,10.2,10.47,7.83,8.02,12.94,13.35
2025-12-15T17:58:11.801963,Recipe_B,610592ff-dcbe-4f1d-8eb4-f593c5d7ac78,2,5.0,,,,8.61,12.99,10.28,10.91,6.96,10.06
2025-12-15T17:58:12.801963,Recipe_B,610592ff-dcbe-4f1d-8eb4-f593c5d7ac78,2,5.0,,,,11.55,8.75,9.25,10.02,11.39,9.73
2025-12-15T17:58:13.801963,Recipe_B,610592ff-dcbe-4f1d-8eb4-f593c5d7ac78,2,5.0,,,,11.32,6.47,11.38,7.53,11.73,9.34
2025-12-15T17:58:14.801963,Recipe_B,610592ff-dcbe-4f1d-8eb4-f593c5d7ac78,2,5.0,,,,7.17,7.71,11.95,9.81,7.56,12.66
2025-12-15T17:58:15.801963,Recipe_B,610592ff-dcbe-4f1d-8eb4-f593c5d7ac78,2,5.0,,,,9.61,8.63,11.56,11.09,8.66,13.57
2025-12-15T17:58:16.801963,Recipe_B,610592ff-dcbe-4f1d-8eb4-f593c5d7ac78,2,5.0,,,,12.51,10.49,11.17,7.82,14.44,9.03
2025-12-15T17:58:17.801963,Recipe_B,610592ff-dcbe-4f1d-8eb4-f593c5d7ac78,2,5.0,,,,6.64,10.8,11.87,10.24,9.29,13.13
2025-12-15T17:58:18.801963,Recipe_B,610592ff-dcbe-4f1d-8eb4-f593c5d7ac78,2,5.0,,,,11.9,9.13,11.03,11.16,7.3,9.0
2025-12-15T17:58:19.801963,Recipe_B,610592ff-dcbe-4f1d-8eb4-f593c5d7ac78,2,5.0,,,,11.57,9.35,8.98,11.69,9.04,11.36
2025-12-15T17:58:20.801963,Recipe_B,610592ff-dcbe-4f1d-8eb4-f593c5d7ac78,2,5.0,,,,10.89,10.13,11.71,10.66,10.14,8.03
2025-12-15T17:58:21.801963,Recipe_B,610592ff-dcbe-4f1d-8eb4-f593c5d7ac78,2,5.0,,,,10.76,9.77,12.41,13.2,4.96,8.53
2025-12-15T17:58:22.801963,Recipe_B,610592ff-dcbe-4f1d-8eb4-f593c5d7ac78,2,5.0,,,,11.12,5.59,4.81,10.89,7.46,10.54
2025-12-15T17:58:23.801963,Recipe_B,610592ff-dcbe-4f1d-8eb4-f593c5d7ac78,2,5.0,,,,7.41,9.77,11.73,9.48,7.71,8.84
2025-12-15T17:58:24.801963,Recipe_B,610592ff-dcbe-4f1d-8eb4-f593c5d7ac78,2,5.0,,,,13.44,8.06,9.31,8.32,12.48,7.71
2025-12-15T17:58:25.801963,Recipe_B,610592ff-dcbe-4f1d-8eb4-f593c5d7ac78,2,5.0,,,,7.82,12.39,11.23,12.31,8.61,14.14
2025-12-15T17:58:26.801963,Recipe_B,610592ff-dcbe-4f1d-8eb4-f593c5d7ac78,2,5.0,,,,11.33,11.94,9.51,6.64,12.67,8.35
2025-12-15T17:58:27.801963,Recipe_B,610592ff-dcbe-4f1d-8eb4-f593c5d7ac78,2,5.0,,,,11.6,8.11,12.67,8.65,10.56,11.9
2025-12-15T17:58:28.801963,Recipe_B,610592ff-dcbe-4f1d-8eb4-f593c5d7ac78,2,5.0,,,,9.26,8.0,13.39,10.84,11.78,7.74
2025-12-15T17:58:29.801963,Recipe_B,610592ff-dcbe-4f1d-8eb4-f593c5d7ac78,2,5.0,,,,9.41,13.73,11.15,9.38,13.41,12.62
2025-12-15T17:58:30.801963,Recipe_B,610592ff-dcbe-4f1d-8eb4-f593c5d7ac78,2,5.0,,,,7.2,4.3,9.6,7.84,10.45,12.98
2025-12-15T17:58:31.801963,Recipe_B,610592ff-dcbe-4f1d-8eb4-f593c5d7ac78,2,5.0,,,,11.06,9.33,7.57,9.76,10.79,9.74
2025-12-15T17:58:32.801963,Recipe_B,610592ff-dcbe-4f1d-8eb4-f593c5d7ac78,2,5.0,,,,6.24,13.69,11.39,11.84,10.7,9.82
2025-12-15T17:58:33.801963,Recipe_B,610592ff-dcbe-4f1d-8eb4-f593c5d7ac78,2,5.0,,,,11.15,7.69,9.36,9.01,8.89,13.05
2025-12-15T17:58:34.801963,Recipe_B,610592ff-dcbe-4f1d-8eb4-f593c5d7ac78,2,5.0,,,,7.21,9.55,9.14,6.16,9.35,12.66
2025-12-15T17:58:35.801963,Recipe_B,610592ff-dcbe-4f1d-8eb4-f593c5d7ac78,2,5.0,,,,10.96,10.99,9.99,9.09,9.34,10.99
2025-12-15T17:58:36.801963,Recipe_B,610592ff-dcbe-4f1d-8eb4-f593c5d7ac78,2,5.0,,,,8.86,9.35,9.63,8.2,12.55,11.46
2025-12-15T17:58:37.801963,Recipe_B,610592ff-dcbe-4f1d-8eb4-f593c5d7ac78,2,5.0,,,,9.55,6.51,8.37,9.27,12.37,7.89
2025-12-15T17:58:38.801963,Recipe_B,610592ff-dcbe-4f1d-8eb4-f593c5d7ac78,2,5.0,,,,12.29,7.86,9.09,7.86,9.39,7.96
2025-12-15T17:58:39.801963,Recipe_B,610592ff-dcbe-4f1d-8eb4-f593c5d7ac78,2,5.0,,,,10.19,13.09,8.36,11.84,10.52,6.47
2025-12-15T17:58:40.801963,Recipe_B,610592ff-dcbe-4f1d-8eb4-f593c5d7ac78,2,5.0,,,,9.94,13.44,12.71,9.36,10.06,8.59
2025-12-15T17:58:41.801963,Recipe_B,610592ff-dcbe-4f1d-8eb4-f593c5d7ac78,2,5.0,,,,10.57,9.22,7.61,11.74,13.34,15.35
2025-12-15T17:58:42.801963,Recipe_B,610592ff-dcbe-4f1d-8eb4-f593c5d7ac78,2,5.0,,,,8.78,12.51,11.88,10.55,9.77,11.52
2025-12-15T17:58:43.801963,Recipe_B,610592ff-dcbe-4f1d-8eb4-f593c5d7ac78,2,5.0,,,,11.26,10.1,9.41,11.21,8.69,11.72
2025-12-15T17:58:44.801963,Recipe_B,610592ff-dcbe-4f1d-8eb4-f593c5d7ac78,2,5.0,,,,10.79,10.85,12.59,8.35,10.03,10.95
2025-12-15T17:58:45.801963,Recipe_B,610592ff-dcbe-4f1d-8eb4-f593c5d7ac78,2,5.0,,,,11.46,7.73,8.26,11.04,11.05,8.16
2025-12-15T17:58:46.801963,Recipe_B,610592ff-dcbe-4f1d-8eb4-f593c5d7ac78,2,5.0,,,,9.91,7.9,10.09,11.04,12.05,9.21
2025-12-15T17:58:47.801963,Recipe_B,610592ff-dcbe-4f1d-8eb4-f593c5d7ac78,2,5.0,,,,8.66,10.7,11.43,10.45,9.39,7.89
2025-12-15T17:58:48.801963,Recipe_B,610592ff-dcbe-4f1d-8eb4-f593c5d7ac78,2,5.0,,,,11.71,11.53,12.71,11.8,9.83,12.51
2025-12-15T17:58:49.801963,Recipe_B,610592ff-dcbe-4f1d-8eb4-f593c5d7ac78,2,5.0,,,,9.43,7.62,9.15,8.18,11.65,9.07
2025-12-15T17:58:50.801963,Recipe_B,610592ff-dcbe-4f1d-8eb4-f593c5d7ac78,2,1.0,,,,10.01,9.86,9.94,14.82,11.47,9.07
2025-12-15T17:58:51.801963,Recipe_B,610592ff-dcbe-4f1d-8eb4-f593c5d7ac78,2,1.0,,,,11.49,11.66,11.67,6.09,9.29,10.63
2025-12-15T17:58:52.801963,Recipe_B,610592ff-dcbe-4f1d-8eb4-f593c5d7ac78,2,1.0,,,,8.5,9.98,12.6,12.52,14.17,11.01
2025-12-15T17:58:53.801963,Recipe_B,610592ff-dcbe-4f1d-8eb4-f593c5d7ac78,2,1.0,,,,10.13,5.3,13.94,8.99,8.42,12.06
2025-12-15T17:58:54.801963,Recipe_B,610592ff-dcbe-4f1d-8eb4-f593c5d7ac78,2,1.0,,,,11.31,9.09,10.42,10.76,11.01,5.24
2025-12-15T17:58:55.801963,Recipe_B,610592ff-dcbe-4f1d-8eb4-f593c5d7ac78,2,1.0,,,,12.25,12.74,11.16,9.26,8.04,6.95
2025-12-15T17:58:56.801963,Recipe_B,610592ff-dcbe-4f1d-8eb4-f593c5d7ac78,2,1.0,,,,7.38,9.79,9.06,11.45,9.91,14.0
2025-12-15T17:58:57.801963,Recipe_B,610592ff-dcbe-4f1d-8eb4-f593c5d7ac78,2,1.0,,,,11.42,9.13,12.35,10.29,11.42,13.23
2025-12-15T17:58:58.801963,Recipe_B,610592ff-dcbe-4f1d-8eb4-f593c5d7ac78,2,1.0,,,,11.43,10.73,10.15,8.8,8.43,9.94
2025-12-15T17:58:59.801963,Recipe_B,610592ff-dcbe-4f1d-8eb4-f593c5d7ac78,2,1.0,,,,10.36,9.04,10.29,8.9,9.17,11.53
2025-12-15T17:59:00.801963,Recipe_B,610592ff-dcbe-4f1d-8eb4-f593c5d7ac78,2,1.0,,,,12.71,11.33,10.29,9.91,11.38,6.31
2025-12-15T17:59:01.801963,Recipe_B,610592ff-dcbe-4f1d-8eb4-f593c5d7ac78,2,1.0,,,,6.08,6.28,10.74,7.4,11.74,11.09
2025-12-15T17:59:02.801963,Recipe_B,610592ff-dcbe-4f1d-8eb4-f593c5d7ac78,2,1.0,,,,8.68,10.91,8.61,8.77,13.69,9.81
2025-12-15T17:59:03.801963,Recipe_B,610592ff-dcbe-4f1d-8eb4-f593c5d7ac78,2,1.0,,,,11.44,8.61,10.45,11.88,10.34,11.71
2025-12-15T17:59:04.801963,Recipe_B,610592ff-dcbe-4f1d-8eb4-f593c5d7ac78,2,1.0,,,,9.92,10.1,9.03,9.38,10.29,6.38
2025-12-15T17:59:05.801963,Recipe_B,610592ff-dcbe-4f1d-8eb4-f593c5d7ac78,2,1.0,,,,7.41,8.18,12.5,10.62,11.3,12.08
2025-12-15T17:59:06.801963,Recipe_B,610592ff-dcbe-4f1d-8eb4-f593c5d7ac78,2,1.0,,,,13.62,8.62,10.36,12.76,13.0,8.71
2025-12-15T17:59:07.801963,Recipe_B,610592ff-dcbe-4f1d-8eb4-f593c5d7ac78,2,1.0,,,,9.36,12.21,11.41,7.61,10.97,11.05
2025-12-15T17:59:08.801963,Recipe_B,610592ff-dcbe-4f1d-8eb4-f593c5d7ac78,2,1.0,,,,9.68,11.54,6.02,9.32,8.18,10.1
2025-12-15T17:59:09.801963,Recipe_B,610592ff-dcbe-4f1d-8eb4-f593c5d7ac78,2,1.0,,,,9.3,6.32,9.11,9.3,13.16,8.73
2025-12-15T17:59:10.801963,Recipe_B,610592ff-dcbe-4f1d-8eb4-f593c5d7ac78,2,1.0,,,,11.52,11.76,10.35,5.61,11.78,12.65
2025-12-15T17:59:11.801963,Recipe_B,610592ff-dcbe-4f1d-8eb4-f593c5d7ac78,2,1.0,,,,11.08,9.05,9.99,8.71,10.39,8.83
2025-12-15T17:59:12.801963,Recipe_B,610592ff-dcbe-4f1d-8eb4-f593c5d7ac78,2,1.0,,,,6.4,9.03,9.93,8.98,8.22,9.96
2025-12-15T17:59:13.801963,Recipe_B,610592ff-dcbe-4f1d-8eb4-f593c5d7ac78,2,1.0,,,,14.56,11.46,11.05,8.17,9.14,9.54
2025-12-15T17:59:14.801963,Recipe_B,610592ff-dcbe-4f1d-8eb4-f593c5d7ac78,2,1.0,,,,7.46,8.34,8.33,7.1,10.95,12.99
2025-12-15T17:59:15.801963,Recipe_B,610592ff-dcbe-4f1d-8eb4-f593c5d7ac78,2,1.0,,,,9.49,6.93,10.78,8.03,4.8,12.16
2025-12-15T17:59:16.801963,Recipe_B,610592ff-dcbe-4f1d-8eb4-f593c5d7ac78,2,1.0,,,,9.81,8.08,10.27,8.05,8.92,14.81
2025-12-15T17:59:17.801963,Recipe_B,610592ff-dcbe-4f1d-8eb4-f593c5d7ac78,2,1.0,,,,11.14,10.68,11.19,9.16,14.48,10.86
2025-12-15T17:59:18.801963,Recipe_B,610592ff-dcbe-4f1d-8eb4-f593c5d7ac78,2,1.0,,,,11.07,11.42,13.72,6.55,9.81,8.14
2025-12-15T17:59:19.801963,Recipe_B,610592ff-dcbe-4f1d-8eb4-f593c5d7ac78,2,1.0,,,,12.76,7.51,13.13,13.12,9.45,11.25
2025-12-15T17:59:20.801963,Recipe_B,610592ff-dcbe-4f1d-8eb4-f593c5d7ac78,2,1.0,,,,11.34,12.52,7.2,11.51,9.03,11.99
2025-12-15T17:59:21.801963,Recipe_B,610592ff-dcbe-4f1d-8eb4-f593c5d7ac78,2,1.0,,,,11.57,10.17,10.6,13.14,9.01,10.41
2025-12-15T17:59:22.801963,Recipe_B,610592ff-dcbe-4f1d-8eb4-f593c5d7ac78,2,1.0,,,,12.11,12.26,12.31,9.53,12.59,11.06
2025-12-15T17:59:23.801963,Recipe_B,610592ff-dcbe-4f1d-8eb4-f593c5d7ac78,2,1.0,,,,12.1,8.35,11.35,10.12,13.28,9.28
2025-12-15T17:59:24.801963,Recipe_B,610592ff-dcbe-4f1d-8eb4-f593c5d7ac78,2,1.0,,,,11.54,9.76,8.51,9.93,11.37,7.91
2025-12-15T17:59:25.801963,Recipe_B,610592ff-dcbe-4f1d-8eb4-f593c5d7ac78,2,1.0,,,,6.15,8.75,9.32,10.17,12.34,10.34
2025-12-15T17:59:26.801963,Recipe_B,610592ff-dcbe-4f1d-8eb4-f593c5d7ac78,2,1.0,,,,8.33,8.54,9.08,10.21,11.81,10.37
2025-12-15T17:59:27.801963,Recipe_B,610592ff-dcbe-4f1d-8eb4-f593c5d7ac78,2,1.0,,,,9.94,12.33,12.08,12.31,11.27,9.44
2025-12-15T17:59:28.801963,Recipe_B,610592ff-dcbe-4f1d-8eb4-f593c5d7ac78,2,1.0,,,,9.34,10.36,8.39,11.82,12.91,8.74
2025-12-15T17:59:29.801963,Recipe_B,610592ff-dcbe-4f1d-8eb4-f593c5d7ac78,2,1.0,,,,11.59,10.0,10.2,9.11,8.48,8.77
2025-12-15T17:59:30.801963,Recipe_B,610592ff-dcbe-4f1d-8eb4-f593c5d7ac78,2,1.0,,,,11.3,8.28,11.98,8.99,11.04,9.04
2025-12-15T17:59:31.801963,Recipe_B,610592ff-dcbe-4f1d-8eb4-f593c5d7ac78,2,1.0,,,,8.49,7.42,9.78,6.78,8.57,12.56
2025-12-15T17:59:32.801963,Recipe_B,610592ff-dcbe-4f1d-8eb4-f593c5d7ac78,2,1.0,,,,11.16,10.67,7.12,9.87,8.54,10.23
2025-12-15T17:59:33.801963,Recipe_B,610592ff-dcbe-4f1d-8eb4-f593c5d7ac78,2,1.0,,,,11.19,9.85,8.27,10.78,5.76,13.82
2025-12-15T17:59:34.801963,Recipe_B,610592ff-dcbe-4f1d-8eb4-f593c5d7ac78,2,2.0,,,,14.86,11.34,5.24,7.4,10.72,7.15
2025-12-15T17:59:35.801963,Recipe_B,610592ff-dcbe-4f1d-8eb4-f593c5d7ac78,2,2.0,,,,9.86,11.7,6.37,11.59,8.37,6.77
2025-12-15T17:59:36.801963,Recipe_B,610592ff-dcbe-4f1d-8eb4-f593c5d7ac78,2,2.0,,,,9.12,9.55,12.18,10.72,11.43,13.35
2025-12-15T17:59:37.801963,Recipe_B,610592ff-dcbe-4f1d-8eb4-f593c5d7ac78,2,2.0,,,,7.14,12.5,8.01,8.04,12.43,14.51
2025-12-15T17:59:38.801963,Recipe_B,610592ff-dcbe-4f1d-8eb4-f593c5d7ac78,2,2.0,,,,7.17,10.32,10.84,12.4,11.41,6.16
2025-12-15T17:59:39.801963,Recipe_B,610592ff-dcbe-4f1d-8eb4-f593c5d7ac78,2,2.0,,,,9.47,12.7,6.66,9.87,14.71,9.68
2025-12-15T17:59:40.801963,Recipe_B,610592ff-dcbe-4f1d-8eb4-f593c5d7ac78,2,2.0,,,,8.43,10.13,7.8,9.79,11.08,10.89
2025-12-15T17:59:41.801963,Recipe_B,610592ff-dcbe-4f1d-8eb4-f593c5d7ac78,2,2.0,,,,11.66,10.0,12.45,13.15,9.42,8.16
2025-12-15T17:59:42.801963,Recipe_B,610592ff-dcbe-4f1d-8eb4-f593c5d7ac78,2,2.0,,,,10.16,11.2,9.35,11.47,11.47,12.51
2025-12-15T17:59:43.801963,Recipe_B,610592ff-dcbe-4f1d-8eb4-f593c5d7ac78,2,2.0,,,,5.7,11.08,6.07,8.22,7.37,9.79
2025-12-15T17:59:44.801963,Recipe_B,610592ff-dcbe-4f1d-8eb4-f593c5d7ac78,2,2.0,,,,8.81,11.57,8.42,8.89,9.68,11.11
2025-12-15T17:59:45.801963,Recipe_B,610592ff-dcbe-4f1d-8eb4-f593c5d7ac78,2,2.0,,,,7.95,9.29,7.44,11.7,8.65,7.48
2025-12-15T17:59:46.801963,Recipe_B,610592ff-dcbe-4f1d-8eb4-f593c5d7ac78,2,2.0,,,,10.76,9.83,10.61,9.83,7.95,10.28
2025-12-15T17:59:47.801963,Recipe_B,610592ff-dcbe-4f1d-8eb4-f593c5d7ac78,2,2.0,,,,10.57,10.48,6.11,11.27,11.62,8.81
2025-12-15T17:59:48.801963,Recipe_B,610592ff-dcbe-4f1d-8eb4-f593c5d7ac78,2,2.0,,,,7.27,9.69,8.13,6.14,12.04,14.22
2025-12-15T17:59:49.801963,Recipe_B,610592ff-dcbe-4f1d-8eb4-f593c5d7ac78,2,2.0,,,,9.79,12.51,8.45,9.74,10.72,12.71
2025-12-15T17:59:50.801963,Recipe_B,610592ff-dcbe-4f1d-8eb4-f593c5d7ac78,2,2.0,,,,8.75,12.05,13.29,2.76,11.04,8.66
2025-12-15T17:59:51.801963,Recipe_B,610592ff-dcbe-4f1d-8eb4-f593c5d7ac78,2,2.0,,,,9.62,8.97,8.85,10.56,9.19,8.26
2025-12-15T17:59:52.801963,Recipe_B,610592ff-dcbe-4f1d-8eb4-f593c5d7ac78,2,2.0,,,,9.34,8.94,11.44,11.51,7.48,9.78
2025-12-15T17:59:53.801963,Recipe_B,610592ff-dcbe-4f1d-8eb4-f593c5d7ac78,2,2.0,,,,10.83,11.15,10.98,10.25,6.91,11.05
2025-12-15T17:59:54.801963,Recipe_B,610592ff-dcbe-4f1d-8eb4-f593c5d7ac78,2,2.0,,,,9.11,9.56,11.94,8.33,9.0,9.72
2025-12-15T17:59:55.801963,Recipe_B,610592ff-dcbe-4f1d-8eb4-f593c5d7ac78,2,2.0,,,,11.64,11.02,8.24,12.62,11.21,8.93
2025-12-15T17:59:56.801963,Recipe_B,610592ff-dcbe-4f1d-8eb4-f593c5d7ac78,2,2.0,,,,12.21,10.97,6.03,11.67,8.38,8.51
2025-12-15T17:59:57.801963,Recipe_B,610592ff-dcbe-4f1d-8eb4-f593c5d7ac78,2,2.0,,,,12.65,11.43,9.41,8.73,6.26,11.23
2025-12-15T17:59:58.801963,Recipe_B,610592ff-dcbe-4f1d-8eb4-f593c5d7ac78,2,2.0,,,,9.85,6.88,8.7,7.87,8.41,7.28
2025-12-15T17:59:59.801963,Recipe_B,610592ff-dcbe-4f1d-8eb4-f593c5d7ac78,2,2.0,,,,5.86,11.17,7.53,10.36,12.86,7.6
2025-12-15T18:00:00.801963,Recipe_B,610592ff-dcbe-4f1d-8eb4-f593c5d7ac78,2,2.0,,,,9.98,10.47,9.95,10.49,9.67,10.5
2025-12-15T18:00:01.801963,Recipe_B,610592ff-dcbe-4f1d-8eb4-f593c5d7ac78,2,2.0,,,,6.55,11.45,7.54,9.04,10.36,10.15
2025-12-15T18:00:02.801963,Recipe_B,610592ff-dcbe-4f1d-8eb4-f593c5d7ac78,2,2.0,,,,9.62,7.54,11.92,10.93,9.99,6.56
2025-12-15T18:00:03.801963,Recipe_B,610592ff-dcbe-4f1d-8eb4-f593c5d7ac78,2,2.0,,,,10.91,11.77,9.35,8.12,11.31,6.9
2025-12-15T18:00:04.801963,Recipe_B,610592ff-dcbe-4f1d-8eb4-f593c5d7ac78,2,2.0,,,,7.78,7.98,7.63,9.53,10.06,12.3
2025-12-15T18:00:05.801963,Recipe_B,610592ff-dcbe-4f1d-8eb4-f593c5d7ac78,2,2.0,,,,9.83,8.98,9.7,9.33,9.73,8.47
2025-12-15T18:00:06.801963,Recipe_B,610592ff-dcbe-4f1d-8eb4-f593c5d7ac78,2,2.0,,,,13.79,9.29,10.59,6.15,9.57,8.3
2025-12-15T18:00:07.801963,Recipe_B,610592ff-dcbe-4f1d-8eb4-f593c5d7ac78,2,2.0,,,,10.56,9.34,11.67,10.21,7.75,11.77
2025-12-15T18:00:08.801963,Recipe_B,610592ff-dcbe-4f1d-8eb4-f593c5d7ac78,2,2.0,,,,8.95,9.37,10.87,9.4,9.1,8.05
2025-12-15T18:00:09.801963,Recipe_B,610592ff-dcbe-4f1d-8eb4-f593c5d7ac78,2,2.0,,,,10.59,13.51,10.57,9.19,9.77,8.92
2025-12-15T18:00:10.801963,Recipe_B,610592ff-dcbe-4f1d-8eb4-f593c5d7ac78,2,2.0,,,,10.8,10.31,10.16,10.48,12.34,12.38
2025-12-15T18:00:11.801963,Recipe_B,610592ff-dcbe-4f1d-8eb4-f593c5d7ac78,2,2.0,,,,7.32,12.45,11.93,13.19,8.55,6.08
2025-12-15T18:00:12.801963,Recipe_B,610592ff-dcbe-4f1d-8eb4-f593c5d7ac78,2,2.0,,,,11.59,8.67,8.9,12.07,7.01,13.13
2025-12-15T18:00:13.801963,Recipe_B,610592ff-dcbe-4f1d-8eb4-f593c5d7ac78,2,2.0,,,,10.14,10.52,10.79,9.01,10.1,11.1
2025-12-15T18:00:14.801963,Recipe_B,610592ff-dcbe-4f1d-8eb4-f593c5d7ac78,2,0.0,,,,0.0,0.0,0.0,0.0,0.0,0.0
2025-12-15T18:00:15.801963,Recipe_B,610592ff-dcbe-4f1d-8eb4-f593c5d7ac78,2,4.0,,,,97.24,55.13,56.11,52.75,55.87,58.78
2025-12-15T18:00:16.801963,Recipe_B,610592ff-dcbe-4f1d-8eb4-f593c5d7ac78,2,4.0,,,,103.89,59.69,51.41,46.77,49.27,44.33
2025-12-15T18:00:17.801963,Recipe_B,610592ff-dcbe-4f1d-8eb4-f593c5d7ac78,2,4.0,,,,105.75,54.2,52.74,54.53,52.37,46.49
2025-12-15T18:00:18.801963,Recipe_B,610592ff-dcbe-4f1d-8eb4-f593c5d7ac78,2,4.0,,,,96.39,41.74,51.35,44.56,55.3,45.55
2025-12-15T18:00:19.801963,Recipe_B,610592ff-dcbe-4f1d-8eb4-f593c5d7ac78,2,4.0,,,,98.97,58.48,62.63,47.96,47.85,55.5
2025-12-15T18:00:20.801963,Recipe_B,610592ff-dcbe-4f1d-8eb4-f593c5d7ac78,2,4.0,,,,105.21,54.53,47.85,48.34,55.91,52.96
2025-12-15T18:00:21.801963,Recipe_B,610592ff-dcbe-4f1d-8eb4-f593c5d7ac78,2,4.0,,,,102.5,43.94,54.55,46.03,51.87,47.32
2025-12-15T18:00:22.801963,Recipe_B,610592ff-dcbe-4f1d-8eb4-f593c5d7ac78,2,4.0,,,,110.18,51.16,47.59,49.78,49.13,42.15
2025-12-15T18:00:23.801963,Recipe_B,610592ff-dcbe-4f1d-8eb4-f593c5d7ac78,2,4.0,,,,90.46,56.54,44.44,46.95,53.11,47.94
2025-12-15T18:00:24.801963,Recipe_B,610592ff-dcbe-4f1d-8eb4-f593c5d7ac78,2,4.0,,,,109.71,53.08,39.61,39.74,47.14,48.33
2025-12-15T18:00:25.801963,Recipe_B,610592ff-dcbe-4f1d-8eb4-f593c5d7ac78,2,4.0,,,,99.96,47.66,56.79,54.05,53.68,47.38
2025-12-15T18:00:26.801963,Recipe_B,610592ff-dcbe-4f1d-8eb4-f593c5d7ac78,2,4.0,,,,97.46,43.76,53.75,47.15,50.88,56.72
2025-12-15T18:00:27.801963,Recipe_B,610592ff-dcbe-4f1d-8eb4-f593c5d7ac78,2,4.0,,,,96.72,50.5,49.4,47.1,56.06,47.16
2025-12-15T18:00:28.801963,Recipe_B,610592ff-dcbe-4f1d-8eb4-f593c5d7ac78,2,4.0,,,,98.83,54.6,49.46,54.92,52.8,47.43
2025-12-15T18:00:29.801963,Recipe_B,610592ff-dcbe-4f1d-8eb4-f593c5d7ac78,2,4.0,,,,105.26,43.67,50.04,56.09,47.72,56.31
2025-12-15T18:00:30.801963,Recipe_B,610592ff-dcbe-4f1d-8eb4-f593c5d7ac78,2,4.0,,,,106.42,48.13,54.09,52.24,45.44,46.59
2025-12-15T18:00:31.801963,Recipe_B,610592ff-dcbe-4f1d-8eb4-f593c5d7ac78,2,4.0,,,,96.11,47.73,47.07,47.42,45.84,46.53
2025-12-15T18:00:32.801963,Recipe_B,610592ff-dcbe-4f1d-8eb4-f593c5d7ac78,2,4.0,,,,98.22,59.33,51.85,48.3,50.24,52.73
2025-12-15T18:00:33.801963,Recipe_B,610592ff-dcbe-4f1d-8eb4-f593c5d7ac78,2,4.0,,,,99.38,43.0,53.77,50.56,49.78,56.3
2025-12-15T18:00:34.801963,Recipe_B,610592ff-dcbe-4f1d-8eb4-f593c5d7ac78,2,4.0,,,,101.39,51.83,61.05,51.66,50.6,51.54
2025-12-15T18:00:35.801963,Recipe_B,610592ff-dcbe-4f1d-8eb4-f593c5d7ac78,2,4.0,,,,94.53,54.56,53.77,48.33,53.19,47.66
2025-12-15T18:00:36.801963,Recipe_B,610592ff-dcbe-4f1d-8eb4-f593c5d7ac78,2,4.0,,,,94.37,58.89,50.3,41.51,42.18,45.71
2025-12-15T18:00:37.801963,Recipe_B,610592ff-dcbe-4f1d-8eb4-f593c5d7ac78,2,4.0,,,,103.07,56.33,53.21,47.71,49.92,53.15
2025-12-15T18:00:38.801963,Recipe_B,610592ff-dcbe-4f1d-8eb4-f593c5d7ac78,2,4.0,,,,98.88,43.3,54.13,44.72,50.68,45.25
2025-12-15T18:00:39.801963,Recipe_B,610592ff-dcbe-4f1d-8eb4-f593c5d7ac78,2,4.0,,,,96.68,57.22,54.33,49.82,45.78,55.37
2025-12-15T18:00:40.801963,Recipe_B,610592ff-dcbe-4f1d-8eb4-f593c5d7ac78,2,4.0,,,,93.94,46.42,51.92,51.8,50.14,51.44
2025-12-15T18:00:41.801963,Recipe_B,610592ff-dcbe-4f1d-8eb4-f593c5d7ac78,2,4.0,,,,99.68,50.34,50.75,52.26,47.57,42.47
2025-12-15T18:00:42.801963,Recipe_B,610592ff-dcbe-4f1d-8eb4-f593c5d7ac78,2,4.0,,,,104.56,43.87,44.71,46.47,45.68,47.27
2025-12-15T18:00:43.801963,Recipe_B,610592ff-dcbe-4f1d-8eb4-f593c5d7ac78,2,4.0,,,,100.62,50.7,44.45,41.62,39.76,62.27
2025-12-15T18:00:44.801963,Recipe_B,610592ff-dcbe-4f1d-8eb4-f593c5d7ac78,2,4.0,,,,97.14,49.85,57.13,46.08,51.21,54.52
2025-12-15T18:00:45.801963,Recipe_B,610592ff-dcbe-4f1d-8eb4-f593c5d7ac78,2,4.0,,,,100.24,53.2,46.8,50.41,45.96,46.9
2025-12-15T18:00:46.801963,Recipe_B,610592ff-dcbe-4f1d-8eb4-f593c5d7ac78,2,4.0,,,,102.07,50.28,51.94,53.83,49.05,54.55
2025-12-15T18:00:47.801963,Recipe_B,610592ff-dcbe-4f1d-8eb4-f593c5d7ac78,2,4.0,,,,100.91,55.6,54.99,47.96,49.58,49.61
2025-12-15T18:00:48.801963,Recipe_B,610592ff-dcbe-4f1d-8eb4-f593c5d7ac78,2,4.0,,,,102.45,50.5,44.19,45.02,50.45,46.83
2025-12-15T18:00:49.801963,Recipe_B,610592ff-dcbe-4f1d-8eb4-f593c5d7ac78,2,4.0,,,,89.34,48.49,47.92,54.93,46.36,47.04
2025-12-15T18:00:50.801963,Recipe_B,610592ff-dcbe-4f1d-8eb4-f593c5d7ac78,2,4.0,,,,90.3,55.61,57.5,43.83,50.81,50.29
2025-12-15T18:00:51.801963,Recipe_B,610592ff-dcbe-4f1d-8eb4-f593c5d7ac78,2,4.0,,,,106.1,50.68,48.47,50.96,53.11,39.49
2025-12-15T18:00:52.801963,Recipe_B,610592ff-dcbe-4f1d-8eb4-f593c5d7ac78,2,4.0,,,,106.06,45.87,45.39,52.86,55.48,52.53
2025-12-15T18:00:53.801963,Recipe_B,610592ff-dcbe-4f1d-8eb4-f593c5d7ac78,2,4.0,,,,98.67,43.64,46.18,67.17,51.25,58.97
2025-12-15T18:00:54.801963,Recipe_B,610592ff-dcbe-4f1d-8eb4-f593c5d7ac78,2,4.0,,,,102.96,57.61,51.69,48.86,47.35,48.65
2025-12-15T18:00:55.801963,Recipe_B,610592ff-dcbe-4f1d-8eb4-f593c5d7ac78,2,4.0,,,,98.58,47.86,49.45,46.48,51.35,46.6
2025-12-15T18:00:56.801963,Recipe_B,610592ff-dcbe-4f1d-8eb4-f593c5d7ac78,2,4.0,,,,103.0,43.53,51.1,49.02,48.24,47.02
2025-12-15T18:00:57.801963,Recipe_B,610592ff-dcbe-4f1d-8eb4-f593c5d7ac78,2,4.0,,,,94.59,55.56,47.65,44.46,45.11,47.5
2025-12-15T18:00:58.801963,Recipe_B,610592ff-dcbe-4f1d-8eb4-f593c5d7ac78,2,4.0,,,,105.58,46.44,48.94,57.47,44.87,56.35
2025-12-15T18:00:59.801963,Recipe_B,610592ff-dcbe-4f1d-8eb4-f593c5d7ac78,2,4.0,,,,94.09,55.83,49.24,36.01,49.59,61.01
2025-12-15T18:01:00.801963,Recipe_B,610592ff-dcbe-4f1d-8eb4-f593c5d7ac78,2,4.0,,,,98.65,52.38,49.48,54.59,51.67,43.98
2025-12-15T18:01:01.801963,Recipe_B,610592ff-dcbe-4f1d-8eb4-f593c5d7ac78,2,4.0,,,,109.17,53.0,49.67,43.39,50.42,45.23
2025-12-15T18:01:02.801963,Recipe_B,610592ff-dcbe-4f1d-8eb4-f593c5d7ac78,2,4.0,,,,92.26,43.97,47.39,55.56,58.58,56.34
2025-12-15T18:01:03.801963,Recipe_B,610592ff-dcbe-4f1d-8eb4-f593c5d7ac78,2,4.0,,,,107.18,46.91,47.67,48.87,52.03,50.92
2025-12-15T18:01:04.801963,Recipe_B,610592ff-dcbe-4f1d-8eb4-f593c5d7ac78,2,4.0,,,,103.09,48.41,59.06,55.84,50.69,48.81
2025-12-15T18:01:05.801963,Recipe_B,610592ff-dcbe-4f1d-8eb4-f593c5d7ac78,2,4.0,,,,102.72,63.17,47.93,53.39,48.75,48.15
2025-12-15T18:01:06.801963,Recipe_B,610592ff-dcbe-4f1d-8eb4-f593c5d7ac78,2,4.0,,,,104.63,52.21,41.91,52.01,56.53,58.5
2025-12-15T18:01:07.801963,Recipe_B,610592ff-dcbe-4f1d-8eb4-f593c5d7ac78,2,4.0,,,,95.92,39.73,52.98,44.56,48.53,54.64
2025-12-15T18:01:08.801963,Recipe_B,610592ff-dcbe-4f1d-8eb4-f593c5d7ac78,2,4.0,,,,101.88,46.16,43.35,48.79,53.92,63.25
2025-12-15T18:01:09.801963,Recipe_B,610592ff-dcbe-4f1d-8eb4-f593c5d7ac78,2,4.0,,,,93.67,55.72,55.6,53.85,40.89,48.91
2025-12-15T18:01:10.801963,Recipe_B,610592ff-dcbe-4f1d-8eb4-f593c5d7ac78,2,4.0,,,,97.44,47.27,53.32,55.86,49.22,43.58
2025-12-15T18:01:11.801963,Recipe_B,610592ff-dcbe-4f1d-8eb4-f593c5d7ac78,2,4.0,,,,96.26,44.79,60.54,52.47,41.24,54.29
2025-12-15T18:01:12.801963,Recipe_B,610592ff-dcbe-4f1d-8eb4-f593c5d7ac78,2,4.0,,,,103.66,60.26,49.86,56.66,51.4,47.96
2025-12-15T18:01:13.801963,Recipe_B,610592ff-dcbe-4f1d-8eb4-f593c5d7ac78,2,4.0,,,,103.38,43.71,47.28,47.66,46.08,57.47
2025-12-15T18:01:14.801963,Recipe_B,610592ff-dcbe-4f1d-8eb4-f593c5d7ac78,2,4.0,,,,100.55,52.13,47.46,52.41,49.29,51.49
2025-12-15T18:01:15.801963,Recipe_B,610592ff-dcbe-4f1d-8eb4-f593c5d7ac78,2,4.0,,,,99.31,46.24,62.53,54.82,47.68,47.78
2025-12-15T18:01:16.801963,Recipe_B,610592ff-dcbe-4f1d-8eb4-f593c5d7ac78,2,4.0,,,,99.28,57.64,63.96,38.3,50.58,54.88
2025-12-15T18:01:17.801963,Recipe_B,610592ff-dcbe-4f1d-8eb4-f593c5d7ac78,2,4.0,,,,93.72,51.38,55.99,41.57,47.75,45.06
2025-12-15T18:01:18.801963,Recipe_B,610592ff-dcbe-4f1d-8eb4-f593c5d7ac78,2,4.0,,,,107.38,48.37,46.99,46.54,53.11,43.39
2025-12-15T18:01:19.801963,Recipe_B,610592ff-dcbe-4f1d-8eb4-f593c5d7ac78,2,4.0,,,,98.28,46.84,60.28,52.91,49.97,44.95
2025-12-15T18:01:20.801963,Recipe_B,610592ff-dcbe-4f1d-8eb4-f593c5d7ac78,2,4.0,,,,103.34,57.45,45.03,49.45,49.72,40.38
2025-12-15T18:01:21.801963,Recipe_B,610592ff-dcbe-4f1d-8eb4-f593c5d7ac78,2,4.0,,,,93.34,51.21,56.86,50.05,45.82,54.5
2025-12-15T18:01:22.801963,Recipe_B,610592ff-dcbe-4f1d-8eb4-f593c5d7ac78,2,4.0,,,,107.4,43.51,52.59,48.24,49.12,51.04
2025-12-15T18:01:23.801963,Recipe_B,610592ff-dcbe-4f1d-8eb4-f593c5d7ac78,2,3.0,,,,9.74,12.6,11.3,7.03,9.7,10.33
2025-12-15T18:01:24.801963,Recipe_B,610592ff-dcbe-4f1d-8eb4-f593c5d7ac78,2,3.0,,,,13.22,12.57,12.24,8.6,9.54,9.89
2025-12-15T18:01:25.801963,Recipe_B,610592ff-dcbe-4f1d-8eb4-f593c5d7ac78,2,3.0,,,,8.4,11.94,9.54,10.95,13.19,10.83
2025-12-15T18:01:26.801963,Recipe_B,610592ff-dcbe-4f1d-8eb4-f593c5d7ac78,2,3.0,,,,11.4,11.44,7.81,8.52,12.81,13.59
2025-12-15T18:01:27.801963,Recipe_B,610592ff-dcbe-4f1d-8eb4-f593c5d7ac78,2,3.0,,,,10.54,6.75,10.25,11.26,11.45,8.81
2025-12-15T18:01:28.801963,Recipe_B,610592ff-dcbe-4f1d-8eb4-f593c5d7ac78,2,3.0,,,,7.89,11.8,9.65,6.39,9.38,12.59
2025-12-15T18:01:29.801963,Recipe_B,610592ff-dcbe-4f1d-8eb4-f593c5d7ac78,2,1.0,,,,12.0,10.31,12.27,10.24,9.13,11.1
2025-12-15T18:01:30.801963,Recipe_B,610592ff-dcbe-4f1d-8eb4-f593c5d7ac78,2,1.0,,,,10.61,9.34,11.06,12.62,12.3,7.54
2025-12-15T18:01:31.801963,Recipe_B,610592ff-dcbe-4f1d-8eb4-f593c5d7ac78,2,1.0,,,,10.69,6.99,11.27,11.1,8.85,8.9
2025-12-15T18:01:32.801963,Recipe_B,610592ff-dcbe-4f1d-8eb4-f593c5d7ac78,2,1.0,,,,10.47,10.87,12.3,9.45,11.98,9.2
2025-12-15T18:01:33.801963,Recipe_B,610592ff-dcbe-4f1d-8eb4-f593c5d7ac78,2,1.0,,,,10.34,12.11,9.91,10.3,11.04,10.67
2025-12-15T18:01:34.801963,Recipe_B,610592ff-dcbe-4f1d-8eb4-f593c5d7ac78,2,1.0,,,,10.52,9.49,11.64,10.72,9.74,11.75
2025-12-15T18:01:35.801963,Recipe_B,610592ff-dcbe-4f1d-8eb4-f593c5d7ac78,2,1.0,,,,8.5,8.72,8.12,7.38,7.19,7.79
2025-12-15T18:01:36.801963,Recipe_B,610592ff-dcbe-4f1d-8eb4-f593c5d7ac78,2,2.0,,,,12.24,11.23,7.78,10.65,12.99,9.73
2025-12-15T18:01:37.801963,Recipe_B,610592ff-dcbe-4f1d-8eb4-f593c5d7ac78,2,2.0,,,,8.33,9.61,9.01,13.27,11.15,10.33
2025-12-15T18:01:38.801963,Recipe_B,610592ff-dcbe-4f1d-8eb4-f593c5d7ac78,2,2.0,,,,11.08,6.52,7.95,8.11,10.55,6.19
2025-12-15T18:01:39.801963,Recipe_B,610592ff-dcbe-4f1d-8eb4-f593c5d7ac78,2,2.0,,,,12.94,7.3,9.26,9.26,10.52,11.68
2025-12-15T18:01:40.801963,Recipe_B,610592ff-dcbe-4f1d-8eb4-f593c5d7ac78,2,2.0,,,,10.56,10.94,10.5,11.09,13.99,10.02
2025-12-15T18:01:41.801963,Recipe_B,610592ff-dcbe-4f1d-8eb4-f593c5d7ac78,2,2.0,,,,13.38,13.59,11.08,8.12,11.21,9.73
2025-12-15T18:01:42.801963,Recipe_B,610592ff-dcbe-4f1d-8eb4-f593c5d7ac78,2,2.0,,,,9.58,7.24,8.2,5.87,14.83,8.36
2025-12-15T18:01:43.801963,Recipe_B,610592ff-dcbe-4f1d-8eb4-f593c5d7ac78,2,2.0,,,,8.31,9.75,12.6,9.67,9.47,12.39
2025-12-15T18:01:44.801963,Recipe_B,610592ff-dcbe-4f1d-8eb4-f593c5d7ac78,2,2.0,,,,8.37,12.59,10.03,11.22,11.27,9.14
2025-12-15T18:01:45.801963,Recipe_B,610592ff-dcbe-4f1d-8eb4-f593c5d7ac78,2,2.0,,,,13.15,8.88,11.78,10.8,12.96,6.52
2025-12-15T18:01:46.801963,Recipe_B,610592ff-dcbe-4f1d-8eb4-f593c5d7ac78,2,2.0,,,,10.19,8.71,9.31,9.01,14.88,13.43
2025-12-15T18:01:47.801963,Recipe_B,610592ff-dcbe-4f1d-8eb4-f593c5d7ac78,2,2.0,,,,10.68,12.26,12.4,8.59,10.49,13.5
2025-12-15T18:01:48.801963,Recipe_B,610592ff-dcbe-4f1d-8eb4-f593c5d7ac78,2,2.0,,,,8.23,9.34,10.04,13.31,6.36,7.75
2025-12-15T18:01:49.801963,Recipe_B,610592ff-dcbe-4f1d-8eb4-f593c5d7ac78,2,2.0,,,,10.1,6.02,10.17,12.56,3.41,9.31
2025-12-15T18:01:50.801963,Recipe_B,610592ff-dcbe-4f1d-8eb4-f593c5d7ac78,2,2.0,,,,10.6,8.23,7.92,10.34,13.43,12.5
2025-12-15T18:01:51.801963,Recipe_B,610592ff-dcbe-4f1d-8eb4-f593c5d7ac78,2,2.0,,,,5.6,11.04,10.48,10.96,8.35,12.08
2025-12-15T18:01:52.801963,Recipe_B,610592ff-dcbe-4f1d-8eb4-f593c5d7ac78,2,2.0,,,,12.05,10.01,8.98,7.07,12.22,9.33
2025-12-15T18:01:53.801963,Recipe_B,610592ff-dcbe-4f1d-8eb4-f593c5d7ac78,2,2.0,,,,12.31,13.31,13.36,10.56,7.98,9.0
2025-12-15T18:01:54.801963,Recipe_B,610592ff-dcbe-4f1d-8eb4-f593c5d7ac78,2,2.0,,,,9.13,9.24,9.04,13.76,8.68,8.5
2025-12-15T18:01:55.801963,Recipe_B,610592ff-dcbe-4f1d-8eb4-f593c5d7ac78,2,2.0,,,,7.09,12.15,10.49,9.35,11.74,10.87
2025-12-15T18:01:56.801963,Recipe_B,610592ff-dcbe-4f1d-8eb4-f593c5d7ac78,2,2.0,,,,10.06,12.54,5.12,8.91,11.8,6.62
2025-12-15T18:01:57.801963,Recipe_B,610592ff-dcbe-4f1d-8eb4-f593c5d7ac78,2,2.0,,,,9.92,9.2,9.52,7.34,10.57,12.07
2025-12-15T18:01:58.801963,Recipe_B,610592ff-dcbe-4f1d-8eb4-f593c5d7ac78,2,2.0,,,,10.94,11.38,8.96,10.17,9.62,10.59
2025-12-15T18:01:59.801963,Recipe_B,610592ff-dcbe-4f1d-8eb4-f593c5d7ac78,2,2.0,,,,9.5,12.0,10.71,12.04,7.71,10.64
2025-12-15T18:02:00.801963,Recipe_B,610592ff-dcbe-4f1d-8eb4-f593c5d7ac78,2,2.0,,,,11.97,12.16,9.15,10.57,10.35,5.71
2025-12-15T18:02:01.801963,Recipe_B,610592ff-dcbe-4f1d-8eb4-f593c5d7ac78,2,2.0,,,,9.7,9.23,9.59,11.42,11.35,13.3
2025-12-15T18:02:02.801963,Recipe_B,610592ff-dcbe-4f1d-8eb4-f593c5d7ac78,2,2.0,,,,7.16,14.65,9.3,13.37,10.65,13.59
2025-12-15T18:02:03.801963,Recipe_B,610592ff-dcbe-4f1d-8eb4-f593c5d7ac78,2,2.0,,,,10.23,12.71,9.64,11.01,11.63,10.85
2025-12-15T18:02:04.801963,Recipe_B,610592ff-dcbe-4f1d-8eb4-f593c5d7ac78,2,2.0,,,,9.79,8.68,9.79,9.38,10.86,9.31
2025-12-15T18:02:05.801963,Recipe_B,610592ff-dcbe-4f1d-8eb4-f593c5d7ac78,2,2.0,,,,14.03,12.36,10.33,6.55,9.24,8.61
2025-12-15T18:02:06.801963,Recipe_B,610592ff-dcbe-4f1d-8eb4-f593c5d7ac78,2,2.0,,,,9.6,8.08,12.51,9.26,11.76,8.16
2025-12-15T18:02:07.801963,Recipe_B,610592ff-dcbe-4f1d-8eb4-f593c5d7ac78,2,2.0,,,,9.7,8.09,12.77,10.97,6.77,9.09
2025-12-15T18:02:08.801963,Recipe_B,610592ff-dcbe-4f1d-8eb4-f593c5d7ac78,2,2.0,,,,10.14,11.26,5.5,7.72,8.77,9.97
2025-12-15T18:02:09.801963,Recipe_B,610592ff-dcbe-4f1d-8eb4-f593c5d7ac78,2,2.0,,,,11.53,10.57,12.27,9.25,11.87,11.31
2025-12-15T18:02:10.801963,Recipe_B,610592ff-dcbe-4f1d-8eb4-f593c5d7ac78,2,2.0,,,,12.9,10.25,9.02,7.93,9.59,10.68
2025-12-15T18:02:11.801963,Recipe_B,610592ff-dcbe-4f1d-8eb4-f593c5d7ac78,2,2.0,,,,10.08,11.89,12.01,12.58,12.16,9.95
2025-12-15T18:02:12.801963,Recipe_B,610592ff-dcbe-4f1d-8eb4-f593c5d7ac78,2,2.0,,,,12.41,15.16,11.47,6.94,12.87,9.53
2025-12-15T18:02:13.801963,Recipe_B,610592ff-dcbe-4f1d-8eb4-f593c5d7ac78,2,2.0,,,,11.22,12.39,11.04,7.36,9.33,6.56
2025-12-15T18:02:14.801963,Recipe_B,610592ff-dcbe-4f1d-8eb4-f593c5d7ac78,2,2.0,,,,9.36,9.46,7.79,10.12,10.41,9.28
2025-12-15T18:02:15.801963,Recipe_B,610592ff-dcbe-4f1d-8eb4-f593c5d7ac78,2,2.0,,,,10.75,8.87,12.95,8.92,11.4,11.85
2025-12-15T18:02:16.801963,Recipe_B,610592ff-dcbe-4f1d-8eb4-f593c5d7ac78,2,2.0,,,,12.06,9.01,13.65,10.07,7.6,10.13
2025-12-15T18:02:17.801963,Recipe_B,610592ff-dcbe-4f1d-8eb4-f593c5d7ac78,2,2.0,,,,12.76,6.78,9.32,15.13,12.08,7.93
2025-12-15T18:02:18.801963,Recipe_B,610592ff-dcbe-4f1d-8eb4-f593c5d7ac78,2,2.0,,,,9.31,10.74,9.52,9.44,9.56,11.18
2025-12-15T18:02:19.801963,Recipe_B,610592ff-dcbe-4f1d-8eb4-f593c5d7ac78,2,2.0,,,,9.65,9.17,11.18,9.67,11.06,8.53
2025-12-15T18:02:20.801963,Recipe_B,610592ff-dcbe-4f1d-8eb4-f593c5d7ac78,2,2.0,,,,11.35,11.67,8.0,10.51,8.03,9.67
2025-12-15T18:02:21.801963,Recipe_B,610592ff-dcbe-4f1d-8eb4-f593c5d7ac78,2,2.0,,,,9.05,9.92,8.65,11.72,11.0,7.04
2025-12-15T18:02:22.801963,Recipe_B,610592ff-dcbe-4f1d-8eb4-f593c5d7ac78,2,2.0,,,,7.16,7.77,9.33,9.07,8.19,6.87
2025-12-15T18:02:23.801963,Recipe_B,610592ff-dcbe-4f1d-8eb4-f593c5d7ac78,2,2.0,,,,7.47,11.08,9.02,8.23,10.23,12.38
2025-12-15T18:02:24.801963,Recipe_B,610592ff-dcbe-4f1d-8eb4-f593c5d7ac78,2,2.0,,,,7.16,11.26,10.25,11.75,11.06,10.21
2025-12-15T18:02:25.801963,Recipe_B,610592ff-dcbe-4f1d-8eb4-f593c5d7ac78,2,2.0,,,,10.58,11.12,8.25,8.81,10.54,10.37
2025-12-15T18:02:26.801963,Recipe_B,610592ff-dcbe-4f1d-8eb4-f593c5d7ac78,2,2.0,,,,7.09,9.07,7.7,10.07,11.77,9.45
2025-12-15T18:02:27.801963,Recipe_B,610592ff-dcbe-4f1d-8eb4-f593c5d7ac78,2,2.0,,,,5.91,8.12,10.69,7.06,9.83,11.58
2025-12-15T18:02:28.801963,Recipe_B,610592ff-dcbe-4f1d-8eb4-f593c5d7ac78,2,2.0,,,,11.24,11.9,10.23,12.61,9.95,10.37
2025-12-15T18:02:29.801963,Recipe_B,610592ff-dcbe-4f1d-8eb4-f593c5d7ac78,2,2.0,,,,12.03,9.51,13.97,7.2,10.91,12.13
2025-12-15T18:02:30.801963,Recipe_B,610592ff-dcbe-4f1d-8eb4-f593c5d7ac78,2,2.0,,,,10.6,8.61,8.33,10.06,9.35,8.73
2025-12-15T18:02:31.801963,Recipe_B,610592ff-dcbe-4f1d-8eb4-f593c5d7ac78,2,2.0,,,,15.25,12.42,12.16,11.26,7.79,5.17
2025-12-15T18:02:32.801963,Recipe_B,610592ff-dcbe-4f1d-8eb4-f593c5d7ac78,2,2.0,,,,5.45,10.84,9.55,13.45,11.02,10.15
2025-12-15T18:02:33.801963,Recipe_B,610592ff-dcbe-4f1d-8eb4-f593c5d7ac78,2,2.0,,,,9.77,10.72,9.38,7.33,5.17,9.76
2025-12-15T18:02:34.801963,Recipe_B,610592ff-dcbe-4f1d-8eb4-f593c5d7ac78,2,2.0,,,,5.75,12.13,12.1,9.64,13.01,13.15
2025-12-15T18:02:35.801963,Recipe_B,610592ff-dcbe-4f1d-8eb4-f593c5d7ac78,2,2.0,,,,10.99,11.41,9.44,12.55,8.28,11.6
2025-12-15T18:02:36.801963,Recipe_B,610592ff-dcbe-4f1d-8eb4-f593c5d7ac78,2,2.0,,,,9.43,9.56,7.64,13.16,10.16,11.84
2025-12-15T18:02:37.801963,Recipe_B,610592ff-dcbe-4f1d-8eb4-f593c5d7ac78,2,2.0,,,,14.64,10.05,9.96,9.29,11.15,7.53
2025-12-15T18:02:38.801963,Recipe_B,610592ff-dcbe-4f1d-8eb4-f593c5d7ac78,2,2.0,,,,15.19,8.51,11.31,10.74,12.29,6.41
2025-12-15T18:02:39.801963,Recipe_B,610592ff-dcbe-4f1d-8eb4-f593c5d7ac78,2,2.0,,,,9.57,10.38,8.19,10.31,9.47,7.78
2025-12-15T18:02:40.801963,Recipe_B,610592ff-dcbe-4f1d-8eb4-f593c5d7ac78,2,2.0,,,,11.0,8.53,11.01,10.48,11.93,11.19
2025-12-15T18:02:41.801963,Recipe_B,610592ff-dcbe-4f1d-8eb4-f593c5d7ac78,2,2.0,,,,12.96,9.03,12.22,10.78,12.27,7.96
2025-12-15T18:02:42.801963,Recipe_B,610592ff-dcbe-4f1d-8eb4-f593c5d7ac78,2,2.0,,,,10.31,6.27,8.31,11.35,12.49,8.61
2025-12-15T18:02:43.801963,Recipe_B,610592ff-dcbe-4f1d-8eb4-f593c5d7ac78,2,2.0,,,,14.35,8.91,9.72,8.69,10.0,8.17
2025-12-15T18:02:44.801963,Recipe_B,610592ff-dcbe-4f1d-8eb4-f593c5d7ac78,2,2.0,,,,12.15,12.21,10.5,11.86,12.17,8.38
2025-12-15T18:02:45.801963,Recipe_B,610592ff-dcbe-4f1d-8eb4-f593c5d7ac78,2,2.0,,,,8.88,11.51,9.17,13.44,9.24,8.15
2025-12-15T18:02:46.801963,Recipe_B,610592ff-dcbe-4f1d-8eb4-f593c5d7ac78,2,2.0,,,,8.94,8.47,6.78,9.4,10.91,10.05
2025-12-15T18:02:47.801963,Recipe_B,610592ff-dcbe-4f1d-8eb4-f593c5d7ac78,2,2.0,,,,9.38,8.62,10.44,12.2,11.45,10.81
2025-12-15T18:02:48.801963,Recipe_B,610592ff-dcbe-4f1d-8eb4-f593c5d7ac78,2,2.0,,,,7.53,10.43,5.83,9.41,12.26,9.1
2025-12-15T18:02:49.801963,Recipe_B,610592ff-dcbe-4f1d-8eb4-f593c5d7ac78,2,0.0,,,,0.0,0.0,0.0,0.0,0.0,0.0
2025-12-15T18:02:50.801963,Recipe_B,610592ff-dcbe-4f1d-8eb4-f593c5d7ac78,2,0.0,,,,0.0,0.0,0.0,0.0,0.0,0.0
2025-12-15T18:02:51.801963,Recipe_B,610592ff-dcbe-4f1d-8eb4-f593c5d7ac78,2,0.0,,,,0.0,0.0,0.0,0.0,0.0,0.0
2025-12-15T18:02:52.801963,Recipe_B,610592ff-dcbe-4f1d-8eb4-f593c5d7ac78,2,0.0,,,,0.0,0.0,0.0,0.0,0.0,0.0
2025-12-15T18:02:53.801963,Recipe_B,610592ff-dcbe-4f1d-8eb4-f593c5d7ac78,2,0.0,,,,0.0,0.0,0.0,0.0,0.0,0.0
2025-12-15T18:02:54.801963,Recipe_B,610592ff-dcbe-4f1d-8eb4-f593c5d7ac78,2,0.0,,,,0.0,0.0,0.0,0.0,0.0,0.0
2025-12-15T18:02:55.801963,Recipe_B,610592ff-dcbe-4f1d-8eb4-f593c5d7ac78,2,0.0,,,,0.0,0.0,0.0,0.0,0.0,0.0
2025-12-15T18:02:56.801963,Recipe_B,610592ff-dcbe-4f1d-8eb4-f593c5d7ac78,2,0.0,,,,0.0,0.0,0.0,0.0,0.0,0.0
2025-12-15T18:02:57.801963,Recipe_B,610592ff-dcbe-4f1d-8eb4-f593c5d7ac78,2,0.0,,,,0.0,0.0,0.0,0.0,0.0,0.0
2025-12-15T18:02:57.801963,Recipe_B,610592ff-dcbe-4f1d-8eb4-f593c5d7ac78,2,0.0,Warning_8,Simulated Warning occurred,Warning,,,,,,
2025-12-15T18:02:58.801963,Recipe_B,610592ff-dcbe-4f1d-8eb4-f593c5d7ac78,2,0.0,,,,0.0,0.0,0.0,0.0,0.0,0.0
2025-12-15T18:02:59.801963,Recipe_B,610592ff-dcbe-4f1d-8eb4-f593c5d7ac78,2,0.0,,,,0.0,0.0,0.0,0.0,0.0,0.0
2025-12-15T18:03:00.801963,Recipe_B,610592ff-dcbe-4f1d-8eb4-f593c5d7ac78,2,0.0,,,,0.0,0.0,0.0,0.0,0.0,0.0
2025-12-15T18:03:01.801963,Recipe_B,610592ff-dcbe-4f1d-8eb4-f593c5d7ac78,2,0.0,,,,0.0,0.0,0.0,0.0,0.0,0.0
2025-12-15T18:03:02.801963,Recipe_B,610592ff-dcbe-4f1d-8eb4-f593c5d7ac78,2,0.0,,,,0.0,0.0,0.0,0.0,0.0,0.0
2025-12-15T18:03:03.801963,Recipe_B,610592ff-dcbe-4f1d-8eb4-f593c5d7ac78,2,0.0,,,,0.0,0.0,0.0,0.0,0.0,0.0
2025-12-15T18:03:04.801963,Recipe_B,610592ff-dcbe-4f1d-8eb4-f593c5d7ac78,2,0.0,,,,0.0,0.0,0.0,0.0,0.0,0.0
2025-12-15T18:03:05.801963,Recipe_B,610592ff-dcbe-4f1d-8eb4-f593c5d7ac78,2,0.0,,,,0.0,0.0,0.0,0.0,0.0,0.0
2025-12-15T18:03:06.801963,Recipe_B,610592ff-dcbe-4f1d-8eb4-f593c5d7ac78,2,0.0,,,,0.0,0.0,0.0,0.0,0.0,0.0
2025-12-15T18:03:07.801963,Recipe_B,610592ff-dcbe-4f1d-8eb4-f593c5d7ac78,2,0.0,,,,0.0,0.0,0.0,0.0,0.0,0.0
2025-12-15T18:03:08.801963,Recipe_B,610592ff-dcbe-4f1d-8eb4-f593c5d7ac78,2,0.0,,,,0.0,0.0,0.0,0.0,0.0,0.0
2025-12-15T18:03:09.801963,Recipe_B,610592ff-dcbe-4f1d-8eb4-f593c5d7ac78,2,2.0,,,,12.94,7.64,9.12,11.88,11.14,5.82
2025-12-15T18:03:10.801963,Recipe_B,610592ff-dcbe-4f1d-8eb4-f593c5d7ac78,2,2.0,,,,8.57,10.84,12.48,12.47,8.16,13.8
2025-12-15T18:03:11.801963,Recipe_B,610592ff-dcbe-4f1d-8eb4-f593c5d7ac78,2,2.0,,,,10.54,10.11,11.74,7.48,8.61,9.01
2025-12-15T18:03:12.801963,Recipe_B,610592ff-dcbe-4f1d-8eb4-f593c5d7ac78,2,2.0,,,,9.29,11.6,8.6,7.44,10.96,9.34
2025-12-15T18:03:13.801963,Recipe_B,610592ff-dcbe-4f1d-8eb4-f593c5d7ac78,2,2.0,,,,11.27,12.58,12.69,7.19,11.83,8.8
2025-12-15T18:03:14.801963,Recipe_B,610592ff-dcbe-4f1d-8eb4-f593c5d7ac78,2,2.0,,,,9.31,13.29,6.23,5.98,9.34,7.7
2025-12-15T18:03:15.801963,Recipe_B,610592ff-dcbe-4f1d-8eb4-f593c5d7ac78,2,2.0,,,,7.85,11.71,8.47,6.88,11.29,7.92
2025-12-15T18:03:16.801963,Recipe_B,610592ff-dcbe-4f1d-8eb4-f593c5d7ac78,2,2.0,,,,9.9,12.13,9.16,7.95,10.17,13.74
2025-12-15T18:03:17.801963,Recipe_B,610592ff-dcbe-4f1d-8eb4-f593c5d7ac78,2,2.0,,,,14.78,14.09,8.62,7.83,12.38,11.31
2025-12-15T18:03:18.801963,Recipe_B,610592ff-dcbe-4f1d-8eb4-f593c5d7ac78,2,2.0,,,,8.98,7.74,11.14,13.0,10.0,11.52
2025-12-15T18:03:19.801963,Recipe_B,610592ff-dcbe-4f1d-8eb4-f593c5d7ac78,2,2.0,,,,10.14,12.84,6.9,10.27,8.55,8.8
2025-12-15T18:03:20.801963,Recipe_B,610592ff-dcbe-4f1d-8eb4-f593c5d7ac78,2,2.0,,,,6.2,9.74,8.96,9.97,9.11,8.3
2025-12-15T18:03:21.801963,Recipe_B,610592ff-dcbe-4f1d-8eb4-f593c5d7ac78,2,2.0,,,,10.39,7.2,9.95,9.26,10.48,8.67
2025-12-15T18:03:22.801963,Recipe_B,610592ff-dcbe-4f1d-8eb4-f593c5d7ac78,2,2.0,,,,11.6,12.75,10.38,12.39,10.53,15.35
2025-12-15T18:03:23.801963,Recipe_B,610592ff-dcbe-4f1d-8eb4-f593c5d7ac78,2,2.0,,,,13.08,11.48,10.04,11.48,8.56,7.78
2025-12-15T18:03:24.801963,Recipe_B,610592ff-dcbe-4f1d-8eb4-f593c5d7ac78,2,2.0,,,,10.85,7.86,13.01,9.83,11.12,10.25
2025-12-15T18:03:25.801963,Recipe_B,610592ff-dcbe-4f1d-8eb4-f593c5d7ac78,2,2.0,,,,5.76,8.74,12.86,7.23,8.42,11.89
2025-12-15T18:03:26.801963,Recipe_B,610592ff-dcbe-4f1d-8eb4-f593c5d7ac78,2,2.0,,,,17.89,9.73,9.18,12.39,7.94,11.24
2025-12-15T18:03:27.801963,Recipe_B,610592ff-dcbe-4f1d-8eb4-f593c5d7ac78,2,2.0,,,,11.53,8.47,8.37,10.29,10.46,10.67
2025-12-15T18:03:28.801963,Recipe_B,610592ff-dcbe-4f1d-8eb4-f593c5d7ac78,2,2.0,,,,10.44,10.56,8.99,10.65,7.13,8.7
2025-12-15T18:03:29.801963,Recipe_B,610592ff-dcbe-4f1d-8eb4-f593c5d7ac78,2,2.0,,,,8.28,6.45,13.35,11.26,8.98,9.97
2025-12-15T18:03:30.801963,Recipe_B,610592ff-dcbe-4f1d-8eb4-f593c5d7ac78,2,2.0,,,,10.44,7.6,8.43,8.36,12.75,12.46
2025-12-15T18:03:31.801963,Recipe_B,610592ff-dcbe-4f1d-8eb4-f593c5d7ac78,2,2.0,,,,12.94,13.96,11.83,8.05,10.08,8.86
2025-12-15T18:03:32.801963,Recipe_B,610592ff-dcbe-4f1d-8eb4-f593c5d7ac78,2,2.0,,,,11.56,9.84,12.31,12.36,12.26,12.61
2025-12-15T18:03:33.801963,Recipe_B,610592ff-dcbe-4f1d-8eb4-f593c5d7ac78,2,2.0,,,,7.46,11.83,7.02,10.44,12.31,13.53
2025-12-15T18:03:34.801963,Recipe_B,610592ff-dcbe-4f1d-8eb4-f593c5d7ac78,2,0.0,,,,0.0,0.0,0.0,0.0,0.0,0.0
2025-12-15T18:03:35.801963,Recipe_B,610592ff-dcbe-4f1d-8eb4-f593c5d7ac78,2,0.0,,,,0.0,0.0,0.0,0.0,0.0,0.0
2025-12-15T18:03:36.801963,Recipe_B,610592ff-dcbe-4f1d-8eb4-f593c5d7ac78,2,0.0,,,,0.0,0.0,0.0,0.0,0.0,0.0
2025-12-15T18:03:37.801963,Recipe_B,610592ff-dcbe-4f1d-8eb4-f593c5d7ac78,2,0.0,,,,0.0,0.0,0.0,0.0,0.0,0.0
2025-12-15T18:03:38.801963,Recipe_B,610592ff-dcbe-4f1d-8eb4-f593c5d7ac78,2,0.0,,,,0.0,0.0,0.0,0.0,0.0,0.0
2025-12-15T18:03:39.801963,Recipe_B,610592ff-dcbe-4f1d-8eb4-f593c5d7ac78,2,0.0,,,,0.0,0.0,0.0,0.0,0.0,0.0
2025-12-15T18:03:40.801963,Recipe_B,610592ff-dcbe-4f1d-8eb4-f593c5d7ac78,2,0.0,,,,0.0,0.0,0.0,0.0,0.0,0.0
2025-12-15T18:03:41.801963,Recipe_B,610592ff-dcbe-4f1d-8eb4-f593c5d7ac78,2,0.0,,,,0.0,0.0,0.0,0.0,0.0,0.0
2025-12-15T18:03:42.801963,Recipe_B,610592ff-dcbe-4f1d-8eb4-f593c5d7ac78,2,0.0,,,,0.0,0.0,0.0,0.0,0.0,0.0
2025-12-15T18:03:43.801963,Recipe_B,610592ff-dcbe-4f1d-8eb4-f593c5d7ac78,2,0.0,,,,0.0,0.0,0.0,0.0,0.0,0.0
2025-12-15T18:03:44.801963,Recipe_B,610592ff-dcbe-4f1d-8eb4-f593c5d7ac78,2,0.0,,,,0.0,0.0,0.0,0.0,0.0,0.0
2025-12-15T18:03:45.801963,Recipe_B,610592ff-dcbe-4f1d-8eb4-f593c5d7ac78,2,0.0,,,,0.0,0.0,0.0,0.0,0.0,0.0
2025-12-15T18:03:46.801963,Recipe_B,610592ff-dcbe-4f1d-8eb4-f593c5d7ac78,2,0.0,,,,0.0,0.0,0.0,0.0,0.0,0.0
2025-12-15T18:03:47.801963,Recipe_B,610592ff-dcbe-4f1d-8eb4-f593c5d7ac78,2,0.0,,,,0.0,0.0,0.0,0.0,0.0,0.0
2025-12-15T18:03:48.801963,Recipe_B,610592ff-dcbe-4f1d-8eb4-f593c5d7ac78,2,0.0,,,,0.0,0.0,0.0,0.0,0.0,0.0
2025-12-15T18:03:49.801963,Recipe_B,610592ff-dcbe-4f1d-8eb4-f593c5d7ac78,2,0.0,,,,0.0,0.0,0.0,0.0,0.0,0.0
2025-12-15T18:03:50.801963,Recipe_B,610592ff-dcbe-4f1d-8eb4-f593c5d7ac78,2,0.0,,,,0.0,0.0,0.0,0.0,0.0,0.0
2025-12-15T18:03:51.801963,Recipe_B,610592ff-dcbe-4f1d-8eb4-f593c5d7ac78,2,0.0,,,,0.0,0.0,0.0,0.0,0.0,0.0
2025-12-15T18:03:52.801963,Recipe_B,610592ff-dcbe-4f1d-8eb4-f593c5d7ac78,2,0.0,,,,0.0,0.0,0.0,0.0,0.0,0.0
2025-12-15T18:03:53.801963,Recipe_B,610592ff-dcbe-4f1d-8eb4-f593c5d7ac78,2,0.0,,,,0.0,0.0,0.0,0.0,0.0,0.0
2025-12-15T18:03:54.801963,Recipe_B,610592ff-dcbe-4f1d-8eb4-f593c5d7ac78,2,0.0,,,,0.0,0.0,0.0,0.0,0.0,0.0
2025-12-15T18:03:55.801963,Recipe_B,610592ff-dcbe-4f1d-8eb4-f593c5d7ac78,2,0.0,,,,0.0,0.0,0.0,0.0,0.0,0.0
2025-12-15T18:03:56.801963,Recipe_B,610592ff-dcbe-4f1d-8eb4-f593c5d7ac78,2,5.0,,,,13.2,12.12,15.05,11.99,7.38,11.48
2025-12-15T18:03:57.801963,Recipe_B,610592ff-dcbe-4f1d-8eb4-f593c5d7ac78,2,5.0,,,,11.13,11.75,7.71,12.95,11.65,9.05
2025-12-15T18:03:58.801963,Recipe_B,610592ff-dcbe-4f1d-8eb4-f593c5d7ac78,2,5.0,,,,7.67,8.2,14.28,4.71,7.38,7.44
2025-12-15T18:03:59.801963,Recipe_B,610592ff-dcbe-4f1d-8eb4-f593c5d7ac78,2,5.0,,,,8.58,11.63,10.45,11.84,9.83,11.71
2025-12-15T18:04:00.801963,Recipe_B,610592ff-dcbe-4f1d-8eb4-f593c5d7ac78,2,5.0,,,,8.32,9.05,11.64,10.04,8.16,8.98
2025-12-15T18:04:01.801963,Recipe_B,610592ff-dcbe-4f1d-8eb4-f593c5d7ac78,2,5.0,,,,10.77,9.32,11.79,10.76,12.25,7.57
2025-12-15T18:04:02.801963,Recipe_B,610592ff-dcbe-4f1d-8eb4-f593c5d7ac78,2,5.0,,,,7.42,13.16,6.56,8.75,7.81,11.26
2025-12-15T18:04:02.801963,Recipe_B,610592ff-dcbe-4f1d-8eb4-f593c5d7ac78,2,5.0,Warning_4,Simulated Warning occurred,Warning,,,,,,
2025-12-15T18:04:03.801963,Recipe_B,610592ff-dcbe-4f1d-8eb4-f593c5d7ac78,2,5.0,,,,8.93,11.22,10.03,8.0,12.6,10.11
2025-12-15T18:04:04.801963,Recipe_B,610592ff-dcbe-4f1d-8eb4-f593c5d7ac78,2,5.0,,,,10.01,10.3,8.3,10.19,11.18,14.32
2025-12-15T18:04:05.801963,Recipe_B,610592ff-dcbe-4f1d-8eb4-f593c5d7ac78,2,5.0,,,,10.5,6.82,10.53,11.62,9.29,9.43
2025-12-15T18:04:06.801963,Recipe_B,610592ff-dcbe-4f1d-8eb4-f593c5d7ac78,2,5.0,,,,9.03,8.88,7.48,8.87,8.68,12.76
2025-12-15T18:04:07.801963,Recipe_B,610592ff-dcbe-4f1d-8eb4-f593c5d7ac78,2,5.0,,,,11.47,8.88,10.84,9.68,8.53,9.18
2025-12-15T18:04:08.801963,Recipe_B,610592ff-dcbe-4f1d-8eb4-f593c5d7ac78,2,5.0,,,,9.35,6.7,9.42,8.63,10.44,11.69
2025-12-15T18:04:09.801963,Recipe_B,610592ff-dcbe-4f1d-8eb4-f593c5d7ac78,2,5.0,,,,6.3,11.57,10.0,12.49,14.11,9.73
2025-12-15T18:04:10.801963,Recipe_B,610592ff-dcbe-4f1d-8eb4-f593c5d7ac78,2,5.0,,,,12.24,9.19,12.06,11.05,11.6,8.7
2025-12-15T18:04:11.801963,Recipe_B,610592ff-dcbe-4f1d-8eb4-f593c5d7ac78,2,5.0,,,,10.6,8.92,10.44,11.73,10.81,10.6
2025-12-15T18:04:12.801963,Recipe_B,610592ff-dcbe-4f1d-8eb4-f593c5d7ac78,2,5.0,,,,10.81,11.4,7.95,10.51,10.15,11.11
2025-12-15T18:04:13.801963,Recipe_B,610592ff-dcbe-4f1d-8eb4-f593c5d7ac78,2,5.0,,,,9.4,10.36,11.22,10.24,10.79,7.84
2025-12-15T18:04:14.801963,Recipe_B,610592ff-dcbe-4f1d-8eb4-f593c5d7ac78,2,5.0,,,,12.02,11.13,13.15,8.76,12.06,8.72
2025-12-15T18:04:15.801963,Recipe_B,610592ff-dcbe-4f1d-8eb4-f593c5d7ac78,2,5.0,,,,9.88,10.82,14.29,8.85,10.59,9.47
2025-12-15T18:04:16.801963,Recipe_B,610592ff-dcbe-4f1d-8eb4-f593c5d7ac78,2,2.0,,,,13.06,9.19,11.36,11.97,7.78,8.69
2025-12-15T18:04:17.801963,Recipe_B,610592ff-dcbe-4f1d-8eb4-f593c5d7ac78,2,2.0,,,,5.79,11.28,12.85,7.91,6.87,8.95
2025-12-15T18:04:18.801963,Recipe_B,610592ff-dcbe-4f1d-8eb4-f593c5d7ac78,2,2.0,,,,9.47,9.92,11.03,12.51,8.99,9.98
2025-12-15T18:04:19.801963,Recipe_B,610592ff-dcbe-4f1d-8eb4-f593c5d7ac78,2,2.0,,,,6.68,8.21,10.95,8.8,9.08,10.67
2025-12-15T18:04:20.801963,Recipe_B,610592ff-dcbe-4f1d-8eb4-f593c5d7ac78,2,2.0,,,,12.48,12.31,9.13,10.79,11.18,5.22
2025-12-15T18:04:21.801963,Recipe_B,610592ff-dcbe-4f1d-8eb4-f593c5d7ac78,2,2.0,,,,9.57,10.5,6.94,8.81,9.43,11.63
2025-12-15T18:04:22.801963,Recipe_B,610592ff-dcbe-4f1d-8eb4-f593c5d7ac78,2,2.0,,,,10.56,9.52,11.82,6.91,9.82,7.54
2025-12-15T18:04:23.801963,Recipe_B,610592ff-dcbe-4f1d-8eb4-f593c5d7ac78,2,2.0,,,,10.91,12.8,12.39,11.32,10.88,7.25
2025-12-15T18:04:24.801963,Recipe_B,610592ff-dcbe-4f1d-8eb4-f593c5d7ac78,2,2.0,,,,9.74,13.55,10.66,7.22,10.95,9.42
2025-12-15T18:04:25.801963,Recipe_B,610592ff-dcbe-4f1d-8eb4-f593c5d7ac78,2,2.0,,,,14.05,6.4,11.89,11.41,11.99,9.81
2025-12-15T18:04:26.801963,Recipe_B,610592ff-dcbe-4f1d-8eb4-f593c5d7ac78,2,2.0,,,,11.1,6.29,9.74,7.76,11.02,13.89
2025-12-15T18:04:27.801963,Recipe_B,610592ff-dcbe-4f1d-8eb4-f593c5d7ac78,2,2.0,,,,8.32,9.79,11.96,10.21,11.33,11.26
2025-12-15T18:04:28.801963,Recipe_B,610592ff-dcbe-4f1d-8eb4-f593c5d7ac78,2,2.0,,,,9.88,14.06,7.92,9.2,11.49,11.95
2025-12-15T18:04:29.801963,Recipe_B,610592ff-dcbe-4f1d-8eb4-f593c5d7ac78,2,2.0,,,,7.04,10.77,9.11,10.19,13.59,10.81
2025-12-15T18:04:30.801963,Recipe_B,610592ff-dcbe-4f1d-8eb4-f593c5d7ac78,2,2.0,,,,13.05,11.67,11.13,10.23,9.44,11.45
2025-12-15T18:04:31.801963,Recipe_B,610592ff-dcbe-4f1d-8eb4-f593c5d7ac78,2,2.0,,,,12.08,7.3,7.42,12.2,11.17,9.86
2025-12-15T18:04:32.801963,Recipe_B,610592ff-dcbe-4f1d-8eb4-f593c5d7ac78,2,2.0,,,,8.98,11.83,9.42,10.12,10.43,11.87
2025-12-15T18:04:33.801963,Recipe_B,610592ff-dcbe-4f1d-8eb4-f593c5d7ac78,2,2.0,,,,7.76,13.5,10.51,11.34,5.29,10.97
2025-12-15T18:04:34.801963,Recipe_B,610592ff-dcbe-4f1d-8eb4-f593c5d7ac78,2,2.0,,,,7.82,7.87,11.57,7.79,11.83,9.86
2025-12-15T18:04:35.801963,Recipe_B,610592ff-dcbe-4f1d-8eb4-f593c5d7ac78,2,2.0,,,,11.43,14.38,10.33,6.85,10.16,9.15
2025-12-15T18:04:36.801963,Recipe_B,610592ff-dcbe-4f1d-8eb4-f593c5d7ac78,2,2.0,,,,9.56,12.07,12.24,12.78,11.4,11.49
2025-12-15T18:04:37.801963,Recipe_B,610592ff-dcbe-4f1d-8eb4-f593c5d7ac78,2,2.0,,,,5.99,9.03,9.27,11.27,9.85,11.46
2025-12-15T18:04:38.801963,Recipe_B,610592ff-dcbe-4f1d-8eb4-f593c5d7ac78,2,2.0,,,,8.38,9.81,12.8,8.57,7.32,9.64
2025-12-15T18:04:39.801963,Recipe_B,610592ff-dcbe-4f1d-8eb4-f593c5d7ac78,2,2.0,,,,9.64,7.7,8.46,13.07,8.01,9.15
2025-12-15T18:04:40.801963,Recipe_B,610592ff-dcbe-4f1d-8eb4-f593c5d7ac78,2,2.0,,,,7.77,10.09,7.18,8.52,7.76,9.05
2025-12-15T18:04:41.801963,Recipe_B,610592ff-dcbe-4f1d-8eb4-f593c5d7ac78,2,2.0,,,,11.13,11.53,11.01,9.3,8.75,11.88
2025-12-15T18:04:42.801963,Recipe_B,610592ff-dcbe-4f1d-8eb4-f593c5d7ac78,2,2.0,,,,11.05,9.81,10.83,7.67,8.55,11.88
2025-12-15T18:04:43.801963,Recipe_B,610592ff-dcbe-4f1d-8eb4-f593c5d7ac78,2,2.0,,,,8.87,8.83,9.04,9.1,12.33,7.79
2025-12-15T18:04:44.801963,Recipe_B,610592ff-dcbe-4f1d-8eb4-f593c5d7ac78,2,2.0,,,,9.79,5.8,8.22,9.65,7.17,8.74
2025-12-15T18:04:45.801963,Recipe_B,610592ff-dcbe-4f1d-8eb4-f593c5d7ac78,2,2.0,,,,8.6,12.03,9.34,10.49,10.73,9.5
2025-12-15T18:04:46.801963,Recipe_B,610592ff-dcbe-4f1d-8eb4-f593c5d7ac78,2,2.0,,,,12.26,7.9,12.7,13.88,10.5,10.22
2025-12-15T18:04:47.801963,Recipe_B,610592ff-dcbe-4f1d-8eb4-f593c5d7ac78,2,2.0,,,,11.71,7.84,9.48,11.79,10.42,8.76
2025-12-15T18:04:48.801963,Recipe_B,610592ff-dcbe-4f1d-8eb4-f593c5d7ac78,2,2.0,,,,7.2,11.34,12.46,10.01,7.56,9.08
2025-12-15T18:04:49.801963,Recipe_B,610592ff-dcbe-4f1d-8eb4-f593c5d7ac78,2,2.0,,,,11.66,8.6,9.82,6.7,8.9,10.75
2025-12-15T18:04:50.801963,Recipe_B,610592ff-dcbe-4f1d-8eb4-f593c5d7ac78,2,2.0,,,,11.86,11.43,8.73,9.47,11.42,8.83
2025-12-15T18:04:51.801963,Recipe_B,610592ff-dcbe-4f1d-8eb4-f593c5d7ac78,2,2.0,,,,9.93,9.59,9.3,11.28,6.54,8.35
2025-12-15T18:04:52.801963,Recipe_B,610592ff-dcbe-4f1d-8eb4-f593c5d7ac78,2,2.0,,,,8.93,12.23,10.87,12.72,11.94,9.51
2025-12-15T18:04:53.801963,Recipe_B,610592ff-dcbe-4f1d-8eb4-f593c5d7ac78,2,2.0,,,,8.22,14.66,12.56,6.45,8.57,10.04
2025-12-15T18:04:54.801963,Recipe_B,610592ff-dcbe-4f1d-8eb4-f593c5d7ac78,2,2.0,,,,10.84,9.23,11.83,12.74,11.1,4.93
2025-12-15T18:04:55.801963,Recipe_B,610592ff-dcbe-4f1d-8eb4-f593c5d7ac78,2,2.0,,,,8.08,7.81,7.87,8.07,10.88,9.43
2025-12-15T18:04:56.801963,Recipe_B,610592ff-dcbe-4f1d-8eb4-f593c5d7ac78,2,2.0,,,,10.74,10.6,10.21,9.98,12.2,8.11
2025-12-15T18:04:57.801963,Recipe_B,610592ff-dcbe-4f1d-8eb4-f593c5d7ac78,2,2.0,,,,6.41,6.51,7.97,11.98,8.23,7.27
2025-12-15T18:04:58.801963,Recipe_B,610592ff-dcbe-4f1d-8eb4-f593c5d7ac78,2,3.0,,,,8.84,6.34,7.46,8.95,11.52,8.61
2025-12-15T18:04:59.801963,Recipe_B,610592ff-dcbe-4f1d-8eb4-f593c5d7ac78,2,3.0,,,,5.98,11.59,10.08,9.51,10.07,10.85
2025-12-15T18:05:00.801963,Recipe_B,610592ff-dcbe-4f1d-8eb4-f593c5d7ac78,2,3.0,,,,8.03,11.11,7.85,10.32,8.48,12.25
2025-12-15T18:05:01.801963,Recipe_B,610592ff-dcbe-4f1d-8eb4-f593c5d7ac78,2,3.0,,,,9.72,6.33,9.74,8.49,8.73,10.65
2025-12-15T18:05:02.801963,Recipe_B,610592ff-dcbe-4f1d-8eb4-f593c5d7ac78,2,3.0,,,,9.71,11.8,7.98,11.91,9.32,11.61
2025-12-15T18:05:03.801963,Recipe_B,610592ff-dcbe-4f1d-8eb4-f593c5d7ac78,2,3.0,,,,14.09,10.46,11.42,9.24,8.85,8.28
2025-12-15T18:05:04.801963,Recipe_B,610592ff-dcbe-4f1d-8eb4-f593c5d7ac78,2,3.0,,,,11.66,14.5,10.89,7.51,11.56,12.84
2025-12-15T18:05:05.801963,Recipe_B,610592ff-dcbe-4f1d-8eb4-f593c5d7ac78,2,3.0,,,,11.54,11.18,12.61,11.21,8.14,7.27
2025-12-15T18:05:06.801963,Recipe_B,610592ff-dcbe-4f1d-8eb4-f593c5d7ac78,2,3.0,,,,9.98,7.75,9.23,11.03,9.45,6.06
2025-12-15T18:05:07.801963,Recipe_B,610592ff-dcbe-4f1d-8eb4-f593c5d7ac78,2,3.0,,,,8.37,8.16,11.82,8.8,12.14,10.76
2025-12-15T18:05:08.801963,Recipe_B,610592ff-dcbe-4f1d-8eb4-f593c5d7ac78,2,3.0,,,,9.39,9.92,8.79,8.69,9.88,9.85
2025-12-15T18:05:08.801963,Recipe_B,610592ff-dcbe-4f1d-8eb4-f593c5d7ac78,2,3.0,Warning_9,Simulated Warning occurred,Warning,,,,,,
2025-12-15T18:05:09.801963,Recipe_B,610592ff-dcbe-4f1d-8eb4-f593c5d7ac78,2,3.0,,,,10.1,7.4,8.51,10.5,10.71,13.29
2025-12-15T18:05:10.801963,Recipe_B,610592ff-dcbe-4f1d-8eb4-f593c5d7ac78,2,3.0,,,,8.33,11.94,9.52,8.23,9.89,11.39
2025-12-15T18:05:11.801963,Recipe_B,610592ff-dcbe-4f1d-8eb4-f593c5d7ac78,2,3.0,,,,11.39,8.7,9.86,12.14,10.26,8.55
2025-12-15T18:05:12.801963,Recipe_B,610592ff-dcbe-4f1d-8eb4-f593c5d7ac78,2,3.0,,,,11.0,9.63,11.73,9.1,9.69,11.95
2025-12-15T18:05:13.801963,Recipe_B,610592ff-dcbe-4f1d-8eb4-f593c5d7ac78,2,3.0,,,,7.53,12.47,12.57,12.45,10.55,8.91
2025-12-15T18:05:14.801963,Recipe_B,610592ff-dcbe-4f1d-8eb4-f593c5d7ac78,2,3.0,,,,9.36,12.01,7.43,8.0,7.97,7.63
2025-12-15T18:05:15.801963,Recipe_B,610592ff-dcbe-4f1d-8eb4-f593c5d7ac78,2,3.0,,,,9.52,11.56,7.85,8.46,8.39,8.55
2025-12-15T18:05:16.801963,Recipe_B,610592ff-dcbe-4f1d-8eb4-f593c5d7ac78,2,3.0,,,,9.21,10.66,10.62,9.97,10.37,10.58
2025-12-15T18:05:17.801963,Recipe_B,610592ff-dcbe-4f1d-8eb4-f593c5d7ac78,2,3.0,,,,8.13,10.22,9.8,7.66,12.19,10.47
2025-12-15T18:05:18.801963,Recipe_B,610592ff-dcbe-4f1d-8eb4-f593c5d7ac78,2,3.0,,,,11.73,11.95,8.7,11.31,10.44,7.46
2025-12-15T18:05:19.801963,Recipe_B,610592ff-dcbe-4f1d-8eb4-f593c5d7ac78,2,3.0,,,,9.66,3.45,10.37,9.87,6.66,10.78
2025-12-15T18:05:20.801963,Recipe_B,610592ff-dcbe-4f1d-8eb4-f593c5d7ac78,2,3.0,,,,8.75,13.15,10.42,7.34,10.33,7.61
2025-12-15T18:05:21.801963,Recipe_B,610592ff-dcbe-4f1d-8eb4-f593c5d7ac78,2,3.0,,,,10.8,12.21,5.77,8.98,13.42,10.74
2025-12-15T18:05:22.801963,Recipe_B,610592ff-dcbe-4f1d-8eb4-f593c5d7ac78,2,3.0,,,,9.93,9.72,8.93,7.55,12.01,9.83
2025-12-15T18:05:23.801963,Recipe_B,610592ff-dcbe-4f1d-8eb4-f593c5d7ac78,2,3.0,,,,9.31,9.23,9.14,9.15,9.55,10.98
2025-12-15T18:05:24.801963,Recipe_B,610592ff-dcbe-4f1d-8eb4-f593c5d7ac78,2,3.0,,,,13.39,11.15,10.84,9.66,9.38,10.92
2025-12-15T18:05:25.801963,Recipe_B,610592ff-dcbe-4f1d-8eb4-f593c5d7ac78,2,3.0,,,,10.72,11.43,8.3,8.63,9.19,8.5
2025-12-15T18:05:26.801963,Recipe_B,610592ff-dcbe-4f1d-8eb4-f593c5d7ac78,2,3.0,,,,9.95,6.48,10.74,12.4,13.47,8.06
2025-12-15T18:05:26.801963,Recipe_B,610592ff-dcbe-4f1d-8eb4-f593c5d7ac78,2,3.0,Warning_10,Simulated Warning occurred,Warning,,,,,,
2025-12-15T18:05:27.801963,Recipe_B,610592ff-dcbe-4f1d-8eb4-f593c5d7ac78,2,3.0,,,,8.22,9.6,8.9,10.73,13.62,7.63
2025-12-15T18:05:28.801963,Recipe_B,610592ff-dcbe-4f1d-8eb4-f593c5d7ac78,2,3.0,,,,13.18,4.99,6.35,9.16,10.44,9.56
2025-12-15T18:05:29.801963,Recipe_B,610592ff-dcbe-4f1d-8eb4-f593c5d7ac78,2,3.0,,,,9.27,8.38,10.31,10.24,11.64,10.15
2025-12-15T18:05:30.801963,Recipe_B,610592ff-dcbe-4f1d-8eb4-f593c5d7ac78,2,3.0,,,,10.36,12.07,6.25,9.75,6.76,12.9
2025-12-15T18:05:31.801963,Recipe_B,610592ff-dcbe-4f1d-8eb4-f593c5d7ac78,2,3.0,,,,8.57,10.25,9.1,8.61,7.55,5.4
2025-12-15T18:05:32.801963,Recipe_B,610592ff-dcbe-4f1d-8eb4-f593c5d7ac78,2,3.0,,,,13.29,7.23,10.54,9.78,10.34,10.93
2025-12-15T18:05:33.801963,Recipe_B,610592ff-dcbe-4f1d-8eb4-f593c5d7ac78,2,3.0,,,,8.24,12.33,9.26,9.68,12.06,9.11
2025-12-15T18:05:34.801963,Recipe_B,610592ff-dcbe-4f1d-8eb4-f593c5d7ac78,2,3.0,,,,11.11,10.15,8.33,13.14,10.03,9.47
2025-12-15T18:05:35.801963,Recipe_B,610592ff-dcbe-4f1d-8eb4-f593c5d7ac78,2,3.0,,,,10.95,9.94,11.82,10.09,11.46,9.84
2025-12-15T18:05:36.801963,Recipe_B,610592ff-dcbe-4f1d-8eb4-f593c5d7ac78,2,5.0,,,,9.75,12.22,11.34,10.78,8.64,9.11
2025-12-15T18:05:37.801963,Recipe_B,610592ff-dcbe-4f1d-8eb4-f593c5d7ac78,2,5.0,,,,8.99,11.89,9.69,9.59,7.9,9.12
2025-12-15T18:05:38.801963,Recipe_B,610592ff-dcbe-4f1d-8eb4-f593c5d7ac78,2,5.0,,,,13.6,9.28,7.64,11.07,7.67,10.68
2025-12-15T18:05:39.801963,Recipe_B,610592ff-dcbe-4f1d-8eb4-f593c5d7ac78,2,5.0,,,,10.8,10.47,9.86,11.07,11.72,13.06
2025-12-15T18:05:40.801963,Recipe_B,610592ff-dcbe-4f1d-8eb4-f593c5d7ac78,2,5.0,,,,10.36,9.18,12.87,8.54,6.76,10.68
2025-12-15T18:05:41.801963,Recipe_B,610592ff-dcbe-4f1d-8eb4-f593c5d7ac78,2,5.0,,,,11.21,11.36,12.11,7.51,10.52,10.4
2025-12-15T18:05:41.801963,Recipe_B,610592ff-dcbe-4f1d-8eb4-f593c5d7ac78,2,5.0,Warning_7,Simulated Warning occurred,Warning,,,,,,
2025-12-15T18:05:42.801963,Recipe_B,610592ff-dcbe-4f1d-8eb4-f593c5d7ac78,2,5.0,,,,13.06,13.45,10.24,12.64,8.48,6.22
2025-12-15T18:05:43.801963,Recipe_B,610592ff-dcbe-4f1d-8eb4-f593c5d7ac78,2,5.0,,,,9.6,11.7,8.96,10.23,11.4,7.92
2025-12-15T18:05:44.801963,Recipe_B,610592ff-dcbe-4f1d-8eb4-f593c5d7ac78,2,5.0,,,,9.29,8.79,5.19,10.18,9.44,8.53
2025-12-15T18:05:45.801963,Recipe_B,610592ff-dcbe-4f1d-8eb4-f593c5d7ac78,2,5.0,,,,12.18,11.95,10.68,7.53,8.39,9.19
2025-12-15T18:05:46.801963,Recipe_B,610592ff-dcbe-4f1d-8eb4-f593c5d7ac78,2,5.0,,,,12.55,7.81,8.39,9.87,8.28,7.43
2025-12-15T18:05:47.801963,Recipe_B,610592ff-dcbe-4f1d-8eb4-f593c5d7ac78,2,5.0,,,,6.97,9.18,9.43,8.09,9.1,5.4
2025-12-15T18:05:48.801963,Recipe_B,610592ff-dcbe-4f1d-8eb4-f593c5d7ac78,2,5.0,,,,9.77,6.39,12.42,11.13,10.32,12.81
2025-12-15T18:05:49.801963,Recipe_B,610592ff-dcbe-4f1d-8eb4-f593c5d7ac78,2,5.0,,,,10.51,9.06,8.07,9.97,7.4,7.38
2025-12-15T18:05:50.801963,Recipe_B,610592ff-dcbe-4f1d-8eb4-f593c5d7ac78,2,5.0,,,,8.04,8.68,11.14,8.14,8.4,5.53
2025-12-15T18:05:51.801963,Recipe_B,610592ff-dcbe-4f1d-8eb4-f593c5d7ac78,2,5.0,,,,10.96,7.83,12.36,10.62,7.37,10.37
2025-12-15T18:05:52.801963,Recipe_B,610592ff-dcbe-4f1d-8eb4-f593c5d7ac78,2,5.0,,,,9.73,9.97,10.71,9.98,11.14,11.23
2025-12-15T18:05:53.801963,Recipe_B,610592ff-dcbe-4f1d-8eb4-f593c5d7ac78,2,5.0,,,,7.85,10.91,11.42,9.0,6.06,11.73
2025-12-15T18:05:54.801963,Recipe_B,610592ff-dcbe-4f1d-8eb4-f593c5d7ac78,2,5.0,,,,9.49,7.84,6.62,9.24,8.94,9.11
2025-12-15T18:05:55.801963,Recipe_B,610592ff-dcbe-4f1d-8eb4-f593c5d7ac78,2,5.0,,,,9.42,11.11,6.78,8.35,9.94,9.86
2025-12-15T18:05:56.801963,Recipe_B,610592ff-dcbe-4f1d-8eb4-f593c5d7ac78,2,5.0,,,,9.01,11.66,12.36,9.62,8.91,10.81
2025-12-15T18:05:57.801963,Recipe_B,610592ff-dcbe-4f1d-8eb4-f593c5d7ac78,2,2.0,,,,10.89,11.82,7.78,8.21,10.4,7.53
2025-12-15T18:05:58.801963,Recipe_B,610592ff-dcbe-4f1d-8eb4-f593c5d7ac78,2,2.0,,,,6.38,10.74,14.1,12.77,10.54,13.45
2025-12-15T18:05:59.801963,Recipe_B,610592ff-dcbe-4f1d-8eb4-f593c5d7ac78,2,1.0,,,,8.04,12.24,10.68,11.22,6.37,14.44
2025-12-15T18:06:00.801963,Recipe_B,610592ff-dcbe-4f1d-8eb4-f593c5d7ac78,2,1.0,,,,11.95,10.48,9.41,9.69,11.32,10.75
2025-12-15T18:06:01.801963,Recipe_B,610592ff-dcbe-4f1d-8eb4-f593c5d7ac78,2,1.0,,,,7.16,12.72,9.56,10.94,9.83,9.96
2025-12-15T18:06:02.801963,Recipe_B,610592ff-dcbe-4f1d-8eb4-f593c5d7ac78,2,1.0,,,,12.22,11.51,10.0,8.51,11.37,8.93
2025-12-15T18:06:03.801963,Recipe_B,610592ff-dcbe-4f1d-8eb4-f593c5d7ac78,2,1.0,,,,9.98,10.36,9.09,11.51,6.9,8.82
2025-12-15T18:06:04.801963,Recipe_B,610592ff-dcbe-4f1d-8eb4-f593c5d7ac78,2,1.0,,,,8.55,9.74,12.47,12.07,8.54,10.46
2025-12-15T18:06:05.801963,Recipe_B,610592ff-dcbe-4f1d-8eb4-f593c5d7ac78,2,1.0,,,,7.36,10.43,9.61,11.19,12.66,5.98
2025-12-15T18:06:06.801963,Recipe_B,610592ff-dcbe-4f1d-8eb4-f593c5d7ac78,2,1.0,,,,6.17,8.84,8.16,8.6,9.06,13.23
2025-12-15T18:06:07.801963,Recipe_B,610592ff-dcbe-4f1d-8eb4-f593c5d7ac78,2,1.0,,,,9.22,5.81,9.59,10.02,8.34,10.09
2025-12-15T18:06:08.801963,Recipe_B,610592ff-dcbe-4f1d-8eb4-f593c5d7ac78,2,1.0,,,,12.05,5.99,11.61,11.75,8.3,10.45
2025-12-15T18:06:09.801963,Recipe_B,610592ff-dcbe-4f1d-8eb4-f593c5d7ac78,2,1.0,,,,8.0,9.09,10.18,12.67,14.29,8.8
2025-12-15T18:06:10.801963,Recipe_B,610592ff-dcbe-4f1d-8eb4-f593c5d7ac78,2,1.0,,,,9.92,14.37,10.79,9.64,11.87,10.07
2025-12-15T18:06:11.801963,Recipe_B,610592ff-dcbe-4f1d-8eb4-f593c5d7ac78,2,1.0,,,,12.87,10.97,10.25,12.08,12.0,10.36
2025-12-15T18:06:12.801963,Recipe_B,610592ff-dcbe-4f1d-8eb4-f593c5d7ac78,2,1.0,,,,10.11,9.75,7.78,10.14,12.24,9.42
2025-12-15T18:06:13.801963,Recipe_B,610592ff-dcbe-4f1d-8eb4-f593c5d7ac78,2,1.0,,,,9.88,10.88,10.49,8.25,9.68,11.02
2025-12-15T18:06:14.801963,Recipe_B,610592ff-dcbe-4f1d-8eb4-f593c5d7ac78,2,1.0,,,,8.12,8.96,12.51,8.1,9.24,10.73
2025-12-15T18:06:15.801963,Recipe_B,610592ff-dcbe-4f1d-8eb4-f593c5d7ac78,2,1.0,,,,13.07,11.23,7.09,11.45,5.68,8.83
2025-12-15T18:06:16.801963,Recipe_B,610592ff-dcbe-4f1d-8eb4-f593c5d7ac78,2,1.0,,,,11.28,9.0,8.54,8.72,8.24,11.89
2025-12-15T18:06:17.801963,Recipe_B,610592ff-dcbe-4f1d-8eb4-f593c5d7ac78,2,1.0,,,,8.27,8.46,11.42,8.81,11.39,11.01
2025-12-15T18:06:18.801963,Recipe_B,610592ff-dcbe-4f1d-8eb4-f593c5d7ac78,2,1.0,,,,10.33,10.36,12.3,13.1,12.43,9.51
2025-12-15T18:06:19.801963,Recipe_B,610592ff-dcbe-4f1d-8eb4-f593c5d7ac78,2,1.0,,,,6.52,11.89,11.06,10.82,11.96,10.21
2025-12-15T18:06:20.801963,Recipe_B,610592ff-dcbe-4f1d-8eb4-f593c5d7ac78,2,1.0,,,,10.34,8.1,11.11,8.04,7.59,10.36
2025-12-15T18:06:21.801963,Recipe_B,610592ff-dcbe-4f1d-8eb4-f593c5d7ac78,2,1.0,,,,10.94,10.4,9.47,6.23,12.39,9.47
2025-12-15T18:06:22.801963,Recipe_B,610592ff-dcbe-4f1d-8eb4-f593c5d7ac78,2,1.0,,,,9.5,10.2,9.46,11.26,13.16,11.26
2025-12-15T18:06:23.801963,Recipe_B,610592ff-dcbe-4f1d-8eb4-f593c5d7ac78,2,1.0,,,,8.55,9.45,5.52,7.27,8.55,11.28
2025-12-15T18:06:24.801963,Recipe_B,610592ff-dcbe-4f1d-8eb4-f593c5d7ac78,2,1.0,,,,7.39,6.45,11.42,9.52,11.92,10.38
2025-12-15T18:06:25.801963,Recipe_B,610592ff-dcbe-4f1d-8eb4-f593c5d7ac78,2,1.0,,,,9.89,10.35,11.19,7.69,12.38,10.57
2025-12-15T18:06:26.801963,Recipe_B,610592ff-dcbe-4f1d-8eb4-f593c5d7ac78,2,1.0,,,,10.76,11.63,7.61,11.47,7.32,12.08
2025-12-15T18:06:27.801963,Recipe_B,610592ff-dcbe-4f1d-8eb4-f593c5d7ac78,2,1.0,,,,6.98,8.78,10.43,7.5,9.67,10.9
2025-12-15T18:06:28.801963,Recipe_B,610592ff-dcbe-4f1d-8eb4-f593c5d7ac78,2,1.0,,,,11.39,10.78,11.5,4.51,12.63,10.17
2025-12-15T18:06:29.801963,Recipe_B,610592ff-dcbe-4f1d-8eb4-f593c5d7ac78,2,1.0,,,,9.84,10.84,9.97,5.4,9.7,11.13
2025-12-15T18:06:30.801963,Recipe_B,610592ff-dcbe-4f1d-8eb4-f593c5d7ac78,2,1.0,,,,10.17,10.15,14.33,3.36,13.79,10.86
2025-12-15T18:06:31.801963,Recipe_B,610592ff-dcbe-4f1d-8eb4-f593c5d7ac78,2,1.0,,,,12.14,9.49,10.9,9.59,8.46,9.86
2025-12-15T18:06:32.801963,Recipe_B,610592ff-dcbe-4f1d-8eb4-f593c5d7ac78,2,1.0,,,,9.54,10.52,11.01,11.69,9.78,9.27
2025-12-15T18:06:33.801963,Recipe_B,610592ff-dcbe-4f1d-8eb4-f593c5d7ac78,2,1.0,,,,6.35,9.04,9.05,11.44,11.79,10.17
2025-12-15T18:06:34.801963,Recipe_B,610592ff-dcbe-4f1d-8eb4-f593c5d7ac78,2,1.0,,,,8.78,6.11,12.95,8.51,11.33,8.78
2025-12-15T18:06:35.801963,Recipe_B,610592ff-dcbe-4f1d-8eb4-f593c5d7ac78,2,1.0,,,,7.52,7.18,10.23,13.91,10.14,9.26
2025-12-15T18:06:36.801963,Recipe_B,610592ff-dcbe-4f1d-8eb4-f593c5d7ac78,2,4.0,,,,95.79,52.55,45.76,50.52,48.74,45.67
2025-12-15T18:06:37.801963,Recipe_B,610592ff-dcbe-4f1d-8eb4-f593c5d7ac78,2,4.0,,,,96.31,47.05,58.27,49.06,53.29,43.54
2025-12-15T18:06:38.801963,Recipe_B,610592ff-dcbe-4f1d-8eb4-f593c5d7ac78,2,4.0,,,,102.2,51.46,40.37,49.5,47.29,53.38
2025-12-15T18:06:39.801963,Recipe_B,610592ff-dcbe-4f1d-8eb4-f593c5d7ac78,2,4.0,,,,95.08,50.54,48.69,50.13,45.49,56.97
2025-12-15T18:06:40.801963,Recipe_B,610592ff-dcbe-4f1d-8eb4-f593c5d7ac78,2,4.0,,,,91.43,53.2,47.98,41.02,51.81,62.45
2025-12-15T18:06:41.801963,Recipe_B,610592ff-dcbe-4f1d-8eb4-f593c5d7ac78,2,4.0,,,,106.06,46.31,51.63,54.89,49.94,61.76
2025-12-15T18:06:42.801963,Recipe_B,610592ff-dcbe-4f1d-8eb4-f593c5d7ac78,2,4.0,,,,98.11,53.94,43.91,54.46,47.69,56.03
2025-12-15T18:06:43.801963,Recipe_B,610592ff-dcbe-4f1d-8eb4-f593c5d7ac78,2,4.0,,,,97.71,54.34,51.34,54.36,48.03,51.19
2025-12-15T18:06:44.801963,Recipe_B,610592ff-dcbe-4f1d-8eb4-f593c5d7ac78,2,4.0,,,,103.55,50.54,58.77,56.36,52.85,53.23
2025-12-15T18:06:45.801963,Recipe_B,610592ff-dcbe-4f1d-8eb4-f593c5d7ac78,2,4.0,,,,97.31,50.29,45.13,55.54,65.74,40.31
2025-12-15T18:06:46.801963,Recipe_B,610592ff-dcbe-4f1d-8eb4-f593c5d7ac78,2,4.0,,,,97.92,49.19,43.83,60.95,44.52,46.53
2025-12-15T18:06:47.801963,Recipe_B,610592ff-dcbe-4f1d-8eb4-f593c5d7ac78,2,4.0,,,,98.26,46.42,44.6,50.73,40.52,54.42
2025-12-15T18:06:48.801963,Recipe_B,610592ff-dcbe-4f1d-8eb4-f593c5d7ac78,2,4.0,,,,120.88,44.31,56.9,50.71,54.15,55.2
2025-12-15T18:06:49.801963,Recipe_B,610592ff-dcbe-4f1d-8eb4-f593c5d7ac78,2,4.0,,,,100.51,53.67,50.03,49.49,49.28,52.73
2025-12-15T18:06:50.801963,Recipe_B,610592ff-dcbe-4f1d-8eb4-f593c5d7ac78,2,4.0,,,,101.29,49.53,48.98,51.81,36.82,53.14
2025-12-15T18:06:51.801963,Recipe_B,610592ff-dcbe-4f1d-8eb4-f593c5d7ac78,2,4.0,,,,97.93,43.36,41.44,55.6,41.9,43.41
2025-12-15T18:06:52.801963,Recipe_B,610592ff-dcbe-4f1d-8eb4-f593c5d7ac78,2,4.0,,,,100.11,51.98,51.95,53.79,50.37,48.16
2025-12-15T18:06:53.801963,Recipe_B,610592ff-dcbe-4f1d-8eb4-f593c5d7ac78,2,4.0,,,,105.34,43.32,43.05,46.69,49.85,51.68
2025-12-15T18:06:54.801963,Recipe_B,610592ff-dcbe-4f1d-8eb4-f593c5d7ac78,2,4.0,,,,101.13,50.85,50.75,49.6,48.22,45.3
2025-12-15T18:06:55.801963,Recipe_B,610592ff-dcbe-4f1d-8eb4-f593c5d7ac78,2,4.0,,,,98.49,52.75,58.41,51.73,52.32,49.37
2025-12-15T18:06:56.801963,Recipe_B,610592ff-dcbe-4f1d-8eb4-f593c5d7ac78,2,4.0,,,,97.57,46.8,48.02,51.92,53.25,46.59
2025-12-15T18:06:57.801963,Recipe_B,610592ff-dcbe-4f1d-8eb4-f593c5d7ac78,2,4.0,,,,115.91,41.93,48.2,45.56,46.7,46.18
2025-12-15T18:06:58.801963,Recipe_B,610592ff-dcbe-4f1d-8eb4-f593c5d7ac78,2,4.0,,,,96.88,47.53,56.12,45.77,50.22,43.16
2025-12-15T18:06:59.801963,Recipe_B,610592ff-dcbe-4f1d-8eb4-f593c5d7ac78,2,4.0,,,,110.68,51.99,40.96,46.43,41.9,50.06
2025-12-15T18:07:00.801963,Recipe_B,610592ff-dcbe-4f1d-8eb4-f593c5d7ac78,2,4.0,,,,97.2,48.25,50.85,59.28,49.12,45.56
2025-12-15T18:07:01.801963,Recipe_B,610592ff-dcbe-4f1d-8eb4-f593c5d7ac78,2,4.0,,,,98.9,56.01,51.71,37.51,54.68,47.35
2025-12-15T18:07:02.801963,Recipe_B,610592ff-dcbe-4f1d-8eb4-f593c5d7ac78,2,4.0,,,,101.36,41.62,50.0,43.16,41.84,49.38
2025-12-15T18:07:03.801963,Recipe_B,610592ff-dcbe-4f1d-8eb4-f593c5d7ac78,2,4.0,,,,98.72,44.69,49.98,47.71,54.54,45.5
2025-12-15T18:07:04.801963,Recipe_B,610592ff-dcbe-4f1d-8eb4-f593c5d7ac78,2,4.0,,,,97.4,48.66,61.44,46.81,38.42,41.54
2025-12-15T18:07:05.801963,Recipe_B,610592ff-dcbe-4f1d-8eb4-f593c5d7ac78,2,4.0,,,,92.79,52.47,57.32,53.65,53.23,45.12
2025-12-15T18:07:06.801963,Recipe_B,610592ff-dcbe-4f1d-8eb4-f593c5d7ac78,2,4.0,,,,105.75,52.5,52.16,48.7,61.58,50.43
2025-12-15T18:07:07.801963,Recipe_B,610592ff-dcbe-4f1d-8eb4-f593c5d7ac78,2,4.0,,,,96.89,56.88,52.07,56.92,41.65,47.65
2025-12-15T18:07:08.801963,Recipe_B,610592ff-dcbe-4f1d-8eb4-f593c5d7ac78,2,3.0,,,,10.38,12.88,11.6,8.52,7.69,10.41
2025-12-15T18:07:09.801963,Recipe_B,610592ff-dcbe-4f1d-8eb4-f593c5d7ac78,2,3.0,,,,10.36,8.22,9.81,10.43,13.66,10.66
2025-12-15T18:07:10.801963,Recipe_B,610592ff-dcbe-4f1d-8eb4-f593c5d7ac78,2,3.0,,,,9.33,6.56,7.85,10.37,7.79,11.63
2025-12-15T18:07:11.801963,Recipe_B,610592ff-dcbe-4f1d-8eb4-f593c5d7ac78,2,3.0,,,,12.72,11.26,12.51,9.56,12.65,9.56
2025-12-15T18:07:12.801963,Recipe_B,610592ff-dcbe-4f1d-8eb4-f593c5d7ac78,2,3.0,,,,11.93,10.22,13.19,12.13,13.1,9.65
2025-12-15T18:07:13.801963,Recipe_B,610592ff-dcbe-4f1d-8eb4-f593c5d7ac78,2,3.0,,,,11.49,10.31,12.57,10.76,7.11,9.31
2025-12-15T18:07:14.801963,Recipe_B,610592ff-dcbe-4f1d-8eb4-f593c5d7ac78,2,3.0,,,,11.61,11.3,11.81,11.02,10.11,11.11
2025-12-15T18:07:15.801963,Recipe_B,610592ff-dcbe-4f1d-8eb4-f593c5d7ac78,2,3.0,,,,9.11,9.92,11.29,10.67,8.02,8.74
2025-12-15T18:07:16.801963,Recipe_B,610592ff-dcbe-4f1d-8eb4-f593c5d7ac78,2,3.0,,,,7.99,11.64,10.8,10.84,11.39,7.65
2025-12-15T18:07:17.801963,Recipe_B,610592ff-dcbe-4f1d-8eb4-f593c5d7ac78,2,3.0,,,,12.12,10.45,7.29,9.92,11.65,10.84
2025-12-15T18:07:18.801963,Recipe_B,610592ff-dcbe-4f1d-8eb4-f593c5d7ac78,2,3.0,,,,10.07,11.38,8.11,8.27,8.29,13.48
2025-12-15T18:07:19.801963,Recipe_B,610592ff-dcbe-4f1d-8eb4-f593c5d7ac78,2,3.0,,,,10.67,11.03,11.65,11.72,11.22,8.85
2025-12-15T18:07:20.801963,Recipe_B,610592ff-dcbe-4f1d-8eb4-f593c5d7ac78,2,3.0,,,,10.84,8.49,9.39,12.76,12.19,7.58
2025-12-15T18:07:21.801963,Recipe_B,610592ff-dcbe-4f1d-8eb4-f593c5d7ac78,2,3.0,,,,9.85,13.99,8.83,9.95,10.5,11.87
2025-12-15T18:07:22.801963,Recipe_B,610592ff-dcbe-4f1d-8eb4-f593c5d7ac78,2,3.0,,,,5.79,12.84,11.25,14.5,9.56,10.55
2025-12-15T18:07:23.801963,Recipe_B,610592ff-dcbe-4f1d-8eb4-f593c5d7ac78,2,3.0,,,,9.35,8.31,10.76,10.56,7.68,12.5
2025-12-15T18:07:24.801963,Recipe_B,610592ff-dcbe-4f1d-8eb4-f593c5d7ac78,2,3.0,,,,6.67,10.12,12.68,7.86,12.39,11.26
2025-12-15T18:07:25.801963,Recipe_B,610592ff-dcbe-4f1d-8eb4-f593c5d7ac78,2,3.0,,,,13.94,7.82,8.96,11.1,7.19,8.35
2025-12-15T18:07:26.801963,Recipe_B,610592ff-dcbe-4f1d-8eb4-f593c5d7ac78,2,3.0,,,,8.57,9.33,13.76,16.06,9.54,11.6
2025-12-15T18:07:27.801963,Recipe_B,610592ff-dcbe-4f1d-8eb4-f593c5d7ac78,2,3.0,,,,7.5,9.16,10.92,13.39,12.85,9.89
2025-12-15T18:07:28.801963,Recipe_B,610592ff-dcbe-4f1d-8eb4-f593c5d7ac78,2,3.0,,,,7.64,11.25,11.64,11.11,11.97,14.04
2025-12-15T18:07:29.801963,Recipe_B,610592ff-dcbe-4f1d-8eb4-f593c5d7ac78,2,3.0,,,,5.55,7.8,10.77,11.05,10.75,8.93
2025-12-15T18:07:29.801963,Recipe_B,610592ff-dcbe-4f1d-8eb4-f593c5d7ac78,2,3.0,Warning_7,Simulated Warning occurred,Warning,,,,,,
2025-12-15T18:07:30.801963,Recipe_B,610592ff-dcbe-4f1d-8eb4-f593c5d7ac78,2,3.0,,,,10.16,8.28,9.14,10.08,9.16,14.18
2025-12-15T18:07:31.801963,Recipe_B,610592ff-dcbe-4f1d-8eb4-f593c5d7ac78,2,3.0,,,,6.94,11.29,10.11,8.47,8.08,7.89
2025-12-15T18:07:32.801963,Recipe_B,610592ff-dcbe-4f1d-8eb4-f593c5d7ac78,2,3.0,,,,11.08,12.73,10.99,10.76,8.39,7.65
2025-12-15T18:07:33.801963,Recipe_B,610592ff-dcbe-4f1d-8eb4-f593c5d7ac78,2,3.0,,,,10.25,11.52,7.35,8.88,8.34,9.65
2025-12-15T18:07:34.801963,Recipe_B,610592ff-dcbe-4f1d-8eb4-f593c5d7ac78,2,3.0,,,,8.97,8.91,12.92,11.46,13.91,10.56
2025-12-15T18:07:35.801963,Recipe_B,610592ff-dcbe-4f1d-8eb4-f593c5d7ac78,2,3.0,,,,9.01,12.65,12.91,11.84,10.39,11.56
2025-12-15T18:07:36.801963,Recipe_B,610592ff-dcbe-4f1d-8eb4-f593c5d7ac78,2,3.0,,,,7.24,8.04,8.96,11.61,10.65,6.23
2025-12-15T18:07:37.801963,Recipe_B,610592ff-dcbe-4f1d-8eb4-f593c5d7ac78,2,3.0,,,,11.03,11.93,12.83,12.23,7.57,9.27
2025-12-15T18:07:38.801963,Recipe_B,610592ff-dcbe-4f1d-8eb4-f593c5d7ac78,2,3.0,,,,8.78,11.3,8.85,13.26,12.39,9.68
2025-12-15T18:07:39.801963,Recipe_B,610592ff-dcbe-4f1d-8eb4-f593c5d7ac78,2,3.0,,,,8.57,3.75,11.97,10.33,12.01,11.05
2025-12-15T18:07:40.801963,Recipe_B,610592ff-dcbe-4f1d-8eb4-f593c5d7ac78,2,3.0,,,,12.47,7.24,7.76,11.58,12.71,8.5
2025-12-15T18:07:41.801963,Recipe_B,610592ff-dcbe-4f1d-8eb4-f593c5d7ac78,2,3.0,,,,8.33,8.55,9.09,10.23,11.28,10.63
2025-12-15T18:07:42.801963,Recipe_B,610592ff-dcbe-4f1d-8eb4-f593c5d7ac78,2,3.0,,,,9.32,10.88,8.07,11.22,5.79,12.33
2025-12-15T18:07:43.801963,Recipe_B,610592ff-dcbe-4f1d-8eb4-f593c5d7ac78,2,3.0,,,,10.68,14.72,7.59,9.65,8.4,12.3
2025-12-15T18:07:44.801963,Recipe_B,610592ff-dcbe-4f1d-8eb4-f593c5d7ac78,2,3.0,,,,9.0,15.81,8.27,8.57,6.57,8.52
2025-12-15T18:07:45.801963,Recipe_B,610592ff-dcbe-4f1d-8eb4-f593c5d7ac78,2,3.0,,,,12.19,15.28,4.68,10.39,8.04,7.84
2025-12-15T18:07:46.801963,Recipe_B,610592ff-dcbe-4f1d-8eb4-f593c5d7ac78,2,3.0,,,,10.5,10.88,10.85,11.23,9.65,11.16
2025-12-15T18:07:47.801963,Recipe_B,610592ff-dcbe-4f1d-8eb4-f593c5d7ac78,2,3.0,,,,7.46,9.11,9.57,10.61,9.77,11.0
2025-12-15T18:07:48.801963,Recipe_B,610592ff-dcbe-4f1d-8eb4-f593c5d7ac78,2,3.0,,,,8.53,9.9,11.31,10.08,6.85,9.22
2025-12-15T18:07:49.801963,Recipe_B,610592ff-dcbe-4f1d-8eb4-f593c5d7ac78,2,3.0,,,,9.74,6.34,9.75,12.91,8.36,9.38
2025-12-15T18:07:50.801963,Recipe_B,610592ff-dcbe-4f1d-8eb4-f593c5d7ac78,2,3.0,,,,8.76,10.52,11.36,8.83,11.42,11.44
2025-12-15T18:07:51.801963,Recipe_B,610592ff-dcbe-4f1d-8eb4-f593c5d7ac78,2,3.0,,,,10.05,11.05,11.05,11.88,7.24,14.52
2025-12-15T18:07:52.801963,Recipe_B,610592ff-dcbe-4f1d-8eb4-f593c5d7ac78,2,3.0,,,,9.35,9.43,9.69,12.24,7.52,7.86
2025-12-15T18:07:53.801963,Recipe_B,610592ff-dcbe-4f1d-8eb4-f593c5d7ac78,2,3.0,,,,12.25,10.09,14.06,5.77,9.38,13.3
2025-12-15T18:07:54.801963,Recipe_B,610592ff-dcbe-4f1d-8eb4-f593c5d7ac78,2,3.0,,,,12.44,9.78,10.06,9.16,11.94,8.72
2025-12-15T18:07:55.801963,Recipe_B,610592ff-dcbe-4f1d-8eb4-f593c5d7ac78,2,3.0,,,,11.26,16.03,10.87,10.4,10.5,6.13
2025-12-15T18:07:56.801963,Recipe_B,610592ff-dcbe-4f1d-8eb4-f593c5d7ac78,2,3.0,,,,7.01,13.9,9.47,6.84,6.93,10.75
2025-12-15T18:07:57.801963,Recipe_B,610592ff-dcbe-4f1d-8eb4-f593c5d7ac78,2,4.0,,,,102.4,58.51,48.91,49.04,48.05,54.31
2025-12-15T18:07:58.801963,Recipe_B,610592ff-dcbe-4f1d-8eb4-f593c5d7ac78,2,4.0,,,,90.33,49.93,48.65,52.11,54.11,48.73
2025-12-15T18:07:59.801963,Recipe_B,610592ff-dcbe-4f1d-8eb4-f593c5d7ac78,2,4.0,,,,101.18,52.36,44.86,45.85,48.27,51.77
2025-12-15T18:08:00.801963,Recipe_B,610592ff-dcbe-4f1d-8eb4-f593c5d7ac78,2,4.0,,,,97.45,49.95,50.1,58.85,40.93,46.57
2025-12-15T18:08:01.801963,Recipe_B,610592ff-dcbe-4f1d-8eb4-f593c5d7ac78,2,4.0,,,,100.81,59.97,53.22,52.8,48.06,54.35
2025-12-15T18:08:02.801963,Recipe_B,610592ff-dcbe-4f1d-8eb4-f593c5d7ac78,2,4.0,,,,105.86,50.61,42.29,47.47,51.32,45.76
2025-12-15T18:08:03.801963,Recipe_B,610592ff-dcbe-4f1d-8eb4-f593c5d7ac78,2,4.0,,,,94.23,46.41,46.07,53.15,51.69,54.74
2025-12-15T18:08:04.801963,Recipe_B,610592ff-dcbe-4f1d-8eb4-f593c5d7ac78,2,4.0,,,,96.41,57.41,49.36,44.2,50.71,50.63
2025-12-15T18:08:05.801963,Recipe_B,610592ff-dcbe-4f1d-8eb4-f593c5d7ac78,2,4.0,,,,91.6,47.49,57.39,62.46,39.12,53.79
2025-12-15T18:08:06.801963,Recipe_B,610592ff-dcbe-4f1d-8eb4-f593c5d7ac78,2,4.0,,,,104.4,47.29,55.9,52.87,57.17,51.14
2025-12-15T18:08:07.801963,Recipe_B,610592ff-dcbe-4f1d-8eb4-f593c5d7ac78,2,4.0,,,,108.3,57.51,43.6,48.23,58.89,48.58
2025-12-15T18:08:08.801963,Recipe_B,610592ff-dcbe-4f1d-8eb4-f593c5d7ac78,2,4.0,,,,95.44,47.18,48.5,49.52,52.74,53.84
2025-12-15T18:08:09.801963,Recipe_B,610592ff-dcbe-4f1d-8eb4-f593c5d7ac78,2,4.0,,,,102.19,49.78,47.29,47.85,54.01,40.28
2025-12-15T18:08:10.801963,Recipe_B,610592ff-dcbe-4f1d-8eb4-f593c5d7ac78,2,4.0,,,,102.76,48.19,48.64,53.31,53.2,49.67
2025-12-15T18:08:11.801963,Recipe_B,610592ff-dcbe-4f1d-8eb4-f593c5d7ac78,2,4.0,,,,111.57,50.5,56.92,49.05,52.94,52.57
2025-12-15T18:08:12.801963,Recipe_B,610592ff-dcbe-4f1d-8eb4-f593c5d7ac78,2,4.0,,,,102.51,52.16,50.4,53.22,51.37,58.9
2025-12-15T18:08:13.801963,Recipe_B,610592ff-dcbe-4f1d-8eb4-f593c5d7ac78,2,4.0,,,,95.03,54.09,45.23,52.42,50.2,50.75
2025-12-15T18:08:14.801963,Recipe_B,610592ff-dcbe-4f1d-8eb4-f593c5d7ac78,2,4.0,,,,98.31,41.97,39.61,44.82,55.98,46.59
2025-12-15T18:08:15.801963,Recipe_B,610592ff-dcbe-4f1d-8eb4-f593c5d7ac78,2,4.0,,,,107.74,60.27,49.92,42.02,43.36,53.94
2025-12-15T18:08:16.801963,Recipe_B,610592ff-dcbe-4f1d-8eb4-f593c5d7ac78,2,4.0,,,,92.03,54.94,53.34,55.28,45.66,41.02
2025-12-15T18:08:17.801963,Recipe_B,610592ff-dcbe-4f1d-8eb4-f593c5d7ac78,2,4.0,,,,102.27,52.5,53.47,58.68,49.89,52.87
2025-12-15T18:08:18.801963,Recipe_B,610592ff-dcbe-4f1d-8eb4-f593c5d7ac78,2,4.0,,,,104.54,47.52,41.96,52.5,51.3,55.97
2025-12-15T18:08:19.801963,Recipe_B,610592ff-dcbe-4f1d-8eb4-f593c5d7ac78,2,4.0,,,,97.76,52.03,46.09,56.17,45.7,47.77
2025-12-15T18:08:20.801963,Recipe_B,610592ff-dcbe-4f1d-8eb4-f593c5d7ac78,2,4.0,,,,104.0,43.35,52.88,45.12,49.65,49.49
2025-12-15T18:08:21.801963,Recipe_B,610592ff-dcbe-4f1d-8eb4-f593c5d7ac78,2,4.0,,,,102.02,49.06,42.26,56.19,45.86,45.63
2025-12-15T18:08:22.801963,Recipe_B,610592ff-dcbe-4f1d-8eb4-f593c5d7ac78,2,4.0,,,,97.14,47.99,57.56,45.02,49.2,55.18
2025-12-15T18:08:23.801963,Recipe_B,610592ff-dcbe-4f1d-8eb4-f593c5d7ac78,2,4.0,,,,94.44,47.93,54.33,51.8,45.31,44.44
2025-12-15T18:08:24.801963,Recipe_B,610592ff-dcbe-4f1d-8eb4-f593c5d7ac78,2,4.0,,,,93.46,46.59,42.1,41.95,51.71,54.4
2025-12-15T18:08:25.801963,Recipe_B,610592ff-dcbe-4f1d-8eb4-f593c5d7ac78,2,4.0,,,,104.12,48.9,53.31,53.75,49.31,55.96
2025-12-15T18:08:26.801963,Recipe_B,610592ff-dcbe-4f1d-8eb4-f593c5d7ac78,2,4.0,,,,102.66,58.13,50.05,41.43,51.64,51.72
2025-12-15T18:08:27.801963,Recipe_B,610592ff-dcbe-4f1d-8eb4-f593c5d7ac78,2,4.0,,,,97.37,50.79,56.43,54.84,47.72,50.93
2025-12-15T18:08:28.801963,Recipe_B,610592ff-dcbe-4f1d-8eb4-f593c5d7ac78,2,4.0,,,,103.57,49.11,56.95,59.16,41.61,44.75
2025-12-15T18:08:29.801963,Recipe_B,610592ff-dcbe-4f1d-8eb4-f593c5d7ac78,2,4.0,,,,96.96,45.46,58.48,52.44,43.46,53.57
2025-12-15T18:08:30.801963,Recipe_B,610592ff-dcbe-4f1d-8eb4-f593c5d7ac78,2,4.0,,,,104.71,49.63,50.65,48.4,56.1,50.1
2025-12-15T18:08:31.801963,Recipe_B,610592ff-dcbe-4f1d-8eb4-f593c5d7ac78,2,4.0,,,,94.31,44.2,46.12,55.38,50.9,49.8
2025-12-15T18:08:32.801963,Recipe_B,610592ff-dcbe-4f1d-8eb4-f593c5d7ac78,2,4.0,,,,101.99,47.21,56.87,54.98,60.94,56.44
2025-12-15T18:08:33.801963,Recipe_B,610592ff-dcbe-4f1d-8eb4-f593c5d7ac78,2,4.0,,,,106.31,46.77,47.66,56.27,50.9,46.57
2025-12-15T18:08:34.801963,Recipe_B,610592ff-dcbe-4f1d-8eb4-f593c5d7ac78,2,4.0,,,,101.52,51.36,45.2,47.03,53.82,55.92
2025-12-15T18:08:35.801963,Recipe_B,610592ff-dcbe-4f1d-8eb4-f593c5d7ac78,2,4.0,,,,97.38,57.55,52.46,53.4,46.12,47.72
2025-12-15T18:08:36.801963,Recipe_B,610592ff-dcbe-4f1d-8eb4-f593c5d7ac78,2,4.0,,,,99.82,48.53,50.47,47.42,47.72,44.97
2025-12-15T18:08:37.801963,Recipe_B,610592ff-dcbe-4f1d-8eb4-f593c5d7ac78,2,4.0,,,,107.18,57.62,51.68,44.16,51.05,46.33
2025-12-15T18:08:38.801963,Recipe_B,610592ff-dcbe-4f1d-8eb4-f593c5d7ac78,2,4.0,,,,100.74,50.36,49.31,52.07,51.92,48.69
2025-12-15T18:08:39.801963,Recipe_B,610592ff-dcbe-4f1d-8eb4-f593c5d7ac78,2,4.0,,,,106.07,41.12,56.37,46.51,47.29,56.32
2025-12-15T18:08:40.801963,Recipe_B,610592ff-dcbe-4f1d-8eb4-f593c5d7ac78,2,4.0,,,,96.41,55.42,50.06,40.48,43.12,60.12
2025-12-15T18:08:41.801963,Recipe_B,610592ff-dcbe-4f1d-8eb4-f593c5d7ac78,2,4.0,,,,103.67,49.03,40.44,49.07,57.1,57.87
2025-12-15T18:08:42.801963,Recipe_B,610592ff-dcbe-4f1d-8eb4-f593c5d7ac78,2,4.0,,,,97.72,47.06,41.94,51.4,61.88,52.16
2025-12-15T18:08:43.801963,Recipe_B,610592ff-dcbe-4f1d-8eb4-f593c5d7ac78,2,4.0,,,,103.2,51.22,54.06,42.34,53.22,45.74
2025-12-15T18:08:44.801963,Recipe_B,610592ff-dcbe-4f1d-8eb4-f593c5d7ac78,2,4.0,,,,100.56,59.62,47.57,52.37,57.15,38.13
2025-12-15T18:08:45.801963,Recipe_B,610592ff-dcbe-4f1d-8eb4-f593c5d7ac78,2,4.0,,,,101.63,49.44,43.84,50.47,43.77,55.66
2025-12-15T18:08:46.801963,Recipe_B,610592ff-dcbe-4f1d-8eb4-f593c5d7ac78,2,4.0,,,,93.14,63.16,48.28,55.16,48.53,54.66
2025-12-15T18:08:47.801963,Recipe_B,610592ff-dcbe-4f1d-8eb4-f593c5d7ac78,2,4.0,,,,97.32,55.7,50.98,44.56,51.34,45.33
2025-12-15T18:08:48.801963,Recipe_B,610592ff-dcbe-4f1d-8eb4-f593c5d7ac78,2,4.0,,,,104.86,46.62,52.95,54.27,41.36,59.08
2025-12-15T18:08:49.801963,Recipe_B,610592ff-dcbe-4f1d-8eb4-f593c5d7ac78,2,2.0,,,,9.75,9.52,9.62,8.75,12.0,6.58
2025-12-15T18:08:50.801963,Recipe_B,610592ff-dcbe-4f1d-8eb4-f593c5d7ac78,2,2.0,,,,11.72,11.11,11.53,7.78,8.94,10.99
2025-12-15T18:08:51.801963,Recipe_B,610592ff-dcbe-4f1d-8eb4-f593c5d7ac78,2,2.0,,,,12.39,11.18,10.63,9.35,8.66,12.76
2025-12-15T18:08:52.801963,Recipe_B,610592ff-dcbe-4f1d-8eb4-f593c5d7ac78,2,2.0,,,,7.37,7.23,8.09,11.22,13.02,7.47
2025-12-15T18:08:53.801963,Recipe_B,610592ff-dcbe-4f1d-8eb4-f593c5d7ac78,2,2.0,,,,13.94,10.8,10.74,11.65,13.5,11.34
2025-12-15T18:08:54.801963,Recipe_B,610592ff-dcbe-4f1d-8eb4-f593c5d7ac78,2,2.0,,,,11.48,8.93,12.55,8.24,15.01,9.2
2025-12-15T18:08:55.801963,Recipe_B,610592ff-dcbe-4f1d-8eb4-f593c5d7ac78,2,2.0,,,,13.05,10.39,10.75,10.99,10.65,9.25
2025-12-15T18:08:56.801963,Recipe_B,610592ff-dcbe-4f1d-8eb4-f593c5d7ac78,2,2.0,,,,13.73,10.23,11.93,10.95,10.34,10.29
2025-12-15T18:08:57.801963,Recipe_B,610592ff-dcbe-4f1d-8eb4-f593c5d7ac78,2,2.0,,,,9.86,8.22,10.55,9.14,8.9,11.98
2025-12-15T18:08:58.801963,Recipe_B,610592ff-dcbe-4f1d-8eb4-f593c5d7ac78,2,2.0,,,,14.52,9.59,7.73,10.52,10.0,9.75
2025-12-15T18:08:59.801963,Recipe_B,610592ff-dcbe-4f1d-8eb4-f593c5d7ac78,2,2.0,,,,9.41,9.72,11.23,12.28,10.27,10.14
2025-12-15T18:09:00.801963,Recipe_B,610592ff-dcbe-4f1d-8eb4-f593c5d7ac78,2,1.0,,,,8.26,11.74,11.98,9.54,9.55,9.07
2025-12-15T18:09:01.801963,Recipe_B,610592ff-dcbe-4f1d-8eb4-f593c5d7ac78,2,1.0,,,,9.59,6.25,10.81,9.43,15.58,8.63
2025-12-15T18:09:02.801963,Recipe_B,610592ff-dcbe-4f1d-8eb4-f593c5d7ac78,2,1.0,,,,9.67,10.92,9.52,11.82,12.61,6.37
2025-12-15T18:09:03.801963,Recipe_B,610592ff-dcbe-4f1d-8eb4-f593c5d7ac78,2,1.0,,,,8.26,11.6,10.79,8.91,9.95,11.49
2025-12-15T18:09:04.801963,Recipe_B,610592ff-dcbe-4f1d-8eb4-f593c5d7ac78,2,0.0,,,,0.0,0.0,0.0,0.0,0.0,0.0
2025-12-15T18:09:05.801963,Recipe_B,610592ff-dcbe-4f1d-8eb4-f593c5d7ac78,2,0.0,,,,0.0,0.0,0.0,0.0,0.0,0.0
2025-12-15T18:09:06.801963,Recipe_B,610592ff-dcbe-4f1d-8eb4-f593c5d7ac78,2,0.0,,,,0.0,0.0,0.0,0.0,0.0,0.0
2025-12-15T18:09:07.801963,Recipe_B,610592ff-dcbe-4f1d-8eb4-f593c5d7ac78,2,0.0,,,,0.0,0.0,0.0,0.0,0.0,0.0
2025-12-15T18:09:08.801963,Recipe_B,610592ff-dcbe-4f1d-8eb4-f593c5d7ac78,2,0.0,,,,0.0,0.0,0.0,0.0,0.0,0.0
2025-12-15T18:09:09.801963,Recipe_B,610592ff-dcbe-4f1d-8eb4-f593c5d7ac78,2,0.0,,,,0.0,0.0,0.0,0.0,0.0,0.0
2025-12-15T18:09:10.801963,Recipe_B,610592ff-dcbe-4f1d-8eb4-f593c5d7ac78,2,0.0,,,,0.0,0.0,0.0,0.0,0.0,0.0
2025-12-15T18:09:11.801963,Recipe_B,610592ff-dcbe-4f1d-8eb4-f593c5d7ac78,2,0.0,,,,0.0,0.0,0.0,0.0,0.0,0.0
2025-12-15T18:09:12.801963,Recipe_B,610592ff-dcbe-4f1d-8eb4-f593c5d7ac78,2,0.0,,,,0.0,0.0,0.0,0.0,0.0,0.0
2025-12-15T18:09:13.801963,Recipe_B,610592ff-dcbe-4f1d-8eb4-f593c5d7ac78,2,0.0,,,,0.0,0.0,0.0,0.0,0.0,0.0
2025-12-15T18:09:14.801963,Recipe_B,610592ff-dcbe-4f1d-8eb4-f593c5d7ac78,2,0.0,,,,0.0,0.0,0.0,0.0,0.0,0.0
2025-12-15T18:09:15.801963,Recipe_B,610592ff-dcbe-4f1d-8eb4-f593c5d7ac78,2,0.0,,,,0.0,0.0,0.0,0.0,0.0,0.0
2025-12-15T18:09:16.801963,Recipe_B,610592ff-dcbe-4f1d-8eb4-f593c5d7ac78,2,0.0,,,,0.0,0.0,0.0,0.0,0.0,0.0
2025-12-15T18:09:17.801963,Recipe_B,610592ff-dcbe-4f1d-8eb4-f593c5d7ac78,2,0.0,,,,0.0,0.0,0.0,0.0,0.0,0.0
2025-12-15T18:09:18.801963,Recipe_B,610592ff-dcbe-4f1d-8eb4-f593c5d7ac78,2,2.0,,,,9.1,9.43,6.97,9.91,10.09,11.09
2025-12-15T18:09:19.801963,Recipe_B,610592ff-dcbe-4f1d-8eb4-f593c5d7ac78,2,2.0,,,,9.78,13.14,5.01,10.45,13.3,11.78
2025-12-15T18:09:20.801963,Recipe_B,610592ff-dcbe-4f1d-8eb4-f593c5d7ac78,2,2.0,,,,10.86,8.5,9.79,11.22,5.9,8.26
2025-12-15T18:09:21.801963,Recipe_B,610592ff-dcbe-4f1d-8eb4-f593c5d7ac78,2,2.0,,,,9.76,4.57,12.13,12.13,7.4,12.57
2025-12-15T18:09:22.801963,Recipe_B,610592ff-dcbe-4f1d-8eb4-f593c5d7ac78,2,2.0,,,,9.15,7.89,10.51,6.81,8.0,12.34
2025-12-15T18:09:23.801963,Recipe_B,610592ff-dcbe-4f1d-8eb4-f593c5d7ac78,2,2.0,,,,11.03,13.66,9.16,12.14,12.69,6.51
2025-12-15T18:09:24.801963,Recipe_B,610592ff-dcbe-4f1d-8eb4-f593c5d7ac78,2,2.0,,,,12.76,11.03,10.36,14.16,10.65,7.26
2025-12-15T18:09:25.801963,Recipe_B,610592ff-dcbe-4f1d-8eb4-f593c5d7ac78,2,2.0,,,,11.73,8.55,6.65,12.14,9.97,10.46
2025-12-15T18:09:26.801963,Recipe_B,610592ff-dcbe-4f1d-8eb4-f593c5d7ac78,2,2.0,,,,12.49,10.18,10.51,10.44,10.12,10.36
2025-12-15T18:09:27.801963,Recipe_B,610592ff-dcbe-4f1d-8eb4-f593c5d7ac78,2,2.0,,,,9.62,10.49,10.69,9.3,13.02,11.57
2025-12-15T18:09:28.801963,Recipe_B,610592ff-dcbe-4f1d-8eb4-f593c5d7ac78,2,2.0,,,,9.0,10.28,10.8,9.87,11.91,9.89
2025-12-15T18:09:29.801963,Recipe_B,610592ff-dcbe-4f1d-8eb4-f593c5d7ac78,2,2.0,,,,10.12,6.42,5.7,11.35,10.36,8.76
2025-12-15T18:09:30.801963,Recipe_B,610592ff-dcbe-4f1d-8eb4-f593c5d7ac78,2,2.0,,,,14.74,10.69,11.26,8.03,13.81,10.65
2025-12-15T18:09:31.801963,Recipe_B,610592ff-dcbe-4f1d-8eb4-f593c5d7ac78,2,4.0,,,,104.63,46.4,51.71,49.29,45.34,53.76
2025-12-15T18:09:32.801963,Recipe_B,610592ff-dcbe-4f1d-8eb4-f593c5d7ac78,2,4.0,,,,100.89,51.51,48.84,53.69,51.73,41.89
2025-12-15T18:09:33.801963,Recipe_B,610592ff-dcbe-4f1d-8eb4-f593c5d7ac78,2,4.0,,,,95.46,50.03,49.25,49.3,53.16,49.85
2025-12-15T18:09:34.801963,Recipe_B,610592ff-dcbe-4f1d-8eb4-f593c5d7ac78,2,4.0,,,,98.92,56.66,51.91,50.08,50.44,43.97
2025-12-15T18:09:35.801963,Recipe_B,610592ff-dcbe-4f1d-8eb4-f593c5d7ac78,2,4.0,,,,93.88,57.13,57.04,48.59,45.86,54.57
2025-12-15T18:09:36.801963,Recipe_B,610592ff-dcbe-4f1d-8eb4-f593c5d7ac78,2,4.0,,,,104.87,51.82,50.57,50.07,48.03,56.05
2025-12-15T18:09:37.801963,Recipe_B,610592ff-dcbe-4f1d-8eb4-f593c5d7ac78,2,4.0,,,,98.28,47.88,48.14,55.54,41.73,58.75
2025-12-15T18:09:38.801963,Recipe_B,610592ff-dcbe-4f1d-8eb4-f593c5d7ac78,2,4.0,,,,97.48,42.51,49.17,44.91,43.74,52.65
2025-12-15T18:09:39.801963,Recipe_B,610592ff-dcbe-4f1d-8eb4-f593c5d7ac78,2,4.0,,,,105.39,49.55,51.99,48.25,50.86,43.87
2025-12-15T18:09:40.801963,Recipe_B,610592ff-dcbe-4f1d-8eb4-f593c5d7ac78,2,4.0,,,,95.78,48.17,57.01,46.54,49.65,52.53
2025-12-15T18:09:41.801963,Recipe_B,610592ff-dcbe-4f1d-8eb4-f593c5d7ac78,2,4.0,,,,101.99,50.01,41.93,48.83,43.49,52.21
2025-12-15T18:09:42.801963,Recipe_B,610592ff-dcbe-4f1d-8eb4-f593c5d7ac78,2,4.0,,,,100.73,49.81,47.31,49.42,48.0,44.59
2025-12-15T18:09:43.801963,Recipe_B,610592ff-dcbe-4f1d-8eb4-f593c5d7ac78,2,4.0,,,,94.28,51.96,50.68,60.18,44.97,52.97
2025-12-15T18:09:44.801963,Recipe_B,610592ff-dcbe-4f1d-8eb4-f593c5d7ac78,2,0.0,,,,0.0,0.0,0.0,0.0,0.0,0.0
2025-12-15T18:09:45.801963,Recipe_B,610592ff-dcbe-4f1d-8eb4-f593c5d7ac78,2,0.0,,,,0.0,0.0,0.0,0.0,0.0,0.0
2025-12-15T18:09:46.801963,Recipe_B,610592ff-dcbe-4f1d-8eb4-f593c5d7ac78,2,0.0,,,,0.0,0.0,0.0,0.0,0.0,0.0
2025-12-15T18:09:47.801963,Recipe_B,610592ff-dcbe-4f1d-8eb4-f593c5d7ac78,2,0.0,,,,0.0,0.0,0.0,0.0,0.0,0.0
2025-12-15T18:09:48.801963,Recipe_B,610592ff-dcbe-4f1d-8eb4-f593c5d7ac78,2,0.0,,,,0.0,0.0,0.0,0.0,0.0,0.0
2025-12-15T18:09:49.801963,Recipe_B,610592ff-dcbe-4f1d-8eb4-f593c5d7ac78,2,0.0,,,,0.0,0.0,0.0,0.0,0.0,0.0
2025-12-15T18:09:50.801963,Recipe_B,610592ff-dcbe-4f1d-8eb4-f593c5d7ac78,2,0.0,,,,0.0,0.0,0.0,0.0,0.0,0.0
2025-12-15T18:09:51.801963,Recipe_B,610592ff-dcbe-4f1d-8eb4-f593c5d7ac78,2,0.0,,,,0.0,0.0,0.0,0.0,0.0,0.0
2025-12-15T18:09:52.801963,Recipe_B,610592ff-dcbe-4f1d-8eb4-f593c5d7ac78,2,0.0,,,,0.0,0.0,0.0,0.0,0.0,0.0
2025-12-15T18:09:53.801963,Recipe_B,610592ff-dcbe-4f1d-8eb4-f593c5d7ac78,2,0.0,,,,0.0,0.0,0.0,0.0,0.0,0.0
2025-12-15T18:09:54.801963,Recipe_B,610592ff-dcbe-4f1d-8eb4-f593c5d7ac78,2,0.0,,,,0.0,0.0,0.0,0.0,0.0,0.0
2025-12-15T18:09:55.801963,Recipe_B,610592ff-dcbe-4f1d-8eb4-f593c5d7ac78,2,0.0,,,,0.0,0.0,0.0,0.0,0.0,0.0
2025-12-15T18:09:56.801963,Recipe_B,610592ff-dcbe-4f1d-8eb4-f593c5d7ac78,2,0.0,,,,0.0,0.0,0.0,0.0,0.0,0.0
2025-12-15T18:09:57.801963,Recipe_B,610592ff-dcbe-4f1d-8eb4-f593c5d7ac78,2,0.0,,,,0.0,0.0,0.0,0.0,0.0,0.0
2025-12-15T18:09:58.801963,Recipe_B,610592ff-dcbe-4f1d-8eb4-f593c5d7ac78,2,0.0,,,,0.0,0.0,0.0,0.0,0.0,0.0
2025-12-15T18:09:59.801963,Recipe_B,610592ff-dcbe-4f1d-8eb4-f593c5d7ac78,2,0.0,,,,0.0,0.0,0.0,0.0,0.0,0.0
2025-12-15T18:10:00.801963,Recipe_B,610592ff-dcbe-4f1d-8eb4-f593c5d7ac78,2,0.0,,,,0.0,0.0,0.0,0.0,0.0,0.0
2025-12-15T18:10:01.801963,Recipe_B,610592ff-dcbe-4f1d-8eb4-f593c5d7ac78,2,0.0,,,,0.0,0.0,0.0,0.0,0.0,0.0
2025-12-15T18:10:02.801963,Recipe_B,610592ff-dcbe-4f1d-8eb4-f593c5d7ac78,2,0.0,,,,0.0,0.0,0.0,0.0,0.0,0.0
2025-12-15T18:10:03.801963,Recipe_B,610592ff-dcbe-4f1d-8eb4-f593c5d7ac78,2,0.0,,,,0.0,0.0,0.0,0.0,0.0,0.0
2025-12-15T18:10:04.801963,Recipe_B,610592ff-dcbe-4f1d-8eb4-f593c5d7ac78,2,0.0,,,,0.0,0.0,0.0,0.0,0.0,0.0
2025-12-15T18:10:05.801963,Recipe_B,610592ff-dcbe-4f1d-8eb4-f593c5d7ac78,2,0.0,,,,0.0,0.0,0.0,0.0,0.0,0.0
2025-12-15T18:10:06.801963,Recipe_B,610592ff-dcbe-4f1d-8eb4-f593c5d7ac78,2,0.0,,,,0.0,0.0,0.0,0.0,0.0,0.0
2025-12-15T18:10:07.801963,Recipe_B,610592ff-dcbe-4f1d-8eb4-f593c5d7ac78,2,0.0,,,,0.0,0.0,0.0,0.0,0.0,0.0
2025-12-15T18:10:08.801963,Recipe_B,610592ff-dcbe-4f1d-8eb4-f593c5d7ac78,2,0.0,,,,0.0,0.0,0.0,0.0,0.0,0.0
2025-12-15T18:10:09.801963,Recipe_B,610592ff-dcbe-4f1d-8eb4-f593c5d7ac78,2,0.0,,,,0.0,0.0,0.0,0.0,0.0,0.0
2025-12-15T18:10:10.801963,Recipe_B,610592ff-dcbe-4f1d-8eb4-f593c5d7ac78,2,0.0,,,,0.0,0.0,0.0,0.0,0.0,0.0
2025-12-15T18:10:11.801963,Recipe_B,610592ff-dcbe-4f1d-8eb4-f593c5d7ac78,2,0.0,,,,0.0,0.0,0.0,0.0,0.0,0.0
2025-12-15T18:10:12.801963,Recipe_B,610592ff-dcbe-4f1d-8eb4-f593c5d7ac78,2,0.0,,,,0.0,0.0,0.0,0.0,0.0,0.0
2025-12-15T18:10:13.801963,Recipe_B,610592ff-dcbe-4f1d-8eb4-f593c5d7ac78,2,0.0,,,,0.0,0.0,0.0,0.0,0.0,0.0
2025-12-15T18:10:14.801963,Recipe_B,610592ff-dcbe-4f1d-8eb4-f593c5d7ac78,2,0.0,,,,0.0,0.0,0.0,0.0,0.0,0.0
2025-12-15T18:10:15.801963,Recipe_B,610592ff-dcbe-4f1d-8eb4-f593c5d7ac78,2,0.0,,,,0.0,0.0,0.0,0.0,0.0,0.0
2025-12-15T18:10:16.801963,Recipe_B,610592ff-dcbe-4f1d-8eb4-f593c5d7ac78,2,0.0,,,,0.0,0.0,0.0,0.0,0.0,0.0
2025-12-15T18:10:17.801963,Recipe_B,610592ff-dcbe-4f1d-8eb4-f593c5d7ac78,2,0.0,,,,0.0,0.0,0.0,0.0,0.0,0.0
2025-12-15T18:10:18.801963,Recipe_B,610592ff-dcbe-4f1d-8eb4-f593c5d7ac78,2,0.0,,,,0.0,0.0,0.0,0.0,0.0,0.0
2025-12-15T18:10:19.801963,Recipe_B,610592ff-dcbe-4f1d-8eb4-f593c5d7ac78,2,0.0,,,,0.0,0.0,0.0,0.0,0.0,0.0
2025-12-15T18:10:20.801963,Recipe_B,610592ff-dcbe-4f1d-8eb4-f593c5d7ac78,2,0.0,,,,0.0,0.0,0.0,0.0,0.0,0.0
2025-12-15T18:10:21.801963,Recipe_B,610592ff-dcbe-4f1d-8eb4-f593c5d7ac78,2,0.0,,,,0.0,0.0,0.0,0.0,0.0,0.0
2025-12-15T18:10:22.801963,Recipe_B,610592ff-dcbe-4f1d-8eb4-f593c5d7ac78,2,0.0,,,,0.0,0.0,0.0,0.0,0.0,0.0
2025-12-15T18:10:23.801963,Recipe_B,610592ff-dcbe-4f1d-8eb4-f593c5d7ac78,2,0.0,,,,0.0,0.0,0.0,0.0,0.0,0.0
2025-12-15T18:10:24.801963,Recipe_B,610592ff-dcbe-4f1d-8eb4-f593c5d7ac78,2,0.0,,,,0.0,0.0,0.0,0.0,0.0,0.0
2025-12-15T18:10:25.801963,Recipe_B,610592ff-dcbe-4f1d-8eb4-f593c5d7ac78,2,0.0,,,,0.0,0.0,0.0,0.0,0.0,0.0
2025-12-15T18:10:26.801963,Recipe_B,610592ff-dcbe-4f1d-8eb4-f593c5d7ac78,2,0.0,,,,0.0,0.0,0.0,0.0,0.0,0.0
2025-12-15T18:10:27.801963,Recipe_B,610592ff-dcbe-4f1d-8eb4-f593c5d7ac78,2,0.0,,,,0.0,0.0,0.0,0.0,0.0,0.0
2025-12-15T18:10:28.801963,Recipe_B,610592ff-dcbe-4f1d-8eb4-f593c5d7ac78,2,0.0,,,,0.0,0.0,0.0,0.0,0.0,0.0
2025-12-15T18:10:29.801963,Recipe_B,610592ff-dcbe-4f1d-8eb4-f593c5d7ac78,2,0.0,,,,0.0,0.0,0.0,0.0,0.0,0.0
2025-12-15T18:10:30.801963,Recipe_B,610592ff-dcbe-4f1d-8eb4-f593c5d7ac78,2,0.0,,,,0.0,0.0,0.0,0.0,0.0,0.0
2025-12-15T18:10:31.801963,Recipe_B,610592ff-dcbe-4f1d-8eb4-f593c5d7ac78,2,0.0,,,,0.0,0.0,0.0,0.0,0.0,0.0
2025-12-15T18:10:32.801963,Recipe_B,610592ff-dcbe-4f1d-8eb4-f593c5d7ac78,2,0.0,,,,0.0,0.0,0.0,0.0,0.0,0.0
2025-12-15T18:10:33.801963,Recipe_B,610592ff-dcbe-4f1d-8eb4-f593c5d7ac78,2,0.0,,,,0.0,0.0,0.0,0.0,0.0,0.0
2025-12-15T18:10:34.801963,Recipe_B,610592ff-dcbe-4f1d-8eb4-f593c5d7ac78,2,0.0,,,,0.0,0.0,0.0,0.0,0.0,0.0
2025-12-15T18:10:35.801963,Recipe_B,610592ff-dcbe-4f1d-8eb4-f593c5d7ac78,2,0.0,,,,0.0,0.0,0.0,0.0,0.0,0.0
2025-12-15T18:10:36.801963,Recipe_B,610592ff-dcbe-4f1d-8eb4-f593c5d7ac78,2,0.0,,,,0.0,0.0,0.0,0.0,0.0,0.0
2025-12-15T18:10:37.801963,Recipe_B,610592ff-dcbe-4f1d-8eb4-f593c5d7ac78,2,0.0,,,,0.0,0.0,0.0,0.0,0.0,0.0
2025-12-15T18:10:38.801963,Recipe_B,610592ff-dcbe-4f1d-8eb4-f593c5d7ac78,2,4.0,,,,109.27,54.09,48.33,49.07,45.51,49.02
2025-12-15T18:10:39.801963,Recipe_B,610592ff-dcbe-4f1d-8eb4-f593c5d7ac78,2,4.0,,,,100.74,53.03,44.22,50.34,48.65,52.1
2025-12-15T18:10:40.801963,Recipe_B,610592ff-dcbe-4f1d-8eb4-f593c5d7ac78,2,4.0,,,,101.09,48.75,54.13,57.9,48.09,50.3
2025-12-15T18:10:41.801963,Recipe_B,610592ff-dcbe-4f1d-8eb4-f593c5d7ac78,2,4.0,,,,110.71,42.75,60.45,53.6,58.59,50.74
2025-12-15T18:10:42.801963,Recipe_B,610592ff-dcbe-4f1d-8eb4-f593c5d7ac78,2,4.0,,,,98.75,54.02,49.21,52.65,44.51,57.85
2025-12-15T18:10:43.801963,Recipe_B,610592ff-dcbe-4f1d-8eb4-f593c5d7ac78,2,4.0,,,,101.12,49.34,43.86,47.69,48.05,51.65
2025-12-15T18:10:44.801963,Recipe_B,610592ff-dcbe-4f1d-8eb4-f593c5d7ac78,2,4.0,,,,98.15,48.01,53.25,50.94,49.93,57.19
2025-12-15T18:10:45.801963,Recipe_B,610592ff-dcbe-4f1d-8eb4-f593c5d7ac78,2,4.0,,,,107.27,55.45,49.21,57.69,39.97,53.06
2025-12-15T18:10:46.801963,Recipe_B,610592ff-dcbe-4f1d-8eb4-f593c5d7ac78,2,5.0,,,,10.73,7.32,8.94,11.74,9.64,7.79
2025-12-15T18:10:47.801963,Recipe_B,610592ff-dcbe-4f1d-8eb4-f593c5d7ac78,2,5.0,,,,12.24,13.32,8.57,10.32,7.77,11.4
2025-12-15T18:10:48.801963,Recipe_B,610592ff-dcbe-4f1d-8eb4-f593c5d7ac78,2,5.0,,,,10.97,10.48,7.57,9.18,12.67,7.99
2025-12-15T18:10:49.801963,Recipe_B,610592ff-dcbe-4f1d-8eb4-f593c5d7ac78,2,5.0,,,,8.95,9.68,8.98,10.7,10.42,9.6
2025-12-15T18:10:50.801963,Recipe_B,610592ff-dcbe-4f1d-8eb4-f593c5d7ac78,2,5.0,,,,10.81,9.94,8.76,14.25,13.0,9.17
2025-12-15T18:10:51.801963,Recipe_B,610592ff-dcbe-4f1d-8eb4-f593c5d7ac78,2,5.0,,,,11.42,10.44,10.42,9.66,8.71,10.45
2025-12-15T18:10:52.801963,Recipe_B,610592ff-dcbe-4f1d-8eb4-f593c5d7ac78,2,5.0,,,,10.01,10.74,13.78,10.81,7.33,10.24
2025-12-15T18:10:53.801963,Recipe_B,610592ff-dcbe-4f1d-8eb4-f593c5d7ac78,2,5.0,,,,9.86,7.38,8.27,8.74,12.72,9.17
2025-12-15T18:10:54.801963,Recipe_B,610592ff-dcbe-4f1d-8eb4-f593c5d7ac78,2,5.0,,,,10.84,11.33,10.04,11.45,10.97,13.79
2025-12-15T18:10:55.801963,Recipe_B,610592ff-dcbe-4f1d-8eb4-f593c5d7ac78,2,5.0,,,,14.32,7.38,8.91,8.51,10.9,11.13
2025-12-15T18:10:56.801963,Recipe_B,610592ff-dcbe-4f1d-8eb4-f593c5d7ac78,2,5.0,,,,13.01,9.89,8.99,7.78,8.35,7.63
2025-12-15T18:10:57.801963,Recipe_B,610592ff-dcbe-4f1d-8eb4-f593c5d7ac78,2,5.0,,,,8.98,9.82,11.39,13.17,12.31,9.15
2025-12-15T18:10:58.801963,Recipe_B,610592ff-dcbe-4f1d-8eb4-f593c5d7ac78,2,5.0,,,,8.46,5.56,9.95,11.99,12.31,6.64
2025-12-15T18:10:59.801963,Recipe_B,610592ff-dcbe-4f1d-8eb4-f593c5d7ac78,2,5.0,,,,9.75,9.77,12.83,10.53,10.6,9.68
2025-12-15T18:11:00.801963,Recipe_B,610592ff-dcbe-4f1d-8eb4-f593c5d7ac78,2,5.0,,,,11.53,12.39,14.66,9.75,7.57,9.67
2025-12-15T18:11:01.801963,Recipe_B,610592ff-dcbe-4f1d-8eb4-f593c5d7ac78,2,5.0,,,,13.11,8.13,8.76,12.23,7.84,11.15
2025-12-15T18:11:02.801963,Recipe_B,610592ff-dcbe-4f1d-8eb4-f593c5d7ac78,2,5.0,,,,10.21,11.16,13.1,13.05,9.75,11.27
2025-12-15T18:11:03.801963,Recipe_B,610592ff-dcbe-4f1d-8eb4-f593c5d7ac78,2,5.0,,,,10.33,8.89,10.5,10.01,13.98,7.73
2025-12-15T18:11:04.801963,Recipe_B,610592ff-dcbe-4f1d-8eb4-f593c5d7ac78,2,3.0,,,,7.12,9.58,12.56,13.11,11.42,9.78
2025-12-15T18:11:05.801963,Recipe_B,610592ff-dcbe-4f1d-8eb4-f593c5d7ac78,2,3.0,,,,8.05,9.8,11.21,8.5,13.45,12.04
2025-12-15T18:11:06.801963,Recipe_B,610592ff-dcbe-4f1d-8eb4-f593c5d7ac78,2,3.0,,,,9.99,9.03,10.52,7.43,10.09,6.2
2025-12-15T18:11:07.801963,Recipe_B,610592ff-dcbe-4f1d-8eb4-f593c5d7ac78,2,3.0,,,,10.48,11.58,10.64,9.4,11.08,7.71
2025-12-15T18:11:08.801963,Recipe_B,610592ff-dcbe-4f1d-8eb4-f593c5d7ac78,2,3.0,,,,12.16,10.4,10.84,10.17,12.06,7.63
2025-12-15T18:11:09.801963,Recipe_B,610592ff-dcbe-4f1d-8eb4-f593c5d7ac78,2,3.0,,,,10.02,9.66,7.15,10.04,7.66,9.4
2025-12-15T18:11:10.801963,Recipe_B,610592ff-dcbe-4f1d-8eb4-f593c5d7ac78,2,3.0,,,,10.28,9.65,9.76,9.56,6.42,13.9
2025-12-15T18:11:11.801963,Recipe_B,610592ff-dcbe-4f1d-8eb4-f593c5d7ac78,2,3.0,,,,8.69,6.84,7.71,9.74,8.98,12.73
2025-12-15T18:11:12.801963,Recipe_B,610592ff-dcbe-4f1d-8eb4-f593c5d7ac78,2,3.0,,,,12.14,11.85,8.13,10.45,9.95,10.23
2025-12-15T18:11:13.801963,Recipe_B,610592ff-dcbe-4f1d-8eb4-f593c5d7ac78,2,3.0,,,,12.15,8.05,9.05,7.34,13.34,8.78
2025-12-15T18:11:14.801963,Recipe_B,610592ff-dcbe-4f1d-8eb4-f593c5d7ac78,2,3.0,,,,11.4,14.76,12.06,6.29,11.42,12.65
2025-12-15T18:11:15.801963,Recipe_B,610592ff-dcbe-4f1d-8eb4-f593c5d7ac78,2,3.0,,,,11.58,9.18,12.73,7.58,10.0,10.7
2025-12-15T18:11:16.801963,Recipe_B,610592ff-dcbe-4f1d-8eb4-f593c5d7ac78,2,3.0,,,,10.85,10.76,12.54,9.72,8.66,9.04
2025-12-15T18:11:17.801963,Recipe_B,610592ff-dcbe-4f1d-8eb4-f593c5d7ac78,2,3.0,,,,11.6,10.61,7.28,10.88,5.83,6.73
2025-12-15T18:11:18.801963,Recipe_B,610592ff-dcbe-4f1d-8eb4-f593c5d7ac78,2,3.0,,,,12.13,10.67,12.36,12.45,13.72,10.12
2025-12-15T18:11:19.801963,Recipe_B,610592ff-dcbe-4f1d-8eb4-f593c5d7ac78,2,3.0,,,,10.28,11.03,12.87,13.37,10.35,12.57
2025-12-15T18:11:20.801963,Recipe_B,610592ff-dcbe-4f1d-8eb4-f593c5d7ac78,2,3.0,,,,10.28,15.23,11.14,11.02,10.71,8.53
2025-12-15T18:11:21.801963,Recipe_B,610592ff-dcbe-4f1d-8eb4-f593c5d7ac78,2,3.0,,,,9.99,8.25,7.63,8.61,9.05,5.73
2025-12-15T18:11:22.801963,Recipe_B,610592ff-dcbe-4f1d-8eb4-f593c5d7ac78,2,3.0,,,,9.26,7.89,8.37,12.86,9.21,7.72
2025-12-15T18:11:23.801963,Recipe_B,610592ff-dcbe-4f1d-8eb4-f593c5d7ac78,2,3.0,,,,7.91,12.43,11.93,11.85,7.95,6.23
2025-12-15T18:11:24.801963,Recipe_B,610592ff-dcbe-4f1d-8eb4-f593c5d7ac78,2,3.0,,,,9.35,13.04,7.26,7.96,11.28,10.24
2025-12-15T18:11:25.801963,Recipe_B,610592ff-dcbe-4f1d-8eb4-f593c5d7ac78,2,3.0,,,,10.56,11.78,8.29,8.78,10.83,9.74
2025-12-15T18:11:26.801963,Recipe_B,610592ff-dcbe-4f1d-8eb4-f593c5d7ac78,2,3.0,,,,11.78,9.68,9.68,8.22,9.35,8.05
2025-12-15T18:11:27.801963,Recipe_B,610592ff-dcbe-4f1d-8eb4-f593c5d7ac78,2,3.0,,,,8.46,9.8,9.1,6.81,9.07,9.67
2025-12-15T18:11:28.801963,Recipe_B,610592ff-dcbe-4f1d-8eb4-f593c5d7ac78,2,3.0,,,,12.86,11.32,10.31,8.46,10.87,9.41
2025-12-15T18:11:29.801963,Recipe_B,610592ff-dcbe-4f1d-8eb4-f593c5d7ac78,2,3.0,,,,11.26,13.63,6.61,11.39,9.74,12.55
2025-12-15T18:11:30.801963,Recipe_B,610592ff-dcbe-4f1d-8eb4-f593c5d7ac78,2,3.0,,,,9.42,10.34,7.77,8.48,8.27,13.37
2025-12-15T18:11:31.801963,Recipe_B,610592ff-dcbe-4f1d-8eb4-f593c5d7ac78,2,3.0,,,,7.52,11.61,9.49,8.35,9.64,9.86
2025-12-15T18:11:32.801963,Recipe_B,610592ff-dcbe-4f1d-8eb4-f593c5d7ac78,2,3.0,,,,8.38,11.38,11.49,10.65,14.31,11.29
2025-12-15T18:11:33.801963,Recipe_B,610592ff-dcbe-4f1d-8eb4-f593c5d7ac78,2,3.0,,,,11.93,9.08,11.44,9.56,12.7,11.74
2025-12-15T18:11:34.801963,Recipe_B,610592ff-dcbe-4f1d-8eb4-f593c5d7ac78,2,2.0,,,,12.94,12.04,12.39,11.21,10.2,9.28
2025-12-15T18:11:35.801963,Recipe_B,610592ff-dcbe-4f1d-8eb4-f593c5d7ac78,2,2.0,,,,12.96,8.93,9.64,9.65,8.79,9.95
2025-12-15T18:11:36.801963,Recipe_B,610592ff-dcbe-4f1d-8eb4-f593c5d7ac78,2,2.0,,,,13.65,11.5,10.01,12.72,9.49,11.55
2025-12-15T18:11:37.801963,Recipe_B,610592ff-dcbe-4f1d-8eb4-f593c5d7ac78,2,2.0,,,,4.59,10.59,9.89,16.07,11.09,8.56
2025-12-15T18:11:38.801963,Recipe_B,610592ff-dcbe-4f1d-8eb4-f593c5d7ac78,2,2.0,,,,9.23,14.72,10.75,13.37,9.93,6.9
2025-12-15T18:11:39.801963,Recipe_B,610592ff-dcbe-4f1d-8eb4-f593c5d7ac78,2,2.0,,,,15.69,8.43,9.85,7.09,13.42,10.49
2025-12-15T18:11:40.801963,Recipe_B,610592ff-dcbe-4f1d-8eb4-f593c5d7ac78,2,2.0,,,,9.18,9.83,10.9,8.1,12.24,10.43
2025-12-15T18:11:41.801963,Recipe_B,610592ff-dcbe-4f1d-8eb4-f593c5d7ac78,2,2.0,,,,10.35,10.64,11.55,11.48,7.76,11.06
2025-12-15T18:11:42.801963,Recipe_B,610592ff-dcbe-4f1d-8eb4-f593c5d7ac78,2,2.0,,,,11.83,10.44,7.07,10.8,7.15,11.44
2025-12-15T18:11:43.801963,Recipe_B,610592ff-dcbe-4f1d-8eb4-f593c5d7ac78,2,2.0,,,,5.4,11.54,12.88,10.64,8.24,12.23
2025-12-15T18:11:44.801963,Recipe_B,610592ff-dcbe-4f1d-8eb4-f593c5d7ac78,2,2.0,,,,7.16,8.19,10.61,8.13,8.2,12.3
2025-12-15T18:11:45.801963,Recipe_B,610592ff-dcbe-4f1d-8eb4-f593c5d7ac78,2,2.0,,,,8.28,9.18,11.81,10.36,10.39,4.2
2025-12-15T18:11:46.801963,Recipe_B,610592ff-dcbe-4f1d-8eb4-f593c5d7ac78,2,3.0,,,,4.77,11.09,7.68,10.55,7.41,10.9
2025-12-15T18:11:47.801963,Recipe_B,610592ff-dcbe-4f1d-8eb4-f593c5d7ac78,2,3.0,,,,10.08,5.93,10.53,9.28,8.6,13.27
2025-12-15T18:11:48.801963,Recipe_B,610592ff-dcbe-4f1d-8eb4-f593c5d7ac78,2,3.0,,,,8.48,11.03,10.61,11.83,12.95,10.45
2025-12-15T18:11:49.801963,Recipe_B,610592ff-dcbe-4f1d-8eb4-f593c5d7ac78,2,3.0,,,,13.86,9.03,11.31,10.46,10.17,8.86
2025-12-15T18:11:50.801963,Recipe_B,610592ff-dcbe-4f1d-8eb4-f593c5d7ac78,2,3.0,,,,10.79,9.06,10.22,9.34,9.97,9.67
2025-12-15T18:11:51.801963,Recipe_B,610592ff-dcbe-4f1d-8eb4-f593c5d7ac78,2,3.0,,,,11.36,6.19,7.78,8.84,13.8,11.54
2025-12-15T18:11:52.801963,Recipe_B,610592ff-dcbe-4f1d-8eb4-f593c5d7ac78,2,3.0,,,,10.67,10.72,10.12,10.74,10.14,11.62
2025-12-15T18:11:53.801963,Recipe_B,610592ff-dcbe-4f1d-8eb4-f593c5d7ac78,2,3.0,,,,9.3,9.49,11.36,9.45,12.21,12.74
2025-12-15T18:11:54.801963,Recipe_B,610592ff-dcbe-4f1d-8eb4-f593c5d7ac78,2,3.0,,,,8.11,14.6,6.69,9.69,10.0,14.01
2025-12-15T18:11:55.801963,Recipe_B,610592ff-dcbe-4f1d-8eb4-f593c5d7ac78,2,3.0,,,,10.57,9.43,8.73,8.92,12.04,11.55
2025-12-15T18:11:56.801963,Recipe_B,610592ff-dcbe-4f1d-8eb4-f593c5d7ac78,2,3.0,,,,10.81,11.13,13.47,10.8,11.19,6.68
2025-12-15T18:11:57.801963,Recipe_B,610592ff-dcbe-4f1d-8eb4-f593c5d7ac78,2,3.0,,,,10.87,8.05,9.94,8.58,10.66,7.96
2025-12-15T18:11:58.801963,Recipe_B,610592ff-dcbe-4f1d-8eb4-f593c5d7ac78,2,3.0,,,,9.93,8.46,10.78,8.1,8.44,10.08
2025-12-15T18:11:59.801963,Recipe_B,610592ff-dcbe-4f1d-8eb4-f593c5d7ac78,2,3.0,,,,7.43,7.83,11.53,10.33,9.3,11.41
2025-12-15T18:12:00.801963,Recipe_B,610592ff-dcbe-4f1d-8eb4-f593c5d7ac78,2,3.0,,,,10.85,12.81,11.33,9.94,11.4,8.71
2025-12-15T18:12:01.801963,Recipe_B,610592ff-dcbe-4f1d-8eb4-f593c5d7ac78,2,3.0,,,,7.45,10.22,7.75,10.89,12.34,7.09
2025-12-15T18:12:02.801963,Recipe_B,610592ff-dcbe-4f1d-8eb4-f593c5d7ac78,2,3.0,,,,11.14,4.58,6.92,7.2,9.76,10.64
2025-12-15T18:12:03.801963,Recipe_B,610592ff-dcbe-4f1d-8eb4-f593c5d7ac78,2,3.0,,,,9.73,9.84,10.32,10.98,13.97,10.0
2025-12-15T18:12:04.801963,Recipe_B,610592ff-dcbe-4f1d-8eb4-f593c5d7ac78,2,3.0,,,,13.02,11.07,10.21,10.17,13.13,8.26
2025-12-15T18:12:05.801963,Recipe_B,610592ff-dcbe-4f1d-8eb4-f593c5d7ac78,2,3.0,,,,12.52,9.33,6.93,8.39,5.71,10.14
2025-12-15T18:12:06.801963,Recipe_B,610592ff-dcbe-4f1d-8eb4-f593c5d7ac78,2,3.0,,,,11.74,9.58,10.55,12.09,7.27,11.62
2025-12-15T18:12:07.801963,Recipe_B,610592ff-dcbe-4f1d-8eb4-f593c5d7ac78,2,3.0,,,,11.26,11.8,9.76,9.0,10.42,9.48
2025-12-15T18:12:08.801963,Recipe_B,610592ff-dcbe-4f1d-8eb4-f593c5d7ac78,2,3.0,,,,7.56,11.32,12.21,8.83,8.62,12.16
2025-12-15T18:12:09.801963,Recipe_B,610592ff-dcbe-4f1d-8eb4-f593c5d7ac78,2,3.0,,,,10.95,9.6,9.64,10.89,7.5,10.3
2025-12-15T18:12:10.801963,Recipe_B,610592ff-dcbe-4f1d-8eb4-f593c5d7ac78,2,3.0,,,,9.59,10.73,12.52,12.06,12.71,8.7
2025-12-15T18:12:11.801963,Recipe_B,610592ff-dcbe-4f1d-8eb4-f593c5d7ac78,2,3.0,,,,11.02,8.03,13.34,8.84,10.27,12.18
2025-12-15T18:12:12.801963,Recipe_B,610592ff-dcbe-4f1d-8eb4-f593c5d7ac78,2,3.0,,,,8.4,11.14,12.79,8.76,10.86,8.55
2025-12-15T18:12:13.801963,Recipe_B,610592ff-dcbe-4f1d-8eb4-f593c5d7ac78,2,3.0,,,,11.84,6.9,7.25,10.96,10.33,6.69
2025-12-15T18:12:14.801963,Recipe_B,610592ff-dcbe-4f1d-8eb4-f593c5d7ac78,2,3.0,,,,7.69,9.38,9.0,10.39,11.12,9.84
2025-12-15T18:12:15.801963,Recipe_B,610592ff-dcbe-4f1d-8eb4-f593c5d7ac78,2,5.0,,,,10.18,9.92,9.8,7.97,9.57,8.55
2025-12-15T18:12:16.801963,Recipe_B,610592ff-dcbe-4f1d-8eb4-f593c5d7ac78,2,5.0,,,,9.35,11.16,10.51,8.27,9.15,13.66
2025-12-15T18:12:17.801963,Recipe_B,610592ff-dcbe-4f1d-8eb4-f593c5d7ac78,2,5.0,,,,11.03,12.11,9.78,9.43,11.89,8.73
2025-12-15T18:12:18.801963,Recipe_B,610592ff-dcbe-4f1d-8eb4-f593c5d7ac78,2,5.0,,,,11.99,13.94,12.6,10.59,9.95,13.25
2025-12-15T18:12:19.801963,Recipe_B,610592ff-dcbe-4f1d-8eb4-f593c5d7ac78,2,5.0,,,,9.29,13.02,9.78,10.32,11.34,7.86
2025-12-15T18:12:20.801963,Recipe_B,610592ff-dcbe-4f1d-8eb4-f593c5d7ac78,2,5.0,,,,8.54,10.01,9.26,8.79,6.96,8.35
2025-12-15T18:12:21.801963,Recipe_B,610592ff-dcbe-4f1d-8eb4-f593c5d7ac78,2,5.0,,,,10.97,8.66,10.1,7.5,11.5,10.2
2025-12-15T18:12:22.801963,Recipe_B,610592ff-dcbe-4f1d-8eb4-f593c5d7ac78,2,5.0,,,,9.63,10.23,11.48,8.83,10.03,9.37
2025-12-15T18:12:23.801963,Recipe_B,610592ff-dcbe-4f1d-8eb4-f593c5d7ac78,2,5.0,,,,10.17,11.31,11.25,8.56,11.79,10.08
2025-12-15T18:12:24.801963,Recipe_B,610592ff-dcbe-4f1d-8eb4-f593c5d7ac78,2,5.0,,,,9.42,8.62,9.07,11.78,12.5,12.99
2025-12-15T18:12:25.801963,Recipe_B,610592ff-dcbe-4f1d-8eb4-f593c5d7ac78,2,5.0,,,,10.46,7.28,10.36,9.48,7.72,10.3
2025-12-15T18:12:26.801963,Recipe_B,610592ff-dcbe-4f1d-8eb4-f593c5d7ac78,2,5.0,,,,10.78,11.14,11.14,10.68,10.49,6.98
2025-12-15T18:12:27.801963,Recipe_B,610592ff-dcbe-4f1d-8eb4-f593c5d7ac78,2,5.0,,,,11.06,11.58,9.64,7.16,10.05,10.24
2025-12-15T18:12:28.801963,Recipe_B,610592ff-dcbe-4f1d-8eb4-f593c5d7ac78,2,5.0,,,,10.06,7.45,16.02,12.65,9.55,11.86
2025-12-15T18:12:29.801963,Recipe_B,610592ff-dcbe-4f1d-8eb4-f593c5d7ac78,2,5.0,,,,10.98,10.9,11.03,9.38,9.2,11.87
2025-12-15T18:12:30.801963,Recipe_B,610592ff-dcbe-4f1d-8eb4-f593c5d7ac78,2,5.0,,,,10.34,11.52,8.13,13.27,10.49,10.74
2025-12-15T18:12:31.801963,Recipe_B,610592ff-dcbe-4f1d-8eb4-f593c5d7ac78,2,5.0,,,,12.54,8.12,13.92,9.99,11.61,6.89
2025-12-15T18:12:32.801963,Recipe_B,610592ff-dcbe-4f1d-8eb4-f593c5d7ac78,2,5.0,,,,10.19,11.4,6.28,12.26,12.89,9.88
2025-12-15T18:12:33.801963,Recipe_B,610592ff-dcbe-4f1d-8eb4-f593c5d7ac78,2,5.0,,,,11.84,11.34,10.98,7.62,8.03,13.3
2025-12-15T18:12:34.801963,Recipe_B,610592ff-dcbe-4f1d-8eb4-f593c5d7ac78,2,5.0,,,,7.98,13.81,11.33,12.55,8.09,12.76
2025-12-15T18:12:35.801963,Recipe_B,610592ff-dcbe-4f1d-8eb4-f593c5d7ac78,2,5.0,,,,7.76,10.46,12.18,13.19,12.98,12.99
2025-12-15T18:12:36.801963,Recipe_B,610592ff-dcbe-4f1d-8eb4-f593c5d7ac78,2,5.0,,,,11.97,12.99,12.11,8.01,10.22,13.47
2025-12-15T18:12:37.801963,Recipe_B,610592ff-dcbe-4f1d-8eb4-f593c5d7ac78,2,5.0,,,,10.36,11.99,10.22,11.25,9.17,10.34
2025-12-15T18:12:38.801963,Recipe_B,610592ff-dcbe-4f1d-8eb4-f593c5d7ac78,2,5.0,,,,11.21,9.46,10.88,12.27,9.61,8.88
2025-12-15T18:12:39.801963,Recipe_B,610592ff-dcbe-4f1d-8eb4-f593c5d7ac78,2,5.0,,,,11.13,9.34,12.18,12.31,11.38,10.23
2025-12-15T18:12:40.801963,Recipe_B,610592ff-dcbe-4f1d-8eb4-f593c5d7ac78,2,5.0,,,,10.19,9.94,6.89,6.81,8.64,12.61
2025-12-15T18:12:41.801963,Recipe_B,610592ff-dcbe-4f1d-8eb4-f593c5d7ac78,2,5.0,,,,10.1,7.54,5.34,12.51,10.46,10.42
2025-12-15T18:12:42.801963,Recipe_B,610592ff-dcbe-4f1d-8eb4-f593c5d7ac78,2,5.0,,,,8.68,10.52,7.36,10.01,10.11,11.44
2025-12-15T18:12:43.801963,Recipe_B,610592ff-dcbe-4f1d-8eb4-f593c5d7ac78,2,5.0,,,,7.99,10.9,12.17,6.57,11.34,8.88
2025-12-15T18:12:44.801963,Recipe_B,610592ff-dcbe-4f1d-8eb4-f593c5d7ac78,2,5.0,,,,8.35,5.73,8.43,7.76,9.94,11.03
2025-12-15T18:12:45.801963,Recipe_B,610592ff-dcbe-4f1d-8eb4-f593c5d7ac78,2,5.0,,,,11.76,10.49,10.0,6.77,5.88,9.34
2025-12-15T18:12:46.801963,Recipe_B,610592ff-dcbe-4f1d-8eb4-f593c5d7ac78,2,5.0,,,,7.8,7.93,7.55,8.32,11.65,12.13
2025-12-15T18:12:47.801963,Recipe_B,610592ff-dcbe-4f1d-8eb4-f593c5d7ac78,2,3.0,,,,13.81,11.01,9.0,12.31,8.83,9.5
2025-12-15T18:12:48.801963,Recipe_B,610592ff-dcbe-4f1d-8eb4-f593c5d7ac78,2,3.0,,,,8.34,10.88,13.95,11.58,10.13,9.62
2025-12-15T18:12:49.801963,Recipe_B,610592ff-dcbe-4f1d-8eb4-f593c5d7ac78,2,3.0,,,,13.27,12.21,12.38,11.31,5.44,7.5
2025-12-15T18:12:50.801963,Recipe_B,610592ff-dcbe-4f1d-8eb4-f593c5d7ac78,2,3.0,,,,11.52,7.51,10.7,8.71,7.77,11.45
2025-12-15T18:12:51.801963,Recipe_B,610592ff-dcbe-4f1d-8eb4-f593c5d7ac78,2,3.0,,,,11.16,13.24,9.38,11.9,8.27,10.64
2025-12-15T18:12:52.801963,Recipe_B,610592ff-dcbe-4f1d-8eb4-f593c5d7ac78,2,3.0,,,,10.23,9.15,11.14,10.76,9.76,10.65
2025-12-15T18:12:53.801963,Recipe_B,610592ff-dcbe-4f1d-8eb4-f593c5d7ac78,2,3.0,,,,8.06,11.14,8.62,10.7,11.15,10.27
2025-12-15T18:12:54.801963,Recipe_B,610592ff-dcbe-4f1d-8eb4-f593c5d7ac78,2,3.0,,,,9.5,11.83,12.02,11.37,5.43,8.8
2025-12-15T18:12:55.801963,Recipe_B,610592ff-dcbe-4f1d-8eb4-f593c5d7ac78,2,3.0,,,,10.47,8.38,11.83,8.74,8.56,10.79
2025-12-15T18:12:56.801963,Recipe_B,610592ff-dcbe-4f1d-8eb4-f593c5d7ac78,2,3.0,,,,8.95,13.08,12.7,10.1,8.57,11.64
2025-12-15T18:12:57.801963,Recipe_B,610592ff-dcbe-4f1d-8eb4-f593c5d7ac78,2,3.0,,,,8.13,10.49,7.39,9.31,7.59,6.69
2025-12-15T18:12:58.801963,Recipe_B,610592ff-dcbe-4f1d-8eb4-f593c5d7ac78,2,3.0,,,,8.84,5.97,7.46,9.39,10.8,11.05
2025-12-15T18:12:59.801963,Recipe_B,610592ff-dcbe-4f1d-8eb4-f593c5d7ac78,2,3.0,,,,9.87,10.06,10.33,8.54,10.54,10.37
2025-12-15T18:13:00.801963,Recipe_B,610592ff-dcbe-4f1d-8eb4-f593c5d7ac78,2,3.0,,,,10.79,8.03,7.54,7.86,10.33,12.92
2025-12-15T18:13:01.801963,Recipe_B,610592ff-dcbe-4f1d-8eb4-f593c5d7ac78,2,3.0,,,,11.95,7.84,8.68,11.5,13.58,7.41
2025-12-15T18:13:02.801963,Recipe_B,610592ff-dcbe-4f1d-8eb4-f593c5d7ac78,2,3.0,,,,10.89,7.32,12.09,9.22,12.55,9.4
2025-12-15T18:13:03.801963,Recipe_B,610592ff-dcbe-4f1d-8eb4-f593c5d7ac78,2,3.0,,,,8.66,9.95,9.62,11.52,12.21,12.52
2025-12-15T18:13:04.801963,Recipe_B,610592ff-dcbe-4f1d-8eb4-f593c5d7ac78,2,3.0,,,,10.94,8.45,7.23,7.85,10.81,9.24
2025-12-15T18:13:05.801963,Recipe_B,610592ff-dcbe-4f1d-8eb4-f593c5d7ac78,2,3.0,,,,8.93,9.7,14.65,9.49,10.89,10.53
2025-12-15T18:13:06.801963,Recipe_B,610592ff-dcbe-4f1d-8eb4-f593c5d7ac78,2,3.0,,,,7.09,10.57,6.52,9.66,10.81,13.76
2025-12-15T18:13:07.801963,Recipe_B,610592ff-dcbe-4f1d-8eb4-f593c5d7ac78,2,3.0,,,,9.77,9.17,9.19,7.6,8.6,13.14
2025-12-15T18:13:08.801963,Recipe_B,610592ff-dcbe-4f1d-8eb4-f593c5d7ac78,2,3.0,,,,9.28,9.83,8.88,9.46,8.27,13.17
2025-12-15T18:13:09.801963,Recipe_B,610592ff-dcbe-4f1d-8eb4-f593c5d7ac78,2,3.0,,,,8.27,12.57,12.45,11.98,12.04,9.13
2025-12-15T18:13:10.801963,Recipe_B,610592ff-dcbe-4f1d-8eb4-f593c5d7ac78,2,3.0,,,,10.37,11.34,13.37,8.88,11.0,13.29
2025-12-15T18:13:11.801963,Recipe_B,610592ff-dcbe-4f1d-8eb4-f593c5d7ac78,2,4.0,,,,102.6,43.23,50.31,51.15,55.48,51.38
2025-12-15T18:13:12.801963,Recipe_B,610592ff-dcbe-4f1d-8eb4-f593c5d7ac78,2,4.0,,,,94.32,49.3,53.04,50.5,52.76,56.04
2025-12-15T18:13:13.801963,Recipe_B,610592ff-dcbe-4f1d-8eb4-f593c5d7ac78,2,4.0,,,,101.9,49.19,48.41,47.42,57.31,46.07
2025-12-15T18:13:14.801963,Recipe_B,610592ff-dcbe-4f1d-8eb4-f593c5d7ac78,2,4.0,,,,102.8,48.25,46.77,54.66,47.08,59.02
2025-12-15T18:13:15.801963,Recipe_B,610592ff-dcbe-4f1d-8eb4-f593c5d7ac78,2,4.0,,,,97.67,47.3,56.36,56.92,54.25,57.98
2025-12-15T18:13:16.801963,Recipe_B,610592ff-dcbe-4f1d-8eb4-f593c5d7ac78,2,4.0,,,,96.13,50.18,46.07,47.5,58.78,44.79
2025-12-15T18:13:17.801963,Recipe_B,610592ff-dcbe-4f1d-8eb4-f593c5d7ac78,2,4.0,,,,104.92,49.0,51.61,56.6,60.29,58.58
2025-12-15T18:13:18.801963,Recipe_B,610592ff-dcbe-4f1d-8eb4-f593c5d7ac78,2,4.0,,,,104.44,46.48,51.79,58.32,52.45,55.34
2025-12-15T18:13:19.801963,Recipe_B,610592ff-dcbe-4f1d-8eb4-f593c5d7ac78,2,4.0,,,,91.56,45.94,55.4,45.63,55.52,54.74
2025-12-15T18:13:20.801963,Recipe_B,610592ff-dcbe-4f1d-8eb4-f593c5d7ac78,2,4.0,,,,106.24,46.93,42.11,43.36,55.59,47.29
2025-12-15T18:13:21.801963,Recipe_B,610592ff-dcbe-4f1d-8eb4-f593c5d7ac78,2,4.0,,,,92.54,48.52,49.69,53.8,49.06,45.68
2025-12-15T18:13:22.801963,Recipe_B,610592ff-dcbe-4f1d-8eb4-f593c5d7ac78,2,4.0,,,,101.26,37.95,56.77,50.98,41.11,50.87
2025-12-15T18:13:23.801963,Recipe_B,610592ff-dcbe-4f1d-8eb4-f593c5d7ac78,2,4.0,,,,96.39,54.25,47.9,49.2,43.46,47.98
2025-12-15T18:13:24.801963,Recipe_B,610592ff-dcbe-4f1d-8eb4-f593c5d7ac78,2,4.0,,,,106.26,43.0,53.17,50.4,44.19,62.04
2025-12-15T18:13:25.801963,Recipe_B,610592ff-dcbe-4f1d-8eb4-f593c5d7ac78,2,4.0,,,,100.92,62.1,44.16,42.69,50.94,54.62
2025-12-15T18:13:26.801963,Recipe_B,610592ff-dcbe-4f1d-8eb4-f593c5d7ac78,2,4.0,,,,99.92,51.42,39.31,46.55,56.96,46.9
2025-12-15T18:13:27.801963,Recipe_B,610592ff-dcbe-4f1d-8eb4-f593c5d7ac78,2,4.0,,,,103.94,52.16,48.91,42.41,47.11,45.64
2025-12-15T18:13:28.801963,Recipe_B,610592ff-dcbe-4f1d-8eb4-f593c5d7ac78,2,4.0,,,,96.96,53.82,53.39,49.8,46.73,63.73
2025-12-15T18:13:29.801963,Recipe_B,610592ff-dcbe-4f1d-8eb4-f593c5d7ac78,2,4.0,,,,97.17,61.06,47.92,53.39,56.01,57.66
2025-12-15T18:13:30.801963,Recipe_B,610592ff-dcbe-4f1d-8eb4-f593c5d7ac78,2,5.0,,,,7.01,6.37,9.16,8.33,9.21,10.26
2025-12-15T18:13:31.801963,Recipe_B,610592ff-dcbe-4f1d-8eb4-f593c5d7ac78,2,5.0,,,,11.08,9.94,12.1,7.58,9.18,10.17
2025-12-15T18:13:32.801963,Recipe_B,610592ff-dcbe-4f1d-8eb4-f593c5d7ac78,2,5.0,,,,11.66,9.39,12.03,7.89,8.38,11.97
2025-12-15T18:13:33.801963,Recipe_B,610592ff-dcbe-4f1d-8eb4-f593c5d7ac78,2,5.0,,,,11.88,8.22,14.13,9.08,8.53,8.71
2025-12-15T18:13:34.801963,Recipe_B,610592ff-dcbe-4f1d-8eb4-f593c5d7ac78,2,5.0,,,,5.83,13.99,12.01,8.87,10.4,10.75
2025-12-15T18:13:35.801963,Recipe_B,610592ff-dcbe-4f1d-8eb4-f593c5d7ac78,2,5.0,,,,8.34,10.51,10.32,8.95,8.75,8.57
2025-12-15T18:13:36.801963,Recipe_B,610592ff-dcbe-4f1d-8eb4-f593c5d7ac78,2,5.0,,,,8.6,9.23,8.32,8.93,9.72,14.64
2025-12-15T18:13:37.801963,Recipe_B,610592ff-dcbe-4f1d-8eb4-f593c5d7ac78,2,5.0,,,,10.92,8.79,8.43,12.33,10.92,9.12
2025-12-15T18:13:38.801963,Recipe_B,610592ff-dcbe-4f1d-8eb4-f593c5d7ac78,2,5.0,,,,9.12,12.57,7.69,10.79,12.29,10.91
2025-12-15T18:13:39.801963,Recipe_B,610592ff-dcbe-4f1d-8eb4-f593c5d7ac78,2,5.0,,,,9.35,8.06,10.53,13.04,12.29,13.83
2025-12-15T18:13:40.801963,Recipe_B,610592ff-dcbe-4f1d-8eb4-f593c5d7ac78,2,5.0,,,,6.72,9.92,14.24,10.85,10.6,8.29
2025-12-15T18:13:41.801963,Recipe_B,610592ff-dcbe-4f1d-8eb4-f593c5d7ac78,2,5.0,,,,8.05,10.83,10.48,10.58,9.87,10.15
2025-12-15T18:13:42.801963,Recipe_B,610592ff-dcbe-4f1d-8eb4-f593c5d7ac78,2,5.0,,,,10.62,14.13,11.42,10.46,7.98,9.76
2025-12-15T18:13:43.801963,Recipe_B,610592ff-dcbe-4f1d-8eb4-f593c5d7ac78,2,0.0,,,,0.0,0.0,0.0,0.0,0.0,0.0
2025-12-15T18:13:44.801963,Recipe_B,610592ff-dcbe-4f1d-8eb4-f593c5d7ac78,2,0.0,,,,0.0,0.0,0.0,0.0,0.0,0.0
2025-12-15T18:13:45.801963,Recipe_B,610592ff-dcbe-4f1d-8eb4-f593c5d7ac78,2,0.0,,,,0.0,0.0,0.0,0.0,0.0,0.0
2025-12-15T18:13:46.801963,Recipe_B,610592ff-dcbe-4f1d-8eb4-f593c5d7ac78,2,0.0,,,,0.0,0.0,0.0,0.0,0.0,0.0
2025-12-15T18:13:47.801963,Recipe_B,610592ff-dcbe-4f1d-8eb4-f593c5d7ac78,2,0.0,,,,0.0,0.0,0.0,0.0,0.0,0.0
2025-12-15T18:13:48.801963,Recipe_B,610592ff-dcbe-4f1d-8eb4-f593c5d7ac78,2,0.0,,,,0.0,0.0,0.0,0.0,0.0,0.0
2025-12-15T18:13:49.801963,Recipe_B,610592ff-dcbe-4f1d-8eb4-f593c5d7ac78,2,0.0,,,,0.0,0.0,0.0,0.0,0.0,0.0
2025-12-15T18:13:50.801963,Recipe_B,610592ff-dcbe-4f1d-8eb4-f593c5d7ac78,2,0.0,,,,0.0,0.0,0.0,0.0,0.0,0.0
2025-12-15T18:13:51.801963,Recipe_B,610592ff-dcbe-4f1d-8eb4-f593c5d7ac78,2,0.0,,,,0.0,0.0,0.0,0.0,0.0,0.0
2025-12-15T18:13:52.801963,Recipe_B,610592ff-dcbe-4f1d-8eb4-f593c5d7ac78,2,0.0,,,,0.0,0.0,0.0,0.0,0.0,0.0
2025-12-15T18:13:53.801963,Recipe_B,610592ff-dcbe-4f1d-8eb4-f593c5d7ac78,2,0.0,,,,0.0,0.0,0.0,0.0,0.0,0.0
2025-12-15T18:13:54.801963,Recipe_B,610592ff-dcbe-4f1d-8eb4-f593c5d7ac78,2,0.0,,,,0.0,0.0,0.0,0.0,0.0,0.0
2025-12-15T18:13:55.801963,Recipe_B,610592ff-dcbe-4f1d-8eb4-f593c5d7ac78,2,0.0,,,,0.0,0.0,0.0,0.0,0.0,0.0
2025-12-15T18:13:56.801963,Recipe_B,610592ff-dcbe-4f1d-8eb4-f593c5d7ac78,2,0.0,,,,0.0,0.0,0.0,0.0,0.0,0.0
2025-12-15T18:13:57.801963,Recipe_B,610592ff-dcbe-4f1d-8eb4-f593c5d7ac78,2,0.0,,,,0.0,0.0,0.0,0.0,0.0,0.0
2025-12-15T18:13:58.801963,Recipe_B,610592ff-dcbe-4f1d-8eb4-f593c5d7ac78,2,0.0,,,,0.0,0.0,0.0,0.0,0.0,0.0
2025-12-15T18:13:59.801963,Recipe_B,610592ff-dcbe-4f1d-8eb4-f593c5d7ac78,2,0.0,,,,0.0,0.0,0.0,0.0,0.0,0.0
2025-12-15T18:14:00.801963,Recipe_B,610592ff-dcbe-4f1d-8eb4-f593c5d7ac78,2,0.0,,,,0.0,0.0,0.0,0.0,0.0,0.0
2025-12-15T18:14:01.801963,Recipe_B,610592ff-dcbe-4f1d-8eb4-f593c5d7ac78,2,0.0,,,,0.0,0.0,0.0,0.0,0.0,0.0
2025-12-15T18:14:02.801963,Recipe_B,610592ff-dcbe-4f1d-8eb4-f593c5d7ac78,2,0.0,,,,0.0,0.0,0.0,0.0,0.0,0.0
2025-12-15T18:14:03.801963,Recipe_B,610592ff-dcbe-4f1d-8eb4-f593c5d7ac78,2,0.0,,,,0.0,0.0,0.0,0.0,0.0,0.0
2025-12-15T18:14:04.801963,Recipe_B,610592ff-dcbe-4f1d-8eb4-f593c5d7ac78,2,0.0,,,,0.0,0.0,0.0,0.0,0.0,0.0
2025-12-15T18:14:05.801963,Recipe_B,610592ff-dcbe-4f1d-8eb4-f593c5d7ac78,2,0.0,,,,0.0,0.0,0.0,0.0,0.0,0.0
2025-12-15T18:14:06.801963,Recipe_B,610592ff-dcbe-4f1d-8eb4-f593c5d7ac78,2,0.0,,,,0.0,0.0,0.0,0.0,0.0,0.0
2025-12-15T18:14:07.801963,Recipe_B,610592ff-dcbe-4f1d-8eb4-f593c5d7ac78,2,0.0,,,,0.0,0.0,0.0,0.0,0.0,0.0
2025-12-15T18:14:08.801963,Recipe_B,610592ff-dcbe-4f1d-8eb4-f593c5d7ac78,2,0.0,,,,0.0,0.0,0.0,0.0,0.0,0.0
2025-12-15T18:14:09.801963,Recipe_B,610592ff-dcbe-4f1d-8eb4-f593c5d7ac78,2,0.0,,,,0.0,0.0,0.0,0.0,0.0,0.0
2025-12-15T18:14:10.801963,Recipe_B,610592ff-dcbe-4f1d-8eb4-f593c5d7ac78,2,0.0,,,,0.0,0.0,0.0,0.0,0.0,0.0
2025-12-15T18:14:11.801963,Recipe_B,610592ff-dcbe-4f1d-8eb4-f593c5d7ac78,2,0.0,,,,0.0,0.0,0.0,0.0,0.0,0.0
2025-12-15T18:14:12.801963,Recipe_B,610592ff-dcbe-4f1d-8eb4-f593c5d7ac78,2,2.0,,,,11.15,9.78,7.64,9.65,11.13,10.02
2025-12-15T18:14:13.801963,Recipe_B,610592ff-dcbe-4f1d-8eb4-f593c5d7ac78,2,2.0,,,,8.47,11.41,9.42,11.55,6.03,12.31
2025-12-15T18:14:14.801963,Recipe_B,610592ff-dcbe-4f1d-8eb4-f593c5d7ac78,2,2.0,,,,9.6,14.48,11.51,8.9,10.53,10.67
2025-12-15T18:14:15.801963,Recipe_B,610592ff-dcbe-4f1d-8eb4-f593c5d7ac78,2,2.0,,,,8.71,8.12,9.02,12.48,9.77,11.44
2025-12-15T18:14:16.801963,Recipe_B,610592ff-dcbe-4f1d-8eb4-f593c5d7ac78,2,2.0,,,,9.82,11.23,10.3,11.11,10.78,11.17
2025-12-15T18:14:17.801963,Recipe_B,610592ff-dcbe-4f1d-8eb4-f593c5d7ac78,2,2.0,,,,8.7,7.64,11.04,11.2,8.86,10.51
2025-12-15T18:14:18.801963,Recipe_B,610592ff-dcbe-4f1d-8eb4-f593c5d7ac78,2,0.0,,,,0.0,0.0,0.0,0.0,0.0,0.0
2025-12-15T18:14:19.801963,Recipe_B,610592ff-dcbe-4f1d-8eb4-f593c5d7ac78,2,0.0,,,,0.0,0.0,0.0,0.0,0.0,0.0
2025-12-15T18:14:20.801963,Recipe_B,610592ff-dcbe-4f1d-8eb4-f593c5d7ac78,2,0.0,,,,0.0,0.0,0.0,0.0,0.0,0.0
2025-12-15T18:14:21.801963,Recipe_B,610592ff-dcbe-4f1d-8eb4-f593c5d7ac78,2,2.0,,,,10.21,8.13,9.53,10.03,11.57,10.64
2025-12-15T18:14:22.801963,Recipe_B,610592ff-dcbe-4f1d-8eb4-f593c5d7ac78,2,2.0,,,,11.12,9.82,9.22,4.91,11.56,8.6
2025-12-15T18:14:23.801963,Recipe_B,610592ff-dcbe-4f1d-8eb4-f593c5d7ac78,2,2.0,,,,9.52,10.93,11.75,8.83,5.88,13.31
2025-12-15T18:14:24.801963,Recipe_B,610592ff-dcbe-4f1d-8eb4-f593c5d7ac78,2,2.0,,,,11.99,10.16,7.7,7.75,10.25,9.23
2025-12-15T18:14:25.801963,Recipe_B,610592ff-dcbe-4f1d-8eb4-f593c5d7ac78,2,2.0,,,,12.11,9.69,11.08,10.72,9.09,8.02
2025-12-15T18:14:26.801963,Recipe_B,610592ff-dcbe-4f1d-8eb4-f593c5d7ac78,2,2.0,,,,11.16,15.1,7.69,9.59,9.14,7.05
2025-12-15T18:14:27.801963,Recipe_B,610592ff-dcbe-4f1d-8eb4-f593c5d7ac78,2,2.0,,,,7.9,11.2,12.25,6.92,9.22,12.22
2025-12-15T18:14:28.801963,Recipe_B,610592ff-dcbe-4f1d-8eb4-f593c5d7ac78,2,2.0,,,,8.2,8.26,10.81,11.4,10.93,8.04
2025-12-15T18:14:29.801963,Recipe_B,610592ff-dcbe-4f1d-8eb4-f593c5d7ac78,2,2.0,,,,11.72,10.66,10.3,7.71,9.53,12.82
2025-12-15T18:14:30.801963,Recipe_B,610592ff-dcbe-4f1d-8eb4-f593c5d7ac78,2,2.0,,,,9.86,10.4,12.07,14.57,11.43,11.85
2025-12-15T18:14:31.801963,Recipe_B,610592ff-dcbe-4f1d-8eb4-f593c5d7ac78,2,5.0,,,,10.14,9.92,8.77,10.59,7.91,11.91
2025-12-15T18:14:32.801963,Recipe_B,610592ff-dcbe-4f1d-8eb4-f593c5d7ac78,2,5.0,,,,9.55,10.87,7.83,9.2,5.82,7.94
2025-12-15T18:14:33.801963,Recipe_B,610592ff-dcbe-4f1d-8eb4-f593c5d7ac78,2,5.0,,,,8.94,7.7,8.63,11.5,12.27,10.36
2025-12-15T18:14:34.801963,Recipe_B,610592ff-dcbe-4f1d-8eb4-f593c5d7ac78,2,5.0,,,,10.6,10.58,6.33,7.46,11.35,10.24
2025-12-15T18:14:35.801963,Recipe_B,610592ff-dcbe-4f1d-8eb4-f593c5d7ac78,2,5.0,,,,8.59,11.72,11.56,5.75,10.8,7.88
2025-12-15T18:14:36.801963,Recipe_B,610592ff-dcbe-4f1d-8eb4-f593c5d7ac78,2,5.0,,,,9.19,13.89,14.75,9.72,9.68,12.49
2025-12-15T18:14:37.801963,Recipe_B,610592ff-dcbe-4f1d-8eb4-f593c5d7ac78,2,5.0,,,,8.52,10.59,8.37,9.84,12.28,8.59
2025-12-15T18:14:38.801963,Recipe_B,610592ff-dcbe-4f1d-8eb4-f593c5d7ac78,2,5.0,,,,11.91,8.69,10.17,6.32,9.32,5.85
2025-12-15T18:14:39.801963,Recipe_B,610592ff-dcbe-4f1d-8eb4-f593c5d7ac78,2,5.0,,,,10.79,8.48,11.16,7.84,13.18,8.71
2025-12-15T18:14:40.801963,Recipe_B,610592ff-dcbe-4f1d-8eb4-f593c5d7ac78,2,5.0,,,,9.45,8.49,9.67,9.05,9.52,11.92
2025-12-15T18:14:41.801963,Recipe_B,610592ff-dcbe-4f1d-8eb4-f593c5d7ac78,2,5.0,,,,10.7,10.32,9.52,8.29,9.74,6.19
2025-12-15T18:14:42.801963,Recipe_B,610592ff-dcbe-4f1d-8eb4-f593c5d7ac78,2,5.0,,,,8.62,6.49,9.76,11.19,11.86,9.81
2025-12-15T18:14:43.801963,Recipe_B,610592ff-dcbe-4f1d-8eb4-f593c5d7ac78,2,5.0,,,,10.05,11.19,4.42,10.7,9.6,10.92
2025-12-15T18:14:44.801963,Recipe_B,610592ff-dcbe-4f1d-8eb4-f593c5d7ac78,2,5.0,,,,8.51,9.98,4.71,9.08,9.9,9.35
2025-12-15T18:14:45.801963,Recipe_B,610592ff-dcbe-4f1d-8eb4-f593c5d7ac78,2,5.0,,,,10.97,9.81,11.48,9.74,12.19,9.96
2025-12-15T18:14:46.801963,Recipe_B,610592ff-dcbe-4f1d-8eb4-f593c5d7ac78,2,5.0,,,,7.53,11.14,7.92,13.83,7.96,8.09
2025-12-15T18:14:47.801963,Recipe_B,610592ff-dcbe-4f1d-8eb4-f593c5d7ac78,2,5.0,,,,6.46,12.27,10.13,7.68,8.0,6.86
2025-12-15T18:14:48.801963,Recipe_B,610592ff-dcbe-4f1d-8eb4-f593c5d7ac78,2,5.0,,,,8.09,10.19,9.44,8.25,11.13,13.2
2025-12-15T18:14:49.801963,Recipe_B,610592ff-dcbe-4f1d-8eb4-f593c5d7ac78,2,5.0,,,,11.77,6.91,9.12,10.29,12.39,7.34
2025-12-15T18:14:50.801963,Recipe_B,610592ff-dcbe-4f1d-8eb4-f593c5d7ac78,2,5.0,,,,9.9,7.68,9.23,9.06,9.38,4.9
2025-12-15T18:14:51.801963,Recipe_B,610592ff-dcbe-4f1d-8eb4-f593c5d7ac78,2,5.0,,,,10.38,8.4,7.62,12.37,9.16,11.52
2025-12-15T18:14:52.801963,Recipe_B,610592ff-dcbe-4f1d-8eb4-f593c5d7ac78,2,5.0,,,,7.88,7.59,10.21,10.66,10.18,11.53
2025-12-15T18:14:53.801963,Recipe_B,610592ff-dcbe-4f1d-8eb4-f593c5d7ac78,2,5.0,,,,13.09,14.73,7.98,11.43,8.41,7.24
2025-12-15T18:14:54.801963,Recipe_B,610592ff-dcbe-4f1d-8eb4-f593c5d7ac78,2,5.0,,,,11.58,10.82,9.12,9.49,10.97,10.75
2025-12-15T18:14:55.801963,Recipe_B,610592ff-dcbe-4f1d-8eb4-f593c5d7ac78,2,5.0,,,,10.86,8.35,8.1,7.9,12.32,10.98
2025-12-15T18:14:56.801963,Recipe_B,610592ff-dcbe-4f1d-8eb4-f593c5d7ac78,2,5.0,,,,11.6,11.33,10.23,8.77,9.32,8.33
2025-12-15T18:14:57.801963,Recipe_B,610592ff-dcbe-4f1d-8eb4-f593c5d7ac78,2,5.0,,,,12.25,7.74,16.57,7.65,7.65,6.4
2025-12-15T18:14:58.801963,Recipe_B,610592ff-dcbe-4f1d-8eb4-f593c5d7ac78,2,5.0,,,,9.2,10.37,13.04,11.28,9.8,9.47
2025-12-15T18:14:59.801963,Recipe_B,610592ff-dcbe-4f1d-8eb4-f593c5d7ac78,2,5.0,,,,12.39,9.79,8.13,12.97,9.7,10.06
2025-12-15T18:15:00.801963,Recipe_B,610592ff-dcbe-4f1d-8eb4-f593c5d7ac78,2,5.0,,,,13.24,10.98,10.04,8.73,6.69,6.76
2025-12-15T18:15:01.801963,Recipe_B,610592ff-dcbe-4f1d-8eb4-f593c5d7ac78,2,5.0,,,,10.14,8.92,6.51,11.84,9.73,10.82
2025-12-15T18:15:02.801963,Recipe_B,610592ff-dcbe-4f1d-8eb4-f593c5d7ac78,2,5.0,,,,11.29,10.97,11.7,11.45,9.39,12.37
2025-12-15T18:15:03.801963,Recipe_B,610592ff-dcbe-4f1d-8eb4-f593c5d7ac78,2,5.0,,,,9.72,10.2,15.53,10.63,9.98,11.57
2025-12-15T18:15:04.801963,Recipe_B,610592ff-dcbe-4f1d-8eb4-f593c5d7ac78,2,5.0,,,,8.17,9.33,8.55,9.01,12.23,10.16
2025-12-15T18:15:04.801963,Recipe_B,610592ff-dcbe-4f1d-8eb4-f593c5d7ac78,2,5.0,Warning_9,Simulated Warning occurred,Warning,,,,,,
2025-12-15T18:15:05.801963,Recipe_B,610592ff-dcbe-4f1d-8eb4-f593c5d7ac78,2,5.0,,,,13.3,9.69,10.47,8.27,7.95,7.9
2025-12-15T18:15:06.801963,Recipe_B,610592ff-dcbe-4f1d-8eb4-f593c5d7ac78,2,5.0,,,,11.99,11.54,8.76,11.45,10.25,11.95
2025-12-15T18:15:07.801963,Recipe_B,610592ff-dcbe-4f1d-8eb4-f593c5d7ac78,2,5.0,,,,7.18,9.29,12.44,12.23,10.42,9.46
2025-12-15T18:15:08.801963,Recipe_B,610592ff-dcbe-4f1d-8eb4-f593c5d7ac78,2,5.0,,,,7.62,12.39,10.12,10.3,9.49,8.76
2025-12-15T18:15:09.801963,Recipe_B,610592ff-dcbe-4f1d-8eb4-f593c5d7ac78,2,5.0,,,,9.25,6.36,10.68,9.3,9.47,14.18
2025-12-15T18:15:10.801963,Recipe_B,610592ff-dcbe-4f1d-8eb4-f593c5d7ac78,2,5.0,,,,11.64,7.85,8.47,10.82,5.3,9.86
2025-12-15T18:15:11.801963,Recipe_B,610592ff-dcbe-4f1d-8eb4-f593c5d7ac78,2,5.0,,,,9.34,12.18,12.12,12.53,10.4,11.97
2025-12-15T18:15:12.801963,Recipe_B,610592ff-dcbe-4f1d-8eb4-f593c5d7ac78,2,5.0,,,,12.13,9.83,9.85,11.67,9.82,9.57
2025-12-15T18:15:13.801963,Recipe_B,610592ff-dcbe-4f1d-8eb4-f593c5d7ac78,2,5.0,,,,10.22,8.46,8.7,9.91,6.58,9.97
2025-12-15T18:15:14.801963,Recipe_B,610592ff-dcbe-4f1d-8eb4-f593c5d7ac78,2,5.0,,,,9.79,8.29,7.62,5.86,10.46,10.61
2025-12-15T18:15:15.801963,Recipe_B,610592ff-dcbe-4f1d-8eb4-f593c5d7ac78,2,5.0,,,,9.75,8.24,7.98,7.96,8.12,9.76
2025-12-15T18:15:16.801963,Recipe_B,610592ff-dcbe-4f1d-8eb4-f593c5d7ac78,2,5.0,,,,12.91,8.35,8.29,14.07,8.07,9.59
2025-12-15T18:15:17.801963,Recipe_B,610592ff-dcbe-4f1d-8eb4-f593c5d7ac78,2,5.0,,,,7.77,12.64,13.35,11.0,9.37,10.45
2025-12-15T18:15:18.801963,Recipe_B,610592ff-dcbe-4f1d-8eb4-f593c5d7ac78,2,5.0,,,,8.78,9.62,10.77,7.69,10.52,12.21
2025-12-15T18:15:19.801963,Recipe_B,610592ff-dcbe-4f1d-8eb4-f593c5d7ac78,2,5.0,,,,9.79,8.21,10.99,10.19,8.29,6.83
2025-12-15T18:15:20.801963,Recipe_B,610592ff-dcbe-4f1d-8eb4-f593c5d7ac78,2,5.0,,,,7.84,9.38,9.63,5.58,9.15,9.54
2025-12-15T18:15:21.801963,Recipe_B,610592ff-dcbe-4f1d-8eb4-f593c5d7ac78,2,5.0,,,,11.62,10.27,9.89,10.54,10.71,12.27
2025-12-15T18:15:22.801963,Recipe_B,610592ff-dcbe-4f1d-8eb4-f593c5d7ac78,2,5.0,,,,11.02,10.49,9.61,7.14,5.97,10.93
2025-12-15T18:15:23.801963,Recipe_B,610592ff-dcbe-4f1d-8eb4-f593c5d7ac78,2,5.0,,,,8.34,8.65,6.56,9.18,11.41,8.15
2025-12-15T18:15:24.801963,Recipe_B,610592ff-dcbe-4f1d-8eb4-f593c5d7ac78,2,5.0,,,,14.47,11.91,11.36,8.47,13.57,12.44
2025-12-15T18:15:25.801963,Recipe_B,610592ff-dcbe-4f1d-8eb4-f593c5d7ac78,2,5.0,,,,7.87,8.69,10.09,7.35,10.54,4.33
2025-12-15T18:15:26.801963,Recipe_B,610592ff-dcbe-4f1d-8eb4-f593c5d7ac78,2,5.0,,,,8.3,7.53,9.62,9.89,8.68,7.1
2025-12-15T18:15:27.801963,Recipe_B,610592ff-dcbe-4f1d-8eb4-f593c5d7ac78,2,5.0,,,,10.02,11.8,13.94,6.52,11.19,10.67
2025-12-15T18:15:28.801963,Recipe_B,610592ff-dcbe-4f1d-8eb4-f593c5d7ac78,2,5.0,,,,9.86,7.82,10.29,8.54,12.47,5.21
2025-12-15T18:15:29.801963,Recipe_B,610592ff-dcbe-4f1d-8eb4-f593c5d7ac78,2,5.0,,,,11.45,13.94,9.06,8.55,13.23,8.71
2025-12-15T18:15:30.801963,Recipe_B,610592ff-dcbe-4f1d-8eb4-f593c5d7ac78,2,5.0,,,,13.14,4.98,9.46,11.83,7.79,8.86
2025-12-15T18:15:31.801963,Recipe_B,610592ff-dcbe-4f1d-8eb4-f593c5d7ac78,2,5.0,,,,8.32,12.13,11.89,10.46,11.47,9.06
2025-12-15T18:15:31.801963,Recipe_B,610592ff-dcbe-4f1d-8eb4-f593c5d7ac78,2,5.0,Warning_4,Simulated Warning occurred,Warning,,,,,,
2025-12-15T18:15:32.801963,Recipe_B,610592ff-dcbe-4f1d-8eb4-f593c5d7ac78,2,5.0,,,,11.71,8.41,9.33,13.64,7.22,9.97
2025-12-15T18:15:33.801963,Recipe_B,610592ff-dcbe-4f1d-8eb4-f593c5d7ac78,2,5.0,,,,9.68,8.99,9.85,7.31,12.43,8.08
2025-12-15T18:15:33.801963,Recipe_B,610592ff-dcbe-4f1d-8eb4-f593c5d7ac78,2,5.0,Error_9,Simulated Error occurred,Error,,,,,,
2025-12-15T18:15:34.801963,Recipe_B,610592ff-dcbe-4f1d-8eb4-f593c5d7ac78,2,5.0,,,,10.2,12.48,11.81,7.83,10.75,9.5
2025-12-15T18:15:35.801963,Recipe_B,610592ff-dcbe-4f1d-8eb4-f593c5d7ac78,2,5.0,,,,10.41,15.73,11.36,10.53,12.67,7.61
2025-12-15T18:15:36.801963,Recipe_B,610592ff-dcbe-4f1d-8eb4-f593c5d7ac78,2,5.0,,,,10.83,9.8,10.7,7.74,8.17,7.52
2025-12-15T18:15:37.801963,Recipe_B,610592ff-dcbe-4f1d-8eb4-f593c5d7ac78,2,5.0,,,,10.75,8.54,7.58,12.85,9.47,10.2
2025-12-15T18:15:38.801963,Recipe_B,610592ff-dcbe-4f1d-8eb4-f593c5d7ac78,2,5.0,,,,11.09,10.36,10.75,10.75,9.72,11.28
2025-12-15T18:15:39.801963,Recipe_B,610592ff-dcbe-4f1d-8eb4-f593c5d7ac78,2,5.0,,,,10.28,7.35,13.48,9.73,11.56,10.35
2025-12-15T18:15:40.801963,Recipe_B,610592ff-dcbe-4f1d-8eb4-f593c5d7ac78,2,5.0,,,,6.32,9.06,9.14,8.37,10.3,11.87
2025-12-15T18:15:41.801963,Recipe_B,610592ff-dcbe-4f1d-8eb4-f593c5d7ac78,2,5.0,,,,7.77,9.76,7.49,9.8,8.91,12.82
2025-12-15T18:15:42.801963,Recipe_B,610592ff-dcbe-4f1d-8eb4-f593c5d7ac78,2,5.0,,,,10.09,11.63,8.2,9.11,7.53,11.62
2025-12-15T18:15:43.801963,Recipe_B,610592ff-dcbe-4f1d-8eb4-f593c5d7ac78,2,5.0,,,,8.99,11.12,8.52,11.81,11.29,11.13
2025-12-15T18:15:44.801963,Recipe_B,610592ff-dcbe-4f1d-8eb4-f593c5d7ac78,2,5.0,,,,7.78,8.25,10.91,10.16,6.74,9.65
2025-12-15T18:15:45.801963,Recipe_B,610592ff-dcbe-4f1d-8eb4-f593c5d7ac78,2,5.0,,,,10.9,8.15,10.53,8.8,10.66,12.07
2025-12-15T18:15:46.801963,Recipe_B,610592ff-dcbe-4f1d-8eb4-f593c5d7ac78,2,5.0,,,,11.89,11.69,14.3,8.48,13.63,11.4
2025-12-15T18:15:47.801963,Recipe_B,610592ff-dcbe-4f1d-8eb4-f593c5d7ac78,2,5.0,,,,11.94,7.57,10.91,10.12,10.39,12.95
2025-12-15T18:15:48.801963,Recipe_B,610592ff-dcbe-4f1d-8eb4-f593c5d7ac78,2,5.0,,,,4.52,12.71,10.07,6.33,9.25,10.95
2025-12-15T18:15:49.801963,Recipe_B,610592ff-dcbe-4f1d-8eb4-f593c5d7ac78,2,4.0,,,,99.28,49.32,47.47,34.45,51.75,52.25
2025-12-15T18:15:50.801963,Recipe_B,610592ff-dcbe-4f1d-8eb4-f593c5d7ac78,2,4.0,,,,95.66,40.73,54.73,47.14,51.28,51.0
2025-12-15T18:15:51.801963,Recipe_B,610592ff-dcbe-4f1d-8eb4-f593c5d7ac78,2,4.0,,,,93.48,47.95,48.44,41.18,43.17,49.67
2025-12-15T18:15:52.801963,Recipe_B,610592ff-dcbe-4f1d-8eb4-f593c5d7ac78,2,2.0,,,,6.92,8.55,8.93,12.71,12.44,11.51
2025-12-15T18:15:53.801963,Recipe_B,610592ff-dcbe-4f1d-8eb4-f593c5d7ac78,2,2.0,,,,10.98,9.42,9.0,7.14,9.95,8.25
2025-12-15T18:15:54.801963,Recipe_B,610592ff-dcbe-4f1d-8eb4-f593c5d7ac78,2,2.0,,,,8.7,13.74,8.36,8.66,12.48,10.6
2025-12-15T18:15:55.801963,Recipe_B,610592ff-dcbe-4f1d-8eb4-f593c5d7ac78,2,2.0,,,,9.01,12.21,7.89,10.31,14.39,4.7
2025-12-15T18:15:56.801963,Recipe_B,610592ff-dcbe-4f1d-8eb4-f593c5d7ac78,2,2.0,,,,10.95,10.45,9.87,7.92,10.1,10.74
2025-12-15T18:15:57.801963,Recipe_B,610592ff-dcbe-4f1d-8eb4-f593c5d7ac78,2,2.0,,,,10.8,7.71,6.87,7.86,7.06,9.64
2025-12-15T18:15:58.801963,Recipe_B,610592ff-dcbe-4f1d-8eb4-f593c5d7ac78,2,2.0,,,,10.31,11.27,10.15,10.56,8.11,8.42
2025-12-15T18:15:59.801963,Recipe_B,610592ff-dcbe-4f1d-8eb4-f593c5d7ac78,2,2.0,,,,9.19,9.06,7.64,11.63,9.08,10.2
2025-12-15T18:16:00.801963,Recipe_B,610592ff-dcbe-4f1d-8eb4-f593c5d7ac78,2,2.0,,,,9.88,12.24,11.73,7.42,9.65,10.38
2025-12-15T18:16:01.801963,Recipe_B,610592ff-dcbe-4f1d-8eb4-f593c5d7ac78,2,2.0,,,,9.7,8.08,10.06,10.05,5.87,9.21
2025-12-15T18:16:02.801963,Recipe_B,610592ff-dcbe-4f1d-8eb4-f593c5d7ac78,2,2.0,,,,8.63,12.89,10.83,13.84,11.5,12.2
2025-12-15T18:16:03.801963,Recipe_B,610592ff-dcbe-4f1d-8eb4-f593c5d7ac78,2,2.0,,,,9.75,10.92,7.87,7.2,10.76,9.02
2025-12-15T18:16:04.801963,Recipe_B,610592ff-dcbe-4f1d-8eb4-f593c5d7ac78,2,2.0,,,,11.79,7.34,9.67,7.85,6.84,10.21
2025-12-15T18:16:05.801963,Recipe_B,610592ff-dcbe-4f1d-8eb4-f593c5d7ac78,2,2.0,,,,9.66,10.81,9.59,8.11,8.26,9.39
2025-12-15T18:16:06.801963,Recipe_B,610592ff-dcbe-4f1d-8eb4-f593c5d7ac78,2,2.0,,,,8.4,7.2,10.31,12.69,8.43,10.44
2025-12-15T18:16:07.801963,Recipe_B,610592ff-dcbe-4f1d-8eb4-f593c5d7ac78,2,2.0,,,,12.58,10.8,10.8,11.07,11.04,8.32
2025-12-15T18:16:08.801963,Recipe_B,610592ff-dcbe-4f1d-8eb4-f593c5d7ac78,2,2.0,,,,7.13,9.29,10.33,9.61,9.53,9.62
2025-12-15T18:16:09.801963,Recipe_B,610592ff-dcbe-4f1d-8eb4-f593c5d7ac78,2,2.0,,,,10.36,10.79,11.15,7.53,9.52,9.78
2025-12-15T18:16:10.801963,Recipe_B,610592ff-dcbe-4f1d-8eb4-f593c5d7ac78,2,2.0,,,,8.48,9.1,11.85,11.84,11.48,12.23
2025-12-15T18:16:11.801963,Recipe_B,610592ff-dcbe-4f1d-8eb4-f593c5d7ac78,2,2.0,,,,8.23,12.81,12.48,10.14,11.8,11.16
2025-12-15T18:16:12.801963,Recipe_B,610592ff-dcbe-4f1d-8eb4-f593c5d7ac78,2,2.0,,,,12.69,12.78,8.1,8.97,5.69,11.54
2025-12-15T18:16:13.801963,Recipe_B,610592ff-dcbe-4f1d-8eb4-f593c5d7ac78,2,2.0,,,,8.9,8.47,9.67,8.85,8.18,10.08
2025-12-15T18:16:14.801963,Recipe_B,610592ff-dcbe-4f1d-8eb4-f593c5d7ac78,2,2.0,,,,13.46,4.36,9.88,10.79,8.88,7.17
2025-12-15T18:16:15.801963,Recipe_B,610592ff-dcbe-4f1d-8eb4-f593c5d7ac78,2,2.0,,,,10.75,9.69,13.14,7.64,10.88,9.07
2025-12-15T18:16:16.801963,Recipe_B,610592ff-dcbe-4f1d-8eb4-f593c5d7ac78,2,2.0,,,,11.22,10.44,10.47,13.71,9.96,9.88
2025-12-15T18:16:17.801963,Recipe_B,610592ff-dcbe-4f1d-8eb4-f593c5d7ac78,2,2.0,,,,6.47,11.21,10.84,10.19,9.33,12.83
2025-12-15T18:16:18.801963,Recipe_B,610592ff-dcbe-4f1d-8eb4-f593c5d7ac78,2,2.0,,,,8.35,7.99,6.22,9.68,11.59,6.78
2025-12-15T18:16:19.801963,Recipe_B,610592ff-dcbe-4f1d-8eb4-f593c5d7ac78,2,2.0,,,,12.7,10.44,7.92,7.69,13.89,12.4
2025-12-15T18:16:20.801963,Recipe_B,610592ff-dcbe-4f1d-8eb4-f593c5d7ac78,2,2.0,,,,5.23,10.46,12.01,9.41,8.07,13.0
2025-12-15T18:16:21.801963,Recipe_B,610592ff-dcbe-4f1d-8eb4-f593c5d7ac78,2,2.0,,,,10.01,7.58,10.7,10.41,8.82,7.32
2025-12-15T18:16:22.801963,Recipe_B,610592ff-dcbe-4f1d-8eb4-f593c5d7ac78,2,2.0,,,,7.24,10.42,8.67,8.4,8.17,13.24
2025-12-15T18:16:23.801963,Recipe_B,610592ff-dcbe-4f1d-8eb4-f593c5d7ac78,2,2.0,,,,11.55,9.3,11.69,8.38,8.98,8.84
2025-12-15T18:16:24.801963,Recipe_B,610592ff-dcbe-4f1d-8eb4-f593c5d7ac78,2,2.0,,,,12.88,11.83,8.28,12.08,6.77,9.16
2025-12-15T18:16:25.801963,Recipe_B,610592ff-dcbe-4f1d-8eb4-f593c5d7ac78,2,2.0,,,,15.1,11.69,11.73,9.66,9.62,7.78
2025-12-15T18:16:26.801963,Recipe_B,610592ff-dcbe-4f1d-8eb4-f593c5d7ac78,2,2.0,,,,8.61,10.45,9.97,9.41,9.07,8.09
2025-12-15T18:16:27.801963,Recipe_B,610592ff-dcbe-4f1d-8eb4-f593c5d7ac78,2,2.0,,,,8.33,10.02,8.54,10.32,6.83,7.81
2025-12-15T18:16:28.801963,Recipe_B,610592ff-dcbe-4f1d-8eb4-f593c5d7ac78,2,2.0,,,,11.61,9.37,8.99,9.48,11.7,9.36
2025-12-15T18:16:29.801963,Recipe_B,610592ff-dcbe-4f1d-8eb4-f593c5d7ac78,2,2.0,,,,9.67,7.46,11.89,8.88,10.3,9.33
2025-12-15T18:16:30.801963,Recipe_B,610592ff-dcbe-4f1d-8eb4-f593c5d7ac78,2,2.0,,,,12.52,10.38,7.99,11.6,12.0,10.03
2025-12-15T18:16:31.801963,Recipe_B,610592ff-dcbe-4f1d-8eb4-f593c5d7ac78,2,2.0,,,,9.7,8.45,10.5,10.94,9.28,4.85
2025-12-15T18:16:32.801963,Recipe_B,610592ff-dcbe-4f1d-8eb4-f593c5d7ac78,2,2.0,,,,8.28,8.94,9.7,12.92,9.5,8.54
2025-12-15T18:16:33.801963,Recipe_B,610592ff-dcbe-4f1d-8eb4-f593c5d7ac78,2,2.0,,,,8.5,8.35,6.86,8.13,10.59,11.86
2025-12-15T18:16:34.801963,Recipe_B,610592ff-dcbe-4f1d-8eb4-f593c5d7ac78,2,2.0,,,,8.56,11.97,14.55,9.65,11.58,12.36
2025-12-15T18:16:35.801963,Recipe_B,610592ff-dcbe-4f1d-8eb4-f593c5d7ac78,2,2.0,,,,11.1,8.03,12.67,6.4,10.17,10.35
2025-12-15T18:16:36.801963,Recipe_B,610592ff-dcbe-4f1d-8eb4-f593c5d7ac78,2,2.0,,,,11.72,8.68,9.6,7.84,9.77,10.19
2025-12-15T18:16:37.801963,Recipe_B,610592ff-dcbe-4f1d-8eb4-f593c5d7ac78,2,2.0,,,,5.22,11.85,7.98,7.89,9.56,11.67
2025-12-15T18:16:38.801963,Recipe_B,610592ff-dcbe-4f1d-8eb4-f593c5d7ac78,2,2.0,,,,9.56,7.61,8.5,13.65,8.84,10.64
2025-12-15T18:16:39.801963,Recipe_B,610592ff-dcbe-4f1d-8eb4-f593c5d7ac78,2,2.0,,,,10.71,9.3,7.07,11.03,11.89,10.41
2025-12-15T18:16:40.801963,Recipe_B,610592ff-dcbe-4f1d-8eb4-f593c5d7ac78,2,2.0,,,,10.69,9.89,8.6,9.27,10.65,11.5
2025-12-15T18:16:41.801963,Recipe_B,610592ff-dcbe-4f1d-8eb4-f593c5d7ac78,2,2.0,,,,6.88,5.97,6.58,10.69,8.48,10.66
2025-12-15T18:16:42.801963,Recipe_B,610592ff-dcbe-4f1d-8eb4-f593c5d7ac78,2,2.0,,,,10.84,8.24,9.92,8.46,6.98,10.54
2025-12-15T18:16:43.801963,Recipe_B,610592ff-dcbe-4f1d-8eb4-f593c5d7ac78,2,2.0,,,,11.64,7.74,10.28,12.33,8.99,6.88
2025-12-15T18:16:44.801963,Recipe_B,610592ff-dcbe-4f1d-8eb4-f593c5d7ac78,2,2.0,,,,8.68,12.1,10.36,11.54,8.59,8.61
2025-12-15T18:16:45.801963,Recipe_B,610592ff-dcbe-4f1d-8eb4-f593c5d7ac78,2,2.0,,,,10.47,6.71,9.71,8.29,8.68,11.82
2025-12-15T18:16:46.801963,Recipe_B,610592ff-dcbe-4f1d-8eb4-f593c5d7ac78,2,2.0,,,,8.55,11.26,9.96,9.91,11.39,12.98
2025-12-15T18:16:47.801963,Recipe_B,610592ff-dcbe-4f1d-8eb4-f593c5d7ac78,2,2.0,,,,11.18,10.99,10.42,10.66,10.37,13.28
2025-12-15T18:16:48.801963,Recipe_B,610592ff-dcbe-4f1d-8eb4-f593c5d7ac78,2,2.0,,,,9.5,8.85,10.17,7.11,8.87,13.7
2025-12-15T18:16:49.801963,Recipe_B,610592ff-dcbe-4f1d-8eb4-f593c5d7ac78,2,2.0,,,,13.57,7.28,13.36,7.31,11.15,13.81
2025-12-15T18:16:50.801963,Recipe_B,610592ff-dcbe-4f1d-8eb4-f593c5d7ac78,2,2.0,,,,9.45,8.84,7.82,8.7,10.55,10.09
2025-12-15T18:16:51.801963,Recipe_B,610592ff-dcbe-4f1d-8eb4-f593c5d7ac78,2,2.0,,,,8.44,6.54,9.93,10.23,9.17,10.51
2025-12-15T18:16:52.801963,Recipe_B,610592ff-dcbe-4f1d-8eb4-f593c5d7ac78,2,2.0,,,,7.88,9.96,9.55,7.0,7.12,8.15
2025-12-15T18:16:53.801963,Recipe_B,610592ff-dcbe-4f1d-8eb4-f593c5d7ac78,2,2.0,,,,11.02,10.09,8.07,11.77,12.31,6.06
2025-12-15T18:16:54.801963,Recipe_B,610592ff-dcbe-4f1d-8eb4-f593c5d7ac78,2,2.0,,,,7.2,7.63,8.67,13.36,6.31,10.18
2025-12-15T18:16:55.801963,Recipe_B,610592ff-dcbe-4f1d-8eb4-f593c5d7ac78,2,2.0,,,,10.01,12.18,7.59,11.69,8.11,9.37
2025-12-15T18:16:56.801963,Recipe_B,610592ff-dcbe-4f1d-8eb4-f593c5d7ac78,2,2.0,,,,10.37,11.4,9.38,9.96,15.83,10.74
2025-12-15T18:16:57.801963,Recipe_B,610592ff-dcbe-4f1d-8eb4-f593c5d7ac78,2,2.0,,,,9.66,13.51,9.42,7.02,10.38,14.97
2025-12-15T18:16:58.801963,Recipe_B,610592ff-dcbe-4f1d-8eb4-f593c5d7ac78,2,2.0,,,,9.19,10.35,13.05,8.48,11.06,13.95
2025-12-15T18:16:59.801963,Recipe_B,610592ff-dcbe-4f1d-8eb4-f593c5d7ac78,2,2.0,,,,14.59,8.56,12.99,12.05,7.41,9.18
2025-12-15T18:17:00.801963,Recipe_B,610592ff-dcbe-4f1d-8eb4-f593c5d7ac78,2,2.0,,,,13.84,9.01,5.51,7.41,10.65,7.91
2025-12-15T18:17:01.801963,Recipe_B,610592ff-dcbe-4f1d-8eb4-f593c5d7ac78,2,2.0,,,,10.77,9.36,14.62,11.2,12.51,8.83
2025-12-15T18:17:02.801963,Recipe_B,610592ff-dcbe-4f1d-8eb4-f593c5d7ac78,2,2.0,,,,10.81,9.78,7.37,7.21,11.29,12.06
2025-12-15T18:17:03.801963,Recipe_B,610592ff-dcbe-4f1d-8eb4-f593c5d7ac78,2,2.0,,,,6.7,8.47,8.85,9.47,12.44,7.3
2025-12-15T18:17:04.801963,Recipe_B,610592ff-dcbe-4f1d-8eb4-f593c5d7ac78,2,2.0,,,,7.81,12.45,10.63,8.25,8.94,5.71
2025-12-15T18:17:05.801963,Recipe_B,610592ff-dcbe-4f1d-8eb4-f593c5d7ac78,2,2.0,,,,4.83,10.61,11.6,9.8,7.65,11.16
2025-12-15T18:17:06.801963,Recipe_B,610592ff-dcbe-4f1d-8eb4-f593c5d7ac78,2,2.0,,,,12.42,11.81,12.22,13.02,11.76,12.0
2025-12-15T18:17:07.801963,Recipe_B,610592ff-dcbe-4f1d-8eb4-f593c5d7ac78,2,2.0,,,,7.53,11.27,8.97,10.93,13.52,9.96
2025-12-15T18:17:08.801963,Recipe_B,610592ff-dcbe-4f1d-8eb4-f593c5d7ac78,2,2.0,,,,10.05,11.22,11.84,8.94,11.25,9.95
2025-12-15T18:17:09.801963,Recipe_B,610592ff-dcbe-4f1d-8eb4-f593c5d7ac78,2,2.0,,,,7.75,13.66,7.3,6.69,11.67,8.54
2025-12-15T18:17:10.801963,Recipe_B,610592ff-dcbe-4f1d-8eb4-f593c5d7ac78,2,2.0,,,,8.18,11.07,12.66,8.23,7.71,8.74
2025-12-15T18:17:11.801963,Recipe_B,610592ff-dcbe-4f1d-8eb4-f593c5d7ac78,2,2.0,,,,11.96,10.34,10.13,12.59,10.1,5.76
2025-12-15T18:17:12.801963,Recipe_B,610592ff-dcbe-4f1d-8eb4-f593c5d7ac78,2,2.0,,,,9.81,12.02,10.97,8.95,13.3,5.7
2025-12-15T18:17:13.801963,Recipe_B,610592ff-dcbe-4f1d-8eb4-f593c5d7ac78,2,2.0,,,,7.76,9.33,9.61,10.46,7.02,6.61
2025-12-15T18:17:14.801963,Recipe_B,610592ff-dcbe-4f1d-8eb4-f593c5d7ac78,2,2.0,,,,11.28,11.8,11.51,7.59,8.81,8.61
2025-12-15T18:17:15.801963,Recipe_B,610592ff-dcbe-4f1d-8eb4-f593c5d7ac78,2,2.0,,,,7.2,9.76,9.19,5.05,9.09,11.66
2025-12-15T18:17:16.801963,Recipe_B,610592ff-dcbe-4f1d-8eb4-f593c5d7ac78,2,2.0,,,,11.38,11.84,14.2,10.34,9.16,10.79
2025-12-15T18:17:17.801963,Recipe_B,610592ff-dcbe-4f1d-8eb4-f593c5d7ac78,2,2.0,,,,9.38,10.83,9.72,10.65,10.32,11.33
2025-12-15T18:17:18.801963,Recipe_B,610592ff-dcbe-4f1d-8eb4-f593c5d7ac78,2,2.0,,,,10.52,10.4,11.26,7.93,9.58,9.82
2025-12-15T18:17:19.801963,Recipe_B,610592ff-dcbe-4f1d-8eb4-f593c5d7ac78,2,2.0,,,,9.58,9.11,10.27,7.29,12.92,6.94
2025-12-15T18:17:20.801963,Recipe_B,610592ff-dcbe-4f1d-8eb4-f593c5d7ac78,2,2.0,,,,6.53,8.75,12.66,10.41,9.74,6.43
2025-12-15T18:17:20.801963,Recipe_B,610592ff-dcbe-4f1d-8eb4-f593c5d7ac78,2,2.0,Warning_4,Simulated Warning occurred,Warning,,,,,,
2025-12-15T18:17:21.801963,Recipe_B,610592ff-dcbe-4f1d-8eb4-f593c5d7ac78,2,2.0,,,,9.15,7.59,10.19,10.14,13.74,12.57
2025-12-15T18:17:22.801963,Recipe_B,610592ff-dcbe-4f1d-8eb4-f593c5d7ac78,2,2.0,,,,14.04,9.52,12.86,11.22,11.99,10.54
2025-12-15T18:17:23.801963,Recipe_B,610592ff-dcbe-4f1d-8eb4-f593c5d7ac78,2,2.0,,,,9.01,7.42,12.51,11.8,12.25,7.44
2025-12-15T18:17:24.801963,Recipe_B,610592ff-dcbe-4f1d-8eb4-f593c5d7ac78,2,2.0,,,,10.51,8.83,13.12,8.44,7.96,8.06
2025-12-15T18:17:25.801963,Recipe_B,610592ff-dcbe-4f1d-8eb4-f593c5d7ac78,2,2.0,,,,12.86,11.46,6.56,9.8,8.98,14.31
2025-12-15T18:17:26.801963,Recipe_B,610592ff-dcbe-4f1d-8eb4-f593c5d7ac78,2,2.0,,,,9.64,7.71,13.33,13.21,9.64,7.75
2025-12-15T18:17:27.801963,Recipe_B,610592ff-dcbe-4f1d-8eb4-f593c5d7ac78,2,2.0,,,,9.3,11.75,10.32,9.36,10.89,11.94
2025-12-15T18:17:28.801963,Recipe_B,610592ff-dcbe-4f1d-8eb4-f593c5d7ac78,2,2.0,,,,10.21,8.34,12.93,12.23,9.46,8.67
2025-12-15T18:17:29.801963,Recipe_B,610592ff-dcbe-4f1d-8eb4-f593c5d7ac78,2,2.0,,,,9.07,12.37,15.35,8.61,6.8,12.75
2025-12-15T18:17:30.801963,Recipe_B,610592ff-dcbe-4f1d-8eb4-f593c5d7ac78,2,2.0,,,,8.8,12.2,10.25,12.34,8.87,8.06
2025-12-15T18:17:31.801963,Recipe_B,610592ff-dcbe-4f1d-8eb4-f593c5d7ac78,2,2.0,,,,12.25,10.58,8.7,10.64,10.75,10.47
2025-12-15T18:17:32.801963,Recipe_B,610592ff-dcbe-4f1d-8eb4-f593c5d7ac78,2,2.0,,,,7.73,10.97,7.62,12.15,10.94,8.67
2025-12-15T18:17:33.801963,Recipe_B,610592ff-dcbe-4f1d-8eb4-f593c5d7ac78,2,2.0,,,,8.99,11.21,11.8,8.86,10.07,5.6
2025-12-15T18:17:33.801963,Recipe_B,610592ff-dcbe-4f1d-8eb4-f593c5d7ac78,2,2.0,Error_1,Simulated Error occurred,Error,,,,,,
2025-12-15T18:17:34.801963,Recipe_B,610592ff-dcbe-4f1d-8eb4-f593c5d7ac78,2,2.0,,,,12.24,14.82,6.56,13.59,7.63,11.09
2025-12-15T18:17:35.801963,Recipe_B,610592ff-dcbe-4f1d-8eb4-f593c5d7ac78,2,2.0,,,,9.73,7.2,9.75,12.03,10.75,8.8
2025-12-15T18:17:36.801963,Recipe_B,610592ff-dcbe-4f1d-8eb4-f593c5d7ac78,2,2.0,,,,9.0,11.54,9.44,11.73,9.99,13.86
2025-12-15T18:17:37.801963,Recipe_B,610592ff-dcbe-4f1d-8eb4-f593c5d7ac78,2,2.0,,,,12.41,8.66,9.44,9.07,12.93,13.31
2025-12-15T18:17:38.801963,Recipe_B,610592ff-dcbe-4f1d-8eb4-f593c5d7ac78,2,2.0,,,,9.33,8.95,5.82,11.92,10.75,11.35
2025-12-15T18:17:39.801963,Recipe_B,610592ff-dcbe-4f1d-8eb4-f593c5d7ac78,2,2.0,,,,11.11,8.05,12.34,8.48,8.37,11.14
2025-12-15T18:17:40.801963,Recipe_B,610592ff-dcbe-4f1d-8eb4-f593c5d7ac78,2,2.0,,,,8.66,12.29,10.0,11.68,13.3,10.18
2025-12-15T18:17:41.801963,Recipe_B,610592ff-dcbe-4f1d-8eb4-f593c5d7ac78,2,2.0,,,,7.3,10.35,5.49,8.26,10.42,8.8
2025-12-15T18:17:42.801963,Recipe_B,610592ff-dcbe-4f1d-8eb4-f593c5d7ac78,2,2.0,,,,10.98,11.47,10.46,9.07,11.63,9.64
2025-12-15T18:17:43.801963,Recipe_B,610592ff-dcbe-4f1d-8eb4-f593c5d7ac78,2,2.0,,,,9.16,11.08,11.26,12.32,11.64,10.09
2025-12-15T18:17:44.801963,Recipe_B,610592ff-dcbe-4f1d-8eb4-f593c5d7ac78,2,2.0,,,,11.79,8.92,12.21,7.81,8.04,10.6
2025-12-15T18:17:45.801963,Recipe_B,610592ff-dcbe-4f1d-8eb4-f593c5d7ac78,2,2.0,,,,8.48,9.43,12.55,10.71,11.2,11.4
2025-12-15T18:17:46.801963,Recipe_B,610592ff-dcbe-4f1d-8eb4-f593c5d7ac78,2,2.0,,,,11.59,9.49,9.12,9.43,7.12,10.93
2025-12-15T18:17:47.801963,Recipe_B,610592ff-dcbe-4f1d-8eb4-f593c5d7ac78,2,2.0,,,,10.85,10.07,11.03,11.46,7.82,7.76
2025-12-15T18:17:48.801963,Recipe_B,610592ff-dcbe-4f1d-8eb4-f593c5d7ac78,2,2.0,,,,8.45,13.61,11.51,8.96,13.12,9.14
2025-12-15T18:17:49.801963,Recipe_B,610592ff-dcbe-4f1d-8eb4-f593c5d7ac78,2,2.0,,,,10.5,10.27,11.49,7.22,12.24,11.03
2025-12-15T18:17:50.801963,Recipe_B,610592ff-dcbe-4f1d-8eb4-f593c5d7ac78,2,2.0,,,,9.45,8.3,8.42,4.93,10.31,13.98
2025-12-15T18:17:51.801963,Recipe_B,610592ff-dcbe-4f1d-8eb4-f593c5d7ac78,2,2.0,,,,10.45,7.9,10.54,11.14,6.41,8.96
2025-12-15T18:17:52.801963,Recipe_B,610592ff-dcbe-4f1d-8eb4-f593c5d7ac78,2,2.0,,,,7.08,6.29,7.54,9.53,13.25,10.83
2025-12-15T18:17:53.801963,Recipe_B,610592ff-dcbe-4f1d-8eb4-f593c5d7ac78,2,2.0,,,,9.95,11.29,7.48,8.32,11.45,11.39
2025-12-15T18:17:54.801963,Recipe_B,610592ff-dcbe-4f1d-8eb4-f593c5d7ac78,2,2.0,,,,11.0,14.55,11.48,11.19,10.55,6.18
2025-12-15T18:17:55.801963,Recipe_B,610592ff-dcbe-4f1d-8eb4-f593c5d7ac78,2,2.0,,,,6.84,6.16,11.79,10.54,10.39,12.92
2025-12-15T18:17:56.801963,Recipe_B,610592ff-dcbe-4f1d-8eb4-f593c5d7ac78,2,2.0,,,,10.0,10.72,13.32,8.91,9.86,5.91
2025-12-15T18:17:57.801963,Recipe_B,610592ff-dcbe-4f1d-8eb4-f593c5d7ac78,2,2.0,,,,8.93,11.1,13.1,10.1,9.27,12.84
2025-12-15T18:17:58.801963,Recipe_B,610592ff-dcbe-4f1d-8eb4-f593c5d7ac78,2,2.0,,,,10.95,14.3,8.72,9.29,8.37,10.94
2025-12-15T18:17:59.801963,Recipe_B,610592ff-dcbe-4f1d-8eb4-f593c5d7ac78,2,2.0,,,,6.53,7.07,9.82,9.36,10.7,10.07
2025-12-15T18:18:00.801963,Recipe_B,610592ff-dcbe-4f1d-8eb4-f593c5d7ac78,2,2.0,,,,13.11,8.43,11.23,14.2,8.16,11.0
2025-12-15T18:18:01.801963,Recipe_B,610592ff-dcbe-4f1d-8eb4-f593c5d7ac78,2,2.0,,,,10.49,8.51,7.63,12.91,8.01,11.72
2025-12-15T18:18:02.801963,Recipe_B,610592ff-dcbe-4f1d-8eb4-f593c5d7ac78,2,2.0,,,,9.01,8.7,4.78,9.74,8.44,10.73
2025-12-15T18:18:03.801963,Recipe_B,610592ff-dcbe-4f1d-8eb4-f593c5d7ac78,2,2.0,,,,8.46,12.91,11.41,4.66,9.26,10.93
2025-12-15T18:18:04.801963,Recipe_B,610592ff-dcbe-4f1d-8eb4-f593c5d7ac78,2,2.0,,,,11.63,11.68,9.03,7.5,12.27,8.36
2025-12-15T18:18:05.801963,Recipe_B,610592ff-dcbe-4f1d-8eb4-f593c5d7ac78,2,2.0,,,,7.51,4.62,10.75,12.83,11.09,6.72
2025-12-15T18:18:06.801963,Recipe_B,610592ff-dcbe-4f1d-8eb4-f593c5d7ac78,2,2.0,,,,12.52,10.18,10.64,10.12,9.14,9.83
2025-12-15T18:18:07.801963,Recipe_B,610592ff-dcbe-4f1d-8eb4-f593c5d7ac78,2,2.0,,,,11.44,9.99,6.08,9.94,8.55,8.14
2025-12-15T18:18:08.801963,Recipe_B,610592ff-dcbe-4f1d-8eb4-f593c5d7ac78,2,2.0,,,,12.04,8.81,9.61,8.73,10.77,13.87
2025-12-15T18:18:09.801963,Recipe_B,610592ff-dcbe-4f1d-8eb4-f593c5d7ac78,2,2.0,,,,11.33,9.34,11.7,11.82,10.6,8.42
2025-12-15T18:18:10.801963,Recipe_B,610592ff-dcbe-4f1d-8eb4-f593c5d7ac78,2,2.0,,,,9.87,10.48,7.53,9.49,14.35,7.62
2025-12-15T18:18:11.801963,Recipe_B,610592ff-dcbe-4f1d-8eb4-f593c5d7ac78,2,2.0,,,,7.18,4.71,8.29,9.38,8.93,8.91
2025-12-15T18:18:12.801963,Recipe_B,610592ff-dcbe-4f1d-8eb4-f593c5d7ac78,2,2.0,,,,13.23,10.07,12.16,6.57,9.42,8.72
2025-12-15T18:18:13.801963,Recipe_B,610592ff-dcbe-4f1d-8eb4-f593c5d7ac78,2,2.0,,,,10.71,7.0,7.98,11.46,9.68,9.53
2025-12-15T18:18:14.801963,Recipe_B,610592ff-dcbe-4f1d-8eb4-f593c5d7ac78,2,2.0,,,,9.01,9.74,9.9,7.25,12.41,7.07
2025-12-15T18:18:15.801963,Recipe_B,610592ff-dcbe-4f1d-8eb4-f593c5d7ac78,2,2.0,,,,10.05,10.71,6.4,9.42,13.02,8.89
2025-12-15T18:18:16.801963,Recipe_B,610592ff-dcbe-4f1d-8eb4-f593c5d7ac78,2,2.0,,,,8.7,7.85,8.71,10.41,10.71,6.55
2025-12-15T18:18:17.801963,Recipe_B,610592ff-dcbe-4f1d-8eb4-f593c5d7ac78,2,2.0,,,,7.3,10.46,8.39,9.46,9.49,12.75
2025-12-15T18:18:18.801963,Recipe_B,610592ff-dcbe-4f1d-8eb4-f593c5d7ac78,2,2.0,,,,11.53,12.49,8.04,12.29,10.62,10.8
2025-12-15T18:18:19.801963,Recipe_B,610592ff-dcbe-4f1d-8eb4-f593c5d7ac78,2,2.0,,,,8.12,10.21,11.83,8.53,10.44,10.19
2025-12-15T18:18:20.801963,Recipe_B,610592ff-dcbe-4f1d-8eb4-f593c5d7ac78,2,2.0,,,,10.23,9.69,13.67,9.65,10.15,10.03
2025-12-15T18:18:21.801963,Recipe_B,610592ff-dcbe-4f1d-8eb4-f593c5d7ac78,2,2.0,,,,9.23,10.14,11.16,6.67,15.07,8.47
2025-12-15T18:18:22.801963,Recipe_B,610592ff-dcbe-4f1d-8eb4-f593c5d7ac78,2,2.0,,,,7.89,10.28,10.73,12.33,10.8,8.47
2025-12-15T18:18:23.801963,Recipe_B,610592ff-dcbe-4f1d-8eb4-f593c5d7ac78,2,2.0,,,,11.87,9.33,9.54,10.79,10.88,9.97
2025-12-15T18:18:24.801963,Recipe_B,610592ff-dcbe-4f1d-8eb4-f593c5d7ac78,2,2.0,,,,7.72,11.82,14.17,10.82,7.86,13.26
2025-12-15T18:18:25.801963,Recipe_B,610592ff-dcbe-4f1d-8eb4-f593c5d7ac78,2,2.0,,,,7.95,9.77,9.95,7.28,11.74,10.5
2025-12-15T18:18:26.801963,Recipe_B,610592ff-dcbe-4f1d-8eb4-f593c5d7ac78,2,2.0,,,,11.37,10.8,11.01,8.9,11.14,10.39
2025-12-15T18:18:27.801963,Recipe_B,610592ff-dcbe-4f1d-8eb4-f593c5d7ac78,2,2.0,,,,8.27,7.3,11.7,11.4,9.63,8.98
2025-12-15T18:18:28.801963,Recipe_B,610592ff-dcbe-4f1d-8eb4-f593c5d7ac78,2,2.0,,,,10.63,7.85,12.8,10.42,9.96,7.23
2025-12-15T18:18:29.801963,Recipe_B,610592ff-dcbe-4f1d-8eb4-f593c5d7ac78,2,2.0,,,,10.18,5.54,12.58,13.05,7.08,9.02
2025-12-15T18:18:30.801963,Recipe_B,610592ff-dcbe-4f1d-8eb4-f593c5d7ac78,2,2.0,,,,8.56,8.63,6.92,12.91,9.05,11.1
2025-12-15T18:18:31.801963,Recipe_B,610592ff-dcbe-4f1d-8eb4-f593c5d7ac78,2,2.0,,,,7.07,10.5,11.06,7.75,7.18,11.43
2025-12-15T18:18:32.801963,Recipe_B,610592ff-dcbe-4f1d-8eb4-f593c5d7ac78,2,2.0,,,,8.76,11.41,8.3,8.67,7.63,11.44
2025-12-15T18:18:33.801963,Recipe_B,610592ff-dcbe-4f1d-8eb4-f593c5d7ac78,2,2.0,,,,10.66,7.95,8.58,13.07,11.86,9.67
2025-12-15T18:18:34.801963,Recipe_B,610592ff-dcbe-4f1d-8eb4-f593c5d7ac78,2,2.0,,,,9.06,11.84,6.94,12.44,10.99,10.49
2025-12-15T18:18:35.801963,Recipe_B,610592ff-dcbe-4f1d-8eb4-f593c5d7ac78,2,2.0,,,,8.83,6.33,10.31,6.45,8.87,9.34
2025-12-15T18:18:36.801963,Recipe_B,610592ff-dcbe-4f1d-8eb4-f593c5d7ac78,2,2.0,,,,8.56,8.66,10.16,8.31,10.23,11.87
2025-12-15T18:18:37.801963,Recipe_B,610592ff-dcbe-4f1d-8eb4-f593c5d7ac78,2,2.0,,,,10.47,13.5,9.57,10.98,10.34,10.32
2025-12-15T18:18:38.801963,Recipe_B,610592ff-dcbe-4f1d-8eb4-f593c5d7ac78,2,2.0,,,,14.41,9.04,11.52,10.56,13.28,7.77
2025-12-15T18:18:39.801963,Recipe_B,610592ff-dcbe-4f1d-8eb4-f593c5d7ac78,2,2.0,,,,13.33,7.13,8.58,9.13,14.6,14.8
2025-12-15T18:18:40.801963,Recipe_B,610592ff-dcbe-4f1d-8eb4-f593c5d7ac78,2,2.0,,,,9.01,8.84,11.43,9.55,11.48,7.02
2025-12-15T18:18:41.801963,Recipe_B,610592ff-dcbe-4f1d-8eb4-f593c5d7ac78,2,2.0,,,,7.39,11.41,10.84,11.61,12.29,9.65
2025-12-15T18:18:42.801963,Recipe_B,610592ff-dcbe-4f1d-8eb4-f593c5d7ac78,2,2.0,,,,9.63,7.49,8.14,11.65,9.03,11.96
2025-12-15T18:18:43.801963,Recipe_B,610592ff-dcbe-4f1d-8eb4-f593c5d7ac78,2,2.0,,,,8.05,13.82,12.28,9.78,8.38,13.51
2025-12-15T18:18:44.801963,Recipe_B,610592ff-dcbe-4f1d-8eb4-f593c5d7ac78,2,2.0,,,,7.85,10.31,8.92,7.03,11.26,12.13
2025-12-15T18:18:45.801963,Recipe_B,610592ff-dcbe-4f1d-8eb4-f593c5d7ac78,2,2.0,,,,11.8,6.38,10.3,12.4,12.9,7.67
2025-12-15T18:18:46.801963,Recipe_B,610592ff-dcbe-4f1d-8eb4-f593c5d7ac78,2,2.0,,,,6.23,8.5,11.64,8.56,8.13,10.36
2025-12-15T18:18:47.801963,Recipe_B,610592ff-dcbe-4f1d-8eb4-f593c5d7ac78,2,2.0,,,,10.18,8.52,8.79,10.33,9.58,9.44
2025-12-15T18:18:48.801963,Recipe_B,610592ff-dcbe-4f1d-8eb4-f593c5d7ac78,2,2.0,,,,11.48,5.53,10.52,10.42,10.5,10.52
2025-12-15T18:18:49.801963,Recipe_B,610592ff-dcbe-4f1d-8eb4-f593c5d7ac78,2,2.0,,,,11.79,11.98,8.08,9.77,12.63,11.21
2025-12-15T18:18:50.801963,Recipe_B,610592ff-dcbe-4f1d-8eb4-f593c5d7ac78,2,2.0,,,,9.85,10.24,7.94,12.5,10.4,9.93
2025-12-15T18:18:51.801963,Recipe_B,610592ff-dcbe-4f1d-8eb4-f593c5d7ac78,2,2.0,,,,8.28,9.38,13.16,10.93,6.51,14.12
2025-12-15T18:18:52.801963,Recipe_B,610592ff-dcbe-4f1d-8eb4-f593c5d7ac78,2,2.0,,,,10.53,11.6,11.09,9.62,8.53,10.1
2025-12-15T18:18:53.801963,Recipe_B,610592ff-dcbe-4f1d-8eb4-f593c5d7ac78,2,2.0,,,,9.64,12.6,12.33,7.55,10.6,14.38
2025-12-15T18:18:54.801963,Recipe_B,610592ff-dcbe-4f1d-8eb4-f593c5d7ac78,2,2.0,,,,7.26,14.71,9.68,8.04,9.85,3.63
2025-12-15T18:18:55.801963,Recipe_B,610592ff-dcbe-4f1d-8eb4-f593c5d7ac78,2,2.0,,,,6.47,7.23,7.69,11.28,9.17,8.94
2025-12-15T18:18:56.801963,Recipe_B,610592ff-dcbe-4f1d-8eb4-f593c5d7ac78,2,2.0,,,,8.3,8.38,11.21,7.21,7.81,9.78
2025-12-15T18:18:57.801963,Recipe_B,610592ff-dcbe-4f1d-8eb4-f593c5d7ac78,2,2.0,,,,10.89,9.28,11.01,8.97,8.23,4.71
2025-12-15T18:18:58.801963,Recipe_B,610592ff-dcbe-4f1d-8eb4-f593c5d7ac78,2,2.0,,,,10.46,9.67,11.08,12.47,11.07,10.06
2025-12-15T18:18:59.801963,Recipe_B,610592ff-dcbe-4f1d-8eb4-f593c5d7ac78,2,2.0,,,,7.83,9.22,7.38,9.94,9.09,7.22
2025-12-15T18:19:00.801963,Recipe_B,610592ff-dcbe-4f1d-8eb4-f593c5d7ac78,2,2.0,,,,8.15,11.64,10.1,9.78,8.72,15.36
2025-12-15T18:19:01.801963,Recipe_B,610592ff-dcbe-4f1d-8eb4-f593c5d7ac78,2,1.0,,,,6.75,9.45,7.15,6.82,13.17,10.2
2025-12-15T18:19:02.801963,Recipe_B,610592ff-dcbe-4f1d-8eb4-f593c5d7ac78,2,1.0,,,,6.99,9.21,9.45,9.55,9.33,9.76
2025-12-15T18:19:03.801963,Recipe_B,610592ff-dcbe-4f1d-8eb4-f593c5d7ac78,2,1.0,,,,14.45,14.06,7.43,12.82,10.0,9.18
2025-12-15T18:19:04.801963,Recipe_B,610592ff-dcbe-4f1d-8eb4-f593c5d7ac78,2,1.0,,,,10.96,10.86,12.16,11.22,11.55,8.43
2025-12-15T18:19:05.801963,Recipe_B,610592ff-dcbe-4f1d-8eb4-f593c5d7ac78,2,1.0,,,,10.33,11.66,13.59,11.35,8.48,12.48
2025-12-15T18:19:06.801963,Recipe_B,610592ff-dcbe-4f1d-8eb4-f593c5d7ac78,2,1.0,,,,9.08,7.11,6.37,4.69,10.17,11.46
2025-12-15T18:19:07.801963,Recipe_B,610592ff-dcbe-4f1d-8eb4-f593c5d7ac78,2,1.0,,,,11.87,10.2,9.66,10.8,7.49,10.8
2025-12-15T18:19:08.801963,Recipe_B,610592ff-dcbe-4f1d-8eb4-f593c5d7ac78,2,1.0,,,,7.64,10.83,6.31,11.12,9.83,10.1
2025-12-15T18:19:09.801963,Recipe_B,610592ff-dcbe-4f1d-8eb4-f593c5d7ac78,2,1.0,,,,10.21,13.56,12.18,7.5,8.79,6.22
2025-12-15T18:19:10.801963,Recipe_B,610592ff-dcbe-4f1d-8eb4-f593c5d7ac78,2,1.0,,,,8.43,8.86,12.38,10.36,8.89,7.09
2025-12-15T18:19:11.801963,Recipe_B,610592ff-dcbe-4f1d-8eb4-f593c5d7ac78,2,1.0,,,,10.55,11.89,11.08,8.27,10.52,14.43
2025-12-15T18:19:12.801963,Recipe_B,610592ff-dcbe-4f1d-8eb4-f593c5d7ac78,2,1.0,,,,11.31,11.99,8.45,3.8,12.09,10.39
2025-12-15T18:19:13.801963,Recipe_B,610592ff-dcbe-4f1d-8eb4-f593c5d7ac78,2,1.0,,,,9.53,11.99,10.19,7.11,10.3,11.47
2025-12-15T18:19:14.801963,Recipe_B,610592ff-dcbe-4f1d-8eb4-f593c5d7ac78,2,1.0,,,,9.75,10.77,10.53,11.24,7.12,10.7
2025-12-15T18:19:15.801963,Recipe_B,610592ff-dcbe-4f1d-8eb4-f593c5d7ac78,2,4.0,,,,99.31,44.84,51.86,52.61,40.19,54.67
2025-12-15T18:19:16.801963,Recipe_B,610592ff-dcbe-4f1d-8eb4-f593c5d7ac78,2,4.0,,,,97.98,51.23,57.97,52.25,48.43,64.36
2025-12-15T18:19:17.801963,Recipe_B,610592ff-dcbe-4f1d-8eb4-f593c5d7ac78,2,4.0,,,,100.5,44.16,50.71,51.18,51.65,63.77
2025-12-15T18:19:18.801963,Recipe_B,610592ff-dcbe-4f1d-8eb4-f593c5d7ac78,2,4.0,,,,94.68,47.98,42.05,57.33,59.83,54.53
2025-12-15T18:19:19.801963,Recipe_B,610592ff-dcbe-4f1d-8eb4-f593c5d7ac78,2,4.0,,,,102.23,43.48,49.68,49.77,52.45,52.89
2025-12-15T18:19:20.801963,Recipe_B,610592ff-dcbe-4f1d-8eb4-f593c5d7ac78,2,4.0,,,,92.1,48.92,47.46,55.02,49.94,47.96
2025-12-15T18:19:21.801963,Recipe_B,610592ff-dcbe-4f1d-8eb4-f593c5d7ac78,2,4.0,,,,100.11,58.47,45.15,48.15,46.02,54.76
2025-12-15T18:19:22.801963,Recipe_B,610592ff-dcbe-4f1d-8eb4-f593c5d7ac78,2,4.0,,,,105.31,48.77,51.22,48.74,48.22,51.25
2025-12-15T18:19:23.801963,Recipe_B,610592ff-dcbe-4f1d-8eb4-f593c5d7ac78,2,4.0,,,,106.56,55.94,57.51,51.24,50.48,55.56
2025-12-15T18:19:24.801963,Recipe_B,610592ff-dcbe-4f1d-8eb4-f593c5d7ac78,2,4.0,,,,100.99,49.6,49.47,49.75,48.69,53.23
2025-12-15T18:19:25.801963,Recipe_B,610592ff-dcbe-4f1d-8eb4-f593c5d7ac78,2,4.0,,,,94.01,54.96,45.66,50.91,49.85,50.68
2025-12-15T18:19:26.801963,Recipe_B,610592ff-dcbe-4f1d-8eb4-f593c5d7ac78,2,4.0,,,,89.63,53.09,52.07,51.16,46.78,50.32
2025-12-15T18:19:27.801963,Recipe_B,610592ff-dcbe-4f1d-8eb4-f593c5d7ac78,2,4.0,,,,92.74,51.32,53.21,61.02,61.16,49.95
2025-12-15T18:19:28.801963,Recipe_B,610592ff-dcbe-4f1d-8eb4-f593c5d7ac78,2,4.0,,,,107.55,43.71,54.39,50.36,43.21,41.26
2025-12-15T18:19:29.801963,Recipe_B,610592ff-dcbe-4f1d-8eb4-f593c5d7ac78,2,4.0,,,,97.96,55.99,52.24,60.23,41.85,35.87
2025-12-15T18:19:30.801963,Recipe_B,610592ff-dcbe-4f1d-8eb4-f593c5d7ac78,2,4.0,,,,93.98,42.13,51.4,44.21,50.6,41.32
2025-12-15T18:19:31.801963,Recipe_B,610592ff-dcbe-4f1d-8eb4-f593c5d7ac78,2,4.0,,,,105.04,50.74,44.1,45.29,45.89,56.61
2025-12-15T18:19:32.801963,Recipe_B,610592ff-dcbe-4f1d-8eb4-f593c5d7ac78,2,4.0,,,,107.88,57.87,52.93,42.85,49.5,56.45
2025-12-15T18:19:33.801963,Recipe_B,610592ff-dcbe-4f1d-8eb4-f593c5d7ac78,2,4.0,,,,98.83,36.49,41.88,47.9,53.5,48.32
2025-12-15T18:19:34.801963,Recipe_B,610592ff-dcbe-4f1d-8eb4-f593c5d7ac78,2,4.0,,,,103.33,52.27,51.07,45.63,50.12,43.04
2025-12-15T18:19:35.801963,Recipe_B,610592ff-dcbe-4f1d-8eb4-f593c5d7ac78,2,2.0,,,,7.88,7.58,8.83,8.77,11.29,11.06
2025-12-15T18:19:36.801963,Recipe_B,610592ff-dcbe-4f1d-8eb4-f593c5d7ac78,2,2.0,,,,11.61,10.67,6.88,8.85,10.26,11.79
2025-12-15T18:19:37.801963,Recipe_B,610592ff-dcbe-4f1d-8eb4-f593c5d7ac78,2,2.0,,,,11.05,6.11,13.57,10.1,8.9,8.28
2025-12-15T18:19:38.801963,Recipe_B,610592ff-dcbe-4f1d-8eb4-f593c5d7ac78,2,2.0,,,,10.01,9.92,8.52,10.49,11.45,8.64
2025-12-15T18:19:39.801963,Recipe_B,610592ff-dcbe-4f1d-8eb4-f593c5d7ac78,2,2.0,,,,8.06,8.18,14.43,10.1,11.08,13.64
2025-12-15T18:19:40.801963,Recipe_B,610592ff-dcbe-4f1d-8eb4-f593c5d7ac78,2,2.0,,,,8.02,9.4,11.86,9.28,8.15,10.7
2025-12-15T18:19:41.801963,Recipe_B,610592ff-dcbe-4f1d-8eb4-f593c5d7ac78,2,2.0,,,,8.56,8.63,7.21,10.88,9.03,9.91
2025-12-15T18:19:42.801963,Recipe_B,610592ff-dcbe-4f1d-8eb4-f593c5d7ac78,2,2.0,,,,11.43,9.88,7.67,7.7,13.48,6.4
2025-12-15T18:19:43.801963,Recipe_B,610592ff-dcbe-4f1d-8eb4-f593c5d7ac78,2,2.0,,,,9.62,6.7,9.36,13.46,8.95,10.28
2025-12-15T18:19:44.801963,Recipe_B,610592ff-dcbe-4f1d-8eb4-f593c5d7ac78,2,2.0,,,,11.04,14.03,10.4,11.07,9.4,10.86
2025-12-15T18:19:45.801963,Recipe_B,610592ff-dcbe-4f1d-8eb4-f593c5d7ac78,2,2.0,,,,9.49,8.34,11.72,10.36,8.0,14.29
2025-12-15T18:19:46.801963,Recipe_B,610592ff-dcbe-4f1d-8eb4-f593c5d7ac78,2,2.0,,,,10.81,9.17,6.46,9.19,10.53,10.39
2025-12-15T18:19:47.801963,Recipe_B,610592ff-dcbe-4f1d-8eb4-f593c5d7ac78,2,2.0,,,,14.54,14.57,7.7,9.65,8.74,11.11
2025-12-15T18:19:48.801963,Recipe_B,610592ff-dcbe-4f1d-8eb4-f593c5d7ac78,2,2.0,,,,10.99,11.2,10.65,11.94,10.88,9.94
2025-12-15T18:19:49.801963,Recipe_B,610592ff-dcbe-4f1d-8eb4-f593c5d7ac78,2,2.0,,,,10.58,10.09,7.9,9.68,12.8,9.81
2025-12-15T18:19:50.801963,Recipe_B,610592ff-dcbe-4f1d-8eb4-f593c5d7ac78,2,2.0,,,,11.65,10.64,11.55,9.64,12.14,12.91
2025-12-15T18:19:51.801963,Recipe_B,610592ff-dcbe-4f1d-8eb4-f593c5d7ac78,2,2.0,,,,9.83,10.93,11.73,7.36,12.29,9.72
2025-12-15T18:19:52.801963,Recipe_B,610592ff-dcbe-4f1d-8eb4-f593c5d7ac78,2,2.0,,,,12.06,10.35,10.27,10.33,10.93,9.64
2025-12-15T18:19:53.801963,Recipe_B,610592ff-dcbe-4f1d-8eb4-f593c5d7ac78,2,2.0,,,,13.75,10.76,10.45,8.53,8.2,10.92
2025-12-15T18:19:54.801963,Recipe_B,610592ff-dcbe-4f1d-8eb4-f593c5d7ac78,2,2.0,,,,9.06,9.03,7.3,6.96,9.91,10.3
2025-12-15T18:19:55.801963,Recipe_B,610592ff-dcbe-4f1d-8eb4-f593c5d7ac78,2,2.0,,,,8.38,11.29,11.59,6.65,8.57,13.77
2025-12-15T18:19:56.801963,Recipe_B,610592ff-dcbe-4f1d-8eb4-f593c5d7ac78,2,2.0,,,,11.48,14.31,9.8,11.42,8.83,10.21
2025-12-15T18:19:57.801963,Recipe_B,610592ff-dcbe-4f1d-8eb4-f593c5d7ac78,2,2.0,,,,8.84,10.49,7.27,10.97,10.26,9.57
2025-12-15T18:19:58.801963,Recipe_B,610592ff-dcbe-4f1d-8eb4-f593c5d7ac78,2,2.0,,,,10.55,10.88,10.21,8.41,8.59,10.66
2025-12-15T18:19:59.801963,Recipe_B,610592ff-dcbe-4f1d-8eb4-f593c5d7ac78,2,2.0,,,,11.44,9.83,7.85,9.74,9.32,10.41
2025-12-15T18:20:00.801963,Recipe_B,610592ff-dcbe-4f1d-8eb4-f593c5d7ac78,2,2.0,,,,16.21,9.73,9.91,10.34,5.95,7.19
2025-12-15T18:20:01.801963,Recipe_B,610592ff-dcbe-4f1d-8eb4-f593c5d7ac78,2,2.0,,,,10.89,7.4,9.54,10.11,10.18,12.41
2025-12-15T18:20:02.801963,Recipe_B,610592ff-dcbe-4f1d-8eb4-f593c5d7ac78,2,2.0,,,,10.86,9.91,10.31,6.94,10.84,10.56
2025-12-15T18:20:03.801963,Recipe_B,610592ff-dcbe-4f1d-8eb4-f593c5d7ac78,2,2.0,,,,8.69,7.42,11.23,10.34,9.25,10.09
2025-12-15T18:20:04.801963,Recipe_B,610592ff-dcbe-4f1d-8eb4-f593c5d7ac78,2,2.0,,,,9.33,9.87,11.57,9.77,13.33,7.72
2025-12-15T18:20:05.801963,Recipe_B,610592ff-dcbe-4f1d-8eb4-f593c5d7ac78,2,2.0,,,,7.93,15.87,10.82,8.6,8.49,5.61
2025-12-15T18:20:05.801963,Recipe_B,610592ff-dcbe-4f1d-8eb4-f593c5d7ac78,2,2.0,Error_3,Simulated Error occurred,Error,,,,,,
2025-12-15T18:20:06.801963,Recipe_B,610592ff-dcbe-4f1d-8eb4-f593c5d7ac78,2,2.0,,,,9.08,9.86,11.08,12.3,11.4,5.53
2025-12-15T18:20:07.801963,Recipe_B,610592ff-dcbe-4f1d-8eb4-f593c5d7ac78,2,2.0,,,,10.26,8.75,10.59,8.61,7.39,10.39
2025-12-15T18:20:08.801963,Recipe_B,610592ff-dcbe-4f1d-8eb4-f593c5d7ac78,2,2.0,,,,11.36,8.01,10.74,11.28,8.77,10.19
2025-12-15T18:20:09.801963,Recipe_B,610592ff-dcbe-4f1d-8eb4-f593c5d7ac78,2,2.0,,,,12.21,8.87,9.53,10.37,7.68,10.9
2025-12-15T18:20:10.801963,Recipe_B,610592ff-dcbe-4f1d-8eb4-f593c5d7ac78,2,2.0,,,,9.22,7.03,10.68,13.4,9.58,9.8
2025-12-15T18:20:11.801963,Recipe_B,610592ff-dcbe-4f1d-8eb4-f593c5d7ac78,2,2.0,,,,6.2,8.94,9.61,12.06,11.27,10.31
2025-12-15T18:20:12.801963,Recipe_B,610592ff-dcbe-4f1d-8eb4-f593c5d7ac78,2,2.0,,,,11.59,10.68,13.15,8.23,10.96,12.95
2025-12-15T18:20:13.801963,Recipe_B,610592ff-dcbe-4f1d-8eb4-f593c5d7ac78,2,2.0,,,,12.72,8.98,9.26,9.03,10.52,10.87
2025-12-15T18:20:14.801963,Recipe_B,610592ff-dcbe-4f1d-8eb4-f593c5d7ac78,2,4.0,,,,97.54,43.5,48.91,49.3,47.79,47.73
2025-12-15T18:20:15.801963,Recipe_B,610592ff-dcbe-4f1d-8eb4-f593c5d7ac78,2,5.0,,,,7.15,10.67,7.88,12.43,8.09,9.51
2025-12-15T18:20:16.801963,Recipe_B,610592ff-dcbe-4f1d-8eb4-f593c5d7ac78,2,5.0,,,,13.77,6.78,7.71,11.39,11.13,9.22
2025-12-15T18:20:17.801963,Recipe_B,610592ff-dcbe-4f1d-8eb4-f593c5d7ac78,2,5.0,,,,12.44,11.41,8.61,8.53,10.89,8.83
2025-12-15T18:20:18.801963,Recipe_B,610592ff-dcbe-4f1d-8eb4-f593c5d7ac78,2,5.0,,,,10.32,8.75,9.95,11.31,9.46,7.05
2025-12-15T18:20:19.801963,Recipe_B,610592ff-dcbe-4f1d-8eb4-f593c5d7ac78,2,5.0,,,,13.47,7.96,8.82,14.9,10.6,11.28
2025-12-15T18:20:20.801963,Recipe_B,610592ff-dcbe-4f1d-8eb4-f593c5d7ac78,2,5.0,,,,10.79,13.43,10.7,12.6,11.79,11.54
2025-12-15T18:20:21.801963,Recipe_B,610592ff-dcbe-4f1d-8eb4-f593c5d7ac78,2,5.0,,,,9.89,10.34,8.08,9.91,8.52,10.73
2025-12-15T18:20:22.801963,Recipe_B,610592ff-dcbe-4f1d-8eb4-f593c5d7ac78,2,5.0,,,,9.3,11.4,11.68,8.64,9.69,9.8
2025-12-15T18:20:23.801963,Recipe_B,610592ff-dcbe-4f1d-8eb4-f593c5d7ac78,2,5.0,,,,10.5,11.12,11.85,7.12,9.84,10.66
2025-12-15T18:20:24.801963,Recipe_B,610592ff-dcbe-4f1d-8eb4-f593c5d7ac78,2,5.0,,,,6.98,10.39,8.89,10.28,12.58,10.1
2025-12-15T18:20:25.801963,Recipe_B,610592ff-dcbe-4f1d-8eb4-f593c5d7ac78,2,5.0,,,,10.19,13.14,11.98,10.78,9.33,12.65
2025-12-15T18:20:26.801963,Recipe_B,610592ff-dcbe-4f1d-8eb4-f593c5d7ac78,2,5.0,,,,12.31,8.76,9.9,10.55,14.01,9.88
2025-12-15T18:20:27.801963,Recipe_B,610592ff-dcbe-4f1d-8eb4-f593c5d7ac78,2,0.0,,,,0.0,0.0,0.0,0.0,0.0,0.0
2025-12-15T18:20:28.801963,Recipe_B,610592ff-dcbe-4f1d-8eb4-f593c5d7ac78,2,0.0,,,,0.0,0.0,0.0,0.0,0.0,0.0
2025-12-15T18:20:29.801963,Recipe_B,610592ff-dcbe-4f1d-8eb4-f593c5d7ac78,2,0.0,,,,0.0,0.0,0.0,0.0,0.0,0.0
2025-12-15T18:20:29.801963,Recipe_B,610592ff-dcbe-4f1d-8eb4-f593c5d7ac78,2,0.0,Warning_8,Simulated Warning occurred,Warning,,,,,,
2025-12-15T18:20:30.801963,Recipe_B,610592ff-dcbe-4f1d-8eb4-f593c5d7ac78,2,0.0,,,,0.0,0.0,0.0,0.0,0.0,0.0
2025-12-15T18:20:31.801963,Recipe_B,610592ff-dcbe-4f1d-8eb4-f593c5d7ac78,2,0.0,,,,0.0,0.0,0.0,0.0,0.0,0.0
2025-12-15T18:20:32.801963,Recipe_B,610592ff-dcbe-4f1d-8eb4-f593c5d7ac78,2,0.0,,,,0.0,0.0,0.0,0.0,0.0,0.0
2025-12-15T18:20:33.801963,Recipe_B,610592ff-dcbe-4f1d-8eb4-f593c5d7ac78,2,0.0,,,,0.0,0.0,0.0,0.0,0.0,0.0
2025-12-15T18:20:34.801963,Recipe_B,610592ff-dcbe-4f1d-8eb4-f593c5d7ac78,2,0.0,,,,0.0,0.0,0.0,0.0,0.0,0.0
2025-12-15T18:20:35.801963,Recipe_B,610592ff-dcbe-4f1d-8eb4-f593c5d7ac78,2,0.0,,,,0.0,0.0,0.0,0.0,0.0,0.0
2025-12-15T18:20:36.801963,Recipe_B,610592ff-dcbe-4f1d-8eb4-f593c5d7ac78,2,0.0,,,,0.0,0.0,0.0,0.0,0.0,0.0
2025-12-15T18:20:37.801963,Recipe_B,610592ff-dcbe-4f1d-8eb4-f593c5d7ac78,2,0.0,,,,0.0,0.0,0.0,0.0,0.0,0.0
2025-12-15T18:20:38.801963,Recipe_B,610592ff-dcbe-4f1d-8eb4-f593c5d7ac78,2,0.0,,,,0.0,0.0,0.0,0.0,0.0,0.0
2025-12-15T18:20:39.801963,Recipe_B,610592ff-dcbe-4f1d-8eb4-f593c5d7ac78,2,0.0,,,,0.0,0.0,0.0,0.0,0.0,0.0
2025-12-15T18:20:40.801963,Recipe_B,610592ff-dcbe-4f1d-8eb4-f593c5d7ac78,2,0.0,,,,0.0,0.0,0.0,0.0,0.0,0.0
2025-12-15T18:20:41.801963,Recipe_B,610592ff-dcbe-4f1d-8eb4-f593c5d7ac78,2,0.0,,,,0.0,0.0,0.0,0.0,0.0,0.0
2025-12-15T18:20:42.801963,Recipe_B,610592ff-dcbe-4f1d-8eb4-f593c5d7ac78,2,0.0,,,,0.0,0.0,0.0,0.0,0.0,0.0
2025-12-15T18:20:43.801963,Recipe_B,610592ff-dcbe-4f1d-8eb4-f593c5d7ac78,2,0.0,,,,0.0,0.0,0.0,0.0,0.0,0.0
2025-12-15T18:20:44.801963,Recipe_B,610592ff-dcbe-4f1d-8eb4-f593c5d7ac78,2,0.0,,,,0.0,0.0,0.0,0.0,0.0,0.0
2025-12-15T18:20:45.801963,Recipe_B,610592ff-dcbe-4f1d-8eb4-f593c5d7ac78,2,0.0,,,,0.0,0.0,0.0,0.0,0.0,0.0
2025-12-15T18:20:46.801963,Recipe_B,610592ff-dcbe-4f1d-8eb4-f593c5d7ac78,2,0.0,,,,0.0,0.0,0.0,0.0,0.0,0.0
2025-12-15T18:20:47.801963,Recipe_B,610592ff-dcbe-4f1d-8eb4-f593c5d7ac78,2,0.0,,,,0.0,0.0,0.0,0.0,0.0,0.0
2025-12-15T18:20:48.801963,Recipe_B,610592ff-dcbe-4f1d-8eb4-f593c5d7ac78,2,0.0,,,,0.0,0.0,0.0,0.0,0.0,0.0
2025-12-15T18:20:49.801963,Recipe_B,610592ff-dcbe-4f1d-8eb4-f593c5d7ac78,2,0.0,,,,0.0,0.0,0.0,0.0,0.0,0.0
2025-12-15T18:20:50.801963,Recipe_B,610592ff-dcbe-4f1d-8eb4-f593c5d7ac78,2,0.0,,,,0.0,0.0,0.0,0.0,0.0,0.0
2025-12-15T18:20:51.801963,Recipe_B,610592ff-dcbe-4f1d-8eb4-f593c5d7ac78,2,0.0,,,,0.0,0.0,0.0,0.0,0.0,0.0
2025-12-15T18:20:52.801963,Recipe_B,610592ff-dcbe-4f1d-8eb4-f593c5d7ac78,2,0.0,,,,0.0,0.0,0.0,0.0,0.0,0.0
2025-12-15T18:20:53.801963,Recipe_B,610592ff-dcbe-4f1d-8eb4-f593c5d7ac78,2,0.0,,,,0.0,0.0,0.0,0.0,0.0,0.0
2025-12-15T18:20:54.801963,Recipe_B,610592ff-dcbe-4f1d-8eb4-f593c5d7ac78,2,0.0,,,,0.0,0.0,0.0,0.0,0.0,0.0
2025-12-15T18:20:55.801963,Recipe_B,610592ff-dcbe-4f1d-8eb4-f593c5d7ac78,2,0.0,,,,0.0,0.0,0.0,0.0,0.0,0.0
2025-12-15T18:20:56.801963,Recipe_B,610592ff-dcbe-4f1d-8eb4-f593c5d7ac78,2,0.0,,,,0.0,0.0,0.0,0.0,0.0,0.0
2025-12-15T18:20:57.801963,Recipe_B,610592ff-dcbe-4f1d-8eb4-f593c5d7ac78,2,0.0,,,,0.0,0.0,0.0,0.0,0.0,0.0
2025-12-15T18:20:58.801963,Recipe_B,610592ff-dcbe-4f1d-8eb4-f593c5d7ac78,2,5.0,,,,12.7,8.44,8.39,9.63,7.8,7.24
2025-12-15T18:20:59.801963,Recipe_B,610592ff-dcbe-4f1d-8eb4-f593c5d7ac78,2,5.0,,,,10.89,7.28,6.73,11.88,10.13,10.81
2025-12-15T18:21:00.801963,Recipe_B,610592ff-dcbe-4f1d-8eb4-f593c5d7ac78,2,5.0,,,,8.72,10.6,12.35,12.28,5.68,10.92
2025-12-15T18:21:01.801963,Recipe_B,610592ff-dcbe-4f1d-8eb4-f593c5d7ac78,2,5.0,,,,10.27,10.72,10.56,11.48,11.41,8.75
2025-12-15T18:21:02.801963,Recipe_B,610592ff-dcbe-4f1d-8eb4-f593c5d7ac78,2,4.0,,,,93.93,53.81,50.29,47.58,50.46,50.87
2025-12-15T18:21:03.801963,Recipe_B,610592ff-dcbe-4f1d-8eb4-f593c5d7ac78,2,4.0,,,,100.13,53.44,48.62,48.49,42.03,56.45
2025-12-15T18:21:04.801963,Recipe_B,610592ff-dcbe-4f1d-8eb4-f593c5d7ac78,2,4.0,,,,100.53,50.39,58.52,55.9,46.0,50.91
2025-12-15T18:21:05.801963,Recipe_B,610592ff-dcbe-4f1d-8eb4-f593c5d7ac78,2,4.0,,,,95.55,43.45,51.67,44.27,48.75,52.67
2025-12-15T18:21:06.801963,Recipe_B,610592ff-dcbe-4f1d-8eb4-f593c5d7ac78,2,4.0,,,,117.04,48.21,55.4,51.28,45.64,42.91
2025-12-15T18:21:07.801963,Recipe_B,610592ff-dcbe-4f1d-8eb4-f593c5d7ac78,2,4.0,,,,94.38,47.61,56.62,51.77,49.18,50.8
2025-12-15T18:21:08.801963,Recipe_B,610592ff-dcbe-4f1d-8eb4-f593c5d7ac78,2,4.0,,,,106.51,55.08,56.85,63.74,47.14,49.3
2025-12-15T18:21:09.801963,Recipe_B,610592ff-dcbe-4f1d-8eb4-f593c5d7ac78,2,4.0,,,,102.0,53.4,44.19,50.41,53.54,64.48
2025-12-15T18:21:10.801963,Recipe_B,610592ff-dcbe-4f1d-8eb4-f593c5d7ac78,2,4.0,,,,108.08,49.21,41.97,48.11,49.14,53.31
2025-12-15T18:21:11.801963,Recipe_B,610592ff-dcbe-4f1d-8eb4-f593c5d7ac78,2,4.0,,,,98.56,46.88,59.08,54.54,46.53,54.3
2025-12-15T18:21:12.801963,Recipe_B,610592ff-dcbe-4f1d-8eb4-f593c5d7ac78,2,4.0,,,,95.14,46.17,48.3,60.32,53.26,53.7
2025-12-15T18:21:13.801963,Recipe_B,610592ff-dcbe-4f1d-8eb4-f593c5d7ac78,2,4.0,,,,99.47,53.98,39.36,56.98,45.71,42.57
2025-12-15T18:21:14.801963,Recipe_B,610592ff-dcbe-4f1d-8eb4-f593c5d7ac78,2,4.0,,,,100.23,50.85,54.18,48.68,46.29,47.2
2025-12-15T18:21:14.801963,Recipe_B,610592ff-dcbe-4f1d-8eb4-f593c5d7ac78,2,4.0,Warning_6,Simulated Warning occurred,Warning,,,,,,
2025-12-15T18:21:15.801963,Recipe_B,610592ff-dcbe-4f1d-8eb4-f593c5d7ac78,2,4.0,,,,94.18,53.23,52.88,49.81,51.37,46.8
2025-12-15T18:21:16.801963,Recipe_B,610592ff-dcbe-4f1d-8eb4-f593c5d7ac78,2,4.0,,,,93.61,55.7,40.37,59.24,56.44,38.56
2025-12-15T18:21:17.801963,Recipe_B,610592ff-dcbe-4f1d-8eb4-f593c5d7ac78,2,4.0,,,,105.72,50.49,55.11,41.49,60.31,48.93
2025-12-15T18:21:18.801963,Recipe_B,610592ff-dcbe-4f1d-8eb4-f593c5d7ac78,2,4.0,,,,103.13,54.76,46.75,42.53,51.07,52.13
2025-12-15T18:21:19.801963,Recipe_B,610592ff-dcbe-4f1d-8eb4-f593c5d7ac78,2,4.0,,,,103.4,34.81,51.0,46.39,42.79,51.97
2025-12-15T18:21:20.801963,Recipe_B,610592ff-dcbe-4f1d-8eb4-f593c5d7ac78,2,4.0,,,,107.39,52.54,47.34,46.41,49.17,49.73
2025-12-15T18:21:21.801963,Recipe_B,610592ff-dcbe-4f1d-8eb4-f593c5d7ac78,2,3.0,,,,9.61,12.41,7.89,10.3,9.03,9.26
2025-12-15T18:21:22.801963,Recipe_B,610592ff-dcbe-4f1d-8eb4-f593c5d7ac78,2,3.0,,,,10.37,9.55,7.83,9.91,8.17,10.11
2025-12-15T18:21:23.801963,Recipe_B,610592ff-dcbe-4f1d-8eb4-f593c5d7ac78,2,3.0,,,,10.59,9.62,7.78,10.61,9.95,12.41
2025-12-15T18:21:24.801963,Recipe_B,610592ff-dcbe-4f1d-8eb4-f593c5d7ac78,2,3.0,,,,11.3,10.07,7.85,8.7,9.02,8.0
2025-12-15T18:21:25.801963,Recipe_B,610592ff-dcbe-4f1d-8eb4-f593c5d7ac78,2,3.0,,,,10.39,10.99,10.19,10.93,10.38,7.94
2025-12-15T18:21:26.801963,Recipe_B,610592ff-dcbe-4f1d-8eb4-f593c5d7ac78,2,3.0,,,,9.73,13.25,9.54,9.53,10.46,9.49
2025-12-15T18:21:27.801963,Recipe_B,610592ff-dcbe-4f1d-8eb4-f593c5d7ac78,2,3.0,,,,6.14,10.4,9.5,9.05,9.36,7.88
2025-12-15T18:21:28.801963,Recipe_B,610592ff-dcbe-4f1d-8eb4-f593c5d7ac78,2,3.0,,,,8.92,9.34,8.47,11.1,11.4,11.71
2025-12-15T18:21:29.801963,Recipe_B,610592ff-dcbe-4f1d-8eb4-f593c5d7ac78,2,3.0,,,,10.1,10.32,11.75,10.86,4.73,11.53
2025-12-15T18:21:30.801963,Recipe_B,610592ff-dcbe-4f1d-8eb4-f593c5d7ac78,2,3.0,,,,8.96,13.06,5.9,9.48,12.13,8.33
2025-12-15T18:21:31.801963,Recipe_B,610592ff-dcbe-4f1d-8eb4-f593c5d7ac78,2,3.0,,,,12.68,14.21,10.41,13.25,9.8,9.88
2025-12-15T18:21:32.801963,Recipe_B,610592ff-dcbe-4f1d-8eb4-f593c5d7ac78,2,3.0,,,,9.94,12.09,8.14,9.5,12.04,9.67
2025-12-15T18:21:33.801963,Recipe_B,610592ff-dcbe-4f1d-8eb4-f593c5d7ac78,2,3.0,,,,12.0,12.91,10.62,10.94,11.16,13.23
2025-12-15T18:21:34.801963,Recipe_B,610592ff-dcbe-4f1d-8eb4-f593c5d7ac78,2,3.0,,,,6.8,6.19,10.56,11.66,10.19,11.34
2025-12-15T18:21:35.801963,Recipe_B,610592ff-dcbe-4f1d-8eb4-f593c5d7ac78,2,3.0,,,,11.19,10.48,7.96,14.12,6.54,8.9
2025-12-15T18:21:36.801963,Recipe_B,610592ff-dcbe-4f1d-8eb4-f593c5d7ac78,2,3.0,,,,9.15,8.06,14.1,12.07,7.59,11.54
2025-12-15T18:21:37.801963,Recipe_B,610592ff-dcbe-4f1d-8eb4-f593c5d7ac78,2,3.0,,,,10.38,8.07,9.62,10.02,10.09,9.38
2025-12-15T18:21:38.801963,Recipe_B,610592ff-dcbe-4f1d-8eb4-f593c5d7ac78,2,3.0,,,,9.67,8.5,8.43,8.9,10.33,8.47
2025-12-15T18:21:39.801963,Recipe_B,610592ff-dcbe-4f1d-8eb4-f593c5d7ac78,2,3.0,,,,10.9,6.69,12.32,12.39,13.58,9.29
2025-12-15T18:21:40.801963,Recipe_B,610592ff-dcbe-4f1d-8eb4-f593c5d7ac78,2,3.0,,,,8.99,7.38,11.1,10.28,10.32,8.32
2025-12-15T18:21:41.801963,Recipe_B,610592ff-dcbe-4f1d-8eb4-f593c5d7ac78,2,3.0,,,,5.27,6.65,12.61,7.7,9.22,11.45
2025-12-15T18:21:42.801963,Recipe_B,610592ff-dcbe-4f1d-8eb4-f593c5d7ac78,2,3.0,,,,10.27,6.3,10.19,8.8,14.36,6.31
2025-12-15T18:21:43.801963,Recipe_B,610592ff-dcbe-4f1d-8eb4-f593c5d7ac78,2,3.0,,,,14.46,12.98,10.72,8.57,9.97,6.79
2025-12-15T18:21:44.801963,Recipe_B,610592ff-dcbe-4f1d-8eb4-f593c5d7ac78,2,3.0,,,,7.3,13.99,11.63,7.86,9.99,8.43
2025-12-15T18:21:45.801963,Recipe_B,610592ff-dcbe-4f1d-8eb4-f593c5d7ac78,2,3.0,,,,10.39,14.36,11.28,11.06,9.68,10.21
2025-12-15T18:21:46.801963,Recipe_B,610592ff-dcbe-4f1d-8eb4-f593c5d7ac78,2,3.0,,,,9.47,9.57,10.8,8.43,12.13,10.98
2025-12-15T18:21:47.801963,Recipe_B,610592ff-dcbe-4f1d-8eb4-f593c5d7ac78,2,3.0,,,,8.84,8.01,12.59,11.14,6.21,13.0
2025-12-15T18:21:48.801963,Recipe_B,610592ff-dcbe-4f1d-8eb4-f593c5d7ac78,2,3.0,,,,11.91,10.04,11.72,14.54,11.39,9.8
2025-12-15T18:21:49.801963,Recipe_B,610592ff-dcbe-4f1d-8eb4-f593c5d7ac78,2,3.0,,,,5.86,11.43,10.33,12.13,10.12,10.58
2025-12-15T18:21:50.801963,Recipe_B,610592ff-dcbe-4f1d-8eb4-f593c5d7ac78,2,3.0,,,,10.49,10.52,11.76,5.8,12.39,6.25
2025-12-15T18:21:51.801963,Recipe_B,610592ff-dcbe-4f1d-8eb4-f593c5d7ac78,2,3.0,,,,9.99,14.09,10.1,8.97,13.53,13.69
2025-12-15T18:21:52.801963,Recipe_B,610592ff-dcbe-4f1d-8eb4-f593c5d7ac78,2,3.0,,,,12.43,13.34,8.96,11.66,11.91,9.4
2025-12-15T18:21:53.801963,Recipe_B,610592ff-dcbe-4f1d-8eb4-f593c5d7ac78,2,3.0,,,,9.38,7.71,9.22,9.54,13.22,9.22
2025-12-15T18:21:54.801963,Recipe_B,610592ff-dcbe-4f1d-8eb4-f593c5d7ac78,2,3.0,,,,6.39,10.83,8.34,14.02,13.68,9.16
2025-12-15T18:21:55.801963,Recipe_B,610592ff-dcbe-4f1d-8eb4-f593c5d7ac78,2,3.0,,,,9.7,12.1,8.59,9.89,8.09,8.63
2025-12-15T18:21:56.801963,Recipe_B,610592ff-dcbe-4f1d-8eb4-f593c5d7ac78,2,3.0,,,,10.09,5.11,6.86,9.81,13.72,10.7
2025-12-15T18:21:57.801963,Recipe_B,610592ff-dcbe-4f1d-8eb4-f593c5d7ac78,2,3.0,,,,12.04,10.4,10.44,9.73,7.53,9.37
2025-12-15T18:21:58.801963,Recipe_B,610592ff-dcbe-4f1d-8eb4-f593c5d7ac78,2,3.0,,,,9.58,11.68,10.81,10.6,11.1,6.39
2025-12-15T18:21:59.801963,Recipe_B,610592ff-dcbe-4f1d-8eb4-f593c5d7ac78,2,3.0,,,,8.44,12.43,14.59,12.87,8.56,13.54
2025-12-15T18:22:00.801963,Recipe_B,610592ff-dcbe-4f1d-8eb4-f593c5d7ac78,2,3.0,,,,10.79,12.93,8.99,10.65,10.06,10.55
2025-12-15T18:22:01.801963,Recipe_B,610592ff-dcbe-4f1d-8eb4-f593c5d7ac78,2,3.0,,,,8.33,9.39,9.09,10.89,10.58,11.68
2025-12-15T18:22:02.801963,Recipe_B,610592ff-dcbe-4f1d-8eb4-f593c5d7ac78,2,3.0,,,,7.55,8.81,13.32,11.4,8.06,7.62
2025-12-15T18:22:03.801963,Recipe_B,610592ff-dcbe-4f1d-8eb4-f593c5d7ac78,2,3.0,,,,9.28,12.11,11.95,7.91,11.28,13.02
2025-12-15T18:22:04.801963,Recipe_B,610592ff-dcbe-4f1d-8eb4-f593c5d7ac78,2,3.0,,,,10.15,7.94,7.6,9.0,10.44,11.05
2025-12-15T18:22:05.801963,Recipe_B,610592ff-dcbe-4f1d-8eb4-f593c5d7ac78,2,3.0,,,,9.63,8.73,5.18,13.1,11.73,10.04
2025-12-15T18:22:06.801963,Recipe_B,610592ff-dcbe-4f1d-8eb4-f593c5d7ac78,2,3.0,,,,9.22,8.52,10.97,7.83,7.27,10.07
2025-12-15T18:22:07.801963,Recipe_B,610592ff-dcbe-4f1d-8eb4-f593c5d7ac78,2,4.0,,,,103.31,63.31,44.11,54.16,57.45,54.31
2025-12-15T18:22:08.801963,Recipe_B,610592ff-dcbe-4f1d-8eb4-f593c5d7ac78,2,4.0,,,,95.73,53.47,38.92,57.07,53.76,49.56
2025-12-15T18:22:09.801963,Recipe_B,610592ff-dcbe-4f1d-8eb4-f593c5d7ac78,2,4.0,,,,97.77,45.63,55.12,52.24,46.35,47.71
2025-12-15T18:22:10.801963,Recipe_B,610592ff-dcbe-4f1d-8eb4-f593c5d7ac78,2,4.0,,,,100.82,49.41,47.81,54.83,49.32,43.72
2025-12-15T18:22:11.801963,Recipe_B,610592ff-dcbe-4f1d-8eb4-f593c5d7ac78,2,4.0,,,,108.79,60.51,55.71,49.33,50.8,51.02
2025-12-15T18:22:12.801963,Recipe_B,610592ff-dcbe-4f1d-8eb4-f593c5d7ac78,2,4.0,,,,103.08,43.9,53.49,48.45,43.2,42.95
2025-12-15T18:22:13.801963,Recipe_B,610592ff-dcbe-4f1d-8eb4-f593c5d7ac78,2,4.0,,,,101.56,50.71,49.74,51.2,51.11,49.34
2025-12-15T18:22:14.801963,Recipe_B,610592ff-dcbe-4f1d-8eb4-f593c5d7ac78,2,4.0,,,,95.92,42.38,47.46,49.06,51.65,52.24
2025-12-15T18:22:15.801963,Recipe_B,610592ff-dcbe-4f1d-8eb4-f593c5d7ac78,2,4.0,,,,99.37,56.88,52.81,52.15,61.79,62.25
2025-12-15T18:22:16.801963,Recipe_B,610592ff-dcbe-4f1d-8eb4-f593c5d7ac78,2,4.0,,,,104.3,43.45,54.55,40.08,38.26,53.24
2025-12-15T18:22:17.801963,Recipe_B,610592ff-dcbe-4f1d-8eb4-f593c5d7ac78,2,4.0,,,,94.43,47.88,47.87,45.34,65.21,49.22
2025-12-15T18:22:18.801963,Recipe_B,610592ff-dcbe-4f1d-8eb4-f593c5d7ac78,2,4.0,,,,100.1,55.32,46.91,48.98,49.01,45.57
2025-12-15T18:22:19.801963,Recipe_B,610592ff-dcbe-4f1d-8eb4-f593c5d7ac78,2,4.0,,,,103.11,59.24,45.34,52.77,54.13,48.47
2025-12-15T18:22:20.801963,Recipe_B,610592ff-dcbe-4f1d-8eb4-f593c5d7ac78,2,4.0,,,,93.96,60.64,59.78,48.82,41.76,51.77
2025-12-15T18:22:21.801963,Recipe_B,610592ff-dcbe-4f1d-8eb4-f593c5d7ac78,2,4.0,,,,105.66,52.71,55.82,47.6,42.33,51.13
2025-12-15T18:22:22.801963,Recipe_B,610592ff-dcbe-4f1d-8eb4-f593c5d7ac78,2,4.0,,,,95.1,53.94,49.66,41.13,42.89,47.28
2025-12-15T18:22:23.801963,Recipe_B,610592ff-dcbe-4f1d-8eb4-f593c5d7ac78,2,4.0,,,,88.25,46.88,55.76,47.1,57.39,51.15
2025-12-15T18:22:24.801963,Recipe_B,610592ff-dcbe-4f1d-8eb4-f593c5d7ac78,2,4.0,,,,95.47,52.86,49.52,50.58,42.08,41.77
2025-12-15T18:22:25.801963,Recipe_B,610592ff-dcbe-4f1d-8eb4-f593c5d7ac78,2,4.0,,,,97.35,53.44,47.7,50.44,45.46,56.0
2025-12-15T18:22:26.801963,Recipe_B,610592ff-dcbe-4f1d-8eb4-f593c5d7ac78,2,4.0,,,,99.22,44.04,48.11,45.75,46.86,48.89
2025-12-15T18:22:27.801963,Recipe_B,610592ff-dcbe-4f1d-8eb4-f593c5d7ac78,2,5.0,,,,12.29,7.53,13.25,7.51,9.62,11.31
2025-12-15T18:22:28.801963,Recipe_B,610592ff-dcbe-4f1d-8eb4-f593c5d7ac78,2,5.0,,,,9.49,11.22,11.74,7.48,10.69,10.84
2025-12-15T18:22:29.801963,Recipe_B,610592ff-dcbe-4f1d-8eb4-f593c5d7ac78,2,5.0,,,,9.47,8.65,8.35,6.99,10.69,10.01
2025-12-15T18:22:30.801963,Recipe_B,610592ff-dcbe-4f1d-8eb4-f593c5d7ac78,2,5.0,,,,11.53,11.43,10.41,11.52,11.16,13.22
2025-12-15T18:22:31.801963,Recipe_B,610592ff-dcbe-4f1d-8eb4-f593c5d7ac78,2,5.0,,,,11.87,10.89,10.36,7.96,8.75,12.43
2025-12-15T18:22:32.801963,Recipe_B,610592ff-dcbe-4f1d-8eb4-f593c5d7ac78,2,5.0,,,,5.14,9.9,9.91,8.82,8.18,5.25
2025-12-15T18:22:33.801963,Recipe_B,610592ff-dcbe-4f1d-8eb4-f593c5d7ac78,2,5.0,,,,10.23,9.55,11.26,7.37,9.34,7.3
2025-12-15T18:22:34.801963,Recipe_B,610592ff-dcbe-4f1d-8eb4-f593c5d7ac78,2,5.0,,,,12.68,11.45,10.12,12.99,10.46,7.44
2025-12-15T18:22:35.801963,Recipe_B,610592ff-dcbe-4f1d-8eb4-f593c5d7ac78,2,5.0,,,,7.78,9.13,11.25,9.81,8.79,10.88
2025-12-15T18:22:36.801963,Recipe_B,610592ff-dcbe-4f1d-8eb4-f593c5d7ac78,2,5.0,,,,9.67,8.74,8.06,12.56,9.13,10.59
2025-12-15T18:22:37.801963,Recipe_B,610592ff-dcbe-4f1d-8eb4-f593c5d7ac78,2,5.0,,,,14.15,9.36,10.53,10.76,11.91,6.62
2025-12-15T18:22:38.801963,Recipe_B,610592ff-dcbe-4f1d-8eb4-f593c5d7ac78,2,5.0,,,,12.19,12.31,10.31,11.58,11.94,8.15
2025-12-15T18:22:39.801963,Recipe_B,610592ff-dcbe-4f1d-8eb4-f593c5d7ac78,2,5.0,,,,7.51,9.71,8.24,11.79,12.72,10.19
2025-12-15T18:22:40.801963,Recipe_B,610592ff-dcbe-4f1d-8eb4-f593c5d7ac78,2,5.0,,,,14.41,14.28,8.32,7.61,7.03,12.14
2025-12-15T18:22:41.801963,Recipe_B,610592ff-dcbe-4f1d-8eb4-f593c5d7ac78,2,5.0,,,,7.83,6.96,7.71,9.53,8.6,9.98
2025-12-15T18:22:42.801963,Recipe_B,610592ff-dcbe-4f1d-8eb4-f593c5d7ac78,2,5.0,,,,10.77,11.18,10.06,8.93,7.13,8.15
2025-12-15T18:22:43.801963,Recipe_B,610592ff-dcbe-4f1d-8eb4-f593c5d7ac78,2,5.0,,,,12.6,7.34,7.83,12.56,7.04,9.46
2025-12-15T18:22:44.801963,Recipe_B,610592ff-dcbe-4f1d-8eb4-f593c5d7ac78,2,5.0,,,,7.68,8.02,12.39,9.68,7.99,11.17
2025-12-15T18:22:45.801963,Recipe_B,610592ff-dcbe-4f1d-8eb4-f593c5d7ac78,2,5.0,,,,8.64,9.67,8.64,9.94,9.6,12.74
2025-12-15T18:22:46.801963,Recipe_B,610592ff-dcbe-4f1d-8eb4-f593c5d7ac78,2,5.0,,,,11.53,11.01,13.6,11.11,8.53,14.34
2025-12-15T18:22:47.801963,Recipe_B,610592ff-dcbe-4f1d-8eb4-f593c5d7ac78,2,5.0,,,,10.39,8.53,10.45,8.23,9.37,14.83
2025-12-15T18:22:48.801963,Recipe_B,610592ff-dcbe-4f1d-8eb4-f593c5d7ac78,2,5.0,,,,10.4,11.7,8.07,6.92,8.46,9.79
2025-12-15T18:22:49.801963,Recipe_B,610592ff-dcbe-4f1d-8eb4-f593c5d7ac78,2,5.0,,,,11.1,9.42,12.03,12.5,10.3,12.16
2025-12-15T18:22:50.801963,Recipe_B,610592ff-dcbe-4f1d-8eb4-f593c5d7ac78,2,5.0,,,,9.22,7.48,11.27,5.72,15.16,13.32
2025-12-15T18:22:51.801963,Recipe_B,610592ff-dcbe-4f1d-8eb4-f593c5d7ac78,2,5.0,,,,7.73,10.94,12.01,9.23,8.9,12.12
2025-12-15T18:22:52.801963,Recipe_B,610592ff-dcbe-4f1d-8eb4-f593c5d7ac78,2,5.0,,,,9.79,11.42,10.57,11.22,6.93,10.12
2025-12-15T18:22:53.801963,Recipe_B,610592ff-dcbe-4f1d-8eb4-f593c5d7ac78,2,5.0,,,,7.19,10.83,4.39,10.84,10.56,9.54
2025-12-15T18:22:54.801963,Recipe_B,610592ff-dcbe-4f1d-8eb4-f593c5d7ac78,2,5.0,,,,8.17,8.05,9.32,9.39,13.83,9.79
2025-12-15T18:22:55.801963,Recipe_B,610592ff-dcbe-4f1d-8eb4-f593c5d7ac78,2,5.0,,,,10.07,11.2,12.15,8.15,9.7,10.41
2025-12-15T18:22:56.801963,Recipe_B,610592ff-dcbe-4f1d-8eb4-f593c5d7ac78,2,5.0,,,,8.82,7.37,13.59,8.91,7.86,8.88
2025-12-15T18:22:57.801963,Recipe_B,610592ff-dcbe-4f1d-8eb4-f593c5d7ac78,2,5.0,,,,10.17,9.16,10.59,12.97,11.44,9.28
2025-12-15T18:22:58.801963,Recipe_B,610592ff-dcbe-4f1d-8eb4-f593c5d7ac78,2,5.0,,,,8.22,9.49,11.84,10.52,12.2,9.9
2025-12-15T18:22:59.801963,Recipe_B,610592ff-dcbe-4f1d-8eb4-f593c5d7ac78,2,5.0,,,,8.23,10.56,8.36,9.37,10.91,8.88
2025-12-15T18:23:00.801963,Recipe_B,610592ff-dcbe-4f1d-8eb4-f593c5d7ac78,2,5.0,,,,8.29,9.28,8.57,9.79,11.77,10.61
2025-12-15T18:23:01.801963,Recipe_B,610592ff-dcbe-4f1d-8eb4-f593c5d7ac78,2,5.0,,,,11.64,10.95,13.72,4.97,7.7,10.21
2025-12-15T18:23:02.801963,Recipe_B,610592ff-dcbe-4f1d-8eb4-f593c5d7ac78,2,5.0,,,,11.23,9.7,8.81,8.58,10.66,10.0
2025-12-15T18:23:03.801963,Recipe_B,610592ff-dcbe-4f1d-8eb4-f593c5d7ac78,2,5.0,,,,10.81,12.78,11.39,11.55,8.53,11.4
2025-12-15T18:23:04.801963,Recipe_B,610592ff-dcbe-4f1d-8eb4-f593c5d7ac78,2,5.0,,,,12.44,10.33,8.76,12.02,7.33,10.45
2025-12-15T18:23:05.801963,Recipe_B,610592ff-dcbe-4f1d-8eb4-f593c5d7ac78,2,5.0,,,,11.04,9.24,6.94,10.71,11.81,12.61
2025-12-15T18:23:06.801963,Recipe_B,610592ff-dcbe-4f1d-8eb4-f593c5d7ac78,2,5.0,,,,11.96,13.54,11.28,12.13,10.18,8.63
2025-12-15T18:23:07.801963,Recipe_B,610592ff-dcbe-4f1d-8eb4-f593c5d7ac78,2,5.0,,,,10.83,10.83,13.04,8.23,6.12,8.71
2025-12-15T18:23:08.801963,Recipe_B,610592ff-dcbe-4f1d-8eb4-f593c5d7ac78,2,5.0,,,,12.7,11.6,8.64,11.09,9.44,11.94
2025-12-15T18:23:09.801963,Recipe_B,610592ff-dcbe-4f1d-8eb4-f593c5d7ac78,2,5.0,,,,9.7,6.26,11.18,10.4,8.99,7.74
2025-12-15T18:23:10.801963,Recipe_B,610592ff-dcbe-4f1d-8eb4-f593c5d7ac78,2,5.0,,,,8.87,9.27,9.11,7.71,11.93,12.35
2025-12-15T18:23:11.801963,Recipe_B,610592ff-dcbe-4f1d-8eb4-f593c5d7ac78,2,5.0,,,,9.68,13.04,11.65,10.01,8.34,11.92
2025-12-15T18:23:12.801963,Recipe_B,610592ff-dcbe-4f1d-8eb4-f593c5d7ac78,2,5.0,,,,9.68,10.01,6.37,9.04,9.94,10.51
2025-12-15T18:23:13.801963,Recipe_B,610592ff-dcbe-4f1d-8eb4-f593c5d7ac78,2,5.0,,,,8.48,12.82,11.73,8.07,17.78,9.81
2025-12-15T18:23:14.801963,Recipe_B,610592ff-dcbe-4f1d-8eb4-f593c5d7ac78,2,5.0,,,,9.36,11.48,10.55,10.29,11.27,12.48
2025-12-15T18:23:15.801963,Recipe_B,610592ff-dcbe-4f1d-8eb4-f593c5d7ac78,2,5.0,,,,12.69,10.82,7.33,9.22,5.99,9.15
2025-12-15T18:23:16.801963,Recipe_B,610592ff-dcbe-4f1d-8eb4-f593c5d7ac78,2,5.0,,,,9.64,10.7,11.9,10.76,10.56,8.17
2025-12-15T18:23:17.801963,Recipe_B,610592ff-dcbe-4f1d-8eb4-f593c5d7ac78,2,5.0,,,,7.34,7.62,13.01,10.2,2.95,8.86
2025-12-15T18:23:18.801963,Recipe_B,610592ff-dcbe-4f1d-8eb4-f593c5d7ac78,2,5.0,,,,7.8,6.89,10.11,9.52,9.79,8.46
2025-12-15T18:23:19.801963,Recipe_B,610592ff-dcbe-4f1d-8eb4-f593c5d7ac78,2,5.0,,,,12.18,11.13,11.39,9.49,12.73,7.89
2025-12-15T18:23:20.801963,Recipe_B,610592ff-dcbe-4f1d-8eb4-f593c5d7ac78,2,5.0,,,,11.25,9.56,13.24,10.93,11.39,7.98
2025-12-15T18:23:21.801963,Recipe_B,610592ff-dcbe-4f1d-8eb4-f593c5d7ac78,2,5.0,,,,12.52,11.81,9.81,9.51,11.03,11.07
2025-12-15T18:23:22.801963,Recipe_B,610592ff-dcbe-4f1d-8eb4-f593c5d7ac78,2,5.0,,,,8.96,10.88,8.84,6.45,8.72,8.08
2025-12-15T18:23:23.801963,Recipe_B,610592ff-dcbe-4f1d-8eb4-f593c5d7ac78,2,5.0,,,,9.86,8.17,9.16,13.31,14.0,11.76
2025-12-15T18:23:24.801963,Recipe_B,610592ff-dcbe-4f1d-8eb4-f593c5d7ac78,2,5.0,,,,10.25,10.89,13.25,13.16,5.33,9.2
2025-12-15T18:23:25.801963,Recipe_B,610592ff-dcbe-4f1d-8eb4-f593c5d7ac78,2,5.0,,,,9.62,10.61,12.45,7.26,6.13,10.26
2025-12-15T18:23:26.801963,Recipe_B,610592ff-dcbe-4f1d-8eb4-f593c5d7ac78,2,5.0,,,,16.1,9.82,12.36,7.87,13.92,6.23
2025-12-15T18:23:27.801963,Recipe_B,610592ff-dcbe-4f1d-8eb4-f593c5d7ac78,2,5.0,,,,13.32,9.0,9.32,11.05,14.59,10.62
2025-12-15T18:23:28.801963,Recipe_B,610592ff-dcbe-4f1d-8eb4-f593c5d7ac78,2,5.0,,,,9.33,9.89,10.6,9.66,5.95,11.13
2025-12-15T18:23:29.801963,Recipe_B,610592ff-dcbe-4f1d-8eb4-f593c5d7ac78,2,5.0,,,,10.78,10.17,7.87,12.77,15.28,6.03
2025-12-15T18:23:30.801963,Recipe_B,610592ff-dcbe-4f1d-8eb4-f593c5d7ac78,2,5.0,,,,7.85,7.47,9.76,12.58,10.16,12.51
2025-12-15T18:23:31.801963,Recipe_B,610592ff-dcbe-4f1d-8eb4-f593c5d7ac78,2,5.0,,,,8.73,9.18,9.15,10.3,7.8,8.65
2025-12-15T18:23:32.801963,Recipe_B,610592ff-dcbe-4f1d-8eb4-f593c5d7ac78,2,5.0,,,,9.02,12.15,7.83,8.49,14.5,8.27
2025-12-15T18:23:33.801963,Recipe_B,610592ff-dcbe-4f1d-8eb4-f593c5d7ac78,2,5.0,,,,10.43,7.99,12.73,9.39,11.22,8.36
2025-12-15T18:23:34.801963,Recipe_B,610592ff-dcbe-4f1d-8eb4-f593c5d7ac78,2,5.0,,,,10.77,11.7,12.63,9.65,8.09,9.3
2025-12-15T18:23:35.801963,Recipe_B,610592ff-dcbe-4f1d-8eb4-f593c5d7ac78,2,1.0,,,,8.88,9.57,7.01,10.08,12.11,8.16
2025-12-15T18:23:36.801963,Recipe_B,610592ff-dcbe-4f1d-8eb4-f593c5d7ac78,2,1.0,,,,10.32,8.67,10.07,12.55,8.09,11.27
2025-12-15T18:23:37.801963,Recipe_B,610592ff-dcbe-4f1d-8eb4-f593c5d7ac78,2,4.0,,,,106.91,44.17,56.19,43.63,52.76,55.34
2025-12-15T18:23:38.801963,Recipe_B,610592ff-dcbe-4f1d-8eb4-f593c5d7ac78,2,4.0,,,,102.79,45.04,42.75,45.53,42.2,55.09
2025-12-15T18:23:39.801963,Recipe_B,610592ff-dcbe-4f1d-8eb4-f593c5d7ac78,2,4.0,,,,101.95,46.37,48.92,44.05,58.47,51.69
2025-12-15T18:23:40.801963,Recipe_B,610592ff-dcbe-4f1d-8eb4-f593c5d7ac78,2,4.0,,,,93.12,44.25,49.94,43.81,51.67,53.08
2025-12-15T18:23:41.801963,Recipe_B,610592ff-dcbe-4f1d-8eb4-f593c5d7ac78,2,2.0,,,,8.81,10.36,8.21,13.39,7.92,8.93
2025-12-15T18:23:42.801963,Recipe_B,610592ff-dcbe-4f1d-8eb4-f593c5d7ac78,2,2.0,,,,7.36,9.56,10.19,5.29,10.32,10.37
2025-12-15T18:23:43.801963,Recipe_B,610592ff-dcbe-4f1d-8eb4-f593c5d7ac78,2,2.0,,,,7.88,10.73,10.34,6.53,7.71,11.5
2025-12-15T18:23:44.801963,Recipe_B,610592ff-dcbe-4f1d-8eb4-f593c5d7ac78,2,2.0,,,,11.41,9.43,9.37,6.02,10.45,3.59
2025-12-15T18:23:45.801963,Recipe_B,610592ff-dcbe-4f1d-8eb4-f593c5d7ac78,2,2.0,,,,10.88,10.07,8.65,7.81,10.08,10.77
2025-12-15T18:23:46.801963,Recipe_B,610592ff-dcbe-4f1d-8eb4-f593c5d7ac78,2,2.0,,,,10.41,10.01,8.73,10.01,8.28,10.7
2025-12-15T18:23:47.801963,Recipe_B,610592ff-dcbe-4f1d-8eb4-f593c5d7ac78,2,2.0,,,,9.48,12.34,6.11,8.71,17.25,10.49
2025-12-15T18:23:48.801963,Recipe_B,610592ff-dcbe-4f1d-8eb4-f593c5d7ac78,2,5.0,,,,12.39,11.06,7.88,7.75,10.72,8.85
2025-12-15T18:23:49.801963,Recipe_B,610592ff-dcbe-4f1d-8eb4-f593c5d7ac78,2,5.0,,,,10.23,8.33,9.77,7.22,10.05,9.94
2025-12-15T18:23:50.801963,Recipe_B,610592ff-dcbe-4f1d-8eb4-f593c5d7ac78,2,5.0,,,,3.9,8.08,11.05,9.13,10.09,10.4
2025-12-15T18:23:51.801963,Recipe_B,610592ff-dcbe-4f1d-8eb4-f593c5d7ac78,2,5.0,,,,8.22,11.93,10.11,9.6,11.91,14.07
2025-12-15T18:23:52.801963,Recipe_B,610592ff-dcbe-4f1d-8eb4-f593c5d7ac78,2,5.0,,,,10.01,9.8,9.99,5.73,9.74,7.98
2025-12-15T18:23:53.801963,Recipe_B,610592ff-dcbe-4f1d-8eb4-f593c5d7ac78,2,5.0,,,,13.35,13.75,11.21,9.94,9.69,9.65
2025-12-15T18:23:54.801963,Recipe_B,610592ff-dcbe-4f1d-8eb4-f593c5d7ac78,2,5.0,,,,10.99,10.59,8.02,11.34,6.59,11.15
2025-12-15T18:23:55.801963,Recipe_B,610592ff-dcbe-4f1d-8eb4-f593c5d7ac78,2,5.0,,,,6.35,9.16,13.05,8.84,14.22,8.19
2025-12-15T18:23:56.801963,Recipe_B,610592ff-dcbe-4f1d-8eb4-f593c5d7ac78,2,5.0,,,,10.64,10.86,11.31,8.19,10.28,11.96
2025-12-15T18:23:57.801963,Recipe_B,610592ff-dcbe-4f1d-8eb4-f593c5d7ac78,2,5.0,,,,7.28,10.07,11.06,10.55,15.11,10.5
2025-12-15T18:23:58.801963,Recipe_B,610592ff-dcbe-4f1d-8eb4-f593c5d7ac78,2,5.0,,,,12.26,9.44,10.25,10.15,10.2,7.13
2025-12-15T18:23:59.801963,Recipe_B,610592ff-dcbe-4f1d-8eb4-f593c5d7ac78,2,5.0,,,,10.42,6.6,10.63,11.7,11.57,7.86
2025-12-15T18:24:00.801963,Recipe_B,610592ff-dcbe-4f1d-8eb4-f593c5d7ac78,2,5.0,,,,9.53,8.34,8.61,10.67,11.43,13.25
2025-12-15T18:24:01.801963,Recipe_B,610592ff-dcbe-4f1d-8eb4-f593c5d7ac78,2,5.0,,,,10.43,9.16,8.19,7.38,12.22,8.61
2025-12-15T18:24:02.801963,Recipe_B,610592ff-dcbe-4f1d-8eb4-f593c5d7ac78,2,5.0,,,,10.56,10.43,6.91,10.47,10.77,14.17
2025-12-15T18:24:03.801963,Recipe_B,610592ff-dcbe-4f1d-8eb4-f593c5d7ac78,2,5.0,,,,8.96,8.01,12.7,14.21,14.19,14.98
2025-12-15T18:24:04.801963,Recipe_B,610592ff-dcbe-4f1d-8eb4-f593c5d7ac78,2,5.0,,,,8.68,11.31,5.18,8.47,9.42,9.57
2025-12-15T18:24:05.801963,Recipe_B,610592ff-dcbe-4f1d-8eb4-f593c5d7ac78,2,5.0,,,,6.17,7.0,10.31,9.36,12.83,9.63
2025-12-15T18:24:06.801963,Recipe_B,610592ff-dcbe-4f1d-8eb4-f593c5d7ac78,2,5.0,,,,8.57,13.3,10.92,8.18,9.61,9.81
2025-12-15T18:24:07.801963,Recipe_B,610592ff-dcbe-4f1d-8eb4-f593c5d7ac78,2,1.0,,,,11.86,10.2,7.99,9.51,9.84,10.82
2025-12-15T18:24:08.801963,Recipe_B,610592ff-dcbe-4f1d-8eb4-f593c5d7ac78,2,1.0,,,,8.94,8.35,9.03,10.35,7.98,8.5
2025-12-15T18:24:09.801963,Recipe_B,610592ff-dcbe-4f1d-8eb4-f593c5d7ac78,2,1.0,,,,10.55,9.28,9.91,9.0,10.99,7.34
2025-12-15T18:24:10.801963,Recipe_B,610592ff-dcbe-4f1d-8eb4-f593c5d7ac78,2,1.0,,,,10.44,9.53,10.76,8.85,9.36,8.73
2025-12-15T18:24:11.801963,Recipe_B,610592ff-dcbe-4f1d-8eb4-f593c5d7ac78,2,1.0,,,,8.35,11.25,7.67,11.65,9.73,9.8
2025-12-15T18:24:12.801963,Recipe_B,610592ff-dcbe-4f1d-8eb4-f593c5d7ac78,2,1.0,,,,11.68,7.35,10.88,7.2,7.02,10.73
2025-12-15T18:24:13.801963,Recipe_B,610592ff-dcbe-4f1d-8eb4-f593c5d7ac78,2,0.0,,,,0.0,0.0,0.0,0.0,0.0,0.0
2025-12-15T18:24:14.801963,Recipe_B,610592ff-dcbe-4f1d-8eb4-f593c5d7ac78,2,0.0,,,,0.0,0.0,0.0,0.0,0.0,0.0
2025-12-15T18:24:15.801963,Recipe_B,610592ff-dcbe-4f1d-8eb4-f593c5d7ac78,2,0.0,,,,0.0,0.0,0.0,0.0,0.0,0.0
2025-12-15T18:24:16.801963,Recipe_B,610592ff-dcbe-4f1d-8eb4-f593c5d7ac78,2,0.0,,,,0.0,0.0,0.0,0.0,0.0,0.0
2025-12-15T18:24:17.801963,Recipe_B,610592ff-dcbe-4f1d-8eb4-f593c5d7ac78,2,0.0,,,,0.0,0.0,0.0,0.0,0.0,0.0
2025-12-15T18:24:18.801963,Recipe_B,610592ff-dcbe-4f1d-8eb4-f593c5d7ac78,2,0.0,,,,0.0,0.0,0.0,0.0,0.0,0.0
2025-12-15T18:24:19.801963,Recipe_B,610592ff-dcbe-4f1d-8eb4-f593c5d7ac78,2,0.0,,,,0.0,0.0,0.0,0.0,0.0,0.0
2025-12-15T18:24:20.801963,Recipe_B,610592ff-dcbe-4f1d-8eb4-f593c5d7ac78,2,5.0,,,,10.18,10.64,8.43,10.57,8.44,15.54
2025-12-15T18:24:21.801963,Recipe_B,610592ff-dcbe-4f1d-8eb4-f593c5d7ac78,2,5.0,,,,7.6,11.3,10.12,13.2,10.74,16.29
2025-12-15T18:24:22.801963,Recipe_B,610592ff-dcbe-4f1d-8eb4-f593c5d7ac78,2,5.0,,,,10.87,10.92,11.21,11.22,7.21,7.86
2025-12-15T18:24:23.801963,Recipe_B,610592ff-dcbe-4f1d-8eb4-f593c5d7ac78,2,5.0,,,,10.11,11.55,13.0,11.32,8.35,11.46
2025-12-15T18:24:24.801963,Recipe_B,610592ff-dcbe-4f1d-8eb4-f593c5d7ac78,2,5.0,,,,13.07,11.88,12.62,12.47,9.44,9.57
2025-12-15T18:24:25.801963,Recipe_B,610592ff-dcbe-4f1d-8eb4-f593c5d7ac78,2,5.0,,,,11.57,8.5,11.05,7.21,11.36,8.96
2025-12-15T18:24:26.801963,Recipe_B,610592ff-dcbe-4f1d-8eb4-f593c5d7ac78,2,5.0,,,,13.05,9.29,11.76,10.36,11.21,10.98
2025-12-15T18:24:27.801963,Recipe_B,610592ff-dcbe-4f1d-8eb4-f593c5d7ac78,2,5.0,,,,11.81,11.83,7.52,13.36,8.31,11.91
2025-12-15T18:24:28.801963,Recipe_B,610592ff-dcbe-4f1d-8eb4-f593c5d7ac78,2,5.0,,,,10.71,12.09,9.35,11.44,10.56,12.82
2025-12-15T18:24:29.801963,Recipe_B,610592ff-dcbe-4f1d-8eb4-f593c5d7ac78,2,5.0,,,,9.21,11.12,9.97,13.84,8.35,9.94
2025-12-15T18:24:30.801963,Recipe_B,610592ff-dcbe-4f1d-8eb4-f593c5d7ac78,2,5.0,,,,11.74,8.26,9.75,8.01,11.1,8.39
2025-12-15T18:24:31.801963,Recipe_B,610592ff-dcbe-4f1d-8eb4-f593c5d7ac78,2,5.0,,,,10.14,12.84,11.27,8.69,8.85,7.67
2025-12-15T18:24:32.801963,Recipe_B,610592ff-dcbe-4f1d-8eb4-f593c5d7ac78,2,5.0,,,,11.88,9.35,12.67,13.54,7.0,9.15
2025-12-15T18:24:33.801963,Recipe_B,610592ff-dcbe-4f1d-8eb4-f593c5d7ac78,2,5.0,,,,7.03,10.51,12.75,9.97,8.98,10.81
2025-12-15T18:24:34.801963,Recipe_B,610592ff-dcbe-4f1d-8eb4-f593c5d7ac78,2,5.0,,,,8.64,10.36,10.18,4.0,8.65,12.24
2025-12-15T18:24:35.801963,Recipe_B,610592ff-dcbe-4f1d-8eb4-f593c5d7ac78,2,5.0,,,,9.29,10.59,11.37,8.34,11.87,7.92
2025-12-15T18:24:36.801963,Recipe_B,610592ff-dcbe-4f1d-8eb4-f593c5d7ac78,2,5.0,,,,11.14,9.21,7.85,11.53,12.56,8.13
2025-12-15T18:24:37.801963,Recipe_B,610592ff-dcbe-4f1d-8eb4-f593c5d7ac78,2,5.0,,,,13.39,8.38,9.53,10.93,11.94,11.14
2025-12-15T18:24:38.801963,Recipe_B,610592ff-dcbe-4f1d-8eb4-f593c5d7ac78,2,4.0,,,,96.58,54.13,45.03,44.81,49.84,55.58
2025-12-15T18:24:39.801963,Recipe_B,610592ff-dcbe-4f1d-8eb4-f593c5d7ac78,2,4.0,,,,94.33,50.53,47.3,47.63,54.2,51.57
2025-12-15T18:24:40.801963,Recipe_B,610592ff-dcbe-4f1d-8eb4-f593c5d7ac78,2,4.0,,,,89.9,54.41,49.82,47.35,52.86,46.91
2025-12-15T18:24:41.801963,Recipe_B,610592ff-dcbe-4f1d-8eb4-f593c5d7ac78,2,4.0,,,,101.91,61.25,46.17,53.35,51.67,60.62
2025-12-15T18:24:42.801963,Recipe_B,610592ff-dcbe-4f1d-8eb4-f593c5d7ac78,2,4.0,,,,92.09,53.96,54.5,51.09,50.67,55.63
2025-12-15T18:24:43.801963,Recipe_B,610592ff-dcbe-4f1d-8eb4-f593c5d7ac78,2,4.0,,,,110.18,48.64,53.89,45.73,51.27,54.17
2025-12-15T18:24:44.801963,Recipe_B,610592ff-dcbe-4f1d-8eb4-f593c5d7ac78,2,4.0,,,,101.24,52.0,50.06,45.19,48.89,43.74
2025-12-15T18:24:45.801963,Recipe_B,610592ff-dcbe-4f1d-8eb4-f593c5d7ac78,2,4.0,,,,103.89,43.92,50.13,49.39,44.11,43.94
2025-12-15T18:24:46.801963,Recipe_B,610592ff-dcbe-4f1d-8eb4-f593c5d7ac78,2,4.0,,,,99.59,41.46,49.3,55.19,53.35,48.74
2025-12-15T18:24:47.801963,Recipe_B,610592ff-dcbe-4f1d-8eb4-f593c5d7ac78,2,4.0,,,,90.4,44.82,52.38,50.85,57.36,58.69
2025-12-15T18:24:48.801963,Recipe_B,610592ff-dcbe-4f1d-8eb4-f593c5d7ac78,2,4.0,,,,104.77,54.67,50.03,54.35,47.67,47.46
2025-12-15T18:24:49.801963,Recipe_B,610592ff-dcbe-4f1d-8eb4-f593c5d7ac78,2,4.0,,,,100.3,51.56,44.27,48.23,48.5,43.37
2025-12-15T18:24:50.801963,Recipe_B,610592ff-dcbe-4f1d-8eb4-f593c5d7ac78,2,4.0,,,,103.94,56.76,53.41,60.22,49.27,53.18
2025-12-15T18:24:51.801963,Recipe_B,610592ff-dcbe-4f1d-8eb4-f593c5d7ac78,2,4.0,,,,102.68,45.22,50.27,42.09,47.79,54.21
2025-12-15T18:24:52.801963,Recipe_B,610592ff-dcbe-4f1d-8eb4-f593c5d7ac78,2,4.0,,,,110.7,58.18,43.01,60.27,48.03,48.87
2025-12-15T18:24:53.801963,Recipe_B,610592ff-dcbe-4f1d-8eb4-f593c5d7ac78,2,4.0,,,,96.3,47.87,55.41,39.47,55.14,50.87
2025-12-15T18:24:54.801963,Recipe_B,610592ff-dcbe-4f1d-8eb4-f593c5d7ac78,2,4.0,,,,97.95,54.85,48.4,52.07,48.65,50.12
2025-12-15T18:24:55.801963,Recipe_B,610592ff-dcbe-4f1d-8eb4-f593c5d7ac78,2,4.0,,,,102.24,54.94,49.74,52.05,50.76,50.94
2025-12-15T18:24:56.801963,Recipe_B,610592ff-dcbe-4f1d-8eb4-f593c5d7ac78,2,4.0,,,,104.48,51.13,50.23,52.64,43.41,47.57
2025-12-15T18:24:57.801963,Recipe_B,610592ff-dcbe-4f1d-8eb4-f593c5d7ac78,2,4.0,,,,103.6,42.38,50.99,56.52,52.4,43.14
2025-12-15T18:24:58.801963,Recipe_B,610592ff-dcbe-4f1d-8eb4-f593c5d7ac78,2,4.0,,,,101.93,44.05,42.69,57.71,47.51,53.77
2025-12-15T18:24:59.801963,Recipe_B,610592ff-dcbe-4f1d-8eb4-f593c5d7ac78,2,4.0,,,,106.1,53.82,48.61,54.87,54.37,58.17
2025-12-15T18:25:00.801963,Recipe_B,610592ff-dcbe-4f1d-8eb4-f593c5d7ac78,2,4.0,,,,94.33,55.29,43.12,43.96,48.12,57.34
2025-12-15T18:25:01.801963,Recipe_B,610592ff-dcbe-4f1d-8eb4-f593c5d7ac78,2,4.0,,,,94.25,43.34,46.89,62.76,54.8,51.88
2025-12-15T18:25:02.801963,Recipe_B,610592ff-dcbe-4f1d-8eb4-f593c5d7ac78,2,4.0,,,,103.87,60.51,55.35,57.14,47.67,48.7
2025-12-15T18:25:03.801963,Recipe_B,610592ff-dcbe-4f1d-8eb4-f593c5d7ac78,2,4.0,,,,90.68,49.17,48.01,60.07,46.83,56.07
2025-12-15T18:25:04.801963,Recipe_B,610592ff-dcbe-4f1d-8eb4-f593c5d7ac78,2,4.0,,,,102.51,46.79,42.86,55.77,45.9,44.08
2025-12-15T18:25:05.801963,Recipe_B,610592ff-dcbe-4f1d-8eb4-f593c5d7ac78,2,4.0,,,,97.28,49.13,47.72,38.43,59.84,52.33
2025-12-15T18:25:06.801963,Recipe_B,610592ff-dcbe-4f1d-8eb4-f593c5d7ac78,2,4.0,,,,103.15,39.18,47.8,45.43,45.07,44.56
2025-12-15T18:25:07.801963,Recipe_B,610592ff-dcbe-4f1d-8eb4-f593c5d7ac78,2,4.0,,,,101.75,51.05,44.61,51.97,60.1,35.7
2025-12-15T18:25:08.801963,Recipe_B,610592ff-dcbe-4f1d-8eb4-f593c5d7ac78,2,4.0,,,,100.75,51.29,39.81,47.44,42.3,55.9
2025-12-15T18:25:09.801963,Recipe_B,610592ff-dcbe-4f1d-8eb4-f593c5d7ac78,2,4.0,,,,103.16,52.77,52.18,54.17,37.38,48.37
2025-12-15T18:25:10.801963,Recipe_B,610592ff-dcbe-4f1d-8eb4-f593c5d7ac78,2,4.0,,,,97.23,46.46,56.53,52.9,43.64,55.2
2025-12-15T18:25:11.801963,Recipe_B,610592ff-dcbe-4f1d-8eb4-f593c5d7ac78,2,4.0,,,,99.45,54.96,54.16,58.78,50.11,45.79
2025-12-15T18:25:12.801963,Recipe_B,610592ff-dcbe-4f1d-8eb4-f593c5d7ac78,2,4.0,,,,99.2,48.23,48.91,44.69,54.79,41.21
2025-12-15T18:25:13.801963,Recipe_B,610592ff-dcbe-4f1d-8eb4-f593c5d7ac78,2,4.0,,,,98.54,43.64,45.28,57.19,52.42,56.11
2025-12-15T18:25:14.801963,Recipe_B,610592ff-dcbe-4f1d-8eb4-f593c5d7ac78,2,4.0,,,,101.6,49.71,46.25,50.91,42.35,54.84
2025-12-15T18:25:15.801963,Recipe_B,610592ff-dcbe-4f1d-8eb4-f593c5d7ac78,2,4.0,,,,100.4,52.12,52.52,59.03,61.0,42.93
2025-12-15T18:25:16.801963,Recipe_B,610592ff-dcbe-4f1d-8eb4-f593c5d7ac78,2,4.0,,,,110.01,51.83,48.94,52.49,40.05,48.67
2025-12-15T18:25:17.801963,Recipe_B,610592ff-dcbe-4f1d-8eb4-f593c5d7ac78,2,4.0,,,,102.16,47.8,49.31,55.82,46.4,53.29
2025-12-15T18:25:18.801963,Recipe_B,610592ff-dcbe-4f1d-8eb4-f593c5d7ac78,2,4.0,,,,100.74,51.89,49.55,51.64,54.33,56.52
2025-12-15T18:25:19.801963,Recipe_B,610592ff-dcbe-4f1d-8eb4-f593c5d7ac78,2,4.0,,,,99.49,45.05,48.9,49.16,49.88,44.66
2025-12-15T18:25:20.801963,Recipe_B,610592ff-dcbe-4f1d-8eb4-f593c5d7ac78,2,4.0,,,,101.65,51.14,52.25,64.15,52.59,65.04
2025-12-15T18:25:21.801963,Recipe_B,610592ff-dcbe-4f1d-8eb4-f593c5d7ac78,2,4.0,,,,93.09,48.3,55.02,49.17,57.64,51.14
2025-12-15T18:25:22.801963,Recipe_B,610592ff-dcbe-4f1d-8eb4-f593c5d7ac78,2,4.0,,,,93.16,46.7,48.78,42.58,55.5,57.26
2025-12-15T18:25:23.801963,Recipe_B,610592ff-dcbe-4f1d-8eb4-f593c5d7ac78,2,4.0,,,,99.05,47.66,53.21,44.51,46.15,47.98
2025-12-15T18:25:24.801963,Recipe_B,610592ff-dcbe-4f1d-8eb4-f593c5d7ac78,2,4.0,,,,104.01,52.69,51.24,49.76,41.6,44.0
2025-12-15T18:25:25.801963,Recipe_B,610592ff-dcbe-4f1d-8eb4-f593c5d7ac78,2,4.0,,,,102.75,49.74,51.39,50.32,48.32,49.68
2025-12-15T18:25:26.801963,Recipe_B,610592ff-dcbe-4f1d-8eb4-f593c5d7ac78,2,4.0,,,,96.48,49.49,48.32,53.2,48.93,48.21
2025-12-15T18:25:27.801963,Recipe_B,610592ff-dcbe-4f1d-8eb4-f593c5d7ac78,2,4.0,,,,96.77,50.58,53.68,54.5,58.0,49.19
2025-12-15T18:25:28.801963,Recipe_B,610592ff-dcbe-4f1d-8eb4-f593c5d7ac78,2,4.0,,,,98.93,43.51,57.58,43.46,58.7,46.24
2025-12-15T18:25:29.801963,Recipe_B,610592ff-dcbe-4f1d-8eb4-f593c5d7ac78,2,4.0,,,,104.42,49.03,55.6,46.71,41.49,54.84
2025-12-15T18:25:30.801963,Recipe_B,610592ff-dcbe-4f1d-8eb4-f593c5d7ac78,2,4.0,,,,102.53,47.84,54.27,48.13,52.17,41.75
2025-12-15T18:25:31.801963,Recipe_B,610592ff-dcbe-4f1d-8eb4-f593c5d7ac78,2,4.0,,,,96.12,54.62,56.85,53.15,47.64,57.18
2025-12-15T18:25:32.801963,Recipe_B,610592ff-dcbe-4f1d-8eb4-f593c5d7ac78,2,4.0,,,,106.62,47.61,47.19,47.52,53.62,55.0
2025-12-15T18:25:33.801963,Recipe_B,610592ff-dcbe-4f1d-8eb4-f593c5d7ac78,2,4.0,,,,97.31,52.19,46.53,55.98,45.17,51.41
2025-12-15T18:25:34.801963,Recipe_B,610592ff-dcbe-4f1d-8eb4-f593c5d7ac78,2,4.0,,,,104.78,52.96,50.25,47.39,50.87,48.58
2025-12-15T18:25:35.801963,Recipe_B,610592ff-dcbe-4f1d-8eb4-f593c5d7ac78,2,4.0,,,,106.24,60.71,46.9,42.79,40.4,49.86
2025-12-15T18:25:36.801963,Recipe_B,610592ff-dcbe-4f1d-8eb4-f593c5d7ac78,2,4.0,,,,111.33,46.75,48.44,46.92,43.9,50.01
2025-12-15T18:25:37.801963,Recipe_B,610592ff-dcbe-4f1d-8eb4-f593c5d7ac78,2,4.0,,,,95.29,53.29,48.77,48.25,54.9,52.22
2025-12-15T18:25:38.801963,Recipe_B,610592ff-dcbe-4f1d-8eb4-f593c5d7ac78,2,4.0,,,,99.46,42.06,55.28,51.31,53.13,45.63
2025-12-15T18:25:39.801963,Recipe_B,610592ff-dcbe-4f1d-8eb4-f593c5d7ac78,2,4.0,,,,105.02,50.48,50.35,48.39,57.56,51.7
2025-12-15T18:25:40.801963,Recipe_B,610592ff-dcbe-4f1d-8eb4-f593c5d7ac78,2,4.0,,,,100.3,53.05,48.11,41.02,52.04,45.37
2025-12-15T18:25:41.801963,Recipe_B,610592ff-dcbe-4f1d-8eb4-f593c5d7ac78,2,4.0,,,,94.12,51.36,52.2,44.66,47.14,55.03
2025-12-15T18:25:42.801963,Recipe_B,610592ff-dcbe-4f1d-8eb4-f593c5d7ac78,2,4.0,,,,106.57,54.45,44.65,49.62,46.64,49.06
2025-12-15T18:25:43.801963,Recipe_B,610592ff-dcbe-4f1d-8eb4-f593c5d7ac78,2,4.0,,,,107.27,44.25,60.08,48.76,47.36,42.6
2025-12-15T18:25:44.801963,Recipe_B,610592ff-dcbe-4f1d-8eb4-f593c5d7ac78,2,4.0,,,,104.76,53.61,49.06,48.06,49.82,56.94
2025-12-15T18:25:45.801963,Recipe_B,610592ff-dcbe-4f1d-8eb4-f593c5d7ac78,2,4.0,,,,99.78,51.75,50.19,48.2,49.34,61.4
2025-12-15T18:25:46.801963,Recipe_B,610592ff-dcbe-4f1d-8eb4-f593c5d7ac78,2,4.0,,,,105.94,61.94,50.91,51.92,51.45,57.96
2025-12-15T18:25:47.801963,Recipe_B,610592ff-dcbe-4f1d-8eb4-f593c5d7ac78,2,4.0,,,,97.52,43.38,47.75,46.96,51.82,51.34
2025-12-15T18:25:48.801963,Recipe_B,610592ff-dcbe-4f1d-8eb4-f593c5d7ac78,2,4.0,,,,101.25,47.57,52.22,50.6,43.57,47.85
2025-12-15T18:25:49.801963,Recipe_B,610592ff-dcbe-4f1d-8eb4-f593c5d7ac78,2,4.0,,,,103.26,45.27,42.04,47.95,53.85,44.2
2025-12-15T18:25:50.801963,Recipe_B,610592ff-dcbe-4f1d-8eb4-f593c5d7ac78,2,4.0,,,,96.23,54.08,47.54,51.26,52.07,55.19
2025-12-15T18:25:51.801963,Recipe_B,610592ff-dcbe-4f1d-8eb4-f593c5d7ac78,2,4.0,,,,97.85,49.22,57.17,53.17,46.88,51.06
2025-12-15T18:25:52.801963,Recipe_B,610592ff-dcbe-4f1d-8eb4-f593c5d7ac78,2,4.0,,,,97.31,56.47,45.89,55.96,50.63,53.39
2025-12-15T18:25:53.801963,Recipe_B,610592ff-dcbe-4f1d-8eb4-f593c5d7ac78,2,4.0,,,,94.26,42.24,47.4,41.47,46.51,41.09
2025-12-15T18:25:54.801963,Recipe_B,610592ff-dcbe-4f1d-8eb4-f593c5d7ac78,2,4.0,,,,101.39,40.27,51.34,51.43,51.56,51.41
2025-12-15T18:25:55.801963,Recipe_B,610592ff-dcbe-4f1d-8eb4-f593c5d7ac78,2,4.0,,,,107.86,54.24,55.96,41.92,47.9,53.97
2025-12-15T18:25:56.801963,Recipe_B,610592ff-dcbe-4f1d-8eb4-f593c5d7ac78,2,4.0,,,,101.18,51.11,51.31,49.41,53.47,42.58
2025-12-15T18:25:57.801963,Recipe_B,610592ff-dcbe-4f1d-8eb4-f593c5d7ac78,2,4.0,,,,104.2,50.91,47.15,50.38,39.96,44.46
2025-12-15T18:25:58.801963,Recipe_B,610592ff-dcbe-4f1d-8eb4-f593c5d7ac78,2,4.0,,,,104.02,41.5,49.62,55.19,52.23,63.83
2025-12-15T18:25:59.801963,Recipe_B,610592ff-dcbe-4f1d-8eb4-f593c5d7ac78,2,4.0,,,,92.67,51.74,41.9,49.86,58.82,44.26
2025-12-15T18:26:00.801963,Recipe_B,610592ff-dcbe-4f1d-8eb4-f593c5d7ac78,2,4.0,,,,96.75,54.76,48.57,46.97,43.13,50.81
2025-12-15T18:26:01.801963,Recipe_B,610592ff-dcbe-4f1d-8eb4-f593c5d7ac78,2,4.0,,,,109.05,52.54,45.38,45.37,56.75,45.45
2025-12-15T18:26:02.801963,Recipe_B,610592ff-dcbe-4f1d-8eb4-f593c5d7ac78,2,4.0,,,,102.72,41.26,52.33,56.63,46.22,47.5
2025-12-15T18:26:03.801963,Recipe_B,610592ff-dcbe-4f1d-8eb4-f593c5d7ac78,2,4.0,,,,99.69,53.44,51.81,49.65,50.71,46.91
2025-12-15T18:26:04.801963,Recipe_B,610592ff-dcbe-4f1d-8eb4-f593c5d7ac78,2,4.0,,,,109.26,45.1,45.78,54.99,51.45,38.11
2025-12-15T18:26:05.801963,Recipe_B,610592ff-dcbe-4f1d-8eb4-f593c5d7ac78,2,4.0,,,,100.8,51.48,47.58,48.05,54.42,56.94
2025-12-15T18:26:06.801963,Recipe_B,610592ff-dcbe-4f1d-8eb4-f593c5d7ac78,2,4.0,,,,104.75,50.85,44.48,50.21,51.89,53.91
2025-12-15T18:26:07.801963,Recipe_B,610592ff-dcbe-4f1d-8eb4-f593c5d7ac78,2,4.0,,,,99.88,47.23,52.1,45.54,43.35,49.55
2025-12-15T18:26:08.801963,Recipe_B,610592ff-dcbe-4f1d-8eb4-f593c5d7ac78,2,4.0,,,,96.92,43.53,59.51,58.18,47.66,47.01
2025-12-15T18:26:09.801963,Recipe_B,610592ff-dcbe-4f1d-8eb4-f593c5d7ac78,2,4.0,,,,104.14,49.37,42.18,48.93,47.05,49.14
2025-12-15T18:26:10.801963,Recipe_B,610592ff-dcbe-4f1d-8eb4-f593c5d7ac78,2,4.0,,,,102.09,56.22,49.9,46.29,45.2,49.38
2025-12-15T18:26:11.801963,Recipe_B,610592ff-dcbe-4f1d-8eb4-f593c5d7ac78,2,4.0,,,,104.97,47.64,53.92,44.49,58.44,57.4
2025-12-15T18:26:12.801963,Recipe_B,610592ff-dcbe-4f1d-8eb4-f593c5d7ac78,2,5.0,,,,7.26,8.16,12.83,10.83,7.11,11.4
2025-12-15T18:26:13.801963,Recipe_B,610592ff-dcbe-4f1d-8eb4-f593c5d7ac78,2,5.0,,,,11.06,9.43,11.99,12.28,8.48,11.08
2025-12-15T18:26:14.801963,Recipe_B,610592ff-dcbe-4f1d-8eb4-f593c5d7ac78,2,5.0,,,,11.76,6.45,11.37,8.62,8.59,10.08
2025-12-15T18:26:15.801963,Recipe_B,610592ff-dcbe-4f1d-8eb4-f593c5d7ac78,2,5.0,,,,11.76,10.51,13.56,11.13,10.57,7.92
2025-12-15T18:26:16.801963,Recipe_B,610592ff-dcbe-4f1d-8eb4-f593c5d7ac78,2,5.0,,,,9.55,11.8,9.77,12.36,10.51,11.69
2025-12-15T18:26:17.801963,Recipe_B,610592ff-dcbe-4f1d-8eb4-f593c5d7ac78,2,5.0,,,,12.73,7.93,11.03,7.38,6.8,8.59
2025-12-15T18:26:18.801963,Recipe_B,610592ff-dcbe-4f1d-8eb4-f593c5d7ac78,2,5.0,,,,13.06,6.96,10.63,8.94,11.87,9.4
2025-12-15T18:26:19.801963,Recipe_B,610592ff-dcbe-4f1d-8eb4-f593c5d7ac78,2,5.0,,,,12.77,9.25,11.33,13.04,9.9,5.57
2025-12-15T18:26:20.801963,Recipe_B,610592ff-dcbe-4f1d-8eb4-f593c5d7ac78,2,5.0,,,,7.48,11.2,11.38,7.11,8.82,11.4
2025-12-15T18:26:21.801963,Recipe_B,610592ff-dcbe-4f1d-8eb4-f593c5d7ac78,2,5.0,,,,12.73,10.84,6.89,13.29,10.57,12.56
2025-12-15T18:26:22.801963,Recipe_B,610592ff-dcbe-4f1d-8eb4-f593c5d7ac78,2,5.0,,,,8.85,10.19,10.46,7.85,8.67,11.26
2025-12-15T18:26:23.801963,Recipe_B,610592ff-dcbe-4f1d-8eb4-f593c5d7ac78,2,5.0,,,,9.56,11.28,11.42,5.01,8.04,11.62
2025-12-15T18:26:24.801963,Recipe_B,610592ff-dcbe-4f1d-8eb4-f593c5d7ac78,2,5.0,,,,11.35,11.85,13.38,12.89,13.79,13.91
2025-12-15T18:26:25.801963,Recipe_B,610592ff-dcbe-4f1d-8eb4-f593c5d7ac78,2,5.0,,,,9.77,7.37,9.01,9.54,9.29,7.41
2025-12-15T18:26:26.801963,Recipe_B,610592ff-dcbe-4f1d-8eb4-f593c5d7ac78,2,5.0,,,,9.89,12.72,12.47,9.02,13.1,11.93
2025-12-15T18:26:27.801963,Recipe_B,610592ff-dcbe-4f1d-8eb4-f593c5d7ac78,2,5.0,,,,11.46,10.42,8.71,10.41,10.06,6.54
2025-12-15T18:26:28.801963,Recipe_B,610592ff-dcbe-4f1d-8eb4-f593c5d7ac78,2,5.0,,,,10.03,12.36,13.98,11.33,9.87,9.14
2025-12-15T18:26:29.801963,Recipe_B,610592ff-dcbe-4f1d-8eb4-f593c5d7ac78,2,5.0,,,,7.7,9.45,12.13,13.85,12.36,10.08
2025-12-15T18:26:30.801963,Recipe_B,610592ff-dcbe-4f1d-8eb4-f593c5d7ac78,2,5.0,,,,8.81,12.4,6.78,9.01,8.84,8.17
2025-12-15T18:26:31.801963,Recipe_B,610592ff-dcbe-4f1d-8eb4-f593c5d7ac78,2,5.0,,,,10.09,11.68,10.1,9.61,6.92,8.48
2025-12-15T18:26:32.801963,Recipe_B,610592ff-dcbe-4f1d-8eb4-f593c5d7ac78,2,5.0,,,,10.66,9.18,10.33,7.05,9.19,11.81
2025-12-15T18:26:33.801963,Recipe_B,610592ff-dcbe-4f1d-8eb4-f593c5d7ac78,2,5.0,,,,8.24,11.73,10.45,9.18,11.84,6.72
2025-12-15T18:26:34.801963,Recipe_B,610592ff-dcbe-4f1d-8eb4-f593c5d7ac78,2,5.0,,,,9.29,7.76,8.81,10.21,10.23,9.4
2025-12-15T18:26:35.801963,Recipe_B,610592ff-dcbe-4f1d-8eb4-f593c5d7ac78,2,5.0,,,,10.24,9.13,8.78,7.48,9.9,9.83
2025-12-15T18:26:36.801963,Recipe_B,610592ff-dcbe-4f1d-8eb4-f593c5d7ac78,2,5.0,,,,9.41,12.19,8.83,9.99,11.6,8.51
2025-12-15T18:26:37.801963,Recipe_B,610592ff-dcbe-4f1d-8eb4-f593c5d7ac78,2,5.0,,,,11.23,9.02,12.1,7.12,12.04,10.33
2025-12-15T18:26:38.801963,Recipe_B,610592ff-dcbe-4f1d-8eb4-f593c5d7ac78,2,5.0,,,,8.85,8.85,9.4,9.65,11.59,10.29
2025-12-15T18:26:39.801963,Recipe_B,610592ff-dcbe-4f1d-8eb4-f593c5d7ac78,2,5.0,,,,6.92,8.28,10.0,10.46,12.85,10.65
2025-12-15T18:26:40.801963,Recipe_B,610592ff-dcbe-4f1d-8eb4-f593c5d7ac78,2,5.0,,,,9.51,14.11,12.03,10.74,10.67,14.85
2025-12-15T18:26:41.801963,Recipe_B,610592ff-dcbe-4f1d-8eb4-f593c5d7ac78,2,4.0,,,,97.63,51.67,53.25,41.64,50.07,43.43
2025-12-15T18:26:42.801963,Recipe_B,610592ff-dcbe-4f1d-8eb4-f593c5d7ac78,2,4.0,,,,96.56,46.71,51.86,51.8,45.86,39.64
2025-12-15T18:26:43.801963,Recipe_B,610592ff-dcbe-4f1d-8eb4-f593c5d7ac78,2,4.0,,,,108.51,46.53,50.47,44.73,48.17,58.41
2025-12-15T18:26:44.801963,Recipe_B,610592ff-dcbe-4f1d-8eb4-f593c5d7ac78,2,4.0,,,,100.32,44.75,56.4,52.62,42.98,49.51
2025-12-15T18:26:45.801963,Recipe_B,610592ff-dcbe-4f1d-8eb4-f593c5d7ac78,2,4.0,,,,96.16,43.53,48.33,44.76,44.82,40.48
2025-12-15T18:26:46.801963,Recipe_B,610592ff-dcbe-4f1d-8eb4-f593c5d7ac78,2,4.0,,,,108.72,45.93,46.18,48.07,46.78,54.25
2025-12-15T18:26:47.801963,Recipe_B,610592ff-dcbe-4f1d-8eb4-f593c5d7ac78,2,4.0,,,,107.57,50.64,56.58,47.99,44.63,47.95
2025-12-15T18:26:48.801963,Recipe_B,610592ff-dcbe-4f1d-8eb4-f593c5d7ac78,2,4.0,,,,93.32,48.87,51.99,50.21,51.39,50.19
2025-12-15T18:26:49.801963,Recipe_B,610592ff-dcbe-4f1d-8eb4-f593c5d7ac78,2,4.0,,,,101.66,44.62,51.22,44.07,43.88,49.46
2025-12-15T18:26:50.801963,Recipe_B,610592ff-dcbe-4f1d-8eb4-f593c5d7ac78,2,4.0,,,,101.56,49.39,54.11,50.42,49.49,44.02
2025-12-15T18:26:51.801963,Recipe_B,610592ff-dcbe-4f1d-8eb4-f593c5d7ac78,2,4.0,,,,107.4,42.9,51.64,50.17,51.14,51.01
2025-12-15T18:26:52.801963,Recipe_B,610592ff-dcbe-4f1d-8eb4-f593c5d7ac78,2,4.0,,,,88.51,42.57,54.2,46.67,51.32,47.49
2025-12-15T18:26:53.801963,Recipe_B,610592ff-dcbe-4f1d-8eb4-f593c5d7ac78,2,4.0,,,,94.08,50.95,44.29,48.14,48.72,49.36
2025-12-15T18:26:54.801963,Recipe_B,610592ff-dcbe-4f1d-8eb4-f593c5d7ac78,2,4.0,,,,94.7,52.02,57.84,51.3,48.19,51.49
2025-12-15T18:26:55.801963,Recipe_B,610592ff-dcbe-4f1d-8eb4-f593c5d7ac78,2,4.0,,,,90.88,47.06,46.42,44.08,59.64,58.16
2025-12-15T18:26:56.801963,Recipe_B,610592ff-dcbe-4f1d-8eb4-f593c5d7ac78,2,4.0,,,,95.74,48.75,47.2,50.61,45.25,44.32
2025-12-15T18:26:57.801963,Recipe_B,610592ff-dcbe-4f1d-8eb4-f593c5d7ac78,2,4.0,,,,91.92,48.39,49.59,47.43,61.95,49.68
2025-12-15T18:26:58.801963,Recipe_B,610592ff-dcbe-4f1d-8eb4-f593c5d7ac78,2,4.0,,,,107.64,46.35,40.4,44.53,48.44,44.66
2025-12-15T18:26:59.801963,Recipe_B,610592ff-dcbe-4f1d-8eb4-f593c5d7ac78,2,4.0,,,,101.77,46.99,44.9,49.17,46.04,53.34
2025-12-15T18:27:00.801963,Recipe_B,610592ff-dcbe-4f1d-8eb4-f593c5d7ac78,2,4.0,,,,99.0,63.08,52.67,48.17,51.84,49.34
2025-12-15T18:27:01.801963,Recipe_B,610592ff-dcbe-4f1d-8eb4-f593c5d7ac78,2,4.0,,,,101.94,54.82,61.39,47.59,48.48,44.13
2025-12-15T18:27:02.801963,Recipe_B,610592ff-dcbe-4f1d-8eb4-f593c5d7ac78,2,4.0,,,,95.75,46.11,41.75,44.65,49.96,43.21
2025-12-15T18:27:03.801963,Recipe_B,610592ff-dcbe-4f1d-8eb4-f593c5d7ac78,2,4.0,,,,97.91,48.29,47.08,55.89,49.99,53.96
2025-12-15T18:27:04.801963,Recipe_B,610592ff-dcbe-4f1d-8eb4-f593c5d7ac78,2,4.0,,,,107.32,54.85,47.86,49.39,50.87,55.53
2025-12-15T18:27:05.801963,Recipe_B,610592ff-dcbe-4f1d-8eb4-f593c5d7ac78,2,4.0,,,,103.07,37.99,57.11,47.61,43.82,41.88
2025-12-15T18:27:06.801963,Recipe_B,610592ff-dcbe-4f1d-8eb4-f593c5d7ac78,2,4.0,,,,101.68,52.83,60.47,51.83,45.44,52.72
2025-12-15T18:27:07.801963,Recipe_B,610592ff-dcbe-4f1d-8eb4-f593c5d7ac78,2,4.0,,,,92.44,50.21,43.97,51.3,48.83,46.07
2025-12-15T18:27:08.801963,Recipe_B,610592ff-dcbe-4f1d-8eb4-f593c5d7ac78,2,4.0,,,,109.33,49.68,41.79,46.74,51.87,48.53
2025-12-15T18:27:09.801963,Recipe_B,610592ff-dcbe-4f1d-8eb4-f593c5d7ac78,2,4.0,,,,99.39,48.03,52.88,45.0,52.2,48.09
2025-12-15T18:27:10.801963,Recipe_B,610592ff-dcbe-4f1d-8eb4-f593c5d7ac78,2,4.0,,,,100.87,55.17,45.64,49.39,53.28,49.07
2025-12-15T18:27:11.801963,Recipe_B,610592ff-dcbe-4f1d-8eb4-f593c5d7ac78,2,4.0,,,,100.33,46.76,51.39,60.22,50.99,54.44
2025-12-15T18:27:12.801963,Recipe_B,610592ff-dcbe-4f1d-8eb4-f593c5d7ac78,2,4.0,,,,105.7,47.62,48.56,56.04,49.81,51.09
2025-12-15T18:27:13.801963,Recipe_B,610592ff-dcbe-4f1d-8eb4-f593c5d7ac78,2,4.0,,,,95.62,51.72,54.77,53.26,52.14,38.06
2025-12-15T18:27:14.801963,Recipe_B,610592ff-dcbe-4f1d-8eb4-f593c5d7ac78,2,4.0,,,,102.34,47.87,42.64,52.37,43.41,39.28
2025-12-15T18:27:15.801963,Recipe_B,610592ff-dcbe-4f1d-8eb4-f593c5d7ac78,2,4.0,,,,101.97,49.55,57.54,40.51,53.46,51.39
2025-12-15T18:27:16.801963,Recipe_B,610592ff-dcbe-4f1d-8eb4-f593c5d7ac78,2,4.0,,,,99.52,51.79,52.73,50.66,54.05,49.88
2025-12-15T18:27:17.801963,Recipe_B,610592ff-dcbe-4f1d-8eb4-f593c5d7ac78,2,4.0,,,,100.78,51.33,59.7,43.14,50.5,53.94
2025-12-15T18:27:18.801963,Recipe_B,610592ff-dcbe-4f1d-8eb4-f593c5d7ac78,2,4.0,,,,98.92,50.21,44.4,50.26,54.35,49.4
2025-12-15T18:27:19.801963,Recipe_B,610592ff-dcbe-4f1d-8eb4-f593c5d7ac78,2,4.0,,,,103.38,51.17,46.92,54.96,47.5,53.25
2025-12-15T18:27:20.801963,Recipe_B,610592ff-dcbe-4f1d-8eb4-f593c5d7ac78,2,4.0,,,,96.82,55.76,56.64,48.9,44.68,56.53
2025-12-15T18:27:21.801963,Recipe_B,610592ff-dcbe-4f1d-8eb4-f593c5d7ac78,2,4.0,,,,94.54,51.03,52.55,43.37,44.01,53.64
2025-12-15T18:27:22.801963,Recipe_B,610592ff-dcbe-4f1d-8eb4-f593c5d7ac78,2,4.0,,,,100.29,50.53,51.23,55.35,60.92,45.81
2025-12-15T18:27:23.801963,Recipe_B,610592ff-dcbe-4f1d-8eb4-f593c5d7ac78,2,4.0,,,,104.66,52.68,50.14,47.21,51.86,44.57
2025-12-15T18:27:24.801963,Recipe_B,610592ff-dcbe-4f1d-8eb4-f593c5d7ac78,2,4.0,,,,100.36,54.27,56.06,50.55,49.48,50.05
2025-12-15T18:27:25.801963,Recipe_B,610592ff-dcbe-4f1d-8eb4-f593c5d7ac78,2,4.0,,,,100.38,54.92,52.1,48.79,49.17,51.38
2025-12-15T18:27:26.801963,Recipe_B,610592ff-dcbe-4f1d-8eb4-f593c5d7ac78,2,4.0,,,,100.71,46.76,55.35,53.56,49.9,52.94
2025-12-15T18:27:27.801963,Recipe_B,610592ff-dcbe-4f1d-8eb4-f593c5d7ac78,2,4.0,,,,97.61,54.11,51.26,55.71,58.05,42.89
2025-12-15T18:27:28.801963,Recipe_B,610592ff-dcbe-4f1d-8eb4-f593c5d7ac78,2,1.0,,,,10.64,8.88,13.25,10.21,12.15,9.33
2025-12-15T18:27:29.801963,Recipe_B,610592ff-dcbe-4f1d-8eb4-f593c5d7ac78,2,1.0,,,,6.09,10.21,10.3,8.96,9.71,10.59
2025-12-15T18:27:30.801963,Recipe_B,610592ff-dcbe-4f1d-8eb4-f593c5d7ac78,2,1.0,,,,9.98,6.54,11.78,10.75,7.48,9.01
2025-12-15T18:27:31.801963,Recipe_B,610592ff-dcbe-4f1d-8eb4-f593c5d7ac78,2,1.0,,,,6.55,10.97,12.94,7.83,15.32,9.36
2025-12-15T18:27:32.801963,Recipe_B,610592ff-dcbe-4f1d-8eb4-f593c5d7ac78,2,1.0,,,,10.76,8.09,9.8,7.82,11.08,8.68
2025-12-15T18:27:33.801963,Recipe_B,610592ff-dcbe-4f1d-8eb4-f593c5d7ac78,2,1.0,,,,11.4,8.0,13.26,11.39,10.3,11.4
2025-12-15T18:27:34.801963,Recipe_B,610592ff-dcbe-4f1d-8eb4-f593c5d7ac78,2,1.0,,,,6.11,10.99,10.44,11.99,10.59,11.71
2025-12-15T18:27:35.801963,Recipe_B,610592ff-dcbe-4f1d-8eb4-f593c5d7ac78,2,1.0,,,,8.9,13.67,11.31,10.72,11.51,10.27
2025-12-15T18:27:35.801963,Recipe_B,610592ff-dcbe-4f1d-8eb4-f593c5d7ac78,2,1.0,Error_5,Simulated Error occurred,Error,,,,,,
2025-12-15T18:27:36.801963,Recipe_B,610592ff-dcbe-4f1d-8eb4-f593c5d7ac78,2,1.0,,,,10.58,9.94,11.05,11.22,8.76,8.1
2025-12-15T18:27:37.801963,Recipe_B,610592ff-dcbe-4f1d-8eb4-f593c5d7ac78,2,1.0,,,,7.96,11.84,8.1,11.97,8.75,11.42
2025-12-15T18:27:38.801963,Recipe_B,610592ff-dcbe-4f1d-8eb4-f593c5d7ac78,2,1.0,,,,9.86,10.19,10.72,11.54,8.5,11.29
2025-12-15T18:27:39.801963,Recipe_B,610592ff-dcbe-4f1d-8eb4-f593c5d7ac78,2,1.0,,,,9.4,7.55,9.6,6.36,9.88,9.33
2025-12-15T18:27:40.801963,Recipe_B,610592ff-dcbe-4f1d-8eb4-f593c5d7ac78,2,1.0,,,,12.42,9.43,11.43,8.79,8.8,14.94
2025-12-15T18:27:41.801963,Recipe_B,610592ff-dcbe-4f1d-8eb4-f593c5d7ac78,2,1.0,,,,11.27,6.61,10.92,12.12,5.56,8.27
2025-12-15T18:27:42.801963,Recipe_B,610592ff-dcbe-4f1d-8eb4-f593c5d7ac78,2,1.0,,,,14.39,10.02,10.45,9.38,9.7,11.8
2025-12-15T18:27:43.801963,Recipe_B,610592ff-dcbe-4f1d-8eb4-f593c5d7ac78,2,1.0,,,,11.53,7.06,7.6,12.13,10.64,8.36
2025-12-15T18:27:44.801963,Recipe_B,610592ff-dcbe-4f1d-8eb4-f593c5d7ac78,2,1.0,,,,6.64,9.89,13.97,10.93,11.49,9.89
2025-12-15T18:27:45.801963,Recipe_B,610592ff-dcbe-4f1d-8eb4-f593c5d7ac78,2,1.0,,,,7.6,9.67,8.67,5.73,12.66,8.39
2025-12-15T18:27:46.801963,Recipe_B,610592ff-dcbe-4f1d-8eb4-f593c5d7ac78,2,1.0,,,,10.79,9.99,10.31,6.54,12.24,10.96
2025-12-15T18:27:47.801963,Recipe_B,610592ff-dcbe-4f1d-8eb4-f593c5d7ac78,2,1.0,,,,12.69,6.87,7.53,9.22,5.93,11.08
2025-12-15T18:27:48.801963,Recipe_B,610592ff-dcbe-4f1d-8eb4-f593c5d7ac78,2,1.0,,,,9.28,10.9,13.75,7.78,12.0,8.86
2025-12-15T18:27:49.801963,Recipe_B,610592ff-dcbe-4f1d-8eb4-f593c5d7ac78,2,1.0,,,,10.05,6.52,11.03,8.84,8.56,11.0
2025-12-15T18:27:50.801963,Recipe_B,610592ff-dcbe-4f1d-8eb4-f593c5d7ac78,2,1.0,,,,11.88,8.69,8.88,12.12,8.03,7.44
2025-12-15T18:27:51.801963,Recipe_B,610592ff-dcbe-4f1d-8eb4-f593c5d7ac78,2,1.0,,,,11.59,7.87,9.98,11.95,9.91,6.61
2025-12-15T18:27:52.801963,Recipe_B,610592ff-dcbe-4f1d-8eb4-f593c5d7ac78,2,1.0,,,,11.71,11.48,8.56,9.84,13.75,11.84
2025-12-15T18:27:53.801963,Recipe_B,610592ff-dcbe-4f1d-8eb4-f593c5d7ac78,2,1.0,,,,14.2,12.67,8.88,10.7,8.61,8.4
2025-12-15T18:27:54.801963,Recipe_B,610592ff-dcbe-4f1d-8eb4-f593c5d7ac78,2,1.0,,,,7.85,8.8,13.1,12.79,8.77,12.82
2025-12-15T18:27:55.801963,Recipe_B,610592ff-dcbe-4f1d-8eb4-f593c5d7ac78,2,1.0,,,,10.02,9.8,10.31,8.93,10.45,11.8
2025-12-15T18:27:56.801963,Recipe_B,610592ff-dcbe-4f1d-8eb4-f593c5d7ac78,2,1.0,,,,12.63,8.57,5.64,11.17,9.75,9.7
2025-12-15T18:27:57.801963,Recipe_B,610592ff-dcbe-4f1d-8eb4-f593c5d7ac78,2,1.0,,,,8.31,9.87,17.12,13.97,9.74,10.29
2025-12-15T18:27:58.801963,Recipe_B,610592ff-dcbe-4f1d-8eb4-f593c5d7ac78,2,1.0,,,,11.22,9.19,6.63,10.12,11.22,9.26
2025-12-15T18:27:59.801963,Recipe_B,610592ff-dcbe-4f1d-8eb4-f593c5d7ac78,2,1.0,,,,14.26,9.86,13.62,12.52,9.16,12.99
2025-12-15T18:28:00.801963,Recipe_B,610592ff-dcbe-4f1d-8eb4-f593c5d7ac78,2,1.0,,,,9.4,8.96,7.39,8.83,10.18,14.17
2025-12-15T18:28:01.801963,Recipe_B,610592ff-dcbe-4f1d-8eb4-f593c5d7ac78,2,1.0,,,,10.87,6.58,7.54,9.67,10.63,8.15
2025-12-15T18:28:02.801963,Recipe_B,610592ff-dcbe-4f1d-8eb4-f593c5d7ac78,2,1.0,,,,10.96,9.22,11.17,9.18,8.97,10.08
2025-12-15T18:28:03.801963,Recipe_B,610592ff-dcbe-4f1d-8eb4-f593c5d7ac78,2,1.0,,,,7.98,13.64,8.99,10.87,13.84,10.22
2025-12-15T18:28:04.801963,Recipe_B,610592ff-dcbe-4f1d-8eb4-f593c5d7ac78,2,1.0,,,,13.71,11.43,9.96,9.68,9.72,10.61
2025-12-15T18:28:05.801963,Recipe_B,610592ff-dcbe-4f1d-8eb4-f593c5d7ac78,2,1.0,,,,7.21,7.5,15.56,8.38,10.6,13.87
2025-12-15T18:28:06.801963,Recipe_B,610592ff-dcbe-4f1d-8eb4-f593c5d7ac78,2,1.0,,,,9.49,5.27,11.19,9.2,11.13,12.61
2025-12-15T18:28:07.801963,Recipe_B,610592ff-dcbe-4f1d-8eb4-f593c5d7ac78,2,1.0,,,,13.21,12.34,8.4,9.31,7.74,11.27
2025-12-15T18:28:08.801963,Recipe_B,610592ff-dcbe-4f1d-8eb4-f593c5d7ac78,2,1.0,,,,9.42,10.35,9.8,8.97,10.47,12.62
2025-12-15T18:28:09.801963,Recipe_B,610592ff-dcbe-4f1d-8eb4-f593c5d7ac78,2,1.0,,,,7.77,6.99,9.47,11.3,7.0,8.8
2025-12-15T18:28:10.801963,Recipe_B,610592ff-dcbe-4f1d-8eb4-f593c5d7ac78,2,1.0,,,,10.6,13.35,8.89,12.01,10.38,10.56
2025-12-15T18:28:11.801963,Recipe_B,610592ff-dcbe-4f1d-8eb4-f593c5d7ac78,2,1.0,,,,9.64,8.79,13.55,10.65,5.48,10.81
2025-12-15T18:28:12.801963,Recipe_B,610592ff-dcbe-4f1d-8eb4-f593c5d7ac78,2,1.0,,,,14.06,9.97,10.6,11.46,7.87,7.72
2025-12-15T18:28:13.801963,Recipe_B,610592ff-dcbe-4f1d-8eb4-f593c5d7ac78,2,1.0,,,,7.38,11.68,11.99,14.12,8.75,10.9
2025-12-15T18:28:14.801963,Recipe_B,610592ff-dcbe-4f1d-8eb4-f593c5d7ac78,2,1.0,,,,11.21,11.73,11.26,10.0,10.64,8.0
2025-12-15T18:28:15.801963,Recipe_B,610592ff-dcbe-4f1d-8eb4-f593c5d7ac78,2,1.0,,,,9.58,9.93,11.86,12.98,13.96,6.31
2025-12-15T18:28:16.801963,Recipe_B,610592ff-dcbe-4f1d-8eb4-f593c5d7ac78,2,1.0,,,,11.04,11.17,11.51,9.43,9.94,10.05
2025-12-15T18:28:17.801963,Recipe_B,610592ff-dcbe-4f1d-8eb4-f593c5d7ac78,2,1.0,,,,9.79,10.79,13.21,11.94,7.49,7.89
2025-12-15T18:28:18.801963,Recipe_B,610592ff-dcbe-4f1d-8eb4-f593c5d7ac78,2,1.0,,,,10.8,10.64,6.53,10.14,8.59,8.69
2025-12-15T18:28:19.801963,Recipe_B,610592ff-dcbe-4f1d-8eb4-f593c5d7ac78,2,1.0,,,,11.7,6.78,12.14,8.32,10.49,9.9
2025-12-15T18:28:20.801963,Recipe_B,610592ff-dcbe-4f1d-8eb4-f593c5d7ac78,2,1.0,,,,9.14,8.67,6.45,10.7,11.09,9.84
2025-12-15T18:28:21.801963,Recipe_B,610592ff-dcbe-4f1d-8eb4-f593c5d7ac78,2,1.0,,,,12.67,10.58,10.47,12.69,9.12,8.48
2025-12-15T18:28:22.801963,Recipe_B,610592ff-dcbe-4f1d-8eb4-f593c5d7ac78,2,1.0,,,,9.56,8.25,8.03,9.43,10.99,9.82
2025-12-15T18:28:23.801963,Recipe_B,610592ff-dcbe-4f1d-8eb4-f593c5d7ac78,2,1.0,,,,11.63,9.83,11.74,10.56,8.89,8.68
2025-12-15T18:28:24.801963,Recipe_B,610592ff-dcbe-4f1d-8eb4-f593c5d7ac78,2,1.0,,,,10.48,9.11,6.09,10.34,11.06,8.37
2025-12-15T18:28:25.801963,Recipe_B,610592ff-dcbe-4f1d-8eb4-f593c5d7ac78,2,1.0,,,,10.71,9.52,9.57,11.5,12.25,4.62
2025-12-15T18:28:26.801963,Recipe_B,610592ff-dcbe-4f1d-8eb4-f593c5d7ac78,2,1.0,,,,11.02,10.07,8.59,8.47,9.32,11.61
2025-12-15T18:28:27.801963,Recipe_B,610592ff-dcbe-4f1d-8eb4-f593c5d7ac78,2,1.0,,,,8.86,8.03,7.18,8.77,12.22,12.66
2025-12-15T18:28:28.801963,Recipe_B,610592ff-dcbe-4f1d-8eb4-f593c5d7ac78,2,0.0,,,,0.0,0.0,0.0,0.0,0.0,0.0
2025-12-15T18:28:29.801963,Recipe_B,610592ff-dcbe-4f1d-8eb4-f593c5d7ac78,2,0.0,,,,0.0,0.0,0.0,0.0,0.0,0.0
2025-12-15T18:28:30.801963,Recipe_B,610592ff-dcbe-4f1d-8eb4-f593c5d7ac78,2,0.0,,,,0.0,0.0,0.0,0.0,0.0,0.0
2025-12-15T18:28:31.801963,Recipe_B,610592ff-dcbe-4f1d-8eb4-f593c5d7ac78,2,0.0,,,,0.0,0.0,0.0,0.0,0.0,0.0
2025-12-15T18:28:32.801963,Recipe_B,610592ff-dcbe-4f1d-8eb4-f593c5d7ac78,2,0.0,,,,0.0,0.0,0.0,0.0,0.0,0.0
2025-12-15T18:28:33.801963,Recipe_B,610592ff-dcbe-4f1d-8eb4-f593c5d7ac78,2,0.0,,,,0.0,0.0,0.0,0.0,0.0,0.0
2025-12-15T18:28:34.801963,Recipe_B,610592ff-dcbe-4f1d-8eb4-f593c5d7ac78,2,0.0,,,,0.0,0.0,0.0,0.0,0.0,0.0
2025-12-15T18:28:35.801963,Recipe_B,610592ff-dcbe-4f1d-8eb4-f593c5d7ac78,2,0.0,,,,0.0,0.0,0.0,0.0,0.0,0.0
2025-12-15T18:28:36.801963,Recipe_B,610592ff-dcbe-4f1d-8eb4-f593c5d7ac78,2,0.0,,,,0.0,0.0,0.0,0.0,0.0,0.0
2025-12-15T18:28:37.801963,Recipe_B,610592ff-dcbe-4f1d-8eb4-f593c5d7ac78,2,0.0,,,,0.0,0.0,0.0,0.0,0.0,0.0
2025-12-15T18:28:38.801963,Recipe_B,610592ff-dcbe-4f1d-8eb4-f593c5d7ac78,2,0.0,,,,0.0,0.0,0.0,0.0,0.0,0.0
2025-12-15T18:28:39.801963,Recipe_B,610592ff-dcbe-4f1d-8eb4-f593c5d7ac78,2,0.0,,,,0.0,0.0,0.0,0.0,0.0,0.0
2025-12-15T18:28:40.801963,Recipe_B,610592ff-dcbe-4f1d-8eb4-f593c5d7ac78,2,0.0,,,,0.0,0.0,0.0,0.0,0.0,0.0
2025-12-15T18:28:41.801963,Recipe_B,610592ff-dcbe-4f1d-8eb4-f593c5d7ac78,2,0.0,,,,0.0,0.0,0.0,0.0,0.0,0.0
2025-12-15T18:28:42.801963,Recipe_B,610592ff-dcbe-4f1d-8eb4-f593c5d7ac78,2,0.0,,,,0.0,0.0,0.0,0.0,0.0,0.0
2025-12-15T18:28:43.801963,Recipe_B,610592ff-dcbe-4f1d-8eb4-f593c5d7ac78,2,0.0,,,,0.0,0.0,0.0,0.0,0.0,0.0
2025-12-15T18:28:44.801963,Recipe_B,610592ff-dcbe-4f1d-8eb4-f593c5d7ac78,2,0.0,,,,0.0,0.0,0.0,0.0,0.0,0.0
2025-12-15T18:28:45.801963,Recipe_B,610592ff-dcbe-4f1d-8eb4-f593c5d7ac78,2,0.0,,,,0.0,0.0,0.0,0.0,0.0,0.0
2025-12-15T18:28:46.801963,Recipe_B,610592ff-dcbe-4f1d-8eb4-f593c5d7ac78,2,0.0,,,,0.0,0.0,0.0,0.0,0.0,0.0
2025-12-15T18:28:47.801963,Recipe_B,610592ff-dcbe-4f1d-8eb4-f593c5d7ac78,2,0.0,,,,0.0,0.0,0.0,0.0,0.0,0.0
2025-12-15T18:28:48.801963,Recipe_B,610592ff-dcbe-4f1d-8eb4-f593c5d7ac78,2,0.0,,,,0.0,0.0,0.0,0.0,0.0,0.0
2025-12-15T18:28:49.801963,Recipe_B,610592ff-dcbe-4f1d-8eb4-f593c5d7ac78,2,5.0,,,,10.74,11.78,10.23,9.18,11.65,9.34
2025-12-15T18:28:50.801963,Recipe_B,610592ff-dcbe-4f1d-8eb4-f593c5d7ac78,2,5.0,,,,8.81,7.31,12.87,10.02,8.14,14.52
2025-12-15T18:28:51.801963,Recipe_B,610592ff-dcbe-4f1d-8eb4-f593c5d7ac78,2,5.0,,,,10.95,8.6,10.82,8.75,13.19,9.4
2025-12-15T18:28:52.801963,Recipe_B,610592ff-dcbe-4f1d-8eb4-f593c5d7ac78,2,5.0,,,,13.4,9.25,10.5,10.97,11.93,11.45
2025-12-15T18:28:53.801963,Recipe_B,610592ff-dcbe-4f1d-8eb4-f593c5d7ac78,2,5.0,,,,9.68,13.51,6.27,10.52,11.68,11.82
2025-12-15T18:28:54.801963,Recipe_B,610592ff-dcbe-4f1d-8eb4-f593c5d7ac78,2,5.0,,,,12.18,8.56,9.19,6.2,13.59,11.93
2025-12-15T18:28:55.801963,Recipe_B,610592ff-dcbe-4f1d-8eb4-f593c5d7ac78,2,5.0,,,,15.14,8.21,9.92,9.13,10.43,6.63
2025-12-15T18:28:56.801963,Recipe_B,610592ff-dcbe-4f1d-8eb4-f593c5d7ac78,2,5.0,,,,6.5,6.7,9.46,11.15,7.07,11.71
2025-12-15T18:28:57.801963,Recipe_B,610592ff-dcbe-4f1d-8eb4-f593c5d7ac78,2,5.0,,,,11.99,7.3,9.47,9.96,10.76,8.51
2025-12-15T18:28:58.801963,Recipe_B,610592ff-dcbe-4f1d-8eb4-f593c5d7ac78,2,5.0,,,,11.92,6.33,12.06,11.74,11.41,7.77
2025-12-15T18:28:59.801963,Recipe_B,610592ff-dcbe-4f1d-8eb4-f593c5d7ac78,2,5.0,,,,6.88,10.82,10.73,8.77,8.72,8.75
2025-12-15T18:29:00.801963,Recipe_B,610592ff-dcbe-4f1d-8eb4-f593c5d7ac78,2,5.0,,,,12.59,10.21,8.36,12.22,6.59,11.84
2025-12-15T18:29:01.801963,Recipe_B,610592ff-dcbe-4f1d-8eb4-f593c5d7ac78,2,5.0,,,,7.52,9.18,6.44,9.58,9.89,11.04
2025-12-15T18:29:02.801963,Recipe_B,610592ff-dcbe-4f1d-8eb4-f593c5d7ac78,2,5.0,,,,13.62,6.11,8.09,10.33,8.43,11.21
2025-12-15T18:29:03.801963,Recipe_B,610592ff-dcbe-4f1d-8eb4-f593c5d7ac78,2,5.0,,,,9.73,10.16,9.58,10.5,11.29,12.19
2025-12-15T18:29:04.801963,Recipe_B,610592ff-dcbe-4f1d-8eb4-f593c5d7ac78,2,5.0,,,,8.96,8.93,11.78,9.82,10.0,12.25
2025-12-15T18:29:05.801963,Recipe_B,610592ff-dcbe-4f1d-8eb4-f593c5d7ac78,2,5.0,,,,9.34,10.91,12.18,8.92,8.91,7.46
2025-12-15T18:29:06.801963,Recipe_B,610592ff-dcbe-4f1d-8eb4-f593c5d7ac78,2,5.0,,,,11.62,12.13,12.12,8.71,10.75,10.07
2025-12-15T18:29:07.801963,Recipe_B,610592ff-dcbe-4f1d-8eb4-f593c5d7ac78,2,5.0,,,,11.81,9.2,9.66,9.23,8.66,9.14
2025-12-15T18:29:08.801963,Recipe_B,610592ff-dcbe-4f1d-8eb4-f593c5d7ac78,2,5.0,,,,10.74,10.65,9.14,11.5,15.35,6.2
2025-12-15T18:29:09.801963,Recipe_B,610592ff-dcbe-4f1d-8eb4-f593c5d7ac78,2,5.0,,,,10.27,8.93,8.82,8.77,7.35,8.6
2025-12-15T18:29:10.801963,Recipe_B,610592ff-dcbe-4f1d-8eb4-f593c5d7ac78,2,5.0,,,,9.39,8.87,11.0,11.23,12.31,12.58
2025-12-15T18:29:11.801963,Recipe_B,610592ff-dcbe-4f1d-8eb4-f593c5d7ac78,2,5.0,,,,8.68,10.57,7.83,10.22,9.43,10.05
2025-12-15T18:29:12.801963,Recipe_B,610592ff-dcbe-4f1d-8eb4-f593c5d7ac78,2,5.0,,,,12.07,10.52,12.98,8.86,12.95,12.48
2025-12-15T18:29:13.801963,Recipe_B,610592ff-dcbe-4f1d-8eb4-f593c5d7ac78,2,5.0,,,,6.23,11.34,12.14,10.64,9.19,8.56
2025-12-15T18:29:14.801963,Recipe_B,610592ff-dcbe-4f1d-8eb4-f593c5d7ac78,2,5.0,,,,9.39,8.88,11.43,9.54,9.69,12.2
2025-12-15T18:29:15.801963,Recipe_B,610592ff-dcbe-4f1d-8eb4-f593c5d7ac78,2,5.0,,,,6.25,12.41,10.89,8.26,8.38,10.81
2025-12-15T18:29:16.801963,Recipe_B,610592ff-dcbe-4f1d-8eb4-f593c5d7ac78,2,2.0,,,,10.94,13.77,9.26,8.8,6.94,8.06
2025-12-15T18:29:17.801963,Recipe_B,610592ff-dcbe-4f1d-8eb4-f593c5d7ac78,2,2.0,,,,11.47,8.11,7.75,6.36,15.03,8.17
2025-12-15T18:29:18.801963,Recipe_B,610592ff-dcbe-4f1d-8eb4-f593c5d7ac78,2,2.0,,,,11.94,7.61,9.84,5.72,9.53,11.71
2025-12-15T18:29:19.801963,Recipe_B,610592ff-dcbe-4f1d-8eb4-f593c5d7ac78,2,2.0,,,,12.63,8.9,9.51,12.15,8.28,10.0
2025-12-15T18:29:20.801963,Recipe_B,610592ff-dcbe-4f1d-8eb4-f593c5d7ac78,2,2.0,,,,8.58,7.46,7.63,10.2,9.81,11.39
2025-12-15T18:29:21.801963,Recipe_B,610592ff-dcbe-4f1d-8eb4-f593c5d7ac78,2,2.0,,,,8.4,10.04,11.02,9.11,11.43,10.28
2025-12-15T18:29:22.801963,Recipe_B,610592ff-dcbe-4f1d-8eb4-f593c5d7ac78,2,2.0,,,,9.52,11.0,9.48,6.85,10.07,13.87
2025-12-15T18:29:23.801963,Recipe_B,610592ff-dcbe-4f1d-8eb4-f593c5d7ac78,2,2.0,,,,8.17,9.25,9.02,7.2,7.11,12.22
2025-12-15T18:29:24.801963,Recipe_B,610592ff-dcbe-4f1d-8eb4-f593c5d7ac78,2,5.0,,,,10.63,7.33,9.97,9.37,8.03,8.68
2025-12-15T18:29:25.801963,Recipe_B,610592ff-dcbe-4f1d-8eb4-f593c5d7ac78,2,5.0,,,,10.9,11.42,8.9,7.83,13.8,13.23
2025-12-15T18:29:26.801963,Recipe_B,610592ff-dcbe-4f1d-8eb4-f593c5d7ac78,2,5.0,,,,10.66,8.87,6.41,9.52,5.92,11.54
2025-12-15T18:29:27.801963,Recipe_B,610592ff-dcbe-4f1d-8eb4-f593c5d7ac78,2,5.0,,,,6.05,10.68,9.17,11.94,10.13,9.67
2025-12-15T18:29:28.801963,Recipe_B,610592ff-dcbe-4f1d-8eb4-f593c5d7ac78,2,5.0,,,,11.74,11.19,7.18,11.71,10.19,12.33
2025-12-15T18:29:29.801963,Recipe_B,610592ff-dcbe-4f1d-8eb4-f593c5d7ac78,2,5.0,,,,7.17,12.61,10.01,8.58,11.7,11.87
2025-12-15T18:29:30.801963,Recipe_B,610592ff-dcbe-4f1d-8eb4-f593c5d7ac78,2,5.0,,,,9.74,12.89,6.79,10.96,9.63,9.68
2025-12-15T18:29:31.801963,Recipe_B,610592ff-dcbe-4f1d-8eb4-f593c5d7ac78,2,5.0,,,,9.76,7.31,9.18,12.47,9.48,6.2
2025-12-15T18:29:32.801963,Recipe_B,610592ff-dcbe-4f1d-8eb4-f593c5d7ac78,2,5.0,,,,11.45,9.52,9.89,9.15,9.26,11.2
2025-12-15T18:29:33.801963,Recipe_B,610592ff-dcbe-4f1d-8eb4-f593c5d7ac78,2,5.0,,,,10.53,8.64,14.03,8.2,8.62,7.51
2025-12-15T18:29:34.801963,Recipe_B,610592ff-dcbe-4f1d-8eb4-f593c5d7ac78,2,5.0,,,,9.01,10.09,11.22,6.31,11.39,9.97
2025-12-15T18:29:35.801963,Recipe_B,610592ff-dcbe-4f1d-8eb4-f593c5d7ac78,2,5.0,,,,9.92,7.0,11.36,7.85,9.02,14.13
2025-12-15T18:29:36.801963,Recipe_B,610592ff-dcbe-4f1d-8eb4-f593c5d7ac78,2,5.0,,,,9.96,10.11,12.24,6.31,12.34,11.88
2025-12-15T18:29:37.801963,Recipe_B,610592ff-dcbe-4f1d-8eb4-f593c5d7ac78,2,5.0,,,,7.73,7.93,9.88,13.51,9.03,9.72
2025-12-15T18:29:38.801963,Recipe_B,610592ff-dcbe-4f1d-8eb4-f593c5d7ac78,2,5.0,,,,8.23,10.51,11.53,9.48,11.03,14.14
2025-12-15T18:29:39.801963,Recipe_B,610592ff-dcbe-4f1d-8eb4-f593c5d7ac78,2,5.0,,,,10.55,10.32,10.09,15.95,6.44,9.56
2025-12-15T18:29:40.801963,Recipe_B,610592ff-dcbe-4f1d-8eb4-f593c5d7ac78,2,5.0,,,,9.13,13.12,12.63,10.12,10.01,8.2
2025-12-15T18:29:41.801963,Recipe_B,610592ff-dcbe-4f1d-8eb4-f593c5d7ac78,2,5.0,,,,11.8,10.64,9.24,9.68,7.48,12.04
2025-12-15T18:29:42.801963,Recipe_B,610592ff-dcbe-4f1d-8eb4-f593c5d7ac78,2,5.0,,,,9.74,9.06,9.79,11.82,7.14,7.31
2025-12-15T18:29:43.801963,Recipe_B,610592ff-dcbe-4f1d-8eb4-f593c5d7ac78,2,5.0,,,,11.13,12.31,10.89,8.85,9.17,7.91
2025-12-15T18:29:44.801963,Recipe_B,610592ff-dcbe-4f1d-8eb4-f593c5d7ac78,2,5.0,,,,12.25,10.85,9.34,10.64,10.24,8.47
2025-12-15T18:29:45.801963,Recipe_B,610592ff-dcbe-4f1d-8eb4-f593c5d7ac78,2,5.0,,,,8.48,11.51,11.21,13.08,9.54,9.98
2025-12-15T18:29:46.801963,Recipe_B,610592ff-dcbe-4f1d-8eb4-f593c5d7ac78,2,5.0,,,,9.15,10.99,7.64,9.28,7.8,8.3
2025-12-15T18:29:47.801963,Recipe_B,610592ff-dcbe-4f1d-8eb4-f593c5d7ac78,2,5.0,,,,9.46,11.91,8.63,7.92,9.49,6.54
2025-12-15T18:29:48.801963,Recipe_B,610592ff-dcbe-4f1d-8eb4-f593c5d7ac78,2,5.0,,,,10.85,9.8,10.24,10.99,9.54,9.74
2025-12-15T18:29:49.801963,Recipe_B,610592ff-dcbe-4f1d-8eb4-f593c5d7ac78,2,5.0,,,,10.07,12.98,9.02,8.08,10.38,13.05
2025-12-15T18:29:50.801963,Recipe_B,610592ff-dcbe-4f1d-8eb4-f593c5d7ac78,2,5.0,,,,9.49,9.43,9.53,9.12,7.04,9.77
2025-12-15T18:29:51.801963,Recipe_B,610592ff-dcbe-4f1d-8eb4-f593c5d7ac78,2,4.0,,,,101.95,50.13,51.42,43.96,59.47,48.28
2025-12-15T18:29:52.801963,Recipe_B,610592ff-dcbe-4f1d-8eb4-f593c5d7ac78,2,3.0,,,,8.24,12.15,11.4,9.97,13.59,8.87
2025-12-15T18:29:53.801963,Recipe_B,610592ff-dcbe-4f1d-8eb4-f593c5d7ac78,2,3.0,,,,4.8,11.73,7.72,9.91,9.87,10.93
2025-12-15T18:29:54.801963,Recipe_B,610592ff-dcbe-4f1d-8eb4-f593c5d7ac78,2,3.0,,,,10.0,8.32,10.59,9.56,10.27,9.31
2025-12-15T18:29:55.801963,Recipe_B,610592ff-dcbe-4f1d-8eb4-f593c5d7ac78,2,3.0,,,,11.51,8.75,11.52,12.41,8.59,11.46
2025-12-15T18:29:56.801963,Recipe_B,610592ff-dcbe-4f1d-8eb4-f593c5d7ac78,2,3.0,,,,9.64,6.74,10.02,11.47,11.21,10.05
2025-12-15T18:29:57.801963,Recipe_B,610592ff-dcbe-4f1d-8eb4-f593c5d7ac78,2,3.0,,,,10.31,11.11,9.37,11.0,12.29,12.12
2025-12-15T18:29:58.801963,Recipe_B,610592ff-dcbe-4f1d-8eb4-f593c5d7ac78,2,3.0,,,,11.45,3.21,10.37,8.51,12.47,10.14
2025-12-15T18:29:59.801963,Recipe_B,610592ff-dcbe-4f1d-8eb4-f593c5d7ac78,2,3.0,,,,10.04,6.95,11.71,10.7,9.54,10.32
2025-12-15T18:30:00.801963,Recipe_B,610592ff-dcbe-4f1d-8eb4-f593c5d7ac78,2,3.0,,,,8.83,6.3,11.82,7.13,10.5,8.03
2025-12-15T18:30:01.801963,Recipe_B,610592ff-dcbe-4f1d-8eb4-f593c5d7ac78,2,3.0,,,,5.64,11.9,8.41,5.83,9.84,12.31
2025-12-15T18:30:02.801963,Recipe_B,610592ff-dcbe-4f1d-8eb4-f593c5d7ac78,2,3.0,,,,13.34,14.06,9.82,8.05,6.61,10.25
2025-12-15T18:30:03.801963,Recipe_B,610592ff-dcbe-4f1d-8eb4-f593c5d7ac78,2,3.0,,,,15.9,8.16,10.54,7.15,8.13,10.45
2025-12-15T18:30:04.801963,Recipe_B,610592ff-dcbe-4f1d-8eb4-f593c5d7ac78,2,3.0,,,,10.91,9.72,10.67,8.51,8.45,8.45
2025-12-15T18:30:05.801963,Recipe_B,610592ff-dcbe-4f1d-8eb4-f593c5d7ac78,2,3.0,,,,10.31,9.56,9.35,13.61,9.58,11.07
2025-12-15T18:30:06.801963,Recipe_B,610592ff-dcbe-4f1d-8eb4-f593c5d7ac78,2,3.0,,,,8.67,10.95,10.02,10.43,12.64,10.92
2025-12-15T18:30:07.801963,Recipe_B,610592ff-dcbe-4f1d-8eb4-f593c5d7ac78,2,3.0,,,,9.3,10.49,11.75,11.18,9.35,10.26
2025-12-15T18:30:08.801963,Recipe_B,610592ff-dcbe-4f1d-8eb4-f593c5d7ac78,2,3.0,,,,10.11,9.31,11.62,7.22,10.51,10.21
2025-12-15T18:30:09.801963,Recipe_B,610592ff-dcbe-4f1d-8eb4-f593c5d7ac78,2,3.0,,,,9.82,10.99,11.44,9.76,10.87,8.8
2025-12-15T18:30:10.801963,Recipe_B,610592ff-dcbe-4f1d-8eb4-f593c5d7ac78,2,3.0,,,,11.18,15.1,9.44,8.69,9.03,9.31
2025-12-15T18:30:11.801963,Recipe_B,610592ff-dcbe-4f1d-8eb4-f593c5d7ac78,2,3.0,,,,11.59,12.34,7.74,14.73,9.88,12.32
2025-12-15T18:30:12.801963,Recipe_B,610592ff-dcbe-4f1d-8eb4-f593c5d7ac78,2,3.0,,,,8.89,9.74,9.88,9.22,7.81,10.92
2025-12-15T18:30:13.801963,Recipe_B,610592ff-dcbe-4f1d-8eb4-f593c5d7ac78,2,3.0,,,,10.35,11.72,13.18,11.55,7.75,10.07
2025-12-15T18:30:14.801963,Recipe_B,610592ff-dcbe-4f1d-8eb4-f593c5d7ac78,2,3.0,,,,12.17,8.46,12.27,9.29,8.92,8.07
2025-12-15T18:30:15.801963,Recipe_B,610592ff-dcbe-4f1d-8eb4-f593c5d7ac78,2,3.0,,,,10.24,10.16,6.99,10.26,9.85,11.7
2025-12-15T18:30:16.801963,Recipe_B,610592ff-dcbe-4f1d-8eb4-f593c5d7ac78,2,3.0,,,,9.25,11.54,10.26,12.99,8.45,11.95
2025-12-15T18:30:17.801963,Recipe_B,610592ff-dcbe-4f1d-8eb4-f593c5d7ac78,2,3.0,,,,9.72,8.47,6.82,9.34,9.73,13.43
2025-12-15T18:30:18.801963,Recipe_B,610592ff-dcbe-4f1d-8eb4-f593c5d7ac78,2,3.0,,,,10.66,7.38,10.8,11.43,9.56,10.74
2025-12-15T18:30:19.801963,Recipe_B,610592ff-dcbe-4f1d-8eb4-f593c5d7ac78,2,3.0,,,,7.34,7.67,11.69,5.05,12.88,11.94
2025-12-15T18:30:20.801963,Recipe_B,610592ff-dcbe-4f1d-8eb4-f593c5d7ac78,2,3.0,,,,13.12,7.2,10.89,11.24,6.22,10.05
2025-12-15T18:30:21.801963,Recipe_B,610592ff-dcbe-4f1d-8eb4-f593c5d7ac78,2,3.0,,,,9.03,8.67,6.41,9.82,10.41,11.17
2025-12-15T18:30:22.801963,Recipe_B,610592ff-dcbe-4f1d-8eb4-f593c5d7ac78,2,3.0,,,,7.53,7.98,10.73,10.33,10.39,7.84
2025-12-15T18:30:23.801963,Recipe_B,610592ff-dcbe-4f1d-8eb4-f593c5d7ac78,2,3.0,,,,12.3,9.61,5.75,12.83,9.53,8.76
2025-12-15T18:30:24.801963,Recipe_B,610592ff-dcbe-4f1d-8eb4-f593c5d7ac78,2,3.0,,,,11.79,9.1,9.99,8.57,8.89,8.93
2025-12-15T18:30:25.801963,Recipe_B,610592ff-dcbe-4f1d-8eb4-f593c5d7ac78,2,3.0,,,,12.38,9.4,9.37,7.17,9.84,10.17
2025-12-15T18:30:26.801963,Recipe_B,610592ff-dcbe-4f1d-8eb4-f593c5d7ac78,2,3.0,,,,10.75,8.68,9.24,8.31,7.53,6.2
2025-12-15T18:30:27.801963,Recipe_B,610592ff-dcbe-4f1d-8eb4-f593c5d7ac78,2,3.0,,,,7.67,8.35,10.68,12.45,10.98,10.85
2025-12-15T18:30:28.801963,Recipe_B,610592ff-dcbe-4f1d-8eb4-f593c5d7ac78,2,3.0,,,,9.59,12.52,12.57,5.53,7.8,11.29
2025-12-15T18:30:29.801963,Recipe_B,610592ff-dcbe-4f1d-8eb4-f593c5d7ac78,2,3.0,,,,11.65,9.52,9.87,9.54,11.12,7.55
2025-12-15T18:30:30.801963,Recipe_B,610592ff-dcbe-4f1d-8eb4-f593c5d7ac78,2,3.0,,,,10.52,10.05,10.38,12.03,11.19,8.62
2025-12-15T18:30:31.801963,Recipe_B,610592ff-dcbe-4f1d-8eb4-f593c5d7ac78,2,3.0,,,,10.04,11.47,12.99,7.95,8.5,9.39
2025-12-15T18:30:32.801963,Recipe_B,610592ff-dcbe-4f1d-8eb4-f593c5d7ac78,2,3.0,,,,9.76,11.41,9.26,7.42,12.76,8.37
2025-12-15T18:30:33.801963,Recipe_B,610592ff-dcbe-4f1d-8eb4-f593c5d7ac78,2,3.0,,,,8.72,8.2,10.55,8.83,13.74,10.22
2025-12-15T18:30:34.801963,Recipe_B,610592ff-dcbe-4f1d-8eb4-f593c5d7ac78,2,3.0,,,,9.73,14.93,11.78,11.75,4.44,7.17
2025-12-15T18:30:35.801963,Recipe_B,610592ff-dcbe-4f1d-8eb4-f593c5d7ac78,2,3.0,,,,11.88,9.36,9.57,7.98,12.72,10.53
2025-12-15T18:30:36.801963,Recipe_B,610592ff-dcbe-4f1d-8eb4-f593c5d7ac78,2,3.0,,,,8.79,11.63,11.36,11.98,10.04,11.3
2025-12-15T18:30:37.801963,Recipe_B,610592ff-dcbe-4f1d-8eb4-f593c5d7ac78,2,3.0,,,,10.91,10.05,12.74,9.18,8.77,9.05
2025-12-15T18:30:38.801963,Recipe_B,610592ff-dcbe-4f1d-8eb4-f593c5d7ac78,2,3.0,,,,8.31,10.42,10.91,10.86,10.23,13.66
2025-12-15T18:30:39.801963,Recipe_B,610592ff-dcbe-4f1d-8eb4-f593c5d7ac78,2,3.0,,,,9.9,7.07,9.88,12.28,8.37,8.01
2025-12-15T18:30:40.801963,Recipe_B,610592ff-dcbe-4f1d-8eb4-f593c5d7ac78,2,3.0,,,,9.65,9.44,9.39,11.5,4.0,14.0
2025-12-15T18:30:41.801963,Recipe_B,610592ff-dcbe-4f1d-8eb4-f593c5d7ac78,2,3.0,,,,13.21,8.61,10.57,11.37,9.27,8.64
2025-12-15T18:30:42.801963,Recipe_B,610592ff-dcbe-4f1d-8eb4-f593c5d7ac78,2,3.0,,,,9.59,5.39,5.92,8.51,10.66,9.67
2025-12-15T18:30:43.801963,Recipe_B,610592ff-dcbe-4f1d-8eb4-f593c5d7ac78,2,3.0,,,,13.21,8.14,10.68,13.28,8.38,11.99
2025-12-15T18:30:44.801963,Recipe_B,610592ff-dcbe-4f1d-8eb4-f593c5d7ac78,2,3.0,,,,8.93,13.87,12.1,11.04,11.41,11.1
2025-12-15T18:30:45.801963,Recipe_B,610592ff-dcbe-4f1d-8eb4-f593c5d7ac78,2,3.0,,,,11.47,12.63,8.05,10.09,7.52,12.32
2025-12-15T18:30:46.801963,Recipe_B,610592ff-dcbe-4f1d-8eb4-f593c5d7ac78,2,3.0,,,,7.14,8.5,10.25,6.54,9.78,9.36
2025-12-15T18:30:47.801963,Recipe_B,610592ff-dcbe-4f1d-8eb4-f593c5d7ac78,2,3.0,,,,9.76,5.77,9.26,6.29,8.7,10.4
2025-12-15T18:30:48.801963,Recipe_B,610592ff-dcbe-4f1d-8eb4-f593c5d7ac78,2,3.0,,,,11.97,11.15,9.8,11.78,9.98,8.26
2025-12-15T18:30:49.801963,Recipe_B,610592ff-dcbe-4f1d-8eb4-f593c5d7ac78,2,3.0,,,,12.21,6.44,13.43,10.24,8.1,10.67
2025-12-15T18:30:50.801963,Recipe_B,610592ff-dcbe-4f1d-8eb4-f593c5d7ac78,2,3.0,,,,10.13,11.17,7.32,10.48,8.48,8.4
2025-12-15T18:30:51.801963,Recipe_B,610592ff-dcbe-4f1d-8eb4-f593c5d7ac78,2,5.0,,,,11.56,9.06,11.66,8.14,10.3,10.95
2025-12-15T18:30:52.801963,Recipe_B,610592ff-dcbe-4f1d-8eb4-f593c5d7ac78,2,3.0,,,,9.66,7.55,10.6,10.07,10.23,9.38
2025-12-15T18:30:53.801963,Recipe_B,610592ff-dcbe-4f1d-8eb4-f593c5d7ac78,2,3.0,,,,10.76,11.48,10.57,11.28,9.87,10.46
2025-12-15T18:30:54.801963,Recipe_B,610592ff-dcbe-4f1d-8eb4-f593c5d7ac78,2,3.0,,,,11.05,11.69,11.56,7.35,10.24,11.06
2025-12-15T18:30:55.801963,Recipe_B,610592ff-dcbe-4f1d-8eb4-f593c5d7ac78,2,3.0,,,,9.02,5.14,9.42,7.84,10.98,10.27
2025-12-15T18:30:56.801963,Recipe_B,610592ff-dcbe-4f1d-8eb4-f593c5d7ac78,2,3.0,,,,11.25,5.7,11.5,11.13,8.87,7.36
2025-12-15T18:30:57.801963,Recipe_B,610592ff-dcbe-4f1d-8eb4-f593c5d7ac78,2,3.0,,,,11.38,10.35,9.12,9.53,7.07,5.33
2025-12-15T18:30:58.801963,Recipe_B,610592ff-dcbe-4f1d-8eb4-f593c5d7ac78,2,3.0,,,,7.8,9.45,12.84,9.03,10.14,10.47
2025-12-15T18:30:59.801963,Recipe_B,610592ff-dcbe-4f1d-8eb4-f593c5d7ac78,2,3.0,,,,11.54,7.49,11.54,9.71,10.82,11.05
2025-12-15T18:31:00.801963,Recipe_B,610592ff-dcbe-4f1d-8eb4-f593c5d7ac78,2,3.0,,,,12.48,10.44,10.73,8.73,10.32,5.89
2025-12-15T18:31:01.801963,Recipe_B,610592ff-dcbe-4f1d-8eb4-f593c5d7ac78,2,3.0,,,,9.91,13.98,10.7,14.52,9.17,7.43
2025-12-15T18:31:02.801963,Recipe_B,610592ff-dcbe-4f1d-8eb4-f593c5d7ac78,2,0.0,,,,0.0,0.0,0.0,0.0,0.0,0.0
2025-12-15T18:31:03.801963,Recipe_B,610592ff-dcbe-4f1d-8eb4-f593c5d7ac78,2,0.0,,,,0.0,0.0,0.0,0.0,0.0,0.0
2025-12-15T18:31:04.801963,Recipe_B,610592ff-dcbe-4f1d-8eb4-f593c5d7ac78,2,0.0,,,,0.0,0.0,0.0,0.0,0.0,0.0
2025-12-15T18:31:05.801963,Recipe_B,610592ff-dcbe-4f1d-8eb4-f593c5d7ac78,2,0.0,,,,0.0,0.0,0.0,0.0,0.0,0.0
2025-12-15T18:31:06.801963,Recipe_B,610592ff-dcbe-4f1d-8eb4-f593c5d7ac78,2,0.0,,,,0.0,0.0,0.0,0.0,0.0,0.0
2025-12-15T18:31:07.801963,Recipe_B,610592ff-dcbe-4f1d-8eb4-f593c5d7ac78,2,0.0,,,,0.0,0.0,0.0,0.0,0.0,0.0
2025-12-15T18:31:08.801963,Recipe_B,610592ff-dcbe-4f1d-8eb4-f593c5d7ac78,2,0.0,,,,0.0,0.0,0.0,0.0,0.0,0.0
2025-12-15T18:31:09.801963,Recipe_B,610592ff-dcbe-4f1d-8eb4-f593c5d7ac78,2,0.0,,,,0.0,0.0,0.0,0.0,0.0,0.0
2025-12-15T18:31:10.801963,Recipe_B,610592ff-dcbe-4f1d-8eb4-f593c5d7ac78,2,0.0,,,,0.0,0.0,0.0,0.0,0.0,0.0
2025-12-15T18:31:11.801963,Recipe_B,610592ff-dcbe-4f1d-8eb4-f593c5d7ac78,2,0.0,,,,0.0,0.0,0.0,0.0,0.0,0.0
2025-12-15T18:31:12.801963,Recipe_B,610592ff-dcbe-4f1d-8eb4-f593c5d7ac78,2,0.0,,,,0.0,0.0,0.0,0.0,0.0,0.0
2025-12-15T18:31:13.801963,Recipe_B,610592ff-dcbe-4f1d-8eb4-f593c5d7ac78,2,0.0,,,,0.0,0.0,0.0,0.0,0.0,0.0
2025-12-15T18:31:14.801963,Recipe_B,610592ff-dcbe-4f1d-8eb4-f593c5d7ac78,2,0.0,,,,0.0,0.0,0.0,0.0,0.0,0.0
2025-12-15T18:31:15.801963,Recipe_B,610592ff-dcbe-4f1d-8eb4-f593c5d7ac78,2,0.0,,,,0.0,0.0,0.0,0.0,0.0,0.0
2025-12-15T18:31:15.801963,Recipe_B,610592ff-dcbe-4f1d-8eb4-f593c5d7ac78,2,0.0,Warning_6,Simulated Warning occurred,Warning,,,,,,
2025-12-15T18:31:16.801963,Recipe_B,610592ff-dcbe-4f1d-8eb4-f593c5d7ac78,2,0.0,,,,0.0,0.0,0.0,0.0,0.0,0.0
2025-12-15T18:31:17.801963,Recipe_B,610592ff-dcbe-4f1d-8eb4-f593c5d7ac78,2,0.0,,,,0.0,0.0,0.0,0.0,0.0,0.0
2025-12-15T18:31:18.801963,Recipe_B,610592ff-dcbe-4f1d-8eb4-f593c5d7ac78,2,0.0,,,,0.0,0.0,0.0,0.0,0.0,0.0
2025-12-15T18:31:19.801963,Recipe_B,610592ff-dcbe-4f1d-8eb4-f593c5d7ac78,2,0.0,,,,0.0,0.0,0.0,0.0,0.0,0.0
2025-12-15T18:31:20.801963,Recipe_B,610592ff-dcbe-4f1d-8eb4-f593c5d7ac78,2,0.0,,,,0.0,0.0,0.0,0.0,0.0,0.0
2025-12-15T18:31:21.801963,Recipe_B,610592ff-dcbe-4f1d-8eb4-f593c5d7ac78,2,0.0,,,,0.0,0.0,0.0,0.0,0.0,0.0
2025-12-15T18:31:22.801963,Recipe_B,610592ff-dcbe-4f1d-8eb4-f593c5d7ac78,2,0.0,,,,0.0,0.0,0.0,0.0,0.0,0.0
2025-12-15T18:31:23.801963,Recipe_B,610592ff-dcbe-4f1d-8eb4-f593c5d7ac78,2,0.0,,,,0.0,0.0,0.0,0.0,0.0,0.0
2025-12-15T18:31:24.801963,Recipe_B,610592ff-dcbe-4f1d-8eb4-f593c5d7ac78,2,0.0,,,,0.0,0.0,0.0,0.0,0.0,0.0
2025-12-15T18:31:25.801963,Recipe_B,610592ff-dcbe-4f1d-8eb4-f593c5d7ac78,2,0.0,,,,0.0,0.0,0.0,0.0,0.0,0.0
2025-12-15T18:31:26.801963,Recipe_B,610592ff-dcbe-4f1d-8eb4-f593c5d7ac78,2,0.0,,,,0.0,0.0,0.0,0.0,0.0,0.0
2025-12-15T18:31:27.801963,Recipe_B,610592ff-dcbe-4f1d-8eb4-f593c5d7ac78,2,0.0,,,,0.0,0.0,0.0,0.0,0.0,0.0
2025-12-15T18:31:28.801963,Recipe_B,610592ff-dcbe-4f1d-8eb4-f593c5d7ac78,2,0.0,,,,0.0,0.0,0.0,0.0,0.0,0.0
2025-12-15T18:31:29.801963,Recipe_B,610592ff-dcbe-4f1d-8eb4-f593c5d7ac78,2,0.0,,,,0.0,0.0,0.0,0.0,0.0,0.0
2025-12-15T18:31:30.801963,Recipe_B,610592ff-dcbe-4f1d-8eb4-f593c5d7ac78,2,0.0,,,,0.0,0.0,0.0,0.0,0.0,0.0
2025-12-15T18:31:31.801963,Recipe_B,610592ff-dcbe-4f1d-8eb4-f593c5d7ac78,2,0.0,,,,0.0,0.0,0.0,0.0,0.0,0.0
2025-12-15T18:31:32.801963,Recipe_B,610592ff-dcbe-4f1d-8eb4-f593c5d7ac78,2,0.0,,,,0.0,0.0,0.0,0.0,0.0,0.0
2025-12-15T18:31:33.801963,Recipe_B,610592ff-dcbe-4f1d-8eb4-f593c5d7ac78,2,0.0,,,,0.0,0.0,0.0,0.0,0.0,0.0
2025-12-15T18:31:34.801963,Recipe_B,610592ff-dcbe-4f1d-8eb4-f593c5d7ac78,2,0.0,,,,0.0,0.0,0.0,0.0,0.0,0.0
2025-12-15T18:31:35.801963,Recipe_B,610592ff-dcbe-4f1d-8eb4-f593c5d7ac78,2,0.0,,,,0.0,0.0,0.0,0.0,0.0,0.0
2025-12-15T18:31:36.801963,Recipe_B,610592ff-dcbe-4f1d-8eb4-f593c5d7ac78,2,0.0,,,,0.0,0.0,0.0,0.0,0.0,0.0
2025-12-15T18:31:37.801963,Recipe_B,610592ff-dcbe-4f1d-8eb4-f593c5d7ac78,2,0.0,,,,0.0,0.0,0.0,0.0,0.0,0.0
2025-12-15T18:31:38.801963,Recipe_B,610592ff-dcbe-4f1d-8eb4-f593c5d7ac78,2,0.0,,,,0.0,0.0,0.0,0.0,0.0,0.0
2025-12-15T18:31:39.801963,Recipe_B,610592ff-dcbe-4f1d-8eb4-f593c5d7ac78,2,0.0,,,,0.0,0.0,0.0,0.0,0.0,0.0
2025-12-15T18:31:40.801963,Recipe_B,610592ff-dcbe-4f1d-8eb4-f593c5d7ac78,2,0.0,,,,0.0,0.0,0.0,0.0,0.0,0.0
2025-12-15T18:31:41.801963,Recipe_B,610592ff-dcbe-4f1d-8eb4-f593c5d7ac78,2,0.0,,,,0.0,0.0,0.0,0.0,0.0,0.0
2025-12-15T18:31:42.801963,Recipe_B,610592ff-dcbe-4f1d-8eb4-f593c5d7ac78,2,0.0,,,,0.0,0.0,0.0,0.0,0.0,0.0
2025-12-15T18:31:43.801963,Recipe_B,610592ff-dcbe-4f1d-8eb4-f593c5d7ac78,2,0.0,,,,0.0,0.0,0.0,0.0,0.0,0.0
2025-12-15T18:31:44.801963,Recipe_B,610592ff-dcbe-4f1d-8eb4-f593c5d7ac78,2,0.0,,,,0.0,0.0,0.0,0.0,0.0,0.0
2025-12-15T18:31:45.801963,Recipe_B,610592ff-dcbe-4f1d-8eb4-f593c5d7ac78,2,0.0,,,,0.0,0.0,0.0,0.0,0.0,0.0
2025-12-15T18:31:46.801963,Recipe_B,610592ff-dcbe-4f1d-8eb4-f593c5d7ac78,2,0.0,,,,0.0,0.0,0.0,0.0,0.0,0.0
2025-12-15T18:31:47.801963,Recipe_B,610592ff-dcbe-4f1d-8eb4-f593c5d7ac78,2,0.0,,,,0.0,0.0,0.0,0.0,0.0,0.0
2025-12-15T18:31:48.801963,Recipe_B,610592ff-dcbe-4f1d-8eb4-f593c5d7ac78,2,0.0,,,,0.0,0.0,0.0,0.0,0.0,0.0
2025-12-15T18:31:49.801963,Recipe_B,610592ff-dcbe-4f1d-8eb4-f593c5d7ac78,2,0.0,,,,0.0,0.0,0.0,0.0,0.0,0.0
2025-12-15T18:31:50.801963,Recipe_B,610592ff-dcbe-4f1d-8eb4-f593c5d7ac78,2,0.0,,,,0.0,0.0,0.0,0.0,0.0,0.0
2025-12-15T18:31:51.801963,Recipe_B,610592ff-dcbe-4f1d-8eb4-f593c5d7ac78,2,0.0,,,,0.0,0.0,0.0,0.0,0.0,0.0
2025-12-15T18:31:52.801963,Recipe_B,610592ff-dcbe-4f1d-8eb4-f593c5d7ac78,2,0.0,,,,0.0,0.0,0.0,0.0,0.0,0.0
2025-12-15T18:31:53.801963,Recipe_B,610592ff-dcbe-4f1d-8eb4-f593c5d7ac78,2,0.0,,,,0.0,0.0,0.0,0.0,0.0,0.0
2025-12-15T18:31:54.801963,Recipe_B,610592ff-dcbe-4f1d-8eb4-f593c5d7ac78,2,0.0,,,,0.0,0.0,0.0,0.0,0.0,0.0
2025-12-15T18:31:55.801963,Recipe_B,610592ff-dcbe-4f1d-8eb4-f593c5d7ac78,2,0.0,,,,0.0,0.0,0.0,0.0,0.0,0.0
2025-12-15T18:31:56.801963,Recipe_B,610592ff-dcbe-4f1d-8eb4-f593c5d7ac78,2,0.0,,,,0.0,0.0,0.0,0.0,0.0,0.0
2025-12-15T18:31:57.801963,Recipe_B,610592ff-dcbe-4f1d-8eb4-f593c5d7ac78,2,0.0,,,,0.0,0.0,0.0,0.0,0.0,0.0
2025-12-15T18:31:58.801963,Recipe_B,610592ff-dcbe-4f1d-8eb4-f593c5d7ac78,2,0.0,,,,0.0,0.0,0.0,0.0,0.0,0.0
2025-12-15T18:31:59.801963,Recipe_B,610592ff-dcbe-4f1d-8eb4-f593c5d7ac78,2,0.0,,,,0.0,0.0,0.0,0.0,0.0,0.0
2025-12-15T18:32:00.801963,Recipe_B,610592ff-dcbe-4f1d-8eb4-f593c5d7ac78,2,0.0,,,,0.0,0.0,0.0,0.0,0.0,0.0
2025-12-15T18:32:01.801963,Recipe_B,610592ff-dcbe-4f1d-8eb4-f593c5d7ac78,2,0.0,,,,0.0,0.0,0.0,0.0,0.0,0.0
2025-12-15T18:32:02.801963,Recipe_B,610592ff-dcbe-4f1d-8eb4-f593c5d7ac78,2,0.0,,,,0.0,0.0,0.0,0.0,0.0,0.0
2025-12-15T18:32:03.801963,Recipe_B,610592ff-dcbe-4f1d-8eb4-f593c5d7ac78,2,0.0,,,,0.0,0.0,0.0,0.0,0.0,0.0
2025-12-15T18:32:04.801963,Recipe_B,610592ff-dcbe-4f1d-8eb4-f593c5d7ac78,2,0.0,,,,0.0,0.0,0.0,0.0,0.0,0.0
2025-12-15T18:32:05.801963,Recipe_B,610592ff-dcbe-4f1d-8eb4-f593c5d7ac78,2,0.0,,,,0.0,0.0,0.0,0.0,0.0,0.0
2025-12-15T18:32:06.801963,Recipe_B,610592ff-dcbe-4f1d-8eb4-f593c5d7ac78,2,0.0,,,,0.0,0.0,0.0,0.0,0.0,0.0
2025-12-15T18:32:07.801963,Recipe_B,610592ff-dcbe-4f1d-8eb4-f593c5d7ac78,2,0.0,,,,0.0,0.0,0.0,0.0,0.0,0.0
2025-12-15T18:32:08.801963,Recipe_B,610592ff-dcbe-4f1d-8eb4-f593c5d7ac78,2,0.0,,,,0.0,0.0,0.0,0.0,0.0,0.0
2025-12-15T18:32:09.801963,Recipe_B,610592ff-dcbe-4f1d-8eb4-f593c5d7ac78,2,0.0,,,,0.0,0.0,0.0,0.0,0.0,0.0
2025-12-15T18:32:10.801963,Recipe_B,610592ff-dcbe-4f1d-8eb4-f593c5d7ac78,2,0.0,,,,0.0,0.0,0.0,0.0,0.0,0.0
2025-12-15T18:32:11.801963,Recipe_B,610592ff-dcbe-4f1d-8eb4-f593c5d7ac78,2,0.0,,,,0.0,0.0,0.0,0.0,0.0,0.0
2025-12-15T18:32:12.801963,Recipe_B,610592ff-dcbe-4f1d-8eb4-f593c5d7ac78,2,1.0,,,,13.46,12.39,11.93,9.21,8.63,9.39
2025-12-15T18:32:13.801963,Recipe_B,610592ff-dcbe-4f1d-8eb4-f593c5d7ac78,2,1.0,,,,5.19,5.01,12.84,8.69,11.67,10.78
2025-12-15T18:32:14.801963,Recipe_B,610592ff-dcbe-4f1d-8eb4-f593c5d7ac78,2,1.0,,,,10.05,11.9,8.72,9.94,9.41,12.8
2025-12-15T18:32:15.801963,Recipe_B,610592ff-dcbe-4f1d-8eb4-f593c5d7ac78,2,1.0,,,,11.36,7.82,7.91,5.58,9.38,9.59
2025-12-15T18:32:16.801963,Recipe_B,610592ff-dcbe-4f1d-8eb4-f593c5d7ac78,2,1.0,,,,10.3,10.87,11.37,11.48,11.1,9.09
2025-12-15T18:32:17.801963,Recipe_B,610592ff-dcbe-4f1d-8eb4-f593c5d7ac78,2,1.0,,,,8.53,9.27,9.01,9.26,10.27,12.33
2025-12-15T18:32:18.801963,Recipe_B,610592ff-dcbe-4f1d-8eb4-f593c5d7ac78,2,1.0,,,,11.84,10.99,10.02,10.82,9.56,10.94
2025-12-15T18:32:19.801963,Recipe_B,610592ff-dcbe-4f1d-8eb4-f593c5d7ac78,2,1.0,,,,5.02,8.97,10.23,7.48,9.51,10.19
2025-12-15T18:32:20.801963,Recipe_B,610592ff-dcbe-4f1d-8eb4-f593c5d7ac78,2,1.0,,,,10.71,11.83,9.82,11.06,9.1,14.56
2025-12-15T18:32:21.801963,Recipe_B,610592ff-dcbe-4f1d-8eb4-f593c5d7ac78,2,1.0,,,,13.23,6.46,11.16,9.56,11.49,10.51
2025-12-15T18:32:22.801963,Recipe_B,610592ff-dcbe-4f1d-8eb4-f593c5d7ac78,2,1.0,,,,15.06,15.26,13.33,9.45,8.88,10.16
2025-12-15T18:32:23.801963,Recipe_B,610592ff-dcbe-4f1d-8eb4-f593c5d7ac78,2,1.0,,,,11.19,10.55,8.02,11.98,7.02,9.57
2025-12-15T18:32:24.801963,Recipe_B,610592ff-dcbe-4f1d-8eb4-f593c5d7ac78,2,1.0,,,,9.65,6.59,6.72,8.91,10.46,12.13
2025-12-15T18:32:25.801963,Recipe_B,610592ff-dcbe-4f1d-8eb4-f593c5d7ac78,2,1.0,,,,11.3,7.65,12.86,8.12,11.05,10.61
2025-12-15T18:32:26.801963,Recipe_B,610592ff-dcbe-4f1d-8eb4-f593c5d7ac78,2,1.0,,,,7.52,9.84,16.88,8.4,7.62,9.85
2025-12-15T18:32:27.801963,Recipe_B,610592ff-dcbe-4f1d-8eb4-f593c5d7ac78,2,4.0,,,,100.18,57.12,53.57,46.03,53.25,54.1
2025-12-15T18:32:28.801963,Recipe_B,610592ff-dcbe-4f1d-8eb4-f593c5d7ac78,2,4.0,,,,102.26,49.76,59.82,45.39,47.45,60.32
2025-12-15T18:32:29.801963,Recipe_B,610592ff-dcbe-4f1d-8eb4-f593c5d7ac78,2,4.0,,,,96.34,50.01,49.95,44.82,54.79,53.94
2025-12-15T18:32:30.801963,Recipe_B,610592ff-dcbe-4f1d-8eb4-f593c5d7ac78,2,4.0,,,,98.23,53.68,57.19,55.85,52.89,47.71
2025-12-15T18:32:31.801963,Recipe_B,610592ff-dcbe-4f1d-8eb4-f593c5d7ac78,2,4.0,,,,96.92,51.89,47.09,50.99,58.5,52.82
2025-12-15T18:32:32.801963,Recipe_B,610592ff-dcbe-4f1d-8eb4-f593c5d7ac78,2,4.0,,,,101.2,49.98,48.7,45.56,49.32,51.14
2025-12-15T18:32:33.801963,Recipe_B,610592ff-dcbe-4f1d-8eb4-f593c5d7ac78,2,4.0,,,,98.99,45.56,57.05,48.6,60.2,49.31
2025-12-15T18:32:34.801963,Recipe_B,610592ff-dcbe-4f1d-8eb4-f593c5d7ac78,2,4.0,,,,97.79,47.16,51.37,52.09,43.86,50.77
2025-12-15T18:32:35.801963,Recipe_B,610592ff-dcbe-4f1d-8eb4-f593c5d7ac78,2,4.0,,,,97.29,45.64,54.16,58.37,48.59,55.25
2025-12-15T18:32:36.801963,Recipe_B,610592ff-dcbe-4f1d-8eb4-f593c5d7ac78,2,4.0,,,,101.61,42.76,44.71,36.88,48.31,58.37
2025-12-15T18:32:37.801963,Recipe_B,610592ff-dcbe-4f1d-8eb4-f593c5d7ac78,2,4.0,,,,99.8,47.62,50.33,50.53,52.57,55.12
2025-12-15T18:32:38.801963,Recipe_B,610592ff-dcbe-4f1d-8eb4-f593c5d7ac78,2,4.0,,,,90.92,40.44,52.2,50.16,51.17,46.21
2025-12-15T18:32:39.801963,Recipe_B,610592ff-dcbe-4f1d-8eb4-f593c5d7ac78,2,4.0,,,,91.8,53.61,50.1,51.33,68.23,52.58
2025-12-15T18:32:40.801963,Recipe_B,610592ff-dcbe-4f1d-8eb4-f593c5d7ac78,2,4.0,,,,99.17,52.82,46.08,58.88,46.73,49.2
2025-12-15T18:32:41.801963,Recipe_B,610592ff-dcbe-4f1d-8eb4-f593c5d7ac78,2,4.0,,,,99.28,38.3,56.62,47.26,49.93,42.15
2025-12-15T18:32:42.801963,Recipe_B,610592ff-dcbe-4f1d-8eb4-f593c5d7ac78,2,4.0,,,,94.9,52.74,53.47,47.83,54.02,49.58
2025-12-15T18:32:43.801963,Recipe_B,610592ff-dcbe-4f1d-8eb4-f593c5d7ac78,2,4.0,,,,100.54,47.7,52.27,48.91,53.73,56.64
2025-12-15T18:32:44.801963,Recipe_B,610592ff-dcbe-4f1d-8eb4-f593c5d7ac78,2,4.0,,,,101.24,51.23,51.55,42.68,56.03,52.2
2025-12-15T18:32:45.801963,Recipe_B,610592ff-dcbe-4f1d-8eb4-f593c5d7ac78,2,4.0,,,,103.85,50.34,53.13,51.13,50.71,56.6
2025-12-15T18:32:46.801963,Recipe_B,610592ff-dcbe-4f1d-8eb4-f593c5d7ac78,2,4.0,,,,97.62,54.57,43.46,51.68,48.74,51.29
2025-12-15T18:32:47.801963,Recipe_B,610592ff-dcbe-4f1d-8eb4-f593c5d7ac78,2,4.0,,,,95.94,43.54,44.99,55.84,52.34,52.04
2025-12-15T18:32:48.801963,Recipe_B,610592ff-dcbe-4f1d-8eb4-f593c5d7ac78,2,4.0,,,,95.58,46.26,54.98,50.11,53.25,42.78
2025-12-15T18:32:49.801963,Recipe_B,610592ff-dcbe-4f1d-8eb4-f593c5d7ac78,2,4.0,,,,90.85,48.31,56.48,59.49,50.62,42.48
2025-12-15T18:32:50.801963,Recipe_B,610592ff-dcbe-4f1d-8eb4-f593c5d7ac78,2,4.0,,,,102.15,47.51,51.28,45.02,49.99,55.37
2025-12-15T18:32:51.801963,Recipe_B,610592ff-dcbe-4f1d-8eb4-f593c5d7ac78,2,1.0,,,,7.91,11.16,9.63,11.8,8.07,6.88
2025-12-15T18:32:52.801963,Recipe_B,610592ff-dcbe-4f1d-8eb4-f593c5d7ac78,2,1.0,,,,7.65,11.34,11.71,12.74,11.63,8.92
2025-12-15T18:32:53.801963,Recipe_B,610592ff-dcbe-4f1d-8eb4-f593c5d7ac78,2,1.0,,,,10.66,9.73,11.8,9.97,7.4,15.9
2025-12-15T18:32:54.801963,Recipe_B,610592ff-dcbe-4f1d-8eb4-f593c5d7ac78,2,1.0,,,,10.08,12.68,10.45,10.73,6.33,16.46
2025-12-15T18:32:55.801963,Recipe_B,610592ff-dcbe-4f1d-8eb4-f593c5d7ac78,2,1.0,,,,9.33,7.91,11.59,10.07,11.54,10.56
2025-12-15T18:32:56.801963,Recipe_B,610592ff-dcbe-4f1d-8eb4-f593c5d7ac78,2,1.0,,,,9.57,11.4,9.8,9.62,10.78,11.53
2025-12-15T18:32:57.801963,Recipe_B,610592ff-dcbe-4f1d-8eb4-f593c5d7ac78,2,1.0,,,,11.1,12.26,12.8,10.6,12.15,9.29
2025-12-15T18:32:58.801963,Recipe_B,610592ff-dcbe-4f1d-8eb4-f593c5d7ac78,2,1.0,,,,9.4,10.55,8.11,11.78,8.71,12.78
2025-12-15T18:32:59.801963,Recipe_B,610592ff-dcbe-4f1d-8eb4-f593c5d7ac78,2,1.0,,,,6.18,5.09,11.84,11.55,10.2,10.58
2025-12-15T18:33:00.801963,Recipe_B,610592ff-dcbe-4f1d-8eb4-f593c5d7ac78,2,1.0,,,,11.57,7.58,8.12,11.0,10.37,8.92
2025-12-15T18:33:01.801963,Recipe_B,610592ff-dcbe-4f1d-8eb4-f593c5d7ac78,2,1.0,,,,12.83,8.08,12.84,11.21,9.86,9.59
2025-12-15T18:33:02.801963,Recipe_B,610592ff-dcbe-4f1d-8eb4-f593c5d7ac78,2,1.0,,,,13.64,8.74,10.08,10.05,13.45,7.81
2025-12-15T18:33:03.801963,Recipe_B,610592ff-dcbe-4f1d-8eb4-f593c5d7ac78,2,1.0,,,,7.78,7.07,5.98,12.15,9.78,11.01
2025-12-15T18:33:04.801963,Recipe_B,610592ff-dcbe-4f1d-8eb4-f593c5d7ac78,2,5.0,,,,9.67,10.22,7.06,12.26,10.14,10.52
2025-12-15T18:33:05.801963,Recipe_B,610592ff-dcbe-4f1d-8eb4-f593c5d7ac78,2,5.0,,,,9.87,10.62,8.1,7.56,9.2,10.15
2025-12-15T18:33:06.801963,Recipe_B,610592ff-dcbe-4f1d-8eb4-f593c5d7ac78,2,5.0,,,,5.67,10.95,8.82,14.11,9.37,9.27
2025-12-15T18:33:07.801963,Recipe_B,610592ff-dcbe-4f1d-8eb4-f593c5d7ac78,2,5.0,,,,9.56,11.01,8.17,10.03,10.9,5.33
2025-12-15T18:33:08.801963,Recipe_B,610592ff-dcbe-4f1d-8eb4-f593c5d7ac78,2,5.0,,,,8.16,8.89,9.39,9.21,8.62,10.67
2025-12-15T18:33:09.801963,Recipe_B,610592ff-dcbe-4f1d-8eb4-f593c5d7ac78,2,5.0,,,,9.54,10.64,7.14,9.46,11.15,12.39
2025-12-15T18:33:10.801963,Recipe_B,610592ff-dcbe-4f1d-8eb4-f593c5d7ac78,2,5.0,,,,7.64,10.46,7.44,7.75,7.25,11.65
2025-12-15T18:33:11.801963,Recipe_B,610592ff-dcbe-4f1d-8eb4-f593c5d7ac78,2,5.0,,,,9.99,8.55,10.0,10.52,11.28,10.0
2025-12-15T18:33:12.801963,Recipe_B,610592ff-dcbe-4f1d-8eb4-f593c5d7ac78,2,5.0,,,,8.6,7.96,8.18,9.63,8.94,10.35
2025-12-15T18:33:13.801963,Recipe_B,610592ff-dcbe-4f1d-8eb4-f593c5d7ac78,2,5.0,,,,8.08,8.38,10.79,11.78,11.03,8.09
2025-12-15T18:33:14.801963,Recipe_B,610592ff-dcbe-4f1d-8eb4-f593c5d7ac78,2,4.0,,,,99.18,41.33,50.0,43.95,51.73,49.92
2025-12-15T18:33:15.801963,Recipe_B,610592ff-dcbe-4f1d-8eb4-f593c5d7ac78,2,4.0,,,,104.94,44.71,45.17,48.37,49.67,53.97
2025-12-15T18:33:16.801963,Recipe_B,610592ff-dcbe-4f1d-8eb4-f593c5d7ac78,2,4.0,,,,98.83,50.28,44.12,49.64,49.49,51.71
2025-12-15T18:33:17.801963,Recipe_B,610592ff-dcbe-4f1d-8eb4-f593c5d7ac78,2,4.0,,,,101.99,55.48,53.04,60.61,46.26,54.41
2025-12-15T18:33:18.801963,Recipe_B,610592ff-dcbe-4f1d-8eb4-f593c5d7ac78,2,4.0,,,,101.05,54.12,51.3,54.37,47.94,52.68
2025-12-15T18:33:19.801963,Recipe_B,610592ff-dcbe-4f1d-8eb4-f593c5d7ac78,2,4.0,,,,108.02,54.89,53.89,45.49,45.68,41.29
2025-12-15T18:33:20.801963,Recipe_B,610592ff-dcbe-4f1d-8eb4-f593c5d7ac78,2,4.0,,,,99.64,47.86,49.81,48.47,49.03,53.59
2025-12-15T18:33:21.801963,Recipe_B,610592ff-dcbe-4f1d-8eb4-f593c5d7ac78,2,4.0,,,,102.89,51.3,48.28,56.41,56.75,48.21
2025-12-15T18:33:22.801963,Recipe_B,610592ff-dcbe-4f1d-8eb4-f593c5d7ac78,2,4.0,,,,94.37,49.46,50.14,53.19,56.57,51.72
2025-12-15T18:33:23.801963,Recipe_B,610592ff-dcbe-4f1d-8eb4-f593c5d7ac78,2,4.0,,,,104.19,35.7,43.85,55.93,54.02,50.67
2025-12-15T18:33:24.801963,Recipe_B,610592ff-dcbe-4f1d-8eb4-f593c5d7ac78,2,4.0,,,,95.47,43.04,51.46,51.08,51.83,47.95
2025-12-15T18:33:25.801963,Recipe_B,610592ff-dcbe-4f1d-8eb4-f593c5d7ac78,2,4.0,,,,95.28,47.82,49.46,52.27,54.09,44.38
2025-12-15T18:33:26.801963,Recipe_B,610592ff-dcbe-4f1d-8eb4-f593c5d7ac78,2,4.0,,,,102.37,56.71,48.03,43.84,46.42,44.52
2025-12-15T18:33:27.801963,Recipe_B,610592ff-dcbe-4f1d-8eb4-f593c5d7ac78,2,4.0,,,,102.61,48.51,50.85,49.61,54.79,50.51
2025-12-15T18:33:28.801963,Recipe_B,610592ff-dcbe-4f1d-8eb4-f593c5d7ac78,2,4.0,,,,95.21,42.07,48.75,47.59,54.54,57.4
2025-12-15T18:33:29.801963,Recipe_B,610592ff-dcbe-4f1d-8eb4-f593c5d7ac78,2,4.0,,,,106.48,53.21,53.82,49.1,53.52,44.64
2025-12-15T18:33:30.801963,Recipe_B,610592ff-dcbe-4f1d-8eb4-f593c5d7ac78,2,4.0,,,,102.32,47.49,43.57,55.54,46.8,47.93
2025-12-15T18:33:31.801963,Recipe_B,610592ff-dcbe-4f1d-8eb4-f593c5d7ac78,2,4.0,,,,99.53,43.27,51.84,54.68,49.75,44.73
2025-12-15T18:33:32.801963,Recipe_B,610592ff-dcbe-4f1d-8eb4-f593c5d7ac78,2,4.0,,,,100.14,47.67,57.72,43.37,42.36,39.78
2025-12-15T18:33:33.801963,Recipe_B,610592ff-dcbe-4f1d-8eb4-f593c5d7ac78,2,4.0,,,,107.12,55.61,53.66,50.71,51.75,48.95
2025-12-15T18:33:34.801963,Recipe_B,610592ff-dcbe-4f1d-8eb4-f593c5d7ac78,2,4.0,,,,92.11,62.83,53.14,56.64,47.71,48.08
2025-12-15T18:33:35.801963,Recipe_B,610592ff-dcbe-4f1d-8eb4-f593c5d7ac78,2,4.0,,,,100.02,47.05,40.22,57.82,48.67,61.68
2025-12-15T18:33:36.801963,Recipe_B,610592ff-dcbe-4f1d-8eb4-f593c5d7ac78,2,4.0,,,,101.95,46.75,48.43,58.59,57.33,57.47
2025-12-15T18:33:37.801963,Recipe_B,610592ff-dcbe-4f1d-8eb4-f593c5d7ac78,2,4.0,,,,95.69,51.04,52.28,49.71,48.23,59.14
2025-12-15T18:33:38.801963,Recipe_B,610592ff-dcbe-4f1d-8eb4-f593c5d7ac78,2,4.0,,,,99.92,45.11,51.89,50.03,55.14,50.42
2025-12-15T18:33:39.801963,Recipe_B,610592ff-dcbe-4f1d-8eb4-f593c5d7ac78,2,4.0,,,,105.03,50.24,52.41,55.21,53.97,50.14
2025-12-15T18:33:40.801963,Recipe_B,610592ff-dcbe-4f1d-8eb4-f593c5d7ac78,2,4.0,,,,97.99,48.81,50.19,59.17,53.55,59.79
2025-12-15T18:33:41.801963,Recipe_B,610592ff-dcbe-4f1d-8eb4-f593c5d7ac78,2,4.0,,,,98.4,53.49,52.11,51.25,49.4,41.81
2025-12-15T18:33:42.801963,Recipe_B,610592ff-dcbe-4f1d-8eb4-f593c5d7ac78,2,4.0,,,,98.64,50.54,61.22,50.12,52.4,49.04
2025-12-15T18:33:43.801963,Recipe_B,610592ff-dcbe-4f1d-8eb4-f593c5d7ac78,2,2.0,,,,11.75,11.6,9.23,9.37,7.88,8.05
2025-12-15T18:33:44.801963,Recipe_B,610592ff-dcbe-4f1d-8eb4-f593c5d7ac78,2,5.0,,,,7.47,8.39,10.25,13.36,9.42,9.56
2025-12-15T18:33:45.801963,Recipe_B,610592ff-dcbe-4f1d-8eb4-f593c5d7ac78,2,5.0,,,,13.13,9.94,12.16,11.05,11.63,7.29
2025-12-15T18:33:46.801963,Recipe_B,610592ff-dcbe-4f1d-8eb4-f593c5d7ac78,2,5.0,,,,10.44,7.39,13.08,9.13,6.97,9.02
2025-12-15T18:33:47.801963,Recipe_B,610592ff-dcbe-4f1d-8eb4-f593c5d7ac78,2,5.0,,,,11.21,9.91,10.11,12.11,8.75,7.66
2025-12-15T18:33:48.801963,Recipe_B,610592ff-dcbe-4f1d-8eb4-f593c5d7ac78,2,5.0,,,,6.36,6.46,11.42,8.05,4.93,9.13
2025-12-15T18:33:49.801963,Recipe_B,610592ff-dcbe-4f1d-8eb4-f593c5d7ac78,2,5.0,,,,11.32,12.32,8.73,11.8,10.03,9.29
2025-12-15T18:33:50.801963,Recipe_B,610592ff-dcbe-4f1d-8eb4-f593c5d7ac78,2,5.0,,,,8.28,11.45,9.7,10.46,8.4,12.58
2025-12-15T18:33:51.801963,Recipe_B,610592ff-dcbe-4f1d-8eb4-f593c5d7ac78,2,5.0,,,,11.04,10.08,13.51,10.18,8.9,9.05
2025-12-15T18:33:52.801963,Recipe_B,610592ff-dcbe-4f1d-8eb4-f593c5d7ac78,2,5.0,,,,8.98,9.05,9.38,12.04,10.83,9.38
2025-12-15T18:33:53.801963,Recipe_B,610592ff-dcbe-4f1d-8eb4-f593c5d7ac78,2,5.0,,,,6.38,13.61,7.99,9.79,11.2,7.38
2025-12-15T18:33:54.801963,Recipe_B,610592ff-dcbe-4f1d-8eb4-f593c5d7ac78,2,5.0,,,,12.57,11.83,12.25,7.12,14.15,9.15
2025-12-15T18:33:55.801963,Recipe_B,610592ff-dcbe-4f1d-8eb4-f593c5d7ac78,2,5.0,,,,12.61,9.37,8.0,12.98,10.6,13.32
2025-12-15T18:33:56.801963,Recipe_B,610592ff-dcbe-4f1d-8eb4-f593c5d7ac78,2,5.0,,,,12.21,9.0,2.8,11.68,9.3,7.29
2025-12-15T18:33:57.801963,Recipe_B,610592ff-dcbe-4f1d-8eb4-f593c5d7ac78,2,5.0,,,,6.91,12.07,12.58,11.74,8.5,10.13
2025-12-15T18:33:58.801963,Recipe_B,610592ff-dcbe-4f1d-8eb4-f593c5d7ac78,2,5.0,,,,8.52,10.7,10.35,14.61,11.54,10.37
2025-12-15T18:33:59.801963,Recipe_B,610592ff-dcbe-4f1d-8eb4-f593c5d7ac78,2,5.0,,,,10.94,10.02,11.93,10.86,10.71,10.57
2025-12-15T18:34:00.801963,Recipe_B,610592ff-dcbe-4f1d-8eb4-f593c5d7ac78,2,5.0,,,,11.85,7.37,6.56,9.57,11.13,8.28
2025-12-15T18:34:01.801963,Recipe_B,610592ff-dcbe-4f1d-8eb4-f593c5d7ac78,2,5.0,,,,6.63,7.77,10.47,10.0,11.76,8.48
2025-12-15T18:34:02.801963,Recipe_B,610592ff-dcbe-4f1d-8eb4-f593c5d7ac78,2,5.0,,,,8.1,12.78,9.34,11.07,9.11,12.06
2025-12-15T18:34:03.801963,Recipe_B,610592ff-dcbe-4f1d-8eb4-f593c5d7ac78,2,5.0,,,,12.53,6.8,8.39,6.53,11.74,11.92
2025-12-15T18:34:04.801963,Recipe_B,610592ff-dcbe-4f1d-8eb4-f593c5d7ac78,2,5.0,,,,9.41,12.34,10.63,11.13,7.77,8.95
2025-12-15T18:34:05.801963,Recipe_B,610592ff-dcbe-4f1d-8eb4-f593c5d7ac78,2,5.0,,,,9.86,11.55,10.77,12.68,11.92,10.62
2025-12-15T18:34:06.801963,Recipe_B,610592ff-dcbe-4f1d-8eb4-f593c5d7ac78,2,5.0,,,,11.22,8.68,7.25,7.01,8.94,10.1
2025-12-15T18:34:07.801963,Recipe_B,610592ff-dcbe-4f1d-8eb4-f593c5d7ac78,2,5.0,,,,8.61,9.98,9.8,6.99,9.55,11.65
2025-12-15T18:34:08.801963,Recipe_B,610592ff-dcbe-4f1d-8eb4-f593c5d7ac78,2,5.0,,,,11.4,11.16,9.86,9.99,10.56,7.16
2025-12-15T18:34:09.801963,Recipe_B,610592ff-dcbe-4f1d-8eb4-f593c5d7ac78,2,5.0,,,,9.23,10.68,13.11,7.78,7.23,10.17
2025-12-15T18:34:10.801963,Recipe_B,610592ff-dcbe-4f1d-8eb4-f593c5d7ac78,2,5.0,,,,12.1,8.7,9.08,9.29,13.53,10.59
2025-12-15T18:34:11.801963,Recipe_B,610592ff-dcbe-4f1d-8eb4-f593c5d7ac78,2,5.0,,,,12.97,3.84,12.89,10.78,10.72,12.18
2025-12-15T18:34:12.801963,Recipe_B,610592ff-dcbe-4f1d-8eb4-f593c5d7ac78,2,5.0,,,,8.72,9.61,11.31,9.8,8.87,12.57
2025-12-15T18:34:13.801963,Recipe_B,610592ff-dcbe-4f1d-8eb4-f593c5d7ac78,2,5.0,,,,14.09,9.82,7.97,10.8,9.51,8.43
2025-12-15T18:34:14.801963,Recipe_B,610592ff-dcbe-4f1d-8eb4-f593c5d7ac78,2,5.0,,,,12.2,10.2,7.62,7.46,6.65,9.62
2025-12-15T18:34:15.801963,Recipe_B,610592ff-dcbe-4f1d-8eb4-f593c5d7ac78,2,5.0,,,,7.92,7.57,9.96,9.51,8.55,13.96
2025-12-15T18:34:16.801963,Recipe_B,610592ff-dcbe-4f1d-8eb4-f593c5d7ac78,2,5.0,,,,8.34,9.71,8.47,8.59,9.56,10.9
2025-12-15T18:34:17.801963,Recipe_B,610592ff-dcbe-4f1d-8eb4-f593c5d7ac78,2,5.0,,,,11.58,10.4,8.7,10.57,10.93,8.8
2025-12-15T18:34:18.801963,Recipe_B,610592ff-dcbe-4f1d-8eb4-f593c5d7ac78,2,5.0,,,,12.31,8.71,10.49,10.14,7.77,10.61
2025-12-15T18:34:19.801963,Recipe_B,610592ff-dcbe-4f1d-8eb4-f593c5d7ac78,2,5.0,,,,10.58,12.08,6.53,11.75,11.66,9.77
2025-12-15T18:34:20.801963,Recipe_B,610592ff-dcbe-4f1d-8eb4-f593c5d7ac78,2,5.0,,,,11.9,8.42,10.99,7.31,11.96,9.83
2025-12-15T18:34:21.801963,Recipe_B,610592ff-dcbe-4f1d-8eb4-f593c5d7ac78,2,5.0,,,,8.93,13.73,8.05,6.62,8.81,8.79
2025-12-15T18:34:22.801963,Recipe_B,610592ff-dcbe-4f1d-8eb4-f593c5d7ac78,2,5.0,,,,10.09,12.22,12.38,13.24,9.43,9.7
2025-12-15T18:34:23.801963,Recipe_B,610592ff-dcbe-4f1d-8eb4-f593c5d7ac78,2,5.0,,,,11.48,9.03,10.82,9.19,9.49,12.93
2025-12-15T18:34:24.801963,Recipe_B,610592ff-dcbe-4f1d-8eb4-f593c5d7ac78,2,5.0,,,,9.52,13.95,7.66,12.1,8.04,10.02
2025-12-15T18:34:25.801963,Recipe_B,610592ff-dcbe-4f1d-8eb4-f593c5d7ac78,2,5.0,,,,6.87,12.52,9.6,9.41,12.52,9.11
2025-12-15T18:34:26.801963,Recipe_B,610592ff-dcbe-4f1d-8eb4-f593c5d7ac78,2,5.0,,,,10.47,8.94,8.71,7.81,11.37,11.54
2025-12-15T18:34:27.801963,Recipe_B,610592ff-dcbe-4f1d-8eb4-f593c5d7ac78,2,5.0,,,,11.46,11.06,12.17,10.59,10.78,11.53
2025-12-15T18:34:28.801963,Recipe_B,610592ff-dcbe-4f1d-8eb4-f593c5d7ac78,2,5.0,,,,8.83,10.1,9.93,12.19,6.15,11.27
2025-12-15T18:34:29.801963,Recipe_B,610592ff-dcbe-4f1d-8eb4-f593c5d7ac78,2,5.0,,,,9.18,8.92,9.12,11.6,12.63,8.88
2025-12-15T18:34:30.801963,Recipe_B,610592ff-dcbe-4f1d-8eb4-f593c5d7ac78,2,5.0,,,,10.38,9.7,9.68,10.92,6.13,8.56
2025-12-15T18:34:31.801963,Recipe_B,610592ff-dcbe-4f1d-8eb4-f593c5d7ac78,2,5.0,,,,9.13,9.4,7.44,7.15,10.79,10.5
2025-12-15T18:34:32.801963,Recipe_B,610592ff-dcbe-4f1d-8eb4-f593c5d7ac78,2,5.0,,,,8.68,8.15,9.21,11.27,12.86,11.57
2025-12-15T18:34:33.801963,Recipe_B,610592ff-dcbe-4f1d-8eb4-f593c5d7ac78,2,5.0,,,,9.09,11.2,6.88,11.51,13.92,10.44
2025-12-15T18:34:34.801963,Recipe_B,610592ff-dcbe-4f1d-8eb4-f593c5d7ac78,2,5.0,,,,14.31,9.71,8.27,10.14,10.39,8.19
2025-12-15T18:34:35.801963,Recipe_B,610592ff-dcbe-4f1d-8eb4-f593c5d7ac78,2,5.0,,,,13.39,10.5,11.25,8.66,11.79,9.43
2025-12-15T18:34:36.801963,Recipe_B,610592ff-dcbe-4f1d-8eb4-f593c5d7ac78,2,5.0,,,,8.7,9.26,10.69,13.58,7.47,8.77
2025-12-15T18:34:37.801963,Recipe_B,610592ff-dcbe-4f1d-8eb4-f593c5d7ac78,2,5.0,,,,7.96,10.17,10.91,11.01,9.09,8.64
2025-12-15T18:34:38.801963,Recipe_B,610592ff-dcbe-4f1d-8eb4-f593c5d7ac78,2,5.0,,,,10.85,11.02,7.53,6.92,7.73,11.62
2025-12-15T18:34:39.801963,Recipe_B,610592ff-dcbe-4f1d-8eb4-f593c5d7ac78,2,5.0,,,,7.17,10.5,10.08,8.03,12.65,9.72
2025-12-15T18:34:40.801963,Recipe_B,610592ff-dcbe-4f1d-8eb4-f593c5d7ac78,2,5.0,,,,8.28,10.07,9.13,11.08,7.82,11.16
2025-12-15T18:34:41.801963,Recipe_B,610592ff-dcbe-4f1d-8eb4-f593c5d7ac78,2,5.0,,,,9.46,8.55,9.8,9.74,8.73,7.35
2025-12-15T18:34:42.801963,Recipe_B,610592ff-dcbe-4f1d-8eb4-f593c5d7ac78,2,5.0,,,,8.92,10.76,8.9,8.01,9.18,12.27
2025-12-15T18:34:43.801963,Recipe_B,610592ff-dcbe-4f1d-8eb4-f593c5d7ac78,2,5.0,,,,11.59,11.63,8.31,12.74,12.54,7.52
2025-12-15T18:34:44.801963,Recipe_B,610592ff-dcbe-4f1d-8eb4-f593c5d7ac78,2,5.0,,,,13.15,7.06,11.89,9.02,10.16,11.99
2025-12-15T18:34:45.801963,Recipe_B,610592ff-dcbe-4f1d-8eb4-f593c5d7ac78,2,5.0,,,,11.22,11.96,9.21,11.38,8.61,8.81
2025-12-15T18:34:46.801963,Recipe_B,610592ff-dcbe-4f1d-8eb4-f593c5d7ac78,2,5.0,,,,8.65,10.33,12.24,10.45,9.5,9.82
2025-12-15T18:34:47.801963,Recipe_B,610592ff-dcbe-4f1d-8eb4-f593c5d7ac78,2,5.0,,,,7.84,11.79,9.71,14.32,12.54,16.55
2025-12-15T18:34:48.801963,Recipe_B,610592ff-dcbe-4f1d-8eb4-f593c5d7ac78,2,5.0,,,,11.75,10.65,13.63,8.2,7.43,8.34
2025-12-15T18:34:49.801963,Recipe_B,610592ff-dcbe-4f1d-8eb4-f593c5d7ac78,2,5.0,,,,7.38,6.34,7.99,9.57,11.92,13.33
2025-12-15T18:34:50.801963,Recipe_B,610592ff-dcbe-4f1d-8eb4-f593c5d7ac78,2,5.0,,,,10.64,9.62,8.43,9.92,6.96,14.89
2025-12-15T18:34:51.801963,Recipe_B,610592ff-dcbe-4f1d-8eb4-f593c5d7ac78,2,5.0,,,,8.02,14.64,12.82,8.87,12.05,10.68
2025-12-15T18:34:52.801963,Recipe_B,610592ff-dcbe-4f1d-8eb4-f593c5d7ac78,2,5.0,,,,10.78,11.69,9.55,13.56,7.97,9.27
2025-12-15T18:34:53.801963,Recipe_B,610592ff-dcbe-4f1d-8eb4-f593c5d7ac78,2,5.0,,,,11.75,10.48,8.49,9.67,9.12,9.29
2025-12-15T18:34:54.801963,Recipe_B,610592ff-dcbe-4f1d-8eb4-f593c5d7ac78,2,5.0,,,,7.93,8.66,8.12,10.46,9.06,7.87
2025-12-15T18:34:55.801963,Recipe_B,610592ff-dcbe-4f1d-8eb4-f593c5d7ac78,2,2.0,,,,9.1,7.57,10.56,10.82,11.09,8.66
2025-12-15T18:34:56.801963,Recipe_B,610592ff-dcbe-4f1d-8eb4-f593c5d7ac78,2,2.0,,,,13.16,10.72,9.23,8.35,11.97,7.33
2025-12-15T18:34:57.801963,Recipe_B,610592ff-dcbe-4f1d-8eb4-f593c5d7ac78,2,2.0,,,,12.43,8.17,6.68,7.68,9.95,11.52
2025-12-15T18:34:58.801963,Recipe_B,610592ff-dcbe-4f1d-8eb4-f593c5d7ac78,2,5.0,,,,11.76,10.11,8.52,9.58,11.6,8.25
2025-12-15T18:34:59.801963,Recipe_B,610592ff-dcbe-4f1d-8eb4-f593c5d7ac78,2,5.0,,,,12.99,8.39,10.71,9.85,17.21,10.11
2025-12-15T18:35:00.801963,Recipe_B,610592ff-dcbe-4f1d-8eb4-f593c5d7ac78,2,5.0,,,,12.06,12.06,11.15,14.45,7.84,8.8
2025-12-15T18:35:01.801963,Recipe_B,610592ff-dcbe-4f1d-8eb4-f593c5d7ac78,2,5.0,,,,11.94,12.26,8.88,5.74,13.82,10.07
2025-12-15T18:35:02.801963,Recipe_B,610592ff-dcbe-4f1d-8eb4-f593c5d7ac78,2,5.0,,,,7.86,7.57,6.5,9.95,8.51,13.13
2025-12-15T18:35:03.801963,Recipe_B,610592ff-dcbe-4f1d-8eb4-f593c5d7ac78,2,5.0,,,,7.72,9.65,10.59,14.02,10.23,12.33
2025-12-15T18:35:04.801963,Recipe_B,610592ff-dcbe-4f1d-8eb4-f593c5d7ac78,2,5.0,,,,9.25,10.84,11.54,9.24,12.04,9.13
2025-12-15T18:35:05.801963,Recipe_B,610592ff-dcbe-4f1d-8eb4-f593c5d7ac78,2,5.0,,,,12.08,8.25,9.62,9.54,12.33,9.75
2025-12-15T18:35:06.801963,Recipe_B,610592ff-dcbe-4f1d-8eb4-f593c5d7ac78,2,5.0,,,,9.01,13.93,11.64,11.97,11.55,12.96
2025-12-15T18:35:07.801963,Recipe_B,610592ff-dcbe-4f1d-8eb4-f593c5d7ac78,2,5.0,,,,5.66,7.24,7.4,6.59,10.12,11.09
2025-12-15T18:35:08.801963,Recipe_B,610592ff-dcbe-4f1d-8eb4-f593c5d7ac78,2,5.0,,,,9.86,9.88,9.96,11.76,10.07,6.01
2025-12-15T18:35:09.801963,Recipe_B,610592ff-dcbe-4f1d-8eb4-f593c5d7ac78,2,5.0,,,,9.93,5.38,9.92,9.87,8.66,8.65
2025-12-15T18:35:10.801963,Recipe_B,610592ff-dcbe-4f1d-8eb4-f593c5d7ac78,2,5.0,,,,5.92,10.04,11.13,13.28,5.86,10.59
2025-12-15T18:35:11.801963,Recipe_B,610592ff-dcbe-4f1d-8eb4-f593c5d7ac78,2,5.0,,,,11.87,9.75,9.61,9.65,6.49,10.44
2025-12-15T18:35:12.801963,Recipe_B,610592ff-dcbe-4f1d-8eb4-f593c5d7ac78,2,5.0,,,,11.47,9.33,8.21,9.92,9.55,6.97
2025-12-15T18:35:13.801963,Recipe_B,610592ff-dcbe-4f1d-8eb4-f593c5d7ac78,2,5.0,,,,8.09,13.77,10.52,7.52,11.04,11.24
2025-12-15T18:35:14.801963,Recipe_B,610592ff-dcbe-4f1d-8eb4-f593c5d7ac78,2,5.0,,,,13.69,14.6,7.65,10.3,9.3,10.53
2025-12-15T18:35:15.801963,Recipe_B,610592ff-dcbe-4f1d-8eb4-f593c5d7ac78,2,5.0,,,,9.56,10.67,7.03,11.89,11.2,10.35
2025-12-15T18:35:16.801963,Recipe_B,610592ff-dcbe-4f1d-8eb4-f593c5d7ac78,2,5.0,,,,12.9,9.71,10.24,11.28,5.58,13.2
2025-12-15T18:35:17.801963,Recipe_B,610592ff-dcbe-4f1d-8eb4-f593c5d7ac78,2,5.0,,,,7.15,9.7,9.11,8.2,8.08,11.47
2025-12-15T18:35:18.801963,Recipe_B,610592ff-dcbe-4f1d-8eb4-f593c5d7ac78,2,5.0,,,,6.46,8.31,12.34,10.23,6.99,8.93
2025-12-15T18:35:19.801963,Recipe_B,610592ff-dcbe-4f1d-8eb4-f593c5d7ac78,2,5.0,,,,13.25,7.81,7.46,12.04,10.08,10.82
2025-12-15T18:35:20.801963,Recipe_B,610592ff-dcbe-4f1d-8eb4-f593c5d7ac78,2,5.0,,,,11.64,10.68,11.14,10.54,11.68,10.8
2025-12-15T18:35:21.801963,Recipe_B,610592ff-dcbe-4f1d-8eb4-f593c5d7ac78,2,5.0,,,,9.16,8.83,7.32,12.55,11.91,9.88
2025-12-15T18:35:22.801963,Recipe_B,610592ff-dcbe-4f1d-8eb4-f593c5d7ac78,2,5.0,,,,7.79,9.33,9.21,12.36,8.57,8.15
2025-12-15T18:35:23.801963,Recipe_B,610592ff-dcbe-4f1d-8eb4-f593c5d7ac78,2,5.0,,,,8.92,7.92,9.26,10.61,9.28,10.0
2025-12-15T18:35:24.801963,Recipe_B,610592ff-dcbe-4f1d-8eb4-f593c5d7ac78,2,5.0,,,,9.11,7.09,13.82,6.9,8.95,10.02
2025-12-15T18:35:25.801963,Recipe_B,610592ff-dcbe-4f1d-8eb4-f593c5d7ac78,2,5.0,,,,16.15,14.09,10.66,9.33,9.33,11.36
2025-12-15T18:35:26.801963,Recipe_B,610592ff-dcbe-4f1d-8eb4-f593c5d7ac78,2,5.0,,,,11.36,7.86,11.43,10.46,12.43,10.97
2025-12-15T18:35:27.801963,Recipe_B,610592ff-dcbe-4f1d-8eb4-f593c5d7ac78,2,4.0,,,,90.4,55.82,51.91,49.04,52.63,44.64
2025-12-15T18:35:28.801963,Recipe_B,610592ff-dcbe-4f1d-8eb4-f593c5d7ac78,2,4.0,,,,98.84,48.15,47.64,51.09,52.29,52.45
2025-12-15T18:35:29.801963,Recipe_B,610592ff-dcbe-4f1d-8eb4-f593c5d7ac78,2,4.0,,,,101.6,51.24,46.81,52.02,49.79,50.83
2025-12-15T18:35:30.801963,Recipe_B,610592ff-dcbe-4f1d-8eb4-f593c5d7ac78,2,4.0,,,,96.86,52.39,50.99,48.2,47.09,47.26
2025-12-15T18:35:31.801963,Recipe_B,610592ff-dcbe-4f1d-8eb4-f593c5d7ac78,2,4.0,,,,93.35,48.12,48.54,47.31,55.82,47.32
2025-12-15T18:35:32.801963,Recipe_B,610592ff-dcbe-4f1d-8eb4-f593c5d7ac78,2,4.0,,,,106.2,48.92,55.91,48.85,51.33,44.47
2025-12-15T18:35:33.801963,Recipe_B,610592ff-dcbe-4f1d-8eb4-f593c5d7ac78,2,4.0,,,,100.17,51.7,46.81,50.78,45.94,53.88
2025-12-15T18:35:34.801963,Recipe_B,610592ff-dcbe-4f1d-8eb4-f593c5d7ac78,2,4.0,,,,102.29,50.97,47.77,46.65,54.6,46.09
2025-12-15T18:35:35.801963,Recipe_B,610592ff-dcbe-4f1d-8eb4-f593c5d7ac78,2,3.0,,,,12.62,8.37,12.05,12.07,10.33,12.51
2025-12-15T18:35:36.801963,Recipe_B,610592ff-dcbe-4f1d-8eb4-f593c5d7ac78,2,3.0,,,,8.77,9.68,12.83,8.38,12.15,8.74
2025-12-15T18:35:37.801963,Recipe_B,610592ff-dcbe-4f1d-8eb4-f593c5d7ac78,2,3.0,,,,15.04,10.01,10.43,9.46,8.77,9.76
2025-12-15T18:35:38.801963,Recipe_B,610592ff-dcbe-4f1d-8eb4-f593c5d7ac78,2,3.0,,,,10.86,13.52,8.32,7.46,8.56,11.85
2025-12-15T18:35:39.801963,Recipe_B,610592ff-dcbe-4f1d-8eb4-f593c5d7ac78,2,3.0,,,,10.13,10.74,10.08,8.69,8.34,8.16
2025-12-15T18:35:40.801963,Recipe_B,610592ff-dcbe-4f1d-8eb4-f593c5d7ac78,2,3.0,,,,6.99,8.76,5.75,11.7,7.04,11.78
2025-12-15T18:35:41.801963,Recipe_B,610592ff-dcbe-4f1d-8eb4-f593c5d7ac78,2,3.0,,,,7.69,6.78,11.31,6.84,10.95,11.54
2025-12-15T18:35:42.801963,Recipe_B,610592ff-dcbe-4f1d-8eb4-f593c5d7ac78,2,3.0,,,,12.02,9.16,12.74,10.08,9.5,15.48
2025-12-15T18:35:43.801963,Recipe_B,610592ff-dcbe-4f1d-8eb4-f593c5d7ac78,2,3.0,,,,10.34,14.79,10.1,12.7,9.77,11.26
2025-12-15T18:35:44.801963,Recipe_B,610592ff-dcbe-4f1d-8eb4-f593c5d7ac78,2,3.0,,,,8.85,12.88,7.31,7.58,9.96,7.59
2025-12-15T18:35:45.801963,Recipe_B,610592ff-dcbe-4f1d-8eb4-f593c5d7ac78,2,3.0,,,,8.86,11.45,13.04,9.64,6.06,9.53
2025-12-15T18:35:46.801963,Recipe_B,610592ff-dcbe-4f1d-8eb4-f593c5d7ac78,2,3.0,,,,11.69,11.91,7.65,8.01,9.76,9.39
2025-12-15T18:35:47.801963,Recipe_B,610592ff-dcbe-4f1d-8eb4-f593c5d7ac78,2,3.0,,,,10.49,12.12,9.6,11.37,8.42,8.47
2025-12-15T18:35:48.801963,Recipe_B,610592ff-dcbe-4f1d-8eb4-f593c5d7ac78,2,3.0,,,,10.35,6.99,14.48,6.63,12.2,10.77
2025-12-15T18:35:49.801963,Recipe_B,610592ff-dcbe-4f1d-8eb4-f593c5d7ac78,2,3.0,,,,10.72,10.34,8.36,10.72,10.64,7.17
2025-12-15T18:35:50.801963,Recipe_B,610592ff-dcbe-4f1d-8eb4-f593c5d7ac78,2,3.0,,,,6.7,10.8,10.13,7.33,8.68,6.45
2025-12-15T18:35:51.801963,Recipe_B,610592ff-dcbe-4f1d-8eb4-f593c5d7ac78,2,3.0,,,,9.97,12.18,8.62,9.75,7.49,11.62
2025-12-15T18:35:52.801963,Recipe_B,610592ff-dcbe-4f1d-8eb4-f593c5d7ac78,2,3.0,,,,8.71,9.5,9.52,10.77,10.41,11.12
2025-12-15T18:35:53.801963,Recipe_B,610592ff-dcbe-4f1d-8eb4-f593c5d7ac78,2,3.0,,,,9.58,7.12,9.54,11.47,6.95,8.38
2025-12-15T18:35:54.801963,Recipe_B,610592ff-dcbe-4f1d-8eb4-f593c5d7ac78,2,3.0,,,,8.16,8.78,11.26,9.47,10.41,9.02
2025-12-15T18:35:55.801963,Recipe_B,610592ff-dcbe-4f1d-8eb4-f593c5d7ac78,2,3.0,,,,9.21,12.49,9.52,10.94,10.64,8.84
2025-12-15T18:35:56.801963,Recipe_B,610592ff-dcbe-4f1d-8eb4-f593c5d7ac78,2,3.0,,,,10.16,9.09,9.39,13.72,8.94,11.17
2025-12-15T18:35:57.801963,Recipe_B,610592ff-dcbe-4f1d-8eb4-f593c5d7ac78,2,3.0,,,,8.81,13.11,12.01,9.21,10.75,8.87
2025-12-15T18:35:58.801963,Recipe_B,610592ff-dcbe-4f1d-8eb4-f593c5d7ac78,2,3.0,,,,11.64,14.59,13.2,11.58,9.71,10.32
2025-12-15T18:35:59.801963,Recipe_B,610592ff-dcbe-4f1d-8eb4-f593c5d7ac78,2,3.0,,,,9.99,10.5,10.2,11.43,9.0,7.89
2025-12-15T18:36:00.801963,Recipe_B,610592ff-dcbe-4f1d-8eb4-f593c5d7ac78,2,3.0,,,,12.7,11.37,7.68,11.14,7.37,5.81
2025-12-15T18:36:01.801963,Recipe_B,610592ff-dcbe-4f1d-8eb4-f593c5d7ac78,2,3.0,,,,12.21,9.45,11.01,10.68,7.75,8.2
2025-12-15T18:36:02.801963,Recipe_B,610592ff-dcbe-4f1d-8eb4-f593c5d7ac78,2,3.0,,,,8.95,11.15,9.87,6.82,10.55,8.98
2025-12-15T18:36:03.801963,Recipe_B,610592ff-dcbe-4f1d-8eb4-f593c5d7ac78,2,3.0,,,,12.49,10.98,10.83,5.37,12.54,9.83
2025-12-15T18:36:04.801963,Recipe_B,610592ff-dcbe-4f1d-8eb4-f593c5d7ac78,2,3.0,,,,11.03,10.46,12.18,13.11,12.71,9.4
2025-12-15T18:36:05.801963,Recipe_B,610592ff-dcbe-4f1d-8eb4-f593c5d7ac78,2,3.0,,,,10.6,9.46,10.79,10.75,11.57,11.05
2025-12-15T18:36:06.801963,Recipe_B,610592ff-dcbe-4f1d-8eb4-f593c5d7ac78,2,3.0,,,,8.17,12.01,12.38,13.03,10.22,13.71
2025-12-15T18:36:07.801963,Recipe_B,610592ff-dcbe-4f1d-8eb4-f593c5d7ac78,2,5.0,,,,8.07,10.87,9.36,12.36,9.3,9.31
2025-12-15T18:36:08.801963,Recipe_B,610592ff-dcbe-4f1d-8eb4-f593c5d7ac78,2,5.0,,,,11.68,11.37,5.69,7.72,10.53,11.59
2025-12-15T18:36:09.801963,Recipe_B,610592ff-dcbe-4f1d-8eb4-f593c5d7ac78,2,5.0,,,,7.81,11.66,8.64,9.11,6.14,12.88
2025-12-15T18:36:10.801963,Recipe_B,610592ff-dcbe-4f1d-8eb4-f593c5d7ac78,2,5.0,,,,13.53,9.63,9.8,10.76,8.98,10.58
2025-12-15T18:36:11.801963,Recipe_B,610592ff-dcbe-4f1d-8eb4-f593c5d7ac78,2,3.0,,,,10.94,9.35,10.32,10.43,7.4,13.81
2025-12-15T18:36:12.801963,Recipe_B,610592ff-dcbe-4f1d-8eb4-f593c5d7ac78,2,3.0,,,,9.25,11.72,9.76,8.92,10.22,8.69
2025-12-15T18:36:13.801963,Recipe_B,610592ff-dcbe-4f1d-8eb4-f593c5d7ac78,2,3.0,,,,5.78,8.17,9.5,10.68,12.47,8.43
2025-12-15T18:36:14.801963,Recipe_B,610592ff-dcbe-4f1d-8eb4-f593c5d7ac78,2,3.0,,,,10.03,13.04,9.81,10.71,10.72,11.33
2025-12-15T18:36:15.801963,Recipe_B,610592ff-dcbe-4f1d-8eb4-f593c5d7ac78,2,3.0,,,,10.34,9.18,8.29,8.82,6.8,9.83
2025-12-15T18:36:16.801963,Recipe_B,610592ff-dcbe-4f1d-8eb4-f593c5d7ac78,2,3.0,,,,10.79,11.82,7.56,7.72,10.59,10.13
2025-12-15T18:36:17.801963,Recipe_B,610592ff-dcbe-4f1d-8eb4-f593c5d7ac78,2,3.0,,,,9.17,9.62,13.44,5.72,9.46,11.77
2025-12-15T18:36:18.801963,Recipe_B,610592ff-dcbe-4f1d-8eb4-f593c5d7ac78,2,2.0,,,,11.39,9.76,11.64,10.67,9.58,13.59
2025-12-15T18:36:19.801963,Recipe_B,610592ff-dcbe-4f1d-8eb4-f593c5d7ac78,2,2.0,,,,11.82,4.97,6.07,11.51,10.28,13.96
2025-12-15T18:36:20.801963,Recipe_B,610592ff-dcbe-4f1d-8eb4-f593c5d7ac78,2,2.0,,,,10.06,13.95,6.49,8.86,8.75,10.55
2025-12-15T18:36:21.801963,Recipe_B,610592ff-dcbe-4f1d-8eb4-f593c5d7ac78,2,2.0,,,,5.41,9.85,9.75,12.92,7.73,11.31
2025-12-15T18:36:22.801963,Recipe_B,610592ff-dcbe-4f1d-8eb4-f593c5d7ac78,2,4.0,,,,96.06,47.29,45.92,52.39,44.19,51.53
2025-12-15T18:36:23.801963,Recipe_B,610592ff-dcbe-4f1d-8eb4-f593c5d7ac78,2,4.0,,,,96.85,55.43,50.08,36.31,42.95,52.94
2025-12-15T18:36:24.801963,Recipe_B,610592ff-dcbe-4f1d-8eb4-f593c5d7ac78,2,4.0,,,,99.75,48.51,47.16,49.29,46.2,42.49
2025-12-15T18:36:25.801963,Recipe_B,610592ff-dcbe-4f1d-8eb4-f593c5d7ac78,2,4.0,,,,92.01,52.33,55.15,45.37,55.57,49.77
2025-12-15T18:36:26.801963,Recipe_B,610592ff-dcbe-4f1d-8eb4-f593c5d7ac78,2,4.0,,,,105.56,49.41,42.51,50.91,52.93,48.98
2025-12-15T18:36:27.801963,Recipe_B,610592ff-dcbe-4f1d-8eb4-f593c5d7ac78,2,4.0,,,,99.42,53.57,45.15,44.84,48.15,46.59
2025-12-15T18:36:28.801963,Recipe_B,610592ff-dcbe-4f1d-8eb4-f593c5d7ac78,2,4.0,,,,107.04,51.32,50.26,45.06,41.99,50.03
2025-12-15T18:36:29.801963,Recipe_B,610592ff-dcbe-4f1d-8eb4-f593c5d7ac78,2,4.0,,,,94.8,55.73,43.08,50.54,65.78,54.41
2025-12-15T18:36:30.801963,Recipe_B,610592ff-dcbe-4f1d-8eb4-f593c5d7ac78,2,4.0,,,,102.66,50.96,51.43,56.75,54.93,56.92
2025-12-15T18:36:31.801963,Recipe_B,610592ff-dcbe-4f1d-8eb4-f593c5d7ac78,2,4.0,,,,86.47,52.96,47.67,52.28,56.21,52.93
2025-12-15T18:36:32.801963,Recipe_B,610592ff-dcbe-4f1d-8eb4-f593c5d7ac78,2,4.0,,,,102.11,45.78,47.28,44.64,51.37,49.49
2025-12-15T18:36:33.801963,Recipe_B,610592ff-dcbe-4f1d-8eb4-f593c5d7ac78,2,4.0,,,,98.07,49.8,45.67,54.25,45.36,47.33
2025-12-15T18:36:34.801963,Recipe_B,610592ff-dcbe-4f1d-8eb4-f593c5d7ac78,2,4.0,,,,102.1,43.53,44.64,44.53,62.18,46.17
2025-12-15T18:36:35.801963,Recipe_B,610592ff-dcbe-4f1d-8eb4-f593c5d7ac78,2,4.0,,,,99.46,45.96,45.09,63.92,39.0,49.63
2025-12-15T18:36:36.801963,Recipe_B,610592ff-dcbe-4f1d-8eb4-f593c5d7ac78,2,4.0,,,,102.87,55.24,48.46,55.18,54.76,50.29
2025-12-15T18:36:37.801963,Recipe_B,610592ff-dcbe-4f1d-8eb4-f593c5d7ac78,2,4.0,,,,101.65,45.72,52.28,48.91,58.46,41.11
2025-12-15T18:36:38.801963,Recipe_B,610592ff-dcbe-4f1d-8eb4-f593c5d7ac78,2,4.0,,,,105.47,49.89,61.93,58.9,49.46,51.15
2025-12-15T18:36:39.801963,Recipe_B,610592ff-dcbe-4f1d-8eb4-f593c5d7ac78,2,4.0,,,,94.95,45.61,44.26,57.31,50.7,42.01
2025-12-15T18:36:40.801963,Recipe_B,610592ff-dcbe-4f1d-8eb4-f593c5d7ac78,2,4.0,,,,95.64,59.69,47.41,51.31,44.73,46.12
2025-12-15T18:36:41.801963,Recipe_B,610592ff-dcbe-4f1d-8eb4-f593c5d7ac78,2,4.0,,,,93.83,52.37,46.86,50.38,53.48,58.55
2025-12-15T18:36:42.801963,Recipe_B,610592ff-dcbe-4f1d-8eb4-f593c5d7ac78,2,4.0,,,,97.82,58.0,56.41,51.22,41.53,45.6
2025-12-15T18:36:43.801963,Recipe_B,610592ff-dcbe-4f1d-8eb4-f593c5d7ac78,2,4.0,,,,101.66,45.81,52.08,48.87,53.8,46.87
2025-12-15T18:36:44.801963,Recipe_B,610592ff-dcbe-4f1d-8eb4-f593c5d7ac78,2,4.0,,,,95.78,49.37,49.52,42.84,50.38,44.94
2025-12-15T18:36:45.801963,Recipe_B,610592ff-dcbe-4f1d-8eb4-f593c5d7ac78,2,4.0,,,,98.49,48.21,48.52,51.43,50.81,50.68
2025-12-15T18:36:46.801963,Recipe_B,610592ff-dcbe-4f1d-8eb4-f593c5d7ac78,2,4.0,,,,103.25,54.63,48.76,53.73,61.5,52.99
2025-12-15T18:36:47.801963,Recipe_B,610592ff-dcbe-4f1d-8eb4-f593c5d7ac78,2,4.0,,,,96.12,49.12,45.41,46.6,48.44,54.82
2025-12-15T18:36:48.801963,Recipe_B,610592ff-dcbe-4f1d-8eb4-f593c5d7ac78,2,4.0,,,,98.98,43.95,50.98,47.31,55.4,48.16
2025-12-15T18:36:49.801963,Recipe_B,610592ff-dcbe-4f1d-8eb4-f593c5d7ac78,2,4.0,,,,98.42,46.27,43.54,45.05,53.12,48.49
2025-12-15T18:36:50.801963,Recipe_B,610592ff-dcbe-4f1d-8eb4-f593c5d7ac78,2,4.0,,,,99.0,65.66,58.01,48.91,54.18,61.95
2025-12-15T18:36:51.801963,Recipe_B,610592ff-dcbe-4f1d-8eb4-f593c5d7ac78,2,4.0,,,,89.6,55.37,52.47,46.83,48.88,45.54
2025-12-15T18:36:52.801963,Recipe_B,610592ff-dcbe-4f1d-8eb4-f593c5d7ac78,2,4.0,,,,100.46,49.81,46.83,52.18,49.5,52.39
2025-12-15T18:36:53.801963,Recipe_B,610592ff-dcbe-4f1d-8eb4-f593c5d7ac78,2,4.0,,,,96.95,48.5,49.79,45.86,53.01,56.08
2025-12-15T18:36:54.801963,Recipe_B,610592ff-dcbe-4f1d-8eb4-f593c5d7ac78,2,4.0,,,,95.92,45.17,47.45,49.91,61.25,55.5
2025-12-15T18:36:55.801963,Recipe_B,610592ff-dcbe-4f1d-8eb4-f593c5d7ac78,2,4.0,,,,99.44,54.25,48.57,46.72,51.32,41.55
2025-12-15T18:36:56.801963,Recipe_B,610592ff-dcbe-4f1d-8eb4-f593c5d7ac78,2,4.0,,,,101.57,54.96,39.9,52.24,56.45,46.99
2025-12-15T18:36:57.801963,Recipe_B,610592ff-dcbe-4f1d-8eb4-f593c5d7ac78,2,4.0,,,,98.01,57.24,45.72,49.93,54.6,53.71
2025-12-15T18:36:58.801963,Recipe_B,610592ff-dcbe-4f1d-8eb4-f593c5d7ac78,2,4.0,,,,99.08,54.44,41.69,52.24,49.94,46.24
2025-12-15T18:36:59.801963,Recipe_B,610592ff-dcbe-4f1d-8eb4-f593c5d7ac78,2,4.0,,,,104.99,45.42,48.69,49.43,46.78,50.89
2025-12-15T18:37:00.801963,Recipe_B,610592ff-dcbe-4f1d-8eb4-f593c5d7ac78,2,4.0,,,,94.49,57.91,59.54,40.96,43.1,55.47
2025-12-15T18:37:01.801963,Recipe_B,610592ff-dcbe-4f1d-8eb4-f593c5d7ac78,2,4.0,,,,106.24,49.02,48.72,53.15,53.66,49.99
2025-12-15T18:37:02.801963,Recipe_B,610592ff-dcbe-4f1d-8eb4-f593c5d7ac78,2,4.0,,,,90.63,55.87,60.22,57.4,56.33,43.95
2025-12-15T18:37:03.801963,Recipe_B,610592ff-dcbe-4f1d-8eb4-f593c5d7ac78,2,4.0,,,,104.64,42.25,51.99,39.62,42.74,53.5
2025-12-15T18:37:04.801963,Recipe_B,610592ff-dcbe-4f1d-8eb4-f593c5d7ac78,2,4.0,,,,94.03,51.94,51.09,45.96,46.71,48.02
2025-12-15T18:37:05.801963,Recipe_B,610592ff-dcbe-4f1d-8eb4-f593c5d7ac78,2,4.0,,,,87.03,51.0,58.93,57.53,52.33,48.31
2025-12-15T18:37:06.801963,Recipe_B,610592ff-dcbe-4f1d-8eb4-f593c5d7ac78,2,4.0,,,,99.24,53.57,50.71,43.42,54.12,44.58
2025-12-15T18:37:07.801963,Recipe_B,610592ff-dcbe-4f1d-8eb4-f593c5d7ac78,2,4.0,,,,105.91,56.09,54.01,55.9,59.6,51.71
2025-12-15T18:37:08.801963,Recipe_B,610592ff-dcbe-4f1d-8eb4-f593c5d7ac78,2,4.0,,,,104.34,47.38,45.12,48.45,54.68,45.84
2025-12-15T18:37:09.801963,Recipe_B,610592ff-dcbe-4f1d-8eb4-f593c5d7ac78,2,4.0,,,,96.19,51.19,51.37,47.53,39.7,55.76
2025-12-15T18:37:10.801963,Recipe_B,610592ff-dcbe-4f1d-8eb4-f593c5d7ac78,2,4.0,,,,101.78,54.27,42.63,45.25,47.77,51.64
2025-12-15T18:37:11.801963,Recipe_B,610592ff-dcbe-4f1d-8eb4-f593c5d7ac78,2,0.0,,,,0.0,0.0,0.0,0.0,0.0,0.0
2025-12-15T18:37:12.801963,Recipe_B,610592ff-dcbe-4f1d-8eb4-f593c5d7ac78,2,0.0,,,,0.0,0.0,0.0,0.0,0.0,0.0
2025-12-15T18:37:13.801963,Recipe_B,610592ff-dcbe-4f1d-8eb4-f593c5d7ac78,2,0.0,,,,0.0,0.0,0.0,0.0,0.0,0.0
2025-12-15T18:37:14.801963,Recipe_B,610592ff-dcbe-4f1d-8eb4-f593c5d7ac78,2,0.0,,,,0.0,0.0,0.0,0.0,0.0,0.0
2025-12-15T18:37:15.801963,Recipe_B,610592ff-dcbe-4f1d-8eb4-f593c5d7ac78,2,0.0,,,,0.0,0.0,0.0,0.0,0.0,0.0
2025-12-15T18:37:16.801963,Recipe_B,610592ff-dcbe-4f1d-8eb4-f593c5d7ac78,2,0.0,,,,0.0,0.0,0.0,0.0,0.0,0.0
2025-12-15T18:37:17.801963,Recipe_B,610592ff-dcbe-4f1d-8eb4-f593c5d7ac78,2,0.0,,,,0.0,0.0,0.0,0.0,0.0,0.0
2025-12-15T18:37:18.801963,Recipe_B,610592ff-dcbe-4f1d-8eb4-f593c5d7ac78,2,0.0,,,,0.0,0.0,0.0,0.0,0.0,0.0
2025-12-15T18:37:19.801963,Recipe_B,610592ff-dcbe-4f1d-8eb4-f593c5d7ac78,2,0.0,,,,0.0,0.0,0.0,0.0,0.0,0.0
2025-12-15T18:37:20.801963,Recipe_B,610592ff-dcbe-4f1d-8eb4-f593c5d7ac78,2,0.0,,,,0.0,0.0,0.0,0.0,0.0,0.0
2025-12-15T18:37:21.801963,Recipe_B,610592ff-dcbe-4f1d-8eb4-f593c5d7ac78,2,0.0,,,,0.0,0.0,0.0,0.0,0.0,0.0
2025-12-15T18:37:22.801963,Recipe_B,610592ff-dcbe-4f1d-8eb4-f593c5d7ac78,2,0.0,,,,0.0,0.0,0.0,0.0,0.0,0.0
2025-12-15T18:37:23.801963,Recipe_B,610592ff-dcbe-4f1d-8eb4-f593c5d7ac78,2,0.0,,,,0.0,0.0,0.0,0.0,0.0,0.0
2025-12-15T18:37:24.801963,Recipe_B,610592ff-dcbe-4f1d-8eb4-f593c5d7ac78,2,0.0,,,,0.0,0.0,0.0,0.0,0.0,0.0
2025-12-15T18:37:25.801963,Recipe_B,610592ff-dcbe-4f1d-8eb4-f593c5d7ac78,2,0.0,,,,0.0,0.0,0.0,0.0,0.0,0.0
2025-12-15T18:37:26.801963,Recipe_B,610592ff-dcbe-4f1d-8eb4-f593c5d7ac78,2,0.0,,,,0.0,0.0,0.0,0.0,0.0,0.0
2025-12-15T18:37:27.801963,Recipe_B,610592ff-dcbe-4f1d-8eb4-f593c5d7ac78,2,0.0,,,,0.0,0.0,0.0,0.0,0.0,0.0
2025-12-15T18:37:28.801963,Recipe_B,610592ff-dcbe-4f1d-8eb4-f593c5d7ac78,2,0.0,,,,0.0,0.0,0.0,0.0,0.0,0.0
2025-12-15T18:37:29.801963,Recipe_B,610592ff-dcbe-4f1d-8eb4-f593c5d7ac78,2,0.0,,,,0.0,0.0,0.0,0.0,0.0,0.0
2025-12-15T18:37:30.801963,Recipe_B,610592ff-dcbe-4f1d-8eb4-f593c5d7ac78,2,0.0,,,,0.0,0.0,0.0,0.0,0.0,0.0
2025-12-15T18:37:31.801963,Recipe_B,610592ff-dcbe-4f1d-8eb4-f593c5d7ac78,2,0.0,,,,0.0,0.0,0.0,0.0,0.0,0.0
2025-12-15T18:37:32.801963,Recipe_B,610592ff-dcbe-4f1d-8eb4-f593c5d7ac78,2,0.0,,,,0.0,0.0,0.0,0.0,0.0,0.0
2025-12-15T18:37:33.801963,Recipe_B,610592ff-dcbe-4f1d-8eb4-f593c5d7ac78,2,0.0,,,,0.0,0.0,0.0,0.0,0.0,0.0
2025-12-15T18:37:34.801963,Recipe_B,610592ff-dcbe-4f1d-8eb4-f593c5d7ac78,2,0.0,,,,0.0,0.0,0.0,0.0,0.0,0.0
2025-12-15T18:37:35.801963,Recipe_B,610592ff-dcbe-4f1d-8eb4-f593c5d7ac78,2,0.0,,,,0.0,0.0,0.0,0.0,0.0,0.0
2025-12-15T18:37:36.801963,Recipe_B,610592ff-dcbe-4f1d-8eb4-f593c5d7ac78,2,0.0,,,,0.0,0.0,0.0,0.0,0.0,0.0
2025-12-15T18:37:37.801963,Recipe_B,610592ff-dcbe-4f1d-8eb4-f593c5d7ac78,2,0.0,,,,0.0,0.0,0.0,0.0,0.0,0.0
2025-12-15T18:37:38.801963,Recipe_B,610592ff-dcbe-4f1d-8eb4-f593c5d7ac78,2,0.0,,,,0.0,0.0,0.0,0.0,0.0,0.0
2025-12-15T18:37:39.801963,Recipe_B,610592ff-dcbe-4f1d-8eb4-f593c5d7ac78,2,0.0,,,,0.0,0.0,0.0,0.0,0.0,0.0
2025-12-15T18:37:40.801963,Recipe_B,610592ff-dcbe-4f1d-8eb4-f593c5d7ac78,2,0.0,,,,0.0,0.0,0.0,0.0,0.0,0.0
2025-12-15T18:37:41.801963,Recipe_B,610592ff-dcbe-4f1d-8eb4-f593c5d7ac78,2,0.0,,,,0.0,0.0,0.0,0.0,0.0,0.0
2025-12-15T18:37:42.801963,Recipe_B,610592ff-dcbe-4f1d-8eb4-f593c5d7ac78,2,0.0,,,,0.0,0.0,0.0,0.0,0.0,0.0
2025-12-15T18:37:43.801963,Recipe_B,610592ff-dcbe-4f1d-8eb4-f593c5d7ac78,2,0.0,,,,0.0,0.0,0.0,0.0,0.0,0.0
2025-12-15T18:37:44.801963,Recipe_B,610592ff-dcbe-4f1d-8eb4-f593c5d7ac78,2,0.0,,,,0.0,0.0,0.0,0.0,0.0,0.0
2025-12-15T18:37:45.801963,Recipe_B,610592ff-dcbe-4f1d-8eb4-f593c5d7ac78,2,0.0,,,,0.0,0.0,0.0,0.0,0.0,0.0
2025-12-15T18:37:46.801963,Recipe_B,610592ff-dcbe-4f1d-8eb4-f593c5d7ac78,2,0.0,,,,0.0,0.0,0.0,0.0,0.0,0.0
2025-12-15T18:37:47.801963,Recipe_B,610592ff-dcbe-4f1d-8eb4-f593c5d7ac78,2,0.0,,,,0.0,0.0,0.0,0.0,0.0,0.0
2025-12-15T18:37:48.801963,Recipe_B,610592ff-dcbe-4f1d-8eb4-f593c5d7ac78,2,0.0,,,,0.0,0.0,0.0,0.0,0.0,0.0
2025-12-15T18:37:49.801963,Recipe_B,610592ff-dcbe-4f1d-8eb4-f593c5d7ac78,2,0.0,,,,0.0,0.0,0.0,0.0,0.0,0.0
2025-12-15T18:37:50.801963,Recipe_B,610592ff-dcbe-4f1d-8eb4-f593c5d7ac78,2,0.0,,,,0.0,0.0,0.0,0.0,0.0,0.0
2025-12-15T18:37:51.801963,Recipe_B,610592ff-dcbe-4f1d-8eb4-f593c5d7ac78,2,0.0,,,,0.0,0.0,0.0,0.0,0.0,0.0
2025-12-15T18:37:52.801963,Recipe_B,610592ff-dcbe-4f1d-8eb4-f593c5d7ac78,2,0.0,,,,0.0,0.0,0.0,0.0,0.0,0.0
2025-12-15T18:37:53.801963,Recipe_B,610592ff-dcbe-4f1d-8eb4-f593c5d7ac78,2,0.0,,,,0.0,0.0,0.0,0.0,0.0,0.0
2025-12-15T18:37:54.801963,Recipe_B,610592ff-dcbe-4f1d-8eb4-f593c5d7ac78,2,0.0,,,,0.0,0.0,0.0,0.0,0.0,0.0
2025-12-15T18:37:55.801963,Recipe_B,610592ff-dcbe-4f1d-8eb4-f593c5d7ac78,2,0.0,,,,0.0,0.0,0.0,0.0,0.0,0.0
2025-12-15T18:37:56.801963,Recipe_B,610592ff-dcbe-4f1d-8eb4-f593c5d7ac78,2,0.0,,,,0.0,0.0,0.0,0.0,0.0,0.0
2025-12-15T18:37:57.801963,Recipe_B,610592ff-dcbe-4f1d-8eb4-f593c5d7ac78,2,0.0,,,,0.0,0.0,0.0,0.0,0.0,0.0
2025-12-15T18:37:58.801963,Recipe_B,610592ff-dcbe-4f1d-8eb4-f593c5d7ac78,2,0.0,,,,0.0,0.0,0.0,0.0,0.0,0.0
2025-12-15T18:37:59.801963,Recipe_B,610592ff-dcbe-4f1d-8eb4-f593c5d7ac78,2,0.0,,,,0.0,0.0,0.0,0.0,0.0,0.0
2025-12-15T18:38:00.801963,Recipe_B,610592ff-dcbe-4f1d-8eb4-f593c5d7ac78,2,0.0,,,,0.0,0.0,0.0,0.0,0.0,0.0
2025-12-15T18:38:01.801963,Recipe_B,610592ff-dcbe-4f1d-8eb4-f593c5d7ac78,2,0.0,,,,0.0,0.0,0.0,0.0,0.0,0.0
2025-12-15T18:38:02.801963,Recipe_B,610592ff-dcbe-4f1d-8eb4-f593c5d7ac78,2,0.0,,,,0.0,0.0,0.0,0.0,0.0,0.0
2025-12-15T18:38:03.801963,Recipe_B,610592ff-dcbe-4f1d-8eb4-f593c5d7ac78,2,0.0,,,,0.0,0.0,0.0,0.0,0.0,0.0
2025-12-15T18:38:04.801963,Recipe_B,610592ff-dcbe-4f1d-8eb4-f593c5d7ac78,2,0.0,,,,0.0,0.0,0.0,0.0,0.0,0.0
2025-12-15T18:38:05.801963,Recipe_B,610592ff-dcbe-4f1d-8eb4-f593c5d7ac78,2,0.0,,,,0.0,0.0,0.0,0.0,0.0,0.0
2025-12-15T18:38:06.801963,Recipe_B,610592ff-dcbe-4f1d-8eb4-f593c5d7ac78,2,0.0,,,,0.0,0.0,0.0,0.0,0.0,0.0
2025-12-15T18:38:07.801963,Recipe_B,610592ff-dcbe-4f1d-8eb4-f593c5d7ac78,2,0.0,,,,0.0,0.0,0.0,0.0,0.0,0.0
2025-12-15T18:38:08.801963,Recipe_B,610592ff-dcbe-4f1d-8eb4-f593c5d7ac78,2,0.0,,,,0.0,0.0,0.0,0.0,0.0,0.0
2025-12-15T18:38:09.801963,Recipe_B,610592ff-dcbe-4f1d-8eb4-f593c5d7ac78,2,0.0,,,,0.0,0.0,0.0,0.0,0.0,0.0
2025-12-15T18:38:10.801963,Recipe_B,610592ff-dcbe-4f1d-8eb4-f593c5d7ac78,2,0.0,,,,0.0,0.0,0.0,0.0,0.0,0.0
2025-12-15T18:38:11.801963,Recipe_B,610592ff-dcbe-4f1d-8eb4-f593c5d7ac78,2,0.0,,,,0.0,0.0,0.0,0.0,0.0,0.0
2025-12-15T18:38:12.801963,Recipe_B,610592ff-dcbe-4f1d-8eb4-f593c5d7ac78,2,0.0,,,,0.0,0.0,0.0,0.0,0.0,0.0
2025-12-15T18:38:13.801963,Recipe_B,610592ff-dcbe-4f1d-8eb4-f593c5d7ac78,2,0.0,,,,0.0,0.0,0.0,0.0,0.0,0.0
2025-12-15T18:38:14.801963,Recipe_B,610592ff-dcbe-4f1d-8eb4-f593c5d7ac78,2,0.0,,,,0.0,0.0,0.0,0.0,0.0,0.0
2025-12-15T18:38:15.801963,Recipe_B,610592ff-dcbe-4f1d-8eb4-f593c5d7ac78,2,0.0,,,,0.0,0.0,0.0,0.0,0.0,0.0
2025-12-15T18:38:16.801963,Recipe_B,610592ff-dcbe-4f1d-8eb4-f593c5d7ac78,2,0.0,,,,0.0,0.0,0.0,0.0,0.0,0.0
2025-12-15T18:38:17.801963,Recipe_B,610592ff-dcbe-4f1d-8eb4-f593c5d7ac78,2,0.0,,,,0.0,0.0,0.0,0.0,0.0,0.0
2025-12-15T18:38:18.801963,Recipe_B,610592ff-dcbe-4f1d-8eb4-f593c5d7ac78,2,0.0,,,,0.0,0.0,0.0,0.0,0.0,0.0
2025-12-15T18:38:19.801963,Recipe_B,610592ff-dcbe-4f1d-8eb4-f593c5d7ac78,2,0.0,,,,0.0,0.0,0.0,0.0,0.0,0.0
2025-12-15T18:38:20.801963,Recipe_B,610592ff-dcbe-4f1d-8eb4-f593c5d7ac78,2,0.0,,,,0.0,0.0,0.0,0.0,0.0,0.0
2025-12-15T18:38:21.801963,Recipe_B,610592ff-dcbe-4f1d-8eb4-f593c5d7ac78,2,0.0,,,,0.0,0.0,0.0,0.0,0.0,0.0
2025-12-15T18:38:22.801963,Recipe_B,610592ff-dcbe-4f1d-8eb4-f593c5d7ac78,2,0.0,,,,0.0,0.0,0.0,0.0,0.0,0.0
2025-12-15T18:38:23.801963,Recipe_B,610592ff-dcbe-4f1d-8eb4-f593c5d7ac78,2,0.0,,,,0.0,0.0,0.0,0.0,0.0,0.0
2025-12-15T18:38:24.801963,Recipe_B,610592ff-dcbe-4f1d-8eb4-f593c5d7ac78,2,0.0,,,,0.0,0.0,0.0,0.0,0.0,0.0
2025-12-15T18:38:25.801963,Recipe_B,610592ff-dcbe-4f1d-8eb4-f593c5d7ac78,2,0.0,,,,0.0,0.0,0.0,0.0,0.0,0.0
2025-12-15T18:38:26.801963,Recipe_B,610592ff-dcbe-4f1d-8eb4-f593c5d7ac78,2,5.0,,,,10.53,9.21,12.62,9.14,9.58,7.14
2025-12-15T18:38:27.801963,Recipe_B,610592ff-dcbe-4f1d-8eb4-f593c5d7ac78,2,5.0,,,,8.54,12.14,10.1,12.44,10.38,9.79
2025-12-15T18:38:28.801963,Recipe_B,610592ff-dcbe-4f1d-8eb4-f593c5d7ac78,2,5.0,,,,9.98,10.52,11.27,10.47,9.5,10.91
2025-12-15T18:38:29.801963,Recipe_B,610592ff-dcbe-4f1d-8eb4-f593c5d7ac78,2,5.0,,,,8.64,10.29,13.27,10.22,8.64,10.47
2025-12-15T18:38:29.801963,Recipe_B,610592ff-dcbe-4f1d-8eb4-f593c5d7ac78,2,5.0,Warning_10,Simulated Warning occurred,Warning,,,,,,
2025-12-15T18:38:30.801963,Recipe_B,610592ff-dcbe-4f1d-8eb4-f593c5d7ac78,2,5.0,,,,9.17,9.89,7.88,15.48,10.81,10.38
2025-12-15T18:38:31.801963,Recipe_B,610592ff-dcbe-4f1d-8eb4-f593c5d7ac78,2,5.0,,,,10.59,10.69,7.94,7.82,14.63,7.72
2025-12-15T18:38:32.801963,Recipe_B,610592ff-dcbe-4f1d-8eb4-f593c5d7ac78,2,5.0,,,,7.67,9.7,12.03,14.47,11.41,6.94
2025-12-15T18:38:33.801963,Recipe_B,610592ff-dcbe-4f1d-8eb4-f593c5d7ac78,2,5.0,,,,11.93,10.01,9.53,10.05,14.82,12.18
2025-12-15T18:38:34.801963,Recipe_B,610592ff-dcbe-4f1d-8eb4-f593c5d7ac78,2,5.0,,,,9.79,10.25,11.73,11.67,7.02,10.78
2025-12-15T18:38:35.801963,Recipe_B,610592ff-dcbe-4f1d-8eb4-f593c5d7ac78,2,5.0,,,,10.35,10.71,9.77,6.68,9.91,7.81
2025-12-15T18:38:36.801963,Recipe_B,610592ff-dcbe-4f1d-8eb4-f593c5d7ac78,2,5.0,,,,6.88,10.94,9.41,8.65,9.55,10.27
2025-12-15T18:38:37.801963,Recipe_B,610592ff-dcbe-4f1d-8eb4-f593c5d7ac78,2,5.0,,,,12.76,9.62,11.37,10.89,9.07,8.99
2025-12-15T18:38:38.801963,Recipe_B,610592ff-dcbe-4f1d-8eb4-f593c5d7ac78,2,5.0,,,,10.41,8.64,9.75,6.99,9.43,7.56
2025-12-15T18:38:38.801963,Recipe_B,610592ff-dcbe-4f1d-8eb4-f593c5d7ac78,2,5.0,Error_6,Simulated Error occurred,Error,,,,,,
2025-12-15T18:38:39.801963,Recipe_B,610592ff-dcbe-4f1d-8eb4-f593c5d7ac78,2,5.0,,,,9.43,5.03,10.63,10.08,7.54,7.37
2025-12-15T18:38:40.801963,Recipe_B,610592ff-dcbe-4f1d-8eb4-f593c5d7ac78,2,5.0,,,,9.0,6.67,7.6,6.96,12.42,9.87
2025-12-15T18:38:41.801963,Recipe_B,610592ff-dcbe-4f1d-8eb4-f593c5d7ac78,2,5.0,,,,9.28,8.66,10.98,10.96,4.76,11.03
2025-12-15T18:38:42.801963,Recipe_B,610592ff-dcbe-4f1d-8eb4-f593c5d7ac78,2,5.0,,,,10.11,8.93,13.11,9.68,10.37,11.5
2025-12-15T18:38:43.801963,Recipe_B,610592ff-dcbe-4f1d-8eb4-f593c5d7ac78,2,5.0,,,,7.19,10.84,7.94,15.5,9.56,9.31
2025-12-15T18:38:44.801963,Recipe_B,610592ff-dcbe-4f1d-8eb4-f593c5d7ac78,2,5.0,,,,10.92,8.2,12.49,11.57,7.99,11.05
2025-12-15T18:38:44.801963,Recipe_B,610592ff-dcbe-4f1d-8eb4-f593c5d7ac78,2,5.0,Warning_2,Simulated Warning occurred,Warning,,,,,,
2025-12-15T18:38:45.801963,Recipe_B,610592ff-dcbe-4f1d-8eb4-f593c5d7ac78,2,5.0,,,,12.63,10.91,10.33,9.56,11.83,8.57
2025-12-15T18:38:46.801963,Recipe_B,610592ff-dcbe-4f1d-8eb4-f593c5d7ac78,2,5.0,,,,9.81,10.71,12.33,12.14,10.52,11.48
2025-12-15T18:38:47.801963,Recipe_B,610592ff-dcbe-4f1d-8eb4-f593c5d7ac78,2,5.0,,,,10.63,10.49,10.7,9.77,7.73,6.44
2025-12-15T18:38:48.801963,Recipe_B,610592ff-dcbe-4f1d-8eb4-f593c5d7ac78,2,5.0,,,,8.01,7.27,12.1,9.24,6.83,10.45
2025-12-15T18:38:49.801963,Recipe_B,610592ff-dcbe-4f1d-8eb4-f593c5d7ac78,2,5.0,,,,9.27,9.46,11.49,10.42,12.02,12.98
2025-12-15T18:38:49.801963,Recipe_B,610592ff-dcbe-4f1d-8eb4-f593c5d7ac78,2,5.0,Warning_3,Simulated Warning occurred,Warning,,,,,,
2025-12-15T18:38:50.801963,Recipe_B,610592ff-dcbe-4f1d-8eb4-f593c5d7ac78,2,5.0,,,,7.85,12.0,10.54,10.81,11.51,11.75
2025-12-15T18:38:51.801963,Recipe_B,610592ff-dcbe-4f1d-8eb4-f593c5d7ac78,2,5.0,,,,12.18,12.51,11.05,14.45,12.05,10.71
2025-12-15T18:38:52.801963,Recipe_B,610592ff-dcbe-4f1d-8eb4-f593c5d7ac78,2,5.0,,,,6.92,8.71,8.21,12.61,10.65,14.83
2025-12-15T18:38:53.801963,Recipe_B,610592ff-dcbe-4f1d-8eb4-f593c5d7ac78,2,5.0,,,,9.0,7.73,12.32,13.98,12.1,7.18
2025-12-15T18:38:54.801963,Recipe_B,610592ff-dcbe-4f1d-8eb4-f593c5d7ac78,2,5.0,,,,10.8,7.7,10.02,11.01,7.02,13.35
2025-12-15T18:38:55.801963,Recipe_B,610592ff-dcbe-4f1d-8eb4-f593c5d7ac78,2,5.0,,,,8.76,6.65,9.33,6.5,12.45,12.51
2025-12-15T18:38:56.801963,Recipe_B,610592ff-dcbe-4f1d-8eb4-f593c5d7ac78,2,5.0,,,,11.46,14.68,11.61,9.83,10.58,7.83
2025-12-15T18:38:57.801963,Recipe_B,610592ff-dcbe-4f1d-8eb4-f593c5d7ac78,2,5.0,,,,9.53,8.67,10.81,8.93,11.79,10.94
2025-12-15T18:38:58.801963,Recipe_B,610592ff-dcbe-4f1d-8eb4-f593c5d7ac78,2,5.0,,,,8.91,7.34,11.04,8.82,12.58,11.16
2025-12-15T18:38:59.801963,Recipe_B,610592ff-dcbe-4f1d-8eb4-f593c5d7ac78,2,5.0,,,,7.89,11.63,9.82,8.84,11.34,12.01
2025-12-15T18:39:00.801963,Recipe_B,610592ff-dcbe-4f1d-8eb4-f593c5d7ac78,2,5.0,,,,10.66,9.11,10.43,12.15,9.67,8.78
2025-12-15T18:39:01.801963,Recipe_B,610592ff-dcbe-4f1d-8eb4-f593c5d7ac78,2,5.0,,,,10.73,14.59,8.83,7.7,9.45,8.63
2025-12-15T18:39:02.801963,Recipe_B,610592ff-dcbe-4f1d-8eb4-f593c5d7ac78,2,5.0,,,,10.7,5.76,7.36,9.25,10.79,8.94
2025-12-15T18:39:03.801963,Recipe_B,610592ff-dcbe-4f1d-8eb4-f593c5d7ac78,2,5.0,,,,8.57,11.1,6.42,9.22,7.82,10.52
2025-12-15T18:39:04.801963,Recipe_B,610592ff-dcbe-4f1d-8eb4-f593c5d7ac78,2,5.0,,,,11.46,9.59,11.03,9.12,9.32,10.54
2025-12-15T18:39:05.801963,Recipe_B,610592ff-dcbe-4f1d-8eb4-f593c5d7ac78,2,5.0,,,,14.37,6.8,10.45,11.3,8.75,11.07
2025-12-15T18:39:06.801963,Recipe_B,610592ff-dcbe-4f1d-8eb4-f593c5d7ac78,2,5.0,,,,8.35,12.96,7.5,9.3,9.69,7.71
2025-12-15T18:39:07.801963,Recipe_B,610592ff-dcbe-4f1d-8eb4-f593c5d7ac78,2,5.0,,,,9.72,8.96,12.71,8.94,10.8,9.96
2025-12-15T18:39:08.801963,Recipe_B,610592ff-dcbe-4f1d-8eb4-f593c5d7ac78,2,5.0,,,,7.6,5.84,10.49,11.59,10.89,10.71
2025-12-15T18:39:09.801963,Recipe_B,610592ff-dcbe-4f1d-8eb4-f593c5d7ac78,2,5.0,,,,11.86,9.32,8.69,9.98,6.36,9.43
2025-12-15T18:39:10.801963,Recipe_B,610592ff-dcbe-4f1d-8eb4-f593c5d7ac78,2,5.0,,,,7.69,9.4,11.36,7.39,9.79,9.05
2025-12-15T18:39:11.801963,Recipe_B,610592ff-dcbe-4f1d-8eb4-f593c5d7ac78,2,5.0,,,,10.68,8.99,6.68,11.37,10.37,8.14
2025-12-15T18:39:12.801963,Recipe_B,610592ff-dcbe-4f1d-8eb4-f593c5d7ac78,2,5.0,,,,9.97,9.5,10.76,11.97,10.04,9.49
2025-12-15T18:39:13.801963,Recipe_B,610592ff-dcbe-4f1d-8eb4-f593c5d7ac78,2,5.0,,,,8.34,11.03,13.2,6.73,7.76,9.61
2025-12-15T18:39:14.801963,Recipe_B,610592ff-dcbe-4f1d-8eb4-f593c5d7ac78,2,5.0,,,,12.18,8.99,10.84,9.69,12.88,7.87
2025-12-15T18:39:15.801963,Recipe_B,610592ff-dcbe-4f1d-8eb4-f593c5d7ac78,2,5.0,,,,11.02,11.02,7.12,9.65,11.74,15.41
2025-12-15T18:39:16.801963,Recipe_B,610592ff-dcbe-4f1d-8eb4-f593c5d7ac78,2,5.0,,,,7.6,8.18,10.17,10.88,4.59,16.0
2025-12-15T18:39:17.801963,Recipe_B,610592ff-dcbe-4f1d-8eb4-f593c5d7ac78,2,5.0,,,,8.86,9.44,11.62,9.95,12.09,10.45
2025-12-15T18:39:18.801963,Recipe_B,610592ff-dcbe-4f1d-8eb4-f593c5d7ac78,2,5.0,,,,9.86,8.76,8.0,6.71,12.36,8.99
2025-12-15T18:39:19.801963,Recipe_B,610592ff-dcbe-4f1d-8eb4-f593c5d7ac78,2,5.0,,,,6.36,13.9,8.86,8.18,5.52,10.68
2025-12-15T18:39:20.801963,Recipe_B,610592ff-dcbe-4f1d-8eb4-f593c5d7ac78,2,5.0,,,,5.52,7.91,10.03,10.09,10.96,6.17
2025-12-15T18:39:21.801963,Recipe_B,610592ff-dcbe-4f1d-8eb4-f593c5d7ac78,2,5.0,,,,9.39,7.22,12.46,8.59,11.47,9.58
2025-12-15T18:39:22.801963,Recipe_B,610592ff-dcbe-4f1d-8eb4-f593c5d7ac78,2,5.0,,,,10.91,12.39,11.51,6.04,12.27,11.74
2025-12-15T18:39:23.801963,Recipe_B,610592ff-dcbe-4f1d-8eb4-f593c5d7ac78,2,0.0,,,,0.0,0.0,0.0,0.0,0.0,0.0
2025-12-15T18:39:24.801963,Recipe_B,610592ff-dcbe-4f1d-8eb4-f593c5d7ac78,2,0.0,,,,0.0,0.0,0.0,0.0,0.0,0.0
2025-12-15T18:39:25.801963,Recipe_B,610592ff-dcbe-4f1d-8eb4-f593c5d7ac78,2,0.0,,,,0.0,0.0,0.0,0.0,0.0,0.0
2025-12-15T18:39:26.801963,Recipe_B,610592ff-dcbe-4f1d-8eb4-f593c5d7ac78,2,0.0,,,,0.0,0.0,0.0,0.0,0.0,0.0
2025-12-15T18:39:27.801963,Recipe_B,610592ff-dcbe-4f1d-8eb4-f593c5d7ac78,2,0.0,,,,0.0,0.0,0.0,0.0,0.0,0.0
2025-12-15T18:39:28.801963,Recipe_B,610592ff-dcbe-4f1d-8eb4-f593c5d7ac78,2,0.0,,,,0.0,0.0,0.0,0.0,0.0,0.0
2025-12-15T18:39:29.801963,Recipe_B,610592ff-dcbe-4f1d-8eb4-f593c5d7ac78,2,0.0,,,,0.0,0.0,0.0,0.0,0.0,0.0
2025-12-15T18:39:30.801963,Recipe_B,610592ff-dcbe-4f1d-8eb4-f593c5d7ac78,2,0.0,,,,0.0,0.0,0.0,0.0,0.0,0.0
2025-12-15T18:39:31.801963,Recipe_B,610592ff-dcbe-4f1d-8eb4-f593c5d7ac78,2,0.0,,,,0.0,0.0,0.0,0.0,0.0,0.0
2025-12-15T18:39:32.801963,Recipe_B,610592ff-dcbe-4f1d-8eb4-f593c5d7ac78,2,0.0,,,,0.0,0.0,0.0,0.0,0.0,0.0
2025-12-15T18:39:33.801963,Recipe_B,610592ff-dcbe-4f1d-8eb4-f593c5d7ac78,2,0.0,,,,0.0,0.0,0.0,0.0,0.0,0.0
2025-12-15T18:39:34.801963,Recipe_B,610592ff-dcbe-4f1d-8eb4-f593c5d7ac78,2,0.0,,,,0.0,0.0,0.0,0.0,0.0,0.0
2025-12-15T18:39:35.801963,Recipe_B,610592ff-dcbe-4f1d-8eb4-f593c5d7ac78,2,0.0,,,,0.0,0.0,0.0,0.0,0.0,0.0
2025-12-15T18:39:36.801963,Recipe_B,610592ff-dcbe-4f1d-8eb4-f593c5d7ac78,2,0.0,,,,0.0,0.0,0.0,0.0,0.0,0.0
2025-12-15T18:39:37.801963,Recipe_B,610592ff-dcbe-4f1d-8eb4-f593c5d7ac78,2,0.0,,,,0.0,0.0,0.0,0.0,0.0,0.0
2025-12-15T18:39:38.801963,Recipe_B,610592ff-dcbe-4f1d-8eb4-f593c5d7ac78,2,0.0,,,,0.0,0.0,0.0,0.0,0.0,0.0
2025-12-15T18:39:39.801963,Recipe_B,610592ff-dcbe-4f1d-8eb4-f593c5d7ac78,2,1.0,,,,10.96,10.03,10.15,11.43,8.25,13.06
2025-12-15T18:39:40.801963,Recipe_B,610592ff-dcbe-4f1d-8eb4-f593c5d7ac78,2,1.0,,,,10.3,10.98,10.14,10.71,12.46,8.89
2025-12-15T18:39:41.801963,Recipe_B,610592ff-dcbe-4f1d-8eb4-f593c5d7ac78,2,1.0,,,,10.43,13.79,10.92,10.71,11.19,11.98
2025-12-15T18:39:42.801963,Recipe_B,610592ff-dcbe-4f1d-8eb4-f593c5d7ac78,2,1.0,,,,8.51,8.66,9.82,8.64,9.89,11.59
2025-12-15T18:39:43.801963,Recipe_B,610592ff-dcbe-4f1d-8eb4-f593c5d7ac78,2,1.0,,,,10.47,9.51,10.51,10.62,12.35,7.18
2025-12-15T18:39:44.801963,Recipe_B,610592ff-dcbe-4f1d-8eb4-f593c5d7ac78,2,1.0,,,,9.37,8.62,12.88,8.71,11.82,9.52
2025-12-15T18:39:45.801963,Recipe_B,610592ff-dcbe-4f1d-8eb4-f593c5d7ac78,2,1.0,,,,7.3,11.13,9.72,8.98,11.1,9.73
2025-12-15T18:39:46.801963,Recipe_B,610592ff-dcbe-4f1d-8eb4-f593c5d7ac78,2,1.0,,,,8.42,13.77,9.17,9.66,11.9,13.81
2025-12-15T18:39:47.801963,Recipe_B,610592ff-dcbe-4f1d-8eb4-f593c5d7ac78,2,1.0,,,,12.03,12.35,12.74,11.72,7.69,11.36
2025-12-15T18:39:48.801963,Recipe_B,610592ff-dcbe-4f1d-8eb4-f593c5d7ac78,2,1.0,,,,9.83,11.19,9.55,12.25,12.25,9.92
2025-12-15T18:39:49.801963,Recipe_B,610592ff-dcbe-4f1d-8eb4-f593c5d7ac78,2,1.0,,,,10.74,10.21,9.46,7.45,10.02,6.73
2025-12-15T18:39:50.801963,Recipe_B,610592ff-dcbe-4f1d-8eb4-f593c5d7ac78,2,1.0,,,,4.73,8.36,12.83,9.35,9.21,12.61
2025-12-15T18:39:51.801963,Recipe_B,610592ff-dcbe-4f1d-8eb4-f593c5d7ac78,2,1.0,,,,6.49,9.83,9.08,10.91,11.89,9.36
2025-12-15T18:39:52.801963,Recipe_B,610592ff-dcbe-4f1d-8eb4-f593c5d7ac78,2,1.0,,,,12.88,10.07,12.34,9.66,9.5,13.55
2025-12-15T18:39:53.801963,Recipe_B,610592ff-dcbe-4f1d-8eb4-f593c5d7ac78,2,1.0,,,,10.42,9.03,8.93,11.59,8.72,9.01
2025-12-15T18:39:54.801963,Recipe_B,610592ff-dcbe-4f1d-8eb4-f593c5d7ac78,2,1.0,,,,8.82,10.67,9.71,8.86,8.21,9.51
2025-12-15T18:39:55.801963,Recipe_B,610592ff-dcbe-4f1d-8eb4-f593c5d7ac78,2,1.0,,,,10.79,11.78,12.52,10.64,11.39,10.48
2025-12-15T18:39:56.801963,Recipe_B,610592ff-dcbe-4f1d-8eb4-f593c5d7ac78,2,1.0,,,,7.83,12.13,8.02,9.69,7.83,7.48
2025-12-15T18:39:57.801963,Recipe_B,610592ff-dcbe-4f1d-8eb4-f593c5d7ac78,2,1.0,,,,9.76,8.54,8.45,6.2,9.47,10.52
2025-12-15T18:39:58.801963,Recipe_B,610592ff-dcbe-4f1d-8eb4-f593c5d7ac78,2,1.0,,,,8.41,10.26,9.35,11.88,5.85,7.25
2025-12-15T18:39:59.801963,Recipe_B,610592ff-dcbe-4f1d-8eb4-f593c5d7ac78,2,1.0,,,,9.88,13.17,11.77,9.17,9.58,10.35
2025-12-15T18:40:00.801963,Recipe_B,610592ff-dcbe-4f1d-8eb4-f593c5d7ac78,2,1.0,,,,6.27,9.95,11.17,11.61,10.85,6.09
2025-12-15T18:40:01.801963,Recipe_B,610592ff-dcbe-4f1d-8eb4-f593c5d7ac78,2,5.0,,,,8.79,11.3,11.41,9.49,7.18,9.01
2025-12-15T18:40:02.801963,Recipe_B,610592ff-dcbe-4f1d-8eb4-f593c5d7ac78,2,5.0,,,,8.49,13.62,12.62,13.69,9.89,7.29
2025-12-15T18:40:03.801963,Recipe_B,610592ff-dcbe-4f1d-8eb4-f593c5d7ac78,2,5.0,,,,8.69,9.99,11.5,8.9,10.84,9.13
2025-12-15T18:40:04.801963,Recipe_B,610592ff-dcbe-4f1d-8eb4-f593c5d7ac78,2,5.0,,,,10.17,12.12,9.5,6.69,8.73,15.2
2025-12-15T18:40:05.801963,Recipe_B,610592ff-dcbe-4f1d-8eb4-f593c5d7ac78,2,0.0,,,,0.0,0.0,0.0,0.0,0.0,0.0
2025-12-15T18:40:06.801963,Recipe_B,610592ff-dcbe-4f1d-8eb4-f593c5d7ac78,2,0.0,,,,0.0,0.0,0.0,0.0,0.0,0.0
2025-12-15T18:40:07.801963,Recipe_B,610592ff-dcbe-4f1d-8eb4-f593c5d7ac78,2,0.0,,,,0.0,0.0,0.0,0.0,0.0,0.0
2025-12-15T18:40:08.801963,Recipe_B,610592ff-dcbe-4f1d-8eb4-f593c5d7ac78,2,0.0,,,,0.0,0.0,0.0,0.0,0.0,0.0
2025-12-15T18:40:09.801963,Recipe_B,610592ff-dcbe-4f1d-8eb4-f593c5d7ac78,2,0.0,,,,0.0,0.0,0.0,0.0,0.0,0.0
2025-12-15T18:40:10.801963,Recipe_B,610592ff-dcbe-4f1d-8eb4-f593c5d7ac78,2,0.0,,,,0.0,0.0,0.0,0.0,0.0,0.0
2025-12-15T18:40:11.801963,Recipe_B,610592ff-dcbe-4f1d-8eb4-f593c5d7ac78,2,0.0,,,,0.0,0.0,0.0,0.0,0.0,0.0
2025-12-15T18:40:12.801963,Recipe_B,610592ff-dcbe-4f1d-8eb4-f593c5d7ac78,2,0.0,,,,0.0,0.0,0.0,0.0,0.0,0.0
2025-12-15T18:40:13.801963,Recipe_B,610592ff-dcbe-4f1d-8eb4-f593c5d7ac78,2,0.0,,,,0.0,0.0,0.0,0.0,0.0,0.0
2025-12-15T18:40:14.801963,Recipe_B,610592ff-dcbe-4f1d-8eb4-f593c5d7ac78,2,0.0,,,,0.0,0.0,0.0,0.0,0.0,0.0
2025-12-15T18:40:15.801963,Recipe_B,610592ff-dcbe-4f1d-8eb4-f593c5d7ac78,2,0.0,,,,0.0,0.0,0.0,0.0,0.0,0.0
2025-12-15T18:40:16.801963,Recipe_B,610592ff-dcbe-4f1d-8eb4-f593c5d7ac78,2,0.0,,,,0.0,0.0,0.0,0.0,0.0,0.0
2025-12-15T18:40:17.801963,Recipe_B,610592ff-dcbe-4f1d-8eb4-f593c5d7ac78,2,0.0,,,,0.0,0.0,0.0,0.0,0.0,0.0
2025-12-15T18:40:18.801963,Recipe_B,610592ff-dcbe-4f1d-8eb4-f593c5d7ac78,2,0.0,,,,0.0,0.0,0.0,0.0,0.0,0.0
2025-12-15T18:40:19.801963,Recipe_B,610592ff-dcbe-4f1d-8eb4-f593c5d7ac78,2,0.0,,,,0.0,0.0,0.0,0.0,0.0,0.0
2025-12-15T18:40:20.801963,Recipe_B,610592ff-dcbe-4f1d-8eb4-f593c5d7ac78,2,0.0,,,,0.0,0.0,0.0,0.0,0.0,0.0
2025-12-15T18:40:21.801963,Recipe_B,610592ff-dcbe-4f1d-8eb4-f593c5d7ac78,2,0.0,,,,0.0,0.0,0.0,0.0,0.0,0.0
2025-12-15T18:40:22.801963,Recipe_B,610592ff-dcbe-4f1d-8eb4-f593c5d7ac78,2,0.0,,,,0.0,0.0,0.0,0.0,0.0,0.0
2025-12-15T18:40:23.801963,Recipe_B,610592ff-dcbe-4f1d-8eb4-f593c5d7ac78,2,0.0,,,,0.0,0.0,0.0,0.0,0.0,0.0
2025-12-15T18:40:24.801963,Recipe_B,610592ff-dcbe-4f1d-8eb4-f593c5d7ac78,2,2.0,,,,7.7,10.74,3.2,9.17,7.87,9.96
2025-12-15T18:40:25.801963,Recipe_B,610592ff-dcbe-4f1d-8eb4-f593c5d7ac78,2,2.0,,,,11.03,13.04,9.67,8.42,11.29,12.41
2025-12-15T18:40:26.801963,Recipe_B,610592ff-dcbe-4f1d-8eb4-f593c5d7ac78,2,2.0,,,,9.53,12.46,7.96,9.92,6.77,9.97
2025-12-15T18:40:27.801963,Recipe_B,610592ff-dcbe-4f1d-8eb4-f593c5d7ac78,2,2.0,,,,7.9,10.88,9.86,9.49,11.94,13.97
2025-12-15T18:40:28.801963,Recipe_B,610592ff-dcbe-4f1d-8eb4-f593c5d7ac78,2,2.0,,,,9.13,11.16,8.52,6.26,10.35,12.84
2025-12-15T18:40:29.801963,Recipe_B,610592ff-dcbe-4f1d-8eb4-f593c5d7ac78,2,2.0,,,,7.15,9.67,9.81,14.47,11.28,9.59
2025-12-15T18:40:30.801963,Recipe_B,610592ff-dcbe-4f1d-8eb4-f593c5d7ac78,2,2.0,,,,10.96,13.6,10.43,10.92,10.78,12.38
2025-12-15T18:40:31.801963,Recipe_B,610592ff-dcbe-4f1d-8eb4-f593c5d7ac78,2,2.0,,,,15.39,11.35,11.78,10.09,8.71,8.03
2025-12-15T18:40:32.801963,Recipe_B,610592ff-dcbe-4f1d-8eb4-f593c5d7ac78,2,2.0,,,,8.7,8.15,10.07,10.08,7.46,9.43
2025-12-15T18:40:33.801963,Recipe_B,610592ff-dcbe-4f1d-8eb4-f593c5d7ac78,2,1.0,,,,10.97,11.97,11.47,9.73,8.92,10.99
2025-12-15T18:40:34.801963,Recipe_B,610592ff-dcbe-4f1d-8eb4-f593c5d7ac78,2,1.0,,,,14.1,10.66,7.71,6.99,8.27,7.79
2025-12-15T18:40:35.801963,Recipe_B,610592ff-dcbe-4f1d-8eb4-f593c5d7ac78,2,1.0,,,,10.57,15.65,7.59,12.96,8.32,10.37
2025-12-15T18:40:36.801963,Recipe_B,610592ff-dcbe-4f1d-8eb4-f593c5d7ac78,2,1.0,,,,8.36,11.98,10.02,8.17,4.45,8.07
2025-12-15T18:40:37.801963,Recipe_B,610592ff-dcbe-4f1d-8eb4-f593c5d7ac78,2,1.0,,,,11.1,8.99,7.62,10.53,10.75,10.08
2025-12-15T18:40:38.801963,Recipe_B,610592ff-dcbe-4f1d-8eb4-f593c5d7ac78,2,1.0,,,,10.64,11.38,11.47,16.52,8.79,12.06
2025-12-15T18:40:39.801963,Recipe_B,610592ff-dcbe-4f1d-8eb4-f593c5d7ac78,2,1.0,,,,9.97,8.74,10.87,11.34,11.17,8.08
2025-12-15T18:40:40.801963,Recipe_B,610592ff-dcbe-4f1d-8eb4-f593c5d7ac78,2,1.0,,,,10.29,12.62,10.7,11.86,9.93,13.75
2025-12-15T18:40:41.801963,Recipe_B,610592ff-dcbe-4f1d-8eb4-f593c5d7ac78,2,1.0,,,,7.8,10.11,9.55,12.15,5.84,8.44
2025-12-15T18:40:42.801963,Recipe_B,610592ff-dcbe-4f1d-8eb4-f593c5d7ac78,2,1.0,,,,9.86,9.2,8.12,7.9,8.66,9.36
2025-12-15T18:40:43.801963,Recipe_B,610592ff-dcbe-4f1d-8eb4-f593c5d7ac78,2,1.0,,,,9.36,12.64,9.98,3.94,10.25,10.13
2025-12-15T18:40:44.801963,Recipe_B,610592ff-dcbe-4f1d-8eb4-f593c5d7ac78,2,3.0,,,,10.36,8.89,12.62,11.73,11.15,13.56
2025-12-15T18:40:45.801963,Recipe_B,610592ff-dcbe-4f1d-8eb4-f593c5d7ac78,2,3.0,,,,9.44,10.18,10.0,9.62,9.29,10.39
2025-12-15T18:40:46.801963,Recipe_B,610592ff-dcbe-4f1d-8eb4-f593c5d7ac78,2,3.0,,,,12.74,10.04,10.47,11.69,11.01,12.63
2025-12-15T18:40:47.801963,Recipe_B,610592ff-dcbe-4f1d-8eb4-f593c5d7ac78,2,3.0,,,,11.01,11.49,10.84,10.59,8.49,9.27
2025-12-15T18:40:48.801963,Recipe_B,610592ff-dcbe-4f1d-8eb4-f593c5d7ac78,2,3.0,,,,9.34,9.69,7.67,10.25,8.8,9.59
2025-12-15T18:40:49.801963,Recipe_B,610592ff-dcbe-4f1d-8eb4-f593c5d7ac78,2,3.0,,,,9.6,10.78,9.63,9.88,12.94,9.49
2025-12-15T18:40:50.801963,Recipe_B,610592ff-dcbe-4f1d-8eb4-f593c5d7ac78,2,3.0,,,,10.39,6.32,10.02,10.02,8.45,8.22
2025-12-15T18:40:51.801963,Recipe_B,610592ff-dcbe-4f1d-8eb4-f593c5d7ac78,2,3.0,,,,9.13,7.65,10.19,10.69,7.36,9.62
2025-12-15T18:40:52.801963,Recipe_B,610592ff-dcbe-4f1d-8eb4-f593c5d7ac78,2,1.0,,,,11.34,9.38,9.92,11.71,8.76,13.54
2025-12-15T18:40:53.801963,Recipe_B,610592ff-dcbe-4f1d-8eb4-f593c5d7ac78,2,1.0,,,,9.86,9.09,9.13,10.56,9.11,9.37
2025-12-15T18:40:54.801963,Recipe_B,610592ff-dcbe-4f1d-8eb4-f593c5d7ac78,2,1.0,,,,10.4,9.66,11.23,10.11,11.24,7.89
2025-12-15T18:40:55.801963,Recipe_B,610592ff-dcbe-4f1d-8eb4-f593c5d7ac78,2,1.0,,,,12.03,8.5,13.23,9.6,9.81,8.76
2025-12-15T18:40:56.801963,Recipe_B,610592ff-dcbe-4f1d-8eb4-f593c5d7ac78,2,1.0,,,,12.97,6.33,8.95,11.69,10.28,9.67
2025-12-15T18:40:57.801963,Recipe_B,610592ff-dcbe-4f1d-8eb4-f593c5d7ac78,2,1.0,,,,9.18,9.61,7.21,9.66,12.04,9.84
2025-12-15T18:40:58.801963,Recipe_B,610592ff-dcbe-4f1d-8eb4-f593c5d7ac78,2,1.0,,,,8.64,9.72,10.54,6.2,7.61,8.37
2025-12-15T18:40:59.801963,Recipe_B,610592ff-dcbe-4f1d-8eb4-f593c5d7ac78,2,1.0,,,,11.95,9.63,12.38,8.26,11.93,9.69
2025-12-15T18:41:00.801963,Recipe_B,610592ff-dcbe-4f1d-8eb4-f593c5d7ac78,2,1.0,,,,11.4,10.53,9.67,9.51,12.85,10.88
2025-12-15T18:41:01.801963,Recipe_B,610592ff-dcbe-4f1d-8eb4-f593c5d7ac78,2,1.0,,,,10.85,12.21,10.88,7.79,8.96,13.17
2025-12-15T18:41:02.801963,Recipe_B,610592ff-dcbe-4f1d-8eb4-f593c5d7ac78,2,1.0,,,,13.25,8.07,10.37,13.04,8.91,12.47
2025-12-15T18:41:03.801963,Recipe_B,610592ff-dcbe-4f1d-8eb4-f593c5d7ac78,2,1.0,,,,15.27,13.19,10.49,10.09,10.96,10.07
2025-12-15T18:41:04.801963,Recipe_B,610592ff-dcbe-4f1d-8eb4-f593c5d7ac78,2,1.0,,,,14.45,9.06,9.51,10.49,11.07,8.44
2025-12-15T18:41:05.801963,Recipe_B,610592ff-dcbe-4f1d-8eb4-f593c5d7ac78,2,1.0,,,,7.24,10.01,10.95,7.71,10.93,8.93
2025-12-15T18:41:06.801963,Recipe_B,610592ff-dcbe-4f1d-8eb4-f593c5d7ac78,2,1.0,,,,11.09,12.63,4.76,13.23,12.25,9.25
2025-12-15T18:41:07.801963,Recipe_B,610592ff-dcbe-4f1d-8eb4-f593c5d7ac78,2,1.0,,,,9.14,7.85,7.78,7.97,9.71,7.47
2025-12-15T18:41:08.801963,Recipe_B,610592ff-dcbe-4f1d-8eb4-f593c5d7ac78,2,1.0,,,,8.83,10.2,10.16,9.55,8.64,8.57
2025-12-15T18:41:09.801963,Recipe_B,610592ff-dcbe-4f1d-8eb4-f593c5d7ac78,2,1.0,,,,6.52,8.03,9.5,8.41,7.84,10.78
2025-12-15T18:41:10.801963,Recipe_B,610592ff-dcbe-4f1d-8eb4-f593c5d7ac78,2,1.0,,,,6.18,8.57,8.66,10.51,8.66,8.28
2025-12-15T18:41:11.801963,Recipe_B,610592ff-dcbe-4f1d-8eb4-f593c5d7ac78,2,1.0,,,,9.89,5.76,10.12,12.23,10.35,8.68
2025-12-15T18:41:12.801963,Recipe_B,610592ff-dcbe-4f1d-8eb4-f593c5d7ac78,2,1.0,,,,8.99,8.11,11.5,11.81,9.15,7.82
2025-12-15T18:41:13.801963,Recipe_B,610592ff-dcbe-4f1d-8eb4-f593c5d7ac78,2,2.0,,,,8.86,11.08,9.42,10.88,9.42,7.46
2025-12-15T18:41:14.801963,Recipe_B,610592ff-dcbe-4f1d-8eb4-f593c5d7ac78,2,2.0,,,,11.39,10.17,9.64,11.1,10.98,8.11
2025-12-15T18:41:15.801963,Recipe_B,610592ff-dcbe-4f1d-8eb4-f593c5d7ac78,2,2.0,,,,11.06,11.77,7.88,6.37,10.75,11.81
2025-12-15T18:41:16.801963,Recipe_B,610592ff-dcbe-4f1d-8eb4-f593c5d7ac78,2,2.0,,,,6.53,11.97,11.31,7.43,14.11,9.86
2025-12-15T18:41:17.801963,Recipe_B,610592ff-dcbe-4f1d-8eb4-f593c5d7ac78,2,2.0,,,,6.51,11.4,6.15,11.1,8.55,10.24
2025-12-15T18:41:18.801963,Recipe_B,610592ff-dcbe-4f1d-8eb4-f593c5d7ac78,2,0.0,,,,0.0,0.0,0.0,0.0,0.0,0.0
2025-12-15T18:41:19.801963,Recipe_B,610592ff-dcbe-4f1d-8eb4-f593c5d7ac78,2,0.0,,,,0.0,0.0,0.0,0.0,0.0,0.0
2025-12-15T18:41:20.801963,Recipe_B,610592ff-dcbe-4f1d-8eb4-f593c5d7ac78,2,0.0,,,,0.0,0.0,0.0,0.0,0.0,0.0
2025-12-15T18:41:21.801963,Recipe_B,610592ff-dcbe-4f1d-8eb4-f593c5d7ac78,2,0.0,,,,0.0,0.0,0.0,0.0,0.0,0.0
2025-12-15T18:41:22.801963,Recipe_B,610592ff-dcbe-4f1d-8eb4-f593c5d7ac78,2,0.0,,,,0.0,0.0,0.0,0.0,0.0,0.0
2025-12-15T18:41:23.801963,Recipe_B,610592ff-dcbe-4f1d-8eb4-f593c5d7ac78,2,0.0,,,,0.0,0.0,0.0,0.0,0.0,0.0
2025-12-15T18:41:24.801963,Recipe_B,610592ff-dcbe-4f1d-8eb4-f593c5d7ac78,2,0.0,,,,0.0,0.0,0.0,0.0,0.0,0.0
2025-12-15T18:41:25.801963,Recipe_B,610592ff-dcbe-4f1d-8eb4-f593c5d7ac78,2,0.0,,,,0.0,0.0,0.0,0.0,0.0,0.0
2025-12-15T18:41:26.801963,Recipe_B,610592ff-dcbe-4f1d-8eb4-f593c5d7ac78,2,0.0,,,,0.0,0.0,0.0,0.0,0.0,0.0
2025-12-15T18:41:27.801963,Recipe_B,610592ff-dcbe-4f1d-8eb4-f593c5d7ac78,2,0.0,,,,0.0,0.0,0.0,0.0,0.0,0.0
2025-12-15T18:41:28.801963,Recipe_B,610592ff-dcbe-4f1d-8eb4-f593c5d7ac78,2,0.0,,,,0.0,0.0,0.0,0.0,0.0,0.0
2025-12-15T18:41:29.801963,Recipe_B,610592ff-dcbe-4f1d-8eb4-f593c5d7ac78,2,0.0,,,,0.0,0.0,0.0,0.0,0.0,0.0
2025-12-15T18:41:30.801963,Recipe_B,610592ff-dcbe-4f1d-8eb4-f593c5d7ac78,2,0.0,,,,0.0,0.0,0.0,0.0,0.0,0.0
2025-12-15T18:41:31.801963,Recipe_B,610592ff-dcbe-4f1d-8eb4-f593c5d7ac78,2,0.0,,,,0.0,0.0,0.0,0.0,0.0,0.0
2025-12-15T18:41:32.801963,Recipe_B,610592ff-dcbe-4f1d-8eb4-f593c5d7ac78,2,0.0,,,,0.0,0.0,0.0,0.0,0.0,0.0
2025-12-15T18:41:33.801963,Recipe_B,610592ff-dcbe-4f1d-8eb4-f593c5d7ac78,2,0.0,,,,0.0,0.0,0.0,0.0,0.0,0.0
2025-12-15T18:41:34.801963,Recipe_B,610592ff-dcbe-4f1d-8eb4-f593c5d7ac78,2,0.0,,,,0.0,0.0,0.0,0.0,0.0,0.0
2025-12-15T18:41:35.801963,Recipe_B,610592ff-dcbe-4f1d-8eb4-f593c5d7ac78,2,0.0,,,,0.0,0.0,0.0,0.0,0.0,0.0
2025-12-15T18:41:36.801963,Recipe_B,610592ff-dcbe-4f1d-8eb4-f593c5d7ac78,2,0.0,,,,0.0,0.0,0.0,0.0,0.0,0.0
2025-12-15T18:41:37.801963,Recipe_B,610592ff-dcbe-4f1d-8eb4-f593c5d7ac78,2,0.0,,,,0.0,0.0,0.0,0.0,0.0,0.0
2025-12-15T18:41:38.801963,Recipe_B,610592ff-dcbe-4f1d-8eb4-f593c5d7ac78,2,0.0,,,,0.0,0.0,0.0,0.0,0.0,0.0
2025-12-15T18:41:39.801963,Recipe_B,610592ff-dcbe-4f1d-8eb4-f593c5d7ac78,2,0.0,,,,0.0,0.0,0.0,0.0,0.0,0.0
2025-12-15T18:41:40.801963,Recipe_B,610592ff-dcbe-4f1d-8eb4-f593c5d7ac78,2,0.0,,,,0.0,0.0,0.0,0.0,0.0,0.0
2025-12-15T18:41:41.801963,Recipe_B,610592ff-dcbe-4f1d-8eb4-f593c5d7ac78,2,0.0,,,,0.0,0.0,0.0,0.0,0.0,0.0
2025-12-15T18:41:42.801963,Recipe_B,610592ff-dcbe-4f1d-8eb4-f593c5d7ac78,2,0.0,,,,0.0,0.0,0.0,0.0,0.0,0.0
2025-12-15T18:41:43.801963,Recipe_B,610592ff-dcbe-4f1d-8eb4-f593c5d7ac78,2,0.0,,,,0.0,0.0,0.0,0.0,0.0,0.0
2025-12-15T18:41:44.801963,Recipe_B,610592ff-dcbe-4f1d-8eb4-f593c5d7ac78,2,0.0,,,,0.0,0.0,0.0,0.0,0.0,0.0
2025-12-15T18:41:45.801963,Recipe_B,610592ff-dcbe-4f1d-8eb4-f593c5d7ac78,2,0.0,,,,0.0,0.0,0.0,0.0,0.0,0.0
2025-12-15T18:41:46.801963,Recipe_B,610592ff-dcbe-4f1d-8eb4-f593c5d7ac78,2,0.0,,,,0.0,0.0,0.0,0.0,0.0,0.0
2025-12-15T18:41:47.801963,Recipe_B,610592ff-dcbe-4f1d-8eb4-f593c5d7ac78,2,0.0,,,,0.0,0.0,0.0,0.0,0.0,0.0
2025-12-15T18:41:48.801963,Recipe_B,610592ff-dcbe-4f1d-8eb4-f593c5d7ac78,2,0.0,,,,0.0,0.0,0.0,0.0,0.0,0.0
2025-12-15T18:41:49.801963,Recipe_B,610592ff-dcbe-4f1d-8eb4-f593c5d7ac78,2,0.0,,,,0.0,0.0,0.0,0.0,0.0,0.0
2025-12-15T18:41:50.801963,Recipe_B,610592ff-dcbe-4f1d-8eb4-f593c5d7ac78,2,0.0,,,,0.0,0.0,0.0,0.0,0.0,0.0
2025-12-15T18:41:51.801963,Recipe_B,610592ff-dcbe-4f1d-8eb4-f593c5d7ac78,2,0.0,,,,0.0,0.0,0.0,0.0,0.0,0.0
2025-12-15T18:41:52.801963,Recipe_B,610592ff-dcbe-4f1d-8eb4-f593c5d7ac78,2,0.0,,,,0.0,0.0,0.0,0.0,0.0,0.0
2025-12-15T18:41:53.801963,Recipe_B,610592ff-dcbe-4f1d-8eb4-f593c5d7ac78,2,0.0,,,,0.0,0.0,0.0,0.0,0.0,0.0
2025-12-15T18:41:54.801963,Recipe_B,610592ff-dcbe-4f1d-8eb4-f593c5d7ac78,2,0.0,,,,0.0,0.0,0.0,0.0,0.0,0.0
2025-12-15T18:41:55.801963,Recipe_B,610592ff-dcbe-4f1d-8eb4-f593c5d7ac78,2,0.0,,,,0.0,0.0,0.0,0.0,0.0,0.0
2025-12-15T18:41:56.801963,Recipe_B,610592ff-dcbe-4f1d-8eb4-f593c5d7ac78,2,0.0,,,,0.0,0.0,0.0,0.0,0.0,0.0
2025-12-15T18:41:57.801963,Recipe_B,610592ff-dcbe-4f1d-8eb4-f593c5d7ac78,2,0.0,,,,0.0,0.0,0.0,0.0,0.0,0.0
2025-12-15T18:41:58.801963,Recipe_B,610592ff-dcbe-4f1d-8eb4-f593c5d7ac78,2,0.0,,,,0.0,0.0,0.0,0.0,0.0,0.0
2025-12-15T18:41:59.801963,Recipe_B,610592ff-dcbe-4f1d-8eb4-f593c5d7ac78,2,0.0,,,,0.0,0.0,0.0,0.0,0.0,0.0
2025-12-15T18:42:00.801963,Recipe_B,610592ff-dcbe-4f1d-8eb4-f593c5d7ac78,2,1.0,,,,11.05,11.59,11.08,8.12,11.16,7.38
2025-12-15T18:42:00.801963,Recipe_B,610592ff-dcbe-4f1d-8eb4-f593c5d7ac78,2,1.0,Warning_7,Simulated Warning occurred,Warning,,,,,,
2025-12-15T18:42:01.801963,Recipe_B,610592ff-dcbe-4f1d-8eb4-f593c5d7ac78,2,1.0,,,,12.76,12.23,8.37,8.57,8.77,9.06
2025-12-15T18:42:02.801963,Recipe_B,610592ff-dcbe-4f1d-8eb4-f593c5d7ac78,2,1.0,,,,11.26,12.69,11.27,15.82,12.89,8.32
2025-12-15T18:42:03.801963,Recipe_B,610592ff-dcbe-4f1d-8eb4-f593c5d7ac78,2,1.0,,,,9.12,10.81,11.48,9.84,7.77,12.59
2025-12-15T18:42:04.801963,Recipe_B,610592ff-dcbe-4f1d-8eb4-f593c5d7ac78,2,1.0,,,,12.56,8.67,9.44,13.36,10.06,9.54
2025-12-15T18:42:05.801963,Recipe_B,610592ff-dcbe-4f1d-8eb4-f593c5d7ac78,2,1.0,,,,12.55,12.92,9.14,12.05,7.35,11.92
2025-12-15T18:42:06.801963,Recipe_B,610592ff-dcbe-4f1d-8eb4-f593c5d7ac78,2,1.0,,,,10.52,10.99,10.32,9.71,8.79,11.02
2025-12-15T18:42:07.801963,Recipe_B,610592ff-dcbe-4f1d-8eb4-f593c5d7ac78,2,1.0,,,,9.55,10.07,9.01,12.76,13.17,9.02
2025-12-15T18:42:08.801963,Recipe_B,610592ff-dcbe-4f1d-8eb4-f593c5d7ac78,2,1.0,,,,9.24,14.79,5.98,10.59,11.09,11.4
2025-12-15T18:42:09.801963,Recipe_B,610592ff-dcbe-4f1d-8eb4-f593c5d7ac78,2,1.0,,,,9.51,11.52,13.2,10.94,9.26,13.87
2025-12-15T18:42:10.801963,Recipe_B,610592ff-dcbe-4f1d-8eb4-f593c5d7ac78,2,1.0,,,,11.16,10.61,9.69,9.29,10.44,10.7
2025-12-15T18:42:11.801963,Recipe_B,610592ff-dcbe-4f1d-8eb4-f593c5d7ac78,2,1.0,,,,8.45,7.84,12.35,8.55,7.89,12.76
2025-12-15T18:42:12.801963,Recipe_B,610592ff-dcbe-4f1d-8eb4-f593c5d7ac78,2,1.0,,,,5.75,8.56,7.82,12.01,7.9,8.78
2025-12-15T18:42:13.801963,Recipe_B,610592ff-dcbe-4f1d-8eb4-f593c5d7ac78,2,1.0,,,,7.42,10.19,11.05,8.69,14.27,10.13
2025-12-15T18:42:14.801963,Recipe_B,610592ff-dcbe-4f1d-8eb4-f593c5d7ac78,2,1.0,,,,9.06,10.17,10.39,12.12,8.7,5.6
2025-12-15T18:42:15.801963,Recipe_B,610592ff-dcbe-4f1d-8eb4-f593c5d7ac78,2,1.0,,,,7.65,10.69,13.27,9.02,7.17,3.2
2025-12-15T18:42:16.801963,Recipe_B,610592ff-dcbe-4f1d-8eb4-f593c5d7ac78,2,1.0,,,,9.27,10.75,6.87,11.67,10.69,12.26
2025-12-15T18:42:17.801963,Recipe_B,610592ff-dcbe-4f1d-8eb4-f593c5d7ac78,2,4.0,,,,102.2,54.86,45.79,50.8,44.01,57.89
2025-12-15T18:42:18.801963,Recipe_B,610592ff-dcbe-4f1d-8eb4-f593c5d7ac78,2,4.0,,,,99.74,54.79,54.47,49.52,41.43,49.59
2025-12-15T18:42:19.801963,Recipe_B,610592ff-dcbe-4f1d-8eb4-f593c5d7ac78,2,4.0,,,,100.1,50.68,51.99,54.14,45.67,49.25
2025-12-15T18:42:20.801963,Recipe_B,610592ff-dcbe-4f1d-8eb4-f593c5d7ac78,2,4.0,,,,94.01,43.86,42.82,55.01,50.78,47.23
2025-12-15T18:42:21.801963,Recipe_B,610592ff-dcbe-4f1d-8eb4-f593c5d7ac78,2,4.0,,,,97.36,56.85,53.63,49.92,47.14,46.67
2025-12-15T18:42:22.801963,Recipe_B,610592ff-dcbe-4f1d-8eb4-f593c5d7ac78,2,4.0,,,,104.61,48.56,56.23,56.28,50.53,52.26
2025-12-15T18:42:23.801963,Recipe_B,610592ff-dcbe-4f1d-8eb4-f593c5d7ac78,2,4.0,,,,102.16,50.57,52.13,47.44,48.28,45.97
2025-12-15T18:42:24.801963,Recipe_B,610592ff-dcbe-4f1d-8eb4-f593c5d7ac78,2,4.0,,,,98.83,51.87,49.41,41.28,42.71,59.37
2025-12-15T18:42:25.801963,Recipe_B,610592ff-dcbe-4f1d-8eb4-f593c5d7ac78,2,4.0,,,,102.57,49.98,53.07,45.46,52.23,47.57
2025-12-15T18:42:26.801963,Recipe_B,610592ff-dcbe-4f1d-8eb4-f593c5d7ac78,2,4.0,,,,92.65,49.65,51.35,56.97,46.56,41.44
2025-12-15T18:42:27.801963,Recipe_B,610592ff-dcbe-4f1d-8eb4-f593c5d7ac78,2,4.0,,,,100.0,47.07,44.51,46.97,47.07,54.58
2025-12-15T18:42:28.801963,Recipe_B,610592ff-dcbe-4f1d-8eb4-f593c5d7ac78,2,4.0,,,,100.83,46.18,46.65,63.74,54.09,52.38
2025-12-15T18:42:29.801963,Recipe_B,610592ff-dcbe-4f1d-8eb4-f593c5d7ac78,2,4.0,,,,97.55,63.0,45.89,53.43,44.31,53.11
2025-12-15T18:42:30.801963,Recipe_B,610592ff-dcbe-4f1d-8eb4-f593c5d7ac78,2,4.0,,,,104.06,50.56,50.78,53.6,48.41,55.21
2025-12-15T18:42:31.801963,Recipe_B,610592ff-dcbe-4f1d-8eb4-f593c5d7ac78,2,4.0,,,,91.88,50.27,51.37,50.95,46.21,46.47
2025-12-15T18:42:32.801963,Recipe_B,610592ff-dcbe-4f1d-8eb4-f593c5d7ac78,2,4.0,,,,100.79,51.73,48.67,49.32,47.46,59.78
2025-12-15T18:42:33.801963,Recipe_B,610592ff-dcbe-4f1d-8eb4-f593c5d7ac78,2,4.0,,,,100.44,51.57,45.49,52.0,47.98,43.62
2025-12-15T18:42:34.801963,Recipe_B,610592ff-dcbe-4f1d-8eb4-f593c5d7ac78,2,4.0,,,,103.76,49.68,61.84,61.67,53.86,52.01
2025-12-15T18:42:35.801963,Recipe_B,610592ff-dcbe-4f1d-8eb4-f593c5d7ac78,2,4.0,,,,99.18,47.69,52.91,49.93,37.45,51.67
2025-12-15T18:42:36.801963,Recipe_B,610592ff-dcbe-4f1d-8eb4-f593c5d7ac78,2,4.0,,,,103.26,49.88,48.37,49.61,46.4,43.19
2025-12-15T18:42:37.801963,Recipe_B,610592ff-dcbe-4f1d-8eb4-f593c5d7ac78,2,1.0,,,,8.93,5.83,10.24,6.76,8.19,11.71
2025-12-15T18:42:38.801963,Recipe_B,610592ff-dcbe-4f1d-8eb4-f593c5d7ac78,2,5.0,,,,10.6,11.28,8.95,9.74,4.68,12.09
2025-12-15T18:42:39.801963,Recipe_B,610592ff-dcbe-4f1d-8eb4-f593c5d7ac78,2,5.0,,,,9.16,12.2,9.47,12.66,8.95,9.79
2025-12-15T18:42:40.801963,Recipe_B,610592ff-dcbe-4f1d-8eb4-f593c5d7ac78,2,5.0,,,,10.23,6.9,12.25,8.2,5.78,11.79
2025-12-15T18:42:41.801963,Recipe_B,610592ff-dcbe-4f1d-8eb4-f593c5d7ac78,2,5.0,,,,8.18,8.6,8.24,11.56,9.05,9.81
2025-12-15T18:42:42.801963,Recipe_B,610592ff-dcbe-4f1d-8eb4-f593c5d7ac78,2,5.0,,,,8.49,8.37,9.62,8.48,10.69,11.44
2025-12-15T18:42:42.801963,Recipe_B,610592ff-dcbe-4f1d-8eb4-f593c5d7ac78,2,5.0,Warning_5,Simulated Warning occurred,Warning,,,,,,
2025-12-15T18:42:43.801963,Recipe_B,610592ff-dcbe-4f1d-8eb4-f593c5d7ac78,2,5.0,,,,8.5,7.97,10.88,14.82,10.55,10.15
2025-12-15T18:42:44.801963,Recipe_B,610592ff-dcbe-4f1d-8eb4-f593c5d7ac78,2,5.0,,,,11.92,10.56,10.34,11.55,10.08,7.66
2025-12-15T18:42:45.801963,Recipe_B,610592ff-dcbe-4f1d-8eb4-f593c5d7ac78,2,5.0,,,,9.58,11.01,16.72,10.57,10.78,8.99
2025-12-15T18:42:46.801963,Recipe_B,610592ff-dcbe-4f1d-8eb4-f593c5d7ac78,2,5.0,,,,12.09,7.78,10.83,9.29,6.84,10.24
2025-12-15T18:42:47.801963,Recipe_B,610592ff-dcbe-4f1d-8eb4-f593c5d7ac78,2,0.0,,,,0.0,0.0,0.0,0.0,0.0,0.0
2025-12-15T18:42:48.801963,Recipe_B,610592ff-dcbe-4f1d-8eb4-f593c5d7ac78,2,0.0,,,,0.0,0.0,0.0,0.0,0.0,0.0
2025-12-15T18:42:49.801963,Recipe_B,610592ff-dcbe-4f1d-8eb4-f593c5d7ac78,2,0.0,,,,0.0,0.0,0.0,0.0,0.0,0.0
2025-12-15T18:42:50.801963,Recipe_B,610592ff-dcbe-4f1d-8eb4-f593c5d7ac78,2,0.0,,,,0.0,0.0,0.0,0.0,0.0,0.0
2025-12-15T18:42:51.801963,Recipe_B,610592ff-dcbe-4f1d-8eb4-f593c5d7ac78,2,0.0,,,,0.0,0.0,0.0,0.0,0.0,0.0
2025-12-15T18:42:52.801963,Recipe_B,610592ff-dcbe-4f1d-8eb4-f593c5d7ac78,2,4.0,,,,106.43,52.88,42.43,45.61,48.11,44.09
2025-12-15T18:42:53.801963,Recipe_B,610592ff-dcbe-4f1d-8eb4-f593c5d7ac78,2,4.0,,,,103.82,43.99,50.2,47.68,52.94,49.56
2025-12-15T18:42:54.801963,Recipe_B,610592ff-dcbe-4f1d-8eb4-f593c5d7ac78,2,4.0,,,,96.47,56.32,58.81,46.0,56.27,48.27
2025-12-15T18:42:55.801963,Recipe_B,610592ff-dcbe-4f1d-8eb4-f593c5d7ac78,2,4.0,,,,101.5,52.76,49.27,52.32,48.04,41.76
2025-12-15T18:42:56.801963,Recipe_B,610592ff-dcbe-4f1d-8eb4-f593c5d7ac78,2,4.0,,,,103.5,53.72,50.14,52.19,47.99,41.94
2025-12-15T18:42:57.801963,Recipe_B,610592ff-dcbe-4f1d-8eb4-f593c5d7ac78,2,4.0,,,,93.33,41.62,51.29,56.9,49.6,45.56
2025-12-15T18:42:58.801963,Recipe_B,610592ff-dcbe-4f1d-8eb4-f593c5d7ac78,2,4.0,,,,108.37,49.89,48.44,48.65,38.58,35.54
2025-12-15T18:42:59.801963,Recipe_B,610592ff-dcbe-4f1d-8eb4-f593c5d7ac78,2,4.0,,,,104.33,54.05,52.47,38.92,54.16,43.71
2025-12-15T18:43:00.801963,Recipe_B,610592ff-dcbe-4f1d-8eb4-f593c5d7ac78,2,4.0,,,,93.74,59.11,70.89,62.91,56.48,51.8
2025-12-15T18:43:01.801963,Recipe_B,610592ff-dcbe-4f1d-8eb4-f593c5d7ac78,2,3.0,,,,12.07,11.77,11.86,7.12,9.9,5.54
2025-12-15T18:43:02.801963,Recipe_B,610592ff-dcbe-4f1d-8eb4-f593c5d7ac78,2,3.0,,,,10.45,7.52,8.64,7.15,10.61,9.11
2025-12-15T18:43:03.801963,Recipe_B,610592ff-dcbe-4f1d-8eb4-f593c5d7ac78,2,3.0,,,,8.97,8.83,10.64,8.71,8.98,8.27
2025-12-15T18:43:04.801963,Recipe_B,610592ff-dcbe-4f1d-8eb4-f593c5d7ac78,2,3.0,,,,11.25,13.15,9.59,12.79,8.32,11.28
2025-12-15T18:43:05.801963,Recipe_B,610592ff-dcbe-4f1d-8eb4-f593c5d7ac78,2,3.0,,,,9.01,12.38,11.84,7.74,13.38,12.22
2025-12-15T18:43:06.801963,Recipe_B,610592ff-dcbe-4f1d-8eb4-f593c5d7ac78,2,3.0,,,,7.79,9.63,10.24,10.95,15.01,11.81
2025-12-15T18:43:07.801963,Recipe_B,610592ff-dcbe-4f1d-8eb4-f593c5d7ac78,2,3.0,,,,9.32,13.49,9.54,6.73,8.87,12.25
2025-12-15T18:43:08.801963,Recipe_B,610592ff-dcbe-4f1d-8eb4-f593c5d7ac78,2,3.0,,,,9.35,12.73,7.1,7.65,5.22,9.66
2025-12-15T18:43:09.801963,Recipe_B,610592ff-dcbe-4f1d-8eb4-f593c5d7ac78,2,3.0,,,,10.15,9.46,11.01,10.87,8.99,8.17
2025-12-15T18:43:10.801963,Recipe_B,610592ff-dcbe-4f1d-8eb4-f593c5d7ac78,2,3.0,,,,11.18,12.49,8.15,11.92,8.01,11.8
2025-12-15T18:43:11.801963,Recipe_B,610592ff-dcbe-4f1d-8eb4-f593c5d7ac78,2,3.0,,,,6.81,8.95,7.38,13.11,10.57,9.94
2025-12-15T18:43:12.801963,Recipe_B,610592ff-dcbe-4f1d-8eb4-f593c5d7ac78,2,3.0,,,,7.55,11.81,9.89,9.56,11.59,7.9
2025-12-15T18:43:13.801963,Recipe_B,610592ff-dcbe-4f1d-8eb4-f593c5d7ac78,2,3.0,,,,8.29,12.06,9.81,7.22,11.85,15.25
2025-12-15T18:43:14.801963,Recipe_B,610592ff-dcbe-4f1d-8eb4-f593c5d7ac78,2,3.0,,,,4.61,11.49,10.19,11.51,8.27,9.96
2025-12-15T18:43:15.801963,Recipe_B,610592ff-dcbe-4f1d-8eb4-f593c5d7ac78,2,1.0,,,,10.24,11.93,5.36,11.22,8.92,12.0
2025-12-15T18:43:16.801963,Recipe_B,610592ff-dcbe-4f1d-8eb4-f593c5d7ac78,2,1.0,,,,9.23,11.91,9.47,8.21,7.5,9.03
2025-12-15T18:43:17.801963,Recipe_B,610592ff-dcbe-4f1d-8eb4-f593c5d7ac78,2,1.0,,,,10.57,9.92,8.24,9.9,11.8,12.83
2025-12-15T18:43:18.801963,Recipe_B,610592ff-dcbe-4f1d-8eb4-f593c5d7ac78,2,1.0,,,,11.98,6.35,9.63,11.05,12.43,11.81
2025-12-15T18:43:19.801963,Recipe_B,610592ff-dcbe-4f1d-8eb4-f593c5d7ac78,2,1.0,,,,6.4,9.92,11.75,11.72,7.44,8.69
2025-12-15T18:43:20.801963,Recipe_B,610592ff-dcbe-4f1d-8eb4-f593c5d7ac78,2,1.0,,,,12.6,11.42,7.16,7.99,11.82,8.68
2025-12-15T18:43:21.801963,Recipe_B,610592ff-dcbe-4f1d-8eb4-f593c5d7ac78,2,1.0,,,,8.12,9.96,10.25,11.7,10.54,11.04
2025-12-15T18:43:22.801963,Recipe_B,610592ff-dcbe-4f1d-8eb4-f593c5d7ac78,2,1.0,,,,3.02,13.79,10.47,12.05,10.23,12.58
2025-12-15T18:43:23.801963,Recipe_B,610592ff-dcbe-4f1d-8eb4-f593c5d7ac78,2,1.0,,,,8.74,11.89,11.29,8.35,6.61,8.57
2025-12-15T18:43:24.801963,Recipe_B,610592ff-dcbe-4f1d-8eb4-f593c5d7ac78,2,1.0,,,,9.82,12.12,8.32,8.41,10.32,8.09
2025-12-15T18:43:25.801963,Recipe_B,610592ff-dcbe-4f1d-8eb4-f593c5d7ac78,2,1.0,,,,5.47,9.17,11.43,7.72,12.15,8.17
2025-12-15T18:43:26.801963,Recipe_B,610592ff-dcbe-4f1d-8eb4-f593c5d7ac78,2,1.0,,,,11.06,8.88,8.6,10.43,9.15,12.09
2025-12-15T18:43:27.801963,Recipe_B,610592ff-dcbe-4f1d-8eb4-f593c5d7ac78,2,1.0,,,,7.37,8.91,8.84,9.36,12.18,8.69
2025-12-15T18:43:28.801963,Recipe_B,610592ff-dcbe-4f1d-8eb4-f593c5d7ac78,2,1.0,,,,10.61,10.44,11.33,6.79,10.57,13.59
2025-12-15T18:43:29.801963,Recipe_B,610592ff-dcbe-4f1d-8eb4-f593c5d7ac78,2,1.0,,,,8.66,8.82,11.49,9.58,9.43,8.86
2025-12-15T18:43:30.801963,Recipe_B,610592ff-dcbe-4f1d-8eb4-f593c5d7ac78,2,1.0,,,,8.05,9.76,11.51,7.82,13.27,9.15
2025-12-15T18:43:31.801963,Recipe_B,610592ff-dcbe-4f1d-8eb4-f593c5d7ac78,2,1.0,,,,12.96,15.98,7.44,12.11,12.66,8.78
2025-12-15T18:43:32.801963,Recipe_B,610592ff-dcbe-4f1d-8eb4-f593c5d7ac78,2,1.0,,,,8.24,11.32,14.36,11.37,8.44,9.53
2025-12-15T18:43:33.801963,Recipe_B,610592ff-dcbe-4f1d-8eb4-f593c5d7ac78,2,1.0,,,,9.97,10.07,9.93,10.16,10.87,9.75
2025-12-15T18:43:34.801963,Recipe_B,610592ff-dcbe-4f1d-8eb4-f593c5d7ac78,2,1.0,,,,10.51,10.66,10.11,8.89,8.47,11.72
2025-12-15T18:43:35.801963,Recipe_B,610592ff-dcbe-4f1d-8eb4-f593c5d7ac78,2,1.0,,,,8.21,11.67,8.57,11.88,8.61,14.13
2025-12-15T18:43:36.801963,Recipe_B,610592ff-dcbe-4f1d-8eb4-f593c5d7ac78,2,1.0,,,,12.14,7.01,7.84,11.61,12.26,10.57
2025-12-15T18:43:37.801963,Recipe_B,610592ff-dcbe-4f1d-8eb4-f593c5d7ac78,2,1.0,,,,11.79,6.84,10.97,6.48,9.38,12.03
2025-12-15T18:43:38.801963,Recipe_B,610592ff-dcbe-4f1d-8eb4-f593c5d7ac78,2,1.0,,,,9.11,10.79,11.44,10.69,11.29,11.29
2025-12-15T18:43:39.801963,Recipe_B,610592ff-dcbe-4f1d-8eb4-f593c5d7ac78,2,1.0,,,,12.47,8.55,12.94,11.97,10.92,9.59
2025-12-15T18:43:40.801963,Recipe_B,610592ff-dcbe-4f1d-8eb4-f593c5d7ac78,2,1.0,,,,14.71,10.74,11.43,11.87,9.67,7.98
2025-12-15T18:43:41.801963,Recipe_B,610592ff-dcbe-4f1d-8eb4-f593c5d7ac78,2,1.0,,,,10.01,10.43,12.45,10.94,10.97,7.59
2025-12-15T18:43:42.801963,Recipe_B,610592ff-dcbe-4f1d-8eb4-f593c5d7ac78,2,1.0,,,,11.01,9.74,11.88,9.24,13.73,9.26
2025-12-15T18:43:43.801963,Recipe_B,610592ff-dcbe-4f1d-8eb4-f593c5d7ac78,2,2.0,,,,6.71,8.8,8.22,8.91,9.46,14.38
2025-12-15T18:43:44.801963,Recipe_B,610592ff-dcbe-4f1d-8eb4-f593c5d7ac78,2,2.0,,,,10.19,9.09,7.4,7.9,11.01,9.42
2025-12-15T18:43:45.801963,Recipe_B,610592ff-dcbe-4f1d-8eb4-f593c5d7ac78,2,2.0,,,,9.98,8.79,9.95,10.67,12.72,9.91
2025-12-15T18:43:46.801963,Recipe_B,610592ff-dcbe-4f1d-8eb4-f593c5d7ac78,2,2.0,,,,7.56,6.65,9.53,8.6,8.88,10.59
2025-12-15T18:43:47.801963,Recipe_B,610592ff-dcbe-4f1d-8eb4-f593c5d7ac78,2,2.0,,,,10.15,10.53,10.86,9.64,9.99,8.89
2025-12-15T18:43:48.801963,Recipe_B,610592ff-dcbe-4f1d-8eb4-f593c5d7ac78,2,2.0,,,,11.47,11.51,9.82,14.65,9.78,6.5
2025-12-15T18:43:49.801963,Recipe_B,610592ff-dcbe-4f1d-8eb4-f593c5d7ac78,2,2.0,,,,11.22,12.02,8.52,11.3,9.15,6.74
2025-12-15T18:43:50.801963,Recipe_B,610592ff-dcbe-4f1d-8eb4-f593c5d7ac78,2,2.0,,,,12.64,11.82,7.83,8.0,11.28,11.34
2025-12-15T18:43:51.801963,Recipe_B,610592ff-dcbe-4f1d-8eb4-f593c5d7ac78,2,2.0,,,,11.13,12.31,4.98,10.56,12.21,7.75
2025-12-15T18:43:52.801963,Recipe_B,610592ff-dcbe-4f1d-8eb4-f593c5d7ac78,2,2.0,,,,11.82,9.4,9.03,10.64,15.05,12.05
2025-12-15T18:43:53.801963,Recipe_B,610592ff-dcbe-4f1d-8eb4-f593c5d7ac78,2,2.0,,,,6.54,6.79,8.8,12.38,9.45,8.96
