Timestamp,RecipeId,JobId,RunId,Active_State_General_StaOperatingState,Name,Text,Severity,Active_ActProcVal_All_MainDrive_ActSpeed,Active_ActProcVal_All_MainDrive_ActTorquePercent,Active_ActProcVal_All_MainDrive_ActThroughput,Active_ActProcVal_All_MainDrive_ActPower,Active_ActProcVal_All_MainDrive_ActSME,Active_ActProcVal_All_Endplate_ActPressure
2025-12-17T02:06:54.801963,Recipe_B,ca4e2b3e-360b-4bf9-859c-5118db1a7fff,20,0.0,,,,0.0,0.0,0.0,0.0,0.0,0.0
2025-12-17T02:06:55.801963,Recipe_B,ca4e2b3e-360b-4bf9-859c-5118db1a7fff,20,0.0,,,,0.0,0.0,0.0,0.0,0.0,0.0
2025-12-17T02:06:56.801963,Recipe_B,ca4e2b3e-360b-4bf9-859c-5118db1a7fff,20,0.0,,,,0.0,0.0,0.0,0.0,0.0,0.0
2025-12-17T02:06:57.801963,Recipe_B,ca4e2b3e-360b-4bf9-859c-5118db1a7fff,20,0.0,,,,0.0,0.0,0.0,0.0,0.0,0.0
2025-12-17T02:06:58.801963,Recipe_B,ca4e2b3e-360b-4bf9-859c-5118db1a7fff,20,0.0,,,,0.0,0.0,0.0,0.0,0.0,0.0
2025-12-17T02:06:59.801963,Recipe_B,ca4e2b3e-360b-4bf9-859c-5118db1a7fff,20,0.0,,,,0.0,0.0,0.0,0.0,0.0,0.0
2025-12-17T02:07:00.801963,Recipe_B,ca4e2b3e-360b-4bf9-859c-5118db1a7fff,20,0.0,,,,0.0,0.0,0.0,0.0,0.0,0.0
2025-12-17T02:07:01.801963,Recipe_B,ca4e2b3e-360b-4bf9-859c-5118db1a7fff,20,0.0,,,,0.0,0.0,0.0,0.0,0.0,0.0
2025-12-17T02:07:02.801963,Recipe_B,ca4e2b3e-360b-4bf9-859c-5118db1a7fff,20,0.0,,,,0.0,0.0,0.0,0.0,0.0,0.0
2025-12-17T02:07:03.801963,Recipe_B,ca4e2b3e-360b-4bf9-859c-5118db1a7fff,20,0.0,,,,0.0,0.0,0.0,0.0,0.0,0.0
2025-12-17T02:07:04.801963,Recipe_B,ca4e2b3e-360b-4bf9-859c-5118db1a7fff,20,0.0,,,,0.0,0.0,0.0,0.0,0.0,0.0
2025-12-17T02:07:05.801963,Recipe_B,ca4e2b3e-360b-4bf9-859c-5118db1a7fff,20,0.0,,,,0.0,0.0,0.0,0.0,0.0,0.0
2025-12-17T02:07:06.801963,Recipe_B,ca4e2b3e-360b-4bf9-859c-5118db1a7fff,20,0.0,,,,0.0,0.0,0.0,0.0,0.0,0.0
2025-12-17T02:07:07.801963,Recipe_B,ca4e2b3e-360b-4bf9-859c-5118db1a7fff,20,0.0,,,,0.0,0.0,0.0,0.0,0.0,0.0
2025-12-17T02:07:08.801963,Recipe_B,ca4e2b3e-360b-4bf9-859c-5118db1a7fff,20,0.0,,,,0.0,0.0,0.0,0.0,0.0,0.0
2025-12-17T02:07:09.801963,Recipe_B,ca4e2b3e-360b-4bf9-859c-5118db1a7fff,20,0.0,,,,0.0,0.0,0.0,0.0,0.0,0.0
2025-12-17T02:07:10.801963,Recipe_B,ca4e2b3e-360b-4bf9-859c-5118db1a7fff,20,0.0,,,,0.0,0.0,0.0,0.0,0.0,0.0
2025-12-17T02:07:11.801963,Recipe_B,ca4e2b3e-360b-4bf9-859c-5118db1a7fff,20,0.0,,,,0.0,0.0,0.0,0.0,0.0,0.0
2025-12-17T02:07:12.801963,Recipe_B,ca4e2b3e-360b-4bf9-859c-5118db1a7fff,20,0.0,,,,0.0,0.0,0.0,0.0,0.0,0.0
2025-12-17T02:07:13.801963,Recipe_B,ca4e2b3e-360b-4bf9-859c-5118db1a7fff,20,0.0,,,,0.0,0.0,0.0,0.0,0.0,0.0
2025-12-17T02:07:14.801963,Recipe_B,ca4e2b3e-360b-4bf9-859c-5118db1a7fff,20,0.0,,,,0.0,0.0,0.0,0.0,0.0,0.0
2025-12-17T02:07:15.801963,Recipe_B,ca4e2b3e-360b-4bf9-859c-5118db1a7fff,20,0.0,,,,0.0,0.0,0.0,0.0,0.0,0.0
2025-12-17T02:07:16.801963,Recipe_B,ca4e2b3e-360b-4bf9-859c-5118db1a7fff,20,0.0,,,,0.0,0.0,0.0,0.0,0.0,0.0
2025-12-17T02:07:17.801963,Recipe_B,ca4e2b3e-360b-4bf9-859c-5118db1a7fff,20,0.0,,,,0.0,0.0,0.0,0.0,0.0,0.0
2025-12-17T02:07:18.801963,Recipe_B,ca4e2b3e-360b-4bf9-859c-5118db1a7fff,20,0.0,,,,0.0,0.0,0.0,0.0,0.0,0.0
2025-12-17T02:07:19.801963,Recipe_B,ca4e2b3e-360b-4bf9-859c-5118db1a7fff,20,0.0,,,,0.0,0.0,0.0,0.0,0.0,0.0
2025-12-17T02:07:20.801963,Recipe_B,ca4e2b3e-360b-4bf9-859c-5118db1a7fff,20,0.0,,,,0.0,0.0,0.0,0.0,0.0,0.0
2025-12-17T02:07:21.801963,Recipe_B,ca4e2b3e-360b-4bf9-859c-5118db1a7fff,20,0.0,,,,0.0,0.0,0.0,0.0,0.0,0.0
2025-12-17T02:07:22.801963,Recipe_B,ca4e2b3e-360b-4bf9-859c-5118db1a7fff,20,0.0,,,,0.0,0.0,0.0,0.0,0.0,0.0
2025-12-17T02:07:23.801963,Recipe_B,ca4e2b3e-360b-4bf9-859c-5118db1a7fff,20,0.0,,,,0.0,0.0,0.0,0.0,0.0,0.0
2025-12-17T02:07:24.801963,Recipe_B,ca4e2b3e-360b-4bf9-859c-5118db1a7fff,20,0.0,,,,0.0,0.0,0.0,0.0,0.0,0.0
2025-12-17T02:07:25.801963,Recipe_B,ca4e2b3e-360b-4bf9-859c-5118db1a7fff,20,0.0,,,,0.0,0.0,0.0,0.0,0.0,0.0
2025-12-17T02:07:26.801963,Recipe_B,ca4e2b3e-360b-4bf9-859c-5118db1a7fff,20,0.0,,,,0.0,0.0,0.0,0.0,0.0,0.0
2025-12-17T02:07:27.801963,Recipe_B,ca4e2b3e-360b-4bf9-859c-5118db1a7fff,20,0.0,,,,0.0,0.0,0.0,0.0,0.0,0.0
2025-12-17T02:07:28.801963,Recipe_B,ca4e2b3e-360b-4bf9-859c-5118db1a7fff,20,0.0,,,,0.0,0.0,0.0,0.0,0.0,0.0
2025-12-17T02:07:29.801963,Recipe_B,ca4e2b3e-360b-4bf9-859c-5118db1a7fff,20,0.0,,,,0.0,0.0,0.0,0.0,0.0,0.0
2025-12-17T02:07:30.801963,Recipe_B,ca4e2b3e-360b-4bf9-859c-5118db1a7fff,20,0.0,,,,0.0,0.0,0.0,0.0,0.0,0.0
2025-12-17T02:07:31.801963,Recipe_B,ca4e2b3e-360b-4bf9-859c-5118db1a7fff,20,0.0,,,,0.0,0.0,0.0,0.0,0.0,0.0
2025-12-17T02:07:32.801963,Recipe_B,ca4e2b3e-360b-4bf9-859c-5118db1a7fff,20,0.0,,,,0.0,0.0,0.0,0.0,0.0,0.0
2025-12-17T02:07:33.801963,Recipe_B,ca4e2b3e-360b-4bf9-859c-5118db1a7fff,20,0.0,,,,0.0,0.0,0.0,0.0,0.0,0.0
2025-12-17T02:07:34.801963,Recipe_B,ca4e2b3e-360b-4bf9-859c-5118db1a7fff,20,0.0,,,,0.0,0.0,0.0,0.0,0.0,0.0
2025-12-17T02:07:35.801963,Recipe_B,ca4e2b3e-360b-4bf9-859c-5118db1a7fff,20,0.0,,,,0.0,0.0,0.0,0.0,0.0,0.0
2025-12-17T02:07:36.801963,Recipe_B,ca4e2b3e-360b-4bf9-859c-5118db1a7fff,20,0.0,,,,0.0,0.0,0.0,0.0,0.0,0.0
2025-12-17T02:07:37.801963,Recipe_B,ca4e2b3e-360b-4bf9-859c-5118db1a7fff,20,0.0,,,,0.0,0.0,0.0,0.0,0.0,0.0
2025-12-17T02:07:38.801963,Recipe_B,ca4e2b3e-360b-4bf9-859c-5118db1a7fff,20,0.0,,,,0.0,0.0,0.0,0.0,0.0,0.0
2025-12-17T02:07:39.801963,Recipe_B,ca4e2b3e-360b-4bf9-859c-5118db1a7fff,20,0.0,,,,0.0,0.0,0.0,0.0,0.0,0.0
2025-12-17T02:07:40.801963,Recipe_B,ca4e2b3e-360b-4bf9-859c-5118db1a7fff,20,0.0,,,,0.0,0.0,0.0,0.0,0.0,0.0
2025-12-17T02:07:41.801963,Recipe_B,ca4e2b3e-360b-4bf9-859c-5118db1a7fff,20,0.0,,,,0.0,0.0,0.0,0.0,0.0,0.0
2025-12-17T02:07:42.801963,Recipe_B,ca4e2b3e-360b-4bf9-859c-5118db1a7fff,20,0.0,,,,0.0,0.0,0.0,0.0,0.0,0.0
2025-12-17T02:07:43.801963,Recipe_B,ca4e2b3e-360b-4bf9-859c-5118db1a7fff,20,0.0,,,,0.0,0.0,0.0,0.0,0.0,0.0
2025-12-17T02:07:44.801963,Recipe_B,ca4e2b3e-360b-4bf9-859c-5118db1a7fff,20,0.0,,,,0.0,0.0,0.0,0.0,0.0,0.0
2025-12-17T02:07:45.801963,Recipe_B,ca4e2b3e-360b-4bf9-859c-5118db1a7fff,20,0.0,,,,0.0,0.0,0.0,0.0,0.0,0.0
2025-12-17T02:07:46.801963,Recipe_B,ca4e2b3e-360b-4bf9-859c-5118db1a7fff,20,0.0,,,,0.0,0.0,0.0,0.0,0.0,0.0
2025-12-17T02:07:47.801963,Recipe_B,ca4e2b3e-360b-4bf9-859c-5118db1a7fff,20,0.0,,,,0.0,0.0,0.0,0.0,0.0,0.0
2025-12-17T02:07:48.801963,Recipe_B,ca4e2b3e-360b-4bf9-859c-5118db1a7fff,20,0.0,,,,0.0,0.0,0.0,0.0,0.0,0.0
2025-12-17T02:07:49.801963,Recipe_B,ca4e2b3e-360b-4bf9-859c-5118db1a7fff,20,0.0,,,,0.0,0.0,0.0,0.0,0.0,0.0
2025-12-17T02:07:50.801963,Recipe_B,ca4e2b3e-360b-4bf9-859c-5118db1a7fff,20,0.0,,,,0.0,0.0,0.0,0.0,0.0,0.0
2025-12-17T02:07:51.801963,Recipe_B,ca4e2b3e-360b-4bf9-859c-5118db1a7fff,20,0.0,,,,0.0,0.0,0.0,0.0,0.0,0.0
2025-12-17T02:07:52.801963,Recipe_B,ca4e2b3e-360b-4bf9-859c-5118db1a7fff,20,0.0,,,,0.0,0.0,0.0,0.0,0.0,0.0
2025-12-17T02:07:53.801963,Recipe_B,ca4e2b3e-360b-4bf9-859c-5118db1a7fff,20,0.0,,,,0.0,0.0,0.0,0.0,0.0,0.0
2025-12-17T02:07:54.801963,Recipe_B,ca4e2b3e-360b-4bf9-859c-5118db1a7fff,20,0.0,,,,0.0,0.0,0.0,0.0,0.0,0.0
2025-12-17T02:07:55.801963,Recipe_B,ca4e2b3e-360b-4bf9-859c-5118db1a7fff,20,0.0,,,,0.0,0.0,0.0,0.0,0.0,0.0
2025-12-17T02:07:56.801963,Recipe_B,ca4e2b3e-360b-4bf9-859c-5118db1a7fff,20,0.0,,,,0.0,0.0,0.0,0.0,0.0,0.0
2025-12-17T02:07:57.801963,Recipe_B,ca4e2b3e-360b-4bf9-859c-5118db1a7fff,20,0.0,,,,0.0,0.0,0.0,0.0,0.0,0.0
2025-12-17T02:07:58.801963,Recipe_B,ca4e2b3e-360b-4bf9-859c-5118db1a7fff,20,0.0,,,,0.0,0.0,0.0,0.0,0.0,0.0
2025-12-17T02:07:59.801963,Recipe_B,ca4e2b3e-360b-4bf9-859c-5118db1a7fff,20,0.0,,,,0.0,0.0,0.0,0.0,0.0,0.0
2025-12-17T02:08:00.801963,Recipe_B,ca4e2b3e-360b-4bf9-859c-5118db1a7fff,20,0.0,,,,0.0,0.0,0.0,0.0,0.0,0.0
2025-12-17T02:08:01.801963,Recipe_B,ca4e2b3e-360b-4bf9-859c-5118db1a7fff,20,0.0,,,,0.0,0.0,0.0,0.0,0.0,0.0
2025-12-17T02:08:02.801963,Recipe_B,ca4e2b3e-360b-4bf9-859c-5118db1a7fff,20,0.0,,,,0.0,0.0,0.0,0.0,0.0,0.0
2025-12-17T02:08:03.801963,Recipe_B,ca4e2b3e-360b-4bf9-859c-5118db1a7fff,20,0.0,,,,0.0,0.0,0.0,0.0,0.0,0.0
2025-12-17T02:08:04.801963,Recipe_B,ca4e2b3e-360b-4bf9-859c-5118db1a7fff,20,0.0,,,,0.0,0.0,0.0,0.0,0.0,0.0
2025-12-17T02:08:05.801963,Recipe_B,ca4e2b3e-360b-4bf9-859c-5118db1a7fff,20,0.0,,,,0.0,0.0,0.0,0.0,0.0,0.0
2025-12-17T02:08:06.801963,Recipe_B,ca4e2b3e-360b-4bf9-859c-5118db1a7fff,20,0.0,,,,0.0,0.0,0.0,0.0,0.0,0.0
2025-12-17T02:08:07.801963,Recipe_B,ca4e2b3e-360b-4bf9-859c-5118db1a7fff,20,0.0,,,,0.0,0.0,0.0,0.0,0.0,0.0
2025-12-17T02:08:08.801963,Recipe_B,ca4e2b3e-360b-4bf9-859c-5118db1a7fff,20,0.0,,,,0.0,0.0,0.0,0.0,0.0,0.0
2025-12-17T02:08:09.801963,Recipe_B,ca4e2b3e-360b-4bf9-859c-5118db1a7fff,20,0.0,,,,0.0,0.0,0.0,0.0,0.0,0.0
2025-12-17T02:08:10.801963,Recipe_B,ca4e2b3e-360b-4bf9-859c-5118db1a7fff,20,0.0,,,,0.0,0.0,0.0,0.0,0.0,0.0
2025-12-17T02:08:11.801963,Recipe_B,ca4e2b3e-360b-4bf9-859c-5118db1a7fff,20,0.0,,,,0.0,0.0,0.0,0.0,0.0,0.0
2025-12-17T02:08:12.801963,Recipe_B,ca4e2b3e-360b-4bf9-859c-5118db1a7fff,20,0.0,,,,0.0,0.0,0.0,0.0,0.0,0.0
2025-12-17T02:08:13.801963,Recipe_B,ca4e2b3e-360b-4bf9-859c-5118db1a7fff,20,0.0,,,,0.0,0.0,0.0,0.0,0.0,0.0
2025-12-17T02:08:14.801963,Recipe_B,ca4e2b3e-360b-4bf9-859c-5118db1a7fff,20,4.0,,,,97.88,52.12,37.18,40.67,56.92,47.07
2025-12-17T02:08:15.801963,Recipe_B,ca4e2b3e-360b-4bf9-859c-5118db1a7fff,20,3.0,,,,10.53,11.54,9.08,13.13,9.17,8.41
2025-12-17T02:08:16.801963,Recipe_B,ca4e2b3e-360b-4bf9-859c-5118db1a7fff,20,3.0,,,,8.24,8.22,10.73,8.56,12.28,5.03
2025-12-17T02:08:17.801963,Recipe_B,ca4e2b3e-360b-4bf9-859c-5118db1a7fff,20,3.0,,,,9.74,11.57,12.74,7.66,10.53,7.02
2025-12-17T02:08:17.801963,Recipe_B,ca4e2b3e-360b-4bf9-859c-5118db1a7fff,20,3.0,Warning_8,Simulated Warning occurred,Warning,,,,,,
2025-12-17T02:08:18.801963,Recipe_B,ca4e2b3e-360b-4bf9-859c-5118db1a7fff,20,3.0,,,,9.94,11.26,9.75,10.46,10.11,5.56
2025-12-17T02:08:19.801963,Recipe_B,ca4e2b3e-360b-4bf9-859c-5118db1a7fff,20,3.0,,,,11.44,7.62,10.93,8.42,11.49,10.12
2025-12-17T02:08:20.801963,Recipe_B,ca4e2b3e-360b-4bf9-859c-5118db1a7fff,20,3.0,,,,9.12,11.06,9.73,7.27,12.47,11.39
2025-12-17T02:08:21.801963,Recipe_B,ca4e2b3e-360b-4bf9-859c-5118db1a7fff,20,3.0,,,,6.94,11.18,11.05,10.08,10.08,8.41
2025-12-17T02:08:22.801963,Recipe_B,ca4e2b3e-360b-4bf9-859c-5118db1a7fff,20,3.0,,,,9.07,9.29,7.83,11.3,10.41,9.79
2025-12-17T02:08:23.801963,Recipe_B,ca4e2b3e-360b-4bf9-859c-5118db1a7fff,20,3.0,,,,7.51,7.23,11.28,7.96,9.55,4.42
2025-12-17T02:08:24.801963,Recipe_B,ca4e2b3e-360b-4bf9-859c-5118db1a7fff,20,3.0,,,,12.38,9.16,8.98,10.54,12.89,8.31
2025-12-17T02:08:25.801963,Recipe_B,ca4e2b3e-360b-4bf9-859c-5118db1a7fff,20,3.0,,,,9.14,6.29,13.08,7.64,7.79,9.35
2025-12-17T02:08:26.801963,Recipe_B,ca4e2b3e-360b-4bf9-859c-5118db1a7fff,20,3.0,,,,6.51,11.37,9.7,11.77,12.47,8.3
2025-12-17T02:08:27.801963,Recipe_B,ca4e2b3e-360b-4bf9-859c-5118db1a7fff,20,3.0,,,,10.75,8.17,9.81,9.25,11.31,11.63
2025-12-17T02:08:28.801963,Recipe_B,ca4e2b3e-360b-4bf9-859c-5118db1a7fff,20,3.0,,,,11.63,8.01,10.3,9.55,14.31,10.42
2025-12-17T02:08:29.801963,Recipe_B,ca4e2b3e-360b-4bf9-859c-5118db1a7fff,20,3.0,,,,10.3,8.76,4.72,10.2,9.25,8.12
2025-12-17T02:08:30.801963,Recipe_B,ca4e2b3e-360b-4bf9-859c-5118db1a7fff,20,3.0,,,,6.56,10.5,10.07,7.8,8.8,8.55
2025-12-17T02:08:31.801963,Recipe_B,ca4e2b3e-360b-4bf9-859c-5118db1a7fff,20,3.0,,,,11.78,10.83,10.19,10.24,7.16,9.5
2025-12-17T02:08:32.801963,Recipe_B,ca4e2b3e-360b-4bf9-859c-5118db1a7fff,20,3.0,,,,6.64,7.67,12.11,9.44,8.38,9.16
2025-12-17T02:08:33.801963,Recipe_B,ca4e2b3e-360b-4bf9-859c-5118db1a7fff,20,3.0,,,,5.61,11.12,11.78,9.09,12.86,9.5
2025-12-17T02:08:34.801963,Recipe_B,ca4e2b3e-360b-4bf9-859c-5118db1a7fff,20,3.0,,,,11.76,8.78,9.24,10.73,7.23,10.83
2025-12-17T02:08:35.801963,Recipe_B,ca4e2b3e-360b-4bf9-859c-5118db1a7fff,20,3.0,,,,9.6,12.04,10.58,8.65,11.82,9.98
2025-12-17T02:08:36.801963,Recipe_B,ca4e2b3e-360b-4bf9-859c-5118db1a7fff,20,3.0,,,,8.65,8.95,9.17,9.61,13.2,12.62
2025-12-17T02:08:37.801963,Recipe_B,ca4e2b3e-360b-4bf9-859c-5118db1a7fff,20,3.0,,,,12.88,7.96,11.1,11.65,11.6,8.12
2025-12-17T02:08:38.801963,Recipe_B,ca4e2b3e-360b-4bf9-859c-5118db1a7fff,20,3.0,,,,7.02,7.97,7.44,9.65,10.65,7.1
2025-12-17T02:08:39.801963,Recipe_B,ca4e2b3e-360b-4bf9-859c-5118db1a7fff,20,2.0,,,,12.91,8.75,9.49,12.86,12.82,11.68
2025-12-17T02:08:40.801963,Recipe_B,ca4e2b3e-360b-4bf9-859c-5118db1a7fff,20,2.0,,,,12.29,11.39,12.17,8.29,10.29,9.33
2025-12-17T02:08:41.801963,Recipe_B,ca4e2b3e-360b-4bf9-859c-5118db1a7fff,20,2.0,,,,9.84,8.91,9.63,9.48,8.55,9.97
2025-12-17T02:08:42.801963,Recipe_B,ca4e2b3e-360b-4bf9-859c-5118db1a7fff,20,2.0,,,,6.72,8.96,10.19,10.32,9.75,10.85
2025-12-17T02:08:43.801963,Recipe_B,ca4e2b3e-360b-4bf9-859c-5118db1a7fff,20,2.0,,,,10.7,11.01,8.46,8.75,11.15,7.05
2025-12-17T02:08:44.801963,Recipe_B,ca4e2b3e-360b-4bf9-859c-5118db1a7fff,20,2.0,,,,9.51,11.35,10.93,8.68,8.35,8.94
2025-12-17T02:08:45.801963,Recipe_B,ca4e2b3e-360b-4bf9-859c-5118db1a7fff,20,2.0,,,,8.66,15.18,9.15,7.8,9.19,9.44
2025-12-17T02:08:46.801963,Recipe_B,ca4e2b3e-360b-4bf9-859c-5118db1a7fff,20,2.0,,,,9.58,11.32,7.5,11.97,6.85,9.21
2025-12-17T02:08:47.801963,Recipe_B,ca4e2b3e-360b-4bf9-859c-5118db1a7fff,20,2.0,,,,9.46,6.94,9.21,11.07,6.48,9.43
2025-12-17T02:08:48.801963,Recipe_B,ca4e2b3e-360b-4bf9-859c-5118db1a7fff,20,2.0,,,,12.34,9.9,14.47,9.84,11.21,9.05
2025-12-17T02:08:49.801963,Recipe_B,ca4e2b3e-360b-4bf9-859c-5118db1a7fff,20,2.0,,,,9.74,10.11,7.68,10.47,7.56,9.75
2025-12-17T02:08:50.801963,Recipe_B,ca4e2b3e-360b-4bf9-859c-5118db1a7fff,20,2.0,,,,12.52,12.39,9.72,10.44,9.84,14.56
2025-12-17T02:08:51.801963,Recipe_B,ca4e2b3e-360b-4bf9-859c-5118db1a7fff,20,2.0,,,,10.06,11.01,8.62,12.28,10.92,6.63
2025-12-17T02:08:52.801963,Recipe_B,ca4e2b3e-360b-4bf9-859c-5118db1a7fff,20,2.0,,,,11.78,8.41,10.07,11.24,10.14,5.77
2025-12-17T02:08:53.801963,Recipe_B,ca4e2b3e-360b-4bf9-859c-5118db1a7fff,20,2.0,,,,6.74,12.28,11.65,12.07,6.01,13.58
2025-12-17T02:08:54.801963,Recipe_B,ca4e2b3e-360b-4bf9-859c-5118db1a7fff,20,2.0,,,,9.27,12.75,8.74,13.89,9.64,8.56
2025-12-17T02:08:55.801963,Recipe_B,ca4e2b3e-360b-4bf9-859c-5118db1a7fff,20,2.0,,,,8.44,11.73,10.03,9.8,9.04,11.84
2025-12-17T02:08:56.801963,Recipe_B,ca4e2b3e-360b-4bf9-859c-5118db1a7fff,20,2.0,,,,13.03,13.44,14.8,9.45,11.3,12.46
2025-12-17T02:08:57.801963,Recipe_B,ca4e2b3e-360b-4bf9-859c-5118db1a7fff,20,2.0,,,,9.55,13.11,10.53,10.88,11.65,10.42
2025-12-17T02:08:58.801963,Recipe_B,ca4e2b3e-360b-4bf9-859c-5118db1a7fff,20,1.0,,,,8.17,13.47,14.25,12.44,9.88,9.08
2025-12-17T02:08:59.801963,Recipe_B,ca4e2b3e-360b-4bf9-859c-5118db1a7fff,20,1.0,,,,13.23,9.88,11.46,9.81,7.46,13.12
2025-12-17T02:09:00.801963,Recipe_B,ca4e2b3e-360b-4bf9-859c-5118db1a7fff,20,1.0,,,,10.34,10.29,11.83,12.75,12.69,7.69
2025-12-17T02:09:01.801963,Recipe_B,ca4e2b3e-360b-4bf9-859c-5118db1a7fff,20,1.0,,,,7.75,9.92,11.77,10.66,10.22,6.63
2025-12-17T02:09:02.801963,Recipe_B,ca4e2b3e-360b-4bf9-859c-5118db1a7fff,20,1.0,,,,9.26,10.39,8.94,8.3,12.64,12.1
2025-12-17T02:09:02.801963,Recipe_B,ca4e2b3e-360b-4bf9-859c-5118db1a7fff,20,1.0,Warning_3,Simulated Warning occurred,Warning,,,,,,
2025-12-17T02:09:03.801963,Recipe_B,ca4e2b3e-360b-4bf9-859c-5118db1a7fff,20,1.0,,,,10.8,12.04,11.9,9.0,10.48,15.4
2025-12-17T02:09:04.801963,Recipe_B,ca4e2b3e-360b-4bf9-859c-5118db1a7fff,20,1.0,,,,9.54,9.75,9.7,10.49,11.77,10.27
2025-12-17T02:09:05.801963,Recipe_B,ca4e2b3e-360b-4bf9-859c-5118db1a7fff,20,1.0,,,,9.55,6.33,11.26,8.96,10.72,6.34
2025-12-17T02:09:06.801963,Recipe_B,ca4e2b3e-360b-4bf9-859c-5118db1a7fff,20,1.0,,,,13.13,10.02,9.41,6.26,12.31,12.57
2025-12-17T02:09:07.801963,Recipe_B,ca4e2b3e-360b-4bf9-859c-5118db1a7fff,20,1.0,,,,10.13,10.17,9.58,10.06,10.47,11.76
2025-12-17T02:09:08.801963,Recipe_B,ca4e2b3e-360b-4bf9-859c-5118db1a7fff,20,1.0,,,,12.97,13.44,12.93,8.43,9.64,10.23
2025-12-17T02:09:09.801963,Recipe_B,ca4e2b3e-360b-4bf9-859c-5118db1a7fff,20,1.0,,,,9.13,8.98,8.61,8.11,7.64,9.82
2025-12-17T02:09:10.801963,Recipe_B,ca4e2b3e-360b-4bf9-859c-5118db1a7fff,20,1.0,,,,10.06,7.33,9.19,7.18,10.21,9.27
2025-12-17T02:09:11.801963,Recipe_B,ca4e2b3e-360b-4bf9-859c-5118db1a7fff,20,1.0,,,,12.67,8.32,7.1,10.23,10.18,10.87
2025-12-17T02:09:12.801963,Recipe_B,ca4e2b3e-360b-4bf9-859c-5118db1a7fff,20,1.0,,,,11.17,10.63,10.24,10.48,9.22,11.61
2025-12-17T02:09:13.801963,Recipe_B,ca4e2b3e-360b-4bf9-859c-5118db1a7fff,20,1.0,,,,8.06,11.3,10.08,10.09,16.28,9.16
2025-12-17T02:09:14.801963,Recipe_B,ca4e2b3e-360b-4bf9-859c-5118db1a7fff,20,1.0,,,,11.62,10.75,10.94,14.16,10.29,8.08
2025-12-17T02:09:15.801963,Recipe_B,ca4e2b3e-360b-4bf9-859c-5118db1a7fff,20,1.0,,,,8.1,12.81,6.75,6.51,10.28,11.54
2025-12-17T02:09:16.801963,Recipe_B,ca4e2b3e-360b-4bf9-859c-5118db1a7fff,20,1.0,,,,11.8,8.4,8.12,8.66,8.77,11.52
2025-12-17T02:09:17.801963,Recipe_B,ca4e2b3e-360b-4bf9-859c-5118db1a7fff,20,1.0,,,,9.08,13.47,11.78,9.36,11.59,5.29
2025-12-17T02:09:18.801963,Recipe_B,ca4e2b3e-360b-4bf9-859c-5118db1a7fff,20,1.0,,,,7.81,10.09,10.02,11.17,9.18,11.07
2025-12-17T02:09:19.801963,Recipe_B,ca4e2b3e-360b-4bf9-859c-5118db1a7fff,20,1.0,,,,9.8,8.79,11.1,12.53,10.6,8.73
2025-12-17T02:09:20.801963,Recipe_B,ca4e2b3e-360b-4bf9-859c-5118db1a7fff,20,1.0,,,,12.07,9.16,10.98,9.51,11.38,12.7
2025-12-17T02:09:21.801963,Recipe_B,ca4e2b3e-360b-4bf9-859c-5118db1a7fff,20,1.0,,,,7.71,9.95,5.22,7.62,12.72,9.46
2025-12-17T02:09:22.801963,Recipe_B,ca4e2b3e-360b-4bf9-859c-5118db1a7fff,20,1.0,,,,9.56,9.07,6.03,10.3,10.07,8.12
2025-12-17T02:09:23.801963,Recipe_B,ca4e2b3e-360b-4bf9-859c-5118db1a7fff,20,1.0,,,,8.73,3.13,7.09,11.83,6.97,11.51
2025-12-17T02:09:24.801963,Recipe_B,ca4e2b3e-360b-4bf9-859c-5118db1a7fff,20,1.0,,,,10.65,13.38,4.94,10.23,12.76,9.93
2025-12-17T02:09:25.801963,Recipe_B,ca4e2b3e-360b-4bf9-859c-5118db1a7fff,20,1.0,,,,8.91,7.56,10.56,9.53,9.89,13.14
2025-12-17T02:09:26.801963,Recipe_B,ca4e2b3e-360b-4bf9-859c-5118db1a7fff,20,1.0,,,,9.71,5.23,8.62,11.64,9.18,7.71
2025-12-17T02:09:27.801963,Recipe_B,ca4e2b3e-360b-4bf9-859c-5118db1a7fff,20,1.0,,,,11.24,9.81,9.31,9.16,9.9,8.92
2025-12-17T02:09:28.801963,Recipe_B,ca4e2b3e-360b-4bf9-859c-5118db1a7fff,20,1.0,,,,9.31,9.85,8.78,8.58,11.59,11.17
2025-12-17T02:09:29.801963,Recipe_B,ca4e2b3e-360b-4bf9-859c-5118db1a7fff,20,1.0,,,,8.62,9.72,9.63,10.35,9.71,10.78
2025-12-17T02:09:30.801963,Recipe_B,ca4e2b3e-360b-4bf9-859c-5118db1a7fff,20,1.0,,,,9.84,10.36,9.2,8.79,10.72,10.47
2025-12-17T02:09:31.801963,Recipe_B,ca4e2b3e-360b-4bf9-859c-5118db1a7fff,20,1.0,,,,11.07,9.33,9.39,8.27,9.36,9.53
2025-12-17T02:09:32.801963,Recipe_B,ca4e2b3e-360b-4bf9-859c-5118db1a7fff,20,1.0,,,,10.16,7.71,9.95,11.91,5.49,3.8
2025-12-17T02:09:33.801963,Recipe_B,ca4e2b3e-360b-4bf9-859c-5118db1a7fff,20,1.0,,,,8.54,6.32,13.58,6.77,11.58,12.53
2025-12-17T02:09:34.801963,Recipe_B,ca4e2b3e-360b-4bf9-859c-5118db1a7fff,20,1.0,,,,12.05,12.26,10.18,10.56,9.59,9.86
2025-12-17T02:09:35.801963,Recipe_B,ca4e2b3e-360b-4bf9-859c-5118db1a7fff,20,1.0,,,,8.79,10.3,9.64,9.65,11.49,9.51
2025-12-17T02:09:36.801963,Recipe_B,ca4e2b3e-360b-4bf9-859c-5118db1a7fff,20,1.0,,,,10.07,10.37,7.87,10.0,8.64,12.09
2025-12-17T02:09:37.801963,Recipe_B,ca4e2b3e-360b-4bf9-859c-5118db1a7fff,20,1.0,,,,10.19,8.72,6.77,10.75,10.89,8.81
2025-12-17T02:09:38.801963,Recipe_B,ca4e2b3e-360b-4bf9-859c-5118db1a7fff,20,1.0,,,,10.19,11.57,10.21,12.77,9.72,12.43
2025-12-17T02:09:39.801963,Recipe_B,ca4e2b3e-360b-4bf9-859c-5118db1a7fff,20,1.0,,,,9.34,9.8,13.49,8.15,10.78,8.33
2025-12-17T02:09:40.801963,Recipe_B,ca4e2b3e-360b-4bf9-859c-5118db1a7fff,20,1.0,,,,10.09,11.82,10.54,10.07,9.14,9.46
2025-12-17T02:09:41.801963,Recipe_B,ca4e2b3e-360b-4bf9-859c-5118db1a7fff,20,1.0,,,,9.25,8.16,9.28,10.06,5.23,10.23
2025-12-17T02:09:42.801963,Recipe_B,ca4e2b3e-360b-4bf9-859c-5118db1a7fff,20,1.0,,,,10.84,9.25,9.1,9.9,11.67,8.02
2025-12-17T02:09:43.801963,Recipe_B,ca4e2b3e-360b-4bf9-859c-5118db1a7fff,20,1.0,,,,8.78,8.79,7.37,9.44,8.39,8.03
2025-12-17T02:09:44.801963,Recipe_B,ca4e2b3e-360b-4bf9-859c-5118db1a7fff,20,1.0,,,,4.34,9.93,10.25,10.67,8.89,8.6
2025-12-17T02:09:45.801963,Recipe_B,ca4e2b3e-360b-4bf9-859c-5118db1a7fff,20,1.0,,,,11.1,14.2,9.74,8.43,11.57,8.59
2025-12-17T02:09:46.801963,Recipe_B,ca4e2b3e-360b-4bf9-859c-5118db1a7fff,20,1.0,,,,13.02,7.62,14.94,9.28,7.81,9.09
2025-12-17T02:09:47.801963,Recipe_B,ca4e2b3e-360b-4bf9-859c-5118db1a7fff,20,1.0,,,,9.05,9.22,11.25,8.87,5.68,12.29
2025-12-17T02:09:48.801963,Recipe_B,ca4e2b3e-360b-4bf9-859c-5118db1a7fff,20,1.0,,,,10.65,12.02,11.58,9.09,9.62,8.9
2025-12-17T02:09:49.801963,Recipe_B,ca4e2b3e-360b-4bf9-859c-5118db1a7fff,20,1.0,,,,8.93,7.3,7.97,8.25,10.71,7.8
2025-12-17T02:09:50.801963,Recipe_B,ca4e2b3e-360b-4bf9-859c-5118db1a7fff,20,1.0,,,,7.85,11.19,8.64,9.09,14.23,12.73
2025-12-17T02:09:51.801963,Recipe_B,ca4e2b3e-360b-4bf9-859c-5118db1a7fff,20,1.0,,,,10.1,11.43,11.32,7.4,8.49,11.7
2025-12-17T02:09:52.801963,Recipe_B,ca4e2b3e-360b-4bf9-859c-5118db1a7fff,20,1.0,,,,8.26,7.32,9.08,10.78,10.68,10.51
2025-12-17T02:09:53.801963,Recipe_B,ca4e2b3e-360b-4bf9-859c-5118db1a7fff,20,1.0,,,,11.25,7.65,8.35,10.81,5.94,8.72
2025-12-17T02:09:54.801963,Recipe_B,ca4e2b3e-360b-4bf9-859c-5118db1a7fff,20,1.0,,,,10.06,9.45,13.88,9.78,9.33,8.61
2025-12-17T02:09:55.801963,Recipe_B,ca4e2b3e-360b-4bf9-859c-5118db1a7fff,20,1.0,,,,8.79,13.49,12.97,8.4,12.41,8.71
2025-12-17T02:09:56.801963,Recipe_B,ca4e2b3e-360b-4bf9-859c-5118db1a7fff,20,1.0,,,,10.57,9.86,9.95,13.41,8.11,6.8
2025-12-17T02:09:57.801963,Recipe_B,ca4e2b3e-360b-4bf9-859c-5118db1a7fff,20,1.0,,,,6.17,13.44,9.44,14.0,12.51,8.78
2025-12-17T02:09:58.801963,Recipe_B,ca4e2b3e-360b-4bf9-859c-5118db1a7fff,20,1.0,,,,9.09,10.36,10.36,11.44,10.15,12.03
2025-12-17T02:09:59.801963,Recipe_B,ca4e2b3e-360b-4bf9-859c-5118db1a7fff,20,1.0,,,,10.35,8.77,9.59,7.91,12.9,7.27
2025-12-17T02:10:00.801963,Recipe_B,ca4e2b3e-360b-4bf9-859c-5118db1a7fff,20,1.0,,,,7.49,13.16,9.96,11.06,12.02,5.55
2025-12-17T02:10:01.801963,Recipe_B,ca4e2b3e-360b-4bf9-859c-5118db1a7fff,20,1.0,,,,11.25,12.62,10.24,11.27,13.14,8.09
2025-12-17T02:10:02.801963,Recipe_B,ca4e2b3e-360b-4bf9-859c-5118db1a7fff,20,1.0,,,,9.56,8.67,9.59,8.78,7.03,7.81
2025-12-17T02:10:03.801963,Recipe_B,ca4e2b3e-360b-4bf9-859c-5118db1a7fff,20,1.0,,,,10.47,10.54,7.71,11.5,9.83,7.2
2025-12-17T02:10:04.801963,Recipe_B,ca4e2b3e-360b-4bf9-859c-5118db1a7fff,20,1.0,,,,8.81,10.84,12.07,11.7,10.66,10.11
2025-12-17T02:10:05.801963,Recipe_B,ca4e2b3e-360b-4bf9-859c-5118db1a7fff,20,1.0,,,,8.39,11.19,12.09,8.3,11.02,8.85
2025-12-17T02:10:06.801963,Recipe_B,ca4e2b3e-360b-4bf9-859c-5118db1a7fff,20,1.0,,,,13.09,6.31,9.52,10.17,11.55,10.83
2025-12-17T02:10:07.801963,Recipe_B,ca4e2b3e-360b-4bf9-859c-5118db1a7fff,20,1.0,,,,10.01,8.63,11.1,11.76,11.74,13.14
2025-12-17T02:10:08.801963,Recipe_B,ca4e2b3e-360b-4bf9-859c-5118db1a7fff,20,1.0,,,,10.47,8.27,9.17,6.43,12.9,10.61
2025-12-17T02:10:09.801963,Recipe_B,ca4e2b3e-360b-4bf9-859c-5118db1a7fff,20,1.0,,,,9.06,11.18,5.79,11.43,12.03,10.24
2025-12-17T02:10:10.801963,Recipe_B,ca4e2b3e-360b-4bf9-859c-5118db1a7fff,20,1.0,,,,7.71,9.87,7.82,12.58,9.09,10.86
2025-12-17T02:10:11.801963,Recipe_B,ca4e2b3e-360b-4bf9-859c-5118db1a7fff,20,1.0,,,,10.37,8.46,9.56,9.51,8.78,10.78
2025-12-17T02:10:12.801963,Recipe_B,ca4e2b3e-360b-4bf9-859c-5118db1a7fff,20,1.0,,,,10.01,10.29,6.19,8.09,7.11,8.53
2025-12-17T02:10:13.801963,Recipe_B,ca4e2b3e-360b-4bf9-859c-5118db1a7fff,20,1.0,,,,7.6,4.93,9.48,7.4,12.27,14.75
2025-12-17T02:10:14.801963,Recipe_B,ca4e2b3e-360b-4bf9-859c-5118db1a7fff,20,1.0,,,,8.66,6.96,10.14,7.67,14.62,10.89
2025-12-17T02:10:15.801963,Recipe_B,ca4e2b3e-360b-4bf9-859c-5118db1a7fff,20,1.0,,,,8.57,12.0,12.53,9.29,7.58,10.69
2025-12-17T02:10:16.801963,Recipe_B,ca4e2b3e-360b-4bf9-859c-5118db1a7fff,20,1.0,,,,10.75,9.17,10.69,10.03,11.73,12.01
2025-12-17T02:10:17.801963,Recipe_B,ca4e2b3e-360b-4bf9-859c-5118db1a7fff,20,1.0,,,,9.22,12.6,13.46,7.92,10.06,11.3
2025-12-17T02:10:18.801963,Recipe_B,ca4e2b3e-360b-4bf9-859c-5118db1a7fff,20,1.0,,,,12.39,12.04,9.39,10.02,11.07,8.13
2025-12-17T02:10:19.801963,Recipe_B,ca4e2b3e-360b-4bf9-859c-5118db1a7fff,20,1.0,,,,9.05,12.64,12.25,10.52,9.52,10.05
2025-12-17T02:10:20.801963,Recipe_B,ca4e2b3e-360b-4bf9-859c-5118db1a7fff,20,1.0,,,,11.48,8.68,7.02,8.3,6.49,12.81
2025-12-17T02:10:21.801963,Recipe_B,ca4e2b3e-360b-4bf9-859c-5118db1a7fff,20,1.0,,,,9.78,10.51,7.88,10.98,11.42,13.02
2025-12-17T02:10:22.801963,Recipe_B,ca4e2b3e-360b-4bf9-859c-5118db1a7fff,20,1.0,,,,12.62,9.33,11.38,11.36,9.71,7.97
2025-12-17T02:10:23.801963,Recipe_B,ca4e2b3e-360b-4bf9-859c-5118db1a7fff,20,1.0,,,,8.65,8.9,8.36,10.87,9.57,9.45
2025-12-17T02:10:24.801963,Recipe_B,ca4e2b3e-360b-4bf9-859c-5118db1a7fff,20,1.0,,,,8.55,7.11,12.78,11.92,11.38,7.06
2025-12-17T02:10:25.801963,Recipe_B,ca4e2b3e-360b-4bf9-859c-5118db1a7fff,20,1.0,,,,8.69,11.81,12.16,12.75,11.23,8.03
2025-12-17T02:10:26.801963,Recipe_B,ca4e2b3e-360b-4bf9-859c-5118db1a7fff,20,1.0,,,,9.21,11.62,9.87,8.96,6.67,10.12
2025-12-17T02:10:27.801963,Recipe_B,ca4e2b3e-360b-4bf9-859c-5118db1a7fff,20,1.0,,,,16.04,8.32,12.81,8.44,9.34,10.27
2025-12-17T02:10:28.801963,Recipe_B,ca4e2b3e-360b-4bf9-859c-5118db1a7fff,20,1.0,,,,7.17,10.73,7.24,10.38,8.52,8.8
2025-12-17T02:10:29.801963,Recipe_B,ca4e2b3e-360b-4bf9-859c-5118db1a7fff,20,1.0,,,,9.88,9.65,10.14,10.56,12.82,11.42
2025-12-17T02:10:30.801963,Recipe_B,ca4e2b3e-360b-4bf9-859c-5118db1a7fff,20,1.0,,,,12.75,11.69,13.17,9.12,11.01,11.52
2025-12-17T02:10:31.801963,Recipe_B,ca4e2b3e-360b-4bf9-859c-5118db1a7fff,20,1.0,,,,13.16,5.73,7.28,9.67,9.6,9.17
2025-12-17T02:10:32.801963,Recipe_B,ca4e2b3e-360b-4bf9-859c-5118db1a7fff,20,1.0,,,,8.16,10.91,12.31,10.17,10.08,11.04
2025-12-17T02:10:33.801963,Recipe_B,ca4e2b3e-360b-4bf9-859c-5118db1a7fff,20,1.0,,,,8.99,12.54,10.46,11.74,9.38,10.71
2025-12-17T02:10:34.801963,Recipe_B,ca4e2b3e-360b-4bf9-859c-5118db1a7fff,20,1.0,,,,6.52,13.11,9.69,13.8,9.63,9.03
2025-12-17T02:10:35.801963,Recipe_B,ca4e2b3e-360b-4bf9-859c-5118db1a7fff,20,1.0,,,,10.3,9.99,8.54,10.33,11.28,6.59
2025-12-17T02:10:36.801963,Recipe_B,ca4e2b3e-360b-4bf9-859c-5118db1a7fff,20,1.0,,,,9.72,8.44,12.78,14.19,13.31,12.14
2025-12-17T02:10:37.801963,Recipe_B,ca4e2b3e-360b-4bf9-859c-5118db1a7fff,20,1.0,,,,12.16,7.96,12.5,10.25,9.15,7.42
2025-12-17T02:10:38.801963,Recipe_B,ca4e2b3e-360b-4bf9-859c-5118db1a7fff,20,1.0,,,,12.18,10.15,12.76,8.17,12.14,11.12
2025-12-17T02:10:39.801963,Recipe_B,ca4e2b3e-360b-4bf9-859c-5118db1a7fff,20,1.0,,,,11.79,9.01,13.83,7.28,14.18,9.65
2025-12-17T02:10:40.801963,Recipe_B,ca4e2b3e-360b-4bf9-859c-5118db1a7fff,20,1.0,,,,13.46,11.39,10.62,11.54,7.75,10.48
2025-12-17T02:10:41.801963,Recipe_B,ca4e2b3e-360b-4bf9-859c-5118db1a7fff,20,1.0,,,,11.27,14.22,10.11,9.36,12.93,8.62
2025-12-17T02:10:42.801963,Recipe_B,ca4e2b3e-360b-4bf9-859c-5118db1a7fff,20,1.0,,,,8.92,11.45,5.93,5.78,11.27,12.08
2025-12-17T02:10:43.801963,Recipe_B,ca4e2b3e-360b-4bf9-859c-5118db1a7fff,20,1.0,,,,10.8,13.28,8.81,11.56,7.67,10.56
2025-12-17T02:10:44.801963,Recipe_B,ca4e2b3e-360b-4bf9-859c-5118db1a7fff,20,1.0,,,,12.6,8.85,12.01,12.78,10.84,9.71
2025-12-17T02:10:45.801963,Recipe_B,ca4e2b3e-360b-4bf9-859c-5118db1a7fff,20,1.0,,,,14.01,6.78,10.89,9.9,12.33,12.47
2025-12-17T02:10:46.801963,Recipe_B,ca4e2b3e-360b-4bf9-859c-5118db1a7fff,20,1.0,,,,8.96,10.27,11.85,7.25,8.94,7.55
2025-12-17T02:10:47.801963,Recipe_B,ca4e2b3e-360b-4bf9-859c-5118db1a7fff,20,1.0,,,,8.35,10.1,10.31,12.46,9.77,8.04
2025-12-17T02:10:48.801963,Recipe_B,ca4e2b3e-360b-4bf9-859c-5118db1a7fff,20,1.0,,,,9.34,13.17,10.16,12.35,9.4,6.99
2025-12-17T02:10:49.801963,Recipe_B,ca4e2b3e-360b-4bf9-859c-5118db1a7fff,20,1.0,,,,11.99,10.05,8.49,8.42,6.0,14.29
2025-12-17T02:10:50.801963,Recipe_B,ca4e2b3e-360b-4bf9-859c-5118db1a7fff,20,1.0,,,,9.67,13.8,7.36,11.1,11.08,9.48
2025-12-17T02:10:51.801963,Recipe_B,ca4e2b3e-360b-4bf9-859c-5118db1a7fff,20,1.0,,,,9.63,6.47,11.08,10.54,13.72,7.36
2025-12-17T02:10:52.801963,Recipe_B,ca4e2b3e-360b-4bf9-859c-5118db1a7fff,20,1.0,,,,9.28,10.43,12.67,13.02,14.38,14.33
2025-12-17T02:10:53.801963,Recipe_B,ca4e2b3e-360b-4bf9-859c-5118db1a7fff,20,1.0,,,,11.18,11.16,10.78,10.87,10.72,9.98
2025-12-17T02:10:54.801963,Recipe_B,ca4e2b3e-360b-4bf9-859c-5118db1a7fff,20,1.0,,,,7.12,9.96,8.01,9.58,11.21,8.4
2025-12-17T02:10:55.801963,Recipe_B,ca4e2b3e-360b-4bf9-859c-5118db1a7fff,20,1.0,,,,7.9,6.64,10.68,10.72,7.93,10.5
2025-12-17T02:10:56.801963,Recipe_B,ca4e2b3e-360b-4bf9-859c-5118db1a7fff,20,1.0,,,,10.34,11.08,9.05,6.98,7.47,7.31
2025-12-17T02:10:57.801963,Recipe_B,ca4e2b3e-360b-4bf9-859c-5118db1a7fff,20,1.0,,,,8.2,11.53,8.19,11.8,7.88,9.3
2025-12-17T02:10:58.801963,Recipe_B,ca4e2b3e-360b-4bf9-859c-5118db1a7fff,20,1.0,,,,6.8,9.4,13.36,12.72,7.8,10.03
2025-12-17T02:10:59.801963,Recipe_B,ca4e2b3e-360b-4bf9-859c-5118db1a7fff,20,1.0,,,,9.2,12.76,8.18,11.81,10.31,6.85
2025-12-17T02:11:00.801963,Recipe_B,ca4e2b3e-360b-4bf9-859c-5118db1a7fff,20,1.0,,,,9.72,11.28,8.51,8.19,7.15,7.99
2025-12-17T02:11:01.801963,Recipe_B,ca4e2b3e-360b-4bf9-859c-5118db1a7fff,20,1.0,,,,13.95,9.85,10.67,9.46,9.75,12.32
2025-12-17T02:11:02.801963,Recipe_B,ca4e2b3e-360b-4bf9-859c-5118db1a7fff,20,1.0,,,,10.16,12.31,11.17,7.38,9.45,8.33
2025-12-17T02:11:03.801963,Recipe_B,ca4e2b3e-360b-4bf9-859c-5118db1a7fff,20,1.0,,,,7.68,10.61,11.2,10.03,10.72,5.46
2025-12-17T02:11:04.801963,Recipe_B,ca4e2b3e-360b-4bf9-859c-5118db1a7fff,20,1.0,,,,10.82,10.47,8.46,7.34,9.84,7.86
2025-12-17T02:11:05.801963,Recipe_B,ca4e2b3e-360b-4bf9-859c-5118db1a7fff,20,1.0,,,,10.18,9.52,10.95,9.46,7.04,9.19
2025-12-17T02:11:06.801963,Recipe_B,ca4e2b3e-360b-4bf9-859c-5118db1a7fff,20,1.0,,,,12.4,7.93,7.47,11.82,9.16,9.91
2025-12-17T02:11:07.801963,Recipe_B,ca4e2b3e-360b-4bf9-859c-5118db1a7fff,20,1.0,,,,9.77,11.06,9.15,11.1,9.06,11.73
2025-12-17T02:11:08.801963,Recipe_B,ca4e2b3e-360b-4bf9-859c-5118db1a7fff,20,1.0,,,,10.19,10.59,8.16,10.32,8.6,9.33
2025-12-17T02:11:09.801963,Recipe_B,ca4e2b3e-360b-4bf9-859c-5118db1a7fff,20,1.0,,,,8.53,10.28,12.45,8.36,10.49,11.76
2025-12-17T02:11:10.801963,Recipe_B,ca4e2b3e-360b-4bf9-859c-5118db1a7fff,20,1.0,,,,11.84,10.86,6.7,9.31,10.9,13.74
2025-12-17T02:11:11.801963,Recipe_B,ca4e2b3e-360b-4bf9-859c-5118db1a7fff,20,1.0,,,,13.28,9.39,9.31,9.13,11.21,11.69
2025-12-17T02:11:12.801963,Recipe_B,ca4e2b3e-360b-4bf9-859c-5118db1a7fff,20,1.0,,,,11.06,8.49,6.83,8.95,7.09,9.41
2025-12-17T02:11:13.801963,Recipe_B,ca4e2b3e-360b-4bf9-859c-5118db1a7fff,20,4.0,,,,89.02,46.64,49.01,49.66,47.47,47.76
2025-12-17T02:11:14.801963,Recipe_B,ca4e2b3e-360b-4bf9-859c-5118db1a7fff,20,4.0,,,,101.22,41.6,49.77,50.9,48.67,47.84
2025-12-17T02:11:15.801963,Recipe_B,ca4e2b3e-360b-4bf9-859c-5118db1a7fff,20,2.0,,,,11.05,12.8,10.93,9.05,7.39,13.64
2025-12-17T02:11:16.801963,Recipe_B,ca4e2b3e-360b-4bf9-859c-5118db1a7fff,20,2.0,,,,13.94,11.0,12.18,13.77,11.61,9.79
2025-12-17T02:11:17.801963,Recipe_B,ca4e2b3e-360b-4bf9-859c-5118db1a7fff,20,2.0,,,,10.36,6.08,5.74,10.0,12.41,8.77
2025-12-17T02:11:18.801963,Recipe_B,ca4e2b3e-360b-4bf9-859c-5118db1a7fff,20,2.0,,,,8.46,8.95,11.42,8.25,13.33,7.35
2025-12-17T02:11:19.801963,Recipe_B,ca4e2b3e-360b-4bf9-859c-5118db1a7fff,20,2.0,,,,6.63,11.28,9.99,11.1,7.2,11.79
2025-12-17T02:11:20.801963,Recipe_B,ca4e2b3e-360b-4bf9-859c-5118db1a7fff,20,2.0,,,,9.01,13.45,10.6,9.06,9.12,11.21
2025-12-17T02:11:21.801963,Recipe_B,ca4e2b3e-360b-4bf9-859c-5118db1a7fff,20,2.0,,,,11.26,6.57,11.27,8.2,7.99,13.95
2025-12-17T02:11:22.801963,Recipe_B,ca4e2b3e-360b-4bf9-859c-5118db1a7fff,20,2.0,,,,8.79,13.75,11.26,11.06,11.02,11.41
2025-12-17T02:11:22.801963,Recipe_B,ca4e2b3e-360b-4bf9-859c-5118db1a7fff,20,2.0,Warning_2,Simulated Warning occurred,Warning,,,,,,
2025-12-17T02:11:23.801963,Recipe_B,ca4e2b3e-360b-4bf9-859c-5118db1a7fff,20,2.0,,,,12.94,9.61,6.01,11.44,12.26,8.17
2025-12-17T02:11:24.801963,Recipe_B,ca4e2b3e-360b-4bf9-859c-5118db1a7fff,20,2.0,,,,7.47,10.3,8.71,10.31,10.43,8.4
2025-12-17T02:11:25.801963,Recipe_B,ca4e2b3e-360b-4bf9-859c-5118db1a7fff,20,2.0,,,,9.25,7.69,10.7,9.63,12.25,9.99
2025-12-17T02:11:26.801963,Recipe_B,ca4e2b3e-360b-4bf9-859c-5118db1a7fff,20,4.0,,,,107.88,41.66,58.14,51.86,54.29,49.77
2025-12-17T02:11:27.801963,Recipe_B,ca4e2b3e-360b-4bf9-859c-5118db1a7fff,20,4.0,,,,99.96,57.3,46.77,53.57,44.5,53.69
2025-12-17T02:11:28.801963,Recipe_B,ca4e2b3e-360b-4bf9-859c-5118db1a7fff,20,4.0,,,,103.25,47.79,58.36,44.5,55.65,54.14
2025-12-17T02:11:29.801963,Recipe_B,ca4e2b3e-360b-4bf9-859c-5118db1a7fff,20,4.0,,,,106.81,54.93,48.79,48.37,51.77,47.15
2025-12-17T02:11:30.801963,Recipe_B,ca4e2b3e-360b-4bf9-859c-5118db1a7fff,20,4.0,,,,104.62,45.39,47.3,49.2,55.43,53.22
2025-12-17T02:11:31.801963,Recipe_B,ca4e2b3e-360b-4bf9-859c-5118db1a7fff,20,4.0,,,,99.37,53.77,60.6,46.05,49.37,53.99
2025-12-17T02:11:32.801963,Recipe_B,ca4e2b3e-360b-4bf9-859c-5118db1a7fff,20,4.0,,,,99.53,52.5,50.65,51.6,59.19,56.43
2025-12-17T02:11:33.801963,Recipe_B,ca4e2b3e-360b-4bf9-859c-5118db1a7fff,20,4.0,,,,92.57,58.78,47.76,44.25,43.27,45.89
2025-12-17T02:11:34.801963,Recipe_B,ca4e2b3e-360b-4bf9-859c-5118db1a7fff,20,4.0,,,,101.99,51.85,42.45,48.28,37.82,45.47
2025-12-17T02:11:35.801963,Recipe_B,ca4e2b3e-360b-4bf9-859c-5118db1a7fff,20,4.0,,,,109.36,50.53,54.05,56.88,53.0,34.6
2025-12-17T02:11:36.801963,Recipe_B,ca4e2b3e-360b-4bf9-859c-5118db1a7fff,20,4.0,,,,103.81,47.47,47.52,55.05,53.82,46.81
2025-12-17T02:11:37.801963,Recipe_B,ca4e2b3e-360b-4bf9-859c-5118db1a7fff,20,4.0,,,,93.97,48.28,47.02,48.73,43.34,52.13
2025-12-17T02:11:38.801963,Recipe_B,ca4e2b3e-360b-4bf9-859c-5118db1a7fff,20,3.0,,,,9.69,9.35,10.85,9.46,8.77,8.45
2025-12-17T02:11:39.801963,Recipe_B,ca4e2b3e-360b-4bf9-859c-5118db1a7fff,20,3.0,,,,8.39,8.15,11.05,11.16,11.96,11.93
2025-12-17T02:11:40.801963,Recipe_B,ca4e2b3e-360b-4bf9-859c-5118db1a7fff,20,3.0,,,,9.77,8.44,12.54,12.64,7.97,9.3
2025-12-17T02:11:41.801963,Recipe_B,ca4e2b3e-360b-4bf9-859c-5118db1a7fff,20,2.0,,,,9.19,13.08,10.62,9.56,6.33,8.7
2025-12-17T02:11:42.801963,Recipe_B,ca4e2b3e-360b-4bf9-859c-5118db1a7fff,20,2.0,,,,12.31,9.31,11.08,8.01,8.93,10.15
2025-12-17T02:11:43.801963,Recipe_B,ca4e2b3e-360b-4bf9-859c-5118db1a7fff,20,2.0,,,,8.27,8.27,6.86,9.22,11.6,10.76
2025-12-17T02:11:44.801963,Recipe_B,ca4e2b3e-360b-4bf9-859c-5118db1a7fff,20,2.0,,,,9.33,11.96,11.76,12.84,10.3,12.49
2025-12-17T02:11:45.801963,Recipe_B,ca4e2b3e-360b-4bf9-859c-5118db1a7fff,20,2.0,,,,10.04,12.06,10.15,9.84,11.8,13.25
2025-12-17T02:11:46.801963,Recipe_B,ca4e2b3e-360b-4bf9-859c-5118db1a7fff,20,2.0,,,,9.38,9.99,10.48,8.59,7.3,12.61
2025-12-17T02:11:47.801963,Recipe_B,ca4e2b3e-360b-4bf9-859c-5118db1a7fff,20,2.0,,,,7.87,9.66,9.61,9.68,9.99,13.26
2025-12-17T02:11:48.801963,Recipe_B,ca4e2b3e-360b-4bf9-859c-5118db1a7fff,20,2.0,,,,7.79,7.8,10.96,10.92,8.76,10.16
2025-12-17T02:11:49.801963,Recipe_B,ca4e2b3e-360b-4bf9-859c-5118db1a7fff,20,2.0,,,,14.73,7.84,10.25,8.19,9.02,14.7
2025-12-17T02:11:50.801963,Recipe_B,ca4e2b3e-360b-4bf9-859c-5118db1a7fff,20,2.0,,,,6.05,12.95,8.3,8.77,11.64,12.67
2025-12-17T02:11:51.801963,Recipe_B,ca4e2b3e-360b-4bf9-859c-5118db1a7fff,20,2.0,,,,12.2,10.59,6.82,9.97,10.59,9.8
2025-12-17T02:11:52.801963,Recipe_B,ca4e2b3e-360b-4bf9-859c-5118db1a7fff,20,2.0,,,,8.07,13.51,11.93,13.5,6.28,8.01
2025-12-17T02:11:53.801963,Recipe_B,ca4e2b3e-360b-4bf9-859c-5118db1a7fff,20,2.0,,,,9.74,11.02,7.33,11.56,12.83,9.32
2025-12-17T02:11:54.801963,Recipe_B,ca4e2b3e-360b-4bf9-859c-5118db1a7fff,20,2.0,,,,10.03,12.0,11.15,9.88,9.52,13.11
2025-12-17T02:11:55.801963,Recipe_B,ca4e2b3e-360b-4bf9-859c-5118db1a7fff,20,2.0,,,,9.41,11.81,12.66,8.25,7.03,9.68
2025-12-17T02:11:56.801963,Recipe_B,ca4e2b3e-360b-4bf9-859c-5118db1a7fff,20,2.0,,,,9.02,8.85,9.97,11.51,11.17,5.93
2025-12-17T02:11:57.801963,Recipe_B,ca4e2b3e-360b-4bf9-859c-5118db1a7fff,20,2.0,,,,11.02,7.26,5.95,7.75,8.95,12.28
2025-12-17T02:11:58.801963,Recipe_B,ca4e2b3e-360b-4bf9-859c-5118db1a7fff,20,2.0,,,,6.36,9.02,9.63,9.21,11.6,8.85
2025-12-17T02:11:59.801963,Recipe_B,ca4e2b3e-360b-4bf9-859c-5118db1a7fff,20,2.0,,,,13.31,11.62,11.62,9.01,8.73,9.59
2025-12-17T02:12:00.801963,Recipe_B,ca4e2b3e-360b-4bf9-859c-5118db1a7fff,20,2.0,,,,9.09,10.85,9.55,11.08,9.51,10.38
2025-12-17T02:12:01.801963,Recipe_B,ca4e2b3e-360b-4bf9-859c-5118db1a7fff,20,2.0,,,,9.06,10.92,8.39,13.89,12.45,12.98
2025-12-17T02:12:02.801963,Recipe_B,ca4e2b3e-360b-4bf9-859c-5118db1a7fff,20,3.0,,,,8.82,5.08,11.37,8.72,10.57,12.35
2025-12-17T02:12:03.801963,Recipe_B,ca4e2b3e-360b-4bf9-859c-5118db1a7fff,20,3.0,,,,8.45,11.68,9.91,13.63,8.65,11.66
2025-12-17T02:12:04.801963,Recipe_B,ca4e2b3e-360b-4bf9-859c-5118db1a7fff,20,3.0,,,,9.86,6.09,10.71,9.13,8.61,11.33
2025-12-17T02:12:05.801963,Recipe_B,ca4e2b3e-360b-4bf9-859c-5118db1a7fff,20,3.0,,,,11.85,13.74,6.85,10.21,11.2,12.67
2025-12-17T02:12:06.801963,Recipe_B,ca4e2b3e-360b-4bf9-859c-5118db1a7fff,20,3.0,,,,13.9,9.94,12.11,9.98,9.65,4.76
2025-12-17T02:12:07.801963,Recipe_B,ca4e2b3e-360b-4bf9-859c-5118db1a7fff,20,3.0,,,,8.6,10.45,9.76,6.18,11.34,11.44
2025-12-17T02:12:08.801963,Recipe_B,ca4e2b3e-360b-4bf9-859c-5118db1a7fff,20,3.0,,,,12.46,10.6,7.13,12.28,8.54,9.47
2025-12-17T02:12:09.801963,Recipe_B,ca4e2b3e-360b-4bf9-859c-5118db1a7fff,20,0.0,,,,0.0,0.0,0.0,0.0,0.0,0.0
2025-12-17T02:12:10.801963,Recipe_B,ca4e2b3e-360b-4bf9-859c-5118db1a7fff,20,0.0,,,,0.0,0.0,0.0,0.0,0.0,0.0
2025-12-17T02:12:11.801963,Recipe_B,ca4e2b3e-360b-4bf9-859c-5118db1a7fff,20,0.0,,,,0.0,0.0,0.0,0.0,0.0,0.0
2025-12-17T02:12:12.801963,Recipe_B,ca4e2b3e-360b-4bf9-859c-5118db1a7fff,20,0.0,,,,0.0,0.0,0.0,0.0,0.0,0.0
2025-12-17T02:12:13.801963,Recipe_B,ca4e2b3e-360b-4bf9-859c-5118db1a7fff,20,0.0,,,,0.0,0.0,0.0,0.0,0.0,0.0
2025-12-17T02:12:14.801963,Recipe_B,ca4e2b3e-360b-4bf9-859c-5118db1a7fff,20,0.0,,,,0.0,0.0,0.0,0.0,0.0,0.0
2025-12-17T02:12:15.801963,Recipe_B,ca4e2b3e-360b-4bf9-859c-5118db1a7fff,20,0.0,,,,0.0,0.0,0.0,0.0,0.0,0.0
2025-12-17T02:12:16.801963,Recipe_B,ca4e2b3e-360b-4bf9-859c-5118db1a7fff,20,0.0,,,,0.0,0.0,0.0,0.0,0.0,0.0
2025-12-17T02:12:17.801963,Recipe_B,ca4e2b3e-360b-4bf9-859c-5118db1a7fff,20,0.0,,,,0.0,0.0,0.0,0.0,0.0,0.0
2025-12-17T02:12:18.801963,Recipe_B,ca4e2b3e-360b-4bf9-859c-5118db1a7fff,20,0.0,,,,0.0,0.0,0.0,0.0,0.0,0.0
2025-12-17T02:12:19.801963,Recipe_B,ca4e2b3e-360b-4bf9-859c-5118db1a7fff,20,0.0,,,,0.0,0.0,0.0,0.0,0.0,0.0
2025-12-17T02:12:20.801963,Recipe_B,ca4e2b3e-360b-4bf9-859c-5118db1a7fff,20,0.0,,,,0.0,0.0,0.0,0.0,0.0,0.0
2025-12-17T02:12:21.801963,Recipe_B,ca4e2b3e-360b-4bf9-859c-5118db1a7fff,20,0.0,,,,0.0,0.0,0.0,0.0,0.0,0.0
2025-12-17T02:12:22.801963,Recipe_B,ca4e2b3e-360b-4bf9-859c-5118db1a7fff,20,3.0,,,,9.88,8.44,13.26,4.01,13.13,11.1
2025-12-17T02:12:23.801963,Recipe_B,ca4e2b3e-360b-4bf9-859c-5118db1a7fff,20,3.0,,,,11.43,13.49,9.11,11.66,10.05,11.45
2025-12-17T02:12:24.801963,Recipe_B,ca4e2b3e-360b-4bf9-859c-5118db1a7fff,20,3.0,,,,11.28,8.69,9.31,6.03,11.73,8.99
2025-12-17T02:12:25.801963,Recipe_B,ca4e2b3e-360b-4bf9-859c-5118db1a7fff,20,3.0,,,,7.82,9.66,10.65,7.8,11.09,11.1
2025-12-17T02:12:26.801963,Recipe_B,ca4e2b3e-360b-4bf9-859c-5118db1a7fff,20,3.0,,,,12.54,6.76,10.58,7.71,8.65,12.04
2025-12-17T02:12:27.801963,Recipe_B,ca4e2b3e-360b-4bf9-859c-5118db1a7fff,20,3.0,,,,9.8,10.54,14.39,9.52,7.77,6.61
2025-12-17T02:12:28.801963,Recipe_B,ca4e2b3e-360b-4bf9-859c-5118db1a7fff,20,3.0,,,,10.7,10.25,11.85,9.44,10.43,10.51
2025-12-17T02:12:28.801963,Recipe_B,ca4e2b3e-360b-4bf9-859c-5118db1a7fff,20,3.0,Warning_7,Simulated Warning occurred,Warning,,,,,,
2025-12-17T02:12:29.801963,Recipe_B,ca4e2b3e-360b-4bf9-859c-5118db1a7fff,20,3.0,,,,9.69,9.79,8.48,10.12,9.98,9.69
2025-12-17T02:12:30.801963,Recipe_B,ca4e2b3e-360b-4bf9-859c-5118db1a7fff,20,3.0,,,,9.97,10.09,9.91,12.55,9.08,9.55
2025-12-17T02:12:31.801963,Recipe_B,ca4e2b3e-360b-4bf9-859c-5118db1a7fff,20,3.0,,,,9.8,10.54,11.62,7.58,13.0,10.42
2025-12-17T02:12:32.801963,Recipe_B,ca4e2b3e-360b-4bf9-859c-5118db1a7fff,20,4.0,,,,102.66,48.62,43.84,48.95,42.7,60.44
2025-12-17T02:12:33.801963,Recipe_B,ca4e2b3e-360b-4bf9-859c-5118db1a7fff,20,4.0,,,,104.16,48.33,48.71,48.57,55.19,49.52
2025-12-17T02:12:34.801963,Recipe_B,ca4e2b3e-360b-4bf9-859c-5118db1a7fff,20,4.0,,,,101.16,43.31,49.54,44.07,45.04,47.08
2025-12-17T02:12:35.801963,Recipe_B,ca4e2b3e-360b-4bf9-859c-5118db1a7fff,20,4.0,,,,94.32,53.24,46.77,42.82,67.17,54.71
2025-12-17T02:12:36.801963,Recipe_B,ca4e2b3e-360b-4bf9-859c-5118db1a7fff,20,4.0,,,,95.59,52.07,58.55,53.65,47.73,52.38
2025-12-17T02:12:37.801963,Recipe_B,ca4e2b3e-360b-4bf9-859c-5118db1a7fff,20,4.0,,,,104.14,40.96,47.04,51.66,49.29,45.13
2025-12-17T02:12:38.801963,Recipe_B,ca4e2b3e-360b-4bf9-859c-5118db1a7fff,20,4.0,,,,102.52,48.28,51.39,45.19,58.37,47.9
2025-12-17T02:12:39.801963,Recipe_B,ca4e2b3e-360b-4bf9-859c-5118db1a7fff,20,4.0,,,,97.09,47.91,48.83,52.51,48.95,53.63
2025-12-17T02:12:40.801963,Recipe_B,ca4e2b3e-360b-4bf9-859c-5118db1a7fff,20,4.0,,,,91.96,41.77,52.75,54.33,49.61,41.61
2025-12-17T02:12:41.801963,Recipe_B,ca4e2b3e-360b-4bf9-859c-5118db1a7fff,20,4.0,,,,102.24,53.74,46.03,50.37,54.23,49.97
2025-12-17T02:12:42.801963,Recipe_B,ca4e2b3e-360b-4bf9-859c-5118db1a7fff,20,4.0,,,,99.91,55.03,54.03,46.82,50.52,51.68
2025-12-17T02:12:43.801963,Recipe_B,ca4e2b3e-360b-4bf9-859c-5118db1a7fff,20,4.0,,,,101.67,60.78,54.49,53.88,50.76,47.42
2025-12-17T02:12:44.801963,Recipe_B,ca4e2b3e-360b-4bf9-859c-5118db1a7fff,20,4.0,,,,99.35,50.92,53.9,41.95,56.31,58.14
2025-12-17T02:12:45.801963,Recipe_B,ca4e2b3e-360b-4bf9-859c-5118db1a7fff,20,4.0,,,,102.27,50.55,51.79,53.32,44.7,55.48
2025-12-17T02:12:46.801963,Recipe_B,ca4e2b3e-360b-4bf9-859c-5118db1a7fff,20,0.0,,,,0.0,0.0,0.0,0.0,0.0,0.0
2025-12-17T02:12:47.801963,Recipe_B,ca4e2b3e-360b-4bf9-859c-5118db1a7fff,20,0.0,,,,0.0,0.0,0.0,0.0,0.0,0.0
2025-12-17T02:12:48.801963,Recipe_B,ca4e2b3e-360b-4bf9-859c-5118db1a7fff,20,0.0,,,,0.0,0.0,0.0,0.0,0.0,0.0
2025-12-17T02:12:49.801963,Recipe_B,ca4e2b3e-360b-4bf9-859c-5118db1a7fff,20,0.0,,,,0.0,0.0,0.0,0.0,0.0,0.0
2025-12-17T02:12:50.801963,Recipe_B,ca4e2b3e-360b-4bf9-859c-5118db1a7fff,20,0.0,,,,0.0,0.0,0.0,0.0,0.0,0.0
2025-12-17T02:12:51.801963,Recipe_B,ca4e2b3e-360b-4bf9-859c-5118db1a7fff,20,0.0,,,,0.0,0.0,0.0,0.0,0.0,0.0
2025-12-17T02:12:52.801963,Recipe_B,ca4e2b3e-360b-4bf9-859c-5118db1a7fff,20,3.0,,,,7.03,11.12,14.84,7.61,12.12,8.72
2025-12-17T02:12:53.801963,Recipe_B,ca4e2b3e-360b-4bf9-859c-5118db1a7fff,20,3.0,,,,14.98,11.92,8.28,9.96,10.42,9.16
2025-12-17T02:12:54.801963,Recipe_B,ca4e2b3e-360b-4bf9-859c-5118db1a7fff,20,3.0,,,,8.44,13.69,9.34,6.14,12.25,12.54
2025-12-17T02:12:55.801963,Recipe_B,ca4e2b3e-360b-4bf9-859c-5118db1a7fff,20,3.0,,,,8.59,10.85,6.55,9.03,7.4,8.91
2025-12-17T02:12:56.801963,Recipe_B,ca4e2b3e-360b-4bf9-859c-5118db1a7fff,20,3.0,,,,13.57,7.66,5.82,11.94,9.32,10.8
2025-12-17T02:12:57.801963,Recipe_B,ca4e2b3e-360b-4bf9-859c-5118db1a7fff,20,3.0,,,,9.76,12.22,8.25,7.53,13.58,14.32
2025-12-17T02:12:58.801963,Recipe_B,ca4e2b3e-360b-4bf9-859c-5118db1a7fff,20,3.0,,,,10.73,9.91,10.97,11.44,8.44,11.5
2025-12-17T02:12:59.801963,Recipe_B,ca4e2b3e-360b-4bf9-859c-5118db1a7fff,20,3.0,,,,11.02,10.43,10.77,8.71,13.15,12.32
2025-12-17T02:13:00.801963,Recipe_B,ca4e2b3e-360b-4bf9-859c-5118db1a7fff,20,3.0,,,,8.23,10.24,10.99,7.81,10.97,9.89
2025-12-17T02:13:01.801963,Recipe_B,ca4e2b3e-360b-4bf9-859c-5118db1a7fff,20,3.0,,,,10.22,10.64,8.68,8.08,7.4,9.84
2025-12-17T02:13:02.801963,Recipe_B,ca4e2b3e-360b-4bf9-859c-5118db1a7fff,20,3.0,,,,9.27,7.99,8.34,11.85,10.36,10.43
2025-12-17T02:13:03.801963,Recipe_B,ca4e2b3e-360b-4bf9-859c-5118db1a7fff,20,3.0,,,,9.2,13.21,9.31,9.33,5.92,13.22
2025-12-17T02:13:04.801963,Recipe_B,ca4e2b3e-360b-4bf9-859c-5118db1a7fff,20,2.0,,,,8.74,10.44,9.3,11.04,10.89,10.41
2025-12-17T02:13:05.801963,Recipe_B,ca4e2b3e-360b-4bf9-859c-5118db1a7fff,20,2.0,,,,11.31,7.78,8.07,10.45,10.06,8.03
2025-12-17T02:13:06.801963,Recipe_B,ca4e2b3e-360b-4bf9-859c-5118db1a7fff,20,2.0,,,,8.6,7.2,10.31,8.15,13.17,11.69
2025-12-17T02:13:07.801963,Recipe_B,ca4e2b3e-360b-4bf9-859c-5118db1a7fff,20,2.0,,,,11.56,14.84,8.37,12.38,8.76,10.77
2025-12-17T02:13:08.801963,Recipe_B,ca4e2b3e-360b-4bf9-859c-5118db1a7fff,20,2.0,,,,10.46,9.73,5.67,9.38,8.11,9.67
2025-12-17T02:13:09.801963,Recipe_B,ca4e2b3e-360b-4bf9-859c-5118db1a7fff,20,2.0,,,,11.62,11.94,10.69,10.21,10.45,8.91
2025-12-17T02:13:10.801963,Recipe_B,ca4e2b3e-360b-4bf9-859c-5118db1a7fff,20,2.0,,,,12.77,7.07,10.95,8.43,8.31,9.72
2025-12-17T02:13:11.801963,Recipe_B,ca4e2b3e-360b-4bf9-859c-5118db1a7fff,20,2.0,,,,12.55,16.45,6.12,10.68,9.27,10.39
2025-12-17T02:13:12.801963,Recipe_B,ca4e2b3e-360b-4bf9-859c-5118db1a7fff,20,2.0,,,,10.31,8.95,10.4,11.62,11.11,8.74
2025-12-17T02:13:13.801963,Recipe_B,ca4e2b3e-360b-4bf9-859c-5118db1a7fff,20,2.0,,,,7.97,7.17,10.91,11.71,8.68,9.75
2025-12-17T02:13:14.801963,Recipe_B,ca4e2b3e-360b-4bf9-859c-5118db1a7fff,20,2.0,,,,12.6,9.95,9.92,6.8,10.04,11.62
2025-12-17T02:13:15.801963,Recipe_B,ca4e2b3e-360b-4bf9-859c-5118db1a7fff,20,2.0,,,,11.71,13.92,14.63,6.61,10.36,9.86
2025-12-17T02:13:16.801963,Recipe_B,ca4e2b3e-360b-4bf9-859c-5118db1a7fff,20,2.0,,,,8.64,8.71,11.25,6.91,7.62,8.42
2025-12-17T02:13:17.801963,Recipe_B,ca4e2b3e-360b-4bf9-859c-5118db1a7fff,20,2.0,,,,9.35,9.6,6.68,13.18,9.78,4.65
2025-12-17T02:13:18.801963,Recipe_B,ca4e2b3e-360b-4bf9-859c-5118db1a7fff,20,2.0,,,,7.55,12.0,9.34,10.52,11.48,10.28
2025-12-17T02:13:19.801963,Recipe_B,ca4e2b3e-360b-4bf9-859c-5118db1a7fff,20,2.0,,,,9.71,7.46,8.03,9.8,12.33,8.51
2025-12-17T02:13:20.801963,Recipe_B,ca4e2b3e-360b-4bf9-859c-5118db1a7fff,20,2.0,,,,13.94,9.92,10.35,11.32,11.16,7.72
2025-12-17T02:13:21.801963,Recipe_B,ca4e2b3e-360b-4bf9-859c-5118db1a7fff,20,3.0,,,,12.42,11.38,7.23,10.09,7.75,11.66
2025-12-17T02:13:22.801963,Recipe_B,ca4e2b3e-360b-4bf9-859c-5118db1a7fff,20,3.0,,,,9.99,10.9,14.46,11.99,11.16,4.1
2025-12-17T02:13:23.801963,Recipe_B,ca4e2b3e-360b-4bf9-859c-5118db1a7fff,20,3.0,,,,9.64,7.56,9.63,10.0,6.81,12.33
2025-12-17T02:13:24.801963,Recipe_B,ca4e2b3e-360b-4bf9-859c-5118db1a7fff,20,3.0,,,,9.84,9.36,11.07,10.55,9.36,10.24
2025-12-17T02:13:25.801963,Recipe_B,ca4e2b3e-360b-4bf9-859c-5118db1a7fff,20,3.0,,,,11.84,8.95,8.94,7.5,10.69,10.22
2025-12-17T02:13:26.801963,Recipe_B,ca4e2b3e-360b-4bf9-859c-5118db1a7fff,20,3.0,,,,11.93,7.42,12.11,11.33,9.36,7.61
2025-12-17T02:13:27.801963,Recipe_B,ca4e2b3e-360b-4bf9-859c-5118db1a7fff,20,3.0,,,,9.01,10.05,8.52,8.88,12.14,10.52
2025-12-17T02:13:28.801963,Recipe_B,ca4e2b3e-360b-4bf9-859c-5118db1a7fff,20,3.0,,,,8.84,10.95,9.03,6.83,12.05,9.84
2025-12-17T02:13:28.801963,Recipe_B,ca4e2b3e-360b-4bf9-859c-5118db1a7fff,20,3.0,Error_5,Simulated Error occurred,Error,,,,,,
2025-12-17T02:13:29.801963,Recipe_B,ca4e2b3e-360b-4bf9-859c-5118db1a7fff,20,3.0,,,,12.09,10.21,7.64,10.15,14.09,8.79
2025-12-17T02:13:30.801963,Recipe_B,ca4e2b3e-360b-4bf9-859c-5118db1a7fff,20,0.0,,,,0.0,0.0,0.0,0.0,0.0,0.0
2025-12-17T02:13:31.801963,Recipe_B,ca4e2b3e-360b-4bf9-859c-5118db1a7fff,20,0.0,,,,0.0,0.0,0.0,0.0,0.0,0.0
2025-12-17T02:13:32.801963,Recipe_B,ca4e2b3e-360b-4bf9-859c-5118db1a7fff,20,0.0,,,,0.0,0.0,0.0,0.0,0.0,0.0
2025-12-17T02:13:33.801963,Recipe_B,ca4e2b3e-360b-4bf9-859c-5118db1a7fff,20,0.0,,,,0.0,0.0,0.0,0.0,0.0,0.0
2025-12-17T02:13:34.801963,Recipe_B,ca4e2b3e-360b-4bf9-859c-5118db1a7fff,20,0.0,,,,0.0,0.0,0.0,0.0,0.0,0.0
2025-12-17T02:13:35.801963,Recipe_B,ca4e2b3e-360b-4bf9-859c-5118db1a7fff,20,0.0,,,,0.0,0.0,0.0,0.0,0.0,0.0
2025-12-17T02:13:36.801963,Recipe_B,ca4e2b3e-360b-4bf9-859c-5118db1a7fff,20,0.0,,,,0.0,0.0,0.0,0.0,0.0,0.0
2025-12-17T02:13:37.801963,Recipe_B,ca4e2b3e-360b-4bf9-859c-5118db1a7fff,20,0.0,,,,0.0,0.0,0.0,0.0,0.0,0.0
2025-12-17T02:13:38.801963,Recipe_B,ca4e2b3e-360b-4bf9-859c-5118db1a7fff,20,0.0,,,,0.0,0.0,0.0,0.0,0.0,0.0
2025-12-17T02:13:39.801963,Recipe_B,ca4e2b3e-360b-4bf9-859c-5118db1a7fff,20,0.0,,,,0.0,0.0,0.0,0.0,0.0,0.0
2025-12-17T02:13:40.801963,Recipe_B,ca4e2b3e-360b-4bf9-859c-5118db1a7fff,20,0.0,,,,0.0,0.0,0.0,0.0,0.0,0.0
2025-12-17T02:13:41.801963,Recipe_B,ca4e2b3e-360b-4bf9-859c-5118db1a7fff,20,0.0,,,,0.0,0.0,0.0,0.0,0.0,0.0
2025-12-17T02:13:42.801963,Recipe_B,ca4e2b3e-360b-4bf9-859c-5118db1a7fff,20,0.0,,,,0.0,0.0,0.0,0.0,0.0,0.0
2025-12-17T02:13:43.801963,Recipe_B,ca4e2b3e-360b-4bf9-859c-5118db1a7fff,20,0.0,,,,0.0,0.0,0.0,0.0,0.0,0.0
2025-12-17T02:13:44.801963,Recipe_B,ca4e2b3e-360b-4bf9-859c-5118db1a7fff,20,0.0,,,,0.0,0.0,0.0,0.0,0.0,0.0
2025-12-17T02:13:45.801963,Recipe_B,ca4e2b3e-360b-4bf9-859c-5118db1a7fff,20,0.0,,,,0.0,0.0,0.0,0.0,0.0,0.0
2025-12-17T02:13:46.801963,Recipe_B,ca4e2b3e-360b-4bf9-859c-5118db1a7fff,20,0.0,,,,0.0,0.0,0.0,0.0,0.0,0.0
2025-12-17T02:13:47.801963,Recipe_B,ca4e2b3e-360b-4bf9-859c-5118db1a7fff,20,0.0,,,,0.0,0.0,0.0,0.0,0.0,0.0
2025-12-17T02:13:48.801963,Recipe_B,ca4e2b3e-360b-4bf9-859c-5118db1a7fff,20,0.0,,,,0.0,0.0,0.0,0.0,0.0,0.0
2025-12-17T02:13:49.801963,Recipe_B,ca4e2b3e-360b-4bf9-859c-5118db1a7fff,20,0.0,,,,0.0,0.0,0.0,0.0,0.0,0.0
2025-12-17T02:13:50.801963,Recipe_B,ca4e2b3e-360b-4bf9-859c-5118db1a7fff,20,0.0,,,,0.0,0.0,0.0,0.0,0.0,0.0
2025-12-17T02:13:51.801963,Recipe_B,ca4e2b3e-360b-4bf9-859c-5118db1a7fff,20,0.0,,,,0.0,0.0,0.0,0.0,0.0,0.0
2025-12-17T02:13:52.801963,Recipe_B,ca4e2b3e-360b-4bf9-859c-5118db1a7fff,20,0.0,,,,0.0,0.0,0.0,0.0,0.0,0.0
2025-12-17T02:13:53.801963,Recipe_B,ca4e2b3e-360b-4bf9-859c-5118db1a7fff,20,0.0,,,,0.0,0.0,0.0,0.0,0.0,0.0
2025-12-17T02:13:54.801963,Recipe_B,ca4e2b3e-360b-4bf9-859c-5118db1a7fff,20,0.0,,,,0.0,0.0,0.0,0.0,0.0,0.0
2025-12-17T02:13:55.801963,Recipe_B,ca4e2b3e-360b-4bf9-859c-5118db1a7fff,20,0.0,,,,0.0,0.0,0.0,0.0,0.0,0.0
2025-12-17T02:13:56.801963,Recipe_B,ca4e2b3e-360b-4bf9-859c-5118db1a7fff,20,0.0,,,,0.0,0.0,0.0,0.0,0.0,0.0
2025-12-17T02:13:57.801963,Recipe_B,ca4e2b3e-360b-4bf9-859c-5118db1a7fff,20,0.0,,,,0.0,0.0,0.0,0.0,0.0,0.0
2025-12-17T02:13:58.801963,Recipe_B,ca4e2b3e-360b-4bf9-859c-5118db1a7fff,20,0.0,,,,0.0,0.0,0.0,0.0,0.0,0.0
2025-12-17T02:13:59.801963,Recipe_B,ca4e2b3e-360b-4bf9-859c-5118db1a7fff,20,0.0,,,,0.0,0.0,0.0,0.0,0.0,0.0
2025-12-17T02:14:00.801963,Recipe_B,ca4e2b3e-360b-4bf9-859c-5118db1a7fff,20,0.0,,,,0.0,0.0,0.0,0.0,0.0,0.0
2025-12-17T02:14:01.801963,Recipe_B,ca4e2b3e-360b-4bf9-859c-5118db1a7fff,20,0.0,,,,0.0,0.0,0.0,0.0,0.0,0.0
2025-12-17T02:14:02.801963,Recipe_B,ca4e2b3e-360b-4bf9-859c-5118db1a7fff,20,0.0,,,,0.0,0.0,0.0,0.0,0.0,0.0
2025-12-17T02:14:03.801963,Recipe_B,ca4e2b3e-360b-4bf9-859c-5118db1a7fff,20,0.0,,,,0.0,0.0,0.0,0.0,0.0,0.0
2025-12-17T02:14:04.801963,Recipe_B,ca4e2b3e-360b-4bf9-859c-5118db1a7fff,20,0.0,,,,0.0,0.0,0.0,0.0,0.0,0.0
2025-12-17T02:14:05.801963,Recipe_B,ca4e2b3e-360b-4bf9-859c-5118db1a7fff,20,0.0,,,,0.0,0.0,0.0,0.0,0.0,0.0
2025-12-17T02:14:06.801963,Recipe_B,ca4e2b3e-360b-4bf9-859c-5118db1a7fff,20,5.0,,,,10.43,11.96,8.22,9.68,7.59,10.05
2025-12-17T02:14:07.801963,Recipe_B,ca4e2b3e-360b-4bf9-859c-5118db1a7fff,20,5.0,,,,10.77,10.37,7.57,12.7,10.18,9.27
2025-12-17T02:14:08.801963,Recipe_B,ca4e2b3e-360b-4bf9-859c-5118db1a7fff,20,5.0,,,,10.46,10.29,12.52,10.06,8.59,10.55
2025-12-17T02:14:09.801963,Recipe_B,ca4e2b3e-360b-4bf9-859c-5118db1a7fff,20,5.0,,,,10.5,7.9,11.89,11.42,7.73,13.74
2025-12-17T02:14:10.801963,Recipe_B,ca4e2b3e-360b-4bf9-859c-5118db1a7fff,20,5.0,,,,10.5,13.16,8.74,12.82,10.73,11.0
2025-12-17T02:14:11.801963,Recipe_B,ca4e2b3e-360b-4bf9-859c-5118db1a7fff,20,5.0,,,,6.94,10.34,9.9,9.45,8.37,10.67
2025-12-17T02:14:12.801963,Recipe_B,ca4e2b3e-360b-4bf9-859c-5118db1a7fff,20,5.0,,,,12.42,10.07,10.08,13.4,9.59,11.18
2025-12-17T02:14:13.801963,Recipe_B,ca4e2b3e-360b-4bf9-859c-5118db1a7fff,20,5.0,,,,11.35,8.64,10.45,8.54,9.06,9.89
2025-12-17T02:14:14.801963,Recipe_B,ca4e2b3e-360b-4bf9-859c-5118db1a7fff,20,5.0,,,,9.02,11.48,11.38,10.45,10.16,12.85
2025-12-17T02:14:15.801963,Recipe_B,ca4e2b3e-360b-4bf9-859c-5118db1a7fff,20,5.0,,,,10.99,11.63,11.8,8.93,9.07,10.4
2025-12-17T02:14:16.801963,Recipe_B,ca4e2b3e-360b-4bf9-859c-5118db1a7fff,20,5.0,,,,6.93,7.6,10.61,8.17,12.13,11.31
2025-12-17T02:14:17.801963,Recipe_B,ca4e2b3e-360b-4bf9-859c-5118db1a7fff,20,5.0,,,,9.98,11.81,11.08,5.51,10.28,10.6
2025-12-17T02:14:18.801963,Recipe_B,ca4e2b3e-360b-4bf9-859c-5118db1a7fff,20,5.0,,,,9.61,11.9,12.14,10.2,8.22,12.38
2025-12-17T02:14:19.801963,Recipe_B,ca4e2b3e-360b-4bf9-859c-5118db1a7fff,20,5.0,,,,7.9,12.25,11.58,7.27,12.63,11.36
2025-12-17T02:14:20.801963,Recipe_B,ca4e2b3e-360b-4bf9-859c-5118db1a7fff,20,5.0,,,,10.82,11.52,10.72,12.93,8.45,9.16
2025-12-17T02:14:21.801963,Recipe_B,ca4e2b3e-360b-4bf9-859c-5118db1a7fff,20,5.0,,,,9.65,12.15,11.01,11.28,9.41,13.43
2025-12-17T02:14:22.801963,Recipe_B,ca4e2b3e-360b-4bf9-859c-5118db1a7fff,20,5.0,,,,9.4,8.89,9.88,12.36,12.85,9.35
2025-12-17T02:14:23.801963,Recipe_B,ca4e2b3e-360b-4bf9-859c-5118db1a7fff,20,5.0,,,,12.09,9.43,8.93,10.02,9.0,8.14
2025-12-17T02:14:24.801963,Recipe_B,ca4e2b3e-360b-4bf9-859c-5118db1a7fff,20,5.0,,,,8.12,10.93,10.75,8.14,8.69,9.48
2025-12-17T02:14:25.801963,Recipe_B,ca4e2b3e-360b-4bf9-859c-5118db1a7fff,20,5.0,,,,10.77,8.66,12.68,10.39,7.47,8.45
2025-12-17T02:14:26.801963,Recipe_B,ca4e2b3e-360b-4bf9-859c-5118db1a7fff,20,5.0,,,,9.31,12.14,7.97,12.5,9.48,9.82
2025-12-17T02:14:27.801963,Recipe_B,ca4e2b3e-360b-4bf9-859c-5118db1a7fff,20,5.0,,,,10.7,10.75,10.8,10.85,9.8,12.23
2025-12-17T02:14:28.801963,Recipe_B,ca4e2b3e-360b-4bf9-859c-5118db1a7fff,20,5.0,,,,11.05,14.57,13.62,14.43,8.06,8.89
2025-12-17T02:14:29.801963,Recipe_B,ca4e2b3e-360b-4bf9-859c-5118db1a7fff,20,5.0,,,,9.51,9.57,11.52,7.14,10.05,7.55
2025-12-17T02:14:30.801963,Recipe_B,ca4e2b3e-360b-4bf9-859c-5118db1a7fff,20,5.0,,,,8.72,10.98,10.76,8.78,9.97,10.86
2025-12-17T02:14:31.801963,Recipe_B,ca4e2b3e-360b-4bf9-859c-5118db1a7fff,20,5.0,,,,8.62,12.19,9.2,8.41,11.48,11.61
2025-12-17T02:14:32.801963,Recipe_B,ca4e2b3e-360b-4bf9-859c-5118db1a7fff,20,5.0,,,,7.15,13.59,6.97,8.3,7.7,10.17
2025-12-17T02:14:33.801963,Recipe_B,ca4e2b3e-360b-4bf9-859c-5118db1a7fff,20,5.0,,,,9.68,9.36,10.63,9.14,8.79,9.67
2025-12-17T02:14:34.801963,Recipe_B,ca4e2b3e-360b-4bf9-859c-5118db1a7fff,20,5.0,,,,7.0,12.67,11.32,12.42,10.16,8.93
2025-12-17T02:14:35.801963,Recipe_B,ca4e2b3e-360b-4bf9-859c-5118db1a7fff,20,5.0,,,,10.63,9.76,11.85,11.21,6.59,9.24
2025-12-17T02:14:36.801963,Recipe_B,ca4e2b3e-360b-4bf9-859c-5118db1a7fff,20,5.0,,,,12.75,10.98,10.39,8.33,6.87,9.7
2025-12-17T02:14:37.801963,Recipe_B,ca4e2b3e-360b-4bf9-859c-5118db1a7fff,20,5.0,,,,11.78,7.01,11.16,6.75,12.29,13.11
2025-12-17T02:14:38.801963,Recipe_B,ca4e2b3e-360b-4bf9-859c-5118db1a7fff,20,5.0,,,,10.0,11.38,10.47,9.11,10.75,10.07
2025-12-17T02:14:39.801963,Recipe_B,ca4e2b3e-360b-4bf9-859c-5118db1a7fff,20,5.0,,,,11.64,4.9,8.93,11.29,11.09,11.94
2025-12-17T02:14:40.801963,Recipe_B,ca4e2b3e-360b-4bf9-859c-5118db1a7fff,20,5.0,,,,7.05,10.97,13.04,6.35,12.7,9.47
2025-12-17T02:14:41.801963,Recipe_B,ca4e2b3e-360b-4bf9-859c-5118db1a7fff,20,5.0,,,,7.74,8.7,9.24,8.48,12.03,7.44
2025-12-17T02:14:42.801963,Recipe_B,ca4e2b3e-360b-4bf9-859c-5118db1a7fff,20,5.0,,,,8.29,14.07,12.39,11.27,8.0,6.74
2025-12-17T02:14:43.801963,Recipe_B,ca4e2b3e-360b-4bf9-859c-5118db1a7fff,20,5.0,,,,9.37,9.83,8.8,9.31,6.98,12.99
2025-12-17T02:14:44.801963,Recipe_B,ca4e2b3e-360b-4bf9-859c-5118db1a7fff,20,5.0,,,,10.8,12.73,12.46,10.21,11.18,11.35
2025-12-17T02:14:45.801963,Recipe_B,ca4e2b3e-360b-4bf9-859c-5118db1a7fff,20,5.0,,,,10.9,10.08,8.05,9.13,9.08,9.58
2025-12-17T02:14:46.801963,Recipe_B,ca4e2b3e-360b-4bf9-859c-5118db1a7fff,20,5.0,,,,13.77,12.31,11.53,12.45,11.64,11.41
2025-12-17T02:14:47.801963,Recipe_B,ca4e2b3e-360b-4bf9-859c-5118db1a7fff,20,5.0,,,,11.33,10.75,14.21,11.76,11.76,9.08
2025-12-17T02:14:48.801963,Recipe_B,ca4e2b3e-360b-4bf9-859c-5118db1a7fff,20,5.0,,,,11.99,11.24,11.83,14.24,11.9,11.0
2025-12-17T02:14:49.801963,Recipe_B,ca4e2b3e-360b-4bf9-859c-5118db1a7fff,20,5.0,,,,12.64,9.69,11.89,7.04,8.56,10.52
2025-12-17T02:14:50.801963,Recipe_B,ca4e2b3e-360b-4bf9-859c-5118db1a7fff,20,5.0,,,,8.84,10.55,7.99,11.72,11.91,9.48
2025-12-17T02:14:51.801963,Recipe_B,ca4e2b3e-360b-4bf9-859c-5118db1a7fff,20,5.0,,,,6.93,9.18,7.71,8.04,9.66,11.9
2025-12-17T02:14:52.801963,Recipe_B,ca4e2b3e-360b-4bf9-859c-5118db1a7fff,20,5.0,,,,9.09,8.59,8.1,10.01,11.02,9.14
2025-12-17T02:14:53.801963,Recipe_B,ca4e2b3e-360b-4bf9-859c-5118db1a7fff,20,5.0,,,,7.83,5.89,8.44,10.3,8.61,11.22
2025-12-17T02:14:54.801963,Recipe_B,ca4e2b3e-360b-4bf9-859c-5118db1a7fff,20,5.0,,,,9.95,4.47,11.53,8.35,10.56,13.03
2025-12-17T02:14:55.801963,Recipe_B,ca4e2b3e-360b-4bf9-859c-5118db1a7fff,20,5.0,,,,11.48,6.23,10.05,8.36,10.46,10.02
2025-12-17T02:14:56.801963,Recipe_B,ca4e2b3e-360b-4bf9-859c-5118db1a7fff,20,5.0,,,,8.09,9.59,7.01,8.73,5.65,7.66
2025-12-17T02:14:57.801963,Recipe_B,ca4e2b3e-360b-4bf9-859c-5118db1a7fff,20,5.0,,,,9.34,8.65,9.81,10.26,7.8,6.55
2025-12-17T02:14:58.801963,Recipe_B,ca4e2b3e-360b-4bf9-859c-5118db1a7fff,20,5.0,,,,11.89,11.39,11.08,9.79,7.63,8.11
2025-12-17T02:14:59.801963,Recipe_B,ca4e2b3e-360b-4bf9-859c-5118db1a7fff,20,5.0,,,,8.97,8.53,11.92,7.75,10.75,11.62
2025-12-17T02:15:00.801963,Recipe_B,ca4e2b3e-360b-4bf9-859c-5118db1a7fff,20,5.0,,,,8.18,13.14,8.63,10.42,12.14,10.61
2025-12-17T02:15:01.801963,Recipe_B,ca4e2b3e-360b-4bf9-859c-5118db1a7fff,20,5.0,,,,11.93,7.58,12.86,8.55,12.3,7.48
2025-12-17T02:15:02.801963,Recipe_B,ca4e2b3e-360b-4bf9-859c-5118db1a7fff,20,5.0,,,,8.17,9.39,8.18,7.19,11.26,9.93
2025-12-17T02:15:03.801963,Recipe_B,ca4e2b3e-360b-4bf9-859c-5118db1a7fff,20,5.0,,,,8.63,9.32,11.03,7.2,12.29,9.69
2025-12-17T02:15:04.801963,Recipe_B,ca4e2b3e-360b-4bf9-859c-5118db1a7fff,20,5.0,,,,7.73,8.83,13.62,9.96,7.43,9.25
2025-12-17T02:15:05.801963,Recipe_B,ca4e2b3e-360b-4bf9-859c-5118db1a7fff,20,5.0,,,,13.38,9.79,10.77,9.08,8.41,9.77
2025-12-17T02:15:06.801963,Recipe_B,ca4e2b3e-360b-4bf9-859c-5118db1a7fff,20,5.0,,,,8.01,10.19,9.98,7.7,11.14,12.33
2025-12-17T02:15:07.801963,Recipe_B,ca4e2b3e-360b-4bf9-859c-5118db1a7fff,20,5.0,,,,9.6,9.14,10.03,11.05,12.93,12.03
2025-12-17T02:15:08.801963,Recipe_B,ca4e2b3e-360b-4bf9-859c-5118db1a7fff,20,5.0,,,,10.83,10.12,12.72,9.62,12.28,12.03
2025-12-17T02:15:09.801963,Recipe_B,ca4e2b3e-360b-4bf9-859c-5118db1a7fff,20,5.0,,,,7.29,12.15,11.54,9.16,12.45,13.05
2025-12-17T02:15:10.801963,Recipe_B,ca4e2b3e-360b-4bf9-859c-5118db1a7fff,20,5.0,,,,13.25,10.61,10.77,8.33,9.7,7.21
2025-12-17T02:15:11.801963,Recipe_B,ca4e2b3e-360b-4bf9-859c-5118db1a7fff,20,5.0,,,,14.1,9.38,9.89,13.04,9.38,9.7
2025-12-17T02:15:12.801963,Recipe_B,ca4e2b3e-360b-4bf9-859c-5118db1a7fff,20,5.0,,,,11.08,12.19,9.11,9.42,9.31,9.51
2025-12-17T02:15:13.801963,Recipe_B,ca4e2b3e-360b-4bf9-859c-5118db1a7fff,20,5.0,,,,9.34,11.04,10.68,9.52,11.36,9.14
2025-12-17T02:15:14.801963,Recipe_B,ca4e2b3e-360b-4bf9-859c-5118db1a7fff,20,5.0,,,,11.9,7.03,15.01,8.57,8.8,7.39
2025-12-17T02:15:15.801963,Recipe_B,ca4e2b3e-360b-4bf9-859c-5118db1a7fff,20,5.0,,,,13.08,15.06,9.83,11.14,11.75,13.95
2025-12-17T02:15:16.801963,Recipe_B,ca4e2b3e-360b-4bf9-859c-5118db1a7fff,20,5.0,,,,10.7,7.91,8.31,8.55,11.99,9.74
2025-12-17T02:15:17.801963,Recipe_B,ca4e2b3e-360b-4bf9-859c-5118db1a7fff,20,5.0,,,,11.0,10.19,9.85,9.53,9.73,3.99
2025-12-17T02:15:18.801963,Recipe_B,ca4e2b3e-360b-4bf9-859c-5118db1a7fff,20,5.0,,,,14.48,9.82,8.58,5.41,5.64,12.28
2025-12-17T02:15:19.801963,Recipe_B,ca4e2b3e-360b-4bf9-859c-5118db1a7fff,20,5.0,,,,10.22,9.41,9.9,9.08,10.1,10.5
2025-12-17T02:15:20.801963,Recipe_B,ca4e2b3e-360b-4bf9-859c-5118db1a7fff,20,5.0,,,,8.83,8.2,10.1,7.81,10.01,11.23
2025-12-17T02:15:21.801963,Recipe_B,ca4e2b3e-360b-4bf9-859c-5118db1a7fff,20,5.0,,,,10.77,13.43,6.77,8.03,7.61,7.4
2025-12-17T02:15:22.801963,Recipe_B,ca4e2b3e-360b-4bf9-859c-5118db1a7fff,20,5.0,,,,8.64,9.21,12.43,8.93,10.93,9.42
2025-12-17T02:15:23.801963,Recipe_B,ca4e2b3e-360b-4bf9-859c-5118db1a7fff,20,5.0,,,,9.26,10.68,6.37,8.46,11.46,12.77
2025-12-17T02:15:24.801963,Recipe_B,ca4e2b3e-360b-4bf9-859c-5118db1a7fff,20,5.0,,,,3.54,6.43,9.61,9.05,11.78,9.3
2025-12-17T02:15:25.801963,Recipe_B,ca4e2b3e-360b-4bf9-859c-5118db1a7fff,20,5.0,,,,10.59,12.1,8.27,11.53,10.0,11.94
2025-12-17T02:15:26.801963,Recipe_B,ca4e2b3e-360b-4bf9-859c-5118db1a7fff,20,5.0,,,,9.17,10.27,10.86,10.91,11.02,7.04
2025-12-17T02:15:27.801963,Recipe_B,ca4e2b3e-360b-4bf9-859c-5118db1a7fff,20,5.0,,,,10.53,8.08,11.89,10.39,9.13,12.44
2025-12-17T02:15:28.801963,Recipe_B,ca4e2b3e-360b-4bf9-859c-5118db1a7fff,20,5.0,,,,7.8,10.96,13.57,11.04,9.99,13.46
2025-12-17T02:15:29.801963,Recipe_B,ca4e2b3e-360b-4bf9-859c-5118db1a7fff,20,5.0,,,,10.48,6.83,11.61,8.88,10.09,9.4
2025-12-17T02:15:30.801963,Recipe_B,ca4e2b3e-360b-4bf9-859c-5118db1a7fff,20,5.0,,,,9.53,9.9,8.27,12.0,8.73,8.94
2025-12-17T02:15:31.801963,Recipe_B,ca4e2b3e-360b-4bf9-859c-5118db1a7fff,20,5.0,,,,8.25,6.65,8.21,10.15,8.88,8.34
2025-12-17T02:15:32.801963,Recipe_B,ca4e2b3e-360b-4bf9-859c-5118db1a7fff,20,5.0,,,,9.7,11.24,11.61,7.61,11.4,11.95
2025-12-17T02:15:33.801963,Recipe_B,ca4e2b3e-360b-4bf9-859c-5118db1a7fff,20,5.0,,,,11.57,10.38,9.7,10.36,10.93,7.87
2025-12-17T02:15:34.801963,Recipe_B,ca4e2b3e-360b-4bf9-859c-5118db1a7fff,20,5.0,,,,10.31,12.35,12.2,12.66,10.0,9.94
2025-12-17T02:15:35.801963,Recipe_B,ca4e2b3e-360b-4bf9-859c-5118db1a7fff,20,5.0,,,,7.41,9.57,7.48,11.16,11.92,11.38
2025-12-17T02:15:36.801963,Recipe_B,ca4e2b3e-360b-4bf9-859c-5118db1a7fff,20,5.0,,,,10.99,8.08,9.47,12.43,11.82,11.04
2025-12-17T02:15:37.801963,Recipe_B,ca4e2b3e-360b-4bf9-859c-5118db1a7fff,20,5.0,,,,7.11,5.66,9.14,9.72,8.43,8.54
2025-12-17T02:15:38.801963,Recipe_B,ca4e2b3e-360b-4bf9-859c-5118db1a7fff,20,5.0,,,,8.51,11.51,10.17,9.49,5.62,8.73
2025-12-17T02:15:39.801963,Recipe_B,ca4e2b3e-360b-4bf9-859c-5118db1a7fff,20,5.0,,,,11.37,8.51,10.85,4.96,11.09,8.52
2025-12-17T02:15:40.801963,Recipe_B,ca4e2b3e-360b-4bf9-859c-5118db1a7fff,20,5.0,,,,9.29,9.53,11.79,11.13,11.22,10.98
2025-12-17T02:15:41.801963,Recipe_B,ca4e2b3e-360b-4bf9-859c-5118db1a7fff,20,5.0,,,,8.38,9.31,10.15,10.58,8.71,9.93
2025-12-17T02:15:42.801963,Recipe_B,ca4e2b3e-360b-4bf9-859c-5118db1a7fff,20,5.0,,,,9.73,6.02,15.72,14.61,8.62,7.58
2025-12-17T02:15:43.801963,Recipe_B,ca4e2b3e-360b-4bf9-859c-5118db1a7fff,20,5.0,,,,11.06,12.28,8.98,11.18,10.4,8.38
2025-12-17T02:15:44.801963,Recipe_B,ca4e2b3e-360b-4bf9-859c-5118db1a7fff,20,5.0,,,,12.22,6.42,8.75,9.68,8.69,12.34
2025-12-17T02:15:45.801963,Recipe_B,ca4e2b3e-360b-4bf9-859c-5118db1a7fff,20,5.0,,,,9.06,10.89,9.01,8.81,10.71,14.24
2025-12-17T02:15:46.801963,Recipe_B,ca4e2b3e-360b-4bf9-859c-5118db1a7fff,20,5.0,,,,4.07,13.82,12.19,10.19,7.29,9.42
2025-12-17T02:15:47.801963,Recipe_B,ca4e2b3e-360b-4bf9-859c-5118db1a7fff,20,5.0,,,,7.72,13.01,11.56,7.86,11.86,11.09
2025-12-17T02:15:48.801963,Recipe_B,ca4e2b3e-360b-4bf9-859c-5118db1a7fff,20,5.0,,,,7.64,10.94,12.81,6.72,11.25,11.64
2025-12-17T02:15:49.801963,Recipe_B,ca4e2b3e-360b-4bf9-859c-5118db1a7fff,20,5.0,,,,9.32,13.6,9.06,7.07,12.94,12.55
2025-12-17T02:15:50.801963,Recipe_B,ca4e2b3e-360b-4bf9-859c-5118db1a7fff,20,5.0,,,,8.97,10.18,8.47,13.27,11.99,10.52
2025-12-17T02:15:51.801963,Recipe_B,ca4e2b3e-360b-4bf9-859c-5118db1a7fff,20,5.0,,,,12.56,8.82,12.07,8.44,7.39,8.68
2025-12-17T02:15:52.801963,Recipe_B,ca4e2b3e-360b-4bf9-859c-5118db1a7fff,20,5.0,,,,8.06,11.73,11.04,11.24,8.66,12.62
2025-12-17T02:15:53.801963,Recipe_B,ca4e2b3e-360b-4bf9-859c-5118db1a7fff,20,5.0,,,,9.28,9.0,5.65,5.39,5.35,11.84
2025-12-17T02:15:54.801963,Recipe_B,ca4e2b3e-360b-4bf9-859c-5118db1a7fff,20,5.0,,,,11.1,11.8,8.32,12.54,8.33,9.62
2025-12-17T02:15:55.801963,Recipe_B,ca4e2b3e-360b-4bf9-859c-5118db1a7fff,20,5.0,,,,12.28,9.77,11.18,8.81,8.63,13.91
2025-12-17T02:15:56.801963,Recipe_B,ca4e2b3e-360b-4bf9-859c-5118db1a7fff,20,5.0,,,,6.29,5.44,11.87,12.4,12.02,11.4
2025-12-17T02:15:57.801963,Recipe_B,ca4e2b3e-360b-4bf9-859c-5118db1a7fff,20,5.0,,,,10.52,13.04,8.55,10.51,12.33,9.33
2025-12-17T02:15:58.801963,Recipe_B,ca4e2b3e-360b-4bf9-859c-5118db1a7fff,20,5.0,,,,4.9,6.98,11.8,8.59,10.86,10.22
2025-12-17T02:15:59.801963,Recipe_B,ca4e2b3e-360b-4bf9-859c-5118db1a7fff,20,5.0,,,,12.39,14.11,9.84,8.61,10.83,9.39
2025-12-17T02:16:00.801963,Recipe_B,ca4e2b3e-360b-4bf9-859c-5118db1a7fff,20,5.0,,,,10.01,7.97,10.62,11.87,6.57,9.61
2025-12-17T02:16:01.801963,Recipe_B,ca4e2b3e-360b-4bf9-859c-5118db1a7fff,20,5.0,,,,11.7,9.55,7.97,6.85,9.36,16.06
2025-12-17T02:16:02.801963,Recipe_B,ca4e2b3e-360b-4bf9-859c-5118db1a7fff,20,5.0,,,,11.13,12.11,10.82,12.49,10.83,10.37
2025-12-17T02:16:03.801963,Recipe_B,ca4e2b3e-360b-4bf9-859c-5118db1a7fff,20,5.0,,,,9.99,10.99,11.43,9.6,9.37,7.27
2025-12-17T02:16:04.801963,Recipe_B,ca4e2b3e-360b-4bf9-859c-5118db1a7fff,20,5.0,,,,10.11,8.57,11.63,9.84,9.07,11.01
2025-12-17T02:16:05.801963,Recipe_B,ca4e2b3e-360b-4bf9-859c-5118db1a7fff,20,5.0,,,,8.05,9.87,10.12,7.16,10.19,9.33
2025-12-17T02:16:06.801963,Recipe_B,ca4e2b3e-360b-4bf9-859c-5118db1a7fff,20,5.0,,,,12.61,10.84,8.33,15.09,12.05,9.38
2025-12-17T02:16:07.801963,Recipe_B,ca4e2b3e-360b-4bf9-859c-5118db1a7fff,20,5.0,,,,9.18,6.96,8.28,6.0,9.87,10.66
2025-12-17T02:16:08.801963,Recipe_B,ca4e2b3e-360b-4bf9-859c-5118db1a7fff,20,5.0,,,,10.29,12.83,8.8,11.85,10.71,10.35
2025-12-17T02:16:09.801963,Recipe_B,ca4e2b3e-360b-4bf9-859c-5118db1a7fff,20,5.0,,,,9.09,8.27,11.29,6.74,14.96,11.56
2025-12-17T02:16:10.801963,Recipe_B,ca4e2b3e-360b-4bf9-859c-5118db1a7fff,20,5.0,,,,12.96,9.48,9.66,14.21,11.57,14.06
2025-12-17T02:16:11.801963,Recipe_B,ca4e2b3e-360b-4bf9-859c-5118db1a7fff,20,5.0,,,,12.12,9.75,9.24,8.48,10.59,10.88
2025-12-17T02:16:12.801963,Recipe_B,ca4e2b3e-360b-4bf9-859c-5118db1a7fff,20,5.0,,,,9.58,14.67,11.16,10.47,9.27,6.08
2025-12-17T02:16:13.801963,Recipe_B,ca4e2b3e-360b-4bf9-859c-5118db1a7fff,20,5.0,,,,13.08,12.73,11.24,8.51,12.47,9.38
2025-12-17T02:16:14.801963,Recipe_B,ca4e2b3e-360b-4bf9-859c-5118db1a7fff,20,5.0,,,,8.49,9.23,7.74,11.52,12.86,11.14
2025-12-17T02:16:15.801963,Recipe_B,ca4e2b3e-360b-4bf9-859c-5118db1a7fff,20,5.0,,,,13.68,12.76,12.31,13.34,6.16,15.17
2025-12-17T02:16:16.801963,Recipe_B,ca4e2b3e-360b-4bf9-859c-5118db1a7fff,20,5.0,,,,10.01,9.52,9.74,11.01,12.49,10.55
2025-12-17T02:16:17.801963,Recipe_B,ca4e2b3e-360b-4bf9-859c-5118db1a7fff,20,5.0,,,,8.96,10.37,10.7,9.1,7.54,9.95
2025-12-17T02:16:18.801963,Recipe_B,ca4e2b3e-360b-4bf9-859c-5118db1a7fff,20,5.0,,,,10.73,9.29,11.21,10.87,12.94,12.0
2025-12-17T02:16:19.801963,Recipe_B,ca4e2b3e-360b-4bf9-859c-5118db1a7fff,20,5.0,,,,10.76,10.21,11.4,8.32,12.85,9.44
2025-12-17T02:16:20.801963,Recipe_B,ca4e2b3e-360b-4bf9-859c-5118db1a7fff,20,5.0,,,,5.48,6.16,9.26,6.62,9.51,9.47
2025-12-17T02:16:21.801963,Recipe_B,ca4e2b3e-360b-4bf9-859c-5118db1a7fff,20,5.0,,,,9.55,11.29,10.82,10.88,12.9,13.07
2025-12-17T02:16:22.801963,Recipe_B,ca4e2b3e-360b-4bf9-859c-5118db1a7fff,20,5.0,,,,11.03,9.37,9.61,10.68,10.29,11.46
2025-12-17T02:16:23.801963,Recipe_B,ca4e2b3e-360b-4bf9-859c-5118db1a7fff,20,5.0,,,,9.75,12.5,7.73,8.17,9.97,8.75
2025-12-17T02:16:24.801963,Recipe_B,ca4e2b3e-360b-4bf9-859c-5118db1a7fff,20,5.0,,,,10.64,9.17,9.13,9.5,11.85,11.98
2025-12-17T02:16:25.801963,Recipe_B,ca4e2b3e-360b-4bf9-859c-5118db1a7fff,20,5.0,,,,12.08,10.38,12.82,7.97,8.62,12.57
2025-12-17T02:16:26.801963,Recipe_B,ca4e2b3e-360b-4bf9-859c-5118db1a7fff,20,5.0,,,,10.93,12.3,6.47,11.02,13.13,8.42
2025-12-17T02:16:27.801963,Recipe_B,ca4e2b3e-360b-4bf9-859c-5118db1a7fff,20,5.0,,,,5.79,7.18,11.88,12.66,8.98,10.34
2025-12-17T02:16:28.801963,Recipe_B,ca4e2b3e-360b-4bf9-859c-5118db1a7fff,20,5.0,,,,10.41,13.41,10.16,7.88,10.31,11.78
2025-12-17T02:16:29.801963,Recipe_B,ca4e2b3e-360b-4bf9-859c-5118db1a7fff,20,5.0,,,,7.47,8.37,8.92,6.64,12.44,9.98
2025-12-17T02:16:30.801963,Recipe_B,ca4e2b3e-360b-4bf9-859c-5118db1a7fff,20,5.0,,,,11.61,5.07,9.46,6.85,11.43,8.75
2025-12-17T02:16:31.801963,Recipe_B,ca4e2b3e-360b-4bf9-859c-5118db1a7fff,20,5.0,,,,11.0,8.46,10.08,9.44,10.01,8.87
2025-12-17T02:16:32.801963,Recipe_B,ca4e2b3e-360b-4bf9-859c-5118db1a7fff,20,5.0,,,,10.28,11.63,11.52,10.4,11.06,5.39
2025-12-17T02:16:33.801963,Recipe_B,ca4e2b3e-360b-4bf9-859c-5118db1a7fff,20,5.0,,,,11.27,6.84,11.88,10.78,8.58,9.7
2025-12-17T02:16:34.801963,Recipe_B,ca4e2b3e-360b-4bf9-859c-5118db1a7fff,20,5.0,,,,8.93,8.74,9.06,11.85,9.71,11.08
2025-12-17T02:16:35.801963,Recipe_B,ca4e2b3e-360b-4bf9-859c-5118db1a7fff,20,5.0,,,,7.52,11.78,6.6,9.92,9.12,8.63
2025-12-17T02:16:36.801963,Recipe_B,ca4e2b3e-360b-4bf9-859c-5118db1a7fff,20,5.0,,,,11.63,9.22,11.36,9.91,12.51,8.87
2025-12-17T02:16:37.801963,Recipe_B,ca4e2b3e-360b-4bf9-859c-5118db1a7fff,20,5.0,,,,12.49,8.11,11.19,9.87,12.46,12.11
2025-12-17T02:16:38.801963,Recipe_B,ca4e2b3e-360b-4bf9-859c-5118db1a7fff,20,5.0,,,,9.05,8.84,13.34,10.54,10.5,8.21
2025-12-17T02:16:39.801963,Recipe_B,ca4e2b3e-360b-4bf9-859c-5118db1a7fff,20,5.0,,,,9.93,10.73,8.74,7.89,7.17,8.91
2025-12-17T02:16:40.801963,Recipe_B,ca4e2b3e-360b-4bf9-859c-5118db1a7fff,20,5.0,,,,7.05,9.74,11.68,8.72,9.28,8.08
2025-12-17T02:16:41.801963,Recipe_B,ca4e2b3e-360b-4bf9-859c-5118db1a7fff,20,5.0,,,,8.31,10.18,10.42,9.93,13.03,6.48
2025-12-17T02:16:42.801963,Recipe_B,ca4e2b3e-360b-4bf9-859c-5118db1a7fff,20,5.0,,,,6.74,10.82,8.17,6.53,7.99,9.23
2025-12-17T02:16:43.801963,Recipe_B,ca4e2b3e-360b-4bf9-859c-5118db1a7fff,20,5.0,,,,11.6,12.81,11.67,7.81,12.98,8.46
2025-12-17T02:16:44.801963,Recipe_B,ca4e2b3e-360b-4bf9-859c-5118db1a7fff,20,5.0,,,,9.66,10.38,11.16,8.86,10.72,12.05
2025-12-17T02:16:45.801963,Recipe_B,ca4e2b3e-360b-4bf9-859c-5118db1a7fff,20,5.0,,,,10.54,8.09,8.13,11.33,10.77,8.61
2025-12-17T02:16:46.801963,Recipe_B,ca4e2b3e-360b-4bf9-859c-5118db1a7fff,20,5.0,,,,11.93,7.39,8.74,9.81,6.97,8.42
2025-12-17T02:16:47.801963,Recipe_B,ca4e2b3e-360b-4bf9-859c-5118db1a7fff,20,5.0,,,,9.48,11.77,8.44,13.1,9.01,9.0
2025-12-17T02:16:48.801963,Recipe_B,ca4e2b3e-360b-4bf9-859c-5118db1a7fff,20,5.0,,,,11.11,10.03,11.37,12.65,9.75,9.48
2025-12-17T02:16:49.801963,Recipe_B,ca4e2b3e-360b-4bf9-859c-5118db1a7fff,20,5.0,,,,13.89,9.98,12.4,11.66,9.38,11.8
2025-12-17T02:16:50.801963,Recipe_B,ca4e2b3e-360b-4bf9-859c-5118db1a7fff,20,5.0,,,,14.44,10.33,9.32,9.86,10.12,12.94
2025-12-17T02:16:51.801963,Recipe_B,ca4e2b3e-360b-4bf9-859c-5118db1a7fff,20,5.0,,,,12.28,9.0,11.29,10.49,11.23,12.01
2025-12-17T02:16:52.801963,Recipe_B,ca4e2b3e-360b-4bf9-859c-5118db1a7fff,20,5.0,,,,12.42,10.03,9.84,9.57,11.84,7.46
2025-12-17T02:16:53.801963,Recipe_B,ca4e2b3e-360b-4bf9-859c-5118db1a7fff,20,5.0,,,,10.42,9.92,8.44,11.0,10.45,9.58
2025-12-17T02:16:54.801963,Recipe_B,ca4e2b3e-360b-4bf9-859c-5118db1a7fff,20,5.0,,,,9.26,8.01,9.38,11.67,10.06,10.93
2025-12-17T02:16:55.801963,Recipe_B,ca4e2b3e-360b-4bf9-859c-5118db1a7fff,20,5.0,,,,11.97,8.98,15.22,7.66,8.34,9.9
2025-12-17T02:16:56.801963,Recipe_B,ca4e2b3e-360b-4bf9-859c-5118db1a7fff,20,5.0,,,,9.5,8.66,9.03,5.31,8.81,7.17
2025-12-17T02:16:57.801963,Recipe_B,ca4e2b3e-360b-4bf9-859c-5118db1a7fff,20,5.0,,,,7.19,11.01,9.2,13.1,12.1,6.63
2025-12-17T02:16:58.801963,Recipe_B,ca4e2b3e-360b-4bf9-859c-5118db1a7fff,20,5.0,,,,11.44,8.42,14.22,11.23,11.68,10.4
2025-12-17T02:16:59.801963,Recipe_B,ca4e2b3e-360b-4bf9-859c-5118db1a7fff,20,5.0,,,,9.91,7.28,8.02,8.92,6.06,11.2
2025-12-17T02:17:00.801963,Recipe_B,ca4e2b3e-360b-4bf9-859c-5118db1a7fff,20,5.0,,,,6.88,9.23,13.67,9.19,9.34,7.98
2025-12-17T02:17:01.801963,Recipe_B,ca4e2b3e-360b-4bf9-859c-5118db1a7fff,20,5.0,,,,8.62,12.81,7.74,7.49,6.89,9.01
2025-12-17T02:17:02.801963,Recipe_B,ca4e2b3e-360b-4bf9-859c-5118db1a7fff,20,5.0,,,,7.09,14.61,10.78,8.75,9.58,12.43
2025-12-17T02:17:03.801963,Recipe_B,ca4e2b3e-360b-4bf9-859c-5118db1a7fff,20,5.0,,,,10.09,7.82,9.39,10.7,9.34,7.62
2025-12-17T02:17:04.801963,Recipe_B,ca4e2b3e-360b-4bf9-859c-5118db1a7fff,20,4.0,,,,97.25,42.99,53.16,56.31,51.36,50.79
2025-12-17T02:17:05.801963,Recipe_B,ca4e2b3e-360b-4bf9-859c-5118db1a7fff,20,4.0,,,,104.62,53.95,48.31,50.65,52.65,49.93
2025-12-17T02:17:06.801963,Recipe_B,ca4e2b3e-360b-4bf9-859c-5118db1a7fff,20,4.0,,,,102.26,52.11,58.3,47.58,45.51,49.98
2025-12-17T02:17:07.801963,Recipe_B,ca4e2b3e-360b-4bf9-859c-5118db1a7fff,20,4.0,,,,103.69,53.37,55.44,43.08,50.35,48.2
2025-12-17T02:17:08.801963,Recipe_B,ca4e2b3e-360b-4bf9-859c-5118db1a7fff,20,4.0,,,,112.86,55.47,50.04,47.39,57.03,50.06
2025-12-17T02:17:09.801963,Recipe_B,ca4e2b3e-360b-4bf9-859c-5118db1a7fff,20,4.0,,,,99.63,51.58,52.68,46.96,56.06,48.13
2025-12-17T02:17:10.801963,Recipe_B,ca4e2b3e-360b-4bf9-859c-5118db1a7fff,20,4.0,,,,97.23,45.02,55.17,59.78,53.47,51.2
2025-12-17T02:17:11.801963,Recipe_B,ca4e2b3e-360b-4bf9-859c-5118db1a7fff,20,4.0,,,,97.67,55.45,48.57,45.35,53.58,47.74
2025-12-17T02:17:11.801963,Recipe_B,ca4e2b3e-360b-4bf9-859c-5118db1a7fff,20,4.0,Error_6,Simulated Error occurred,Error,,,,,,
2025-12-17T02:17:12.801963,Recipe_B,ca4e2b3e-360b-4bf9-859c-5118db1a7fff,20,4.0,,,,100.2,51.35,51.76,49.54,53.36,48.2
2025-12-17T02:17:13.801963,Recipe_B,ca4e2b3e-360b-4bf9-859c-5118db1a7fff,20,4.0,,,,96.45,46.63,52.22,50.03,43.24,44.87
2025-12-17T02:17:14.801963,Recipe_B,ca4e2b3e-360b-4bf9-859c-5118db1a7fff,20,4.0,,,,97.99,48.77,53.37,58.55,52.48,46.29
2025-12-17T02:17:15.801963,Recipe_B,ca4e2b3e-360b-4bf9-859c-5118db1a7fff,20,4.0,,,,103.14,51.14,51.45,58.0,52.07,46.05
2025-12-17T02:17:16.801963,Recipe_B,ca4e2b3e-360b-4bf9-859c-5118db1a7fff,20,4.0,,,,99.23,39.01,58.54,44.86,47.26,53.24
2025-12-17T02:17:17.801963,Recipe_B,ca4e2b3e-360b-4bf9-859c-5118db1a7fff,20,4.0,,,,103.86,51.24,53.4,43.73,49.84,56.1
2025-12-17T02:17:18.801963,Recipe_B,ca4e2b3e-360b-4bf9-859c-5118db1a7fff,20,4.0,,,,102.11,46.8,48.0,43.48,48.06,48.31
2025-12-17T02:17:19.801963,Recipe_B,ca4e2b3e-360b-4bf9-859c-5118db1a7fff,20,4.0,,,,92.58,46.13,54.78,38.47,49.49,43.77
2025-12-17T02:17:20.801963,Recipe_B,ca4e2b3e-360b-4bf9-859c-5118db1a7fff,20,4.0,,,,96.65,54.4,43.62,52.23,50.17,43.31
2025-12-17T02:17:21.801963,Recipe_B,ca4e2b3e-360b-4bf9-859c-5118db1a7fff,20,4.0,,,,95.9,52.59,52.58,49.78,47.61,52.59
2025-12-17T02:17:22.801963,Recipe_B,ca4e2b3e-360b-4bf9-859c-5118db1a7fff,20,4.0,,,,102.16,45.34,44.72,54.34,50.29,51.44
2025-12-17T02:17:23.801963,Recipe_B,ca4e2b3e-360b-4bf9-859c-5118db1a7fff,20,3.0,,,,7.31,5.11,9.41,12.41,8.66,9.38
2025-12-17T02:17:24.801963,Recipe_B,ca4e2b3e-360b-4bf9-859c-5118db1a7fff,20,3.0,,,,12.15,7.9,8.7,7.6,5.1,12.65
2025-12-17T02:17:25.801963,Recipe_B,ca4e2b3e-360b-4bf9-859c-5118db1a7fff,20,3.0,,,,13.65,9.28,7.45,8.82,5.99,9.89
2025-12-17T02:17:26.801963,Recipe_B,ca4e2b3e-360b-4bf9-859c-5118db1a7fff,20,3.0,,,,6.88,9.36,9.62,8.32,8.81,14.75
2025-12-17T02:17:27.801963,Recipe_B,ca4e2b3e-360b-4bf9-859c-5118db1a7fff,20,3.0,,,,9.28,10.16,8.24,5.59,9.34,10.74
2025-12-17T02:17:28.801963,Recipe_B,ca4e2b3e-360b-4bf9-859c-5118db1a7fff,20,3.0,,,,5.5,5.1,11.15,6.55,12.98,10.92
2025-12-17T02:17:29.801963,Recipe_B,ca4e2b3e-360b-4bf9-859c-5118db1a7fff,20,3.0,,,,9.26,7.93,11.21,10.4,8.12,8.95
2025-12-17T02:17:30.801963,Recipe_B,ca4e2b3e-360b-4bf9-859c-5118db1a7fff,20,3.0,,,,9.57,9.01,14.63,11.08,9.12,10.17
2025-12-17T02:17:31.801963,Recipe_B,ca4e2b3e-360b-4bf9-859c-5118db1a7fff,20,3.0,,,,9.84,8.98,10.66,13.44,12.59,9.02
2025-12-17T02:17:32.801963,Recipe_B,ca4e2b3e-360b-4bf9-859c-5118db1a7fff,20,3.0,,,,9.33,8.65,10.54,8.07,8.45,9.92
2025-12-17T02:17:33.801963,Recipe_B,ca4e2b3e-360b-4bf9-859c-5118db1a7fff,20,3.0,,,,8.36,10.65,8.82,7.63,12.24,11.6
2025-12-17T02:17:34.801963,Recipe_B,ca4e2b3e-360b-4bf9-859c-5118db1a7fff,20,3.0,,,,12.5,3.09,14.77,10.84,10.8,9.42
2025-12-17T02:17:35.801963,Recipe_B,ca4e2b3e-360b-4bf9-859c-5118db1a7fff,20,3.0,,,,10.41,11.63,9.08,9.1,4.73,8.97
2025-12-17T02:17:36.801963,Recipe_B,ca4e2b3e-360b-4bf9-859c-5118db1a7fff,20,3.0,,,,12.93,8.42,11.85,6.73,8.36,8.97
2025-12-17T02:17:37.801963,Recipe_B,ca4e2b3e-360b-4bf9-859c-5118db1a7fff,20,3.0,,,,8.68,9.42,12.49,8.46,6.45,12.26
2025-12-17T02:17:38.801963,Recipe_B,ca4e2b3e-360b-4bf9-859c-5118db1a7fff,20,3.0,,,,12.22,9.76,8.8,5.98,10.37,7.49
2025-12-17T02:17:39.801963,Recipe_B,ca4e2b3e-360b-4bf9-859c-5118db1a7fff,20,3.0,,,,6.73,12.84,6.71,11.17,11.24,11.39
2025-12-17T02:17:40.801963,Recipe_B,ca4e2b3e-360b-4bf9-859c-5118db1a7fff,20,3.0,,,,5.8,10.15,9.62,9.44,11.66,12.05
2025-12-17T02:17:41.801963,Recipe_B,ca4e2b3e-360b-4bf9-859c-5118db1a7fff,20,3.0,,,,9.0,11.21,7.54,8.83,9.91,10.76
2025-12-17T02:17:42.801963,Recipe_B,ca4e2b3e-360b-4bf9-859c-5118db1a7fff,20,3.0,,,,11.18,8.12,6.38,6.86,5.96,9.61
2025-12-17T02:17:43.801963,Recipe_B,ca4e2b3e-360b-4bf9-859c-5118db1a7fff,20,3.0,,,,8.27,13.31,13.4,6.06,7.01,10.65
2025-12-17T02:17:44.801963,Recipe_B,ca4e2b3e-360b-4bf9-859c-5118db1a7fff,20,3.0,,,,6.76,11.19,10.57,11.01,12.55,12.32
2025-12-17T02:17:45.801963,Recipe_B,ca4e2b3e-360b-4bf9-859c-5118db1a7fff,20,3.0,,,,9.03,11.99,12.77,10.76,10.92,9.95
2025-12-17T02:17:46.801963,Recipe_B,ca4e2b3e-360b-4bf9-859c-5118db1a7fff,20,3.0,,,,9.65,10.56,9.58,10.74,8.96,8.06
2025-12-17T02:17:47.801963,Recipe_B,ca4e2b3e-360b-4bf9-859c-5118db1a7fff,20,3.0,,,,5.32,7.11,7.19,9.43,9.91,7.72
2025-12-17T02:17:48.801963,Recipe_B,ca4e2b3e-360b-4bf9-859c-5118db1a7fff,20,3.0,,,,13.55,8.4,10.29,8.77,8.39,11.5
2025-12-17T02:17:49.801963,Recipe_B,ca4e2b3e-360b-4bf9-859c-5118db1a7fff,20,3.0,,,,11.84,11.43,9.58,8.73,9.67,6.15
2025-12-17T02:17:50.801963,Recipe_B,ca4e2b3e-360b-4bf9-859c-5118db1a7fff,20,3.0,,,,10.02,9.5,12.71,7.83,4.85,9.59
2025-12-17T02:17:51.801963,Recipe_B,ca4e2b3e-360b-4bf9-859c-5118db1a7fff,20,3.0,,,,7.01,13.77,10.66,5.41,10.99,13.75
2025-12-17T02:17:52.801963,Recipe_B,ca4e2b3e-360b-4bf9-859c-5118db1a7fff,20,3.0,,,,11.71,7.34,9.82,11.12,8.98,9.57
2025-12-17T02:17:53.801963,Recipe_B,ca4e2b3e-360b-4bf9-859c-5118db1a7fff,20,3.0,,,,9.32,11.04,11.26,8.23,7.98,8.72
2025-12-17T02:17:54.801963,Recipe_B,ca4e2b3e-360b-4bf9-859c-5118db1a7fff,20,3.0,,,,11.52,8.88,8.35,12.89,11.86,12.73
2025-12-17T02:17:55.801963,Recipe_B,ca4e2b3e-360b-4bf9-859c-5118db1a7fff,20,3.0,,,,7.26,10.48,10.71,10.24,10.19,7.76
2025-12-17T02:17:56.801963,Recipe_B,ca4e2b3e-360b-4bf9-859c-5118db1a7fff,20,3.0,,,,8.21,12.35,13.42,9.9,10.5,8.09
2025-12-17T02:17:57.801963,Recipe_B,ca4e2b3e-360b-4bf9-859c-5118db1a7fff,20,3.0,,,,7.89,10.47,8.79,8.75,7.84,7.92
2025-12-17T02:17:58.801963,Recipe_B,ca4e2b3e-360b-4bf9-859c-5118db1a7fff,20,3.0,,,,10.15,4.15,10.13,10.26,13.89,10.37
2025-12-17T02:17:59.801963,Recipe_B,ca4e2b3e-360b-4bf9-859c-5118db1a7fff,20,3.0,,,,10.85,7.61,11.07,13.56,9.56,4.37
2025-12-17T02:18:00.801963,Recipe_B,ca4e2b3e-360b-4bf9-859c-5118db1a7fff,20,3.0,,,,10.78,11.13,6.25,10.95,10.08,8.81
2025-12-17T02:18:01.801963,Recipe_B,ca4e2b3e-360b-4bf9-859c-5118db1a7fff,20,3.0,,,,7.63,7.13,12.19,10.7,10.68,13.98
2025-12-17T02:18:02.801963,Recipe_B,ca4e2b3e-360b-4bf9-859c-5118db1a7fff,20,3.0,,,,11.02,9.47,11.01,13.17,10.17,11.96
2025-12-17T02:18:03.801963,Recipe_B,ca4e2b3e-360b-4bf9-859c-5118db1a7fff,20,3.0,,,,7.58,8.47,11.46,7.02,11.17,12.29
2025-12-17T02:18:04.801963,Recipe_B,ca4e2b3e-360b-4bf9-859c-5118db1a7fff,20,4.0,,,,105.35,46.31,51.49,51.69,40.77,45.27
2025-12-17T02:18:05.801963,Recipe_B,ca4e2b3e-360b-4bf9-859c-5118db1a7fff,20,4.0,,,,104.81,45.47,50.13,45.86,46.71,56.13
2025-12-17T02:18:06.801963,Recipe_B,ca4e2b3e-360b-4bf9-859c-5118db1a7fff,20,4.0,,,,100.34,45.94,54.78,51.35,48.13,53.11
2025-12-17T02:18:07.801963,Recipe_B,ca4e2b3e-360b-4bf9-859c-5118db1a7fff,20,4.0,,,,91.53,40.54,45.71,45.38,57.39,48.33
2025-12-17T02:18:08.801963,Recipe_B,ca4e2b3e-360b-4bf9-859c-5118db1a7fff,20,4.0,,,,100.59,47.64,54.41,47.79,55.06,47.03
2025-12-17T02:18:09.801963,Recipe_B,ca4e2b3e-360b-4bf9-859c-5118db1a7fff,20,4.0,,,,90.16,54.81,60.0,54.97,51.47,50.62
2025-12-17T02:18:10.801963,Recipe_B,ca4e2b3e-360b-4bf9-859c-5118db1a7fff,20,4.0,,,,101.24,41.17,41.69,45.07,46.68,52.39
2025-12-17T02:18:11.801963,Recipe_B,ca4e2b3e-360b-4bf9-859c-5118db1a7fff,20,4.0,,,,95.25,44.86,56.44,51.19,55.64,49.65
2025-12-17T02:18:12.801963,Recipe_B,ca4e2b3e-360b-4bf9-859c-5118db1a7fff,20,4.0,,,,105.51,56.08,56.43,48.09,50.4,54.69
2025-12-17T02:18:13.801963,Recipe_B,ca4e2b3e-360b-4bf9-859c-5118db1a7fff,20,0.0,,,,0.0,0.0,0.0,0.0,0.0,0.0
2025-12-17T02:18:14.801963,Recipe_B,ca4e2b3e-360b-4bf9-859c-5118db1a7fff,20,0.0,,,,0.0,0.0,0.0,0.0,0.0,0.0
2025-12-17T02:18:15.801963,Recipe_B,ca4e2b3e-360b-4bf9-859c-5118db1a7fff,20,0.0,,,,0.0,0.0,0.0,0.0,0.0,0.0
2025-12-17T02:18:16.801963,Recipe_B,ca4e2b3e-360b-4bf9-859c-5118db1a7fff,20,0.0,,,,0.0,0.0,0.0,0.0,0.0,0.0
2025-12-17T02:18:17.801963,Recipe_B,ca4e2b3e-360b-4bf9-859c-5118db1a7fff,20,0.0,,,,0.0,0.0,0.0,0.0,0.0,0.0
2025-12-17T02:18:18.801963,Recipe_B,ca4e2b3e-360b-4bf9-859c-5118db1a7fff,20,0.0,,,,0.0,0.0,0.0,0.0,0.0,0.0
2025-12-17T02:18:19.801963,Recipe_B,ca4e2b3e-360b-4bf9-859c-5118db1a7fff,20,0.0,,,,0.0,0.0,0.0,0.0,0.0,0.0
2025-12-17T02:18:20.801963,Recipe_B,ca4e2b3e-360b-4bf9-859c-5118db1a7fff,20,0.0,,,,0.0,0.0,0.0,0.0,0.0,0.0
2025-12-17T02:18:21.801963,Recipe_B,ca4e2b3e-360b-4bf9-859c-5118db1a7fff,20,0.0,,,,0.0,0.0,0.0,0.0,0.0,0.0
2025-12-17T02:18:22.801963,Recipe_B,ca4e2b3e-360b-4bf9-859c-5118db1a7fff,20,0.0,,,,0.0,0.0,0.0,0.0,0.0,0.0
2025-12-17T02:18:23.801963,Recipe_B,ca4e2b3e-360b-4bf9-859c-5118db1a7fff,20,0.0,,,,0.0,0.0,0.0,0.0,0.0,0.0
2025-12-17T02:18:24.801963,Recipe_B,ca4e2b3e-360b-4bf9-859c-5118db1a7fff,20,0.0,,,,0.0,0.0,0.0,0.0,0.0,0.0
2025-12-17T02:18:25.801963,Recipe_B,ca4e2b3e-360b-4bf9-859c-5118db1a7fff,20,0.0,,,,0.0,0.0,0.0,0.0,0.0,0.0
2025-12-17T02:18:26.801963,Recipe_B,ca4e2b3e-360b-4bf9-859c-5118db1a7fff,20,0.0,,,,0.0,0.0,0.0,0.0,0.0,0.0
2025-12-17T02:18:27.801963,Recipe_B,ca4e2b3e-360b-4bf9-859c-5118db1a7fff,20,0.0,,,,0.0,0.0,0.0,0.0,0.0,0.0
2025-12-17T02:18:28.801963,Recipe_B,ca4e2b3e-360b-4bf9-859c-5118db1a7fff,20,0.0,,,,0.0,0.0,0.0,0.0,0.0,0.0
2025-12-17T02:18:29.801963,Recipe_B,ca4e2b3e-360b-4bf9-859c-5118db1a7fff,20,0.0,,,,0.0,0.0,0.0,0.0,0.0,0.0
2025-12-17T02:18:30.801963,Recipe_B,ca4e2b3e-360b-4bf9-859c-5118db1a7fff,20,3.0,,,,9.51,9.43,9.66,8.73,11.77,12.64
2025-12-17T02:18:31.801963,Recipe_B,ca4e2b3e-360b-4bf9-859c-5118db1a7fff,20,3.0,,,,8.21,13.34,10.45,10.04,8.61,12.08
2025-12-17T02:18:32.801963,Recipe_B,ca4e2b3e-360b-4bf9-859c-5118db1a7fff,20,3.0,,,,11.96,8.91,8.15,8.69,14.17,12.76
2025-12-17T02:18:33.801963,Recipe_B,ca4e2b3e-360b-4bf9-859c-5118db1a7fff,20,3.0,,,,9.14,9.68,9.32,5.45,4.48,7.76
2025-12-17T02:18:34.801963,Recipe_B,ca4e2b3e-360b-4bf9-859c-5118db1a7fff,20,3.0,,,,12.66,7.28,12.81,9.87,14.63,12.17
2025-12-17T02:18:35.801963,Recipe_B,ca4e2b3e-360b-4bf9-859c-5118db1a7fff,20,3.0,,,,11.82,8.5,11.66,7.92,10.03,6.91
2025-12-17T02:18:36.801963,Recipe_B,ca4e2b3e-360b-4bf9-859c-5118db1a7fff,20,3.0,,,,12.1,11.35,10.37,6.96,7.93,10.57
2025-12-17T02:18:37.801963,Recipe_B,ca4e2b3e-360b-4bf9-859c-5118db1a7fff,20,3.0,,,,12.24,12.01,7.84,10.96,10.22,8.59
2025-12-17T02:18:38.801963,Recipe_B,ca4e2b3e-360b-4bf9-859c-5118db1a7fff,20,3.0,,,,7.74,11.66,8.76,11.98,11.03,7.01
2025-12-17T02:18:39.801963,Recipe_B,ca4e2b3e-360b-4bf9-859c-5118db1a7fff,20,3.0,,,,11.38,12.04,9.08,11.05,7.67,8.47
2025-12-17T02:18:40.801963,Recipe_B,ca4e2b3e-360b-4bf9-859c-5118db1a7fff,20,3.0,,,,10.35,9.72,11.16,7.52,9.3,10.61
2025-12-17T02:18:41.801963,Recipe_B,ca4e2b3e-360b-4bf9-859c-5118db1a7fff,20,3.0,,,,9.17,7.58,9.24,7.79,7.68,10.55
2025-12-17T02:18:42.801963,Recipe_B,ca4e2b3e-360b-4bf9-859c-5118db1a7fff,20,3.0,,,,9.16,10.86,8.57,8.08,6.24,9.58
2025-12-17T02:18:43.801963,Recipe_B,ca4e2b3e-360b-4bf9-859c-5118db1a7fff,20,3.0,,,,8.77,9.09,9.21,8.86,14.57,9.08
2025-12-17T02:18:44.801963,Recipe_B,ca4e2b3e-360b-4bf9-859c-5118db1a7fff,20,3.0,,,,10.36,13.56,6.7,9.91,9.54,9.14
2025-12-17T02:18:45.801963,Recipe_B,ca4e2b3e-360b-4bf9-859c-5118db1a7fff,20,3.0,,,,7.46,12.42,11.63,10.57,10.68,5.09
2025-12-17T02:18:46.801963,Recipe_B,ca4e2b3e-360b-4bf9-859c-5118db1a7fff,20,3.0,,,,9.76,11.05,7.33,9.41,10.89,9.42
2025-12-17T02:18:47.801963,Recipe_B,ca4e2b3e-360b-4bf9-859c-5118db1a7fff,20,3.0,,,,9.22,10.81,12.39,8.24,10.36,7.69
2025-12-17T02:18:48.801963,Recipe_B,ca4e2b3e-360b-4bf9-859c-5118db1a7fff,20,3.0,,,,11.14,9.05,8.39,8.86,10.13,11.71
2025-12-17T02:18:49.801963,Recipe_B,ca4e2b3e-360b-4bf9-859c-5118db1a7fff,20,3.0,,,,6.47,12.88,12.34,11.48,9.51,12.27
2025-12-17T02:18:50.801963,Recipe_B,ca4e2b3e-360b-4bf9-859c-5118db1a7fff,20,3.0,,,,7.33,10.82,9.62,9.05,10.18,9.35
2025-12-17T02:18:51.801963,Recipe_B,ca4e2b3e-360b-4bf9-859c-5118db1a7fff,20,3.0,,,,10.32,12.21,12.31,10.26,10.73,11.61
2025-12-17T02:18:52.801963,Recipe_B,ca4e2b3e-360b-4bf9-859c-5118db1a7fff,20,3.0,,,,11.38,12.03,10.51,9.08,11.65,8.68
2025-12-17T02:18:52.801963,Recipe_B,ca4e2b3e-360b-4bf9-859c-5118db1a7fff,20,3.0,Warning_5,Simulated Warning occurred,Warning,,,,,,
2025-12-17T02:18:53.801963,Recipe_B,ca4e2b3e-360b-4bf9-859c-5118db1a7fff,20,3.0,,,,10.67,8.75,12.1,10.28,10.27,10.7
2025-12-17T02:18:54.801963,Recipe_B,ca4e2b3e-360b-4bf9-859c-5118db1a7fff,20,3.0,,,,11.69,8.65,9.45,14.63,9.28,7.39
2025-12-17T02:18:55.801963,Recipe_B,ca4e2b3e-360b-4bf9-859c-5118db1a7fff,20,2.0,,,,12.64,11.64,10.35,9.21,10.26,12.15
2025-12-17T02:18:56.801963,Recipe_B,ca4e2b3e-360b-4bf9-859c-5118db1a7fff,20,5.0,,,,11.64,9.89,7.45,10.35,7.39,7.45
2025-12-17T02:18:57.801963,Recipe_B,ca4e2b3e-360b-4bf9-859c-5118db1a7fff,20,5.0,,,,7.32,10.53,8.55,8.02,13.26,7.02
2025-12-17T02:18:58.801963,Recipe_B,ca4e2b3e-360b-4bf9-859c-5118db1a7fff,20,5.0,,,,9.89,13.26,11.44,6.63,11.95,11.13
2025-12-17T02:18:59.801963,Recipe_B,ca4e2b3e-360b-4bf9-859c-5118db1a7fff,20,5.0,,,,8.13,8.18,15.18,9.28,10.1,7.78
2025-12-17T02:19:00.801963,Recipe_B,ca4e2b3e-360b-4bf9-859c-5118db1a7fff,20,3.0,,,,10.15,11.28,11.0,11.84,9.29,13.2
2025-12-17T02:19:01.801963,Recipe_B,ca4e2b3e-360b-4bf9-859c-5118db1a7fff,20,3.0,,,,11.89,11.34,7.55,11.8,9.78,8.52
2025-12-17T02:19:02.801963,Recipe_B,ca4e2b3e-360b-4bf9-859c-5118db1a7fff,20,3.0,,,,8.26,7.92,7.59,8.08,12.77,11.2
2025-12-17T02:19:03.801963,Recipe_B,ca4e2b3e-360b-4bf9-859c-5118db1a7fff,20,3.0,,,,8.63,11.56,12.95,10.81,10.53,9.21
2025-12-17T02:19:04.801963,Recipe_B,ca4e2b3e-360b-4bf9-859c-5118db1a7fff,20,3.0,,,,6.77,8.31,10.39,8.4,6.36,12.94
2025-12-17T02:19:05.801963,Recipe_B,ca4e2b3e-360b-4bf9-859c-5118db1a7fff,20,3.0,,,,9.73,10.42,8.37,10.82,8.41,7.25
2025-12-17T02:19:06.801963,Recipe_B,ca4e2b3e-360b-4bf9-859c-5118db1a7fff,20,3.0,,,,7.79,12.18,12.6,10.98,7.63,13.7
2025-12-17T02:19:07.801963,Recipe_B,ca4e2b3e-360b-4bf9-859c-5118db1a7fff,20,3.0,,,,11.12,12.94,6.96,9.45,11.32,11.02
2025-12-17T02:19:08.801963,Recipe_B,ca4e2b3e-360b-4bf9-859c-5118db1a7fff,20,3.0,,,,10.11,11.11,14.17,6.71,9.6,13.37
2025-12-17T02:19:09.801963,Recipe_B,ca4e2b3e-360b-4bf9-859c-5118db1a7fff,20,3.0,,,,7.73,11.07,11.09,7.4,11.48,11.37
2025-12-17T02:19:10.801963,Recipe_B,ca4e2b3e-360b-4bf9-859c-5118db1a7fff,20,3.0,,,,9.47,11.01,9.44,10.8,7.82,7.68
2025-12-17T02:19:11.801963,Recipe_B,ca4e2b3e-360b-4bf9-859c-5118db1a7fff,20,3.0,,,,8.95,10.67,9.54,12.24,10.07,10.43
2025-12-17T02:19:12.801963,Recipe_B,ca4e2b3e-360b-4bf9-859c-5118db1a7fff,20,3.0,,,,8.7,9.28,8.81,6.47,9.13,9.89
2025-12-17T02:19:13.801963,Recipe_B,ca4e2b3e-360b-4bf9-859c-5118db1a7fff,20,3.0,,,,8.81,8.31,9.36,11.36,12.98,8.84
2025-12-17T02:19:13.801963,Recipe_B,ca4e2b3e-360b-4bf9-859c-5118db1a7fff,20,3.0,Warning_8,Simulated Warning occurred,Warning,,,,,,
2025-12-17T02:19:14.801963,Recipe_B,ca4e2b3e-360b-4bf9-859c-5118db1a7fff,20,3.0,,,,12.86,8.51,8.24,11.25,11.25,9.56
2025-12-17T02:19:15.801963,Recipe_B,ca4e2b3e-360b-4bf9-859c-5118db1a7fff,20,3.0,,,,6.99,8.9,8.73,10.65,4.62,12.95
2025-12-17T02:19:16.801963,Recipe_B,ca4e2b3e-360b-4bf9-859c-5118db1a7fff,20,3.0,,,,9.25,7.81,11.63,10.23,9.94,9.88
2025-12-17T02:19:17.801963,Recipe_B,ca4e2b3e-360b-4bf9-859c-5118db1a7fff,20,3.0,,,,9.01,13.5,10.96,7.48,12.76,9.8
2025-12-17T02:19:18.801963,Recipe_B,ca4e2b3e-360b-4bf9-859c-5118db1a7fff,20,3.0,,,,6.06,10.48,9.45,7.4,9.97,6.5
2025-12-17T02:19:19.801963,Recipe_B,ca4e2b3e-360b-4bf9-859c-5118db1a7fff,20,1.0,,,,7.44,8.64,7.3,13.46,11.41,10.23
2025-12-17T02:19:20.801963,Recipe_B,ca4e2b3e-360b-4bf9-859c-5118db1a7fff,20,1.0,,,,8.99,10.23,8.58,10.04,10.45,11.34
2025-12-17T02:19:21.801963,Recipe_B,ca4e2b3e-360b-4bf9-859c-5118db1a7fff,20,1.0,,,,8.4,10.86,5.01,8.24,10.51,9.35
2025-12-17T02:19:22.801963,Recipe_B,ca4e2b3e-360b-4bf9-859c-5118db1a7fff,20,1.0,,,,10.05,8.59,10.61,7.9,8.4,10.48
2025-12-17T02:19:23.801963,Recipe_B,ca4e2b3e-360b-4bf9-859c-5118db1a7fff,20,1.0,,,,11.46,9.0,10.85,11.32,8.49,12.04
2025-12-17T02:19:24.801963,Recipe_B,ca4e2b3e-360b-4bf9-859c-5118db1a7fff,20,1.0,,,,11.46,10.38,9.35,12.29,9.27,9.51
2025-12-17T02:19:25.801963,Recipe_B,ca4e2b3e-360b-4bf9-859c-5118db1a7fff,20,1.0,,,,10.11,9.62,11.31,10.02,12.66,6.32
2025-12-17T02:19:26.801963,Recipe_B,ca4e2b3e-360b-4bf9-859c-5118db1a7fff,20,1.0,,,,14.41,8.85,7.17,9.47,9.5,10.45
2025-12-17T02:19:27.801963,Recipe_B,ca4e2b3e-360b-4bf9-859c-5118db1a7fff,20,1.0,,,,14.02,14.38,8.68,13.44,6.96,8.95
2025-12-17T02:19:28.801963,Recipe_B,ca4e2b3e-360b-4bf9-859c-5118db1a7fff,20,1.0,,,,8.57,9.47,9.96,10.39,10.01,7.64
2025-12-17T02:19:29.801963,Recipe_B,ca4e2b3e-360b-4bf9-859c-5118db1a7fff,20,1.0,,,,9.93,10.27,10.17,9.08,6.42,9.71
2025-12-17T02:19:30.801963,Recipe_B,ca4e2b3e-360b-4bf9-859c-5118db1a7fff,20,1.0,,,,8.3,9.34,12.13,9.74,10.43,9.94
2025-12-17T02:19:31.801963,Recipe_B,ca4e2b3e-360b-4bf9-859c-5118db1a7fff,20,1.0,,,,7.87,7.46,12.18,10.25,12.13,9.81
2025-12-17T02:19:32.801963,Recipe_B,ca4e2b3e-360b-4bf9-859c-5118db1a7fff,20,1.0,,,,8.71,10.24,9.66,8.44,7.07,10.72
2025-12-17T02:19:33.801963,Recipe_B,ca4e2b3e-360b-4bf9-859c-5118db1a7fff,20,1.0,,,,7.69,9.8,10.33,11.8,9.59,9.74
2025-12-17T02:19:34.801963,Recipe_B,ca4e2b3e-360b-4bf9-859c-5118db1a7fff,20,1.0,,,,8.21,10.16,8.3,5.12,10.82,10.21
2025-12-17T02:19:35.801963,Recipe_B,ca4e2b3e-360b-4bf9-859c-5118db1a7fff,20,1.0,,,,9.41,12.41,8.96,9.89,11.32,10.56
2025-12-17T02:19:36.801963,Recipe_B,ca4e2b3e-360b-4bf9-859c-5118db1a7fff,20,1.0,,,,9.94,13.71,11.42,10.55,10.99,8.33
2025-12-17T02:19:37.801963,Recipe_B,ca4e2b3e-360b-4bf9-859c-5118db1a7fff,20,1.0,,,,12.96,9.19,7.31,5.92,10.65,8.72
2025-12-17T02:19:37.801963,Recipe_B,ca4e2b3e-360b-4bf9-859c-5118db1a7fff,20,1.0,Warning_9,Simulated Warning occurred,Warning,,,,,,
2025-12-17T02:19:38.801963,Recipe_B,ca4e2b3e-360b-4bf9-859c-5118db1a7fff,20,1.0,,,,7.57,13.07,9.78,13.08,12.54,11.52
2025-12-17T02:19:39.801963,Recipe_B,ca4e2b3e-360b-4bf9-859c-5118db1a7fff,20,1.0,,,,8.63,12.08,13.32,11.74,11.33,10.62
2025-12-17T02:19:40.801963,Recipe_B,ca4e2b3e-360b-4bf9-859c-5118db1a7fff,20,1.0,,,,9.68,9.26,9.64,8.56,9.8,12.76
2025-12-17T02:19:41.801963,Recipe_B,ca4e2b3e-360b-4bf9-859c-5118db1a7fff,20,1.0,,,,7.95,6.65,7.62,12.51,6.98,12.79
2025-12-17T02:19:42.801963,Recipe_B,ca4e2b3e-360b-4bf9-859c-5118db1a7fff,20,1.0,,,,9.54,10.39,8.94,12.64,12.14,8.92
2025-12-17T02:19:43.801963,Recipe_B,ca4e2b3e-360b-4bf9-859c-5118db1a7fff,20,1.0,,,,8.9,10.6,16.38,11.97,9.81,13.83
2025-12-17T02:19:44.801963,Recipe_B,ca4e2b3e-360b-4bf9-859c-5118db1a7fff,20,1.0,,,,9.12,12.08,11.82,6.24,10.28,5.43
2025-12-17T02:19:45.801963,Recipe_B,ca4e2b3e-360b-4bf9-859c-5118db1a7fff,20,1.0,,,,10.91,6.56,8.66,8.27,10.62,7.76
2025-12-17T02:19:46.801963,Recipe_B,ca4e2b3e-360b-4bf9-859c-5118db1a7fff,20,1.0,,,,8.5,10.47,14.71,11.95,11.49,10.63
2025-12-17T02:19:47.801963,Recipe_B,ca4e2b3e-360b-4bf9-859c-5118db1a7fff,20,1.0,,,,11.63,10.01,8.17,12.92,10.1,11.68
2025-12-17T02:19:48.801963,Recipe_B,ca4e2b3e-360b-4bf9-859c-5118db1a7fff,20,1.0,,,,10.19,14.15,8.8,9.5,8.38,11.09
2025-12-17T02:19:49.801963,Recipe_B,ca4e2b3e-360b-4bf9-859c-5118db1a7fff,20,1.0,,,,8.56,10.77,7.39,11.51,12.5,5.84
2025-12-17T02:19:50.801963,Recipe_B,ca4e2b3e-360b-4bf9-859c-5118db1a7fff,20,1.0,,,,7.29,8.55,12.9,9.03,7.73,8.45
2025-12-17T02:19:51.801963,Recipe_B,ca4e2b3e-360b-4bf9-859c-5118db1a7fff,20,1.0,,,,10.79,13.76,7.71,9.83,12.58,8.76
2025-12-17T02:19:52.801963,Recipe_B,ca4e2b3e-360b-4bf9-859c-5118db1a7fff,20,1.0,,,,9.78,7.33,6.52,9.4,10.31,10.58
2025-12-17T02:19:53.801963,Recipe_B,ca4e2b3e-360b-4bf9-859c-5118db1a7fff,20,1.0,,,,10.08,11.57,8.79,10.35,13.36,11.15
2025-12-17T02:19:54.801963,Recipe_B,ca4e2b3e-360b-4bf9-859c-5118db1a7fff,20,1.0,,,,12.39,11.2,10.32,7.81,9.58,5.61
2025-12-17T02:19:55.801963,Recipe_B,ca4e2b3e-360b-4bf9-859c-5118db1a7fff,20,1.0,,,,11.34,7.45,8.67,8.28,11.86,9.08
2025-12-17T02:19:56.801963,Recipe_B,ca4e2b3e-360b-4bf9-859c-5118db1a7fff,20,2.0,,,,12.52,7.99,11.6,10.88,10.13,9.47
2025-12-17T02:19:57.801963,Recipe_B,ca4e2b3e-360b-4bf9-859c-5118db1a7fff,20,2.0,,,,8.22,12.15,9.84,8.87,12.3,8.58
2025-12-17T02:19:58.801963,Recipe_B,ca4e2b3e-360b-4bf9-859c-5118db1a7fff,20,2.0,,,,13.9,10.39,12.31,10.78,7.25,10.92
2025-12-17T02:19:59.801963,Recipe_B,ca4e2b3e-360b-4bf9-859c-5118db1a7fff,20,2.0,,,,12.67,8.24,10.84,12.38,11.53,15.22
2025-12-17T02:20:00.801963,Recipe_B,ca4e2b3e-360b-4bf9-859c-5118db1a7fff,20,2.0,,,,9.48,11.15,11.49,9.21,8.38,8.04
2025-12-17T02:20:01.801963,Recipe_B,ca4e2b3e-360b-4bf9-859c-5118db1a7fff,20,2.0,,,,11.22,8.36,10.19,6.8,8.56,9.95
2025-12-17T02:20:02.801963,Recipe_B,ca4e2b3e-360b-4bf9-859c-5118db1a7fff,20,2.0,,,,9.99,12.3,12.47,7.8,12.43,9.87
2025-12-17T02:20:03.801963,Recipe_B,ca4e2b3e-360b-4bf9-859c-5118db1a7fff,20,2.0,,,,9.48,11.63,8.7,12.2,5.45,9.7
2025-12-17T02:20:04.801963,Recipe_B,ca4e2b3e-360b-4bf9-859c-5118db1a7fff,20,2.0,,,,11.48,11.39,10.74,8.09,6.71,11.18
2025-12-17T02:20:05.801963,Recipe_B,ca4e2b3e-360b-4bf9-859c-5118db1a7fff,20,2.0,,,,9.77,10.69,9.87,11.09,8.94,8.02
2025-12-17T02:20:06.801963,Recipe_B,ca4e2b3e-360b-4bf9-859c-5118db1a7fff,20,2.0,,,,12.32,8.91,12.15,12.97,13.62,13.7
2025-12-17T02:20:07.801963,Recipe_B,ca4e2b3e-360b-4bf9-859c-5118db1a7fff,20,2.0,,,,10.72,9.18,7.03,11.52,12.49,8.01
2025-12-17T02:20:08.801963,Recipe_B,ca4e2b3e-360b-4bf9-859c-5118db1a7fff,20,2.0,,,,9.98,12.19,7.49,7.17,9.26,8.52
2025-12-17T02:20:09.801963,Recipe_B,ca4e2b3e-360b-4bf9-859c-5118db1a7fff,20,2.0,,,,12.1,7.48,10.96,9.25,9.57,8.11
2025-12-17T02:20:10.801963,Recipe_B,ca4e2b3e-360b-4bf9-859c-5118db1a7fff,20,2.0,,,,8.71,10.6,8.88,11.5,8.89,10.07
2025-12-17T02:20:11.801963,Recipe_B,ca4e2b3e-360b-4bf9-859c-5118db1a7fff,20,2.0,,,,12.38,10.44,10.54,12.62,9.98,9.13
2025-12-17T02:20:12.801963,Recipe_B,ca4e2b3e-360b-4bf9-859c-5118db1a7fff,20,2.0,,,,13.2,11.23,7.33,8.8,6.28,7.79
2025-12-17T02:20:13.801963,Recipe_B,ca4e2b3e-360b-4bf9-859c-5118db1a7fff,20,2.0,,,,9.71,5.18,9.01,12.33,9.86,5.31
2025-12-17T02:20:13.801963,Recipe_B,ca4e2b3e-360b-4bf9-859c-5118db1a7fff,20,2.0,Warning_10,Simulated Warning occurred,Warning,,,,,,
2025-12-17T02:20:14.801963,Recipe_B,ca4e2b3e-360b-4bf9-859c-5118db1a7fff,20,2.0,,,,9.55,11.1,11.61,11.51,12.62,9.99
2025-12-17T02:20:15.801963,Recipe_B,ca4e2b3e-360b-4bf9-859c-5118db1a7fff,20,2.0,,,,8.81,8.66,9.98,11.63,11.29,10.02
2025-12-17T02:20:16.801963,Recipe_B,ca4e2b3e-360b-4bf9-859c-5118db1a7fff,20,2.0,,,,10.09,10.01,13.16,11.25,9.64,12.42
2025-12-17T02:20:17.801963,Recipe_B,ca4e2b3e-360b-4bf9-859c-5118db1a7fff,20,2.0,,,,10.42,10.42,10.37,11.18,8.14,12.51
2025-12-17T02:20:18.801963,Recipe_B,ca4e2b3e-360b-4bf9-859c-5118db1a7fff,20,2.0,,,,11.98,10.1,10.41,14.08,7.16,8.56
2025-12-17T02:20:19.801963,Recipe_B,ca4e2b3e-360b-4bf9-859c-5118db1a7fff,20,2.0,,,,9.35,8.94,9.41,4.95,10.2,9.04
2025-12-17T02:20:20.801963,Recipe_B,ca4e2b3e-360b-4bf9-859c-5118db1a7fff,20,2.0,,,,12.02,8.67,9.42,10.17,13.08,14.6
2025-12-17T02:20:21.801963,Recipe_B,ca4e2b3e-360b-4bf9-859c-5118db1a7fff,20,2.0,,,,12.91,11.92,9.76,7.56,8.59,14.74
2025-12-17T02:20:22.801963,Recipe_B,ca4e2b3e-360b-4bf9-859c-5118db1a7fff,20,2.0,,,,12.67,10.24,7.53,11.28,9.94,10.89
2025-12-17T02:20:23.801963,Recipe_B,ca4e2b3e-360b-4bf9-859c-5118db1a7fff,20,2.0,,,,11.55,9.42,10.97,5.26,11.81,12.64
2025-12-17T02:20:24.801963,Recipe_B,ca4e2b3e-360b-4bf9-859c-5118db1a7fff,20,0.0,,,,0.0,0.0,0.0,0.0,0.0,0.0
2025-12-17T02:20:25.801963,Recipe_B,ca4e2b3e-360b-4bf9-859c-5118db1a7fff,20,0.0,,,,0.0,0.0,0.0,0.0,0.0,0.0
2025-12-17T02:20:26.801963,Recipe_B,ca4e2b3e-360b-4bf9-859c-5118db1a7fff,20,0.0,,,,0.0,0.0,0.0,0.0,0.0,0.0
2025-12-17T02:20:27.801963,Recipe_B,ca4e2b3e-360b-4bf9-859c-5118db1a7fff,20,4.0,,,,101.85,50.99,46.45,49.56,54.01,42.43
2025-12-17T02:20:28.801963,Recipe_B,ca4e2b3e-360b-4bf9-859c-5118db1a7fff,20,4.0,,,,105.49,58.08,60.53,48.59,48.31,55.94
2025-12-17T02:20:29.801963,Recipe_B,ca4e2b3e-360b-4bf9-859c-5118db1a7fff,20,4.0,,,,103.15,43.34,57.25,53.52,48.71,44.5
2025-12-17T02:20:30.801963,Recipe_B,ca4e2b3e-360b-4bf9-859c-5118db1a7fff,20,4.0,,,,99.24,50.04,36.53,59.14,42.54,56.23
2025-12-17T02:20:31.801963,Recipe_B,ca4e2b3e-360b-4bf9-859c-5118db1a7fff,20,4.0,,,,101.59,44.93,46.07,45.53,56.05,53.97
2025-12-17T02:20:32.801963,Recipe_B,ca4e2b3e-360b-4bf9-859c-5118db1a7fff,20,4.0,,,,96.66,46.48,56.7,43.74,58.01,52.81
2025-12-17T02:20:33.801963,Recipe_B,ca4e2b3e-360b-4bf9-859c-5118db1a7fff,20,4.0,,,,100.28,45.1,53.14,44.68,51.21,50.54
2025-12-17T02:20:34.801963,Recipe_B,ca4e2b3e-360b-4bf9-859c-5118db1a7fff,20,4.0,,,,96.3,49.68,49.01,44.41,35.5,50.92
2025-12-17T02:20:35.801963,Recipe_B,ca4e2b3e-360b-4bf9-859c-5118db1a7fff,20,4.0,,,,108.72,49.55,41.76,40.6,44.79,49.47
2025-12-17T02:20:36.801963,Recipe_B,ca4e2b3e-360b-4bf9-859c-5118db1a7fff,20,4.0,,,,104.92,49.68,49.18,50.27,58.7,44.42
2025-12-17T02:20:37.801963,Recipe_B,ca4e2b3e-360b-4bf9-859c-5118db1a7fff,20,4.0,,,,102.14,46.08,41.43,51.62,53.19,47.72
2025-12-17T02:20:38.801963,Recipe_B,ca4e2b3e-360b-4bf9-859c-5118db1a7fff,20,1.0,,,,11.28,8.85,10.46,10.13,10.51,10.34
2025-12-17T02:20:39.801963,Recipe_B,ca4e2b3e-360b-4bf9-859c-5118db1a7fff,20,1.0,,,,13.02,12.05,12.78,10.64,7.39,11.38
2025-12-17T02:20:40.801963,Recipe_B,ca4e2b3e-360b-4bf9-859c-5118db1a7fff,20,1.0,,,,10.45,9.24,8.22,10.33,6.26,7.35
2025-12-17T02:20:41.801963,Recipe_B,ca4e2b3e-360b-4bf9-859c-5118db1a7fff,20,1.0,,,,7.71,11.5,13.04,8.33,7.23,10.19
2025-12-17T02:20:42.801963,Recipe_B,ca4e2b3e-360b-4bf9-859c-5118db1a7fff,20,1.0,,,,9.86,10.28,10.2,15.12,9.05,10.03
2025-12-17T02:20:43.801963,Recipe_B,ca4e2b3e-360b-4bf9-859c-5118db1a7fff,20,1.0,,,,9.87,10.26,9.95,7.0,12.42,8.49
2025-12-17T02:20:44.801963,Recipe_B,ca4e2b3e-360b-4bf9-859c-5118db1a7fff,20,1.0,,,,9.08,11.02,9.61,11.78,10.99,11.3
2025-12-17T02:20:45.801963,Recipe_B,ca4e2b3e-360b-4bf9-859c-5118db1a7fff,20,1.0,,,,11.06,13.3,7.11,10.6,12.17,8.4
2025-12-17T02:20:46.801963,Recipe_B,ca4e2b3e-360b-4bf9-859c-5118db1a7fff,20,1.0,,,,10.7,14.79,12.23,4.62,11.18,10.62
2025-12-17T02:20:47.801963,Recipe_B,ca4e2b3e-360b-4bf9-859c-5118db1a7fff,20,1.0,,,,5.76,14.02,11.51,12.56,9.06,7.54
2025-12-17T02:20:48.801963,Recipe_B,ca4e2b3e-360b-4bf9-859c-5118db1a7fff,20,1.0,,,,10.52,11.13,11.67,11.01,8.66,11.21
2025-12-17T02:20:49.801963,Recipe_B,ca4e2b3e-360b-4bf9-859c-5118db1a7fff,20,1.0,,,,10.08,9.3,10.46,10.76,9.14,10.9
2025-12-17T02:20:50.801963,Recipe_B,ca4e2b3e-360b-4bf9-859c-5118db1a7fff,20,1.0,,,,13.19,8.72,8.6,11.71,10.86,9.0
2025-12-17T02:20:51.801963,Recipe_B,ca4e2b3e-360b-4bf9-859c-5118db1a7fff,20,1.0,,,,13.99,12.04,12.7,10.65,8.29,10.95
2025-12-17T02:20:52.801963,Recipe_B,ca4e2b3e-360b-4bf9-859c-5118db1a7fff,20,1.0,,,,12.03,9.87,11.89,15.37,9.91,7.95
2025-12-17T02:20:53.801963,Recipe_B,ca4e2b3e-360b-4bf9-859c-5118db1a7fff,20,1.0,,,,8.63,9.79,11.42,13.57,11.81,8.76
2025-12-17T02:20:54.801963,Recipe_B,ca4e2b3e-360b-4bf9-859c-5118db1a7fff,20,1.0,,,,10.02,14.18,7.23,12.41,5.74,11.55
2025-12-17T02:20:55.801963,Recipe_B,ca4e2b3e-360b-4bf9-859c-5118db1a7fff,20,1.0,,,,11.18,7.59,10.77,9.76,11.13,11.89
2025-12-17T02:20:56.801963,Recipe_B,ca4e2b3e-360b-4bf9-859c-5118db1a7fff,20,1.0,,,,10.99,11.14,10.81,11.75,11.28,8.19
2025-12-17T02:20:57.801963,Recipe_B,ca4e2b3e-360b-4bf9-859c-5118db1a7fff,20,1.0,,,,9.55,11.84,9.56,9.34,10.63,9.73
2025-12-17T02:20:58.801963,Recipe_B,ca4e2b3e-360b-4bf9-859c-5118db1a7fff,20,1.0,,,,12.98,10.1,6.57,10.3,8.73,11.56
2025-12-17T02:20:59.801963,Recipe_B,ca4e2b3e-360b-4bf9-859c-5118db1a7fff,20,2.0,,,,10.59,8.83,11.68,14.37,4.42,14.86
2025-12-17T02:21:00.801963,Recipe_B,ca4e2b3e-360b-4bf9-859c-5118db1a7fff,20,2.0,,,,10.75,4.63,13.22,11.06,7.78,6.02
2025-12-17T02:21:01.801963,Recipe_B,ca4e2b3e-360b-4bf9-859c-5118db1a7fff,20,2.0,,,,7.37,9.71,10.58,8.44,12.13,8.02
2025-12-17T02:21:02.801963,Recipe_B,ca4e2b3e-360b-4bf9-859c-5118db1a7fff,20,2.0,,,,7.9,16.11,8.62,14.01,15.03,6.71
2025-12-17T02:21:03.801963,Recipe_B,ca4e2b3e-360b-4bf9-859c-5118db1a7fff,20,2.0,,,,9.11,6.69,8.79,8.99,9.88,7.81
2025-12-17T02:21:04.801963,Recipe_B,ca4e2b3e-360b-4bf9-859c-5118db1a7fff,20,2.0,,,,11.88,7.26,7.11,9.64,7.2,10.02
2025-12-17T02:21:05.801963,Recipe_B,ca4e2b3e-360b-4bf9-859c-5118db1a7fff,20,2.0,,,,10.05,7.7,10.53,11.34,9.7,11.89
2025-12-17T02:21:06.801963,Recipe_B,ca4e2b3e-360b-4bf9-859c-5118db1a7fff,20,2.0,,,,15.66,9.03,11.46,12.5,13.17,2.92
2025-12-17T02:21:07.801963,Recipe_B,ca4e2b3e-360b-4bf9-859c-5118db1a7fff,20,2.0,,,,10.93,11.72,7.29,10.08,8.67,8.87
2025-12-17T02:21:08.801963,Recipe_B,ca4e2b3e-360b-4bf9-859c-5118db1a7fff,20,2.0,,,,11.39,8.42,3.34,8.56,12.59,9.49
2025-12-17T02:21:09.801963,Recipe_B,ca4e2b3e-360b-4bf9-859c-5118db1a7fff,20,2.0,,,,6.12,10.08,9.5,12.81,9.83,11.91
2025-12-17T02:21:10.801963,Recipe_B,ca4e2b3e-360b-4bf9-859c-5118db1a7fff,20,2.0,,,,11.16,11.87,9.44,13.1,8.2,12.9
2025-12-17T02:21:11.801963,Recipe_B,ca4e2b3e-360b-4bf9-859c-5118db1a7fff,20,2.0,,,,8.3,10.6,8.38,10.17,10.41,7.4
2025-12-17T02:21:12.801963,Recipe_B,ca4e2b3e-360b-4bf9-859c-5118db1a7fff,20,2.0,,,,11.17,15.51,14.06,14.48,10.65,12.05
2025-12-17T02:21:13.801963,Recipe_B,ca4e2b3e-360b-4bf9-859c-5118db1a7fff,20,2.0,,,,13.48,10.36,8.85,5.79,6.75,10.48
2025-12-17T02:21:14.801963,Recipe_B,ca4e2b3e-360b-4bf9-859c-5118db1a7fff,20,2.0,,,,9.58,10.58,10.51,6.8,13.07,7.91
2025-12-17T02:21:15.801963,Recipe_B,ca4e2b3e-360b-4bf9-859c-5118db1a7fff,20,2.0,,,,9.12,10.51,10.88,7.25,12.25,12.0
2025-12-17T02:21:16.801963,Recipe_B,ca4e2b3e-360b-4bf9-859c-5118db1a7fff,20,2.0,,,,11.4,10.92,9.92,8.25,6.97,13.11
2025-12-17T02:21:17.801963,Recipe_B,ca4e2b3e-360b-4bf9-859c-5118db1a7fff,20,2.0,,,,11.13,9.28,9.97,6.1,8.42,11.37
2025-12-17T02:21:18.801963,Recipe_B,ca4e2b3e-360b-4bf9-859c-5118db1a7fff,20,2.0,,,,8.17,11.18,6.96,11.98,10.32,10.0
2025-12-17T02:21:19.801963,Recipe_B,ca4e2b3e-360b-4bf9-859c-5118db1a7fff,20,2.0,,,,9.05,9.4,7.31,12.33,12.14,11.24
2025-12-17T02:21:20.801963,Recipe_B,ca4e2b3e-360b-4bf9-859c-5118db1a7fff,20,2.0,,,,14.15,11.88,9.9,11.37,8.84,10.87
2025-12-17T02:21:21.801963,Recipe_B,ca4e2b3e-360b-4bf9-859c-5118db1a7fff,20,2.0,,,,14.64,12.62,5.21,8.21,11.91,15.2
2025-12-17T02:21:22.801963,Recipe_B,ca4e2b3e-360b-4bf9-859c-5118db1a7fff,20,2.0,,,,9.31,9.74,10.4,11.92,9.68,7.31
2025-12-17T02:21:23.801963,Recipe_B,ca4e2b3e-360b-4bf9-859c-5118db1a7fff,20,2.0,,,,10.31,10.81,12.76,9.72,12.22,10.14
2025-12-17T02:21:24.801963,Recipe_B,ca4e2b3e-360b-4bf9-859c-5118db1a7fff,20,2.0,,,,8.87,8.47,8.34,5.22,9.87,7.83
2025-12-17T02:21:25.801963,Recipe_B,ca4e2b3e-360b-4bf9-859c-5118db1a7fff,20,2.0,,,,8.96,11.49,8.3,9.39,9.9,10.73
2025-12-17T02:21:26.801963,Recipe_B,ca4e2b3e-360b-4bf9-859c-5118db1a7fff,20,2.0,,,,11.05,12.28,11.33,7.51,4.19,8.52
2025-12-17T02:21:27.801963,Recipe_B,ca4e2b3e-360b-4bf9-859c-5118db1a7fff,20,2.0,,,,7.69,6.46,13.43,11.38,13.87,11.65
2025-12-17T02:21:28.801963,Recipe_B,ca4e2b3e-360b-4bf9-859c-5118db1a7fff,20,2.0,,,,12.75,5.43,9.01,10.69,10.64,13.0
2025-12-17T02:21:29.801963,Recipe_B,ca4e2b3e-360b-4bf9-859c-5118db1a7fff,20,2.0,,,,12.83,16.34,10.49,11.3,9.03,12.0
2025-12-17T02:21:30.801963,Recipe_B,ca4e2b3e-360b-4bf9-859c-5118db1a7fff,20,2.0,,,,8.95,9.67,10.1,9.46,11.61,11.3
2025-12-17T02:21:31.801963,Recipe_B,ca4e2b3e-360b-4bf9-859c-5118db1a7fff,20,2.0,,,,9.9,11.46,8.99,11.17,13.7,8.31
2025-12-17T02:21:32.801963,Recipe_B,ca4e2b3e-360b-4bf9-859c-5118db1a7fff,20,2.0,,,,13.68,10.49,8.59,10.99,12.26,10.44
2025-12-17T02:21:33.801963,Recipe_B,ca4e2b3e-360b-4bf9-859c-5118db1a7fff,20,2.0,,,,11.24,8.49,8.02,9.17,12.74,7.18
2025-12-17T02:21:34.801963,Recipe_B,ca4e2b3e-360b-4bf9-859c-5118db1a7fff,20,2.0,,,,8.08,7.91,11.79,10.11,12.69,13.17
2025-12-17T02:21:35.801963,Recipe_B,ca4e2b3e-360b-4bf9-859c-5118db1a7fff,20,3.0,,,,9.51,8.13,11.11,6.13,10.56,8.59
2025-12-17T02:21:36.801963,Recipe_B,ca4e2b3e-360b-4bf9-859c-5118db1a7fff,20,3.0,,,,8.74,11.2,11.25,9.88,14.56,13.97
2025-12-17T02:21:37.801963,Recipe_B,ca4e2b3e-360b-4bf9-859c-5118db1a7fff,20,3.0,,,,11.98,9.18,8.54,8.51,9.96,15.73
2025-12-17T02:21:38.801963,Recipe_B,ca4e2b3e-360b-4bf9-859c-5118db1a7fff,20,3.0,,,,11.02,9.11,11.47,4.91,5.26,10.16
2025-12-17T02:21:39.801963,Recipe_B,ca4e2b3e-360b-4bf9-859c-5118db1a7fff,20,3.0,,,,9.45,9.77,9.13,11.51,11.89,7.63
2025-12-17T02:21:40.801963,Recipe_B,ca4e2b3e-360b-4bf9-859c-5118db1a7fff,20,3.0,,,,9.65,14.55,13.72,7.66,11.66,3.82
2025-12-17T02:21:41.801963,Recipe_B,ca4e2b3e-360b-4bf9-859c-5118db1a7fff,20,3.0,,,,10.19,9.75,12.31,10.49,9.92,12.31
2025-12-17T02:21:42.801963,Recipe_B,ca4e2b3e-360b-4bf9-859c-5118db1a7fff,20,3.0,,,,9.89,8.27,8.53,8.71,10.88,9.29
2025-12-17T02:21:43.801963,Recipe_B,ca4e2b3e-360b-4bf9-859c-5118db1a7fff,20,3.0,,,,9.61,9.34,7.93,9.65,10.21,9.74
2025-12-17T02:21:44.801963,Recipe_B,ca4e2b3e-360b-4bf9-859c-5118db1a7fff,20,3.0,,,,13.95,9.71,10.27,5.24,12.48,9.1
2025-12-17T02:21:45.801963,Recipe_B,ca4e2b3e-360b-4bf9-859c-5118db1a7fff,20,3.0,,,,10.6,11.3,8.34,9.59,9.55,9.99
2025-12-17T02:21:46.801963,Recipe_B,ca4e2b3e-360b-4bf9-859c-5118db1a7fff,20,3.0,,,,8.52,10.19,9.08,7.52,10.97,9.15
2025-12-17T02:21:46.801963,Recipe_B,ca4e2b3e-360b-4bf9-859c-5118db1a7fff,20,3.0,Warning_8,Simulated Warning occurred,Warning,,,,,,
2025-12-17T02:21:47.801963,Recipe_B,ca4e2b3e-360b-4bf9-859c-5118db1a7fff,20,3.0,,,,6.92,7.61,7.45,10.77,5.33,10.36
2025-12-17T02:21:48.801963,Recipe_B,ca4e2b3e-360b-4bf9-859c-5118db1a7fff,20,3.0,,,,10.37,8.65,9.41,11.51,9.19,7.18
2025-12-17T02:21:49.801963,Recipe_B,ca4e2b3e-360b-4bf9-859c-5118db1a7fff,20,3.0,,,,13.08,10.8,10.38,10.02,11.33,10.08
2025-12-17T02:21:50.801963,Recipe_B,ca4e2b3e-360b-4bf9-859c-5118db1a7fff,20,3.0,,,,12.72,10.43,9.57,10.49,6.61,8.69
2025-12-17T02:21:51.801963,Recipe_B,ca4e2b3e-360b-4bf9-859c-5118db1a7fff,20,3.0,,,,10.09,6.79,11.91,11.61,13.85,6.87
2025-12-17T02:21:52.801963,Recipe_B,ca4e2b3e-360b-4bf9-859c-5118db1a7fff,20,3.0,,,,10.58,10.24,11.21,9.57,8.99,7.4
2025-12-17T02:21:53.801963,Recipe_B,ca4e2b3e-360b-4bf9-859c-5118db1a7fff,20,3.0,,,,9.28,15.84,9.21,8.45,9.76,12.47
2025-12-17T02:21:54.801963,Recipe_B,ca4e2b3e-360b-4bf9-859c-5118db1a7fff,20,3.0,,,,8.85,9.28,9.75,7.55,9.55,13.73
2025-12-17T02:21:54.801963,Recipe_B,ca4e2b3e-360b-4bf9-859c-5118db1a7fff,20,3.0,Warning_6,Simulated Warning occurred,Warning,,,,,,
2025-12-17T02:21:55.801963,Recipe_B,ca4e2b3e-360b-4bf9-859c-5118db1a7fff,20,3.0,,,,8.16,9.94,10.5,11.23,11.74,11.61
2025-12-17T02:21:56.801963,Recipe_B,ca4e2b3e-360b-4bf9-859c-5118db1a7fff,20,3.0,,,,11.89,9.36,11.53,7.96,10.11,11.15
2025-12-17T02:21:57.801963,Recipe_B,ca4e2b3e-360b-4bf9-859c-5118db1a7fff,20,3.0,,,,13.13,9.52,6.92,11.05,7.55,10.19
2025-12-17T02:21:58.801963,Recipe_B,ca4e2b3e-360b-4bf9-859c-5118db1a7fff,20,3.0,,,,9.87,10.12,8.06,11.19,12.45,8.77
2025-12-17T02:21:59.801963,Recipe_B,ca4e2b3e-360b-4bf9-859c-5118db1a7fff,20,3.0,,,,6.99,10.76,9.78,9.58,12.16,9.45
2025-12-17T02:22:00.801963,Recipe_B,ca4e2b3e-360b-4bf9-859c-5118db1a7fff,20,3.0,,,,11.43,10.74,8.11,8.29,12.17,10.07
2025-12-17T02:22:01.801963,Recipe_B,ca4e2b3e-360b-4bf9-859c-5118db1a7fff,20,3.0,,,,12.24,7.68,10.91,11.61,9.75,14.6
2025-12-17T02:22:02.801963,Recipe_B,ca4e2b3e-360b-4bf9-859c-5118db1a7fff,20,3.0,,,,7.66,12.68,11.73,11.59,7.34,7.42
2025-12-17T02:22:03.801963,Recipe_B,ca4e2b3e-360b-4bf9-859c-5118db1a7fff,20,3.0,,,,9.97,9.39,10.79,9.01,9.75,13.3
2025-12-17T02:22:04.801963,Recipe_B,ca4e2b3e-360b-4bf9-859c-5118db1a7fff,20,3.0,,,,8.08,10.08,13.32,13.74,8.85,9.66
2025-12-17T02:22:05.801963,Recipe_B,ca4e2b3e-360b-4bf9-859c-5118db1a7fff,20,3.0,,,,11.39,10.64,9.73,8.36,13.37,10.43
2025-12-17T02:22:06.801963,Recipe_B,ca4e2b3e-360b-4bf9-859c-5118db1a7fff,20,3.0,,,,7.82,10.61,10.48,10.26,13.68,11.62
2025-12-17T02:22:07.801963,Recipe_B,ca4e2b3e-360b-4bf9-859c-5118db1a7fff,20,3.0,,,,10.78,10.13,9.5,8.71,9.13,11.81
2025-12-17T02:22:08.801963,Recipe_B,ca4e2b3e-360b-4bf9-859c-5118db1a7fff,20,3.0,,,,10.14,8.08,9.3,10.92,9.16,9.68
2025-12-17T02:22:09.801963,Recipe_B,ca4e2b3e-360b-4bf9-859c-5118db1a7fff,20,3.0,,,,10.91,9.21,9.98,13.08,12.93,7.87
2025-12-17T02:22:10.801963,Recipe_B,ca4e2b3e-360b-4bf9-859c-5118db1a7fff,20,3.0,,,,9.18,9.29,11.86,11.38,14.23,12.21
2025-12-17T02:22:11.801963,Recipe_B,ca4e2b3e-360b-4bf9-859c-5118db1a7fff,20,3.0,,,,13.54,11.87,8.84,8.27,9.4,12.35
2025-12-17T02:22:12.801963,Recipe_B,ca4e2b3e-360b-4bf9-859c-5118db1a7fff,20,3.0,,,,11.43,11.55,8.86,9.51,11.19,10.04
2025-12-17T02:22:13.801963,Recipe_B,ca4e2b3e-360b-4bf9-859c-5118db1a7fff,20,3.0,,,,10.15,8.94,9.9,10.7,15.21,11.19
2025-12-17T02:22:14.801963,Recipe_B,ca4e2b3e-360b-4bf9-859c-5118db1a7fff,20,3.0,,,,9.75,9.62,8.23,9.28,11.09,8.96
2025-12-17T02:22:15.801963,Recipe_B,ca4e2b3e-360b-4bf9-859c-5118db1a7fff,20,3.0,,,,9.74,8.75,10.61,10.61,11.45,10.38
2025-12-17T02:22:16.801963,Recipe_B,ca4e2b3e-360b-4bf9-859c-5118db1a7fff,20,3.0,,,,8.07,8.15,12.67,7.41,8.3,11.11
2025-12-17T02:22:17.801963,Recipe_B,ca4e2b3e-360b-4bf9-859c-5118db1a7fff,20,3.0,,,,8.0,8.23,8.72,11.02,8.29,8.02
2025-12-17T02:22:18.801963,Recipe_B,ca4e2b3e-360b-4bf9-859c-5118db1a7fff,20,3.0,,,,10.46,12.13,8.67,12.59,9.3,11.87
2025-12-17T02:22:19.801963,Recipe_B,ca4e2b3e-360b-4bf9-859c-5118db1a7fff,20,3.0,,,,9.72,11.81,11.16,10.48,9.12,9.82
2025-12-17T02:22:20.801963,Recipe_B,ca4e2b3e-360b-4bf9-859c-5118db1a7fff,20,3.0,,,,7.01,9.1,12.72,11.88,9.05,8.38
2025-12-17T02:22:21.801963,Recipe_B,ca4e2b3e-360b-4bf9-859c-5118db1a7fff,20,3.0,,,,7.81,9.6,9.19,9.26,13.16,10.02
2025-12-17T02:22:22.801963,Recipe_B,ca4e2b3e-360b-4bf9-859c-5118db1a7fff,20,3.0,,,,7.45,8.79,10.24,9.84,8.34,7.98
2025-12-17T02:22:23.801963,Recipe_B,ca4e2b3e-360b-4bf9-859c-5118db1a7fff,20,3.0,,,,7.91,13.18,8.38,10.54,8.51,10.5
2025-12-17T02:22:24.801963,Recipe_B,ca4e2b3e-360b-4bf9-859c-5118db1a7fff,20,3.0,,,,9.91,11.34,9.66,11.09,9.13,6.53
2025-12-17T02:22:25.801963,Recipe_B,ca4e2b3e-360b-4bf9-859c-5118db1a7fff,20,3.0,,,,10.98,7.09,7.28,8.22,13.89,10.08
2025-12-17T02:22:26.801963,Recipe_B,ca4e2b3e-360b-4bf9-859c-5118db1a7fff,20,3.0,,,,12.42,7.95,9.74,8.97,13.2,9.07
2025-12-17T02:22:27.801963,Recipe_B,ca4e2b3e-360b-4bf9-859c-5118db1a7fff,20,3.0,,,,8.93,10.08,9.63,7.81,8.44,7.74
2025-12-17T02:22:28.801963,Recipe_B,ca4e2b3e-360b-4bf9-859c-5118db1a7fff,20,3.0,,,,10.45,7.43,8.18,9.12,9.58,13.01
2025-12-17T02:22:29.801963,Recipe_B,ca4e2b3e-360b-4bf9-859c-5118db1a7fff,20,3.0,,,,6.86,10.96,8.19,9.78,7.91,9.99
2025-12-17T02:22:30.801963,Recipe_B,ca4e2b3e-360b-4bf9-859c-5118db1a7fff,20,3.0,,,,14.38,8.91,14.0,11.81,10.23,9.38
2025-12-17T02:22:31.801963,Recipe_B,ca4e2b3e-360b-4bf9-859c-5118db1a7fff,20,3.0,,,,11.61,8.66,12.3,11.32,9.32,7.76
2025-12-17T02:22:32.801963,Recipe_B,ca4e2b3e-360b-4bf9-859c-5118db1a7fff,20,3.0,,,,11.38,10.0,11.16,12.32,7.77,10.58
2025-12-17T02:22:33.801963,Recipe_B,ca4e2b3e-360b-4bf9-859c-5118db1a7fff,20,3.0,,,,10.31,7.86,8.66,7.81,13.92,9.34
2025-12-17T02:22:34.801963,Recipe_B,ca4e2b3e-360b-4bf9-859c-5118db1a7fff,20,4.0,,,,95.06,45.9,36.47,53.66,54.81,47.5
2025-12-17T02:22:35.801963,Recipe_B,ca4e2b3e-360b-4bf9-859c-5118db1a7fff,20,4.0,,,,97.87,59.62,43.61,52.39,49.17,53.99
2025-12-17T02:22:36.801963,Recipe_B,ca4e2b3e-360b-4bf9-859c-5118db1a7fff,20,4.0,,,,100.34,53.58,50.68,52.3,42.66,55.07
2025-12-17T02:22:37.801963,Recipe_B,ca4e2b3e-360b-4bf9-859c-5118db1a7fff,20,4.0,,,,101.24,54.54,50.15,47.87,45.39,55.03
2025-12-17T02:22:38.801963,Recipe_B,ca4e2b3e-360b-4bf9-859c-5118db1a7fff,20,4.0,,,,98.87,49.57,54.28,51.07,52.32,41.1
2025-12-17T02:22:39.801963,Recipe_B,ca4e2b3e-360b-4bf9-859c-5118db1a7fff,20,4.0,,,,101.18,43.5,42.7,40.33,43.04,43.53
2025-12-17T02:22:40.801963,Recipe_B,ca4e2b3e-360b-4bf9-859c-5118db1a7fff,20,4.0,,,,96.65,58.79,49.74,48.45,42.18,46.74
2025-12-17T02:22:41.801963,Recipe_B,ca4e2b3e-360b-4bf9-859c-5118db1a7fff,20,4.0,,,,107.11,52.95,48.02,48.53,47.26,46.53
2025-12-17T02:22:42.801963,Recipe_B,ca4e2b3e-360b-4bf9-859c-5118db1a7fff,20,4.0,,,,98.67,54.48,48.42,50.19,52.65,46.75
2025-12-17T02:22:43.801963,Recipe_B,ca4e2b3e-360b-4bf9-859c-5118db1a7fff,20,4.0,,,,105.86,48.23,47.6,46.44,53.27,59.17
2025-12-17T02:22:44.801963,Recipe_B,ca4e2b3e-360b-4bf9-859c-5118db1a7fff,20,4.0,,,,94.89,51.42,54.44,51.29,41.53,43.07
2025-12-17T02:22:45.801963,Recipe_B,ca4e2b3e-360b-4bf9-859c-5118db1a7fff,20,4.0,,,,98.55,51.4,58.99,48.15,46.3,45.81
2025-12-17T02:22:46.801963,Recipe_B,ca4e2b3e-360b-4bf9-859c-5118db1a7fff,20,4.0,,,,94.46,50.14,57.0,48.34,43.39,43.05
2025-12-17T02:22:47.801963,Recipe_B,ca4e2b3e-360b-4bf9-859c-5118db1a7fff,20,4.0,,,,107.47,47.11,40.93,50.33,46.36,45.65
2025-12-17T02:22:48.801963,Recipe_B,ca4e2b3e-360b-4bf9-859c-5118db1a7fff,20,4.0,,,,107.99,55.47,48.38,40.93,40.83,44.86
2025-12-17T02:22:49.801963,Recipe_B,ca4e2b3e-360b-4bf9-859c-5118db1a7fff,20,4.0,,,,102.78,53.32,41.39,53.0,54.29,54.35
2025-12-17T02:22:50.801963,Recipe_B,ca4e2b3e-360b-4bf9-859c-5118db1a7fff,20,4.0,,,,98.49,50.39,48.57,53.87,41.01,55.87
2025-12-17T02:22:51.801963,Recipe_B,ca4e2b3e-360b-4bf9-859c-5118db1a7fff,20,4.0,,,,102.63,51.16,39.99,57.9,49.44,48.66
2025-12-17T02:22:52.801963,Recipe_B,ca4e2b3e-360b-4bf9-859c-5118db1a7fff,20,4.0,,,,105.53,49.33,34.99,48.19,43.86,56.54
2025-12-17T02:22:53.801963,Recipe_B,ca4e2b3e-360b-4bf9-859c-5118db1a7fff,20,4.0,,,,99.16,41.97,44.52,57.29,46.57,57.19
2025-12-17T02:22:54.801963,Recipe_B,ca4e2b3e-360b-4bf9-859c-5118db1a7fff,20,4.0,,,,94.6,41.81,49.08,41.03,49.08,51.66
2025-12-17T02:22:55.801963,Recipe_B,ca4e2b3e-360b-4bf9-859c-5118db1a7fff,20,4.0,,,,93.18,58.13,53.1,46.29,52.71,45.44
2025-12-17T02:22:56.801963,Recipe_B,ca4e2b3e-360b-4bf9-859c-5118db1a7fff,20,4.0,,,,112.42,48.47,57.15,53.73,50.52,51.67
2025-12-17T02:22:57.801963,Recipe_B,ca4e2b3e-360b-4bf9-859c-5118db1a7fff,20,4.0,,,,96.13,50.16,52.93,55.15,48.12,60.4
2025-12-17T02:22:58.801963,Recipe_B,ca4e2b3e-360b-4bf9-859c-5118db1a7fff,20,4.0,,,,106.31,49.3,50.91,39.04,54.96,49.85
2025-12-17T02:22:59.801963,Recipe_B,ca4e2b3e-360b-4bf9-859c-5118db1a7fff,20,4.0,,,,103.72,53.54,59.13,48.1,55.25,45.78
2025-12-17T02:23:00.801963,Recipe_B,ca4e2b3e-360b-4bf9-859c-5118db1a7fff,20,4.0,,,,104.11,49.84,51.43,49.89,47.53,48.98
2025-12-17T02:23:01.801963,Recipe_B,ca4e2b3e-360b-4bf9-859c-5118db1a7fff,20,4.0,,,,101.54,61.23,61.4,45.42,60.78,65.56
2025-12-17T02:23:02.801963,Recipe_B,ca4e2b3e-360b-4bf9-859c-5118db1a7fff,20,4.0,,,,97.03,46.05,48.23,51.08,55.86,52.37
2025-12-17T02:23:03.801963,Recipe_B,ca4e2b3e-360b-4bf9-859c-5118db1a7fff,20,4.0,,,,99.19,47.68,53.34,47.76,53.56,47.54
2025-12-17T02:23:04.801963,Recipe_B,ca4e2b3e-360b-4bf9-859c-5118db1a7fff,20,4.0,,,,99.03,47.86,49.02,56.47,48.66,50.19
2025-12-17T02:23:05.801963,Recipe_B,ca4e2b3e-360b-4bf9-859c-5118db1a7fff,20,4.0,,,,107.65,49.81,49.54,46.11,53.99,58.08
2025-12-17T02:23:06.801963,Recipe_B,ca4e2b3e-360b-4bf9-859c-5118db1a7fff,20,4.0,,,,99.85,51.45,57.68,46.42,55.74,48.32
2025-12-17T02:23:07.801963,Recipe_B,ca4e2b3e-360b-4bf9-859c-5118db1a7fff,20,4.0,,,,106.29,50.31,46.34,57.66,59.72,44.85
2025-12-17T02:23:08.801963,Recipe_B,ca4e2b3e-360b-4bf9-859c-5118db1a7fff,20,4.0,,,,98.71,48.86,53.15,57.05,42.24,47.15
2025-12-17T02:23:09.801963,Recipe_B,ca4e2b3e-360b-4bf9-859c-5118db1a7fff,20,4.0,,,,98.98,45.8,40.67,41.57,43.09,60.86
2025-12-17T02:23:10.801963,Recipe_B,ca4e2b3e-360b-4bf9-859c-5118db1a7fff,20,4.0,,,,89.79,44.55,39.64,44.04,60.04,51.0
2025-12-17T02:23:11.801963,Recipe_B,ca4e2b3e-360b-4bf9-859c-5118db1a7fff,20,4.0,,,,104.67,52.0,54.27,50.33,47.44,47.88
2025-12-17T02:23:12.801963,Recipe_B,ca4e2b3e-360b-4bf9-859c-5118db1a7fff,20,4.0,,,,89.75,54.05,47.58,49.02,50.39,48.82
2025-12-17T02:23:13.801963,Recipe_B,ca4e2b3e-360b-4bf9-859c-5118db1a7fff,20,4.0,,,,97.56,44.94,52.1,46.13,52.04,44.45
2025-12-17T02:23:14.801963,Recipe_B,ca4e2b3e-360b-4bf9-859c-5118db1a7fff,20,4.0,,,,95.46,64.85,49.99,43.64,51.06,58.08
2025-12-17T02:23:15.801963,Recipe_B,ca4e2b3e-360b-4bf9-859c-5118db1a7fff,20,4.0,,,,98.25,49.63,42.01,49.07,50.18,58.93
2025-12-17T02:23:16.801963,Recipe_B,ca4e2b3e-360b-4bf9-859c-5118db1a7fff,20,4.0,,,,101.6,56.59,51.62,54.64,46.16,42.27
2025-12-17T02:23:17.801963,Recipe_B,ca4e2b3e-360b-4bf9-859c-5118db1a7fff,20,4.0,,,,89.54,47.95,49.19,51.13,50.4,48.87
2025-12-17T02:23:18.801963,Recipe_B,ca4e2b3e-360b-4bf9-859c-5118db1a7fff,20,4.0,,,,96.7,47.27,51.34,54.91,49.33,50.57
2025-12-17T02:23:19.801963,Recipe_B,ca4e2b3e-360b-4bf9-859c-5118db1a7fff,20,4.0,,,,101.4,51.0,54.02,54.48,58.67,43.75
2025-12-17T02:23:20.801963,Recipe_B,ca4e2b3e-360b-4bf9-859c-5118db1a7fff,20,4.0,,,,101.47,53.36,40.75,52.72,51.24,50.14
2025-12-17T02:23:21.801963,Recipe_B,ca4e2b3e-360b-4bf9-859c-5118db1a7fff,20,4.0,,,,93.37,55.27,53.53,61.86,53.56,56.01
2025-12-17T02:23:22.801963,Recipe_B,ca4e2b3e-360b-4bf9-859c-5118db1a7fff,20,0.0,,,,0.0,0.0,0.0,0.0,0.0,0.0
2025-12-17T02:23:23.801963,Recipe_B,ca4e2b3e-360b-4bf9-859c-5118db1a7fff,20,0.0,,,,0.0,0.0,0.0,0.0,0.0,0.0
2025-12-17T02:23:24.801963,Recipe_B,ca4e2b3e-360b-4bf9-859c-5118db1a7fff,20,0.0,,,,0.0,0.0,0.0,0.0,0.0,0.0
2025-12-17T02:23:25.801963,Recipe_B,ca4e2b3e-360b-4bf9-859c-5118db1a7fff,20,0.0,,,,0.0,0.0,0.0,0.0,0.0,0.0
2025-12-17T02:23:26.801963,Recipe_B,ca4e2b3e-360b-4bf9-859c-5118db1a7fff,20,0.0,,,,0.0,0.0,0.0,0.0,0.0,0.0
2025-12-17T02:23:27.801963,Recipe_B,ca4e2b3e-360b-4bf9-859c-5118db1a7fff,20,0.0,,,,0.0,0.0,0.0,0.0,0.0,0.0
2025-12-17T02:23:28.801963,Recipe_B,ca4e2b3e-360b-4bf9-859c-5118db1a7fff,20,0.0,,,,0.0,0.0,0.0,0.0,0.0,0.0
2025-12-17T02:23:29.801963,Recipe_B,ca4e2b3e-360b-4bf9-859c-5118db1a7fff,20,0.0,,,,0.0,0.0,0.0,0.0,0.0,0.0
2025-12-17T02:23:30.801963,Recipe_B,ca4e2b3e-360b-4bf9-859c-5118db1a7fff,20,2.0,,,,12.02,10.79,9.38,10.66,8.51,9.43
2025-12-17T02:23:31.801963,Recipe_B,ca4e2b3e-360b-4bf9-859c-5118db1a7fff,20,2.0,,,,7.36,10.91,13.02,9.61,10.4,8.78
2025-12-17T02:23:32.801963,Recipe_B,ca4e2b3e-360b-4bf9-859c-5118db1a7fff,20,2.0,,,,9.97,10.84,6.04,7.96,10.56,8.2
2025-12-17T02:23:33.801963,Recipe_B,ca4e2b3e-360b-4bf9-859c-5118db1a7fff,20,3.0,,,,7.27,8.95,12.8,8.45,13.34,11.11
2025-12-17T02:23:34.801963,Recipe_B,ca4e2b3e-360b-4bf9-859c-5118db1a7fff,20,3.0,,,,11.39,12.09,13.11,10.31,11.37,8.49
2025-12-17T02:23:35.801963,Recipe_B,ca4e2b3e-360b-4bf9-859c-5118db1a7fff,20,3.0,,,,10.55,11.38,8.28,7.92,4.86,8.76
2025-12-17T02:23:36.801963,Recipe_B,ca4e2b3e-360b-4bf9-859c-5118db1a7fff,20,3.0,,,,11.85,9.91,12.58,8.61,14.32,10.24
2025-12-17T02:23:37.801963,Recipe_B,ca4e2b3e-360b-4bf9-859c-5118db1a7fff,20,3.0,,,,10.5,10.34,11.24,8.96,9.55,8.89
2025-12-17T02:23:38.801963,Recipe_B,ca4e2b3e-360b-4bf9-859c-5118db1a7fff,20,3.0,,,,7.62,5.67,8.44,11.44,8.52,10.82
2025-12-17T02:23:39.801963,Recipe_B,ca4e2b3e-360b-4bf9-859c-5118db1a7fff,20,3.0,,,,9.97,11.63,8.83,9.82,7.21,11.65
2025-12-17T02:23:40.801963,Recipe_B,ca4e2b3e-360b-4bf9-859c-5118db1a7fff,20,3.0,,,,8.43,12.23,10.04,8.64,11.69,13.65
2025-12-17T02:23:41.801963,Recipe_B,ca4e2b3e-360b-4bf9-859c-5118db1a7fff,20,3.0,,,,5.2,9.61,10.51,8.89,10.09,11.11
2025-12-17T02:23:42.801963,Recipe_B,ca4e2b3e-360b-4bf9-859c-5118db1a7fff,20,3.0,,,,5.01,6.67,9.97,5.93,8.71,9.82
2025-12-17T02:23:43.801963,Recipe_B,ca4e2b3e-360b-4bf9-859c-5118db1a7fff,20,3.0,,,,8.36,11.76,6.19,11.84,10.65,9.28
2025-12-17T02:23:44.801963,Recipe_B,ca4e2b3e-360b-4bf9-859c-5118db1a7fff,20,3.0,,,,7.37,11.36,10.96,8.06,8.23,9.16
2025-12-17T02:23:45.801963,Recipe_B,ca4e2b3e-360b-4bf9-859c-5118db1a7fff,20,3.0,,,,9.1,10.64,12.62,10.16,10.3,12.75
2025-12-17T02:23:46.801963,Recipe_B,ca4e2b3e-360b-4bf9-859c-5118db1a7fff,20,3.0,,,,10.11,9.14,12.73,11.06,12.1,9.34
2025-12-17T02:23:47.801963,Recipe_B,ca4e2b3e-360b-4bf9-859c-5118db1a7fff,20,3.0,,,,8.66,10.47,8.15,10.18,11.7,11.13
2025-12-17T02:23:48.801963,Recipe_B,ca4e2b3e-360b-4bf9-859c-5118db1a7fff,20,3.0,,,,9.45,12.64,12.62,6.96,10.24,10.19
2025-12-17T02:23:49.801963,Recipe_B,ca4e2b3e-360b-4bf9-859c-5118db1a7fff,20,3.0,,,,7.72,9.19,7.43,13.8,8.56,11.84
2025-12-17T02:23:50.801963,Recipe_B,ca4e2b3e-360b-4bf9-859c-5118db1a7fff,20,3.0,,,,11.11,9.57,12.69,10.86,11.05,9.89
2025-12-17T02:23:51.801963,Recipe_B,ca4e2b3e-360b-4bf9-859c-5118db1a7fff,20,3.0,,,,7.94,9.67,10.0,11.78,6.67,11.87
2025-12-17T02:23:52.801963,Recipe_B,ca4e2b3e-360b-4bf9-859c-5118db1a7fff,20,3.0,,,,11.37,10.31,9.75,5.23,10.48,11.83
2025-12-17T02:23:53.801963,Recipe_B,ca4e2b3e-360b-4bf9-859c-5118db1a7fff,20,3.0,,,,7.93,8.51,10.21,6.9,13.4,8.38
2025-12-17T02:23:54.801963,Recipe_B,ca4e2b3e-360b-4bf9-859c-5118db1a7fff,20,3.0,,,,7.79,3.08,11.81,14.05,10.55,11.14
2025-12-17T02:23:55.801963,Recipe_B,ca4e2b3e-360b-4bf9-859c-5118db1a7fff,20,3.0,,,,9.58,12.67,8.86,13.16,12.84,8.27
2025-12-17T02:23:56.801963,Recipe_B,ca4e2b3e-360b-4bf9-859c-5118db1a7fff,20,3.0,,,,10.45,13.12,8.83,12.95,10.97,8.48
2025-12-17T02:23:57.801963,Recipe_B,ca4e2b3e-360b-4bf9-859c-5118db1a7fff,20,3.0,,,,7.8,11.3,8.62,10.73,8.92,10.48
2025-12-17T02:23:58.801963,Recipe_B,ca4e2b3e-360b-4bf9-859c-5118db1a7fff,20,3.0,,,,13.56,11.02,10.36,12.76,9.64,8.12
2025-12-17T02:23:59.801963,Recipe_B,ca4e2b3e-360b-4bf9-859c-5118db1a7fff,20,3.0,,,,10.92,10.14,10.57,5.92,10.47,8.7
2025-12-17T02:24:00.801963,Recipe_B,ca4e2b3e-360b-4bf9-859c-5118db1a7fff,20,3.0,,,,12.33,10.2,11.55,6.46,11.11,8.11
2025-12-17T02:24:01.801963,Recipe_B,ca4e2b3e-360b-4bf9-859c-5118db1a7fff,20,3.0,,,,9.12,13.0,8.43,10.18,11.39,8.59
2025-12-17T02:24:02.801963,Recipe_B,ca4e2b3e-360b-4bf9-859c-5118db1a7fff,20,3.0,,,,12.22,4.55,11.22,11.34,14.33,9.11
2025-12-17T02:24:03.801963,Recipe_B,ca4e2b3e-360b-4bf9-859c-5118db1a7fff,20,3.0,,,,10.49,8.02,8.14,9.27,11.33,12.68
2025-12-17T02:24:04.801963,Recipe_B,ca4e2b3e-360b-4bf9-859c-5118db1a7fff,20,3.0,,,,12.79,7.23,7.36,10.34,13.34,12.35
2025-12-17T02:24:05.801963,Recipe_B,ca4e2b3e-360b-4bf9-859c-5118db1a7fff,20,3.0,,,,8.88,12.94,12.74,9.72,6.81,7.65
2025-12-17T02:24:06.801963,Recipe_B,ca4e2b3e-360b-4bf9-859c-5118db1a7fff,20,3.0,,,,6.3,11.44,4.49,11.37,7.56,10.57
2025-12-17T02:24:07.801963,Recipe_B,ca4e2b3e-360b-4bf9-859c-5118db1a7fff,20,3.0,,,,8.09,9.33,11.13,11.95,12.13,9.36
2025-12-17T02:24:08.801963,Recipe_B,ca4e2b3e-360b-4bf9-859c-5118db1a7fff,20,3.0,,,,10.15,10.95,9.21,5.24,7.73,6.8
2025-12-17T02:24:09.801963,Recipe_B,ca4e2b3e-360b-4bf9-859c-5118db1a7fff,20,3.0,,,,8.23,8.06,10.56,9.46,9.22,11.57
2025-12-17T02:24:10.801963,Recipe_B,ca4e2b3e-360b-4bf9-859c-5118db1a7fff,20,3.0,,,,6.92,13.06,9.88,8.26,8.2,7.93
2025-12-17T02:24:11.801963,Recipe_B,ca4e2b3e-360b-4bf9-859c-5118db1a7fff,20,3.0,,,,11.66,9.29,7.39,11.06,10.83,7.49
2025-12-17T02:24:12.801963,Recipe_B,ca4e2b3e-360b-4bf9-859c-5118db1a7fff,20,3.0,,,,10.96,12.15,11.32,8.99,9.27,9.22
2025-12-17T02:24:13.801963,Recipe_B,ca4e2b3e-360b-4bf9-859c-5118db1a7fff,20,3.0,,,,10.24,9.44,10.42,9.11,7.05,14.48
2025-12-17T02:24:14.801963,Recipe_B,ca4e2b3e-360b-4bf9-859c-5118db1a7fff,20,3.0,,,,12.35,10.67,10.12,12.21,9.28,11.45
2025-12-17T02:24:15.801963,Recipe_B,ca4e2b3e-360b-4bf9-859c-5118db1a7fff,20,3.0,,,,5.66,10.88,9.55,3.29,9.77,9.63
2025-12-17T02:24:16.801963,Recipe_B,ca4e2b3e-360b-4bf9-859c-5118db1a7fff,20,3.0,,,,8.54,7.79,9.65,7.78,10.23,7.0
2025-12-17T02:24:17.801963,Recipe_B,ca4e2b3e-360b-4bf9-859c-5118db1a7fff,20,3.0,,,,9.79,11.63,8.55,12.03,9.1,9.53
2025-12-17T02:24:18.801963,Recipe_B,ca4e2b3e-360b-4bf9-859c-5118db1a7fff,20,3.0,,,,11.43,8.36,7.83,9.62,8.93,10.52
2025-12-17T02:24:19.801963,Recipe_B,ca4e2b3e-360b-4bf9-859c-5118db1a7fff,20,3.0,,,,8.86,9.46,8.19,11.86,12.93,8.49
2025-12-17T02:24:20.801963,Recipe_B,ca4e2b3e-360b-4bf9-859c-5118db1a7fff,20,3.0,,,,8.45,12.62,11.03,3.05,7.26,8.58
2025-12-17T02:24:21.801963,Recipe_B,ca4e2b3e-360b-4bf9-859c-5118db1a7fff,20,3.0,,,,12.4,10.92,8.53,9.28,6.53,9.41
2025-12-17T02:24:22.801963,Recipe_B,ca4e2b3e-360b-4bf9-859c-5118db1a7fff,20,3.0,,,,10.45,9.83,12.04,10.82,10.26,7.91
2025-12-17T02:24:23.801963,Recipe_B,ca4e2b3e-360b-4bf9-859c-5118db1a7fff,20,3.0,,,,11.64,10.44,14.94,10.7,9.64,4.33
2025-12-17T02:24:24.801963,Recipe_B,ca4e2b3e-360b-4bf9-859c-5118db1a7fff,20,3.0,,,,13.28,11.87,7.11,10.75,8.51,9.97
2025-12-17T02:24:25.801963,Recipe_B,ca4e2b3e-360b-4bf9-859c-5118db1a7fff,20,3.0,,,,9.06,9.49,11.35,9.85,12.66,10.76
2025-12-17T02:24:26.801963,Recipe_B,ca4e2b3e-360b-4bf9-859c-5118db1a7fff,20,3.0,,,,11.97,11.04,9.21,9.3,12.33,10.46
2025-12-17T02:24:27.801963,Recipe_B,ca4e2b3e-360b-4bf9-859c-5118db1a7fff,20,3.0,,,,12.64,12.39,13.09,9.05,10.52,9.19
2025-12-17T02:24:28.801963,Recipe_B,ca4e2b3e-360b-4bf9-859c-5118db1a7fff,20,3.0,,,,7.63,8.79,9.79,11.26,9.93,7.6
2025-12-17T02:24:29.801963,Recipe_B,ca4e2b3e-360b-4bf9-859c-5118db1a7fff,20,3.0,,,,11.72,13.66,8.43,9.49,8.84,10.71
2025-12-17T02:24:30.801963,Recipe_B,ca4e2b3e-360b-4bf9-859c-5118db1a7fff,20,3.0,,,,9.06,8.55,10.1,11.65,7.68,9.14
2025-12-17T02:24:31.801963,Recipe_B,ca4e2b3e-360b-4bf9-859c-5118db1a7fff,20,3.0,,,,10.31,9.3,10.41,11.9,8.91,10.95
2025-12-17T02:24:32.801963,Recipe_B,ca4e2b3e-360b-4bf9-859c-5118db1a7fff,20,3.0,,,,9.27,10.21,12.51,12.17,9.29,16.1
2025-12-17T02:24:33.801963,Recipe_B,ca4e2b3e-360b-4bf9-859c-5118db1a7fff,20,3.0,,,,11.38,8.63,8.82,11.86,9.77,8.94
2025-12-17T02:24:34.801963,Recipe_B,ca4e2b3e-360b-4bf9-859c-5118db1a7fff,20,3.0,,,,7.74,10.94,10.76,8.31,9.85,9.56
2025-12-17T02:24:35.801963,Recipe_B,ca4e2b3e-360b-4bf9-859c-5118db1a7fff,20,3.0,,,,7.09,11.67,8.35,12.91,8.84,8.29
2025-12-17T02:24:36.801963,Recipe_B,ca4e2b3e-360b-4bf9-859c-5118db1a7fff,20,3.0,,,,12.17,11.59,10.95,6.5,7.64,9.72
2025-12-17T02:24:37.801963,Recipe_B,ca4e2b3e-360b-4bf9-859c-5118db1a7fff,20,3.0,,,,13.42,11.46,7.73,11.49,11.46,10.45
2025-12-17T02:24:38.801963,Recipe_B,ca4e2b3e-360b-4bf9-859c-5118db1a7fff,20,3.0,,,,9.06,12.11,11.35,9.05,7.93,9.65
2025-12-17T02:24:39.801963,Recipe_B,ca4e2b3e-360b-4bf9-859c-5118db1a7fff,20,3.0,,,,7.48,9.53,8.67,10.28,10.06,10.93
2025-12-17T02:24:40.801963,Recipe_B,ca4e2b3e-360b-4bf9-859c-5118db1a7fff,20,3.0,,,,11.47,11.28,9.49,10.3,7.16,9.65
2025-12-17T02:24:41.801963,Recipe_B,ca4e2b3e-360b-4bf9-859c-5118db1a7fff,20,3.0,,,,5.79,11.12,7.2,10.37,10.3,6.86
2025-12-17T02:24:42.801963,Recipe_B,ca4e2b3e-360b-4bf9-859c-5118db1a7fff,20,3.0,,,,8.9,10.47,10.31,9.3,5.41,11.34
2025-12-17T02:24:43.801963,Recipe_B,ca4e2b3e-360b-4bf9-859c-5118db1a7fff,20,3.0,,,,9.85,8.34,11.67,12.88,8.44,10.04
2025-12-17T02:24:44.801963,Recipe_B,ca4e2b3e-360b-4bf9-859c-5118db1a7fff,20,3.0,,,,10.43,11.74,10.48,8.51,9.67,9.95
2025-12-17T02:24:45.801963,Recipe_B,ca4e2b3e-360b-4bf9-859c-5118db1a7fff,20,3.0,,,,11.76,10.3,9.52,9.56,10.98,9.83
2025-12-17T02:24:46.801963,Recipe_B,ca4e2b3e-360b-4bf9-859c-5118db1a7fff,20,3.0,,,,13.68,10.19,7.53,10.05,7.91,8.07
2025-12-17T02:24:47.801963,Recipe_B,ca4e2b3e-360b-4bf9-859c-5118db1a7fff,20,3.0,,,,9.67,9.01,9.99,6.17,11.79,9.36
2025-12-17T02:24:48.801963,Recipe_B,ca4e2b3e-360b-4bf9-859c-5118db1a7fff,20,3.0,,,,6.0,13.61,11.73,9.06,6.0,6.99
2025-12-17T02:24:49.801963,Recipe_B,ca4e2b3e-360b-4bf9-859c-5118db1a7fff,20,3.0,,,,6.77,10.04,9.22,10.57,7.54,11.26
2025-12-17T02:24:50.801963,Recipe_B,ca4e2b3e-360b-4bf9-859c-5118db1a7fff,20,3.0,,,,5.18,8.88,8.45,8.0,9.75,10.66
2025-12-17T02:24:51.801963,Recipe_B,ca4e2b3e-360b-4bf9-859c-5118db1a7fff,20,3.0,,,,6.84,12.35,11.04,12.19,11.56,8.5
2025-12-17T02:24:52.801963,Recipe_B,ca4e2b3e-360b-4bf9-859c-5118db1a7fff,20,3.0,,,,11.87,10.16,11.31,6.52,11.25,8.36
2025-12-17T02:24:53.801963,Recipe_B,ca4e2b3e-360b-4bf9-859c-5118db1a7fff,20,3.0,,,,12.8,10.82,12.56,8.33,12.7,11.91
2025-12-17T02:24:54.801963,Recipe_B,ca4e2b3e-360b-4bf9-859c-5118db1a7fff,20,3.0,,,,10.06,11.99,14.55,10.12,7.33,10.61
2025-12-17T02:24:55.801963,Recipe_B,ca4e2b3e-360b-4bf9-859c-5118db1a7fff,20,3.0,,,,10.18,8.88,7.71,11.93,12.84,12.56
2025-12-17T02:24:56.801963,Recipe_B,ca4e2b3e-360b-4bf9-859c-5118db1a7fff,20,3.0,,,,7.08,9.0,9.43,9.14,9.14,8.72
2025-12-17T02:24:57.801963,Recipe_B,ca4e2b3e-360b-4bf9-859c-5118db1a7fff,20,0.0,,,,0.0,0.0,0.0,0.0,0.0,0.0
2025-12-17T02:24:58.801963,Recipe_B,ca4e2b3e-360b-4bf9-859c-5118db1a7fff,20,0.0,,,,0.0,0.0,0.0,0.0,0.0,0.0
2025-12-17T02:24:59.801963,Recipe_B,ca4e2b3e-360b-4bf9-859c-5118db1a7fff,20,0.0,,,,0.0,0.0,0.0,0.0,0.0,0.0
2025-12-17T02:25:00.801963,Recipe_B,ca4e2b3e-360b-4bf9-859c-5118db1a7fff,20,0.0,,,,0.0,0.0,0.0,0.0,0.0,0.0
2025-12-17T02:25:01.801963,Recipe_B,ca4e2b3e-360b-4bf9-859c-5118db1a7fff,20,0.0,,,,0.0,0.0,0.0,0.0,0.0,0.0
2025-12-17T02:25:02.801963,Recipe_B,ca4e2b3e-360b-4bf9-859c-5118db1a7fff,20,5.0,,,,9.2,11.33,6.56,9.9,11.51,7.11
2025-12-17T02:25:03.801963,Recipe_B,ca4e2b3e-360b-4bf9-859c-5118db1a7fff,20,5.0,,,,11.46,8.91,9.42,11.77,5.8,8.73
2025-12-17T02:25:04.801963,Recipe_B,ca4e2b3e-360b-4bf9-859c-5118db1a7fff,20,5.0,,,,9.8,12.41,9.75,6.71,8.13,11.92
2025-12-17T02:25:05.801963,Recipe_B,ca4e2b3e-360b-4bf9-859c-5118db1a7fff,20,5.0,,,,9.43,12.35,12.1,12.69,14.27,5.76
2025-12-17T02:25:06.801963,Recipe_B,ca4e2b3e-360b-4bf9-859c-5118db1a7fff,20,5.0,,,,9.98,11.76,12.41,8.53,9.53,9.32
2025-12-17T02:25:07.801963,Recipe_B,ca4e2b3e-360b-4bf9-859c-5118db1a7fff,20,5.0,,,,13.22,10.45,12.39,10.56,12.23,11.48
2025-12-17T02:25:08.801963,Recipe_B,ca4e2b3e-360b-4bf9-859c-5118db1a7fff,20,5.0,,,,9.54,9.94,13.87,9.14,11.61,7.5
2025-12-17T02:25:09.801963,Recipe_B,ca4e2b3e-360b-4bf9-859c-5118db1a7fff,20,5.0,,,,11.34,8.16,7.67,11.78,6.59,11.19
2025-12-17T02:25:10.801963,Recipe_B,ca4e2b3e-360b-4bf9-859c-5118db1a7fff,20,5.0,,,,11.43,13.95,11.71,8.55,10.51,9.86
2025-12-17T02:25:11.801963,Recipe_B,ca4e2b3e-360b-4bf9-859c-5118db1a7fff,20,5.0,,,,13.25,12.03,11.46,7.03,12.08,10.53
2025-12-17T02:25:12.801963,Recipe_B,ca4e2b3e-360b-4bf9-859c-5118db1a7fff,20,5.0,,,,3.48,9.71,8.61,9.01,9.76,13.48
2025-12-17T02:25:13.801963,Recipe_B,ca4e2b3e-360b-4bf9-859c-5118db1a7fff,20,5.0,,,,8.83,8.96,6.13,7.52,9.2,9.71
2025-12-17T02:25:14.801963,Recipe_B,ca4e2b3e-360b-4bf9-859c-5118db1a7fff,20,5.0,,,,6.47,8.01,11.36,7.17,8.29,7.48
2025-12-17T02:25:15.801963,Recipe_B,ca4e2b3e-360b-4bf9-859c-5118db1a7fff,20,5.0,,,,8.31,8.34,12.06,12.43,10.44,8.78
2025-12-17T02:25:16.801963,Recipe_B,ca4e2b3e-360b-4bf9-859c-5118db1a7fff,20,5.0,,,,6.82,7.58,8.88,12.7,6.86,8.88
2025-12-17T02:25:17.801963,Recipe_B,ca4e2b3e-360b-4bf9-859c-5118db1a7fff,20,5.0,,,,7.93,11.59,11.25,9.33,9.44,10.04
2025-12-17T02:25:18.801963,Recipe_B,ca4e2b3e-360b-4bf9-859c-5118db1a7fff,20,5.0,,,,11.53,12.64,8.83,10.72,10.94,7.76
2025-12-17T02:25:19.801963,Recipe_B,ca4e2b3e-360b-4bf9-859c-5118db1a7fff,20,5.0,,,,8.76,11.04,10.24,13.14,9.55,9.44
2025-12-17T02:25:20.801963,Recipe_B,ca4e2b3e-360b-4bf9-859c-5118db1a7fff,20,5.0,,,,12.1,11.06,10.22,8.51,10.93,12.5
2025-12-17T02:25:21.801963,Recipe_B,ca4e2b3e-360b-4bf9-859c-5118db1a7fff,20,5.0,,,,11.5,11.59,3.77,11.31,8.61,13.09
2025-12-17T02:25:22.801963,Recipe_B,ca4e2b3e-360b-4bf9-859c-5118db1a7fff,20,5.0,,,,11.34,8.79,7.96,11.98,10.22,8.35
2025-12-17T02:25:23.801963,Recipe_B,ca4e2b3e-360b-4bf9-859c-5118db1a7fff,20,5.0,,,,10.0,13.09,8.24,12.28,11.2,9.05
2025-12-17T02:25:24.801963,Recipe_B,ca4e2b3e-360b-4bf9-859c-5118db1a7fff,20,5.0,,,,12.21,9.3,8.87,13.13,13.31,11.16
2025-12-17T02:25:25.801963,Recipe_B,ca4e2b3e-360b-4bf9-859c-5118db1a7fff,20,5.0,,,,10.84,11.96,12.15,11.14,9.55,7.95
2025-12-17T02:25:26.801963,Recipe_B,ca4e2b3e-360b-4bf9-859c-5118db1a7fff,20,5.0,,,,10.52,9.22,8.9,9.6,12.52,9.44
2025-12-17T02:25:27.801963,Recipe_B,ca4e2b3e-360b-4bf9-859c-5118db1a7fff,20,5.0,,,,11.11,12.4,9.16,11.06,10.74,13.54
2025-12-17T02:25:28.801963,Recipe_B,ca4e2b3e-360b-4bf9-859c-5118db1a7fff,20,5.0,,,,9.01,11.18,11.13,11.24,9.53,9.11
2025-12-17T02:25:29.801963,Recipe_B,ca4e2b3e-360b-4bf9-859c-5118db1a7fff,20,5.0,,,,13.81,9.02,9.1,9.41,10.55,9.2
2025-12-17T02:25:30.801963,Recipe_B,ca4e2b3e-360b-4bf9-859c-5118db1a7fff,20,5.0,,,,11.02,13.63,10.87,8.75,7.0,9.05
2025-12-17T02:25:31.801963,Recipe_B,ca4e2b3e-360b-4bf9-859c-5118db1a7fff,20,5.0,,,,5.79,10.55,6.82,8.39,10.07,8.07
2025-12-17T02:25:32.801963,Recipe_B,ca4e2b3e-360b-4bf9-859c-5118db1a7fff,20,1.0,,,,11.26,6.67,9.04,7.23,8.21,10.76
2025-12-17T02:25:33.801963,Recipe_B,ca4e2b3e-360b-4bf9-859c-5118db1a7fff,20,1.0,,,,9.94,8.05,7.71,9.51,8.3,9.34
2025-12-17T02:25:34.801963,Recipe_B,ca4e2b3e-360b-4bf9-859c-5118db1a7fff,20,1.0,,,,15.44,14.47,11.69,12.44,10.79,13.01
2025-12-17T02:25:35.801963,Recipe_B,ca4e2b3e-360b-4bf9-859c-5118db1a7fff,20,1.0,,,,10.34,12.67,7.88,11.5,9.74,11.85
2025-12-17T02:25:36.801963,Recipe_B,ca4e2b3e-360b-4bf9-859c-5118db1a7fff,20,1.0,,,,10.09,11.38,12.2,10.14,9.5,8.65
2025-12-17T02:25:37.801963,Recipe_B,ca4e2b3e-360b-4bf9-859c-5118db1a7fff,20,1.0,,,,3.59,13.85,12.38,10.79,10.91,13.46
2025-12-17T02:25:38.801963,Recipe_B,ca4e2b3e-360b-4bf9-859c-5118db1a7fff,20,1.0,,,,8.78,8.5,10.99,9.75,9.84,10.2
2025-12-17T02:25:39.801963,Recipe_B,ca4e2b3e-360b-4bf9-859c-5118db1a7fff,20,1.0,,,,8.58,10.72,10.95,9.56,9.27,11.38
2025-12-17T02:25:40.801963,Recipe_B,ca4e2b3e-360b-4bf9-859c-5118db1a7fff,20,1.0,,,,9.6,14.69,11.41,10.73,10.55,12.65
2025-12-17T02:25:41.801963,Recipe_B,ca4e2b3e-360b-4bf9-859c-5118db1a7fff,20,1.0,,,,13.28,8.27,9.52,7.23,10.55,10.0
2025-12-17T02:25:42.801963,Recipe_B,ca4e2b3e-360b-4bf9-859c-5118db1a7fff,20,1.0,,,,10.64,9.24,8.99,9.63,11.74,12.9
2025-12-17T02:25:43.801963,Recipe_B,ca4e2b3e-360b-4bf9-859c-5118db1a7fff,20,1.0,,,,9.35,8.3,9.41,7.96,12.91,10.8
2025-12-17T02:25:44.801963,Recipe_B,ca4e2b3e-360b-4bf9-859c-5118db1a7fff,20,1.0,,,,14.72,10.56,11.23,13.49,10.98,7.54
2025-12-17T02:25:45.801963,Recipe_B,ca4e2b3e-360b-4bf9-859c-5118db1a7fff,20,1.0,,,,9.1,5.83,6.73,9.37,12.39,14.82
2025-12-17T02:25:46.801963,Recipe_B,ca4e2b3e-360b-4bf9-859c-5118db1a7fff,20,1.0,,,,10.88,10.47,10.21,10.08,10.42,13.27
2025-12-17T02:25:47.801963,Recipe_B,ca4e2b3e-360b-4bf9-859c-5118db1a7fff,20,1.0,,,,11.67,9.96,9.59,10.62,11.79,13.72
2025-12-17T02:25:48.801963,Recipe_B,ca4e2b3e-360b-4bf9-859c-5118db1a7fff,20,1.0,,,,12.36,8.71,10.18,9.37,12.29,9.29
2025-12-17T02:25:49.801963,Recipe_B,ca4e2b3e-360b-4bf9-859c-5118db1a7fff,20,1.0,,,,6.26,12.31,11.0,10.36,11.76,9.85
2025-12-17T02:25:50.801963,Recipe_B,ca4e2b3e-360b-4bf9-859c-5118db1a7fff,20,1.0,,,,8.97,8.09,10.42,9.16,13.45,10.58
2025-12-17T02:25:51.801963,Recipe_B,ca4e2b3e-360b-4bf9-859c-5118db1a7fff,20,1.0,,,,7.46,10.07,9.32,8.61,10.14,7.0
2025-12-17T02:25:52.801963,Recipe_B,ca4e2b3e-360b-4bf9-859c-5118db1a7fff,20,2.0,,,,6.93,9.5,10.65,13.18,8.66,11.7
2025-12-17T02:25:53.801963,Recipe_B,ca4e2b3e-360b-4bf9-859c-5118db1a7fff,20,2.0,,,,13.3,7.21,6.87,8.4,10.57,8.86
2025-12-17T02:25:54.801963,Recipe_B,ca4e2b3e-360b-4bf9-859c-5118db1a7fff,20,2.0,,,,11.82,12.14,9.91,10.38,9.03,6.16
2025-12-17T02:25:55.801963,Recipe_B,ca4e2b3e-360b-4bf9-859c-5118db1a7fff,20,2.0,,,,8.66,7.91,9.0,8.56,10.53,11.24
2025-12-17T02:25:56.801963,Recipe_B,ca4e2b3e-360b-4bf9-859c-5118db1a7fff,20,2.0,,,,10.28,10.22,8.55,8.42,8.7,9.55
2025-12-17T02:25:57.801963,Recipe_B,ca4e2b3e-360b-4bf9-859c-5118db1a7fff,20,2.0,,,,9.06,11.55,9.0,8.0,8.6,7.2
2025-12-17T02:25:58.801963,Recipe_B,ca4e2b3e-360b-4bf9-859c-5118db1a7fff,20,2.0,,,,13.16,12.11,11.67,7.16,11.68,11.29
2025-12-17T02:25:59.801963,Recipe_B,ca4e2b3e-360b-4bf9-859c-5118db1a7fff,20,2.0,,,,10.58,10.66,7.73,6.45,10.7,11.15
2025-12-17T02:26:00.801963,Recipe_B,ca4e2b3e-360b-4bf9-859c-5118db1a7fff,20,2.0,,,,8.69,8.84,10.19,7.57,9.77,9.3
2025-12-17T02:26:01.801963,Recipe_B,ca4e2b3e-360b-4bf9-859c-5118db1a7fff,20,2.0,,,,12.24,12.94,11.34,8.85,9.25,9.61
2025-12-17T02:26:02.801963,Recipe_B,ca4e2b3e-360b-4bf9-859c-5118db1a7fff,20,5.0,,,,7.22,8.51,10.8,9.23,12.99,10.69
2025-12-17T02:26:03.801963,Recipe_B,ca4e2b3e-360b-4bf9-859c-5118db1a7fff,20,5.0,,,,13.16,8.31,9.12,9.71,12.39,8.44
2025-12-17T02:26:04.801963,Recipe_B,ca4e2b3e-360b-4bf9-859c-5118db1a7fff,20,5.0,,,,11.35,10.39,10.35,8.07,8.49,9.34
2025-12-17T02:26:05.801963,Recipe_B,ca4e2b3e-360b-4bf9-859c-5118db1a7fff,20,5.0,,,,12.54,9.51,10.58,9.51,9.1,10.22
2025-12-17T02:26:06.801963,Recipe_B,ca4e2b3e-360b-4bf9-859c-5118db1a7fff,20,5.0,,,,12.4,9.36,10.32,6.59,7.42,10.26
2025-12-17T02:26:07.801963,Recipe_B,ca4e2b3e-360b-4bf9-859c-5118db1a7fff,20,5.0,,,,10.14,9.61,8.2,11.82,11.1,9.57
2025-12-17T02:26:08.801963,Recipe_B,ca4e2b3e-360b-4bf9-859c-5118db1a7fff,20,5.0,,,,12.34,12.38,9.92,10.5,8.12,12.07
2025-12-17T02:26:09.801963,Recipe_B,ca4e2b3e-360b-4bf9-859c-5118db1a7fff,20,5.0,,,,10.57,9.87,16.53,10.0,9.99,14.7
2025-12-17T02:26:10.801963,Recipe_B,ca4e2b3e-360b-4bf9-859c-5118db1a7fff,20,5.0,,,,12.25,16.24,6.56,13.63,11.77,10.06
2025-12-17T02:26:11.801963,Recipe_B,ca4e2b3e-360b-4bf9-859c-5118db1a7fff,20,5.0,,,,10.68,6.53,11.95,7.52,10.88,13.17
2025-12-17T02:26:12.801963,Recipe_B,ca4e2b3e-360b-4bf9-859c-5118db1a7fff,20,5.0,,,,10.79,8.28,10.9,5.28,8.53,10.42
2025-12-17T02:26:13.801963,Recipe_B,ca4e2b3e-360b-4bf9-859c-5118db1a7fff,20,5.0,,,,11.65,9.46,8.65,11.86,6.76,7.83
2025-12-17T02:26:14.801963,Recipe_B,ca4e2b3e-360b-4bf9-859c-5118db1a7fff,20,4.0,,,,99.16,44.69,54.17,51.2,44.15,46.23
2025-12-17T02:26:15.801963,Recipe_B,ca4e2b3e-360b-4bf9-859c-5118db1a7fff,20,4.0,,,,93.37,56.46,56.13,52.13,52.01,43.23
2025-12-17T02:26:16.801963,Recipe_B,ca4e2b3e-360b-4bf9-859c-5118db1a7fff,20,4.0,,,,105.29,46.77,46.05,44.15,42.93,53.9
2025-12-17T02:26:17.801963,Recipe_B,ca4e2b3e-360b-4bf9-859c-5118db1a7fff,20,4.0,,,,101.69,45.89,57.64,48.83,56.27,37.4
2025-12-17T02:26:18.801963,Recipe_B,ca4e2b3e-360b-4bf9-859c-5118db1a7fff,20,4.0,,,,105.5,52.29,49.13,52.55,56.33,43.85
2025-12-17T02:26:19.801963,Recipe_B,ca4e2b3e-360b-4bf9-859c-5118db1a7fff,20,4.0,,,,104.99,54.76,41.75,46.76,46.18,57.33
2025-12-17T02:26:20.801963,Recipe_B,ca4e2b3e-360b-4bf9-859c-5118db1a7fff,20,4.0,,,,99.12,48.84,56.16,44.27,42.12,50.25
2025-12-17T02:26:21.801963,Recipe_B,ca4e2b3e-360b-4bf9-859c-5118db1a7fff,20,4.0,,,,101.98,43.64,51.6,45.64,52.95,43.8
2025-12-17T02:26:22.801963,Recipe_B,ca4e2b3e-360b-4bf9-859c-5118db1a7fff,20,4.0,,,,97.64,52.19,53.12,57.1,52.89,45.18
2025-12-17T02:26:23.801963,Recipe_B,ca4e2b3e-360b-4bf9-859c-5118db1a7fff,20,4.0,,,,98.29,50.47,50.37,47.91,60.86,43.64
2025-12-17T02:26:23.801963,Recipe_B,ca4e2b3e-360b-4bf9-859c-5118db1a7fff,20,4.0,Warning_1,Simulated Warning occurred,Warning,,,,,,
2025-12-17T02:26:24.801963,Recipe_B,ca4e2b3e-360b-4bf9-859c-5118db1a7fff,20,4.0,,,,91.59,48.57,54.22,41.69,52.96,55.89
2025-12-17T02:26:25.801963,Recipe_B,ca4e2b3e-360b-4bf9-859c-5118db1a7fff,20,4.0,,,,100.33,48.0,52.65,56.54,56.08,45.68
2025-12-17T02:26:26.801963,Recipe_B,ca4e2b3e-360b-4bf9-859c-5118db1a7fff,20,4.0,,,,91.01,62.14,54.96,52.31,45.03,53.79
2025-12-17T02:26:27.801963,Recipe_B,ca4e2b3e-360b-4bf9-859c-5118db1a7fff,20,4.0,,,,104.63,45.13,50.41,42.8,57.59,50.39
2025-12-17T02:26:28.801963,Recipe_B,ca4e2b3e-360b-4bf9-859c-5118db1a7fff,20,4.0,,,,103.27,49.08,43.51,54.62,49.99,46.03
2025-12-17T02:26:29.801963,Recipe_B,ca4e2b3e-360b-4bf9-859c-5118db1a7fff,20,4.0,,,,102.72,49.72,50.4,53.01,45.93,55.22
2025-12-17T02:26:30.801963,Recipe_B,ca4e2b3e-360b-4bf9-859c-5118db1a7fff,20,4.0,,,,103.85,56.68,41.02,42.33,46.61,47.47
2025-12-17T02:26:31.801963,Recipe_B,ca4e2b3e-360b-4bf9-859c-5118db1a7fff,20,5.0,,,,13.01,8.71,6.31,6.68,7.54,9.23
2025-12-17T02:26:32.801963,Recipe_B,ca4e2b3e-360b-4bf9-859c-5118db1a7fff,20,5.0,,,,10.01,11.58,9.45,9.96,10.21,10.19
2025-12-17T02:26:33.801963,Recipe_B,ca4e2b3e-360b-4bf9-859c-5118db1a7fff,20,5.0,,,,9.89,5.5,10.07,11.12,9.09,11.12
2025-12-17T02:26:34.801963,Recipe_B,ca4e2b3e-360b-4bf9-859c-5118db1a7fff,20,5.0,,,,8.58,9.57,9.88,10.64,10.4,8.19
2025-12-17T02:26:35.801963,Recipe_B,ca4e2b3e-360b-4bf9-859c-5118db1a7fff,20,5.0,,,,12.65,9.63,8.46,10.85,7.39,8.54
2025-12-17T02:26:36.801963,Recipe_B,ca4e2b3e-360b-4bf9-859c-5118db1a7fff,20,5.0,,,,8.46,9.22,10.0,7.19,10.0,10.08
2025-12-17T02:26:37.801963,Recipe_B,ca4e2b3e-360b-4bf9-859c-5118db1a7fff,20,5.0,,,,8.77,9.15,13.66,8.82,8.02,8.16
2025-12-17T02:26:38.801963,Recipe_B,ca4e2b3e-360b-4bf9-859c-5118db1a7fff,20,5.0,,,,11.25,10.21,9.95,11.74,7.93,8.42
2025-12-17T02:26:39.801963,Recipe_B,ca4e2b3e-360b-4bf9-859c-5118db1a7fff,20,5.0,,,,10.83,12.12,9.07,11.06,12.87,10.79
2025-12-17T02:26:40.801963,Recipe_B,ca4e2b3e-360b-4bf9-859c-5118db1a7fff,20,5.0,,,,7.81,9.65,6.96,10.43,10.29,7.09
2025-12-17T02:26:41.801963,Recipe_B,ca4e2b3e-360b-4bf9-859c-5118db1a7fff,20,5.0,,,,10.09,9.1,9.78,9.78,10.59,10.42
2025-12-17T02:26:42.801963,Recipe_B,ca4e2b3e-360b-4bf9-859c-5118db1a7fff,20,5.0,,,,6.2,9.55,8.52,9.08,11.41,8.2
2025-12-17T02:26:43.801963,Recipe_B,ca4e2b3e-360b-4bf9-859c-5118db1a7fff,20,5.0,,,,9.92,8.15,8.89,9.24,9.65,9.51
2025-12-17T02:26:44.801963,Recipe_B,ca4e2b3e-360b-4bf9-859c-5118db1a7fff,20,5.0,,,,9.64,8.93,9.59,8.57,9.02,11.05
2025-12-17T02:26:45.801963,Recipe_B,ca4e2b3e-360b-4bf9-859c-5118db1a7fff,20,5.0,,,,10.42,9.78,11.15,9.61,11.49,10.58
2025-12-17T02:26:46.801963,Recipe_B,ca4e2b3e-360b-4bf9-859c-5118db1a7fff,20,5.0,,,,9.42,6.97,7.9,10.41,14.79,12.07
2025-12-17T02:26:47.801963,Recipe_B,ca4e2b3e-360b-4bf9-859c-5118db1a7fff,20,5.0,,,,11.04,12.37,9.39,12.11,11.96,12.1
2025-12-17T02:26:48.801963,Recipe_B,ca4e2b3e-360b-4bf9-859c-5118db1a7fff,20,5.0,,,,10.1,11.24,9.61,9.36,10.94,10.41
2025-12-17T02:26:49.801963,Recipe_B,ca4e2b3e-360b-4bf9-859c-5118db1a7fff,20,5.0,,,,8.95,11.29,8.37,8.91,9.6,8.35
2025-12-17T02:26:49.801963,Recipe_B,ca4e2b3e-360b-4bf9-859c-5118db1a7fff,20,5.0,Warning_6,Simulated Warning occurred,Warning,,,,,,
2025-12-17T02:26:50.801963,Recipe_B,ca4e2b3e-360b-4bf9-859c-5118db1a7fff,20,5.0,,,,7.29,9.02,12.27,8.05,9.57,9.67
2025-12-17T02:26:51.801963,Recipe_B,ca4e2b3e-360b-4bf9-859c-5118db1a7fff,20,5.0,,,,9.38,9.77,10.76,14.06,9.61,7.94
2025-12-17T02:26:52.801963,Recipe_B,ca4e2b3e-360b-4bf9-859c-5118db1a7fff,20,5.0,,,,9.97,12.09,9.11,5.24,11.03,12.34
2025-12-17T02:26:53.801963,Recipe_B,ca4e2b3e-360b-4bf9-859c-5118db1a7fff,20,5.0,,,,5.82,4.83,8.18,14.49,7.1,11.59
2025-12-17T02:26:54.801963,Recipe_B,ca4e2b3e-360b-4bf9-859c-5118db1a7fff,20,5.0,,,,11.02,12.98,8.64,12.04,11.06,7.82
2025-12-17T02:26:55.801963,Recipe_B,ca4e2b3e-360b-4bf9-859c-5118db1a7fff,20,5.0,,,,11.07,5.72,9.57,11.23,14.08,11.06
2025-12-17T02:26:56.801963,Recipe_B,ca4e2b3e-360b-4bf9-859c-5118db1a7fff,20,5.0,,,,12.76,8.46,11.29,8.69,3.52,9.98
2025-12-17T02:26:57.801963,Recipe_B,ca4e2b3e-360b-4bf9-859c-5118db1a7fff,20,5.0,,,,8.6,10.6,9.58,10.8,8.38,9.07
2025-12-17T02:26:58.801963,Recipe_B,ca4e2b3e-360b-4bf9-859c-5118db1a7fff,20,5.0,,,,12.33,11.3,8.95,8.32,10.54,11.5
2025-12-17T02:26:59.801963,Recipe_B,ca4e2b3e-360b-4bf9-859c-5118db1a7fff,20,5.0,,,,13.22,9.62,7.8,7.27,9.67,9.89
2025-12-17T02:27:00.801963,Recipe_B,ca4e2b3e-360b-4bf9-859c-5118db1a7fff,20,5.0,,,,12.61,10.05,13.39,9.71,11.66,8.57
2025-12-17T02:27:01.801963,Recipe_B,ca4e2b3e-360b-4bf9-859c-5118db1a7fff,20,5.0,,,,10.6,9.9,7.98,11.69,10.13,14.09
2025-12-17T02:27:02.801963,Recipe_B,ca4e2b3e-360b-4bf9-859c-5118db1a7fff,20,5.0,,,,12.14,9.88,7.49,11.02,12.03,9.35
2025-12-17T02:27:03.801963,Recipe_B,ca4e2b3e-360b-4bf9-859c-5118db1a7fff,20,5.0,,,,10.06,10.92,12.63,8.34,8.91,11.82
2025-12-17T02:27:04.801963,Recipe_B,ca4e2b3e-360b-4bf9-859c-5118db1a7fff,20,5.0,,,,11.83,10.95,6.46,10.36,5.64,13.64
2025-12-17T02:27:05.801963,Recipe_B,ca4e2b3e-360b-4bf9-859c-5118db1a7fff,20,5.0,,,,11.01,5.66,8.89,7.58,8.96,11.52
2025-12-17T02:27:06.801963,Recipe_B,ca4e2b3e-360b-4bf9-859c-5118db1a7fff,20,5.0,,,,10.19,15.19,11.69,11.35,9.26,8.82
2025-12-17T02:27:07.801963,Recipe_B,ca4e2b3e-360b-4bf9-859c-5118db1a7fff,20,2.0,,,,12.05,11.0,9.66,10.79,8.23,10.72
2025-12-17T02:27:08.801963,Recipe_B,ca4e2b3e-360b-4bf9-859c-5118db1a7fff,20,2.0,,,,11.08,7.49,10.14,12.02,10.74,10.68
2025-12-17T02:27:09.801963,Recipe_B,ca4e2b3e-360b-4bf9-859c-5118db1a7fff,20,2.0,,,,8.45,12.09,9.39,9.23,10.84,7.13
2025-12-17T02:27:10.801963,Recipe_B,ca4e2b3e-360b-4bf9-859c-5118db1a7fff,20,2.0,,,,8.77,10.77,9.41,9.0,6.89,13.05
2025-12-17T02:27:11.801963,Recipe_B,ca4e2b3e-360b-4bf9-859c-5118db1a7fff,20,2.0,,,,6.89,8.23,11.24,10.56,8.64,8.86
2025-12-17T02:27:12.801963,Recipe_B,ca4e2b3e-360b-4bf9-859c-5118db1a7fff,20,2.0,,,,9.99,9.69,10.49,10.39,8.26,11.3
2025-12-17T02:27:13.801963,Recipe_B,ca4e2b3e-360b-4bf9-859c-5118db1a7fff,20,2.0,,,,14.66,7.55,12.38,8.39,9.92,11.44
2025-12-17T02:27:14.801963,Recipe_B,ca4e2b3e-360b-4bf9-859c-5118db1a7fff,20,2.0,,,,7.98,11.26,11.54,10.96,11.58,9.08
2025-12-17T02:27:15.801963,Recipe_B,ca4e2b3e-360b-4bf9-859c-5118db1a7fff,20,2.0,,,,9.08,8.0,12.25,9.07,10.59,8.03
2025-12-17T02:27:16.801963,Recipe_B,ca4e2b3e-360b-4bf9-859c-5118db1a7fff,20,2.0,,,,15.44,14.66,12.37,7.84,10.77,10.07
2025-12-17T02:27:17.801963,Recipe_B,ca4e2b3e-360b-4bf9-859c-5118db1a7fff,20,2.0,,,,12.59,7.68,11.18,8.96,12.17,9.91
2025-12-17T02:27:18.801963,Recipe_B,ca4e2b3e-360b-4bf9-859c-5118db1a7fff,20,2.0,,,,9.99,10.65,10.41,9.24,6.41,8.48
2025-12-17T02:27:19.801963,Recipe_B,ca4e2b3e-360b-4bf9-859c-5118db1a7fff,20,2.0,,,,7.39,7.7,12.15,12.47,7.67,10.52
2025-12-17T02:27:20.801963,Recipe_B,ca4e2b3e-360b-4bf9-859c-5118db1a7fff,20,2.0,,,,7.95,13.37,9.36,11.58,6.44,12.47
2025-12-17T02:27:21.801963,Recipe_B,ca4e2b3e-360b-4bf9-859c-5118db1a7fff,20,2.0,,,,10.77,10.58,9.54,10.73,12.2,10.75
2025-12-17T02:27:22.801963,Recipe_B,ca4e2b3e-360b-4bf9-859c-5118db1a7fff,20,2.0,,,,9.16,8.9,8.13,7.57,9.84,14.11
2025-12-17T02:27:23.801963,Recipe_B,ca4e2b3e-360b-4bf9-859c-5118db1a7fff,20,2.0,,,,8.24,12.66,11.61,10.39,12.63,6.91
2025-12-17T02:27:24.801963,Recipe_B,ca4e2b3e-360b-4bf9-859c-5118db1a7fff,20,2.0,,,,10.95,9.51,11.79,9.73,10.94,6.87
2025-12-17T02:27:25.801963,Recipe_B,ca4e2b3e-360b-4bf9-859c-5118db1a7fff,20,2.0,,,,8.18,7.75,14.69,8.24,7.35,9.84
2025-12-17T02:27:26.801963,Recipe_B,ca4e2b3e-360b-4bf9-859c-5118db1a7fff,20,2.0,,,,9.9,7.68,11.55,7.3,2.33,8.85
2025-12-17T02:27:27.801963,Recipe_B,ca4e2b3e-360b-4bf9-859c-5118db1a7fff,20,2.0,,,,6.85,9.99,9.85,10.98,6.78,8.08
2025-12-17T02:27:28.801963,Recipe_B,ca4e2b3e-360b-4bf9-859c-5118db1a7fff,20,2.0,,,,8.17,7.96,7.03,9.97,9.39,8.18
2025-12-17T02:27:29.801963,Recipe_B,ca4e2b3e-360b-4bf9-859c-5118db1a7fff,20,2.0,,,,12.62,9.33,11.04,8.72,10.11,10.5
2025-12-17T02:27:30.801963,Recipe_B,ca4e2b3e-360b-4bf9-859c-5118db1a7fff,20,2.0,,,,10.26,10.53,9.75,8.94,11.27,9.22
2025-12-17T02:27:31.801963,Recipe_B,ca4e2b3e-360b-4bf9-859c-5118db1a7fff,20,2.0,,,,10.14,9.66,12.93,10.14,7.38,8.83
2025-12-17T02:27:32.801963,Recipe_B,ca4e2b3e-360b-4bf9-859c-5118db1a7fff,20,3.0,,,,11.68,8.88,7.41,12.36,14.14,11.06
2025-12-17T02:27:33.801963,Recipe_B,ca4e2b3e-360b-4bf9-859c-5118db1a7fff,20,3.0,,,,11.01,9.38,8.95,10.99,8.77,7.95
2025-12-17T02:27:34.801963,Recipe_B,ca4e2b3e-360b-4bf9-859c-5118db1a7fff,20,3.0,,,,11.37,9.97,6.11,10.31,10.25,11.55
2025-12-17T02:27:35.801963,Recipe_B,ca4e2b3e-360b-4bf9-859c-5118db1a7fff,20,3.0,,,,7.19,9.54,9.03,11.69,8.12,7.19
2025-12-17T02:27:36.801963,Recipe_B,ca4e2b3e-360b-4bf9-859c-5118db1a7fff,20,3.0,,,,6.11,10.14,7.35,12.76,9.91,9.66
2025-12-17T02:27:37.801963,Recipe_B,ca4e2b3e-360b-4bf9-859c-5118db1a7fff,20,3.0,,,,12.37,6.09,8.55,7.96,9.31,11.47
2025-12-17T02:27:38.801963,Recipe_B,ca4e2b3e-360b-4bf9-859c-5118db1a7fff,20,3.0,,,,11.64,10.31,9.15,5.28,8.54,13.42
2025-12-17T02:27:39.801963,Recipe_B,ca4e2b3e-360b-4bf9-859c-5118db1a7fff,20,3.0,,,,11.87,7.89,12.94,11.28,10.22,7.53
2025-12-17T02:27:40.801963,Recipe_B,ca4e2b3e-360b-4bf9-859c-5118db1a7fff,20,3.0,,,,10.44,7.01,9.73,8.01,8.14,13.44
2025-12-17T02:27:41.801963,Recipe_B,ca4e2b3e-360b-4bf9-859c-5118db1a7fff,20,3.0,,,,10.79,9.13,10.67,10.44,12.74,8.48
2025-12-17T02:27:42.801963,Recipe_B,ca4e2b3e-360b-4bf9-859c-5118db1a7fff,20,3.0,,,,11.92,8.5,6.38,12.38,9.05,10.26
2025-12-17T02:27:43.801963,Recipe_B,ca4e2b3e-360b-4bf9-859c-5118db1a7fff,20,3.0,,,,10.71,10.9,7.67,11.13,11.2,8.13
2025-12-17T02:27:44.801963,Recipe_B,ca4e2b3e-360b-4bf9-859c-5118db1a7fff,20,3.0,,,,8.98,12.77,11.93,9.13,8.28,9.86
2025-12-17T02:27:45.801963,Recipe_B,ca4e2b3e-360b-4bf9-859c-5118db1a7fff,20,3.0,,,,9.22,9.54,12.38,9.38,11.77,9.45
2025-12-17T02:27:46.801963,Recipe_B,ca4e2b3e-360b-4bf9-859c-5118db1a7fff,20,3.0,,,,8.85,10.19,9.27,9.38,8.67,9.88
2025-12-17T02:27:47.801963,Recipe_B,ca4e2b3e-360b-4bf9-859c-5118db1a7fff,20,3.0,,,,10.72,12.42,8.61,8.84,5.94,9.92
2025-12-17T02:27:48.801963,Recipe_B,ca4e2b3e-360b-4bf9-859c-5118db1a7fff,20,3.0,,,,8.04,12.56,12.1,11.63,7.47,11.32
2025-12-17T02:27:49.801963,Recipe_B,ca4e2b3e-360b-4bf9-859c-5118db1a7fff,20,3.0,,,,8.04,10.43,7.68,10.04,9.37,13.46
2025-12-17T02:27:50.801963,Recipe_B,ca4e2b3e-360b-4bf9-859c-5118db1a7fff,20,3.0,,,,10.27,7.54,11.23,11.55,7.61,8.07
2025-12-17T02:27:51.801963,Recipe_B,ca4e2b3e-360b-4bf9-859c-5118db1a7fff,20,3.0,,,,11.79,10.69,6.42,11.58,11.17,10.41
2025-12-17T02:27:52.801963,Recipe_B,ca4e2b3e-360b-4bf9-859c-5118db1a7fff,20,3.0,,,,11.31,8.8,6.58,10.88,8.38,10.31
2025-12-17T02:27:53.801963,Recipe_B,ca4e2b3e-360b-4bf9-859c-5118db1a7fff,20,3.0,,,,12.09,10.71,12.38,11.29,10.53,9.24
2025-12-17T02:27:54.801963,Recipe_B,ca4e2b3e-360b-4bf9-859c-5118db1a7fff,20,3.0,,,,8.68,12.63,9.94,9.12,6.76,8.28
2025-12-17T02:27:55.801963,Recipe_B,ca4e2b3e-360b-4bf9-859c-5118db1a7fff,20,3.0,,,,12.25,8.56,8.9,7.97,10.87,11.34
2025-12-17T02:27:56.801963,Recipe_B,ca4e2b3e-360b-4bf9-859c-5118db1a7fff,20,3.0,,,,11.27,8.24,8.73,9.42,11.24,10.44
2025-12-17T02:27:57.801963,Recipe_B,ca4e2b3e-360b-4bf9-859c-5118db1a7fff,20,3.0,,,,12.4,12.14,12.19,7.12,11.29,8.06
2025-12-17T02:27:58.801963,Recipe_B,ca4e2b3e-360b-4bf9-859c-5118db1a7fff,20,3.0,,,,7.52,10.59,9.04,8.76,11.2,11.72
2025-12-17T02:27:59.801963,Recipe_B,ca4e2b3e-360b-4bf9-859c-5118db1a7fff,20,3.0,,,,7.14,11.99,7.41,6.87,8.29,10.0
2025-12-17T02:28:00.801963,Recipe_B,ca4e2b3e-360b-4bf9-859c-5118db1a7fff,20,3.0,,,,14.03,10.67,8.53,11.45,10.84,12.94
2025-12-17T02:28:01.801963,Recipe_B,ca4e2b3e-360b-4bf9-859c-5118db1a7fff,20,3.0,,,,8.75,10.77,11.83,10.29,13.5,7.73
2025-12-17T02:28:02.801963,Recipe_B,ca4e2b3e-360b-4bf9-859c-5118db1a7fff,20,3.0,,,,8.26,10.21,9.27,11.48,9.54,9.92
2025-12-17T02:28:03.801963,Recipe_B,ca4e2b3e-360b-4bf9-859c-5118db1a7fff,20,3.0,,,,11.47,8.37,9.61,8.85,8.49,11.3
2025-12-17T02:28:04.801963,Recipe_B,ca4e2b3e-360b-4bf9-859c-5118db1a7fff,20,3.0,,,,12.34,9.44,9.9,10.72,12.31,10.94
2025-12-17T02:28:05.801963,Recipe_B,ca4e2b3e-360b-4bf9-859c-5118db1a7fff,20,3.0,,,,8.81,10.3,7.81,9.97,8.65,8.53
2025-12-17T02:28:06.801963,Recipe_B,ca4e2b3e-360b-4bf9-859c-5118db1a7fff,20,3.0,,,,6.63,7.71,7.16,8.55,13.31,10.09
2025-12-17T02:28:07.801963,Recipe_B,ca4e2b3e-360b-4bf9-859c-5118db1a7fff,20,3.0,,,,6.56,9.21,11.35,7.55,9.76,12.77
2025-12-17T02:28:08.801963,Recipe_B,ca4e2b3e-360b-4bf9-859c-5118db1a7fff,20,3.0,,,,9.97,11.6,10.16,10.65,8.82,11.53
2025-12-17T02:28:09.801963,Recipe_B,ca4e2b3e-360b-4bf9-859c-5118db1a7fff,20,3.0,,,,12.91,8.15,5.64,11.08,7.13,9.15
2025-12-17T02:28:10.801963,Recipe_B,ca4e2b3e-360b-4bf9-859c-5118db1a7fff,20,3.0,,,,10.8,8.01,11.89,12.34,10.95,9.66
2025-12-17T02:28:11.801963,Recipe_B,ca4e2b3e-360b-4bf9-859c-5118db1a7fff,20,3.0,,,,7.75,8.87,10.24,12.85,10.82,10.02
2025-12-17T02:28:12.801963,Recipe_B,ca4e2b3e-360b-4bf9-859c-5118db1a7fff,20,3.0,,,,8.66,10.41,12.2,9.75,9.32,10.07
2025-12-17T02:28:13.801963,Recipe_B,ca4e2b3e-360b-4bf9-859c-5118db1a7fff,20,3.0,,,,11.87,12.08,9.41,13.7,13.66,10.45
2025-12-17T02:28:14.801963,Recipe_B,ca4e2b3e-360b-4bf9-859c-5118db1a7fff,20,3.0,,,,14.1,8.12,13.73,9.16,12.06,11.86
2025-12-17T02:28:15.801963,Recipe_B,ca4e2b3e-360b-4bf9-859c-5118db1a7fff,20,3.0,,,,11.45,8.68,5.7,9.48,11.08,8.26
2025-12-17T02:28:16.801963,Recipe_B,ca4e2b3e-360b-4bf9-859c-5118db1a7fff,20,3.0,,,,7.16,6.97,10.35,8.84,6.48,13.51
2025-12-17T02:28:17.801963,Recipe_B,ca4e2b3e-360b-4bf9-859c-5118db1a7fff,20,3.0,,,,13.5,11.82,10.84,9.68,10.79,7.64
2025-12-17T02:28:18.801963,Recipe_B,ca4e2b3e-360b-4bf9-859c-5118db1a7fff,20,3.0,,,,9.48,9.38,5.73,8.8,9.66,9.76
2025-12-17T02:28:19.801963,Recipe_B,ca4e2b3e-360b-4bf9-859c-5118db1a7fff,20,3.0,,,,11.09,13.85,8.9,13.61,10.55,12.36
2025-12-17T02:28:20.801963,Recipe_B,ca4e2b3e-360b-4bf9-859c-5118db1a7fff,20,3.0,,,,9.62,9.34,13.75,9.7,9.07,14.68
2025-12-17T02:28:21.801963,Recipe_B,ca4e2b3e-360b-4bf9-859c-5118db1a7fff,20,3.0,,,,4.88,12.19,9.83,10.85,7.77,10.97
2025-12-17T02:28:22.801963,Recipe_B,ca4e2b3e-360b-4bf9-859c-5118db1a7fff,20,3.0,,,,11.54,13.91,10.3,7.12,9.01,11.14
2025-12-17T02:28:23.801963,Recipe_B,ca4e2b3e-360b-4bf9-859c-5118db1a7fff,20,3.0,,,,10.76,9.23,11.41,14.61,8.21,12.23
2025-12-17T02:28:24.801963,Recipe_B,ca4e2b3e-360b-4bf9-859c-5118db1a7fff,20,3.0,,,,9.72,10.82,8.51,7.26,8.9,12.02
2025-12-17T02:28:25.801963,Recipe_B,ca4e2b3e-360b-4bf9-859c-5118db1a7fff,20,3.0,,,,11.97,10.49,11.22,6.78,9.19,10.64
2025-12-17T02:28:26.801963,Recipe_B,ca4e2b3e-360b-4bf9-859c-5118db1a7fff,20,3.0,,,,9.33,9.11,11.17,9.79,9.92,11.03
2025-12-17T02:28:27.801963,Recipe_B,ca4e2b3e-360b-4bf9-859c-5118db1a7fff,20,3.0,,,,6.65,8.28,13.41,10.16,10.15,8.23
2025-12-17T02:28:28.801963,Recipe_B,ca4e2b3e-360b-4bf9-859c-5118db1a7fff,20,3.0,,,,14.08,11.51,9.77,10.09,11.51,9.01
2025-12-17T02:28:29.801963,Recipe_B,ca4e2b3e-360b-4bf9-859c-5118db1a7fff,20,3.0,,,,9.14,12.12,10.14,11.87,9.28,10.89
2025-12-17T02:28:30.801963,Recipe_B,ca4e2b3e-360b-4bf9-859c-5118db1a7fff,20,3.0,,,,9.1,8.35,12.67,11.08,11.47,11.37
2025-12-17T02:28:31.801963,Recipe_B,ca4e2b3e-360b-4bf9-859c-5118db1a7fff,20,3.0,,,,8.54,10.62,9.76,8.8,7.88,8.31
2025-12-17T02:28:32.801963,Recipe_B,ca4e2b3e-360b-4bf9-859c-5118db1a7fff,20,3.0,,,,9.06,10.51,11.29,11.97,9.92,10.96
2025-12-17T02:28:33.801963,Recipe_B,ca4e2b3e-360b-4bf9-859c-5118db1a7fff,20,3.0,,,,5.66,8.44,8.4,7.68,13.72,10.02
2025-12-17T02:28:34.801963,Recipe_B,ca4e2b3e-360b-4bf9-859c-5118db1a7fff,20,3.0,,,,10.6,9.2,9.71,11.29,9.16,9.02
2025-12-17T02:28:35.801963,Recipe_B,ca4e2b3e-360b-4bf9-859c-5118db1a7fff,20,3.0,,,,11.02,13.22,12.17,11.94,11.52,9.7
2025-12-17T02:28:36.801963,Recipe_B,ca4e2b3e-360b-4bf9-859c-5118db1a7fff,20,3.0,,,,11.45,10.31,11.36,10.81,6.89,10.35
2025-12-17T02:28:37.801963,Recipe_B,ca4e2b3e-360b-4bf9-859c-5118db1a7fff,20,3.0,,,,11.12,9.04,10.94,10.31,7.21,9.49
2025-12-17T02:28:38.801963,Recipe_B,ca4e2b3e-360b-4bf9-859c-5118db1a7fff,20,3.0,,,,7.17,7.99,11.63,8.3,12.32,8.07
2025-12-17T02:28:39.801963,Recipe_B,ca4e2b3e-360b-4bf9-859c-5118db1a7fff,20,3.0,,,,10.57,6.93,9.26,10.55,8.01,9.41
2025-12-17T02:28:40.801963,Recipe_B,ca4e2b3e-360b-4bf9-859c-5118db1a7fff,20,3.0,,,,10.07,7.81,9.0,7.86,9.42,13.21
2025-12-17T02:28:41.801963,Recipe_B,ca4e2b3e-360b-4bf9-859c-5118db1a7fff,20,3.0,,,,9.56,8.18,13.86,10.89,11.24,7.13
2025-12-17T02:28:42.801963,Recipe_B,ca4e2b3e-360b-4bf9-859c-5118db1a7fff,20,3.0,,,,9.93,10.98,9.5,8.55,9.72,9.75
2025-12-17T02:28:43.801963,Recipe_B,ca4e2b3e-360b-4bf9-859c-5118db1a7fff,20,3.0,,,,7.94,7.35,13.55,10.18,12.43,11.47
2025-12-17T02:28:44.801963,Recipe_B,ca4e2b3e-360b-4bf9-859c-5118db1a7fff,20,3.0,,,,9.96,10.66,9.69,7.92,8.97,7.78
2025-12-17T02:28:45.801963,Recipe_B,ca4e2b3e-360b-4bf9-859c-5118db1a7fff,20,3.0,,,,9.52,8.95,12.75,10.55,7.97,8.9
2025-12-17T02:28:46.801963,Recipe_B,ca4e2b3e-360b-4bf9-859c-5118db1a7fff,20,3.0,,,,12.59,7.6,10.68,11.35,10.77,7.54
2025-12-17T02:28:47.801963,Recipe_B,ca4e2b3e-360b-4bf9-859c-5118db1a7fff,20,3.0,,,,10.16,10.22,7.29,9.03,9.09,13.06
2025-12-17T02:28:48.801963,Recipe_B,ca4e2b3e-360b-4bf9-859c-5118db1a7fff,20,3.0,,,,9.69,12.84,9.55,12.99,10.18,10.93
2025-12-17T02:28:49.801963,Recipe_B,ca4e2b3e-360b-4bf9-859c-5118db1a7fff,20,3.0,,,,11.14,9.18,10.5,11.25,14.6,7.66
2025-12-17T02:28:50.801963,Recipe_B,ca4e2b3e-360b-4bf9-859c-5118db1a7fff,20,3.0,,,,12.19,9.3,11.45,7.82,9.21,8.38
2025-12-17T02:28:51.801963,Recipe_B,ca4e2b3e-360b-4bf9-859c-5118db1a7fff,20,3.0,,,,11.91,10.13,9.64,10.07,7.22,12.29
2025-12-17T02:28:52.801963,Recipe_B,ca4e2b3e-360b-4bf9-859c-5118db1a7fff,20,3.0,,,,10.6,11.27,11.93,8.7,10.26,7.48
2025-12-17T02:28:53.801963,Recipe_B,ca4e2b3e-360b-4bf9-859c-5118db1a7fff,20,3.0,,,,8.16,8.45,9.86,10.73,11.27,10.11
2025-12-17T02:28:54.801963,Recipe_B,ca4e2b3e-360b-4bf9-859c-5118db1a7fff,20,3.0,,,,10.23,7.13,12.4,12.42,9.9,9.03
2025-12-17T02:28:55.801963,Recipe_B,ca4e2b3e-360b-4bf9-859c-5118db1a7fff,20,3.0,,,,10.63,9.83,10.68,8.97,12.13,10.26
2025-12-17T02:28:55.801963,Recipe_B,ca4e2b3e-360b-4bf9-859c-5118db1a7fff,20,3.0,Warning_6,Simulated Warning occurred,Warning,,,,,,
2025-12-17T02:28:56.801963,Recipe_B,ca4e2b3e-360b-4bf9-859c-5118db1a7fff,20,3.0,,,,7.14,8.0,9.25,5.73,10.32,10.84
2025-12-17T02:28:57.801963,Recipe_B,ca4e2b3e-360b-4bf9-859c-5118db1a7fff,20,3.0,,,,10.23,6.88,8.71,9.33,6.36,9.44
2025-12-17T02:28:58.801963,Recipe_B,ca4e2b3e-360b-4bf9-859c-5118db1a7fff,20,3.0,,,,8.83,9.44,10.13,6.3,11.69,9.43
2025-12-17T02:28:59.801963,Recipe_B,ca4e2b3e-360b-4bf9-859c-5118db1a7fff,20,3.0,,,,6.64,9.37,9.16,11.08,11.86,9.8
2025-12-17T02:29:00.801963,Recipe_B,ca4e2b3e-360b-4bf9-859c-5118db1a7fff,20,3.0,,,,12.24,12.54,8.53,10.29,9.45,10.42
2025-12-17T02:29:01.801963,Recipe_B,ca4e2b3e-360b-4bf9-859c-5118db1a7fff,20,3.0,,,,10.48,11.83,6.31,9.61,11.39,8.47
2025-12-17T02:29:02.801963,Recipe_B,ca4e2b3e-360b-4bf9-859c-5118db1a7fff,20,3.0,,,,7.68,9.72,11.26,13.06,10.09,9.39
2025-12-17T02:29:03.801963,Recipe_B,ca4e2b3e-360b-4bf9-859c-5118db1a7fff,20,3.0,,,,7.23,10.05,12.4,11.65,13.82,12.28
2025-12-17T02:29:04.801963,Recipe_B,ca4e2b3e-360b-4bf9-859c-5118db1a7fff,20,3.0,,,,11.0,11.66,7.97,9.39,12.2,7.52
2025-12-17T02:29:05.801963,Recipe_B,ca4e2b3e-360b-4bf9-859c-5118db1a7fff,20,5.0,,,,6.67,7.55,13.97,10.52,9.02,10.05
2025-12-17T02:29:06.801963,Recipe_B,ca4e2b3e-360b-4bf9-859c-5118db1a7fff,20,5.0,,,,10.07,9.88,7.79,8.69,10.4,10.17
2025-12-17T02:29:07.801963,Recipe_B,ca4e2b3e-360b-4bf9-859c-5118db1a7fff,20,5.0,,,,7.99,9.63,11.13,9.31,7.3,10.56
2025-12-17T02:29:08.801963,Recipe_B,ca4e2b3e-360b-4bf9-859c-5118db1a7fff,20,5.0,,,,9.32,10.0,5.76,11.87,11.16,10.08
2025-12-17T02:29:08.801963,Recipe_B,ca4e2b3e-360b-4bf9-859c-5118db1a7fff,20,5.0,Warning_2,Simulated Warning occurred,Warning,,,,,,
2025-12-17T02:29:09.801963,Recipe_B,ca4e2b3e-360b-4bf9-859c-5118db1a7fff,20,5.0,,,,10.98,10.26,6.22,10.73,10.77,8.88
2025-12-17T02:29:10.801963,Recipe_B,ca4e2b3e-360b-4bf9-859c-5118db1a7fff,20,5.0,,,,9.45,10.93,9.4,7.23,9.91,12.52
2025-12-17T02:29:11.801963,Recipe_B,ca4e2b3e-360b-4bf9-859c-5118db1a7fff,20,5.0,,,,8.3,10.66,6.46,7.68,9.4,6.83
2025-12-17T02:29:12.801963,Recipe_B,ca4e2b3e-360b-4bf9-859c-5118db1a7fff,20,5.0,,,,10.05,9.4,10.38,10.2,12.09,17.36
2025-12-17T02:29:13.801963,Recipe_B,ca4e2b3e-360b-4bf9-859c-5118db1a7fff,20,5.0,,,,9.99,13.52,9.47,9.06,11.22,12.12
2025-12-17T02:29:14.801963,Recipe_B,ca4e2b3e-360b-4bf9-859c-5118db1a7fff,20,5.0,,,,10.45,11.9,9.37,13.19,8.46,9.06
2025-12-17T02:29:15.801963,Recipe_B,ca4e2b3e-360b-4bf9-859c-5118db1a7fff,20,5.0,,,,9.16,10.3,10.07,10.93,8.98,8.88
2025-12-17T02:29:16.801963,Recipe_B,ca4e2b3e-360b-4bf9-859c-5118db1a7fff,20,5.0,,,,11.68,6.39,12.45,7.64,9.78,10.67
2025-12-17T02:29:17.801963,Recipe_B,ca4e2b3e-360b-4bf9-859c-5118db1a7fff,20,5.0,,,,11.01,7.85,8.49,8.33,9.82,12.13
2025-12-17T02:29:18.801963,Recipe_B,ca4e2b3e-360b-4bf9-859c-5118db1a7fff,20,5.0,,,,9.12,7.86,10.65,9.41,9.85,8.39
2025-12-17T02:29:19.801963,Recipe_B,ca4e2b3e-360b-4bf9-859c-5118db1a7fff,20,5.0,,,,10.2,11.37,11.54,10.55,11.58,5.84
2025-12-17T02:29:20.801963,Recipe_B,ca4e2b3e-360b-4bf9-859c-5118db1a7fff,20,5.0,,,,10.2,10.52,7.29,9.71,8.23,10.64
2025-12-17T02:29:21.801963,Recipe_B,ca4e2b3e-360b-4bf9-859c-5118db1a7fff,20,5.0,,,,8.08,5.76,9.19,13.39,9.56,10.28
2025-12-17T02:29:22.801963,Recipe_B,ca4e2b3e-360b-4bf9-859c-5118db1a7fff,20,5.0,,,,11.22,10.88,7.24,5.55,10.73,11.36
2025-12-17T02:29:23.801963,Recipe_B,ca4e2b3e-360b-4bf9-859c-5118db1a7fff,20,5.0,,,,8.22,11.4,7.9,12.68,10.97,8.89
2025-12-17T02:29:24.801963,Recipe_B,ca4e2b3e-360b-4bf9-859c-5118db1a7fff,20,5.0,,,,7.87,7.63,7.76,6.06,11.72,8.62
2025-12-17T02:29:25.801963,Recipe_B,ca4e2b3e-360b-4bf9-859c-5118db1a7fff,20,2.0,,,,8.53,10.77,9.08,10.17,8.09,10.84
2025-12-17T02:29:26.801963,Recipe_B,ca4e2b3e-360b-4bf9-859c-5118db1a7fff,20,2.0,,,,10.86,6.02,10.55,10.24,12.31,10.58
2025-12-17T02:29:27.801963,Recipe_B,ca4e2b3e-360b-4bf9-859c-5118db1a7fff,20,2.0,,,,10.47,10.65,11.16,11.11,12.95,7.76
2025-12-17T02:29:28.801963,Recipe_B,ca4e2b3e-360b-4bf9-859c-5118db1a7fff,20,2.0,,,,14.16,9.12,12.58,7.13,12.8,10.91
2025-12-17T02:29:29.801963,Recipe_B,ca4e2b3e-360b-4bf9-859c-5118db1a7fff,20,2.0,,,,9.92,9.56,11.14,11.74,10.39,7.67
2025-12-17T02:29:30.801963,Recipe_B,ca4e2b3e-360b-4bf9-859c-5118db1a7fff,20,2.0,,,,12.23,11.2,10.33,10.1,8.54,10.71
2025-12-17T02:29:31.801963,Recipe_B,ca4e2b3e-360b-4bf9-859c-5118db1a7fff,20,2.0,,,,10.11,10.05,10.34,11.17,8.64,12.4
2025-12-17T02:29:32.801963,Recipe_B,ca4e2b3e-360b-4bf9-859c-5118db1a7fff,20,2.0,,,,11.58,11.67,9.99,6.75,7.7,12.16
2025-12-17T02:29:33.801963,Recipe_B,ca4e2b3e-360b-4bf9-859c-5118db1a7fff,20,2.0,,,,8.51,10.92,7.48,8.78,10.77,13.19
2025-12-17T02:29:34.801963,Recipe_B,ca4e2b3e-360b-4bf9-859c-5118db1a7fff,20,2.0,,,,8.8,16.26,8.2,9.04,8.48,11.31
2025-12-17T02:29:35.801963,Recipe_B,ca4e2b3e-360b-4bf9-859c-5118db1a7fff,20,2.0,,,,11.67,13.02,10.88,11.85,12.7,10.96
2025-12-17T02:29:36.801963,Recipe_B,ca4e2b3e-360b-4bf9-859c-5118db1a7fff,20,2.0,,,,12.53,13.88,10.16,8.04,8.69,8.67
2025-12-17T02:29:37.801963,Recipe_B,ca4e2b3e-360b-4bf9-859c-5118db1a7fff,20,2.0,,,,9.78,12.4,13.14,12.01,9.72,11.79
2025-12-17T02:29:38.801963,Recipe_B,ca4e2b3e-360b-4bf9-859c-5118db1a7fff,20,2.0,,,,9.97,10.33,9.63,8.62,12.58,13.6
2025-12-17T02:29:39.801963,Recipe_B,ca4e2b3e-360b-4bf9-859c-5118db1a7fff,20,2.0,,,,10.59,11.09,9.15,10.01,11.06,9.8
2025-12-17T02:29:40.801963,Recipe_B,ca4e2b3e-360b-4bf9-859c-5118db1a7fff,20,2.0,,,,8.57,11.86,8.23,11.49,9.35,13.14
2025-12-17T02:29:41.801963,Recipe_B,ca4e2b3e-360b-4bf9-859c-5118db1a7fff,20,2.0,,,,11.45,8.93,14.47,9.4,7.4,6.71
2025-12-17T02:29:42.801963,Recipe_B,ca4e2b3e-360b-4bf9-859c-5118db1a7fff,20,2.0,,,,9.84,10.53,11.71,10.52,10.91,8.04
2025-12-17T02:29:43.801963,Recipe_B,ca4e2b3e-360b-4bf9-859c-5118db1a7fff,20,2.0,,,,10.89,8.96,11.02,11.93,8.95,13.6
2025-12-17T02:29:44.801963,Recipe_B,ca4e2b3e-360b-4bf9-859c-5118db1a7fff,20,2.0,,,,12.24,8.82,9.63,10.11,13.03,10.22
2025-12-17T02:29:45.801963,Recipe_B,ca4e2b3e-360b-4bf9-859c-5118db1a7fff,20,2.0,,,,9.61,11.99,11.05,9.74,9.97,12.15
2025-12-17T02:29:46.801963,Recipe_B,ca4e2b3e-360b-4bf9-859c-5118db1a7fff,20,3.0,,,,5.98,11.91,12.82,7.86,11.66,11.13
2025-12-17T02:29:47.801963,Recipe_B,ca4e2b3e-360b-4bf9-859c-5118db1a7fff,20,3.0,,,,7.2,10.78,5.27,9.93,15.47,10.72
2025-12-17T02:29:48.801963,Recipe_B,ca4e2b3e-360b-4bf9-859c-5118db1a7fff,20,3.0,,,,10.01,4.66,13.8,12.96,8.2,10.85
2025-12-17T02:29:49.801963,Recipe_B,ca4e2b3e-360b-4bf9-859c-5118db1a7fff,20,3.0,,,,9.19,9.56,9.39,11.67,9.79,11.76
2025-12-17T02:29:50.801963,Recipe_B,ca4e2b3e-360b-4bf9-859c-5118db1a7fff,20,3.0,,,,7.88,9.69,9.36,9.9,9.15,8.62
2025-12-17T02:29:51.801963,Recipe_B,ca4e2b3e-360b-4bf9-859c-5118db1a7fff,20,0.0,,,,0.0,0.0,0.0,0.0,0.0,0.0
2025-12-17T02:29:52.801963,Recipe_B,ca4e2b3e-360b-4bf9-859c-5118db1a7fff,20,0.0,,,,0.0,0.0,0.0,0.0,0.0,0.0
2025-12-17T02:29:53.801963,Recipe_B,ca4e2b3e-360b-4bf9-859c-5118db1a7fff,20,0.0,,,,0.0,0.0,0.0,0.0,0.0,0.0
2025-12-17T02:29:54.801963,Recipe_B,ca4e2b3e-360b-4bf9-859c-5118db1a7fff,20,0.0,,,,0.0,0.0,0.0,0.0,0.0,0.0
2025-12-17T02:29:55.801963,Recipe_B,ca4e2b3e-360b-4bf9-859c-5118db1a7fff,20,0.0,,,,0.0,0.0,0.0,0.0,0.0,0.0
2025-12-17T02:29:56.801963,Recipe_B,ca4e2b3e-360b-4bf9-859c-5118db1a7fff,20,0.0,,,,0.0,0.0,0.0,0.0,0.0,0.0
2025-12-17T02:29:57.801963,Recipe_B,ca4e2b3e-360b-4bf9-859c-5118db1a7fff,20,0.0,,,,0.0,0.0,0.0,0.0,0.0,0.0
2025-12-17T02:29:58.801963,Recipe_B,ca4e2b3e-360b-4bf9-859c-5118db1a7fff,20,0.0,,,,0.0,0.0,0.0,0.0,0.0,0.0
2025-12-17T02:29:59.801963,Recipe_B,ca4e2b3e-360b-4bf9-859c-5118db1a7fff,20,0.0,,,,0.0,0.0,0.0,0.0,0.0,0.0
2025-12-17T02:30:00.801963,Recipe_B,ca4e2b3e-360b-4bf9-859c-5118db1a7fff,20,0.0,,,,0.0,0.0,0.0,0.0,0.0,0.0
2025-12-17T02:30:01.801963,Recipe_B,ca4e2b3e-360b-4bf9-859c-5118db1a7fff,20,0.0,,,,0.0,0.0,0.0,0.0,0.0,0.0
2025-12-17T02:30:02.801963,Recipe_B,ca4e2b3e-360b-4bf9-859c-5118db1a7fff,20,0.0,,,,0.0,0.0,0.0,0.0,0.0,0.0
2025-12-17T02:30:03.801963,Recipe_B,ca4e2b3e-360b-4bf9-859c-5118db1a7fff,20,0.0,,,,0.0,0.0,0.0,0.0,0.0,0.0
2025-12-17T02:30:04.801963,Recipe_B,ca4e2b3e-360b-4bf9-859c-5118db1a7fff,20,0.0,,,,0.0,0.0,0.0,0.0,0.0,0.0
2025-12-17T02:30:05.801963,Recipe_B,ca4e2b3e-360b-4bf9-859c-5118db1a7fff,20,0.0,,,,0.0,0.0,0.0,0.0,0.0,0.0
2025-12-17T02:30:06.801963,Recipe_B,ca4e2b3e-360b-4bf9-859c-5118db1a7fff,20,0.0,,,,0.0,0.0,0.0,0.0,0.0,0.0
2025-12-17T02:30:07.801963,Recipe_B,ca4e2b3e-360b-4bf9-859c-5118db1a7fff,20,5.0,,,,11.12,10.84,10.2,10.55,12.41,8.97
2025-12-17T02:30:08.801963,Recipe_B,ca4e2b3e-360b-4bf9-859c-5118db1a7fff,20,5.0,,,,12.24,9.51,5.62,9.89,8.43,4.89
2025-12-17T02:30:09.801963,Recipe_B,ca4e2b3e-360b-4bf9-859c-5118db1a7fff,20,5.0,,,,12.5,10.83,7.13,5.8,15.03,8.02
2025-12-17T02:30:10.801963,Recipe_B,ca4e2b3e-360b-4bf9-859c-5118db1a7fff,20,3.0,,,,9.91,6.43,11.44,12.16,10.57,9.71
2025-12-17T02:30:11.801963,Recipe_B,ca4e2b3e-360b-4bf9-859c-5118db1a7fff,20,3.0,,,,10.94,11.1,10.42,8.12,10.37,11.8
2025-12-17T02:30:12.801963,Recipe_B,ca4e2b3e-360b-4bf9-859c-5118db1a7fff,20,3.0,,,,11.35,7.06,9.15,10.28,12.14,7.62
2025-12-17T02:30:13.801963,Recipe_B,ca4e2b3e-360b-4bf9-859c-5118db1a7fff,20,3.0,,,,8.78,9.07,11.69,11.89,12.68,8.92
2025-12-17T02:30:14.801963,Recipe_B,ca4e2b3e-360b-4bf9-859c-5118db1a7fff,20,3.0,,,,13.95,13.73,8.86,11.11,9.56,12.05
2025-12-17T02:30:15.801963,Recipe_B,ca4e2b3e-360b-4bf9-859c-5118db1a7fff,20,3.0,,,,9.63,11.55,10.1,11.94,11.18,9.63
2025-12-17T02:30:16.801963,Recipe_B,ca4e2b3e-360b-4bf9-859c-5118db1a7fff,20,3.0,,,,11.08,9.97,8.79,12.03,7.42,13.17
2025-12-17T02:30:17.801963,Recipe_B,ca4e2b3e-360b-4bf9-859c-5118db1a7fff,20,3.0,,,,7.78,10.04,12.24,9.84,11.02,10.1
2025-12-17T02:30:18.801963,Recipe_B,ca4e2b3e-360b-4bf9-859c-5118db1a7fff,20,3.0,,,,10.58,9.56,10.71,8.95,11.65,8.51
2025-12-17T02:30:19.801963,Recipe_B,ca4e2b3e-360b-4bf9-859c-5118db1a7fff,20,3.0,,,,8.83,9.68,11.0,9.65,9.14,10.29
2025-12-17T02:30:20.801963,Recipe_B,ca4e2b3e-360b-4bf9-859c-5118db1a7fff,20,3.0,,,,9.95,10.09,8.31,7.96,9.3,9.03
2025-12-17T02:30:21.801963,Recipe_B,ca4e2b3e-360b-4bf9-859c-5118db1a7fff,20,3.0,,,,9.57,13.7,12.53,9.81,9.87,8.34
2025-12-17T02:30:22.801963,Recipe_B,ca4e2b3e-360b-4bf9-859c-5118db1a7fff,20,3.0,,,,9.15,8.52,8.13,10.2,9.48,13.27
2025-12-17T02:30:23.801963,Recipe_B,ca4e2b3e-360b-4bf9-859c-5118db1a7fff,20,3.0,,,,11.38,9.55,7.96,13.43,9.7,12.23
2025-12-17T02:30:24.801963,Recipe_B,ca4e2b3e-360b-4bf9-859c-5118db1a7fff,20,3.0,,,,8.93,9.63,9.94,16.81,8.73,12.13
2025-12-17T02:30:25.801963,Recipe_B,ca4e2b3e-360b-4bf9-859c-5118db1a7fff,20,3.0,,,,10.71,11.1,8.55,9.46,11.1,9.04
2025-12-17T02:30:26.801963,Recipe_B,ca4e2b3e-360b-4bf9-859c-5118db1a7fff,20,3.0,,,,8.46,13.11,6.11,6.38,5.11,9.49
2025-12-17T02:30:27.801963,Recipe_B,ca4e2b3e-360b-4bf9-859c-5118db1a7fff,20,4.0,,,,103.43,56.98,56.56,44.49,49.11,43.99
2025-12-17T02:30:28.801963,Recipe_B,ca4e2b3e-360b-4bf9-859c-5118db1a7fff,20,4.0,,,,105.31,49.43,60.52,43.74,46.97,58.5
2025-12-17T02:30:29.801963,Recipe_B,ca4e2b3e-360b-4bf9-859c-5118db1a7fff,20,4.0,,,,98.65,57.72,47.64,42.64,50.89,42.32
2025-12-17T02:30:30.801963,Recipe_B,ca4e2b3e-360b-4bf9-859c-5118db1a7fff,20,4.0,,,,102.64,52.37,49.33,48.95,52.94,53.02
2025-12-17T02:30:31.801963,Recipe_B,ca4e2b3e-360b-4bf9-859c-5118db1a7fff,20,4.0,,,,98.61,45.48,47.87,48.47,56.89,53.46
2025-12-17T02:30:32.801963,Recipe_B,ca4e2b3e-360b-4bf9-859c-5118db1a7fff,20,4.0,,,,103.05,47.95,50.28,49.51,55.29,54.28
2025-12-17T02:30:33.801963,Recipe_B,ca4e2b3e-360b-4bf9-859c-5118db1a7fff,20,4.0,,,,99.77,53.81,39.14,48.81,56.9,49.08
2025-12-17T02:30:34.801963,Recipe_B,ca4e2b3e-360b-4bf9-859c-5118db1a7fff,20,4.0,,,,102.64,45.51,49.77,42.21,44.76,59.84
2025-12-17T02:30:35.801963,Recipe_B,ca4e2b3e-360b-4bf9-859c-5118db1a7fff,20,4.0,,,,97.33,52.54,49.95,50.42,45.65,44.38
2025-12-17T02:30:36.801963,Recipe_B,ca4e2b3e-360b-4bf9-859c-5118db1a7fff,20,4.0,,,,96.39,42.18,50.29,47.84,48.16,49.15
2025-12-17T02:30:37.801963,Recipe_B,ca4e2b3e-360b-4bf9-859c-5118db1a7fff,20,4.0,,,,98.63,49.69,52.74,55.72,45.97,44.62
2025-12-17T02:30:38.801963,Recipe_B,ca4e2b3e-360b-4bf9-859c-5118db1a7fff,20,4.0,,,,99.71,44.92,60.04,51.39,51.29,40.28
2025-12-17T02:30:39.801963,Recipe_B,ca4e2b3e-360b-4bf9-859c-5118db1a7fff,20,4.0,,,,95.87,46.52,56.64,40.72,46.66,48.94
2025-12-17T02:30:40.801963,Recipe_B,ca4e2b3e-360b-4bf9-859c-5118db1a7fff,20,4.0,,,,98.59,49.78,47.01,54.52,48.97,43.34
2025-12-17T02:30:41.801963,Recipe_B,ca4e2b3e-360b-4bf9-859c-5118db1a7fff,20,4.0,,,,89.19,53.4,50.4,50.68,47.93,56.55
2025-12-17T02:30:42.801963,Recipe_B,ca4e2b3e-360b-4bf9-859c-5118db1a7fff,20,4.0,,,,101.56,56.67,50.93,47.39,38.86,58.74
2025-12-17T02:30:43.801963,Recipe_B,ca4e2b3e-360b-4bf9-859c-5118db1a7fff,20,4.0,,,,100.73,57.9,49.7,61.88,54.7,50.18
2025-12-17T02:30:44.801963,Recipe_B,ca4e2b3e-360b-4bf9-859c-5118db1a7fff,20,4.0,,,,97.73,51.37,47.43,45.37,61.21,51.54
2025-12-17T02:30:45.801963,Recipe_B,ca4e2b3e-360b-4bf9-859c-5118db1a7fff,20,4.0,,,,98.81,49.27,49.93,52.1,45.73,53.85
2025-12-17T02:30:46.801963,Recipe_B,ca4e2b3e-360b-4bf9-859c-5118db1a7fff,20,4.0,,,,86.99,43.54,46.17,43.22,53.58,54.53
2025-12-17T02:30:47.801963,Recipe_B,ca4e2b3e-360b-4bf9-859c-5118db1a7fff,20,4.0,,,,94.69,56.34,50.79,54.06,46.5,58.11
2025-12-17T02:30:48.801963,Recipe_B,ca4e2b3e-360b-4bf9-859c-5118db1a7fff,20,4.0,,,,94.38,53.19,42.9,48.3,51.67,47.71
2025-12-17T02:30:49.801963,Recipe_B,ca4e2b3e-360b-4bf9-859c-5118db1a7fff,20,4.0,,,,104.77,51.9,48.99,48.77,55.62,50.7
2025-12-17T02:30:50.801963,Recipe_B,ca4e2b3e-360b-4bf9-859c-5118db1a7fff,20,4.0,,,,96.7,47.55,55.15,39.35,52.22,45.25
2025-12-17T02:30:51.801963,Recipe_B,ca4e2b3e-360b-4bf9-859c-5118db1a7fff,20,4.0,,,,96.14,47.56,52.58,49.21,51.83,49.98
2025-12-17T02:30:52.801963,Recipe_B,ca4e2b3e-360b-4bf9-859c-5118db1a7fff,20,4.0,,,,101.25,57.41,52.13,55.82,58.94,44.91
2025-12-17T02:30:53.801963,Recipe_B,ca4e2b3e-360b-4bf9-859c-5118db1a7fff,20,1.0,,,,7.2,7.69,9.86,6.75,14.25,15.83
2025-12-17T02:30:54.801963,Recipe_B,ca4e2b3e-360b-4bf9-859c-5118db1a7fff,20,1.0,,,,10.22,8.09,10.87,16.62,10.2,10.51
2025-12-17T02:30:55.801963,Recipe_B,ca4e2b3e-360b-4bf9-859c-5118db1a7fff,20,1.0,,,,7.06,9.41,9.83,10.19,10.24,10.62
2025-12-17T02:30:56.801963,Recipe_B,ca4e2b3e-360b-4bf9-859c-5118db1a7fff,20,1.0,,,,8.54,9.1,10.41,11.93,8.66,9.75
2025-12-17T02:30:57.801963,Recipe_B,ca4e2b3e-360b-4bf9-859c-5118db1a7fff,20,1.0,,,,6.75,10.1,11.78,11.19,11.65,12.46
2025-12-17T02:30:58.801963,Recipe_B,ca4e2b3e-360b-4bf9-859c-5118db1a7fff,20,1.0,,,,10.64,10.7,9.84,7.8,7.23,14.93
2025-12-17T02:30:59.801963,Recipe_B,ca4e2b3e-360b-4bf9-859c-5118db1a7fff,20,1.0,,,,9.44,11.52,8.62,8.05,12.57,6.18
2025-12-17T02:31:00.801963,Recipe_B,ca4e2b3e-360b-4bf9-859c-5118db1a7fff,20,1.0,,,,10.55,10.97,8.62,12.1,9.97,12.91
2025-12-17T02:31:01.801963,Recipe_B,ca4e2b3e-360b-4bf9-859c-5118db1a7fff,20,1.0,,,,10.94,11.14,11.26,10.51,9.24,9.27
2025-12-17T02:31:02.801963,Recipe_B,ca4e2b3e-360b-4bf9-859c-5118db1a7fff,20,1.0,,,,11.5,9.16,11.59,7.41,5.34,16.23
2025-12-17T02:31:03.801963,Recipe_B,ca4e2b3e-360b-4bf9-859c-5118db1a7fff,20,1.0,,,,8.04,10.64,7.39,9.88,11.93,8.71
2025-12-17T02:31:04.801963,Recipe_B,ca4e2b3e-360b-4bf9-859c-5118db1a7fff,20,1.0,,,,9.63,11.29,9.46,10.27,11.06,8.24
2025-12-17T02:31:05.801963,Recipe_B,ca4e2b3e-360b-4bf9-859c-5118db1a7fff,20,1.0,,,,14.37,11.66,6.93,8.79,5.82,7.78
2025-12-17T02:31:06.801963,Recipe_B,ca4e2b3e-360b-4bf9-859c-5118db1a7fff,20,1.0,,,,9.96,6.17,7.11,7.72,9.74,9.58
2025-12-17T02:31:07.801963,Recipe_B,ca4e2b3e-360b-4bf9-859c-5118db1a7fff,20,1.0,,,,5.85,10.48,10.43,9.35,6.77,12.19
2025-12-17T02:31:08.801963,Recipe_B,ca4e2b3e-360b-4bf9-859c-5118db1a7fff,20,1.0,,,,9.89,10.64,9.81,11.15,9.83,9.32
2025-12-17T02:31:09.801963,Recipe_B,ca4e2b3e-360b-4bf9-859c-5118db1a7fff,20,1.0,,,,12.96,8.31,13.98,10.53,12.61,9.84
2025-12-17T02:31:10.801963,Recipe_B,ca4e2b3e-360b-4bf9-859c-5118db1a7fff,20,4.0,,,,97.19,44.81,53.86,53.83,48.82,45.92
2025-12-17T02:31:11.801963,Recipe_B,ca4e2b3e-360b-4bf9-859c-5118db1a7fff,20,4.0,,,,99.09,58.28,53.44,51.57,45.9,52.19
2025-12-17T02:31:12.801963,Recipe_B,ca4e2b3e-360b-4bf9-859c-5118db1a7fff,20,4.0,,,,99.71,48.65,47.17,56.2,45.97,44.78
2025-12-17T02:31:13.801963,Recipe_B,ca4e2b3e-360b-4bf9-859c-5118db1a7fff,20,4.0,,,,93.21,50.63,56.1,41.83,52.49,50.46
2025-12-17T02:31:14.801963,Recipe_B,ca4e2b3e-360b-4bf9-859c-5118db1a7fff,20,4.0,,,,104.3,48.44,48.34,42.68,42.74,39.08
2025-12-17T02:31:15.801963,Recipe_B,ca4e2b3e-360b-4bf9-859c-5118db1a7fff,20,4.0,,,,95.85,53.4,46.04,52.05,50.35,55.07
2025-12-17T02:31:16.801963,Recipe_B,ca4e2b3e-360b-4bf9-859c-5118db1a7fff,20,4.0,,,,97.79,54.36,49.37,54.89,46.05,44.92
2025-12-17T02:31:17.801963,Recipe_B,ca4e2b3e-360b-4bf9-859c-5118db1a7fff,20,4.0,,,,103.46,54.53,52.23,41.02,53.61,54.75
2025-12-17T02:31:18.801963,Recipe_B,ca4e2b3e-360b-4bf9-859c-5118db1a7fff,20,4.0,,,,107.65,60.66,43.88,47.22,53.15,54.14
2025-12-17T02:31:19.801963,Recipe_B,ca4e2b3e-360b-4bf9-859c-5118db1a7fff,20,4.0,,,,96.82,55.21,53.06,45.61,46.41,39.84
2025-12-17T02:31:20.801963,Recipe_B,ca4e2b3e-360b-4bf9-859c-5118db1a7fff,20,4.0,,,,101.47,52.25,51.47,54.36,47.93,50.25
2025-12-17T02:31:21.801963,Recipe_B,ca4e2b3e-360b-4bf9-859c-5118db1a7fff,20,4.0,,,,96.52,52.96,50.6,48.24,51.74,49.6
2025-12-17T02:31:22.801963,Recipe_B,ca4e2b3e-360b-4bf9-859c-5118db1a7fff,20,4.0,,,,97.26,53.85,41.15,55.03,59.95,48.7
2025-12-17T02:31:23.801963,Recipe_B,ca4e2b3e-360b-4bf9-859c-5118db1a7fff,20,4.0,,,,101.46,56.98,49.35,51.99,44.4,50.22
2025-12-17T02:31:24.801963,Recipe_B,ca4e2b3e-360b-4bf9-859c-5118db1a7fff,20,4.0,,,,102.77,47.86,47.5,48.01,47.5,45.1
2025-12-17T02:31:25.801963,Recipe_B,ca4e2b3e-360b-4bf9-859c-5118db1a7fff,20,4.0,,,,100.33,50.04,33.08,40.5,49.15,49.81
2025-12-17T02:31:26.801963,Recipe_B,ca4e2b3e-360b-4bf9-859c-5118db1a7fff,20,4.0,,,,102.39,49.36,45.24,47.99,52.79,48.04
2025-12-17T02:31:27.801963,Recipe_B,ca4e2b3e-360b-4bf9-859c-5118db1a7fff,20,4.0,,,,98.4,52.86,47.7,51.86,49.7,49.28
2025-12-17T02:31:28.801963,Recipe_B,ca4e2b3e-360b-4bf9-859c-5118db1a7fff,20,4.0,,,,92.22,53.65,52.74,55.71,44.23,45.16
2025-12-17T02:31:29.801963,Recipe_B,ca4e2b3e-360b-4bf9-859c-5118db1a7fff,20,4.0,,,,96.42,47.86,55.29,42.93,54.92,55.15
2025-12-17T02:31:30.801963,Recipe_B,ca4e2b3e-360b-4bf9-859c-5118db1a7fff,20,4.0,,,,102.29,56.95,48.7,49.32,49.59,44.62
2025-12-17T02:31:31.801963,Recipe_B,ca4e2b3e-360b-4bf9-859c-5118db1a7fff,20,4.0,,,,87.47,47.78,53.78,55.27,54.08,53.09
2025-12-17T02:31:32.801963,Recipe_B,ca4e2b3e-360b-4bf9-859c-5118db1a7fff,20,4.0,,,,106.3,58.72,48.09,49.79,41.86,43.13
2025-12-17T02:31:33.801963,Recipe_B,ca4e2b3e-360b-4bf9-859c-5118db1a7fff,20,4.0,,,,102.3,52.45,51.34,53.37,55.12,46.36
2025-12-17T02:31:34.801963,Recipe_B,ca4e2b3e-360b-4bf9-859c-5118db1a7fff,20,4.0,,,,98.82,41.26,48.87,57.8,56.93,53.47
2025-12-17T02:31:35.801963,Recipe_B,ca4e2b3e-360b-4bf9-859c-5118db1a7fff,20,4.0,,,,100.94,58.27,52.86,54.18,41.62,49.21
2025-12-17T02:31:36.801963,Recipe_B,ca4e2b3e-360b-4bf9-859c-5118db1a7fff,20,4.0,,,,99.13,57.24,56.81,51.48,41.28,51.22
2025-12-17T02:31:37.801963,Recipe_B,ca4e2b3e-360b-4bf9-859c-5118db1a7fff,20,4.0,,,,102.14,41.37,54.15,47.87,58.97,38.52
2025-12-17T02:31:38.801963,Recipe_B,ca4e2b3e-360b-4bf9-859c-5118db1a7fff,20,4.0,,,,110.71,54.9,62.39,53.0,53.09,44.75
2025-12-17T02:31:39.801963,Recipe_B,ca4e2b3e-360b-4bf9-859c-5118db1a7fff,20,2.0,,,,9.87,7.24,11.17,7.45,11.31,9.21
2025-12-17T02:31:40.801963,Recipe_B,ca4e2b3e-360b-4bf9-859c-5118db1a7fff,20,2.0,,,,10.38,10.91,6.87,10.67,10.69,10.16
2025-12-17T02:31:41.801963,Recipe_B,ca4e2b3e-360b-4bf9-859c-5118db1a7fff,20,2.0,,,,14.37,5.23,9.98,10.98,7.24,10.44
2025-12-17T02:31:42.801963,Recipe_B,ca4e2b3e-360b-4bf9-859c-5118db1a7fff,20,2.0,,,,9.88,7.32,12.75,9.91,6.13,8.89
2025-12-17T02:31:43.801963,Recipe_B,ca4e2b3e-360b-4bf9-859c-5118db1a7fff,20,2.0,,,,8.07,10.97,7.38,7.97,9.07,6.95
2025-12-17T02:31:44.801963,Recipe_B,ca4e2b3e-360b-4bf9-859c-5118db1a7fff,20,2.0,,,,6.91,11.06,7.03,10.81,12.68,10.78
2025-12-17T02:31:45.801963,Recipe_B,ca4e2b3e-360b-4bf9-859c-5118db1a7fff,20,2.0,,,,6.74,9.28,5.07,8.97,9.27,13.04
2025-12-17T02:31:46.801963,Recipe_B,ca4e2b3e-360b-4bf9-859c-5118db1a7fff,20,2.0,,,,9.11,10.54,11.37,11.18,9.52,9.93
2025-12-17T02:31:47.801963,Recipe_B,ca4e2b3e-360b-4bf9-859c-5118db1a7fff,20,2.0,,,,12.77,8.26,9.24,11.25,6.76,9.33
2025-12-17T02:31:48.801963,Recipe_B,ca4e2b3e-360b-4bf9-859c-5118db1a7fff,20,2.0,,,,11.29,6.38,6.47,11.01,12.66,10.87
2025-12-17T02:31:49.801963,Recipe_B,ca4e2b3e-360b-4bf9-859c-5118db1a7fff,20,2.0,,,,11.39,8.73,8.23,8.99,8.63,11.26
2025-12-17T02:31:50.801963,Recipe_B,ca4e2b3e-360b-4bf9-859c-5118db1a7fff,20,2.0,,,,11.71,9.88,10.28,8.16,10.35,13.27
2025-12-17T02:31:51.801963,Recipe_B,ca4e2b3e-360b-4bf9-859c-5118db1a7fff,20,2.0,,,,9.43,10.45,9.46,10.17,6.44,13.14
2025-12-17T02:31:52.801963,Recipe_B,ca4e2b3e-360b-4bf9-859c-5118db1a7fff,20,2.0,,,,8.67,13.77,9.04,10.75,4.93,7.88
2025-12-17T02:31:53.801963,Recipe_B,ca4e2b3e-360b-4bf9-859c-5118db1a7fff,20,2.0,,,,10.7,6.02,14.55,9.51,8.93,10.07
2025-12-17T02:31:54.801963,Recipe_B,ca4e2b3e-360b-4bf9-859c-5118db1a7fff,20,2.0,,,,11.88,9.05,12.0,10.04,11.74,11.92
2025-12-17T02:31:55.801963,Recipe_B,ca4e2b3e-360b-4bf9-859c-5118db1a7fff,20,2.0,,,,10.38,11.03,10.28,13.26,6.98,9.95
2025-12-17T02:31:56.801963,Recipe_B,ca4e2b3e-360b-4bf9-859c-5118db1a7fff,20,2.0,,,,12.05,9.93,6.89,11.59,9.88,7.39
2025-12-17T02:31:57.801963,Recipe_B,ca4e2b3e-360b-4bf9-859c-5118db1a7fff,20,2.0,,,,11.01,7.58,9.28,11.08,5.34,10.36
2025-12-17T02:31:58.801963,Recipe_B,ca4e2b3e-360b-4bf9-859c-5118db1a7fff,20,2.0,,,,10.99,11.69,7.88,12.31,8.18,7.54
2025-12-17T02:31:59.801963,Recipe_B,ca4e2b3e-360b-4bf9-859c-5118db1a7fff,20,2.0,,,,11.29,11.48,8.6,11.29,11.51,9.66
2025-12-17T02:32:00.801963,Recipe_B,ca4e2b3e-360b-4bf9-859c-5118db1a7fff,20,2.0,,,,11.74,7.56,10.77,10.15,10.62,9.15
2025-12-17T02:32:01.801963,Recipe_B,ca4e2b3e-360b-4bf9-859c-5118db1a7fff,20,2.0,,,,14.4,13.46,11.78,9.98,11.94,10.29
2025-12-17T02:32:02.801963,Recipe_B,ca4e2b3e-360b-4bf9-859c-5118db1a7fff,20,2.0,,,,10.86,11.19,9.22,6.8,8.92,10.31
2025-12-17T02:32:03.801963,Recipe_B,ca4e2b3e-360b-4bf9-859c-5118db1a7fff,20,2.0,,,,8.61,9.02,12.75,9.76,10.64,9.51
2025-12-17T02:32:04.801963,Recipe_B,ca4e2b3e-360b-4bf9-859c-5118db1a7fff,20,2.0,,,,9.37,8.44,7.06,9.47,12.15,13.34
2025-12-17T02:32:05.801963,Recipe_B,ca4e2b3e-360b-4bf9-859c-5118db1a7fff,20,2.0,,,,11.72,10.04,8.14,11.11,11.71,11.36
2025-12-17T02:32:06.801963,Recipe_B,ca4e2b3e-360b-4bf9-859c-5118db1a7fff,20,2.0,,,,11.47,9.48,7.51,16.03,9.54,7.79
2025-12-17T02:32:07.801963,Recipe_B,ca4e2b3e-360b-4bf9-859c-5118db1a7fff,20,2.0,,,,10.0,8.79,9.78,9.58,8.71,9.32
2025-12-17T02:32:08.801963,Recipe_B,ca4e2b3e-360b-4bf9-859c-5118db1a7fff,20,2.0,,,,12.19,8.91,11.51,9.53,8.52,9.59
2025-12-17T02:32:09.801963,Recipe_B,ca4e2b3e-360b-4bf9-859c-5118db1a7fff,20,2.0,,,,8.4,9.43,9.42,7.82,10.92,8.91
2025-12-17T02:32:10.801963,Recipe_B,ca4e2b3e-360b-4bf9-859c-5118db1a7fff,20,2.0,,,,12.31,9.19,10.41,11.13,8.83,11.7
2025-12-17T02:32:11.801963,Recipe_B,ca4e2b3e-360b-4bf9-859c-5118db1a7fff,20,2.0,,,,9.89,9.9,6.87,8.27,9.05,7.92
2025-12-17T02:32:12.801963,Recipe_B,ca4e2b3e-360b-4bf9-859c-5118db1a7fff,20,2.0,,,,11.61,9.12,9.65,9.97,12.24,9.17
2025-12-17T02:32:13.801963,Recipe_B,ca4e2b3e-360b-4bf9-859c-5118db1a7fff,20,2.0,,,,8.7,7.16,7.63,9.59,7.97,9.63
2025-12-17T02:32:14.801963,Recipe_B,ca4e2b3e-360b-4bf9-859c-5118db1a7fff,20,2.0,,,,9.87,10.42,13.86,7.08,7.94,5.38
2025-12-17T02:32:15.801963,Recipe_B,ca4e2b3e-360b-4bf9-859c-5118db1a7fff,20,2.0,,,,8.65,10.36,9.99,9.68,6.39,7.07
2025-12-17T02:32:16.801963,Recipe_B,ca4e2b3e-360b-4bf9-859c-5118db1a7fff,20,2.0,,,,10.96,12.13,12.05,12.94,8.29,11.08
2025-12-17T02:32:17.801963,Recipe_B,ca4e2b3e-360b-4bf9-859c-5118db1a7fff,20,2.0,,,,11.7,10.78,6.27,11.65,9.38,10.33
2025-12-17T02:32:18.801963,Recipe_B,ca4e2b3e-360b-4bf9-859c-5118db1a7fff,20,2.0,,,,9.77,9.48,11.27,10.33,10.0,12.44
2025-12-17T02:32:19.801963,Recipe_B,ca4e2b3e-360b-4bf9-859c-5118db1a7fff,20,2.0,,,,12.75,11.02,8.47,7.31,9.51,10.15
2025-12-17T02:32:20.801963,Recipe_B,ca4e2b3e-360b-4bf9-859c-5118db1a7fff,20,2.0,,,,6.82,8.16,9.04,12.91,9.12,10.51
2025-12-17T02:32:21.801963,Recipe_B,ca4e2b3e-360b-4bf9-859c-5118db1a7fff,20,2.0,,,,8.42,10.31,9.18,8.53,11.22,10.88
2025-12-17T02:32:22.801963,Recipe_B,ca4e2b3e-360b-4bf9-859c-5118db1a7fff,20,2.0,,,,13.34,9.55,8.44,11.32,9.65,12.26
2025-12-17T02:32:23.801963,Recipe_B,ca4e2b3e-360b-4bf9-859c-5118db1a7fff,20,2.0,,,,6.12,9.21,12.82,4.54,8.77,5.78
2025-12-17T02:32:24.801963,Recipe_B,ca4e2b3e-360b-4bf9-859c-5118db1a7fff,20,2.0,,,,13.02,10.19,8.52,12.55,6.87,8.82
2025-12-17T02:32:25.801963,Recipe_B,ca4e2b3e-360b-4bf9-859c-5118db1a7fff,20,2.0,,,,10.14,6.47,10.1,8.97,11.43,6.69
2025-12-17T02:32:26.801963,Recipe_B,ca4e2b3e-360b-4bf9-859c-5118db1a7fff,20,2.0,,,,7.49,8.4,10.02,8.67,10.41,9.33
2025-12-17T02:32:27.801963,Recipe_B,ca4e2b3e-360b-4bf9-859c-5118db1a7fff,20,2.0,,,,11.37,10.16,11.04,10.22,11.72,9.03
2025-12-17T02:32:28.801963,Recipe_B,ca4e2b3e-360b-4bf9-859c-5118db1a7fff,20,2.0,,,,9.09,10.86,8.24,9.3,11.0,9.89
2025-12-17T02:32:29.801963,Recipe_B,ca4e2b3e-360b-4bf9-859c-5118db1a7fff,20,2.0,,,,7.75,9.84,11.77,9.23,8.97,9.22
2025-12-17T02:32:30.801963,Recipe_B,ca4e2b3e-360b-4bf9-859c-5118db1a7fff,20,2.0,,,,11.17,5.8,10.54,10.26,8.96,8.03
2025-12-17T02:32:31.801963,Recipe_B,ca4e2b3e-360b-4bf9-859c-5118db1a7fff,20,2.0,,,,8.46,11.81,9.51,10.28,4.91,6.29
2025-12-17T02:32:32.801963,Recipe_B,ca4e2b3e-360b-4bf9-859c-5118db1a7fff,20,2.0,,,,6.95,10.6,10.54,8.8,10.8,7.72
2025-12-17T02:32:33.801963,Recipe_B,ca4e2b3e-360b-4bf9-859c-5118db1a7fff,20,2.0,,,,11.34,7.02,7.06,11.42,11.58,12.88
2025-12-17T02:32:34.801963,Recipe_B,ca4e2b3e-360b-4bf9-859c-5118db1a7fff,20,2.0,,,,8.99,10.5,10.13,9.08,10.19,14.22
2025-12-17T02:32:35.801963,Recipe_B,ca4e2b3e-360b-4bf9-859c-5118db1a7fff,20,2.0,,,,12.7,7.2,10.98,13.01,7.35,13.09
2025-12-17T02:32:36.801963,Recipe_B,ca4e2b3e-360b-4bf9-859c-5118db1a7fff,20,2.0,,,,11.63,10.56,11.47,9.52,8.9,10.79
2025-12-17T02:32:37.801963,Recipe_B,ca4e2b3e-360b-4bf9-859c-5118db1a7fff,20,2.0,,,,10.08,10.79,7.13,10.7,11.0,7.11
2025-12-17T02:32:38.801963,Recipe_B,ca4e2b3e-360b-4bf9-859c-5118db1a7fff,20,2.0,,,,10.37,11.83,11.73,10.78,11.14,12.08
2025-12-17T02:32:39.801963,Recipe_B,ca4e2b3e-360b-4bf9-859c-5118db1a7fff,20,2.0,,,,10.02,5.88,10.93,5.85,7.36,10.96
2025-12-17T02:32:40.801963,Recipe_B,ca4e2b3e-360b-4bf9-859c-5118db1a7fff,20,2.0,,,,10.09,6.89,3.96,6.83,10.18,10.55
2025-12-17T02:32:41.801963,Recipe_B,ca4e2b3e-360b-4bf9-859c-5118db1a7fff,20,2.0,,,,6.75,10.09,10.17,9.58,5.89,9.04
2025-12-17T02:32:42.801963,Recipe_B,ca4e2b3e-360b-4bf9-859c-5118db1a7fff,20,2.0,,,,7.63,9.69,10.06,9.45,10.35,6.94
2025-12-17T02:32:43.801963,Recipe_B,ca4e2b3e-360b-4bf9-859c-5118db1a7fff,20,2.0,,,,8.55,13.74,8.49,11.87,10.65,8.8
2025-12-17T02:32:44.801963,Recipe_B,ca4e2b3e-360b-4bf9-859c-5118db1a7fff,20,2.0,,,,11.1,8.91,9.6,13.07,9.18,10.35
2025-12-17T02:32:45.801963,Recipe_B,ca4e2b3e-360b-4bf9-859c-5118db1a7fff,20,2.0,,,,8.18,7.46,7.73,11.62,11.45,10.8
2025-12-17T02:32:46.801963,Recipe_B,ca4e2b3e-360b-4bf9-859c-5118db1a7fff,20,2.0,,,,8.89,7.39,12.0,13.75,9.65,10.08
2025-12-17T02:32:47.801963,Recipe_B,ca4e2b3e-360b-4bf9-859c-5118db1a7fff,20,2.0,,,,8.48,10.35,12.49,10.53,8.13,11.88
2025-12-17T02:32:48.801963,Recipe_B,ca4e2b3e-360b-4bf9-859c-5118db1a7fff,20,2.0,,,,9.44,8.47,8.74,10.07,11.58,15.47
2025-12-17T02:32:49.801963,Recipe_B,ca4e2b3e-360b-4bf9-859c-5118db1a7fff,20,2.0,,,,8.72,15.46,15.07,9.8,10.05,8.54
2025-12-17T02:32:50.801963,Recipe_B,ca4e2b3e-360b-4bf9-859c-5118db1a7fff,20,2.0,,,,9.54,12.76,10.13,7.4,11.12,11.4
2025-12-17T02:32:51.801963,Recipe_B,ca4e2b3e-360b-4bf9-859c-5118db1a7fff,20,2.0,,,,9.53,10.85,11.49,8.91,10.22,11.9
2025-12-17T02:32:52.801963,Recipe_B,ca4e2b3e-360b-4bf9-859c-5118db1a7fff,20,2.0,,,,10.65,10.58,10.49,9.5,11.05,9.14
2025-12-17T02:32:53.801963,Recipe_B,ca4e2b3e-360b-4bf9-859c-5118db1a7fff,20,2.0,,,,8.14,10.26,9.28,11.8,8.7,10.25
2025-12-17T02:32:54.801963,Recipe_B,ca4e2b3e-360b-4bf9-859c-5118db1a7fff,20,2.0,,,,11.0,9.53,12.69,12.05,9.39,8.51
2025-12-17T02:32:55.801963,Recipe_B,ca4e2b3e-360b-4bf9-859c-5118db1a7fff,20,2.0,,,,10.7,13.04,7.54,10.08,8.72,7.43
2025-12-17T02:32:56.801963,Recipe_B,ca4e2b3e-360b-4bf9-859c-5118db1a7fff,20,2.0,,,,9.78,12.0,7.52,8.62,7.0,10.11
2025-12-17T02:32:57.801963,Recipe_B,ca4e2b3e-360b-4bf9-859c-5118db1a7fff,20,2.0,,,,8.28,12.28,6.94,8.25,11.77,8.84
2025-12-17T02:32:58.801963,Recipe_B,ca4e2b3e-360b-4bf9-859c-5118db1a7fff,20,2.0,,,,9.51,9.73,10.17,9.98,9.17,13.04
2025-12-17T02:32:59.801963,Recipe_B,ca4e2b3e-360b-4bf9-859c-5118db1a7fff,20,2.0,,,,11.63,13.26,8.9,7.92,9.0,9.64
2025-12-17T02:33:00.801963,Recipe_B,ca4e2b3e-360b-4bf9-859c-5118db1a7fff,20,2.0,,,,10.66,8.11,8.29,11.88,10.29,10.97
2025-12-17T02:33:01.801963,Recipe_B,ca4e2b3e-360b-4bf9-859c-5118db1a7fff,20,2.0,,,,9.03,11.0,12.12,10.69,9.18,10.83
2025-12-17T02:33:02.801963,Recipe_B,ca4e2b3e-360b-4bf9-859c-5118db1a7fff,20,2.0,,,,10.85,8.6,11.56,12.2,13.08,11.33
2025-12-17T02:33:03.801963,Recipe_B,ca4e2b3e-360b-4bf9-859c-5118db1a7fff,20,2.0,,,,9.58,8.81,11.28,10.34,10.53,9.59
2025-12-17T02:33:04.801963,Recipe_B,ca4e2b3e-360b-4bf9-859c-5118db1a7fff,20,2.0,,,,8.47,10.96,13.69,9.89,9.49,9.42
2025-12-17T02:33:05.801963,Recipe_B,ca4e2b3e-360b-4bf9-859c-5118db1a7fff,20,2.0,,,,8.97,9.76,8.61,10.59,11.25,8.89
2025-12-17T02:33:06.801963,Recipe_B,ca4e2b3e-360b-4bf9-859c-5118db1a7fff,20,2.0,,,,10.01,14.6,10.81,14.87,13.07,9.31
2025-12-17T02:33:07.801963,Recipe_B,ca4e2b3e-360b-4bf9-859c-5118db1a7fff,20,3.0,,,,5.53,11.26,12.43,9.51,8.9,10.27
2025-12-17T02:33:08.801963,Recipe_B,ca4e2b3e-360b-4bf9-859c-5118db1a7fff,20,3.0,,,,8.16,10.66,11.56,7.5,10.75,8.45
2025-12-17T02:33:09.801963,Recipe_B,ca4e2b3e-360b-4bf9-859c-5118db1a7fff,20,3.0,,,,10.56,11.23,13.12,7.17,6.1,11.61
2025-12-17T02:33:10.801963,Recipe_B,ca4e2b3e-360b-4bf9-859c-5118db1a7fff,20,3.0,,,,11.62,9.78,13.15,10.74,12.78,11.43
2025-12-17T02:33:11.801963,Recipe_B,ca4e2b3e-360b-4bf9-859c-5118db1a7fff,20,3.0,,,,11.06,10.38,9.43,13.5,11.21,11.88
2025-12-17T02:33:12.801963,Recipe_B,ca4e2b3e-360b-4bf9-859c-5118db1a7fff,20,3.0,,,,8.31,7.98,11.46,10.2,4.92,10.75
2025-12-17T02:33:13.801963,Recipe_B,ca4e2b3e-360b-4bf9-859c-5118db1a7fff,20,3.0,,,,11.16,8.89,13.2,7.86,10.72,9.32
2025-12-17T02:33:14.801963,Recipe_B,ca4e2b3e-360b-4bf9-859c-5118db1a7fff,20,3.0,,,,10.98,7.95,6.22,8.49,8.64,7.43
2025-12-17T02:33:15.801963,Recipe_B,ca4e2b3e-360b-4bf9-859c-5118db1a7fff,20,3.0,,,,6.62,14.11,9.82,9.74,9.49,11.87
2025-12-17T02:33:16.801963,Recipe_B,ca4e2b3e-360b-4bf9-859c-5118db1a7fff,20,3.0,,,,10.87,12.2,12.06,9.02,10.86,10.12
2025-12-17T02:33:17.801963,Recipe_B,ca4e2b3e-360b-4bf9-859c-5118db1a7fff,20,3.0,,,,12.5,8.66,7.87,9.51,12.91,10.46
2025-12-17T02:33:18.801963,Recipe_B,ca4e2b3e-360b-4bf9-859c-5118db1a7fff,20,3.0,,,,10.02,10.98,12.71,9.67,9.62,8.7
2025-12-17T02:33:19.801963,Recipe_B,ca4e2b3e-360b-4bf9-859c-5118db1a7fff,20,3.0,,,,10.77,11.64,12.29,9.05,8.5,12.03
2025-12-17T02:33:20.801963,Recipe_B,ca4e2b3e-360b-4bf9-859c-5118db1a7fff,20,3.0,,,,9.7,13.18,10.96,8.83,11.21,5.28
2025-12-17T02:33:21.801963,Recipe_B,ca4e2b3e-360b-4bf9-859c-5118db1a7fff,20,3.0,,,,8.43,13.36,5.31,10.45,6.83,8.02
2025-12-17T02:33:22.801963,Recipe_B,ca4e2b3e-360b-4bf9-859c-5118db1a7fff,20,3.0,,,,7.32,8.54,13.17,10.83,9.06,7.18
2025-12-17T02:33:23.801963,Recipe_B,ca4e2b3e-360b-4bf9-859c-5118db1a7fff,20,3.0,,,,10.86,6.93,7.11,9.62,10.77,12.28
2025-12-17T02:33:24.801963,Recipe_B,ca4e2b3e-360b-4bf9-859c-5118db1a7fff,20,3.0,,,,7.41,6.35,10.72,8.23,9.11,8.37
2025-12-17T02:33:25.801963,Recipe_B,ca4e2b3e-360b-4bf9-859c-5118db1a7fff,20,3.0,,,,11.44,6.24,9.79,7.18,12.26,10.79
2025-12-17T02:33:26.801963,Recipe_B,ca4e2b3e-360b-4bf9-859c-5118db1a7fff,20,3.0,,,,5.51,5.59,8.61,11.31,9.25,14.85
2025-12-17T02:33:27.801963,Recipe_B,ca4e2b3e-360b-4bf9-859c-5118db1a7fff,20,3.0,,,,12.79,8.95,9.03,9.0,9.3,11.16
2025-12-17T02:33:28.801963,Recipe_B,ca4e2b3e-360b-4bf9-859c-5118db1a7fff,20,3.0,,,,9.76,10.66,7.38,8.68,10.95,8.54
2025-12-17T02:33:29.801963,Recipe_B,ca4e2b3e-360b-4bf9-859c-5118db1a7fff,20,3.0,,,,8.87,8.23,7.51,5.82,10.54,10.7
2025-12-17T02:33:30.801963,Recipe_B,ca4e2b3e-360b-4bf9-859c-5118db1a7fff,20,3.0,,,,7.99,10.04,12.55,9.83,6.82,10.88
2025-12-17T02:33:31.801963,Recipe_B,ca4e2b3e-360b-4bf9-859c-5118db1a7fff,20,3.0,,,,10.74,9.58,9.56,8.8,12.24,11.68
2025-12-17T02:33:32.801963,Recipe_B,ca4e2b3e-360b-4bf9-859c-5118db1a7fff,20,3.0,,,,12.4,12.49,11.74,9.56,11.51,10.53
2025-12-17T02:33:33.801963,Recipe_B,ca4e2b3e-360b-4bf9-859c-5118db1a7fff,20,3.0,,,,13.44,11.28,9.26,9.51,8.72,8.84
2025-12-17T02:33:34.801963,Recipe_B,ca4e2b3e-360b-4bf9-859c-5118db1a7fff,20,3.0,,,,9.23,6.78,8.48,8.61,12.66,10.5
2025-12-17T02:33:35.801963,Recipe_B,ca4e2b3e-360b-4bf9-859c-5118db1a7fff,20,3.0,,,,9.9,13.85,8.96,13.59,9.85,9.99
2025-12-17T02:33:36.801963,Recipe_B,ca4e2b3e-360b-4bf9-859c-5118db1a7fff,20,3.0,,,,8.13,12.09,12.0,13.6,9.0,11.88
2025-12-17T02:33:37.801963,Recipe_B,ca4e2b3e-360b-4bf9-859c-5118db1a7fff,20,3.0,,,,9.96,8.21,12.31,11.75,7.6,11.16
2025-12-17T02:33:38.801963,Recipe_B,ca4e2b3e-360b-4bf9-859c-5118db1a7fff,20,3.0,,,,10.2,9.28,10.02,12.06,7.04,10.08
2025-12-17T02:33:39.801963,Recipe_B,ca4e2b3e-360b-4bf9-859c-5118db1a7fff,20,3.0,,,,10.66,10.9,10.12,11.54,10.04,8.49
2025-12-17T02:33:40.801963,Recipe_B,ca4e2b3e-360b-4bf9-859c-5118db1a7fff,20,3.0,,,,11.45,10.23,12.71,9.98,10.92,7.34
2025-12-17T02:33:41.801963,Recipe_B,ca4e2b3e-360b-4bf9-859c-5118db1a7fff,20,3.0,,,,7.04,10.72,7.23,11.27,12.77,9.11
2025-12-17T02:33:42.801963,Recipe_B,ca4e2b3e-360b-4bf9-859c-5118db1a7fff,20,3.0,,,,8.27,9.89,10.91,11.09,11.61,8.59
2025-12-17T02:33:43.801963,Recipe_B,ca4e2b3e-360b-4bf9-859c-5118db1a7fff,20,3.0,,,,11.66,12.35,12.65,14.36,9.98,8.07
2025-12-17T02:33:44.801963,Recipe_B,ca4e2b3e-360b-4bf9-859c-5118db1a7fff,20,3.0,,,,7.51,8.86,8.22,11.73,7.91,4.39
2025-12-17T02:33:45.801963,Recipe_B,ca4e2b3e-360b-4bf9-859c-5118db1a7fff,20,3.0,,,,10.45,12.33,12.95,8.88,9.88,7.48
2025-12-17T02:33:46.801963,Recipe_B,ca4e2b3e-360b-4bf9-859c-5118db1a7fff,20,3.0,,,,11.69,8.13,9.47,10.16,10.29,10.57
2025-12-17T02:33:47.801963,Recipe_B,ca4e2b3e-360b-4bf9-859c-5118db1a7fff,20,3.0,,,,8.34,7.8,11.67,7.63,9.0,8.71
2025-12-17T02:33:48.801963,Recipe_B,ca4e2b3e-360b-4bf9-859c-5118db1a7fff,20,3.0,,,,9.24,9.58,9.66,9.61,9.99,11.05
2025-12-17T02:33:49.801963,Recipe_B,ca4e2b3e-360b-4bf9-859c-5118db1a7fff,20,3.0,,,,12.09,12.31,8.4,11.21,10.66,14.07
2025-12-17T02:33:50.801963,Recipe_B,ca4e2b3e-360b-4bf9-859c-5118db1a7fff,20,3.0,,,,9.66,8.33,10.32,11.85,15.54,7.06
2025-12-17T02:33:51.801963,Recipe_B,ca4e2b3e-360b-4bf9-859c-5118db1a7fff,20,3.0,,,,10.15,9.87,15.74,9.53,9.37,9.34
2025-12-17T02:33:52.801963,Recipe_B,ca4e2b3e-360b-4bf9-859c-5118db1a7fff,20,3.0,,,,10.25,12.27,9.02,13.16,9.86,13.33
2025-12-17T02:33:53.801963,Recipe_B,ca4e2b3e-360b-4bf9-859c-5118db1a7fff,20,3.0,,,,8.21,12.21,7.97,9.92,11.56,7.66
2025-12-17T02:33:54.801963,Recipe_B,ca4e2b3e-360b-4bf9-859c-5118db1a7fff,20,3.0,,,,10.7,7.71,11.57,11.96,11.12,13.69
2025-12-17T02:33:55.801963,Recipe_B,ca4e2b3e-360b-4bf9-859c-5118db1a7fff,20,3.0,,,,6.88,7.01,10.17,11.7,11.4,9.58
2025-12-17T02:33:56.801963,Recipe_B,ca4e2b3e-360b-4bf9-859c-5118db1a7fff,20,3.0,,,,9.84,8.83,12.25,11.25,11.67,8.03
2025-12-17T02:33:57.801963,Recipe_B,ca4e2b3e-360b-4bf9-859c-5118db1a7fff,20,3.0,,,,9.6,8.06,9.52,10.33,12.53,6.68
2025-12-17T02:33:58.801963,Recipe_B,ca4e2b3e-360b-4bf9-859c-5118db1a7fff,20,3.0,,,,11.65,9.8,10.33,8.39,11.16,10.5
2025-12-17T02:33:59.801963,Recipe_B,ca4e2b3e-360b-4bf9-859c-5118db1a7fff,20,3.0,,,,12.46,11.25,9.82,10.34,7.65,10.61
2025-12-17T02:34:00.801963,Recipe_B,ca4e2b3e-360b-4bf9-859c-5118db1a7fff,20,3.0,,,,8.45,12.39,8.4,8.9,9.99,8.57
2025-12-17T02:34:01.801963,Recipe_B,ca4e2b3e-360b-4bf9-859c-5118db1a7fff,20,3.0,,,,9.31,11.77,8.16,8.29,5.78,9.26
2025-12-17T02:34:02.801963,Recipe_B,ca4e2b3e-360b-4bf9-859c-5118db1a7fff,20,3.0,,,,12.88,9.13,11.47,9.14,8.44,8.94
2025-12-17T02:34:03.801963,Recipe_B,ca4e2b3e-360b-4bf9-859c-5118db1a7fff,20,3.0,,,,10.33,9.4,9.59,7.96,12.31,9.06
2025-12-17T02:34:04.801963,Recipe_B,ca4e2b3e-360b-4bf9-859c-5118db1a7fff,20,3.0,,,,9.58,9.74,8.64,12.51,7.23,11.43
2025-12-17T02:34:05.801963,Recipe_B,ca4e2b3e-360b-4bf9-859c-5118db1a7fff,20,5.0,,,,7.02,9.03,9.15,10.65,10.93,6.46
2025-12-17T02:34:06.801963,Recipe_B,ca4e2b3e-360b-4bf9-859c-5118db1a7fff,20,5.0,,,,10.32,10.45,14.57,13.29,10.92,11.03
2025-12-17T02:34:07.801963,Recipe_B,ca4e2b3e-360b-4bf9-859c-5118db1a7fff,20,5.0,,,,8.47,8.38,9.04,10.16,10.25,11.38
2025-12-17T02:34:08.801963,Recipe_B,ca4e2b3e-360b-4bf9-859c-5118db1a7fff,20,5.0,,,,7.61,7.96,10.49,9.32,13.61,8.81
2025-12-17T02:34:09.801963,Recipe_B,ca4e2b3e-360b-4bf9-859c-5118db1a7fff,20,5.0,,,,10.74,10.24,9.47,10.25,11.57,11.63
2025-12-17T02:34:10.801963,Recipe_B,ca4e2b3e-360b-4bf9-859c-5118db1a7fff,20,5.0,,,,8.76,9.79,12.71,8.81,10.9,9.26
2025-12-17T02:34:11.801963,Recipe_B,ca4e2b3e-360b-4bf9-859c-5118db1a7fff,20,5.0,,,,12.18,10.67,7.74,7.1,11.95,13.09
2025-12-17T02:34:12.801963,Recipe_B,ca4e2b3e-360b-4bf9-859c-5118db1a7fff,20,5.0,,,,8.5,9.16,9.76,9.62,8.99,8.51
2025-12-17T02:34:13.801963,Recipe_B,ca4e2b3e-360b-4bf9-859c-5118db1a7fff,20,5.0,,,,8.46,10.77,9.95,10.01,8.46,12.28
2025-12-17T02:34:14.801963,Recipe_B,ca4e2b3e-360b-4bf9-859c-5118db1a7fff,20,5.0,,,,10.09,9.7,6.14,10.09,8.15,10.39
2025-12-17T02:34:15.801963,Recipe_B,ca4e2b3e-360b-4bf9-859c-5118db1a7fff,20,5.0,,,,7.55,9.36,9.53,10.94,10.38,7.84
2025-12-17T02:34:16.801963,Recipe_B,ca4e2b3e-360b-4bf9-859c-5118db1a7fff,20,5.0,,,,7.87,8.54,6.4,10.57,11.1,9.0
2025-12-17T02:34:17.801963,Recipe_B,ca4e2b3e-360b-4bf9-859c-5118db1a7fff,20,5.0,,,,12.28,9.6,7.97,7.62,11.41,8.05
2025-12-17T02:34:18.801963,Recipe_B,ca4e2b3e-360b-4bf9-859c-5118db1a7fff,20,5.0,,,,9.34,10.5,11.09,11.09,9.99,11.49
2025-12-17T02:34:19.801963,Recipe_B,ca4e2b3e-360b-4bf9-859c-5118db1a7fff,20,5.0,,,,12.73,10.45,10.91,10.85,11.69,11.11
2025-12-17T02:34:20.801963,Recipe_B,ca4e2b3e-360b-4bf9-859c-5118db1a7fff,20,5.0,,,,10.23,10.69,13.6,11.24,10.09,8.79
2025-12-17T02:34:21.801963,Recipe_B,ca4e2b3e-360b-4bf9-859c-5118db1a7fff,20,5.0,,,,9.95,7.71,9.3,6.85,11.08,9.61
2025-12-17T02:34:22.801963,Recipe_B,ca4e2b3e-360b-4bf9-859c-5118db1a7fff,20,5.0,,,,7.05,7.8,6.0,10.09,12.54,7.09
2025-12-17T02:34:23.801963,Recipe_B,ca4e2b3e-360b-4bf9-859c-5118db1a7fff,20,5.0,,,,8.8,12.72,6.49,11.17,12.61,13.39
2025-12-17T02:34:24.801963,Recipe_B,ca4e2b3e-360b-4bf9-859c-5118db1a7fff,20,5.0,,,,10.9,9.7,11.57,9.62,9.79,11.48
2025-12-17T02:34:25.801963,Recipe_B,ca4e2b3e-360b-4bf9-859c-5118db1a7fff,20,5.0,,,,7.02,10.67,9.66,12.1,10.39,8.8
2025-12-17T02:34:26.801963,Recipe_B,ca4e2b3e-360b-4bf9-859c-5118db1a7fff,20,5.0,,,,12.85,11.33,9.68,8.43,9.43,4.68
2025-12-17T02:34:27.801963,Recipe_B,ca4e2b3e-360b-4bf9-859c-5118db1a7fff,20,5.0,,,,10.02,10.81,11.84,9.76,6.92,8.24
2025-12-17T02:34:28.801963,Recipe_B,ca4e2b3e-360b-4bf9-859c-5118db1a7fff,20,5.0,,,,10.92,8.93,9.73,12.08,11.35,11.2
2025-12-17T02:34:29.801963,Recipe_B,ca4e2b3e-360b-4bf9-859c-5118db1a7fff,20,5.0,,,,12.19,10.63,8.97,9.15,7.32,9.71
2025-12-17T02:34:30.801963,Recipe_B,ca4e2b3e-360b-4bf9-859c-5118db1a7fff,20,5.0,,,,10.39,6.17,8.87,8.35,8.18,7.77
2025-12-17T02:34:31.801963,Recipe_B,ca4e2b3e-360b-4bf9-859c-5118db1a7fff,20,5.0,,,,8.75,6.95,6.86,10.16,12.38,12.16
2025-12-17T02:34:32.801963,Recipe_B,ca4e2b3e-360b-4bf9-859c-5118db1a7fff,20,5.0,,,,10.05,11.73,8.58,13.1,10.62,10.5
2025-12-17T02:34:33.801963,Recipe_B,ca4e2b3e-360b-4bf9-859c-5118db1a7fff,20,5.0,,,,11.53,9.25,6.18,12.68,10.8,10.68
2025-12-17T02:34:34.801963,Recipe_B,ca4e2b3e-360b-4bf9-859c-5118db1a7fff,20,5.0,,,,11.89,9.8,9.25,7.43,7.51,11.77
2025-12-17T02:34:35.801963,Recipe_B,ca4e2b3e-360b-4bf9-859c-5118db1a7fff,20,5.0,,,,9.54,13.29,7.95,14.18,9.09,12.09
2025-12-17T02:34:36.801963,Recipe_B,ca4e2b3e-360b-4bf9-859c-5118db1a7fff,20,5.0,,,,10.83,9.45,11.85,6.54,7.1,8.17
2025-12-17T02:34:37.801963,Recipe_B,ca4e2b3e-360b-4bf9-859c-5118db1a7fff,20,5.0,,,,10.58,9.51,9.19,7.55,10.73,10.65
2025-12-17T02:34:38.801963,Recipe_B,ca4e2b3e-360b-4bf9-859c-5118db1a7fff,20,5.0,,,,11.44,9.9,9.02,10.99,11.95,11.05
2025-12-17T02:34:39.801963,Recipe_B,ca4e2b3e-360b-4bf9-859c-5118db1a7fff,20,5.0,,,,10.84,12.36,8.49,9.88,9.8,10.03
2025-12-17T02:34:40.801963,Recipe_B,ca4e2b3e-360b-4bf9-859c-5118db1a7fff,20,5.0,,,,11.19,8.55,13.79,6.45,6.38,8.86
2025-12-17T02:34:41.801963,Recipe_B,ca4e2b3e-360b-4bf9-859c-5118db1a7fff,20,5.0,,,,13.62,7.31,12.12,11.83,10.84,11.1
2025-12-17T02:34:42.801963,Recipe_B,ca4e2b3e-360b-4bf9-859c-5118db1a7fff,20,5.0,,,,11.14,12.34,8.5,7.78,11.19,11.3
2025-12-17T02:34:43.801963,Recipe_B,ca4e2b3e-360b-4bf9-859c-5118db1a7fff,20,5.0,,,,12.47,9.85,10.45,10.18,6.66,8.67
2025-12-17T02:34:44.801963,Recipe_B,ca4e2b3e-360b-4bf9-859c-5118db1a7fff,20,5.0,,,,11.28,10.77,8.83,11.52,11.02,9.83
2025-12-17T02:34:45.801963,Recipe_B,ca4e2b3e-360b-4bf9-859c-5118db1a7fff,20,5.0,,,,8.88,9.18,6.72,10.14,15.37,7.9
2025-12-17T02:34:46.801963,Recipe_B,ca4e2b3e-360b-4bf9-859c-5118db1a7fff,20,5.0,,,,9.82,4.09,8.42,10.99,10.52,8.76
2025-12-17T02:34:47.801963,Recipe_B,ca4e2b3e-360b-4bf9-859c-5118db1a7fff,20,5.0,,,,9.69,11.05,8.97,9.72,10.37,12.09
2025-12-17T02:34:48.801963,Recipe_B,ca4e2b3e-360b-4bf9-859c-5118db1a7fff,20,5.0,,,,10.13,12.15,10.17,9.55,7.74,8.56
2025-12-17T02:34:49.801963,Recipe_B,ca4e2b3e-360b-4bf9-859c-5118db1a7fff,20,5.0,,,,12.42,8.97,10.25,7.46,15.22,12.07
2025-12-17T02:34:50.801963,Recipe_B,ca4e2b3e-360b-4bf9-859c-5118db1a7fff,20,5.0,,,,7.31,11.81,8.02,6.19,7.15,9.48
2025-12-17T02:34:51.801963,Recipe_B,ca4e2b3e-360b-4bf9-859c-5118db1a7fff,20,5.0,,,,7.6,9.66,7.4,12.16,11.73,10.38
2025-12-17T02:34:52.801963,Recipe_B,ca4e2b3e-360b-4bf9-859c-5118db1a7fff,20,5.0,,,,12.95,12.41,6.38,9.18,10.5,12.58
2025-12-17T02:34:53.801963,Recipe_B,ca4e2b3e-360b-4bf9-859c-5118db1a7fff,20,5.0,,,,8.18,9.19,7.57,9.28,5.17,9.8
2025-12-17T02:34:54.801963,Recipe_B,ca4e2b3e-360b-4bf9-859c-5118db1a7fff,20,5.0,,,,9.04,4.42,12.86,9.18,7.96,12.22
2025-12-17T02:34:55.801963,Recipe_B,ca4e2b3e-360b-4bf9-859c-5118db1a7fff,20,5.0,,,,8.37,7.66,10.4,7.68,8.82,10.43
2025-12-17T02:34:56.801963,Recipe_B,ca4e2b3e-360b-4bf9-859c-5118db1a7fff,20,5.0,,,,10.36,12.91,10.69,6.66,11.3,8.83
2025-12-17T02:34:57.801963,Recipe_B,ca4e2b3e-360b-4bf9-859c-5118db1a7fff,20,5.0,,,,7.43,11.33,11.84,10.15,7.29,13.87
2025-12-17T02:34:58.801963,Recipe_B,ca4e2b3e-360b-4bf9-859c-5118db1a7fff,20,5.0,,,,6.61,11.56,6.55,10.97,13.41,8.61
2025-12-17T02:34:59.801963,Recipe_B,ca4e2b3e-360b-4bf9-859c-5118db1a7fff,20,5.0,,,,9.09,8.76,10.13,6.85,11.18,9.87
2025-12-17T02:35:00.801963,Recipe_B,ca4e2b3e-360b-4bf9-859c-5118db1a7fff,20,5.0,,,,10.25,9.56,11.38,9.97,12.55,13.09
2025-12-17T02:35:01.801963,Recipe_B,ca4e2b3e-360b-4bf9-859c-5118db1a7fff,20,5.0,,,,9.65,10.33,9.55,9.85,9.97,7.63
2025-12-17T02:35:02.801963,Recipe_B,ca4e2b3e-360b-4bf9-859c-5118db1a7fff,20,5.0,,,,10.14,11.61,9.34,10.59,7.93,6.65
2025-12-17T02:35:03.801963,Recipe_B,ca4e2b3e-360b-4bf9-859c-5118db1a7fff,20,5.0,,,,10.18,9.2,12.87,8.12,10.69,10.98
2025-12-17T02:35:03.801963,Recipe_B,ca4e2b3e-360b-4bf9-859c-5118db1a7fff,20,5.0,Warning_3,Simulated Warning occurred,Warning,,,,,,
2025-12-17T02:35:04.801963,Recipe_B,ca4e2b3e-360b-4bf9-859c-5118db1a7fff,20,5.0,,,,9.81,11.89,11.33,9.5,9.39,11.44
2025-12-17T02:35:05.801963,Recipe_B,ca4e2b3e-360b-4bf9-859c-5118db1a7fff,20,5.0,,,,10.35,11.49,11.06,10.34,9.6,10.86
2025-12-17T02:35:06.801963,Recipe_B,ca4e2b3e-360b-4bf9-859c-5118db1a7fff,20,5.0,,,,12.36,8.72,10.34,8.6,8.11,11.85
2025-12-17T02:35:07.801963,Recipe_B,ca4e2b3e-360b-4bf9-859c-5118db1a7fff,20,5.0,,,,9.31,7.54,9.72,8.77,10.01,9.08
2025-12-17T02:35:08.801963,Recipe_B,ca4e2b3e-360b-4bf9-859c-5118db1a7fff,20,4.0,,,,109.77,40.46,58.03,50.45,44.85,53.07
2025-12-17T02:35:09.801963,Recipe_B,ca4e2b3e-360b-4bf9-859c-5118db1a7fff,20,4.0,,,,95.99,55.76,55.41,51.65,46.18,48.59
2025-12-17T02:35:10.801963,Recipe_B,ca4e2b3e-360b-4bf9-859c-5118db1a7fff,20,4.0,,,,102.62,49.4,46.82,47.48,63.93,48.32
2025-12-17T02:35:11.801963,Recipe_B,ca4e2b3e-360b-4bf9-859c-5118db1a7fff,20,4.0,,,,100.76,49.64,58.01,48.06,55.2,51.15
2025-12-17T02:35:12.801963,Recipe_B,ca4e2b3e-360b-4bf9-859c-5118db1a7fff,20,4.0,,,,106.13,51.06,41.83,49.04,54.34,44.14
2025-12-17T02:35:13.801963,Recipe_B,ca4e2b3e-360b-4bf9-859c-5118db1a7fff,20,4.0,,,,96.86,58.93,41.59,51.94,55.75,49.81
2025-12-17T02:35:14.801963,Recipe_B,ca4e2b3e-360b-4bf9-859c-5118db1a7fff,20,4.0,,,,97.59,54.17,48.56,51.68,46.5,46.04
2025-12-17T02:35:15.801963,Recipe_B,ca4e2b3e-360b-4bf9-859c-5118db1a7fff,20,4.0,,,,99.84,53.22,46.1,50.98,45.84,54.07
2025-12-17T02:35:16.801963,Recipe_B,ca4e2b3e-360b-4bf9-859c-5118db1a7fff,20,4.0,,,,96.88,54.19,46.75,49.68,50.95,49.86
2025-12-17T02:35:17.801963,Recipe_B,ca4e2b3e-360b-4bf9-859c-5118db1a7fff,20,4.0,,,,101.71,50.97,57.96,54.9,46.61,53.77
2025-12-17T02:35:18.801963,Recipe_B,ca4e2b3e-360b-4bf9-859c-5118db1a7fff,20,4.0,,,,100.47,51.29,48.58,46.02,44.34,48.08
2025-12-17T02:35:19.801963,Recipe_B,ca4e2b3e-360b-4bf9-859c-5118db1a7fff,20,4.0,,,,104.35,42.46,49.07,39.79,47.19,53.12
2025-12-17T02:35:20.801963,Recipe_B,ca4e2b3e-360b-4bf9-859c-5118db1a7fff,20,4.0,,,,101.76,49.86,51.95,50.37,49.23,52.51
2025-12-17T02:35:21.801963,Recipe_B,ca4e2b3e-360b-4bf9-859c-5118db1a7fff,20,4.0,,,,100.22,43.69,55.14,48.8,50.2,52.95
2025-12-17T02:35:22.801963,Recipe_B,ca4e2b3e-360b-4bf9-859c-5118db1a7fff,20,4.0,,,,101.49,48.74,50.27,54.41,58.03,53.24
2025-12-17T02:35:23.801963,Recipe_B,ca4e2b3e-360b-4bf9-859c-5118db1a7fff,20,4.0,,,,94.65,46.23,65.96,45.52,55.19,51.68
2025-12-17T02:35:24.801963,Recipe_B,ca4e2b3e-360b-4bf9-859c-5118db1a7fff,20,2.0,,,,12.16,12.5,9.25,9.94,8.95,8.02
2025-12-17T02:35:25.801963,Recipe_B,ca4e2b3e-360b-4bf9-859c-5118db1a7fff,20,2.0,,,,10.48,6.67,9.09,12.57,7.41,8.51
2025-12-17T02:35:26.801963,Recipe_B,ca4e2b3e-360b-4bf9-859c-5118db1a7fff,20,2.0,,,,7.97,15.87,11.07,8.57,9.65,9.8
2025-12-17T02:35:27.801963,Recipe_B,ca4e2b3e-360b-4bf9-859c-5118db1a7fff,20,2.0,,,,11.49,10.27,5.72,6.31,8.85,11.49
2025-12-17T02:35:28.801963,Recipe_B,ca4e2b3e-360b-4bf9-859c-5118db1a7fff,20,2.0,,,,10.39,12.22,10.92,10.57,8.14,9.47
2025-12-17T02:35:29.801963,Recipe_B,ca4e2b3e-360b-4bf9-859c-5118db1a7fff,20,3.0,,,,12.43,14.56,11.37,8.28,13.1,10.28
2025-12-17T02:35:30.801963,Recipe_B,ca4e2b3e-360b-4bf9-859c-5118db1a7fff,20,3.0,,,,7.5,8.85,9.67,7.91,10.66,12.52
2025-12-17T02:35:31.801963,Recipe_B,ca4e2b3e-360b-4bf9-859c-5118db1a7fff,20,3.0,,,,12.1,8.92,6.54,10.44,8.47,7.21
2025-12-17T02:35:32.801963,Recipe_B,ca4e2b3e-360b-4bf9-859c-5118db1a7fff,20,3.0,,,,8.72,10.84,9.24,12.11,11.96,9.63
2025-12-17T02:35:33.801963,Recipe_B,ca4e2b3e-360b-4bf9-859c-5118db1a7fff,20,1.0,,,,12.81,7.15,6.95,8.88,5.76,11.72
2025-12-17T02:35:34.801963,Recipe_B,ca4e2b3e-360b-4bf9-859c-5118db1a7fff,20,1.0,,,,8.89,9.96,12.85,9.81,12.98,10.26
2025-12-17T02:35:35.801963,Recipe_B,ca4e2b3e-360b-4bf9-859c-5118db1a7fff,20,1.0,,,,6.93,12.43,10.42,13.22,11.13,10.39
2025-12-17T02:35:36.801963,Recipe_B,ca4e2b3e-360b-4bf9-859c-5118db1a7fff,20,1.0,,,,10.64,11.92,8.64,8.18,10.67,9.72
2025-12-17T02:35:37.801963,Recipe_B,ca4e2b3e-360b-4bf9-859c-5118db1a7fff,20,1.0,,,,9.38,12.32,8.26,12.35,8.06,7.63
2025-12-17T02:35:38.801963,Recipe_B,ca4e2b3e-360b-4bf9-859c-5118db1a7fff,20,1.0,,,,8.09,5.6,11.57,9.69,13.63,12.0
2025-12-17T02:35:39.801963,Recipe_B,ca4e2b3e-360b-4bf9-859c-5118db1a7fff,20,0.0,,,,0.0,0.0,0.0,0.0,0.0,0.0
2025-12-17T02:35:40.801963,Recipe_B,ca4e2b3e-360b-4bf9-859c-5118db1a7fff,20,0.0,,,,0.0,0.0,0.0,0.0,0.0,0.0
2025-12-17T02:35:41.801963,Recipe_B,ca4e2b3e-360b-4bf9-859c-5118db1a7fff,20,0.0,,,,0.0,0.0,0.0,0.0,0.0,0.0
2025-12-17T02:35:42.801963,Recipe_B,ca4e2b3e-360b-4bf9-859c-5118db1a7fff,20,2.0,,,,8.85,10.7,12.36,7.51,14.45,4.37
2025-12-17T02:35:43.801963,Recipe_B,ca4e2b3e-360b-4bf9-859c-5118db1a7fff,20,2.0,,,,12.04,8.49,10.45,10.64,11.25,15.51
2025-12-17T02:35:44.801963,Recipe_B,ca4e2b3e-360b-4bf9-859c-5118db1a7fff,20,2.0,,,,8.46,9.37,7.92,12.17,10.52,7.91
2025-12-17T02:35:45.801963,Recipe_B,ca4e2b3e-360b-4bf9-859c-5118db1a7fff,20,2.0,,,,12.08,10.62,9.08,11.78,8.01,10.44
2025-12-17T02:35:46.801963,Recipe_B,ca4e2b3e-360b-4bf9-859c-5118db1a7fff,20,2.0,,,,8.56,9.24,8.97,10.33,8.14,10.15
2025-12-17T02:35:47.801963,Recipe_B,ca4e2b3e-360b-4bf9-859c-5118db1a7fff,20,2.0,,,,10.97,11.59,10.57,9.56,6.74,9.31
2025-12-17T02:35:48.801963,Recipe_B,ca4e2b3e-360b-4bf9-859c-5118db1a7fff,20,2.0,,,,12.87,10.68,7.42,12.51,10.81,7.46
2025-12-17T02:35:49.801963,Recipe_B,ca4e2b3e-360b-4bf9-859c-5118db1a7fff,20,2.0,,,,12.23,8.52,10.39,9.36,9.03,11.1
2025-12-17T02:35:50.801963,Recipe_B,ca4e2b3e-360b-4bf9-859c-5118db1a7fff,20,2.0,,,,9.8,13.86,8.56,12.01,8.18,11.69
2025-12-17T02:35:51.801963,Recipe_B,ca4e2b3e-360b-4bf9-859c-5118db1a7fff,20,2.0,,,,11.22,11.43,7.85,13.37,9.42,11.17
2025-12-17T02:35:52.801963,Recipe_B,ca4e2b3e-360b-4bf9-859c-5118db1a7fff,20,2.0,,,,12.81,11.66,8.12,10.83,12.78,9.07
2025-12-17T02:35:53.801963,Recipe_B,ca4e2b3e-360b-4bf9-859c-5118db1a7fff,20,2.0,,,,10.94,11.95,8.43,11.1,8.35,9.82
2025-12-17T02:35:54.801963,Recipe_B,ca4e2b3e-360b-4bf9-859c-5118db1a7fff,20,2.0,,,,9.14,8.8,7.23,10.1,13.0,8.33
2025-12-17T02:35:55.801963,Recipe_B,ca4e2b3e-360b-4bf9-859c-5118db1a7fff,20,2.0,,,,11.13,9.41,7.46,11.93,5.52,11.14
2025-12-17T02:35:56.801963,Recipe_B,ca4e2b3e-360b-4bf9-859c-5118db1a7fff,20,2.0,,,,12.36,13.75,12.62,14.13,9.31,12.6
2025-12-17T02:35:57.801963,Recipe_B,ca4e2b3e-360b-4bf9-859c-5118db1a7fff,20,2.0,,,,11.83,15.46,13.14,10.04,7.52,10.01
2025-12-17T02:35:58.801963,Recipe_B,ca4e2b3e-360b-4bf9-859c-5118db1a7fff,20,2.0,,,,9.22,11.11,10.25,6.49,9.62,7.99
2025-12-17T02:35:59.801963,Recipe_B,ca4e2b3e-360b-4bf9-859c-5118db1a7fff,20,2.0,,,,9.91,10.58,8.06,11.59,11.9,10.18
2025-12-17T02:36:00.801963,Recipe_B,ca4e2b3e-360b-4bf9-859c-5118db1a7fff,20,2.0,,,,7.13,10.25,13.0,6.52,8.29,11.5
2025-12-17T02:36:01.801963,Recipe_B,ca4e2b3e-360b-4bf9-859c-5118db1a7fff,20,2.0,,,,13.57,11.38,10.69,8.24,10.28,11.0
2025-12-17T02:36:02.801963,Recipe_B,ca4e2b3e-360b-4bf9-859c-5118db1a7fff,20,2.0,,,,9.1,10.36,7.49,8.66,12.71,9.78
2025-12-17T02:36:03.801963,Recipe_B,ca4e2b3e-360b-4bf9-859c-5118db1a7fff,20,2.0,,,,8.83,8.31,8.87,9.05,12.04,10.14
2025-12-17T02:36:04.801963,Recipe_B,ca4e2b3e-360b-4bf9-859c-5118db1a7fff,20,2.0,,,,11.34,9.18,6.0,8.62,6.63,8.86
2025-12-17T02:36:05.801963,Recipe_B,ca4e2b3e-360b-4bf9-859c-5118db1a7fff,20,2.0,,,,10.77,8.28,10.09,11.08,5.88,6.79
2025-12-17T02:36:06.801963,Recipe_B,ca4e2b3e-360b-4bf9-859c-5118db1a7fff,20,2.0,,,,12.57,10.63,10.0,7.89,6.46,5.27
2025-12-17T02:36:07.801963,Recipe_B,ca4e2b3e-360b-4bf9-859c-5118db1a7fff,20,2.0,,,,9.38,2.98,9.83,11.1,8.42,8.89
2025-12-17T02:36:08.801963,Recipe_B,ca4e2b3e-360b-4bf9-859c-5118db1a7fff,20,2.0,,,,4.88,12.43,9.39,10.79,9.83,11.12
2025-12-17T02:36:09.801963,Recipe_B,ca4e2b3e-360b-4bf9-859c-5118db1a7fff,20,2.0,,,,9.21,12.72,11.59,11.11,11.07,11.62
2025-12-17T02:36:10.801963,Recipe_B,ca4e2b3e-360b-4bf9-859c-5118db1a7fff,20,2.0,,,,8.18,9.36,9.61,9.37,9.92,10.27
2025-12-17T02:36:11.801963,Recipe_B,ca4e2b3e-360b-4bf9-859c-5118db1a7fff,20,2.0,,,,8.6,13.03,6.0,8.47,14.61,14.25
2025-12-17T02:36:12.801963,Recipe_B,ca4e2b3e-360b-4bf9-859c-5118db1a7fff,20,2.0,,,,10.0,7.09,10.08,11.3,9.27,5.95
2025-12-17T02:36:13.801963,Recipe_B,ca4e2b3e-360b-4bf9-859c-5118db1a7fff,20,2.0,,,,14.21,10.0,7.31,11.69,9.94,11.87
2025-12-17T02:36:14.801963,Recipe_B,ca4e2b3e-360b-4bf9-859c-5118db1a7fff,20,2.0,,,,10.35,8.58,8.58,10.7,8.05,12.24
2025-12-17T02:36:15.801963,Recipe_B,ca4e2b3e-360b-4bf9-859c-5118db1a7fff,20,2.0,,,,8.1,9.14,10.96,11.48,13.83,9.86
2025-12-17T02:36:16.801963,Recipe_B,ca4e2b3e-360b-4bf9-859c-5118db1a7fff,20,2.0,,,,13.35,9.7,5.33,7.18,8.96,10.32
2025-12-17T02:36:17.801963,Recipe_B,ca4e2b3e-360b-4bf9-859c-5118db1a7fff,20,2.0,,,,9.78,9.08,15.14,10.4,8.36,11.85
2025-12-17T02:36:18.801963,Recipe_B,ca4e2b3e-360b-4bf9-859c-5118db1a7fff,20,5.0,,,,13.15,8.98,12.1,10.09,8.42,10.87
2025-12-17T02:36:19.801963,Recipe_B,ca4e2b3e-360b-4bf9-859c-5118db1a7fff,20,5.0,,,,4.62,8.52,4.1,6.02,7.23,7.37
2025-12-17T02:36:20.801963,Recipe_B,ca4e2b3e-360b-4bf9-859c-5118db1a7fff,20,5.0,,,,11.4,11.32,16.02,11.14,10.28,7.08
2025-12-17T02:36:21.801963,Recipe_B,ca4e2b3e-360b-4bf9-859c-5118db1a7fff,20,5.0,,,,7.64,10.72,7.68,12.95,10.84,10.74
2025-12-17T02:36:22.801963,Recipe_B,ca4e2b3e-360b-4bf9-859c-5118db1a7fff,20,5.0,,,,5.81,9.98,10.21,14.18,9.53,7.08
2025-12-17T02:36:23.801963,Recipe_B,ca4e2b3e-360b-4bf9-859c-5118db1a7fff,20,5.0,,,,12.33,9.7,10.61,12.08,11.64,9.79
2025-12-17T02:36:24.801963,Recipe_B,ca4e2b3e-360b-4bf9-859c-5118db1a7fff,20,5.0,,,,10.75,8.41,12.81,7.86,10.15,12.0
2025-12-17T02:36:25.801963,Recipe_B,ca4e2b3e-360b-4bf9-859c-5118db1a7fff,20,5.0,,,,12.35,8.87,10.23,4.92,11.54,7.98
2025-12-17T02:36:26.801963,Recipe_B,ca4e2b3e-360b-4bf9-859c-5118db1a7fff,20,5.0,,,,10.43,9.05,10.53,11.57,9.0,11.0
2025-12-17T02:36:27.801963,Recipe_B,ca4e2b3e-360b-4bf9-859c-5118db1a7fff,20,5.0,,,,10.74,12.02,9.79,8.35,12.36,9.12
2025-12-17T02:36:28.801963,Recipe_B,ca4e2b3e-360b-4bf9-859c-5118db1a7fff,20,5.0,,,,8.84,11.53,9.26,12.37,11.92,11.75
2025-12-17T02:36:29.801963,Recipe_B,ca4e2b3e-360b-4bf9-859c-5118db1a7fff,20,5.0,,,,11.25,11.38,9.01,10.07,10.79,12.18
2025-12-17T02:36:30.801963,Recipe_B,ca4e2b3e-360b-4bf9-859c-5118db1a7fff,20,5.0,,,,14.17,8.16,11.46,10.35,11.03,12.27
2025-12-17T02:36:31.801963,Recipe_B,ca4e2b3e-360b-4bf9-859c-5118db1a7fff,20,5.0,,,,8.92,9.94,9.51,9.93,9.5,11.29
2025-12-17T02:36:32.801963,Recipe_B,ca4e2b3e-360b-4bf9-859c-5118db1a7fff,20,5.0,,,,7.78,9.04,6.88,6.53,12.72,10.89
2025-12-17T02:36:33.801963,Recipe_B,ca4e2b3e-360b-4bf9-859c-5118db1a7fff,20,5.0,,,,8.58,13.06,9.43,9.51,9.25,13.46
2025-12-17T02:36:34.801963,Recipe_B,ca4e2b3e-360b-4bf9-859c-5118db1a7fff,20,5.0,,,,10.28,8.98,10.19,7.18,11.66,13.44
2025-12-17T02:36:35.801963,Recipe_B,ca4e2b3e-360b-4bf9-859c-5118db1a7fff,20,5.0,,,,9.18,8.21,9.23,11.72,7.81,12.25
2025-12-17T02:36:36.801963,Recipe_B,ca4e2b3e-360b-4bf9-859c-5118db1a7fff,20,5.0,,,,14.29,11.49,12.22,9.03,10.05,14.96
2025-12-17T02:36:37.801963,Recipe_B,ca4e2b3e-360b-4bf9-859c-5118db1a7fff,20,5.0,,,,8.95,9.37,8.47,12.04,11.11,11.79
2025-12-17T02:36:38.801963,Recipe_B,ca4e2b3e-360b-4bf9-859c-5118db1a7fff,20,5.0,,,,7.65,8.93,9.59,8.62,11.1,9.47
2025-12-17T02:36:39.801963,Recipe_B,ca4e2b3e-360b-4bf9-859c-5118db1a7fff,20,5.0,,,,11.01,10.17,7.66,7.01,9.31,5.73
2025-12-17T02:36:40.801963,Recipe_B,ca4e2b3e-360b-4bf9-859c-5118db1a7fff,20,5.0,,,,9.29,11.17,9.51,10.2,7.92,10.29
2025-12-17T02:36:41.801963,Recipe_B,ca4e2b3e-360b-4bf9-859c-5118db1a7fff,20,5.0,,,,6.91,9.95,9.9,9.03,11.67,11.4
2025-12-17T02:36:42.801963,Recipe_B,ca4e2b3e-360b-4bf9-859c-5118db1a7fff,20,5.0,,,,11.93,5.54,10.75,9.44,9.54,9.57
2025-12-17T02:36:43.801963,Recipe_B,ca4e2b3e-360b-4bf9-859c-5118db1a7fff,20,5.0,,,,11.78,6.54,13.01,12.63,11.1,10.88
2025-12-17T02:36:44.801963,Recipe_B,ca4e2b3e-360b-4bf9-859c-5118db1a7fff,20,5.0,,,,10.16,13.07,6.92,11.95,11.84,11.23
2025-12-17T02:36:45.801963,Recipe_B,ca4e2b3e-360b-4bf9-859c-5118db1a7fff,20,5.0,,,,8.56,10.63,8.99,11.44,12.25,8.6
2025-12-17T02:36:46.801963,Recipe_B,ca4e2b3e-360b-4bf9-859c-5118db1a7fff,20,5.0,,,,8.53,9.69,7.66,10.69,12.11,10.14
2025-12-17T02:36:47.801963,Recipe_B,ca4e2b3e-360b-4bf9-859c-5118db1a7fff,20,5.0,,,,9.45,9.3,12.49,7.85,12.92,8.43
2025-12-17T02:36:48.801963,Recipe_B,ca4e2b3e-360b-4bf9-859c-5118db1a7fff,20,5.0,,,,11.24,12.24,10.92,9.2,12.17,11.46
2025-12-17T02:36:49.801963,Recipe_B,ca4e2b3e-360b-4bf9-859c-5118db1a7fff,20,5.0,,,,9.56,8.13,12.6,14.18,14.06,9.85
2025-12-17T02:36:50.801963,Recipe_B,ca4e2b3e-360b-4bf9-859c-5118db1a7fff,20,5.0,,,,9.98,10.49,12.45,8.7,6.37,10.73
2025-12-17T02:36:51.801963,Recipe_B,ca4e2b3e-360b-4bf9-859c-5118db1a7fff,20,1.0,,,,11.62,11.1,11.17,10.04,8.57,8.86
2025-12-17T02:36:52.801963,Recipe_B,ca4e2b3e-360b-4bf9-859c-5118db1a7fff,20,1.0,,,,12.15,9.73,6.66,8.59,7.34,10.76
2025-12-17T02:36:53.801963,Recipe_B,ca4e2b3e-360b-4bf9-859c-5118db1a7fff,20,1.0,,,,10.04,8.27,10.98,8.93,6.6,11.13
2025-12-17T02:36:54.801963,Recipe_B,ca4e2b3e-360b-4bf9-859c-5118db1a7fff,20,1.0,,,,10.15,7.21,10.88,12.81,8.5,9.59
2025-12-17T02:36:55.801963,Recipe_B,ca4e2b3e-360b-4bf9-859c-5118db1a7fff,20,1.0,,,,11.07,8.82,9.2,9.08,12.27,10.02
2025-12-17T02:36:56.801963,Recipe_B,ca4e2b3e-360b-4bf9-859c-5118db1a7fff,20,1.0,,,,13.84,9.24,11.69,6.26,11.17,10.32
2025-12-17T02:36:57.801963,Recipe_B,ca4e2b3e-360b-4bf9-859c-5118db1a7fff,20,1.0,,,,14.29,10.09,9.22,10.27,10.33,6.99
2025-12-17T02:36:58.801963,Recipe_B,ca4e2b3e-360b-4bf9-859c-5118db1a7fff,20,1.0,,,,7.54,12.38,10.69,8.4,12.14,11.19
2025-12-17T02:36:59.801963,Recipe_B,ca4e2b3e-360b-4bf9-859c-5118db1a7fff,20,1.0,,,,5.66,9.82,7.26,9.32,9.33,6.97
2025-12-17T02:37:00.801963,Recipe_B,ca4e2b3e-360b-4bf9-859c-5118db1a7fff,20,1.0,,,,9.1,8.37,11.77,9.36,10.35,12.48
2025-12-17T02:37:01.801963,Recipe_B,ca4e2b3e-360b-4bf9-859c-5118db1a7fff,20,1.0,,,,8.59,3.04,8.23,11.74,11.79,10.04
2025-12-17T02:37:02.801963,Recipe_B,ca4e2b3e-360b-4bf9-859c-5118db1a7fff,20,1.0,,,,10.38,9.89,10.79,9.63,8.58,8.72
2025-12-17T02:37:03.801963,Recipe_B,ca4e2b3e-360b-4bf9-859c-5118db1a7fff,20,1.0,,,,9.98,11.51,11.13,8.84,10.01,10.0
2025-12-17T02:37:04.801963,Recipe_B,ca4e2b3e-360b-4bf9-859c-5118db1a7fff,20,1.0,,,,12.16,9.41,10.39,6.42,10.26,11.26
2025-12-17T02:37:05.801963,Recipe_B,ca4e2b3e-360b-4bf9-859c-5118db1a7fff,20,0.0,,,,0.0,0.0,0.0,0.0,0.0,0.0
2025-12-17T02:37:05.801963,Recipe_B,ca4e2b3e-360b-4bf9-859c-5118db1a7fff,20,0.0,Warning_6,Simulated Warning occurred,Warning,,,,,,
2025-12-17T02:37:06.801963,Recipe_B,ca4e2b3e-360b-4bf9-859c-5118db1a7fff,20,0.0,,,,0.0,0.0,0.0,0.0,0.0,0.0
2025-12-17T02:37:07.801963,Recipe_B,ca4e2b3e-360b-4bf9-859c-5118db1a7fff,20,1.0,,,,9.67,11.98,13.18,10.09,8.43,13.38
2025-12-17T02:37:08.801963,Recipe_B,ca4e2b3e-360b-4bf9-859c-5118db1a7fff,20,4.0,,,,100.4,56.45,43.25,54.34,39.55,48.59
2025-12-17T02:37:09.801963,Recipe_B,ca4e2b3e-360b-4bf9-859c-5118db1a7fff,20,2.0,,,,8.11,10.12,12.05,12.56,8.74,12.11
2025-12-17T02:37:10.801963,Recipe_B,ca4e2b3e-360b-4bf9-859c-5118db1a7fff,20,2.0,,,,10.34,12.49,5.32,10.16,9.59,12.04
2025-12-17T02:37:11.801963,Recipe_B,ca4e2b3e-360b-4bf9-859c-5118db1a7fff,20,2.0,,,,7.03,10.24,8.66,12.32,7.28,9.74
2025-12-17T02:37:12.801963,Recipe_B,ca4e2b3e-360b-4bf9-859c-5118db1a7fff,20,2.0,,,,11.73,10.23,10.18,12.82,11.35,9.13
2025-12-17T02:37:13.801963,Recipe_B,ca4e2b3e-360b-4bf9-859c-5118db1a7fff,20,2.0,,,,10.93,10.1,9.6,11.32,9.87,9.66
2025-12-17T02:37:14.801963,Recipe_B,ca4e2b3e-360b-4bf9-859c-5118db1a7fff,20,2.0,,,,10.96,11.34,8.57,8.77,9.46,9.91
2025-12-17T02:37:15.801963,Recipe_B,ca4e2b3e-360b-4bf9-859c-5118db1a7fff,20,2.0,,,,8.74,8.46,7.83,9.69,11.55,10.64
2025-12-17T02:37:16.801963,Recipe_B,ca4e2b3e-360b-4bf9-859c-5118db1a7fff,20,2.0,,,,12.32,9.3,9.13,11.5,13.39,10.91
2025-12-17T02:37:17.801963,Recipe_B,ca4e2b3e-360b-4bf9-859c-5118db1a7fff,20,2.0,,,,9.82,11.8,9.58,8.51,9.22,11.67
2025-12-17T02:37:18.801963,Recipe_B,ca4e2b3e-360b-4bf9-859c-5118db1a7fff,20,2.0,,,,10.76,11.28,8.11,5.8,5.84,11.1
2025-12-17T02:37:19.801963,Recipe_B,ca4e2b3e-360b-4bf9-859c-5118db1a7fff,20,2.0,,,,10.78,9.1,12.9,12.89,8.33,8.37
2025-12-17T02:37:20.801963,Recipe_B,ca4e2b3e-360b-4bf9-859c-5118db1a7fff,20,2.0,,,,8.11,11.0,8.98,11.48,10.25,9.17
2025-12-17T02:37:21.801963,Recipe_B,ca4e2b3e-360b-4bf9-859c-5118db1a7fff,20,2.0,,,,9.17,9.93,10.59,10.82,10.23,12.54
2025-12-17T02:37:22.801963,Recipe_B,ca4e2b3e-360b-4bf9-859c-5118db1a7fff,20,2.0,,,,6.82,12.11,8.98,10.1,12.18,6.94
2025-12-17T02:37:23.801963,Recipe_B,ca4e2b3e-360b-4bf9-859c-5118db1a7fff,20,2.0,,,,12.11,12.54,5.04,8.69,5.49,12.94
2025-12-17T02:37:24.801963,Recipe_B,ca4e2b3e-360b-4bf9-859c-5118db1a7fff,20,2.0,,,,8.27,10.8,6.8,10.16,9.16,7.27
2025-12-17T02:37:25.801963,Recipe_B,ca4e2b3e-360b-4bf9-859c-5118db1a7fff,20,2.0,,,,11.81,8.34,9.88,8.43,13.94,10.88
2025-12-17T02:37:26.801963,Recipe_B,ca4e2b3e-360b-4bf9-859c-5118db1a7fff,20,2.0,,,,9.91,9.24,12.74,9.2,8.8,7.95
2025-12-17T02:37:27.801963,Recipe_B,ca4e2b3e-360b-4bf9-859c-5118db1a7fff,20,2.0,,,,11.91,13.36,10.55,10.96,10.39,9.64
2025-12-17T02:37:28.801963,Recipe_B,ca4e2b3e-360b-4bf9-859c-5118db1a7fff,20,2.0,,,,7.43,7.14,14.28,7.71,9.59,9.71
2025-12-17T02:37:29.801963,Recipe_B,ca4e2b3e-360b-4bf9-859c-5118db1a7fff,20,2.0,,,,10.08,7.97,11.4,6.11,9.41,11.46
2025-12-17T02:37:30.801963,Recipe_B,ca4e2b3e-360b-4bf9-859c-5118db1a7fff,20,2.0,,,,14.93,12.62,10.94,9.69,11.44,10.88
2025-12-17T02:37:31.801963,Recipe_B,ca4e2b3e-360b-4bf9-859c-5118db1a7fff,20,2.0,,,,6.75,11.99,8.4,10.26,11.83,8.56
2025-12-17T02:37:32.801963,Recipe_B,ca4e2b3e-360b-4bf9-859c-5118db1a7fff,20,2.0,,,,8.78,11.77,9.38,10.67,7.46,9.02
2025-12-17T02:37:33.801963,Recipe_B,ca4e2b3e-360b-4bf9-859c-5118db1a7fff,20,2.0,,,,11.74,11.21,12.13,8.39,9.95,10.86
2025-12-17T02:37:34.801963,Recipe_B,ca4e2b3e-360b-4bf9-859c-5118db1a7fff,20,2.0,,,,13.09,10.8,11.68,9.58,9.0,6.9
2025-12-17T02:37:35.801963,Recipe_B,ca4e2b3e-360b-4bf9-859c-5118db1a7fff,20,2.0,,,,11.14,3.64,11.7,11.65,11.05,11.92
2025-12-17T02:37:36.801963,Recipe_B,ca4e2b3e-360b-4bf9-859c-5118db1a7fff,20,2.0,,,,8.78,6.6,9.44,7.37,10.77,9.0
2025-12-17T02:37:37.801963,Recipe_B,ca4e2b3e-360b-4bf9-859c-5118db1a7fff,20,2.0,,,,9.15,11.55,9.81,8.51,11.15,8.21
2025-12-17T02:37:38.801963,Recipe_B,ca4e2b3e-360b-4bf9-859c-5118db1a7fff,20,2.0,,,,11.19,8.41,15.17,10.96,9.89,8.89
2025-12-17T02:37:39.801963,Recipe_B,ca4e2b3e-360b-4bf9-859c-5118db1a7fff,20,2.0,,,,10.86,11.17,11.78,9.61,11.97,10.82
2025-12-17T02:37:40.801963,Recipe_B,ca4e2b3e-360b-4bf9-859c-5118db1a7fff,20,2.0,,,,9.68,9.88,8.64,11.22,12.68,6.98
2025-12-17T02:37:41.801963,Recipe_B,ca4e2b3e-360b-4bf9-859c-5118db1a7fff,20,2.0,,,,11.29,11.21,12.27,11.36,9.36,12.99
2025-12-17T02:37:42.801963,Recipe_B,ca4e2b3e-360b-4bf9-859c-5118db1a7fff,20,2.0,,,,11.05,12.24,7.78,9.4,10.61,7.01
2025-12-17T02:37:43.801963,Recipe_B,ca4e2b3e-360b-4bf9-859c-5118db1a7fff,20,2.0,,,,10.6,7.41,9.06,12.29,11.2,10.56
2025-12-17T02:37:44.801963,Recipe_B,ca4e2b3e-360b-4bf9-859c-5118db1a7fff,20,2.0,,,,10.54,8.62,11.38,8.79,6.83,11.05
2025-12-17T02:37:45.801963,Recipe_B,ca4e2b3e-360b-4bf9-859c-5118db1a7fff,20,2.0,,,,5.7,9.06,9.41,8.92,7.45,11.08
2025-12-17T02:37:46.801963,Recipe_B,ca4e2b3e-360b-4bf9-859c-5118db1a7fff,20,2.0,,,,10.63,9.75,10.13,8.45,7.53,7.36
2025-12-17T02:37:47.801963,Recipe_B,ca4e2b3e-360b-4bf9-859c-5118db1a7fff,20,2.0,,,,10.17,8.8,9.87,9.87,13.32,7.09
2025-12-17T02:37:48.801963,Recipe_B,ca4e2b3e-360b-4bf9-859c-5118db1a7fff,20,2.0,,,,8.15,10.92,7.34,12.06,9.69,8.84
2025-12-17T02:37:49.801963,Recipe_B,ca4e2b3e-360b-4bf9-859c-5118db1a7fff,20,2.0,,,,8.45,10.83,10.95,12.53,11.46,11.03
2025-12-17T02:37:50.801963,Recipe_B,ca4e2b3e-360b-4bf9-859c-5118db1a7fff,20,2.0,,,,11.53,7.1,10.85,9.76,11.43,11.9
2025-12-17T02:37:51.801963,Recipe_B,ca4e2b3e-360b-4bf9-859c-5118db1a7fff,20,2.0,,,,10.14,7.69,9.16,10.61,6.83,9.84
2025-12-17T02:37:52.801963,Recipe_B,ca4e2b3e-360b-4bf9-859c-5118db1a7fff,20,2.0,,,,12.5,10.2,12.0,10.4,11.13,7.39
2025-12-17T02:37:53.801963,Recipe_B,ca4e2b3e-360b-4bf9-859c-5118db1a7fff,20,2.0,,,,9.11,10.47,9.81,8.76,8.85,9.7
2025-12-17T02:37:54.801963,Recipe_B,ca4e2b3e-360b-4bf9-859c-5118db1a7fff,20,2.0,,,,10.36,9.07,12.18,10.21,11.86,11.74
2025-12-17T02:37:55.801963,Recipe_B,ca4e2b3e-360b-4bf9-859c-5118db1a7fff,20,2.0,,,,12.79,11.46,9.2,10.32,12.15,9.98
2025-12-17T02:37:55.801963,Recipe_B,ca4e2b3e-360b-4bf9-859c-5118db1a7fff,20,2.0,Warning_10,Simulated Warning occurred,Warning,,,,,,
2025-12-17T02:37:56.801963,Recipe_B,ca4e2b3e-360b-4bf9-859c-5118db1a7fff,20,2.0,,,,10.19,9.69,12.2,9.06,5.69,10.73
2025-12-17T02:37:57.801963,Recipe_B,ca4e2b3e-360b-4bf9-859c-5118db1a7fff,20,2.0,,,,10.34,9.98,11.13,11.96,10.72,8.2
2025-12-17T02:37:58.801963,Recipe_B,ca4e2b3e-360b-4bf9-859c-5118db1a7fff,20,2.0,,,,7.37,13.23,10.84,11.31,11.2,9.69
2025-12-17T02:37:59.801963,Recipe_B,ca4e2b3e-360b-4bf9-859c-5118db1a7fff,20,2.0,,,,10.56,9.86,9.67,8.42,10.32,9.5
2025-12-17T02:38:00.801963,Recipe_B,ca4e2b3e-360b-4bf9-859c-5118db1a7fff,20,2.0,,,,10.98,11.54,11.17,7.68,6.91,9.62
2025-12-17T02:38:01.801963,Recipe_B,ca4e2b3e-360b-4bf9-859c-5118db1a7fff,20,2.0,,,,9.95,7.14,14.55,10.25,9.35,12.29
2025-12-17T02:38:02.801963,Recipe_B,ca4e2b3e-360b-4bf9-859c-5118db1a7fff,20,2.0,,,,7.75,9.34,8.81,11.45,9.49,11.22
2025-12-17T02:38:03.801963,Recipe_B,ca4e2b3e-360b-4bf9-859c-5118db1a7fff,20,2.0,,,,11.0,8.65,8.77,11.18,11.79,9.13
2025-12-17T02:38:04.801963,Recipe_B,ca4e2b3e-360b-4bf9-859c-5118db1a7fff,20,0.0,,,,0.0,0.0,0.0,0.0,0.0,0.0
2025-12-17T02:38:05.801963,Recipe_B,ca4e2b3e-360b-4bf9-859c-5118db1a7fff,20,0.0,,,,0.0,0.0,0.0,0.0,0.0,0.0
2025-12-17T02:38:06.801963,Recipe_B,ca4e2b3e-360b-4bf9-859c-5118db1a7fff,20,0.0,,,,0.0,0.0,0.0,0.0,0.0,0.0
2025-12-17T02:38:07.801963,Recipe_B,ca4e2b3e-360b-4bf9-859c-5118db1a7fff,20,0.0,,,,0.0,0.0,0.0,0.0,0.0,0.0
2025-12-17T02:38:08.801963,Recipe_B,ca4e2b3e-360b-4bf9-859c-5118db1a7fff,20,0.0,,,,0.0,0.0,0.0,0.0,0.0,0.0
2025-12-17T02:38:09.801963,Recipe_B,ca4e2b3e-360b-4bf9-859c-5118db1a7fff,20,0.0,,,,0.0,0.0,0.0,0.0,0.0,0.0
2025-12-17T02:38:10.801963,Recipe_B,ca4e2b3e-360b-4bf9-859c-5118db1a7fff,20,0.0,,,,0.0,0.0,0.0,0.0,0.0,0.0
2025-12-17T02:38:11.801963,Recipe_B,ca4e2b3e-360b-4bf9-859c-5118db1a7fff,20,0.0,,,,0.0,0.0,0.0,0.0,0.0,0.0
2025-12-17T02:38:12.801963,Recipe_B,ca4e2b3e-360b-4bf9-859c-5118db1a7fff,20,0.0,,,,0.0,0.0,0.0,0.0,0.0,0.0
2025-12-17T02:38:13.801963,Recipe_B,ca4e2b3e-360b-4bf9-859c-5118db1a7fff,20,0.0,,,,0.0,0.0,0.0,0.0,0.0,0.0
2025-12-17T02:38:14.801963,Recipe_B,ca4e2b3e-360b-4bf9-859c-5118db1a7fff,20,0.0,,,,0.0,0.0,0.0,0.0,0.0,0.0
2025-12-17T02:38:15.801963,Recipe_B,ca4e2b3e-360b-4bf9-859c-5118db1a7fff,20,0.0,,,,0.0,0.0,0.0,0.0,0.0,0.0
2025-12-17T02:38:16.801963,Recipe_B,ca4e2b3e-360b-4bf9-859c-5118db1a7fff,20,0.0,,,,0.0,0.0,0.0,0.0,0.0,0.0
2025-12-17T02:38:17.801963,Recipe_B,ca4e2b3e-360b-4bf9-859c-5118db1a7fff,20,1.0,,,,10.13,10.23,8.5,10.77,9.59,8.69
2025-12-17T02:38:18.801963,Recipe_B,ca4e2b3e-360b-4bf9-859c-5118db1a7fff,20,1.0,,,,12.16,11.9,7.2,10.37,13.16,8.99
2025-12-17T02:38:19.801963,Recipe_B,ca4e2b3e-360b-4bf9-859c-5118db1a7fff,20,1.0,,,,11.58,7.28,7.81,7.63,14.27,13.0
2025-12-17T02:38:20.801963,Recipe_B,ca4e2b3e-360b-4bf9-859c-5118db1a7fff,20,1.0,,,,11.96,9.86,7.91,10.28,9.15,7.73
2025-12-17T02:38:21.801963,Recipe_B,ca4e2b3e-360b-4bf9-859c-5118db1a7fff,20,1.0,,,,7.01,9.13,8.0,12.48,7.48,6.95
2025-12-17T02:38:22.801963,Recipe_B,ca4e2b3e-360b-4bf9-859c-5118db1a7fff,20,1.0,,,,9.38,9.92,13.31,9.29,11.9,13.05
2025-12-17T02:38:23.801963,Recipe_B,ca4e2b3e-360b-4bf9-859c-5118db1a7fff,20,1.0,,,,11.28,13.12,8.1,9.7,12.48,6.03
2025-12-17T02:38:24.801963,Recipe_B,ca4e2b3e-360b-4bf9-859c-5118db1a7fff,20,1.0,,,,12.89,10.34,10.78,9.8,8.93,11.61
2025-12-17T02:38:25.801963,Recipe_B,ca4e2b3e-360b-4bf9-859c-5118db1a7fff,20,1.0,,,,12.37,8.21,11.62,5.6,7.96,8.46
2025-12-17T02:38:26.801963,Recipe_B,ca4e2b3e-360b-4bf9-859c-5118db1a7fff,20,0.0,,,,0.0,0.0,0.0,0.0,0.0,0.0
2025-12-17T02:38:27.801963,Recipe_B,ca4e2b3e-360b-4bf9-859c-5118db1a7fff,20,0.0,,,,0.0,0.0,0.0,0.0,0.0,0.0
2025-12-17T02:38:28.801963,Recipe_B,ca4e2b3e-360b-4bf9-859c-5118db1a7fff,20,0.0,,,,0.0,0.0,0.0,0.0,0.0,0.0
2025-12-17T02:38:29.801963,Recipe_B,ca4e2b3e-360b-4bf9-859c-5118db1a7fff,20,0.0,,,,0.0,0.0,0.0,0.0,0.0,0.0
2025-12-17T02:38:30.801963,Recipe_B,ca4e2b3e-360b-4bf9-859c-5118db1a7fff,20,0.0,,,,0.0,0.0,0.0,0.0,0.0,0.0
2025-12-17T02:38:31.801963,Recipe_B,ca4e2b3e-360b-4bf9-859c-5118db1a7fff,20,0.0,,,,0.0,0.0,0.0,0.0,0.0,0.0
2025-12-17T02:38:32.801963,Recipe_B,ca4e2b3e-360b-4bf9-859c-5118db1a7fff,20,0.0,,,,0.0,0.0,0.0,0.0,0.0,0.0
2025-12-17T02:38:33.801963,Recipe_B,ca4e2b3e-360b-4bf9-859c-5118db1a7fff,20,0.0,,,,0.0,0.0,0.0,0.0,0.0,0.0
2025-12-17T02:38:34.801963,Recipe_B,ca4e2b3e-360b-4bf9-859c-5118db1a7fff,20,0.0,,,,0.0,0.0,0.0,0.0,0.0,0.0
2025-12-17T02:38:35.801963,Recipe_B,ca4e2b3e-360b-4bf9-859c-5118db1a7fff,20,0.0,,,,0.0,0.0,0.0,0.0,0.0,0.0
2025-12-17T02:38:36.801963,Recipe_B,ca4e2b3e-360b-4bf9-859c-5118db1a7fff,20,0.0,,,,0.0,0.0,0.0,0.0,0.0,0.0
2025-12-17T02:38:37.801963,Recipe_B,ca4e2b3e-360b-4bf9-859c-5118db1a7fff,20,0.0,,,,0.0,0.0,0.0,0.0,0.0,0.0
2025-12-17T02:38:38.801963,Recipe_B,ca4e2b3e-360b-4bf9-859c-5118db1a7fff,20,1.0,,,,16.12,11.07,9.95,9.61,12.37,10.78
2025-12-17T02:38:39.801963,Recipe_B,ca4e2b3e-360b-4bf9-859c-5118db1a7fff,20,1.0,,,,8.24,6.36,7.78,9.03,13.41,7.73
2025-12-17T02:38:40.801963,Recipe_B,ca4e2b3e-360b-4bf9-859c-5118db1a7fff,20,1.0,,,,10.73,11.18,9.41,9.87,10.84,9.9
2025-12-17T02:38:41.801963,Recipe_B,ca4e2b3e-360b-4bf9-859c-5118db1a7fff,20,1.0,,,,7.6,11.51,10.88,9.86,12.16,6.4
2025-12-17T02:38:42.801963,Recipe_B,ca4e2b3e-360b-4bf9-859c-5118db1a7fff,20,1.0,,,,9.53,9.32,12.86,13.45,8.4,13.24
2025-12-17T02:38:43.801963,Recipe_B,ca4e2b3e-360b-4bf9-859c-5118db1a7fff,20,1.0,,,,10.49,8.41,11.41,8.83,9.81,10.35
2025-12-17T02:38:44.801963,Recipe_B,ca4e2b3e-360b-4bf9-859c-5118db1a7fff,20,1.0,,,,7.68,9.65,9.14,7.45,13.24,11.08
2025-12-17T02:38:45.801963,Recipe_B,ca4e2b3e-360b-4bf9-859c-5118db1a7fff,20,1.0,,,,5.27,11.82,11.02,10.84,9.75,10.98
2025-12-17T02:38:46.801963,Recipe_B,ca4e2b3e-360b-4bf9-859c-5118db1a7fff,20,1.0,,,,11.48,8.95,10.86,8.34,9.07,8.18
2025-12-17T02:38:47.801963,Recipe_B,ca4e2b3e-360b-4bf9-859c-5118db1a7fff,20,1.0,,,,8.41,8.52,12.13,10.35,8.32,9.94
2025-12-17T02:38:48.801963,Recipe_B,ca4e2b3e-360b-4bf9-859c-5118db1a7fff,20,1.0,,,,12.63,12.65,11.28,9.4,10.8,9.31
2025-12-17T02:38:49.801963,Recipe_B,ca4e2b3e-360b-4bf9-859c-5118db1a7fff,20,1.0,,,,10.19,8.04,9.91,8.24,6.78,9.17
2025-12-17T02:38:50.801963,Recipe_B,ca4e2b3e-360b-4bf9-859c-5118db1a7fff,20,1.0,,,,11.29,7.88,7.41,11.71,11.02,9.01
2025-12-17T02:38:51.801963,Recipe_B,ca4e2b3e-360b-4bf9-859c-5118db1a7fff,20,1.0,,,,7.46,6.83,4.98,10.66,11.89,9.36
2025-12-17T02:38:52.801963,Recipe_B,ca4e2b3e-360b-4bf9-859c-5118db1a7fff,20,1.0,,,,8.87,9.72,8.54,11.54,8.98,10.54
2025-12-17T02:38:53.801963,Recipe_B,ca4e2b3e-360b-4bf9-859c-5118db1a7fff,20,1.0,,,,11.32,8.61,7.7,8.22,8.21,9.06
2025-12-17T02:38:54.801963,Recipe_B,ca4e2b3e-360b-4bf9-859c-5118db1a7fff,20,4.0,,,,103.77,51.36,40.49,46.78,49.72,52.81
2025-12-17T02:38:55.801963,Recipe_B,ca4e2b3e-360b-4bf9-859c-5118db1a7fff,20,4.0,,,,100.48,41.48,47.7,46.78,46.18,51.33
2025-12-17T02:38:56.801963,Recipe_B,ca4e2b3e-360b-4bf9-859c-5118db1a7fff,20,4.0,,,,106.52,57.97,50.56,55.27,59.19,52.87
2025-12-17T02:38:57.801963,Recipe_B,ca4e2b3e-360b-4bf9-859c-5118db1a7fff,20,4.0,,,,102.1,52.37,55.59,41.8,48.01,50.35
2025-12-17T02:38:58.801963,Recipe_B,ca4e2b3e-360b-4bf9-859c-5118db1a7fff,20,4.0,,,,97.13,48.52,56.04,41.85,54.38,37.24
2025-12-17T02:38:59.801963,Recipe_B,ca4e2b3e-360b-4bf9-859c-5118db1a7fff,20,4.0,,,,104.32,50.48,42.77,48.57,45.29,55.46
2025-12-17T02:39:00.801963,Recipe_B,ca4e2b3e-360b-4bf9-859c-5118db1a7fff,20,4.0,,,,101.2,54.68,51.24,51.59,42.59,50.12
2025-12-17T02:39:01.801963,Recipe_B,ca4e2b3e-360b-4bf9-859c-5118db1a7fff,20,4.0,,,,104.49,57.91,48.5,44.36,46.82,51.26
2025-12-17T02:39:02.801963,Recipe_B,ca4e2b3e-360b-4bf9-859c-5118db1a7fff,20,4.0,,,,103.87,46.35,46.34,49.46,49.42,40.15
2025-12-17T02:39:03.801963,Recipe_B,ca4e2b3e-360b-4bf9-859c-5118db1a7fff,20,4.0,,,,94.65,43.62,51.17,45.59,49.47,47.31
2025-12-17T02:39:04.801963,Recipe_B,ca4e2b3e-360b-4bf9-859c-5118db1a7fff,20,4.0,,,,95.72,52.0,48.86,52.73,49.76,51.77
2025-12-17T02:39:05.801963,Recipe_B,ca4e2b3e-360b-4bf9-859c-5118db1a7fff,20,4.0,,,,102.72,52.04,44.64,52.45,40.65,54.97
2025-12-17T02:39:06.801963,Recipe_B,ca4e2b3e-360b-4bf9-859c-5118db1a7fff,20,4.0,,,,96.9,55.02,44.94,46.84,45.99,46.68
2025-12-17T02:39:07.801963,Recipe_B,ca4e2b3e-360b-4bf9-859c-5118db1a7fff,20,4.0,,,,93.49,39.11,52.7,37.5,44.17,46.97
2025-12-17T02:39:08.801963,Recipe_B,ca4e2b3e-360b-4bf9-859c-5118db1a7fff,20,4.0,,,,99.46,38.42,42.33,52.31,61.9,53.96
2025-12-17T02:39:09.801963,Recipe_B,ca4e2b3e-360b-4bf9-859c-5118db1a7fff,20,4.0,,,,108.74,48.08,51.8,49.28,54.09,46.64
2025-12-17T02:39:10.801963,Recipe_B,ca4e2b3e-360b-4bf9-859c-5118db1a7fff,20,4.0,,,,105.64,47.92,53.06,46.78,57.85,45.9
2025-12-17T02:39:11.801963,Recipe_B,ca4e2b3e-360b-4bf9-859c-5118db1a7fff,20,3.0,,,,11.3,13.11,10.48,9.7,14.9,10.28
2025-12-17T02:39:12.801963,Recipe_B,ca4e2b3e-360b-4bf9-859c-5118db1a7fff,20,3.0,,,,13.27,11.91,11.32,8.96,6.93,10.49
2025-12-17T02:39:13.801963,Recipe_B,ca4e2b3e-360b-4bf9-859c-5118db1a7fff,20,3.0,,,,7.47,9.23,6.51,11.36,10.7,9.38
2025-12-17T02:39:14.801963,Recipe_B,ca4e2b3e-360b-4bf9-859c-5118db1a7fff,20,3.0,,,,10.28,5.99,7.28,9.19,10.2,11.61
2025-12-17T02:39:15.801963,Recipe_B,ca4e2b3e-360b-4bf9-859c-5118db1a7fff,20,3.0,,,,4.49,11.01,9.47,13.05,12.72,7.21
2025-12-17T02:39:16.801963,Recipe_B,ca4e2b3e-360b-4bf9-859c-5118db1a7fff,20,5.0,,,,12.8,11.17,9.54,10.55,11.34,11.21
2025-12-17T02:39:17.801963,Recipe_B,ca4e2b3e-360b-4bf9-859c-5118db1a7fff,20,5.0,,,,12.76,13.2,10.54,7.29,11.01,8.3
2025-12-17T02:39:17.801963,Recipe_B,ca4e2b3e-360b-4bf9-859c-5118db1a7fff,20,5.0,Warning_4,Simulated Warning occurred,Warning,,,,,,
2025-12-17T02:39:18.801963,Recipe_B,ca4e2b3e-360b-4bf9-859c-5118db1a7fff,20,5.0,,,,12.77,10.88,10.24,10.41,10.87,10.62
2025-12-17T02:39:19.801963,Recipe_B,ca4e2b3e-360b-4bf9-859c-5118db1a7fff,20,5.0,,,,8.8,11.89,7.83,9.61,7.54,6.93
2025-12-17T02:39:20.801963,Recipe_B,ca4e2b3e-360b-4bf9-859c-5118db1a7fff,20,5.0,,,,10.98,8.33,10.8,10.53,14.54,13.04
2025-12-17T02:39:21.801963,Recipe_B,ca4e2b3e-360b-4bf9-859c-5118db1a7fff,20,5.0,,,,10.75,11.53,8.68,11.73,7.25,10.17
2025-12-17T02:39:22.801963,Recipe_B,ca4e2b3e-360b-4bf9-859c-5118db1a7fff,20,5.0,,,,7.71,7.94,7.16,10.84,9.93,9.71
2025-12-17T02:39:23.801963,Recipe_B,ca4e2b3e-360b-4bf9-859c-5118db1a7fff,20,5.0,,,,9.44,9.34,11.56,11.03,12.65,8.29
2025-12-17T02:39:23.801963,Recipe_B,ca4e2b3e-360b-4bf9-859c-5118db1a7fff,20,5.0,Warning_4,Simulated Warning occurred,Warning,,,,,,
2025-12-17T02:39:24.801963,Recipe_B,ca4e2b3e-360b-4bf9-859c-5118db1a7fff,20,5.0,,,,11.17,9.21,6.31,8.84,8.8,4.96
2025-12-17T02:39:25.801963,Recipe_B,ca4e2b3e-360b-4bf9-859c-5118db1a7fff,20,5.0,,,,13.18,14.47,12.72,9.23,8.87,10.88
2025-12-17T02:39:26.801963,Recipe_B,ca4e2b3e-360b-4bf9-859c-5118db1a7fff,20,5.0,,,,10.72,8.52,9.5,9.53,12.01,9.19
2025-12-17T02:39:27.801963,Recipe_B,ca4e2b3e-360b-4bf9-859c-5118db1a7fff,20,5.0,,,,8.63,8.07,12.0,9.53,9.11,7.08
2025-12-17T02:39:28.801963,Recipe_B,ca4e2b3e-360b-4bf9-859c-5118db1a7fff,20,5.0,,,,12.69,10.84,10.88,9.61,8.65,10.57
2025-12-17T02:39:29.801963,Recipe_B,ca4e2b3e-360b-4bf9-859c-5118db1a7fff,20,5.0,,,,11.22,9.2,9.45,9.74,14.39,10.52
2025-12-17T02:39:30.801963,Recipe_B,ca4e2b3e-360b-4bf9-859c-5118db1a7fff,20,5.0,,,,6.85,10.16,7.94,9.61,10.27,10.03
2025-12-17T02:39:31.801963,Recipe_B,ca4e2b3e-360b-4bf9-859c-5118db1a7fff,20,5.0,,,,10.91,7.56,7.54,11.61,12.77,12.17
2025-12-17T02:39:32.801963,Recipe_B,ca4e2b3e-360b-4bf9-859c-5118db1a7fff,20,5.0,,,,9.69,12.11,10.99,8.92,8.13,7.84
2025-12-17T02:39:33.801963,Recipe_B,ca4e2b3e-360b-4bf9-859c-5118db1a7fff,20,5.0,,,,11.95,9.53,8.53,9.89,6.0,12.08
2025-12-17T02:39:34.801963,Recipe_B,ca4e2b3e-360b-4bf9-859c-5118db1a7fff,20,5.0,,,,8.78,10.23,7.15,12.6,6.9,9.94
2025-12-17T02:39:35.801963,Recipe_B,ca4e2b3e-360b-4bf9-859c-5118db1a7fff,20,5.0,,,,6.42,14.19,12.51,7.63,9.88,13.67
2025-12-17T02:39:36.801963,Recipe_B,ca4e2b3e-360b-4bf9-859c-5118db1a7fff,20,5.0,,,,14.73,11.66,10.61,8.05,12.75,9.75
2025-12-17T02:39:37.801963,Recipe_B,ca4e2b3e-360b-4bf9-859c-5118db1a7fff,20,5.0,,,,10.21,8.75,9.8,9.39,9.11,12.55
2025-12-17T02:39:38.801963,Recipe_B,ca4e2b3e-360b-4bf9-859c-5118db1a7fff,20,5.0,,,,8.98,8.98,9.91,12.4,10.91,12.85
2025-12-17T02:39:39.801963,Recipe_B,ca4e2b3e-360b-4bf9-859c-5118db1a7fff,20,5.0,,,,7.74,9.69,7.97,12.21,7.33,10.53
2025-12-17T02:39:40.801963,Recipe_B,ca4e2b3e-360b-4bf9-859c-5118db1a7fff,20,5.0,,,,11.26,7.48,7.54,11.32,13.93,9.41
2025-12-17T02:39:41.801963,Recipe_B,ca4e2b3e-360b-4bf9-859c-5118db1a7fff,20,5.0,,,,6.79,8.99,7.39,12.01,11.47,7.84
2025-12-17T02:39:41.801963,Recipe_B,ca4e2b3e-360b-4bf9-859c-5118db1a7fff,20,5.0,Error_4,Simulated Error occurred,Error,,,,,,
2025-12-17T02:39:42.801963,Recipe_B,ca4e2b3e-360b-4bf9-859c-5118db1a7fff,20,5.0,,,,8.27,7.83,8.43,7.43,12.33,11.12
2025-12-17T02:39:43.801963,Recipe_B,ca4e2b3e-360b-4bf9-859c-5118db1a7fff,20,5.0,,,,14.34,10.73,14.46,10.17,10.71,11.67
2025-12-17T02:39:44.801963,Recipe_B,ca4e2b3e-360b-4bf9-859c-5118db1a7fff,20,5.0,,,,9.61,15.01,10.14,9.19,7.69,12.25
2025-12-17T02:39:45.801963,Recipe_B,ca4e2b3e-360b-4bf9-859c-5118db1a7fff,20,5.0,,,,8.45,10.47,9.55,11.06,8.7,6.33
2025-12-17T02:39:46.801963,Recipe_B,ca4e2b3e-360b-4bf9-859c-5118db1a7fff,20,5.0,,,,9.1,12.37,11.67,8.66,14.28,8.99
2025-12-17T02:39:47.801963,Recipe_B,ca4e2b3e-360b-4bf9-859c-5118db1a7fff,20,5.0,,,,9.75,14.66,9.19,13.4,9.78,10.01
2025-12-17T02:39:48.801963,Recipe_B,ca4e2b3e-360b-4bf9-859c-5118db1a7fff,20,5.0,,,,7.69,11.88,10.96,13.38,9.64,12.03
2025-12-17T02:39:49.801963,Recipe_B,ca4e2b3e-360b-4bf9-859c-5118db1a7fff,20,5.0,,,,12.36,12.91,7.21,6.53,8.73,7.63
2025-12-17T02:39:50.801963,Recipe_B,ca4e2b3e-360b-4bf9-859c-5118db1a7fff,20,5.0,,,,9.54,11.69,10.99,12.46,11.39,14.7
2025-12-17T02:39:51.801963,Recipe_B,ca4e2b3e-360b-4bf9-859c-5118db1a7fff,20,5.0,,,,6.23,7.35,8.86,12.48,10.64,11.61
2025-12-17T02:39:52.801963,Recipe_B,ca4e2b3e-360b-4bf9-859c-5118db1a7fff,20,5.0,,,,10.89,13.38,10.24,8.66,9.38,4.77
2025-12-17T02:39:53.801963,Recipe_B,ca4e2b3e-360b-4bf9-859c-5118db1a7fff,20,5.0,,,,7.91,8.25,10.16,9.88,10.85,6.77
2025-12-17T02:39:54.801963,Recipe_B,ca4e2b3e-360b-4bf9-859c-5118db1a7fff,20,5.0,,,,10.66,8.25,8.26,11.51,10.75,9.33
2025-12-17T02:39:55.801963,Recipe_B,ca4e2b3e-360b-4bf9-859c-5118db1a7fff,20,5.0,,,,11.17,6.65,9.33,11.58,7.22,7.53
2025-12-17T02:39:56.801963,Recipe_B,ca4e2b3e-360b-4bf9-859c-5118db1a7fff,20,5.0,,,,7.59,14.51,4.97,12.38,9.97,12.06
2025-12-17T02:39:57.801963,Recipe_B,ca4e2b3e-360b-4bf9-859c-5118db1a7fff,20,5.0,,,,14.39,12.57,9.05,10.56,9.4,8.32
2025-12-17T02:39:58.801963,Recipe_B,ca4e2b3e-360b-4bf9-859c-5118db1a7fff,20,5.0,,,,9.44,10.41,10.61,10.75,8.7,8.22
2025-12-17T02:39:59.801963,Recipe_B,ca4e2b3e-360b-4bf9-859c-5118db1a7fff,20,5.0,,,,11.7,11.57,7.97,8.86,8.59,11.74
2025-12-17T02:40:00.801963,Recipe_B,ca4e2b3e-360b-4bf9-859c-5118db1a7fff,20,5.0,,,,11.46,12.07,7.91,12.81,11.74,9.6
2025-12-17T02:40:01.801963,Recipe_B,ca4e2b3e-360b-4bf9-859c-5118db1a7fff,20,5.0,,,,11.63,10.27,10.61,9.04,10.08,8.55
2025-12-17T02:40:02.801963,Recipe_B,ca4e2b3e-360b-4bf9-859c-5118db1a7fff,20,5.0,,,,6.86,7.67,12.34,10.33,8.26,11.14
2025-12-17T02:40:03.801963,Recipe_B,ca4e2b3e-360b-4bf9-859c-5118db1a7fff,20,5.0,,,,8.65,8.44,5.68,7.05,6.22,10.24
2025-12-17T02:40:04.801963,Recipe_B,ca4e2b3e-360b-4bf9-859c-5118db1a7fff,20,5.0,,,,11.27,11.94,11.45,12.18,12.34,12.99
2025-12-17T02:40:05.801963,Recipe_B,ca4e2b3e-360b-4bf9-859c-5118db1a7fff,20,5.0,,,,10.08,10.36,9.61,8.59,12.82,13.91
2025-12-17T02:40:06.801963,Recipe_B,ca4e2b3e-360b-4bf9-859c-5118db1a7fff,20,5.0,,,,9.71,10.01,14.53,9.96,8.22,10.35
2025-12-17T02:40:07.801963,Recipe_B,ca4e2b3e-360b-4bf9-859c-5118db1a7fff,20,5.0,,,,10.83,7.09,7.84,8.14,9.02,10.66
2025-12-17T02:40:08.801963,Recipe_B,ca4e2b3e-360b-4bf9-859c-5118db1a7fff,20,5.0,,,,12.15,8.78,11.2,7.65,10.34,11.93
2025-12-17T02:40:09.801963,Recipe_B,ca4e2b3e-360b-4bf9-859c-5118db1a7fff,20,5.0,,,,10.42,9.84,9.58,7.57,12.41,11.7
2025-12-17T02:40:10.801963,Recipe_B,ca4e2b3e-360b-4bf9-859c-5118db1a7fff,20,5.0,,,,10.82,8.28,9.99,11.15,9.38,10.36
2025-12-17T02:40:11.801963,Recipe_B,ca4e2b3e-360b-4bf9-859c-5118db1a7fff,20,5.0,,,,11.92,11.16,11.01,11.34,8.08,9.29
2025-12-17T02:40:12.801963,Recipe_B,ca4e2b3e-360b-4bf9-859c-5118db1a7fff,20,5.0,,,,9.05,13.22,9.19,8.46,9.17,11.6
2025-12-17T02:40:13.801963,Recipe_B,ca4e2b3e-360b-4bf9-859c-5118db1a7fff,20,5.0,,,,5.59,5.82,10.19,7.87,7.36,7.05
2025-12-17T02:40:14.801963,Recipe_B,ca4e2b3e-360b-4bf9-859c-5118db1a7fff,20,5.0,,,,7.54,9.38,13.53,11.31,7.12,6.39
2025-12-17T02:40:15.801963,Recipe_B,ca4e2b3e-360b-4bf9-859c-5118db1a7fff,20,5.0,,,,10.95,13.37,9.63,9.29,9.51,8.45
2025-12-17T02:40:16.801963,Recipe_B,ca4e2b3e-360b-4bf9-859c-5118db1a7fff,20,5.0,,,,8.63,10.03,7.29,11.19,8.97,13.76
2025-12-17T02:40:17.801963,Recipe_B,ca4e2b3e-360b-4bf9-859c-5118db1a7fff,20,5.0,,,,7.67,11.58,10.11,7.85,7.34,12.75
2025-12-17T02:40:18.801963,Recipe_B,ca4e2b3e-360b-4bf9-859c-5118db1a7fff,20,5.0,,,,12.93,8.05,12.16,8.79,13.02,9.47
2025-12-17T02:40:19.801963,Recipe_B,ca4e2b3e-360b-4bf9-859c-5118db1a7fff,20,5.0,,,,12.18,8.25,12.89,10.44,11.14,8.37
2025-12-17T02:40:20.801963,Recipe_B,ca4e2b3e-360b-4bf9-859c-5118db1a7fff,20,4.0,,,,106.31,53.53,48.33,49.39,53.55,58.67
2025-12-17T02:40:21.801963,Recipe_B,ca4e2b3e-360b-4bf9-859c-5118db1a7fff,20,4.0,,,,95.14,53.34,55.47,51.67,49.07,48.57
2025-12-17T02:40:22.801963,Recipe_B,ca4e2b3e-360b-4bf9-859c-5118db1a7fff,20,4.0,,,,98.03,49.27,50.22,57.37,51.29,48.07
2025-12-17T02:40:23.801963,Recipe_B,ca4e2b3e-360b-4bf9-859c-5118db1a7fff,20,4.0,,,,90.91,59.4,52.14,54.06,50.7,58.31
2025-12-17T02:40:24.801963,Recipe_B,ca4e2b3e-360b-4bf9-859c-5118db1a7fff,20,4.0,,,,102.23,53.34,47.45,44.46,43.15,54.25
2025-12-17T02:40:25.801963,Recipe_B,ca4e2b3e-360b-4bf9-859c-5118db1a7fff,20,4.0,,,,100.55,50.97,47.18,57.8,41.16,49.22
2025-12-17T02:40:26.801963,Recipe_B,ca4e2b3e-360b-4bf9-859c-5118db1a7fff,20,4.0,,,,96.32,53.06,60.28,46.52,52.74,52.63
2025-12-17T02:40:27.801963,Recipe_B,ca4e2b3e-360b-4bf9-859c-5118db1a7fff,20,4.0,,,,103.3,47.7,56.56,51.49,60.62,56.74
2025-12-17T02:40:28.801963,Recipe_B,ca4e2b3e-360b-4bf9-859c-5118db1a7fff,20,4.0,,,,101.89,48.68,48.83,62.01,42.67,59.81
2025-12-17T02:40:29.801963,Recipe_B,ca4e2b3e-360b-4bf9-859c-5118db1a7fff,20,4.0,,,,96.22,52.25,53.38,45.53,47.94,48.35
2025-12-17T02:40:30.801963,Recipe_B,ca4e2b3e-360b-4bf9-859c-5118db1a7fff,20,4.0,,,,96.3,47.44,51.88,47.79,50.15,51.78
2025-12-17T02:40:31.801963,Recipe_B,ca4e2b3e-360b-4bf9-859c-5118db1a7fff,20,4.0,,,,100.24,53.98,53.55,48.72,53.67,52.11
2025-12-17T02:40:32.801963,Recipe_B,ca4e2b3e-360b-4bf9-859c-5118db1a7fff,20,4.0,,,,97.74,43.37,48.68,52.12,55.59,51.69
2025-12-17T02:40:33.801963,Recipe_B,ca4e2b3e-360b-4bf9-859c-5118db1a7fff,20,4.0,,,,97.35,60.54,53.89,54.77,49.88,45.89
2025-12-17T02:40:34.801963,Recipe_B,ca4e2b3e-360b-4bf9-859c-5118db1a7fff,20,4.0,,,,103.42,47.36,49.4,60.97,48.64,54.46
2025-12-17T02:40:35.801963,Recipe_B,ca4e2b3e-360b-4bf9-859c-5118db1a7fff,20,4.0,,,,105.81,49.1,61.15,53.86,46.84,44.79
2025-12-17T02:40:36.801963,Recipe_B,ca4e2b3e-360b-4bf9-859c-5118db1a7fff,20,4.0,,,,103.64,56.03,47.55,46.94,45.77,60.39
2025-12-17T02:40:37.801963,Recipe_B,ca4e2b3e-360b-4bf9-859c-5118db1a7fff,20,4.0,,,,99.35,54.67,44.18,37.71,54.19,44.03
2025-12-17T02:40:38.801963,Recipe_B,ca4e2b3e-360b-4bf9-859c-5118db1a7fff,20,4.0,,,,100.1,49.66,47.1,51.0,49.56,49.26
2025-12-17T02:40:39.801963,Recipe_B,ca4e2b3e-360b-4bf9-859c-5118db1a7fff,20,4.0,,,,99.57,48.88,59.39,55.53,53.35,44.43
2025-12-17T02:40:40.801963,Recipe_B,ca4e2b3e-360b-4bf9-859c-5118db1a7fff,20,4.0,,,,92.92,48.34,49.52,50.05,41.21,47.56
2025-12-17T02:40:41.801963,Recipe_B,ca4e2b3e-360b-4bf9-859c-5118db1a7fff,20,4.0,,,,92.13,47.15,61.7,52.12,51.27,54.66
2025-12-17T02:40:42.801963,Recipe_B,ca4e2b3e-360b-4bf9-859c-5118db1a7fff,20,4.0,,,,97.37,55.62,46.66,54.42,45.23,38.47
2025-12-17T02:40:43.801963,Recipe_B,ca4e2b3e-360b-4bf9-859c-5118db1a7fff,20,4.0,,,,104.88,56.22,47.67,48.17,59.9,39.74
2025-12-17T02:40:44.801963,Recipe_B,ca4e2b3e-360b-4bf9-859c-5118db1a7fff,20,4.0,,,,97.03,51.72,48.37,50.78,47.46,57.22
2025-12-17T02:40:45.801963,Recipe_B,ca4e2b3e-360b-4bf9-859c-5118db1a7fff,20,4.0,,,,94.35,56.5,55.17,51.63,50.61,52.19
2025-12-17T02:40:46.801963,Recipe_B,ca4e2b3e-360b-4bf9-859c-5118db1a7fff,20,4.0,,,,110.11,44.51,51.98,49.37,56.91,48.34
2025-12-17T02:40:47.801963,Recipe_B,ca4e2b3e-360b-4bf9-859c-5118db1a7fff,20,4.0,,,,100.02,44.88,66.57,53.03,51.25,45.84
2025-12-17T02:40:48.801963,Recipe_B,ca4e2b3e-360b-4bf9-859c-5118db1a7fff,20,4.0,,,,98.94,56.08,54.83,51.31,52.87,45.0
2025-12-17T02:40:49.801963,Recipe_B,ca4e2b3e-360b-4bf9-859c-5118db1a7fff,20,4.0,,,,109.6,41.68,47.56,47.76,50.31,43.57
2025-12-17T02:40:50.801963,Recipe_B,ca4e2b3e-360b-4bf9-859c-5118db1a7fff,20,4.0,,,,88.48,54.43,43.97,44.39,55.23,48.16
2025-12-17T02:40:51.801963,Recipe_B,ca4e2b3e-360b-4bf9-859c-5118db1a7fff,20,4.0,,,,101.78,56.02,50.07,46.74,45.0,46.87
2025-12-17T02:40:52.801963,Recipe_B,ca4e2b3e-360b-4bf9-859c-5118db1a7fff,20,4.0,,,,98.76,58.2,46.93,47.34,52.69,57.92
2025-12-17T02:40:53.801963,Recipe_B,ca4e2b3e-360b-4bf9-859c-5118db1a7fff,20,4.0,,,,102.63,49.91,45.85,48.58,45.7,48.56
2025-12-17T02:40:54.801963,Recipe_B,ca4e2b3e-360b-4bf9-859c-5118db1a7fff,20,4.0,,,,99.58,50.4,50.13,49.51,55.96,47.45
2025-12-17T02:40:55.801963,Recipe_B,ca4e2b3e-360b-4bf9-859c-5118db1a7fff,20,4.0,,,,104.25,41.49,57.13,53.05,48.65,47.46
2025-12-17T02:40:56.801963,Recipe_B,ca4e2b3e-360b-4bf9-859c-5118db1a7fff,20,4.0,,,,103.62,50.36,50.08,48.35,53.85,53.42
2025-12-17T02:40:57.801963,Recipe_B,ca4e2b3e-360b-4bf9-859c-5118db1a7fff,20,5.0,,,,9.64,9.65,9.15,8.46,9.59,9.55
2025-12-17T02:40:58.801963,Recipe_B,ca4e2b3e-360b-4bf9-859c-5118db1a7fff,20,5.0,,,,8.9,7.52,12.13,6.5,8.58,12.97
2025-12-17T02:40:59.801963,Recipe_B,ca4e2b3e-360b-4bf9-859c-5118db1a7fff,20,5.0,,,,8.12,9.01,10.29,8.88,7.59,11.02
2025-12-17T02:41:00.801963,Recipe_B,ca4e2b3e-360b-4bf9-859c-5118db1a7fff,20,5.0,,,,9.09,12.34,8.61,11.42,7.91,8.87
2025-12-17T02:41:01.801963,Recipe_B,ca4e2b3e-360b-4bf9-859c-5118db1a7fff,20,5.0,,,,9.84,10.09,9.48,11.56,8.97,7.81
2025-12-17T02:41:02.801963,Recipe_B,ca4e2b3e-360b-4bf9-859c-5118db1a7fff,20,5.0,,,,8.53,8.51,7.41,13.99,10.41,8.06
2025-12-17T02:41:03.801963,Recipe_B,ca4e2b3e-360b-4bf9-859c-5118db1a7fff,20,5.0,,,,7.79,9.78,10.02,9.35,8.72,9.32
2025-12-17T02:41:04.801963,Recipe_B,ca4e2b3e-360b-4bf9-859c-5118db1a7fff,20,5.0,,,,8.99,7.68,6.94,10.46,12.41,9.54
2025-12-17T02:41:05.801963,Recipe_B,ca4e2b3e-360b-4bf9-859c-5118db1a7fff,20,5.0,,,,9.74,11.86,8.41,11.44,10.86,9.4
2025-12-17T02:41:06.801963,Recipe_B,ca4e2b3e-360b-4bf9-859c-5118db1a7fff,20,5.0,,,,12.17,8.76,10.48,10.21,12.16,4.88
2025-12-17T02:41:07.801963,Recipe_B,ca4e2b3e-360b-4bf9-859c-5118db1a7fff,20,5.0,,,,7.56,6.68,11.92,9.92,9.67,10.39
2025-12-17T02:41:08.801963,Recipe_B,ca4e2b3e-360b-4bf9-859c-5118db1a7fff,20,5.0,,,,9.53,9.75,12.16,6.86,10.0,10.16
2025-12-17T02:41:09.801963,Recipe_B,ca4e2b3e-360b-4bf9-859c-5118db1a7fff,20,0.0,,,,0.0,0.0,0.0,0.0,0.0,0.0
2025-12-17T02:41:10.801963,Recipe_B,ca4e2b3e-360b-4bf9-859c-5118db1a7fff,20,0.0,,,,0.0,0.0,0.0,0.0,0.0,0.0
2025-12-17T02:41:11.801963,Recipe_B,ca4e2b3e-360b-4bf9-859c-5118db1a7fff,20,0.0,,,,0.0,0.0,0.0,0.0,0.0,0.0
2025-12-17T02:41:12.801963,Recipe_B,ca4e2b3e-360b-4bf9-859c-5118db1a7fff,20,0.0,,,,0.0,0.0,0.0,0.0,0.0,0.0
2025-12-17T02:41:13.801963,Recipe_B,ca4e2b3e-360b-4bf9-859c-5118db1a7fff,20,0.0,,,,0.0,0.0,0.0,0.0,0.0,0.0
2025-12-17T02:41:14.801963,Recipe_B,ca4e2b3e-360b-4bf9-859c-5118db1a7fff,20,0.0,,,,0.0,0.0,0.0,0.0,0.0,0.0
2025-12-17T02:41:15.801963,Recipe_B,ca4e2b3e-360b-4bf9-859c-5118db1a7fff,20,0.0,,,,0.0,0.0,0.0,0.0,0.0,0.0
2025-12-17T02:41:16.801963,Recipe_B,ca4e2b3e-360b-4bf9-859c-5118db1a7fff,20,0.0,,,,0.0,0.0,0.0,0.0,0.0,0.0
2025-12-17T02:41:17.801963,Recipe_B,ca4e2b3e-360b-4bf9-859c-5118db1a7fff,20,0.0,,,,0.0,0.0,0.0,0.0,0.0,0.0
2025-12-17T02:41:18.801963,Recipe_B,ca4e2b3e-360b-4bf9-859c-5118db1a7fff,20,0.0,,,,0.0,0.0,0.0,0.0,0.0,0.0
2025-12-17T02:41:19.801963,Recipe_B,ca4e2b3e-360b-4bf9-859c-5118db1a7fff,20,0.0,,,,0.0,0.0,0.0,0.0,0.0,0.0
2025-12-17T02:41:20.801963,Recipe_B,ca4e2b3e-360b-4bf9-859c-5118db1a7fff,20,0.0,,,,0.0,0.0,0.0,0.0,0.0,0.0
2025-12-17T02:41:21.801963,Recipe_B,ca4e2b3e-360b-4bf9-859c-5118db1a7fff,20,0.0,,,,0.0,0.0,0.0,0.0,0.0,0.0
2025-12-17T02:41:22.801963,Recipe_B,ca4e2b3e-360b-4bf9-859c-5118db1a7fff,20,0.0,,,,0.0,0.0,0.0,0.0,0.0,0.0
2025-12-17T02:41:23.801963,Recipe_B,ca4e2b3e-360b-4bf9-859c-5118db1a7fff,20,0.0,,,,0.0,0.0,0.0,0.0,0.0,0.0
2025-12-17T02:41:24.801963,Recipe_B,ca4e2b3e-360b-4bf9-859c-5118db1a7fff,20,0.0,,,,0.0,0.0,0.0,0.0,0.0,0.0
2025-12-17T02:41:25.801963,Recipe_B,ca4e2b3e-360b-4bf9-859c-5118db1a7fff,20,0.0,,,,0.0,0.0,0.0,0.0,0.0,0.0
2025-12-17T02:41:26.801963,Recipe_B,ca4e2b3e-360b-4bf9-859c-5118db1a7fff,20,0.0,,,,0.0,0.0,0.0,0.0,0.0,0.0
2025-12-17T02:41:27.801963,Recipe_B,ca4e2b3e-360b-4bf9-859c-5118db1a7fff,20,0.0,,,,0.0,0.0,0.0,0.0,0.0,0.0
2025-12-17T02:41:28.801963,Recipe_B,ca4e2b3e-360b-4bf9-859c-5118db1a7fff,20,0.0,,,,0.0,0.0,0.0,0.0,0.0,0.0
2025-12-17T02:41:29.801963,Recipe_B,ca4e2b3e-360b-4bf9-859c-5118db1a7fff,20,0.0,,,,0.0,0.0,0.0,0.0,0.0,0.0
2025-12-17T02:41:30.801963,Recipe_B,ca4e2b3e-360b-4bf9-859c-5118db1a7fff,20,0.0,,,,0.0,0.0,0.0,0.0,0.0,0.0
2025-12-17T02:41:31.801963,Recipe_B,ca4e2b3e-360b-4bf9-859c-5118db1a7fff,20,0.0,,,,0.0,0.0,0.0,0.0,0.0,0.0
2025-12-17T02:41:32.801963,Recipe_B,ca4e2b3e-360b-4bf9-859c-5118db1a7fff,20,0.0,,,,0.0,0.0,0.0,0.0,0.0,0.0
2025-12-17T02:41:33.801963,Recipe_B,ca4e2b3e-360b-4bf9-859c-5118db1a7fff,20,0.0,,,,0.0,0.0,0.0,0.0,0.0,0.0
2025-12-17T02:41:34.801963,Recipe_B,ca4e2b3e-360b-4bf9-859c-5118db1a7fff,20,0.0,,,,0.0,0.0,0.0,0.0,0.0,0.0
2025-12-17T02:41:35.801963,Recipe_B,ca4e2b3e-360b-4bf9-859c-5118db1a7fff,20,0.0,,,,0.0,0.0,0.0,0.0,0.0,0.0
2025-12-17T02:41:36.801963,Recipe_B,ca4e2b3e-360b-4bf9-859c-5118db1a7fff,20,0.0,,,,0.0,0.0,0.0,0.0,0.0,0.0
2025-12-17T02:41:37.801963,Recipe_B,ca4e2b3e-360b-4bf9-859c-5118db1a7fff,20,0.0,,,,0.0,0.0,0.0,0.0,0.0,0.0
2025-12-17T02:41:38.801963,Recipe_B,ca4e2b3e-360b-4bf9-859c-5118db1a7fff,20,0.0,,,,0.0,0.0,0.0,0.0,0.0,0.0
2025-12-17T02:41:39.801963,Recipe_B,ca4e2b3e-360b-4bf9-859c-5118db1a7fff,20,0.0,,,,0.0,0.0,0.0,0.0,0.0,0.0
2025-12-17T02:41:40.801963,Recipe_B,ca4e2b3e-360b-4bf9-859c-5118db1a7fff,20,0.0,,,,0.0,0.0,0.0,0.0,0.0,0.0
2025-12-17T02:41:41.801963,Recipe_B,ca4e2b3e-360b-4bf9-859c-5118db1a7fff,20,0.0,,,,0.0,0.0,0.0,0.0,0.0,0.0
2025-12-17T02:41:42.801963,Recipe_B,ca4e2b3e-360b-4bf9-859c-5118db1a7fff,20,0.0,,,,0.0,0.0,0.0,0.0,0.0,0.0
2025-12-17T02:41:43.801963,Recipe_B,ca4e2b3e-360b-4bf9-859c-5118db1a7fff,20,0.0,,,,0.0,0.0,0.0,0.0,0.0,0.0
2025-12-17T02:41:44.801963,Recipe_B,ca4e2b3e-360b-4bf9-859c-5118db1a7fff,20,0.0,,,,0.0,0.0,0.0,0.0,0.0,0.0
2025-12-17T02:41:45.801963,Recipe_B,ca4e2b3e-360b-4bf9-859c-5118db1a7fff,20,0.0,,,,0.0,0.0,0.0,0.0,0.0,0.0
2025-12-17T02:41:46.801963,Recipe_B,ca4e2b3e-360b-4bf9-859c-5118db1a7fff,20,0.0,,,,0.0,0.0,0.0,0.0,0.0,0.0
2025-12-17T02:41:47.801963,Recipe_B,ca4e2b3e-360b-4bf9-859c-5118db1a7fff,20,0.0,,,,0.0,0.0,0.0,0.0,0.0,0.0
2025-12-17T02:41:48.801963,Recipe_B,ca4e2b3e-360b-4bf9-859c-5118db1a7fff,20,0.0,,,,0.0,0.0,0.0,0.0,0.0,0.0
2025-12-17T02:41:49.801963,Recipe_B,ca4e2b3e-360b-4bf9-859c-5118db1a7fff,20,0.0,,,,0.0,0.0,0.0,0.0,0.0,0.0
2025-12-17T02:41:50.801963,Recipe_B,ca4e2b3e-360b-4bf9-859c-5118db1a7fff,20,0.0,,,,0.0,0.0,0.0,0.0,0.0,0.0
2025-12-17T02:41:51.801963,Recipe_B,ca4e2b3e-360b-4bf9-859c-5118db1a7fff,20,0.0,,,,0.0,0.0,0.0,0.0,0.0,0.0
2025-12-17T02:41:52.801963,Recipe_B,ca4e2b3e-360b-4bf9-859c-5118db1a7fff,20,0.0,,,,0.0,0.0,0.0,0.0,0.0,0.0
2025-12-17T02:41:53.801963,Recipe_B,ca4e2b3e-360b-4bf9-859c-5118db1a7fff,20,0.0,,,,0.0,0.0,0.0,0.0,0.0,0.0
2025-12-17T02:41:54.801963,Recipe_B,ca4e2b3e-360b-4bf9-859c-5118db1a7fff,20,0.0,,,,0.0,0.0,0.0,0.0,0.0,0.0
2025-12-17T02:41:55.801963,Recipe_B,ca4e2b3e-360b-4bf9-859c-5118db1a7fff,20,2.0,,,,12.24,8.73,7.63,10.65,9.63,10.15
2025-12-17T02:41:56.801963,Recipe_B,ca4e2b3e-360b-4bf9-859c-5118db1a7fff,20,2.0,,,,7.62,11.8,7.19,6.33,11.1,10.79
2025-12-17T02:41:57.801963,Recipe_B,ca4e2b3e-360b-4bf9-859c-5118db1a7fff,20,2.0,,,,11.88,10.85,8.94,8.47,11.26,8.5
2025-12-17T02:41:58.801963,Recipe_B,ca4e2b3e-360b-4bf9-859c-5118db1a7fff,20,2.0,,,,9.53,9.48,11.38,5.45,7.59,7.0
2025-12-17T02:41:59.801963,Recipe_B,ca4e2b3e-360b-4bf9-859c-5118db1a7fff,20,2.0,,,,11.76,7.9,10.52,9.98,11.97,9.38
2025-12-17T02:42:00.801963,Recipe_B,ca4e2b3e-360b-4bf9-859c-5118db1a7fff,20,2.0,,,,8.53,9.47,9.47,5.88,10.35,11.26
2025-12-17T02:42:01.801963,Recipe_B,ca4e2b3e-360b-4bf9-859c-5118db1a7fff,20,2.0,,,,11.02,11.33,11.6,8.09,9.32,13.4
2025-12-17T02:42:02.801963,Recipe_B,ca4e2b3e-360b-4bf9-859c-5118db1a7fff,20,2.0,,,,10.3,11.64,9.17,8.17,9.13,12.2
2025-12-17T02:42:03.801963,Recipe_B,ca4e2b3e-360b-4bf9-859c-5118db1a7fff,20,2.0,,,,10.27,9.38,12.16,10.84,8.84,9.08
2025-12-17T02:42:04.801963,Recipe_B,ca4e2b3e-360b-4bf9-859c-5118db1a7fff,20,2.0,,,,7.75,10.18,12.93,12.37,10.31,12.09
2025-12-17T02:42:05.801963,Recipe_B,ca4e2b3e-360b-4bf9-859c-5118db1a7fff,20,2.0,,,,14.11,6.51,11.78,6.4,9.27,9.88
2025-12-17T02:42:06.801963,Recipe_B,ca4e2b3e-360b-4bf9-859c-5118db1a7fff,20,2.0,,,,8.97,9.28,10.98,7.59,9.07,8.05
2025-12-17T02:42:07.801963,Recipe_B,ca4e2b3e-360b-4bf9-859c-5118db1a7fff,20,2.0,,,,12.69,8.42,6.96,11.48,7.99,8.8
2025-12-17T02:42:08.801963,Recipe_B,ca4e2b3e-360b-4bf9-859c-5118db1a7fff,20,2.0,,,,10.63,9.29,8.26,5.62,10.65,13.55
2025-12-17T02:42:09.801963,Recipe_B,ca4e2b3e-360b-4bf9-859c-5118db1a7fff,20,2.0,,,,8.66,7.94,7.87,8.91,12.16,10.85
2025-12-17T02:42:10.801963,Recipe_B,ca4e2b3e-360b-4bf9-859c-5118db1a7fff,20,2.0,,,,12.57,6.28,11.07,9.98,10.76,10.31
2025-12-17T02:42:11.801963,Recipe_B,ca4e2b3e-360b-4bf9-859c-5118db1a7fff,20,2.0,,,,12.78,8.73,9.65,8.32,11.31,11.11
2025-12-17T02:42:12.801963,Recipe_B,ca4e2b3e-360b-4bf9-859c-5118db1a7fff,20,2.0,,,,10.79,14.68,7.14,14.8,9.65,10.13
2025-12-17T02:42:13.801963,Recipe_B,ca4e2b3e-360b-4bf9-859c-5118db1a7fff,20,2.0,,,,13.18,14.95,8.47,12.42,11.71,10.77
2025-12-17T02:42:14.801963,Recipe_B,ca4e2b3e-360b-4bf9-859c-5118db1a7fff,20,2.0,,,,11.67,10.27,5.85,13.5,12.77,8.85
2025-12-17T02:42:15.801963,Recipe_B,ca4e2b3e-360b-4bf9-859c-5118db1a7fff,20,2.0,,,,10.31,10.5,8.67,11.93,9.05,14.52
2025-12-17T02:42:16.801963,Recipe_B,ca4e2b3e-360b-4bf9-859c-5118db1a7fff,20,2.0,,,,8.4,12.45,8.46,12.35,14.51,13.1
2025-12-17T02:42:17.801963,Recipe_B,ca4e2b3e-360b-4bf9-859c-5118db1a7fff,20,2.0,,,,11.62,10.13,9.22,12.73,9.42,10.63
2025-12-17T02:42:18.801963,Recipe_B,ca4e2b3e-360b-4bf9-859c-5118db1a7fff,20,2.0,,,,7.07,13.39,12.21,11.33,9.1,10.65
2025-12-17T02:42:19.801963,Recipe_B,ca4e2b3e-360b-4bf9-859c-5118db1a7fff,20,2.0,,,,12.82,9.94,11.53,12.71,14.71,10.32
2025-12-17T02:42:20.801963,Recipe_B,ca4e2b3e-360b-4bf9-859c-5118db1a7fff,20,2.0,,,,9.65,11.57,10.78,7.72,13.44,6.6
2025-12-17T02:42:21.801963,Recipe_B,ca4e2b3e-360b-4bf9-859c-5118db1a7fff,20,2.0,,,,10.59,6.74,10.6,14.7,9.52,7.87
2025-12-17T02:42:22.801963,Recipe_B,ca4e2b3e-360b-4bf9-859c-5118db1a7fff,20,2.0,,,,10.32,9.03,10.15,8.84,9.68,10.16
2025-12-17T02:42:23.801963,Recipe_B,ca4e2b3e-360b-4bf9-859c-5118db1a7fff,20,2.0,,,,12.25,12.89,10.0,6.04,15.26,9.85
2025-12-17T02:42:24.801963,Recipe_B,ca4e2b3e-360b-4bf9-859c-5118db1a7fff,20,2.0,,,,7.08,12.51,7.96,11.29,9.87,7.75
2025-12-17T02:42:25.801963,Recipe_B,ca4e2b3e-360b-4bf9-859c-5118db1a7fff,20,2.0,,,,10.66,8.27,6.55,11.14,9.25,12.43
2025-12-17T02:42:26.801963,Recipe_B,ca4e2b3e-360b-4bf9-859c-5118db1a7fff,20,2.0,,,,9.67,9.26,11.15,9.24,9.51,10.08
2025-12-17T02:42:27.801963,Recipe_B,ca4e2b3e-360b-4bf9-859c-5118db1a7fff,20,2.0,,,,8.63,12.19,11.39,8.53,6.35,3.26
2025-12-17T02:42:28.801963,Recipe_B,ca4e2b3e-360b-4bf9-859c-5118db1a7fff,20,2.0,,,,11.24,9.51,11.89,10.74,10.57,11.1
2025-12-17T02:42:29.801963,Recipe_B,ca4e2b3e-360b-4bf9-859c-5118db1a7fff,20,2.0,,,,9.75,10.32,10.09,12.16,7.93,5.61
2025-12-17T02:42:30.801963,Recipe_B,ca4e2b3e-360b-4bf9-859c-5118db1a7fff,20,2.0,,,,9.98,7.31,9.2,7.61,6.22,11.45
2025-12-17T02:42:31.801963,Recipe_B,ca4e2b3e-360b-4bf9-859c-5118db1a7fff,20,5.0,,,,10.25,8.62,11.76,8.84,8.04,10.45
2025-12-17T02:42:32.801963,Recipe_B,ca4e2b3e-360b-4bf9-859c-5118db1a7fff,20,5.0,,,,12.08,11.44,7.94,10.64,10.91,8.59
2025-12-17T02:42:33.801963,Recipe_B,ca4e2b3e-360b-4bf9-859c-5118db1a7fff,20,5.0,,,,11.65,10.37,10.75,10.51,10.48,12.44
2025-12-17T02:42:33.801963,Recipe_B,ca4e2b3e-360b-4bf9-859c-5118db1a7fff,20,5.0,Error_4,Simulated Error occurred,Error,,,,,,
2025-12-17T02:42:34.801963,Recipe_B,ca4e2b3e-360b-4bf9-859c-5118db1a7fff,20,5.0,,,,8.72,6.46,12.52,12.51,12.52,10.61
2025-12-17T02:42:35.801963,Recipe_B,ca4e2b3e-360b-4bf9-859c-5118db1a7fff,20,5.0,,,,9.51,12.43,12.09,8.54,8.01,11.9
2025-12-17T02:42:36.801963,Recipe_B,ca4e2b3e-360b-4bf9-859c-5118db1a7fff,20,5.0,,,,11.47,10.28,9.76,13.87,9.98,8.35
2025-12-17T02:42:36.801963,Recipe_B,ca4e2b3e-360b-4bf9-859c-5118db1a7fff,20,5.0,Warning_2,Simulated Warning occurred,Warning,,,,,,
2025-12-17T02:42:37.801963,Recipe_B,ca4e2b3e-360b-4bf9-859c-5118db1a7fff,20,5.0,,,,8.7,8.51,7.27,9.71,11.56,10.68
2025-12-17T02:42:38.801963,Recipe_B,ca4e2b3e-360b-4bf9-859c-5118db1a7fff,20,5.0,,,,11.34,12.4,8.44,10.84,11.32,11.76
2025-12-17T02:42:39.801963,Recipe_B,ca4e2b3e-360b-4bf9-859c-5118db1a7fff,20,5.0,,,,10.32,11.85,9.26,10.23,14.82,8.61
2025-12-17T02:42:40.801963,Recipe_B,ca4e2b3e-360b-4bf9-859c-5118db1a7fff,20,5.0,,,,9.79,12.07,10.92,11.4,8.22,12.3
2025-12-17T02:42:41.801963,Recipe_B,ca4e2b3e-360b-4bf9-859c-5118db1a7fff,20,5.0,,,,8.84,10.39,7.37,9.89,8.68,8.34
2025-12-17T02:42:42.801963,Recipe_B,ca4e2b3e-360b-4bf9-859c-5118db1a7fff,20,5.0,,,,11.17,9.41,12.35,9.08,8.84,9.0
2025-12-17T02:42:43.801963,Recipe_B,ca4e2b3e-360b-4bf9-859c-5118db1a7fff,20,5.0,,,,12.9,9.76,12.11,8.94,9.75,10.06
2025-12-17T02:42:44.801963,Recipe_B,ca4e2b3e-360b-4bf9-859c-5118db1a7fff,20,5.0,,,,11.21,9.24,9.39,11.25,10.32,7.45
2025-12-17T02:42:45.801963,Recipe_B,ca4e2b3e-360b-4bf9-859c-5118db1a7fff,20,5.0,,,,10.03,12.61,10.3,13.68,12.45,7.57
2025-12-17T02:42:46.801963,Recipe_B,ca4e2b3e-360b-4bf9-859c-5118db1a7fff,20,5.0,,,,5.0,10.67,5.56,10.14,7.56,8.19
2025-12-17T02:42:47.801963,Recipe_B,ca4e2b3e-360b-4bf9-859c-5118db1a7fff,20,5.0,,,,11.36,10.22,12.4,12.03,6.66,8.29
2025-12-17T02:42:48.801963,Recipe_B,ca4e2b3e-360b-4bf9-859c-5118db1a7fff,20,1.0,,,,10.49,9.65,11.34,10.38,14.51,11.25
2025-12-17T02:42:49.801963,Recipe_B,ca4e2b3e-360b-4bf9-859c-5118db1a7fff,20,1.0,,,,10.28,9.82,12.13,9.32,9.26,11.89
2025-12-17T02:42:50.801963,Recipe_B,ca4e2b3e-360b-4bf9-859c-5118db1a7fff,20,1.0,,,,7.42,10.42,13.11,11.08,9.76,11.05
2025-12-17T02:42:51.801963,Recipe_B,ca4e2b3e-360b-4bf9-859c-5118db1a7fff,20,1.0,,,,11.87,3.93,10.27,12.69,9.58,11.1
2025-12-17T02:42:52.801963,Recipe_B,ca4e2b3e-360b-4bf9-859c-5118db1a7fff,20,1.0,,,,12.04,10.08,8.7,11.51,11.68,14.05
2025-12-17T02:42:53.801963,Recipe_B,ca4e2b3e-360b-4bf9-859c-5118db1a7fff,20,1.0,,,,10.06,9.81,7.84,11.62,13.11,8.22
2025-12-17T02:42:54.801963,Recipe_B,ca4e2b3e-360b-4bf9-859c-5118db1a7fff,20,1.0,,,,8.36,13.96,14.35,12.69,12.15,12.62
2025-12-17T02:42:55.801963,Recipe_B,ca4e2b3e-360b-4bf9-859c-5118db1a7fff,20,1.0,,,,6.34,11.48,8.77,8.46,9.15,7.13
2025-12-17T02:42:56.801963,Recipe_B,ca4e2b3e-360b-4bf9-859c-5118db1a7fff,20,1.0,,,,13.05,10.01,13.17,11.87,10.12,9.76
2025-12-17T02:42:57.801963,Recipe_B,ca4e2b3e-360b-4bf9-859c-5118db1a7fff,20,1.0,,,,9.69,9.07,8.04,7.65,11.56,9.02
2025-12-17T02:42:58.801963,Recipe_B,ca4e2b3e-360b-4bf9-859c-5118db1a7fff,20,1.0,,,,12.81,7.62,9.35,9.14,10.8,13.33
2025-12-17T02:42:59.801963,Recipe_B,ca4e2b3e-360b-4bf9-859c-5118db1a7fff,20,1.0,,,,8.68,8.08,8.38,11.8,6.21,8.65
2025-12-17T02:43:00.801963,Recipe_B,ca4e2b3e-360b-4bf9-859c-5118db1a7fff,20,1.0,,,,9.68,12.0,10.41,11.22,10.76,6.61
2025-12-17T02:43:01.801963,Recipe_B,ca4e2b3e-360b-4bf9-859c-5118db1a7fff,20,1.0,,,,10.11,7.04,5.88,9.8,7.79,13.9
2025-12-17T02:43:02.801963,Recipe_B,ca4e2b3e-360b-4bf9-859c-5118db1a7fff,20,1.0,,,,10.54,13.17,7.84,12.48,10.6,9.89
2025-12-17T02:43:03.801963,Recipe_B,ca4e2b3e-360b-4bf9-859c-5118db1a7fff,20,1.0,,,,9.26,9.96,10.3,9.45,8.88,6.5
2025-12-17T02:43:04.801963,Recipe_B,ca4e2b3e-360b-4bf9-859c-5118db1a7fff,20,1.0,,,,8.7,9.93,10.79,10.27,14.97,11.45
2025-12-17T02:43:05.801963,Recipe_B,ca4e2b3e-360b-4bf9-859c-5118db1a7fff,20,1.0,,,,11.09,9.34,12.33,12.37,7.34,13.74
2025-12-17T02:43:06.801963,Recipe_B,ca4e2b3e-360b-4bf9-859c-5118db1a7fff,20,1.0,,,,14.46,9.73,8.17,9.75,6.95,5.55
2025-12-17T02:43:07.801963,Recipe_B,ca4e2b3e-360b-4bf9-859c-5118db1a7fff,20,4.0,,,,91.43,55.51,47.57,41.86,45.13,45.84
2025-12-17T02:43:08.801963,Recipe_B,ca4e2b3e-360b-4bf9-859c-5118db1a7fff,20,4.0,,,,105.07,56.29,50.75,41.59,43.13,42.55
2025-12-17T02:43:09.801963,Recipe_B,ca4e2b3e-360b-4bf9-859c-5118db1a7fff,20,4.0,,,,101.13,45.77,44.22,54.49,44.81,49.99
2025-12-17T02:43:10.801963,Recipe_B,ca4e2b3e-360b-4bf9-859c-5118db1a7fff,20,4.0,,,,93.48,48.19,61.16,42.44,48.73,54.12
2025-12-17T02:43:10.801963,Recipe_B,ca4e2b3e-360b-4bf9-859c-5118db1a7fff,20,4.0,Error_1,Simulated Error occurred,Error,,,,,,
2025-12-17T02:43:11.801963,Recipe_B,ca4e2b3e-360b-4bf9-859c-5118db1a7fff,20,4.0,,,,99.67,48.34,48.06,44.3,44.15,47.35
2025-12-17T02:43:12.801963,Recipe_B,ca4e2b3e-360b-4bf9-859c-5118db1a7fff,20,4.0,,,,98.0,41.67,40.24,52.2,52.25,52.93
2025-12-17T02:43:13.801963,Recipe_B,ca4e2b3e-360b-4bf9-859c-5118db1a7fff,20,4.0,,,,92.04,44.96,39.14,40.95,46.06,58.25
2025-12-17T02:43:14.801963,Recipe_B,ca4e2b3e-360b-4bf9-859c-5118db1a7fff,20,4.0,,,,96.53,44.84,52.92,52.24,48.99,44.81
2025-12-17T02:43:15.801963,Recipe_B,ca4e2b3e-360b-4bf9-859c-5118db1a7fff,20,4.0,,,,92.71,50.06,54.86,47.33,45.21,55.97
2025-12-17T02:43:16.801963,Recipe_B,ca4e2b3e-360b-4bf9-859c-5118db1a7fff,20,4.0,,,,103.38,49.52,48.07,46.76,50.86,50.34
2025-12-17T02:43:17.801963,Recipe_B,ca4e2b3e-360b-4bf9-859c-5118db1a7fff,20,4.0,,,,99.64,48.57,49.18,49.23,46.67,55.09
2025-12-17T02:43:18.801963,Recipe_B,ca4e2b3e-360b-4bf9-859c-5118db1a7fff,20,4.0,,,,99.9,55.02,52.84,57.86,51.61,43.34
2025-12-17T02:43:19.801963,Recipe_B,ca4e2b3e-360b-4bf9-859c-5118db1a7fff,20,4.0,,,,103.57,48.94,52.28,55.66,39.33,41.65
2025-12-17T02:43:20.801963,Recipe_B,ca4e2b3e-360b-4bf9-859c-5118db1a7fff,20,4.0,,,,95.33,50.07,55.53,49.47,53.47,43.38
2025-12-17T02:43:21.801963,Recipe_B,ca4e2b3e-360b-4bf9-859c-5118db1a7fff,20,4.0,,,,98.3,46.89,48.04,52.98,45.87,48.12
2025-12-17T02:43:22.801963,Recipe_B,ca4e2b3e-360b-4bf9-859c-5118db1a7fff,20,4.0,,,,96.99,42.02,47.96,44.27,49.53,55.25
2025-12-17T02:43:23.801963,Recipe_B,ca4e2b3e-360b-4bf9-859c-5118db1a7fff,20,4.0,,,,106.8,43.46,59.11,50.99,45.54,46.73
2025-12-17T02:43:24.801963,Recipe_B,ca4e2b3e-360b-4bf9-859c-5118db1a7fff,20,4.0,,,,103.68,46.57,56.89,43.13,48.5,49.41
2025-12-17T02:43:25.801963,Recipe_B,ca4e2b3e-360b-4bf9-859c-5118db1a7fff,20,4.0,,,,97.68,52.09,44.54,54.76,42.57,41.7
2025-12-17T02:43:26.801963,Recipe_B,ca4e2b3e-360b-4bf9-859c-5118db1a7fff,20,4.0,,,,100.19,55.7,51.01,47.91,55.53,41.95
2025-12-17T02:43:27.801963,Recipe_B,ca4e2b3e-360b-4bf9-859c-5118db1a7fff,20,4.0,,,,100.51,49.16,54.52,47.77,47.19,43.04
2025-12-17T02:43:28.801963,Recipe_B,ca4e2b3e-360b-4bf9-859c-5118db1a7fff,20,4.0,,,,102.42,43.93,53.28,48.94,56.88,52.77
2025-12-17T02:43:29.801963,Recipe_B,ca4e2b3e-360b-4bf9-859c-5118db1a7fff,20,4.0,,,,95.19,48.04,48.75,47.84,55.48,46.55
2025-12-17T02:43:30.801963,Recipe_B,ca4e2b3e-360b-4bf9-859c-5118db1a7fff,20,4.0,,,,98.54,47.0,46.31,51.75,56.31,49.91
2025-12-17T02:43:31.801963,Recipe_B,ca4e2b3e-360b-4bf9-859c-5118db1a7fff,20,4.0,,,,109.62,51.65,56.04,45.62,57.68,43.73
2025-12-17T02:43:32.801963,Recipe_B,ca4e2b3e-360b-4bf9-859c-5118db1a7fff,20,4.0,,,,102.74,48.99,49.17,56.61,53.98,44.17
2025-12-17T02:43:33.801963,Recipe_B,ca4e2b3e-360b-4bf9-859c-5118db1a7fff,20,4.0,,,,107.48,51.91,48.09,51.93,49.86,51.28
2025-12-17T02:43:34.801963,Recipe_B,ca4e2b3e-360b-4bf9-859c-5118db1a7fff,20,4.0,,,,103.21,48.72,48.32,53.65,51.1,57.94
2025-12-17T02:43:35.801963,Recipe_B,ca4e2b3e-360b-4bf9-859c-5118db1a7fff,20,4.0,,,,105.26,43.59,48.22,36.23,57.68,47.34
2025-12-17T02:43:36.801963,Recipe_B,ca4e2b3e-360b-4bf9-859c-5118db1a7fff,20,4.0,,,,95.41,55.51,49.61,45.39,44.37,38.15
2025-12-17T02:43:37.801963,Recipe_B,ca4e2b3e-360b-4bf9-859c-5118db1a7fff,20,4.0,,,,96.79,52.14,52.62,47.14,53.05,44.32
2025-12-17T02:43:38.801963,Recipe_B,ca4e2b3e-360b-4bf9-859c-5118db1a7fff,20,4.0,,,,107.27,52.06,37.43,49.38,48.87,52.24
2025-12-17T02:43:39.801963,Recipe_B,ca4e2b3e-360b-4bf9-859c-5118db1a7fff,20,4.0,,,,98.69,55.42,44.3,56.63,38.87,57.07
2025-12-17T02:43:40.801963,Recipe_B,ca4e2b3e-360b-4bf9-859c-5118db1a7fff,20,4.0,,,,97.46,51.39,52.34,47.32,46.84,52.21
2025-12-17T02:43:41.801963,Recipe_B,ca4e2b3e-360b-4bf9-859c-5118db1a7fff,20,4.0,,,,97.8,52.42,50.92,48.58,45.12,50.08
2025-12-17T02:43:42.801963,Recipe_B,ca4e2b3e-360b-4bf9-859c-5118db1a7fff,20,4.0,,,,97.75,47.42,50.18,49.07,51.25,43.08
2025-12-17T02:43:43.801963,Recipe_B,ca4e2b3e-360b-4bf9-859c-5118db1a7fff,20,4.0,,,,100.73,45.21,47.24,42.15,55.42,54.02
2025-12-17T02:43:44.801963,Recipe_B,ca4e2b3e-360b-4bf9-859c-5118db1a7fff,20,4.0,,,,96.7,49.21,43.53,52.46,51.51,50.78
2025-12-17T02:43:45.801963,Recipe_B,ca4e2b3e-360b-4bf9-859c-5118db1a7fff,20,4.0,,,,93.59,44.41,55.4,52.67,62.71,55.03
2025-12-17T02:43:46.801963,Recipe_B,ca4e2b3e-360b-4bf9-859c-5118db1a7fff,20,4.0,,,,100.16,48.37,52.94,52.91,50.05,43.71
2025-12-17T02:43:47.801963,Recipe_B,ca4e2b3e-360b-4bf9-859c-5118db1a7fff,20,4.0,,,,99.36,52.89,51.11,43.09,52.63,48.77
2025-12-17T02:43:48.801963,Recipe_B,ca4e2b3e-360b-4bf9-859c-5118db1a7fff,20,4.0,,,,114.26,39.46,43.74,49.34,43.82,42.94
2025-12-17T02:43:49.801963,Recipe_B,ca4e2b3e-360b-4bf9-859c-5118db1a7fff,20,4.0,,,,92.11,51.51,43.17,45.81,54.59,47.22
2025-12-17T02:43:50.801963,Recipe_B,ca4e2b3e-360b-4bf9-859c-5118db1a7fff,20,4.0,,,,98.63,67.12,49.89,44.77,50.02,59.83
2025-12-17T02:43:51.801963,Recipe_B,ca4e2b3e-360b-4bf9-859c-5118db1a7fff,20,4.0,,,,106.88,53.3,56.19,43.43,48.49,51.62
2025-12-17T02:43:52.801963,Recipe_B,ca4e2b3e-360b-4bf9-859c-5118db1a7fff,20,4.0,,,,103.2,59.25,50.99,41.02,46.75,40.01
2025-12-17T02:43:53.801963,Recipe_B,ca4e2b3e-360b-4bf9-859c-5118db1a7fff,20,4.0,,,,108.9,54.04,42.95,53.3,52.76,52.88
2025-12-17T02:43:54.801963,Recipe_B,ca4e2b3e-360b-4bf9-859c-5118db1a7fff,20,4.0,,,,95.04,55.5,46.3,54.13,44.5,44.6
2025-12-17T02:43:55.801963,Recipe_B,ca4e2b3e-360b-4bf9-859c-5118db1a7fff,20,4.0,,,,108.58,41.79,41.77,51.27,50.79,44.41
2025-12-17T02:43:56.801963,Recipe_B,ca4e2b3e-360b-4bf9-859c-5118db1a7fff,20,4.0,,,,106.61,55.99,45.56,53.45,48.39,48.2
2025-12-17T02:43:57.801963,Recipe_B,ca4e2b3e-360b-4bf9-859c-5118db1a7fff,20,4.0,,,,103.91,50.53,54.22,60.37,54.57,47.11
2025-12-17T02:43:58.801963,Recipe_B,ca4e2b3e-360b-4bf9-859c-5118db1a7fff,20,4.0,,,,105.49,49.28,53.91,48.22,53.29,42.88
2025-12-17T02:43:59.801963,Recipe_B,ca4e2b3e-360b-4bf9-859c-5118db1a7fff,20,4.0,,,,99.68,52.92,51.69,54.58,50.97,51.75
2025-12-17T02:44:00.801963,Recipe_B,ca4e2b3e-360b-4bf9-859c-5118db1a7fff,20,4.0,,,,109.97,50.72,40.82,52.73,48.9,55.19
2025-12-17T02:44:01.801963,Recipe_B,ca4e2b3e-360b-4bf9-859c-5118db1a7fff,20,4.0,,,,105.26,45.73,45.47,56.03,46.01,41.93
2025-12-17T02:44:02.801963,Recipe_B,ca4e2b3e-360b-4bf9-859c-5118db1a7fff,20,4.0,,,,100.5,52.98,58.38,52.39,44.53,52.53
2025-12-17T02:44:03.801963,Recipe_B,ca4e2b3e-360b-4bf9-859c-5118db1a7fff,20,4.0,,,,101.26,46.68,51.4,40.55,48.59,47.98
2025-12-17T02:44:04.801963,Recipe_B,ca4e2b3e-360b-4bf9-859c-5118db1a7fff,20,4.0,,,,93.21,53.32,54.77,60.73,53.97,44.25
2025-12-17T02:44:05.801963,Recipe_B,ca4e2b3e-360b-4bf9-859c-5118db1a7fff,20,4.0,,,,93.42,48.78,54.02,58.96,52.39,49.34
2025-12-17T02:44:06.801963,Recipe_B,ca4e2b3e-360b-4bf9-859c-5118db1a7fff,20,4.0,,,,108.97,49.52,44.02,54.34,57.55,45.79
2025-12-17T02:44:07.801963,Recipe_B,ca4e2b3e-360b-4bf9-859c-5118db1a7fff,20,4.0,,,,100.84,54.08,50.12,45.6,39.26,50.19
2025-12-17T02:44:08.801963,Recipe_B,ca4e2b3e-360b-4bf9-859c-5118db1a7fff,20,4.0,,,,103.7,50.17,52.13,54.77,57.1,54.86
2025-12-17T02:44:09.801963,Recipe_B,ca4e2b3e-360b-4bf9-859c-5118db1a7fff,20,4.0,,,,102.25,55.66,54.17,48.43,54.63,49.04
2025-12-17T02:44:10.801963,Recipe_B,ca4e2b3e-360b-4bf9-859c-5118db1a7fff,20,4.0,,,,107.53,56.7,48.4,56.68,41.27,46.5
2025-12-17T02:44:11.801963,Recipe_B,ca4e2b3e-360b-4bf9-859c-5118db1a7fff,20,4.0,,,,93.43,49.44,56.78,49.37,49.23,48.76
2025-12-17T02:44:12.801963,Recipe_B,ca4e2b3e-360b-4bf9-859c-5118db1a7fff,20,4.0,,,,96.96,49.43,51.14,46.15,54.68,52.39
2025-12-17T02:44:13.801963,Recipe_B,ca4e2b3e-360b-4bf9-859c-5118db1a7fff,20,4.0,,,,100.64,41.46,50.22,51.62,50.45,53.11
2025-12-17T02:44:13.801963,Recipe_B,ca4e2b3e-360b-4bf9-859c-5118db1a7fff,20,4.0,Warning_5,Simulated Warning occurred,Warning,,,,,,
2025-12-17T02:44:14.801963,Recipe_B,ca4e2b3e-360b-4bf9-859c-5118db1a7fff,20,4.0,,,,100.53,44.25,48.74,50.63,61.84,44.79
2025-12-17T02:44:15.801963,Recipe_B,ca4e2b3e-360b-4bf9-859c-5118db1a7fff,20,4.0,,,,94.46,53.72,43.08,61.3,45.72,53.03
2025-12-17T02:44:16.801963,Recipe_B,ca4e2b3e-360b-4bf9-859c-5118db1a7fff,20,4.0,,,,109.63,51.11,55.31,54.16,48.73,56.04
2025-12-17T02:44:17.801963,Recipe_B,ca4e2b3e-360b-4bf9-859c-5118db1a7fff,20,4.0,,,,99.98,49.59,49.95,39.57,39.98,52.9
2025-12-17T02:44:18.801963,Recipe_B,ca4e2b3e-360b-4bf9-859c-5118db1a7fff,20,4.0,,,,103.58,54.7,51.52,37.46,42.28,49.98
2025-12-17T02:44:19.801963,Recipe_B,ca4e2b3e-360b-4bf9-859c-5118db1a7fff,20,4.0,,,,102.3,55.44,49.21,52.63,49.88,42.99
2025-12-17T02:44:20.801963,Recipe_B,ca4e2b3e-360b-4bf9-859c-5118db1a7fff,20,4.0,,,,99.94,52.29,47.37,48.64,46.45,48.99
2025-12-17T02:44:21.801963,Recipe_B,ca4e2b3e-360b-4bf9-859c-5118db1a7fff,20,4.0,,,,105.41,57.52,50.99,48.62,49.42,51.38
2025-12-17T02:44:22.801963,Recipe_B,ca4e2b3e-360b-4bf9-859c-5118db1a7fff,20,4.0,,,,98.83,49.82,45.31,54.75,56.89,43.14
2025-12-17T02:44:23.801963,Recipe_B,ca4e2b3e-360b-4bf9-859c-5118db1a7fff,20,4.0,,,,98.81,46.15,50.7,44.56,58.13,57.79
2025-12-17T02:44:24.801963,Recipe_B,ca4e2b3e-360b-4bf9-859c-5118db1a7fff,20,4.0,,,,98.83,38.92,45.52,47.39,47.96,55.03
2025-12-17T02:44:25.801963,Recipe_B,ca4e2b3e-360b-4bf9-859c-5118db1a7fff,20,4.0,,,,99.45,57.03,42.95,43.8,53.75,50.23
2025-12-17T02:44:26.801963,Recipe_B,ca4e2b3e-360b-4bf9-859c-5118db1a7fff,20,4.0,,,,103.53,52.69,48.92,54.02,52.98,48.22
2025-12-17T02:44:27.801963,Recipe_B,ca4e2b3e-360b-4bf9-859c-5118db1a7fff,20,4.0,,,,105.29,53.85,55.06,51.94,55.56,47.91
2025-12-17T02:44:28.801963,Recipe_B,ca4e2b3e-360b-4bf9-859c-5118db1a7fff,20,4.0,,,,103.98,43.57,45.98,47.52,47.22,53.97
2025-12-17T02:44:29.801963,Recipe_B,ca4e2b3e-360b-4bf9-859c-5118db1a7fff,20,4.0,,,,98.37,59.47,55.99,46.78,55.37,51.88
2025-12-17T02:44:30.801963,Recipe_B,ca4e2b3e-360b-4bf9-859c-5118db1a7fff,20,4.0,,,,93.75,53.52,55.0,45.93,49.13,57.68
2025-12-17T02:44:31.801963,Recipe_B,ca4e2b3e-360b-4bf9-859c-5118db1a7fff,20,4.0,,,,101.37,48.64,51.78,41.64,50.51,54.62
2025-12-17T02:44:32.801963,Recipe_B,ca4e2b3e-360b-4bf9-859c-5118db1a7fff,20,4.0,,,,101.08,50.43,50.35,46.82,57.34,55.54
2025-12-17T02:44:33.801963,Recipe_B,ca4e2b3e-360b-4bf9-859c-5118db1a7fff,20,4.0,,,,95.65,53.96,47.27,41.99,53.32,58.73
2025-12-17T02:44:34.801963,Recipe_B,ca4e2b3e-360b-4bf9-859c-5118db1a7fff,20,4.0,,,,98.01,48.73,53.91,44.19,48.71,50.9
2025-12-17T02:44:35.801963,Recipe_B,ca4e2b3e-360b-4bf9-859c-5118db1a7fff,20,4.0,,,,94.19,52.22,53.07,54.3,60.09,53.63
2025-12-17T02:44:36.801963,Recipe_B,ca4e2b3e-360b-4bf9-859c-5118db1a7fff,20,4.0,,,,103.72,46.25,51.22,52.96,52.25,49.05
2025-12-17T02:44:37.801963,Recipe_B,ca4e2b3e-360b-4bf9-859c-5118db1a7fff,20,4.0,,,,99.61,56.43,48.89,53.51,51.47,44.87
2025-12-17T02:44:38.801963,Recipe_B,ca4e2b3e-360b-4bf9-859c-5118db1a7fff,20,4.0,,,,90.02,58.86,54.41,39.23,43.17,52.76
2025-12-17T02:44:39.801963,Recipe_B,ca4e2b3e-360b-4bf9-859c-5118db1a7fff,20,4.0,,,,99.83,49.12,41.21,52.01,53.61,39.94
2025-12-17T02:44:40.801963,Recipe_B,ca4e2b3e-360b-4bf9-859c-5118db1a7fff,20,4.0,,,,98.71,47.56,48.91,50.08,50.23,49.94
2025-12-17T02:44:41.801963,Recipe_B,ca4e2b3e-360b-4bf9-859c-5118db1a7fff,20,4.0,,,,95.14,50.25,56.16,55.8,49.42,38.39
2025-12-17T02:44:42.801963,Recipe_B,ca4e2b3e-360b-4bf9-859c-5118db1a7fff,20,4.0,,,,94.37,45.81,44.06,53.81,49.14,47.4
2025-12-17T02:44:43.801963,Recipe_B,ca4e2b3e-360b-4bf9-859c-5118db1a7fff,20,4.0,,,,95.08,58.35,57.62,54.7,51.31,52.21
2025-12-17T02:44:44.801963,Recipe_B,ca4e2b3e-360b-4bf9-859c-5118db1a7fff,20,4.0,,,,104.65,49.34,53.83,57.7,47.0,49.01
2025-12-17T02:44:45.801963,Recipe_B,ca4e2b3e-360b-4bf9-859c-5118db1a7fff,20,4.0,,,,105.37,49.85,54.5,42.48,53.65,40.45
2025-12-17T02:44:46.801963,Recipe_B,ca4e2b3e-360b-4bf9-859c-5118db1a7fff,20,4.0,,,,99.15,44.81,46.69,46.91,52.9,54.83
2025-12-17T02:44:47.801963,Recipe_B,ca4e2b3e-360b-4bf9-859c-5118db1a7fff,20,4.0,,,,104.31,46.32,47.43,50.6,49.25,49.75
2025-12-17T02:44:48.801963,Recipe_B,ca4e2b3e-360b-4bf9-859c-5118db1a7fff,20,4.0,,,,103.44,55.4,53.19,50.61,44.52,55.83
2025-12-17T02:44:49.801963,Recipe_B,ca4e2b3e-360b-4bf9-859c-5118db1a7fff,20,4.0,,,,98.83,55.25,51.67,44.73,55.97,59.21
2025-12-17T02:44:50.801963,Recipe_B,ca4e2b3e-360b-4bf9-859c-5118db1a7fff,20,4.0,,,,99.08,52.57,45.33,49.51,45.7,51.19
2025-12-17T02:44:51.801963,Recipe_B,ca4e2b3e-360b-4bf9-859c-5118db1a7fff,20,4.0,,,,100.7,53.96,42.64,47.09,47.53,51.87
2025-12-17T02:44:52.801963,Recipe_B,ca4e2b3e-360b-4bf9-859c-5118db1a7fff,20,4.0,,,,100.59,43.37,41.54,50.6,39.55,53.17
2025-12-17T02:44:53.801963,Recipe_B,ca4e2b3e-360b-4bf9-859c-5118db1a7fff,20,4.0,,,,106.36,56.75,52.08,56.35,46.08,44.3
2025-12-17T02:44:54.801963,Recipe_B,ca4e2b3e-360b-4bf9-859c-5118db1a7fff,20,4.0,,,,104.63,52.83,45.05,48.68,51.71,46.9
2025-12-17T02:44:55.801963,Recipe_B,ca4e2b3e-360b-4bf9-859c-5118db1a7fff,20,4.0,,,,102.92,47.68,48.61,49.13,55.6,47.37
2025-12-17T02:44:56.801963,Recipe_B,ca4e2b3e-360b-4bf9-859c-5118db1a7fff,20,4.0,,,,110.65,47.91,48.17,47.77,50.61,47.39
2025-12-17T02:44:57.801963,Recipe_B,ca4e2b3e-360b-4bf9-859c-5118db1a7fff,20,4.0,,,,99.49,54.57,49.41,55.49,54.0,46.52
2025-12-17T02:44:58.801963,Recipe_B,ca4e2b3e-360b-4bf9-859c-5118db1a7fff,20,4.0,,,,96.36,44.6,52.99,52.22,51.45,47.01
2025-12-17T02:44:59.801963,Recipe_B,ca4e2b3e-360b-4bf9-859c-5118db1a7fff,20,4.0,,,,98.03,52.18,43.52,52.21,55.4,44.09
2025-12-17T02:45:00.801963,Recipe_B,ca4e2b3e-360b-4bf9-859c-5118db1a7fff,20,4.0,,,,100.41,52.87,49.6,57.08,44.24,51.52
2025-12-17T02:45:01.801963,Recipe_B,ca4e2b3e-360b-4bf9-859c-5118db1a7fff,20,4.0,,,,97.73,47.01,53.88,33.42,53.49,55.25
2025-12-17T02:45:02.801963,Recipe_B,ca4e2b3e-360b-4bf9-859c-5118db1a7fff,20,4.0,,,,98.62,43.17,50.47,47.65,52.28,48.12
2025-12-17T02:45:03.801963,Recipe_B,ca4e2b3e-360b-4bf9-859c-5118db1a7fff,20,4.0,,,,100.61,48.06,60.96,51.27,48.97,49.3
2025-12-17T02:45:04.801963,Recipe_B,ca4e2b3e-360b-4bf9-859c-5118db1a7fff,20,4.0,,,,105.8,52.89,38.87,43.56,42.53,47.47
2025-12-17T02:45:05.801963,Recipe_B,ca4e2b3e-360b-4bf9-859c-5118db1a7fff,20,4.0,,,,94.02,49.43,49.76,57.2,53.47,47.55
2025-12-17T02:45:06.801963,Recipe_B,ca4e2b3e-360b-4bf9-859c-5118db1a7fff,20,4.0,,,,102.92,52.21,53.51,49.89,47.15,52.64
2025-12-17T02:45:07.801963,Recipe_B,ca4e2b3e-360b-4bf9-859c-5118db1a7fff,20,4.0,,,,100.83,45.03,47.64,52.73,50.08,48.15
2025-12-17T02:45:08.801963,Recipe_B,ca4e2b3e-360b-4bf9-859c-5118db1a7fff,20,4.0,,,,100.68,57.81,55.96,50.72,58.39,48.0
2025-12-17T02:45:09.801963,Recipe_B,ca4e2b3e-360b-4bf9-859c-5118db1a7fff,20,4.0,,,,100.82,53.12,52.06,60.01,42.99,48.83
2025-12-17T02:45:10.801963,Recipe_B,ca4e2b3e-360b-4bf9-859c-5118db1a7fff,20,4.0,,,,104.05,45.76,45.46,42.84,42.84,56.83
2025-12-17T02:45:11.801963,Recipe_B,ca4e2b3e-360b-4bf9-859c-5118db1a7fff,20,4.0,,,,97.23,48.88,47.32,44.25,52.83,49.4
2025-12-17T02:45:12.801963,Recipe_B,ca4e2b3e-360b-4bf9-859c-5118db1a7fff,20,4.0,,,,99.61,59.59,45.56,52.9,55.88,55.47
2025-12-17T02:45:13.801963,Recipe_B,ca4e2b3e-360b-4bf9-859c-5118db1a7fff,20,4.0,,,,104.83,55.01,51.28,59.11,56.19,51.61
2025-12-17T02:45:14.801963,Recipe_B,ca4e2b3e-360b-4bf9-859c-5118db1a7fff,20,4.0,,,,105.68,46.54,46.63,55.34,46.98,50.25
2025-12-17T02:45:15.801963,Recipe_B,ca4e2b3e-360b-4bf9-859c-5118db1a7fff,20,4.0,,,,100.8,47.22,52.58,43.18,46.68,48.87
2025-12-17T02:45:16.801963,Recipe_B,ca4e2b3e-360b-4bf9-859c-5118db1a7fff,20,4.0,,,,101.86,44.08,52.93,51.66,48.0,54.7
2025-12-17T02:45:17.801963,Recipe_B,ca4e2b3e-360b-4bf9-859c-5118db1a7fff,20,4.0,,,,111.1,48.46,49.07,38.94,47.89,48.81
2025-12-17T02:45:18.801963,Recipe_B,ca4e2b3e-360b-4bf9-859c-5118db1a7fff,20,4.0,,,,97.71,50.6,51.86,43.98,56.75,43.76
2025-12-17T02:45:19.801963,Recipe_B,ca4e2b3e-360b-4bf9-859c-5118db1a7fff,20,4.0,,,,102.81,39.4,48.18,45.08,51.1,50.11
2025-12-17T02:45:20.801963,Recipe_B,ca4e2b3e-360b-4bf9-859c-5118db1a7fff,20,4.0,,,,91.35,54.25,40.15,38.39,53.36,51.26
2025-12-17T02:45:21.801963,Recipe_B,ca4e2b3e-360b-4bf9-859c-5118db1a7fff,20,4.0,,,,97.22,46.37,50.43,48.73,48.07,39.66
2025-12-17T02:45:22.801963,Recipe_B,ca4e2b3e-360b-4bf9-859c-5118db1a7fff,20,4.0,,,,100.67,52.05,43.32,49.51,46.79,40.93
2025-12-17T02:45:23.801963,Recipe_B,ca4e2b3e-360b-4bf9-859c-5118db1a7fff,20,4.0,,,,104.94,50.91,47.41,49.32,53.12,46.07
2025-12-17T02:45:24.801963,Recipe_B,ca4e2b3e-360b-4bf9-859c-5118db1a7fff,20,4.0,,,,102.74,42.83,47.34,51.26,45.56,44.75
2025-12-17T02:45:25.801963,Recipe_B,ca4e2b3e-360b-4bf9-859c-5118db1a7fff,20,4.0,,,,94.06,48.46,45.45,61.9,44.54,43.56
2025-12-17T02:45:26.801963,Recipe_B,ca4e2b3e-360b-4bf9-859c-5118db1a7fff,20,4.0,,,,105.31,42.81,46.25,50.06,51.6,51.13
2025-12-17T02:45:27.801963,Recipe_B,ca4e2b3e-360b-4bf9-859c-5118db1a7fff,20,4.0,,,,107.58,55.93,50.63,52.19,52.13,47.74
2025-12-17T02:45:28.801963,Recipe_B,ca4e2b3e-360b-4bf9-859c-5118db1a7fff,20,4.0,,,,99.7,46.94,56.99,62.96,53.21,54.15
2025-12-17T02:45:29.801963,Recipe_B,ca4e2b3e-360b-4bf9-859c-5118db1a7fff,20,4.0,,,,104.59,52.85,41.89,48.79,52.95,51.09
2025-12-17T02:45:30.801963,Recipe_B,ca4e2b3e-360b-4bf9-859c-5118db1a7fff,20,4.0,,,,109.16,56.99,63.09,52.37,49.53,59.05
2025-12-17T02:45:31.801963,Recipe_B,ca4e2b3e-360b-4bf9-859c-5118db1a7fff,20,4.0,,,,100.36,52.45,49.95,56.42,51.56,55.4
2025-12-17T02:45:32.801963,Recipe_B,ca4e2b3e-360b-4bf9-859c-5118db1a7fff,20,4.0,,,,105.97,53.81,50.9,52.47,47.43,54.05
2025-12-17T02:45:33.801963,Recipe_B,ca4e2b3e-360b-4bf9-859c-5118db1a7fff,20,4.0,,,,112.8,46.69,52.49,50.75,50.13,49.65
2025-12-17T02:45:34.801963,Recipe_B,ca4e2b3e-360b-4bf9-859c-5118db1a7fff,20,4.0,,,,103.9,45.52,48.51,54.31,55.2,49.91
2025-12-17T02:45:35.801963,Recipe_B,ca4e2b3e-360b-4bf9-859c-5118db1a7fff,20,4.0,,,,101.3,41.52,43.71,53.76,44.06,53.18
2025-12-17T02:45:36.801963,Recipe_B,ca4e2b3e-360b-4bf9-859c-5118db1a7fff,20,4.0,,,,94.34,54.51,40.43,63.37,45.3,52.95
2025-12-17T02:45:37.801963,Recipe_B,ca4e2b3e-360b-4bf9-859c-5118db1a7fff,20,4.0,,,,93.99,62.59,49.18,51.25,47.73,47.16
2025-12-17T02:45:38.801963,Recipe_B,ca4e2b3e-360b-4bf9-859c-5118db1a7fff,20,4.0,,,,100.17,57.91,47.06,52.42,56.63,49.16
2025-12-17T02:45:39.801963,Recipe_B,ca4e2b3e-360b-4bf9-859c-5118db1a7fff,20,4.0,,,,98.88,52.1,51.52,40.43,50.15,56.2
2025-12-17T02:45:40.801963,Recipe_B,ca4e2b3e-360b-4bf9-859c-5118db1a7fff,20,5.0,,,,10.27,10.76,7.93,7.13,8.92,13.28
2025-12-17T02:45:41.801963,Recipe_B,ca4e2b3e-360b-4bf9-859c-5118db1a7fff,20,5.0,,,,13.69,11.4,8.76,12.85,9.87,9.26
2025-12-17T02:45:42.801963,Recipe_B,ca4e2b3e-360b-4bf9-859c-5118db1a7fff,20,5.0,,,,7.87,8.55,8.38,10.99,10.9,11.06
2025-12-17T02:45:43.801963,Recipe_B,ca4e2b3e-360b-4bf9-859c-5118db1a7fff,20,5.0,,,,13.73,11.99,8.65,11.6,9.78,6.96
2025-12-17T02:45:44.801963,Recipe_B,ca4e2b3e-360b-4bf9-859c-5118db1a7fff,20,5.0,,,,10.59,8.19,10.64,11.97,11.17,8.89
2025-12-17T02:45:45.801963,Recipe_B,ca4e2b3e-360b-4bf9-859c-5118db1a7fff,20,2.0,,,,10.19,9.38,13.15,10.37,9.11,14.61
2025-12-17T02:45:46.801963,Recipe_B,ca4e2b3e-360b-4bf9-859c-5118db1a7fff,20,2.0,,,,10.57,5.72,11.36,9.27,11.04,9.17
2025-12-17T02:45:47.801963,Recipe_B,ca4e2b3e-360b-4bf9-859c-5118db1a7fff,20,2.0,,,,7.79,7.37,8.93,11.03,10.36,11.71
2025-12-17T02:45:48.801963,Recipe_B,ca4e2b3e-360b-4bf9-859c-5118db1a7fff,20,2.0,,,,11.75,10.25,9.62,9.16,10.96,9.99
2025-12-17T02:45:49.801963,Recipe_B,ca4e2b3e-360b-4bf9-859c-5118db1a7fff,20,2.0,,,,9.23,7.0,9.33,11.3,11.88,8.46
2025-12-17T02:45:50.801963,Recipe_B,ca4e2b3e-360b-4bf9-859c-5118db1a7fff,20,2.0,,,,10.64,11.9,12.44,12.68,5.66,10.81
2025-12-17T02:45:51.801963,Recipe_B,ca4e2b3e-360b-4bf9-859c-5118db1a7fff,20,2.0,,,,10.7,9.83,13.73,9.95,8.07,8.1
2025-12-17T02:45:52.801963,Recipe_B,ca4e2b3e-360b-4bf9-859c-5118db1a7fff,20,2.0,,,,10.11,12.04,12.4,11.37,5.47,9.4
2025-12-17T02:45:52.801963,Recipe_B,ca4e2b3e-360b-4bf9-859c-5118db1a7fff,20,2.0,Warning_9,Simulated Warning occurred,Warning,,,,,,
2025-12-17T02:45:53.801963,Recipe_B,ca4e2b3e-360b-4bf9-859c-5118db1a7fff,20,2.0,,,,10.9,13.62,10.51,9.75,12.91,8.63
2025-12-17T02:45:54.801963,Recipe_B,ca4e2b3e-360b-4bf9-859c-5118db1a7fff,20,2.0,,,,9.31,9.65,10.28,10.66,9.85,9.54
2025-12-17T02:45:55.801963,Recipe_B,ca4e2b3e-360b-4bf9-859c-5118db1a7fff,20,2.0,,,,12.47,11.85,8.55,8.75,12.34,7.07
2025-12-17T02:45:56.801963,Recipe_B,ca4e2b3e-360b-4bf9-859c-5118db1a7fff,20,2.0,,,,9.38,8.59,10.73,11.87,9.89,6.94
2025-12-17T02:45:57.801963,Recipe_B,ca4e2b3e-360b-4bf9-859c-5118db1a7fff,20,2.0,,,,12.78,11.69,10.35,10.2,12.08,10.37
2025-12-17T02:45:58.801963,Recipe_B,ca4e2b3e-360b-4bf9-859c-5118db1a7fff,20,2.0,,,,9.13,8.6,9.93,10.73,9.04,9.04
2025-12-17T02:45:59.801963,Recipe_B,ca4e2b3e-360b-4bf9-859c-5118db1a7fff,20,2.0,,,,10.92,10.92,13.22,8.38,9.36,7.16
2025-12-17T02:46:00.801963,Recipe_B,ca4e2b3e-360b-4bf9-859c-5118db1a7fff,20,2.0,,,,11.08,9.54,10.51,9.94,10.03,13.02
2025-12-17T02:46:01.801963,Recipe_B,ca4e2b3e-360b-4bf9-859c-5118db1a7fff,20,2.0,,,,9.16,10.62,10.66,7.27,5.33,10.98
2025-12-17T02:46:02.801963,Recipe_B,ca4e2b3e-360b-4bf9-859c-5118db1a7fff,20,2.0,,,,7.89,10.13,8.35,12.82,8.69,12.12
2025-12-17T02:46:03.801963,Recipe_B,ca4e2b3e-360b-4bf9-859c-5118db1a7fff,20,2.0,,,,10.08,8.12,6.78,11.01,11.76,10.12
2025-12-17T02:46:04.801963,Recipe_B,ca4e2b3e-360b-4bf9-859c-5118db1a7fff,20,2.0,,,,9.87,9.25,13.21,12.21,9.31,8.04
2025-12-17T02:46:05.801963,Recipe_B,ca4e2b3e-360b-4bf9-859c-5118db1a7fff,20,2.0,,,,8.27,8.12,10.32,10.7,7.13,15.42
2025-12-17T02:46:06.801963,Recipe_B,ca4e2b3e-360b-4bf9-859c-5118db1a7fff,20,2.0,,,,10.82,14.36,11.6,10.86,9.9,8.57
2025-12-17T02:46:07.801963,Recipe_B,ca4e2b3e-360b-4bf9-859c-5118db1a7fff,20,2.0,,,,10.66,10.4,8.03,10.98,9.11,9.84
2025-12-17T02:46:08.801963,Recipe_B,ca4e2b3e-360b-4bf9-859c-5118db1a7fff,20,2.0,,,,7.03,12.0,9.69,7.12,8.65,10.18
2025-12-17T02:46:09.801963,Recipe_B,ca4e2b3e-360b-4bf9-859c-5118db1a7fff,20,2.0,,,,9.37,12.66,14.87,4.52,10.92,8.68
2025-12-17T02:46:10.801963,Recipe_B,ca4e2b3e-360b-4bf9-859c-5118db1a7fff,20,3.0,,,,10.46,7.79,12.55,11.32,9.25,8.27
2025-12-17T02:46:11.801963,Recipe_B,ca4e2b3e-360b-4bf9-859c-5118db1a7fff,20,3.0,,,,9.19,13.13,7.49,9.22,12.01,12.87
2025-12-17T02:46:12.801963,Recipe_B,ca4e2b3e-360b-4bf9-859c-5118db1a7fff,20,3.0,,,,10.27,13.35,12.83,11.32,11.41,10.82
2025-12-17T02:46:13.801963,Recipe_B,ca4e2b3e-360b-4bf9-859c-5118db1a7fff,20,3.0,,,,10.77,10.01,11.41,9.62,10.72,9.26
2025-12-17T02:46:14.801963,Recipe_B,ca4e2b3e-360b-4bf9-859c-5118db1a7fff,20,3.0,,,,8.47,8.47,9.13,10.71,9.46,8.25
2025-12-17T02:46:15.801963,Recipe_B,ca4e2b3e-360b-4bf9-859c-5118db1a7fff,20,3.0,,,,11.1,10.2,10.08,7.7,11.24,11.01
2025-12-17T02:46:16.801963,Recipe_B,ca4e2b3e-360b-4bf9-859c-5118db1a7fff,20,3.0,,,,7.96,11.64,6.92,6.81,10.12,12.69
2025-12-17T02:46:17.801963,Recipe_B,ca4e2b3e-360b-4bf9-859c-5118db1a7fff,20,3.0,,,,7.36,7.37,8.98,9.35,12.36,9.07
2025-12-17T02:46:18.801963,Recipe_B,ca4e2b3e-360b-4bf9-859c-5118db1a7fff,20,3.0,,,,7.38,10.13,14.3,12.75,12.9,10.85
2025-12-17T02:46:19.801963,Recipe_B,ca4e2b3e-360b-4bf9-859c-5118db1a7fff,20,3.0,,,,10.13,7.96,6.09,8.17,8.13,9.65
2025-12-17T02:46:20.801963,Recipe_B,ca4e2b3e-360b-4bf9-859c-5118db1a7fff,20,3.0,,,,10.04,6.03,6.22,9.72,7.48,9.26
2025-12-17T02:46:21.801963,Recipe_B,ca4e2b3e-360b-4bf9-859c-5118db1a7fff,20,3.0,,,,12.8,9.79,6.67,12.22,10.28,9.76
2025-12-17T02:46:22.801963,Recipe_B,ca4e2b3e-360b-4bf9-859c-5118db1a7fff,20,3.0,,,,9.43,10.7,11.24,9.24,12.2,12.63
2025-12-17T02:46:23.801963,Recipe_B,ca4e2b3e-360b-4bf9-859c-5118db1a7fff,20,3.0,,,,11.9,10.74,10.38,10.4,5.87,5.56
2025-12-17T02:46:24.801963,Recipe_B,ca4e2b3e-360b-4bf9-859c-5118db1a7fff,20,3.0,,,,9.14,7.53,7.85,11.03,12.4,10.59
2025-12-17T02:46:25.801963,Recipe_B,ca4e2b3e-360b-4bf9-859c-5118db1a7fff,20,3.0,,,,7.91,9.15,10.77,7.54,7.4,14.78
2025-12-17T02:46:26.801963,Recipe_B,ca4e2b3e-360b-4bf9-859c-5118db1a7fff,20,3.0,,,,8.1,9.29,11.07,11.21,9.42,8.43
2025-12-17T02:46:27.801963,Recipe_B,ca4e2b3e-360b-4bf9-859c-5118db1a7fff,20,3.0,,,,8.9,10.36,7.85,13.37,7.57,10.5
2025-12-17T02:46:28.801963,Recipe_B,ca4e2b3e-360b-4bf9-859c-5118db1a7fff,20,3.0,,,,9.7,10.44,11.86,9.94,10.39,9.01
2025-12-17T02:46:29.801963,Recipe_B,ca4e2b3e-360b-4bf9-859c-5118db1a7fff,20,3.0,,,,10.02,10.83,7.2,10.34,10.02,4.55
2025-12-17T02:46:30.801963,Recipe_B,ca4e2b3e-360b-4bf9-859c-5118db1a7fff,20,3.0,,,,14.24,10.22,14.77,6.73,5.22,8.93
2025-12-17T02:46:31.801963,Recipe_B,ca4e2b3e-360b-4bf9-859c-5118db1a7fff,20,3.0,,,,6.94,13.07,8.53,10.83,8.98,9.47
2025-12-17T02:46:32.801963,Recipe_B,ca4e2b3e-360b-4bf9-859c-5118db1a7fff,20,3.0,,,,9.08,12.64,10.46,8.21,8.93,13.22
2025-12-17T02:46:33.801963,Recipe_B,ca4e2b3e-360b-4bf9-859c-5118db1a7fff,20,3.0,,,,10.37,9.55,9.54,9.33,7.51,10.36
2025-12-17T02:46:34.801963,Recipe_B,ca4e2b3e-360b-4bf9-859c-5118db1a7fff,20,0.0,,,,0.0,0.0,0.0,0.0,0.0,0.0
2025-12-17T02:46:35.801963,Recipe_B,ca4e2b3e-360b-4bf9-859c-5118db1a7fff,20,0.0,,,,0.0,0.0,0.0,0.0,0.0,0.0
2025-12-17T02:46:36.801963,Recipe_B,ca4e2b3e-360b-4bf9-859c-5118db1a7fff,20,0.0,,,,0.0,0.0,0.0,0.0,0.0,0.0
2025-12-17T02:46:37.801963,Recipe_B,ca4e2b3e-360b-4bf9-859c-5118db1a7fff,20,0.0,,,,0.0,0.0,0.0,0.0,0.0,0.0
2025-12-17T02:46:38.801963,Recipe_B,ca4e2b3e-360b-4bf9-859c-5118db1a7fff,20,0.0,,,,0.0,0.0,0.0,0.0,0.0,0.0
2025-12-17T02:46:39.801963,Recipe_B,ca4e2b3e-360b-4bf9-859c-5118db1a7fff,20,0.0,,,,0.0,0.0,0.0,0.0,0.0,0.0
2025-12-17T02:46:40.801963,Recipe_B,ca4e2b3e-360b-4bf9-859c-5118db1a7fff,20,0.0,,,,0.0,0.0,0.0,0.0,0.0,0.0
2025-12-17T02:46:41.801963,Recipe_B,ca4e2b3e-360b-4bf9-859c-5118db1a7fff,20,0.0,,,,0.0,0.0,0.0,0.0,0.0,0.0
2025-12-17T02:46:42.801963,Recipe_B,ca4e2b3e-360b-4bf9-859c-5118db1a7fff,20,0.0,,,,0.0,0.0,0.0,0.0,0.0,0.0
2025-12-17T02:46:43.801963,Recipe_B,ca4e2b3e-360b-4bf9-859c-5118db1a7fff,20,0.0,,,,0.0,0.0,0.0,0.0,0.0,0.0
2025-12-17T02:46:44.801963,Recipe_B,ca4e2b3e-360b-4bf9-859c-5118db1a7fff,20,0.0,,,,0.0,0.0,0.0,0.0,0.0,0.0
2025-12-17T02:46:45.801963,Recipe_B,ca4e2b3e-360b-4bf9-859c-5118db1a7fff,20,0.0,,,,0.0,0.0,0.0,0.0,0.0,0.0
2025-12-17T02:46:46.801963,Recipe_B,ca4e2b3e-360b-4bf9-859c-5118db1a7fff,20,5.0,,,,9.87,7.43,8.96,10.0,12.15,8.16
2025-12-17T02:46:47.801963,Recipe_B,ca4e2b3e-360b-4bf9-859c-5118db1a7fff,20,5.0,,,,8.96,7.42,13.08,13.26,8.64,10.09
2025-12-17T02:46:48.801963,Recipe_B,ca4e2b3e-360b-4bf9-859c-5118db1a7fff,20,5.0,,,,11.74,7.31,10.61,11.17,10.37,11.01
2025-12-17T02:46:49.801963,Recipe_B,ca4e2b3e-360b-4bf9-859c-5118db1a7fff,20,5.0,,,,5.17,9.43,8.7,8.75,8.13,10.89
2025-12-17T02:46:50.801963,Recipe_B,ca4e2b3e-360b-4bf9-859c-5118db1a7fff,20,5.0,,,,9.52,10.77,11.77,10.8,11.66,8.19
2025-12-17T02:46:51.801963,Recipe_B,ca4e2b3e-360b-4bf9-859c-5118db1a7fff,20,5.0,,,,13.16,7.7,11.33,9.99,8.8,7.05
2025-12-17T02:46:52.801963,Recipe_B,ca4e2b3e-360b-4bf9-859c-5118db1a7fff,20,5.0,,,,12.65,12.31,10.48,7.11,11.22,10.82
2025-12-17T02:46:53.801963,Recipe_B,ca4e2b3e-360b-4bf9-859c-5118db1a7fff,20,5.0,,,,11.6,11.56,9.92,10.99,7.4,11.4
2025-12-17T02:46:54.801963,Recipe_B,ca4e2b3e-360b-4bf9-859c-5118db1a7fff,20,5.0,,,,13.04,13.69,11.17,9.92,10.63,11.4
2025-12-17T02:46:55.801963,Recipe_B,ca4e2b3e-360b-4bf9-859c-5118db1a7fff,20,5.0,,,,8.24,11.64,12.45,10.18,9.75,7.57
2025-12-17T02:46:56.801963,Recipe_B,ca4e2b3e-360b-4bf9-859c-5118db1a7fff,20,5.0,,,,11.14,11.64,8.52,6.56,9.37,9.2
2025-12-17T02:46:57.801963,Recipe_B,ca4e2b3e-360b-4bf9-859c-5118db1a7fff,20,5.0,,,,14.4,6.64,13.3,7.56,8.97,10.58
2025-12-17T02:46:58.801963,Recipe_B,ca4e2b3e-360b-4bf9-859c-5118db1a7fff,20,5.0,,,,9.16,11.49,8.47,11.3,11.52,11.69
2025-12-17T02:46:59.801963,Recipe_B,ca4e2b3e-360b-4bf9-859c-5118db1a7fff,20,5.0,,,,9.67,10.03,8.64,11.37,10.78,9.66
2025-12-17T02:47:00.801963,Recipe_B,ca4e2b3e-360b-4bf9-859c-5118db1a7fff,20,5.0,,,,13.1,11.74,9.97,8.78,8.2,12.4
2025-12-17T02:47:01.801963,Recipe_B,ca4e2b3e-360b-4bf9-859c-5118db1a7fff,20,5.0,,,,6.42,10.98,9.8,13.08,10.44,10.63
2025-12-17T02:47:02.801963,Recipe_B,ca4e2b3e-360b-4bf9-859c-5118db1a7fff,20,5.0,,,,8.88,8.09,11.24,11.08,7.99,10.61
2025-12-17T02:47:03.801963,Recipe_B,ca4e2b3e-360b-4bf9-859c-5118db1a7fff,20,5.0,,,,8.06,11.3,8.04,10.39,8.37,11.61
2025-12-17T02:47:04.801963,Recipe_B,ca4e2b3e-360b-4bf9-859c-5118db1a7fff,20,5.0,,,,7.5,5.06,10.46,5.7,11.39,7.71
2025-12-17T02:47:05.801963,Recipe_B,ca4e2b3e-360b-4bf9-859c-5118db1a7fff,20,5.0,,,,10.46,9.27,9.8,13.63,9.71,6.97
2025-12-17T02:47:06.801963,Recipe_B,ca4e2b3e-360b-4bf9-859c-5118db1a7fff,20,5.0,,,,15.19,9.24,8.22,11.23,10.11,8.99
2025-12-17T02:47:07.801963,Recipe_B,ca4e2b3e-360b-4bf9-859c-5118db1a7fff,20,5.0,,,,9.38,12.49,7.16,12.7,10.41,10.57
2025-12-17T02:47:08.801963,Recipe_B,ca4e2b3e-360b-4bf9-859c-5118db1a7fff,20,2.0,,,,10.06,9.51,10.6,9.25,13.32,9.23
2025-12-17T02:47:09.801963,Recipe_B,ca4e2b3e-360b-4bf9-859c-5118db1a7fff,20,2.0,,,,9.75,8.63,13.15,11.58,12.64,6.86
2025-12-17T02:47:10.801963,Recipe_B,ca4e2b3e-360b-4bf9-859c-5118db1a7fff,20,2.0,,,,10.26,9.96,7.62,11.85,9.96,11.48
2025-12-17T02:47:11.801963,Recipe_B,ca4e2b3e-360b-4bf9-859c-5118db1a7fff,20,2.0,,,,9.91,7.41,10.37,11.02,12.05,12.22
2025-12-17T02:47:12.801963,Recipe_B,ca4e2b3e-360b-4bf9-859c-5118db1a7fff,20,2.0,,,,11.91,10.9,11.92,10.24,7.71,12.21
2025-12-17T02:47:13.801963,Recipe_B,ca4e2b3e-360b-4bf9-859c-5118db1a7fff,20,2.0,,,,11.34,6.81,10.16,14.9,5.89,9.25
2025-12-17T02:47:14.801963,Recipe_B,ca4e2b3e-360b-4bf9-859c-5118db1a7fff,20,2.0,,,,10.37,9.83,11.27,9.54,8.52,11.69
2025-12-17T02:47:15.801963,Recipe_B,ca4e2b3e-360b-4bf9-859c-5118db1a7fff,20,2.0,,,,12.64,6.87,11.02,9.35,11.2,7.47
2025-12-17T02:47:16.801963,Recipe_B,ca4e2b3e-360b-4bf9-859c-5118db1a7fff,20,2.0,,,,7.49,9.64,13.46,9.13,6.34,9.38
2025-12-17T02:47:17.801963,Recipe_B,ca4e2b3e-360b-4bf9-859c-5118db1a7fff,20,2.0,,,,10.55,8.33,9.16,13.51,11.12,8.29
2025-12-17T02:47:18.801963,Recipe_B,ca4e2b3e-360b-4bf9-859c-5118db1a7fff,20,2.0,,,,12.44,10.35,6.86,9.45,10.98,12.58
2025-12-17T02:47:19.801963,Recipe_B,ca4e2b3e-360b-4bf9-859c-5118db1a7fff,20,2.0,,,,10.64,12.21,13.62,15.51,9.07,11.21
2025-12-17T02:47:20.801963,Recipe_B,ca4e2b3e-360b-4bf9-859c-5118db1a7fff,20,2.0,,,,11.64,9.13,10.74,10.65,11.86,9.75
2025-12-17T02:47:21.801963,Recipe_B,ca4e2b3e-360b-4bf9-859c-5118db1a7fff,20,2.0,,,,11.07,11.45,10.89,9.39,7.27,11.86
2025-12-17T02:47:22.801963,Recipe_B,ca4e2b3e-360b-4bf9-859c-5118db1a7fff,20,2.0,,,,8.92,6.93,10.12,7.65,13.72,12.36
2025-12-17T02:47:23.801963,Recipe_B,ca4e2b3e-360b-4bf9-859c-5118db1a7fff,20,2.0,,,,9.63,9.78,10.93,10.61,11.21,7.8
2025-12-17T02:47:24.801963,Recipe_B,ca4e2b3e-360b-4bf9-859c-5118db1a7fff,20,2.0,,,,9.34,8.49,7.69,9.34,14.44,8.63
2025-12-17T02:47:25.801963,Recipe_B,ca4e2b3e-360b-4bf9-859c-5118db1a7fff,20,2.0,,,,10.8,7.84,9.04,13.86,7.74,11.33
2025-12-17T02:47:26.801963,Recipe_B,ca4e2b3e-360b-4bf9-859c-5118db1a7fff,20,2.0,,,,6.75,13.29,7.71,13.33,9.46,11.41
2025-12-17T02:47:27.801963,Recipe_B,ca4e2b3e-360b-4bf9-859c-5118db1a7fff,20,2.0,,,,9.05,9.79,9.25,8.64,11.71,7.54
2025-12-17T02:47:28.801963,Recipe_B,ca4e2b3e-360b-4bf9-859c-5118db1a7fff,20,2.0,,,,11.36,8.19,4.83,10.53,15.31,8.27
2025-12-17T02:47:29.801963,Recipe_B,ca4e2b3e-360b-4bf9-859c-5118db1a7fff,20,2.0,,,,9.67,6.12,8.85,9.64,8.25,12.76
2025-12-17T02:47:30.801963,Recipe_B,ca4e2b3e-360b-4bf9-859c-5118db1a7fff,20,2.0,,,,10.48,9.7,8.59,7.8,9.65,14.3
2025-12-17T02:47:31.801963,Recipe_B,ca4e2b3e-360b-4bf9-859c-5118db1a7fff,20,2.0,,,,9.46,10.37,11.07,14.32,10.18,10.95
2025-12-17T02:47:32.801963,Recipe_B,ca4e2b3e-360b-4bf9-859c-5118db1a7fff,20,2.0,,,,7.43,13.37,9.25,11.99,8.63,10.59
2025-12-17T02:47:33.801963,Recipe_B,ca4e2b3e-360b-4bf9-859c-5118db1a7fff,20,3.0,,,,13.27,8.97,10.69,7.6,8.17,11.66
2025-12-17T02:47:34.801963,Recipe_B,ca4e2b3e-360b-4bf9-859c-5118db1a7fff,20,3.0,,,,8.6,12.71,12.92,8.65,5.01,5.69
2025-12-17T02:47:35.801963,Recipe_B,ca4e2b3e-360b-4bf9-859c-5118db1a7fff,20,3.0,,,,11.23,10.81,10.12,12.44,13.22,8.59
2025-12-17T02:47:35.801963,Recipe_B,ca4e2b3e-360b-4bf9-859c-5118db1a7fff,20,3.0,Warning_6,Simulated Warning occurred,Warning,,,,,,
2025-12-17T02:47:36.801963,Recipe_B,ca4e2b3e-360b-4bf9-859c-5118db1a7fff,20,3.0,,,,11.63,6.55,13.21,10.52,9.37,7.37
2025-12-17T02:47:37.801963,Recipe_B,ca4e2b3e-360b-4bf9-859c-5118db1a7fff,20,3.0,,,,7.16,6.18,8.42,11.05,9.45,11.16
2025-12-17T02:47:38.801963,Recipe_B,ca4e2b3e-360b-4bf9-859c-5118db1a7fff,20,3.0,,,,12.94,13.12,9.4,8.68,8.57,8.75
2025-12-17T02:47:39.801963,Recipe_B,ca4e2b3e-360b-4bf9-859c-5118db1a7fff,20,3.0,,,,7.6,10.98,4.9,9.5,9.96,11.15
2025-12-17T02:47:40.801963,Recipe_B,ca4e2b3e-360b-4bf9-859c-5118db1a7fff,20,3.0,,,,9.72,6.73,8.1,6.94,10.45,12.64
2025-12-17T02:47:41.801963,Recipe_B,ca4e2b3e-360b-4bf9-859c-5118db1a7fff,20,3.0,,,,9.4,12.82,11.19,12.38,6.63,12.67
2025-12-17T02:47:42.801963,Recipe_B,ca4e2b3e-360b-4bf9-859c-5118db1a7fff,20,3.0,,,,8.98,11.36,7.76,9.75,11.92,4.57
2025-12-17T02:47:43.801963,Recipe_B,ca4e2b3e-360b-4bf9-859c-5118db1a7fff,20,3.0,,,,3.52,7.2,7.48,9.55,9.06,8.27
2025-12-17T02:47:44.801963,Recipe_B,ca4e2b3e-360b-4bf9-859c-5118db1a7fff,20,3.0,,,,9.13,12.05,6.67,13.55,13.1,9.19
2025-12-17T02:47:45.801963,Recipe_B,ca4e2b3e-360b-4bf9-859c-5118db1a7fff,20,3.0,,,,6.23,6.26,10.41,7.64,9.77,11.57
2025-12-17T02:47:46.801963,Recipe_B,ca4e2b3e-360b-4bf9-859c-5118db1a7fff,20,3.0,,,,7.89,9.26,9.81,5.64,6.47,8.1
2025-12-17T02:47:47.801963,Recipe_B,ca4e2b3e-360b-4bf9-859c-5118db1a7fff,20,3.0,,,,11.63,12.35,9.91,10.47,14.38,13.24
2025-12-17T02:47:48.801963,Recipe_B,ca4e2b3e-360b-4bf9-859c-5118db1a7fff,20,3.0,,,,8.3,12.7,15.73,9.23,9.92,11.65
2025-12-17T02:47:49.801963,Recipe_B,ca4e2b3e-360b-4bf9-859c-5118db1a7fff,20,3.0,,,,9.49,9.72,11.74,6.83,9.53,11.15
2025-12-17T02:47:50.801963,Recipe_B,ca4e2b3e-360b-4bf9-859c-5118db1a7fff,20,3.0,,,,13.24,10.63,10.98,11.07,11.0,4.2
2025-12-17T02:47:51.801963,Recipe_B,ca4e2b3e-360b-4bf9-859c-5118db1a7fff,20,3.0,,,,10.11,11.61,10.49,10.04,7.69,9.33
2025-12-17T02:47:52.801963,Recipe_B,ca4e2b3e-360b-4bf9-859c-5118db1a7fff,20,4.0,,,,105.86,47.95,51.24,52.23,46.39,45.99
2025-12-17T02:47:53.801963,Recipe_B,ca4e2b3e-360b-4bf9-859c-5118db1a7fff,20,4.0,,,,104.78,51.1,44.84,57.42,48.23,39.95
2025-12-17T02:47:54.801963,Recipe_B,ca4e2b3e-360b-4bf9-859c-5118db1a7fff,20,4.0,,,,93.61,52.51,43.45,46.95,56.59,50.72
2025-12-17T02:47:55.801963,Recipe_B,ca4e2b3e-360b-4bf9-859c-5118db1a7fff,20,4.0,,,,94.81,45.15,56.37,50.47,48.25,57.67
2025-12-17T02:47:56.801963,Recipe_B,ca4e2b3e-360b-4bf9-859c-5118db1a7fff,20,4.0,,,,103.11,52.1,56.27,44.37,45.8,46.71
2025-12-17T02:47:57.801963,Recipe_B,ca4e2b3e-360b-4bf9-859c-5118db1a7fff,20,4.0,,,,102.23,47.42,55.09,47.9,51.33,49.89
2025-12-17T02:47:58.801963,Recipe_B,ca4e2b3e-360b-4bf9-859c-5118db1a7fff,20,4.0,,,,98.27,50.62,49.65,52.8,47.09,57.54
2025-12-17T02:47:59.801963,Recipe_B,ca4e2b3e-360b-4bf9-859c-5118db1a7fff,20,4.0,,,,97.71,48.08,45.3,54.91,44.78,56.77
2025-12-17T02:48:00.801963,Recipe_B,ca4e2b3e-360b-4bf9-859c-5118db1a7fff,20,4.0,,,,98.01,52.58,49.17,49.02,53.6,54.77
2025-12-17T02:48:01.801963,Recipe_B,ca4e2b3e-360b-4bf9-859c-5118db1a7fff,20,4.0,,,,106.23,55.31,50.33,48.24,46.8,58.08
2025-12-17T02:48:02.801963,Recipe_B,ca4e2b3e-360b-4bf9-859c-5118db1a7fff,20,4.0,,,,91.02,49.66,46.76,48.14,54.43,47.16
2025-12-17T02:48:03.801963,Recipe_B,ca4e2b3e-360b-4bf9-859c-5118db1a7fff,20,2.0,,,,11.01,12.08,9.49,8.41,9.59,10.09
2025-12-17T02:48:04.801963,Recipe_B,ca4e2b3e-360b-4bf9-859c-5118db1a7fff,20,2.0,,,,9.86,7.19,11.37,6.75,14.07,5.49
2025-12-17T02:48:05.801963,Recipe_B,ca4e2b3e-360b-4bf9-859c-5118db1a7fff,20,2.0,,,,8.26,11.13,6.37,8.75,8.63,11.6
2025-12-17T02:48:06.801963,Recipe_B,ca4e2b3e-360b-4bf9-859c-5118db1a7fff,20,2.0,,,,9.66,7.48,11.4,9.32,9.98,9.25
2025-12-17T02:48:07.801963,Recipe_B,ca4e2b3e-360b-4bf9-859c-5118db1a7fff,20,2.0,,,,8.08,7.3,8.04,5.16,11.48,6.2
2025-12-17T02:48:08.801963,Recipe_B,ca4e2b3e-360b-4bf9-859c-5118db1a7fff,20,2.0,,,,12.76,11.53,10.78,8.74,8.33,8.9
2025-12-17T02:48:09.801963,Recipe_B,ca4e2b3e-360b-4bf9-859c-5118db1a7fff,20,2.0,,,,10.36,12.15,9.36,11.72,9.61,14.83
2025-12-17T02:48:10.801963,Recipe_B,ca4e2b3e-360b-4bf9-859c-5118db1a7fff,20,5.0,,,,10.03,9.72,9.15,11.07,11.93,13.56
2025-12-17T02:48:11.801963,Recipe_B,ca4e2b3e-360b-4bf9-859c-5118db1a7fff,20,5.0,,,,10.2,11.66,10.4,12.95,12.45,8.06
2025-12-17T02:48:12.801963,Recipe_B,ca4e2b3e-360b-4bf9-859c-5118db1a7fff,20,5.0,,,,12.1,8.91,9.22,7.42,10.73,7.82
2025-12-17T02:48:13.801963,Recipe_B,ca4e2b3e-360b-4bf9-859c-5118db1a7fff,20,5.0,,,,9.85,10.13,11.87,12.93,10.66,10.18
2025-12-17T02:48:14.801963,Recipe_B,ca4e2b3e-360b-4bf9-859c-5118db1a7fff,20,5.0,,,,11.31,11.21,6.92,7.07,11.23,10.23
2025-12-17T02:48:15.801963,Recipe_B,ca4e2b3e-360b-4bf9-859c-5118db1a7fff,20,5.0,,,,6.71,8.35,7.14,11.32,9.04,10.97
2025-12-17T02:48:16.801963,Recipe_B,ca4e2b3e-360b-4bf9-859c-5118db1a7fff,20,5.0,,,,10.7,11.97,6.8,12.42,8.97,10.69
2025-12-17T02:48:17.801963,Recipe_B,ca4e2b3e-360b-4bf9-859c-5118db1a7fff,20,5.0,,,,9.59,12.22,11.84,9.8,7.91,9.31
2025-12-17T02:48:18.801963,Recipe_B,ca4e2b3e-360b-4bf9-859c-5118db1a7fff,20,5.0,,,,4.88,10.0,10.01,13.45,11.79,7.61
2025-12-17T02:48:19.801963,Recipe_B,ca4e2b3e-360b-4bf9-859c-5118db1a7fff,20,5.0,,,,9.9,10.78,12.28,5.04,11.55,9.82
2025-12-17T02:48:20.801963,Recipe_B,ca4e2b3e-360b-4bf9-859c-5118db1a7fff,20,5.0,,,,11.36,6.07,11.14,9.05,13.07,11.33
2025-12-17T02:48:21.801963,Recipe_B,ca4e2b3e-360b-4bf9-859c-5118db1a7fff,20,5.0,,,,7.39,9.12,9.93,9.44,9.39,13.24
2025-12-17T02:48:22.801963,Recipe_B,ca4e2b3e-360b-4bf9-859c-5118db1a7fff,20,5.0,,,,7.93,9.49,8.98,12.18,10.55,8.39
2025-12-17T02:48:22.801963,Recipe_B,ca4e2b3e-360b-4bf9-859c-5118db1a7fff,20,5.0,Warning_6,Simulated Warning occurred,Warning,,,,,,
2025-12-17T02:48:23.801963,Recipe_B,ca4e2b3e-360b-4bf9-859c-5118db1a7fff,20,5.0,,,,10.74,10.15,10.46,8.11,7.7,10.11
2025-12-17T02:48:24.801963,Recipe_B,ca4e2b3e-360b-4bf9-859c-5118db1a7fff,20,5.0,,,,13.15,11.26,8.18,10.75,11.49,8.46
2025-12-17T02:48:25.801963,Recipe_B,ca4e2b3e-360b-4bf9-859c-5118db1a7fff,20,5.0,,,,10.12,8.86,13.16,8.32,8.82,8.52
2025-12-17T02:48:26.801963,Recipe_B,ca4e2b3e-360b-4bf9-859c-5118db1a7fff,20,5.0,,,,9.65,12.32,9.82,6.49,13.23,8.66
2025-12-17T02:48:27.801963,Recipe_B,ca4e2b3e-360b-4bf9-859c-5118db1a7fff,20,5.0,,,,9.21,9.65,7.87,9.89,12.59,6.36
2025-12-17T02:48:28.801963,Recipe_B,ca4e2b3e-360b-4bf9-859c-5118db1a7fff,20,5.0,,,,11.08,10.88,10.9,11.77,13.26,11.9
2025-12-17T02:48:29.801963,Recipe_B,ca4e2b3e-360b-4bf9-859c-5118db1a7fff,20,5.0,,,,10.8,12.63,7.55,10.53,10.16,9.63
2025-12-17T02:48:30.801963,Recipe_B,ca4e2b3e-360b-4bf9-859c-5118db1a7fff,20,5.0,,,,8.6,6.77,11.86,13.17,9.12,10.42
2025-12-17T02:48:31.801963,Recipe_B,ca4e2b3e-360b-4bf9-859c-5118db1a7fff,20,5.0,,,,11.27,10.0,7.15,9.35,10.96,9.75
2025-12-17T02:48:32.801963,Recipe_B,ca4e2b3e-360b-4bf9-859c-5118db1a7fff,20,5.0,,,,10.56,12.47,9.08,9.91,9.11,10.45
2025-12-17T02:48:33.801963,Recipe_B,ca4e2b3e-360b-4bf9-859c-5118db1a7fff,20,5.0,,,,11.21,12.33,10.96,8.0,8.02,10.54
2025-12-17T02:48:34.801963,Recipe_B,ca4e2b3e-360b-4bf9-859c-5118db1a7fff,20,5.0,,,,7.6,11.39,9.01,8.54,7.07,12.09
2025-12-17T02:48:35.801963,Recipe_B,ca4e2b3e-360b-4bf9-859c-5118db1a7fff,20,5.0,,,,14.51,8.47,9.74,9.59,10.98,11.51
2025-12-17T02:48:36.801963,Recipe_B,ca4e2b3e-360b-4bf9-859c-5118db1a7fff,20,5.0,,,,9.33,8.48,8.25,13.2,11.91,6.47
2025-12-17T02:48:36.801963,Recipe_B,ca4e2b3e-360b-4bf9-859c-5118db1a7fff,20,5.0,Error_6,Simulated Error occurred,Error,,,,,,
2025-12-17T02:48:37.801963,Recipe_B,ca4e2b3e-360b-4bf9-859c-5118db1a7fff,20,5.0,,,,10.55,8.76,11.13,11.2,10.37,7.8
2025-12-17T02:48:38.801963,Recipe_B,ca4e2b3e-360b-4bf9-859c-5118db1a7fff,20,5.0,,,,10.32,11.02,10.49,9.57,11.09,12.24
2025-12-17T02:48:39.801963,Recipe_B,ca4e2b3e-360b-4bf9-859c-5118db1a7fff,20,5.0,,,,7.14,8.02,9.26,10.2,5.72,8.76
2025-12-17T02:48:40.801963,Recipe_B,ca4e2b3e-360b-4bf9-859c-5118db1a7fff,20,5.0,,,,9.65,9.74,7.72,8.76,8.94,14.98
2025-12-17T02:48:41.801963,Recipe_B,ca4e2b3e-360b-4bf9-859c-5118db1a7fff,20,5.0,,,,2.34,10.09,9.79,9.22,11.34,9.83
2025-12-17T02:48:42.801963,Recipe_B,ca4e2b3e-360b-4bf9-859c-5118db1a7fff,20,5.0,,,,8.37,7.92,13.17,11.59,8.17,11.79
2025-12-17T02:48:43.801963,Recipe_B,ca4e2b3e-360b-4bf9-859c-5118db1a7fff,20,5.0,,,,10.26,9.66,9.03,12.97,12.02,7.83
2025-12-17T02:48:44.801963,Recipe_B,ca4e2b3e-360b-4bf9-859c-5118db1a7fff,20,5.0,,,,9.9,10.08,9.18,8.56,8.72,6.96
2025-12-17T02:48:45.801963,Recipe_B,ca4e2b3e-360b-4bf9-859c-5118db1a7fff,20,5.0,,,,9.54,8.14,13.61,9.77,10.58,10.64
2025-12-17T02:48:46.801963,Recipe_B,ca4e2b3e-360b-4bf9-859c-5118db1a7fff,20,5.0,,,,10.11,10.89,13.54,10.52,8.1,11.26
2025-12-17T02:48:47.801963,Recipe_B,ca4e2b3e-360b-4bf9-859c-5118db1a7fff,20,5.0,,,,9.25,8.57,6.84,10.97,9.8,8.31
2025-12-17T02:48:48.801963,Recipe_B,ca4e2b3e-360b-4bf9-859c-5118db1a7fff,20,5.0,,,,11.04,8.95,9.53,8.04,8.31,7.74
2025-12-17T02:48:49.801963,Recipe_B,ca4e2b3e-360b-4bf9-859c-5118db1a7fff,20,5.0,,,,7.78,10.1,9.9,9.17,10.4,11.3
2025-12-17T02:48:50.801963,Recipe_B,ca4e2b3e-360b-4bf9-859c-5118db1a7fff,20,5.0,,,,13.71,10.89,10.41,7.61,12.01,13.56
2025-12-17T02:48:51.801963,Recipe_B,ca4e2b3e-360b-4bf9-859c-5118db1a7fff,20,5.0,,,,8.91,11.51,10.36,5.18,12.24,13.67
2025-12-17T02:48:52.801963,Recipe_B,ca4e2b3e-360b-4bf9-859c-5118db1a7fff,20,5.0,,,,13.81,9.92,10.16,10.15,7.76,9.3
2025-12-17T02:48:53.801963,Recipe_B,ca4e2b3e-360b-4bf9-859c-5118db1a7fff,20,5.0,,,,10.99,11.4,12.18,10.51,9.72,8.59
2025-12-17T02:48:54.801963,Recipe_B,ca4e2b3e-360b-4bf9-859c-5118db1a7fff,20,5.0,,,,12.56,10.36,9.36,9.78,8.26,9.51
2025-12-17T02:48:55.801963,Recipe_B,ca4e2b3e-360b-4bf9-859c-5118db1a7fff,20,5.0,,,,14.47,11.46,9.74,11.31,11.82,8.35
2025-12-17T02:48:56.801963,Recipe_B,ca4e2b3e-360b-4bf9-859c-5118db1a7fff,20,5.0,,,,9.59,10.02,10.64,12.24,10.37,9.01
2025-12-17T02:48:57.801963,Recipe_B,ca4e2b3e-360b-4bf9-859c-5118db1a7fff,20,5.0,,,,6.29,13.11,10.1,8.82,9.0,15.17
2025-12-17T02:48:58.801963,Recipe_B,ca4e2b3e-360b-4bf9-859c-5118db1a7fff,20,5.0,,,,7.21,13.57,8.23,11.35,12.05,7.47
2025-12-17T02:48:59.801963,Recipe_B,ca4e2b3e-360b-4bf9-859c-5118db1a7fff,20,5.0,,,,6.55,13.37,8.76,8.32,13.11,10.37
2025-12-17T02:49:00.801963,Recipe_B,ca4e2b3e-360b-4bf9-859c-5118db1a7fff,20,5.0,,,,14.4,11.35,8.63,7.84,10.51,8.77
2025-12-17T02:49:01.801963,Recipe_B,ca4e2b3e-360b-4bf9-859c-5118db1a7fff,20,5.0,,,,11.26,9.38,9.62,11.49,7.13,7.54
2025-12-17T02:49:02.801963,Recipe_B,ca4e2b3e-360b-4bf9-859c-5118db1a7fff,20,5.0,,,,12.53,7.48,8.91,8.47,10.94,9.07
2025-12-17T02:49:03.801963,Recipe_B,ca4e2b3e-360b-4bf9-859c-5118db1a7fff,20,5.0,,,,11.37,9.54,13.15,12.22,9.86,10.79
2025-12-17T02:49:04.801963,Recipe_B,ca4e2b3e-360b-4bf9-859c-5118db1a7fff,20,5.0,,,,11.4,11.54,7.9,9.34,11.0,10.44
2025-12-17T02:49:05.801963,Recipe_B,ca4e2b3e-360b-4bf9-859c-5118db1a7fff,20,5.0,,,,9.8,10.18,11.31,7.86,10.31,8.69
2025-12-17T02:49:06.801963,Recipe_B,ca4e2b3e-360b-4bf9-859c-5118db1a7fff,20,5.0,,,,8.23,8.55,8.96,8.8,12.17,12.18
2025-12-17T02:49:07.801963,Recipe_B,ca4e2b3e-360b-4bf9-859c-5118db1a7fff,20,5.0,,,,9.15,11.98,8.19,13.2,9.52,8.04
2025-12-17T02:49:08.801963,Recipe_B,ca4e2b3e-360b-4bf9-859c-5118db1a7fff,20,5.0,,,,5.05,10.46,8.76,11.53,8.27,10.36
2025-12-17T02:49:09.801963,Recipe_B,ca4e2b3e-360b-4bf9-859c-5118db1a7fff,20,5.0,,,,10.41,13.95,10.41,6.92,11.73,11.09
2025-12-17T02:49:10.801963,Recipe_B,ca4e2b3e-360b-4bf9-859c-5118db1a7fff,20,5.0,,,,9.6,12.2,10.73,8.47,11.35,10.84
2025-12-17T02:49:11.801963,Recipe_B,ca4e2b3e-360b-4bf9-859c-5118db1a7fff,20,5.0,,,,10.82,10.49,8.09,9.87,10.39,11.43
2025-12-17T02:49:12.801963,Recipe_B,ca4e2b3e-360b-4bf9-859c-5118db1a7fff,20,5.0,,,,10.12,9.71,10.92,4.47,8.26,7.18
2025-12-17T02:49:13.801963,Recipe_B,ca4e2b3e-360b-4bf9-859c-5118db1a7fff,20,5.0,,,,9.76,7.88,9.23,10.81,9.91,10.4
2025-12-17T02:49:14.801963,Recipe_B,ca4e2b3e-360b-4bf9-859c-5118db1a7fff,20,5.0,,,,7.5,9.22,10.09,6.77,9.21,10.55
2025-12-17T02:49:15.801963,Recipe_B,ca4e2b3e-360b-4bf9-859c-5118db1a7fff,20,5.0,,,,9.45,10.25,9.85,9.48,9.56,9.42
2025-12-17T02:49:16.801963,Recipe_B,ca4e2b3e-360b-4bf9-859c-5118db1a7fff,20,5.0,,,,12.83,10.46,14.09,11.06,8.63,9.83
2025-12-17T02:49:17.801963,Recipe_B,ca4e2b3e-360b-4bf9-859c-5118db1a7fff,20,5.0,,,,8.48,10.1,11.67,12.67,8.11,9.42
2025-12-17T02:49:18.801963,Recipe_B,ca4e2b3e-360b-4bf9-859c-5118db1a7fff,20,5.0,,,,9.33,8.56,10.27,12.55,9.35,10.28
2025-12-17T02:49:19.801963,Recipe_B,ca4e2b3e-360b-4bf9-859c-5118db1a7fff,20,5.0,,,,10.61,12.48,12.35,7.97,10.51,8.66
2025-12-17T02:49:20.801963,Recipe_B,ca4e2b3e-360b-4bf9-859c-5118db1a7fff,20,5.0,,,,10.54,7.91,10.44,9.58,14.42,9.06
2025-12-17T02:49:21.801963,Recipe_B,ca4e2b3e-360b-4bf9-859c-5118db1a7fff,20,5.0,,,,10.86,11.91,13.41,12.79,11.03,7.4
2025-12-17T02:49:22.801963,Recipe_B,ca4e2b3e-360b-4bf9-859c-5118db1a7fff,20,5.0,,,,10.03,11.51,10.14,8.12,12.64,10.69
2025-12-17T02:49:23.801963,Recipe_B,ca4e2b3e-360b-4bf9-859c-5118db1a7fff,20,5.0,,,,14.39,11.55,10.78,13.23,6.64,11.62
2025-12-17T02:49:24.801963,Recipe_B,ca4e2b3e-360b-4bf9-859c-5118db1a7fff,20,5.0,,,,7.54,9.38,7.45,10.45,10.19,11.98
2025-12-17T02:49:25.801963,Recipe_B,ca4e2b3e-360b-4bf9-859c-5118db1a7fff,20,5.0,,,,12.53,11.12,11.86,8.21,11.25,6.75
2025-12-17T02:49:26.801963,Recipe_B,ca4e2b3e-360b-4bf9-859c-5118db1a7fff,20,5.0,,,,11.67,10.49,8.68,10.46,7.95,10.4
2025-12-17T02:49:27.801963,Recipe_B,ca4e2b3e-360b-4bf9-859c-5118db1a7fff,20,5.0,,,,11.23,12.16,8.43,12.18,9.65,11.21
2025-12-17T02:49:28.801963,Recipe_B,ca4e2b3e-360b-4bf9-859c-5118db1a7fff,20,5.0,,,,8.76,12.91,13.25,5.34,11.33,11.05
2025-12-17T02:49:29.801963,Recipe_B,ca4e2b3e-360b-4bf9-859c-5118db1a7fff,20,5.0,,,,7.02,10.67,9.32,9.87,8.75,12.11
2025-12-17T02:49:30.801963,Recipe_B,ca4e2b3e-360b-4bf9-859c-5118db1a7fff,20,5.0,,,,7.66,10.9,8.78,13.29,11.5,8.08
2025-12-17T02:49:31.801963,Recipe_B,ca4e2b3e-360b-4bf9-859c-5118db1a7fff,20,5.0,,,,7.21,9.99,10.14,9.0,9.66,10.83
2025-12-17T02:49:32.801963,Recipe_B,ca4e2b3e-360b-4bf9-859c-5118db1a7fff,20,5.0,,,,8.6,11.41,8.21,9.98,9.27,10.58
2025-12-17T02:49:33.801963,Recipe_B,ca4e2b3e-360b-4bf9-859c-5118db1a7fff,20,5.0,,,,7.82,10.57,11.11,11.88,11.22,7.5
2025-12-17T02:49:34.801963,Recipe_B,ca4e2b3e-360b-4bf9-859c-5118db1a7fff,20,5.0,,,,7.7,9.22,13.76,10.11,8.94,8.78
2025-12-17T02:49:35.801963,Recipe_B,ca4e2b3e-360b-4bf9-859c-5118db1a7fff,20,5.0,,,,9.56,8.02,7.9,10.83,8.09,10.28
2025-12-17T02:49:36.801963,Recipe_B,ca4e2b3e-360b-4bf9-859c-5118db1a7fff,20,5.0,,,,10.99,8.82,10.73,9.94,10.89,8.38
2025-12-17T02:49:37.801963,Recipe_B,ca4e2b3e-360b-4bf9-859c-5118db1a7fff,20,5.0,,,,10.09,11.5,9.33,10.23,9.17,9.64
2025-12-17T02:49:38.801963,Recipe_B,ca4e2b3e-360b-4bf9-859c-5118db1a7fff,20,5.0,,,,11.02,9.58,10.8,9.02,10.29,11.8
2025-12-17T02:49:39.801963,Recipe_B,ca4e2b3e-360b-4bf9-859c-5118db1a7fff,20,5.0,,,,12.08,12.36,9.98,11.71,7.08,9.8
2025-12-17T02:49:40.801963,Recipe_B,ca4e2b3e-360b-4bf9-859c-5118db1a7fff,20,5.0,,,,9.03,8.07,5.41,8.42,10.78,10.53
2025-12-17T02:49:41.801963,Recipe_B,ca4e2b3e-360b-4bf9-859c-5118db1a7fff,20,5.0,,,,9.33,10.35,11.02,11.68,13.03,6.71
2025-12-17T02:49:42.801963,Recipe_B,ca4e2b3e-360b-4bf9-859c-5118db1a7fff,20,5.0,,,,12.14,6.69,11.93,10.72,10.52,8.6
2025-12-17T02:49:43.801963,Recipe_B,ca4e2b3e-360b-4bf9-859c-5118db1a7fff,20,5.0,,,,8.61,11.61,6.49,7.08,12.36,12.31
2025-12-17T02:49:44.801963,Recipe_B,ca4e2b3e-360b-4bf9-859c-5118db1a7fff,20,5.0,,,,8.5,9.82,7.26,7.22,7.38,12.09
2025-12-17T02:49:45.801963,Recipe_B,ca4e2b3e-360b-4bf9-859c-5118db1a7fff,20,5.0,,,,11.79,9.52,11.37,10.39,13.97,11.17
2025-12-17T02:49:46.801963,Recipe_B,ca4e2b3e-360b-4bf9-859c-5118db1a7fff,20,5.0,,,,8.44,10.65,9.16,10.34,13.22,10.62
2025-12-17T02:49:47.801963,Recipe_B,ca4e2b3e-360b-4bf9-859c-5118db1a7fff,20,5.0,,,,7.04,9.31,9.66,8.23,10.38,9.18
2025-12-17T02:49:48.801963,Recipe_B,ca4e2b3e-360b-4bf9-859c-5118db1a7fff,20,5.0,,,,9.49,9.89,9.48,10.58,12.52,9.79
2025-12-17T02:49:49.801963,Recipe_B,ca4e2b3e-360b-4bf9-859c-5118db1a7fff,20,5.0,,,,8.54,8.23,8.98,9.56,11.58,8.88
2025-12-17T02:49:50.801963,Recipe_B,ca4e2b3e-360b-4bf9-859c-5118db1a7fff,20,5.0,,,,11.92,7.05,12.47,9.01,10.22,10.88
2025-12-17T02:49:51.801963,Recipe_B,ca4e2b3e-360b-4bf9-859c-5118db1a7fff,20,5.0,,,,9.79,8.09,9.06,8.24,5.97,8.86
2025-12-17T02:49:52.801963,Recipe_B,ca4e2b3e-360b-4bf9-859c-5118db1a7fff,20,5.0,,,,12.27,6.86,10.71,9.47,9.22,9.38
2025-12-17T02:49:53.801963,Recipe_B,ca4e2b3e-360b-4bf9-859c-5118db1a7fff,20,2.0,,,,11.13,12.25,10.18,11.9,8.16,11.52
2025-12-17T02:49:54.801963,Recipe_B,ca4e2b3e-360b-4bf9-859c-5118db1a7fff,20,2.0,,,,8.71,7.08,11.01,7.41,9.45,12.4
2025-12-17T02:49:55.801963,Recipe_B,ca4e2b3e-360b-4bf9-859c-5118db1a7fff,20,2.0,,,,9.53,9.01,8.48,9.11,8.52,9.83
2025-12-17T02:49:56.801963,Recipe_B,ca4e2b3e-360b-4bf9-859c-5118db1a7fff,20,2.0,,,,12.7,13.15,14.08,8.71,12.37,9.61
2025-12-17T02:49:57.801963,Recipe_B,ca4e2b3e-360b-4bf9-859c-5118db1a7fff,20,2.0,,,,8.35,11.47,8.1,11.14,11.62,8.08
2025-12-17T02:49:58.801963,Recipe_B,ca4e2b3e-360b-4bf9-859c-5118db1a7fff,20,2.0,,,,6.47,9.32,10.41,13.5,7.78,8.31
2025-12-17T02:49:59.801963,Recipe_B,ca4e2b3e-360b-4bf9-859c-5118db1a7fff,20,2.0,,,,12.44,9.57,7.86,7.17,10.08,11.38
2025-12-17T02:50:00.801963,Recipe_B,ca4e2b3e-360b-4bf9-859c-5118db1a7fff,20,2.0,,,,12.95,10.03,11.67,7.88,10.34,7.06
2025-12-17T02:50:01.801963,Recipe_B,ca4e2b3e-360b-4bf9-859c-5118db1a7fff,20,2.0,,,,9.27,7.56,12.88,9.23,10.72,7.53
2025-12-17T02:50:01.801963,Recipe_B,ca4e2b3e-360b-4bf9-859c-5118db1a7fff,20,2.0,Warning_5,Simulated Warning occurred,Warning,,,,,,
2025-12-17T02:50:02.801963,Recipe_B,ca4e2b3e-360b-4bf9-859c-5118db1a7fff,20,2.0,,,,8.97,12.37,9.59,4.41,10.73,9.58
2025-12-17T02:50:03.801963,Recipe_B,ca4e2b3e-360b-4bf9-859c-5118db1a7fff,20,2.0,,,,11.08,11.25,11.48,11.33,14.7,8.99
2025-12-17T02:50:04.801963,Recipe_B,ca4e2b3e-360b-4bf9-859c-5118db1a7fff,20,2.0,,,,13.75,14.59,8.17,9.92,9.35,7.29
2025-12-17T02:50:05.801963,Recipe_B,ca4e2b3e-360b-4bf9-859c-5118db1a7fff,20,2.0,,,,8.77,9.63,11.13,9.8,9.17,12.72
2025-12-17T02:50:06.801963,Recipe_B,ca4e2b3e-360b-4bf9-859c-5118db1a7fff,20,2.0,,,,10.75,9.58,10.93,9.89,11.32,8.85
2025-12-17T02:50:07.801963,Recipe_B,ca4e2b3e-360b-4bf9-859c-5118db1a7fff,20,2.0,,,,7.18,8.58,12.04,8.4,9.86,9.71
2025-12-17T02:50:08.801963,Recipe_B,ca4e2b3e-360b-4bf9-859c-5118db1a7fff,20,2.0,,,,8.55,12.62,12.71,12.42,10.27,9.33
2025-12-17T02:50:09.801963,Recipe_B,ca4e2b3e-360b-4bf9-859c-5118db1a7fff,20,2.0,,,,11.93,10.82,11.13,10.03,9.04,8.11
2025-12-17T02:50:10.801963,Recipe_B,ca4e2b3e-360b-4bf9-859c-5118db1a7fff,20,2.0,,,,10.51,13.56,11.15,10.99,9.38,11.34
2025-12-17T02:50:11.801963,Recipe_B,ca4e2b3e-360b-4bf9-859c-5118db1a7fff,20,2.0,,,,13.45,9.76,9.21,10.45,10.57,9.09
2025-12-17T02:50:12.801963,Recipe_B,ca4e2b3e-360b-4bf9-859c-5118db1a7fff,20,2.0,,,,9.87,8.56,8.95,8.76,6.83,7.93
2025-12-17T02:50:13.801963,Recipe_B,ca4e2b3e-360b-4bf9-859c-5118db1a7fff,20,1.0,,,,8.11,12.69,9.39,10.39,7.41,8.49
2025-12-17T02:50:14.801963,Recipe_B,ca4e2b3e-360b-4bf9-859c-5118db1a7fff,20,1.0,,,,7.26,9.07,7.89,10.16,17.09,11.57
2025-12-17T02:50:15.801963,Recipe_B,ca4e2b3e-360b-4bf9-859c-5118db1a7fff,20,1.0,,,,12.4,11.01,9.59,9.45,6.57,13.37
2025-12-17T02:50:16.801963,Recipe_B,ca4e2b3e-360b-4bf9-859c-5118db1a7fff,20,1.0,,,,10.51,10.31,11.1,10.0,12.86,9.77
2025-12-17T02:50:17.801963,Recipe_B,ca4e2b3e-360b-4bf9-859c-5118db1a7fff,20,1.0,,,,9.85,10.6,8.55,6.75,7.48,10.44
2025-12-17T02:50:18.801963,Recipe_B,ca4e2b3e-360b-4bf9-859c-5118db1a7fff,20,1.0,,,,10.66,9.99,8.94,12.67,11.6,11.19
2025-12-17T02:50:19.801963,Recipe_B,ca4e2b3e-360b-4bf9-859c-5118db1a7fff,20,0.0,,,,0.0,0.0,0.0,0.0,0.0,0.0
2025-12-17T02:50:20.801963,Recipe_B,ca4e2b3e-360b-4bf9-859c-5118db1a7fff,20,0.0,,,,0.0,0.0,0.0,0.0,0.0,0.0
2025-12-17T02:50:21.801963,Recipe_B,ca4e2b3e-360b-4bf9-859c-5118db1a7fff,20,0.0,,,,0.0,0.0,0.0,0.0,0.0,0.0
2025-12-17T02:50:22.801963,Recipe_B,ca4e2b3e-360b-4bf9-859c-5118db1a7fff,20,0.0,,,,0.0,0.0,0.0,0.0,0.0,0.0
2025-12-17T02:50:23.801963,Recipe_B,ca4e2b3e-360b-4bf9-859c-5118db1a7fff,20,0.0,,,,0.0,0.0,0.0,0.0,0.0,0.0
2025-12-17T02:50:24.801963,Recipe_B,ca4e2b3e-360b-4bf9-859c-5118db1a7fff,20,0.0,,,,0.0,0.0,0.0,0.0,0.0,0.0
2025-12-17T02:50:25.801963,Recipe_B,ca4e2b3e-360b-4bf9-859c-5118db1a7fff,20,0.0,,,,0.0,0.0,0.0,0.0,0.0,0.0
2025-12-17T02:50:26.801963,Recipe_B,ca4e2b3e-360b-4bf9-859c-5118db1a7fff,20,0.0,,,,0.0,0.0,0.0,0.0,0.0,0.0
2025-12-17T02:50:27.801963,Recipe_B,ca4e2b3e-360b-4bf9-859c-5118db1a7fff,20,0.0,,,,0.0,0.0,0.0,0.0,0.0,0.0
2025-12-17T02:50:28.801963,Recipe_B,ca4e2b3e-360b-4bf9-859c-5118db1a7fff,20,0.0,,,,0.0,0.0,0.0,0.0,0.0,0.0
2025-12-17T02:50:29.801963,Recipe_B,ca4e2b3e-360b-4bf9-859c-5118db1a7fff,20,0.0,,,,0.0,0.0,0.0,0.0,0.0,0.0
2025-12-17T02:50:30.801963,Recipe_B,ca4e2b3e-360b-4bf9-859c-5118db1a7fff,20,0.0,,,,0.0,0.0,0.0,0.0,0.0,0.0
2025-12-17T02:50:31.801963,Recipe_B,ca4e2b3e-360b-4bf9-859c-5118db1a7fff,20,0.0,,,,0.0,0.0,0.0,0.0,0.0,0.0
2025-12-17T02:50:32.801963,Recipe_B,ca4e2b3e-360b-4bf9-859c-5118db1a7fff,20,0.0,,,,0.0,0.0,0.0,0.0,0.0,0.0
2025-12-17T02:50:33.801963,Recipe_B,ca4e2b3e-360b-4bf9-859c-5118db1a7fff,20,0.0,,,,0.0,0.0,0.0,0.0,0.0,0.0
2025-12-17T02:50:34.801963,Recipe_B,ca4e2b3e-360b-4bf9-859c-5118db1a7fff,20,0.0,,,,0.0,0.0,0.0,0.0,0.0,0.0
2025-12-17T02:50:35.801963,Recipe_B,ca4e2b3e-360b-4bf9-859c-5118db1a7fff,20,0.0,,,,0.0,0.0,0.0,0.0,0.0,0.0
2025-12-17T02:50:36.801963,Recipe_B,ca4e2b3e-360b-4bf9-859c-5118db1a7fff,20,0.0,,,,0.0,0.0,0.0,0.0,0.0,0.0
2025-12-17T02:50:37.801963,Recipe_B,ca4e2b3e-360b-4bf9-859c-5118db1a7fff,20,0.0,,,,0.0,0.0,0.0,0.0,0.0,0.0
2025-12-17T02:50:38.801963,Recipe_B,ca4e2b3e-360b-4bf9-859c-5118db1a7fff,20,0.0,,,,0.0,0.0,0.0,0.0,0.0,0.0
2025-12-17T02:50:39.801963,Recipe_B,ca4e2b3e-360b-4bf9-859c-5118db1a7fff,20,0.0,,,,0.0,0.0,0.0,0.0,0.0,0.0
2025-12-17T02:50:40.801963,Recipe_B,ca4e2b3e-360b-4bf9-859c-5118db1a7fff,20,0.0,,,,0.0,0.0,0.0,0.0,0.0,0.0
2025-12-17T02:50:41.801963,Recipe_B,ca4e2b3e-360b-4bf9-859c-5118db1a7fff,20,0.0,,,,0.0,0.0,0.0,0.0,0.0,0.0
2025-12-17T02:50:42.801963,Recipe_B,ca4e2b3e-360b-4bf9-859c-5118db1a7fff,20,0.0,,,,0.0,0.0,0.0,0.0,0.0,0.0
2025-12-17T02:50:43.801963,Recipe_B,ca4e2b3e-360b-4bf9-859c-5118db1a7fff,20,0.0,,,,0.0,0.0,0.0,0.0,0.0,0.0
2025-12-17T02:50:44.801963,Recipe_B,ca4e2b3e-360b-4bf9-859c-5118db1a7fff,20,0.0,,,,0.0,0.0,0.0,0.0,0.0,0.0
2025-12-17T02:50:45.801963,Recipe_B,ca4e2b3e-360b-4bf9-859c-5118db1a7fff,20,0.0,,,,0.0,0.0,0.0,0.0,0.0,0.0
2025-12-17T02:50:46.801963,Recipe_B,ca4e2b3e-360b-4bf9-859c-5118db1a7fff,20,5.0,,,,11.39,7.7,14.12,13.49,9.48,11.58
2025-12-17T02:50:47.801963,Recipe_B,ca4e2b3e-360b-4bf9-859c-5118db1a7fff,20,5.0,,,,9.82,7.48,5.29,11.33,10.15,9.59
2025-12-17T02:50:48.801963,Recipe_B,ca4e2b3e-360b-4bf9-859c-5118db1a7fff,20,5.0,,,,7.68,8.23,9.69,11.82,8.4,14.81
2025-12-17T02:50:49.801963,Recipe_B,ca4e2b3e-360b-4bf9-859c-5118db1a7fff,20,5.0,,,,9.26,6.36,11.93,12.0,7.43,9.58
2025-12-17T02:50:50.801963,Recipe_B,ca4e2b3e-360b-4bf9-859c-5118db1a7fff,20,5.0,,,,7.9,12.73,11.51,11.51,7.29,9.77
2025-12-17T02:50:51.801963,Recipe_B,ca4e2b3e-360b-4bf9-859c-5118db1a7fff,20,5.0,,,,10.97,7.76,7.76,8.66,11.52,12.22
2025-12-17T02:50:52.801963,Recipe_B,ca4e2b3e-360b-4bf9-859c-5118db1a7fff,20,5.0,,,,9.54,6.38,11.21,8.89,11.95,11.42
2025-12-17T02:50:53.801963,Recipe_B,ca4e2b3e-360b-4bf9-859c-5118db1a7fff,20,3.0,,,,8.3,11.69,7.46,9.74,10.35,9.38
2025-12-17T02:50:54.801963,Recipe_B,ca4e2b3e-360b-4bf9-859c-5118db1a7fff,20,3.0,,,,9.99,15.01,14.52,11.06,12.0,10.49
2025-12-17T02:50:55.801963,Recipe_B,ca4e2b3e-360b-4bf9-859c-5118db1a7fff,20,3.0,,,,9.3,9.13,10.77,8.41,7.04,8.36
2025-12-17T02:50:56.801963,Recipe_B,ca4e2b3e-360b-4bf9-859c-5118db1a7fff,20,3.0,,,,11.28,10.91,9.05,15.53,7.25,11.01
2025-12-17T02:50:57.801963,Recipe_B,ca4e2b3e-360b-4bf9-859c-5118db1a7fff,20,3.0,,,,9.27,9.83,11.15,7.33,11.14,14.28
2025-12-17T02:50:58.801963,Recipe_B,ca4e2b3e-360b-4bf9-859c-5118db1a7fff,20,3.0,,,,7.46,15.1,10.95,11.77,13.25,7.61
2025-12-17T02:50:59.801963,Recipe_B,ca4e2b3e-360b-4bf9-859c-5118db1a7fff,20,3.0,,,,11.02,9.03,9.43,6.32,10.39,10.95
2025-12-17T02:51:00.801963,Recipe_B,ca4e2b3e-360b-4bf9-859c-5118db1a7fff,20,3.0,,,,8.98,8.62,10.83,9.75,9.69,10.95
2025-12-17T02:51:01.801963,Recipe_B,ca4e2b3e-360b-4bf9-859c-5118db1a7fff,20,3.0,,,,4.66,14.95,10.26,9.55,14.35,9.39
2025-12-17T02:51:02.801963,Recipe_B,ca4e2b3e-360b-4bf9-859c-5118db1a7fff,20,3.0,,,,9.05,10.02,7.24,10.88,10.97,10.47
2025-12-17T02:51:03.801963,Recipe_B,ca4e2b3e-360b-4bf9-859c-5118db1a7fff,20,3.0,,,,9.56,11.79,7.26,12.69,10.74,9.64
2025-12-17T02:51:04.801963,Recipe_B,ca4e2b3e-360b-4bf9-859c-5118db1a7fff,20,3.0,,,,8.78,11.0,10.91,9.38,12.28,9.32
2025-12-17T02:51:05.801963,Recipe_B,ca4e2b3e-360b-4bf9-859c-5118db1a7fff,20,3.0,,,,12.94,10.85,10.81,8.72,10.7,12.03
2025-12-17T02:51:06.801963,Recipe_B,ca4e2b3e-360b-4bf9-859c-5118db1a7fff,20,3.0,,,,5.95,13.03,6.99,8.52,8.71,11.05
2025-12-17T02:51:07.801963,Recipe_B,ca4e2b3e-360b-4bf9-859c-5118db1a7fff,20,3.0,,,,9.39,11.73,9.5,10.09,12.32,8.08
2025-12-17T02:51:08.801963,Recipe_B,ca4e2b3e-360b-4bf9-859c-5118db1a7fff,20,3.0,,,,9.88,10.05,10.08,8.96,9.27,6.96
2025-12-17T02:51:09.801963,Recipe_B,ca4e2b3e-360b-4bf9-859c-5118db1a7fff,20,3.0,,,,9.51,4.66,8.61,7.8,8.24,7.84
2025-12-17T02:51:10.801963,Recipe_B,ca4e2b3e-360b-4bf9-859c-5118db1a7fff,20,3.0,,,,12.33,15.67,12.19,12.7,14.02,9.25
2025-12-17T02:51:11.801963,Recipe_B,ca4e2b3e-360b-4bf9-859c-5118db1a7fff,20,3.0,,,,8.85,9.95,11.63,8.28,7.7,10.64
2025-12-17T02:51:12.801963,Recipe_B,ca4e2b3e-360b-4bf9-859c-5118db1a7fff,20,3.0,,,,11.05,10.22,11.09,8.15,11.18,9.68
2025-12-17T02:51:13.801963,Recipe_B,ca4e2b3e-360b-4bf9-859c-5118db1a7fff,20,3.0,,,,8.13,7.46,13.23,9.24,10.94,9.48
2025-12-17T02:51:14.801963,Recipe_B,ca4e2b3e-360b-4bf9-859c-5118db1a7fff,20,3.0,,,,9.42,7.74,7.61,11.62,6.72,10.76
2025-12-17T02:51:15.801963,Recipe_B,ca4e2b3e-360b-4bf9-859c-5118db1a7fff,20,3.0,,,,11.83,9.6,12.44,10.22,10.34,7.6
2025-12-17T02:51:16.801963,Recipe_B,ca4e2b3e-360b-4bf9-859c-5118db1a7fff,20,3.0,,,,9.84,6.41,11.95,10.81,9.16,7.97
2025-12-17T02:51:17.801963,Recipe_B,ca4e2b3e-360b-4bf9-859c-5118db1a7fff,20,3.0,,,,7.88,8.23,9.95,8.56,11.49,11.54
2025-12-17T02:51:18.801963,Recipe_B,ca4e2b3e-360b-4bf9-859c-5118db1a7fff,20,3.0,,,,5.04,10.88,10.33,8.67,8.27,12.52
2025-12-17T02:51:19.801963,Recipe_B,ca4e2b3e-360b-4bf9-859c-5118db1a7fff,20,3.0,,,,10.13,12.46,10.64,12.16,11.53,8.24
2025-12-17T02:51:20.801963,Recipe_B,ca4e2b3e-360b-4bf9-859c-5118db1a7fff,20,3.0,,,,7.97,6.44,13.39,8.89,11.55,7.94
2025-12-17T02:51:21.801963,Recipe_B,ca4e2b3e-360b-4bf9-859c-5118db1a7fff,20,3.0,,,,8.47,6.66,9.06,12.69,7.87,11.38
2025-12-17T02:51:22.801963,Recipe_B,ca4e2b3e-360b-4bf9-859c-5118db1a7fff,20,3.0,,,,9.61,11.85,11.6,9.07,11.35,9.36
2025-12-17T02:51:23.801963,Recipe_B,ca4e2b3e-360b-4bf9-859c-5118db1a7fff,20,3.0,,,,12.13,10.91,10.37,12.47,10.37,10.93
2025-12-17T02:51:24.801963,Recipe_B,ca4e2b3e-360b-4bf9-859c-5118db1a7fff,20,3.0,,,,9.35,7.73,5.85,9.5,8.79,8.91
2025-12-17T02:51:25.801963,Recipe_B,ca4e2b3e-360b-4bf9-859c-5118db1a7fff,20,3.0,,,,11.05,8.19,9.23,13.72,13.29,12.16
2025-12-17T02:51:26.801963,Recipe_B,ca4e2b3e-360b-4bf9-859c-5118db1a7fff,20,3.0,,,,9.26,8.94,12.91,8.08,8.19,11.72
2025-12-17T02:51:27.801963,Recipe_B,ca4e2b3e-360b-4bf9-859c-5118db1a7fff,20,3.0,,,,12.55,10.61,8.11,13.02,9.54,10.83
2025-12-17T02:51:28.801963,Recipe_B,ca4e2b3e-360b-4bf9-859c-5118db1a7fff,20,3.0,,,,14.66,7.58,9.84,12.93,2.28,11.63
2025-12-17T02:51:29.801963,Recipe_B,ca4e2b3e-360b-4bf9-859c-5118db1a7fff,20,3.0,,,,9.48,10.97,13.49,11.66,15.65,9.55
2025-12-17T02:51:30.801963,Recipe_B,ca4e2b3e-360b-4bf9-859c-5118db1a7fff,20,3.0,,,,9.95,8.83,10.41,12.44,10.43,13.65
2025-12-17T02:51:31.801963,Recipe_B,ca4e2b3e-360b-4bf9-859c-5118db1a7fff,20,3.0,,,,9.39,9.85,9.3,11.18,6.21,10.35
2025-12-17T02:51:32.801963,Recipe_B,ca4e2b3e-360b-4bf9-859c-5118db1a7fff,20,3.0,,,,12.53,8.11,10.74,10.46,9.67,6.45
2025-12-17T02:51:33.801963,Recipe_B,ca4e2b3e-360b-4bf9-859c-5118db1a7fff,20,3.0,,,,5.73,7.56,10.8,11.77,7.79,12.29
2025-12-17T02:51:34.801963,Recipe_B,ca4e2b3e-360b-4bf9-859c-5118db1a7fff,20,3.0,,,,10.33,8.91,12.49,10.21,7.13,8.19
2025-12-17T02:51:35.801963,Recipe_B,ca4e2b3e-360b-4bf9-859c-5118db1a7fff,20,3.0,,,,9.39,10.56,9.53,10.56,9.03,9.33
2025-12-17T02:51:36.801963,Recipe_B,ca4e2b3e-360b-4bf9-859c-5118db1a7fff,20,3.0,,,,8.67,9.62,8.53,10.29,10.01,5.77
2025-12-17T02:51:37.801963,Recipe_B,ca4e2b3e-360b-4bf9-859c-5118db1a7fff,20,3.0,,,,9.17,9.44,11.03,9.12,8.22,10.35
2025-12-17T02:51:38.801963,Recipe_B,ca4e2b3e-360b-4bf9-859c-5118db1a7fff,20,3.0,,,,8.13,8.11,10.22,12.75,10.4,16.22
2025-12-17T02:51:39.801963,Recipe_B,ca4e2b3e-360b-4bf9-859c-5118db1a7fff,20,3.0,,,,9.44,8.49,10.08,11.78,8.03,7.3
2025-12-17T02:51:40.801963,Recipe_B,ca4e2b3e-360b-4bf9-859c-5118db1a7fff,20,3.0,,,,6.45,8.34,10.74,7.41,11.04,7.87
2025-12-17T02:51:41.801963,Recipe_B,ca4e2b3e-360b-4bf9-859c-5118db1a7fff,20,3.0,,,,10.27,15.99,8.89,9.75,7.66,6.82
2025-12-17T02:51:42.801963,Recipe_B,ca4e2b3e-360b-4bf9-859c-5118db1a7fff,20,1.0,,,,9.73,9.2,10.78,8.66,8.43,11.6
2025-12-17T02:51:43.801963,Recipe_B,ca4e2b3e-360b-4bf9-859c-5118db1a7fff,20,1.0,,,,7.38,7.84,7.6,6.93,6.04,11.88
2025-12-17T02:51:44.801963,Recipe_B,ca4e2b3e-360b-4bf9-859c-5118db1a7fff,20,1.0,,,,10.81,12.35,9.12,11.56,9.33,9.47
2025-12-17T02:51:45.801963,Recipe_B,ca4e2b3e-360b-4bf9-859c-5118db1a7fff,20,1.0,,,,9.15,13.64,10.26,6.71,11.42,9.53
2025-12-17T02:51:46.801963,Recipe_B,ca4e2b3e-360b-4bf9-859c-5118db1a7fff,20,1.0,,,,8.65,7.71,12.57,13.18,7.87,11.92
2025-12-17T02:51:47.801963,Recipe_B,ca4e2b3e-360b-4bf9-859c-5118db1a7fff,20,0.0,,,,0.0,0.0,0.0,0.0,0.0,0.0
2025-12-17T02:51:48.801963,Recipe_B,ca4e2b3e-360b-4bf9-859c-5118db1a7fff,20,1.0,,,,10.99,9.69,11.13,8.41,7.99,12.65
2025-12-17T02:51:49.801963,Recipe_B,ca4e2b3e-360b-4bf9-859c-5118db1a7fff,20,1.0,,,,8.49,11.89,15.29,10.45,7.25,10.13
2025-12-17T02:51:50.801963,Recipe_B,ca4e2b3e-360b-4bf9-859c-5118db1a7fff,20,1.0,,,,13.81,12.56,6.01,6.61,9.77,5.28
2025-12-17T02:51:51.801963,Recipe_B,ca4e2b3e-360b-4bf9-859c-5118db1a7fff,20,1.0,,,,13.12,8.68,7.14,8.07,12.37,7.31
2025-12-17T02:51:52.801963,Recipe_B,ca4e2b3e-360b-4bf9-859c-5118db1a7fff,20,1.0,,,,10.53,8.02,7.33,10.48,11.67,10.13
2025-12-17T02:51:53.801963,Recipe_B,ca4e2b3e-360b-4bf9-859c-5118db1a7fff,20,1.0,,,,9.98,10.55,9.34,10.44,10.6,11.62
2025-12-17T02:51:54.801963,Recipe_B,ca4e2b3e-360b-4bf9-859c-5118db1a7fff,20,1.0,,,,11.88,10.94,10.17,7.4,9.25,9.81
2025-12-17T02:51:55.801963,Recipe_B,ca4e2b3e-360b-4bf9-859c-5118db1a7fff,20,1.0,,,,8.4,7.53,9.1,9.74,9.69,5.16
2025-12-17T02:51:56.801963,Recipe_B,ca4e2b3e-360b-4bf9-859c-5118db1a7fff,20,1.0,,,,10.61,10.87,8.92,9.3,10.88,10.09
2025-12-17T02:51:57.801963,Recipe_B,ca4e2b3e-360b-4bf9-859c-5118db1a7fff,20,1.0,,,,6.72,8.24,9.85,8.74,10.52,11.74
2025-12-17T02:51:58.801963,Recipe_B,ca4e2b3e-360b-4bf9-859c-5118db1a7fff,20,1.0,,,,10.87,10.99,11.75,7.27,11.03,13.75
2025-12-17T02:51:59.801963,Recipe_B,ca4e2b3e-360b-4bf9-859c-5118db1a7fff,20,1.0,,,,10.0,8.58,11.76,9.39,8.11,9.78
2025-12-17T02:52:00.801963,Recipe_B,ca4e2b3e-360b-4bf9-859c-5118db1a7fff,20,1.0,,,,11.19,9.6,14.27,9.23,10.59,9.71
2025-12-17T02:52:01.801963,Recipe_B,ca4e2b3e-360b-4bf9-859c-5118db1a7fff,20,1.0,,,,7.09,10.56,10.23,9.52,7.34,9.8
2025-12-17T02:52:02.801963,Recipe_B,ca4e2b3e-360b-4bf9-859c-5118db1a7fff,20,1.0,,,,10.24,11.07,8.17,9.66,10.36,13.18
2025-12-17T02:52:03.801963,Recipe_B,ca4e2b3e-360b-4bf9-859c-5118db1a7fff,20,1.0,,,,10.46,14.54,10.93,8.64,9.09,8.31
2025-12-17T02:52:04.801963,Recipe_B,ca4e2b3e-360b-4bf9-859c-5118db1a7fff,20,1.0,,,,8.69,8.34,8.85,10.18,7.82,7.26
2025-12-17T02:52:05.801963,Recipe_B,ca4e2b3e-360b-4bf9-859c-5118db1a7fff,20,1.0,,,,9.84,12.67,9.71,9.97,9.69,10.63
2025-12-17T02:52:06.801963,Recipe_B,ca4e2b3e-360b-4bf9-859c-5118db1a7fff,20,1.0,,,,10.47,6.82,9.88,7.73,10.35,8.99
2025-12-17T02:52:07.801963,Recipe_B,ca4e2b3e-360b-4bf9-859c-5118db1a7fff,20,1.0,,,,9.15,11.15,6.6,11.64,10.27,7.44
2025-12-17T02:52:08.801963,Recipe_B,ca4e2b3e-360b-4bf9-859c-5118db1a7fff,20,2.0,,,,9.91,12.1,6.73,9.6,10.63,6.83
2025-12-17T02:52:09.801963,Recipe_B,ca4e2b3e-360b-4bf9-859c-5118db1a7fff,20,2.0,,,,7.81,6.77,10.04,9.74,10.07,10.18
2025-12-17T02:52:10.801963,Recipe_B,ca4e2b3e-360b-4bf9-859c-5118db1a7fff,20,2.0,,,,9.74,8.93,8.48,9.92,10.52,11.32
2025-12-17T02:52:11.801963,Recipe_B,ca4e2b3e-360b-4bf9-859c-5118db1a7fff,20,0.0,,,,0.0,0.0,0.0,0.0,0.0,0.0
2025-12-17T02:52:12.801963,Recipe_B,ca4e2b3e-360b-4bf9-859c-5118db1a7fff,20,0.0,,,,0.0,0.0,0.0,0.0,0.0,0.0
2025-12-17T02:52:13.801963,Recipe_B,ca4e2b3e-360b-4bf9-859c-5118db1a7fff,20,0.0,,,,0.0,0.0,0.0,0.0,0.0,0.0
2025-12-17T02:52:14.801963,Recipe_B,ca4e2b3e-360b-4bf9-859c-5118db1a7fff,20,0.0,,,,0.0,0.0,0.0,0.0,0.0,0.0
2025-12-17T02:52:15.801963,Recipe_B,ca4e2b3e-360b-4bf9-859c-5118db1a7fff,20,0.0,,,,0.0,0.0,0.0,0.0,0.0,0.0
2025-12-17T02:52:16.801963,Recipe_B,ca4e2b3e-360b-4bf9-859c-5118db1a7fff,20,0.0,,,,0.0,0.0,0.0,0.0,0.0,0.0
2025-12-17T02:52:17.801963,Recipe_B,ca4e2b3e-360b-4bf9-859c-5118db1a7fff,20,0.0,,,,0.0,0.0,0.0,0.0,0.0,0.0
2025-12-17T02:52:18.801963,Recipe_B,ca4e2b3e-360b-4bf9-859c-5118db1a7fff,20,0.0,,,,0.0,0.0,0.0,0.0,0.0,0.0
2025-12-17T02:52:19.801963,Recipe_B,ca4e2b3e-360b-4bf9-859c-5118db1a7fff,20,0.0,,,,0.0,0.0,0.0,0.0,0.0,0.0
2025-12-17T02:52:20.801963,Recipe_B,ca4e2b3e-360b-4bf9-859c-5118db1a7fff,20,0.0,,,,0.0,0.0,0.0,0.0,0.0,0.0
2025-12-17T02:52:21.801963,Recipe_B,ca4e2b3e-360b-4bf9-859c-5118db1a7fff,20,0.0,,,,0.0,0.0,0.0,0.0,0.0,0.0
2025-12-17T02:52:22.801963,Recipe_B,ca4e2b3e-360b-4bf9-859c-5118db1a7fff,20,0.0,,,,0.0,0.0,0.0,0.0,0.0,0.0
2025-12-17T02:52:23.801963,Recipe_B,ca4e2b3e-360b-4bf9-859c-5118db1a7fff,20,0.0,,,,0.0,0.0,0.0,0.0,0.0,0.0
2025-12-17T02:52:24.801963,Recipe_B,ca4e2b3e-360b-4bf9-859c-5118db1a7fff,20,0.0,,,,0.0,0.0,0.0,0.0,0.0,0.0
2025-12-17T02:52:25.801963,Recipe_B,ca4e2b3e-360b-4bf9-859c-5118db1a7fff,20,0.0,,,,0.0,0.0,0.0,0.0,0.0,0.0
2025-12-17T02:52:26.801963,Recipe_B,ca4e2b3e-360b-4bf9-859c-5118db1a7fff,20,0.0,,,,0.0,0.0,0.0,0.0,0.0,0.0
2025-12-17T02:52:27.801963,Recipe_B,ca4e2b3e-360b-4bf9-859c-5118db1a7fff,20,0.0,,,,0.0,0.0,0.0,0.0,0.0,0.0
2025-12-17T02:52:28.801963,Recipe_B,ca4e2b3e-360b-4bf9-859c-5118db1a7fff,20,0.0,,,,0.0,0.0,0.0,0.0,0.0,0.0
2025-12-17T02:52:29.801963,Recipe_B,ca4e2b3e-360b-4bf9-859c-5118db1a7fff,20,0.0,,,,0.0,0.0,0.0,0.0,0.0,0.0
2025-12-17T02:52:30.801963,Recipe_B,ca4e2b3e-360b-4bf9-859c-5118db1a7fff,20,0.0,,,,0.0,0.0,0.0,0.0,0.0,0.0
2025-12-17T02:52:31.801963,Recipe_B,ca4e2b3e-360b-4bf9-859c-5118db1a7fff,20,0.0,,,,0.0,0.0,0.0,0.0,0.0,0.0
2025-12-17T02:52:32.801963,Recipe_B,ca4e2b3e-360b-4bf9-859c-5118db1a7fff,20,0.0,,,,0.0,0.0,0.0,0.0,0.0,0.0
2025-12-17T02:52:33.801963,Recipe_B,ca4e2b3e-360b-4bf9-859c-5118db1a7fff,20,0.0,,,,0.0,0.0,0.0,0.0,0.0,0.0
2025-12-17T02:52:34.801963,Recipe_B,ca4e2b3e-360b-4bf9-859c-5118db1a7fff,20,0.0,,,,0.0,0.0,0.0,0.0,0.0,0.0
2025-12-17T02:52:35.801963,Recipe_B,ca4e2b3e-360b-4bf9-859c-5118db1a7fff,20,0.0,,,,0.0,0.0,0.0,0.0,0.0,0.0
2025-12-17T02:52:36.801963,Recipe_B,ca4e2b3e-360b-4bf9-859c-5118db1a7fff,20,0.0,,,,0.0,0.0,0.0,0.0,0.0,0.0
2025-12-17T02:52:37.801963,Recipe_B,ca4e2b3e-360b-4bf9-859c-5118db1a7fff,20,0.0,,,,0.0,0.0,0.0,0.0,0.0,0.0
2025-12-17T02:52:38.801963,Recipe_B,ca4e2b3e-360b-4bf9-859c-5118db1a7fff,20,4.0,,,,104.15,47.7,61.94,42.79,56.0,50.4
2025-12-17T02:52:39.801963,Recipe_B,ca4e2b3e-360b-4bf9-859c-5118db1a7fff,20,4.0,,,,98.32,51.49,50.79,47.48,50.43,40.06
2025-12-17T02:52:40.801963,Recipe_B,ca4e2b3e-360b-4bf9-859c-5118db1a7fff,20,4.0,,,,96.92,53.4,61.18,46.16,52.99,40.56
2025-12-17T02:52:41.801963,Recipe_B,ca4e2b3e-360b-4bf9-859c-5118db1a7fff,20,4.0,,,,106.35,59.26,47.7,44.86,58.09,47.19
2025-12-17T02:52:42.801963,Recipe_B,ca4e2b3e-360b-4bf9-859c-5118db1a7fff,20,1.0,,,,6.94,8.74,8.83,9.45,9.5,9.39
2025-12-17T02:52:43.801963,Recipe_B,ca4e2b3e-360b-4bf9-859c-5118db1a7fff,20,1.0,,,,6.76,11.56,11.3,8.92,8.98,12.1
2025-12-17T02:52:44.801963,Recipe_B,ca4e2b3e-360b-4bf9-859c-5118db1a7fff,20,1.0,,,,10.2,13.43,10.1,8.1,11.84,9.61
2025-12-17T02:52:45.801963,Recipe_B,ca4e2b3e-360b-4bf9-859c-5118db1a7fff,20,1.0,,,,8.82,8.7,9.53,13.08,10.35,7.8
2025-12-17T02:52:46.801963,Recipe_B,ca4e2b3e-360b-4bf9-859c-5118db1a7fff,20,1.0,,,,12.23,10.41,11.22,10.14,9.82,11.85
2025-12-17T02:52:47.801963,Recipe_B,ca4e2b3e-360b-4bf9-859c-5118db1a7fff,20,1.0,,,,9.6,9.61,11.89,10.5,9.38,6.4
2025-12-17T02:52:48.801963,Recipe_B,ca4e2b3e-360b-4bf9-859c-5118db1a7fff,20,1.0,,,,10.08,11.9,10.8,9.83,11.35,13.93
2025-12-17T02:52:49.801963,Recipe_B,ca4e2b3e-360b-4bf9-859c-5118db1a7fff,20,1.0,,,,8.89,9.93,10.33,3.83,9.2,8.29
2025-12-17T02:52:50.801963,Recipe_B,ca4e2b3e-360b-4bf9-859c-5118db1a7fff,20,1.0,,,,8.16,11.99,11.94,8.7,6.39,8.76
2025-12-17T02:52:51.801963,Recipe_B,ca4e2b3e-360b-4bf9-859c-5118db1a7fff,20,1.0,,,,10.88,10.68,12.63,10.12,7.93,11.36
2025-12-17T02:52:52.801963,Recipe_B,ca4e2b3e-360b-4bf9-859c-5118db1a7fff,20,1.0,,,,4.89,12.16,10.42,10.01,11.45,10.63
2025-12-17T02:52:53.801963,Recipe_B,ca4e2b3e-360b-4bf9-859c-5118db1a7fff,20,1.0,,,,11.67,6.54,6.69,7.56,14.45,11.54
2025-12-17T02:52:54.801963,Recipe_B,ca4e2b3e-360b-4bf9-859c-5118db1a7fff,20,1.0,,,,9.37,14.31,9.37,11.47,10.03,9.62
2025-12-17T02:52:55.801963,Recipe_B,ca4e2b3e-360b-4bf9-859c-5118db1a7fff,20,4.0,,,,93.22,46.07,48.82,55.03,55.99,50.59
2025-12-17T02:52:56.801963,Recipe_B,ca4e2b3e-360b-4bf9-859c-5118db1a7fff,20,4.0,,,,96.4,57.04,52.51,52.2,49.9,46.3
2025-12-17T02:52:57.801963,Recipe_B,ca4e2b3e-360b-4bf9-859c-5118db1a7fff,20,4.0,,,,89.99,47.89,63.2,55.37,60.19,51.02
2025-12-17T02:52:58.801963,Recipe_B,ca4e2b3e-360b-4bf9-859c-5118db1a7fff,20,4.0,,,,103.23,55.1,46.2,51.72,48.61,45.56
2025-12-17T02:52:59.801963,Recipe_B,ca4e2b3e-360b-4bf9-859c-5118db1a7fff,20,4.0,,,,101.67,41.73,52.73,48.97,56.32,44.77
2025-12-17T02:53:00.801963,Recipe_B,ca4e2b3e-360b-4bf9-859c-5118db1a7fff,20,4.0,,,,95.91,50.37,49.69,53.96,50.63,42.96
2025-12-17T02:53:01.801963,Recipe_B,ca4e2b3e-360b-4bf9-859c-5118db1a7fff,20,4.0,,,,93.1,45.46,48.25,53.0,45.99,56.55
2025-12-17T02:53:02.801963,Recipe_B,ca4e2b3e-360b-4bf9-859c-5118db1a7fff,20,4.0,,,,94.39,50.0,59.56,51.38,60.12,50.07
2025-12-17T02:53:03.801963,Recipe_B,ca4e2b3e-360b-4bf9-859c-5118db1a7fff,20,4.0,,,,101.8,46.57,60.46,52.87,54.78,44.47
2025-12-17T02:53:04.801963,Recipe_B,ca4e2b3e-360b-4bf9-859c-5118db1a7fff,20,4.0,,,,99.94,46.32,49.83,50.01,51.38,52.71
2025-12-17T02:53:05.801963,Recipe_B,ca4e2b3e-360b-4bf9-859c-5118db1a7fff,20,4.0,,,,98.36,40.7,38.62,47.68,53.39,48.67
2025-12-17T02:53:06.801963,Recipe_B,ca4e2b3e-360b-4bf9-859c-5118db1a7fff,20,4.0,,,,102.44,54.19,59.18,43.12,47.22,39.16
2025-12-17T02:53:07.801963,Recipe_B,ca4e2b3e-360b-4bf9-859c-5118db1a7fff,20,4.0,,,,108.9,46.81,41.29,59.26,52.79,47.98
2025-12-17T02:53:08.801963,Recipe_B,ca4e2b3e-360b-4bf9-859c-5118db1a7fff,20,4.0,,,,98.94,45.87,53.36,57.32,50.1,49.56
2025-12-17T02:53:09.801963,Recipe_B,ca4e2b3e-360b-4bf9-859c-5118db1a7fff,20,4.0,,,,99.49,37.99,61.8,53.48,38.12,53.96
2025-12-17T02:53:10.801963,Recipe_B,ca4e2b3e-360b-4bf9-859c-5118db1a7fff,20,4.0,,,,101.17,54.24,49.42,44.47,43.11,41.0
2025-12-17T02:53:11.801963,Recipe_B,ca4e2b3e-360b-4bf9-859c-5118db1a7fff,20,4.0,,,,111.0,44.32,43.56,52.38,52.05,46.38
2025-12-17T02:53:12.801963,Recipe_B,ca4e2b3e-360b-4bf9-859c-5118db1a7fff,20,5.0,,,,10.08,9.45,11.16,12.2,10.85,13.1
2025-12-17T02:53:13.801963,Recipe_B,ca4e2b3e-360b-4bf9-859c-5118db1a7fff,20,5.0,,,,8.87,12.22,8.75,8.05,7.23,10.14
2025-12-17T02:53:14.801963,Recipe_B,ca4e2b3e-360b-4bf9-859c-5118db1a7fff,20,5.0,,,,10.74,9.73,10.33,9.85,9.01,8.7
2025-12-17T02:53:15.801963,Recipe_B,ca4e2b3e-360b-4bf9-859c-5118db1a7fff,20,5.0,,,,12.22,10.4,10.49,7.07,7.14,10.72
2025-12-17T02:53:16.801963,Recipe_B,ca4e2b3e-360b-4bf9-859c-5118db1a7fff,20,5.0,,,,11.64,10.58,11.44,10.82,9.91,8.06
2025-12-17T02:53:17.801963,Recipe_B,ca4e2b3e-360b-4bf9-859c-5118db1a7fff,20,4.0,,,,98.99,41.45,50.56,47.42,44.11,58.75
2025-12-17T02:53:18.801963,Recipe_B,ca4e2b3e-360b-4bf9-859c-5118db1a7fff,20,4.0,,,,93.64,51.07,45.28,49.02,53.65,51.63
2025-12-17T02:53:19.801963,Recipe_B,ca4e2b3e-360b-4bf9-859c-5118db1a7fff,20,4.0,,,,97.69,49.45,49.25,46.55,48.0,48.95
2025-12-17T02:53:20.801963,Recipe_B,ca4e2b3e-360b-4bf9-859c-5118db1a7fff,20,4.0,,,,93.25,43.85,51.3,50.18,60.78,50.14
2025-12-17T02:53:20.801963,Recipe_B,ca4e2b3e-360b-4bf9-859c-5118db1a7fff,20,4.0,Error_10,Simulated Error occurred,Error,,,,,,
2025-12-17T02:53:21.801963,Recipe_B,ca4e2b3e-360b-4bf9-859c-5118db1a7fff,20,4.0,,,,100.67,50.88,47.4,45.18,52.01,45.13
2025-12-17T02:53:22.801963,Recipe_B,ca4e2b3e-360b-4bf9-859c-5118db1a7fff,20,4.0,,,,93.45,57.5,41.73,44.91,58.77,56.09
2025-12-17T02:53:23.801963,Recipe_B,ca4e2b3e-360b-4bf9-859c-5118db1a7fff,20,4.0,,,,103.29,55.92,53.17,48.3,54.87,44.53
2025-12-17T02:53:24.801963,Recipe_B,ca4e2b3e-360b-4bf9-859c-5118db1a7fff,20,4.0,,,,106.86,48.13,49.0,49.68,43.36,52.5
2025-12-17T02:53:25.801963,Recipe_B,ca4e2b3e-360b-4bf9-859c-5118db1a7fff,20,4.0,,,,97.63,49.91,49.6,54.95,47.74,54.69
2025-12-17T02:53:26.801963,Recipe_B,ca4e2b3e-360b-4bf9-859c-5118db1a7fff,20,4.0,,,,89.62,50.85,55.07,53.24,54.0,53.15
2025-12-17T02:53:27.801963,Recipe_B,ca4e2b3e-360b-4bf9-859c-5118db1a7fff,20,4.0,,,,102.1,55.15,52.16,47.37,49.85,51.64
2025-12-17T02:53:28.801963,Recipe_B,ca4e2b3e-360b-4bf9-859c-5118db1a7fff,20,4.0,,,,93.69,59.1,49.61,49.43,51.41,52.86
2025-12-17T02:53:29.801963,Recipe_B,ca4e2b3e-360b-4bf9-859c-5118db1a7fff,20,4.0,,,,102.01,56.05,38.65,54.45,59.26,57.9
2025-12-17T02:53:30.801963,Recipe_B,ca4e2b3e-360b-4bf9-859c-5118db1a7fff,20,4.0,,,,102.13,49.69,45.82,39.42,58.31,49.2
2025-12-17T02:53:31.801963,Recipe_B,ca4e2b3e-360b-4bf9-859c-5118db1a7fff,20,4.0,,,,105.25,56.48,34.58,53.27,51.44,41.38
2025-12-17T02:53:32.801963,Recipe_B,ca4e2b3e-360b-4bf9-859c-5118db1a7fff,20,4.0,,,,99.31,53.16,56.98,45.21,53.16,48.66
2025-12-17T02:53:33.801963,Recipe_B,ca4e2b3e-360b-4bf9-859c-5118db1a7fff,20,4.0,,,,95.41,46.54,58.13,48.68,55.75,59.05
2025-12-17T02:53:34.801963,Recipe_B,ca4e2b3e-360b-4bf9-859c-5118db1a7fff,20,4.0,,,,109.68,43.92,53.9,54.18,48.95,47.26
2025-12-17T02:53:35.801963,Recipe_B,ca4e2b3e-360b-4bf9-859c-5118db1a7fff,20,4.0,,,,97.67,56.87,46.74,48.99,50.12,42.63
2025-12-17T02:53:36.801963,Recipe_B,ca4e2b3e-360b-4bf9-859c-5118db1a7fff,20,4.0,,,,97.27,44.83,55.36,43.83,52.45,50.32
2025-12-17T02:53:37.801963,Recipe_B,ca4e2b3e-360b-4bf9-859c-5118db1a7fff,20,4.0,,,,107.61,47.74,53.68,54.24,49.02,38.28
2025-12-17T02:53:38.801963,Recipe_B,ca4e2b3e-360b-4bf9-859c-5118db1a7fff,20,4.0,,,,101.8,49.22,48.75,47.88,52.14,45.93
2025-12-17T02:53:39.801963,Recipe_B,ca4e2b3e-360b-4bf9-859c-5118db1a7fff,20,4.0,,,,103.08,52.05,43.73,50.95,49.2,51.7
2025-12-17T02:53:40.801963,Recipe_B,ca4e2b3e-360b-4bf9-859c-5118db1a7fff,20,4.0,,,,95.56,56.2,57.22,53.1,47.68,48.93
2025-12-17T02:53:41.801963,Recipe_B,ca4e2b3e-360b-4bf9-859c-5118db1a7fff,20,4.0,,,,98.22,43.53,49.65,51.22,46.95,49.17
2025-12-17T02:53:42.801963,Recipe_B,ca4e2b3e-360b-4bf9-859c-5118db1a7fff,20,4.0,,,,107.38,56.0,52.32,53.04,54.43,57.03
2025-12-17T02:53:43.801963,Recipe_B,ca4e2b3e-360b-4bf9-859c-5118db1a7fff,20,4.0,,,,102.16,47.8,44.32,51.23,41.37,44.0
2025-12-17T02:53:44.801963,Recipe_B,ca4e2b3e-360b-4bf9-859c-5118db1a7fff,20,4.0,,,,101.32,41.99,54.98,48.92,61.67,55.09
2025-12-17T02:53:45.801963,Recipe_B,ca4e2b3e-360b-4bf9-859c-5118db1a7fff,20,4.0,,,,102.6,54.84,47.51,53.51,48.27,45.52
2025-12-17T02:53:46.801963,Recipe_B,ca4e2b3e-360b-4bf9-859c-5118db1a7fff,20,4.0,,,,101.49,42.86,43.33,53.89,44.11,44.28
2025-12-17T02:53:47.801963,Recipe_B,ca4e2b3e-360b-4bf9-859c-5118db1a7fff,20,4.0,,,,98.66,47.81,47.42,47.45,47.27,62.04
2025-12-17T02:53:48.801963,Recipe_B,ca4e2b3e-360b-4bf9-859c-5118db1a7fff,20,4.0,,,,93.44,52.35,52.18,53.29,52.05,58.41
2025-12-17T02:53:49.801963,Recipe_B,ca4e2b3e-360b-4bf9-859c-5118db1a7fff,20,4.0,,,,93.08,45.66,48.46,42.71,41.92,57.35
2025-12-17T02:53:50.801963,Recipe_B,ca4e2b3e-360b-4bf9-859c-5118db1a7fff,20,4.0,,,,112.7,53.92,58.64,50.18,39.81,49.17
2025-12-17T02:53:51.801963,Recipe_B,ca4e2b3e-360b-4bf9-859c-5118db1a7fff,20,4.0,,,,92.66,41.82,53.51,53.4,39.2,49.69
2025-12-17T02:53:52.801963,Recipe_B,ca4e2b3e-360b-4bf9-859c-5118db1a7fff,20,4.0,,,,104.31,50.75,45.92,37.5,48.03,50.53
2025-12-17T02:53:53.801963,Recipe_B,ca4e2b3e-360b-4bf9-859c-5118db1a7fff,20,4.0,,,,104.96,49.12,51.86,52.97,46.91,45.4
2025-12-17T02:53:54.801963,Recipe_B,ca4e2b3e-360b-4bf9-859c-5118db1a7fff,20,4.0,,,,98.93,39.65,47.74,46.73,50.76,50.69
2025-12-17T02:53:55.801963,Recipe_B,ca4e2b3e-360b-4bf9-859c-5118db1a7fff,20,4.0,,,,105.96,53.21,48.34,56.26,56.65,50.07
2025-12-17T02:53:56.801963,Recipe_B,ca4e2b3e-360b-4bf9-859c-5118db1a7fff,20,4.0,,,,100.01,58.16,56.48,45.82,47.72,59.31
2025-12-17T02:53:57.801963,Recipe_B,ca4e2b3e-360b-4bf9-859c-5118db1a7fff,20,4.0,,,,102.75,62.55,50.23,50.69,54.94,49.02
2025-12-17T02:53:58.801963,Recipe_B,ca4e2b3e-360b-4bf9-859c-5118db1a7fff,20,4.0,,,,96.2,51.63,50.28,51.09,48.78,51.95
2025-12-17T02:53:59.801963,Recipe_B,ca4e2b3e-360b-4bf9-859c-5118db1a7fff,20,4.0,,,,92.78,47.79,51.7,42.89,50.94,55.52
2025-12-17T02:54:00.801963,Recipe_B,ca4e2b3e-360b-4bf9-859c-5118db1a7fff,20,4.0,,,,106.02,49.81,41.68,50.75,50.46,52.66
2025-12-17T02:54:01.801963,Recipe_B,ca4e2b3e-360b-4bf9-859c-5118db1a7fff,20,4.0,,,,95.22,52.21,51.44,49.4,50.68,49.25
2025-12-17T02:54:02.801963,Recipe_B,ca4e2b3e-360b-4bf9-859c-5118db1a7fff,20,4.0,,,,97.91,53.92,56.66,52.18,50.9,56.83
2025-12-17T02:54:03.801963,Recipe_B,ca4e2b3e-360b-4bf9-859c-5118db1a7fff,20,4.0,,,,97.59,53.07,47.21,44.28,42.01,44.83
2025-12-17T02:54:04.801963,Recipe_B,ca4e2b3e-360b-4bf9-859c-5118db1a7fff,20,4.0,,,,107.68,46.74,39.58,55.76,49.5,52.44
2025-12-17T02:54:05.801963,Recipe_B,ca4e2b3e-360b-4bf9-859c-5118db1a7fff,20,4.0,,,,104.97,49.54,44.97,46.17,54.91,55.41
2025-12-17T02:54:06.801963,Recipe_B,ca4e2b3e-360b-4bf9-859c-5118db1a7fff,20,4.0,,,,99.08,48.83,52.9,54.64,43.9,50.91
2025-12-17T02:54:07.801963,Recipe_B,ca4e2b3e-360b-4bf9-859c-5118db1a7fff,20,4.0,,,,98.82,51.69,49.16,54.76,48.01,49.05
2025-12-17T02:54:08.801963,Recipe_B,ca4e2b3e-360b-4bf9-859c-5118db1a7fff,20,4.0,,,,95.57,43.36,44.18,40.38,45.5,48.53
2025-12-17T02:54:09.801963,Recipe_B,ca4e2b3e-360b-4bf9-859c-5118db1a7fff,20,4.0,,,,97.18,45.27,58.05,49.63,54.07,53.68
2025-12-17T02:54:09.801963,Recipe_B,ca4e2b3e-360b-4bf9-859c-5118db1a7fff,20,4.0,Warning_6,Simulated Warning occurred,Warning,,,,,,
2025-12-17T02:54:10.801963,Recipe_B,ca4e2b3e-360b-4bf9-859c-5118db1a7fff,20,4.0,,,,98.07,59.18,51.81,57.79,62.75,44.46
2025-12-17T02:54:11.801963,Recipe_B,ca4e2b3e-360b-4bf9-859c-5118db1a7fff,20,4.0,,,,95.54,48.41,53.57,50.8,47.1,42.65
2025-12-17T02:54:12.801963,Recipe_B,ca4e2b3e-360b-4bf9-859c-5118db1a7fff,20,4.0,,,,96.29,43.5,52.34,49.17,45.04,60.81
2025-12-17T02:54:13.801963,Recipe_B,ca4e2b3e-360b-4bf9-859c-5118db1a7fff,20,4.0,,,,85.72,50.66,49.16,58.52,56.08,46.08
2025-12-17T02:54:14.801963,Recipe_B,ca4e2b3e-360b-4bf9-859c-5118db1a7fff,20,4.0,,,,97.5,58.23,55.04,43.61,53.1,46.1
2025-12-17T02:54:15.801963,Recipe_B,ca4e2b3e-360b-4bf9-859c-5118db1a7fff,20,4.0,,,,95.45,57.46,54.77,49.42,52.69,32.14
2025-12-17T02:54:16.801963,Recipe_B,ca4e2b3e-360b-4bf9-859c-5118db1a7fff,20,4.0,,,,94.36,47.14,50.85,53.04,46.24,45.43
2025-12-17T02:54:17.801963,Recipe_B,ca4e2b3e-360b-4bf9-859c-5118db1a7fff,20,4.0,,,,104.43,52.41,45.77,46.36,50.0,42.84
2025-12-17T02:54:18.801963,Recipe_B,ca4e2b3e-360b-4bf9-859c-5118db1a7fff,20,4.0,,,,103.9,54.25,50.79,50.61,56.14,50.95
2025-12-17T02:54:19.801963,Recipe_B,ca4e2b3e-360b-4bf9-859c-5118db1a7fff,20,4.0,,,,105.06,59.25,49.61,55.13,47.67,52.25
2025-12-17T02:54:20.801963,Recipe_B,ca4e2b3e-360b-4bf9-859c-5118db1a7fff,20,4.0,,,,105.22,52.86,50.15,52.99,64.54,56.69
2025-12-17T02:54:21.801963,Recipe_B,ca4e2b3e-360b-4bf9-859c-5118db1a7fff,20,4.0,,,,100.06,50.13,52.95,47.15,45.91,54.36
2025-12-17T02:54:22.801963,Recipe_B,ca4e2b3e-360b-4bf9-859c-5118db1a7fff,20,4.0,,,,97.75,50.06,60.7,50.84,39.13,44.5
2025-12-17T02:54:23.801963,Recipe_B,ca4e2b3e-360b-4bf9-859c-5118db1a7fff,20,4.0,,,,100.92,54.74,53.95,49.06,54.9,51.32
2025-12-17T02:54:24.801963,Recipe_B,ca4e2b3e-360b-4bf9-859c-5118db1a7fff,20,4.0,,,,98.76,50.56,53.23,43.44,46.64,53.59
2025-12-17T02:54:25.801963,Recipe_B,ca4e2b3e-360b-4bf9-859c-5118db1a7fff,20,4.0,,,,102.26,43.73,52.6,46.32,45.05,45.94
2025-12-17T02:54:26.801963,Recipe_B,ca4e2b3e-360b-4bf9-859c-5118db1a7fff,20,4.0,,,,90.44,41.58,40.98,49.97,51.33,45.83
2025-12-17T02:54:27.801963,Recipe_B,ca4e2b3e-360b-4bf9-859c-5118db1a7fff,20,4.0,,,,101.3,44.32,49.13,52.73,49.18,58.75
2025-12-17T02:54:28.801963,Recipe_B,ca4e2b3e-360b-4bf9-859c-5118db1a7fff,20,4.0,,,,116.07,54.51,48.53,50.97,41.37,51.2
2025-12-17T02:54:29.801963,Recipe_B,ca4e2b3e-360b-4bf9-859c-5118db1a7fff,20,4.0,,,,98.68,55.83,66.32,48.44,50.71,52.64
2025-12-17T02:54:30.801963,Recipe_B,ca4e2b3e-360b-4bf9-859c-5118db1a7fff,20,4.0,,,,98.01,39.76,55.84,57.19,51.08,55.15
2025-12-17T02:54:31.801963,Recipe_B,ca4e2b3e-360b-4bf9-859c-5118db1a7fff,20,4.0,,,,94.66,41.64,57.33,39.35,48.41,55.57
2025-12-17T02:54:32.801963,Recipe_B,ca4e2b3e-360b-4bf9-859c-5118db1a7fff,20,4.0,,,,93.32,35.14,58.02,62.3,47.04,59.43
2025-12-17T02:54:33.801963,Recipe_B,ca4e2b3e-360b-4bf9-859c-5118db1a7fff,20,4.0,,,,103.63,44.1,55.7,45.17,45.66,57.37
2025-12-17T02:54:34.801963,Recipe_B,ca4e2b3e-360b-4bf9-859c-5118db1a7fff,20,4.0,,,,104.64,55.16,50.38,46.85,52.51,42.19
2025-12-17T02:54:35.801963,Recipe_B,ca4e2b3e-360b-4bf9-859c-5118db1a7fff,20,4.0,,,,97.87,49.68,58.67,46.51,48.65,49.65
2025-12-17T02:54:36.801963,Recipe_B,ca4e2b3e-360b-4bf9-859c-5118db1a7fff,20,3.0,,,,7.14,11.53,10.31,9.55,9.02,8.13
2025-12-17T02:54:37.801963,Recipe_B,ca4e2b3e-360b-4bf9-859c-5118db1a7fff,20,3.0,,,,9.73,8.0,12.0,5.14,8.26,10.07
2025-12-17T02:54:38.801963,Recipe_B,ca4e2b3e-360b-4bf9-859c-5118db1a7fff,20,3.0,,,,11.34,8.47,4.12,8.26,8.41,14.34
2025-12-17T02:54:39.801963,Recipe_B,ca4e2b3e-360b-4bf9-859c-5118db1a7fff,20,3.0,,,,9.53,8.25,10.93,13.41,13.23,8.3
2025-12-17T02:54:40.801963,Recipe_B,ca4e2b3e-360b-4bf9-859c-5118db1a7fff,20,3.0,,,,10.5,9.93,9.78,8.34,7.72,12.33
2025-12-17T02:54:41.801963,Recipe_B,ca4e2b3e-360b-4bf9-859c-5118db1a7fff,20,3.0,,,,12.28,9.5,11.84,12.49,8.5,8.14
2025-12-17T02:54:42.801963,Recipe_B,ca4e2b3e-360b-4bf9-859c-5118db1a7fff,20,3.0,,,,9.53,5.66,9.58,9.2,9.01,10.81
2025-12-17T02:54:43.801963,Recipe_B,ca4e2b3e-360b-4bf9-859c-5118db1a7fff,20,3.0,,,,10.45,6.07,9.91,8.42,13.36,9.37
2025-12-17T02:54:44.801963,Recipe_B,ca4e2b3e-360b-4bf9-859c-5118db1a7fff,20,3.0,,,,9.43,11.67,10.7,8.44,10.75,7.44
2025-12-17T02:54:45.801963,Recipe_B,ca4e2b3e-360b-4bf9-859c-5118db1a7fff,20,3.0,,,,8.78,8.02,10.47,12.34,8.91,10.15
2025-12-17T02:54:46.801963,Recipe_B,ca4e2b3e-360b-4bf9-859c-5118db1a7fff,20,3.0,,,,13.59,11.46,13.71,9.14,12.82,11.87
2025-12-17T02:54:47.801963,Recipe_B,ca4e2b3e-360b-4bf9-859c-5118db1a7fff,20,3.0,,,,9.46,10.7,9.64,12.47,9.51,10.76
2025-12-17T02:54:48.801963,Recipe_B,ca4e2b3e-360b-4bf9-859c-5118db1a7fff,20,3.0,,,,8.81,9.26,7.72,10.94,9.59,11.53
2025-12-17T02:54:49.801963,Recipe_B,ca4e2b3e-360b-4bf9-859c-5118db1a7fff,20,3.0,,,,13.58,7.71,11.87,12.16,11.0,12.58
2025-12-17T02:54:50.801963,Recipe_B,ca4e2b3e-360b-4bf9-859c-5118db1a7fff,20,3.0,,,,9.7,10.96,11.02,9.5,10.59,8.7
2025-12-17T02:54:51.801963,Recipe_B,ca4e2b3e-360b-4bf9-859c-5118db1a7fff,20,3.0,,,,9.74,12.15,10.59,5.94,9.4,10.34
2025-12-17T02:54:52.801963,Recipe_B,ca4e2b3e-360b-4bf9-859c-5118db1a7fff,20,0.0,,,,0.0,0.0,0.0,0.0,0.0,0.0
2025-12-17T02:54:53.801963,Recipe_B,ca4e2b3e-360b-4bf9-859c-5118db1a7fff,20,0.0,,,,0.0,0.0,0.0,0.0,0.0,0.0
2025-12-17T02:54:54.801963,Recipe_B,ca4e2b3e-360b-4bf9-859c-5118db1a7fff,20,0.0,,,,0.0,0.0,0.0,0.0,0.0,0.0
2025-12-17T02:54:55.801963,Recipe_B,ca4e2b3e-360b-4bf9-859c-5118db1a7fff,20,0.0,,,,0.0,0.0,0.0,0.0,0.0,0.0
2025-12-17T02:54:56.801963,Recipe_B,ca4e2b3e-360b-4bf9-859c-5118db1a7fff,20,0.0,,,,0.0,0.0,0.0,0.0,0.0,0.0
2025-12-17T02:54:57.801963,Recipe_B,ca4e2b3e-360b-4bf9-859c-5118db1a7fff,20,0.0,,,,0.0,0.0,0.0,0.0,0.0,0.0
2025-12-17T02:54:58.801963,Recipe_B,ca4e2b3e-360b-4bf9-859c-5118db1a7fff,20,0.0,,,,0.0,0.0,0.0,0.0,0.0,0.0
2025-12-17T02:54:59.801963,Recipe_B,ca4e2b3e-360b-4bf9-859c-5118db1a7fff,20,0.0,,,,0.0,0.0,0.0,0.0,0.0,0.0
2025-12-17T02:55:00.801963,Recipe_B,ca4e2b3e-360b-4bf9-859c-5118db1a7fff,20,0.0,,,,0.0,0.0,0.0,0.0,0.0,0.0
2025-12-17T02:55:01.801963,Recipe_B,ca4e2b3e-360b-4bf9-859c-5118db1a7fff,20,0.0,,,,0.0,0.0,0.0,0.0,0.0,0.0
2025-12-17T02:55:02.801963,Recipe_B,ca4e2b3e-360b-4bf9-859c-5118db1a7fff,20,0.0,,,,0.0,0.0,0.0,0.0,0.0,0.0
2025-12-17T02:55:03.801963,Recipe_B,ca4e2b3e-360b-4bf9-859c-5118db1a7fff,20,0.0,,,,0.0,0.0,0.0,0.0,0.0,0.0
2025-12-17T02:55:04.801963,Recipe_B,ca4e2b3e-360b-4bf9-859c-5118db1a7fff,20,0.0,,,,0.0,0.0,0.0,0.0,0.0,0.0
2025-12-17T02:55:05.801963,Recipe_B,ca4e2b3e-360b-4bf9-859c-5118db1a7fff,20,0.0,,,,0.0,0.0,0.0,0.0,0.0,0.0
2025-12-17T02:55:06.801963,Recipe_B,ca4e2b3e-360b-4bf9-859c-5118db1a7fff,20,0.0,,,,0.0,0.0,0.0,0.0,0.0,0.0
2025-12-17T02:55:07.801963,Recipe_B,ca4e2b3e-360b-4bf9-859c-5118db1a7fff,20,0.0,,,,0.0,0.0,0.0,0.0,0.0,0.0
2025-12-17T02:55:08.801963,Recipe_B,ca4e2b3e-360b-4bf9-859c-5118db1a7fff,20,0.0,,,,0.0,0.0,0.0,0.0,0.0,0.0
2025-12-17T02:55:09.801963,Recipe_B,ca4e2b3e-360b-4bf9-859c-5118db1a7fff,20,0.0,,,,0.0,0.0,0.0,0.0,0.0,0.0
2025-12-17T02:55:10.801963,Recipe_B,ca4e2b3e-360b-4bf9-859c-5118db1a7fff,20,0.0,,,,0.0,0.0,0.0,0.0,0.0,0.0
2025-12-17T02:55:11.801963,Recipe_B,ca4e2b3e-360b-4bf9-859c-5118db1a7fff,20,0.0,,,,0.0,0.0,0.0,0.0,0.0,0.0
2025-12-17T02:55:12.801963,Recipe_B,ca4e2b3e-360b-4bf9-859c-5118db1a7fff,20,0.0,,,,0.0,0.0,0.0,0.0,0.0,0.0
2025-12-17T02:55:13.801963,Recipe_B,ca4e2b3e-360b-4bf9-859c-5118db1a7fff,20,0.0,,,,0.0,0.0,0.0,0.0,0.0,0.0
2025-12-17T02:55:14.801963,Recipe_B,ca4e2b3e-360b-4bf9-859c-5118db1a7fff,20,4.0,,,,100.27,47.81,44.53,61.53,51.13,49.38
2025-12-17T02:55:15.801963,Recipe_B,ca4e2b3e-360b-4bf9-859c-5118db1a7fff,20,4.0,,,,95.27,48.38,47.98,68.15,58.05,39.71
2025-12-17T02:55:16.801963,Recipe_B,ca4e2b3e-360b-4bf9-859c-5118db1a7fff,20,4.0,,,,104.6,39.64,46.28,45.2,54.18,51.18
2025-12-17T02:55:17.801963,Recipe_B,ca4e2b3e-360b-4bf9-859c-5118db1a7fff,20,4.0,,,,100.24,48.54,48.37,54.19,52.29,50.49
2025-12-17T02:55:18.801963,Recipe_B,ca4e2b3e-360b-4bf9-859c-5118db1a7fff,20,4.0,,,,97.52,45.29,42.34,48.81,55.84,52.24
2025-12-17T02:55:19.801963,Recipe_B,ca4e2b3e-360b-4bf9-859c-5118db1a7fff,20,4.0,,,,106.95,45.61,50.17,44.06,55.01,53.9
2025-12-17T02:55:20.801963,Recipe_B,ca4e2b3e-360b-4bf9-859c-5118db1a7fff,20,4.0,,,,99.94,51.07,51.11,56.92,48.24,47.02
2025-12-17T02:55:21.801963,Recipe_B,ca4e2b3e-360b-4bf9-859c-5118db1a7fff,20,4.0,,,,97.24,49.0,51.95,55.19,44.8,54.34
2025-12-17T02:55:22.801963,Recipe_B,ca4e2b3e-360b-4bf9-859c-5118db1a7fff,20,4.0,,,,102.89,53.71,48.84,45.97,59.29,61.48
2025-12-17T02:55:23.801963,Recipe_B,ca4e2b3e-360b-4bf9-859c-5118db1a7fff,20,4.0,,,,90.36,61.49,50.78,49.48,47.93,51.09
2025-12-17T02:55:24.801963,Recipe_B,ca4e2b3e-360b-4bf9-859c-5118db1a7fff,20,4.0,,,,97.71,45.23,46.91,43.79,46.04,44.33
2025-12-17T02:55:25.801963,Recipe_B,ca4e2b3e-360b-4bf9-859c-5118db1a7fff,20,3.0,,,,11.38,7.46,12.33,4.27,14.42,11.91
2025-12-17T02:55:26.801963,Recipe_B,ca4e2b3e-360b-4bf9-859c-5118db1a7fff,20,3.0,,,,9.72,12.27,12.28,10.51,10.53,10.97
2025-12-17T02:55:27.801963,Recipe_B,ca4e2b3e-360b-4bf9-859c-5118db1a7fff,20,3.0,,,,11.98,10.72,9.9,9.32,11.01,8.65
2025-12-17T02:55:28.801963,Recipe_B,ca4e2b3e-360b-4bf9-859c-5118db1a7fff,20,3.0,,,,10.33,8.17,6.79,11.99,7.96,7.5
2025-12-17T02:55:29.801963,Recipe_B,ca4e2b3e-360b-4bf9-859c-5118db1a7fff,20,3.0,,,,10.16,10.93,8.72,8.1,10.11,10.02
2025-12-17T02:55:30.801963,Recipe_B,ca4e2b3e-360b-4bf9-859c-5118db1a7fff,20,3.0,,,,9.37,11.56,8.16,10.22,6.79,7.19
2025-12-17T02:55:31.801963,Recipe_B,ca4e2b3e-360b-4bf9-859c-5118db1a7fff,20,3.0,,,,12.26,11.14,9.74,10.61,10.24,12.21
2025-12-17T02:55:32.801963,Recipe_B,ca4e2b3e-360b-4bf9-859c-5118db1a7fff,20,3.0,,,,10.45,6.65,9.79,12.7,6.84,7.66
2025-12-17T02:55:33.801963,Recipe_B,ca4e2b3e-360b-4bf9-859c-5118db1a7fff,20,3.0,,,,9.21,9.36,8.63,7.93,14.14,12.69
2025-12-17T02:55:34.801963,Recipe_B,ca4e2b3e-360b-4bf9-859c-5118db1a7fff,20,3.0,,,,11.62,6.07,12.11,11.12,8.23,14.23
2025-12-17T02:55:35.801963,Recipe_B,ca4e2b3e-360b-4bf9-859c-5118db1a7fff,20,3.0,,,,10.51,10.35,8.93,11.45,6.5,12.59
2025-12-17T02:55:36.801963,Recipe_B,ca4e2b3e-360b-4bf9-859c-5118db1a7fff,20,3.0,,,,8.04,9.97,8.66,9.46,9.24,9.27
2025-12-17T02:55:37.801963,Recipe_B,ca4e2b3e-360b-4bf9-859c-5118db1a7fff,20,3.0,,,,8.1,8.47,8.17,8.58,11.56,10.45
2025-12-17T02:55:38.801963,Recipe_B,ca4e2b3e-360b-4bf9-859c-5118db1a7fff,20,3.0,,,,8.99,12.98,10.01,11.74,6.04,11.5
2025-12-17T02:55:39.801963,Recipe_B,ca4e2b3e-360b-4bf9-859c-5118db1a7fff,20,3.0,,,,5.85,11.25,9.3,10.54,10.02,7.19
2025-12-17T02:55:40.801963,Recipe_B,ca4e2b3e-360b-4bf9-859c-5118db1a7fff,20,3.0,,,,11.72,11.63,8.72,8.08,11.15,11.9
2025-12-17T02:55:41.801963,Recipe_B,ca4e2b3e-360b-4bf9-859c-5118db1a7fff,20,3.0,,,,6.94,7.26,8.02,9.03,9.41,8.97
2025-12-17T02:55:42.801963,Recipe_B,ca4e2b3e-360b-4bf9-859c-5118db1a7fff,20,3.0,,,,11.05,10.98,9.27,8.66,7.53,9.1
2025-12-17T02:55:43.801963,Recipe_B,ca4e2b3e-360b-4bf9-859c-5118db1a7fff,20,3.0,,,,9.54,9.01,12.41,6.61,13.47,8.98
2025-12-17T02:55:44.801963,Recipe_B,ca4e2b3e-360b-4bf9-859c-5118db1a7fff,20,3.0,,,,9.58,9.89,6.87,8.42,5.92,8.4
2025-12-17T02:55:45.801963,Recipe_B,ca4e2b3e-360b-4bf9-859c-5118db1a7fff,20,3.0,,,,12.04,7.47,7.16,9.89,10.86,11.36
2025-12-17T02:55:46.801963,Recipe_B,ca4e2b3e-360b-4bf9-859c-5118db1a7fff,20,3.0,,,,8.81,10.85,9.67,11.09,7.93,12.05
2025-12-17T02:55:47.801963,Recipe_B,ca4e2b3e-360b-4bf9-859c-5118db1a7fff,20,3.0,,,,15.92,9.39,9.41,8.64,11.35,4.44
2025-12-17T02:55:48.801963,Recipe_B,ca4e2b3e-360b-4bf9-859c-5118db1a7fff,20,4.0,,,,99.53,40.0,55.51,48.71,49.33,48.27
2025-12-17T02:55:49.801963,Recipe_B,ca4e2b3e-360b-4bf9-859c-5118db1a7fff,20,4.0,,,,106.5,48.73,44.48,56.29,53.59,54.71
2025-12-17T02:55:50.801963,Recipe_B,ca4e2b3e-360b-4bf9-859c-5118db1a7fff,20,4.0,,,,97.28,64.47,54.49,51.83,51.08,45.08
2025-12-17T02:55:51.801963,Recipe_B,ca4e2b3e-360b-4bf9-859c-5118db1a7fff,20,4.0,,,,108.17,56.14,54.45,52.41,48.75,43.73
2025-12-17T02:55:52.801963,Recipe_B,ca4e2b3e-360b-4bf9-859c-5118db1a7fff,20,4.0,,,,99.01,54.7,48.27,52.72,52.1,44.27
2025-12-17T02:55:53.801963,Recipe_B,ca4e2b3e-360b-4bf9-859c-5118db1a7fff,20,4.0,,,,95.55,50.81,48.53,53.34,46.78,45.86
2025-12-17T02:55:54.801963,Recipe_B,ca4e2b3e-360b-4bf9-859c-5118db1a7fff,20,4.0,,,,102.44,42.73,49.83,49.75,49.91,44.74
2025-12-17T02:55:55.801963,Recipe_B,ca4e2b3e-360b-4bf9-859c-5118db1a7fff,20,4.0,,,,99.04,45.24,54.05,42.5,43.77,64.49
2025-12-17T02:55:56.801963,Recipe_B,ca4e2b3e-360b-4bf9-859c-5118db1a7fff,20,4.0,,,,99.7,43.02,52.34,44.47,50.22,56.86
2025-12-17T02:55:57.801963,Recipe_B,ca4e2b3e-360b-4bf9-859c-5118db1a7fff,20,4.0,,,,95.05,44.38,46.1,41.25,51.1,39.41
2025-12-17T02:55:58.801963,Recipe_B,ca4e2b3e-360b-4bf9-859c-5118db1a7fff,20,4.0,,,,92.85,55.0,52.34,49.88,49.1,49.79
2025-12-17T02:55:59.801963,Recipe_B,ca4e2b3e-360b-4bf9-859c-5118db1a7fff,20,4.0,,,,89.54,56.68,50.34,46.68,53.45,50.57
2025-12-17T02:56:00.801963,Recipe_B,ca4e2b3e-360b-4bf9-859c-5118db1a7fff,20,4.0,,,,97.78,52.83,43.84,55.99,48.23,47.33
2025-12-17T02:56:01.801963,Recipe_B,ca4e2b3e-360b-4bf9-859c-5118db1a7fff,20,4.0,,,,92.96,47.53,54.75,52.46,47.03,53.02
2025-12-17T02:56:02.801963,Recipe_B,ca4e2b3e-360b-4bf9-859c-5118db1a7fff,20,4.0,,,,103.12,45.99,53.45,46.44,51.8,58.37
2025-12-17T02:56:03.801963,Recipe_B,ca4e2b3e-360b-4bf9-859c-5118db1a7fff,20,4.0,,,,102.16,42.1,53.36,51.44,43.82,48.16
2025-12-17T02:56:04.801963,Recipe_B,ca4e2b3e-360b-4bf9-859c-5118db1a7fff,20,4.0,,,,101.66,46.9,55.25,44.41,48.6,57.52
2025-12-17T02:56:05.801963,Recipe_B,ca4e2b3e-360b-4bf9-859c-5118db1a7fff,20,4.0,,,,96.55,55.85,46.81,40.86,51.76,46.57
2025-12-17T02:56:06.801963,Recipe_B,ca4e2b3e-360b-4bf9-859c-5118db1a7fff,20,4.0,,,,100.24,57.05,51.66,55.7,44.92,44.63
2025-12-17T02:56:07.801963,Recipe_B,ca4e2b3e-360b-4bf9-859c-5118db1a7fff,20,4.0,,,,95.53,54.11,48.16,50.67,47.26,47.46
2025-12-17T02:56:08.801963,Recipe_B,ca4e2b3e-360b-4bf9-859c-5118db1a7fff,20,4.0,,,,93.83,54.65,56.79,40.92,53.73,49.44
2025-12-17T02:56:09.801963,Recipe_B,ca4e2b3e-360b-4bf9-859c-5118db1a7fff,20,4.0,,,,100.48,42.52,51.33,55.47,50.33,56.41
2025-12-17T02:56:10.801963,Recipe_B,ca4e2b3e-360b-4bf9-859c-5118db1a7fff,20,4.0,,,,99.34,51.95,43.84,55.42,48.22,39.4
2025-12-17T02:56:11.801963,Recipe_B,ca4e2b3e-360b-4bf9-859c-5118db1a7fff,20,4.0,,,,108.17,49.04,55.0,49.05,49.18,49.42
2025-12-17T02:56:12.801963,Recipe_B,ca4e2b3e-360b-4bf9-859c-5118db1a7fff,20,4.0,,,,104.85,42.9,49.55,57.12,48.86,50.19
2025-12-17T02:56:13.801963,Recipe_B,ca4e2b3e-360b-4bf9-859c-5118db1a7fff,20,4.0,,,,103.86,46.6,50.44,46.57,46.21,47.06
2025-12-17T02:56:14.801963,Recipe_B,ca4e2b3e-360b-4bf9-859c-5118db1a7fff,20,4.0,,,,93.66,47.9,48.75,52.83,50.93,50.11
2025-12-17T02:56:15.801963,Recipe_B,ca4e2b3e-360b-4bf9-859c-5118db1a7fff,20,4.0,,,,94.29,40.6,50.69,48.11,48.0,47.94
2025-12-17T02:56:16.801963,Recipe_B,ca4e2b3e-360b-4bf9-859c-5118db1a7fff,20,4.0,,,,94.86,45.92,58.58,47.72,60.65,50.26
2025-12-17T02:56:17.801963,Recipe_B,ca4e2b3e-360b-4bf9-859c-5118db1a7fff,20,4.0,,,,95.78,54.15,49.39,55.44,52.79,60.48
2025-12-17T02:56:18.801963,Recipe_B,ca4e2b3e-360b-4bf9-859c-5118db1a7fff,20,4.0,,,,101.09,49.67,55.36,52.01,52.31,58.2
2025-12-17T02:56:19.801963,Recipe_B,ca4e2b3e-360b-4bf9-859c-5118db1a7fff,20,4.0,,,,94.99,50.49,55.54,54.12,47.08,48.16
2025-12-17T02:56:20.801963,Recipe_B,ca4e2b3e-360b-4bf9-859c-5118db1a7fff,20,4.0,,,,99.43,51.07,51.1,48.71,48.2,56.01
2025-12-17T02:56:21.801963,Recipe_B,ca4e2b3e-360b-4bf9-859c-5118db1a7fff,20,4.0,,,,102.13,43.83,52.98,51.13,47.87,51.74
2025-12-17T02:56:22.801963,Recipe_B,ca4e2b3e-360b-4bf9-859c-5118db1a7fff,20,4.0,,,,94.69,47.19,53.71,45.84,49.4,55.21
2025-12-17T02:56:23.801963,Recipe_B,ca4e2b3e-360b-4bf9-859c-5118db1a7fff,20,4.0,,,,110.18,54.12,54.8,50.59,55.11,57.05
2025-12-17T02:56:24.801963,Recipe_B,ca4e2b3e-360b-4bf9-859c-5118db1a7fff,20,4.0,,,,96.31,47.15,41.0,53.46,52.6,46.68
2025-12-17T02:56:25.801963,Recipe_B,ca4e2b3e-360b-4bf9-859c-5118db1a7fff,20,4.0,,,,96.79,53.14,50.92,53.78,50.26,57.58
2025-12-17T02:56:26.801963,Recipe_B,ca4e2b3e-360b-4bf9-859c-5118db1a7fff,20,4.0,,,,101.87,47.28,51.83,53.13,55.32,45.41
2025-12-17T02:56:27.801963,Recipe_B,ca4e2b3e-360b-4bf9-859c-5118db1a7fff,20,4.0,,,,103.21,50.92,46.28,45.77,50.01,47.51
2025-12-17T02:56:28.801963,Recipe_B,ca4e2b3e-360b-4bf9-859c-5118db1a7fff,20,4.0,,,,102.25,43.8,43.83,43.83,55.68,42.04
2025-12-17T02:56:29.801963,Recipe_B,ca4e2b3e-360b-4bf9-859c-5118db1a7fff,20,4.0,,,,103.49,55.72,41.48,47.12,52.03,52.07
2025-12-17T02:56:30.801963,Recipe_B,ca4e2b3e-360b-4bf9-859c-5118db1a7fff,20,4.0,,,,101.61,52.9,51.16,39.78,44.37,50.29
2025-12-17T02:56:31.801963,Recipe_B,ca4e2b3e-360b-4bf9-859c-5118db1a7fff,20,4.0,,,,105.72,42.34,49.34,49.98,46.02,48.23
2025-12-17T02:56:32.801963,Recipe_B,ca4e2b3e-360b-4bf9-859c-5118db1a7fff,20,4.0,,,,100.5,49.79,46.75,51.13,47.26,35.53
2025-12-17T02:56:33.801963,Recipe_B,ca4e2b3e-360b-4bf9-859c-5118db1a7fff,20,4.0,,,,100.26,42.27,49.32,50.7,45.43,51.23
2025-12-17T02:56:34.801963,Recipe_B,ca4e2b3e-360b-4bf9-859c-5118db1a7fff,20,4.0,,,,93.94,65.9,50.77,51.42,54.42,48.47
2025-12-17T02:56:35.801963,Recipe_B,ca4e2b3e-360b-4bf9-859c-5118db1a7fff,20,4.0,,,,105.52,58.4,60.03,50.58,44.44,47.04
2025-12-17T02:56:36.801963,Recipe_B,ca4e2b3e-360b-4bf9-859c-5118db1a7fff,20,4.0,,,,99.46,52.34,58.64,43.49,48.9,52.27
2025-12-17T02:56:37.801963,Recipe_B,ca4e2b3e-360b-4bf9-859c-5118db1a7fff,20,4.0,,,,93.72,49.74,46.64,47.68,57.31,59.32
2025-12-17T02:56:38.801963,Recipe_B,ca4e2b3e-360b-4bf9-859c-5118db1a7fff,20,4.0,,,,96.42,55.86,51.83,51.65,47.85,43.98
2025-12-17T02:56:39.801963,Recipe_B,ca4e2b3e-360b-4bf9-859c-5118db1a7fff,20,4.0,,,,99.32,57.23,43.53,52.58,46.19,46.25
2025-12-17T02:56:40.801963,Recipe_B,ca4e2b3e-360b-4bf9-859c-5118db1a7fff,20,4.0,,,,91.05,46.38,51.31,55.84,48.25,39.98
2025-12-17T02:56:41.801963,Recipe_B,ca4e2b3e-360b-4bf9-859c-5118db1a7fff,20,4.0,,,,107.47,50.31,47.58,52.78,48.85,49.54
2025-12-17T02:56:42.801963,Recipe_B,ca4e2b3e-360b-4bf9-859c-5118db1a7fff,20,4.0,,,,103.41,61.95,50.16,49.12,59.59,54.65
2025-12-17T02:56:43.801963,Recipe_B,ca4e2b3e-360b-4bf9-859c-5118db1a7fff,20,4.0,,,,100.2,48.1,46.0,49.57,48.26,51.79
2025-12-17T02:56:44.801963,Recipe_B,ca4e2b3e-360b-4bf9-859c-5118db1a7fff,20,4.0,,,,106.35,45.47,54.12,55.63,52.53,49.35
2025-12-17T02:56:45.801963,Recipe_B,ca4e2b3e-360b-4bf9-859c-5118db1a7fff,20,4.0,,,,99.77,49.78,41.43,49.29,52.29,50.41
2025-12-17T02:56:46.801963,Recipe_B,ca4e2b3e-360b-4bf9-859c-5118db1a7fff,20,4.0,,,,102.56,46.5,49.31,47.55,45.57,43.11
2025-12-17T02:56:47.801963,Recipe_B,ca4e2b3e-360b-4bf9-859c-5118db1a7fff,20,4.0,,,,103.3,52.63,50.31,46.57,54.65,44.08
2025-12-17T02:56:48.801963,Recipe_B,ca4e2b3e-360b-4bf9-859c-5118db1a7fff,20,4.0,,,,103.57,53.9,51.03,52.69,44.59,48.86
2025-12-17T02:56:49.801963,Recipe_B,ca4e2b3e-360b-4bf9-859c-5118db1a7fff,20,4.0,,,,89.36,44.76,48.67,49.03,48.89,52.4
2025-12-17T02:56:50.801963,Recipe_B,ca4e2b3e-360b-4bf9-859c-5118db1a7fff,20,4.0,,,,99.14,47.57,54.86,50.87,51.91,51.93
2025-12-17T02:56:51.801963,Recipe_B,ca4e2b3e-360b-4bf9-859c-5118db1a7fff,20,4.0,,,,101.96,47.88,52.03,57.23,50.74,53.94
2025-12-17T02:56:52.801963,Recipe_B,ca4e2b3e-360b-4bf9-859c-5118db1a7fff,20,4.0,,,,104.3,41.49,50.89,59.15,59.25,51.73
2025-12-17T02:56:53.801963,Recipe_B,ca4e2b3e-360b-4bf9-859c-5118db1a7fff,20,4.0,,,,99.35,46.89,52.97,46.98,46.96,56.75
2025-12-17T02:56:54.801963,Recipe_B,ca4e2b3e-360b-4bf9-859c-5118db1a7fff,20,4.0,,,,94.8,52.48,55.4,49.72,47.84,53.77
2025-12-17T02:56:55.801963,Recipe_B,ca4e2b3e-360b-4bf9-859c-5118db1a7fff,20,4.0,,,,110.48,53.79,48.07,56.77,53.02,47.21
2025-12-17T02:56:56.801963,Recipe_B,ca4e2b3e-360b-4bf9-859c-5118db1a7fff,20,4.0,,,,98.28,49.79,47.12,52.98,57.9,41.8
2025-12-17T02:56:57.801963,Recipe_B,ca4e2b3e-360b-4bf9-859c-5118db1a7fff,20,4.0,,,,98.41,51.33,48.14,52.11,56.78,55.22
2025-12-17T02:56:58.801963,Recipe_B,ca4e2b3e-360b-4bf9-859c-5118db1a7fff,20,4.0,,,,100.75,49.15,49.26,64.46,48.76,49.25
2025-12-17T02:56:59.801963,Recipe_B,ca4e2b3e-360b-4bf9-859c-5118db1a7fff,20,4.0,,,,96.65,51.59,47.0,54.07,54.7,50.32
2025-12-17T02:57:00.801963,Recipe_B,ca4e2b3e-360b-4bf9-859c-5118db1a7fff,20,4.0,,,,92.17,50.19,46.88,48.39,43.84,49.64
2025-12-17T02:57:01.801963,Recipe_B,ca4e2b3e-360b-4bf9-859c-5118db1a7fff,20,4.0,,,,95.7,51.77,46.96,58.58,50.36,50.81
2025-12-17T02:57:02.801963,Recipe_B,ca4e2b3e-360b-4bf9-859c-5118db1a7fff,20,4.0,,,,93.77,54.99,40.78,57.12,54.53,40.72
2025-12-17T02:57:03.801963,Recipe_B,ca4e2b3e-360b-4bf9-859c-5118db1a7fff,20,4.0,,,,106.45,54.09,47.99,49.95,42.25,51.02
2025-12-17T02:57:04.801963,Recipe_B,ca4e2b3e-360b-4bf9-859c-5118db1a7fff,20,4.0,,,,104.67,47.11,54.72,46.0,51.42,48.99
2025-12-17T02:57:05.801963,Recipe_B,ca4e2b3e-360b-4bf9-859c-5118db1a7fff,20,4.0,,,,98.63,50.14,50.75,39.28,50.57,46.5
2025-12-17T02:57:06.801963,Recipe_B,ca4e2b3e-360b-4bf9-859c-5118db1a7fff,20,4.0,,,,97.09,48.62,48.89,47.59,63.2,47.8
2025-12-17T02:57:07.801963,Recipe_B,ca4e2b3e-360b-4bf9-859c-5118db1a7fff,20,4.0,,,,101.74,50.33,48.47,52.6,48.49,53.08
2025-12-17T02:57:08.801963,Recipe_B,ca4e2b3e-360b-4bf9-859c-5118db1a7fff,20,4.0,,,,104.47,49.86,49.4,54.05,47.25,55.98
2025-12-17T02:57:09.801963,Recipe_B,ca4e2b3e-360b-4bf9-859c-5118db1a7fff,20,4.0,,,,94.67,53.37,49.79,48.18,48.54,58.13
2025-12-17T02:57:10.801963,Recipe_B,ca4e2b3e-360b-4bf9-859c-5118db1a7fff,20,4.0,,,,103.2,54.77,55.34,46.91,50.66,48.86
2025-12-17T02:57:11.801963,Recipe_B,ca4e2b3e-360b-4bf9-859c-5118db1a7fff,20,4.0,,,,99.38,41.87,52.34,53.08,48.5,40.03
2025-12-17T02:57:12.801963,Recipe_B,ca4e2b3e-360b-4bf9-859c-5118db1a7fff,20,4.0,,,,99.08,56.66,57.22,50.9,53.79,52.93
2025-12-17T02:57:13.801963,Recipe_B,ca4e2b3e-360b-4bf9-859c-5118db1a7fff,20,4.0,,,,104.54,54.37,45.68,51.73,43.6,52.84
2025-12-17T02:57:14.801963,Recipe_B,ca4e2b3e-360b-4bf9-859c-5118db1a7fff,20,4.0,,,,98.25,44.59,50.81,52.53,49.61,53.41
2025-12-17T02:57:15.801963,Recipe_B,ca4e2b3e-360b-4bf9-859c-5118db1a7fff,20,4.0,,,,108.49,51.13,50.38,48.9,48.29,49.15
2025-12-17T02:57:16.801963,Recipe_B,ca4e2b3e-360b-4bf9-859c-5118db1a7fff,20,4.0,,,,105.94,43.51,57.95,51.8,54.53,50.9
2025-12-17T02:57:17.801963,Recipe_B,ca4e2b3e-360b-4bf9-859c-5118db1a7fff,20,4.0,,,,93.56,50.28,50.81,56.11,51.37,43.21
2025-12-17T02:57:18.801963,Recipe_B,ca4e2b3e-360b-4bf9-859c-5118db1a7fff,20,4.0,,,,101.09,47.11,39.03,53.05,53.18,52.76
2025-12-17T02:57:19.801963,Recipe_B,ca4e2b3e-360b-4bf9-859c-5118db1a7fff,20,4.0,,,,85.73,48.43,51.02,41.26,55.0,53.78
2025-12-17T02:57:20.801963,Recipe_B,ca4e2b3e-360b-4bf9-859c-5118db1a7fff,20,4.0,,,,105.91,53.46,50.78,44.68,44.85,49.03
2025-12-17T02:57:21.801963,Recipe_B,ca4e2b3e-360b-4bf9-859c-5118db1a7fff,20,4.0,,,,105.05,49.85,41.63,51.02,50.11,46.64
2025-12-17T02:57:22.801963,Recipe_B,ca4e2b3e-360b-4bf9-859c-5118db1a7fff,20,4.0,,,,103.21,55.48,49.0,53.73,52.12,47.92
2025-12-17T02:57:23.801963,Recipe_B,ca4e2b3e-360b-4bf9-859c-5118db1a7fff,20,4.0,,,,96.93,45.12,38.79,50.18,46.95,47.69
2025-12-17T02:57:24.801963,Recipe_B,ca4e2b3e-360b-4bf9-859c-5118db1a7fff,20,4.0,,,,102.29,44.99,59.34,47.76,60.83,49.73
2025-12-17T02:57:25.801963,Recipe_B,ca4e2b3e-360b-4bf9-859c-5118db1a7fff,20,4.0,,,,108.12,47.69,47.9,52.49,63.78,48.63
2025-12-17T02:57:26.801963,Recipe_B,ca4e2b3e-360b-4bf9-859c-5118db1a7fff,20,4.0,,,,91.32,45.5,51.73,48.91,47.99,54.23
2025-12-17T02:57:27.801963,Recipe_B,ca4e2b3e-360b-4bf9-859c-5118db1a7fff,20,4.0,,,,101.92,50.91,47.97,49.67,47.14,47.55
2025-12-17T02:57:28.801963,Recipe_B,ca4e2b3e-360b-4bf9-859c-5118db1a7fff,20,4.0,,,,95.82,47.06,59.43,59.73,40.88,41.99
2025-12-17T02:57:28.801963,Recipe_B,ca4e2b3e-360b-4bf9-859c-5118db1a7fff,20,4.0,Warning_10,Simulated Warning occurred,Warning,,,,,,
2025-12-17T02:57:29.801963,Recipe_B,ca4e2b3e-360b-4bf9-859c-5118db1a7fff,20,4.0,,,,99.78,54.37,51.56,54.99,49.91,54.03
2025-12-17T02:57:30.801963,Recipe_B,ca4e2b3e-360b-4bf9-859c-5118db1a7fff,20,4.0,,,,107.73,61.53,52.1,42.95,55.42,46.36
2025-12-17T02:57:31.801963,Recipe_B,ca4e2b3e-360b-4bf9-859c-5118db1a7fff,20,4.0,,,,105.32,53.3,50.15,48.06,50.22,46.98
2025-12-17T02:57:32.801963,Recipe_B,ca4e2b3e-360b-4bf9-859c-5118db1a7fff,20,4.0,,,,102.3,56.23,47.27,48.48,60.28,44.59
2025-12-17T02:57:33.801963,Recipe_B,ca4e2b3e-360b-4bf9-859c-5118db1a7fff,20,4.0,,,,99.51,45.45,45.73,46.06,37.45,53.88
2025-12-17T02:57:34.801963,Recipe_B,ca4e2b3e-360b-4bf9-859c-5118db1a7fff,20,4.0,,,,98.02,53.23,52.36,56.03,44.72,44.89
2025-12-17T02:57:35.801963,Recipe_B,ca4e2b3e-360b-4bf9-859c-5118db1a7fff,20,4.0,,,,101.26,52.52,41.24,51.57,37.2,50.57
2025-12-17T02:57:36.801963,Recipe_B,ca4e2b3e-360b-4bf9-859c-5118db1a7fff,20,4.0,,,,96.8,56.13,44.79,55.61,49.76,57.42
2025-12-17T02:57:37.801963,Recipe_B,ca4e2b3e-360b-4bf9-859c-5118db1a7fff,20,4.0,,,,99.03,40.63,49.95,40.48,50.76,47.81
2025-12-17T02:57:38.801963,Recipe_B,ca4e2b3e-360b-4bf9-859c-5118db1a7fff,20,4.0,,,,94.25,46.75,54.6,52.93,52.37,38.16
2025-12-17T02:57:39.801963,Recipe_B,ca4e2b3e-360b-4bf9-859c-5118db1a7fff,20,4.0,,,,98.29,52.9,52.54,46.35,47.09,50.13
2025-12-17T02:57:40.801963,Recipe_B,ca4e2b3e-360b-4bf9-859c-5118db1a7fff,20,4.0,,,,96.62,54.15,57.52,44.64,54.12,49.45
2025-12-17T02:57:41.801963,Recipe_B,ca4e2b3e-360b-4bf9-859c-5118db1a7fff,20,4.0,,,,113.6,51.92,54.91,48.86,54.75,52.5
2025-12-17T02:57:42.801963,Recipe_B,ca4e2b3e-360b-4bf9-859c-5118db1a7fff,20,4.0,,,,99.18,49.51,53.16,62.69,50.51,46.32
2025-12-17T02:57:43.801963,Recipe_B,ca4e2b3e-360b-4bf9-859c-5118db1a7fff,20,4.0,,,,99.56,41.88,50.16,53.94,51.25,50.93
2025-12-17T02:57:44.801963,Recipe_B,ca4e2b3e-360b-4bf9-859c-5118db1a7fff,20,4.0,,,,93.17,56.78,49.26,44.19,55.9,49.04
2025-12-17T02:57:45.801963,Recipe_B,ca4e2b3e-360b-4bf9-859c-5118db1a7fff,20,4.0,,,,89.13,47.6,52.87,54.94,50.42,39.12
2025-12-17T02:57:46.801963,Recipe_B,ca4e2b3e-360b-4bf9-859c-5118db1a7fff,20,4.0,,,,97.9,52.31,50.27,50.57,54.94,47.95
2025-12-17T02:57:47.801963,Recipe_B,ca4e2b3e-360b-4bf9-859c-5118db1a7fff,20,4.0,,,,102.63,45.52,56.11,55.1,58.03,42.11
2025-12-17T02:57:48.801963,Recipe_B,ca4e2b3e-360b-4bf9-859c-5118db1a7fff,20,3.0,,,,9.49,11.42,10.39,8.42,9.6,15.92
2025-12-17T02:57:49.801963,Recipe_B,ca4e2b3e-360b-4bf9-859c-5118db1a7fff,20,3.0,,,,8.24,8.42,9.15,10.1,10.19,10.83
2025-12-17T02:57:50.801963,Recipe_B,ca4e2b3e-360b-4bf9-859c-5118db1a7fff,20,3.0,,,,9.34,11.22,8.81,12.35,11.78,11.04
2025-12-17T02:57:51.801963,Recipe_B,ca4e2b3e-360b-4bf9-859c-5118db1a7fff,20,3.0,,,,7.99,11.31,5.21,11.35,9.09,9.6
2025-12-17T02:57:52.801963,Recipe_B,ca4e2b3e-360b-4bf9-859c-5118db1a7fff,20,3.0,,,,10.07,10.48,12.41,10.7,10.1,12.6
2025-12-17T02:57:53.801963,Recipe_B,ca4e2b3e-360b-4bf9-859c-5118db1a7fff,20,3.0,,,,9.53,8.05,7.4,10.52,7.47,9.24
2025-12-17T02:57:54.801963,Recipe_B,ca4e2b3e-360b-4bf9-859c-5118db1a7fff,20,3.0,,,,9.6,12.84,12.84,8.59,8.4,15.55
2025-12-17T02:57:55.801963,Recipe_B,ca4e2b3e-360b-4bf9-859c-5118db1a7fff,20,3.0,,,,12.53,8.52,12.59,10.01,8.96,11.44
2025-12-17T02:57:56.801963,Recipe_B,ca4e2b3e-360b-4bf9-859c-5118db1a7fff,20,3.0,,,,14.06,10.43,6.46,11.33,9.34,9.63
2025-12-17T02:57:57.801963,Recipe_B,ca4e2b3e-360b-4bf9-859c-5118db1a7fff,20,3.0,,,,9.62,9.35,13.98,14.32,12.45,11.84
2025-12-17T02:57:58.801963,Recipe_B,ca4e2b3e-360b-4bf9-859c-5118db1a7fff,20,3.0,,,,8.81,9.25,9.81,7.67,12.14,10.15
2025-12-17T02:57:59.801963,Recipe_B,ca4e2b3e-360b-4bf9-859c-5118db1a7fff,20,3.0,,,,10.24,10.44,10.08,10.64,12.19,8.3
2025-12-17T02:58:00.801963,Recipe_B,ca4e2b3e-360b-4bf9-859c-5118db1a7fff,20,3.0,,,,12.16,6.6,6.6,10.31,10.46,11.55
2025-12-17T02:58:01.801963,Recipe_B,ca4e2b3e-360b-4bf9-859c-5118db1a7fff,20,3.0,,,,7.36,10.24,7.44,7.34,14.97,13.41
2025-12-17T02:58:02.801963,Recipe_B,ca4e2b3e-360b-4bf9-859c-5118db1a7fff,20,3.0,,,,9.06,7.97,10.88,14.03,11.3,11.14
2025-12-17T02:58:03.801963,Recipe_B,ca4e2b3e-360b-4bf9-859c-5118db1a7fff,20,3.0,,,,6.73,12.01,12.26,10.34,10.4,6.56
2025-12-17T02:58:04.801963,Recipe_B,ca4e2b3e-360b-4bf9-859c-5118db1a7fff,20,3.0,,,,10.52,8.35,7.86,8.8,8.95,5.3
2025-12-17T02:58:05.801963,Recipe_B,ca4e2b3e-360b-4bf9-859c-5118db1a7fff,20,3.0,,,,11.28,11.29,8.81,8.96,8.36,10.95
2025-12-17T02:58:06.801963,Recipe_B,ca4e2b3e-360b-4bf9-859c-5118db1a7fff,20,3.0,,,,14.32,7.05,8.99,11.87,7.47,8.29
2025-12-17T02:58:07.801963,Recipe_B,ca4e2b3e-360b-4bf9-859c-5118db1a7fff,20,3.0,,,,11.3,7.69,10.9,5.94,10.34,8.85
2025-12-17T02:58:08.801963,Recipe_B,ca4e2b3e-360b-4bf9-859c-5118db1a7fff,20,3.0,,,,10.23,4.66,11.09,8.21,12.48,5.2
2025-12-17T02:58:09.801963,Recipe_B,ca4e2b3e-360b-4bf9-859c-5118db1a7fff,20,3.0,,,,11.53,9.53,8.51,8.88,3.84,10.96
2025-12-17T02:58:10.801963,Recipe_B,ca4e2b3e-360b-4bf9-859c-5118db1a7fff,20,3.0,,,,10.42,8.01,13.64,9.75,10.58,14.03
2025-12-17T02:58:11.801963,Recipe_B,ca4e2b3e-360b-4bf9-859c-5118db1a7fff,20,3.0,,,,6.22,13.08,11.31,12.37,12.34,6.94
2025-12-17T02:58:12.801963,Recipe_B,ca4e2b3e-360b-4bf9-859c-5118db1a7fff,20,3.0,,,,10.7,13.75,8.19,5.85,11.92,7.89
2025-12-17T02:58:13.801963,Recipe_B,ca4e2b3e-360b-4bf9-859c-5118db1a7fff,20,3.0,,,,6.5,10.81,11.49,11.37,5.57,12.29
2025-12-17T02:58:14.801963,Recipe_B,ca4e2b3e-360b-4bf9-859c-5118db1a7fff,20,3.0,,,,8.54,11.47,8.88,7.72,10.19,8.47
2025-12-17T02:58:15.801963,Recipe_B,ca4e2b3e-360b-4bf9-859c-5118db1a7fff,20,3.0,,,,11.82,14.44,13.19,9.83,8.41,9.96
2025-12-17T02:58:16.801963,Recipe_B,ca4e2b3e-360b-4bf9-859c-5118db1a7fff,20,3.0,,,,8.73,8.64,9.35,8.13,11.51,6.89
2025-12-17T02:58:17.801963,Recipe_B,ca4e2b3e-360b-4bf9-859c-5118db1a7fff,20,3.0,,,,8.44,8.95,9.89,8.15,11.23,11.53
2025-12-17T02:58:18.801963,Recipe_B,ca4e2b3e-360b-4bf9-859c-5118db1a7fff,20,3.0,,,,11.65,10.33,10.76,12.96,6.66,8.25
2025-12-17T02:58:19.801963,Recipe_B,ca4e2b3e-360b-4bf9-859c-5118db1a7fff,20,3.0,,,,11.36,11.35,10.74,8.89,6.8,9.39
2025-12-17T02:58:20.801963,Recipe_B,ca4e2b3e-360b-4bf9-859c-5118db1a7fff,20,3.0,,,,9.36,11.59,11.26,9.21,11.9,10.47
2025-12-17T02:58:21.801963,Recipe_B,ca4e2b3e-360b-4bf9-859c-5118db1a7fff,20,3.0,,,,9.94,9.49,10.43,8.33,12.02,9.19
2025-12-17T02:58:22.801963,Recipe_B,ca4e2b3e-360b-4bf9-859c-5118db1a7fff,20,3.0,,,,12.03,10.29,10.69,10.99,9.53,7.31
2025-12-17T02:58:23.801963,Recipe_B,ca4e2b3e-360b-4bf9-859c-5118db1a7fff,20,3.0,,,,11.34,10.33,5.48,7.24,9.4,10.29
2025-12-17T02:58:24.801963,Recipe_B,ca4e2b3e-360b-4bf9-859c-5118db1a7fff,20,3.0,,,,10.02,12.05,11.11,11.23,12.26,11.34
2025-12-17T02:58:25.801963,Recipe_B,ca4e2b3e-360b-4bf9-859c-5118db1a7fff,20,3.0,,,,11.66,6.8,9.96,10.49,9.05,8.4
2025-12-17T02:58:26.801963,Recipe_B,ca4e2b3e-360b-4bf9-859c-5118db1a7fff,20,3.0,,,,13.28,8.9,9.39,13.71,9.47,10.65
2025-12-17T02:58:27.801963,Recipe_B,ca4e2b3e-360b-4bf9-859c-5118db1a7fff,20,3.0,,,,12.91,9.79,12.09,11.24,6.24,8.18
2025-12-17T02:58:28.801963,Recipe_B,ca4e2b3e-360b-4bf9-859c-5118db1a7fff,20,3.0,,,,10.01,9.06,10.78,9.04,12.04,8.15
2025-12-17T02:58:29.801963,Recipe_B,ca4e2b3e-360b-4bf9-859c-5118db1a7fff,20,3.0,,,,7.95,13.91,10.33,11.15,12.85,13.1
2025-12-17T02:58:30.801963,Recipe_B,ca4e2b3e-360b-4bf9-859c-5118db1a7fff,20,3.0,,,,11.24,7.76,10.48,12.53,9.88,8.73
2025-12-17T02:58:31.801963,Recipe_B,ca4e2b3e-360b-4bf9-859c-5118db1a7fff,20,3.0,,,,6.73,7.67,7.76,7.99,9.09,12.57
2025-12-17T02:58:32.801963,Recipe_B,ca4e2b3e-360b-4bf9-859c-5118db1a7fff,20,3.0,,,,9.4,11.61,8.7,7.39,7.36,8.44
2025-12-17T02:58:33.801963,Recipe_B,ca4e2b3e-360b-4bf9-859c-5118db1a7fff,20,3.0,,,,9.34,11.53,10.66,10.24,5.77,8.05
2025-12-17T02:58:34.801963,Recipe_B,ca4e2b3e-360b-4bf9-859c-5118db1a7fff,20,3.0,,,,11.75,9.89,9.55,12.63,11.21,13.28
2025-12-17T02:58:35.801963,Recipe_B,ca4e2b3e-360b-4bf9-859c-5118db1a7fff,20,3.0,,,,8.91,7.32,7.13,8.18,10.06,15.8
2025-12-17T02:58:36.801963,Recipe_B,ca4e2b3e-360b-4bf9-859c-5118db1a7fff,20,3.0,,,,9.31,4.85,11.08,7.57,10.55,12.53
2025-12-17T02:58:37.801963,Recipe_B,ca4e2b3e-360b-4bf9-859c-5118db1a7fff,20,3.0,,,,12.17,9.73,11.58,7.72,13.39,6.55
2025-12-17T02:58:38.801963,Recipe_B,ca4e2b3e-360b-4bf9-859c-5118db1a7fff,20,3.0,,,,8.33,9.95,12.21,11.59,10.0,10.28
2025-12-17T02:58:39.801963,Recipe_B,ca4e2b3e-360b-4bf9-859c-5118db1a7fff,20,3.0,,,,6.42,10.3,9.84,10.58,13.23,10.79
2025-12-17T02:58:40.801963,Recipe_B,ca4e2b3e-360b-4bf9-859c-5118db1a7fff,20,4.0,,,,99.97,46.49,54.4,51.69,46.61,43.65
2025-12-17T02:58:41.801963,Recipe_B,ca4e2b3e-360b-4bf9-859c-5118db1a7fff,20,4.0,,,,107.18,49.71,54.49,55.36,51.24,56.24
2025-12-17T02:58:41.801963,Recipe_B,ca4e2b3e-360b-4bf9-859c-5118db1a7fff,20,4.0,Warning_6,Simulated Warning occurred,Warning,,,,,,
2025-12-17T02:58:42.801963,Recipe_B,ca4e2b3e-360b-4bf9-859c-5118db1a7fff,20,4.0,,,,93.82,43.03,52.39,42.12,42.1,55.49
2025-12-17T02:58:43.801963,Recipe_B,ca4e2b3e-360b-4bf9-859c-5118db1a7fff,20,4.0,,,,96.87,58.0,47.68,39.03,46.87,51.91
2025-12-17T02:58:44.801963,Recipe_B,ca4e2b3e-360b-4bf9-859c-5118db1a7fff,20,4.0,,,,101.67,44.0,48.27,52.9,47.82,53.37
2025-12-17T02:58:45.801963,Recipe_B,ca4e2b3e-360b-4bf9-859c-5118db1a7fff,20,4.0,,,,100.53,50.58,47.47,53.63,43.9,56.11
2025-12-17T02:58:46.801963,Recipe_B,ca4e2b3e-360b-4bf9-859c-5118db1a7fff,20,4.0,,,,105.69,54.78,46.58,50.29,46.96,61.13
2025-12-17T02:58:47.801963,Recipe_B,ca4e2b3e-360b-4bf9-859c-5118db1a7fff,20,4.0,,,,111.74,55.76,43.48,42.68,52.08,53.33
2025-12-17T02:58:48.801963,Recipe_B,ca4e2b3e-360b-4bf9-859c-5118db1a7fff,20,4.0,,,,100.29,49.02,48.42,54.7,49.7,47.68
2025-12-17T02:58:49.801963,Recipe_B,ca4e2b3e-360b-4bf9-859c-5118db1a7fff,20,4.0,,,,100.22,45.86,47.95,49.75,50.87,51.23
2025-12-17T02:58:50.801963,Recipe_B,ca4e2b3e-360b-4bf9-859c-5118db1a7fff,20,4.0,,,,89.04,42.36,56.43,52.92,45.71,51.04
2025-12-17T02:58:51.801963,Recipe_B,ca4e2b3e-360b-4bf9-859c-5118db1a7fff,20,4.0,,,,101.85,46.42,60.43,46.95,42.5,48.29
2025-12-17T02:58:52.801963,Recipe_B,ca4e2b3e-360b-4bf9-859c-5118db1a7fff,20,4.0,,,,95.56,50.78,47.78,54.96,54.82,52.2
2025-12-17T02:58:53.801963,Recipe_B,ca4e2b3e-360b-4bf9-859c-5118db1a7fff,20,4.0,,,,98.63,52.03,40.7,50.98,42.18,44.96
2025-12-17T02:58:54.801963,Recipe_B,ca4e2b3e-360b-4bf9-859c-5118db1a7fff,20,4.0,,,,99.7,49.71,50.38,43.98,54.14,48.49
2025-12-17T02:58:55.801963,Recipe_B,ca4e2b3e-360b-4bf9-859c-5118db1a7fff,20,4.0,,,,92.54,48.8,50.14,47.06,49.37,44.77
2025-12-17T02:58:56.801963,Recipe_B,ca4e2b3e-360b-4bf9-859c-5118db1a7fff,20,4.0,,,,97.17,53.4,48.65,52.43,54.14,56.39
2025-12-17T02:58:57.801963,Recipe_B,ca4e2b3e-360b-4bf9-859c-5118db1a7fff,20,4.0,,,,99.85,47.04,46.73,45.0,53.07,56.56
2025-12-17T02:58:58.801963,Recipe_B,ca4e2b3e-360b-4bf9-859c-5118db1a7fff,20,4.0,,,,110.17,45.2,46.75,55.36,46.54,54.1
2025-12-17T02:58:59.801963,Recipe_B,ca4e2b3e-360b-4bf9-859c-5118db1a7fff,20,4.0,,,,103.41,50.22,45.45,45.96,43.34,48.33
2025-12-17T02:59:00.801963,Recipe_B,ca4e2b3e-360b-4bf9-859c-5118db1a7fff,20,4.0,,,,95.5,55.8,51.2,44.27,46.42,45.12
2025-12-17T02:59:01.801963,Recipe_B,ca4e2b3e-360b-4bf9-859c-5118db1a7fff,20,4.0,,,,105.79,58.31,46.9,48.2,47.49,50.68
2025-12-17T02:59:02.801963,Recipe_B,ca4e2b3e-360b-4bf9-859c-5118db1a7fff,20,4.0,,,,114.83,45.85,55.43,44.87,52.69,52.32
2025-12-17T02:59:03.801963,Recipe_B,ca4e2b3e-360b-4bf9-859c-5118db1a7fff,20,4.0,,,,102.29,50.53,50.52,49.91,48.4,50.71
2025-12-17T02:59:04.801963,Recipe_B,ca4e2b3e-360b-4bf9-859c-5118db1a7fff,20,4.0,,,,104.77,50.08,50.27,47.98,45.7,47.16
2025-12-17T02:59:05.801963,Recipe_B,ca4e2b3e-360b-4bf9-859c-5118db1a7fff,20,4.0,,,,108.62,51.24,52.76,48.78,52.46,54.68
2025-12-17T02:59:06.801963,Recipe_B,ca4e2b3e-360b-4bf9-859c-5118db1a7fff,20,4.0,,,,102.28,48.8,46.69,53.33,42.66,53.9
2025-12-17T02:59:07.801963,Recipe_B,ca4e2b3e-360b-4bf9-859c-5118db1a7fff,20,4.0,,,,99.3,51.26,49.2,47.11,38.51,46.57
2025-12-17T02:59:08.801963,Recipe_B,ca4e2b3e-360b-4bf9-859c-5118db1a7fff,20,4.0,,,,100.07,48.47,57.53,45.1,48.39,53.24
2025-12-17T02:59:09.801963,Recipe_B,ca4e2b3e-360b-4bf9-859c-5118db1a7fff,20,4.0,,,,100.6,56.37,50.93,50.49,51.27,50.55
2025-12-17T02:59:10.801963,Recipe_B,ca4e2b3e-360b-4bf9-859c-5118db1a7fff,20,4.0,,,,99.58,46.74,46.37,47.88,48.61,47.06
2025-12-17T02:59:11.801963,Recipe_B,ca4e2b3e-360b-4bf9-859c-5118db1a7fff,20,4.0,,,,99.02,52.01,46.59,50.42,40.4,53.56
2025-12-17T02:59:12.801963,Recipe_B,ca4e2b3e-360b-4bf9-859c-5118db1a7fff,20,4.0,,,,92.52,44.9,52.44,45.31,49.67,47.26
2025-12-17T02:59:13.801963,Recipe_B,ca4e2b3e-360b-4bf9-859c-5118db1a7fff,20,4.0,,,,96.77,48.45,53.25,57.7,49.52,46.17
2025-12-17T02:59:14.801963,Recipe_B,ca4e2b3e-360b-4bf9-859c-5118db1a7fff,20,4.0,,,,90.44,42.43,43.11,50.98,45.66,46.88
2025-12-17T02:59:15.801963,Recipe_B,ca4e2b3e-360b-4bf9-859c-5118db1a7fff,20,4.0,,,,94.33,44.7,44.47,40.57,48.87,57.73
2025-12-17T02:59:16.801963,Recipe_B,ca4e2b3e-360b-4bf9-859c-5118db1a7fff,20,4.0,,,,103.61,44.72,40.58,55.28,52.11,53.34
2025-12-17T02:59:17.801963,Recipe_B,ca4e2b3e-360b-4bf9-859c-5118db1a7fff,20,4.0,,,,96.41,51.15,52.87,59.86,59.02,50.99
2025-12-17T02:59:18.801963,Recipe_B,ca4e2b3e-360b-4bf9-859c-5118db1a7fff,20,4.0,,,,100.31,52.61,40.55,52.06,47.78,54.23
2025-12-17T02:59:19.801963,Recipe_B,ca4e2b3e-360b-4bf9-859c-5118db1a7fff,20,4.0,,,,101.88,46.15,54.79,52.67,43.05,53.21
2025-12-17T02:59:20.801963,Recipe_B,ca4e2b3e-360b-4bf9-859c-5118db1a7fff,20,4.0,,,,102.91,46.24,38.4,52.81,53.73,52.63
2025-12-17T02:59:21.801963,Recipe_B,ca4e2b3e-360b-4bf9-859c-5118db1a7fff,20,4.0,,,,96.53,50.39,50.23,53.6,53.75,53.38
2025-12-17T02:59:22.801963,Recipe_B,ca4e2b3e-360b-4bf9-859c-5118db1a7fff,20,4.0,,,,102.36,59.83,43.23,49.75,53.04,47.67
2025-12-17T02:59:23.801963,Recipe_B,ca4e2b3e-360b-4bf9-859c-5118db1a7fff,20,4.0,,,,97.22,57.22,52.66,40.09,52.14,44.08
2025-12-17T02:59:24.801963,Recipe_B,ca4e2b3e-360b-4bf9-859c-5118db1a7fff,20,4.0,,,,98.75,49.39,50.5,49.67,47.3,48.29
2025-12-17T02:59:25.801963,Recipe_B,ca4e2b3e-360b-4bf9-859c-5118db1a7fff,20,4.0,,,,105.86,51.09,55.69,52.0,48.32,49.99
2025-12-17T02:59:26.801963,Recipe_B,ca4e2b3e-360b-4bf9-859c-5118db1a7fff,20,4.0,,,,103.62,49.0,51.34,53.19,41.55,52.25
2025-12-17T02:59:27.801963,Recipe_B,ca4e2b3e-360b-4bf9-859c-5118db1a7fff,20,4.0,,,,101.28,38.91,57.95,57.98,49.58,50.22
2025-12-17T02:59:28.801963,Recipe_B,ca4e2b3e-360b-4bf9-859c-5118db1a7fff,20,4.0,,,,103.16,54.22,58.15,49.89,43.96,50.88
2025-12-17T02:59:29.801963,Recipe_B,ca4e2b3e-360b-4bf9-859c-5118db1a7fff,20,4.0,,,,93.88,51.94,59.0,57.21,46.45,56.46
2025-12-17T02:59:30.801963,Recipe_B,ca4e2b3e-360b-4bf9-859c-5118db1a7fff,20,4.0,,,,97.05,55.06,47.28,54.08,52.74,45.09
2025-12-17T02:59:31.801963,Recipe_B,ca4e2b3e-360b-4bf9-859c-5118db1a7fff,20,4.0,,,,97.5,47.11,43.4,50.74,50.94,56.35
2025-12-17T02:59:32.801963,Recipe_B,ca4e2b3e-360b-4bf9-859c-5118db1a7fff,20,4.0,,,,103.7,41.83,54.92,52.59,48.42,52.43
2025-12-17T02:59:33.801963,Recipe_B,ca4e2b3e-360b-4bf9-859c-5118db1a7fff,20,4.0,,,,101.56,47.43,46.41,56.44,47.99,59.75
2025-12-17T02:59:34.801963,Recipe_B,ca4e2b3e-360b-4bf9-859c-5118db1a7fff,20,4.0,,,,96.71,46.24,54.9,48.5,52.18,50.19
2025-12-17T02:59:35.801963,Recipe_B,ca4e2b3e-360b-4bf9-859c-5118db1a7fff,20,4.0,,,,111.21,44.67,52.34,41.54,40.03,46.4
2025-12-17T02:59:36.801963,Recipe_B,ca4e2b3e-360b-4bf9-859c-5118db1a7fff,20,4.0,,,,109.1,45.32,43.56,48.94,49.05,55.04
2025-12-17T02:59:37.801963,Recipe_B,ca4e2b3e-360b-4bf9-859c-5118db1a7fff,20,4.0,,,,95.43,49.78,44.66,51.65,60.55,41.93
2025-12-17T02:59:38.801963,Recipe_B,ca4e2b3e-360b-4bf9-859c-5118db1a7fff,20,4.0,,,,100.69,46.95,53.68,43.97,44.13,52.98
2025-12-17T02:59:39.801963,Recipe_B,ca4e2b3e-360b-4bf9-859c-5118db1a7fff,20,4.0,,,,102.12,51.17,41.34,47.51,52.82,57.35
2025-12-17T02:59:40.801963,Recipe_B,ca4e2b3e-360b-4bf9-859c-5118db1a7fff,20,4.0,,,,99.75,51.91,52.68,45.79,51.75,49.66
2025-12-17T02:59:41.801963,Recipe_B,ca4e2b3e-360b-4bf9-859c-5118db1a7fff,20,4.0,,,,103.65,52.08,54.57,53.25,59.1,52.55
2025-12-17T02:59:42.801963,Recipe_B,ca4e2b3e-360b-4bf9-859c-5118db1a7fff,20,1.0,,,,6.32,8.66,9.31,8.91,9.73,9.65
2025-12-17T02:59:43.801963,Recipe_B,ca4e2b3e-360b-4bf9-859c-5118db1a7fff,20,1.0,,,,9.65,11.08,6.79,11.43,8.54,8.76
2025-12-17T02:59:44.801963,Recipe_B,ca4e2b3e-360b-4bf9-859c-5118db1a7fff,20,1.0,,,,12.19,10.24,8.17,10.49,9.27,8.94
2025-12-17T02:59:45.801963,Recipe_B,ca4e2b3e-360b-4bf9-859c-5118db1a7fff,20,1.0,,,,11.75,10.43,9.15,13.49,9.47,9.68
2025-12-17T02:59:46.801963,Recipe_B,ca4e2b3e-360b-4bf9-859c-5118db1a7fff,20,1.0,,,,11.04,9.55,12.93,11.1,7.91,10.1
2025-12-17T02:59:47.801963,Recipe_B,ca4e2b3e-360b-4bf9-859c-5118db1a7fff,20,1.0,,,,10.57,14.69,9.2,11.05,11.58,13.0
2025-12-17T02:59:48.801963,Recipe_B,ca4e2b3e-360b-4bf9-859c-5118db1a7fff,20,1.0,,,,11.43,12.91,12.75,8.95,9.16,10.59
2025-12-17T02:59:49.801963,Recipe_B,ca4e2b3e-360b-4bf9-859c-5118db1a7fff,20,1.0,,,,10.74,7.98,10.82,12.26,6.87,9.09
2025-12-17T02:59:50.801963,Recipe_B,ca4e2b3e-360b-4bf9-859c-5118db1a7fff,20,1.0,,,,10.72,10.34,10.2,8.57,8.8,8.79
2025-12-17T02:59:51.801963,Recipe_B,ca4e2b3e-360b-4bf9-859c-5118db1a7fff,20,1.0,,,,7.58,14.57,9.9,12.55,6.11,10.06
2025-12-17T02:59:52.801963,Recipe_B,ca4e2b3e-360b-4bf9-859c-5118db1a7fff,20,1.0,,,,10.76,7.84,8.88,10.19,6.4,5.85
2025-12-17T02:59:53.801963,Recipe_B,ca4e2b3e-360b-4bf9-859c-5118db1a7fff,20,1.0,,,,14.14,13.0,12.14,9.58,8.82,9.09
2025-12-17T02:59:54.801963,Recipe_B,ca4e2b3e-360b-4bf9-859c-5118db1a7fff,20,1.0,,,,6.9,6.13,10.06,11.73,9.45,10.01
2025-12-17T02:59:55.801963,Recipe_B,ca4e2b3e-360b-4bf9-859c-5118db1a7fff,20,1.0,,,,10.5,8.11,10.56,9.76,9.92,11.09
2025-12-17T02:59:56.801963,Recipe_B,ca4e2b3e-360b-4bf9-859c-5118db1a7fff,20,1.0,,,,9.28,10.87,5.05,9.55,8.74,11.42
2025-12-17T02:59:57.801963,Recipe_B,ca4e2b3e-360b-4bf9-859c-5118db1a7fff,20,1.0,,,,13.62,8.48,6.42,12.29,8.19,8.41
2025-12-17T02:59:58.801963,Recipe_B,ca4e2b3e-360b-4bf9-859c-5118db1a7fff,20,1.0,,,,10.74,10.08,10.01,5.64,9.59,11.4
2025-12-17T02:59:59.801963,Recipe_B,ca4e2b3e-360b-4bf9-859c-5118db1a7fff,20,1.0,,,,12.13,8.1,12.01,10.27,12.85,9.79
2025-12-17T03:00:00.801963,Recipe_B,ca4e2b3e-360b-4bf9-859c-5118db1a7fff,20,1.0,,,,9.8,13.75,8.01,11.88,10.86,9.63
2025-12-17T03:00:01.801963,Recipe_B,ca4e2b3e-360b-4bf9-859c-5118db1a7fff,20,1.0,,,,9.01,9.85,8.06,4.27,11.32,10.58
2025-12-17T03:00:02.801963,Recipe_B,ca4e2b3e-360b-4bf9-859c-5118db1a7fff,20,1.0,,,,11.83,10.56,9.87,9.71,12.34,10.64
2025-12-17T03:00:03.801963,Recipe_B,ca4e2b3e-360b-4bf9-859c-5118db1a7fff,20,1.0,,,,8.59,8.85,9.78,9.4,10.77,8.78
2025-12-17T03:00:04.801963,Recipe_B,ca4e2b3e-360b-4bf9-859c-5118db1a7fff,20,1.0,,,,10.6,10.68,10.51,10.61,11.87,7.7
2025-12-17T03:00:05.801963,Recipe_B,ca4e2b3e-360b-4bf9-859c-5118db1a7fff,20,1.0,,,,11.4,8.02,10.78,11.29,7.88,8.86
2025-12-17T03:00:06.801963,Recipe_B,ca4e2b3e-360b-4bf9-859c-5118db1a7fff,20,1.0,,,,10.92,7.9,15.52,9.52,12.42,9.23
2025-12-17T03:00:07.801963,Recipe_B,ca4e2b3e-360b-4bf9-859c-5118db1a7fff,20,1.0,,,,10.21,8.05,9.94,10.79,13.28,11.9
2025-12-17T03:00:08.801963,Recipe_B,ca4e2b3e-360b-4bf9-859c-5118db1a7fff,20,1.0,,,,9.3,10.97,8.82,11.39,13.29,13.06
2025-12-17T03:00:09.801963,Recipe_B,ca4e2b3e-360b-4bf9-859c-5118db1a7fff,20,1.0,,,,10.77,12.19,8.46,12.29,13.91,8.75
2025-12-17T03:00:10.801963,Recipe_B,ca4e2b3e-360b-4bf9-859c-5118db1a7fff,20,1.0,,,,9.9,11.53,7.38,8.19,12.29,10.5
2025-12-17T03:00:11.801963,Recipe_B,ca4e2b3e-360b-4bf9-859c-5118db1a7fff,20,1.0,,,,8.2,8.92,10.39,11.08,9.23,9.1
2025-12-17T03:00:12.801963,Recipe_B,ca4e2b3e-360b-4bf9-859c-5118db1a7fff,20,1.0,,,,10.19,8.58,11.21,9.24,14.27,12.48
2025-12-17T03:00:13.801963,Recipe_B,ca4e2b3e-360b-4bf9-859c-5118db1a7fff,20,1.0,,,,8.75,10.46,10.59,9.65,8.18,10.95
2025-12-17T03:00:14.801963,Recipe_B,ca4e2b3e-360b-4bf9-859c-5118db1a7fff,20,1.0,,,,12.93,5.38,10.08,10.4,10.62,6.58
2025-12-17T03:00:15.801963,Recipe_B,ca4e2b3e-360b-4bf9-859c-5118db1a7fff,20,1.0,,,,9.07,6.13,7.87,11.21,6.97,9.61
2025-12-17T03:00:16.801963,Recipe_B,ca4e2b3e-360b-4bf9-859c-5118db1a7fff,20,1.0,,,,12.6,10.53,11.46,12.73,8.05,11.93
2025-12-17T03:00:17.801963,Recipe_B,ca4e2b3e-360b-4bf9-859c-5118db1a7fff,20,1.0,,,,6.12,11.9,6.89,9.0,11.34,8.09
2025-12-17T03:00:18.801963,Recipe_B,ca4e2b3e-360b-4bf9-859c-5118db1a7fff,20,1.0,,,,14.53,8.4,9.63,10.3,13.52,10.52
2025-12-17T03:00:19.801963,Recipe_B,ca4e2b3e-360b-4bf9-859c-5118db1a7fff,20,1.0,,,,10.26,11.75,9.89,8.89,7.59,7.94
2025-12-17T03:00:20.801963,Recipe_B,ca4e2b3e-360b-4bf9-859c-5118db1a7fff,20,1.0,,,,12.1,9.79,10.41,6.93,10.8,10.68
2025-12-17T03:00:21.801963,Recipe_B,ca4e2b3e-360b-4bf9-859c-5118db1a7fff,20,1.0,,,,6.87,7.49,10.95,10.15,9.6,10.4
2025-12-17T03:00:22.801963,Recipe_B,ca4e2b3e-360b-4bf9-859c-5118db1a7fff,20,1.0,,,,9.04,8.57,8.91,10.87,12.01,12.72
2025-12-17T03:00:23.801963,Recipe_B,ca4e2b3e-360b-4bf9-859c-5118db1a7fff,20,1.0,,,,7.96,6.36,10.1,10.1,11.91,8.68
2025-12-17T03:00:24.801963,Recipe_B,ca4e2b3e-360b-4bf9-859c-5118db1a7fff,20,1.0,,,,10.16,9.45,10.2,8.72,10.7,13.92
2025-12-17T03:00:25.801963,Recipe_B,ca4e2b3e-360b-4bf9-859c-5118db1a7fff,20,1.0,,,,12.68,12.32,8.56,11.06,10.36,12.41
2025-12-17T03:00:26.801963,Recipe_B,ca4e2b3e-360b-4bf9-859c-5118db1a7fff,20,1.0,,,,11.51,8.61,9.78,12.12,8.37,9.52
2025-12-17T03:00:27.801963,Recipe_B,ca4e2b3e-360b-4bf9-859c-5118db1a7fff,20,1.0,,,,10.21,12.73,10.5,13.84,9.82,10.76
2025-12-17T03:00:28.801963,Recipe_B,ca4e2b3e-360b-4bf9-859c-5118db1a7fff,20,1.0,,,,10.1,7.72,11.3,11.53,10.18,8.08
2025-12-17T03:00:29.801963,Recipe_B,ca4e2b3e-360b-4bf9-859c-5118db1a7fff,20,5.0,,,,7.62,6.18,12.41,8.29,12.8,9.3
2025-12-17T03:00:30.801963,Recipe_B,ca4e2b3e-360b-4bf9-859c-5118db1a7fff,20,5.0,,,,9.4,12.3,11.27,8.32,10.48,10.16
2025-12-17T03:00:31.801963,Recipe_B,ca4e2b3e-360b-4bf9-859c-5118db1a7fff,20,5.0,,,,10.94,10.53,12.96,9.88,9.72,12.96
2025-12-17T03:00:32.801963,Recipe_B,ca4e2b3e-360b-4bf9-859c-5118db1a7fff,20,5.0,,,,8.71,13.4,8.9,11.03,8.13,10.88
2025-12-17T03:00:33.801963,Recipe_B,ca4e2b3e-360b-4bf9-859c-5118db1a7fff,20,5.0,,,,10.83,7.46,7.21,6.86,9.58,2.3
2025-12-17T03:00:34.801963,Recipe_B,ca4e2b3e-360b-4bf9-859c-5118db1a7fff,20,5.0,,,,10.64,10.68,12.13,10.78,9.8,4.74
2025-12-17T03:00:35.801963,Recipe_B,ca4e2b3e-360b-4bf9-859c-5118db1a7fff,20,5.0,,,,12.48,11.54,9.6,8.28,9.9,9.03
2025-12-17T03:00:36.801963,Recipe_B,ca4e2b3e-360b-4bf9-859c-5118db1a7fff,20,5.0,,,,10.17,11.17,11.51,9.84,11.98,9.74
2025-12-17T03:00:37.801963,Recipe_B,ca4e2b3e-360b-4bf9-859c-5118db1a7fff,20,5.0,,,,8.61,11.56,7.85,12.11,11.42,9.61
2025-12-17T03:00:38.801963,Recipe_B,ca4e2b3e-360b-4bf9-859c-5118db1a7fff,20,5.0,,,,12.47,8.29,11.78,10.88,7.88,11.54
2025-12-17T03:00:39.801963,Recipe_B,ca4e2b3e-360b-4bf9-859c-5118db1a7fff,20,5.0,,,,9.72,10.34,12.19,11.93,12.09,7.65
2025-12-17T03:00:40.801963,Recipe_B,ca4e2b3e-360b-4bf9-859c-5118db1a7fff,20,5.0,,,,10.38,11.54,8.69,11.63,9.32,10.12
2025-12-17T03:00:41.801963,Recipe_B,ca4e2b3e-360b-4bf9-859c-5118db1a7fff,20,5.0,,,,6.99,10.79,14.91,10.41,11.47,10.95
2025-12-17T03:00:42.801963,Recipe_B,ca4e2b3e-360b-4bf9-859c-5118db1a7fff,20,5.0,,,,9.49,10.3,10.6,8.4,10.41,9.3
2025-12-17T03:00:43.801963,Recipe_B,ca4e2b3e-360b-4bf9-859c-5118db1a7fff,20,5.0,,,,9.56,9.56,7.58,9.75,11.8,9.76
2025-12-17T03:00:44.801963,Recipe_B,ca4e2b3e-360b-4bf9-859c-5118db1a7fff,20,5.0,,,,6.89,10.1,6.79,11.13,10.76,8.69
2025-12-17T03:00:45.801963,Recipe_B,ca4e2b3e-360b-4bf9-859c-5118db1a7fff,20,5.0,,,,10.18,10.74,7.89,11.99,10.58,7.59
2025-12-17T03:00:46.801963,Recipe_B,ca4e2b3e-360b-4bf9-859c-5118db1a7fff,20,4.0,,,,100.46,54.61,52.34,51.55,50.98,46.27
2025-12-17T03:00:47.801963,Recipe_B,ca4e2b3e-360b-4bf9-859c-5118db1a7fff,20,4.0,,,,102.57,47.96,55.5,39.51,56.91,45.0
2025-12-17T03:00:48.801963,Recipe_B,ca4e2b3e-360b-4bf9-859c-5118db1a7fff,20,4.0,,,,96.71,52.71,49.4,52.11,50.42,60.91
2025-12-17T03:00:49.801963,Recipe_B,ca4e2b3e-360b-4bf9-859c-5118db1a7fff,20,4.0,,,,99.67,49.57,45.1,43.97,41.93,50.83
2025-12-17T03:00:50.801963,Recipe_B,ca4e2b3e-360b-4bf9-859c-5118db1a7fff,20,4.0,,,,95.04,56.84,51.96,57.07,45.2,53.93
2025-12-17T03:00:51.801963,Recipe_B,ca4e2b3e-360b-4bf9-859c-5118db1a7fff,20,4.0,,,,103.82,44.59,49.67,53.37,48.58,48.95
2025-12-17T03:00:52.801963,Recipe_B,ca4e2b3e-360b-4bf9-859c-5118db1a7fff,20,4.0,,,,108.63,42.0,58.39,47.64,43.01,49.47
2025-12-17T03:00:53.801963,Recipe_B,ca4e2b3e-360b-4bf9-859c-5118db1a7fff,20,4.0,,,,102.43,49.94,49.89,54.85,59.37,47.79
2025-12-17T03:00:54.801963,Recipe_B,ca4e2b3e-360b-4bf9-859c-5118db1a7fff,20,4.0,,,,96.38,53.95,47.95,48.57,47.08,46.08
2025-12-17T03:00:55.801963,Recipe_B,ca4e2b3e-360b-4bf9-859c-5118db1a7fff,20,4.0,,,,106.46,50.32,49.7,51.34,52.21,47.86
2025-12-17T03:00:56.801963,Recipe_B,ca4e2b3e-360b-4bf9-859c-5118db1a7fff,20,4.0,,,,101.78,49.31,50.69,49.59,36.15,54.93
2025-12-17T03:00:57.801963,Recipe_B,ca4e2b3e-360b-4bf9-859c-5118db1a7fff,20,4.0,,,,105.66,39.9,50.12,56.78,47.61,54.36
2025-12-17T03:00:58.801963,Recipe_B,ca4e2b3e-360b-4bf9-859c-5118db1a7fff,20,4.0,,,,110.78,45.06,58.01,54.46,44.45,52.23
2025-12-17T03:00:59.801963,Recipe_B,ca4e2b3e-360b-4bf9-859c-5118db1a7fff,20,4.0,,,,92.99,51.3,44.95,56.26,47.49,44.91
2025-12-17T03:01:00.801963,Recipe_B,ca4e2b3e-360b-4bf9-859c-5118db1a7fff,20,4.0,,,,98.05,57.23,58.29,51.9,48.55,43.2
2025-12-17T03:01:01.801963,Recipe_B,ca4e2b3e-360b-4bf9-859c-5118db1a7fff,20,5.0,,,,10.12,10.65,9.45,7.75,13.36,7.49
2025-12-17T03:01:02.801963,Recipe_B,ca4e2b3e-360b-4bf9-859c-5118db1a7fff,20,5.0,,,,11.98,9.05,9.79,9.83,7.48,8.55
2025-12-17T03:01:03.801963,Recipe_B,ca4e2b3e-360b-4bf9-859c-5118db1a7fff,20,4.0,,,,96.41,52.25,50.98,55.05,58.91,47.25
2025-12-17T03:01:04.801963,Recipe_B,ca4e2b3e-360b-4bf9-859c-5118db1a7fff,20,4.0,,,,107.76,47.36,44.26,47.04,55.1,60.58
2025-12-17T03:01:05.801963,Recipe_B,ca4e2b3e-360b-4bf9-859c-5118db1a7fff,20,4.0,,,,100.9,47.95,44.58,50.56,43.07,50.23
2025-12-17T03:01:06.801963,Recipe_B,ca4e2b3e-360b-4bf9-859c-5118db1a7fff,20,4.0,,,,102.7,49.28,55.7,56.86,49.59,46.38
2025-12-17T03:01:07.801963,Recipe_B,ca4e2b3e-360b-4bf9-859c-5118db1a7fff,20,4.0,,,,96.85,50.46,51.03,44.25,54.8,57.55
2025-12-17T03:01:08.801963,Recipe_B,ca4e2b3e-360b-4bf9-859c-5118db1a7fff,20,4.0,,,,94.89,46.08,53.74,43.4,49.1,49.36
2025-12-17T03:01:09.801963,Recipe_B,ca4e2b3e-360b-4bf9-859c-5118db1a7fff,20,4.0,,,,96.37,57.45,45.48,49.81,48.6,50.2
2025-12-17T03:01:10.801963,Recipe_B,ca4e2b3e-360b-4bf9-859c-5118db1a7fff,20,4.0,,,,92.84,52.16,55.5,51.77,62.03,59.82
2025-12-17T03:01:11.801963,Recipe_B,ca4e2b3e-360b-4bf9-859c-5118db1a7fff,20,4.0,,,,100.47,42.48,51.65,55.62,50.99,52.87
2025-12-17T03:01:12.801963,Recipe_B,ca4e2b3e-360b-4bf9-859c-5118db1a7fff,20,4.0,,,,95.31,53.21,52.97,42.63,54.78,52.45
2025-12-17T03:01:13.801963,Recipe_B,ca4e2b3e-360b-4bf9-859c-5118db1a7fff,20,4.0,,,,110.77,47.0,48.49,43.76,54.27,57.74
2025-12-17T03:01:14.801963,Recipe_B,ca4e2b3e-360b-4bf9-859c-5118db1a7fff,20,4.0,,,,109.61,43.22,49.9,47.17,59.03,47.8
2025-12-17T03:01:15.801963,Recipe_B,ca4e2b3e-360b-4bf9-859c-5118db1a7fff,20,4.0,,,,102.92,42.37,49.8,48.68,56.87,52.65
2025-12-17T03:01:16.801963,Recipe_B,ca4e2b3e-360b-4bf9-859c-5118db1a7fff,20,4.0,,,,101.55,48.61,52.52,52.86,50.93,48.18
2025-12-17T03:01:17.801963,Recipe_B,ca4e2b3e-360b-4bf9-859c-5118db1a7fff,20,4.0,,,,100.5,52.57,43.26,37.06,43.65,46.5
2025-12-17T03:01:18.801963,Recipe_B,ca4e2b3e-360b-4bf9-859c-5118db1a7fff,20,4.0,,,,91.08,55.6,50.21,53.82,48.64,60.13
2025-12-17T03:01:19.801963,Recipe_B,ca4e2b3e-360b-4bf9-859c-5118db1a7fff,20,4.0,,,,100.13,40.7,44.12,51.56,41.25,44.8
2025-12-17T03:01:20.801963,Recipe_B,ca4e2b3e-360b-4bf9-859c-5118db1a7fff,20,4.0,,,,104.99,44.8,48.93,43.45,46.94,51.16
2025-12-17T03:01:21.801963,Recipe_B,ca4e2b3e-360b-4bf9-859c-5118db1a7fff,20,4.0,,,,100.82,40.87,53.92,55.47,53.02,44.36
2025-12-17T03:01:22.801963,Recipe_B,ca4e2b3e-360b-4bf9-859c-5118db1a7fff,20,4.0,,,,87.14,53.28,47.83,54.79,56.67,43.9
2025-12-17T03:01:23.801963,Recipe_B,ca4e2b3e-360b-4bf9-859c-5118db1a7fff,20,4.0,,,,95.49,45.03,54.03,65.04,47.63,44.4
2025-12-17T03:01:24.801963,Recipe_B,ca4e2b3e-360b-4bf9-859c-5118db1a7fff,20,4.0,,,,100.45,48.01,50.0,53.42,39.75,51.87
2025-12-17T03:01:25.801963,Recipe_B,ca4e2b3e-360b-4bf9-859c-5118db1a7fff,20,4.0,,,,95.87,61.47,54.42,46.59,45.8,46.26
2025-12-17T03:01:26.801963,Recipe_B,ca4e2b3e-360b-4bf9-859c-5118db1a7fff,20,4.0,,,,90.49,48.44,43.09,52.96,54.87,56.01
2025-12-17T03:01:27.801963,Recipe_B,ca4e2b3e-360b-4bf9-859c-5118db1a7fff,20,4.0,,,,91.42,59.82,51.25,48.64,50.76,41.31
2025-12-17T03:01:28.801963,Recipe_B,ca4e2b3e-360b-4bf9-859c-5118db1a7fff,20,4.0,,,,105.78,49.34,44.1,53.52,52.44,52.92
2025-12-17T03:01:29.801963,Recipe_B,ca4e2b3e-360b-4bf9-859c-5118db1a7fff,20,4.0,,,,99.37,54.29,49.57,61.65,39.36,52.42
2025-12-17T03:01:30.801963,Recipe_B,ca4e2b3e-360b-4bf9-859c-5118db1a7fff,20,4.0,,,,106.06,53.85,47.6,61.85,54.76,42.6
2025-12-17T03:01:31.801963,Recipe_B,ca4e2b3e-360b-4bf9-859c-5118db1a7fff,20,4.0,,,,107.3,48.37,54.03,45.25,49.59,52.09
2025-12-17T03:01:32.801963,Recipe_B,ca4e2b3e-360b-4bf9-859c-5118db1a7fff,20,4.0,,,,86.17,55.61,44.24,44.53,54.36,51.67
2025-12-17T03:01:33.801963,Recipe_B,ca4e2b3e-360b-4bf9-859c-5118db1a7fff,20,2.0,,,,10.16,7.93,7.33,9.78,11.18,10.39
2025-12-17T03:01:34.801963,Recipe_B,ca4e2b3e-360b-4bf9-859c-5118db1a7fff,20,2.0,,,,4.37,7.79,10.28,12.2,10.8,8.12
2025-12-17T03:01:35.801963,Recipe_B,ca4e2b3e-360b-4bf9-859c-5118db1a7fff,20,2.0,,,,7.91,12.46,7.38,6.68,11.45,4.42
2025-12-17T03:01:36.801963,Recipe_B,ca4e2b3e-360b-4bf9-859c-5118db1a7fff,20,2.0,,,,7.27,5.64,12.17,12.43,8.57,8.57
2025-12-17T03:01:37.801963,Recipe_B,ca4e2b3e-360b-4bf9-859c-5118db1a7fff,20,2.0,,,,13.19,10.41,7.41,10.36,11.87,11.67
2025-12-17T03:01:38.801963,Recipe_B,ca4e2b3e-360b-4bf9-859c-5118db1a7fff,20,2.0,,,,9.3,7.75,11.99,12.93,14.32,11.6
2025-12-17T03:01:39.801963,Recipe_B,ca4e2b3e-360b-4bf9-859c-5118db1a7fff,20,2.0,,,,10.31,8.84,8.31,10.55,9.97,8.67
2025-12-17T03:01:40.801963,Recipe_B,ca4e2b3e-360b-4bf9-859c-5118db1a7fff,20,2.0,,,,11.02,9.26,9.22,7.32,11.64,9.35
2025-12-17T03:01:41.801963,Recipe_B,ca4e2b3e-360b-4bf9-859c-5118db1a7fff,20,2.0,,,,8.62,5.66,9.68,4.75,12.19,8.88
2025-12-17T03:01:42.801963,Recipe_B,ca4e2b3e-360b-4bf9-859c-5118db1a7fff,20,2.0,,,,13.31,8.85,12.55,10.54,10.56,10.3
2025-12-17T03:01:43.801963,Recipe_B,ca4e2b3e-360b-4bf9-859c-5118db1a7fff,20,2.0,,,,9.4,10.19,10.48,13.13,9.1,10.91
2025-12-17T03:01:44.801963,Recipe_B,ca4e2b3e-360b-4bf9-859c-5118db1a7fff,20,2.0,,,,8.2,12.0,8.57,7.29,10.23,9.87
2025-12-17T03:01:45.801963,Recipe_B,ca4e2b3e-360b-4bf9-859c-5118db1a7fff,20,4.0,,,,93.63,55.18,51.52,53.3,53.55,39.96
2025-12-17T03:01:46.801963,Recipe_B,ca4e2b3e-360b-4bf9-859c-5118db1a7fff,20,4.0,,,,102.74,49.59,49.67,50.7,52.1,47.94
2025-12-17T03:01:47.801963,Recipe_B,ca4e2b3e-360b-4bf9-859c-5118db1a7fff,20,4.0,,,,106.15,54.71,52.64,56.22,46.69,53.48
2025-12-17T03:01:48.801963,Recipe_B,ca4e2b3e-360b-4bf9-859c-5118db1a7fff,20,4.0,,,,103.8,56.51,40.82,53.15,47.21,45.07
2025-12-17T03:01:49.801963,Recipe_B,ca4e2b3e-360b-4bf9-859c-5118db1a7fff,20,4.0,,,,94.59,55.34,52.56,55.31,49.34,46.17
2025-12-17T03:01:50.801963,Recipe_B,ca4e2b3e-360b-4bf9-859c-5118db1a7fff,20,4.0,,,,100.85,57.64,48.22,49.22,49.04,53.16
2025-12-17T03:01:51.801963,Recipe_B,ca4e2b3e-360b-4bf9-859c-5118db1a7fff,20,4.0,,,,102.19,52.04,52.22,60.12,47.05,47.39
2025-12-17T03:01:52.801963,Recipe_B,ca4e2b3e-360b-4bf9-859c-5118db1a7fff,20,4.0,,,,96.59,47.64,45.37,45.83,39.41,47.32
2025-12-17T03:01:53.801963,Recipe_B,ca4e2b3e-360b-4bf9-859c-5118db1a7fff,20,5.0,,,,5.1,7.98,8.56,8.89,10.39,11.79
2025-12-17T03:01:54.801963,Recipe_B,ca4e2b3e-360b-4bf9-859c-5118db1a7fff,20,5.0,,,,12.49,11.48,7.81,9.5,11.39,9.78
2025-12-17T03:01:55.801963,Recipe_B,ca4e2b3e-360b-4bf9-859c-5118db1a7fff,20,5.0,,,,13.09,5.23,6.9,10.68,8.65,10.18
2025-12-17T03:01:56.801963,Recipe_B,ca4e2b3e-360b-4bf9-859c-5118db1a7fff,20,5.0,,,,9.74,10.35,10.96,10.87,6.71,13.96
2025-12-17T03:01:57.801963,Recipe_B,ca4e2b3e-360b-4bf9-859c-5118db1a7fff,20,5.0,,,,9.26,11.03,13.74,8.9,11.6,12.96
2025-12-17T03:01:58.801963,Recipe_B,ca4e2b3e-360b-4bf9-859c-5118db1a7fff,20,5.0,,,,11.3,10.62,8.26,14.44,10.73,9.28
2025-12-17T03:01:59.801963,Recipe_B,ca4e2b3e-360b-4bf9-859c-5118db1a7fff,20,5.0,,,,11.04,6.99,9.15,9.73,6.99,11.12
2025-12-17T03:02:00.801963,Recipe_B,ca4e2b3e-360b-4bf9-859c-5118db1a7fff,20,5.0,,,,11.54,10.89,11.18,9.67,8.93,11.33
2025-12-17T03:02:01.801963,Recipe_B,ca4e2b3e-360b-4bf9-859c-5118db1a7fff,20,5.0,,,,11.32,11.31,10.17,10.13,11.5,8.15
2025-12-17T03:02:01.801963,Recipe_B,ca4e2b3e-360b-4bf9-859c-5118db1a7fff,20,5.0,Warning_9,Simulated Warning occurred,Warning,,,,,,
2025-12-17T03:02:02.801963,Recipe_B,ca4e2b3e-360b-4bf9-859c-5118db1a7fff,20,5.0,,,,6.71,10.41,7.8,12.62,13.46,11.88
2025-12-17T03:02:03.801963,Recipe_B,ca4e2b3e-360b-4bf9-859c-5118db1a7fff,20,5.0,,,,9.44,12.11,6.91,9.39,10.52,9.72
2025-12-17T03:02:04.801963,Recipe_B,ca4e2b3e-360b-4bf9-859c-5118db1a7fff,20,5.0,,,,8.07,9.33,9.78,10.88,8.16,12.99
2025-12-17T03:02:05.801963,Recipe_B,ca4e2b3e-360b-4bf9-859c-5118db1a7fff,20,5.0,,,,10.96,9.92,11.6,7.12,9.49,8.51
2025-12-17T03:02:06.801963,Recipe_B,ca4e2b3e-360b-4bf9-859c-5118db1a7fff,20,5.0,,,,8.65,8.02,11.74,6.47,8.18,8.98
2025-12-17T03:02:07.801963,Recipe_B,ca4e2b3e-360b-4bf9-859c-5118db1a7fff,20,5.0,,,,9.36,14.41,13.63,12.38,8.06,11.08
2025-12-17T03:02:08.801963,Recipe_B,ca4e2b3e-360b-4bf9-859c-5118db1a7fff,20,5.0,,,,6.69,12.68,13.91,14.08,5.07,10.34
2025-12-17T03:02:09.801963,Recipe_B,ca4e2b3e-360b-4bf9-859c-5118db1a7fff,20,5.0,,,,8.45,12.91,10.88,11.61,8.73,9.37
2025-12-17T03:02:10.801963,Recipe_B,ca4e2b3e-360b-4bf9-859c-5118db1a7fff,20,5.0,,,,10.83,9.57,8.3,10.59,11.27,9.06
2025-12-17T03:02:11.801963,Recipe_B,ca4e2b3e-360b-4bf9-859c-5118db1a7fff,20,5.0,,,,11.57,11.79,11.9,6.5,12.89,9.95
2025-12-17T03:02:12.801963,Recipe_B,ca4e2b3e-360b-4bf9-859c-5118db1a7fff,20,5.0,,,,11.0,13.18,9.81,12.72,9.48,12.75
2025-12-17T03:02:13.801963,Recipe_B,ca4e2b3e-360b-4bf9-859c-5118db1a7fff,20,5.0,,,,13.24,10.89,7.01,9.69,8.07,7.44
2025-12-17T03:02:14.801963,Recipe_B,ca4e2b3e-360b-4bf9-859c-5118db1a7fff,20,5.0,,,,11.63,10.21,11.79,9.32,10.07,13.43
2025-12-17T03:02:15.801963,Recipe_B,ca4e2b3e-360b-4bf9-859c-5118db1a7fff,20,5.0,,,,8.12,11.19,8.61,12.46,10.12,9.4
2025-12-17T03:02:16.801963,Recipe_B,ca4e2b3e-360b-4bf9-859c-5118db1a7fff,20,5.0,,,,10.0,11.63,14.28,10.06,11.96,6.97
2025-12-17T03:02:17.801963,Recipe_B,ca4e2b3e-360b-4bf9-859c-5118db1a7fff,20,5.0,,,,9.81,10.66,9.2,10.46,13.86,12.78
2025-12-17T03:02:18.801963,Recipe_B,ca4e2b3e-360b-4bf9-859c-5118db1a7fff,20,5.0,,,,8.49,8.29,10.2,11.17,11.58,8.95
2025-12-17T03:02:19.801963,Recipe_B,ca4e2b3e-360b-4bf9-859c-5118db1a7fff,20,5.0,,,,9.87,10.1,9.5,9.47,10.2,10.12
2025-12-17T03:02:20.801963,Recipe_B,ca4e2b3e-360b-4bf9-859c-5118db1a7fff,20,5.0,,,,8.55,6.99,10.01,7.03,7.26,10.53
2025-12-17T03:02:21.801963,Recipe_B,ca4e2b3e-360b-4bf9-859c-5118db1a7fff,20,5.0,,,,9.83,9.75,10.31,12.17,12.63,9.45
2025-12-17T03:02:22.801963,Recipe_B,ca4e2b3e-360b-4bf9-859c-5118db1a7fff,20,5.0,,,,6.65,6.29,12.44,12.03,10.38,9.7
2025-12-17T03:02:23.801963,Recipe_B,ca4e2b3e-360b-4bf9-859c-5118db1a7fff,20,5.0,,,,9.21,9.47,4.71,7.82,7.07,8.82
2025-12-17T03:02:24.801963,Recipe_B,ca4e2b3e-360b-4bf9-859c-5118db1a7fff,20,5.0,,,,9.85,9.34,9.39,11.49,10.77,11.31
2025-12-17T03:02:25.801963,Recipe_B,ca4e2b3e-360b-4bf9-859c-5118db1a7fff,20,5.0,,,,11.45,9.07,9.74,13.62,10.5,11.47
2025-12-17T03:02:26.801963,Recipe_B,ca4e2b3e-360b-4bf9-859c-5118db1a7fff,20,5.0,,,,12.37,11.46,8.79,9.63,11.23,11.86
2025-12-17T03:02:27.801963,Recipe_B,ca4e2b3e-360b-4bf9-859c-5118db1a7fff,20,5.0,,,,9.44,8.12,11.74,11.62,8.77,11.63
2025-12-17T03:02:28.801963,Recipe_B,ca4e2b3e-360b-4bf9-859c-5118db1a7fff,20,5.0,,,,9.63,12.78,8.06,12.39,10.28,8.53
2025-12-17T03:02:29.801963,Recipe_B,ca4e2b3e-360b-4bf9-859c-5118db1a7fff,20,5.0,,,,9.7,10.1,11.0,9.83,13.43,9.97
2025-12-17T03:02:30.801963,Recipe_B,ca4e2b3e-360b-4bf9-859c-5118db1a7fff,20,5.0,,,,12.53,9.31,7.97,6.16,9.12,10.23
2025-12-17T03:02:31.801963,Recipe_B,ca4e2b3e-360b-4bf9-859c-5118db1a7fff,20,5.0,,,,11.68,8.15,7.41,10.98,9.67,9.58
2025-12-17T03:02:32.801963,Recipe_B,ca4e2b3e-360b-4bf9-859c-5118db1a7fff,20,5.0,,,,11.9,10.68,7.87,8.03,8.02,9.62
2025-12-17T03:02:33.801963,Recipe_B,ca4e2b3e-360b-4bf9-859c-5118db1a7fff,20,5.0,,,,10.7,8.48,10.85,10.24,9.39,9.63
2025-12-17T03:02:34.801963,Recipe_B,ca4e2b3e-360b-4bf9-859c-5118db1a7fff,20,2.0,,,,7.55,8.92,7.68,10.13,8.75,11.32
2025-12-17T03:02:35.801963,Recipe_B,ca4e2b3e-360b-4bf9-859c-5118db1a7fff,20,2.0,,,,12.04,12.96,8.52,13.77,11.24,10.91
2025-12-17T03:02:36.801963,Recipe_B,ca4e2b3e-360b-4bf9-859c-5118db1a7fff,20,2.0,,,,11.58,8.84,11.79,9.51,5.58,9.56
2025-12-17T03:02:37.801963,Recipe_B,ca4e2b3e-360b-4bf9-859c-5118db1a7fff,20,2.0,,,,10.18,9.12,9.02,9.47,12.59,10.36
2025-12-17T03:02:38.801963,Recipe_B,ca4e2b3e-360b-4bf9-859c-5118db1a7fff,20,2.0,,,,11.43,11.76,10.43,12.03,8.13,11.84
2025-12-17T03:02:39.801963,Recipe_B,ca4e2b3e-360b-4bf9-859c-5118db1a7fff,20,2.0,,,,10.83,11.55,10.7,9.65,11.27,8.52
2025-12-17T03:02:40.801963,Recipe_B,ca4e2b3e-360b-4bf9-859c-5118db1a7fff,20,2.0,,,,6.56,8.44,10.41,6.77,12.02,13.82
2025-12-17T03:02:41.801963,Recipe_B,ca4e2b3e-360b-4bf9-859c-5118db1a7fff,20,2.0,,,,7.78,6.08,10.36,12.32,8.76,9.08
2025-12-17T03:02:42.801963,Recipe_B,ca4e2b3e-360b-4bf9-859c-5118db1a7fff,20,2.0,,,,12.96,14.63,10.18,10.77,9.5,11.71
2025-12-17T03:02:43.801963,Recipe_B,ca4e2b3e-360b-4bf9-859c-5118db1a7fff,20,2.0,,,,9.92,8.84,10.38,7.79,11.09,12.81
2025-12-17T03:02:44.801963,Recipe_B,ca4e2b3e-360b-4bf9-859c-5118db1a7fff,20,2.0,,,,12.51,11.3,12.97,13.42,7.93,10.66
2025-12-17T03:02:45.801963,Recipe_B,ca4e2b3e-360b-4bf9-859c-5118db1a7fff,20,2.0,,,,10.89,10.85,10.04,7.81,9.64,10.13
2025-12-17T03:02:46.801963,Recipe_B,ca4e2b3e-360b-4bf9-859c-5118db1a7fff,20,2.0,,,,6.28,10.05,8.62,8.75,7.33,11.52
2025-12-17T03:02:47.801963,Recipe_B,ca4e2b3e-360b-4bf9-859c-5118db1a7fff,20,2.0,,,,9.78,12.74,9.31,8.17,11.8,10.03
2025-12-17T03:02:48.801963,Recipe_B,ca4e2b3e-360b-4bf9-859c-5118db1a7fff,20,2.0,,,,8.73,8.12,12.93,8.56,10.3,9.5
2025-12-17T03:02:49.801963,Recipe_B,ca4e2b3e-360b-4bf9-859c-5118db1a7fff,20,2.0,,,,11.8,8.98,6.2,7.47,9.19,8.92
2025-12-17T03:02:50.801963,Recipe_B,ca4e2b3e-360b-4bf9-859c-5118db1a7fff,20,2.0,,,,8.33,9.72,9.97,8.88,9.66,10.96
2025-12-17T03:02:51.801963,Recipe_B,ca4e2b3e-360b-4bf9-859c-5118db1a7fff,20,2.0,,,,11.52,8.63,14.88,9.16,8.39,7.62
2025-12-17T03:02:52.801963,Recipe_B,ca4e2b3e-360b-4bf9-859c-5118db1a7fff,20,4.0,,,,95.94,49.99,52.26,51.45,49.82,60.99
2025-12-17T03:02:53.801963,Recipe_B,ca4e2b3e-360b-4bf9-859c-5118db1a7fff,20,4.0,,,,100.59,51.58,39.85,53.48,43.27,49.38
2025-12-17T03:02:54.801963,Recipe_B,ca4e2b3e-360b-4bf9-859c-5118db1a7fff,20,4.0,,,,104.23,49.49,47.94,54.36,44.76,51.58
2025-12-17T03:02:55.801963,Recipe_B,ca4e2b3e-360b-4bf9-859c-5118db1a7fff,20,4.0,,,,98.55,53.47,51.9,45.7,50.18,49.96
2025-12-17T03:02:56.801963,Recipe_B,ca4e2b3e-360b-4bf9-859c-5118db1a7fff,20,4.0,,,,94.38,46.88,52.3,40.47,46.59,51.01
2025-12-17T03:02:57.801963,Recipe_B,ca4e2b3e-360b-4bf9-859c-5118db1a7fff,20,4.0,,,,98.02,47.87,53.32,55.75,47.72,49.77
2025-12-17T03:02:58.801963,Recipe_B,ca4e2b3e-360b-4bf9-859c-5118db1a7fff,20,4.0,,,,103.0,53.76,60.77,51.15,46.33,43.05
2025-12-17T03:02:59.801963,Recipe_B,ca4e2b3e-360b-4bf9-859c-5118db1a7fff,20,4.0,,,,101.45,42.07,46.49,42.18,41.36,43.9
2025-12-17T03:03:00.801963,Recipe_B,ca4e2b3e-360b-4bf9-859c-5118db1a7fff,20,4.0,,,,102.65,54.01,53.18,48.13,53.09,47.95
2025-12-17T03:03:01.801963,Recipe_B,ca4e2b3e-360b-4bf9-859c-5118db1a7fff,20,4.0,,,,101.55,48.75,58.02,53.66,53.69,53.47
2025-12-17T03:03:02.801963,Recipe_B,ca4e2b3e-360b-4bf9-859c-5118db1a7fff,20,4.0,,,,106.38,42.45,54.08,52.46,46.7,48.32
2025-12-17T03:03:03.801963,Recipe_B,ca4e2b3e-360b-4bf9-859c-5118db1a7fff,20,4.0,,,,100.04,59.6,56.79,46.12,42.52,49.21
2025-12-17T03:03:04.801963,Recipe_B,ca4e2b3e-360b-4bf9-859c-5118db1a7fff,20,4.0,,,,93.92,42.98,49.71,46.02,53.97,40.49
2025-12-17T03:03:05.801963,Recipe_B,ca4e2b3e-360b-4bf9-859c-5118db1a7fff,20,4.0,,,,100.53,48.45,50.97,46.91,53.01,49.85
2025-12-17T03:03:06.801963,Recipe_B,ca4e2b3e-360b-4bf9-859c-5118db1a7fff,20,4.0,,,,106.29,56.09,52.91,39.62,46.64,44.76
2025-12-17T03:03:07.801963,Recipe_B,ca4e2b3e-360b-4bf9-859c-5118db1a7fff,20,4.0,,,,105.77,41.17,51.51,48.17,52.98,46.04
2025-12-17T03:03:08.801963,Recipe_B,ca4e2b3e-360b-4bf9-859c-5118db1a7fff,20,4.0,,,,101.86,58.27,52.94,45.29,57.54,44.25
2025-12-17T03:03:09.801963,Recipe_B,ca4e2b3e-360b-4bf9-859c-5118db1a7fff,20,4.0,,,,100.67,40.36,47.52,50.08,52.64,51.54
2025-12-17T03:03:10.801963,Recipe_B,ca4e2b3e-360b-4bf9-859c-5118db1a7fff,20,4.0,,,,104.64,40.66,45.93,52.0,37.69,50.19
2025-12-17T03:03:11.801963,Recipe_B,ca4e2b3e-360b-4bf9-859c-5118db1a7fff,20,4.0,,,,97.85,47.59,43.06,54.98,55.01,53.58
2025-12-17T03:03:12.801963,Recipe_B,ca4e2b3e-360b-4bf9-859c-5118db1a7fff,20,4.0,,,,101.46,55.14,55.43,54.35,47.03,57.04
2025-12-17T03:03:13.801963,Recipe_B,ca4e2b3e-360b-4bf9-859c-5118db1a7fff,20,4.0,,,,108.82,52.78,49.16,49.46,49.04,52.85
2025-12-17T03:03:14.801963,Recipe_B,ca4e2b3e-360b-4bf9-859c-5118db1a7fff,20,4.0,,,,84.16,53.43,49.48,49.44,57.26,53.93
2025-12-17T03:03:15.801963,Recipe_B,ca4e2b3e-360b-4bf9-859c-5118db1a7fff,20,4.0,,,,103.03,51.84,40.45,43.99,49.12,50.63
2025-12-17T03:03:16.801963,Recipe_B,ca4e2b3e-360b-4bf9-859c-5118db1a7fff,20,4.0,,,,98.29,53.51,48.8,47.49,45.2,47.0
2025-12-17T03:03:17.801963,Recipe_B,ca4e2b3e-360b-4bf9-859c-5118db1a7fff,20,4.0,,,,105.96,50.72,52.47,52.05,47.21,49.34
2025-12-17T03:03:18.801963,Recipe_B,ca4e2b3e-360b-4bf9-859c-5118db1a7fff,20,4.0,,,,101.46,44.08,46.27,49.99,35.95,55.05
2025-12-17T03:03:19.801963,Recipe_B,ca4e2b3e-360b-4bf9-859c-5118db1a7fff,20,4.0,,,,101.87,52.76,52.08,49.22,52.23,54.32
2025-12-17T03:03:20.801963,Recipe_B,ca4e2b3e-360b-4bf9-859c-5118db1a7fff,20,4.0,,,,99.44,40.57,58.42,53.74,38.76,51.23
2025-12-17T03:03:21.801963,Recipe_B,ca4e2b3e-360b-4bf9-859c-5118db1a7fff,20,4.0,,,,98.04,51.25,47.98,54.8,54.73,57.27
2025-12-17T03:03:22.801963,Recipe_B,ca4e2b3e-360b-4bf9-859c-5118db1a7fff,20,4.0,,,,101.41,47.78,41.33,53.03,57.97,57.36
2025-12-17T03:03:23.801963,Recipe_B,ca4e2b3e-360b-4bf9-859c-5118db1a7fff,20,4.0,,,,103.48,38.4,58.01,53.14,50.02,55.14
2025-12-17T03:03:24.801963,Recipe_B,ca4e2b3e-360b-4bf9-859c-5118db1a7fff,20,4.0,,,,100.87,57.96,46.0,46.91,47.17,40.59
2025-12-17T03:03:25.801963,Recipe_B,ca4e2b3e-360b-4bf9-859c-5118db1a7fff,20,4.0,,,,111.19,56.16,54.86,47.35,45.97,46.54
2025-12-17T03:03:26.801963,Recipe_B,ca4e2b3e-360b-4bf9-859c-5118db1a7fff,20,4.0,,,,103.44,46.4,56.61,53.59,55.04,52.02
2025-12-17T03:03:27.801963,Recipe_B,ca4e2b3e-360b-4bf9-859c-5118db1a7fff,20,4.0,,,,91.83,54.52,51.63,43.33,49.08,56.74
2025-12-17T03:03:28.801963,Recipe_B,ca4e2b3e-360b-4bf9-859c-5118db1a7fff,20,4.0,,,,95.76,41.58,45.05,56.83,51.07,52.38
2025-12-17T03:03:29.801963,Recipe_B,ca4e2b3e-360b-4bf9-859c-5118db1a7fff,20,4.0,,,,102.65,53.39,47.2,60.68,54.87,59.36
2025-12-17T03:03:30.801963,Recipe_B,ca4e2b3e-360b-4bf9-859c-5118db1a7fff,20,4.0,,,,92.26,41.63,51.16,49.3,48.64,56.89
2025-12-17T03:03:31.801963,Recipe_B,ca4e2b3e-360b-4bf9-859c-5118db1a7fff,20,4.0,,,,100.38,46.5,41.62,56.02,49.22,52.58
2025-12-17T03:03:32.801963,Recipe_B,ca4e2b3e-360b-4bf9-859c-5118db1a7fff,20,4.0,,,,95.13,49.36,64.52,59.85,59.43,50.49
2025-12-17T03:03:33.801963,Recipe_B,ca4e2b3e-360b-4bf9-859c-5118db1a7fff,20,4.0,,,,93.99,54.97,50.14,54.66,50.11,47.75
2025-12-17T03:03:34.801963,Recipe_B,ca4e2b3e-360b-4bf9-859c-5118db1a7fff,20,4.0,,,,92.39,51.28,43.56,48.84,48.33,38.2
2025-12-17T03:03:35.801963,Recipe_B,ca4e2b3e-360b-4bf9-859c-5118db1a7fff,20,4.0,,,,95.76,51.13,55.82,47.8,47.87,53.37
2025-12-17T03:03:36.801963,Recipe_B,ca4e2b3e-360b-4bf9-859c-5118db1a7fff,20,1.0,,,,8.86,8.4,8.57,7.91,9.74,8.49
2025-12-17T03:03:37.801963,Recipe_B,ca4e2b3e-360b-4bf9-859c-5118db1a7fff,20,1.0,,,,10.03,8.36,10.69,8.71,6.37,9.03
2025-12-17T03:03:38.801963,Recipe_B,ca4e2b3e-360b-4bf9-859c-5118db1a7fff,20,1.0,,,,9.65,8.81,11.9,8.02,8.72,10.39
2025-12-17T03:03:39.801963,Recipe_B,ca4e2b3e-360b-4bf9-859c-5118db1a7fff,20,1.0,,,,11.18,6.61,7.65,10.26,9.5,11.17
2025-12-17T03:03:40.801963,Recipe_B,ca4e2b3e-360b-4bf9-859c-5118db1a7fff,20,1.0,,,,10.67,11.09,9.7,7.29,10.82,9.41
2025-12-17T03:03:41.801963,Recipe_B,ca4e2b3e-360b-4bf9-859c-5118db1a7fff,20,1.0,,,,11.5,10.52,10.52,10.74,12.89,6.27
2025-12-17T03:03:42.801963,Recipe_B,ca4e2b3e-360b-4bf9-859c-5118db1a7fff,20,1.0,,,,11.28,5.57,8.08,11.01,12.39,7.25
2025-12-17T03:03:43.801963,Recipe_B,ca4e2b3e-360b-4bf9-859c-5118db1a7fff,20,1.0,,,,10.08,12.98,7.34,12.51,12.22,13.59
2025-12-17T03:03:44.801963,Recipe_B,ca4e2b3e-360b-4bf9-859c-5118db1a7fff,20,1.0,,,,5.97,9.48,5.27,11.28,11.11,11.3
2025-12-17T03:03:45.801963,Recipe_B,ca4e2b3e-360b-4bf9-859c-5118db1a7fff,20,1.0,,,,11.16,13.45,12.94,10.52,5.36,7.75
2025-12-17T03:03:46.801963,Recipe_B,ca4e2b3e-360b-4bf9-859c-5118db1a7fff,20,1.0,,,,8.75,7.96,9.05,12.0,8.74,5.66
2025-12-17T03:03:47.801963,Recipe_B,ca4e2b3e-360b-4bf9-859c-5118db1a7fff,20,1.0,,,,11.86,12.88,13.89,9.19,10.61,10.45
2025-12-17T03:03:48.801963,Recipe_B,ca4e2b3e-360b-4bf9-859c-5118db1a7fff,20,1.0,,,,10.98,8.32,9.28,7.99,10.26,7.97
2025-12-17T03:03:49.801963,Recipe_B,ca4e2b3e-360b-4bf9-859c-5118db1a7fff,20,1.0,,,,8.3,10.94,8.65,9.31,11.35,10.6
2025-12-17T03:03:50.801963,Recipe_B,ca4e2b3e-360b-4bf9-859c-5118db1a7fff,20,1.0,,,,11.07,11.38,8.84,7.83,8.6,9.99
2025-12-17T03:03:51.801963,Recipe_B,ca4e2b3e-360b-4bf9-859c-5118db1a7fff,20,1.0,,,,7.92,7.93,10.75,7.96,11.22,8.5
2025-12-17T03:03:52.801963,Recipe_B,ca4e2b3e-360b-4bf9-859c-5118db1a7fff,20,1.0,,,,9.89,10.54,11.32,10.88,13.46,13.93
2025-12-17T03:03:53.801963,Recipe_B,ca4e2b3e-360b-4bf9-859c-5118db1a7fff,20,1.0,,,,9.6,11.08,11.18,8.08,10.01,6.5
2025-12-17T03:03:54.801963,Recipe_B,ca4e2b3e-360b-4bf9-859c-5118db1a7fff,20,1.0,,,,9.16,15.07,10.19,8.99,13.75,12.52
2025-12-17T03:03:55.801963,Recipe_B,ca4e2b3e-360b-4bf9-859c-5118db1a7fff,20,1.0,,,,12.25,13.82,9.37,8.7,10.98,8.96
2025-12-17T03:03:56.801963,Recipe_B,ca4e2b3e-360b-4bf9-859c-5118db1a7fff,20,1.0,,,,11.33,8.5,11.41,5.86,15.08,7.03
2025-12-17T03:03:57.801963,Recipe_B,ca4e2b3e-360b-4bf9-859c-5118db1a7fff,20,1.0,,,,9.49,10.79,7.69,12.19,10.39,10.4
2025-12-17T03:03:58.801963,Recipe_B,ca4e2b3e-360b-4bf9-859c-5118db1a7fff,20,1.0,,,,11.61,14.95,7.39,11.45,14.76,10.25
2025-12-17T03:03:59.801963,Recipe_B,ca4e2b3e-360b-4bf9-859c-5118db1a7fff,20,2.0,,,,10.39,11.71,9.08,7.49,12.67,9.59
2025-12-17T03:04:00.801963,Recipe_B,ca4e2b3e-360b-4bf9-859c-5118db1a7fff,20,2.0,,,,11.05,10.57,11.77,7.29,8.8,7.91
2025-12-17T03:04:01.801963,Recipe_B,ca4e2b3e-360b-4bf9-859c-5118db1a7fff,20,2.0,,,,8.46,10.94,14.74,9.57,8.04,10.46
2025-12-17T03:04:02.801963,Recipe_B,ca4e2b3e-360b-4bf9-859c-5118db1a7fff,20,2.0,,,,6.27,12.6,10.76,10.5,7.97,11.53
2025-12-17T03:04:03.801963,Recipe_B,ca4e2b3e-360b-4bf9-859c-5118db1a7fff,20,1.0,,,,11.88,8.84,8.29,7.64,12.95,12.59
2025-12-17T03:04:04.801963,Recipe_B,ca4e2b3e-360b-4bf9-859c-5118db1a7fff,20,1.0,,,,11.87,9.61,8.29,10.04,11.56,8.42
2025-12-17T03:04:05.801963,Recipe_B,ca4e2b3e-360b-4bf9-859c-5118db1a7fff,20,1.0,,,,10.56,9.28,9.14,10.46,9.13,9.13
2025-12-17T03:04:06.801963,Recipe_B,ca4e2b3e-360b-4bf9-859c-5118db1a7fff,20,1.0,,,,8.85,9.2,9.75,9.8,9.39,9.74
2025-12-17T03:04:07.801963,Recipe_B,ca4e2b3e-360b-4bf9-859c-5118db1a7fff,20,1.0,,,,9.61,9.46,10.64,12.93,10.66,6.12
2025-12-17T03:04:08.801963,Recipe_B,ca4e2b3e-360b-4bf9-859c-5118db1a7fff,20,1.0,,,,11.4,10.66,12.02,5.91,11.74,9.59
2025-12-17T03:04:09.801963,Recipe_B,ca4e2b3e-360b-4bf9-859c-5118db1a7fff,20,1.0,,,,11.18,11.94,7.11,8.57,10.12,8.49
2025-12-17T03:04:10.801963,Recipe_B,ca4e2b3e-360b-4bf9-859c-5118db1a7fff,20,1.0,,,,9.47,9.22,9.97,13.58,12.61,10.97
2025-12-17T03:04:11.801963,Recipe_B,ca4e2b3e-360b-4bf9-859c-5118db1a7fff,20,1.0,,,,10.49,11.83,7.46,11.19,7.71,7.61
2025-12-17T03:04:12.801963,Recipe_B,ca4e2b3e-360b-4bf9-859c-5118db1a7fff,20,1.0,,,,12.12,10.37,10.55,11.28,9.4,9.81
2025-12-17T03:04:13.801963,Recipe_B,ca4e2b3e-360b-4bf9-859c-5118db1a7fff,20,1.0,,,,9.02,8.77,11.64,9.75,14.39,9.92
2025-12-17T03:04:14.801963,Recipe_B,ca4e2b3e-360b-4bf9-859c-5118db1a7fff,20,1.0,,,,10.66,6.56,8.97,11.09,12.14,11.47
2025-12-17T03:04:15.801963,Recipe_B,ca4e2b3e-360b-4bf9-859c-5118db1a7fff,20,1.0,,,,12.19,7.43,11.79,9.88,12.27,9.66
2025-12-17T03:04:16.801963,Recipe_B,ca4e2b3e-360b-4bf9-859c-5118db1a7fff,20,1.0,,,,9.86,9.75,12.66,9.73,8.72,12.45
2025-12-17T03:04:17.801963,Recipe_B,ca4e2b3e-360b-4bf9-859c-5118db1a7fff,20,1.0,,,,10.83,8.94,10.34,9.12,7.73,12.27
2025-12-17T03:04:18.801963,Recipe_B,ca4e2b3e-360b-4bf9-859c-5118db1a7fff,20,1.0,,,,8.65,13.28,7.64,10.03,7.06,10.01
2025-12-17T03:04:19.801963,Recipe_B,ca4e2b3e-360b-4bf9-859c-5118db1a7fff,20,1.0,,,,11.0,10.03,10.18,6.1,9.96,8.29
2025-12-17T03:04:20.801963,Recipe_B,ca4e2b3e-360b-4bf9-859c-5118db1a7fff,20,1.0,,,,10.61,11.74,9.47,11.94,8.81,10.48
2025-12-17T03:04:21.801963,Recipe_B,ca4e2b3e-360b-4bf9-859c-5118db1a7fff,20,1.0,,,,7.39,8.91,14.58,8.9,10.38,7.45
2025-12-17T03:04:22.801963,Recipe_B,ca4e2b3e-360b-4bf9-859c-5118db1a7fff,20,1.0,,,,8.61,12.14,11.42,11.14,7.1,14.22
2025-12-17T03:04:23.801963,Recipe_B,ca4e2b3e-360b-4bf9-859c-5118db1a7fff,20,1.0,,,,8.93,9.37,13.39,8.45,11.59,10.9
2025-12-17T03:04:24.801963,Recipe_B,ca4e2b3e-360b-4bf9-859c-5118db1a7fff,20,1.0,,,,10.83,11.14,8.78,10.52,9.51,9.25
2025-12-17T03:04:25.801963,Recipe_B,ca4e2b3e-360b-4bf9-859c-5118db1a7fff,20,1.0,,,,7.85,7.57,9.87,12.1,9.56,10.94
2025-12-17T03:04:26.801963,Recipe_B,ca4e2b3e-360b-4bf9-859c-5118db1a7fff,20,1.0,,,,7.51,6.88,9.29,10.17,9.36,10.7
2025-12-17T03:04:27.801963,Recipe_B,ca4e2b3e-360b-4bf9-859c-5118db1a7fff,20,1.0,,,,7.57,10.28,9.51,7.57,10.87,14.1
2025-12-17T03:04:28.801963,Recipe_B,ca4e2b3e-360b-4bf9-859c-5118db1a7fff,20,1.0,,,,8.91,8.53,6.77,9.37,10.28,8.82
2025-12-17T03:04:29.801963,Recipe_B,ca4e2b3e-360b-4bf9-859c-5118db1a7fff,20,1.0,,,,13.92,10.78,10.24,11.31,10.89,10.17
2025-12-17T03:04:30.801963,Recipe_B,ca4e2b3e-360b-4bf9-859c-5118db1a7fff,20,1.0,,,,11.33,10.04,10.71,14.17,11.8,6.87
2025-12-17T03:04:31.801963,Recipe_B,ca4e2b3e-360b-4bf9-859c-5118db1a7fff,20,1.0,,,,10.35,8.04,10.43,10.86,9.27,8.67
2025-12-17T03:04:32.801963,Recipe_B,ca4e2b3e-360b-4bf9-859c-5118db1a7fff,20,1.0,,,,12.32,8.5,10.12,11.66,11.96,11.89
2025-12-17T03:04:33.801963,Recipe_B,ca4e2b3e-360b-4bf9-859c-5118db1a7fff,20,0.0,,,,0.0,0.0,0.0,0.0,0.0,0.0
2025-12-17T03:04:34.801963,Recipe_B,ca4e2b3e-360b-4bf9-859c-5118db1a7fff,20,0.0,,,,0.0,0.0,0.0,0.0,0.0,0.0
2025-12-17T03:04:35.801963,Recipe_B,ca4e2b3e-360b-4bf9-859c-5118db1a7fff,20,4.0,,,,102.7,51.04,50.36,52.89,50.29,39.35
2025-12-17T03:04:36.801963,Recipe_B,ca4e2b3e-360b-4bf9-859c-5118db1a7fff,20,4.0,,,,97.92,45.5,43.2,54.24,45.06,47.28
2025-12-17T03:04:37.801963,Recipe_B,ca4e2b3e-360b-4bf9-859c-5118db1a7fff,20,4.0,,,,102.23,42.78,48.49,43.4,49.1,56.49
2025-12-17T03:04:38.801963,Recipe_B,ca4e2b3e-360b-4bf9-859c-5118db1a7fff,20,4.0,,,,104.81,54.14,48.83,54.06,50.99,42.05
2025-12-17T03:04:39.801963,Recipe_B,ca4e2b3e-360b-4bf9-859c-5118db1a7fff,20,4.0,,,,110.9,45.87,55.97,49.76,53.4,48.38
2025-12-17T03:04:40.801963,Recipe_B,ca4e2b3e-360b-4bf9-859c-5118db1a7fff,20,4.0,,,,98.4,43.12,50.0,44.37,42.98,39.64
2025-12-17T03:04:41.801963,Recipe_B,ca4e2b3e-360b-4bf9-859c-5118db1a7fff,20,4.0,,,,99.21,43.16,47.78,51.43,48.49,53.05
2025-12-17T03:04:42.801963,Recipe_B,ca4e2b3e-360b-4bf9-859c-5118db1a7fff,20,4.0,,,,103.26,58.61,58.64,42.48,63.74,36.86
2025-12-17T03:04:43.801963,Recipe_B,ca4e2b3e-360b-4bf9-859c-5118db1a7fff,20,4.0,,,,97.42,49.4,56.55,50.59,48.67,56.73
2025-12-17T03:04:44.801963,Recipe_B,ca4e2b3e-360b-4bf9-859c-5118db1a7fff,20,4.0,,,,105.66,55.27,58.97,37.73,44.86,45.6
2025-12-17T03:04:45.801963,Recipe_B,ca4e2b3e-360b-4bf9-859c-5118db1a7fff,20,4.0,,,,100.86,53.31,44.2,48.8,50.7,53.59
2025-12-17T03:04:46.801963,Recipe_B,ca4e2b3e-360b-4bf9-859c-5118db1a7fff,20,4.0,,,,94.61,55.59,41.43,44.87,52.55,51.32
2025-12-17T03:04:47.801963,Recipe_B,ca4e2b3e-360b-4bf9-859c-5118db1a7fff,20,4.0,,,,103.25,55.01,48.33,46.2,47.86,41.78
2025-12-17T03:04:48.801963,Recipe_B,ca4e2b3e-360b-4bf9-859c-5118db1a7fff,20,4.0,,,,103.5,45.37,53.71,55.54,52.63,46.06
2025-12-17T03:04:49.801963,Recipe_B,ca4e2b3e-360b-4bf9-859c-5118db1a7fff,20,4.0,,,,99.17,51.13,42.44,55.44,55.96,54.92
2025-12-17T03:04:50.801963,Recipe_B,ca4e2b3e-360b-4bf9-859c-5118db1a7fff,20,5.0,,,,11.15,8.0,6.35,10.97,12.51,8.84
2025-12-17T03:04:51.801963,Recipe_B,ca4e2b3e-360b-4bf9-859c-5118db1a7fff,20,5.0,,,,9.04,6.48,8.16,7.33,11.9,12.28
2025-12-17T03:04:52.801963,Recipe_B,ca4e2b3e-360b-4bf9-859c-5118db1a7fff,20,5.0,,,,10.72,8.55,6.71,9.34,8.54,9.89
2025-12-17T03:04:53.801963,Recipe_B,ca4e2b3e-360b-4bf9-859c-5118db1a7fff,20,5.0,,,,8.28,8.58,8.96,12.33,12.04,11.01
2025-12-17T03:04:54.801963,Recipe_B,ca4e2b3e-360b-4bf9-859c-5118db1a7fff,20,5.0,,,,9.34,9.78,10.21,10.54,11.14,11.01
2025-12-17T03:04:55.801963,Recipe_B,ca4e2b3e-360b-4bf9-859c-5118db1a7fff,20,5.0,,,,11.79,11.38,10.65,13.9,10.01,10.95
2025-12-17T03:04:56.801963,Recipe_B,ca4e2b3e-360b-4bf9-859c-5118db1a7fff,20,5.0,,,,10.29,12.46,5.8,8.88,9.78,9.8
2025-12-17T03:04:57.801963,Recipe_B,ca4e2b3e-360b-4bf9-859c-5118db1a7fff,20,5.0,,,,11.44,8.95,6.39,10.08,1.92,9.32
2025-12-17T03:04:58.801963,Recipe_B,ca4e2b3e-360b-4bf9-859c-5118db1a7fff,20,5.0,,,,13.12,10.44,14.06,12.34,9.45,9.33
2025-12-17T03:04:59.801963,Recipe_B,ca4e2b3e-360b-4bf9-859c-5118db1a7fff,20,5.0,,,,10.54,8.58,7.48,11.15,8.44,10.91
2025-12-17T03:05:00.801963,Recipe_B,ca4e2b3e-360b-4bf9-859c-5118db1a7fff,20,5.0,,,,5.45,8.98,10.1,9.92,9.41,12.43
2025-12-17T03:05:01.801963,Recipe_B,ca4e2b3e-360b-4bf9-859c-5118db1a7fff,20,5.0,,,,7.43,9.98,12.05,11.59,10.46,13.79
2025-12-17T03:05:02.801963,Recipe_B,ca4e2b3e-360b-4bf9-859c-5118db1a7fff,20,5.0,,,,9.21,10.16,10.21,9.7,7.88,12.21
2025-12-17T03:05:03.801963,Recipe_B,ca4e2b3e-360b-4bf9-859c-5118db1a7fff,20,5.0,,,,7.54,10.64,9.01,8.93,12.28,13.3
2025-12-17T03:05:04.801963,Recipe_B,ca4e2b3e-360b-4bf9-859c-5118db1a7fff,20,5.0,,,,8.66,12.0,11.83,10.84,10.81,11.85
2025-12-17T03:05:05.801963,Recipe_B,ca4e2b3e-360b-4bf9-859c-5118db1a7fff,20,5.0,,,,8.36,10.87,11.79,10.96,7.27,13.15
2025-12-17T03:05:06.801963,Recipe_B,ca4e2b3e-360b-4bf9-859c-5118db1a7fff,20,5.0,,,,9.85,12.87,7.83,11.64,9.84,10.53
2025-12-17T03:05:07.801963,Recipe_B,ca4e2b3e-360b-4bf9-859c-5118db1a7fff,20,5.0,,,,12.25,8.0,9.88,6.8,8.07,5.65
2025-12-17T03:05:08.801963,Recipe_B,ca4e2b3e-360b-4bf9-859c-5118db1a7fff,20,5.0,,,,11.13,11.27,10.62,4.86,11.98,6.57
2025-12-17T03:05:09.801963,Recipe_B,ca4e2b3e-360b-4bf9-859c-5118db1a7fff,20,5.0,,,,12.25,9.32,8.19,14.42,7.21,9.75
2025-12-17T03:05:10.801963,Recipe_B,ca4e2b3e-360b-4bf9-859c-5118db1a7fff,20,5.0,,,,9.04,9.31,11.59,6.83,13.62,12.76
2025-12-17T03:05:11.801963,Recipe_B,ca4e2b3e-360b-4bf9-859c-5118db1a7fff,20,5.0,,,,8.85,7.59,10.18,6.75,10.56,6.49
2025-12-17T03:05:12.801963,Recipe_B,ca4e2b3e-360b-4bf9-859c-5118db1a7fff,20,5.0,,,,9.74,13.53,11.08,12.2,8.25,6.11
2025-12-17T03:05:13.801963,Recipe_B,ca4e2b3e-360b-4bf9-859c-5118db1a7fff,20,5.0,,,,10.02,9.61,11.1,10.02,8.26,7.3
2025-12-17T03:05:14.801963,Recipe_B,ca4e2b3e-360b-4bf9-859c-5118db1a7fff,20,5.0,,,,6.9,7.81,10.83,9.1,12.78,11.54
2025-12-17T03:05:15.801963,Recipe_B,ca4e2b3e-360b-4bf9-859c-5118db1a7fff,20,5.0,,,,8.45,10.36,9.92,9.66,7.87,9.73
2025-12-17T03:05:16.801963,Recipe_B,ca4e2b3e-360b-4bf9-859c-5118db1a7fff,20,5.0,,,,14.02,8.13,13.11,9.56,9.09,13.43
2025-12-17T03:05:17.801963,Recipe_B,ca4e2b3e-360b-4bf9-859c-5118db1a7fff,20,5.0,,,,11.52,12.05,7.93,10.83,7.99,8.3
2025-12-17T03:05:18.801963,Recipe_B,ca4e2b3e-360b-4bf9-859c-5118db1a7fff,20,5.0,,,,7.18,12.15,8.05,11.11,11.11,11.28
2025-12-17T03:05:19.801963,Recipe_B,ca4e2b3e-360b-4bf9-859c-5118db1a7fff,20,5.0,,,,10.51,9.73,6.81,10.74,7.22,8.74
2025-12-17T03:05:20.801963,Recipe_B,ca4e2b3e-360b-4bf9-859c-5118db1a7fff,20,5.0,,,,10.42,9.59,13.62,11.93,12.28,9.89
2025-12-17T03:05:21.801963,Recipe_B,ca4e2b3e-360b-4bf9-859c-5118db1a7fff,20,5.0,,,,9.75,9.71,13.38,8.61,11.66,7.74
2025-12-17T03:05:22.801963,Recipe_B,ca4e2b3e-360b-4bf9-859c-5118db1a7fff,20,5.0,,,,10.96,10.73,8.02,8.72,9.93,13.24
2025-12-17T03:05:23.801963,Recipe_B,ca4e2b3e-360b-4bf9-859c-5118db1a7fff,20,5.0,,,,8.29,10.72,13.78,11.45,9.4,9.63
2025-12-17T03:05:24.801963,Recipe_B,ca4e2b3e-360b-4bf9-859c-5118db1a7fff,20,5.0,,,,12.94,9.02,7.01,11.47,9.39,9.61
2025-12-17T03:05:25.801963,Recipe_B,ca4e2b3e-360b-4bf9-859c-5118db1a7fff,20,5.0,,,,10.75,10.46,8.12,8.62,9.08,7.01
2025-12-17T03:05:26.801963,Recipe_B,ca4e2b3e-360b-4bf9-859c-5118db1a7fff,20,5.0,,,,9.46,12.36,8.09,7.8,13.72,6.2
2025-12-17T03:05:27.801963,Recipe_B,ca4e2b3e-360b-4bf9-859c-5118db1a7fff,20,5.0,,,,10.01,9.52,11.12,11.25,11.49,11.99
2025-12-17T03:05:28.801963,Recipe_B,ca4e2b3e-360b-4bf9-859c-5118db1a7fff,20,5.0,,,,9.73,11.07,10.2,10.06,6.99,6.31
2025-12-17T03:05:29.801963,Recipe_B,ca4e2b3e-360b-4bf9-859c-5118db1a7fff,20,5.0,,,,9.63,9.87,7.8,10.48,12.21,13.36
2025-12-17T03:05:30.801963,Recipe_B,ca4e2b3e-360b-4bf9-859c-5118db1a7fff,20,5.0,,,,9.97,10.15,9.34,8.68,9.54,8.49
2025-12-17T03:05:31.801963,Recipe_B,ca4e2b3e-360b-4bf9-859c-5118db1a7fff,20,5.0,,,,9.26,11.43,10.52,11.54,8.02,8.57
2025-12-17T03:05:32.801963,Recipe_B,ca4e2b3e-360b-4bf9-859c-5118db1a7fff,20,5.0,,,,10.59,8.13,11.37,13.33,8.11,10.25
2025-12-17T03:05:33.801963,Recipe_B,ca4e2b3e-360b-4bf9-859c-5118db1a7fff,20,5.0,,,,10.67,9.05,9.79,7.96,12.12,9.24
2025-12-17T03:05:34.801963,Recipe_B,ca4e2b3e-360b-4bf9-859c-5118db1a7fff,20,5.0,,,,10.15,9.18,10.1,8.85,11.18,13.74
2025-12-17T03:05:35.801963,Recipe_B,ca4e2b3e-360b-4bf9-859c-5118db1a7fff,20,5.0,,,,8.82,7.29,10.95,8.02,9.64,11.49
2025-12-17T03:05:36.801963,Recipe_B,ca4e2b3e-360b-4bf9-859c-5118db1a7fff,20,5.0,,,,6.75,9.32,12.46,13.02,15.31,12.45
2025-12-17T03:05:37.801963,Recipe_B,ca4e2b3e-360b-4bf9-859c-5118db1a7fff,20,5.0,,,,8.23,10.19,11.31,9.96,7.99,8.96
2025-12-17T03:05:38.801963,Recipe_B,ca4e2b3e-360b-4bf9-859c-5118db1a7fff,20,5.0,,,,12.79,12.4,11.43,9.9,11.29,7.32
2025-12-17T03:05:39.801963,Recipe_B,ca4e2b3e-360b-4bf9-859c-5118db1a7fff,20,5.0,,,,9.89,12.19,8.41,9.59,7.19,8.26
2025-12-17T03:05:40.801963,Recipe_B,ca4e2b3e-360b-4bf9-859c-5118db1a7fff,20,5.0,,,,13.16,6.66,11.09,11.62,10.13,9.86
2025-12-17T03:05:41.801963,Recipe_B,ca4e2b3e-360b-4bf9-859c-5118db1a7fff,20,5.0,,,,9.87,11.3,12.02,11.93,10.67,10.39
2025-12-17T03:05:42.801963,Recipe_B,ca4e2b3e-360b-4bf9-859c-5118db1a7fff,20,5.0,,,,12.38,12.15,10.81,12.8,9.39,9.92
2025-12-17T03:05:43.801963,Recipe_B,ca4e2b3e-360b-4bf9-859c-5118db1a7fff,20,5.0,,,,11.27,11.17,4.92,12.15,8.02,10.21
2025-12-17T03:05:44.801963,Recipe_B,ca4e2b3e-360b-4bf9-859c-5118db1a7fff,20,5.0,,,,8.85,9.55,10.45,12.0,12.42,11.83
2025-12-17T03:05:45.801963,Recipe_B,ca4e2b3e-360b-4bf9-859c-5118db1a7fff,20,5.0,,,,7.65,10.43,11.02,10.21,11.61,7.0
2025-12-17T03:05:46.801963,Recipe_B,ca4e2b3e-360b-4bf9-859c-5118db1a7fff,20,5.0,,,,5.76,13.75,7.47,10.14,8.63,9.51
2025-12-17T03:05:47.801963,Recipe_B,ca4e2b3e-360b-4bf9-859c-5118db1a7fff,20,5.0,,,,8.51,8.95,12.12,10.9,12.86,8.82
2025-12-17T03:05:48.801963,Recipe_B,ca4e2b3e-360b-4bf9-859c-5118db1a7fff,20,5.0,,,,9.89,11.4,13.18,8.45,10.2,10.36
2025-12-17T03:05:49.801963,Recipe_B,ca4e2b3e-360b-4bf9-859c-5118db1a7fff,20,5.0,,,,10.06,10.6,9.89,9.11,10.08,10.15
2025-12-17T03:05:50.801963,Recipe_B,ca4e2b3e-360b-4bf9-859c-5118db1a7fff,20,5.0,,,,9.2,8.79,9.41,10.08,11.46,11.74
2025-12-17T03:05:51.801963,Recipe_B,ca4e2b3e-360b-4bf9-859c-5118db1a7fff,20,0.0,,,,0.0,0.0,0.0,0.0,0.0,0.0
2025-12-17T03:05:52.801963,Recipe_B,ca4e2b3e-360b-4bf9-859c-5118db1a7fff,20,0.0,,,,0.0,0.0,0.0,0.0,0.0,0.0
2025-12-17T03:05:53.801963,Recipe_B,ca4e2b3e-360b-4bf9-859c-5118db1a7fff,20,0.0,,,,0.0,0.0,0.0,0.0,0.0,0.0
2025-12-17T03:05:54.801963,Recipe_B,ca4e2b3e-360b-4bf9-859c-5118db1a7fff,20,0.0,,,,0.0,0.0,0.0,0.0,0.0,0.0
2025-12-17T03:05:55.801963,Recipe_B,ca4e2b3e-360b-4bf9-859c-5118db1a7fff,20,0.0,,,,0.0,0.0,0.0,0.0,0.0,0.0
2025-12-17T03:05:56.801963,Recipe_B,ca4e2b3e-360b-4bf9-859c-5118db1a7fff,20,0.0,,,,0.0,0.0,0.0,0.0,0.0,0.0
2025-12-17T03:05:57.801963,Recipe_B,ca4e2b3e-360b-4bf9-859c-5118db1a7fff,20,0.0,,,,0.0,0.0,0.0,0.0,0.0,0.0
2025-12-17T03:05:58.801963,Recipe_B,ca4e2b3e-360b-4bf9-859c-5118db1a7fff,20,0.0,,,,0.0,0.0,0.0,0.0,0.0,0.0
2025-12-17T03:05:59.801963,Recipe_B,ca4e2b3e-360b-4bf9-859c-5118db1a7fff,20,0.0,,,,0.0,0.0,0.0,0.0,0.0,0.0
2025-12-17T03:06:00.801963,Recipe_B,ca4e2b3e-360b-4bf9-859c-5118db1a7fff,20,0.0,,,,0.0,0.0,0.0,0.0,0.0,0.0
2025-12-17T03:06:01.801963,Recipe_B,ca4e2b3e-360b-4bf9-859c-5118db1a7fff,20,0.0,,,,0.0,0.0,0.0,0.0,0.0,0.0
2025-12-17T03:06:02.801963,Recipe_B,ca4e2b3e-360b-4bf9-859c-5118db1a7fff,20,0.0,,,,0.0,0.0,0.0,0.0,0.0,0.0
2025-12-17T03:06:03.801963,Recipe_B,ca4e2b3e-360b-4bf9-859c-5118db1a7fff,20,0.0,,,,0.0,0.0,0.0,0.0,0.0,0.0
2025-12-17T03:06:04.801963,Recipe_B,ca4e2b3e-360b-4bf9-859c-5118db1a7fff,20,0.0,,,,0.0,0.0,0.0,0.0,0.0,0.0
2025-12-17T03:06:05.801963,Recipe_B,ca4e2b3e-360b-4bf9-859c-5118db1a7fff,20,0.0,,,,0.0,0.0,0.0,0.0,0.0,0.0
2025-12-17T03:06:06.801963,Recipe_B,ca4e2b3e-360b-4bf9-859c-5118db1a7fff,20,0.0,,,,0.0,0.0,0.0,0.0,0.0,0.0
2025-12-17T03:06:07.801963,Recipe_B,ca4e2b3e-360b-4bf9-859c-5118db1a7fff,20,0.0,,,,0.0,0.0,0.0,0.0,0.0,0.0
2025-12-17T03:06:08.801963,Recipe_B,ca4e2b3e-360b-4bf9-859c-5118db1a7fff,20,5.0,,,,9.64,13.6,8.73,9.01,10.93,9.17
2025-12-17T03:06:09.801963,Recipe_B,ca4e2b3e-360b-4bf9-859c-5118db1a7fff,20,5.0,,,,12.48,9.4,11.43,11.33,15.66,14.11
2025-12-17T03:06:10.801963,Recipe_B,ca4e2b3e-360b-4bf9-859c-5118db1a7fff,20,5.0,,,,12.79,12.31,8.32,6.05,14.61,10.11
2025-12-17T03:06:11.801963,Recipe_B,ca4e2b3e-360b-4bf9-859c-5118db1a7fff,20,1.0,,,,11.62,8.89,9.94,10.83,11.68,6.44
2025-12-17T03:06:12.801963,Recipe_B,ca4e2b3e-360b-4bf9-859c-5118db1a7fff,20,1.0,,,,8.68,9.78,12.15,9.03,16.78,11.7
2025-12-17T03:06:13.801963,Recipe_B,ca4e2b3e-360b-4bf9-859c-5118db1a7fff,20,1.0,,,,9.51,7.89,11.59,8.66,11.28,9.79
2025-12-17T03:06:14.801963,Recipe_B,ca4e2b3e-360b-4bf9-859c-5118db1a7fff,20,1.0,,,,8.22,12.04,9.21,10.54,11.09,13.5
2025-12-17T03:06:15.801963,Recipe_B,ca4e2b3e-360b-4bf9-859c-5118db1a7fff,20,1.0,,,,8.49,7.0,8.7,9.32,10.08,10.06
2025-12-17T03:06:16.801963,Recipe_B,ca4e2b3e-360b-4bf9-859c-5118db1a7fff,20,1.0,,,,12.11,7.69,7.93,10.28,4.1,6.27
2025-12-17T03:06:17.801963,Recipe_B,ca4e2b3e-360b-4bf9-859c-5118db1a7fff,20,1.0,,,,10.97,11.54,6.95,11.18,12.91,10.41
2025-12-17T03:06:18.801963,Recipe_B,ca4e2b3e-360b-4bf9-859c-5118db1a7fff,20,1.0,,,,9.4,9.7,8.31,12.11,7.82,9.23
2025-12-17T03:06:19.801963,Recipe_B,ca4e2b3e-360b-4bf9-859c-5118db1a7fff,20,1.0,,,,6.73,9.17,8.56,7.54,13.01,6.68
2025-12-17T03:06:20.801963,Recipe_B,ca4e2b3e-360b-4bf9-859c-5118db1a7fff,20,1.0,,,,5.67,12.07,11.32,9.71,13.25,9.01
2025-12-17T03:06:21.801963,Recipe_B,ca4e2b3e-360b-4bf9-859c-5118db1a7fff,20,1.0,,,,6.26,6.98,11.61,11.89,10.1,8.04
2025-12-17T03:06:22.801963,Recipe_B,ca4e2b3e-360b-4bf9-859c-5118db1a7fff,20,1.0,,,,10.34,8.69,14.52,9.6,8.75,4.14
2025-12-17T03:06:23.801963,Recipe_B,ca4e2b3e-360b-4bf9-859c-5118db1a7fff,20,1.0,,,,9.4,10.65,8.86,12.91,12.84,6.88
2025-12-17T03:06:24.801963,Recipe_B,ca4e2b3e-360b-4bf9-859c-5118db1a7fff,20,1.0,,,,10.77,10.24,9.1,11.6,6.48,7.39
2025-12-17T03:06:25.801963,Recipe_B,ca4e2b3e-360b-4bf9-859c-5118db1a7fff,20,1.0,,,,8.66,11.97,9.24,9.22,9.57,10.11
2025-12-17T03:06:26.801963,Recipe_B,ca4e2b3e-360b-4bf9-859c-5118db1a7fff,20,1.0,,,,6.67,8.86,10.66,11.45,10.94,12.76
2025-12-17T03:06:27.801963,Recipe_B,ca4e2b3e-360b-4bf9-859c-5118db1a7fff,20,1.0,,,,11.34,8.53,8.49,6.67,11.24,13.16
2025-12-17T03:06:28.801963,Recipe_B,ca4e2b3e-360b-4bf9-859c-5118db1a7fff,20,1.0,,,,8.45,10.71,11.57,10.79,11.29,11.47
2025-12-17T03:06:29.801963,Recipe_B,ca4e2b3e-360b-4bf9-859c-5118db1a7fff,20,1.0,,,,8.53,10.47,9.04,11.96,12.13,10.08
2025-12-17T03:06:30.801963,Recipe_B,ca4e2b3e-360b-4bf9-859c-5118db1a7fff,20,2.0,,,,10.7,10.3,8.12,7.92,10.32,9.52
2025-12-17T03:06:31.801963,Recipe_B,ca4e2b3e-360b-4bf9-859c-5118db1a7fff,20,2.0,,,,10.11,8.64,12.22,10.1,9.38,9.2
2025-12-17T03:06:32.801963,Recipe_B,ca4e2b3e-360b-4bf9-859c-5118db1a7fff,20,5.0,,,,10.55,10.89,10.25,12.57,12.61,12.48
2025-12-17T03:06:33.801963,Recipe_B,ca4e2b3e-360b-4bf9-859c-5118db1a7fff,20,5.0,,,,10.44,10.19,11.75,13.81,11.28,9.4
2025-12-17T03:06:34.801963,Recipe_B,ca4e2b3e-360b-4bf9-859c-5118db1a7fff,20,5.0,,,,6.49,7.36,5.16,8.69,13.68,5.2
2025-12-17T03:06:35.801963,Recipe_B,ca4e2b3e-360b-4bf9-859c-5118db1a7fff,20,1.0,,,,7.41,11.55,8.01,8.64,7.19,13.04
2025-12-17T03:06:36.801963,Recipe_B,ca4e2b3e-360b-4bf9-859c-5118db1a7fff,20,1.0,,,,8.09,7.11,11.88,10.64,10.31,11.41
2025-12-17T03:06:37.801963,Recipe_B,ca4e2b3e-360b-4bf9-859c-5118db1a7fff,20,1.0,,,,12.92,14.41,7.45,10.45,8.96,6.68
2025-12-17T03:06:38.801963,Recipe_B,ca4e2b3e-360b-4bf9-859c-5118db1a7fff,20,1.0,,,,12.0,11.03,10.54,8.68,6.82,8.77
2025-12-17T03:06:39.801963,Recipe_B,ca4e2b3e-360b-4bf9-859c-5118db1a7fff,20,1.0,,,,11.74,12.02,6.27,12.98,12.0,10.17
2025-12-17T03:06:40.801963,Recipe_B,ca4e2b3e-360b-4bf9-859c-5118db1a7fff,20,1.0,,,,9.37,5.69,8.17,12.54,9.01,8.36
2025-12-17T03:06:41.801963,Recipe_B,ca4e2b3e-360b-4bf9-859c-5118db1a7fff,20,1.0,,,,12.4,11.42,6.88,8.5,10.92,10.68
2025-12-17T03:06:42.801963,Recipe_B,ca4e2b3e-360b-4bf9-859c-5118db1a7fff,20,1.0,,,,8.48,10.37,8.58,12.32,10.66,8.85
2025-12-17T03:06:43.801963,Recipe_B,ca4e2b3e-360b-4bf9-859c-5118db1a7fff,20,1.0,,,,7.95,10.22,10.81,6.05,8.77,14.33
2025-12-17T03:06:44.801963,Recipe_B,ca4e2b3e-360b-4bf9-859c-5118db1a7fff,20,1.0,,,,13.14,11.92,13.52,12.19,7.74,9.6
2025-12-17T03:06:45.801963,Recipe_B,ca4e2b3e-360b-4bf9-859c-5118db1a7fff,20,0.0,,,,0.0,0.0,0.0,0.0,0.0,0.0
2025-12-17T03:06:46.801963,Recipe_B,ca4e2b3e-360b-4bf9-859c-5118db1a7fff,20,0.0,,,,0.0,0.0,0.0,0.0,0.0,0.0
2025-12-17T03:06:47.801963,Recipe_B,ca4e2b3e-360b-4bf9-859c-5118db1a7fff,20,0.0,,,,0.0,0.0,0.0,0.0,0.0,0.0
2025-12-17T03:06:48.801963,Recipe_B,ca4e2b3e-360b-4bf9-859c-5118db1a7fff,20,0.0,,,,0.0,0.0,0.0,0.0,0.0,0.0
2025-12-17T03:06:49.801963,Recipe_B,ca4e2b3e-360b-4bf9-859c-5118db1a7fff,20,0.0,,,,0.0,0.0,0.0,0.0,0.0,0.0
2025-12-17T03:06:50.801963,Recipe_B,ca4e2b3e-360b-4bf9-859c-5118db1a7fff,20,0.0,,,,0.0,0.0,0.0,0.0,0.0,0.0
2025-12-17T03:06:51.801963,Recipe_B,ca4e2b3e-360b-4bf9-859c-5118db1a7fff,20,0.0,,,,0.0,0.0,0.0,0.0,0.0,0.0
2025-12-17T03:06:52.801963,Recipe_B,ca4e2b3e-360b-4bf9-859c-5118db1a7fff,20,0.0,,,,0.0,0.0,0.0,0.0,0.0,0.0
2025-12-17T03:06:53.801963,Recipe_B,ca4e2b3e-360b-4bf9-859c-5118db1a7fff,20,0.0,,,,0.0,0.0,0.0,0.0,0.0,0.0
2025-12-17T03:06:54.801963,Recipe_B,ca4e2b3e-360b-4bf9-859c-5118db1a7fff,20,0.0,,,,0.0,0.0,0.0,0.0,0.0,0.0
2025-12-17T03:06:55.801963,Recipe_B,ca4e2b3e-360b-4bf9-859c-5118db1a7fff,20,0.0,,,,0.0,0.0,0.0,0.0,0.0,0.0
2025-12-17T03:06:56.801963,Recipe_B,ca4e2b3e-360b-4bf9-859c-5118db1a7fff,20,0.0,,,,0.0,0.0,0.0,0.0,0.0,0.0
2025-12-17T03:06:57.801963,Recipe_B,ca4e2b3e-360b-4bf9-859c-5118db1a7fff,20,0.0,,,,0.0,0.0,0.0,0.0,0.0,0.0
2025-12-17T03:06:58.801963,Recipe_B,ca4e2b3e-360b-4bf9-859c-5118db1a7fff,20,0.0,,,,0.0,0.0,0.0,0.0,0.0,0.0
2025-12-17T03:06:59.801963,Recipe_B,ca4e2b3e-360b-4bf9-859c-5118db1a7fff,20,0.0,,,,0.0,0.0,0.0,0.0,0.0,0.0
2025-12-17T03:07:00.801963,Recipe_B,ca4e2b3e-360b-4bf9-859c-5118db1a7fff,20,0.0,,,,0.0,0.0,0.0,0.0,0.0,0.0
2025-12-17T03:07:01.801963,Recipe_B,ca4e2b3e-360b-4bf9-859c-5118db1a7fff,20,0.0,,,,0.0,0.0,0.0,0.0,0.0,0.0
2025-12-17T03:07:02.801963,Recipe_B,ca4e2b3e-360b-4bf9-859c-5118db1a7fff,20,0.0,,,,0.0,0.0,0.0,0.0,0.0,0.0
2025-12-17T03:07:03.801963,Recipe_B,ca4e2b3e-360b-4bf9-859c-5118db1a7fff,20,0.0,,,,0.0,0.0,0.0,0.0,0.0,0.0
2025-12-17T03:07:04.801963,Recipe_B,ca4e2b3e-360b-4bf9-859c-5118db1a7fff,20,0.0,,,,0.0,0.0,0.0,0.0,0.0,0.0
2025-12-17T03:07:05.801963,Recipe_B,ca4e2b3e-360b-4bf9-859c-5118db1a7fff,20,0.0,,,,0.0,0.0,0.0,0.0,0.0,0.0
2025-12-17T03:07:06.801963,Recipe_B,ca4e2b3e-360b-4bf9-859c-5118db1a7fff,20,3.0,,,,9.04,11.61,11.75,8.91,10.09,11.5
2025-12-17T03:07:07.801963,Recipe_B,ca4e2b3e-360b-4bf9-859c-5118db1a7fff,20,3.0,,,,8.84,8.46,10.4,9.8,9.67,9.38
2025-12-17T03:07:08.801963,Recipe_B,ca4e2b3e-360b-4bf9-859c-5118db1a7fff,20,3.0,,,,12.6,10.6,12.74,11.86,10.14,9.21
2025-12-17T03:07:09.801963,Recipe_B,ca4e2b3e-360b-4bf9-859c-5118db1a7fff,20,3.0,,,,9.74,7.67,9.64,10.62,8.47,8.05
2025-12-17T03:07:10.801963,Recipe_B,ca4e2b3e-360b-4bf9-859c-5118db1a7fff,20,3.0,,,,8.87,6.62,8.58,10.2,9.87,14.9
2025-12-17T03:07:11.801963,Recipe_B,ca4e2b3e-360b-4bf9-859c-5118db1a7fff,20,3.0,,,,13.71,8.88,14.8,9.65,12.06,6.45
2025-12-17T03:07:12.801963,Recipe_B,ca4e2b3e-360b-4bf9-859c-5118db1a7fff,20,3.0,,,,10.03,7.69,7.84,8.25,9.56,8.27
2025-12-17T03:07:13.801963,Recipe_B,ca4e2b3e-360b-4bf9-859c-5118db1a7fff,20,3.0,,,,8.98,13.42,10.57,13.62,9.46,10.62
2025-12-17T03:07:14.801963,Recipe_B,ca4e2b3e-360b-4bf9-859c-5118db1a7fff,20,3.0,,,,8.58,13.63,11.21,10.84,15.13,9.05
2025-12-17T03:07:15.801963,Recipe_B,ca4e2b3e-360b-4bf9-859c-5118db1a7fff,20,3.0,,,,9.05,9.07,8.98,10.24,12.98,13.41
2025-12-17T03:07:16.801963,Recipe_B,ca4e2b3e-360b-4bf9-859c-5118db1a7fff,20,3.0,,,,11.6,9.3,10.43,10.41,6.82,7.17
2025-12-17T03:07:17.801963,Recipe_B,ca4e2b3e-360b-4bf9-859c-5118db1a7fff,20,5.0,,,,11.91,10.08,11.69,11.84,8.28,13.17
2025-12-17T03:07:18.801963,Recipe_B,ca4e2b3e-360b-4bf9-859c-5118db1a7fff,20,5.0,,,,9.66,5.84,10.26,11.84,7.61,10.16
2025-12-17T03:07:19.801963,Recipe_B,ca4e2b3e-360b-4bf9-859c-5118db1a7fff,20,5.0,,,,9.42,9.38,10.05,11.52,10.22,9.7
2025-12-17T03:07:20.801963,Recipe_B,ca4e2b3e-360b-4bf9-859c-5118db1a7fff,20,5.0,,,,11.57,9.56,9.2,8.44,12.46,11.61
2025-12-17T03:07:21.801963,Recipe_B,ca4e2b3e-360b-4bf9-859c-5118db1a7fff,20,5.0,,,,14.28,8.28,11.24,11.15,10.37,9.49
2025-12-17T03:07:22.801963,Recipe_B,ca4e2b3e-360b-4bf9-859c-5118db1a7fff,20,5.0,,,,7.49,9.16,7.96,12.65,10.65,9.71
2025-12-17T03:07:23.801963,Recipe_B,ca4e2b3e-360b-4bf9-859c-5118db1a7fff,20,5.0,,,,10.23,8.71,11.05,5.78,8.82,10.68
2025-12-17T03:07:24.801963,Recipe_B,ca4e2b3e-360b-4bf9-859c-5118db1a7fff,20,5.0,,,,10.34,9.26,13.09,11.02,11.48,7.8
2025-12-17T03:07:25.801963,Recipe_B,ca4e2b3e-360b-4bf9-859c-5118db1a7fff,20,5.0,,,,9.21,10.95,9.93,6.47,9.63,7.23
2025-12-17T03:07:26.801963,Recipe_B,ca4e2b3e-360b-4bf9-859c-5118db1a7fff,20,5.0,,,,13.76,7.73,11.78,10.85,10.5,12.68
2025-12-17T03:07:27.801963,Recipe_B,ca4e2b3e-360b-4bf9-859c-5118db1a7fff,20,5.0,,,,15.2,9.56,6.58,10.15,8.19,13.39
2025-12-17T03:07:28.801963,Recipe_B,ca4e2b3e-360b-4bf9-859c-5118db1a7fff,20,5.0,,,,13.93,7.27,13.67,10.2,8.81,10.28
2025-12-17T03:07:29.801963,Recipe_B,ca4e2b3e-360b-4bf9-859c-5118db1a7fff,20,5.0,,,,9.61,8.34,12.31,11.72,11.44,7.15
2025-12-17T03:07:30.801963,Recipe_B,ca4e2b3e-360b-4bf9-859c-5118db1a7fff,20,5.0,,,,8.65,9.41,7.77,11.2,7.96,12.83
2025-12-17T03:07:31.801963,Recipe_B,ca4e2b3e-360b-4bf9-859c-5118db1a7fff,20,5.0,,,,11.07,10.71,9.18,11.31,11.62,10.93
2025-12-17T03:07:32.801963,Recipe_B,ca4e2b3e-360b-4bf9-859c-5118db1a7fff,20,5.0,,,,9.78,9.8,7.97,6.58,7.27,10.21
2025-12-17T03:07:33.801963,Recipe_B,ca4e2b3e-360b-4bf9-859c-5118db1a7fff,20,5.0,,,,10.47,11.65,9.01,9.14,9.49,10.72
2025-12-17T03:07:34.801963,Recipe_B,ca4e2b3e-360b-4bf9-859c-5118db1a7fff,20,5.0,,,,10.37,7.34,8.75,8.64,8.17,10.67
2025-12-17T03:07:35.801963,Recipe_B,ca4e2b3e-360b-4bf9-859c-5118db1a7fff,20,5.0,,,,10.16,12.16,4.91,6.94,9.76,14.07
2025-12-17T03:07:36.801963,Recipe_B,ca4e2b3e-360b-4bf9-859c-5118db1a7fff,20,2.0,,,,14.25,12.36,8.96,8.19,6.08,14.83
2025-12-17T03:07:37.801963,Recipe_B,ca4e2b3e-360b-4bf9-859c-5118db1a7fff,20,2.0,,,,9.61,8.58,9.26,12.88,12.86,9.1
2025-12-17T03:07:37.801963,Recipe_B,ca4e2b3e-360b-4bf9-859c-5118db1a7fff,20,2.0,Warning_7,Simulated Warning occurred,Warning,,,,,,
2025-12-17T03:07:38.801963,Recipe_B,ca4e2b3e-360b-4bf9-859c-5118db1a7fff,20,2.0,,,,12.53,7.62,7.74,10.59,11.19,9.27
2025-12-17T03:07:39.801963,Recipe_B,ca4e2b3e-360b-4bf9-859c-5118db1a7fff,20,2.0,,,,8.34,11.93,11.66,8.25,8.24,8.75
2025-12-17T03:07:40.801963,Recipe_B,ca4e2b3e-360b-4bf9-859c-5118db1a7fff,20,2.0,,,,8.68,12.21,8.62,10.37,13.69,8.44
2025-12-17T03:07:41.801963,Recipe_B,ca4e2b3e-360b-4bf9-859c-5118db1a7fff,20,2.0,,,,11.58,10.57,9.54,7.85,7.44,9.03
2025-12-17T03:07:42.801963,Recipe_B,ca4e2b3e-360b-4bf9-859c-5118db1a7fff,20,4.0,,,,105.58,53.6,55.27,44.95,42.91,48.01
2025-12-17T03:07:43.801963,Recipe_B,ca4e2b3e-360b-4bf9-859c-5118db1a7fff,20,4.0,,,,98.86,50.9,53.68,47.95,47.59,50.14
2025-12-17T03:07:44.801963,Recipe_B,ca4e2b3e-360b-4bf9-859c-5118db1a7fff,20,4.0,,,,104.54,47.12,58.63,42.65,57.95,44.87
2025-12-17T03:07:45.801963,Recipe_B,ca4e2b3e-360b-4bf9-859c-5118db1a7fff,20,4.0,,,,102.71,56.26,44.15,53.15,53.26,58.29
2025-12-17T03:07:46.801963,Recipe_B,ca4e2b3e-360b-4bf9-859c-5118db1a7fff,20,4.0,,,,94.43,55.06,48.92,55.81,44.69,49.63
2025-12-17T03:07:47.801963,Recipe_B,ca4e2b3e-360b-4bf9-859c-5118db1a7fff,20,4.0,,,,106.21,67.13,48.25,48.68,54.59,45.9
2025-12-17T03:07:48.801963,Recipe_B,ca4e2b3e-360b-4bf9-859c-5118db1a7fff,20,4.0,,,,101.29,52.76,47.19,51.61,44.04,47.29
2025-12-17T03:07:49.801963,Recipe_B,ca4e2b3e-360b-4bf9-859c-5118db1a7fff,20,4.0,,,,104.79,46.35,38.43,60.23,57.61,58.01
2025-12-17T03:07:50.801963,Recipe_B,ca4e2b3e-360b-4bf9-859c-5118db1a7fff,20,4.0,,,,95.19,48.02,57.22,44.61,52.78,57.46
2025-12-17T03:07:51.801963,Recipe_B,ca4e2b3e-360b-4bf9-859c-5118db1a7fff,20,4.0,,,,92.44,43.15,46.39,37.04,45.38,47.57
2025-12-17T03:07:52.801963,Recipe_B,ca4e2b3e-360b-4bf9-859c-5118db1a7fff,20,4.0,,,,95.64,46.3,53.82,50.09,46.11,48.06
2025-12-17T03:07:53.801963,Recipe_B,ca4e2b3e-360b-4bf9-859c-5118db1a7fff,20,4.0,,,,96.57,46.94,50.28,58.67,51.45,55.77
2025-12-17T03:07:54.801963,Recipe_B,ca4e2b3e-360b-4bf9-859c-5118db1a7fff,20,4.0,,,,101.26,57.56,51.61,47.11,46.47,62.0
2025-12-17T03:07:55.801963,Recipe_B,ca4e2b3e-360b-4bf9-859c-5118db1a7fff,20,4.0,,,,101.5,53.37,53.83,49.71,54.67,50.74
2025-12-17T03:07:56.801963,Recipe_B,ca4e2b3e-360b-4bf9-859c-5118db1a7fff,20,4.0,,,,105.54,49.49,52.43,49.18,55.5,52.25
2025-12-17T03:07:57.801963,Recipe_B,ca4e2b3e-360b-4bf9-859c-5118db1a7fff,20,4.0,,,,103.63,44.94,42.85,52.9,45.99,55.29
2025-12-17T03:07:58.801963,Recipe_B,ca4e2b3e-360b-4bf9-859c-5118db1a7fff,20,4.0,,,,98.61,55.27,39.46,50.06,55.96,60.35
2025-12-17T03:07:59.801963,Recipe_B,ca4e2b3e-360b-4bf9-859c-5118db1a7fff,20,4.0,,,,106.89,51.53,53.85,51.18,47.17,57.97
2025-12-17T03:08:00.801963,Recipe_B,ca4e2b3e-360b-4bf9-859c-5118db1a7fff,20,4.0,,,,109.27,43.89,45.82,50.85,53.22,58.55
2025-12-17T03:08:01.801963,Recipe_B,ca4e2b3e-360b-4bf9-859c-5118db1a7fff,20,4.0,,,,107.6,54.4,37.24,57.71,49.89,54.55
2025-12-17T03:08:02.801963,Recipe_B,ca4e2b3e-360b-4bf9-859c-5118db1a7fff,20,4.0,,,,100.95,51.54,50.87,52.58,55.78,49.29
2025-12-17T03:08:03.801963,Recipe_B,ca4e2b3e-360b-4bf9-859c-5118db1a7fff,20,4.0,,,,89.7,42.94,53.88,53.66,46.96,54.96
2025-12-17T03:08:04.801963,Recipe_B,ca4e2b3e-360b-4bf9-859c-5118db1a7fff,20,0.0,,,,0.0,0.0,0.0,0.0,0.0,0.0
2025-12-17T03:08:05.801963,Recipe_B,ca4e2b3e-360b-4bf9-859c-5118db1a7fff,20,0.0,,,,0.0,0.0,0.0,0.0,0.0,0.0
2025-12-17T03:08:06.801963,Recipe_B,ca4e2b3e-360b-4bf9-859c-5118db1a7fff,20,0.0,,,,0.0,0.0,0.0,0.0,0.0,0.0
2025-12-17T03:08:07.801963,Recipe_B,ca4e2b3e-360b-4bf9-859c-5118db1a7fff,20,0.0,,,,0.0,0.0,0.0,0.0,0.0,0.0
2025-12-17T03:08:08.801963,Recipe_B,ca4e2b3e-360b-4bf9-859c-5118db1a7fff,20,0.0,,,,0.0,0.0,0.0,0.0,0.0,0.0
2025-12-17T03:08:09.801963,Recipe_B,ca4e2b3e-360b-4bf9-859c-5118db1a7fff,20,0.0,,,,0.0,0.0,0.0,0.0,0.0,0.0
2025-12-17T03:08:10.801963,Recipe_B,ca4e2b3e-360b-4bf9-859c-5118db1a7fff,20,0.0,,,,0.0,0.0,0.0,0.0,0.0,0.0
2025-12-17T03:08:11.801963,Recipe_B,ca4e2b3e-360b-4bf9-859c-5118db1a7fff,20,0.0,,,,0.0,0.0,0.0,0.0,0.0,0.0
2025-12-17T03:08:12.801963,Recipe_B,ca4e2b3e-360b-4bf9-859c-5118db1a7fff,20,0.0,,,,0.0,0.0,0.0,0.0,0.0,0.0
2025-12-17T03:08:13.801963,Recipe_B,ca4e2b3e-360b-4bf9-859c-5118db1a7fff,20,0.0,,,,0.0,0.0,0.0,0.0,0.0,0.0
2025-12-17T03:08:14.801963,Recipe_B,ca4e2b3e-360b-4bf9-859c-5118db1a7fff,20,0.0,,,,0.0,0.0,0.0,0.0,0.0,0.0
2025-12-17T03:08:15.801963,Recipe_B,ca4e2b3e-360b-4bf9-859c-5118db1a7fff,20,0.0,,,,0.0,0.0,0.0,0.0,0.0,0.0
2025-12-17T03:08:16.801963,Recipe_B,ca4e2b3e-360b-4bf9-859c-5118db1a7fff,20,0.0,,,,0.0,0.0,0.0,0.0,0.0,0.0
2025-12-17T03:08:17.801963,Recipe_B,ca4e2b3e-360b-4bf9-859c-5118db1a7fff,20,0.0,,,,0.0,0.0,0.0,0.0,0.0,0.0
2025-12-17T03:08:18.801963,Recipe_B,ca4e2b3e-360b-4bf9-859c-5118db1a7fff,20,0.0,,,,0.0,0.0,0.0,0.0,0.0,0.0
2025-12-17T03:08:19.801963,Recipe_B,ca4e2b3e-360b-4bf9-859c-5118db1a7fff,20,0.0,,,,0.0,0.0,0.0,0.0,0.0,0.0
2025-12-17T03:08:20.801963,Recipe_B,ca4e2b3e-360b-4bf9-859c-5118db1a7fff,20,0.0,,,,0.0,0.0,0.0,0.0,0.0,0.0
2025-12-17T03:08:21.801963,Recipe_B,ca4e2b3e-360b-4bf9-859c-5118db1a7fff,20,0.0,,,,0.0,0.0,0.0,0.0,0.0,0.0
2025-12-17T03:08:22.801963,Recipe_B,ca4e2b3e-360b-4bf9-859c-5118db1a7fff,20,0.0,,,,0.0,0.0,0.0,0.0,0.0,0.0
2025-12-17T03:08:23.801963,Recipe_B,ca4e2b3e-360b-4bf9-859c-5118db1a7fff,20,0.0,,,,0.0,0.0,0.0,0.0,0.0,0.0
2025-12-17T03:08:24.801963,Recipe_B,ca4e2b3e-360b-4bf9-859c-5118db1a7fff,20,0.0,,,,0.0,0.0,0.0,0.0,0.0,0.0
2025-12-17T03:08:25.801963,Recipe_B,ca4e2b3e-360b-4bf9-859c-5118db1a7fff,20,0.0,,,,0.0,0.0,0.0,0.0,0.0,0.0
2025-12-17T03:08:26.801963,Recipe_B,ca4e2b3e-360b-4bf9-859c-5118db1a7fff,20,0.0,,,,0.0,0.0,0.0,0.0,0.0,0.0
2025-12-17T03:08:27.801963,Recipe_B,ca4e2b3e-360b-4bf9-859c-5118db1a7fff,20,0.0,,,,0.0,0.0,0.0,0.0,0.0,0.0
2025-12-17T03:08:28.801963,Recipe_B,ca4e2b3e-360b-4bf9-859c-5118db1a7fff,20,0.0,,,,0.0,0.0,0.0,0.0,0.0,0.0
2025-12-17T03:08:29.801963,Recipe_B,ca4e2b3e-360b-4bf9-859c-5118db1a7fff,20,0.0,,,,0.0,0.0,0.0,0.0,0.0,0.0
2025-12-17T03:08:30.801963,Recipe_B,ca4e2b3e-360b-4bf9-859c-5118db1a7fff,20,0.0,,,,0.0,0.0,0.0,0.0,0.0,0.0
2025-12-17T03:08:31.801963,Recipe_B,ca4e2b3e-360b-4bf9-859c-5118db1a7fff,20,0.0,,,,0.0,0.0,0.0,0.0,0.0,0.0
2025-12-17T03:08:32.801963,Recipe_B,ca4e2b3e-360b-4bf9-859c-5118db1a7fff,20,0.0,,,,0.0,0.0,0.0,0.0,0.0,0.0
2025-12-17T03:08:33.801963,Recipe_B,ca4e2b3e-360b-4bf9-859c-5118db1a7fff,20,0.0,,,,0.0,0.0,0.0,0.0,0.0,0.0
2025-12-17T03:08:34.801963,Recipe_B,ca4e2b3e-360b-4bf9-859c-5118db1a7fff,20,0.0,,,,0.0,0.0,0.0,0.0,0.0,0.0
2025-12-17T03:08:35.801963,Recipe_B,ca4e2b3e-360b-4bf9-859c-5118db1a7fff,20,0.0,,,,0.0,0.0,0.0,0.0,0.0,0.0
2025-12-17T03:08:36.801963,Recipe_B,ca4e2b3e-360b-4bf9-859c-5118db1a7fff,20,0.0,,,,0.0,0.0,0.0,0.0,0.0,0.0
2025-12-17T03:08:37.801963,Recipe_B,ca4e2b3e-360b-4bf9-859c-5118db1a7fff,20,0.0,,,,0.0,0.0,0.0,0.0,0.0,0.0
2025-12-17T03:08:38.801963,Recipe_B,ca4e2b3e-360b-4bf9-859c-5118db1a7fff,20,0.0,,,,0.0,0.0,0.0,0.0,0.0,0.0
2025-12-17T03:08:39.801963,Recipe_B,ca4e2b3e-360b-4bf9-859c-5118db1a7fff,20,0.0,,,,0.0,0.0,0.0,0.0,0.0,0.0
2025-12-17T03:08:40.801963,Recipe_B,ca4e2b3e-360b-4bf9-859c-5118db1a7fff,20,0.0,,,,0.0,0.0,0.0,0.0,0.0,0.0
2025-12-17T03:08:41.801963,Recipe_B,ca4e2b3e-360b-4bf9-859c-5118db1a7fff,20,0.0,,,,0.0,0.0,0.0,0.0,0.0,0.0
2025-12-17T03:08:42.801963,Recipe_B,ca4e2b3e-360b-4bf9-859c-5118db1a7fff,20,0.0,,,,0.0,0.0,0.0,0.0,0.0,0.0
2025-12-17T03:08:43.801963,Recipe_B,ca4e2b3e-360b-4bf9-859c-5118db1a7fff,20,0.0,,,,0.0,0.0,0.0,0.0,0.0,0.0
2025-12-17T03:08:44.801963,Recipe_B,ca4e2b3e-360b-4bf9-859c-5118db1a7fff,20,0.0,,,,0.0,0.0,0.0,0.0,0.0,0.0
2025-12-17T03:08:45.801963,Recipe_B,ca4e2b3e-360b-4bf9-859c-5118db1a7fff,20,0.0,,,,0.0,0.0,0.0,0.0,0.0,0.0
2025-12-17T03:08:46.801963,Recipe_B,ca4e2b3e-360b-4bf9-859c-5118db1a7fff,20,0.0,,,,0.0,0.0,0.0,0.0,0.0,0.0
2025-12-17T03:08:47.801963,Recipe_B,ca4e2b3e-360b-4bf9-859c-5118db1a7fff,20,0.0,,,,0.0,0.0,0.0,0.0,0.0,0.0
2025-12-17T03:08:48.801963,Recipe_B,ca4e2b3e-360b-4bf9-859c-5118db1a7fff,20,0.0,,,,0.0,0.0,0.0,0.0,0.0,0.0
2025-12-17T03:08:49.801963,Recipe_B,ca4e2b3e-360b-4bf9-859c-5118db1a7fff,20,0.0,,,,0.0,0.0,0.0,0.0,0.0,0.0
2025-12-17T03:08:50.801963,Recipe_B,ca4e2b3e-360b-4bf9-859c-5118db1a7fff,20,0.0,,,,0.0,0.0,0.0,0.0,0.0,0.0
2025-12-17T03:08:51.801963,Recipe_B,ca4e2b3e-360b-4bf9-859c-5118db1a7fff,20,3.0,,,,10.93,7.04,12.12,12.28,14.56,9.18
2025-12-17T03:08:52.801963,Recipe_B,ca4e2b3e-360b-4bf9-859c-5118db1a7fff,20,3.0,,,,13.4,10.24,14.65,8.28,4.95,8.12
2025-12-17T03:08:53.801963,Recipe_B,ca4e2b3e-360b-4bf9-859c-5118db1a7fff,20,3.0,,,,10.29,8.89,12.98,9.99,9.32,5.87
2025-12-17T03:08:54.801963,Recipe_B,ca4e2b3e-360b-4bf9-859c-5118db1a7fff,20,3.0,,,,9.72,7.08,9.65,13.26,10.08,11.06
2025-12-17T03:08:55.801963,Recipe_B,ca4e2b3e-360b-4bf9-859c-5118db1a7fff,20,3.0,,,,8.37,6.07,7.16,12.5,10.81,10.61
2025-12-17T03:08:56.801963,Recipe_B,ca4e2b3e-360b-4bf9-859c-5118db1a7fff,20,3.0,,,,9.68,11.69,10.33,10.14,11.55,11.57
2025-12-17T03:08:57.801963,Recipe_B,ca4e2b3e-360b-4bf9-859c-5118db1a7fff,20,3.0,,,,12.31,8.07,8.98,8.73,9.75,11.51
2025-12-17T03:08:58.801963,Recipe_B,ca4e2b3e-360b-4bf9-859c-5118db1a7fff,20,3.0,,,,8.07,8.03,12.21,8.44,10.53,10.12
2025-12-17T03:08:59.801963,Recipe_B,ca4e2b3e-360b-4bf9-859c-5118db1a7fff,20,3.0,,,,11.73,11.17,8.76,7.49,11.72,9.86
2025-12-17T03:09:00.801963,Recipe_B,ca4e2b3e-360b-4bf9-859c-5118db1a7fff,20,3.0,,,,11.96,7.43,10.12,8.69,10.65,12.5
2025-12-17T03:09:01.801963,Recipe_B,ca4e2b3e-360b-4bf9-859c-5118db1a7fff,20,5.0,,,,10.59,9.24,11.16,12.15,11.18,9.0
2025-12-17T03:09:02.801963,Recipe_B,ca4e2b3e-360b-4bf9-859c-5118db1a7fff,20,3.0,,,,7.58,7.26,11.11,8.61,10.88,9.91
2025-12-17T03:09:03.801963,Recipe_B,ca4e2b3e-360b-4bf9-859c-5118db1a7fff,20,3.0,,,,8.57,11.62,8.69,11.66,10.66,9.73
2025-12-17T03:09:04.801963,Recipe_B,ca4e2b3e-360b-4bf9-859c-5118db1a7fff,20,3.0,,,,11.32,8.58,11.01,10.64,11.91,12.65
2025-12-17T03:09:05.801963,Recipe_B,ca4e2b3e-360b-4bf9-859c-5118db1a7fff,20,3.0,,,,12.63,9.86,10.88,10.43,13.58,7.35
2025-12-17T03:09:06.801963,Recipe_B,ca4e2b3e-360b-4bf9-859c-5118db1a7fff,20,3.0,,,,9.13,7.96,11.11,16.02,7.72,8.53
2025-12-17T03:09:07.801963,Recipe_B,ca4e2b3e-360b-4bf9-859c-5118db1a7fff,20,3.0,,,,9.64,7.52,9.75,9.29,10.73,7.38
2025-12-17T03:09:08.801963,Recipe_B,ca4e2b3e-360b-4bf9-859c-5118db1a7fff,20,3.0,,,,10.1,12.59,8.16,11.5,11.37,10.62
2025-12-17T03:09:09.801963,Recipe_B,ca4e2b3e-360b-4bf9-859c-5118db1a7fff,20,3.0,,,,7.59,10.08,9.84,10.32,9.49,9.72
2025-12-17T03:09:10.801963,Recipe_B,ca4e2b3e-360b-4bf9-859c-5118db1a7fff,20,3.0,,,,9.36,6.77,8.03,11.36,7.04,11.1
2025-12-17T03:09:11.801963,Recipe_B,ca4e2b3e-360b-4bf9-859c-5118db1a7fff,20,3.0,,,,13.54,9.66,11.41,6.65,11.31,7.6
2025-12-17T03:09:12.801963,Recipe_B,ca4e2b3e-360b-4bf9-859c-5118db1a7fff,20,4.0,,,,95.2,45.54,47.96,54.19,56.62,48.76
2025-12-17T03:09:13.801963,Recipe_B,ca4e2b3e-360b-4bf9-859c-5118db1a7fff,20,4.0,,,,103.54,50.1,52.61,49.35,47.31,50.29
2025-12-17T03:09:14.801963,Recipe_B,ca4e2b3e-360b-4bf9-859c-5118db1a7fff,20,4.0,,,,99.5,53.23,58.15,46.34,48.25,55.52
2025-12-17T03:09:15.801963,Recipe_B,ca4e2b3e-360b-4bf9-859c-5118db1a7fff,20,4.0,,,,105.87,42.13,46.52,50.75,52.27,49.97
2025-12-17T03:09:16.801963,Recipe_B,ca4e2b3e-360b-4bf9-859c-5118db1a7fff,20,4.0,,,,98.7,41.98,50.43,53.22,51.48,51.01
2025-12-17T03:09:17.801963,Recipe_B,ca4e2b3e-360b-4bf9-859c-5118db1a7fff,20,4.0,,,,104.92,49.76,60.01,45.21,53.22,44.7
2025-12-17T03:09:18.801963,Recipe_B,ca4e2b3e-360b-4bf9-859c-5118db1a7fff,20,4.0,,,,98.83,57.15,50.78,52.2,46.69,61.99
2025-12-17T03:09:19.801963,Recipe_B,ca4e2b3e-360b-4bf9-859c-5118db1a7fff,20,4.0,,,,103.25,47.79,48.81,44.58,52.31,55.84
2025-12-17T03:09:20.801963,Recipe_B,ca4e2b3e-360b-4bf9-859c-5118db1a7fff,20,4.0,,,,107.09,49.48,61.62,51.28,45.45,56.92
2025-12-17T03:09:21.801963,Recipe_B,ca4e2b3e-360b-4bf9-859c-5118db1a7fff,20,4.0,,,,103.46,48.37,48.52,44.97,48.12,41.84
2025-12-17T03:09:22.801963,Recipe_B,ca4e2b3e-360b-4bf9-859c-5118db1a7fff,20,4.0,,,,102.81,52.49,55.83,44.93,48.74,49.7
2025-12-17T03:09:23.801963,Recipe_B,ca4e2b3e-360b-4bf9-859c-5118db1a7fff,20,4.0,,,,95.89,44.86,54.39,51.86,47.57,47.42
2025-12-17T03:09:24.801963,Recipe_B,ca4e2b3e-360b-4bf9-859c-5118db1a7fff,20,4.0,,,,93.65,47.03,46.32,48.16,44.97,54.62
2025-12-17T03:09:25.801963,Recipe_B,ca4e2b3e-360b-4bf9-859c-5118db1a7fff,20,4.0,,,,93.93,57.69,52.88,49.95,46.78,48.89
2025-12-17T03:09:26.801963,Recipe_B,ca4e2b3e-360b-4bf9-859c-5118db1a7fff,20,4.0,,,,98.97,52.17,56.74,55.36,45.69,43.56
2025-12-17T03:09:27.801963,Recipe_B,ca4e2b3e-360b-4bf9-859c-5118db1a7fff,20,4.0,,,,101.3,51.66,49.26,54.91,49.83,52.15
2025-12-17T03:09:28.801963,Recipe_B,ca4e2b3e-360b-4bf9-859c-5118db1a7fff,20,4.0,,,,90.15,51.59,47.29,53.16,53.23,49.64
2025-12-17T03:09:29.801963,Recipe_B,ca4e2b3e-360b-4bf9-859c-5118db1a7fff,20,4.0,,,,108.89,48.82,49.19,51.66,51.01,49.72
2025-12-17T03:09:30.801963,Recipe_B,ca4e2b3e-360b-4bf9-859c-5118db1a7fff,20,4.0,,,,106.47,53.0,48.82,52.48,52.46,51.03
2025-12-17T03:09:31.801963,Recipe_B,ca4e2b3e-360b-4bf9-859c-5118db1a7fff,20,4.0,,,,93.63,49.6,62.98,62.79,51.61,54.97
2025-12-17T03:09:32.801963,Recipe_B,ca4e2b3e-360b-4bf9-859c-5118db1a7fff,20,4.0,,,,115.27,56.0,50.65,58.29,50.29,61.07
2025-12-17T03:09:33.801963,Recipe_B,ca4e2b3e-360b-4bf9-859c-5118db1a7fff,20,4.0,,,,101.85,48.41,50.36,51.31,48.63,56.69
2025-12-17T03:09:34.801963,Recipe_B,ca4e2b3e-360b-4bf9-859c-5118db1a7fff,20,4.0,,,,102.85,51.62,52.16,49.6,48.85,63.46
2025-12-17T03:09:35.801963,Recipe_B,ca4e2b3e-360b-4bf9-859c-5118db1a7fff,20,4.0,,,,106.89,51.15,47.29,54.37,48.81,49.74
2025-12-17T03:09:36.801963,Recipe_B,ca4e2b3e-360b-4bf9-859c-5118db1a7fff,20,4.0,,,,99.26,42.64,53.06,47.06,44.04,54.15
2025-12-17T03:09:37.801963,Recipe_B,ca4e2b3e-360b-4bf9-859c-5118db1a7fff,20,4.0,,,,95.73,41.68,54.17,52.56,45.92,59.97
2025-12-17T03:09:38.801963,Recipe_B,ca4e2b3e-360b-4bf9-859c-5118db1a7fff,20,4.0,,,,102.52,42.33,57.53,54.18,50.71,43.35
2025-12-17T03:09:39.801963,Recipe_B,ca4e2b3e-360b-4bf9-859c-5118db1a7fff,20,4.0,,,,101.73,44.96,42.5,48.45,54.86,47.02
2025-12-17T03:09:40.801963,Recipe_B,ca4e2b3e-360b-4bf9-859c-5118db1a7fff,20,4.0,,,,97.88,47.28,39.92,56.09,49.73,52.03
2025-12-17T03:09:41.801963,Recipe_B,ca4e2b3e-360b-4bf9-859c-5118db1a7fff,20,4.0,,,,99.82,47.84,46.3,50.95,48.34,55.11
2025-12-17T03:09:42.801963,Recipe_B,ca4e2b3e-360b-4bf9-859c-5118db1a7fff,20,4.0,,,,99.11,54.21,54.8,42.54,57.92,50.03
2025-12-17T03:09:43.801963,Recipe_B,ca4e2b3e-360b-4bf9-859c-5118db1a7fff,20,4.0,,,,98.24,50.68,51.41,45.85,46.44,48.96
2025-12-17T03:09:44.801963,Recipe_B,ca4e2b3e-360b-4bf9-859c-5118db1a7fff,20,4.0,,,,89.16,43.63,57.09,51.09,50.41,49.93
2025-12-17T03:09:45.801963,Recipe_B,ca4e2b3e-360b-4bf9-859c-5118db1a7fff,20,4.0,,,,107.3,45.17,54.01,49.77,59.64,48.59
2025-12-17T03:09:46.801963,Recipe_B,ca4e2b3e-360b-4bf9-859c-5118db1a7fff,20,4.0,,,,100.61,56.98,49.92,47.59,54.32,51.75
2025-12-17T03:09:47.801963,Recipe_B,ca4e2b3e-360b-4bf9-859c-5118db1a7fff,20,4.0,,,,104.55,53.33,48.22,44.26,50.58,58.15
2025-12-17T03:09:48.801963,Recipe_B,ca4e2b3e-360b-4bf9-859c-5118db1a7fff,20,4.0,,,,101.91,53.99,43.79,54.34,55.91,46.84
2025-12-17T03:09:49.801963,Recipe_B,ca4e2b3e-360b-4bf9-859c-5118db1a7fff,20,4.0,,,,96.63,55.02,54.13,44.58,51.66,51.48
2025-12-17T03:09:50.801963,Recipe_B,ca4e2b3e-360b-4bf9-859c-5118db1a7fff,20,4.0,,,,105.4,43.57,45.39,55.52,56.44,47.45
2025-12-17T03:09:51.801963,Recipe_B,ca4e2b3e-360b-4bf9-859c-5118db1a7fff,20,4.0,,,,95.76,52.02,46.17,40.34,57.8,44.3
2025-12-17T03:09:52.801963,Recipe_B,ca4e2b3e-360b-4bf9-859c-5118db1a7fff,20,4.0,,,,104.72,50.56,54.56,48.76,44.46,57.02
2025-12-17T03:09:53.801963,Recipe_B,ca4e2b3e-360b-4bf9-859c-5118db1a7fff,20,4.0,,,,93.64,50.5,36.33,45.55,46.81,52.64
2025-12-17T03:09:54.801963,Recipe_B,ca4e2b3e-360b-4bf9-859c-5118db1a7fff,20,4.0,,,,105.86,54.83,51.4,49.57,51.12,50.1
2025-12-17T03:09:55.801963,Recipe_B,ca4e2b3e-360b-4bf9-859c-5118db1a7fff,20,4.0,,,,93.3,41.25,48.93,54.12,47.07,50.83
2025-12-17T03:09:56.801963,Recipe_B,ca4e2b3e-360b-4bf9-859c-5118db1a7fff,20,4.0,,,,110.0,59.3,49.9,48.33,48.02,55.57
2025-12-17T03:09:57.801963,Recipe_B,ca4e2b3e-360b-4bf9-859c-5118db1a7fff,20,4.0,,,,104.17,47.15,52.31,50.98,53.31,51.78
2025-12-17T03:09:58.801963,Recipe_B,ca4e2b3e-360b-4bf9-859c-5118db1a7fff,20,4.0,,,,96.97,48.1,47.09,41.72,44.55,53.56
2025-12-17T03:09:59.801963,Recipe_B,ca4e2b3e-360b-4bf9-859c-5118db1a7fff,20,4.0,,,,101.05,45.45,53.71,49.29,57.41,56.55
2025-12-17T03:10:00.801963,Recipe_B,ca4e2b3e-360b-4bf9-859c-5118db1a7fff,20,4.0,,,,96.82,49.78,51.32,44.92,56.49,52.45
2025-12-17T03:10:01.801963,Recipe_B,ca4e2b3e-360b-4bf9-859c-5118db1a7fff,20,4.0,,,,94.69,46.48,50.48,49.81,52.84,52.11
2025-12-17T03:10:02.801963,Recipe_B,ca4e2b3e-360b-4bf9-859c-5118db1a7fff,20,4.0,,,,103.94,47.49,57.11,43.14,48.3,52.73
2025-12-17T03:10:03.801963,Recipe_B,ca4e2b3e-360b-4bf9-859c-5118db1a7fff,20,4.0,,,,95.17,45.58,41.71,52.49,57.15,49.01
2025-12-17T03:10:04.801963,Recipe_B,ca4e2b3e-360b-4bf9-859c-5118db1a7fff,20,4.0,,,,101.9,49.63,47.0,52.82,52.49,53.78
2025-12-17T03:10:05.801963,Recipe_B,ca4e2b3e-360b-4bf9-859c-5118db1a7fff,20,4.0,,,,99.55,44.68,51.18,53.11,55.94,44.92
2025-12-17T03:10:06.801963,Recipe_B,ca4e2b3e-360b-4bf9-859c-5118db1a7fff,20,4.0,,,,94.43,56.52,51.16,60.79,52.92,52.32
2025-12-17T03:10:07.801963,Recipe_B,ca4e2b3e-360b-4bf9-859c-5118db1a7fff,20,4.0,,,,98.45,52.93,53.61,39.94,50.05,46.41
2025-12-17T03:10:08.801963,Recipe_B,ca4e2b3e-360b-4bf9-859c-5118db1a7fff,20,4.0,,,,106.5,51.21,48.67,48.72,50.49,52.31
2025-12-17T03:10:09.801963,Recipe_B,ca4e2b3e-360b-4bf9-859c-5118db1a7fff,20,4.0,,,,99.05,48.49,51.12,52.74,52.84,51.32
2025-12-17T03:10:10.801963,Recipe_B,ca4e2b3e-360b-4bf9-859c-5118db1a7fff,20,4.0,,,,104.36,50.69,43.99,50.31,50.09,47.56
2025-12-17T03:10:11.801963,Recipe_B,ca4e2b3e-360b-4bf9-859c-5118db1a7fff,20,4.0,,,,104.02,50.58,55.74,52.17,54.15,52.56
2025-12-17T03:10:12.801963,Recipe_B,ca4e2b3e-360b-4bf9-859c-5118db1a7fff,20,4.0,,,,105.12,47.34,49.5,46.11,51.94,41.22
2025-12-17T03:10:13.801963,Recipe_B,ca4e2b3e-360b-4bf9-859c-5118db1a7fff,20,4.0,,,,103.36,47.43,43.69,55.01,47.53,49.26
2025-12-17T03:10:14.801963,Recipe_B,ca4e2b3e-360b-4bf9-859c-5118db1a7fff,20,4.0,,,,97.59,46.94,56.58,50.43,50.85,44.7
2025-12-17T03:10:15.801963,Recipe_B,ca4e2b3e-360b-4bf9-859c-5118db1a7fff,20,4.0,,,,101.69,55.74,55.13,50.82,47.39,57.78
2025-12-17T03:10:16.801963,Recipe_B,ca4e2b3e-360b-4bf9-859c-5118db1a7fff,20,4.0,,,,98.36,49.2,50.87,45.93,50.96,53.18
2025-12-17T03:10:17.801963,Recipe_B,ca4e2b3e-360b-4bf9-859c-5118db1a7fff,20,4.0,,,,104.62,41.41,52.86,49.41,49.11,40.87
2025-12-17T03:10:18.801963,Recipe_B,ca4e2b3e-360b-4bf9-859c-5118db1a7fff,20,4.0,,,,97.11,54.51,51.17,52.03,54.19,51.68
2025-12-17T03:10:19.801963,Recipe_B,ca4e2b3e-360b-4bf9-859c-5118db1a7fff,20,4.0,,,,103.08,55.23,42.74,45.91,47.81,51.14
2025-12-17T03:10:20.801963,Recipe_B,ca4e2b3e-360b-4bf9-859c-5118db1a7fff,20,4.0,,,,97.56,46.47,52.2,51.09,53.64,51.2
2025-12-17T03:10:21.801963,Recipe_B,ca4e2b3e-360b-4bf9-859c-5118db1a7fff,20,4.0,,,,110.42,36.92,45.32,56.04,54.35,45.14
2025-12-17T03:10:22.801963,Recipe_B,ca4e2b3e-360b-4bf9-859c-5118db1a7fff,20,4.0,,,,96.8,48.82,51.03,52.91,61.84,45.84
2025-12-17T03:10:23.801963,Recipe_B,ca4e2b3e-360b-4bf9-859c-5118db1a7fff,20,4.0,,,,102.86,41.43,51.62,43.52,45.45,49.96
2025-12-17T03:10:24.801963,Recipe_B,ca4e2b3e-360b-4bf9-859c-5118db1a7fff,20,4.0,,,,98.29,42.54,44.68,50.32,51.51,46.22
2025-12-17T03:10:25.801963,Recipe_B,ca4e2b3e-360b-4bf9-859c-5118db1a7fff,20,4.0,,,,98.44,46.39,44.49,49.55,51.36,47.89
2025-12-17T03:10:26.801963,Recipe_B,ca4e2b3e-360b-4bf9-859c-5118db1a7fff,20,4.0,,,,94.82,42.44,44.97,36.88,55.99,52.15
2025-12-17T03:10:27.801963,Recipe_B,ca4e2b3e-360b-4bf9-859c-5118db1a7fff,20,4.0,,,,91.25,49.82,52.99,56.39,54.54,51.5
2025-12-17T03:10:28.801963,Recipe_B,ca4e2b3e-360b-4bf9-859c-5118db1a7fff,20,4.0,,,,105.25,52.6,57.18,44.64,57.6,45.96
2025-12-17T03:10:29.801963,Recipe_B,ca4e2b3e-360b-4bf9-859c-5118db1a7fff,20,4.0,,,,99.87,57.41,52.3,45.88,51.66,56.5
2025-12-17T03:10:30.801963,Recipe_B,ca4e2b3e-360b-4bf9-859c-5118db1a7fff,20,4.0,,,,100.64,48.58,43.88,50.61,52.19,49.82
2025-12-17T03:10:31.801963,Recipe_B,ca4e2b3e-360b-4bf9-859c-5118db1a7fff,20,4.0,,,,107.05,47.78,49.42,50.96,42.85,51.04
2025-12-17T03:10:32.801963,Recipe_B,ca4e2b3e-360b-4bf9-859c-5118db1a7fff,20,4.0,,,,94.11,56.06,48.81,58.47,45.81,40.06
2025-12-17T03:10:33.801963,Recipe_B,ca4e2b3e-360b-4bf9-859c-5118db1a7fff,20,4.0,,,,108.35,55.87,47.67,44.37,51.65,52.89
2025-12-17T03:10:34.801963,Recipe_B,ca4e2b3e-360b-4bf9-859c-5118db1a7fff,20,1.0,,,,10.9,12.34,8.87,8.91,10.41,8.6
2025-12-17T03:10:35.801963,Recipe_B,ca4e2b3e-360b-4bf9-859c-5118db1a7fff,20,1.0,,,,13.48,4.43,11.32,10.78,6.79,7.95
2025-12-17T03:10:36.801963,Recipe_B,ca4e2b3e-360b-4bf9-859c-5118db1a7fff,20,4.0,,,,100.97,51.49,53.97,49.84,57.2,44.72
2025-12-17T03:10:37.801963,Recipe_B,ca4e2b3e-360b-4bf9-859c-5118db1a7fff,20,4.0,,,,93.69,54.15,54.17,52.54,48.24,47.7
2025-12-17T03:10:38.801963,Recipe_B,ca4e2b3e-360b-4bf9-859c-5118db1a7fff,20,4.0,,,,101.27,44.14,55.89,52.12,54.22,49.17
2025-12-17T03:10:39.801963,Recipe_B,ca4e2b3e-360b-4bf9-859c-5118db1a7fff,20,4.0,,,,101.08,44.82,46.49,42.16,60.61,46.73
2025-12-17T03:10:40.801963,Recipe_B,ca4e2b3e-360b-4bf9-859c-5118db1a7fff,20,4.0,,,,93.51,55.09,39.47,42.75,52.75,55.13
2025-12-17T03:10:41.801963,Recipe_B,ca4e2b3e-360b-4bf9-859c-5118db1a7fff,20,4.0,,,,93.26,42.51,49.85,43.18,42.18,51.47
2025-12-17T03:10:42.801963,Recipe_B,ca4e2b3e-360b-4bf9-859c-5118db1a7fff,20,4.0,,,,99.55,55.57,53.75,50.77,47.46,54.83
2025-12-17T03:10:43.801963,Recipe_B,ca4e2b3e-360b-4bf9-859c-5118db1a7fff,20,4.0,,,,97.14,51.32,52.01,37.98,56.51,56.72
2025-12-17T03:10:44.801963,Recipe_B,ca4e2b3e-360b-4bf9-859c-5118db1a7fff,20,4.0,,,,112.79,49.2,45.35,54.63,53.8,51.44
2025-12-17T03:10:45.801963,Recipe_B,ca4e2b3e-360b-4bf9-859c-5118db1a7fff,20,4.0,,,,100.35,49.6,56.28,51.83,48.41,51.37
2025-12-17T03:10:46.801963,Recipe_B,ca4e2b3e-360b-4bf9-859c-5118db1a7fff,20,4.0,,,,96.76,48.86,45.37,56.47,52.96,59.6
2025-12-17T03:10:47.801963,Recipe_B,ca4e2b3e-360b-4bf9-859c-5118db1a7fff,20,4.0,,,,99.65,52.58,47.63,54.62,49.32,43.79
2025-12-17T03:10:48.801963,Recipe_B,ca4e2b3e-360b-4bf9-859c-5118db1a7fff,20,4.0,,,,103.03,55.16,58.23,45.51,47.33,38.98
2025-12-17T03:10:49.801963,Recipe_B,ca4e2b3e-360b-4bf9-859c-5118db1a7fff,20,4.0,,,,97.44,59.44,48.26,48.99,42.28,57.65
2025-12-17T03:10:50.801963,Recipe_B,ca4e2b3e-360b-4bf9-859c-5118db1a7fff,20,4.0,,,,103.34,46.75,45.31,48.68,42.06,50.17
2025-12-17T03:10:51.801963,Recipe_B,ca4e2b3e-360b-4bf9-859c-5118db1a7fff,20,4.0,,,,94.87,51.61,45.38,53.74,43.45,48.78
2025-12-17T03:10:52.801963,Recipe_B,ca4e2b3e-360b-4bf9-859c-5118db1a7fff,20,4.0,,,,100.23,60.84,50.36,49.74,47.56,48.11
2025-12-17T03:10:53.801963,Recipe_B,ca4e2b3e-360b-4bf9-859c-5118db1a7fff,20,4.0,,,,98.62,45.16,52.08,49.41,49.67,46.45
2025-12-17T03:10:54.801963,Recipe_B,ca4e2b3e-360b-4bf9-859c-5118db1a7fff,20,0.0,,,,0.0,0.0,0.0,0.0,0.0,0.0
2025-12-17T03:10:55.801963,Recipe_B,ca4e2b3e-360b-4bf9-859c-5118db1a7fff,20,0.0,,,,0.0,0.0,0.0,0.0,0.0,0.0
2025-12-17T03:10:56.801963,Recipe_B,ca4e2b3e-360b-4bf9-859c-5118db1a7fff,20,0.0,,,,0.0,0.0,0.0,0.0,0.0,0.0
2025-12-17T03:10:57.801963,Recipe_B,ca4e2b3e-360b-4bf9-859c-5118db1a7fff,20,0.0,,,,0.0,0.0,0.0,0.0,0.0,0.0
2025-12-17T03:10:58.801963,Recipe_B,ca4e2b3e-360b-4bf9-859c-5118db1a7fff,20,0.0,,,,0.0,0.0,0.0,0.0,0.0,0.0
2025-12-17T03:10:59.801963,Recipe_B,ca4e2b3e-360b-4bf9-859c-5118db1a7fff,20,3.0,,,,13.9,7.26,11.12,13.38,10.06,9.96
2025-12-17T03:11:00.801963,Recipe_B,ca4e2b3e-360b-4bf9-859c-5118db1a7fff,20,3.0,,,,9.06,7.36,10.37,11.24,9.68,7.97
2025-12-17T03:11:01.801963,Recipe_B,ca4e2b3e-360b-4bf9-859c-5118db1a7fff,20,3.0,,,,11.36,9.04,9.17,10.17,10.0,10.93
2025-12-17T03:11:02.801963,Recipe_B,ca4e2b3e-360b-4bf9-859c-5118db1a7fff,20,3.0,,,,9.97,8.14,8.46,9.65,12.45,9.53
2025-12-17T03:11:03.801963,Recipe_B,ca4e2b3e-360b-4bf9-859c-5118db1a7fff,20,3.0,,,,10.18,11.38,10.11,12.83,11.88,8.35
2025-12-17T03:11:04.801963,Recipe_B,ca4e2b3e-360b-4bf9-859c-5118db1a7fff,20,3.0,,,,13.35,10.37,10.16,8.06,7.64,9.23
2025-12-17T03:11:05.801963,Recipe_B,ca4e2b3e-360b-4bf9-859c-5118db1a7fff,20,3.0,,,,11.5,7.14,11.2,12.13,7.72,10.43
2025-12-17T03:11:06.801963,Recipe_B,ca4e2b3e-360b-4bf9-859c-5118db1a7fff,20,3.0,,,,12.38,10.8,5.82,7.88,10.24,9.3
2025-12-17T03:11:07.801963,Recipe_B,ca4e2b3e-360b-4bf9-859c-5118db1a7fff,20,3.0,,,,12.73,7.3,9.93,2.94,11.09,11.35
2025-12-17T03:11:08.801963,Recipe_B,ca4e2b3e-360b-4bf9-859c-5118db1a7fff,20,3.0,,,,10.85,9.93,11.71,10.75,10.74,8.31
2025-12-17T03:11:09.801963,Recipe_B,ca4e2b3e-360b-4bf9-859c-5118db1a7fff,20,3.0,,,,10.6,7.72,13.62,13.31,9.02,12.49
2025-12-17T03:11:10.801963,Recipe_B,ca4e2b3e-360b-4bf9-859c-5118db1a7fff,20,3.0,,,,11.63,9.64,13.22,14.04,11.58,8.76
2025-12-17T03:11:11.801963,Recipe_B,ca4e2b3e-360b-4bf9-859c-5118db1a7fff,20,3.0,,,,11.45,13.75,6.2,11.82,12.37,13.4
2025-12-17T03:11:12.801963,Recipe_B,ca4e2b3e-360b-4bf9-859c-5118db1a7fff,20,3.0,,,,13.02,6.49,8.17,11.33,7.51,9.79
2025-12-17T03:11:13.801963,Recipe_B,ca4e2b3e-360b-4bf9-859c-5118db1a7fff,20,3.0,,,,11.54,10.76,11.13,13.76,9.4,8.39
2025-12-17T03:11:14.801963,Recipe_B,ca4e2b3e-360b-4bf9-859c-5118db1a7fff,20,3.0,,,,8.31,5.83,9.16,7.84,11.1,6.61
2025-12-17T03:11:15.801963,Recipe_B,ca4e2b3e-360b-4bf9-859c-5118db1a7fff,20,3.0,,,,7.53,10.5,9.64,11.21,9.73,8.56
2025-12-17T03:11:16.801963,Recipe_B,ca4e2b3e-360b-4bf9-859c-5118db1a7fff,20,3.0,,,,8.43,6.71,4.95,12.77,12.71,12.96
2025-12-17T03:11:17.801963,Recipe_B,ca4e2b3e-360b-4bf9-859c-5118db1a7fff,20,3.0,,,,7.64,9.58,7.65,12.03,14.46,8.09
2025-12-17T03:11:18.801963,Recipe_B,ca4e2b3e-360b-4bf9-859c-5118db1a7fff,20,3.0,,,,7.96,11.57,8.83,9.64,7.21,10.43
2025-12-17T03:11:19.801963,Recipe_B,ca4e2b3e-360b-4bf9-859c-5118db1a7fff,20,3.0,,,,14.5,9.98,9.3,9.91,10.85,11.22
2025-12-17T03:11:20.801963,Recipe_B,ca4e2b3e-360b-4bf9-859c-5118db1a7fff,20,3.0,,,,7.63,9.41,11.55,7.35,10.52,14.06
2025-12-17T03:11:21.801963,Recipe_B,ca4e2b3e-360b-4bf9-859c-5118db1a7fff,20,3.0,,,,8.79,6.58,7.63,10.83,13.48,9.66
2025-12-17T03:11:22.801963,Recipe_B,ca4e2b3e-360b-4bf9-859c-5118db1a7fff,20,3.0,,,,10.21,10.87,9.01,9.44,13.49,12.61
2025-12-17T03:11:23.801963,Recipe_B,ca4e2b3e-360b-4bf9-859c-5118db1a7fff,20,3.0,,,,9.79,8.38,8.36,9.91,12.76,8.6
2025-12-17T03:11:24.801963,Recipe_B,ca4e2b3e-360b-4bf9-859c-5118db1a7fff,20,3.0,,,,10.08,16.04,8.0,9.95,10.39,8.9
2025-12-17T03:11:25.801963,Recipe_B,ca4e2b3e-360b-4bf9-859c-5118db1a7fff,20,3.0,,,,8.25,6.57,6.74,7.86,6.2,7.65
2025-12-17T03:11:26.801963,Recipe_B,ca4e2b3e-360b-4bf9-859c-5118db1a7fff,20,3.0,,,,13.28,9.48,11.69,6.66,8.67,9.17
2025-12-17T03:11:27.801963,Recipe_B,ca4e2b3e-360b-4bf9-859c-5118db1a7fff,20,3.0,,,,11.0,9.17,12.58,9.53,11.21,10.15
2025-12-17T03:11:28.801963,Recipe_B,ca4e2b3e-360b-4bf9-859c-5118db1a7fff,20,3.0,,,,9.4,11.0,11.63,10.85,15.77,9.4
2025-12-17T03:11:29.801963,Recipe_B,ca4e2b3e-360b-4bf9-859c-5118db1a7fff,20,3.0,,,,8.65,8.4,10.39,9.67,10.05,10.04
2025-12-17T03:11:30.801963,Recipe_B,ca4e2b3e-360b-4bf9-859c-5118db1a7fff,20,3.0,,,,12.53,15.57,8.51,8.76,9.43,10.8
2025-12-17T03:11:31.801963,Recipe_B,ca4e2b3e-360b-4bf9-859c-5118db1a7fff,20,3.0,,,,8.77,7.31,11.79,12.58,10.88,8.68
2025-12-17T03:11:32.801963,Recipe_B,ca4e2b3e-360b-4bf9-859c-5118db1a7fff,20,3.0,,,,10.75,4.24,9.12,7.44,7.4,8.94
2025-12-17T03:11:33.801963,Recipe_B,ca4e2b3e-360b-4bf9-859c-5118db1a7fff,20,3.0,,,,13.72,10.76,10.99,12.23,11.66,8.29
2025-12-17T03:11:34.801963,Recipe_B,ca4e2b3e-360b-4bf9-859c-5118db1a7fff,20,3.0,,,,6.66,10.78,9.5,8.8,11.85,10.96
2025-12-17T03:11:35.801963,Recipe_B,ca4e2b3e-360b-4bf9-859c-5118db1a7fff,20,3.0,,,,12.83,8.07,9.51,12.37,9.49,9.62
2025-12-17T03:11:36.801963,Recipe_B,ca4e2b3e-360b-4bf9-859c-5118db1a7fff,20,3.0,,,,11.02,8.75,8.4,6.26,7.96,11.87
2025-12-17T03:11:37.801963,Recipe_B,ca4e2b3e-360b-4bf9-859c-5118db1a7fff,20,3.0,,,,9.7,11.14,10.43,7.66,10.43,9.87
2025-12-17T03:11:38.801963,Recipe_B,ca4e2b3e-360b-4bf9-859c-5118db1a7fff,20,3.0,,,,9.24,9.41,10.39,11.15,8.09,10.7
2025-12-17T03:11:39.801963,Recipe_B,ca4e2b3e-360b-4bf9-859c-5118db1a7fff,20,3.0,,,,8.71,8.94,13.53,12.27,12.38,13.82
2025-12-17T03:11:40.801963,Recipe_B,ca4e2b3e-360b-4bf9-859c-5118db1a7fff,20,3.0,,,,8.92,6.28,11.78,10.86,7.64,9.68
2025-12-17T03:11:41.801963,Recipe_B,ca4e2b3e-360b-4bf9-859c-5118db1a7fff,20,3.0,,,,10.32,9.99,8.49,5.67,10.24,8.58
2025-12-17T03:11:42.801963,Recipe_B,ca4e2b3e-360b-4bf9-859c-5118db1a7fff,20,3.0,,,,11.19,10.22,12.52,10.54,13.98,12.99
2025-12-17T03:11:43.801963,Recipe_B,ca4e2b3e-360b-4bf9-859c-5118db1a7fff,20,3.0,,,,8.4,9.06,15.0,9.59,9.1,11.39
2025-12-17T03:11:44.801963,Recipe_B,ca4e2b3e-360b-4bf9-859c-5118db1a7fff,20,3.0,,,,11.41,12.55,10.14,10.5,11.43,9.6
2025-12-17T03:11:45.801963,Recipe_B,ca4e2b3e-360b-4bf9-859c-5118db1a7fff,20,3.0,,,,14.19,9.14,8.73,6.86,10.66,8.67
2025-12-17T03:11:46.801963,Recipe_B,ca4e2b3e-360b-4bf9-859c-5118db1a7fff,20,3.0,,,,7.96,8.57,13.67,10.39,7.8,12.1
2025-12-17T03:11:47.801963,Recipe_B,ca4e2b3e-360b-4bf9-859c-5118db1a7fff,20,3.0,,,,10.77,10.54,7.56,8.0,12.73,11.25
2025-12-17T03:11:48.801963,Recipe_B,ca4e2b3e-360b-4bf9-859c-5118db1a7fff,20,3.0,,,,14.02,11.9,9.5,10.56,14.21,8.64
2025-12-17T03:11:49.801963,Recipe_B,ca4e2b3e-360b-4bf9-859c-5118db1a7fff,20,3.0,,,,10.99,8.73,7.61,9.15,7.23,11.92
2025-12-17T03:11:50.801963,Recipe_B,ca4e2b3e-360b-4bf9-859c-5118db1a7fff,20,3.0,,,,11.55,10.04,9.24,10.23,10.86,7.92
2025-12-17T03:11:51.801963,Recipe_B,ca4e2b3e-360b-4bf9-859c-5118db1a7fff,20,3.0,,,,13.79,12.3,9.25,9.5,8.89,8.49
2025-12-17T03:11:52.801963,Recipe_B,ca4e2b3e-360b-4bf9-859c-5118db1a7fff,20,3.0,,,,8.39,9.82,10.56,9.81,8.93,9.48
2025-12-17T03:11:53.801963,Recipe_B,ca4e2b3e-360b-4bf9-859c-5118db1a7fff,20,3.0,,,,8.31,11.4,10.39,9.38,12.68,10.82
2025-12-17T03:11:54.801963,Recipe_B,ca4e2b3e-360b-4bf9-859c-5118db1a7fff,20,3.0,,,,9.28,9.66,8.9,9.95,10.56,11.24
2025-12-17T03:11:55.801963,Recipe_B,ca4e2b3e-360b-4bf9-859c-5118db1a7fff,20,3.0,,,,7.27,13.15,12.16,10.39,8.69,8.19
2025-12-17T03:11:56.801963,Recipe_B,ca4e2b3e-360b-4bf9-859c-5118db1a7fff,20,3.0,,,,8.29,11.3,11.27,9.22,6.6,11.24
2025-12-17T03:11:57.801963,Recipe_B,ca4e2b3e-360b-4bf9-859c-5118db1a7fff,20,3.0,,,,10.64,4.94,9.27,4.62,8.03,7.71
2025-12-17T03:11:58.801963,Recipe_B,ca4e2b3e-360b-4bf9-859c-5118db1a7fff,20,3.0,,,,6.62,7.9,12.79,9.71,8.95,9.97
2025-12-17T03:11:59.801963,Recipe_B,ca4e2b3e-360b-4bf9-859c-5118db1a7fff,20,3.0,,,,11.46,10.33,12.92,11.32,12.16,10.36
2025-12-17T03:12:00.801963,Recipe_B,ca4e2b3e-360b-4bf9-859c-5118db1a7fff,20,3.0,,,,8.74,9.8,8.84,12.84,9.51,8.76
2025-12-17T03:12:01.801963,Recipe_B,ca4e2b3e-360b-4bf9-859c-5118db1a7fff,20,3.0,,,,10.35,13.85,9.86,7.67,10.06,11.18
2025-12-17T03:12:02.801963,Recipe_B,ca4e2b3e-360b-4bf9-859c-5118db1a7fff,20,3.0,,,,5.93,8.27,12.05,10.63,12.46,9.33
2025-12-17T03:12:03.801963,Recipe_B,ca4e2b3e-360b-4bf9-859c-5118db1a7fff,20,3.0,,,,11.57,10.76,9.99,11.88,7.64,8.76
2025-12-17T03:12:04.801963,Recipe_B,ca4e2b3e-360b-4bf9-859c-5118db1a7fff,20,3.0,,,,9.03,13.28,10.35,10.97,10.87,9.01
2025-12-17T03:12:05.801963,Recipe_B,ca4e2b3e-360b-4bf9-859c-5118db1a7fff,20,3.0,,,,12.49,8.97,12.85,9.45,11.61,11.36
2025-12-17T03:12:06.801963,Recipe_B,ca4e2b3e-360b-4bf9-859c-5118db1a7fff,20,3.0,,,,11.52,8.55,11.92,12.29,9.43,8.91
2025-12-17T03:12:07.801963,Recipe_B,ca4e2b3e-360b-4bf9-859c-5118db1a7fff,20,3.0,,,,9.94,11.09,11.51,7.07,12.47,9.27
2025-12-17T03:12:08.801963,Recipe_B,ca4e2b3e-360b-4bf9-859c-5118db1a7fff,20,3.0,,,,9.83,8.1,5.71,8.27,7.22,10.46
2025-12-17T03:12:09.801963,Recipe_B,ca4e2b3e-360b-4bf9-859c-5118db1a7fff,20,3.0,,,,8.99,13.01,9.86,8.24,12.63,12.3
2025-12-17T03:12:10.801963,Recipe_B,ca4e2b3e-360b-4bf9-859c-5118db1a7fff,20,3.0,,,,9.56,10.11,8.9,10.93,10.77,9.12
2025-12-17T03:12:11.801963,Recipe_B,ca4e2b3e-360b-4bf9-859c-5118db1a7fff,20,3.0,,,,9.47,9.56,10.14,7.75,9.69,8.86
2025-12-17T03:12:12.801963,Recipe_B,ca4e2b3e-360b-4bf9-859c-5118db1a7fff,20,3.0,,,,7.93,10.01,9.73,7.36,11.2,8.28
2025-12-17T03:12:13.801963,Recipe_B,ca4e2b3e-360b-4bf9-859c-5118db1a7fff,20,3.0,,,,7.0,11.24,7.64,7.86,11.26,9.91
2025-12-17T03:12:14.801963,Recipe_B,ca4e2b3e-360b-4bf9-859c-5118db1a7fff,20,3.0,,,,11.23,11.25,6.71,10.13,9.54,8.01
2025-12-17T03:12:15.801963,Recipe_B,ca4e2b3e-360b-4bf9-859c-5118db1a7fff,20,3.0,,,,12.1,7.53,8.15,9.1,7.25,11.52
2025-12-17T03:12:16.801963,Recipe_B,ca4e2b3e-360b-4bf9-859c-5118db1a7fff,20,3.0,,,,11.94,12.28,11.1,14.76,8.0,10.74
2025-12-17T03:12:17.801963,Recipe_B,ca4e2b3e-360b-4bf9-859c-5118db1a7fff,20,3.0,,,,10.69,11.3,9.89,12.36,11.58,9.27
2025-12-17T03:12:18.801963,Recipe_B,ca4e2b3e-360b-4bf9-859c-5118db1a7fff,20,3.0,,,,8.85,11.8,9.66,11.41,9.55,6.4
2025-12-17T03:12:19.801963,Recipe_B,ca4e2b3e-360b-4bf9-859c-5118db1a7fff,20,3.0,,,,9.48,12.51,8.0,10.65,9.92,10.37
2025-12-17T03:12:20.801963,Recipe_B,ca4e2b3e-360b-4bf9-859c-5118db1a7fff,20,3.0,,,,11.45,12.67,8.55,11.35,11.02,7.96
2025-12-17T03:12:20.801963,Recipe_B,ca4e2b3e-360b-4bf9-859c-5118db1a7fff,20,3.0,Error_8,Simulated Error occurred,Error,,,,,,
2025-12-17T03:12:21.801963,Recipe_B,ca4e2b3e-360b-4bf9-859c-5118db1a7fff,20,3.0,,,,10.71,6.92,8.93,10.87,9.78,10.02
2025-12-17T03:12:22.801963,Recipe_B,ca4e2b3e-360b-4bf9-859c-5118db1a7fff,20,3.0,,,,7.5,10.52,10.59,5.89,9.82,13.67
2025-12-17T03:12:23.801963,Recipe_B,ca4e2b3e-360b-4bf9-859c-5118db1a7fff,20,3.0,,,,8.26,11.17,6.83,10.7,10.98,14.61
2025-12-17T03:12:24.801963,Recipe_B,ca4e2b3e-360b-4bf9-859c-5118db1a7fff,20,3.0,,,,12.62,10.05,10.23,11.12,8.8,11.42
2025-12-17T03:12:25.801963,Recipe_B,ca4e2b3e-360b-4bf9-859c-5118db1a7fff,20,3.0,,,,8.59,9.72,11.44,7.73,10.19,11.07
2025-12-17T03:12:26.801963,Recipe_B,ca4e2b3e-360b-4bf9-859c-5118db1a7fff,20,3.0,,,,10.56,11.69,7.37,10.79,11.37,9.44
2025-12-17T03:12:27.801963,Recipe_B,ca4e2b3e-360b-4bf9-859c-5118db1a7fff,20,3.0,,,,12.6,7.29,11.88,11.51,10.67,10.22
2025-12-17T03:12:28.801963,Recipe_B,ca4e2b3e-360b-4bf9-859c-5118db1a7fff,20,3.0,,,,10.0,13.45,11.63,9.3,12.87,7.68
2025-12-17T03:12:29.801963,Recipe_B,ca4e2b3e-360b-4bf9-859c-5118db1a7fff,20,5.0,,,,8.99,9.37,13.23,7.87,9.71,8.99
2025-12-17T03:12:30.801963,Recipe_B,ca4e2b3e-360b-4bf9-859c-5118db1a7fff,20,5.0,,,,9.53,5.68,13.41,11.59,7.04,13.25
2025-12-17T03:12:31.801963,Recipe_B,ca4e2b3e-360b-4bf9-859c-5118db1a7fff,20,5.0,,,,10.89,11.43,7.08,11.05,7.74,10.06
2025-12-17T03:12:32.801963,Recipe_B,ca4e2b3e-360b-4bf9-859c-5118db1a7fff,20,5.0,,,,9.09,9.74,11.92,11.75,12.11,8.12
2025-12-17T03:12:33.801963,Recipe_B,ca4e2b3e-360b-4bf9-859c-5118db1a7fff,20,5.0,,,,10.02,10.77,9.45,11.41,12.3,8.53
2025-12-17T03:12:34.801963,Recipe_B,ca4e2b3e-360b-4bf9-859c-5118db1a7fff,20,5.0,,,,7.77,10.71,9.13,6.56,10.11,8.15
2025-12-17T03:12:35.801963,Recipe_B,ca4e2b3e-360b-4bf9-859c-5118db1a7fff,20,5.0,,,,5.71,10.12,13.12,8.98,8.56,11.6
2025-12-17T03:12:36.801963,Recipe_B,ca4e2b3e-360b-4bf9-859c-5118db1a7fff,20,5.0,,,,8.71,12.83,8.2,11.22,11.06,4.58
2025-12-17T03:12:37.801963,Recipe_B,ca4e2b3e-360b-4bf9-859c-5118db1a7fff,20,5.0,,,,11.51,10.33,11.38,11.46,9.03,11.27
2025-12-17T03:12:38.801963,Recipe_B,ca4e2b3e-360b-4bf9-859c-5118db1a7fff,20,5.0,,,,10.2,11.67,9.78,9.91,10.52,9.61
2025-12-17T03:12:39.801963,Recipe_B,ca4e2b3e-360b-4bf9-859c-5118db1a7fff,20,5.0,,,,15.36,11.19,13.72,8.6,8.11,12.5
2025-12-17T03:12:40.801963,Recipe_B,ca4e2b3e-360b-4bf9-859c-5118db1a7fff,20,5.0,,,,9.01,10.11,8.12,8.96,9.88,9.32
2025-12-17T03:12:41.801963,Recipe_B,ca4e2b3e-360b-4bf9-859c-5118db1a7fff,20,5.0,,,,8.69,11.9,9.7,11.09,8.71,9.71
2025-12-17T03:12:42.801963,Recipe_B,ca4e2b3e-360b-4bf9-859c-5118db1a7fff,20,4.0,,,,99.58,54.47,39.04,54.33,53.03,57.22
2025-12-17T03:12:43.801963,Recipe_B,ca4e2b3e-360b-4bf9-859c-5118db1a7fff,20,4.0,,,,102.58,48.64,48.48,44.93,53.34,44.68
2025-12-17T03:12:44.801963,Recipe_B,ca4e2b3e-360b-4bf9-859c-5118db1a7fff,20,4.0,,,,92.96,42.33,56.2,47.93,53.34,45.9
2025-12-17T03:12:45.801963,Recipe_B,ca4e2b3e-360b-4bf9-859c-5118db1a7fff,20,4.0,,,,109.56,57.55,49.6,48.28,51.27,49.69
2025-12-17T03:12:46.801963,Recipe_B,ca4e2b3e-360b-4bf9-859c-5118db1a7fff,20,4.0,,,,96.64,38.0,47.03,47.17,50.2,49.37
2025-12-17T03:12:47.801963,Recipe_B,ca4e2b3e-360b-4bf9-859c-5118db1a7fff,20,4.0,,,,98.85,53.6,47.13,50.82,50.79,51.55
2025-12-17T03:12:48.801963,Recipe_B,ca4e2b3e-360b-4bf9-859c-5118db1a7fff,20,4.0,,,,98.41,47.11,44.07,50.22,52.15,53.4
2025-12-17T03:12:49.801963,Recipe_B,ca4e2b3e-360b-4bf9-859c-5118db1a7fff,20,4.0,,,,109.5,46.88,51.99,49.15,52.79,42.58
2025-12-17T03:12:50.801963,Recipe_B,ca4e2b3e-360b-4bf9-859c-5118db1a7fff,20,4.0,,,,109.22,48.09,47.56,56.89,52.3,39.71
2025-12-17T03:12:51.801963,Recipe_B,ca4e2b3e-360b-4bf9-859c-5118db1a7fff,20,4.0,,,,101.84,48.11,49.93,43.38,48.79,48.72
2025-12-17T03:12:52.801963,Recipe_B,ca4e2b3e-360b-4bf9-859c-5118db1a7fff,20,4.0,,,,93.64,51.24,57.11,61.51,46.57,45.09
2025-12-17T03:12:53.801963,Recipe_B,ca4e2b3e-360b-4bf9-859c-5118db1a7fff,20,4.0,,,,103.38,42.29,42.56,57.12,52.6,51.87
2025-12-17T03:12:54.801963,Recipe_B,ca4e2b3e-360b-4bf9-859c-5118db1a7fff,20,4.0,,,,95.74,46.86,50.68,46.92,48.19,53.31
2025-12-17T03:12:55.801963,Recipe_B,ca4e2b3e-360b-4bf9-859c-5118db1a7fff,20,4.0,,,,109.61,48.07,51.55,54.34,45.79,44.11
2025-12-17T03:12:56.801963,Recipe_B,ca4e2b3e-360b-4bf9-859c-5118db1a7fff,20,4.0,,,,99.86,42.99,47.89,48.1,45.71,59.35
2025-12-17T03:12:57.801963,Recipe_B,ca4e2b3e-360b-4bf9-859c-5118db1a7fff,20,4.0,,,,99.45,60.35,52.83,54.16,49.88,48.95
2025-12-17T03:12:58.801963,Recipe_B,ca4e2b3e-360b-4bf9-859c-5118db1a7fff,20,4.0,,,,104.0,45.34,54.51,51.77,48.09,47.25
2025-12-17T03:12:59.801963,Recipe_B,ca4e2b3e-360b-4bf9-859c-5118db1a7fff,20,4.0,,,,101.88,50.26,51.45,53.36,54.7,60.8
2025-12-17T03:13:00.801963,Recipe_B,ca4e2b3e-360b-4bf9-859c-5118db1a7fff,20,4.0,,,,111.47,49.33,52.17,46.32,54.3,47.7
2025-12-17T03:13:01.801963,Recipe_B,ca4e2b3e-360b-4bf9-859c-5118db1a7fff,20,4.0,,,,94.97,39.34,44.46,40.74,62.23,43.3
2025-12-17T03:13:02.801963,Recipe_B,ca4e2b3e-360b-4bf9-859c-5118db1a7fff,20,4.0,,,,103.42,53.94,55.24,52.08,59.43,46.75
2025-12-17T03:13:03.801963,Recipe_B,ca4e2b3e-360b-4bf9-859c-5118db1a7fff,20,4.0,,,,99.41,51.07,56.08,45.27,47.92,49.27
2025-12-17T03:13:04.801963,Recipe_B,ca4e2b3e-360b-4bf9-859c-5118db1a7fff,20,4.0,,,,96.91,54.71,57.19,50.43,48.6,43.73
2025-12-17T03:13:05.801963,Recipe_B,ca4e2b3e-360b-4bf9-859c-5118db1a7fff,20,4.0,,,,107.38,49.64,55.09,53.66,52.24,54.14
2025-12-17T03:13:06.801963,Recipe_B,ca4e2b3e-360b-4bf9-859c-5118db1a7fff,20,4.0,,,,98.49,58.64,48.85,45.09,51.03,50.49
2025-12-17T03:13:07.801963,Recipe_B,ca4e2b3e-360b-4bf9-859c-5118db1a7fff,20,4.0,,,,102.65,52.21,55.88,57.53,51.17,49.17
2025-12-17T03:13:08.801963,Recipe_B,ca4e2b3e-360b-4bf9-859c-5118db1a7fff,20,4.0,,,,102.46,55.44,47.23,51.97,54.81,46.32
2025-12-17T03:13:09.801963,Recipe_B,ca4e2b3e-360b-4bf9-859c-5118db1a7fff,20,4.0,,,,103.78,49.66,51.34,49.23,51.61,53.5
2025-12-17T03:13:10.801963,Recipe_B,ca4e2b3e-360b-4bf9-859c-5118db1a7fff,20,4.0,,,,100.06,55.5,42.37,40.61,47.27,42.59
2025-12-17T03:13:11.801963,Recipe_B,ca4e2b3e-360b-4bf9-859c-5118db1a7fff,20,4.0,,,,106.87,46.25,47.34,43.52,42.38,55.3
2025-12-17T03:13:12.801963,Recipe_B,ca4e2b3e-360b-4bf9-859c-5118db1a7fff,20,4.0,,,,95.81,48.78,42.48,47.59,58.2,42.92
2025-12-17T03:13:13.801963,Recipe_B,ca4e2b3e-360b-4bf9-859c-5118db1a7fff,20,4.0,,,,91.27,51.94,39.98,53.32,50.07,56.3
2025-12-17T03:13:14.801963,Recipe_B,ca4e2b3e-360b-4bf9-859c-5118db1a7fff,20,4.0,,,,103.82,57.94,51.66,50.29,49.33,50.53
2025-12-17T03:13:15.801963,Recipe_B,ca4e2b3e-360b-4bf9-859c-5118db1a7fff,20,4.0,,,,94.52,54.5,46.17,54.78,56.14,54.6
2025-12-17T03:13:16.801963,Recipe_B,ca4e2b3e-360b-4bf9-859c-5118db1a7fff,20,4.0,,,,96.61,53.23,58.38,47.44,50.16,48.11
2025-12-17T03:13:17.801963,Recipe_B,ca4e2b3e-360b-4bf9-859c-5118db1a7fff,20,4.0,,,,111.36,45.55,48.32,56.77,49.03,53.11
2025-12-17T03:13:18.801963,Recipe_B,ca4e2b3e-360b-4bf9-859c-5118db1a7fff,20,4.0,,,,100.36,50.63,43.77,46.97,48.42,49.47
2025-12-17T03:13:19.801963,Recipe_B,ca4e2b3e-360b-4bf9-859c-5118db1a7fff,20,4.0,,,,100.44,45.75,38.56,56.78,42.49,52.2
2025-12-17T03:13:20.801963,Recipe_B,ca4e2b3e-360b-4bf9-859c-5118db1a7fff,20,4.0,,,,98.59,51.26,51.14,59.29,52.93,49.3
2025-12-17T03:13:21.801963,Recipe_B,ca4e2b3e-360b-4bf9-859c-5118db1a7fff,20,4.0,,,,99.59,50.6,58.14,53.84,54.6,47.91
2025-12-17T03:13:22.801963,Recipe_B,ca4e2b3e-360b-4bf9-859c-5118db1a7fff,20,4.0,,,,109.32,48.47,54.84,44.55,49.01,50.88
2025-12-17T03:13:23.801963,Recipe_B,ca4e2b3e-360b-4bf9-859c-5118db1a7fff,20,4.0,,,,111.86,57.71,51.26,54.17,56.7,53.25
2025-12-17T03:13:24.801963,Recipe_B,ca4e2b3e-360b-4bf9-859c-5118db1a7fff,20,4.0,,,,100.05,58.74,50.96,57.81,48.46,43.4
2025-12-17T03:13:25.801963,Recipe_B,ca4e2b3e-360b-4bf9-859c-5118db1a7fff,20,4.0,,,,93.78,45.64,52.79,46.34,50.68,54.95
2025-12-17T03:13:26.801963,Recipe_B,ca4e2b3e-360b-4bf9-859c-5118db1a7fff,20,4.0,,,,106.43,49.8,45.29,45.8,59.44,52.57
2025-12-17T03:13:27.801963,Recipe_B,ca4e2b3e-360b-4bf9-859c-5118db1a7fff,20,4.0,,,,109.85,49.33,47.57,55.92,52.78,45.66
2025-12-17T03:13:28.801963,Recipe_B,ca4e2b3e-360b-4bf9-859c-5118db1a7fff,20,4.0,,,,94.19,52.77,51.33,54.94,43.8,45.6
2025-12-17T03:13:29.801963,Recipe_B,ca4e2b3e-360b-4bf9-859c-5118db1a7fff,20,4.0,,,,99.36,44.97,40.44,44.62,47.56,51.29
2025-12-17T03:13:30.801963,Recipe_B,ca4e2b3e-360b-4bf9-859c-5118db1a7fff,20,4.0,,,,96.82,45.94,52.65,48.55,44.87,48.75
2025-12-17T03:13:31.801963,Recipe_B,ca4e2b3e-360b-4bf9-859c-5118db1a7fff,20,4.0,,,,102.82,52.8,40.4,50.07,52.99,49.21
2025-12-17T03:13:32.801963,Recipe_B,ca4e2b3e-360b-4bf9-859c-5118db1a7fff,20,4.0,,,,101.3,53.3,44.71,48.6,51.64,54.76
2025-12-17T03:13:33.801963,Recipe_B,ca4e2b3e-360b-4bf9-859c-5118db1a7fff,20,4.0,,,,96.7,45.48,42.34,52.06,46.54,44.89
2025-12-17T03:13:34.801963,Recipe_B,ca4e2b3e-360b-4bf9-859c-5118db1a7fff,20,4.0,,,,96.91,45.0,53.2,63.68,54.64,41.1
2025-12-17T03:13:35.801963,Recipe_B,ca4e2b3e-360b-4bf9-859c-5118db1a7fff,20,4.0,,,,95.98,63.45,47.76,36.87,52.11,44.86
2025-12-17T03:13:36.801963,Recipe_B,ca4e2b3e-360b-4bf9-859c-5118db1a7fff,20,4.0,,,,94.62,53.54,49.64,47.15,50.89,43.1
2025-12-17T03:13:37.801963,Recipe_B,ca4e2b3e-360b-4bf9-859c-5118db1a7fff,20,4.0,,,,107.76,51.29,47.93,52.31,49.72,47.32
2025-12-17T03:13:38.801963,Recipe_B,ca4e2b3e-360b-4bf9-859c-5118db1a7fff,20,0.0,,,,0.0,0.0,0.0,0.0,0.0,0.0
2025-12-17T03:13:39.801963,Recipe_B,ca4e2b3e-360b-4bf9-859c-5118db1a7fff,20,0.0,,,,0.0,0.0,0.0,0.0,0.0,0.0
2025-12-17T03:13:40.801963,Recipe_B,ca4e2b3e-360b-4bf9-859c-5118db1a7fff,20,0.0,,,,0.0,0.0,0.0,0.0,0.0,0.0
2025-12-17T03:13:41.801963,Recipe_B,ca4e2b3e-360b-4bf9-859c-5118db1a7fff,20,0.0,,,,0.0,0.0,0.0,0.0,0.0,0.0
2025-12-17T03:13:42.801963,Recipe_B,ca4e2b3e-360b-4bf9-859c-5118db1a7fff,20,0.0,,,,0.0,0.0,0.0,0.0,0.0,0.0
2025-12-17T03:13:43.801963,Recipe_B,ca4e2b3e-360b-4bf9-859c-5118db1a7fff,20,0.0,,,,0.0,0.0,0.0,0.0,0.0,0.0
2025-12-17T03:13:44.801963,Recipe_B,ca4e2b3e-360b-4bf9-859c-5118db1a7fff,20,0.0,,,,0.0,0.0,0.0,0.0,0.0,0.0
2025-12-17T03:13:45.801963,Recipe_B,ca4e2b3e-360b-4bf9-859c-5118db1a7fff,20,0.0,,,,0.0,0.0,0.0,0.0,0.0,0.0
2025-12-17T03:13:46.801963,Recipe_B,ca4e2b3e-360b-4bf9-859c-5118db1a7fff,20,0.0,,,,0.0,0.0,0.0,0.0,0.0,0.0
2025-12-17T03:13:47.801963,Recipe_B,ca4e2b3e-360b-4bf9-859c-5118db1a7fff,20,0.0,,,,0.0,0.0,0.0,0.0,0.0,0.0
2025-12-17T03:13:48.801963,Recipe_B,ca4e2b3e-360b-4bf9-859c-5118db1a7fff,20,0.0,,,,0.0,0.0,0.0,0.0,0.0,0.0
2025-12-17T03:13:49.801963,Recipe_B,ca4e2b3e-360b-4bf9-859c-5118db1a7fff,20,0.0,,,,0.0,0.0,0.0,0.0,0.0,0.0
2025-12-17T03:13:50.801963,Recipe_B,ca4e2b3e-360b-4bf9-859c-5118db1a7fff,20,0.0,,,,0.0,0.0,0.0,0.0,0.0,0.0
2025-12-17T03:13:51.801963,Recipe_B,ca4e2b3e-360b-4bf9-859c-5118db1a7fff,20,0.0,,,,0.0,0.0,0.0,0.0,0.0,0.0
2025-12-17T03:13:52.801963,Recipe_B,ca4e2b3e-360b-4bf9-859c-5118db1a7fff,20,0.0,,,,0.0,0.0,0.0,0.0,0.0,0.0
2025-12-17T03:13:53.801963,Recipe_B,ca4e2b3e-360b-4bf9-859c-5118db1a7fff,20,0.0,,,,0.0,0.0,0.0,0.0,0.0,0.0
2025-12-17T03:13:54.801963,Recipe_B,ca4e2b3e-360b-4bf9-859c-5118db1a7fff,20,0.0,,,,0.0,0.0,0.0,0.0,0.0,0.0
2025-12-17T03:13:55.801963,Recipe_B,ca4e2b3e-360b-4bf9-859c-5118db1a7fff,20,0.0,,,,0.0,0.0,0.0,0.0,0.0,0.0
2025-12-17T03:13:56.801963,Recipe_B,ca4e2b3e-360b-4bf9-859c-5118db1a7fff,20,0.0,,,,0.0,0.0,0.0,0.0,0.0,0.0
2025-12-17T03:13:57.801963,Recipe_B,ca4e2b3e-360b-4bf9-859c-5118db1a7fff,20,0.0,,,,0.0,0.0,0.0,0.0,0.0,0.0
2025-12-17T03:13:58.801963,Recipe_B,ca4e2b3e-360b-4bf9-859c-5118db1a7fff,20,0.0,,,,0.0,0.0,0.0,0.0,0.0,0.0
2025-12-17T03:13:59.801963,Recipe_B,ca4e2b3e-360b-4bf9-859c-5118db1a7fff,20,0.0,,,,0.0,0.0,0.0,0.0,0.0,0.0
2025-12-17T03:14:00.801963,Recipe_B,ca4e2b3e-360b-4bf9-859c-5118db1a7fff,20,0.0,,,,0.0,0.0,0.0,0.0,0.0,0.0
2025-12-17T03:14:01.801963,Recipe_B,ca4e2b3e-360b-4bf9-859c-5118db1a7fff,20,0.0,,,,0.0,0.0,0.0,0.0,0.0,0.0
2025-12-17T03:14:02.801963,Recipe_B,ca4e2b3e-360b-4bf9-859c-5118db1a7fff,20,0.0,,,,0.0,0.0,0.0,0.0,0.0,0.0
2025-12-17T03:14:03.801963,Recipe_B,ca4e2b3e-360b-4bf9-859c-5118db1a7fff,20,0.0,,,,0.0,0.0,0.0,0.0,0.0,0.0
2025-12-17T03:14:04.801963,Recipe_B,ca4e2b3e-360b-4bf9-859c-5118db1a7fff,20,0.0,,,,0.0,0.0,0.0,0.0,0.0,0.0
2025-12-17T03:14:05.801963,Recipe_B,ca4e2b3e-360b-4bf9-859c-5118db1a7fff,20,0.0,,,,0.0,0.0,0.0,0.0,0.0,0.0
2025-12-17T03:14:06.801963,Recipe_B,ca4e2b3e-360b-4bf9-859c-5118db1a7fff,20,1.0,,,,11.19,11.4,9.54,8.36,8.81,11.79
2025-12-17T03:14:07.801963,Recipe_B,ca4e2b3e-360b-4bf9-859c-5118db1a7fff,20,1.0,,,,13.27,8.0,8.85,11.78,8.52,11.17
2025-12-17T03:14:08.801963,Recipe_B,ca4e2b3e-360b-4bf9-859c-5118db1a7fff,20,1.0,,,,9.49,12.14,11.01,13.1,11.36,5.66
2025-12-17T03:14:09.801963,Recipe_B,ca4e2b3e-360b-4bf9-859c-5118db1a7fff,20,1.0,,,,13.83,11.43,13.58,8.37,8.68,8.9
2025-12-17T03:14:10.801963,Recipe_B,ca4e2b3e-360b-4bf9-859c-5118db1a7fff,20,1.0,,,,6.87,9.28,7.79,10.23,14.52,4.85
2025-12-17T03:14:11.801963,Recipe_B,ca4e2b3e-360b-4bf9-859c-5118db1a7fff,20,1.0,,,,8.6,12.69,9.73,8.89,6.83,8.79
2025-12-17T03:14:12.801963,Recipe_B,ca4e2b3e-360b-4bf9-859c-5118db1a7fff,20,1.0,,,,12.07,10.56,11.37,7.6,8.12,11.77
2025-12-17T03:14:13.801963,Recipe_B,ca4e2b3e-360b-4bf9-859c-5118db1a7fff,20,1.0,,,,6.69,9.09,10.51,6.72,7.5,11.95
2025-12-17T03:14:14.801963,Recipe_B,ca4e2b3e-360b-4bf9-859c-5118db1a7fff,20,1.0,,,,10.7,8.66,10.34,13.6,9.48,13.63
2025-12-17T03:14:15.801963,Recipe_B,ca4e2b3e-360b-4bf9-859c-5118db1a7fff,20,1.0,,,,13.8,2.6,10.86,9.68,8.64,7.71
2025-12-17T03:14:16.801963,Recipe_B,ca4e2b3e-360b-4bf9-859c-5118db1a7fff,20,1.0,,,,11.54,9.74,12.2,12.27,10.16,11.67
2025-12-17T03:14:17.801963,Recipe_B,ca4e2b3e-360b-4bf9-859c-5118db1a7fff,20,1.0,,,,13.81,12.88,10.5,13.52,10.36,13.23
2025-12-17T03:14:18.801963,Recipe_B,ca4e2b3e-360b-4bf9-859c-5118db1a7fff,20,4.0,,,,101.15,46.9,42.85,44.51,57.82,50.16
2025-12-17T03:14:19.801963,Recipe_B,ca4e2b3e-360b-4bf9-859c-5118db1a7fff,20,4.0,,,,90.17,46.44,55.56,47.34,55.79,53.3
2025-12-17T03:14:20.801963,Recipe_B,ca4e2b3e-360b-4bf9-859c-5118db1a7fff,20,4.0,,,,101.48,44.14,53.11,47.05,50.26,51.72
2025-12-17T03:14:21.801963,Recipe_B,ca4e2b3e-360b-4bf9-859c-5118db1a7fff,20,4.0,,,,107.09,42.37,49.02,54.56,54.93,50.47
2025-12-17T03:14:22.801963,Recipe_B,ca4e2b3e-360b-4bf9-859c-5118db1a7fff,20,4.0,,,,101.37,44.57,43.56,50.88,54.84,48.65
2025-12-17T03:14:23.801963,Recipe_B,ca4e2b3e-360b-4bf9-859c-5118db1a7fff,20,4.0,,,,104.13,60.0,54.0,40.03,58.22,40.59
2025-12-17T03:14:24.801963,Recipe_B,ca4e2b3e-360b-4bf9-859c-5118db1a7fff,20,1.0,,,,9.05,11.17,11.59,4.89,17.36,10.29
2025-12-17T03:14:25.801963,Recipe_B,ca4e2b3e-360b-4bf9-859c-5118db1a7fff,20,1.0,,,,9.14,10.62,7.37,9.62,9.53,9.98
2025-12-17T03:14:26.801963,Recipe_B,ca4e2b3e-360b-4bf9-859c-5118db1a7fff,20,1.0,,,,13.65,11.76,9.98,8.77,6.82,8.46
2025-12-17T03:14:27.801963,Recipe_B,ca4e2b3e-360b-4bf9-859c-5118db1a7fff,20,1.0,,,,9.76,5.75,10.19,12.43,12.4,10.44
2025-12-17T03:14:28.801963,Recipe_B,ca4e2b3e-360b-4bf9-859c-5118db1a7fff,20,1.0,,,,4.62,6.28,9.64,9.33,9.39,11.72
2025-12-17T03:14:29.801963,Recipe_B,ca4e2b3e-360b-4bf9-859c-5118db1a7fff,20,1.0,,,,8.37,9.58,8.86,7.56,11.42,5.58
2025-12-17T03:14:30.801963,Recipe_B,ca4e2b3e-360b-4bf9-859c-5118db1a7fff,20,1.0,,,,11.62,10.79,8.5,6.79,9.3,9.13
2025-12-17T03:14:31.801963,Recipe_B,ca4e2b3e-360b-4bf9-859c-5118db1a7fff,20,1.0,,,,13.12,13.3,10.1,11.37,8.39,6.37
2025-12-17T03:14:32.801963,Recipe_B,ca4e2b3e-360b-4bf9-859c-5118db1a7fff,20,1.0,,,,7.58,10.8,10.74,9.68,8.87,9.4
2025-12-17T03:14:33.801963,Recipe_B,ca4e2b3e-360b-4bf9-859c-5118db1a7fff,20,1.0,,,,8.38,11.7,10.71,10.81,10.52,10.79
2025-12-17T03:14:34.801963,Recipe_B,ca4e2b3e-360b-4bf9-859c-5118db1a7fff,20,1.0,,,,10.26,11.57,8.32,12.21,6.72,9.94
2025-12-17T03:14:35.801963,Recipe_B,ca4e2b3e-360b-4bf9-859c-5118db1a7fff,20,1.0,,,,10.52,10.7,13.88,8.17,10.66,9.94
2025-12-17T03:14:36.801963,Recipe_B,ca4e2b3e-360b-4bf9-859c-5118db1a7fff,20,1.0,,,,10.48,5.38,13.8,11.56,8.77,9.28
2025-12-17T03:14:37.801963,Recipe_B,ca4e2b3e-360b-4bf9-859c-5118db1a7fff,20,1.0,,,,10.4,12.42,9.72,7.01,5.39,9.59
2025-12-17T03:14:38.801963,Recipe_B,ca4e2b3e-360b-4bf9-859c-5118db1a7fff,20,1.0,,,,16.5,6.2,9.29,8.38,12.25,6.55
2025-12-17T03:14:39.801963,Recipe_B,ca4e2b3e-360b-4bf9-859c-5118db1a7fff,20,1.0,,,,10.92,10.1,7.97,8.2,10.36,10.26
2025-12-17T03:14:40.801963,Recipe_B,ca4e2b3e-360b-4bf9-859c-5118db1a7fff,20,1.0,,,,8.06,5.61,11.06,8.28,6.41,8.23
2025-12-17T03:14:41.801963,Recipe_B,ca4e2b3e-360b-4bf9-859c-5118db1a7fff,20,1.0,,,,6.44,8.04,9.67,12.22,10.29,12.7
2025-12-17T03:14:42.801963,Recipe_B,ca4e2b3e-360b-4bf9-859c-5118db1a7fff,20,1.0,,,,9.48,13.17,6.36,8.81,12.08,10.15
2025-12-17T03:14:43.801963,Recipe_B,ca4e2b3e-360b-4bf9-859c-5118db1a7fff,20,1.0,,,,9.99,9.52,7.87,10.53,7.16,10.87
2025-12-17T03:14:44.801963,Recipe_B,ca4e2b3e-360b-4bf9-859c-5118db1a7fff,20,1.0,,,,10.23,10.39,14.59,9.49,6.04,11.16
2025-12-17T03:14:45.801963,Recipe_B,ca4e2b3e-360b-4bf9-859c-5118db1a7fff,20,1.0,,,,12.39,8.7,10.49,11.63,6.77,9.54
2025-12-17T03:14:46.801963,Recipe_B,ca4e2b3e-360b-4bf9-859c-5118db1a7fff,20,1.0,,,,7.72,8.46,12.06,13.21,7.0,9.26
2025-12-17T03:14:47.801963,Recipe_B,ca4e2b3e-360b-4bf9-859c-5118db1a7fff,20,1.0,,,,7.68,8.41,10.03,11.64,5.8,11.24
2025-12-17T03:14:48.801963,Recipe_B,ca4e2b3e-360b-4bf9-859c-5118db1a7fff,20,1.0,,,,9.75,9.67,9.14,9.13,10.19,9.54
2025-12-17T03:14:49.801963,Recipe_B,ca4e2b3e-360b-4bf9-859c-5118db1a7fff,20,1.0,,,,10.17,8.62,13.4,12.12,7.34,8.48
2025-12-17T03:14:50.801963,Recipe_B,ca4e2b3e-360b-4bf9-859c-5118db1a7fff,20,1.0,,,,9.19,8.0,8.52,8.74,8.42,7.67
2025-12-17T03:14:51.801963,Recipe_B,ca4e2b3e-360b-4bf9-859c-5118db1a7fff,20,1.0,,,,11.51,8.0,10.38,10.33,8.02,11.46
2025-12-17T03:14:52.801963,Recipe_B,ca4e2b3e-360b-4bf9-859c-5118db1a7fff,20,1.0,,,,10.01,9.12,10.54,9.95,12.74,7.82
2025-12-17T03:14:53.801963,Recipe_B,ca4e2b3e-360b-4bf9-859c-5118db1a7fff,20,1.0,,,,13.89,8.09,6.85,9.5,11.13,7.62
2025-12-17T03:14:54.801963,Recipe_B,ca4e2b3e-360b-4bf9-859c-5118db1a7fff,20,1.0,,,,10.91,9.11,8.92,10.41,11.06,10.98
2025-12-17T03:14:55.801963,Recipe_B,ca4e2b3e-360b-4bf9-859c-5118db1a7fff,20,1.0,,,,8.56,10.48,12.85,10.1,10.6,9.18
2025-12-17T03:14:56.801963,Recipe_B,ca4e2b3e-360b-4bf9-859c-5118db1a7fff,20,1.0,,,,11.51,8.94,11.81,9.2,10.12,9.91
2025-12-17T03:14:57.801963,Recipe_B,ca4e2b3e-360b-4bf9-859c-5118db1a7fff,20,1.0,,,,10.6,10.56,10.88,6.41,10.2,12.56
2025-12-17T03:14:58.801963,Recipe_B,ca4e2b3e-360b-4bf9-859c-5118db1a7fff,20,1.0,,,,6.53,8.18,10.69,8.27,12.38,11.3
2025-12-17T03:14:59.801963,Recipe_B,ca4e2b3e-360b-4bf9-859c-5118db1a7fff,20,1.0,,,,10.48,10.98,10.56,6.7,9.73,7.14
2025-12-17T03:15:00.801963,Recipe_B,ca4e2b3e-360b-4bf9-859c-5118db1a7fff,20,1.0,,,,6.42,12.76,8.6,7.82,9.37,9.12
2025-12-17T03:15:01.801963,Recipe_B,ca4e2b3e-360b-4bf9-859c-5118db1a7fff,20,1.0,,,,13.1,6.36,13.57,10.82,9.09,10.75
2025-12-17T03:15:02.801963,Recipe_B,ca4e2b3e-360b-4bf9-859c-5118db1a7fff,20,3.0,,,,8.61,10.74,8.75,8.66,11.08,11.4
2025-12-17T03:15:03.801963,Recipe_B,ca4e2b3e-360b-4bf9-859c-5118db1a7fff,20,3.0,,,,7.24,7.69,9.7,12.86,8.42,9.8
2025-12-17T03:15:04.801963,Recipe_B,ca4e2b3e-360b-4bf9-859c-5118db1a7fff,20,3.0,,,,12.3,12.79,8.67,10.82,13.37,10.82
2025-12-17T03:15:05.801963,Recipe_B,ca4e2b3e-360b-4bf9-859c-5118db1a7fff,20,3.0,,,,8.36,9.49,11.57,8.54,7.9,11.71
2025-12-17T03:15:06.801963,Recipe_B,ca4e2b3e-360b-4bf9-859c-5118db1a7fff,20,3.0,,,,9.52,8.79,9.84,8.89,9.03,8.43
2025-12-17T03:15:07.801963,Recipe_B,ca4e2b3e-360b-4bf9-859c-5118db1a7fff,20,3.0,,,,10.35,7.0,12.08,10.52,7.66,8.21
2025-12-17T03:15:08.801963,Recipe_B,ca4e2b3e-360b-4bf9-859c-5118db1a7fff,20,3.0,,,,10.23,10.31,9.05,10.37,13.54,7.99
2025-12-17T03:15:09.801963,Recipe_B,ca4e2b3e-360b-4bf9-859c-5118db1a7fff,20,3.0,,,,12.91,7.09,10.03,8.66,10.04,9.13
2025-12-17T03:15:10.801963,Recipe_B,ca4e2b3e-360b-4bf9-859c-5118db1a7fff,20,3.0,,,,9.75,9.86,9.03,11.47,9.25,14.67
2025-12-17T03:15:11.801963,Recipe_B,ca4e2b3e-360b-4bf9-859c-5118db1a7fff,20,3.0,,,,8.97,4.34,9.64,9.77,8.25,9.37
2025-12-17T03:15:12.801963,Recipe_B,ca4e2b3e-360b-4bf9-859c-5118db1a7fff,20,3.0,,,,10.99,10.63,9.39,8.08,11.52,9.51
2025-12-17T03:15:13.801963,Recipe_B,ca4e2b3e-360b-4bf9-859c-5118db1a7fff,20,3.0,,,,9.57,13.2,12.25,10.33,10.43,10.03
2025-12-17T03:15:14.801963,Recipe_B,ca4e2b3e-360b-4bf9-859c-5118db1a7fff,20,3.0,,,,10.71,10.96,8.79,9.0,8.79,12.85
2025-12-17T03:15:15.801963,Recipe_B,ca4e2b3e-360b-4bf9-859c-5118db1a7fff,20,3.0,,,,11.24,14.71,7.52,7.46,7.49,9.17
2025-12-17T03:15:16.801963,Recipe_B,ca4e2b3e-360b-4bf9-859c-5118db1a7fff,20,3.0,,,,12.15,12.21,8.71,12.45,9.58,9.71
2025-12-17T03:15:17.801963,Recipe_B,ca4e2b3e-360b-4bf9-859c-5118db1a7fff,20,3.0,,,,13.25,13.76,7.39,10.8,11.29,11.15
2025-12-17T03:15:18.801963,Recipe_B,ca4e2b3e-360b-4bf9-859c-5118db1a7fff,20,3.0,,,,13.58,10.48,8.17,8.64,12.4,10.31
2025-12-17T03:15:19.801963,Recipe_B,ca4e2b3e-360b-4bf9-859c-5118db1a7fff,20,3.0,,,,13.86,7.29,8.41,9.91,15.68,9.34
2025-12-17T03:15:20.801963,Recipe_B,ca4e2b3e-360b-4bf9-859c-5118db1a7fff,20,3.0,,,,9.46,9.26,10.81,7.7,12.44,10.94
2025-12-17T03:15:21.801963,Recipe_B,ca4e2b3e-360b-4bf9-859c-5118db1a7fff,20,3.0,,,,11.76,11.17,11.02,10.4,12.74,5.74
2025-12-17T03:15:22.801963,Recipe_B,ca4e2b3e-360b-4bf9-859c-5118db1a7fff,20,3.0,,,,9.2,9.19,10.39,6.75,9.86,9.65
2025-12-17T03:15:23.801963,Recipe_B,ca4e2b3e-360b-4bf9-859c-5118db1a7fff,20,3.0,,,,7.03,13.78,11.83,9.88,7.18,9.81
2025-12-17T03:15:24.801963,Recipe_B,ca4e2b3e-360b-4bf9-859c-5118db1a7fff,20,3.0,,,,16.05,13.95,8.65,7.68,8.59,13.92
2025-12-17T03:15:25.801963,Recipe_B,ca4e2b3e-360b-4bf9-859c-5118db1a7fff,20,3.0,,,,6.96,8.68,11.91,10.16,9.96,14.33
2025-12-17T03:15:26.801963,Recipe_B,ca4e2b3e-360b-4bf9-859c-5118db1a7fff,20,3.0,,,,10.06,10.81,10.26,11.13,13.22,11.21
2025-12-17T03:15:27.801963,Recipe_B,ca4e2b3e-360b-4bf9-859c-5118db1a7fff,20,3.0,,,,11.82,13.52,9.73,8.42,10.96,11.4
2025-12-17T03:15:28.801963,Recipe_B,ca4e2b3e-360b-4bf9-859c-5118db1a7fff,20,3.0,,,,12.23,9.05,9.2,10.48,11.27,10.39
2025-12-17T03:15:29.801963,Recipe_B,ca4e2b3e-360b-4bf9-859c-5118db1a7fff,20,3.0,,,,12.19,9.1,9.73,9.26,10.02,9.44
2025-12-17T03:15:30.801963,Recipe_B,ca4e2b3e-360b-4bf9-859c-5118db1a7fff,20,3.0,,,,11.55,8.6,13.84,9.31,10.72,10.15
2025-12-17T03:15:31.801963,Recipe_B,ca4e2b3e-360b-4bf9-859c-5118db1a7fff,20,3.0,,,,4.6,9.59,9.19,8.57,10.06,13.53
2025-12-17T03:15:32.801963,Recipe_B,ca4e2b3e-360b-4bf9-859c-5118db1a7fff,20,3.0,,,,9.64,8.73,14.07,12.78,11.39,7.5
2025-12-17T03:15:33.801963,Recipe_B,ca4e2b3e-360b-4bf9-859c-5118db1a7fff,20,3.0,,,,7.67,5.15,11.65,8.95,11.88,11.95
2025-12-17T03:15:34.801963,Recipe_B,ca4e2b3e-360b-4bf9-859c-5118db1a7fff,20,3.0,,,,7.95,9.23,10.24,11.7,10.26,7.84
2025-12-17T03:15:35.801963,Recipe_B,ca4e2b3e-360b-4bf9-859c-5118db1a7fff,20,3.0,,,,10.58,12.46,10.73,5.52,10.73,8.57
2025-12-17T03:15:36.801963,Recipe_B,ca4e2b3e-360b-4bf9-859c-5118db1a7fff,20,3.0,,,,5.96,10.47,12.01,11.7,8.56,10.34
2025-12-17T03:15:37.801963,Recipe_B,ca4e2b3e-360b-4bf9-859c-5118db1a7fff,20,3.0,,,,10.46,12.38,9.97,11.05,9.36,12.53
2025-12-17T03:15:38.801963,Recipe_B,ca4e2b3e-360b-4bf9-859c-5118db1a7fff,20,3.0,,,,11.75,8.71,12.29,8.34,11.18,6.53
2025-12-17T03:15:39.801963,Recipe_B,ca4e2b3e-360b-4bf9-859c-5118db1a7fff,20,3.0,,,,9.86,8.97,10.9,8.32,9.95,5.78
2025-12-17T03:15:40.801963,Recipe_B,ca4e2b3e-360b-4bf9-859c-5118db1a7fff,20,3.0,,,,5.94,10.17,9.92,8.12,10.27,10.72
2025-12-17T03:15:41.801963,Recipe_B,ca4e2b3e-360b-4bf9-859c-5118db1a7fff,20,3.0,,,,11.03,7.36,9.21,8.41,8.21,8.89
2025-12-17T03:15:42.801963,Recipe_B,ca4e2b3e-360b-4bf9-859c-5118db1a7fff,20,3.0,,,,11.09,13.13,10.97,10.69,12.1,13.15
2025-12-17T03:15:43.801963,Recipe_B,ca4e2b3e-360b-4bf9-859c-5118db1a7fff,20,3.0,,,,6.22,10.74,13.54,8.75,12.38,10.62
2025-12-17T03:15:44.801963,Recipe_B,ca4e2b3e-360b-4bf9-859c-5118db1a7fff,20,3.0,,,,11.91,8.49,10.29,11.0,7.8,11.09
2025-12-17T03:15:45.801963,Recipe_B,ca4e2b3e-360b-4bf9-859c-5118db1a7fff,20,3.0,,,,8.8,10.65,10.93,10.79,8.06,10.56
2025-12-17T03:15:46.801963,Recipe_B,ca4e2b3e-360b-4bf9-859c-5118db1a7fff,20,3.0,,,,13.92,10.14,12.13,10.14,10.24,12.16
2025-12-17T03:15:47.801963,Recipe_B,ca4e2b3e-360b-4bf9-859c-5118db1a7fff,20,3.0,,,,13.64,10.82,11.07,7.59,8.84,12.58
2025-12-17T03:15:48.801963,Recipe_B,ca4e2b3e-360b-4bf9-859c-5118db1a7fff,20,3.0,,,,10.87,5.83,11.47,8.12,6.98,11.67
2025-12-17T03:15:49.801963,Recipe_B,ca4e2b3e-360b-4bf9-859c-5118db1a7fff,20,3.0,,,,7.3,7.87,7.36,9.86,7.65,10.36
2025-12-17T03:15:50.801963,Recipe_B,ca4e2b3e-360b-4bf9-859c-5118db1a7fff,20,3.0,,,,13.16,7.82,9.59,6.08,9.16,10.38
2025-12-17T03:15:51.801963,Recipe_B,ca4e2b3e-360b-4bf9-859c-5118db1a7fff,20,3.0,,,,12.07,8.84,12.7,8.42,10.46,11.28
2025-12-17T03:15:52.801963,Recipe_B,ca4e2b3e-360b-4bf9-859c-5118db1a7fff,20,3.0,,,,11.1,11.86,7.33,9.26,11.22,12.92
2025-12-17T03:15:53.801963,Recipe_B,ca4e2b3e-360b-4bf9-859c-5118db1a7fff,20,3.0,,,,13.98,9.27,10.57,7.77,9.55,12.54
2025-12-17T03:15:54.801963,Recipe_B,ca4e2b3e-360b-4bf9-859c-5118db1a7fff,20,3.0,,,,8.51,11.18,11.3,11.08,7.39,10.93
2025-12-17T03:15:55.801963,Recipe_B,ca4e2b3e-360b-4bf9-859c-5118db1a7fff,20,3.0,,,,12.61,8.69,9.58,14.47,9.19,10.1
2025-12-17T03:15:56.801963,Recipe_B,ca4e2b3e-360b-4bf9-859c-5118db1a7fff,20,3.0,,,,9.3,9.29,4.82,9.69,9.67,11.74
2025-12-17T03:15:57.801963,Recipe_B,ca4e2b3e-360b-4bf9-859c-5118db1a7fff,20,3.0,,,,9.9,9.77,10.96,11.85,9.48,8.58
2025-12-17T03:15:58.801963,Recipe_B,ca4e2b3e-360b-4bf9-859c-5118db1a7fff,20,3.0,,,,10.86,8.48,12.1,11.77,8.58,10.52
2025-12-17T03:15:59.801963,Recipe_B,ca4e2b3e-360b-4bf9-859c-5118db1a7fff,20,3.0,,,,10.34,4.74,10.51,11.49,11.94,13.77
2025-12-17T03:16:00.801963,Recipe_B,ca4e2b3e-360b-4bf9-859c-5118db1a7fff,20,3.0,,,,7.91,11.0,11.53,9.21,11.39,5.44
2025-12-17T03:16:01.801963,Recipe_B,ca4e2b3e-360b-4bf9-859c-5118db1a7fff,20,3.0,,,,7.08,10.12,12.98,13.9,11.97,10.38
2025-12-17T03:16:02.801963,Recipe_B,ca4e2b3e-360b-4bf9-859c-5118db1a7fff,20,3.0,,,,9.99,10.46,9.15,14.03,8.81,9.61
2025-12-17T03:16:03.801963,Recipe_B,ca4e2b3e-360b-4bf9-859c-5118db1a7fff,20,5.0,,,,8.01,10.11,11.19,11.65,8.93,10.4
2025-12-17T03:16:04.801963,Recipe_B,ca4e2b3e-360b-4bf9-859c-5118db1a7fff,20,5.0,,,,11.29,10.25,8.15,12.37,9.34,8.07
2025-12-17T03:16:05.801963,Recipe_B,ca4e2b3e-360b-4bf9-859c-5118db1a7fff,20,5.0,,,,10.23,12.21,9.6,11.59,14.74,9.37
2025-12-17T03:16:06.801963,Recipe_B,ca4e2b3e-360b-4bf9-859c-5118db1a7fff,20,5.0,,,,10.72,8.28,10.31,16.87,13.05,9.61
2025-12-17T03:16:07.801963,Recipe_B,ca4e2b3e-360b-4bf9-859c-5118db1a7fff,20,5.0,,,,10.59,10.4,8.61,9.09,8.61,4.51
2025-12-17T03:16:08.801963,Recipe_B,ca4e2b3e-360b-4bf9-859c-5118db1a7fff,20,5.0,,,,8.81,11.06,12.46,10.29,10.68,8.67
2025-12-17T03:16:09.801963,Recipe_B,ca4e2b3e-360b-4bf9-859c-5118db1a7fff,20,4.0,,,,96.41,48.07,50.6,42.59,42.04,47.95
2025-12-17T03:16:10.801963,Recipe_B,ca4e2b3e-360b-4bf9-859c-5118db1a7fff,20,4.0,,,,102.72,58.38,46.73,48.86,51.5,47.74
2025-12-17T03:16:11.801963,Recipe_B,ca4e2b3e-360b-4bf9-859c-5118db1a7fff,20,4.0,,,,97.46,55.41,43.56,58.54,52.95,53.58
2025-12-17T03:16:12.801963,Recipe_B,ca4e2b3e-360b-4bf9-859c-5118db1a7fff,20,4.0,,,,94.01,52.89,55.51,54.51,41.73,52.4
2025-12-17T03:16:12.801963,Recipe_B,ca4e2b3e-360b-4bf9-859c-5118db1a7fff,20,4.0,Warning_4,Simulated Warning occurred,Warning,,,,,,
2025-12-17T03:16:13.801963,Recipe_B,ca4e2b3e-360b-4bf9-859c-5118db1a7fff,20,4.0,,,,110.24,49.54,47.41,47.81,35.89,48.47
2025-12-17T03:16:14.801963,Recipe_B,ca4e2b3e-360b-4bf9-859c-5118db1a7fff,20,4.0,,,,105.65,52.78,50.48,48.64,52.1,48.22
2025-12-17T03:16:15.801963,Recipe_B,ca4e2b3e-360b-4bf9-859c-5118db1a7fff,20,4.0,,,,95.31,51.14,48.25,54.09,56.1,51.21
2025-12-17T03:16:16.801963,Recipe_B,ca4e2b3e-360b-4bf9-859c-5118db1a7fff,20,4.0,,,,96.0,48.12,43.98,48.64,49.62,49.39
2025-12-17T03:16:17.801963,Recipe_B,ca4e2b3e-360b-4bf9-859c-5118db1a7fff,20,4.0,,,,93.28,46.92,56.98,42.91,48.82,48.47
2025-12-17T03:16:18.801963,Recipe_B,ca4e2b3e-360b-4bf9-859c-5118db1a7fff,20,4.0,,,,100.44,47.46,47.78,58.09,39.6,56.9
2025-12-17T03:16:19.801963,Recipe_B,ca4e2b3e-360b-4bf9-859c-5118db1a7fff,20,4.0,,,,101.42,45.87,54.33,49.05,52.29,46.11
2025-12-17T03:16:20.801963,Recipe_B,ca4e2b3e-360b-4bf9-859c-5118db1a7fff,20,4.0,,,,101.98,57.64,47.39,56.25,51.12,52.12
2025-12-17T03:16:21.801963,Recipe_B,ca4e2b3e-360b-4bf9-859c-5118db1a7fff,20,4.0,,,,96.98,57.01,50.2,46.13,47.43,51.97
2025-12-17T03:16:22.801963,Recipe_B,ca4e2b3e-360b-4bf9-859c-5118db1a7fff,20,4.0,,,,91.44,53.38,53.96,47.13,49.47,49.13
2025-12-17T03:16:23.801963,Recipe_B,ca4e2b3e-360b-4bf9-859c-5118db1a7fff,20,4.0,,,,95.86,53.31,59.77,48.11,54.02,58.91
2025-12-17T03:16:24.801963,Recipe_B,ca4e2b3e-360b-4bf9-859c-5118db1a7fff,20,4.0,,,,98.16,45.37,45.04,58.74,47.03,49.7
2025-12-17T03:16:25.801963,Recipe_B,ca4e2b3e-360b-4bf9-859c-5118db1a7fff,20,4.0,,,,108.71,52.42,51.09,51.92,45.37,45.26
2025-12-17T03:16:26.801963,Recipe_B,ca4e2b3e-360b-4bf9-859c-5118db1a7fff,20,4.0,,,,108.16,56.25,45.25,51.96,50.8,48.42
2025-12-17T03:16:27.801963,Recipe_B,ca4e2b3e-360b-4bf9-859c-5118db1a7fff,20,4.0,,,,99.51,52.05,43.9,43.31,54.47,52.17
2025-12-17T03:16:28.801963,Recipe_B,ca4e2b3e-360b-4bf9-859c-5118db1a7fff,20,4.0,,,,93.35,48.97,49.63,41.56,56.94,51.96
2025-12-17T03:16:29.801963,Recipe_B,ca4e2b3e-360b-4bf9-859c-5118db1a7fff,20,4.0,,,,94.66,56.81,51.37,44.95,44.41,48.73
2025-12-17T03:16:30.801963,Recipe_B,ca4e2b3e-360b-4bf9-859c-5118db1a7fff,20,4.0,,,,100.79,51.64,58.31,52.59,45.49,44.7
2025-12-17T03:16:31.801963,Recipe_B,ca4e2b3e-360b-4bf9-859c-5118db1a7fff,20,4.0,,,,104.17,49.75,58.52,43.3,41.4,54.68
2025-12-17T03:16:32.801963,Recipe_B,ca4e2b3e-360b-4bf9-859c-5118db1a7fff,20,4.0,,,,110.15,42.6,46.39,50.22,48.8,50.08
2025-12-17T03:16:33.801963,Recipe_B,ca4e2b3e-360b-4bf9-859c-5118db1a7fff,20,4.0,,,,104.89,44.37,53.0,41.73,46.3,40.84
2025-12-17T03:16:34.801963,Recipe_B,ca4e2b3e-360b-4bf9-859c-5118db1a7fff,20,4.0,,,,103.33,40.64,57.75,48.74,47.4,48.8
2025-12-17T03:16:35.801963,Recipe_B,ca4e2b3e-360b-4bf9-859c-5118db1a7fff,20,4.0,,,,101.21,43.26,59.43,52.71,51.16,56.32
2025-12-17T03:16:36.801963,Recipe_B,ca4e2b3e-360b-4bf9-859c-5118db1a7fff,20,4.0,,,,95.38,52.95,49.47,45.78,49.78,49.8
2025-12-17T03:16:37.801963,Recipe_B,ca4e2b3e-360b-4bf9-859c-5118db1a7fff,20,4.0,,,,104.24,48.83,46.18,48.37,48.09,49.59
2025-12-17T03:16:38.801963,Recipe_B,ca4e2b3e-360b-4bf9-859c-5118db1a7fff,20,4.0,,,,105.26,56.06,64.3,49.14,46.6,47.97
2025-12-17T03:16:39.801963,Recipe_B,ca4e2b3e-360b-4bf9-859c-5118db1a7fff,20,4.0,,,,99.5,51.51,46.35,53.15,50.54,49.37
2025-12-17T03:16:40.801963,Recipe_B,ca4e2b3e-360b-4bf9-859c-5118db1a7fff,20,4.0,,,,98.97,53.69,38.09,52.55,61.87,45.03
2025-12-17T03:16:41.801963,Recipe_B,ca4e2b3e-360b-4bf9-859c-5118db1a7fff,20,4.0,,,,106.0,51.31,53.21,53.84,55.12,53.34
2025-12-17T03:16:42.801963,Recipe_B,ca4e2b3e-360b-4bf9-859c-5118db1a7fff,20,4.0,,,,98.07,51.01,52.83,52.51,43.96,53.32
2025-12-17T03:16:43.801963,Recipe_B,ca4e2b3e-360b-4bf9-859c-5118db1a7fff,20,4.0,,,,100.72,44.18,57.71,43.25,54.25,42.11
2025-12-17T03:16:44.801963,Recipe_B,ca4e2b3e-360b-4bf9-859c-5118db1a7fff,20,4.0,,,,103.31,47.15,48.23,49.28,42.84,51.63
2025-12-17T03:16:45.801963,Recipe_B,ca4e2b3e-360b-4bf9-859c-5118db1a7fff,20,4.0,,,,94.82,48.36,47.06,45.4,47.42,54.76
2025-12-17T03:16:46.801963,Recipe_B,ca4e2b3e-360b-4bf9-859c-5118db1a7fff,20,4.0,,,,106.86,53.59,48.69,50.1,51.34,42.73
2025-12-17T03:16:47.801963,Recipe_B,ca4e2b3e-360b-4bf9-859c-5118db1a7fff,20,4.0,,,,94.47,44.12,52.28,44.98,51.43,44.66
2025-12-17T03:16:48.801963,Recipe_B,ca4e2b3e-360b-4bf9-859c-5118db1a7fff,20,4.0,,,,102.44,57.06,47.87,47.14,50.42,49.94
2025-12-17T03:16:49.801963,Recipe_B,ca4e2b3e-360b-4bf9-859c-5118db1a7fff,20,4.0,,,,96.87,46.38,45.95,60.97,43.85,58.62
2025-12-17T03:16:50.801963,Recipe_B,ca4e2b3e-360b-4bf9-859c-5118db1a7fff,20,4.0,,,,108.36,60.71,46.85,49.82,57.63,56.3
2025-12-17T03:16:51.801963,Recipe_B,ca4e2b3e-360b-4bf9-859c-5118db1a7fff,20,4.0,,,,96.35,48.85,45.52,45.23,60.33,42.99
2025-12-17T03:16:52.801963,Recipe_B,ca4e2b3e-360b-4bf9-859c-5118db1a7fff,20,4.0,,,,109.75,50.28,44.63,47.25,50.41,49.7
2025-12-17T03:16:53.801963,Recipe_B,ca4e2b3e-360b-4bf9-859c-5118db1a7fff,20,4.0,,,,102.41,57.91,55.61,49.02,54.27,47.69
2025-12-17T03:16:54.801963,Recipe_B,ca4e2b3e-360b-4bf9-859c-5118db1a7fff,20,4.0,,,,96.11,59.7,53.72,42.38,38.02,42.83
2025-12-17T03:16:55.801963,Recipe_B,ca4e2b3e-360b-4bf9-859c-5118db1a7fff,20,4.0,,,,97.07,49.58,50.5,48.13,53.35,53.3
2025-12-17T03:16:56.801963,Recipe_B,ca4e2b3e-360b-4bf9-859c-5118db1a7fff,20,4.0,,,,103.39,50.71,47.73,45.27,39.13,47.12
2025-12-17T03:16:57.801963,Recipe_B,ca4e2b3e-360b-4bf9-859c-5118db1a7fff,20,4.0,,,,98.12,40.38,59.93,60.26,51.97,52.97
2025-12-17T03:16:58.801963,Recipe_B,ca4e2b3e-360b-4bf9-859c-5118db1a7fff,20,4.0,,,,102.95,46.38,43.06,47.93,39.75,53.12
2025-12-17T03:16:59.801963,Recipe_B,ca4e2b3e-360b-4bf9-859c-5118db1a7fff,20,4.0,,,,101.15,57.54,52.43,48.87,38.46,44.95
2025-12-17T03:17:00.801963,Recipe_B,ca4e2b3e-360b-4bf9-859c-5118db1a7fff,20,4.0,,,,94.6,48.05,50.76,45.37,49.79,57.85
2025-12-17T03:17:01.801963,Recipe_B,ca4e2b3e-360b-4bf9-859c-5118db1a7fff,20,4.0,,,,95.93,44.14,40.04,43.14,48.99,53.77
2025-12-17T03:17:02.801963,Recipe_B,ca4e2b3e-360b-4bf9-859c-5118db1a7fff,20,4.0,,,,105.36,47.77,50.82,47.16,49.74,48.88
2025-12-17T03:17:03.801963,Recipe_B,ca4e2b3e-360b-4bf9-859c-5118db1a7fff,20,4.0,,,,100.36,53.94,56.11,55.94,54.93,40.05
2025-12-17T03:17:04.801963,Recipe_B,ca4e2b3e-360b-4bf9-859c-5118db1a7fff,20,4.0,,,,98.4,47.5,50.77,50.71,50.04,41.37
2025-12-17T03:17:05.801963,Recipe_B,ca4e2b3e-360b-4bf9-859c-5118db1a7fff,20,4.0,,,,96.76,54.73,53.15,46.86,52.86,58.62
2025-12-17T03:17:06.801963,Recipe_B,ca4e2b3e-360b-4bf9-859c-5118db1a7fff,20,4.0,,,,97.89,48.56,50.47,54.71,51.1,50.89
2025-12-17T03:17:07.801963,Recipe_B,ca4e2b3e-360b-4bf9-859c-5118db1a7fff,20,4.0,,,,107.09,51.7,51.5,48.73,51.28,51.95
2025-12-17T03:17:08.801963,Recipe_B,ca4e2b3e-360b-4bf9-859c-5118db1a7fff,20,4.0,,,,102.16,50.17,50.62,49.11,60.75,49.17
2025-12-17T03:17:09.801963,Recipe_B,ca4e2b3e-360b-4bf9-859c-5118db1a7fff,20,4.0,,,,96.21,55.93,48.53,44.65,55.31,47.76
2025-12-17T03:17:10.801963,Recipe_B,ca4e2b3e-360b-4bf9-859c-5118db1a7fff,20,4.0,,,,100.2,53.28,52.87,50.94,50.51,53.01
2025-12-17T03:17:11.801963,Recipe_B,ca4e2b3e-360b-4bf9-859c-5118db1a7fff,20,4.0,,,,97.18,58.41,52.04,54.08,42.95,54.3
2025-12-17T03:17:12.801963,Recipe_B,ca4e2b3e-360b-4bf9-859c-5118db1a7fff,20,4.0,,,,107.1,50.52,50.21,49.17,53.27,47.0
2025-12-17T03:17:13.801963,Recipe_B,ca4e2b3e-360b-4bf9-859c-5118db1a7fff,20,4.0,,,,94.78,53.03,51.56,40.96,49.47,40.16
2025-12-17T03:17:14.801963,Recipe_B,ca4e2b3e-360b-4bf9-859c-5118db1a7fff,20,4.0,,,,102.46,43.73,51.66,42.18,44.87,53.98
2025-12-17T03:17:15.801963,Recipe_B,ca4e2b3e-360b-4bf9-859c-5118db1a7fff,20,4.0,,,,97.42,56.78,48.76,46.66,50.02,60.18
2025-12-17T03:17:16.801963,Recipe_B,ca4e2b3e-360b-4bf9-859c-5118db1a7fff,20,4.0,,,,104.79,52.57,58.32,56.28,51.09,47.99
2025-12-17T03:17:17.801963,Recipe_B,ca4e2b3e-360b-4bf9-859c-5118db1a7fff,20,4.0,,,,95.57,52.62,49.88,47.48,56.07,47.65
2025-12-17T03:17:18.801963,Recipe_B,ca4e2b3e-360b-4bf9-859c-5118db1a7fff,20,4.0,,,,107.4,45.47,50.3,45.15,60.29,50.07
2025-12-17T03:17:19.801963,Recipe_B,ca4e2b3e-360b-4bf9-859c-5118db1a7fff,20,4.0,,,,107.83,54.64,44.43,49.14,50.16,45.34
2025-12-17T03:17:20.801963,Recipe_B,ca4e2b3e-360b-4bf9-859c-5118db1a7fff,20,4.0,,,,104.06,43.07,49.2,45.21,52.43,54.79
2025-12-17T03:17:21.801963,Recipe_B,ca4e2b3e-360b-4bf9-859c-5118db1a7fff,20,4.0,,,,104.87,46.91,62.32,40.99,42.87,46.01
2025-12-17T03:17:22.801963,Recipe_B,ca4e2b3e-360b-4bf9-859c-5118db1a7fff,20,4.0,,,,101.39,41.53,49.71,41.33,48.77,63.36
2025-12-17T03:17:23.801963,Recipe_B,ca4e2b3e-360b-4bf9-859c-5118db1a7fff,20,4.0,,,,103.59,45.02,48.62,45.35,50.27,45.84
2025-12-17T03:17:24.801963,Recipe_B,ca4e2b3e-360b-4bf9-859c-5118db1a7fff,20,4.0,,,,100.8,48.93,53.58,50.29,44.58,47.87
2025-12-17T03:17:25.801963,Recipe_B,ca4e2b3e-360b-4bf9-859c-5118db1a7fff,20,4.0,,,,100.48,48.85,41.73,48.77,47.49,47.46
2025-12-17T03:17:26.801963,Recipe_B,ca4e2b3e-360b-4bf9-859c-5118db1a7fff,20,4.0,,,,107.13,56.29,52.63,49.53,40.46,47.78
2025-12-17T03:17:27.801963,Recipe_B,ca4e2b3e-360b-4bf9-859c-5118db1a7fff,20,4.0,,,,99.51,40.36,49.71,49.17,50.69,51.99
2025-12-17T03:17:28.801963,Recipe_B,ca4e2b3e-360b-4bf9-859c-5118db1a7fff,20,4.0,,,,90.86,54.49,48.85,48.94,49.99,51.35
2025-12-17T03:17:29.801963,Recipe_B,ca4e2b3e-360b-4bf9-859c-5118db1a7fff,20,4.0,,,,103.66,58.55,49.27,54.03,50.74,42.82
2025-12-17T03:17:30.801963,Recipe_B,ca4e2b3e-360b-4bf9-859c-5118db1a7fff,20,4.0,,,,98.46,47.78,48.92,57.09,40.61,51.45
2025-12-17T03:17:31.801963,Recipe_B,ca4e2b3e-360b-4bf9-859c-5118db1a7fff,20,4.0,,,,102.76,52.95,34.01,43.56,49.33,57.86
2025-12-17T03:17:32.801963,Recipe_B,ca4e2b3e-360b-4bf9-859c-5118db1a7fff,20,4.0,,,,102.37,58.89,54.2,47.07,44.99,57.95
2025-12-17T03:17:33.801963,Recipe_B,ca4e2b3e-360b-4bf9-859c-5118db1a7fff,20,4.0,,,,100.17,42.36,54.9,47.48,52.17,49.33
2025-12-17T03:17:34.801963,Recipe_B,ca4e2b3e-360b-4bf9-859c-5118db1a7fff,20,4.0,,,,92.51,53.34,42.28,49.71,48.27,49.09
2025-12-17T03:17:35.801963,Recipe_B,ca4e2b3e-360b-4bf9-859c-5118db1a7fff,20,4.0,,,,98.65,43.04,53.25,35.96,41.08,51.84
2025-12-17T03:17:36.801963,Recipe_B,ca4e2b3e-360b-4bf9-859c-5118db1a7fff,20,4.0,,,,99.47,41.76,44.46,51.44,45.88,48.12
2025-12-17T03:17:37.801963,Recipe_B,ca4e2b3e-360b-4bf9-859c-5118db1a7fff,20,4.0,,,,100.58,51.05,56.64,54.99,48.42,48.35
2025-12-17T03:17:38.801963,Recipe_B,ca4e2b3e-360b-4bf9-859c-5118db1a7fff,20,4.0,,,,104.86,46.61,42.34,50.95,51.98,51.29
2025-12-17T03:17:39.801963,Recipe_B,ca4e2b3e-360b-4bf9-859c-5118db1a7fff,20,4.0,,,,99.64,52.68,55.18,42.17,38.79,53.13
2025-12-17T03:17:40.801963,Recipe_B,ca4e2b3e-360b-4bf9-859c-5118db1a7fff,20,4.0,,,,97.33,48.35,49.2,48.47,44.08,51.52
2025-12-17T03:17:41.801963,Recipe_B,ca4e2b3e-360b-4bf9-859c-5118db1a7fff,20,4.0,,,,102.44,52.02,52.97,48.88,51.35,43.83
2025-12-17T03:17:42.801963,Recipe_B,ca4e2b3e-360b-4bf9-859c-5118db1a7fff,20,4.0,,,,104.84,46.53,48.13,49.66,53.76,52.18
2025-12-17T03:17:43.801963,Recipe_B,ca4e2b3e-360b-4bf9-859c-5118db1a7fff,20,4.0,,,,107.94,51.6,50.94,38.95,44.53,51.02
2025-12-17T03:17:44.801963,Recipe_B,ca4e2b3e-360b-4bf9-859c-5118db1a7fff,20,5.0,,,,11.96,9.35,10.85,9.17,10.01,8.98
2025-12-17T03:17:45.801963,Recipe_B,ca4e2b3e-360b-4bf9-859c-5118db1a7fff,20,5.0,,,,7.98,7.54,8.29,9.13,5.16,9.47
2025-12-17T03:17:46.801963,Recipe_B,ca4e2b3e-360b-4bf9-859c-5118db1a7fff,20,5.0,,,,11.51,7.42,11.0,9.13,10.5,5.81
2025-12-17T03:17:47.801963,Recipe_B,ca4e2b3e-360b-4bf9-859c-5118db1a7fff,20,5.0,,,,10.43,12.38,6.92,9.03,9.37,11.88
2025-12-17T03:17:48.801963,Recipe_B,ca4e2b3e-360b-4bf9-859c-5118db1a7fff,20,5.0,,,,11.24,10.04,12.23,12.81,10.91,10.4
2025-12-17T03:17:49.801963,Recipe_B,ca4e2b3e-360b-4bf9-859c-5118db1a7fff,20,5.0,,,,12.15,7.17,9.76,10.74,7.57,8.43
2025-12-17T03:17:50.801963,Recipe_B,ca4e2b3e-360b-4bf9-859c-5118db1a7fff,20,5.0,,,,9.57,9.39,8.1,8.26,13.52,11.0
2025-12-17T03:17:51.801963,Recipe_B,ca4e2b3e-360b-4bf9-859c-5118db1a7fff,20,5.0,,,,7.6,11.15,11.0,11.05,7.62,9.61
2025-12-17T03:17:52.801963,Recipe_B,ca4e2b3e-360b-4bf9-859c-5118db1a7fff,20,5.0,,,,6.68,11.97,11.16,8.33,8.81,10.09
2025-12-17T03:17:53.801963,Recipe_B,ca4e2b3e-360b-4bf9-859c-5118db1a7fff,20,5.0,,,,7.31,8.32,11.8,9.69,11.89,8.04
2025-12-17T03:17:54.801963,Recipe_B,ca4e2b3e-360b-4bf9-859c-5118db1a7fff,20,5.0,,,,13.62,11.0,5.96,10.1,8.27,11.71
2025-12-17T03:17:55.801963,Recipe_B,ca4e2b3e-360b-4bf9-859c-5118db1a7fff,20,5.0,,,,11.27,11.96,10.16,8.42,8.63,11.29
2025-12-17T03:17:56.801963,Recipe_B,ca4e2b3e-360b-4bf9-859c-5118db1a7fff,20,5.0,,,,10.88,11.55,11.19,13.53,8.74,11.26
2025-12-17T03:17:57.801963,Recipe_B,ca4e2b3e-360b-4bf9-859c-5118db1a7fff,20,5.0,,,,8.1,13.44,11.02,9.01,7.21,7.28
2025-12-17T03:17:58.801963,Recipe_B,ca4e2b3e-360b-4bf9-859c-5118db1a7fff,20,5.0,,,,9.32,8.22,8.97,11.27,8.72,8.47
2025-12-17T03:17:59.801963,Recipe_B,ca4e2b3e-360b-4bf9-859c-5118db1a7fff,20,5.0,,,,12.1,12.36,7.11,10.21,9.88,10.04
2025-12-17T03:18:00.801963,Recipe_B,ca4e2b3e-360b-4bf9-859c-5118db1a7fff,20,5.0,,,,9.82,8.92,11.47,9.62,6.75,9.82
2025-12-17T03:18:01.801963,Recipe_B,ca4e2b3e-360b-4bf9-859c-5118db1a7fff,20,5.0,,,,11.67,12.3,7.96,13.66,12.15,8.14
2025-12-17T03:18:02.801963,Recipe_B,ca4e2b3e-360b-4bf9-859c-5118db1a7fff,20,5.0,,,,9.65,9.46,6.21,9.47,10.21,10.86
2025-12-17T03:18:03.801963,Recipe_B,ca4e2b3e-360b-4bf9-859c-5118db1a7fff,20,5.0,,,,9.94,7.97,10.68,10.17,10.11,5.79
2025-12-17T03:18:04.801963,Recipe_B,ca4e2b3e-360b-4bf9-859c-5118db1a7fff,20,5.0,,,,8.9,7.64,8.39,13.13,9.56,14.27
2025-12-17T03:18:05.801963,Recipe_B,ca4e2b3e-360b-4bf9-859c-5118db1a7fff,20,5.0,,,,12.16,9.75,6.42,8.24,6.5,9.8
2025-12-17T03:18:06.801963,Recipe_B,ca4e2b3e-360b-4bf9-859c-5118db1a7fff,20,5.0,,,,10.71,6.19,14.14,12.09,11.68,8.4
2025-12-17T03:18:07.801963,Recipe_B,ca4e2b3e-360b-4bf9-859c-5118db1a7fff,20,5.0,,,,14.23,7.14,9.42,8.63,7.4,8.07
2025-12-17T03:18:08.801963,Recipe_B,ca4e2b3e-360b-4bf9-859c-5118db1a7fff,20,5.0,,,,11.41,6.96,11.56,11.31,9.26,7.22
2025-12-17T03:18:09.801963,Recipe_B,ca4e2b3e-360b-4bf9-859c-5118db1a7fff,20,5.0,,,,10.54,9.21,13.75,11.56,10.73,10.11
2025-12-17T03:18:10.801963,Recipe_B,ca4e2b3e-360b-4bf9-859c-5118db1a7fff,20,5.0,,,,7.64,10.4,13.79,7.84,6.55,12.38
2025-12-17T03:18:11.801963,Recipe_B,ca4e2b3e-360b-4bf9-859c-5118db1a7fff,20,5.0,,,,13.03,7.04,8.6,8.66,13.85,12.33
2025-12-17T03:18:12.801963,Recipe_B,ca4e2b3e-360b-4bf9-859c-5118db1a7fff,20,5.0,,,,10.62,7.76,9.99,8.07,11.4,9.51
2025-12-17T03:18:13.801963,Recipe_B,ca4e2b3e-360b-4bf9-859c-5118db1a7fff,20,5.0,,,,8.94,11.04,13.09,6.24,11.69,11.54
2025-12-17T03:18:14.801963,Recipe_B,ca4e2b3e-360b-4bf9-859c-5118db1a7fff,20,4.0,,,,104.67,47.33,47.69,51.59,49.62,53.01
2025-12-17T03:18:15.801963,Recipe_B,ca4e2b3e-360b-4bf9-859c-5118db1a7fff,20,4.0,,,,98.22,53.73,49.38,49.58,43.64,42.61
2025-12-17T03:18:16.801963,Recipe_B,ca4e2b3e-360b-4bf9-859c-5118db1a7fff,20,4.0,,,,99.55,53.15,49.88,43.8,51.92,46.94
2025-12-17T03:18:17.801963,Recipe_B,ca4e2b3e-360b-4bf9-859c-5118db1a7fff,20,4.0,,,,97.33,50.45,56.82,44.44,51.79,67.9
2025-12-17T03:18:18.801963,Recipe_B,ca4e2b3e-360b-4bf9-859c-5118db1a7fff,20,4.0,,,,99.3,51.56,44.62,65.23,47.76,47.09
2025-12-17T03:18:19.801963,Recipe_B,ca4e2b3e-360b-4bf9-859c-5118db1a7fff,20,4.0,,,,96.89,48.96,58.02,41.14,51.58,47.21
2025-12-17T03:18:20.801963,Recipe_B,ca4e2b3e-360b-4bf9-859c-5118db1a7fff,20,4.0,,,,95.23,48.33,41.54,39.63,51.18,53.16
2025-12-17T03:18:21.801963,Recipe_B,ca4e2b3e-360b-4bf9-859c-5118db1a7fff,20,4.0,,,,95.83,68.2,48.61,54.69,59.52,49.85
2025-12-17T03:18:22.801963,Recipe_B,ca4e2b3e-360b-4bf9-859c-5118db1a7fff,20,4.0,,,,102.36,46.57,57.9,47.5,63.04,44.19
2025-12-17T03:18:23.801963,Recipe_B,ca4e2b3e-360b-4bf9-859c-5118db1a7fff,20,4.0,,,,103.35,48.52,52.78,53.05,52.17,50.73
2025-12-17T03:18:24.801963,Recipe_B,ca4e2b3e-360b-4bf9-859c-5118db1a7fff,20,4.0,,,,98.07,49.99,52.66,48.86,50.84,53.91
2025-12-17T03:18:25.801963,Recipe_B,ca4e2b3e-360b-4bf9-859c-5118db1a7fff,20,4.0,,,,102.25,56.74,53.06,44.43,48.7,45.42
2025-12-17T03:18:26.801963,Recipe_B,ca4e2b3e-360b-4bf9-859c-5118db1a7fff,20,4.0,,,,100.19,39.79,42.89,59.28,54.69,49.36
2025-12-17T03:18:27.801963,Recipe_B,ca4e2b3e-360b-4bf9-859c-5118db1a7fff,20,4.0,,,,103.36,48.77,45.58,58.6,55.4,51.14
2025-12-17T03:18:28.801963,Recipe_B,ca4e2b3e-360b-4bf9-859c-5118db1a7fff,20,4.0,,,,107.89,55.41,49.45,49.9,54.4,43.71
2025-12-17T03:18:29.801963,Recipe_B,ca4e2b3e-360b-4bf9-859c-5118db1a7fff,20,4.0,,,,104.94,52.3,51.57,44.82,57.22,52.54
2025-12-17T03:18:30.801963,Recipe_B,ca4e2b3e-360b-4bf9-859c-5118db1a7fff,20,4.0,,,,95.48,45.97,43.31,46.12,46.45,48.55
2025-12-17T03:18:31.801963,Recipe_B,ca4e2b3e-360b-4bf9-859c-5118db1a7fff,20,4.0,,,,103.0,59.22,38.52,53.6,54.19,50.93
2025-12-17T03:18:32.801963,Recipe_B,ca4e2b3e-360b-4bf9-859c-5118db1a7fff,20,4.0,,,,97.27,47.58,47.2,42.91,59.39,48.41
2025-12-17T03:18:33.801963,Recipe_B,ca4e2b3e-360b-4bf9-859c-5118db1a7fff,20,4.0,,,,104.7,53.94,56.35,53.63,45.11,51.72
2025-12-17T03:18:34.801963,Recipe_B,ca4e2b3e-360b-4bf9-859c-5118db1a7fff,20,4.0,,,,100.29,46.88,51.16,41.03,39.67,52.55
2025-12-17T03:18:35.801963,Recipe_B,ca4e2b3e-360b-4bf9-859c-5118db1a7fff,20,4.0,,,,90.81,53.2,48.41,48.0,44.46,56.06
2025-12-17T03:18:36.801963,Recipe_B,ca4e2b3e-360b-4bf9-859c-5118db1a7fff,20,4.0,,,,93.93,49.03,45.37,54.39,55.44,44.46
2025-12-17T03:18:37.801963,Recipe_B,ca4e2b3e-360b-4bf9-859c-5118db1a7fff,20,4.0,,,,101.05,55.78,55.05,57.51,62.74,48.85
2025-12-17T03:18:38.801963,Recipe_B,ca4e2b3e-360b-4bf9-859c-5118db1a7fff,20,4.0,,,,98.89,52.34,39.68,49.2,46.97,59.41
2025-12-17T03:18:39.801963,Recipe_B,ca4e2b3e-360b-4bf9-859c-5118db1a7fff,20,4.0,,,,100.6,49.4,50.5,43.55,45.95,49.56
2025-12-17T03:18:40.801963,Recipe_B,ca4e2b3e-360b-4bf9-859c-5118db1a7fff,20,1.0,,,,8.22,10.53,9.66,10.01,8.76,9.62
2025-12-17T03:18:41.801963,Recipe_B,ca4e2b3e-360b-4bf9-859c-5118db1a7fff,20,1.0,,,,7.22,11.33,10.24,11.34,10.96,5.71
2025-12-17T03:18:42.801963,Recipe_B,ca4e2b3e-360b-4bf9-859c-5118db1a7fff,20,1.0,,,,10.2,9.89,11.87,8.76,8.61,12.49
2025-12-17T03:18:43.801963,Recipe_B,ca4e2b3e-360b-4bf9-859c-5118db1a7fff,20,1.0,,,,9.77,9.26,12.52,8.71,7.38,11.34
2025-12-17T03:18:44.801963,Recipe_B,ca4e2b3e-360b-4bf9-859c-5118db1a7fff,20,1.0,,,,11.89,9.27,10.65,9.17,9.94,11.23
2025-12-17T03:18:45.801963,Recipe_B,ca4e2b3e-360b-4bf9-859c-5118db1a7fff,20,1.0,,,,9.56,10.03,12.88,10.38,11.5,9.12
2025-12-17T03:18:46.801963,Recipe_B,ca4e2b3e-360b-4bf9-859c-5118db1a7fff,20,1.0,,,,11.29,14.45,12.35,9.91,8.81,12.12
2025-12-17T03:18:47.801963,Recipe_B,ca4e2b3e-360b-4bf9-859c-5118db1a7fff,20,1.0,,,,10.05,10.71,10.55,10.15,11.01,10.29
2025-12-17T03:18:48.801963,Recipe_B,ca4e2b3e-360b-4bf9-859c-5118db1a7fff,20,1.0,,,,10.6,10.63,10.23,12.79,6.56,9.15
2025-12-17T03:18:49.801963,Recipe_B,ca4e2b3e-360b-4bf9-859c-5118db1a7fff,20,1.0,,,,10.84,13.81,11.1,10.76,1.98,10.1
2025-12-17T03:18:50.801963,Recipe_B,ca4e2b3e-360b-4bf9-859c-5118db1a7fff,20,1.0,,,,9.81,9.21,8.12,11.32,10.09,10.11
2025-12-17T03:18:51.801963,Recipe_B,ca4e2b3e-360b-4bf9-859c-5118db1a7fff,20,1.0,,,,8.77,8.94,7.68,7.97,7.86,11.64
2025-12-17T03:18:52.801963,Recipe_B,ca4e2b3e-360b-4bf9-859c-5118db1a7fff,20,1.0,,,,8.93,9.36,10.95,10.06,8.11,11.94
2025-12-17T03:18:53.801963,Recipe_B,ca4e2b3e-360b-4bf9-859c-5118db1a7fff,20,1.0,,,,10.59,10.14,9.79,7.82,9.55,10.92
2025-12-17T03:18:54.801963,Recipe_B,ca4e2b3e-360b-4bf9-859c-5118db1a7fff,20,1.0,,,,11.46,10.37,8.99,13.89,8.35,9.52
2025-12-17T03:18:55.801963,Recipe_B,ca4e2b3e-360b-4bf9-859c-5118db1a7fff,20,1.0,,,,11.18,9.42,12.17,11.33,6.59,10.86
2025-12-17T03:18:56.801963,Recipe_B,ca4e2b3e-360b-4bf9-859c-5118db1a7fff,20,1.0,,,,9.18,9.67,10.43,11.39,11.07,10.68
2025-12-17T03:18:57.801963,Recipe_B,ca4e2b3e-360b-4bf9-859c-5118db1a7fff,20,2.0,,,,9.27,12.75,9.0,8.95,11.3,11.39
2025-12-17T03:18:58.801963,Recipe_B,ca4e2b3e-360b-4bf9-859c-5118db1a7fff,20,2.0,,,,8.91,9.8,8.95,9.49,7.15,9.46
2025-12-17T03:18:59.801963,Recipe_B,ca4e2b3e-360b-4bf9-859c-5118db1a7fff,20,4.0,,,,94.09,44.83,46.85,54.7,43.65,51.78
2025-12-17T03:19:00.801963,Recipe_B,ca4e2b3e-360b-4bf9-859c-5118db1a7fff,20,4.0,,,,93.48,37.01,51.51,47.67,50.33,48.12
2025-12-17T03:19:01.801963,Recipe_B,ca4e2b3e-360b-4bf9-859c-5118db1a7fff,20,4.0,,,,97.86,48.87,57.15,53.7,52.95,49.46
2025-12-17T03:19:02.801963,Recipe_B,ca4e2b3e-360b-4bf9-859c-5118db1a7fff,20,4.0,,,,96.99,49.23,53.56,46.44,49.16,44.54
2025-12-17T03:19:03.801963,Recipe_B,ca4e2b3e-360b-4bf9-859c-5118db1a7fff,20,4.0,,,,105.35,47.89,50.18,46.71,56.9,56.66
2025-12-17T03:19:04.801963,Recipe_B,ca4e2b3e-360b-4bf9-859c-5118db1a7fff,20,4.0,,,,96.97,40.24,53.99,52.03,47.79,52.1
2025-12-17T03:19:05.801963,Recipe_B,ca4e2b3e-360b-4bf9-859c-5118db1a7fff,20,4.0,,,,102.11,51.62,42.15,52.13,51.0,54.37
2025-12-17T03:19:06.801963,Recipe_B,ca4e2b3e-360b-4bf9-859c-5118db1a7fff,20,4.0,,,,103.18,45.21,41.98,43.75,44.83,47.67
2025-12-17T03:19:07.801963,Recipe_B,ca4e2b3e-360b-4bf9-859c-5118db1a7fff,20,4.0,,,,98.68,51.0,47.55,50.5,52.7,55.76
2025-12-17T03:19:08.801963,Recipe_B,ca4e2b3e-360b-4bf9-859c-5118db1a7fff,20,4.0,,,,89.43,60.87,52.22,53.0,51.65,56.02
2025-12-17T03:19:09.801963,Recipe_B,ca4e2b3e-360b-4bf9-859c-5118db1a7fff,20,4.0,,,,105.29,44.46,57.12,46.76,49.66,44.57
2025-12-17T03:19:10.801963,Recipe_B,ca4e2b3e-360b-4bf9-859c-5118db1a7fff,20,4.0,,,,103.71,48.4,45.14,49.06,52.71,44.38
2025-12-17T03:19:11.801963,Recipe_B,ca4e2b3e-360b-4bf9-859c-5118db1a7fff,20,4.0,,,,100.82,50.06,50.33,63.54,49.37,50.58
2025-12-17T03:19:12.801963,Recipe_B,ca4e2b3e-360b-4bf9-859c-5118db1a7fff,20,4.0,,,,97.21,61.04,49.02,47.0,52.82,50.51
2025-12-17T03:19:13.801963,Recipe_B,ca4e2b3e-360b-4bf9-859c-5118db1a7fff,20,4.0,,,,97.31,62.07,57.55,48.64,55.1,56.46
2025-12-17T03:19:14.801963,Recipe_B,ca4e2b3e-360b-4bf9-859c-5118db1a7fff,20,4.0,,,,107.44,51.52,52.78,58.34,47.74,65.46
2025-12-17T03:19:14.801963,Recipe_B,ca4e2b3e-360b-4bf9-859c-5118db1a7fff,20,4.0,Warning_5,Simulated Warning occurred,Warning,,,,,,
2025-12-17T03:19:15.801963,Recipe_B,ca4e2b3e-360b-4bf9-859c-5118db1a7fff,20,4.0,,,,100.35,49.94,45.66,46.69,53.3,54.51
2025-12-17T03:19:16.801963,Recipe_B,ca4e2b3e-360b-4bf9-859c-5118db1a7fff,20,4.0,,,,98.0,59.45,43.62,50.25,51.07,54.53
2025-12-17T03:19:17.801963,Recipe_B,ca4e2b3e-360b-4bf9-859c-5118db1a7fff,20,4.0,,,,96.93,54.0,42.79,44.63,48.72,57.27
2025-12-17T03:19:18.801963,Recipe_B,ca4e2b3e-360b-4bf9-859c-5118db1a7fff,20,4.0,,,,95.2,56.65,52.11,55.09,57.27,49.58
2025-12-17T03:19:19.801963,Recipe_B,ca4e2b3e-360b-4bf9-859c-5118db1a7fff,20,4.0,,,,98.81,47.85,46.34,52.52,55.13,52.03
2025-12-17T03:19:20.801963,Recipe_B,ca4e2b3e-360b-4bf9-859c-5118db1a7fff,20,4.0,,,,95.67,44.93,49.1,39.05,47.17,43.7
2025-12-17T03:19:21.801963,Recipe_B,ca4e2b3e-360b-4bf9-859c-5118db1a7fff,20,4.0,,,,95.67,52.15,50.55,45.98,48.04,58.32
2025-12-17T03:19:22.801963,Recipe_B,ca4e2b3e-360b-4bf9-859c-5118db1a7fff,20,4.0,,,,103.11,50.73,44.16,46.75,59.6,43.58
2025-12-17T03:19:23.801963,Recipe_B,ca4e2b3e-360b-4bf9-859c-5118db1a7fff,20,4.0,,,,100.38,40.83,49.19,51.31,46.81,46.61
2025-12-17T03:19:24.801963,Recipe_B,ca4e2b3e-360b-4bf9-859c-5118db1a7fff,20,4.0,,,,93.82,51.15,48.83,48.53,47.69,40.56
2025-12-17T03:19:25.801963,Recipe_B,ca4e2b3e-360b-4bf9-859c-5118db1a7fff,20,4.0,,,,98.03,57.58,51.05,46.69,49.13,51.9
2025-12-17T03:19:26.801963,Recipe_B,ca4e2b3e-360b-4bf9-859c-5118db1a7fff,20,4.0,,,,101.77,50.04,48.31,63.39,49.41,48.1
2025-12-17T03:19:27.801963,Recipe_B,ca4e2b3e-360b-4bf9-859c-5118db1a7fff,20,4.0,,,,95.28,35.81,44.61,43.65,45.65,52.86
2025-12-17T03:19:28.801963,Recipe_B,ca4e2b3e-360b-4bf9-859c-5118db1a7fff,20,4.0,,,,99.16,46.52,57.61,49.35,40.77,44.55
2025-12-17T03:19:29.801963,Recipe_B,ca4e2b3e-360b-4bf9-859c-5118db1a7fff,20,4.0,,,,96.58,52.45,58.03,43.87,51.36,52.2
2025-12-17T03:19:30.801963,Recipe_B,ca4e2b3e-360b-4bf9-859c-5118db1a7fff,20,4.0,,,,102.65,50.39,47.4,49.38,45.67,55.79
2025-12-17T03:19:31.801963,Recipe_B,ca4e2b3e-360b-4bf9-859c-5118db1a7fff,20,4.0,,,,106.09,45.54,38.37,52.31,47.47,53.91
2025-12-17T03:19:32.801963,Recipe_B,ca4e2b3e-360b-4bf9-859c-5118db1a7fff,20,4.0,,,,91.09,48.0,48.44,45.71,45.05,51.84
2025-12-17T03:19:33.801963,Recipe_B,ca4e2b3e-360b-4bf9-859c-5118db1a7fff,20,4.0,,,,104.29,55.75,51.51,41.71,48.33,45.11
2025-12-17T03:19:34.801963,Recipe_B,ca4e2b3e-360b-4bf9-859c-5118db1a7fff,20,4.0,,,,97.58,46.83,57.0,48.93,56.25,53.98
2025-12-17T03:19:35.801963,Recipe_B,ca4e2b3e-360b-4bf9-859c-5118db1a7fff,20,4.0,,,,104.18,46.02,52.14,52.92,54.61,46.24
2025-12-17T03:19:36.801963,Recipe_B,ca4e2b3e-360b-4bf9-859c-5118db1a7fff,20,4.0,,,,96.84,54.27,54.47,58.99,43.19,47.66
2025-12-17T03:19:37.801963,Recipe_B,ca4e2b3e-360b-4bf9-859c-5118db1a7fff,20,4.0,,,,96.75,52.29,46.36,56.05,49.52,51.74
2025-12-17T03:19:38.801963,Recipe_B,ca4e2b3e-360b-4bf9-859c-5118db1a7fff,20,4.0,,,,109.25,51.07,49.58,49.74,56.07,50.35
2025-12-17T03:19:39.801963,Recipe_B,ca4e2b3e-360b-4bf9-859c-5118db1a7fff,20,4.0,,,,102.19,49.76,43.04,52.25,54.12,50.35
2025-12-17T03:19:40.801963,Recipe_B,ca4e2b3e-360b-4bf9-859c-5118db1a7fff,20,4.0,,,,100.81,53.22,49.01,52.64,34.24,50.37
2025-12-17T03:19:41.801963,Recipe_B,ca4e2b3e-360b-4bf9-859c-5118db1a7fff,20,4.0,,,,103.33,51.31,52.48,54.42,53.46,53.32
2025-12-17T03:19:42.801963,Recipe_B,ca4e2b3e-360b-4bf9-859c-5118db1a7fff,20,4.0,,,,107.87,47.41,59.68,47.56,50.7,50.95
2025-12-17T03:19:42.801963,Recipe_B,ca4e2b3e-360b-4bf9-859c-5118db1a7fff,20,4.0,Warning_4,Simulated Warning occurred,Warning,,,,,,
2025-12-17T03:19:43.801963,Recipe_B,ca4e2b3e-360b-4bf9-859c-5118db1a7fff,20,4.0,,,,102.08,46.57,51.26,53.88,48.49,49.58
2025-12-17T03:19:44.801963,Recipe_B,ca4e2b3e-360b-4bf9-859c-5118db1a7fff,20,4.0,,,,103.66,43.55,55.48,59.76,38.58,48.99
2025-12-17T03:19:45.801963,Recipe_B,ca4e2b3e-360b-4bf9-859c-5118db1a7fff,20,4.0,,,,97.55,48.95,47.76,45.62,47.57,47.33
2025-12-17T03:19:46.801963,Recipe_B,ca4e2b3e-360b-4bf9-859c-5118db1a7fff,20,4.0,,,,102.35,60.8,53.46,53.13,51.39,58.89
2025-12-17T03:19:47.801963,Recipe_B,ca4e2b3e-360b-4bf9-859c-5118db1a7fff,20,4.0,,,,102.17,47.0,52.36,50.92,46.6,47.11
2025-12-17T03:19:48.801963,Recipe_B,ca4e2b3e-360b-4bf9-859c-5118db1a7fff,20,4.0,,,,105.43,52.5,41.46,48.84,43.17,51.36
2025-12-17T03:19:49.801963,Recipe_B,ca4e2b3e-360b-4bf9-859c-5118db1a7fff,20,4.0,,,,97.39,52.08,50.31,53.82,54.09,45.6
2025-12-17T03:19:50.801963,Recipe_B,ca4e2b3e-360b-4bf9-859c-5118db1a7fff,20,4.0,,,,99.2,48.44,47.82,52.56,46.69,47.07
2025-12-17T03:19:51.801963,Recipe_B,ca4e2b3e-360b-4bf9-859c-5118db1a7fff,20,4.0,,,,96.7,50.05,48.58,51.62,42.14,52.2
2025-12-17T03:19:52.801963,Recipe_B,ca4e2b3e-360b-4bf9-859c-5118db1a7fff,20,4.0,,,,99.43,50.15,50.29,47.1,54.55,53.72
2025-12-17T03:19:53.801963,Recipe_B,ca4e2b3e-360b-4bf9-859c-5118db1a7fff,20,4.0,,,,101.97,51.0,53.54,47.91,48.43,50.63
2025-12-17T03:19:54.801963,Recipe_B,ca4e2b3e-360b-4bf9-859c-5118db1a7fff,20,4.0,,,,94.44,44.5,50.79,49.46,56.3,51.22
2025-12-17T03:19:55.801963,Recipe_B,ca4e2b3e-360b-4bf9-859c-5118db1a7fff,20,4.0,,,,92.74,57.06,47.72,44.76,47.51,45.16
2025-12-17T03:19:56.801963,Recipe_B,ca4e2b3e-360b-4bf9-859c-5118db1a7fff,20,4.0,,,,100.9,44.77,52.57,52.04,47.43,42.03
2025-12-17T03:19:57.801963,Recipe_B,ca4e2b3e-360b-4bf9-859c-5118db1a7fff,20,4.0,,,,102.47,46.86,51.04,57.63,54.84,47.01
2025-12-17T03:19:58.801963,Recipe_B,ca4e2b3e-360b-4bf9-859c-5118db1a7fff,20,4.0,,,,99.17,49.73,47.79,51.69,51.01,56.63
2025-12-17T03:19:59.801963,Recipe_B,ca4e2b3e-360b-4bf9-859c-5118db1a7fff,20,4.0,,,,93.72,49.43,48.01,41.85,43.35,51.46
2025-12-17T03:20:00.801963,Recipe_B,ca4e2b3e-360b-4bf9-859c-5118db1a7fff,20,4.0,,,,98.47,49.32,45.8,53.36,50.52,56.2
2025-12-17T03:20:01.801963,Recipe_B,ca4e2b3e-360b-4bf9-859c-5118db1a7fff,20,4.0,,,,96.99,58.46,52.63,51.66,50.49,53.65
2025-12-17T03:20:02.801963,Recipe_B,ca4e2b3e-360b-4bf9-859c-5118db1a7fff,20,4.0,,,,102.49,55.68,47.31,37.52,48.76,54.58
2025-12-17T03:20:03.801963,Recipe_B,ca4e2b3e-360b-4bf9-859c-5118db1a7fff,20,4.0,,,,93.39,52.11,54.91,46.54,44.45,51.19
2025-12-17T03:20:04.801963,Recipe_B,ca4e2b3e-360b-4bf9-859c-5118db1a7fff,20,4.0,,,,100.49,40.97,46.03,45.34,44.24,50.51
2025-12-17T03:20:05.801963,Recipe_B,ca4e2b3e-360b-4bf9-859c-5118db1a7fff,20,4.0,,,,97.41,49.81,45.52,47.88,47.37,58.11
2025-12-17T03:20:06.801963,Recipe_B,ca4e2b3e-360b-4bf9-859c-5118db1a7fff,20,4.0,,,,94.68,51.08,49.01,49.31,45.23,50.52
2025-12-17T03:20:07.801963,Recipe_B,ca4e2b3e-360b-4bf9-859c-5118db1a7fff,20,4.0,,,,100.28,50.76,55.2,54.23,48.2,45.42
2025-12-17T03:20:08.801963,Recipe_B,ca4e2b3e-360b-4bf9-859c-5118db1a7fff,20,4.0,,,,101.93,52.0,50.01,53.81,43.24,48.01
2025-12-17T03:20:09.801963,Recipe_B,ca4e2b3e-360b-4bf9-859c-5118db1a7fff,20,4.0,,,,104.28,48.17,40.83,46.09,51.08,46.86
2025-12-17T03:20:10.801963,Recipe_B,ca4e2b3e-360b-4bf9-859c-5118db1a7fff,20,4.0,,,,93.59,45.57,50.74,51.78,50.23,41.11
2025-12-17T03:20:11.801963,Recipe_B,ca4e2b3e-360b-4bf9-859c-5118db1a7fff,20,4.0,,,,101.05,48.73,53.94,48.43,48.79,57.01
2025-12-17T03:20:12.801963,Recipe_B,ca4e2b3e-360b-4bf9-859c-5118db1a7fff,20,4.0,,,,89.87,45.2,40.67,52.81,56.43,46.34
2025-12-17T03:20:13.801963,Recipe_B,ca4e2b3e-360b-4bf9-859c-5118db1a7fff,20,4.0,,,,99.44,47.83,44.4,47.87,52.35,43.16
2025-12-17T03:20:14.801963,Recipe_B,ca4e2b3e-360b-4bf9-859c-5118db1a7fff,20,4.0,,,,105.65,46.26,59.82,49.05,61.46,56.33
2025-12-17T03:20:15.801963,Recipe_B,ca4e2b3e-360b-4bf9-859c-5118db1a7fff,20,4.0,,,,92.18,62.78,39.71,43.25,49.39,50.12
2025-12-17T03:20:16.801963,Recipe_B,ca4e2b3e-360b-4bf9-859c-5118db1a7fff,20,4.0,,,,104.05,48.68,50.82,43.76,50.23,43.67
2025-12-17T03:20:17.801963,Recipe_B,ca4e2b3e-360b-4bf9-859c-5118db1a7fff,20,4.0,,,,103.02,64.92,56.35,51.35,49.57,49.76
2025-12-17T03:20:18.801963,Recipe_B,ca4e2b3e-360b-4bf9-859c-5118db1a7fff,20,4.0,,,,89.47,55.75,55.44,57.05,48.26,53.89
2025-12-17T03:20:19.801963,Recipe_B,ca4e2b3e-360b-4bf9-859c-5118db1a7fff,20,4.0,,,,98.5,51.65,59.93,45.71,52.94,51.73
2025-12-17T03:20:20.801963,Recipe_B,ca4e2b3e-360b-4bf9-859c-5118db1a7fff,20,4.0,,,,92.41,53.83,45.58,50.46,54.83,49.81
2025-12-17T03:20:21.801963,Recipe_B,ca4e2b3e-360b-4bf9-859c-5118db1a7fff,20,4.0,,,,104.63,49.24,53.56,46.4,52.09,58.58
2025-12-17T03:20:22.801963,Recipe_B,ca4e2b3e-360b-4bf9-859c-5118db1a7fff,20,4.0,,,,100.02,43.52,55.63,52.35,49.1,43.64
2025-12-17T03:20:23.801963,Recipe_B,ca4e2b3e-360b-4bf9-859c-5118db1a7fff,20,4.0,,,,103.17,44.83,48.62,50.75,50.08,52.09
2025-12-17T03:20:24.801963,Recipe_B,ca4e2b3e-360b-4bf9-859c-5118db1a7fff,20,4.0,,,,105.72,46.75,52.71,51.4,46.45,55.07
2025-12-17T03:20:25.801963,Recipe_B,ca4e2b3e-360b-4bf9-859c-5118db1a7fff,20,4.0,,,,105.86,44.05,38.93,52.04,44.13,43.7
2025-12-17T03:20:26.801963,Recipe_B,ca4e2b3e-360b-4bf9-859c-5118db1a7fff,20,4.0,,,,99.4,56.72,54.66,50.43,48.15,43.03
2025-12-17T03:20:27.801963,Recipe_B,ca4e2b3e-360b-4bf9-859c-5118db1a7fff,20,4.0,,,,98.11,50.29,49.38,48.33,55.53,40.42
2025-12-17T03:20:28.801963,Recipe_B,ca4e2b3e-360b-4bf9-859c-5118db1a7fff,20,4.0,,,,97.06,46.54,48.35,47.27,43.32,51.43
2025-12-17T03:20:29.801963,Recipe_B,ca4e2b3e-360b-4bf9-859c-5118db1a7fff,20,4.0,,,,100.46,49.97,46.77,54.94,49.42,43.15
2025-12-17T03:20:30.801963,Recipe_B,ca4e2b3e-360b-4bf9-859c-5118db1a7fff,20,4.0,,,,106.64,44.29,55.87,38.76,46.73,51.39
2025-12-17T03:20:31.801963,Recipe_B,ca4e2b3e-360b-4bf9-859c-5118db1a7fff,20,4.0,,,,101.47,58.72,50.23,51.86,53.65,47.54
2025-12-17T03:20:32.801963,Recipe_B,ca4e2b3e-360b-4bf9-859c-5118db1a7fff,20,4.0,,,,103.71,48.28,47.42,52.12,44.27,49.6
2025-12-17T03:20:33.801963,Recipe_B,ca4e2b3e-360b-4bf9-859c-5118db1a7fff,20,4.0,,,,105.06,49.65,61.65,58.82,50.32,57.35
2025-12-17T03:20:34.801963,Recipe_B,ca4e2b3e-360b-4bf9-859c-5118db1a7fff,20,4.0,,,,100.32,53.67,46.92,54.31,48.23,47.69
2025-12-17T03:20:35.801963,Recipe_B,ca4e2b3e-360b-4bf9-859c-5118db1a7fff,20,4.0,,,,98.86,45.91,56.97,51.67,49.32,42.61
2025-12-17T03:20:36.801963,Recipe_B,ca4e2b3e-360b-4bf9-859c-5118db1a7fff,20,4.0,,,,98.1,52.81,53.17,56.96,44.39,53.48
2025-12-17T03:20:37.801963,Recipe_B,ca4e2b3e-360b-4bf9-859c-5118db1a7fff,20,4.0,,,,107.25,46.97,43.54,51.33,50.24,43.29
2025-12-17T03:20:38.801963,Recipe_B,ca4e2b3e-360b-4bf9-859c-5118db1a7fff,20,4.0,,,,102.06,43.06,43.9,47.24,53.36,50.38
2025-12-17T03:20:39.801963,Recipe_B,ca4e2b3e-360b-4bf9-859c-5118db1a7fff,20,4.0,,,,108.72,51.53,54.42,50.1,52.92,56.17
2025-12-17T03:20:40.801963,Recipe_B,ca4e2b3e-360b-4bf9-859c-5118db1a7fff,20,4.0,,,,106.31,38.66,55.03,51.32,52.6,43.15
2025-12-17T03:20:41.801963,Recipe_B,ca4e2b3e-360b-4bf9-859c-5118db1a7fff,20,4.0,,,,90.81,49.72,54.81,48.16,44.43,50.82
2025-12-17T03:20:42.801963,Recipe_B,ca4e2b3e-360b-4bf9-859c-5118db1a7fff,20,2.0,,,,8.13,8.67,9.42,11.38,10.58,14.7
2025-12-17T03:20:43.801963,Recipe_B,ca4e2b3e-360b-4bf9-859c-5118db1a7fff,20,2.0,,,,9.65,10.35,8.05,11.64,11.61,12.04
2025-12-17T03:20:44.801963,Recipe_B,ca4e2b3e-360b-4bf9-859c-5118db1a7fff,20,2.0,,,,13.04,6.64,10.82,12.82,11.78,10.72
2025-12-17T03:20:45.801963,Recipe_B,ca4e2b3e-360b-4bf9-859c-5118db1a7fff,20,2.0,,,,9.57,8.27,11.91,10.7,12.89,9.34
2025-12-17T03:20:46.801963,Recipe_B,ca4e2b3e-360b-4bf9-859c-5118db1a7fff,20,2.0,,,,13.73,13.75,9.68,11.52,8.79,6.76
2025-12-17T03:20:47.801963,Recipe_B,ca4e2b3e-360b-4bf9-859c-5118db1a7fff,20,2.0,,,,8.8,5.73,9.05,9.79,9.05,10.72
2025-12-17T03:20:48.801963,Recipe_B,ca4e2b3e-360b-4bf9-859c-5118db1a7fff,20,2.0,,,,12.23,9.63,12.95,9.47,10.86,12.49
2025-12-17T03:20:49.801963,Recipe_B,ca4e2b3e-360b-4bf9-859c-5118db1a7fff,20,2.0,,,,11.45,11.0,10.27,9.91,8.8,7.49
2025-12-17T03:20:50.801963,Recipe_B,ca4e2b3e-360b-4bf9-859c-5118db1a7fff,20,2.0,,,,9.31,8.7,11.01,14.04,10.01,11.67
2025-12-17T03:20:51.801963,Recipe_B,ca4e2b3e-360b-4bf9-859c-5118db1a7fff,20,2.0,,,,9.81,9.05,8.58,13.1,9.31,9.16
2025-12-17T03:20:52.801963,Recipe_B,ca4e2b3e-360b-4bf9-859c-5118db1a7fff,20,2.0,,,,10.85,9.85,9.43,8.4,11.02,10.46
2025-12-17T03:20:53.801963,Recipe_B,ca4e2b3e-360b-4bf9-859c-5118db1a7fff,20,2.0,,,,12.96,10.4,9.06,8.41,11.37,10.49
2025-12-17T03:20:54.801963,Recipe_B,ca4e2b3e-360b-4bf9-859c-5118db1a7fff,20,2.0,,,,6.34,13.16,9.11,10.2,10.73,9.36
2025-12-17T03:20:55.801963,Recipe_B,ca4e2b3e-360b-4bf9-859c-5118db1a7fff,20,2.0,,,,10.21,8.86,5.05,9.36,7.18,11.55
2025-12-17T03:20:56.801963,Recipe_B,ca4e2b3e-360b-4bf9-859c-5118db1a7fff,20,2.0,,,,13.53,10.78,9.23,9.36,8.89,9.93
2025-12-17T03:20:57.801963,Recipe_B,ca4e2b3e-360b-4bf9-859c-5118db1a7fff,20,2.0,,,,7.27,11.44,8.59,8.98,7.84,6.43
2025-12-17T03:20:58.801963,Recipe_B,ca4e2b3e-360b-4bf9-859c-5118db1a7fff,20,2.0,,,,9.78,12.8,12.56,8.92,9.34,9.3
2025-12-17T03:20:59.801963,Recipe_B,ca4e2b3e-360b-4bf9-859c-5118db1a7fff,20,2.0,,,,9.87,6.34,10.07,13.08,11.0,12.54
2025-12-17T03:21:00.801963,Recipe_B,ca4e2b3e-360b-4bf9-859c-5118db1a7fff,20,2.0,,,,8.79,9.66,10.4,8.08,11.55,11.2
2025-12-17T03:21:01.801963,Recipe_B,ca4e2b3e-360b-4bf9-859c-5118db1a7fff,20,2.0,,,,11.55,10.5,11.35,8.56,10.22,11.85
2025-12-17T03:21:02.801963,Recipe_B,ca4e2b3e-360b-4bf9-859c-5118db1a7fff,20,2.0,,,,10.87,9.82,6.33,9.07,7.16,9.54
2025-12-17T03:21:03.801963,Recipe_B,ca4e2b3e-360b-4bf9-859c-5118db1a7fff,20,2.0,,,,9.71,12.38,14.45,10.01,10.53,9.98
2025-12-17T03:21:04.801963,Recipe_B,ca4e2b3e-360b-4bf9-859c-5118db1a7fff,20,2.0,,,,9.14,12.48,5.81,8.69,8.9,13.22
2025-12-17T03:21:05.801963,Recipe_B,ca4e2b3e-360b-4bf9-859c-5118db1a7fff,20,2.0,,,,11.31,10.59,10.71,10.59,11.53,9.55
2025-12-17T03:21:06.801963,Recipe_B,ca4e2b3e-360b-4bf9-859c-5118db1a7fff,20,2.0,,,,9.69,10.74,8.95,12.69,9.51,8.31
2025-12-17T03:21:07.801963,Recipe_B,ca4e2b3e-360b-4bf9-859c-5118db1a7fff,20,2.0,,,,7.64,7.41,10.9,9.36,12.39,12.96
2025-12-17T03:21:08.801963,Recipe_B,ca4e2b3e-360b-4bf9-859c-5118db1a7fff,20,2.0,,,,10.97,10.04,12.79,9.95,11.33,12.11
2025-12-17T03:21:09.801963,Recipe_B,ca4e2b3e-360b-4bf9-859c-5118db1a7fff,20,2.0,,,,10.79,10.09,7.95,9.81,12.77,10.29
2025-12-17T03:21:10.801963,Recipe_B,ca4e2b3e-360b-4bf9-859c-5118db1a7fff,20,2.0,,,,7.83,8.25,11.53,11.3,12.39,11.19
2025-12-17T03:21:11.801963,Recipe_B,ca4e2b3e-360b-4bf9-859c-5118db1a7fff,20,2.0,,,,7.93,13.9,11.63,8.37,8.44,7.98
2025-12-17T03:21:12.801963,Recipe_B,ca4e2b3e-360b-4bf9-859c-5118db1a7fff,20,2.0,,,,8.98,10.29,10.68,9.33,7.89,7.41
2025-12-17T03:21:13.801963,Recipe_B,ca4e2b3e-360b-4bf9-859c-5118db1a7fff,20,2.0,,,,9.26,13.63,8.68,12.75,12.64,10.2
2025-12-17T03:21:14.801963,Recipe_B,ca4e2b3e-360b-4bf9-859c-5118db1a7fff,20,2.0,,,,10.05,12.15,13.28,11.44,10.63,10.62
2025-12-17T03:21:15.801963,Recipe_B,ca4e2b3e-360b-4bf9-859c-5118db1a7fff,20,2.0,,,,9.11,12.36,11.43,10.54,8.22,7.96
2025-12-17T03:21:16.801963,Recipe_B,ca4e2b3e-360b-4bf9-859c-5118db1a7fff,20,2.0,,,,7.12,10.79,8.37,11.97,9.04,8.7
2025-12-17T03:21:17.801963,Recipe_B,ca4e2b3e-360b-4bf9-859c-5118db1a7fff,20,2.0,,,,8.0,11.25,10.36,10.77,9.45,8.8
2025-12-17T03:21:18.801963,Recipe_B,ca4e2b3e-360b-4bf9-859c-5118db1a7fff,20,2.0,,,,10.17,9.75,13.01,8.91,5.74,7.59
2025-12-17T03:21:19.801963,Recipe_B,ca4e2b3e-360b-4bf9-859c-5118db1a7fff,20,2.0,,,,8.84,14.47,7.33,11.81,15.28,13.0
2025-12-17T03:21:20.801963,Recipe_B,ca4e2b3e-360b-4bf9-859c-5118db1a7fff,20,2.0,,,,10.34,12.08,11.58,11.13,13.45,6.91
2025-12-17T03:21:21.801963,Recipe_B,ca4e2b3e-360b-4bf9-859c-5118db1a7fff,20,2.0,,,,11.33,6.7,8.52,11.66,10.81,8.39
2025-12-17T03:21:22.801963,Recipe_B,ca4e2b3e-360b-4bf9-859c-5118db1a7fff,20,2.0,,,,10.17,11.66,12.33,11.43,14.38,8.05
2025-12-17T03:21:23.801963,Recipe_B,ca4e2b3e-360b-4bf9-859c-5118db1a7fff,20,2.0,,,,10.55,11.02,12.66,7.16,7.91,8.77
2025-12-17T03:21:24.801963,Recipe_B,ca4e2b3e-360b-4bf9-859c-5118db1a7fff,20,2.0,,,,7.1,11.32,10.31,8.74,7.39,9.57
2025-12-17T03:21:25.801963,Recipe_B,ca4e2b3e-360b-4bf9-859c-5118db1a7fff,20,2.0,,,,8.77,9.66,9.12,10.09,8.17,11.06
2025-12-17T03:21:26.801963,Recipe_B,ca4e2b3e-360b-4bf9-859c-5118db1a7fff,20,2.0,,,,11.35,9.02,9.72,8.6,11.66,8.0
2025-12-17T03:21:27.801963,Recipe_B,ca4e2b3e-360b-4bf9-859c-5118db1a7fff,20,2.0,,,,9.67,9.93,8.15,11.02,6.92,12.79
2025-12-17T03:21:28.801963,Recipe_B,ca4e2b3e-360b-4bf9-859c-5118db1a7fff,20,2.0,,,,6.89,8.1,9.2,9.46,9.21,12.35
2025-12-17T03:21:29.801963,Recipe_B,ca4e2b3e-360b-4bf9-859c-5118db1a7fff,20,2.0,,,,11.22,9.64,8.0,12.31,8.34,8.07
2025-12-17T03:21:30.801963,Recipe_B,ca4e2b3e-360b-4bf9-859c-5118db1a7fff,20,2.0,,,,12.43,6.9,9.38,12.14,9.59,11.29
2025-12-17T03:21:31.801963,Recipe_B,ca4e2b3e-360b-4bf9-859c-5118db1a7fff,20,2.0,,,,10.63,11.04,8.05,7.49,11.38,8.3
2025-12-17T03:21:32.801963,Recipe_B,ca4e2b3e-360b-4bf9-859c-5118db1a7fff,20,2.0,,,,7.69,8.95,12.25,8.63,7.12,10.76
2025-12-17T03:21:33.801963,Recipe_B,ca4e2b3e-360b-4bf9-859c-5118db1a7fff,20,2.0,,,,8.61,9.14,10.1,10.43,9.52,10.9
2025-12-17T03:21:34.801963,Recipe_B,ca4e2b3e-360b-4bf9-859c-5118db1a7fff,20,2.0,,,,12.29,6.42,8.7,8.58,7.99,10.47
2025-12-17T03:21:35.801963,Recipe_B,ca4e2b3e-360b-4bf9-859c-5118db1a7fff,20,2.0,,,,13.0,9.21,6.46,12.61,8.96,9.11
2025-12-17T03:21:36.801963,Recipe_B,ca4e2b3e-360b-4bf9-859c-5118db1a7fff,20,2.0,,,,12.72,8.14,11.34,11.32,8.41,11.73
2025-12-17T03:21:37.801963,Recipe_B,ca4e2b3e-360b-4bf9-859c-5118db1a7fff,20,2.0,,,,12.91,7.55,11.92,7.1,9.01,13.39
2025-12-17T03:21:38.801963,Recipe_B,ca4e2b3e-360b-4bf9-859c-5118db1a7fff,20,2.0,,,,6.57,10.08,5.78,11.49,10.09,7.88
2025-12-17T03:21:39.801963,Recipe_B,ca4e2b3e-360b-4bf9-859c-5118db1a7fff,20,2.0,,,,8.78,11.82,9.92,9.68,9.39,9.66
2025-12-17T03:21:40.801963,Recipe_B,ca4e2b3e-360b-4bf9-859c-5118db1a7fff,20,2.0,,,,12.38,7.07,8.78,7.65,8.07,8.81
2025-12-17T03:21:41.801963,Recipe_B,ca4e2b3e-360b-4bf9-859c-5118db1a7fff,20,2.0,,,,12.24,10.58,10.32,8.38,8.42,7.65
2025-12-17T03:21:42.801963,Recipe_B,ca4e2b3e-360b-4bf9-859c-5118db1a7fff,20,1.0,,,,6.62,11.33,6.91,11.73,10.93,8.08
2025-12-17T03:21:43.801963,Recipe_B,ca4e2b3e-360b-4bf9-859c-5118db1a7fff,20,1.0,,,,9.7,9.07,2.64,13.41,12.08,10.35
2025-12-17T03:21:43.801963,Recipe_B,ca4e2b3e-360b-4bf9-859c-5118db1a7fff,20,1.0,Warning_7,Simulated Warning occurred,Warning,,,,,,
2025-12-17T03:21:44.801963,Recipe_B,ca4e2b3e-360b-4bf9-859c-5118db1a7fff,20,1.0,,,,9.75,7.54,13.78,12.21,13.06,8.13
2025-12-17T03:21:45.801963,Recipe_B,ca4e2b3e-360b-4bf9-859c-5118db1a7fff,20,1.0,,,,7.58,10.43,12.62,10.47,9.58,13.32
2025-12-17T03:21:46.801963,Recipe_B,ca4e2b3e-360b-4bf9-859c-5118db1a7fff,20,1.0,,,,7.56,9.16,9.36,7.53,9.38,9.62
2025-12-17T03:21:47.801963,Recipe_B,ca4e2b3e-360b-4bf9-859c-5118db1a7fff,20,5.0,,,,8.21,8.81,11.88,7.88,9.23,8.36
2025-12-17T03:21:48.801963,Recipe_B,ca4e2b3e-360b-4bf9-859c-5118db1a7fff,20,5.0,,,,11.53,8.62,8.16,9.94,10.64,9.66
2025-12-17T03:21:49.801963,Recipe_B,ca4e2b3e-360b-4bf9-859c-5118db1a7fff,20,5.0,,,,11.02,10.9,6.94,10.89,12.23,11.6
2025-12-17T03:21:50.801963,Recipe_B,ca4e2b3e-360b-4bf9-859c-5118db1a7fff,20,5.0,,,,10.1,10.25,7.31,9.13,11.73,8.49
2025-12-17T03:21:51.801963,Recipe_B,ca4e2b3e-360b-4bf9-859c-5118db1a7fff,20,5.0,,,,10.87,9.86,12.15,15.01,10.53,12.93
2025-12-17T03:21:52.801963,Recipe_B,ca4e2b3e-360b-4bf9-859c-5118db1a7fff,20,5.0,,,,12.9,11.34,11.25,9.24,12.35,7.24
2025-12-17T03:21:53.801963,Recipe_B,ca4e2b3e-360b-4bf9-859c-5118db1a7fff,20,5.0,,,,9.06,11.27,14.14,10.08,12.07,11.52
2025-12-17T03:21:54.801963,Recipe_B,ca4e2b3e-360b-4bf9-859c-5118db1a7fff,20,5.0,,,,12.61,8.48,8.92,9.35,11.31,12.61
2025-12-17T03:21:55.801963,Recipe_B,ca4e2b3e-360b-4bf9-859c-5118db1a7fff,20,5.0,,,,9.97,8.76,12.58,11.43,9.6,15.31
2025-12-17T03:21:56.801963,Recipe_B,ca4e2b3e-360b-4bf9-859c-5118db1a7fff,20,5.0,,,,9.78,9.16,9.46,12.63,5.95,9.94
2025-12-17T03:21:57.801963,Recipe_B,ca4e2b3e-360b-4bf9-859c-5118db1a7fff,20,5.0,,,,8.61,12.25,12.92,9.42,13.87,12.35
2025-12-17T03:21:58.801963,Recipe_B,ca4e2b3e-360b-4bf9-859c-5118db1a7fff,20,5.0,,,,8.74,9.61,10.35,9.67,11.24,10.06
2025-12-17T03:21:59.801963,Recipe_B,ca4e2b3e-360b-4bf9-859c-5118db1a7fff,20,5.0,,,,11.13,8.88,8.29,9.42,9.96,9.55
2025-12-17T03:22:00.801963,Recipe_B,ca4e2b3e-360b-4bf9-859c-5118db1a7fff,20,5.0,,,,10.43,7.81,9.5,6.46,10.7,7.77
2025-12-17T03:22:01.801963,Recipe_B,ca4e2b3e-360b-4bf9-859c-5118db1a7fff,20,5.0,,,,13.46,8.6,9.69,8.84,9.66,10.23
2025-12-17T03:22:02.801963,Recipe_B,ca4e2b3e-360b-4bf9-859c-5118db1a7fff,20,5.0,,,,7.25,8.88,9.03,12.07,10.42,12.4
2025-12-17T03:22:03.801963,Recipe_B,ca4e2b3e-360b-4bf9-859c-5118db1a7fff,20,5.0,,,,7.58,10.29,9.72,8.94,11.3,7.52
2025-12-17T03:22:04.801963,Recipe_B,ca4e2b3e-360b-4bf9-859c-5118db1a7fff,20,5.0,,,,11.06,11.67,13.25,10.18,10.45,7.53
2025-12-17T03:22:05.801963,Recipe_B,ca4e2b3e-360b-4bf9-859c-5118db1a7fff,20,5.0,,,,7.51,12.34,7.77,7.92,11.98,13.52
2025-12-17T03:22:06.801963,Recipe_B,ca4e2b3e-360b-4bf9-859c-5118db1a7fff,20,5.0,,,,8.76,7.58,11.0,9.58,10.96,11.61
2025-12-17T03:22:07.801963,Recipe_B,ca4e2b3e-360b-4bf9-859c-5118db1a7fff,20,5.0,,,,10.53,9.26,13.03,10.61,8.51,10.61
2025-12-17T03:22:08.801963,Recipe_B,ca4e2b3e-360b-4bf9-859c-5118db1a7fff,20,5.0,,,,8.27,8.75,8.75,5.98,7.91,10.21
2025-12-17T03:22:09.801963,Recipe_B,ca4e2b3e-360b-4bf9-859c-5118db1a7fff,20,5.0,,,,11.96,8.32,10.9,7.38,9.22,8.71
2025-12-17T03:22:10.801963,Recipe_B,ca4e2b3e-360b-4bf9-859c-5118db1a7fff,20,5.0,,,,10.18,10.18,13.1,12.1,10.27,14.05
2025-12-17T03:22:11.801963,Recipe_B,ca4e2b3e-360b-4bf9-859c-5118db1a7fff,20,5.0,,,,10.76,8.61,6.81,7.96,10.05,8.06
2025-12-17T03:22:12.801963,Recipe_B,ca4e2b3e-360b-4bf9-859c-5118db1a7fff,20,5.0,,,,6.14,8.45,8.52,11.39,8.91,12.48
2025-12-17T03:22:13.801963,Recipe_B,ca4e2b3e-360b-4bf9-859c-5118db1a7fff,20,5.0,,,,13.28,8.1,10.03,8.66,11.72,9.41
2025-12-17T03:22:14.801963,Recipe_B,ca4e2b3e-360b-4bf9-859c-5118db1a7fff,20,1.0,,,,11.6,11.84,6.17,8.71,13.09,8.15
2025-12-17T03:22:15.801963,Recipe_B,ca4e2b3e-360b-4bf9-859c-5118db1a7fff,20,1.0,,,,10.38,11.24,13.51,9.45,5.64,8.43
2025-12-17T03:22:16.801963,Recipe_B,ca4e2b3e-360b-4bf9-859c-5118db1a7fff,20,1.0,,,,9.48,9.52,12.09,10.2,8.4,10.09
2025-12-17T03:22:17.801963,Recipe_B,ca4e2b3e-360b-4bf9-859c-5118db1a7fff,20,1.0,,,,8.7,7.39,10.7,8.13,12.52,6.04
2025-12-17T03:22:18.801963,Recipe_B,ca4e2b3e-360b-4bf9-859c-5118db1a7fff,20,1.0,,,,13.02,9.88,8.49,12.65,8.13,10.48
2025-12-17T03:22:19.801963,Recipe_B,ca4e2b3e-360b-4bf9-859c-5118db1a7fff,20,1.0,,,,7.67,8.06,8.58,11.8,10.27,8.61
2025-12-17T03:22:20.801963,Recipe_B,ca4e2b3e-360b-4bf9-859c-5118db1a7fff,20,1.0,,,,8.38,7.74,9.21,9.48,6.67,11.73
2025-12-17T03:22:21.801963,Recipe_B,ca4e2b3e-360b-4bf9-859c-5118db1a7fff,20,1.0,,,,9.85,6.05,7.84,7.14,12.2,10.92
2025-12-17T03:22:22.801963,Recipe_B,ca4e2b3e-360b-4bf9-859c-5118db1a7fff,20,5.0,,,,8.8,11.25,8.61,11.18,6.14,8.71
2025-12-17T03:22:23.801963,Recipe_B,ca4e2b3e-360b-4bf9-859c-5118db1a7fff,20,5.0,,,,10.25,9.56,10.99,11.87,9.8,10.69
2025-12-17T03:22:24.801963,Recipe_B,ca4e2b3e-360b-4bf9-859c-5118db1a7fff,20,5.0,,,,11.51,8.0,10.34,11.18,9.73,8.54
2025-12-17T03:22:25.801963,Recipe_B,ca4e2b3e-360b-4bf9-859c-5118db1a7fff,20,5.0,,,,7.27,10.14,9.97,10.54,5.93,9.95
2025-12-17T03:22:26.801963,Recipe_B,ca4e2b3e-360b-4bf9-859c-5118db1a7fff,20,5.0,,,,12.57,9.22,12.13,11.4,9.47,7.67
2025-12-17T03:22:27.801963,Recipe_B,ca4e2b3e-360b-4bf9-859c-5118db1a7fff,20,5.0,,,,11.9,9.93,10.93,9.55,9.15,11.71
2025-12-17T03:22:28.801963,Recipe_B,ca4e2b3e-360b-4bf9-859c-5118db1a7fff,20,5.0,,,,9.27,9.01,13.76,5.8,11.4,9.56
2025-12-17T03:22:29.801963,Recipe_B,ca4e2b3e-360b-4bf9-859c-5118db1a7fff,20,5.0,,,,7.11,10.85,7.98,10.31,10.15,13.5
2025-12-17T03:22:30.801963,Recipe_B,ca4e2b3e-360b-4bf9-859c-5118db1a7fff,20,5.0,,,,9.35,9.27,8.23,6.56,10.73,8.22
2025-12-17T03:22:31.801963,Recipe_B,ca4e2b3e-360b-4bf9-859c-5118db1a7fff,20,5.0,,,,8.47,8.94,8.93,3.93,7.62,7.92
2025-12-17T03:22:32.801963,Recipe_B,ca4e2b3e-360b-4bf9-859c-5118db1a7fff,20,5.0,,,,7.84,11.82,9.91,12.19,12.11,12.62
2025-12-17T03:22:33.801963,Recipe_B,ca4e2b3e-360b-4bf9-859c-5118db1a7fff,20,5.0,,,,8.27,11.29,9.85,7.73,10.85,11.08
2025-12-17T03:22:34.801963,Recipe_B,ca4e2b3e-360b-4bf9-859c-5118db1a7fff,20,5.0,,,,9.33,10.21,11.27,8.88,13.11,8.93
2025-12-17T03:22:35.801963,Recipe_B,ca4e2b3e-360b-4bf9-859c-5118db1a7fff,20,5.0,,,,11.48,9.92,8.58,8.14,8.51,9.05
2025-12-17T03:22:36.801963,Recipe_B,ca4e2b3e-360b-4bf9-859c-5118db1a7fff,20,5.0,,,,11.08,11.04,9.44,12.22,13.31,10.27
2025-12-17T03:22:37.801963,Recipe_B,ca4e2b3e-360b-4bf9-859c-5118db1a7fff,20,5.0,,,,8.56,9.36,9.57,9.38,9.95,10.2
2025-12-17T03:22:38.801963,Recipe_B,ca4e2b3e-360b-4bf9-859c-5118db1a7fff,20,5.0,,,,12.0,8.65,10.71,10.25,9.25,10.63
2025-12-17T03:22:39.801963,Recipe_B,ca4e2b3e-360b-4bf9-859c-5118db1a7fff,20,5.0,,,,5.6,8.7,10.51,9.1,4.89,10.06
2025-12-17T03:22:40.801963,Recipe_B,ca4e2b3e-360b-4bf9-859c-5118db1a7fff,20,5.0,,,,12.18,7.81,9.83,9.14,8.51,10.46
2025-12-17T03:22:41.801963,Recipe_B,ca4e2b3e-360b-4bf9-859c-5118db1a7fff,20,5.0,,,,9.7,15.69,10.68,11.77,11.45,12.62
2025-12-17T03:22:42.801963,Recipe_B,ca4e2b3e-360b-4bf9-859c-5118db1a7fff,20,5.0,,,,11.49,10.56,12.9,9.97,7.97,9.14
2025-12-17T03:22:43.801963,Recipe_B,ca4e2b3e-360b-4bf9-859c-5118db1a7fff,20,5.0,,,,6.21,10.43,11.35,11.38,10.24,10.13
2025-12-17T03:22:44.801963,Recipe_B,ca4e2b3e-360b-4bf9-859c-5118db1a7fff,20,5.0,,,,11.26,11.12,10.29,9.39,7.79,9.97
2025-12-17T03:22:45.801963,Recipe_B,ca4e2b3e-360b-4bf9-859c-5118db1a7fff,20,5.0,,,,9.39,8.85,8.95,13.14,10.88,9.08
2025-12-17T03:22:46.801963,Recipe_B,ca4e2b3e-360b-4bf9-859c-5118db1a7fff,20,5.0,,,,8.93,8.57,9.96,9.59,13.43,8.66
2025-12-17T03:22:47.801963,Recipe_B,ca4e2b3e-360b-4bf9-859c-5118db1a7fff,20,5.0,,,,13.46,12.61,11.2,10.1,4.45,13.19
2025-12-17T03:22:48.801963,Recipe_B,ca4e2b3e-360b-4bf9-859c-5118db1a7fff,20,5.0,,,,13.19,6.87,10.43,7.34,6.33,11.42
2025-12-17T03:22:49.801963,Recipe_B,ca4e2b3e-360b-4bf9-859c-5118db1a7fff,20,5.0,,,,11.28,12.82,11.47,9.91,9.25,10.67
2025-12-17T03:22:50.801963,Recipe_B,ca4e2b3e-360b-4bf9-859c-5118db1a7fff,20,5.0,,,,7.14,9.46,9.56,12.06,5.38,9.35
2025-12-17T03:22:51.801963,Recipe_B,ca4e2b3e-360b-4bf9-859c-5118db1a7fff,20,5.0,,,,10.81,8.67,9.92,8.35,8.24,9.79
2025-12-17T03:22:52.801963,Recipe_B,ca4e2b3e-360b-4bf9-859c-5118db1a7fff,20,5.0,,,,7.26,8.07,13.58,12.67,10.74,12.83
2025-12-17T03:22:53.801963,Recipe_B,ca4e2b3e-360b-4bf9-859c-5118db1a7fff,20,5.0,,,,10.53,11.39,7.98,6.37,8.06,9.62
2025-12-17T03:22:54.801963,Recipe_B,ca4e2b3e-360b-4bf9-859c-5118db1a7fff,20,5.0,,,,10.03,8.52,8.62,9.97,8.86,12.65
2025-12-17T03:22:55.801963,Recipe_B,ca4e2b3e-360b-4bf9-859c-5118db1a7fff,20,5.0,,,,12.77,10.02,9.65,6.95,8.68,12.89
2025-12-17T03:22:56.801963,Recipe_B,ca4e2b3e-360b-4bf9-859c-5118db1a7fff,20,5.0,,,,7.61,12.59,7.36,12.26,10.23,9.22
2025-12-17T03:22:57.801963,Recipe_B,ca4e2b3e-360b-4bf9-859c-5118db1a7fff,20,5.0,,,,9.27,12.9,8.64,8.61,6.98,9.12
2025-12-17T03:22:58.801963,Recipe_B,ca4e2b3e-360b-4bf9-859c-5118db1a7fff,20,5.0,,,,12.36,11.54,8.82,12.37,11.33,10.16
2025-12-17T03:22:59.801963,Recipe_B,ca4e2b3e-360b-4bf9-859c-5118db1a7fff,20,5.0,,,,14.13,11.52,4.13,13.56,7.52,7.02
2025-12-17T03:23:00.801963,Recipe_B,ca4e2b3e-360b-4bf9-859c-5118db1a7fff,20,5.0,,,,10.32,10.1,9.01,7.27,11.56,13.49
2025-12-17T03:23:01.801963,Recipe_B,ca4e2b3e-360b-4bf9-859c-5118db1a7fff,20,5.0,,,,4.48,9.02,10.46,11.45,12.8,11.72
2025-12-17T03:23:02.801963,Recipe_B,ca4e2b3e-360b-4bf9-859c-5118db1a7fff,20,5.0,,,,11.29,8.96,8.99,10.87,12.64,12.35
2025-12-17T03:23:03.801963,Recipe_B,ca4e2b3e-360b-4bf9-859c-5118db1a7fff,20,5.0,,,,10.14,10.93,11.78,13.58,8.72,6.59
2025-12-17T03:23:03.801963,Recipe_B,ca4e2b3e-360b-4bf9-859c-5118db1a7fff,20,5.0,Warning_6,Simulated Warning occurred,Warning,,,,,,
2025-12-17T03:23:04.801963,Recipe_B,ca4e2b3e-360b-4bf9-859c-5118db1a7fff,20,5.0,,,,8.42,11.29,8.67,9.77,10.91,9.23
2025-12-17T03:23:05.801963,Recipe_B,ca4e2b3e-360b-4bf9-859c-5118db1a7fff,20,5.0,,,,11.51,11.96,6.11,9.81,8.12,11.4
2025-12-17T03:23:06.801963,Recipe_B,ca4e2b3e-360b-4bf9-859c-5118db1a7fff,20,5.0,,,,8.85,8.38,11.27,10.26,10.71,10.03
2025-12-17T03:23:07.801963,Recipe_B,ca4e2b3e-360b-4bf9-859c-5118db1a7fff,20,5.0,,,,10.06,7.6,8.59,11.2,11.23,8.58
2025-12-17T03:23:08.801963,Recipe_B,ca4e2b3e-360b-4bf9-859c-5118db1a7fff,20,5.0,,,,11.5,10.69,10.19,10.83,8.52,9.05
2025-12-17T03:23:09.801963,Recipe_B,ca4e2b3e-360b-4bf9-859c-5118db1a7fff,20,5.0,,,,11.41,10.02,11.21,12.07,8.59,10.1
2025-12-17T03:23:10.801963,Recipe_B,ca4e2b3e-360b-4bf9-859c-5118db1a7fff,20,5.0,,,,9.98,10.37,10.16,6.26,12.92,8.45
2025-12-17T03:23:11.801963,Recipe_B,ca4e2b3e-360b-4bf9-859c-5118db1a7fff,20,5.0,,,,6.57,13.3,6.26,8.87,10.88,8.55
2025-12-17T03:23:12.801963,Recipe_B,ca4e2b3e-360b-4bf9-859c-5118db1a7fff,20,5.0,,,,11.07,8.72,7.85,8.94,9.06,10.94
2025-12-17T03:23:13.801963,Recipe_B,ca4e2b3e-360b-4bf9-859c-5118db1a7fff,20,5.0,,,,12.29,10.78,9.62,7.28,8.63,12.75
2025-12-17T03:23:14.801963,Recipe_B,ca4e2b3e-360b-4bf9-859c-5118db1a7fff,20,5.0,,,,12.09,8.94,9.21,7.99,10.14,9.57
2025-12-17T03:23:15.801963,Recipe_B,ca4e2b3e-360b-4bf9-859c-5118db1a7fff,20,5.0,,,,11.52,7.78,9.8,13.55,10.34,12.32
2025-12-17T03:23:16.801963,Recipe_B,ca4e2b3e-360b-4bf9-859c-5118db1a7fff,20,5.0,,,,7.58,8.24,12.08,8.82,10.21,6.87
2025-12-17T03:23:17.801963,Recipe_B,ca4e2b3e-360b-4bf9-859c-5118db1a7fff,20,5.0,,,,11.7,8.78,7.32,10.52,9.25,9.37
2025-12-17T03:23:18.801963,Recipe_B,ca4e2b3e-360b-4bf9-859c-5118db1a7fff,20,5.0,,,,9.91,10.16,12.3,11.66,9.99,9.02
2025-12-17T03:23:19.801963,Recipe_B,ca4e2b3e-360b-4bf9-859c-5118db1a7fff,20,5.0,,,,11.53,13.04,11.48,11.04,11.52,4.29
2025-12-17T03:23:20.801963,Recipe_B,ca4e2b3e-360b-4bf9-859c-5118db1a7fff,20,5.0,,,,9.98,9.26,7.42,11.69,11.7,8.99
2025-12-17T03:23:21.801963,Recipe_B,ca4e2b3e-360b-4bf9-859c-5118db1a7fff,20,5.0,,,,14.24,8.33,10.69,11.33,9.71,6.84
2025-12-17T03:23:22.801963,Recipe_B,ca4e2b3e-360b-4bf9-859c-5118db1a7fff,20,5.0,,,,7.86,10.12,10.97,9.87,8.94,8.51
2025-12-17T03:23:23.801963,Recipe_B,ca4e2b3e-360b-4bf9-859c-5118db1a7fff,20,5.0,,,,8.6,12.55,12.07,9.8,11.77,12.65
2025-12-17T03:23:24.801963,Recipe_B,ca4e2b3e-360b-4bf9-859c-5118db1a7fff,20,5.0,,,,12.83,10.93,13.23,7.39,7.87,11.89
2025-12-17T03:23:25.801963,Recipe_B,ca4e2b3e-360b-4bf9-859c-5118db1a7fff,20,5.0,,,,10.39,9.41,7.91,8.18,9.76,9.86
2025-12-17T03:23:26.801963,Recipe_B,ca4e2b3e-360b-4bf9-859c-5118db1a7fff,20,5.0,,,,13.48,6.48,9.14,13.68,10.76,11.71
2025-12-17T03:23:27.801963,Recipe_B,ca4e2b3e-360b-4bf9-859c-5118db1a7fff,20,5.0,,,,9.46,11.59,8.65,10.29,8.41,10.94
2025-12-17T03:23:28.801963,Recipe_B,ca4e2b3e-360b-4bf9-859c-5118db1a7fff,20,5.0,,,,7.43,9.17,7.11,11.89,10.25,10.57
2025-12-17T03:23:29.801963,Recipe_B,ca4e2b3e-360b-4bf9-859c-5118db1a7fff,20,5.0,,,,7.47,8.14,11.03,8.03,8.6,4.47
2025-12-17T03:23:30.801963,Recipe_B,ca4e2b3e-360b-4bf9-859c-5118db1a7fff,20,5.0,,,,7.1,10.99,10.5,7.09,9.89,14.14
2025-12-17T03:23:31.801963,Recipe_B,ca4e2b3e-360b-4bf9-859c-5118db1a7fff,20,5.0,,,,12.48,13.66,7.67,11.44,7.62,8.46
2025-12-17T03:23:32.801963,Recipe_B,ca4e2b3e-360b-4bf9-859c-5118db1a7fff,20,5.0,,,,7.88,12.28,8.01,13.1,9.55,9.67
2025-12-17T03:23:33.801963,Recipe_B,ca4e2b3e-360b-4bf9-859c-5118db1a7fff,20,5.0,,,,9.21,12.48,9.72,8.56,10.07,12.13
2025-12-17T03:23:34.801963,Recipe_B,ca4e2b3e-360b-4bf9-859c-5118db1a7fff,20,5.0,,,,9.92,7.38,6.78,8.66,6.82,10.57
2025-12-17T03:23:35.801963,Recipe_B,ca4e2b3e-360b-4bf9-859c-5118db1a7fff,20,5.0,,,,4.89,6.62,11.2,11.33,10.5,12.81
2025-12-17T03:23:36.801963,Recipe_B,ca4e2b3e-360b-4bf9-859c-5118db1a7fff,20,5.0,,,,12.28,6.43,11.51,9.87,8.6,8.09
2025-12-17T03:23:37.801963,Recipe_B,ca4e2b3e-360b-4bf9-859c-5118db1a7fff,20,5.0,,,,9.55,8.7,9.51,9.45,10.29,11.17
2025-12-17T03:23:38.801963,Recipe_B,ca4e2b3e-360b-4bf9-859c-5118db1a7fff,20,0.0,,,,0.0,0.0,0.0,0.0,0.0,0.0
2025-12-17T03:23:39.801963,Recipe_B,ca4e2b3e-360b-4bf9-859c-5118db1a7fff,20,0.0,,,,0.0,0.0,0.0,0.0,0.0,0.0
2025-12-17T03:23:39.801963,Recipe_B,ca4e2b3e-360b-4bf9-859c-5118db1a7fff,20,0.0,Warning_3,Simulated Warning occurred,Warning,,,,,,
2025-12-17T03:23:40.801963,Recipe_B,ca4e2b3e-360b-4bf9-859c-5118db1a7fff,20,0.0,,,,0.0,0.0,0.0,0.0,0.0,0.0
2025-12-17T03:23:41.801963,Recipe_B,ca4e2b3e-360b-4bf9-859c-5118db1a7fff,20,0.0,,,,0.0,0.0,0.0,0.0,0.0,0.0
2025-12-17T03:23:42.801963,Recipe_B,ca4e2b3e-360b-4bf9-859c-5118db1a7fff,20,0.0,,,,0.0,0.0,0.0,0.0,0.0,0.0
2025-12-17T03:23:43.801963,Recipe_B,ca4e2b3e-360b-4bf9-859c-5118db1a7fff,20,0.0,,,,0.0,0.0,0.0,0.0,0.0,0.0
2025-12-17T03:23:44.801963,Recipe_B,ca4e2b3e-360b-4bf9-859c-5118db1a7fff,20,0.0,,,,0.0,0.0,0.0,0.0,0.0,0.0
2025-12-17T03:23:45.801963,Recipe_B,ca4e2b3e-360b-4bf9-859c-5118db1a7fff,20,0.0,,,,0.0,0.0,0.0,0.0,0.0,0.0
2025-12-17T03:23:46.801963,Recipe_B,ca4e2b3e-360b-4bf9-859c-5118db1a7fff,20,0.0,,,,0.0,0.0,0.0,0.0,0.0,0.0
2025-12-17T03:23:47.801963,Recipe_B,ca4e2b3e-360b-4bf9-859c-5118db1a7fff,20,0.0,,,,0.0,0.0,0.0,0.0,0.0,0.0
2025-12-17T03:23:48.801963,Recipe_B,ca4e2b3e-360b-4bf9-859c-5118db1a7fff,20,0.0,,,,0.0,0.0,0.0,0.0,0.0,0.0
2025-12-17T03:23:49.801963,Recipe_B,ca4e2b3e-360b-4bf9-859c-5118db1a7fff,20,0.0,,,,0.0,0.0,0.0,0.0,0.0,0.0
2025-12-17T03:23:50.801963,Recipe_B,ca4e2b3e-360b-4bf9-859c-5118db1a7fff,20,0.0,,,,0.0,0.0,0.0,0.0,0.0,0.0
2025-12-17T03:23:51.801963,Recipe_B,ca4e2b3e-360b-4bf9-859c-5118db1a7fff,20,0.0,,,,0.0,0.0,0.0,0.0,0.0,0.0
2025-12-17T03:23:52.801963,Recipe_B,ca4e2b3e-360b-4bf9-859c-5118db1a7fff,20,0.0,,,,0.0,0.0,0.0,0.0,0.0,0.0
2025-12-17T03:23:53.801963,Recipe_B,ca4e2b3e-360b-4bf9-859c-5118db1a7fff,20,0.0,,,,0.0,0.0,0.0,0.0,0.0,0.0
2025-12-17T03:23:54.801963,Recipe_B,ca4e2b3e-360b-4bf9-859c-5118db1a7fff,20,0.0,,,,0.0,0.0,0.0,0.0,0.0,0.0
2025-12-17T03:23:55.801963,Recipe_B,ca4e2b3e-360b-4bf9-859c-5118db1a7fff,20,0.0,,,,0.0,0.0,0.0,0.0,0.0,0.0
2025-12-17T03:23:56.801963,Recipe_B,ca4e2b3e-360b-4bf9-859c-5118db1a7fff,20,0.0,,,,0.0,0.0,0.0,0.0,0.0,0.0
2025-12-17T03:23:57.801963,Recipe_B,ca4e2b3e-360b-4bf9-859c-5118db1a7fff,20,0.0,,,,0.0,0.0,0.0,0.0,0.0,0.0
2025-12-17T03:23:58.801963,Recipe_B,ca4e2b3e-360b-4bf9-859c-5118db1a7fff,20,0.0,,,,0.0,0.0,0.0,0.0,0.0,0.0
2025-12-17T03:23:59.801963,Recipe_B,ca4e2b3e-360b-4bf9-859c-5118db1a7fff,20,0.0,,,,0.0,0.0,0.0,0.0,0.0,0.0
2025-12-17T03:24:00.801963,Recipe_B,ca4e2b3e-360b-4bf9-859c-5118db1a7fff,20,0.0,,,,0.0,0.0,0.0,0.0,0.0,0.0
2025-12-17T03:24:01.801963,Recipe_B,ca4e2b3e-360b-4bf9-859c-5118db1a7fff,20,0.0,,,,0.0,0.0,0.0,0.0,0.0,0.0
2025-12-17T03:24:02.801963,Recipe_B,ca4e2b3e-360b-4bf9-859c-5118db1a7fff,20,0.0,,,,0.0,0.0,0.0,0.0,0.0,0.0
2025-12-17T03:24:03.801963,Recipe_B,ca4e2b3e-360b-4bf9-859c-5118db1a7fff,20,0.0,,,,0.0,0.0,0.0,0.0,0.0,0.0
2025-12-17T03:24:04.801963,Recipe_B,ca4e2b3e-360b-4bf9-859c-5118db1a7fff,20,0.0,,,,0.0,0.0,0.0,0.0,0.0,0.0
2025-12-17T03:24:05.801963,Recipe_B,ca4e2b3e-360b-4bf9-859c-5118db1a7fff,20,4.0,,,,100.64,57.45,42.9,58.43,45.05,47.49
2025-12-17T03:24:06.801963,Recipe_B,ca4e2b3e-360b-4bf9-859c-5118db1a7fff,20,4.0,,,,107.49,49.67,53.5,48.94,54.89,41.31
2025-12-17T03:24:07.801963,Recipe_B,ca4e2b3e-360b-4bf9-859c-5118db1a7fff,20,4.0,,,,105.02,52.25,49.11,43.34,45.52,48.76
2025-12-17T03:24:08.801963,Recipe_B,ca4e2b3e-360b-4bf9-859c-5118db1a7fff,20,4.0,,,,99.8,51.91,44.17,52.17,51.14,52.14
2025-12-17T03:24:09.801963,Recipe_B,ca4e2b3e-360b-4bf9-859c-5118db1a7fff,20,4.0,,,,99.97,42.66,53.39,48.27,51.13,48.37
2025-12-17T03:24:10.801963,Recipe_B,ca4e2b3e-360b-4bf9-859c-5118db1a7fff,20,4.0,,,,102.76,48.28,55.44,47.68,52.69,55.88
2025-12-17T03:24:11.801963,Recipe_B,ca4e2b3e-360b-4bf9-859c-5118db1a7fff,20,4.0,,,,95.07,56.72,46.9,52.12,51.91,50.27
2025-12-17T03:24:12.801963,Recipe_B,ca4e2b3e-360b-4bf9-859c-5118db1a7fff,20,4.0,,,,91.46,48.43,53.74,45.34,46.54,49.86
2025-12-17T03:24:13.801963,Recipe_B,ca4e2b3e-360b-4bf9-859c-5118db1a7fff,20,4.0,,,,88.56,39.97,49.52,57.47,43.63,56.26
2025-12-17T03:24:14.801963,Recipe_B,ca4e2b3e-360b-4bf9-859c-5118db1a7fff,20,4.0,,,,101.46,50.86,50.04,49.94,42.64,45.14
2025-12-17T03:24:15.801963,Recipe_B,ca4e2b3e-360b-4bf9-859c-5118db1a7fff,20,4.0,,,,99.88,54.94,50.02,44.61,59.15,51.96
2025-12-17T03:24:16.801963,Recipe_B,ca4e2b3e-360b-4bf9-859c-5118db1a7fff,20,4.0,,,,99.39,44.72,45.0,48.22,56.69,48.56
2025-12-17T03:24:17.801963,Recipe_B,ca4e2b3e-360b-4bf9-859c-5118db1a7fff,20,4.0,,,,98.21,53.21,47.13,46.34,54.73,44.25
2025-12-17T03:24:18.801963,Recipe_B,ca4e2b3e-360b-4bf9-859c-5118db1a7fff,20,4.0,,,,89.66,50.53,47.12,55.41,45.1,35.96
2025-12-17T03:24:19.801963,Recipe_B,ca4e2b3e-360b-4bf9-859c-5118db1a7fff,20,4.0,,,,98.49,50.61,42.66,52.58,51.36,53.03
2025-12-17T03:24:20.801963,Recipe_B,ca4e2b3e-360b-4bf9-859c-5118db1a7fff,20,4.0,,,,95.47,50.07,44.69,46.85,47.61,44.32
2025-12-17T03:24:21.801963,Recipe_B,ca4e2b3e-360b-4bf9-859c-5118db1a7fff,20,4.0,,,,87.34,52.12,57.77,47.76,48.36,50.65
2025-12-17T03:24:22.801963,Recipe_B,ca4e2b3e-360b-4bf9-859c-5118db1a7fff,20,4.0,,,,103.39,53.41,52.68,53.84,53.44,55.51
2025-12-17T03:24:23.801963,Recipe_B,ca4e2b3e-360b-4bf9-859c-5118db1a7fff,20,4.0,,,,95.87,50.01,44.89,42.56,53.11,44.2
2025-12-17T03:24:24.801963,Recipe_B,ca4e2b3e-360b-4bf9-859c-5118db1a7fff,20,4.0,,,,95.88,45.77,51.16,51.09,48.69,53.12
2025-12-17T03:24:25.801963,Recipe_B,ca4e2b3e-360b-4bf9-859c-5118db1a7fff,20,4.0,,,,110.23,56.23,46.62,46.26,55.44,51.45
2025-12-17T03:24:26.801963,Recipe_B,ca4e2b3e-360b-4bf9-859c-5118db1a7fff,20,0.0,,,,0.0,0.0,0.0,0.0,0.0,0.0
2025-12-17T03:24:27.801963,Recipe_B,ca4e2b3e-360b-4bf9-859c-5118db1a7fff,20,0.0,,,,0.0,0.0,0.0,0.0,0.0,0.0
2025-12-17T03:24:28.801963,Recipe_B,ca4e2b3e-360b-4bf9-859c-5118db1a7fff,20,0.0,,,,0.0,0.0,0.0,0.0,0.0,0.0
2025-12-17T03:24:29.801963,Recipe_B,ca4e2b3e-360b-4bf9-859c-5118db1a7fff,20,0.0,,,,0.0,0.0,0.0,0.0,0.0,0.0
2025-12-17T03:24:30.801963,Recipe_B,ca4e2b3e-360b-4bf9-859c-5118db1a7fff,20,0.0,,,,0.0,0.0,0.0,0.0,0.0,0.0
2025-12-17T03:24:31.801963,Recipe_B,ca4e2b3e-360b-4bf9-859c-5118db1a7fff,20,0.0,,,,0.0,0.0,0.0,0.0,0.0,0.0
2025-12-17T03:24:32.801963,Recipe_B,ca4e2b3e-360b-4bf9-859c-5118db1a7fff,20,0.0,,,,0.0,0.0,0.0,0.0,0.0,0.0
2025-12-17T03:24:33.801963,Recipe_B,ca4e2b3e-360b-4bf9-859c-5118db1a7fff,20,0.0,,,,0.0,0.0,0.0,0.0,0.0,0.0
2025-12-17T03:24:34.801963,Recipe_B,ca4e2b3e-360b-4bf9-859c-5118db1a7fff,20,0.0,,,,0.0,0.0,0.0,0.0,0.0,0.0
2025-12-17T03:24:35.801963,Recipe_B,ca4e2b3e-360b-4bf9-859c-5118db1a7fff,20,0.0,,,,0.0,0.0,0.0,0.0,0.0,0.0
2025-12-17T03:24:36.801963,Recipe_B,ca4e2b3e-360b-4bf9-859c-5118db1a7fff,20,0.0,,,,0.0,0.0,0.0,0.0,0.0,0.0
2025-12-17T03:24:37.801963,Recipe_B,ca4e2b3e-360b-4bf9-859c-5118db1a7fff,20,0.0,,,,0.0,0.0,0.0,0.0,0.0,0.0
2025-12-17T03:24:38.801963,Recipe_B,ca4e2b3e-360b-4bf9-859c-5118db1a7fff,20,0.0,,,,0.0,0.0,0.0,0.0,0.0,0.0
2025-12-17T03:24:39.801963,Recipe_B,ca4e2b3e-360b-4bf9-859c-5118db1a7fff,20,0.0,,,,0.0,0.0,0.0,0.0,0.0,0.0
2025-12-17T03:24:40.801963,Recipe_B,ca4e2b3e-360b-4bf9-859c-5118db1a7fff,20,0.0,,,,0.0,0.0,0.0,0.0,0.0,0.0
2025-12-17T03:24:41.801963,Recipe_B,ca4e2b3e-360b-4bf9-859c-5118db1a7fff,20,0.0,,,,0.0,0.0,0.0,0.0,0.0,0.0
2025-12-17T03:24:42.801963,Recipe_B,ca4e2b3e-360b-4bf9-859c-5118db1a7fff,20,0.0,,,,0.0,0.0,0.0,0.0,0.0,0.0
2025-12-17T03:24:43.801963,Recipe_B,ca4e2b3e-360b-4bf9-859c-5118db1a7fff,20,0.0,,,,0.0,0.0,0.0,0.0,0.0,0.0
2025-12-17T03:24:44.801963,Recipe_B,ca4e2b3e-360b-4bf9-859c-5118db1a7fff,20,0.0,,,,0.0,0.0,0.0,0.0,0.0,0.0
2025-12-17T03:24:45.801963,Recipe_B,ca4e2b3e-360b-4bf9-859c-5118db1a7fff,20,0.0,,,,0.0,0.0,0.0,0.0,0.0,0.0
2025-12-17T03:24:46.801963,Recipe_B,ca4e2b3e-360b-4bf9-859c-5118db1a7fff,20,0.0,,,,0.0,0.0,0.0,0.0,0.0,0.0
2025-12-17T03:24:47.801963,Recipe_B,ca4e2b3e-360b-4bf9-859c-5118db1a7fff,20,0.0,,,,0.0,0.0,0.0,0.0,0.0,0.0
2025-12-17T03:24:48.801963,Recipe_B,ca4e2b3e-360b-4bf9-859c-5118db1a7fff,20,0.0,,,,0.0,0.0,0.0,0.0,0.0,0.0
2025-12-17T03:24:49.801963,Recipe_B,ca4e2b3e-360b-4bf9-859c-5118db1a7fff,20,0.0,,,,0.0,0.0,0.0,0.0,0.0,0.0
2025-12-17T03:24:50.801963,Recipe_B,ca4e2b3e-360b-4bf9-859c-5118db1a7fff,20,0.0,,,,0.0,0.0,0.0,0.0,0.0,0.0
2025-12-17T03:24:51.801963,Recipe_B,ca4e2b3e-360b-4bf9-859c-5118db1a7fff,20,0.0,,,,0.0,0.0,0.0,0.0,0.0,0.0
2025-12-17T03:24:52.801963,Recipe_B,ca4e2b3e-360b-4bf9-859c-5118db1a7fff,20,0.0,,,,0.0,0.0,0.0,0.0,0.0,0.0
2025-12-17T03:24:53.801963,Recipe_B,ca4e2b3e-360b-4bf9-859c-5118db1a7fff,20,0.0,,,,0.0,0.0,0.0,0.0,0.0,0.0
2025-12-17T03:24:54.801963,Recipe_B,ca4e2b3e-360b-4bf9-859c-5118db1a7fff,20,0.0,,,,0.0,0.0,0.0,0.0,0.0,0.0
2025-12-17T03:24:55.801963,Recipe_B,ca4e2b3e-360b-4bf9-859c-5118db1a7fff,20,0.0,,,,0.0,0.0,0.0,0.0,0.0,0.0
2025-12-17T03:24:56.801963,Recipe_B,ca4e2b3e-360b-4bf9-859c-5118db1a7fff,20,0.0,,,,0.0,0.0,0.0,0.0,0.0,0.0
2025-12-17T03:24:57.801963,Recipe_B,ca4e2b3e-360b-4bf9-859c-5118db1a7fff,20,0.0,,,,0.0,0.0,0.0,0.0,0.0,0.0
2025-12-17T03:24:58.801963,Recipe_B,ca4e2b3e-360b-4bf9-859c-5118db1a7fff,20,0.0,,,,0.0,0.0,0.0,0.0,0.0,0.0
2025-12-17T03:24:59.801963,Recipe_B,ca4e2b3e-360b-4bf9-859c-5118db1a7fff,20,0.0,,,,0.0,0.0,0.0,0.0,0.0,0.0
2025-12-17T03:25:00.801963,Recipe_B,ca4e2b3e-360b-4bf9-859c-5118db1a7fff,20,0.0,,,,0.0,0.0,0.0,0.0,0.0,0.0
2025-12-17T03:25:01.801963,Recipe_B,ca4e2b3e-360b-4bf9-859c-5118db1a7fff,20,0.0,,,,0.0,0.0,0.0,0.0,0.0,0.0
2025-12-17T03:25:02.801963,Recipe_B,ca4e2b3e-360b-4bf9-859c-5118db1a7fff,20,0.0,,,,0.0,0.0,0.0,0.0,0.0,0.0
2025-12-17T03:25:03.801963,Recipe_B,ca4e2b3e-360b-4bf9-859c-5118db1a7fff,20,0.0,,,,0.0,0.0,0.0,0.0,0.0,0.0
2025-12-17T03:25:04.801963,Recipe_B,ca4e2b3e-360b-4bf9-859c-5118db1a7fff,20,0.0,,,,0.0,0.0,0.0,0.0,0.0,0.0
2025-12-17T03:25:05.801963,Recipe_B,ca4e2b3e-360b-4bf9-859c-5118db1a7fff,20,4.0,,,,99.24,53.73,55.41,49.23,55.82,53.76
2025-12-17T03:25:06.801963,Recipe_B,ca4e2b3e-360b-4bf9-859c-5118db1a7fff,20,4.0,,,,99.21,48.01,50.21,48.18,44.67,44.39
2025-12-17T03:25:07.801963,Recipe_B,ca4e2b3e-360b-4bf9-859c-5118db1a7fff,20,4.0,,,,99.14,55.22,45.8,49.17,50.11,43.5
2025-12-17T03:25:08.801963,Recipe_B,ca4e2b3e-360b-4bf9-859c-5118db1a7fff,20,4.0,,,,101.59,60.27,41.7,46.91,51.72,40.79
2025-12-17T03:25:09.801963,Recipe_B,ca4e2b3e-360b-4bf9-859c-5118db1a7fff,20,4.0,,,,96.98,52.23,55.44,47.99,68.84,41.78
2025-12-17T03:25:10.801963,Recipe_B,ca4e2b3e-360b-4bf9-859c-5118db1a7fff,20,4.0,,,,99.93,53.76,44.21,49.65,58.58,46.34
2025-12-17T03:25:11.801963,Recipe_B,ca4e2b3e-360b-4bf9-859c-5118db1a7fff,20,4.0,,,,99.44,43.36,45.26,57.28,51.17,47.15
2025-12-17T03:25:12.801963,Recipe_B,ca4e2b3e-360b-4bf9-859c-5118db1a7fff,20,4.0,,,,108.43,47.54,54.12,43.56,55.43,49.81
2025-12-17T03:25:13.801963,Recipe_B,ca4e2b3e-360b-4bf9-859c-5118db1a7fff,20,4.0,,,,95.99,44.54,52.0,54.64,51.83,51.8
2025-12-17T03:25:14.801963,Recipe_B,ca4e2b3e-360b-4bf9-859c-5118db1a7fff,20,4.0,,,,101.48,48.39,48.4,47.77,53.98,45.22
2025-12-17T03:25:15.801963,Recipe_B,ca4e2b3e-360b-4bf9-859c-5118db1a7fff,20,4.0,,,,107.12,47.78,50.6,51.15,53.75,53.73
2025-12-17T03:25:16.801963,Recipe_B,ca4e2b3e-360b-4bf9-859c-5118db1a7fff,20,4.0,,,,102.39,55.26,53.2,49.66,52.48,38.13
2025-12-17T03:25:17.801963,Recipe_B,ca4e2b3e-360b-4bf9-859c-5118db1a7fff,20,4.0,,,,91.32,37.66,54.36,51.45,55.3,53.25
2025-12-17T03:25:18.801963,Recipe_B,ca4e2b3e-360b-4bf9-859c-5118db1a7fff,20,4.0,,,,96.17,52.17,48.84,60.19,49.11,46.22
2025-12-17T03:25:19.801963,Recipe_B,ca4e2b3e-360b-4bf9-859c-5118db1a7fff,20,4.0,,,,98.55,55.37,51.87,50.88,47.74,51.69
2025-12-17T03:25:20.801963,Recipe_B,ca4e2b3e-360b-4bf9-859c-5118db1a7fff,20,4.0,,,,102.81,53.09,50.91,50.09,47.42,47.0
2025-12-17T03:25:21.801963,Recipe_B,ca4e2b3e-360b-4bf9-859c-5118db1a7fff,20,4.0,,,,99.23,51.71,55.82,45.04,42.38,45.82
2025-12-17T03:25:22.801963,Recipe_B,ca4e2b3e-360b-4bf9-859c-5118db1a7fff,20,4.0,,,,105.38,52.98,42.4,50.57,38.79,56.47
2025-12-17T03:25:23.801963,Recipe_B,ca4e2b3e-360b-4bf9-859c-5118db1a7fff,20,4.0,,,,98.91,44.9,40.97,53.84,45.42,53.57
2025-12-17T03:25:24.801963,Recipe_B,ca4e2b3e-360b-4bf9-859c-5118db1a7fff,20,4.0,,,,96.25,48.28,43.32,45.33,51.55,43.9
2025-12-17T03:25:25.801963,Recipe_B,ca4e2b3e-360b-4bf9-859c-5118db1a7fff,20,4.0,,,,100.37,46.89,39.49,56.6,50.9,50.82
2025-12-17T03:25:26.801963,Recipe_B,ca4e2b3e-360b-4bf9-859c-5118db1a7fff,20,4.0,,,,102.22,62.67,51.11,46.42,45.46,56.51
2025-12-17T03:25:27.801963,Recipe_B,ca4e2b3e-360b-4bf9-859c-5118db1a7fff,20,4.0,,,,96.02,53.12,46.82,44.76,44.41,52.25
2025-12-17T03:25:28.801963,Recipe_B,ca4e2b3e-360b-4bf9-859c-5118db1a7fff,20,4.0,,,,93.14,55.41,50.2,54.37,45.41,46.37
2025-12-17T03:25:29.801963,Recipe_B,ca4e2b3e-360b-4bf9-859c-5118db1a7fff,20,4.0,,,,98.66,60.52,52.78,51.63,50.3,45.3
2025-12-17T03:25:30.801963,Recipe_B,ca4e2b3e-360b-4bf9-859c-5118db1a7fff,20,4.0,,,,94.24,50.05,54.96,42.14,46.85,45.83
2025-12-17T03:25:31.801963,Recipe_B,ca4e2b3e-360b-4bf9-859c-5118db1a7fff,20,4.0,,,,100.58,38.37,41.56,45.75,47.16,51.76
2025-12-17T03:25:32.801963,Recipe_B,ca4e2b3e-360b-4bf9-859c-5118db1a7fff,20,0.0,,,,0.0,0.0,0.0,0.0,0.0,0.0
2025-12-17T03:25:33.801963,Recipe_B,ca4e2b3e-360b-4bf9-859c-5118db1a7fff,20,0.0,,,,0.0,0.0,0.0,0.0,0.0,0.0
2025-12-17T03:25:34.801963,Recipe_B,ca4e2b3e-360b-4bf9-859c-5118db1a7fff,20,0.0,,,,0.0,0.0,0.0,0.0,0.0,0.0
2025-12-17T03:25:35.801963,Recipe_B,ca4e2b3e-360b-4bf9-859c-5118db1a7fff,20,0.0,,,,0.0,0.0,0.0,0.0,0.0,0.0
2025-12-17T03:25:36.801963,Recipe_B,ca4e2b3e-360b-4bf9-859c-5118db1a7fff,20,0.0,,,,0.0,0.0,0.0,0.0,0.0,0.0
2025-12-17T03:25:37.801963,Recipe_B,ca4e2b3e-360b-4bf9-859c-5118db1a7fff,20,0.0,,,,0.0,0.0,0.0,0.0,0.0,0.0
2025-12-17T03:25:38.801963,Recipe_B,ca4e2b3e-360b-4bf9-859c-5118db1a7fff,20,0.0,,,,0.0,0.0,0.0,0.0,0.0,0.0
2025-12-17T03:25:39.801963,Recipe_B,ca4e2b3e-360b-4bf9-859c-5118db1a7fff,20,0.0,,,,0.0,0.0,0.0,0.0,0.0,0.0
2025-12-17T03:25:40.801963,Recipe_B,ca4e2b3e-360b-4bf9-859c-5118db1a7fff,20,0.0,,,,0.0,0.0,0.0,0.0,0.0,0.0
2025-12-17T03:25:41.801963,Recipe_B,ca4e2b3e-360b-4bf9-859c-5118db1a7fff,20,0.0,,,,0.0,0.0,0.0,0.0,0.0,0.0
2025-12-17T03:25:42.801963,Recipe_B,ca4e2b3e-360b-4bf9-859c-5118db1a7fff,20,0.0,,,,0.0,0.0,0.0,0.0,0.0,0.0
2025-12-17T03:25:43.801963,Recipe_B,ca4e2b3e-360b-4bf9-859c-5118db1a7fff,20,0.0,,,,0.0,0.0,0.0,0.0,0.0,0.0
2025-12-17T03:25:44.801963,Recipe_B,ca4e2b3e-360b-4bf9-859c-5118db1a7fff,20,0.0,,,,0.0,0.0,0.0,0.0,0.0,0.0
2025-12-17T03:25:45.801963,Recipe_B,ca4e2b3e-360b-4bf9-859c-5118db1a7fff,20,0.0,,,,0.0,0.0,0.0,0.0,0.0,0.0
2025-12-17T03:25:46.801963,Recipe_B,ca4e2b3e-360b-4bf9-859c-5118db1a7fff,20,0.0,,,,0.0,0.0,0.0,0.0,0.0,0.0
2025-12-17T03:25:47.801963,Recipe_B,ca4e2b3e-360b-4bf9-859c-5118db1a7fff,20,0.0,,,,0.0,0.0,0.0,0.0,0.0,0.0
2025-12-17T03:25:48.801963,Recipe_B,ca4e2b3e-360b-4bf9-859c-5118db1a7fff,20,0.0,,,,0.0,0.0,0.0,0.0,0.0,0.0
2025-12-17T03:25:49.801963,Recipe_B,ca4e2b3e-360b-4bf9-859c-5118db1a7fff,20,0.0,,,,0.0,0.0,0.0,0.0,0.0,0.0
2025-12-17T03:25:50.801963,Recipe_B,ca4e2b3e-360b-4bf9-859c-5118db1a7fff,20,0.0,,,,0.0,0.0,0.0,0.0,0.0,0.0
2025-12-17T03:25:51.801963,Recipe_B,ca4e2b3e-360b-4bf9-859c-5118db1a7fff,20,0.0,,,,0.0,0.0,0.0,0.0,0.0,0.0
2025-12-17T03:25:52.801963,Recipe_B,ca4e2b3e-360b-4bf9-859c-5118db1a7fff,20,0.0,,,,0.0,0.0,0.0,0.0,0.0,0.0
2025-12-17T03:25:53.801963,Recipe_B,ca4e2b3e-360b-4bf9-859c-5118db1a7fff,20,0.0,,,,0.0,0.0,0.0,0.0,0.0,0.0
2025-12-17T03:25:54.801963,Recipe_B,ca4e2b3e-360b-4bf9-859c-5118db1a7fff,20,0.0,,,,0.0,0.0,0.0,0.0,0.0,0.0
2025-12-17T03:25:55.801963,Recipe_B,ca4e2b3e-360b-4bf9-859c-5118db1a7fff,20,0.0,,,,0.0,0.0,0.0,0.0,0.0,0.0
2025-12-17T03:25:56.801963,Recipe_B,ca4e2b3e-360b-4bf9-859c-5118db1a7fff,20,0.0,,,,0.0,0.0,0.0,0.0,0.0,0.0
2025-12-17T03:25:57.801963,Recipe_B,ca4e2b3e-360b-4bf9-859c-5118db1a7fff,20,0.0,,,,0.0,0.0,0.0,0.0,0.0,0.0
2025-12-17T03:25:58.801963,Recipe_B,ca4e2b3e-360b-4bf9-859c-5118db1a7fff,20,0.0,,,,0.0,0.0,0.0,0.0,0.0,0.0
2025-12-17T03:25:59.801963,Recipe_B,ca4e2b3e-360b-4bf9-859c-5118db1a7fff,20,0.0,,,,0.0,0.0,0.0,0.0,0.0,0.0
2025-12-17T03:26:00.801963,Recipe_B,ca4e2b3e-360b-4bf9-859c-5118db1a7fff,20,0.0,,,,0.0,0.0,0.0,0.0,0.0,0.0
2025-12-17T03:26:01.801963,Recipe_B,ca4e2b3e-360b-4bf9-859c-5118db1a7fff,20,0.0,,,,0.0,0.0,0.0,0.0,0.0,0.0
2025-12-17T03:26:02.801963,Recipe_B,ca4e2b3e-360b-4bf9-859c-5118db1a7fff,20,0.0,,,,0.0,0.0,0.0,0.0,0.0,0.0
2025-12-17T03:26:03.801963,Recipe_B,ca4e2b3e-360b-4bf9-859c-5118db1a7fff,20,0.0,,,,0.0,0.0,0.0,0.0,0.0,0.0
2025-12-17T03:26:04.801963,Recipe_B,ca4e2b3e-360b-4bf9-859c-5118db1a7fff,20,5.0,,,,11.56,8.96,13.22,9.74,9.79,7.09
2025-12-17T03:26:05.801963,Recipe_B,ca4e2b3e-360b-4bf9-859c-5118db1a7fff,20,5.0,,,,7.79,9.59,11.41,11.58,9.84,11.11
2025-12-17T03:26:06.801963,Recipe_B,ca4e2b3e-360b-4bf9-859c-5118db1a7fff,20,5.0,,,,9.15,9.77,12.39,11.3,12.06,10.65
2025-12-17T03:26:07.801963,Recipe_B,ca4e2b3e-360b-4bf9-859c-5118db1a7fff,20,5.0,,,,11.82,7.87,11.48,11.49,11.94,10.02
2025-12-17T03:26:08.801963,Recipe_B,ca4e2b3e-360b-4bf9-859c-5118db1a7fff,20,5.0,,,,7.08,8.11,12.46,9.49,12.24,9.42
2025-12-17T03:26:09.801963,Recipe_B,ca4e2b3e-360b-4bf9-859c-5118db1a7fff,20,5.0,,,,10.37,7.06,10.73,9.04,8.79,7.75
2025-12-17T03:26:10.801963,Recipe_B,ca4e2b3e-360b-4bf9-859c-5118db1a7fff,20,5.0,,,,5.79,11.48,7.7,9.42,11.4,10.45
2025-12-17T03:26:11.801963,Recipe_B,ca4e2b3e-360b-4bf9-859c-5118db1a7fff,20,5.0,,,,9.15,11.15,10.46,11.62,8.98,7.59
2025-12-17T03:26:12.801963,Recipe_B,ca4e2b3e-360b-4bf9-859c-5118db1a7fff,20,5.0,,,,9.29,13.71,10.16,9.75,10.59,12.21
2025-12-17T03:26:13.801963,Recipe_B,ca4e2b3e-360b-4bf9-859c-5118db1a7fff,20,5.0,,,,8.94,8.5,11.17,10.02,6.72,12.9
2025-12-17T03:26:14.801963,Recipe_B,ca4e2b3e-360b-4bf9-859c-5118db1a7fff,20,5.0,,,,7.96,9.49,10.14,14.14,8.48,11.96
2025-12-17T03:26:15.801963,Recipe_B,ca4e2b3e-360b-4bf9-859c-5118db1a7fff,20,5.0,,,,9.02,9.3,8.09,7.24,7.64,9.29
2025-12-17T03:26:16.801963,Recipe_B,ca4e2b3e-360b-4bf9-859c-5118db1a7fff,20,5.0,,,,12.24,13.26,11.05,9.93,9.52,10.37
2025-12-17T03:26:17.801963,Recipe_B,ca4e2b3e-360b-4bf9-859c-5118db1a7fff,20,3.0,,,,8.16,12.23,11.9,7.02,8.79,9.71
2025-12-17T03:26:18.801963,Recipe_B,ca4e2b3e-360b-4bf9-859c-5118db1a7fff,20,3.0,,,,6.66,12.35,8.11,11.49,6.15,11.93
2025-12-17T03:26:19.801963,Recipe_B,ca4e2b3e-360b-4bf9-859c-5118db1a7fff,20,3.0,,,,6.88,12.33,11.99,10.1,9.58,10.06
2025-12-17T03:26:20.801963,Recipe_B,ca4e2b3e-360b-4bf9-859c-5118db1a7fff,20,3.0,,,,10.38,8.22,6.65,8.72,9.06,13.52
2025-12-17T03:26:21.801963,Recipe_B,ca4e2b3e-360b-4bf9-859c-5118db1a7fff,20,3.0,,,,9.27,8.29,11.43,12.57,9.88,11.11
2025-12-17T03:26:22.801963,Recipe_B,ca4e2b3e-360b-4bf9-859c-5118db1a7fff,20,3.0,,,,9.98,10.96,10.39,12.52,8.71,7.62
2025-12-17T03:26:23.801963,Recipe_B,ca4e2b3e-360b-4bf9-859c-5118db1a7fff,20,3.0,,,,14.45,13.77,12.35,9.21,11.54,11.2
2025-12-17T03:26:24.801963,Recipe_B,ca4e2b3e-360b-4bf9-859c-5118db1a7fff,20,3.0,,,,8.56,6.76,7.12,12.22,9.18,9.38
2025-12-17T03:26:25.801963,Recipe_B,ca4e2b3e-360b-4bf9-859c-5118db1a7fff,20,3.0,,,,10.64,8.49,8.41,8.21,11.01,5.87
2025-12-17T03:26:26.801963,Recipe_B,ca4e2b3e-360b-4bf9-859c-5118db1a7fff,20,3.0,,,,7.09,11.89,10.81,10.23,8.05,12.4
2025-12-17T03:26:27.801963,Recipe_B,ca4e2b3e-360b-4bf9-859c-5118db1a7fff,20,3.0,,,,10.07,15.22,10.74,5.43,9.58,11.33
2025-12-17T03:26:28.801963,Recipe_B,ca4e2b3e-360b-4bf9-859c-5118db1a7fff,20,3.0,,,,8.04,11.25,11.46,8.9,8.08,6.46
2025-12-17T03:26:29.801963,Recipe_B,ca4e2b3e-360b-4bf9-859c-5118db1a7fff,20,3.0,,,,13.27,6.2,12.81,10.05,10.28,10.01
2025-12-17T03:26:30.801963,Recipe_B,ca4e2b3e-360b-4bf9-859c-5118db1a7fff,20,3.0,,,,9.01,5.77,7.49,13.02,4.94,13.8
2025-12-17T03:26:31.801963,Recipe_B,ca4e2b3e-360b-4bf9-859c-5118db1a7fff,20,3.0,,,,9.47,13.67,12.14,17.97,13.96,9.29
2025-12-17T03:26:32.801963,Recipe_B,ca4e2b3e-360b-4bf9-859c-5118db1a7fff,20,3.0,,,,9.31,8.81,7.66,7.81,12.65,11.45
2025-12-17T03:26:33.801963,Recipe_B,ca4e2b3e-360b-4bf9-859c-5118db1a7fff,20,3.0,,,,9.58,10.26,8.09,11.14,12.85,12.29
2025-12-17T03:26:34.801963,Recipe_B,ca4e2b3e-360b-4bf9-859c-5118db1a7fff,20,3.0,,,,9.88,11.03,11.51,8.57,10.63,12.15
2025-12-17T03:26:35.801963,Recipe_B,ca4e2b3e-360b-4bf9-859c-5118db1a7fff,20,3.0,,,,14.27,11.27,10.52,12.99,12.16,10.31
2025-12-17T03:26:36.801963,Recipe_B,ca4e2b3e-360b-4bf9-859c-5118db1a7fff,20,0.0,,,,0.0,0.0,0.0,0.0,0.0,0.0
2025-12-17T03:26:37.801963,Recipe_B,ca4e2b3e-360b-4bf9-859c-5118db1a7fff,20,0.0,,,,0.0,0.0,0.0,0.0,0.0,0.0
2025-12-17T03:26:38.801963,Recipe_B,ca4e2b3e-360b-4bf9-859c-5118db1a7fff,20,0.0,,,,0.0,0.0,0.0,0.0,0.0,0.0
2025-12-17T03:26:39.801963,Recipe_B,ca4e2b3e-360b-4bf9-859c-5118db1a7fff,20,0.0,,,,0.0,0.0,0.0,0.0,0.0,0.0
2025-12-17T03:26:40.801963,Recipe_B,ca4e2b3e-360b-4bf9-859c-5118db1a7fff,20,0.0,,,,0.0,0.0,0.0,0.0,0.0,0.0
2025-12-17T03:26:41.801963,Recipe_B,ca4e2b3e-360b-4bf9-859c-5118db1a7fff,20,0.0,,,,0.0,0.0,0.0,0.0,0.0,0.0
2025-12-17T03:26:42.801963,Recipe_B,ca4e2b3e-360b-4bf9-859c-5118db1a7fff,20,0.0,,,,0.0,0.0,0.0,0.0,0.0,0.0
2025-12-17T03:26:43.801963,Recipe_B,ca4e2b3e-360b-4bf9-859c-5118db1a7fff,20,0.0,,,,0.0,0.0,0.0,0.0,0.0,0.0
2025-12-17T03:26:44.801963,Recipe_B,ca4e2b3e-360b-4bf9-859c-5118db1a7fff,20,0.0,,,,0.0,0.0,0.0,0.0,0.0,0.0
2025-12-17T03:26:45.801963,Recipe_B,ca4e2b3e-360b-4bf9-859c-5118db1a7fff,20,0.0,,,,0.0,0.0,0.0,0.0,0.0,0.0
2025-12-17T03:26:46.801963,Recipe_B,ca4e2b3e-360b-4bf9-859c-5118db1a7fff,20,0.0,,,,0.0,0.0,0.0,0.0,0.0,0.0
2025-12-17T03:26:47.801963,Recipe_B,ca4e2b3e-360b-4bf9-859c-5118db1a7fff,20,0.0,,,,0.0,0.0,0.0,0.0,0.0,0.0
2025-12-17T03:26:48.801963,Recipe_B,ca4e2b3e-360b-4bf9-859c-5118db1a7fff,20,0.0,,,,0.0,0.0,0.0,0.0,0.0,0.0
2025-12-17T03:26:49.801963,Recipe_B,ca4e2b3e-360b-4bf9-859c-5118db1a7fff,20,0.0,,,,0.0,0.0,0.0,0.0,0.0,0.0
2025-12-17T03:26:50.801963,Recipe_B,ca4e2b3e-360b-4bf9-859c-5118db1a7fff,20,0.0,,,,0.0,0.0,0.0,0.0,0.0,0.0
2025-12-17T03:26:51.801963,Recipe_B,ca4e2b3e-360b-4bf9-859c-5118db1a7fff,20,0.0,,,,0.0,0.0,0.0,0.0,0.0,0.0
2025-12-17T03:26:52.801963,Recipe_B,ca4e2b3e-360b-4bf9-859c-5118db1a7fff,20,0.0,,,,0.0,0.0,0.0,0.0,0.0,0.0
2025-12-17T03:26:53.801963,Recipe_B,ca4e2b3e-360b-4bf9-859c-5118db1a7fff,20,0.0,,,,0.0,0.0,0.0,0.0,0.0,0.0
2025-12-17T03:26:54.801963,Recipe_B,ca4e2b3e-360b-4bf9-859c-5118db1a7fff,20,0.0,,,,0.0,0.0,0.0,0.0,0.0,0.0
2025-12-17T03:26:55.801963,Recipe_B,ca4e2b3e-360b-4bf9-859c-5118db1a7fff,20,0.0,,,,0.0,0.0,0.0,0.0,0.0,0.0
2025-12-17T03:26:56.801963,Recipe_B,ca4e2b3e-360b-4bf9-859c-5118db1a7fff,20,0.0,,,,0.0,0.0,0.0,0.0,0.0,0.0
2025-12-17T03:26:57.801963,Recipe_B,ca4e2b3e-360b-4bf9-859c-5118db1a7fff,20,0.0,,,,0.0,0.0,0.0,0.0,0.0,0.0
2025-12-17T03:26:58.801963,Recipe_B,ca4e2b3e-360b-4bf9-859c-5118db1a7fff,20,0.0,,,,0.0,0.0,0.0,0.0,0.0,0.0
2025-12-17T03:26:59.801963,Recipe_B,ca4e2b3e-360b-4bf9-859c-5118db1a7fff,20,0.0,,,,0.0,0.0,0.0,0.0,0.0,0.0
2025-12-17T03:27:00.801963,Recipe_B,ca4e2b3e-360b-4bf9-859c-5118db1a7fff,20,3.0,,,,8.46,8.79,9.59,13.18,7.79,6.6
2025-12-17T03:27:01.801963,Recipe_B,ca4e2b3e-360b-4bf9-859c-5118db1a7fff,20,3.0,,,,11.49,15.55,11.77,13.54,8.31,10.67
2025-12-17T03:27:02.801963,Recipe_B,ca4e2b3e-360b-4bf9-859c-5118db1a7fff,20,3.0,,,,7.65,9.77,9.2,12.92,12.75,10.76
2025-12-17T03:27:03.801963,Recipe_B,ca4e2b3e-360b-4bf9-859c-5118db1a7fff,20,3.0,,,,9.53,11.82,8.53,9.05,7.48,12.09
2025-12-17T03:27:04.801963,Recipe_B,ca4e2b3e-360b-4bf9-859c-5118db1a7fff,20,3.0,,,,9.56,9.64,10.38,10.38,10.02,10.74
2025-12-17T03:27:05.801963,Recipe_B,ca4e2b3e-360b-4bf9-859c-5118db1a7fff,20,3.0,,,,8.38,12.89,13.17,10.29,11.7,5.11
2025-12-17T03:27:06.801963,Recipe_B,ca4e2b3e-360b-4bf9-859c-5118db1a7fff,20,3.0,,,,9.89,9.62,9.72,9.43,12.78,10.34
2025-12-17T03:27:07.801963,Recipe_B,ca4e2b3e-360b-4bf9-859c-5118db1a7fff,20,3.0,,,,11.86,12.34,11.38,11.62,10.42,9.95
2025-12-17T03:27:08.801963,Recipe_B,ca4e2b3e-360b-4bf9-859c-5118db1a7fff,20,3.0,,,,8.35,9.99,10.11,9.75,7.28,12.33
2025-12-17T03:27:09.801963,Recipe_B,ca4e2b3e-360b-4bf9-859c-5118db1a7fff,20,3.0,,,,11.3,7.9,8.86,10.86,8.23,6.94
2025-12-17T03:27:10.801963,Recipe_B,ca4e2b3e-360b-4bf9-859c-5118db1a7fff,20,3.0,,,,8.2,10.93,8.96,7.65,7.92,6.85
2025-12-17T03:27:11.801963,Recipe_B,ca4e2b3e-360b-4bf9-859c-5118db1a7fff,20,3.0,,,,15.17,8.78,9.94,10.11,11.28,13.75
2025-12-17T03:27:12.801963,Recipe_B,ca4e2b3e-360b-4bf9-859c-5118db1a7fff,20,3.0,,,,7.83,8.52,13.47,8.87,9.91,7.09
2025-12-17T03:27:13.801963,Recipe_B,ca4e2b3e-360b-4bf9-859c-5118db1a7fff,20,3.0,,,,9.76,8.88,7.51,9.8,12.46,12.38
2025-12-17T03:27:14.801963,Recipe_B,ca4e2b3e-360b-4bf9-859c-5118db1a7fff,20,3.0,,,,12.8,9.5,6.08,8.74,10.58,7.09
2025-12-17T03:27:15.801963,Recipe_B,ca4e2b3e-360b-4bf9-859c-5118db1a7fff,20,3.0,,,,12.85,9.32,8.52,8.74,11.63,6.63
2025-12-17T03:27:16.801963,Recipe_B,ca4e2b3e-360b-4bf9-859c-5118db1a7fff,20,3.0,,,,8.03,8.84,9.1,9.54,12.42,9.57
2025-12-17T03:27:17.801963,Recipe_B,ca4e2b3e-360b-4bf9-859c-5118db1a7fff,20,3.0,,,,10.48,11.05,5.94,8.22,11.25,10.37
2025-12-17T03:27:18.801963,Recipe_B,ca4e2b3e-360b-4bf9-859c-5118db1a7fff,20,3.0,,,,8.05,11.75,9.01,8.22,10.58,10.1
2025-12-17T03:27:19.801963,Recipe_B,ca4e2b3e-360b-4bf9-859c-5118db1a7fff,20,3.0,,,,10.43,10.5,8.21,9.38,8.47,6.72
2025-12-17T03:27:20.801963,Recipe_B,ca4e2b3e-360b-4bf9-859c-5118db1a7fff,20,3.0,,,,9.52,7.59,13.39,9.64,11.18,9.11
2025-12-17T03:27:21.801963,Recipe_B,ca4e2b3e-360b-4bf9-859c-5118db1a7fff,20,3.0,,,,9.02,12.08,15.19,11.86,8.58,9.47
2025-12-17T03:27:22.801963,Recipe_B,ca4e2b3e-360b-4bf9-859c-5118db1a7fff,20,3.0,,,,5.66,9.83,10.94,9.91,11.21,10.63
2025-12-17T03:27:23.801963,Recipe_B,ca4e2b3e-360b-4bf9-859c-5118db1a7fff,20,3.0,,,,12.49,10.77,12.3,8.01,9.59,10.48
2025-12-17T03:27:24.801963,Recipe_B,ca4e2b3e-360b-4bf9-859c-5118db1a7fff,20,3.0,,,,12.09,9.19,9.57,10.06,11.42,10.41
2025-12-17T03:27:25.801963,Recipe_B,ca4e2b3e-360b-4bf9-859c-5118db1a7fff,20,3.0,,,,9.39,11.22,10.31,7.96,10.4,8.58
2025-12-17T03:27:26.801963,Recipe_B,ca4e2b3e-360b-4bf9-859c-5118db1a7fff,20,3.0,,,,8.01,8.69,9.4,8.44,8.48,12.94
2025-12-17T03:27:27.801963,Recipe_B,ca4e2b3e-360b-4bf9-859c-5118db1a7fff,20,3.0,,,,6.7,8.73,9.61,8.02,8.62,10.51
2025-12-17T03:27:28.801963,Recipe_B,ca4e2b3e-360b-4bf9-859c-5118db1a7fff,20,3.0,,,,15.44,8.15,8.4,9.2,8.27,9.99
2025-12-17T03:27:29.801963,Recipe_B,ca4e2b3e-360b-4bf9-859c-5118db1a7fff,20,3.0,,,,11.57,9.37,10.32,6.76,9.47,12.26
2025-12-17T03:27:30.801963,Recipe_B,ca4e2b3e-360b-4bf9-859c-5118db1a7fff,20,2.0,,,,12.01,5.74,12.62,10.39,11.18,12.93
2025-12-17T03:27:31.801963,Recipe_B,ca4e2b3e-360b-4bf9-859c-5118db1a7fff,20,2.0,,,,13.73,10.77,12.48,7.73,11.48,10.28
2025-12-17T03:27:32.801963,Recipe_B,ca4e2b3e-360b-4bf9-859c-5118db1a7fff,20,2.0,,,,12.54,12.52,9.17,10.92,8.84,9.57
2025-12-17T03:27:33.801963,Recipe_B,ca4e2b3e-360b-4bf9-859c-5118db1a7fff,20,2.0,,,,4.95,7.28,10.1,10.62,12.97,6.15
2025-12-17T03:27:34.801963,Recipe_B,ca4e2b3e-360b-4bf9-859c-5118db1a7fff,20,2.0,,,,9.34,9.5,6.61,7.24,9.83,10.64
2025-12-17T03:27:35.801963,Recipe_B,ca4e2b3e-360b-4bf9-859c-5118db1a7fff,20,2.0,,,,11.82,7.44,11.05,10.27,9.86,9.1
2025-12-17T03:27:36.801963,Recipe_B,ca4e2b3e-360b-4bf9-859c-5118db1a7fff,20,2.0,,,,8.37,8.6,12.3,11.27,12.1,8.3
2025-12-17T03:27:37.801963,Recipe_B,ca4e2b3e-360b-4bf9-859c-5118db1a7fff,20,2.0,,,,11.03,12.4,8.62,11.15,11.5,11.07
2025-12-17T03:27:38.801963,Recipe_B,ca4e2b3e-360b-4bf9-859c-5118db1a7fff,20,2.0,,,,12.8,10.54,10.22,10.02,8.93,7.97
2025-12-17T03:27:39.801963,Recipe_B,ca4e2b3e-360b-4bf9-859c-5118db1a7fff,20,2.0,,,,11.46,7.68,9.15,8.42,10.14,8.23
2025-12-17T03:27:40.801963,Recipe_B,ca4e2b3e-360b-4bf9-859c-5118db1a7fff,20,2.0,,,,7.72,11.97,8.98,7.05,7.48,6.79
2025-12-17T03:27:41.801963,Recipe_B,ca4e2b3e-360b-4bf9-859c-5118db1a7fff,20,2.0,,,,10.03,10.45,9.53,7.63,10.17,13.81
2025-12-17T03:27:42.801963,Recipe_B,ca4e2b3e-360b-4bf9-859c-5118db1a7fff,20,2.0,,,,8.62,11.39,8.81,7.83,11.75,8.52
2025-12-17T03:27:43.801963,Recipe_B,ca4e2b3e-360b-4bf9-859c-5118db1a7fff,20,2.0,,,,10.33,12.23,7.82,9.76,6.26,9.11
2025-12-17T03:27:44.801963,Recipe_B,ca4e2b3e-360b-4bf9-859c-5118db1a7fff,20,2.0,,,,11.94,9.17,10.9,11.63,7.87,11.66
2025-12-17T03:27:45.801963,Recipe_B,ca4e2b3e-360b-4bf9-859c-5118db1a7fff,20,2.0,,,,13.81,9.93,6.08,11.71,11.66,10.97
2025-12-17T03:27:46.801963,Recipe_B,ca4e2b3e-360b-4bf9-859c-5118db1a7fff,20,2.0,,,,7.28,7.5,11.62,8.97,10.29,9.67
2025-12-17T03:27:47.801963,Recipe_B,ca4e2b3e-360b-4bf9-859c-5118db1a7fff,20,2.0,,,,6.87,13.26,9.14,8.64,9.41,9.63
2025-12-17T03:27:48.801963,Recipe_B,ca4e2b3e-360b-4bf9-859c-5118db1a7fff,20,2.0,,,,12.09,9.15,11.54,9.38,13.05,10.48
2025-12-17T03:27:49.801963,Recipe_B,ca4e2b3e-360b-4bf9-859c-5118db1a7fff,20,2.0,,,,10.61,9.17,11.1,10.34,10.32,10.46
2025-12-17T03:27:50.801963,Recipe_B,ca4e2b3e-360b-4bf9-859c-5118db1a7fff,20,2.0,,,,12.77,10.71,10.26,9.93,10.76,11.87
2025-12-17T03:27:51.801963,Recipe_B,ca4e2b3e-360b-4bf9-859c-5118db1a7fff,20,2.0,,,,13.17,8.55,9.83,11.82,7.15,11.67
2025-12-17T03:27:51.801963,Recipe_B,ca4e2b3e-360b-4bf9-859c-5118db1a7fff,20,2.0,Error_2,Simulated Error occurred,Error,,,,,,
2025-12-17T03:27:52.801963,Recipe_B,ca4e2b3e-360b-4bf9-859c-5118db1a7fff,20,2.0,,,,9.83,13.15,9.0,10.91,12.4,11.02
2025-12-17T03:27:53.801963,Recipe_B,ca4e2b3e-360b-4bf9-859c-5118db1a7fff,20,2.0,,,,6.84,7.46,10.51,8.5,9.86,7.96
2025-12-17T03:27:54.801963,Recipe_B,ca4e2b3e-360b-4bf9-859c-5118db1a7fff,20,2.0,,,,9.66,14.61,9.52,7.98,11.68,9.88
2025-12-17T03:27:55.801963,Recipe_B,ca4e2b3e-360b-4bf9-859c-5118db1a7fff,20,2.0,,,,11.77,12.35,7.55,10.85,9.16,10.92
2025-12-17T03:27:56.801963,Recipe_B,ca4e2b3e-360b-4bf9-859c-5118db1a7fff,20,2.0,,,,7.13,5.8,13.51,9.87,11.34,9.21
2025-12-17T03:27:56.801963,Recipe_B,ca4e2b3e-360b-4bf9-859c-5118db1a7fff,20,2.0,Warning_2,Simulated Warning occurred,Warning,,,,,,
2025-12-17T03:27:57.801963,Recipe_B,ca4e2b3e-360b-4bf9-859c-5118db1a7fff,20,2.0,,,,13.27,10.6,9.09,9.61,9.67,7.74
2025-12-17T03:27:58.801963,Recipe_B,ca4e2b3e-360b-4bf9-859c-5118db1a7fff,20,2.0,,,,9.28,7.97,13.23,8.29,11.61,9.47
2025-12-17T03:27:59.801963,Recipe_B,ca4e2b3e-360b-4bf9-859c-5118db1a7fff,20,2.0,,,,4.6,11.13,10.05,7.38,9.09,10.53
2025-12-17T03:28:00.801963,Recipe_B,ca4e2b3e-360b-4bf9-859c-5118db1a7fff,20,2.0,,,,10.44,8.24,12.49,11.13,9.3,8.98
2025-12-17T03:28:01.801963,Recipe_B,ca4e2b3e-360b-4bf9-859c-5118db1a7fff,20,2.0,,,,7.06,11.85,6.25,9.91,8.69,12.74
2025-12-17T03:28:02.801963,Recipe_B,ca4e2b3e-360b-4bf9-859c-5118db1a7fff,20,2.0,,,,8.02,7.52,10.82,7.72,13.38,5.4
2025-12-17T03:28:03.801963,Recipe_B,ca4e2b3e-360b-4bf9-859c-5118db1a7fff,20,2.0,,,,10.19,10.96,8.54,13.04,8.58,9.66
2025-12-17T03:28:04.801963,Recipe_B,ca4e2b3e-360b-4bf9-859c-5118db1a7fff,20,2.0,,,,11.24,10.95,7.94,9.82,12.02,11.08
2025-12-17T03:28:05.801963,Recipe_B,ca4e2b3e-360b-4bf9-859c-5118db1a7fff,20,2.0,,,,9.4,5.92,4.77,8.94,10.24,8.77
2025-12-17T03:28:06.801963,Recipe_B,ca4e2b3e-360b-4bf9-859c-5118db1a7fff,20,2.0,,,,9.37,13.44,7.68,10.65,12.19,6.91
2025-12-17T03:28:07.801963,Recipe_B,ca4e2b3e-360b-4bf9-859c-5118db1a7fff,20,2.0,,,,11.8,9.34,8.26,10.4,8.25,14.55
2025-12-17T03:28:08.801963,Recipe_B,ca4e2b3e-360b-4bf9-859c-5118db1a7fff,20,2.0,,,,10.94,12.57,12.72,8.05,4.93,7.78
2025-12-17T03:28:09.801963,Recipe_B,ca4e2b3e-360b-4bf9-859c-5118db1a7fff,20,2.0,,,,9.98,11.04,8.56,5.39,6.95,10.31
2025-12-17T03:28:10.801963,Recipe_B,ca4e2b3e-360b-4bf9-859c-5118db1a7fff,20,2.0,,,,9.18,11.19,10.16,9.65,8.94,9.27
2025-12-17T03:28:11.801963,Recipe_B,ca4e2b3e-360b-4bf9-859c-5118db1a7fff,20,2.0,,,,7.78,9.7,9.3,12.74,10.24,11.18
2025-12-17T03:28:12.801963,Recipe_B,ca4e2b3e-360b-4bf9-859c-5118db1a7fff,20,2.0,,,,12.29,8.86,9.53,11.15,11.75,8.68
2025-12-17T03:28:13.801963,Recipe_B,ca4e2b3e-360b-4bf9-859c-5118db1a7fff,20,2.0,,,,9.28,12.76,10.79,10.27,9.92,7.56
2025-12-17T03:28:14.801963,Recipe_B,ca4e2b3e-360b-4bf9-859c-5118db1a7fff,20,2.0,,,,7.19,10.88,9.37,10.98,11.31,11.78
2025-12-17T03:28:15.801963,Recipe_B,ca4e2b3e-360b-4bf9-859c-5118db1a7fff,20,2.0,,,,12.37,9.58,11.45,10.83,12.23,12.62
2025-12-17T03:28:16.801963,Recipe_B,ca4e2b3e-360b-4bf9-859c-5118db1a7fff,20,2.0,,,,14.74,10.43,12.4,10.06,9.61,10.5
2025-12-17T03:28:17.801963,Recipe_B,ca4e2b3e-360b-4bf9-859c-5118db1a7fff,20,2.0,,,,9.85,11.28,9.89,11.49,6.39,10.56
2025-12-17T03:28:18.801963,Recipe_B,ca4e2b3e-360b-4bf9-859c-5118db1a7fff,20,2.0,,,,6.82,8.68,9.27,11.85,8.12,9.4
2025-12-17T03:28:19.801963,Recipe_B,ca4e2b3e-360b-4bf9-859c-5118db1a7fff,20,2.0,,,,7.2,14.0,13.73,13.61,12.42,8.59
2025-12-17T03:28:20.801963,Recipe_B,ca4e2b3e-360b-4bf9-859c-5118db1a7fff,20,2.0,,,,9.54,10.29,10.08,13.38,13.52,10.35
2025-12-17T03:28:21.801963,Recipe_B,ca4e2b3e-360b-4bf9-859c-5118db1a7fff,20,2.0,,,,11.46,13.22,12.1,11.16,7.74,10.45
2025-12-17T03:28:22.801963,Recipe_B,ca4e2b3e-360b-4bf9-859c-5118db1a7fff,20,2.0,,,,10.06,8.76,8.61,10.49,8.86,8.11
2025-12-17T03:28:23.801963,Recipe_B,ca4e2b3e-360b-4bf9-859c-5118db1a7fff,20,2.0,,,,10.24,11.96,10.24,11.04,7.09,10.04
2025-12-17T03:28:24.801963,Recipe_B,ca4e2b3e-360b-4bf9-859c-5118db1a7fff,20,2.0,,,,7.83,11.3,11.22,10.69,8.73,10.57
2025-12-17T03:28:25.801963,Recipe_B,ca4e2b3e-360b-4bf9-859c-5118db1a7fff,20,2.0,,,,6.7,6.93,7.79,12.55,9.56,9.18
2025-12-17T03:28:26.801963,Recipe_B,ca4e2b3e-360b-4bf9-859c-5118db1a7fff,20,2.0,,,,10.45,10.53,11.21,6.15,10.64,6.38
2025-12-17T03:28:27.801963,Recipe_B,ca4e2b3e-360b-4bf9-859c-5118db1a7fff,20,2.0,,,,10.96,10.07,11.43,11.28,11.49,11.19
2025-12-17T03:28:28.801963,Recipe_B,ca4e2b3e-360b-4bf9-859c-5118db1a7fff,20,2.0,,,,11.94,10.82,12.33,9.74,8.67,10.89
2025-12-17T03:28:29.801963,Recipe_B,ca4e2b3e-360b-4bf9-859c-5118db1a7fff,20,2.0,,,,13.07,12.18,7.18,10.65,6.55,6.04
2025-12-17T03:28:30.801963,Recipe_B,ca4e2b3e-360b-4bf9-859c-5118db1a7fff,20,5.0,,,,11.86,10.67,11.38,9.75,9.46,9.66
2025-12-17T03:28:31.801963,Recipe_B,ca4e2b3e-360b-4bf9-859c-5118db1a7fff,20,5.0,,,,8.58,11.55,8.45,8.38,12.87,8.08
2025-12-17T03:28:32.801963,Recipe_B,ca4e2b3e-360b-4bf9-859c-5118db1a7fff,20,5.0,,,,9.17,10.4,10.28,6.75,7.66,11.17
2025-12-17T03:28:33.801963,Recipe_B,ca4e2b3e-360b-4bf9-859c-5118db1a7fff,20,5.0,,,,8.1,8.32,11.29,5.5,8.72,5.95
2025-12-17T03:28:34.801963,Recipe_B,ca4e2b3e-360b-4bf9-859c-5118db1a7fff,20,5.0,,,,8.79,7.62,7.36,8.6,11.85,8.24
2025-12-17T03:28:35.801963,Recipe_B,ca4e2b3e-360b-4bf9-859c-5118db1a7fff,20,5.0,,,,9.92,9.87,10.96,9.38,12.35,10.93
2025-12-17T03:28:36.801963,Recipe_B,ca4e2b3e-360b-4bf9-859c-5118db1a7fff,20,5.0,,,,11.5,12.02,10.85,13.04,10.27,10.73
2025-12-17T03:28:37.801963,Recipe_B,ca4e2b3e-360b-4bf9-859c-5118db1a7fff,20,5.0,,,,11.31,11.53,8.06,9.99,10.43,11.75
2025-12-17T03:28:38.801963,Recipe_B,ca4e2b3e-360b-4bf9-859c-5118db1a7fff,20,5.0,,,,9.75,10.09,12.99,11.85,10.64,12.14
2025-12-17T03:28:39.801963,Recipe_B,ca4e2b3e-360b-4bf9-859c-5118db1a7fff,20,5.0,,,,11.95,10.35,9.37,8.62,10.22,6.53
2025-12-17T03:28:40.801963,Recipe_B,ca4e2b3e-360b-4bf9-859c-5118db1a7fff,20,5.0,,,,8.79,13.67,11.0,12.17,8.85,6.16
2025-12-17T03:28:41.801963,Recipe_B,ca4e2b3e-360b-4bf9-859c-5118db1a7fff,20,5.0,,,,10.32,9.57,9.62,9.92,8.66,11.05
2025-12-17T03:28:42.801963,Recipe_B,ca4e2b3e-360b-4bf9-859c-5118db1a7fff,20,5.0,,,,9.89,11.63,9.47,8.63,9.05,11.03
2025-12-17T03:28:43.801963,Recipe_B,ca4e2b3e-360b-4bf9-859c-5118db1a7fff,20,5.0,,,,9.63,9.08,13.85,10.55,8.51,8.98
2025-12-17T03:28:44.801963,Recipe_B,ca4e2b3e-360b-4bf9-859c-5118db1a7fff,20,5.0,,,,10.42,10.8,9.35,10.16,9.87,9.2
2025-12-17T03:28:45.801963,Recipe_B,ca4e2b3e-360b-4bf9-859c-5118db1a7fff,20,5.0,,,,8.67,11.73,9.16,9.59,11.26,10.4
2025-12-17T03:28:46.801963,Recipe_B,ca4e2b3e-360b-4bf9-859c-5118db1a7fff,20,5.0,,,,9.14,9.99,9.42,11.32,11.01,9.1
2025-12-17T03:28:47.801963,Recipe_B,ca4e2b3e-360b-4bf9-859c-5118db1a7fff,20,5.0,,,,10.87,10.75,11.14,9.56,9.56,9.54
2025-12-17T03:28:48.801963,Recipe_B,ca4e2b3e-360b-4bf9-859c-5118db1a7fff,20,5.0,,,,10.66,10.18,11.69,14.41,9.21,12.08
2025-12-17T03:28:49.801963,Recipe_B,ca4e2b3e-360b-4bf9-859c-5118db1a7fff,20,5.0,,,,13.33,7.47,8.25,11.24,10.93,6.96
2025-12-17T03:28:50.801963,Recipe_B,ca4e2b3e-360b-4bf9-859c-5118db1a7fff,20,5.0,,,,9.6,10.54,9.71,7.94,10.62,13.58
2025-12-17T03:28:51.801963,Recipe_B,ca4e2b3e-360b-4bf9-859c-5118db1a7fff,20,5.0,,,,12.73,8.53,9.74,9.29,6.78,8.8
2025-12-17T03:28:52.801963,Recipe_B,ca4e2b3e-360b-4bf9-859c-5118db1a7fff,20,5.0,,,,8.97,10.71,12.69,8.58,7.22,13.95
2025-12-17T03:28:53.801963,Recipe_B,ca4e2b3e-360b-4bf9-859c-5118db1a7fff,20,5.0,,,,9.59,12.3,9.22,5.02,9.05,10.58
2025-12-17T03:28:54.801963,Recipe_B,ca4e2b3e-360b-4bf9-859c-5118db1a7fff,20,5.0,,,,13.77,13.18,8.79,11.25,6.83,9.82
2025-12-17T03:28:55.801963,Recipe_B,ca4e2b3e-360b-4bf9-859c-5118db1a7fff,20,5.0,,,,10.37,11.49,7.33,7.32,10.89,9.7
2025-12-17T03:28:56.801963,Recipe_B,ca4e2b3e-360b-4bf9-859c-5118db1a7fff,20,5.0,,,,11.87,6.72,13.07,9.34,9.43,10.49
2025-12-17T03:28:57.801963,Recipe_B,ca4e2b3e-360b-4bf9-859c-5118db1a7fff,20,5.0,,,,12.1,9.75,12.94,8.91,10.11,11.7
2025-12-17T03:28:58.801963,Recipe_B,ca4e2b3e-360b-4bf9-859c-5118db1a7fff,20,5.0,,,,13.19,11.01,8.64,12.13,10.39,10.67
2025-12-17T03:28:59.801963,Recipe_B,ca4e2b3e-360b-4bf9-859c-5118db1a7fff,20,5.0,,,,8.57,8.94,7.08,8.38,6.76,9.88
2025-12-17T03:29:00.801963,Recipe_B,ca4e2b3e-360b-4bf9-859c-5118db1a7fff,20,5.0,,,,10.07,10.36,7.97,8.52,8.41,13.36
2025-12-17T03:29:01.801963,Recipe_B,ca4e2b3e-360b-4bf9-859c-5118db1a7fff,20,2.0,,,,10.76,8.92,9.03,8.27,6.59,6.99
2025-12-17T03:29:02.801963,Recipe_B,ca4e2b3e-360b-4bf9-859c-5118db1a7fff,20,2.0,,,,8.65,7.35,10.36,9.55,9.44,11.8
2025-12-17T03:29:03.801963,Recipe_B,ca4e2b3e-360b-4bf9-859c-5118db1a7fff,20,2.0,,,,12.11,10.0,9.28,7.4,10.24,12.64
2025-12-17T03:29:04.801963,Recipe_B,ca4e2b3e-360b-4bf9-859c-5118db1a7fff,20,2.0,,,,12.17,10.95,12.03,15.01,12.13,11.54
2025-12-17T03:29:05.801963,Recipe_B,ca4e2b3e-360b-4bf9-859c-5118db1a7fff,20,2.0,,,,11.25,7.72,10.82,6.44,8.65,10.61
2025-12-17T03:29:06.801963,Recipe_B,ca4e2b3e-360b-4bf9-859c-5118db1a7fff,20,2.0,,,,12.71,9.52,10.15,9.29,9.1,10.59
2025-12-17T03:29:07.801963,Recipe_B,ca4e2b3e-360b-4bf9-859c-5118db1a7fff,20,2.0,,,,7.14,11.59,7.42,10.89,12.08,12.85
2025-12-17T03:29:08.801963,Recipe_B,ca4e2b3e-360b-4bf9-859c-5118db1a7fff,20,2.0,,,,12.21,12.18,12.57,10.26,7.21,7.66
2025-12-17T03:29:09.801963,Recipe_B,ca4e2b3e-360b-4bf9-859c-5118db1a7fff,20,2.0,,,,10.65,10.41,8.53,8.19,8.91,10.21
2025-12-17T03:29:10.801963,Recipe_B,ca4e2b3e-360b-4bf9-859c-5118db1a7fff,20,2.0,,,,8.97,11.41,9.06,9.41,10.06,10.74
2025-12-17T03:29:11.801963,Recipe_B,ca4e2b3e-360b-4bf9-859c-5118db1a7fff,20,2.0,,,,8.6,8.52,8.73,9.99,9.9,10.17
2025-12-17T03:29:12.801963,Recipe_B,ca4e2b3e-360b-4bf9-859c-5118db1a7fff,20,2.0,,,,12.03,8.97,11.09,10.87,7.86,9.76
2025-12-17T03:29:13.801963,Recipe_B,ca4e2b3e-360b-4bf9-859c-5118db1a7fff,20,2.0,,,,8.08,12.36,11.34,9.19,6.74,10.77
2025-12-17T03:29:14.801963,Recipe_B,ca4e2b3e-360b-4bf9-859c-5118db1a7fff,20,2.0,,,,10.56,8.11,7.89,12.05,10.69,9.21
2025-12-17T03:29:15.801963,Recipe_B,ca4e2b3e-360b-4bf9-859c-5118db1a7fff,20,2.0,,,,12.66,12.11,8.26,7.73,8.25,6.4
2025-12-17T03:29:16.801963,Recipe_B,ca4e2b3e-360b-4bf9-859c-5118db1a7fff,20,2.0,,,,11.99,9.4,8.78,6.52,9.82,6.59
2025-12-17T03:29:17.801963,Recipe_B,ca4e2b3e-360b-4bf9-859c-5118db1a7fff,20,2.0,,,,9.94,9.32,10.17,10.32,9.69,8.27
2025-12-17T03:29:18.801963,Recipe_B,ca4e2b3e-360b-4bf9-859c-5118db1a7fff,20,2.0,,,,7.29,11.09,10.15,8.34,13.67,11.87
2025-12-17T03:29:19.801963,Recipe_B,ca4e2b3e-360b-4bf9-859c-5118db1a7fff,20,2.0,,,,9.26,12.54,10.0,13.01,9.84,8.24
2025-12-17T03:29:20.801963,Recipe_B,ca4e2b3e-360b-4bf9-859c-5118db1a7fff,20,2.0,,,,10.79,5.87,10.06,9.64,9.96,7.4
2025-12-17T03:29:21.801963,Recipe_B,ca4e2b3e-360b-4bf9-859c-5118db1a7fff,20,2.0,,,,12.21,10.02,7.16,12.73,9.9,10.25
2025-12-17T03:29:22.801963,Recipe_B,ca4e2b3e-360b-4bf9-859c-5118db1a7fff,20,2.0,,,,12.62,13.11,12.83,11.84,10.06,8.83
2025-12-17T03:29:23.801963,Recipe_B,ca4e2b3e-360b-4bf9-859c-5118db1a7fff,20,2.0,,,,9.57,11.63,8.28,10.19,9.78,9.1
2025-12-17T03:29:24.801963,Recipe_B,ca4e2b3e-360b-4bf9-859c-5118db1a7fff,20,2.0,,,,9.84,13.8,15.69,9.2,6.67,10.54
2025-12-17T03:29:25.801963,Recipe_B,ca4e2b3e-360b-4bf9-859c-5118db1a7fff,20,2.0,,,,9.26,11.76,7.48,11.69,13.72,8.57
2025-12-17T03:29:26.801963,Recipe_B,ca4e2b3e-360b-4bf9-859c-5118db1a7fff,20,2.0,,,,9.44,10.11,7.34,8.49,10.79,9.33
2025-12-17T03:29:27.801963,Recipe_B,ca4e2b3e-360b-4bf9-859c-5118db1a7fff,20,2.0,,,,12.96,6.72,8.89,8.45,10.11,11.33
2025-12-17T03:29:28.801963,Recipe_B,ca4e2b3e-360b-4bf9-859c-5118db1a7fff,20,2.0,,,,10.16,7.17,5.98,8.24,9.93,13.77
2025-12-17T03:29:29.801963,Recipe_B,ca4e2b3e-360b-4bf9-859c-5118db1a7fff,20,2.0,,,,9.24,9.71,12.22,5.59,11.55,9.99
2025-12-17T03:29:30.801963,Recipe_B,ca4e2b3e-360b-4bf9-859c-5118db1a7fff,20,2.0,,,,9.44,11.32,11.04,8.67,9.4,7.55
2025-12-17T03:29:31.801963,Recipe_B,ca4e2b3e-360b-4bf9-859c-5118db1a7fff,20,2.0,,,,10.61,7.97,10.69,12.81,15.12,14.52
2025-12-17T03:29:32.801963,Recipe_B,ca4e2b3e-360b-4bf9-859c-5118db1a7fff,20,5.0,,,,8.73,9.95,8.8,9.48,10.47,6.24
2025-12-17T03:29:33.801963,Recipe_B,ca4e2b3e-360b-4bf9-859c-5118db1a7fff,20,5.0,,,,15.01,10.75,10.78,10.28,5.69,7.79
2025-12-17T03:29:34.801963,Recipe_B,ca4e2b3e-360b-4bf9-859c-5118db1a7fff,20,5.0,,,,8.02,6.77,11.99,9.28,5.84,6.95
2025-12-17T03:29:35.801963,Recipe_B,ca4e2b3e-360b-4bf9-859c-5118db1a7fff,20,5.0,,,,7.47,12.99,8.7,10.93,11.77,11.45
2025-12-17T03:29:36.801963,Recipe_B,ca4e2b3e-360b-4bf9-859c-5118db1a7fff,20,5.0,,,,10.88,9.5,10.5,7.04,11.08,13.93
2025-12-17T03:29:37.801963,Recipe_B,ca4e2b3e-360b-4bf9-859c-5118db1a7fff,20,5.0,,,,9.09,13.24,9.75,10.82,10.18,8.88
2025-12-17T03:29:38.801963,Recipe_B,ca4e2b3e-360b-4bf9-859c-5118db1a7fff,20,5.0,,,,10.08,15.54,9.44,6.88,8.27,11.85
2025-12-17T03:29:39.801963,Recipe_B,ca4e2b3e-360b-4bf9-859c-5118db1a7fff,20,5.0,,,,11.56,11.45,12.4,8.17,7.58,7.49
2025-12-17T03:29:40.801963,Recipe_B,ca4e2b3e-360b-4bf9-859c-5118db1a7fff,20,1.0,,,,10.17,13.05,11.46,10.15,9.4,8.96
2025-12-17T03:29:41.801963,Recipe_B,ca4e2b3e-360b-4bf9-859c-5118db1a7fff,20,1.0,,,,10.91,6.01,9.44,10.38,11.88,11.84
2025-12-17T03:29:42.801963,Recipe_B,ca4e2b3e-360b-4bf9-859c-5118db1a7fff,20,1.0,,,,10.37,9.0,6.91,10.88,10.2,9.48
2025-12-17T03:29:43.801963,Recipe_B,ca4e2b3e-360b-4bf9-859c-5118db1a7fff,20,1.0,,,,12.01,9.56,10.48,9.29,9.23,11.86
2025-12-17T03:29:44.801963,Recipe_B,ca4e2b3e-360b-4bf9-859c-5118db1a7fff,20,1.0,,,,8.88,9.05,7.52,10.85,9.46,7.62
2025-12-17T03:29:45.801963,Recipe_B,ca4e2b3e-360b-4bf9-859c-5118db1a7fff,20,1.0,,,,6.72,11.06,9.27,9.84,10.81,9.77
2025-12-17T03:29:46.801963,Recipe_B,ca4e2b3e-360b-4bf9-859c-5118db1a7fff,20,1.0,,,,9.73,12.39,7.45,13.29,11.54,7.75
2025-12-17T03:29:47.801963,Recipe_B,ca4e2b3e-360b-4bf9-859c-5118db1a7fff,20,1.0,,,,11.49,6.69,8.72,9.33,12.68,9.51
2025-12-17T03:29:48.801963,Recipe_B,ca4e2b3e-360b-4bf9-859c-5118db1a7fff,20,1.0,,,,8.84,13.05,7.98,13.83,7.91,8.43
2025-12-17T03:29:49.801963,Recipe_B,ca4e2b3e-360b-4bf9-859c-5118db1a7fff,20,1.0,,,,9.49,7.56,8.27,9.79,12.55,9.46
2025-12-17T03:29:50.801963,Recipe_B,ca4e2b3e-360b-4bf9-859c-5118db1a7fff,20,1.0,,,,9.46,10.07,9.06,10.32,5.92,11.12
2025-12-17T03:29:51.801963,Recipe_B,ca4e2b3e-360b-4bf9-859c-5118db1a7fff,20,1.0,,,,9.63,8.99,11.24,8.11,9.59,9.62
2025-12-17T03:29:52.801963,Recipe_B,ca4e2b3e-360b-4bf9-859c-5118db1a7fff,20,1.0,,,,11.03,12.26,11.17,8.86,11.33,8.78
2025-12-17T03:29:53.801963,Recipe_B,ca4e2b3e-360b-4bf9-859c-5118db1a7fff,20,1.0,,,,8.86,7.58,8.7,12.33,12.87,13.71
2025-12-17T03:29:54.801963,Recipe_B,ca4e2b3e-360b-4bf9-859c-5118db1a7fff,20,1.0,,,,11.01,10.59,12.05,8.71,9.08,11.18
2025-12-17T03:29:55.801963,Recipe_B,ca4e2b3e-360b-4bf9-859c-5118db1a7fff,20,1.0,,,,8.83,10.53,8.72,8.39,9.18,9.15
2025-12-17T03:29:56.801963,Recipe_B,ca4e2b3e-360b-4bf9-859c-5118db1a7fff,20,1.0,,,,10.52,12.94,9.22,9.82,11.59,8.68
2025-12-17T03:29:57.801963,Recipe_B,ca4e2b3e-360b-4bf9-859c-5118db1a7fff,20,1.0,,,,10.13,11.52,11.25,4.59,11.8,11.66
2025-12-17T03:29:58.801963,Recipe_B,ca4e2b3e-360b-4bf9-859c-5118db1a7fff,20,1.0,,,,9.74,8.04,10.05,11.88,7.58,8.89
2025-12-17T03:29:59.801963,Recipe_B,ca4e2b3e-360b-4bf9-859c-5118db1a7fff,20,1.0,,,,10.44,9.43,7.49,8.5,10.95,10.4
2025-12-17T03:30:00.801963,Recipe_B,ca4e2b3e-360b-4bf9-859c-5118db1a7fff,20,1.0,,,,8.75,10.81,7.86,5.71,12.34,8.1
2025-12-17T03:30:01.801963,Recipe_B,ca4e2b3e-360b-4bf9-859c-5118db1a7fff,20,1.0,,,,7.63,8.51,13.26,9.64,7.33,12.03
2025-12-17T03:30:02.801963,Recipe_B,ca4e2b3e-360b-4bf9-859c-5118db1a7fff,20,1.0,,,,10.95,10.57,12.01,13.81,9.86,8.76
2025-12-17T03:30:03.801963,Recipe_B,ca4e2b3e-360b-4bf9-859c-5118db1a7fff,20,1.0,,,,9.41,9.23,9.94,9.57,7.35,12.26
2025-12-17T03:30:04.801963,Recipe_B,ca4e2b3e-360b-4bf9-859c-5118db1a7fff,20,1.0,,,,12.34,11.79,12.91,6.85,10.8,11.82
2025-12-17T03:30:05.801963,Recipe_B,ca4e2b3e-360b-4bf9-859c-5118db1a7fff,20,1.0,,,,9.28,10.07,10.53,11.47,9.79,7.87
2025-12-17T03:30:06.801963,Recipe_B,ca4e2b3e-360b-4bf9-859c-5118db1a7fff,20,1.0,,,,10.88,11.09,10.27,11.73,7.76,10.25
2025-12-17T03:30:07.801963,Recipe_B,ca4e2b3e-360b-4bf9-859c-5118db1a7fff,20,1.0,,,,8.05,12.95,11.97,12.23,11.77,8.87
2025-12-17T03:30:08.801963,Recipe_B,ca4e2b3e-360b-4bf9-859c-5118db1a7fff,20,1.0,,,,6.82,8.28,11.09,10.73,6.17,10.53
2025-12-17T03:30:09.801963,Recipe_B,ca4e2b3e-360b-4bf9-859c-5118db1a7fff,20,1.0,,,,13.06,5.38,10.34,8.96,7.12,9.76
2025-12-17T03:30:10.801963,Recipe_B,ca4e2b3e-360b-4bf9-859c-5118db1a7fff,20,1.0,,,,9.08,10.16,8.61,14.02,10.49,9.58
2025-12-17T03:30:11.801963,Recipe_B,ca4e2b3e-360b-4bf9-859c-5118db1a7fff,20,2.0,,,,8.64,12.98,9.16,9.97,11.63,10.58
2025-12-17T03:30:12.801963,Recipe_B,ca4e2b3e-360b-4bf9-859c-5118db1a7fff,20,2.0,,,,9.33,8.92,10.99,14.57,11.53,10.54
2025-12-17T03:30:13.801963,Recipe_B,ca4e2b3e-360b-4bf9-859c-5118db1a7fff,20,2.0,,,,14.12,11.25,12.95,10.14,5.65,9.19
2025-12-17T03:30:14.801963,Recipe_B,ca4e2b3e-360b-4bf9-859c-5118db1a7fff,20,2.0,,,,12.45,7.59,9.59,7.29,9.75,9.06
2025-12-17T03:30:15.801963,Recipe_B,ca4e2b3e-360b-4bf9-859c-5118db1a7fff,20,4.0,,,,106.73,44.88,53.03,52.07,46.01,54.5
2025-12-17T03:30:16.801963,Recipe_B,ca4e2b3e-360b-4bf9-859c-5118db1a7fff,20,4.0,,,,104.31,53.99,54.21,53.16,50.85,54.07
2025-12-17T03:30:17.801963,Recipe_B,ca4e2b3e-360b-4bf9-859c-5118db1a7fff,20,4.0,,,,93.8,46.74,48.16,49.8,44.05,45.74
2025-12-17T03:30:18.801963,Recipe_B,ca4e2b3e-360b-4bf9-859c-5118db1a7fff,20,4.0,,,,97.72,48.97,48.67,45.71,47.01,48.73
2025-12-17T03:30:19.801963,Recipe_B,ca4e2b3e-360b-4bf9-859c-5118db1a7fff,20,4.0,,,,104.61,43.45,48.81,60.77,48.64,52.45
2025-12-17T03:30:20.801963,Recipe_B,ca4e2b3e-360b-4bf9-859c-5118db1a7fff,20,4.0,,,,96.73,60.06,56.93,55.83,46.84,48.73
2025-12-17T03:30:21.801963,Recipe_B,ca4e2b3e-360b-4bf9-859c-5118db1a7fff,20,4.0,,,,95.62,47.88,53.61,43.42,57.63,42.86
2025-12-17T03:30:22.801963,Recipe_B,ca4e2b3e-360b-4bf9-859c-5118db1a7fff,20,4.0,,,,96.74,50.59,41.14,39.55,44.81,47.1
2025-12-17T03:30:23.801963,Recipe_B,ca4e2b3e-360b-4bf9-859c-5118db1a7fff,20,4.0,,,,97.5,53.53,47.73,45.2,46.28,53.97
2025-12-17T03:30:24.801963,Recipe_B,ca4e2b3e-360b-4bf9-859c-5118db1a7fff,20,4.0,,,,107.84,56.19,45.15,50.52,54.27,53.03
2025-12-17T03:30:25.801963,Recipe_B,ca4e2b3e-360b-4bf9-859c-5118db1a7fff,20,4.0,,,,111.34,56.33,52.77,40.75,50.0,48.58
2025-12-17T03:30:26.801963,Recipe_B,ca4e2b3e-360b-4bf9-859c-5118db1a7fff,20,0.0,,,,0.0,0.0,0.0,0.0,0.0,0.0
2025-12-17T03:30:27.801963,Recipe_B,ca4e2b3e-360b-4bf9-859c-5118db1a7fff,20,0.0,,,,0.0,0.0,0.0,0.0,0.0,0.0
2025-12-17T03:30:28.801963,Recipe_B,ca4e2b3e-360b-4bf9-859c-5118db1a7fff,20,0.0,,,,0.0,0.0,0.0,0.0,0.0,0.0
2025-12-17T03:30:29.801963,Recipe_B,ca4e2b3e-360b-4bf9-859c-5118db1a7fff,20,0.0,,,,0.0,0.0,0.0,0.0,0.0,0.0
2025-12-17T03:30:30.801963,Recipe_B,ca4e2b3e-360b-4bf9-859c-5118db1a7fff,20,0.0,,,,0.0,0.0,0.0,0.0,0.0,0.0
2025-12-17T03:30:31.801963,Recipe_B,ca4e2b3e-360b-4bf9-859c-5118db1a7fff,20,0.0,,,,0.0,0.0,0.0,0.0,0.0,0.0
2025-12-17T03:30:32.801963,Recipe_B,ca4e2b3e-360b-4bf9-859c-5118db1a7fff,20,0.0,,,,0.0,0.0,0.0,0.0,0.0,0.0
2025-12-17T03:30:33.801963,Recipe_B,ca4e2b3e-360b-4bf9-859c-5118db1a7fff,20,0.0,,,,0.0,0.0,0.0,0.0,0.0,0.0
2025-12-17T03:30:34.801963,Recipe_B,ca4e2b3e-360b-4bf9-859c-5118db1a7fff,20,0.0,,,,0.0,0.0,0.0,0.0,0.0,0.0
2025-12-17T03:30:35.801963,Recipe_B,ca4e2b3e-360b-4bf9-859c-5118db1a7fff,20,0.0,,,,0.0,0.0,0.0,0.0,0.0,0.0
2025-12-17T03:30:36.801963,Recipe_B,ca4e2b3e-360b-4bf9-859c-5118db1a7fff,20,0.0,,,,0.0,0.0,0.0,0.0,0.0,0.0
2025-12-17T03:30:37.801963,Recipe_B,ca4e2b3e-360b-4bf9-859c-5118db1a7fff,20,0.0,,,,0.0,0.0,0.0,0.0,0.0,0.0
2025-12-17T03:30:38.801963,Recipe_B,ca4e2b3e-360b-4bf9-859c-5118db1a7fff,20,0.0,,,,0.0,0.0,0.0,0.0,0.0,0.0
2025-12-17T03:30:39.801963,Recipe_B,ca4e2b3e-360b-4bf9-859c-5118db1a7fff,20,0.0,,,,0.0,0.0,0.0,0.0,0.0,0.0
2025-12-17T03:30:40.801963,Recipe_B,ca4e2b3e-360b-4bf9-859c-5118db1a7fff,20,0.0,,,,0.0,0.0,0.0,0.0,0.0,0.0
2025-12-17T03:30:41.801963,Recipe_B,ca4e2b3e-360b-4bf9-859c-5118db1a7fff,20,0.0,,,,0.0,0.0,0.0,0.0,0.0,0.0
2025-12-17T03:30:42.801963,Recipe_B,ca4e2b3e-360b-4bf9-859c-5118db1a7fff,20,0.0,,,,0.0,0.0,0.0,0.0,0.0,0.0
2025-12-17T03:30:43.801963,Recipe_B,ca4e2b3e-360b-4bf9-859c-5118db1a7fff,20,0.0,,,,0.0,0.0,0.0,0.0,0.0,0.0
2025-12-17T03:30:44.801963,Recipe_B,ca4e2b3e-360b-4bf9-859c-5118db1a7fff,20,0.0,,,,0.0,0.0,0.0,0.0,0.0,0.0
2025-12-17T03:30:45.801963,Recipe_B,ca4e2b3e-360b-4bf9-859c-5118db1a7fff,20,5.0,,,,11.4,13.45,10.18,12.41,11.24,5.44
2025-12-17T03:30:46.801963,Recipe_B,ca4e2b3e-360b-4bf9-859c-5118db1a7fff,20,5.0,,,,10.77,7.0,7.97,11.22,8.85,10.96
2025-12-17T03:30:47.801963,Recipe_B,ca4e2b3e-360b-4bf9-859c-5118db1a7fff,20,5.0,,,,8.58,12.28,6.55,13.72,13.36,10.04
2025-12-17T03:30:48.801963,Recipe_B,ca4e2b3e-360b-4bf9-859c-5118db1a7fff,20,5.0,,,,9.75,6.57,9.76,7.36,7.54,11.23
2025-12-17T03:30:49.801963,Recipe_B,ca4e2b3e-360b-4bf9-859c-5118db1a7fff,20,5.0,,,,8.3,9.28,9.79,12.72,10.84,10.06
2025-12-17T03:30:50.801963,Recipe_B,ca4e2b3e-360b-4bf9-859c-5118db1a7fff,20,5.0,,,,10.07,8.12,11.76,10.13,5.43,7.92
2025-12-17T03:30:51.801963,Recipe_B,ca4e2b3e-360b-4bf9-859c-5118db1a7fff,20,5.0,,,,12.71,11.3,9.77,9.54,12.12,9.86
2025-12-17T03:30:52.801963,Recipe_B,ca4e2b3e-360b-4bf9-859c-5118db1a7fff,20,5.0,,,,11.07,7.23,8.01,7.94,8.15,11.69
2025-12-17T03:30:53.801963,Recipe_B,ca4e2b3e-360b-4bf9-859c-5118db1a7fff,20,1.0,,,,9.68,9.77,10.65,11.77,9.57,13.04
2025-12-17T03:30:54.801963,Recipe_B,ca4e2b3e-360b-4bf9-859c-5118db1a7fff,20,1.0,,,,11.4,6.23,9.15,8.58,9.94,9.63
2025-12-17T03:30:55.801963,Recipe_B,ca4e2b3e-360b-4bf9-859c-5118db1a7fff,20,1.0,,,,7.34,10.84,12.17,11.25,10.13,10.36
2025-12-17T03:30:56.801963,Recipe_B,ca4e2b3e-360b-4bf9-859c-5118db1a7fff,20,1.0,,,,12.42,10.5,12.33,13.34,7.87,12.73
2025-12-17T03:30:57.801963,Recipe_B,ca4e2b3e-360b-4bf9-859c-5118db1a7fff,20,3.0,,,,10.8,9.1,10.88,7.74,6.73,8.95
2025-12-17T03:30:58.801963,Recipe_B,ca4e2b3e-360b-4bf9-859c-5118db1a7fff,20,3.0,,,,9.2,9.86,10.22,10.05,14.08,11.73
2025-12-17T03:30:59.801963,Recipe_B,ca4e2b3e-360b-4bf9-859c-5118db1a7fff,20,3.0,,,,12.02,12.43,8.7,8.21,9.9,11.05
2025-12-17T03:31:00.801963,Recipe_B,ca4e2b3e-360b-4bf9-859c-5118db1a7fff,20,3.0,,,,12.98,6.61,12.59,12.01,9.39,12.56
2025-12-17T03:31:01.801963,Recipe_B,ca4e2b3e-360b-4bf9-859c-5118db1a7fff,20,3.0,,,,10.46,9.28,8.4,10.02,6.64,7.76
2025-12-17T03:31:02.801963,Recipe_B,ca4e2b3e-360b-4bf9-859c-5118db1a7fff,20,3.0,,,,8.45,10.36,9.47,9.34,8.87,7.39
2025-12-17T03:31:03.801963,Recipe_B,ca4e2b3e-360b-4bf9-859c-5118db1a7fff,20,3.0,,,,11.38,11.92,10.56,10.95,10.35,10.77
2025-12-17T03:31:04.801963,Recipe_B,ca4e2b3e-360b-4bf9-859c-5118db1a7fff,20,3.0,,,,9.79,6.1,9.2,9.32,11.42,8.92
2025-12-17T03:31:05.801963,Recipe_B,ca4e2b3e-360b-4bf9-859c-5118db1a7fff,20,3.0,,,,11.49,12.31,9.96,9.07,11.91,10.98
2025-12-17T03:31:06.801963,Recipe_B,ca4e2b3e-360b-4bf9-859c-5118db1a7fff,20,3.0,,,,10.75,9.97,9.91,8.73,7.58,9.36
2025-12-17T03:31:07.801963,Recipe_B,ca4e2b3e-360b-4bf9-859c-5118db1a7fff,20,3.0,,,,8.35,8.45,10.31,11.55,10.5,7.82
2025-12-17T03:31:08.801963,Recipe_B,ca4e2b3e-360b-4bf9-859c-5118db1a7fff,20,3.0,,,,12.13,12.32,6.63,8.79,9.84,6.05
2025-12-17T03:31:08.801963,Recipe_B,ca4e2b3e-360b-4bf9-859c-5118db1a7fff,20,3.0,Error_5,Simulated Error occurred,Error,,,,,,
2025-12-17T03:31:09.801963,Recipe_B,ca4e2b3e-360b-4bf9-859c-5118db1a7fff,20,3.0,,,,6.0,6.85,11.22,12.17,7.81,7.19
2025-12-17T03:31:10.801963,Recipe_B,ca4e2b3e-360b-4bf9-859c-5118db1a7fff,20,3.0,,,,11.24,10.45,7.33,8.92,10.63,10.43
2025-12-17T03:31:11.801963,Recipe_B,ca4e2b3e-360b-4bf9-859c-5118db1a7fff,20,3.0,,,,8.5,8.88,11.7,12.71,8.43,8.61
2025-12-17T03:31:12.801963,Recipe_B,ca4e2b3e-360b-4bf9-859c-5118db1a7fff,20,3.0,,,,10.77,9.68,10.15,13.67,9.87,8.63
2025-12-17T03:31:12.801963,Recipe_B,ca4e2b3e-360b-4bf9-859c-5118db1a7fff,20,3.0,Warning_5,Simulated Warning occurred,Warning,,,,,,
2025-12-17T03:31:13.801963,Recipe_B,ca4e2b3e-360b-4bf9-859c-5118db1a7fff,20,3.0,,,,10.25,8.47,11.85,6.33,13.76,11.27
2025-12-17T03:31:14.801963,Recipe_B,ca4e2b3e-360b-4bf9-859c-5118db1a7fff,20,3.0,,,,9.68,7.16,11.39,11.45,7.55,13.51
2025-12-17T03:31:15.801963,Recipe_B,ca4e2b3e-360b-4bf9-859c-5118db1a7fff,20,3.0,,,,10.72,10.08,9.79,11.13,5.88,9.86
2025-12-17T03:31:16.801963,Recipe_B,ca4e2b3e-360b-4bf9-859c-5118db1a7fff,20,3.0,,,,8.65,8.93,9.62,9.5,8.18,10.21
2025-12-17T03:31:17.801963,Recipe_B,ca4e2b3e-360b-4bf9-859c-5118db1a7fff,20,3.0,,,,11.41,13.95,11.08,10.78,8.54,9.83
2025-12-17T03:31:18.801963,Recipe_B,ca4e2b3e-360b-4bf9-859c-5118db1a7fff,20,3.0,,,,10.11,10.27,6.93,12.8,6.67,12.31
2025-12-17T03:31:19.801963,Recipe_B,ca4e2b3e-360b-4bf9-859c-5118db1a7fff,20,3.0,,,,5.76,11.97,13.17,7.81,7.68,7.86
2025-12-17T03:31:20.801963,Recipe_B,ca4e2b3e-360b-4bf9-859c-5118db1a7fff,20,3.0,,,,13.93,7.05,11.04,9.34,9.76,10.62
2025-12-17T03:31:21.801963,Recipe_B,ca4e2b3e-360b-4bf9-859c-5118db1a7fff,20,3.0,,,,7.87,9.97,6.72,6.14,8.35,13.67
2025-12-17T03:31:22.801963,Recipe_B,ca4e2b3e-360b-4bf9-859c-5118db1a7fff,20,3.0,,,,8.76,9.5,9.19,13.48,11.36,9.42
2025-12-17T03:31:23.801963,Recipe_B,ca4e2b3e-360b-4bf9-859c-5118db1a7fff,20,3.0,,,,10.17,8.05,9.04,12.36,14.08,9.98
2025-12-17T03:31:24.801963,Recipe_B,ca4e2b3e-360b-4bf9-859c-5118db1a7fff,20,3.0,,,,7.91,11.05,10.77,10.45,10.9,9.22
2025-12-17T03:31:25.801963,Recipe_B,ca4e2b3e-360b-4bf9-859c-5118db1a7fff,20,1.0,,,,9.19,13.97,8.65,14.09,9.18,7.37
2025-12-17T03:31:26.801963,Recipe_B,ca4e2b3e-360b-4bf9-859c-5118db1a7fff,20,1.0,,,,9.45,10.64,9.55,11.24,10.92,11.66
2025-12-17T03:31:27.801963,Recipe_B,ca4e2b3e-360b-4bf9-859c-5118db1a7fff,20,1.0,,,,11.59,8.37,14.3,9.85,11.64,9.45
2025-12-17T03:31:28.801963,Recipe_B,ca4e2b3e-360b-4bf9-859c-5118db1a7fff,20,1.0,,,,8.56,11.98,10.69,11.23,11.74,10.09
2025-12-17T03:31:29.801963,Recipe_B,ca4e2b3e-360b-4bf9-859c-5118db1a7fff,20,1.0,,,,8.6,9.35,9.23,11.8,11.47,8.83
2025-12-17T03:31:30.801963,Recipe_B,ca4e2b3e-360b-4bf9-859c-5118db1a7fff,20,1.0,,,,10.28,10.08,11.96,9.24,11.38,12.74
2025-12-17T03:31:31.801963,Recipe_B,ca4e2b3e-360b-4bf9-859c-5118db1a7fff,20,1.0,,,,7.09,8.73,12.18,11.62,8.88,11.62
2025-12-17T03:31:32.801963,Recipe_B,ca4e2b3e-360b-4bf9-859c-5118db1a7fff,20,1.0,,,,13.88,9.45,10.74,8.4,8.57,9.4
2025-12-17T03:31:33.801963,Recipe_B,ca4e2b3e-360b-4bf9-859c-5118db1a7fff,20,1.0,,,,12.02,9.85,6.06,10.54,9.38,11.05
2025-12-17T03:31:34.801963,Recipe_B,ca4e2b3e-360b-4bf9-859c-5118db1a7fff,20,1.0,,,,10.19,14.04,12.8,13.65,11.5,10.64
2025-12-17T03:31:35.801963,Recipe_B,ca4e2b3e-360b-4bf9-859c-5118db1a7fff,20,1.0,,,,11.08,10.06,10.67,10.81,12.93,9.02
2025-12-17T03:31:36.801963,Recipe_B,ca4e2b3e-360b-4bf9-859c-5118db1a7fff,20,1.0,,,,10.34,11.58,10.21,10.73,10.73,13.07
2025-12-17T03:31:37.801963,Recipe_B,ca4e2b3e-360b-4bf9-859c-5118db1a7fff,20,1.0,,,,6.01,10.9,10.73,11.81,11.49,10.36
2025-12-17T03:31:38.801963,Recipe_B,ca4e2b3e-360b-4bf9-859c-5118db1a7fff,20,1.0,,,,13.17,9.05,7.01,13.85,7.64,11.44
2025-12-17T03:31:39.801963,Recipe_B,ca4e2b3e-360b-4bf9-859c-5118db1a7fff,20,1.0,,,,9.8,8.04,6.73,10.03,15.68,10.5
2025-12-17T03:31:40.801963,Recipe_B,ca4e2b3e-360b-4bf9-859c-5118db1a7fff,20,1.0,,,,10.24,11.51,7.28,8.0,11.54,11.93
2025-12-17T03:31:41.801963,Recipe_B,ca4e2b3e-360b-4bf9-859c-5118db1a7fff,20,1.0,,,,9.56,11.16,10.44,9.57,9.56,13.06
2025-12-17T03:31:42.801963,Recipe_B,ca4e2b3e-360b-4bf9-859c-5118db1a7fff,20,1.0,,,,11.29,12.52,13.18,10.12,8.59,8.0
2025-12-17T03:31:43.801963,Recipe_B,ca4e2b3e-360b-4bf9-859c-5118db1a7fff,20,1.0,,,,11.43,6.09,10.26,10.75,9.35,12.0
2025-12-17T03:31:44.801963,Recipe_B,ca4e2b3e-360b-4bf9-859c-5118db1a7fff,20,1.0,,,,10.73,11.79,11.5,11.32,9.35,11.33
2025-12-17T03:31:45.801963,Recipe_B,ca4e2b3e-360b-4bf9-859c-5118db1a7fff,20,1.0,,,,9.73,7.11,11.38,9.66,10.96,10.03
2025-12-17T03:31:46.801963,Recipe_B,ca4e2b3e-360b-4bf9-859c-5118db1a7fff,20,1.0,,,,9.95,11.72,12.69,11.03,10.82,8.36
2025-12-17T03:31:47.801963,Recipe_B,ca4e2b3e-360b-4bf9-859c-5118db1a7fff,20,1.0,,,,10.09,7.82,9.13,10.23,9.8,10.82
2025-12-17T03:31:48.801963,Recipe_B,ca4e2b3e-360b-4bf9-859c-5118db1a7fff,20,1.0,,,,13.95,7.19,10.01,8.59,13.49,7.51
2025-12-17T03:31:49.801963,Recipe_B,ca4e2b3e-360b-4bf9-859c-5118db1a7fff,20,1.0,,,,9.58,10.22,11.07,10.7,9.99,9.01
2025-12-17T03:31:50.801963,Recipe_B,ca4e2b3e-360b-4bf9-859c-5118db1a7fff,20,1.0,,,,8.46,12.13,9.4,10.25,8.38,11.16
2025-12-17T03:31:51.801963,Recipe_B,ca4e2b3e-360b-4bf9-859c-5118db1a7fff,20,1.0,,,,13.01,12.4,8.13,11.09,8.1,10.63
2025-12-17T03:31:52.801963,Recipe_B,ca4e2b3e-360b-4bf9-859c-5118db1a7fff,20,1.0,,,,11.66,8.07,10.09,13.14,13.01,11.03
2025-12-17T03:31:53.801963,Recipe_B,ca4e2b3e-360b-4bf9-859c-5118db1a7fff,20,1.0,,,,9.97,11.35,12.15,11.11,10.83,8.61
2025-12-17T03:31:54.801963,Recipe_B,ca4e2b3e-360b-4bf9-859c-5118db1a7fff,20,1.0,,,,10.64,8.44,11.12,11.9,9.72,9.74
2025-12-17T03:31:55.801963,Recipe_B,ca4e2b3e-360b-4bf9-859c-5118db1a7fff,20,1.0,,,,10.79,8.63,4.14,12.19,12.07,8.97
2025-12-17T03:31:56.801963,Recipe_B,ca4e2b3e-360b-4bf9-859c-5118db1a7fff,20,1.0,,,,9.45,12.66,10.05,9.85,8.86,10.1
2025-12-17T03:31:57.801963,Recipe_B,ca4e2b3e-360b-4bf9-859c-5118db1a7fff,20,1.0,,,,6.61,14.64,12.82,12.1,9.52,10.28
2025-12-17T03:31:58.801963,Recipe_B,ca4e2b3e-360b-4bf9-859c-5118db1a7fff,20,1.0,,,,7.28,6.83,5.62,10.04,10.3,8.77
2025-12-17T03:31:59.801963,Recipe_B,ca4e2b3e-360b-4bf9-859c-5118db1a7fff,20,1.0,,,,11.3,13.21,10.69,7.2,10.78,8.56
2025-12-17T03:32:00.801963,Recipe_B,ca4e2b3e-360b-4bf9-859c-5118db1a7fff,20,1.0,,,,9.39,8.55,8.17,8.94,13.25,8.08
2025-12-17T03:32:01.801963,Recipe_B,ca4e2b3e-360b-4bf9-859c-5118db1a7fff,20,1.0,,,,8.37,7.99,9.06,12.84,13.47,14.37
2025-12-17T03:32:02.801963,Recipe_B,ca4e2b3e-360b-4bf9-859c-5118db1a7fff,20,1.0,,,,6.69,11.74,7.05,9.7,9.94,8.78
2025-12-17T03:32:03.801963,Recipe_B,ca4e2b3e-360b-4bf9-859c-5118db1a7fff,20,1.0,,,,8.53,8.07,12.17,6.85,10.29,9.56
2025-12-17T03:32:04.801963,Recipe_B,ca4e2b3e-360b-4bf9-859c-5118db1a7fff,20,1.0,,,,8.43,11.35,13.09,8.08,13.77,7.44
2025-12-17T03:32:05.801963,Recipe_B,ca4e2b3e-360b-4bf9-859c-5118db1a7fff,20,1.0,,,,12.08,9.35,11.24,11.94,9.17,9.01
2025-12-17T03:32:06.801963,Recipe_B,ca4e2b3e-360b-4bf9-859c-5118db1a7fff,20,1.0,,,,8.69,10.11,7.52,11.0,9.32,12.57
2025-12-17T03:32:07.801963,Recipe_B,ca4e2b3e-360b-4bf9-859c-5118db1a7fff,20,1.0,,,,8.3,11.69,10.78,9.99,8.29,7.7
2025-12-17T03:32:08.801963,Recipe_B,ca4e2b3e-360b-4bf9-859c-5118db1a7fff,20,1.0,,,,10.22,12.42,10.82,6.39,10.62,9.25
2025-12-17T03:32:09.801963,Recipe_B,ca4e2b3e-360b-4bf9-859c-5118db1a7fff,20,1.0,,,,9.7,14.41,12.2,11.39,8.32,9.5
2025-12-17T03:32:10.801963,Recipe_B,ca4e2b3e-360b-4bf9-859c-5118db1a7fff,20,1.0,,,,11.5,11.04,11.39,12.29,10.98,9.66
2025-12-17T03:32:11.801963,Recipe_B,ca4e2b3e-360b-4bf9-859c-5118db1a7fff,20,1.0,,,,13.19,7.47,13.7,11.48,11.93,8.91
2025-12-17T03:32:12.801963,Recipe_B,ca4e2b3e-360b-4bf9-859c-5118db1a7fff,20,1.0,,,,11.17,8.78,6.27,12.59,8.35,11.64
2025-12-17T03:32:13.801963,Recipe_B,ca4e2b3e-360b-4bf9-859c-5118db1a7fff,20,1.0,,,,9.81,7.16,7.08,13.33,7.16,12.64
2025-12-17T03:32:14.801963,Recipe_B,ca4e2b3e-360b-4bf9-859c-5118db1a7fff,20,1.0,,,,7.57,11.04,9.71,10.15,7.13,12.51
2025-12-17T03:32:15.801963,Recipe_B,ca4e2b3e-360b-4bf9-859c-5118db1a7fff,20,1.0,,,,11.01,9.06,12.1,9.1,10.44,12.92
2025-12-17T03:32:16.801963,Recipe_B,ca4e2b3e-360b-4bf9-859c-5118db1a7fff,20,1.0,,,,14.74,4.63,12.13,9.56,11.81,9.47
2025-12-17T03:32:17.801963,Recipe_B,ca4e2b3e-360b-4bf9-859c-5118db1a7fff,20,1.0,,,,10.45,9.9,10.17,5.74,9.38,9.15
2025-12-17T03:32:18.801963,Recipe_B,ca4e2b3e-360b-4bf9-859c-5118db1a7fff,20,1.0,,,,8.45,10.28,9.69,11.06,9.71,10.35
2025-12-17T03:32:19.801963,Recipe_B,ca4e2b3e-360b-4bf9-859c-5118db1a7fff,20,1.0,,,,9.61,9.94,6.53,12.04,7.84,8.46
2025-12-17T03:32:20.801963,Recipe_B,ca4e2b3e-360b-4bf9-859c-5118db1a7fff,20,1.0,,,,10.52,8.36,12.38,8.56,8.69,10.59
2025-12-17T03:32:21.801963,Recipe_B,ca4e2b3e-360b-4bf9-859c-5118db1a7fff,20,1.0,,,,7.82,9.86,7.91,8.19,9.9,7.81
2025-12-17T03:32:22.801963,Recipe_B,ca4e2b3e-360b-4bf9-859c-5118db1a7fff,20,1.0,,,,12.49,9.49,10.37,9.07,12.02,12.12
2025-12-17T03:32:23.801963,Recipe_B,ca4e2b3e-360b-4bf9-859c-5118db1a7fff,20,1.0,,,,11.06,11.31,9.9,7.94,10.12,10.7
2025-12-17T03:32:24.801963,Recipe_B,ca4e2b3e-360b-4bf9-859c-5118db1a7fff,20,1.0,,,,8.44,11.26,7.64,9.85,9.9,9.4
2025-12-17T03:32:25.801963,Recipe_B,ca4e2b3e-360b-4bf9-859c-5118db1a7fff,20,0.0,,,,0.0,0.0,0.0,0.0,0.0,0.0
2025-12-17T03:32:26.801963,Recipe_B,ca4e2b3e-360b-4bf9-859c-5118db1a7fff,20,0.0,,,,0.0,0.0,0.0,0.0,0.0,0.0
2025-12-17T03:32:27.801963,Recipe_B,ca4e2b3e-360b-4bf9-859c-5118db1a7fff,20,0.0,,,,0.0,0.0,0.0,0.0,0.0,0.0
2025-12-17T03:32:27.801963,Recipe_B,ca4e2b3e-360b-4bf9-859c-5118db1a7fff,20,0.0,Warning_4,Simulated Warning occurred,Warning,,,,,,
2025-12-17T03:32:28.801963,Recipe_B,ca4e2b3e-360b-4bf9-859c-5118db1a7fff,20,0.0,,,,0.0,0.0,0.0,0.0,0.0,0.0
2025-12-17T03:32:29.801963,Recipe_B,ca4e2b3e-360b-4bf9-859c-5118db1a7fff,20,0.0,,,,0.0,0.0,0.0,0.0,0.0,0.0
2025-12-17T03:32:30.801963,Recipe_B,ca4e2b3e-360b-4bf9-859c-5118db1a7fff,20,0.0,,,,0.0,0.0,0.0,0.0,0.0,0.0
2025-12-17T03:32:31.801963,Recipe_B,ca4e2b3e-360b-4bf9-859c-5118db1a7fff,20,0.0,,,,0.0,0.0,0.0,0.0,0.0,0.0
2025-12-17T03:32:32.801963,Recipe_B,ca4e2b3e-360b-4bf9-859c-5118db1a7fff,20,0.0,,,,0.0,0.0,0.0,0.0,0.0,0.0
2025-12-17T03:32:33.801963,Recipe_B,ca4e2b3e-360b-4bf9-859c-5118db1a7fff,20,0.0,,,,0.0,0.0,0.0,0.0,0.0,0.0
2025-12-17T03:32:34.801963,Recipe_B,ca4e2b3e-360b-4bf9-859c-5118db1a7fff,20,0.0,,,,0.0,0.0,0.0,0.0,0.0,0.0
2025-12-17T03:32:35.801963,Recipe_B,ca4e2b3e-360b-4bf9-859c-5118db1a7fff,20,4.0,,,,99.16,49.16,45.29,38.82,41.28,47.17
2025-12-17T03:32:36.801963,Recipe_B,ca4e2b3e-360b-4bf9-859c-5118db1a7fff,20,4.0,,,,91.88,63.99,40.73,58.36,49.28,57.23
2025-12-17T03:32:37.801963,Recipe_B,ca4e2b3e-360b-4bf9-859c-5118db1a7fff,20,4.0,,,,95.17,37.13,51.34,54.33,42.23,52.44
2025-12-17T03:32:38.801963,Recipe_B,ca4e2b3e-360b-4bf9-859c-5118db1a7fff,20,4.0,,,,101.09,45.22,49.85,52.57,51.0,53.0
2025-12-17T03:32:39.801963,Recipe_B,ca4e2b3e-360b-4bf9-859c-5118db1a7fff,20,4.0,,,,97.16,50.73,51.68,46.34,52.15,52.06
2025-12-17T03:32:40.801963,Recipe_B,ca4e2b3e-360b-4bf9-859c-5118db1a7fff,20,4.0,,,,105.34,55.45,55.74,53.85,51.28,53.61
2025-12-17T03:32:41.801963,Recipe_B,ca4e2b3e-360b-4bf9-859c-5118db1a7fff,20,4.0,,,,101.64,42.94,43.51,46.97,50.61,46.42
2025-12-17T03:32:42.801963,Recipe_B,ca4e2b3e-360b-4bf9-859c-5118db1a7fff,20,4.0,,,,106.9,57.94,48.83,43.83,49.89,47.87
2025-12-17T03:32:43.801963,Recipe_B,ca4e2b3e-360b-4bf9-859c-5118db1a7fff,20,4.0,,,,93.45,48.88,54.95,41.29,32.93,47.57
2025-12-17T03:32:44.801963,Recipe_B,ca4e2b3e-360b-4bf9-859c-5118db1a7fff,20,4.0,,,,99.12,50.09,60.27,47.75,49.69,46.74
2025-12-17T03:32:45.801963,Recipe_B,ca4e2b3e-360b-4bf9-859c-5118db1a7fff,20,4.0,,,,90.73,52.17,60.22,49.07,50.26,53.97
2025-12-17T03:32:46.801963,Recipe_B,ca4e2b3e-360b-4bf9-859c-5118db1a7fff,20,4.0,,,,104.58,55.56,50.64,61.34,53.31,47.32
2025-12-17T03:32:47.801963,Recipe_B,ca4e2b3e-360b-4bf9-859c-5118db1a7fff,20,4.0,,,,98.85,53.35,45.28,55.42,45.01,47.93
2025-12-17T03:32:48.801963,Recipe_B,ca4e2b3e-360b-4bf9-859c-5118db1a7fff,20,4.0,,,,104.06,42.31,41.44,46.74,57.56,46.55
2025-12-17T03:32:49.801963,Recipe_B,ca4e2b3e-360b-4bf9-859c-5118db1a7fff,20,4.0,,,,95.17,47.27,53.2,56.3,40.09,41.45
2025-12-17T03:32:50.801963,Recipe_B,ca4e2b3e-360b-4bf9-859c-5118db1a7fff,20,4.0,,,,106.88,50.34,52.63,48.49,49.29,48.4
2025-12-17T03:32:51.801963,Recipe_B,ca4e2b3e-360b-4bf9-859c-5118db1a7fff,20,4.0,,,,102.65,49.2,54.25,53.63,55.14,51.74
2025-12-17T03:32:52.801963,Recipe_B,ca4e2b3e-360b-4bf9-859c-5118db1a7fff,20,4.0,,,,103.25,51.19,51.67,56.07,51.66,58.06
2025-12-17T03:32:53.801963,Recipe_B,ca4e2b3e-360b-4bf9-859c-5118db1a7fff,20,4.0,,,,93.72,41.13,54.23,45.25,38.46,49.33
2025-12-17T03:32:54.801963,Recipe_B,ca4e2b3e-360b-4bf9-859c-5118db1a7fff,20,4.0,,,,110.97,53.76,45.98,45.95,43.23,49.03
2025-12-17T03:32:55.801963,Recipe_B,ca4e2b3e-360b-4bf9-859c-5118db1a7fff,20,4.0,,,,104.45,52.67,49.91,58.26,46.78,47.52
2025-12-17T03:32:56.801963,Recipe_B,ca4e2b3e-360b-4bf9-859c-5118db1a7fff,20,4.0,,,,105.87,50.16,45.74,52.89,56.39,58.59
2025-12-17T03:32:57.801963,Recipe_B,ca4e2b3e-360b-4bf9-859c-5118db1a7fff,20,4.0,,,,95.67,48.74,43.38,55.97,47.78,43.52
2025-12-17T03:32:58.801963,Recipe_B,ca4e2b3e-360b-4bf9-859c-5118db1a7fff,20,4.0,,,,97.71,49.33,52.42,56.26,46.74,47.18
2025-12-17T03:32:59.801963,Recipe_B,ca4e2b3e-360b-4bf9-859c-5118db1a7fff,20,4.0,,,,105.85,49.62,49.03,45.73,45.03,43.81
2025-12-17T03:33:00.801963,Recipe_B,ca4e2b3e-360b-4bf9-859c-5118db1a7fff,20,4.0,,,,103.69,50.66,52.96,47.31,54.58,49.18
2025-12-17T03:33:01.801963,Recipe_B,ca4e2b3e-360b-4bf9-859c-5118db1a7fff,20,4.0,,,,99.23,50.22,44.38,50.57,50.51,49.64
2025-12-17T03:33:02.801963,Recipe_B,ca4e2b3e-360b-4bf9-859c-5118db1a7fff,20,4.0,,,,97.89,55.29,50.02,44.32,55.75,45.77
2025-12-17T03:33:03.801963,Recipe_B,ca4e2b3e-360b-4bf9-859c-5118db1a7fff,20,5.0,,,,8.81,11.34,6.82,6.87,12.4,7.82
2025-12-17T03:33:04.801963,Recipe_B,ca4e2b3e-360b-4bf9-859c-5118db1a7fff,20,5.0,,,,9.89,8.56,5.62,9.38,10.62,12.13
2025-12-17T03:33:05.801963,Recipe_B,ca4e2b3e-360b-4bf9-859c-5118db1a7fff,20,5.0,,,,11.17,7.88,10.08,9.73,10.7,11.3
2025-12-17T03:33:06.801963,Recipe_B,ca4e2b3e-360b-4bf9-859c-5118db1a7fff,20,5.0,,,,7.66,13.52,8.48,12.05,8.89,9.65
2025-12-17T03:33:07.801963,Recipe_B,ca4e2b3e-360b-4bf9-859c-5118db1a7fff,20,5.0,,,,12.89,12.54,6.97,7.95,12.99,8.81
2025-12-17T03:33:08.801963,Recipe_B,ca4e2b3e-360b-4bf9-859c-5118db1a7fff,20,5.0,,,,10.37,9.29,11.26,10.05,10.33,11.51
2025-12-17T03:33:09.801963,Recipe_B,ca4e2b3e-360b-4bf9-859c-5118db1a7fff,20,5.0,,,,8.15,10.74,9.08,11.82,9.52,7.42
2025-12-17T03:33:10.801963,Recipe_B,ca4e2b3e-360b-4bf9-859c-5118db1a7fff,20,5.0,,,,7.83,10.48,11.63,10.4,10.2,11.69
2025-12-17T03:33:11.801963,Recipe_B,ca4e2b3e-360b-4bf9-859c-5118db1a7fff,20,5.0,,,,10.17,12.0,9.64,13.62,11.06,8.71
2025-12-17T03:33:12.801963,Recipe_B,ca4e2b3e-360b-4bf9-859c-5118db1a7fff,20,5.0,,,,9.19,9.1,8.16,11.85,9.85,11.07
2025-12-17T03:33:13.801963,Recipe_B,ca4e2b3e-360b-4bf9-859c-5118db1a7fff,20,5.0,,,,7.89,11.15,9.4,8.1,11.8,12.76
2025-12-17T03:33:14.801963,Recipe_B,ca4e2b3e-360b-4bf9-859c-5118db1a7fff,20,5.0,,,,10.55,10.78,9.5,10.85,11.25,12.74
2025-12-17T03:33:15.801963,Recipe_B,ca4e2b3e-360b-4bf9-859c-5118db1a7fff,20,5.0,,,,7.23,10.74,12.34,11.07,12.25,12.18
2025-12-17T03:33:16.801963,Recipe_B,ca4e2b3e-360b-4bf9-859c-5118db1a7fff,20,5.0,,,,7.98,10.74,7.63,9.57,13.31,11.77
2025-12-17T03:33:17.801963,Recipe_B,ca4e2b3e-360b-4bf9-859c-5118db1a7fff,20,5.0,,,,5.81,9.32,9.44,8.02,10.78,7.39
2025-12-17T03:33:18.801963,Recipe_B,ca4e2b3e-360b-4bf9-859c-5118db1a7fff,20,5.0,,,,9.56,11.21,9.54,11.08,8.11,8.97
2025-12-17T03:33:19.801963,Recipe_B,ca4e2b3e-360b-4bf9-859c-5118db1a7fff,20,5.0,,,,11.15,12.35,8.88,9.69,9.22,9.39
2025-12-17T03:33:20.801963,Recipe_B,ca4e2b3e-360b-4bf9-859c-5118db1a7fff,20,5.0,,,,10.63,12.89,8.7,9.48,9.89,6.3
2025-12-17T03:33:21.801963,Recipe_B,ca4e2b3e-360b-4bf9-859c-5118db1a7fff,20,5.0,,,,11.53,11.37,9.12,9.69,8.53,8.92
2025-12-17T03:33:22.801963,Recipe_B,ca4e2b3e-360b-4bf9-859c-5118db1a7fff,20,5.0,,,,14.68,14.26,9.24,8.76,13.34,9.62
2025-12-17T03:33:23.801963,Recipe_B,ca4e2b3e-360b-4bf9-859c-5118db1a7fff,20,5.0,,,,11.47,10.37,9.87,5.08,5.71,7.79
2025-12-17T03:33:24.801963,Recipe_B,ca4e2b3e-360b-4bf9-859c-5118db1a7fff,20,5.0,,,,9.68,13.97,10.75,14.05,11.7,8.5
2025-12-17T03:33:25.801963,Recipe_B,ca4e2b3e-360b-4bf9-859c-5118db1a7fff,20,5.0,,,,10.61,8.55,8.96,7.7,9.28,6.79
2025-12-17T03:33:26.801963,Recipe_B,ca4e2b3e-360b-4bf9-859c-5118db1a7fff,20,5.0,,,,12.51,12.7,5.12,9.69,9.32,7.09
2025-12-17T03:33:27.801963,Recipe_B,ca4e2b3e-360b-4bf9-859c-5118db1a7fff,20,5.0,,,,11.01,8.17,9.83,10.05,9.16,9.86
2025-12-17T03:33:28.801963,Recipe_B,ca4e2b3e-360b-4bf9-859c-5118db1a7fff,20,5.0,,,,11.34,4.85,5.73,11.38,8.37,10.54
2025-12-17T03:33:29.801963,Recipe_B,ca4e2b3e-360b-4bf9-859c-5118db1a7fff,20,5.0,,,,12.31,10.94,9.95,9.85,13.05,8.75
2025-12-17T03:33:30.801963,Recipe_B,ca4e2b3e-360b-4bf9-859c-5118db1a7fff,20,5.0,,,,10.13,5.76,13.22,10.49,11.44,8.79
2025-12-17T03:33:31.801963,Recipe_B,ca4e2b3e-360b-4bf9-859c-5118db1a7fff,20,5.0,,,,10.18,9.5,7.1,7.78,9.05,12.39
2025-12-17T03:33:32.801963,Recipe_B,ca4e2b3e-360b-4bf9-859c-5118db1a7fff,20,5.0,,,,5.72,9.72,9.24,11.45,9.66,10.72
2025-12-17T03:33:33.801963,Recipe_B,ca4e2b3e-360b-4bf9-859c-5118db1a7fff,20,5.0,,,,11.48,9.04,8.47,9.23,10.07,5.57
2025-12-17T03:33:34.801963,Recipe_B,ca4e2b3e-360b-4bf9-859c-5118db1a7fff,20,5.0,,,,10.92,7.27,7.88,10.01,13.54,11.9
2025-12-17T03:33:35.801963,Recipe_B,ca4e2b3e-360b-4bf9-859c-5118db1a7fff,20,5.0,,,,6.82,11.47,10.52,11.11,9.91,8.41
2025-12-17T03:33:36.801963,Recipe_B,ca4e2b3e-360b-4bf9-859c-5118db1a7fff,20,5.0,,,,8.81,10.4,9.95,12.51,10.01,6.05
2025-12-17T03:33:37.801963,Recipe_B,ca4e2b3e-360b-4bf9-859c-5118db1a7fff,20,5.0,,,,10.59,6.19,8.08,9.34,10.81,8.85
2025-12-17T03:33:38.801963,Recipe_B,ca4e2b3e-360b-4bf9-859c-5118db1a7fff,20,5.0,,,,4.68,9.91,5.49,9.26,11.15,14.75
2025-12-17T03:33:39.801963,Recipe_B,ca4e2b3e-360b-4bf9-859c-5118db1a7fff,20,2.0,,,,10.49,9.5,9.35,11.18,8.91,6.46
2025-12-17T03:33:40.801963,Recipe_B,ca4e2b3e-360b-4bf9-859c-5118db1a7fff,20,2.0,,,,9.88,10.34,8.25,6.99,11.23,8.03
2025-12-17T03:33:41.801963,Recipe_B,ca4e2b3e-360b-4bf9-859c-5118db1a7fff,20,2.0,,,,11.28,10.49,8.59,6.15,13.19,11.41
2025-12-17T03:33:42.801963,Recipe_B,ca4e2b3e-360b-4bf9-859c-5118db1a7fff,20,2.0,,,,7.41,13.86,9.38,8.68,13.92,11.84
2025-12-17T03:33:43.801963,Recipe_B,ca4e2b3e-360b-4bf9-859c-5118db1a7fff,20,2.0,,,,9.17,10.77,8.61,8.35,12.48,12.23
2025-12-17T03:33:44.801963,Recipe_B,ca4e2b3e-360b-4bf9-859c-5118db1a7fff,20,2.0,,,,10.14,11.01,7.88,9.53,7.27,11.02
2025-12-17T03:33:45.801963,Recipe_B,ca4e2b3e-360b-4bf9-859c-5118db1a7fff,20,2.0,,,,11.17,11.02,14.29,7.73,7.79,8.61
2025-12-17T03:33:46.801963,Recipe_B,ca4e2b3e-360b-4bf9-859c-5118db1a7fff,20,2.0,,,,9.38,8.45,11.86,8.93,9.44,10.21
2025-12-17T03:33:47.801963,Recipe_B,ca4e2b3e-360b-4bf9-859c-5118db1a7fff,20,2.0,,,,12.98,12.36,9.62,11.48,7.16,8.0
2025-12-17T03:33:48.801963,Recipe_B,ca4e2b3e-360b-4bf9-859c-5118db1a7fff,20,2.0,,,,15.88,14.67,7.0,7.57,9.27,9.79
2025-12-17T03:33:49.801963,Recipe_B,ca4e2b3e-360b-4bf9-859c-5118db1a7fff,20,2.0,,,,10.32,9.74,8.91,12.14,9.85,9.45
2025-12-17T03:33:50.801963,Recipe_B,ca4e2b3e-360b-4bf9-859c-5118db1a7fff,20,2.0,,,,10.82,12.6,8.68,11.36,11.38,9.29
2025-12-17T03:33:51.801963,Recipe_B,ca4e2b3e-360b-4bf9-859c-5118db1a7fff,20,2.0,,,,11.58,7.59,10.52,12.52,10.63,13.77
2025-12-17T03:33:52.801963,Recipe_B,ca4e2b3e-360b-4bf9-859c-5118db1a7fff,20,2.0,,,,12.73,11.31,10.08,9.8,9.9,11.78
2025-12-17T03:33:53.801963,Recipe_B,ca4e2b3e-360b-4bf9-859c-5118db1a7fff,20,2.0,,,,9.62,9.22,12.26,13.77,9.32,10.25
2025-12-17T03:33:54.801963,Recipe_B,ca4e2b3e-360b-4bf9-859c-5118db1a7fff,20,2.0,,,,10.27,6.41,15.13,10.66,8.66,13.11
2025-12-17T03:33:55.801963,Recipe_B,ca4e2b3e-360b-4bf9-859c-5118db1a7fff,20,2.0,,,,10.32,10.39,12.52,11.37,7.66,11.09
2025-12-17T03:33:56.801963,Recipe_B,ca4e2b3e-360b-4bf9-859c-5118db1a7fff,20,2.0,,,,10.46,11.85,10.0,8.17,8.49,8.89
2025-12-17T03:33:57.801963,Recipe_B,ca4e2b3e-360b-4bf9-859c-5118db1a7fff,20,2.0,,,,9.06,11.57,8.61,8.91,11.05,13.33
2025-12-17T03:33:58.801963,Recipe_B,ca4e2b3e-360b-4bf9-859c-5118db1a7fff,20,2.0,,,,10.28,7.54,7.77,14.08,13.27,10.13
2025-12-17T03:33:59.801963,Recipe_B,ca4e2b3e-360b-4bf9-859c-5118db1a7fff,20,2.0,,,,7.56,8.59,8.99,8.37,11.89,8.22
2025-12-17T03:34:00.801963,Recipe_B,ca4e2b3e-360b-4bf9-859c-5118db1a7fff,20,2.0,,,,12.79,9.96,8.72,10.4,10.83,9.83
2025-12-17T03:34:01.801963,Recipe_B,ca4e2b3e-360b-4bf9-859c-5118db1a7fff,20,2.0,,,,12.65,11.48,11.09,8.33,10.31,12.62
2025-12-17T03:34:02.801963,Recipe_B,ca4e2b3e-360b-4bf9-859c-5118db1a7fff,20,2.0,,,,6.33,11.89,14.53,10.07,11.02,12.69
2025-12-17T03:34:03.801963,Recipe_B,ca4e2b3e-360b-4bf9-859c-5118db1a7fff,20,2.0,,,,10.8,6.06,12.47,9.43,10.06,8.08
2025-12-17T03:34:04.801963,Recipe_B,ca4e2b3e-360b-4bf9-859c-5118db1a7fff,20,2.0,,,,8.18,6.3,10.98,10.38,9.28,10.61
2025-12-17T03:34:05.801963,Recipe_B,ca4e2b3e-360b-4bf9-859c-5118db1a7fff,20,2.0,,,,6.56,7.47,12.72,10.48,10.19,9.79
2025-12-17T03:34:06.801963,Recipe_B,ca4e2b3e-360b-4bf9-859c-5118db1a7fff,20,2.0,,,,10.99,10.78,9.58,13.98,9.31,11.74
2025-12-17T03:34:07.801963,Recipe_B,ca4e2b3e-360b-4bf9-859c-5118db1a7fff,20,2.0,,,,5.24,8.24,12.38,8.08,8.16,7.39
2025-12-17T03:34:08.801963,Recipe_B,ca4e2b3e-360b-4bf9-859c-5118db1a7fff,20,2.0,,,,9.55,13.44,11.33,9.88,11.22,12.27
2025-12-17T03:34:09.801963,Recipe_B,ca4e2b3e-360b-4bf9-859c-5118db1a7fff,20,5.0,,,,10.32,10.36,5.48,13.31,9.85,9.49
2025-12-17T03:34:10.801963,Recipe_B,ca4e2b3e-360b-4bf9-859c-5118db1a7fff,20,5.0,,,,7.79,8.04,12.53,9.99,9.65,12.19
2025-12-17T03:34:11.801963,Recipe_B,ca4e2b3e-360b-4bf9-859c-5118db1a7fff,20,5.0,,,,10.32,10.81,9.13,11.46,8.19,9.73
2025-12-17T03:34:12.801963,Recipe_B,ca4e2b3e-360b-4bf9-859c-5118db1a7fff,20,5.0,,,,10.54,13.61,5.85,9.73,13.03,11.51
2025-12-17T03:34:13.801963,Recipe_B,ca4e2b3e-360b-4bf9-859c-5118db1a7fff,20,5.0,,,,13.41,11.8,12.58,10.32,9.04,9.62
2025-12-17T03:34:14.801963,Recipe_B,ca4e2b3e-360b-4bf9-859c-5118db1a7fff,20,5.0,,,,12.4,11.59,10.68,11.15,11.71,8.93
2025-12-17T03:34:15.801963,Recipe_B,ca4e2b3e-360b-4bf9-859c-5118db1a7fff,20,5.0,,,,8.24,13.48,9.54,10.07,11.4,9.32
2025-12-17T03:34:16.801963,Recipe_B,ca4e2b3e-360b-4bf9-859c-5118db1a7fff,20,5.0,,,,8.35,10.58,8.4,14.12,9.72,8.89
2025-12-17T03:34:17.801963,Recipe_B,ca4e2b3e-360b-4bf9-859c-5118db1a7fff,20,5.0,,,,9.52,7.0,10.84,10.18,9.47,10.68
2025-12-17T03:34:18.801963,Recipe_B,ca4e2b3e-360b-4bf9-859c-5118db1a7fff,20,5.0,,,,10.11,6.94,12.96,13.23,8.55,13.33
2025-12-17T03:34:19.801963,Recipe_B,ca4e2b3e-360b-4bf9-859c-5118db1a7fff,20,5.0,,,,6.94,9.64,11.33,12.22,5.04,12.7
2025-12-17T03:34:20.801963,Recipe_B,ca4e2b3e-360b-4bf9-859c-5118db1a7fff,20,5.0,,,,8.16,9.02,8.71,8.8,7.37,9.34
2025-12-17T03:34:21.801963,Recipe_B,ca4e2b3e-360b-4bf9-859c-5118db1a7fff,20,5.0,,,,8.68,10.76,6.12,12.82,8.78,10.19
2025-12-17T03:34:22.801963,Recipe_B,ca4e2b3e-360b-4bf9-859c-5118db1a7fff,20,5.0,,,,9.98,10.99,11.26,9.29,15.39,7.15
2025-12-17T03:34:23.801963,Recipe_B,ca4e2b3e-360b-4bf9-859c-5118db1a7fff,20,5.0,,,,3.37,10.47,6.25,10.18,11.7,13.37
2025-12-17T03:34:24.801963,Recipe_B,ca4e2b3e-360b-4bf9-859c-5118db1a7fff,20,5.0,,,,10.93,7.86,9.87,5.87,10.1,10.87
2025-12-17T03:34:25.801963,Recipe_B,ca4e2b3e-360b-4bf9-859c-5118db1a7fff,20,5.0,,,,9.37,11.92,7.51,7.77,9.97,8.15
2025-12-17T03:34:26.801963,Recipe_B,ca4e2b3e-360b-4bf9-859c-5118db1a7fff,20,5.0,,,,10.42,13.72,9.73,10.53,5.81,8.95
2025-12-17T03:34:27.801963,Recipe_B,ca4e2b3e-360b-4bf9-859c-5118db1a7fff,20,5.0,,,,10.98,11.08,7.18,6.79,11.11,9.89
2025-12-17T03:34:28.801963,Recipe_B,ca4e2b3e-360b-4bf9-859c-5118db1a7fff,20,5.0,,,,7.68,10.2,10.82,11.32,6.81,9.58
2025-12-17T03:34:29.801963,Recipe_B,ca4e2b3e-360b-4bf9-859c-5118db1a7fff,20,5.0,,,,9.48,8.45,6.59,10.04,6.92,7.97
2025-12-17T03:34:30.801963,Recipe_B,ca4e2b3e-360b-4bf9-859c-5118db1a7fff,20,5.0,,,,12.15,10.74,10.06,12.57,10.66,7.34
2025-12-17T03:34:31.801963,Recipe_B,ca4e2b3e-360b-4bf9-859c-5118db1a7fff,20,5.0,,,,5.78,8.44,11.66,13.39,7.79,8.88
2025-12-17T03:34:32.801963,Recipe_B,ca4e2b3e-360b-4bf9-859c-5118db1a7fff,20,0.0,,,,0.0,0.0,0.0,0.0,0.0,0.0
2025-12-17T03:34:32.801963,Recipe_B,ca4e2b3e-360b-4bf9-859c-5118db1a7fff,20,0.0,Error_1,Simulated Error occurred,Error,,,,,,
2025-12-17T03:34:33.801963,Recipe_B,ca4e2b3e-360b-4bf9-859c-5118db1a7fff,20,0.0,,,,0.0,0.0,0.0,0.0,0.0,0.0
2025-12-17T03:34:34.801963,Recipe_B,ca4e2b3e-360b-4bf9-859c-5118db1a7fff,20,0.0,,,,0.0,0.0,0.0,0.0,0.0,0.0
2025-12-17T03:34:35.801963,Recipe_B,ca4e2b3e-360b-4bf9-859c-5118db1a7fff,20,0.0,,,,0.0,0.0,0.0,0.0,0.0,0.0
2025-12-17T03:34:36.801963,Recipe_B,ca4e2b3e-360b-4bf9-859c-5118db1a7fff,20,0.0,,,,0.0,0.0,0.0,0.0,0.0,0.0
2025-12-17T03:34:37.801963,Recipe_B,ca4e2b3e-360b-4bf9-859c-5118db1a7fff,20,0.0,,,,0.0,0.0,0.0,0.0,0.0,0.0
2025-12-17T03:34:38.801963,Recipe_B,ca4e2b3e-360b-4bf9-859c-5118db1a7fff,20,0.0,,,,0.0,0.0,0.0,0.0,0.0,0.0
2025-12-17T03:34:39.801963,Recipe_B,ca4e2b3e-360b-4bf9-859c-5118db1a7fff,20,0.0,,,,0.0,0.0,0.0,0.0,0.0,0.0
2025-12-17T03:34:40.801963,Recipe_B,ca4e2b3e-360b-4bf9-859c-5118db1a7fff,20,0.0,,,,0.0,0.0,0.0,0.0,0.0,0.0
2025-12-17T03:34:41.801963,Recipe_B,ca4e2b3e-360b-4bf9-859c-5118db1a7fff,20,0.0,,,,0.0,0.0,0.0,0.0,0.0,0.0
2025-12-17T03:34:42.801963,Recipe_B,ca4e2b3e-360b-4bf9-859c-5118db1a7fff,20,0.0,,,,0.0,0.0,0.0,0.0,0.0,0.0
2025-12-17T03:34:43.801963,Recipe_B,ca4e2b3e-360b-4bf9-859c-5118db1a7fff,20,0.0,,,,0.0,0.0,0.0,0.0,0.0,0.0
2025-12-17T03:34:44.801963,Recipe_B,ca4e2b3e-360b-4bf9-859c-5118db1a7fff,20,0.0,,,,0.0,0.0,0.0,0.0,0.0,0.0
2025-12-17T03:34:45.801963,Recipe_B,ca4e2b3e-360b-4bf9-859c-5118db1a7fff,20,0.0,,,,0.0,0.0,0.0,0.0,0.0,0.0
2025-12-17T03:34:46.801963,Recipe_B,ca4e2b3e-360b-4bf9-859c-5118db1a7fff,20,0.0,,,,0.0,0.0,0.0,0.0,0.0,0.0
2025-12-17T03:34:47.801963,Recipe_B,ca4e2b3e-360b-4bf9-859c-5118db1a7fff,20,0.0,,,,0.0,0.0,0.0,0.0,0.0,0.0
2025-12-17T03:34:48.801963,Recipe_B,ca4e2b3e-360b-4bf9-859c-5118db1a7fff,20,0.0,,,,0.0,0.0,0.0,0.0,0.0,0.0
2025-12-17T03:34:49.801963,Recipe_B,ca4e2b3e-360b-4bf9-859c-5118db1a7fff,20,0.0,,,,0.0,0.0,0.0,0.0,0.0,0.0
2025-12-17T03:34:50.801963,Recipe_B,ca4e2b3e-360b-4bf9-859c-5118db1a7fff,20,0.0,,,,0.0,0.0,0.0,0.0,0.0,0.0
2025-12-17T03:34:51.801963,Recipe_B,ca4e2b3e-360b-4bf9-859c-5118db1a7fff,20,0.0,,,,0.0,0.0,0.0,0.0,0.0,0.0
2025-12-17T03:34:52.801963,Recipe_B,ca4e2b3e-360b-4bf9-859c-5118db1a7fff,20,0.0,,,,0.0,0.0,0.0,0.0,0.0,0.0
2025-12-17T03:34:53.801963,Recipe_B,ca4e2b3e-360b-4bf9-859c-5118db1a7fff,20,0.0,,,,0.0,0.0,0.0,0.0,0.0,0.0
2025-12-17T03:34:54.801963,Recipe_B,ca4e2b3e-360b-4bf9-859c-5118db1a7fff,20,0.0,,,,0.0,0.0,0.0,0.0,0.0,0.0
2025-12-17T03:34:55.801963,Recipe_B,ca4e2b3e-360b-4bf9-859c-5118db1a7fff,20,5.0,,,,7.57,7.32,11.6,10.61,12.3,11.89
2025-12-17T03:34:56.801963,Recipe_B,ca4e2b3e-360b-4bf9-859c-5118db1a7fff,20,5.0,,,,9.02,8.29,6.42,12.49,5.86,11.37
2025-12-17T03:34:57.801963,Recipe_B,ca4e2b3e-360b-4bf9-859c-5118db1a7fff,20,5.0,,,,9.67,8.72,10.95,8.7,10.08,8.31
2025-12-17T03:34:58.801963,Recipe_B,ca4e2b3e-360b-4bf9-859c-5118db1a7fff,20,5.0,,,,5.3,15.34,17.71,10.89,10.73,11.19
2025-12-17T03:34:59.801963,Recipe_B,ca4e2b3e-360b-4bf9-859c-5118db1a7fff,20,5.0,,,,9.32,9.71,9.93,10.18,9.57,7.99
2025-12-17T03:35:00.801963,Recipe_B,ca4e2b3e-360b-4bf9-859c-5118db1a7fff,20,5.0,,,,6.75,12.55,9.39,9.09,10.17,9.1
2025-12-17T03:35:01.801963,Recipe_B,ca4e2b3e-360b-4bf9-859c-5118db1a7fff,20,5.0,,,,10.0,6.37,9.89,8.72,12.99,9.66
2025-12-17T03:35:02.801963,Recipe_B,ca4e2b3e-360b-4bf9-859c-5118db1a7fff,20,5.0,,,,7.07,10.71,9.5,10.69,16.83,7.72
2025-12-17T03:35:03.801963,Recipe_B,ca4e2b3e-360b-4bf9-859c-5118db1a7fff,20,5.0,,,,11.92,9.81,11.24,10.27,9.76,9.38
2025-12-17T03:35:04.801963,Recipe_B,ca4e2b3e-360b-4bf9-859c-5118db1a7fff,20,5.0,,,,8.91,7.71,11.44,12.9,8.1,10.17
2025-12-17T03:35:05.801963,Recipe_B,ca4e2b3e-360b-4bf9-859c-5118db1a7fff,20,5.0,,,,10.74,9.49,9.19,7.96,10.49,11.92
2025-12-17T03:35:06.801963,Recipe_B,ca4e2b3e-360b-4bf9-859c-5118db1a7fff,20,3.0,,,,9.7,5.7,8.42,8.35,9.39,10.88
2025-12-17T03:35:07.801963,Recipe_B,ca4e2b3e-360b-4bf9-859c-5118db1a7fff,20,3.0,,,,9.95,10.52,8.19,9.63,8.77,9.11
2025-12-17T03:35:08.801963,Recipe_B,ca4e2b3e-360b-4bf9-859c-5118db1a7fff,20,3.0,,,,10.74,11.33,10.02,11.74,11.39,11.55
2025-12-17T03:35:09.801963,Recipe_B,ca4e2b3e-360b-4bf9-859c-5118db1a7fff,20,3.0,,,,9.55,9.23,10.56,8.39,8.0,11.5
2025-12-17T03:35:10.801963,Recipe_B,ca4e2b3e-360b-4bf9-859c-5118db1a7fff,20,3.0,,,,5.55,9.46,11.84,9.47,10.36,9.8
2025-12-17T03:35:11.801963,Recipe_B,ca4e2b3e-360b-4bf9-859c-5118db1a7fff,20,3.0,,,,10.7,12.84,10.34,8.77,10.32,5.33
2025-12-17T03:35:12.801963,Recipe_B,ca4e2b3e-360b-4bf9-859c-5118db1a7fff,20,3.0,,,,10.32,7.65,7.51,6.91,11.05,12.54
2025-12-17T03:35:13.801963,Recipe_B,ca4e2b3e-360b-4bf9-859c-5118db1a7fff,20,5.0,,,,12.36,12.45,7.38,9.13,7.12,6.56
2025-12-17T03:35:14.801963,Recipe_B,ca4e2b3e-360b-4bf9-859c-5118db1a7fff,20,5.0,,,,13.47,8.72,5.34,14.07,10.88,11.44
2025-12-17T03:35:15.801963,Recipe_B,ca4e2b3e-360b-4bf9-859c-5118db1a7fff,20,5.0,,,,10.93,8.51,9.55,11.23,9.33,8.66
2025-12-17T03:35:16.801963,Recipe_B,ca4e2b3e-360b-4bf9-859c-5118db1a7fff,20,5.0,,,,11.17,9.08,7.93,12.43,7.65,7.4
2025-12-17T03:35:16.801963,Recipe_B,ca4e2b3e-360b-4bf9-859c-5118db1a7fff,20,5.0,Warning_8,Simulated Warning occurred,Warning,,,,,,
2025-12-17T03:35:17.801963,Recipe_B,ca4e2b3e-360b-4bf9-859c-5118db1a7fff,20,5.0,,,,9.87,9.52,10.79,13.26,9.43,8.21
2025-12-17T03:35:18.801963,Recipe_B,ca4e2b3e-360b-4bf9-859c-5118db1a7fff,20,5.0,,,,9.39,6.67,10.13,10.53,9.72,13.33
2025-12-17T03:35:19.801963,Recipe_B,ca4e2b3e-360b-4bf9-859c-5118db1a7fff,20,5.0,,,,11.1,8.29,9.46,13.99,7.9,13.15
2025-12-17T03:35:20.801963,Recipe_B,ca4e2b3e-360b-4bf9-859c-5118db1a7fff,20,5.0,,,,10.0,11.52,10.62,10.93,13.73,11.11
2025-12-17T03:35:21.801963,Recipe_B,ca4e2b3e-360b-4bf9-859c-5118db1a7fff,20,5.0,,,,8.9,8.45,13.37,8.75,9.1,13.78
2025-12-17T03:35:22.801963,Recipe_B,ca4e2b3e-360b-4bf9-859c-5118db1a7fff,20,5.0,,,,9.09,10.61,8.81,11.1,6.29,11.44
2025-12-17T03:35:23.801963,Recipe_B,ca4e2b3e-360b-4bf9-859c-5118db1a7fff,20,5.0,,,,11.6,10.34,11.05,9.79,10.21,13.63
2025-12-17T03:35:24.801963,Recipe_B,ca4e2b3e-360b-4bf9-859c-5118db1a7fff,20,5.0,,,,6.13,10.7,9.36,10.9,9.75,10.66
2025-12-17T03:35:25.801963,Recipe_B,ca4e2b3e-360b-4bf9-859c-5118db1a7fff,20,5.0,,,,11.7,7.13,9.93,9.36,11.78,8.14
2025-12-17T03:35:26.801963,Recipe_B,ca4e2b3e-360b-4bf9-859c-5118db1a7fff,20,5.0,,,,9.19,10.26,9.76,14.42,8.21,10.24
2025-12-17T03:35:27.801963,Recipe_B,ca4e2b3e-360b-4bf9-859c-5118db1a7fff,20,5.0,,,,11.13,9.7,10.53,8.14,9.76,11.16
2025-12-17T03:35:28.801963,Recipe_B,ca4e2b3e-360b-4bf9-859c-5118db1a7fff,20,5.0,,,,9.04,10.44,9.14,9.45,11.9,15.34
2025-12-17T03:35:29.801963,Recipe_B,ca4e2b3e-360b-4bf9-859c-5118db1a7fff,20,5.0,,,,14.32,11.0,14.04,6.81,11.74,9.52
2025-12-17T03:35:30.801963,Recipe_B,ca4e2b3e-360b-4bf9-859c-5118db1a7fff,20,5.0,,,,10.28,9.13,8.63,10.78,9.91,10.1
2025-12-17T03:35:31.801963,Recipe_B,ca4e2b3e-360b-4bf9-859c-5118db1a7fff,20,5.0,,,,8.53,11.37,11.1,11.49,10.97,14.42
2025-12-17T03:35:32.801963,Recipe_B,ca4e2b3e-360b-4bf9-859c-5118db1a7fff,20,5.0,,,,7.39,16.44,9.08,7.69,11.24,12.88
2025-12-17T03:35:33.801963,Recipe_B,ca4e2b3e-360b-4bf9-859c-5118db1a7fff,20,5.0,,,,6.97,10.44,11.07,8.08,10.55,8.08
2025-12-17T03:35:34.801963,Recipe_B,ca4e2b3e-360b-4bf9-859c-5118db1a7fff,20,5.0,,,,9.54,6.63,11.31,7.92,9.22,9.06
2025-12-17T03:35:35.801963,Recipe_B,ca4e2b3e-360b-4bf9-859c-5118db1a7fff,20,5.0,,,,13.15,10.8,5.61,6.92,6.59,9.97
2025-12-17T03:35:36.801963,Recipe_B,ca4e2b3e-360b-4bf9-859c-5118db1a7fff,20,5.0,,,,8.52,9.46,10.15,10.96,8.87,8.53
2025-12-17T03:35:37.801963,Recipe_B,ca4e2b3e-360b-4bf9-859c-5118db1a7fff,20,5.0,,,,10.47,12.16,10.33,7.88,5.73,10.26
2025-12-17T03:35:38.801963,Recipe_B,ca4e2b3e-360b-4bf9-859c-5118db1a7fff,20,5.0,,,,9.33,7.08,11.38,12.19,10.22,9.24
2025-12-17T03:35:39.801963,Recipe_B,ca4e2b3e-360b-4bf9-859c-5118db1a7fff,20,5.0,,,,11.03,6.27,11.5,10.85,6.61,13.14
2025-12-17T03:35:40.801963,Recipe_B,ca4e2b3e-360b-4bf9-859c-5118db1a7fff,20,5.0,,,,12.3,12.87,12.28,12.86,6.7,9.78
2025-12-17T03:35:41.801963,Recipe_B,ca4e2b3e-360b-4bf9-859c-5118db1a7fff,20,5.0,,,,6.44,10.66,9.65,12.07,8.64,10.12
2025-12-17T03:35:42.801963,Recipe_B,ca4e2b3e-360b-4bf9-859c-5118db1a7fff,20,5.0,,,,8.39,8.87,11.04,8.26,9.78,8.95
2025-12-17T03:35:43.801963,Recipe_B,ca4e2b3e-360b-4bf9-859c-5118db1a7fff,20,5.0,,,,10.48,7.08,10.61,12.07,10.81,11.93
2025-12-17T03:35:44.801963,Recipe_B,ca4e2b3e-360b-4bf9-859c-5118db1a7fff,20,5.0,,,,11.35,10.51,12.93,12.97,9.73,5.74
2025-12-17T03:35:45.801963,Recipe_B,ca4e2b3e-360b-4bf9-859c-5118db1a7fff,20,5.0,,,,12.3,8.32,12.02,7.02,12.84,12.14
2025-12-17T03:35:46.801963,Recipe_B,ca4e2b3e-360b-4bf9-859c-5118db1a7fff,20,5.0,,,,9.21,8.37,7.46,8.62,3.81,11.33
2025-12-17T03:35:47.801963,Recipe_B,ca4e2b3e-360b-4bf9-859c-5118db1a7fff,20,5.0,,,,12.25,10.83,11.37,10.54,7.26,10.9
2025-12-17T03:35:48.801963,Recipe_B,ca4e2b3e-360b-4bf9-859c-5118db1a7fff,20,5.0,,,,13.15,11.42,11.89,11.6,8.39,11.93
2025-12-17T03:35:49.801963,Recipe_B,ca4e2b3e-360b-4bf9-859c-5118db1a7fff,20,5.0,,,,8.58,12.41,10.06,9.11,9.88,12.32
2025-12-17T03:35:50.801963,Recipe_B,ca4e2b3e-360b-4bf9-859c-5118db1a7fff,20,5.0,,,,13.09,13.3,11.12,9.79,13.78,11.46
2025-12-17T03:35:51.801963,Recipe_B,ca4e2b3e-360b-4bf9-859c-5118db1a7fff,20,5.0,,,,10.71,10.32,9.51,8.36,14.38,12.96
2025-12-17T03:35:52.801963,Recipe_B,ca4e2b3e-360b-4bf9-859c-5118db1a7fff,20,5.0,,,,9.07,7.51,9.53,7.93,13.24,8.26
2025-12-17T03:35:53.801963,Recipe_B,ca4e2b3e-360b-4bf9-859c-5118db1a7fff,20,5.0,,,,10.8,10.22,9.45,8.01,8.41,14.43
2025-12-17T03:35:54.801963,Recipe_B,ca4e2b3e-360b-4bf9-859c-5118db1a7fff,20,5.0,,,,7.95,12.12,10.53,11.68,9.53,10.8
2025-12-17T03:35:55.801963,Recipe_B,ca4e2b3e-360b-4bf9-859c-5118db1a7fff,20,5.0,,,,10.73,8.44,8.69,8.53,8.64,9.01
2025-12-17T03:35:56.801963,Recipe_B,ca4e2b3e-360b-4bf9-859c-5118db1a7fff,20,5.0,,,,7.3,10.31,9.98,5.64,9.05,14.5
2025-12-17T03:35:57.801963,Recipe_B,ca4e2b3e-360b-4bf9-859c-5118db1a7fff,20,5.0,,,,14.19,8.51,8.81,10.18,8.2,9.48
2025-12-17T03:35:58.801963,Recipe_B,ca4e2b3e-360b-4bf9-859c-5118db1a7fff,20,5.0,,,,10.59,9.28,10.89,9.58,8.46,11.3
2025-12-17T03:35:59.801963,Recipe_B,ca4e2b3e-360b-4bf9-859c-5118db1a7fff,20,5.0,,,,8.99,11.78,9.34,7.81,9.75,6.44
2025-12-17T03:36:00.801963,Recipe_B,ca4e2b3e-360b-4bf9-859c-5118db1a7fff,20,5.0,,,,13.2,7.32,12.56,10.92,13.39,8.68
2025-12-17T03:36:01.801963,Recipe_B,ca4e2b3e-360b-4bf9-859c-5118db1a7fff,20,5.0,,,,12.05,11.56,7.53,7.49,13.72,9.92
2025-12-17T03:36:02.801963,Recipe_B,ca4e2b3e-360b-4bf9-859c-5118db1a7fff,20,5.0,,,,10.57,15.18,12.97,6.88,7.0,12.35
2025-12-17T03:36:03.801963,Recipe_B,ca4e2b3e-360b-4bf9-859c-5118db1a7fff,20,5.0,,,,11.01,12.74,7.56,8.11,12.93,9.71
2025-12-17T03:36:04.801963,Recipe_B,ca4e2b3e-360b-4bf9-859c-5118db1a7fff,20,5.0,,,,7.43,10.78,10.63,9.9,11.52,12.17
2025-12-17T03:36:05.801963,Recipe_B,ca4e2b3e-360b-4bf9-859c-5118db1a7fff,20,5.0,,,,12.33,9.43,11.39,9.5,11.97,5.78
2025-12-17T03:36:06.801963,Recipe_B,ca4e2b3e-360b-4bf9-859c-5118db1a7fff,20,5.0,,,,12.16,12.01,8.5,10.72,8.09,9.92
2025-12-17T03:36:07.801963,Recipe_B,ca4e2b3e-360b-4bf9-859c-5118db1a7fff,20,5.0,,,,6.03,12.7,6.77,12.73,11.8,9.35
2025-12-17T03:36:07.801963,Recipe_B,ca4e2b3e-360b-4bf9-859c-5118db1a7fff,20,5.0,Error_4,Simulated Error occurred,Error,,,,,,
2025-12-17T03:36:08.801963,Recipe_B,ca4e2b3e-360b-4bf9-859c-5118db1a7fff,20,5.0,,,,9.13,10.32,6.91,9.71,7.57,6.23
2025-12-17T03:36:09.801963,Recipe_B,ca4e2b3e-360b-4bf9-859c-5118db1a7fff,20,5.0,,,,12.92,10.79,11.74,9.67,11.77,9.18
2025-12-17T03:36:10.801963,Recipe_B,ca4e2b3e-360b-4bf9-859c-5118db1a7fff,20,5.0,,,,10.97,13.3,7.15,11.46,9.42,8.31
2025-12-17T03:36:11.801963,Recipe_B,ca4e2b3e-360b-4bf9-859c-5118db1a7fff,20,5.0,,,,10.31,12.16,9.15,9.32,10.22,11.88
2025-12-17T03:36:12.801963,Recipe_B,ca4e2b3e-360b-4bf9-859c-5118db1a7fff,20,5.0,,,,10.32,9.86,5.97,8.78,7.21,10.8
2025-12-17T03:36:13.801963,Recipe_B,ca4e2b3e-360b-4bf9-859c-5118db1a7fff,20,5.0,,,,11.93,7.48,9.47,10.34,11.73,13.49
2025-12-17T03:36:14.801963,Recipe_B,ca4e2b3e-360b-4bf9-859c-5118db1a7fff,20,5.0,,,,8.85,10.74,10.71,9.98,13.14,7.92
2025-12-17T03:36:15.801963,Recipe_B,ca4e2b3e-360b-4bf9-859c-5118db1a7fff,20,5.0,,,,11.16,8.65,10.97,8.87,12.29,10.67
2025-12-17T03:36:15.801963,Recipe_B,ca4e2b3e-360b-4bf9-859c-5118db1a7fff,20,5.0,Warning_4,Simulated Warning occurred,Warning,,,,,,
2025-12-17T03:36:16.801963,Recipe_B,ca4e2b3e-360b-4bf9-859c-5118db1a7fff,20,5.0,,,,6.22,7.98,13.33,9.95,13.49,9.53
2025-12-17T03:36:17.801963,Recipe_B,ca4e2b3e-360b-4bf9-859c-5118db1a7fff,20,5.0,,,,13.99,9.44,9.48,13.62,9.04,7.17
2025-12-17T03:36:18.801963,Recipe_B,ca4e2b3e-360b-4bf9-859c-5118db1a7fff,20,5.0,,,,11.24,10.1,7.07,9.48,5.86,9.6
2025-12-17T03:36:19.801963,Recipe_B,ca4e2b3e-360b-4bf9-859c-5118db1a7fff,20,5.0,,,,11.08,13.75,9.16,13.53,10.4,7.78
2025-12-17T03:36:20.801963,Recipe_B,ca4e2b3e-360b-4bf9-859c-5118db1a7fff,20,5.0,,,,11.22,6.44,12.21,11.29,11.02,11.6
2025-12-17T03:36:21.801963,Recipe_B,ca4e2b3e-360b-4bf9-859c-5118db1a7fff,20,5.0,,,,11.33,11.85,9.25,8.71,9.99,12.79
2025-12-17T03:36:22.801963,Recipe_B,ca4e2b3e-360b-4bf9-859c-5118db1a7fff,20,5.0,,,,10.46,9.26,10.76,12.03,7.95,9.78
2025-12-17T03:36:23.801963,Recipe_B,ca4e2b3e-360b-4bf9-859c-5118db1a7fff,20,5.0,,,,9.77,8.68,12.81,10.82,15.29,11.29
2025-12-17T03:36:24.801963,Recipe_B,ca4e2b3e-360b-4bf9-859c-5118db1a7fff,20,5.0,,,,9.42,8.59,10.86,8.16,8.9,12.65
2025-12-17T03:36:25.801963,Recipe_B,ca4e2b3e-360b-4bf9-859c-5118db1a7fff,20,5.0,,,,9.18,9.66,13.91,11.89,8.71,9.91
2025-12-17T03:36:26.801963,Recipe_B,ca4e2b3e-360b-4bf9-859c-5118db1a7fff,20,5.0,,,,4.09,10.5,8.28,7.58,11.23,9.84
2025-12-17T03:36:27.801963,Recipe_B,ca4e2b3e-360b-4bf9-859c-5118db1a7fff,20,5.0,,,,8.24,10.24,12.38,10.69,12.94,14.54
2025-12-17T03:36:28.801963,Recipe_B,ca4e2b3e-360b-4bf9-859c-5118db1a7fff,20,5.0,,,,8.5,12.26,8.82,8.72,11.4,9.97
2025-12-17T03:36:29.801963,Recipe_B,ca4e2b3e-360b-4bf9-859c-5118db1a7fff,20,5.0,,,,8.13,10.69,14.19,9.53,8.65,10.16
2025-12-17T03:36:30.801963,Recipe_B,ca4e2b3e-360b-4bf9-859c-5118db1a7fff,20,5.0,,,,7.69,9.19,8.22,11.53,13.39,11.16
2025-12-17T03:36:31.801963,Recipe_B,ca4e2b3e-360b-4bf9-859c-5118db1a7fff,20,5.0,,,,11.63,12.05,9.25,12.47,7.61,9.65
2025-12-17T03:36:32.801963,Recipe_B,ca4e2b3e-360b-4bf9-859c-5118db1a7fff,20,5.0,,,,11.24,12.97,8.17,9.16,9.63,8.28
2025-12-17T03:36:33.801963,Recipe_B,ca4e2b3e-360b-4bf9-859c-5118db1a7fff,20,5.0,,,,10.48,11.28,12.06,11.06,7.95,9.97
2025-12-17T03:36:34.801963,Recipe_B,ca4e2b3e-360b-4bf9-859c-5118db1a7fff,20,5.0,,,,7.77,7.42,9.33,10.06,9.79,11.17
2025-12-17T03:36:35.801963,Recipe_B,ca4e2b3e-360b-4bf9-859c-5118db1a7fff,20,5.0,,,,8.85,5.94,10.3,6.39,6.3,10.31
2025-12-17T03:36:36.801963,Recipe_B,ca4e2b3e-360b-4bf9-859c-5118db1a7fff,20,5.0,,,,8.69,7.49,11.66,9.15,10.96,10.56
2025-12-17T03:36:37.801963,Recipe_B,ca4e2b3e-360b-4bf9-859c-5118db1a7fff,20,5.0,,,,8.88,10.12,13.07,6.57,12.12,8.5
2025-12-17T03:36:38.801963,Recipe_B,ca4e2b3e-360b-4bf9-859c-5118db1a7fff,20,5.0,,,,13.58,6.75,10.76,12.36,10.44,7.88
2025-12-17T03:36:39.801963,Recipe_B,ca4e2b3e-360b-4bf9-859c-5118db1a7fff,20,5.0,,,,10.19,10.64,11.17,9.17,7.29,6.85
2025-12-17T03:36:40.801963,Recipe_B,ca4e2b3e-360b-4bf9-859c-5118db1a7fff,20,5.0,,,,9.03,12.26,8.82,10.76,11.48,10.14
2025-12-17T03:36:41.801963,Recipe_B,ca4e2b3e-360b-4bf9-859c-5118db1a7fff,20,5.0,,,,5.55,6.35,7.18,8.05,10.65,10.6
2025-12-17T03:36:42.801963,Recipe_B,ca4e2b3e-360b-4bf9-859c-5118db1a7fff,20,5.0,,,,9.06,8.13,9.18,10.78,6.91,8.2
2025-12-17T03:36:43.801963,Recipe_B,ca4e2b3e-360b-4bf9-859c-5118db1a7fff,20,5.0,,,,10.93,7.25,7.3,8.0,9.7,10.89
2025-12-17T03:36:44.801963,Recipe_B,ca4e2b3e-360b-4bf9-859c-5118db1a7fff,20,5.0,,,,9.19,8.01,5.21,9.46,10.69,12.05
2025-12-17T03:36:45.801963,Recipe_B,ca4e2b3e-360b-4bf9-859c-5118db1a7fff,20,5.0,,,,11.27,10.46,10.58,10.21,12.0,8.63
2025-12-17T03:36:46.801963,Recipe_B,ca4e2b3e-360b-4bf9-859c-5118db1a7fff,20,5.0,,,,12.51,10.87,9.28,8.69,10.61,14.71
2025-12-17T03:36:47.801963,Recipe_B,ca4e2b3e-360b-4bf9-859c-5118db1a7fff,20,5.0,,,,10.36,10.19,7.82,9.82,11.61,7.83
2025-12-17T03:36:48.801963,Recipe_B,ca4e2b3e-360b-4bf9-859c-5118db1a7fff,20,5.0,,,,10.07,11.06,9.66,8.53,10.06,9.99
2025-12-17T03:36:49.801963,Recipe_B,ca4e2b3e-360b-4bf9-859c-5118db1a7fff,20,5.0,,,,10.46,7.62,7.98,8.27,12.78,6.94
2025-12-17T03:36:50.801963,Recipe_B,ca4e2b3e-360b-4bf9-859c-5118db1a7fff,20,5.0,,,,10.99,9.46,8.87,14.06,7.27,9.1
2025-12-17T03:36:51.801963,Recipe_B,ca4e2b3e-360b-4bf9-859c-5118db1a7fff,20,5.0,,,,8.03,11.23,5.69,10.64,9.19,9.71
2025-12-17T03:36:52.801963,Recipe_B,ca4e2b3e-360b-4bf9-859c-5118db1a7fff,20,5.0,,,,11.32,10.7,9.6,8.25,10.76,8.61
2025-12-17T03:36:53.801963,Recipe_B,ca4e2b3e-360b-4bf9-859c-5118db1a7fff,20,5.0,,,,9.32,11.83,9.39,12.8,13.52,10.39
2025-12-17T03:36:54.801963,Recipe_B,ca4e2b3e-360b-4bf9-859c-5118db1a7fff,20,5.0,,,,6.8,9.25,8.54,9.78,8.12,11.59
2025-12-17T03:36:55.801963,Recipe_B,ca4e2b3e-360b-4bf9-859c-5118db1a7fff,20,5.0,,,,14.46,12.28,5.42,8.32,10.24,11.29
2025-12-17T03:36:56.801963,Recipe_B,ca4e2b3e-360b-4bf9-859c-5118db1a7fff,20,5.0,,,,12.87,9.63,7.65,12.81,9.83,11.98
2025-12-17T03:36:57.801963,Recipe_B,ca4e2b3e-360b-4bf9-859c-5118db1a7fff,20,5.0,,,,13.63,12.84,8.87,11.41,8.04,12.77
2025-12-17T03:36:58.801963,Recipe_B,ca4e2b3e-360b-4bf9-859c-5118db1a7fff,20,5.0,,,,13.2,10.96,10.49,12.87,10.31,9.61
2025-12-17T03:36:59.801963,Recipe_B,ca4e2b3e-360b-4bf9-859c-5118db1a7fff,20,5.0,,,,11.74,5.73,8.02,8.76,6.51,6.97
2025-12-17T03:37:00.801963,Recipe_B,ca4e2b3e-360b-4bf9-859c-5118db1a7fff,20,5.0,,,,9.11,13.5,8.24,7.71,12.53,12.62
2025-12-17T03:37:01.801963,Recipe_B,ca4e2b3e-360b-4bf9-859c-5118db1a7fff,20,5.0,,,,7.46,6.05,8.91,12.3,9.62,11.69
2025-12-17T03:37:02.801963,Recipe_B,ca4e2b3e-360b-4bf9-859c-5118db1a7fff,20,5.0,,,,10.58,11.59,16.46,10.28,12.76,9.9
2025-12-17T03:37:03.801963,Recipe_B,ca4e2b3e-360b-4bf9-859c-5118db1a7fff,20,5.0,,,,10.1,7.74,12.05,10.96,7.88,11.1
2025-12-17T03:37:04.801963,Recipe_B,ca4e2b3e-360b-4bf9-859c-5118db1a7fff,20,5.0,,,,8.38,8.71,9.17,13.11,9.46,11.73
2025-12-17T03:37:05.801963,Recipe_B,ca4e2b3e-360b-4bf9-859c-5118db1a7fff,20,5.0,,,,12.71,12.04,10.6,13.79,9.13,9.07
2025-12-17T03:37:06.801963,Recipe_B,ca4e2b3e-360b-4bf9-859c-5118db1a7fff,20,0.0,,,,0.0,0.0,0.0,0.0,0.0,0.0
2025-12-17T03:37:07.801963,Recipe_B,ca4e2b3e-360b-4bf9-859c-5118db1a7fff,20,0.0,,,,0.0,0.0,0.0,0.0,0.0,0.0
2025-12-17T03:37:08.801963,Recipe_B,ca4e2b3e-360b-4bf9-859c-5118db1a7fff,20,0.0,,,,0.0,0.0,0.0,0.0,0.0,0.0
2025-12-17T03:37:09.801963,Recipe_B,ca4e2b3e-360b-4bf9-859c-5118db1a7fff,20,0.0,,,,0.0,0.0,0.0,0.0,0.0,0.0
2025-12-17T03:37:10.801963,Recipe_B,ca4e2b3e-360b-4bf9-859c-5118db1a7fff,20,0.0,,,,0.0,0.0,0.0,0.0,0.0,0.0
2025-12-17T03:37:11.801963,Recipe_B,ca4e2b3e-360b-4bf9-859c-5118db1a7fff,20,0.0,,,,0.0,0.0,0.0,0.0,0.0,0.0
2025-12-17T03:37:12.801963,Recipe_B,ca4e2b3e-360b-4bf9-859c-5118db1a7fff,20,0.0,,,,0.0,0.0,0.0,0.0,0.0,0.0
2025-12-17T03:37:13.801963,Recipe_B,ca4e2b3e-360b-4bf9-859c-5118db1a7fff,20,0.0,,,,0.0,0.0,0.0,0.0,0.0,0.0
2025-12-17T03:37:14.801963,Recipe_B,ca4e2b3e-360b-4bf9-859c-5118db1a7fff,20,0.0,,,,0.0,0.0,0.0,0.0,0.0,0.0
2025-12-17T03:37:15.801963,Recipe_B,ca4e2b3e-360b-4bf9-859c-5118db1a7fff,20,0.0,,,,0.0,0.0,0.0,0.0,0.0,0.0
2025-12-17T03:37:16.801963,Recipe_B,ca4e2b3e-360b-4bf9-859c-5118db1a7fff,20,0.0,,,,0.0,0.0,0.0,0.0,0.0,0.0
2025-12-17T03:37:17.801963,Recipe_B,ca4e2b3e-360b-4bf9-859c-5118db1a7fff,20,5.0,,,,10.69,11.18,7.17,13.13,9.74,11.98
2025-12-17T03:37:18.801963,Recipe_B,ca4e2b3e-360b-4bf9-859c-5118db1a7fff,20,5.0,,,,8.46,10.48,10.96,9.94,9.13,10.49
2025-12-17T03:37:19.801963,Recipe_B,ca4e2b3e-360b-4bf9-859c-5118db1a7fff,20,5.0,,,,11.82,10.81,12.57,5.7,14.14,9.96
2025-12-17T03:37:20.801963,Recipe_B,ca4e2b3e-360b-4bf9-859c-5118db1a7fff,20,5.0,,,,11.72,11.06,9.45,9.41,9.08,7.62
2025-12-17T03:37:21.801963,Recipe_B,ca4e2b3e-360b-4bf9-859c-5118db1a7fff,20,5.0,,,,10.43,10.28,9.96,8.36,12.26,8.79
2025-12-17T03:37:22.801963,Recipe_B,ca4e2b3e-360b-4bf9-859c-5118db1a7fff,20,5.0,,,,15.85,7.21,12.57,11.75,8.66,10.58
2025-12-17T03:37:23.801963,Recipe_B,ca4e2b3e-360b-4bf9-859c-5118db1a7fff,20,5.0,,,,9.15,7.15,6.68,7.55,9.24,6.84
2025-12-17T03:37:24.801963,Recipe_B,ca4e2b3e-360b-4bf9-859c-5118db1a7fff,20,5.0,,,,10.68,7.88,10.13,9.73,7.6,10.98
2025-12-17T03:37:25.801963,Recipe_B,ca4e2b3e-360b-4bf9-859c-5118db1a7fff,20,5.0,,,,10.07,10.91,7.21,8.07,5.96,7.16
2025-12-17T03:37:26.801963,Recipe_B,ca4e2b3e-360b-4bf9-859c-5118db1a7fff,20,5.0,,,,11.75,12.42,13.07,10.49,9.03,11.22
2025-12-17T03:37:27.801963,Recipe_B,ca4e2b3e-360b-4bf9-859c-5118db1a7fff,20,5.0,,,,10.7,9.53,12.84,12.2,9.62,12.72
2025-12-17T03:37:28.801963,Recipe_B,ca4e2b3e-360b-4bf9-859c-5118db1a7fff,20,5.0,,,,11.2,7.69,12.84,12.25,9.82,8.82
2025-12-17T03:37:29.801963,Recipe_B,ca4e2b3e-360b-4bf9-859c-5118db1a7fff,20,5.0,,,,10.52,11.35,10.8,5.83,9.27,10.7
2025-12-17T03:37:30.801963,Recipe_B,ca4e2b3e-360b-4bf9-859c-5118db1a7fff,20,5.0,,,,9.06,9.33,11.55,15.51,10.98,11.46
2025-12-17T03:37:31.801963,Recipe_B,ca4e2b3e-360b-4bf9-859c-5118db1a7fff,20,5.0,,,,7.65,7.51,6.66,11.74,9.81,8.68
2025-12-17T03:37:32.801963,Recipe_B,ca4e2b3e-360b-4bf9-859c-5118db1a7fff,20,5.0,,,,12.47,9.89,13.4,8.55,9.28,10.68
2025-12-17T03:37:33.801963,Recipe_B,ca4e2b3e-360b-4bf9-859c-5118db1a7fff,20,5.0,,,,7.68,8.51,12.01,8.02,8.36,12.14
2025-12-17T03:37:34.801963,Recipe_B,ca4e2b3e-360b-4bf9-859c-5118db1a7fff,20,5.0,,,,8.77,8.55,8.06,14.03,9.93,6.86
2025-12-17T03:37:35.801963,Recipe_B,ca4e2b3e-360b-4bf9-859c-5118db1a7fff,20,2.0,,,,6.42,9.13,7.63,10.59,7.74,10.72
2025-12-17T03:37:36.801963,Recipe_B,ca4e2b3e-360b-4bf9-859c-5118db1a7fff,20,2.0,,,,11.11,8.91,8.4,11.53,11.14,9.29
2025-12-17T03:37:37.801963,Recipe_B,ca4e2b3e-360b-4bf9-859c-5118db1a7fff,20,2.0,,,,10.43,11.83,9.39,11.35,8.88,8.96
2025-12-17T03:37:38.801963,Recipe_B,ca4e2b3e-360b-4bf9-859c-5118db1a7fff,20,2.0,,,,10.15,11.0,7.37,10.08,9.87,11.93
2025-12-17T03:37:39.801963,Recipe_B,ca4e2b3e-360b-4bf9-859c-5118db1a7fff,20,2.0,,,,11.58,10.08,11.92,6.12,14.78,8.96
2025-12-17T03:37:40.801963,Recipe_B,ca4e2b3e-360b-4bf9-859c-5118db1a7fff,20,2.0,,,,9.91,7.86,10.18,10.14,7.9,12.33
2025-12-17T03:37:41.801963,Recipe_B,ca4e2b3e-360b-4bf9-859c-5118db1a7fff,20,2.0,,,,10.02,15.24,8.93,5.84,11.83,9.85
2025-12-17T03:37:42.801963,Recipe_B,ca4e2b3e-360b-4bf9-859c-5118db1a7fff,20,2.0,,,,11.57,8.59,9.91,11.63,11.6,9.48
2025-12-17T03:37:43.801963,Recipe_B,ca4e2b3e-360b-4bf9-859c-5118db1a7fff,20,2.0,,,,11.6,10.43,9.97,12.93,9.37,12.03
2025-12-17T03:37:44.801963,Recipe_B,ca4e2b3e-360b-4bf9-859c-5118db1a7fff,20,2.0,,,,11.29,7.31,6.0,11.48,8.52,8.2
2025-12-17T03:37:45.801963,Recipe_B,ca4e2b3e-360b-4bf9-859c-5118db1a7fff,20,2.0,,,,8.49,11.27,6.95,8.89,10.53,6.72
2025-12-17T03:37:45.801963,Recipe_B,ca4e2b3e-360b-4bf9-859c-5118db1a7fff,20,2.0,Warning_8,Simulated Warning occurred,Warning,,,,,,
2025-12-17T03:37:46.801963,Recipe_B,ca4e2b3e-360b-4bf9-859c-5118db1a7fff,20,2.0,,,,10.13,8.85,10.73,10.29,11.88,10.29
2025-12-17T03:37:47.801963,Recipe_B,ca4e2b3e-360b-4bf9-859c-5118db1a7fff,20,2.0,,,,10.27,7.89,10.96,9.75,7.38,5.98
2025-12-17T03:37:48.801963,Recipe_B,ca4e2b3e-360b-4bf9-859c-5118db1a7fff,20,2.0,,,,9.69,8.97,10.04,8.15,7.81,10.64
2025-12-17T03:37:49.801963,Recipe_B,ca4e2b3e-360b-4bf9-859c-5118db1a7fff,20,2.0,,,,12.97,12.37,9.0,10.23,8.75,7.43
2025-12-17T03:37:50.801963,Recipe_B,ca4e2b3e-360b-4bf9-859c-5118db1a7fff,20,2.0,,,,11.31,9.73,10.74,8.73,9.52,8.68
2025-12-17T03:37:51.801963,Recipe_B,ca4e2b3e-360b-4bf9-859c-5118db1a7fff,20,2.0,,,,10.79,8.96,11.74,11.93,8.2,10.7
2025-12-17T03:37:52.801963,Recipe_B,ca4e2b3e-360b-4bf9-859c-5118db1a7fff,20,2.0,,,,7.34,11.73,8.27,9.19,5.58,9.13
2025-12-17T03:37:53.801963,Recipe_B,ca4e2b3e-360b-4bf9-859c-5118db1a7fff,20,2.0,,,,10.05,12.51,9.23,9.94,11.39,7.2
2025-12-17T03:37:54.801963,Recipe_B,ca4e2b3e-360b-4bf9-859c-5118db1a7fff,20,2.0,,,,9.13,8.7,10.55,8.71,10.01,14.01
2025-12-17T03:37:55.801963,Recipe_B,ca4e2b3e-360b-4bf9-859c-5118db1a7fff,20,2.0,,,,11.54,13.11,8.55,8.02,8.58,9.18
2025-12-17T03:37:56.801963,Recipe_B,ca4e2b3e-360b-4bf9-859c-5118db1a7fff,20,2.0,,,,10.48,7.35,13.75,8.74,12.05,11.61
2025-12-17T03:37:57.801963,Recipe_B,ca4e2b3e-360b-4bf9-859c-5118db1a7fff,20,2.0,,,,9.12,7.02,13.3,11.16,10.06,7.63
2025-12-17T03:37:58.801963,Recipe_B,ca4e2b3e-360b-4bf9-859c-5118db1a7fff,20,2.0,,,,11.4,11.14,14.25,6.52,8.84,8.26
2025-12-17T03:37:59.801963,Recipe_B,ca4e2b3e-360b-4bf9-859c-5118db1a7fff,20,2.0,,,,7.56,10.99,10.54,9.86,12.0,12.71
2025-12-17T03:38:00.801963,Recipe_B,ca4e2b3e-360b-4bf9-859c-5118db1a7fff,20,2.0,,,,11.38,10.62,8.03,9.95,10.23,10.52
2025-12-17T03:38:01.801963,Recipe_B,ca4e2b3e-360b-4bf9-859c-5118db1a7fff,20,2.0,,,,9.41,8.42,8.35,11.47,9.55,11.31
2025-12-17T03:38:02.801963,Recipe_B,ca4e2b3e-360b-4bf9-859c-5118db1a7fff,20,2.0,,,,10.83,9.54,6.94,9.04,8.71,12.28
2025-12-17T03:38:03.801963,Recipe_B,ca4e2b3e-360b-4bf9-859c-5118db1a7fff,20,2.0,,,,11.11,9.98,10.82,9.78,10.1,8.14
2025-12-17T03:38:04.801963,Recipe_B,ca4e2b3e-360b-4bf9-859c-5118db1a7fff,20,2.0,,,,7.84,11.8,12.38,9.73,9.81,11.88
2025-12-17T03:38:05.801963,Recipe_B,ca4e2b3e-360b-4bf9-859c-5118db1a7fff,20,2.0,,,,8.37,10.69,10.22,11.89,7.68,6.42
2025-12-17T03:38:06.801963,Recipe_B,ca4e2b3e-360b-4bf9-859c-5118db1a7fff,20,2.0,,,,9.0,11.68,11.3,9.45,6.14,5.41
2025-12-17T03:38:07.801963,Recipe_B,ca4e2b3e-360b-4bf9-859c-5118db1a7fff,20,2.0,,,,7.78,9.51,11.08,14.74,11.0,13.45
2025-12-17T03:38:08.801963,Recipe_B,ca4e2b3e-360b-4bf9-859c-5118db1a7fff,20,2.0,,,,9.34,9.9,9.77,8.81,10.69,6.66
2025-12-17T03:38:09.801963,Recipe_B,ca4e2b3e-360b-4bf9-859c-5118db1a7fff,20,2.0,,,,10.32,10.02,8.81,11.21,8.12,9.26
2025-12-17T03:38:10.801963,Recipe_B,ca4e2b3e-360b-4bf9-859c-5118db1a7fff,20,2.0,,,,8.23,12.26,7.67,12.55,9.44,9.38
2025-12-17T03:38:11.801963,Recipe_B,ca4e2b3e-360b-4bf9-859c-5118db1a7fff,20,2.0,,,,10.05,13.86,10.36,8.25,13.52,9.61
2025-12-17T03:38:12.801963,Recipe_B,ca4e2b3e-360b-4bf9-859c-5118db1a7fff,20,2.0,,,,11.67,5.24,11.59,10.43,11.92,11.86
2025-12-17T03:38:13.801963,Recipe_B,ca4e2b3e-360b-4bf9-859c-5118db1a7fff,20,2.0,,,,7.32,9.66,12.71,7.87,11.43,9.57
2025-12-17T03:38:14.801963,Recipe_B,ca4e2b3e-360b-4bf9-859c-5118db1a7fff,20,2.0,,,,9.76,5.89,14.65,10.54,9.47,10.19
2025-12-17T03:38:15.801963,Recipe_B,ca4e2b3e-360b-4bf9-859c-5118db1a7fff,20,2.0,,,,7.25,7.69,10.54,12.26,10.68,13.2
2025-12-17T03:38:16.801963,Recipe_B,ca4e2b3e-360b-4bf9-859c-5118db1a7fff,20,2.0,,,,6.74,10.35,12.01,7.4,9.54,9.84
2025-12-17T03:38:17.801963,Recipe_B,ca4e2b3e-360b-4bf9-859c-5118db1a7fff,20,2.0,,,,8.3,11.34,9.92,10.25,8.71,10.55
2025-12-17T03:38:18.801963,Recipe_B,ca4e2b3e-360b-4bf9-859c-5118db1a7fff,20,2.0,,,,4.84,13.03,8.85,13.68,13.19,7.43
2025-12-17T03:38:19.801963,Recipe_B,ca4e2b3e-360b-4bf9-859c-5118db1a7fff,20,2.0,,,,8.54,7.24,11.9,10.9,10.35,8.14
2025-12-17T03:38:20.801963,Recipe_B,ca4e2b3e-360b-4bf9-859c-5118db1a7fff,20,2.0,,,,8.82,11.32,10.38,12.43,10.43,7.69
2025-12-17T03:38:21.801963,Recipe_B,ca4e2b3e-360b-4bf9-859c-5118db1a7fff,20,2.0,,,,13.26,8.56,9.3,10.63,11.85,9.38
2025-12-17T03:38:22.801963,Recipe_B,ca4e2b3e-360b-4bf9-859c-5118db1a7fff,20,1.0,,,,8.0,10.06,11.7,10.55,5.79,8.92
2025-12-17T03:38:23.801963,Recipe_B,ca4e2b3e-360b-4bf9-859c-5118db1a7fff,20,1.0,,,,7.06,10.28,13.23,8.91,7.09,10.85
2025-12-17T03:38:24.801963,Recipe_B,ca4e2b3e-360b-4bf9-859c-5118db1a7fff,20,1.0,,,,10.52,7.17,7.43,9.27,10.44,12.24
2025-12-17T03:38:25.801963,Recipe_B,ca4e2b3e-360b-4bf9-859c-5118db1a7fff,20,0.0,,,,0.0,0.0,0.0,0.0,0.0,0.0
2025-12-17T03:38:26.801963,Recipe_B,ca4e2b3e-360b-4bf9-859c-5118db1a7fff,20,4.0,,,,94.72,43.3,48.41,51.37,53.22,54.33
2025-12-17T03:38:27.801963,Recipe_B,ca4e2b3e-360b-4bf9-859c-5118db1a7fff,20,4.0,,,,105.58,49.4,43.67,50.97,50.14,44.15
2025-12-17T03:38:28.801963,Recipe_B,ca4e2b3e-360b-4bf9-859c-5118db1a7fff,20,4.0,,,,107.94,52.07,47.03,45.03,50.1,50.55
2025-12-17T03:38:29.801963,Recipe_B,ca4e2b3e-360b-4bf9-859c-5118db1a7fff,20,4.0,,,,101.01,59.75,51.69,47.93,58.62,45.6
2025-12-17T03:38:30.801963,Recipe_B,ca4e2b3e-360b-4bf9-859c-5118db1a7fff,20,4.0,,,,104.05,48.34,46.89,46.64,46.96,53.87
2025-12-17T03:38:31.801963,Recipe_B,ca4e2b3e-360b-4bf9-859c-5118db1a7fff,20,4.0,,,,104.86,47.94,48.15,52.73,43.77,45.71
2025-12-17T03:38:32.801963,Recipe_B,ca4e2b3e-360b-4bf9-859c-5118db1a7fff,20,4.0,,,,97.47,49.71,49.58,51.69,49.61,51.87
2025-12-17T03:38:33.801963,Recipe_B,ca4e2b3e-360b-4bf9-859c-5118db1a7fff,20,4.0,,,,99.06,46.74,54.27,58.01,48.73,47.94
2025-12-17T03:38:34.801963,Recipe_B,ca4e2b3e-360b-4bf9-859c-5118db1a7fff,20,4.0,,,,103.74,53.53,49.85,45.63,51.48,53.29
2025-12-17T03:38:35.801963,Recipe_B,ca4e2b3e-360b-4bf9-859c-5118db1a7fff,20,4.0,,,,93.83,48.67,61.04,52.27,43.26,48.22
2025-12-17T03:38:36.801963,Recipe_B,ca4e2b3e-360b-4bf9-859c-5118db1a7fff,20,4.0,,,,92.88,45.45,59.15,46.66,48.78,43.85
2025-12-17T03:38:37.801963,Recipe_B,ca4e2b3e-360b-4bf9-859c-5118db1a7fff,20,4.0,,,,98.0,55.38,46.81,50.22,55.67,47.43
2025-12-17T03:38:38.801963,Recipe_B,ca4e2b3e-360b-4bf9-859c-5118db1a7fff,20,4.0,,,,105.14,53.0,53.67,41.19,48.59,50.35
2025-12-17T03:38:39.801963,Recipe_B,ca4e2b3e-360b-4bf9-859c-5118db1a7fff,20,4.0,,,,99.13,54.09,52.57,50.39,42.51,54.52
2025-12-17T03:38:40.801963,Recipe_B,ca4e2b3e-360b-4bf9-859c-5118db1a7fff,20,4.0,,,,100.71,46.85,55.53,59.05,48.41,41.13
2025-12-17T03:38:41.801963,Recipe_B,ca4e2b3e-360b-4bf9-859c-5118db1a7fff,20,4.0,,,,100.42,43.1,51.01,44.29,52.41,53.4
2025-12-17T03:38:42.801963,Recipe_B,ca4e2b3e-360b-4bf9-859c-5118db1a7fff,20,4.0,,,,111.8,55.13,50.3,50.13,53.29,58.25
2025-12-17T03:38:43.801963,Recipe_B,ca4e2b3e-360b-4bf9-859c-5118db1a7fff,20,4.0,,,,99.7,50.39,63.58,50.84,52.97,53.75
2025-12-17T03:38:44.801963,Recipe_B,ca4e2b3e-360b-4bf9-859c-5118db1a7fff,20,1.0,,,,9.8,9.67,13.47,11.0,7.54,11.71
2025-12-17T03:38:45.801963,Recipe_B,ca4e2b3e-360b-4bf9-859c-5118db1a7fff,20,2.0,,,,4.36,8.78,9.96,11.04,6.79,11.2
2025-12-17T03:38:46.801963,Recipe_B,ca4e2b3e-360b-4bf9-859c-5118db1a7fff,20,2.0,,,,10.79,7.51,6.37,7.12,9.49,10.47
2025-12-17T03:38:47.801963,Recipe_B,ca4e2b3e-360b-4bf9-859c-5118db1a7fff,20,2.0,,,,9.61,11.68,6.84,6.11,7.44,11.66
2025-12-17T03:38:48.801963,Recipe_B,ca4e2b3e-360b-4bf9-859c-5118db1a7fff,20,2.0,,,,10.69,11.32,8.32,12.41,8.36,11.85
2025-12-17T03:38:49.801963,Recipe_B,ca4e2b3e-360b-4bf9-859c-5118db1a7fff,20,2.0,,,,8.01,10.77,11.56,6.4,8.37,11.87
2025-12-17T03:38:50.801963,Recipe_B,ca4e2b3e-360b-4bf9-859c-5118db1a7fff,20,2.0,,,,12.79,10.6,9.87,12.47,8.6,9.4
2025-12-17T03:38:51.801963,Recipe_B,ca4e2b3e-360b-4bf9-859c-5118db1a7fff,20,2.0,,,,8.12,9.2,12.83,11.8,12.24,12.83
2025-12-17T03:38:52.801963,Recipe_B,ca4e2b3e-360b-4bf9-859c-5118db1a7fff,20,2.0,,,,11.14,7.73,10.62,5.88,8.9,10.99
2025-12-17T03:38:53.801963,Recipe_B,ca4e2b3e-360b-4bf9-859c-5118db1a7fff,20,2.0,,,,10.1,9.97,9.62,10.57,8.37,9.85
2025-12-17T03:38:54.801963,Recipe_B,ca4e2b3e-360b-4bf9-859c-5118db1a7fff,20,2.0,,,,10.67,6.81,9.7,7.79,9.03,10.63
2025-12-17T03:38:55.801963,Recipe_B,ca4e2b3e-360b-4bf9-859c-5118db1a7fff,20,2.0,,,,11.11,7.6,9.34,9.04,8.57,7.48
2025-12-17T03:38:56.801963,Recipe_B,ca4e2b3e-360b-4bf9-859c-5118db1a7fff,20,2.0,,,,10.66,8.43,11.24,13.34,6.93,13.04
2025-12-17T03:38:57.801963,Recipe_B,ca4e2b3e-360b-4bf9-859c-5118db1a7fff,20,2.0,,,,13.79,6.31,8.39,8.64,9.01,15.59
2025-12-17T03:38:58.801963,Recipe_B,ca4e2b3e-360b-4bf9-859c-5118db1a7fff,20,2.0,,,,13.64,9.03,8.6,9.03,10.79,10.38
2025-12-17T03:38:59.801963,Recipe_B,ca4e2b3e-360b-4bf9-859c-5118db1a7fff,20,2.0,,,,10.06,10.29,12.07,14.42,10.64,13.77
2025-12-17T03:39:00.801963,Recipe_B,ca4e2b3e-360b-4bf9-859c-5118db1a7fff,20,2.0,,,,8.49,12.36,6.39,9.08,7.18,10.92
2025-12-17T03:39:01.801963,Recipe_B,ca4e2b3e-360b-4bf9-859c-5118db1a7fff,20,2.0,,,,13.59,5.68,10.82,8.32,9.18,9.85
2025-12-17T03:39:02.801963,Recipe_B,ca4e2b3e-360b-4bf9-859c-5118db1a7fff,20,2.0,,,,12.09,13.42,6.61,8.09,9.23,11.1
2025-12-17T03:39:03.801963,Recipe_B,ca4e2b3e-360b-4bf9-859c-5118db1a7fff,20,1.0,,,,12.3,10.94,10.67,11.37,10.02,10.89
2025-12-17T03:39:04.801963,Recipe_B,ca4e2b3e-360b-4bf9-859c-5118db1a7fff,20,1.0,,,,12.37,6.36,11.86,7.68,11.02,11.05
2025-12-17T03:39:05.801963,Recipe_B,ca4e2b3e-360b-4bf9-859c-5118db1a7fff,20,1.0,,,,7.94,13.42,12.33,5.72,9.69,8.55
2025-12-17T03:39:06.801963,Recipe_B,ca4e2b3e-360b-4bf9-859c-5118db1a7fff,20,1.0,,,,8.29,12.96,11.21,9.08,10.55,14.75
2025-12-17T03:39:07.801963,Recipe_B,ca4e2b3e-360b-4bf9-859c-5118db1a7fff,20,1.0,,,,9.85,6.24,11.54,10.73,9.98,9.48
2025-12-17T03:39:08.801963,Recipe_B,ca4e2b3e-360b-4bf9-859c-5118db1a7fff,20,1.0,,,,8.42,8.53,13.87,8.05,6.69,11.11
2025-12-17T03:39:09.801963,Recipe_B,ca4e2b3e-360b-4bf9-859c-5118db1a7fff,20,1.0,,,,10.49,8.28,5.57,9.81,13.14,8.06
2025-12-17T03:39:10.801963,Recipe_B,ca4e2b3e-360b-4bf9-859c-5118db1a7fff,20,1.0,,,,10.12,8.39,11.26,8.96,7.34,10.33
2025-12-17T03:39:11.801963,Recipe_B,ca4e2b3e-360b-4bf9-859c-5118db1a7fff,20,1.0,,,,8.16,7.21,6.56,8.77,7.54,10.42
2025-12-17T03:39:12.801963,Recipe_B,ca4e2b3e-360b-4bf9-859c-5118db1a7fff,20,1.0,,,,8.96,10.62,8.81,12.86,13.33,12.3
2025-12-17T03:39:13.801963,Recipe_B,ca4e2b3e-360b-4bf9-859c-5118db1a7fff,20,1.0,,,,8.67,13.29,11.57,7.92,10.13,10.72
2025-12-17T03:39:14.801963,Recipe_B,ca4e2b3e-360b-4bf9-859c-5118db1a7fff,20,1.0,,,,10.49,11.03,10.25,9.63,10.36,12.26
2025-12-17T03:39:15.801963,Recipe_B,ca4e2b3e-360b-4bf9-859c-5118db1a7fff,20,1.0,,,,12.41,8.21,7.83,14.03,10.78,10.88
2025-12-17T03:39:16.801963,Recipe_B,ca4e2b3e-360b-4bf9-859c-5118db1a7fff,20,1.0,,,,11.7,12.39,10.5,14.16,10.46,12.69
2025-12-17T03:39:17.801963,Recipe_B,ca4e2b3e-360b-4bf9-859c-5118db1a7fff,20,1.0,,,,12.8,11.35,12.81,8.3,10.44,6.28
2025-12-17T03:39:18.801963,Recipe_B,ca4e2b3e-360b-4bf9-859c-5118db1a7fff,20,1.0,,,,9.6,10.33,12.76,12.72,10.6,10.82
2025-12-17T03:39:19.801963,Recipe_B,ca4e2b3e-360b-4bf9-859c-5118db1a7fff,20,1.0,,,,9.99,8.36,10.72,9.74,13.28,10.69
2025-12-17T03:39:20.801963,Recipe_B,ca4e2b3e-360b-4bf9-859c-5118db1a7fff,20,1.0,,,,6.04,12.68,10.57,8.56,8.55,8.06
2025-12-17T03:39:21.801963,Recipe_B,ca4e2b3e-360b-4bf9-859c-5118db1a7fff,20,1.0,,,,9.68,9.56,6.14,7.23,11.43,12.19
2025-12-17T03:39:22.801963,Recipe_B,ca4e2b3e-360b-4bf9-859c-5118db1a7fff,20,5.0,,,,8.49,7.77,10.33,9.02,11.69,10.79
2025-12-17T03:39:23.801963,Recipe_B,ca4e2b3e-360b-4bf9-859c-5118db1a7fff,20,5.0,,,,10.52,10.56,11.3,6.82,11.66,9.39
2025-12-17T03:39:24.801963,Recipe_B,ca4e2b3e-360b-4bf9-859c-5118db1a7fff,20,5.0,,,,10.61,11.3,8.91,10.54,11.5,10.22
2025-12-17T03:39:25.801963,Recipe_B,ca4e2b3e-360b-4bf9-859c-5118db1a7fff,20,5.0,,,,9.68,16.02,11.39,9.07,11.69,7.1
2025-12-17T03:39:26.801963,Recipe_B,ca4e2b3e-360b-4bf9-859c-5118db1a7fff,20,5.0,,,,9.45,10.52,7.56,9.77,14.35,11.16
2025-12-17T03:39:27.801963,Recipe_B,ca4e2b3e-360b-4bf9-859c-5118db1a7fff,20,5.0,,,,9.99,11.49,13.5,8.98,7.91,8.69
2025-12-17T03:39:28.801963,Recipe_B,ca4e2b3e-360b-4bf9-859c-5118db1a7fff,20,5.0,,,,10.97,7.15,9.03,11.94,11.94,11.02
2025-12-17T03:39:29.801963,Recipe_B,ca4e2b3e-360b-4bf9-859c-5118db1a7fff,20,5.0,,,,9.28,8.8,8.83,8.56,12.35,8.99
2025-12-17T03:39:30.801963,Recipe_B,ca4e2b3e-360b-4bf9-859c-5118db1a7fff,20,5.0,,,,8.23,12.07,9.33,12.01,7.52,8.83
2025-12-17T03:39:31.801963,Recipe_B,ca4e2b3e-360b-4bf9-859c-5118db1a7fff,20,0.0,,,,0.0,0.0,0.0,0.0,0.0,0.0
2025-12-17T03:39:32.801963,Recipe_B,ca4e2b3e-360b-4bf9-859c-5118db1a7fff,20,0.0,,,,0.0,0.0,0.0,0.0,0.0,0.0
2025-12-17T03:39:33.801963,Recipe_B,ca4e2b3e-360b-4bf9-859c-5118db1a7fff,20,0.0,,,,0.0,0.0,0.0,0.0,0.0,0.0
2025-12-17T03:39:34.801963,Recipe_B,ca4e2b3e-360b-4bf9-859c-5118db1a7fff,20,0.0,,,,0.0,0.0,0.0,0.0,0.0,0.0
2025-12-17T03:39:35.801963,Recipe_B,ca4e2b3e-360b-4bf9-859c-5118db1a7fff,20,0.0,,,,0.0,0.0,0.0,0.0,0.0,0.0
2025-12-17T03:39:36.801963,Recipe_B,ca4e2b3e-360b-4bf9-859c-5118db1a7fff,20,0.0,,,,0.0,0.0,0.0,0.0,0.0,0.0
2025-12-17T03:39:37.801963,Recipe_B,ca4e2b3e-360b-4bf9-859c-5118db1a7fff,20,0.0,,,,0.0,0.0,0.0,0.0,0.0,0.0
2025-12-17T03:39:38.801963,Recipe_B,ca4e2b3e-360b-4bf9-859c-5118db1a7fff,20,0.0,,,,0.0,0.0,0.0,0.0,0.0,0.0
2025-12-17T03:39:39.801963,Recipe_B,ca4e2b3e-360b-4bf9-859c-5118db1a7fff,20,0.0,,,,0.0,0.0,0.0,0.0,0.0,0.0
2025-12-17T03:39:40.801963,Recipe_B,ca4e2b3e-360b-4bf9-859c-5118db1a7fff,20,0.0,,,,0.0,0.0,0.0,0.0,0.0,0.0
2025-12-17T03:39:41.801963,Recipe_B,ca4e2b3e-360b-4bf9-859c-5118db1a7fff,20,0.0,,,,0.0,0.0,0.0,0.0,0.0,0.0
2025-12-17T03:39:42.801963,Recipe_B,ca4e2b3e-360b-4bf9-859c-5118db1a7fff,20,0.0,,,,0.0,0.0,0.0,0.0,0.0,0.0
2025-12-17T03:39:43.801963,Recipe_B,ca4e2b3e-360b-4bf9-859c-5118db1a7fff,20,0.0,,,,0.0,0.0,0.0,0.0,0.0,0.0
2025-12-17T03:39:44.801963,Recipe_B,ca4e2b3e-360b-4bf9-859c-5118db1a7fff,20,0.0,,,,0.0,0.0,0.0,0.0,0.0,0.0
2025-12-17T03:39:45.801963,Recipe_B,ca4e2b3e-360b-4bf9-859c-5118db1a7fff,20,0.0,,,,0.0,0.0,0.0,0.0,0.0,0.0
2025-12-17T03:39:46.801963,Recipe_B,ca4e2b3e-360b-4bf9-859c-5118db1a7fff,20,0.0,,,,0.0,0.0,0.0,0.0,0.0,0.0
2025-12-17T03:39:47.801963,Recipe_B,ca4e2b3e-360b-4bf9-859c-5118db1a7fff,20,0.0,,,,0.0,0.0,0.0,0.0,0.0,0.0
2025-12-17T03:39:48.801963,Recipe_B,ca4e2b3e-360b-4bf9-859c-5118db1a7fff,20,0.0,,,,0.0,0.0,0.0,0.0,0.0,0.0
2025-12-17T03:39:49.801963,Recipe_B,ca4e2b3e-360b-4bf9-859c-5118db1a7fff,20,0.0,,,,0.0,0.0,0.0,0.0,0.0,0.0
2025-12-17T03:39:50.801963,Recipe_B,ca4e2b3e-360b-4bf9-859c-5118db1a7fff,20,0.0,,,,0.0,0.0,0.0,0.0,0.0,0.0
2025-12-17T03:39:51.801963,Recipe_B,ca4e2b3e-360b-4bf9-859c-5118db1a7fff,20,0.0,,,,0.0,0.0,0.0,0.0,0.0,0.0
2025-12-17T03:39:52.801963,Recipe_B,ca4e2b3e-360b-4bf9-859c-5118db1a7fff,20,0.0,,,,0.0,0.0,0.0,0.0,0.0,0.0
2025-12-17T03:39:53.801963,Recipe_B,ca4e2b3e-360b-4bf9-859c-5118db1a7fff,20,0.0,,,,0.0,0.0,0.0,0.0,0.0,0.0
2025-12-17T03:39:54.801963,Recipe_B,ca4e2b3e-360b-4bf9-859c-5118db1a7fff,20,0.0,,,,0.0,0.0,0.0,0.0,0.0,0.0
2025-12-17T03:39:55.801963,Recipe_B,ca4e2b3e-360b-4bf9-859c-5118db1a7fff,20,0.0,,,,0.0,0.0,0.0,0.0,0.0,0.0
2025-12-17T03:39:56.801963,Recipe_B,ca4e2b3e-360b-4bf9-859c-5118db1a7fff,20,0.0,,,,0.0,0.0,0.0,0.0,0.0,0.0
2025-12-17T03:39:57.801963,Recipe_B,ca4e2b3e-360b-4bf9-859c-5118db1a7fff,20,0.0,,,,0.0,0.0,0.0,0.0,0.0,0.0
2025-12-17T03:39:58.801963,Recipe_B,ca4e2b3e-360b-4bf9-859c-5118db1a7fff,20,0.0,,,,0.0,0.0,0.0,0.0,0.0,0.0
2025-12-17T03:39:59.801963,Recipe_B,ca4e2b3e-360b-4bf9-859c-5118db1a7fff,20,0.0,,,,0.0,0.0,0.0,0.0,0.0,0.0
2025-12-17T03:40:00.801963,Recipe_B,ca4e2b3e-360b-4bf9-859c-5118db1a7fff,20,0.0,,,,0.0,0.0,0.0,0.0,0.0,0.0
2025-12-17T03:40:01.801963,Recipe_B,ca4e2b3e-360b-4bf9-859c-5118db1a7fff,20,0.0,,,,0.0,0.0,0.0,0.0,0.0,0.0
2025-12-17T03:40:02.801963,Recipe_B,ca4e2b3e-360b-4bf9-859c-5118db1a7fff,20,0.0,,,,0.0,0.0,0.0,0.0,0.0,0.0
2025-12-17T03:40:03.801963,Recipe_B,ca4e2b3e-360b-4bf9-859c-5118db1a7fff,20,0.0,,,,0.0,0.0,0.0,0.0,0.0,0.0
2025-12-17T03:40:04.801963,Recipe_B,ca4e2b3e-360b-4bf9-859c-5118db1a7fff,20,0.0,,,,0.0,0.0,0.0,0.0,0.0,0.0
2025-12-17T03:40:05.801963,Recipe_B,ca4e2b3e-360b-4bf9-859c-5118db1a7fff,20,0.0,,,,0.0,0.0,0.0,0.0,0.0,0.0
2025-12-17T03:40:06.801963,Recipe_B,ca4e2b3e-360b-4bf9-859c-5118db1a7fff,20,0.0,,,,0.0,0.0,0.0,0.0,0.0,0.0
2025-12-17T03:40:07.801963,Recipe_B,ca4e2b3e-360b-4bf9-859c-5118db1a7fff,20,0.0,,,,0.0,0.0,0.0,0.0,0.0,0.0
2025-12-17T03:40:08.801963,Recipe_B,ca4e2b3e-360b-4bf9-859c-5118db1a7fff,20,0.0,,,,0.0,0.0,0.0,0.0,0.0,0.0
2025-12-17T03:40:09.801963,Recipe_B,ca4e2b3e-360b-4bf9-859c-5118db1a7fff,20,2.0,,,,13.58,14.38,8.56,9.92,13.32,11.88
2025-12-17T03:40:10.801963,Recipe_B,ca4e2b3e-360b-4bf9-859c-5118db1a7fff,20,2.0,,,,6.86,6.78,9.84,8.43,8.43,10.96
2025-12-17T03:40:11.801963,Recipe_B,ca4e2b3e-360b-4bf9-859c-5118db1a7fff,20,2.0,,,,9.11,7.24,10.45,11.5,11.42,9.58
2025-12-17T03:40:12.801963,Recipe_B,ca4e2b3e-360b-4bf9-859c-5118db1a7fff,20,2.0,,,,7.25,12.99,13.1,9.58,4.88,7.29
2025-12-17T03:40:13.801963,Recipe_B,ca4e2b3e-360b-4bf9-859c-5118db1a7fff,20,2.0,,,,9.2,11.28,7.3,10.48,9.64,11.62
2025-12-17T03:40:14.801963,Recipe_B,ca4e2b3e-360b-4bf9-859c-5118db1a7fff,20,2.0,,,,9.02,7.26,12.48,10.65,14.97,12.77
2025-12-17T03:40:15.801963,Recipe_B,ca4e2b3e-360b-4bf9-859c-5118db1a7fff,20,2.0,,,,12.65,9.29,8.71,7.69,12.06,8.41
2025-12-17T03:40:16.801963,Recipe_B,ca4e2b3e-360b-4bf9-859c-5118db1a7fff,20,2.0,,,,10.63,12.45,10.5,8.69,12.06,8.88
2025-12-17T03:40:17.801963,Recipe_B,ca4e2b3e-360b-4bf9-859c-5118db1a7fff,20,2.0,,,,9.35,12.22,4.58,8.98,4.36,12.91
2025-12-17T03:40:18.801963,Recipe_B,ca4e2b3e-360b-4bf9-859c-5118db1a7fff,20,2.0,,,,10.95,10.47,9.22,10.44,6.61,9.6
2025-12-17T03:40:19.801963,Recipe_B,ca4e2b3e-360b-4bf9-859c-5118db1a7fff,20,2.0,,,,10.34,7.66,10.78,8.48,10.32,10.45
2025-12-17T03:40:20.801963,Recipe_B,ca4e2b3e-360b-4bf9-859c-5118db1a7fff,20,2.0,,,,6.44,11.91,10.02,10.88,8.96,11.99
2025-12-17T03:40:21.801963,Recipe_B,ca4e2b3e-360b-4bf9-859c-5118db1a7fff,20,2.0,,,,7.94,11.2,7.15,12.73,10.07,6.44
2025-12-17T03:40:22.801963,Recipe_B,ca4e2b3e-360b-4bf9-859c-5118db1a7fff,20,2.0,,,,8.48,7.31,11.83,11.0,15.46,10.46
2025-12-17T03:40:23.801963,Recipe_B,ca4e2b3e-360b-4bf9-859c-5118db1a7fff,20,2.0,,,,9.95,13.03,8.48,10.01,13.61,12.21
2025-12-17T03:40:24.801963,Recipe_B,ca4e2b3e-360b-4bf9-859c-5118db1a7fff,20,2.0,,,,7.32,9.69,10.73,10.78,10.03,9.31
2025-12-17T03:40:25.801963,Recipe_B,ca4e2b3e-360b-4bf9-859c-5118db1a7fff,20,2.0,,,,13.79,8.66,8.73,9.66,8.07,8.79
2025-12-17T03:40:26.801963,Recipe_B,ca4e2b3e-360b-4bf9-859c-5118db1a7fff,20,2.0,,,,12.69,10.98,9.21,8.2,10.77,10.22
2025-12-17T03:40:27.801963,Recipe_B,ca4e2b3e-360b-4bf9-859c-5118db1a7fff,20,2.0,,,,10.08,12.11,10.46,13.01,6.65,8.6
2025-12-17T03:40:28.801963,Recipe_B,ca4e2b3e-360b-4bf9-859c-5118db1a7fff,20,0.0,,,,0.0,0.0,0.0,0.0,0.0,0.0
2025-12-17T03:40:29.801963,Recipe_B,ca4e2b3e-360b-4bf9-859c-5118db1a7fff,20,0.0,,,,0.0,0.0,0.0,0.0,0.0,0.0
2025-12-17T03:40:30.801963,Recipe_B,ca4e2b3e-360b-4bf9-859c-5118db1a7fff,20,0.0,,,,0.0,0.0,0.0,0.0,0.0,0.0
2025-12-17T03:40:31.801963,Recipe_B,ca4e2b3e-360b-4bf9-859c-5118db1a7fff,20,0.0,,,,0.0,0.0,0.0,0.0,0.0,0.0
2025-12-17T03:40:32.801963,Recipe_B,ca4e2b3e-360b-4bf9-859c-5118db1a7fff,20,0.0,,,,0.0,0.0,0.0,0.0,0.0,0.0
2025-12-17T03:40:33.801963,Recipe_B,ca4e2b3e-360b-4bf9-859c-5118db1a7fff,20,0.0,,,,0.0,0.0,0.0,0.0,0.0,0.0
2025-12-17T03:40:34.801963,Recipe_B,ca4e2b3e-360b-4bf9-859c-5118db1a7fff,20,0.0,,,,0.0,0.0,0.0,0.0,0.0,0.0
2025-12-17T03:40:35.801963,Recipe_B,ca4e2b3e-360b-4bf9-859c-5118db1a7fff,20,0.0,,,,0.0,0.0,0.0,0.0,0.0,0.0
2025-12-17T03:40:36.801963,Recipe_B,ca4e2b3e-360b-4bf9-859c-5118db1a7fff,20,0.0,,,,0.0,0.0,0.0,0.0,0.0,0.0
2025-12-17T03:40:37.801963,Recipe_B,ca4e2b3e-360b-4bf9-859c-5118db1a7fff,20,0.0,,,,0.0,0.0,0.0,0.0,0.0,0.0
2025-12-17T03:40:38.801963,Recipe_B,ca4e2b3e-360b-4bf9-859c-5118db1a7fff,20,0.0,,,,0.0,0.0,0.0,0.0,0.0,0.0
2025-12-17T03:40:39.801963,Recipe_B,ca4e2b3e-360b-4bf9-859c-5118db1a7fff,20,0.0,,,,0.0,0.0,0.0,0.0,0.0,0.0
2025-12-17T03:40:40.801963,Recipe_B,ca4e2b3e-360b-4bf9-859c-5118db1a7fff,20,0.0,,,,0.0,0.0,0.0,0.0,0.0,0.0
2025-12-17T03:40:41.801963,Recipe_B,ca4e2b3e-360b-4bf9-859c-5118db1a7fff,20,0.0,,,,0.0,0.0,0.0,0.0,0.0,0.0
2025-12-17T03:40:42.801963,Recipe_B,ca4e2b3e-360b-4bf9-859c-5118db1a7fff,20,0.0,,,,0.0,0.0,0.0,0.0,0.0,0.0
2025-12-17T03:40:43.801963,Recipe_B,ca4e2b3e-360b-4bf9-859c-5118db1a7fff,20,0.0,,,,0.0,0.0,0.0,0.0,0.0,0.0
2025-12-17T03:40:44.801963,Recipe_B,ca4e2b3e-360b-4bf9-859c-5118db1a7fff,20,0.0,,,,0.0,0.0,0.0,0.0,0.0,0.0
2025-12-17T03:40:45.801963,Recipe_B,ca4e2b3e-360b-4bf9-859c-5118db1a7fff,20,0.0,,,,0.0,0.0,0.0,0.0,0.0,0.0
2025-12-17T03:40:45.801963,Recipe_B,ca4e2b3e-360b-4bf9-859c-5118db1a7fff,20,0.0,Warning_10,Simulated Warning occurred,Warning,,,,,,
2025-12-17T03:40:46.801963,Recipe_B,ca4e2b3e-360b-4bf9-859c-5118db1a7fff,20,0.0,,,,0.0,0.0,0.0,0.0,0.0,0.0
2025-12-17T03:40:47.801963,Recipe_B,ca4e2b3e-360b-4bf9-859c-5118db1a7fff,20,0.0,,,,0.0,0.0,0.0,0.0,0.0,0.0
2025-12-17T03:40:48.801963,Recipe_B,ca4e2b3e-360b-4bf9-859c-5118db1a7fff,20,0.0,,,,0.0,0.0,0.0,0.0,0.0,0.0
2025-12-17T03:40:49.801963,Recipe_B,ca4e2b3e-360b-4bf9-859c-5118db1a7fff,20,0.0,,,,0.0,0.0,0.0,0.0,0.0,0.0
2025-12-17T03:40:50.801963,Recipe_B,ca4e2b3e-360b-4bf9-859c-5118db1a7fff,20,0.0,,,,0.0,0.0,0.0,0.0,0.0,0.0
2025-12-17T03:40:51.801963,Recipe_B,ca4e2b3e-360b-4bf9-859c-5118db1a7fff,20,0.0,,,,0.0,0.0,0.0,0.0,0.0,0.0
2025-12-17T03:40:52.801963,Recipe_B,ca4e2b3e-360b-4bf9-859c-5118db1a7fff,20,0.0,,,,0.0,0.0,0.0,0.0,0.0,0.0
2025-12-17T03:40:53.801963,Recipe_B,ca4e2b3e-360b-4bf9-859c-5118db1a7fff,20,0.0,,,,0.0,0.0,0.0,0.0,0.0,0.0
2025-12-17T03:40:54.801963,Recipe_B,ca4e2b3e-360b-4bf9-859c-5118db1a7fff,20,0.0,,,,0.0,0.0,0.0,0.0,0.0,0.0
2025-12-17T03:40:55.801963,Recipe_B,ca4e2b3e-360b-4bf9-859c-5118db1a7fff,20,0.0,,,,0.0,0.0,0.0,0.0,0.0,0.0
2025-12-17T03:40:56.801963,Recipe_B,ca4e2b3e-360b-4bf9-859c-5118db1a7fff,20,0.0,,,,0.0,0.0,0.0,0.0,0.0,0.0
2025-12-17T03:40:57.801963,Recipe_B,ca4e2b3e-360b-4bf9-859c-5118db1a7fff,20,0.0,,,,0.0,0.0,0.0,0.0,0.0,0.0
2025-12-17T03:40:58.801963,Recipe_B,ca4e2b3e-360b-4bf9-859c-5118db1a7fff,20,0.0,,,,0.0,0.0,0.0,0.0,0.0,0.0
2025-12-17T03:40:59.801963,Recipe_B,ca4e2b3e-360b-4bf9-859c-5118db1a7fff,20,0.0,,,,0.0,0.0,0.0,0.0,0.0,0.0
2025-12-17T03:41:00.801963,Recipe_B,ca4e2b3e-360b-4bf9-859c-5118db1a7fff,20,0.0,,,,0.0,0.0,0.0,0.0,0.0,0.0
2025-12-17T03:41:01.801963,Recipe_B,ca4e2b3e-360b-4bf9-859c-5118db1a7fff,20,0.0,,,,0.0,0.0,0.0,0.0,0.0,0.0
2025-12-17T03:41:02.801963,Recipe_B,ca4e2b3e-360b-4bf9-859c-5118db1a7fff,20,0.0,,,,0.0,0.0,0.0,0.0,0.0,0.0
2025-12-17T03:41:03.801963,Recipe_B,ca4e2b3e-360b-4bf9-859c-5118db1a7fff,20,0.0,,,,0.0,0.0,0.0,0.0,0.0,0.0
2025-12-17T03:41:04.801963,Recipe_B,ca4e2b3e-360b-4bf9-859c-5118db1a7fff,20,0.0,,,,0.0,0.0,0.0,0.0,0.0,0.0
2025-12-17T03:41:05.801963,Recipe_B,ca4e2b3e-360b-4bf9-859c-5118db1a7fff,20,0.0,,,,0.0,0.0,0.0,0.0,0.0,0.0
2025-12-17T03:41:06.801963,Recipe_B,ca4e2b3e-360b-4bf9-859c-5118db1a7fff,20,0.0,,,,0.0,0.0,0.0,0.0,0.0,0.0
2025-12-17T03:41:07.801963,Recipe_B,ca4e2b3e-360b-4bf9-859c-5118db1a7fff,20,0.0,,,,0.0,0.0,0.0,0.0,0.0,0.0
2025-12-17T03:41:08.801963,Recipe_B,ca4e2b3e-360b-4bf9-859c-5118db1a7fff,20,0.0,,,,0.0,0.0,0.0,0.0,0.0,0.0
2025-12-17T03:41:08.801963,Recipe_B,ca4e2b3e-360b-4bf9-859c-5118db1a7fff,20,0.0,Error_3,Simulated Error occurred,Error,,,,,,
2025-12-17T03:41:09.801963,Recipe_B,ca4e2b3e-360b-4bf9-859c-5118db1a7fff,20,0.0,,,,0.0,0.0,0.0,0.0,0.0,0.0
2025-12-17T03:41:10.801963,Recipe_B,ca4e2b3e-360b-4bf9-859c-5118db1a7fff,20,0.0,,,,0.0,0.0,0.0,0.0,0.0,0.0
2025-12-17T03:41:11.801963,Recipe_B,ca4e2b3e-360b-4bf9-859c-5118db1a7fff,20,0.0,,,,0.0,0.0,0.0,0.0,0.0,0.0
2025-12-17T03:41:12.801963,Recipe_B,ca4e2b3e-360b-4bf9-859c-5118db1a7fff,20,0.0,,,,0.0,0.0,0.0,0.0,0.0,0.0
2025-12-17T03:41:13.801963,Recipe_B,ca4e2b3e-360b-4bf9-859c-5118db1a7fff,20,0.0,,,,0.0,0.0,0.0,0.0,0.0,0.0
2025-12-17T03:41:14.801963,Recipe_B,ca4e2b3e-360b-4bf9-859c-5118db1a7fff,20,0.0,,,,0.0,0.0,0.0,0.0,0.0,0.0
2025-12-17T03:41:15.801963,Recipe_B,ca4e2b3e-360b-4bf9-859c-5118db1a7fff,20,0.0,,,,0.0,0.0,0.0,0.0,0.0,0.0
2025-12-17T03:41:16.801963,Recipe_B,ca4e2b3e-360b-4bf9-859c-5118db1a7fff,20,0.0,,,,0.0,0.0,0.0,0.0,0.0,0.0
2025-12-17T03:41:17.801963,Recipe_B,ca4e2b3e-360b-4bf9-859c-5118db1a7fff,20,4.0,,,,99.03,47.96,49.96,54.2,43.17,51.49
2025-12-17T03:41:18.801963,Recipe_B,ca4e2b3e-360b-4bf9-859c-5118db1a7fff,20,4.0,,,,102.8,53.6,46.71,50.04,53.24,42.91
2025-12-17T03:41:19.801963,Recipe_B,ca4e2b3e-360b-4bf9-859c-5118db1a7fff,20,4.0,,,,90.44,45.0,39.97,48.58,55.04,50.02
2025-12-17T03:41:20.801963,Recipe_B,ca4e2b3e-360b-4bf9-859c-5118db1a7fff,20,4.0,,,,93.65,59.12,48.67,44.28,50.94,45.24
2025-12-17T03:41:21.801963,Recipe_B,ca4e2b3e-360b-4bf9-859c-5118db1a7fff,20,4.0,,,,108.34,52.36,53.1,44.29,54.07,41.65
2025-12-17T03:41:22.801963,Recipe_B,ca4e2b3e-360b-4bf9-859c-5118db1a7fff,20,4.0,,,,102.83,44.2,50.26,56.05,51.03,42.22
2025-12-17T03:41:23.801963,Recipe_B,ca4e2b3e-360b-4bf9-859c-5118db1a7fff,20,4.0,,,,103.8,57.61,51.56,54.44,43.29,41.32
2025-12-17T03:41:24.801963,Recipe_B,ca4e2b3e-360b-4bf9-859c-5118db1a7fff,20,4.0,,,,99.38,50.82,43.88,41.63,51.66,42.29
2025-12-17T03:41:25.801963,Recipe_B,ca4e2b3e-360b-4bf9-859c-5118db1a7fff,20,4.0,,,,102.0,48.88,54.03,54.71,55.53,58.17
2025-12-17T03:41:26.801963,Recipe_B,ca4e2b3e-360b-4bf9-859c-5118db1a7fff,20,3.0,,,,9.24,6.12,7.08,11.28,7.79,11.31
2025-12-17T03:41:27.801963,Recipe_B,ca4e2b3e-360b-4bf9-859c-5118db1a7fff,20,3.0,,,,12.98,8.92,11.14,9.14,10.47,10.61
2025-12-17T03:41:28.801963,Recipe_B,ca4e2b3e-360b-4bf9-859c-5118db1a7fff,20,3.0,,,,9.54,10.19,11.45,9.95,11.81,8.98
2025-12-17T03:41:29.801963,Recipe_B,ca4e2b3e-360b-4bf9-859c-5118db1a7fff,20,3.0,,,,11.58,8.62,7.4,9.46,11.47,10.58
2025-12-17T03:41:30.801963,Recipe_B,ca4e2b3e-360b-4bf9-859c-5118db1a7fff,20,3.0,,,,8.37,10.46,7.39,12.21,11.72,10.58
2025-12-17T03:41:31.801963,Recipe_B,ca4e2b3e-360b-4bf9-859c-5118db1a7fff,20,3.0,,,,8.94,5.31,11.24,8.8,11.02,7.3
2025-12-17T03:41:32.801963,Recipe_B,ca4e2b3e-360b-4bf9-859c-5118db1a7fff,20,3.0,,,,6.84,10.65,8.57,11.44,13.89,11.36
2025-12-17T03:41:33.801963,Recipe_B,ca4e2b3e-360b-4bf9-859c-5118db1a7fff,20,3.0,,,,12.14,8.9,15.1,10.35,8.38,9.94
2025-12-17T03:41:34.801963,Recipe_B,ca4e2b3e-360b-4bf9-859c-5118db1a7fff,20,3.0,,,,8.03,9.21,13.31,7.88,12.08,8.92
2025-12-17T03:41:35.801963,Recipe_B,ca4e2b3e-360b-4bf9-859c-5118db1a7fff,20,3.0,,,,12.76,8.88,5.98,8.16,12.78,11.0
2025-12-17T03:41:36.801963,Recipe_B,ca4e2b3e-360b-4bf9-859c-5118db1a7fff,20,3.0,,,,8.78,7.43,6.97,10.37,10.55,12.02
2025-12-17T03:41:37.801963,Recipe_B,ca4e2b3e-360b-4bf9-859c-5118db1a7fff,20,3.0,,,,13.6,6.93,6.95,10.86,8.92,11.34
2025-12-17T03:41:38.801963,Recipe_B,ca4e2b3e-360b-4bf9-859c-5118db1a7fff,20,3.0,,,,6.29,7.82,7.41,9.46,11.47,10.09
2025-12-17T03:41:39.801963,Recipe_B,ca4e2b3e-360b-4bf9-859c-5118db1a7fff,20,3.0,,,,9.05,10.17,8.39,9.16,9.27,8.88
2025-12-17T03:41:39.801963,Recipe_B,ca4e2b3e-360b-4bf9-859c-5118db1a7fff,20,3.0,Warning_1,Simulated Warning occurred,Warning,,,,,,
2025-12-17T03:41:40.801963,Recipe_B,ca4e2b3e-360b-4bf9-859c-5118db1a7fff,20,3.0,,,,5.03,9.02,4.26,11.52,8.92,13.09
2025-12-17T03:41:41.801963,Recipe_B,ca4e2b3e-360b-4bf9-859c-5118db1a7fff,20,3.0,,,,12.63,12.78,9.04,10.28,8.95,11.97
2025-12-17T03:41:42.801963,Recipe_B,ca4e2b3e-360b-4bf9-859c-5118db1a7fff,20,3.0,,,,13.32,11.65,10.63,12.25,5.62,6.28
2025-12-17T03:41:43.801963,Recipe_B,ca4e2b3e-360b-4bf9-859c-5118db1a7fff,20,3.0,,,,8.52,10.85,12.17,11.64,10.11,11.12
2025-12-17T03:41:44.801963,Recipe_B,ca4e2b3e-360b-4bf9-859c-5118db1a7fff,20,3.0,,,,10.13,8.36,10.17,9.84,9.58,13.14
2025-12-17T03:41:45.801963,Recipe_B,ca4e2b3e-360b-4bf9-859c-5118db1a7fff,20,3.0,,,,10.98,12.16,9.34,6.97,10.85,7.42
2025-12-17T03:41:46.801963,Recipe_B,ca4e2b3e-360b-4bf9-859c-5118db1a7fff,20,3.0,,,,11.75,6.49,7.54,13.08,8.79,12.61
2025-12-17T03:41:47.801963,Recipe_B,ca4e2b3e-360b-4bf9-859c-5118db1a7fff,20,3.0,,,,12.7,9.31,2.85,12.49,10.18,11.11
2025-12-17T03:41:48.801963,Recipe_B,ca4e2b3e-360b-4bf9-859c-5118db1a7fff,20,3.0,,,,10.6,12.71,6.99,10.36,6.71,10.06
2025-12-17T03:41:49.801963,Recipe_B,ca4e2b3e-360b-4bf9-859c-5118db1a7fff,20,3.0,,,,7.63,9.96,8.84,8.96,10.56,11.73
2025-12-17T03:41:50.801963,Recipe_B,ca4e2b3e-360b-4bf9-859c-5118db1a7fff,20,3.0,,,,13.95,6.39,8.48,11.37,7.31,9.36
2025-12-17T03:41:51.801963,Recipe_B,ca4e2b3e-360b-4bf9-859c-5118db1a7fff,20,3.0,,,,10.8,10.6,9.76,14.27,9.61,8.44
2025-12-17T03:41:52.801963,Recipe_B,ca4e2b3e-360b-4bf9-859c-5118db1a7fff,20,3.0,,,,8.88,11.73,14.27,12.2,10.22,9.69
2025-12-17T03:41:53.801963,Recipe_B,ca4e2b3e-360b-4bf9-859c-5118db1a7fff,20,3.0,,,,6.89,11.55,13.23,9.48,11.2,12.02
2025-12-17T03:41:54.801963,Recipe_B,ca4e2b3e-360b-4bf9-859c-5118db1a7fff,20,3.0,,,,8.12,10.24,12.03,10.42,10.45,10.23
2025-12-17T03:41:55.801963,Recipe_B,ca4e2b3e-360b-4bf9-859c-5118db1a7fff,20,3.0,,,,11.38,9.67,7.79,9.33,10.15,11.37
2025-12-17T03:41:56.801963,Recipe_B,ca4e2b3e-360b-4bf9-859c-5118db1a7fff,20,3.0,,,,11.51,13.2,11.96,10.36,9.33,6.39
2025-12-17T03:41:57.801963,Recipe_B,ca4e2b3e-360b-4bf9-859c-5118db1a7fff,20,3.0,,,,9.53,11.16,12.54,8.8,6.3,10.71
2025-12-17T03:41:58.801963,Recipe_B,ca4e2b3e-360b-4bf9-859c-5118db1a7fff,20,3.0,,,,9.14,8.31,11.74,12.0,8.82,9.43
2025-12-17T03:41:59.801963,Recipe_B,ca4e2b3e-360b-4bf9-859c-5118db1a7fff,20,3.0,,,,9.37,11.17,11.73,12.53,8.99,13.86
2025-12-17T03:42:00.801963,Recipe_B,ca4e2b3e-360b-4bf9-859c-5118db1a7fff,20,3.0,,,,9.42,7.44,9.87,7.49,10.57,8.21
2025-12-17T03:42:01.801963,Recipe_B,ca4e2b3e-360b-4bf9-859c-5118db1a7fff,20,3.0,,,,13.16,9.25,6.73,6.91,5.88,9.73
2025-12-17T03:42:02.801963,Recipe_B,ca4e2b3e-360b-4bf9-859c-5118db1a7fff,20,3.0,,,,11.77,10.94,8.77,10.72,9.45,9.3
2025-12-17T03:42:03.801963,Recipe_B,ca4e2b3e-360b-4bf9-859c-5118db1a7fff,20,3.0,,,,10.62,7.65,11.05,10.22,12.4,8.09
2025-12-17T03:42:04.801963,Recipe_B,ca4e2b3e-360b-4bf9-859c-5118db1a7fff,20,3.0,,,,8.1,7.1,9.19,8.7,8.57,13.79
2025-12-17T03:42:05.801963,Recipe_B,ca4e2b3e-360b-4bf9-859c-5118db1a7fff,20,3.0,,,,8.67,6.25,9.9,8.31,11.52,11.22
2025-12-17T03:42:06.801963,Recipe_B,ca4e2b3e-360b-4bf9-859c-5118db1a7fff,20,3.0,,,,6.07,11.68,13.27,10.23,8.33,7.21
2025-12-17T03:42:07.801963,Recipe_B,ca4e2b3e-360b-4bf9-859c-5118db1a7fff,20,3.0,,,,9.98,8.63,10.78,11.39,12.05,8.93
2025-12-17T03:42:08.801963,Recipe_B,ca4e2b3e-360b-4bf9-859c-5118db1a7fff,20,5.0,,,,13.76,9.15,12.85,11.22,10.35,7.91
2025-12-17T03:42:09.801963,Recipe_B,ca4e2b3e-360b-4bf9-859c-5118db1a7fff,20,5.0,,,,6.08,6.45,10.5,3.62,12.11,8.39
2025-12-17T03:42:10.801963,Recipe_B,ca4e2b3e-360b-4bf9-859c-5118db1a7fff,20,5.0,,,,9.36,8.58,10.69,8.91,10.7,8.49
2025-12-17T03:42:11.801963,Recipe_B,ca4e2b3e-360b-4bf9-859c-5118db1a7fff,20,5.0,,,,8.28,8.39,10.57,9.92,9.6,11.1
2025-12-17T03:42:12.801963,Recipe_B,ca4e2b3e-360b-4bf9-859c-5118db1a7fff,20,5.0,,,,10.41,8.55,8.47,11.01,8.0,8.84
2025-12-17T03:42:13.801963,Recipe_B,ca4e2b3e-360b-4bf9-859c-5118db1a7fff,20,5.0,,,,9.55,7.02,8.36,8.6,11.5,14.59
2025-12-17T03:42:14.801963,Recipe_B,ca4e2b3e-360b-4bf9-859c-5118db1a7fff,20,5.0,,,,8.67,10.46,9.13,8.33,12.61,11.28
2025-12-17T03:42:15.801963,Recipe_B,ca4e2b3e-360b-4bf9-859c-5118db1a7fff,20,5.0,,,,11.82,11.04,12.06,12.26,8.92,9.96
2025-12-17T03:42:16.801963,Recipe_B,ca4e2b3e-360b-4bf9-859c-5118db1a7fff,20,5.0,,,,11.08,10.73,12.24,7.53,10.2,8.05
2025-12-17T03:42:17.801963,Recipe_B,ca4e2b3e-360b-4bf9-859c-5118db1a7fff,20,5.0,,,,8.02,7.54,9.69,8.54,8.85,10.31
2025-12-17T03:42:18.801963,Recipe_B,ca4e2b3e-360b-4bf9-859c-5118db1a7fff,20,5.0,,,,12.34,10.76,8.09,9.67,12.21,8.81
2025-12-17T03:42:19.801963,Recipe_B,ca4e2b3e-360b-4bf9-859c-5118db1a7fff,20,5.0,,,,8.88,11.34,12.41,9.21,12.42,9.66
2025-12-17T03:42:20.801963,Recipe_B,ca4e2b3e-360b-4bf9-859c-5118db1a7fff,20,5.0,,,,7.33,11.02,9.94,11.99,8.08,10.38
2025-12-17T03:42:21.801963,Recipe_B,ca4e2b3e-360b-4bf9-859c-5118db1a7fff,20,4.0,,,,98.89,55.49,51.31,46.91,49.15,46.4
2025-12-17T03:42:22.801963,Recipe_B,ca4e2b3e-360b-4bf9-859c-5118db1a7fff,20,4.0,,,,102.41,57.14,55.58,42.22,53.33,48.63
2025-12-17T03:42:23.801963,Recipe_B,ca4e2b3e-360b-4bf9-859c-5118db1a7fff,20,4.0,,,,100.59,55.04,48.31,49.22,49.66,51.64
2025-12-17T03:42:24.801963,Recipe_B,ca4e2b3e-360b-4bf9-859c-5118db1a7fff,20,4.0,,,,102.28,59.99,53.57,51.02,40.82,46.88
2025-12-17T03:42:25.801963,Recipe_B,ca4e2b3e-360b-4bf9-859c-5118db1a7fff,20,4.0,,,,98.91,44.59,48.86,60.08,54.89,47.97
2025-12-17T03:42:26.801963,Recipe_B,ca4e2b3e-360b-4bf9-859c-5118db1a7fff,20,4.0,,,,99.15,46.91,51.42,59.08,49.94,54.25
2025-12-17T03:42:27.801963,Recipe_B,ca4e2b3e-360b-4bf9-859c-5118db1a7fff,20,5.0,,,,13.1,8.33,7.75,10.46,9.64,8.74
2025-12-17T03:42:28.801963,Recipe_B,ca4e2b3e-360b-4bf9-859c-5118db1a7fff,20,4.0,,,,95.66,49.89,42.38,51.88,42.85,44.04
2025-12-17T03:42:29.801963,Recipe_B,ca4e2b3e-360b-4bf9-859c-5118db1a7fff,20,4.0,,,,101.37,50.5,50.36,55.09,43.23,49.64
2025-12-17T03:42:30.801963,Recipe_B,ca4e2b3e-360b-4bf9-859c-5118db1a7fff,20,4.0,,,,101.04,48.81,47.8,43.7,49.05,58.39
2025-12-17T03:42:31.801963,Recipe_B,ca4e2b3e-360b-4bf9-859c-5118db1a7fff,20,4.0,,,,103.29,45.08,52.89,54.72,52.51,48.59
2025-12-17T03:42:32.801963,Recipe_B,ca4e2b3e-360b-4bf9-859c-5118db1a7fff,20,4.0,,,,103.86,40.59,43.83,45.93,57.03,54.39
2025-12-17T03:42:33.801963,Recipe_B,ca4e2b3e-360b-4bf9-859c-5118db1a7fff,20,4.0,,,,98.49,46.23,48.62,52.09,43.24,54.25
2025-12-17T03:42:34.801963,Recipe_B,ca4e2b3e-360b-4bf9-859c-5118db1a7fff,20,4.0,,,,97.9,54.63,43.96,50.18,50.2,49.34
2025-12-17T03:42:35.801963,Recipe_B,ca4e2b3e-360b-4bf9-859c-5118db1a7fff,20,4.0,,,,92.43,50.3,55.95,54.21,51.02,44.2
2025-12-17T03:42:36.801963,Recipe_B,ca4e2b3e-360b-4bf9-859c-5118db1a7fff,20,4.0,,,,92.62,48.91,51.84,49.37,40.21,41.5
2025-12-17T03:42:37.801963,Recipe_B,ca4e2b3e-360b-4bf9-859c-5118db1a7fff,20,4.0,,,,99.31,53.07,47.26,50.43,60.38,52.38
2025-12-17T03:42:38.801963,Recipe_B,ca4e2b3e-360b-4bf9-859c-5118db1a7fff,20,4.0,,,,106.07,48.85,44.49,52.04,46.83,45.07
2025-12-17T03:42:39.801963,Recipe_B,ca4e2b3e-360b-4bf9-859c-5118db1a7fff,20,4.0,,,,106.45,57.06,40.31,42.48,51.24,40.18
2025-12-17T03:42:40.801963,Recipe_B,ca4e2b3e-360b-4bf9-859c-5118db1a7fff,20,4.0,,,,102.56,53.65,59.77,48.37,50.19,49.98
2025-12-17T03:42:41.801963,Recipe_B,ca4e2b3e-360b-4bf9-859c-5118db1a7fff,20,4.0,,,,88.98,47.97,52.75,60.37,60.82,46.43
2025-12-17T03:42:42.801963,Recipe_B,ca4e2b3e-360b-4bf9-859c-5118db1a7fff,20,4.0,,,,97.02,52.74,46.58,49.16,43.69,50.17
2025-12-17T03:42:43.801963,Recipe_B,ca4e2b3e-360b-4bf9-859c-5118db1a7fff,20,4.0,,,,103.73,52.19,50.76,54.23,54.09,50.48
2025-12-17T03:42:44.801963,Recipe_B,ca4e2b3e-360b-4bf9-859c-5118db1a7fff,20,4.0,,,,101.52,49.64,57.39,46.01,56.83,46.85
2025-12-17T03:42:45.801963,Recipe_B,ca4e2b3e-360b-4bf9-859c-5118db1a7fff,20,4.0,,,,105.74,48.24,49.89,51.54,47.39,51.92
2025-12-17T03:42:46.801963,Recipe_B,ca4e2b3e-360b-4bf9-859c-5118db1a7fff,20,4.0,,,,98.62,53.83,48.42,41.15,40.95,46.97
2025-12-17T03:42:47.801963,Recipe_B,ca4e2b3e-360b-4bf9-859c-5118db1a7fff,20,4.0,,,,96.6,53.49,38.85,48.65,57.79,54.13
2025-12-17T03:42:48.801963,Recipe_B,ca4e2b3e-360b-4bf9-859c-5118db1a7fff,20,0.0,,,,0.0,0.0,0.0,0.0,0.0,0.0
2025-12-17T03:42:49.801963,Recipe_B,ca4e2b3e-360b-4bf9-859c-5118db1a7fff,20,0.0,,,,0.0,0.0,0.0,0.0,0.0,0.0
2025-12-17T03:42:50.801963,Recipe_B,ca4e2b3e-360b-4bf9-859c-5118db1a7fff,20,0.0,,,,0.0,0.0,0.0,0.0,0.0,0.0
2025-12-17T03:42:51.801963,Recipe_B,ca4e2b3e-360b-4bf9-859c-5118db1a7fff,20,0.0,,,,0.0,0.0,0.0,0.0,0.0,0.0
2025-12-17T03:42:52.801963,Recipe_B,ca4e2b3e-360b-4bf9-859c-5118db1a7fff,20,0.0,,,,0.0,0.0,0.0,0.0,0.0,0.0
2025-12-17T03:42:53.801963,Recipe_B,ca4e2b3e-360b-4bf9-859c-5118db1a7fff,20,0.0,,,,0.0,0.0,0.0,0.0,0.0,0.0
2025-12-17T03:42:54.801963,Recipe_B,ca4e2b3e-360b-4bf9-859c-5118db1a7fff,20,0.0,,,,0.0,0.0,0.0,0.0,0.0,0.0
2025-12-17T03:42:55.801963,Recipe_B,ca4e2b3e-360b-4bf9-859c-5118db1a7fff,20,0.0,,,,0.0,0.0,0.0,0.0,0.0,0.0
2025-12-17T03:42:56.801963,Recipe_B,ca4e2b3e-360b-4bf9-859c-5118db1a7fff,20,0.0,,,,0.0,0.0,0.0,0.0,0.0,0.0
2025-12-17T03:42:57.801963,Recipe_B,ca4e2b3e-360b-4bf9-859c-5118db1a7fff,20,0.0,,,,0.0,0.0,0.0,0.0,0.0,0.0
2025-12-17T03:42:58.801963,Recipe_B,ca4e2b3e-360b-4bf9-859c-5118db1a7fff,20,0.0,,,,0.0,0.0,0.0,0.0,0.0,0.0
2025-12-17T03:42:59.801963,Recipe_B,ca4e2b3e-360b-4bf9-859c-5118db1a7fff,20,0.0,,,,0.0,0.0,0.0,0.0,0.0,0.0
2025-12-17T03:43:00.801963,Recipe_B,ca4e2b3e-360b-4bf9-859c-5118db1a7fff,20,0.0,,,,0.0,0.0,0.0,0.0,0.0,0.0
2025-12-17T03:43:01.801963,Recipe_B,ca4e2b3e-360b-4bf9-859c-5118db1a7fff,20,0.0,,,,0.0,0.0,0.0,0.0,0.0,0.0
2025-12-17T03:43:02.801963,Recipe_B,ca4e2b3e-360b-4bf9-859c-5118db1a7fff,20,0.0,,,,0.0,0.0,0.0,0.0,0.0,0.0
2025-12-17T03:43:03.801963,Recipe_B,ca4e2b3e-360b-4bf9-859c-5118db1a7fff,20,0.0,,,,0.0,0.0,0.0,0.0,0.0,0.0
2025-12-17T03:43:04.801963,Recipe_B,ca4e2b3e-360b-4bf9-859c-5118db1a7fff,20,0.0,,,,0.0,0.0,0.0,0.0,0.0,0.0
2025-12-17T03:43:05.801963,Recipe_B,ca4e2b3e-360b-4bf9-859c-5118db1a7fff,20,0.0,,,,0.0,0.0,0.0,0.0,0.0,0.0
2025-12-17T03:43:06.801963,Recipe_B,ca4e2b3e-360b-4bf9-859c-5118db1a7fff,20,0.0,,,,0.0,0.0,0.0,0.0,0.0,0.0
2025-12-17T03:43:07.801963,Recipe_B,ca4e2b3e-360b-4bf9-859c-5118db1a7fff,20,0.0,,,,0.0,0.0,0.0,0.0,0.0,0.0
2025-12-17T03:43:08.801963,Recipe_B,ca4e2b3e-360b-4bf9-859c-5118db1a7fff,20,0.0,,,,0.0,0.0,0.0,0.0,0.0,0.0
2025-12-17T03:43:09.801963,Recipe_B,ca4e2b3e-360b-4bf9-859c-5118db1a7fff,20,0.0,,,,0.0,0.0,0.0,0.0,0.0,0.0
2025-12-17T03:43:10.801963,Recipe_B,ca4e2b3e-360b-4bf9-859c-5118db1a7fff,20,0.0,,,,0.0,0.0,0.0,0.0,0.0,0.0
2025-12-17T03:43:11.801963,Recipe_B,ca4e2b3e-360b-4bf9-859c-5118db1a7fff,20,0.0,,,,0.0,0.0,0.0,0.0,0.0,0.0
2025-12-17T03:43:12.801963,Recipe_B,ca4e2b3e-360b-4bf9-859c-5118db1a7fff,20,0.0,,,,0.0,0.0,0.0,0.0,0.0,0.0
2025-12-17T03:43:13.801963,Recipe_B,ca4e2b3e-360b-4bf9-859c-5118db1a7fff,20,0.0,,,,0.0,0.0,0.0,0.0,0.0,0.0
2025-12-17T03:43:14.801963,Recipe_B,ca4e2b3e-360b-4bf9-859c-5118db1a7fff,20,0.0,,,,0.0,0.0,0.0,0.0,0.0,0.0
2025-12-17T03:43:15.801963,Recipe_B,ca4e2b3e-360b-4bf9-859c-5118db1a7fff,20,0.0,,,,0.0,0.0,0.0,0.0,0.0,0.0
2025-12-17T03:43:16.801963,Recipe_B,ca4e2b3e-360b-4bf9-859c-5118db1a7fff,20,0.0,,,,0.0,0.0,0.0,0.0,0.0,0.0
2025-12-17T03:43:17.801963,Recipe_B,ca4e2b3e-360b-4bf9-859c-5118db1a7fff,20,0.0,,,,0.0,0.0,0.0,0.0,0.0,0.0
2025-12-17T03:43:18.801963,Recipe_B,ca4e2b3e-360b-4bf9-859c-5118db1a7fff,20,0.0,,,,0.0,0.0,0.0,0.0,0.0,0.0
2025-12-17T03:43:19.801963,Recipe_B,ca4e2b3e-360b-4bf9-859c-5118db1a7fff,20,0.0,,,,0.0,0.0,0.0,0.0,0.0,0.0
2025-12-17T03:43:20.801963,Recipe_B,ca4e2b3e-360b-4bf9-859c-5118db1a7fff,20,0.0,,,,0.0,0.0,0.0,0.0,0.0,0.0
2025-12-17T03:43:21.801963,Recipe_B,ca4e2b3e-360b-4bf9-859c-5118db1a7fff,20,0.0,,,,0.0,0.0,0.0,0.0,0.0,0.0
2025-12-17T03:43:22.801963,Recipe_B,ca4e2b3e-360b-4bf9-859c-5118db1a7fff,20,0.0,,,,0.0,0.0,0.0,0.0,0.0,0.0
2025-12-17T03:43:23.801963,Recipe_B,ca4e2b3e-360b-4bf9-859c-5118db1a7fff,20,0.0,,,,0.0,0.0,0.0,0.0,0.0,0.0
2025-12-17T03:43:24.801963,Recipe_B,ca4e2b3e-360b-4bf9-859c-5118db1a7fff,20,0.0,,,,0.0,0.0,0.0,0.0,0.0,0.0
2025-12-17T03:43:25.801963,Recipe_B,ca4e2b3e-360b-4bf9-859c-5118db1a7fff,20,0.0,,,,0.0,0.0,0.0,0.0,0.0,0.0
2025-12-17T03:43:26.801963,Recipe_B,ca4e2b3e-360b-4bf9-859c-5118db1a7fff,20,0.0,,,,0.0,0.0,0.0,0.0,0.0,0.0
2025-12-17T03:43:27.801963,Recipe_B,ca4e2b3e-360b-4bf9-859c-5118db1a7fff,20,0.0,,,,0.0,0.0,0.0,0.0,0.0,0.0
2025-12-17T03:43:28.801963,Recipe_B,ca4e2b3e-360b-4bf9-859c-5118db1a7fff,20,0.0,,,,0.0,0.0,0.0,0.0,0.0,0.0
2025-12-17T03:43:29.801963,Recipe_B,ca4e2b3e-360b-4bf9-859c-5118db1a7fff,20,0.0,,,,0.0,0.0,0.0,0.0,0.0,0.0
2025-12-17T03:43:30.801963,Recipe_B,ca4e2b3e-360b-4bf9-859c-5118db1a7fff,20,0.0,,,,0.0,0.0,0.0,0.0,0.0,0.0
2025-12-17T03:43:31.801963,Recipe_B,ca4e2b3e-360b-4bf9-859c-5118db1a7fff,20,0.0,,,,0.0,0.0,0.0,0.0,0.0,0.0
2025-12-17T03:43:32.801963,Recipe_B,ca4e2b3e-360b-4bf9-859c-5118db1a7fff,20,0.0,,,,0.0,0.0,0.0,0.0,0.0,0.0
2025-12-17T03:43:33.801963,Recipe_B,ca4e2b3e-360b-4bf9-859c-5118db1a7fff,20,0.0,,,,0.0,0.0,0.0,0.0,0.0,0.0
2025-12-17T03:43:34.801963,Recipe_B,ca4e2b3e-360b-4bf9-859c-5118db1a7fff,20,0.0,,,,0.0,0.0,0.0,0.0,0.0,0.0
2025-12-17T03:43:35.801963,Recipe_B,ca4e2b3e-360b-4bf9-859c-5118db1a7fff,20,0.0,,,,0.0,0.0,0.0,0.0,0.0,0.0
2025-12-17T03:43:36.801963,Recipe_B,ca4e2b3e-360b-4bf9-859c-5118db1a7fff,20,0.0,,,,0.0,0.0,0.0,0.0,0.0,0.0
2025-12-17T03:43:37.801963,Recipe_B,ca4e2b3e-360b-4bf9-859c-5118db1a7fff,20,0.0,,,,0.0,0.0,0.0,0.0,0.0,0.0
2025-12-17T03:43:38.801963,Recipe_B,ca4e2b3e-360b-4bf9-859c-5118db1a7fff,20,0.0,,,,0.0,0.0,0.0,0.0,0.0,0.0
2025-12-17T03:43:39.801963,Recipe_B,ca4e2b3e-360b-4bf9-859c-5118db1a7fff,20,0.0,,,,0.0,0.0,0.0,0.0,0.0,0.0
2025-12-17T03:43:40.801963,Recipe_B,ca4e2b3e-360b-4bf9-859c-5118db1a7fff,20,4.0,,,,106.53,50.72,54.2,43.99,46.26,53.73
2025-12-17T03:43:41.801963,Recipe_B,ca4e2b3e-360b-4bf9-859c-5118db1a7fff,20,4.0,,,,103.18,53.92,48.83,52.51,55.31,47.39
2025-12-17T03:43:42.801963,Recipe_B,ca4e2b3e-360b-4bf9-859c-5118db1a7fff,20,4.0,,,,103.19,40.68,55.44,47.57,50.28,42.15
2025-12-17T03:43:43.801963,Recipe_B,ca4e2b3e-360b-4bf9-859c-5118db1a7fff,20,4.0,,,,99.84,46.94,59.87,58.0,43.51,54.47
2025-12-17T03:43:44.801963,Recipe_B,ca4e2b3e-360b-4bf9-859c-5118db1a7fff,20,4.0,,,,108.4,57.97,58.19,45.7,53.68,40.23
2025-12-17T03:43:45.801963,Recipe_B,ca4e2b3e-360b-4bf9-859c-5118db1a7fff,20,4.0,,,,90.61,54.74,52.04,52.6,44.26,51.6
2025-12-17T03:43:46.801963,Recipe_B,ca4e2b3e-360b-4bf9-859c-5118db1a7fff,20,4.0,,,,101.23,52.39,58.57,47.26,53.18,48.44
2025-12-17T03:43:47.801963,Recipe_B,ca4e2b3e-360b-4bf9-859c-5118db1a7fff,20,4.0,,,,113.71,53.66,45.13,47.32,46.06,55.9
2025-12-17T03:43:48.801963,Recipe_B,ca4e2b3e-360b-4bf9-859c-5118db1a7fff,20,4.0,,,,97.3,45.2,50.54,55.62,50.11,59.5
2025-12-17T03:43:49.801963,Recipe_B,ca4e2b3e-360b-4bf9-859c-5118db1a7fff,20,4.0,,,,91.59,52.55,44.77,57.51,45.64,47.89
2025-12-17T03:43:50.801963,Recipe_B,ca4e2b3e-360b-4bf9-859c-5118db1a7fff,20,4.0,,,,107.64,48.57,41.82,47.98,41.59,43.84
2025-12-17T03:43:51.801963,Recipe_B,ca4e2b3e-360b-4bf9-859c-5118db1a7fff,20,4.0,,,,91.97,50.26,50.82,55.92,48.7,49.47
2025-12-17T03:43:52.801963,Recipe_B,ca4e2b3e-360b-4bf9-859c-5118db1a7fff,20,4.0,,,,104.1,48.22,43.85,53.79,43.78,57.45
2025-12-17T03:43:53.801963,Recipe_B,ca4e2b3e-360b-4bf9-859c-5118db1a7fff,20,4.0,,,,98.83,57.23,42.5,48.92,51.32,54.92
2025-12-17T03:43:54.801963,Recipe_B,ca4e2b3e-360b-4bf9-859c-5118db1a7fff,20,4.0,,,,107.78,57.52,48.19,58.21,50.7,56.25
2025-12-17T03:43:55.801963,Recipe_B,ca4e2b3e-360b-4bf9-859c-5118db1a7fff,20,4.0,,,,97.04,51.46,40.97,57.83,43.25,47.41
2025-12-17T03:43:56.801963,Recipe_B,ca4e2b3e-360b-4bf9-859c-5118db1a7fff,20,2.0,,,,10.84,13.68,7.8,8.34,6.41,11.51
2025-12-17T03:43:57.801963,Recipe_B,ca4e2b3e-360b-4bf9-859c-5118db1a7fff,20,2.0,,,,9.55,7.62,9.49,12.44,9.37,10.46
2025-12-17T03:43:58.801963,Recipe_B,ca4e2b3e-360b-4bf9-859c-5118db1a7fff,20,2.0,,,,11.3,6.32,11.07,8.44,11.33,10.02
2025-12-17T03:43:59.801963,Recipe_B,ca4e2b3e-360b-4bf9-859c-5118db1a7fff,20,2.0,,,,11.34,9.03,10.94,6.94,12.29,8.62
2025-12-17T03:44:00.801963,Recipe_B,ca4e2b3e-360b-4bf9-859c-5118db1a7fff,20,2.0,,,,10.24,7.53,10.8,13.94,10.85,9.13
2025-12-17T03:44:01.801963,Recipe_B,ca4e2b3e-360b-4bf9-859c-5118db1a7fff,20,2.0,,,,8.77,10.6,12.52,10.97,12.27,10.28
2025-12-17T03:44:02.801963,Recipe_B,ca4e2b3e-360b-4bf9-859c-5118db1a7fff,20,2.0,,,,9.29,6.93,9.14,13.68,13.2,9.98
2025-12-17T03:44:03.801963,Recipe_B,ca4e2b3e-360b-4bf9-859c-5118db1a7fff,20,4.0,,,,106.23,44.11,51.04,52.16,42.42,42.99
2025-12-17T03:44:04.801963,Recipe_B,ca4e2b3e-360b-4bf9-859c-5118db1a7fff,20,4.0,,,,107.7,52.52,55.39,48.39,45.33,46.68
2025-12-17T03:44:05.801963,Recipe_B,ca4e2b3e-360b-4bf9-859c-5118db1a7fff,20,4.0,,,,100.08,53.91,59.4,56.53,53.19,45.86
2025-12-17T03:44:06.801963,Recipe_B,ca4e2b3e-360b-4bf9-859c-5118db1a7fff,20,4.0,,,,102.36,48.32,58.76,51.79,43.47,43.77
2025-12-17T03:44:07.801963,Recipe_B,ca4e2b3e-360b-4bf9-859c-5118db1a7fff,20,4.0,,,,105.8,51.9,51.36,52.88,50.67,56.83
2025-12-17T03:44:08.801963,Recipe_B,ca4e2b3e-360b-4bf9-859c-5118db1a7fff,20,4.0,,,,93.38,47.58,47.75,43.26,52.8,54.59
2025-12-17T03:44:09.801963,Recipe_B,ca4e2b3e-360b-4bf9-859c-5118db1a7fff,20,4.0,,,,88.59,43.67,66.45,61.74,51.62,48.78
2025-12-17T03:44:10.801963,Recipe_B,ca4e2b3e-360b-4bf9-859c-5118db1a7fff,20,4.0,,,,95.8,54.27,51.8,45.11,53.0,50.06
2025-12-17T03:44:11.801963,Recipe_B,ca4e2b3e-360b-4bf9-859c-5118db1a7fff,20,4.0,,,,96.38,44.26,55.26,39.85,56.55,39.8
2025-12-17T03:44:12.801963,Recipe_B,ca4e2b3e-360b-4bf9-859c-5118db1a7fff,20,4.0,,,,104.88,61.11,48.84,52.43,45.1,49.2
2025-12-17T03:44:13.801963,Recipe_B,ca4e2b3e-360b-4bf9-859c-5118db1a7fff,20,4.0,,,,96.74,49.59,50.79,48.92,50.62,50.5
2025-12-17T03:44:14.801963,Recipe_B,ca4e2b3e-360b-4bf9-859c-5118db1a7fff,20,4.0,,,,108.95,43.99,44.23,46.76,48.9,49.12
2025-12-17T03:44:15.801963,Recipe_B,ca4e2b3e-360b-4bf9-859c-5118db1a7fff,20,4.0,,,,99.37,47.96,55.02,46.54,51.37,48.83
2025-12-17T03:44:16.801963,Recipe_B,ca4e2b3e-360b-4bf9-859c-5118db1a7fff,20,4.0,,,,86.69,47.61,44.96,49.92,42.85,47.64
2025-12-17T03:44:17.801963,Recipe_B,ca4e2b3e-360b-4bf9-859c-5118db1a7fff,20,4.0,,,,101.45,49.89,56.2,51.65,49.49,59.17
2025-12-17T03:44:18.801963,Recipe_B,ca4e2b3e-360b-4bf9-859c-5118db1a7fff,20,4.0,,,,89.55,51.09,41.44,54.32,46.43,47.6
2025-12-17T03:44:19.801963,Recipe_B,ca4e2b3e-360b-4bf9-859c-5118db1a7fff,20,4.0,,,,93.68,52.47,54.02,47.02,49.95,48.48
2025-12-17T03:44:20.801963,Recipe_B,ca4e2b3e-360b-4bf9-859c-5118db1a7fff,20,4.0,,,,96.72,62.61,47.45,53.58,44.85,48.97
2025-12-17T03:44:21.801963,Recipe_B,ca4e2b3e-360b-4bf9-859c-5118db1a7fff,20,4.0,,,,103.58,53.05,55.34,51.71,56.23,43.17
2025-12-17T03:44:22.801963,Recipe_B,ca4e2b3e-360b-4bf9-859c-5118db1a7fff,20,4.0,,,,97.32,53.71,45.09,44.34,45.93,54.43
2025-12-17T03:44:23.801963,Recipe_B,ca4e2b3e-360b-4bf9-859c-5118db1a7fff,20,4.0,,,,103.71,45.75,46.61,53.92,59.88,51.81
2025-12-17T03:44:24.801963,Recipe_B,ca4e2b3e-360b-4bf9-859c-5118db1a7fff,20,4.0,,,,103.72,53.25,55.27,49.43,45.21,49.56
2025-12-17T03:44:25.801963,Recipe_B,ca4e2b3e-360b-4bf9-859c-5118db1a7fff,20,4.0,,,,114.91,54.5,40.01,58.36,55.1,50.61
2025-12-17T03:44:26.801963,Recipe_B,ca4e2b3e-360b-4bf9-859c-5118db1a7fff,20,4.0,,,,109.6,55.38,42.05,44.44,54.42,54.1
2025-12-17T03:44:27.801963,Recipe_B,ca4e2b3e-360b-4bf9-859c-5118db1a7fff,20,4.0,,,,107.95,53.81,52.69,42.08,45.43,48.99
2025-12-17T03:44:28.801963,Recipe_B,ca4e2b3e-360b-4bf9-859c-5118db1a7fff,20,4.0,,,,94.07,49.56,45.71,48.06,50.51,47.62
2025-12-17T03:44:29.801963,Recipe_B,ca4e2b3e-360b-4bf9-859c-5118db1a7fff,20,4.0,,,,103.37,55.57,47.1,60.43,53.18,53.91
2025-12-17T03:44:30.801963,Recipe_B,ca4e2b3e-360b-4bf9-859c-5118db1a7fff,20,4.0,,,,97.01,44.06,45.25,48.93,48.96,42.12
2025-12-17T03:44:31.801963,Recipe_B,ca4e2b3e-360b-4bf9-859c-5118db1a7fff,20,1.0,,,,5.3,10.37,9.4,8.25,9.03,10.99
2025-12-17T03:44:32.801963,Recipe_B,ca4e2b3e-360b-4bf9-859c-5118db1a7fff,20,1.0,,,,9.29,11.17,3.63,8.71,11.61,9.12
2025-12-17T03:44:33.801963,Recipe_B,ca4e2b3e-360b-4bf9-859c-5118db1a7fff,20,1.0,,,,8.46,10.32,9.71,13.9,12.76,5.57
2025-12-17T03:44:34.801963,Recipe_B,ca4e2b3e-360b-4bf9-859c-5118db1a7fff,20,1.0,,,,10.19,9.45,7.78,11.96,10.82,8.39
2025-12-17T03:44:35.801963,Recipe_B,ca4e2b3e-360b-4bf9-859c-5118db1a7fff,20,1.0,,,,8.1,10.54,8.12,14.39,8.41,10.0
2025-12-17T03:44:36.801963,Recipe_B,ca4e2b3e-360b-4bf9-859c-5118db1a7fff,20,1.0,,,,5.25,9.84,12.7,8.85,13.77,9.61
2025-12-17T03:44:37.801963,Recipe_B,ca4e2b3e-360b-4bf9-859c-5118db1a7fff,20,1.0,,,,9.15,8.69,14.04,8.95,6.92,10.85
2025-12-17T03:44:38.801963,Recipe_B,ca4e2b3e-360b-4bf9-859c-5118db1a7fff,20,1.0,,,,12.95,9.3,9.92,9.62,11.48,13.77
2025-12-17T03:44:39.801963,Recipe_B,ca4e2b3e-360b-4bf9-859c-5118db1a7fff,20,1.0,,,,11.16,9.93,9.95,10.9,12.14,10.15
2025-12-17T03:44:40.801963,Recipe_B,ca4e2b3e-360b-4bf9-859c-5118db1a7fff,20,1.0,,,,11.55,10.08,4.42,10.23,7.32,11.13
2025-12-17T03:44:41.801963,Recipe_B,ca4e2b3e-360b-4bf9-859c-5118db1a7fff,20,1.0,,,,8.99,15.55,8.68,9.35,14.96,9.01
2025-12-17T03:44:42.801963,Recipe_B,ca4e2b3e-360b-4bf9-859c-5118db1a7fff,20,1.0,,,,11.59,12.08,10.31,13.17,11.74,7.45
2025-12-17T03:44:43.801963,Recipe_B,ca4e2b3e-360b-4bf9-859c-5118db1a7fff,20,1.0,,,,12.36,6.29,7.46,10.55,10.99,8.79
2025-12-17T03:44:44.801963,Recipe_B,ca4e2b3e-360b-4bf9-859c-5118db1a7fff,20,1.0,,,,8.52,12.62,9.71,7.33,7.44,12.22
2025-12-17T03:44:45.801963,Recipe_B,ca4e2b3e-360b-4bf9-859c-5118db1a7fff,20,5.0,,,,11.45,9.95,13.33,10.05,9.09,7.15
2025-12-17T03:44:46.801963,Recipe_B,ca4e2b3e-360b-4bf9-859c-5118db1a7fff,20,5.0,,,,12.63,11.5,10.87,13.84,12.61,9.04
2025-12-17T03:44:47.801963,Recipe_B,ca4e2b3e-360b-4bf9-859c-5118db1a7fff,20,5.0,,,,7.75,8.51,6.68,9.65,11.84,11.62
2025-12-17T03:44:48.801963,Recipe_B,ca4e2b3e-360b-4bf9-859c-5118db1a7fff,20,5.0,,,,9.7,7.83,6.61,8.35,12.8,9.53
2025-12-17T03:44:49.801963,Recipe_B,ca4e2b3e-360b-4bf9-859c-5118db1a7fff,20,5.0,,,,10.92,11.04,7.41,10.59,8.34,10.4
2025-12-17T03:44:50.801963,Recipe_B,ca4e2b3e-360b-4bf9-859c-5118db1a7fff,20,5.0,,,,10.36,7.69,9.42,14.97,8.25,10.42
2025-12-17T03:44:51.801963,Recipe_B,ca4e2b3e-360b-4bf9-859c-5118db1a7fff,20,5.0,,,,10.53,6.61,7.9,11.3,9.21,9.95
2025-12-17T03:44:52.801963,Recipe_B,ca4e2b3e-360b-4bf9-859c-5118db1a7fff,20,5.0,,,,10.6,12.4,8.15,9.25,8.81,10.87
2025-12-17T03:44:53.801963,Recipe_B,ca4e2b3e-360b-4bf9-859c-5118db1a7fff,20,5.0,,,,11.9,8.68,8.26,12.46,10.9,12.02
2025-12-17T03:44:54.801963,Recipe_B,ca4e2b3e-360b-4bf9-859c-5118db1a7fff,20,5.0,,,,10.82,6.96,8.74,9.35,9.62,9.04
2025-12-17T03:44:54.801963,Recipe_B,ca4e2b3e-360b-4bf9-859c-5118db1a7fff,20,5.0,Warning_10,Simulated Warning occurred,Warning,,,,,,
2025-12-17T03:44:55.801963,Recipe_B,ca4e2b3e-360b-4bf9-859c-5118db1a7fff,20,5.0,,,,6.35,9.57,8.65,10.66,13.12,11.88
2025-12-17T03:44:56.801963,Recipe_B,ca4e2b3e-360b-4bf9-859c-5118db1a7fff,20,5.0,,,,9.84,7.41,9.63,8.02,7.61,10.88
2025-12-17T03:44:57.801963,Recipe_B,ca4e2b3e-360b-4bf9-859c-5118db1a7fff,20,5.0,,,,9.27,11.18,10.86,8.78,12.48,8.4
2025-12-17T03:44:58.801963,Recipe_B,ca4e2b3e-360b-4bf9-859c-5118db1a7fff,20,5.0,,,,10.39,10.89,9.96,10.38,6.65,7.84
2025-12-17T03:44:59.801963,Recipe_B,ca4e2b3e-360b-4bf9-859c-5118db1a7fff,20,5.0,,,,7.58,9.51,9.64,9.42,11.24,7.2
2025-12-17T03:45:00.801963,Recipe_B,ca4e2b3e-360b-4bf9-859c-5118db1a7fff,20,5.0,,,,11.68,12.35,10.97,7.88,6.58,11.07
2025-12-17T03:45:01.801963,Recipe_B,ca4e2b3e-360b-4bf9-859c-5118db1a7fff,20,5.0,,,,13.08,9.66,5.65,9.77,8.37,11.7
2025-12-17T03:45:02.801963,Recipe_B,ca4e2b3e-360b-4bf9-859c-5118db1a7fff,20,5.0,,,,8.48,11.62,9.33,7.65,6.79,8.71
2025-12-17T03:45:03.801963,Recipe_B,ca4e2b3e-360b-4bf9-859c-5118db1a7fff,20,5.0,,,,11.65,6.29,11.37,11.09,9.8,9.06
2025-12-17T03:45:04.801963,Recipe_B,ca4e2b3e-360b-4bf9-859c-5118db1a7fff,20,5.0,,,,9.68,12.77,11.69,11.57,8.11,10.47
2025-12-17T03:45:05.801963,Recipe_B,ca4e2b3e-360b-4bf9-859c-5118db1a7fff,20,5.0,,,,6.76,9.8,7.63,8.65,8.68,11.68
2025-12-17T03:45:06.801963,Recipe_B,ca4e2b3e-360b-4bf9-859c-5118db1a7fff,20,5.0,,,,11.8,8.61,7.07,9.21,7.64,12.68
2025-12-17T03:45:07.801963,Recipe_B,ca4e2b3e-360b-4bf9-859c-5118db1a7fff,20,5.0,,,,10.88,13.65,12.32,8.41,9.69,11.86
2025-12-17T03:45:08.801963,Recipe_B,ca4e2b3e-360b-4bf9-859c-5118db1a7fff,20,5.0,,,,10.69,9.04,8.54,9.62,10.64,11.96
2025-12-17T03:45:09.801963,Recipe_B,ca4e2b3e-360b-4bf9-859c-5118db1a7fff,20,5.0,,,,10.67,11.32,9.27,7.97,9.48,11.3
2025-12-17T03:45:10.801963,Recipe_B,ca4e2b3e-360b-4bf9-859c-5118db1a7fff,20,5.0,,,,9.03,8.33,11.52,10.54,9.69,8.69
2025-12-17T03:45:11.801963,Recipe_B,ca4e2b3e-360b-4bf9-859c-5118db1a7fff,20,5.0,,,,9.67,11.49,11.73,9.55,9.92,11.45
2025-12-17T03:45:12.801963,Recipe_B,ca4e2b3e-360b-4bf9-859c-5118db1a7fff,20,5.0,,,,9.19,8.18,12.95,10.27,10.02,9.13
2025-12-17T03:45:13.801963,Recipe_B,ca4e2b3e-360b-4bf9-859c-5118db1a7fff,20,5.0,,,,6.73,9.36,6.46,9.71,10.36,11.42
2025-12-17T03:45:14.801963,Recipe_B,ca4e2b3e-360b-4bf9-859c-5118db1a7fff,20,5.0,,,,9.03,9.5,9.95,6.34,13.77,7.4
2025-12-17T03:45:15.801963,Recipe_B,ca4e2b3e-360b-4bf9-859c-5118db1a7fff,20,5.0,,,,12.12,11.39,12.61,7.1,9.96,9.1
2025-12-17T03:45:16.801963,Recipe_B,ca4e2b3e-360b-4bf9-859c-5118db1a7fff,20,5.0,,,,10.86,11.55,12.81,10.24,11.99,10.7
2025-12-17T03:45:17.801963,Recipe_B,ca4e2b3e-360b-4bf9-859c-5118db1a7fff,20,5.0,,,,11.2,12.0,10.92,9.39,4.23,9.66
2025-12-17T03:45:18.801963,Recipe_B,ca4e2b3e-360b-4bf9-859c-5118db1a7fff,20,5.0,,,,14.18,11.03,10.08,13.22,10.17,7.11
2025-12-17T03:45:19.801963,Recipe_B,ca4e2b3e-360b-4bf9-859c-5118db1a7fff,20,5.0,,,,8.79,10.75,9.09,10.52,8.6,12.56
2025-12-17T03:45:20.801963,Recipe_B,ca4e2b3e-360b-4bf9-859c-5118db1a7fff,20,5.0,,,,11.38,9.63,11.42,8.32,8.78,9.71
2025-12-17T03:45:21.801963,Recipe_B,ca4e2b3e-360b-4bf9-859c-5118db1a7fff,20,5.0,,,,13.94,13.47,12.79,7.42,11.04,10.53
2025-12-17T03:45:22.801963,Recipe_B,ca4e2b3e-360b-4bf9-859c-5118db1a7fff,20,5.0,,,,14.17,8.02,7.58,9.25,11.4,10.72
2025-12-17T03:45:23.801963,Recipe_B,ca4e2b3e-360b-4bf9-859c-5118db1a7fff,20,5.0,,,,8.79,10.25,9.96,10.19,8.73,9.9
2025-12-17T03:45:24.801963,Recipe_B,ca4e2b3e-360b-4bf9-859c-5118db1a7fff,20,5.0,,,,11.05,6.44,10.39,7.73,10.41,8.51
2025-12-17T03:45:25.801963,Recipe_B,ca4e2b3e-360b-4bf9-859c-5118db1a7fff,20,5.0,,,,11.2,12.56,11.07,12.53,12.3,9.34
2025-12-17T03:45:26.801963,Recipe_B,ca4e2b3e-360b-4bf9-859c-5118db1a7fff,20,5.0,,,,12.08,12.18,8.67,11.64,12.29,9.36
2025-12-17T03:45:27.801963,Recipe_B,ca4e2b3e-360b-4bf9-859c-5118db1a7fff,20,5.0,,,,10.64,8.52,10.84,9.04,9.84,12.36
2025-12-17T03:45:28.801963,Recipe_B,ca4e2b3e-360b-4bf9-859c-5118db1a7fff,20,5.0,,,,10.14,8.27,8.78,10.76,5.5,12.3
2025-12-17T03:45:29.801963,Recipe_B,ca4e2b3e-360b-4bf9-859c-5118db1a7fff,20,5.0,,,,4.73,10.55,9.27,6.44,7.43,12.47
2025-12-17T03:45:30.801963,Recipe_B,ca4e2b3e-360b-4bf9-859c-5118db1a7fff,20,5.0,,,,7.76,11.48,6.17,7.62,12.29,10.66
2025-12-17T03:45:31.801963,Recipe_B,ca4e2b3e-360b-4bf9-859c-5118db1a7fff,20,5.0,,,,13.87,9.03,10.96,6.7,11.47,10.73
2025-12-17T03:45:32.801963,Recipe_B,ca4e2b3e-360b-4bf9-859c-5118db1a7fff,20,5.0,,,,7.27,11.09,9.58,11.18,10.97,9.4
2025-12-17T03:45:33.801963,Recipe_B,ca4e2b3e-360b-4bf9-859c-5118db1a7fff,20,5.0,,,,8.04,11.19,13.75,6.95,10.23,9.55
2025-12-17T03:45:34.801963,Recipe_B,ca4e2b3e-360b-4bf9-859c-5118db1a7fff,20,5.0,,,,9.06,5.7,8.1,8.23,8.43,6.17
2025-12-17T03:45:35.801963,Recipe_B,ca4e2b3e-360b-4bf9-859c-5118db1a7fff,20,5.0,,,,11.23,12.46,7.22,9.23,9.85,11.2
2025-12-17T03:45:36.801963,Recipe_B,ca4e2b3e-360b-4bf9-859c-5118db1a7fff,20,5.0,,,,10.11,7.01,6.24,8.12,10.86,8.75
2025-12-17T03:45:37.801963,Recipe_B,ca4e2b3e-360b-4bf9-859c-5118db1a7fff,20,5.0,,,,11.74,12.08,12.53,9.59,12.34,11.63
2025-12-17T03:45:38.801963,Recipe_B,ca4e2b3e-360b-4bf9-859c-5118db1a7fff,20,5.0,,,,11.14,8.37,15.15,6.37,9.69,7.01
2025-12-17T03:45:39.801963,Recipe_B,ca4e2b3e-360b-4bf9-859c-5118db1a7fff,20,5.0,,,,9.44,12.38,8.19,9.62,11.0,8.84
2025-12-17T03:45:40.801963,Recipe_B,ca4e2b3e-360b-4bf9-859c-5118db1a7fff,20,5.0,,,,10.7,9.63,7.78,9.54,12.22,8.02
2025-12-17T03:45:41.801963,Recipe_B,ca4e2b3e-360b-4bf9-859c-5118db1a7fff,20,5.0,,,,9.73,8.46,7.8,7.46,9.33,12.88
2025-12-17T03:45:42.801963,Recipe_B,ca4e2b3e-360b-4bf9-859c-5118db1a7fff,20,5.0,,,,13.88,10.5,13.06,9.2,11.51,8.69
2025-12-17T03:45:43.801963,Recipe_B,ca4e2b3e-360b-4bf9-859c-5118db1a7fff,20,5.0,,,,12.86,9.98,11.32,9.28,8.26,7.76
2025-12-17T03:45:44.801963,Recipe_B,ca4e2b3e-360b-4bf9-859c-5118db1a7fff,20,5.0,,,,9.54,11.91,9.98,11.53,4.77,9.23
2025-12-17T03:45:45.801963,Recipe_B,ca4e2b3e-360b-4bf9-859c-5118db1a7fff,20,5.0,,,,13.63,7.71,9.66,8.84,7.46,9.27
2025-12-17T03:45:46.801963,Recipe_B,ca4e2b3e-360b-4bf9-859c-5118db1a7fff,20,5.0,,,,7.53,10.18,12.39,11.73,7.32,8.1
2025-12-17T03:45:47.801963,Recipe_B,ca4e2b3e-360b-4bf9-859c-5118db1a7fff,20,5.0,,,,9.1,4.81,8.08,8.98,12.41,7.2
2025-12-17T03:45:48.801963,Recipe_B,ca4e2b3e-360b-4bf9-859c-5118db1a7fff,20,5.0,,,,5.56,11.75,10.82,10.52,8.91,11.88
2025-12-17T03:45:49.801963,Recipe_B,ca4e2b3e-360b-4bf9-859c-5118db1a7fff,20,5.0,,,,9.37,12.31,14.4,8.37,9.32,13.95
2025-12-17T03:45:49.801963,Recipe_B,ca4e2b3e-360b-4bf9-859c-5118db1a7fff,20,5.0,Warning_7,Simulated Warning occurred,Warning,,,,,,
2025-12-17T03:45:50.801963,Recipe_B,ca4e2b3e-360b-4bf9-859c-5118db1a7fff,20,5.0,,,,4.6,8.56,13.2,9.28,9.01,8.71
2025-12-17T03:45:50.801963,Recipe_B,ca4e2b3e-360b-4bf9-859c-5118db1a7fff,20,5.0,Warning_8,Simulated Warning occurred,Warning,,,,,,
2025-12-17T03:45:51.801963,Recipe_B,ca4e2b3e-360b-4bf9-859c-5118db1a7fff,20,5.0,,,,10.7,12.6,9.7,11.65,12.91,11.81
2025-12-17T03:45:52.801963,Recipe_B,ca4e2b3e-360b-4bf9-859c-5118db1a7fff,20,5.0,,,,9.78,9.84,8.29,12.0,9.56,3.83
2025-12-17T03:45:53.801963,Recipe_B,ca4e2b3e-360b-4bf9-859c-5118db1a7fff,20,5.0,,,,8.42,9.63,10.91,9.29,11.65,9.94
2025-12-17T03:45:54.801963,Recipe_B,ca4e2b3e-360b-4bf9-859c-5118db1a7fff,20,5.0,,,,9.85,10.32,9.77,5.22,10.84,5.66
2025-12-17T03:45:55.801963,Recipe_B,ca4e2b3e-360b-4bf9-859c-5118db1a7fff,20,5.0,,,,9.53,7.68,8.21,9.27,9.53,7.96
2025-12-17T03:45:56.801963,Recipe_B,ca4e2b3e-360b-4bf9-859c-5118db1a7fff,20,5.0,,,,10.53,8.38,10.64,8.73,11.01,9.99
2025-12-17T03:45:57.801963,Recipe_B,ca4e2b3e-360b-4bf9-859c-5118db1a7fff,20,5.0,,,,8.43,6.89,11.04,10.82,12.89,11.74
2025-12-17T03:45:58.801963,Recipe_B,ca4e2b3e-360b-4bf9-859c-5118db1a7fff,20,0.0,,,,0.0,0.0,0.0,0.0,0.0,0.0
2025-12-17T03:45:59.801963,Recipe_B,ca4e2b3e-360b-4bf9-859c-5118db1a7fff,20,0.0,,,,0.0,0.0,0.0,0.0,0.0,0.0
2025-12-17T03:46:00.801963,Recipe_B,ca4e2b3e-360b-4bf9-859c-5118db1a7fff,20,0.0,,,,0.0,0.0,0.0,0.0,0.0,0.0
2025-12-17T03:46:01.801963,Recipe_B,ca4e2b3e-360b-4bf9-859c-5118db1a7fff,20,0.0,,,,0.0,0.0,0.0,0.0,0.0,0.0
2025-12-17T03:46:02.801963,Recipe_B,ca4e2b3e-360b-4bf9-859c-5118db1a7fff,20,0.0,,,,0.0,0.0,0.0,0.0,0.0,0.0
2025-12-17T03:46:03.801963,Recipe_B,ca4e2b3e-360b-4bf9-859c-5118db1a7fff,20,0.0,,,,0.0,0.0,0.0,0.0,0.0,0.0
2025-12-17T03:46:04.801963,Recipe_B,ca4e2b3e-360b-4bf9-859c-5118db1a7fff,20,0.0,,,,0.0,0.0,0.0,0.0,0.0,0.0
2025-12-17T03:46:05.801963,Recipe_B,ca4e2b3e-360b-4bf9-859c-5118db1a7fff,20,0.0,,,,0.0,0.0,0.0,0.0,0.0,0.0
2025-12-17T03:46:06.801963,Recipe_B,ca4e2b3e-360b-4bf9-859c-5118db1a7fff,20,0.0,,,,0.0,0.0,0.0,0.0,0.0,0.0
2025-12-17T03:46:07.801963,Recipe_B,ca4e2b3e-360b-4bf9-859c-5118db1a7fff,20,0.0,,,,0.0,0.0,0.0,0.0,0.0,0.0
2025-12-17T03:46:08.801963,Recipe_B,ca4e2b3e-360b-4bf9-859c-5118db1a7fff,20,0.0,,,,0.0,0.0,0.0,0.0,0.0,0.0
2025-12-17T03:46:09.801963,Recipe_B,ca4e2b3e-360b-4bf9-859c-5118db1a7fff,20,0.0,,,,0.0,0.0,0.0,0.0,0.0,0.0
2025-12-17T03:46:10.801963,Recipe_B,ca4e2b3e-360b-4bf9-859c-5118db1a7fff,20,0.0,,,,0.0,0.0,0.0,0.0,0.0,0.0
2025-12-17T03:46:11.801963,Recipe_B,ca4e2b3e-360b-4bf9-859c-5118db1a7fff,20,0.0,,,,0.0,0.0,0.0,0.0,0.0,0.0
2025-12-17T03:46:12.801963,Recipe_B,ca4e2b3e-360b-4bf9-859c-5118db1a7fff,20,0.0,,,,0.0,0.0,0.0,0.0,0.0,0.0
2025-12-17T03:46:13.801963,Recipe_B,ca4e2b3e-360b-4bf9-859c-5118db1a7fff,20,1.0,,,,7.18,9.07,11.04,13.2,9.51,12.58
2025-12-17T03:46:14.801963,Recipe_B,ca4e2b3e-360b-4bf9-859c-5118db1a7fff,20,1.0,,,,9.28,10.25,11.03,14.72,10.26,9.54
2025-12-17T03:46:15.801963,Recipe_B,ca4e2b3e-360b-4bf9-859c-5118db1a7fff,20,1.0,,,,9.58,11.32,8.18,13.93,14.01,12.53
2025-12-17T03:46:16.801963,Recipe_B,ca4e2b3e-360b-4bf9-859c-5118db1a7fff,20,1.0,,,,8.49,7.87,10.27,6.97,8.87,9.53
2025-12-17T03:46:17.801963,Recipe_B,ca4e2b3e-360b-4bf9-859c-5118db1a7fff,20,1.0,,,,9.7,11.12,13.36,9.62,12.1,10.49
2025-12-17T03:46:18.801963,Recipe_B,ca4e2b3e-360b-4bf9-859c-5118db1a7fff,20,0.0,,,,0.0,0.0,0.0,0.0,0.0,0.0
2025-12-17T03:46:19.801963,Recipe_B,ca4e2b3e-360b-4bf9-859c-5118db1a7fff,20,0.0,,,,0.0,0.0,0.0,0.0,0.0,0.0
2025-12-17T03:46:20.801963,Recipe_B,ca4e2b3e-360b-4bf9-859c-5118db1a7fff,20,0.0,,,,0.0,0.0,0.0,0.0,0.0,0.0
2025-12-17T03:46:21.801963,Recipe_B,ca4e2b3e-360b-4bf9-859c-5118db1a7fff,20,0.0,,,,0.0,0.0,0.0,0.0,0.0,0.0
2025-12-17T03:46:22.801963,Recipe_B,ca4e2b3e-360b-4bf9-859c-5118db1a7fff,20,0.0,,,,0.0,0.0,0.0,0.0,0.0,0.0
2025-12-17T03:46:23.801963,Recipe_B,ca4e2b3e-360b-4bf9-859c-5118db1a7fff,20,0.0,,,,0.0,0.0,0.0,0.0,0.0,0.0
2025-12-17T03:46:24.801963,Recipe_B,ca4e2b3e-360b-4bf9-859c-5118db1a7fff,20,0.0,,,,0.0,0.0,0.0,0.0,0.0,0.0
2025-12-17T03:46:25.801963,Recipe_B,ca4e2b3e-360b-4bf9-859c-5118db1a7fff,20,4.0,,,,95.63,55.64,55.66,49.17,52.78,46.88
2025-12-17T03:46:26.801963,Recipe_B,ca4e2b3e-360b-4bf9-859c-5118db1a7fff,20,4.0,,,,95.9,52.67,53.53,49.92,44.04,46.83
2025-12-17T03:46:27.801963,Recipe_B,ca4e2b3e-360b-4bf9-859c-5118db1a7fff,20,4.0,,,,98.15,52.12,47.59,45.29,50.55,40.68
2025-12-17T03:46:28.801963,Recipe_B,ca4e2b3e-360b-4bf9-859c-5118db1a7fff,20,4.0,,,,109.89,52.29,49.15,51.55,50.5,53.19
2025-12-17T03:46:29.801963,Recipe_B,ca4e2b3e-360b-4bf9-859c-5118db1a7fff,20,4.0,,,,102.14,50.03,50.58,47.7,46.53,52.88
2025-12-17T03:46:30.801963,Recipe_B,ca4e2b3e-360b-4bf9-859c-5118db1a7fff,20,4.0,,,,101.7,56.76,51.21,45.76,54.28,47.04
2025-12-17T03:46:31.801963,Recipe_B,ca4e2b3e-360b-4bf9-859c-5118db1a7fff,20,4.0,,,,103.86,47.17,48.05,60.45,48.81,45.04
2025-12-17T03:46:32.801963,Recipe_B,ca4e2b3e-360b-4bf9-859c-5118db1a7fff,20,4.0,,,,100.34,48.44,51.52,55.72,47.87,49.52
2025-12-17T03:46:33.801963,Recipe_B,ca4e2b3e-360b-4bf9-859c-5118db1a7fff,20,4.0,,,,94.88,52.52,45.71,46.98,44.04,49.71
2025-12-17T03:46:34.801963,Recipe_B,ca4e2b3e-360b-4bf9-859c-5118db1a7fff,20,4.0,,,,100.52,55.71,47.43,43.17,40.07,41.61
2025-12-17T03:46:35.801963,Recipe_B,ca4e2b3e-360b-4bf9-859c-5118db1a7fff,20,4.0,,,,95.5,44.87,47.26,52.49,53.4,49.6
2025-12-17T03:46:36.801963,Recipe_B,ca4e2b3e-360b-4bf9-859c-5118db1a7fff,20,4.0,,,,96.45,52.12,39.05,53.95,52.79,44.44
2025-12-17T03:46:37.801963,Recipe_B,ca4e2b3e-360b-4bf9-859c-5118db1a7fff,20,4.0,,,,104.39,49.38,53.83,45.85,47.91,45.54
2025-12-17T03:46:38.801963,Recipe_B,ca4e2b3e-360b-4bf9-859c-5118db1a7fff,20,4.0,,,,110.6,50.14,52.93,51.75,50.11,47.52
2025-12-17T03:46:39.801963,Recipe_B,ca4e2b3e-360b-4bf9-859c-5118db1a7fff,20,4.0,,,,99.51,49.61,49.46,55.36,43.13,46.0
2025-12-17T03:46:40.801963,Recipe_B,ca4e2b3e-360b-4bf9-859c-5118db1a7fff,20,4.0,,,,98.75,61.17,53.44,52.12,49.09,55.83
2025-12-17T03:46:41.801963,Recipe_B,ca4e2b3e-360b-4bf9-859c-5118db1a7fff,20,1.0,,,,13.01,7.97,13.34,12.33,8.76,6.25
2025-12-17T03:46:42.801963,Recipe_B,ca4e2b3e-360b-4bf9-859c-5118db1a7fff,20,1.0,,,,8.16,13.01,4.89,13.46,12.77,8.45
2025-12-17T03:46:43.801963,Recipe_B,ca4e2b3e-360b-4bf9-859c-5118db1a7fff,20,1.0,,,,10.34,8.41,10.5,6.77,5.05,8.77
2025-12-17T03:46:44.801963,Recipe_B,ca4e2b3e-360b-4bf9-859c-5118db1a7fff,20,1.0,,,,12.24,8.26,14.28,7.85,10.19,10.19
2025-12-17T03:46:45.801963,Recipe_B,ca4e2b3e-360b-4bf9-859c-5118db1a7fff,20,1.0,,,,11.1,11.74,12.25,6.73,9.87,8.51
2025-12-17T03:46:46.801963,Recipe_B,ca4e2b3e-360b-4bf9-859c-5118db1a7fff,20,1.0,,,,11.97,11.95,8.21,11.14,8.09,9.96
2025-12-17T03:46:47.801963,Recipe_B,ca4e2b3e-360b-4bf9-859c-5118db1a7fff,20,1.0,,,,11.1,8.26,8.72,11.69,6.3,9.45
2025-12-17T03:46:48.801963,Recipe_B,ca4e2b3e-360b-4bf9-859c-5118db1a7fff,20,1.0,,,,12.29,9.38,10.23,9.36,8.58,8.81
2025-12-17T03:46:49.801963,Recipe_B,ca4e2b3e-360b-4bf9-859c-5118db1a7fff,20,1.0,,,,8.55,11.57,11.27,7.66,9.34,11.95
2025-12-17T03:46:50.801963,Recipe_B,ca4e2b3e-360b-4bf9-859c-5118db1a7fff,20,1.0,,,,9.19,11.26,12.65,9.24,10.45,9.13
2025-12-17T03:46:51.801963,Recipe_B,ca4e2b3e-360b-4bf9-859c-5118db1a7fff,20,1.0,,,,8.67,9.16,10.14,10.3,9.79,9.57
2025-12-17T03:46:52.801963,Recipe_B,ca4e2b3e-360b-4bf9-859c-5118db1a7fff,20,1.0,,,,10.84,10.01,7.34,9.4,9.86,10.05
2025-12-17T03:46:53.801963,Recipe_B,ca4e2b3e-360b-4bf9-859c-5118db1a7fff,20,1.0,,,,10.61,7.49,7.97,8.32,9.14,8.09
2025-12-17T03:46:54.801963,Recipe_B,ca4e2b3e-360b-4bf9-859c-5118db1a7fff,20,1.0,,,,9.1,12.86,8.3,5.34,7.5,11.34
2025-12-17T03:46:55.801963,Recipe_B,ca4e2b3e-360b-4bf9-859c-5118db1a7fff,20,1.0,,,,7.31,8.07,8.75,10.96,11.22,10.36
2025-12-17T03:46:56.801963,Recipe_B,ca4e2b3e-360b-4bf9-859c-5118db1a7fff,20,1.0,,,,11.08,13.07,11.72,11.22,6.99,8.27
2025-12-17T03:46:57.801963,Recipe_B,ca4e2b3e-360b-4bf9-859c-5118db1a7fff,20,1.0,,,,9.84,8.97,9.23,14.94,6.73,9.22
2025-12-17T03:46:58.801963,Recipe_B,ca4e2b3e-360b-4bf9-859c-5118db1a7fff,20,1.0,,,,12.85,9.81,8.57,8.98,11.55,11.56
2025-12-17T03:46:59.801963,Recipe_B,ca4e2b3e-360b-4bf9-859c-5118db1a7fff,20,1.0,,,,6.8,11.06,12.81,11.39,9.59,8.55
2025-12-17T03:47:00.801963,Recipe_B,ca4e2b3e-360b-4bf9-859c-5118db1a7fff,20,1.0,,,,11.99,7.75,11.71,7.75,10.92,9.32
2025-12-17T03:47:01.801963,Recipe_B,ca4e2b3e-360b-4bf9-859c-5118db1a7fff,20,1.0,,,,10.06,10.02,8.64,8.81,11.42,10.51
2025-12-17T03:47:02.801963,Recipe_B,ca4e2b3e-360b-4bf9-859c-5118db1a7fff,20,0.0,,,,0.0,0.0,0.0,0.0,0.0,0.0
2025-12-17T03:47:03.801963,Recipe_B,ca4e2b3e-360b-4bf9-859c-5118db1a7fff,20,4.0,,,,92.61,53.92,49.09,42.16,58.33,45.61
2025-12-17T03:47:04.801963,Recipe_B,ca4e2b3e-360b-4bf9-859c-5118db1a7fff,20,4.0,,,,99.98,51.35,43.17,51.04,42.29,55.89
2025-12-17T03:47:05.801963,Recipe_B,ca4e2b3e-360b-4bf9-859c-5118db1a7fff,20,4.0,,,,94.64,48.54,44.99,44.34,46.83,51.48
2025-12-17T03:47:06.801963,Recipe_B,ca4e2b3e-360b-4bf9-859c-5118db1a7fff,20,4.0,,,,101.62,46.01,59.67,48.92,53.04,45.56
2025-12-17T03:47:07.801963,Recipe_B,ca4e2b3e-360b-4bf9-859c-5118db1a7fff,20,4.0,,,,93.94,53.87,50.33,55.83,48.19,36.48
2025-12-17T03:47:08.801963,Recipe_B,ca4e2b3e-360b-4bf9-859c-5118db1a7fff,20,4.0,,,,96.76,49.38,46.55,46.14,62.55,43.93
2025-12-17T03:47:09.801963,Recipe_B,ca4e2b3e-360b-4bf9-859c-5118db1a7fff,20,4.0,,,,99.36,48.71,51.5,50.76,48.63,48.04
2025-12-17T03:47:10.801963,Recipe_B,ca4e2b3e-360b-4bf9-859c-5118db1a7fff,20,4.0,,,,101.13,54.01,46.94,50.69,53.87,44.68
2025-12-17T03:47:11.801963,Recipe_B,ca4e2b3e-360b-4bf9-859c-5118db1a7fff,20,4.0,,,,102.91,47.54,49.85,48.02,45.4,50.07
2025-12-17T03:47:12.801963,Recipe_B,ca4e2b3e-360b-4bf9-859c-5118db1a7fff,20,4.0,,,,95.37,56.99,56.64,45.56,57.16,40.48
2025-12-17T03:47:13.801963,Recipe_B,ca4e2b3e-360b-4bf9-859c-5118db1a7fff,20,5.0,,,,8.83,11.0,8.55,11.0,7.08,9.7
2025-12-17T03:47:14.801963,Recipe_B,ca4e2b3e-360b-4bf9-859c-5118db1a7fff,20,5.0,,,,10.64,8.68,8.45,8.16,10.45,6.15
2025-12-17T03:47:15.801963,Recipe_B,ca4e2b3e-360b-4bf9-859c-5118db1a7fff,20,5.0,,,,11.93,10.25,7.68,4.92,7.3,7.85
2025-12-17T03:47:16.801963,Recipe_B,ca4e2b3e-360b-4bf9-859c-5118db1a7fff,20,3.0,,,,9.13,9.61,9.62,11.33,13.41,7.53
2025-12-17T03:47:17.801963,Recipe_B,ca4e2b3e-360b-4bf9-859c-5118db1a7fff,20,3.0,,,,12.89,10.01,14.51,8.16,11.33,8.06
2025-12-17T03:47:18.801963,Recipe_B,ca4e2b3e-360b-4bf9-859c-5118db1a7fff,20,3.0,,,,9.71,13.89,9.56,9.11,10.31,8.24
2025-12-17T03:47:19.801963,Recipe_B,ca4e2b3e-360b-4bf9-859c-5118db1a7fff,20,3.0,,,,9.12,12.54,8.56,9.39,11.67,10.53
2025-12-17T03:47:20.801963,Recipe_B,ca4e2b3e-360b-4bf9-859c-5118db1a7fff,20,3.0,,,,12.43,10.49,10.16,10.47,10.47,10.38
2025-12-17T03:47:21.801963,Recipe_B,ca4e2b3e-360b-4bf9-859c-5118db1a7fff,20,3.0,,,,10.76,8.94,8.67,12.05,10.51,15.59
2025-12-17T03:47:22.801963,Recipe_B,ca4e2b3e-360b-4bf9-859c-5118db1a7fff,20,3.0,,,,11.89,11.38,12.43,11.39,13.66,8.79
2025-12-17T03:47:23.801963,Recipe_B,ca4e2b3e-360b-4bf9-859c-5118db1a7fff,20,3.0,,,,7.77,9.83,7.74,8.85,8.1,8.16
2025-12-17T03:47:24.801963,Recipe_B,ca4e2b3e-360b-4bf9-859c-5118db1a7fff,20,3.0,,,,9.08,7.64,13.37,8.67,9.64,12.62
2025-12-17T03:47:25.801963,Recipe_B,ca4e2b3e-360b-4bf9-859c-5118db1a7fff,20,3.0,,,,7.88,7.11,11.06,9.85,8.99,10.28
2025-12-17T03:47:26.801963,Recipe_B,ca4e2b3e-360b-4bf9-859c-5118db1a7fff,20,3.0,,,,8.96,7.02,7.92,10.25,12.08,10.27
2025-12-17T03:47:27.801963,Recipe_B,ca4e2b3e-360b-4bf9-859c-5118db1a7fff,20,3.0,,,,10.12,8.22,10.31,11.15,5.86,11.44
2025-12-17T03:47:28.801963,Recipe_B,ca4e2b3e-360b-4bf9-859c-5118db1a7fff,20,3.0,,,,13.3,14.48,7.85,8.64,12.19,10.19
2025-12-17T03:47:29.801963,Recipe_B,ca4e2b3e-360b-4bf9-859c-5118db1a7fff,20,3.0,,,,9.44,11.34,10.93,12.66,9.37,12.07
2025-12-17T03:47:30.801963,Recipe_B,ca4e2b3e-360b-4bf9-859c-5118db1a7fff,20,3.0,,,,9.8,10.67,6.48,7.1,11.55,9.85
2025-12-17T03:47:31.801963,Recipe_B,ca4e2b3e-360b-4bf9-859c-5118db1a7fff,20,3.0,,,,12.22,9.78,9.17,9.61,14.05,9.24
2025-12-17T03:47:32.801963,Recipe_B,ca4e2b3e-360b-4bf9-859c-5118db1a7fff,20,3.0,,,,10.3,12.81,10.09,9.8,9.52,15.04
2025-12-17T03:47:33.801963,Recipe_B,ca4e2b3e-360b-4bf9-859c-5118db1a7fff,20,3.0,,,,10.39,10.56,8.74,9.12,9.12,11.54
2025-12-17T03:47:34.801963,Recipe_B,ca4e2b3e-360b-4bf9-859c-5118db1a7fff,20,3.0,,,,10.58,8.68,10.02,9.82,9.46,10.76
2025-12-17T03:47:35.801963,Recipe_B,ca4e2b3e-360b-4bf9-859c-5118db1a7fff,20,3.0,,,,10.43,7.0,10.62,12.18,9.02,11.7
2025-12-17T03:47:36.801963,Recipe_B,ca4e2b3e-360b-4bf9-859c-5118db1a7fff,20,3.0,,,,9.86,10.29,9.28,8.48,9.4,9.47
2025-12-17T03:47:37.801963,Recipe_B,ca4e2b3e-360b-4bf9-859c-5118db1a7fff,20,3.0,,,,12.22,8.88,9.76,14.16,10.2,10.06
2025-12-17T03:47:38.801963,Recipe_B,ca4e2b3e-360b-4bf9-859c-5118db1a7fff,20,3.0,,,,10.78,8.78,7.75,12.63,8.84,8.11
2025-12-17T03:47:39.801963,Recipe_B,ca4e2b3e-360b-4bf9-859c-5118db1a7fff,20,3.0,,,,10.2,6.87,12.73,9.87,8.62,9.79
2025-12-17T03:47:40.801963,Recipe_B,ca4e2b3e-360b-4bf9-859c-5118db1a7fff,20,3.0,,,,8.66,10.22,8.7,10.62,9.25,11.59
2025-12-17T03:47:41.801963,Recipe_B,ca4e2b3e-360b-4bf9-859c-5118db1a7fff,20,3.0,,,,7.84,11.58,9.94,9.45,11.06,9.01
2025-12-17T03:47:42.801963,Recipe_B,ca4e2b3e-360b-4bf9-859c-5118db1a7fff,20,3.0,,,,11.99,11.6,12.19,8.45,10.16,9.33
2025-12-17T03:47:43.801963,Recipe_B,ca4e2b3e-360b-4bf9-859c-5118db1a7fff,20,3.0,,,,10.01,9.38,8.43,11.68,9.42,9.84
2025-12-17T03:47:44.801963,Recipe_B,ca4e2b3e-360b-4bf9-859c-5118db1a7fff,20,3.0,,,,8.23,10.94,12.6,12.2,8.59,11.51
2025-12-17T03:47:45.801963,Recipe_B,ca4e2b3e-360b-4bf9-859c-5118db1a7fff,20,3.0,,,,10.72,12.97,5.89,9.71,9.24,10.94
2025-12-17T03:47:46.801963,Recipe_B,ca4e2b3e-360b-4bf9-859c-5118db1a7fff,20,3.0,,,,11.73,10.09,10.32,9.21,10.12,9.02
2025-12-17T03:47:47.801963,Recipe_B,ca4e2b3e-360b-4bf9-859c-5118db1a7fff,20,3.0,,,,10.69,13.4,11.22,11.42,10.75,7.97
2025-12-17T03:47:48.801963,Recipe_B,ca4e2b3e-360b-4bf9-859c-5118db1a7fff,20,3.0,,,,10.14,11.6,6.99,16.01,7.91,6.81
2025-12-17T03:47:49.801963,Recipe_B,ca4e2b3e-360b-4bf9-859c-5118db1a7fff,20,3.0,,,,9.8,8.63,9.04,11.62,9.02,7.46
2025-12-17T03:47:50.801963,Recipe_B,ca4e2b3e-360b-4bf9-859c-5118db1a7fff,20,3.0,,,,10.64,7.99,12.05,8.05,8.04,8.72
2025-12-17T03:47:51.801963,Recipe_B,ca4e2b3e-360b-4bf9-859c-5118db1a7fff,20,3.0,,,,10.2,11.5,7.93,7.16,12.42,10.26
2025-12-17T03:47:52.801963,Recipe_B,ca4e2b3e-360b-4bf9-859c-5118db1a7fff,20,3.0,,,,6.61,11.04,11.97,14.43,11.53,8.41
2025-12-17T03:47:53.801963,Recipe_B,ca4e2b3e-360b-4bf9-859c-5118db1a7fff,20,5.0,,,,9.97,6.78,10.0,9.27,11.75,10.37
2025-12-17T03:47:54.801963,Recipe_B,ca4e2b3e-360b-4bf9-859c-5118db1a7fff,20,5.0,,,,12.31,8.04,12.45,8.93,8.6,10.64
2025-12-17T03:47:55.801963,Recipe_B,ca4e2b3e-360b-4bf9-859c-5118db1a7fff,20,5.0,,,,6.28,12.08,13.23,6.62,10.57,12.0
2025-12-17T03:47:56.801963,Recipe_B,ca4e2b3e-360b-4bf9-859c-5118db1a7fff,20,5.0,,,,11.45,9.92,10.31,8.43,14.48,11.33
2025-12-17T03:47:57.801963,Recipe_B,ca4e2b3e-360b-4bf9-859c-5118db1a7fff,20,5.0,,,,9.82,8.23,9.31,9.85,9.4,8.81
2025-12-17T03:47:58.801963,Recipe_B,ca4e2b3e-360b-4bf9-859c-5118db1a7fff,20,5.0,,,,12.13,10.04,8.63,9.95,10.97,9.27
2025-12-17T03:47:59.801963,Recipe_B,ca4e2b3e-360b-4bf9-859c-5118db1a7fff,20,5.0,,,,10.92,10.38,8.95,10.46,12.92,11.67
2025-12-17T03:48:00.801963,Recipe_B,ca4e2b3e-360b-4bf9-859c-5118db1a7fff,20,5.0,,,,11.49,11.54,11.3,9.95,8.12,9.26
2025-12-17T03:48:01.801963,Recipe_B,ca4e2b3e-360b-4bf9-859c-5118db1a7fff,20,5.0,,,,10.88,12.58,8.48,10.47,6.16,10.31
2025-12-17T03:48:02.801963,Recipe_B,ca4e2b3e-360b-4bf9-859c-5118db1a7fff,20,5.0,,,,10.28,13.17,9.92,6.45,12.03,10.33
2025-12-17T03:48:03.801963,Recipe_B,ca4e2b3e-360b-4bf9-859c-5118db1a7fff,20,5.0,,,,10.57,8.73,7.63,11.65,13.62,10.6
2025-12-17T03:48:04.801963,Recipe_B,ca4e2b3e-360b-4bf9-859c-5118db1a7fff,20,2.0,,,,11.75,5.95,9.88,8.03,7.38,5.99
2025-12-17T03:48:05.801963,Recipe_B,ca4e2b3e-360b-4bf9-859c-5118db1a7fff,20,2.0,,,,10.82,11.57,8.68,6.82,7.2,12.02
2025-12-17T03:48:06.801963,Recipe_B,ca4e2b3e-360b-4bf9-859c-5118db1a7fff,20,2.0,,,,8.3,8.9,10.7,7.72,8.97,9.19
2025-12-17T03:48:07.801963,Recipe_B,ca4e2b3e-360b-4bf9-859c-5118db1a7fff,20,2.0,,,,9.13,12.52,13.6,10.97,7.78,8.54
2025-12-17T03:48:08.801963,Recipe_B,ca4e2b3e-360b-4bf9-859c-5118db1a7fff,20,2.0,,,,9.37,7.04,10.78,10.84,8.9,11.98
2025-12-17T03:48:09.801963,Recipe_B,ca4e2b3e-360b-4bf9-859c-5118db1a7fff,20,2.0,,,,9.24,8.46,7.36,7.0,10.49,11.11
2025-12-17T03:48:10.801963,Recipe_B,ca4e2b3e-360b-4bf9-859c-5118db1a7fff,20,2.0,,,,8.3,10.31,8.65,9.06,7.08,7.44
2025-12-17T03:48:11.801963,Recipe_B,ca4e2b3e-360b-4bf9-859c-5118db1a7fff,20,2.0,,,,12.11,9.49,9.07,10.52,8.23,8.68
2025-12-17T03:48:12.801963,Recipe_B,ca4e2b3e-360b-4bf9-859c-5118db1a7fff,20,2.0,,,,12.55,14.05,11.12,12.12,8.43,10.64
2025-12-17T03:48:13.801963,Recipe_B,ca4e2b3e-360b-4bf9-859c-5118db1a7fff,20,2.0,,,,8.12,11.28,9.99,7.81,7.77,10.25
2025-12-17T03:48:14.801963,Recipe_B,ca4e2b3e-360b-4bf9-859c-5118db1a7fff,20,2.0,,,,8.36,9.07,11.03,11.55,9.37,11.82
2025-12-17T03:48:15.801963,Recipe_B,ca4e2b3e-360b-4bf9-859c-5118db1a7fff,20,2.0,,,,11.89,12.08,15.46,7.35,11.26,7.8
2025-12-17T03:48:16.801963,Recipe_B,ca4e2b3e-360b-4bf9-859c-5118db1a7fff,20,2.0,,,,8.59,11.31,10.41,15.35,8.26,11.67
2025-12-17T03:48:17.801963,Recipe_B,ca4e2b3e-360b-4bf9-859c-5118db1a7fff,20,2.0,,,,10.71,11.0,12.6,10.69,8.05,12.13
2025-12-17T03:48:18.801963,Recipe_B,ca4e2b3e-360b-4bf9-859c-5118db1a7fff,20,2.0,,,,11.44,7.3,11.77,11.81,11.3,10.99
2025-12-17T03:48:19.801963,Recipe_B,ca4e2b3e-360b-4bf9-859c-5118db1a7fff,20,2.0,,,,8.57,7.55,11.41,13.64,8.26,10.85
2025-12-17T03:48:20.801963,Recipe_B,ca4e2b3e-360b-4bf9-859c-5118db1a7fff,20,2.0,,,,11.28,8.6,8.79,7.34,12.35,11.02
2025-12-17T03:48:21.801963,Recipe_B,ca4e2b3e-360b-4bf9-859c-5118db1a7fff,20,2.0,,,,10.87,9.75,7.97,9.01,11.5,7.97
2025-12-17T03:48:22.801963,Recipe_B,ca4e2b3e-360b-4bf9-859c-5118db1a7fff,20,2.0,,,,12.87,9.53,7.36,7.98,10.57,12.46
2025-12-17T03:48:23.801963,Recipe_B,ca4e2b3e-360b-4bf9-859c-5118db1a7fff,20,2.0,,,,9.85,8.77,4.21,9.48,12.81,11.09
2025-12-17T03:48:24.801963,Recipe_B,ca4e2b3e-360b-4bf9-859c-5118db1a7fff,20,2.0,,,,9.52,10.63,12.03,12.35,8.93,7.8
2025-12-17T03:48:25.801963,Recipe_B,ca4e2b3e-360b-4bf9-859c-5118db1a7fff,20,2.0,,,,8.23,8.79,9.35,7.23,9.29,6.12
2025-12-17T03:48:26.801963,Recipe_B,ca4e2b3e-360b-4bf9-859c-5118db1a7fff,20,2.0,,,,9.53,10.04,10.04,9.01,9.62,11.69
2025-12-17T03:48:27.801963,Recipe_B,ca4e2b3e-360b-4bf9-859c-5118db1a7fff,20,2.0,,,,9.92,11.59,11.83,10.75,9.93,12.73
2025-12-17T03:48:28.801963,Recipe_B,ca4e2b3e-360b-4bf9-859c-5118db1a7fff,20,2.0,,,,11.59,10.44,8.77,9.1,10.99,8.81
2025-12-17T03:48:29.801963,Recipe_B,ca4e2b3e-360b-4bf9-859c-5118db1a7fff,20,2.0,,,,7.4,11.64,7.95,11.72,7.26,9.39
2025-12-17T03:48:30.801963,Recipe_B,ca4e2b3e-360b-4bf9-859c-5118db1a7fff,20,2.0,,,,9.1,8.55,9.63,6.5,6.57,10.62
2025-12-17T03:48:31.801963,Recipe_B,ca4e2b3e-360b-4bf9-859c-5118db1a7fff,20,2.0,,,,9.84,10.01,9.25,9.8,8.31,10.91
2025-12-17T03:48:32.801963,Recipe_B,ca4e2b3e-360b-4bf9-859c-5118db1a7fff,20,2.0,,,,9.17,12.78,8.62,11.39,11.05,12.05
2025-12-17T03:48:33.801963,Recipe_B,ca4e2b3e-360b-4bf9-859c-5118db1a7fff,20,2.0,,,,12.9,13.17,13.55,14.31,12.56,4.04
2025-12-17T03:48:34.801963,Recipe_B,ca4e2b3e-360b-4bf9-859c-5118db1a7fff,20,2.0,,,,8.34,10.22,9.58,11.21,10.99,10.33
2025-12-17T03:48:35.801963,Recipe_B,ca4e2b3e-360b-4bf9-859c-5118db1a7fff,20,2.0,,,,9.44,5.97,10.15,10.14,11.56,9.91
2025-12-17T03:48:36.801963,Recipe_B,ca4e2b3e-360b-4bf9-859c-5118db1a7fff,20,2.0,,,,8.55,12.08,11.01,11.68,7.58,9.69
2025-12-17T03:48:37.801963,Recipe_B,ca4e2b3e-360b-4bf9-859c-5118db1a7fff,20,2.0,,,,10.31,9.7,9.89,9.09,11.61,10.82
2025-12-17T03:48:38.801963,Recipe_B,ca4e2b3e-360b-4bf9-859c-5118db1a7fff,20,2.0,,,,13.34,8.89,5.83,10.09,10.99,10.99
2025-12-17T03:48:39.801963,Recipe_B,ca4e2b3e-360b-4bf9-859c-5118db1a7fff,20,2.0,,,,9.91,8.66,8.33,10.49,11.3,12.52
2025-12-17T03:48:40.801963,Recipe_B,ca4e2b3e-360b-4bf9-859c-5118db1a7fff,20,2.0,,,,9.13,11.02,7.54,9.91,11.99,12.41
2025-12-17T03:48:41.801963,Recipe_B,ca4e2b3e-360b-4bf9-859c-5118db1a7fff,20,2.0,,,,11.1,7.76,11.31,12.73,9.18,8.82
2025-12-17T03:48:42.801963,Recipe_B,ca4e2b3e-360b-4bf9-859c-5118db1a7fff,20,2.0,,,,8.02,8.9,12.67,13.11,10.94,10.75
2025-12-17T03:48:43.801963,Recipe_B,ca4e2b3e-360b-4bf9-859c-5118db1a7fff,20,2.0,,,,10.77,8.31,12.14,9.06,9.56,10.09
2025-12-17T03:48:44.801963,Recipe_B,ca4e2b3e-360b-4bf9-859c-5118db1a7fff,20,2.0,,,,10.2,9.95,9.52,9.56,8.98,7.73
2025-12-17T03:48:45.801963,Recipe_B,ca4e2b3e-360b-4bf9-859c-5118db1a7fff,20,2.0,,,,10.67,9.49,9.96,10.34,8.31,7.0
2025-12-17T03:48:46.801963,Recipe_B,ca4e2b3e-360b-4bf9-859c-5118db1a7fff,20,2.0,,,,7.37,8.9,5.41,11.9,7.93,10.02
2025-12-17T03:48:47.801963,Recipe_B,ca4e2b3e-360b-4bf9-859c-5118db1a7fff,20,2.0,,,,12.31,9.36,9.9,11.56,9.59,7.54
2025-12-17T03:48:48.801963,Recipe_B,ca4e2b3e-360b-4bf9-859c-5118db1a7fff,20,2.0,,,,6.26,10.7,10.39,12.57,10.65,9.13
2025-12-17T03:48:49.801963,Recipe_B,ca4e2b3e-360b-4bf9-859c-5118db1a7fff,20,2.0,,,,9.51,11.48,10.04,9.7,9.11,9.39
2025-12-17T03:48:50.801963,Recipe_B,ca4e2b3e-360b-4bf9-859c-5118db1a7fff,20,2.0,,,,9.48,13.48,13.33,11.66,12.63,9.08
2025-12-17T03:48:51.801963,Recipe_B,ca4e2b3e-360b-4bf9-859c-5118db1a7fff,20,2.0,,,,8.61,12.0,12.47,9.86,9.16,8.48
2025-12-17T03:48:52.801963,Recipe_B,ca4e2b3e-360b-4bf9-859c-5118db1a7fff,20,2.0,,,,8.9,13.01,9.8,5.66,13.59,14.21
2025-12-17T03:48:53.801963,Recipe_B,ca4e2b3e-360b-4bf9-859c-5118db1a7fff,20,2.0,,,,10.32,11.06,7.48,11.44,10.84,10.86
2025-12-17T03:48:54.801963,Recipe_B,ca4e2b3e-360b-4bf9-859c-5118db1a7fff,20,2.0,,,,6.42,10.87,8.53,13.37,7.92,8.88
2025-12-17T03:48:55.801963,Recipe_B,ca4e2b3e-360b-4bf9-859c-5118db1a7fff,20,2.0,,,,6.59,8.84,11.12,7.84,10.67,7.27
2025-12-17T03:48:56.801963,Recipe_B,ca4e2b3e-360b-4bf9-859c-5118db1a7fff,20,2.0,,,,13.33,7.39,15.03,9.67,10.61,10.36
2025-12-17T03:48:57.801963,Recipe_B,ca4e2b3e-360b-4bf9-859c-5118db1a7fff,20,2.0,,,,11.16,8.71,12.61,8.98,7.3,8.16
2025-12-17T03:48:58.801963,Recipe_B,ca4e2b3e-360b-4bf9-859c-5118db1a7fff,20,2.0,,,,10.04,12.66,11.03,11.54,10.58,8.27
2025-12-17T03:48:59.801963,Recipe_B,ca4e2b3e-360b-4bf9-859c-5118db1a7fff,20,2.0,,,,8.86,10.47,9.3,9.7,13.14,12.29
2025-12-17T03:49:00.801963,Recipe_B,ca4e2b3e-360b-4bf9-859c-5118db1a7fff,20,2.0,,,,9.41,8.61,11.22,14.44,6.77,11.36
2025-12-17T03:49:01.801963,Recipe_B,ca4e2b3e-360b-4bf9-859c-5118db1a7fff,20,2.0,,,,10.71,9.28,13.07,7.53,6.54,9.15
2025-12-17T03:49:02.801963,Recipe_B,ca4e2b3e-360b-4bf9-859c-5118db1a7fff,20,2.0,,,,10.26,9.44,10.44,9.32,13.19,6.6
2025-12-17T03:49:03.801963,Recipe_B,ca4e2b3e-360b-4bf9-859c-5118db1a7fff,20,2.0,,,,8.19,10.5,10.32,12.42,11.47,12.44
2025-12-17T03:49:04.801963,Recipe_B,ca4e2b3e-360b-4bf9-859c-5118db1a7fff,20,2.0,,,,12.66,9.54,12.0,8.29,6.22,12.85
2025-12-17T03:49:05.801963,Recipe_B,ca4e2b3e-360b-4bf9-859c-5118db1a7fff,20,2.0,,,,9.41,9.84,8.08,10.15,9.13,10.26
2025-12-17T03:49:06.801963,Recipe_B,ca4e2b3e-360b-4bf9-859c-5118db1a7fff,20,2.0,,,,8.12,7.38,9.66,9.81,11.4,7.95
2025-12-17T03:49:07.801963,Recipe_B,ca4e2b3e-360b-4bf9-859c-5118db1a7fff,20,2.0,,,,7.33,12.07,7.2,12.43,12.18,13.64
2025-12-17T03:49:08.801963,Recipe_B,ca4e2b3e-360b-4bf9-859c-5118db1a7fff,20,2.0,,,,12.46,10.66,11.54,10.58,10.92,11.84
2025-12-17T03:49:09.801963,Recipe_B,ca4e2b3e-360b-4bf9-859c-5118db1a7fff,20,2.0,,,,8.06,10.75,11.76,8.4,10.27,10.45
2025-12-17T03:49:10.801963,Recipe_B,ca4e2b3e-360b-4bf9-859c-5118db1a7fff,20,2.0,,,,8.99,8.77,9.0,9.45,10.81,13.31
2025-12-17T03:49:11.801963,Recipe_B,ca4e2b3e-360b-4bf9-859c-5118db1a7fff,20,2.0,,,,7.55,9.05,7.96,10.21,10.73,12.48
2025-12-17T03:49:12.801963,Recipe_B,ca4e2b3e-360b-4bf9-859c-5118db1a7fff,20,2.0,,,,8.55,13.45,10.41,11.47,9.42,9.93
2025-12-17T03:49:13.801963,Recipe_B,ca4e2b3e-360b-4bf9-859c-5118db1a7fff,20,2.0,,,,8.16,8.55,3.95,8.67,8.83,11.6
2025-12-17T03:49:14.801963,Recipe_B,ca4e2b3e-360b-4bf9-859c-5118db1a7fff,20,2.0,,,,13.15,6.02,11.55,9.79,9.96,10.7
2025-12-17T03:49:15.801963,Recipe_B,ca4e2b3e-360b-4bf9-859c-5118db1a7fff,20,2.0,,,,6.92,8.46,9.3,8.52,10.52,10.99
2025-12-17T03:49:16.801963,Recipe_B,ca4e2b3e-360b-4bf9-859c-5118db1a7fff,20,2.0,,,,12.12,11.65,7.56,7.06,10.66,12.35
2025-12-17T03:49:17.801963,Recipe_B,ca4e2b3e-360b-4bf9-859c-5118db1a7fff,20,2.0,,,,11.37,9.68,5.57,8.79,9.9,11.97
2025-12-17T03:49:18.801963,Recipe_B,ca4e2b3e-360b-4bf9-859c-5118db1a7fff,20,2.0,,,,9.18,9.55,8.36,7.24,11.51,11.08
2025-12-17T03:49:19.801963,Recipe_B,ca4e2b3e-360b-4bf9-859c-5118db1a7fff,20,2.0,,,,12.56,10.34,13.79,8.28,8.76,10.55
2025-12-17T03:49:20.801963,Recipe_B,ca4e2b3e-360b-4bf9-859c-5118db1a7fff,20,2.0,,,,11.09,8.34,10.27,10.07,10.0,6.54
2025-12-17T03:49:21.801963,Recipe_B,ca4e2b3e-360b-4bf9-859c-5118db1a7fff,20,2.0,,,,7.23,10.4,9.58,12.13,10.43,11.64
2025-12-17T03:49:22.801963,Recipe_B,ca4e2b3e-360b-4bf9-859c-5118db1a7fff,20,2.0,,,,8.18,9.12,12.65,12.49,11.21,8.69
2025-12-17T03:49:23.801963,Recipe_B,ca4e2b3e-360b-4bf9-859c-5118db1a7fff,20,2.0,,,,10.43,6.98,12.05,4.69,12.5,12.52
2025-12-17T03:49:24.801963,Recipe_B,ca4e2b3e-360b-4bf9-859c-5118db1a7fff,20,2.0,,,,7.51,6.87,9.65,14.35,7.32,9.11
2025-12-17T03:49:25.801963,Recipe_B,ca4e2b3e-360b-4bf9-859c-5118db1a7fff,20,2.0,,,,12.38,12.14,12.02,10.19,5.7,9.96
2025-12-17T03:49:26.801963,Recipe_B,ca4e2b3e-360b-4bf9-859c-5118db1a7fff,20,2.0,,,,12.07,10.67,11.25,11.78,11.72,8.99
2025-12-17T03:49:27.801963,Recipe_B,ca4e2b3e-360b-4bf9-859c-5118db1a7fff,20,2.0,,,,12.04,9.13,10.74,11.24,9.42,9.57
2025-12-17T03:49:28.801963,Recipe_B,ca4e2b3e-360b-4bf9-859c-5118db1a7fff,20,2.0,,,,10.26,7.15,8.35,8.43,11.04,8.86
2025-12-17T03:49:29.801963,Recipe_B,ca4e2b3e-360b-4bf9-859c-5118db1a7fff,20,2.0,,,,10.24,12.77,11.94,10.42,9.5,11.91
2025-12-17T03:49:30.801963,Recipe_B,ca4e2b3e-360b-4bf9-859c-5118db1a7fff,20,2.0,,,,8.89,11.1,12.54,12.58,12.04,10.75
2025-12-17T03:49:31.801963,Recipe_B,ca4e2b3e-360b-4bf9-859c-5118db1a7fff,20,2.0,,,,8.85,14.48,10.2,7.31,6.89,11.17
2025-12-17T03:49:32.801963,Recipe_B,ca4e2b3e-360b-4bf9-859c-5118db1a7fff,20,2.0,,,,6.04,11.72,11.25,7.98,12.78,11.47
2025-12-17T03:49:33.801963,Recipe_B,ca4e2b3e-360b-4bf9-859c-5118db1a7fff,20,2.0,,,,10.75,8.03,12.51,9.83,11.22,7.93
2025-12-17T03:49:34.801963,Recipe_B,ca4e2b3e-360b-4bf9-859c-5118db1a7fff,20,2.0,,,,11.8,13.04,12.6,8.92,8.14,12.6
2025-12-17T03:49:35.801963,Recipe_B,ca4e2b3e-360b-4bf9-859c-5118db1a7fff,20,2.0,,,,10.13,13.2,7.38,13.07,8.55,10.06
2025-12-17T03:49:36.801963,Recipe_B,ca4e2b3e-360b-4bf9-859c-5118db1a7fff,20,2.0,,,,9.05,9.38,9.97,8.01,11.21,5.67
2025-12-17T03:49:37.801963,Recipe_B,ca4e2b3e-360b-4bf9-859c-5118db1a7fff,20,2.0,,,,11.21,7.63,10.8,9.79,11.75,12.44
2025-12-17T03:49:38.801963,Recipe_B,ca4e2b3e-360b-4bf9-859c-5118db1a7fff,20,2.0,,,,11.65,8.64,11.53,7.41,14.28,8.22
2025-12-17T03:49:39.801963,Recipe_B,ca4e2b3e-360b-4bf9-859c-5118db1a7fff,20,2.0,,,,11.24,7.65,10.75,15.47,4.81,11.38
2025-12-17T03:49:40.801963,Recipe_B,ca4e2b3e-360b-4bf9-859c-5118db1a7fff,20,2.0,,,,9.95,11.26,12.06,12.33,7.92,11.86
2025-12-17T03:49:41.801963,Recipe_B,ca4e2b3e-360b-4bf9-859c-5118db1a7fff,20,2.0,,,,7.43,9.17,10.22,11.75,11.68,9.9
2025-12-17T03:49:42.801963,Recipe_B,ca4e2b3e-360b-4bf9-859c-5118db1a7fff,20,2.0,,,,8.68,8.07,5.82,10.03,10.18,9.07
2025-12-17T03:49:43.801963,Recipe_B,ca4e2b3e-360b-4bf9-859c-5118db1a7fff,20,2.0,,,,9.71,9.68,11.01,9.93,10.38,10.19
2025-12-17T03:49:44.801963,Recipe_B,ca4e2b3e-360b-4bf9-859c-5118db1a7fff,20,2.0,,,,9.6,8.71,9.37,8.65,8.77,10.78
2025-12-17T03:49:45.801963,Recipe_B,ca4e2b3e-360b-4bf9-859c-5118db1a7fff,20,2.0,,,,10.21,10.86,11.66,8.54,10.25,8.96
2025-12-17T03:49:46.801963,Recipe_B,ca4e2b3e-360b-4bf9-859c-5118db1a7fff,20,2.0,,,,10.21,8.43,11.1,10.67,10.94,9.35
2025-12-17T03:49:47.801963,Recipe_B,ca4e2b3e-360b-4bf9-859c-5118db1a7fff,20,2.0,,,,11.23,11.76,10.1,9.82,10.61,8.85
2025-12-17T03:49:48.801963,Recipe_B,ca4e2b3e-360b-4bf9-859c-5118db1a7fff,20,2.0,,,,10.82,9.97,6.11,13.51,11.78,10.68
2025-12-17T03:49:49.801963,Recipe_B,ca4e2b3e-360b-4bf9-859c-5118db1a7fff,20,2.0,,,,9.25,11.07,10.45,12.14,6.34,9.97
2025-12-17T03:49:50.801963,Recipe_B,ca4e2b3e-360b-4bf9-859c-5118db1a7fff,20,2.0,,,,9.17,9.67,10.69,9.24,11.85,9.51
2025-12-17T03:49:51.801963,Recipe_B,ca4e2b3e-360b-4bf9-859c-5118db1a7fff,20,2.0,,,,7.47,12.98,9.28,11.02,8.49,10.23
2025-12-17T03:49:52.801963,Recipe_B,ca4e2b3e-360b-4bf9-859c-5118db1a7fff,20,2.0,,,,8.82,8.27,11.37,10.84,8.93,11.48
2025-12-17T03:49:53.801963,Recipe_B,ca4e2b3e-360b-4bf9-859c-5118db1a7fff,20,2.0,,,,8.86,10.7,14.15,11.13,11.74,9.28
2025-12-17T03:49:54.801963,Recipe_B,ca4e2b3e-360b-4bf9-859c-5118db1a7fff,20,2.0,,,,11.04,11.3,8.83,8.09,11.33,9.94
2025-12-17T03:49:55.801963,Recipe_B,ca4e2b3e-360b-4bf9-859c-5118db1a7fff,20,2.0,,,,12.51,11.31,9.3,7.82,7.48,6.31
2025-12-17T03:49:56.801963,Recipe_B,ca4e2b3e-360b-4bf9-859c-5118db1a7fff,20,2.0,,,,6.52,9.71,8.87,6.92,13.96,10.23
2025-12-17T03:49:57.801963,Recipe_B,ca4e2b3e-360b-4bf9-859c-5118db1a7fff,20,2.0,,,,9.57,12.39,8.09,8.4,12.29,7.62
2025-12-17T03:49:58.801963,Recipe_B,ca4e2b3e-360b-4bf9-859c-5118db1a7fff,20,2.0,,,,7.63,8.28,5.17,12.58,10.51,10.89
2025-12-17T03:49:59.801963,Recipe_B,ca4e2b3e-360b-4bf9-859c-5118db1a7fff,20,2.0,,,,10.7,8.95,11.78,10.24,9.8,12.94
2025-12-17T03:50:00.801963,Recipe_B,ca4e2b3e-360b-4bf9-859c-5118db1a7fff,20,2.0,,,,10.72,7.64,12.03,14.7,10.5,8.93
2025-12-17T03:50:01.801963,Recipe_B,ca4e2b3e-360b-4bf9-859c-5118db1a7fff,20,2.0,,,,8.17,11.41,11.46,11.83,9.77,9.86
2025-12-17T03:50:02.801963,Recipe_B,ca4e2b3e-360b-4bf9-859c-5118db1a7fff,20,2.0,,,,9.09,12.23,7.95,4.82,9.72,7.92
2025-12-17T03:50:03.801963,Recipe_B,ca4e2b3e-360b-4bf9-859c-5118db1a7fff,20,2.0,,,,9.01,12.07,10.12,12.82,12.03,10.52
2025-12-17T03:50:04.801963,Recipe_B,ca4e2b3e-360b-4bf9-859c-5118db1a7fff,20,2.0,,,,10.45,12.15,11.04,7.42,10.86,7.99
2025-12-17T03:50:05.801963,Recipe_B,ca4e2b3e-360b-4bf9-859c-5118db1a7fff,20,2.0,,,,8.73,6.42,6.34,8.1,12.41,9.88
2025-12-17T03:50:06.801963,Recipe_B,ca4e2b3e-360b-4bf9-859c-5118db1a7fff,20,2.0,,,,10.19,11.49,10.64,10.56,8.25,10.05
2025-12-17T03:50:07.801963,Recipe_B,ca4e2b3e-360b-4bf9-859c-5118db1a7fff,20,2.0,,,,11.45,6.07,11.16,11.43,10.28,11.02
2025-12-17T03:50:08.801963,Recipe_B,ca4e2b3e-360b-4bf9-859c-5118db1a7fff,20,2.0,,,,14.78,10.35,10.05,9.68,8.07,10.81
2025-12-17T03:50:09.801963,Recipe_B,ca4e2b3e-360b-4bf9-859c-5118db1a7fff,20,2.0,,,,11.64,8.2,8.54,8.4,9.9,7.05
2025-12-17T03:50:10.801963,Recipe_B,ca4e2b3e-360b-4bf9-859c-5118db1a7fff,20,2.0,,,,12.46,7.27,8.39,10.83,11.23,9.81
2025-12-17T03:50:11.801963,Recipe_B,ca4e2b3e-360b-4bf9-859c-5118db1a7fff,20,2.0,,,,9.76,7.78,12.45,7.43,8.53,9.99
2025-12-17T03:50:12.801963,Recipe_B,ca4e2b3e-360b-4bf9-859c-5118db1a7fff,20,2.0,,,,14.27,10.08,8.67,10.9,6.56,11.24
2025-12-17T03:50:13.801963,Recipe_B,ca4e2b3e-360b-4bf9-859c-5118db1a7fff,20,2.0,,,,9.81,9.02,9.46,8.9,11.66,8.53
2025-12-17T03:50:14.801963,Recipe_B,ca4e2b3e-360b-4bf9-859c-5118db1a7fff,20,2.0,,,,6.99,8.98,10.81,9.62,9.37,8.9
2025-12-17T03:50:15.801963,Recipe_B,ca4e2b3e-360b-4bf9-859c-5118db1a7fff,20,2.0,,,,11.29,7.78,9.34,11.64,9.31,10.56
2025-12-17T03:50:16.801963,Recipe_B,ca4e2b3e-360b-4bf9-859c-5118db1a7fff,20,2.0,,,,12.67,6.56,8.13,11.09,9.09,9.51
2025-12-17T03:50:17.801963,Recipe_B,ca4e2b3e-360b-4bf9-859c-5118db1a7fff,20,2.0,,,,7.53,10.74,10.17,9.96,8.21,7.26
2025-12-17T03:50:18.801963,Recipe_B,ca4e2b3e-360b-4bf9-859c-5118db1a7fff,20,2.0,,,,12.4,11.92,9.23,8.9,10.52,7.77
2025-12-17T03:50:19.801963,Recipe_B,ca4e2b3e-360b-4bf9-859c-5118db1a7fff,20,2.0,,,,10.82,8.91,11.07,9.81,12.26,7.61
2025-12-17T03:50:20.801963,Recipe_B,ca4e2b3e-360b-4bf9-859c-5118db1a7fff,20,2.0,,,,7.58,11.34,7.52,11.3,7.98,9.47
2025-12-17T03:50:21.801963,Recipe_B,ca4e2b3e-360b-4bf9-859c-5118db1a7fff,20,2.0,,,,12.19,14.01,10.82,9.77,8.61,9.58
2025-12-17T03:50:22.801963,Recipe_B,ca4e2b3e-360b-4bf9-859c-5118db1a7fff,20,2.0,,,,11.55,13.54,10.87,11.2,11.86,8.59
2025-12-17T03:50:23.801963,Recipe_B,ca4e2b3e-360b-4bf9-859c-5118db1a7fff,20,2.0,,,,10.39,9.52,7.77,10.1,9.87,8.58
2025-12-17T03:50:24.801963,Recipe_B,ca4e2b3e-360b-4bf9-859c-5118db1a7fff,20,2.0,,,,9.18,7.67,11.03,9.42,12.21,12.79
2025-12-17T03:50:25.801963,Recipe_B,ca4e2b3e-360b-4bf9-859c-5118db1a7fff,20,2.0,,,,10.02,10.43,10.18,9.79,10.76,6.85
2025-12-17T03:50:26.801963,Recipe_B,ca4e2b3e-360b-4bf9-859c-5118db1a7fff,20,1.0,,,,11.56,8.72,10.14,12.43,11.08,13.87
2025-12-17T03:50:27.801963,Recipe_B,ca4e2b3e-360b-4bf9-859c-5118db1a7fff,20,1.0,,,,13.61,9.32,9.69,10.86,9.03,12.0
2025-12-17T03:50:28.801963,Recipe_B,ca4e2b3e-360b-4bf9-859c-5118db1a7fff,20,1.0,,,,10.2,8.96,10.62,8.46,9.43,8.98
2025-12-17T03:50:29.801963,Recipe_B,ca4e2b3e-360b-4bf9-859c-5118db1a7fff,20,1.0,,,,9.24,8.94,11.6,11.27,9.01,9.9
2025-12-17T03:50:30.801963,Recipe_B,ca4e2b3e-360b-4bf9-859c-5118db1a7fff,20,1.0,,,,11.7,6.99,11.78,10.27,10.06,6.08
2025-12-17T03:50:31.801963,Recipe_B,ca4e2b3e-360b-4bf9-859c-5118db1a7fff,20,1.0,,,,8.88,9.85,6.77,9.49,9.37,10.24
2025-12-17T03:50:32.801963,Recipe_B,ca4e2b3e-360b-4bf9-859c-5118db1a7fff,20,1.0,,,,9.17,7.32,10.87,9.74,11.79,9.52
2025-12-17T03:50:33.801963,Recipe_B,ca4e2b3e-360b-4bf9-859c-5118db1a7fff,20,1.0,,,,10.44,7.8,10.48,11.23,7.76,7.34
2025-12-17T03:50:34.801963,Recipe_B,ca4e2b3e-360b-4bf9-859c-5118db1a7fff,20,1.0,,,,12.57,9.82,13.55,12.29,9.83,8.6
2025-12-17T03:50:35.801963,Recipe_B,ca4e2b3e-360b-4bf9-859c-5118db1a7fff,20,1.0,,,,9.25,9.29,7.66,11.5,11.99,10.17
2025-12-17T03:50:36.801963,Recipe_B,ca4e2b3e-360b-4bf9-859c-5118db1a7fff,20,1.0,,,,9.65,12.17,9.15,11.45,8.88,13.86
2025-12-17T03:50:37.801963,Recipe_B,ca4e2b3e-360b-4bf9-859c-5118db1a7fff,20,1.0,,,,8.47,11.01,7.24,9.63,11.49,8.51
2025-12-17T03:50:38.801963,Recipe_B,ca4e2b3e-360b-4bf9-859c-5118db1a7fff,20,1.0,,,,10.18,11.45,10.21,11.44,8.44,9.05
2025-12-17T03:50:39.801963,Recipe_B,ca4e2b3e-360b-4bf9-859c-5118db1a7fff,20,1.0,,,,8.29,9.88,11.08,9.54,10.61,11.79
2025-12-17T03:50:40.801963,Recipe_B,ca4e2b3e-360b-4bf9-859c-5118db1a7fff,20,1.0,,,,8.21,10.52,7.7,9.42,12.93,7.48
2025-12-17T03:50:41.801963,Recipe_B,ca4e2b3e-360b-4bf9-859c-5118db1a7fff,20,1.0,,,,7.62,10.31,7.9,6.29,11.39,7.71
2025-12-17T03:50:42.801963,Recipe_B,ca4e2b3e-360b-4bf9-859c-5118db1a7fff,20,1.0,,,,11.17,11.16,9.3,9.18,9.05,8.84
2025-12-17T03:50:43.801963,Recipe_B,ca4e2b3e-360b-4bf9-859c-5118db1a7fff,20,1.0,,,,12.71,9.66,13.74,9.37,8.95,7.55
2025-12-17T03:50:44.801963,Recipe_B,ca4e2b3e-360b-4bf9-859c-5118db1a7fff,20,1.0,,,,12.22,8.82,10.01,9.93,8.57,6.28
2025-12-17T03:50:45.801963,Recipe_B,ca4e2b3e-360b-4bf9-859c-5118db1a7fff,20,1.0,,,,7.35,9.14,10.5,11.15,7.97,12.49
2025-12-17T03:50:46.801963,Recipe_B,ca4e2b3e-360b-4bf9-859c-5118db1a7fff,20,1.0,,,,6.87,12.42,9.56,11.6,11.12,7.01
2025-12-17T03:50:47.801963,Recipe_B,ca4e2b3e-360b-4bf9-859c-5118db1a7fff,20,1.0,,,,11.25,11.71,10.34,14.84,6.44,7.62
2025-12-17T03:50:48.801963,Recipe_B,ca4e2b3e-360b-4bf9-859c-5118db1a7fff,20,1.0,,,,9.89,7.22,10.83,8.74,9.03,8.4
2025-12-17T03:50:49.801963,Recipe_B,ca4e2b3e-360b-4bf9-859c-5118db1a7fff,20,1.0,,,,8.89,13.57,8.11,10.39,10.38,7.29
2025-12-17T03:50:50.801963,Recipe_B,ca4e2b3e-360b-4bf9-859c-5118db1a7fff,20,1.0,,,,10.96,8.66,11.64,8.27,8.88,7.04
2025-12-17T03:50:51.801963,Recipe_B,ca4e2b3e-360b-4bf9-859c-5118db1a7fff,20,1.0,,,,8.47,9.97,10.84,10.35,8.04,10.04
2025-12-17T03:50:52.801963,Recipe_B,ca4e2b3e-360b-4bf9-859c-5118db1a7fff,20,1.0,,,,11.97,9.64,10.71,12.56,8.8,7.35
2025-12-17T03:50:53.801963,Recipe_B,ca4e2b3e-360b-4bf9-859c-5118db1a7fff,20,1.0,,,,12.62,10.35,10.86,10.06,14.66,3.76
2025-12-17T03:50:54.801963,Recipe_B,ca4e2b3e-360b-4bf9-859c-5118db1a7fff,20,1.0,,,,8.11,10.52,13.29,9.75,10.96,9.03
2025-12-17T03:50:55.801963,Recipe_B,ca4e2b3e-360b-4bf9-859c-5118db1a7fff,20,1.0,,,,10.91,11.84,13.55,9.39,9.36,10.55
2025-12-17T03:50:56.801963,Recipe_B,ca4e2b3e-360b-4bf9-859c-5118db1a7fff,20,1.0,,,,7.85,10.28,8.86,9.19,12.09,11.19
2025-12-17T03:50:57.801963,Recipe_B,ca4e2b3e-360b-4bf9-859c-5118db1a7fff,20,1.0,,,,6.99,10.03,8.17,9.94,8.93,12.42
2025-12-17T03:50:58.801963,Recipe_B,ca4e2b3e-360b-4bf9-859c-5118db1a7fff,20,1.0,,,,11.44,14.42,9.19,12.57,8.78,11.27
2025-12-17T03:50:59.801963,Recipe_B,ca4e2b3e-360b-4bf9-859c-5118db1a7fff,20,1.0,,,,7.91,6.0,9.5,10.21,12.31,8.74
2025-12-17T03:51:00.801963,Recipe_B,ca4e2b3e-360b-4bf9-859c-5118db1a7fff,20,1.0,,,,10.47,10.72,11.75,10.95,10.55,8.43
2025-12-17T03:51:01.801963,Recipe_B,ca4e2b3e-360b-4bf9-859c-5118db1a7fff,20,1.0,,,,12.68,9.82,12.94,7.96,11.13,10.37
2025-12-17T03:51:02.801963,Recipe_B,ca4e2b3e-360b-4bf9-859c-5118db1a7fff,20,1.0,,,,13.08,9.87,11.59,9.68,11.56,9.49
2025-12-17T03:51:03.801963,Recipe_B,ca4e2b3e-360b-4bf9-859c-5118db1a7fff,20,4.0,,,,103.9,46.17,48.53,45.08,45.93,42.73
2025-12-17T03:51:04.801963,Recipe_B,ca4e2b3e-360b-4bf9-859c-5118db1a7fff,20,4.0,,,,109.34,50.45,57.46,51.05,49.62,47.22
2025-12-17T03:51:05.801963,Recipe_B,ca4e2b3e-360b-4bf9-859c-5118db1a7fff,20,4.0,,,,98.35,47.69,47.37,55.42,51.32,55.82
2025-12-17T03:51:06.801963,Recipe_B,ca4e2b3e-360b-4bf9-859c-5118db1a7fff,20,4.0,,,,95.87,44.33,45.92,45.85,53.08,54.32
2025-12-17T03:51:07.801963,Recipe_B,ca4e2b3e-360b-4bf9-859c-5118db1a7fff,20,4.0,,,,98.33,57.35,54.5,48.74,48.0,43.8
2025-12-17T03:51:08.801963,Recipe_B,ca4e2b3e-360b-4bf9-859c-5118db1a7fff,20,4.0,,,,95.46,58.74,55.44,56.35,52.66,48.95
2025-12-17T03:51:09.801963,Recipe_B,ca4e2b3e-360b-4bf9-859c-5118db1a7fff,20,4.0,,,,104.31,50.46,50.33,51.96,43.35,60.9
2025-12-17T03:51:10.801963,Recipe_B,ca4e2b3e-360b-4bf9-859c-5118db1a7fff,20,4.0,,,,91.33,53.23,45.58,46.56,47.04,47.19
2025-12-17T03:51:11.801963,Recipe_B,ca4e2b3e-360b-4bf9-859c-5118db1a7fff,20,4.0,,,,92.16,50.67,52.42,56.03,51.95,61.76
2025-12-17T03:51:12.801963,Recipe_B,ca4e2b3e-360b-4bf9-859c-5118db1a7fff,20,4.0,,,,100.02,51.12,48.61,55.25,42.05,57.19
2025-12-17T03:51:13.801963,Recipe_B,ca4e2b3e-360b-4bf9-859c-5118db1a7fff,20,4.0,,,,105.19,50.03,45.47,44.31,47.08,51.57
2025-12-17T03:51:14.801963,Recipe_B,ca4e2b3e-360b-4bf9-859c-5118db1a7fff,20,4.0,,,,98.95,45.18,49.7,45.35,50.03,46.83
2025-12-17T03:51:15.801963,Recipe_B,ca4e2b3e-360b-4bf9-859c-5118db1a7fff,20,4.0,,,,101.5,47.27,44.87,50.34,44.46,46.18
2025-12-17T03:51:16.801963,Recipe_B,ca4e2b3e-360b-4bf9-859c-5118db1a7fff,20,4.0,,,,110.02,46.22,51.18,48.17,49.09,58.59
2025-12-17T03:51:17.801963,Recipe_B,ca4e2b3e-360b-4bf9-859c-5118db1a7fff,20,4.0,,,,108.73,50.52,41.07,49.52,44.67,44.83
2025-12-17T03:51:18.801963,Recipe_B,ca4e2b3e-360b-4bf9-859c-5118db1a7fff,20,4.0,,,,107.26,56.18,46.11,52.39,52.09,50.65
2025-12-17T03:51:19.801963,Recipe_B,ca4e2b3e-360b-4bf9-859c-5118db1a7fff,20,4.0,,,,103.9,54.06,54.89,41.6,49.64,59.64
2025-12-17T03:51:20.801963,Recipe_B,ca4e2b3e-360b-4bf9-859c-5118db1a7fff,20,4.0,,,,97.66,54.49,44.11,41.43,51.3,60.31
2025-12-17T03:51:21.801963,Recipe_B,ca4e2b3e-360b-4bf9-859c-5118db1a7fff,20,4.0,,,,103.2,49.17,51.57,45.28,50.45,49.85
2025-12-17T03:51:22.801963,Recipe_B,ca4e2b3e-360b-4bf9-859c-5118db1a7fff,20,4.0,,,,110.58,55.64,53.59,55.89,48.46,49.58
2025-12-17T03:51:23.801963,Recipe_B,ca4e2b3e-360b-4bf9-859c-5118db1a7fff,20,4.0,,,,100.9,49.01,51.07,56.45,48.53,46.94
2025-12-17T03:51:24.801963,Recipe_B,ca4e2b3e-360b-4bf9-859c-5118db1a7fff,20,4.0,,,,99.91,50.15,50.19,41.52,48.15,53.53
2025-12-17T03:51:25.801963,Recipe_B,ca4e2b3e-360b-4bf9-859c-5118db1a7fff,20,0.0,,,,0.0,0.0,0.0,0.0,0.0,0.0
2025-12-17T03:51:26.801963,Recipe_B,ca4e2b3e-360b-4bf9-859c-5118db1a7fff,20,0.0,,,,0.0,0.0,0.0,0.0,0.0,0.0
2025-12-17T03:51:27.801963,Recipe_B,ca4e2b3e-360b-4bf9-859c-5118db1a7fff,20,4.0,,,,103.19,52.34,45.23,47.7,46.72,46.77
2025-12-17T03:51:28.801963,Recipe_B,ca4e2b3e-360b-4bf9-859c-5118db1a7fff,20,4.0,,,,106.23,61.1,38.65,44.39,48.41,51.09
2025-12-17T03:51:29.801963,Recipe_B,ca4e2b3e-360b-4bf9-859c-5118db1a7fff,20,4.0,,,,97.81,53.25,50.54,54.8,52.73,42.38
2025-12-17T03:51:30.801963,Recipe_B,ca4e2b3e-360b-4bf9-859c-5118db1a7fff,20,4.0,,,,96.56,54.06,47.09,43.72,54.82,57.89
2025-12-17T03:51:31.801963,Recipe_B,ca4e2b3e-360b-4bf9-859c-5118db1a7fff,20,2.0,,,,6.31,13.49,10.52,7.43,9.28,10.89
2025-12-17T03:51:32.801963,Recipe_B,ca4e2b3e-360b-4bf9-859c-5118db1a7fff,20,2.0,,,,11.98,4.98,12.41,7.08,9.64,12.16
2025-12-17T03:51:33.801963,Recipe_B,ca4e2b3e-360b-4bf9-859c-5118db1a7fff,20,2.0,,,,7.93,9.19,9.45,8.62,10.54,10.43
2025-12-17T03:51:34.801963,Recipe_B,ca4e2b3e-360b-4bf9-859c-5118db1a7fff,20,5.0,,,,9.2,8.64,9.74,7.78,11.29,7.29
2025-12-17T03:51:35.801963,Recipe_B,ca4e2b3e-360b-4bf9-859c-5118db1a7fff,20,5.0,,,,12.31,13.56,13.6,9.91,10.78,5.19
2025-12-17T03:51:36.801963,Recipe_B,ca4e2b3e-360b-4bf9-859c-5118db1a7fff,20,5.0,,,,11.51,9.57,10.9,9.26,11.05,13.54
2025-12-17T03:51:37.801963,Recipe_B,ca4e2b3e-360b-4bf9-859c-5118db1a7fff,20,5.0,,,,6.11,12.96,5.24,9.69,8.64,8.47
2025-12-17T03:51:38.801963,Recipe_B,ca4e2b3e-360b-4bf9-859c-5118db1a7fff,20,5.0,,,,7.36,7.71,9.1,10.22,12.46,7.02
2025-12-17T03:51:39.801963,Recipe_B,ca4e2b3e-360b-4bf9-859c-5118db1a7fff,20,5.0,,,,7.3,12.28,9.91,9.44,8.69,9.75
2025-12-17T03:51:40.801963,Recipe_B,ca4e2b3e-360b-4bf9-859c-5118db1a7fff,20,5.0,,,,11.1,9.92,9.56,7.94,7.99,8.06
2025-12-17T03:51:41.801963,Recipe_B,ca4e2b3e-360b-4bf9-859c-5118db1a7fff,20,5.0,,,,12.44,11.52,7.81,10.14,12.4,10.25
2025-12-17T03:51:42.801963,Recipe_B,ca4e2b3e-360b-4bf9-859c-5118db1a7fff,20,5.0,,,,6.66,10.08,7.91,11.75,8.05,8.33
2025-12-17T03:51:43.801963,Recipe_B,ca4e2b3e-360b-4bf9-859c-5118db1a7fff,20,5.0,,,,14.23,10.13,7.79,12.07,9.25,10.49
2025-12-17T03:51:44.801963,Recipe_B,ca4e2b3e-360b-4bf9-859c-5118db1a7fff,20,5.0,,,,12.04,9.39,10.6,9.83,10.34,8.95
2025-12-17T03:51:45.801963,Recipe_B,ca4e2b3e-360b-4bf9-859c-5118db1a7fff,20,5.0,,,,3.59,10.37,6.7,11.42,8.24,9.34
2025-12-17T03:51:46.801963,Recipe_B,ca4e2b3e-360b-4bf9-859c-5118db1a7fff,20,5.0,,,,9.7,6.93,8.19,11.05,9.95,8.65
2025-12-17T03:51:47.801963,Recipe_B,ca4e2b3e-360b-4bf9-859c-5118db1a7fff,20,5.0,,,,10.53,6.22,8.67,8.89,9.82,9.59
2025-12-17T03:51:48.801963,Recipe_B,ca4e2b3e-360b-4bf9-859c-5118db1a7fff,20,5.0,,,,12.22,10.72,11.42,11.0,10.54,11.09
2025-12-17T03:51:49.801963,Recipe_B,ca4e2b3e-360b-4bf9-859c-5118db1a7fff,20,5.0,,,,10.14,7.07,13.08,5.69,5.76,5.77
2025-12-17T03:51:50.801963,Recipe_B,ca4e2b3e-360b-4bf9-859c-5118db1a7fff,20,5.0,,,,11.13,10.12,9.0,8.12,11.98,8.41
2025-12-17T03:51:51.801963,Recipe_B,ca4e2b3e-360b-4bf9-859c-5118db1a7fff,20,5.0,,,,11.56,8.98,9.91,8.56,12.51,12.01
2025-12-17T03:51:52.801963,Recipe_B,ca4e2b3e-360b-4bf9-859c-5118db1a7fff,20,5.0,,,,12.05,10.93,9.74,10.26,10.73,9.25
2025-12-17T03:51:53.801963,Recipe_B,ca4e2b3e-360b-4bf9-859c-5118db1a7fff,20,5.0,,,,10.1,13.86,7.31,9.88,8.55,10.72
2025-12-17T03:51:53.801963,Recipe_B,ca4e2b3e-360b-4bf9-859c-5118db1a7fff,20,5.0,Error_7,Simulated Error occurred,Error,,,,,,
2025-12-17T03:51:54.801963,Recipe_B,ca4e2b3e-360b-4bf9-859c-5118db1a7fff,20,5.0,,,,7.7,13.04,10.44,11.56,8.72,11.99
2025-12-17T03:51:55.801963,Recipe_B,ca4e2b3e-360b-4bf9-859c-5118db1a7fff,20,5.0,,,,11.86,9.82,9.22,10.7,10.46,12.88
2025-12-17T03:51:56.801963,Recipe_B,ca4e2b3e-360b-4bf9-859c-5118db1a7fff,20,5.0,,,,10.11,11.17,10.24,6.35,11.42,10.52
2025-12-17T03:51:57.801963,Recipe_B,ca4e2b3e-360b-4bf9-859c-5118db1a7fff,20,5.0,,,,8.37,12.06,10.43,7.83,8.29,12.58
2025-12-17T03:51:58.801963,Recipe_B,ca4e2b3e-360b-4bf9-859c-5118db1a7fff,20,1.0,,,,10.64,9.64,10.99,11.21,11.01,10.54
2025-12-17T03:51:59.801963,Recipe_B,ca4e2b3e-360b-4bf9-859c-5118db1a7fff,20,1.0,,,,9.6,10.26,9.0,10.1,12.26,9.62
2025-12-17T03:52:00.801963,Recipe_B,ca4e2b3e-360b-4bf9-859c-5118db1a7fff,20,1.0,,,,13.43,5.95,7.41,8.36,9.31,12.27
2025-12-17T03:52:01.801963,Recipe_B,ca4e2b3e-360b-4bf9-859c-5118db1a7fff,20,1.0,,,,11.96,11.51,7.85,11.39,10.22,8.2
2025-12-17T03:52:02.801963,Recipe_B,ca4e2b3e-360b-4bf9-859c-5118db1a7fff,20,1.0,,,,8.09,7.23,11.16,9.93,9.48,9.71
2025-12-17T03:52:03.801963,Recipe_B,ca4e2b3e-360b-4bf9-859c-5118db1a7fff,20,1.0,,,,7.65,11.9,9.72,10.54,7.19,11.31
2025-12-17T03:52:04.801963,Recipe_B,ca4e2b3e-360b-4bf9-859c-5118db1a7fff,20,1.0,,,,14.06,12.38,14.16,9.05,14.0,7.86
2025-12-17T03:52:05.801963,Recipe_B,ca4e2b3e-360b-4bf9-859c-5118db1a7fff,20,1.0,,,,9.09,6.98,11.06,9.91,12.69,6.4
2025-12-17T03:52:06.801963,Recipe_B,ca4e2b3e-360b-4bf9-859c-5118db1a7fff,20,1.0,,,,11.15,9.23,10.27,12.27,8.61,11.92
2025-12-17T03:52:07.801963,Recipe_B,ca4e2b3e-360b-4bf9-859c-5118db1a7fff,20,2.0,,,,9.68,10.55,8.97,9.24,14.0,10.5
2025-12-17T03:52:08.801963,Recipe_B,ca4e2b3e-360b-4bf9-859c-5118db1a7fff,20,2.0,,,,11.27,7.55,10.29,6.12,11.25,10.08
2025-12-17T03:52:09.801963,Recipe_B,ca4e2b3e-360b-4bf9-859c-5118db1a7fff,20,2.0,,,,11.94,8.71,9.22,11.52,9.55,10.42
2025-12-17T03:52:10.801963,Recipe_B,ca4e2b3e-360b-4bf9-859c-5118db1a7fff,20,2.0,,,,12.99,7.88,7.93,11.02,10.27,8.09
2025-12-17T03:52:11.801963,Recipe_B,ca4e2b3e-360b-4bf9-859c-5118db1a7fff,20,2.0,,,,14.02,9.16,8.49,7.71,9.14,9.33
2025-12-17T03:52:12.801963,Recipe_B,ca4e2b3e-360b-4bf9-859c-5118db1a7fff,20,2.0,,,,11.13,8.74,11.97,9.89,11.54,6.85
2025-12-17T03:52:13.801963,Recipe_B,ca4e2b3e-360b-4bf9-859c-5118db1a7fff,20,2.0,,,,8.25,10.14,8.69,11.18,8.1,9.37
2025-12-17T03:52:14.801963,Recipe_B,ca4e2b3e-360b-4bf9-859c-5118db1a7fff,20,2.0,,,,7.05,8.2,9.69,11.01,8.53,10.77
2025-12-17T03:52:15.801963,Recipe_B,ca4e2b3e-360b-4bf9-859c-5118db1a7fff,20,2.0,,,,7.85,12.14,10.15,11.32,8.18,10.19
2025-12-17T03:52:16.801963,Recipe_B,ca4e2b3e-360b-4bf9-859c-5118db1a7fff,20,2.0,,,,10.65,13.55,10.9,9.35,10.8,10.12
2025-12-17T03:52:17.801963,Recipe_B,ca4e2b3e-360b-4bf9-859c-5118db1a7fff,20,2.0,,,,9.16,11.03,11.77,10.58,5.89,8.2
2025-12-17T03:52:17.801963,Recipe_B,ca4e2b3e-360b-4bf9-859c-5118db1a7fff,20,2.0,Warning_3,Simulated Warning occurred,Warning,,,,,,
2025-12-17T03:52:18.801963,Recipe_B,ca4e2b3e-360b-4bf9-859c-5118db1a7fff,20,2.0,,,,11.56,8.31,9.9,6.69,8.45,7.01
2025-12-17T03:52:19.801963,Recipe_B,ca4e2b3e-360b-4bf9-859c-5118db1a7fff,20,2.0,,,,10.91,12.16,9.64,10.42,10.19,10.22
2025-12-17T03:52:20.801963,Recipe_B,ca4e2b3e-360b-4bf9-859c-5118db1a7fff,20,2.0,,,,8.25,7.12,10.12,5.59,8.85,13.44
2025-12-17T03:52:21.801963,Recipe_B,ca4e2b3e-360b-4bf9-859c-5118db1a7fff,20,2.0,,,,10.33,8.56,5.8,10.7,8.16,9.2
2025-12-17T03:52:22.801963,Recipe_B,ca4e2b3e-360b-4bf9-859c-5118db1a7fff,20,2.0,,,,10.51,9.46,13.86,7.2,10.54,9.17
2025-12-17T03:52:23.801963,Recipe_B,ca4e2b3e-360b-4bf9-859c-5118db1a7fff,20,2.0,,,,9.61,10.58,8.75,9.76,11.6,12.24
2025-12-17T03:52:24.801963,Recipe_B,ca4e2b3e-360b-4bf9-859c-5118db1a7fff,20,2.0,,,,11.28,7.87,12.46,10.16,11.39,12.11
2025-12-17T03:52:25.801963,Recipe_B,ca4e2b3e-360b-4bf9-859c-5118db1a7fff,20,2.0,,,,9.88,12.2,9.19,10.35,11.56,10.54
2025-12-17T03:52:26.801963,Recipe_B,ca4e2b3e-360b-4bf9-859c-5118db1a7fff,20,2.0,,,,9.81,13.75,9.95,13.39,8.71,11.56
2025-12-17T03:52:27.801963,Recipe_B,ca4e2b3e-360b-4bf9-859c-5118db1a7fff,20,2.0,,,,11.64,7.28,9.77,7.52,8.14,8.12
2025-12-17T03:52:28.801963,Recipe_B,ca4e2b3e-360b-4bf9-859c-5118db1a7fff,20,2.0,,,,10.0,7.72,8.86,8.27,11.14,8.54
2025-12-17T03:52:29.801963,Recipe_B,ca4e2b3e-360b-4bf9-859c-5118db1a7fff,20,2.0,,,,9.34,6.5,8.16,11.15,9.91,10.64
2025-12-17T03:52:30.801963,Recipe_B,ca4e2b3e-360b-4bf9-859c-5118db1a7fff,20,2.0,,,,11.09,7.76,14.32,8.12,5.97,8.43
2025-12-17T03:52:31.801963,Recipe_B,ca4e2b3e-360b-4bf9-859c-5118db1a7fff,20,2.0,,,,10.89,15.07,9.92,12.31,6.09,5.83
2025-12-17T03:52:32.801963,Recipe_B,ca4e2b3e-360b-4bf9-859c-5118db1a7fff,20,2.0,,,,10.82,7.0,10.53,6.85,7.96,5.61
2025-12-17T03:52:33.801963,Recipe_B,ca4e2b3e-360b-4bf9-859c-5118db1a7fff,20,2.0,,,,9.36,12.94,12.19,9.59,11.54,8.59
2025-12-17T03:52:34.801963,Recipe_B,ca4e2b3e-360b-4bf9-859c-5118db1a7fff,20,2.0,,,,11.83,10.16,8.22,9.99,8.08,10.39
2025-12-17T03:52:35.801963,Recipe_B,ca4e2b3e-360b-4bf9-859c-5118db1a7fff,20,2.0,,,,8.86,10.35,10.53,10.41,10.86,10.72
2025-12-17T03:52:36.801963,Recipe_B,ca4e2b3e-360b-4bf9-859c-5118db1a7fff,20,2.0,,,,10.84,9.01,7.45,9.37,11.25,12.43
2025-12-17T03:52:37.801963,Recipe_B,ca4e2b3e-360b-4bf9-859c-5118db1a7fff,20,2.0,,,,8.8,9.22,7.47,13.47,9.22,7.98
2025-12-17T03:52:38.801963,Recipe_B,ca4e2b3e-360b-4bf9-859c-5118db1a7fff,20,2.0,,,,10.8,8.08,8.84,11.49,9.39,9.64
2025-12-17T03:52:39.801963,Recipe_B,ca4e2b3e-360b-4bf9-859c-5118db1a7fff,20,2.0,,,,9.53,14.6,12.27,8.99,8.78,13.14
2025-12-17T03:52:40.801963,Recipe_B,ca4e2b3e-360b-4bf9-859c-5118db1a7fff,20,2.0,,,,9.87,9.49,8.79,11.0,13.53,10.53
2025-12-17T03:52:41.801963,Recipe_B,ca4e2b3e-360b-4bf9-859c-5118db1a7fff,20,2.0,,,,8.32,9.61,9.29,8.49,10.38,9.94
2025-12-17T03:52:42.801963,Recipe_B,ca4e2b3e-360b-4bf9-859c-5118db1a7fff,20,2.0,,,,10.67,7.72,4.52,9.88,10.22,14.07
2025-12-17T03:52:43.801963,Recipe_B,ca4e2b3e-360b-4bf9-859c-5118db1a7fff,20,2.0,,,,8.98,13.92,13.93,7.31,8.03,11.18
2025-12-17T03:52:44.801963,Recipe_B,ca4e2b3e-360b-4bf9-859c-5118db1a7fff,20,2.0,,,,8.61,9.06,12.61,9.15,14.08,10.83
2025-12-17T03:52:45.801963,Recipe_B,ca4e2b3e-360b-4bf9-859c-5118db1a7fff,20,2.0,,,,5.66,10.31,10.48,12.25,10.8,9.03
2025-12-17T03:52:46.801963,Recipe_B,ca4e2b3e-360b-4bf9-859c-5118db1a7fff,20,2.0,,,,14.52,10.71,12.74,8.96,2.24,10.0
2025-12-17T03:52:47.801963,Recipe_B,ca4e2b3e-360b-4bf9-859c-5118db1a7fff,20,2.0,,,,8.86,10.02,12.68,10.15,12.94,8.41
2025-12-17T03:52:48.801963,Recipe_B,ca4e2b3e-360b-4bf9-859c-5118db1a7fff,20,2.0,,,,9.45,6.74,10.01,10.13,13.81,7.9
2025-12-17T03:52:49.801963,Recipe_B,ca4e2b3e-360b-4bf9-859c-5118db1a7fff,20,2.0,,,,12.6,10.15,8.81,8.55,8.04,8.86
2025-12-17T03:52:50.801963,Recipe_B,ca4e2b3e-360b-4bf9-859c-5118db1a7fff,20,2.0,,,,9.15,7.12,12.69,13.02,9.59,11.61
2025-12-17T03:52:51.801963,Recipe_B,ca4e2b3e-360b-4bf9-859c-5118db1a7fff,20,2.0,,,,9.56,10.31,10.24,10.69,10.72,10.53
2025-12-17T03:52:52.801963,Recipe_B,ca4e2b3e-360b-4bf9-859c-5118db1a7fff,20,2.0,,,,10.56,11.86,8.65,10.19,10.06,7.02
2025-12-17T03:52:53.801963,Recipe_B,ca4e2b3e-360b-4bf9-859c-5118db1a7fff,20,2.0,,,,9.08,11.13,7.44,9.74,9.79,10.51
2025-12-17T03:52:54.801963,Recipe_B,ca4e2b3e-360b-4bf9-859c-5118db1a7fff,20,2.0,,,,10.8,8.65,9.99,9.78,13.58,9.99
2025-12-17T03:52:55.801963,Recipe_B,ca4e2b3e-360b-4bf9-859c-5118db1a7fff,20,2.0,,,,5.67,10.85,10.67,10.33,12.52,10.23
2025-12-17T03:52:56.801963,Recipe_B,ca4e2b3e-360b-4bf9-859c-5118db1a7fff,20,2.0,,,,7.86,7.72,9.45,10.57,11.38,11.76
2025-12-17T03:52:57.801963,Recipe_B,ca4e2b3e-360b-4bf9-859c-5118db1a7fff,20,2.0,,,,11.95,12.8,10.22,10.14,5.88,11.87
2025-12-17T03:52:58.801963,Recipe_B,ca4e2b3e-360b-4bf9-859c-5118db1a7fff,20,2.0,,,,10.45,13.64,11.15,9.67,7.81,8.57
2025-12-17T03:52:59.801963,Recipe_B,ca4e2b3e-360b-4bf9-859c-5118db1a7fff,20,2.0,,,,12.51,10.47,11.77,9.28,14.75,8.63
2025-12-17T03:53:00.801963,Recipe_B,ca4e2b3e-360b-4bf9-859c-5118db1a7fff,20,2.0,,,,11.38,14.64,9.85,10.39,10.3,12.22
2025-12-17T03:53:01.801963,Recipe_B,ca4e2b3e-360b-4bf9-859c-5118db1a7fff,20,2.0,,,,7.34,8.26,10.14,5.72,9.46,12.75
2025-12-17T03:53:02.801963,Recipe_B,ca4e2b3e-360b-4bf9-859c-5118db1a7fff,20,2.0,,,,8.86,11.36,9.97,10.41,10.2,9.43
2025-12-17T03:53:03.801963,Recipe_B,ca4e2b3e-360b-4bf9-859c-5118db1a7fff,20,2.0,,,,11.49,10.08,7.97,11.33,8.11,7.27
2025-12-17T03:53:04.801963,Recipe_B,ca4e2b3e-360b-4bf9-859c-5118db1a7fff,20,2.0,,,,8.37,9.66,14.23,8.75,10.73,12.53
2025-12-17T03:53:05.801963,Recipe_B,ca4e2b3e-360b-4bf9-859c-5118db1a7fff,20,2.0,,,,10.82,12.31,10.94,11.96,11.81,13.38
2025-12-17T03:53:06.801963,Recipe_B,ca4e2b3e-360b-4bf9-859c-5118db1a7fff,20,2.0,,,,5.73,7.65,8.84,12.46,9.6,11.82
2025-12-17T03:53:07.801963,Recipe_B,ca4e2b3e-360b-4bf9-859c-5118db1a7fff,20,2.0,,,,6.41,8.3,11.07,16.35,8.39,10.62
2025-12-17T03:53:08.801963,Recipe_B,ca4e2b3e-360b-4bf9-859c-5118db1a7fff,20,2.0,,,,9.34,8.27,12.54,9.84,9.12,11.38
2025-12-17T03:53:09.801963,Recipe_B,ca4e2b3e-360b-4bf9-859c-5118db1a7fff,20,2.0,,,,12.69,11.66,10.64,9.26,11.41,8.32
2025-12-17T03:53:10.801963,Recipe_B,ca4e2b3e-360b-4bf9-859c-5118db1a7fff,20,2.0,,,,10.22,11.9,10.43,8.97,11.82,7.34
2025-12-17T03:53:11.801963,Recipe_B,ca4e2b3e-360b-4bf9-859c-5118db1a7fff,20,2.0,,,,10.04,9.26,11.28,11.83,8.5,9.83
2025-12-17T03:53:12.801963,Recipe_B,ca4e2b3e-360b-4bf9-859c-5118db1a7fff,20,2.0,,,,7.78,11.08,10.55,8.34,8.82,11.81
2025-12-17T03:53:13.801963,Recipe_B,ca4e2b3e-360b-4bf9-859c-5118db1a7fff,20,2.0,,,,8.72,8.83,10.85,11.62,10.31,11.58
2025-12-17T03:53:14.801963,Recipe_B,ca4e2b3e-360b-4bf9-859c-5118db1a7fff,20,2.0,,,,12.61,9.68,10.97,9.86,12.33,11.61
2025-12-17T03:53:15.801963,Recipe_B,ca4e2b3e-360b-4bf9-859c-5118db1a7fff,20,2.0,,,,11.91,10.63,11.1,6.57,8.97,10.55
2025-12-17T03:53:16.801963,Recipe_B,ca4e2b3e-360b-4bf9-859c-5118db1a7fff,20,2.0,,,,10.08,7.9,11.42,9.13,9.52,10.08
2025-12-17T03:53:17.801963,Recipe_B,ca4e2b3e-360b-4bf9-859c-5118db1a7fff,20,2.0,,,,8.09,9.15,12.56,10.94,9.55,10.4
2025-12-17T03:53:18.801963,Recipe_B,ca4e2b3e-360b-4bf9-859c-5118db1a7fff,20,2.0,,,,8.62,10.13,9.21,10.54,9.82,8.97
2025-12-17T03:53:19.801963,Recipe_B,ca4e2b3e-360b-4bf9-859c-5118db1a7fff,20,0.0,,,,0.0,0.0,0.0,0.0,0.0,0.0
2025-12-17T03:53:20.801963,Recipe_B,ca4e2b3e-360b-4bf9-859c-5118db1a7fff,20,0.0,,,,0.0,0.0,0.0,0.0,0.0,0.0
2025-12-17T03:53:21.801963,Recipe_B,ca4e2b3e-360b-4bf9-859c-5118db1a7fff,20,0.0,,,,0.0,0.0,0.0,0.0,0.0,0.0
2025-12-17T03:53:22.801963,Recipe_B,ca4e2b3e-360b-4bf9-859c-5118db1a7fff,20,0.0,,,,0.0,0.0,0.0,0.0,0.0,0.0
2025-12-17T03:53:23.801963,Recipe_B,ca4e2b3e-360b-4bf9-859c-5118db1a7fff,20,0.0,,,,0.0,0.0,0.0,0.0,0.0,0.0
2025-12-17T03:53:24.801963,Recipe_B,ca4e2b3e-360b-4bf9-859c-5118db1a7fff,20,0.0,,,,0.0,0.0,0.0,0.0,0.0,0.0
2025-12-17T03:53:25.801963,Recipe_B,ca4e2b3e-360b-4bf9-859c-5118db1a7fff,20,0.0,,,,0.0,0.0,0.0,0.0,0.0,0.0
2025-12-17T03:53:26.801963,Recipe_B,ca4e2b3e-360b-4bf9-859c-5118db1a7fff,20,0.0,,,,0.0,0.0,0.0,0.0,0.0,0.0
2025-12-17T03:53:27.801963,Recipe_B,ca4e2b3e-360b-4bf9-859c-5118db1a7fff,20,0.0,,,,0.0,0.0,0.0,0.0,0.0,0.0
2025-12-17T03:53:28.801963,Recipe_B,ca4e2b3e-360b-4bf9-859c-5118db1a7fff,20,0.0,,,,0.0,0.0,0.0,0.0,0.0,0.0
2025-12-17T03:53:29.801963,Recipe_B,ca4e2b3e-360b-4bf9-859c-5118db1a7fff,20,0.0,,,,0.0,0.0,0.0,0.0,0.0,0.0
2025-12-17T03:53:30.801963,Recipe_B,ca4e2b3e-360b-4bf9-859c-5118db1a7fff,20,0.0,,,,0.0,0.0,0.0,0.0,0.0,0.0
2025-12-17T03:53:31.801963,Recipe_B,ca4e2b3e-360b-4bf9-859c-5118db1a7fff,20,0.0,,,,0.0,0.0,0.0,0.0,0.0,0.0
2025-12-17T03:53:32.801963,Recipe_B,ca4e2b3e-360b-4bf9-859c-5118db1a7fff,20,0.0,,,,0.0,0.0,0.0,0.0,0.0,0.0
2025-12-17T03:53:33.801963,Recipe_B,ca4e2b3e-360b-4bf9-859c-5118db1a7fff,20,0.0,,,,0.0,0.0,0.0,0.0,0.0,0.0
2025-12-17T03:53:34.801963,Recipe_B,ca4e2b3e-360b-4bf9-859c-5118db1a7fff,20,0.0,,,,0.0,0.0,0.0,0.0,0.0,0.0
2025-12-17T03:53:35.801963,Recipe_B,ca4e2b3e-360b-4bf9-859c-5118db1a7fff,20,0.0,,,,0.0,0.0,0.0,0.0,0.0,0.0
2025-12-17T03:53:36.801963,Recipe_B,ca4e2b3e-360b-4bf9-859c-5118db1a7fff,20,0.0,,,,0.0,0.0,0.0,0.0,0.0,0.0
2025-12-17T03:53:37.801963,Recipe_B,ca4e2b3e-360b-4bf9-859c-5118db1a7fff,20,0.0,,,,0.0,0.0,0.0,0.0,0.0,0.0
2025-12-17T03:53:38.801963,Recipe_B,ca4e2b3e-360b-4bf9-859c-5118db1a7fff,20,0.0,,,,0.0,0.0,0.0,0.0,0.0,0.0
2025-12-17T03:53:39.801963,Recipe_B,ca4e2b3e-360b-4bf9-859c-5118db1a7fff,20,0.0,,,,0.0,0.0,0.0,0.0,0.0,0.0
2025-12-17T03:53:40.801963,Recipe_B,ca4e2b3e-360b-4bf9-859c-5118db1a7fff,20,0.0,,,,0.0,0.0,0.0,0.0,0.0,0.0
2025-12-17T03:53:41.801963,Recipe_B,ca4e2b3e-360b-4bf9-859c-5118db1a7fff,20,0.0,,,,0.0,0.0,0.0,0.0,0.0,0.0
2025-12-17T03:53:42.801963,Recipe_B,ca4e2b3e-360b-4bf9-859c-5118db1a7fff,20,0.0,,,,0.0,0.0,0.0,0.0,0.0,0.0
2025-12-17T03:53:43.801963,Recipe_B,ca4e2b3e-360b-4bf9-859c-5118db1a7fff,20,0.0,,,,0.0,0.0,0.0,0.0,0.0,0.0
2025-12-17T03:53:44.801963,Recipe_B,ca4e2b3e-360b-4bf9-859c-5118db1a7fff,20,0.0,,,,0.0,0.0,0.0,0.0,0.0,0.0
2025-12-17T03:53:45.801963,Recipe_B,ca4e2b3e-360b-4bf9-859c-5118db1a7fff,20,0.0,,,,0.0,0.0,0.0,0.0,0.0,0.0
2025-12-17T03:53:46.801963,Recipe_B,ca4e2b3e-360b-4bf9-859c-5118db1a7fff,20,0.0,,,,0.0,0.0,0.0,0.0,0.0,0.0
2025-12-17T03:53:47.801963,Recipe_B,ca4e2b3e-360b-4bf9-859c-5118db1a7fff,20,0.0,,,,0.0,0.0,0.0,0.0,0.0,0.0
2025-12-17T03:53:48.801963,Recipe_B,ca4e2b3e-360b-4bf9-859c-5118db1a7fff,20,0.0,,,,0.0,0.0,0.0,0.0,0.0,0.0
2025-12-17T03:53:49.801963,Recipe_B,ca4e2b3e-360b-4bf9-859c-5118db1a7fff,20,0.0,,,,0.0,0.0,0.0,0.0,0.0,0.0
2025-12-17T03:53:50.801963,Recipe_B,ca4e2b3e-360b-4bf9-859c-5118db1a7fff,20,0.0,,,,0.0,0.0,0.0,0.0,0.0,0.0
2025-12-17T03:53:51.801963,Recipe_B,ca4e2b3e-360b-4bf9-859c-5118db1a7fff,20,0.0,,,,0.0,0.0,0.0,0.0,0.0,0.0
2025-12-17T03:53:52.801963,Recipe_B,ca4e2b3e-360b-4bf9-859c-5118db1a7fff,20,0.0,,,,0.0,0.0,0.0,0.0,0.0,0.0
2025-12-17T03:53:53.801963,Recipe_B,ca4e2b3e-360b-4bf9-859c-5118db1a7fff,20,0.0,,,,0.0,0.0,0.0,0.0,0.0,0.0
2025-12-17T03:53:54.801963,Recipe_B,ca4e2b3e-360b-4bf9-859c-5118db1a7fff,20,0.0,,,,0.0,0.0,0.0,0.0,0.0,0.0
2025-12-17T03:53:55.801963,Recipe_B,ca4e2b3e-360b-4bf9-859c-5118db1a7fff,20,0.0,,,,0.0,0.0,0.0,0.0,0.0,0.0
2025-12-17T03:53:56.801963,Recipe_B,ca4e2b3e-360b-4bf9-859c-5118db1a7fff,20,0.0,,,,0.0,0.0,0.0,0.0,0.0,0.0
2025-12-17T03:53:57.801963,Recipe_B,ca4e2b3e-360b-4bf9-859c-5118db1a7fff,20,0.0,,,,0.0,0.0,0.0,0.0,0.0,0.0
2025-12-17T03:53:58.801963,Recipe_B,ca4e2b3e-360b-4bf9-859c-5118db1a7fff,20,0.0,,,,0.0,0.0,0.0,0.0,0.0,0.0
2025-12-17T03:53:59.801963,Recipe_B,ca4e2b3e-360b-4bf9-859c-5118db1a7fff,20,0.0,,,,0.0,0.0,0.0,0.0,0.0,0.0
2025-12-17T03:54:00.801963,Recipe_B,ca4e2b3e-360b-4bf9-859c-5118db1a7fff,20,0.0,,,,0.0,0.0,0.0,0.0,0.0,0.0
2025-12-17T03:54:01.801963,Recipe_B,ca4e2b3e-360b-4bf9-859c-5118db1a7fff,20,0.0,,,,0.0,0.0,0.0,0.0,0.0,0.0
2025-12-17T03:54:02.801963,Recipe_B,ca4e2b3e-360b-4bf9-859c-5118db1a7fff,20,0.0,,,,0.0,0.0,0.0,0.0,0.0,0.0
2025-12-17T03:54:03.801963,Recipe_B,ca4e2b3e-360b-4bf9-859c-5118db1a7fff,20,0.0,,,,0.0,0.0,0.0,0.0,0.0,0.0
2025-12-17T03:54:04.801963,Recipe_B,ca4e2b3e-360b-4bf9-859c-5118db1a7fff,20,0.0,,,,0.0,0.0,0.0,0.0,0.0,0.0
2025-12-17T03:54:05.801963,Recipe_B,ca4e2b3e-360b-4bf9-859c-5118db1a7fff,20,0.0,,,,0.0,0.0,0.0,0.0,0.0,0.0
2025-12-17T03:54:06.801963,Recipe_B,ca4e2b3e-360b-4bf9-859c-5118db1a7fff,20,0.0,,,,0.0,0.0,0.0,0.0,0.0,0.0
2025-12-17T03:54:07.801963,Recipe_B,ca4e2b3e-360b-4bf9-859c-5118db1a7fff,20,0.0,,,,0.0,0.0,0.0,0.0,0.0,0.0
2025-12-17T03:54:08.801963,Recipe_B,ca4e2b3e-360b-4bf9-859c-5118db1a7fff,20,0.0,,,,0.0,0.0,0.0,0.0,0.0,0.0
2025-12-17T03:54:09.801963,Recipe_B,ca4e2b3e-360b-4bf9-859c-5118db1a7fff,20,0.0,,,,0.0,0.0,0.0,0.0,0.0,0.0
2025-12-17T03:54:10.801963,Recipe_B,ca4e2b3e-360b-4bf9-859c-5118db1a7fff,20,0.0,,,,0.0,0.0,0.0,0.0,0.0,0.0
2025-12-17T03:54:11.801963,Recipe_B,ca4e2b3e-360b-4bf9-859c-5118db1a7fff,20,0.0,,,,0.0,0.0,0.0,0.0,0.0,0.0
2025-12-17T03:54:12.801963,Recipe_B,ca4e2b3e-360b-4bf9-859c-5118db1a7fff,20,0.0,,,,0.0,0.0,0.0,0.0,0.0,0.0
2025-12-17T03:54:13.801963,Recipe_B,ca4e2b3e-360b-4bf9-859c-5118db1a7fff,20,0.0,,,,0.0,0.0,0.0,0.0,0.0,0.0
2025-12-17T03:54:14.801963,Recipe_B,ca4e2b3e-360b-4bf9-859c-5118db1a7fff,20,0.0,,,,0.0,0.0,0.0,0.0,0.0,0.0
2025-12-17T03:54:15.801963,Recipe_B,ca4e2b3e-360b-4bf9-859c-5118db1a7fff,20,2.0,,,,9.29,9.22,8.54,13.75,10.84,9.56
2025-12-17T03:54:16.801963,Recipe_B,ca4e2b3e-360b-4bf9-859c-5118db1a7fff,20,2.0,,,,11.24,11.41,8.61,7.91,10.63,6.33
2025-12-17T03:54:17.801963,Recipe_B,ca4e2b3e-360b-4bf9-859c-5118db1a7fff,20,3.0,,,,9.15,11.32,11.51,13.91,11.82,11.62
2025-12-17T03:54:18.801963,Recipe_B,ca4e2b3e-360b-4bf9-859c-5118db1a7fff,20,3.0,,,,9.19,10.0,11.96,12.43,7.71,6.87
2025-12-17T03:54:19.801963,Recipe_B,ca4e2b3e-360b-4bf9-859c-5118db1a7fff,20,3.0,,,,10.48,12.79,11.19,6.89,9.86,8.8
2025-12-17T03:54:20.801963,Recipe_B,ca4e2b3e-360b-4bf9-859c-5118db1a7fff,20,2.0,,,,10.19,12.47,10.01,13.15,7.3,10.48
2025-12-17T03:54:21.801963,Recipe_B,ca4e2b3e-360b-4bf9-859c-5118db1a7fff,20,2.0,,,,10.2,9.22,10.05,8.34,7.74,11.43
2025-12-17T03:54:22.801963,Recipe_B,ca4e2b3e-360b-4bf9-859c-5118db1a7fff,20,2.0,,,,14.13,9.43,12.14,8.87,11.93,8.98
2025-12-17T03:54:23.801963,Recipe_B,ca4e2b3e-360b-4bf9-859c-5118db1a7fff,20,2.0,,,,11.38,10.7,7.44,10.24,8.7,9.8
2025-12-17T03:54:24.801963,Recipe_B,ca4e2b3e-360b-4bf9-859c-5118db1a7fff,20,2.0,,,,5.78,7.54,7.0,9.87,9.42,9.34
2025-12-17T03:54:25.801963,Recipe_B,ca4e2b3e-360b-4bf9-859c-5118db1a7fff,20,3.0,,,,7.24,9.09,8.74,7.14,9.97,9.51
2025-12-17T03:54:26.801963,Recipe_B,ca4e2b3e-360b-4bf9-859c-5118db1a7fff,20,3.0,,,,9.08,11.75,11.97,12.15,13.04,11.8
2025-12-17T03:54:27.801963,Recipe_B,ca4e2b3e-360b-4bf9-859c-5118db1a7fff,20,3.0,,,,10.59,15.22,8.13,11.26,10.04,12.25
2025-12-17T03:54:28.801963,Recipe_B,ca4e2b3e-360b-4bf9-859c-5118db1a7fff,20,3.0,,,,9.87,9.84,8.95,9.39,10.41,7.74
2025-12-17T03:54:29.801963,Recipe_B,ca4e2b3e-360b-4bf9-859c-5118db1a7fff,20,3.0,,,,11.21,10.09,11.32,11.59,8.37,10.5
2025-12-17T03:54:30.801963,Recipe_B,ca4e2b3e-360b-4bf9-859c-5118db1a7fff,20,3.0,,,,9.77,9.47,11.38,7.79,10.72,9.66
2025-12-17T03:54:31.801963,Recipe_B,ca4e2b3e-360b-4bf9-859c-5118db1a7fff,20,3.0,,,,10.83,10.55,12.1,8.29,10.41,9.05
2025-12-17T03:54:32.801963,Recipe_B,ca4e2b3e-360b-4bf9-859c-5118db1a7fff,20,3.0,,,,11.2,12.37,12.12,6.23,12.56,8.74
2025-12-17T03:54:33.801963,Recipe_B,ca4e2b3e-360b-4bf9-859c-5118db1a7fff,20,3.0,,,,10.22,12.2,11.9,12.32,10.6,8.98
2025-12-17T03:54:34.801963,Recipe_B,ca4e2b3e-360b-4bf9-859c-5118db1a7fff,20,3.0,,,,8.91,11.98,14.23,4.92,6.2,9.73
2025-12-17T03:54:35.801963,Recipe_B,ca4e2b3e-360b-4bf9-859c-5118db1a7fff,20,3.0,,,,9.39,9.46,11.12,8.63,10.26,7.77
2025-12-17T03:54:36.801963,Recipe_B,ca4e2b3e-360b-4bf9-859c-5118db1a7fff,20,3.0,,,,7.38,8.41,8.22,12.4,8.3,13.11
2025-12-17T03:54:37.801963,Recipe_B,ca4e2b3e-360b-4bf9-859c-5118db1a7fff,20,3.0,,,,9.08,8.04,12.96,8.93,12.29,9.97
2025-12-17T03:54:38.801963,Recipe_B,ca4e2b3e-360b-4bf9-859c-5118db1a7fff,20,3.0,,,,6.58,10.79,12.55,10.34,6.74,11.05
2025-12-17T03:54:39.801963,Recipe_B,ca4e2b3e-360b-4bf9-859c-5118db1a7fff,20,3.0,,,,7.8,6.98,14.02,12.88,9.12,9.9
2025-12-17T03:54:40.801963,Recipe_B,ca4e2b3e-360b-4bf9-859c-5118db1a7fff,20,3.0,,,,9.74,10.68,11.59,10.78,13.51,14.14
2025-12-17T03:54:41.801963,Recipe_B,ca4e2b3e-360b-4bf9-859c-5118db1a7fff,20,3.0,,,,9.42,7.91,9.7,10.74,10.15,9.85
2025-12-17T03:54:42.801963,Recipe_B,ca4e2b3e-360b-4bf9-859c-5118db1a7fff,20,3.0,,,,11.91,7.53,9.28,11.69,8.33,8.73
2025-12-17T03:54:43.801963,Recipe_B,ca4e2b3e-360b-4bf9-859c-5118db1a7fff,20,3.0,,,,8.83,6.88,10.56,12.66,10.98,6.0
2025-12-17T03:54:44.801963,Recipe_B,ca4e2b3e-360b-4bf9-859c-5118db1a7fff,20,3.0,,,,12.03,8.7,9.53,8.93,8.48,12.29
2025-12-17T03:54:45.801963,Recipe_B,ca4e2b3e-360b-4bf9-859c-5118db1a7fff,20,3.0,,,,10.05,9.79,10.78,10.16,13.46,11.06
2025-12-17T03:54:46.801963,Recipe_B,ca4e2b3e-360b-4bf9-859c-5118db1a7fff,20,3.0,,,,8.09,10.61,16.2,9.19,10.84,11.63
2025-12-17T03:54:47.801963,Recipe_B,ca4e2b3e-360b-4bf9-859c-5118db1a7fff,20,3.0,,,,7.79,7.38,10.73,9.63,15.34,8.23
2025-12-17T03:54:48.801963,Recipe_B,ca4e2b3e-360b-4bf9-859c-5118db1a7fff,20,3.0,,,,9.02,11.47,8.27,13.62,11.08,10.0
2025-12-17T03:54:49.801963,Recipe_B,ca4e2b3e-360b-4bf9-859c-5118db1a7fff,20,3.0,,,,10.61,11.23,10.11,8.34,7.74,11.28
2025-12-17T03:54:50.801963,Recipe_B,ca4e2b3e-360b-4bf9-859c-5118db1a7fff,20,3.0,,,,10.59,13.51,5.79,11.32,9.75,8.05
2025-12-17T03:54:51.801963,Recipe_B,ca4e2b3e-360b-4bf9-859c-5118db1a7fff,20,3.0,,,,10.6,7.7,10.82,9.94,10.28,12.5
2025-12-17T03:54:52.801963,Recipe_B,ca4e2b3e-360b-4bf9-859c-5118db1a7fff,20,3.0,,,,11.73,9.51,10.24,13.52,8.7,11.37
2025-12-17T03:54:52.801963,Recipe_B,ca4e2b3e-360b-4bf9-859c-5118db1a7fff,20,3.0,Warning_9,Simulated Warning occurred,Warning,,,,,,
2025-12-17T03:54:53.801963,Recipe_B,ca4e2b3e-360b-4bf9-859c-5118db1a7fff,20,3.0,,,,12.22,10.02,8.28,7.14,10.98,9.23
2025-12-17T03:54:54.801963,Recipe_B,ca4e2b3e-360b-4bf9-859c-5118db1a7fff,20,3.0,,,,10.82,9.92,11.68,9.56,9.05,10.11
2025-12-17T03:54:55.801963,Recipe_B,ca4e2b3e-360b-4bf9-859c-5118db1a7fff,20,3.0,,,,10.93,9.84,10.99,11.45,8.83,6.99
2025-12-17T03:54:56.801963,Recipe_B,ca4e2b3e-360b-4bf9-859c-5118db1a7fff,20,4.0,,,,94.64,39.35,44.31,44.81,45.17,54.31
2025-12-17T03:54:57.801963,Recipe_B,ca4e2b3e-360b-4bf9-859c-5118db1a7fff,20,5.0,,,,11.76,13.08,7.97,10.24,10.13,8.56
2025-12-17T03:54:58.801963,Recipe_B,ca4e2b3e-360b-4bf9-859c-5118db1a7fff,20,5.0,,,,9.58,7.92,9.33,10.17,7.58,9.66
2025-12-17T03:54:58.801963,Recipe_B,ca4e2b3e-360b-4bf9-859c-5118db1a7fff,20,5.0,Warning_1,Simulated Warning occurred,Warning,,,,,,
2025-12-17T03:54:59.801963,Recipe_B,ca4e2b3e-360b-4bf9-859c-5118db1a7fff,20,5.0,,,,9.81,12.87,7.41,11.01,10.45,11.6
2025-12-17T03:55:00.801963,Recipe_B,ca4e2b3e-360b-4bf9-859c-5118db1a7fff,20,5.0,,,,9.78,11.9,6.84,8.97,12.83,11.56
2025-12-17T03:55:01.801963,Recipe_B,ca4e2b3e-360b-4bf9-859c-5118db1a7fff,20,5.0,,,,11.14,9.74,7.46,7.02,8.56,9.89
2025-12-17T03:55:02.801963,Recipe_B,ca4e2b3e-360b-4bf9-859c-5118db1a7fff,20,2.0,,,,7.98,15.63,12.59,12.0,8.5,9.26
2025-12-17T03:55:03.801963,Recipe_B,ca4e2b3e-360b-4bf9-859c-5118db1a7fff,20,2.0,,,,12.15,8.66,12.09,8.63,10.23,8.85
2025-12-17T03:55:04.801963,Recipe_B,ca4e2b3e-360b-4bf9-859c-5118db1a7fff,20,2.0,,,,9.26,12.77,10.41,8.51,10.26,11.09
2025-12-17T03:55:05.801963,Recipe_B,ca4e2b3e-360b-4bf9-859c-5118db1a7fff,20,2.0,,,,12.14,11.25,12.03,9.6,9.15,11.92
2025-12-17T03:55:06.801963,Recipe_B,ca4e2b3e-360b-4bf9-859c-5118db1a7fff,20,2.0,,,,10.16,7.99,5.56,13.38,8.55,7.04
2025-12-17T03:55:07.801963,Recipe_B,ca4e2b3e-360b-4bf9-859c-5118db1a7fff,20,2.0,,,,10.64,11.07,9.97,8.58,9.36,11.47
2025-12-17T03:55:08.801963,Recipe_B,ca4e2b3e-360b-4bf9-859c-5118db1a7fff,20,2.0,,,,10.77,7.85,6.3,9.94,7.06,8.99
2025-12-17T03:55:09.801963,Recipe_B,ca4e2b3e-360b-4bf9-859c-5118db1a7fff,20,2.0,,,,8.06,8.48,4.01,10.9,11.6,8.83
2025-12-17T03:55:10.801963,Recipe_B,ca4e2b3e-360b-4bf9-859c-5118db1a7fff,20,2.0,,,,6.72,10.95,9.55,9.79,8.75,12.03
2025-12-17T03:55:11.801963,Recipe_B,ca4e2b3e-360b-4bf9-859c-5118db1a7fff,20,2.0,,,,9.65,13.46,12.96,10.26,8.98,8.4
2025-12-17T03:55:12.801963,Recipe_B,ca4e2b3e-360b-4bf9-859c-5118db1a7fff,20,2.0,,,,10.77,9.47,9.56,10.59,8.56,7.07
2025-12-17T03:55:13.801963,Recipe_B,ca4e2b3e-360b-4bf9-859c-5118db1a7fff,20,2.0,,,,10.29,9.1,10.97,7.14,7.37,9.42
2025-12-17T03:55:14.801963,Recipe_B,ca4e2b3e-360b-4bf9-859c-5118db1a7fff,20,2.0,,,,10.33,8.67,10.6,6.82,10.33,12.6
2025-12-17T03:55:15.801963,Recipe_B,ca4e2b3e-360b-4bf9-859c-5118db1a7fff,20,2.0,,,,7.38,9.93,10.66,14.09,9.62,9.19
2025-12-17T03:55:16.801963,Recipe_B,ca4e2b3e-360b-4bf9-859c-5118db1a7fff,20,2.0,,,,10.65,10.44,10.28,10.75,6.14,10.62
2025-12-17T03:55:17.801963,Recipe_B,ca4e2b3e-360b-4bf9-859c-5118db1a7fff,20,2.0,,,,9.23,13.86,10.28,12.8,10.43,12.3
2025-12-17T03:55:18.801963,Recipe_B,ca4e2b3e-360b-4bf9-859c-5118db1a7fff,20,1.0,,,,10.98,12.7,10.57,10.61,8.46,7.58
2025-12-17T03:55:19.801963,Recipe_B,ca4e2b3e-360b-4bf9-859c-5118db1a7fff,20,1.0,,,,6.18,12.16,11.25,11.27,13.07,10.04
2025-12-17T03:55:20.801963,Recipe_B,ca4e2b3e-360b-4bf9-859c-5118db1a7fff,20,1.0,,,,11.23,12.06,9.92,11.58,11.43,12.15
2025-12-17T03:55:21.801963,Recipe_B,ca4e2b3e-360b-4bf9-859c-5118db1a7fff,20,1.0,,,,7.52,11.68,7.95,10.24,12.23,10.12
2025-12-17T03:55:22.801963,Recipe_B,ca4e2b3e-360b-4bf9-859c-5118db1a7fff,20,1.0,,,,9.88,4.81,10.81,9.19,11.19,9.44
2025-12-17T03:55:23.801963,Recipe_B,ca4e2b3e-360b-4bf9-859c-5118db1a7fff,20,1.0,,,,11.02,11.32,13.65,10.53,10.7,8.4
2025-12-17T03:55:24.801963,Recipe_B,ca4e2b3e-360b-4bf9-859c-5118db1a7fff,20,1.0,,,,11.19,11.87,8.06,9.61,10.47,10.95
2025-12-17T03:55:25.801963,Recipe_B,ca4e2b3e-360b-4bf9-859c-5118db1a7fff,20,1.0,,,,13.13,9.96,9.36,10.66,8.18,9.06
2025-12-17T03:55:26.801963,Recipe_B,ca4e2b3e-360b-4bf9-859c-5118db1a7fff,20,0.0,,,,0.0,0.0,0.0,0.0,0.0,0.0
2025-12-17T03:55:27.801963,Recipe_B,ca4e2b3e-360b-4bf9-859c-5118db1a7fff,20,0.0,,,,0.0,0.0,0.0,0.0,0.0,0.0
2025-12-17T03:55:28.801963,Recipe_B,ca4e2b3e-360b-4bf9-859c-5118db1a7fff,20,0.0,,,,0.0,0.0,0.0,0.0,0.0,0.0
2025-12-17T03:55:29.801963,Recipe_B,ca4e2b3e-360b-4bf9-859c-5118db1a7fff,20,0.0,,,,0.0,0.0,0.0,0.0,0.0,0.0
2025-12-17T03:55:30.801963,Recipe_B,ca4e2b3e-360b-4bf9-859c-5118db1a7fff,20,0.0,,,,0.0,0.0,0.0,0.0,0.0,0.0
2025-12-17T03:55:31.801963,Recipe_B,ca4e2b3e-360b-4bf9-859c-5118db1a7fff,20,0.0,,,,0.0,0.0,0.0,0.0,0.0,0.0
2025-12-17T03:55:32.801963,Recipe_B,ca4e2b3e-360b-4bf9-859c-5118db1a7fff,20,0.0,,,,0.0,0.0,0.0,0.0,0.0,0.0
2025-12-17T03:55:33.801963,Recipe_B,ca4e2b3e-360b-4bf9-859c-5118db1a7fff,20,0.0,,,,0.0,0.0,0.0,0.0,0.0,0.0
2025-12-17T03:55:34.801963,Recipe_B,ca4e2b3e-360b-4bf9-859c-5118db1a7fff,20,0.0,,,,0.0,0.0,0.0,0.0,0.0,0.0
2025-12-17T03:55:35.801963,Recipe_B,ca4e2b3e-360b-4bf9-859c-5118db1a7fff,20,0.0,,,,0.0,0.0,0.0,0.0,0.0,0.0
2025-12-17T03:55:36.801963,Recipe_B,ca4e2b3e-360b-4bf9-859c-5118db1a7fff,20,0.0,,,,0.0,0.0,0.0,0.0,0.0,0.0
2025-12-17T03:55:37.801963,Recipe_B,ca4e2b3e-360b-4bf9-859c-5118db1a7fff,20,0.0,,,,0.0,0.0,0.0,0.0,0.0,0.0
2025-12-17T03:55:38.801963,Recipe_B,ca4e2b3e-360b-4bf9-859c-5118db1a7fff,20,0.0,,,,0.0,0.0,0.0,0.0,0.0,0.0
2025-12-17T03:55:39.801963,Recipe_B,ca4e2b3e-360b-4bf9-859c-5118db1a7fff,20,0.0,,,,0.0,0.0,0.0,0.0,0.0,0.0
2025-12-17T03:55:40.801963,Recipe_B,ca4e2b3e-360b-4bf9-859c-5118db1a7fff,20,0.0,,,,0.0,0.0,0.0,0.0,0.0,0.0
2025-12-17T03:55:41.801963,Recipe_B,ca4e2b3e-360b-4bf9-859c-5118db1a7fff,20,0.0,,,,0.0,0.0,0.0,0.0,0.0,0.0
2025-12-17T03:55:42.801963,Recipe_B,ca4e2b3e-360b-4bf9-859c-5118db1a7fff,20,0.0,,,,0.0,0.0,0.0,0.0,0.0,0.0
2025-12-17T03:55:43.801963,Recipe_B,ca4e2b3e-360b-4bf9-859c-5118db1a7fff,20,0.0,,,,0.0,0.0,0.0,0.0,0.0,0.0
2025-12-17T03:55:44.801963,Recipe_B,ca4e2b3e-360b-4bf9-859c-5118db1a7fff,20,0.0,,,,0.0,0.0,0.0,0.0,0.0,0.0
2025-12-17T03:55:45.801963,Recipe_B,ca4e2b3e-360b-4bf9-859c-5118db1a7fff,20,0.0,,,,0.0,0.0,0.0,0.0,0.0,0.0
2025-12-17T03:55:45.801963,Recipe_B,ca4e2b3e-360b-4bf9-859c-5118db1a7fff,20,0.0,Error_1,Simulated Error occurred,Error,,,,,,
2025-12-17T03:55:46.801963,Recipe_B,ca4e2b3e-360b-4bf9-859c-5118db1a7fff,20,0.0,,,,0.0,0.0,0.0,0.0,0.0,0.0
2025-12-17T03:55:47.801963,Recipe_B,ca4e2b3e-360b-4bf9-859c-5118db1a7fff,20,0.0,,,,0.0,0.0,0.0,0.0,0.0,0.0
2025-12-17T03:55:48.801963,Recipe_B,ca4e2b3e-360b-4bf9-859c-5118db1a7fff,20,0.0,,,,0.0,0.0,0.0,0.0,0.0,0.0
2025-12-17T03:55:49.801963,Recipe_B,ca4e2b3e-360b-4bf9-859c-5118db1a7fff,20,1.0,,,,9.91,8.54,11.88,14.84,10.61,9.55
2025-12-17T03:55:50.801963,Recipe_B,ca4e2b3e-360b-4bf9-859c-5118db1a7fff,20,1.0,,,,8.4,9.11,8.88,9.14,10.06,9.99
2025-12-17T03:55:51.801963,Recipe_B,ca4e2b3e-360b-4bf9-859c-5118db1a7fff,20,1.0,,,,8.13,9.35,9.62,12.29,11.93,13.79
2025-12-17T03:55:52.801963,Recipe_B,ca4e2b3e-360b-4bf9-859c-5118db1a7fff,20,1.0,,,,7.14,6.58,9.68,11.3,6.67,11.93
2025-12-17T03:55:53.801963,Recipe_B,ca4e2b3e-360b-4bf9-859c-5118db1a7fff,20,1.0,,,,7.1,11.29,10.43,9.0,9.35,11.85
2025-12-17T03:55:54.801963,Recipe_B,ca4e2b3e-360b-4bf9-859c-5118db1a7fff,20,1.0,,,,7.07,9.86,10.9,9.62,9.88,8.78
2025-12-17T03:55:54.801963,Recipe_B,ca4e2b3e-360b-4bf9-859c-5118db1a7fff,20,1.0,Warning_10,Simulated Warning occurred,Warning,,,,,,
2025-12-17T03:55:55.801963,Recipe_B,ca4e2b3e-360b-4bf9-859c-5118db1a7fff,20,1.0,,,,10.59,10.25,11.88,11.96,9.21,10.62
2025-12-17T03:55:56.801963,Recipe_B,ca4e2b3e-360b-4bf9-859c-5118db1a7fff,20,1.0,,,,6.96,8.61,9.81,9.46,12.21,9.35
2025-12-17T03:55:57.801963,Recipe_B,ca4e2b3e-360b-4bf9-859c-5118db1a7fff,20,1.0,,,,9.85,11.4,13.83,10.08,9.19,10.41
2025-12-17T03:55:58.801963,Recipe_B,ca4e2b3e-360b-4bf9-859c-5118db1a7fff,20,1.0,,,,10.47,9.47,9.67,11.79,7.77,10.52
2025-12-17T03:55:59.801963,Recipe_B,ca4e2b3e-360b-4bf9-859c-5118db1a7fff,20,1.0,,,,9.48,11.76,11.28,10.08,11.8,10.55
2025-12-17T03:56:00.801963,Recipe_B,ca4e2b3e-360b-4bf9-859c-5118db1a7fff,20,1.0,,,,11.49,8.71,10.13,8.74,9.75,11.73
2025-12-17T03:56:01.801963,Recipe_B,ca4e2b3e-360b-4bf9-859c-5118db1a7fff,20,1.0,,,,12.98,8.26,8.58,9.33,9.36,11.72
2025-12-17T03:56:02.801963,Recipe_B,ca4e2b3e-360b-4bf9-859c-5118db1a7fff,20,1.0,,,,11.44,10.77,9.89,7.96,9.95,10.93
2025-12-17T03:56:03.801963,Recipe_B,ca4e2b3e-360b-4bf9-859c-5118db1a7fff,20,1.0,,,,7.67,8.6,10.6,10.52,7.2,10.86
2025-12-17T03:56:04.801963,Recipe_B,ca4e2b3e-360b-4bf9-859c-5118db1a7fff,20,1.0,,,,7.68,14.13,6.9,10.66,8.53,8.91
2025-12-17T03:56:05.801963,Recipe_B,ca4e2b3e-360b-4bf9-859c-5118db1a7fff,20,1.0,,,,11.29,7.83,10.5,8.04,11.74,11.36
2025-12-17T03:56:06.801963,Recipe_B,ca4e2b3e-360b-4bf9-859c-5118db1a7fff,20,1.0,,,,9.2,13.67,10.75,7.88,12.58,9.48
2025-12-17T03:56:07.801963,Recipe_B,ca4e2b3e-360b-4bf9-859c-5118db1a7fff,20,1.0,,,,13.43,9.6,9.6,10.86,10.13,10.02
2025-12-17T03:56:08.801963,Recipe_B,ca4e2b3e-360b-4bf9-859c-5118db1a7fff,20,1.0,,,,8.22,9.41,11.41,10.95,9.05,10.5
2025-12-17T03:56:09.801963,Recipe_B,ca4e2b3e-360b-4bf9-859c-5118db1a7fff,20,1.0,,,,8.28,9.35,8.38,7.8,10.48,9.13
2025-12-17T03:56:10.801963,Recipe_B,ca4e2b3e-360b-4bf9-859c-5118db1a7fff,20,1.0,,,,10.03,9.65,10.59,13.85,12.8,10.9
2025-12-17T03:56:11.801963,Recipe_B,ca4e2b3e-360b-4bf9-859c-5118db1a7fff,20,1.0,,,,8.06,7.8,9.73,8.71,11.8,10.18
2025-12-17T03:56:12.801963,Recipe_B,ca4e2b3e-360b-4bf9-859c-5118db1a7fff,20,1.0,,,,11.26,10.98,8.33,10.76,11.18,10.86
2025-12-17T03:56:13.801963,Recipe_B,ca4e2b3e-360b-4bf9-859c-5118db1a7fff,20,1.0,,,,8.87,10.16,11.22,8.14,9.86,9.54
2025-12-17T03:56:14.801963,Recipe_B,ca4e2b3e-360b-4bf9-859c-5118db1a7fff,20,1.0,,,,9.0,10.23,11.41,12.01,11.41,8.06
2025-12-17T03:56:15.801963,Recipe_B,ca4e2b3e-360b-4bf9-859c-5118db1a7fff,20,1.0,,,,12.35,9.31,12.56,9.09,11.94,10.64
2025-12-17T03:56:16.801963,Recipe_B,ca4e2b3e-360b-4bf9-859c-5118db1a7fff,20,1.0,,,,8.04,12.49,9.87,9.13,6.43,7.55
2025-12-17T03:56:17.801963,Recipe_B,ca4e2b3e-360b-4bf9-859c-5118db1a7fff,20,1.0,,,,5.34,9.81,6.03,10.33,10.06,7.5
2025-12-17T03:56:18.801963,Recipe_B,ca4e2b3e-360b-4bf9-859c-5118db1a7fff,20,1.0,,,,9.03,9.89,8.28,8.56,10.89,8.27
2025-12-17T03:56:19.801963,Recipe_B,ca4e2b3e-360b-4bf9-859c-5118db1a7fff,20,1.0,,,,11.15,5.67,9.84,11.16,11.08,9.47
2025-12-17T03:56:20.801963,Recipe_B,ca4e2b3e-360b-4bf9-859c-5118db1a7fff,20,1.0,,,,11.47,10.19,8.48,10.26,11.73,10.06
2025-12-17T03:56:21.801963,Recipe_B,ca4e2b3e-360b-4bf9-859c-5118db1a7fff,20,1.0,,,,12.02,6.63,11.93,9.87,12.88,7.46
2025-12-17T03:56:22.801963,Recipe_B,ca4e2b3e-360b-4bf9-859c-5118db1a7fff,20,1.0,,,,10.8,6.81,11.3,7.98,10.72,11.16
2025-12-17T03:56:23.801963,Recipe_B,ca4e2b3e-360b-4bf9-859c-5118db1a7fff,20,1.0,,,,12.41,9.28,11.68,9.36,11.13,10.83
2025-12-17T03:56:24.801963,Recipe_B,ca4e2b3e-360b-4bf9-859c-5118db1a7fff,20,1.0,,,,13.6,11.35,12.73,10.61,11.75,6.82
2025-12-17T03:56:25.801963,Recipe_B,ca4e2b3e-360b-4bf9-859c-5118db1a7fff,20,1.0,,,,9.37,13.07,7.38,9.52,12.16,9.45
2025-12-17T03:56:26.801963,Recipe_B,ca4e2b3e-360b-4bf9-859c-5118db1a7fff,20,1.0,,,,8.68,10.69,10.39,8.85,8.73,9.5
2025-12-17T03:56:27.801963,Recipe_B,ca4e2b3e-360b-4bf9-859c-5118db1a7fff,20,1.0,,,,7.42,9.98,9.88,7.15,7.73,14.44
2025-12-17T03:56:28.801963,Recipe_B,ca4e2b3e-360b-4bf9-859c-5118db1a7fff,20,1.0,,,,10.37,10.95,10.22,10.98,6.69,11.99
2025-12-17T03:56:29.801963,Recipe_B,ca4e2b3e-360b-4bf9-859c-5118db1a7fff,20,1.0,,,,8.04,12.3,7.13,9.33,9.62,10.3
2025-12-17T03:56:30.801963,Recipe_B,ca4e2b3e-360b-4bf9-859c-5118db1a7fff,20,1.0,,,,7.63,11.59,11.77,9.85,14.51,10.05
2025-12-17T03:56:31.801963,Recipe_B,ca4e2b3e-360b-4bf9-859c-5118db1a7fff,20,1.0,,,,10.0,10.41,11.64,12.32,8.1,13.62
2025-12-17T03:56:32.801963,Recipe_B,ca4e2b3e-360b-4bf9-859c-5118db1a7fff,20,1.0,,,,11.14,7.32,10.81,6.92,6.61,11.44
2025-12-17T03:56:33.801963,Recipe_B,ca4e2b3e-360b-4bf9-859c-5118db1a7fff,20,1.0,,,,11.19,7.23,10.19,7.03,7.18,5.92
2025-12-17T03:56:34.801963,Recipe_B,ca4e2b3e-360b-4bf9-859c-5118db1a7fff,20,1.0,,,,12.74,10.81,13.15,7.4,13.2,14.25
2025-12-17T03:56:35.801963,Recipe_B,ca4e2b3e-360b-4bf9-859c-5118db1a7fff,20,1.0,,,,8.76,9.2,6.86,8.9,9.85,9.5
2025-12-17T03:56:36.801963,Recipe_B,ca4e2b3e-360b-4bf9-859c-5118db1a7fff,20,1.0,,,,14.57,11.88,4.54,12.23,7.94,9.58
2025-12-17T03:56:37.801963,Recipe_B,ca4e2b3e-360b-4bf9-859c-5118db1a7fff,20,3.0,,,,9.82,11.63,11.03,9.96,8.38,9.14
2025-12-17T03:56:38.801963,Recipe_B,ca4e2b3e-360b-4bf9-859c-5118db1a7fff,20,3.0,,,,10.34,10.07,9.63,6.67,10.44,12.9
2025-12-17T03:56:39.801963,Recipe_B,ca4e2b3e-360b-4bf9-859c-5118db1a7fff,20,3.0,,,,9.42,7.12,9.78,10.64,9.61,12.87
2025-12-17T03:56:40.801963,Recipe_B,ca4e2b3e-360b-4bf9-859c-5118db1a7fff,20,3.0,,,,7.43,8.52,9.52,7.21,10.99,10.84
2025-12-17T03:56:41.801963,Recipe_B,ca4e2b3e-360b-4bf9-859c-5118db1a7fff,20,3.0,,,,9.93,8.56,9.8,12.33,12.39,8.51
2025-12-17T03:56:42.801963,Recipe_B,ca4e2b3e-360b-4bf9-859c-5118db1a7fff,20,3.0,,,,14.24,6.63,12.57,15.16,9.65,6.42
2025-12-17T03:56:43.801963,Recipe_B,ca4e2b3e-360b-4bf9-859c-5118db1a7fff,20,3.0,,,,11.58,10.99,5.96,8.91,12.22,11.81
2025-12-17T03:56:44.801963,Recipe_B,ca4e2b3e-360b-4bf9-859c-5118db1a7fff,20,3.0,,,,10.83,9.48,7.97,7.64,10.23,10.68
2025-12-17T03:56:44.801963,Recipe_B,ca4e2b3e-360b-4bf9-859c-5118db1a7fff,20,3.0,Warning_4,Simulated Warning occurred,Warning,,,,,,
2025-12-17T03:56:45.801963,Recipe_B,ca4e2b3e-360b-4bf9-859c-5118db1a7fff,20,3.0,,,,9.17,11.58,11.77,8.04,15.32,12.83
2025-12-17T03:56:46.801963,Recipe_B,ca4e2b3e-360b-4bf9-859c-5118db1a7fff,20,3.0,,,,10.21,9.81,8.98,10.37,5.86,8.58
2025-12-17T03:56:47.801963,Recipe_B,ca4e2b3e-360b-4bf9-859c-5118db1a7fff,20,3.0,,,,11.25,10.36,9.13,11.76,8.38,9.09
2025-12-17T03:56:48.801963,Recipe_B,ca4e2b3e-360b-4bf9-859c-5118db1a7fff,20,3.0,,,,12.69,14.37,8.15,9.86,10.88,8.89
2025-12-17T03:56:49.801963,Recipe_B,ca4e2b3e-360b-4bf9-859c-5118db1a7fff,20,3.0,,,,9.13,11.26,11.5,12.13,12.0,7.24
2025-12-17T03:56:50.801963,Recipe_B,ca4e2b3e-360b-4bf9-859c-5118db1a7fff,20,3.0,,,,9.63,9.31,9.26,12.2,8.63,11.94
2025-12-17T03:56:51.801963,Recipe_B,ca4e2b3e-360b-4bf9-859c-5118db1a7fff,20,3.0,,,,14.33,11.2,8.32,10.66,8.8,10.9
2025-12-17T03:56:52.801963,Recipe_B,ca4e2b3e-360b-4bf9-859c-5118db1a7fff,20,3.0,,,,8.22,8.95,10.46,11.92,10.01,11.35
2025-12-17T03:56:53.801963,Recipe_B,ca4e2b3e-360b-4bf9-859c-5118db1a7fff,20,3.0,,,,11.02,13.71,10.15,8.5,10.61,11.38
2025-12-17T03:56:54.801963,Recipe_B,ca4e2b3e-360b-4bf9-859c-5118db1a7fff,20,3.0,,,,7.72,10.39,11.61,11.05,12.33,7.35
2025-12-17T03:56:55.801963,Recipe_B,ca4e2b3e-360b-4bf9-859c-5118db1a7fff,20,1.0,,,,8.67,10.41,11.82,10.61,10.62,7.42
2025-12-17T03:56:56.801963,Recipe_B,ca4e2b3e-360b-4bf9-859c-5118db1a7fff,20,1.0,,,,7.38,11.64,12.85,9.61,5.45,10.0
2025-12-17T03:56:57.801963,Recipe_B,ca4e2b3e-360b-4bf9-859c-5118db1a7fff,20,1.0,,,,8.16,10.71,9.74,5.82,11.43,10.34
2025-12-17T03:56:58.801963,Recipe_B,ca4e2b3e-360b-4bf9-859c-5118db1a7fff,20,1.0,,,,11.01,12.29,11.38,11.07,12.24,13.24
2025-12-17T03:56:59.801963,Recipe_B,ca4e2b3e-360b-4bf9-859c-5118db1a7fff,20,1.0,,,,10.34,12.5,12.05,7.32,9.92,15.21
2025-12-17T03:57:00.801963,Recipe_B,ca4e2b3e-360b-4bf9-859c-5118db1a7fff,20,5.0,,,,9.28,11.91,8.57,10.59,11.6,10.16
2025-12-17T03:57:01.801963,Recipe_B,ca4e2b3e-360b-4bf9-859c-5118db1a7fff,20,5.0,,,,9.92,7.4,9.81,11.15,10.38,4.39
2025-12-17T03:57:02.801963,Recipe_B,ca4e2b3e-360b-4bf9-859c-5118db1a7fff,20,5.0,,,,11.53,12.18,10.64,16.11,10.36,12.49
2025-12-17T03:57:03.801963,Recipe_B,ca4e2b3e-360b-4bf9-859c-5118db1a7fff,20,5.0,,,,12.02,8.47,9.21,8.88,8.6,10.11
2025-12-17T03:57:04.801963,Recipe_B,ca4e2b3e-360b-4bf9-859c-5118db1a7fff,20,5.0,,,,7.69,11.17,9.5,10.35,7.57,12.75
2025-12-17T03:57:05.801963,Recipe_B,ca4e2b3e-360b-4bf9-859c-5118db1a7fff,20,5.0,,,,10.74,8.86,11.4,12.23,10.99,7.44
2025-12-17T03:57:06.801963,Recipe_B,ca4e2b3e-360b-4bf9-859c-5118db1a7fff,20,5.0,,,,8.28,14.35,13.15,7.17,9.4,9.9
2025-12-17T03:57:07.801963,Recipe_B,ca4e2b3e-360b-4bf9-859c-5118db1a7fff,20,5.0,,,,15.5,8.62,11.59,10.0,9.52,10.84
2025-12-17T03:57:08.801963,Recipe_B,ca4e2b3e-360b-4bf9-859c-5118db1a7fff,20,5.0,,,,5.0,10.16,9.97,9.45,12.49,9.72
2025-12-17T03:57:09.801963,Recipe_B,ca4e2b3e-360b-4bf9-859c-5118db1a7fff,20,5.0,,,,8.81,4.51,9.78,11.53,10.44,10.81
2025-12-17T03:57:10.801963,Recipe_B,ca4e2b3e-360b-4bf9-859c-5118db1a7fff,20,5.0,,,,11.61,7.21,12.08,8.63,9.46,9.8
2025-12-17T03:57:11.801963,Recipe_B,ca4e2b3e-360b-4bf9-859c-5118db1a7fff,20,5.0,,,,9.66,9.95,9.33,9.35,9.37,11.17
2025-12-17T03:57:12.801963,Recipe_B,ca4e2b3e-360b-4bf9-859c-5118db1a7fff,20,5.0,,,,10.83,8.11,14.21,9.32,9.34,9.36
2025-12-17T03:57:13.801963,Recipe_B,ca4e2b3e-360b-4bf9-859c-5118db1a7fff,20,5.0,,,,7.98,10.53,8.51,7.59,9.65,11.09
2025-12-17T03:57:14.801963,Recipe_B,ca4e2b3e-360b-4bf9-859c-5118db1a7fff,20,5.0,,,,11.93,11.6,11.74,9.18,10.46,8.2
2025-12-17T03:57:15.801963,Recipe_B,ca4e2b3e-360b-4bf9-859c-5118db1a7fff,20,5.0,,,,8.13,7.75,10.98,11.54,12.07,8.94
2025-12-17T03:57:16.801963,Recipe_B,ca4e2b3e-360b-4bf9-859c-5118db1a7fff,20,5.0,,,,12.45,12.42,11.06,10.45,12.41,13.77
2025-12-17T03:57:17.801963,Recipe_B,ca4e2b3e-360b-4bf9-859c-5118db1a7fff,20,5.0,,,,11.74,6.37,11.28,9.48,9.48,6.86
2025-12-17T03:57:18.801963,Recipe_B,ca4e2b3e-360b-4bf9-859c-5118db1a7fff,20,5.0,,,,10.32,8.18,12.0,9.28,8.97,13.46
2025-12-17T03:57:19.801963,Recipe_B,ca4e2b3e-360b-4bf9-859c-5118db1a7fff,20,5.0,,,,10.79,10.99,8.33,11.47,5.5,11.13
2025-12-17T03:57:20.801963,Recipe_B,ca4e2b3e-360b-4bf9-859c-5118db1a7fff,20,5.0,,,,13.28,10.8,11.02,13.62,12.52,10.73
2025-12-17T03:57:21.801963,Recipe_B,ca4e2b3e-360b-4bf9-859c-5118db1a7fff,20,5.0,,,,6.87,12.87,10.85,9.09,12.35,7.83
2025-12-17T03:57:22.801963,Recipe_B,ca4e2b3e-360b-4bf9-859c-5118db1a7fff,20,5.0,,,,10.72,9.63,15.25,8.12,10.61,8.63
2025-12-17T03:57:23.801963,Recipe_B,ca4e2b3e-360b-4bf9-859c-5118db1a7fff,20,5.0,,,,12.66,9.7,9.97,6.34,9.22,6.94
2025-12-17T03:57:24.801963,Recipe_B,ca4e2b3e-360b-4bf9-859c-5118db1a7fff,20,5.0,,,,10.05,8.53,8.56,11.31,7.34,10.14
2025-12-17T03:57:25.801963,Recipe_B,ca4e2b3e-360b-4bf9-859c-5118db1a7fff,20,5.0,,,,13.55,12.48,7.19,9.95,8.44,11.46
2025-12-17T03:57:26.801963,Recipe_B,ca4e2b3e-360b-4bf9-859c-5118db1a7fff,20,5.0,,,,13.22,9.62,11.5,6.72,6.39,8.25
2025-12-17T03:57:27.801963,Recipe_B,ca4e2b3e-360b-4bf9-859c-5118db1a7fff,20,5.0,,,,8.29,8.09,11.13,9.81,13.5,5.16
2025-12-17T03:57:28.801963,Recipe_B,ca4e2b3e-360b-4bf9-859c-5118db1a7fff,20,5.0,,,,5.79,11.22,9.61,10.31,9.94,8.53
2025-12-17T03:57:29.801963,Recipe_B,ca4e2b3e-360b-4bf9-859c-5118db1a7fff,20,5.0,,,,11.97,7.78,8.0,10.45,10.28,13.1
2025-12-17T03:57:30.801963,Recipe_B,ca4e2b3e-360b-4bf9-859c-5118db1a7fff,20,5.0,,,,8.31,12.91,6.82,9.23,15.0,10.89
2025-12-17T03:57:31.801963,Recipe_B,ca4e2b3e-360b-4bf9-859c-5118db1a7fff,20,5.0,,,,11.49,7.2,10.4,10.95,12.07,10.95
2025-12-17T03:57:32.801963,Recipe_B,ca4e2b3e-360b-4bf9-859c-5118db1a7fff,20,5.0,,,,10.88,10.48,7.75,7.78,17.52,8.66
2025-12-17T03:57:33.801963,Recipe_B,ca4e2b3e-360b-4bf9-859c-5118db1a7fff,20,5.0,,,,9.26,10.8,10.99,9.85,11.39,11.72
2025-12-17T03:57:34.801963,Recipe_B,ca4e2b3e-360b-4bf9-859c-5118db1a7fff,20,5.0,,,,8.94,11.27,9.43,7.67,8.46,10.08
2025-12-17T03:57:35.801963,Recipe_B,ca4e2b3e-360b-4bf9-859c-5118db1a7fff,20,5.0,,,,9.19,8.39,14.01,10.99,8.31,9.78
2025-12-17T03:57:36.801963,Recipe_B,ca4e2b3e-360b-4bf9-859c-5118db1a7fff,20,5.0,,,,13.42,10.43,10.08,7.83,8.63,9.05
2025-12-17T03:57:37.801963,Recipe_B,ca4e2b3e-360b-4bf9-859c-5118db1a7fff,20,5.0,,,,10.33,11.65,8.32,7.74,10.4,11.1
2025-12-17T03:57:38.801963,Recipe_B,ca4e2b3e-360b-4bf9-859c-5118db1a7fff,20,5.0,,,,8.94,7.48,10.83,11.42,10.45,9.56
2025-12-17T03:57:39.801963,Recipe_B,ca4e2b3e-360b-4bf9-859c-5118db1a7fff,20,5.0,,,,9.46,11.19,9.17,11.12,10.41,13.14
2025-12-17T03:57:40.801963,Recipe_B,ca4e2b3e-360b-4bf9-859c-5118db1a7fff,20,5.0,,,,12.07,10.16,9.52,10.69,11.15,6.84
2025-12-17T03:57:41.801963,Recipe_B,ca4e2b3e-360b-4bf9-859c-5118db1a7fff,20,5.0,,,,9.62,10.58,10.66,13.68,7.7,9.98
2025-12-17T03:57:42.801963,Recipe_B,ca4e2b3e-360b-4bf9-859c-5118db1a7fff,20,5.0,,,,9.09,9.66,7.65,9.45,10.49,10.86
2025-12-17T03:57:43.801963,Recipe_B,ca4e2b3e-360b-4bf9-859c-5118db1a7fff,20,5.0,,,,6.87,13.75,6.71,10.11,10.97,14.24
2025-12-17T03:57:44.801963,Recipe_B,ca4e2b3e-360b-4bf9-859c-5118db1a7fff,20,5.0,,,,8.96,9.79,6.61,10.79,11.5,10.04
2025-12-17T03:57:45.801963,Recipe_B,ca4e2b3e-360b-4bf9-859c-5118db1a7fff,20,5.0,,,,8.4,9.7,5.7,10.15,11.92,11.45
2025-12-17T03:57:46.801963,Recipe_B,ca4e2b3e-360b-4bf9-859c-5118db1a7fff,20,5.0,,,,11.68,8.38,7.9,10.45,11.93,11.69
2025-12-17T03:57:47.801963,Recipe_B,ca4e2b3e-360b-4bf9-859c-5118db1a7fff,20,5.0,,,,11.21,7.69,9.96,7.1,11.12,9.64
2025-12-17T03:57:48.801963,Recipe_B,ca4e2b3e-360b-4bf9-859c-5118db1a7fff,20,5.0,,,,12.69,9.13,9.99,9.1,5.37,9.85
2025-12-17T03:57:49.801963,Recipe_B,ca4e2b3e-360b-4bf9-859c-5118db1a7fff,20,5.0,,,,10.17,9.79,11.26,8.13,7.65,8.97
2025-12-17T03:57:50.801963,Recipe_B,ca4e2b3e-360b-4bf9-859c-5118db1a7fff,20,5.0,,,,10.24,9.65,11.01,10.21,8.28,6.72
2025-12-17T03:57:51.801963,Recipe_B,ca4e2b3e-360b-4bf9-859c-5118db1a7fff,20,5.0,,,,9.16,8.78,7.83,10.71,8.68,8.41
2025-12-17T03:57:52.801963,Recipe_B,ca4e2b3e-360b-4bf9-859c-5118db1a7fff,20,5.0,,,,9.42,11.53,11.23,7.69,11.5,10.8
2025-12-17T03:57:53.801963,Recipe_B,ca4e2b3e-360b-4bf9-859c-5118db1a7fff,20,5.0,,,,10.69,12.93,9.22,6.52,11.22,11.9
2025-12-17T03:57:54.801963,Recipe_B,ca4e2b3e-360b-4bf9-859c-5118db1a7fff,20,5.0,,,,9.55,13.06,10.81,13.51,10.76,10.26
2025-12-17T03:57:55.801963,Recipe_B,ca4e2b3e-360b-4bf9-859c-5118db1a7fff,20,5.0,,,,7.54,11.45,8.57,12.32,14.46,12.04
2025-12-17T03:57:56.801963,Recipe_B,ca4e2b3e-360b-4bf9-859c-5118db1a7fff,20,5.0,,,,8.97,9.42,5.51,10.29,8.71,7.77
2025-12-17T03:57:57.801963,Recipe_B,ca4e2b3e-360b-4bf9-859c-5118db1a7fff,20,5.0,,,,8.01,11.08,8.4,9.65,10.85,7.73
2025-12-17T03:57:58.801963,Recipe_B,ca4e2b3e-360b-4bf9-859c-5118db1a7fff,20,5.0,,,,7.38,11.47,8.99,10.55,7.35,9.7
2025-12-17T03:57:59.801963,Recipe_B,ca4e2b3e-360b-4bf9-859c-5118db1a7fff,20,5.0,,,,9.38,15.43,9.51,4.87,8.67,9.23
2025-12-17T03:58:00.801963,Recipe_B,ca4e2b3e-360b-4bf9-859c-5118db1a7fff,20,5.0,,,,9.26,10.13,6.97,9.81,11.65,11.7
2025-12-17T03:58:01.801963,Recipe_B,ca4e2b3e-360b-4bf9-859c-5118db1a7fff,20,5.0,,,,10.74,9.06,6.53,7.85,8.64,10.22
2025-12-17T03:58:02.801963,Recipe_B,ca4e2b3e-360b-4bf9-859c-5118db1a7fff,20,5.0,,,,10.83,5.61,10.6,10.14,10.05,10.6
2025-12-17T03:58:03.801963,Recipe_B,ca4e2b3e-360b-4bf9-859c-5118db1a7fff,20,5.0,,,,12.37,9.17,10.7,10.9,11.31,13.36
2025-12-17T03:58:04.801963,Recipe_B,ca4e2b3e-360b-4bf9-859c-5118db1a7fff,20,5.0,,,,6.09,12.4,8.95,8.17,9.19,6.3
2025-12-17T03:58:05.801963,Recipe_B,ca4e2b3e-360b-4bf9-859c-5118db1a7fff,20,5.0,,,,10.83,10.33,10.09,10.99,8.23,11.61
2025-12-17T03:58:06.801963,Recipe_B,ca4e2b3e-360b-4bf9-859c-5118db1a7fff,20,5.0,,,,14.01,9.04,7.39,9.41,8.13,10.18
2025-12-17T03:58:07.801963,Recipe_B,ca4e2b3e-360b-4bf9-859c-5118db1a7fff,20,5.0,,,,9.09,10.47,10.33,7.4,9.4,15.15
2025-12-17T03:58:08.801963,Recipe_B,ca4e2b3e-360b-4bf9-859c-5118db1a7fff,20,5.0,,,,9.4,11.62,10.06,9.73,7.58,12.56
2025-12-17T03:58:09.801963,Recipe_B,ca4e2b3e-360b-4bf9-859c-5118db1a7fff,20,5.0,,,,12.95,8.86,12.45,12.19,9.46,10.17
2025-12-17T03:58:10.801963,Recipe_B,ca4e2b3e-360b-4bf9-859c-5118db1a7fff,20,5.0,,,,11.01,8.97,9.02,10.31,11.14,11.1
2025-12-17T03:58:11.801963,Recipe_B,ca4e2b3e-360b-4bf9-859c-5118db1a7fff,20,5.0,,,,8.51,11.53,6.76,12.12,7.46,9.22
2025-12-17T03:58:12.801963,Recipe_B,ca4e2b3e-360b-4bf9-859c-5118db1a7fff,20,5.0,,,,8.01,11.21,5.22,10.86,11.2,9.53
2025-12-17T03:58:13.801963,Recipe_B,ca4e2b3e-360b-4bf9-859c-5118db1a7fff,20,5.0,,,,11.87,11.52,4.81,8.65,9.43,7.93
2025-12-17T03:58:14.801963,Recipe_B,ca4e2b3e-360b-4bf9-859c-5118db1a7fff,20,5.0,,,,7.83,14.63,7.98,14.51,8.14,12.17
2025-12-17T03:58:15.801963,Recipe_B,ca4e2b3e-360b-4bf9-859c-5118db1a7fff,20,5.0,,,,8.18,7.19,5.86,9.73,11.25,9.07
2025-12-17T03:58:16.801963,Recipe_B,ca4e2b3e-360b-4bf9-859c-5118db1a7fff,20,5.0,,,,13.32,13.49,12.11,4.78,12.88,8.59
2025-12-17T03:58:17.801963,Recipe_B,ca4e2b3e-360b-4bf9-859c-5118db1a7fff,20,5.0,,,,10.09,11.8,12.85,6.97,11.85,8.97
2025-12-17T03:58:18.801963,Recipe_B,ca4e2b3e-360b-4bf9-859c-5118db1a7fff,20,5.0,,,,11.02,11.71,9.83,10.95,11.0,7.93
2025-12-17T03:58:19.801963,Recipe_B,ca4e2b3e-360b-4bf9-859c-5118db1a7fff,20,2.0,,,,7.34,9.88,6.76,8.0,8.87,11.69
2025-12-17T03:58:20.801963,Recipe_B,ca4e2b3e-360b-4bf9-859c-5118db1a7fff,20,2.0,,,,8.72,12.49,10.13,11.65,8.97,10.32
2025-12-17T03:58:21.801963,Recipe_B,ca4e2b3e-360b-4bf9-859c-5118db1a7fff,20,2.0,,,,6.94,11.0,10.58,11.08,13.1,10.87
2025-12-17T03:58:22.801963,Recipe_B,ca4e2b3e-360b-4bf9-859c-5118db1a7fff,20,2.0,,,,10.65,9.65,11.29,8.46,7.08,12.59
2025-12-17T03:58:23.801963,Recipe_B,ca4e2b3e-360b-4bf9-859c-5118db1a7fff,20,2.0,,,,11.83,15.03,12.62,8.52,9.37,4.59
2025-12-17T03:58:24.801963,Recipe_B,ca4e2b3e-360b-4bf9-859c-5118db1a7fff,20,2.0,,,,7.52,9.13,10.82,8.81,8.54,11.43
2025-12-17T03:58:25.801963,Recipe_B,ca4e2b3e-360b-4bf9-859c-5118db1a7fff,20,2.0,,,,9.09,11.08,9.82,10.0,7.07,9.72
2025-12-17T03:58:26.801963,Recipe_B,ca4e2b3e-360b-4bf9-859c-5118db1a7fff,20,2.0,,,,7.73,9.7,9.0,12.8,9.33,9.63
2025-12-17T03:58:27.801963,Recipe_B,ca4e2b3e-360b-4bf9-859c-5118db1a7fff,20,2.0,,,,7.67,11.62,9.19,11.25,8.87,7.18
2025-12-17T03:58:28.801963,Recipe_B,ca4e2b3e-360b-4bf9-859c-5118db1a7fff,20,2.0,,,,8.1,14.44,12.27,11.49,10.14,11.68
2025-12-17T03:58:29.801963,Recipe_B,ca4e2b3e-360b-4bf9-859c-5118db1a7fff,20,2.0,,,,7.54,9.18,8.37,8.47,7.14,10.88
2025-12-17T03:58:30.801963,Recipe_B,ca4e2b3e-360b-4bf9-859c-5118db1a7fff,20,2.0,,,,7.82,8.41,7.53,10.62,8.5,12.38
2025-12-17T03:58:31.801963,Recipe_B,ca4e2b3e-360b-4bf9-859c-5118db1a7fff,20,2.0,,,,12.66,10.47,13.08,9.84,10.49,10.67
2025-12-17T03:58:32.801963,Recipe_B,ca4e2b3e-360b-4bf9-859c-5118db1a7fff,20,2.0,,,,9.15,10.55,14.02,12.6,10.4,6.52
2025-12-17T03:58:33.801963,Recipe_B,ca4e2b3e-360b-4bf9-859c-5118db1a7fff,20,2.0,,,,9.29,9.58,10.91,11.64,8.65,13.62
2025-12-17T03:58:34.801963,Recipe_B,ca4e2b3e-360b-4bf9-859c-5118db1a7fff,20,2.0,,,,7.01,8.37,8.3,6.88,9.15,9.19
2025-12-17T03:58:35.801963,Recipe_B,ca4e2b3e-360b-4bf9-859c-5118db1a7fff,20,2.0,,,,10.13,8.43,7.34,10.46,7.5,10.09
2025-12-17T03:58:36.801963,Recipe_B,ca4e2b3e-360b-4bf9-859c-5118db1a7fff,20,2.0,,,,7.2,10.95,9.01,8.44,9.79,10.31
2025-12-17T03:58:37.801963,Recipe_B,ca4e2b3e-360b-4bf9-859c-5118db1a7fff,20,2.0,,,,10.32,8.28,10.73,10.52,11.63,10.22
2025-12-17T03:58:38.801963,Recipe_B,ca4e2b3e-360b-4bf9-859c-5118db1a7fff,20,2.0,,,,10.79,9.27,7.82,11.36,10.5,9.15
2025-12-17T03:58:39.801963,Recipe_B,ca4e2b3e-360b-4bf9-859c-5118db1a7fff,20,2.0,,,,7.1,8.74,8.98,9.87,12.9,11.09
2025-12-17T03:58:40.801963,Recipe_B,ca4e2b3e-360b-4bf9-859c-5118db1a7fff,20,2.0,,,,7.73,9.72,8.42,10.1,11.98,5.9
2025-12-17T03:58:41.801963,Recipe_B,ca4e2b3e-360b-4bf9-859c-5118db1a7fff,20,2.0,,,,7.95,7.5,7.12,10.46,8.71,8.61
2025-12-17T03:58:42.801963,Recipe_B,ca4e2b3e-360b-4bf9-859c-5118db1a7fff,20,2.0,,,,9.58,12.67,10.57,11.07,7.62,6.63
2025-12-17T03:58:43.801963,Recipe_B,ca4e2b3e-360b-4bf9-859c-5118db1a7fff,20,2.0,,,,9.83,10.52,9.76,10.81,13.56,9.73
2025-12-17T03:58:43.801963,Recipe_B,ca4e2b3e-360b-4bf9-859c-5118db1a7fff,20,2.0,Warning_6,Simulated Warning occurred,Warning,,,,,,
2025-12-17T03:58:44.801963,Recipe_B,ca4e2b3e-360b-4bf9-859c-5118db1a7fff,20,2.0,,,,12.04,12.75,11.88,9.16,7.2,9.68
2025-12-17T03:58:45.801963,Recipe_B,ca4e2b3e-360b-4bf9-859c-5118db1a7fff,20,2.0,,,,10.98,12.5,9.02,10.98,12.37,10.91
2025-12-17T03:58:46.801963,Recipe_B,ca4e2b3e-360b-4bf9-859c-5118db1a7fff,20,2.0,,,,7.5,13.41,10.07,12.54,10.37,13.03
2025-12-17T03:58:47.801963,Recipe_B,ca4e2b3e-360b-4bf9-859c-5118db1a7fff,20,2.0,,,,11.35,13.66,11.12,9.01,11.15,6.76
2025-12-17T03:58:48.801963,Recipe_B,ca4e2b3e-360b-4bf9-859c-5118db1a7fff,20,2.0,,,,13.48,7.0,11.68,8.53,8.49,13.38
2025-12-17T03:58:49.801963,Recipe_B,ca4e2b3e-360b-4bf9-859c-5118db1a7fff,20,2.0,,,,9.66,10.02,10.27,8.18,8.24,15.89
2025-12-17T03:58:50.801963,Recipe_B,ca4e2b3e-360b-4bf9-859c-5118db1a7fff,20,2.0,,,,8.7,7.54,12.59,10.04,9.99,6.75
2025-12-17T03:58:51.801963,Recipe_B,ca4e2b3e-360b-4bf9-859c-5118db1a7fff,20,2.0,,,,12.68,8.99,9.42,9.05,8.86,10.34
2025-12-17T03:58:52.801963,Recipe_B,ca4e2b3e-360b-4bf9-859c-5118db1a7fff,20,2.0,,,,13.93,9.61,6.98,6.25,10.5,13.74
2025-12-17T03:58:53.801963,Recipe_B,ca4e2b3e-360b-4bf9-859c-5118db1a7fff,20,2.0,,,,12.92,9.8,10.19,10.52,12.83,11.81
2025-12-17T03:58:54.801963,Recipe_B,ca4e2b3e-360b-4bf9-859c-5118db1a7fff,20,2.0,,,,13.13,7.09,9.49,7.34,8.51,8.37
2025-12-17T03:58:55.801963,Recipe_B,ca4e2b3e-360b-4bf9-859c-5118db1a7fff,20,2.0,,,,12.48,9.37,9.16,8.94,12.31,11.37
2025-12-17T03:58:56.801963,Recipe_B,ca4e2b3e-360b-4bf9-859c-5118db1a7fff,20,2.0,,,,12.17,10.03,8.84,7.63,4.83,7.74
2025-12-17T03:58:57.801963,Recipe_B,ca4e2b3e-360b-4bf9-859c-5118db1a7fff,20,2.0,,,,10.36,11.87,8.28,10.2,8.31,10.79
2025-12-17T03:58:58.801963,Recipe_B,ca4e2b3e-360b-4bf9-859c-5118db1a7fff,20,2.0,,,,10.05,10.91,6.06,9.43,9.27,7.03
2025-12-17T03:58:59.801963,Recipe_B,ca4e2b3e-360b-4bf9-859c-5118db1a7fff,20,2.0,,,,9.95,6.26,10.17,10.3,10.23,10.81
2025-12-17T03:59:00.801963,Recipe_B,ca4e2b3e-360b-4bf9-859c-5118db1a7fff,20,0.0,,,,0.0,0.0,0.0,0.0,0.0,0.0
2025-12-17T03:59:01.801963,Recipe_B,ca4e2b3e-360b-4bf9-859c-5118db1a7fff,20,0.0,,,,0.0,0.0,0.0,0.0,0.0,0.0
2025-12-17T03:59:02.801963,Recipe_B,ca4e2b3e-360b-4bf9-859c-5118db1a7fff,20,0.0,,,,0.0,0.0,0.0,0.0,0.0,0.0
2025-12-17T03:59:03.801963,Recipe_B,ca4e2b3e-360b-4bf9-859c-5118db1a7fff,20,0.0,,,,0.0,0.0,0.0,0.0,0.0,0.0
2025-12-17T03:59:04.801963,Recipe_B,ca4e2b3e-360b-4bf9-859c-5118db1a7fff,20,0.0,,,,0.0,0.0,0.0,0.0,0.0,0.0
2025-12-17T03:59:05.801963,Recipe_B,ca4e2b3e-360b-4bf9-859c-5118db1a7fff,20,0.0,,,,0.0,0.0,0.0,0.0,0.0,0.0
2025-12-17T03:59:06.801963,Recipe_B,ca4e2b3e-360b-4bf9-859c-5118db1a7fff,20,0.0,,,,0.0,0.0,0.0,0.0,0.0,0.0
2025-12-17T03:59:07.801963,Recipe_B,ca4e2b3e-360b-4bf9-859c-5118db1a7fff,20,0.0,,,,0.0,0.0,0.0,0.0,0.0,0.0
2025-12-17T03:59:08.801963,Recipe_B,ca4e2b3e-360b-4bf9-859c-5118db1a7fff,20,0.0,,,,0.0,0.0,0.0,0.0,0.0,0.0
2025-12-17T03:59:09.801963,Recipe_B,ca4e2b3e-360b-4bf9-859c-5118db1a7fff,20,0.0,,,,0.0,0.0,0.0,0.0,0.0,0.0
2025-12-17T03:59:10.801963,Recipe_B,ca4e2b3e-360b-4bf9-859c-5118db1a7fff,20,0.0,,,,0.0,0.0,0.0,0.0,0.0,0.0
2025-12-17T03:59:11.801963,Recipe_B,ca4e2b3e-360b-4bf9-859c-5118db1a7fff,20,0.0,,,,0.0,0.0,0.0,0.0,0.0,0.0
2025-12-17T03:59:12.801963,Recipe_B,ca4e2b3e-360b-4bf9-859c-5118db1a7fff,20,0.0,,,,0.0,0.0,0.0,0.0,0.0,0.0
2025-12-17T03:59:13.801963,Recipe_B,ca4e2b3e-360b-4bf9-859c-5118db1a7fff,20,0.0,,,,0.0,0.0,0.0,0.0,0.0,0.0
2025-12-17T03:59:14.801963,Recipe_B,ca4e2b3e-360b-4bf9-859c-5118db1a7fff,20,0.0,,,,0.0,0.0,0.0,0.0,0.0,0.0
2025-12-17T03:59:15.801963,Recipe_B,ca4e2b3e-360b-4bf9-859c-5118db1a7fff,20,0.0,,,,0.0,0.0,0.0,0.0,0.0,0.0
2025-12-17T03:59:16.801963,Recipe_B,ca4e2b3e-360b-4bf9-859c-5118db1a7fff,20,0.0,,,,0.0,0.0,0.0,0.0,0.0,0.0
2025-12-17T03:59:17.801963,Recipe_B,ca4e2b3e-360b-4bf9-859c-5118db1a7fff,20,0.0,,,,0.0,0.0,0.0,0.0,0.0,0.0
2025-12-17T03:59:18.801963,Recipe_B,ca4e2b3e-360b-4bf9-859c-5118db1a7fff,20,0.0,,,,0.0,0.0,0.0,0.0,0.0,0.0
2025-12-17T03:59:19.801963,Recipe_B,ca4e2b3e-360b-4bf9-859c-5118db1a7fff,20,0.0,,,,0.0,0.0,0.0,0.0,0.0,0.0
2025-12-17T03:59:20.801963,Recipe_B,ca4e2b3e-360b-4bf9-859c-5118db1a7fff,20,0.0,,,,0.0,0.0,0.0,0.0,0.0,0.0
2025-12-17T03:59:21.801963,Recipe_B,ca4e2b3e-360b-4bf9-859c-5118db1a7fff,20,0.0,,,,0.0,0.0,0.0,0.0,0.0,0.0
2025-12-17T03:59:22.801963,Recipe_B,ca4e2b3e-360b-4bf9-859c-5118db1a7fff,20,0.0,,,,0.0,0.0,0.0,0.0,0.0,0.0
2025-12-17T03:59:23.801963,Recipe_B,ca4e2b3e-360b-4bf9-859c-5118db1a7fff,20,0.0,,,,0.0,0.0,0.0,0.0,0.0,0.0
2025-12-17T03:59:24.801963,Recipe_B,ca4e2b3e-360b-4bf9-859c-5118db1a7fff,20,0.0,,,,0.0,0.0,0.0,0.0,0.0,0.0
2025-12-17T03:59:25.801963,Recipe_B,ca4e2b3e-360b-4bf9-859c-5118db1a7fff,20,5.0,,,,8.6,10.1,11.62,9.77,9.06,10.06
2025-12-17T03:59:26.801963,Recipe_B,ca4e2b3e-360b-4bf9-859c-5118db1a7fff,20,5.0,,,,8.96,10.93,10.58,9.88,9.66,9.72
2025-12-17T03:59:27.801963,Recipe_B,ca4e2b3e-360b-4bf9-859c-5118db1a7fff,20,5.0,,,,11.62,10.53,8.49,10.02,6.65,7.39
2025-12-17T03:59:28.801963,Recipe_B,ca4e2b3e-360b-4bf9-859c-5118db1a7fff,20,1.0,,,,10.98,11.77,11.82,9.27,11.07,10.38
2025-12-17T03:59:29.801963,Recipe_B,ca4e2b3e-360b-4bf9-859c-5118db1a7fff,20,1.0,,,,9.94,10.84,10.92,8.57,12.95,11.15
2025-12-17T03:59:30.801963,Recipe_B,ca4e2b3e-360b-4bf9-859c-5118db1a7fff,20,2.0,,,,9.62,12.41,10.13,9.83,12.52,9.67
2025-12-17T03:59:31.801963,Recipe_B,ca4e2b3e-360b-4bf9-859c-5118db1a7fff,20,2.0,,,,11.64,7.2,7.19,8.0,9.69,10.68
2025-12-17T03:59:32.801963,Recipe_B,ca4e2b3e-360b-4bf9-859c-5118db1a7fff,20,2.0,,,,11.67,9.53,10.84,10.88,7.25,11.87
2025-12-17T03:59:33.801963,Recipe_B,ca4e2b3e-360b-4bf9-859c-5118db1a7fff,20,2.0,,,,7.27,11.07,10.18,9.21,10.68,10.02
2025-12-17T03:59:34.801963,Recipe_B,ca4e2b3e-360b-4bf9-859c-5118db1a7fff,20,2.0,,,,9.03,11.3,12.38,9.35,9.46,4.96
2025-12-17T03:59:35.801963,Recipe_B,ca4e2b3e-360b-4bf9-859c-5118db1a7fff,20,2.0,,,,12.75,10.11,5.26,7.3,9.29,7.96
2025-12-17T03:59:36.801963,Recipe_B,ca4e2b3e-360b-4bf9-859c-5118db1a7fff,20,2.0,,,,12.97,9.27,8.14,14.9,12.94,13.84
2025-12-17T03:59:37.801963,Recipe_B,ca4e2b3e-360b-4bf9-859c-5118db1a7fff,20,2.0,,,,11.91,9.02,5.56,9.89,10.36,10.56
2025-12-17T03:59:38.801963,Recipe_B,ca4e2b3e-360b-4bf9-859c-5118db1a7fff,20,2.0,,,,10.65,11.15,9.25,10.65,10.13,8.39
2025-12-17T03:59:39.801963,Recipe_B,ca4e2b3e-360b-4bf9-859c-5118db1a7fff,20,2.0,,,,11.11,8.45,9.9,9.9,7.63,11.12
2025-12-17T03:59:40.801963,Recipe_B,ca4e2b3e-360b-4bf9-859c-5118db1a7fff,20,2.0,,,,9.28,10.03,10.67,11.69,12.67,7.97
2025-12-17T03:59:41.801963,Recipe_B,ca4e2b3e-360b-4bf9-859c-5118db1a7fff,20,2.0,,,,10.24,13.27,8.2,10.33,9.9,6.94
2025-12-17T03:59:42.801963,Recipe_B,ca4e2b3e-360b-4bf9-859c-5118db1a7fff,20,2.0,,,,10.11,6.62,6.43,7.02,9.45,9.05
2025-12-17T03:59:43.801963,Recipe_B,ca4e2b3e-360b-4bf9-859c-5118db1a7fff,20,0.0,,,,0.0,0.0,0.0,0.0,0.0,0.0
2025-12-17T03:59:44.801963,Recipe_B,ca4e2b3e-360b-4bf9-859c-5118db1a7fff,20,0.0,,,,0.0,0.0,0.0,0.0,0.0,0.0
2025-12-17T03:59:45.801963,Recipe_B,ca4e2b3e-360b-4bf9-859c-5118db1a7fff,20,0.0,,,,0.0,0.0,0.0,0.0,0.0,0.0
2025-12-17T03:59:46.801963,Recipe_B,ca4e2b3e-360b-4bf9-859c-5118db1a7fff,20,0.0,,,,0.0,0.0,0.0,0.0,0.0,0.0
2025-12-17T03:59:47.801963,Recipe_B,ca4e2b3e-360b-4bf9-859c-5118db1a7fff,20,0.0,,,,0.0,0.0,0.0,0.0,0.0,0.0
2025-12-17T03:59:48.801963,Recipe_B,ca4e2b3e-360b-4bf9-859c-5118db1a7fff,20,0.0,,,,0.0,0.0,0.0,0.0,0.0,0.0
2025-12-17T03:59:49.801963,Recipe_B,ca4e2b3e-360b-4bf9-859c-5118db1a7fff,20,0.0,,,,0.0,0.0,0.0,0.0,0.0,0.0
2025-12-17T03:59:50.801963,Recipe_B,ca4e2b3e-360b-4bf9-859c-5118db1a7fff,20,0.0,,,,0.0,0.0,0.0,0.0,0.0,0.0
2025-12-17T03:59:51.801963,Recipe_B,ca4e2b3e-360b-4bf9-859c-5118db1a7fff,20,0.0,,,,0.0,0.0,0.0,0.0,0.0,0.0
2025-12-17T03:59:52.801963,Recipe_B,ca4e2b3e-360b-4bf9-859c-5118db1a7fff,20,0.0,,,,0.0,0.0,0.0,0.0,0.0,0.0
2025-12-17T03:59:53.801963,Recipe_B,ca4e2b3e-360b-4bf9-859c-5118db1a7fff,20,0.0,,,,0.0,0.0,0.0,0.0,0.0,0.0
2025-12-17T03:59:54.801963,Recipe_B,ca4e2b3e-360b-4bf9-859c-5118db1a7fff,20,0.0,,,,0.0,0.0,0.0,0.0,0.0,0.0
2025-12-17T03:59:55.801963,Recipe_B,ca4e2b3e-360b-4bf9-859c-5118db1a7fff,20,0.0,,,,0.0,0.0,0.0,0.0,0.0,0.0
2025-12-17T03:59:56.801963,Recipe_B,ca4e2b3e-360b-4bf9-859c-5118db1a7fff,20,0.0,,,,0.0,0.0,0.0,0.0,0.0,0.0
2025-12-17T03:59:56.801963,Recipe_B,ca4e2b3e-360b-4bf9-859c-5118db1a7fff,20,0.0,Error_8,Simulated Error occurred,Error,,,,,,
2025-12-17T03:59:57.801963,Recipe_B,ca4e2b3e-360b-4bf9-859c-5118db1a7fff,20,0.0,,,,0.0,0.0,0.0,0.0,0.0,0.0
2025-12-17T03:59:58.801963,Recipe_B,ca4e2b3e-360b-4bf9-859c-5118db1a7fff,20,0.0,,,,0.0,0.0,0.0,0.0,0.0,0.0
2025-12-17T03:59:59.801963,Recipe_B,ca4e2b3e-360b-4bf9-859c-5118db1a7fff,20,0.0,,,,0.0,0.0,0.0,0.0,0.0,0.0
2025-12-17T04:00:00.801963,Recipe_B,ca4e2b3e-360b-4bf9-859c-5118db1a7fff,20,0.0,,,,0.0,0.0,0.0,0.0,0.0,0.0
2025-12-17T04:00:01.801963,Recipe_B,ca4e2b3e-360b-4bf9-859c-5118db1a7fff,20,5.0,,,,9.41,11.2,8.45,10.89,8.44,11.58
2025-12-17T04:00:01.801963,Recipe_B,ca4e2b3e-360b-4bf9-859c-5118db1a7fff,20,5.0,Warning_8,Simulated Warning occurred,Warning,,,,,,
2025-12-17T04:00:02.801963,Recipe_B,ca4e2b3e-360b-4bf9-859c-5118db1a7fff,20,5.0,,,,9.98,8.85,10.46,9.49,9.31,7.27
2025-12-17T04:00:03.801963,Recipe_B,ca4e2b3e-360b-4bf9-859c-5118db1a7fff,20,5.0,,,,10.79,6.51,8.7,14.13,11.15,7.74
2025-12-17T04:00:04.801963,Recipe_B,ca4e2b3e-360b-4bf9-859c-5118db1a7fff,20,5.0,,,,8.47,9.48,13.01,9.79,9.55,12.19
2025-12-17T04:00:05.801963,Recipe_B,ca4e2b3e-360b-4bf9-859c-5118db1a7fff,20,5.0,,,,6.9,7.41,11.48,7.01,11.99,8.49
2025-12-17T04:00:06.801963,Recipe_B,ca4e2b3e-360b-4bf9-859c-5118db1a7fff,20,5.0,,,,10.29,5.65,11.83,10.71,10.41,11.88
2025-12-17T04:00:07.801963,Recipe_B,ca4e2b3e-360b-4bf9-859c-5118db1a7fff,20,5.0,,,,6.3,11.78,11.12,9.79,10.33,8.81
2025-12-17T04:00:08.801963,Recipe_B,ca4e2b3e-360b-4bf9-859c-5118db1a7fff,20,5.0,,,,12.49,9.77,8.19,9.7,13.12,11.6
2025-12-17T04:00:09.801963,Recipe_B,ca4e2b3e-360b-4bf9-859c-5118db1a7fff,20,5.0,,,,10.64,11.57,6.37,11.23,9.73,9.42
2025-12-17T04:00:10.801963,Recipe_B,ca4e2b3e-360b-4bf9-859c-5118db1a7fff,20,5.0,,,,12.57,8.89,9.17,9.27,6.94,8.28
2025-12-17T04:00:11.801963,Recipe_B,ca4e2b3e-360b-4bf9-859c-5118db1a7fff,20,5.0,,,,8.81,8.62,11.46,6.51,7.67,9.52
2025-12-17T04:00:12.801963,Recipe_B,ca4e2b3e-360b-4bf9-859c-5118db1a7fff,20,5.0,,,,10.85,11.18,9.57,7.89,8.47,7.19
2025-12-17T04:00:13.801963,Recipe_B,ca4e2b3e-360b-4bf9-859c-5118db1a7fff,20,5.0,,,,12.33,7.15,8.1,10.6,10.17,7.47
2025-12-17T04:00:14.801963,Recipe_B,ca4e2b3e-360b-4bf9-859c-5118db1a7fff,20,5.0,,,,7.03,9.91,11.17,9.46,10.5,15.28
2025-12-17T04:00:15.801963,Recipe_B,ca4e2b3e-360b-4bf9-859c-5118db1a7fff,20,5.0,,,,12.27,9.47,8.33,11.37,6.36,7.51
2025-12-17T04:00:16.801963,Recipe_B,ca4e2b3e-360b-4bf9-859c-5118db1a7fff,20,5.0,,,,16.95,7.63,11.8,11.42,11.13,12.38
2025-12-17T04:00:17.801963,Recipe_B,ca4e2b3e-360b-4bf9-859c-5118db1a7fff,20,5.0,,,,10.43,10.87,8.61,7.91,9.37,9.47
2025-12-17T04:00:18.801963,Recipe_B,ca4e2b3e-360b-4bf9-859c-5118db1a7fff,20,5.0,,,,12.26,7.89,11.42,11.36,9.27,8.27
2025-12-17T04:00:19.801963,Recipe_B,ca4e2b3e-360b-4bf9-859c-5118db1a7fff,20,5.0,,,,10.15,12.12,10.95,10.28,9.26,11.98
2025-12-17T04:00:20.801963,Recipe_B,ca4e2b3e-360b-4bf9-859c-5118db1a7fff,20,5.0,,,,15.57,10.28,12.44,9.34,9.34,7.62
2025-12-17T04:00:21.801963,Recipe_B,ca4e2b3e-360b-4bf9-859c-5118db1a7fff,20,5.0,,,,10.9,12.75,13.46,9.42,11.13,9.91
2025-12-17T04:00:22.801963,Recipe_B,ca4e2b3e-360b-4bf9-859c-5118db1a7fff,20,5.0,,,,14.44,12.88,14.23,11.44,11.27,9.27
2025-12-17T04:00:23.801963,Recipe_B,ca4e2b3e-360b-4bf9-859c-5118db1a7fff,20,5.0,,,,5.35,7.43,9.07,8.84,10.51,11.9
2025-12-17T04:00:24.801963,Recipe_B,ca4e2b3e-360b-4bf9-859c-5118db1a7fff,20,5.0,,,,8.98,10.42,6.76,10.31,7.43,9.55
2025-12-17T04:00:25.801963,Recipe_B,ca4e2b3e-360b-4bf9-859c-5118db1a7fff,20,5.0,,,,12.24,7.27,5.56,7.23,9.89,10.51
2025-12-17T04:00:26.801963,Recipe_B,ca4e2b3e-360b-4bf9-859c-5118db1a7fff,20,5.0,,,,10.42,8.02,9.24,12.56,7.07,6.95
2025-12-17T04:00:27.801963,Recipe_B,ca4e2b3e-360b-4bf9-859c-5118db1a7fff,20,5.0,,,,11.48,13.04,10.4,11.62,9.1,11.27
2025-12-17T04:00:28.801963,Recipe_B,ca4e2b3e-360b-4bf9-859c-5118db1a7fff,20,0.0,,,,0.0,0.0,0.0,0.0,0.0,0.0
2025-12-17T04:00:29.801963,Recipe_B,ca4e2b3e-360b-4bf9-859c-5118db1a7fff,20,0.0,,,,0.0,0.0,0.0,0.0,0.0,0.0
2025-12-17T04:00:30.801963,Recipe_B,ca4e2b3e-360b-4bf9-859c-5118db1a7fff,20,0.0,,,,0.0,0.0,0.0,0.0,0.0,0.0
2025-12-17T04:00:31.801963,Recipe_B,ca4e2b3e-360b-4bf9-859c-5118db1a7fff,20,0.0,,,,0.0,0.0,0.0,0.0,0.0,0.0
2025-12-17T04:00:32.801963,Recipe_B,ca4e2b3e-360b-4bf9-859c-5118db1a7fff,20,0.0,,,,0.0,0.0,0.0,0.0,0.0,0.0
2025-12-17T04:00:33.801963,Recipe_B,ca4e2b3e-360b-4bf9-859c-5118db1a7fff,20,0.0,,,,0.0,0.0,0.0,0.0,0.0,0.0
2025-12-17T04:00:34.801963,Recipe_B,ca4e2b3e-360b-4bf9-859c-5118db1a7fff,20,0.0,,,,0.0,0.0,0.0,0.0,0.0,0.0
2025-12-17T04:00:35.801963,Recipe_B,ca4e2b3e-360b-4bf9-859c-5118db1a7fff,20,0.0,,,,0.0,0.0,0.0,0.0,0.0,0.0
2025-12-17T04:00:36.801963,Recipe_B,ca4e2b3e-360b-4bf9-859c-5118db1a7fff,20,0.0,,,,0.0,0.0,0.0,0.0,0.0,0.0
2025-12-17T04:00:37.801963,Recipe_B,ca4e2b3e-360b-4bf9-859c-5118db1a7fff,20,0.0,,,,0.0,0.0,0.0,0.0,0.0,0.0
2025-12-17T04:00:38.801963,Recipe_B,ca4e2b3e-360b-4bf9-859c-5118db1a7fff,20,1.0,,,,10.16,11.19,12.07,11.52,10.45,11.89
2025-12-17T04:00:39.801963,Recipe_B,ca4e2b3e-360b-4bf9-859c-5118db1a7fff,20,1.0,,,,11.03,5.55,10.85,8.01,9.85,9.43
2025-12-17T04:00:40.801963,Recipe_B,ca4e2b3e-360b-4bf9-859c-5118db1a7fff,20,1.0,,,,7.0,10.36,11.06,8.38,12.9,8.46
2025-12-17T04:00:41.801963,Recipe_B,ca4e2b3e-360b-4bf9-859c-5118db1a7fff,20,1.0,,,,11.9,8.2,9.91,6.92,7.14,11.79
2025-12-17T04:00:42.801963,Recipe_B,ca4e2b3e-360b-4bf9-859c-5118db1a7fff,20,1.0,,,,11.76,6.28,9.52,11.64,10.55,12.65
2025-12-17T04:00:43.801963,Recipe_B,ca4e2b3e-360b-4bf9-859c-5118db1a7fff,20,1.0,,,,4.96,7.7,7.73,11.5,9.88,10.19
2025-12-17T04:00:44.801963,Recipe_B,ca4e2b3e-360b-4bf9-859c-5118db1a7fff,20,1.0,,,,9.46,10.13,12.27,10.75,9.35,11.5
2025-12-17T04:00:45.801963,Recipe_B,ca4e2b3e-360b-4bf9-859c-5118db1a7fff,20,5.0,,,,11.8,12.88,11.11,9.05,7.74,8.58
2025-12-17T04:00:46.801963,Recipe_B,ca4e2b3e-360b-4bf9-859c-5118db1a7fff,20,5.0,,,,6.83,10.41,8.79,8.91,10.7,8.8
2025-12-17T04:00:47.801963,Recipe_B,ca4e2b3e-360b-4bf9-859c-5118db1a7fff,20,5.0,,,,10.51,10.14,10.77,9.8,8.53,11.4
2025-12-17T04:00:48.801963,Recipe_B,ca4e2b3e-360b-4bf9-859c-5118db1a7fff,20,5.0,,,,12.11,6.3,12.37,11.66,7.8,7.97
2025-12-17T04:00:49.801963,Recipe_B,ca4e2b3e-360b-4bf9-859c-5118db1a7fff,20,5.0,,,,8.92,9.33,11.98,9.91,6.64,8.29
2025-12-17T04:00:50.801963,Recipe_B,ca4e2b3e-360b-4bf9-859c-5118db1a7fff,20,5.0,,,,6.04,9.73,5.42,7.21,9.26,6.9
2025-12-17T04:00:51.801963,Recipe_B,ca4e2b3e-360b-4bf9-859c-5118db1a7fff,20,5.0,,,,10.88,13.57,11.73,10.56,6.54,8.33
2025-12-17T04:00:52.801963,Recipe_B,ca4e2b3e-360b-4bf9-859c-5118db1a7fff,20,5.0,,,,6.0,8.05,9.43,10.13,12.94,11.71
2025-12-17T04:00:53.801963,Recipe_B,ca4e2b3e-360b-4bf9-859c-5118db1a7fff,20,5.0,,,,12.62,9.29,10.51,10.25,8.51,10.34
2025-12-17T04:00:54.801963,Recipe_B,ca4e2b3e-360b-4bf9-859c-5118db1a7fff,20,5.0,,,,14.1,6.03,12.65,13.33,12.19,13.37
2025-12-17T04:00:55.801963,Recipe_B,ca4e2b3e-360b-4bf9-859c-5118db1a7fff,20,5.0,,,,9.0,11.1,11.81,9.44,6.99,13.01
2025-12-17T04:00:56.801963,Recipe_B,ca4e2b3e-360b-4bf9-859c-5118db1a7fff,20,5.0,,,,9.19,10.48,11.02,6.91,9.42,10.87
2025-12-17T04:00:57.801963,Recipe_B,ca4e2b3e-360b-4bf9-859c-5118db1a7fff,20,5.0,,,,9.3,12.38,10.4,12.86,8.12,10.65
2025-12-17T04:00:58.801963,Recipe_B,ca4e2b3e-360b-4bf9-859c-5118db1a7fff,20,5.0,,,,5.06,12.64,14.2,13.99,8.43,11.56
2025-12-17T04:00:59.801963,Recipe_B,ca4e2b3e-360b-4bf9-859c-5118db1a7fff,20,5.0,,,,6.44,9.25,12.48,7.39,9.14,11.95
2025-12-17T04:01:00.801963,Recipe_B,ca4e2b3e-360b-4bf9-859c-5118db1a7fff,20,5.0,,,,11.65,10.82,12.76,12.19,13.81,10.34
2025-12-17T04:01:01.801963,Recipe_B,ca4e2b3e-360b-4bf9-859c-5118db1a7fff,20,5.0,,,,9.37,10.08,11.38,9.2,10.55,10.47
2025-12-17T04:01:02.801963,Recipe_B,ca4e2b3e-360b-4bf9-859c-5118db1a7fff,20,5.0,,,,9.84,5.24,7.92,11.84,10.1,11.28
2025-12-17T04:01:03.801963,Recipe_B,ca4e2b3e-360b-4bf9-859c-5118db1a7fff,20,5.0,,,,7.24,10.08,11.46,8.53,13.89,9.85
2025-12-17T04:01:04.801963,Recipe_B,ca4e2b3e-360b-4bf9-859c-5118db1a7fff,20,5.0,,,,10.79,11.03,9.42,10.76,8.24,8.92
2025-12-17T04:01:05.801963,Recipe_B,ca4e2b3e-360b-4bf9-859c-5118db1a7fff,20,5.0,,,,12.36,9.12,10.32,13.45,6.53,10.9
2025-12-17T04:01:06.801963,Recipe_B,ca4e2b3e-360b-4bf9-859c-5118db1a7fff,20,5.0,,,,10.63,9.78,9.02,9.59,10.61,8.48
2025-12-17T04:01:07.801963,Recipe_B,ca4e2b3e-360b-4bf9-859c-5118db1a7fff,20,5.0,,,,8.38,8.43,9.42,12.27,12.89,8.17
2025-12-17T04:01:08.801963,Recipe_B,ca4e2b3e-360b-4bf9-859c-5118db1a7fff,20,5.0,,,,11.46,6.29,11.63,9.88,12.58,6.68
2025-12-17T04:01:09.801963,Recipe_B,ca4e2b3e-360b-4bf9-859c-5118db1a7fff,20,5.0,,,,10.99,8.72,8.08,9.95,10.95,9.05
2025-12-17T04:01:10.801963,Recipe_B,ca4e2b3e-360b-4bf9-859c-5118db1a7fff,20,5.0,,,,8.01,10.33,11.48,5.54,12.83,7.63
2025-12-17T04:01:11.801963,Recipe_B,ca4e2b3e-360b-4bf9-859c-5118db1a7fff,20,5.0,,,,10.83,9.96,11.58,6.9,7.54,8.18
2025-12-17T04:01:12.801963,Recipe_B,ca4e2b3e-360b-4bf9-859c-5118db1a7fff,20,5.0,,,,12.76,9.19,12.25,7.39,9.88,6.95
2025-12-17T04:01:13.801963,Recipe_B,ca4e2b3e-360b-4bf9-859c-5118db1a7fff,20,5.0,,,,13.12,7.65,13.3,11.05,11.31,10.15
2025-12-17T04:01:14.801963,Recipe_B,ca4e2b3e-360b-4bf9-859c-5118db1a7fff,20,5.0,,,,10.51,12.25,6.89,12.01,12.98,9.37
2025-12-17T04:01:15.801963,Recipe_B,ca4e2b3e-360b-4bf9-859c-5118db1a7fff,20,5.0,,,,9.31,8.27,13.06,7.39,10.58,6.84
2025-12-17T04:01:16.801963,Recipe_B,ca4e2b3e-360b-4bf9-859c-5118db1a7fff,20,5.0,,,,7.74,9.43,10.22,8.45,7.7,8.07
2025-12-17T04:01:17.801963,Recipe_B,ca4e2b3e-360b-4bf9-859c-5118db1a7fff,20,5.0,,,,10.68,11.8,12.38,9.67,8.22,10.43
2025-12-17T04:01:18.801963,Recipe_B,ca4e2b3e-360b-4bf9-859c-5118db1a7fff,20,5.0,,,,11.08,8.14,9.54,9.36,10.75,11.26
2025-12-17T04:01:19.801963,Recipe_B,ca4e2b3e-360b-4bf9-859c-5118db1a7fff,20,5.0,,,,12.31,11.59,9.49,13.39,7.72,8.92
2025-12-17T04:01:20.801963,Recipe_B,ca4e2b3e-360b-4bf9-859c-5118db1a7fff,20,5.0,,,,9.4,9.6,11.49,9.43,6.36,11.29
2025-12-17T04:01:21.801963,Recipe_B,ca4e2b3e-360b-4bf9-859c-5118db1a7fff,20,3.0,,,,8.07,9.7,10.64,6.18,8.97,9.86
2025-12-17T04:01:22.801963,Recipe_B,ca4e2b3e-360b-4bf9-859c-5118db1a7fff,20,3.0,,,,13.27,8.27,9.73,9.51,9.69,9.85
2025-12-17T04:01:23.801963,Recipe_B,ca4e2b3e-360b-4bf9-859c-5118db1a7fff,20,3.0,,,,11.16,9.75,8.67,10.91,9.61,6.9
2025-12-17T04:01:24.801963,Recipe_B,ca4e2b3e-360b-4bf9-859c-5118db1a7fff,20,3.0,,,,11.54,12.0,7.22,6.08,9.3,9.69
2025-12-17T04:01:25.801963,Recipe_B,ca4e2b3e-360b-4bf9-859c-5118db1a7fff,20,3.0,,,,10.45,13.26,10.93,10.6,8.82,8.26
2025-12-17T04:01:26.801963,Recipe_B,ca4e2b3e-360b-4bf9-859c-5118db1a7fff,20,3.0,,,,11.47,12.63,7.03,8.97,11.98,8.31
2025-12-17T04:01:27.801963,Recipe_B,ca4e2b3e-360b-4bf9-859c-5118db1a7fff,20,3.0,,,,10.76,11.73,8.29,9.17,9.35,12.62
2025-12-17T04:01:28.801963,Recipe_B,ca4e2b3e-360b-4bf9-859c-5118db1a7fff,20,3.0,,,,10.3,17.15,10.08,10.76,9.18,9.5
2025-12-17T04:01:29.801963,Recipe_B,ca4e2b3e-360b-4bf9-859c-5118db1a7fff,20,3.0,,,,5.68,5.57,9.19,5.85,9.96,11.95
2025-12-17T04:01:30.801963,Recipe_B,ca4e2b3e-360b-4bf9-859c-5118db1a7fff,20,3.0,,,,16.27,10.39,6.36,13.27,12.79,10.5
2025-12-17T04:01:31.801963,Recipe_B,ca4e2b3e-360b-4bf9-859c-5118db1a7fff,20,3.0,,,,7.39,7.38,7.93,8.49,8.81,12.08
2025-12-17T04:01:32.801963,Recipe_B,ca4e2b3e-360b-4bf9-859c-5118db1a7fff,20,4.0,,,,102.04,52.85,52.61,52.1,47.53,49.21
2025-12-17T04:01:33.801963,Recipe_B,ca4e2b3e-360b-4bf9-859c-5118db1a7fff,20,4.0,,,,95.18,48.25,47.92,44.6,57.52,60.69
2025-12-17T04:01:34.801963,Recipe_B,ca4e2b3e-360b-4bf9-859c-5118db1a7fff,20,4.0,,,,100.43,45.03,56.26,45.95,46.62,52.31
2025-12-17T04:01:35.801963,Recipe_B,ca4e2b3e-360b-4bf9-859c-5118db1a7fff,20,4.0,,,,104.74,62.67,50.9,55.11,51.43,47.66
2025-12-17T04:01:36.801963,Recipe_B,ca4e2b3e-360b-4bf9-859c-5118db1a7fff,20,4.0,,,,100.68,42.04,50.29,51.22,43.21,59.17
2025-12-17T04:01:37.801963,Recipe_B,ca4e2b3e-360b-4bf9-859c-5118db1a7fff,20,4.0,,,,105.6,49.75,43.94,44.32,45.68,47.55
2025-12-17T04:01:38.801963,Recipe_B,ca4e2b3e-360b-4bf9-859c-5118db1a7fff,20,4.0,,,,96.74,45.71,48.93,54.93,53.83,52.08
2025-12-17T04:01:39.801963,Recipe_B,ca4e2b3e-360b-4bf9-859c-5118db1a7fff,20,4.0,,,,93.47,47.17,53.19,54.5,57.78,42.09
2025-12-17T04:01:40.801963,Recipe_B,ca4e2b3e-360b-4bf9-859c-5118db1a7fff,20,4.0,,,,103.43,47.2,45.77,51.9,54.93,52.58
2025-12-17T04:01:41.801963,Recipe_B,ca4e2b3e-360b-4bf9-859c-5118db1a7fff,20,4.0,,,,88.79,53.34,49.28,55.94,52.38,44.64
2025-12-17T04:01:42.801963,Recipe_B,ca4e2b3e-360b-4bf9-859c-5118db1a7fff,20,4.0,,,,101.18,41.93,50.06,48.04,52.76,52.64
2025-12-17T04:01:43.801963,Recipe_B,ca4e2b3e-360b-4bf9-859c-5118db1a7fff,20,4.0,,,,98.52,44.94,50.76,49.18,47.33,43.39
2025-12-17T04:01:44.801963,Recipe_B,ca4e2b3e-360b-4bf9-859c-5118db1a7fff,20,4.0,,,,89.06,45.74,48.87,48.23,56.15,51.97
2025-12-17T04:01:45.801963,Recipe_B,ca4e2b3e-360b-4bf9-859c-5118db1a7fff,20,4.0,,,,98.04,52.07,48.82,41.64,45.88,49.93
2025-12-17T04:01:46.801963,Recipe_B,ca4e2b3e-360b-4bf9-859c-5118db1a7fff,20,4.0,,,,107.31,44.51,42.71,40.77,59.94,48.23
2025-12-17T04:01:47.801963,Recipe_B,ca4e2b3e-360b-4bf9-859c-5118db1a7fff,20,4.0,,,,104.96,39.17,46.37,49.64,53.25,46.2
2025-12-17T04:01:48.801963,Recipe_B,ca4e2b3e-360b-4bf9-859c-5118db1a7fff,20,2.0,,,,8.07,9.76,12.49,11.76,10.99,8.0
2025-12-17T04:01:49.801963,Recipe_B,ca4e2b3e-360b-4bf9-859c-5118db1a7fff,20,2.0,,,,8.81,11.55,11.93,9.7,9.28,10.85
2025-12-17T04:01:50.801963,Recipe_B,ca4e2b3e-360b-4bf9-859c-5118db1a7fff,20,4.0,,,,100.52,55.0,42.84,54.47,53.88,37.15
2025-12-17T04:01:51.801963,Recipe_B,ca4e2b3e-360b-4bf9-859c-5118db1a7fff,20,4.0,,,,99.79,50.93,56.37,57.3,57.12,48.7
2025-12-17T04:01:52.801963,Recipe_B,ca4e2b3e-360b-4bf9-859c-5118db1a7fff,20,4.0,,,,95.68,49.94,58.87,50.73,46.8,51.91
2025-12-17T04:01:53.801963,Recipe_B,ca4e2b3e-360b-4bf9-859c-5118db1a7fff,20,4.0,,,,105.84,44.91,51.99,41.58,48.87,55.85
